Running main ytmusic library task
Pandas Version: 3.0.6
YTMusic Version: 1.12.2
Date: 09-27-2026
Using header file: B:\Projects\_Projects_Synced\music-library\ytmusic\browser.json
 Browser Authentication (cookies). Skipping OAuth client init.
Fetching and backing up playlists to:
  B:\Projects\_Projects_Synced\music-library\ytmusic\playlists
(skips unchanged, up to ~10 min)
[1/511] Liked Music
                                                                  0
owned                                                         False
id                                                               LM
privacy                                                      PUBLIC
description       Only the music you like in YouTube Music will ...
views                                                          None
duration                                                   6+ hours
trackCount                                                    20000
title                                                   Liked Music
author            {'name': 'Jake G', 'id': 'UCDvJYHQoKPhpF-sGFUM...
year                                                           2026
related                                                          []
duration_seconds                                            1333463
playlistId                                                       LM
Sleeping 0.7 seconds.
------------------------------------------------------------------------------------------
[2/511] (~337.1m) zz not like 0
                                                                  0
owned                                                          True
id                               PLWptjpDqazOzXVGZ4OcnjuyhfAyiCkLWP
privacy                                                     PRIVATE
description               Matched local tsv playlist: zz not like 3
views                                                          None
duration                                                   6+ hours
trackCount                                                     3000
title                                                 zz not like 0
author            {'name': 'Jake G', 'id': 'UCDvJYHQoKPhpF-sGFUM...
year                                                           2026
related                                                          []
duration_seconds                                             729476
Removing 5 tracks:
2911                                            São Paulo
2922                                         RALLY FUNKED
2976                                         Autumn Again
2979                                         salvia plath
2989    I'm Tired & I Hate This Song (Don't Go) [Lyric...
Name: title, dtype: str
Sleeping 0.7 seconds.
------------------------------------------------------------------------------------------
[3/511] (~248.1m) indie twang
                                                                  0
owned                                                          True
id                                                    PLDsdY14asSrM
privacy                                                     PRIVATE
description       Favorite tracks from indie twang radio [09-26-...
views                                                          None
duration                                         1 hour, 20 minutes
trackCount                                                       20
title                                                   indie twang
author            {'name': 'Jake G', 'id': 'UCDvJYHQoKPhpF-sGFUM...
year                                                           2026
related                                                          []
duration_seconds                                               4803
Sleeping 0.5 seconds.
------------------------------------------------------------------------------------------
[4/511] (~167.6m) shoegaze music i hump my pillow to
                                                                  0
owned                                                          True
id                                                    PLfKe1El8sz_8
privacy                                                     PRIVATE
description       Favorite tracks from shoegaze music i hump my ...
views                                                          None
duration                                        2 hours, 58 minutes
trackCount                                                       47
title                            shoegaze music i hump my pillow to
author            {'name': 'Jake G', 'id': 'UCDvJYHQoKPhpF-sGFUM...
year                                                           2026
related                                                          []
duration_seconds                                              10703
Sleeping 0.5 seconds.
------------------------------------------------------------------------------------------
[5/511] (~127.0m) indie twang radio
                                                                  0
owned                                                          True
id                                                    PLNsR703Yc7pI
privacy                                                     PRIVATE
description       generated sorting by lastfm playcount for indi...
views                                                          None
duration                                         1 hour, 12 minutes
trackCount                                                       21
title                                             indie twang radio
author            {'name': 'Jake G', 'id': 'UCDvJYHQoKPhpF-sGFUM...
year                                                           2026
related                                                          []
duration_seconds                                               4370
Sleeping 0.4 seconds.
------------------------------------------------------------------------------------------
[6/511] (~102.9m) electronic House Special radio
                                                                  0
owned                                                          True
id                                                    PLaXZoPC5soNo
privacy                                                     PRIVATE
description       generated sorting by lastfm playcount for elec...
views                                                          None
duration                                                   5+ hours
trackCount                                                      328
title                                electronic House Special radio
author            {'name': 'Jake G', 'id': 'UCDvJYHQoKPhpF-sGFUM...
year                                                           2026
related                                                          []
duration_seconds                                              65699
Removing 2 tracks:
3          Easy Rider
4    Just Like Before
Name: title, dtype: str
Sleeping 0.6 seconds.
------------------------------------------------------------------------------------------
[7/511] (~89.2m) xr chillwave radio
                                                                  0
owned                                                          True
id                                                    PLc_aDDSUWmxA
privacy                                                     PRIVATE
description       generated sorting by lastfm playcount for xr c...
views                                                          None
duration                                                   7+ hours
trackCount                                                      667
title                                            xr chillwave radio
author            {'name': 'Jake G', 'id': 'UCDvJYHQoKPhpF-sGFUM...
year                                                           2026
related                                                          []
duration_seconds                                             179917
Sleeping 0.4 seconds.
------------------------------------------------------------------------------------------
[8/511] (~80.3m) xr chillwave
                                                                  0
owned                                                          True
id                               PLWptjpDqazOxbNvaT6XpFErXsFQZ4JCF6
privacy                                                      PUBLIC
description          favorites compiled from reddit sub r/chillwave
views                                                          None
duration                                                  25+ hours
trackCount                                                      384
title                                                  xr chillwave
author            {'name': 'Jake G', 'id': 'UCDvJYHQoKPhpF-sGFUM...
year                                                           2026
related                                                          []
duration_seconds                                              90680
Sleeping 0.3 seconds.
------------------------------------------------------------------------------------------
[9/511] (~72.2m) electronic House Special
                                                                  0
owned                                                          True
id                               PLWptjpDqazOwWaywV9uTtUPp4WoaxhByf
privacy                                                      PUBLIC
description       generated from House Special includes LIKE subset
views                                                             1
duration                                                  24+ hours
trackCount                                                      281
title                                      electronic House Special
author            {'name': 'Jake G', 'id': 'UCDvJYHQoKPhpF-sGFUM...
year                                                           2026
related                                                          []
duration_seconds                                              87032
Sleeping 0.7 seconds.
------------------------------------------------------------------------------------------
[10/511] (~65.8m) indie
                                                                  0
owned                                                          True
id                               PLWptjpDqazOzPbRAeZPDeMIS0s8Zh0phK
privacy                                                      PUBLIC
description       generated sorting by lastfm playcount for indi...
views                                                          None
duration                                                  78+ hours
trackCount                                                     1180
title                                                         indie
author            {'name': 'Jake G', 'id': 'UCDvJYHQoKPhpF-sGFUM...
year                                                           2026
related                                                          []
duration_seconds                                             284083
Sleeping 0.6 seconds.
------------------------------------------------------------------------------------------
[11/511] (~64.1m) indie folk
Skipping API fetch: indie folk matches local TSV count (326 tracks)
[12/511] (~58.1m) folk acoustic
Skipping API fetch: folk acoustic matches local TSV count (239 tracks)
[13/511] (~53.2m) nudisco
Skipping API fetch: nudisco matches local TSV count (685 tracks)
[14/511] (~49.0m) future beats
                                                                  0
owned                                                          True
id                               PLWptjpDqazOzGd-Mg61nE0VYG8xmWDkRe
privacy                                                      PUBLIC
description       Favorite tracks from future beats 2 radio [01-...
views                                                          None
duration                                                  90+ hours
trackCount                                                     1364
title                                                  future beats
author            {'name': 'Jake G', 'id': 'UCDvJYHQoKPhpF-sGFUM...
year                                                           2026
related                                                          []
duration_seconds                                             338558
Sleeping 0.4 seconds.
------------------------------------------------------------------------------------------
[15/511] (~50.7m) electronic Focus
Skipping API fetch: electronic Focus matches local TSV count (204 tracks)
[16/511] (~47.3m) indie banger
Skipping API fetch: indie banger matches local TSV count (45 tracks)
[17/511] (~44.2m) xr neopsychedelia
Skipping API fetch: xr neopsychedelia matches local TSV count (165 tracks)
[18/511] (~41.5m) botanica
Skipping API fetch: botanica matches local TSV count (26 tracks)
[19/511] (~39.2m) Folk
Skipping API fetch: Folk matches local TSV count (622 tracks)
[20/511] (~37.0m) folk 1960s
Skipping API fetch: folk 1960s matches local TSV count (190 tracks)
[21/511] (~35.1m) xr trapmuzik
Skipping API fetch: xr trapmuzik matches local TSV count (193 tracks)
[22/511] (~33.4m) xr Elephant6
Skipping API fetch: xr Elephant6 matches local TSV count (136 tracks)
[23/511] (~31.8m) jazz guitar
Skipping API fetch: jazz guitar matches local TSV count (175 tracks)
[24/511] (~30.3m) rock pop 66-69
Skipping API fetch: rock pop 66-69 matches local TSV count (237 tracks)
[25/511] (~29.0m) rock classic
                                                                  0
owned                                                          True
id                               PLWptjpDqazOz7LNhVuP_kJlPQl39zA_Qk
privacy                                                      PUBLIC
description       generated sorting by lastfm playcount for rock...
views                                                            80
duration                                                 107+ hours
trackCount                                                     1513
title                                                  rock classic
author            {'name': 'Jake G', 'id': 'UCDvJYHQoKPhpF-sGFUM...
year                                                           2026
related                                                          []
duration_seconds                                             387241
Sleeping 0.7 seconds.
------------------------------------------------------------------------------------------
[26/511] (~30.3m) jazz reading
Skipping API fetch: jazz reading matches local TSV count (9 tracks)
[27/511] (~29.1m) xr VintageObscura
Skipping API fetch: xr VintageObscura matches local TSV count (265 tracks)
[28/511] (~28.0m) electronic Underjord
Skipping API fetch: electronic Underjord matches local TSV count (284 tracks)
[29/511] (~26.9m) zz not like 2
                                                                  0
owned                                                          True
id                               PLWptjpDqazOwrksGupWCshkk8NjhYng6j
privacy                                                     PRIVATE
description       Matched local tsv playlist: 3495 tracks from z...
views                                                          None
duration                                                   7+ hours
trackCount                                                     5000
title                                                 zz not like 2
author            {'name': 'Jake G', 'id': 'UCDvJYHQoKPhpF-sGFUM...
year                                                           2026
related                                                          []
duration_seconds                                            1196085
Sleeping 0.3 seconds.
------------------------------------------------------------------------------------------
[30/511] (~36.5m) zz not like 1
                                                                  0
owned                                                          True
id                               PLWptjpDqazOzObLohDWnVTTDrgG87MDwD
privacy                                                     PRIVATE
description                     tracks manually choosen as not like
views                                                          None
duration                                                   6+ hours
trackCount                                                     4998
title                                                 zz not like 1
author            {'name': 'Jake G', 'id': 'UCDvJYHQoKPhpF-sGFUM...
year                                                           2026
related                                                          []
duration_seconds                                            1132523
Sleeping 0.3 seconds.
------------------------------------------------------------------------------------------
[31/511] (~45.4m) xr deepcuts
Skipping API fetch: xr deepcuts matches local TSV count (136 tracks)
[32/511] (~43.9m) y 2020s early top
                                                                  0
owned                                                          True
id                               PLWptjpDqazOytrDlkve8jcZxLYxTpQGxZ
privacy                                                     PRIVATE
description       Matched local tsv playlist: 1418 tracks from y...
views                                                          None
duration                                                   7+ hours
trackCount                                                     1423
title                                             y 2020s early top
author            {'name': 'Jake G', 'id': 'UCDvJYHQoKPhpF-sGFUM...
year                                                           2026
related                                                          []
duration_seconds                                             363357
Sleeping 0.6 seconds.
------------------------------------------------------------------------------------------
[33/511] (~44.3m) y 1940s and older top
Skipping API fetch: y 1940s and older top matches local TSV count (113 tracks)
[34/511] (~42.8m) xr 90sMusic
Skipping API fetch: xr 90sMusic matches local TSV count (245 tracks)
[35/511] (~41.5m) xr 70sMusic
Skipping API fetch: xr 70sMusic matches local TSV count (941 tracks)
[36/511] (~40.2m) xr 60sMusic
                                                                  0
owned                                                          True
id                               PLWptjpDqazOzTAvihnt0PZpLX-bj0JJh2
privacy                                                      PUBLIC
description           favorites compiled from reddit sub r/60sMusic
views                                                           249
duration                                                  47+ hours
trackCount                                                      779
title                                                   xr 60sMusic
author            {'name': 'Jake G', 'id': 'UCDvJYHQoKPhpF-sGFUM...
year                                                           2026
related                                                          []
duration_seconds                                             171082
Sleeping 0.3 seconds.
------------------------------------------------------------------------------------------
[37/511] (~39.8m) xr 50sMusic
Skipping API fetch: xr 50sMusic matches local TSV count (616 tracks)
[38/511] (~38.6m) xr 2010smusic
Skipping API fetch: xr 2010smusic matches local TSV count (267 tracks)
[39/511] (~37.5m) xr 2000smusic
Skipping API fetch: xr 2000smusic matches local TSV count (256 tracks)
[40/511] (~36.5m) y 2010s late top
                                                                  0
owned                                                          True
id                               PLWptjpDqazOxjJ4QUcmtUvzfuKtO0OQz8
privacy                                                      PUBLIC
description       Top MusicBee tracks for 2010s late (updated 10...
views                                                          None
duration                                                 271+ hours
trackCount                                                     4051
title                                              y 2010s late top
author            {'name': 'Jake G', 'id': 'UCDvJYHQoKPhpF-sGFUM...
year                                                           2026
related                                                          []
duration_seconds                                             977107
Sleeping 0.6 seconds.
------------------------------------------------------------------------------------------
[41/511] (~40.8m) y 2010s early top
                                                                  0
owned                                                          True
id                               PLWptjpDqazOzXOCUzwde2LNXexv420cUP
privacy                                                      PUBLIC
description       Top MusicBee tracks for 2010s early (updated 1...
views                                                          None
duration                                                 308+ hours
trackCount                                                     4567
title                                             y 2010s early top
author            {'name': 'Jake G', 'id': 'UCDvJYHQoKPhpF-sGFUM...
year                                                           2026
related                                                          []
duration_seconds                                            1108891
Sleeping 0.7 seconds.
------------------------------------------------------------------------------------------
[42/511] (~45.6m) y 2000s early top
                                                                  0
owned                                                          True
id                               PLWptjpDqazOzwkbKwMod9R48YgWBUobg_
privacy                                                      PUBLIC
description       Top MusicBee tracks for 2000s early (updated 1...
views                                                          None
duration                                                 112+ hours
trackCount                                                     1575
title                                             y 2000s early top
author            {'name': 'Jake G', 'id': 'UCDvJYHQoKPhpF-sGFUM...
year                                                           2026
related                                                          []
duration_seconds                                             404229
Sleeping 0.4 seconds.
------------------------------------------------------------------------------------------
[43/511] (~45.8m) y 1990s late top
                                                                  0
owned                                                          True
id                               PLWptjpDqazOw8sBgs1L6_cb_iGfcTFpSX
privacy                                                      PUBLIC
description       Top MusicBee tracks for 1990s late (updated 10...
views                                                          None
duration                                                  95+ hours
trackCount                                                     1305
title                                              y 1990s late top
author            {'name': 'Jake G', 'id': 'UCDvJYHQoKPhpF-sGFUM...
year                                                           2026
related                                                          []
duration_seconds                                             344937
Sleeping 0.3 seconds.
------------------------------------------------------------------------------------------
[44/511] (~45.7m) y 1990s early top
                                                                  0
owned                                                          True
id                               PLWptjpDqazOwrBRdnvnifl0TnHn5kiVWI
privacy                                                      PUBLIC
description       Top MusicBee tracks for 1990s early (updated 1...
views                                                          None
duration                                                  76+ hours
trackCount                                                     1022
title                                             y 1990s early top
author            {'name': 'Jake G', 'id': 'UCDvJYHQoKPhpF-sGFUM...
year                                                           2026
related                                                          []
duration_seconds                                             276862
Sleeping 0.3 seconds.
------------------------------------------------------------------------------------------
[45/511] (~45.4m) y 1980s early top
Skipping API fetch: y 1980s early top matches local TSV count (587 tracks)
[46/511] (~44.3m) y 1970s late top
Skipping API fetch: y 1970s late top matches local TSV count (993 tracks)
[47/511] (~43.3m) y 1970s early top
                                                                  0
owned                                                          True
id                               PLWptjpDqazOykS1Jal5_1ZNiepkCT1dFZ
privacy                                                      PUBLIC
description       Top MusicBee tracks for 1970s early (updated 1...
views                                                             1
duration                                                 109+ hours
trackCount                                                     1384
title                                             y 1970s early top
author            {'name': 'Jake G', 'id': 'UCDvJYHQoKPhpF-sGFUM...
year                                                           2026
related                                                          []
duration_seconds                                             393361
Sleeping 0.4 seconds.
------------------------------------------------------------------------------------------
[48/511] (~43.3m) y 1960s late top
                                                                  0
owned                                                          True
id                               PLWptjpDqazOy0lsz47l1CdNT-ufgssNPh
privacy                                                      PUBLIC
description       Top MusicBee tracks for 1960s late (updated 10...
views                                                            15
duration                                                  94+ hours
trackCount                                                     1497
title                                              y 1960s late top
author            {'name': 'Jake G', 'id': 'UCDvJYHQoKPhpF-sGFUM...
year                                                           2026
related                                                          []
duration_seconds                                             339954
Sleeping 0.5 seconds.
------------------------------------------------------------------------------------------
[49/511] (~43.4m) y 1960s early top
Skipping API fetch: y 1960s early top matches local TSV count (531 tracks)
[50/511] (~42.5m) y 1950s late top
Skipping API fetch: y 1950s late top matches local TSV count (385 tracks)
[51/511] (~41.5m) y 1950s early top
Skipping API fetch: y 1950s early top matches local TSV count (72 tracks)
[52/511] (~40.6m) xr 80sMusic
Skipping API fetch: xr 80sMusic matches local TSV count (180 tracks)
[53/511] (~39.8m) y 2026 top
Skipping API fetch: y 2026 top matches local TSV count (27 tracks)
[54/511] (~38.9m) y 2025 top
Skipping API fetch: y 2025 top matches local TSV count (185 tracks)
[55/511] (~38.1m) y 2022 top
Skipping API fetch: y 2022 top matches local TSV count (463 tracks)
[56/511] (~37.3m) y 2020 top
                                                                  0
owned                                                          True
id                               PLWptjpDqazOywnN0PoKWOb4TKsoB4oq6f
privacy                                                      PUBLIC
description       Top MusicBee tracks for 2020 (updated 10-19-2024)
views                                                          None
duration                                                  37+ hours
trackCount                                                      536
title                                                    y 2020 top
author            {'name': 'Jake G', 'id': 'UCDvJYHQoKPhpF-sGFUM...
year                                                           2026
related                                                          []
duration_seconds                                             134663
Sleeping 0.4 seconds.
------------------------------------------------------------------------------------------
[57/511] (~37.0m) y 2019 top
Skipping API fetch: y 2019 top matches local TSV count (628 tracks)
[58/511] (~36.2m) y 2018 top
                                                                  0
owned                                                          True
id                               PLWptjpDqazOw90PiXec8qjgXI99NrtJJz
privacy                                                      PUBLIC
description       Top MusicBee tracks for 2018 (updated 10-19-2024)
views                                                          None
duration                                                 106+ hours
trackCount                                                     1542
title                                                    y 2018 top
author            {'name': 'Jake G', 'id': 'UCDvJYHQoKPhpF-sGFUM...
year                                                           2026
related                                                          []
duration_seconds                                             382951
Sleeping 0.3 seconds.
------------------------------------------------------------------------------------------
[59/511] (~36.5m) y 2017 top
Skipping API fetch: y 2017 top matches local TSV count (765 tracks)
[60/511] (~35.8m) y 2016 top
                                                                  0
owned                                                          True
id                               PLWptjpDqazOxx3SDWGUUjolyaCTOqx2Mb
privacy                                                      PUBLIC
description       Top MusicBee tracks for 2016 (updated 10-19-2024)
views                                                          None
duration                                                  64+ hours
trackCount                                                     1018
title                                                    y 2016 top
author            {'name': 'Jake G', 'id': 'UCDvJYHQoKPhpF-sGFUM...
year                                                           2026
related                                                          []
duration_seconds                                             231966
Sleeping 0.6 seconds.
------------------------------------------------------------------------------------------
[61/511] (~35.7m) y 1950s top
Skipping API fetch: y 1950s top matches local TSV count (343 tracks)
[62/511] (~35.0m) y mb need like
Skipping API fetch: y mb need like matches local TSV count (266 tracks)
[63/511] (~34.4m) jazz fusion cross
Skipping API fetch: jazz fusion cross matches local TSV count (143 tracks)
[64/511] (~33.8m) jazz funk disco 70s fusion
Skipping API fetch: jazz funk disco 70s fusion matches local TSV count (36 tracks)
[65/511] (~33.2m) jazz
                                                                  0
owned                                                          True
id                               PLWptjpDqazOzLqvCA9cCkPUWjrE1-w-Kp
privacy                                                      PUBLIC
description                                Dedupe [05-08-2024] None
views                                                             1
duration                                                 122+ hours
trackCount                                                     1367
title                                                          jazz
author            {'name': 'Jake G', 'id': 'UCDvJYHQoKPhpF-sGFUM...
year                                                           2026
related                                                          []
duration_seconds                                             445641
Sleeping 0.3 seconds.
------------------------------------------------------------------------------------------
[66/511] (~33.5m) xr futurefunkairlines
                                                                  0
owned                                                          True
id                               PLWptjpDqazOyv6M7A3L4ZuGj02rlbvYVV
privacy                                                      PUBLIC
description       favorites compiled from reddit sub r/futurefun...
views                                                             4
duration                                                  43+ hours
trackCount                                                      435
title                                         xr futurefunkairlines
author            {'name': 'Jake G', 'id': 'UCDvJYHQoKPhpF-sGFUM...
year                                                           2026
related                                                          []
duration_seconds                                             156150
Sleeping 0.4 seconds.
------------------------------------------------------------------------------------------
[67/511] (~33.2m) jazz reading radio
Skipping API fetch: jazz reading radio matches local TSV count (28 tracks)
[68/511] (~32.6m) jazz gypsy
Skipping API fetch: jazz gypsy matches local TSV count (118 tracks)
[69/511] (~32.0m) soul 1960s
Skipping API fetch: soul 1960s matches local TSV count (163 tracks)
[70/511] (~31.5m) soul funk
                                                                  0
owned                                                          True
id                               PLWptjpDqazOxI6u2h08x7JtFhAC8KUuBC
privacy                                                      PUBLIC
description       generated sorting by lastfm playcount for soul...
views                                                          None
duration                                                  73+ hours
trackCount                                                     1219
title                                                     soul funk
author            {'name': 'Jake G', 'id': 'UCDvJYHQoKPhpF-sGFUM...
year                                                           2026
related                                                          []
duration_seconds                                             277983
Sleeping 0.6 seconds.
------------------------------------------------------------------------------------------
[71/511] (~31.8m) Hip Hop 2000s
Skipping API fetch: Hip Hop 2000s matches local TSV count (114 tracks)
[72/511] (~31.3m) soul kings and queens
Skipping API fetch: soul kings and queens matches local TSV count (43 tracks)
[73/511] (~30.8m) electronic chills adventure
Skipping API fetch: electronic chills adventure matches local TSV count (198 tracks)
[74/511] (~30.3m) trip hop & Ambien®
Skipping API fetch: trip hop & Ambien® matches local TSV count (235 tracks)
[75/511] (~29.8m) hiphop jazzy
Skipping API fetch: hiphop jazzy matches local TSV count (284 tracks)
[76/511] (~29.4m) hiphop old school
                                                                  0
owned                                                          True
id                               PLWptjpDqazOyQKwrNZvNT6ycszr1AvlXz
privacy                                                      PUBLIC
description       generated from hiphop old school includes LIKE...
views                                                             1
duration                                                  77+ hours
trackCount                                                     1138
title                                             hiphop old school
author            {'name': 'Jake G', 'id': 'UCDvJYHQoKPhpF-sGFUM...
year                                                           2026
related                                                          []
duration_seconds                                             284359
Sleeping 0.6 seconds.
------------------------------------------------------------------------------------------
[77/511] (~29.5m) electronic Sine Language
Skipping API fetch: electronic Sine Language matches local TSV count (774 tracks)
[78/511] (~29.1m) hiphop
                                                                  0
owned                                                          True
id                               PLWptjpDqazOxRTU_GJBmz7cicEKdLuISX
privacy                                                      PUBLIC
description                                                    None
views                                                          None
duration                                                 151+ hours
trackCount                                                     2382
title                                                        hiphop
author            {'name': 'Jake G', 'id': 'UCDvJYHQoKPhpF-sGFUM...
year                                                           2026
related                                                          []
duration_seconds                                             574601
Sleeping 0.6 seconds.
------------------------------------------------------------------------------------------
[79/511] (~30.1m) electronic
                                                                  0
owned                                                          True
id                               PLWptjpDqazOwemYgzaTfMieoEZPa8KIvN
privacy                                                      PUBLIC
description                                                    None
views                                                          None
duration                                                 106+ hours
trackCount                                                     1432
title                                                    electronic
author            {'name': 'Jake G', 'id': 'UCDvJYHQoKPhpF-sGFUM...
year                                                           2026
related                                                          []
duration_seconds                                             395995
Sleeping 0.6 seconds.
------------------------------------------------------------------------------------------
[80/511] (~30.5m) ambient
Skipping API fetch: ambient matches local TSV count (958 tracks)
[81/511] (~30.0m) hiphop modern
Skipping API fetch: hiphop modern matches local TSV count (563 tracks)
[82/511] (~29.6m) Reggae
Skipping API fetch: Reggae matches local TSV count (544 tracks)
[83/511] (~29.2m) Jazz Fuzz Albums
Skipping API fetch: Jazz Fuzz Albums matches local TSV count (652 tracks)
[84/511] (~28.7m) folk 1970s
Skipping API fetch: folk 1970s matches local TSV count (137 tracks)
[85/511] (~28.3m) rock 1970s classic
                                                                  0
owned                                                          True
id                               PLWptjpDqazOzUfaj7nFStEH0GtT1Bd5_Q
privacy                                                      PUBLIC
description       Dedupe [08-11-2024] generated from rock 1970s ...
views                                                           601
duration                                                  69+ hours
trackCount                                                     1080
title                                            rock 1970s classic
author            {'name': 'Jake G', 'id': 'UCDvJYHQoKPhpF-sGFUM...
year                                                           2026
related                                                          []
duration_seconds                                             253064
Sleeping 0.6 seconds.
------------------------------------------------------------------------------------------
[86/511] (~28.4m) electronic house funk
Skipping API fetch: electronic house funk matches local TSV count (143 tracks)
[87/511] (~28.0m) psychedelic classic rock
Skipping API fetch: psychedelic classic rock matches local TSV count (757 tracks)
[88/511] (~27.6m) Roots Reggae Rhythms
                                                                  0
owned                                                         False
id                                                             None
privacy                                                      PUBLIC
description       A mix of songs from one corner of your music w...
views                                                          None
duration                                                       None
trackCount                                                     None
title                                          Roots Reggae Rhythms
author                        {'name': 'YouTube Music', 'id': None}
year                                                           2026
related                                                          []
duration_seconds                                             401568
Removing 2 tracks:
49      Ring The Alarm
1346    Roller Mobster
Name: title, dtype: str
Failed to remove dislike, error:
Cannot remove songs, because setVideoId is missing. Do you own this playlist?
Sleeping 0.6 seconds.
------------------------------------------------------------------------------------------
[89/511] (~31.2m) blues chicago
Skipping API fetch: blues chicago matches local TSV count (41 tracks)
[90/511] (~30.8m) Classic Golden Era Hip-Hop
                                                                  0
owned                                                         False
id                                                             None
privacy                                                      PUBLIC
description       A mix of songs from one corner of your music w...
views                                                          None
duration                                                       None
trackCount                                                     None
title                                    Classic Golden Era Hip-Hop
author                        {'name': 'YouTube Music', 'id': None}
year                                                           2026
related                                                          []
duration_seconds                                             439057
Removing 4 tracks:
19      Next Levels (feat. John Robinson, Stahhr, Stac...
378                                      Release Yo' Delf
749                                 空蝉 - Man of the World
1647                                       Roller Mobster
Name: title, dtype: str
Failed to remove dislike, error:
Cannot remove songs, because setVideoId is missing. Do you own this playlist?
Sleeping 0.4 seconds.
------------------------------------------------------------------------------------------
[91/511] (~35.3m) rock 60s and 70s stoner
Skipping API fetch: rock 60s and 70s stoner matches local TSV count (259 tracks)
[92/511] (~34.8m) summertime covers
Skipping API fetch: summertime covers matches local TSV count (36 tracks)
[93/511] (~34.4m) xr futuregarage
Skipping API fetch: xr futuregarage matches local TSV count (15 tracks)
[94/511] (~33.9m) xr WorldMusic
Skipping API fetch: xr WorldMusic matches local TSV count (19 tracks)
[95/511] (~33.5m) rock 1960s classic
                                                                  0
owned                                                          True
id                               PLWptjpDqazOyzOJkPqPNOLc2d55DYxACN
privacy                                                      PUBLIC
description                                                    None
views                                                            14
duration                                                  56+ hours
trackCount                                                      949
title                                            rock 1960s classic
author            {'name': 'Jake G', 'id': 'UCDvJYHQoKPhpF-sGFUM...
year                                                           2026
related                                                          []
duration_seconds                                             205394
Sleeping 0.6 seconds.
------------------------------------------------------------------------------------------
[96/511] (~33.4m) rock classic radio
Skipping API fetch: rock classic radio matches local TSV count (323 tracks)
[97/511] (~33.0m) rock pop 66-69 radio
Skipping API fetch: rock pop 66-69 radio matches local TSV count (168 tracks)
[98/511] (~32.6m) jazz japanese
Skipping API fetch: jazz japanese matches local TSV count (39 tracks)
[99/511] (~32.2m) indie loose
                                                                  0
owned                                                          True
id                               PLWptjpDqazOygyoaRpT447v7SENKpPNfi
privacy                                                      PUBLIC
description                                                    None
views                                                            90
duration                                                 105+ hours
trackCount                                                     1698
title                                                   indie loose
author            {'name': 'Jake G', 'id': 'UCDvJYHQoKPhpF-sGFUM...
year                                                           2026
related                                                          []
duration_seconds                                             381663
Sleeping 0.6 seconds.
------------------------------------------------------------------------------------------
[100/511] (~32.3m) beats Soulful Instrumentals
Skipping API fetch: beats Soulful Instrumentals matches local TSV count (226 tracks)
[101/511] (~31.9m) indie krill vibe
Skipping API fetch: indie krill vibe matches local TSV count (474 tracks)
[102/511] (~31.5m) Brass n chill
Skipping API fetch: Brass n chill matches local TSV count (271 tracks)
[103/511] (~31.1m) xr PsychedelicRock
                                                                  0
owned                                                          True
id                               PLWptjpDqazOz9b2Ge7-PNSYxcGGtBa03X
privacy                                                      PUBLIC
description       favorites compiled from reddit sub r/Psychedel...
views                                                             1
duration                                                  97+ hours
trackCount                                                     1112
title                                            xr PsychedelicRock
author            {'name': 'Jake G', 'id': 'UCDvJYHQoKPhpF-sGFUM...
year                                                           2026
related                                                          []
duration_seconds                                             352575
Sleeping 0.3 seconds.
------------------------------------------------------------------------------------------
[104/511] (~31.1m) psych rock modern
Skipping API fetch: psych rock modern matches local TSV count (870 tracks)
[105/511] (~30.7m) Bossa Nova
Skipping API fetch: Bossa Nova matches local TSV count (33 tracks)
[106/511] (~30.4m) Bossa Nova radio
Skipping API fetch: Bossa Nova radio matches local TSV count (365 tracks)
[107/511] (~30.0m) xr Rock
Skipping API fetch: xr Rock matches local TSV count (325 tracks)
[108/511] (~29.7m) Rock 1980s Pop New Wave
Skipping API fetch: Rock 1980s Pop New Wave matches local TSV count (363 tracks)
[109/511] (~29.3m) Rock 1980s New Wave radio
                                                                  0
owned                                                          True
id                               PLWptjpDqazOz3ybhPdX-fwRJwFGJXpaJY
privacy                                                     PRIVATE
description       generated sorting by lastfm playcount for Rock...
views                                                          None
duration                                                   7+ hours
trackCount                                                     1077
title                                     Rock 1980s New Wave radio
author            {'name': 'Jake G', 'id': 'UCDvJYHQoKPhpF-sGFUM...
year                                                           2026
related                                                          []
duration_seconds                                             273642
Sleeping 0.5 seconds.
------------------------------------------------------------------------------------------
[110/511] (~29.3m) electronic deep house
Skipping API fetch: electronic deep house matches local TSV count (183 tracks)
[111/511] (~29.0m) Hip Hop Hits
Skipping API fetch: Hip Hop Hits matches local TSV count (274 tracks)
[112/511] (~28.6m) y 2021 top
Skipping API fetch: y 2021 top matches local TSV count (179 tracks)
[113/511] (~28.3m) y 2023 top
Skipping API fetch: y 2023 top matches local TSV count (357 tracks)
[114/511] (~28.0m) y 2024 top
Skipping API fetch: y 2024 top matches local TSV count (118 tracks)
[115/511] (~27.7m) y 2000s late top
                                                                  0
owned                                                          True
id                               PLWptjpDqazOz30x1PbrlNXR_W-D1lb1ef
privacy                                                      PUBLIC
description       Top MusicBee tracks for 2000s late (updated 10...
views                                                             2
duration                                                 138+ hours
trackCount                                                     2035
title                                              y 2000s late top
author            {'name': 'Jake G', 'id': 'UCDvJYHQoKPhpF-sGFUM...
year                                                           2026
related                                                          []
duration_seconds                                             496787
Sleeping 0.6 seconds.
------------------------------------------------------------------------------------------
[116/511] (~28.0m) y 1980s late top
                                                                  0
owned                                                          True
id                               PLWptjpDqazOyld8JDj3fIFCzRJxIfvQ4A
privacy                                                      PUBLIC
description       Top MusicBee tracks for 1980s late (updated 10...
views                                                             2
duration                                                  29+ hours
trackCount                                                      412
title                                              y 1980s late top
author            {'name': 'Jake G', 'id': 'UCDvJYHQoKPhpF-sGFUM...
year                                                           2026
related                                                          []
duration_seconds                                             105943
Sleeping 0.4 seconds.
------------------------------------------------------------------------------------------
[117/511] (~27.8m) xr neopsychedelia radio
Skipping API fetch: xr neopsychedelia radio matches local TSV count (61 tracks)
[118/511] (~27.5m) electronic deep house radio
Skipping API fetch: electronic deep house radio matches local TSV count (937 tracks)
[119/511] (~27.2m) xr chillmusic
                                                                  0
owned                                                          True
id                               PLWptjpDqazOw_tv3IeZpMs7pSG-E7-dDF
privacy                                                      PUBLIC
description         favorites compiled from reddit sub r/chillmusic
views                                                             7
duration                                                  49+ hours
trackCount                                                      708
title                                                 xr chillmusic
author            {'name': 'Jake G', 'id': 'UCDvJYHQoKPhpF-sGFUM...
year                                                           2026
related                                                          []
duration_seconds                                             178163
Sleeping 0.6 seconds.
------------------------------------------------------------------------------------------
[120/511] (~27.1m) xr downtempo
Skipping API fetch: xr downtempo matches local TSV count (20 tracks)
[121/511] (~26.8m) electronic post dub
Skipping API fetch: electronic post dub matches local TSV count (215 tracks)
[122/511] (~26.5m) good
                                                                  0
owned                                                         False
id                                                             None
privacy                                                      PUBLIC
description                                                    None
views                                                            46
duration                                                  20+ hours
trackCount                                                       87
title                                                          good
author            {'name': 'they are gutting a body of water', '...
year                                                           2026
related                                                          []
duration_seconds                                              72075
Sleeping 0.4 seconds.
------------------------------------------------------------------------------------------
[123/511] (~26.2m) xr desertblues
Skipping API fetch: xr desertblues matches local TSV count (19 tracks)
[124/511] (~26.0m) xr RootsMusic
Skipping API fetch: xr RootsMusic matches local TSV count (91 tracks)
[125/511] (~25.7m) blues
Skipping API fetch: blues matches local TSV count (872 tracks)
[126/511] (~25.4m) xr acidhouse
Skipping API fetch: xr acidhouse matches local TSV count (31 tracks)
[127/511] (~25.2m) post rock slow core
Skipping API fetch: post rock slow core matches local TSV count (74 tracks)
[128/511] (~24.9m) jazz guitar radio
Skipping API fetch: jazz guitar radio matches local TSV count (127 tracks)
[129/511] (~24.6m) les rallizes all last ones
Skipping API fetch: les rallizes all last ones matches local TSV count (7 tracks)
[130/511] (~24.4m) xr Elephant6 radio
Skipping API fetch: xr Elephant6 radio matches local TSV count (263 tracks)
[131/511] (~24.1m) rock surf
Skipping API fetch: rock surf matches local TSV count (99 tracks)
[132/511] (~23.9m) xr OutlawCountry
Skipping API fetch: xr OutlawCountry matches local TSV count (106 tracks)
[133/511] (~23.6m) xr cyberpunk-music radio
Skipping API fetch: xr cyberpunk-music radio matches local TSV count (95 tracks)
[134/511] (~23.4m) xr DoomMetal radio
Skipping API fetch: xr DoomMetal radio matches local TSV count (125 tracks)
[135/511] (~23.2m) electronic radio
                                                                  0
owned                                                          True
id                               PLWptjpDqazOwTj7k2zqKNQliGC3Wy9t0l
privacy                                                     PRIVATE
description       generated from electronic radio sorting by las...
views                                                          None
duration                                                   7+ hours
trackCount                                                      371
title                                              electronic radio
author            {'name': 'Jake G', 'id': 'UCDvJYHQoKPhpF-sGFUM...
year                                                           2026
related                                                          []
duration_seconds                                             109121
Sleeping 0.5 seconds.
------------------------------------------------------------------------------------------
[136/511] (~23.0m) Hip Hop 1990s west Coast
Skipping API fetch: Hip Hop 1990s west Coast matches local TSV count (74 tracks)
[137/511] (~22.8m) xr Instrumentals radio
Skipping API fetch: xr Instrumentals radio matches local TSV count (141 tracks)
[138/511] (~22.6m) xr musicforconcentration radio
Skipping API fetch: xr musicforconcentration radio matches local TSV count (148 tracks)
[139/511] (~22.4m) rock krautrock
Skipping API fetch: rock krautrock matches local TSV count (259 tracks)
[140/511] (~22.1m) xr PunkRock radio
                                                                  0
owned                                                          True
id                               PLWptjpDqazOxMRnK3_6JEn540vGoYddHb
privacy                                                     PRIVATE
description       generated sorting by lastfm playcount for xr P...
views                                                          None
duration                                                   4+ hours
trackCount                                                      565
title                                             xr PunkRock radio
author            {'name': 'Jake G', 'id': 'UCDvJYHQoKPhpF-sGFUM...
year                                                           2026
related                                                          []
duration_seconds                                              97603
Sleeping 0.4 seconds.
------------------------------------------------------------------------------------------
[141/511] (~22.0m) xr Techno radio
Skipping API fetch: xr Techno radio matches local TSV count (367 tracks)
[142/511] (~21.8m) trip hop
                                                                  0
owned                                                          True
id                               PLWptjpDqazOxzC2520-Dwn3Ug-r5UpaGp
privacy                                                      PUBLIC
description       Dedupe [07-07-2024] generated from trip hop in...
views                                                          None
duration                                                  30+ hours
trackCount                                                      406
title                                                      trip hop
author            {'name': 'Jake G', 'id': 'UCDvJYHQoKPhpF-sGFUM...
year                                                           2026
related                                                          []
duration_seconds                                             110425
Sleeping 0.7 seconds.
------------------------------------------------------------------------------------------
[143/511] (~21.7m) xr treemusic
                                                                  0
owned                                                          True
id                               PLWptjpDqazOxNxw-kc2eJ1Tt6BFmLwYVH
privacy                                                      PUBLIC
description          favorites compiled from reddit sub r/treemusic
views                                                          None
duration                                                 146+ hours
trackCount                                                     1843
title                                                  xr treemusic
author            {'name': 'Jake G', 'id': 'UCDvJYHQoKPhpF-sGFUM...
year                                                           2026
related                                                          []
duration_seconds                                             528792
Sleeping 0.7 seconds.
------------------------------------------------------------------------------------------
[144/511] (~21.9m) xr treemusic albums
                                                                  0
owned                                                          True
id                               PLWptjpDqazOyP4A8916jWl1QCx7ooREuw
privacy                                                     PRIVATE
description       re-generated from x_r.treemusic_albums, contai...
views                                                          None
duration                                                   8+ hours
trackCount                                                      421
title                                           xr treemusic albums
author            {'name': 'Jake G', 'id': 'UCDvJYHQoKPhpF-sGFUM...
year                                                           2026
related                                                          []
duration_seconds                                             127861
Sleeping 0.7 seconds.
------------------------------------------------------------------------------------------
[145/511] (~21.8m) xr stonerrock albums
Skipping API fetch: xr stonerrock albums matches local TSV count (224 tracks)
[146/511] (~21.6m) xr spacemusic albums
Skipping API fetch: xr spacemusic albums matches local TSV count (180 tracks)
[147/511] (~21.4m) xr SoundsVintage
Skipping API fetch: xr SoundsVintage matches local TSV count (264 tracks)
[148/511] (~21.2m) ambient modern radio
                                                                  0
owned                                                          True
id                               PLWptjpDqazOwJtnBqWuVdLzhSA5iZGgnw
privacy                                                     PRIVATE
description       generated sorting by lastfm playcount for ambi...
views                                                          None
duration                                                   9+ hours
trackCount                                                      290
title                                          ambient modern radio
author            {'name': 'Jake G', 'id': 'UCDvJYHQoKPhpF-sGFUM...
year                                                           2026
related                                                          []
duration_seconds                                             103545
Sleeping 0.3 seconds.
------------------------------------------------------------------------------------------
[149/511] (~21.1m) xr PunkRock albums
Skipping API fetch: xr PunkRock albums matches local TSV count (266 tracks)
[150/511] (~20.9m) xr metal radio
Skipping API fetch: xr metal radio matches local TSV count (836 tracks)
[151/511] (~20.7m) xr OldElectronicMusic
Skipping API fetch: xr OldElectronicMusic matches local TSV count (106 tracks)
[152/511] (~20.5m) xr 2020smusic radio
Skipping API fetch: xr 2020smusic radio matches local TSV count (191 tracks)
[153/511] (~20.3m) xr musicforconcentration
Skipping API fetch: xr musicforconcentration matches local TSV count (27 tracks)
[154/511] (~20.1m) xr krautrock albums
Skipping API fetch: xr krautrock albums matches local TSV count (222 tracks)
[155/511] (~19.9m) xr kindie radio
Skipping API fetch: xr kindie radio matches local TSV count (99 tracks)
[156/511] (~19.7m) xr WorldMusic radio
Skipping API fetch: xr WorldMusic radio matches local TSV count (745 tracks)
[157/511] (~19.5m) electronic idm
Skipping API fetch: electronic idm matches local TSV count (141 tracks)
[158/511] (~19.4m) rock garage radio
Skipping API fetch: rock garage radio matches local TSV count (425 tracks)
[159/511] (~19.2m) rock garage
Skipping API fetch: rock garage matches local TSV count (516 tracks)
[160/511] (~19.0m) xr futuresynth albums
Skipping API fetch: xr futuresynth albums matches local TSV count (297 tracks)
[161/511] (~18.8m) xr futurebeats albums
                                                                  0
owned                                                          True
id                               PLWptjpDqazOzaWK6GZuXGbJ3dOEkbfpOf
privacy                                                     PRIVATE
description       re-generated from x_r.futurebeats_albums, cont...
views                                                          None
duration                                                   5+ hours
trackCount                                                      228
title                                         xr futurebeats albums
author            {'name': 'Jake G', 'id': 'UCDvJYHQoKPhpF-sGFUM...
year                                                           2026
related                                                          []
duration_seconds                                              51225
Sleeping 0.7 seconds.
------------------------------------------------------------------------------------------
[162/511] (~18.7m) xr jazz radio
                                                                  0
owned                                                          True
id                               PLWptjpDqazOxfhwfZM1ql8dOX6TLC7LIN
privacy                                                     PRIVATE
description       generated sorting by lastfm playcount for xr j...
views                                                          None
duration                                                   8+ hours
trackCount                                                      445
title                                                 xr jazz radio
author            {'name': 'Jake G', 'id': 'UCDvJYHQoKPhpF-sGFUM...
year                                                           2026
related                                                          []
duration_seconds                                             165662
Sleeping 0.7 seconds.
------------------------------------------------------------------------------------------
[163/511] (~18.7m) xr ebm radio
Skipping API fetch: xr ebm radio matches local TSV count (66 tracks)
[164/511] (~18.5m) xr dub albums
Skipping API fetch: xr dub albums matches local TSV count (260 tracks)
[165/511] (~18.3m) xr DreamPop
Skipping API fetch: xr DreamPop matches local TSV count (200 tracks)
[166/511] (~18.2m) xr downtempo radio
Skipping API fetch: xr downtempo radio matches local TSV count (66 tracks)
[167/511] (~18.0m) jazz noir
Skipping API fetch: jazz noir matches local TSV count (471 tracks)
[168/511] (~17.8m) xr complextro radio
Skipping API fetch: xr complextro radio matches local TSV count (114 tracks)
[169/511] (~17.7m) xr chillmusic albums
Skipping API fetch: xr chillmusic albums matches local TSV count (210 tracks)
[170/511] (~17.5m) xr futuregarage radio
                                                                  0
owned                                                          True
id                               PLWptjpDqazOy5-mqAsn5glmXNtCd5DTKU
privacy                                                     PRIVATE
description       generated sorting by lastfm playcount for xr f...
views                                                          None
duration                                                   8+ hours
trackCount                                                     1196
title                                         xr futuregarage radio
author            {'name': 'Jake G', 'id': 'UCDvJYHQoKPhpF-sGFUM...
year                                                           2026
related                                                          []
duration_seconds                                             358264
Sleeping 0.5 seconds.
------------------------------------------------------------------------------------------
[171/511] (~17.6m) xr brazilianmusic radio
Skipping API fetch: xr brazilianmusic radio matches local TSV count (149 tracks)
[172/511] (~17.4m) xr bluesrock radio
Skipping API fetch: xr bluesrock radio matches local TSV count (532 tracks)
[173/511] (~17.3m) xr bluegrass radio
Skipping API fetch: xr bluegrass radio matches local TSV count (80 tracks)
[174/511] (~17.1m) xr bassheavy radio
Skipping API fetch: xr bassheavy radio matches local TSV count (420 tracks)
[175/511] (~17.0m) xr AtmosphericDnB radio
Skipping API fetch: xr AtmosphericDnB radio matches local TSV count (352 tracks)
[176/511] (~16.8m) rock 1990s radio
Skipping API fetch: rock 1990s radio matches local TSV count (168 tracks)
[177/511] (~16.7m) xr ambientmusic albums
Skipping API fetch: xr ambientmusic albums matches local TSV count (336 tracks)
[178/511] (~16.6m) xr theOverload radio
Skipping API fetch: xr theOverload radio matches local TSV count (773 tracks)
[179/511] (~16.4m) xr 90shiphop
Skipping API fetch: xr 90shiphop matches local TSV count (204 tracks)
[180/511] (~16.3m) xr 90shiphop albums
                                                                  0
owned                                                          True
id                               PLWptjpDqazOzDOIhVuC4HFb6AjIEMzBJY
privacy                                                     PRIVATE
description       re-generated from x_r.90shiphop_albums, contai...
views                                                          None
duration                                                   6+ hours
trackCount                                                      603
title                                           xr 90shiphop albums
author            {'name': 'Jake G', 'id': 'UCDvJYHQoKPhpF-sGFUM...
year                                                           2026
related                                                          []
duration_seconds                                             120930
Sleeping 0.3 seconds.
------------------------------------------------------------------------------------------
[181/511] (~16.2m) Post-Punk 1970s-1980s
Skipping API fetch: Post-Punk 1970s-1980s matches local TSV count (167 tracks)
[182/511] (~16.1m) reggae classic
Skipping API fetch: reggae classic matches local TSV count (212 tracks)
[183/511] (~16.0m) nudisco radio
                                                                  0
owned                                                          True
id                               PLWptjpDqazOywbIjIzR89yKp2BFo_l3s6
privacy                                                     PRIVATE
description       generated sorting by lastfm playcount for nudi...
views                                                          None
duration                                                   7+ hours
trackCount                                                     1696
title                                                 nudisco radio
author            {'name': 'Jake G', 'id': 'UCDvJYHQoKPhpF-sGFUM...
year                                                           2026
related                                                          []
duration_seconds                                             515243
Sleeping 0.4 seconds.
------------------------------------------------------------------------------------------
[184/511] (~16.1m) future beats radio
                                                                  0
owned                                                          True
id                               PLWptjpDqazOyLQNffYGQqgFemOOqiAVsv
privacy                                                     PRIVATE
description       generated sorting by lastfm playcount for futu...
views                                                          None
duration                                                   6+ hours
trackCount                                                     1606
title                                            future beats radio
author            {'name': 'Jake G', 'id': 'UCDvJYHQoKPhpF-sGFUM...
year                                                           2026
related                                                          []
duration_seconds                                             403412
Sleeping 0.3 seconds.
------------------------------------------------------------------------------------------
[185/511] (~16.2m) electronic jaar
Skipping API fetch: electronic jaar matches local TSV count (41 tracks)
[186/511] (~16.1m) Reggae radio
                                                                  0
owned                                                          True
id                               PLWptjpDqazOzNok1igtOfGock3apHniTF
privacy                                                     PRIVATE
description       generated sorting by lastfm playcount for Regg...
views                                                          None
duration                                                   6+ hours
trackCount                                                     1601
title                                                  Reggae radio
author            {'name': 'Jake G', 'id': 'UCDvJYHQoKPhpF-sGFUM...
year                                                           2026
related                                                          []
duration_seconds                                             392483
Sleeping 0.3 seconds.
------------------------------------------------------------------------------------------
[187/511] (~16.2m) hiphop modern radio
Skipping API fetch: hiphop modern radio matches local TSV count (673 tracks)
[188/511] (~16.1m) jazz blue note
Skipping API fetch: jazz blue note matches local TSV count (58 tracks)
[189/511] (~15.9m) jazz blue note radio
Skipping API fetch: jazz blue note radio matches local TSV count (62 tracks)
[190/511] (~15.8m) reggae covers
Skipping API fetch: reggae covers matches local TSV count (38 tracks)
[191/511] (~15.7m) xr monsterfuzz radio
Skipping API fetch: xr monsterfuzz radio matches local TSV count (562 tracks)
[192/511] (~15.5m) Shoegaze
Skipping API fetch: Shoegaze matches local TSV count (368 tracks)
[193/511] (~15.4m) xr VintageObscura radio
Skipping API fetch: xr VintageObscura radio matches local TSV count (751 tracks)
[194/511] (~15.3m) xr SpaceMusic radio
Skipping API fetch: xr SpaceMusic radio matches local TSV count (212 tracks)
[195/511] (~15.2m) xr triphop radio
                                                                  0
owned                                                          True
id                               PLWptjpDqazOwntqx6q9keFgQZOD45u-Ts
privacy                                                     PRIVATE
description       generated sorting by lastfm playcount for xr t...
views                                                          None
duration                                                   7+ hours
trackCount                                                      850
title                                              xr triphop radio
author            {'name': 'Jake G', 'id': 'UCDvJYHQoKPhpF-sGFUM...
year                                                           2026
related                                                          []
duration_seconds                                             225334
Sleeping 0.7 seconds.
------------------------------------------------------------------------------------------
[196/511] (~15.2m) xr stonerrock radio
Skipping API fetch: xr stonerrock radio matches local TSV count (549 tracks)
[197/511] (~15.0m) rock stoner sludge dank
Skipping API fetch: rock stoner sludge dank matches local TSV count (70 tracks)
[198/511] (~14.9m) xr SoundsVintage radio
Skipping API fetch: xr SoundsVintage radio matches local TSV count (130 tracks)
[199/511] (~14.8m) xr OldElectronicMusic radio
Skipping API fetch: xr OldElectronicMusic radio matches local TSV count (608 tracks)
[200/511] (~14.7m) ambient radio
Skipping API fetch: ambient radio matches local TSV count (560 tracks)
[201/511] (~14.5m) xr IndieFolk radio
Skipping API fetch: xr IndieFolk radio matches local TSV count (562 tracks)
[202/511] (~14.4m) xr indie radio
                                                                  0
owned                                                          True
id                               PLWptjpDqazOxiDLxxdqpRz9tFlZczrFN9
privacy                                                     PRIVATE
description       generated sorting by lastfm playcount for xr i...
views                                                          None
duration                                                   6+ hours
trackCount                                                     1030
title                                                xr indie radio
author            {'name': 'Jake G', 'id': 'UCDvJYHQoKPhpF-sGFUM...
year                                                           2026
related                                                          []
duration_seconds                                             239764
Sleeping 0.5 seconds.
------------------------------------------------------------------------------------------
[203/511] (~14.5m) xr Exotica radio
Skipping API fetch: xr Exotica radio matches local TSV count (111 tracks)
[204/511] (~14.3m) xr ElectronicMusic radio
                                                                  0
owned                                                          True
id                               PLWptjpDqazOwE5TEpQXQW66bD8p-yUaAu
privacy                                                     PRIVATE
description       generated sorting by lastfm playcount for xr E...
views                                                          None
duration                                                   8+ hours
trackCount                                                      499
title                                      xr ElectronicMusic radio
author            {'name': 'Jake G', 'id': 'UCDvJYHQoKPhpF-sGFUM...
year                                                           2026
related                                                          []
duration_seconds                                             144625
Sleeping 0.6 seconds.
------------------------------------------------------------------------------------------
[205/511] (~14.3m) xr DreamPop radio
Skipping API fetch: xr DreamPop radio matches local TSV count (834 tracks)
[206/511] (~14.2m) xr jazznoir radio
Skipping API fetch: xr jazznoir radio matches local TSV count (155 tracks)
[207/511] (~14.1m) xr bossanova radio
Skipping API fetch: xr bossanova radio matches local TSV count (261 tracks)
[208/511] (~13.9m) xr witchHouse radio
Skipping API fetch: xr witchHouse radio matches local TSV count (583 tracks)
[209/511] (~13.8m) xr 90sPunk radio
Skipping API fetch: xr 90sPunk radio matches local TSV count (568 tracks)
[210/511] (~13.7m) xr trapmuzik radio
                                                                  0
owned                                                          True
id                               PLWptjpDqazOwlS6ilz_K8gqi_7_xSzJaZ
privacy                                                     PRIVATE
description       generated sorting by lastfm playcount for xr t...
views                                                          None
duration                                                   6+ hours
trackCount                                                     1066
title                                            xr trapmuzik radio
author            {'name': 'Jake G', 'id': 'UCDvJYHQoKPhpF-sGFUM...
year                                                           2026
related                                                          []
duration_seconds                                             238125
Sleeping 0.3 seconds.
------------------------------------------------------------------------------------------
[211/511] (~13.7m) xr 70sMusic radio
Skipping API fetch: xr 70sMusic radio matches local TSV count (131 tracks)
[212/511] (~13.6m) xr 2000smusic radio
Skipping API fetch: xr 2000smusic radio matches local TSV count (934 tracks)
[213/511] (~13.5m) xr kpop radio
Skipping API fetch: xr kpop radio matches local TSV count (60 tracks)
[214/511] (~13.4m) xr indierock radio
Skipping API fetch: xr indierock radio matches local TSV count (225 tracks)
[215/511] (~13.3m) xr house radio
Skipping API fetch: xr house radio matches local TSV count (535 tracks)
[216/511] (~13.2m) xr house
Skipping API fetch: xr house matches local TSV count (130 tracks)
[217/511] (~13.1m) xr hiphop radio
                                                                  0
owned                                                          True
id                               PLWptjpDqazOyg593lngmllPReC_RcW9I4
privacy                                                     PRIVATE
description       generated sorting by lastfm playcount for xr h...
views                                                          None
duration                                                   6+ hours
trackCount                                                     1767
title                                               xr hiphop radio
author            {'name': 'Jake G', 'id': 'UCDvJYHQoKPhpF-sGFUM...
year                                                           2026
related                                                          []
duration_seconds                                             402494
Sleeping 0.6 seconds.
------------------------------------------------------------------------------------------
[218/511] (~13.2m) xr futurebass radio
Skipping API fetch: xr futurebass radio matches local TSV count (923 tracks)
[219/511] (~13.1m) future bass
Skipping API fetch: future bass matches local TSV count (256 tracks)
[220/511] (~13.0m) xr dubstep radio
Skipping API fetch: xr dubstep radio matches local TSV count (103 tracks)
[221/511] (~12.9m) electronic film scores radio
Skipping API fetch: electronic film scores radio matches local TSV count (276 tracks)
[222/511] (~12.8m) xr bassheavy
Skipping API fetch: xr bassheavy matches local TSV count (42 tracks)
[223/511] (~12.7m) electronic 2000s
Skipping API fetch: electronic 2000s matches local TSV count (115 tracks)
[224/511] (~12.6m) xr PunkRock
Skipping API fetch: xr PunkRock matches local TSV count (38 tracks)
[225/511] (~12.5m) xr AfricanMusic radio
Skipping API fetch: xr AfricanMusic radio matches local TSV count (284 tracks)
[226/511] (~12.4m) soul radio
Skipping API fetch: soul radio matches local TSV count (238 tracks)
[227/511] (~12.3m) rock 1990s
Skipping API fetch: rock 1990s matches local TSV count (525 tracks)
[228/511] (~12.2m) rock 1990s alternative
Skipping API fetch: rock 1990s alternative matches local TSV count (252 tracks)
[229/511] (~12.1m) post rock slow core radio
Skipping API fetch: post rock slow core radio matches local TSV count (419 tracks)
[230/511] (~12.0m) oldies 1960s radio
Skipping API fetch: oldies 1960s radio matches local TSV count (459 tracks)
[231/511] (~11.9m) future garage
Skipping API fetch: future garage matches local TSV count (204 tracks)
[232/511] (~11.8m) electronic big beats radio
Skipping API fetch: electronic big beats radio matches local TSV count (95 tracks)
[233/511] (~11.7m) electronic Garage Bass House radio
Skipping API fetch: electronic Garage Bass House radio matches local TSV count (330 tracks)
[234/511] (~11.6m) electronic Garage Bass House
Skipping API fetch: electronic Garage Bass House matches local TSV count (94 tracks)
[235/511] (~11.5m) electronic Focus radio
Skipping API fetch: electronic Focus radio matches local TSV count (222 tracks)
[236/511] (~11.5m) ambient modern
Skipping API fetch: ambient modern matches local TSV count (102 tracks)
[237/511] (~11.4m) Hip Hop 1990s radio
Skipping API fetch: Hip Hop 1990s radio matches local TSV count (337 tracks)
[238/511] (~11.3m) Hip Hop 1990s
Skipping API fetch: Hip Hop 1990s matches local TSV count (796 tracks)
[239/511] (~11.2m) Folk radio
Skipping API fetch: Folk radio matches local TSV count (596 tracks)
[240/511] (~11.1m) soul motown
Skipping API fetch: soul motown matches local TSV count (141 tracks)
[241/511] (~11.0m) garage rock
Skipping API fetch: garage rock matches local TSV count (405 tracks)
[242/511] (~10.9m) xr foreignrap radio
Skipping API fetch: xr foreignrap radio matches local TSV count (25 tracks)
[243/511] (~10.8m) Japanese City Pop 70s 80s radio
Skipping API fetch: Japanese City Pop 70s 80s radio matches local TSV count (105 tracks)
[244/511] (~10.8m) electronic witch house
Skipping API fetch: electronic witch house matches local TSV count (67 tracks)
[245/511] (~10.7m) xr unheardof radio
Skipping API fetch: xr unheardof radio matches local TSV count (87 tracks)
[246/511] (~10.6m) xr synthwave radio
Skipping API fetch: xr synthwave radio matches local TSV count (185 tracks)
[247/511] (~10.5m) xr soca radio
Skipping API fetch: xr soca radio matches local TSV count (49 tracks)
[248/511] (~10.4m) xr Samplehunters radio
Skipping API fetch: xr Samplehunters radio matches local TSV count (23 tracks)
[249/511] (~10.3m) xr psybient radio
Skipping API fetch: xr psybient radio matches local TSV count (92 tracks)
[250/511] (~10.3m) xr newretrowave radio
Skipping API fetch: xr newretrowave radio matches local TSV count (67 tracks)
[251/511] (~10.2m) xr liftingmusic radio
Skipping API fetch: xr liftingmusic radio matches local TSV count (43 tracks)
[252/511] (~10.1m) xr krautrock radio
Skipping API fetch: xr krautrock radio matches local TSV count (112 tracks)
[253/511] (~10.0m) xr koreanrock radio
Skipping API fetch: xr koreanrock radio matches local TSV count (76 tracks)
[254/511] (~9.9m) xr icm radio
Skipping API fetch: xr icm radio matches local TSV count (30 tracks)
[255/511] (~9.9m) xr guiltypleasuremusic
Skipping API fetch: xr guiltypleasuremusic matches local TSV count (27 tracks)
[256/511] (~9.8m) xr guiltypleasuremusic radio
Skipping API fetch: xr guiltypleasuremusic radio matches local TSV count (90 tracks)
[257/511] (~9.7m) xr glitchhop radio
Skipping API fetch: xr glitchhop radio matches local TSV count (61 tracks)
[258/511] (~9.6m) xr gamemusic radio
Skipping API fetch: xr gamemusic radio matches local TSV count (27 tracks)
[259/511] (~9.6m) xr frisson radio
Skipping API fetch: xr frisson radio matches local TSV count (42 tracks)
[260/511] (~9.5m) xr elitistclassical radio
Skipping API fetch: xr elitistclassical radio matches local TSV count (188 tracks)
[261/511] (~9.4m) xr earlymusic radio
Skipping API fetch: xr earlymusic radio matches local TSV count (115 tracks)
[262/511] (~9.3m) xr disco
Skipping API fetch: xr disco matches local TSV count (77 tracks)
[263/511] (~9.3m) xr darkjazz radio
Skipping API fetch: xr darkjazz radio matches local TSV count (47 tracks)
[264/511] (~9.2m) xr dancepunk
Skipping API fetch: xr dancepunk matches local TSV count (32 tracks)
[265/511] (~9.1m) xr contemporary radio
Skipping API fetch: xr contemporary radio matches local TSV count (70 tracks)
[266/511] (~9.1m) xr choralmusic radio
Skipping API fetch: xr choralmusic radio matches local TSV count (44 tracks)
[267/511] (~9.0m) xr celticpunk radio
Skipping API fetch: xr celticpunk radio matches local TSV count (69 tracks)
[268/511] (~8.9m) xr bluesrock
Skipping API fetch: xr bluesrock matches local TSV count (211 tracks)
[269/511] (~8.8m) xr bluegrass
Skipping API fetch: xr bluegrass matches local TSV count (109 tracks)
[270/511] (~8.8m) xr BinauralMusic radio
Skipping API fetch: xr BinauralMusic radio matches local TSV count (31 tracks)
[271/511] (~8.7m) xr bigband radio
Skipping API fetch: xr bigband radio matches local TSV count (65 tracks)
[272/511] (~8.6m) xr altcountry
Skipping API fetch: xr altcountry matches local TSV count (52 tracks)
[273/511] (~8.6m) xr afrobeat radio
Skipping API fetch: xr afrobeat radio matches local TSV count (118 tracks)
[274/511] (~8.5m) xr 90sRock
Skipping API fetch: xr 90sRock matches local TSV count (284 tracks)
[275/511] (~8.4m) xr 50sMusic radio
Skipping API fetch: xr 50sMusic radio matches local TSV count (101 tracks)
[276/511] (~8.4m) xr 2010smusic radio
                                                                  0
owned                                                          True
id                               PLWptjpDqazOyLXmxy61jJERk2H5bfWkdv
privacy                                                     PRIVATE
description       generated sorting by lastfm playcount for xr 2...
views                                                          None
duration                                                   6+ hours
trackCount                                                     1076
title                                           xr 2010smusic radio
author            {'name': 'Jake G', 'id': 'UCDvJYHQoKPhpF-sGFUM...
year                                                           2026
related                                                          []
duration_seconds                                             252654
Sleeping 0.4 seconds.
------------------------------------------------------------------------------------------
[277/511] (~8.4m) folk acoustic radio
Skipping API fetch: folk acoustic radio matches local TSV count (41 tracks)
[278/511] (~8.3m) electronic dubstep uk
Skipping API fetch: electronic dubstep uk matches local TSV count (54 tracks)
[279/511] (~8.3m) zq dj thumbs up
                                                                  0
owned                                                          True
id                               PLWptjpDqazOwqMTsUps2PvNbVRUP3BJnU
privacy                                                     PRIVATE
description                                                    None
views                                                          None
duration                                                   7+ hours
trackCount                                                      340
title                                               zq dj thumbs up
author            {'name': 'Jake G', 'id': 'UCDvJYHQoKPhpF-sGFUM...
year                                                           2025
related                                                          []
duration_seconds                                              90460
Sleeping 0.3 seconds.
------------------------------------------------------------------------------------------
[280/511] (~8.2m) xr Exotica
Skipping API fetch: xr Exotica matches local TSV count (111 tracks)
[281/511] (~8.1m) electronic Innerwaves
Skipping API fetch: electronic Innerwaves matches local TSV count (125 tracks)
[282/511] (~8.1m) electronic chill
Skipping API fetch: electronic chill matches local TSV count (468 tracks)
[283/511] (~8.0m) ambient drone metal
Skipping API fetch: ambient drone metal matches local TSV count (22 tracks)
[284/511] (~8.0m) electronic New Wave old and new radio
Skipping API fetch: electronic New Wave old and new radio matches local TSV count (281 tracks)
[285/511] (~7.9m) slow core
Skipping API fetch: slow core matches local TSV count (47 tracks)
[286/511] (~7.8m) electronic New Wave old and new
Skipping API fetch: electronic New Wave old and new matches local TSV count (116 tracks)
[287/511] (~7.8m) drunk driving
Skipping API fetch: drunk driving matches local TSV count (51 tracks)
[288/511] (~7.7m) chill solar mix
Skipping API fetch: chill solar mix matches local TSV count (98 tracks)
[289/511] (~7.6m) indie sleeze
Skipping API fetch: indie sleeze matches local TSV count (46 tracks)
[290/511] (~7.6m) helvetia duster static cult
Skipping API fetch: helvetia duster static cult matches local TSV count (125 tracks)
[291/511] (~7.5m) xr monsterfuzz
Skipping API fetch: xr monsterfuzz matches local TSV count (38 tracks)
[292/511] (~7.5m) xr treemusic radio
Skipping API fetch: xr treemusic radio matches local TSV count (428 tracks)
[293/511] (~7.4m) Indie Folk radio
                                                                  0
owned                                                          True
id                               PLWptjpDqazOwnfEMm7GKZnOvVZPJjoc2e
privacy                                                     PRIVATE
description       generated sorting by lastfm playcount for Indi...
views                                                          None
duration                                                   6+ hours
trackCount                                                      416
title                                              Indie Folk radio
author            {'name': 'Jake G', 'id': 'UCDvJYHQoKPhpF-sGFUM...
year                                                           2026
related                                                          []
duration_seconds                                             100437
Sleeping 0.5 seconds.
------------------------------------------------------------------------------------------
[294/511] (~7.4m) electronic Sine Language radio
                                                                  0
owned                                                          True
id                               PLWptjpDqazOzpvFbmM_traIiLIreurZj6
privacy                                                     PRIVATE
description       generated sorting by lastfm playcount for elec...
views                                                          None
duration                                                   7+ hours
trackCount                                                     1521
title                                electronic Sine Language radio
author            {'name': 'Jake G', 'id': 'UCDvJYHQoKPhpF-sGFUM...
year                                                           2026
related                                                          []
duration_seconds                                             443427
Sleeping 0.6 seconds.
------------------------------------------------------------------------------------------
[295/511] (~7.4m) electronic Underjord radio
Skipping API fetch: electronic Underjord radio matches local TSV count (229 tracks)
[296/511] (~7.4m) hiphop old school radio
Skipping API fetch: hiphop old school radio matches local TSV count (696 tracks)
[297/511] (~7.3m) jazz radio
Skipping API fetch: jazz radio matches local TSV count (898 tracks)
[298/511] (~7.2m) xr 80sMusic radio
Skipping API fetch: xr 80sMusic radio matches local TSV count (299 tracks)
[299/511] (~7.2m) xr minimal radio
Skipping API fetch: xr minimal radio matches local TSV count (396 tracks)
[300/511] (~7.1m) xr theOverload
                                                                  0
owned                                                          True
id                               PLWptjpDqazOyzJuUJSFLdFFYBCNtCzIn0
privacy                                                      PUBLIC
description        favorites compiled from reddit sub r/theOverload
views                                                             6
duration                                                   9+ hours
trackCount                                                       93
title                                                xr theOverload
author            {'name': 'Jake G', 'id': 'UCDvJYHQoKPhpF-sGFUM...
year                                                           2026
related                                                          []
duration_seconds                                              33563
Sleeping 0.7 seconds.
------------------------------------------------------------------------------------------
[301/511] (~7.1m) xr minimal
Skipping API fetch: xr minimal matches local TSV count (43 tracks)
[302/511] (~7.0m) Instrumentals Acoustic
Skipping API fetch: Instrumentals Acoustic matches local TSV count (31 tracks)
[303/511] (~7.0m) xr realdubstep
Skipping API fetch: xr realdubstep matches local TSV count (62 tracks)
[304/511] (~6.9m) blues deep roots
Skipping API fetch: blues deep roots matches local TSV count (268 tracks)
[305/511] (~6.9m) soul instrumental grooves
Skipping API fetch: soul instrumental grooves matches local TSV count (92 tracks)
[306/511] (~6.8m) jazz funk cortex vibe
                                                                  0
owned                                                          True
id                               PLWptjpDqazOx-vU9X5wpa0mOaLsf9lCZ2
privacy                                                      PUBLIC
description       Created for dumping likes from jazz funk corte...
views                                                           101
duration                                                  19+ hours
trackCount                                                      286
title                                         jazz funk cortex vibe
author            {'name': 'Jake G', 'id': 'UCDvJYHQoKPhpF-sGFUM...
year                                                           2026
related                                                          []
duration_seconds                                              69786
Sleeping 0.4 seconds.
------------------------------------------------------------------------------------------
[307/511] (~6.8m) jazz fusion cross radio
Skipping API fetch: jazz fusion cross radio matches local TSV count (123 tracks)
[308/511] (~6.7m) 2024 Recap
                                                                  0
owned                                                          True
id                            LRYRi_M2PxQWaFRnpbkHiy64m24V14c__ITSK
privacy                                                     PRIVATE
description       Relive your year in music with your favorite s...
views                                                          None
duration                                                   6+ hours
trackCount                                                      100
title                                                    2024 Recap
author            {'name': 'Jake G', 'id': 'UCDvJYHQoKPhpF-sGFUM...
year                                                           2025
related                                                          []
duration_seconds                                              24236
Sleeping 0.7 seconds.
------------------------------------------------------------------------------------------
[309/511] (~6.7m) Archive Mix
                                                             0
owned                                                    False
id                                                        None
privacy                                                 PUBLIC
description       A mix of songs you haven’t heard in a while.
views                                                     None
duration                                                  None
trackCount                                                None
title                                              Archive Mix
author                   {'name': 'YouTube Music', 'id': None}
year                                                      2026
related                                                     []
duration_seconds                                         34206
Sleeping 0.6 seconds.
------------------------------------------------------------------------------------------
[310/511] (~6.6m) Discover Mix
                                                                  0
owned                                                         False
id                                                             None
privacy                                                      PUBLIC
description       Discover great music, picked just for you. Alw...
views                                                          None
duration                                                       None
trackCount                                                     None
title                                                  Discover Mix
author                        {'name': 'YouTube Music', 'id': None}
year                                                           2026
related                                                          []
duration_seconds                                             133104
Sleeping 0.6 seconds.
------------------------------------------------------------------------------------------
[311/511] (~6.7m) xr ModernRockMusic radio
Skipping API fetch: xr ModernRockMusic radio matches local TSV count (364 tracks)
[312/511] (~6.6m) xr idm radio
Skipping API fetch: xr idm radio matches local TSV count (330 tracks)
[313/511] (~6.6m) zp john prine
Skipping API fetch: zp john prine matches local TSV count (127 tracks)
[314/511] (~6.5m) xr realdubstep radio
Skipping API fetch: xr realdubstep radio matches local TSV count (501 tracks)
[315/511] (~6.5m) xr psychedelicrock albums
                                                                  0
owned                                                          True
id                               PLWptjpDqazOzZ1fNE1koysy9fG0Z4jJaI
privacy                                                     PRIVATE
description       re-generated from x_r.psychedelicrock_albums, ...
views                                                          None
duration                                                   6+ hours
trackCount                                                      446
title                                     xr psychedelicrock albums
author            {'name': 'Jake G', 'id': 'UCDvJYHQoKPhpF-sGFUM...
year                                                           2026
related                                                          []
duration_seconds                                             122137
Sleeping 0.6 seconds.
------------------------------------------------------------------------------------------
[316/511] (~6.4m) Reggae Dub
Skipping API fetch: Reggae Dub matches local TSV count (221 tracks)
[317/511] (~6.4m) xr reggae albums
Skipping API fetch: xr reggae albums matches local TSV count (353 tracks)
[318/511] (~6.3m) xr deephouse radio
Skipping API fetch: xr deephouse radio matches local TSV count (807 tracks)
[319/511] (~6.3m) xr baroque radio
Skipping API fetch: xr baroque radio matches local TSV count (176 tracks)
[320/511] (~6.2m) xr neopsychedelia albums
Skipping API fetch: xr neopsychedelia albums matches local TSV count (97 tracks)
[321/511] (~6.2m) xr idm albums
Skipping API fetch: xr idm albums matches local TSV count (110 tracks)
[322/511] (~6.1m) xr hiphop albums
                                                                  0
owned                                                          True
id                               PLWptjpDqazOzMHdEnLSHBipiaKFvb3nUN
privacy                                                     PRIVATE
description       re-generated from x_r.hiphop_albums, contains ...
views                                                          None
duration                                                   4+ hours
trackCount                                                      388
title                                              xr hiphop albums
author            {'name': 'Jake G', 'id': 'UCDvJYHQoKPhpF-sGFUM...
year                                                           2026
related                                                          []
duration_seconds                                              66327
Sleeping 0.5 seconds.
------------------------------------------------------------------------------------------
[323/511] (~6.1m) xr chillwave albums
Skipping API fetch: xr chillwave albums matches local TSV count (262 tracks)
[324/511] (~6.0m) xr PostRock albums
Skipping API fetch: xr PostRock albums matches local TSV count (188 tracks)
[325/511] (~6.0m) xr synthrock radio
                                                                  0
owned                                                          True
id                               PLWptjpDqazOzcINgMg5ZVLoDMcZr1Qklj
privacy                                                     PRIVATE
description       generated sorting by lastfm playcount for xr s...
views                                                          None
duration                                                   6+ hours
trackCount                                                      164
title                                            xr synthrock radio
author            {'name': 'Jake G', 'id': 'UCDvJYHQoKPhpF-sGFUM...
year                                                           2025
related                                                          []
duration_seconds                                              39722
Sleeping 0.3 seconds.
------------------------------------------------------------------------------------------
[326/511] (~6.0m) xr melodichouse radio
Skipping API fetch: xr melodichouse radio matches local TSV count (593 tracks)
[327/511] (~5.9m) xr jazzyhiphop radio
Skipping API fetch: xr jazzyhiphop radio matches local TSV count (471 tracks)
[328/511] (~5.9m) xr industrialmusic radio
Skipping API fetch: xr industrialmusic radio matches local TSV count (91 tracks)
[329/511] (~5.8m) xr futuresynth radio
Skipping API fetch: xr futuresynth radio matches local TSV count (636 tracks)
[330/511] (~5.8m) xr futuresynth
Skipping API fetch: xr futuresynth matches local TSV count (35 tracks)
[331/511] (~5.7m) xr frenchhouse radio
Skipping API fetch: xr frenchhouse radio matches local TSV count (551 tracks)
[332/511] (~5.7m) xr dub radio
Skipping API fetch: xr dub radio matches local TSV count (278 tracks)
[333/511] (~5.6m) xr disco radio
Skipping API fetch: xr disco radio matches local TSV count (583 tracks)
[334/511] (~5.6m) xr animemusic radio
Skipping API fetch: xr animemusic radio matches local TSV count (247 tracks)
[335/511] (~5.5m) xr altcountry radio
Skipping API fetch: xr altcountry radio matches local TSV count (241 tracks)
[336/511] (~5.5m) xr TropicalHouse radio
Skipping API fetch: xr TropicalHouse radio matches local TSV count (261 tracks)
[337/511] (~5.4m) xr SurfPunk radio
Skipping API fetch: xr SurfPunk radio matches local TSV count (173 tracks)
[338/511] (~5.4m) xr PostRock radio
                                                                  0
owned                                                          True
id                               PLWptjpDqazOxU9ZC6-aHWeq4ZNnEzCbYR
privacy                                                     PRIVATE
description       generated sorting by lastfm playcount for xr P...
views                                                          None
duration                                                  12+ hours
trackCount                                                      373
title                                             xr PostRock radio
author            {'name': 'Jake G', 'id': 'UCDvJYHQoKPhpF-sGFUM...
year                                                           2025
related                                                          []
duration_seconds                                             160771
Sleeping 0.6 seconds.
------------------------------------------------------------------------------------------
[339/511] (~5.3m) xr OldskoolRave radio
Skipping API fetch: xr OldskoolRave radio matches local TSV count (361 tracks)
[340/511] (~5.3m) xr OldiesMusic radio
Skipping API fetch: xr OldiesMusic radio matches local TSV count (272 tracks)
[341/511] (~5.3m) xr ModernRockMusic
Skipping API fetch: xr ModernRockMusic matches local TSV count (23 tracks)
[342/511] (~5.2m) xr MelancholyMusic radio
Skipping API fetch: xr MelancholyMusic radio matches local TSV count (251 tracks)
[343/511] (~5.2m) xr MelancholyMusic
Skipping API fetch: xr MelancholyMusic matches local TSV count (43 tracks)
[344/511] (~5.1m) xr Flamenco radio
Skipping API fetch: xr Flamenco radio matches local TSV count (93 tracks)
[345/511] (~5.1m) xr 90sMusic radio
Skipping API fetch: xr 90sMusic radio matches local TSV count (359 tracks)
[346/511] (~5.0m) xr 90sAlternative radio
Skipping API fetch: xr 90sAlternative radio matches local TSV count (607 tracks)
[347/511] (~5.0m) xr 80sHipHop radio
Skipping API fetch: xr 80sHipHop radio matches local TSV count (280 tracks)
[348/511] (~4.9m) oldies fallout 40s
Skipping API fetch: oldies fallout 40s matches local TSV count (67 tracks)
[349/511] (~4.9m) brass beats
Skipping API fetch: brass beats matches local TSV count (210 tracks)
[350/511] (~4.8m) ambient grouper
Skipping API fetch: ambient grouper matches local TSV count (72 tracks)
[351/511] (~4.8m) ambient japan
Skipping API fetch: ambient japan matches local TSV count (50 tracks)
[352/511] (~4.8m) rockabilly
Skipping API fetch: rockabilly matches local TSV count (81 tracks)
[353/511] (~4.7m) Oldies
                                                                  0
owned                                                          True
id                               PLWptjpDqazOzPesSNSAxO4ai3uOWgeLRe
privacy                                                      PUBLIC
description       Dedupe [05-08-2024] generated from Dancing to ...
views                                                          None
duration                                                  58+ hours
trackCount                                                     1147
title                                                        Oldies
author            {'name': 'Jake G', 'id': 'UCDvJYHQoKPhpF-sGFUM...
year                                                           2026
related                                                          []
duration_seconds                                             211196
Sleeping 0.4 seconds.
------------------------------------------------------------------------------------------
[354/511] (~4.7m) blues electric
Skipping API fetch: blues electric matches local TSV count (82 tracks)
[355/511] (~4.7m) xr chicagohouse radio
Skipping API fetch: xr chicagohouse radio matches local TSV count (92 tracks)
[356/511] (~4.6m) y 2015 top
                                                                  0
owned                                                          True
id                               PLWptjpDqazOwuGQrRBEFKzwcAphqaPaS8
privacy                                                      PUBLIC
description       Top MusicBee tracks for 2015 (updated 10-19-2024)
views                                                          None
duration                                                  69+ hours
trackCount                                                     1051
title                                                    y 2015 top
author            {'name': 'Jake G', 'id': 'UCDvJYHQoKPhpF-sGFUM...
year                                                           2026
related                                                          []
duration_seconds                                             248414
Sleeping 0.6 seconds.
------------------------------------------------------------------------------------------
[357/511] (~4.6m) y 2014 top
                                                                  0
owned                                                          True
id                               PLWptjpDqazOyPnED037mVsdZqhTT8JqFz
privacy                                                      PUBLIC
description       Top MusicBee tracks for 2014 (updated 10-19-2024)
views                                                          None
duration                                                  70+ hours
trackCount                                                     1077
title                                                    y 2014 top
author            {'name': 'Jake G', 'id': 'UCDvJYHQoKPhpF-sGFUM...
year                                                           2026
related                                                          []
duration_seconds                                             253877
Sleeping 0.3 seconds.
------------------------------------------------------------------------------------------
[358/511] (~4.6m) y 2013 top
                                                                  0
owned                                                          True
id                               PLWptjpDqazOwHR2E86174D166s-1vKxbM
privacy                                                     PRIVATE
description       Top MusicBee tracks for 2013 (updated 10-19-2024)
views                                                          None
duration                                                   7+ hours
trackCount                                                     1125
title                                                    y 2013 top
author            {'name': 'Jake G', 'id': 'UCDvJYHQoKPhpF-sGFUM...
year                                                           2024
related                                                          []
duration_seconds                                             284133
Sleeping 0.7 seconds.
------------------------------------------------------------------------------------------
[359/511] (~4.6m) y 2012 top
Skipping API fetch: y 2012 top matches local TSV count (650 tracks)
[360/511] (~4.6m) y 2011 top
Skipping API fetch: y 2011 top matches local TSV count (942 tracks)
[361/511] (~4.5m) y 2010 top
                                                                  0
owned                                                          True
id                               PLWptjpDqazOxRgljpWn5STnFPKFln9P0y
privacy                                                      PUBLIC
description       Top MusicBee tracks for 2010 (updated 10-19-2024)
views                                                          None
duration                                                  54+ hours
trackCount                                                      816
title                                                    y 2010 top
author            {'name': 'Jake G', 'id': 'UCDvJYHQoKPhpF-sGFUM...
year                                                           2026
related                                                          []
duration_seconds                                             194674
Sleeping 0.7 seconds.
------------------------------------------------------------------------------------------
[362/511] (~4.5m) jazz spiritual
Skipping API fetch: jazz spiritual matches local TSV count (31 tracks)
[363/511] (~4.5m) zq dj gold
Skipping API fetch: zq dj gold matches local TSV count (89 tracks)
[364/511] (~4.4m) zq dj mixes library
Skipping API fetch: zq dj mixes library matches local TSV count (279 tracks)
[365/511] (~4.4m) electronic big beats
Skipping API fetch: electronic big beats matches local TSV count (18 tracks)
[366/511] (~4.3m) folk country americana
Skipping API fetch: folk country americana matches local TSV count (225 tracks)
[367/511] (~4.3m) xr 90sPunk
Skipping API fetch: xr 90sPunk matches local TSV count (30 tracks)
[368/511] (~4.3m) rock underground
Skipping API fetch: rock underground matches local TSV count (23 tracks)
[369/511] (~4.2m) beats
                                                                  0
owned                                                          True
id                               PLWptjpDqazOy1zgyOtbr6RhFOBz9GLlqq
privacy                                                      PUBLIC
description       Created for dumping likes from beats2 radio [0...
views                                                          None
duration                                                  58+ hours
trackCount                                                     1296
title                                                         beats
author            {'name': 'Jake G', 'id': 'UCDvJYHQoKPhpF-sGFUM...
year                                                           2024
related                                                          []
duration_seconds                                             233052
Sleeping 0.3 seconds.
------------------------------------------------------------------------------------------
[370/511] (~4.2m) beats instrumental
                                                                  0
owned                                                          True
id                               PLWptjpDqazOy8f5PCWBWS8vfgcnqZ7Kw-
privacy                                                      PUBLIC
description                                Dedupe [08-11-2024] None
views                                                          None
duration                                                  21+ hours
trackCount                                                      409
title                                            beats instrumental
author            {'name': 'Jake G', 'id': 'UCDvJYHQoKPhpF-sGFUM...
year                                                           2024
related                                                          []
duration_seconds                                              82657
Sleeping 0.4 seconds.
------------------------------------------------------------------------------------------
[371/511] (~4.2m) electronic new indie beats
Skipping API fetch: electronic new indie beats matches local TSV count (459 tracks)
[372/511] (~4.2m) Grunge
Skipping API fetch: Grunge matches local TSV count (103 tracks)
[373/511] (~4.1m) Indie psych
Skipping API fetch: Indie psych matches local TSV count (251 tracks)
[374/511] (~4.1m) oldies 1960s
Skipping API fetch: oldies 1960s matches local TSV count (180 tracks)
[375/511] (~4.0m) hiphop wrist twistin
Skipping API fetch: hiphop wrist twistin matches local TSV count (53 tracks)
[376/511] (~4.0m) Oldies radio
Skipping API fetch: Oldies radio matches local TSV count (634 tracks)
[377/511] (~4.0m) oldies doo wop
Skipping API fetch: oldies doo wop matches local TSV count (83 tracks)
[378/511] (~3.9m) oldies 1950s radio
Skipping API fetch: oldies 1950s radio matches local TSV count (395 tracks)
[379/511] (~3.9m) oldies 1950s
Skipping API fetch: oldies 1950s matches local TSV count (222 tracks)
[380/511] (~3.8m) zp kanye
Skipping API fetch: zp kanye matches local TSV count (75 tracks)
[381/511] (~3.8m) zp DJ Premier
Skipping API fetch: zp DJ Premier matches local TSV count (39 tracks)
[382/511] (~3.8m) electronic 1990s electronica
Skipping API fetch: electronic 1990s electronica matches local TSV count (49 tracks)
[383/511] (~3.7m) Grunge radio
Skipping API fetch: Grunge radio matches local TSV count (90 tracks)
[384/511] (~3.7m) zp Dilla
Skipping API fetch: zp Dilla matches local TSV count (48 tracks)
[385/511] (~3.6m) ambient modular synths
Skipping API fetch: ambient modular synths matches local TSV count (36 tracks)
[386/511] (~3.6m) psych ish rock modern
Skipping API fetch: psych ish rock modern matches local TSV count (212 tracks)
[387/511] (~3.6m) beats dj
Skipping API fetch: beats dj matches local TSV count (161 tracks)
[388/511] (~3.5m) hiphop soul good vibe
Skipping API fetch: hiphop soul good vibe matches local TSV count (208 tracks)
[389/511] (~3.5m) rock 1950s roots
Skipping API fetch: rock 1950s roots matches local TSV count (342 tracks)
[390/511] (~3.5m) Reggae Dub radio
Skipping API fetch: Reggae Dub radio matches local TSV count (101 tracks)
[391/511] (~3.4m) jazz library background radio
Skipping API fetch: jazz library background radio matches local TSV count (116 tracks)
[392/511] (~3.4m) xr funkhouse radio
Skipping API fetch: xr funkhouse radio matches local TSV count (212 tracks)
[393/511] (~3.3m) xr futurefunkairlines radio
                                                                  0
owned                                                          True
id                               PLWptjpDqazOw6yhW9nzsRyjfrXa7T2Hi7
privacy                                                     PRIVATE
description       generated sorting by lastfm playcount for x_r....
views                                                          None
duration                                                  10+ hours
trackCount                                                      234
title                                   xr futurefunkairlines radio
author            {'name': 'Jake G', 'id': 'UCDvJYHQoKPhpF-sGFUM...
year                                                           2026
related                                                          []
duration_seconds                                              88690
Sleeping 0.7 seconds.
------------------------------------------------------------------------------------------
[394/511] (~3.3m) electronic house french touch
                                                                  0
owned                                                          True
id                               PLWptjpDqazOxp1vZ3v3kt3nmGOHDMpgm3
privacy                                                      PUBLIC
description       generated from electronic house french touch i...
views                                                            62
duration                                                   7+ hours
trackCount                                                       96
title                                 electronic house french touch
author            {'name': 'Jake G', 'id': 'UCDvJYHQoKPhpF-sGFUM...
year                                                           2026
related                                                          []
duration_seconds                                              27974
Sleeping 0.4 seconds.
------------------------------------------------------------------------------------------
[395/511] (~3.3m) trip hop & Ambien® radio
Skipping API fetch: trip hop & Ambien® radio matches local TSV count (987 tracks)
[396/511] (~3.3m) Japanese City Pop 70s 80s
Skipping API fetch: Japanese City Pop 70s 80s matches local TSV count (11 tracks)
[397/511] (~3.2m) electronic Dance
Skipping API fetch: electronic Dance matches local TSV count (128 tracks)
[398/511] (~3.2m) electronic Dance radio
Skipping API fetch: electronic Dance radio matches local TSV count (227 tracks)
[399/511] (~3.1m) Beats Lofi radio
Skipping API fetch: Beats Lofi radio matches local TSV count (730 tracks)
[400/511] (~3.1m) jazz sunrise
Skipping API fetch: jazz sunrise matches local TSV count (59 tracks)
[401/511] (~3.1m) Beats Lofi
Skipping API fetch: Beats Lofi matches local TSV count (141 tracks)
[402/511] (~3.0m) electronic 1990s late 1980s House
Skipping API fetch: electronic 1990s late 1980s House matches local TSV count (17 tracks)
[403/511] (~3.0m) hiphop Soulquarians
Skipping API fetch: hiphop Soulquarians matches local TSV count (43 tracks)
[404/511] (~3.0m) electronic House Soulful
Skipping API fetch: electronic House Soulful matches local TSV count (20 tracks)
[405/511] (~2.9m) triphop bristol sound
Skipping API fetch: triphop bristol sound matches local TSV count (77 tracks)
[406/511] (~2.9m) zp grateful dead live
Skipping API fetch: zp grateful dead live matches local TSV count (48 tracks)
[407/511] (~2.9m) electronic uk
Skipping API fetch: electronic uk matches local TSV count (277 tracks)
[408/511] (~2.8m) trip hop radio
                                                                  0
owned                                                          True
id                               PLWptjpDqazOyrCxoA4GO8IzRmRLWMCm4x
privacy                                                     PRIVATE
description       generated from trip hop radio includes INDIFFE...
views                                                          None
duration                                                   7+ hours
trackCount                                                      760
title                                                trip hop radio
author            {'name': 'Jake G', 'id': 'UCDvJYHQoKPhpF-sGFUM...
year                                                           2026
related                                                          []
duration_seconds                                             209571
Sleeping 0.7 seconds.
------------------------------------------------------------------------------------------
[409/511] (~2.8m) hiphop get dumb radio
Skipping API fetch: hiphop get dumb radio matches local TSV count (240 tracks)
[410/511] (~2.8m) electronic chills adventure radio
Skipping API fetch: electronic chills adventure radio matches local TSV count (304 tracks)
[411/511] (~2.7m) soul kings and queens radio
Skipping API fetch: soul kings and queens radio matches local TSV count (351 tracks)
[412/511] (~2.7m) oldies 1930-40s naptime
Skipping API fetch: oldies 1930-40s naptime matches local TSV count (29 tracks)
[413/511] (~2.7m) punk 1970s radio
Skipping API fetch: punk 1970s radio matches local TSV count (156 tracks)
[414/511] (~2.6m) synth trip
Skipping API fetch: synth trip matches local TSV count (43 tracks)
[415/511] (~2.6m) 2023 Recap
                                                                  0
owned                                                          True
id                            LRYRcyIJ-WZRDsJ7g1jPvn1OczByk-FqFGa3t
privacy                                                     PRIVATE
description       Replay the soundtrack of your year with these ...
views                                                          None
duration                                                   7+ hours
trackCount                                                      100
title                                                    2023 Recap
author            {'name': 'Jake G', 'id': 'UCDvJYHQoKPhpF-sGFUM...
year                                                           2023
related                                                          []
duration_seconds                                              26499
Sleeping 0.5 seconds.
------------------------------------------------------------------------------------------
[416/511] (~2.6m) jazz blue note latin
Skipping API fetch: jazz blue note latin matches local TSV count (44 tracks)
[417/511] (~2.5m) zp lynchian
Skipping API fetch: zp lynchian matches local TSV count (48 tracks)
[418/511] (~2.5m) jazz ballads
Skipping API fetch: jazz ballads matches local TSV count (89 tracks)
[419/511] (~2.5m) jazz cool
Skipping API fetch: jazz cool matches local TSV count (368 tracks)
[420/511] (~2.4m) instrumental ambient piano radio
Skipping API fetch: instrumental ambient piano radio matches local TSV count (135 tracks)
[421/511] (~2.4m) Hip Hop 1990s east coast
Skipping API fetch: Hip Hop 1990s east coast matches local TSV count (29 tracks)
[422/511] (~2.4m) beats 2010s wonky LA scene
                                                                  0
owned                                                          True
id                               PLWptjpDqazOzLLRGA9sSRR0ZSu54kWdOX
privacy                                                      PUBLIC
description                                                    None
views                                                            53
duration                                                  18+ hours
trackCount                                                      420
title                                    beats 2010s wonky LA scene
author            {'name': 'Jake G', 'id': 'UCDvJYHQoKPhpF-sGFUM...
year                                                           2024
related                                                          []
duration_seconds                                              84563
Sleeping 0.7 seconds.
------------------------------------------------------------------------------------------
[423/511] (~2.4m) jazz gloom smooth
Skipping API fetch: jazz gloom smooth matches local TSV count (150 tracks)
[424/511] (~2.3m) Indie 2000s
Skipping API fetch: Indie 2000s matches local TSV count (233 tracks)
[425/511] (~2.3m) blues delta roots
Skipping API fetch: blues delta roots matches local TSV count (112 tracks)
[426/511] (~2.3m) rock 1967 Monterey Pop Festival
Skipping API fetch: rock 1967 Monterey Pop Festival matches local TSV count (42 tracks)
[427/511] (~2.2m) Hip Hop 2000s southern
Skipping API fetch: Hip Hop 2000s southern matches local TSV count (25 tracks)
[428/511] (~2.2m) electronic soft pad
Skipping API fetch: electronic soft pad matches local TSV count (79 tracks)
[429/511] (~2.2m) Soul Classic Sunshine
Skipping API fetch: Soul Classic Sunshine matches local TSV count (94 tracks)
[430/511] (~2.1m) rock instrumentals classic vintage
                                                                  0
owned                                                          True
id                               PLWptjpDqazOyPuQnGYzu1UXjsSquNdbYF
privacy                                                      PUBLIC
description       generated from rock classic instrumentals radi...
views                                                             2
duration                                                   6+ hours
trackCount                                                      110
title                            rock instrumentals classic vintage
author            {'name': 'Jake G', 'id': 'UCDvJYHQoKPhpF-sGFUM...
year                                                           2024
related                                                          []
duration_seconds                                              23120
Sleeping 0.7 seconds.
------------------------------------------------------------------------------------------
[431/511] (~2.1m) rock stoner sludge dank radio
Skipping API fetch: rock stoner sludge dank radio matches local TSV count (379 tracks)
[432/511] (~2.1m) ambient Indie Synths
Skipping API fetch: ambient Indie Synths matches local TSV count (84 tracks)
[433/511] (~2.1m) christmas crooners radio
Skipping API fetch: christmas crooners radio matches local TSV count (56 tracks)
[434/511] (~2.0m) punk skate or die radio
Skipping API fetch: punk skate or die radio matches local TSV count (87 tracks)
[435/511] (~2.0m) punk 1970s
Skipping API fetch: punk 1970s matches local TSV count (38 tracks)
[436/511] (~2.0m) xr SurfPunk
Skipping API fetch: xr SurfPunk matches local TSV count (24 tracks)
[437/511] (~1.9m) xr HeadNodders
                                                                  0
owned                                                          True
id                               PLWptjpDqazOzwxROuS5wrvJ_GcdiCbSVZ
privacy                                                      PUBLIC
description        favorites compiled from reddit sub r/HeadNodders
views                                                          None
duration                                                   2+ hours
trackCount                                                       29
title                                                xr HeadNodders
author            {'name': 'Jake G', 'id': 'UCDvJYHQoKPhpF-sGFUM...
year                                                           2026
related                                                          []
duration_seconds                                               8396
Sleeping 0.7 seconds.
------------------------------------------------------------------------------------------
[438/511] (~1.9m) xr 80sHipHop
Skipping API fetch: xr 80sHipHop matches local TSV count (31 tracks)
[439/511] (~1.9m) rock proto metal
Skipping API fetch: rock proto metal matches local TSV count (29 tracks)
[440/511] (~1.8m) Indie 1990s Rock
Skipping API fetch: Indie 1990s Rock matches local TSV count (76 tracks)
[441/511] (~1.8m) goth 1980s
Skipping API fetch: goth 1980s matches local TSV count (15 tracks)
[442/511] (~1.8m) Indie 1990s Rock radio
Skipping API fetch: Indie 1990s Rock radio matches local TSV count (121 tracks)
[443/511] (~1.8m) zp True Detective
Skipping API fetch: zp True Detective matches local TSV count (20 tracks)
[444/511] (~1.7m) Indie radio
Skipping API fetch: Indie radio matches local TSV count (281 tracks)
[445/511] (~1.7m) rock surf japanese takeshi teraichi
Skipping API fetch: rock surf japanese takeshi teraichi matches local TSV count (41 tracks)
[446/511] (~1.7m) Rock 1970s progressive
Skipping API fetch: Rock 1970s progressive matches local TSV count (41 tracks)
[447/511] (~1.6m) zp dangermouse
Skipping API fetch: zp dangermouse matches local TSV count (58 tracks)
[448/511] (~1.6m) electronic indie essentials
Skipping API fetch: electronic indie essentials matches local TSV count (67 tracks)
[449/511] (~1.6m) hiphop indie
Skipping API fetch: hiphop indie matches local TSV count (31 tracks)
[450/511] (~1.6m) zp RZA
Skipping API fetch: zp RZA matches local TSV count (27 tracks)
[451/511] (~1.5m) Psychedelic 1960s Orchestra
Skipping API fetch: Psychedelic 1960s Orchestra matches local TSV count (17 tracks)
[452/511] (~1.5m) hawaiian steel guitar
Skipping API fetch: hawaiian steel guitar matches local TSV count (20 tracks)
[453/511] (~1.5m) 2022 Recap
                                                                  0
owned                                                          True
id                            LRYRLOrOqHpexcV9qwghTRoF_Yo5e_Iw9AmPc
privacy                                                     PRIVATE
description       Replay the soundtrack of your year with these ...
views                                                          None
duration                                                   6+ hours
trackCount                                                      100
title                                                    2022 Recap
author            {'name': 'Jake G', 'id': 'UCDvJYHQoKPhpF-sGFUM...
year                                                           2023
related                                                          []
duration_seconds                                              24167
Sleeping 0.7 seconds.
------------------------------------------------------------------------------------------
[454/511] (~1.4m) rock 1960s baroque
Skipping API fetch: rock 1960s baroque matches local TSV count (15 tracks)
[455/511] (~1.4m) electronic house big bass
                                                                  0
owned                                                          True
id                               PLWptjpDqazOzajYKZn3xg8H0uRfLeYjsa
privacy                                                      PUBLIC
description                                                    None
views                                                          None
duration                                                   2+ hours
trackCount                                                       45
title                                     electronic house big bass
author            {'name': 'Jake G', 'id': 'UCDvJYHQoKPhpF-sGFUM...
year                                                           2024
related                                                          []
duration_seconds                                              11390
Sleeping 0.7 seconds.
------------------------------------------------------------------------------------------
[456/511] (~1.4m) Hip Hop 2000s radio
Skipping API fetch: Hip Hop 2000s radio matches local TSV count (71 tracks)
[457/511] (~1.4m) zp world of kurt cobain
Skipping API fetch: zp world of kurt cobain matches local TSV count (53 tracks)
[458/511] (~1.3m) rock 1970s pop singer songwriters
Skipping API fetch: rock 1970s pop singer songwriters matches local TSV count (64 tracks)
[459/511] (~1.3m) Chillwave
Skipping API fetch: Chillwave matches local TSV count (366 tracks)
[460/511] (~1.3m) xr HeadNodders radio
Skipping API fetch: xr HeadNodders radio matches local TSV count (132 tracks)
[461/511] (~1.3m) xr synthrock
Skipping API fetch: xr synthrock matches local TSV count (26 tracks)
[462/511] (~1.2m) rock 1950s roots radio
                                                                  0
owned                                                          True
id                               PLWptjpDqazOxgPRm2XzXiGc9MqydHQqzu
privacy                                                     PRIVATE
description       generated from rock 1950s roots radio includes...
views                                                          None
duration                                                   4+ hours
trackCount                                                      394
title                                        rock 1950s roots radio
author            {'name': 'Jake G', 'id': 'UCDvJYHQoKPhpF-sGFUM...
year                                                           2026
related                                                          []
duration_seconds                                              60042
Sleeping 0.4 seconds.
------------------------------------------------------------------------------------------
[463/511] (~1.2m) rock proto metal radio
Skipping API fetch: rock proto metal radio matches local TSV count (97 tracks)
[464/511] (~1.2m) zp world of elliot smith
Skipping API fetch: zp world of elliot smith matches local TSV count (49 tracks)
[465/511] (~1.1m) folk fall indie chill
Skipping API fetch: folk fall indie chill matches local TSV count (338 tracks)
[466/511] (~1.1m) rock 1969 Woodstock
Skipping API fetch: rock 1969 Woodstock matches local TSV count (38 tracks)
[467/511] (~1.1m) electronic frequencies radio
Skipping API fetch: electronic frequencies radio matches local TSV count (151 tracks)
[468/511] (~1.1m) goth 1980s radio
Skipping API fetch: goth 1980s radio matches local TSV count (111 tracks)
[469/511] (~1.0m) hiphop soul good vibe radio
Skipping API fetch: hiphop soul good vibe radio matches local TSV count (91 tracks)
[470/511] (~1.0m) jazz for spies radio
Skipping API fetch: jazz for spies radio matches local TSV count (53 tracks)
[471/511] (~1.0m) instrumental piano classical radio
Skipping API fetch: instrumental piano classical radio matches local TSV count (72 tracks)
[472/511] (~1.0m) Rock modern The New Age of Classic radio
Skipping API fetch: Rock modern The New Age of Classic radio matches local TSV count (84 tracks)
[473/511] (~0.9m) Hip Hop 1980s
Skipping API fetch: Hip Hop 1980s matches local TSV count (25 tracks)
[474/511] (~0.9m) zp world of velvet underground
Skipping API fetch: zp world of velvet underground matches local TSV count (27 tracks)
[475/511] (~0.9m) rock 2000s
Skipping API fetch: rock 2000s matches local TSV count (124 tracks)
[476/511] (~0.9m) zp Beatles
Skipping API fetch: zp Beatles matches local TSV count (194 tracks)
[477/511] (~0.8m) Instrumental Acoustic Guitar Explorations
Skipping API fetch: Instrumental Acoustic Guitar Explorations matches local TSV count (56 tracks)
[478/511] (~0.8m) my balls your chill
Skipping API fetch: my balls your chill matches local TSV count (329 tracks)
[479/511] (~0.8m) rock Motorik
Skipping API fetch: rock Motorik matches local TSV count (48 tracks)
[480/511] (~0.8m) rock blues
Skipping API fetch: rock blues matches local TSV count (85 tracks)
[481/511] (~0.7m) xr lofihiphop albums
Skipping API fetch: xr lofihiphop albums matches local TSV count (165 tracks)
[482/511] (~0.7m) blues texas roots
Skipping API fetch: blues texas roots matches local TSV count (25 tracks)
[483/511] (~0.7m) Rock Sand Dunes & Guitars
Skipping API fetch: Rock Sand Dunes & Guitars matches local TSV count (31 tracks)
[484/511] (~0.7m) bluegrass billy
Skipping API fetch: bluegrass billy matches local TSV count (10 tracks)
[485/511] (~0.6m) beats cosmic Slop
Skipping API fetch: beats cosmic Slop matches local TSV count (35 tracks)
[486/511] (~0.6m) Chill Supermix
                                                                  0
owned                                                         False
id                                                             None
privacy                                                      PUBLIC
description       Relax and let go with this mix of songs that s...
views                                                          None
duration                                                       None
trackCount                                                     None
title                                                Chill Supermix
author                        {'name': 'YouTube Music', 'id': None}
year                                                           2026
related                                                          []
duration_seconds                                             324384
Sleeping 0.6 seconds.
------------------------------------------------------------------------------------------
[487/511] (~0.6m) ambient haunting harmonious
Skipping API fetch: ambient haunting harmonious matches local TSV count (139 tracks)
[488/511] (~0.6m) rock modern chill
                                                                  0
owned                                                          True
id                               PLWptjpDqazOx_oQp1XIOyfRq0FRRppsOV
privacy                                                      PUBLIC
description                                                    None
views                                                            19
duration                                                  38+ hours
trackCount                                                      671
title                                             rock modern chill
author            {'name': 'Jake G', 'id': 'UCDvJYHQoKPhpF-sGFUM...
year                                                           2026
related                                                          []
duration_seconds                                             139862
Sleeping 0.7 seconds.
------------------------------------------------------------------------------------------
[489/511] (~0.6m) ambient Dream Pop Deep Sleep
Skipping API fetch: ambient Dream Pop Deep Sleep matches local TSV count (47 tracks)
[490/511] (~0.5m) rock surf modern
Skipping API fetch: rock surf modern matches local TSV count (56 tracks)
[491/511] (~0.5m) reggae modern
Skipping API fetch: reggae modern matches local TSV count (32 tracks)
[492/511] (~0.5m) rock 1980s college on air
Skipping API fetch: rock 1980s college on air matches local TSV count (55 tracks)
[493/511] (~0.5m) zp elvis
Skipping API fetch: zp elvis matches local TSV count (41 tracks)
[494/511] (~0.4m) rock Deep Cut Kick Back
                                                                  0
owned                                                          True
id                               PLWptjpDqazOzkGZCHuOvugw5ho0MUqRn4
privacy                                                      PUBLIC
description       generated from Deep Cut Kick Back includes LIK...
views                                                            54
duration                                                   3+ hours
trackCount                                                       56
title                                       rock Deep Cut Kick Back
author            {'name': 'Jake G', 'id': 'UCDvJYHQoKPhpF-sGFUM...
year                                                           2024
related                                                          []
duration_seconds                                              12966
Sleeping 0.4 seconds.
------------------------------------------------------------------------------------------
[495/511] (~0.4m) electronic 2010s
Skipping API fetch: electronic 2010s matches local TSV count (50 tracks)
[496/511] (~0.4m) electronic Analog Grooves
Skipping API fetch: electronic Analog Grooves matches local TSV count (101 tracks)
[497/511] (~0.4m) electronic house dj
Skipping API fetch: electronic house dj matches local TSV count (90 tracks)
[498/511] (~0.3m) zp Pink Floyd epic
Skipping API fetch: zp Pink Floyd epic matches local TSV count (10 tracks)
[499/511] (~0.3m) zq dj edits
Skipping API fetch: zq dj edits matches local TSV count (209 tracks)
[500/511] (~0.3m) soul rock covers
Skipping API fetch: soul rock covers matches local TSV count (25 tracks)
[501/511] (~0.3m) hiphop trap rap dj
Skipping API fetch: hiphop trap rap dj matches local TSV count (41 tracks)
[502/511] (~0.2m) zq dj remix
Skipping API fetch: zq dj remix matches local TSV count (72 tracks)
[503/511] (~0.2m) hiphop futurebeats
Skipping API fetch: hiphop futurebeats matches local TSV count (56 tracks)
[504/511] (~0.2m) soul rnb dj
Skipping API fetch: soul rnb dj matches local TSV count (42 tracks)
[505/511] (~0.2m) nudisco smooth
Skipping API fetch: nudisco smooth matches local TSV count (46 tracks)
[506/511] (~0.1m) electronic hard dj
                                                                  0
owned                                                          True
id                               PLWptjpDqazOzXF1qeQkLg_PXxPj5_LH62
privacy                                                      PUBLIC
description                                                    None
views                                                          None
duration                                                   1+ hours
trackCount                                                       28
title                                            electronic hard dj
author            {'name': 'Jake G', 'id': 'UCDvJYHQoKPhpF-sGFUM...
year                                                           2024
related                                                          []
duration_seconds                                               8703
Sleeping 0.3 seconds.
------------------------------------------------------------------------------------------
[507/511] (~0.1m) ambiant electro
Skipping API fetch: ambiant electro matches local TSV count (65 tracks)
[508/511] (~0.1m) ambient BOC
Skipping API fetch: ambient BOC matches local TSV count (41 tracks)
[509/511] (~0.1m) y 2019 top 50 albums
Skipping API fetch: y 2019 top 50 albums matches local TSV count (717 tracks)
[510/511] (~0.0m) y 2018 top 50 albums
Skipping API fetch: y 2018 top 50 albums matches local TSV count (556 tracks)
[511/511] (~0.0m) Episodes for Later
Skipping: Episodes for Later, due to zero tracks
Backed up playlist metadata:
                                  title  trackCount  privacy                                  id
0                           Liked Music     20000.0   PUBLIC                                  LM
1                         zz not like 0      3000.0  PRIVATE  PLWptjpDqazOzXVGZ4OcnjuyhfAyiCkLWP
2                           indie twang        20.0  PRIVATE                       PLDsdY14asSrM
3    shoegaze music i hump my pillow to        47.0  PRIVATE                       PLfKe1El8sz_8
4                     indie twang radio        21.0  PRIVATE                       PLNsR703Yc7pI
..                                  ...         ...      ...                                 ...
505                  electronic hard dj        28.0   PUBLIC  PLWptjpDqazOzXF1qeQkLg_PXxPj5_LH62
506                     ambiant electro        65.0      NaN  PLWptjpDqazOzjaFOAlWV37AywCmro60ET
507                         ambient BOC        41.0      NaN  PLWptjpDqazOzITeP_G67GYyhln2-XDjjp
508                y 2019 top 50 albums       717.0      NaN  PLWptjpDqazOwbez3EwGvXZ_HSb0Y_L2uG
509                y 2018 top 50 albums       556.0      NaN  PLWptjpDqazOwXmARvM-jU6w9tw6PCwpED

[510 rows x 4 columns]
Fetched playlist metadata in 11.71 minutes
Fetching library tracks (approx 7 min)...
Fetched 5022 tracks in 0.57 minutes


Normalizing and Concatenating tracks...
Deduplicating 194584 tracks...
Backed up 510 playlists and 122561 unique tracks
Job completed in 12.83 minutes to: B:\Projects\_Projects_Synced\music-library\ytmusic\playlists
Re-adding 58 tracks now LIKE
Track database has 252904 tracks
Found 947 unique new tracks
Warning: No valid albumId found for track: Blur Archive Project - nan - Blur - Song 2 (Instrumental). Skipping album metadata.
[1/947] Blur Archive Project - nan - Blur - Song 2 (Instrumental) -> INDIFFERENT
[2/947] Teen Suicide - 10 Years of Bluetile - We Found Two Dead Swans and Filled Their Bodies with Flowers -> LIKE (2012)
[3/947] Triptides - Azur - Not Mine -> INDIFFERENT (2015)
[4/947] cezanne - sainte-victoire - sainte-victoire -> INDIFFERENT (2026)
[5/947] Rivaro - Silhouette - Silhouette -> INDIFFERENT (2026)
[6/947] (~5.8m) Adrianne Lenker - a-sides and besides - Ringing Bells -> INDIFFERENT (2014)
[7/947] (~6.0m) Nate Steckler - habromania - petrichor -> INDIFFERENT (2021)
[8/947] (~6.1m) Adrianne Lenker - Hours Were the Birds - Hours Were the Birds -> INDIFFERENT (2014)
[9/947] (~6.3m) geods sorèd - Bright - Walking on sunshine -> INDIFFERENT (2023)
[10/947] (~6.2m) NORRA - Thinkin Bout U - Thinkin Bout U -> INDIFFERENT (2026)
[11/947] (~6.2m) Sunbeam Sound Machine - Sunbeam Sound Machine - I Dreamt I Saw You In A Dream -> INDIFFERENT (2013)
[12/947] (~6.1m) Daffo - Pest - Seed -> INDIFFERENT (2023)
[13/947] (~6.0m) Mali Velasquez - I'm Green - Turn Red -> INDIFFERENT (2023)
[14/947] (~6.0m) Slothrust - Everyone Else - Pigpen -> INDIFFERENT (2016)
[15/947] (~5.9m) Her New Knife - Destroza - Piled Up -> INDIFFERENT (2021)
[16/947] (~5.9m) Daffo - Poor Madeline (Alt. Version) - Poor Madeline (Alt. Version) -> INDIFFERENT (2024)
[17/947] (~6.0m) Yot Club - Comfort Zone - Comfort Zone -> INDIFFERENT (2019)
[18/947] (~6.0m) Black Marble - A Different Arrangement - A Different Arrangement -> INDIFFERENT (2012)
[19/947] (~6.1m) Choir Boy - Passive with Desire - Two Lips -> INDIFFERENT (2016)
[20/947] (~6.1m) Milo Jax - Tell Me The Truth - Tell Me The Truth -> LIKE (2026)
[21/947] (~6.1m) Black Marble - Life in Small Spaces - Jim Carol New Year -> INDIFFERENT (2026)
[22/947] (~6.1m) ANGXL - Monaco '93 - Monaco '93 -> INDIFFERENT (2024)
[23/947] (~6.2m) Rising Son - Jah Jah Robe - Jah Jah Robe -> INDIFFERENT (2025)
[24/947] (~6.2m) After Midnight - Lights Blur Your Name - Lights Blur Your Name -> INDIFFERENT (2026)
[25/947] (~6.2m) Don Carlos - Prophecy - Working Everyday -> INDIFFERENT (1981)
[26/947] (~6.3m) Hans Zimmer - Interstellar (Original Motion Picture Soundtrack) [Expanded Edition] - Message from Home -> INDIFFERENT (2014)
[27/947] (~6.3m) Daniel Allan - Bet You Didn't Need - Bet You Didn't Need -> LIKE (2025)
[28/947] (~6.3m) P.H.F. - I Hate Myself - Tru -> INDIFFERENT (2018)
[29/947] (~6.3m) A Beacon School - Cola - Heat Wave -> INDIFFERENT (2019)
[30/947] (~6.3m) A Country Western - Going Home - Going Home -> LIKE (2021)
[31/947] (~6.3m) Trinix - Sunset Memories - Sunset Memories -> INDIFFERENT (2022)
[32/947] (~6.4m) is it sunday? - pulled by the blue(s) - just a dream -> INDIFFERENT (2026)
[33/947] (~6.3m) Fred Irie - Skin & Palo Santo - Skin & Palo Santo -> INDIFFERENT (2026)
[34/947] (~6.4m) ANOTR - The Reset - Canvas -> INDIFFERENT (2022)
[35/947] (~6.4m) Iam6teen - Consider The Flowers - June -> INDIFFERENT (2025)
Warning: No valid albumId found for track: Vibin'  - nan - Scientifik - I Ain't The Damn One (BA Production Remix). Skipping album metadata.
[36/947] (~6.2m) Vibin' 🎼 - nan - Scientifik - I Ain't The Damn One (BA Production Remix) -> INDIFFERENT
[37/947] (~6.2m) A Country Western - A Country Western - On Edge -> INDIFFERENT (2020)
[38/947] (~6.2m) Brain Sick Mob - Unreleased Siccness - Time to Shine -> INDIFFERENT (2017)
[39/947] (~6.2m) P.H.F. - 9MM - Queen (feat. Clairo) -> LIKE (2016)
[40/947] (~6.2m) SLXMY - Michele Mouton - MICHELE MOUTON -> INDIFFERENT (2024)
[41/947] (~6.3m) Bryant BRX - I've Been Dancing - I've Been Dancing -> INDIFFERENT (2024)
[42/947] (~6.3m) Hardwe're - Nick Wiz Presents: Cellar Sounds, Vol. 3: 1992-1998 - The Bricks -> INDIFFERENT (2013)
[43/947] (~6.3m) PXRKX - GRAND PRIX - GRAND PRIX -> INDIFFERENT (2024)
[44/947] (~6.3m) Gold Panda - Mountain / Financial District - Financial District -> LIKE (2012)
[45/947] (~6.2m) Mali Velasquez - Shove - Shove -> INDIFFERENT (2023)
[46/947] (~6.2m) Her New Knife - chrome is lullaby - vesselera -> INDIFFERENT (2024)
[47/947] (~6.2m) Dove Ellis - Pale Song / Love Is - Pale Song -> LIKE (2025)
[48/947] (~6.2m) Lago - One Thing At A Time - One Thing At A Time -> INDIFFERENT (2026)
[49/947] (~6.2m) Jo Paciello - The Autumn Radio Collection - The Big Sun (Radio Edit) -> INDIFFERENT (2024)
[50/947] (~6.2m) late night drive home - as i watch my life online - she came for a sweet time -> INDIFFERENT (2025)
[51/947] (~6.2m) Carlos Sane - Just a Dream - Just a Dream -> INDIFFERENT (2026)
[52/947] (~6.2m) Lonely Lies - Love You Back (GTA Rally) - Love You Back (GTA Rally) -> INDIFFERENT (2024)
[53/947] (~6.2m) A Country Western - When Was Yesterday - When Was Yesterday -> INDIFFERENT (2022)
[54/947] (~6.2m) Black Marble - Fast Idol - The Garden -> INDIFFERENT (2021)
[55/947] (~6.1m) French Kicks - Swimming - Sex Tourists -> INDIFFERENT (2008)
[56/947] (~6.1m) Black Marble - Fast Idol - Bodies -> INDIFFERENT (2021)
[57/947] (~6.1m) Miki Ikhifa - Nkosi's Fantasia: Chapter One - Nkosi's Fantasia -> INDIFFERENT (2023)
[58/947] (~6.1m) i don't like mirrors - memory - memory -> INDIFFERENT (2023)
[59/947] (~6.1m) drexxst - KITTY RALLY - KITTY RALLY -> INDIFFERENT (2024)
WARNING: Missing artistId (NaN) for track: "Lucky To Be Me". Processing anyway...
Warning: No valid albumId found for track: Bill Evans Trio - Everybody Digs Bill Evans - Lucky To Be Me. Skipping album metadata.
[60/947] (~6.1m) Bill Evans Trio - Everybody Digs Bill Evans - Lucky To Be Me -> nan
[61/947] (~6.1m) Night Tapes - loner - loner -> INDIFFERENT (2024)
[62/947] (~6.1m) The Gladiators - Gladiators Singles - Mister Baldwin -> INDIFFERENT (2015)
[63/947] (~6.1m) Svard - Scratch Card - Scratch Card -> INDIFFERENT (2025)
[64/947] (~6.0m) Luna Sera - Say Less - Say Less -> INDIFFERENT (2026)
[65/947] (~6.1m) David Chappell - Aeon - Live to See Tomorrow -> INDIFFERENT (2020)
[66/947] (~6.1m) kensuke ushio - Ping Pong (Original Soundtrack) - Hero Theme -> INDIFFERENT (2014)
[67/947] (~6.1m) The Be Good Tanyas - Blue Horse - Lakes of Pontchartrain -> INDIFFERENT (2019)
[68/947] (~6.1m) Thrust - Do You Understand? (SCAM Remix) - Do You Understand? (SCAM Remix) -> INDIFFERENT (2021)
[69/947] (~6.1m) Blackbird Blackbird - Om Lounge, Vol. 12 - Happy With You -> INDIFFERENT (2012)
[70/947] (~6.1m) Miilkbone - Da' Miilkrate - Kids On The Ave -> INDIFFERENT (1995)
[71/947] (~6.1m) sunday museum - soft waves - soft waves -> INDIFFERENT (2024)
[72/947] (~6.1m) Tim Sanders - House Music Will Never Die - House Music Will Never Die -> INDIFFERENT (2025)
[73/947] (~6.1m) Far Caspian - Pretend - Pretend (feat. BOYO) -> INDIFFERENT (2021)
[74/947] (~6.1m) Starjunk 95 - Spectra Ocean Dream Circuit - Spectra Ocean Dream Circuit -> INDIFFERENT (2024)
[75/947] (~6.1m) Slothrust - Everyone Else - Rotten Pumpkin -> INDIFFERENT (2016)
[76/947] (~6.1m) waveform* - Shooting Star - Mean -> LIKE (2019)
[77/947] (~6.1m) Tyler, The Creator - BEST INTEREST - BEST INTEREST -> INDIFFERENT (2020)
[78/947] (~6.1m) Nothing - Guilty of Everything - Beat Around the Bush -> INDIFFERENT (2014)
Warning: No valid albumId found for track: Paul Owen Music - nan - Speed o' Sound Sonic Theme ONE PUNCH MAN HQ Epic Rock Cover. Skipping album metadata.
[79/947] (~6.0m) Paul Owen Music - nan - Speed o' Sound Sonic Theme ONE PUNCH MAN HQ Epic Rock Cover -> INDIFFERENT
[80/947] (~6.0m) Siberia - Ocean of Jazz - Ocean of Jazz -> LIKE (2024)
[81/947] (~6.0m) Soul Legend - think of u more - think of u more -> INDIFFERENT (2026)
[82/947] (~6.0m) Lure Division - OMNIMOVIE - Until You Heal -> INDIFFERENT (2022)
[83/947] (~6.0m) valtis - GAZOO - GAZOO -> INDIFFERENT (2025)
[84/947] (~6.0m) Phoebe Bridgers - Punisher - Graceland Too -> LIKE (2020)
[85/947] (~6.0m) the wine is ok - pinot noir - pinot noir -> INDIFFERENT (2025)
[86/947] (~6.0m) Berserk - Mind Control - Mind Control -> INDIFFERENT (2024)
[87/947] (~6.0m) Amusement Parks On Fire - Amusement Parks On Fire - Local Boy Makes God -> LIKE (2004)
[88/947] (~6.0m) Noxygen - RALLY STATION (SPEED UP) - RALLY STATION (SPEED UP) -> INDIFFERENT (2024)
[89/947] (~6.0m) Barbara Tucker - Beautiful People (Obskür Remix) - Beautiful People (Obskür Remix) -> INDIFFERENT (2022)
[90/947] (~6.0m) sunflwr - appa - appa -> LIKE (2022)
[91/947] (~6.0m) Olive - Out Of Office - Out Of Office -> INDIFFERENT (2026)
[92/947] (~6.0m) Built To Spill - Untethered Moon - Never Be the Same -> LIKE (2015)
[93/947] (~6.0m) Lords Of The Underground - What I'm After - What I'm After -> INDIFFERENT (2001)
[94/947] (~6.0m) Bolden. - Turn and turn. - Turn and turn. -> INDIFFERENT (2024)
[95/947] (~6.0m) Leith Ross - To Learn, More - Monogamy -> INDIFFERENT (2023)
[96/947] (~6.0m) CK9C - You Can't Hide - You Can't Hide (feat. Elizabeth Ann) -> INDIFFERENT (2017)
[97/947] (~6.0m) U-Roy - Love is Not a Gamble - Please Don't Rock My Boat -> INDIFFERENT (1980)
[98/947] (~6.0m) Adrianne Lenker - a-sides and besides - New York City -> INDIFFERENT (2014)
[99/947] (~6.0m) Shrimp - this body means nothing to me - this body means nothing to me -> LIKE (2019)
[100/947] (~6.0m) geods sorèd - Otherworld - France -> INDIFFERENT (2022)
[101/947] (~6.0m) ibz! - I WILL REMEMBER - I WILL REMEMBER -> INDIFFERENT (2026)
[102/947] (~5.9m) Shyheim - Shyheim A.K.A. The Rugged Child - On And On -> INDIFFERENT (1994)
[103/947] (~5.9m) Godfather Don - Beats, Bangers & Biscuits at 535 E 55th St - For Ya Ear -> INDIFFERENT (2020)
[104/947] (~5.9m) aclara - Braunau Am Inn - Ben Thaker-Fell -> INDIFFERENT (2024)
[105/947] (~5.9m) Cultural Roots - Hell a go pop - Love Feelings -> INDIFFERENT (1984)
[106/947] (~5.9m) A Beacon School - Fade in Nylon - Fade In Nylon -> INDIFFERENT (2019)
[107/947] (~5.9m) Momma - Interloper - Signed Hunter -> LIKE (2018)
[108/947] (~5.9m) geods sorèd - Highest Point - Highest Point -> INDIFFERENT (2026)
[109/947] (~5.9m) LNRT - All Night Long - All Night Long -> INDIFFERENT (2025)
[110/947] (~5.9m) Adrianne Lenker - a-sides and besides - Jonathan -> LIKE (2014)
[111/947] (~5.9m) Nothing - Guilty of Everything - Bent Nail -> INDIFFERENT (2014)
[112/947] (~5.9m) ivri - tower of memories - tower of memories -> INDIFFERENT (2025)
[113/947] (~5.9m) vano1337 - EP 3 - wausau -> INDIFFERENT (2024)
[114/947] (~5.9m) Hardwe're - Nick Wiz Presents: Cellar Sounds, Vol. 4: 1992-1998 - The Pressure -> INDIFFERENT (2015)
[115/947] (~5.9m) Black Marble - A Different Arrangement - Last -> INDIFFERENT (2012)
[116/947] (~5.9m) Rick Flair - Lose Control - Lose Control -> INDIFFERENT (2025)
[117/947] (~5.9m) Frog - Count Bateman - Hartsdale Hotbox -> INDIFFERENT (2019)
[118/947] (~5.9m) Shiro SAGISU - BERSERK The Golden Age Arc MEMORIAL EDITION ORIGINAL SOUNDTRACK Disc 1 - Blood and Guts -> INDIFFERENT (2023)
[119/947] (~5.9m) julie - my anti-aircraft friend - feminine adornments -> INDIFFERENT (2024)
[120/947] (~5.9m) Black Marble - Weight Against the Door - Backwards -> INDIFFERENT (2012)
[121/947] (~5.9m) The Boulevard Connection - Sut Min Pik EP - Haagen-Daz (Clean Edit) -> INDIFFERENT (2019)
[122/947] (~5.9m) DarkestCat - Bright grey - Bright grey -> INDIFFERENT (2023)
[123/947] (~5.8m) A Beacon School - Cola - Ash -> LIKE (2019)
[124/947] (~5.8m) Bitimi - Anime Orchestrated - Naruto Main Theme (From 'Naruto') (Epic Version) -> INDIFFERENT (2024)
[125/947] (~5.8m) Maxsrine - Get Lazy - Get Lazy -> INDIFFERENT (2024)
[126/947] (~5.8m) dj something - I Feel Like DJ Something - Untitled3 -> INDIFFERENT (2023)
[127/947] (~5.8m) Black Moon - Who Got Da Props b/w F**k It Up - Who Got Da Props (Evil Dee's Deadly Mix) -> INDIFFERENT (2016)
[128/947] (~5.8m) Jazzwaves - Roses in Rome - Roses in Rome -> INDIFFERENT (2024)
[129/947] (~5.8m) LAMANT - DO YOU STILL? - DO YOU STILL? -> INDIFFERENT (2023)
[130/947] (~5.8m) The Be Good Tanyas - Blue Horse - Oh Susanna -> INDIFFERENT (2019)
[131/947] (~5.8m) Reese Witherspoon - Sing 2 (Original Motion Picture Soundtrack) - Break Free -> INDIFFERENT (2021)
[132/947] (~5.8m) Willyrodriguezwastaken - wetdream - *untitled* -> INDIFFERENT (2023)
[133/947] (~5.8m) Hazel English - PDA - PDA -> INDIFFERENT (2017)
[134/947] (~5.8m) Bolden. - Who you really are. - Who you really are. -> INDIFFERENT (2026)
[135/947] (~5.8m) Big Thief - Dragon New Warm Mountain I Believe in You - Blue Lightning -> LIKE (2022)
[136/947] (~5.8m) Faye Webster - Faye Webster - She Won't Go Away -> LIKE (2017)
[137/947] (~5.7m) Teen Suicide - dc snuff film / waste yrself - dont like me -> INDIFFERENT (2015)
[138/947] (~5.7m) Samia - Scout - As You Are -> INDIFFERENT (2021)
[139/947] (~5.7m) Whirr - Raw Blue (Deluxe Edition) - Speeding -> INDIFFERENT (2025)
[140/947] (~5.7m) Okvsho - Kamala's Danz - Luis Leads to the Galaxy -> INDIFFERENT (2020)
[141/947] (~5.7m) A Beacon School - KITM - KITM -> INDIFFERENT (2023)
[142/947] (~5.7m) Can U - House Is A Cure - House Is A Cure -> INDIFFERENT (2026)
[143/947] (~5.7m) Black Marble - I Must Be Living Twice - Johnny and Mary -> INDIFFERENT (2020)
[144/947] (~5.7m) Adrianne Lenker - Bright Future - Sadness As A Gift -> LIKE (2024)
[145/947] (~5.7m) Bon Entendeur - Fio Maravilha - Fio Maravilha -> INDIFFERENT (2024)
[146/947] (~5.7m) Baby4 - Act Right - Act Right -> INDIFFERENT (2024)
[147/947] (~5.7m) Moose Blood - I'll Keep You in Mind, From Time to Time - Cherry -> INDIFFERENT (2014)
[148/947] (~5.6m) Pinkshinyultrablast - The Cherry Pit - The Cherry Pit -> INDIFFERENT (2016)
[149/947] (~5.6m) Harry Nicholson - Cruising - Cruising -> INDIFFERENT (2023)
[150/947] (~5.6m) Indoor Voices - S/T - So Smart -> INDIFFERENT (2012)
[151/947] (~5.6m) Okvsho - Between Us - Between Us -> INDIFFERENT (2024)
[152/947] (~5.6m) WILL1ONE - BROKE HIT - BROKE HIT -> INDIFFERENT (2025)
Warning: No valid albumId found for track: OGDonNinja - nan - MAD ONE - DIMENSION (1995 DEMO). Skipping album metadata.
[153/947] (~5.6m) OGDonNinja - nan - MAD ONE - DIMENSION (1995 DEMO) -> INDIFFERENT
[154/947] (~5.6m) very cool tutorials - Trap Royalty - Trap Royalty -> INDIFFERENT (2025)
[155/947] (~5.6m) George Clanton - Slide - Walk Slowly -> INDIFFERENT (2018)
[156/947] (~5.6m) Real Deep - Night Shift Feelings - Night Shift Feelings -> INDIFFERENT (2026)
[157/947] (~5.6m) Miilkbone - Nick Wiz Presents: Cellar Sounds, Vol. 2: 1992-1998 - This One or That One -> INDIFFERENT (2013)
[158/947] (~5.5m) galen tipton - nymph tones - sleepy turtle -> INDIFFERENT (2022)
[159/947] (~5.5m) redhead - you took everything from me - you took everything from me -> INDIFFERENT (2025)
[160/947] (~5.5m) Phish - Live Phish: 10/30/10, Boardwalk Hall, Atlantic City, NJ - Backwards Down The Number Line -> INDIFFERENT (2011)
[161/947] (~5.5m) Adrianne Lenker - a-sides and besides - Money -> INDIFFERENT (2014)
[162/947] (~5.5m) Pinkshinyultrablast - Everything Else Matters - Wish We Were -> INDIFFERENT (2015)
[163/947] (~5.5m) Killswitch Memories - Surreal (Alt Versions) - Surreal (Instrumental) -> INDIFFERENT (2025)
[164/947] (~5.5m) Die Spitz - Teeth - Marrowbone -> INDIFFERENT (2023)
[165/947] (~5.5m) Daffo - Pest - The Experiment (Bonus Track) -> INDIFFERENT (2023)
[166/947] (~5.5m) Jack Marlow - hat-trick - Pressure FM (is your boss being a prick at work?) -> INDIFFERENT (2024)
[167/947] (~5.5m) geods sorèd - See Yourself - See Yourself -> INDIFFERENT (2024)
[168/947] (~5.5m) Macabre Plaza - Out With the Old in With the Taboo - A Bird's Last Look -> INDIFFERENT (2022)
[169/947] (~5.5m) Heather B - Takin Mine - Sendin' Em Back -> INDIFFERENT (1996)
[170/947] (~5.5m) Oliver Crosby - computer love - computer love -> INDIFFERENT (2024)
[171/947] (~5.5m) Valium Aggelein - Black Moon - Liftoff In Stereo -> INDIFFERENT (2020)
[172/947] (~5.5m) Nobuo Uematsu - FINAL FANTASY VI Original Soundtrack - セリスのテーマ - Celes's Theme -> INDIFFERENT (1994)
[173/947] (~5.5m) Not For Radio - Melt - Swan -> INDIFFERENT (2025)
[174/947] (~5.4m) FE4RDEER - RALLY ZONE - RALLY ZONE -> INDIFFERENT (2025)
[175/947] (~5.4m) airshade - you need it - you need it -> INDIFFERENT (2025)
[176/947] (~5.4m) Black Marble - Weight Against the Door - Balancing -> INDIFFERENT (2012)
[177/947] (~5.4m) Cielo - Wonderful World - Wonderful World -> INDIFFERENT (2026)
[178/947] (~5.4m) Painted Dunes - destinations - destinations -> INDIFFERENT (2025)
[179/947] (~5.4m) Pharozen - Admiring You - Private Pure Love Train (Hakari Idle Death Gamble Theme) Jujutsu Kaisen Fanmade - Admiring You - Private Pure Love Train (Hakari Idle Death Gamble Theme) Jujutsu Kaisen Fanmade -> INDIFFERENT (2024)
[180/947] (~5.4m) Léon Phal - Soulful - Soulful -> INDIFFERENT (2022)
[181/947] (~5.4m) Starboard - Closed Door - Low -> INDIFFERENT (2021)
[182/947] (~5.4m) Can U - Jet Set - Jet Set -> INDIFFERENT (2024)
[183/947] (~5.4m) A Beacon School - Cola - Stay Away -> INDIFFERENT (2019)
[184/947] (~5.4m) Roland Burrell - The Best of Roland Burrell - Stormy Night -> INDIFFERENT (2006)
[185/947] (~5.4m) Adrianne Lenker - abysskiss - womb -> INDIFFERENT (2018)
[186/947] (~5.4m) Angelo Ferreri - Oh Honey - Oh Honey -> INDIFFERENT (2021)
[187/947] (~5.4m) geods sorèd - Square - I'll Be Quiet -> INDIFFERENT (2023)
WARNING: Missing artistId (NaN) for track: "Mother Protect". Processing anyway...
Warning: No valid albumId found for track: NIKI - The Drummer - Mother Protect. Skipping album metadata.
[188/947] (~5.3m) NIKI - The Drummer - Mother Protect -> nan
[189/947] (~5.3m) Black Marble - Fast Idol - Royal Walls -> INDIFFERENT (2021)
[190/947] (~5.3m) Ruby Haunt - Blue Hour - Non Sense -> INDIFFERENT (2018)
[191/947] (~5.3m) Avi.Tor - NORDICA CLUB - NORDICA CLUB (feat. S0M1X) -> INDIFFERENT (2024)
[192/947] (~5.3m) j.r. felt - cost of life - cost of life -> INDIFFERENT (2024)
[193/947] (~5.3m) PXRKX - Monte Carlo - MONTE CARLO -> INDIFFERENT (2024)
[194/947] (~5.3m) Gunna - One of Wun - one of wun -> INDIFFERENT (2024)
[195/947] (~5.3m) MARXO - MONACO 1990 - MONACO 1990 -> INDIFFERENT (2024)
[196/947] (~5.3m) Zara Muzzic - Got Me Burnin - Got Me Burnin -> INDIFFERENT (2024)
[197/947] (~5.3m) Wednesday - Twin Plagues - The Burned Down Dairy Queen -> INDIFFERENT (2021)
[198/947] (~5.3m) Ben Fox - The Vibe - Midnight Espresso -> INDIFFERENT (2021)
[199/947] (~5.3m) Black Marble - A Different Arrangement - Cruel Summer -> INDIFFERENT (2012)
[200/947] (~5.2m) Noxygen - SAFARI 1992 - SAFARI 1992 -> INDIFFERENT (2024)
[201/947] (~5.2m) The Be Good Tanyas - Blue Horse - Dogsong AKA Sleep Dog Lullaby -> INDIFFERENT (2019)
[202/947] (~5.2m) Mustard Service - Vice City Magic - Let Me Call You Baby -> INDIFFERENT (2025)
[203/947] (~5.2m) is it sunday? - where did the grace go? - tuxedo -> INDIFFERENT (2026)
[204/947] (~5.2m) Sole Mare - All Night Long - All Night Long -> INDIFFERENT (2026)
[205/947] (~5.2m) is it sunday? - pipe & chill - finest tobacco -> INDIFFERENT (2026)
[206/947] (~5.2m) A Beacon School - Cola - Hum -> INDIFFERENT (2019)
[207/947] (~5.2m) Martin Campbell & Hi Tech Roots Dynamics - Rootsman - Jah Love -> INDIFFERENT (2020)
[208/947] (~5.2m) Show & A.G. - Goodfellas - Got Ya Back -> INDIFFERENT (1995)
[209/947] (~5.2m) late night drive home - Miss Me - Miss Me -> INDIFFERENT (2019)
[210/947] (~5.2m) Eternal Eclipse - Outerlife - Fate of the Fallen -> INDIFFERENT (2023)
[211/947] (~5.2m) Teen Suicide - dc snuff film / waste yrself - haunt me (x 3) -> LIKE (2015)
[212/947] (~5.2m) Modern Color - Time Slips Behind Us - Proxy Dream -> INDIFFERENT (2017)
[213/947] (~5.2m) Shadez of Brooklyn - Change - Change -> INDIFFERENT (2024)
[214/947] (~5.1m) Nvrtheless - temporary - temporary -> INDIFFERENT (2025)
[215/947] (~5.1m) Black Marble - One Eye Open - One Eye Open -> INDIFFERENT (2019)
[216/947] (~5.1m) Daffo - Crisis Kit - holly -> INDIFFERENT (2021)
[217/947] (~5.1m) Take Care - Agony - Destroy Me From The Inside Out -> LIKE (2022)
[218/947] (~5.1m) Don Carlos - Them Never Know Natty Dread Have Him Credential - Dice Cup -> INDIFFERENT (2025)
[219/947] (~5.1m) MJ Lenderman - Rudolph - Rudolph -> INDIFFERENT (2023)
[220/947] (~5.1m) Joseph Benaiah - VISION WITH FAITH - Blessings -> INDIFFERENT (2023)
[221/947] (~5.1m) Pinkshinyultrablast - Everything Else Matters - Metamorphosis -> INDIFFERENT (2015)
[222/947] (~5.1m) Black Marble - Fast Idol - Say It First -> INDIFFERENT (2021)
Warning: No valid albumId found for track: Daniel O'Leary - nan - Gypsy Woman x Nanana. Skipping album metadata.
[223/947] (~5.1m) Daniel O'Leary - nan - Gypsy Woman x Nanana -> INDIFFERENT
[224/947] (~5.0m) Niki & The Dove - Instinct - The Gentle Roar -> INDIFFERENT (2012)
[225/947] (~5.0m) Retrosync - RetroSync Dreams, Vol. 1 - No One Warned Me About You -> INDIFFERENT (2025)
[226/947] (~5.0m) Cloverleaf - Motion of Eternity - Motion of Eternity -> LIKE (2020)
[227/947] (~5.0m) Adrianne Lenker - Hours Were the Birds - Indiana -> INDIFFERENT (2014)
[228/947] (~5.0m) Army - Rasta Awake - Tek Your Time -> INDIFFERENT (2005)
[229/947] (~5.0m) Lord Finesse - The Awakening - Showtime (feat. Showbiz) -> INDIFFERENT (1996)
[230/947] (~5.0m) Night Tapes - Humans - Humans -> INDIFFERENT (2022)
[231/947] (~5.0m) Adrianne Lenker - a-sides and besides - Angels -> INDIFFERENT (2014)
[232/947] (~5.0m) Wyatt Smith - East Bay - East Bay -> INDIFFERENT (2020)
[233/947] (~5.0m) Smif-N-Wessun - Infinity - Chuuch (feat. Jalisa) -> INDIFFERENT (2025)
[234/947] (~5.0m) Don Toliver - OCTANE - Tiramisu -> INDIFFERENT (2026)
[235/947] (~5.0m) geods sorèd - Square - Elements -> INDIFFERENT (2023)
[236/947] (~5.0m) Motorama - Poverty - Heavy Wave -> INDIFFERENT (2015)
[237/947] (~5.0m) Harry Griffiths - Menagerie, Vol. 1 - Solero -> INDIFFERENT (2019)
[238/947] (~4.9m) Alan Hawkshaw - Bruton BRI6: Frontiers of Science - Sky -> INDIFFERENT (1979)
[239/947] (~4.9m) Adrianne Lenker - Hours Were the Birds - Lighthouse -> INDIFFERENT (2014)
[240/947] (~4.9m) redhead - i hate myself - i hate myself -> INDIFFERENT (2024)
[241/947] (~4.9m) CASTLEBEAT - VHS - Heart Still Beats -> INDIFFERENT (2018)
[242/947] (~4.9m) A k i n a - Difference Estrelar - Estrelardifference 1 -> INDIFFERENT (2010)
[243/947] (~4.9m) Wednesday - Rat Saw God - Formula One -> LIKE (2023)
[244/947] (~4.9m) Alan Fitzpatrick - We Do What We Want (Edit) - We Do What We Want (Edit) -> INDIFFERENT (2024)
[245/947] (~4.9m) Part Time - P.D.A. - I Belong to You -> INDIFFERENT (2021)
[246/947] (~4.9m) KYMA - Agapi - Agapi -> INDIFFERENT (2026)
[247/947] (~4.9m) Merl Saunders & Friends - Fire Up + - Save Mother Earth -> INDIFFERENT (1992)
[248/947] (~4.9m) Gavriel - Red Twilight - Drifter -> INDIFFERENT (2021)
[249/947] (~4.9m) dog isle - now that you're gone - i'll wait for you -> INDIFFERENT (2025)
[250/947] (~4.9m) Andreíos - OCEAN LINES EP - Night Espresso -> INDIFFERENT (2026)
[251/947] (~4.9m) Black Marble - Bigger Than Life - Call -> INDIFFERENT (2019)
[252/947] (~4.9m) Annabelle Dinda - Some Things Never Leave - Doesn't Matter -> INDIFFERENT (2026)
[253/947] (~4.9m) Riva Starr - Keep Me On The Dancefloor (RMX Pack, Vol. 1) - Only Love (4004 Remix) (feat. Harry Stone) -> INDIFFERENT (2025)
Warning: No valid albumId found for track: JVD - nan - {FREE} JAZZ x HOUSE TYPE BEAT - 'LAVISH'. Skipping album metadata.
[254/947] (~4.8m) JVD - nan - {FREE} JAZZ x HOUSE TYPE BEAT - 'LAVISH' -> INDIFFERENT
[255/947] (~4.8m) thkas - Resonance - Resonance (feat. 417se) -> INDIFFERENT (2024)
[256/947] (~4.8m) Royal Intention - Extraordinaire - Hearts On The Floor -> INDIFFERENT (2025)
[257/947] (~4.8m) Code Orange - The Above - Take Shape (feat. Billy Corgan) -> INDIFFERENT (2023)
[258/947] (~4.8m) is it sunday? - just business, darling. - ophelia -> INDIFFERENT (2025)
[259/947] (~4.8m) morisan - amsterdam ride - amsterdam ride -> INDIFFERENT (2026)
[260/947] (~4.8m) A Beacon School - Alone - Alone -> INDIFFERENT (2023)
[261/947] (~4.8m) Wild Nothing - Nocturne - Only Heather -> INDIFFERENT (2012)
[262/947] (~4.8m) Gigi Perez - At The Beach, In Every Life - Fable -> INDIFFERENT (2025)
[263/947] (~4.8m) Really Slow Motion - Of Mist and Magic - You Will Be This Legend -> INDIFFERENT (2014)
[264/947] (~4.8m) Adrianne Lenker - a-sides and besides - Indiana -> INDIFFERENT (2014)
[265/947] (~4.8m) Lily Seabird - Alas, - Grace -> INDIFFERENT (2024)
[266/947] (~4.8m) J. Cognitto - Night & Day - Night & Day -> INDIFFERENT (2025)
[267/947] (~4.7m) Table - Moons - Moons -> INDIFFERENT (2025)
[268/947] (~4.7m) D.I.T.C. - D.I.T.C. - Way of Life (feat. Big L. & Fat Joe) -> INDIFFERENT (2000)
[269/947] (~4.7m) Wednesday - She's Actin' Single (I'm Drinkin Double) [Gary Stewart] - She's Actin' Single (I'm Drinkin Double) [Gary Stewart] -> INDIFFERENT (2022)
[270/947] (~4.7m) Capri - Up All Night - Up All Night -> INDIFFERENT (2026)
[271/947] (~4.7m) Miilkbone - Da' Miilkrate - Where'z Da' Party At? -> INDIFFERENT (1995)
[272/947] (~4.7m) LNRT - Heist - Heist -> INDIFFERENT (2025)
[273/947] (~4.7m) Angela Autumn - Rocky Doom - Rocky Doom -> INDIFFERENT (2024)
[274/947] (~4.7m) Eternal Eclipse - Outerlife - Hypernova -> INDIFFERENT (2023)
[275/947] (~4.7m) Twelve Titans Music - Dust & Light - Dust & Light -> INDIFFERENT (2014)
[276/947] (~4.7m) The Be Good Tanyas - Blue Horse - The Coo Coo Bird -> INDIFFERENT (2019)
[277/947] (~4.7m) i don't like mirrors - memory - memory (Slowed & Reverb) -> INDIFFERENT (2023)
[278/947] (~4.7m) waveform* - Last Room - Favorite Song -> LIKE (2020)
[279/947] (~4.7m) Alfonso Peduto - Binary Data XXXV - Binary Data XXXV -> INDIFFERENT (2026)
[280/947] (~4.7m) Secession Studios - The Untold - The Untold -> INDIFFERENT (2016)
[281/947] (~4.6m) Al Menne - Kill Me - Kill Me -> LIKE (2023)
[282/947] (~4.6m) Vaundy - Hadaka No Yusha - 裸の勇者 - Hadaka No Yusha -> INDIFFERENT (2022)
[283/947] (~4.6m) Mack Walker - Missing u - Missing u (feat. Jordan Burnett) -> INDIFFERENT (2025)
[284/947] (~4.6m) vano1337 - Falling In Love - Falling In Love -> INDIFFERENT (2025)
[285/947] (~4.6m) ilysam - sweet rally 2 - sweet rally 2 -> INDIFFERENT (2024)
[286/947] (~4.6m) Truth Club - Tethering - Tethering -> INDIFFERENT (2019)
[287/947] (~4.6m) Daffo - Crisis Kit - waste -> INDIFFERENT (2021)
[288/947] (~4.6m) Mack Walker - De Vere - De Vere -> INDIFFERENT (2025)
[289/947] (~4.6m) LSD and the Search for God - LSD and the Search for God - Starting Over -> LIKE (2007)
[290/947] (~4.6m) Notize - Mirror Ball - Burn for You -> INDIFFERENT (2024)
[291/947] (~4.6m) Jake Antonio - moonlight cruise - moonlight cruise -> INDIFFERENT (2025)
[292/947] (~4.6m) Macseal - Macseal - EP - 5:45 Am (Not Fun) -> INDIFFERENT (2015)
[293/947] (~4.5m) MultiPlabell - OLD SCHOOL - OLD SCHOOL -> INDIFFERENT (2024)
[294/947] (~4.5m) Ennio Morricone - Ride The Lightning (Deluxe Remaster) - The Ecstasy of Gold -> INDIFFERENT (1984)
[295/947] (~4.5m) No Vacation - How - How -> INDIFFERENT (2023)
[296/947] (~4.5m) Talmont - Deep Blue - Deep Blue -> INDIFFERENT (2025)
[297/947] (~4.5m) the wine is ok - pais - pais -> INDIFFERENT (2026)
[298/947] (~4.5m) DJ CARPET - What If - What If -> INDIFFERENT (2025)
[299/947] (~4.5m) Mei Semones - Kabutomushi - Kabutomushi -> INDIFFERENT (2024)
[300/947] (~4.5m) Gianni´s Humble - prazeres da vida - prazeres da vida -> INDIFFERENT (2023)
[301/947] (~4.5m) Don Carlos - Day To Day Living - Hog And Goat -> INDIFFERENT (1982)
[302/947] (~4.5m) Orchid Mantis - there is one place we're all going - strange moons -> INDIFFERENT (2023)
[303/947] (~4.5m) A Beacon School - Glue - Glue -> INDIFFERENT (2019)
[304/947] (~4.5m) Greg Freeman - I Looked Out - Come and Change My Body -> INDIFFERENT (2022)
[305/947] (~4.5m) JHOS - I Wanna Be With U - I Wanna Be With U -> INDIFFERENT (2025)
[306/947] (~4.4m) Daffo - Pest - Collector -> INDIFFERENT (2023)
[307/947] (~4.4m) PXRKX - MARLBORO CLUB - MARLBORO CLUB -> INDIFFERENT (2023)
[308/947] (~4.4m) SELKER - Too Much For Me - Too Much For Me -> INDIFFERENT (2022)
[309/947] (~4.4m) Duan Wasi - Licious - DTPA -> INDIFFERENT (2022)
[310/947] (~4.4m) Nvrtheless - blu - blu -> LIKE (2023)
[311/947] (~4.4m) LOVELI LORI - love for you - love for you -> INDIFFERENT (2022)
[312/947] (~4.4m) Miilkbone - Da' Miilkrate - 2 All Y'all -> INDIFFERENT (1995)
[313/947] (~4.4m) Twelve Titans Music - Reflection - Departure -> INDIFFERENT (2019)
[314/947] (~4.4m) Black Marble - Fast Idol - Streetlight -> INDIFFERENT (2021)
[315/947] (~4.4m) Twelve Titans Music - More Than Human - Indestructible -> INDIFFERENT (2015)
[316/947] (~4.4m) A Beacon School - Mantra - Mantra -> INDIFFERENT (2023)
[317/947] (~4.4m) Bellaire - Date at the Disco (Deluxe) - French Coast (Folamour Remix) -> INDIFFERENT (2021)
[318/947] (~4.4m) The American Analog Set - For Forever - Konika & Maliko -> INDIFFERENT (2023)
[319/947] (~4.4m) prod. DTM - RALLY FUNK - RALLY FUNK -> INDIFFERENT (2024)
[320/947] (~4.4m) Black Marble - I Must Be Living Twice - Emma's House -> INDIFFERENT (2020)
[321/947] (~4.4m) Far Caspian - Ways To Get Out (Deluxe) - Come Down and Waste With Me (Live at The Nave) -> INDIFFERENT (2022)
[322/947] (~4.3m) Miilkbone - Nick Wiz Presents: Cellar Sounds, Vol. 2: 1992-1998 - You Can't Harm Me -> INDIFFERENT (2013)
[323/947] (~4.3m) Steel Pulse - Earth Crisis - Roller Skates (Remix Version) -> INDIFFERENT (1984)
[324/947] (~4.3m) EVISBEATS - That's Life - Arayashiki -> LIKE (2023)
[325/947] (~4.3m) Salomé de Bahia - Outro Lugar (Synapson Remix) - Outro Lugar (Synapson Remix) -> INDIFFERENT (2024)
[326/947] (~4.3m) Daffo - Good God (Porches Remix) - Good God (Porches Remix) -> INDIFFERENT (2024)
[327/947] (~4.3m) is it sunday? - just business, darling. - whiskey talk -> INDIFFERENT (2025)
[328/947] (~4.3m) Street Switch Radio - Put Ya Money On Us - Put Ya Money On Us (feat. Specs Movement) -> INDIFFERENT (2024)
[329/947] (~4.3m) Booba - DKR (SubLife x Jaykill Remix) - DKR (SubLife x Jaykill Remix) -> INDIFFERENT (2024)
[330/947] (~4.3m) Sea Glass - Never Right (A Beacon School Remix) - Never Right (A Beacon School Remix) -> INDIFFERENT (2025)
[331/947] (~4.3m) Black Marble - It's Immaterial - Iron Lung -> LIKE (2016)
[332/947] (~4.3m) DXRYL - PALMTREE PANIC - PALMTREE PANIC (Slowed) -> INDIFFERENT (2025)
[333/947] (~4.3m) Record Club - Gimme A Minute - Gimme A Minute -> INDIFFERENT (2024)
[334/947] (~4.3m) Supertaste - Dunston - Dunston -> INDIFFERENT (2023)
[335/947] (~4.3m) Jonk & Spook - 2 Spirits - 2 Spirits (Radio Edit) -> INDIFFERENT (2024)
[336/947] (~4.3m) Daffo - Absence Makes the Heart Grow - Absence Makes the Heart Grow -> INDIFFERENT (2025)
[337/947] (~4.2m) Black Marble - A Different Arrangement - Safe Minds -> INDIFFERENT (2012)
[338/947] (~4.2m) GAKHED - holding on and never letting go - holding on and never letting go -> INDIFFERENT (2026)
[339/947] (~4.2m) Black Marble - Somewhere - Somewhere -> INDIFFERENT (2021)
Warning: No valid albumId found for track: amy. - nan - BTW - SHELL . Skipping album metadata.
[340/947] (~4.2m) amy. - nan - 𝕭𝕿𝖂 - SHELL ♬ -> INDIFFERENT
[341/947] (~4.2m) Don Carlos - Day To Day Living - Hey Mr. Babylon -> INDIFFERENT (1982)
[342/947] (~4.2m) Daffo - Pest - Complete Circle -> INDIFFERENT (2023)
[343/947] (~4.2m) Slow Pulp - Yard - Slugs -> LIKE (2023)
[344/947] (~4.2m) Widowspeak - Widowspeak - Harsh Realm -> LIKE (2011)
[345/947] (~4.2m) Duster - Capsule Losing Contact - Capsule Losing Contact -> INDIFFERENT (2019)
[346/947] (~4.2m) Sweet Pill - Still There’s a Glow - Rotten -> INDIFFERENT (2026)
[347/947] (~4.2m) Olive - Faded - Faded -> INDIFFERENT (2026)
[348/947] (~4.1m) Etta Marcus - Hide & Seek - Hide & Seek -> INDIFFERENT (2021)
Warning: No valid albumId found for track: RJ Voorhees87 - nan - Mad Flava-Can't Get Enuf (1997). Skipping album metadata.
[349/947] (~4.1m) RJ Voorhees87 - nan - Mad Flava-Can't Get Enuf (1997) -> INDIFFERENT
[350/947] (~4.1m) Sean Murray - Call of Duty: Black Ops (Original Game Soundtrack) - Pentagon -> INDIFFERENT (2010)
[351/947] (~4.1m) Daffo - Crisis Kit - all the time -> INDIFFERENT (2021)
[352/947] (~4.1m) Daffo - Dagger Song - Dagger Song -> INDIFFERENT (2025)
[353/947] (~4.1m) valtis - Rally Phonk - Rally Phonk -> INDIFFERENT (2024)
[354/947] (~4.1m) home alone. - chill or be chilled - tadow -> INDIFFERENT (2025)
[355/947] (~4.1m) A Country Western - A Country Western - Slugshot -> LIKE (2020)
[356/947] (~4.1m) Charlie Jeer - Nobody (Bloody Civilian Remix) - Nobody (Bloody Civilian Remix) -> INDIFFERENT (2025)
[357/947] (~4.1m) Dred Scott - Breakin' Combs - Check the Vibe (feat. Adriana Evans) -> INDIFFERENT (1994)
[358/947] (~4.1m) Capri - Beautiful Morning - Beautiful Morning -> INDIFFERENT (2026)
[359/947] (~4.1m) Black Marble - Bigger Than Life - Hit Show -> INDIFFERENT (2019)
[360/947] (~4.1m) Glassjaw - Worship And Tribute (U.S. Version) - Trailer Park Jesus -> INDIFFERENT (2002)
[361/947] (~4.0m) hey, nothing - Maine - Maine -> INDIFFERENT (2024)
[362/947] (~4.0m) Thelonious Monk - Thelonious Himself - 'Round Midnight -> INDIFFERENT (1957)
[363/947] (~4.0m) DR. GABBA - Sunday 2pm - Sunday 2pm -> INDIFFERENT (2022)
[364/947] (~4.0m) Phish - Phish: Live In Saratoga Springs 2025 - The Well (Live) -> INDIFFERENT (2026)
[365/947] (~4.0m) Slow Pulp - High - High -> LIKE (2019)
[366/947] (~4.0m) Choir Boy - Part Time Punks Sessions - Leave Me Be -> INDIFFERENT (2018)
[367/947] (~4.0m) Adrianne Lenker - Hours Were the Birds - Butterfly -> INDIFFERENT (2014)
[368/947] (~4.0m) Yasunori Mitsuda - CHRONO TRIGGER Original Soundtrack【DS Edition】 - ラストバトル - Last Battle -> INDIFFERENT (2009)
[369/947] (~4.0m) PXRKX - BUSINESS - BUSINESS -> INDIFFERENT (2023)
[370/947] (~4.0m) The Marías - CINEMA - All I Really Want Is You -> INDIFFERENT (2021)
[371/947] (~4.0m) CHSKA - i know you know - i know you know -> INDIFFERENT (2022)
[372/947] (~4.0m) Widowspeak - Gun Shy - Wicked Game -> LIKE (2011)
[373/947] (~4.0m) Kaikobad - Turn Echo - Turn Echo -> INDIFFERENT (2025)
WARNING: Missing artistId (NaN) for track: "three (slowed)". Processing anyway...
[374/947] (~4.0m) Cult Member Archive - three (remixes) - three (slowed) -> INDIFFERENT (2025)
[375/947] (~4.0m) house red - Medina - Medina -> INDIFFERENT (2026)
[376/947] (~4.0m) Nobuo Uematsu - FINAL FANTASY IV Original Soundtrack - 愛のテーマ - Theme of Love -> INDIFFERENT (2005)
[377/947] (~3.9m) geods sorèd - Square - La Nuit Est Finie -> INDIFFERENT (2023)
[378/947] (~3.9m) Godblesscomputers - Late Night Dance - Self talk -> INDIFFERENT (2025)
[379/947] (~3.9m) Frog - Elder Statesman: Nine Long Years of Audio Antihero Records - Judy Garland -> INDIFFERENT (2019)
[380/947] (~3.9m) Gygas - Be there - Be there -> INDIFFERENT (2026)
[381/947] (~3.9m) They Are Gutting a Body of Water - Destiny XL - double apple -> LIKE (2019)
[382/947] (~3.9m) Kane Parsons - Out of Sync (Side 2) - Sea Ice -> INDIFFERENT (2024)
[383/947] (~3.9m) Sluice - Radial Gate - Acts 9:3 -> INDIFFERENT (2023)
[384/947] (~3.9m) Rad&Co - Capri - Capri -> INDIFFERENT (2025)
[385/947] (~3.9m) COOL HEAT - Lately - Lately -> INDIFFERENT (2022)
[386/947] (~3.9m) Loure - Westside Movements - Vue -> INDIFFERENT (2017)
[387/947] (~3.9m) Don Carlos - Day To Day Living - I'm Not Crazy -> INDIFFERENT (1982)
[388/947] (~3.9m) MoBlack - Yamore (Edit Version) - Yamore (Edit Version) (feat. Cesária Évora, Benja (NL) & Franc Fala) -> INDIFFERENT (2024)
[389/947] (~3.9m) Royal Intention - Extraordinaire - Discotheque -> INDIFFERENT (2025)
[390/947] (~3.9m) Edgar Archibald - SDLOVE - SDLOVE -> INDIFFERENT (2026)
[391/947] (~3.8m) Fleshwater - We're Not Here to Be Loved - Kiss the Ladder -> INDIFFERENT (2022)
[392/947] (~3.8m) Momma - Apollo/Highway - Apollo -> INDIFFERENT (2019)
[393/947] (~3.8m) Sea Oleena - Weaving a Basket - On Possession -> INDIFFERENT (2020)
[394/947] (~3.8m) FÉLINÉ - MADAM - moonlight -> INDIFFERENT (2025)
[395/947] (~3.8m) Gregory and the Hawk - Leche - For the Best -> INDIFFERENT (2010)
[396/947] (~3.8m) A Country Western - A Country Western - Good -> INDIFFERENT (2020)
[397/947] (~3.8m) Fiddlehead - Death is Nothing to Us - The Deathlife -> INDIFFERENT (2023)
[398/947] (~3.8m) Greg Freeman - I Looked Out - Right Before the Last Waves Took Vestris -> INDIFFERENT (2022)
[399/947] (~3.8m) Teen Suicide - Bad Vibes Forever - I Feel Like Dying -> INDIFFERENT (2015)
[400/947] (~3.8m) A Beacon School - Dot - Dot -> INDIFFERENT (2022)
[401/947] (~3.8m) Lecrae - Where We Come From - Where We Come From -> INDIFFERENT (2020)
[402/947] (~3.8m) lykia - LETS GO - LETS GO -> INDIFFERENT (2024)
[403/947] (~3.8m) Daffo - Poor Madeline - Poor Madeline -> LIKE (2023)
[404/947] (~3.8m) gothcandy - identity crisis - dream girl -> INDIFFERENT (2025)
[405/947] (~3.8m) Bellaire - Bellaire's Secret Grooves - Feelin Love -> INDIFFERENT (2024)
[406/947] (~3.7m) jsilos - Soulstar - Soulstar -> INDIFFERENT (2023)
[407/947] (~3.7m) Maximum Love - Under the Shadow - Dream Getaway -> LIKE (2018)
[408/947] (~3.7m) Yasunori Mitsuda - CHRONO TRIGGER Original Soundtrack【DS Edition】 - 遥かなる時の彼方へ - To Far Away Times -> INDIFFERENT (2009)
[409/947] (~3.7m) late night drive home - floral - We Love U -> INDIFFERENT (2019)
[410/947] (~3.7m) Iam6teen - Home - Home -> INDIFFERENT (2025)
[411/947] (~3.7m) Yasunori Mitsuda - CHRONO TRIGGER Original Soundtrack【DS Edition】 - 風の憧憬 - Wind Scene -> INDIFFERENT (2009)
[412/947] (~3.7m) geods sorèd - Different Kinds - The Loves Before -> INDIFFERENT (2024)
[413/947] (~3.7m) Karbonic - Psychopomp Original Soundtrack, Vol. 2 - Dying on a Warm Planet -> INDIFFERENT (2024)
[414/947] (~3.7m) Adrianne Lenker - a-sides and besides - I Still Hear You -> INDIFFERENT (2014)
[415/947] (~3.7m) Erwin Do - White Wine - White Wine -> INDIFFERENT (2025)
[416/947] (~3.7m) salvia palth - melanchole - i was all over her -> LIKE (2013)
[417/947] (~3.7m) late night drive home - How Are We Feeling? - Falling Apart -> INDIFFERENT (2022)
[418/947] (~3.7m) Adrianne Lenker - a-sides and besides - A Better Time to Meet -> INDIFFERENT (2014)
[419/947] (~3.7m) Duster - Capsule Losing Contact - Faint -> INDIFFERENT (2019)
[420/947] (~3.6m) AljoMen - Cherrrybomb - Cherrrybomb -> INDIFFERENT (2022)
[421/947] (~3.6m) fyodor - let me grow - let me grow -> INDIFFERENT (2025)
[422/947] (~3.6m) i don't like mirrors - linger - linger -> INDIFFERENT (2024)
[423/947] (~3.6m) Alicks - 1997 - Broken Hands and Shower Walls -> INDIFFERENT (2018)
[424/947] (~3.6m) geods sorèd - Atlas - Atlas -> INDIFFERENT (2026)
[425/947] (~3.6m) Belmor Mystica - Stay Human - Stay Human -> INDIFFERENT (2026)
[426/947] (~3.6m) Nate08 - Furaha - Primrose (feat. Naisha) -> INDIFFERENT (2022)
[427/947] (~3.6m) The B.U.M.s - Lyfe 'N' Tyme - Wreck Your Ears (Can Do) -> INDIFFERENT (1995)
[428/947] (~3.6m) Astre - Freedom EP - Dance With Me -> INDIFFERENT (2020)
[429/947] (~3.6m) Part Time - Spell #6 - It's Alright with Me -> INDIFFERENT (2021)
[430/947] (~3.6m) Mavi - Wide Awake - Wide Awake -> INDIFFERENT (2026)
[431/947] (~3.6m) Ricky Jamaraz - Worst Album Ever - Goodbye Maximilian -> INDIFFERENT (2023)
[432/947] (~3.6m) Nicholas Britell - Succession: Season 4 (HBO Original Series Soundtrack) - Succession - Andante Risoluto -> INDIFFERENT (2023)
[433/947] (~3.6m) Shabba Ranks - Mr. Maximum (The Remixes) - Fever (feat. Dennis Brown) -> INDIFFERENT (2025)
[434/947] (~3.6m) dissonance - i can still see you - i can still see you -> INDIFFERENT (2022)
[435/947] (~3.5m) Brent Faiyaz - Dead Man Walking - Dead Man Walking -> INDIFFERENT (2020)
[436/947] (~3.5m) The Congos - Congo Ashanti - Nana -> INDIFFERENT (1979)
[437/947] (~3.5m) Spencer Radcliffe - Looking In - Salesman -> INDIFFERENT (2015)
[438/947] (~3.5m) Black Marble - Bigger Than Life - The Usual -> INDIFFERENT (2019)
[439/947] (~3.5m) Black Marble - I Must Be Living Twice - Poison Tree -> INDIFFERENT (2020)
[440/947] (~3.5m) BuzzEar - All Good - Just Watch the Clouds Go -> INDIFFERENT (2026)
[441/947] (~3.5m) Davishmar - Zaharan Oasis (Pt 1) - Zaharan Oasis (Pt 1) -> INDIFFERENT (2023)
[442/947] (~3.5m) TEEN BLUSH - Felt Like Home - Felt Like Home -> INDIFFERENT (2019)
[443/947] (~3.5m) The Gladiators - Once Upon a Time in Jamaica - Babe and Suckling -> INDIFFERENT (2002)
[444/947] (~3.5m) The Rare Occasions - Futureproof - Loans -> INDIFFERENT (2016)
[445/947] (~3.5m) Bella Ora - Stay Here - Stay Here -> INDIFFERENT (2026)
[446/947] (~3.5m) late night drive home - talk to me (before the night ends) - talk to me (before the night ends) (feat. Loni) -> INDIFFERENT (2021)
[447/947] (~3.5m) Kcik - The Best of Kcik, Vol. 1 - 29 -> INDIFFERENT (2023)
[448/947] (~3.5m) Adrianne Lenker - abysskiss - out of your mind -> INDIFFERENT (2018)
[449/947] (~3.4m) Miilkbone - Da' Miilkrate - Ghettobiz -> INDIFFERENT (1995)
[450/947] (~3.4m) The Be Good Tanyas - Blue Horse - Only in the Past -> INDIFFERENT (2019)
[451/947] (~3.4m) Black Marble - A Different Arrangement - Unrelated -> INDIFFERENT (2012)
[452/947] (~3.4m) Mareo - Back To You - Back To You -> INDIFFERENT (2026)
[453/947] (~3.4m) Tom Blanc - Dopamin - Dopamin -> INDIFFERENT (2022)
[454/947] (~3.4m) hey, nothing - We're Starting to Look Like Each Other - Like a Brother -> INDIFFERENT (2023)
[455/947] (~3.4m) LÖVI - will we be okay? (Slowed) - will we be okay? (Slowed) -> INDIFFERENT (2026)
[456/947] (~3.4m) sometimes jah - Tapes From The Huerta - Universe -> INDIFFERENT (2023)
[457/947] (~3.4m) tecadence - Steppin’ - Steppin’ -> INDIFFERENT (2025)
[458/947] (~3.4m) Black Marble - Bigger Than Life - Shoulder -> INDIFFERENT (2019)
[459/947] (~3.4m) Mali Velasquez - I'm Green - Clovers -> INDIFFERENT (2023)
[460/947] (~3.4m) Beau - Stuck On Repeat - Stuck On Repeat (Extended Mix) -> INDIFFERENT (2022)
[461/947] (~3.4m) Don Carlos - Prophecy - Gimme Gimme Your Love -> INDIFFERENT (1981)
[462/947] (~3.3m) Black Marble - I Must Be Living Twice - In Manchester -> INDIFFERENT (2020)
[463/947] (~3.3m) is it sunday? - overthinking overload - river thoughts -> INDIFFERENT (2026)
[464/947] (~3.3m) dentist - Acrylic Drift - Acrylic Drift -> INDIFFERENT (2025)
[465/947] (~3.3m) Eem Triplin - Melody Of A Memory - Came In It -> INDIFFERENT (2025)
[466/947] (~3.3m) Pinkshinyultrablast - Everything Else Matters - Glitter -> INDIFFERENT (2015)
[467/947] (~3.3m) The Rare Occasions - Origami - Origami -> INDIFFERENT (2021)
[468/947] (~3.3m) Orchid Mantis - i only remember the good parts - only here for you -> INDIFFERENT (2024)
[469/947] (~3.3m) Corduroi - Anything For Now - All Ways -> INDIFFERENT (2011)
[470/947] (~3.3m) Jake Antonio - wants and needs - wants and needs -> INDIFFERENT (2025)
[471/947] (~3.3m) Mallin - Lost Without You - Lost Without You -> INDIFFERENT (2025)
[472/947] (~3.3m) Yasunori Mitsuda - CHRONO TRIGGER Original Soundtrack【DS Edition】 - クロノ･トリガー - Chrono Trigger -> INDIFFERENT (2009)
[473/947] (~3.3m) ElvaMusic - Looping the D'oh (Full Version) - Looping the D'oh (Full Version) -> INDIFFERENT (2026)
[474/947] (~3.3m) Timothy Infinite - Waterpark - Waterpark -> INDIFFERENT (2024)
[475/947] (~3.3m) Don Carlos - Roots & Culture - I'm Not Crazy Feat. Captain Sinbad (feat. Captain Sinbad) -> INDIFFERENT (2009)
[476/947] (~3.3m) Slaughter Beach, Dog - Birdie - Acolyte -> LIKE (2017)
[477/947] (~3.2m) Fred Irie - The Art Of Letting Go - The Art Of Letting Go -> INDIFFERENT (2026)
[478/947] (~3.2m) Daffo - Winter Hat - Winter Hat -> INDIFFERENT (2024)
[479/947] (~3.2m) Frog - GROG - Black on Black on Black -> INDIFFERENT (2023)
[480/947] (~3.2m) Chris Woodhouse - MISS ME - MISS ME -> INDIFFERENT (2025)
[481/947] (~3.2m) late night drive home - Am I sinking or Am I swimming? - Nostalgic Love Rock -> INDIFFERENT (2021)
[482/947] (~3.2m) A Country Western - A Country Western - In the Waiting Room -> INDIFFERENT (2020)
[483/947] (~3.2m) Krue Kidd - Not Too Late - Not Too Late -> INDIFFERENT (2025)
[484/947] (~3.2m) A Country Western - A Country Western - Mussel -> INDIFFERENT (2020)
[485/947] (~3.2m) Yasunori Mitsuda - CHRONO TRIGGER Original Soundtrack【DS Edition】 - カエルのテーマ - Frog's Theme -> INDIFFERENT (2009)
[486/947] (~3.2m) mishoangelo - VHS - GLUE -> LIKE (2024)
[487/947] (~3.2m) Starjunk 95 - Groove District - Groove District -> INDIFFERENT (2021)
[488/947] (~3.2m) Big L - Now or Never - Now or Never -> INDIFFERENT (2024)
[489/947] (~3.2m) Sub Basics - Retrace - Expansion -> INDIFFERENT (2024)
[490/947] (~3.2m) STOOWELL - Es un dia hermoso - Es un dia hermoso -> INDIFFERENT (2026)
[491/947] (~3.2m) Tyler, The Creator - Cherry Bomb + Instrumentals - SMUCKERS (Instrumental) -> INDIFFERENT (2018)
[492/947] (~3.1m) geods sorèd - Otherworld - Sweden -> INDIFFERENT (2022)
[493/947] (~3.1m) moe. - Warts & All Vol. 1 (Live) - Tambourine (Live) -> INDIFFERENT (2001)
[494/947] (~3.1m) Phoebe Bridgers - Stranger in the Alps (Deluxe Edition) - Motion Sickness -> LIKE (2017)
[495/947] (~3.1m) DJibouti - Divorcé - Divorcé -> LIKE (2023)
[496/947] (~3.1m) Loverground - The Call - The Call -> INDIFFERENT (2024)
[497/947] (~3.1m) Deibys Marquez - Dusty Frequencies - Lost in The Loop -> INDIFFERENT (2026)
[498/947] (~3.1m) Bolden. - Shut those thoughts off. - Shut those thoughts off. -> INDIFFERENT (2024)
[499/947] (~3.1m) Tar Blanche - Might As Well Embrace It - Might As Well Embrace It -> INDIFFERENT (2023)
[500/947] (~3.1m) DARKSIDE - Psychic (Expanded) - Paper Trails -> INDIFFERENT (2023)
[501/947] (~3.5m) Surf Curse - Heaven Surrounds You - Hour of the Wolf -> INDIFFERENT (2019)
WARNING: Missing artistId (NaN) for track: "Peace Piece". Processing anyway...
Warning: No valid albumId found for track: Bill Evans Trio - Everybody Digs Bill Evans - Peace Piece. Skipping album metadata.
[502/947] (~3.4m) Bill Evans Trio - Everybody Digs Bill Evans - Peace Piece -> nan
[503/947] (~3.4m) Her New Knife - chrome is lullaby - vitamin beauty -> INDIFFERENT (2024)
[504/947] (~3.4m) belac - Be With Me 2009 - Be With Me 2009 -> INDIFFERENT (2024)
[505/947] (~3.4m) Rōōh - overthinking - please come back -> INDIFFERENT (2024)
[506/947] (~3.4m) Bella Ora - Good Girl - Good Girl -> INDIFFERENT (2026)
[507/947] (~3.4m) Bryant BRX - Soule (pack) - Soule (Radio Edit) -> INDIFFERENT (2025)
[508/947] (~3.4m) CQ Wrestling - The Rift - The Rift -> LIKE (2020)
[509/947] (~3.4m) ChronoLeo - Ekasi Symphony: Love & Other Ghosts - Actions Speak Louder -> INDIFFERENT (2025)
[510/947] (~3.4m) Yasunori Mitsuda - CHRONO TRIGGER Original Soundtrack【DS Edition】 - 魔王決戦 - Battle with Magus -> INDIFFERENT (2009)
[511/947] (~3.4m) No Vacation - Phasing - Out of Place -> INDIFFERENT (2019)
[512/947] (~3.4m) Prod LD - A Birds Last Look (jersey club flip) - A Birds Last Look (jersey club flip) -> INDIFFERENT (2024)
[513/947] (~3.4m) Twelve Titans Music - Reflection - Stars Above, Earth Below -> INDIFFERENT (2019)
[514/947] (~3.3m) SLXMY - Hb Audi Team - HB AUDI TEAM -> INDIFFERENT (2024)
[515/947] (~3.3m) Duster - Transmission, Flux - Closer to the Speed of Sound -> INDIFFERENT (1997)
[516/947] (~3.3m) Animal Panic. - Loveless - Loveless -> INDIFFERENT (2026)
[517/947] (~3.3m) Velma - Living in Chaos - Living in Chaos -> INDIFFERENT (2024)
[518/947] (~3.3m) Lure Division - OMNIMOVIE - Zenith -> INDIFFERENT (2022)
[519/947] (~3.3m) DJ CARPET - Torino - Torino (Extended) -> INDIFFERENT (2025)
[520/947] (~3.3m) LNRT - Right Now - Right Now -> INDIFFERENT (2025)
[521/947] (~3.3m) Samia - The Baby - Stellate -> INDIFFERENT (2020)
[522/947] (~3.3m) Gold Panda - Mountain / Financial District - Mountain -> LIKE (2012)
[523/947] (~3.3m) Mavi - That Feeling - That Feeling -> INDIFFERENT (2026)
[524/947] (~3.3m) Bunny Wailer - Keep on Moving - Keep on Moving -> INDIFFERENT (2022)
[525/947] (~3.3m) PXRKX - RACING - RACING -> INDIFFERENT (2023)
[526/947] (~3.2m) Peanut Butter Wolf - Peanut Butter Wolf The Best Of (Deluxe Edition) - Run The Line (Lord Finesse Remix) (feat. Rasco & Lord Finesse) -> INDIFFERENT (2002)
[527/947] (~3.2m) Godblesscomputers - First Light Falling - First Light Falling -> INDIFFERENT (2026)
[528/947] (~3.2m) Bonobo - Eyesdown - Eyesdown (Instrumental) (feat. Andreya Triana) -> INDIFFERENT (2010)
[529/947] (~3.2m) Psycho Slumber - Impreza Club - Impreza Club -> INDIFFERENT (2024)
[530/947] (~3.2m) Soul Groove (UK) - Jaded (Remixes) - Late Night Caller (Retromigration Remix) -> INDIFFERENT (2023)
[531/947] (~3.2m) Lord Digga - The High Plains Drifter - Brand Nu Day -> INDIFFERENT (2008)
[532/947] (~3.2m) Wombo - Fairy Rust - She Go -> INDIFFERENT (2022)
[533/947] (~3.2m) fyodor - intersection - outakes -> INDIFFERENT (2026)
[534/947] (~3.2m) morisan - stranded - stranded -> INDIFFERENT (2025)
[535/947] (~3.2m) Circa Survive - Descensus - Schema -> INDIFFERENT (2014)
[536/947] (~3.2m) Seven Saturdays - Secret Things - True Romance (Teen Daze Remix) -> LIKE (2011)
[537/947] (~3.2m) †SPIDER† - PULSELINE (RALLY) - PULSELINE (RALLY) -> INDIFFERENT (2025)
[538/947] (~3.2m) Teuteu - Don't Doubt (Slowed + Reverb) - Don't Doubt (Slowed + Reverb) -> INDIFFERENT (2023)
[539/947] (~3.1m) Daffo - Quick Fix - Quick Fix -> INDIFFERENT (2025)
[540/947] (~3.1m) Miki Ikhifa - Nkosi's Fantasia II - Nkosi's Fantasia II -> INDIFFERENT (2024)
[541/947] (~3.1m) Polo & Pan - Disco Nap - Disco Nap (feat. Metronomy) -> INDIFFERENT (2025)
[542/947] (~3.1m) Adrianne Lenker - a-sides and besides - Row -> INDIFFERENT (2014)
[543/947] (~3.1m) Menesix - Dance With You (All Night) - Dance With You (All Night) -> INDIFFERENT (2024)
[544/947] (~3.1m) Fadaway - Let It Fade - Bad Influence (feat. Sonic Nomads) -> INDIFFERENT (2025)
[545/947] (~3.1m) Adrianne Lenker - abysskiss - terminal paradise -> INDIFFERENT (2018)
[546/947] (~3.1m) Take Care - Agony - It's All My Fault -> INDIFFERENT (2022)
[547/947] (~3.1m) Yasunori Mitsuda - CHRONO TRIGGER Original Soundtrack【DS Edition】 - ボス･バトル2 - Boss Battle 2 -> INDIFFERENT (2009)
[548/947] (~3.1m) Day Wave - Come Home Now / You Are Who You Are - Come Home Now -> INDIFFERENT (2015)
[549/947] (~3.1m) Catching Flies - Beats & Pieces - Proud -> INDIFFERENT (2025)
[550/947] (~3.1m) The Wailing Souls - The Wailing Souls - Without You -> INDIFFERENT (1976)
[551/947] (~3.0m) Phantom Sugar - LEFT ON READ - LEFT ON READ -> INDIFFERENT (2024)
[552/947] (~3.0m) Haruki - Jupiter Jazz - Jupiter Jazz -> INDIFFERENT (2024)
[553/947] (~3.0m) Adi T - LIQUOR STORE - LIQUOR STORE -> INDIFFERENT (2025)
[554/947] (~3.0m) Preoccupations - Cassette - Unconscious Melody -> INDIFFERENT (2014)
[555/947] (~3.0m) Adrianne Lenker - a-sides and besides - Kerina -> INDIFFERENT (2014)
[556/947] (~3.0m) Grace Aberhart - Letterbox - Letterbox -> INDIFFERENT (2023)
[557/947] (~3.0m) Faerybabyy - desperate ex gf - desperate ex gf -> INDIFFERENT (2024)
[558/947] (~3.0m) K'NAAN - Troubadour - Bang Bang (feat. Adam Levine) -> INDIFFERENT (2008)
[559/947] (~3.0m) Big Thief - Mythological Beauty - Breathe in My Lungs -> INDIFFERENT (2017)
[560/947] (~3.0m) Bellaire - Paris City Jazz - Jazzy Things -> INDIFFERENT (2018)
[561/947] (~3.0m) Waxahatchee - Tigers Blood - Crowbar -> INDIFFERENT (2024)
[562/947] (~3.0m) Far Caspian - The Last Remaining Light - First Warning Shot -> INDIFFERENT (2023)
[563/947] (~2.9m) Leon Flydal - Pulse - Lisbon -> LIKE (2024)
[564/947] (~2.9m) A Beacon School - Cola - I Don't Believe It -> INDIFFERENT (2019)
[565/947] (~2.9m) Züra Soul - Solicious - More Love -> INDIFFERENT (2026)
[566/947] (~2.9m) Surf Curse - Hour of The Wolf - Hour of the Wolf -> LIKE (2019)
[567/947] (~2.9m) Mathematik - Ecology - Ta Each Iz Own -> INDIFFERENT (1999)
[568/947] (~2.9m) Bellestar - I'm Your Poison - I'm Your Poison -> INDIFFERENT (2026)
[569/947] (~2.9m) A Beacon School - Potion / Jon - Potion -> INDIFFERENT (2023)
[570/947] (~2.9m) Bella Ora - Way Back - Way Back -> INDIFFERENT (2026)
[571/947] (~2.9m) Vales - Warm The Room EP - Shake 'N' Swing -> INDIFFERENT (2024)
[572/947] (~2.9m) Adrianne Lenker - Hours Were the Birds - A Love of Some Kind -> INDIFFERENT (2014)
[573/947] (~2.9m) Vundabar - Devil for the Fire - Nosferatu -> INDIFFERENT (2022)
[574/947] (~2.9m) Andreíos - COFFEE & HOUSE - 4/4 Swing -> INDIFFERENT (2026)
[575/947] (~2.8m) SQUARE ENIX MUSIC - DISSIDIA FINAL FANTASY Original Soundtrack - 「決戦 - arrange -」 from FINAL FANTASY VI - 「The Decisive Battle - arrange -」 from FINAL FANTASY VI -> INDIFFERENT (2008)
[576/947] (~2.8m) Hans Zimmer - Interstellar (Original Motion Picture Soundtrack) [Expanded Edition] - Afraid of Time -> INDIFFERENT (2014)
[577/947] (~2.8m) DXCD77 - QUATTRO CLUB - QUATTRO CLUB -> INDIFFERENT (2023)
[578/947] (~2.8m) Far Caspian - Attempt - Attempt -> INDIFFERENT (2021)
[579/947] (~2.8m) Shiro SAGISU - NEON GENESIS EVANGELION II (Original Soundtrack) - Both of you, Dance Like You Want to Win! -> INDIFFERENT (2023)
[580/947] (~2.8m) Zara Muzzic - Luxury - Luxury -> INDIFFERENT (2026)
[581/947] (~2.8m) Astrophysics - Komm, süsser Tod - Komm, süsser Tod (feat. Marina Rios) -> INDIFFERENT (2020)
[582/947] (~2.8m) Daffo - Where the Earth Bends - Go Fetch -> INDIFFERENT (2025)
[583/947] (~2.8m) Nvrtheless - let it all - let it all -> LIKE (2025)
[584/947] (~2.8m) loopgarden - Noiris - Red Herring -> INDIFFERENT (2025)
[585/947] (~2.8m) RXDER - Fw16 - FW16 -> INDIFFERENT (2024)
[586/947] (~2.8m) Mali Velasquez - Mali Velasquez on Audiotree Live - Horse Trough (Audiotree Live) -> INDIFFERENT (2024)
[587/947] (~2.7m) DAWSON - Gloria - Gloria -> INDIFFERENT (2025)
[588/947] (~2.7m) DARKSIDE - Psychic (Expanded) - Gone Too Soon -> INDIFFERENT (2023)
[589/947] (~2.7m) Solea - Soft Focus - Soft Focus -> INDIFFERENT (2026)
[590/947] (~2.7m) A Beacon School - Cola - Cut Thru -> INDIFFERENT (2019)
[591/947] (~2.7m) Big L - Harlem's Finest: Return Of The King - How Will I Make It (Park West High School Mix) -> INDIFFERENT (2025)
[592/947] (~2.7m) Shadowstar - ENDO SMOKE - ENDO SMOKE -> INDIFFERENT (2022)
[593/947] (~2.7m) ANOTR - The Reset - Mirror Society -> INDIFFERENT (2022)
[594/947] (~2.7m) Adrianne Lenker - Hours Were the Birds - Disappear -> INDIFFERENT (2014)
[595/947] (~2.7m) Autumn's Grey Solace - Over the Ocean - Waning Faithful -> INDIFFERENT (2004)
[596/947] (~2.7m) HEALTH - DISCO4, PART I - POWER FANTASY (feat. 100 gecs) -> INDIFFERENT (2020)
Warning: No valid albumId found for track: JVD - nan - {FREE} UK GARAGE x HOUSE TYPE BEAT - 'DRIFT'. Skipping album metadata.
[597/947] (~2.7m) JVD - nan - {FREE} UK GARAGE x HOUSE TYPE BEAT - 'DRIFT' -> INDIFFERENT
[598/947] (~2.7m) Far Caspian - Ways To Get Out - Get Along -> INDIFFERENT (2021)
[599/947] (~2.6m) DJ CARPET - Neath - Neath -> INDIFFERENT (2025)
[600/947] (~2.6m) Lord Finesse - The Awakening - True And Livin' -> INDIFFERENT (1996)
[601/947] (~2.6m) hold - just give it time - Birds -> INDIFFERENT (2022)
[602/947] (~2.6m) MrBigB - Spike's Interlude - Spike's Interlude -> INDIFFERENT (2024)
[603/947] (~2.6m) Zarazzie - What Can I Do - What Can I Do (Slowed) -> INDIFFERENT (2025)
[604/947] (~2.6m) Mellizos - My Life Is A Disco (In The Mix) - My Life Is A Disco (In The Mix) -> INDIFFERENT (2026)
[605/947] (~2.6m) late night drive home - How Are We Feeling? - Over The Garden -> INDIFFERENT (2022)
[606/947] (~2.6m) Cielo - Slow Down - Slow Down -> INDIFFERENT (2026)
[607/947] (~2.6m) Narrow Head - Far Removed - Nervous Habits -> INDIFFERENT (2020)
[608/947] (~2.6m) Trinix - Quedate Luna - Quedate Luna -> INDIFFERENT (2024)
[609/947] (~2.6m) Beau - Stuck On Repeat - Stuck On Repeat -> INDIFFERENT (2022)
[610/947] (~2.6m) TrackTribe - Greaser - Greaser -> INDIFFERENT (2019)
[611/947] (~2.6m) Serengeti - Dirty Flamingo - What A Day (feat. Hi-Fidel) -> INDIFFERENT (2005)
[612/947] (~2.5m) bicycle ride - Pink Countach - Pink Countach -> INDIFFERENT (2026)
[613/947] (~2.5m) GEE LEE - Fast Life - Fast Life -> INDIFFERENT (2023)
[614/947] (~2.5m) Babehoven - Fugazi - Fugazi -> LIKE (2022)
[615/947] (~2.5m) Andronicus - Make You Whole - Make You Whole (Radio Edit) -> INDIFFERENT (2026)
[616/947] (~2.5m) Rehash - malaise - malaise -> INDIFFERENT (2025)
[617/947] (~2.5m) Viskus - New Car Smell - New Car Smell -> INDIFFERENT (2021)
[618/947] (~2.5m) late night drive home - How Are We Feeling? - Pufferfish -> INDIFFERENT (2022)
[619/947] (~2.5m) Black Marble - Weight Against the Door - Pretender -> INDIFFERENT (2012)
[620/947] (~2.5m) Teen Suicide - dc snuff film / waste yrself - doing all the things i used to do with people, part 2 -> INDIFFERENT (2015)
[621/947] (~2.5m) French Fuse - Les feuilles mortes - Les feuilles mortes -> INDIFFERENT (2024)
[622/947] (~2.5m) Noxygen - COROLLA CLUB (SPEED UP) - COROLLA CLUB (SPEED UP) -> INDIFFERENT (2024)
[623/947] (~2.5m) Wednesday - Twin Plagues - How Can You Live If You Can’t Love How Can You If You Do -> LIKE (2021)
[624/947] (~2.4m) Wyatt Smith - Maple - East Bay -> INDIFFERENT (2020)
[625/947] (~2.4m) Super Flu - Believe - Believe -> INDIFFERENT (2024)
[626/947] (~2.4m) geods sorèd - Little Flowers - Little Flowers -> INDIFFERENT (2022)
[627/947] (~2.4m) Weval - The Weight Remixe - The Weight (Lake Turner Remix) -> LIKE (2019)
[628/947] (~2.4m) Покой и Грёзы - Без надежд - Обжигаюсь -> INDIFFERENT (2024)
[629/947] (~2.4m) OMNIAE - Chosen in Every Lifetime – Soulmate & Luxury Life Subliminal - Chosen in Every Lifetime – Soulmate & Luxury Life Subliminal -> INDIFFERENT (2025)
[630/947] (~2.4m) CASTLEBEAT - Half Life - Here Goes Nothing -> INDIFFERENT (2022)
[631/947] (~2.4m) prod. DTM - Flying Rally - Flying Rally -> INDIFFERENT (2024)
[632/947] (~2.4m) Lago - When The Sun Comes Up - When The Sun Comes Up -> INDIFFERENT (2026)
[633/947] (~2.4m) dublon - Viceral - Viceral -> INDIFFERENT (2024)
[634/947] (~2.4m) defyer - lust - lust -> INDIFFERENT (2026)
[635/947] (~2.4m) Azura - Nothing To Lose - Nothing To Lose -> INDIFFERENT (2026)
[636/947] (~2.3m) Makeout Reef - Star Power - Tied -> INDIFFERENT (2024)
[637/947] (~2.3m) Sound Providers featuring Little Brother - An Evening With The Sound Providers - Braggin & Boasting (featuring Little Brother) (feat. Little Brother) -> INDIFFERENT (2004)
[638/947] (~2.3m) sunflwr - what's a world without you - what's a world without you -> LIKE (2023)
[639/947] (~2.3m) Bella Ora - Plan B - Plan B -> INDIFFERENT (2026)
[640/947] (~2.3m) Her New Knife - chrome is lullaby - kittyriff -> INDIFFERENT (2024)
[641/947] (~2.3m) Meanetik - Summer '12 - Summer '12 -> INDIFFERENT (2026)
[642/947] (~2.3m) Dan Thiessen - Aeternum: Epic Cinematic Trailer Themes - Rise Now Our Hero -> INDIFFERENT (2022)
[643/947] (~2.3m) 4KPLAYA - Fader Up - Fader Up -> INDIFFERENT (2025)
[644/947] (~2.3m) Glixen - Splendor - Splendor -> INDIFFERENT (2023)
[645/947] (~2.3m) Robin Guthrie - Carousel - Sparkle -> INDIFFERENT (2009)
[646/947] (~2.3m) Krue Kidd - Underwater - Underwater -> INDIFFERENT (2026)
[647/947] (~2.3m) Noxygen - BROKEN TURISMO - BROKEN TURISMO -> INDIFFERENT (2024)
[648/947] (~2.3m) ¿Téo? - Luna - Magic Hour -> INDIFFERENT (2023)
[649/947] (~2.2m) MARXO - MICHELIN CLUB - MICHELIN CLUB -> INDIFFERENT (2024)
[650/947] (~2.2m) Far Caspian - Autofiction - Here Is Now -> INDIFFERENT (2025)
[651/947] (~2.2m) Charlie Jeer - Sun Is Gone - Sun Is Gone -> INDIFFERENT (2025)
Warning: No valid albumId found for track: Kane Parsons - nan - Kane Parsons - A Long Return to Innocence. Skipping album metadata.
[652/947] (~2.2m) Kane Parsons - nan - Kane Parsons - A Long Return to Innocence -> INDIFFERENT
[653/947] (~2.2m) Vard. - Shoreditch (feat. Eljé) - Shoreditch (feat. Eljé) -> INDIFFERENT (2024)
[654/947] (~2.2m) White House - I'm Letting Go - I'm Letting Go -> INDIFFERENT (2025)
[655/947] (~2.2m) Slaughter Beach, Dog - Crying, Laughing, Waving, Smiling - My Sister in Jesus Christ -> LIKE (2023)
[656/947] (~2.2m) Charlie Jeer - Everything Is Temporary - Mona Lisa -> INDIFFERENT (2025)
[657/947] (~2.2m) Okvsho - Soulé - Soulé -> INDIFFERENT (2023)
[658/947] (~2.2m) valtis - Michelin Club - Michelin Club -> INDIFFERENT (2024)
[659/947] (~2.2m) They Are Gutting a Body of Water - Destiny XL - eightball -> LIKE (2019)
[660/947] (~2.2m) Black Marble - Bigger Than Life - Daily Driver -> INDIFFERENT (2019)
[661/947] (~2.1m) sunflwr - stay in my dreams - stay in my dreams -> INDIFFERENT (2024)
[662/947] (~2.1m) Her New Knife - douglasland.v1 - douglasland.v1 -> LIKE (2023)
[663/947] (~2.1m) Artifacts - That's Them - The Inteview -> INDIFFERENT (1997)
[664/947] (~2.1m) Lost Boyz - LB  IV Life - Freaky Tah Intro -> INDIFFERENT (1999)
[665/947] (~2.1m) A Tribe Called Quest - The Love Movement - Like It Like That -> INDIFFERENT (1998)
[666/947] (~2.1m) Wailers - Dub Marley - Soul Rebel Dub -> INDIFFERENT (1975)
[667/947] (~2.1m) friendly to crows - all alone - the monolith -> INDIFFERENT (2024)
[668/947] (~2.1m) Table - Heal - Heal -> INDIFFERENT (2025)
[669/947] (~2.1m) late night drive home - How Are We Feeling? - How To Be Normal -> INDIFFERENT (2022)
WARNING: Missing artistId (NaN) for track: "FERRARI F40". Processing anyway...
[670/947] (~2.1m) AviTor - FERRARI F40 - FERRARI F40 -> INDIFFERENT (2024)
[671/947] (~2.1m) la carte - zeste - zeste -> LIKE (2026)
[672/947] (~2.1m) Adrianne Lenker - a-sides and besides - Yuki Onna -> INDIFFERENT (2014)
[673/947] (~2.1m) Black Marble - Weight Against the Door - On My Head -> INDIFFERENT (2012)
[674/947] (~2.0m) Valium Aggelein - Black Moon - Here Comes The Black Moon -> INDIFFERENT (2020)
[675/947] (~2.0m) Weyes Blood - And In The Darkness, Hearts Aglow - Grapevine -> LIKE (2022)
[676/947] (~2.0m) Palehound - The Clutch - The Clutch -> INDIFFERENT (2023)
[677/947] (~2.0m) Current Joys - Fear - Fear -> LIKE (2018)
[678/947] (~2.0m) Valium Aggelein - Black Moon - V -> INDIFFERENT (2020)
[679/947] (~2.0m) Daffo - Habit - Habit -> INDIFFERENT (2025)
WARNING: Missing artistId (NaN) for track: "Pulse (feat. bbgriri)". Processing anyway...
[680/947] (~2.0m) Nico Harris - Pulse - Pulse (feat. bbgriri) -> INDIFFERENT (2026)
[681/947] (~2.0m) Miki Ikhifa - Night of Arará II - Night of Arará II -> INDIFFERENT (2025)
[682/947] (~2.0m) valtis - PUSHING - PUSHING -> INDIFFERENT (2025)
[683/947] (~2.0m) the wine is ok - merlot - merlot -> INDIFFERENT (2025)
[684/947] (~2.0m) Her New Knife - purepurepure - purepurepure -> INDIFFERENT (2024)
[685/947] (~2.0m) DIIV - Is the Is Are - Healthy Moon -> LIKE (2016)
[686/947] (~2.0m) Noriko Matsueda - CHRONO TRIGGER Original Soundtrack【DS Edition】 - ボス･バトル1 - Boss Battle 1 -> INDIFFERENT (2009)
[687/947] (~1.9m) Pinkshinyultrablast - Everything Else Matters - Land's End -> INDIFFERENT (2015)
[688/947] (~1.9m) Nebulae Waves - Golden Hours - Golden Hours -> INDIFFERENT (2026)
[689/947] (~1.9m) Hand Habits - Fun House - No Difference -> LIKE (2021)
[690/947] (~1.9m) Jimmy Q - Tappan Z - Tappan Z -> INDIFFERENT (2025)
[691/947] (~1.9m) Black Marble - Bigger Than Life - Grey Eyeliner -> INDIFFERENT (2019)
[692/947] (~1.9m) Kerala Dust - Late Sun - Nevada -> INDIFFERENT (2017)
[693/947] (~1.9m) Tokyo Shoegazer - Moonworld Playground - Tokyo Neon Signs -> INDIFFERENT (2022)
[694/947] (~1.9m) Oakwood - Blurred Away - A Tangled Mess -> INDIFFERENT (2026)
[695/947] (~1.9m) DANIEL - Another Love - Another Love -> INDIFFERENT (2023)
[696/947] (~1.9m) Ovlov - TRU - Baby Alligator -> LIKE (2018)
[697/947] (~1.9m) Teuteu - Quartz - Quartz -> INDIFFERENT (2025)
[698/947] (~1.9m) Enjoy - Small Car Big Wheels - Small Car Big Wheels -> INDIFFERENT (2018)
[699/947] (~1.9m) The Ballers - A Day Late and a Dollar Short - Ain't Nothin Changed -> INDIFFERENT (1997)
[700/947] (~1.8m) NOYA - Quiet Garden Currency - Without Chase (feat. Adrian Solé) -> INDIFFERENT (2026)
[701/947] (~1.8m) geods sorèd - Magnetic - Make A Move -> INDIFFERENT (2025)
[702/947] (~1.8m) Emapea - Zoning Out Vol. 2 - Underground Theme -> INDIFFERENT (2019)
[703/947] (~1.8m) Underground Canopy - Bluestaeb and S. Fidelity Present Underground Canopy - Feelm Intermission -> INDIFFERENT (2020)
[704/947] (~1.8m) 1-800 GIRLS - U, Me And Madonna - U, Me And Madonna -> INDIFFERENT (2019)
[705/947] (~1.8m) valtis - Rally Groove - Rally Groove -> INDIFFERENT (2024)
[706/947] (~1.8m) Hutcher - My Vibe - My Vibe -> INDIFFERENT (2023)
[707/947] (~1.8m) Idris Muhammad - Could Heaven Ever Be Like This (Walker & Royce and Chris Lorenzo Remix) - Could Heaven Ever Be Like This (Walker & Royce and Chris Lorenzo Remix) -> INDIFFERENT (2022)
[708/947] (~1.8m) Bellaire - Bellaire's Secret Grooves - The Riff -> INDIFFERENT (2024)
[709/947] (~1.8m) fyodor - montreal - montreal -> INDIFFERENT (2025)
[710/947] (~1.8m) Blue Canopy - Bright Spot II - Bright Spot II -> INDIFFERENT (2024)
[711/947] (~1.8m) LoMalo - Get Motivated - Get Motivated -> INDIFFERENT (2024)
[712/947] (~1.8m) Jerry Garcia Band - How Sweet It Is - Gomorrah (feat. Jerry Garcia Band) -> INDIFFERENT (1997)
[713/947] (~1.7m) notinbed - worldisastercompilation.1 - sorry -> INDIFFERENT (2025)
[714/947] (~1.7m) Esme Rose - x3 - Devil's Gonna Set Me Free -> INDIFFERENT (2026)
[715/947] (~1.7m) Palehound - Eye On The Bat - Eye On The Bat -> INDIFFERENT (2023)
[716/947] (~1.7m) Big L - Buckwild Presents: Diggin' in the Crates - Rare Studio Masters - M.V.P. (Remix #1) -> INDIFFERENT (2007)
[717/947] (~1.7m) la carte - bleu de nuit - bleu de nuit -> INDIFFERENT (2026)
WARNING: Missing artistId (NaN) for track: "Young And Foolish". Processing anyway...
Warning: No valid albumId found for track: Bill Evans Trio - Everybody Digs Bill Evans - Young And Foolish. Skipping album metadata.
[718/947] (~1.7m) Bill Evans Trio - Everybody Digs Bill Evans - Young And Foolish -> nan
[719/947] (~1.7m) FÉLINÉ - MADAM - paint me like one of your french girls -> INDIFFERENT (2025)
[720/947] (~1.7m) The Rare Occasions - You Weren't Meant to See That - You Weren't Meant to See That -> INDIFFERENT (2018)
[721/947] (~1.7m) Daffo - Sideways - Sideways -> INDIFFERENT (2025)
[722/947] (~1.7m) Lago - Stay - Stay -> INDIFFERENT (2026)
[723/947] (~1.7m) Adrianne Lenker - a-sides and besides - Wallet -> INDIFFERENT (2014)
[724/947] (~1.7m) Dehd - Flower of Devotion - Flood -> LIKE (2020)
WARNING: Missing artistId (NaN) for track: "Never Too Much". Processing anyway...
[725/947] (~1.6m) Derrick Cross - Never Too Much - Never Too Much -> INDIFFERENT (2021)
[726/947] (~1.6m) Yasunori Mitsuda - CHRONO TRIGGER Original Soundtrack【DS Edition】 - 世界変革の時 - World Revolution -> INDIFFERENT (2009)
[727/947] (~1.6m) V O C A L O R A - Orange Threads - Orange Threads -> INDIFFERENT (2026)
[728/947] (~1.6m) LNRT - Summer Madness - Summer Madness -> LIKE (2026)
[729/947] (~1.6m) Rivaro - Good Vibes - Good Vibes -> LIKE (2026)
[730/947] (~1.6m) A Country Western - A Country Western - Voicemail -> INDIFFERENT (2020)
[731/947] (~1.6m) pami - lie (single) - lie -> INDIFFERENT (2024)
[732/947] (~1.6m) The Be Good Tanyas - Blue Horse - Broken Telephone -> INDIFFERENT (2019)
[733/947] (~1.6m) Yasunori Mitsuda - CHRONO TRIGGER Original Soundtrack【DS Edition】 - みどりの思い出 - Memories of Green -> INDIFFERENT (2009)
[734/947] (~1.6m) Faye Webster - I Know I'm Funny haha - A Dream With a Baseball Player -> INDIFFERENT (2021)
[735/947] (~1.6m) Yere - Lazy Haze - Lazy Haze -> INDIFFERENT (2025)
[736/947] (~1.6m) Bushwackas - Buckwild Presents: Diggin' in the Crates - Rare Studio Masters - Caught up in the Game -> INDIFFERENT (2007)
[737/947] (~1.6m) Slint - Spiderland (remastered) - Todd's Song (Post-Spiderland Song in Progress) -> INDIFFERENT (1991)
[738/947] (~1.5m) late night drive home - How Are We Feeling? - Television Romantic -> INDIFFERENT (2022)
[739/947] (~1.5m) Ovlov - Crazy Motorcycle Jump - Mustachio -> INDIFFERENT (2009)
[740/947] (~1.5m) Miilkbone - Da' Miilkrate - Set It Off -> INDIFFERENT (1995)
[741/947] (~1.5m) Matthew Belson - Jazz House - Jazz House -> INDIFFERENT (2025)
[742/947] (~1.5m) Miilkbone - Da' Miilkrate - Check Me Out -> INDIFFERENT (1995)
[743/947] (~1.5m) Elevador - Cão Vadio - Cão Vadio -> INDIFFERENT (2020)
[744/947] (~1.5m) Yere - Where The Party At - Where The Party At -> INDIFFERENT (2026)
[745/947] (~1.5m) The Rare Occasions - Feelers - Halfheartedly -> INDIFFERENT (2014)
[746/947] (~1.5m) Yasunori Mitsuda - CHRONO TRIGGER Original Soundtrack【DS Edition】 - やすらぎの日々 - Peaceful Days -> INDIFFERENT (2009)
[747/947] (~1.5m) Jackson Homer - MM - IDEA OF US -> INDIFFERENT (2022)
[748/947] (~1.5m) Godblesscomputers - Waving - Waving -> INDIFFERENT (2025)
Warning: No valid albumId found for track: ChiCity1Entertainment - nan - Rhetoric - Love Or The Loot (1999 Milwaukee,Wisconsin). Skipping album metadata.
[749/947] (~1.5m) ChiCity1Entertainment - nan - Rhetoric - Love Or The Loot (1999 Milwaukee,Wisconsin) -> INDIFFERENT
[750/947] (~1.5m) Midnite - Let Live - Done Wrong Type -> INDIFFERENT (2005)
[751/947] (~1.4m) Jeanne Bringtown - FLOU - FLOU -> INDIFFERENT (2026)
[752/947] (~1.4m) late night drive home - Star Love / Kill Me Sweet - Kill Me Sweet -> INDIFFERENT (2021)
[753/947] (~1.4m) luciansei - Casualidad - Casualidad -> INDIFFERENT (2023)
[754/947] (~1.4m) LNRT - To The Beat (Take It Back) - To The Beat (Take It Back) -> INDIFFERENT (2025)
[755/947] (~1.4m) Don Carlos - Lazer Beam - Laser Beam -> INDIFFERENT (2006)
[756/947] (~1.4m) Esther Rose - Safe to Run - Dream Girl -> INDIFFERENT (2023)
[757/947] (~1.4m) ANGXL - GROUP B - GROUP B -> INDIFFERENT (2024)
[758/947] (~1.4m) M83 - Oblivion (Original Motion Picture Soundtrack) - Fearful Odds -> INDIFFERENT (2013)
[759/947] (~1.4m) Benjamin Crimson - UNDERTALE: Last Breath Original Soundtrack - An Enigmatic Encounter -> INDIFFERENT (2023)
[760/947] (~1.4m) Lago - Secrets - Secrets -> INDIFFERENT (2026)
[761/947] (~1.4m) late night drive home - Am I sinking or Am I swimming? - We're Nobody -> INDIFFERENT (2021)
[762/947] (~1.4m) Whirr - Feels Like You - Rental -> INDIFFERENT (2019)
[763/947] (~1.4m) Daffo - Crisis Kit - spiderr -> INDIFFERENT (2021)
[764/947] (~1.4m) Sundowner Chill - Sunset Chillout Lounge Mix - Sunset Golden Hour -> INDIFFERENT (2026)
[765/947] (~1.3m) Tyler, The Creator - CALL ME IF YOU GET LOST: The Estate Sale - HEAVEN TO ME -> INDIFFERENT (2023)
WARNING: Missing artistId (NaN) for track: "Shaolin Style (12' Mix)". Processing anyway...
Warning: No valid albumId found for track: Shyheim - Shaolin Style - Shaolin Style (12' Mix). Skipping album metadata.
[766/947] (~1.3m) Shyheim - Shaolin Style - Shaolin Style (12' Mix) -> nan
[767/947] (~1.3m) Adrianne Lenker - a-sides and besides - Miss Misty -> INDIFFERENT (2014)
[768/947] (~1.3m) Maddie Ashman - Her Side - Behind Closed Eyes -> INDIFFERENT (2026)
[769/947] (~1.3m) bari - Shed a Tear - Shed a Tear -> INDIFFERENT (2026)
[770/947] (~1.3m) Tenzalt - Betrayal - Genocide -> INDIFFERENT (2021)
[771/947] (~1.3m) BONQUE - Nothingness - NOTHINGNESS -> INDIFFERENT (2025)
[772/947] (~1.3m) Adrianne Lenker - Hours Were the Birds - Gone -> INDIFFERENT (2014)
[773/947] (~1.3m) George Clanton - Slide - Dumb -> INDIFFERENT (2018)
[774/947] (~1.3m) Emapea - Underground Crown - Underground Crown -> INDIFFERENT (2026)
[775/947] (~1.3m) link3 - 2020-2022 demo - Blue-Eyes White Dragon (feat. sign crushes motorist & r0w_na) -> INDIFFERENT (2022)
[776/947] (~1.3m) Human Tetris - Things I Don't Need - Things I Don't Need -> INDIFFERENT (2010)
[777/947] (~1.3m) ilysam - sweet rally - sweet rally -> INDIFFERENT (2024)
[778/947] (~1.2m) Erwo - Boca do Rio - Boca do Rio -> INDIFFERENT (2026)
[779/947] (~1.2m) late night drive home - Am I sinking or Am I swimming? - Under Supervision -> INDIFFERENT (2021)
[780/947] (~1.2m) Sole Mare - Sunset Vibes - Sunset Vibes -> INDIFFERENT (2026)
[781/947] (~1.2m) Lemtom - Feelin' Alright - Feelin' Alright -> INDIFFERENT (2024)
[782/947] (~1.2m) wan guru - ohmygod! - ohmygod! -> INDIFFERENT (2025)
[783/947] (~1.2m) FEWS - Means - The Queen -> INDIFFERENT (2016)
[784/947] (~1.2m) Jean Tonique - Simple Things - Simple Things -> INDIFFERENT (2023)
[785/947] (~1.2m) Arty Ficial - Missing You - Missing you -> INDIFFERENT (2026)
[786/947] (~1.2m) Black Uhuru - Dynasty - Evil Spiritual Gangster -> INDIFFERENT (2001)
[787/947] (~1.2m) ddp - Come Home - Come Home -> INDIFFERENT (2026)
[788/947] (~1.2m) late night drive home - How Are We Feeling? - Awkward Conversations -> INDIFFERENT (2022)
[789/947] (~1.2m) voi - afternoon - afternoon -> INDIFFERENT (2025)
[790/947] (~1.2m) Azura - On My Mind - On My Mind -> INDIFFERENT (2026)
[791/947] (~1.1m) Wesly Thomas - Modern Classic - Afternoon in Rio -> INDIFFERENT (2021)
[792/947] (~1.1m) Painted Dunes - Between Drinks - Between Drinks -> INDIFFERENT (2025)
[793/947] (~1.1m) Cats Millionaire - Fun Fun Fun - Exclusive Royal Canterlot Wedding Playset -> INDIFFERENT (2013)
Warning: No valid albumId found for track: A X S T H X T I C . - nan - TH3C0MMUN1TY - SUBARU CREW. Skipping album metadata.
[794/947] (~1.1m) A X S T H X T I C . - nan - TH3C0MMUN1TY - SUBARU CREW -> INDIFFERENT
[795/947] (~1.1m) valtis - SPIRIT - SPIRIT -> INDIFFERENT (2025)
[796/947] (~1.1m) It Looks Sad. - Kaiju - Nagoya -> INDIFFERENT (2015)
[797/947] (~1.1m) Mansur Brown - Ocean's Interlude - Ocean's Interlude -> INDIFFERENT (2026)
[798/947] (~1.1m) The Marías - Submarine - Lejos de Ti -> INDIFFERENT (2024)
[799/947] (~1.1m) Her New Knife - chrome is lullaby - skinny/baby -> INDIFFERENT (2024)
Warning: No valid albumId found for track: collector of hip-hop 3 - nan - Lost Boyz - Me & My Crazy World (1997). Skipping album metadata.
[800/947] (~1.1m) collector of hip-hop 3 - nan - Lost Boyz - Me & My Crazy World (1997) -> INDIFFERENT
[801/947] (~1.1m) DJ CARPET - OLD BEATS - Arsac -> INDIFFERENT (2026)
[802/947] (~1.1m) geods sorèd - Homesick - Calm Down -> INDIFFERENT (2024)
[803/947] (~1.1m) Songs: Ohia - Protection Spells - Trouble Will Find You -> INDIFFERENT (2000)
[804/947] (~1.0m) late night drive home - Star Love / Kill Me Sweet - Star Love -> INDIFFERENT (2021)
[805/947] (~1.0m) SKAREKROOWXD - Dirt - Dirt -> INDIFFERENT (2024)
[806/947] (~1.0m) DAWSON - Secrets - Secrets -> INDIFFERENT (2025)
[807/947] (~1.0m) Duster - Capsule Losing Contact - Haunt My Sleep -> INDIFFERENT (2019)
[808/947] (~1.0m) The Drums - MOMMY DON'T SPANK ME - I Can't Save Your Life -> INDIFFERENT (2021)
[809/947] (~1.0m) Daffo - Get a Life - Get a Life -> INDIFFERENT (2024)
[810/947] (~1.0m) Goldmyth - My Mistake - My Mistake -> INDIFFERENT (2020)
[811/947] (~1.0m) Zara Muzzic - Watcha - Watcha -> INDIFFERENT (2025)
[812/947] (~1.0m) zodivk - yours (+) - yours (+) -> INDIFFERENT (2019)
[813/947] (~1.0m) Black Uhuru - New Day - Helltown (feat. Andrew Bees, Dylans Dharma & Kinghopeton) -> INDIFFERENT (2022)
[814/947] (~1.0m) Tony Anderson - The Heart of Man - Darkest Night -> INDIFFERENT (2017)
[815/947] (~1.0m) Nick Nitro - Bad Time Trio Nitro - Bad Time Trio Nitro -> INDIFFERENT (2019)
[816/947] (~1.0m) Lago - If You Ask Me - If You Ask Me -> INDIFFERENT (2026)
[817/947] (~0.9m) Show & A.G. - Full Scale - Dignified Soldiers -> INDIFFERENT (1998)
[818/947] (~0.9m) flyingfish - the way night falls - windowsill -> INDIFFERENT (2023)
[819/947] (~0.9m) Lchavasse - 2015 - 2019 - Lunar Abyss -> INDIFFERENT (2019)
[820/947] (~0.9m) Cielo - Sunny Afternoon - Sunny Afternoon -> INDIFFERENT (2026)
[821/947] (~0.9m) jaz - febrero / repisa - repisa -> INDIFFERENT (2024)
[822/947] (~0.9m) yaego - Fe en Rebelión - Fe en Rebelión -> INDIFFERENT (2025)
[823/947] (~0.9m) Avi.Tor - FERRARI F40 ((Slowed + Reverb)) - FERRARI F40 ((Slowed + Reverb)) -> INDIFFERENT (2024)
[824/947] (~0.9m) Black Marble - A Different Arrangement - Limitations -> INDIFFERENT (2012)
[825/947] (~0.9m) Black Marble - A Different Arrangement - UK -> INDIFFERENT (2012)
[826/947] (~0.9m) Growing Pains - What Are the Odds? - What Are the Odds? -> INDIFFERENT (2023)
Warning: No valid albumId found for track: Taleoftwowolves - nan - Da Grassroots - Drama. Skipping album metadata.
[827/947] (~0.9m) Taleoftwowolves - nan - Da Grassroots - Drama -> INDIFFERENT
[828/947] (~0.9m) la carte - i wanted love - i wanted love -> INDIFFERENT (2026)
[829/947] (~0.9m) Pinkshinyultrablast - Dance AM - Dance AM -> INDIFFERENT (2018)
[830/947] (~0.9m) Riddimperialism - Patch Work Sampler, Vol. 3 - African Connection (feat. The Congos) -> INDIFFERENT (2013)
Warning: No valid albumId found for track: YourLocalSchizo - nan - Major Tom (Vollig Losgelost) - Agartha Remix. Skipping album metadata.
[831/947] (~0.8m) YourLocalSchizo - nan - Major Tom (Völlig Losgelöst) - Agartha Remix -> INDIFFERENT
[832/947] (~0.8m) Far Caspian - Ways To Get Out - Our Past Lives (feat. SOMOH) -> INDIFFERENT (2021)
[833/947] (~0.8m) †SPIDER† - SPIDER (GYPSY WOMAN (SLOWER + PHONK) - SPIDER (GYPSY WOMAN (SLOWER + PHONK) -> INDIFFERENT (2023)
[834/947] (~0.8m) Alex G - Rocket - Proud -> LIKE (2017)
[835/947] (~0.8m) Dua Lipa - Illusion (The Blaze Remix) - Illusion (The Blaze Remix) -> INDIFFERENT (2024)
[836/947] (~0.8m) Daffo - Where the Earth Bends - Bad Dog -> INDIFFERENT (2025)
[837/947] (~0.8m) Real Cool Cat - Over And Over - Over And Over -> LIKE (2024)
[838/947] (~0.8m) Square One - Take Your Time (EP Version) - Take Your Time (EP Version) -> INDIFFERENT (2022)
[839/947] (~0.8m) nxkzv - Down Like - Down Like -> INDIFFERENT (2026)
[840/947] (~0.8m) Cielo - Good Morning - Good Morning -> INDIFFERENT (2026)
[841/947] (~0.8m) A Beacon School - Potion / Jon - Jon -> INDIFFERENT (2023)
[842/947] (~0.8m) late night drive home - How Are We Feeling? - Sleeping in Cars -> INDIFFERENT (2022)
[843/947] (~0.8m) Sole Mare - Shine A Little Brighter - Shine A Little Brighter -> INDIFFERENT (2026)
[844/947] (~0.7m) Pinkshinyultrablast - Everything Else Matters - Marigold -> INDIFFERENT (2015)
[845/947] (~0.7m) Soul Wun - Blue Light - She Who Sees All (feat. Mauricesax) -> INDIFFERENT (2024)
[846/947] (~0.7m) wilt - wilt - bite my tongue -> INDIFFERENT (2024)
[847/947] (~0.7m) Wednesday - I Was Trying to Describe You to Someone - Maura -> INDIFFERENT (2020)
[848/947] (~0.7m) late night drive home - Best Friend / Freaks - Best Friend -> INDIFFERENT (2021)
[849/947] (~0.7m) Nothing - Guilty of Everything - Somersault -> INDIFFERENT (2014)
[850/947] (~0.7m) Mali Velasquez - I'm Green - Horse Trough -> INDIFFERENT (2023)
[851/947] (~0.7m) Limelight Sound - Can't Even Love Myself - Can't Even Love Myself -> INDIFFERENT (2025)
[852/947] (~0.7m) Yasunori Mitsuda - CHRONO TRIGGER Original Soundtrack【DS Edition】 - ロボのテーマ - Robo's Theme -> INDIFFERENT (2009)
[853/947] (~0.7m) late night drive home - Perfect Strangers - Perfect Strangers -> INDIFFERENT (2021)
[854/947] (~0.7m) The Shins - When I Goose-Step - New Slang (When You Notice The Stripes) -> INDIFFERENT (2019)
[855/947] (~0.7m) Lamchopz - Fugazi - Fugazi -> INDIFFERENT (2025)
[856/947] (~0.7m) Yuni Wa - State Of The Art - State Of The Art -> LIKE (2025)
[857/947] (~0.7m) Part Time - What Would You Say? - Thunderbolts of Love -> INDIFFERENT (2021)
[858/947] (~0.6m) Valve Studio Orchestra - Fight Songs: The Music of Team Fortress 2 - Faster Than a Speeding Bullet -> INDIFFERENT (2017)
[859/947] (~0.6m) Bob Sinclar - World, Hold On (FISHER Rework) - World, Hold On (FISHER Rework) (feat. Steve Edwards) -> INDIFFERENT (2022)
[860/947] (~0.6m) The Ballers - A Day Late and a Dollar Short - FLA Niggaz -> INDIFFERENT (1997)
[861/947] (~0.6m) Don Carlos - Lazer Beam - Jamaican Woman -> INDIFFERENT (2006)
[862/947] (~0.6m) Far Caspian - Autofiction - Window -> INDIFFERENT (2025)
[863/947] (~0.6m) Black Marble - Bigger Than Life - Bigger Than Life -> INDIFFERENT (2019)
WARNING: Missing artistId (NaN) for track: "Trouble Shooting Star". Processing anyway...
[864/947] (~0.6m) SEGA/ZENTA - 龍が如く0 誓いの場所 オリジナルサウンドトラック Side A - Trouble Shooting Star -> INDIFFERENT (2011)
[865/947] (~0.6m) Solea - Waves - Waves -> INDIFFERENT (2026)
[866/947] (~0.6m) Benét - Make 'em Laugh - Make 'em Laugh -> INDIFFERENT (2024)
[867/947] (~0.6m) Krue Kidd - Simple - Simple -> INDIFFERENT (2026)
[868/947] (~0.6m) A Beacon School - Cola - Algernon -> INDIFFERENT (2019)
[869/947] (~0.6m) Brent Faiyaz - Larger Than Life - Upset -> INDIFFERENT (2023)
[870/947] (~0.6m) Yasunori Mitsuda - CHRONO TRIGGER Original Soundtrack【DS Edition】 - 戦い - Battle 1 -> INDIFFERENT (2009)
[871/947] (~0.6m) Wisp - If Not Winter - Sword -> INDIFFERENT (2025)
[872/947] (~0.5m) Mareo - By The Water - By The Water -> INDIFFERENT (2026)
[873/947] (~0.5m) Black Marble - Preoccupation - Preoccupation -> INDIFFERENT (2021)
[874/947] (~0.5m) pennines - Pilot Holes - Pilot Holes -> INDIFFERENT (2009)
[875/947] (~0.5m) Loe Shimmy - Rockstar Junkie - 3am -> INDIFFERENT (2025)
[876/947] (~0.5m) Sluice - Mill - Mill -> INDIFFERENT (2023)
[877/947] (~0.5m) Ohaikou - No One's Hero (Outcome Memories Original Soundtrack) - No One's Hero (Outcome Memories Original Soundtrack) -> INDIFFERENT (2026)
[878/947] (~0.5m) Far Apart - Hazel (2024 Remaster) - Hazel (2024 Remaster) -> LIKE (2024)
[879/947] (~0.5m) Wisp - Pandora - Your face -> LIKE (2024)
[880/947] (~0.5m) Whirr - Sway - Mumble -> INDIFFERENT (2014)
[881/947] (~0.5m) julie - pushing daisies - lochness -> INDIFFERENT (2021)
[882/947] (~0.5m) The Be Good Tanyas - Blue Horse - Rain and Snow -> INDIFFERENT (2019)
[883/947] (~0.5m) Klaus Veen - Blaze - Ordinary Days V2 -> INDIFFERENT (2018)
[884/947] (~0.5m) ddp - Sicko Baby - Sicko Baby -> INDIFFERENT (2025)
[885/947] (~0.4m) Corduroi - Anything For Now - Crustacean -> LIKE (2011)
[886/947] (~0.4m) Painted Dunes - Take It Easy - Take It Easy (feat. bari) -> INDIFFERENT (2026)
[887/947] (~0.4m) Jonas Blue - Edge of Desire - Edge of Desire -> INDIFFERENT (2025)
[888/947] (~0.4m) John Claude - Alencon - Alencon -> INDIFFERENT (2025)
[889/947] (~0.4m) Thomas Asselman - C'est toi - C'est toi -> INDIFFERENT (2026)
[890/947] (~0.4m) MJ Lenderman - Knockin' - TV Dinners -> INDIFFERENT (2021)
[891/947] (~0.4m) Far Orange - Midnight Mood - Midnight Mood -> INDIFFERENT (2023)
[892/947] (~0.4m) Lomelda - Thx - Interstate Vision -> INDIFFERENT (2017)
[893/947] (~0.4m) bari - On & On - On & On -> INDIFFERENT (2026)
[894/947] (~0.4m) sign crushes motorist - Hurting - Love Me -> INDIFFERENT (2023)
[895/947] (~0.4m) Can U - Rally House, Vol. 1 - Bayside Lovers -> INDIFFERENT (2025)
[896/947] (~0.4m) Aurenth - green to blue - green to blue (Slowed + Reverb) -> INDIFFERENT (2023)
[897/947] (~0.4m) Nobuo Uematsu - FINAL FANTASY IV (DS Version) [Original Soundtrack] - 最後の闘い - The Final Battle -> INDIFFERENT (2008)
[898/947] (~0.4m) trauma ray - [trauma ray] - Relay -> LIKE (2018)
[899/947] (~0.3m) Pinkshinyultrablast - Everything Else Matters - Ravestar Supreme -> INDIFFERENT (2015)
[900/947] (~0.3m) Renato Ferrari - Renato Ferrari Plays Ludovico Einaudi With Ocean Sounds - Experience -> INDIFFERENT (2017)
[901/947] (~0.3m) Yasunori Mitsuda - CHRONO TRIGGER Original Soundtrack【DS Edition】 - 樹海の神秘 - Secret of the Forest -> INDIFFERENT (2009)
[902/947] (~0.3m) Adrianne Lenker - a-sides and besides - Carolina -> INDIFFERENT (2014)
[903/947] (~0.3m) Puzzle - Damage Collection! - The Long Way -> INDIFFERENT (2025)
[904/947] (~0.3m) ODESZA - Summer's Gone (10 Year Anniversary Edition) - We Were Young -> LIKE (2022)
[905/947] (~0.3m) MAISON ROYALE - Let Your Body Fly - Let Your Body Fly -> LIKE (2023)
[906/947] (~0.3m) Charlie Jeer - Everything Is Temporary - Babylon -> INDIFFERENT (2025)
[907/947] (~0.3m) Kevin Abstract - Blanket - My Friend (feat. Kara Jackson & MJ Lenderman) -> INDIFFERENT (2023)
[908/947] (~0.3m) Bunny Wailer - Bunny Wailer and Solomonic Orchestra (Live) - Intro Fire Fire (Live) -> INDIFFERENT (2025)
[909/947] (~0.3m) mr.brown - e46 - e46 -> INDIFFERENT (2024)
[910/947] (~0.3m) Jerry Big's World Famous Band - Berlin - Berlin -> INDIFFERENT (2026)
[911/947] (~0.3m) The Be Good Tanyas - Blue Horse - Momsong -> INDIFFERENT (2019)
[912/947] (~0.3m) Don Carlos - Lazer Beam - Rain All Night -> INDIFFERENT (2006)
[913/947] (~0.2m) Iamforest - Flyer - Flyer -> LIKE (2018)
[914/947] (~0.2m) SEGA/庄司 英徳 - 龍が如く0 誓いの場所 オリジナルサウンドトラック Side A - Receive You ～Tech Trance Arrange～ -> INDIFFERENT (2011)
[915/947] (~0.2m) Crescendo - Unless - Haunted -> INDIFFERENT (2016)
[916/947] (~0.2m) Samuel Kim - Avatar: The Last Airbender (Epic Collection) - Avatar: The Last Airbender Theme -> INDIFFERENT (2020)
[917/947] (~0.2m) Noble Son - Elvis - Elvis -> INDIFFERENT (2022)
[918/947] (~0.2m) Ratboys - Go Outside - Go Outside -> INDIFFERENT (2021)
[919/947] (~0.2m) Her New Knife - Destroza - Schoenberg -> INDIFFERENT (2021)
[920/947] (~0.2m) P.H.F. - I Hate Myself - Glue -> LIKE (2018)
[921/947] (~0.2m) valtis - VIPER - VIPER -> INDIFFERENT (2026)
[922/947] (~0.2m) Adrianne Lenker - Hours Were the Birds - Steamboat -> INDIFFERENT (2014)
[923/947] (~0.2m) Naked Giants - Turns Blue - Turns Blue -> LIKE (2020)
[924/947] (~0.2m) Bellaire - Saint Amour - Pigalle -> INDIFFERENT (2017)
[925/947] (~0.2m) Nobuo Uematsu - FINAL FANTASY X Original Soundtrack - ザナルカンドにて - Zanarkand -> INDIFFERENT (2001)
[926/947] (~0.2m) DXCD77 - FERRARI F40 - FERRARI F40 -> LIKE (2024)
[927/947] (~0.1m) Hiroyuki Sawano - 'Attack on Titan' Season 3 Original Soundtrack - Barricades (MOVIEver.) - Barricades (Movie Ver.) -> INDIFFERENT (2019)
[928/947] (~0.1m) Yasunori Mitsuda - CHRONO TRIGGER Original Soundtrack【DS Edition】 - 時の回廊 - Corridors of Time -> LIKE (2009)
[929/947] (~0.1m) Corbin - Mourn - Mourn -> INDIFFERENT (2017)
[930/947] (~0.1m) Bolden. - Always here. - Always here. -> INDIFFERENT (2026)
[931/947] (~0.1m) geods sorèd - Sky Dive - Viento -> INDIFFERENT (2023)
[932/947] (~0.1m) Free Nationals - Gangsta - Gangsta -> INDIFFERENT (2024)
[933/947] (~0.1m) lofi cassette - flame - breeze -> INDIFFERENT (2024)
[934/947] (~0.1m) Lord Finesse - The Awakening - Gameplan -> INDIFFERENT (1996)
[935/947] (~0.1m) The Long Faces - Jane! - Jane! -> INDIFFERENT (2018)
[936/947] (~0.1m) Daffo - Crisis Kit - wednesday -> INDIFFERENT (2021)
Warning: No valid albumId found for track: OfficialEastCoastRap - nan - Big L - Work Is Never Done (1997) *RARE*. Skipping album metadata.
[937/947] (~0.1m) OfficialEastCoastRap - nan - Big L - Work Is Never Done (1997) *RARE* -> INDIFFERENT
[938/947] (~0.1m) Audiomachine - Ascendance - Through the Darkness -> INDIFFERENT (2018)
[939/947] (~0.1m) Drive By Truckers - The Fine Print - When the Well Runs Dry -> INDIFFERENT (2009)
[940/947] (~0.1m) Jadu Heart - I Shimmer - I Shimmer -> LIKE (2022)
[941/947] (~0.0m) DAWSON - Parallel - Parallel -> INDIFFERENT (2025)
[942/947] (~0.0m) Adam Swim - Touch - Touch -> INDIFFERENT (2024)
[943/947] (~0.0m) St-Amour - Barbera - Barbera -> INDIFFERENT (2026)
[944/947] (~0.0m) Yasunori Mitsuda - CHRONO TRIGGER Original Soundtrack【DS Edition】 - サラのテーマ - Schala's Theme -> INDIFFERENT (2009)
[945/947] (~0.0m) Adrianne Lenker - abysskiss - abyss kiss -> INDIFFERENT (2018)
[946/947] (~0.0m) Flatsound - Scotland, I Wish You Had Stayed. - I Hope You're Okay -> INDIFFERENT (2009)
[947/947] (~0.0m) Black Marble - Fast Idol - Brighter and Bigger -> INDIFFERENT (2021)
Scraped info for 947 tracks
Removed 0 exact duplicate rows
Removed 0 row duplicates (ignoring columns: ['playlists', 'inLibrary', 'artistId', 'albumId'])
Removed 133 row duplicates (ignoring columns: ['title', 'album'])
Removed 57 duplicate index rows
Final length of track_db: 253661
Finished in 7.3 minutes
Track database now has 253661 tracks
Found 3 not like playlists out of the 532 total
Updated not liked tracks, contains 12719 entries.
Found 266 like playlists out of the 532 total
Beats Lofi.tsv	87.2% currently liked (of 141 total tracks)
Bossa Nova.tsv	90.9% currently liked (of 33 total tracks)
Brass n chill.tsv	91.1% currently liked (of 271 total tracks)
Chillwave.tsv	95.4% currently liked (of 366 total tracks)
Folk.tsv	99.2% currently liked (of 622 total tracks)
Grunge.tsv	98.1% currently liked (of 103 total tracks)
Hip Hop 1980s.tsv	96.0% currently liked (of 25 total tracks)
Hip Hop 1990s east coast.tsv	100.0% currently liked (of 29 total tracks)
Hip Hop 1990s west Coast.tsv	100.0% currently liked (of 74 total tracks)
Hip Hop 1990s.tsv	97.9% currently liked (of 796 total tracks)
Hip Hop 2000s southern.tsv	88.0% currently liked (of 25 total tracks)
Hip Hop 2000s.tsv	98.2% currently liked (of 114 total tracks)
Hip Hop Hits.tsv	97.1% currently liked (of 274 total tracks)
Indie 1990s Rock.tsv	97.4% currently liked (of 76 total tracks)
Indie 2000s.tsv	97.9% currently liked (of 233 total tracks)
Indie psych.tsv	93.6% currently liked (of 251 total tracks)
Instrumental Acoustic Guitar Explorations.tsv	94.6% currently liked (of 56 total tracks)
Instrumentals Acoustic.tsv	93.5% currently liked (of 31 total tracks)
Japanese City Pop 70s 80s.tsv	100.0% currently liked (of 11 total tracks)
Oldies.tsv	93.5% currently liked (of 1146 total tracks)
Post-Punk 1970s-1980s.tsv	97.0% currently liked (of 167 total tracks)
Psychedelic 1960s Orchestra.tsv	100.0% currently liked (of 17 total tracks)
Reggae Dub.tsv	86.9% currently liked (of 221 total tracks)
Reggae.tsv	93.6% currently liked (of 544 total tracks)
Rock 1970s progressive.tsv	92.7% currently liked (of 41 total tracks)
Rock 1980s Pop New Wave.tsv	98.1% currently liked (of 363 total tracks)
Rock Sand Dunes & Guitars.tsv	87.1% currently liked (of 31 total tracks)
Shoegaze.tsv	89.4% currently liked (of 368 total tracks)
Soul Classic Sunshine.tsv	98.9% currently liked (of 94 total tracks)
ambiant electro.tsv	100.0% currently liked (of 65 total tracks)
ambient BOC.tsv	100.0% currently liked (of 41 total tracks)
ambient Dream Pop Deep Sleep.tsv	89.4% currently liked (of 47 total tracks)
ambient Indie Synths.tsv	94.0% currently liked (of 84 total tracks)
ambient grouper.tsv	97.2% currently liked (of 72 total tracks)
ambient haunting harmonious.tsv	92.8% currently liked (of 139 total tracks)
ambient japan.tsv	100.0% currently liked (of 50 total tracks)
ambient modern.tsv	98.0% currently liked (of 102 total tracks)
ambient modular synths.tsv	88.9% currently liked (of 36 total tracks)
ambient.tsv	98.6% currently liked (of 958 total tracks)
beats 2010s wonky LA scene.tsv	95.0% currently liked (of 419 total tracks)
beats Soulful Instrumentals.tsv	89.4% currently liked (of 226 total tracks)
beats cosmic Slop.tsv	91.4% currently liked (of 35 total tracks)
beats dj.tsv	90.1% currently liked (of 161 total tracks)
beats instrumental.tsv	86.0% currently liked (of 408 total tracks)
beats.tsv	87.8% currently liked (of 1296 total tracks)
blues chicago.tsv	90.2% currently liked (of 41 total tracks)
blues deep roots.tsv	91.4% currently liked (of 268 total tracks)
blues delta roots.tsv	95.5% currently liked (of 112 total tracks)
blues electric.tsv	87.8% currently liked (of 82 total tracks)
blues texas roots.tsv	96.0% currently liked (of 25 total tracks)
blues.tsv	93.1% currently liked (of 872 total tracks)
brass beats.tsv	82.4% currently liked (of 210 total tracks)
chill solar mix.tsv	95.9% currently liked (of 98 total tracks)
electronic 1990s electronica.tsv	95.9% currently liked (of 49 total tracks)
electronic 1990s late 1980s House.tsv	88.2% currently liked (of 17 total tracks)
electronic 2000s.tsv	95.7% currently liked (of 115 total tracks)
electronic 2010s.tsv	94.0% currently liked (of 50 total tracks)
electronic Analog Grooves.tsv	90.1% currently liked (of 101 total tracks)
electronic Dance.tsv	93.8% currently liked (of 128 total tracks)
electronic Focus.tsv	98.5% currently liked (of 204 total tracks)
electronic Garage Bass House.tsv	96.8% currently liked (of 94 total tracks)
electronic House Soulful.tsv	90.0% currently liked (of 20 total tracks)
electronic House Special.tsv	98.2% currently liked (of 281 total tracks)
electronic Innerwaves.tsv	96.0% currently liked (of 125 total tracks)
electronic New Wave old and new.tsv	94.0% currently liked (of 116 total tracks)
electronic Sine Language.tsv	95.5% currently liked (of 774 total tracks)
electronic Underjord.tsv	93.7% currently liked (of 284 total tracks)
electronic big beats.tsv	100.0% currently liked (of 18 total tracks)
electronic chill.tsv	94.2% currently liked (of 468 total tracks)
electronic chills adventure.tsv	98.0% currently liked (of 198 total tracks)
electronic deep house.tsv	92.3% currently liked (of 183 total tracks)
electronic dubstep uk.tsv	85.2% currently liked (of 54 total tracks)
electronic hard dj.tsv	92.6% currently liked (of 27 total tracks)
electronic house big bass.tsv	88.6% currently liked (of 44 total tracks)
electronic house dj.tsv	93.3% currently liked (of 90 total tracks)
electronic house french touch.tsv	93.7% currently liked (of 95 total tracks)
electronic house funk.tsv	99.3% currently liked (of 143 total tracks)
electronic indie essentials.tsv	97.0% currently liked (of 67 total tracks)
electronic jaar.tsv	85.4% currently liked (of 41 total tracks)
electronic new indie beats.tsv	96.3% currently liked (of 459 total tracks)
electronic post dub.tsv	94.9% currently liked (of 215 total tracks)
electronic soft pad.tsv	92.4% currently liked (of 79 total tracks)
electronic uk.tsv	95.3% currently liked (of 277 total tracks)
electronic witch house.tsv	91.0% currently liked (of 67 total tracks)
electronic.tsv	97.5% currently liked (of 1432 total tracks)
folk 1960s.tsv	99.5% currently liked (of 190 total tracks)
folk acoustic.tsv	99.2% currently liked (of 239 total tracks)
folk country americana.tsv	92.4% currently liked (of 225 total tracks)
folk fall indie chill.tsv	90.2% currently liked (of 338 total tracks)
future bass.tsv	90.6% currently liked (of 256 total tracks)
future beats.tsv	99.1% currently liked (of 1364 total tracks)
future garage.tsv	96.1% currently liked (of 204 total tracks)
garage rock.tsv	95.6% currently liked (of 405 total tracks)
goth 1980s.tsv	100.0% currently liked (of 15 total tracks)
hawaiian steel guitar.tsv	95.0% currently liked (of 20 total tracks)
helvetia duster static cult.tsv	100.0% currently liked (of 125 total tracks)
hiphop Soulquarians.tsv	97.7% currently liked (of 43 total tracks)
hiphop futurebeats.tsv	96.4% currently liked (of 56 total tracks)
hiphop indie.tsv	90.3% currently liked (of 31 total tracks)
hiphop jazzy.tsv	95.1% currently liked (of 284 total tracks)
hiphop modern.tsv	92.5% currently liked (of 563 total tracks)
hiphop old school.tsv	98.4% currently liked (of 1138 total tracks)
hiphop soul good vibe.tsv	92.3% currently liked (of 208 total tracks)
hiphop trap rap dj.tsv	92.7% currently liked (of 41 total tracks)
hiphop wrist twistin.tsv	96.2% currently liked (of 53 total tracks)
hiphop.tsv	98.2% currently liked (of 2381 total tracks)
indie folk.tsv	95.4% currently liked (of 326 total tracks)
indie krill vibe.tsv	88.0% currently liked (of 474 total tracks)
indie loose.tsv	88.7% currently liked (of 1698 total tracks)
indie sleeze.tsv	100.0% currently liked (of 46 total tracks)
indie.tsv	95.8% currently liked (of 1180 total tracks)
jazz ballads.tsv	92.1% currently liked (of 89 total tracks)
jazz blue note latin.tsv	100.0% currently liked (of 44 total tracks)
jazz blue note.tsv	100.0% currently liked (of 58 total tracks)
jazz cool.tsv	91.8% currently liked (of 368 total tracks)
jazz funk cortex vibe.tsv	92.6% currently liked (of 285 total tracks)
jazz fusion cross.tsv	98.6% currently liked (of 143 total tracks)
jazz gloom smooth.tsv	90.0% currently liked (of 150 total tracks)
jazz guitar.tsv	94.3% currently liked (of 175 total tracks)
jazz gypsy.tsv	89.8% currently liked (of 118 total tracks)
jazz japanese.tsv	97.4% currently liked (of 39 total tracks)
jazz noir.tsv	91.9% currently liked (of 471 total tracks)
jazz spiritual.tsv	100.0% currently liked (of 31 total tracks)
jazz sunrise.tsv	98.3% currently liked (of 59 total tracks)
jazz.tsv	98.5% currently liked (of 1366 total tracks)
my balls your chill.tsv	95.4% currently liked (of 329 total tracks)
nudisco smooth.tsv	93.5% currently liked (of 46 total tracks)
nudisco.tsv	92.7% currently liked (of 685 total tracks)
oldies 1930-40s naptime.tsv	96.6% currently liked (of 29 total tracks)
oldies 1950s.tsv	87.8% currently liked (of 222 total tracks)
oldies 1960s.tsv	94.4% currently liked (of 180 total tracks)
oldies doo wop.tsv	88.0% currently liked (of 83 total tracks)
oldies fallout 40s.tsv	91.0% currently liked (of 67 total tracks)
post rock slow core.tsv	86.5% currently liked (of 74 total tracks)
psych ish rock modern.tsv	96.7% currently liked (of 212 total tracks)
psych rock modern.tsv	94.5% currently liked (of 870 total tracks)
psychedelic classic rock.tsv	99.3% currently liked (of 757 total tracks)
punk 1970s.tsv	92.1% currently liked (of 38 total tracks)
reggae classic.tsv	92.0% currently liked (of 212 total tracks)
reggae covers.tsv	92.1% currently liked (of 38 total tracks)
reggae modern.tsv	96.9% currently liked (of 32 total tracks)
rock 1950s roots.tsv	90.9% currently liked (of 342 total tracks)
rock 1960s baroque.tsv	93.3% currently liked (of 15 total tracks)
rock 1960s classic.tsv	98.8% currently liked (of 948 total tracks)
rock 1967 Monterey Pop Festival.tsv	100.0% currently liked (of 42 total tracks)
rock 1969 Woodstock.tsv	100.0% currently liked (of 38 total tracks)
rock 1970s classic.tsv	96.8% currently liked (of 1079 total tracks)
rock 1970s pop singer songwriters.tsv	98.4% currently liked (of 64 total tracks)
rock 1980s college on air.tsv	87.3% currently liked (of 55 total tracks)
rock 1990s alternative.tsv	98.0% currently liked (of 252 total tracks)
rock 1990s.tsv	97.1% currently liked (of 525 total tracks)
rock 2000s.tsv	100.0% currently liked (of 124 total tracks)
rock Deep Cut Kick Back.tsv	96.4% currently liked (of 55 total tracks)
rock Motorik.tsv	91.7% currently liked (of 48 total tracks)
rock blues.tsv	98.8% currently liked (of 85 total tracks)
rock classic.tsv	98.3% currently liked (of 1513 total tracks)
rock garage.tsv	95.9% currently liked (of 516 total tracks)
rock instrumentals classic vintage.tsv	98.2% currently liked (of 109 total tracks)
rock krautrock.tsv	96.9% currently liked (of 259 total tracks)
rock modern chill.tsv	91.6% currently liked (of 666 total tracks)
rock proto metal.tsv	96.6% currently liked (of 29 total tracks)
rock stoner sludge dank.tsv	94.3% currently liked (of 70 total tracks)
rock surf japanese takeshi teraichi.tsv	100.0% currently liked (of 41 total tracks)
rock surf modern.tsv	100.0% currently liked (of 56 total tracks)
rock surf.tsv	94.9% currently liked (of 99 total tracks)
rock underground.tsv	87.0% currently liked (of 23 total tracks)
rockabilly.tsv	87.7% currently liked (of 81 total tracks)
soul 1960s.tsv	98.2% currently liked (of 163 total tracks)
soul funk.tsv	95.6% currently liked (of 1219 total tracks)
soul instrumental grooves.tsv	92.4% currently liked (of 92 total tracks)
soul kings and queens.tsv	97.7% currently liked (of 43 total tracks)
soul motown.tsv	97.9% currently liked (of 141 total tracks)
soul rnb dj.tsv	95.2% currently liked (of 42 total tracks)
soul rock covers.tsv	84.0% currently liked (of 25 total tracks)
summertime covers.tsv	91.7% currently liked (of 36 total tracks)
synth trip.tsv	100.0% currently liked (of 43 total tracks)
trip hop & Ambien®.tsv	92.8% currently liked (of 235 total tracks)
trip hop.tsv	92.8% currently liked (of 405 total tracks)
triphop bristol sound.tsv	92.2% currently liked (of 77 total tracks)
xr 2000smusic.tsv	100.0% currently liked (of 256 total tracks)
xr 2010smusic.tsv	98.1% currently liked (of 267 total tracks)
xr 50sMusic.tsv	87.8% currently liked (of 616 total tracks)
xr 60sMusic.tsv	97.2% currently liked (of 776 total tracks)
xr 70sMusic.tsv	98.7% currently liked (of 941 total tracks)
xr 80sHipHop.tsv	96.8% currently liked (of 31 total tracks)
xr 80sMusic.tsv	96.7% currently liked (of 180 total tracks)
xr 90sMusic.tsv	98.4% currently liked (of 245 total tracks)
xr 90sPunk.tsv	93.3% currently liked (of 30 total tracks)
xr 90sRock.tsv	96.1% currently liked (of 284 total tracks)
xr DreamPop.tsv	96.5% currently liked (of 200 total tracks)
xr Elephant6.tsv	97.8% currently liked (of 136 total tracks)
xr Exotica.tsv	97.3% currently liked (of 111 total tracks)
xr HeadNodders.tsv	100.0% currently liked (of 28 total tracks)
xr MelancholyMusic.tsv	95.3% currently liked (of 43 total tracks)
xr ModernRockMusic.tsv	100.0% currently liked (of 23 total tracks)
xr OldElectronicMusic.tsv	100.0% currently liked (of 106 total tracks)
xr OutlawCountry.tsv	96.2% currently liked (of 106 total tracks)
xr PsychedelicRock.tsv	92.4% currently liked (of 1111 total tracks)
xr PunkRock.tsv	100.0% currently liked (of 38 total tracks)
xr Rock.tsv	97.2% currently liked (of 325 total tracks)
xr RootsMusic.tsv	95.6% currently liked (of 91 total tracks)
xr SoundsVintage.tsv	85.6% currently liked (of 264 total tracks)
xr SurfPunk.tsv	83.3% currently liked (of 24 total tracks)
xr VintageObscura.tsv	90.6% currently liked (of 265 total tracks)
xr WorldMusic.tsv	100.0% currently liked (of 19 total tracks)
xr acidhouse.tsv	90.3% currently liked (of 31 total tracks)
xr altcountry.tsv	92.3% currently liked (of 52 total tracks)
xr bassheavy.tsv	92.9% currently liked (of 42 total tracks)
xr bluegrass.tsv	97.2% currently liked (of 109 total tracks)
xr bluesrock.tsv	98.1% currently liked (of 211 total tracks)
xr chillmusic.tsv	90.7% currently liked (of 707 total tracks)
xr chillwave.tsv	94.3% currently liked (of 384 total tracks)
xr dancepunk.tsv	96.9% currently liked (of 32 total tracks)
xr deepcuts.tsv	89.7% currently liked (of 136 total tracks)
xr desertblues.tsv	100.0% currently liked (of 19 total tracks)
xr disco.tsv	97.4% currently liked (of 77 total tracks)
xr downtempo.tsv	100.0% currently liked (of 20 total tracks)
xr futurefunkairlines.tsv	92.8% currently liked (of 433 total tracks)
xr futuregarage.tsv	100.0% currently liked (of 15 total tracks)
xr futuresynth.tsv	97.1% currently liked (of 35 total tracks)
xr house.tsv	90.0% currently liked (of 130 total tracks)
xr minimal.tsv	97.7% currently liked (of 43 total tracks)
xr monsterfuzz.tsv	94.7% currently liked (of 38 total tracks)
xr musicforconcentration.tsv	100.0% currently liked (of 27 total tracks)
xr neopsychedelia.tsv	93.3% currently liked (of 165 total tracks)
xr realdubstep.tsv	85.5% currently liked (of 62 total tracks)
xr synthrock.tsv	88.5% currently liked (of 26 total tracks)
xr theOverload.tsv	96.7% currently liked (of 92 total tracks)
xr trapmuzik.tsv	97.9% currently liked (of 193 total tracks)
xr treemusic.tsv	93.2% currently liked (of 1843 total tracks)
y 1940s and older top.tsv	99.1% currently liked (of 113 total tracks)
y 1950s early top.tsv	100.0% currently liked (of 72 total tracks)
y 1950s late top.tsv	98.4% currently liked (of 385 total tracks)
y 1950s top.tsv	92.4% currently liked (of 343 total tracks)
y 1960s early top.tsv	96.4% currently liked (of 531 total tracks)
y 1960s late top.tsv	98.5% currently liked (of 1497 total tracks)
y 1970s early top.tsv	95.7% currently liked (of 1384 total tracks)
y 1970s late top.tsv	98.5% currently liked (of 993 total tracks)
y 1980s early top.tsv	98.0% currently liked (of 587 total tracks)
y 1980s late top.tsv	93.2% currently liked (of 410 total tracks)
y 1990s early top.tsv	95.3% currently liked (of 1022 total tracks)
y 1990s late top.tsv	97.8% currently liked (of 1305 total tracks)
y 2000s early top.tsv	94.2% currently liked (of 1574 total tracks)
y 2000s late top.tsv	97.2% currently liked (of 2033 total tracks)
y 2010 top.tsv	98.3% currently liked (of 815 total tracks)
y 2010s early top.tsv	94.2% currently liked (of 4566 total tracks)
y 2010s late top.tsv	95.7% currently liked (of 4048 total tracks)
y 2011 top.tsv	96.4% currently liked (of 942 total tracks)
y 2012 top.tsv	94.8% currently liked (of 650 total tracks)
y 2013 top.tsv	95.6% currently liked (of 1125 total tracks)
y 2014 top.tsv	90.3% currently liked (of 1077 total tracks)
y 2015 top.tsv	93.8% currently liked (of 1051 total tracks)
y 2016 top.tsv	96.6% currently liked (of 1018 total tracks)
y 2017 top.tsv	92.8% currently liked (of 765 total tracks)
y 2018 top.tsv	95.5% currently liked (of 1539 total tracks)
y 2019 top.tsv	97.1% currently liked (of 628 total tracks)
y 2020 top.tsv	97.0% currently liked (of 532 total tracks)
y 2020s early top.tsv	98.5% currently liked (of 1423 total tracks)
y 2021 top.tsv	99.4% currently liked (of 179 total tracks)
y 2022 top.tsv	98.1% currently liked (of 463 total tracks)
y 2023 top.tsv	98.0% currently liked (of 357 total tracks)
y 2024 top.tsv	94.9% currently liked (of 118 total tracks)
y 2025 top.tsv	97.8% currently liked (of 185 total tracks)
y 2026 top.tsv	100.0% currently liked (of 27 total tracks)
y mb need like.tsv	100.0% currently liked (of 266 total tracks)
zq dj thumbs up.tsv	95.9% currently liked (of 339 total tracks)
Updated liked tracks with 49 new entries (from 55537 to 55586).
Loaded 55586 like, 12719 not like entries, and 253661 total tracks
Detected 37 previously-liked tracks that are no longer marked LIKE
  Wrote B:\Projects\_Projects_Synced\music-library\ytmusic\playlists\_unliked_detected.tsv
Loaded 12699 not like entries that have an entry in ALL_TRACKS
Keeping 12132 not like after remove LIKE
Processing LIKE tracks...
 Found 4466 new tracks to LIKE
 Found 291 tracks to LIKE but already in NOT LIKE

Processing NOT LIKE tracks...
 Found 2784 new tracks to NOT LIKE
 Found 504 tracks to NOT LIKE but already in LIKE
Loaded 8747 manually labeled entries, 3262 are LIKE, 4794 NOT_LIKE
Reduced new LIKE from 4466 to 4152 entries after removing reviewed matches
Reduced new NOT_LIKE from 2784 to 2180 entries after removing reviewed matches
Reduced skip_not_like from 291 to 291 entries after removing reviewed matches
Reduced skip_is_like from 504 to 492 entries after removing reviewed matches
7115 entries need like or not like manual review
Calculating radio playlist track counts...
Getting playlist track count for 173 playlists matching "radio"
[1/173] Getting count for indie twang radio...
[2/173] (~0.0m) Getting count for electronic House Special radio...
[3/173] (~0.0m) Getting count for xr chillwave radio...
[4/173] (~0.0m) Getting count for jazz reading radio...
[5/173] (~0.0m) Getting count for rock classic radio...
[6/173] (~0.0m) Getting count for rock pop 66-69 radio...
[7/173] (~0.0m) Getting count for Bossa Nova radio...
[8/173] (~0.0m) Getting count for Rock 1980s New Wave radio...
[9/173] (~0.0m) Getting count for xr neopsychedelia radio...
[10/173] (~0.0m) Getting count for electronic deep house radio...
[11/173] (~0.0m) Getting count for jazz guitar radio...
[12/173] (~0.0m) Getting count for xr Elephant6 radio...
[13/173] (~0.0m) Getting count for xr cyberpunk-music radio...
[14/173] (~0.0m) Getting count for xr DoomMetal radio...
[15/173] (~0.0m) Getting count for electronic radio...
[16/173] (~0.0m) Getting count for xr Instrumentals radio...
[17/173] (~0.0m) Getting count for xr musicforconcentration radio...
[18/173] (~0.0m) Getting count for xr PunkRock radio...
[19/173] (~0.0m) Getting count for xr Techno radio...
[20/173] (~0.0m) Getting count for ambient modern radio...
[21/173] (~0.0m) Getting count for xr metal radio...
[22/173] (~0.0m) Getting count for xr 2020smusic radio...
[23/173] (~0.0m) Getting count for xr kindie radio...
[24/173] (~0.0m) Getting count for xr WorldMusic radio...
[25/173] (~0.0m) Getting count for rock garage radio...
[26/173] (~0.0m) Getting count for xr jazz radio...
[27/173] (~0.0m) Getting count for xr ebm radio...
[28/173] (~0.0m) Getting count for xr downtempo radio...
[29/173] (~0.0m) Getting count for xr complextro radio...
[30/173] (~0.0m) Getting count for xr futuregarage radio...
[31/173] (~0.0m) Getting count for xr brazilianmusic radio...
[32/173] (~0.0m) Getting count for xr bluesrock radio...
[33/173] (~0.0m) Getting count for xr bluegrass radio...
[34/173] (~0.0m) Getting count for xr bassheavy radio...
[35/173] (~0.0m) Getting count for xr AtmosphericDnB radio...
[36/173] (~0.0m) Getting count for rock 1990s radio...
[37/173] (~0.0m) Getting count for xr theOverload radio...
[38/173] (~0.0m) Getting count for nudisco radio...
[39/173] (~0.0m) Getting count for future beats radio...
[40/173] (~0.0m) Getting count for Reggae radio...
[41/173] (~0.0m) Getting count for hiphop modern radio...
[42/173] (~0.0m) Getting count for jazz blue note radio...
[43/173] (~0.0m) Getting count for xr monsterfuzz radio...
[44/173] (~0.0m) Getting count for xr VintageObscura radio...
[45/173] (~0.0m) Getting count for xr SpaceMusic radio...
[46/173] (~0.0m) Getting count for xr triphop radio...
[47/173] (~0.0m) Getting count for xr stonerrock radio...
[48/173] (~0.0m) Getting count for xr SoundsVintage radio...
[49/173] (~0.0m) Getting count for xr OldElectronicMusic radio...
[50/173] (~0.0m) Getting count for ambient radio...
[51/173] (~0.0m) Getting count for xr IndieFolk radio...
[52/173] (~0.0m) Getting count for xr indie radio...
[53/173] (~0.0m) Getting count for xr Exotica radio...
[54/173] (~0.0m) Getting count for xr ElectronicMusic radio...
[55/173] (~0.0m) Getting count for xr DreamPop radio...
[56/173] (~0.0m) Getting count for xr jazznoir radio...
[57/173] (~0.0m) Getting count for xr bossanova radio...
[58/173] (~0.0m) Getting count for xr witchHouse radio...
[59/173] (~0.0m) Getting count for xr 90sPunk radio...
[60/173] (~0.0m) Getting count for xr trapmuzik radio...
[61/173] (~0.0m) Getting count for xr 70sMusic radio...
[62/173] (~0.0m) Getting count for xr 2000smusic radio...
[63/173] (~0.0m) Getting count for xr kpop radio...
[64/173] (~0.0m) Getting count for xr indierock radio...
[65/173] (~0.0m) Getting count for xr house radio...
[66/173] (~0.0m) Getting count for xr hiphop radio...
[67/173] (~0.0m) Getting count for xr futurebass radio...
[68/173] (~0.0m) Getting count for xr dubstep radio...
[69/173] (~0.0m) Getting count for electronic film scores radio...
[70/173] (~0.0m) Getting count for xr AfricanMusic radio...
[71/173] (~0.0m) Getting count for soul radio...
[72/173] (~0.0m) Getting count for post rock slow core radio...
[73/173] (~0.0m) Getting count for oldies 1960s radio...
[74/173] (~0.0m) Getting count for electronic big beats radio...
[75/173] (~0.0m) Getting count for electronic Garage Bass House radio...
[76/173] (~0.0m) Getting count for electronic Focus radio...
[77/173] (~0.0m) Getting count for Hip Hop 1990s radio...
[78/173] (~0.0m) Getting count for Folk radio...
[79/173] (~0.0m) Getting count for xr foreignrap radio...
[80/173] (~0.0m) Getting count for Japanese City Pop 70s 80s radio...
[81/173] (~0.0m) Getting count for xr unheardof radio...
[82/173] (~0.0m) Getting count for xr synthwave radio...
[83/173] (~0.0m) Getting count for xr soca radio...
[84/173] (~0.0m) Getting count for xr Samplehunters radio...
[85/173] (~0.0m) Getting count for xr psybient radio...
[86/173] (~0.0m) Getting count for xr newretrowave radio...
[87/173] (~0.0m) Getting count for xr liftingmusic radio...
[88/173] (~0.0m) Getting count for xr krautrock radio...
[89/173] (~0.0m) Getting count for xr koreanrock radio...
[90/173] (~0.0m) Getting count for xr icm radio...
[91/173] (~0.0m) Getting count for xr guiltypleasuremusic radio...
[92/173] (~0.0m) Getting count for xr glitchhop radio...
[93/173] (~0.0m) Getting count for xr gamemusic radio...
[94/173] (~0.0m) Getting count for xr frisson radio...
[95/173] (~0.0m) Getting count for xr elitistclassical radio...
[96/173] (~0.0m) Getting count for xr earlymusic radio...
[97/173] (~0.0m) Getting count for xr darkjazz radio...
[98/173] (~0.0m) Getting count for xr contemporary radio...
[99/173] (~0.0m) Getting count for xr choralmusic radio...
[100/173] (~0.0m) Getting count for xr celticpunk radio...
[101/173] (~0.0m) Getting count for xr BinauralMusic radio...
[102/173] (~0.0m) Getting count for xr bigband radio...
[103/173] (~0.0m) Getting count for xr afrobeat radio...
[104/173] (~0.0m) Getting count for xr 50sMusic radio...
[105/173] (~0.0m) Getting count for xr 2010smusic radio...
[106/173] (~0.0m) Getting count for folk acoustic radio...
[107/173] (~0.0m) Getting count for electronic New Wave old and new radio...
[108/173] (~0.0m) Getting count for xr treemusic radio...
[109/173] (~0.0m) Getting count for Indie Folk radio...
[110/173] (~0.0m) Getting count for electronic Sine Language radio...
[111/173] (~0.0m) Getting count for electronic Underjord radio...
[112/173] (~0.0m) Getting count for hiphop old school radio...
[113/173] (~0.0m) Getting count for jazz radio...
[114/173] (~0.0m) Getting count for xr 80sMusic radio...
[115/173] (~0.0m) Getting count for xr minimal radio...
[116/173] (~0.0m) Getting count for jazz fusion cross radio...
[117/173] (~0.0m) Getting count for xr ModernRockMusic radio...
[118/173] (~0.0m) Getting count for xr idm radio...
[119/173] (~0.0m) Getting count for xr realdubstep radio...
[120/173] (~0.0m) Getting count for xr deephouse radio...
[121/173] (~0.0m) Getting count for xr baroque radio...
[122/173] (~0.0m) Getting count for xr synthrock radio...
[123/173] (~0.0m) Getting count for xr melodichouse radio...
[124/173] (~0.0m) Getting count for xr jazzyhiphop radio...
[125/173] (~0.0m) Getting count for xr industrialmusic radio...
[126/173] (~0.0m) Getting count for xr futuresynth radio...
[127/173] (~0.0m) Getting count for xr frenchhouse radio...
[128/173] (~0.0m) Getting count for xr dub radio...
[129/173] (~0.0m) Getting count for xr disco radio...
[130/173] (~0.0m) Getting count for xr animemusic radio...
[131/173] (~0.0m) Getting count for xr altcountry radio...
[132/173] (~0.0m) Getting count for xr TropicalHouse radio...
[133/173] (~0.0m) Getting count for xr SurfPunk radio...
[134/173] (~0.0m) Getting count for xr PostRock radio...
[135/173] (~0.0m) Getting count for xr OldskoolRave radio...
[136/173] (~0.0m) Getting count for xr OldiesMusic radio...
[137/173] (~0.0m) Getting count for xr MelancholyMusic radio...
[138/173] (~0.0m) Getting count for xr Flamenco radio...
[139/173] (~0.0m) Getting count for xr 90sMusic radio...
[140/173] (~0.0m) Getting count for xr 90sAlternative radio...
[141/173] (~0.0m) Getting count for xr 80sHipHop radio...
[142/173] (~0.0m) Getting count for xr chicagohouse radio...
[143/173] (~0.0m) Getting count for Oldies radio...
[144/173] (~0.0m) Getting count for oldies 1950s radio...
[145/173] (~0.0m) Getting count for Grunge radio...
[146/173] (~0.0m) Getting count for Reggae Dub radio...
[147/173] (~0.0m) Getting count for jazz library background radio...
[148/173] (~0.0m) Getting count for xr funkhouse radio...
[149/173] (~0.0m) Getting count for xr futurefunkairlines radio...
[150/173] (~0.0m) Getting count for trip hop & Ambien® radio...
[151/173] (~0.0m) Getting count for electronic Dance radio...
[152/173] (~0.0m) Getting count for Beats Lofi radio...
[153/173] (~0.0m) Getting count for trip hop radio...
[154/173] (~0.0m) Getting count for hiphop get dumb radio...
[155/173] (~0.0m) Getting count for electronic chills adventure radio...
[156/173] (~0.0m) Getting count for soul kings and queens radio...
[157/173] (~0.0m) Getting count for punk 1970s radio...
[158/173] (~0.0m) Getting count for instrumental ambient piano radio...
[159/173] (~0.0m) Getting count for rock stoner sludge dank radio...
[160/173] (~0.0m) Getting count for christmas crooners radio...
[161/173] (~0.0m) Getting count for punk skate or die radio...
[162/173] (~0.0m) Getting count for Indie 1990s Rock radio...
[163/173] (~0.0m) Getting count for Indie radio...
[164/173] (~0.0m) Getting count for Hip Hop 2000s radio...
[165/173] (~0.0m) Getting count for xr HeadNodders radio...
[166/173] (~0.0m) Getting count for rock 1950s roots radio...
[167/173] (~0.0m) Getting count for rock proto metal radio...
[168/173] (~0.0m) Getting count for electronic frequencies radio...
[169/173] (~0.0m) Getting count for goth 1980s radio...
[170/173] (~0.0m) Getting count for hiphop soul good vibe radio...
[171/173] (~0.0m) Getting count for jazz for spies radio...
[172/173] (~0.0m) Getting count for instrumental piano classical radio...
[173/173] (~0.0m) Getting count for Rock modern The New Age of Classic radio...
Saved radio playlist counts to B:\Projects\_Projects_Synced\music-library\ytmusic\playlists\_playlist_radio_counts.tsv (0.01m)

Top 20 radio playlists by size:
                   title  track_count privacy                        playlist_id
       indie twang radio           21                              PLNsR703Yc7pI
  xr Samplehunters radio           23         PLWptjpDqazOwxUqgcJItuO9jNl3Jcg_fL
     xr foreignrap radio           25         PLWptjpDqazOzjYZVOFq_e_A3nlSdFe8vI
      xr gamemusic radio           27         PLWptjpDqazOyYqtWSh1_cyv_IDFvs8KS7
      jazz reading radio           28                              PLSh2MKvqX0HM
            xr icm radio           30         PLWptjpDqazOwIeSpwFTzviniXIDxo7tIL
  xr BinauralMusic radio           31         PLWptjpDqazOwg0uL9JgZpUWJK58HlV7_E
     folk acoustic radio           41         PLWptjpDqazOxv5a0XEcSdpXpKiERCIHZA
        xr frisson radio           42         PLWptjpDqazOzZWeXU9wroauyqrzaP5Os4
   xr liftingmusic radio           43         PLWptjpDqazOwRVPONTkoaD4yp5lYYwwI4
    xr choralmusic radio           44         PLWptjpDqazOzHJTYUkpPkF3WMX0n-8sj7
       xr darkjazz radio           47         PLWptjpDqazOwswjQ8WLlW2a5LXTzkZPZ4
           xr soca radio           49         PLWptjpDqazOzEa1OnXz5rfEisTfaqyBTJ
    jazz for spies radio           53         PLWptjpDqazOyj2ARv0edtYtxjiscELzT3
christmas crooners radio           56         PLWptjpDqazOx6WdsiNzxLHnAdh8v1IjTa
           xr kpop radio           60         PLWptjpDqazOweC74ZHMuactSyim1uPrvH
      xr glitchhop radio           61         PLWptjpDqazOxVLm2YSC81rbrzdhIfiG0w
 xr neopsychedelia radio           61         PLWptjpDqazOwZm810IwTngKDxXMY7fZ_s
    jazz blue note radio           62         PLWptjpDqazOykPZHM8a9wsvADeqgTT44L
        xr bigband radio           65         PLWptjpDqazOzEYqU0VkA-ofcWZ8jpO9bX
Starting one-off radio playlist cleanup...
Attempting to clean 511 playlists
[1/511] SKIPPING: Liked Music (empty)
[2/511] (~0.0m) SKIPPING: zz not like 0 (starts with zz not like)
[3/511] (~0.0m) SKIPPING: indie twang (cannot infer kind)
[4/511] (~0.0m) SKIPPING: shoegaze music i hump my pillow to (cannot infer kind)
[5/511] (~0.0m) Playlist indie twang radio: Checked 21 tracks... No changes
[6/511] (~0.0m) Playlist electronic House Special radio: Checked 326 tracks... Cleaned: moved 1 LIKE
[7/511] (~0.0m) Playlist xr chillwave radio: Checked 667 tracks... No changes
[8/511] (~0.0m) Playlist xr chillwave: Checked 384 tracks... Rated 0 new tracks as LIKE (384 already rated, 0 skipped dislike)
[9/511] (~0.0m) Playlist electronic House Special: Checked 281 tracks... Rated 0 new tracks as LIKE (281 already rated, 0 skipped dislike)
[10/511] (~0.0m) Playlist indie: Checked 1180 tracks... Rated 0 new tracks as LIKE (1180 already rated, 0 skipped dislike)
[11/511] (~0.0m) Playlist indie folk: Checked 326 tracks... Rated 0 new tracks as LIKE (326 already rated, 0 skipped dislike)
[12/511] (~0.0m) Playlist folk acoustic: Checked 239 tracks... Rated 0 new tracks as LIKE (239 already rated, 0 skipped dislike)
[13/511] (~0.0m) Playlist nudisco: Checked 685 tracks... Rated 0 new tracks as LIKE (685 already rated, 0 skipped dislike)
[14/511] (~0.0m) Playlist future beats: Checked 1364 tracks... Rated 0 new tracks as LIKE (1364 already rated, 0 skipped dislike)
[15/511] (~0.0m) Playlist electronic Focus: Checked 204 tracks... Rated 0 new tracks as LIKE (204 already rated, 0 skipped dislike)
[16/511] (~0.0m) SKIPPING: indie banger (cannot infer kind)
[17/511] (~0.0m) Playlist xr neopsychedelia: Checked 165 tracks... Rated 0 new tracks as LIKE (165 already rated, 0 skipped dislike)
[18/511] (~0.0m) SKIPPING: botanica (cannot infer kind)
[19/511] (~0.0m) Playlist Folk: Checked 622 tracks... Rated 0 new tracks as LIKE (622 already rated, 0 skipped dislike)
[20/511] (~0.0m) Playlist folk 1960s: Checked 190 tracks... Rated 0 new tracks as LIKE (190 already rated, 0 skipped dislike)
[21/511] (~0.0m) Playlist xr trapmuzik: Checked 193 tracks... Rated 0 new tracks as LIKE (193 already rated, 0 skipped dislike)
[22/511] (~0.0m) Playlist xr Elephant6: Checked 136 tracks... Rated 0 new tracks as LIKE (136 already rated, 0 skipped dislike)
[23/511] (~0.0m) Playlist jazz guitar: Checked 175 tracks... Rated 0 new tracks as LIKE (175 already rated, 0 skipped dislike)
[24/511] (~0.0m) SKIPPING: rock pop 66-69 (cannot infer kind)
[25/511] (~0.0m) Playlist rock classic: Checked 1513 tracks... Rated 0 new tracks as LIKE (1513 already rated, 0 skipped dislike)
[26/511] (~0.0m) SKIPPING: jazz reading (cannot infer kind)
[27/511] (~0.0m) Playlist xr VintageObscura: Checked 265 tracks... Rated 0 new tracks as LIKE (265 already rated, 0 skipped dislike)
[28/511] (~0.0m) Playlist electronic Underjord: Checked 284 tracks... Rated 0 new tracks as LIKE (284 already rated, 0 skipped dislike)
[29/511] (~0.0m) SKIPPING: zz not like 2 (starts with zz not like)
[30/511] (~0.0m) SKIPPING: zz not like 1 (starts with zz not like)
[31/511] (~0.0m) Playlist xr deepcuts: Checked 136 tracks... Rated 0 new tracks as LIKE (136 already rated, 0 skipped dislike)
[32/511] (~0.0m) SKIPPING: y 2020s early top (starts with y )
[33/511] (~0.0m) SKIPPING: y 1940s and older top (starts with y )
[34/511] (~0.0m) Playlist xr 90sMusic: Checked 245 tracks... Rated 0 new tracks as LIKE (245 already rated, 0 skipped dislike)
[35/511] (~0.0m) Playlist xr 70sMusic: Checked 941 tracks... Rated 0 new tracks as LIKE (941 already rated, 0 skipped dislike)
[36/511] (~0.0m) Playlist xr 60sMusic: Checked 776 tracks... Rated 0 new tracks as LIKE (776 already rated, 0 skipped dislike)
[37/511] (~0.0m) Playlist xr 50sMusic: Checked 616 tracks... Rated 0 new tracks as LIKE (616 already rated, 0 skipped dislike)
[38/511] (~0.0m) Playlist xr 2010smusic: Checked 267 tracks... Rated 0 new tracks as LIKE (267 already rated, 0 skipped dislike)
[39/511] (~0.0m) Playlist xr 2000smusic: Checked 256 tracks... Rated 0 new tracks as LIKE (256 already rated, 0 skipped dislike)
[40/511] (~0.0m) SKIPPING: y 2010s late top (starts with y )
[41/511] (~0.0m) SKIPPING: y 2010s early top (starts with y )
[42/511] (~0.0m) SKIPPING: y 2000s early top (starts with y )
[43/511] (~0.0m) SKIPPING: y 1990s late top (starts with y )
[44/511] (~0.0m) SKIPPING: y 1990s early top (starts with y )
[45/511] (~0.0m) SKIPPING: y 1980s early top (starts with y )
[46/511] (~0.0m) SKIPPING: y 1970s late top (starts with y )
[47/511] (~0.0m) SKIPPING: y 1970s early top (starts with y )
[48/511] (~0.0m) SKIPPING: y 1960s late top (starts with y )
[49/511] (~0.0m) SKIPPING: y 1960s early top (starts with y )
[50/511] (~0.0m) SKIPPING: y 1950s late top (starts with y )
[51/511] (~0.0m) SKIPPING: y 1950s early top (starts with y )
[52/511] (~0.0m) Playlist xr 80sMusic: Checked 180 tracks... Rated 0 new tracks as LIKE (180 already rated, 0 skipped dislike)
[53/511] (~0.0m) SKIPPING: y 2026 top (starts with y )
[54/511] (~0.0m) SKIPPING: y 2025 top (starts with y )
[55/511] (~0.0m) SKIPPING: y 2022 top (starts with y )
[56/511] (~0.0m) SKIPPING: y 2020 top (starts with y )
[57/511] (~0.0m) SKIPPING: y 2019 top (starts with y )
[58/511] (~0.0m) SKIPPING: y 2018 top (starts with y )
[59/511] (~0.0m) SKIPPING: y 2017 top (starts with y )
[60/511] (~0.0m) SKIPPING: y 2016 top (starts with y )
[61/511] (~0.0m) SKIPPING: y 1950s top (starts with y )
[62/511] (~0.0m) SKIPPING: y mb need like (starts with y )
[63/511] (~0.0m) Playlist jazz fusion cross: Checked 143 tracks... Rated 0 new tracks as LIKE (143 already rated, 0 skipped dislike)
[64/511] (~0.0m) SKIPPING: jazz funk disco 70s fusion (cannot infer kind)
[65/511] (~0.0m) Playlist jazz: Checked 1366 tracks... Rated 0 new tracks as LIKE (1366 already rated, 0 skipped dislike)
[66/511] (~0.0m) Playlist xr futurefunkairlines: Checked 433 tracks... Rated 0 new tracks as LIKE (433 already rated, 0 skipped dislike)
[67/511] (~0.0m) Playlist jazz reading radio: Checked 28 tracks... No changes
[68/511] (~0.0m) Playlist jazz gypsy: Checked 118 tracks... Rated 0 new tracks as LIKE (118 already rated, 0 skipped dislike)
[69/511] (~0.0m) Playlist soul 1960s: Checked 163 tracks... Rated 0 new tracks as LIKE (163 already rated, 0 skipped dislike)
[70/511] (~0.0m) Playlist soul funk: Checked 1219 tracks... Rated 0 new tracks as LIKE (1219 already rated, 0 skipped dislike)
[71/511] (~0.0m) Playlist Hip Hop 2000s: Checked 114 tracks... Rated 0 new tracks as LIKE (114 already rated, 0 skipped dislike)
[72/511] (~0.0m) Playlist soul kings and queens: Checked 43 tracks... Rated 0 new tracks as LIKE (43 already rated, 0 skipped dislike)
[73/511] (~0.0m) Playlist electronic chills adventure: Checked 198 tracks... Rated 0 new tracks as LIKE (198 already rated, 0 skipped dislike)
[74/511] (~0.0m) Playlist trip hop & Ambien®: Checked 235 tracks... Rated 0 new tracks as LIKE (235 already rated, 0 skipped dislike)
[75/511] (~0.0m) Playlist hiphop jazzy: Checked 284 tracks... Rated 0 new tracks as LIKE (284 already rated, 0 skipped dislike)
[76/511] (~0.0m) Playlist hiphop old school: Checked 1138 tracks... Rated 0 new tracks as LIKE (1138 already rated, 0 skipped dislike)
[77/511] (~0.0m) Playlist electronic Sine Language: Checked 774 tracks... Rated 0 new tracks as LIKE (774 already rated, 0 skipped dislike)
[78/511] (~0.0m) Playlist hiphop: Checked 2381 tracks... Rated 0 new tracks as LIKE (2381 already rated, 0 skipped dislike)
[79/511] (~0.0m) Playlist electronic: Checked 1432 tracks... Rated 0 new tracks as LIKE (1432 already rated, 0 skipped dislike)
[80/511] (~0.0m) Playlist ambient: Checked 958 tracks... Rated 0 new tracks as LIKE (958 already rated, 0 skipped dislike)
[81/511] (~0.0m) Playlist hiphop modern: Checked 563 tracks... Rated 0 new tracks as LIKE (563 already rated, 0 skipped dislike)
[82/511] (~0.0m) Playlist Reggae: Checked 544 tracks... Rated 0 new tracks as LIKE (544 already rated, 0 skipped dislike)
[83/511] (~0.0m) SKIPPING: Jazz Fuzz Albums (kind: ALBUM)
[84/511] (~0.0m) SKIPPING: folk 1970s (cannot infer kind)
[85/511] (~0.0m) Playlist rock 1970s classic: Checked 1079 tracks... Rated 0 new tracks as LIKE (1079 already rated, 0 skipped dislike)
[86/511] (~0.0m) Playlist electronic house funk: Checked 143 tracks... Rated 0 new tracks as LIKE (143 already rated, 0 skipped dislike)
[87/511] (~0.0m) Playlist psychedelic classic rock: Checked 757 tracks... Rated 0 new tracks as LIKE (757 already rated, 0 skipped dislike)
[88/511] (~0.0m) SKIPPING: Roots Reggae Rhythms (empty)
[89/511] (~0.0m) Playlist blues chicago: Checked 41 tracks... Rated 0 new tracks as LIKE (41 already rated, 0 skipped dislike)
[90/511] (~0.0m) SKIPPING: Classic Golden Era Hip-Hop (empty)
[91/511] (~0.0m) SKIPPING: rock 60s and 70s stoner (cannot infer kind)
[92/511] (~0.0m) Playlist summertime covers: Checked 36 tracks... Rated 0 new tracks as LIKE (36 already rated, 0 skipped dislike)
[93/511] (~0.0m) Playlist xr futuregarage: Checked 15 tracks... Rated 0 new tracks as LIKE (15 already rated, 0 skipped dislike)
[94/511] (~0.0m) Playlist xr WorldMusic: Checked 19 tracks... Rated 0 new tracks as LIKE (19 already rated, 0 skipped dislike)
[95/511] (~0.0m) Playlist rock 1960s classic: Checked 948 tracks... Rated 0 new tracks as LIKE (948 already rated, 0 skipped dislike)
[96/511] (~0.0m) Playlist rock classic radio: Checked 323 tracks... No changes
[97/511] (~0.0m) Playlist rock pop 66-69 radio: Checked 168 tracks... No changes
[98/511] (~0.0m) Playlist jazz japanese: Checked 39 tracks... Rated 0 new tracks as LIKE (39 already rated, 0 skipped dislike)
[99/511] (~0.0m) Playlist indie loose: Checked 1698 tracks... Rated 0 new tracks as LIKE (1698 already rated, 0 skipped dislike)
[100/511] (~0.0m) Playlist beats Soulful Instrumentals: Checked 226 tracks... Rated 0 new tracks as LIKE (226 already rated, 0 skipped dislike)
[101/511] (~0.0m) Playlist indie krill vibe: Checked 474 tracks... Rated 0 new tracks as LIKE (474 already rated, 0 skipped dislike)
[102/511] (~0.0m) Playlist Brass n chill: Checked 271 tracks... Rated 0 new tracks as LIKE (271 already rated, 0 skipped dislike)
[103/511] (~0.0m) Playlist xr PsychedelicRock: Checked 1111 tracks... Rated 0 new tracks as LIKE (1111 already rated, 0 skipped dislike)
[104/511] (~0.0m) Playlist psych rock modern: Checked 870 tracks... Rated 0 new tracks as LIKE (870 already rated, 0 skipped dislike)
[105/511] (~0.0m) Playlist Bossa Nova: Checked 33 tracks... Rated 0 new tracks as LIKE (33 already rated, 0 skipped dislike)
[106/511] (~0.0m) Playlist Bossa Nova radio: Checked 365 tracks... No changes
[107/511] (~0.0m) Playlist xr Rock: Checked 325 tracks... Rated 0 new tracks as LIKE (325 already rated, 0 skipped dislike)
[108/511] (~0.0m) Playlist Rock 1980s Pop New Wave: Checked 363 tracks... Rated 0 new tracks as LIKE (363 already rated, 0 skipped dislike)
[109/511] (~0.0m) Playlist Rock 1980s New Wave radio: Checked 1077 tracks... No changes
[110/511] (~0.0m) Playlist electronic deep house: Checked 183 tracks... Rated 0 new tracks as LIKE (183 already rated, 0 skipped dislike)
[111/511] (~0.0m) Playlist Hip Hop Hits: Checked 274 tracks... Rated 0 new tracks as LIKE (274 already rated, 0 skipped dislike)
[112/511] (~0.0m) SKIPPING: y 2021 top (starts with y )
[113/511] (~0.0m) SKIPPING: y 2023 top (starts with y )
[114/511] (~0.0m) SKIPPING: y 2024 top (starts with y )
[115/511] (~0.0m) SKIPPING: y 2000s late top (starts with y )
[116/511] (~0.0m) SKIPPING: y 1980s late top (starts with y )
[117/511] (~0.0m) Playlist xr neopsychedelia radio: Checked 61 tracks... No changes
[118/511] (~0.0m) Playlist electronic deep house radio: Checked 937 tracks... No changes
[119/511] (~0.0m) Playlist xr chillmusic: Checked 707 tracks... Rated 0 new tracks as LIKE (707 already rated, 0 skipped dislike)
[120/511] (~0.0m) Playlist xr downtempo: Checked 20 tracks... Rated 0 new tracks as LIKE (20 already rated, 0 skipped dislike)
[121/511] (~0.0m) Playlist electronic post dub: Checked 215 tracks... Rated 0 new tracks as LIKE (215 already rated, 0 skipped dislike)
[122/511] (~0.0m) SKIPPING: good (cannot infer kind)
[123/511] (~0.0m) Playlist xr desertblues: Checked 19 tracks... Rated 0 new tracks as LIKE (19 already rated, 0 skipped dislike)
[124/511] (~0.0m) Playlist xr RootsMusic: Checked 91 tracks... Rated 0 new tracks as LIKE (91 already rated, 0 skipped dislike)
[125/511] (~0.0m) Playlist blues: Checked 872 tracks... Rated 0 new tracks as LIKE (872 already rated, 0 skipped dislike)
[126/511] (~0.0m) Playlist xr acidhouse: Checked 31 tracks... Rated 0 new tracks as LIKE (31 already rated, 0 skipped dislike)
[127/511] (~0.0m) Playlist post rock slow core: Checked 74 tracks... Rated 0 new tracks as LIKE (74 already rated, 0 skipped dislike)
[128/511] (~0.0m) Playlist jazz guitar radio: Checked 127 tracks... No changes
[129/511] (~0.0m) SKIPPING: les rallizes all last ones (cannot infer kind)
[130/511] (~0.0m) Playlist xr Elephant6 radio: Checked 263 tracks... No changes
[131/511] (~0.0m) Playlist rock surf: Checked 99 tracks... Rated 0 new tracks as LIKE (99 already rated, 0 skipped dislike)
[132/511] (~0.0m) Playlist xr OutlawCountry: Checked 106 tracks... Rated 0 new tracks as LIKE (106 already rated, 0 skipped dislike)
[133/511] (~0.0m) Playlist xr cyberpunk-music radio: Checked 95 tracks... Cleaned: moved 10 LIKE
[134/511] (~0.0m) Playlist xr DoomMetal radio: Checked 125 tracks... Cleaned: moved 8 LIKE
[135/511] (~0.0m) Playlist electronic radio: Checked 370 tracks... Cleaned: moved 1 LIKE
[136/511] (~0.0m) Playlist Hip Hop 1990s west Coast: Checked 74 tracks... Rated 0 new tracks as LIKE (74 already rated, 0 skipped dislike)
[137/511] (~0.0m) Playlist xr Instrumentals radio: Checked 141 tracks... Cleaned: moved 10 LIKE
[138/511] (~0.0m) Playlist xr musicforconcentration radio: Checked 148 tracks... Cleaned: moved 6 LIKE
[139/511] (~0.0m) Playlist rock krautrock: Checked 259 tracks... Rated 0 new tracks as LIKE (259 already rated, 0 skipped dislike)
[140/511] (~0.0m) Playlist xr PunkRock radio: Checked 564 tracks... Cleaned: moved 1 LIKE
[141/511] (~0.0m) Playlist xr Techno radio: Checked 367 tracks... Cleaned: moved 8 LIKE
[142/511] (~0.0m) Playlist trip hop: Checked 405 tracks... Rated 0 new tracks as LIKE (405 already rated, 0 skipped dislike)
[143/511] (~0.0m) Playlist xr treemusic: Checked 1843 tracks... Rated 0 new tracks as LIKE (1843 already rated, 0 skipped dislike)
[144/511] (~0.0m) SKIPPING: xr treemusic albums (kind: ALBUM)
[145/511] (~0.0m) SKIPPING: xr stonerrock albums (kind: ALBUM)
[146/511] (~0.0m) SKIPPING: xr spacemusic albums (kind: ALBUM)
[147/511] (~0.0m) Playlist xr SoundsVintage: Checked 264 tracks... Rated 0 new tracks as LIKE (264 already rated, 0 skipped dislike)
[148/511] (~0.0m) Playlist ambient modern radio: Checked 289 tracks... Cleaned: moved 14 LIKE
[149/511] (~0.0m) SKIPPING: xr PunkRock albums (kind: ALBUM)
[150/511] (~0.0m) Playlist xr metal radio: Checked 836 tracks... Cleaned: moved 5 LIKE
[151/511] (~0.0m) Playlist xr OldElectronicMusic: Checked 106 tracks... Rated 0 new tracks as LIKE (106 already rated, 0 skipped dislike)
[152/511] (~0.0m) Playlist xr 2020smusic radio: Checked 191 tracks... Cleaned: moved 6 LIKE
[153/511] (~0.0m) Playlist xr musicforconcentration: Checked 27 tracks... Rated 0 new tracks as LIKE (27 already rated, 0 skipped dislike)
[154/511] (~0.0m) SKIPPING: xr krautrock albums (kind: ALBUM)
[155/511] (~0.0m) Playlist xr kindie radio: Checked 99 tracks... Cleaned: moved 2 LIKE
[156/511] (~0.0m) Playlist xr WorldMusic radio: Checked 745 tracks... No changes
[157/511] (~0.0m) SKIPPING: electronic idm (cannot infer kind)
[158/511] (~0.0m) Playlist rock garage radio: Checked 425 tracks... No changes
[159/511] (~0.0m) Playlist rock garage: Checked 516 tracks... Rated 0 new tracks as LIKE (516 already rated, 0 skipped dislike)
[160/511] (~0.0m) SKIPPING: xr futuresynth albums (kind: ALBUM)
[161/511] (~0.0m) SKIPPING: xr futurebeats albums (kind: ALBUM)
[162/511] (~0.0m) Playlist xr jazz radio: Checked 444 tracks... Cleaned: moved 6 LIKE
[163/511] (~0.0m) Playlist xr ebm radio: Checked 66 tracks... No changes
[164/511] (~0.0m) SKIPPING: xr dub albums (kind: ALBUM)
[165/511] (~0.0m) Playlist xr DreamPop: Checked 200 tracks... Rated 0 new tracks as LIKE (200 already rated, 0 skipped dislike)
[166/511] (~0.0m) Playlist xr downtempo radio: Checked 66 tracks... Cleaned: moved 2 LIKE
[167/511] (~0.0m) Playlist jazz noir: Checked 471 tracks... Rated 0 new tracks as LIKE (471 already rated, 0 skipped dislike)
[168/511] (~0.0m) Playlist xr complextro radio: Checked 114 tracks... No changes
[169/511] (~0.0m) SKIPPING: xr chillmusic albums (kind: ALBUM)
[170/511] (~0.0m) Playlist xr futuregarage radio: Checked 1195 tracks... No changes
[171/511] (~0.0m) Playlist xr brazilianmusic radio: Checked 149 tracks... Cleaned: moved 6 LIKE
[172/511] (~0.0m) Playlist xr bluesrock radio: Checked 532 tracks... Cleaned: moved 6 LIKE
[173/511] (~0.0m) Playlist xr bluegrass radio: Checked 80 tracks... Cleaned: moved 2 LIKE
[174/511] (~0.0m) Playlist xr bassheavy radio: Checked 420 tracks... No changes
[175/511] (~0.0m) Playlist xr AtmosphericDnB radio: Checked 352 tracks... Cleaned: moved 1 LIKE
[176/511] (~0.0m) Playlist rock 1990s radio: Checked 168 tracks... Cleaned: moved 8 LIKE
[177/511] (~0.0m) SKIPPING: xr ambientmusic albums (kind: ALBUM)
[178/511] (~0.0m) Playlist xr theOverload radio: Checked 773 tracks... Cleaned: moved 5 LIKE
[179/511] (~0.0m) SKIPPING: xr 90shiphop (cannot infer kind)
[180/511] (~0.0m) SKIPPING: xr 90shiphop albums (kind: ALBUM)
[181/511] (~0.0m) Playlist Post-Punk 1970s-1980s: Checked 167 tracks... Rated 0 new tracks as LIKE (167 already rated, 0 skipped dislike)
[182/511] (~0.0m) Playlist reggae classic: Checked 212 tracks... Rated 0 new tracks as LIKE (212 already rated, 0 skipped dislike)
[183/511] (~0.0m) Playlist nudisco radio: Checked 1696 tracks... No changes
[184/511] (~0.0m) Playlist future beats radio: Checked 1605 tracks... No changes
[185/511] (~0.0m) Playlist electronic jaar: Checked 41 tracks... Rated 0 new tracks as LIKE (41 already rated, 0 skipped dislike)
[186/511] (~0.0m) Playlist Reggae radio: Checked 1600 tracks... No changes
[187/511] (~0.0m) Playlist hiphop modern radio: Checked 673 tracks... No changes
[188/511] (~0.0m) Playlist jazz blue note: Checked 58 tracks... Rated 0 new tracks as LIKE (58 already rated, 0 skipped dislike)
[189/511] (~0.0m) Playlist jazz blue note radio: Checked 62 tracks... Cleaned: moved 2 LIKE
[190/511] (~0.0m) Playlist reggae covers: Checked 38 tracks... Rated 0 new tracks as LIKE (38 already rated, 0 skipped dislike)
[191/511] (~0.0m) Playlist xr monsterfuzz radio: Checked 562 tracks... Cleaned: moved 9 LIKE
[192/511] (~0.0m) Playlist Shoegaze: Checked 368 tracks... Rated 0 new tracks as LIKE (368 already rated, 0 skipped dislike)
[193/511] (~0.0m) Playlist xr VintageObscura radio: Checked 751 tracks... No changes
[194/511] (~0.0m) Playlist xr SpaceMusic radio: Checked 212 tracks... Cleaned: moved 4 LIKE
[195/511] (~0.0m) Playlist xr triphop radio: Checked 849 tracks... Cleaned: moved 2 LIKE
[196/511] (~0.0m) Playlist xr stonerrock radio: Checked 549 tracks... No changes
[197/511] (~0.0m) Playlist rock stoner sludge dank: Checked 70 tracks... Rated 0 new tracks as LIKE (70 already rated, 0 skipped dislike)
[198/511] (~0.0m) Playlist xr SoundsVintage radio: Checked 130 tracks... Cleaned: moved 4 LIKE
[199/511] (~0.0m) Playlist xr OldElectronicMusic radio: Checked 608 tracks... Cleaned: moved 1 LIKE
[200/511] (~0.0m) Playlist ambient radio: Checked 560 tracks... No changes
[201/511] (~0.0m) Playlist xr IndieFolk radio: Checked 562 tracks... No changes
[202/511] (~0.0m) Playlist xr indie radio: Checked 1030 tracks... Cleaned: moved 1 LIKE
[203/511] (~0.0m) Playlist xr Exotica radio: Checked 111 tracks... Cleaned: moved 1 LIKE
[204/511] (~0.0m) Playlist xr ElectronicMusic radio: Checked 498 tracks... Cleaned: moved 1 LIKE
[205/511] (~0.0m) Playlist xr DreamPop radio: Checked 834 tracks... Cleaned: moved 3 LIKE
[206/511] (~0.0m) Playlist xr jazznoir radio: Checked 155 tracks... No changes
[207/511] (~0.0m) Playlist xr bossanova radio: Checked 261 tracks... Cleaned: moved 3 LIKE
[208/511] (~0.0m) Playlist xr witchHouse radio: Checked 583 tracks... Cleaned: moved 2 LIKE
[209/511] (~0.0m) Playlist xr 90sPunk radio: Checked 568 tracks... No changes
[210/511] (~0.0m) Playlist xr trapmuzik radio: Checked 1065 tracks... No changes
[211/511] (~0.0m) Playlist xr 70sMusic radio: Checked 131 tracks... No changes
[212/511] (~0.0m) Playlist xr 2000smusic radio: Checked 934 tracks... No changes
[213/511] (~0.0m) Playlist xr kpop radio: Checked 60 tracks... Cleaned: moved 1 LIKE
[214/511] (~0.0m) Playlist xr indierock radio: Checked 225 tracks... Cleaned: moved 1 LIKE
[215/511] (~0.0m) Playlist xr house radio: Checked 535 tracks... Cleaned: moved 4 LIKE
[216/511] (~0.0m) Playlist xr house: Checked 130 tracks... Rated 0 new tracks as LIKE (130 already rated, 0 skipped dislike)
[217/511] (~0.0m) Playlist xr hiphop radio: Checked 1767 tracks... No changes
[218/511] (~0.0m) Playlist xr futurebass radio: Checked 923 tracks... Cleaned: moved 1 LIKE
[219/511] (~0.0m) Playlist future bass: Checked 256 tracks... Rated 0 new tracks as LIKE (256 already rated, 0 skipped dislike)
[220/511] (~0.0m) Playlist xr dubstep radio: Checked 103 tracks... No changes
[221/511] (~0.0m) Playlist electronic film scores radio: Checked 276 tracks... Cleaned: moved 10 LIKE
[222/511] (~0.0m) Playlist xr bassheavy: Checked 42 tracks... Rated 0 new tracks as LIKE (42 already rated, 0 skipped dislike)
[223/511] (~0.0m) Playlist electronic 2000s: Checked 115 tracks... Rated 0 new tracks as LIKE (115 already rated, 0 skipped dislike)
[224/511] (~0.0m) Playlist xr PunkRock: Checked 38 tracks... Rated 0 new tracks as LIKE (38 already rated, 0 skipped dislike)
[225/511] (~0.0m) Playlist xr AfricanMusic radio: Checked 284 tracks... Cleaned: moved 2 LIKE
[226/511] (~0.0m) Playlist soul radio: Checked 238 tracks... Cleaned: moved 2 LIKE
[227/511] (~0.0m) Playlist rock 1990s: Checked 525 tracks... Rated 0 new tracks as LIKE (525 already rated, 0 skipped dislike)
[228/511] (~0.0m) Playlist rock 1990s alternative: Checked 252 tracks... Rated 0 new tracks as LIKE (252 already rated, 0 skipped dislike)
[229/511] (~0.0m) Playlist post rock slow core radio: Checked 419 tracks... Cleaned: moved 1 LIKE
[230/511] (~0.0m) Playlist oldies 1960s radio: Checked 459 tracks... Cleaned: moved 7 LIKE
[231/511] (~0.0m) Playlist future garage: Checked 204 tracks... Rated 0 new tracks as LIKE (204 already rated, 0 skipped dislike)
[232/511] (~0.0m) Playlist electronic big beats radio: Checked 95 tracks... Cleaned: moved 3 LIKE
[233/511] (~0.0m) Playlist electronic Garage Bass House radio: Checked 330 tracks... Cleaned: moved 3 LIKE
[234/511] (~0.0m) Playlist electronic Garage Bass House: Checked 94 tracks... Rated 0 new tracks as LIKE (94 already rated, 0 skipped dislike)
[235/511] (~0.0m) Playlist electronic Focus radio: Checked 222 tracks... No changes
[236/511] (~0.0m) Playlist ambient modern: Checked 102 tracks... Rated 0 new tracks as LIKE (102 already rated, 0 skipped dislike)
[237/511] (~0.0m) Playlist Hip Hop 1990s radio: Checked 337 tracks... Cleaned: moved 1 LIKE
[238/511] (~0.0m) Playlist Hip Hop 1990s: Checked 796 tracks... Rated 0 new tracks as LIKE (796 already rated, 0 skipped dislike)
[239/511] (~0.0m) Playlist Folk radio: Checked 596 tracks... Cleaned: moved 2 LIKE
[240/511] (~0.0m) Playlist soul motown: Checked 141 tracks... Rated 0 new tracks as LIKE (141 already rated, 0 skipped dislike)
[241/511] (~0.0m) Playlist garage rock: Checked 405 tracks... Rated 0 new tracks as LIKE (405 already rated, 0 skipped dislike)
[242/511] (~0.0m) Playlist xr foreignrap radio: Checked 25 tracks... No changes
[243/511] (~0.0m) Playlist Japanese City Pop 70s 80s radio: Checked 105 tracks... Cleaned: moved 5 LIKE
[244/511] (~0.0m) Playlist electronic witch house: Checked 67 tracks... Rated 0 new tracks as LIKE (67 already rated, 0 skipped dislike)
[245/511] (~0.0m) Playlist xr unheardof radio: Checked 87 tracks... Cleaned: moved 2 LIKE
[246/511] (~0.0m) Playlist xr synthwave radio: Checked 185 tracks... Cleaned: moved 2 LIKE
[247/511] (~0.0m) Playlist xr soca radio: Checked 49 tracks... No changes
[248/511] (~0.0m) Playlist xr Samplehunters radio: Checked 23 tracks... Cleaned: moved 9 LIKE
[249/511] (~0.0m) Playlist xr psybient radio: Checked 92 tracks... Cleaned: moved 2 LIKE
[250/511] (~0.0m) Playlist xr newretrowave radio: Checked 67 tracks... Cleaned: moved 3 LIKE
[251/511] (~0.0m) Playlist xr liftingmusic radio: Checked 43 tracks... No changes
[252/511] (~0.0m) Playlist xr krautrock radio: Checked 112 tracks... Cleaned: moved 1 LIKE
[253/511] (~0.0m) Playlist xr koreanrock radio: Checked 76 tracks... Cleaned: moved 1 LIKE
[254/511] (~0.0m) Playlist xr icm radio: Checked 30 tracks... Cleaned: moved 1 LIKE
[255/511] (~0.0m) SKIPPING: xr guiltypleasuremusic (cannot infer kind)
[256/511] (~0.0m) Playlist xr guiltypleasuremusic radio: Checked 90 tracks... Cleaned: moved 1 LIKE
[257/511] (~0.0m) Playlist xr glitchhop radio: Checked 61 tracks... Cleaned: moved 1 LIKE
[258/511] (~0.0m) Playlist xr gamemusic radio: Checked 27 tracks... No changes
[259/511] (~0.0m) Playlist xr frisson radio: Checked 42 tracks... Cleaned: moved 3 LIKE
[260/511] (~0.0m) Playlist xr elitistclassical radio: Checked 188 tracks... Cleaned: moved 1 LIKE
[261/511] (~0.0m) Playlist xr earlymusic radio: Checked 115 tracks... No changes
[262/511] (~0.0m) Playlist xr disco: Checked 77 tracks... Rated 0 new tracks as LIKE (77 already rated, 0 skipped dislike)
[263/511] (~0.0m) Playlist xr darkjazz radio: Checked 47 tracks... No changes
[264/511] (~0.0m) Playlist xr dancepunk: Checked 32 tracks... Rated 0 new tracks as LIKE (32 already rated, 0 skipped dislike)
[265/511] (~0.0m) Playlist xr contemporary radio: Checked 70 tracks... No changes
[266/511] (~0.0m) Playlist xr choralmusic radio: Checked 44 tracks... Cleaned: moved 1 LIKE
[267/511] (~0.0m) Playlist xr celticpunk radio: Checked 69 tracks... No changes
[268/511] (~0.0m) Playlist xr bluesrock: Checked 211 tracks... Rated 0 new tracks as LIKE (211 already rated, 0 skipped dislike)
[269/511] (~0.0m) Playlist xr bluegrass: Checked 109 tracks... Rated 0 new tracks as LIKE (109 already rated, 0 skipped dislike)
[270/511] (~0.0m) Playlist xr BinauralMusic radio: Checked 31 tracks... Cleaned: moved 6 LIKE
[271/511] (~0.0m) Playlist xr bigband radio: Checked 65 tracks... Cleaned: moved 7 LIKE
[272/511] (~0.0m) Playlist xr altcountry: Checked 52 tracks... Rated 0 new tracks as LIKE (52 already rated, 0 skipped dislike)
[273/511] (~0.0m) Playlist xr afrobeat radio: Checked 118 tracks... No changes
[274/511] (~0.0m) Playlist xr 90sRock: Checked 284 tracks... Rated 0 new tracks as LIKE (284 already rated, 0 skipped dislike)
[275/511] (~0.0m) Playlist xr 50sMusic radio: Checked 101 tracks... Cleaned: moved 5 LIKE
[276/511] (~0.0m) Playlist xr 2010smusic radio: Checked 1076 tracks... Cleaned: moved 4 LIKE
[277/511] (~0.0m) Playlist folk acoustic radio: Checked 41 tracks... No changes
[278/511] (~0.0m) Playlist electronic dubstep uk: Checked 54 tracks... Rated 0 new tracks as LIKE (54 already rated, 0 skipped dislike)
[279/511] (~0.0m) SKIPPING: zq dj thumbs up (starts with zq )
[280/511] (~0.0m) Playlist xr Exotica: Checked 111 tracks... Rated 0 new tracks as LIKE (111 already rated, 0 skipped dislike)
[281/511] (~0.0m) Playlist electronic Innerwaves: Checked 125 tracks... Rated 0 new tracks as LIKE (125 already rated, 0 skipped dislike)
[282/511] (~0.0m) Playlist electronic chill: Checked 468 tracks... Rated 0 new tracks as LIKE (468 already rated, 0 skipped dislike)
[283/511] (~0.0m) SKIPPING: ambient drone metal (cannot infer kind)
[284/511] (~0.0m) Playlist electronic New Wave old and new radio: Checked 281 tracks... Cleaned: moved 5 LIKE
[285/511] (~0.0m) SKIPPING: slow core (cannot infer kind)
[286/511] (~0.0m) Playlist electronic New Wave old and new: Checked 116 tracks... Rated 0 new tracks as LIKE (116 already rated, 0 skipped dislike)
[287/511] (~0.0m) SKIPPING: drunk driving (cannot infer kind)
[288/511] (~0.0m) Playlist chill solar mix: Checked 98 tracks... Rated 0 new tracks as LIKE (98 already rated, 0 skipped dislike)
[289/511] (~0.0m) Playlist indie sleeze: Checked 46 tracks... Rated 0 new tracks as LIKE (46 already rated, 0 skipped dislike)
[290/511] (~0.0m) Playlist helvetia duster static cult: Checked 125 tracks... Rated 0 new tracks as LIKE (125 already rated, 0 skipped dislike)
[291/511] (~0.0m) Playlist xr monsterfuzz: Checked 38 tracks... Rated 0 new tracks as LIKE (38 already rated, 0 skipped dislike)
[292/511] (~0.0m) Playlist xr treemusic radio: Checked 428 tracks... Cleaned: moved 1 LIKE
[293/511] (~0.0m) Playlist Indie Folk radio: Checked 415 tracks... Cleaned: moved 1 LIKE
[294/511] (~0.0m) Playlist electronic Sine Language radio: Checked 1521 tracks... Cleaned: moved 1 LIKE
[295/511] (~0.0m) Playlist electronic Underjord radio: Checked 229 tracks... Cleaned: moved 1 LIKE
[296/511] (~0.0m) Playlist hiphop old school radio: Checked 696 tracks... No changes
[297/511] (~0.0m) Playlist jazz radio: Checked 898 tracks... No changes
[298/511] (~0.0m) Playlist xr 80sMusic radio: Checked 299 tracks... Cleaned: moved 5 LIKE
[299/511] (~0.0m) Playlist xr minimal radio: Checked 396 tracks... Cleaned: moved 6 LIKE
[300/511] (~0.0m) Playlist xr theOverload: Checked 92 tracks... Rated 0 new tracks as LIKE (92 already rated, 0 skipped dislike)
[301/511] (~0.0m) Playlist xr minimal: Checked 43 tracks... Rated 0 new tracks as LIKE (43 already rated, 0 skipped dislike)
[302/511] (~0.0m) Playlist Instrumentals Acoustic: Checked 31 tracks... Rated 0 new tracks as LIKE (31 already rated, 0 skipped dislike)
[303/511] (~0.0m) Playlist xr realdubstep: Checked 62 tracks... Rated 0 new tracks as LIKE (62 already rated, 0 skipped dislike)
[304/511] (~0.0m) Playlist blues deep roots: Checked 268 tracks... Rated 0 new tracks as LIKE (268 already rated, 0 skipped dislike)
[305/511] (~0.0m) Playlist soul instrumental grooves: Checked 92 tracks... Rated 0 new tracks as LIKE (92 already rated, 0 skipped dislike)
[306/511] (~0.0m) Playlist jazz funk cortex vibe: Checked 285 tracks... Rated 0 new tracks as LIKE (285 already rated, 0 skipped dislike)
[307/511] (~0.0m) Playlist jazz fusion cross radio: Checked 123 tracks... No changes
[308/511] (~0.0m) SKIPPING: 2024 Recap (empty)
[309/511] (~0.0m) SKIPPING: Archive Mix (empty)
[310/511] (~0.0m) SKIPPING: Discover Mix (empty)
[311/511] (~0.0m) Playlist xr ModernRockMusic radio: Checked 364 tracks... Cleaned: moved 4 LIKE
[312/511] (~0.0m) Playlist xr idm radio: Checked 330 tracks... No changes
[313/511] (~0.0m) SKIPPING: zp john prine (starts with zp )
[314/511] (~0.0m) Playlist xr realdubstep radio: Checked 501 tracks... Cleaned: moved 2 LIKE
[315/511] (~0.0m) SKIPPING: xr psychedelicrock albums (kind: ALBUM)
[316/511] (~0.0m) Playlist Reggae Dub: Checked 221 tracks... Rated 0 new tracks as LIKE (221 already rated, 0 skipped dislike)
[317/511] (~0.0m) SKIPPING: xr reggae albums (kind: ALBUM)
[318/511] (~0.0m) Playlist xr deephouse radio: Checked 807 tracks... Cleaned: moved 9 LIKE
[319/511] (~0.0m) Playlist xr baroque radio: Checked 176 tracks... No changes
[320/511] (~0.0m) SKIPPING: xr neopsychedelia albums (kind: ALBUM)
[321/511] (~0.0m) SKIPPING: xr idm albums (kind: ALBUM)
[322/511] (~0.0m) SKIPPING: xr hiphop albums (kind: ALBUM)
[323/511] (~0.0m) SKIPPING: xr chillwave albums (kind: ALBUM)
[324/511] (~0.0m) SKIPPING: xr PostRock albums (kind: ALBUM)
[325/511] (~0.0m) Playlist xr synthrock radio: Checked 163 tracks... Cleaned: moved 3 LIKE
[326/511] (~0.0m) Playlist xr melodichouse radio: Checked 593 tracks... Cleaned: moved 5 LIKE
[327/511] (~0.0m) Playlist xr jazzyhiphop radio: Checked 471 tracks... No changes
[328/511] (~0.0m) Playlist xr industrialmusic radio: Checked 91 tracks... Cleaned: moved 2 LIKE
[329/511] (~0.0m) Playlist xr futuresynth radio: Checked 636 tracks... Cleaned: moved 3 LIKE
[330/511] (~0.0m) Playlist xr futuresynth: Checked 35 tracks... Rated 0 new tracks as LIKE (35 already rated, 0 skipped dislike)
[331/511] (~0.0m) Playlist xr frenchhouse radio: Checked 551 tracks... Cleaned: moved 9 LIKE
[332/511] (~0.0m) Playlist xr dub radio: Checked 278 tracks... Cleaned: moved 4 LIKE
[333/511] (~0.0m) Playlist xr disco radio: Checked 583 tracks... Cleaned: moved 3 LIKE
[334/511] (~0.0m) Playlist xr animemusic radio: Checked 247 tracks... Cleaned: moved 2 LIKE
[335/511] (~0.0m) Playlist xr altcountry radio: Checked 241 tracks... Cleaned: moved 1 LIKE
[336/511] (~0.0m) Playlist xr TropicalHouse radio: Checked 261 tracks... Cleaned: moved 4 LIKE
[337/511] (~0.0m) Playlist xr SurfPunk radio: Checked 173 tracks... Cleaned: moved 2 LIKE
[338/511] (~0.0m) Playlist xr PostRock radio: Checked 372 tracks... Cleaned: moved 7 LIKE
[339/511] (~0.0m) Playlist xr OldskoolRave radio: Checked 361 tracks... Cleaned: moved 5 LIKE
[340/511] (~0.0m) Playlist xr OldiesMusic radio: Checked 272 tracks... Cleaned: moved 9 LIKE
[341/511] (~0.0m) Playlist xr ModernRockMusic: Checked 23 tracks... Rated 0 new tracks as LIKE (23 already rated, 0 skipped dislike)
[342/511] (~0.0m) Playlist xr MelancholyMusic radio: Checked 251 tracks... Cleaned: moved 7 LIKE
[343/511] (~0.0m) Playlist xr MelancholyMusic: Checked 43 tracks... Rated 0 new tracks as LIKE (43 already rated, 0 skipped dislike)
[344/511] (~0.0m) Playlist xr Flamenco radio: Checked 93 tracks... No changes
[345/511] (~0.0m) Playlist xr 90sMusic radio: Checked 359 tracks... Cleaned: moved 7 LIKE
[346/511] (~0.0m) Playlist xr 90sAlternative radio: Checked 607 tracks... Cleaned: moved 3 LIKE
[347/511] (~0.0m) Playlist xr 80sHipHop radio: Checked 280 tracks... Cleaned: moved 5 LIKE
[348/511] (~0.0m) Playlist oldies fallout 40s: Checked 67 tracks... Rated 0 new tracks as LIKE (67 already rated, 0 skipped dislike)
[349/511] (~0.0m) Playlist brass beats: Checked 210 tracks... Rated 0 new tracks as LIKE (210 already rated, 0 skipped dislike)
[350/511] (~0.0m) Playlist ambient grouper: Checked 72 tracks... Rated 0 new tracks as LIKE (72 already rated, 0 skipped dislike)
[351/511] (~0.0m) Playlist ambient japan: Checked 50 tracks... Rated 0 new tracks as LIKE (50 already rated, 0 skipped dislike)
[352/511] (~0.0m) Playlist rockabilly: Checked 81 tracks... Rated 0 new tracks as LIKE (81 already rated, 0 skipped dislike)
[353/511] (~0.0m) Playlist Oldies: Checked 1146 tracks... Rated 0 new tracks as LIKE (1146 already rated, 0 skipped dislike)
[354/511] (~0.0m) Playlist blues electric: Checked 82 tracks... Rated 0 new tracks as LIKE (82 already rated, 0 skipped dislike)
[355/511] (~0.0m) Playlist xr chicagohouse radio: Checked 92 tracks... No changes
[356/511] (~0.0m) SKIPPING: y 2015 top (starts with y )
[357/511] (~0.0m) SKIPPING: y 2014 top (starts with y )
[358/511] (~0.0m) SKIPPING: y 2013 top (starts with y )
[359/511] (~0.0m) SKIPPING: y 2012 top (starts with y )
[360/511] (~0.0m) SKIPPING: y 2011 top (starts with y )
[361/511] (~0.0m) SKIPPING: y 2010 top (starts with y )
[362/511] (~0.0m) Playlist jazz spiritual: Checked 31 tracks... Rated 0 new tracks as LIKE (31 already rated, 0 skipped dislike)
[363/511] (~0.0m) SKIPPING: zq dj gold (starts with zq )
[364/511] (~0.0m) SKIPPING: zq dj mixes library (starts with zq )
[365/511] (~0.0m) Playlist electronic big beats: Checked 18 tracks... Rated 0 new tracks as LIKE (18 already rated, 0 skipped dislike)
[366/511] (~0.0m) Playlist folk country americana: Checked 225 tracks... Rated 0 new tracks as LIKE (225 already rated, 0 skipped dislike)
[367/511] (~0.0m) Playlist xr 90sPunk: Checked 30 tracks... Rated 0 new tracks as LIKE (30 already rated, 0 skipped dislike)
[368/511] (~0.0m) Playlist rock underground: Checked 23 tracks... Rated 0 new tracks as LIKE (23 already rated, 0 skipped dislike)
[369/511] (~0.0m) Playlist beats: Checked 1296 tracks... Rated 0 new tracks as LIKE (1296 already rated, 0 skipped dislike)
[370/511] (~0.0m) Playlist beats instrumental: Checked 408 tracks... Rated 0 new tracks as LIKE (408 already rated, 0 skipped dislike)
[371/511] (~0.0m) Playlist electronic new indie beats: Checked 459 tracks... Rated 0 new tracks as LIKE (459 already rated, 0 skipped dislike)
[372/511] (~0.0m) Playlist Grunge: Checked 103 tracks... Rated 0 new tracks as LIKE (103 already rated, 0 skipped dislike)
[373/511] (~0.0m) Playlist Indie psych: Checked 251 tracks... Rated 0 new tracks as LIKE (251 already rated, 0 skipped dislike)
[374/511] (~0.0m) Playlist oldies 1960s: Checked 180 tracks... Rated 0 new tracks as LIKE (180 already rated, 0 skipped dislike)
[375/511] (~0.0m) Playlist hiphop wrist twistin: Checked 53 tracks... Rated 0 new tracks as LIKE (53 already rated, 0 skipped dislike)
[376/511] (~0.0m) Playlist Oldies radio: Checked 634 tracks... Cleaned: moved 10 LIKE
[377/511] (~0.0m) Playlist oldies doo wop: Checked 83 tracks... Rated 0 new tracks as LIKE (83 already rated, 0 skipped dislike)
[378/511] (~0.0m) Playlist oldies 1950s radio: Checked 395 tracks... Cleaned: moved 9 LIKE
[379/511] (~0.0m) Playlist oldies 1950s: Checked 222 tracks... Rated 0 new tracks as LIKE (222 already rated, 0 skipped dislike)
[380/511] (~0.0m) SKIPPING: zp kanye (starts with zp )
[381/511] (~0.0m) SKIPPING: zp DJ Premier (starts with zp )
[382/511] (~0.0m) Playlist electronic 1990s electronica: Checked 49 tracks... Rated 0 new tracks as LIKE (49 already rated, 0 skipped dislike)
[383/511] (~0.0m) Playlist Grunge radio: Checked 90 tracks... Cleaned: moved 2 LIKE
[384/511] (~0.0m) SKIPPING: zp Dilla (starts with zp )
[385/511] (~0.0m) Playlist ambient modular synths: Checked 36 tracks... Rated 0 new tracks as LIKE (36 already rated, 0 skipped dislike)
[386/511] (~0.0m) Playlist psych ish rock modern: Checked 212 tracks... Rated 0 new tracks as LIKE (212 already rated, 0 skipped dislike)
[387/511] (~0.0m) Playlist beats dj: Checked 161 tracks... Rated 0 new tracks as LIKE (161 already rated, 0 skipped dislike)
[388/511] (~0.0m) Playlist hiphop soul good vibe: Checked 208 tracks... Rated 0 new tracks as LIKE (208 already rated, 0 skipped dislike)
[389/511] (~0.0m) Playlist rock 1950s roots: Checked 342 tracks... Rated 0 new tracks as LIKE (342 already rated, 0 skipped dislike)
[390/511] (~0.0m) Playlist Reggae Dub radio: Checked 101 tracks... Cleaned: moved 1 LIKE
[391/511] (~0.0m) Playlist jazz library background radio: Checked 116 tracks... Cleaned: moved 7 LIKE
[392/511] (~0.0m) Playlist xr funkhouse radio: Checked 212 tracks... Cleaned: moved 2 LIKE
[393/511] (~0.0m) Playlist xr futurefunkairlines radio: Checked 233 tracks... Cleaned: moved 6 LIKE
[394/511] (~0.0m) Playlist electronic house french touch: Checked 95 tracks... Rated 0 new tracks as LIKE (95 already rated, 0 skipped dislike)
[395/511] (~0.0m) Playlist trip hop & Ambien® radio: Checked 987 tracks... No changes
[396/511] (~0.0m) Playlist Japanese City Pop 70s 80s: Checked 11 tracks... Rated 0 new tracks as LIKE (11 already rated, 0 skipped dislike)
[397/511] (~0.0m) Playlist electronic Dance: Checked 128 tracks... Rated 0 new tracks as LIKE (128 already rated, 0 skipped dislike)
[398/511] (~0.0m) Playlist electronic Dance radio: Checked 227 tracks... Cleaned: moved 8 LIKE
[399/511] (~0.0m) Playlist Beats Lofi radio: Checked 730 tracks... Cleaned: moved 4 LIKE
[400/511] (~0.0m) Playlist jazz sunrise: Checked 59 tracks... Rated 0 new tracks as LIKE (59 already rated, 0 skipped dislike)
[401/511] (~0.0m) Playlist Beats Lofi: Checked 141 tracks... Rated 0 new tracks as LIKE (141 already rated, 0 skipped dislike)
[402/511] (~0.0m) Playlist electronic 1990s late 1980s House: Checked 17 tracks... Rated 0 new tracks as LIKE (17 already rated, 0 skipped dislike)
[403/511] (~0.0m) Playlist hiphop Soulquarians: Checked 43 tracks... Rated 0 new tracks as LIKE (43 already rated, 0 skipped dislike)
[404/511] (~0.0m) Playlist electronic House Soulful: Checked 20 tracks... Rated 0 new tracks as LIKE (20 already rated, 0 skipped dislike)
[405/511] (~0.0m) Playlist triphop bristol sound: Checked 77 tracks... Rated 0 new tracks as LIKE (77 already rated, 0 skipped dislike)
[406/511] (~0.0m) SKIPPING: zp grateful dead live (starts with zp )
[407/511] (~0.0m) Playlist electronic uk: Checked 277 tracks... Rated 0 new tracks as LIKE (277 already rated, 0 skipped dislike)
[408/511] (~0.0m) Playlist trip hop radio: Checked 759 tracks... Cleaned: moved 10 LIKE
[409/511] (~0.0m) Playlist hiphop get dumb radio: Checked 240 tracks... Cleaned: moved 6 LIKE
[410/511] (~0.0m) Playlist electronic chills adventure radio: Checked 304 tracks... No changes
[411/511] (~0.0m) Playlist soul kings and queens radio: Checked 351 tracks... No changes
[412/511] (~0.0m) Playlist oldies 1930-40s naptime: Checked 29 tracks... Rated 0 new tracks as LIKE (29 already rated, 0 skipped dislike)
[413/511] (~0.0m) Playlist punk 1970s radio: Checked 156 tracks... Cleaned: moved 1 LIKE
[414/511] (~0.0m) Playlist synth trip: Checked 43 tracks... Rated 0 new tracks as LIKE (43 already rated, 0 skipped dislike)
[415/511] (~0.0m) SKIPPING: 2023 Recap (empty)
[416/511] (~0.0m) Playlist jazz blue note latin: Checked 44 tracks... Rated 0 new tracks as LIKE (44 already rated, 0 skipped dislike)
[417/511] (~0.0m) SKIPPING: zp lynchian (starts with zp )
[418/511] (~0.0m) Playlist jazz ballads: Checked 89 tracks... Rated 0 new tracks as LIKE (89 already rated, 0 skipped dislike)
[419/511] (~0.0m) Playlist jazz cool: Checked 368 tracks... Rated 0 new tracks as LIKE (368 already rated, 0 skipped dislike)
[420/511] (~0.0m) Playlist instrumental ambient piano radio: Checked 135 tracks... Cleaned: moved 1 LIKE
[421/511] (~0.0m) Playlist Hip Hop 1990s east coast: Checked 29 tracks... Rated 0 new tracks as LIKE (29 already rated, 0 skipped dislike)
[422/511] (~0.0m) Playlist beats 2010s wonky LA scene: Checked 419 tracks... Rated 0 new tracks as LIKE (419 already rated, 0 skipped dislike)
[423/511] (~0.0m) Playlist jazz gloom smooth: Checked 150 tracks... Rated 0 new tracks as LIKE (150 already rated, 0 skipped dislike)
[424/511] (~0.0m) Playlist Indie 2000s: Checked 233 tracks... Rated 0 new tracks as LIKE (233 already rated, 0 skipped dislike)
[425/511] (~0.0m) Playlist blues delta roots: Checked 112 tracks... Rated 0 new tracks as LIKE (112 already rated, 0 skipped dislike)
[426/511] (~0.0m) Playlist rock 1967 Monterey Pop Festival: Checked 42 tracks... Rated 0 new tracks as LIKE (42 already rated, 0 skipped dislike)
[427/511] (~0.0m) Playlist Hip Hop 2000s southern: Checked 25 tracks... Rated 0 new tracks as LIKE (25 already rated, 0 skipped dislike)
[428/511] (~0.0m) Playlist electronic soft pad: Checked 79 tracks... Rated 0 new tracks as LIKE (79 already rated, 0 skipped dislike)
[429/511] (~0.0m) Playlist Soul Classic Sunshine: Checked 94 tracks... Rated 0 new tracks as LIKE (94 already rated, 0 skipped dislike)
[430/511] (~0.0m) Playlist rock instrumentals classic vintage: Checked 109 tracks... Rated 0 new tracks as LIKE (109 already rated, 0 skipped dislike)
[431/511] (~0.0m) Playlist rock stoner sludge dank radio: Checked 379 tracks... Cleaned: moved 3 LIKE
[432/511] (~0.0m) Playlist ambient Indie Synths: Checked 84 tracks... Rated 0 new tracks as LIKE (84 already rated, 0 skipped dislike)
[433/511] (~0.0m) Playlist christmas crooners radio: Checked 56 tracks... Cleaned: moved 2 LIKE
[434/511] (~0.0m) Playlist punk skate or die radio: Checked 87 tracks... Cleaned: moved 1 LIKE
[435/511] (~0.0m) Playlist punk 1970s: Checked 38 tracks... Rated 0 new tracks as LIKE (38 already rated, 0 skipped dislike)
[436/511] (~0.0m) Playlist xr SurfPunk: Checked 24 tracks... Rated 0 new tracks as LIKE (24 already rated, 0 skipped dislike)
[437/511] (~0.0m) Playlist xr HeadNodders: Checked 28 tracks... Rated 0 new tracks as LIKE (28 already rated, 0 skipped dislike)
[438/511] (~0.0m) Playlist xr 80sHipHop: Checked 31 tracks... Rated 0 new tracks as LIKE (31 already rated, 0 skipped dislike)
[439/511] (~0.0m) Playlist rock proto metal: Checked 29 tracks... Rated 0 new tracks as LIKE (29 already rated, 0 skipped dislike)
[440/511] (~0.0m) Playlist Indie 1990s Rock: Checked 76 tracks... Rated 0 new tracks as LIKE (76 already rated, 0 skipped dislike)
[441/511] (~0.0m) Playlist goth 1980s: Checked 15 tracks... Rated 0 new tracks as LIKE (15 already rated, 0 skipped dislike)
[442/511] (~0.0m) Playlist Indie 1990s Rock radio: Checked 121 tracks... Cleaned: moved 3 LIKE
[443/511] (~0.0m) SKIPPING: zp True Detective (starts with zp )
[444/511] (~0.0m) Playlist Indie radio: Checked 281 tracks... Cleaned: moved 9 LIKE
[445/511] (~0.0m) Playlist rock surf japanese takeshi teraichi: Checked 41 tracks... Rated 0 new tracks as LIKE (41 already rated, 0 skipped dislike)
[446/511] (~0.0m) Playlist Rock 1970s progressive: Checked 41 tracks... Rated 0 new tracks as LIKE (41 already rated, 0 skipped dislike)
[447/511] (~0.0m) SKIPPING: zp dangermouse (starts with zp )
[448/511] (~0.0m) Playlist electronic indie essentials: Checked 67 tracks... Rated 0 new tracks as LIKE (67 already rated, 0 skipped dislike)
[449/511] (~0.0m) Playlist hiphop indie: Checked 31 tracks... Rated 0 new tracks as LIKE (31 already rated, 0 skipped dislike)
[450/511] (~0.0m) SKIPPING: zp RZA (starts with zp )
[451/511] (~0.0m) Playlist Psychedelic 1960s Orchestra: Checked 17 tracks... Rated 0 new tracks as LIKE (17 already rated, 0 skipped dislike)
[452/511] (~0.0m) Playlist hawaiian steel guitar: Checked 20 tracks... Rated 0 new tracks as LIKE (20 already rated, 0 skipped dislike)
[453/511] (~0.0m) SKIPPING: 2022 Recap (empty)
[454/511] (~0.0m) Playlist rock 1960s baroque: Checked 15 tracks... Rated 0 new tracks as LIKE (15 already rated, 0 skipped dislike)
[455/511] (~0.0m) Playlist electronic house big bass: Checked 44 tracks... Rated 0 new tracks as LIKE (44 already rated, 0 skipped dislike)
[456/511] (~0.0m) Playlist Hip Hop 2000s radio: Checked 71 tracks... No changes
[457/511] (~0.0m) SKIPPING: zp world of kurt cobain (starts with zp )
[458/511] (~0.0m) Playlist rock 1970s pop singer songwriters: Checked 64 tracks... Rated 0 new tracks as LIKE (64 already rated, 0 skipped dislike)
[459/511] (~0.0m) Playlist Chillwave: Checked 366 tracks... Rated 0 new tracks as LIKE (366 already rated, 0 skipped dislike)
[460/511] (~0.0m) Playlist xr HeadNodders radio: Checked 132 tracks... Cleaned: moved 8 LIKE
[461/511] (~0.0m) Playlist xr synthrock: Checked 26 tracks... Rated 0 new tracks as LIKE (26 already rated, 0 skipped dislike)
[462/511] (~0.0m) Playlist rock 1950s roots radio: Checked 393 tracks... Cleaned: moved 7 LIKE
[463/511] (~0.0m) Playlist rock proto metal radio: Checked 97 tracks... Cleaned: moved 3 LIKE
[464/511] (~0.0m) SKIPPING: zp world of elliot smith (starts with zp )
[465/511] (~0.0m) Playlist folk fall indie chill: Checked 338 tracks... Rated 0 new tracks as LIKE (338 already rated, 0 skipped dislike)
[466/511] (~0.0m) Playlist rock 1969 Woodstock: Checked 38 tracks... Rated 0 new tracks as LIKE (38 already rated, 0 skipped dislike)
[467/511] (~0.0m) Playlist electronic frequencies radio: Checked 151 tracks... Cleaned: moved 5 LIKE
[468/511] (~0.0m) Playlist goth 1980s radio: Checked 111 tracks... Cleaned: moved 4 LIKE
[469/511] (~0.0m) Playlist hiphop soul good vibe radio: Checked 91 tracks... Cleaned: moved 6 LIKE
[470/511] (~0.0m) Playlist jazz for spies radio: Checked 53 tracks... No changes
[471/511] (~0.0m) Playlist instrumental piano classical radio: Checked 72 tracks... No changes
[472/511] (~0.0m) Playlist Rock modern The New Age of Classic radio: Checked 84 tracks... Cleaned: moved 2 LIKE
[473/511] (~0.0m) Playlist Hip Hop 1980s: Checked 25 tracks... Rated 0 new tracks as LIKE (25 already rated, 0 skipped dislike)
[474/511] (~0.0m) SKIPPING: zp world of velvet underground (starts with zp )
[475/511] (~0.0m) Playlist rock 2000s: Checked 124 tracks... Rated 0 new tracks as LIKE (124 already rated, 0 skipped dislike)
[476/511] (~0.0m) SKIPPING: zp Beatles (starts with zp )
[477/511] (~0.0m) Playlist Instrumental Acoustic Guitar Explorations: Checked 56 tracks... Rated 0 new tracks as LIKE (56 already rated, 0 skipped dislike)
[478/511] (~0.0m) Playlist my balls your chill: Checked 329 tracks... Rated 0 new tracks as LIKE (329 already rated, 0 skipped dislike)
[479/511] (~0.0m) Playlist rock Motorik: Checked 48 tracks... Rated 0 new tracks as LIKE (48 already rated, 0 skipped dislike)
[480/511] (~0.0m) Playlist rock blues: Checked 85 tracks... Rated 0 new tracks as LIKE (85 already rated, 0 skipped dislike)
[481/511] (~0.0m) SKIPPING: xr lofihiphop albums (kind: ALBUM)
[482/511] (~0.0m) Playlist blues texas roots: Checked 25 tracks... Rated 0 new tracks as LIKE (25 already rated, 0 skipped dislike)
[483/511] (~0.0m) Playlist Rock Sand Dunes & Guitars: Checked 31 tracks... Rated 0 new tracks as LIKE (31 already rated, 0 skipped dislike)
[484/511] (~0.0m) SKIPPING: bluegrass billy (cannot infer kind)
[485/511] (~0.0m) Playlist beats cosmic Slop: Checked 35 tracks... Rated 0 new tracks as LIKE (35 already rated, 0 skipped dislike)
[486/511] (~0.0m) SKIPPING: Chill Supermix (empty)
[487/511] (~0.0m) Playlist ambient haunting harmonious: Checked 139 tracks... Rated 0 new tracks as LIKE (139 already rated, 0 skipped dislike)
[488/511] (~0.0m) Playlist rock modern chill: Checked 666 tracks... Rated 0 new tracks as LIKE (666 already rated, 0 skipped dislike)
[489/511] (~0.0m) Playlist ambient Dream Pop Deep Sleep: Checked 47 tracks... Rated 0 new tracks as LIKE (47 already rated, 0 skipped dislike)
[490/511] (~0.0m) Playlist rock surf modern: Checked 56 tracks... Rated 0 new tracks as LIKE (56 already rated, 0 skipped dislike)
[491/511] (~0.0m) Playlist reggae modern: Checked 32 tracks... Rated 0 new tracks as LIKE (32 already rated, 0 skipped dislike)
[492/511] (~0.0m) Playlist rock 1980s college on air: Checked 55 tracks... Rated 0 new tracks as LIKE (55 already rated, 0 skipped dislike)
[493/511] (~0.0m) SKIPPING: zp elvis (starts with zp )
[494/511] (~0.0m) Playlist rock Deep Cut Kick Back: Checked 55 tracks... Rated 0 new tracks as LIKE (55 already rated, 0 skipped dislike)
[495/511] (~0.0m) Playlist electronic 2010s: Checked 50 tracks... Rated 0 new tracks as LIKE (50 already rated, 0 skipped dislike)
[496/511] (~0.0m) Playlist electronic Analog Grooves: Checked 101 tracks... Rated 0 new tracks as LIKE (101 already rated, 0 skipped dislike)
[497/511] (~0.0m) Playlist electronic house dj: Checked 90 tracks... Rated 0 new tracks as LIKE (90 already rated, 0 skipped dislike)
[498/511] (~0.0m) SKIPPING: zp Pink Floyd epic (starts with zp )
[499/511] (~0.0m) SKIPPING: zq dj edits (starts with zq )
[500/511] (~0.0m) Playlist soul rock covers: Checked 25 tracks... Rated 0 new tracks as LIKE (25 already rated, 0 skipped dislike)
[501/511] (~0.0m) Playlist hiphop trap rap dj: Checked 41 tracks... Rated 0 new tracks as LIKE (41 already rated, 0 skipped dislike)
[502/511] (~0.0m) SKIPPING: zq dj remix (starts with zq )
[503/511] (~0.0m) Playlist hiphop futurebeats: Checked 56 tracks... Rated 0 new tracks as LIKE (56 already rated, 0 skipped dislike)
[504/511] (~0.0m) Playlist soul rnb dj: Checked 42 tracks... Rated 0 new tracks as LIKE (42 already rated, 0 skipped dislike)
[505/511] (~0.0m) Playlist nudisco smooth: Checked 46 tracks... Rated 0 new tracks as LIKE (46 already rated, 0 skipped dislike)
[506/511] (~0.0m) Playlist electronic hard dj: Checked 27 tracks... Rated 0 new tracks as LIKE (27 already rated, 0 skipped dislike)
[507/511] (~0.0m) Playlist ambiant electro: Checked 65 tracks... Rated 0 new tracks as LIKE (65 already rated, 0 skipped dislike)
[508/511] (~0.0m) Playlist ambient BOC: Checked 41 tracks... Rated 0 new tracks as LIKE (41 already rated, 0 skipped dislike)
[509/511] (~0.0m) SKIPPING: y 2019 top 50 albums (starts with y )
[510/511] (~0.0m) SKIPPING: y 2018 top 50 albums (starts with y )
[511/511] (~0.0m) SKIPPING: Episodes for Later (empty)
Final Playlist Cleanup Counters:
                                        count
playlists_processed                       511
playlist_is_empty                          10
playlist_skip_starts_with_zz not like       3
playlist_kind_not_inferred                 18
playlist_kind_is_indifferent              173
track_processed                        120893
track_rating_exists                    117970
track_rating_is_none                     2923
playlist_kind_is_like                     230
playlist_skip_starts_with_y                37
playlist_kind_is_album                     20
playlist_kind_in_playlist_skip_list        20
playlist_skip_starts_with_zq                5
playlist_skip_starts_with_zp               15
Playlist cleanup completed successfully.
Completed in 20.9 minutes
