	title	artist	album	likeStatus	duration	videoId	albumId	artistId
153	Say the Name	clipping.	Visions of Bodies Being Burned	LIKE	5:00	qRSuJh8azms	MPREb_6b0ribtqTtJ	UCIahymQzVz4bXn1DrDB3gtg
164	Eaten Alive	clipping.	Visions of Bodies Being Burned	LIKE	5:42	fZJmCBwyltI	MPREb_6b0ribtqTtJ	UCIahymQzVz4bXn1DrDB3gtg
96	Valleys	Working Men's Club	Working Men's Club	LIKE	6:31	mVfcsKYvSK8	MPREb_Z3nDwEbj9Yi	UCnku5SX8dIE-AQ8S0T1kj2Q
98	John Cooper Clarke	Working Men's Club	Working Men's Club	LIKE	5:28	ortHnqOoQB0	MPREb_Z3nDwEbj9Yi	UCnku5SX8dIE-AQ8S0T1kj2Q
100	Outside	Working Men's Club	Working Men's Club	LIKE	2:52	0HOJ0tDRi1Q	MPREb_Z3nDwEbj9Yi	UCnku5SX8dIE-AQ8S0T1kj2Q
224	Right Round The Clock	Sorry	925	LIKE	4:05	Tu6iTmxw1ks	MPREb_6cd4p39vsII	UCnCZ8fBkvrjyDh7yV1mEdiw
225	In Unison	Sorry	925	LIKE	2:48	J4h-3iMHOA0	MPREb_6cd4p39vsII	UCnCZ8fBkvrjyDh7yV1mEdiw
226	Snakes	Sorry	925	LIKE	3:42	U5yjFD9mkQA	MPREb_6cd4p39vsII	UCnCZ8fBkvrjyDh7yV1mEdiw
228	Rosie	Sorry	925	LIKE	3:51	uLbyNCc0lBM	MPREb_6cd4p39vsII	UCnCZ8fBkvrjyDh7yV1mEdiw
229	Perfect	Sorry	925	LIKE	2:46	nhg160mpuUU	MPREb_6cd4p39vsII	UCnCZ8fBkvrjyDh7yV1mEdiw
541	Death Parade	Open Mike Eagle	Anime, Trauma and Divorce	LIKE	2:25	Tzy3fapJfuk	MPREb_pHxHpD0btLK	UC6AnfwHsEIY-zn4Rbp3Plfg
542	Headass (Idiot Shinji) (feat. Video Dave)	Open Mike Eagle	Anime, Trauma and Divorce	LIKE	3:23	j8TbhrkvcMo	MPREb_pHxHpD0btLK	UC6AnfwHsEIY-zn4Rbp3Plfg
543	Sweatpants Spiderman	Open Mike Eagle	Anime, Trauma and Divorce	LIKE	2:38	TgUoZcXa2ME	MPREb_pHxHpD0btLK	UC6AnfwHsEIY-zn4Rbp3Plfg
545	Asa's Bop (feat. Little A$e)	Open Mike Eagle	Anime, Trauma and Divorce	LIKE	2:40	XJDTIgcnuts	MPREb_pHxHpD0btLK	UC6AnfwHsEIY-zn4Rbp3Plfg
546	The Edge of New Clothes	Open Mike Eagle	Anime, Trauma and Divorce	LIKE	3:10	yUlTgQeyNpA	MPREb_pHxHpD0btLK	UC6AnfwHsEIY-zn4Rbp3Plfg
548	The Black Mirror Episode	Open Mike Eagle	Anime, Trauma and Divorce	LIKE	3:02	R7Fs5uuAlnk	MPREb_pHxHpD0btLK	UC6AnfwHsEIY-zn4Rbp3Plfg
550	I'm a Joestar (Black Power Fantasy)	Open Mike Eagle	Anime, Trauma and Divorce	LIKE	3:04	kaXPiBnG7dw	MPREb_pHxHpD0btLK	UC6AnfwHsEIY-zn4Rbp3Plfg
1	Cut Me	Moses Sumney	græ	LIKE	4:11	RdSATEWIq8I	MPREb_rKQvG8eJRMm	UCqz3husWGRPGPNopn5jQrKg
8	Colouour	Moses Sumney	græ	LIKE	3:08	dZIEV9_Zu4Y	MPREb_rKQvG8eJRMm	UCqz3husWGRPGPNopn5jQrKg
15	Keeps Me Alive	Moses Sumney	græ	LIKE	2:57	0wPQ9VCR5lk	MPREb_rKQvG8eJRMm	UCqz3husWGRPGPNopn5jQrKg
106	Shots Fired	Megan Thee Stallion	Good News	LIKE	2:51	xpwf21iE66A	MPREb_W6hcsMORg1R	UCZBf6sY19D8pN4JIxP9PE3Q
123	Baby Pluto	Lil Uzi Vert	Eternal Atake	LIKE	3:31	k6bwOZW15gM	MPREb_D9SOOCh4tR6	UCybEdRVR5u_WFoV-BLTEBiA
128	Bigger Than Life	Lil Uzi Vert	Eternal Atake	LIKE	3:13	BNuca5CZxe8	MPREb_D9SOOCh4tR6	UCybEdRVR5u_WFoV-BLTEBiA
135	P2	Lil Uzi Vert	Eternal Atake	LIKE	3:55	Wc9XOmBKpsA	MPREb_D9SOOCh4tR6	UCybEdRVR5u_WFoV-BLTEBiA
136	Futsal Shuffle 2020 (Bonus Track)	Lil Uzi Vert	Eternal Atake	LIKE	3:19	l0aatO_0Dbk	MPREb_D9SOOCh4tR6	UCybEdRVR5u_WFoV-BLTEBiA
379	Sum 2 Prove	Lil Baby	My Turn	LIKE	3:26	6-Sr7ZEHUZg	MPREb_LFXVnNQWjBd	UC_z9AthnCGSAk_tZf-KqoFA
30	Bittersweet (Full Length)	Lianne La Havas	Lianne La Havas	LIKE	4:53	W6Ak2_TJ5zs	MPREb_qInZNzoUnFR	UCvps3soFaHEZy5Yx0aatUlA
33	Can't Fight	Lianne La Havas	Lianne La Havas	LIKE	3:11	jxPSRHJ57SU	MPREb_qInZNzoUnFR	UCvps3soFaHEZy5Yx0aatUlA
36	Weird Fishes	Lianne La Havas	Lianne La Havas	LIKE	5:55	uegfE22dmSY	MPREb_qInZNzoUnFR	UCvps3soFaHEZy5Yx0aatUlA
37	Please Don't Make Me Cry	Lianne La Havas	Lianne La Havas	LIKE	5:15	8n01dSyjwUM	MPREb_qInZNzoUnFR	UCvps3soFaHEZy5Yx0aatUlA
21	Held Down	Laura Marling	Song For Our Daughter	LIKE	4:08	aNTd9BYAZd8	MPREb_fMscGuhDTDO	UCF73mrc2GIILbeCLzHUGbTg
23	Only The Strong	Laura Marling	Song For Our Daughter	LIKE	3:21	eFNV2EDSnsc	MPREb_fMscGuhDTDO	UCF73mrc2GIILbeCLzHUGbTg
29	For You	Laura Marling	Song For Our Daughter	LIKE	3:58	EqR1AdqFvQI	MPREb_fMscGuhDTDO	UCF73mrc2GIILbeCLzHUGbTg
752	Grieving (feat. James Blake)	Kehlani	It Was Good Until It Wasn't	LIKE	3:51	RBHdDCJE1kM	MPREb_3Yk9s68h7vU	UCONwFIjhxe4MR2sY3Cv0adA
85	Build a Nest (feat. Ruby Parker)	Jeff Parker	Suite for Max Brown	LIKE	2:14	jouXlj50caU	MPREb_XaonGWI7oWw	UCgf0KjUuZ6cCTzpJFIp9U0Q
90	Gnarciss	Jeff Parker	Suite for Max Brown	LIKE	2:13	6_rxU5i2aBk	MPREb_XaonGWI7oWw	UCgf0KjUuZ6cCTzpJFIp9U0Q
92	Del Rio	Jeff Parker	Suite for Max Brown	LIKE	1:39	UuQaU9I_7ZI	MPREb_XaonGWI7oWw	UCgf0KjUuZ6cCTzpJFIp9U0Q
93	3 for L	Jeff Parker	Suite for Max Brown	LIKE	4:48	854tP2dmzfs	MPREb_XaonGWI7oWw	UCgf0KjUuZ6cCTzpJFIp9U0Q
138	Big Conspiracy (feat. iceè tgm)	J Hus	Big Conspiracy	LIKE	3:39	FhezsLz5SHw	MPREb_U1405vZrWr0	UCKacngDrA2gReTn0FrQSeYg
141	Triumph	J Hus	Big Conspiracy	LIKE	2:51	t1En3bW_iJQ	MPREb_U1405vZrWr0	UCKacngDrA2gReTn0FrQSeYg
190	Started Out	Georgia	Seeking Thrills	LIKE	3:41	0KIo4krtAfI	MPREb_qwIYUK1ubPw	UCxvAuT4teHaw0hwN__QGNMw
645	Slingshot	Cornershop	England is a Garden	LIKE	5:16	Du3JaMpWzN8	MPREb_pEOKRCr6LzY	UC1gtYwNtvygcHZ6xDIlIXyw
58	Boomer	Bartees Strange	Live Forever	LIKE	3:18	HtctRUIsu_s	MPREb_FIiOg5VVw8P	UCepVyf2BJlU7ARinz3fHaSQ
67	Si Veo a Tu Mamá	Bad Bunny	YHLQMDLG	LIKE	2:50	YO9xuiSsHL8	MPREb_QR54wuCKDeh	UCiY3z8HAGD6BlSNKVn2kSvQ
68	Pero Ya No	Bad Bunny	YHLQMDLG	LIKE	2:40	7Jgw6oKS_yk	MPREb_QR54wuCKDeh	UCiY3z8HAGD6BlSNKVn2kSvQ
70	Yo Perreo Sola	Bad Bunny	YHLQMDLG	LIKE	2:52	HOXll3IdeKA	MPREb_QR54wuCKDeh	UCiY3z8HAGD6BlSNKVn2kSvQ
82	P FKN R	Bad Bunny	YHLQMDLG	LIKE	4:18	bSzhJHjNW18	MPREb_QR54wuCKDeh	UCiY3z8HAGD6BlSNKVn2kSvQ
84	<3	Bad Bunny	YHLQMDLG	LIKE	2:37	5GMeiLZUdUQ	MPREb_QR54wuCKDeh	UCiY3z8HAGD6BlSNKVn2kSvQ
255	I Thot There Was One Wound in This House, There's Two	keiyaA	Forever, Ya Girl	INDIFFERENT	2:18	TkdvasDHYZ4	MPREb_nbs3kTQrFUB	UCHQ3keDBuH9qq53Jkeb2glQ
256	Way Eye	keiyaA	Forever, Ya Girl	INDIFFERENT	1:19	xEdgJwZBOl8	MPREb_nbs3kTQrFUB	UCHQ3keDBuH9qq53Jkeb2glQ
257	Rectifiya	keiyaA	Forever, Ya Girl	INDIFFERENT	3:59	brphzUjjrNs	MPREb_nbs3kTQrFUB	UCHQ3keDBuH9qq53Jkeb2glQ
258	Hvnli	keiyaA	Forever, Ya Girl	INDIFFERENT	3:10	SlpVGiRWnb0	MPREb_nbs3kTQrFUB	UCHQ3keDBuH9qq53Jkeb2glQ
259	Hvnli (reprise)	keiyaA	Forever, Ya Girl	INDIFFERENT	1:47	SJU5plMIaSM	MPREb_nbs3kTQrFUB	UCHQ3keDBuH9qq53Jkeb2glQ
260	Do Yourself a Favor	keiyaA	Forever, Ya Girl	INDIFFERENT	4:29	a5SW8Vqa2NA	MPREb_nbs3kTQrFUB	UCHQ3keDBuH9qq53Jkeb2glQ
261	A Mile, a Way	keiyaA	Forever, Ya Girl	INDIFFERENT	2:14	rFL8tBl4xig	MPREb_nbs3kTQrFUB	UCHQ3keDBuH9qq53Jkeb2glQ
262	I Want My Things!	keiyaA	Forever, Ya Girl	INDIFFERENT	2:23	QiCYWQiAb98	MPREb_nbs3kTQrFUB	UCHQ3keDBuH9qq53Jkeb2glQ
263	Change the Story (interlude)	keiyaA	Forever, Ya Girl	INDIFFERENT	0:22	SaVXqjyxpRY	MPREb_nbs3kTQrFUB	UCHQ3keDBuH9qq53Jkeb2glQ
264	Every Nigga Is a Star	keiyaA	Forever, Ya Girl	INDIFFERENT	2:38	RK6eZZrB9lw	MPREb_nbs3kTQrFUB	UCHQ3keDBuH9qq53Jkeb2glQ
265	I! Gits! Weary!	keiyaA	Forever, Ya Girl	INDIFFERENT	2:07	w51ogcxneRU	MPREb_nbs3kTQrFUB	UCHQ3keDBuH9qq53Jkeb2glQ
266	Negus Poem 1 & 2	keiyaA	Forever, Ya Girl	INDIFFERENT	3:35	PdrVi_fwnXQ	MPREb_nbs3kTQrFUB	UCHQ3keDBuH9qq53Jkeb2glQ
267	Forreal???	keiyaA	Forever, Ya Girl	INDIFFERENT	2:40	KEmhvbPzdms	MPREb_nbs3kTQrFUB	UCHQ3keDBuH9qq53Jkeb2glQ
268	F.w.u.	keiyaA	Forever, Ya Girl	INDIFFERENT	3:01	IqQX5fnBkx0	MPREb_nbs3kTQrFUB	UCHQ3keDBuH9qq53Jkeb2glQ
269	Nu World Burdens	keiyaA	Forever, Ya Girl	INDIFFERENT	3:25	eNYh8wzAkYo	MPREb_nbs3kTQrFUB	UCHQ3keDBuH9qq53Jkeb2glQ
270	Keep It Real	keiyaA	Forever, Ya Girl	INDIFFERENT	3:02	iwFMwNLwR4g	MPREb_nbs3kTQrFUB	UCHQ3keDBuH9qq53Jkeb2glQ
152	Intro	clipping.	Visions of Bodies Being Burned	INDIFFERENT	2:21	-_I313pchBo	MPREb_6b0ribtqTtJ	UCIahymQzVz4bXn1DrDB3gtg
154	Wytchboard (Interlude)	clipping.	Visions of Bodies Being Burned	INDIFFERENT	0:31	8OnQmCVaK9s	MPREb_6b0ribtqTtJ	UCIahymQzVz4bXn1DrDB3gtg
155	'96 Neve Campbell	clipping.	Visions of Bodies Being Burned	INDIFFERENT	3:22	5KsF2K19xkw	MPREb_6b0ribtqTtJ	UCIahymQzVz4bXn1DrDB3gtg
156	Something Underneath	clipping.	Visions of Bodies Being Burned	INDIFFERENT	2:36	SA7TOkO8d7k	MPREb_6b0ribtqTtJ	UCIahymQzVz4bXn1DrDB3gtg
157	Make Them Dead	clipping.	Visions of Bodies Being Burned	INDIFFERENT	4:07	ubtUNDTRfwg	MPREb_6b0ribtqTtJ	UCIahymQzVz4bXn1DrDB3gtg
158	She Bad	clipping.	Visions of Bodies Being Burned	INDIFFERENT	3:27	abN2Hqlvz9E	MPREb_6b0ribtqTtJ	UCIahymQzVz4bXn1DrDB3gtg
159	Invocation (Interlude)	clipping.	Visions of Bodies Being Burned	INDIFFERENT	1:13	Qc59gqK-nvY	MPREb_6b0ribtqTtJ	UCIahymQzVz4bXn1DrDB3gtg
160	Pain Everyday	clipping.	Visions of Bodies Being Burned	INDIFFERENT	3:40	u5uqBIKhYPI	MPREb_6b0ribtqTtJ	UCIahymQzVz4bXn1DrDB3gtg
161	Check the Lock	clipping.	Visions of Bodies Being Burned	INDIFFERENT	3:38	aQNPlCcsop8	MPREb_6b0ribtqTtJ	UCIahymQzVz4bXn1DrDB3gtg
162	Looking Like Meat	clipping.	Visions of Bodies Being Burned	INDIFFERENT	3:30	PdU1OD7Itwo	MPREb_6b0ribtqTtJ	UCIahymQzVz4bXn1DrDB3gtg
163	Drove (Interlude)	clipping.	Visions of Bodies Being Burned	INDIFFERENT	0:52	Qh4eTariaE4	MPREb_6b0ribtqTtJ	UCIahymQzVz4bXn1DrDB3gtg
165	Body for the Pile	clipping.	Visions of Bodies Being Burned	INDIFFERENT	4:25	AmgyVPI9oDg	MPREb_6b0ribtqTtJ	UCIahymQzVz4bXn1DrDB3gtg
166	Enlacing	clipping.	Visions of Bodies Being Burned	INDIFFERENT	4:44	vOjXtyJXAUg	MPREb_6b0ribtqTtJ	UCIahymQzVz4bXn1DrDB3gtg
167	Secret Piece	clipping.	Visions of Bodies Being Burned	INDIFFERENT	3:42	CYAF5Nm2DnM	MPREb_6b0ribtqTtJ	UCIahymQzVz4bXn1DrDB3gtg
178	Care	beabadoobee	Fake It Flowers	INDIFFERENT	3:16	M9QPzGBIZsY	MPREb_PJALOB1Ii9H	UCcGMuu89vageEKV8zUKhwdA
179	Worth It	beabadoobee	Fake It Flowers	INDIFFERENT	3:15	0twrmrG_s9g	MPREb_PJALOB1Ii9H	UCcGMuu89vageEKV8zUKhwdA
180	Dye It Red	beabadoobee	Fake It Flowers	INDIFFERENT	3:10	sMvTB9UHPBY	MPREb_PJALOB1Ii9H	UCcGMuu89vageEKV8zUKhwdA
181	Back To Mars	beabadoobee	Fake It Flowers	INDIFFERENT	1:31	eBpTlKVK--4	MPREb_PJALOB1Ii9H	UCcGMuu89vageEKV8zUKhwdA
182	Charlie Brown	beabadoobee	Fake It Flowers	INDIFFERENT	2:33	n2Cuca6ISzQ	MPREb_PJALOB1Ii9H	UCcGMuu89vageEKV8zUKhwdA
183	Emo Song	beabadoobee	Fake It Flowers	INDIFFERENT	3:39	36w9rF9h1l8	MPREb_PJALOB1Ii9H	UCcGMuu89vageEKV8zUKhwdA
184	Sorry	beabadoobee	Fake It Flowers	INDIFFERENT	3:54	TAFcCDoIos8	MPREb_PJALOB1Ii9H	UCcGMuu89vageEKV8zUKhwdA
185	Further Away	beabadoobee	Fake It Flowers	INDIFFERENT	3:08	WMweFzKcF9I	MPREb_PJALOB1Ii9H	UCcGMuu89vageEKV8zUKhwdA
186	Horen Sarrison	beabadoobee	Fake It Flowers	INDIFFERENT	5:36	p9somzQe4ik	MPREb_PJALOB1Ii9H	UCcGMuu89vageEKV8zUKhwdA
187	How Was Your Day?	beabadoobee	Fake It Flowers	INDIFFERENT	4:21	fCjm0dQuXAY	MPREb_PJALOB1Ii9H	UCcGMuu89vageEKV8zUKhwdA
188	Together	beabadoobee	Fake It Flowers	INDIFFERENT	3:21	zcFxYTqevYs	MPREb_PJALOB1Ii9H	UCcGMuu89vageEKV8zUKhwdA
189	Yoshimi, Forest, Magdalene	beabadoobee	Fake It Flowers	INDIFFERENT	3:25	Vie4FKNvZMA	MPREb_PJALOB1Ii9H	UCcGMuu89vageEKV8zUKhwdA
676	Momo	bdrmm	Bedroom	INDIFFERENT	3:36	B1cNjUCMcBk	MPREb_im9eq1fidqu	UC1cS2C5jCNn4cEtLcfHjolg
677	Push / Pull	bdrmm	Bedroom	INDIFFERENT	4:51	Ah9NNuyoYA8	MPREb_im9eq1fidqu	UC1cS2C5jCNn4cEtLcfHjolg
678	A Reason to Celebrate	bdrmm	Bedroom	INDIFFERENT	3:45	cGXIln3t1K8	MPREb_im9eq1fidqu	UC1cS2C5jCNn4cEtLcfHjolg
679	Gush	bdrmm	Bedroom	INDIFFERENT	3:47	88rtCfVEB0I	MPREb_im9eq1fidqu	UC1cS2C5jCNn4cEtLcfHjolg
680	Happy	bdrmm	Bedroom	INDIFFERENT	3:47	C8au6xp7G_g	MPREb_im9eq1fidqu	UC1cS2C5jCNn4cEtLcfHjolg
681	(The Silence)	bdrmm	Bedroom	INDIFFERENT	2:44	SVLwIPVoZGY	MPREb_im9eq1fidqu	UC1cS2C5jCNn4cEtLcfHjolg
682	(Un)Happy	bdrmm	Bedroom	INDIFFERENT	3:24	6MTxDBEZXz8	MPREb_im9eq1fidqu	UC1cS2C5jCNn4cEtLcfHjolg
683	If....	bdrmm	Bedroom	INDIFFERENT	4:52	zVT6ztIVh6U	MPREb_im9eq1fidqu	UC1cS2C5jCNn4cEtLcfHjolg
684	Is That What You Wanted to Hear?	bdrmm	Bedroom	INDIFFERENT	5:18	WdWHCEgJmgo	MPREb_im9eq1fidqu	UC1cS2C5jCNn4cEtLcfHjolg
685	Forget the Credits	bdrmm	Bedroom	INDIFFERENT	5:45	J3Ccp2yblxU	MPREb_im9eq1fidqu	UC1cS2C5jCNn4cEtLcfHjolg
1006	ALPHABETLAND	X	ALPHABETLAND	INDIFFERENT	2:59	VGEQJsptp3k	MPREb_Ao1B8ZdNVcx	UC6oJrNTRJ6cJGCIJQ5GHf5w
1007	Free	X	ALPHABETLAND	INDIFFERENT	2:15	uin_FPOjRPQ	MPREb_Ao1B8ZdNVcx	UC6oJrNTRJ6cJGCIJQ5GHf5w
1008	Water & Wine	X	ALPHABETLAND	INDIFFERENT	2:40	zstnByjnWrA	MPREb_Ao1B8ZdNVcx	UC6oJrNTRJ6cJGCIJQ5GHf5w
1009	Strange Life	X	ALPHABETLAND	INDIFFERENT	2:35	Ckd7CzX50tA	MPREb_Ao1B8ZdNVcx	UC6oJrNTRJ6cJGCIJQ5GHf5w
1010	I Gotta Fever	X	ALPHABETLAND	INDIFFERENT	2:28	jJCU_hse4sQ	MPREb_Ao1B8ZdNVcx	UC6oJrNTRJ6cJGCIJQ5GHf5w
1011	Delta 88 Nightmare	X	ALPHABETLAND	INDIFFERENT	1:38	qYV7OSswNeU	MPREb_Ao1B8ZdNVcx	UC6oJrNTRJ6cJGCIJQ5GHf5w
1012	Star Chambered	X	ALPHABETLAND	INDIFFERENT	2:18	ezKWPbClXk4	MPREb_Ao1B8ZdNVcx	UC6oJrNTRJ6cJGCIJQ5GHf5w
1013	Angel on the Road	X	ALPHABETLAND	INDIFFERENT	2:50	SEDxPyVsuKM	MPREb_Ao1B8ZdNVcx	UC6oJrNTRJ6cJGCIJQ5GHf5w
1014	Cyrano deBerger's Back	X	ALPHABETLAND	INDIFFERENT	3:05	XSAXwhXXRnk	MPREb_Ao1B8ZdNVcx	UC6oJrNTRJ6cJGCIJQ5GHf5w
1015	Goodbye Year, Goodbye	X	ALPHABETLAND	INDIFFERENT	2:17	_7CpXMbPfSc	MPREb_Ao1B8ZdNVcx	UC6oJrNTRJ6cJGCIJQ5GHf5w
1016	All the Time in the World	X	ALPHABETLAND	INDIFFERENT	2:06	W33alyqV_cg	MPREb_Ao1B8ZdNVcx	UC6oJrNTRJ6cJGCIJQ5GHf5w
97	A.A.A.A.	Working Men's Club	Working Men's Club	INDIFFERENT	3:07	7w1yWl2bgVM	MPREb_Z3nDwEbj9Yi	UCnku5SX8dIE-AQ8S0T1kj2Q
99	White Rooms and People	Working Men's Club	Working Men's Club	INDIFFERENT	2:31	gagyh1-9zuk	MPREb_Z3nDwEbj9Yi	UCnku5SX8dIE-AQ8S0T1kj2Q
101	Be My Guest	Working Men's Club	Working Men's Club	INDIFFERENT	3:57	Y8Qw9CuEmmc	MPREb_Z3nDwEbj9Yi	UCnku5SX8dIE-AQ8S0T1kj2Q
102	Tomorrow	Working Men's Club	Working Men's Club	INDIFFERENT	4:05	Jm6UaS09FR0	MPREb_Z3nDwEbj9Yi	UCnku5SX8dIE-AQ8S0T1kj2Q
104	Teeth	Working Men's Club	Working Men's Club	INDIFFERENT	3:42	Zv2lIjBj3Do	MPREb_Z3nDwEbj9Yi	UCnku5SX8dIE-AQ8S0T1kj2Q
105	Angel	Working Men's Club	Working Men's Club	INDIFFERENT	12:30	wsgjt1jC3Pc	MPREb_Z3nDwEbj9Yi	UCnku5SX8dIE-AQ8S0T1kj2Q
795	Be Like Them	Wire	Mind Hive	INDIFFERENT	3:52	KNL9t6yY-80	MPREb_fXZjySjm94Z	UCJOW5ijQ4MFnvZxhdCHha6Q
796	Cactused	Wire	Mind Hive	INDIFFERENT	3:34	QaEIw-7-LBM	MPREb_fXZjySjm94Z	UCJOW5ijQ4MFnvZxhdCHha6Q
797	Primed And Ready	Wire	Mind Hive	INDIFFERENT	2:43	EwpXpAfYL6s	MPREb_fXZjySjm94Z	UCJOW5ijQ4MFnvZxhdCHha6Q
798	Off The Beach	Wire	Mind Hive	INDIFFERENT	2:22	Hy2j_6pfkR0	MPREb_fXZjySjm94Z	UCJOW5ijQ4MFnvZxhdCHha6Q
799	Unrepentant	Wire	Mind Hive	INDIFFERENT	5:02	XE2h0e5TRPY	MPREb_fXZjySjm94Z	UCJOW5ijQ4MFnvZxhdCHha6Q
800	Shadows	Wire	Mind Hive	INDIFFERENT	2:45	da0qSwvIeFM	MPREb_fXZjySjm94Z	UCJOW5ijQ4MFnvZxhdCHha6Q
801	Oklahoma	Wire	Mind Hive	INDIFFERENT	3:08	Accgv5SxKTo	MPREb_fXZjySjm94Z	UCJOW5ijQ4MFnvZxhdCHha6Q
802	Hung	Wire	Mind Hive	INDIFFERENT	7:54	XXHCINub1Rs	MPREb_fXZjySjm94Z	UCJOW5ijQ4MFnvZxhdCHha6Q
803	Humming	Wire	Mind Hive	INDIFFERENT	3:29	72vTexeH6ew	MPREb_fXZjySjm94Z	UCJOW5ijQ4MFnvZxhdCHha6Q
694	For Whom the Bell Tolls	William Basinski	Lamentations	INDIFFERENT	4:11	aNE6ToemlT4	MPREb_r1V7BRakUwC	UCi6J6_Fl9zUHMFmduDLISfw
695	The Wheel of Fortune	William Basinski	Lamentations	INDIFFERENT	3:21	Rzn85QfsdoE	MPREb_r1V7BRakUwC	UCi6J6_Fl9zUHMFmduDLISfw
696	Paradise Lost	William Basinski	Lamentations	INDIFFERENT	1:23	AskqymhHp-E	MPREb_r1V7BRakUwC	UCi6J6_Fl9zUHMFmduDLISfw
697	Tear Vial	William Basinski	Lamentations	INDIFFERENT	4:46	oncWToKAZ2M	MPREb_r1V7BRakUwC	UCi6J6_Fl9zUHMFmduDLISfw
698	O, My Daughter, O, My Sorrow	William Basinski	Lamentations	INDIFFERENT	6:44	rkjxsXtn0A4	MPREb_r1V7BRakUwC	UCi6J6_Fl9zUHMFmduDLISfw
699	Passio	William Basinski	Lamentations	INDIFFERENT	6:22	MhUSYKLHJ1Q	MPREb_r1V7BRakUwC	UCi6J6_Fl9zUHMFmduDLISfw
700	Punch and Judy	William Basinski	Lamentations	INDIFFERENT	3:07	Zf37hcViBpw	MPREb_r1V7BRakUwC	UCi6J6_Fl9zUHMFmduDLISfw
701	Silent Spring	William Basinski	Lamentations	INDIFFERENT	6:21	DRgshcEw_ak	MPREb_r1V7BRakUwC	UCi6J6_Fl9zUHMFmduDLISfw
702	Transfiguration	William Basinski	Lamentations	INDIFFERENT	3:38	62QJYu7Gzis	MPREb_r1V7BRakUwC	UCi6J6_Fl9zUHMFmduDLISfw
703	All These Too, I, I Love	William Basinski	Lamentations	INDIFFERENT	11:07	WMTcY4WqfJI	MPREb_r1V7BRakUwC	UCi6J6_Fl9zUHMFmduDLISfw
704	Please, This Shit Has Got To Stop	William Basinski	Lamentations	INDIFFERENT	5:05	xlFLXah2tsQ	MPREb_r1V7BRakUwC	UCi6J6_Fl9zUHMFmduDLISfw
705	Fin	William Basinski	Lamentations	INDIFFERENT	1:38	X3VliZ5ZFvw	MPREb_r1V7BRakUwC	UCi6J6_Fl9zUHMFmduDLISfw
728	Hashish	Thurston Moore	By The Fire	INDIFFERENT	5:47	jjBElE1N0X0	MPREb_RRHH4dxd9Wx	UCgLSOzdDwoSHjc_ofaCxsTw
729	Cantaloupe	Thurston Moore	By The Fire	INDIFFERENT	4:45	74DArFxxlCw	MPREb_RRHH4dxd9Wx	UCgLSOzdDwoSHjc_ofaCxsTw
730	Breath	Thurston Moore	By The Fire	INDIFFERENT	10:49	sWAW-0DSqlo	MPREb_RRHH4dxd9Wx	UCgLSOzdDwoSHjc_ofaCxsTw
731	Siren	Thurston Moore	By The Fire	INDIFFERENT	12:18	qQ0TtgsV1fY	MPREb_RRHH4dxd9Wx	UCgLSOzdDwoSHjc_ofaCxsTw
732	Calligraphy	Thurston Moore	By The Fire	INDIFFERENT	5:21	hUatl_BAvVc	MPREb_RRHH4dxd9Wx	UCgLSOzdDwoSHjc_ofaCxsTw
733	Locomotives	Thurston Moore	By The Fire	INDIFFERENT	16:49	RUPhhWhl_2A	MPREb_RRHH4dxd9Wx	UCgLSOzdDwoSHjc_ofaCxsTw
734	Dreamers Work	Thurston Moore	By The Fire	INDIFFERENT	4:58	3X5oK_61ETQ	MPREb_RRHH4dxd9Wx	UCgLSOzdDwoSHjc_ofaCxsTw
735	They Believe In Love [When They Look At You]	Thurston Moore	By The Fire	INDIFFERENT	7:51	qP8MeejNkK0	MPREb_RRHH4dxd9Wx	UCgLSOzdDwoSHjc_ofaCxsTw
736	Venus	Thurston Moore	By The Fire	INDIFFERENT	13:45	31QEuSXHRvQ	MPREb_RRHH4dxd9Wx	UCgLSOzdDwoSHjc_ofaCxsTw
786	My Own Soul’s Warning	The Killers	Imploding The Mirage	INDIFFERENT	4:35	DL5hTUNoljQ	MPREb_PO0Tqixi0jF	UCneQ7UWyu9USLDgMya6T7IA
787	Blowback	The Killers	Imploding The Mirage	INDIFFERENT	4:00	vftnkHjTxs4	MPREb_PO0Tqixi0jF	UCneQ7UWyu9USLDgMya6T7IA
788	Dying Breed	The Killers	Imploding The Mirage	INDIFFERENT	4:06	rGQq_qVFMYo	MPREb_PO0Tqixi0jF	UCneQ7UWyu9USLDgMya6T7IA
789	Caution	The Killers	Imploding The Mirage	INDIFFERENT	4:30	DOfiCemXPEs	MPREb_PO0Tqixi0jF	UCneQ7UWyu9USLDgMya6T7IA
790	Fire In Bone	The Killers	Imploding The Mirage	INDIFFERENT	3:54	lviEMWa9aJk	MPREb_PO0Tqixi0jF	UCneQ7UWyu9USLDgMya6T7IA
791	Running Towards A Place	The Killers	Imploding The Mirage	INDIFFERENT	4:14	pdoopHVTdUA	MPREb_PO0Tqixi0jF	UCneQ7UWyu9USLDgMya6T7IA
792	My God (feat. Weyes Blood & Lucius)	The Killers	Imploding The Mirage	INDIFFERENT	3:39	7W8ghuBKBkc	MPREb_PO0Tqixi0jF	UCneQ7UWyu9USLDgMya6T7IA
793	When The Dreams Run Dry	The Killers	Imploding The Mirage	INDIFFERENT	4:43	0fCzAzNq0e8	MPREb_PO0Tqixi0jF	UCneQ7UWyu9USLDgMya6T7IA
794	Imploding The Mirage	The Killers	Imploding The Mirage	INDIFFERENT	4:08	hrazTo8xVds	MPREb_PO0Tqixi0jF	UCneQ7UWyu9USLDgMya6T7IA
834	Goodbye	The Cribs	Night Network	INDIFFERENT	2:40	KSGAa9mG0CM	MPREb_cmurJC9NOjt	UCq1Up7uNKqgIvC3vJQ75czw
835	Running Into You	The Cribs	Night Network	INDIFFERENT	2:52	fsu0UkUGWMQ	MPREb_cmurJC9NOjt	UCq1Up7uNKqgIvC3vJQ75czw
836	Screaming In Suburbia	The Cribs	Night Network	INDIFFERENT	3:50	1NRQBRbc6UQ	MPREb_cmurJC9NOjt	UCq1Up7uNKqgIvC3vJQ75czw
837	Never Thought I'd Feel Again	The Cribs	Night Network	INDIFFERENT	4:10	JqpnRK3llo0	MPREb_cmurJC9NOjt	UCq1Up7uNKqgIvC3vJQ75czw
838	Deep Infatuation	The Cribs	Night Network	INDIFFERENT	3:25	uv9dFwDkBX0	MPREb_cmurJC9NOjt	UCq1Up7uNKqgIvC3vJQ75czw
839	I Don't Know Who I Am (feat. Lee Ranaldo)	The Cribs	Night Network	INDIFFERENT	5:04	5kebueKva-Y	MPREb_cmurJC9NOjt	UCq1Up7uNKqgIvC3vJQ75czw
840	She's My Style	The Cribs	Night Network	INDIFFERENT	3:12	FhbbzLFeB3E	MPREb_cmurJC9NOjt	UCq1Up7uNKqgIvC3vJQ75czw
841	Under The Bus Station Clock	The Cribs	Night Network	INDIFFERENT	2:52	VLSiALlfbHg	MPREb_cmurJC9NOjt	UCq1Up7uNKqgIvC3vJQ75czw
842	The Weather Speaks Your Name	The Cribs	Night Network	INDIFFERENT	4:32	8_oJiTnQJ6M	MPREb_cmurJC9NOjt	UCq1Up7uNKqgIvC3vJQ75czw
843	Siren Sing-Along	The Cribs	Night Network	INDIFFERENT	3:12	PYmwJzTRhns	MPREb_cmurJC9NOjt	UCq1Up7uNKqgIvC3vJQ75czw
844	Earl & Duke	The Cribs	Night Network	INDIFFERENT	3:44	PQUHvWpFwVQ	MPREb_cmurJC9NOjt	UCq1Up7uNKqgIvC3vJQ75czw
845	In The Neon Night	The Cribs	Night Network	INDIFFERENT	3:38	hn4dxhXblYY	MPREb_cmurJC9NOjt	UCq1Up7uNKqgIvC3vJQ75czw
706	Gaslighter	The Chicks	Gaslighter	INDIFFERENT	3:24	XLuGmSXucLs	MPREb_cLAGX1Obzxo	UCHI2Zs0eDzLVhBFMH11f-7w
707	Sleep at Night	The Chicks	Gaslighter	INDIFFERENT	3:13	W0SdcRzr1os	MPREb_cLAGX1Obzxo	UCHI2Zs0eDzLVhBFMH11f-7w
708	Texas Man	The Chicks	Gaslighter	INDIFFERENT	3:45	vjC7PLzbjVA	MPREb_cLAGX1Obzxo	UCHI2Zs0eDzLVhBFMH11f-7w
709	Everybody Loves You	The Chicks	Gaslighter	INDIFFERENT	3:39	FLJzWwgnXpE	MPREb_cLAGX1Obzxo	UCHI2Zs0eDzLVhBFMH11f-7w
710	For Her	The Chicks	Gaslighter	INDIFFERENT	5:27	ICc-JbW6QSY	MPREb_cLAGX1Obzxo	UCHI2Zs0eDzLVhBFMH11f-7w
711	March March	The Chicks	Gaslighter	INDIFFERENT	3:54	KYCzDiVSems	MPREb_cLAGX1Obzxo	UCHI2Zs0eDzLVhBFMH11f-7w
712	My Best Friend's Weddings	The Chicks	Gaslighter	INDIFFERENT	4:19	SqftR90nn2E	MPREb_cLAGX1Obzxo	UCHI2Zs0eDzLVhBFMH11f-7w
713	Tights On My Boat	The Chicks	Gaslighter	INDIFFERENT	3:03	UHHwnwf2YjE	MPREb_cLAGX1Obzxo	UCHI2Zs0eDzLVhBFMH11f-7w
714	Julianna Calm Down	The Chicks	Gaslighter	INDIFFERENT	4:47	HxMxgFKxnBo	MPREb_cLAGX1Obzxo	UCHI2Zs0eDzLVhBFMH11f-7w
715	Young Man	The Chicks	Gaslighter	INDIFFERENT	4:10	PIVY6H2ZMWo	MPREb_cLAGX1Obzxo	UCHI2Zs0eDzLVhBFMH11f-7w
716	Hope It's Something Good	The Chicks	Gaslighter	INDIFFERENT	4:06	8Ch3_6UkPsk	MPREb_cLAGX1Obzxo	UCHI2Zs0eDzLVhBFMH11f-7w
717	Set Me Free	The Chicks	Gaslighter	INDIFFERENT	3:19	K3ShPKafTKw	MPREb_cLAGX1Obzxo	UCHI2Zs0eDzLVhBFMH11f-7w
319	The 1975	The 1975	Notes On A Conditional Form	INDIFFERENT	4:56	Gc9w3m5NPKI	MPREb_x8tavZtwGCj	UCNrTdctAV0JMT7RBQvpA5lw
320	People	The 1975	Notes On A Conditional Form	INDIFFERENT	2:39	5J4gq10K9QU	MPREb_x8tavZtwGCj	UCNrTdctAV0JMT7RBQvpA5lw
321	The End (Music For Cars)	The 1975	Notes On A Conditional Form	INDIFFERENT	2:31	3RN3Z0exZP8	MPREb_x8tavZtwGCj	UCNrTdctAV0JMT7RBQvpA5lw
322	Frail State Of Mind	The 1975	Notes On A Conditional Form	INDIFFERENT	3:54	9De-r2iPjxs	MPREb_x8tavZtwGCj	UCNrTdctAV0JMT7RBQvpA5lw
323	Streaming	The 1975	Notes On A Conditional Form	INDIFFERENT	1:33	VhzMFsz1Wgc	MPREb_x8tavZtwGCj	UCNrTdctAV0JMT7RBQvpA5lw
324	The Birthday Party	The 1975	Notes On A Conditional Form	INDIFFERENT	4:46	e0mDI8ZxRW0	MPREb_x8tavZtwGCj	UCNrTdctAV0JMT7RBQvpA5lw
325	Yeah I Know	The 1975	Notes On A Conditional Form	INDIFFERENT	4:14	BXk4MtUFWDU	MPREb_x8tavZtwGCj	UCNrTdctAV0JMT7RBQvpA5lw
326	Then Because She Goes	The 1975	Notes On A Conditional Form	INDIFFERENT	2:08	WP8uKe-S_Uw	MPREb_x8tavZtwGCj	UCNrTdctAV0JMT7RBQvpA5lw
327	Jesus Christ 2005 God Bless America	The 1975	Notes On A Conditional Form	INDIFFERENT	4:25	7PtwCuxAXSA	MPREb_x8tavZtwGCj	UCNrTdctAV0JMT7RBQvpA5lw
328	Roadkill	The 1975	Notes On A Conditional Form	INDIFFERENT	2:56	Aj3n-8OK-gA	MPREb_x8tavZtwGCj	UCNrTdctAV0JMT7RBQvpA5lw
329	Me & You Together Song	The 1975	Notes On A Conditional Form	INDIFFERENT	3:28	k-d24Ep4NSQ	MPREb_x8tavZtwGCj	UCNrTdctAV0JMT7RBQvpA5lw
330	I Think There's Something You Should Know	The 1975	Notes On A Conditional Form	INDIFFERENT	4:01	56Ki4Ko1my0	MPREb_x8tavZtwGCj	UCNrTdctAV0JMT7RBQvpA5lw
331	Nothing Revealed / Everything Denied	The 1975	Notes On A Conditional Form	INDIFFERENT	3:39	kpXNeiTins8	MPREb_x8tavZtwGCj	UCNrTdctAV0JMT7RBQvpA5lw
332	Tonight (I Wish I Was Your Boy)	The 1975	Notes On A Conditional Form	INDIFFERENT	4:08	9PScqjhjMbE	MPREb_x8tavZtwGCj	UCNrTdctAV0JMT7RBQvpA5lw
333	Shiny Collarbone	The 1975	Notes On A Conditional Form	INDIFFERENT	2:51	luk0vc4yroY	MPREb_x8tavZtwGCj	UCNrTdctAV0JMT7RBQvpA5lw
334	If You’re Too Shy (Let Me Know)	The 1975	Notes On A Conditional Form	INDIFFERENT	5:20	96TRu1aIOFM	MPREb_x8tavZtwGCj	UCNrTdctAV0JMT7RBQvpA5lw
335	Playing On My Mind	The 1975	Notes On A Conditional Form	INDIFFERENT	3:25	LCb7u9Ughp4	MPREb_x8tavZtwGCj	UCNrTdctAV0JMT7RBQvpA5lw
336	Having No Head	The 1975	Notes On A Conditional Form	INDIFFERENT	6:05	hp1KIaOfWeo	MPREb_x8tavZtwGCj	UCNrTdctAV0JMT7RBQvpA5lw
337	What Should I Say	The 1975	Notes On A Conditional Form	INDIFFERENT	4:07	QHbKsi3Plys	MPREb_x8tavZtwGCj	UCNrTdctAV0JMT7RBQvpA5lw
338	Bagsy Not In Net	The 1975	Notes On A Conditional Form	INDIFFERENT	2:27	gMueRXuSS3Y	MPREb_x8tavZtwGCj	UCNrTdctAV0JMT7RBQvpA5lw
339	Don’t Worry	The 1975	Notes On A Conditional Form	INDIFFERENT	2:49	YN19SG0EojQ	MPREb_x8tavZtwGCj	UCNrTdctAV0JMT7RBQvpA5lw
340	Guys	The 1975	Notes On A Conditional Form	INDIFFERENT	4:30	yIpiS5iX8PU	MPREb_x8tavZtwGCj	UCNrTdctAV0JMT7RBQvpA5lw
508	ACC Kirtan	Stephen Malkmus	Traditional Techniques	INDIFFERENT	6:20	MCC5JdGexbU	MPREb_YQLBAxaoWnb	UCmq_rL0T5VTdCrLIChZY6XA
509	Xian Man	Stephen Malkmus	Traditional Techniques	INDIFFERENT	4:07	SJsFmYGnS9Q	MPREb_YQLBAxaoWnb	UCmq_rL0T5VTdCrLIChZY6XA
510	The Greatest Own In Legal History	Stephen Malkmus	Traditional Techniques	INDIFFERENT	3:48	BCEYl0p4uYM	MPREb_YQLBAxaoWnb	UCmq_rL0T5VTdCrLIChZY6XA
511	Cash Up	Stephen Malkmus	Traditional Techniques	INDIFFERENT	4:07	1IjskwfzgJ0	MPREb_YQLBAxaoWnb	UCmq_rL0T5VTdCrLIChZY6XA
512	Shadowbanned	Stephen Malkmus	Traditional Techniques	INDIFFERENT	3:24	JMJOYwsfh_E	MPREb_YQLBAxaoWnb	UCmq_rL0T5VTdCrLIChZY6XA
513	What Kind Of Person	Stephen Malkmus	Traditional Techniques	INDIFFERENT	3:29	31b9mD4lbWE	MPREb_YQLBAxaoWnb	UCmq_rL0T5VTdCrLIChZY6XA
514	Flowin' Robes	Stephen Malkmus	Traditional Techniques	INDIFFERENT	2:52	n0KENdI6po8	MPREb_YQLBAxaoWnb	UCmq_rL0T5VTdCrLIChZY6XA
515	Brainwashed	Stephen Malkmus	Traditional Techniques	INDIFFERENT	4:59	1dTOKnpc6II	MPREb_YQLBAxaoWnb	UCmq_rL0T5VTdCrLIChZY6XA
516	Signal Western	Stephen Malkmus	Traditional Techniques	INDIFFERENT	3:47	Chui_NG9AF4	MPREb_YQLBAxaoWnb	UCmq_rL0T5VTdCrLIChZY6XA
517	Amberjack	Stephen Malkmus	Traditional Techniques	INDIFFERENT	4:16	pN9KmIgK9ak	MPREb_YQLBAxaoWnb	UCmq_rL0T5VTdCrLIChZY6XA
1017	Lander	Sports Team	Deep Down Happy	INDIFFERENT	2:37	mldG9OGkkk4	MPREb_oXESaqhWTh6	UCrEltYDBfDP10nmlca38-vA
1018	Here It Comes Again	Sports Team	Deep Down Happy	INDIFFERENT	2:16	VZTudG0hGH0	MPREb_oXESaqhWTh6	UCrEltYDBfDP10nmlca38-vA
1019	Going Soft	Sports Team	Deep Down Happy	INDIFFERENT	3:24	jYSPvp3NUVY	MPREb_oXESaqhWTh6	UCrEltYDBfDP10nmlca38-vA
1020	Camel Crew	Sports Team	Deep Down Happy	INDIFFERENT	3:34	KeDgrzTeoQk	MPREb_oXESaqhWTh6	UCrEltYDBfDP10nmlca38-vA
1021	Long Hot Summer	Sports Team	Deep Down Happy	INDIFFERENT	2:55	WPLc_78Ef1c	MPREb_oXESaqhWTh6	UCrEltYDBfDP10nmlca38-vA
1022	Feels Like Fun	Sports Team	Deep Down Happy	INDIFFERENT	2:41	P9CxKAavYH0	MPREb_oXESaqhWTh6	UCrEltYDBfDP10nmlca38-vA
1023	Here's the Thing	Sports Team	Deep Down Happy	INDIFFERENT	2:56	qW-DF64wvcs	MPREb_oXESaqhWTh6	UCrEltYDBfDP10nmlca38-vA
1024	The Races	Sports Team	Deep Down Happy	INDIFFERENT	3:24	uV6jtQ6OyuM	MPREb_oXESaqhWTh6	UCrEltYDBfDP10nmlca38-vA
1025	Born Sugar	Sports Team	Deep Down Happy	INDIFFERENT	3:14	CY_F71mBcYw	MPREb_oXESaqhWTh6	UCrEltYDBfDP10nmlca38-vA
1026	Fishing	Sports Team	Deep Down Happy	INDIFFERENT	2:56	K7xxgordHAs	MPREb_oXESaqhWTh6	UCrEltYDBfDP10nmlca38-vA
1027	Kutcher	Sports Team	Deep Down Happy	INDIFFERENT	3:05	GojvDjki7WM	MPREb_oXESaqhWTh6	UCrEltYDBfDP10nmlca38-vA
1028	Stations of the Cross	Sports Team	Deep Down Happy	INDIFFERENT	3:32	WK4u_aKn4Ik	MPREb_oXESaqhWTh6	UCrEltYDBfDP10nmlca38-vA
977	Drama	Special Interest	The Passion Of	INDIFFERENT	0:42	eB61RiUcY_I	MPREb_3zOEaVbT733	UCO5tIia6bXLPNsL3HzmIj7A
978	Disco III	Special Interest	The Passion Of	INDIFFERENT	2:28	57lIlfIeqok	MPREb_3zOEaVbT733	UCO5tIia6bXLPNsL3HzmIj7A
979	Don't Kiss Me in Public	Special Interest	The Passion Of	INDIFFERENT	2:39	oDt696GzkyU	MPREb_3zOEaVbT733	UCO5tIia6bXLPNsL3HzmIj7A
980	All Tomorrow's Carry	Special Interest	The Passion Of	INDIFFERENT	3:52	Z-cQ_ogG6EM	MPREb_3zOEaVbT733	UCO5tIia6bXLPNsL3HzmIj7A
981	A Depravity Such As This...	Special Interest	The Passion Of	INDIFFERENT	3:39	CpHsHru-5qQ	MPREb_3zOEaVbT733	UCO5tIia6bXLPNsL3HzmIj7A
982	Homogenized Milk	Special Interest	The Passion Of	INDIFFERENT	1:59	K-oFsnONr9c	MPREb_3zOEaVbT733	UCO5tIia6bXLPNsL3HzmIj7A
983	Passion	Special Interest	The Passion Of	INDIFFERENT	1:17	tnpoGktt-TE	MPREb_3zOEaVbT733	UCO5tIia6bXLPNsL3HzmIj7A
984	Head	Special Interest	The Passion Of	INDIFFERENT	2:37	6L6xwNFNtiY	MPREb_3zOEaVbT733	UCO5tIia6bXLPNsL3HzmIj7A
985	Tina	Special Interest	The Passion Of	INDIFFERENT	2:00	8mPkCCVVkgA	MPREb_3zOEaVbT733	UCO5tIia6bXLPNsL3HzmIj7A
986	Street Pulse Beat	Special Interest	The Passion Of	INDIFFERENT	4:31	BHh_H5GQTCs	MPREb_3zOEaVbT733	UCO5tIia6bXLPNsL3HzmIj7A
987	With Love	Special Interest	The Passion Of	INDIFFERENT	3:56	2Bq2jN1XIqc	MPREb_3zOEaVbT733	UCO5tIia6bXLPNsL3HzmIj7A
915	Amerikkka's Bay (feat. Maia Sanaa)	Speaker Music	Black Nationalist Sonic Weaponry	INDIFFERENT	3:31	cLgg2mSQzdo	MPREb_UtP0Aqeq2Cb	UCYS_jsySC6KB9RozqPrz3vw
916	The Man-Not	Speaker Music	Black Nationalist Sonic Weaponry	INDIFFERENT	2:27	zaxFenTYpBQ	MPREb_UtP0Aqeq2Cb	UCYS_jsySC6KB9RozqPrz3vw
917	Techno Is a Liberation Technology (feat. AceMo)	Speaker Music	Black Nationalist Sonic Weaponry	INDIFFERENT	4:44	ZEiN0DEddm8	MPREb_UtP0Aqeq2Cb	UCYS_jsySC6KB9RozqPrz3vw
918	Black Secret Technology is a Traumatically Manufactured and Exported Good Necessitated by 300 Years of Unaccounted for White Supremacist Savagery in the Founding of the United States	Speaker Music	Black Nationalist Sonic Weaponry	INDIFFERENT	5:11	pbjaHgVJj7I	MPREb_UtP0Aqeq2Cb	UCYS_jsySC6KB9RozqPrz3vw
919	A Genre Study of Black Male Death and Dying	Speaker Music	Black Nationalist Sonic Weaponry	INDIFFERENT	3:02	2EX4jVnS57c	MPREb_UtP0Aqeq2Cb	UCYS_jsySC6KB9RozqPrz3vw
920	Of Our Spiritual Strivings (feat. Syanide)	Speaker Music	Black Nationalist Sonic Weaponry	INDIFFERENT	4:16	P13ibVK8uao	MPREb_UtP0Aqeq2Cb	UCYS_jsySC6KB9RozqPrz3vw
921	Black Industrial Complex - Automation Repress Revolution in the Process of Production, and Intercontinental Missiles Represent a Revolution in the Process of Warfare	Speaker Music	Black Nationalist Sonic Weaponry	INDIFFERENT	2:41	FHtFkx_2A6E	MPREb_UtP0Aqeq2Cb	UCYS_jsySC6KB9RozqPrz3vw
922	Super Predator	Speaker Music	Black Nationalist Sonic Weaponry	INDIFFERENT	4:49	Pia9IhdcoX4	MPREb_UtP0Aqeq2Cb	UCYS_jsySC6KB9RozqPrz3vw
923	African American Disillusionment With Northern Democracy Continues to Smolder in Every Negro Who Has Settled Up North After Knowing Life in the South	Speaker Music	Black Nationalist Sonic Weaponry	INDIFFERENT	2:29	DN5QGts8Rjk	MPREb_UtP0Aqeq2Cb	UCYS_jsySC6KB9RozqPrz3vw
924	American Marxists Have Tended to Fall into the Trap of Thinking of the Negroes as Negroes, i.e. in Race Terms, When in Fact the Negroes Have Been and are Today the Most Oppressed and Submerged Sections of the Workers...	Speaker Music	Black Nationalist Sonic Weaponry	INDIFFERENT	6:10	_aZzZsKDqrM	MPREb_UtP0Aqeq2Cb	UCYS_jsySC6KB9RozqPrz3vw
925	It Is the Negro Who Represents the Revolutionary Struggles for a Classless Society	Speaker Music	Black Nationalist Sonic Weaponry	INDIFFERENT	9:43	D83GS7W3JiU	MPREb_UtP0Aqeq2Cb	UCYS_jsySC6KB9RozqPrz3vw
926	On Bloodthirst and Jungle Fever (feat. Ariel Valdez & Catalina Cavelight)	Speaker Music	Black Nationalist Sonic Weaponry	INDIFFERENT	31:37	UDldDKQIKuc	MPREb_UtP0Aqeq2Cb	UCYS_jsySC6KB9RozqPrz3vw
227	Starstruck	Sorry	925	INDIFFERENT	3:29	bzRrORE8LtU	MPREb_6cd4p39vsII	UCnCZ8fBkvrjyDh7yV1mEdiw
230	As The Sun Sets	Sorry	925	INDIFFERENT	4:00	wUJq9BJTO54	MPREb_6cd4p39vsII	UCnCZ8fBkvrjyDh7yV1mEdiw
231	Wolf	Sorry	925	INDIFFERENT	2:49	lHcx9YATse4	MPREb_6cd4p39vsII	UCnCZ8fBkvrjyDh7yV1mEdiw
232	Rock 'n' Roll Star	Sorry	925	INDIFFERENT	2:51	FE1W4P716OQ	MPREb_6cd4p39vsII	UCnCZ8fBkvrjyDh7yV1mEdiw
233	Heather	Sorry	925	INDIFFERENT	3:24	_7RaYo6pq1A	MPREb_6cd4p39vsII	UCnCZ8fBkvrjyDh7yV1mEdiw
234	More	Sorry	925	INDIFFERENT	2:23	9Y4lIXsg0Vo	MPREb_6cd4p39vsII	UCnCZ8fBkvrjyDh7yV1mEdiw
235	Ode To Boy	Sorry	925	INDIFFERENT	2:52	q-t0KR6zcpg	MPREb_6cd4p39vsII	UCnCZ8fBkvrjyDh7yV1mEdiw
236	Lies (Refix)	Sorry	925	INDIFFERENT	4:08	T6YxHBM7K20	MPREb_6cd4p39vsII	UCnCZ8fBkvrjyDh7yV1mEdiw
966	Badala	Songhoy Blues	Optimisme	INDIFFERENT	2:41	910SxKs5mN8	MPREb_jGLh1PP0XZl	UCsFzs5gL7x1wKkGlNwUNS1Q
967	Assadja	Songhoy Blues	Optimisme	INDIFFERENT	2:53	Hhezy7u-3xM	MPREb_jGLh1PP0XZl	UCsFzs5gL7x1wKkGlNwUNS1Q
968	Fey Fey	Songhoy Blues	Optimisme	INDIFFERENT	2:54	sdBi_m5Ht1A	MPREb_jGLh1PP0XZl	UCsFzs5gL7x1wKkGlNwUNS1Q
969	Gabi	Songhoy Blues	Optimisme	INDIFFERENT	2:52	misdodXytro	MPREb_jGLh1PP0XZl	UCsFzs5gL7x1wKkGlNwUNS1Q
970	Barre	Songhoy Blues	Optimisme	INDIFFERENT	3:44	rcyhVN167Ug	MPREb_jGLh1PP0XZl	UCsFzs5gL7x1wKkGlNwUNS1Q
971	Pour Toi	Songhoy Blues	Optimisme	INDIFFERENT	2:34	bZcrQf0paRY	MPREb_jGLh1PP0XZl	UCsFzs5gL7x1wKkGlNwUNS1Q
972	Bon Bon	Songhoy Blues	Optimisme	INDIFFERENT	3:13	Py8wndMsnWA	MPREb_jGLh1PP0XZl	UCsFzs5gL7x1wKkGlNwUNS1Q
973	Worry	Songhoy Blues	Optimisme	INDIFFERENT	3:06	MVyQyCxfggY	MPREb_jGLh1PP0XZl	UCsFzs5gL7x1wKkGlNwUNS1Q
974	Korfo	Songhoy Blues	Optimisme	INDIFFERENT	3:49	xFwTr1qkYnY	MPREb_jGLh1PP0XZl	UCsFzs5gL7x1wKkGlNwUNS1Q
975	Dournia	Songhoy Blues	Optimisme	INDIFFERENT	3:36	OSBWFhaKSc0	MPREb_jGLh1PP0XZl	UCsFzs5gL7x1wKkGlNwUNS1Q
976	Kouma	Songhoy Blues	Optimisme	INDIFFERENT	3:41	QL4MUHxtxq8	MPREb_jGLh1PP0XZl	UCsFzs5gL7x1wKkGlNwUNS1Q
518	The Merry Golden Tree	Shirley Collins	Heart's Ease	INDIFFERENT	4:09	LfZKlhTnkJw	MPREb_uOpSJsuGODj	UCw12gHkTVDOkfxEKcmBEzTA
519	Rolling in the Dew	Shirley Collins	Heart's Ease	INDIFFERENT	3:53	jBvbrDR-VN4	MPREb_uOpSJsuGODj	UCw12gHkTVDOkfxEKcmBEzTA
520	The Christmas Song	Shirley Collins	Heart's Ease	INDIFFERENT	2:01	K_zvUbS_Oe8	MPREb_uOpSJsuGODj	UCw12gHkTVDOkfxEKcmBEzTA
521	Locked In Ice	Shirley Collins	Heart's Ease	INDIFFERENT	4:49	ekmpu0ippKY	MPREb_uOpSJsuGODj	UCw12gHkTVDOkfxEKcmBEzTA
522	Wondrous Love	Shirley Collins	Heart's Ease	INDIFFERENT	2:22	skk4cjBZIDM	MPREb_uOpSJsuGODj	UCw12gHkTVDOkfxEKcmBEzTA
523	Barbara Allen	Shirley Collins	Heart's Ease	INDIFFERENT	4:15	hMaMli7ksAU	MPREb_uOpSJsuGODj	UCw12gHkTVDOkfxEKcmBEzTA
524	Canadee-i-o	Shirley Collins	Heart's Ease	INDIFFERENT	4:14	WQ0eJHRcKb4	MPREb_uOpSJsuGODj	UCw12gHkTVDOkfxEKcmBEzTA
525	Sweet Greens and Blues	Shirley Collins	Heart's Ease	INDIFFERENT	5:29	IrYseUqlwo8	MPREb_uOpSJsuGODj	UCw12gHkTVDOkfxEKcmBEzTA
526	Tell Me True	Shirley Collins	Heart's Ease	INDIFFERENT	2:57	MPfZGNDMTh0	MPREb_uOpSJsuGODj	UCw12gHkTVDOkfxEKcmBEzTA
527	Whitsun Dance	Shirley Collins	Heart's Ease	INDIFFERENT	3:08	7QQ_hRwMde8	MPREb_uOpSJsuGODj	UCw12gHkTVDOkfxEKcmBEzTA
528	Orange In Bloom	Shirley Collins	Heart's Ease	INDIFFERENT	1:37	F-aYWZYrIBQ	MPREb_uOpSJsuGODj	UCw12gHkTVDOkfxEKcmBEzTA
529	Crowlink	Shirley Collins	Heart's Ease	INDIFFERENT	4:30	WCWa-lmmnQ0	MPREb_uOpSJsuGODj	UCw12gHkTVDOkfxEKcmBEzTA
237	They Who Must Die	Shabaka And The Ancestors	We Are Sent Here By History	INDIFFERENT	10:09	rpyoP3x9-hk	MPREb_8iFL6UF0T4F	UCGzO43G7oit5wcWV9vBBD2A
238	You’ve Been Called	Shabaka And The Ancestors	We Are Sent Here By History	INDIFFERENT	6:30	4bG5dL3RUZs	MPREb_8iFL6UF0T4F	UCGzO43G7oit5wcWV9vBBD2A
239	Go My Heart, Go To Heaven	Shabaka And The Ancestors	We Are Sent Here By History	INDIFFERENT	6:39	C12J0tNd-IM	MPREb_8iFL6UF0T4F	UCGzO43G7oit5wcWV9vBBD2A
240	Behold, The Deceiver	Shabaka And The Ancestors	We Are Sent Here By History	INDIFFERENT	6:01	Y8XCaxVsslg	MPREb_8iFL6UF0T4F	UCGzO43G7oit5wcWV9vBBD2A
241	Run, The Darkness Will Pass	Shabaka And The Ancestors	We Are Sent Here By History	INDIFFERENT	4:08	0E-WEVbTBMQ	MPREb_8iFL6UF0T4F	UCGzO43G7oit5wcWV9vBBD2A
242	The Coming Of The Strange Ones	Shabaka And The Ancestors	We Are Sent Here By History	INDIFFERENT	6:29	E2WCYx92X0A	MPREb_8iFL6UF0T4F	UCGzO43G7oit5wcWV9vBBD2A
243	Beasts Too Spoke Of Suffering	Shabaka And The Ancestors	We Are Sent Here By History	INDIFFERENT	2:57	bbtn1gkSQl4	MPREb_8iFL6UF0T4F	UCGzO43G7oit5wcWV9vBBD2A
244	We Will Work (On Redefining Manhood)	Shabaka And The Ancestors	We Are Sent Here By History	INDIFFERENT	5:23	vq5A4WtsrgQ	MPREb_8iFL6UF0T4F	UCGzO43G7oit5wcWV9vBBD2A
245	’Til The Freedom Comes Home	Shabaka And The Ancestors	We Are Sent Here By History	INDIFFERENT	7:07	DimK2Wjdq38	MPREb_8iFL6UF0T4F	UCGzO43G7oit5wcWV9vBBD2A
246	Finally, The Man Cried	Shabaka And The Ancestors	We Are Sent Here By History	INDIFFERENT	5:47	jPGDdjxfAKw	MPREb_8iFL6UF0T4F	UCGzO43G7oit5wcWV9vBBD2A
247	Teach Me How To Be Vulnerable	Shabaka And The Ancestors	We Are Sent Here By History	INDIFFERENT	2:46	zBMUnmZRa1A	MPREb_8iFL6UF0T4F	UCGzO43G7oit5wcWV9vBBD2A
453	Only Lonely	Rose City Band	Summerlong	INDIFFERENT	3:58	xtLo_xuUqV0	MPREb_X5rsdRBIkvD	UCgaqlX44NcptUigTwALP12A
454	Empty Bottles	Rose City Band	Summerlong	INDIFFERENT	5:08	OMLV1W-lxDk	MPREb_X5rsdRBIkvD	UCgaqlX44NcptUigTwALP12A
455	Real Long Gone	Rose City Band	Summerlong	INDIFFERENT	5:09	zDvmwQNASiQ	MPREb_X5rsdRBIkvD	UCgaqlX44NcptUigTwALP12A
456	Floating Out	Rose City Band	Summerlong	INDIFFERENT	5:31	0kT1UYkIOTg	MPREb_X5rsdRBIkvD	UCgaqlX44NcptUigTwALP12A
457	Morning Light	Rose City Band	Summerlong	INDIFFERENT	2:51	jKyKxzc7xQ4	MPREb_X5rsdRBIkvD	UCgaqlX44NcptUigTwALP12A
458	Reno Shuffle	Rose City Band	Summerlong	INDIFFERENT	6:24	nb6vra55FqQ	MPREb_X5rsdRBIkvD	UCgaqlX44NcptUigTwALP12A
459	Wee Hours >	Rose City Band	Summerlong	INDIFFERENT	6:19	nVqSIDoY4Vg	MPREb_X5rsdRBIkvD	UCgaqlX44NcptUigTwALP12A
460	Wildflowers	Rose City Band	Summerlong	INDIFFERENT	5:36	SzOGXtfpHIY	MPREb_X5rsdRBIkvD	UCgaqlX44NcptUigTwALP12A
348	The Second Of The First	Rolling Blackouts Coastal Fever	Sideways to New Italy	INDIFFERENT	3:41	JVCCZWTlrME	MPREb_JvDKeJNSH9i	UCcUyrT2AsL--l-xHE3L1aZw
349	Falling Thunder	Rolling Blackouts Coastal Fever	Sideways to New Italy	INDIFFERENT	4:06	1T0VrsONWnk	MPREb_JvDKeJNSH9i	UCcUyrT2AsL--l-xHE3L1aZw
350	She's There	Rolling Blackouts Coastal Fever	Sideways to New Italy	INDIFFERENT	3:45	buloC-rnO4Y	MPREb_JvDKeJNSH9i	UCcUyrT2AsL--l-xHE3L1aZw
351	Beautiful Steven	Rolling Blackouts Coastal Fever	Sideways to New Italy	INDIFFERENT	3:49	SbgfuZgwpc0	MPREb_JvDKeJNSH9i	UCcUyrT2AsL--l-xHE3L1aZw
352	The Only One	Rolling Blackouts Coastal Fever	Sideways to New Italy	INDIFFERENT	3:47	kTtzoBiYe64	MPREb_JvDKeJNSH9i	UCcUyrT2AsL--l-xHE3L1aZw
353	Cars In Space	Rolling Blackouts Coastal Fever	Sideways to New Italy	INDIFFERENT	4:59	09Sd1PlxIYo	MPREb_JvDKeJNSH9i	UCcUyrT2AsL--l-xHE3L1aZw
354	Cameo	Rolling Blackouts Coastal Fever	Sideways to New Italy	INDIFFERENT	4:08	k5bS8-WjBe4	MPREb_JvDKeJNSH9i	UCcUyrT2AsL--l-xHE3L1aZw
355	Not Tonight	Rolling Blackouts Coastal Fever	Sideways to New Italy	INDIFFERENT	4:01	FQBgAnj_UoY	MPREb_JvDKeJNSH9i	UCcUyrT2AsL--l-xHE3L1aZw
356	Sunglasses At The Wedding	Rolling Blackouts Coastal Fever	Sideways to New Italy	INDIFFERENT	3:34	aGmwcVs7awA	MPREb_JvDKeJNSH9i	UCcUyrT2AsL--l-xHE3L1aZw
357	The Cool Change	Rolling Blackouts Coastal Fever	Sideways to New Italy	INDIFFERENT	4:04	WQUyNZzWMuE	MPREb_JvDKeJNSH9i	UCcUyrT2AsL--l-xHE3L1aZw
570	Vibrations on a String	Rival Consoles	Articulation	INDIFFERENT	6:10	YFeQ_ksk4fY	MPREb_XsGDxZeQQn8	UC2WctdCmq8m617GDyuynG0w
571	Forwardism	Rival Consoles	Articulation	INDIFFERENT	5:42	1d6EBsa9nho	MPREb_XsGDxZeQQn8	UC2WctdCmq8m617GDyuynG0w
572	Melodica	Rival Consoles	Articulation	INDIFFERENT	3:40	cGcQPH4KyxA	MPREb_XsGDxZeQQn8	UC2WctdCmq8m617GDyuynG0w
573	Articulation	Rival Consoles	Articulation	INDIFFERENT	6:31	Ky8yKvcHFDw	MPREb_XsGDxZeQQn8	UC2WctdCmq8m617GDyuynG0w
574	Still Here	Rival Consoles	Articulation	INDIFFERENT	4:25	6Uqm5i0WxHM	MPREb_XsGDxZeQQn8	UC2WctdCmq8m617GDyuynG0w
575	Sudden Awareness of Now	Rival Consoles	Articulation	INDIFFERENT	7:16	RomajRZ4DEI	MPREb_XsGDxZeQQn8	UC2WctdCmq8m617GDyuynG0w
894	Welcome to Bobby's Motel	Pottery	Welcome to Bobby's Motel	INDIFFERENT	2:00	2ufqbNlqSYU	MPREb_vuEzZw6OJft	UCX3mQsMOiOJHnv1WW3UEl8w
895	Hot Heater	Pottery	Welcome to Bobby's Motel	INDIFFERENT	3:35	7ydOw94qDWs	MPREb_vuEzZw6OJft	UCX3mQsMOiOJHnv1WW3UEl8w
896	Under the Wires	Pottery	Welcome to Bobby's Motel	INDIFFERENT	3:56	BRfrZXCP5UI	MPREb_vuEzZw6OJft	UCX3mQsMOiOJHnv1WW3UEl8w
897	Bobby's Forecast	Pottery	Welcome to Bobby's Motel	INDIFFERENT	3:04	otdzMC8L1Io	MPREb_vuEzZw6OJft	UCX3mQsMOiOJHnv1WW3UEl8w
898	Down in the Dumps	Pottery	Welcome to Bobby's Motel	INDIFFERENT	3:05	IlKauwPbsJ4	MPREb_vuEzZw6OJft	UCX3mQsMOiOJHnv1WW3UEl8w
899	Reflection	Pottery	Welcome to Bobby's Motel	INDIFFERENT	3:37	hO4B-1kby7c	MPREb_vuEzZw6OJft	UCX3mQsMOiOJHnv1WW3UEl8w
900	Texas Drums Pt I & II	Pottery	Welcome to Bobby's Motel	INDIFFERENT	6:22	qmxVG0uktbc	MPREb_vuEzZw6OJft	UCX3mQsMOiOJHnv1WW3UEl8w
901	NY Inn	Pottery	Welcome to Bobby's Motel	INDIFFERENT	2:27	5BlwKvi98i4	MPREb_vuEzZw6OJft	UCX3mQsMOiOJHnv1WW3UEl8w
902	What's in Fashion?	Pottery	Welcome to Bobby's Motel	INDIFFERENT	2:43	fC0OAwDSllI	MPREb_vuEzZw6OJft	UCX3mQsMOiOJHnv1WW3UEl8w
903	Take Your Time	Pottery	Welcome to Bobby's Motel	INDIFFERENT	3:16	oT_wHchCjN4	MPREb_vuEzZw6OJft	UCX3mQsMOiOJHnv1WW3UEl8w
904	Hot Like Jungle	Pottery	Welcome to Bobby's Motel	INDIFFERENT	3:49	_rlrD4YcNRk	MPREb_vuEzZw6OJft	UCX3mQsMOiOJHnv1WW3UEl8w
445	Reducer	Pigs Pigs Pigs Pigs Pigs Pigs Pigs	Viscerals	INDIFFERENT	4:28	TnkWBUoTmTw	MPREb_srjuYXVCwuM	UCZvDwj-EtNa056tHFaEwkSw
446	Rubbernecker	Pigs Pigs Pigs Pigs Pigs Pigs Pigs	Viscerals	INDIFFERENT	4:28	9x8uUVmZw7k	MPREb_srjuYXVCwuM	UCZvDwj-EtNa056tHFaEwkSw
447	New Body	Pigs Pigs Pigs Pigs Pigs Pigs Pigs	Viscerals	INDIFFERENT	7:10	Ztzmeh_abfM	MPREb_srjuYXVCwuM	UCZvDwj-EtNa056tHFaEwkSw
448	Blood and Butter	Pigs Pigs Pigs Pigs Pigs Pigs Pigs	Viscerals	INDIFFERENT	1:40	ux6DQ8TW8wg	MPREb_srjuYXVCwuM	UCZvDwj-EtNa056tHFaEwkSw
449	World Crust	Pigs Pigs Pigs Pigs Pigs Pigs Pigs	Viscerals	INDIFFERENT	3:09	l5HQ4KXqIlY	MPREb_srjuYXVCwuM	UCZvDwj-EtNa056tHFaEwkSw
450	Crazy in Blood	Pigs Pigs Pigs Pigs Pigs Pigs Pigs	Viscerals	INDIFFERENT	5:13	3MDOvge8_kA	MPREb_srjuYXVCwuM	UCZvDwj-EtNa056tHFaEwkSw
451	Halloween Bolson	Pigs Pigs Pigs Pigs Pigs Pigs Pigs	Viscerals	INDIFFERENT	9:01	9ZPV-lfdRaY	MPREb_srjuYXVCwuM	UCZvDwj-EtNa056tHFaEwkSw
452	Hell's Teeth	Pigs Pigs Pigs Pigs Pigs Pigs Pigs	Viscerals	INDIFFERENT	3:33	E4akQS5NEoI	MPREb_srjuYXVCwuM	UCZvDwj-EtNa056tHFaEwkSw
846	Block Boy	Pa Salieu	Send Them to Coventry	INDIFFERENT	2:18	eeuemE9dPDM	MPREb_9YnbWI5gY7o	UCy1MHvV8LbwU8XIetsfjRaw
847	No Warnin’ (feat. Boy Boy)	Pa Salieu	Send Them to Coventry	INDIFFERENT	3:18	4KB9djp4D08	MPREb_9YnbWI5gY7o	UCy1MHvV8LbwU8XIetsfjRaw
848	Frontline	Pa Salieu	Send Them to Coventry	INDIFFERENT	3:22	wYjvpYDVELo	MPREb_9YnbWI5gY7o	UCy1MHvV8LbwU8XIetsfjRaw
849	Flip, Repeat	Pa Salieu	Send Them to Coventry	INDIFFERENT	2:40	M1rowFeR2JA	MPREb_9YnbWI5gY7o	UCy1MHvV8LbwU8XIetsfjRaw
850	Informa (feat. M1llionz)	Pa Salieu	Send Them to Coventry	INDIFFERENT	2:21	ogsFx7Rt3Ic	MPREb_9YnbWI5gY7o	UCy1MHvV8LbwU8XIetsfjRaw
851	Over There	Pa Salieu	Send Them to Coventry	INDIFFERENT	2:15	MdDJFiQZgPs	MPREb_9YnbWI5gY7o	UCy1MHvV8LbwU8XIetsfjRaw
852	Betty	Pa Salieu	Send Them to Coventry	INDIFFERENT	2:17	zg9I3Abog8s	MPREb_9YnbWI5gY7o	UCy1MHvV8LbwU8XIetsfjRaw
853	Pile Up (Interlude)	Pa Salieu	Send Them to Coventry	INDIFFERENT	1:25	9DAipekoZ8g	MPREb_9YnbWI5gY7o	UCy1MHvV8LbwU8XIetsfjRaw
854	More Paper (feat. Eight9FLY)	Pa Salieu	Send Them to Coventry	INDIFFERENT	3:03	tx4Dp2Pjz0k	MPREb_9YnbWI5gY7o	UCy1MHvV8LbwU8XIetsfjRaw
855	Active (feat. Ni Santora, Stizee, Lz Dinero & Shakavellie)	Pa Salieu	Send Them to Coventry	INDIFFERENT	3:53	5tRnQNldGjA	MPREb_9YnbWI5gY7o	UCy1MHvV8LbwU8XIetsfjRaw
856	T.T.M	Pa Salieu	Send Them to Coventry	INDIFFERENT	2:55	B6qkKQQZCyU	MPREb_9YnbWI5gY7o	UCy1MHvV8LbwU8XIetsfjRaw
857	They Don’t Know (Interlude)	Pa Salieu	Send Them to Coventry	INDIFFERENT	1:05	YQoMRtHNWzg	MPREb_9YnbWI5gY7o	UCy1MHvV8LbwU8XIetsfjRaw
858	My Family (feat. BackRoad Gee)	Pa Salieu	Send Them to Coventry	INDIFFERENT	2:41	AaSZmxrP82E	MPREb_9YnbWI5gY7o	UCy1MHvV8LbwU8XIetsfjRaw
859	B***K	Pa Salieu	Send Them to Coventry	INDIFFERENT	2:11	U2RyIbQ-SrA	MPREb_9YnbWI5gY7o	UCy1MHvV8LbwU8XIetsfjRaw
860	Energy (feat. Mahalia)	Pa Salieu	Send Them to Coventry	INDIFFERENT	3:09	-zA90pqAGNs	MPREb_9YnbWI5gY7o	UCy1MHvV8LbwU8XIetsfjRaw
544	Bucciarati (feat. Kari Faux)	Open Mike Eagle	Anime, Trauma and Divorce	INDIFFERENT	3:58	oUy3Yx3of2I	MPREb_pHxHpD0btLK	UC6AnfwHsEIY-zn4Rbp3Plfg
547	Everything Ends Last Year	Open Mike Eagle	Anime, Trauma and Divorce	INDIFFERENT	2:21	UK-qN8k7xwQ	MPREb_pHxHpD0btLK	UC6AnfwHsEIY-zn4Rbp3Plfg
549	Wtf is Self Care	Open Mike Eagle	Anime, Trauma and Divorce	INDIFFERENT	2:10	IjmgEN1OXLM	MPREb_pHxHpD0btLK	UC6AnfwHsEIY-zn4Rbp3Plfg
551	Airplane Boneyard	Open Mike Eagle	Anime, Trauma and Divorce	INDIFFERENT	2:25	OPp0oKxjfI8	MPREb_pHxHpD0btLK	UC6AnfwHsEIY-zn4Rbp3Plfg
552	Fifteen Twenty Feet Ocean Nah (Live from the Joco Cruise) (feat. Little A$e)	Open Mike Eagle	Anime, Trauma and Divorce	INDIFFERENT	3:16	RUpG8kx1f48	MPREb_pHxHpD0btLK	UC6AnfwHsEIY-zn4Rbp3Plfg
475	Here We Are (Once Again)	Okkyung Lee	Yeo-Neun	INDIFFERENT	6:10	Vo53uj9hCSU	MPREb_OaeHfIsatNc	UCMgpirgL40-yVNJzMtxSNLg
476	The Yellow Porcelain Bird	Okkyung Lee	Yeo-Neun	INDIFFERENT	3:37	kgLih9dJavI	MPREb_OaeHfIsatNc	UCMgpirgL40-yVNJzMtxSNLg
477	Another Old Story (옛날이야기)	Okkyung Lee	Yeo-Neun	INDIFFERENT	3:12	Wcvpb9opx_0	MPREb_OaeHfIsatNc	UCMgpirgL40-yVNJzMtxSNLg
478	In Stardust (For Kang Kyung-ok)	Okkyung Lee	Yeo-Neun	INDIFFERENT	4:14	qXgh_RldkGs	MPREb_OaeHfIsatNc	UCMgpirgL40-yVNJzMtxSNLg
479	Eternally (미련없이)	Okkyung Lee	Yeo-Neun	INDIFFERENT	2:06	EnB_eQgBSEc	MPREb_OaeHfIsatNc	UCMgpirgL40-yVNJzMtxSNLg
480	Uiro (Up And Up And Up)	Okkyung Lee	Yeo-Neun	INDIFFERENT	4:01	c8ZXmWjjbVQ	MPREb_OaeHfIsatNc	UCMgpirgL40-yVNJzMtxSNLg
481	The Longest Morning	Okkyung Lee	Yeo-Neun	INDIFFERENT	4:45	nt-TH1WNp2A	MPREb_OaeHfIsatNc	UCMgpirgL40-yVNJzMtxSNLg
482	One Bright Lazy Sunday Afternoon (You Whispered That Name)	Okkyung Lee	Yeo-Neun	INDIFFERENT	5:11	2dPS8vMCUx8	MPREb_OaeHfIsatNc	UCMgpirgL40-yVNJzMtxSNLg
483	Facing Your Shadows	Okkyung Lee	Yeo-Neun	INDIFFERENT	3:59	GAtncoA7tcg	MPREb_OaeHfIsatNc	UCMgpirgL40-yVNJzMtxSNLg
484	Then, There (그때 그자리)	Okkyung Lee	Yeo-Neun	INDIFFERENT	2:31	IHuwyNbWPAM	MPREb_OaeHfIsatNc	UCMgpirgL40-yVNJzMtxSNLg
613	A Fabricated Life	Nothing	The Great Dismal	INDIFFERENT	5:47	azQcRYZeuFY	MPREb_qhRik653L8Y	UCJkch0w_oUIYJaWTZM1rrNw
614	Say Less	Nothing	The Great Dismal	INDIFFERENT	4:16	Wjo1OOUCc70	MPREb_qhRik653L8Y	UCJkch0w_oUIYJaWTZM1rrNw
615	April Ha Ha	Nothing	The Great Dismal	INDIFFERENT	4:21	Dl_R_5X99r8	MPREb_qhRik653L8Y	UCJkch0w_oUIYJaWTZM1rrNw
616	Catch a Fade	Nothing	The Great Dismal	INDIFFERENT	3:51	Pod_XxkVIsw	MPREb_qhRik653L8Y	UCJkch0w_oUIYJaWTZM1rrNw
617	Famine Asylum	Nothing	The Great Dismal	INDIFFERENT	4:11	ixoqSm28wUg	MPREb_qhRik653L8Y	UCJkch0w_oUIYJaWTZM1rrNw
618	Bernie Sanders	Nothing	The Great Dismal	INDIFFERENT	4:08	xDdaQYAeijs	MPREb_qhRik653L8Y	UCJkch0w_oUIYJaWTZM1rrNw
619	In Blueberry Memories	Nothing	The Great Dismal	INDIFFERENT	5:19	K5XGjtFOM0k	MPREb_qhRik653L8Y	UCJkch0w_oUIYJaWTZM1rrNw
620	Blue Mecca	Nothing	The Great Dismal	INDIFFERENT	5:18	hpGQkvcYTYA	MPREb_qhRik653L8Y	UCJkch0w_oUIYJaWTZM1rrNw
621	Just a Story	Nothing	The Great Dismal	INDIFFERENT	4:17	pibPWd_s4KA	MPREb_qhRik653L8Y	UCJkch0w_oUIYJaWTZM1rrNw
622	Ask the Rust	Nothing	The Great Dismal	INDIFFERENT	4:49	Ka7QailonZs	MPREb_qhRik653L8Y	UCJkch0w_oUIYJaWTZM1rrNw
415	Club Cougar	Nadine Shah	Kitchen Sink	INDIFFERENT	4:47	jx5j_v5zEe0	MPREb_9cO5LFaehCQ	UCVUG3P84LpdbyGX4SXYUhEQ
416	Ladies for Babies (Goats for Love)	Nadine Shah	Kitchen Sink	INDIFFERENT	4:29	37Tm3I4isIs	MPREb_9cO5LFaehCQ	UCVUG3P84LpdbyGX4SXYUhEQ
417	Buckfast	Nadine Shah	Kitchen Sink	INDIFFERENT	3:52	GxFNp3Pxxo0	MPREb_9cO5LFaehCQ	UCVUG3P84LpdbyGX4SXYUhEQ
418	Dillydally	Nadine Shah	Kitchen Sink	INDIFFERENT	3:48	QnI1QzkU3Hs	MPREb_9cO5LFaehCQ	UCVUG3P84LpdbyGX4SXYUhEQ
419	Trad	Nadine Shah	Kitchen Sink	INDIFFERENT	5:28	vbXH3dTbtEI	MPREb_9cO5LFaehCQ	UCVUG3P84LpdbyGX4SXYUhEQ
420	Kitchen Sink	Nadine Shah	Kitchen Sink	INDIFFERENT	3:37	upgBEF88ub4	MPREb_9cO5LFaehCQ	UCVUG3P84LpdbyGX4SXYUhEQ
421	Kite	Nadine Shah	Kitchen Sink	INDIFFERENT	4:53	Km4vmR4Z3KU	MPREb_9cO5LFaehCQ	UCVUG3P84LpdbyGX4SXYUhEQ
422	Ukrainian Wine	Nadine Shah	Kitchen Sink	INDIFFERENT	4:40	yPTyBegcda0	MPREb_9cO5LFaehCQ	UCVUG3P84LpdbyGX4SXYUhEQ
423	Wasps Nest	Nadine Shah	Kitchen Sink	INDIFFERENT	2:23	ZVRGuxoZjxk	MPREb_9cO5LFaehCQ	UCVUG3P84LpdbyGX4SXYUhEQ
424	Walk	Nadine Shah	Kitchen Sink	INDIFFERENT	4:44	aiitn6GnrPs	MPREb_9cO5LFaehCQ	UCVUG3P84LpdbyGX4SXYUhEQ
425	Prayer Mat	Nadine Shah	Kitchen Sink	INDIFFERENT	4:21	7xOtuiYeemg	MPREb_9cO5LFaehCQ	UCVUG3P84LpdbyGX4SXYUhEQ
988	If I Can If I May	Mourning [A] BLKstar	The Cycle	INDIFFERENT	3:09	59Au9leM5Os	MPREb_rOQPATR6zdU	UCFwnNr8VZyAuUvFrVESgsZw
989	Sense of an Ending	Mourning [A] BLKstar	The Cycle	INDIFFERENT	4:09	td80qggxWIY	MPREb_rOQPATR6zdU	UCFwnNr8VZyAuUvFrVESgsZw
990	Something JD Said	Mourning [A] BLKstar	The Cycle	INDIFFERENT	3:05	CjJgkXHd7GM	MPREb_rOQPATR6zdU	UCFwnNr8VZyAuUvFrVESgsZw
991	Deluze (Solange Say Remix)	Mourning [A] BLKstar	The Cycle	INDIFFERENT	5:21	NkItTGofqBU	MPREb_rOQPATR6zdU	UCFwnNr8VZyAuUvFrVESgsZw
992	Mist :: Missed	Mourning [A] BLKstar	The Cycle	INDIFFERENT	3:30	V15L-kdffms	MPREb_rOQPATR6zdU	UCFwnNr8VZyAuUvFrVESgsZw
993	Interlude (Where They At?)	Mourning [A] BLKstar	The Cycle	INDIFFERENT	1:19	WjYeK5Ud7Ek	MPREb_rOQPATR6zdU	UCFwnNr8VZyAuUvFrVESgsZw
994	The Wants	Mourning [A] BLKstar	The Cycle	INDIFFERENT	3:18	0ouXN-JwLf8	MPREb_rOQPATR6zdU	UCFwnNr8VZyAuUvFrVESgsZw
995	Debtors	Mourning [A] BLKstar	The Cycle	INDIFFERENT	3:56	26YzTFTCWqg	MPREb_rOQPATR6zdU	UCFwnNr8VZyAuUvFrVESgsZw
996	Devil Get Behind Me (Intro)	Mourning [A] BLKstar	The Cycle	INDIFFERENT	0:56	YUDW-pDkhyA	MPREb_rOQPATR6zdU	UCFwnNr8VZyAuUvFrVESgsZw
997	Devil Get Behind Me	Mourning [A] BLKstar	The Cycle	INDIFFERENT	3:24	hadRGcFe9w4	MPREb_rOQPATR6zdU	UCFwnNr8VZyAuUvFrVESgsZw
998	So Young So	Mourning [A] BLKstar	The Cycle	INDIFFERENT	3:48	ZE7ToBT4AVs	MPREb_rOQPATR6zdU	UCFwnNr8VZyAuUvFrVESgsZw
999	Been Around	Mourning [A] BLKstar	The Cycle	INDIFFERENT	3:52	CrvuZ0T2l7Q	MPREb_rOQPATR6zdU	UCFwnNr8VZyAuUvFrVESgsZw
1000	Hard (Stars Remix)	Mourning [A] BLKstar	The Cycle	INDIFFERENT	4:26	r1QGeKQEbU4	MPREb_rOQPATR6zdU	UCFwnNr8VZyAuUvFrVESgsZw
1001	Be	Mourning [A] BLKstar	The Cycle	INDIFFERENT	5:33	Ffek8sS2TcM	MPREb_rOQPATR6zdU	UCFwnNr8VZyAuUvFrVESgsZw
1002	Whom the Bell Tolls	Mourning [A] BLKstar	The Cycle	INDIFFERENT	3:03	aYHvk7uKpYk	MPREb_rOQPATR6zdU	UCFwnNr8VZyAuUvFrVESgsZw
1003	The Box	Mourning [A] BLKstar	The Cycle	INDIFFERENT	3:39	vc8vqCSG5Po	MPREb_rOQPATR6zdU	UCFwnNr8VZyAuUvFrVESgsZw
1004	Holds	Mourning [A] BLKstar	The Cycle	INDIFFERENT	4:27	YsKaxsalRaA	MPREb_rOQPATR6zdU	UCFwnNr8VZyAuUvFrVESgsZw
1005	4 Days	Mourning [A] BLKstar	The Cycle	INDIFFERENT	7:00	y1kEOiJqD_4	MPREb_rOQPATR6zdU	UCFwnNr8VZyAuUvFrVESgsZw
0	insula	Moses Sumney	græ	INDIFFERENT	0:47	uUsn2vToUpw	MPREb_rKQvG8eJRMm	UCqz3husWGRPGPNopn5jQrKg
2	In Bloom	Moses Sumney	græ	INDIFFERENT	3:03	T_E0DrMpfPc	MPREb_rKQvG8eJRMm	UCqz3husWGRPGPNopn5jQrKg
3	Virile	Moses Sumney	græ	INDIFFERENT	4:17	tXPkuKWtSIY	MPREb_rKQvG8eJRMm	UCqz3husWGRPGPNopn5jQrKg
4	Conveyor	Moses Sumney	græ	INDIFFERENT	3:24	X75Hr3JfWtA	MPREb_rKQvG8eJRMm	UCqz3husWGRPGPNopn5jQrKg
5	boxes	Moses Sumney	græ	INDIFFERENT	1:23	fxoxRmaWHQQ	MPREb_rKQvG8eJRMm	UCqz3husWGRPGPNopn5jQrKg
6	Gagarin	Moses Sumney	græ	INDIFFERENT	5:55	BMUEDeDPlx8	MPREb_rKQvG8eJRMm	UCqz3husWGRPGPNopn5jQrKg
7	jill/jack	Moses Sumney	græ	INDIFFERENT	1:34	S-eKdp3jvOk	MPREb_rKQvG8eJRMm	UCqz3husWGRPGPNopn5jQrKg
9	also also also and and and	Moses Sumney	græ	INDIFFERENT	1:32	c2r5nTSZf3U	MPREb_rKQvG8eJRMm	UCqz3husWGRPGPNopn5jQrKg
10	Neither/Nor	Moses Sumney	græ	INDIFFERENT	5:27	1LalVjDtBA0	MPREb_rKQvG8eJRMm	UCqz3husWGRPGPNopn5jQrKg
11	Polly	Moses Sumney	græ	INDIFFERENT	3:39	56uXRkNKN-c	MPREb_rKQvG8eJRMm	UCqz3husWGRPGPNopn5jQrKg
12	Two Dogs	Moses Sumney	græ	INDIFFERENT	3:57	eGRHfXU0uAc	MPREb_rKQvG8eJRMm	UCqz3husWGRPGPNopn5jQrKg
13	Bystanders	Moses Sumney	græ	INDIFFERENT	4:15	ydLoIkmHxbc	MPREb_rKQvG8eJRMm	UCqz3husWGRPGPNopn5jQrKg
14	Me in 20 Years	Moses Sumney	græ	INDIFFERENT	3:41	dZXhJICSZdg	MPREb_rKQvG8eJRMm	UCqz3husWGRPGPNopn5jQrKg
16	Lucky Me	Moses Sumney	græ	INDIFFERENT	4:58	u6gW61t4FlU	MPREb_rKQvG8eJRMm	UCqz3husWGRPGPNopn5jQrKg
17	and so I come to isolation	Moses Sumney	græ	INDIFFERENT	0:49	SWadJgVapFw	MPREb_rKQvG8eJRMm	UCqz3husWGRPGPNopn5jQrKg
18	Bless Me	Moses Sumney	græ	INDIFFERENT	5:00	ljcsANHFjlE	MPREb_rKQvG8eJRMm	UCqz3husWGRPGPNopn5jQrKg
19	before you go	Moses Sumney	græ	INDIFFERENT	2:06	vw2spYKDPGc	MPREb_rKQvG8eJRMm	UCqz3husWGRPGPNopn5jQrKg
107	Circles	Megan Thee Stallion	Good News	INDIFFERENT	2:51	sx5A24MKDV4	MPREb_W6hcsMORg1R	UCZBf6sY19D8pN4JIxP9PE3Q
108	Cry Baby (feat. DaBaby)	Megan Thee Stallion	Good News	INDIFFERENT	2:18	0FKCsRGz-2I	MPREb_W6hcsMORg1R	UCZBf6sY19D8pN4JIxP9PE3Q
109	Do It On The Tip (feat. City Girls & Hot Girl Meg)	Megan Thee Stallion	Good News	INDIFFERENT	2:48	2ihBAYmQ1I8	MPREb_W6hcsMORg1R	UCZBf6sY19D8pN4JIxP9PE3Q
110	Sugar Baby	Megan Thee Stallion	Good News	INDIFFERENT	2:27	slZsvsxZ6FQ	MPREb_W6hcsMORg1R	UCZBf6sY19D8pN4JIxP9PE3Q
111	Movie (feat. Lil Durk)	Megan Thee Stallion	Good News	INDIFFERENT	3:48	9tfsthw2VtU	MPREb_W6hcsMORg1R	UCZBf6sY19D8pN4JIxP9PE3Q
112	Freaky Girls (feat. SZA)	Megan Thee Stallion	Good News	INDIFFERENT	2:47	dQ--sANd6CU	MPREb_W6hcsMORg1R	UCZBf6sY19D8pN4JIxP9PE3Q
113	Body	Megan Thee Stallion	Good News	INDIFFERENT	2:52	Ojw0wjIn3h8	MPREb_W6hcsMORg1R	UCZBf6sY19D8pN4JIxP9PE3Q
114	What’s New	Megan Thee Stallion	Good News	INDIFFERENT	2:36	nA_NQSfrqQc	MPREb_W6hcsMORg1R	UCZBf6sY19D8pN4JIxP9PE3Q
115	Work That	Megan Thee Stallion	Good News	INDIFFERENT	2:15	ieZwySNOY4E	MPREb_W6hcsMORg1R	UCZBf6sY19D8pN4JIxP9PE3Q
116	Intercourse (feat. Popcaan & Mustard)	Megan Thee Stallion	Good News	INDIFFERENT	3:18	XKWhljSAX-8	MPREb_W6hcsMORg1R	UCZBf6sY19D8pN4JIxP9PE3Q
117	Go Crazy (feat. Big Sean & 2 Chainz)	Megan Thee Stallion	Good News	INDIFFERENT	3:46	kA36DI9iR1g	MPREb_W6hcsMORg1R	UCZBf6sY19D8pN4JIxP9PE3Q
118	Don’t Rock Me To Sleep	Megan Thee Stallion	Good News	INDIFFERENT	3:04	k573yRyZogU	MPREb_W6hcsMORg1R	UCZBf6sY19D8pN4JIxP9PE3Q
119	Outside	Megan Thee Stallion	Good News	INDIFFERENT	2:32	5txTFjbkQ7o	MPREb_W6hcsMORg1R	UCZBf6sY19D8pN4JIxP9PE3Q
120	Savage Remix (feat. Beyoncé)	Megan Thee Stallion	Good News	INDIFFERENT	4:03	25ANJ_I9E5g	MPREb_W6hcsMORg1R	UCZBf6sY19D8pN4JIxP9PE3Q
121	Girls in the Hood	Megan Thee Stallion	Good News	INDIFFERENT	2:35	lBftg-omevU	MPREb_W6hcsMORg1R	UCZBf6sY19D8pN4JIxP9PE3Q
122	Don’t Stop (feat. Young Thug)	Megan Thee Stallion	Good News	INDIFFERENT	3:08	PhLfxv8G8rA	MPREb_W6hcsMORg1R	UCZBf6sY19D8pN4JIxP9PE3Q
591	That's How Rumors Get Started	Margo Price	That's How Rumors Get Started	INDIFFERENT	4:11	fpA_BX5Ej-k	MPREb_ioIlM7GWRmi	UCMg9CRpVZZ-3enAPSYwi5LA
592	Letting Me Down	Margo Price	That's How Rumors Get Started	INDIFFERENT	3:15	B-UJy8PHKBM	MPREb_ioIlM7GWRmi	UCMg9CRpVZZ-3enAPSYwi5LA
593	Twinkle Twinkle	Margo Price	That's How Rumors Get Started	INDIFFERENT	3:32	h73hHGeeK4M	MPREb_ioIlM7GWRmi	UCMg9CRpVZZ-3enAPSYwi5LA
594	Stone Me	Margo Price	That's How Rumors Get Started	INDIFFERENT	3:10	WOWsfUzOei0	MPREb_ioIlM7GWRmi	UCMg9CRpVZZ-3enAPSYwi5LA
595	Hey Child	Margo Price	That's How Rumors Get Started	INDIFFERENT	3:50	FRXBomHVwTQ	MPREb_ioIlM7GWRmi	UCMg9CRpVZZ-3enAPSYwi5LA
596	Heartless Mind	Margo Price	That's How Rumors Get Started	INDIFFERENT	2:51	0vcBgUse8jU	MPREb_ioIlM7GWRmi	UCMg9CRpVZZ-3enAPSYwi5LA
597	What Happened To Our Love?	Margo Price	That's How Rumors Get Started	INDIFFERENT	3:36	tYLMmfQUp-c	MPREb_ioIlM7GWRmi	UCMg9CRpVZZ-3enAPSYwi5LA
598	Gone To Stay	Margo Price	That's How Rumors Get Started	INDIFFERENT	3:02	UJJCITPvgys	MPREb_ioIlM7GWRmi	UCMg9CRpVZZ-3enAPSYwi5LA
599	Prisoner Of The Highway	Margo Price	That's How Rumors Get Started	INDIFFERENT	3:45	4NcVk6W8pT0	MPREb_ioIlM7GWRmi	UCMg9CRpVZZ-3enAPSYwi5LA
600	I'd Die For You	Margo Price	That's How Rumors Get Started	INDIFFERENT	4:36	UYJRA_ww1N0	MPREb_ioIlM7GWRmi	UCMg9CRpVZZ-3enAPSYwi5LA
341	Witness	Lyra Pramuk	Fountain	INDIFFERENT		guNKplfvRhk	MPREb_DCWE0NvidX7	UCmT4nAsNjsoq7XCbPLmZ45Q
342	Tendril	Lyra Pramuk	Fountain	INDIFFERENT		Y_N-Fm24ERA	MPREb_DCWE0NvidX7	UCmT4nAsNjsoq7XCbPLmZ45Q
343	Xeno	Lyra Pramuk	Fountain	INDIFFERENT		mixC6JhMlQs	MPREb_DCWE0NvidX7	UCmT4nAsNjsoq7XCbPLmZ45Q
344	Mirror	Lyra Pramuk	Fountain	INDIFFERENT		eor-FNIyBCc	MPREb_DCWE0NvidX7	UCmT4nAsNjsoq7XCbPLmZ45Q
345	Cradle	Lyra Pramuk	Fountain	INDIFFERENT		A4x58nEfyhQ	MPREb_DCWE0NvidX7	UCmT4nAsNjsoq7XCbPLmZ45Q
346	Gossip	Lyra Pramuk	Fountain	INDIFFERENT		bE4tlOfwFWY	MPREb_DCWE0NvidX7	UCmT4nAsNjsoq7XCbPLmZ45Q
347	New Moon	Lyra Pramuk	Fountain	INDIFFERENT		nEGycMxt9tM	MPREb_DCWE0NvidX7	UCmT4nAsNjsoq7XCbPLmZ45Q
601	You Can't Rule Me	Lucinda Williams	Good Souls Better Angels	INDIFFERENT	4:02	rr9oKuRxPvw	MPREb_pspCdxhCtoS	UCGoF7aZZdqGLusNy9zEOkog
602	Bad News Blues	Lucinda Williams	Good Souls Better Angels	INDIFFERENT	4:37	aD2pWCc9RJo	MPREb_pspCdxhCtoS	UCGoF7aZZdqGLusNy9zEOkog
603	Man Without a Soul	Lucinda Williams	Good Souls Better Angels	INDIFFERENT	5:32	fzNn6yrAP50	MPREb_pspCdxhCtoS	UCGoF7aZZdqGLusNy9zEOkog
604	Big Black Train	Lucinda Williams	Good Souls Better Angels	INDIFFERENT	5:28	RjW6RmeyBxU	MPREb_pspCdxhCtoS	UCGoF7aZZdqGLusNy9zEOkog
605	Wakin' Up	Lucinda Williams	Good Souls Better Angels	INDIFFERENT	4:45	dh9a5V1uB4g	MPREb_pspCdxhCtoS	UCGoF7aZZdqGLusNy9zEOkog
606	Pray the Devil Back to Hell	Lucinda Williams	Good Souls Better Angels	INDIFFERENT	5:38	vyalbiIGM2M	MPREb_pspCdxhCtoS	UCGoF7aZZdqGLusNy9zEOkog
607	Shadows & Doubts	Lucinda Williams	Good Souls Better Angels	INDIFFERENT	6:01	ulNBWH27-Is	MPREb_pspCdxhCtoS	UCGoF7aZZdqGLusNy9zEOkog
608	When the Way Gets Dark	Lucinda Williams	Good Souls Better Angels	INDIFFERENT	3:27	UL0W2hzW-KM	MPREb_pspCdxhCtoS	UCGoF7aZZdqGLusNy9zEOkog
609	Bone of Contention	Lucinda Williams	Good Souls Better Angels	INDIFFERENT	4:05	u6x_rpO6TxA	MPREb_pspCdxhCtoS	UCGoF7aZZdqGLusNy9zEOkog
610	Down Past the Bottom	Lucinda Williams	Good Souls Better Angels	INDIFFERENT	3:22	3a-9YuDzXvk	MPREb_pspCdxhCtoS	UCGoF7aZZdqGLusNy9zEOkog
611	Big Rotator	Lucinda Williams	Good Souls Better Angels	INDIFFERENT	5:20	ZoC-0pihuVw	MPREb_pspCdxhCtoS	UCGoF7aZZdqGLusNy9zEOkog
612	Good Souls	Lucinda Williams	Good Souls Better Angels	INDIFFERENT	7:35	rq90Gg-9iF4	MPREb_pspCdxhCtoS	UCGoF7aZZdqGLusNy9zEOkog
553	Private Lives	Low Cut Connie	Private Lives	INDIFFERENT	4:18	6P-OqFRd5u8	MPREb_fm4sTOqxMDY	UCSO-8G2o4o9E79R0dbBl8xg
554	Help Me	Low Cut Connie	Private Lives	INDIFFERENT	3:25	Zl3IboNRL9c	MPREb_fm4sTOqxMDY	UCSO-8G2o4o9E79R0dbBl8xg
555	Now You Know	Low Cut Connie	Private Lives	INDIFFERENT	4:48	ZaitpGPCJQ0	MPREb_fm4sTOqxMDY	UCSO-8G2o4o9E79R0dbBl8xg
556	Run to Me Darlin	Low Cut Connie	Private Lives	INDIFFERENT	1:50	LwYoSd-Gh6A	MPREb_fm4sTOqxMDY	UCSO-8G2o4o9E79R0dbBl8xg
557	Take a Little Ride Downtown	Low Cut Connie	Private Lives	INDIFFERENT	2:35	_n6Nyy3v37M	MPREb_fm4sTOqxMDY	UCSO-8G2o4o9E79R0dbBl8xg
558	Wild Ride	Low Cut Connie	Private Lives	INDIFFERENT	3:46	TI0yFKI6-kA	MPREb_fm4sTOqxMDY	UCSO-8G2o4o9E79R0dbBl8xg
559	If I Die	Low Cut Connie	Private Lives	INDIFFERENT	2:36	dLLTln5a_i8	MPREb_fm4sTOqxMDY	UCSO-8G2o4o9E79R0dbBl8xg
560	It Don't Take a Genius	Low Cut Connie	Private Lives	INDIFFERENT	3:24	AxW-LOULBGU	MPREb_fm4sTOqxMDY	UCSO-8G2o4o9E79R0dbBl8xg
561	Look What They Did	Low Cut Connie	Private Lives	INDIFFERENT	3:02	VuzOnDUk5e0	MPREb_fm4sTOqxMDY	UCSO-8G2o4o9E79R0dbBl8xg
562	Tea Time	Low Cut Connie	Private Lives	INDIFFERENT	1:55	Xq_2uZ25svo	MPREb_fm4sTOqxMDY	UCSO-8G2o4o9E79R0dbBl8xg
563	The Fuckin You Get for the Fuckin You Got	Low Cut Connie	Private Lives	INDIFFERENT	2:45	QfTrMWEp_Sk	MPREb_fm4sTOqxMDY	UCSO-8G2o4o9E79R0dbBl8xg
564	Quiet Time	Low Cut Connie	Private Lives	INDIFFERENT	2:30	t5t7wY2kgpY	MPREb_fm4sTOqxMDY	UCSO-8G2o4o9E79R0dbBl8xg
565	Charyse	Low Cut Connie	Private Lives	INDIFFERENT	4:50	hANUIsCGHbI	MPREb_fm4sTOqxMDY	UCSO-8G2o4o9E79R0dbBl8xg
566	Nobody Else Will Believe You	Low Cut Connie	Private Lives	INDIFFERENT	1:40	_5IcCc4WRhk	MPREb_fm4sTOqxMDY	UCSO-8G2o4o9E79R0dbBl8xg
567	What Has Happened to Me	Low Cut Connie	Private Lives	INDIFFERENT	4:01	bKvjz7V1Shk	MPREb_fm4sTOqxMDY	UCSO-8G2o4o9E79R0dbBl8xg
568	Let It All Hang out Tonite	Low Cut Connie	Private Lives	INDIFFERENT	4:01	Mai4jmGja0s	MPREb_fm4sTOqxMDY	UCSO-8G2o4o9E79R0dbBl8xg
569	Stay as Long as You Like	Low Cut Connie	Private Lives	INDIFFERENT	3:35	b0UwJCo7HeA	MPREb_fm4sTOqxMDY	UCSO-8G2o4o9E79R0dbBl8xg
938	Kisses	Lomelda	Hannah	INDIFFERENT	3:46	Pf1h_zBXoK4	MPREb_bvAj7wD4hsJ	UCJZ9hN1Z7XGPs7RwmH-o45A
939	Hannah Sun	Lomelda	Hannah	INDIFFERENT	3:29	fZnNTzYYwEA	MPREb_bvAj7wD4hsJ	UCJZ9hN1Z7XGPs7RwmH-o45A
940	Sing for Stranger	Lomelda	Hannah	INDIFFERENT	0:47	fx64n4rQ-wY	MPREb_bvAj7wD4hsJ	UCJZ9hN1Z7XGPs7RwmH-o45A
941	Wonder	Lomelda	Hannah	INDIFFERENT	2:12	LXAVWLi5nTw	MPREb_bvAj7wD4hsJ	UCJZ9hN1Z7XGPs7RwmH-o45A
942	Polyurethane	Lomelda	Hannah	INDIFFERENT	1:47	mCKcIHOoWxc	MPREb_bvAj7wD4hsJ	UCJZ9hN1Z7XGPs7RwmH-o45A
943	Reach	Lomelda	Hannah	INDIFFERENT	3:05	iENvvwKUipo	MPREb_bvAj7wD4hsJ	UCJZ9hN1Z7XGPs7RwmH-o45A
944	It's Lomelda	Lomelda	Hannah	INDIFFERENT	3:50	iAJDIIsjLc8	MPREb_bvAj7wD4hsJ	UCJZ9hN1Z7XGPs7RwmH-o45A
945	Stranger Sat By Me	Lomelda	Hannah	INDIFFERENT	3:09	5OKUe78B7Is	MPREb_bvAj7wD4hsJ	UCJZ9hN1Z7XGPs7RwmH-o45A
946	It's Infinite	Lomelda	Hannah	INDIFFERENT	2:55	nxNPUXwuYQU	MPREb_bvAj7wD4hsJ	UCJZ9hN1Z7XGPs7RwmH-o45A
947	Hannah Happiest	Lomelda	Hannah	INDIFFERENT	3:47	mCAOEfiZ56k	MPREb_bvAj7wD4hsJ	UCJZ9hN1Z7XGPs7RwmH-o45A
948	Both Mode	Lomelda	Hannah	INDIFFERENT	3:05	t9U8iq27XDc	MPREb_bvAj7wD4hsJ	UCJZ9hN1Z7XGPs7RwmH-o45A
949	Big Shot	Lomelda	Hannah	INDIFFERENT	1:26	gRaOlnmlHpA	MPREb_bvAj7wD4hsJ	UCJZ9hN1Z7XGPs7RwmH-o45A
950	Tommy Dread	Lomelda	Hannah	INDIFFERENT	4:31	vJV2Sb2j74Y	MPREb_bvAj7wD4hsJ	UCJZ9hN1Z7XGPs7RwmH-o45A
951	Hannah Please	Lomelda	Hannah	INDIFFERENT	2:26	50QooOo6WxE	MPREb_bvAj7wD4hsJ	UCJZ9hN1Z7XGPs7RwmH-o45A
656	What’s the Real	Liv.e	Couldn't Wait to Tell You...	INDIFFERENT	1:21	80wtn624ePc	MPREb_RkUZLhaoTmj	UCaaSp3ePKbpWIsXHE2bGy2Q
657	How It Made Me Feel	Liv.e	Couldn't Wait to Tell You...	INDIFFERENT	2:45	aaLglV2WK-o	MPREb_RkUZLhaoTmj	UCaaSp3ePKbpWIsXHE2bGy2Q
658	Bout These Pipedreams	Liv.e	Couldn't Wait to Tell You...	INDIFFERENT	1:29	HQfBZu_BhEM	MPREb_RkUZLhaoTmj	UCaaSp3ePKbpWIsXHE2bGy2Q
659	Stories with Aunt Liv	Liv.e	Couldn't Wait to Tell You...	INDIFFERENT	2:59	I_xbG9fvdLk	MPREb_RkUZLhaoTmj	UCaaSp3ePKbpWIsXHE2bGy2Q
660	Lessons From My Mistakes...but I Lost Your Number	Liv.e	Couldn't Wait to Tell You...	INDIFFERENT	2:40	RMJdI5EaGL0	MPREb_RkUZLhaoTmj	UCaaSp3ePKbpWIsXHE2bGy2Q
661	About Love at 21	Liv.e	Couldn't Wait to Tell You...	INDIFFERENT	2:43	2g-aBmpDuQA	MPREb_RkUZLhaoTmj	UCaaSp3ePKbpWIsXHE2bGy2Q
662	She’s My Brand New Crush (feat. C.S. Armstrong)	Liv.e	Couldn't Wait to Tell You...	INDIFFERENT	2:37	s4mJalfO3XQ	MPREb_RkUZLhaoTmj	UCaaSp3ePKbpWIsXHE2bGy2Q
663	To Unplug	Liv.e	Couldn't Wait to Tell You...	INDIFFERENT	3:12	Oy1NzTtmlis	MPREb_RkUZLhaoTmj	UCaaSp3ePKbpWIsXHE2bGy2Q
664	Cut to the Chase	Liv.e	Couldn't Wait to Tell You...	INDIFFERENT	2:20	iRYh1jthF94	MPREb_RkUZLhaoTmj	UCaaSp3ePKbpWIsXHE2bGy2Q
665	Moving on Felt Great and This Feels (good) Too (feat. C.S. Armstrong)	Liv.e	Couldn't Wait to Tell You...	INDIFFERENT	2:44	d83aaX2Mbxs	MPREb_RkUZLhaoTmj	UCaaSp3ePKbpWIsXHE2bGy2Q
666	It’ll Be Okay (hymnal5)	Liv.e	Couldn't Wait to Tell You...	INDIFFERENT	1:24	surwYJLsfUs	MPREb_RkUZLhaoTmj	UCaaSp3ePKbpWIsXHE2bGy2Q
667	I Been Livin	Liv.e	Couldn't Wait to Tell You...	INDIFFERENT	3:46	fjGXiGUfbrA	MPREb_RkUZLhaoTmj	UCaaSp3ePKbpWIsXHE2bGy2Q
668	How She Stay Conflicted…i Hope He Understands	Liv.e	Couldn't Wait to Tell You...	INDIFFERENT	2:46	XVORoBJN_MQ	MPREb_RkUZLhaoTmj	UCaaSp3ePKbpWIsXHE2bGy2Q
669	You the One Fish in the Sea	Liv.e	Couldn't Wait to Tell You...	INDIFFERENT	2:32	JKGOHTPNkpo	MPREb_RkUZLhaoTmj	UCaaSp3ePKbpWIsXHE2bGy2Q
670	SirLadyMakemFall	Liv.e	Couldn't Wait to Tell You...	INDIFFERENT	2:15	VI66uQHFGd0	MPREb_RkUZLhaoTmj	UCaaSp3ePKbpWIsXHE2bGy2Q
671	These Past Years…told by Lord Byron (feat. Lord Byron)	Liv.e	Couldn't Wait to Tell You...	INDIFFERENT	2:24	h6vkUTLZSHM	MPREb_RkUZLhaoTmj	UCaaSp3ePKbpWIsXHE2bGy2Q
672	You’re Wasted Let’s Go Home	Liv.e	Couldn't Wait to Tell You...	INDIFFERENT	1:49	0YqfH8UIPXo	MPREb_RkUZLhaoTmj	UCaaSp3ePKbpWIsXHE2bGy2Q
673	Watchu Need Reminded by Akeema Zane (feat. Akeema Zane)	Liv.e	Couldn't Wait to Tell You...	INDIFFERENT	1:20	1_Lepm-JCdE	MPREb_RkUZLhaoTmj	UCaaSp3ePKbpWIsXHE2bGy2Q
674	LazyEaterBetsOnHerLikeness	Liv.e	Couldn't Wait to Tell You...	INDIFFERENT	2:17	FlSSSpcNdq4	MPREb_RkUZLhaoTmj	UCaaSp3ePKbpWIsXHE2bGy2Q
675	Bout My Big Man Batter	Liv.e	Couldn't Wait to Tell You...	INDIFFERENT	2:54	aSmokr8PNb4	MPREb_RkUZLhaoTmj	UCaaSp3ePKbpWIsXHE2bGy2Q
124	Silly Watch	Lil Uzi Vert	Eternal Atake	INDIFFERENT	3:16	Tj9e5scOx-Q	MPREb_D9SOOCh4tR6	UCybEdRVR5u_WFoV-BLTEBiA
125	Homecoming	Lil Uzi Vert	Eternal Atake	INDIFFERENT	3:34	mfbDkE3sh3g	MPREb_D9SOOCh4tR6	UCybEdRVR5u_WFoV-BLTEBiA
126	I'm Sorry	Lil Uzi Vert	Eternal Atake	INDIFFERENT	3:32	ZAafyWASV6M	MPREb_D9SOOCh4tR6	UCybEdRVR5u_WFoV-BLTEBiA
127	Celebration Station	Lil Uzi Vert	Eternal Atake	INDIFFERENT	3:16	KcioYEZay3I	MPREb_D9SOOCh4tR6	UCybEdRVR5u_WFoV-BLTEBiA
129	Chrome Heart Tags	Lil Uzi Vert	Eternal Atake	INDIFFERENT	3:33	PX1s3Za7OTs	MPREb_D9SOOCh4tR6	UCybEdRVR5u_WFoV-BLTEBiA
130	Bust Me	Lil Uzi Vert	Eternal Atake	INDIFFERENT	3:15	JHzU5K401Jw	MPREb_D9SOOCh4tR6	UCybEdRVR5u_WFoV-BLTEBiA
131	Prices	Lil Uzi Vert	Eternal Atake	INDIFFERENT	3:54	MMPclDyPVbM	MPREb_D9SOOCh4tR6	UCybEdRVR5u_WFoV-BLTEBiA
132	Urgency (feat. Syd)	Lil Uzi Vert	Eternal Atake	INDIFFERENT	3:02	hnu10axrBJI	MPREb_D9SOOCh4tR6	UCybEdRVR5u_WFoV-BLTEBiA
133	Venetia	Lil Uzi Vert	Eternal Atake	INDIFFERENT	3:09	cFdfp16o9No	MPREb_D9SOOCh4tR6	UCybEdRVR5u_WFoV-BLTEBiA
134	Secure The Bag	Lil Uzi Vert	Eternal Atake	INDIFFERENT	3:59	xpF0f0E3WmE	MPREb_D9SOOCh4tR6	UCybEdRVR5u_WFoV-BLTEBiA
137	That Way (Bonus Track)	Lil Uzi Vert	Eternal Atake	INDIFFERENT	3:33	FCMBVBEKxhQ	MPREb_D9SOOCh4tR6	UCybEdRVR5u_WFoV-BLTEBiA
369	Get Ugly	Lil Baby	My Turn	INDIFFERENT	2:36	rHdaZxkHaXM	MPREb_LFXVnNQWjBd	UC_z9AthnCGSAk_tZf-KqoFA
370	Heatin Up	Lil Baby	My Turn	INDIFFERENT	2:58	71wA0Q7HjpM	MPREb_LFXVnNQWjBd	UC_z9AthnCGSAk_tZf-KqoFA
371	How	Lil Baby	My Turn	INDIFFERENT	3:02	SpRSbTrYneI	MPREb_LFXVnNQWjBd	UC_z9AthnCGSAk_tZf-KqoFA
372	Grace	Lil Baby	My Turn	INDIFFERENT	3:24	nftl5OAdVvc	MPREb_LFXVnNQWjBd	UC_z9AthnCGSAk_tZf-KqoFA
373	Woah	Lil Baby	My Turn	INDIFFERENT	3:04	X8_3jKNbZtY	MPREb_LFXVnNQWjBd	UC_z9AthnCGSAk_tZf-KqoFA
374	Live Off My Closet (feat. Future)	Lil Baby	My Turn	INDIFFERENT	2:54	EL5YqXtau-U	MPREb_LFXVnNQWjBd	UC_z9AthnCGSAk_tZf-KqoFA
375	Same Thing	Lil Baby	My Turn	INDIFFERENT	2:43	HHquMifblxw	MPREb_LFXVnNQWjBd	UC_z9AthnCGSAk_tZf-KqoFA
376	Emotionally Scarred	Lil Baby	My Turn	INDIFFERENT	3:18	B6vZobXMflw	MPREb_LFXVnNQWjBd	UC_z9AthnCGSAk_tZf-KqoFA
377	Commercial (feat. Lil Uzi Vert)	Lil Baby	My Turn	INDIFFERENT	3:35	mmXC09jfQeo	MPREb_LFXVnNQWjBd	UC_z9AthnCGSAk_tZf-KqoFA
378	Forever (feat. Lil Wayne)	Lil Baby	My Turn	INDIFFERENT	3:22	f-ZqPPl5KBs	MPREb_LFXVnNQWjBd	UC_z9AthnCGSAk_tZf-KqoFA
380	We Should	Lil Baby	My Turn	INDIFFERENT	2:57	TUha1jXcn38	MPREb_LFXVnNQWjBd	UC_z9AthnCGSAk_tZf-KqoFA
381	"Catch The Sun (From ""Queen & Slim: The Soundtrack"")"	Lil Baby	My Turn	INDIFFERENT	3:03	4wuxENevDVs	MPREb_LFXVnNQWjBd	UC_z9AthnCGSAk_tZf-KqoFA
382	Consistent	Lil Baby	My Turn	INDIFFERENT	3:02	l8g7P6e--1E	MPREb_LFXVnNQWjBd	UC_z9AthnCGSAk_tZf-KqoFA
383	Gang Signs	Lil Baby	My Turn	INDIFFERENT	2:50	P-S4LoeUA3I	MPREb_LFXVnNQWjBd	UC_z9AthnCGSAk_tZf-KqoFA
384	Forget That	Lil Baby	My Turn	INDIFFERENT	2:48	XbKdrEfFZ2c	MPREb_LFXVnNQWjBd	UC_z9AthnCGSAk_tZf-KqoFA
385	Solid	Lil Baby	My Turn	INDIFFERENT	3:06	CeorMxNbnyw	MPREb_LFXVnNQWjBd	UC_z9AthnCGSAk_tZf-KqoFA
358	Para Transcribir (SOL)	Lido Pimienta	Miss Colombia	INDIFFERENT	2:52	nczMUgewQXw	MPREb_aBA1UhqYBR5	UCyvVDG6Oexfqkj2tfNKG2Vg
359	Eso Que Tu Haces	Lido Pimienta	Miss Colombia	INDIFFERENT	4:34	WSrUawNeMHs	MPREb_aBA1UhqYBR5	UCyvVDG6Oexfqkj2tfNKG2Vg
360	Nada (feat. Li Saumet)	Lido Pimienta	Miss Colombia	INDIFFERENT	4:59	aaj0-Zio0lg	MPREb_aBA1UhqYBR5	UCyvVDG6Oexfqkj2tfNKG2Vg
361	Te Queria	Lido Pimienta	Miss Colombia	INDIFFERENT	4:03	Wcw8KuBhGO0	MPREb_aBA1UhqYBR5	UCyvVDG6Oexfqkj2tfNKG2Vg
362	No Pude	Lido Pimienta	Miss Colombia	INDIFFERENT	3:49	6QuQLl-r2iM	MPREb_aBA1UhqYBR5	UCyvVDG6Oexfqkj2tfNKG2Vg
363	Coming Thru	Lido Pimienta	Miss Colombia	INDIFFERENT	2:41	7F6qPu35wfU	MPREb_aBA1UhqYBR5	UCyvVDG6Oexfqkj2tfNKG2Vg
364	Quiero Que Me Salves (Preludio) (feat. Rafael Cassiani Cassiani)	Lido Pimienta	Miss Colombia	INDIFFERENT	2:34	rHMj94AlpNo	MPREb_aBA1UhqYBR5	UCyvVDG6Oexfqkj2tfNKG2Vg
365	Quiero Que Me Salves (feat. Sexteto Tabala)	Lido Pimienta	Miss Colombia	INDIFFERENT	6:12	JaZwWokMlCU	MPREb_aBA1UhqYBR5	UCyvVDG6Oexfqkj2tfNKG2Vg
366	Pelo Cucu	Lido Pimienta	Miss Colombia	INDIFFERENT	4:13	OxddrrDWqKs	MPREb_aBA1UhqYBR5	UCyvVDG6Oexfqkj2tfNKG2Vg
367	Resisto Y Ya	Lido Pimienta	Miss Colombia	INDIFFERENT	2:47	HFB4F3A6hyI	MPREb_aBA1UhqYBR5	UCyvVDG6Oexfqkj2tfNKG2Vg
368	Para Transcribir (LUNA)	Lido Pimienta	Miss Colombia	INDIFFERENT	4:58	ISPlrd_9xDI	MPREb_aBA1UhqYBR5	UCyvVDG6Oexfqkj2tfNKG2Vg
31	Read My Mind	Lianne La Havas	Lianne La Havas	INDIFFERENT	4:49	hLzDEL3L3Rc	MPREb_qInZNzoUnFR	UCvps3soFaHEZy5Yx0aatUlA
32	Green Papaya	Lianne La Havas	Lianne La Havas	INDIFFERENT	4:06	-1b1aHW7E1g	MPREb_qInZNzoUnFR	UCvps3soFaHEZy5Yx0aatUlA
34	Paper Thin	Lianne La Havas	Lianne La Havas	INDIFFERENT	4:59	c8RS30k6Hys	MPREb_qInZNzoUnFR	UCvps3soFaHEZy5Yx0aatUlA
35	Out Of Your Mind (Interlude)	Lianne La Havas	Lianne La Havas	INDIFFERENT	1:05	CGbLBbf0zxY	MPREb_qInZNzoUnFR	UCvps3soFaHEZy5Yx0aatUlA
38	Seven Times	Lianne La Havas	Lianne La Havas	INDIFFERENT	3:31	dorFe0XZhB0	MPREb_qInZNzoUnFR	UCvps3soFaHEZy5Yx0aatUlA
39	Courage	Lianne La Havas	Lianne La Havas	INDIFFERENT	3:39	gcBI7VU7ULA	MPREb_qInZNzoUnFR	UCvps3soFaHEZy5Yx0aatUlA
40	Sour Flower	Lianne La Havas	Lianne La Havas	INDIFFERENT	6:48	XY8IVZ3_F9Q	MPREb_qInZNzoUnFR	UCvps3soFaHEZy5Yx0aatUlA
20	Alexandra	Laura Marling	Song For Our Daughter	INDIFFERENT	3:20	2D-XGoBsg0U	MPREb_fMscGuhDTDO	UCF73mrc2GIILbeCLzHUGbTg
22	Strange Girl	Laura Marling	Song For Our Daughter	INDIFFERENT	3:22	4ghPDiMZvVg	MPREb_fMscGuhDTDO	UCF73mrc2GIILbeCLzHUGbTg
24	Blow By Blow	Laura Marling	Song For Our Daughter	INDIFFERENT	2:56	uLpSwU-T0Ig	MPREb_fMscGuhDTDO	UCF73mrc2GIILbeCLzHUGbTg
25	Song For Our Daughter	Laura Marling	Song For Our Daughter	INDIFFERENT	4:07	2jIoE6zKQ_c	MPREb_fMscGuhDTDO	UCF73mrc2GIILbeCLzHUGbTg
26	Fortune	Laura Marling	Song For Our Daughter	INDIFFERENT	3:56	pQeAsTJoZ5k	MPREb_fMscGuhDTDO	UCF73mrc2GIILbeCLzHUGbTg
27	The End Of The Affair	Laura Marling	Song For Our Daughter	INDIFFERENT	3:25	ULjL8x7UaJM	MPREb_fMscGuhDTDO	UCF73mrc2GIILbeCLzHUGbTg
28	Hope We Meet Again	Laura Marling	Song For Our Daughter	INDIFFERENT	4:06	IKh4K3ZNh9A	MPREb_fMscGuhDTDO	UCF73mrc2GIILbeCLzHUGbTg
628	Magic	Kylie Minogue	DISCO (Deluxe)	INDIFFERENT	4:11	4dXVxSik5zI	MPREb_tBGAqLVK4cb	UCSyCovCbUAnejYPJhvaP7sg
629	Miss a Thing	Kylie Minogue	DISCO (Deluxe)	INDIFFERENT	3:57	wLUbnDDHei4	MPREb_tBGAqLVK4cb	UCSyCovCbUAnejYPJhvaP7sg
630	Real Groove	Kylie Minogue	DISCO (Deluxe)	INDIFFERENT	3:15	fsCjydYn4KQ	MPREb_tBGAqLVK4cb	UCSyCovCbUAnejYPJhvaP7sg
631	Monday Blues	Kylie Minogue	DISCO (Deluxe)	INDIFFERENT	3:10	3v6jHu_K8b0	MPREb_tBGAqLVK4cb	UCSyCovCbUAnejYPJhvaP7sg
632	Supernova	Kylie Minogue	DISCO (Deluxe)	INDIFFERENT	3:18	umpR_NEbkgE	MPREb_tBGAqLVK4cb	UCSyCovCbUAnejYPJhvaP7sg
633	Say Something	Kylie Minogue	DISCO (Deluxe)	INDIFFERENT	3:33	d5tnrdMqcxw	MPREb_tBGAqLVK4cb	UCSyCovCbUAnejYPJhvaP7sg
634	Last Chance	Kylie Minogue	DISCO (Deluxe)	INDIFFERENT	3:04	awtAxjBHH1U	MPREb_tBGAqLVK4cb	UCSyCovCbUAnejYPJhvaP7sg
635	I Love It	Kylie Minogue	DISCO (Deluxe)	INDIFFERENT	3:51	VUTLv6leY4c	MPREb_tBGAqLVK4cb	UCSyCovCbUAnejYPJhvaP7sg
636	Where Does the DJ Go?	Kylie Minogue	DISCO (Deluxe)	INDIFFERENT	3:02	b6ew-FI3Ecc	MPREb_tBGAqLVK4cb	UCSyCovCbUAnejYPJhvaP7sg
637	Dance Floor Darling	Kylie Minogue	DISCO (Deluxe)	INDIFFERENT	3:13	mPlUtux8ohQ	MPREb_tBGAqLVK4cb	UCSyCovCbUAnejYPJhvaP7sg
638	Unstoppable	Kylie Minogue	DISCO (Deluxe)	INDIFFERENT	3:35	DiRh0nyNcUc	MPREb_tBGAqLVK4cb	UCSyCovCbUAnejYPJhvaP7sg
639	Celebrate You	Kylie Minogue	DISCO (Deluxe)	INDIFFERENT	3:43	RieJwPGZOkY	MPREb_tBGAqLVK4cb	UCSyCovCbUAnejYPJhvaP7sg
640	Till You Love Somebody	Kylie Minogue	DISCO (Deluxe)	INDIFFERENT	3:03	2hykzMF2YeI	MPREb_tBGAqLVK4cb	UCSyCovCbUAnejYPJhvaP7sg
641	Fine Wine	Kylie Minogue	DISCO (Deluxe)	INDIFFERENT	2:45	lfLqHKneZ24	MPREb_tBGAqLVK4cb	UCSyCovCbUAnejYPJhvaP7sg
642	Hey Lonely	Kylie Minogue	DISCO (Deluxe)	INDIFFERENT	3:29	GwlZYd014ZQ	MPREb_tBGAqLVK4cb	UCSyCovCbUAnejYPJhvaP7sg
643	Spotlight	Kylie Minogue	DISCO (Deluxe)	INDIFFERENT	2:43	3nl36DYr1-Y	MPREb_tBGAqLVK4cb	UCSyCovCbUAnejYPJhvaP7sg
740	Toxic	Kehlani	It Was Good Until It Wasn't	INDIFFERENT	2:49	nIIzPN1YulI	MPREb_3Yk9s68h7vU	UCONwFIjhxe4MR2sY3Cv0adA
741	Can I	Kehlani	It Was Good Until It Wasn't	INDIFFERENT	2:48	VPpDAARi6u4	MPREb_3Yk9s68h7vU	UCONwFIjhxe4MR2sY3Cv0adA
742	Bad News	Kehlani	It Was Good Until It Wasn't	INDIFFERENT	3:06	2XiqaBP1mdE	MPREb_3Yk9s68h7vU	UCONwFIjhxe4MR2sY3Cv0adA
743	Real Hot Girl Skit	Kehlani	It Was Good Until It Wasn't	INDIFFERENT	0:16	ctLXrBg-mlw	MPREb_3Yk9s68h7vU	UCONwFIjhxe4MR2sY3Cv0adA
744	Water	Kehlani	It Was Good Until It Wasn't	INDIFFERENT	2:03	QORnuqwAfxY	MPREb_3Yk9s68h7vU	UCONwFIjhxe4MR2sY3Cv0adA
745	Change Your Life (feat. Jhené Aiko)	Kehlani	It Was Good Until It Wasn't	INDIFFERENT	3:12	hQib4WDhVMM	MPREb_3Yk9s68h7vU	UCONwFIjhxe4MR2sY3Cv0adA
746	Belong To The Streets Skit	Kehlani	It Was Good Until It Wasn't	INDIFFERENT	0:27	Z4phM777Kuc	MPREb_3Yk9s68h7vU	UCONwFIjhxe4MR2sY3Cv0adA
747	Everybody Business	Kehlani	It Was Good Until It Wasn't	INDIFFERENT	2:46	f25-5FLkfls	MPREb_3Yk9s68h7vU	UCONwFIjhxe4MR2sY3Cv0adA
748	Hate The Club (feat. Masego)	Kehlani	It Was Good Until It Wasn't	INDIFFERENT	4:39	QGcGJjCJdGE	MPREb_3Yk9s68h7vU	UCONwFIjhxe4MR2sY3Cv0adA
749	Serial Lover	Kehlani	It Was Good Until It Wasn't	INDIFFERENT	2:26	f5w_XSRKteo	MPREb_3Yk9s68h7vU	UCONwFIjhxe4MR2sY3Cv0adA
750	F&MU	Kehlani	It Was Good Until It Wasn't	INDIFFERENT	2:15	8q2bxIsHFjg	MPREb_3Yk9s68h7vU	UCONwFIjhxe4MR2sY3Cv0adA
751	Can You Blame Me (feat. Lucky Daye)	Kehlani	It Was Good Until It Wasn't	INDIFFERENT	3:04	QOumfCYHrtw	MPREb_3Yk9s68h7vU	UCONwFIjhxe4MR2sY3Cv0adA
753	Open (Passionate)	Kehlani	It Was Good Until It Wasn't	INDIFFERENT	4:06	itABoZFAdGk	MPREb_3Yk9s68h7vU	UCONwFIjhxe4MR2sY3Cv0adA
754	Lexii's Outro	Kehlani	It Was Good Until It Wasn't	INDIFFERENT	1:45	NM5NMxETCI0	MPREb_3Yk9s68h7vU	UCONwFIjhxe4MR2sY3Cv0adA
407	Debris	Keeley Forsyth	Debris	INDIFFERENT	2:44	sA4uFy-9VWE	MPREb_Q69Csk5zAC4	UCZMZR-BZQq0GOsIbf8nVxbw
408	Black Bull	Keeley Forsyth	Debris	INDIFFERENT	3:07	J6AIBC762Ms	MPREb_Q69Csk5zAC4	UCZMZR-BZQq0GOsIbf8nVxbw
409	It's Raining	Keeley Forsyth	Debris	INDIFFERENT	4:28	ONLlDU-zWO4	MPREb_Q69Csk5zAC4	UCZMZR-BZQq0GOsIbf8nVxbw
410	Look to Yourself	Keeley Forsyth	Debris	INDIFFERENT	4:54	XPKVZxfUjTg	MPREb_Q69Csk5zAC4	UCZMZR-BZQq0GOsIbf8nVxbw
411	Lost	Keeley Forsyth	Debris	INDIFFERENT	2:41	fXmjC21Yx3k	MPREb_Q69Csk5zAC4	UCZMZR-BZQq0GOsIbf8nVxbw
412	Butterfly	Keeley Forsyth	Debris	INDIFFERENT	3:44	JVNTh9h0VJM	MPREb_Q69Csk5zAC4	UCZMZR-BZQq0GOsIbf8nVxbw
413	Large Oak	Keeley Forsyth	Debris	INDIFFERENT	2:25	sCIzrxxOgeI	MPREb_Q69Csk5zAC4	UCZMZR-BZQq0GOsIbf8nVxbw
414	Start Again	Keeley Forsyth	Debris	INDIFFERENT	3:27	ENMxZcvX5nU	MPREb_Q69Csk5zAC4	UCZMZR-BZQq0GOsIbf8nVxbw
397	Not Not Not	Kate NV	Room For The Moon	INDIFFERENT	5:16	wNQMHYDUwXo	MPREb_oGEJ3GtNhDC	UCfmwhrP77AZkucy-B2UoTEA
398	Du Na	Kate NV	Room For The Moon	INDIFFERENT	4:49	h5AQHTE9bmo	MPREb_oGEJ3GtNhDC	UCfmwhrP77AZkucy-B2UoTEA
399	Sayonara (Full Moon Version)	Kate NV	Room For The Moon	INDIFFERENT	6:27	X51aQ9IJ3NU	MPREb_oGEJ3GtNhDC	UCfmwhrP77AZkucy-B2UoTEA
400	Ça Commence Par	Kate NV	Room For The Moon	INDIFFERENT	3:17	npuiXz5YKL4	MPREb_oGEJ3GtNhDC	UCfmwhrP77AZkucy-B2UoTEA
401	Marafon 15	Kate NV	Room For The Moon	INDIFFERENT	5:24	hJIVOKlQfWU	MPREb_oGEJ3GtNhDC	UCfmwhrP77AZkucy-B2UoTEA
402	Tea (Full Cup Version)	Kate NV	Room For The Moon	INDIFFERENT	3:40	4qB7UpnHeWE	MPREb_oGEJ3GtNhDC	UCfmwhrP77AZkucy-B2UoTEA
403	Lu Na	Kate NV	Room For The Moon	INDIFFERENT	4:38	v3xrVC7JcI8	MPREb_oGEJ3GtNhDC	UCfmwhrP77AZkucy-B2UoTEA
404	Plans	Kate NV	Room For The Moon	INDIFFERENT	5:39	Y9D8VpVsZaQ	MPREb_oGEJ3GtNhDC	UCfmwhrP77AZkucy-B2UoTEA
405	If Anyone's Sleepy	Kate NV	Room For The Moon	INDIFFERENT	3:22	JFIHtltdA8E	MPREb_oGEJ3GtNhDC	UCfmwhrP77AZkucy-B2UoTEA
406	Telefon	Kate NV	Room For The Moon	INDIFFERENT	4:37	o8uc8zxR-Y4	MPREb_oGEJ3GtNhDC	UCfmwhrP77AZkucy-B2UoTEA
777	Unbraiding Boundless Energy Within Boundaries	Kaitlyn Aurelia Smith	The Mosaic of Transformation	INDIFFERENT	1:08	3qK7zupVT50	MPREb_Ca57sK7J87x	UCgBYrIICTQWy3e731ZOdW6Q
778	Remembering	Kaitlyn Aurelia Smith	The Mosaic of Transformation	INDIFFERENT	5:53	xrBAirNt_zM	MPREb_Ca57sK7J87x	UCgBYrIICTQWy3e731ZOdW6Q
779	Understanding Body Messages	Kaitlyn Aurelia Smith	The Mosaic of Transformation	INDIFFERENT	1:24	U7DxFqxlyfI	MPREb_Ca57sK7J87x	UCgBYrIICTQWy3e731ZOdW6Q
780	The Steady Heart	Kaitlyn Aurelia Smith	The Mosaic of Transformation	INDIFFERENT	5:40	2EpjlWVWD6s	MPREb_Ca57sK7J87x	UCgBYrIICTQWy3e731ZOdW6Q
781	Carrying Gravity	Kaitlyn Aurelia Smith	The Mosaic of Transformation	INDIFFERENT	7:04	SdykPqRAF1k	MPREb_Ca57sK7J87x	UCgBYrIICTQWy3e731ZOdW6Q
782	The Spine Is Quiet In The Center	Kaitlyn Aurelia Smith	The Mosaic of Transformation	INDIFFERENT	5:12	BMmenOACUvY	MPREb_Ca57sK7J87x	UCgBYrIICTQWy3e731ZOdW6Q
783	Overflowing	Kaitlyn Aurelia Smith	The Mosaic of Transformation	INDIFFERENT	0:29	2Sa3r0TdDUQ	MPREb_Ca57sK7J87x	UCgBYrIICTQWy3e731ZOdW6Q
784	Deepening The Flow Of	Kaitlyn Aurelia Smith	The Mosaic of Transformation	INDIFFERENT	0:28	KHEL4dRP37c	MPREb_Ca57sK7J87x	UCgBYrIICTQWy3e731ZOdW6Q
785	Expanding Electricity	Kaitlyn Aurelia Smith	The Mosaic of Transformation	INDIFFERENT	10:37	a5LaBKpymog	MPREb_Ca57sK7J87x	UCgBYrIICTQWy3e731ZOdW6Q
287	Every Now and Then	Ka	Descendants of Cain	INDIFFERENT	3:35	UiVAnEI0XeU	MPREb_rAatPhykNvB	UCeVTN5NrCG6xro_S7TCHT1w
288	Unto the Dust	Ka	Descendants of Cain	INDIFFERENT	3:08	bnZHzcZTwKY	MPREb_rAatPhykNvB	UCeVTN5NrCG6xro_S7TCHT1w
289	Patron Saints	Ka	Descendants of Cain	INDIFFERENT	2:36	4-0XMc7Kw-E	MPREb_rAatPhykNvB	UCeVTN5NrCG6xro_S7TCHT1w
290	My Brother's Keeper	Ka	Descendants of Cain	INDIFFERENT	2:51	J7hoTY6FIH0	MPREb_rAatPhykNvB	UCeVTN5NrCG6xro_S7TCHT1w
291	Solitude of Enoch	Ka	Descendants of Cain	INDIFFERENT	3:40	Zxvqe19O2H4	MPREb_rAatPhykNvB	UCeVTN5NrCG6xro_S7TCHT1w
292	The Eye of a Needle	Ka	Descendants of Cain	INDIFFERENT	3:23	8MN_UDZ1XDU	MPREb_rAatPhykNvB	UCeVTN5NrCG6xro_S7TCHT1w
293	Pray	Ka	Descendants of Cain	INDIFFERENT	2:43	dramVRQoOWo	MPREb_rAatPhykNvB	UCeVTN5NrCG6xro_S7TCHT1w
294	Land of Nod	Ka	Descendants of Cain	INDIFFERENT	2:26	7g7Ucn3SB9c	MPREb_rAatPhykNvB	UCeVTN5NrCG6xro_S7TCHT1w
295	Sins of the Father	Ka	Descendants of Cain	INDIFFERENT	2:47	tvyLNTh_enY	MPREb_rAatPhykNvB	UCeVTN5NrCG6xro_S7TCHT1w
296	Old Justice	Ka	Descendants of Cain	INDIFFERENT	2:42	bjOke1fLoi0	MPREb_rAatPhykNvB	UCeVTN5NrCG6xro_S7TCHT1w
297	I Love (Mimi, Moms, Kev)	Ka	Descendants of Cain	INDIFFERENT	3:14	GcntzQqAr_M	MPREb_rAatPhykNvB	UCeVTN5NrCG6xro_S7TCHT1w
281	Why Are You Here	KMRU	Peel	INDIFFERENT	15:11	clQ2eJXtRt8	MPREb_dWhOKkEdMGO	UC0uO9vd_nkCatzNK4oMDr9g
282	Well	KMRU	Peel	INDIFFERENT	5:31	_EJHrVFkdEo	MPREb_dWhOKkEdMGO	UC0uO9vd_nkCatzNK4oMDr9g
283	Solace	KMRU	Peel	INDIFFERENT	12:49	ffi1kUhzTT8	MPREb_dWhOKkEdMGO	UC0uO9vd_nkCatzNK4oMDr9g
284	Klang	KMRU	Peel	INDIFFERENT	6:11	7OQuo172YJg	MPREb_dWhOKkEdMGO	UC0uO9vd_nkCatzNK4oMDr9g
285	Insubstanial	KMRU	Peel	INDIFFERENT	12:56	1GWgMGID9yU	MPREb_dWhOKkEdMGO	UC0uO9vd_nkCatzNK4oMDr9g
286	Peel	KMRU	Peel	INDIFFERENT	22:59	jb250fIxcag	MPREb_dWhOKkEdMGO	UC0uO9vd_nkCatzNK4oMDr9g
386	I Am	Jehnny Beth	TO LOVE IS TO LIVE	INDIFFERENT	3:43	bMMsSsVvm6U	MPREb_YD15la76gJG	UC_KE8jKVZAkwK1FyctSMQ9Q
387	Innocence	Jehnny Beth	TO LOVE IS TO LIVE	INDIFFERENT	3:23	26naIUBRp8A	MPREb_YD15la76gJG	UC_KE8jKVZAkwK1FyctSMQ9Q
388	Flower	Jehnny Beth	TO LOVE IS TO LIVE	INDIFFERENT	3:20	DknsgjnlGJQ	MPREb_YD15la76gJG	UC_KE8jKVZAkwK1FyctSMQ9Q
389	We Will Sin Together	Jehnny Beth	TO LOVE IS TO LIVE	INDIFFERENT	3:01	ddmHTGFfGdM	MPREb_YD15la76gJG	UC_KE8jKVZAkwK1FyctSMQ9Q
390	A Place Above (feat. Cillian Murphy)	Jehnny Beth	TO LOVE IS TO LIVE	INDIFFERENT	1:14	kTj6HdJTZcE	MPREb_YD15la76gJG	UC_KE8jKVZAkwK1FyctSMQ9Q
391	I'm the Man	Jehnny Beth	TO LOVE IS TO LIVE	INDIFFERENT	2:40	Aqki5TcEugU	MPREb_YD15la76gJG	UC_KE8jKVZAkwK1FyctSMQ9Q
392	The Rooms	Jehnny Beth	TO LOVE IS TO LIVE	INDIFFERENT	4:19	d1-NYhpDal8	MPREb_YD15la76gJG	UC_KE8jKVZAkwK1FyctSMQ9Q
393	Heroine	Jehnny Beth	TO LOVE IS TO LIVE	INDIFFERENT	4:02	ruQKOn6X55Q	MPREb_YD15la76gJG	UC_KE8jKVZAkwK1FyctSMQ9Q
394	How Could You (feat. IDLES)	Jehnny Beth	TO LOVE IS TO LIVE	INDIFFERENT	3:00	pqM9vm4GbOU	MPREb_YD15la76gJG	UC_KE8jKVZAkwK1FyctSMQ9Q
395	French Countryside	Jehnny Beth	TO LOVE IS TO LIVE	INDIFFERENT	3:59	NrUWKvVBOrE	MPREb_YD15la76gJG	UC_KE8jKVZAkwK1FyctSMQ9Q
396	Human	Jehnny Beth	TO LOVE IS TO LIVE	INDIFFERENT	6:02	iJ3ttuRA3kY	MPREb_YD15la76gJG	UC_KE8jKVZAkwK1FyctSMQ9Q
86	C'mon Now	Jeff Parker	Suite for Max Brown	INDIFFERENT	0:26	d5suGU8SzQg	MPREb_XaonGWI7oWw	UCgf0KjUuZ6cCTzpJFIp9U0Q
87	Fusion Swirl	Jeff Parker	Suite for Max Brown	INDIFFERENT	5:33	KDW5tQFycE0	MPREb_XaonGWI7oWw	UCgf0KjUuZ6cCTzpJFIp9U0Q
88	After the Rain	Jeff Parker	Suite for Max Brown	INDIFFERENT	4:46	NJaob_FbJfo	MPREb_XaonGWI7oWw	UCgf0KjUuZ6cCTzpJFIp9U0Q
89	Metamorphoses	Jeff Parker	Suite for Max Brown	INDIFFERENT	1:49	9pjo28pbAVI	MPREb_XaonGWI7oWw	UCgf0KjUuZ6cCTzpJFIp9U0Q
91	Lydian, Etc.	Jeff Parker	Suite for Max Brown	INDIFFERENT	0:56	8aybCkVhdqw	MPREb_XaonGWI7oWw	UCgf0KjUuZ6cCTzpJFIp9U0Q
94	Go Away	Jeff Parker	Suite for Max Brown	INDIFFERENT	4:59	5zEmVCiiJiA	MPREb_XaonGWI7oWw	UCgf0KjUuZ6cCTzpJFIp9U0Q
95	Max Brown	Jeff Parker	Suite for Max Brown	INDIFFERENT	10:37	bF-9521i9ho	MPREb_XaonGWI7oWw	UCgf0KjUuZ6cCTzpJFIp9U0Q
168	What've I Done to Help	Jason Isbell And The 400 Unit	Reunions	INDIFFERENT	6:41	86jPL9eBdzc	MPREb_MCQHCJe3avD	UCC382Qu-K5nKUFsbBzbjyMg
169	Dreamsicle	Jason Isbell And The 400 Unit	Reunions	INDIFFERENT	3:45	Yg0YGb4-wXc	MPREb_MCQHCJe3avD	UCC382Qu-K5nKUFsbBzbjyMg
170	Only Children	Jason Isbell And The 400 Unit	Reunions	INDIFFERENT	3:58	0kFWf5Yw_lQ	MPREb_MCQHCJe3avD	UCC382Qu-K5nKUFsbBzbjyMg
171	Overseas	Jason Isbell And The 400 Unit	Reunions	INDIFFERENT	5:08	V4kFqy7U6NE	MPREb_MCQHCJe3avD	UCC382Qu-K5nKUFsbBzbjyMg
172	Running with Our Eyes Closed	Jason Isbell And The 400 Unit	Reunions	INDIFFERENT	3:43	FAQ6ZYJLzfQ	MPREb_MCQHCJe3avD	UCC382Qu-K5nKUFsbBzbjyMg
173	River	Jason Isbell And The 400 Unit	Reunions	INDIFFERENT	3:23	p5bathZEbNU	MPREb_MCQHCJe3avD	UCC382Qu-K5nKUFsbBzbjyMg
174	Be Afraid	Jason Isbell And The 400 Unit	Reunions	INDIFFERENT	3:20	xsXit_QZTtw	MPREb_MCQHCJe3avD	UCC382Qu-K5nKUFsbBzbjyMg
175	St. Peter's Autograph	Jason Isbell And The 400 Unit	Reunions	INDIFFERENT	4:11	LGdQsOLhkeI	MPREb_MCQHCJe3avD	UCC382Qu-K5nKUFsbBzbjyMg
176	It Gets Easier	Jason Isbell And The 400 Unit	Reunions	INDIFFERENT	3:48	2CagbTwPxXw	MPREb_MCQHCJe3avD	UCC382Qu-K5nKUFsbBzbjyMg
177	Letting You Go	Jason Isbell And The 400 Unit	Reunions	INDIFFERENT	3:23	g6alzZQXi7Y	MPREb_MCQHCJe3avD	UCC382Qu-K5nKUFsbBzbjyMg
139	Helicopter (feat. iceè tgm)	J Hus	Big Conspiracy	INDIFFERENT	2:34	GAkp-EOuiVA	MPREb_U1405vZrWr0	UCKacngDrA2gReTn0FrQSeYg
140	Fight for Your Right	J Hus	Big Conspiracy	INDIFFERENT	3:18	5-eVYwvabFg	MPREb_U1405vZrWr0	UCKacngDrA2gReTn0FrQSeYg
142	Play Play (feat. Burna Boy)	J Hus	Big Conspiracy	INDIFFERENT	3:26	OrDaZeNp2EU	MPREb_U1405vZrWr0	UCKacngDrA2gReTn0FrQSeYg
143	Cucumber	J Hus	Big Conspiracy	INDIFFERENT	2:41	5oKOs4rKgrQ	MPREb_U1405vZrWr0	UCKacngDrA2gReTn0FrQSeYg
144	Repeat (feat. Koffee)	J Hus	Big Conspiracy	INDIFFERENT	2:34	V0dWT8JejB8	MPREb_U1405vZrWr0	UCKacngDrA2gReTn0FrQSeYg
145	Fortune Teller	J Hus	Big Conspiracy	INDIFFERENT	2:35	f1M03c4uP4I	MPREb_U1405vZrWr0	UCKacngDrA2gReTn0FrQSeYg
146	Reckless	J Hus	Big Conspiracy	INDIFFERENT	2:29	r0EvFbtYV-Q	MPREb_U1405vZrWr0	UCKacngDrA2gReTn0FrQSeYg
147	No Denying	J Hus	Big Conspiracy	INDIFFERENT	3:49	q1naos-Io-U	MPREb_U1405vZrWr0	UCKacngDrA2gReTn0FrQSeYg
148	Must Be	J Hus	Big Conspiracy	INDIFFERENT	3:29	6bqx7gGFcU4	MPREb_U1405vZrWr0	UCKacngDrA2gReTn0FrQSeYg
149	One and Only (feat. Ella Mai)	J Hus	Big Conspiracy	INDIFFERENT	3:27	Vhxu16aa36s	MPREb_U1405vZrWr0	UCKacngDrA2gReTn0FrQSeYg
150	Love, Peace and Prosperity	J Hus	Big Conspiracy	INDIFFERENT	3:15	OThD6OreDOA	MPREb_U1405vZrWr0	UCKacngDrA2gReTn0FrQSeYg
151	Deeper Than Rap	J Hus	Big Conspiracy	INDIFFERENT	4:06	gfTSRgZJF8s	MPREb_U1405vZrWr0	UCKacngDrA2gReTn0FrQSeYg
623	The Code Noir / Amina (feat. Keir Neuringer)	Irreversible Entanglements	Who Sent You?	INDIFFERENT	7:31	wb_AVV7xoKE	MPREb_urV7SCnNQDn	UCiDx5OWqheaGZnsk66NbrXA
624	Who Sent You — Ritual (feat. Tcheser Holmes)	Irreversible Entanglements	Who Sent You?	INDIFFERENT	14:46	DCFr9h9134w	MPREb_urV7SCnNQDn	UCiDx5OWqheaGZnsk66NbrXA
625	No Más (feat. Aquiles Navarro)	Irreversible Entanglements	Who Sent You?	INDIFFERENT	7:59	3s5D5MUiu8A	MPREb_urV7SCnNQDn	UCiDx5OWqheaGZnsk66NbrXA
626	Blues Ideology (feat. Moor Mother)	Irreversible Entanglements	Who Sent You?	INDIFFERENT	8:23	tO80pAkuYUc	MPREb_urV7SCnNQDn	UCiDx5OWqheaGZnsk66NbrXA
627	Bread Out of Stone (feat. Luke Stewart)	Irreversible Entanglements	Who Sent You?	INDIFFERENT	4:49	Jo6LqRsfQ88	MPREb_urV7SCnNQDn	UCiDx5OWqheaGZnsk66NbrXA
861	Turn	I Break Horses	Warnings	INDIFFERENT	9:01	JXN4EUu0qQ8	MPREb_TXlzpb3vAyd	UCSKXGBkQnsvcE2ltOYKX2Bw
862	Silence	I Break Horses	Warnings	INDIFFERENT	4:29	3y3YCb2tFDY	MPREb_TXlzpb3vAyd	UCSKXGBkQnsvcE2ltOYKX2Bw
863	l a r m	I Break Horses	Warnings	INDIFFERENT	1:04	SJ3qLV-JZ6k	MPREb_TXlzpb3vAyd	UCSKXGBkQnsvcE2ltOYKX2Bw
864	I'll Be The Death Of You	I Break Horses	Warnings	INDIFFERENT	4:38	3zTaNgTW34Q	MPREb_TXlzpb3vAyd	UCSKXGBkQnsvcE2ltOYKX2Bw
865	d e n  l i l l a   p å s e   a v   l y c k a	I Break Horses	Warnings	INDIFFERENT	2:00	gpLpATY-kOQ	MPREb_TXlzpb3vAyd	UCSKXGBkQnsvcE2ltOYKX2Bw
866	The Prophet	I Break Horses	Warnings	INDIFFERENT	5:42	l2hDFA2FwxU	MPREb_TXlzpb3vAyd	UCSKXGBkQnsvcE2ltOYKX2Bw
867	Neon Lights	I Break Horses	Warnings	INDIFFERENT	5:45	5vATkT14VFU	MPREb_TXlzpb3vAyd	UCSKXGBkQnsvcE2ltOYKX2Bw
868	I Live At Night	I Break Horses	Warnings	INDIFFERENT	4:30	z5BBKGlTvqU	MPREb_TXlzpb3vAyd	UCSKXGBkQnsvcE2ltOYKX2Bw
869	Baby You Have Travelled For Miles Without Love In Your Eyes	I Break Horses	Warnings	INDIFFERENT	4:25	PZwULmavyy0	MPREb_TXlzpb3vAyd	UCSKXGBkQnsvcE2ltOYKX2Bw
870	Death Engine	I Break Horses	Warnings	INDIFFERENT	7:52	Hg99vEFZF0I	MPREb_TXlzpb3vAyd	UCSKXGBkQnsvcE2ltOYKX2Bw
871	a b s o l u t a  m o l l p u n k t e	I Break Horses	Warnings	INDIFFERENT	2:18	JbH5-W82LgY	MPREb_TXlzpb3vAyd	UCSKXGBkQnsvcE2ltOYKX2Bw
872	Depression Tourist	I Break Horses	Warnings	INDIFFERENT	2:34	QYlVSxyYb6s	MPREb_TXlzpb3vAyd	UCSKXGBkQnsvcE2ltOYKX2Bw
829	Fanfare for Effective Freedom	Horse Lords	The Common Task	INDIFFERENT	7:21	AVe41FtYrHk	MPREb_DjuAIUY29Xj	UCHoNF_Z1Q1j09EEIuHMUODw
830	Against Gravity	Horse Lords	The Common Task	INDIFFERENT	7:48	u2Btu4eeHgY	MPREb_DjuAIUY29Xj	UCHoNF_Z1Q1j09EEIuHMUODw
831	The Radiant City	Horse Lords	The Common Task	INDIFFERENT	3:03	JvVNoBFdrhE	MPREb_DjuAIUY29Xj	UCHoNF_Z1Q1j09EEIuHMUODw
832	People's Park	Horse Lords	The Common Task	INDIFFERENT	4:20	00A1jOqC24Y	MPREb_DjuAIUY29Xj	UCHoNF_Z1Q1j09EEIuHMUODw
833	Integral Accident	Horse Lords	The Common Task	INDIFFERENT	18:38	RnLWJmYChhY	MPREb_DjuAIUY29Xj	UCHoNF_Z1Q1j09EEIuHMUODw
927	Green Shadows	Honey Harper	Starmaker	INDIFFERENT	3:12	I817z8DBop4	MPREb_wrxwHikvxKN	UCUkvbcIVp_YZailN8dZXwDw
928	In Light Of Us	Honey Harper	Starmaker	INDIFFERENT	3:13	3s8-h1dSAac	MPREb_wrxwHikvxKN	UCUkvbcIVp_YZailN8dZXwDw
929	The Day It Rained Forever	Honey Harper	Starmaker	INDIFFERENT	2:59	-7J-VUedCX8	MPREb_wrxwHikvxKN	UCUkvbcIVp_YZailN8dZXwDw
930	Something Relative	Honey Harper	Starmaker	INDIFFERENT	4:03	xIUgXJG3xX0	MPREb_wrxwHikvxKN	UCUkvbcIVp_YZailN8dZXwDw
931	Tired Tower	Honey Harper	Starmaker	INDIFFERENT	3:28	jiVR14Ha0wc	MPREb_wrxwHikvxKN	UCUkvbcIVp_YZailN8dZXwDw
932	Suzuki Dreams	Honey Harper	Starmaker	INDIFFERENT	3:04	QYdMLIRQ-_0	MPREb_wrxwHikvxKN	UCUkvbcIVp_YZailN8dZXwDw
933	Vaguely Satisfied	Honey Harper	Starmaker	INDIFFERENT	2:41	ZVpuwpHLeO8	MPREb_wrxwHikvxKN	UCUkvbcIVp_YZailN8dZXwDw
934	Someone Else's Dream (feat. Austra)	Honey Harper	Starmaker	INDIFFERENT	3:27	wZP39QOyUzs	MPREb_wrxwHikvxKN	UCUkvbcIVp_YZailN8dZXwDw
935	Tomorrow Never Comes	Honey Harper	Starmaker	INDIFFERENT	3:38	f0ZY0yVIAtw	MPREb_wrxwHikvxKN	UCUkvbcIVp_YZailN8dZXwDw
936	Strawberry Lite	Honey Harper	Starmaker	INDIFFERENT	2:55	ljdlUoOjyC4	MPREb_wrxwHikvxKN	UCUkvbcIVp_YZailN8dZXwDw
937	Starmaker (feat. Sébastien Tellier)	Honey Harper	Starmaker	INDIFFERENT	3:40	RW7dwz51NSA	MPREb_wrxwHikvxKN	UCUkvbcIVp_YZailN8dZXwDw
41	Simmer	Hayley Williams	Petals For Armor	INDIFFERENT	4:27	i87yPQJHDKI	MPREb_ZCpGXgi8AIB	UCjHhpxFgQlAoNX3t7hjAplA
42	Leave It Alone	Hayley Williams	Petals For Armor	INDIFFERENT	4:06	Mk4tUFfVct0	MPREb_ZCpGXgi8AIB	UCjHhpxFgQlAoNX3t7hjAplA
43	Cinnamon	Hayley Williams	Petals For Armor	INDIFFERENT	3:32	7UWbvtx1DZM	MPREb_ZCpGXgi8AIB	UCjHhpxFgQlAoNX3t7hjAplA
44	Creepin'	Hayley Williams	Petals For Armor	INDIFFERENT	2:59	JX2IxawJOmM	MPREb_ZCpGXgi8AIB	UCjHhpxFgQlAoNX3t7hjAplA
46	Dead Horse	Hayley Williams	Petals For Armor	INDIFFERENT	3:20	7qfradeuH8k	MPREb_ZCpGXgi8AIB	UCjHhpxFgQlAoNX3t7hjAplA
47	My Friend	Hayley Williams	Petals For Armor	INDIFFERENT	3:40	fvaTsvgEKbo	MPREb_ZCpGXgi8AIB	UCjHhpxFgQlAoNX3t7hjAplA
48	Over Yet	Hayley Williams	Petals For Armor	INDIFFERENT	3:36	Ujzs8tB2nDs	MPREb_ZCpGXgi8AIB	UCjHhpxFgQlAoNX3t7hjAplA
49	Roses/Lotus/Violet/Iris	Hayley Williams	Petals For Armor	INDIFFERENT	5:22	p_ymciLWK7Y	MPREb_ZCpGXgi8AIB	UCjHhpxFgQlAoNX3t7hjAplA
50	Why We Ever	Hayley Williams	Petals For Armor	INDIFFERENT	4:24	1hJWujyiHM4	MPREb_ZCpGXgi8AIB	UCjHhpxFgQlAoNX3t7hjAplA
51	Pure Love	Hayley Williams	Petals For Armor	INDIFFERENT	3:08	YWhaoHOI__0	MPREb_ZCpGXgi8AIB	UCjHhpxFgQlAoNX3t7hjAplA
52	Taken	Hayley Williams	Petals For Armor	INDIFFERENT	2:46	X6bchhNm5IA	MPREb_ZCpGXgi8AIB	UCjHhpxFgQlAoNX3t7hjAplA
53	Sugar On The Rim	Hayley Williams	Petals For Armor	INDIFFERENT	4:15	RXu8x8XKDLs	MPREb_ZCpGXgi8AIB	UCjHhpxFgQlAoNX3t7hjAplA
54	Watch Me While I Bloom	Hayley Williams	Petals For Armor	INDIFFERENT	3:45	Z6q2AiFJKUU	MPREb_ZCpGXgi8AIB	UCjHhpxFgQlAoNX3t7hjAplA
55	Crystal Clear	Hayley Williams	Petals For Armor	INDIFFERENT	3:33	uSX-cxw9rpU	MPREb_ZCpGXgi8AIB	UCjHhpxFgQlAoNX3t7hjAplA
191	Never Let You Go	Georgia	Seeking Thrills	INDIFFERENT	3:47	_o4BmBdqs7I	MPREb_qwIYUK1ubPw	UCxvAuT4teHaw0hwN__QGNMw
192	24 Hours	Georgia	Seeking Thrills	INDIFFERENT	3:05	sjQraC2NhbA	MPREb_qwIYUK1ubPw	UCxvAuT4teHaw0hwN__QGNMw
193	Mellow (feat. Shygirl)	Georgia	Seeking Thrills	INDIFFERENT	3:39	JkvBiNjd7OM	MPREb_qwIYUK1ubPw	UCxvAuT4teHaw0hwN__QGNMw
194	Till I Own It	Georgia	Seeking Thrills	INDIFFERENT	3:49	R7j46eZ2VaY	MPREb_qwIYUK1ubPw	UCxvAuT4teHaw0hwN__QGNMw
195	I Can't Wait	Georgia	Seeking Thrills	INDIFFERENT	3:08	ZNj-XV-NSo8	MPREb_qwIYUK1ubPw	UCxvAuT4teHaw0hwN__QGNMw
196	Feel It	Georgia	Seeking Thrills	INDIFFERENT	3:52	gQ9ScUvaVto	MPREb_qwIYUK1ubPw	UCxvAuT4teHaw0hwN__QGNMw
197	Ultimate Sailor	Georgia	Seeking Thrills	INDIFFERENT	3:36	nyf5JYR2SLE	MPREb_qwIYUK1ubPw	UCxvAuT4teHaw0hwN__QGNMw
198	Ray Guns	Georgia	Seeking Thrills	INDIFFERENT	3:26	c0QpefHaMxA	MPREb_qwIYUK1ubPw	UCxvAuT4teHaw0hwN__QGNMw
199	The Thrill (feat. Maurice)	Georgia	Seeking Thrills	INDIFFERENT	4:27	f6UG1ZMYZ0s	MPREb_qwIYUK1ubPw	UCxvAuT4teHaw0hwN__QGNMw
200	Honey Dripping Sky	Georgia	Seeking Thrills	INDIFFERENT	4:53	IquYfOWPr0c	MPREb_qwIYUK1ubPw	UCxvAuT4teHaw0hwN__QGNMw
201	Never Let You Go (Alternative Version)	Georgia	Seeking Thrills	INDIFFERENT	3:46	WxGz_whjXq8	MPREb_qwIYUK1ubPw	UCxvAuT4teHaw0hwN__QGNMw
426	Mood Everyday (Intro)	Flo Milli	Ho, why is you here ?	INDIFFERENT	0:51	yyUDHK8HzBo	MPREb_Um3MEhiEUvY	UCSY7W__age2kaQtv-OjgLIw
427	Beef FloMix	Flo Milli	Ho, why is you here ?	INDIFFERENT	2:28	4il5ph9Q-uQ	MPREb_Um3MEhiEUvY	UCSY7W__age2kaQtv-OjgLIw
428	Like That Bitch	Flo Milli	Ho, why is you here ?	INDIFFERENT	3:24	AfCHRCWRNm4	MPREb_Um3MEhiEUvY	UCSY7W__age2kaQtv-OjgLIw
429	In The Party	Flo Milli	Ho, why is you here ?	INDIFFERENT	2:18	VYkh7uxW3Zg	MPREb_Um3MEhiEUvY	UCSY7W__age2kaQtv-OjgLIw
430	Pockets Bigger	Flo Milli	Ho, why is you here ?	INDIFFERENT	1:47	h5lbXQWwTrA	MPREb_Um3MEhiEUvY	UCSY7W__age2kaQtv-OjgLIw
431	Weak	Flo Milli	Ho, why is you here ?	INDIFFERENT	2:37	zLoS2hsscww	MPREb_Um3MEhiEUvY	UCSY7W__age2kaQtv-OjgLIw
432	Send The Addy	Flo Milli	Ho, why is you here ?	INDIFFERENT	2:13	YThDkv5rzdo	MPREb_Um3MEhiEUvY	UCSY7W__age2kaQtv-OjgLIw
433	19	Flo Milli	Ho, why is you here ?	INDIFFERENT	2:25	9ZVuPwsOjY0	MPREb_Um3MEhiEUvY	UCSY7W__age2kaQtv-OjgLIw
434	May I	Flo Milli	Ho, why is you here ?	INDIFFERENT	2:44	zX97cbcTTr4	MPREb_Um3MEhiEUvY	UCSY7W__age2kaQtv-OjgLIw
435	Pussycat Doll	Flo Milli	Ho, why is you here ?	INDIFFERENT	2:40	0jdV2u332EI	MPREb_Um3MEhiEUvY	UCSY7W__age2kaQtv-OjgLIw
436	Not Friendly	Flo Milli	Ho, why is you here ?	INDIFFERENT	3:56	b19AYcJV5Q8	MPREb_Um3MEhiEUvY	UCSY7W__age2kaQtv-OjgLIw
437	Scuse Me	Flo Milli	Ho, why is you here ?	INDIFFERENT	2:45	CIB7QVzE5sU	MPREb_Um3MEhiEUvY	UCSY7W__age2kaQtv-OjgLIw
1029	I'm Your Empress Of	Empress Of	I'm Your Empress Of	INDIFFERENT	1:46	y3wEUkFGOG4	MPREb_0r0WNZP0mR2	UCbcaqniFdeP7NIwbeZABk1g
1030	Bit Of Rain	Empress Of	I'm Your Empress Of	INDIFFERENT	3:31	QkfwSb6xGDE	MPREb_0r0WNZP0mR2	UCbcaqniFdeP7NIwbeZABk1g
1031	Void	Empress Of	I'm Your Empress Of	INDIFFERENT	3:10	ok6lq4-HzJo	MPREb_0r0WNZP0mR2	UCbcaqniFdeP7NIwbeZABk1g
1032	Love Is A Drug	Empress Of	I'm Your Empress Of	INDIFFERENT	2:41	AS74zcw4SJk	MPREb_0r0WNZP0mR2	UCbcaqniFdeP7NIwbeZABk1g
1033	U Give It Up	Empress Of	I'm Your Empress Of	INDIFFERENT	3:30	0zkxJ6CxwbI	MPREb_0r0WNZP0mR2	UCbcaqniFdeP7NIwbeZABk1g
1034	Should've	Empress Of	I'm Your Empress Of	INDIFFERENT	2:21	YHklfet4S50	MPREb_0r0WNZP0mR2	UCbcaqniFdeP7NIwbeZABk1g
1035	Give Me Another Chance	Empress Of	I'm Your Empress Of	INDIFFERENT	2:41	Lnu52qJ7Whk	MPREb_0r0WNZP0mR2	UCbcaqniFdeP7NIwbeZABk1g
1036	What's The Point	Empress Of	I'm Your Empress Of	INDIFFERENT	2:29	odN6RjW_kqI	MPREb_0r0WNZP0mR2	UCbcaqniFdeP7NIwbeZABk1g
1038	Not The One	Empress Of	I'm Your Empress Of	INDIFFERENT	3:12	ln3jvZ5B9o8	MPREb_0r0WNZP0mR2	UCbcaqniFdeP7NIwbeZABk1g
1039	Hold Me Like Water	Empress Of	I'm Your Empress Of	INDIFFERENT	2:55	Y2HdmsXCPpk	MPREb_0r0WNZP0mR2	UCbcaqniFdeP7NIwbeZABk1g
1040	Awful	Empress Of	I'm Your Empress Of	INDIFFERENT	2:22	15Thd53_cHI	MPREb_0r0WNZP0mR2	UCbcaqniFdeP7NIwbeZABk1g
306	Airborne Ashes	Eartheater	Phoenix: Flames Are Dew Upon My Skin	INDIFFERENT	3:27	s3pUViNw_Vc	MPREb_gWwu8X4rbPG	UCO7iNPKPpQSn4JhUcPq-Jog
307	Metallic Taste of Patience	Eartheater	Phoenix: Flames Are Dew Upon My Skin	INDIFFERENT	3:51	s_df2cfbbSs	MPREb_gWwu8X4rbPG	UCO7iNPKPpQSn4JhUcPq-Jog
308	Below The Clavicle	Eartheater	Phoenix: Flames Are Dew Upon My Skin	INDIFFERENT	3:59	z4WPKE3FSS8	MPREb_gWwu8X4rbPG	UCO7iNPKPpQSn4JhUcPq-Jog
309	Burning Feather	Eartheater	Phoenix: Flames Are Dew Upon My Skin	INDIFFERENT	1:26	c2JGrcTmFyo	MPREb_gWwu8X4rbPG	UCO7iNPKPpQSn4JhUcPq-Jog
310	How To Fight	Eartheater	Phoenix: Flames Are Dew Upon My Skin	INDIFFERENT	3:32	fKrNBFUu4J0	MPREb_gWwu8X4rbPG	UCO7iNPKPpQSn4JhUcPq-Jog
311	Kiss of The Phoenix	Eartheater	Phoenix: Flames Are Dew Upon My Skin	INDIFFERENT	3:04	1nJ8gYRe6AA	MPREb_gWwu8X4rbPG	UCO7iNPKPpQSn4JhUcPq-Jog
312	Volcano	Eartheater	Phoenix: Flames Are Dew Upon My Skin	INDIFFERENT	4:36	VZeKtFjdI6k	MPREb_gWwu8X4rbPG	UCO7iNPKPpQSn4JhUcPq-Jog
313	Fantasy Collision	Eartheater	Phoenix: Flames Are Dew Upon My Skin	INDIFFERENT	4:39	TqOFqtL4_SA	MPREb_gWwu8X4rbPG	UCO7iNPKPpQSn4JhUcPq-Jog
314	Mercurial Nerve	Eartheater	Phoenix: Flames Are Dew Upon My Skin	INDIFFERENT	2:16	1UnKBAY7VHs	MPREb_gWwu8X4rbPG	UCO7iNPKPpQSn4JhUcPq-Jog
315	Goodbye Diamond	Eartheater	Phoenix: Flames Are Dew Upon My Skin	INDIFFERENT	1:29	oXoj5n2U5Gc	MPREb_gWwu8X4rbPG	UCO7iNPKPpQSn4JhUcPq-Jog
316	Bringing Me Back	Eartheater	Phoenix: Flames Are Dew Upon My Skin	INDIFFERENT	5:20	KA1IcFOt9OM	MPREb_gWwu8X4rbPG	UCO7iNPKPpQSn4JhUcPq-Jog
317	Diamond In The Bedrock	Eartheater	Phoenix: Flames Are Dew Upon My Skin	INDIFFERENT	4:14	TTGFvAG6ayQ	MPREb_gWwu8X4rbPG	UCO7iNPKPpQSn4JhUcPq-Jog
318	Faith Consuming Hope	Eartheater	Phoenix: Flames Are Dew Upon My Skin	INDIFFERENT	4:51	ZBmK0IRBZN8	MPREb_gWwu8X4rbPG	UCO7iNPKPpQSn4JhUcPq-Jog
214	Carousels	Doves	The Universal Want	INDIFFERENT	4:50	qvCbSut9yxo	MPREb_qP84yfn6LeB	UCBx0DpQKQGzsYScPwwgPOeg
215	I Will Not Hide	Doves	The Universal Want	INDIFFERENT	4:16	V6445KIHJkk	MPREb_qP84yfn6LeB	UCBx0DpQKQGzsYScPwwgPOeg
216	Broken Eyes	Doves	The Universal Want	INDIFFERENT	4:16	HsWRymK-pdM	MPREb_qP84yfn6LeB	UCBx0DpQKQGzsYScPwwgPOeg
217	For Tomorrow	Doves	The Universal Want	INDIFFERENT	5:29	JEFpRJyUOw4	MPREb_qP84yfn6LeB	UCBx0DpQKQGzsYScPwwgPOeg
218	Cathedrals Of The Mind	Doves	The Universal Want	INDIFFERENT	5:20	5jbfemyrRKs	MPREb_qP84yfn6LeB	UCBx0DpQKQGzsYScPwwgPOeg
219	Prisoners	Doves	The Universal Want	INDIFFERENT	4:27	hCvX0gN_Ae8	MPREb_qP84yfn6LeB	UCBx0DpQKQGzsYScPwwgPOeg
220	Cycle Of Hurt	Doves	The Universal Want	INDIFFERENT	4:16	C8r9bQSzYIk	MPREb_qP84yfn6LeB	UCBx0DpQKQGzsYScPwwgPOeg
221	Mother Silverlake	Doves	The Universal Want	INDIFFERENT	5:14	yJhofuYiuBI	MPREb_qP84yfn6LeB	UCBx0DpQKQGzsYScPwwgPOeg
222	Universal Want	Doves	The Universal Want	INDIFFERENT	5:22	9Ah-TD4ULQ0	MPREb_qP84yfn6LeB	UCBx0DpQKQGzsYScPwwgPOeg
223	Forest House	Doves	The Universal Want	INDIFFERENT	3:42	b4R7razbFx4	MPREb_qP84yfn6LeB	UCBx0DpQKQGzsYScPwwgPOeg
271	Crimson Tide	Destroyer	Have We Met	INDIFFERENT	6:10	hY1aYibGiNI	MPREb_Cb02q9oUhBi	UC_plNzaYghjuzu3CWNSv28g
272	Kinda Dark	Destroyer	Have We Met	INDIFFERENT	3:26	E1tkI5SwM_M	MPREb_Cb02q9oUhBi	UC_plNzaYghjuzu3CWNSv28g
273	It Just Doesn’t Happen	Destroyer	Have We Met	INDIFFERENT	5:02	vVvJSIEwPSY	MPREb_Cb02q9oUhBi	UC_plNzaYghjuzu3CWNSv28g
274	The Television Music Supervisor	Destroyer	Have We Met	INDIFFERENT	4:10	CIOxkSD_lww	MPREb_Cb02q9oUhBi	UC_plNzaYghjuzu3CWNSv28g
275	The Raven	Destroyer	Have We Met	INDIFFERENT	3:36	KZaA_knRa8M	MPREb_Cb02q9oUhBi	UC_plNzaYghjuzu3CWNSv28g
276	Cue Synthesizer	Destroyer	Have We Met	INDIFFERENT	3:56	BRmPPpW5PJ0	MPREb_Cb02q9oUhBi	UC_plNzaYghjuzu3CWNSv28g
277	University Hill	Destroyer	Have We Met	INDIFFERENT	3:40	z-gMXDXz3Rg	MPREb_Cb02q9oUhBi	UC_plNzaYghjuzu3CWNSv28g
278	Have We Met	Destroyer	Have We Met	INDIFFERENT	2:55	SwusAYUs2CM	MPREb_Cb02q9oUhBi	UC_plNzaYghjuzu3CWNSv28g
279	The Man in Black’s Blues	Destroyer	Have We Met	INDIFFERENT	3:40	6heM2MvAVBs	MPREb_Cb02q9oUhBi	UC_plNzaYghjuzu3CWNSv28g
280	foolssong	Destroyer	Have We Met	INDIFFERENT	5:46	YHVwvttoGfA	MPREb_Cb02q9oUhBi	UC_plNzaYghjuzu3CWNSv28g
686	Te Conocí	DJ Python	Mas Amable	INDIFFERENT	5:35	8cuRiN7PCmM	MPREb_mab8nCKLNtn	UCW4AJyMBD4oI62cry5X78lQ
687	Pia	DJ Python	Mas Amable	INDIFFERENT	5:11	2Ddl9TsOEl8	MPREb_mab8nCKLNtn	UCW4AJyMBD4oI62cry5X78lQ
688	Alejandro	DJ Python	Mas Amable	INDIFFERENT	4:29	2xFay0rMEyo	MPREb_mab8nCKLNtn	UCW4AJyMBD4oI62cry5X78lQ
689	oooophi	DJ Python	Mas Amable	INDIFFERENT	6:38	xcjD5VbYKsA	MPREb_mab8nCKLNtn	UCW4AJyMBD4oI62cry5X78lQ
690	Descanse	DJ Python	Mas Amable	INDIFFERENT	4:31	_DHLkZrow8M	MPREb_mab8nCKLNtn	UCW4AJyMBD4oI62cry5X78lQ
691	ADMSDP (feat. LA Warman)	DJ Python	Mas Amable	INDIFFERENT	11:38	iwCvIxXEV7w	MPREb_mab8nCKLNtn	UCW4AJyMBD4oI62cry5X78lQ
692	Juntos	DJ Python	Mas Amable	INDIFFERENT	5:33	6ZGh-MCEFnY	MPREb_mab8nCKLNtn	UCW4AJyMBD4oI62cry5X78lQ
693	mmmm	DJ Python	Mas Amable	INDIFFERENT	4:52	1-rhD3WdRkE	MPREb_mab8nCKLNtn	UCW4AJyMBD4oI62cry5X78lQ
1041	Hallelujah!	Creeper	Sex, Death & The Infinite Void	INDIFFERENT	0:46	gUtN5ncdvtc	MPREb_qOjHcf1QC5W	UCs7qiBV49TOXrc4Q6F6Y11A
1042	Be My End	Creeper	Sex, Death & The Infinite Void	INDIFFERENT	2:39	kpu3Mhtfs3s	MPREb_qOjHcf1QC5W	UCs7qiBV49TOXrc4Q6F6Y11A
1043	Born Cold	Creeper	Sex, Death & The Infinite Void	INDIFFERENT	2:58	_UvEimuYw2k	MPREb_qOjHcf1QC5W	UCs7qiBV49TOXrc4Q6F6Y11A
1044	Cyanide	Creeper	Sex, Death & The Infinite Void	INDIFFERENT	3:28	SKgEhVORSzg	MPREb_qOjHcf1QC5W	UCs7qiBV49TOXrc4Q6F6Y11A
1045	Celestial Violence	Creeper	Sex, Death & The Infinite Void	INDIFFERENT	0:18	DQpRecgcK14	MPREb_qOjHcf1QC5W	UCs7qiBV49TOXrc4Q6F6Y11A
1046	Annabelle	Creeper	Sex, Death & The Infinite Void	INDIFFERENT	3:49	94wKHR8BZQ8	MPREb_qOjHcf1QC5W	UCs7qiBV49TOXrc4Q6F6Y11A
1047	Paradise	Creeper	Sex, Death & The Infinite Void	INDIFFERENT	4:03	VmposLLS5I4	MPREb_qOjHcf1QC5W	UCs7qiBV49TOXrc4Q6F6Y11A
1048	Poisoned Heart	Creeper	Sex, Death & The Infinite Void	INDIFFERENT	3:28	d6VeIFtj-kI	MPREb_qOjHcf1QC5W	UCs7qiBV49TOXrc4Q6F6Y11A
1049	Thorns of Love	Creeper	Sex, Death & The Infinite Void	INDIFFERENT	3:23	PEykz9UjySQ	MPREb_qOjHcf1QC5W	UCs7qiBV49TOXrc4Q6F6Y11A
1050	Four Years Ago	Creeper	Sex, Death & The Infinite Void	INDIFFERENT	3:26	7y5ae4J2jtg	MPREb_qOjHcf1QC5W	UCs7qiBV49TOXrc4Q6F6Y11A
1051	Holy War	Creeper	Sex, Death & The Infinite Void	INDIFFERENT	0:23	w6nEhEOSOP4	MPREb_qOjHcf1QC5W	UCs7qiBV49TOXrc4Q6F6Y11A
1052	Napalm Girls	Creeper	Sex, Death & The Infinite Void	INDIFFERENT	3:34	sRa_ieyiIMA	MPREb_qOjHcf1QC5W	UCs7qiBV49TOXrc4Q6F6Y11A
1053	The Crown of Life	Creeper	Sex, Death & The Infinite Void	INDIFFERENT	0:07	65xH3DUrGXg	MPREb_qOjHcf1QC5W	UCs7qiBV49TOXrc4Q6F6Y11A
1054	Black Moon	Creeper	Sex, Death & The Infinite Void	INDIFFERENT	3:36	jYsHRIl2vxc	MPREb_qOjHcf1QC5W	UCs7qiBV49TOXrc4Q6F6Y11A
1055	All My Friends (Hidden Track)	Creeper	Sex, Death & The Infinite Void	INDIFFERENT	4:16	yA1EcbFUq8M	MPREb_qOjHcf1QC5W	UCs7qiBV49TOXrc4Q6F6Y11A
298	Post Truth (Birth of a Nation)	Crack Cloud	Pain Olympics	INDIFFERENT	5:42	RfY4OCgpEsk	MPREb_Xgl48vml20q	UC4yFh-28ICCl4B9SlXjGiMQ
299	Bastard Basket	Crack Cloud	Pain Olympics	INDIFFERENT	4:30	dbwPzD7w3pc	MPREb_Xgl48vml20q	UC4yFh-28ICCl4B9SlXjGiMQ
300	Somethings Gotta Give	Crack Cloud	Pain Olympics	INDIFFERENT	2:05	MjHjQ_FrJCw	MPREb_Xgl48vml20q	UC4yFh-28ICCl4B9SlXjGiMQ
301	The Next Fix	Crack Cloud	Pain Olympics	INDIFFERENT	3:25	nHbdPwZvWvM	MPREb_Xgl48vml20q	UC4yFh-28ICCl4B9SlXjGiMQ
302	Favour Your Fortune	Crack Cloud	Pain Olympics	INDIFFERENT	2:07	inDDS5x757Q	MPREb_Xgl48vml20q	UC4yFh-28ICCl4B9SlXjGiMQ
303	Ouster Stew	Crack Cloud	Pain Olympics	INDIFFERENT	2:22	XMX6Yxr2wbY	MPREb_Xgl48vml20q	UC4yFh-28ICCl4B9SlXjGiMQ
304	Tunnel Vision	Crack Cloud	Pain Olympics	INDIFFERENT	4:38	kD60Pc_D_kU	MPREb_Xgl48vml20q	UC4yFh-28ICCl4B9SlXjGiMQ
305	Angel Dust (Eternal Peace)	Crack Cloud	Pain Olympics	INDIFFERENT	4:27	Q4SEgimCWvo	MPREb_Xgl48vml20q	UC4yFh-28ICCl4B9SlXjGiMQ
644	St Marie Under Canon	Cornershop	England is a Garden	INDIFFERENT	4:13	FN46iMxblLU	MPREb_pEOKRCr6LzY	UC1gtYwNtvygcHZ6xDIlIXyw
646	No Rock Save In Roll	Cornershop	England is a Garden	INDIFFERENT	3:43	zW-IXS5W41Q	MPREb_pEOKRCr6LzY	UC1gtYwNtvygcHZ6xDIlIXyw
647	Everywhere That Wog Army Roam	Cornershop	England is a Garden	INDIFFERENT	5:10	Xau1q6IpWtE	MPREb_pEOKRCr6LzY	UC1gtYwNtvygcHZ6xDIlIXyw
648	King Kongs	Cornershop	England is a Garden	INDIFFERENT	0:10	yoylG5OzdSk	MPREb_pEOKRCr6LzY	UC1gtYwNtvygcHZ6xDIlIXyw
649	Highly Amplified	Cornershop	England is a Garden	INDIFFERENT	4:50	dJSK_qvgHDw	MPREb_pEOKRCr6LzY	UC1gtYwNtvygcHZ6xDIlIXyw
650	England Is A Garden	Cornershop	England is a Garden	INDIFFERENT	1:46	94YivhJcZAw	MPREb_pEOKRCr6LzY	UC1gtYwNtvygcHZ6xDIlIXyw
651	Cash Money	Cornershop	England is a Garden	INDIFFERENT	5:20	HYSQ9ntXtb0	MPREb_pEOKRCr6LzY	UC1gtYwNtvygcHZ6xDIlIXyw
652	Morning Ben	Cornershop	England is a Garden	INDIFFERENT	0:19	FyqxNLuQuv0	MPREb_pEOKRCr6LzY	UC1gtYwNtvygcHZ6xDIlIXyw
653	I'm A Wooden Soldier	Cornershop	England is a Garden	INDIFFERENT	5:01	LScjJ9eMQno	MPREb_pEOKRCr6LzY	UC1gtYwNtvygcHZ6xDIlIXyw
654	One Uncareful Lady Owner	Cornershop	England is a Garden	INDIFFERENT	3:53	PTYguWRPLbs	MPREb_pEOKRCr6LzY	UC1gtYwNtvygcHZ6xDIlIXyw
655	The Holy Name	Cornershop	England is a Garden	INDIFFERENT	8:51	UUabdmBL-BQ	MPREb_pEOKRCr6LzY	UC1gtYwNtvygcHZ6xDIlIXyw
755	Clean Kill	Coriky	Coriky	INDIFFERENT	4:13	EheoKU0JLlY	MPREb_QRW8VhcnG3T	UCNLUO12u-P60d0N7ZdBqYhA
756	Hard to Explain	Coriky	Coriky	INDIFFERENT	3:03	RON4JmzKux8	MPREb_QRW8VhcnG3T	UCNLUO12u-P60d0N7ZdBqYhA
757	Say Yes	Coriky	Coriky	INDIFFERENT	2:36	-ivxcx_uFo0	MPREb_QRW8VhcnG3T	UCNLUO12u-P60d0N7ZdBqYhA
758	Have a Cup of Tea	Coriky	Coriky	INDIFFERENT	3:34	cLl0rcg-BHM	MPREb_QRW8VhcnG3T	UCNLUO12u-P60d0N7ZdBqYhA
759	Too Many Husbands	Coriky	Coriky	INDIFFERENT	3:03	RIHjRI6huRU	MPREb_QRW8VhcnG3T	UCNLUO12u-P60d0N7ZdBqYhA
760	BQM	Coriky	Coriky	INDIFFERENT	1:52	pFMJ9CqKnyM	MPREb_QRW8VhcnG3T	UCNLUO12u-P60d0N7ZdBqYhA
761	Last Thing	Coriky	Coriky	INDIFFERENT	3:28	uNVLUjiNd44	MPREb_QRW8VhcnG3T	UCNLUO12u-P60d0N7ZdBqYhA
762	Jack Says	Coriky	Coriky	INDIFFERENT	2:34	s3ZOwKJ7dWA	MPREb_QRW8VhcnG3T	UCNLUO12u-P60d0N7ZdBqYhA
763	Shedileebop	Coriky	Coriky	INDIFFERENT	3:36	NmGT0ghbtLM	MPREb_QRW8VhcnG3T	UCNLUO12u-P60d0N7ZdBqYhA
764	Inauguration Day	Coriky	Coriky	INDIFFERENT	3:50	hCLrygKiF7A	MPREb_QRW8VhcnG3T	UCNLUO12u-P60d0N7ZdBqYhA
765	Woulda Coulda	Coriky	Coriky	INDIFFERENT	5:24	XkB76H0oY_k	MPREb_QRW8VhcnG3T	UCNLUO12u-P60d0N7ZdBqYhA
485	(deeperthanbefore)	Code Orange	Underneath	INDIFFERENT	1:15	jBheFoCqpB8	MPREb_x8KDS4w7D42	UCL971pKvXyMfZ89n5KA1R-Q
486	Swallowing the Rabbit Whole	Code Orange	Underneath	INDIFFERENT	3:48	AYk20n9VOYQ	MPREb_x8KDS4w7D42	UCL971pKvXyMfZ89n5KA1R-Q
487	In Fear	Code Orange	Underneath	INDIFFERENT	3:22	F293gX1SdmI	MPREb_x8KDS4w7D42	UCL971pKvXyMfZ89n5KA1R-Q
488	You and You Alone	Code Orange	Underneath	INDIFFERENT	3:07	VY4l_rrwflE	MPREb_x8KDS4w7D42	UCL971pKvXyMfZ89n5KA1R-Q
489	Who I Am	Code Orange	Underneath	INDIFFERENT	3:47	kf9A17HTFWE	MPREb_x8KDS4w7D42	UCL971pKvXyMfZ89n5KA1R-Q
490	Cold.Metal.Place	Code Orange	Underneath	INDIFFERENT	3:05	JFxJH9QMNnw	MPREb_x8KDS4w7D42	UCL971pKvXyMfZ89n5KA1R-Q
491	Sulfur Surrounding	Code Orange	Underneath	INDIFFERENT	3:48	fxqa3NKkgC4	MPREb_x8KDS4w7D42	UCL971pKvXyMfZ89n5KA1R-Q
492	The Easy Way	Code Orange	Underneath	INDIFFERENT	4:26	oYbw3RLnrVo	MPREb_x8KDS4w7D42	UCL971pKvXyMfZ89n5KA1R-Q
493	Erasure Scan	Code Orange	Underneath	INDIFFERENT	2:33	x6QVGExdNvc	MPREb_x8KDS4w7D42	UCL971pKvXyMfZ89n5KA1R-Q
494	Last Ones Left	Code Orange	Underneath	INDIFFERENT	3:09	E3LPJ09W28w	MPREb_x8KDS4w7D42	UCL971pKvXyMfZ89n5KA1R-Q
495	Autumn and Carbine	Code Orange	Underneath	INDIFFERENT	3:28	ClK-UBySTNw	MPREb_x8KDS4w7D42	UCL971pKvXyMfZ89n5KA1R-Q
496	Back Inside the Glass	Code Orange	Underneath	INDIFFERENT	2:35	4n2qgQzC9qI	MPREb_x8KDS4w7D42	UCL971pKvXyMfZ89n5KA1R-Q
497	A Sliver	Code Orange	Underneath	INDIFFERENT	4:38	Qr7DLfD5E80	MPREb_x8KDS4w7D42	UCL971pKvXyMfZ89n5KA1R-Q
498	Underneath	Code Orange	Underneath	INDIFFERENT	4:40	bOy7_wsgGTc	MPREb_x8KDS4w7D42	UCL971pKvXyMfZ89n5KA1R-Q
885	Plastic Raincoat	Cindy Lee	What's Tonight To Eternity	INDIFFERENT	3:22	60AGi3RSrN4	MPREb_2NMiQK1ynYo	UCTrSie87ePxmytGzfCicibg
886	I Want You To Suffer	Cindy Lee	What's Tonight To Eternity	INDIFFERENT	7:37	BpLX54nhd-c	MPREb_2NMiQK1ynYo	UCTrSie87ePxmytGzfCicibg
887	The Limit	Cindy Lee	What's Tonight To Eternity	INDIFFERENT	4:24	usGRrmk3uJ0	MPREb_2NMiQK1ynYo	UCTrSie87ePxmytGzfCicibg
888	What's Tonight To Eternity	Cindy Lee	What's Tonight To Eternity	INDIFFERENT	2:07	E3sXOARhvR8	MPREb_2NMiQK1ynYo	UCTrSie87ePxmytGzfCicibg
889	One Second To Toe The Line	Cindy Lee	What's Tonight To Eternity	INDIFFERENT	3:02	IbhSO3vUqUM	MPREb_2NMiQK1ynYo	UCTrSie87ePxmytGzfCicibg
890	Lucifer Stand	Cindy Lee	What's Tonight To Eternity	INDIFFERENT	7:20	5jlf-h9rTpE	MPREb_2NMiQK1ynYo	UCTrSie87ePxmytGzfCicibg
891	Speaking From Above	Cindy Lee	What's Tonight To Eternity	INDIFFERENT	5:33	rF30CVECgfQ	MPREb_2NMiQK1ynYo	UCTrSie87ePxmytGzfCicibg
892	Just For Loving You I Pay The Price	Cindy Lee	What's Tonight To Eternity	INDIFFERENT	4:39	sx_q9erjZow	MPREb_2NMiQK1ynYo	UCTrSie87ePxmytGzfCicibg
893	Heavy Metal	Cindy Lee	What's Tonight To Eternity	INDIFFERENT	4:00	ZUarQxGypmc	MPREb_2NMiQK1ynYo	UCTrSie87ePxmytGzfCicibg
461	Starting Over	Chris Stapleton	Starting Over	INDIFFERENT	4:01	WbNy0GQTomk	MPREb_P6pMAcxdfOX	UCEBTD8bc2J7wG7Fqhss7Jow
462	Devil Always Made Me Think Twice	Chris Stapleton	Starting Over	INDIFFERENT	3:52	ITMO84wJIew	MPREb_P6pMAcxdfOX	UCEBTD8bc2J7wG7Fqhss7Jow
463	Cold	Chris Stapleton	Starting Over	INDIFFERENT	5:10	UIAo_Awfs-E	MPREb_P6pMAcxdfOX	UCEBTD8bc2J7wG7Fqhss7Jow
464	When I'm With You	Chris Stapleton	Starting Over	INDIFFERENT	3:44	9cvSrXnXAk0	MPREb_P6pMAcxdfOX	UCEBTD8bc2J7wG7Fqhss7Jow
465	Arkansas	Chris Stapleton	Starting Over	INDIFFERENT	2:59	uWCctM1sGL4	MPREb_P6pMAcxdfOX	UCEBTD8bc2J7wG7Fqhss7Jow
466	Joy Of My Life	Chris Stapleton	Starting Over	INDIFFERENT	4:35	Rgk2q5Jd7-A	MPREb_P6pMAcxdfOX	UCEBTD8bc2J7wG7Fqhss7Jow
467	Hillbilly Blood	Chris Stapleton	Starting Over	INDIFFERENT	4:06	zmgHg-VTNAo	MPREb_P6pMAcxdfOX	UCEBTD8bc2J7wG7Fqhss7Jow
468	Maggie's Song	Chris Stapleton	Starting Over	INDIFFERENT	3:32	2N8VZxO8Rcg	MPREb_P6pMAcxdfOX	UCEBTD8bc2J7wG7Fqhss7Jow
469	Whiskey Sunrise	Chris Stapleton	Starting Over	INDIFFERENT	3:23	RsUkJ8C6wyA	MPREb_P6pMAcxdfOX	UCEBTD8bc2J7wG7Fqhss7Jow
470	Worry B Gone	Chris Stapleton	Starting Over	INDIFFERENT	3:16	7MUwCq1sMng	MPREb_P6pMAcxdfOX	UCEBTD8bc2J7wG7Fqhss7Jow
471	Old Friends	Chris Stapleton	Starting Over	INDIFFERENT	4:02	1jSOYvmujyg	MPREb_P6pMAcxdfOX	UCEBTD8bc2J7wG7Fqhss7Jow
472	Watch You Burn	Chris Stapleton	Starting Over	INDIFFERENT	4:04	9mT2dBRHEIU	MPREb_P6pMAcxdfOX	UCEBTD8bc2J7wG7Fqhss7Jow
473	You Should Probably Leave	Chris Stapleton	Starting Over	INDIFFERENT	3:34	wilhfxYfqfc	MPREb_P6pMAcxdfOX	UCEBTD8bc2J7wG7Fqhss7Jow
474	Nashville, TN	Chris Stapleton	Starting Over	INDIFFERENT	3:36	NgV8C9SjkMg	MPREb_P6pMAcxdfOX	UCEBTD8bc2J7wG7Fqhss7Jow
576	Level Up (Twice As Tall) (feat. Youssou N'Dour)	Burna Boy	Twice As Tall	INDIFFERENT	4:29	rPOMxWAUSE0	MPREb_JXS8C2dnyvD	UCr61sufuLt7_eB7ak1bXHIg
577	Alarm Clock	Burna Boy	Twice As Tall	INDIFFERENT	2:13	eov3xQmtGEU	MPREb_JXS8C2dnyvD	UCr61sufuLt7_eB7ak1bXHIg
578	Way Too Big	Burna Boy	Twice As Tall	INDIFFERENT	3:21	dg48OYK-p8M	MPREb_JXS8C2dnyvD	UCr61sufuLt7_eB7ak1bXHIg
579	Bebo	Burna Boy	Twice As Tall	INDIFFERENT	2:45	1CztecBmrRU	MPREb_JXS8C2dnyvD	UCr61sufuLt7_eB7ak1bXHIg
580	Wonderful	Burna Boy	Twice As Tall	INDIFFERENT	3:34	qj6A68b-bEM	MPREb_JXS8C2dnyvD	UCr61sufuLt7_eB7ak1bXHIg
581	Onyeka (Baby)	Burna Boy	Twice As Tall	INDIFFERENT	3:23	euZCFuVuF5A	MPREb_JXS8C2dnyvD	UCr61sufuLt7_eB7ak1bXHIg
582	Naughty by Nature (feat. Naughty By Nature)	Burna Boy	Twice As Tall	INDIFFERENT	3:35	c1uEL3HwQ_o	MPREb_JXS8C2dnyvD	UCr61sufuLt7_eB7ak1bXHIg
583	Comma	Burna Boy	Twice As Tall	INDIFFERENT	2:51	7e8N7PWbT8o	MPREb_JXS8C2dnyvD	UCr61sufuLt7_eB7ak1bXHIg
584	No Fit Vex	Burna Boy	Twice As Tall	INDIFFERENT	3:42	M4VElCAcckQ	MPREb_JXS8C2dnyvD	UCr61sufuLt7_eB7ak1bXHIg
585	23	Burna Boy	Twice As Tall	INDIFFERENT	4:06	g5S1rCOPlpo	MPREb_JXS8C2dnyvD	UCr61sufuLt7_eB7ak1bXHIg
586	Time Flies (feat. Sauti Sol)	Burna Boy	Twice As Tall	INDIFFERENT	3:45	_1QVYXLMHtU	MPREb_JXS8C2dnyvD	UCr61sufuLt7_eB7ak1bXHIg
587	Monsters You Made (feat. Chris Martin)	Burna Boy	Twice As Tall	INDIFFERENT	3:38	3SWk8a8vz9w	MPREb_JXS8C2dnyvD	UCr61sufuLt7_eB7ak1bXHIg
588	Wetin Dey Sup	Burna Boy	Twice As Tall	INDIFFERENT	3:38	gqpUmtAF_GE	MPREb_JXS8C2dnyvD	UCr61sufuLt7_eB7ak1bXHIg
589	Real Life (feat. Stormzy)	Burna Boy	Twice As Tall	INDIFFERENT	3:18	vPberIc86II	MPREb_JXS8C2dnyvD	UCr61sufuLt7_eB7ak1bXHIg
590	Bank On It	Burna Boy	Twice As Tall	INDIFFERENT	4:37	Zk5JeGjBkZs	MPREb_JXS8C2dnyvD	UCr61sufuLt7_eB7ak1bXHIg
202	One Minute You're Here	Bruce Springsteen	Letter To You	INDIFFERENT	2:58	GGlkQsxyrYw	MPREb_WdmyiOoGOHX	UCyFqJ_5TyAeTD7rHpLikbKQ
203	Letter To You	Bruce Springsteen	Letter To You	INDIFFERENT	4:56	4wtHDwDzVtQ	MPREb_WdmyiOoGOHX	UCyFqJ_5TyAeTD7rHpLikbKQ
204	Burnin' Train	Bruce Springsteen	Letter To You	INDIFFERENT	4:04	61Uvy_RYXyM	MPREb_WdmyiOoGOHX	UCyFqJ_5TyAeTD7rHpLikbKQ
205	Janey Needs A Shooter	Bruce Springsteen	Letter To You	INDIFFERENT	6:50	dOHIcl-ztE0	MPREb_WdmyiOoGOHX	UCyFqJ_5TyAeTD7rHpLikbKQ
206	Last Man Standing	Bruce Springsteen	Letter To You	INDIFFERENT	4:06	oVUVJsiyzDQ	MPREb_WdmyiOoGOHX	UCyFqJ_5TyAeTD7rHpLikbKQ
207	The Power Of Prayer	Bruce Springsteen	Letter To You	INDIFFERENT	3:37	HVJXhIvpvq0	MPREb_WdmyiOoGOHX	UCyFqJ_5TyAeTD7rHpLikbKQ
208	House Of A Thousand Guitars	Bruce Springsteen	Letter To You	INDIFFERENT	4:31	Wo0SMxyn7gw	MPREb_WdmyiOoGOHX	UCyFqJ_5TyAeTD7rHpLikbKQ
209	Rainmaker	Bruce Springsteen	Letter To You	INDIFFERENT	4:57	oCb9lzrn9F0	MPREb_WdmyiOoGOHX	UCyFqJ_5TyAeTD7rHpLikbKQ
210	If I Was The Priest	Bruce Springsteen	Letter To You	INDIFFERENT	6:51	BtRgHPZ307E	MPREb_WdmyiOoGOHX	UCyFqJ_5TyAeTD7rHpLikbKQ
211	Ghosts	Bruce Springsteen	Letter To You	INDIFFERENT	5:55	cM-hP2Ln6tM	MPREb_WdmyiOoGOHX	UCyFqJ_5TyAeTD7rHpLikbKQ
212	Song For Orphans	Bruce Springsteen	Letter To You	INDIFFERENT	6:14	V8WvojB_MKY	MPREb_WdmyiOoGOHX	UCyFqJ_5TyAeTD7rHpLikbKQ
213	I'll See You In My Dreams	Bruce Springsteen	Letter To You	INDIFFERENT	3:30	4Dm0YfRS3Dg	MPREb_WdmyiOoGOHX	UCyFqJ_5TyAeTD7rHpLikbKQ
952	Pageturners Rag	Bright Eyes	Down in the Weeds, Where the World Once Was	INDIFFERENT	3:58	FUpy2ovr3tA	MPREb_vGDOpOa4PXs	UCPI3znNhox-PTRPvpYFNCDw
953	Dance and Sing	Bright Eyes	Down in the Weeds, Where the World Once Was	INDIFFERENT	4:31	DereV3vdyuU	MPREb_vGDOpOa4PXs	UCPI3znNhox-PTRPvpYFNCDw
954	Just Once in the World	Bright Eyes	Down in the Weeds, Where the World Once Was	INDIFFERENT	3:29	tQUqUt1ZEWA	MPREb_vGDOpOa4PXs	UCPI3znNhox-PTRPvpYFNCDw
955	Mariana Trench	Bright Eyes	Down in the Weeds, Where the World Once Was	INDIFFERENT	3:42	ONK0iCmAVwo	MPREb_vGDOpOa4PXs	UCPI3znNhox-PTRPvpYFNCDw
956	One and Done	Bright Eyes	Down in the Weeds, Where the World Once Was	INDIFFERENT	4:54	DSJs5ykANkk	MPREb_vGDOpOa4PXs	UCPI3znNhox-PTRPvpYFNCDw
957	Pan and Broom	Bright Eyes	Down in the Weeds, Where the World Once Was	INDIFFERENT	2:53	rRuTk2KXLo0	MPREb_vGDOpOa4PXs	UCPI3znNhox-PTRPvpYFNCDw
958	Stairwell Song	Bright Eyes	Down in the Weeds, Where the World Once Was	INDIFFERENT	3:41	HTx9hF7DxFM	MPREb_vGDOpOa4PXs	UCPI3znNhox-PTRPvpYFNCDw
959	Persona Non Grata	Bright Eyes	Down in the Weeds, Where the World Once Was	INDIFFERENT	3:33	vo8uHuVHFDQ	MPREb_vGDOpOa4PXs	UCPI3znNhox-PTRPvpYFNCDw
960	Tilt-A-Whirl	Bright Eyes	Down in the Weeds, Where the World Once Was	INDIFFERENT	2:21	yRVXWuON-3o	MPREb_vGDOpOa4PXs	UCPI3znNhox-PTRPvpYFNCDw
961	Hot Car in the Sun	Bright Eyes	Down in the Weeds, Where the World Once Was	INDIFFERENT	2:28	ZniCBwYpDW8	MPREb_vGDOpOa4PXs	UCPI3znNhox-PTRPvpYFNCDw
962	Forced Convalescence	Bright Eyes	Down in the Weeds, Where the World Once Was	INDIFFERENT	4:10	no9Sr4EpN_A	MPREb_vGDOpOa4PXs	UCPI3znNhox-PTRPvpYFNCDw
963	To Death's Heart (In Three Parts)	Bright Eyes	Down in the Weeds, Where the World Once Was	INDIFFERENT	5:26	MZgOcUqNNVI	MPREb_vGDOpOa4PXs	UCPI3znNhox-PTRPvpYFNCDw
964	Calais to Dover	Bright Eyes	Down in the Weeds, Where the World Once Was	INDIFFERENT	4:18	-XaJrjviLqM	MPREb_vGDOpOa4PXs	UCPI3znNhox-PTRPvpYFNCDw
965	Comet Song	Bright Eyes	Down in the Weeds, Where the World Once Was	INDIFFERENT	5:36	ppr2WFLQoM4	MPREb_vGDOpOa4PXs	UCPI3znNhox-PTRPvpYFNCDw
905	Bonny Light Horseman	Bonny Light Horseman	Bonny Light Horseman	INDIFFERENT	4:30	W1wbljqESwg	MPREb_KEoWY2BEAx8	UC-O2r7CNfhRuHqgBnGFk5Kg
906	Deep In Love	Bonny Light Horseman	Bonny Light Horseman	INDIFFERENT	5:09	8-MWB6LrFvc	MPREb_KEoWY2BEAx8	UC-O2r7CNfhRuHqgBnGFk5Kg
907	The Roving	Bonny Light Horseman	Bonny Light Horseman	INDIFFERENT	4:20	Kli9aeEV2LY	MPREb_KEoWY2BEAx8	UC-O2r7CNfhRuHqgBnGFk5Kg
908	Jane Jane	Bonny Light Horseman	Bonny Light Horseman	INDIFFERENT	3:06	i2C-0Ub7qFk	MPREb_KEoWY2BEAx8	UC-O2r7CNfhRuHqgBnGFk5Kg
909	Blackwaterside	Bonny Light Horseman	Bonny Light Horseman	INDIFFERENT	3:25	knHOC3pPJ0s	MPREb_KEoWY2BEAx8	UC-O2r7CNfhRuHqgBnGFk5Kg
910	Magpie's Nest	Bonny Light Horseman	Bonny Light Horseman	INDIFFERENT	4:58	2yyicMYfdO0	MPREb_KEoWY2BEAx8	UC-O2r7CNfhRuHqgBnGFk5Kg
911	Lowlands	Bonny Light Horseman	Bonny Light Horseman	INDIFFERENT	3:29	PKZSsUeWCFE	MPREb_KEoWY2BEAx8	UC-O2r7CNfhRuHqgBnGFk5Kg
912	Mountain Rain	Bonny Light Horseman	Bonny Light Horseman	INDIFFERENT	2:39	URkdb1nftv0	MPREb_KEoWY2BEAx8	UC-O2r7CNfhRuHqgBnGFk5Kg
913	Bright Morning Stars	Bonny Light Horseman	Bonny Light Horseman	INDIFFERENT	2:05	pVKvDp74BhE	MPREb_KEoWY2BEAx8	UC-O2r7CNfhRuHqgBnGFk5Kg
914	10,000 Miles	Bonny Light Horseman	Bonny Light Horseman	INDIFFERENT	3:04	G2pgcCBKJkA	MPREb_KEoWY2BEAx8	UC-O2r7CNfhRuHqgBnGFk5Kg
818	Medusa	Boldy James & Sterling Toles	Manger on McNichols	INDIFFERENT	3:27	rh5zuw138GI	MPREb_yDTEx4R7IA0	UCnNqCsgAcBASs2eTxrKtSEA
819	Welcome to 76	Boldy James & Sterling Toles	Manger on McNichols	INDIFFERENT	3:57	nXwOOLfDkCM	MPREb_yDTEx4R7IA0	UCnNqCsgAcBASs2eTxrKtSEA
820	Detroit River Rock	Boldy James & Sterling Toles	Manger on McNichols	INDIFFERENT	3:59	RjE7Nc7fqrU	MPREb_yDTEx4R7IA0	UCnNqCsgAcBASs2eTxrKtSEA
821	B.B. Butcher	Boldy James & Sterling Toles	Manger on McNichols	INDIFFERENT	4:18	I9GAuZ-I8Vg	MPREb_yDTEx4R7IA0	UCnNqCsgAcBASs2eTxrKtSEA
822	The Middle of Next Month	Boldy James & Sterling Toles	Manger on McNichols	INDIFFERENT	4:15	xDcX08YQCJs	MPREb_yDTEx4R7IA0	UCnNqCsgAcBASs2eTxrKtSEA
823	The Safe (The Womb)	Boldy James & Sterling Toles	Manger on McNichols	INDIFFERENT	0:53	t29jCdCA9as	MPREb_yDTEx4R7IA0	UCnNqCsgAcBASs2eTxrKtSEA
824	Mommy Dearest (A Eulogy)	Boldy James & Sterling Toles	Manger on McNichols	INDIFFERENT	4:52	RiFiYikmI0E	MPREb_yDTEx4R7IA0	UCnNqCsgAcBASs2eTxrKtSEA
825	Birth of Bold (The Christening)	Boldy James & Sterling Toles	Manger on McNichols	INDIFFERENT	4:58	8rDY7DUfF4o	MPREb_yDTEx4R7IA0	UCnNqCsgAcBASs2eTxrKtSEA
826	Requiem	Boldy James & Sterling Toles	Manger on McNichols	INDIFFERENT	2:49	LBfEb6hcH_A	MPREb_yDTEx4R7IA0	UCnNqCsgAcBASs2eTxrKtSEA
827	Why Are You in Her(E)?	Boldy James & Sterling Toles	Manger on McNichols	INDIFFERENT	1:00	HSjvg0f0ynE	MPREb_yDTEx4R7IA0	UCnNqCsgAcBASs2eTxrKtSEA
828	Got Flicked (The Rebirth)	Boldy James & Sterling Toles	Manger on McNichols	INDIFFERENT	8:32	GqlEHkZSsTU	MPREb_yDTEx4R7IA0	UCnNqCsgAcBASs2eTxrKtSEA
873	Burden Of Proof	Benny The Butcher	Burden of Proof	INDIFFERENT	3:26	QV-jNIIiZ1M	MPREb_2OArsTHOlqL	UCstRc91UZ1kHXy4lLAD4HRw
874	Where Would I Go (feat. Rick Ross)	Benny The Butcher	Burden of Proof	INDIFFERENT	2:51	-cI3LwR-cXQ	MPREb_2OArsTHOlqL	UCstRc91UZ1kHXy4lLAD4HRw
875	Sly Green	Benny The Butcher	Burden of Proof	INDIFFERENT	2:47	DxvXoCDsA1U	MPREb_2OArsTHOlqL	UCstRc91UZ1kHXy4lLAD4HRw
876	One Way Flight (feat. Freddie Gibbs)	Benny The Butcher	Burden of Proof	INDIFFERENT	3:19	yterDPnHCgM	MPREb_2OArsTHOlqL	UCstRc91UZ1kHXy4lLAD4HRw
877	Famous	Benny The Butcher	Burden of Proof	INDIFFERENT	2:45	yX1DZBFoAVI	MPREb_2OArsTHOlqL	UCstRc91UZ1kHXy4lLAD4HRw
878	Timeless (feat. Lil Wayne & Big Sean)	Benny The Butcher	Burden of Proof	INDIFFERENT	3:50	C4x83E8B8Yc	MPREb_2OArsTHOlqL	UCstRc91UZ1kHXy4lLAD4HRw
879	New Streets	Benny The Butcher	Burden of Proof	INDIFFERENT	2:03	XEumQ10BRCc	MPREb_2OArsTHOlqL	UCstRc91UZ1kHXy4lLAD4HRw
880	Over The Limit (feat. Dom Kennedy)	Benny The Butcher	Burden of Proof	INDIFFERENT	4:16	m7PJUsLYJSo	MPREb_2OArsTHOlqL	UCstRc91UZ1kHXy4lLAD4HRw
881	Trade It All	Benny The Butcher	Burden of Proof	INDIFFERENT	2:33	dWTI5z7xjdM	MPREb_2OArsTHOlqL	UCstRc91UZ1kHXy4lLAD4HRw
882	Thank God I Made It (feat. Queen Naija)	Benny The Butcher	Burden of Proof	INDIFFERENT	2:57	aAvQheRu2UI	MPREb_2OArsTHOlqL	UCstRc91UZ1kHXy4lLAD4HRw
883	War Paint (feat. Conway the Machine & Westside Gunn)	Benny The Butcher	Burden of Proof	INDIFFERENT	4:31	dS_09OXgFtc	MPREb_2OArsTHOlqL	UCstRc91UZ1kHXy4lLAD4HRw
884	Legend	Benny The Butcher	Burden of Proof	INDIFFERENT	3:05	OKiqX1hmc84	MPREb_2OArsTHOlqL	UCstRc91UZ1kHXy4lLAD4HRw
737	Echos	Beatriz Ferreyra	Echos+	INDIFFERENT	8:32	E0b-u69xdws	MPREb_qoo4VWFur1e	UCGXjL_SRS_hicJDeVLjtJCQ
738	L'autre ... Ou Le Chant Des Marecages	Beatriz Ferreyra	Echos+	INDIFFERENT	12:34	bQqPFZwuNkY	MPREb_qoo4VWFur1e	UCGXjL_SRS_hicJDeVLjtJCQ
739	L'autre Rive	Beatriz Ferreyra	Echos+	INDIFFERENT	17:24	kl-GZ3a6ifk	MPREb_qoo4VWFur1e	UCGXjL_SRS_hicJDeVLjtJCQ
718	I'm Not Your Dog	Baxter Dury	The Night Chancers	INDIFFERENT	2:59	KgIXR-fSnxc	MPREb_jEksJzVK4CP	UC1c_Cy2qSPfODzKf8Iv2MEQ
719	Slumlord	Baxter Dury	The Night Chancers	INDIFFERENT	3:25	8i4Mj9oBC48	MPREb_jEksJzVK4CP	UC1c_Cy2qSPfODzKf8Iv2MEQ
720	Saliva Hog	Baxter Dury	The Night Chancers	INDIFFERENT	3:07	etGho9Lmcw0	MPREb_jEksJzVK4CP	UC1c_Cy2qSPfODzKf8Iv2MEQ
721	Samurai	Baxter Dury	The Night Chancers	INDIFFERENT	3:23	vkfXbO_xejQ	MPREb_jEksJzVK4CP	UC1c_Cy2qSPfODzKf8Iv2MEQ
722	Sleep People	Baxter Dury	The Night Chancers	INDIFFERENT	2:56	9fwW6VNIljE	MPREb_jEksJzVK4CP	UC1c_Cy2qSPfODzKf8Iv2MEQ
723	Carla's Got A Boyfriend	Baxter Dury	The Night Chancers	INDIFFERENT	3:48	yOlU2jycEvs	MPREb_jEksJzVK4CP	UC1c_Cy2qSPfODzKf8Iv2MEQ
724	The Night Chancers	Baxter Dury	The Night Chancers	INDIFFERENT	3:05	6HIQmI0xKJI	MPREb_jEksJzVK4CP	UC1c_Cy2qSPfODzKf8Iv2MEQ
725	Hello, I'm Sorry	Baxter Dury	The Night Chancers	INDIFFERENT	2:22	vFVhumVYpVk	MPREb_jEksJzVK4CP	UC1c_Cy2qSPfODzKf8Iv2MEQ
726	Daylight	Baxter Dury	The Night Chancers	INDIFFERENT	2:43	E8siksri35c	MPREb_jEksJzVK4CP	UC1c_Cy2qSPfODzKf8Iv2MEQ
727	Say Nothing	Baxter Dury	The Night Chancers	INDIFFERENT	2:46	an7HlTfq1HQ	MPREb_jEksJzVK4CP	UC1c_Cy2qSPfODzKf8Iv2MEQ
56	Jealousy	Bartees Strange	Live Forever	INDIFFERENT	2:42	rug7_VVLt9c	MPREb_FIiOg5VVw8P	UCepVyf2BJlU7ARinz3fHaSQ
57	Mustang	Bartees Strange	Live Forever	INDIFFERENT	3:54	6ofjw-zOnr4	MPREb_FIiOg5VVw8P	UCepVyf2BJlU7ARinz3fHaSQ
59	Kelly Rowland	Bartees Strange	Live Forever	INDIFFERENT	1:58	QQC-qWv12BQ	MPREb_FIiOg5VVw8P	UCepVyf2BJlU7ARinz3fHaSQ
60	In a Cab	Bartees Strange	Live Forever	INDIFFERENT	2:18	Lj_4Uxl8We8	MPREb_FIiOg5VVw8P	UCepVyf2BJlU7ARinz3fHaSQ
61	Stone Meadows	Bartees Strange	Live Forever	INDIFFERENT	3:51	J_pxcaPFwmk	MPREb_FIiOg5VVw8P	UCepVyf2BJlU7ARinz3fHaSQ
62	Flagey God	Bartees Strange	Live Forever	INDIFFERENT	3:42	XqlQsuVOBd0	MPREb_FIiOg5VVw8P	UCepVyf2BJlU7ARinz3fHaSQ
63	Mossblerd	Bartees Strange	Live Forever	INDIFFERENT	1:28	jCjQpl-4WNs	MPREb_FIiOg5VVw8P	UCepVyf2BJlU7ARinz3fHaSQ
64	Far	Bartees Strange	Live Forever	INDIFFERENT	4:11	Z21bGroXyzY	MPREb_FIiOg5VVw8P	UCepVyf2BJlU7ARinz3fHaSQ
65	Fallen for You	Bartees Strange	Live Forever	INDIFFERENT	4:10	eKmazVhW7g0	MPREb_FIiOg5VVw8P	UCepVyf2BJlU7ARinz3fHaSQ
66	Ghostly	Bartees Strange	Live Forever	INDIFFERENT	3:58	7O3WDaQ28HI	MPREb_FIiOg5VVw8P	UCepVyf2BJlU7ARinz3fHaSQ
69	La Santa	Bad Bunny	YHLQMDLG	INDIFFERENT	3:26	j7ZYAX_MkfI	MPREb_QR54wuCKDeh	UCiY3z8HAGD6BlSNKVn2kSvQ
71	Bichiyal	Bad Bunny	YHLQMDLG	INDIFFERENT	3:16	IxHSgVUUj88	MPREb_QR54wuCKDeh	UCiY3z8HAGD6BlSNKVn2kSvQ
72	Soliá	Bad Bunny	YHLQMDLG	INDIFFERENT	2:39	ufKtdz22aUk	MPREb_QR54wuCKDeh	UCiY3z8HAGD6BlSNKVn2kSvQ
73	La Zona	Bad Bunny	YHLQMDLG	INDIFFERENT	2:16	IY9Yf8GPUeo	MPREb_QR54wuCKDeh	UCiY3z8HAGD6BlSNKVn2kSvQ
74	Que Malo	Bad Bunny	YHLQMDLG	INDIFFERENT	2:47	9Qw0AhFot2Y	MPREb_QR54wuCKDeh	UCiY3z8HAGD6BlSNKVn2kSvQ
75	Vete	Bad Bunny	YHLQMDLG	INDIFFERENT	3:12	k-aL4koTa38	MPREb_QR54wuCKDeh	UCiY3z8HAGD6BlSNKVn2kSvQ
76	Ignorantes	Bad Bunny	YHLQMDLG	INDIFFERENT	3:30	UKUi05bndxA	MPREb_QR54wuCKDeh	UCiY3z8HAGD6BlSNKVn2kSvQ
77	A Tu Merced	Bad Bunny	YHLQMDLG	INDIFFERENT	2:55	fbKPJF8AwfY	MPREb_QR54wuCKDeh	UCiY3z8HAGD6BlSNKVn2kSvQ
78	Una Vez	Bad Bunny	YHLQMDLG	INDIFFERENT	3:52	q6xIfyCh76o	MPREb_QR54wuCKDeh	UCiY3z8HAGD6BlSNKVn2kSvQ
79	25/8	Bad Bunny	YHLQMDLG	INDIFFERENT	4:03	IPJ2r-Tnna8	MPREb_QR54wuCKDeh	UCiY3z8HAGD6BlSNKVn2kSvQ
80	Está Cabrón Ser Yo	Bad Bunny	YHLQMDLG	INDIFFERENT	3:47	TvBR3vtfyPQ	MPREb_QR54wuCKDeh	UCiY3z8HAGD6BlSNKVn2kSvQ
81	Puesto Pa' Guerrial	Bad Bunny	YHLQMDLG	INDIFFERENT	3:10	Zy86vFkgD5A	MPREb_QR54wuCKDeh	UCiY3z8HAGD6BlSNKVn2kSvQ
83	Hablamos Mañana	Bad Bunny	YHLQMDLG	INDIFFERENT	4:00	bDMr0VIbVfI	MPREb_QR54wuCKDeh	UCiY3z8HAGD6BlSNKVn2kSvQ
499	I Only Drink When I'm Drunk	BC Camplight	Shortly After Takeoff	INDIFFERENT	3:45	CcEn_DWe9Hk	MPREb_wTa0IrWI7JA	UCeN5nAojVeMxevxU6W1Df8g
500	Ghosthunting	BC Camplight	Shortly After Takeoff	INDIFFERENT	5:33	t5zGLkE7-o4	MPREb_wTa0IrWI7JA	UCeN5nAojVeMxevxU6W1Df8g
501	Back To Work	BC Camplight	Shortly After Takeoff	INDIFFERENT	4:11	ebVrUXostVg	MPREb_wTa0IrWI7JA	UCeN5nAojVeMxevxU6W1Df8g
502	Cemetery Lifestyle	BC Camplight	Shortly After Takeoff	INDIFFERENT	3:43	cL9DswAcO88	MPREb_wTa0IrWI7JA	UCeN5nAojVeMxevxU6W1Df8g
503	I Want To Be In The Mafia	BC Camplight	Shortly After Takeoff	INDIFFERENT	4:37	D97HZztWpPY	MPREb_wTa0IrWI7JA	UCeN5nAojVeMxevxU6W1Df8g
504	Shortly After Takeoff	BC Camplight	Shortly After Takeoff	INDIFFERENT	3:32	kQB6MerksDQ	MPREb_wTa0IrWI7JA	UCeN5nAojVeMxevxU6W1Df8g
505	Arm Around Your Sadness	BC Camplight	Shortly After Takeoff	INDIFFERENT	3:35	ZK_y9LEJBUs	MPREb_wTa0IrWI7JA	UCeN5nAojVeMxevxU6W1Df8g
506	Born To Cruise	BC Camplight	Shortly After Takeoff	INDIFFERENT	3:35	2uXQCAhZbhc	MPREb_wTa0IrWI7JA	UCeN5nAojVeMxevxU6W1Df8g
507	Angelo	BC Camplight	Shortly After Takeoff	INDIFFERENT	1:32	Vmmr6LV8Ln0	MPREb_wTa0IrWI7JA	UCeN5nAojVeMxevxU6W1Df8g
804	Bitter Cassava (feat. Pink Siifu)	Armand Hammer	Shrines	INDIFFERENT	2:57	d9mSLdvp508	MPREb_J68IXA1IqCO	UCi0ISyXPM4EEnCJ_xTNYh0w
805	Solarium	Armand Hammer	Shrines	INDIFFERENT	1:33	UhPvpEXFDJ0	MPREb_J68IXA1IqCO	UCi0ISyXPM4EEnCJ_xTNYh0w
806	Charms (feat. KeiyaA)	Armand Hammer	Shrines	INDIFFERENT	2:38	rpi9VebX0vU	MPREb_J68IXA1IqCO	UCi0ISyXPM4EEnCJ_xTNYh0w
807	Pommelhorse (feat. Curly Castro)	Armand Hammer	Shrines	INDIFFERENT	3:34	2BGZkI3EAt8	MPREb_J68IXA1IqCO	UCi0ISyXPM4EEnCJ_xTNYh0w
808	Leopards (feat. Nosaj)	Armand Hammer	Shrines	INDIFFERENT	3:03	X7JyZ4vn9CE	MPREb_J68IXA1IqCO	UCi0ISyXPM4EEnCJ_xTNYh0w
809	King Tubby	Armand Hammer	Shrines	INDIFFERENT	3:26	wZinON5lCOo	MPREb_J68IXA1IqCO	UCi0ISyXPM4EEnCJ_xTNYh0w
810	Frida (feat. Quelle Chris & Fielded)	Armand Hammer	Shrines	INDIFFERENT	4:12	djZXso_nurs	MPREb_J68IXA1IqCO	UCi0ISyXPM4EEnCJ_xTNYh0w
811	Slew Foot	Armand Hammer	Shrines	INDIFFERENT	3:20	qkcFY-jIpJE	MPREb_J68IXA1IqCO	UCi0ISyXPM4EEnCJ_xTNYh0w
812	War Stories	Armand Hammer	Shrines	INDIFFERENT	3:07	gvL0d3Vx33w	MPREb_J68IXA1IqCO	UCi0ISyXPM4EEnCJ_xTNYh0w
813	Flavor Flav	Armand Hammer	Shrines	INDIFFERENT	2:46	PVmzksuGw5c	MPREb_J68IXA1IqCO	UCi0ISyXPM4EEnCJ_xTNYh0w
814	Dead Cars (feat. R.A.P. Ferreira)	Armand Hammer	Shrines	INDIFFERENT	3:33	7UVx9cDF8ew	MPREb_J68IXA1IqCO	UCi0ISyXPM4EEnCJ_xTNYh0w
815	Parables (feat. Akai Solo)	Armand Hammer	Shrines	INDIFFERENT	3:19	OimrenoJbp8	MPREb_J68IXA1IqCO	UCi0ISyXPM4EEnCJ_xTNYh0w
816	Ramesses II (feat. Earl Sweatshirt, Moor Mother & Fielded)	Armand Hammer	Shrines	INDIFFERENT	4:12	j3j4gIgFrx0	MPREb_J68IXA1IqCO	UCi0ISyXPM4EEnCJ_xTNYh0w
817	The Eucharist	Armand Hammer	Shrines	INDIFFERENT	1:47	54TPfvKcw4g	MPREb_J68IXA1IqCO	UCi0ISyXPM4EEnCJ_xTNYh0w
1056	shut up	Ariana Grande	Positions	INDIFFERENT	2:38	_n3whzsfKUA	MPREb_l2GaeT4N6Dw	UC0076UMUgEng8HORUw_MYHA
1057	34+35	Ariana Grande	Positions	INDIFFERENT	2:54	NplFevPlYDI	MPREb_l2GaeT4N6Dw	UC0076UMUgEng8HORUw_MYHA
1058	motive	Ariana Grande	Positions	INDIFFERENT	2:48	8Vb0AhxaIwI	MPREb_l2GaeT4N6Dw	UC0076UMUgEng8HORUw_MYHA
1059	just like magic	Ariana Grande	Positions	INDIFFERENT	2:30	2OqwZbGagvw	MPREb_l2GaeT4N6Dw	UC0076UMUgEng8HORUw_MYHA
1060	off the table	Ariana Grande	Positions	INDIFFERENT	4:00	XrcLojUHRIM	MPREb_l2GaeT4N6Dw	UC0076UMUgEng8HORUw_MYHA
1061	six thirty	Ariana Grande	Positions	INDIFFERENT	3:04	9-Yn2Fa2zjg	MPREb_l2GaeT4N6Dw	UC0076UMUgEng8HORUw_MYHA
1062	safety net (feat. Ty Dolla $ign)	Ariana Grande	Positions	INDIFFERENT	3:29	KpnHqYIOf8g	MPREb_l2GaeT4N6Dw	UC0076UMUgEng8HORUw_MYHA
1063	my hair	Ariana Grande	Positions	INDIFFERENT	2:39	Y5Jrk4TXioE	MPREb_l2GaeT4N6Dw	UC0076UMUgEng8HORUw_MYHA
1064	nasty	Ariana Grande	Positions	INDIFFERENT	3:21	EKajhntvaZA	MPREb_l2GaeT4N6Dw	UC0076UMUgEng8HORUw_MYHA
1065	west side	Ariana Grande	Positions	INDIFFERENT	2:13	ulK0WnUVUnU	MPREb_l2GaeT4N6Dw	UC0076UMUgEng8HORUw_MYHA
1066	love language	Ariana Grande	Positions	INDIFFERENT	3:00	A6a35LdbyaY	MPREb_l2GaeT4N6Dw	UC0076UMUgEng8HORUw_MYHA
1067	positions	Ariana Grande	Positions	INDIFFERENT	2:53	lzlg0e7MvYI	MPREb_l2GaeT4N6Dw	UC0076UMUgEng8HORUw_MYHA
1068	obvious	Ariana Grande	Positions	INDIFFERENT	2:27	P9cTv527-Wk	MPREb_l2GaeT4N6Dw	UC0076UMUgEng8HORUw_MYHA
1069	pov	Ariana Grande	Positions	INDIFFERENT	3:22	y-C5cM_0KVE	MPREb_l2GaeT4N6Dw	UC0076UMUgEng8HORUw_MYHA
1070	In Heaven	Annie	Dark Hearts	INDIFFERENT	3:42	qV0IT2auq0s	MPREb_x6lQm436RHn	UC9Zogvastm1vffbcRKt8K5g
1071	The Streets Where I Belong	Annie	Dark Hearts	INDIFFERENT	4:11	aWj_fkGamfk	MPREb_x6lQm436RHn	UC9Zogvastm1vffbcRKt8K5g
1072	Dark Hearts	Annie	Dark Hearts	INDIFFERENT	3:59	McokWR_Lglc	MPREb_x6lQm436RHn	UC9Zogvastm1vffbcRKt8K5g
1073	Miracle Mile	Annie	Dark Hearts	INDIFFERENT	5:08	dsjqFIdKrgU	MPREb_x6lQm436RHn	UC9Zogvastm1vffbcRKt8K5g
1074	Corridors of Time	Annie	Dark Hearts	INDIFFERENT	4:33	BsCmYeNph_U	MPREb_x6lQm436RHn	UC9Zogvastm1vffbcRKt8K5g
1075	Forever ‘92	Annie	Dark Hearts	INDIFFERENT	4:07	gvtma9FTvc0	MPREb_x6lQm436RHn	UC9Zogvastm1vffbcRKt8K5g
1076	American Cars	Annie	Dark Hearts	INDIFFERENT	3:47	JxGlnf6vLIA	MPREb_x6lQm436RHn	UC9Zogvastm1vffbcRKt8K5g
1077	Mermaid Dreams	Annie	Dark Hearts	INDIFFERENT	4:58	w-uHS2XNjO8	MPREb_x6lQm436RHn	UC9Zogvastm1vffbcRKt8K5g
1078	Stay Tomorrow	Annie	Dark Hearts	INDIFFERENT	4:06	ckhXTWzQgZ8	MPREb_x6lQm436RHn	UC9Zogvastm1vffbcRKt8K5g
1079	The Countdown to the End of the World	Annie	Dark Hearts	INDIFFERENT	3:09	UZgtsdXvS4w	MPREb_x6lQm436RHn	UC9Zogvastm1vffbcRKt8K5g
1080	The Bomb	Annie	Dark Hearts	INDIFFERENT	4:02	IDXpy2FbbTw	MPREb_x6lQm436RHn	UC9Zogvastm1vffbcRKt8K5g
1081	The Untold Story	Annie	Dark Hearts	INDIFFERENT	5:18	XAawC21ro3k	MPREb_x6lQm436RHn	UC9Zogvastm1vffbcRKt8K5g
1082	It’s Finally Over	Annie	Dark Hearts	INDIFFERENT	3:14	qSLp5CyALto	MPREb_x6lQm436RHn	UC9Zogvastm1vffbcRKt8K5g
438	Theatre of Nature	Anna von Hausswolff	All Thoughts Fly	INDIFFERENT	6:01	EHjrMTqwTsw	MPREb_rHN8TWnQi3S	UC8Bo97y1WAkq6s1L07m8UPQ
439	Dolore di Orsini	Anna von Hausswolff	All Thoughts Fly	INDIFFERENT	4:05	AXXvrD3xAgg	MPREb_rHN8TWnQi3S	UC8Bo97y1WAkq6s1L07m8UPQ
440	Sacro Bosco	Anna von Hausswolff	All Thoughts Fly	INDIFFERENT	6:24	ASnYjgwE0mE	MPREb_rHN8TWnQi3S	UC8Bo97y1WAkq6s1L07m8UPQ
441	Persefone	Anna von Hausswolff	All Thoughts Fly	INDIFFERENT	7:09	A0GjQ83_Q0I	MPREb_rHN8TWnQi3S	UC8Bo97y1WAkq6s1L07m8UPQ
442	Entering	Anna von Hausswolff	All Thoughts Fly	INDIFFERENT	2:11	9RHWv68GVtc	MPREb_rHN8TWnQi3S	UC8Bo97y1WAkq6s1L07m8UPQ
443	All Thoughts Fly	Anna von Hausswolff	All Thoughts Fly	INDIFFERENT	12:24	Y-pg6MhGnsA	MPREb_rHN8TWnQi3S	UC8Bo97y1WAkq6s1L07m8UPQ
444	Outside the Gate (for Bruna)	Anna von Hausswolff	All Thoughts Fly	INDIFFERENT	5:24	gvz2oIzrKDQ	MPREb_rHN8TWnQi3S	UC8Bo97y1WAkq6s1L07m8UPQ
530	Neon Skyline	Andy Shauf	The Neon Skyline	INDIFFERENT	3:38	juYQRBMMcUA	MPREb_epNSgQXXM2f	UCp3eGVEfpk2hyFvM2lVRuYA
531	Where Are You Judy	Andy Shauf	The Neon Skyline	INDIFFERENT	3:21	RqrGL2gcT2s	MPREb_epNSgQXXM2f	UCp3eGVEfpk2hyFvM2lVRuYA
532	Clove Cigarette	Andy Shauf	The Neon Skyline	INDIFFERENT	2:55	IHRdkQcBeeA	MPREb_epNSgQXXM2f	UCp3eGVEfpk2hyFvM2lVRuYA
533	Thirteen Hours	Andy Shauf	The Neon Skyline	INDIFFERENT	2:58	kSef2mM09WU	MPREb_epNSgQXXM2f	UCp3eGVEfpk2hyFvM2lVRuYA
534	Things I Do	Andy Shauf	The Neon Skyline	INDIFFERENT	2:27	_PqvA6ri9Ps	MPREb_epNSgQXXM2f	UCp3eGVEfpk2hyFvM2lVRuYA
535	Living Room	Andy Shauf	The Neon Skyline	INDIFFERENT	3:05	ua0_KLEB7hI	MPREb_epNSgQXXM2f	UCp3eGVEfpk2hyFvM2lVRuYA
536	Dust Kids	Andy Shauf	The Neon Skyline	INDIFFERENT	2:40	EIW4Lyt5p8I	MPREb_epNSgQXXM2f	UCp3eGVEfpk2hyFvM2lVRuYA
537	The Moon	Andy Shauf	The Neon Skyline	INDIFFERENT	3:36	C954Fzz5UQA	MPREb_epNSgQXXM2f	UCp3eGVEfpk2hyFvM2lVRuYA
538	Try Again	Andy Shauf	The Neon Skyline	INDIFFERENT	3:48	KFJWX4REnf4	MPREb_epNSgQXXM2f	UCp3eGVEfpk2hyFvM2lVRuYA
539	Fire Truck	Andy Shauf	The Neon Skyline	INDIFFERENT	3:21	4MRv8ICz-sY	MPREb_epNSgQXXM2f	UCp3eGVEfpk2hyFvM2lVRuYA
540	Changer	Andy Shauf	The Neon Skyline	INDIFFERENT	3:01	_wmHFrQnMFc	MPREb_epNSgQXXM2f	UCp3eGVEfpk2hyFvM2lVRuYA
248	Untitled	Ana Roxanne	Because of a Flower	INDIFFERENT	0:51	ECOSXfVNAZA	MPREb_CKPFB5bG7Ez	UC4aFbRaJCyMi7M7_hjUjAIw
249	A Study in Vastness	Ana Roxanne	Because of a Flower	INDIFFERENT	6:50	yvqHzdk8ZLc	MPREb_CKPFB5bG7Ez	UC4aFbRaJCyMi7M7_hjUjAIw
250	Suite Pour L'invisible	Ana Roxanne	Because of a Flower	INDIFFERENT	7:02	YgdxguO_ojg	MPREb_CKPFB5bG7Ez	UC4aFbRaJCyMi7M7_hjUjAIw
251	- - -	Ana Roxanne	Because of a Flower	INDIFFERENT	5:15	_YoUUKjFNGI	MPREb_CKPFB5bG7Ez	UC4aFbRaJCyMi7M7_hjUjAIw
252	Camille	Ana Roxanne	Because of a Flower	INDIFFERENT	5:05	gWgKLv8M-xQ	MPREb_CKPFB5bG7Ez	UC4aFbRaJCyMi7M7_hjUjAIw
253	Venus	Ana Roxanne	Because of a Flower	INDIFFERENT	7:58	UwnI489BDlA	MPREb_CKPFB5bG7Ez	UC4aFbRaJCyMi7M7_hjUjAIw
254	Take the Thorn, Leave the Rose	Ana Roxanne	Because of a Flower	INDIFFERENT	6:04	eg2Fwcj8oQs	MPREb_CKPFB5bG7Ez	UC4aFbRaJCyMi7M7_hjUjAIw
766	Tide of Hyacinth	Ambrose Akinmusire	on the tender spot of every calloused moment	INDIFFERENT	8:20	Xopajw-oNnE	MPREb_Z7FL0ejBCEp	UCU1KWuQaxN55Zw8e7NVh69w
767	Yessss	Ambrose Akinmusire	on the tender spot of every calloused moment	INDIFFERENT	5:45	n5G5FqwPlbg	MPREb_Z7FL0ejBCEp	UCU1KWuQaxN55Zw8e7NVh69w
768	Cynical sideliners	Ambrose Akinmusire	on the tender spot of every calloused moment	INDIFFERENT	2:22	BsYbUAMDkHY	MPREb_Z7FL0ejBCEp	UCU1KWuQaxN55Zw8e7NVh69w
769	Mr. Roscoe (consider the simultaneous)	Ambrose Akinmusire	on the tender spot of every calloused moment	INDIFFERENT	5:58	_T9EvoMu4no	MPREb_Z7FL0ejBCEp	UCU1KWuQaxN55Zw8e7NVh69w
770	An Interlude (that get' more intense)	Ambrose Akinmusire	on the tender spot of every calloused moment	INDIFFERENT	6:39	cgQ3Srq6_FE	MPREb_Z7FL0ejBCEp	UCU1KWuQaxN55Zw8e7NVh69w
771	reset (quiet victories&celebrated defeats)	Ambrose Akinmusire	on the tender spot of every calloused moment	INDIFFERENT	3:26	8LE0y7Ep3UQ	MPREb_Z7FL0ejBCEp	UCU1KWuQaxN55Zw8e7NVh69w
772	Moon (the return amplifies the unity)	Ambrose Akinmusire	on the tender spot of every calloused moment	INDIFFERENT	3:45	FDr58xAB_D0	MPREb_Z7FL0ejBCEp	UCU1KWuQaxN55Zw8e7NVh69w
773	4623	Ambrose Akinmusire	on the tender spot of every calloused moment	INDIFFERENT	0:32	frxxYKPOwDc	MPREb_Z7FL0ejBCEp	UCU1KWuQaxN55Zw8e7NVh69w
774	Roy	Ambrose Akinmusire	on the tender spot of every calloused moment	INDIFFERENT	2:41	eLaXf37W0sc	MPREb_Z7FL0ejBCEp	UCU1KWuQaxN55Zw8e7NVh69w
775	Blues (We measure the heart with a fist)	Ambrose Akinmusire	on the tender spot of every calloused moment	INDIFFERENT	5:30	6OgatmO2bOc	MPREb_Z7FL0ejBCEp	UCU1KWuQaxN55Zw8e7NVh69w
776	Hooded procession (read the names outloud)	Ambrose Akinmusire	on the tender spot of every calloused moment	INDIFFERENT	3:19	aWF0AMnBza4	MPREb_Z7FL0ejBCEp	UCU1KWuQaxN55Zw8e7NVh69w
