	title	artist	album	albumArtist	likeStatus	averageRating	albumYear	albumType	duration_seconds
Ic3QnRj9Ev4	My Bologna	"""Weird Al"" Yankovic"	"""Weird Al"" Yankovic"	"""Weird Al"" Yankovic"	INDIFFERENT		1983.0	Album	122.0
FKOLJXdyJfE	Nobody to Love (Mono LP Version)	13th Floor Elevators	Easter Everywhere	13th Floor Elevators	INDIFFERENT		1967.0	Album	
meJSJyi8fqU	Roller Coaster (Live At La Maison, Summer 1966)	13th Floor Elevators	Headstone - The Contact Sessions	13th Floor Elevators	INDIFFERENT		2012.0	Album	
uDvuCzbwYAE	Needing To Win - 0-16	14KT	Nowalataz	14KT	INDIFFERENT	4.4475136	2010.0	Album	
9oLWDr5TZJs	Simon Says	1910 Fruitgum Company	The Best of the 1910 Fruitgum Co.	1910 Fruitgum Company	INDIFFERENT	4.0889893	2001.0	Album	
BuwxrZxEbt0	Come Back Home	2NE1	CRUSH	2NE1	INDIFFERENT		2014.0	Album	
1REuOnf91yU	Can't C Me	2Pac	All Eyez On Me	2Pac	INDIFFERENT		1996.0	Album	
SvLtjP_v7g8	Heavy In The Game (feat. Richie Rich)	2Pac	Me Against the World	2Pac	INDIFFERENT	4.7237167	1995.0	Album	
eiH0qAwaQc0	Down (Live at the UNO Lakefront Arena, New Orleans, LA - September 1997)	311	311 Live	311	INDIFFERENT		1998.0	Album	
4TDguXVp3qA	The Venus Trail	3ds	The Venus Trail	3ds	INDIFFERENT		1992.0	Album	
eZJRmHLXe8U	Respect Yourself	5 Revolutions	I'm a Free Man	5 Revolutions	INDIFFERENT		1976.0	Album	
qrG--TtbURM	out of my mind	508zelly	out of my mind	508zelly	INDIFFERENT		2019.0	Single	
Sm589l1qTL8	The Scratch	7 Year Bitch	¡Viva Zapata!	7 Year Bitch	INDIFFERENT	4.2784538	1994.0	Album	
wJTtke6VwO8	East Of Asteroid (Live From The Queen Elizabeth Hall,United Kingdom/1976)	801	801 Live	801	INDIFFERENT		1976.0	Album	
X6S32p6a8iw	Southlands 94'	90sFlav	Collection	90sFlav	INDIFFERENT		2018.0	Album	
Xc1NJna0iW4	Funeral for a Killer (Instrumental)	9th Wonder & Murs	The Final Adventure (Instrumentals)	9th Wonder	INDIFFERENT	4.6106195	2012.0	Album	
Z0nfWRfBuVs	It Is Nothing	A Place to Bury Strangers	Exploding Head	A Place to Bury Strangers	INDIFFERENT		2009.0	Album	
HHCx5fEYLyQ	Failure	A Sunny Day In Glasgow	Ashes Grammar	A Sunny Day In Glasgow	INDIFFERENT	3.9230769	2009.0	Album	
IgFb8h43O1Q	When You're Sad	A.R. Kane	The Complete Singles Collection	A.R. Kane	INDIFFERENT		2012.0	Album	
CxMcD8QHVag	SOS	ABBA	Abba	ABBA	INDIFFERENT		1975.0	Album	
bXep0aHynAQ	I Do, I Do, I Do, I Do, I Do	ABBA	Abba	ABBA	INDIFFERENT		1975.0	Album	
_oAnFBiQng4	Knowing Me, Knowing You	ABBA	Arrival	ABBA	INDIFFERENT		1976.0	Album	
Lz1wBYIudbA	Eagle (Long Version)	ABBA	The Album (Digitally Remastered)	Abba	INDIFFERENT		1977.0	Album	350.0
8WyfVoFM9As	Chiquitita	ABBA	Voulez-Vous	ABBA	INDIFFERENT		1979.0	Album	328.0
9y-8ZiAJiQo	Waterloo	ABBA	Waterloo (Deluxe Edition)	Abba	INDIFFERENT		1974.0	Album	
O0eU_qEDdWc	Poison Arrow	ABC	The Lexicon Of Love	ABC	INDIFFERENT	4.1126571	1982.0	Album	
2R0a3mCRSpU	Poison Arrow	ABC	The Lexicon Of Love (Deluxe Edition)	ABC	INDIFFERENT		1982.0	Album	
HRo2m6RYJpI	Jailbreak	AC/DC	'74 Jailbreak	AC/DC	INDIFFERENT		1984.0	EP	
59lSt6fVgMA	Girls Got Rhythm	AC/DC	Highway to Hell	AC/DC	INDIFFERENT		1979.0	Album	
3GJ223gG6d0	Walk All Over You	AC/DC	Highway to Hell	AC/DC	INDIFFERENT		1979.0	Album	
bAOwDZoWXRI	Whole Lotta Rosie	AC/DC	Let There Be Rock	AC/DC	INDIFFERENT		1977.0	Album	
n2hTsKRC31E	Let There Be Rock (Live - 1991)	AC/DC	Live (Collector's Edition)	AC/DC	INDIFFERENT		1992.0	Album	
KzeImyBG5WY	Rock 'N' Roll Damnation	AC/DC	Powerage	AC/DC	INDIFFERENT		1978.0	Album	
FFli-otaKrw	Our Future	AFTA-1	Sun Moon Wind Water	AFTA-1	INDIFFERENT	4.5128207	2014.0	EP	
WVFld36_rLc	Solar	AMAWALK	Solar	AMAWALK	INDIFFERENT		2018.0	Single	
2PrU1hcuBpc	Frosted Wood	A[way]	Frozen Roses	A[way]	INDIFFERENT		2020.0	EP	
gzpOIk5h1CY	The Music of the Ainur	Aaron Dunn	The Silmarillion Symphony, Ep. 1: The Deeps of Time	Aaron Dunn	INDIFFERENT		2014.0	EP	404.0
3hV5BxkjM74	November	Abe Vigoda	Crush	Abe Vigoda	INDIFFERENT	3.8	2010.0	Album	
c4I_Jigm6Qw	Freedom Of Speech	Above The Law	Livin' Like Hustlers	Above The Law	INDIFFERENT	3.9403563	1990.0	Album	
r0aTosdd7MQ	Livin' Like Hustlers	Above The Law	Livin' Like Hustlers	Above The Law	INDIFFERENT	4.145299	1990.0	Album	
SNZGarhNKbA	Symphony No.25 In G Minor, K. 183, 1st Movement	Academy of St. Martin in the Fields	Amadeus (The Complete Soundtrack Recording)	Academy Of St. Martin In The Fields	INDIFFERENT		1984.0	Album	
2c4z9JXz8ng	Sandy Kim	Acid Ghost	Vacation II	Acid Ghost	INDIFFERENT	4.849741	2016.0	Album	
OOtOTzqdM-k	Dark Star Blues (Live)	Acid Mothers Temple	Levitation Sessions (Live)	Acid Mothers Temple	INDIFFERENT		2021.0	Album	
21iDt3UY9YE	Chinese Flying Saucer (Live)	Acid Mothers Temple	Live in Castellón	Acid Mothers Temple	INDIFFERENT		2015.0	Album	
NZRkLC9REx8	Daydreamer	Adele	19	Adele	INDIFFERENT		2008.0	Album	
UwjepoTci2Y	Made in France	Adrien Moignard	Between Clouds	Adrien Moignard	INDIFFERENT		2012.0	Album	
0ZHAvZcJ2Ao	Django's Tiger	Adrien Moignard	Clasico	Adrien Moignard & Gonzalo Bergara	INDIFFERENT		2013.0	Album	
CETOvAXNSi8	Rue Du Languedoc	Adrien Moignard	Selmer #607	Adrien Moignard; Selmer #607	INDIFFERENT		2008.0	Album	
nNuZdwffkLg	Draw The Line	Aerosmith	Draw The Line	Aerosmith	INDIFFERENT		1977.0	Album	
NX8rp83svEY	Draw The Line	Aerosmith	Draw The Line	Aerosmith	INDIFFERENT		1977.0	Album	205.0
J8zdiovUSGQ	Cryin'	Aerosmith	Get A Grip	Aerosmith	INDIFFERENT		1993.0	Album	
ZK__9UIN5gk	Eat The Rich	Aerosmith	Get A Grip	Aerosmith	INDIFFERENT		1993.0	Album	
9Jh5xAng3gM	Livin' On The Edge	Aerosmith	Get A Grip	Aerosmith	INDIFFERENT		1993.0	Album	
XJYq2fhR7mY	Dream On	Aerosmith	Metal Classics	Various Artists	INDIFFERENT		2023.0	Album	265.0
5GieelD0lMU	Falling In Love (Is Hard On The Knees)	Aerosmith	Nine Lives	Aerosmith	INDIFFERENT		1997.0	Album	
aLxmov7oGHY	Falling In Love (Is Hard On The Knees)	Aerosmith	Nine Lives	Aerosmith	INDIFFERENT		1997.0	Album	206.0
vX9KW-8fLCQ	Angel	Aerosmith	Permanent Vacation	Aerosmith	INDIFFERENT		1987.0	Album	
BBnj_fg4IQ4	Last Child	Aerosmith	Rocks	Aerosmith	INDIFFERENT		1976.0	Album	
qPcbi1k8caI	Last Child	Aerosmith	Rocks	Aerosmith	INDIFFERENT		1976.0	Album	207.0
UYfixAc1Bcs	Back In the Saddle	Aerosmith	Rocks	Aerosmith	INDIFFERENT		1976.0	Album	281.0
JyGzXxa7eeE	Universalove	Afta1	Undefined	Afta1	INDIFFERENT	4.4698796	2014.0	Album	
tcssqo8ysqE	Superheroes (Remix)	Afta1	Undefined	Afta1	INDIFFERENT	4.5460124	2014.0	Album	
jYUOUqZoAz4	Camera's Rolling	Agnes Obel	Myopia	Agnes Obel	INDIFFERENT	4.1493506	2020.0	Album	
eSMTnLgYK8A	Nisyan	Ahmed Fakroun	Compilation	Ahmed Fakroun	INDIFFERENT		2010.0	Album	
z72waY0sCuM	Lost in Love	Air Supply	The Definitive Collection	Air Supply	INDIFFERENT		1999.0	Album	
3-ihKM_2K1c	Wait	Airhead	For Years	Airhead	INDIFFERENT		2013.0	Album	
iClhneiyAAQ	Wait	Airhead	Wait	Airhead	INDIFFERENT	3.72	2012.0	Single	
mCzGnIsA41Y	Kiss Me Sadly	Airiel	Airiel - EP	Airiel	INDIFFERENT		2005.0	EP	
PrQ6_ne_eoc	Red Friends	Airiel	The Battle of Sealand	Airiel	INDIFFERENT		2007.0	Album	
wE_rVqSyw48	In Your Room	Airiel	Winks & Kisses: Melted	Airiel	INDIFFERENT		2004.0	EP	
E4ZyO9k_8D8	Firefly	Airiel	Winks & Kisses: Melted	Airiel	INDIFFERENT		2004.0	EP	386.0
Gie-PtXj7vI	In Your Room	Airiel	Winks & Kisses: Melted	Airiel	INDIFFERENT		2004.0	EP	567.0
H-W3wC0zRWs	Nothin' You Can Do About It	Airplay	Airplay	Airplay	INDIFFERENT		1980.0	Album	
9kBjPXqTJ6I	We Went out For Coffee, It Was Nice	Aixion	We Went out For Coffee, It Was Nice	Aixion	INDIFFERENT		2018.0	Single	
L0i1U9RX_rw	I Wish You Were Here	Al Green	Al Green Is Love	Al Green	INDIFFERENT		1975.0	Album	
R0F-x0f08ZU	We're in This Love Together	Al Jarreau	Breakin' Away	Al Jarreau	INDIFFERENT	4.4012976	1981.0	Album	
QQD-OvbCfCU	Time Passages	Al Stewart	Time Passages	Al Stewart	INDIFFERENT		1978.0	Album	
Yxy1eF_w7sU	Year of the Cat (2001 Remaster)	Al Stewart	Year of the Cat	Al Stewart	INDIFFERENT		1976.0	Album	
ynoc8RW2tNg	Take A Little Trip	Alabama	American Pride	Alabama	INDIFFERENT		1992.0	Album	
Vbi2y1dgE3U	Summertime Blues	Alan Jackson	Who I Am	Alan Jackson	INDIFFERENT		1994.0	Album	
9guaxca5Qfg	Rise And Shine	Albert Griffiths & The Gladiators	A Whole Heap	Albert Griffiths & The Gladiators	INDIFFERENT		1989.0	Album	
VUxczzbZ_rU	You've Gotta Get up and Dance	Albie Donnelly's Supercharge	Local Lads Make Good	Albie Donnelly's Supercharge	INDIFFERENT		2011.0	Album	
hvZSs993E64	Time	Alcohol Funnycar	Burn	Alcohol Funnycar	INDIFFERENT		1993.0	EP	
tCLFBFPXazo	Time Goes By	Alejandro Clavijo	Time Goes By	Alejandro Clavijo	INDIFFERENT		2022.0	Single	152.0
BJdka0CTMcY	Sbirro in fuga reprise	Alessandro Alessandroni	Sangue di sbirro	Alessandro Alessandroni	INDIFFERENT			Album	
-zO-EV-Jpvw	Jagged Edge	Alessi Brothers	Long Time Friends	Alessi Brothers	INDIFFERENT		1982.0	Album	
jDpns3NT1Xk	Back & Forth	Alex Martian	Back & Forth	Alex Martian	INDIFFERENT		2019.0	Single	
finr9iOH16k	Under My Wheels	Alice Cooper	Alice Cooper's Greatest Hits	Alice Cooper	INDIFFERENT		1974.0	Album	167.0
e_qtQ52eFB0	Elected	Alice Cooper	Billion Dollar Babies (Deluxe Reissue)	Alice Cooper	INDIFFERENT		1973.0	Album	249.0
dIE-6w72bDo	Heaven Beside You	Alice In Chains	Alice In Chains	Alice In Chains	INDIFFERENT	4.6590071	1995.0	Album	
5OXM7yhw4dM	Your Decision	Alice In Chains	Black Gives Way To Blue	Alice In Chains	INDIFFERENT		2009.0	Album	
ZV-E8-VSPcs	Your Decision	Alice In Chains	Black Gives Way To Blue						
NZ5_P9MnU8g	Your Decision	Alice In Chains	Black Gives Way to Blue	Alice In Chains	INDIFFERENT		2009.0	Album	284.0
UVFd4tpphvE	Dam That River	Alice In Chains	Dirt	Alice In Chains	INDIFFERENT		1992.0	Album	
qCeGRQtA0PU	I Stay Away	Alice In Chains	Jar Of Flies	Alice In Chains	INDIFFERENT	4.7008128	1994.0	Album	
gWUZHVT-qQY	Down in a Hole	Alice In Chains	Nothing Safe - The Best Of The Box	Alice In Chains	INDIFFERENT		1999.0	Album	
TcA_vSQ34kE	Down In A Hole (Live at the Majestic Theatre, Brooklyn, NY - April 1996)	Alice In Chains	Unplugged	Alice In Chains	INDIFFERENT		1996.0	Album	
3EcqOR5gt_M	We Die Young	Alice in Chains	Facelift	Alice in Chains	INDIFFERENT	4.6155725	1990.0	Album	
1J256lLL4fU	I Love The Nightlife (Disco 'Round)	Alicia Bridges	I Love The Nightlife	Alicia Bridges	INDIFFERENT		1978.0	Album	
x62rX6BYeYE	A Reason	Alicks	Help Me Out	Alicks	INDIFFERENT	4.7176471	2015.0	Album	
bBRjLsNAYIw	In Chains	Alizzz	Whoa!	Alizzz	INDIFFERENT	4.3091264	2013.0	EP	
l158v-tIcgo	Saturn Jig	All Natural Lemon & Lime Flavors	All Natural Lemon & Lime Flavors	All Natural Lemon & Lime Flavors	INDIFFERENT		2001.0	Album	
qw3zPWMfV7I	Fishbelly 86 Onions	All Them Witches	ATW	All Them Witches	INDIFFERENT		2018.0	Album	
uFBnba_AXxo	Fishbelly 86 Onions	All Them Witches	Fishbelly 86 Onions	All Them Witches	INDIFFERENT		2018.0	Single	
CBBtt45GVxY	Terra Ignota	Allah-Las	Calico Review	Allah-Las	INDIFFERENT		2016.0	Album	
oTgAAy4LPf4	Nashua	Allen Toussaint	25 Best Of...	Allen Toussaint	INDIFFERENT		2018.0	Album	
LPICeC48sNc	Uptown Top Ranking	Althea & Donna	Reggae Anthology: Joe Gibbs - Scorchers From The Mighty Two	Various Artists	INDIFFERENT		2008.0	Album	
83wXbqyWlOg	Yüce Dag Basinda	Altin Gün	Yol	Altin Gün	INDIFFERENT		2021.0	Album	
q7daA-uyS-8	Yüce Dag Basinda	Altin Gün	Yol	Altin Gün	INDIFFERENT		2021.0	Album	259.0
7R7RUPBXb7M	Yüce Dag Basinda	Altin Gün	Yüce Dag Basinda						259.0
V0R9VVXOe-g	My Coo Ca Choo	Alvin Stardust	The Untouchable	Alvin Stardust	INDIFFERENT		1974.0	Album	
MDla-ODuhlg	Jealous Mind	Alvin Stardust	The Untouchable	Alvin Stardust	INDIFFERENT		1974.0	Album	162.0
kuqzlRlKDlY	Lose My Cool	Amber Mark	3:33am	Amber Mark	INDIFFERENT	4.6436515	2017.0	EP	
z5bVgD6KjQU	Kudasai (3 AM Feels)	Ambient	Lo-Fever: Sober Saturday Night Radio and Instrumental Chillwave Beats to Relax and Study	Various Artists	INDIFFERENT		2018.0	Album	
ZDryvXw_mNs	Nice, Nice, Very Nice (Live Version)	Ambrosia	Ambrosia	Ambrosia	INDIFFERENT		2008.0	EP	
k5gOehkLUTk	Biggest Part of Me	Ambrosia	One Eighty	Ambrosia	INDIFFERENT		1980.0	Album	
Ewg1LTLBGkE	How Much I Feel (Remastered Version)	Ambrosia	The Essentials: Ambrosia	Ambrosia	INDIFFERENT		2005.0	Album	283.0
ixulpvUtSvA	I Hope He Breaks Your Heart	American Aquarium	Dances For The Lonely	American Aquarium	INDIFFERENT		2009.0	Album	
rPXYpvC45qk	Down in the Valley (In the Style of Burl Ives) [Karaoke Version]	Ameritz Karaoke Entertainment	Karaoke (In the Style of Burl Ives)	Ameritz Karaoke Entertainment	INDIFFERENT		2012.0	EP	
7N6o_OQnpoQ	Mozambique	Amon Düül II	Lemmingmania	Amon Düül II	INDIFFERENT		1975.0	Album	
fbqqwgIWW5Q	Archangels Thunderbird	Amon Düül II	Lemmingmania	Amon Düül II	INDIFFERENT		1975.0	Album	
TpdDAQDlrr0	Kanaan	Amon Düül II	Phallus Dei	Amon Düül II	INDIFFERENT		1969.0	Album	
g-6PuzqoNYQ	Jail-House Frog	Amon Düül II	Wolf City	Amon Düül II	INDIFFERENT		1972.0	Album	
sfu-k9CKq2w	Archangels Thunderbird	Amon Düül II	Yeti	Amon Düül II	INDIFFERENT		1970.0	Album	
zZRi9SoASoE	Esther's	Amon Tobin	Bloodstone	Amon Tobin	INDIFFERENT		2007.0	Single	
5sOwlyoS4Xo	Esther's	Amon Tobin	Foley Room	Amon Tobin	INDIFFERENT				
UMXqhOzRVQQ	Esther's	Amon Tobin	Foley Room	Amon Tobin	INDIFFERENT		2007.0	Album	200.0
MP2AR7jrvzA	Chicken Shack Boogie	Amos Milburn	Chicken Shack Boogie	Amos Milburn	INDIFFERENT		1948.0	Single	
bh6MR4EFAz8	My Bad, Your Fault	Amtrac	Oddyssey	Amtrac	INDIFFERENT	4.609756	2020.0	Album	
2Q0u9qdGGVM	How Do I Survive	Amy Holland	Lost Hits Of The 80's (All Original Artists & Versions)	Various Artists	INDIFFERENT		2010.0	Album	
1exSrekJg8U	Smoke Dope And Rap	Andre Nickatina aka Dre Dog	The New Jim Jones	Andre Nickatina aka Dre Dog	INDIFFERENT	4.8640447	1993.0	Album	
OsSNdNuRbRA	Lonely Boy	Andrew Gold	What's Wrong with This Picture?	Andrew Gold	INDIFFERENT		1976.0	Album	
FoN3iNv7k3Q	Lonely Boy	Andrew Gold	What's Wrong with This Picture?	Andrew Gold	INDIFFERENT		1976.0	Album	
nlx9dYk6_PI	Peter & John	Andrew Wartts & The Gospel Story Tellers	Good God! Born Again Funk	Various Artists	INDIFFERENT		2010.0	Album	
n-EJQ9kjZ84	I Just Want To Be Your Everything	Andy Gibb	Flowing Rivers	Andy Gibb	INDIFFERENT		1977.0	Album	
jCdyXbRDwJo	Round and Round	Andy Starr	Andy Starr: Debut Recordings	Andy Starr	INDIFFERENT		2011.0	Album	
_ek7ZdZbovM	(Where Do I Begin) Love Story	Andy Williams	Andy Williams' Greatest Hits Vol.2	Andy Williams	INDIFFERENT		1973.0	Album	
GkVPOCX6gPo	Haunting & Heartbreaking	Angelo Badalamenti	Lost Highway	Various Artists	INDIFFERENT		1997.0	Album	
TSNJEQXshbw	La Gitane (feat. Serge Camps)	Angelo Debarre	Gypsy Guitars	Angelo Debarre	INDIFFERENT		1989.0	Album	
FjhhEt03fMc	Things Are Moving	Angry Angles	Things Are Moving	Angry Angles	INDIFFERENT	3.4067798	2016.0	Single	
XlQ3rZMcShY	Yang Yang	Anika	Anika	Anika	INDIFFERENT		2010.0	Album	
pxkEw-IWZV8	I Go to Sleep	Anika	Anika EP	Anika	INDIFFERENT		2013.0	EP	
0pmz738u9to	Grass	Animal Collective	Feels	Animal Collective	INDIFFERENT	3.7634408	2005.0	Album	
HDkmp5ZvrDo	Natural Selection	Animal Collective	Painting With	Animal Collective	INDIFFERENT	4.2713757	2016.0	Album	
K-FrlY1EG_I	Cafo	Animals As Leaders	Animals As Leaders	Animals As Leaders	INDIFFERENT		2009.0	Album	
qsNVmdcc5-o	Tea for Two	Anita O'Day	Jazz on a Summer's Day	Various Artists	INDIFFERENT		1965.0	Album	
qeeuuu5jQeE	Vaya Con Dios	Anita O'Day	The Lady Is A Tramp	Anita O'Day	INDIFFERENT		1952.0	Album	
rt-Ws5JpTnI	Ring My Bell (12' Version) (Re-Recorded)	Anita Ward	Ring My Bell (Dubstep Remix)	Anita Ward	INDIFFERENT		1979.0	EP	491.0
doMxd4Q7N0Q	I Didn't Take Your Man	Ann Peebles	Greatest Hits	Ann Peebles	INDIFFERENT		1990.0	Album	
-Oq9pfQwJkU	Bottle Of Wine	Anne Hills	Best Of Friends	Anne Hills	INDIFFERENT		2004.0	Album	
8iXsGw7bEbU	Up in Mine	Anthems	Up in Mine	Anthems	INDIFFERENT		2014.0	Single	
L_8AiIut4Cs	Reggae Feeling	Anthony Johnson	Reggae Feeling	Anthony Johnson	INDIFFERENT		1983.0	Album	
MCWZsAROnew	Idle on Parade	Anthony Newley	Why?	Anthony Newley	INDIFFERENT		2011.0	Album	
gbAgCdDu9WI	Got The Time	Anthrax	Persistence Of Time (30th Anniversary Remaster)	Anthrax	INDIFFERENT		1990.0	Album	
qg5fpPbhms4	Only	Anthrax	Sound of White Noise - Expanded Edition	Anthrax	INDIFFERENT		1993.0	Album	
S9BtcAgrtvY	Waltz for Django	Antonio Forcione	Tears of Joy	Antonio Forcione	INDIFFERENT		2005.0	Album	
az35Sjh-9E8	Cock/ver10	Aphex Twin	Drukqs	Aphex Twin	INDIFFERENT	5.0	2001.0	Album	
yj4Lr9IYXHQ	Custom	Apollo Brown	SkilledTrade	Apollo Brown	INDIFFERENT				
rA7KC225dxA	Goodbye (with Soap & Skin)	Apparat	The Devil's Walk	Apparat	INDIFFERENT		2011.0	Album	
LRWRB6urVkg	She's The One For Me	Aquatones	Doo-Wop Classics Vol. 2 [Fargo Records]	Various Artists	INDIFFERENT		2007.0	Album	
9gyMLJlZqq0	Canyon	Ara Macao	Club Meduse Compiled by Charles Bals	Various Artists	INDIFFERENT		2018.0	Album	
0jxJSSj3X18	Web in Front	Archers of Loaf	Icky Mettle	Archers of Loaf	INDIFFERENT	4.1272726	1993.0	Album	
v3jSESyNTB8	He's a Vampire	Archie King	Scary Monsters Halloween Party		INDIFFERENT				
Zfei2idzVTg	Arabella (Live)	Arctic Monkeys	Arabella (The Royal Albert Hall) [Live]	Arctic Monkeys	INDIFFERENT		2020.0	Single	
Yx-m18KwIfQ	Catapult	Arctic Monkeys	Cornerstone	Arctic Monkeys	INDIFFERENT	4.8615985	2009.0	EP	
RgMiwZ8IAwg	The Blond-O-Sonic Shimmer Trap	Arctic Monkeys	Don't Sit Down 'Cause I've Moved Your Chair	Arctic Monkeys	INDIFFERENT	4.8121328	2011.0	Single	
G8NklW-0JtQ	Every Girl (Wants My Guy)	Aretha Franklin	Get It Right	Aretha Franklin	INDIFFERENT		1983.0	Album	
N3LluT6gj5o	Round and Round	Ariel Pink's Haunted Graffiti	Round And Round	Ariel Pink's Haunted Graffiti	INDIFFERENT		2010.0	Single	
2O-0Bbeoh0I	Rock Crazy Baby	Art Adams	Jukebox Hits for You and Me, Vol. 2	Various Artists	INDIFFERENT		2016.0	Album	
IbThUy6xaLY	Bruit, silence - Bruit, repos	Art Zoyd	Symphonie pour le jour où brûleront les cités	Art Zoyd	INDIFFERENT		1976.0	Album	
b9nqRUsMnAs	Gloomy Sunday	Artie Shaw	The Masters of Jazz: 33 Best of Artie Shaw & Ben Webster	Various Artists	INDIFFERENT		2011.0	Album	
9BhsTTftWno	Endless Skies	Ashbury	Endless Skies	Ashbury	INDIFFERENT		1983.0	Album	457.0
js6jUlD3l90	New Years	Asobi Seksu	Citrus	Asobi Seksu	INDIFFERENT		2006.0	Album	
GWXpkzQSTIw	Nefi + Girly	Asobi Seksu	Citrus	Asobi Seksu	INDIFFERENT		2006.0	Album	
G2doN4kZRio	Strings	Asobi Seksu	Citrus	Asobi Seksu	INDIFFERENT		2006.0	Album	
Kioo8sY38gY	Me & Mary	Asobi Seksu	Me & Mary	Asobi Seksu	INDIFFERENT		2008.0	Single	188.0
mam4Nazh4vM	Me & Mary	Asobi Seksu	Me & Mary b/w Breathe Into Glass	Asobi Seksu	INDIFFERENT		2008.0	Single	
NrO0xvCPc-k	Bob Dylan's 115th Dream	Asobi Seksu	Subterranean Homesick Blues: A Tribute to Bob Dylan's 'Bringing It All Back Home'	Various Artists	INDIFFERENT		2010.0	Album	
YeCr10wm2E8	Trails	Asobi Seksu	Trails	Asobi Seksu	INDIFFERENT		2011.0	Single	
jmsqx6rbLaw	Trails	Asobi Seksu	Trails	Asobi Seksu	INDIFFERENT		2011.0	Single	241.0
uqwR8QKXch8	Place With You	Astronauts, etc.	Mind Out Wandering	Astronauts, etc.	INDIFFERENT	4.6710877	2015.0	Album	
-hmgMJBPMSE	Here's That Rainy Day	Astrud Gilberto	So Nice	Astrud Gilberto	INDIFFERENT		2016.0	Album	
q4IM5vY-JEQ	I A Rebel Soul	Aswad	Aswad	Aswad	INDIFFERENT		1902.0	Album	
oyj_KJUKhUs	Not Guilty	Aswad	Hulet	Aswad	INDIFFERENT		1978.0	Album	
-W3mIFhEFmc	Imaginary Lover	Atlanta Rhythm Section	Champagne Jam	Atlanta Rhythm Section	INDIFFERENT		1978.0	Album	307.0
3l4BC3h4Z1Y	Always Coming Back Home To You	Atmosphere	Seven's Travels	Atmosphere	INDIFFERENT		2003.0	Album	
Z0RTstVkmB0	Your Glass House	Atmosphere	When Life Gives You Lemons, You Paint That Shit Gold	Atmosphere	INDIFFERENT	4.7761192	2008.0	Album	
gStAmd6PtfQ	Golden Hour	Attom	Golden Hour	Attom	INDIFFERENT		2018.0	Single	182.0
BMU1L5_q9Vg	Only You	Attom	Only You	Attom	INDIFFERENT		2022.0	Single	196.0
45cChGoNtkY	Let Go, It's Over	Aura	Magic Lover / Let Go, It's Over	Aura	INDIFFERENT		2016.0	Single	
aVTfhz7ZAJI	Are You Single?	Aurra	Send Your Love	Aurra	INDIFFERENT		2011.0	Album	
Wu50AWC4oLY	I Am Not Waiting (Shura Remix)	Austra	I Am Not Waiting (Shura Remix)	Austra	INDIFFERENT	4.7333331	2020.0	Single	
5Amux8FK-gs	Piezo	Autechre	Amber	Autechre	INDIFFERENT	5.0	1994.0	Album	
8Wz5063mkYw	Running	Autograf	Running	Autograf	INDIFFERENT	3.7545788	2015.0	Single	
Gr7QNHiaEno	Gonna Die	Autre Ne Veut	Anxiety	Autre Ne Veut	INDIFFERENT		2013.0	Album	
YgUqEF2GDpw	Counting	Autre Ne Veut	Anxiety	Autre Ne Veut	INDIFFERENT		2013.0	Album	
y7D6Bwh39tI	Everybody Bounce	Aztec Tribe	Straight from Tha Zone	Aztec Tribe	INDIFFERENT		2018.0	Album	
uJ6JPsC1EvQ	City 2 City	B-Legit	The Hemp Museum	B-Legit	INDIFFERENT	4.6091142	1990.0	Album	
_qQY0XdsqBk	My Everything	B-Lovee	My Everything	B-Lovee	INDIFFERENT		2021.0	Single	
kmwaEJn_5K0	A Quiet Life	B-Side	Rosebuds	B-Side	INDIFFERENT		2019.0	Album	
ze3hJUbTGiw	A Quiet Life	B-Side	Rosebuds	B-Side	INDIFFERENT		2019.0	Album	173.0
O4yGqS0GOj0	Don't You Lie To Me	B.B. King	King Size	B.B. King	INDIFFERENT		1977.0	Album	
8sbOgthqJ5Y	Hold On (I Feel Our Love Is Changing) (feat. The Crusaders)	B.B. King	Midnight Believer	B.B. King	INDIFFERENT		1978.0	Album	
S3BQZCQ9A2I	Get a Lil' Stupid (Extended Version)	B.M.W.	Get a Lil' Stupid	B.M.W.	INDIFFERENT		1990.0	EP	
ewyu4dIVj-8	My Maria	B.W. Stevenson	My Maria	B.W. Stevenson	INDIFFERENT		1973.0	Album	152.0
xfrb0ItD_4c	Gimme	BANKS	Gimme	BANKS	INDIFFERENT	4.3693509	2019.0	Single	
fTHXCcwhrn8	Drowning	BANKS	Goddess (Deluxe)	BANKS	INDIFFERENT	4.4908395	2014.0	Album	
0IcMGxtpLp0	Raindrops Keep Fallin' on My Head	BJ Thomas	BJ Thomas: Greatest Hits	BJ Thomas	INDIFFERENT	4.5868468	2004.0	Album	
BA2K5BWZWA8	Lakeside	BLK JKS	After Robots	BLK JKS	INDIFFERENT	3.7578948	2009.0	Album	
yUzh9-P428E	Standby	BLK JKS	After Robots	BLK JKS	INDIFFERENT		2009.0	Album	
2rvb5XUysDg	Eureka	Babe Rainbow	Double Rainbow	Babe Rainbow	INDIFFERENT	4.8335724	2018.0	Album	
1A2pO8YODYM	Ready for Tomorrow	Babe Rainbow	Ready for Tomorrow	Babe Rainbow	INDIFFERENT		2021.0	Single	220.0
XON5kVxHBYA	Bruise Violet	Babes In Toyland	Fontanelle	Babes In Toyland	INDIFFERENT	4.1754985	1992.0	Album	
_4gelHo_QbA	Sweet '69	Babes In Toyland	Nemesisters	Babes In Toyland	INDIFFERENT		1995.0	Album	
WG4AG36zDxM	What Becomes of the Brokenhearted (Single Version)	Baby Washington	Breakfast In Bed: Rare Soul Sides	Baby Washington	INDIFFERENT		2020.0	EP	
yqzseL-KocM	You Ain't Seen Nothing Yet	Bachman-Turner Overdrive	70's Pop Number 1's	Various Artists	INDIFFERENT		2007.0	Album	
sbpf7upzrYs	Four Wheel Drive	Bachman-Turner Overdrive	Four Wheel Drive	Bachman-Turner Overdrive	INDIFFERENT		1975.0	Album	
ul4bMqAbLJs	Attitude	Bad Brains	Bad Brains	Bad Brains	INDIFFERENT	4.6169224	1982.0	Album	
dFq4kvDmxls	I	Bad Brains	Bad Brains	Bad Brains	INDIFFERENT	4.7096372	1982.0	Album	
XQejWOArRAw	Rock for Light	Bad Brains	Rock For Light	Bad Brains	INDIFFERENT		2005.0	Album	
1IhIRppQYDg	Coptic Times	Bad Brains	Rock For Light	Bad Brains	INDIFFERENT		2005.0	Album	
5sWcHr8EILw	I	Bad Brains	Rock For Light	Bad Brains	INDIFFERENT		2005.0	Album	
dDyAyocNr70	Joshua's Song	Bad Brains	Rock For Light	Bad Brains	INDIFFERENT		2005.0	Album	
Inoi8_viDyI	Attitude	Bad Brains	Rock For Light	Bad Brains	INDIFFERENT		2005.0	Album	
5EIZ6f86S2E	Remember When	Bad Wolves	Disobey	Bad Wolves	INDIFFERENT		2018.0	Album	
_637zMG2MkY	Killing Me Slowly	Bad Wolves	N.A.T.I.O.N.	Bad Wolves	INDIFFERENT		2019.0	Album	
8KjrB6mlkwo	This Song	Badly Drawn Boy	The Hour of Bewilderbeast	Badly Drawn Boy	INDIFFERENT		1999.0	Album	
s6me17kYy54	Doin' the Dance	Bangalore Choir	On Target	Bangalore Choir	INDIFFERENT		1991.0	Album	
eg2C2UN9Y9Y	Love and War (feat. Ghostface Killah)	Banks & Steelz	Anything But Words	Banks & Steelz	INDIFFERENT		2016.0	Album	
kNYw26LqnLo	Love Makes A Woman	Barbara Acklin	20 Greatest Hits	Barbara Acklin	INDIFFERENT		2002.0	Album	
YPy_At_97YM	Baby, I'm Yours	Barbara Lewis	Baby, I'm Yours	Barbara Lewis	INDIFFERENT		1965.0	Album	
HPMraGst-Ys	Baby, I'm Yours	Barbara Lewis	Best Of	Barbara Lewis	INDIFFERENT		2017.0	Album	
h_qrBYtIGb4	Baby, I'm Yours	Barbara Lewis	The Bridges Of Madison County Original Sound Track	Various Artists	INDIFFERENT		2005.0	Album	
EPSipyWlmSU	Guilty (feat. Barry Gibb)	Barbra Streisand	Guilty	Barbra Streisand	INDIFFERENT		1980.0	Album	
-xWdhCQMIrY	Stoney End	Barbra Streisand	Stoney End	Barbra Streisand	INDIFFERENT		1971.0	Album	
8Vv3Ve6KQt8	Brian Wilson	Barenaked Ladies	Gordon	Barenaked Ladies	INDIFFERENT		1992.0	Album	
4rI6WafYAps	Light Up My Room	Barenaked Ladies	Stunt (20th Anniversary Edition)	Barenaked Ladies	INDIFFERENT		2018.0	Album	
bmWVnftt9uQ	Take It All	Barrabas	Desperately	Barrabas	INDIFFERENT		1975.0	Album	
6bYwSZbg3xk	Deep in the Dark	Barrington Levy	Divine	Barrington Levy	INDIFFERENT		2012.0	Album	
v608LgwGpxY	The Vibes Is Right	Barrington Levy	Here I Come	Barrington Levy	INDIFFERENT		1985.0	Album	
uA0Y7P3pabM	Praise His Name	Barrington Levy	Reggae Anthology: Sweet Reggae Music (1979-84)	Barrington Levy	INDIFFERENT		2012.0	Album	
s2sPBA6gVSQ	Soldier	Barrington Levy	Reggae Anthology: The Channel One Story Chapter Two	Various Artists	INDIFFERENT		2008.0	Album	
YW1kk-J1U8M	Under Mi Sensi	Barrington Levy	Reggae Hits, Vol. 1	Various Artists	INDIFFERENT		1985.0	Album	
o9WAoA8mY44	Many Changes In Life	Barrington Levy	Robin Hood	Barrington Levy	INDIFFERENT		1980.0	Album	
lsz41NrcVzI	Trying to Rule My Life	Barrington Levy	Teach Me Culture	Barrington Levy	INDIFFERENT		1983.0	Album	
hlUYA18mBB4	Better Than Gold	Barrington Levy	The Harder They Fall		INDIFFERENT				
uw5gZTWbiOk	Enter The Kingdom Of Zion	Barry Brown	Barry Brown's Step It Up Youthman	Barry Brown	INDIFFERENT		2006.0	Album	
H18HIaM9Xts	Enter the Kingdom of Zion	Barry Brown	Les titres essentiels Reggae Essentials	Various Artists	INDIFFERENT		2003.0	Album	
zul1T_E6jPU	Who Put the Bomp	Barry Mann	Classic Doo Wop Is Back, Vol. 4	Various Artists	INDIFFERENT		2016.0	Album	
zjxSSihsVkI	Who Put the Bomp	Barry Mann	Dance Classics: Doo Wop Sessions, Vol. 4	Various Artists	INDIFFERENT	4.2330828	2016.0	Album	
_38SWIIKITE	Eve Of Destruction	Barry McGuire	Eve Of Destruction	Barry McGuire	INDIFFERENT		1965.0	Album	
E7zmRvhFEYo	You're The First, The Last, My Everything	Barry White	Can't Get Enough	Barry White	INDIFFERENT		1974.0	Album	
1g6GTmHAPbY	You're The First, The Last, My Everything	Barry White	You're The First, The Last, My Everything	Barry White	INDIFFERENT		2003.0	Album	
TRuD7f_mos8	Speak with a Dofflin (Sable Remix)	Basenji	Thesoundyouneed, Vol. 1	Various Artists	INDIFFERENT	4.1568432	2014.0	Album	
Tf6z7cy0vb8	High School Roaches	Bass Drum Of Death	Gb City	Bass Drum Of Death	INDIFFERENT	4.7236362	2011.0	Album	
52WDK9L67lc	Serenade	Bastido	Serenade	Bastido	INDIFFERENT		2021.0	Single	197.0
AgDBs7PiZcE	Aw! Who	Bat Carroll	(Not Just) A Pretty Face and a Pompadour	Various Artists	INDIFFERENT		1998.0	Album	
vcUAbj2ez0o	Ironworks	Baths	Obsidian	Baths	INDIFFERENT		2013.0	Album	
LkLZoew9RYs	Ironworks	Baths	Obsidian	Baths	INDIFFERENT		2013.0	Album	281.0
C6zFR-_Q0_o	Ocean Death	Baths	Ocean Death	Baths	INDIFFERENT	4.3057427	2014.0	EP	
sfG0ZV-IRhU	Ocean Death	Baths	Ocean Death	Baths	INDIFFERENT		2014.0	EP	330.0
MyQdzf6qe8E	Alive	Battle Tapes	Form - EP	Battle Tapes	INDIFFERENT		2017.0	EP	
gYnSD_ZXSxk	Window View	Beach Fossils	Beach Fossils	Beach Fossils	INDIFFERENT	4.4969325	2010.0	Album	
te_ytts7njE	Wide Awake	Beach Fossils	Beach Fossils	Beach Fossils	INDIFFERENT	4.6583629	2010.0	Album	
jtZQgt8JF2Q	Burn You Down	Beach Fossils	Clash the Truth	Beach Fossils	INDIFFERENT	4.5205994	2013.0	Album	
gMY6uxUkx_M	Shallow	Beach Fossils	Clash the Truth	Beach Fossils	INDIFFERENT	4.6246333	2013.0	Album	
iAIncHfx_4s	Avalon Speedway	Beans	All Together Now	Beans	INDIFFERENT		2020.0	Album	
rBFu4oxTsXs	Lovesick Teenagers	Bear In Heaven	Beast Rest Forth Mouth	Bear In Heaven	INDIFFERENT		2010.0	Album	
reP0aV_fVA0	Just a Little	Beau Brummels	The Best Of The Beau Brummels	Beau Brummels	INDIFFERENT	4.1088085	2011.0	Album	
YClsPg08Egg	Youthless	Beck	Modern Guilt	Beck	INDIFFERENT	4.4036822	2008.0	Album	
7o3NQnSvJZI	Chemtrails	Beck	Modern Guilt	Beck	INDIFFERENT	4.5151958	2008.0	Album	
bPOfNKZytMU	1000BPM	Beck	The Information	Beck	INDIFFERENT		2006.0	Album	
hgLUeBX-wIU	Hearts in the Night	Bedouin Soundclash	Street Gospels	Bedouin Soundclash	INDIFFERENT		2007.0	Album	
qPDmpSQjghA	Turn Of The Century	Bee Gees	Bee Gees' 1st	Bee Gees	INDIFFERENT		1967.0	Album	
KDJ5qqiQDto	Holiday	Bee Gees	Bee Gees' 1st	Bee Gees	INDIFFERENT		1967.0	Album	
kkPUYIKA4eA	Nights On Broadway	Bee Gees	Greatest	Bee Gees	INDIFFERENT		1979.0	Album	275.0
67EN2PCDpOM	Love You Inside Out	Bee Gees	Greatest	Bee Gees	INDIFFERENT		1979.0	Album	250.0
gdqVP35IQqQ	Too Much Heaven	Bee Gees	Spirits Having Flown	Bee Gees	INDIFFERENT		1979.0	Album	
Fnxi7vUBh6g	To Love Somebody (Live Version)	Bee Gees	Tales From The Brothers Gibb	Bee Gees	INDIFFERENT		1990.0	Album	222.0
5g2bJbrwLmk	Nights On Broadway	Bee Gees	The Ultimate Bee Gees	Bee Gees	INDIFFERENT		2009.0	Album	
lQkB4i0KQa8	How Deep Is Your Love	Bee Gees	The Ultimate Bee Gees	Bee Gees	INDIFFERENT		2009.0	Album	
TqjSpvwSM4M	Raymonds Road	Beggar's Opera	Act One		INDIFFERENT				
dN1iW-ee5I8	The Boy With The Arab Strap	Belle & Sebastian	The Boy With The Arab Strap	Belle & Sebastian	INDIFFERENT		1998.0	Album	
Tm2e-u3HL5c	Little Red Book	Benny Joy	Rockabilly Shakedown	Benny Joy	INDIFFERENT		2009.0	Album	
-9URZgAqeqo	Into The Night	Benny Mardones	Never Run Never Hide	Benny Mardones	INDIFFERENT		1980.0	Album	
QqJqwjdYh-A	Key Largo	Bertie Higgins	Just Another Day in Paradise	Bertie Higgins	INDIFFERENT		1982.0	Album	
pEoAaiToHTs	Back to the Island	Bertie Higgins	The Very Best of Trop Rock	Bertie Higgins	INDIFFERENT		2014.0	Album	
OSysuSf6w80	Take Me For A Buggy Ride	Bessie Smith	101 - The Best Of Vintage Blues	Various Artists	INDIFFERENT		2013.0	Album	
9v9NVjeMn3E	I Can't Stand It	Beth Anderson	Peachy Keen-O	Beth Anderson	INDIFFERENT		2004.0	Album	
ERj0XEA_kNc	Show	Beth Gibbons	Out Of Season	Beth Gibbons	INDIFFERENT		2002.0	Album	
jl8Sx2mSbog	Shopping Trolley	Beth Orton	Shopping Trolley	Beth Orton	INDIFFERENT		2006.0	Single	
gtZX56T6Bcc	Do You Want to Dance?	Bette Midler	The Divine Miss M (Deluxe Version)	Bette Midler	INDIFFERENT		1972.0	Album	
k0Opj7oMn8g	Rearranging the Bones (25th Anniversary Re-Mastered Edition)	Better Than Ezra	Surprise (25th Anniversary Re-Mastered Edition)	Better Than Ezra	INDIFFERENT		1989.0	Album	
W8b4hPEN05I	If I'm In Luck I Might Get Picked Up	Betty Davis	Betty Davis	Betty Davis	INDIFFERENT		1973.0	Album	
q4m563GvUCM	I Will Take That Ride (Previously Unreleased Bonus Track, 1974)	Betty Davis	Betty Davis	Betty Davis	INDIFFERENT		1973.0	Album	
OVdL3p5LI8I	There's A Break In The Road	Betty Harris	Soul Jazz Records Presents Betty Harris: The Lost Queen Of New Orleans Soul	Betty Harris	INDIFFERENT		1967.0	Album	
DZGc1IJKeiY	Shoorah! Shoorah!	Betty Wright	Danger High Voltage	Betty Wright	INDIFFERENT		1974.0	Album	
NCLPoGbcSlI	Les Flots du Danube (feat. Stochelo Rosenberg)	Biel Ballester Trio	Melodium Melodynamic	Biel Ballester Trio	INDIFFERENT		2016.0	Album	
isY5ffLNlxc	At The House Of Frankenstein	Big Bee Kornegay	Frankenstein Horror		INDIFFERENT				131.0
WDjN66c9Uqo	At The House Of Frankenstein	Big Bee Kornegay	Halloween Garage Rock		INDIFFERENT				
5p8VqWjN358	Chantilly Lace	Big Bopper	Rock'n'Roll & Jukebox Hits - 60 Originals From The 50s	Various Artists	INDIFFERENT		2012.0	Album	
4JYMD2lyWzo	Set It Off	Big Daddy Kane	Long Live The Kane	Big Daddy Kane	INDIFFERENT	4.708848	1988.0	Album	
NFAvExKyy_8	Little Leg Woman	Big Joe Williams	Baby Please Don't Go (The Best of)	Big Joe Williams	INDIFFERENT		2009.0	Album	
V-q7tOztDWs	Little Leg Woman	Big Joe Williams	Rough Guide To Delta Blues (Vol.2)	Various Artists	INDIFFERENT		2022.0	Album	
OB5918A87GM	Little Leg Woman	Big Joe Williams	The Very Best Of	Big Joe Williams	INDIFFERENT		2009.0	Album	
lMeWNGZdhRc	Whole Lotta Shakin' Goin' On	Big Maybelle	Rock'n'Roll Hot Spices	Various Artists	INDIFFERENT		2013.0	Album	
Ge7k51m8CPk	Gabbin' Blues (Don't Run My Business)	Big Maybelle	The Complete Okeh Sessions  1952-1955	Big Maybelle	INDIFFERENT		1994.0	Album	
PTmeZ0TgYO8	So Good To My Baby	Big Maybelle	The Complete Okeh Sessions  1952-1955	Big Maybelle	INDIFFERENT	4.2699618	1994.0	Album	
VFoTCRL52u8	Tres Leches (Triboro Trilogy) (feat. Prodigy & Inspektah Deck)	Big Punisher	Capital Punishment	Big Pun	INDIFFERENT	4.7302423	1998.0	Album	
nVHm1hOUIkw	Playback Singer	Big Spider's Back	Memory Man	Big Spider's Back	INDIFFERENT		2011.0	Album	
ieRH0VOSQ6E	Wolf in Sheep Clothing	Big Youth	Natty Cultural Dread (Deluxe Remastered)	Big Youth	INDIFFERENT		1976.0	Album	
JtbX95IH7go	Natty Cultural Dread	Big Youth	Natty Cultural Dread (Deluxe Remastered)	Big Youth	INDIFFERENT		1976.0	Album	
N5pS_LB_Euc	Put Another Log On the Fire	Bill & Boyd	Good Old Aussie Country	Various Artists	INDIFFERENT		2018.0	Album	
IINWC2F2ETI	No Help Wanted	Bill Carlisle	Super Tracks & Great Singers Vol. 12	Various Artists	INDIFFERENT		2012.0	Album	
JmkSIpUgrmc	Love Is On The Way	Bill Spoon	Local Customs: Burned At Boddie	Various Artists	INDIFFERENT		2011.0	Album	
peHBbzICils	You Gotta Have a Ducktail	Billy Adams	Teenage Rebels, Vol. 1	Various Artists	INDIFFERENT		2012.0	Album	
SMIqbwiYOag	Wicked She Wicked	Billy Boyo	"Reggae Anthology: Henry ""Junjo"" Lawes - Volcano Eruption"	Various Artists	INDIFFERENT		2010.0	Album	
sHA54e9KP_4	Let S Go	Billy Eldridge	Rockabilly BBQ, Vol. 3	Various Artists	INDIFFERENT		2015.0	Album	171.0
hf-5NE6WBNs	The Shag (Is Totally Cool)	Billy Graves	It's a Hit! Blasts From '60s Past!	Various Artists	INDIFFERENT		2018.0	Album	
O0Wpvl_tETE	I Wanna Bop	Billy Harlan	100 Rock Hits 50'	Various Artists	INDIFFERENT		2010.0	Album	
ZQ_m236f_eM	Only the Good Die Young	Billy Joel	The Stranger	Billy Joel	INDIFFERENT	4.6142249	1977.0	Album	
Q808lTL8zUs	Prelude / Angry Young Man	Billy Joel	Turnstiles	Billy Joel	INDIFFERENT		1976.0	Album	
qIe1lW5MwXI	Flyin' Saucers Rock 'n' Roll	Billy Lee Riley	Flyin' Saucers Rock 'n' Roll / I Want You Baby	Billy Lee Riley	INDIFFERENT		1956.0	Single	
lJ4iXwCHZ-s	Flyin' Saucers Rock 'n' Roll	Billy Lee Riley	Simply Rock'n'Roll Vol. Four	Various Artists	INDIFFERENT		2010.0	Album	
qIfwcYmk8Ew	Flyin' Saucers Rock 'n' Roll	Billy Lee Riley	Sun Records - The Definitive Hits, Vol. 1	Various Artists	INDIFFERENT		2000.0	Album	123.0
Sag-t1Nq6VI	Will It Go Round In Circles (Live/UK Version)	Billy Preston	Live European Tour (Deluxe Edition)	Billy Preston	INDIFFERENT		1974.0	Album	239.0
W1TmIhddn0c	Will It Go Round In Circles	Billy Preston	Music Is My Life	Billy Preston	INDIFFERENT		1972.0	Album	
5KOUEX_oG9k	The Stroke	Billy Squier	Don't Say No	Billy Squier	INDIFFERENT	4.7857776	1981.0	Album	
Ws5FuyHd_4E	I Do Love You	Billy Stewart	I Do Love You	Billy Stewart	INDIFFERENT				
ZEPsD4sHwGA	Fallen Leaves	Billy Talent	Billy Talent II	Billy Talent	INDIFFERENT		2006.0	Album	
_YL7ALghfi8	Children Of The Sun	Billy Thorpe	Children Of The Sun...Revisited	Billy Thorpe	INDIFFERENT		1987.0	Album	
uPE3uaPMkUE	I'm Gonna Sit Right Down And Write Myself A Letter	Billy Williams	You've Got Mail	Various Artists	INDIFFERENT		1998.0	Album	
FU5uNxI8WiI	Lovers Leap	Bim Sherman	Miracle	Bim Sherman	INDIFFERENT		1996.0	Album	
oCNRRe8v9bw	Danger	Bim Sherman with Singers & Players	Discoplates Part 1	Various Artists	INDIFFERENT		2015.0	Album	
9k8Oy_BuSkY	Peace On Earth / Little Drummer Boy	Bing Crosby	Peace On Earth / Little Drummer Boy	Bing Crosby	INDIFFERENT		1982.0	Single	
NYYtnYaASJ4	Talk to God	"Bishop Ralph ""Donnie"" Graves"	Back With a Vengeance	"Bishop Ralph ""Donnie"" Graves"	INDIFFERENT		2009.0	Album	
OBoaHfqP96Y	Destination Sunrise (Club Remix) (feat. NEFE)	Bit Funk	Destination Sunrise (feat. NEFE)	Bit Funk	INDIFFERENT	4.080214	2016.0	Single	
B0bGltAwpcY	Wish A N'gga Would	Black Milk	Synth Or Soul	Black Milk	INDIFFERENT	4.6660194	2013.0	EP	
NKUHSRPlyDc	The Knock	Black Milk & Nat Turner	The Rebellion Sessions	Black Milk & Nat Turner	INDIFFERENT	4.536232	2016.0	Album	
NA5LafBBA5w	I Got Cha Opin	Black Moon	Enta Da Stage	Black Moon	INDIFFERENT	4.482161	2020.0	Album	
xQowZMwWi9k	Headz Ain't Redee (Original Buckshot Mix)	Black Moon	Headz Ain't Redee	Black Moon	INDIFFERENT		2008.0	Single	
srL62232k8E	Old Fangs	Black Mountain	Wilderness Heart	Black Mountain	INDIFFERENT		2010.0	Album	
p5g6_515eUM	The Hair Song	Black Mountain	Wilderness Heart	Black Mountain	INDIFFERENT	4.169158	2010.0	Album	
z-eXetLO3gE	Rival	Black Rebel Motorcycle Club	Specter At the Feast	Black Rebel Motorcycle Club	INDIFFERENT		2013.0	Album	
sy_LiNP3d1A	How Long	Black Roots	How Long	Black Roots	INDIFFERENT		2018.0	Single	
-GUltDT6U-M	Rat Salad (2012 - Remaster)	Black Sabbath	Complete Studio Albums (1970-1978)	Black Sabbath	INDIFFERENT		2014.0	Album	
mJCHsoP9B5o	Die Young (2021 Remaster)	Black Sabbath	Heaven and Hell (Deluxe Edition)	Black Sabbath	INDIFFERENT		2021.0	Album	
5FRA7UXlGu8	Heaven and Hell (2021 Remaster)	Black Sabbath	Heaven and Hell (Deluxe Edition)	Black Sabbath	INDIFFERENT		2021.0	Album	
60tFqmQg0GQ	Heaven and Hell (Live) [2000 Remaster] (Live; 2000 Remaster)	Black Sabbath	Live Evil (2008 Remaster)	Black Sabbath	INDIFFERENT		2008.0	Album	724.0
4g_Yk6eKlwk	Symptom Of The Universe (2021 Remaster)	Black Sabbath	Symptom Of The Universe (2021 Remaster)	Black Sabbath	INDIFFERENT		2021.0	Single	
SgmDmTdFa9g	Boom Boom	Black Slate	Amigo	Black Slate	INDIFFERENT		1980.0	Album	
DZ7dlo3PWhk	Twice Inna Lifetime	Black Star	Mos Def & Talib Kweli Are Black Star	Black Star	INDIFFERENT	4.5037274	1998.0	Album	
2gkmDWEKY9k	Black Car	Black Tambourine	Black Tambourine	Black Tambourine	INDIFFERENT	4.2916665	2010.0	Album	
-GTFyF1u5i4	Great Train Robbery	Black Uhuru	Brutal	Black Uhuru	INDIFFERENT		1986.0	Album	
YJQwv-IOIss	Conviction or a Fine	Black Uhuru	Brutal	Black Uhuru	INDIFFERENT		1986.0	Album	
dk5_kSbhLBs	Brutal	Black Uhuru	Brutal	Black Uhuru	INDIFFERENT		1986.0	Album	
7EHP4pSV54U	Come to the Sabbat	Black Widow	See's the Light of Day	Black Widow	INDIFFERENT		2018.0	Album	
Ewr8IRv0FNk	Crackle Blues	Blackdown	Lata / Crackle Blues (Original + Burial remix)	Blackdown	INDIFFERENT	0.0	2011.0	EP	
NnN_Oz1U0RE	Train, Train	Blackfoot	Strikes	Blackfoot	INDIFFERENT		1979.0	Album	
5gvhA40u42U	Running Wild	Blackie Starks	50 Rockabilly 1950s Teenage Classics	Various Artists	INDIFFERENT		2010.0	Album	
kOITIXQc2TM	Let It Be (feat. Veela)	Blackmill	Miracle	Blackmill	INDIFFERENT		2011.0	Album	
NjbdXZxffFI	Spirit of Life	Blackmill	Miracle	Blackmill	INDIFFERENT		2011.0	Album	
ZtFOihoXOtk	They Don't Know	Blak Ryno	They Dont Know	Blak Ryno	INDIFFERENT		2020.0	Single	
yxVVnkixA0I	Hive Mind	Blanck Mass	World Eater	Blanck Mass	INDIFFERENT		2017.0	Album	
hs-Uqsyu3sg	Please	Blanck Mass	World Eater	Blanck Mass	INDIFFERENT		2017.0	Album	
9fUwgk-Kwpo	Game Above My Head	Blancmange	Mange Tout (Deluxe Edition)	Blancmange	INDIFFERENT		1984.0	Album	
fyiZjmrdzXo	Run to the Waves	Blaque Trumpet	Run to the Waves	Blaque Trumpet	INDIFFERENT		2019.0	Single	
bRpUBd8cBxQ	Broke and Hungry	Blind Lemon Jefferson	Blind Lemon Jefferson	Blind Lemon Jefferson	INDIFFERENT		2013.0	Album	
BD2Hx39RSCE	All I Want Is That Pure Religion	Blind Lemon Jefferson	Blues on the Bayou, Vol. 2	Various Artists	INDIFFERENT		2015.0	Album	
-1bHQ3C4wGE	Black Snake Moan	Blind Lemon Jefferson	See That My Grave Is Kept Clean	Blind Lemon Jefferson	INDIFFERENT		2011.0	Album	
bhxycqHQKXg	Black Snake Moan	Blind Lemon Jefferson	Snake Songs	Various Artists	INDIFFERENT		2012.0	Album	
SFvCRmHZDUE	Sur Le Borde De L'Eau (On the Water's Edge)	Blind Uncle Gaspard	Early American Cajun Music: Classic Recordings From the 1920's	Blind Uncle Gaspard	INDIFFERENT		2005.0	Album	
ySlkYopTAJ4	Church, I'm Fully Saved Today	Blind Willie Johnson	Blind Willie Johnson	Blind Willie Johnson	INDIFFERENT	5.0	2018.0	Album	
vKV0ZEjg3_A	Church, I'm Fully Saved Today	Blind Willie Johnson	The Complete Blind Willie Johnson	Blind Willie Johnson	INDIFFERENT	4.5652175	1984.0	Album	
wJ0Nnia9J5k	Church, I'm Fully Saved Today	Blind Willie Johnson	The Essential Blind Willie Johnson	Blind Willie Johnson	INDIFFERENT	4.0	2013.0	Album	
K9MXNWTVb28	Statesboro Blues	Blind Willie McTell	The Best Of Blind Willie McTell	Blind Willie McTell	INDIFFERENT		2004.0	Album	
zvG89wA4IFc	Kind Mama	Blind Willie McTell	The Ultimate Collection	Blind Willie McTell	INDIFFERENT		1965.0	Album	
PuAJQ34u75M	Lover Leave Me Drowning	Blitzen Trapper	Destroyer Of The Void	Blitzen Trapper	INDIFFERENT		2010.0	Album	206.0
fngVDIBJVdc	I Don`t Want U	Blonde Redhead	Blonde Redhead	Blonde Redhead	INDIFFERENT		1995.0	Album	
RP07mgF7E40	Here Sometimes	Blonde Redhead	Penny Sparkle	Blonde Redhead	INDIFFERENT	4.4008813	2010.0	Album	
WHsH_XLn-Zk	Rip Her To Shreds	Blondie	Blondie	Blondie	INDIFFERENT	4.4577603	1976.0	Album	
j0QhNKorXpY	Dreaming	Blondie	Dreaming	Blondie	INDIFFERENT		1979.0	Single	
7VWalYqwKIA	Sunday Girl	Blondie	Greatest Hits	Blondie	INDIFFERENT		2002.0	Album	183.0
rSI7wFfsHV8	Picture This	Blondie	Parallel Lines	Blondie	INDIFFERENT	4.4177899	1978.0	Album	
OOL-9QAn9HY	One Way Or Another (Live)	Blondie	Picture This Live	Blondie	INDIFFERENT		1997.0	Album	408.0
F2U2BmJ9m-Q	Dreaming	Blondie	The Best Of Blondie	Blondie	INDIFFERENT		1981.0	Album	
3UpVFvbKUbw	Wish	Blood Orange	Four Songs	Blood Orange	INDIFFERENT		2022.0	EP	182.0
4sI5emBFLiY	An Animal	Blood Red Shoes	Blood Red Shoes	Blood Red Shoes	INDIFFERENT		2014.0	Album	
DPQ_GdtrgyQ	Sometimes in Winter	Blood, Sweat & Tears	Blood, Sweat & Tears (Expanded Edition)	Blood, Sweat & Tears	INDIFFERENT		1968.0	Album	
UVGosMwjS5c	Go Down Gamblin' (Single Version)	Blood, Sweat & Tears	Greatest Hits	Blood, Sweat & Tears	INDIFFERENT		1972.0	Album	
CIkPOhWS6fg	Kiss Me Where It Smells Funny	Bloodhound Gang	One Fierce Beer Coaster	Bloodhound Gang	INDIFFERENT		1996.0	Album	
xMpz6wLj9yA	Steady Dippin'	Bloods & Crips	Bangin on Wax	Bloods & Crips	INDIFFERENT	4.6756759	1993.0	Album	
AA0iti5Hfog	Feel the Heat	Bloodstone	Party	Bloodstone	INDIFFERENT		2010.0	Album	
2MM-z3HwS6c	Someone To Watch Over Me	Blossom Dearie	My Gentleman Friend	Blossom Dearie	INDIFFERENT		1959.0	Album	
hSGc_lHjz4k	The Remarkable Saga Of The Frozen Dog	Blossom Toes	We Are Ever So Clean	Blossom Toes	INDIFFERENT		1967.0	Album	
cfgf1LSqeb4	When The Alarm Clock Rings	Blossom Toes	We Are Ever So Clean	Blossom Toes	INDIFFERENT		1967.0	Album	
h4LaOHw2Tj4	All That Blue	Blue Hawaii	Open Reduction Internal Fixation	Blue Hawaii	INDIFFERENT	3.8852458	2019.0	Album	
IeC3bJoilhc	Clean up Your Act	Blue Magic	Magic #	Blue Magic	INDIFFERENT		2014.0	Album	
FmC7N6lmTOI	Veteran of the Psychic Wars (Live at Hollywood Sportatorium, Pembroke Pines, FL - October 1981)	Blue Oyster Cult	Extraterrestrial Live	Blue Oyster Cult	INDIFFERENT		1982.0	Album	
jUwh-C5w7II	Veteran of the Psychic Wars	Blue Oyster Cult	Fire of Unknown Origin	Blue Oyster Cult	INDIFFERENT		1981.0	Album	
T72-ccjq5wE	This Ain't the Summer of Love	Blue Öyster Cult	Agents Of Fortune	Blue Oyster Cult	INDIFFERENT		1976.0	Album	
u1_wTwuHPzU	E.T.I. (Extra Terrestrial Intelligence)	Blue Öyster Cult	Agents Of Fortune	Blue Oyster Cult	INDIFFERENT		1976.0	Album	
IBwSuqsH_sI	Hot Rails to Hell	Blue Öyster Cult	Tyranny And Mutation	Blue Öyster Cult	INDIFFERENT		1973.0	Album	
fm2HWD5UuwA	Bring It To Jerome	Bo Diddley	Bo Diddley	Bo Diddley	INDIFFERENT	4.1199999	1958.0	Album	
FK66zcmYJGk	The Great Grandfather	Bo Diddley	Go Bo Diddley	Bo Diddley	INDIFFERENT		1959.0	Album	
wP5kf21eG4I	Bring It to Jerome	Bo Diddley	Hey, Bo Diddley	Bo Diddley	INDIFFERENT		2014.0	Album	149.0
6bZyk5mixXk	Harlem Shuffle	Bob & Earl	Harlem Shuffle	Bob & Earl	INDIFFERENT		2019.0	Single	
HyyL2ADek3s	Harlem Shuffle	Bob & Earl	Harlem Shuffle	Bob & Earl	INDIFFERENT		1964.0	Single	
yZA4eTtNJFk	The Cheater	Bob Kuban & The In-Men	Summer Souvenirs	Various Artists	INDIFFERENT		1969.0	Album	
w8KLx3owWIE	The Cheater	Bob Kuban & The In-Men	The Northern Soul Story Vol.1: The Twisted Wheel	Various Artists	INDIFFERENT		2007.0	Album	
9KYj7umGB5U	Cherokee Dance	Bob Landers	The Specialty Story	Various Artists	INDIFFERENT		1994.0	Album	
oIIk3mmfpt0	This Train	Bob Marley & The Wailers	Bob Marley Vol. 2: Picture On The Wall	Bob Marley	INDIFFERENT		2003.0	Album	
n46d4QxXnPw	So Much Things To Say	Bob Marley & The Wailers	Exodus	Bob Marley & The Wailers	INDIFFERENT	4.4224215	1977.0	Album	
-AG32Hn8reU	So Much Things To Say	Bob Marley & The Wailers	Exodus	Bob Marley & The Wailers	INDIFFERENT		1977.0	Album	189.0
pjevvwukMTE	So Much Things To Say	Bob Marley & The Wailers	Exodus 40	Bob Marley & The Wailers	INDIFFERENT		2017.0	Album	
FD4lzR5yxjo	Smile Jamaica	Bob Marley & The Wailers	Iron Lion Zion	Bob Marley & The Wailers	INDIFFERENT		2020.0	EP	
2T59Hu0ZtpU	Time Will Tell (Kaya 40 Mix)	Bob Marley & The Wailers	Kaya (40th Anniversary Edition)	Bob Marley & The Wailers	INDIFFERENT		1978.0	Album	
rw3kP3JiPDs	Talkin' Blues	Bob Marley & The Wailers	Natty Dread	Bob Marley & The Wailers	INDIFFERENT		1974.0	Album	
ACIYuW91Zms	No Woman No Cry	Bob Marley & The Wailers	Natty Dread	Bob Marley & The Wailers	INDIFFERENT		1974.0	Album	
COllI46BPEY	Them Belly Full (But We Hungry)	Bob Marley & The Wailers	Natty Dread	Bob Marley & The Wailers	INDIFFERENT		1974.0	Album	
mavExUVBL4g	Johnny Was	Bob Marley & The Wailers	Rastaman Vibration	Bob Marley	INDIFFERENT	4.7055974	1976.0	Album	
DgeG1xNR1Qg	War	Bob Marley & The Wailers	Rastaman Vibration	Bob Marley	INDIFFERENT	4.7619801	1976.0	Album	
r_KN7WJCH5A	Rat Race	Bob Marley & The Wailers	Rastaman Vibration	Bob Marley	INDIFFERENT	4.8193812	1976.0	Album	
RlUTVDAv8Q8	Cry To Me	Bob Marley & The Wailers	Rastaman Vibration	Bob Marley	INDIFFERENT	4.5949368	1976.0	Album	
NuT8ZbqGyCk	Jah Live	Bob Marley & The Wailers	Rastaman Vibration	Bob Marley	INDIFFERENT	4.8029318	1976.0	Album	
xsQG2cmLt4I	Jah Live	Bob Marley & The Wailers	Rastaman Vibration	Bob Marley & The Wailers	INDIFFERENT		1976.0	Album	
QRcJnjw9z3A	Ambush In The Night	Bob Marley & The Wailers	Survival	Bob Marley & The Wailers	INDIFFERENT	4.7495418	1979.0	Album	
5Ja2D7Es2lA	What Am I Suppose to Do	Bob Marley & The Wailers	The Wailing Wailers at Studio One	Bob Marley & The Wailers	INDIFFERENT		2015.0	Album	
_7oSCVxcbow	Nice Time	Bob Marley and The Wailers	Keep On Moving: Trilogy	Bob Marley and The Wailers	INDIFFERENT	4.7297297	2006.0	Album	
WNCBPg33GVs	The Mummy	Bob McFadden & Dor	Lost Halloween	Various Artists	INDIFFERENT		2015.0	Album	
KAzmvsBAnpc	East Side Story (Vocal)	Bob Seger & The Last Heard	Heavy Music: The Complete Cameo Recordings 1966-1967	Bob Seger & The Last Heard	INDIFFERENT		1966.0	Album	
UhuVwVpr3WY	Hollywood Nights	Bob Seger & The Silver Bullet Band	Stranger In Town	Bob Seger & The Silver Bullet Band	INDIFFERENT		1978.0	Album	
uZQR3KqvYPc	We've Got Tonight	Bob Seger & The Silver Bullet Band	Stranger In Town	Bob Seger & The Silver Bullet Band	INDIFFERENT		1978.0	Album	282.0
ndfkEOLSPoA	Weird	Bob Vidone & The Rhythm Rockers	The Raging Teens, Vol. 4	Various Artists	INDIFFERENT		2006.0	Album	
mpYquuytWmg	Turn On Your Love Light (Single Version / Stereo)	"Bobby ""Blue"" Bland"	The Best Of Bobby Bland	Bobby Bland	INDIFFERENT		1967.0	Album	
Syc0hkTepaQ	Share Your Love With Me (Single Version)	"Bobby ""Blue"" Bland"	Turn On Your Love Light: The Duke Recordings Volume 2	Bobby Bland	INDIFFERENT		1994.0	Album	
-21ff7ubYP8	That's The Way Love Is	Bobby Bland	Call On Me / That's The Way Love Is	Bobby Bland	INDIFFERENT		1963.0	Album	
G9Ds1ev9GeM	My Flame	Bobby Caldwell	What You Won't Do for Love	Bobby Caldwell	INDIFFERENT		1991.0	Album	
9winUfAV0HE	Early In the Morning	Bobby Darin	Bobby Darin Live	Bobby Darin	INDIFFERENT		2008.0	Album	
0TjPshLdg38	Dream Lover	Bobby Darin	Dream Lover	Bobby Darin	INDIFFERENT		2018.0	Album	152.0
magUu0urB4E	If I Were a Carpenter	Bobby Darin	High School of Rock	Various Artists	INDIFFERENT	3.652174	2015.0	Album	
GSTXmJZPoiw	Mack The Knife	Bobby Darin	Mack The Knife	Bobby Darin	INDIFFERENT		1998.0	Album	
iooViITRp9M	Mack the Knife	Bobby Darin	Mack the Knife	Bobby Darin	INDIFFERENT		1958.0	Single	
qN-A9etlXvw	Silly Willy	Bobby Darin	The Complete Us & Uk A & B Sides 1956-62	Bobby Darin	INDIFFERENT		2014.0	Album	
vkUyNrre4wo	Venice Blue	Bobby Darin	The Legendary Bobby Darin	Bobby Darin	INDIFFERENT		2004.0	Album	
AIecFM01Tkc	Queen of the Hop	Bobby Darin	The Ultimate Bobby Darin	Bobby Darin	INDIFFERENT		1986.0	Album	
ygVgxGSQIsw	Mack the Knife	Bobby Darin	The Ultimate Bobby Darin	Bobby Darin	INDIFFERENT		1986.0	Album	185.0
Rou3NkBND1E	I'll Be There	Bobby Darin	Things & Other Things	Bobby Darin	INDIFFERENT		1962.0	Album	
8L_6e6j9ZH8	Three Young Rebs from Georgia	Bobby Day	The Best of Bobby Day	Bobby Day	INDIFFERENT		2010.0	Album	
di9bUipoqiU	Betty Lou Got A New Pair Of Shoes	Bobby Freeman	Do You Wanna Dance	Bobby Freeman	INDIFFERENT		2005.0	Album	
_pmZ2UYcpc8	Honey	Bobby Goldsboro	Honey	Bobby Goldsboro	INDIFFERENT		1968.0	Album	
B0HOlxcIFjo	Tossin' and Turnin'	Bobby Lewis	Oldie & Goodie Hit Mix, Vol. 4	Various Artists	INDIFFERENT		2016.0	Album	
zK4Yg-737So	Tossin' and Turnin'	Bobby Lewis	Tossin' and Turnin'	Bobby Lewis	INDIFFERENT		1961.0	Album	
WFj3RuPQP3A	No More, No More, No More	Bobby Lord	Rockabilly Madmen	Various Artists	INDIFFERENT		2013.0	Album	
0YeqY6FuK04	Wine, Wine, Wine	Bobby Osborn	Rockabilly Frenzy		INDIFFERENT				
TM5fhV07k3A	The Cha-cha-cha	Bobby Rydell	25 Original Greatest Hits- Cameo Parkway	Various Artists	INDIFFERENT		1964.0	Album	
CuVLp8ca1TM	Wild One	Bobby Rydell	25 Original Greatest Hits- Cameo Parkway	Various Artists	INDIFFERENT		1964.0	Album	
CTsMj4WRMX4	Rubber Ball	Bobby Vee	Devil or Angel	Bobby Vee	INDIFFERENT		2019.0	Album	
hBvYO1egNlw	Rubber Ball	Bobby Vee	Very Best Of	Bobby Vee	INDIFFERENT	3.5925925	2008.0	Album	
EnHXALlS9bc	Long Lonely Nights (Single Version)	Bobby Vinton	The Best Of Bobby Vinton	Bobby Vinton	INDIFFERENT		1996.0	Album	
VuiyqhPZg9g	There! I've Said It Again	Bobby Vinton	There I've Said It Again	Bobby Vinton	INDIFFERENT		1964.0	Album	
v3e6FSleHts	How Does It Feel (Remastered Single Version)	Bobby Womack	Atlantic Unearthed: Soul Brothers	Various Artists	INDIFFERENT		2006.0	Album	
MOwP-woHsnw	That's The Way I Feel About 'Cha	Bobby Womack	Communication	Bobby Womack	INDIFFERENT	4.7544932	1971.0	Album	
akCRz5dJ4tY	Holiday (RAC Remix)	Body Language	Holiday	Body Language	INDIFFERENT		2011.0	Single	
gsc5LR6NFXA	You Can	Body Language	Social Studies (Deluxe Edition)	Body Language	INDIFFERENT	4.4766355	2011.0	Album	
lEjXOkAXyng	I Don't Want	Bomis Prendin	Clear Memory	Bomis Prendin	INDIFFERENT		1984.0	Album	
LzBfVihBOVA	Fear	Bon Jovi	Keep The Faith	Bon Jovi	INDIFFERENT		1992.0	Album	
8EnPHiXmhXs	Born To Be My Baby	Bon Jovi	New Jersey	Bon Jovi	INDIFFERENT		1988.0	Album	
MbjlzQ6VPEo	Winter's Going	Bonnie Dobson	Bonnie Dobson	Bonnie Dobson	INDIFFERENT		1969.0	Album	
3CiRsfAOJ4E	It's a Heartache	Bonnie Tyler	It's a Heartache	Bonnie Tyler	INDIFFERENT		1976.0	Single	
NDmySpK0U0M	It's a Heartache	Bonnie Tyler	Natural Force	Bonnie Tyler	INDIFFERENT		1978.0	Album	216.0
WghyDSQfFc0	Duck Down	Boogie Down Productions	Sex & Violence	Boogie Down Productions	INDIFFERENT		1990.0	Album	
iIJpL1g37es	My Sweet Potato	Booker T. & The MG's	And Now!	Booker T. & The MG's	INDIFFERENT		1966.0	Album	
UGXUNDk6Gno	What's a Telephone Bill?	Bootsy Collins	Ahh...The Name Is Bootsy, Baby!	Bootsy Collins	INDIFFERENT		1977.0	Album	
8a_9yW6xOY0	I'd Rather Be With You	Bootsy Collins	Baby Boy	Various Artists	INDIFFERENT		2001.0	Album	
wKv6Ao4icSk	What so Never the Dance	Bootsy Collins	Back In The Day: The Best Of Bootsy	Bootsy Collins	INDIFFERENT		1994.0	Album	
VEqFqoEUhaQ	I'd Rather Be with You	Bootsy Collins	Back In The Day: The Best Of Bootsy	Bootsy Collins	INDIFFERENT		1994.0	Album	297.0
e5yJdVDdHEE	Vanish in Our Sleep	Bootsy Collins	Stretchin' Out In Bootsy's Rubber Band	Bootsy Collins	INDIFFERENT		1976.0	Album	
wi2dz9fvJqk	Lips Turn Blue (feat. Emmaline)	Bootsy Collins	The Power of the One	Bootsy Collins	INDIFFERENT		2020.0	Album	
3y56omFve_4	Every Nigger is a Star	Boris Gardiner	Every Nigger is a Star	Boris Gardiner	INDIFFERENT		1974.0	Album	
S7FudC0PuG0	You Make Me Feel Brand New	Boris Gardner	Original Reggae Hits of the 60's & 70's	Various Artists	INDIFFERENT	4.4723926	1999.0	Album	
e484TFUSH4E	Eli	Bosnian Rainbows	Bosnian Rainbows	Bosnian Rainbows	INDIFFERENT		2013.0	Album	
DBSDUW1EtSQ	Eli	Bosnian Rainbows	Bosnian Rainbows	Bosnian Rainbows	INDIFFERENT		2013.0	Album	326.0
QlMUlpju3qo	Foreplay / Long Time	Boston	Boston	Boston	DISLIKE		1976.0	Album	
1ZQbJ73GgZ8	Let Me Take You Home Tonight	Boston	Boston	Boston	INDIFFERENT		1976.0	Album	
V7x8Oy0LMZw	Foreplay / Long Time	Boston	Greatest Hits	Boston	INDIFFERENT	4.6169662	1997.0	Album	
zh1s8oTT6uM	Love Drunk	Boys Like Girls	Love Drunk	Boys Like Girls	INDIFFERENT		2009.0	Single	
6qWgmMjzBwo	Lowdown	Boz Scaggs	Rock Classics Of The '70s	Various Artists	INDIFFERENT		1989.0	Album	
RsF1weT30A8	Lido Shuffle	Boz Scaggs	Silk Degrees	Boz Scaggs	INDIFFERENT		1976.0	Album	222.0
wOG867fEG3Q	Hercules	Boz Scaggs	Slow Dancer	Boz Scaggs	INDIFFERENT		1974.0	Album	
3-WmpchW43o	Look for the Silver Lining	Brad Mehldau	Suite: April 2020	Brad Mehldau	INDIFFERENT		2020.0	Album	
7UoKxZadx6w	Bee Blues	Brad Mehldau Trio	Ode	Brad Mehldau Trio	INDIFFERENT		2012.0	Album	
NXRoesTTxkA	Egyptian Kings	Brainticket	Celestial Ocean	Brainticket	INDIFFERENT	4.3684211	1974.0	Album	
9L7OFLFkJQc	Fever	Brasstracks	Fever	Brasstracks	INDIFFERENT	4.7816491	2017.0	Single	
VU-MhdiUWtA	Pussy	Brazilian Girls	Brazilian Girls	Brazilian Girls	INDIFFERENT		2005.0	Album	248.0
5fYUpVAb34I	Guitar Man	Bread	Guitar Man	Bread	INDIFFERENT		1972.0	Album	227.0
PfkUoRmcqyA	Lost Without Your Love	Bread	Lost Without Your Love	Bread	INDIFFERENT		1977.0	Album	
os1ValTJWOg	Love Action	Brenda & The Big Dudes	Cool Spot	Brenda & The Big Dudes	INDIFFERENT		1984.0	Single	
vk64FjBOYS8	Dum Dum	Brenda Lee	All The Way	Brenda Lee	INDIFFERENT		1961.0	Album	
PdbwqmUhJTo	Rockin' Around the Christmas Tree	Brenda Lee	Christmas International Volume 8	Various Artists	INDIFFERENT		2008.0	Album	
3C6lC_RAdKU	I Want To Be Wanted (Per Tutta La Vita)	Brenda Lee	Classic Brenda Lee - The Universal Masters Collection	Brenda Lee	INDIFFERENT		2000.0	Album	
ZPcSrFFMIBs	I Want To Be Wanted (Per Tutta La Vita)	Brenda Lee	This Is...Brenda	Brenda Lee	INDIFFERENT		1960.0	Album	
bM7QN9S0Dno	Fly Shit (Forever Nip)	Brenk Sinatra	Fly Shit (Forever Nip)	Brenk Sinatra	INDIFFERENT		2019.0	Single	
XNupKC5A6jc	Dali '96	Brenk Sinatra	Midnite Ride II	Brenk Sinatra	INDIFFERENT		2019.0	Album	
Lzed0l6avkE	Thrash	Brett	Brett	Brett	INDIFFERENT		2014.0	Album	
XygnPdPy-iM	One Toke Over the Line	Brewer & Shipley	Gonzo (Motion Picture Soundtrack)	Various Artists	INDIFFERENT		2008.0	Album	
oJGTMzpQnMk	Sealed With A Kiss	Brian Hyland	Greatest Hits	Brian Hyland	INDIFFERENT	4.3359776	1994.0	Album	
8haGNy7e2IE	Itsy Bitsy Teenie Weenie Yellow Polka-Dot Bikini	Brian Hyland	Greatest Hits	Brian Hyland	INDIFFERENT		1994.0	Album	
F4FvktcjT6Y	Dreams	Briqs	Dreams	Briqs	INDIFFERENT		2022.0	Single	
GwLQ9M8sBXs	Sky High	British Jigsaw	Sky High	British Jigsaw	INDIFFERENT		1975.0	Album	173.0
W3MnlQuQXyw	Insert Coin	Broncho	Can't Get Past the Lips	Broncho	INDIFFERENT	4.6716828	2011.0	Album	
tSDSLjt2OAM	Kiddio	Brook Benton	20th Century Masters: The Millennium Collection: Best Of Brook Benton	Brook Benton	INDIFFERENT		2000.0	Album	
0iPcpm_aZQQ	Kiddio	Brook Benton	Rainy Night In Georgia	Brook Benton	INDIFFERENT		2008.0	Album	
c8XO8CPlETg	To Rest (Blue Light)	Brooke Bentham	Sunday Self	Brooke Bentham	INDIFFERENT	3.9473684	2020.0	Album	
u6_p707JjS8	My Maria	Brooks & Dunn	Borderline	Brooks & Dunn	INDIFFERENT		1996.0	Album	
F1N0aJFPWMc	All The Beauty In This Whole Life	Brother Ali	All The Beauty In This Whole Life	Brother Ali	INDIFFERENT	4.7061224	2017.0	Album	
m4HbPka5uLQ	And Fools Shine On	Brother Cane	Seeds	Brother Cane	INDIFFERENT		1995.0	Album	
GCEo5vbabt8	Too Old to Die Young	Brother Dege	Folk Songs of the American Longhair	Brother Dege	INDIFFERENT		2010.0	Album	
HtIrAzPlrrM	Crazy Motherfucker	Brother Dege	How to Kill a Horse	Brother Dege	INDIFFERENT		2013.0	Album	
ufKTFeNpBdY	Smokin' in the Boy's Room	Brownsville Station	Yeah! (US Internet Release)	Brownsville Station	INDIFFERENT	4.4881673	1973.0	Album	
OqsfVW5Cbg8	Cecilia	Bruce Ruffin	King Size Reggae (Expanded Version)	Various Artists	INDIFFERENT		1970.0	Album	
10l9Grr5TOQ	Cecilia	Bruce Ruffin	Mad About You - The Anthology	Bruce Ruffin	INDIFFERENT		2013.0	Album	
0LpdEyGhNxM	Darkness on the Edge of Town	Bruce Springsteen	Darkness On The Edge Of Town (2010 Remastered Version)	Bruce Springsteen	INDIFFERENT		1978.0	Album	
tKdk97y2Wjg	Streets of Philadelphia	Bruce Springsteen	PHILADELPHIA - Music From The Motion Picture	Various Artists	INDIFFERENT		1993.0	Album	
FCS3mewzWSo	Sherry Darling	Bruce Springsteen	The River	Bruce Springsteen	INDIFFERENT		1980.0	Album	
7ffKvjUYur4	Roll Back Your Clocks	Buck Meek	Roll Back Your Clocks	Buck Meek	INDIFFERENT	4.5999999	2020.0	Single	
wQqnfuZISGc	Hot Dog	Buck Owens	The Other Side of Bakersfield, Vol. 1; 1950s & 60s Boppers and Rockers From 'Nashville West'	Various Artists	INDIFFERENT		2014.0	Album	
ouM4TadEhO4	Shoeless Beach Meeting	Bud Shank	Barefoot Adventure	Bud Shank	INDIFFERENT	3.6987951	2011.0	Album	
AX6kfkq29kk	Shoeless Beach Meeting	Bud Shank	Groove Jazz	Bud Shank	INDIFFERENT		2012.0	Album	
nAuUthQjpe8	Messin' with the Kid	Buddy Guy	Buddy Guy & Junior Wells Plays The Blues	Buddy Guy & Junior Wells	INDIFFERENT		2004.0	Album	
N2jWxERjoOQ	It Doesn't Matter Anymore	Buddy Holly	20 Golden Greats: Buddy Holly Lives	Buddy Holly	INDIFFERENT		1974.0	Album	
bfWouiyE5FU	True Love Ways	Buddy Holly	20 Golden Greats: Buddy Holly Lives	Buddy Holly	INDIFFERENT		1974.0	Album	
CuzvRFdTMv4	Raining In My Heart	Buddy Holly	20 Golden Greats: Buddy Holly Lives	Buddy Holly	INDIFFERENT		1974.0	Album	
GFx4r_hYymA	Oh Boy	Buddy Holly	"La discothèque idéale / Nos années 60 !: Vol. 8 ""Les rockers"", Pt. 2"	Various Artists	INDIFFERENT	5.0	2012.0	Album	
vFDV-xlvjDs	That'll Be The Day (Live On The Ed Sullivan Show, December 1, 1957)	Buddy Holly & The Crickets	That'll Be The Day (Live On The Ed Sullivan Show, December 1, 1957)	Buddy Holly & The Crickets	INDIFFERENT		2020.0	Single	
ebxNUVuS0Es	Party Doll	Buddy Knox	Buddy Knox	Buddy Knox	INDIFFERENT		2005.0	Album	
subQklC5U_g	Party Doll	Buddy Knox	Hits of the 50's Volume 3	Various Artists	INDIFFERENT		2009.0	Album	
E4q3laKfLhs	Ling Ting Tong	Buddy Knox	Party Doll	Buddy Knox	INDIFFERENT		2009.0	Album	
HSf-Rf3LOJU	Party Doll	Buddy Knox	Party Doll: Best Of	Buddy Knox	INDIFFERENT		2019.0	Album	
lSGkJoZV_sU	Swingin' Daddy	Buddy Knox	The Best Of Buddy Knox	Buddy Knox	INDIFFERENT		2005.0	Album	
ddoLDTxgUVs	Does My Ring Burn Your Finger	Buddy Miller	Cruel Moon	Buddy Miller	INDIFFERENT		1999.0	Album	
N_ZvAEfve38	Flying on the Ground Is Wrong	Buffalo Springfield	Buffalo Springfield	Buffalo Springfield	INDIFFERENT	3.9896481	1966.0	Album	
8ZmlHSJ30wM	Rock & Roll Woman	Buffalo Springfield	Buffalo Springfield Again	Buffalo Springfield	INDIFFERENT	4.1209846	1967.0	Album	
lOYQthDAbG4	Questions	Buffalo Springfield	Last Time Around	Buffalo Springfield	INDIFFERENT	4.3673468	1968.0	Album	
XsJ8zGBhbl4	Universal Soldier	Buffy Sainte-Marie	It's My Way	Buffy Sainte-Marie	INDIFFERENT		1964.0	Album	
q09f1OE7R8s	Universal Soldier	Buffy Sainte-Marie	The Best Of	Buffy Sainte-Marie	INDIFFERENT	3.8601398	1987.0	Album	
Aj8xWNOeAZM	Universal Soldier	Buffy Sainte-Marie	Up Where We Belong	Buffy Sainte-Marie	INDIFFERENT	3.968595	1996.0	Album	
AsE1OaRqHOQ	District Attorney Blues (feat. Washboard Sam)	Bukka White	Bukka White (Doxy Collection)	Bukka White	INDIFFERENT		2014.0	Album	
WUoTMkjRSpc	District Attorney Blues	Bukka White	Complete Bukka White	Bukka White	INDIFFERENT		1986.0	Album	
1v-sxmSbFDY	Shake 'Em on Down (78rpm Version)	Bukka White	Complete Bukka White	Bukka White	INDIFFERENT		1986.0	Album	
NxtIjknbHjE	Aberdeen, Mississippi Blues	Bukka White	Mississippi Blues	Bukka White	INDIFFERENT		1969.0	Album	
rvj_Equ83ec	District Attorney Blues	Bukka White	Parchman Farm	Bukka White	INDIFFERENT		1970.0	Album	
j06DQAkBUQc	Big Ten Inch Record	Bull Moose Jackson	Ultimate Collection	Bull Moose Jackson	INDIFFERENT		2012.0	Album	
UXgaIQsiC7U	Book Me In	Bullitnuts	A Different Ball Game	Bullitnuts	INDIFFERENT		1998.0	Album	
R6njzrfnmyQ	Swamp	Bundle of Hiss	Sessions: 1986 - 1988	Bundle of Hiss	INDIFFERENT		2000.0	Album	
FnHNGDbEv30	Fig Tree	Bunny Wailer	Blackheart Man	Bunny Wailer	INDIFFERENT		1976.0	Album	
FowhJ4ExLz8	The Opressed Song	Bunny Wailer	Blackheart Man	Bunny Wailer	INDIFFERENT		1976.0	Album	
GbGyVFfIypw	Blackheart Man	Bunny Wailer	Blackheart Man	Bunny Wailer	INDIFFERENT		1976.0	Album	
M8oHvRlMdiw	Fighting Against Conviction	Bunny Wailer	Blackheart Man	Bunny Wailer	INDIFFERENT		1976.0	Album	
DzSXfeecpOc	Rastaman	Bunny Wailer	Blackheart Man	Bunny Wailer	INDIFFERENT		1976.0	Album	
92L6abmW-_0	Ye	Burna Boy	Outside	Burna Boy	INDIFFERENT		2018.0	Album	
60A4f7z9brM	Pacific 231	Burning Airlines	Mission: Control!	Burning Airlines	INDIFFERENT		1999.0	Album	
LnopcKua_h0	Marcus Garvey	Burning Spear	Chant Down Babylon: The Island Anthology	Burning Spear	INDIFFERENT		1996.0	Album	
N5ekeuysQ-c	Red, Gold and Green	Burning Spear	Live in South Africa 2000	Burning Spear	INDIFFERENT		2004.0	Album	
Qu4sm4zfye4	Red, Gold And Green	Burning Spear	Marcus Garvey	Burning Spear	INDIFFERENT	4.9205298	1975.0	Album	
FROI6bS5Nvg	Marcus Garvey	Burning Spear	Marcus Garvey	Burning Spear	INDIFFERENT	4.7496805	1975.0	Album	
WgiqlRZbcG0	Marcus Children Suffer	Burning Spear	Social Living	Burning Spear	INDIFFERENT		2003.0	Album	
CkDm2ofpFe8	Social Living	Burning Spear	Social Living	Burning Spear	INDIFFERENT		2003.0	Album	
ba2S-jHsnsM	Little Things	Bush	Sixteen Stone	Bush	INDIFFERENT	4.5323529	1994.0	Album	
8y5xxDpf7ZE	Keep It Movin' (feat. Rampage the Last Boy Scout, The Last Boy Scout, Dinco & Milo)	Busta Rhymes	The Coming	Busta Rhymes	INDIFFERENT	4.6704392	1996.0	Album	
ZOcK1UjIr-0	Classical (Vocal Version)	Busy Boys	Renita / Classical	Busy Boys	INDIFFERENT		1988.0	Single	
sBVo5PDpV2o	Who Was In My Room Last Night?	Butthole Surfers	Independent Worm Saloon	Butthole Surfers	INDIFFERENT		1993.0	Album	
i_8ChGVAhVk	The Hurdy Gurdy Man	Butthole Surfers	Pioughd + Widowmaker!	Butthole Surfers	INDIFFERENT		2007.0	Album	240.0
q7jhsIstMaY	The Hurdy Gurdy Man	Butthole Surfers	Piouhgd + Widowermaker!	Butthole Surfers	INDIFFERENT		2007.0	Album	
w_Jz7zM5Pi4	What Do I Get? (2001 Remastered Version)	Buzzcocks	Singles Going Steady	Buzzcocks	INDIFFERENT		1979.0	Album	
0z8c35lSHNQ	Never Gonna Stop Lovin' You	Byrne & Barnes	An Eye for an Eye	Byrne & Barnes	INDIFFERENT		1981.0	Album	
dKbeC5SoLuA	Love You out of Your Mind	Byrne & Barnes	An Eye for an Eye	Byrne & Barnes	INDIFFERENT		1981.0	Album	
5hE4wSIKitU	Jingle Them Bells	Byron Fenris	Jingle Them Bells	Byron Fenris	INDIFFERENT		2021.0	Single	
If1EVqnwMfs	10,000 Emerald Pools	BØRNS	Dopamine	BØRNS	INDIFFERENT	4.5610089	2015.0	Album	
g8btRyoV2_M	Sunset Drive	C Y G N	Sunset Drive	C Y G N	INDIFFERENT		2022.0	Single	
rqQLJWiNsxs	The Autopsy	C-Bo	The Autopsy - EP	C-Bo	INDIFFERENT		1994.0	EP	
dV8_RfQHf5U	Gonna Find a Cave	C-Jam Blues	Rare Mod 2		INDIFFERENT				
63aUqiRTyhI	Universal God	C. J. Johnson	The Feel Sessions - Accoustic Set Vol. 4	C. J. Johnson	INDIFFERENT		2012.0	Album	
87r0CPQbFds	Convoy	C.W. McCall	The Best Of C.W. McCall	C.W. McCall	INDIFFERENT		1997.0	Album	232.0
Y4TEgXPPP6U	Whistle	CB MASS	CB MASS 2nd(Matics)	CB MASS	INDIFFERENT		2001.0	Album	
nuGfyx3IqmM	Letters Home (Memoryhouse Remix)	CFCF	Drifts	CFCF	INDIFFERENT		2010.0	EP	
IOsj1Lc0r5g	Big Love (Mathemagic Remix)	CFCF	Drifts	CFCF	INDIFFERENT		2010.0	EP	
14eVFQeegxQ	96 Quite Bitter Beings	CKY	Camp Kill Yourself, Vol.1	Cky	INDIFFERENT		1999.0	Album	
aVdR6JeEyT8	96 Quite Bitter Beings	CKY	Vol.1 (Remastered + Bonus Tracks)	CKY	INDIFFERENT		2008.0	Album	201.0
i_SSWJpkdRY	Caught In Our Thoughts	CMA	Dreams - EP	CMA	INDIFFERENT		2015.0	EP	270.0
N7MHM-rkbQI	Another Year	CODY	Songs	CODY	INDIFFERENT	5.0	2009.0	Album	
mC_cvsR8wPg	Parchman Farm	Cactus	Cactology (The Cactus Collection)	Cactus	INDIFFERENT		1996.0	Album	
ktYWzLmiKK0	Our Love (Louis La Roche Remix)	Cadre Cola	Our Love	Cadre Cola	INDIFFERENT		2018.0	Single	
toSDjIZQzcI	Escape To 88	Cage	Movies For The Blind	Cage	INDIFFERENT		2002.0	Album	
x0gy2v9Khpk	All the Beautiful Things in the World	Caged Animals	Eat Their Own	Caged Animals	INDIFFERENT	4.5643563	2011.0	Single	
wUrIKH_bxAQ	Winter Woods	Calenaur	Winter Woods	Calenaur	INDIFFERENT		2022.0	Single	171.0
QvN9FIt2E6U	Summer	Calvin Harris	Happiness Forever	Various Artists	INDIFFERENT	4.5905514	2018.0	Album	
KSgKKSny0Qo	Summer	Calvin Harris	Motion	Calvin Harris	INDIFFERENT		2014.0	Album	
X8JH6npiSC4	Promises	Calvin Harris	Promises	Calvin Harris	INDIFFERENT		2018.0	Single	
Ln2fIYZmqAc	Welcome To New York City (feat. JAY-Z & Juelz Santana)	Cam'Ron	Come Home With Me	Cam'Ron	INDIFFERENT		2002.0	Album	
6ar-CFbU9Nc	Change	Candlebox	Candlebox	Candlebox	INDIFFERENT		1993.0	Album	
9qR03nDstjM	Change	Candlebox	Love Stories & Other Musings	Candlebox	INDIFFERENT		2012.0	Album	
UFU16Tuvl1Q	New Forest (Five Heads of the Sun)	Candy Claws	Ceres & Calypso in the Deep Time	Candy Claws	INDIFFERENT	4.7333331	2013.0	Album	
PUKTotZBtRY	Pigeon	Cannibal Ox	The Cold Vein (Deluxe Edition)	Cannibal Ox	INDIFFERENT		2001.0	Album	
wdt2vuKqk-Y	A B-Boy's Alpha (Instrumental)	Cannibal Ox	The Cold Vein (Deluxe Edition)	Cannibal Ox	INDIFFERENT		2001.0	Album	
R3L1zyEz5CQ	Iron Galaxy	Cannibal Ox	The Cold Vein (Deluxe Edition)	Cannibal Ox	INDIFFERENT		2001.0	Album	
ejmg17FcH8w	The F-Word	Cannibal Ox	The Cold Vein (Deluxe Edition)	Cannibal Ox	INDIFFERENT		2001.0	Album	
jR9ZNMJ1B-w	Country Lovin	Canyon	Seafaring Strangers: Private Yacht	Various Artists	INDIFFERENT		2017.0	Album	
Whc04e3CAdQ	Ella Guru	Captain Beefheart	Dichotomy	Captain Beefheart	INDIFFERENT		2004.0	Album	
Pj02BbYFe78	Ella Guru	Captain Beefheart	Grow Fins - Rarities 1965-1982	Captain Beefheart	INDIFFERENT		1999.0	Album	
EiZ64eRg_L8	Electricity - (Live, 1968)	Captain Beefheart	Grow Fins - Rarities 1965-1982	Captain Beefheart	INDIFFERENT		1999.0	Album	
XTibdlmbNyI	I Love You, You Big Dummy	Captain Beefheart And The Magic Band	Lick My Decals Off, Baby	Captain Beefheart And The Magic Band	INDIFFERENT		1970.0	Album	173.0
D2_x6fp0jD4	Fisherman Style	Captain Sinbad	"Reggae Anthology: Henry ""Junjo"" Lawes - Volcano Eruption"	Various Artists	INDIFFERENT		2010.0	Album	
hbPfPCz3GRA	Golf Girl	Caravan	In The Land Of Grey And Pink	Caravan	INDIFFERENT		1971.0	Album	
yx0LkVCuIoA	Dramophone	Caravan Palace	Panic	Caravan Palace	INDIFFERENT	4.7134628	2012.0	Album	
XoSiSZq77DY	Baby I Love You	Carl Dawkins	Reggae Lasting Love Songs Vol. 6	Various Artists	INDIFFERENT		2008.0	Album	164.0
G9RikQSQaf4	Baby I Love You	Carl Dawkins	The Trojan: Ska Collection	Various Artists	INDIFFERENT		1998.0	Album	
Rgo3wiqFJW0	Witchfinder General	Carl Douglas	The Soul of the Kung Fu Fighter	Carl Douglas	INDIFFERENT		2008.0	Album	
ODBVs_J70G0	Glad All Over	Carl Perkins	Blue Suede Shoes	Carl Perkins	INDIFFERENT		1969.0	Album	
4_y9ub8e7QY	Glad All Over	Carl Perkins	Blue Suede Shoes	Carl Perkins	INDIFFERENT		2014.0	Album	
CGpd_jfw63o	Glad All Over	Carl Perkins	Boppin' the Blues	Carl Perkins	INDIFFERENT		2015.0	Album	
k0y7Huzc0wA	Glad All Over	Carl Perkins	Glad All Over / Lend Me Your Comb	Carl Perkins	INDIFFERENT		1957.0	Single	
c4UkkOPw7qk	Pop, Let Me Have the Car	Carl Perkins	Restless: The Columbia Recordings	Carl Perkins	INDIFFERENT		1992.0	Album	
1OjAq3DlD1c	Glad All Over	Carl Perkins	The Essential Carl Perkins: Volume Two	Carl Perkins	INDIFFERENT		2012.0	Album	
DtNzR1Swcfc	A Glorious Dawn	Carl Sagan	A Glorious Dawn	Carl Sagan	INDIFFERENT		2015.0	Single	
0RWdehLpvro	When A Child Is Born	Carlene Davis	Christmas Reggae Rock	Carlene Davis	INDIFFERENT		1999.0	Album	
_nV0RbHUeBw	That's The Way I've Always Heard It Should Be	Carly Simon	Carly Simon	Carly Simon	INDIFFERENT	4.1448274	1971.0	Album	
GtnBkPKNxA4	THE CITY	Carmen	Fandangos In Space / Dancing On A Cold Wind	Carmen	INDIFFERENT		2006.0	Album	
t9lsR1POpKw	THE CITY	Carmen	Fandangos In Space / Dancing On A Cold Wind						193.0
_LtXD4gQWIY	The City	Carmen	Fandangos In Space / Dancing On A Cold Wind (Expanded Edition)	Carmen	INDIFFERENT		1973.0	Album	193.0
FMs1UtBhirM	Roll with the Punches	Carol Fran	Louisiana Swamp Blues and Soul	Various Artists	INDIFFERENT		2020.0	Album	
GP9r0xRdd38	Golden Boy	Carola Baer	The Story of Valerie	Carola Baer	INDIFFERENT		2018.0	Album	
vztCjUJKaAs	Will You Still Love Me Tomorrow (Live)	Carole King	Live In London 1975	Carole King	INDIFFERENT		2017.0	EP	
-o32mt_PvmI	Goodbye To Love	Carpenters	A Song For You	Carpenters	INDIFFERENT		1972.0	Album	
M268Csnue9I	(They Long To Be) Close To You	Carpenters	Close To You	Carpenters	INDIFFERENT	4.7369103	1970.0	Album	
YarvI9eCa8Q	Goodbye To Love	Carpenters	Gold - Greatest Hits	Carpenters	INDIFFERENT		2000.0	Album	
PgwRz-2e1GQ	Calling Occupants Of Interplanetary Craft (The Recognized Anthem Of World Contact Day)	Carpenters	Passage	Carpenters	INDIFFERENT		1977.0	Album	
iGCMV8JK8V8	All You Get From Love Is A Love Song	Carpenters	Singles 1969-1981	Carpenters	INDIFFERENT		2000.0	Album	
dewlH6HSDzk	Top Of The World (Single Mix)	Carpenters	The Singles 1969 - 1973	Carpenters	INDIFFERENT	4.7131677	1973.0	Album	
dmohoUGCrqY	Kiss Kiss (Lidolido Remix)	Cashmere Cat	Mirror Maru	Cashmere Cat	INDIFFERENT	3.9096045	2013.0	Single	
yLQANnqsCUs	its only shame	Castro Hunger	CALLUS *EXTENDED VERSION*	Castro Hunger	INDIFFERENT		2000.0	Album	
yHOITZffnnY	American Flag	Cat Power	Moon Pix	Cat Power	INDIFFERENT	4.1279998	1998.0	Album	
xda9J7EIwLw	Cross Bones Style	Cat Power	Moon Pix	Cat Power	INDIFFERENT	4.5878339	1998.0	Album	
LLhVqVXuTDc	Komorebi	Catching Flies	Komorebi / Mama's Wisdom	Catching Flies	INDIFFERENT	4.5410414	2016.0	Single	
dKKwBADrFDg	Strange Fruit	Catherine Wheel	Chrome	Catherine Wheel	INDIFFERENT		1993.0	Album	
83OGVLp-2dc	Di-li-do	Cathy Berberian	Folk Songs of the World	Cathy Berberian	INDIFFERENT		2016.0	Album	
3mzfBt6dJ14	Homage	Causa Sui	Euporie Tide	Causa Sui	INDIFFERENT		2013.0	Album	
BwbRh0KyOQk	The Night Begins To Shine	CeeLo Green	Teen Titans Go! (Songs From The Night Begins To Shine Special)	Various Artists	INDIFFERENT		2017.0	EP	
JVp2l_M2vvc	A Summer Song	Chad & Jeremy	Sing for You	Chad & Jeremy	INDIFFERENT	4.4226975	2013.0	Album	
vH5pLv67ffc	Phantom Anthills	Chad VanGaalen	Soft Airplane	Chad VanGaalen	INDIFFERENT	4.3258429	2008.0	Album	
lZgnbR0FpiQ	Comin' Thru	Chali 2na	Fish Outta Water	Chali 2na	INDIFFERENT	4.8992805	2009.0	Album	
MKSk4k02chY	The Hippy Hippy Shake	Chan Romero	100 Rock & Roll Hits	Various Artists	INDIFFERENT		2014.0	Album	
2JEBPe_w03U	The Hippy Hippy Shake	Chan Romero	Cover Versions Played By The Beatles, Vol. 2 (Playlist Beatlemania Era)	Various Artists	INDIFFERENT		2018.0	Album	
aU-q7kv6THI	Rang Barse - Instrumental	Charanjit Singh	Charanjit Singh Plays Tunes On Synthesizer Of Silsila	Charanjit Singh	INDIFFERENT		2005.0	Album	
2G_bhV9wbhg	Greeze	Charles Kynard	Charles Kynard	Charles Kynard	INDIFFERENT		1971.0	Album	
qtPd91eIquE	Soft Crime	Charles Moothart	Soft Crime	Charles Moothart	INDIFFERENT		2021.0	Single	
JDG96A6XqLI	La mer	Charles Trenet	Nos plus belles chansons, Vol. 8: 1945-1948	Various Artists	INDIFFERENT		1994.0	Album	
P-li62AmF-s	Magnolia Blues	Charley Patton	Charley Patton, King Of The Delta Blues: His Recordings	Charley Patton	INDIFFERENT		2019.0	Album	
pyRCV2wClig	Spoonful Blues	Charley Patton	The History of Blues One	Various Artists	INDIFFERENT	4.0508475	2010.0	Album	
2NdRlKmlMA0	There's My Baby	Charley Pride	Rock Classics: Amphetaming Annie	Various Artists	INDIFFERENT		2006.0	Album	
jvq1IN5YoNE	Bubbling Telephone (Chalice)	Charlie Chaplin	"Reggae Anthology: Henry ""Junjo"" Lawes - Volcano Eruption"	Various Artists	INDIFFERENT		2010.0	Album	
olTKacweMus	It Ain't No Good - Part I	Charlie McCoy	Charlie McCoy (1928-1932)	Charlie McCoy	INDIFFERENT		2005.0	Album	
5Isj8IFYRCo	Stone Pony Blues	Charlie Patton	Primeval Blues, Rags, And Gospel Songs	Charlie Patton	INDIFFERENT		2005.0	Album	
Cmxt0-GoJiE	Revenue Man Blues	Charlie Patton	Primeval Blues, Rags, And Gospel Songs	Charlie Patton	INDIFFERENT		2005.0	Album	
ssaZ-n_oLbA	Something Else	Chastity Belt	I Used to Spend So Much Time Alone	Chastity Belt	INDIFFERENT		2017.0	Album	
v9SAJzSpG1s	Surrender (Live)	Cheap Trick	At Budokan	Cheap Trick	INDIFFERENT		1979.0	Album	266.0
iRvk9dkubLc	Dream Police	Cheap Trick	Dream Police	Cheap Trick	INDIFFERENT		1979.0	Album	
fu9sEdi48Tg	Dream Police	Cheap Trick	Sex, America, Cheap Trick	Cheap Trick	INDIFFERENT		1996.0	Album	234.0
XqyegIAGlmk	Earache My Eye (feat. Alice Bowie)	Cheech And Chong with Alice Bowie	Wedding Album	Cheech & Chong	INDIFFERENT		2011.0	Album	
O2Avdv9xZ6A	Jacuzzi	Cheem	Downhill	Cheem	INDIFFERENT		2017.0	Album	
llQMEOVsy2w	Halfway to Nowhere	Chelou	Halfway to Nowhere	Chelou	INDIFFERENT		2008.0	Single	188.0
seBy8jrnx2A	Halfway to Nowhere	Chelou	Halfway to Nowhere	Chelou	INDIFFERENT		2008.0	Single	189.0
bv-o_24MZfU	Gypsys, Tramps & Thieves	Cher	Greatest Hits	Cher	INDIFFERENT		1972.0	Album	
ISkp_56052U	Teenage Fantasy (feat. Gibbz)	Cherokee	Teenage Fantasy	Cherokee	INDIFFERENT	4.4052954	2015.0	EP	
NvRmT8rkpqw	Night Bells	Cherokee	Teenage Fantasy	Cherokee	INDIFFERENT	4.5671234	2015.0	EP	
forWHmHy9tc	If This World Were Mine	Cheryl Lynn	Instant Love (Expanded Edition)	Cheryl Lynn	INDIFFERENT		1982.0	Album	
oTO7jL-Fv8M	That Old Feeling	Chet Baker	Chet Baker Sings	Chet Baker	INDIFFERENT		1998.0	Album	
aDwKNQvyU6g	Old Devil Moon	Chet Baker	Chet Baker Sings: It Could Happen To You [Original Jazz Classics Remasters] (OJC Remaster)	Chet Baker	INDIFFERENT		2010.0	Album	
ViRMS_253sQ	Talk Is Cheap	Chet Faker	Built On Glass	Chet Faker	INDIFFERENT		2014.0	Album	
NPsGj5CkJc8	Talk Is Cheap	Chet Faker	Built on Glass	Chet Faker	INDIFFERENT		2014.0	Album	219.0
lNOK71W9ncU	Gold (Flume re work)	Chet Faker	Trax 9 Future beats	Various artists	INDIFFERENT		2014.0	Album	267.0
ZSX_t_Tb9aA	"Dance, Dance, Dance (Yowsah, Yowsah, Yowsah) [12"" Version]"	Chic	Chic	Chic	INDIFFERENT		1977.0	EP	
p1pc19Ckk88	Everybody Dance	Chic	Chic	Chic	INDIFFERENT		1977.0	EP	
-06mKNNNgh8	Fancy Colours (2002 Remaster)	Chicago	Chicago II	Chicago	INDIFFERENT		1970.0	Album	
xRD8Ws27_yw	Sober	Childish Gambino	Kauai	Childish Gambino	INDIFFERENT	4.6243377	2014.0	EP	
grFiJui_F_I	Sober	Childish Gambino	Kauai	Childish Gambino	INDIFFERENT		2014.0	Album	253.0
OTBRkeZ1ExM	Roots Sound	Chino	Roots Sound	"Stephen ""Di Genius"" McGregor"	INDIFFERENT	4.1932774	2013.0	Single	
-6eOVToCi0k	Bookbag	Chocolate USA	Smoke Machine	Chocolate USA	INDIFFERENT	0.0	1994.0	Album	
6QLEauIgRB0	Bookbag	Chocolate USA	Smoke Machine						246.0
i1TRi3TsrlA	Disco Mickey Mouse	Chorus - Mickey Mouse Disco	Mickey Mouse Disco	Chorus - Mickey Mouse Disco	INDIFFERENT		1979.0	Album	
L5YPcoZzGhw	Memory	Chris Cohen	As If Apart	Chris Cohen	INDIFFERENT	4.3103447	2016.0	Album	
VOwLBuw4jgw	Optimist High	Chris Cohen	Overgrown Path	Chris Cohen	INDIFFERENT	4.3131313	2012.0	Album	
1DnSiznUrVI	Seasons	Chris Cornell	Singles - Original Motion Picture Soundtrack	Various Artists	INDIFFERENT		1992.0	Album	
1GCS3EtZNv8	Baby Did a Bad Bad Thing	Chris Isaak	Best Of Chris Isaak	Chris Isaak	INDIFFERENT		2006.0	Album	176.0
jy4q-Dpe_SE	Lie To Me	Chris Isaak	Chris Isaak	Chris Isaak	INDIFFERENT		1987.0	Album	254.0
pcSEy0XSuo4	Perspective	Chris Mazuera	Perspective	Chris Mazuera & tender spring	INDIFFERENT		2020.0	EP	
n9StXjCtYD8	Fool (If You Think It's Over)	Chris Rea	Whatever Happened to Benny Santini	Chris Rea	INDIFFERENT		1978.0	Album	246.0
QVQYi9UHR2E	Black Crayon	Christian Bland and the Revelators	Pig Boat Blues	Christian Bland	INDIFFERENT	4.3863635	2012.0	Album	
OaNlIn1SHjg	Yellow River	Christie	70-Tals Nostalgi	Various Artists	INDIFFERENT		2002.0	Album	
BFJMvqxNxBs	People, I've been sad	Christine and the Queens	La vita nuova	Christine and the Queens	INDIFFERENT		2020.0	EP	
WOBHXxiZyZM	Arthur's Theme (Best That You Can Do)	Christopher Cross	Arthur - The Album [Original Soundtrack]	Various Artists	INDIFFERENT		1981.0	Album	
IST-GfqUwDA	Sailing	Christopher Cross	Christopher Cross	Christopher Cross	INDIFFERENT		1979.0	Album	
iwv8nZmxIEk	Sailing	Christopher Cross	Christopher Cross	Christopher Cross	INDIFFERENT		1979.0	Album	259.0
65D8duN0SSU	When The Night Falls (feat. Solange Knowles)	Chromeo	Business Casual	Chromeo	INDIFFERENT	3.8227348	2010.0	Album	
JKeAoJFTGng	Must've Been (feat. DRAM)	Chromeo	Head Over Heels	Chromeo	INDIFFERENT	4.372395	2018.0	Album	
96belTD1w1I	Beat & A Mic	Chronixx	Beat & A Mic	Chronixx	INDIFFERENT		2012.0	Single	
Nauusq5yCi0	Help the Weak	Chronixx	Help the Weak	Capleton	INDIFFERENT		2018.0	Single	
NDGUsjMPyqk	Likes	Chronixx	Likes	Chronixx	INDIFFERENT		2017.0	Single	
M0p6B16CoMw	Let's Twist Again	Chubby Checker	Chubby Checker's Greatest Hits	Chubby Checker	INDIFFERENT		1972.0	Album	
Frw7U5X8dhg	Let's Twist Again	Chubby Checker	It's Pony Time/Let's Twist Again	Chubby Checker	INDIFFERENT		1961.0	Album	
mqlAkSHvqR8	The Twist	Chubby Checker	The Last Great Rock 'n' Roll Reunion Show	Various Artists	INDIFFERENT		2016.0	Album	
0WsrrgQH78c	Almost Grown	Chuck Berry	Berry Is On Top	Chuck Berry	INDIFFERENT		1959.0	Album	142.0
HUVIlph32dY	County Line	Chuck Berry	Rock 'N' Roll Rarities	Chuck Berry	INDIFFERENT		1986.0	Album	
qgwy3XcIavQ	Almost Grown	Chuck Berry	The Complete Chess Singles As & BS 1955-61	Chuck Berry	INDIFFERENT		2015.0	Album	
96Pxby_0MOY	It Don't Mean a Thing - If It Don't Have the Go Go Swing (Live)	Chuck Brown and the Soul Searchers	Go Go Swing (Live)	Chuck Brown and the Soul Searchers	INDIFFERENT		1986.0	Album	
FExBwfQHXlE	Feels So Good	Chuck Mangione	Feels So Good	Chuck Mangione	INDIFFERENT		1977.0	Album	
g8BSGaW1-JI	Seven Days Too Long	Chuck Wood	100 Greatest Northern Soul Classics	Various Artists	INDIFFERENT		2019.0	Album	
WXePQk3iIVY	Outside Blasts	Circulatory System	Circulatory System	Circulatory System	INDIFFERENT	5.0	2001.0	Album	
8pRcLfvdoLE	Waves of Bark and Light	Circulatory System	Circulatory System	Circulatory System	INDIFFERENT	4.3939395	2001.0	Album	
ULgPNlTfinM	Velvet Garden	City Girl	Neon Impasse	City Girl	INDIFFERENT		2018.0	Album	
LbtJoa91r08	Save Your Scissors	City and Colour	Sometimes	City And Colour	INDIFFERENT		2005.0	Album	
d8dL4669L-8	Flaming Hot Cheetos	Clairo	diary 001	Clairo	INDIFFERENT	4.8375001	2018.0	EP	
EF7GnA6ME_0	Back Door Santa	Clarence Carter	Soul Christmas	Various Artists	INDIFFERENT		2017.0	Album	129.0
eSWOOC4DCgE	Show Me Girl	Clarence Mann	Show Me Girl	Clarence Mann	INDIFFERENT		2017.0	Single	
R5Az4NHNNpg	It Was Good Enough for Daddy	Clarence Reid	Super Funky Seventies	Various Artists	INDIFFERENT		2021.0	Album	
EMN3N6oyDv0	Rather Be (feat. Jess Glynne)	Clean Bandit	New Eyes	Clean Bandit	INDIFFERENT		2014.0	Album	
hp0KiJs0S5g	When I'm in Your Arms	Cleo Sol	Rose in the Dark	Cleo Sol	INDIFFERENT		2020.0	Album	
LwpKITT1Vxg	Love Is My Business	Cliff Gleaves	50 Rockabilly 1950s Teenage Classics	Various Artists	INDIFFERENT		2010.0	Album	
mO-daU0n0-M	Miss You Nights (2001 Remaster)	Cliff Richard	I'm Nearly Famous	Cliff Richard	INDIFFERENT		1976.0	Album	
C9u1tMKoGP4	Harmony (VAGO Remix)	CloZee	Harmony Remixes	CloZee	INDIFFERENT		2018.0	Album	
_V5r4mwUIos	Let Yourself Be Huge	Cloudkicker	Let Yourself Be Huge	Cloudkicker	INDIFFERENT		2011.0	Album	
5s7iazAi_18	Loco	Coal Chamber	Coal Chamber	Coal Chamber	INDIFFERENT		1997.0	Album	
w9TvVB8cP6c	Loco	Coal Chamber	Coal Chamber	Coal Chamber	INDIFFERENT		1997.0	Album	255.0
y3PKcVd7UtM	Daybreak	Cocabona	Daybreak	Cocabona	INDIFFERENT		2018.0	Single	
Y1cDY0VK1Ac	Lemonade	CocoRosie	Grey Oceans	CocoRosie	INDIFFERENT	4.7938933	2010.0	Album	
szvzoyKnnmo	Athol-brose	Cocteau Twins	Blue Bell Knoll	Cocteau Twins	INDIFFERENT		1988.0	Album	
GC4Gp9bEdL8	Shallow Then Halo	Cocteau Twins	Garlands	Cocteau Twins	INDIFFERENT		1982.0	Album	
JVx0li_Hihk	in Our Angelhood	Cocteau Twins	Head Over Heels	Cocteau Twins	INDIFFERENT		1983.0	Album	
EGkBSZgqrQA	I Wear Your Ring	Cocteau Twins	Heaven Or Las Vegas	Cocteau Twins	INDIFFERENT		1990.0	Album	
tHc2ZV1AOX8	Another Year	Cody	Songs (Extended Version)	Cody	INDIFFERENT		2009.0	Album	
zlfr4fB0u8A	Stupid Love Song	Coffin Break	Rupture - Pyschosis	Coffin Break	INDIFFERENT		1989.0	Album	
ydLK7D4jnIY	Open up Your Chakra	Cola & Jimmu	I Give to You My Love and Devotion	Cola & Jimmu	INDIFFERENT		2014.0	Album	
IJTIOT4RFIw	Makes Her Sick	Cold	Cold	Cold	INDIFFERENT		1997.0	Album	
oBV7J_sNOHE	Big Road Blues	Colin James	Blue Highways	Colin James	INDIFFERENT		2016.0	Album	
ENoReI8iM90	Heavy	Collective Soul	7even Year Itch: Collective Soul Greatest Hits (1994-2001)	Collective Soul	INDIFFERENT		2001.0	Album	174.0
EOBaAhYPQoA	Gel	Collective Soul	Collective Soul	Collective Soul	INDIFFERENT		1995.0	Album	
NDCkOiuSa68	Smashing Young Man	Collective Soul	Collective Soul	Collective Soul	INDIFFERENT		1995.0	Album	
v_0dQwibEEA	Heavy	Collective Soul	Dosage	Collective Soul	INDIFFERENT		1999.0	Album	
ls8vTZcfBHQ	Jumping Off the Sun (US Version)	Colosseum	Valentyne Suite	Colosseum	INDIFFERENT		2008.0	Album	
gqOsugXz8fo	Dark Side of the Moog	Colosseum II	Strange New Flesh	Colosseum II	INDIFFERENT		1976.0	Album	
0QAd5TM8-so	Sail On	Commodores	All The Great Love Songs	Commodores	INDIFFERENT		1984.0	Album	
cVgFvYcOKC8	Sail On	Commodores	Midnight Magic	Commodores	INDIFFERENT		1979.0	Album	
0Zrqua55oDo	1999 (Street) (feat. Sadat X)	Common	1999 / Like They Used To Say (Remixes)	Common	INDIFFERENT		2002.0	Single	
vZ12oJ-EhEA	Little Steps	Computers Want Me Dead	Little Steps	Computers Want Me Dead	INDIFFERENT		2018.0	Single	
Zygs5cyNbbY	Love's Train	Con Funk Shun	Live for Ya Ass	Con Funk Shun	INDIFFERENT	4.6082149	1996.0	Album	
2TfkPv6tf3Q	Love's Train	Con Funk Shun	The Best Of Con Funk Shun	Con Funk Shun	INDIFFERENT		1992.0	Album	
YjgdyWM2WYc	I'm The Man, That Will Find You	Connan Mockasin	Caramel	Connan Mockasin	INDIFFERENT		2013.0	Album	301.0
RQ-Od--mM2Q	I'm The Man, That Will Find You	Connan Mockasin	I'm The Man, That Will Find You	Connan Mockasin	INDIFFERENT		2014.0	Single	
P1fjIUDMP20	La Fat Fur	Connan Mockasin	Myths 001	Connan Mockasin	INDIFFERENT		2015.0	Single	
cqNxxwHszNs	Sulphur Springs	Conner Youngblood	Sulphur Springs	Conner Youngblood	INDIFFERENT	2.7831326	2016.0	Single	
Y3edk9xfoUI	Stupid Cupid	Connie Francis	20th Century Masters: The Millennium Collection: Best of Connie Francis	Connie Francis	INDIFFERENT		1999.0	Album	
tNGl42cvpUM	Stupid Cupid	Connie Francis	The Very Best Of Connie Francis - Connie's 21 Biggest Hits	Connie Francis	INDIFFERENT		1963.0	Album	
-kFks3gMnDM	Everybody's Somebody's Fool	Connie Francis	The Very Best Of Connie Francis - Connie's 21 Biggest Hits	Connie Francis	INDIFFERENT		1963.0	Album	
EBjnLZ8vFw0	Fallin'	Connie Francis	The Very Best Of Connie Francis - Connie's 21 Biggest Hits	Connie Francis	INDIFFERENT		1963.0	Album	
0_URJbCLqXE	Al Di Là	Connie Francis	The Very Best Of Connie Francis Vol.2	Connie Francis	INDIFFERENT		1988.0	Album	
AEVOIxAPf6A	Give It to Me (If You Don't Mind)	Conquest	Star Funk, Vol. 3	Various Artists	INDIFFERENT		2014.0	Album	
M8brvjZ5wms	The Barber	Cool Ghouls	Cool Ghouls	Cool Ghouls	INDIFFERENT	4.3417721	2013.0	Album	
NY2GkiLvHqg	Exercise Yo' Game (feat. E-40, Kam & 40 Thevz)	Coolio	Gangsta's Paradise	Coolio	INDIFFERENT		1995.0	Album	290.0
cPcGX8IeTWs	Fantastic Voyage	Coolio	It Takes a Thief	Coolio	INDIFFERENT		1994.0	Album	335.0
JTtDcRi-IZs	Can't Judge a Book by Its Cover (Live)	Corey Smith	Outtakes from the Georgia Theatre	Corey Smith	INDIFFERENT		2008.0	EP	214.0
BPaylJioc6E	Sleepwalking	Cosmetics	Sleepwalking	Cosmetics	INDIFFERENT		2010.0	Single	
xGGXjArLUtw	Go Girl Go	Country Gis	50 Rockabilly 1950s Teenage Classics	Various Artists	INDIFFERENT		2010.0	Album	
vlMF9FDyefk	Flying High	Country Joe & The Fish	Electric Music For The Mind And Body	Country Joe & The Fish	INDIFFERENT	4.1227436	1967.0	Album	
lUqu6x126ic	Here I Go Again	Country Joe & The Fish	Here We Are Again	Country Joe & The Fish	INDIFFERENT		1969.0	Album	
48uCZU9Pess	Flying High (Live)	Country Joe & The Fish	Live! Fillmore West 1969	Country Joe & The Fish	INDIFFERENT		1994.0	Album	
psngsig3q2o	Rock And Soul Music/Love	Country Joe & The Fish	The Life And Time Of Country Joe And The Fish From Haight-Ashbury To Woodstock	Country Joe & The Fish	INDIFFERENT		1991.0	Album	
ws0DLWApHko	I-Feel-Like-I'm-Fixin'-To-Die Rag	Country Joe And The Fish	I-Feel-Like-I'm-Fixin'-To-Die	Country Joe And The Fish	INDIFFERENT	3.8067415	1967.0	Album	
Y-RFknVpVnw	Jenny Says	Cowboy Mouth	Are You With Me?	Cowboy Mouth	INDIFFERENT		1996.0	Album	
pTb0LEIwIFc	Diving at Night	Coyote Kisses	Thundercolor - EP	Coyote Kisses	INDIFFERENT		2013.0	EP	
L6LXe9Vl91A	The Dirt (House of Love Mix)	Crackboy	Crowdspacer, Vol. 1	Various Artists	INDIFFERENT		2016.0	Album	
6r-PrnISPIw	Get Off This	Cracker	Kerosene Hat	Cracker	INDIFFERENT		1993.0	Album	
i4ak79OZNxw	It Just Takes Awhile	Crackin	Crackin'	Crackin'	INDIFFERENT		2008.0	Album	
YgbqczxsChI	Burning Inside (The Uri Mix)	Cray76	Joakim presents Cray76 : Play Harder	Cray76	INDIFFERENT		2018.0	Album	
g7lxtBlUKno	Rockabilly Rules OK	Crazy Cavan 'n' the Rhythm Rockers	Still Crazy	Crazy Cavan 'n' the Rhythm Rockers	INDIFFERENT		1979.0	Album	
1pj_4Dzphqs	Gimme Gimme Good Lovin'	Crazy Elephant	Crazy Elephant	Crazy Elephant	INDIFFERENT	4.5810809	1969.0	Album	
gpILP5vb30I	We're Going Wrong	Cream	Disraeli Gears (Deluxe Edition)	Cream	DISLIKE	3.8720055	1967.0	Album	
v4Iw8GzOUZY	SWLABR (BBC Session)	Cream	Disraeli Gears (Deluxe Edition)	Cream	INDIFFERENT	4.219512	1967.0	Album	
NI_c4ifvDWk	We're Going Wrong	Cream	The Very Best Of Cream	Cream	INDIFFERENT		1995.0	Album	
-bWVK7XcY5s	White Room	Cream	Tunes That Stick Vol 3	Various Artists	INDIFFERENT		2023.0	Album	299.0
PE-uBhp5FQ4	Psychic Waves	Creature Camp	Psychic Waves	Creature Camp	INDIFFERENT		2017.0	Single	
MXBMd-XO0Yo	My Own Prison	Creed	My Own Prison	Creed	INDIFFERENT		1997.0	Album	
R_H5n7S2Do8	It Came Out Of The Sky	Creedence Clearwater Revival	Willy And The Poor Boys	Creedence Clearwater Revival	INDIFFERENT	4.6905637	1969.0	Album	
9FlvT9vxubI	It Came Out Of The Sky	Creedence Clearwater Revival	Willy And The Poor Boys	Creedence Clearwater Revival	INDIFFERENT		1969.0	Album	178.0
Jir57gy83k8	The Pied Piper	Crispian St. Peters	Oldie & Goodie Hit Mix, Vol. 3	Various Artists	INDIFFERENT	3.9722223	2016.0	Album	
RFdSOppmkNw	The Pied Piper	Crispian St. Peters	The Anthology	Crispian St. Peters	INDIFFERENT		1996.0	Album	
0TYq9RjdYYU	Marrakesh Express (2005 Remaster)	Crosby, Stills & Nash	Crosby, Stills & Nash	Crosby, Stills & Nash	INDIFFERENT		1969.0	Album	
WA0tBQIioak	Marrakesh Express (2005 Remaster)	Crosby, Stills & Nash	Crosby, Stills & Nash	Crosby, Stills & Nash	INDIFFERENT		1969.0	Album	157.0
UICcui02BtM	Chicago (Live)	Crosby, Stills, Nash & Young	4 Way Street	Crosby, Stills, Nash & Young	INDIFFERENT		1971.0	Album	
_PtOiIG5TUM	Wooden Ships (Live)	Crosby, Stills, Nash & Young	CSNY/Déjà Vu Live	Crosby, Stills, Nash & Young	INDIFFERENT		2008.0	Album	499.0
noxlrqCe1vE	Country Girl	Crosby, Stills, Nash & Young	Déjà Vu	Crosby, Stills, Nash & Young	INDIFFERENT	4.2194905	1970.0	Album	
1P6yawvB-YI	Find the One	Crouton Cannon	Find the One	Crouton Cannon	INDIFFERENT		2020.0	Single	
DB-aipJC7z8	Ride The Rodeo	Crucial Conflict	The Final Tic	Crucial Conflict	INDIFFERENT		1996.0	Album	
r7JWHuGFUeI	Bones	Crumb	Crumb	Crumb	INDIFFERENT	4.8321586	2016.0	EP	
--cTiT-XDi8	When I Dream	Crystal Gayle	Certified Hits	Crystal Gayle	INDIFFERENT		2001.0	Album	
ayHVzWzxfGA	Don't It Make My Brown Eyes Blue	Crystal Gayle	We Must Believe In Magic	Crystal Gayle	INDIFFERENT		1977.0	Album	158.0
TMs5dRtX7Oo	Be a Man	Cullen Omori	New Misery	Cullen Omori	INDIFFERENT	4.4666667	2016.0	Album	
pg8wvbCmRZA	All By Yourself	Cullen Omori	The Diet	Cullen Omori	INDIFFERENT	3.9714286	2018.0	Album	
EYi5KtgSHmc	A Real You	Cullen Omori	The Diet	Cullen Omori	INDIFFERENT	4.0588236	2018.0	Album	
QV-F_X111Pk	Most Wanted	Cults	Cults	Cults	INDIFFERENT	4.0389042	2011.0	Album	
Hs05p4yWtWs	Most Wanted	Cults	Cults	Cults	INDIFFERENT	4.638938	2011.0	Album	
NkU405SP9oI	Down In Jamaica	Culture	Cumbolo	Culture	INDIFFERENT		1979.0	Album	
O2YF2OIw5pI	Stop The Fussing And Fighting	Culture	Harder Than The Rest	Culture	INDIFFERENT		1978.0	Album	
kvmmizjWaug	Behold	Culture	Harder Than The Rest	Culture	INDIFFERENT		1978.0	Album	
fGAsr24O8gI	Stop The Fussing And Fighting	Culture	Too Long In Slavery	Culture	INDIFFERENT		1989.0	Album	
3RTMeB-ZW_c	Lament of the Astral Cowboy	Curt Boettcher	The Collected Curt Boettcher, Vol. 1	Curt Boettcher	INDIFFERENT		2013.0	Album	
TK-XP4cCKPk	Pretty Little Angel Eyes	Curtis Lee	Pretty Little Angel Eyes	Curtis Lee	INDIFFERENT	4.7913275	2011.0	Album	
GaJi1AsMig4	Ain't Got Time	Curtis Mayfield	Sweet Exorcist	Curtis Mayfield	INDIFFERENT		1974.0	Album	
hA1bp-1650o	Vivaldi	Curved Air	Air Conditioning	Curved Air	INDIFFERENT		1970.0	Album	
tmxf-qHAtyE	The Garden	Cut Chemist	The Audience's Listening (U.S. Version)	Cut Chemist	INDIFFERENT	4.6497831	2006.0	Album	
h8l0NFmuNO0	The Garden	Cut Chemist	The Garden	Cut Chemist	INDIFFERENT		2006.0	Single	
pSI1Sn3Yso8	"Making Our Dreams Come True (Theme From ""Laverne & Shirley"")"	Cyndi Grecco	Making Our Dreams Come True	Cyndi Grecco	INDIFFERENT		1976.0	Album	
SFDzECMyles	Lick a Shot	Cypress Hill	Black Sunday	Cypress Hill	INDIFFERENT		1993.0	Album	
VRvPHKH2Chw	How I Could Just Kill a Man	Cypress Hill	Cypress Hill	Cypress Hill	INDIFFERENT	4.6927352	1991.0	Album	
ZQb-Y9o2jfU	How I Could Just Kill a Man	Cypress Hill	Cypress Hill (Expanded Edition)	Cypress Hill	INDIFFERENT		2021.0	Album	249.0
u8ogljl4wR4	Hits from the Bong (Live)	Cypress Hill	Live At The Fillmore	Cypress Hill	INDIFFERENT	4.5714288	2000.0	Album	
joJfxFFE4gc	Breaking	Cyril Hahn	Voices (EP)	Cyril Hahn	INDIFFERENT	4.0958905	2014.0	Single	
ZHluvz4iAhw	Djaniras	Cátia de França	Vinte Palavras ao Redor do Sol	Cátia de França	INDIFFERENT		1979.0	Album	
CRKXG5YleHU	Untitled (How Does It Feel)	D'Angelo	Voodoo	D'Angelo	INDIFFERENT	4.6210299	2000.0	Album	
6QPQtguRdDs	Untitled (How Does It Feel)	D'Angelo	Voodoo	D'Angelo	INDIFFERENT		2000.0	Album	
PXs6CBpHDiY	Trihedron (feat. Opus)	DJ Krush	The Message At The Depth	DJ Krush	INDIFFERENT		2002.0	Album	
u389AzFSM_E	Blurbird Story (feat. Jumelles)	DJ OKAWARI	DIORAMA	DJ OKAWARI	INDIFFERENT		2008.0	Album	
UMJkMVNJ5Mo	Following the Dream	DJ OKAWARI	MIRROR	DJ OKAWARI	INDIFFERENT	5.0	2009.0	Album	
O3uRLZk2AvM	Tonite	DJ Quik	Quik Is The Name	DJ Quik	INDIFFERENT	4.7519674	1991.0	Album	
AITtqtQnyG4	Mashin' On The Motorway	DJ Shadow	The Private Press	DJ Shadow	INDIFFERENT		2002.0	Album	178.0
5XayDPDK1sU	Giving Up The Ghost	DJ Shadow	The Private Press						389.0
-hSAE0_0AYM	Mashin' On The Motorway	DJ Shadow	The Private Press	DJ Shadow	INDIFFERENT		2002.0	Album	179.0
8yAZQlF6HWY	Giving Up The Ghost	DJ Shadow	The Private Press	DJ Shadow	INDIFFERENT		2002.0	Album	390.0
jU6bj4LCMZM	Giving Up The Ghost	DJ Shadow	The Private Press (Limited Edition)	DJ Shadow	INDIFFERENT		2002.0	Album	
8K5qX_HPYHI	Take Me Somewhere	DLMT	Take Me Somewhere	DLMT	INDIFFERENT		2022.0	Single	181.0
kOmmYiigFLE	Gardenia	DRWN.	Gardenia		INDIFFERENT				
VlQ8O8HWa6s	Just the way i feel	Da Kine	Samoa	Da Kine	INDIFFERENT		2020.0	Single	
DkyaZH5Awt8	The Opposite	Dabow	The Opposite	Dabow	INDIFFERENT		2018.0	Single	
lKScJ4GIWyE	WDPK 83.7 FM	Daft Punk	Homework	Daft Punk	INDIFFERENT	3.7203274	1997.0	Album	
Pr1Eo2Ku_KQ	WDPK 83.7 FM	Daft Punk	Homework (25th Anniversary Edition)	Daft Punk	INDIFFERENT		1997.0	Album	29.0
HGrDMByVaiw	Love You Child	Daggy Man	YAWN	Daggy Man	INDIFFERENT	4.3684211	2020.0	Album	
2HTUDvuWVj8	Prissy Missy	Dale McBride	Little Richard & The Little Richard Sound	Little Richard	INDIFFERENT		2009.0	Album	
f2uAguC7kUc	Honest	Dalilah	Honest	Dalilah	INDIFFERENT	4.1999998	2020.0	Single	
7dFAFsi2dds	Photograph	Damaged Bug	Hubba Bubba	Damaged Bug	INDIFFERENT	4.3720932	2014.0	Album	
XOqAzpr--7o	Lady Tarantula	Damon Baxter & Alex Shellard	Pulp Noir		INDIFFERENT				
ZCY_hGecbQw	Straight From The Harp	Damu The Fudgemunk	How It Should Sound, Vol. 1 & 2	Damu The Fudgemunk	INDIFFERENT	4.7150397	2010.0	Album	
s0KYobrv-NM	Heartbroken, in Disrepair	Dan Auerbach	Keep It Hid	Dan Auerbach	INDIFFERENT	4.7894735	2009.0	Album	
PudSpoy_AMA	Sheathed Wings	Dan Deacon	Gliss Riffer	Dan Deacon	INDIFFERENT		2015.0	Album	
ImlDHQkPf8Q	Longer	Dan Fogelberg	Love Songs	Dan Fogelberg	INDIFFERENT		1995.0	Album	
O6abLniPBFU	Longer	Dan Fogelberg	Phoenix	Dan Fogelberg	INDIFFERENT		1979.0	Album	
q2qy0v4SvJM	Heart Hotels	Dan Fogelberg	Phoenix	Dan Fogelberg	INDIFFERENT		1979.0	Album	
A3XPvIhAlBc	Killing Moon	Dandy Cadet	Killing Moon	Dandy Cadet	INDIFFERENT		2021.0	Single	
ZZrrm8X8ZwI	Can't Be Seen	Dane Donohue	Dane Donohue	Dane Donohue	INDIFFERENT		1978.0	Album	
PbYlpfHXdAk	Whatever Happened	Dane Donohue	Dane Donohue	Dane Donohue	INDIFFERENT		1978.0	Album	
o5CmKkdY2rE	Spirit World Rising (feat. Lee Ranaldo & Steve Shelley)	Daniel Johnston	1990	Daniel Johnston	INDIFFERENT		1990.0	Album	
0Anem8FNfZ0	Don't Play Cards with Satan	Daniel Johnston	1990	Daniel Johnston	INDIFFERENT		1990.0	Album	
MrHbpHZ9PfU	Rock 'n' Roll / EGA	Daniel Johnston	Fun	Daniel Johnston	INDIFFERENT		1994.0	Album	
lHYO-dq9up0	Foxy Girl	Daniel Johnston	Fun	Daniel Johnston	INDIFFERENT		1994.0	Album	
jUl2P4fH5t8	Walking the Cow	Daniel Johnston	Hi How Are You	Daniel Johnston	INDIFFERENT	4.9649124	1983.0	Album	
1i3RFfAg-jU	Don't Let the Sun Go Down on Your Grievances	Daniel Johnston	Yip Jump Music	Daniel Johnston	INDIFFERENT		1983.0	Album	
daJOohVpEzg	At The Hop	Danny & The juniors	The Only Doo Wop Album You'll Ever Need	Various Artists	INDIFFERENT	4.5294118	2013.0	Album	
SEPvoNA1OGw	At The Hop	Danny And The Juniors	Rockin' With Danny And The Juniors (Expanded Edition)	Danny And The Juniors	INDIFFERENT		1983.0	Album	
3pX_6VBkRus	At The Hop	Danny And The Juniors	Strictly Modern	Various Artists	INDIFFERENT		2011.0	Album	
dMrrOnFgsXg	Christmas (Baby Please Come Home)	Darlene Love	A Christmas Gift For You From Phil Spector	Various Artists	INDIFFERENT		1963.0	Album	
7sQUEVInVGQ	I Don't Wanna Lose You	Daryl Hall & John Oates	Along The Red Ledge	Daryl Hall & John Oates	INDIFFERENT		1978.0	Album	
_uLYi2nI8yA	Beauty and the Beast (feat. Phil Markowitz, Jamey Haddad & Café)	Dave Liebman	New Vista	Dave Liebman	INDIFFERENT		2021.0	Album	
GeSvsNIEBIE	Ain't It Fine	Dave Rich	Ain't It Fine	Dave Rich	INDIFFERENT		2010.0	Album	
Ls2dml_hTcg	Dink's Song (Covered in the Motion Picture)	Dave Van Ronk	Dink's Song (Covered in the Motion Picture)	Dave Van Ronk	INDIFFERENT		2013.0	Single	
IuDjfbzYo10	Rocks And Gravel	Dave Van Ronk	In The Tradition	Dave Van Ronk	INDIFFERENT		1963.0	Album	
u8QsKS2dy80	I'm Deranged	David Bowie	1. Outside (The Nathan Adler Diaries: A Hyper Cycle) [Expanded Edition]	David Bowie	INDIFFERENT		1995.0	Album	
X8P3Uz9FvI8	Golden Years (2002 Remaster)	David Bowie	Best of Bowie	David Bowie	INDIFFERENT		2002.0	Album	
xrZKtrby-Qw	Janine (BBC Radio Session D.L.T Show)	David Bowie	Bowie at the Beeb (The Best of the BBC Sessions 1968-1972)	David Bowie	INDIFFERENT	4.5641026	2000.0	Album	
AYd1x5m5Bj0	Dancing in the Street (2002 Remaster)	David Bowie	Dancing In The Street	David Bowie	INDIFFERENT		1985.0	Single	
LUUnWbTkkZg	Do Anything You Say	David Bowie	I Dig Everything: The 1966 Pye Singles	David Bowie	INDIFFERENT		1981.0	EP	
ApHM1ct4tdM	Golden Years	David Bowie	Station To Station (2016 Remastered Version)	David Bowie	INDIFFERENT	4.7033801	1976.0	Album	
kgQrf7PlGVM	Equality Street	David Brent	Life On The Road	David Brent	INDIFFERENT		2016.0	Album	
MTUfHvaIj8w	Pinky's Dream	David Lynch	Crazy Clown Time	David Lynch	INDIFFERENT		2011.0	Album	
YST5yR4UndA	Boys of Autumn	David Roberts	All Dressed Up	David Roberts	INDIFFERENT		1982.0	Album	
r_VIuA8_Qfc	My Whole World Ended (The Moment You Left Me)	David Ruffin	Motown The Musical – 100 Originals	Various Artists	INDIFFERENT	4.4285712	2013.0	Album	
Ex6zh6InDmQ	My Whole World Ended (The Moment You Left Me)	David Ruffin	My Whole World Ended	David Ruffin	INDIFFERENT		1969.0	Album	
-hSUB7Ob7Q0	Witch Doctor	David Seville	100 Rock & Roll Hits	Various Artists	INDIFFERENT		2014.0	Album	
BD9QqlrjSgU	Witch Doctor (Classic Version)	David Seville	Alvin And The Chipmunks (Original Motion Picture Soundtrack)	Various Artists	INDIFFERENT		2007.0	Album	
475dKSctbyc	Get Hi	Daz Dillinger	I Got Love In These Streetz	Daz Dillinger	INDIFFERENT	4.0516586	2004.0	Album	
5WX6GwrR1nM	Brown-Eyed Women (Live at The Forum, Los Angeles, CA, 12/27/2019)	Dead & Company	The Forum, Los Angeles, CA, 12/27/2019 (Live)	Dead & Company	INDIFFERENT		2019.0	Album	
-3YbedLa5I0	Sonic Reducer	Dead Boys	Young, Loud And Snotty	Dead Boys	INDIFFERENT	4.7471762	1977.0	Album	
t8CjcBj9qFU	On Your Own	Dead Ghosts	Can't Get No	Dead Ghosts	INDIFFERENT	4.4887218	2013.0	Album	
MpTC4_bwWPQ	I Want You Back	Dead Ghosts	Can't Get No	Dead Ghosts	INDIFFERENT	4.632184	2013.0	Album	
B6i1HdwEGjA	Can't Get No	Dead Ghosts	Can't Get No	Dead Ghosts	INDIFFERENT	4.5365853	2013.0	Album	
V00LS4rL9UU	Jailhouse Rock	Dean Carter	Call of the Wild	Dean Carter	INDIFFERENT		2004.0	Album	
46MZXF712qU	Memories Are Made of This	Dean Martin	Dean Martin - Greatest Hits, Vol. 1	Dean Martin	INDIFFERENT		2016.0	Album	137.0
9UxYb0UA5a4	You Belong To Me	Dean Martin	Dino The Essential Dean Martin	Dean Martin	INDIFFERENT		2013.0	Album	
vFi8ysChF20	The Last Time I Saw Paris	Dean Martin	French Style	Dean Martin	INDIFFERENT		2014.0	Album	
H-HI85fsrc4	Just In Time (1995 Digital Remaster)	Dean Martin	Great Gentlemen Of Song / Spotlight On Dean Martin	Dean Martin	INDIFFERENT		1995.0	Album	
dbBqjAKYVmc	(Open up the Door) Let the Good Times In	Dean Martin	The Reprise Years	Dean Martin	INDIFFERENT		2013.0	Album	
KyHUpQI8nsU	Never Swim Alone	Death From Above 1979	Outrage! Is Now	Death From Above 1979	INDIFFERENT		2017.0	Album	
L6hso7Z90C0	The Physical World	Death From Above 1979	The Physical World	Death From Above 1979	INDIFFERENT		2014.0	Album	
m10AiVoImgA	I Ain't Gonna Tell You	Dedication	I Ain't Gonna Tell You	Dedication	INDIFFERENT	3.4424779	2014.0	Single	
53ytDPMSRBk	Raindrops	Dee Clark	Hold on, It's Dee Clark	Dee Clark	INDIFFERENT		1961.0	Album	
Hm3P6gkZXN0	Just Keep It Up (Bonus Track)	Dee Clark	Hold on, It's Dee Clark	Dee Clark	INDIFFERENT		1961.0	Album	
TvwL5uGaMUY	Mashed Potato Time	Dee Dee Sharp	25 Original Greatest Hits- Cameo Parkway	Various Artists	INDIFFERENT		1964.0	Album	
bt9sDztUGb0	Mashed Potato Time	Dee Dee Sharp	It's Mashed Potato Time/Do The Bird	Dee Dee Sharp	INDIFFERENT		1962.0	Album	
sDvxueiv66I	Speed King	Deep Purple	Deepest Purple: The Very Best Of Deep Purple	Deep Purple	INDIFFERENT		1980.0	Album	264.0
J5BSkvnIbHw	Speed King	Deep Purple	In Rock	Deep Purple	INDIFFERENT		1970.0	Album	
mK4U1p1WQU4	Hard Lovin' Man	Deep Purple	In Rock	Deep Purple	INDIFFERENT		1970.0	Album	432.0
0Ut5iHZcfhw	Child in Time	Deep Purple	In Rock	Deep Purple	INDIFFERENT		1970.0	Album	621.0
5hqG-29NTSU	Space Truckin'	Deep Purple	Machine Head	Deep Purple	INDIFFERENT		1972.0	Album	
fzw3q6nOPWY	Space Truckin'	Deep Purple	Machine Head	Deep Purple	INDIFFERENT	4.1500478	1972.0	Album	
wpBkc0If4s4	Woman from Tokyo (2002 Remaster)	Deep Purple	Who Do We Think We Are	Deep Purple	INDIFFERENT		1973.0	Album	355.0
wBMrVh3Rx0A	You're False	Deep Wound	Almost Complete	Deep Wound	INDIFFERENT		2006.0	Album	
-TuEkRTKkbo	Spirit Ditties of No Tone	Deerhoof	The Runners Four	Deerhoof	INDIFFERENT		2005.0	Album	
w131zCWI-w4	Foolin'	Def Leppard	Pyromania	Def Leppard	INDIFFERENT		1983.0	Album	274.0
BSEnw-WZ_jA	Roll To Me	Del Amitri	Twisted	Del Amitri	INDIFFERENT		1995.0	Album	
VcDNmt_SzeA	Handy Man	Del Shannon	The Great Del Shannon	Del Shannon	INDIFFERENT		2007.0	Album	
BcrfRMTjdhk	You and I	Delegation	Wonderful 70 s, Vol. 1 (30 Greatest Pop and Disco Music Hits from the Seventies)	Various Artists	INDIFFERENT		2012.0	Album	
TJtUYdIghXc	Dancing Mood	Delroy Wilson	Dancing Mood	Delroy Wilson	INDIFFERENT		1997.0	Album	
-9w4SYV-Nn4	Same Old Song	Delroy Wilson	The Very Best Of Delroy Wilson	Delroy Wilson	INDIFFERENT	4.4695339	2007.0	Album	
4vVBxcCbEZc	Positive Contact (Bonus Track - Mario C Remix) (feat. Del The Funky Homosapien, Dan The Automator & Kid Koala)	Deltron 3030	Deltron 3030	Deltron 3030	INDIFFERENT		2000.0	Album	236.0
bKYoPtKnCbA	When Death Rides a Horse (Bonus Track)	Demented Are Go	Hellbilly Storm (Ultimate Edition)	Demented Are Go	INDIFFERENT		2010.0	Album	184.0
N9bZBWYJyEU	When Darkness Falls	Demented Are Go	Hot Rod Vampires	Demented Are Go	INDIFFERENT		2005.0	Single	286.0
V1eL60peP0Q	If I Give My Heart to You	Denise Lor	America's Greatest Hits 1954 (Expanded Edition), Vol. 2	Various Artists	INDIFFERENT		2016.0	Album	
BtPEHgqUw_0	Revolution	Dennis Brown	Sly & Robbie Hits 1978-1990	Sly & Robbie	INDIFFERENT		1991.0	Album	
vO6McGJX-jg	Wolf And Leopards	Dennis Brown	Some Like It Hot	Dennis Brown	INDIFFERENT		1992.0	Album	
o-nR-QOx22c	Nights In White Satin	Deodato	Deodato 2	Deodato	INDIFFERENT		1973.0	Album	
kFWlIH4VpXY	Black Celebration	Depeche Mode	Black Celebration	Depeche Mode	INDIFFERENT	4.7574372	1986.0	Album	
gT66YftqxyM	Enjoy The Silence (Live)	Depeche Mode	Live in Berlin Soundtrack	Depeche Mode	INDIFFERENT		2014.0	Album	
L6yuLisUIFU	Black Celebration (Live)	Depeche Mode	Live in Berlin Soundtrack	Depeche Mode	INDIFFERENT		2014.0	Album	
49kHMjRuChU	Nothing (2006 Remaster)	Depeche Mode	Music For The Masses (2006 Remastered Edition)	Depeche Mode	INDIFFERENT		1987.0	Album	
35XQlmGcJlo	Stripped (Single Version)	Depeche Mode	Stripped	Depeche Mode	INDIFFERENT		1986.0	Single	
5Gtfos7_5lA	Change Up	Derin Falana	Change Up	Derin Falana	INDIFFERENT	4.4626865	2018.0	Single	
JxF3zZlcP1I	Reach Out, I'll Be There	Derrick Harriott	Reach Out, I'll Be There / Illya Kuryankin	Derrick Harriott, Bobby Ellis & The Crystalites	INDIFFERENT	4.7062936	2014.0	Single	
HHA6IPrZ7cw	Don't Stop Til You Get Enough	Derrick Lara & Trinity	"Joe Gibbs 12"" Reggae Discomix Vol. 4"		INDIFFERENT				
3A1i9XtCe2g	007 (Shanty Town)	Desmond Dekker	King Of Ska: The Indispensable Desmond Dekker	Desmond Dekker	INDIFFERENT		2014.0	Album	155.0
-pFYvugjRlQ	Virgin with a Memory	Destroyer	Streethawk: A Seduction	Destroyer	INDIFFERENT		2001.0	Album	
7wcv5b7Kmcw	Streethawk I	Destroyer	Streethawk: A Seduction	Destroyer	INDIFFERENT	4.4701986	2001.0	Album	
V_52Q9nEWcc	Trembling Peacock	Destroyer	This Night	Destroyer	INDIFFERENT	3.8965516	2002.0	Album	
6LNnKiAnnmw	Foam Hands	Destroyer	Trouble In Dreams	Destroyer	INDIFFERENT		2008.0	Album	
C1lRhDO5D_Y	Love Song (Helado Negro Remix)	Devendra Banhart	Vast Ovoid	Devendra Banhart	INDIFFERENT		2020.0	EP	
ryMxk8Wi160	Bourbon in Your Eyes	Devil Doll	Queen of Pain	Devil Doll	INDIFFERENT		2001.0	Album	292.0
bfT1tdozuec	Things You Make Me Do	Devil Doll	Queen of Pain	Devil Doll	INDIFFERENT		2001.0	Album	353.0
H8rX9BdiXQ4	Fever	Devil Doll	The Return of Eve	Devil Doll	INDIFFERENT		2007.0	Album	232.0
02483qMtL4s	Girl U Want (2009 Remaster)	Devo	Freedom Of Choice (Deluxe Remastered Edition)	Devo	INDIFFERENT		1980.0	Album	
9y0_sEkALdQ	Midnight Snack	Dhruv Sthetick	Midnight Snack	Dhruv Sthetick	INDIFFERENT		2021.0	Single	
6fk-LAK8dI4	One Million Roses	Di Saronno	Imprint Vol. 11		INDIFFERENT				
TsdIi0MyTng	One Million Roses	Di Saronno	Imprint Vol. 11		INDIFFERENT				352.0
EjCz_sUVZ5U	Ain't No Mountain High Enough	Diana Ross	Diana Ross	Diana Ross	INDIFFERENT		1970.0	Album	
nvZfQzlS9t8	Touch Me In The Morning (First Pressing Single Version)	Diana Ross	Touch Me In The Morning (Expanded Edition)	Diana Ross	INDIFFERENT		1973.0	Album	
495BNPUeq1A	Someday We'll Be Together	Diana Ross & The Supremes	Cream Of The Crop	Diana Ross & The Supremes	INDIFFERENT		1969.0	Album	
vWzXMHLxN0s	God	Dibiase	Its All on You	Dibiase	INDIFFERENT	5.0	2018.0	Album	
GMoDimknwyA	Ooh-Whee Marie	Dick Dale & the Del-Tones	Misirlou	Dick Dale & the Del-Tones	INDIFFERENT		2020.0	Album	
O7R1cgtx4OY	Bopping Martian	Dick Robinson	Rockabilly Rocks!, Vol. 1		INDIFFERENT				
WU2FtR7Nl5k	Believe	Dig	Dig	Dig	INDIFFERENT		1993.0	Album	
1wGFdHsvHeo	I'm Certain I'll Die	Dignan Porch	Tendrils	Dignan Porch	INDIFFERENT	4.0952382	2010.0	Album	
PwWb9Z4ScCk	Triple Optics	Dilated Peoples	The Platform	Dilated Peoples	INDIFFERENT		2000.0	Album	
CaA2oO_xWJU	Guaranteed	Dilated Peoples	The Platform	Dilated Peoples	INDIFFERENT		2000.0	Album	
zqY4qASLhxY	Work The Angles	Dilated Peoples	The Platform	Dilated Peoples	INDIFFERENT		2000.0	Album	
jNMX_xltxaQ	Birdses	Dino Valente	Forever Changing: The Golden Age Of Elektra Records 1963-1973	Various Artists	INDIFFERENT		2007.0	Album	
nHP7iMRW6iw	I'm a Fool	Dino, Desi and Billy	The Singles A's & B's	Dino, Desi & Billy	INDIFFERENT	4.2941175	2020.0	Album	
_-i8Y0D2MRA	Donna the Prima Donna	Dion	Donna the Prima Donna	Dion	INDIFFERENT		1963.0	Album	
4QBtr31MR08	I Wonder Why	Dion	Every Little Things I Do, Teen Angel	Dion	INDIFFERENT	4.4392524	2012.0	Album	
SbYa7NBYyRc	The Wanderer	Dion	The Complete Laurie Singles	Dion	INDIFFERENT		2012.0	Album	
gfHwEbdoREY	Donna the Prima Donna	Dion	The Road I'm On: A Retrospective	Dion	INDIFFERENT		1997.0	Album	
6Wp1y7YbjQM	A Teenager in Love	Dion & The Belmonts	The Top of the Rock'n'roll & the Boogie Woogie (Sound of the 50's & 60's)	Various Artists	INDIFFERENT		1966.0	Album	
wRvYUzvYAoo	Reach out for Me	Dionne Warwick	Make Way For Dionne Warwick	Dionne Warwick	INDIFFERENT		1964.0	Album	
lB_F0KTspSU	Money for Nothing (Live at Live Aid, Wembley Stadium, 13th July 1985)	Dire Straits	Live Aid (Live, 13th July 1985)	Various Artists	INDIFFERENT		2018.0	Album	
lfIY1BQ-61A	Anticipation	Direct & Elliot Berger	Anticipation		INDIFFERENT				
bqzHZd2CLgI	Rock You	Dirty Loops	Rock You	Dirty Loops	INDIFFERENT		2020.0	Single	
JJly2cYfH9o	Counting Blue Cars	Dishwalla	Pet Your Friends	Dishwalla	INDIFFERENT		1995.0	Album	
5dvmPkWs-50	Chapel Of Love	Dixie Cups	Full Metal Jacket (Original Motion Picture Soundtrack)	Various Artists	INDIFFERENT	4.6649017	1987.0	Album	
pbBJve0mAB0	Manoir de mes reves	Django Reinhardt	Best of Django	Various Artists	INDIFFERENT		2019.0	Album	
njF6tmguCj4	Them There Eyes	Django Reinhardt	Django On The Radio - Transcribed Broadcasts (CD D - 1947-1948)	Django Reinhardt	INDIFFERENT		2008.0	Album	
95xMHYZzIbo	The Sheik of Araby	Django Reinhardt	Django Reinhardt Classics Vol. 5	Django Reinhardt	INDIFFERENT		2012.0	Album	
OzkgEoJoULA	Douce ambiance	Django Reinhardt	Django Reinhardt at His Best Vol. 3	Django Reinhardt	INDIFFERENT		2017.0	Album	
9hxsnkrtaLk	Flèche d'or	Django Reinhardt	Django Reinhardt from A to Z, Vol. 10	Django Reinhardt	INDIFFERENT		2010.0	Album	180.0
XXt_t6WyBQw	Flèche d'or	Django Reinhardt	Django Reinhardt in Paris	Django Reinhardt	INDIFFERENT		2021.0	Album	
Rm9J2Dqxk-8	Improvisation sur le premier mouvement du concerto en ré mineur de Jean-Sébastien Bach	Django Reinhardt	Django Swings Nuages 1934-1941 (73 Tunes)	Django Reinhardt	INDIFFERENT		1992.0	Album	
yGMLQcsQYaw	After You've Gone	Django Reinhardt	Django Swings Nuages 1934-1941 (73 Tunes)	Django Reinhardt	INDIFFERENT		1992.0	Album	
qMCo7G0ZRZg	My Melancoly Baby	Django Reinhardt	Djangologie Vol8 / 1937 - 1938	Django Reinhardt	INDIFFERENT		2009.0	Album	
Wlw0afwKJic	Djangology (Remastered 2002) (feat. Stéphane Grappelli)	Django Reinhardt	Djangology	Django Reinhardt	INDIFFERENT		1961.0	Album	
qVDfGn7TRuk	"Improvisation on Tchaikovsky's ""Pathétique"" (Andante) (Remastered 2002) (feat. Stéphane Grappelli)"	Django Reinhardt	Djangology	Django Reinhardt	INDIFFERENT		1961.0	Album	
R8zVpI_o3GA	Djangology	Django Reinhardt	Quintette du Hot Club de France 1934-1935	Django Reinhardt	INDIFFERENT		1989.0	Album	
DDzLGVwB97A	A Little Love, A Little Kiss	Django Reinhardt	Sultan Of Swing	Django Reinhardt	INDIFFERENT		2009.0	Album	
KbmPq-xq3eM	I'll See You in My Dreams	Django Reinhardt	The Best Of Django Reinhardt	Django Reinhardt	INDIFFERENT	4.8428574	1996.0	Album	
tVCBA6KUoh0	Djangology	Django Reinhardt	The Indispensible Django Reinhardt (1949-1950)	Django Reinhardt	INDIFFERENT		1979.0	Album	
gTXObA8v8h0	Hungaria (1941)	Django Reinhardt	The Ultimate Collection	Django Reinhardt	INDIFFERENT		2008.0	Album	
9Wp3qnQAHUo	Blues En Mineur	Django Reinhardt	Volume III	Django Reinhardt	INDIFFERENT		1971.0	Album	
HcPRk_MDIW0	Minor Swing	Django Reinhardt & Stefan Grappelli	Blasts from the Past Vol. 3	Various Artists	INDIFFERENT		2018.0	Album	
cGxaO_WinZ8	Send For The Doctor	Doc Pomus	The Chess Story 1947-1956	Various Artists	INDIFFERENT		1999.0	Album	
chj2DmeaHPw	Here You Come Again	Dolly Parton	Greatest Hits	Dolly Parton	INDIFFERENT		1982.0	Album	
u5L7sqT4Igo	Puppy Love	Dolly Parton	Wild Rockin' Girls 50', Vol. 10	Various Artists	INDIFFERENT		2011.0	Album	
D9Cg7z02Tls	Only One	"Don ""Red"" Roberts"	100 Happy Days Classics - '50s & Early '60s	Various Artists	INDIFFERENT		2010.0	Album	147.0
DL-HvfVwZKM	Heavy Metal (Take a Ride) [Soundtrack Version]	Don Felder	Heavy Metal Soundtrack	Various Artists	INDIFFERENT		1995.0	Album	
mZ1rVPktmFs	I Need Your Loving	Don Gardner	The Very Best of Don Gardner and Dee Dee Ford	Don Gardner	INDIFFERENT		2013.0	Album	
LRWtBfh92rs	Fanny Brown	Don Thompson	Fanny Brown	Don Thompson	INDIFFERENT		2018.0	Album	
y8WYx98341I	Warrior Sam	Don Willis	Wa-Chic-Ka-Nocka	Various Artists	INDIFFERENT		1993.0	Album	
-rrrof1TJc4	The Nightfly	Donald Fagen	The Nightfly	Donald Fagen	INDIFFERENT		1982.0	Album	
3QULneOxzwY	Now I Need You	Donna Summer	Once Upon A Time	Donna Summer	INDIFFERENT		1977.0	Album	
x2NMuycKY2k	Barabajagal	Donovan	Barabajagal	Donovan	INDIFFERENT	4.4338813	1969.0	Album	
S6Y5WP1eu-w	House Of Jansch	Donovan	Mellow Yellow	Donovan	INDIFFERENT	4.3646212	1967.0	Album	
HJFPZTg62Sc	Wear Your Love Like Heaven	Donovan	Playlist: The Very Best Of Donovan	Donovan	INDIFFERENT		2008.0	Album	
IQvZrD0FAtg	The Trip	Donovan	Sunshine Superman	Donovan	INDIFFERENT		1966.0	Album	
iPFiWE2qhzA	As Time Goes By	Dooley Wilson	When Your Lover Has Gone: Romantic Hits From World War II Era	Various Artists	INDIFFERENT		2017.0	Album	
z55yhjYYGAI	Best Girl	Dope Lemon	Honey Bones	Dope Lemon	INDIFFERENT		2016.0	Album	
eBjuPBg2yZI	The Midnight Slow	Dope Lemon	Smooth Big Cat	Dope Lemon	INDIFFERENT		2019.0	Album	
VaWF0MTeosw	A Guy Is A Guy	Doris Day	20 Golden Greats	Doris Day	INDIFFERENT		2009.0	Album	
aDm-XP6Xl0Y	Secret Love	Doris Day	Day in Hollywood	Doris Day	INDIFFERENT		1955.0	Album	
r1C69fzfGBM	Whatever Will Be, Will Be (Que Sera, Sera)	Doris Day	With A Smile And A Song	Doris Day	INDIFFERENT		1964.0	Album	
odGuqiSIGtI	Feet Start Walking	Doris Duke	I'm a Loser (Digitally Remastered)	Doris Duke	INDIFFERENT		2013.0	Album	
T3rgWBynNvs	Drive	Dornik	Dornik	Dornik	INDIFFERENT	4.6077371	2015.0	Album	
IkQDhtcH4j0	Rock Me My Baby	Dorothy Collins	Rock'n'Roll Girls Vol. 3	Various Artists	INDIFFERENT		2019.0	Album	
MRtQKkU2cq8	Misty Blue	Dorothy Moore	Misty Blue	Dorothy Moore	INDIFFERENT	4.6375246	1976.0	Album	
TlBN4zEG3LQ	My Love Is Free	Double Exposure	Salsoul Classics, Vol. 1	Various Artists	INDIFFERENT		2012.0	Album	
J37v-x-aT_w	Saturday Night Twist	Doug Clayton	Rompin' Stompin'	Various Artists	INDIFFERENT		1994.0	Album	
1YN0zvJ1QT8	Jeannie with the Dark Blue Eyes	Doug Powell	Step Out	Various Artists	INDIFFERENT		2005.0	Album	
d0NNcS5Xkb0	Mendocino	Doug Sahm	Masters Of The Last Century: Best of Doug Sahm	Doug Sahm	INDIFFERENT	4.0107527	2014.0	Album	
x4vsYjXKAtI	Kingdom Of Rust	Doves	Kingdom Of Rust	Doves	INDIFFERENT		2009.0	Album	
GTUU-qPuR4w	Sharing The Night Together	Dr. Hook	Pleasure & Pain	Dr. Hook	INDIFFERENT		1978.0	Album	
I36hTutWDwo	"The Cover of ""Rolling Stone"""	Dr. Hook & The Medicine Show	Sloppy Seconds	Dr. Hook & The Medicine Show	INDIFFERENT		1972.0	Album	
ijZUoSsnRPU	Gris-Gris Gumbo Ya Ya	Dr. John	Gris Gris	Dr. John	INDIFFERENT		1968.0	Album	
gMFsPGpNWPQ	Mama Roux	Dr. John	Gris Gris	Dr. John	INDIFFERENT		1968.0	Album	
grzL8THFlUs	Right Place Wrong Time	Dr. John	The Atco Albums Collection	Dr. John	INDIFFERENT		2017.0	Album	
oMH_5v94pow	Long Division	Drab Majesty	Modern Mirror	Drab Majesty	INDIFFERENT	4.6848483	2019.0	Album	
WQuqkVDglBI	Oxytocin	Drab Majesty	Modern Mirror	Drab Majesty	INDIFFERENT	4.7716265	2019.0	Album	
bwDee42aziU	Out of Sequence	Drab Majesty	Modern Mirror	Drab Majesty	INDIFFERENT	4.6519775	2019.0	Album	
9oprrVlXh_I	Sarawan Chhan Penh Boromei	Drakkar	Drakkar	Drakkar	INDIFFERENT		2016.0	Album	
SouEkweKBTQ	We Pray (feat. Popcaan)	Dre Island	Now I Rise	Dre Island	INDIFFERENT		2020.0	Album	
ggW1e7ntIYo	Perfectly Out Of Place	Dreams We've Had	Perfectly Out Of Place	Dreams We've Had	INDIFFERENT	4.8136702	2018.0	Single	
ynoIRDvssvY	Under Sea Disturbances	Drexciya	Harnessed the Storm	Drexciya	INDIFFERENT		2022.0	Album	
Vgm1Ao5P46s	Kick The Tragedy	Drop Nineteens	Delaware	Drop Nineteens	INDIFFERENT		1992.0	Album	
CgClQpNmkE0	Ease It Halen	Drop Nineteens	Delaware	Drop Nineteens	INDIFFERENT		1992.0	Album	
srG9hIY6Edg	Johnny, I Hardly Knew Ya	Dropkick Murphys	The Meanest Of Times	Dropkick Murphys	INDIFFERENT		2007.0	Album	
pMgHX2dhVlE	I'm Shipping Up To Boston	Dropkick Murphys	The Warrior's Code	Dropkick Murphys	INDIFFERENT		2005.0	Album	
nab3G-SA4HQ	Can You Feel Me	Dru Down	Can You Feel Me	Dru Down	INDIFFERENT		1996.0	Album	
8vfq8fXpn1E	ae	Drum & Lace	ae	Drum & Lace	INDIFFERENT		2019.0	Single	
nNyzUyEdpn8	Feel Something	DuBeats	Halfway EP	DuBeats	INDIFFERENT		2021.0	EP	
pZC82a-2eo0	Traveller	Dualizm	Traveller	Dualizm	INDIFFERENT		2022.0	Single	
ykUX-Dco9os	Three-30 Blues	Duane Eddy	Have 'Twangy' Guitar Will Travel	Duane Eddy	INDIFFERENT		1958.0	Album	
DneDQCIn9Kk	In the Hallway	Ducktails	Jersey Devil	Ducktails	INDIFFERENT	4.4347825	2017.0	Album	
BHoIk9F5FFA	Spring	Ducktails	Landscapes	Ducktails	INDIFFERENT	3.6666667	2009.0	Album	
UEQvxB_5jT8	Letter of Intent	Ducktails	The Flower Lane	Ducktails	INDIFFERENT	4.514451	2013.0	Album	
zZFHzvosWdI	Before Kiddos Bath	Dumbo Gets Mad	Quantum Leap	Dumbo Gets Mad	INDIFFERENT	4.4645667	2013.0	Album	
dEpablHH_y4	United Nations Stomp	Dumpstaphunk	Where Do We Go From Here	Dumpstaphunk	INDIFFERENT		2021.0	Album	
SdCzktvFTFY	White Water	Dustin Tebbutt	Last Line	Dustin Tebbutt	INDIFFERENT		2020.0	EP	
VIRxb7I7RrI	I Only Want To Be With You (Mono)	Dusty Springfield	20th Century Masters - The Millennium Collection: The Best of Dusty Springfield	Dusty Springfield	INDIFFERENT		1999.0	Album	
WQMeSud-jIg	Willie & Laura Mae Jones	Dusty Springfield	Dusty In Memphis [Deluxe Edition]	Dusty Springfield	INDIFFERENT		1969.0	Album	
khszoAAnNGQ	Son Of A Preacher Man (Live On The Ed Sullivan Show, November 24, 1968)	Dusty Springfield	Son Of A Preacher Man (Live On The Ed Sullivan Show, November 24, 1968)	Dusty Springfield	INDIFFERENT		2010.0	Single	
I6uiYE_xL-k	I Only Want To Be With You (Mono)	Dusty Springfield	The Very Best Of Dusty Springfield	Dusty Springfield	INDIFFERENT		1998.0	Album	
lj5zM15YJwU	Lazy	Duñe	Duñe x Crayon	Duñe	INDIFFERENT	4.6571426	2016.0	EP	
puMwbXuI97Q	Lovin' And Losin' You	Dwayne Ford	Needless Freaking	Dwayne Ford	INDIFFERENT		2012.0	Album	
lJFu8nijjMA	Sunglasses After Dark	Dwight Pullen	Sunglasses After Dark	Dwight Pullen	INDIFFERENT		2004.0	Album	
qwROXJSJ8Dk	Fantasy	DyE	Fantasy	DyE	INDIFFERENT		2011.0	Album	
S4FGS09dWGk	I Don't Want to Be a Freak (But I Can't Help Myself)	Dynasty	Dynasty: The Best of...	Dynasty	INDIFFERENT		1988.0	Album	
yUaKyUx_c7A	Here I Am	Dynasty	The Second Adventure	Dynasty	INDIFFERENT		1981.0	Album	
9tv6-f4ruN8	Tell Me When to Go (feat. Keak da Sneak)	E-40	My Ghetto Report Card	E-40	INDIFFERENT	4.6169958	2006.0	Album	
TggR0gbPsb8	Rapper's Ball (feat. Too $hort & K-Ci)	E-40	Tha Hall Of Game	E-40	INDIFFERENT	4.733037	1996.0	Album	
OpuekHoLOMM	Million Dollar Spot (feat. 2Pac & B-Legit)	E-40	Tha Hall Of Game	E-40	INDIFFERENT	4.6857867	1996.0	Album	
-4ZMlaMakZw	So Wat Cha Sayin'	EPMD	Best Of	EPMD	INDIFFERENT	4.3321366	2014.0	Album	
Oyzc4-SNZSM	At Heart	ERAAS	ERAAS	ERAAS	INDIFFERENT	4.0769229	2012.0	Album	
YWkkZcQcb5Q	I Can't Tell You Why	Eagles	Legacy	Eagles	INDIFFERENT		2018.0	Album	296.0
SXm8RsyInHQ	In the City	Eagles	The Very Best Of Eagles	Eagles	INDIFFERENT		2003.0	Album	
KkCQDo47Dpk	I Can't Tell You Why	Eagles	Their Greatest Hits, Volumes 1 & 2	Eagles	INDIFFERENT				
YVpiCGltvVI	Be-Bop-Blues	Earl Epps	Hep Cat Rockabilly	Various Artists	INDIFFERENT		2008.0	Album	
wrmHapuVIxk	This World Today	Earth Wind & Fire	Earth, Wind & Fire	Earth, Wind & Fire	INDIFFERENT		1971.0	Album	
RzjfWSjNWGE	Keep Your Head to the Sky	Earth, Wind & Fire	Playlist: A Musical Journey Through Black Music	Various Artists	INDIFFERENT		2012.0	Album	
b9qhI9a4bZI	Earth, Wind & Fire	Earth, Wind & Fire	Spirit	Earth, Wind & Fire	INDIFFERENT		1976.0	Album	
Xa6xLDlFn6M	I'd Rathe Be Burned As a Witch	Eartha Kitt	Bad But Beautiful	Eartha Kitt	INDIFFERENT		2011.0	Album	
g81O70Lo4Dw	Thursday's Child	Eartha Kitt	Thursday's Child	Eartha Kitt	INDIFFERENT		2009.0	Album	
ZFpAmIYJvy0	Renaissance	Eastern Odyssey	Crusade	Eastern Odyssey	INDIFFERENT		2018.0	Single	184.0
Fc-PuHmzQb0	Renaissance	Eastern Odyssey	Crusade	Eastern Odyssey	INDIFFERENT		2018.0	Single	
0EH24XbYU-Q	Thinking of the USA	Eater	1977: The Year Punk Broke	Various Artists	INDIFFERENT		2019.0	Album	
LADZAGwBxOs	Thinking of the USA	Eater	The Complete Eater	Eater	INDIFFERENT		1993.0	Album	182.0
LQAkM-j1xX4	Mogofindeou-Sopeunte (Get Together)	Eboni Band	Eboni Band	Eboni Band	INDIFFERENT		2021.0	Album	
2hiag2iCEEk	Bedbugs and Ballyhoo	Echo And The Bunnymen	Echo & The Bunnymen	Echo & the Bunnymen	INDIFFERENT		1987.0	Album	
Q2M8hLZ2ESs	Lips Like Sugar	Echo And The Bunnymen	Echo & The Bunnymen	Echo & the Bunnymen	INDIFFERENT	4.6150274	1987.0	Album	
7J51vQ0KLBg	Seven Seas	Echo And The Bunnymen	Ocean Rain	Echo And The Bunnymen	INDIFFERENT		1984.0	Album	
eSfGEaxSdEQ	My White Devil	Echo And The Bunnymen	Porcupine (Expanded) [2004 Remaster]	Echo And The Bunnymen	INDIFFERENT		1983.0	Album	
ozxFQbGICik	Kookie Kookie (Lend Me Your Comb)	Edd 'Kookie' Byrnes	Gems From 1957-1962, Vol. 6	Various Artists	INDIFFERENT		2014.0	Album	
sRaa9loXllY	Twenty Flight Rock	Eddie Cochran	Deluxe: Greatest Hits - Eddie Cochran	Eddie Cochran	INDIFFERENT		2012.0	Album	
Hi36ukbbTbw	Somethin’ Else	Eddie Cochran	Deluxe: Greatest Hits - Eddie Cochran	Eddie Cochran	INDIFFERENT		2012.0	Album	
6Ek867N4mjA	Twenty Flight Rock	Eddie Cochran	Elvis Presley, Little Richard, Buddy Holly… 100 Hits 50'	Various Artists	INDIFFERENT		2011.0	Album	102.0
1WliV83gaA8	Twenty Flight Rock	Eddie Cochran	Great Hits of 1956, Vol. 3	Various Artists	INDIFFERENT		2016.0	Album	
AlmRBpWVUDk	Summertimes Blues (Live1959)	Eddie Cochran	History - 100 Masterpieces	Eddie Cochran	INDIFFERENT		2011.0	Album	
rPR-eJloB4s	Milk Cow Blues	Eddie Cochran	One Minute to One with Eddie Cochran & Friends, Vol. 2	Various Artists	INDIFFERENT		2019.0	Album	
cGcYjUj_dFE	C'mon Everybody (Mono)	Eddie Cochran	Portait of a Legend	Eddie Cochran	INDIFFERENT		2019.0	Album	
VZYR5Xve7aw	Summertime Blues	Eddie Cochran	The Best Of Eddie Cochran	Eddie Cochran	INDIFFERENT		1996.0	Album	
PAr4GItDmeI	Summertime Blues	Eddie Cochran	Twenty Flight Rock	Eddie Cochran	INDIFFERENT		2011.0	Album	
Oy-JLPpNte4	I Need You Now (2001 Remastered)	Eddie Fisher	Greatest Hits	Eddie Fisher	INDIFFERENT		2001.0	Album	
aP9ogpQpbRQ	On A Saturday Night	Eddie Floyd	Rare Stamps	Eddie Floyd	INDIFFERENT		1968.0	Album	
a9_spFcZkR4	Canadian Sunset (Single Version)	Eddie Heywood	Canadian Sunset (Expanded Edition)	Eddie Heywood	INDIFFERENT		1958.0	Album	
cQoSXjqZtXY	Boogie Down (Single Version)	Eddie Kendricks	Hitsville USA, The Motown Collection 1972-1992	Various Artists	INDIFFERENT		1993.0	Album	
nlHHwrBtW_M	Day By Day	Eddie Kendricks	People... Hold On	Eddie Kendricks	INDIFFERENT		1972.0	Album	
lRpHw4XthlA	Girl You Need A Change Of Mind	Eddie Kendricks	People... Hold On	Eddie Kendricks	INDIFFERENT		1972.0	Album	
L-AkCwEa6LM	Suspicions (2008 Version)	Eddie Rabbitt	Loveline	Eddie Rabbitt	INDIFFERENT		1979.0	Album	
HFwsONQdthI	Love Grows (Where My Rosemary Goes)	Edison Lighthouse	Love Grows (Where My Rosemary Goes) & Other Gems	Edison Lighthouse	INDIFFERENT		1970.0	Album	
Ep6ExyiAzWs	Padam padam	Edith Piaf	Éternelle	Edith Piaf	INDIFFERENT		1991.0	Album	
cpH3ux3Cg8s	Child	Edward Sharpe & The Magnetic Zeros	Here	Edward Sharpe & The Magnetic Zeros	INDIFFERENT		2012.0	Album	
0WTkaSBUryk	Do You Remember	Eek-A-Mouse	Skidip	Eek-A-Mouse	INDIFFERENT		1982.0	Album	
lkNC1f2shQg	Fresh Blood	Eels	Hombre Lobo	Eels	INDIFFERENT		2009.0	Album	
EqxP2uqr-0Q	Sud e magia (Tappeto aerofoni)	Egisto Macchi	Sud e magia	Egisto Macchi	INDIFFERENT		2020.0	Album	
m24eLEjH1QQ	Sud e magia (Tappeto aerofoni)	Egisto Macchi	Sud e magia	Egisto Macchi	INDIFFERENT		1977.0	Album	347.0
NubAIUYg01M	No Worries	Ehrling	No Worries	Ehrling	INDIFFERENT		2016.0	Single	
lB7oskM1uus	C.R.E.A.M.	El Michels Affair	Fallin' Off the Reel	Various Artists	INDIFFERENT		2006.0	Album	
W8mjm-5tup4	Detroit Twice	El Michels Affair	Sounding Out the City	El Michels Affair	INDIFFERENT	4.8461537	2005.0	Album	
zQ-c66Qe5yY	Lost Sight	Elaquent	Bedtime Stories II	Elaquent	INDIFFERENT		2021.0	EP	
b7I2sNJsh9o	Dutch Canadian	Elaquent	Oldies	Elaquent	INDIFFERENT	4.4954953	2011.0	Album	
xda2RU_SWNY	I'm Alive	Electric Light Orchestra	Xanadu	Various Artists	INDIFFERENT		1980.0	Album	
Rn3JXKMsXgk	Setting Sun	Elephant Stone	Elephant Stone	Elephant Stone	INDIFFERENT		2013.0	Album	
WnqdS1827cM	Wings of Light	Elf Power	The Winter Is Coming	Elf Power	INDIFFERENT	4.0	2000.0	Album	
odEojdi88TA	Wings of Light	Elf Power	The Winter Is Coming	Elf Power	INDIFFERENT	5.0	2000.0	Album	
eXlhgEdOvQs	Surgery	Elf Power	Vainly Clutching at Phantom Limbs	Elf Power	INDIFFERENT	0.0	1995.0	Album	
f9G-J2Jwwv4	Step Through the Portal	Elf Power	When the Red King Comes	Elf Power	INDIFFERENT	4.4146342	1997.0	Album	
l7bVJcKnx70	The Arrow Flies Close	Elf Power	When the Red King Comes	Elf Power	INDIFFERENT	5.0	1997.0	Album	
Xv6bxrZbCFw	Summary Of All My Dreams	Elisa Waut	Elisa Waut	Elisa Waut	INDIFFERENT		1982.0	Album	
pud5nb37fVs	Let's Do It (Let's Fall In Love)	Ella Fitzgerald	Ella And Louis Again	Ella Fitzgerald	INDIFFERENT	4.6168222	1957.0	Album	
lGfeCe0DHtI	Cheek To Cheek	Ella Fitzgerald	Ella and Louis	Ella Fitzgerald	INDIFFERENT		1956.0	Album	
J5HYiOccpJo	Let's Do It (Let's Fall in Love)	Ella Fitzgerald	Ella and Louis Again	Ella Fitzgerald	INDIFFERENT		2011.0	Album	522.0
SAa4teWb0rU	Blue Skies	Ella Fitzgerald	Get Happy! (Expanded Edition)	Ella Fitzgerald	INDIFFERENT		1959.0	Album	
0_Ub48lF9CM	Cheek to Cheek	Ella Fitzgerald	Unforgettable Jazz - 25 Greatest Hits	Various Artists	INDIFFERENT		2016.0	Album	
B5eLyA1Wt8c	Rollin And Tumblin	Elmore James	Dust My Broom	Elmore James	INDIFFERENT		1992.0	Album	
czFfao5oc8w	(I) Done Somebody Wrong	Elmore James	Red Hot Blues (Digitally Remastered)	Elmore James	INDIFFERENT	4.181818	1983.0	Album	
RYwJ2NM36Gk	Rock-n-Bones	Elroy Dietzel	I Still Hate CD's: Norton Records 45 RPM Singles Collection, Vol. 2	Various Artists	INDIFFERENT		2009.0	Album	
AhnZEmnuzgM	Saturday Night's Alright For Fighting	Elton John	Goodbye Yellow Brick Road	Elton John	INDIFFERENT	4.5016584	1973.0	Album	
sOF6_kHBkyg	Philadelphia Freedom	Elton John	Goodbye Yellow Brick Road (40th Anniversary Celebration / Super Deluxe)	Elton John	INDIFFERENT		1973.0	Album	
bZnFi_5tcDk	Crocodile Rock (Live)	Elton John	One Night Only (The Greatest Hits)	Elton John	INDIFFERENT		2000.0	Album	253.0
wb2B966IOfM	My Father's Gun	Elton John	Tumbleweed Connection	Elton John	INDIFFERENT		1970.0	Album	380.0
WZJAonsxf4Q	Dad Gum Ya Hide, Boy	Elvin Bishop Group	The Elvin Bishop Group (Expanded Edition)	Elvin Bishop Group	INDIFFERENT		2016.0	Album	
f2Gr6j3Tdh0	Honey Hush	Elvis Costello 	Almost Blue	Elvis Costello	INDIFFERENT		1981.0	Album	
yQcvZOJeiAY	Why Don't You Love Me (Like You Used To Do)?	Elvis Costello 	Almost Blue	Elvis Costello	INDIFFERENT		1981.0	Album	
HWmLhhjzoLA	Accidents Will Happen	Elvis Costello & The Attractions	Armed Forces	Elvis Costello & The Attractions	INDIFFERENT		1979.0	Album	
KabskY4osBw	Pump It Up (2021 Remaster)	Elvis Costello & The Attractions	This Year's Model (2021 Remaster)	Elvis Costello & The Attractions	INDIFFERENT		1978.0	Album	
F-H-RfS3vSw	Heartbreak Hotel (Second 'Sit-Down' Show - Live)	Elvis Presley	'68 Comeback Special (50th Anniversary Edition)	Elvis Presley	INDIFFERENT		2018.0	Album	
blmeWAWjlyk	Wear My Ring Around Your Neck	Elvis Presley	50,000,000 Elvis Fans Can't Be Wrong: Elvis' Gold Records, Vol. 2	Elvis Presley	INDIFFERENT		1959.0	Album	
w_Pe_WA5mqk	Milkcow Blues Boogie	Elvis Presley	A Date With Elvis	Elvis Presley	INDIFFERENT		1959.0	Album	
4cJO4h-Cq2U	Can't Help Falling in Love (Live at The Honolulu International Center, Hawaii January 14, 1973)	Elvis Presley	Aloha from Hawaii via Satellite (Legacy Edition)	Elvis Presley	INDIFFERENT		1973.0	Album	
1w4VEc92Y_4	Burning Love	Elvis Presley	Elv1s: 30 #1 Hits	Elvis Presley	INDIFFERENT		2002.0	Album	177.0
gR8auJHdex8	Paralyzed	Elvis Presley	Elvis	Elvis Presley	INDIFFERENT		1956.0	Album	
avk8-YRq_e8	Such a Night	Elvis Presley	Elvis Is Back	Elvis Presley	INDIFFERENT		1960.0	Album	
aCOURapuB6Q	Kentucky Rain	Elvis Presley	From Elvis in Memphis	Elvis Presley	INDIFFERENT		1969.0	Album	
EUvbgY79wuA	(Let Me Be Your) Teddy Bear	Elvis Presley	Loving You	Elvis Presley	INDIFFERENT		1957.0	Album	
k7dboPDLLNs	Milkcow Blues Boogie	Elvis Presley	Sunrise	Elvis Presley	INDIFFERENT		1999.0	Album	
AMdKnZiwixk	Valhalla	Emancipator	Dusk to Dawn	Emancipator	INDIFFERENT	4.5022221	2013.0	Album	
rDcj4G1N6Co	Sunny Bliss	Emapea	Sunny Bliss	Emapea	INDIFFERENT		2022.0	Single	136.0
tUrtp6RN6wQ	Kurdistan	Embryo	Embryo's Reise	Embryo	INDIFFERENT	4.536232	1979.0	Album	
OAmEgXmhY9Y	Wajang Woman	Embryo	Nappy Music Man: Soul-Pop-Disco-Funk-Calypso-Crossover from Trinidad 1975-1981	Various Artists	INDIFFERENT		2015.0	Album	
eva7qTcZJjo	Pictures At An Exhibition	Emerson, Lake & Palmer	A Time And A Place	Emerson, Lake & Palmer	INDIFFERENT		2010.0	Album	940.0
PhNtKdrlmhY	Karn Evil 9 1st Impression, Pt. 2 (Alternate Version)	Emerson, Lake & Palmer	Brain Salad Surgery	Emerson, Lake & Palmer	INDIFFERENT		2014.0	Album	
s6InlBsym3g	Bananeira	Emilio Santiago	Emilio Santiago	Emilio Santiago	INDIFFERENT		1975.0	Album	
AAtBp2AFIuE	Miracle	Eminus	Miracle	Eminus	INDIFFERENT		2019.0	Single	
axDZW09BTTo	The Good Book	Emmylou Harris	The Inner Flame (A Tribute to Rainer Ptacek)	Various Artists	INDIFFERENT		2012.0	Album	
hYFvfhyE6iE	The Good Book	Emmylou Harris	The Inner Flame: A Tribute to Rainer Ptacek	Various Artists	INDIFFERENT		2012.0	Album	241.0
xA0ShPtnjXU	It's You That I Need	Enchantment	Sunshine (The Enchantment Anthology 1975-1984)	Enchantment	INDIFFERENT		1975.0	Album	
nFrhKthPTyU	Endangered Species	Endangered Species	The Endangered Species	Endangered Species	INDIFFERENT		2017.0	Album	267.0
hkqsJIQFKNc	The Last Waltz	Engelbert Humperdinck	The Last Waltz	Engelbert Humperdinck	INDIFFERENT		1967.0	Album	
aTqyIeYw5nI	Bear Catching Fish	Engine Kid	Bear Catching Fish	Engine Kid	INDIFFERENT		1993.0	Album	
p0up6SSxujo	Dowdy Ferry Road	England Dan & John Ford Coley	Dowdy Ferry Road	England Dan & John Ford Coley	INDIFFERENT		1977.0	Album	
TcZVdi-1zds	Moisture	Eprom	Halflife	Eprom	INDIFFERENT	5.0	2013.0	Album	
wh8X82ON4Io	Baby Come Back	Equals	Oh Julie	Various Artist	INDIFFERENT		2021.0	Album	
XwjyHyr5cxk	Chattanooga Choo Choo	Ernie Fields Orchestra	Rock'n'Roll (Boogie Rock)	Various Artists	INDIFFERENT		2019.0	Album	
U9UwswusDQc	Raunchy	Ernie Freeman	Lost Hits Of The 50's	Various Artists	INDIFFERENT		2012.0	Album	
L--v9ols1vg	Shout Shout (Knock Yourself Out)	Ernie Maresca	Shout! Shout! (Knock Yourself Out)	Ernie Maresca	INDIFFERENT		1993.0	Album	
m9oGF1vJAxs	Cocaine Blues	Escort	Cocaine Blues	Escort	INDIFFERENT		2010.0	Single	
RnUtvZR8f5k	Cocaine Blues	Escort	Escort	Escort	INDIFFERENT		2012.0	Album	
jQgJh7Ohn2w	Josephine	Escort	Josephine	Escort	INDIFFERENT		2018.0	Single	
sloDU7XfnTU	Everything I Am	Ethereal	Everything I Am	Ethereal	INDIFFERENT		2021.0	Single	222.0
Y_ewqq4mcHo	Histoire de graine	Etron Fou Leloublan	Batelages	Etron Fou Leloublan	INDIFFERENT		1976.0	EP	
pejfmfRWBWs	The Wallflower (AKA Roll With Me Henry) (Single Version)	Etta James	Classic Masters	Etta James	INDIFFERENT		2003.0	Album	
TPQRyzvobP8	Unspoken Dreams of Light	Eugene McDaniels	Outlaw	Eugene McDaniels	INDIFFERENT		2005.0	Album	
dhPnqHwb1Ek	Here Comes the Rain Again (Remastered Version)	Eurythmics	Touch (Reissue - Deluxe Edition)	Eurythmics	INDIFFERENT	4.5552607	1983.0	Album	
pdP9aGpiZ5w	On The Roof Again	Eve 6	Horrorscope	Eve 6	INDIFFERENT		1999.0	Album	
WzNyzAeIXK4	Summerland	Everclear	Sparkle And Fade	Everclear	INDIFFERENT		1995.0	Album	
SU8f8HtsYUI	Heroin Girl	Everclear	Sparkle And Fade	Everclear	INDIFFERENT		1995.0	Album	
YzzD_81GvkM	Wake Up Little Susie	Everly Brothers	D I V O R C E	Various Artist	INDIFFERENT		2021.0	Album	
0am_BfODDvc	Lost In This Moment	Evil Needle	Chillhop Essentials Summer 2022	Chillhop Music	INDIFFERENT		2022.0	Album	
7LZIEUxH9Ro	Transcend	Evil Needle	Chillhop Essentials Winter 2021	Chillhop Music	INDIFFERENT		2021.0	Album	
fjLF0CsaxNg	Kiss You All Over	Exile	Kiss You All Over	Exile	INDIFFERENT		2009.0	Album	
RXT5OvdtTT0	Kiss You All Over	Exile	Mixed Emotions	Exile	INDIFFERENT		1978.0	Album	297.0
5y7xC6bG2R8	The Sea	Exitmusic	From Silence	Exitmusic	INDIFFERENT	4.0292888	2011.0	EP	
AjUOUt7cfBY	How's That	FKA twigs	EP2	FKA twigs	INDIFFERENT	3.7833002	2013.0	EP	
tDoseU9PT6w	Tui	FKJ	.Wave, Vol. 2	Various Artists	INDIFFERENT	4.6923075	2018.0	Album	
iLWR9ZlMyZg	Skyline	FKJ	French Kiwi Juice	FKJ	INDIFFERENT	4.5541234	2017.0	Album	
ieXSGX3udHw	TUI	FKJ	TUI	FKJ	INDIFFERENT		2018.0	Single	110.0
VILtUYsW-9I	Misdemeanor	FOSTER SYLVERS	Foster Sylvers	FOSTER SYLVERS	INDIFFERENT		1973.0	Album	
XRSLqT49DX4	CRAZY DREAM	FRICTION	PASS NO PAST～EP＆シングルズ	V.A.	INDIFFERENT		2005.0	EP	
znb4MIahD3U	Take Me	Fabulous Souls	LAMP Records - It Glowed Like the Sun: The Story of Naptown's Motown 1969-1972		INDIFFERENT				
K8n_lKuIpK0	Midlife Crisis	Faith No More	Angel Dust	Faith No More	INDIFFERENT		1992.0	Album	
-t7AdYMkM0A	Landshark	Fang	Landshark / Where the Wild Things Are	Fang	INDIFFERENT		1982.0	Album	
CnkFFbLp2xk	A Dream of You	Far Caspian	A Dream of You	Far Caspian	INDIFFERENT		2019.0	Single	
mHTnpLAhV7M	Finding My Way Home	Far Caspian	Between Days	Far Caspian	INDIFFERENT	4.8504744	2018.0	EP	
V5wbgEXf0i8	Where There's a Whip There's a Way	Faster Pussycat	Wake Me When It's Over	Faster Pussycat	INDIFFERENT		1989.0	Album	
VlYKXTPILCk	My Lifestyle	Fat Joe	Jealous Ones Still Envy (J.O.S.E)	Fat Joe	INDIFFERENT		2001.0	Album	207.0
nG-SpZmTLeo	Traffic Stoppers	Fat Larry's Band	Breakin' Out	Fat Larry's Band	INDIFFERENT		1982.0	Album	
aIYVWKOWDfw	Things You Do	Fat Night	Things You Do	Fat Night	INDIFFERENT		2013.0	Single	
pQcdeogWqps	I Believe In Something Better	Fat White Family	Serfs Up!	Fat White Family	INDIFFERENT		2019.0	Album	
FWQcxwwMwBA	I'm Walkin'	Fats Domino	Golden Age of Rock 'n' Roll (Volume 1)	Fats Domino	INDIFFERENT		2021.0	Album	
OjFVmPkGGAM	South of the Border	Fats Domino	Rock Masters - 250 Original Greatest Hits	Various Artists	INDIFFERENT		2011.0	Album	
NbqSbTRCBl4	I'm Walkin'	Fats Domino	The Fats Domino Jukebox: 20 Greatest Hits The Way You Originally Heard Them	Fats Domino	INDIFFERENT		2002.0	Album	
inV69OghZ18	Kansas City	Fats Domino	The First King of Rock and Roll Volume 1	Fats Domino	INDIFFERENT		1963.0	Album	
oUBMO4n_0UY	Slow Boat to China	Fats Domino	The First King of Rock and Roll Volume 1	Fats Domino	INDIFFERENT		1963.0	Album	
sC0EUxXJl2k	Kansas City	Fats Domino	This is Gold, Volume 1	Fats Domino	INDIFFERENT		2009.0	Album	
mR56DXA_Cg0	(Feels Like) Heaven	Fiction Factory	Feels Like Heaven (The Best)	Fiction Factory	INDIFFERENT		2013.0	Album	
TaEfvhcJgvM	Mediterasian	Filippo Dall'asta	Mediterasian	Filippo Dall'asta	INDIFFERENT		2018.0	Single	
aH6xJmJKr_k	Sweet Dreams (Live In Chicago)	Fitz and The Tantrums	Live In Chicago	Fitz and The Tantrums	INDIFFERENT		2020.0	Album	
IrxxTvkcAA4	Moneygrabber	Fitz and the Tantrums	Pickin' up the Pieces	Fitz and the Tantrums	INDIFFERENT		2010.0	Album	
Nyr0EWSF8kM	Still Of The Night	Five Satins	Original Solid Gold Hits Volume 1	Various Artists	INDIFFERENT		2005.0	Album	
YkY04v5YNW8	Teenage Head	Flamin' Groovies	Teenage Head	Flamin' Groovies	INDIFFERENT	4.444068	1971.0	Album	
YY-jVXG9JqY	Gnu Song	Flanders & Swann	The Best Of Comedy & Music	Flanders & Swann	INDIFFERENT		2011.0	Album	
oMhjrj7wlSg	Small Beginnings	Flash	Flash	Flash	INDIFFERENT		1972.0	EP	
KOVyBhVsOV0	Sara	Fleetwood Mac	Greatest Hits	Fleetwood Mac	INDIFFERENT		1988.0	Album	
KeLY7sP345k	Go Your Own Way (Live 1980, Cleveland, OH)	Fleetwood Mac	Live	Fleetwood Mac	INDIFFERENT		1980.0	Album	
yaGFwKIJR7c	Hold Me	Fleetwood Mac	Mirage	Fleetwood Mac	INDIFFERENT		1982.0	Album	
e52xfRzUCpU	Smile at You (Outtake)	Fleetwood Mac	Mirage (Deluxe Edition)	Fleetwood Mac	INDIFFERENT		2016.0	Album	
SLlYUlS_Awo	Second Hand News (2004 Remaster)	Fleetwood Mac	Rumours	Fleetwood Mac	INDIFFERENT		1977.0	Album	177.0
abticFBnddk	Oh Daddy (2004 Remaster)	Fleetwood Mac	Rumours	Fleetwood Mac	INDIFFERENT		1977.0	Album	237.0
bLfcwDZ5GzQ	Second Hand News (2004 Remaster)	Fleetwood Mac	Rumours (Deluxe)	Fleetwood Mac	INDIFFERENT	4.6137719	1977.0	Album	
kVE4aOUX2iM	Silver Springs (2004 Remaster)	Fleetwood Mac	Rumours (Deluxe)	Fleetwood Mac	INDIFFERENT	4.7074084	1977.0	Album	
zLAXk8KSxsU	Oh Daddy (2004 Remaster)	Fleetwood Mac	Rumours (Deluxe)	Fleetwood Mac	INDIFFERENT	4.6224937	1977.0	Album	
tqOLTlZ_CcM	Silver Springs (2004 Remaster)	Fleetwood Mac	Rumours (Super Deluxe)	Fleetwood Mac	INDIFFERENT		1977.0	Album	289.0
ScSsOA4UVr8	Sara (2002 Remaster)	Fleetwood Mac	The Very Best Of Fleetwood Mac	Fleetwood Mac	INDIFFERENT		2002.0	Album	
AdY93EljQ1I	Foreign Language (Flight Facilities Extended Mix) (feat. Jess)	Flight Facilities	Foreign Language (Remixes)	Flight Facilities	INDIFFERENT		2011.0	Single	
5R-PfDNsoT8	Way Of The World	Flipper	Album - Generic Flipper	Flipper	INDIFFERENT		1981.0	Album	
IQu_pFOzZ50	Dying Punch (Dub Version)	Floating Action	Floating Version	Floating Action	INDIFFERENT		2023.0	EP	198.0
QpHMp_thBoE	K&G Beat	Floating Points	J&W Beat	Floating Points	INDIFFERENT		2009.0	Single	
PA5Ym2bcnTY	Happy Together	Floor Cry	Covers	Floor Cry	INDIFFERENT		2018.0	Single	
2Kcy3eIubG0	Cosmic Love	Florence + The Machine	Lungs (10th Anniversary Edition)	Florence + The Machine	INDIFFERENT		2009.0	Album	
Bv7kaJ1WWMs	Cosmic Love	Florence + The Machine	Lungs (Digital Deluxe Version)	Florence + The Machine	INDIFFERENT		2009.0	Album	
M5qYBhacTLo	Satori Part I	Flower Travellin' Band	Satori	Flower Travellin' Band	INDIFFERENT		1971.0	Album	
h2NKR1xt8pU	Icehouse	Flowers	Icehouse (30th Anniversary Edition)	Flowers	INDIFFERENT		1982.0	Album	
apy6d_coAFY	Long Road To Ruin	Foo Fighters	Echoes, Silence, Patience & Grace	Foo Fighters	INDIFFERENT		2007.0	Album	
yu25wba5Eyg	I'll Stick Around	Foo Fighters	Foo Fighters	Foo Fighters	INDIFFERENT		1995.0	Album	
gJgJSizbH2g	Weenie Beenie	Foo Fighters	Foo Fighters	Foo Fighters	INDIFFERENT		1995.0	Album	
xt7pS769Ay0	Waiting On A War	Foo Fighters	Medicine At Midnight	Foo Fighters	INDIFFERENT		2021.0	Album	
IipJAYA1p4I	New Way Home	Foo Fighters	The Colour And The Shape	Foo Fighters	INDIFFERENT	4.403419	1997.0	Album	
2Psg8CaJkUQ	Aurora	Foo Fighters	There Is Nothing Left To Lose	Foo Fighters	INDIFFERENT		1999.0	Album	
rNo5LkUnNEs	Underwater Girl	For Tracy Hyde	he(r)art	For Tracy Hyde	INDIFFERENT		2017.0	Album	
RIdfPBmUAXc	Waiting for a Girl like You	Foreigner	4 (Expanded)	Foreigner	INDIFFERENT		1981.0	Album	290.0
ShHoIRaa0lw	Feels like the First Time	Foreigner	Foreigner (Expanded)	Foreigner	INDIFFERENT		1977.0	Album	193.0
BxxZUgiH-oo	Waiting for a Girl Like You	Foreigner	Records	Foreigner	INDIFFERENT		1982.0	Album	
8tMKanAqkbc	Sit Next to Me	Foster The People	Sacred Hearts Club	Foster The People	INDIFFERENT		2017.0	Album	
JoylmpPkEB0	Reach Out I'll Be There	Four Tops	20th Century Masters - The Millennium Collection: The Best Of The Four Tops	Four Tops	INDIFFERENT		1999.0	Album	
Y9l4MGwpQS0	Bernadette	Four Tops	20th Century Masters - The Millennium Collection: The Best Of The Four Tops	Four Tops	INDIFFERENT		1999.0	Album	185.0
oZLG9MV5GvQ	It's The Same Old Song	Four Tops	Four Tops Second Album	Four Tops	INDIFFERENT	4.7157207	2016.0	Album	
CoZayIuTrf4	Reach Out I'll Be There (Single Version / Mono)	Four Tops	Hitsville USA - The Motown Singles Collection 1959-1971	Various Artists	INDIFFERENT		1992.0	Album	
MHOly1URJjw	It's The Same Old Song (Single Version / Mono)	Four Tops	More Songs From The Original Soundtrack Of The Big Chill 15th Anniversary	Various Artists	INDIFFERENT		1984.0	Album	
AUZ3INx3-KA	Reach Out I'll Be There	Four Tops	Reach Out	Four Tops	INDIFFERENT	4.650764	1967.0	Album	
vQ4eRsEjIFY	Bernadette	Four Tops	Reach Out	Four Tops	INDIFFERENT		1967.0	Album	
1v4twH9KbnU	Reach Out I'll Be There (Single Version / Mono)	Four Tops	The Ultimate Collection: Four Tops	Four Tops	INDIFFERENT		1997.0	Album	
3AKj2W4e-BQ	Can't Seem To Get You Out Of My Mind	Four Tops	Yesterday's Dreams	Four Tops	INDIFFERENT		1968.0	Album	
Z8oTvIaWH7s	Poupée de cire, poupée de son	France Gall	Mes Débuts	France Gall	INDIFFERENT		2019.0	Album	
zQTlrC6FUlQ	Fever	Frances Faye	Caught In The Act (2 Albums on 1 CD)	Frances Faye	INDIFFERENT		1958.0	Album	
AuwukTd8Tzo	All My Ghosts	Frank Black And The Catholics	Frank Black & The Catholics	Frank Black & the Catholics	INDIFFERENT		1998.0	Album	
1Dv-Bs56hDM	How Long Has This Been Going On	Frank Rosolino Quintet	Frank Rosolino Quintet	Frank Rosolino Quintet	INDIFFERENT	4.3702126	1995.0	Album	
hWG6p92LIk0	Together	Frank Sinatra	All Alone	Frank Sinatra	INDIFFERENT		1962.0	Album	
i6AQpAn7luU	In The Wee Small Hours Of The Morning (Remastered 1998)	Frank Sinatra	Classic Sinatra - His Great Performances 1953-1960	Frank Sinatra	INDIFFERENT		2000.0	Album	
j7Jfs9MY0hg	In The Wee Small Hours Of The Morning (Remastered 1998)	Frank Sinatra	In The Wee Small Hours	Frank Sinatra	INDIFFERENT		1955.0	Album	181.0
TeDfgUvyKHk	It Was A Very Good Year (Remastered 2008)	Frank Sinatra	Nothing But The Best	Frank Sinatra	INDIFFERENT		2008.0	Album	
YFham2Xu6nA	The Way You Look Tonight (Remastered 2008)	Frank Sinatra	Nothing But The Best	Frank Sinatra	INDIFFERENT		2008.0	Album	
FebPXqfHjHw	Wave	Frank Sinatra	Sinatra & Company	Frank Sinatra	INDIFFERENT	4.7726002	1971.0	Album	
J1oj7Z1IN8A	I've Got You Under My Skin	Frank Sinatra	Sinatra's Sinatra	Frank Sinatra	INDIFFERENT		1963.0	Album	
fjKp0G3dOK0	Pennies from Heaven	Frank Sinatra	Songs for Swingin' Lovers!	Frank Sinatra	INDIFFERENT		1956.0	Album	
8XuL5xSVL7s	You Make Me Feel so Young	Frank Sinatra	Songs for Swingin' Lovers!	Frank Sinatra	INDIFFERENT		1956.0	Album	
BTOeRwIUnG0	Strangers In The Night	Frank Sinatra	Strangers In The Night (Expanded Edition)	Frank Sinatra	INDIFFERENT		1966.0	Album	
nqISqqbMhls	Summer Wind	Frank Sinatra	Strangers In The Night (Expanded Edition)	Frank Sinatra	INDIFFERENT	4.6480284	1966.0	Album	
SoAQg9hVy9o	Cherry Pies Ought to Be You	Frank Sinatra	The Columbia Years (1943-1952): The Complete Recordings: Volume 11	Frank Sinatra	INDIFFERENT		1993.0	Album	
gpeiuVL5hLs	Love And Marriage	Frank Sinatra	Ultimate Sinatra	Frank Sinatra	INDIFFERENT		2015.0	Album	
LWXUdqvVO8Y	Somethin' Stupid	Frank Sinatra & Nancy Sinatra	The World We Knew	Frank Sinatra	INDIFFERENT		1967.0	Album	
684barVZEg4	Dede Dinah	Frankie Avalon	Greatest Hits	Frankie Avalon	INDIFFERENT		1960.0	Album	
ZLIZGqCZjVE	Apathy	Frankie Cosmos	Vessel	Frankie Cosmos	INDIFFERENT	4.4693875	2018.0	Album	
-4UDn2owJQE	Sea Cruise	Frankie Ford	For the Love of Doo Wop, Vol. 3	Various Artists	INDIFFERENT		2016.0	Album	
0N0UekNR-FY	Sea Cruise	Frankie Ford	Louisiana & The Old New Orleans Sound	Various Artists	INDIFFERENT		2012.0	Album	
PQaisBIv6ng	Sea Cruise	Frankie Ford	Pop & Doo Wop One Hit Wonders	Various Artists	INDIFFERENT		2015.0	Album	
EJg3hOJSBnk	I Believe	Frankie Laine	Command Performance	Frankie Laine	INDIFFERENT		1955.0	Album	
4lkTe_0hIJ0	Tell Me a Story (Single Version)	Frankie Laine	The Essential Frankie Laine	Frankie Laine	INDIFFERENT		2014.0	Album	
oZTBNzNkTpw	Moonlight Gambler	Frankie Laine	The Very Best of Frankie Laine	Frankie Laine	INDIFFERENT		1977.0	Album	
t5NML9XwT_s	Why Do Fools Fall In Love	Frankie Lymon	Modern Art of Music: Wedding Album	Various Artists	INDIFFERENT		2012.0	Album	
Wb27div_K4k	Why Do Fools Fall in Love	Frankie Lymon	The Abc's of Love	Frankie Lymon	INDIFFERENT		2013.0	Album	
bL_WVdYfVgo	The Abc's of Love	Frankie Lymon	The Abc's of Love	Frankie Lymon	INDIFFERENT		2013.0	Album	
3e_qZCOaw3A	I 'm Not A Juvinile Delinquent	Frankie Lymon	The Summer Of '57	Various Artists	INDIFFERENT		2008.0	Album	
9fUG1LGE2pM	Why Do Fools Fall In Love	Frankie Lymon & The Teenagers	Rock'n'Roll & Jukebox Hits - 60 Originals From The 50s	Various Artists	INDIFFERENT		2012.0	Album	
KqX6r3KPEGY	I'm Not A Juvenile Delinquent	Frankie Lymon & The Teenagers	Rock, Rock, Rock	Various Artists	INDIFFERENT		1956.0	Album	
RpC508eA2-A	Why Do Fools Fall In Love	Frankie Lymon & The Teenagers	Vintage Rock 50's	Various Artists	INDIFFERENT		2018.0	Album	
RU9OTKk-lZ8	Moon in My Mind	Frankie Rose	Interstellar	Frankie Rose	INDIFFERENT		2012.0	Album	
h1ZheD9McPo	Candy	Frankie Rose and the Outs	Frankie Rose and The Outs	Frankie Rose and the Outs	INDIFFERENT		2010.0	Album	
l56yROUf9bE	Double Dutch Bus	Frankie Smith	Double Dutch Bus	Frankie Smith	INDIFFERENT		1981.0	Single	
Xtyaf7AZpU0	She's Long and Tall	Frankie St. John & the Star-Fires	The Raging Teens, Vol. 3		INDIFFERENT				
q7R9-e4f8Kw	Working My Way Back to You (2007 Remaster)	Frankie Valli & The Four Seasons	Jersey Beat: The Music Of Frankie Valli and The Four Seasons	Frankie Valli & The Four Seasons	INDIFFERENT	4.7596998	2007.0	Album	
0Ae-TCYR82I	Rag Doll	Frankie Valli & The Four Seasons	Jersey Boys: Music From The Motion Picture And Broadway Musical	Jersey Boys	INDIFFERENT		2014.0	Album	
LVAsnD969qs	Sherry	Frankie Valli & The Four Seasons	Sherry and 11 Other Hits	The Four Seasons	INDIFFERENT		1962.0	Album	
vJE2EEP8t6M	Let's Hang On (2006 Remaster)	Frankie Valli & The Four Seasons	The Definitive Pop Collection	Frankie Valli & The Four Seasons	INDIFFERENT	4.6750822	2006.0	Album	
FFsb9jvEik4	Walk Like a Man (2006 Remaster)	Frankie Valli & The Four Seasons	The Definitive Pop Collection	Frankie Valli & The Four Seasons	INDIFFERENT		2006.0	Album	
AbQ1rDc3Cx0	Who Loves You	Frankie Valli & The Four Seasons	Who Loves You	The Four Seasons	INDIFFERENT		1975.0	Album	
wIKrPIKk_M4	Simulator (Live)	Frankie and the Witch Fingers	Levitation Sessions (Live)	Frankie and the Witch Fingers	INDIFFERENT		2020.0	Album	
_sQaaaoPHe8	Realization	Frankie and the Witch Fingers	ZAM	Frankie and the Witch Fingers	INDIFFERENT	4.7185931	2019.0	Album	
jZxZW_2tUb4	Underneath You	Frankie and the Witch Fingers	ZAM	Frankie and the Witch Fingers	INDIFFERENT		2019.0	Album	
rZ0JDJbevOM	The Fallen	Franz Ferdinand	You Could Have It So Much Better	Franz Ferdinand	INDIFFERENT		2005.0	Album	
8IkUZeHVAfQ	Other Side to This Life	Fred Neil	Bleecker And McDougal	Fred Neil	INDIFFERENT		2005.0	Album	
s0_fy6v3fas	Peace Power	Fred Wesley	Amalgamation	Fred Wesley & Fred Wesley	INDIFFERENT		1994.0	Album	
BabBU_swvEg	High Times (feat. F.T. & Eastsidaz)	FredWreck	Greatest Hits Vol. 1	FredWreck	INDIFFERENT		2013.0	Album	
Ts0gMDUzEag	Do the Freddie	Freddie & The Dreamers	The Ultimate Collection	Freddie & The Dreamers	INDIFFERENT		2006.0	Album	
ENsSN2EFyZ0	The Young Ones (2005 Remaster)	Freddie & The Dreamers	The Very Best Of	Freddie & The Dreamers	INDIFFERENT	3.8370044	2008.0	Album	
OPNumqiy-RE	Do the Freddie	Freddie & The Dreamers	The Very Best Of	Freddie & The Dreamers	INDIFFERENT	3.6224067	2008.0	Album	
3XUfOiOJMFk	Snatch It And Grab It	Freddie Hart	Whistle Bait: 25 Rockabilly Rave-Ups	Various Artists	INDIFFERENT		2000.0	Album	
Hv3x4bIUjoQ	Lowdown In Lodi	Freddie King	Texas Cannonball	Freddie King	INDIFFERENT		1972.0	Album	
H_wC5oFiGcw	Crazy Girl (Part 1)	Freddie Love	The Funky Side of Goldband/ANLA Records	Various Artists	INDIFFERENT		2014.0	Album	
qXDc5COhye8	Picture on the Wall	Freddie McKay	Picture on the Wall (Deluxe Edition)	Freddie McKay	INDIFFERENT		1971.0	Album	
70_YD31vSbc	Band of Gold	Freeda Payne	Soul Music Finest, Vol. 1	Various Artists	INDIFFERENT		2000.0	Album	
PfYG9W-HCpY	Location	Freelance Whales	Weathervanes	Freelance Whales	INDIFFERENT	4.3739457	2009.0	Album	
Rvv3a5iq9pQ	Friday Nights	French Horn Rebellion	Next Jack Swing	French Horn Rebellion	INDIFFERENT	4.489933	2014.0	Album	
h7sAMm6fWD4	Our Lordship Has Devised a New Billing System	Frog Eyes	Ego Scriptor	Frog Eyes	INDIFFERENT	5.0	2004.0	Album	
gxKo4RMiJxM	Idle Songs	Frog Eyes	Tears Of The Valedictorian	Frog Eyes	INDIFFERENT	5.0	2007.0	Album	
A0rfQz27iEw	If You Feel It, Say Yeah	Fruit	Fruit	Fruit	INDIFFERENT		2016.0	Album	
n_QLIgLvulo	Love So Cold	Fryars	Power	Fryars	INDIFFERENT	3.9575758	2014.0	Album	
IBg0wXPZagQ	Motions	Fujitsu	Corals	Fujitsu	INDIFFERENT	4.6589985	2017.0	EP	
GTeEmo5uVNg	One of a Kind	Funk Leblanc	One of a Kind	Funk Leblanc	INDIFFERENT		2018.0	EP	
jn52ojCCPWI	Cosmic Slop	Funkadelic	Cosmic Slop	Funkadelic	INDIFFERENT		1973.0	Album	
9zZfbkUkodY	Free Your Mind And Your Ass Will Follow	Funkadelic	Free Your Mind... And Your Ass Will Follow	Funkadelic	INDIFFERENT		1970.0	Album	
8wQBffjTt8c	Hit It and Quit It	Funkadelic	Maggot Brain	Funkadelic	INDIFFERENT		1971.0	Album	
gQw7b489DlE	One Nation Under a Groove	Funkadelic	Young Soul Rebels	Various Artists	INDIFFERENT		2010.0	Album	
vgfhN5okbyY	Shake It Don't Break It	Funkin Matt	Shake It Don't Break It	Funkin Matt	INDIFFERENT		2007.0	EP	
HnkS14gtt0Y	Snow Portal	Future Zen	Winterschlaf	Future Zen	INDIFFERENT		2018.0	Album	
PSw0Zjq9xb8	Raise	Fuzz	Fuzz	Fuzz	INDIFFERENT	4.6265225	2013.0	Album	
wTOBHo-41qg	Earthen Gate	Fuzz	Fuzz	Fuzz	INDIFFERENT	4.7762237	2013.0	Album	
gY0E2qLmp44	Burning Wreath	Fuzz	II	Fuzz	INDIFFERENT	4.7556272	2015.0	Album	
1DZe8uX41Ws	Pipe	Fuzz	II	Fuzz	INDIFFERENT	4.6056337	2015.0	Album	
wjFX7U_oRNQ	Returning (Live)	Fuzz	Levitation Sessions (Live)	Fuzz	INDIFFERENT		2021.0	Album	
NSfuhzAGokY	Hey, I Wanna Know Your Name (Acoustic Version)	G.U.S.T.	Gust of Wind	G.U.S.T.	INDIFFERENT		2021.0	EP	
W8Liiu-ZdVY	Love Is Alive	GENTRI	Love Is Alive		INDIFFERENT				316.0
Lj5nL_bBBik	Maybe	GRiZ	Ride Waves	GRiZ	INDIFFERENT		2019.0	Album	
xrI5zIFnKSU	The Sky Opened Up	GUM	Delorean Highway	GUM	INDIFFERENT		2014.0	Album	
334_6yL_Fm4	Delorean Highway	GUM	Delorean Highway	GUM	INDIFFERENT		2014.0	Album	
zUxTUtyb2gE	R.Y.K	GUM	Glamorous Damage	GUM	INDIFFERENT		2015.0	Album	
cCQtDDhto4o	Elafonissi Blue	GUM	Glamorous Damage	GUM	INDIFFERENT		2015.0	Album	
am4qNThsfGQ	New Eyes	GUM	Glamorous Damage	GUM	INDIFFERENT		2015.0	Album	
5ijks0rHSxY	Beneath The Surface	GZA	Beneath The Surface	GZA	INDIFFERENT		1999.0	Album	
PJqou7PFTk0	Duel Of The Iron Mic (feat. Masta Killa, Dreddy Kruger, Inspectah Deck & Ol' Dirty Bastard)	GZA	Liquid Swords	Genius/GZA	INDIFFERENT	4.7590618	1995.0	Album	
nxOyXHewKds	Ave Que Emigra	Gaby Moreno	Illustrated Songs	Gaby Moreno	INDIFFERENT		2011.0	Album	
HKnSR_JE_38	Cold Night	Galaxie 500	On Fire	Galaxie 500	INDIFFERENT	4.4234233	1988.0	Album	
dW8_x7p3ZlQ	So Wassup?!	Gang Starr	Full Clip: A Decade Of Gang Starr	Gang Starr	INDIFFERENT		1999.0	Album	
EIhpMF6-JMg	Only Happy When It Rains	Garbage	Garbage (20th Anniversary Deluxe Edition/Remastered)	Garbage	INDIFFERENT		1995.0	Album	
q-hKp8w33FE	I Think I'm Paranoid (2018 - Remaster)	Garbage	Version 2.0 (20th Anniversary Deluxe Edition)	Garbage	INDIFFERENT		1998.0	Album	
_0LZ84dvj2Q	Dough Roller Blues	Garfield Akers	Dough Roller Blues	Garfield Akers	INDIFFERENT		2015.0	EP	
k-dUFhbkJ0s	Cottonfield Blues	Garfield Akers	The Sounds of Louisiana Blues	Various Artists	INDIFFERENT		2014.0	Album	
WuLKZRDiznw	A Little Bit Of Soap	Garnet Mimms	Warm And Soulful	Garnet Mimms	INDIFFERENT		1966.0	Album	
JPEpabBbRGw	She's Just My Style	Gary Lewis & The Playboys	She's Just My Style	Gary Lewis And The Playboys	INDIFFERENT		1965.0	Album	
J_zSzAmP2t4	She's Just My Style	Gary Lewis & The Playboys	The Best Of Gary Lewis And The Playboys	Gary Lewis And The Playboys	INDIFFERENT	4.3802819	2011.0	Album	
aoL6DBhzksM	She's Just My Style	Gary Lewis & The Playboys	The Legendary Masters Series	Gary Lewis & The Playboys	INDIFFERENT		1990.0	Album	
D4NHAwgnpIs	Shout For Joy	Gary Valenciano	Shout For Joy	Gary Valenciano	INDIFFERENT		1991.0	Album	
wM6y_KBwAps	Love Is Alive	Gary Wright	The Dream Weaver	Gary Wright	INDIFFERENT		1975.0	Album	
rfJXXOFLzfQ	Jesus' Blood Never Failed Me Yet	Gavin Bryars	Bryars: Jesus' Blood Never Failed Me Yet	Gavin Bryars	INDIFFERENT		2016.0	Album	
GrJ27VOPpFk	Appeayl 2 U part 1	Gayngs	Appeayl 2 U	Gayngs	INDIFFERENT	3.7796609	2020.0	Single	
qg1jJ2MXyMM	Eagles On A Half	Geechie Wiley & Elvie Thomas	Mississippi Blues Vol. 1 (1928-1937)	Various Artists	INDIFFERENT		2005.0	Album	
DOrd2BPw9Zw	Skinny Leg Blues	Geechie Wiley & Elvie Thomas	Mississippi Blues Vol. 1 (1928-1937)	Various Artists	INDIFFERENT		2005.0	Album	
08hKRE31rdo	Duke of Earl	Gene Chandler	50 Best Hits Top 60's Years	Various Artists	INDIFFERENT		2018.0	Album	147.0
Yw9SfkhSO-M	Duke Of Earl	Gene Chandler	Doo Wop	Various Artists	INDIFFERENT		2008.0	Album	
ykFdyjdFtQo	Duke of Earl	Gene Chandler	Rock n´Roll Vol. 1	Various Artists	INDIFFERENT		2018.0	Album	
a5n0FZo0ME4	Duke of Earl	Gene Chandler	The Duke Of Earl	Gene Chandler	INDIFFERENT		1961.0	Album	
0G2uqwK8Ngg	Gene Chandler Duke of Earl	Gene Chandler	Theme of Love	Various Artist	INDIFFERENT		2022.0	Album	144.0
Fai7VSF8dX4	Elevator Operator	Gene Clark	Gene Clark With The Gosdin Brothers + bonus tracks	Gene Clark	INDIFFERENT		2008.0	Album	
96fyS2Wi7tg	Good Morning	Gene Kelly	Singin' in the Rain (Original Motion Picture Soundtrack) [Deluxe Version]	Various Artists	INDIFFERENT		1952.0	Album	
QQgiN9roOU0	The Raging Sea	Gene Maltais	Gang War	Gene Maltais	INDIFFERENT		2003.0	Album	
PcjzUqv8NXc	It Hurts to Be in Love	Gene Pitney	The Rockville Rocket	Gene Pitney	INDIFFERENT	4.7684212	2019.0	Album	
Gl6GvkCXFzY	Woman Love	Gene Vincent & His Blue Caps	Complete Recordings 1956-1964	Gene Vincent	INDIFFERENT		1990.0	Album	
oNeY_czZ7Zo	Lotta Lovin'	Gene Vincent & His Blue Caps	Complete Recordings 1956-1964	Gene Vincent	INDIFFERENT		1990.0	Album	
mmPf1rGClzA	Squonk (2007 Remaster)	Genesis	A Trick Of The Tail [2007 Remaster]	Genesis	INDIFFERENT		1976.0	Album	
F2Iv8EkqEsk	Follow You Follow Me (2007 Remaster)	Genesis	And Then There Were Three (2007 Remaster)	Genesis	INDIFFERENT		1978.0	Album	
MTZgE8D8a9E	Turn It on Again (2007 Remaster)	Genesis	Duke [2007 Remaster]	Genesis	INDIFFERENT	4.4303727	1980.0	Album	
pPLRUc73c1s	The Musical Box (New Stereo Mix)	Genesis	Nursery Cryme	Genesis	INDIFFERENT		1971.0	Album	
hbrMII_tmMY	The Return of the Giant Hogweed (New Stereo Mix)	Genesis	Nursery Cryme	Genesis	INDIFFERENT		1971.0	Album	490.0
xi4_hNEPLJY	Follow You Follow Me (Platinum Collection Version)	Genesis	Platinum Collection	Genesis	INDIFFERENT		2005.0	Album	249.0
Rz69vgSfAnM	The Battle of Epping Forest (New Stereo Mix)	Genesis	Selling England By The Pound	Genesis	INDIFFERENT		1973.0	Album	
_gbMnDK1nCw	Jesus He Knows Me (2007 Remaster)	Genesis	We Can't Dance	Genesis	INDIFFERENT		1991.0	Album	
DBikyE6ipVs	Femme Fatale (Bonus Track)	Genevieve Waite	Romance Is On The Rise	Genevieve Waite	INDIFFERENT		1974.0	Album	
6IxPMR7bMEM	She's a Witch	Gengahr	She's a Witch	Gengahr	INDIFFERENT	4.5652175	2015.0	Single	
x6tpftvMYVE	Jungle Rot	George Brigman	Jungle Rot	George Brigman	INDIFFERENT		2005.0	Album	
nDvOmiYTgA4	You	George Duke	Dream On (Bonus Track Version)	George Duke	INDIFFERENT		1982.0	Album	
HRMLD1O8xKk	Aretha, Sing One for Me	George Jackson	The Blues Sessions	Various Artists	INDIFFERENT		2013.0	Album	
tpuCOTxTiFI	White Lightning (Single Version)	George Jones	Best Of	George Jones	INDIFFERENT		2013.0	Album	
umWhrLyKJBk	Aberdeens	George Saxon	Saxsation	George Saxon	INDIFFERENT			Album	
RYu5YbdRKL0	Who Do You Love?	George Thorogood And The Destroyers	Move It On Over	George Thorogood And The Destroyers	INDIFFERENT		1978.0	Album	
5Qt9Ze0xFzs	Backside of the Desert	Geri Baird	Backside of the Desert		INDIFFERENT				
FGdixmQo_KU	Lullaby of the Leaves	Gerry Mulligan	Limelight	Gerry Mulligan	INDIFFERENT		2016.0	Album	
MWWfR0VvP_o	Venus De Milo	Gerry Mulligan	Venus De Milo	Gerry Mulligan	INDIFFERENT		2020.0	Single	
RjE_2aMNuTg	K.C. & The Sunshine Band	Get Down Tonight	Essential 80's Funky Dance	Various Artists	INDIFFERENT		2014.0	Album	
Pod0uDIHXq0	Stay A While	Getter	Inner Workings	Getter	INDIFFERENT		2014.0	EP	
KovcVEDEGt8	From The Pinnacle To The Pit	Ghost	Meliora	Ghost	INDIFFERENT		2015.0	Album	
5XBGWGMLoWM	Square Hammer	Ghost	Meliora (Deluxe Edition)	Ghost	INDIFFERENT		2015.0	Album	
VxUabdCnlU0	Run (feat. Jadakiss)	Ghostface	The Pretty Toney Album	Ghostface	INDIFFERENT		2004.0	Album	
0A_tk_7kcPI	Daytona 500 (feat. Cappadonna & Raekwon)	Ghostface Killah	Ironman	Ghostface Killah	INDIFFERENT	4.6700788	1996.0	Album	
2pjFOeS_OJo	All That I Got Is You (feat. Mary J. Blige)	Ghostface Killah	Ironman	Ghostface Killah	INDIFFERENT	4.6562543	1996.0	Album	
AHwFmOCwg_8	Buck 50 (feat. Cappadonna, Method Man & Redman)	Ghostface Killah	Supreme Clientele	Ghostface Killah	INDIFFERENT	4.8201728	2000.0	Album	
zAKmNSc4Qh4	Miss Abyss	Ghostland Observatory	See You Later Simulator	Ghostland Observatory	INDIFFERENT		2018.0	Album	
l63yRwqJYWg	The Bottle	Gil Scott-Heron	Aint Really A Life	Gil Scott-Heron	INDIFFERENT		2017.0	Album	
m_oPMpNY9Rc	I Just Wanna Stop	Gino Vannelli	Brother To Brother	Gino Vannelli	INDIFFERENT		1978.0	Album	
rpVDgaMj4hU	I Just Wanna Stop	Gino Vannelli	The Best Of Gino Vannelli	Gino Vannelli	INDIFFERENT		1980.0	Album	
PQGwSG8hhJk	Wind Theme	Giorgi Grdzelishvili	Enriched Variations 001		INDIFFERENT				85.0
MsruDUXHgSk	Non-Stop Party Now	Girl Talk	Unstoppable	Girl Talk	INDIFFERENT		2004.0	Album	244.0
j33f6g-vbRw	Pretty	Girlpool	Before The World Was Big	Girlpool	INDIFFERENT	3.8444445	2015.0	Album	
-LH5hgLUDu8	Pretty	Girlpool	What Chaos Is Imaginary	Girlpool	INDIFFERENT		2019.0	Album	
Jw8o0leZnw8	Dust (Dimitri From Paris Vs. Cotonete Remix)	Gizelle Smith	Dust (Dimitri from Paris vs. Cotonete Remixes) (Dimitri From Paris Vs. Cotonete Remixes)	Gizelle Smith	INDIFFERENT	3.7969925	2018.0	Single	
XbfcX3csad0	Gauze	Gleemer	Moving Away	Gleemer	INDIFFERENT		2015.0	Album	
gQZIyI5U5kg	Ice Water	Glen Barber	Rockabilly Hicks	Various Artists	INDIFFERENT		2009.0	Album	
ctsLFINNHjw	Rhinestone Cowboy	Glen Campbell	Meet Glen Campbell	Glen Campbell	INDIFFERENT		2008.0	Album	
uKWgYKa2Fh0	"The Heat Is On (From ""Beverly Hills Cop"" Soundtrack)"	Glenn Frey	The Heat Is On	Glenn Frey	INDIFFERENT		1984.0	Single	
lg-cwSciN_M	In The Mood	Glenn Miller & His Orchestra	The Essential Glenn Miller	Glenn Miller	INDIFFERENT		1972.0	Album	
0b_In8ZSzsk	I Got It	Gloria Spencer	I Got It	Gloria Spencer	INDIFFERENT		2007.0	Album	
5A0isb9Mg8s	Det som aldrig förändras / Diarabi	Goat	World Music	Goat	INDIFFERENT		2012.0	Album	
FHS8pxt-0nU	Goatman	Goat	World Music	Goat	INDIFFERENT		2012.0	Album	
OKxnIAtKpB4	Jesu	Godflesh	Hymns (Special Edition)	Godflesh	INDIFFERENT		2001.0	Album	
ceGuYDGwPfM	Whatever	Godsmack	Godsmack	Godsmack	INDIFFERENT		1998.0	Album	
Xmxjcy7LuQk	Shadows	Gold Cage	Social Crutch	Gold Cage	INDIFFERENT	4.5833335	2020.0	Album	
b_24lizKpZo	Your Good Times Are Just Beginning	Gold Panda	Good Luck and Do Your Best	Gold Panda	INDIFFERENT	4.5864978	2016.0	Album	
WW8Q-CrJAEM	Radar Love	Golden Earring	Ash Wednesday: Original Motion Picture Soundtrack	Various Artists	INDIFFERENT	4.4972677	2003.0	Album	
GyAvXV1NJNY	Radar Love	Golden Earring	Moontan (Remastered & Expanded)	Golden Earring	INDIFFERENT		2021.0	Album	387.0
z2xsbmBn09g	Twilight Zone	Golden Earring	The Continuing Story Of Radar Love	Golden Earring	INDIFFERENT		1989.0	Album	
tZgowWsCT9c	Denandra Moore	Goldensuns	Can't Care Too Much						
er0vVgA7cGc	Denandra Moore	Goldensuns	Denandra Moore	Goldensuns	INDIFFERENT	4.972414	2020.0	Single	
istXLpr6CUc	Denandra Moore	Goldensuns	Denandra Moore	Goldensuns	INDIFFERENT		2020.0	Single	212.0
yqcpczi8KPQ	Here In Your Bedroom	Goldfinger	Goldfinger	Goldfinger	INDIFFERENT		1996.0	Album	
yelK7E81slM	Master Builder	Gong	You	Gong	INDIFFERENT		1974.0	Album	
Wu_upM2E9w0	Perfect Mystery	Gong	You	Gong	INDIFFERENT		1974.0	Album	
Up_t-7DX0qw	Master Builder	Gong	You (Deluxe Edition)	Gong	INDIFFERENT		1974.0	Album	
WgroX7H20HI	Minstrel of the Dawn	Gordon Lightfoot	Gord's Gold	Gordon Lightfoot	INDIFFERENT		1975.0	Album	
jiU2lrGnT7U	If You Could Read My Mind	Gordon Lightfoot	Gord's Gold	Gordon Lightfoot	INDIFFERENT		1975.0	Album	229.0
fT_J-LNqVvw	If You Could Read My Mind	Gordon Lightfoot	If You Could Read My Mind	Gordon Lightfoot	INDIFFERENT		1970.0	Album	
iYuF99VTEdg	Carefree Highway	Gordon Lightfoot	Sundown	Gordon Lightfoot	INDIFFERENT		1974.0	Album	
xj5kz8O9tIA	The Swagga	Gorillaz	D-Sides	Gorillaz	INDIFFERENT	4.5120435	2007.0	Album	
eZ-Txj-vUPQ	Rockit	Gorillaz	D-Sides	Gorillaz	INDIFFERENT	4.645081	2007.0	Album	
kVBUdPR2vzI	19-2000	Gorillaz	Gorillaz	Gorillaz	INDIFFERENT	4.6721745	2001.0	Album	
Op_UhnD6CmE	Strobelite (feat. Peven Everett)	Gorillaz	Humanz	Gorillaz	INDIFFERENT	4.7576451	2017.0	Album	
OfH-a2ozMLE	Fire	Grace Love and the True Loves	Grace Love and the True Loves	Grace Love and the True Loves	INDIFFERENT	4.5294118	2015.0	Album	
Ij9U8kyPIm0	Shinin' On (Remastered 2002)	Grand Funk Railroad	Shinin' On (Remastered 2002 / Expanded Edition)	Grand Funk Railroad	INDIFFERENT		1974.0	Album	
OtjW6hO2PL8	Milo Minute	Grass Widow	Internal Logic	Grass Widow	INDIFFERENT	4.3162394	2012.0	Album	
s2-DJDm6_B8	Hang Around	Grass Widow	Internal Logic	Grass Widow	INDIFFERENT	4.3333335	2012.0	Album	
iHAhe5-vllQ	Give Me Shapes	Grass Widow	Past Time	Grass Widow	INDIFFERENT	4.5	2010.0	Album	
TND6NSkGZjA	Mama Tried (Live at Fillmore Auditorium, November 8, 1969)	Grateful Dead	Dick's Picks Vol. 16: Fillmore Auditorium, San Francisco, CA 11/8/69 (Live)	Grateful Dead	INDIFFERENT		2009.0	Album	
nqCcJlATZTo	One More Saturday Night (Live in England, 1972) [2001 Remaster]	Grateful Dead	Europe '72 (Live) [2001 Remaster]	Grateful Dead	INDIFFERENT		1972.0	Album	
ww08rFDQxKI	Turn on Your Lovelight (Live at Fillmore West February 28, 1969)	Grateful Dead	Fillmore West (1969)	Grateful Dead	INDIFFERENT		2005.0	Album	
beooZL0V9vM	Black Muddy River	Grateful Dead	In The Dark	Grateful Dead	INDIFFERENT		1987.0	Album	
j5WgjcgyBPk	Graveyard Chamber	Gravediggaz	6 Feet Deep	Gravediggaz	INDIFFERENT	4.7266665	1994.0	Album	
ZXTYzdOS8WA	Excursion Around The Bay	Great Big Sea	Great Big Sea	Great Big Sea	INDIFFERENT		1992.0	Album	
pcs9vJn0-UI	Sassafras Roots	Green Day	Dookie	Green Day	INDIFFERENT		1994.0	Album	
AwZJUXD18JM	Hitchin' a Ride	Green Day	International Superhits!	Green Day	INDIFFERENT		2001.0	Album	172.0
dgvyVEOJqxg	Hitchin' a Ride	Green Day	Nimrod	Green Day	INDIFFERENT		1997.0	Album	
54ioi2qL5Z4	Swallow My Pride	Green River	Dry As A Bone / Rehab Doll	Green River	INDIFFERENT	2.873704	1990.0	Album	
uxFFnrSbQXI	Feathered Friends	Greenslade	Greenslade [Remastered & Expanded Edition]	Greenslade	INDIFFERENT		1973.0	Album	
Gk75xhvd1Ws	One For The Road	Greg Perry	One For The Road (Expanded Edition)	Greg Perry	INDIFFERENT		1975.0	Album	
CCQC2lYxrfU	Floating Bridge	Gregg Allman	Low Country Blues	Gregg Allman	INDIFFERENT		2011.0	Album	
mQ5xDTuOvMA	Babylon Too Rough	Gregory Isaacs	Reggae Anthology: Joe Gibbs - Scorchers From The Mighty Two	Various Artists	INDIFFERENT		2008.0	Album	
X7h3iUhTPZM	Night Nurse	Gregory Isaacs	Reggae Giants	Various Artists	INDIFFERENT		2016.0	Album	
rQO6pUUS7uQ	Babylon Too Rough	Gregory Isaacs	Total Reggae: Classic Roots	Various Artists	INDIFFERENT		2008.0	Album	
munm6lzoR3I	Tell Me	Groove Theory	Groove Theory	Groove Theory	INDIFFERENT		1995.0	Album	
q_57FfdnSDM	Inna City Life	Group Home	Livin' Proof	Group Home	INDIFFERENT		1995.0	Album	
GYsxWdy0Zmk	Itchin' on a Photograph	Grouplove	Never Trust a Happy Song	Grouplove	INDIFFERENT	4.2582741	2011.0	Album	
QGrJyuEBziY	Crazy Love	Gruntruck	Push	Gruntruck	INDIFFERENT		1992.0	Album	
ONe1EneyJEI	Gimme Some	Grupo Fantasma	Sonidos Gold	Grupo Fantasma	INDIFFERENT		2008.0	Album	
jdSNhlZS05M	King Rat (Held Down To....)	Guana Batz	Guana Batz 1985-1990	Guana Batz	INDIFFERENT		1991.0	Album	
INN4DF2BgLs	Teenage FBI	Guided By Voices	Do The Collapse	Guided By Voices	INDIFFERENT	4.6759205	1999.0	Album	
m9w_8KIRN8A	Talk to Me Baby	Guitar Kelley	Louisiana Blues		INDIFFERENT				
_SeS7Hr9wIY	Quicksand	Guitar Slim	Sufferin' Mind	Guitar Slim	INDIFFERENT		1991.0	Album	
O5_J0C0gYNk	Kecpelec	Gunesh	Gunesh	Gunesh	INDIFFERENT		1980.0	Album	
hykdH43PpX8	It's So Easy	Guns N' Roses	Appetite For Destruction	Guns N' Roses	INDIFFERENT		1987.0	Album	
27rKrR424cA	Mr. Brownstone	Guns N' Roses	Appetite For Destruction	Guns N' Roses	INDIFFERENT		1987.0	Album	229.0
y6JIeP4G_Zs	Mr. Brownstone	Guns N' Roses	Appetite For Destruction (Super Deluxe Edition)	Guns N' Roses	INDIFFERENT		1987.0	Album	
RRaLV4YUHoE	Ain't Goin' Down No More (Instrumental Version \ 1986 Sound City Session)	Guns N' Roses	Appetite For Destruction (Super Deluxe Edition)	Guns N' Roses	INDIFFERENT		1987.0	Album	
67MGzEt9MD4	Live And Let Die (Live)	Guns N' Roses	Deer Creek 1991 (Live)	Guns N' Roses	INDIFFERENT		2021.0	Album	
jBJyI_tEKi4	Garden Of Eden	Guns N' Roses	Use Your Illusion I	Guns N' Roses	INDIFFERENT		1991.0	Album	
3pNQZJLjc0g	Stone In	Guru Guru	UFO	Guru Guru	INDIFFERENT	5.0	1970.0	EP	
n1HIXUIRplM	Girl Call	Guru Guru	UFO	Guru Guru	INDIFFERENT	0.0	1970.0	EP	
mOVv9M30ZaU	Ramona	Guster	Keep It Together	Guster	INDIFFERENT		2003.0	Album	187.0
0bqRXmnJNXs	She Wears Red Feathers	Guy Mitchell	16 Most Requested Songs	Guy Mitchell	INDIFFERENT		1991.0	Album	
qmX7pgNrPjI	Pittsburgh, Pennsylvania (Single Version)	Guy Mitchell	16 Most Requested Songs	Guy Mitchell	INDIFFERENT		1991.0	Album	
3rswDPvFzgo	90% of Me Is You (feat. Latimore, Timmy Thomas, H.W. Casey & Little Beaver)	Gwen McCrae	For Your Love	Gwen McCrae	INDIFFERENT		2012.0	Album	
lKeFWc8XSqo	Joseph Joseph	Gypsy Swing Revue	I Love Paris	Gypsy Swing Revue	INDIFFERENT		2016.0	Album	
6fnHzwNXpc4	Forest Trip	Görska Nayah	Powerful		INDIFFERENT				100.0
4S0O8NFCkwg	Needle Trade Off	Gøggs	Gøggs	Gøggs	INDIFFERENT	4.3947368	2016.0	Album	
NqO0feyYcz8	She Got Harder	Gøggs	Gøggs	Gøggs	INDIFFERENT	4.4375	2016.0	Album	
BdbXGq10Eds	Call My Name	HAERTS	Giving Up	HAERTS	INDIFFERENT		2014.0	Single	
rLtuPjyk9mU	Los Angeles	HAIM	Women In Music Pt. III	HAIM	INDIFFERENT	4.8802395	2021.0	Album	
6e5QtK7W0Bg	People	HIGH HØØPS	People	HIGH HØØPS	INDIFFERENT		2018.0	Single	
SBcdQslrBtI	Join Me In Death	HIM	Razorblade Romance	HIM	INDIFFERENT		1999.0	Album	
i01jwUAwcoQ	Didn't I	HONNE	Coastal Love EP	HONNE	INDIFFERENT	4.3418531	2015.0	EP	
xQoL98NK7u4	A Dream Come From The West	Hajime Mizoguchi	Halfinch Dessert	Hajime Mizoguchi	INDIFFERENT		1995.0	Album	
r01XM1ydbv0	Unofferable	Half Moon Run	Dark Eyes	Half Moon Run	INDIFFERENT		2012.0	Album	
QHCw0Bopp5A	Unofferable	Half Moon Run	Dark Eyes	Half Moon Run	INDIFFERENT		2013.0	Album	247.0
dRHcHCz5ruY	Gasoline	Halsey	BADLANDS (Deluxe)	Halsey	INDIFFERENT		2015.0	Album	
GUO9SDd9UhU	Don't Pull Your Love Out	Hamilton, Joe Frank & Reynolds	Hamilton, Joe Frank & Reynolds	Hamilton, Joe Frank & Reynolds	INDIFFERENT		1971.0	Album	
mlnIK71T5ps	Ten Thousand Years Won't Save Your Life	Hammock	Departure Songs	Hammock	INDIFFERENT		2012.0	Album	
5K9y2WGUl0E	Silk	Handbook	Silk	Handbook	INDIFFERENT		2018.0	Single	
78tFMDk9apg	The Secret Kissing of the Sun and Moon	Hang Massive	Luminous Emptiness	Hang Massive	INDIFFERENT		2018.0	Album	
-J9A5Ftn9TM	I'm Ready (With echo)	Hank Mizell	I'm Ready	Hank Mizell	INDIFFERENT		2010.0	Single	
XYwDwJjPoow	Dixie Cannonball	Hank Williams	Hank Williams / My First Songs, Vol. 1	Hank Williams	INDIFFERENT		2018.0	Album	
TtTlAsJ_1pk	Kaw-Liga	Hank Williams	The Legendary Recordings (Remastered, Doxy Collection)	Hank Williams	INDIFFERENT		2016.0	Album	
1yXOE86DBhQ	Kaw-Liga	Hank Williams	The Original Singles Collection . . . Plus	Hank Williams	INDIFFERENT		1990.0	Album	156.0
R7Xx2pdkeH0	Malibu Beach Nightmare	Hanoi Rocks	Back To Mystery City	Hanoi Rocks	INDIFFERENT		1983.0	Album	
mmIBoJfPx8s	Waiting for a Train	Hans Zimmer	Inception (Music From The Motion Picture)	Hans Zimmer	INDIFFERENT		2010.0	Album	
LQK2hguAue0	Second to None	Hardkandy	Wah Wah 45s Funk & Soul	Various Artists	INDIFFERENT		2017.0	Album	
3rR5IOoWqQA	Luneburg Heath	Harmonia & Eno '76	Tracks and Traces	Harmonia & Eno '76	INDIFFERENT	3.4150944	2009.0	Album	
NVfFubYJOjM	Come to the Sunshine (Remastered Version)	Harpers Bizarre	A Whole Lot Of Rainbows: Soft Pop Nuggets From The WEA Vaults	Various Artists	INDIFFERENT	3.5915494	2005.0	Album	
VuRBynDwo60	59th Street Bridge Song (Feelin' Groovy) [Remastered Version]	Harpers Bizarre	Feelin' Groovy	Harpers Bizarre	INDIFFERENT	4.313478	1967.0	Album	
4WiJBDNKEfI	59th Street Bridge Song (Feelin' Groovy)	Harpers Bizarre	Feelin' Groovy: The Best Of Harpers Bizarre Featuring The 59th Street Bridge Song	Harpers Bizarre	INDIFFERENT		2000.0	Album	
DBd1S2u6jyg	Day-O (The Banana Boat Song)	Harry Belafonte	An Evening With Harry Belafonte & Friends	Harry Belafonte	INDIFFERENT		1997.0	Album	
XOfqJAJ0PVw	Scarlet Ribbons	Harry Belafonte	Deluxe: Greatest Hits - Harry Belafonte	Harry Belafonte	INDIFFERENT		2012.0	Album	
LRJXocVOydk	Without You	Harry Nilsson	21 Love Songs	Various Artists	INDIFFERENT		2015.0	Album	204.0
_icrhds5XkI	Without You	Harry Nilsson	Love Songs	Various Artists	INDIFFERENT		2014.0	Album	
OpdFmZFge5g	Without You	Harry Nilsson	Nilsson Schmilsson	Harry Nilsson	INDIFFERENT		1971.0	Album	201.0
yDFxdAf-cHA	Funiculi Funicula (2019 Remastering)	Haruomi Hosono	Philharmony	Haruomi Hosono	INDIFFERENT		2019.0	Album	
8yj6Vvrhg0Q	Little Dog, Big Dog	Harvey Hurt	Great Rockers from Cincinnati	Various Artists	INDIFFERENT		2012.0	Album	
k-U35PhKQU8	Go to Work	Has-Lo	Live Like You're Dead	Has-Lo	INDIFFERENT	4.6462584	2014.0	Album	
9ug1nNkm97o	No More Hot Dogs	Hasil Adkins	Out To Hunch	Hasil Adkins	INDIFFERENT		1986.0	Album	
sqQ5E5zb2rc	She Said	Hasil Adkins	Out To Hunch	Hasil Adkins	INDIFFERENT		1986.0	Album	
xZJTkZtaG9U	Kiss The Stars	Hatchie	Keepsake	Hatchie	INDIFFERENT	4.6666665	2019.0	Album	
vWBzGO8u9MA	Sure	Hatchie	Sugar & Spice	Hatchie	INDIFFERENT	3.9211619	2018.0	EP	
r5y-_S1cAYY	The Yes No Interlude	Hatfield & The North	The Rotters Club	Hatfield & The North	INDIFFERENT		1975.0	Album	
oOTzcXoNfbM	Rêverie	Haute	Rêverie	Haute	INDIFFERENT	4.3483148	2016.0	Single	
Km8G0pV0MoM	Colder Days (feat. Masspike Miles)	Havoc	13	Havoc	INDIFFERENT		2013.0	Album	
GthBj_Dlxyo	Brainstorm (1996 Remaster)	Hawkwind	Doremi Fasol Latido	Hawkwind	INDIFFERENT		1972.0	Album	
SrLizmL56CY	The Psychedelic Warlords (Disappear in Smoke) [1996 Remaster]	Hawkwind	Hall of the Mountain Grill	Hawkwind	INDIFFERENT		1974.0	Album	
vobAKWK-hWc	Hurry on Sundown (1996 Remaster)	Hawkwind	Hawkwind	Hawkwind	INDIFFERENT		1970.0	Album	
puovh2ej1Vk	Motorhead	Hawkwind	Hawkwind Decades: 70s	Hawkwind	INDIFFERENT		2013.0	Album	
JqCmsZ25Pkw	Silver Machine (Live at the Roundhouse London) [1996 Remaster]	Hawkwind	In Search of Space	Hawkwind	INDIFFERENT		1971.0	Album	
MNjAH48RLJE	You Shouldn't Do That (1996 Remaster)	Hawkwind	In Search of Space	Hawkwind	INDIFFERENT		1971.0	Album	
Jc4kGo08jLY	Master of the Universe (2007 Remaster)	Hawkwind	Space Ritual	Hawkwind	INDIFFERENT		1973.0	Album	
EgKz8ra970w	The Schism	Haywyre	Monstercat 017 - Ascension	Various Artists	INDIFFERENT		2014.0	Album	
YmRK11BITcY	Came a Long Way	Heartless Bastards	All This Time	Heartless Bastards	INDIFFERENT		2006.0	Album	353.0
y-zebKLQaHk	I Fell In Love Last Night	Heavenly	Glass Arcade	Various Artists	INDIFFERENT		1991.0	Album	
_ELgEFMPqCo	Presence	Heavenly Beat	Talent	Heavenly Beat	INDIFFERENT	4.390244	2012.0	Album	
DlMgZa_2wEs	I Am Woman	Helen Reddy	I Am Woman	Helen Reddy	INDIFFERENT		1972.0	Album	206.0
-J-d_EjfEcE	I Don't Know How To Love Him	Helen Reddy	I Don't Know How To Love Him	Helen Reddy	INDIFFERENT		1971.0	Album	
75rrQl-ftZY	Ain't No Way To Treat A Lady	Helen Reddy	No Way To Treat A Lady	Helen Reddy	INDIFFERENT		1975.0	Album	
zd8EPtujYT8	Halving The Compass (Rhian Sheehan Remix)	Helios	Remixed	Helios	INDIFFERENT		2012.0	Album	
e3lZSy5DPsI	In The Meantime	Helmet	Meantime	Helmet	INDIFFERENT		1992.0	Album	
hOP6G4FYdOU	You Borrowed	Helmet	Meantime	Helmet	INDIFFERENT		1992.0	Album	
VQZY7S0zUR8	Hai Apna Dil To Aawara (happy)	Hemant Kumar	Solva Saal	S.d. Burman	INDIFFERENT		1958.0	EP	
KOhU90-h2qs	Electric Feel	Henry Green	Electric Feel	Henry Green	INDIFFERENT		2017.0	Single	
CUUc0sNaQls	Shannon	Henry Gross	One Hit Wanderer	Henry Gross	INDIFFERENT		2006.0	Album	
2Bsokzd_wE4	Another Time	Henry Schifter	To Fathom Hell Or Soar Angelic - Psychedelia 1968 - 1974		INDIFFERENT				
f5cUfriR6-o	Speed Racer	Her's	Songs of Her's	Her's	INDIFFERENT	4.5130973	2017.0	Album	
l9ILYjHxr38	Speed Racer	Her's	Speed Racer	Her's	INDIFFERENT		2017.0	Single	
pvQMyVoefNI	This Guy's In Love With You	Herb Alpert & The Tijuana Brass	The Beat Of The Brass	Herb Alpert & The Tijuana Brass	INDIFFERENT		1968.0	Album	
OVRWTLLTbS4	Silhouettes	Herman's Hermits	HERMAN'S HERMITS THEIR GREATEST HITS	Herman's Hermits	INDIFFERENT	4.1182046	1973.0	Album	
xvOp-SP315s	A Must To Avoid	Herman's Hermits	HERMAN'S HERMITS THEIR GREATEST HITS	Herman's Hermits	INDIFFERENT	3.5474861	1973.0	Album	
DYVMhfwak7o	Can't You Hear My Heartbeat	Herman's Hermits	Herman's Hermits Retrospective	Herman's Hermits	INDIFFERENT		1966.0	Album	
EXAogu7i7hQ	There's A Kind Of Hush	Herman's Hermits	Herman's Hermits Retrospective	Herman's Hermits	INDIFFERENT		1966.0	Album	
Cl6oYzNfjmw	Fashionable Lover	Hi-Fi Set	Fashionable Lover	Hi-Fi Set	INDIFFERENT		2013.0	Album	
yogyoH0TzLk	Tsumetai Ame	Hi-Fi Set	Fashionable Lover	Hi-Fi Set	INDIFFERENT		2013.0	Album	
4SgKAo6ihgk	Mayonaka No Omokage	Hi-Fi Set	Fashionable Lover	Hi-Fi Set	INDIFFERENT		2013.0	Album	
6W-0iXfpDQ8	Asahi No Naka De Hohoende	Hi-Fi Set	Fashionable Lover	Hi-Fi Set	INDIFFERENT		2013.0	Album	
Ek9dQb8Hp1g	Grand Canyon	Hi-Fi Set	Fashionable Lover	Hi-Fi Set	INDIFFERENT		2013.0	Album	
e8l2i9qMa1w	Kou Ryou	Hi-Fi Set	Fashionable Lover	Hi-Fi Set	INDIFFERENT		2013.0	Album	
f2I5oFq8ZVg	Tsuki Ni Terasarete	Hi-Fi Set	Fashionable Lover	Hi-Fi Set	INDIFFERENT		2013.0	Album	
-tZ2uOviygQ	Je M'ennuie	Hi-Fi Set	Fashionable Lover	Hi-Fi Set	INDIFFERENT		2013.0	Album	
xVZuHp0W4TY	Hoshi No Stranger	Hi-Fi Set	Fashionable Lover	Hi-Fi Set	INDIFFERENT		2013.0	Album	
AW0Lfhn4tEY	Milarepa	Hills	Frid	Hills	INDIFFERENT		2015.0	EP	
7FIrmw5FVHo	The Vessel	Hills	Master Sleeps	Hills	INDIFFERENT		2011.0	Album	
RXCGG8X9ycE	The Man Who Jumps with One Leg	Himuro Yoshiteru	View from Bottom	Himuro Yoshiteru	INDIFFERENT		2019.0	Album	
Ee1WB80wB1I	Malibu	Hole	Celebrity Skin	Hole	INDIFFERENT		1998.0	Album	
pO8ITYQdmJ0	Plump	Hole	Live Through This	Hole	INDIFFERENT		1994.0	Album	154.0
VLL0fkHODwA	Garbage Man	Hole	Pretty On The Inside	Hole	INDIFFERENT		1991.0	Album	
384FGfo5UJU	Angel Fire	Hollie Cook	Angel Fire	Hollie Cook	INDIFFERENT		2017.0	Single	
ngQyQ5WgJxI	Star Stamp	Holy Wave	Relax	Holy Wave	INDIFFERENT	4.8206897	2014.0	Album	
dlEcT3pH74E	Psychological Thriller	Holy Wave	Relax	Holy Wave	INDIFFERENT	4.4535518	2014.0	Album	
U1JlYuT2I9A	Star Stamp	Holy Wave	Relax	Holy Wave	INDIFFERENT		2014.0	Album	213.0
1k8o2LJJXUQ	Psychological Thriller	Holy Wave	Relax	Holy Wave	INDIFFERENT		2014.0	Album	159.0
W0UiBKvT64c	The Battle Of Kookamonga (Digitally Mastered 1988)	Homer & Jethro	Nippers 50's-Vol.2	Various Artists	INDIFFERENT		1988.0	Album	
k5l-efADeXE	Another Thing	Homeshake	Another Thing	Homeshake	INDIFFERENT	4.5697675	2019.0	EP	
pCGg-X4NGVw	So She	Homeshake	Fresh Air	Homeshake	INDIFFERENT		2017.0	Album	
eyoOtkKFFpc	Just Like My	Homeshake	Helium	Homeshake	INDIFFERENT	4.6295223	2019.0	Album	
VekuvhRh_JY	Tomorrow Never Comes	Honey Harper	Tomorrow Never Comes	Honey Harper	INDIFFERENT	3.0198021	2019.0	Single	
liiNHlDHuzM	Sun's Out	Hoops	Routines	Hoops	INDIFFERENT	4.7285066	2017.0	Album	
fSLklfCBvlc	Underwater Theme	Hoops	Routines	Hoops	INDIFFERENT	4.5229359	2017.0	Album	
mz_EUbm1Fkc	Hold My Hand	Hootie & The Blowfish	Cracked Rear View (25th Anniversary Deluxe Edition)	Hootie & The Blowfish	INDIFFERENT		1994.0	Album	
Octmu5VZWMY	Fever	Horace Andy	Mr. Bassie	Horace Andy	INDIFFERENT		1998.0	Album	
YmRJ5Frv5CQ	Nice and Easy	Horace Andy	Super Best	Horace Andy	LIKE		2012.0	Album	191.0
vm804zsGDb8	Nice and Easy	Horace Andy	Wicked Dem A Burn	Horace Andy	INDIFFERENT	3.816	2006.0	Album	
8s4_L7Zz0zM	Ed's Place	Horace Heller	Taboo Garage, Vol. 4	Various Artists	INDIFFERENT		2012.0	Album	
K9GctV18thM	Walk Like A Zombie	Horrorpops	Bring It On!	Horrorpops	INDIFFERENT		2005.0	Album	247.0
uOvQ9FdJ0OY	Miss Take	Horrorpops	Hell Yeah!	Horrorpops	INDIFFERENT		2004.0	Album	238.0
Yjs9d4TedtQ	I Can't Stand The Rain (Extended Edited Version)	Hortense Ellis	The Ladies At Joe Gibbs	Various Artists	INDIFFERENT	4.3982301	2013.0	Album	
kXHI3AO0W4c	So Glad To See You	Hot Chip	The Warning	Hot Chip	INDIFFERENT		2006.0	Album	246.0
8RpZsm-8pbU	Every 1's a Winner (Single Version)	Hot Chocolate	Every 1's a Winner	Hot Chocolate	INDIFFERENT		1978.0	Album	
8aUmkmSKBKc	Floating	Hot Flash Heat Wave	Mood Ring - EP	Hot Flash Heat Wave	INDIFFERENT		2019.0	EP	
oDU0D4qXSvw	YVR	Hot Hot Heat	Future Breeds	Hot Hot Heat	INDIFFERENT		2010.0	Album	
-U9mmsgkGxI	Implosionatic	Hot Hot Heat	Future Breeds	Hot Hot Heat	INDIFFERENT		2010.0	Album	
TmNVX2wTScE	Vienna Waltz	Hot House West	Django in Orbit	Hot House West	INDIFFERENT		2018.0	Album	
d5Jfwo-aoiA	Ludlow	Houndmouth	From the Hills Below the City	Houndmouth	INDIFFERENT	4.3034186	2013.0	Album	
fHma_xDbBpM	Old Kingdom	House Of Fire	House Of Fire	House Of Fire	INDIFFERENT		2008.0	Album	350.0
LKCIlyLl1as	Roman (Oliver remix)	Housse De Racket	Alésia (Deluxe Edition) (Deluxe Edition)	Housse De Racket	INDIFFERENT	4.4917126	2011.0	Album	
Qlw3jSZFXDg	Roman (Oliver Remix)	Housse De Racket	Roman	Housse De Racket	INDIFFERENT		2011.0	Single	
V8M9FrEFCe0	Hunger	How To Dress Well	Nonkilling 6 | Hunger	How To Dress Well	INDIFFERENT		2018.0	Single	
ZQuYO4uKbGo	My Mind	Hugh Mundell	Africa Must Be Free By 1983	Hugh Mundell	INDIFFERENT		1978.0	Album	
Ix1Ig5_uzsk	Black Coffee	Humble Pie	Eat It	Humble Pie	INDIFFERENT		1973.0	Album	
mSyrf-FYKVE	I Don't Need No Doctor (Live At The Fillmore East/1971)	Humble Pie	Performance: Rockin’ The Filmore	Humble Pie	INDIFFERENT		1971.0	Album	
kJ1Dix-Vjm0	Hot 'N' Nasty	Humble Pie	Smokin'	Humble Pie	INDIFFERENT		1972.0	Album	
cLTZavs4WAo	30 Days In The Hole	Humble Pie	Smokin'	Humble Pie	INDIFFERENT		1972.0	Album	237.0
c80_F3Lr7Dc	Silent Sensation	Hunee	Hunch Music	Hunee	INDIFFERENT		2015.0	Album	
4vUhJTcJ7OE	Let You Down	Hungry Kids Of Hungary	Let You Down	Hungry Kids Of Hungary	INDIFFERENT		2009.0	Single	
5PfjG9Ok4Pg	Roots Man Time	I Roy	I Roy Essentials	I Roy	INDIFFERENT		2014.0	Album	203.0
F5HPi3kH_lU	Roots Man Time	I Roy	I Roy Meets King Tubby & The Aggrovators	I Roy	INDIFFERENT		2014.0	Album	
4o4vUvihvig	Roots Man Time	I Roy	Roots Man Time	I Roy	INDIFFERENT		2012.0	Single	
uNW6YnIAa0o	Don't Change	INXS	Shabooh Shoobah	INXS	INDIFFERENT		1982.0	Album	
UAdexmOC4io	The One Thing	INXS	Shabooh Shoobah	INXS	INDIFFERENT	4.5159235	1982.0	Album	
EOmxr0Mr6IM	Rei	IOM	Beatsupply: Crate001	Various Artists	INDIFFERENT		2018.0	EP	
u5ZEfm9yH2k	You Were On My Mind	Ian & Sylvia	Northern Journey	Ian & Sylvia	INDIFFERENT	3.3004291	1964.0	Album	
RUnQnIrJ3XE	Hit Me with Your Rhythm Stick	Ian Dury	Hit Me! The Best Of	Ian Dury	INDIFFERENT		2020.0	Album	
L0ZHlz-yo44	Sex & Drugs & Rock & Roll	Ian Dury	Hit Me! The Best Of	Ian Dury	INDIFFERENT		2020.0	Album	193.0
cowmDhNdmkk	Sex & Drugs & Rock & Roll	Ian Dury	New Boots And Panties!	Ian Dury	INDIFFERENT		1977.0	Album	
Jysyk08odnc	Sex & Drugs & Rock & Roll	Ian Dury	Sex & Drugs & Rock & Roll	The Blockheads	INDIFFERENT		1977.0	Album	
3Zty5BExLo8	When We Were Young	Ian Eagle Ashanti	When We Were Young	Ian Eagle Ashanti	INDIFFERENT		2021.0	Single	
1qDkZnpOiS8	Cleveland Rocks (2009 Remaster)	Ian Hunter	You're Never Alone with a Schizophrenic (Deluxe Version)	Ian Hunter	INDIFFERENT		1979.0	Album	
qVEhxBbce8A	Shake It	Ian Matthews	Stealin' Home	Ian Matthews	INDIFFERENT		1978.0	Album	
S0bLUZSwQbE	A Gangsta's Fairytale	Ice Cube	AmeriKKKa's Most Wanted	Ice Cube	INDIFFERENT		1990.0	Album	
yZ6BBzK0lmw	Say Hi To The Bad Guy	Ice Cube	The Predator	Ice Cube	INDIFFERENT	4.4171596	1992.0	Album	
aTAahHT_0OE	The Tower	Ice-T	O.G. Original Gangster	Ice-T	INDIFFERENT	4.3984404	1991.0	Album	
4VRI2Aq_zkI	New Jack Hustler (Nino's Theme)	Ice-T	O.G. Original Gangster	Ice-T	INDIFFERENT	4.4159579	1991.0	Album	
j3ymSpjCtV8	Colors	Ice-T	Rhino Hi-Five: Rap [Vol 2]	Various Artists	INDIFFERENT		2006.0	EP	
hJssvtC0KpU	Take it all	Iceage	Beyondless	Iceage	INDIFFERENT	3.8450704	2018.0	Album	
8juoPgxEbZY	The day the music dies	Iceage	Beyondless	Iceage	INDIFFERENT	3.7356322	2018.0	Album	
RD_gXdEEva8	Eyes	Iceage	New Brigade	Iceage	INDIFFERENT	3.875	2011.0	Album	
mK9F29J5voQ	White Rune	Iceage	New Brigade	Iceage	INDIFFERENT	4.4666667	2011.0	Album	
mNbXXprZR68	You're Blessed	Iceage	New Brigade	Iceage	INDIFFERENT	4.5348835	2011.0	Album	
06o94OBhHUk	Never Return	Iceage	New Brigade	Iceage	INDIFFERENT	4.1724138	2011.0	Album	
7jWEn_r_Qkg	Death Trip [2023 Remaster] (Bowie Mix)	Iggy & The Stooges	Raw Power (50th Anniversary Legacy Edition)	Iggy & The Stooges	INDIFFERENT		1973.0	Album	354.0
NC3JDy6NudM	Some Weird Sin	Iggy Pop	A Million In Prizes: Iggy Pop Anthology	Iggy Pop	INDIFFERENT		2005.0	Album	221.0
zkCCC3Zqpcs	Lust For Life	Iggy Pop	Nude & Rude: The Best Of Iggy Pop	Iggy Pop	INDIFFERENT		1996.0	Album	314.0
vvQCpQhJOuY	Moulding (Whip That Tarantula)	Ijahman	Are We A Warrior	Ijahman	INDIFFERENT		1979.0	Album	
1-4g-USO-Tc	I Am a Levi	Ijahman Levi	Soul Warrior - I Am Levi	Ijahman Levi	INDIFFERENT		2010.0	Album	
84FhlPuXkPw	"So This Is Love (From ""Cinderella"")"	Ilene Woods	Disney Princess: The Ultimate Song Collection	Various Artists	INDIFFERENT		2004.0	Album	
0gTcGawN9xk	Bastia	Illiterate	Chillhop Essentials Fall 2018	Various Artists	INDIFFERENT		2018.0	Album	
Ok9zfly-KmM	Hide and Seek	Imogen Heap	Speak for Yourself	Imogen Heap	INDIFFERENT		2005.0	Album	
73FkUYTF6jM	A Certain Shade of Green	Incubus	S.C.I.E.N.C.E.	Incubus	INDIFFERENT		1997.0	Album	
15gilEBOa3k	Weight	Indelible MCs	Lyricist Lounge Vol. 1	Various Artists	INDIFFERENT		1998.0	Album	
JJCkyNPx4DI	Heart on Fire (IYES Remix)	Indiana	Heart on Fire (Remixes)	Indiana	INDIFFERENT	2.8947368	2014.0	Single	
-wRdHip_efI	8	Instra:mental	Resolution 653	Instra:mental	INDIFFERENT		2011.0	Album	325.0
ZCpqjKzOW3U	Let Go	Intertwine	Let Go	Intertwine	INDIFFERENT		2018.0	Single	
yvYVIr5-pUg	Fly with Me	Iration	Iration	Iration	INDIFFERENT	4.5370946	2018.0	Album	
wPT4UizFUEY	Anyone Who Knows What Love Is (Will Understand)	Irma Thomas	Take A Look	Irma Thomas	INDIFFERENT		1966.0	Album	
iXoK70Wjjbo	Lion's Mane	Iron & Wine	The Creek Drank the Cradle	Iron & Wine	INDIFFERENT	4.3296528	2002.0	Album	
hnQYlZo2pNk	White Tooth Man	Iron & Wine	The Shepherd's Dog	Iron & Wine	INDIFFERENT		2007.0	Album	
sbos30RqhFY	Lost in a Lost World	Iron Maiden	Senjutsu	Iron Maiden	INDIFFERENT		2021.0	Album	
9J-zCRPBx1w	Senjutsu	Iron Maiden	Senjutsu	Iron Maiden	INDIFFERENT		2021.0	Album	
55ISbbSopXA	Hallowed Be Thy Name	Iron Maiden	The Number of the Beast (2015 - Remaster)	Iron Maiden	INDIFFERENT		1982.0	Album	
a_iDSzfmci0	I Like God's Style	Isabel Baker	I Like God's Style	Isabel Baker	INDIFFERENT		2016.0	Album	
sC1qX2SRjSY	Heroin Island	Isaiah The Mosaic	Heroin Island	Isaiah The Mosaic	INDIFFERENT		2015.0	Single	
ZGCVcHpbUN8	Woman Woman Blues	Ishman Bracey	Really! The Country Blues: 1927-1933	Various Artists	INDIFFERENT		2011.0	Album	
NxV5soQNjxc	Brown Mama Blues	Ishman Bracey	Saturday Blues	Ishman Bracey	INDIFFERENT		2015.0	Album	
cVgX6NEbXFQ	Left Alone Blues	Ishman Bracey	Saturday Blues	Ishman Bracey	INDIFFERENT		2015.0	Album	
S1HrUsfJewA	Woman Woman Blues	Ishman Bracey	Saturday Blues	Ishman Bracey	INDIFFERENT		2015.0	Album	
5GFkQz5CTGA	Leavin' Town Blues	Ishman Bracey	Saturday Blues	Ishman Bracey	INDIFFERENT		2015.0	Album	
ASMbhvI3yB0	Left Alone Blues	Ishman Bracey	Suitcase Full of Blues (1928-1929)	Ishman Bracey	INDIFFERENT		2011.0	Album	
gwhJQqL_Pn4	Left Alone Blues	Ishman Bracey	Vintage Rural Blues	Various Artists	INDIFFERENT		2014.0	Album	
S_gVALi6b34	Middle East	Israel Vibration	Strength of My Life	Israel Vibration	INDIFFERENT		1988.0	Album	
vx-dIoxXDdI	We A De Rasta	Israel Vibration	Unconquered People	Israel Vibration	INDIFFERENT		1979.0	Album	
Jg47FxIndS0	Who's Gonna Baby the Man	Isto	Isto on the Go	Isto	INDIFFERENT		2019.0	Album	
ftzUgqFZD-E	White Bird (Live)	It's A Beautiful Day	Dreams Of The Aspen Trees	It's A Beautiful Day	INDIFFERENT		2021.0	Album	
_f4AG1dkm7A	Dillatronic 02	J Dilla	Dillatronic	J Dilla	INDIFFERENT		2015.0	Album	144.0
Ck74UaHYs4U	Cadillac	J Dilla	Jay Stay Paid	J Dilla	INDIFFERENT	4.53719	2009.0	Album	
GmCVT5BZPIk	Braggin Writes	J-Live	Always Has Been	J-Live	INDIFFERENT		2003.0	EP	
js9yJapjNMA	Them That's Not	J-Live	The Best Part	J-Live	INDIFFERENT		2001.0	Album	
O2EfKg_nWbA	Vampire Hunter J	J-Live	The Best Part	J-Live	INDIFFERENT		2001.0	Album	
1jsUp4GVfN0	New Orleans	J.J. Cale	Travel-Log	J.J. Cale	INDIFFERENT		1989.0	Album	
-LeElYp1rtU	But It's Alright	J.J. Jackson	Soul Masterpieces	Various Artists	INDIFFERENT		2020.0	Album	173.0
V-TGY6iOlOc	Olympia	JAM Project	Olympia	JAM Project	INDIFFERENT		2006.0	Album	
6O3OP2MXWBE	Anything	JAY-Z	The Truth	Beanie Sigel	INDIFFERENT		2000.0	Album	
Dp5EBWT3kEY	Your Lady, She's Shady	JJ Grey & Mofro	This River	JJ Grey & Mofro	INDIFFERENT		2013.0	Album	
75LEuq7vmvY	Your Lady, She's Shady	JJ Grey & Mofro	This River						191.0
nG1NbweIevA	Your Lady, She's Shady	JJ Grey & Mofro	This River	JJ Grey & Mofro	INDIFFERENT		2013.0	Album	191.0
VwJqxEneQc0	Back To Tha Shit (feat. D-Moe & San Quinn)	JT The Bigga Figga	Playaz N The Game	JT The Bigga Figga	INDIFFERENT		1993.0	Album	
hi9gvq8-Jw4	Doin' Dirt (feat. Gigolo G)	JT The Bigga Figga	Playaz N The Game	JT The Bigga Figga	INDIFFERENT		1993.0	Album	
9eAuFPWmKX8	GL Interlude	JT The Bigga Figga	Playaz N The Game	JT The Bigga Figga	INDIFFERENT		1993.0	Album	
bdOsmfFJj50	It's About That Time	JT The Bigga Figga	Playaz N The Game	JT The Bigga Figga	INDIFFERENT		1993.0	Album	
-gcK--C4O3Y	Out 2 Get Cha (feat. D-Moe)	JT The Bigga Figga	Playaz N The Game	JT The Bigga Figga	INDIFFERENT		1993.0	Album	
By_KlKEE_ns	Mr. Millimeter	JT The Bigga Figga	Playaz N The Game	JT The Bigga Figga	INDIFFERENT		1993.0	Album	
39a2-rQVarM	The Paper Chase	JT The Bigga Figga	Playaz N The Game	JT The Bigga Figga	INDIFFERENT		1993.0	Album	
3r4wdBm8Gms	You Can't Play A Playa	JT The Bigga Figga	Playaz N The Game	JT The Bigga Figga	INDIFFERENT		1993.0	Album	
PgXlMNDezk4	Mysteries of Love	JULEE CRUISE	Floating Into The Night	Julee Cruise	INDIFFERENT		1989.0	Album	
W13ILu-Jz0Y	That's The Kind Of Love I'm In	Jace Everett	Jace Everett	Jace Everett	INDIFFERENT		2005.0	Album	176.0
tV4cWymVa9Q	Whiskey, Women And Loaded Dice	Jack Cardwell	Hillbilly Classics	Jack Cardwell	INDIFFERENT		2011.0	Album	
-fzimrnleso	Slow Down (feat. The Jimbos)	Jack Earls	The Best of Sun Records	Various Artists	INDIFFERENT		2012.0	Album	
Hj2x5D7Hdmw	Moonshine Still	Jack Holt	Ultimate Rock N' Roll Drinkers & Sinners		INDIFFERENT				
Jfw20OUk4co	The Lonely Surfer	Jack Nitzsche	The Lonely Surfer	Jack Nitzsche	INDIFFERENT		1963.0	Album	
UGTEvJosFZY	The Way I Walk	Jack Scott	Jack Scott Rocks	Jack Scott	INDIFFERENT		1976.0	Album	
hPqKWG4u_ks	I Think I Found The Culprit	Jack White	Lazaretto	Jack White	INDIFFERENT	4.1374607	2014.0	Album	
mK_TrAkKMhs	Just One Drink	Jack White	Lazaretto	Jack White	INDIFFERENT	3.8012552	2014.0	Album	
ciMAx3VP1B8	Don't Forget	JackLNDN	Summer Never Ends, Vol. 1	JackLNDN	INDIFFERENT	4.6193895	2015.0	EP	
YeB-zIIA-2g	Christ Person, Woman God	Jackal	Christ Person, Woman God	Jackal	INDIFFERENT		2019.0	Single	
GYV1qdGAp5E	My Real Gone Rocket	Jackie Brenston & His Delta Cats	The Chess Story 1947-1956	Various Artists	INDIFFERENT		1999.0	Album	
KKD1YmlHpec	What The World Needs Now Is Love	Jackie DeShannon	Classic Masters	Jackie DeShannon	INDIFFERENT		2002.0	Album	
8LgdRJmjNMY	Put A Little Love In Your Heart	Jackie DeShannon	Laurel Canyon	Jackie DeShannon	INDIFFERENT	4.7084827	1968.0	Album	
CZ8K1sRibCY	Put A Little Love In Your Heart	Jackie DeShannon	What The World Needs Now Is...Jackie DeShannon - The Definitive Collection	Jackie DeShannon	INDIFFERENT		1994.0	Album	
qaWymX8_RO4	Georgia Lee Brown	Jackie Lee Cochran	Jack the Cat	Jackie Lee Cochran	INDIFFERENT		1993.0	Album	
hgTMmIQXvv8	Apogee and Perigee	Jackie McDowell	Baptisia (EP)	Jackie McDowell	INDIFFERENT		2014.0	EP	
BKdo4o-EioA	Apogee and Perigee	Jackie McDowell	Baptisia (EP)	Jackie McDowell	INDIFFERENT		2014.0	EP	211.0
0oYmk4tlDU0	Soul Bird	Jackie Mittoo	Wishbone	Jackie Mittoo	INDIFFERENT		1971.0	Album	
ekeWgxa2jgQ	Baby Workout	Jackie Wilson	Baby Workout	Jackie Wilson	INDIFFERENT		1963.0	Album	
95vAxpeXizg	Etcetera	Jackie Wilson	He's So Fine	Jackie Wilson	INDIFFERENT		2010.0	Album	
qjs_Hs-nkTA	Reet Petite	Jackie Wilson	Rock'n'Roll & Jukebox Hits - 60 Originals From The 50s	Various Artists	INDIFFERENT		2012.0	Album	
7nKOwCAMwg0	Lonely Teardrops	Jackie Wilson	Talk That Talk, Vol. 2	Jackie Wilson	INDIFFERENT		2014.0	Album	164.0
7p0HaD0aQmM	Baby Workout	Jackie Wilson	The Ultimate Jackie Wilson	Jackie Wilson	INDIFFERENT		2006.0	Album	
f9woO32ungw	Whispers (Getting Louder)	Jackie Wilson	The Ultimate Jackie Wilson	Jackie Wilson	INDIFFERENT		2006.0	Album	
lNGn8MLcXZY	Whispers (Getting Louder)	Jackie Wilson	Whispers	Jackie Wilson	INDIFFERENT		2015.0	Album	
MZMDQFP-cL8	Hum Along And Dance	Jackson 5	Get It Together	Jackson 5	INDIFFERENT		1973.0	Album	
n38DQOdseAE	I Want You Back / ABC (Medley: Live on The Ed Sullivan Show, May 10, 1970)	Jackson 5	I Want You Back / ABC (Medley: Live on The Ed Sullivan Show, May 10, 1970)	Jackson 5	INDIFFERENT		2021.0	Single	
3F0hYGJDWSw	False Rasta	Jacob Miller	Jacob Miller - EP	Jacob Miller	INDIFFERENT		2011.0	EP	
3DDvHj9SOJQ	Tenement Yard	Jacob Miller	Reggae Roots 1972-1995 (Vol.5)	Various Artists	INDIFFERENT		1999.0	Album	
Yvq7c1GUAwQ	The Throw	Jagwar Ma	Howlin	Jagwar Ma	INDIFFERENT		2013.0	Album	
tlkg5GEv-xo	Come Save Me	Jagwar Ma	Howlin	Jagwar Ma	INDIFFERENT		2013.0	Album	
63H01ENZcFo	Marijuana (feat. Damian 'Jr. Gong' Marley)	Jah Cure	Marijuana	Jah Cure	INDIFFERENT		2019.0	Single	
DmNClT9Uhvk	Foundation (feat. Kabaka Pyramid)	Jah Sun	Rise as One	Jah Sun	INDIFFERENT		2013.0	Album	
krk612I06kM	Hardcore [Remix] (feat. Chronixx)	Jah9	Hardcore - single	Jah9	INDIFFERENT		2017.0	Single	
75vDwLn68JA	Demon	Jaill	That's How We Burn	Jaill	INDIFFERENT		2010.0	Album	
7-FBgbrkFZ4	Lazy Day	Jake Kaiser	Lazy Day	Jake Kaiser	INDIFFERENT		2018.0	Single	
8MO5hV6ZtT8	You'll Be on My Mind	Jakob	You'll Be on My Mind	Jakob	INDIFFERENT		2016.0	Single	
aXZdlxlv7oM	Up and Away	Jakob Ogawa	Bedroom Tapes	Jakob Ogawa	INDIFFERENT		2017.0	EP	
ZcbBBsX7sP8	Next to Me	Jakob Ogawa	Bedroom Tapes	Jakob Ogawa	INDIFFERENT	4.7758431	2017.0	EP	
TLvECqhlzuc	All Ready	Jale	So Wound	Jale	INDIFFERENT	3.0	1996.0	Album	
HRVGaLXts98	Everything I Own	Jamaica Reggae Band	The Spirit from Jamaica	Jamaica Reggae Band	INDIFFERENT	4.4266667	2013.0	Album	
mC53oRIo0zQ	Laid	James	Laid (Digitally Remastered)	James	INDIFFERENT		1993.0	Album	
b_H-wMevdJM	She Gotta Wobble (When She Walks) (Imperial 5424)	"James ""Sugar Boy"" Crawford"	R&B Humdingers Volume 12		INDIFFERENT				
y_holg85-Sk	I Don't Want Nobody To Give Me Nothing (Open Up The Door I'll Get It Myself)	James Brown	Foundations Of Funk: A Brand New Bag: 1964-1969	James Brown	INDIFFERENT		1996.0	Album	
QS8FxHsw0U0	Get Up Offa That Thing (Release The Pressure)	James Brown	Greatest Breakbeats	James Brown	INDIFFERENT		2004.0	Album	
Aur9gLzsXQU	Santa Claus Go Straight To The Ghetto	James Brown	Soulful Christmas	James Brown	INDIFFERENT		1968.0	Album	
aj4ul0x-giA	Her Town Too	James Taylor	Dad Loves His Work	James Taylor	INDIFFERENT		1981.0	Album	
u92iz1pfcnQ	Shoulda	Jamie Woon	Mirrorwriting	Jamie Woon	INDIFFERENT	4.5067153	2011.0	Album	
9Caog-O3Vd8	Surf City	Jan & Dean	20th Century Rocks: 60's Rock 'n Roll - Tossin' and Turnin'	Various Artists	INDIFFERENT		2001.0	Album	
akP2uqjeJ24	Linda	Jan & Dean	All The Hits: From Surf City To Drag City	Jan & Dean	INDIFFERENT	4.125	1996.0	Album	
g-NYfgmcoZ8	Heart & Soul	Jan & Dean	Essential Hits	Jan & Dean	INDIFFERENT	3.8652482	2013.0	Album	
E_6FKsei-oY	The Little Old Lady (From Pasadena)	Jan & Dean	Golden Hits	Jan & Dean	INDIFFERENT	4.7793102	1996.0	Album	
i0YkeQbn1ao	Surf City	Jan & Dean	Surf City	Jan & Dean	INDIFFERENT		1963.0	Single	
0FWnkQ0WjmM	Surf City	Jan & Dean	Surf City And Other Swingin' Cities	Jan & Dean	INDIFFERENT	4.2890172	1963.0	Album	
7udIP7Bux2U	The Little Old Lady (From Pasadena)	Jan & Dean	The Little Old Lady From Pasadena	Jan & Dean	INDIFFERENT	4.3632231	1964.0	Album	
pX-1tOAf-zI	Surf City (Re-Recording)	Jan & Dean	The Sensational 60's - Vol. 1	Various Artists	INDIFFERENT	3.6666667	2010.0	Album	
rRac9Y0xWpE	New Walking Shoes	Jan Van Gold	New Walking Shoes	Jan Van Gold	INDIFFERENT		2020.0	Single	
-H7YULkiLIA	Mercedes Benz	Janis Joplin	Pearl	Janis Joplin	INDIFFERENT		1971.0	Album	
-dRCxbhrxa8	Try (Just A Little Bit Harder) (Live at The Woodstock Music & Art Fair, August 17, 1969)	Janis Joplin	The Woodstock Experience	Janis Joplin	INDIFFERENT		2009.0	Album	
PrIHQIXGMKo	Bang Bang	Janis Martin	Presenting Janis Martin	Janis Martin	INDIFFERENT		1956.0	Album	
2SoY9U1DCjw	Bang Bang	Janis Martin	We Love You To Pieces	Janis Martin	INDIFFERENT		2009.0	Album	
-geEGO-uiS0	Sitting Bull	Janko Nilovic	Funky Tramway	Janko Nilovic	INDIFFERENT		1975.0	Album	
qREKnHwwDpo	"Quiet Life (7"" Version)"	Japan	Quiet Life	Japan	INDIFFERENT		1979.0	Album	
ZuP4Rknvnu8	All Tomorrow's Parties	Japan	Quiet Life	Japan	INDIFFERENT		1979.0	Album	
1yqDXybpNH0	Someone That You Love (feat. Olivia Nelson)	Jarreau Vandal	Someone That You Love (feat. Olivia Nelson)	Jarreau Vandal	INDIFFERENT	4.7372632	2017.0	Single	
2A658iBAvNw	Golden Ball And Chain	Jason & The Scorchers	Still Standing	Jason & The Scorchers	INDIFFERENT		1986.0	Album	
at785pb6Q_w	Come A Little Bit Closer	Jay & The Americans	Greatest Hits	Jay & The Americans	INDIFFERENT	4.4976745	1991.0	Album	
EI0Tt3UZ5jc	Thunder Island	Jay Ferguson	Thunder Island	Jay Ferguson	INDIFFERENT		1977.0	Album	
mHQmghwWT1Q	My Family	Jay Reatard	Blood Visions	Jay Reatard	INDIFFERENT	4.6296296	2006.0	Album	
OULC-Aw877I	Puppet Man	Jay Reatard	Blood Visions	Jay Reatard	INDIFFERENT	4.5187969	2006.0	Album	
k_yiQNaxtFA	The Longest Walk	Jaye P. Morgan	The Very Best Of	Jaye P. Morgan	INDIFFERENT		2009.0	Album	
6L1rxfvc0j0	Nitty Gritty	Jayo Felony	Whatcha Gonna Do	Jayo Felony	INDIFFERENT	4.8078499	1998.0	Album	
RJcUhunO7LU	Tokyo Flow (feat. Tokyo X)	Jaytru	Tokyo Flow (feat. Tokyo X)	Jaytru	INDIFFERENT		2021.0	Single	
tY9RK_0wWCA	Hater's Anthem	Jean Grae	The Bootleg Of The Bootleg EP	Jean Grae	INDIFFERENT		2003.0	EP	
NyTfQrK9Owc	En voilier (feat. Bleu Platine)	Jean Tonique	Plage d'or	Jean Tonique	INDIFFERENT		2016.0	EP	
3bLMxH0r224	Un rêve à deux (feat. Bleu Platine)	Jean Tonique	Plage d'or	Jean Tonique	INDIFFERENT		2016.0	EP	
K7udCgtT9UQ	Plage d'or (feat. Bleu Platine)	Jean Tonique	Plage d'or	Jean Tonique	INDIFFERENT		2016.0	Single	
dEt7eLDseK4	Plage d'or (feat. Bleu Platine)	Jean Tonique	Plage d'or (feat. Bleu Platine)	Jean Tonique	INDIFFERENT		2016.0	Single	
4Xe80yBruYI	La rencontre (feat. Gion Arto)	Jean Tonique	You	Jean Tonique	INDIFFERENT		2015.0	Album	
eYRVs1Mkpno	Fame for Sale (feat. Jessie Chaton)	Jean Tonique	You	Jean Tonique	INDIFFERENT		2015.0	Album	
fEV0IVk80Xo	menari	Jean Tonique	scrambled eggs	Jean Tonique	INDIFFERENT	4.7460318	2020.0	Single	
G7OgqCr2qS8	Harper Valley P.T.A. (Mono / Remastered 2022)	Jeannie C. Riley	Harper Valley P.T.A. (Mono / Remastered 2022)	Jeannie C. Riley	INDIFFERENT		1968.0	Album	195.0
lbQgDhFDezw	Evil Woman (Live at Wembley Stadium)	Jeff Lynne's ELO	Evil Woman (Live at Wembley Stadium)	Jeff Lynne's ELO	INDIFFERENT		2017.0	Single	275.0
6y6ayH7jHik	Evil Woman (Live at Wembley Stadium)	Jeff Lynne's ELO	Jeff Lynne's ELO - Wembley or Bust	Jeff Lynne's ELO	INDIFFERENT		2023.0	Album	275.0
TIkJiKgcFZQ	Teach Me How to Fly (Live)	Jeff St. John	Live	Jeff St. John	INDIFFERENT		1974.0	Album	
1JgX70lXzj8	Martha	Jefferson Airplane	After Bathing At Baxters	Jefferson Airplane	INDIFFERENT	3.3927827	2018.0	Album	
JZ8ODlt8leo	Rejoyce	Jefferson Airplane	After Bathing At Baxters	Jefferson Airplane	INDIFFERENT			Album	
2Wv6MoP4b04	Wild Tyme	Jefferson Airplane	After Bathing At Baxters	Jefferson Airplane	INDIFFERENT			Album	
l3JaAE8Ga8o	The Ballad of You & Me & Pooneil (alternate version)	Jefferson Airplane	After Bathing At Baxters	Jefferson Airplane	INDIFFERENT			Album	
HY3F9hSVU5I	3/5 of a Mile In 10 Seconds (Live at the Fillmore West, San Francisco, CA - October 1968)	Jefferson Airplane	Bless Its Pointed Little Head	Jefferson Airplane	INDIFFERENT		1969.0	Album	
o0MgyH_WKNk	The House at Pooneil Corners	Jefferson Airplane	Crown Of Creation	Jefferson Airplane	INDIFFERENT		2003.0	Album	
3VYDBZzM-g0	Lather	Jefferson Airplane	Crown Of Creation	Jefferson Airplane	INDIFFERENT		2003.0	Album	
8LeZOqp2g1k	Blues from an Airplane	Jefferson Airplane	Jefferson Airplane Takes Off	Jefferson Airplane	INDIFFERENT		1966.0	Album	
3ZTA7LhvFKY	Volunteers (Live at The Woodstock Music & Art Fair, August 16, 1969)	Jefferson Airplane	Jefferson Airplane: The Woodstock Experience	Jefferson Airplane	INDIFFERENT		2009.0	Album	
UmSOWxV8vjQ	Lather	Jefferson Airplane	Loves You	Jefferson Airplane	INDIFFERENT		1992.0	Album	
sytz8tMdyWw	Watch Her Ride	Jefferson Airplane	The Essential Jefferson Airplane	Jefferson Airplane	INDIFFERENT		2003.0	Album	
kj44jyAqcV4	Blues from an Airplane	Jefferson Airplane	The Worst Of Jefferson Airplane	Jefferson Airplane	INDIFFERENT	3.5469387	1970.0	Album	
hTxPxDNrxxI	Lather	Jefferson Airplane	The Worst Of Jefferson Airplane	Jefferson Airplane	INDIFFERENT		1970.0	Album	
Ncr0U7TTyCM	Eskimo Blue Day	Jefferson Airplane	Volunteers	Jefferson Airplane	INDIFFERENT		1969.0	Album	
2SnmYs9OKqU	With Your Love	Jefferson Starship	Spitfire	Jefferson Starship	INDIFFERENT		1976.0	Album	
L-TPdgIn0pc	Right Time of the Night	Jennifer Warnes	Platinum & Gold Collection	Jennifer Warnes	INDIFFERENT		2004.0	Album	
5SPCBkah4D4	You Like Me Don't You	Jermaine Jackson	Greatest Hits And Rare Classics	Jermaine Jackson	INDIFFERENT		1991.0	Album	
4_mVaBtVzj4	Let It Be Me	Jerry Butler	Aware Of Love	Jerry Butler	INDIFFERENT		1961.0	Album	
XIkX9f97d4g	Lights Out	Jerry Byrne	The Specialty Story	Various Artists	INDIFFERENT		1994.0	Album	
xqa3U8dhhME	Cut You In	Jerry Cantrell	Boggy Depot	Jerry Cantrell	INDIFFERENT		1998.0	Album	
c1Bz7Kp6Y-o	The Boxer (feat. Mumford & Sons & Paul Simon)	Jerry Douglas	Babel (Deluxe Version)	Mumford & Sons	INDIFFERENT		2012.0	Album	246.0
_-dcoCxM4AQ	I'm Doing All Right	Jerry Hanson	50' Rock From Texas	Various Artists	INDIFFERENT		2011.0	Album	
JcRB9D70meI	I'm Doing All Right	Jerry Hanson	Gene Vincent Cut Our Songs: Primitive Texas Rockabilly & Honky Tonk	Various Artists	INDIFFERENT		2012.0	Album	
GN8VV8CHnrk	Whole Lotta Shakin’ Goin’ On	Jerry Lee Lewis	Deluxe: Greatest Hits - Jerry Lee Lewis	Jerry Lee Lewis	INDIFFERENT		2012.0	Album	
9xx3RmTNHbE	High School Confidential	Jerry Lee Lewis	Deluxe: Greatest Hits - Jerry Lee Lewis	Jerry Lee Lewis	INDIFFERENT		2012.0	Album	
ZePXqMn7NeQ	High School Confidential	Jerry Lee Lewis	Sun Records - The Definitive Hits, Vol. 1	Various Artists	INDIFFERENT		2000.0	Album	151.0
cLoMc4TFqJA	Grey Area	Jerry Paper	Like a Baby	Jerry Paper	INDIFFERENT		2018.0	Album	
fty3aTMWbWc	Gator	Jerry Reed	Both Barrels	Jerry Reed	INDIFFERENT		1976.0	Album	
ZmXD_DKNuEs	West Bound And Down	Jerry Reed	Smokey And The Bandit (Original Motion Picture Soundtrack)	Various Artists	INDIFFERENT		1977.0	Album	
biELT3VTGPg	In The Misty Moonlight	Jerry Wallace	King Of The Mountain	Jerry Wallace	INDIFFERENT		2006.0	Album	
5jLkL-j_D3M	Linin' Track (Instrumental)	Jesse Fuller	Jazz, Folk Songs, Spirituals, & Blues	Jesse Fuller	INDIFFERENT		1958.0	Album	
0QAIx4iQUlU	Ooh Poo Pah Doo Part 1	Jessie Hill	Essential Louisiana R&B	Various Artists	INDIFFERENT		2006.0	Album	
cEG1ei0DYp8	Rain	Jet Black Joe	Greatest Hits	Jet Black Joe	INDIFFERENT		2016.0	Album	
ZJ_zl-qZGBQ	Rain	Jet Black Joe	Jet Black Joe	Jet Black Joe	INDIFFERENT		2016.0	Album	
uzKvArnFKac	Rain	Jet Black Joe	You Can Have It All	Jet Black Joe	INDIFFERENT		1996.0	Album	
XZegqJtrtjc	Hymn 43	Jethro Tull	Aqualung (Special Edition)	Jethro Tull	INDIFFERENT	4.5697412	1971.0	Album	
OyyQ2XRPOnI	Locomotive Breath	Jethro Tull	Aqualung (Special Edition)	Jethro Tull	INDIFFERENT	4.7201977	1971.0	Album	
xkzeeEU27Mw	Teacher (Single Mix) [2001 Remaster]	Jethro Tull	Benefit	Jethro Tull	INDIFFERENT		1970.0	Album	
j1VYRZF8bCs	Inside (2001 Remaster)	Jethro Tull	Benefit	Jethro Tull	INDIFFERENT		1970.0	Album	
sx9ysT-MJfg	Locomotive Breath	Jethro Tull	Rock Stardom, Vol.2	Various Artists	INDIFFERENT	4.0456853	2015.0	Album	
Tn9IyFLDtjk	Living in the Past (2001 Remaster)	Jethro Tull	The Very Best of Jethro Tull	Jethro Tull	INDIFFERENT		2001.0	Album	
c4JqvK3Fwn8	Locomotive Breath (2001 Remastered Version)	Jethro Tull	The Very Best of Jethro Tull	Jethro Tull	INDIFFERENT		2001.0	Album	264.0
S5D9HZyYI6g	Skating Away On the Thin Ice of the New Day (2002 Remaster)	Jethro Tull	War Child	Jethro Tull	INDIFFERENT		1974.0	Album	
PMX3iNL9Vfk	The Birds And The Bees	Jewel Akens	Smash Hits Of The 60's	Various Artists	INDIFFERENT	3.8235295	2009.0	Album	
p8fLheex1nA	The Birds and the Bees	Jewel Akens	The Birds and the Bees	Jewel Akens	INDIFFERENT		1965.0	Single	
9h1davKgBYM	Time In A Bottle	Jim Croce	Photographs & Memories: His Greatest Hits	Jim Croce	INDIFFERENT		1974.0	Album	
hickVDiW8k0	You Don't Mess Around With Jim	Jim Croce	Photographs & Memories: His Greatest Hits	Jim Croce	INDIFFERENT		1974.0	Album	
fOs1w3zzWCQ	Spiders & Snakes	Jim Stafford	Jim Stafford	Jim Stafford	INDIFFERENT		1974.0	Album	186.0
izxYzxxSvKU	Jeanie (feat. Bon Iver)	Jim-E Stack	Jeanie	Jim-E Stack	INDIFFERENT		2020.0	Single	168.0
9Mg3mvbbphA	Jeanie (feat. Bon Iver)	Jim-E Stack	Jeanie (feat. Bon Iver)	Jim-E Stack	INDIFFERENT		2020.0	Single	
0IhFV0I24B4	Foxy Lady (Live)	Jimi Hendrix	Rock Novelties, Vol.2	Various Artists	INDIFFERENT		2015.0	Album	
daUu6Q_kRu4	Honeycomb	Jimmie Rodgers	Honeycomb	Jimmie Rodgers	INDIFFERENT		1957.0	Single	
VzS7ddtWmxA	Honeycomb (Live On The Ed Sullivan Show, November 3, 1957)	Jimmie Rodgers	Honeycomb (Live On The Ed Sullivan Show, November 3, 1957)	Jimmie Rodgers	INDIFFERENT		2021.0	Single	
D9jKYDv7NG8	Honeycomb	Jimmie Rodgers	The Best Of Jimmie Rodgers	Jimmie Rodgers	INDIFFERENT		1990.0	Album	
V94vfF8ecO4	High	Jimmie's Chicken Shack	... Pushing The Salmanilla Envelope	Jimmie's Chicken Shack	INDIFFERENT		1997.0	Album	
Qwx-MlbAyJ0	Come Monday	Jimmy Buffett	Songs You Know By Heart	Jimmy Buffett	INDIFFERENT		1985.0	Album	188.0
J-YL-e39r00	I Can See Clearly Now	Jimmy Cliff	We All Are One: The Best Of Jimmy Cliff	Jimmy Cliff	INDIFFERENT		2002.0	Album	
AmDWIgN2xsY	I've Got a Dollar	Jimmy Dell	Performing All His Hits!	Jimmy Dell	INDIFFERENT		2021.0	Album	
EP5E8CCaTdg	Woman Love	Jimmy Johnson	Rock 'n' Roll Into The 50's, Vol. 2	Various Artists	INDIFFERENT		2014.0	Album	
VATfv6q91Ck	Hoot Your Belly	Jimmy Lee Williams	Hoot Your Belly	Jimmy Lee Williams	INDIFFERENT		2004.0	Album	
0U4F2MWFf80	New And Different Way	Jimmy Messina	Oasis	Jimmy Messina	INDIFFERENT		1979.0	Album	
p2qb7bPa1cg	We Live A Long Time To Get Old	Jimmy Murphy	Electricity	Jimmy Murphy	INDIFFERENT		2006.0	Album	
eDnBrBU3Bf8	Sloppy Drunk (Single Version)	Jimmy Rogers	Chicago Bound	Jimmy Rogers	INDIFFERENT		1976.0	Album	
0yMHxuGq3rs	Limehouse Blues	Jimmy Rosenberg	Guitar Genius	Jimmy Rosenberg	INDIFFERENT		2018.0	Album	
RqWg4mZHXew	Blue Bossa	Jimmy Rosenberg	Trio	Jimmy Rosenberg	INDIFFERENT		2004.0	Album	
fxUY-99TPRY	If You Wanna Be Happy	Jimmy Soul	"Frank Guida Presents: Jimmy Soul ""If You Wanna Be Happy"""	Jimmy Soul	INDIFFERENT		2012.0	Album	
b9kPilrNBxY	What Time Is It	Jive Five	Doo-Wop Classics Vol. 9 [Beltone Records]	Various Artists	INDIFFERENT		2007.0	Album	
63LVWwQvZLQ	Unknown Tongues	Jlin	Dark Energy	Jlin	INDIFFERENT	4.1260505	2015.0	Album	
vjY8GZHZa4g	Point of View	Jo Mersa Marley	Point of View	Jo Mersa Marley	INDIFFERENT		2018.0	Single	
L7Vmnw886nI	Monday, Tuesday, Wednesday (I Love You)	Jo Stafford	Monday, Tuesday, Wednesday (I Love You)	Jo Stafford	INDIFFERENT		2021.0	Single	
rl1Pa37-Szw	The Gentleman Is A Dope	Jo Stafford	Starring Jo Stafford	Jo Stafford	INDIFFERENT		1953.0	Album	
6Q4KezBVpHM	Evangeline Special	Jo-El Sonnier	Cajun Roots	Jo-El Sonnier	INDIFFERENT		1994.0	Album	
sBohO1zr7jw	Love And Affection	Joan Armatrading	Joan Armatrading	Joan Armatrading	INDIFFERENT		1976.0	Album	
YvjcLrJGyQM	I Dreamed I Saw St. Augustine	Joan Baez	Any Day Now	Joan Baez	INDIFFERENT		1968.0	Album	
IrVD0bP_ybg	Diamonds And Rust	Joan Baez	Diamonds & Rust	Joan Baez	INDIFFERENT	4.6906471	1975.0	Album	
UwFNKV8_dJk	If You Were A Carpenter	Joan Baez	Joan	Joan Baez	INDIFFERENT	3.9351146	1967.0	Album	
QyyCdrpeuw8	Sweet Sir Galahad (Live At The Woodstock Music & Art Fair / 1969)	Joan Baez	Live At Woodstock	Joan Baez	INDIFFERENT		2019.0	Album	
kgrkFOInY8k	Joe Hill (Live At The Woodstock Music & Art Fair / 1969)	Joan Baez	Live At Woodstock	Joan Baez	INDIFFERENT		2019.0	Album	
Ac1JzA9_XlY	Walkin' Blues	Joanna Connor	Fight	Joanna Connor	INDIFFERENT		1992.0	Album	
b9ntMYMP3EA	Heartbreaker (feat. Glenn Hughes)	Joe Bonamassa	Dust Bowl	Joe Bonamassa	INDIFFERENT		2011.0	Album	
OVVlS4xHH2M	With A Little Help From My Friends (Live At Woodstock 1969)	Joe Cocker	Live At Woodstock	Joe Cocker	INDIFFERENT		2009.0	Album	
_Fo6vheWjjM	Rattlesnake Daddy	Joe D. Johnson	Snake Songs	Various Artists	INDIFFERENT		2012.0	Album	
ABZtt8M809w	Home	Joe Goddard	Home	Joe Goddard	INDIFFERENT	3.7272727	2017.0	Single	
M4mAmLnWW40	Blue Bossa	Joe Henderson	The Standard Joe	Joe Henderson	INDIFFERENT		1991.0	Album	
OodEzUjDKjo	Gotta Let You Go	Joe Hill Louis	Anthology: The Deluxe Collection	Joe Hill Louis	INDIFFERENT		2021.0	Album	166.0
_GzWrhmIu5Y	Gotta Let You Go	Joe Hill Louis	Essential Blues Masters	Joe Hill Louis	INDIFFERENT		2009.0	Album	
qjUwoALt2qI	You Can't Get What You Want (Till You Know What You Want)	Joe Jackson	Body And Soul	Joe Jackson	INDIFFERENT		1984.0	Album	
Rqz64V3fedE	I'm The Man	Joe Jackson	I'm The Man	Joe Jackson	INDIFFERENT		1979.0	Album	
hSJpM_YQwro	It's Different For Girls	Joe Jackson	I'm The Man	Joe Jackson	INDIFFERENT		1979.0	Album	
OH4r2adqw3s	Steppin' Out	Joe Jackson	Night And Day	Joe Jackson	INDIFFERENT		1982.0	Album	
cDbsikq5cLo	You Talk Too Much	Joe Jones	Feelin' Right Saturday Night: The Ric & Ron Anthology	Various Artists	INDIFFERENT		2018.0	Album	
PyzaqU6qdpM	You Talk Too Much	Joe Jones	The Complete Ric & Ron Recordings, Vol. 2: Classic New Orleans R&B And More, 1958-1965	Various Artists	INDIFFERENT		2012.0	Album	
5mdsLvNaKuw	One In A Hundred	Joe McCoy	The McCoy Brothers (Charlie & Joe McCoy) Vol. 1 (1934-1936)	The McCoy Brothers (Charlie & Joe McCoy)	INDIFFERENT		2005.0	Album	
-xyyqM5zI40	Limehouse Blues	Joe Pass	For Django	Joe Pass	INDIFFERENT		1964.0	Album	
ZbGIQl4O5Us	Night And Day	Joe Pass	For Django	Joe Pass	INDIFFERENT		1964.0	Album	
SwoCYdHQhhg	Fleur D'Ennui	Joe Pass	For Django	Joe Pass	INDIFFERENT		1964.0	Album	
kl94qAG8IJE	Yum, Yum, Yum	Joe Tex	Skinny Legs And All	Joe Tex	INDIFFERENT		2009.0	Album	
3TseD2cDjnY	"Peppermint Twist (from ""American Graffiti"")"	Joey Dee & The Starliters	American Graffiti	Various Artists	INDIFFERENT	4.171206	1973.0	Album	
IJ6E78ZoO54	Partly Sunny	Joey Pecoraro	Tired Boy	Joey Pecoraro	INDIFFERENT		2017.0	Album	
_tbHFWpYFbA	Partly Sunny	Joey Pecoraro	Tired Boy	Joey Pecoraro	INDIFFERENT		2017.0	Album	174.0
cU4yK--bKZA	What a Wonderful Thing to Do	Joey Pecoraro	What a Wonderful Thing to Do	Joey Pecoraro	INDIFFERENT		2019.0	Single	
wtElYKTtZPc	On The Dark Side	John Cafferty & The Beaver Brown Band	Eddie And The Cruisers - Original Motion Picture Soundtrack	Various Artists	INDIFFERENT		1983.0	Album	
ImRkQ3q1AcM	Autumn Serenade	John Coltrane	Standards	John Coltrane	INDIFFERENT		2001.0	Album	
I0bLoaVFpTQ	Judy in Disguise (with Glasses)	John Fred And His Playboy Band	Agnes English	John Fred And His Playboy Band	INDIFFERENT		1967.0	Album	
vGSGr4HXuhY	"You'll Never Find (a Love Like Mine) (Extended 12"" Mix)"	John Holt	"Best of Reggae 12"" Collection"	Various Artists	INDIFFERENT		2014.0	Album	
yXs_y6GLOW8	If I Were A Carpenter	John Holt	Memories By The Score Vol. 5	John Holt	INDIFFERENT	5.0	2015.0	Album	
qHRgkiKQfKg	Police In Helicopter	John Holt	Riddimentary: Diplo Selects Greensleeves	Various Artists	INDIFFERENT		2011.0	Album	
mZD2eQE2yp4	Burning Hell	John Lee Hooker	Hooker 'N Heat	John Lee Hooker	INDIFFERENT		1971.0	Album	
Y0ZPbrMv-0Q	Whiskey And Wimmen'	John Lee Hooker	Hooker 'N Heat	John Lee Hooker	INDIFFERENT		1971.0	Album	
NIY5mfkBYAk	Old Time Shimmy	John Lee Hooker	The Big Soul Of John Lee Hooker	John Lee Hooker	INDIFFERENT		1962.0	Album	
xZ_PkjOVuTg	Wobblin' Baby	John Lee Hooker	The Country Blues Of John Lee Hooker	John Lee Hooker	INDIFFERENT	5.0	2013.0	Album	
hZJLrAKCiow	Nobody Told Me (Ultimate Mix)	John Lennon	GIMME SOME TRUTH. (Deluxe)	John Lennon	INDIFFERENT		2020.0	Album	
NlpSyNG-RSg	Dear Old Stockholm	John Lewis	Afternoon in Paris	John Lewis and Sacha Distel	INDIFFERENT	4.477663	2017.0	Album	
c7dDf70GLrg	I Need A Lover	John Mellencamp	The Best That I Could Do 1978-1988	John Mellencamp	INDIFFERENT		1997.0	Album	
sRCLHBhZPQ4	Your Flag Decal Won't Get You into Heaven Anymore	John Prine	John Prine	John Prine	INDIFFERENT		1971.0	Album	173.0
yuxaVfeqTWA	Rainbows All over Your Blues (2007 Remaster)	John Sebastian	John B. Sebastian	John Sebastian	INDIFFERENT		1970.0	Album	
UqwSmQWXcBY	I Had a Dream	John Sebastian	The Best Of John Sebastian	John Sebastian	INDIFFERENT		1989.0	Album	168.0
A_J2bcNx3Gw	Summer Nights (From “Grease”)	John Travolta	Grease (The Original Motion Picture Soundtrack)	Various Artists	INDIFFERENT		1978.0	Album	
JpZTWhRdWVc	Williams: Superman - Main Theme (From “Superman: The Movie”)	John Williams	Superman: The Movie (Original Motion Picture Score)	John Williams	INDIFFERENT		1978.0	Album	336.0
mHeoy_e86wU	Yes Tonight Josephine	Johnnie Ray	Yes Tonight	Johnnie Ray	INDIFFERENT		1957.0	Album	
lAafRfkSvtM	Jody's Got Your Girl And Gone	Johnnie Taylor	The Very Best Of Johnnie Taylor	Johnnie Taylor	INDIFFERENT		2007.0	Album	
SFMjVzSC7gY	So Lonely And Blue	Johnnie Temple	Johnnie Temple Vol. 1 1935-1938	Johnnie Temple	INDIFFERENT		2005.0	Album	
gfPMgwJxEfg	Moody River (feat. The Johnny Mann Singers)	Johnny Burnette	Johnny Burnette's Hits And Other Favorites	Johnny Burnette	INDIFFERENT		1962.0	Album	
VuwEaxdsonc	The Train Kept A Rollin'	Johnny Burnette & The Rock 'N' Roll Trio	Johnny Burnette And The Rock 'N Roll Trio	Johnny Burnette & The Rock 'N' Roll Trio	INDIFFERENT		1956.0	Album	
lqgrqBUbVNc	She's a Moonlighter	Johnny Carlton	She's a Moonlighter	Johnny Carlton	INDIFFERENT		1966.0	Single	
YtVKfHfea20	I See A Darkness	Johnny Cash	American III: Solitary Man	Johnny Cash	INDIFFERENT		2000.0	Album	
_tyiZNS-2CU	Beer Drinking Daddy	Johnny Champion	The Beer Album	Various Artists	INDIFFERENT		2010.0	Album	
ZXE8pyCmvfY	African Roots	Johnny Clarke	Authorised Rockers	Johnny Clarke	INDIFFERENT		1991.0	Album	
tdhSuCiCLtU	Crazy Baldhead	Johnny Clarke	Authorised Rockers	Johnny Clarke	INDIFFERENT		1991.0	Album	
URZmDKt_bI0	Mama Told Me	Johnny Copeland	Working Man's Blues	Johnny Copeland	INDIFFERENT		2006.0	Album	
hdfheWZ_JSQ	Come on Home	Johnny DeChaine & The Cara Sisters	Wild Living		INDIFFERENT				
SG8P2Sh5NfY	The Water (feat. Laura Marling)	Johnny Flynn	Been Listening	Johnny Flynn	INDIFFERENT		2010.0	Album	
20QMGD4LYvA	Haunted House	Johnny Fuller	The Specialty Story	Various Artists	INDIFFERENT		1994.0	Album	
WaW5gASV2EY	Ain't That A Bitch	Johnny Guitar Watson	Ain't That A Bitch	Johnny Guitar Watson	INDIFFERENT		1976.0	Album	
BC_UQAuVVSY	I'm A One Woman Men	Johnny Horton	American Originals	Johnny Horton	INDIFFERENT		1989.0	Album	
aXfuQqkwa5I	The Battle Of New Orleans	Johnny Horton	Johnny Horton'S Greatest Hits	Johnny Horton	INDIFFERENT		1987.0	Album	
hxxBxwwJNbc	The Battle of New Orleans	Johnny Horton	Number Ones Not Forgotten	Various Artists	INDIFFERENT		2022.0	Album	151.0
__uFnEMJqjg	The Battle of New Orleans	Johnny Horton	The Spectacular Johnny Horton	Johnny Horton	INDIFFERENT		2000.0	Album	
e2ZaFg40vqY	"Suicide Is Painless (From the 20th Century-Fox film """"M*A*S*H"")"	Johnny Mandel	M*A*S*H (Soundtrack)	Johnny Mandel	INDIFFERENT		1970.0	Album	
h9xacmsc4Xg	Wonderful! Wonderful! (Single Version)	Johnny Mathis	The Essential Johnny Mathis	Johnny Mathis	INDIFFERENT		2004.0	Album	
u3fcCr96jTg	Castin' My Spell	Johnny Otis	Halloween's Gravest Hits	Various Artists	INDIFFERENT		2009.0	Album	
4RIaXt3fJWw	Take This job And Shove It	Johnny Paycheck	Biggest Hits	Johnny Paycheck	INDIFFERENT		1983.0	Album	
vAI24i825_E	The Poor Side Of Town	Johnny Rivers	Changes	Johnny Rivers	INDIFFERENT		1966.0	Album	
X9yBDC74UZ0	Great Big Kiss	Johnny Thunders	So Alone	Johnny Thunders	INDIFFERENT	4.5406976	1978.0	Album	
vBRzhjnPYSU	School Day Blues	Johnny Winter	Best Of Blues	Johnny Winter	INDIFFERENT		2018.0	Album	
ShJn5t6-6-4	Johnny B. Goode (Live at The Woodstock Music & Art Fair, August 18, 1969)	Johnny Winter	Johnny Winter: The Woodstock Experience	Johnny Winter	INDIFFERENT		2009.0	Album	
wICZ_JWBDOk	Moon Ray	Jolumar	Moon Ray	Jolumar	INDIFFERENT		2020.0	Single	
-CJI-Rf2paM	Immunity	Jon Hopkins	Immunity	Jon Hopkins	INDIFFERENT		2013.0	Album	
wJXz8Ik7Shs	Immunity	Jon Hopkins	Immunity	Jon Hopkins	INDIFFERENT		2013.0	Album	597.0
PdiO0yebRhI	Tobago	Jonas Rathsman	Tobago EP	Jonas Rathsman	INDIFFERENT	4.3593283	2013.0	Single	
A9lK_RInD6M	Sunshine (Go Away Today)	Jonathan Edwards	Jonathan Edwards	Jonathan Edwards	INDIFFERENT		1971.0	Album	
xW_IS-DPZ1E	Free Man in Paris	Joni Mitchell	Court And Spark	Joni Mitchell	INDIFFERENT	4.2794547	1974.0	Album	
hPB70t97-kE	Still (Interlude)	Jordan Rakei	Cloak	Jordan Rakei	INDIFFERENT		2016.0	Album	
MXJs47ctRkQ	Fly On The Wall	Josephine Odhil	Fly On The Wall	Josephine Odhil	INDIFFERENT		2021.0	Single	
1dFQ0k9iAOg	Chico and The Man - (Main Theme) (Digitally Remastered)	José Feliciano	Collection	José Feliciano	INDIFFERENT		2002.0	Album	
DBLscqBupJs	Rua Dois	José Mauro	Rua Dois	José Mauro	INDIFFERENT		2021.0	Single	
wh-p3GiA4FE	Shower Thoughts	Jouta	The Lo-Files	Jouta	INDIFFERENT		2022.0	Album	164.0
1joCgRZTzDk	Angel of the Morning	Joya Landis	Moonlight Lover	Joya Landis	INDIFFERENT	4.6025643	2011.0	Single	
ZnaVPc5ZsQI	Shotgun	Jr. Walker & The All Stars	20th Century Masters: The Millennium Collection: Best of Jr. Walker & The All Stars	Jr. Walker & The All Stars	INDIFFERENT	4.4982333	2000.0	Album	
arlhyISRe1k	Shotgun	Jr. Walker & The All Stars	20th Century Masters: The Millennium Collection: Best of Junior Walker And The All Stars	Jr. Walker & The All Stars	INDIFFERENT		2000.0	Album	
x8_xSZMTuKo	Shotgun	Jr. Walker & The All Stars	Shotgun	Jr. Walker & The All Stars	INDIFFERENT		1965.0	Album	
-OB2noBie7w	Shotgun	Jr. Walker & The All Stars	Tamla Motown UK Invasion	Various Artists	INDIFFERENT		2019.0	Album	
pGFBpXotZuA	Rock Hard Ride Free	Judas Priest	Defenders Of The Faith	Judas Priest	INDIFFERENT		1984.0	Album	
4s1gBIVOTtk	Painkiller	Judas Priest	Painkiller	Judas Priest	INDIFFERENT		1990.0	Album	
40O8nfSRbRg	Lady-O	Judee Sill	Judee Sill	Judee Sill	INDIFFERENT	3.4520795	1971.0	Album	
Sg4fiTKLO2U	Hard Lovin' Loser	Judy Collins	In My Life	Judy Collins	INDIFFERENT	3.5911949	1966.0	Album	
rH_i-_BUI08	Purple People Eater (Live)	Judy Garland	Live at the Groove (1958)	Judy Garland	INDIFFERENT		2012.0	Album	
lO_Py84HVHQ	Whatever U Wanna Call It (feat. Hell Rell)	Juelz Santana	What The Game's Been Missing!	Juelz Santana	INDIFFERENT		2005.0	Album	
8_nrCEWY7XU	"Don't Cry For Me Argentina (From ""Evita"")"	Julie Covington	Unmasked: The Platinum Collection (Deluxe)	Various Artists	INDIFFERENT		2018.0	Album	
fVDhh7ids6A	Desillusion	Jun Fukamachi	Quark	Jun Fukamachi	INDIFFERENT		1980.0	Album	
tObBTfgqCd4	Tennessee Mambo	June Carter	The Essential Early Years 1949-1954	June Carter	INDIFFERENT		2010.0	Album	
M8or6g_CUko	Burn in Hell	Junior Kimbrough	Most Things Haven't Worked Out	Junior Kimbrough	INDIFFERENT		1997.0	Album	
YH8Xa516DDM	Police & Thieves (Single Version)	Junior Murvin	Police And Thieves (Deluxe Edition)	Junior Murvin	INDIFFERENT		1977.0	Album	
YMtmTDHmbWY	(I Got A) Stomach Ache	Junior Wells	It's My Life Baby	Junior Wells	INDIFFERENT		1966.0	Album	
mbP99oQSG_Q	Blue Ocean Floor	Justin Timberlake	The 20/20 Experience (Deluxe Version)	Justin Timberlake	INDIFFERENT		2013.0	Album	
KzaqrQuwr1k	Heptapod B	Jóhann Jóhannsson	Arrival (Original Motion Picture Soundtrack)	Jóhann Jóhannsson	INDIFFERENT		2016.0	Album	
0Y6BMNju1IA	Kyenkyen Bi Adi M'awu	K. Frimpong & His Cubano Fiestas	Afro-Rock Vol. 1	Various Artists	INDIFFERENT		2010.0	Album	
4g20nu88eok	Please Don't Go (Single Version)	KC & The Sunshine Band	Do You Wanna Go Party	KC & The Sunshine Band	INDIFFERENT		1979.0	EP	
QY495Kk9gKE	iSpy (feat. Lil Yachty)	KYLE	Light of Mine	KYLE	INDIFFERENT	4.3659172	2018.0	Album	
Bbcvjt_c6gM	iSpy (feat. Lil Yachty)	KYLE	iSpy (feat. Lil Yachty)	KYLE	INDIFFERENT	4.5770297	2016.0	Single	
1286NSjnjj8	I Want Some of That	Kai Ray	I Want Some of That / Trashman's Blues	Kai Ray	INDIFFERENT		2004.0	Single	
cukiBQ18NgE	Hanging Lanterns	Kalaido	Hanging Lanterns	Kalaido	INDIFFERENT		2018.0	Single	
1PLaipXlu8k	When	Kalin Twins	The Kalin Twins	Kalin Twins	INDIFFERENT		1958.0	Album	
oG8lQGIn9hE	Agricultural Revolution	Kamal Keila	Muslims and Christians (Habibi Funk 008)	Kamal Keila	INDIFFERENT		2018.0	Album	
b1zz5m1YSCM	Hub-Tones	Kamasi Washington	Heaven and Earth	Kamasi Washington	INDIFFERENT	4.6285715	2018.0	Album	
am5WvfSTVJU	Neurotic Reaction	Kannibal Komix	Psych Bites Volume 2	Various Artists	INDIFFERENT		2014.0	Album	
lsZRoypKIX8	White Dress	Kanye West	The Man with the Iron Fists	Various Artists	INDIFFERENT		2012.0	Album	
051J4zaKmLg	Day Go By	Karen O	Crush Songs	Karen O	INDIFFERENT	4.0778265	2014.0	Album	
1ligVf_Z_5U	Transe uma	Karma	Karma	Karma	INDIFFERENT		1972.0	Album	
mGxVE5uIgTI	Bird Of Prey	Karma Kid	Bondax & Friends - The Mix Album	Various Artists	INDIFFERENT	3.6789839	2014.0	Album	
gZwvfchbEfI	Between Sheets	Karma Kid	Like I'm on Fire	Karma Kid	INDIFFERENT	3.7207637	2014.0	EP	
My6CFUlV2dY	Man of the Year	Karma Kid	Man of the Year	Karma Kid	INDIFFERENT	4.048193	2016.0	EP	
xx8eMeL9fhU	Are You the Woman	Kashif	Send Me Your Love (Expanded Edition)	Kashif	INDIFFERENT		2014.0	Album	
nOhuuYvWqsk	Thank You	Kashmere Stage Band	Texas Thunder Soul 1968-1974	Kashmere Stage Band	INDIFFERENT		2006.0	Album	
6Bmpci9VL_c	$$ Kash Register $$	Kashmere Stage Band	Texas Thunder Soul 1968-1974	Kashmere Stage Band	INDIFFERENT		2006.0	Album	
xW25JfpfJW0	Ain't No Sunshine (Live Recording)	Kashmere Stage Band	Texas Thunder Soul 1968-1974	Kashmere Stage Band	INDIFFERENT		2006.0	Album	
7pFASpGVG3o	Hammer Horror	Kate Bush	Lionheart	Kate Bush	INDIFFERENT		1978.0	Album	
B83ZdRxViug	Hammer Horror	Kate Bush	Lionheart	Kate Bush	INDIFFERENT		1978.0	Album	281.0
IiwObym-bW8	Why Don't We Do This More Often	Kay Kyser	Jingle Jangle Jingle	Kay Kyser	INDIFFERENT		2013.0	Album	
tPjZ7WHzuwU	Ain't Nobody's Business But My Own	Kay Starr	Kay Starr And Tennessee Ernie Ford	Kay Starr	INDIFFERENT		1951.0	EP	
RpQg6cusDtc	Kay's Lament (feat. The Lancers)	Kay Starr	The Definitive Kay Starr On Capitol	Kay Starr	INDIFFERENT		2002.0	Album	
3joJtoeTzsk	The Get Up	Kayex	The Get Up	Kayex	INDIFFERENT	4.6078429	2018.0	Single	
NogiQdhrT6I	Super Hyphy a.k.a. That's My Word	Keak Da Sneak	Dopegame 2	Various Artists	INDIFFERENT	4.8016462	2005.0	Album	
vMAi56aLhAs	You Don't Know How Lucky You Are	Keaton Henson	The Lucky EP	Keaton Henson	INDIFFERENT	4.6765957	2012.0	EP	
6dfavzQYhyQ	Karn Evil 9 1st Impression, Pt. 2 (2014 Remastered Version)	Keith Emerson	Brain Salad Surgery	Emerson, Lake & Palmer	INDIFFERENT		2014.0	Album	287.0
jxi724gjJn0	Grease Monkey	Kenny Burrell	Crash!	Jack McDuff	INDIFFERENT		1994.0	Album	
Yn2G8GmkhrU	Heart to Heart	Kenny Loggins	High Adventure	Kenny Loggins	INDIFFERENT		1982.0	Album	
8OGavNEw_gY	Who's Right, Who's Wrong	Kenny Loggins	Keep The Fire	Kenny Loggins	INDIFFERENT		1979.0	Album	
uu3QahP4uig	This Is It	Kenny Loggins	Keep The Fire	Kenny Loggins	INDIFFERENT		1979.0	Album	
WohJhfrXHl0	Lucille	Kenny Rogers	Ten Years Of Gold	Kenny Rogers	INDIFFERENT		1977.0	Album	
5nMG1cCFScE	Just Dropped In (To See What Condition My Condition Was In)	Kenny Rogers & The First Edition	Hipster Lounge - Too Cool For School	Various Artists	INDIFFERENT	4.6056337	2008.0	Album	
4U7DxGxP62o	Ledbetter Heights	Kenny Wayne Shepherd	Ledbetter Heights	Kenny Wayne Shepherd	INDIFFERENT		1995.0	Album	
Xy98ObIitLc	Blue on Black	Kenny Wayne Shepherd Band	Trouble Is...	Kenny Wayne Shepherd Band	INDIFFERENT		1997.0	Album	
69PQuw0r3oM	"Rainbow Connection (From ""The Muppet Movie""/Soundtrack Version)"	Kermit	The Muppet Movie (Original Motion Picture Soundtrack)	Various Artists	INDIFFERENT		1979.0	Album	
Q7PGDbg5hnY	Crybaby	Kevin Morby	City Music	Kevin Morby	INDIFFERENT		2017.0	Album	
pZhs2m27x6U	The Ballad of Arlo Jones	Kevin Morby	Still Life	Kevin Morby	INDIFFERENT	4.5950918	2014.0	Album	
1uMhxRk-pTk	Lover Now Alone	Kevin Vicalvi	Songs From Down The Hall	Kevin Vicalvi	INDIFFERENT		1974.0	Album	
-1hLmZHpIHE	My Bad	Kevin Watson	Kevin Watson	Kevin Watson	INDIFFERENT		2019.0	Album	
rRNyAOW-jgk	forest sanctuary	Keyseeker	what are dreams, anyway?	Keyseeker	INDIFFERENT		2020.0	Album	296.0
Q0-GKoXvN9Q	Come True	Khai Dreams	Come True	Khai Dreams	INDIFFERENT		2018.0	Single	204.0
wOy2xm7KsD4	Location	Khalid	Location	Khalid	INDIFFERENT		2016.0	Single	
3HdTbT_2Mn8	Time (You and I)	Khruangbin	Time (You and I)	Khruangbin	INDIFFERENT		2020.0	Single	
wJNm2Bw666s	Ouchi Time	Kikagaku Moyo	Ouchi Time	Kikagaku Moyo	INDIFFERENT		2020.0	Single	
JYe6NOw6sEE	Float	Kill Paris	Foreplay	Kill Paris	INDIFFERENT		2015.0	EP	
muZcnF_AIdI	Eighties (2007 Digital Remaster)	Killing Joke	Night Time	Killing Joke	INDIFFERENT	4.7191525	1985.0	Album	
Z2AcjMfgpwI	If I Lead	Kiltro	Creatures of Habit	Kiltro	INDIFFERENT		2019.0	Album	207.0
J-j9bGBWTIA	Voyeur	Kim Carnes	Voyeur	Kim Carnes	INDIFFERENT		1982.0	Album	
zobX0aYQbtc	Ganadaramabasa	Kim Jung Mi	Now	Kim Jung Mi	INDIFFERENT		2012.0	Album	
KUFfLlTsLvc	It Takes Two (feat. Marvin Gaye)	Kim Weston	Do Like I Do	Kim Weston	INDIFFERENT		2014.0	Album	
72b8D6s_y_U	Wonderful Day	Kind Puppy	Wonderful Day	Kind Puppy	INDIFFERENT		2022.0	Single	
OD91fV47lA8	Swingin' Party	Kindness	World, You Need a Change of Mind	Kindness	INDIFFERENT		2012.0	Album	
Jf91rWWTa2w	How Can You Be That Dumb?	Kinetic 9	C.I.A. (Criminals in the Army)	Kinetic 9	INDIFFERENT		2020.0	Album	
g5k41MQZ35M	Epitaph (Greg Lake Vox)	King Crimson	Epitaph (Greg Lake Vox) [KC50, Vol 30]	King Crimson	INDIFFERENT		2019.0	Single	341.0
11lrurbm9as	Hard to Handle	King Floyd	Choice Cuts	King Floyd	INDIFFERENT		1994.0	Album	
WX2ak8avLfM	Automation	King Gizzard & The Lizard Wizard	Automation	King Gizzard & The Lizard Wizard	INDIFFERENT		2020.0	Single	
QYTW3HayuZU	Blue Morpho	King Gizzard & The Lizard Wizard	Butterfly 3000	King Gizzard & The Lizard Wizard	INDIFFERENT		2021.0	Album	
Np7-NgKHCx0	Interior People	King Gizzard & The Lizard Wizard	Butterfly 3000	King Gizzard & The Lizard Wizard	INDIFFERENT		2021.0	Album	
8d6wopiBS-o	Fishing For Fishies	King Gizzard & The Lizard Wizard	Fishing For Fishies	King Gizzard & The Lizard Wizard	INDIFFERENT	4.9024391	2019.0	Album	
f2fyL4Fow7M	Boogieman Sam	King Gizzard & The Lizard Wizard	Fishing For Fishies	King Gizzard & The Lizard Wizard	INDIFFERENT	4.9101124	2019.0	Album	
A0xBZV2dNBQ	I'm In Your Mind Fuzz	King Gizzard & The Lizard Wizard	I'm In Your Mind Fuzz	King Gizzard & The Lizard Wizard	INDIFFERENT		2014.0	Album	172.0
os8hfv7bmZk	Self-Immolate	King Gizzard & The Lizard Wizard	Infest The Rats' Nest	King Gizzard & The Lizard Wizard	INDIFFERENT		2019.0	Album	
vT50g0TRrMA	Self-Immolate	King Gizzard & The Lizard Wizard	Infest The Rats' Nest	King Gizzard & The Lizard Wizard	INDIFFERENT		2019.0	Album	269.0
EIC1iJrP7IA	Automation	King Gizzard & The Lizard Wizard	K.G.	King Gizzard & The Lizard Wizard	INDIFFERENT	4.7744918	2020.0	Album	
G2fOukPec4c	Some Of Us	King Gizzard & The Lizard Wizard	K.G.	King Gizzard & The Lizard Wizard	INDIFFERENT	4.7824268	2020.0	Album	
UsGdUgTmyxw	Han-Tyumi, The Confused Cyborg	King Gizzard & The Lizard Wizard	Murder of the Universe	King Gizzard & The Lizard Wizard	INDIFFERENT		2017.0	Album	
gfz3uNsLZyk	People-Vultures	King Gizzard & The Lizard Wizard	Nonagon Infinity	King Gizzard & The Lizard Wizard	INDIFFERENT	4.6053066	2016.0	Album	
X3Q4a5Eaqcg	Robot Stop	King Gizzard & The Lizard Wizard	Nonagon Infinity	King Gizzard & The Lizard Wizard	INDIFFERENT	4.6636138	2016.0	Album	
aLHs71LtgX0	D-Day	King Gizzard & The Lizard Wizard with Mild High Club	Sketches of Brunswick East	King Gizzard & The Lizard Wizard with Mild High Club	INDIFFERENT		2017.0	Album	
X8DjT9h3TS0	Str-8 Gone	King T	Dr. Dre Presents... The Aftermath	Various Artists	INDIFFERENT	4.2255602	1996.0	Album	
_KE7lXAtvgM	We're All In The Same Gang	King Tee, Digital Underground, Young MC, MC Ren, Dr. Dre, Ice-T, Above The Law, Tone Loc, Michel'le, Def Jef, Body & Soul, MC Hammer, Eazy E	West Coast Livin', Volume Three		INDIFFERENT				
kzR1rIP6e_k	King Tubb's Big Big Dub	King Tubby	From The Palace Of Dub	King Tubby	INDIFFERENT		2006.0	Album	
F8cK4o_qUas	Pick - A-Dub (feat. Soul Syndicate Band)	King Tubby	Pick -A- Dub	King Tubby	INDIFFERENT		2011.0	Album	
wglR8oVyWvE	Black Moon Spell	King Tuff	Black Moon Spell	King Tuff	INDIFFERENT		2014.0	Album	
9V96fkdzcHc	Bad Thing	King Tuff	King Tuff	King Tuff	INDIFFERENT	4.2383418	2012.0	Album	
gIpveOI3kv0	Psycho Star (Tune-Yards Remix)	King Tuff	Psycho Star (Tune-Yards Remix)	King Tuff	INDIFFERENT		2018.0	Single	
JfdZ41NHTJA	Circuits in the Sand	King Tuff	The Other	King Tuff	INDIFFERENT	4.5475111	2018.0	Album	
Mhzv4QnixAQ	Sun Medallion	King Tuff	Was Dead	King Tuff	INDIFFERENT	4.4006734	2013.0	Album	
uEWs4MtRz8Y	Molly's Chambers	Kings Of Leon	Holy Roller Novocaine	Kings Of Leon	INDIFFERENT		2003.0	EP	
JKXRZVDNSi8	Molly's Chambers	Kings Of Leon	Youth And Young Manhood	Kings Of Leon	INDIFFERENT	4.2632556	2003.0	Album	
mYrdmQ51RL0	I'm The King, I'm The Sun	Kingston Wall	III - Tri - Logy	Kingston Wall	INDIFFERENT		1994.0	Album	
LZomtftO7TE	Slip Into Something More Comfortable (Psychemagik Late Nite Remix) (feat. Psychemagik)	Kinobe	Slip Into Something More Comfortable	Kinobe	INDIFFERENT		2016.0	Single	449.0
5_MFBqwGZ20	Jungle Hop	Kip Tyler	Ooh Yeah Baby	Kip Tyler	INDIFFERENT		2004.0	Album	
GTLpzK1fhuY	Bright Whites	Kishi Bashi	151a	Kishi Bashi	INDIFFERENT		2012.0	Album	
xldxGUVhceA	Bright Whites	Kishi Bashi	Kishi Bashi on Audiotree Live	Kishi Bashi	INDIFFERENT	4.4042554	2015.0	EP	
msEgf9r8NIA	Black Diamond	Kiss	Kiss	Kiss	INDIFFERENT		1974.0	Album	
1DDus_S-Tr4	Strutter	Kiss	Kiss	Kiss	INDIFFERENT		1974.0	Album	
D5xOXZxC0jY	Drive That Fast	Kitchens Of Distinction	Strange Free World	Kitchens Of Distinction	INDIFFERENT		1991.0	Album	
bOPNeEMcH9E	(I'll Always Be Your) Fraulein	Kitty Wells	The Collection	Kitty Wells	INDIFFERENT		2003.0	Album	
GAsWbAcw0Zw	Thou Shalt Not Steal	Kitty Wells	The Collection	Kitty Wells	INDIFFERENT		2003.0	Album	
NfDg6KNavGk	Happy End	Kiyoshi	Kiyoshi5	Kiyoshi	INDIFFERENT		2020.0	Album	
jJ4IUjjVfng	Calling Occupants Of Interplanetary Craft	Klaatu	3:47 EST	Klaatu	INDIFFERENT		1976.0	Album	
mgGRTbYPl-4	Until We Bleed (feat. Lykke Li)	Kleerup	Kleerup (Deluxe Edition)	Kleerup	INDIFFERENT		2008.0	Album	
69w-sq1A6qI	High Alert 2020 (feat. Cleva Thoughts)	Kleopetrol	High Alert 2020	Kleopetrol	INDIFFERENT		2020.0	Single	
TfMzj2hYTcY	High Alert 2020 (feat. Cleva Thoughts)	Kleopetrol	High Alert 2020	Kleopetrol	INDIFFERENT		2020.0	Single	211.0
ENSxh64ut4w	Burning	Koffee	Burning	Koffee	INDIFFERENT		2018.0	Single	
veniz0cWEZc	The Harder They Fall	Koffee	The Harder They Fall	The Harder They Fall	INDIFFERENT		2021.0	Album	
X1e957q6qSU	Don't Ask My Neighbours	Kofi	Friday's Child	Kofi	INDIFFERENT	3.629482	2005.0	Album	
p7VfZyhavSQ	Yes, It's Good For You	Koko Taylor	Koko Taylor	Koko Taylor	INDIFFERENT		1969.0	Album	
eeCwf7C8H5I	Second Comin'	Korallreven	Second Comin'	Korallreven	INDIFFERENT		2014.0	Album	
QN3O4EWU_Fw	Canyon Walls	Koresma	Canyon Walls	Koresma	INDIFFERENT		2018.0	Single	
FChMHEfzOLI	Got the Life	Korn	Follow The Leader	Korn	INDIFFERENT		1998.0	Album	
QtxaAV6Yi0I	Freak On a Leash	Korn	Greatest Hits Vol. 1	Korn	INDIFFERENT		2004.0	Album	
R9oByV6HDa8	Shoots and Ladders	Korn	Korn	Korn	INDIFFERENT		1994.0	Album	
hXHUSTrBoEM	A.D.I.D.A.S.	Korn	Life Is Peachy	Korn	INDIFFERENT		1996.0	Album	
lzXMWBzb1Bk	BB	Kornél Kovács	The Bells	Kornél Kovács	INDIFFERENT		2016.0	Album	
invtIKKl2Hw	Tour De France (2009 Remaster)	Kraftwerk	Tour de France (2009 Remaster)	Kraftwerk	INDIFFERENT	4.6294117	2003.0	Album	
RfzkMDyzATQ	Bogus	Kraut	An Adjustment to Society	Kraut	INDIFFERENT		2012.0	Album	
3sOZCkN-4Tc	Casey's Last Ride	Kris Kristofferson	The Essential Kris Kristofferson	Kris Kristofferson	INDIFFERENT		2004.0	Album	
gm53LiTg7Kk	Its Not As It Seems	Kronstudios	Its Not As It Seems		INDIFFERENT				118.0
EcHhTnHOzAk	Saudade	Kupla	Taiga Native	Kupla	INDIFFERENT		2017.0	Album	
P3LtgDHHbaM	KV Crimes	Kurt Vile	Wakin On A Pretty Daze	Kurt Vile	INDIFFERENT	4.1809044	2013.0	Album	
dIamnlNRj2Q	Was All Talk	Kurt Vile	Wakin On A Pretty Daze	Kurt Vile	INDIFFERENT	4.2365146	2013.0	Album	
cxKMnEEBcbI	Was All Talk	Kurt Vile	Wakin On A Pretty Daze (Deluxe Daze (Post Haze))	Kurt Vile	INDIFFERENT	4.4767442	2013.0	Album	
05rEZbKWnH4	Wheelhouse	Kurt Vile	b'lieve i'm goin down...	Kurt Vile	INDIFFERENT	4.1911221	2015.0	Album	
8tJP29ja1WM	We Can Freak It	Kurupt	Kuruption!	Kurupt	INDIFFERENT	4.7986121	1998.0	Album	
RhaiAEvEiFI	Green Machine	Kyuss	Blues For The Red Sun	Kyuss	INDIFFERENT		1992.0	Album	
ONASXXnp3Dk	Séquences (Parcels Remix)	L'Impératrice	Séquences (Remixes)	L'Impératrice	INDIFFERENT	4.5653925	2017.0	Single	
nXePgT3JiH0	Love Ballad	L.T.D.	Love To The World	L.T.D.	INDIFFERENT	4.7791872	1976.0	Album	
xrHY8aEgWCY	Andres	L7	Hungry For Stink	L7	INDIFFERENT		1994.0	Album	
pdM7d2B1MbI	Mission Statement	LC	Breaking News	LC	INDIFFERENT		2017.0	Album	
uIzBOTXASgw	Tired	LCD Soundsystem	LCD Soundsystem	LCD Soundsystem	INDIFFERENT	2.8630137	2005.0	Album	
CcEC5r0xzt8	Too Much Love	LCD Soundsystem	LCD Soundsystem	LCD Soundsystem	INDIFFERENT	4.1217947	2005.0	Album	
oOpf6_kpgLI	Thrills	LCD Soundsystem	LCD Soundsystem	LCD Soundsystem	INDIFFERENT	3.6838045	2005.0	Album	
xTTtvwCI59Q	Eye 2 Eye	LEISURE	Side A						
r35kT097y4o	Eye 2 Eye	LEISURE	Sunsetter	LEISURE	INDIFFERENT		2021.0	Album	
rgLEj0LBRZo	Mama Said Knock You Out	LL Cool J	Mama Said Knock You Out	LL Cool J	INDIFFERENT	4.5490561	1990.0	Album	
cluSdwGK5lc	Mama Said Knock You Out	LL Cool J	Mama Said Knock You Out	LL Cool J	INDIFFERENT		1990.0	Album	
PExVWLCpnmQ	Geld	La Düsseldorf	Viva	La Düsseldorf	INDIFFERENT		1978.0	EP	
zlHpbQDPaD0	Cicada	La Luz	Floating Features	La Luz	INDIFFERENT	4.8602152	2018.0	Album	
3CIhazk-pZM	Real Boy	La Sera	Sees the Light	La Sera	INDIFFERENT		2012.0	Album	
navX99JRYNs	Jim Dandy	LaVern Baker	LaVern Baker	LaVern Baker	INDIFFERENT		1957.0	Album	
PSoBmwYpBzw	Jim Dandy Got Married	LaVern Baker	Soul On Fire: The Best Of LaVern Baker	LaVern Baker	INDIFFERENT		1991.0	Album	
lUq2fAyGeV0	It'll Never Happen Again	Lady Blackbird	Black Acid Soul	Lady Blackbird	INDIFFERENT		2021.0	Album	
vU6N2SkWL98	Fantastic Voyage	Lakeside	Fantastic Voyage	Lakeside	INDIFFERENT		1980.0	Album	
Ig9Bi3CO2AY	Valentine	Lala Lala	Fantasy Movie	Lala Lala	INDIFFERENT	4.4594593	2020.0	Single	
HszNCAMsxoM	Arcadia	Lana Del Rey	Blue Banisters	Lana Del Rey	INDIFFERENT		2021.0	Album	264.0
YVCuSN7yp_U	Bleach Blonde Bottle Blues	Larkin Poe	Venom & Faith	Larkin Poe	INDIFFERENT		2018.0	Album	
WEjfbfnWTXI	Bleach Blonde Bottle Blues	Larkin Poe	Venom & Faith	Larkin Poe	INDIFFERENT		2018.0	Album	194.0
G0NiNO1HvkQ	Ain't Nothin' For A Heartache	Larry Carlton	Strikes Twice	Larry Carlton	INDIFFERENT		1981.0	Album	
mmVxH-MV-qg	She Said Yeah!	Larry Williams	Larry Williams Said Yeah!	Larry Williams	INDIFFERENT		2011.0	Album	
ha8oNLTt0bg	Bad Boy	Larry Williams	Specialty Profiles: Larry Williams (International)	Larry Williams	INDIFFERENT		2006.0	Album	
cZr3DBcZ__M	Short Fat Fannie	Larry Williams	The Specialty Story	Various Artists	INDIFFERENT		1994.0	Album	
Xe-U0fA_-p4	I Fall in Love Too Easily	Larry Willis	I Fall in Love Too Easily (The Final Session at Rudy Van Gelder's)	Larry Willis	INDIFFERENT	4.1731844	2020.0	Album	
37DqNVdMkiM	Phantom of the Footlights	Larsen-Feiten Band	Full Moon featuring Neil Larsen and Buzz Feiten		INDIFFERENT				254.0
HrXEQoHNf-g	Phantom of the Footlights	Larsen-Feiten Band	She's Gone - 100 Yacht Rock Supreme	Various Artists	INDIFFERENT		2020.0	Album	
ONaQhoMYPlU	Focker	Late of the Pier	Fantasy Black Channel	Late of the Pier	INDIFFERENT		2008.0	Album	
ttay3N4qIWg	Mad Dogs and Englishmen	Late of the Pier	Fantasy Black Channel	Late of the Pier	INDIFFERENT		2008.0	Album	
QJ-pGCNh-x8	Let's Straighten It Out	Latimore	I'll Do Anything For You	Latimore	INDIFFERENT		1983.0	Album	
qrat_aIub-I	Skinnie Minnie Shimmy	Lattie Moore	Party Crasher	Various Artists	INDIFFERENT		1999.0	Album	
pghcFnstqUk	Sandslottet	Lauge	Autumnal Chillout Box	Various Artists	INDIFFERENT		2016.0	Album	
NmwUcN2ZWPY	Stoney End (Mono Version)	Laura Nyro	Mono Albums Collection	Laura Nyro	INDIFFERENT	3.1132076	2018.0	Album	
FcHALnjwIAI	Stoney End	Laura Nyro	The First Songs	Laura Nyro	INDIFFERENT		1967.0	Album	
LVQLmKzASp4	He's Got the Whole World In His Hand	Laurie London	Hits of the 50's Volume 3	Various Artists	INDIFFERENT		2009.0	Album	
PWU0punQC-E	Fire	Lavender Blush	Beauty Is What Beauty Does to You	Lavender Blush	INDIFFERENT		2019.0	EP	
U04_Wd7OLE0	I've Been Waiting	Lavier	I've Been Waiting	Lavier	INDIFFERENT		2022.0	Single	292.0
BdFi6qBGqvM	Thinking	Laxcity	2018 – 2021 (mixtape)	Laxcity	INDIFFERENT		2021.0	Album	
tYbZqVBulkU	Thinking	Laxcity	2018 – 2021 (mixtape)	Laxcity	INDIFFERENT		2021.0	Album	199.0
6ljv3jNPxnU	Tierra (feat. Vade One)	Lazy Ant	Tierra	Lazy Ant	INDIFFERENT		2020.0	Single	
Wa00T_0RzF4	L'aurora	Le Orme	Le Orme - Grandi Incontri	Le Orme	INDIFFERENT		1990.0	Album	
anl8-Kx1-D0	House Of The Rising Sun (1946 Recording Remastered)	Lead Belly	House Of The Rising Sun - 14 Versions Of This Classic Song	Various Artists	INDIFFERENT		2020.0	Album	196.0
5d07H0sFRzY	Bottle up and Go	Lead Belly	Where Did You Sleep Last Night, Vol 1	Lead Belly	INDIFFERENT		1965.0	Album	
UNC1oaB1jb8	In New Orleans	Leadbelly	The Best Of Leadbelly	Leadbelly	INDIFFERENT		1939.0	Album	197.0
ZGfhyONzwlU	Sad Road to the Sea	Leaf Hound	Growers of Mushroom	Leaf Hound	INDIFFERENT		1971.0	Album	
CWf5FYSK7Yc	The Crunge (Remaster)	Led Zeppelin	Houses of the Holy (Deluxe Edition)	Led Zeppelin	INDIFFERENT		1973.0	Album	
_JITbbj49Ew	Celebration Day (Remaster)	Led Zeppelin	Led Zeppelin III (Remaster)	Led Zeppelin	INDIFFERENT	4.5523486	1970.0	Album	
n6fBQRaygeo	Misty Mountain Hop (Remaster)	Led Zeppelin	Led Zeppelin IV (Deluxe Edition)	Led Zeppelin	INDIFFERENT		1971.0	Album	279.0
KWEsfHZjfZg	The Ocean (Live at MSG 1973)	Led Zeppelin	The Song Remains the Same (Remaster)	Led Zeppelin	INDIFFERENT		1976.0	Album	
0dLFR7u2Ny4	Zion's Blood	"Lee ""Scratch"" Perry"	Super Ape Returns to Conquer	"Lee ""Scratch"" Perry"	INDIFFERENT		2017.0	Album	
xOnuIsg6apg	Why Do I	Lee Andrews	Daily Dose of Doo Wop, Vol. 2	Various Artists	INDIFFERENT		2016.0	Album	
c9qbxmn4QHY	Tear Drops	Lee Andrews	Looking Back Vintage, Vol. 2	Lee Andrews	INDIFFERENT		2008.0	Album	
RFVBfMZsrVw	The Clock	Lee Andrews & The Hearts	Greatest Hits	Lee Andrews & The Hearts	INDIFFERENT		2011.0	Album	
Bu5Zmr2PVN0	The Clock	Lee Andrews & The Hearts	The Ultimate Doo Wop Compilation, Vol. 2	Various Artists	INDIFFERENT		2015.0	Album	
NRIs-wAyrB4	Night People	Lee Dorsey	Nothin' But a House Party: Underground Funk Experience	Various Artists	INDIFFERENT		2017.0	Album	
7mrCboWpWq8	Donna Lee	Lee Konitz Quartet	Topsy	Lee Konitz	INDIFFERENT		2016.0	Album	
YY9iVKQPeXA	Do You Know What I Mean	Lee Michaels	5th	Lee Michaels	INDIFFERENT		1971.0	Album	
Yo0o_XXqNos	Panic in Babylon	Lee Perry	Panic in Babylon	Lee Perry	INDIFFERENT		2004.0	Album	
Fw7O5At4jbI	Blue Shift	Lemaitre	Chapter One	Lemaitre	INDIFFERENT		2017.0	Album	
QL_U6y9XYHM	Matchbox	Lemmy / Slim Jim / Danny B	Lemmy, Slim Jim, & Danny B	Lemmy / Slim Jim / Danny B	INDIFFERENT		2003.0	Album	
ex19y1WOVMs	Nervous Tension	Lemon Jelly	Lemon Jelly.ky	Lemon Jelly	INDIFFERENT	4.031496	2000.0	Album	
m5QIfyyTnz8	Return To Patagonia	Lemon Jelly	Lost Horizons	Lemon Jelly	INDIFFERENT		2002.0	Album	521.0
saMcWuA84Ww	Experiment Number Six	Lemon Jelly	Lost Horizons	Lemon Jelly	INDIFFERENT		2002.0	Album	354.0
gFeOa2vBZeI	Nice Weather For Ducks	Lemon Jelly	Lost Horizons	Lemon Jelly	INDIFFERENT		2002.0	Album	368.0
xaYGnWUXN4k	Even Better Than That!	Lemon Melon	Extended Play EP	Lemon Melon	INDIFFERENT		2019.0	EP	
Cx1cwxVWP8g	Feel	Lemon Melon	Lemmers	Lemon Melon	INDIFFERENT		2019.0	Album	
y4FMGICanOM	Spring Day Song (I'm Not In Love Anymore)	Lemon Melon	Lemmers	Lemon Melon	INDIFFERENT		2019.0	Album	
O6_ZcH2VUgA	Hunk of Heaven	Lemuria	Hunk Of Heaven	Various Artists	INDIFFERENT		2009.0	Album	
vaFjWFAl_iE	Hades Highway	Len Barrow	Hillbillies in Hell: Select Curios from the Dank Hayseed Dungeon, Vol. 1	Various Artists	INDIFFERENT		2021.0	Album	146.0
E6TCadcFPNE	Better Man	Leon Bridges	Coming Home	Leon Bridges	INDIFFERENT		2015.0	Album	
iosc_oMphCA	Better Man	Leon Bridges	Coming Home (Deluxe)	Leon Bridges	INDIFFERENT	4.6055274	2015.0	Album	
BrQUEYrOBqw	Tight Money	Leon Huff	Here To Create Music	Leon Huff	INDIFFERENT		1999.0	Album	
3KRWp4ssyGY	Lover's Island	Leon Peels & The Blue Jays	Lover's Island	Leon Peels & The Blue Jays	INDIFFERENT		2010.0	Album	
JcyhH1CulLs	The Only Thing Worth Fighting For (From The HBO Series True Detective)	Lera Lynn	The Only Thing Worth Fighting For (From The HBO Series True Detective)	Lera Lynn	INDIFFERENT		2015.0	Single	
MAXNIar0fhY	Blue Tango	Leroy Anderson	Best Of Leroy Anderson: Sleigh Ride	Leroy Anderson	INDIFFERENT		1997.0	Album	
92lQQLoKraQ	Atlas	Les Gordon	Atlas - EP	Les Gordon	INDIFFERENT	0.0	2015.0	EP	
GwIAYSRQn78	Cendres	Les Gordon	La	Les Gordon	INDIFFERENT	4.7258568	2018.0	Album	
Lyjva8vnBXE	Mockin' Bird Hill	Les Paul	America's Greatest Hits 1951, Vol. 2	Various Artists	INDIFFERENT		2005.0	Album	
R_MU_tywFlM	How High The Moon	Les Paul	"Capitol Records From The Vaults: ""Roots Of Rock 'N' Roll"""	Various Artists	INDIFFERENT		2000.0	Album	
QTfCjhXGoqU	The World Is Waiting For The Sunrise	Les Paul	The Hit Makers	Les Paul	INDIFFERENT		1953.0	Album	
l4f-niTXEfM	Les Mains dans les poches (Véronique Sanson et Les Roche Martin)	Les Roche Martin	La Belle Epoque - EMI's French Girls 1965-68	Various Artists	INDIFFERENT		2007.0	Album	
Xqc-tDSBSbE	It's My Party	Lesley Gore	It's My Party	Lesley Gore	INDIFFERENT		2016.0	EP	
o4WVW9m6EGM	Magic Colors	Lesley Gore	It's My Party: The Mercury Anthology	Lesley Gore	INDIFFERENT		1996.0	Album	
atY7ymXAcRQ	Sunshine, Lollipops And Rainbows	Lesley Gore	Lesley Gore Sings Of Mixed-Up Hearts	Lesley Gore	INDIFFERENT		1963.0	Album	
09qLEYB8e0A	She's A Fool	Lesley Gore	Lesley Gore Sings Of Mixed-Up Hearts	Lesley Gore	INDIFFERENT		1963.0	Album	
fyb_J-_pKVo	Blood of the Sun	Leslie West	Mountain	Leslie West	INDIFFERENT		1969.0	Album	
oKYV418HwEc	Break Out (Live)	Lettuce	Live In Tokyo (Live)	Lettuce	INDIFFERENT		2004.0	Album	
JVnY7dn3OhY	Yakitori	Lettuce	Yakitori	Lettuce	INDIFFERENT		2014.0	Single	
B6MyccpzPuA	Let's Fall in Love Tonight	Lewis Baloue	L'Amour	Lewis Baloue	INDIFFERENT		1983.0	Album	
WSrUawNeMHs	Eso Que Tu Haces	Lido Pimienta	Miss Colombia	Lido Pimienta	INDIFFERENT	4.2714777	2020.0	Album	
9A8WTRDMPtA	Things I Used to Do	Lightnin' Slim	High and Low Down	Lightnin' Slim	INDIFFERENT		2020.0	Album	
3urHA9qsUyI	Serious Shit	Lil Ugly Mane	Mista Thug Isolation	Lil Ugly Mane	INDIFFERENT	4.8694234	2012.0	Album	
8rJ7VZadCGc	Queen Bitch	Lil' Kim	Hard Core	Lil' Kim	INDIFFERENT		1996.0	Album	
jd_HmLEhVqA	Break Stuff	Limp Bizkit	Significant Other	Limp Bizkit	INDIFFERENT		1999.0	Album	
IsYPVEZfv-U	Faith	Limp Bizkit	Three Dollar Bill, Y'All$	Limp Bizkit	INDIFFERENT		1997.0	Album	
7wNFE_5-i_Y	Silver Threads And Golden Needles	Linda Ronstadt	Hand Sown...Home Grown	Linda Ronstadt	INDIFFERENT	3.9633508			
FR1LHJMwRX4	It's so Easy	Linda Ronstadt	Simple Dreams	Linda Ronstadt	INDIFFERENT		1977.0	Album	
IDBVW4BXZPo	Blue Bayou	Linda Ronstadt	Simple Dreams	Linda Ronstadt	INDIFFERENT		1977.0	Album	
9No14pP_IKY	Poor Poor Pitiful Me	Linda Ronstadt	Simple Dreams (40th Anniversary Edition)	Linda Ronstadt	INDIFFERENT		1977.0	Album	
OADhKjNz8mI	Long Long Time	Linda Ronstadt	The Best Of Linda Ronstadt: The Capitol Years	Linda Ronstadt	INDIFFERENT		2006.0	Album	
VKq-qI4qgT0	Another Station (Todd Terje Remix)	Lindstrøm	Another Station	Lindstrøm	INDIFFERENT		2006.0	Single	
zieLUWAgkbg	Lovesick	Lindstrøm	L'elephant Ibiza Volumen 2	Various Artists	INDIFFERENT	4.5081968	2010.0	Album	
FvV8CENfm9A	Crawling	Linkin Park	Hybrid Theory	Linkin Park	INDIFFERENT		2000.0	Album	209.0
I6NU3kWqnDE	Crawling	Linkin Park	Hybrid Theory (Bonus Edition)	Linkin Park	INDIFFERENT		2000.0	Album	
LOJ24kToN4E	Ride On (Natty Dreadlocks)	Linval Thompson	Don't Cut Off Your Dreadlocks	Linval Thompson	INDIFFERENT		2009.0	Album	
qah0t_maZRo	Goin' Out Of My Head	Little Anthony & The Imperials	Goin' Out Of My Head	Little Anthony & The Imperials	INDIFFERENT		1964.0	Album	
B32fMlmffdo	Hurt So Bad	Little Anthony & The Imperials	Goin' Out Of My Head	Little Anthony & The Imperials	INDIFFERENT		1964.0	Album	
opsgTwgMZko	Shimmy Shimmy KO KO Bop	Little Anthony and the Imperials	Pop Corn Northern Soul	Various Artists	INDIFFERENT		2015.0	Album	
9-oavIrfmN0	I Can Dig It Baby	Little Beaver	Party Down	Little Beaver	INDIFFERENT		2005.0	Album	
GGjKTD8WSu0	Feats Don't Fail Me Now	Little Feat	Rad Gumbo (The Complete Warner Bros. Years: 1971 To 1990)	Little Feat	INDIFFERENT		2014.0	Album	
oebnoXGSEp0	Sailin' Shoes (Live Version)	Little Feat	Rad Gumbo (The Complete Warner Bros. Years: 1971 To 1990)	Little Feat	INDIFFERENT		2014.0	Album	
yXGOZkej-qY	All That You Dream (Live at Lisner Auditorium, Washington, DC, 8/10/1977)	Little Feat	Waiting for Columbus	Little Feat	INDIFFERENT		1978.0	Album	
eJA29OJVBLs	I'm Jealous Of Her Husband	Little Milton	Reality	Little Milton	INDIFFERENT		1991.0	Album	
IRk9gAqjLgg	I Will Follow Him	Little Peggy March	I Will Follow Him	Little Peggy March	INDIFFERENT		1962.0	Single	
1X6NuLVWbz4	Ready Teddy	Little Richard	Good Golly!	Little Richard	INDIFFERENT		1969.0	Album	
TX5wuUeGZNA	Ready Teddy	Little Richard	Here's Little Richard (Deluxe Edition)	Little Richard	INDIFFERENT		2017.0	Album	
vqWeUVmGbh0	Hound Dog	Little Richard	Little Richard Is Back (And There's A Whole Lotta Shakin' Goin' On!)	Little Richard	INDIFFERENT		2007.0	Album	
2Yzjlz2GFBU	All Around the World	Little Richard	Little Richard: The Georgia Peach	Little Richard	INDIFFERENT		1980.0	Album	
aVSvimA6Z7Q	Ready Teddy	Little Richard	"The Very Best Of ""Little Richard"""	Little Richard	INDIFFERENT		2008.0	Album	
maeFN1oyF0k	Cool Change	Little River Band	First Under The Wire	Little River Band	INDIFFERENT		1979.0	Album	
3N3OhLC7JuA	Lady	Little River Band	Greatest Hits	Little River Band	INDIFFERENT		1982.0	Album	294.0
o0J4kocjMDM	where’s my lighter	Little Simz & Alewya	Drop 6		INDIFFERENT				234.0
rtmCrTRJUjA	Tell Me Mama	Little Walter	Boogie Grooves, Vol. 2	Various Artists	INDIFFERENT	4.1698112	2018.0	Album	
GApcoKzUnGU	Roller Coaster	Little Walter	Hate To See You Go	Little Walter	INDIFFERENT		1969.0	Album	
HZO6xy3XQfY	Roller Coaster	Little Walter	Just the Blues	Various Artists	INDIFFERENT	4.536232	2014.0	Album	
WJpijgnFRsk	Lowdown Shame	Little Willie Littlefield	Yellow Boogie & Blues	Little Willie Littlefield	INDIFFERENT		1994.0	Album	
TocaxhIVOm8	The Dolphin's Cry	Live	The Distance To Here	Live	INDIFFERENT		1999.0	Album	
J-3OCbo5sK4	Selling The Drama	Live	Throwing Copper (25th Anniversary)	Live	INDIFFERENT		1994.0	Album	
ZBvGngM4WDE	Get It Down	Livy Ekemezie	Friday Night	Livy Ekemezie	INDIFFERENT		2017.0	Album	
Z8uWF0rxS98	Get It Down	Livy Ekemezie	Friday Night	Livy Ekemezie	INDIFFERENT		2016.0	Album	325.0
luq-bhuB4pY	Winds Of Change	Lloyd Brown	Rootical	Lloyd Brown	INDIFFERENT	4.0410094	2013.0	Album	
wJP6JUD5f4c	Darling, It's True	Locksley	Be in Love	Locksley	INDIFFERENT		2010.0	Album	
-_oCxcVcZl0	Don't Tell Me No (feat. Freddie McGregor)	Locos Por Juana	Don't Tell Me No (feat. Freddie McGregor)	Locos Por Juana	INDIFFERENT		2019.0	Single	
vv2Bdmbbueg	Sailin' the Wind	Loggins & Messina	Full Sail	Loggins & Messina	INDIFFERENT		1972.0	Album	
wz2ZlCpBRqE	Like Me	Lomboy	Like Me	Lomboy	INDIFFERENT		2019.0	Single	
Wj48-BhO6z0	Realise	Lone	Always Inside Your Head	Lone	INDIFFERENT		2021.0	Album	
BFpJqe5WDmo	The Waterfall Inside Me	Long Arm	The Branches	Long Arm	INDIFFERENT		2011.0	Album	282.0
dXUBHZi08PU	The Waterfall Inside Me	Long Arm	The Branches (Deluxe Edition)	Long Arm	INDIFFERENT	4.281106	2012.0	Album	
3YJwNPMB4zU	Expansions	Lonnie Liston Smith & The Cosmic Echoes	Expansions	Lonnie Liston Smith	INDIFFERENT		1974.0	Album	
CFhFyvk0yS8	Brandy (You're a Fine Girl)	Looking Glass	Looking Glass	Looking Glass	INDIFFERENT		1972.0	Album	
ZMUVJ0IUcA8	The Anthem	Lootpack	Soundpieces: Da Antidote	Lootpack	INDIFFERENT		1999.0	Album	
2976xf6MR24	(I Was A) Teenage Creature	Lord Luther / Lord Luther And The King's Men	Beat from Badsville, Vol. 3: Trash Classics from Lux and Ivy's Vinyl Mountain	Various Artists	INDIFFERENT		2014.0	Album	
ofvkUS-SVvQ	Green Light (Chromeo Remix)	Lorde	Green Light (Chromeo Remix)	Lorde	INDIFFERENT	4.3777199	2017.0	Single	
HYGSuK8-prM	Ooh! My Head	Los Lobos	La Bamba (Original Motion Picture Soundtrack)	Various Artists	INDIFFERENT		2006.0	Album	
9dFwhus-bLU	Italian Hucklebuck	Lou Monte	America's Greatest Hits 1954 (Expanded Edition), Vol. 2	Various Artists	INDIFFERENT		2016.0	Album	
fCTuh1sGreI	You've Made Me So Very Happy	Lou Rawls	The Edge: David Axelrod At Capitol Records 1966-1970	David Axelrod	INDIFFERENT		2005.0	Album	265.0
GG6pp4CHQLw	Bad Habits	Louis Futon	Bad Habits	Louis Futon	INDIFFERENT		2018.0	Single	200.0
Ti3SHX2iZpY	Is You Is Or Is You Ain't (My Baby)	Louis Jordan	No Moe! Louis Jordan's Greatest Hits	Louis Jordan	INDIFFERENT		1992.0	Album	
9816PXKM79w	Weak Minded Blues	Louis Jordan & His Tympani Five	Jukebox Hits Volume 2 1947-1951	Louis Jordan & His Tympani Five	INDIFFERENT		2005.0	Album	
ykdR1Uj1mSY	Teenage Beatnik	Louis Nye	Beatniks & Hipsters: Beat Generation Rarities	Various Artists	INDIFFERENT		2017.0	Album	
vnz_gbDJnhI	Pennies From Heaven	Louis Prima	Capitol Collectors Series	Sam Butera and The Witnesses	INDIFFERENT		1991.0	Album	
_iGInmL53Uw	I Want You To Be My Baby	Louis Prima	Lake Tahoe Prima Style	Louis Prima	INDIFFERENT		1962.0	Album	
bUVK8Y2Yd_8	Pennies From Heaven	Louis Prima	The Call Of The Wildest (Expanded Edition)	Louis Prima, Sam Butera and The Witnesses & Keely Smith	INDIFFERENT		1957.0	Album	
5l-xLSDU9b8	How Blue Can You Get	Louisiana Gator Boys	Blues Brothers 2000	Various Artists	INDIFFERENT		1998.0	Album	
cchLeI9VSEQ	Knoxville Girl	Louvin Brothers	Louvin Brothers, Vol.1 (The Family Who Prays)	Louvin Brothers	INDIFFERENT		2011.0	Album	
jR8KgyWSOi4	Stephanie Knows Who (LP / Stereo Version)	Love	Da Capo	Love	INDIFFERENT		1967.0	Album	153.0
l5C-vidjW6k	Stephanie Knows Who (LP / Stereo Version)	Love	Da Capo (Deluxe Edition)	Love	INDIFFERENT	3.0392158	1966.0	Album	
KFzdjyrL0jU	My Flash on You (Stereo Version)	Love	Love (Bonus Tracks)	Love	INDIFFERENT	3.9194312	1966.0	Album	
QuQwf6iS4aA	Hey Joe (Stereo Version)	Love	Love (Bonus Tracks)	Love	INDIFFERENT	3.7235956	1966.0	Album	
yWXH-_2d5zk	Can't Explain (Stereo Version)	Love	Love (Bonus Tracks)	Love	INDIFFERENT		1966.0	Album	160.0
NkkkdhmR3mI	The Red Telephone (From Taking Woodstock - Original Motion Picture Soundtrack)	Love	Taking Woodstock [Original Motion Picture Soundtrack]	Various Artists	INDIFFERENT		2009.0	Album	
wFOUXz_Hseo	Everlasting Love	Love Affair	The Everlasting Love Affair	Love Affair	INDIFFERENT		1968.0	Album	
R4sj6LhmYNA	So Alive	Love And Rockets	Love And Rockets	Love and Rockets	INDIFFERENT		1989.0	Album	
_FZffLsDHWs	I Feel Speed	Love And Rockets	Love And Rockets	Love and Rockets	INDIFFERENT		1989.0	Album	
rYOhTYxjA8g	Confusion Au Go Go	Love Battery	Confusion Au Go Go	Love Battery	INDIFFERENT		1999.0	Album	
eIbha-783eQ	Just Like Christmas	Low	Christmas	Low	INDIFFERENT	3.920197	1999.0	EP	
6Qb4PO8DuQo	L	Lowell Davidson Trio	Lowell Davidson Trio	Lowell Davidson Trio	INDIFFERENT		1965.0	Album	
Bye84e6uX5A	Somewhere	Luby Sparks	Somewhere	Luby Sparks	INDIFFERENT		2019.0	Single	
1YJQ4_ihgDM	Black Mass	Lucifer	Black Mass	Lucifer	INDIFFERENT		1971.0	Album	
ln4MPdvnkC0	Shave 'Em Dry II	Lucille Bogan	Shave 'Em Dry: The Best Of Lucille Bogan	Lucille Bogan	INDIFFERENT		2004.0	Album	
cT8uKKaTu7w	Night Fever	Luke Richardson	Got It Covered	Luke Richardson	INDIFFERENT		2018.0	Album	
E1E4KXedQjY	To Sir with Love	Lulu	To Sir With Love	Lulu	INDIFFERENT		1967.0	Album	
rKF7bY7zr-Y	Space Curse	Lumerians	Call Of The Void	Lumerians	INDIFFERENT		2018.0	Album	
q4Tr4tu6CdY	Naked Eye	Luscious Jackson	Greatest Hits	Luscious Jackson	INDIFFERENT		2007.0	Album	
RvBiUcMvFJs	Superblast!	Lush	Spooky	Lush	INDIFFERENT	3.808105	1992.0	Album	
yEKgI06rEGM	Dreams	Lvstd	Dreams	Lvstd	INDIFFERENT		2019.0	Single	
yzMRGJUqwsM	Tonight	Lykke Li	Youth Novels	Lykke Li	INDIFFERENT		2008.0	Album	
3fXJ2rh_kXY	Do Your Thing	Lyn Collins	James Brown's Funky People (Pt. 2)	Various Artists	INDIFFERENT		1988.0	Album	
roxohOzFz3E	Rose Garden	Lynn Anderson	Rose Garden	Lynn Anderson	INDIFFERENT		1970.0	Album	
YE7X_rhfuZ8	Callin' Out (Main Version) (feat. Joyo Velarde, The Gift of Gab & Blackalicious)	Lyrics Born	"Callin' out 12"""	Lyrics Born	INDIFFERENT		2003.0	Single	
JDCOGwAPHoI	Kind of Human	M. Ward	What a Wonderful Industry	M. Ward	INDIFFERENT		2018.0	Album	187.0
WbLl7SkRfho	Sultry Funk	M.C. HAMMER	Inside Out	M.C. Hammer	INDIFFERENT		1995.0	Album	
mnEYNerEmvc	Dash the Curry (Skit)	M.I.A.	Arular	M.I.A.	INDIFFERENT		2005.0	Album	41.0
VzjLrkCG-cg	Banana (Skit)	M.I.A.	Arular	M.I.A.	INDIFFERENT		2005.0	Album	37.0
MPsaIE6w1BQ	Mango Pickle Down River	M.I.A.	Kala	M.I.A.	INDIFFERENT		2007.0	Album	233.0
zS2IhAsaxrc	Soft to Be Strong	MARINA	Love + Fear	MARINA	INDIFFERENT	4.8735809	2019.0	Album	
iI9YbOxjsTo	Caution	MC Eiht	Section 8	MC Eiht	INDIFFERENT	3.8202479	1999.0	Album	
uQIJAjQVEbo	Sexy Lady	MC Magic	Magic City	MC Magic	INDIFFERENT		2006.0	Album	
9fy1806ObmI	Impostas	MF DOOM	Doomsday EP	MF DOOM	INDIFFERENT		2000.0	Album	
P55QLTVcAuE	No Snakes Alive	MF DOOM	Doomsday EP	MF DOOM	INDIFFERENT		2000.0	Album	
b4gHlyeEKBA	Dedicated	MF DOOM	Doomsday EP	MF DOOM	INDIFFERENT		2000.0	Album	
oXmPYbap2Qo	Flash Delirium	MGMT	Congratulations	MGMT	INDIFFERENT	3.8916667	2010.0	Album	
LQtEN-rGvqk	Your Life Is a Lie	MGMT	MGMT	MGMT	INDIFFERENT	3.2804124	2013.0	Album	
-VIMSt0Yaao	After The Thrill Is Gone ((Originally Performed by Eagles) [Karaoke Version])	MIDIFine Systems	Best of Eagles, Vol. 01 (Karaoke Version)	MIDIFine Systems	INDIFFERENT		2011.0	Album	
GWGAGWvHT0Q	Black Habit	MIEN	Black Habit	MIEN	INDIFFERENT		2018.0	Single	
F3CuByAqAOQ	Earth Moon	MIEN	Earth Moon	MIEN	INDIFFERENT		2018.0	Single	
FBFhMGShoEI	Earth Moon	MIEN	MIEN	MIEN	INDIFFERENT		2018.0	Album	
Yfukf-bcF0c	Black Habit	MIEN	MIEN	MIEN	INDIFFERENT		2018.0	Album	
8dzED76caPI	Is Who	MINSEO	Is Who	Minseo	INDIFFERENT		2018.0	Single	
VnJ0QMZ6lwI	Chirpy Chirpy Cheep Cheep	Mac And Katie Kissoon	Mac & Katie Kissoon	Mac And Katie Kissoon	INDIFFERENT		1975.0	Album	
X_FzO4gkVZY	Preoccupied	Mac DeMarco	Here Comes The Cowboy	Mac DeMarco	INDIFFERENT		2019.0	Album	
YJSQjmLpuhY	Rapper Gone Bad	Mac Dre	Rapper Gone Bad (Parental Advisory)	Mac Dre	INDIFFERENT	4.3600001	1999.0	Album	
_F9PtV_7Up0	Pass The Peas	Maceo Parker	Life on Planet Groove	Maceo Parker	INDIFFERENT		1992.0	Album	
huZyWatXLKk	I Wish	Maceo Parker	Soul Classics	Maceo Parker	INDIFFERENT		2012.0	Album	
RNCoVr-pMSI	Backyard Boogie	Mack 10	Based On A True Story	Mack 10	INDIFFERENT	4.7674675	1997.0	Album	
4Tu1lolQJKI	Westside Slaughterhouse (feat. Ice Cube & WC)	Mack 10	Mack 10	Mack 10	INDIFFERENT	4.5413413	1995.0	Album	
22fS5Tf-IjY	Foe Life (feat. Ice Cube)	Mack 10	Mack 10	Mack 10	INDIFFERENT	4.7602372	1995.0	Album	
i0lRbJcveus	I Vibrate	Mack Self	Essential Sun Rockabillies Vol.3	Various Artists	INDIFFERENT		2006.0	Album	
aqc-uDouw9c	The Hunch	Mad Mike and the Mechanics	Taboo Garage, Vol. 4		INDIFFERENT				
sPFWKYSq6Wo	River Of Deceit	Mad Season	Above	Mad Season	INDIFFERENT	4.5462532	1995.0	Album	
fPR8Bd1dFvM	Love Is Strange	Maddox Brothers and Rose	Columbia Recordings (1952-1958)	Maddox Brothers and Rose	INDIFFERENT		2019.0	Album	
rd1wySI_0Mc	Get It Right	Madlib	Beat Konducta Vol. 3 & 4: In India	Madlib	INDIFFERENT		2007.0	Album	
0BUFH7OPzt8	A Touch of Funk	Magnum Force	Share My Love	Magnum Force	INDIFFERENT		1982.0	EP	
dZzFG8pBFmg	Move on up a Little Higher	Mahalia Jackson	Body and Soul - Gospel Christmas	Mahalia Jackson	INDIFFERENT		2017.0	Album	
3eIoVxkR95g	Girls	Major Lance	The Best Of Major Lance: Everybody Loves A Good Time!	Major Lance	INDIFFERENT		1995.0	Album	
J16WXzeOFJw	Get Free (feat. Amber Coffman)	Major Lazer	Get Free (feat. Amber Coffman)	Major Lazer	INDIFFERENT		2012.0	Single	
Q78XdCwFSgs	Life Forms (Transmission Received)	Major Organ And The Adding Machine	Major Organ and the Adding Machine	Major Organ And The Adding Machine	INDIFFERENT	4.8888888	2001.0	Album	
RvXn7BUgykM	Moonpie Eye Sensation	Major Organ And The Adding Machine	Major Organ and the Adding Machine	Major Organ And The Adding Machine	INDIFFERENT	2.5	2001.0	Album	
ZzbpjFycZo8	When Father Was Away on Business	Major Organ And The Adding Machine	Major Organ and the Adding Machine	Major Organ And The Adding Machine	INDIFFERENT	3.9473684	2001.0	Album	
TOlvRmLqOgE	His Mister's Pet Whistles	Major Organ And The Adding Machine	Major Organ and the Adding Machine	Major Organ And The Adding Machine	INDIFFERENT	4.090909	2001.0	Album	
kig3TiTrd-g	Moonpie Eye Sensation	Major Organ and the Adding Machine	Major Organ and the Adding Machine	Major Organ and the Adding Machine	INDIFFERENT	4.0	2001.0	Album	
t1d3vDE7Q4M	When Father Was Away on Business	Major Organ and the Adding Machine	Major Organ and the Adding Machine	Major Organ and the Adding Machine	INDIFFERENT	3.6666667	2001.0	Album	
PTpJMgFVZI4	His Mister's Pet Whistles	Major Organ and the Adding Machine	Major Organ and the Adding Machine	Major Organ and the Adding Machine	INDIFFERENT	4.4000001	2001.0	Album	
wvxTxfi43uo	What a Wonderful World	Major Organ and the Adding Machine	Major Organ and the Adding Machine	Major Organ and the Adding Machine	INDIFFERENT	4.2727275	2001.0	Album	
dGmJRHel2eU	Nothing Remains	Male Bonding	Nothing Hurts	Male Bonding	INDIFFERENT	4.1999998	2010.0	Album	
Uu3XNATzjv8	Pumpkin	Male Bonding	Nothing Hurts	Male Bonding	INDIFFERENT	4.4000001	2010.0	Album	
ECpzUEdG2JE	My Only Fan	Malfunkshun	Return To Olympus	Malfunkshun	INDIFFERENT		1995.0	Album	
iQ7dTMPwUi8	Make Your Own Kind Of Music	Mama Cass	Mama's Big Ones	Cass Elliot	INDIFFERENT		1970.0	Album	140.0
bDYv_BxKLiM	Ape Is High	Mandrill	Mandrill Is	Mandrill	INDIFFERENT		1972.0	Album	
9oU2Rc1UzXk	The Mighty Quinn	Manfred Mann	Chapter Two: The Best Of The Fontana Years	Manfred Mann	INDIFFERENT	4.537859	1994.0	Album	
eRKYUquSk4M	Ha! Ha! Said the Clown (Mono)	Manfred Mann	Mighty Garvey!	Manfred Mann	INDIFFERENT		1968.0	Album	147.0
w1cSAnLtwoU	One Way Glass	Manfred Mann Chapter Three	Chapter III Vol 1	Manfred Mann Chapter Three	INDIFFERENT		1969.0	EP	
7_cvZAKtoV4	If You Tolerate This Your Children Will Be Next	Manic Street Preachers	This Is My Truth Tell Me Yours	Manic Street Preachers	INDIFFERENT		1998.0	Album	
eVaUDAqrpKk	Soul Makossa	Manu Dibango	Soul Makossa	Manu Dibango	INDIFFERENT		1972.0	Album	
53-KktdFSvc	So Low, So High	Maps	We Can Create	Maps	INDIFFERENT		2007.0	Album	
QQXGQtoCT-M	Stutterin Cindy	Marc & the Wild Ones	The Rockin Beat Of	Marc & the Wild Ones	INDIFFERENT		2011.0	Album	145.0
tyMYTWq-gNc	Boppin Mary Lou	Marc & the Wild Ones	The Rockin Beat Of	Marc & the Wild Ones	INDIFFERENT		2011.0	Album	155.0
AqXwUWxGIdE	Black Heart	Marc And The Mambas	Torment And Toreros	Marc and the Mambas	INDIFFERENT		1983.0	Album	
aN053Erht1Y	Woodland Rock (Unused Version)	Marc Bolan	Twopenny Prince	Marc Bolan	INDIFFERENT	5.0	2010.0	Album	
XPuaAmtGme8	Oh Baby (Studio Electric version with Marc Bolan on lead vocal, London)	Marc Bolan	Twopenny Prince	Marc Bolan	INDIFFERENT	5.0	2010.0	Album	
S5MUTkduF7Y	Margarita	Marc Jordan	A Hole in the Wall	Marc Jordan	INDIFFERENT		1983.0	Album	
rybJ78bdp1s	Release Yourself	Marc Jordan	Blue Desert	Marc Jordan	INDIFFERENT		1979.0	Album	
zfrlc0bz9Ok	Marina Del Rey	Marc Jordan	Mannequin	Marc Jordan	INDIFFERENT		1978.0	Album	
Sr0JYvPxMF0	Bobby's Girl (Mono)	Marcie Blane	Bobby's Girl - The Complete Seville Recordings	Marcie Blane	INDIFFERENT	4.3417721	2004.0	Album	
ajZC1RZSR44	Fare Thee Well (Dink's Song)	Marcus Mumford	Inside Llewyn Davis (Original Soundtrack Recording)	Inside Llewyn Davis	INDIFFERENT		2013.0	Album	
SvemJ7EoxD4	Ruff Trade	Maria Minerva	Cabaret Cixous	Maria Minerva	INDIFFERENT		2011.0	Album	
fMPOUfN1mfQ	The Beautiful People (Live Version)	Marilyn Manson	The Last Tour On Earth	Marilyn Manson	INDIFFERENT		1999.0	Album	
2z29he87u0M	River Of No Return	Marilyn Monroe	The Very Best Of	Marilyn Monroe	INDIFFERENT		1999.0	Album	
DCbxqOqMSEo	Rose Marie	Mario Lanza	His Greatest Successes	Mario Lanza	INDIFFERENT		2013.0	Album	
ZFRiDdMksuc	Romeo And Juliet (Live At Gibson Amphitheatre / June 28th 2006)	Mark Knopfler	Real Live Roadrunning	Mark Knopfler	INDIFFERENT		2006.0	Album	
uBq7EWm0IQc	Down In The Dark	Mark Lanegan	The Winding Sheet	Mark Lanegan	INDIFFERENT	3.4767277	1990.0	Album	
XTyZD0XFixs	Ping Island/Lightning Strike Rescue Op	Mark Mothersbaugh	The Life Aquatic with Steve Zissou (Original Motion Picture Soundtrack)	Various Artists	INDIFFERENT		2004.0	Album	256.0
qSeOMYn4LGs	Pretty Jane	Mark Robinson	The Twang Gang	Donnie Owens	INDIFFERENT		2001.0	Album	
Cqr-wPTyZ48	Daffodils (feat. Kevin Parker)	Mark Ronson	Uptown Special	Mark Ronson	INDIFFERENT		2015.0	Album	299.0
8kiafE0wCv4	Daffodils (feat. Kevin Parker)	Mark Ronson	Uptown Special	Mark Ronson	INDIFFERENT		2015.0	Album	299.0
72spxgcv9J0	Good Vibes	Markvard	Good Vibes	Markvard	INDIFFERENT		2017.0	Single	
WaQTwVPvCAU	Woman Of The Ghetto	Marlena Shaw	The Spice Of Life	Marlena Shaw	INDIFFERENT		1969.0	Album	
GfksKIVyTAY	Echo Beach	Martha & The Muffins	Eighties AOR Hits Vol. 4 - More New Wave	Various Artists	INDIFFERENT		2016.0	Album	
L-fUiCh9dpU	Jimmy Mack	Martha & The Vandellas	Hitsville USA - The Motown Singles Collection 1959-1971	Various Artists	INDIFFERENT		1992.0	Album	
F1dRr6VypB8	Jimmy Mack	Martha & The Vandellas	Watchout!	Martha & The Vandellas	INDIFFERENT		1966.0	Album	
_rM1NgWXvis	Before We Begin	Martin Courtney	Many Moons	Martin Courtney	INDIFFERENT	4.7251906	2015.0	Album	
vElWz5Ef3cw	Error 404	Martin Garrix	Error 404	Martin Garrix	INDIFFERENT		2013.0	Single	
3nKNQsJtum8	Hearts	Marty Balin	Balin	Marty Balin	INDIFFERENT		1981.0	Album	
3yqJSR2eMx0	Lullaby of the Leaves	Marty Paich	Jazz for Relaxation	Marty Paich	INDIFFERENT	4.188406	1956.0	Album	
NHd8h8MqF1I	Singing The Blues	Marty Robbins	A Lifetime Of Song	Marty Robbins	INDIFFERENT		1985.0	Album	
6pi5Er4lE6s	She Was Only Seventeen	Marty Robbins	American Originals	Marty Robbins	INDIFFERENT		1989.0	Album	
5Q9bAWGEkcE	El Paso	Marty Robbins	Gunfighter Ballads And Trail Songs	Marty Robbins	INDIFFERENT		1959.0	Album	
UJ9NaZpr09k	El Paso	Marty Robbins	More Greatest Hits	Marty Robbins	INDIFFERENT		1961.0	Album	
FHZV49rMxxQ	Stairway of Love	Marty Robbins	The Story Of My Life: The Best Of Marty Robbins 1952-1965	Marty Robbins	INDIFFERENT		1996.0	Album	
21PBmwDLqRs	Ain't That Peculiar (Single Version)	Marvin Gaye	20th Century Masters: The Millennium Collection - The Best Of Marvin Gaye Volume 1 - The 60's	Marvin Gaye	INDIFFERENT		1999.0	Album	
Li1G6lnYaag	I Want You	Marvin Gaye	20th Century Masters: The Millennium Collection: The Best Of Marvin Gaye, Vol 2: The 70's	Marvin Gaye	INDIFFERENT		2000.0	Album	
6AkIFa_wvwU	Ain't Nothing Like The Real Thing	Marvin Gaye	Greatest Hits	Marvin Gaye	INDIFFERENT		1970.0	Album	
2k2oVPCKxbc	You're A Wonderful One	Marvin Gaye	How Sweet It Is To Be Loved By You	Marvin Gaye	INDIFFERENT		1986.0	Album	
vXfBcLhICxA	Too Busy Thinking About My Baby (Single Version / Mono)	Marvin Gaye	M.P.G.	Marvin Gaye	INDIFFERENT		1969.0	Album	
nESLilJIE3Q	Let's Get It On	Marvin Gaye	Pure Love Moods Vol. 1	Various Artists	INDIFFERENT		2007.0	Album	241.0
5QTlRZL-1Gc	Hitch Hike	Marvin Gaye	That Stubborn Kinda Fellow - Marvin Gaye	Marvin Gaye	INDIFFERENT		2016.0	Album	
fmClweWITZQ	Hitch Hike	Marvin Gaye	That Stubborn Kinda' Fellow	Marvin Gaye	INDIFFERENT		1962.0	Album	
BxF9Rh7aLmQ	Christmas In The City	Marvin Gaye	The Ultimate Motown Christmas Collection	Various Artists	INDIFFERENT		2009.0	Album	
9xL1oAuEBXI	Ain't Nothing Like The Real Thing	Marvin Gaye	The Very Best Of Marvin Gaye	Marvin Gaye	INDIFFERENT		1994.0	Album	
xPVzzyFbyqY	If I Could Build My Whole World Around You	Marvin Gaye	United	Marvin Gaye	INDIFFERENT		1967.0	Album	
tvjrSU9RaPs	What's Happening Brother	Marvin Gaye	What's Going On	Marvin Gaye	INDIFFERENT		1971.0	Album	
jKtm85zoqY4	Ain't Nothing Like The Real Thing	Marvin Gaye	You're All I Need	Marvin Gaye	INDIFFERENT	4.5765219	1967.0	Album	
PLjv0-ec-eU	You're All I Need To Get By	Marvin Gaye	You're All I Need	Marvin Gaye	INDIFFERENT	4.6912932	1967.0	Album	
vsFGcPujqKE	The Entertainer (The Sting/Soundtrack Version/Orchestra Version)	Marvin Hamlisch	The Sting	Marvin Hamlisch	INDIFFERENT		1973.0	Album	183.0
wbkJ1XCNliE	Realm	Masayoshi Iimori	Sable Valley Summer Vol. 1	Sable Valley	INDIFFERENT		2020.0	Album	
Fv4AOhQgBUU	Firecracker / Love You	Mass Production	In The Purest Form	Mass Production	INDIFFERENT		2009.0	Album	
HQSomhsMjTU	Unfinished Sympathy	Massive Attack	Collected	Massive Attack	INDIFFERENT		2006.0	Album	
1n8Xg3_YaqM	Silent Spring	Massive Attack	Collected	Massive Attack	INDIFFERENT		2006.0	Album	
JuA-YPatiHU	Unfinished Sympathy	Massive Attack	Collected	Massive Attack	INDIFFERENT		2006.0	Album	313.0
IeqlLu8D5KY	Pray For Rain	Massive Attack	Heligoland	Massive Attack	INDIFFERENT	4.542069	2010.0	Album	
yqoADMiCLmc	Girl I Love You	Massive Attack	Heligoland	Massive Attack	DISLIKE	4.7069597	2010.0	Album	
fEOruKG9HL0	Girl I Love You	Massive Attack	Heligoland (Deluxe)	Massive Attack	INDIFFERENT		2010.0	Album	
ETsyfeQcxEQ	Spying Glass	Massive Attack	Protection	Massive Attack	INDIFFERENT	4.1515727	1994.0	Album	
-_IPVGJtlBk	Teardrop	Massive Attack	Witchy Vibes	Various Artists	INDIFFERENT		2019.0	Album	
axjxk_BwR-A	No Said Date	Masta Killa	No Said Date	Masta Killa	INDIFFERENT		2004.0	Album	
sWXt1D-rKzQ	Midnight Dynamos	Matchbox	Rockabilly Rebel	Matchbox	INDIFFERENT		2020.0	Album	186.0
agiR3arkvM4	Rockabilly Rebel	Matchbox	Rockabilly Rebel	Matchbox	INDIFFERENT		2020.0	Album	165.0
PJDxFs-bJGs	Breaststroke	Mathemagic	Mathemagic EP	Mathemagic	INDIFFERENT	3.9002433	2010.0	EP	
rLvg3jJcO5I	One Day	Matisyahu	Light	Matisyahu	INDIFFERENT		2009.0	Album	
F26SUKZ87ZM	Bet You Don't!	Matthew Friedberger	Winter Women/Holy Ghost Language School	Matthew Friedberger	INDIFFERENT	4.0	2006.0	Album	
zMkADFP_fa4	Big Bill Crib and His Ladies of the Desert	Matthew Friedberger	Winter Women/Holy Ghost Language School	Matthew Friedberger	INDIFFERENT	3.2857144	2006.0	Album	
rlvQrvOV0jo	Load Me Up	Matthew Good Band	Beautiful Midnight	Matthew Good Band	INDIFFERENT		1999.0	Album	
YRyuMaS7t3c	Stand By Me	Maurice White	Maurice White	Maurice White	INDIFFERENT		1985.0	Album	
p5jCO_jgsDM	"Sunday (KlangTherapeuten ""Looking For Summer"" Remix)"	Max Manie	Sunday EP	Max Manie	INDIFFERENT		2013.0	Single	
ZM1jHGVDGVM	Chase The Devil	Max Romeo	The Ultimate Reggae Album Vol.1	Various Artists	INDIFFERENT		2019.0	Album	
tps4l49mCUc	Scairdy Cat	Maxine Johnson	Martians, Demons and Fools Like Me: The MCI Records Story 1954-61	Various Artists	INDIFFERENT		2015.0	Album	
-yc8fjl-fb4	Nobody's Business	Maxus	Maxus	Maxus	INDIFFERENT		2009.0	Album	
ImK6-lDsAqU	Your Imagination	Maxus	Maxus	Maxus	INDIFFERENT		2009.0	Album	
UoDmh-EiGhw	Song For My Mother (feat. Maze)	Maze	Golden Time Of Day	Maze	INDIFFERENT		1978.0	Album	
jwqADvlRsNU	What Are You Doin'	McChurch Soundroom	Delusion	McChurch Soundroom	INDIFFERENT	3.9230769	1971.0	Album	
m4uKeQmuqM0	Chismiten	Mdou Moctar	Afrique Victime	Mdou Moctar	INDIFFERENT		2021.0	Album	299.0
zpIQqTDYOSU	Chismiten	Mdou Moctar	Chismiten	Mdou Moctar	INDIFFERENT		2020.0	Single	
QmT4cIZWnuo	Asbestos Lead Asbestos	Meat Beat Manifesto	Subliminal Sandwich (Extended Version)	Meat Beat Manifesto	INDIFFERENT		1996.0	Album	
a136H5K3OKw	Paradise By the Dashboard Light	Meat Loaf	Bat Out Of Hell	Meat Loaf	INDIFFERENT		1977.0	EP	509.0
N-8H9Ud53qY	Two out of Three Ain't Bad	Meat Loaf	Hits Out Of Hell	Meat Loaf	INDIFFERENT		1984.0	Album	324.0
gs2FdJmWAl8	Him	Meatbodies	Meatbodies	Meatbodies	INDIFFERENT	4.4626865	2014.0	Album	
bvuai8JD16U	Disorder	Meatbodies	Meatbodies	Meatbodies	INDIFFERENT	4.6146541	2014.0	Album	
z5Erk_jL7fw	Sweating Bullets	Megadeth	Countdown To Extinction (Deluxe)	Megadeth	INDIFFERENT		1992.0	Album	
1NnYBd75ZH4	Foreclosure Of A Dream (Remastered/2012)	Megadeth	Countdown To Extinction (Deluxe)	Megadeth	INDIFFERENT		1992.0	Album	
x5A9Aa-WU5E	Hangar 18 (Remastered 2004)	Megadeth	Rust In Peace	Megadeth	INDIFFERENT		2004.0	Album	
Cel-3ojNUpg	Train Of Consequences (Remastered 2004)	Megadeth	Youthanasia	Megadeth	INDIFFERENT		1994.0	Album	
xkAnMtR6t0w	Small Atmosphere	Meinfried Zander	Small Atmosphere	Meinfried Zander	INDIFFERENT		2018.0	Single	
T2agwmhHK-U	Backfield in Motion	Mel & Tim	Good Guys Only Win in the Movies	Mel & Tim	INDIFFERENT	4.3888888	1969.0	Album	
C8AF9b316BA	Are You with Me	Mel 'Pig' Robbins	Save It	Mel 'Pig' Robbins	INDIFFERENT		2020.0	Album	
ccH4SfR91KY	Grey Flannel (feat. Jack Sheldon, Charlie Mariano, Bill Holman & Marty Paich)	Mel Lewis	Mel Lewis Septet (Got 'Cha) & Sextet	Mel Lewis	INDIFFERENT		2016.0	Album	
giklRpVyUS4	Mr. Tambourine Man (Live at Woodstock)	Melanie	Live at Woodstock	Melanie	INDIFFERENT		2019.0	Album	
O1z-Z2fmsec	Look What They've Done To My Song Ma	Melanie	Silver Anniversary	Melanie	INDIFFERENT		1993.0	Album	
aX-wZdRYlWE	How Was Your Day? (feat. Clairo)	Mellow Fellow	How Was Your Day? (feat. Clairo)	Mellow Fellow	INDIFFERENT	4.8435464	2017.0	Single	
hryvYz9o2HY	Take It Slow	Melodious Zach	Take It Slow	Melodious Zach	INDIFFERENT		2019.0	Single	
3KLpxlf1nEs	Revolve	Melvins	Bulls & The Bees / Electroretard	Melvins	INDIFFERENT		2012.0	EP	
7gzclL9POYM	Echo Head/ Don't Piece Me	Melvins	Gluey Porch Treatments	Melvins	INDIFFERENT		1987.0	Album	
-TKEcGJupKA	Steve Instant Neuman	Melvins	Gluey Porch Treatments	Melvins	INDIFFERENT		1987.0	Album	
k5WBRJVUiXU	The Brain Center at Whipples	Melvins	Hostile Ambient Takeover	Melvins	INDIFFERENT		2002.0	Album	
IrrO6UZ5_MQ	Revolve	Melvins	Stoner Witch	Melvins	INDIFFERENT		1994.0	Album	
TKYtzlJUAC4	Sassy Mae	Memphis Slim	I Am The Blues	Memphis Slim	INDIFFERENT		2003.0	Album	161.0
zIAku-Qwfl0	Bitch	Meredith Brooks	Blurring The Edges	Meredith Brooks	INDIFFERENT		1997.0	Album	
76NNPCzRsX0	Workin' Man Blues (Live)	Merle Haggard	Live From Austin, TX '78	Merle Haggard	INDIFFERENT		2008.0	Album	
EVA35dI0MTk	Workin' Man Blues (2001 Remaster)	Merle Haggard & The Strangers	20 Greatest Hits	Merle Haggard	INDIFFERENT		2002.0	Album	
IPZ-6TN1Ag0	High On A Hilltop	Merle Haggard & The Strangers	Cheatin'	Merle Haggard	INDIFFERENT		2001.0	Album	179.0
2tLa1ea898c	Stand By Your Man	Merlene Webber	Tighten Up Vol. 4	Various Artists	INDIFFERENT		2002.0	Album	
stngGiMrn5U	Angel of the Morning	Merrilee Rush & The Turnabouts	Angel Of The Morning	Merrilee Rush	INDIFFERENT		1968.0	Album	
477trASWuCI	Am I Evil?	Metallica	Garage, Inc.	Metallica	INDIFFERENT		1998.0	Album	
9PmfpsIh5w0	Whiskey In The Jar	Metallica	Garage, Inc.	Metallica	INDIFFERENT		1998.0	Album	
LSIQghlwmog	Blackened (Live 1988 FM Broadcast Remastered)	Metallica	Legendary FM Broadcasts - Market Square Arena, Indianapolis IN 24th November 1988	Metallica	INDIFFERENT		2017.0	Album	
SA8iahOAcmI	Hero Of The Day	Metallica	Load	Metallica	INDIFFERENT		1996.0	Album	
dtHuqY679io	Until It Sleeps	Metallica	Load	Metallica	INDIFFERENT		1996.0	Album	
57GiETk5O3g	Whiskey In The Jar	Metallica	The Metallica Collection	Metallica	INDIFFERENT		2014.0	Album	
G1ZxoBk56jQ	The Shortest Straw	Metallica	…And Justice for All	Metallica	INDIFFERENT		1988.0	Album	
8FsJyd548vI	Method Man (Remix)	Method Man	Tical (Deluxe Edition)	Method Man	INDIFFERENT		1994.0	Album	199.0
IaAXldK4ifM	Gold Guns Girls	Metric	Fantasies	Metric	INDIFFERENT		2009.0	Album	
hVaI3x3BCn4	Love Like Mine (feat. Cleopold)	Miami Horror	All Possible Futures	Miami Horror	INDIFFERENT	4.0471416	2015.0	Album	
HU-qoSAATfA	Wildfire	Michael Martin Murphey	Blue Sky-Night Thunder	Michael Martin Murphey	INDIFFERENT		1975.0	Album	
stcs2w7Y6KQ	I Gotta Try	Michael McDonald	If That's What It Takes	Michael McDonald	INDIFFERENT		1982.0	Album	
gbNhU9nyCmc	Rides Through The Morning	Michael Nau	Rides Through The Morning	Michael Nau	INDIFFERENT		2019.0	Single	254.0
SG_QrJNXvYY	Something To Say	Michaela Jaé	Something To Say	Michaela Jaé	INDIFFERENT		2021.0	Single	
6wm2SfipVvI	Un gamin de Paris	Mick Micheyl	French Song Anthology - 1951, Vol. 2	Various Artists	INDIFFERENT		2010.0	Album	
-xHfNT8j89M	Only After Dark	Mick Ronson	Only After Dark: The Complete Mainman Recordings	Mick Ronson	INDIFFERENT		2019.0	Album	
3ti4hqtPl5A	Full American	Mickey 9s	Full American	Mickey 9s	INDIFFERENT		2021.0	Single	
0INDcc0H4Y8	back when it all made sense	Middle School	Chillhop Essentials Spring 2020	Chillhop Music	INDIFFERENT		2020.0	Album	
TFf9u1O269c	Shadows	Midnight Juggernauts	Shadows	Midnight Juggernauts	INDIFFERENT	4.2817459	2006.0	Single	
9t5OWixuUI8	Beds Are Burning	Midnight Oil	Diesel And Dust	Midnight Oil	INDIFFERENT		1987.0	Album	
YhdnqGmT-3E	Blue Cigar	Midnight Sister	Saturn Over Sunset	Midnight Sister	INDIFFERENT	4.4715719	2017.0	Album	
uCwy3vUnHcE	Leave You	Midnight Sister	Saturn Over Sunset	Midnight Sister	INDIFFERENT	3.8945456	2017.0	Album	
nmS_6uqKmFc	For Ellie	Might Could	Relics from the Wasteland	Might Could	INDIFFERENT		2013.0	Album	
QzkzTvz4mMI	Africa	Mighty Diamonds	Right Time	Mighty Diamonds	INDIFFERENT		2021.0	Album	
-iZ7fIhdFB4	Cult Logic	Miike Snow	Miike Snow	Miike Snow	INDIFFERENT		2009.0	Album	
mB97q2UvDDc	A Horse Is Not A Home	Miike Snow	Miike Snow	Miike Snow	INDIFFERENT	3.7044632	2009.0	Album	
YUcMVg5ixrE	Cult Logic	Miike Snow	Miike Snow (Deluxe Edition)	Miike Snow	INDIFFERENT	4.5718956	2009.0	Album	
Ij8bHSauBmc	A-Bomb Bop	Mike Fern	'50s Rockabilly Pioneers Vol. 3		INDIFFERENT				
OBzc8CaBSqM	All I Have to Do Is Dream (feat. Sterling Cottam)	Mike Massé	All I Have to Do Is Dream	Mike Massé	INDIFFERENT		2018.0	Single	
ynLMhz9wf6k	Don't Think Twice	Mike Ness	Cheating At Solitaire	Mike Ness	INDIFFERENT		1999.0	Album	
uCInK2Qbgkk	Ball And Chain (Honky Tonk)	Mike Ness	Under The Influences	Mike Ness	INDIFFERENT		1999.0	Album	
BmRUJGRwkj0	Sailor's Hornpipe (Viv Stanshall Version)	Mike Oldfield	Tubular Bells	Mike Oldfield	INDIFFERENT	3.5989847	1973.0	EP	
wA4qYEzPTiY	Sailor's Hornpipe (Viv Stanshall Version)	Mike Oldfield	Tubular Bells Digital Box Set	Mike Oldfield	INDIFFERENT		1973.0	Album	
aRyVTNWCzBg	Caveman (1971 Demo)	Mike Oldfield	Tubular Bells Digital Box Set	Mike Oldfield	INDIFFERENT		1973.0	Album	
sQhwRr_-g50	Theme from The Rockford Files (feat. Larry Carlton)	Mike Post	Television Theme Songs	Mike Post & Larry Carlton	INDIFFERENT		2005.0	EP	
5xUhRDSdbTY	I Am I Said	Mikey Spice	Hits After Hits Vol. 7	Various Artists	INDIFFERENT		2013.0	Album	244.0
pdXmQWRregY	From Another World	Mildred Bailey with Orchestra	All the Things You Are	Mildred Bailey	INDIFFERENT		2011.0	Album	
PDpBypVhSnw	Inhaler	Miles Kane	Colour Of The Trap	Miles Kane	INDIFFERENT		2011.0	Album	
FkzaATVI-io	D.R.E.A.M. (feat. Ghostface Killah)	Miley Cyrus	SHE IS COMING	Miley Cyrus	INDIFFERENT		2019.0	Album	
OHutFB3E4vc	Keeps	Millionyoung	Variable	Millionyoung	INDIFFERENT	4.3118281	2013.0	Album	
WqSFTOVUW2Q	The World	Milosh	iii	Milosh	INDIFFERENT	4.4074073	2008.0	Album	
PFB_lHbw01E	Nessuno	Mina	Ritratto di Mina: I singoli, Vol. 1	Mina	INDIFFERENT		2015.0	Album	
t4OyNPQ7egQ	Race Me	Mina Aevum	Race Me	Mina Aevum	INDIFFERENT		2020.0	Single	
EC5uGZKWxoQ	Trojan Matter	Mindsight	Trojan Matter	Mindsight	INDIFFERENT		2020.0	Single	
Cnf6M_ilTLs	Spring	Mini Trees	Always In Motion	Mini Trees	INDIFFERENT		2021.0	Album	
LRVMUOYTc3Y	Jesus Built My Hotrod	Ministry	KE*A*H** (Psalm 69)	Ministry	INDIFFERENT		1992.0	Album	
jlgp-jjHzC0	Inside My Love	Minnie Riperton	Adventures In Paradise	Minnie Riperton	INDIFFERENT		1975.0	Album	
8qvNkgak8sQ	Maybe Lately	Miracle Fortress	Five Roses	Miracle Fortress	INDIFFERENT		2007.0	Album	
SBH_u-vEK30	Pata Pata (Stereo Version)	Miriam Makeba	Pata Pata	Miriam Makeba	INDIFFERENT		1967.0	Album	
P-zxDs3HL3M	Destination Unknown	Missing Persons	Spring Session M.	Missing Persons	INDIFFERENT	4.2494893	1982.0	Album	
66mdPUJS-Ww	High Life	Missus Beastly	Dr. Aftershave And The Mixed-Pickles	Missus Beastly	INDIFFERENT		1976.0	Album	
xKAXku-QBec	Mori Zlatonke	Mita Stoicheva	Early Bulgarian Folk Music from 78 rpm	Various Artists	INDIFFERENT		2004.0	Album	
SkDFeO8WKcc	The Yellow Rose of Texas	Mitch Miller & His Orchestra & Chorus	16 Most Requested Songs	Mitch Miller	INDIFFERENT		1989.0	Album	
Q7UbPFNVbZc	The Yellow Rose of Texas	Mitch Miller & The Gang and Orchestra	Fifty #1 Hits Of The '50s	Various Artists	INDIFFERENT		2009.0	Album	
y1PE_YsSNkQ	Devil with the Blue Dress On / Good Golly Miss Molly (Medley)	Mitch Ryder & The Detroit Wheels	Breakout...!!!	Mitch Ryder & The Detroit Wheels	INDIFFERENT		1966.0	Album	
BohR_aV4irg	Caribbean	Mitchell Torok	It's Time for a Holiday	Various Artists	INDIFFERENT		2006.0	Album	
yJMgdTjjhzk	Caribbean	Mitchell Torok	Unforgettable Songs, Vol. 3	Various Artists	INDIFFERENT		2018.0	Album	
dbc1QIRc74M	Drop A Gem On 'Em	Mobb Deep	Hell On Earth	Mobb Deep	INDIFFERENT	4.7582517	1996.0	Album	
fDujDj1CxIs	Quiet Storm	Mobb Deep	Murda Muzik	Mobb Deep	INDIFFERENT		1999.0	Album	
Ba6dVLI9b88	Brother Louie	Modern Talking	Alles Anders Collection	Thomas Anders	INDIFFERENT		2020.0	Album	222.0
MR3uP7IYz44	Lady (Hear Me Tonight)	Modjo	Modjo	Modjo	INDIFFERENT		2001.0	Album	
mMfxI3r_LyA	Lady (Hear Me Tonight)	Modjo			INDIFFERENT				222.0
CK1zCi0z_Hk	Take Me Somewhere Nice	Mogwai	Rock Action	Mogwai	INDIFFERENT		2001.0	Album	
e0vs8bAy6QM	Love Songs on the Radio	Mojave 3	Facing the Wrong Way	Various Artists	INDIFFERENT		1995.0	Album	
VhLKiuntCtc	Some Kinda Angel	Mojave 3	Some Kinda Angel	Mojave 3	INDIFFERENT		1998.0	Single	
QNxIpRJFkNE	I Don't Know	Mokaad	Booty	Mokaad	INDIFFERENT		2012.0	EP	
i8LFwUH3zD0	Magic [extended Mix] (feat. Dirty Radio)	Mokoa	Magic (feat. DiRTY RADiO)	Mokoa	INDIFFERENT		2019.0	Single	
rrRETyfL4LM	Downhearted	Molly Burch	Please Be Mine	Molly Burch	INDIFFERENT		2017.0	Album	
Ta5hPRmxo8k	Flirtin' with Disaster	Molly Hatchet	Flirtin' With Disaster	Molly Hatchet	INDIFFERENT		1979.0	Album	300.0
-n4GAPMr0xc	The World Is Getting Worst	Monik	Thank You	Monik	INDIFFERENT		1973.0	Single	
O6iMUbvAeF4	Fira	Monma	Fira	Monma	INDIFFERENT	4.7245903	2018.0	Single	
5eRjjCGN6to	54-40 Or Fight	Mono men	Ten Cool Ones	Mono men	INDIFFERENT		2005.0	Album	211.0
8Z7XCsiIACk	B Life (Bonus Track)	Mono/Poly	Cryptic	Mono/Poly	INDIFFERENT	4.6363635	2016.0	EP	
s9vSW6mL14c	Negasonic Teenage Warhead	Monster Magnet	Dopes To Infinity	Monster Magnet	INDIFFERENT		1995.0	Album	
vH8fiQ3gqww	Powertrip	Monster Magnet	Powertrip	Monster Magnet	INDIFFERENT		1998.0	Album	
uXqWJNewNDs	Tab	Monster Magnet	Tab	Monster Magnet	INDIFFERENT		1991.0	Album	
_B2XJsKUtjQ	Bad Motor Scooter	Montrose	Montrose	Montrose	INDIFFERENT		1973.0	Album	
XXflHIeRe30	Comfy Chair	Monty Python	The Final Rip Off	Monty Python	INDIFFERENT		1987.0	Album	16.0
QSVre5zP8Vw	I Don't Dig No Phoney, Pt. 2	Moody Scott	I Don't Dig No Phoney	Moody Scott	INDIFFERENT		1972.0	Single	
I579xnM6ocQ	Black Mahogani	Moodymann	Black Mahogani	Moodymann	INDIFFERENT		2010.0	Album	
9pOYd79ears	Lost Heads	Moon Duo	Lost Heads	Moon Duo	INDIFFERENT		2019.0	Single	
-lOvDbsx-Zc	When You Cut	Moon Duo	Mazes	Moon Duo	INDIFFERENT		2011.0	Album	
5nkLwmCaIek	Wilding	Moon Duo	Shadow of the Sun	Moon Duo	INDIFFERENT	4.6578946	2015.0	Album	
5oFkk4ps6n0	Lost Heads	Moon Duo	Stars Are the Light	Moon Duo	INDIFFERENT	4.8431373	2019.0	Album	
n34_7Kh9-BI	Recipe for Disaster	Morcheeba	Blood Like Lemonade	Morcheeba	INDIFFERENT		2010.0	Album	
G_TS_3CPqlM	The Sea (Live)	Morcheeba	Lilith Fair: A Celebration of Women In Music, Vol. 2 (Live)	Various Artists	INDIFFERENT		1999.0	Album	
iBG_uYugrr0	18 Counties	Moreland & Arbuckle	Flood	Moreland & Arbuckle	INDIFFERENT		2010.0	Album	
QkvSan1GvzE	Black Tuna Gang	Morgan Delt	Barbarian Kings	Morgan Delt	INDIFFERENT		2013.0	Single	
R0IGWOM5Jek	Obstacle Eyes	Morgan Delt	Morgan Delt	Morgan Delt	INDIFFERENT	4.2765217	2014.0	Album	
saiGCIK-_yI	Another Person	Morgan Delt	Phase Zero	Morgan Delt	INDIFFERENT	4.0731707	2016.0	Album	
uWtNbrUplRg	The System of 1000 Lies	Morgan Delt	Phase Zero	Morgan Delt	INDIFFERENT	4.581109	2016.0	Album	
_NOIp8v_OYw	The Sleeper Wakes	Morgan Fisher	The Sleeper Wakes	Morgan Fisher	INDIFFERENT		1973.0	Album	
nWszQj2ACw8	Sing Your Life (2013 Remastered Version)	Morrissey	Kill Uncle (Remaster)	Morrissey	INDIFFERENT		1991.0	Album	
gWaxIrOepB8	Everyday Is Like Sunday	Morrissey	Viva Hate	Morrissey	INDIFFERENT		1988.0	Album	
eZOP2Hz_Tos	Glamorous Glue	Morrissey	Your Arsenal (Definitive Master)	Morrissey	INDIFFERENT		1992.0	Album	
ljcsANHFjlE	Bless Me	Moses Sumney	græ	Moses Sumney	INDIFFERENT	4.1032448	2020.0	Album	
FUtGBItRLTs	Chloe Dancer/Crown Of Thorns	Mother Love Bone	Mother Love Bone	Mother Love Bone	INDIFFERENT		1992.0	Album	
RU0dCJynUv8	Don't Wanna Come Back	Mother's Finest	The Essential Mother's Finest - The RCA/Epic Years	Mother's Finest	INDIFFERENT		2019.0	Album	
8cUftWEjqzQ	Bomber (Live at Le Mans, 3rd November 1979)	Motörhead	1979	Motörhead	INDIFFERENT		2019.0	Album	
Y3uZCjFelyg	We Are Mötorhead	Motörhead	Armageddon Over Wacken - Live 2004	Various Artists	INDIFFERENT		2005.0	Album	
1VmqIuc7IFI	Heroes	Motörhead	Heroes	Motörhead	INDIFFERENT		2017.0	Single	
KSkdCqOPYM0	Hellraiser	Motörhead	March Or Die	Motörhead	INDIFFERENT		1992.0	Album	
zSyzmmAfaQ0	What? (feat. Julie Doiron & Fred Squire)	Mount Eerie	Lost Wisdom (feat. Julie Doiron & Fred Squire)	Mount Eerie	INDIFFERENT	4.5876288	2008.0	Album	
N_Qj_leNuvE	Boat	Mount Eerie	Sauna	Mount Eerie	INDIFFERENT	3.9387755	2015.0	Album	
g-2M1baMK-Q	Never In My Life	Mountain	Best Of Mountain	Mountain	INDIFFERENT		1973.0	Album	
6Dcz-WxOeFk	Theme for an Imaginary Western	Mountain	Climbing!	Mountain	INDIFFERENT		1970.0	Album	
pZwv8wH-C0Q	For Yasgur's Farm	Mountain	Climbing!	Mountain	INDIFFERENT		1970.0	Album	202.0
dpzHnmARKvQ	Southbound Train	Mountain	Mountain	Leslie West	INDIFFERENT		1969.0	Album	
P5Aq3oxynt4	Tuesday	Mr. Carmack	Tuesday	Mr. Carmack	INDIFFERENT		2017.0	Single	
S3_ei-K6naM	My Purple I	Mr. Elevator	Nico & Her Psychedelic Subconcious	Mr. Elevator	INDIFFERENT	4.4079423	2013.0	Album	
s4N76xbMKkA	Simple and Clean	Mree	Simple and Clean	Mree	INDIFFERENT		2015.0	Single	
-elk0dPGgc8	Please Forgive Me	Mt. Si	Please Forgive Me	Mt. Si	INDIFFERENT		2020.0	Single	
wQlCLF6bzUQ	I'm Ready (Single Version)	Muddy Waters	The Best Of Muddy Waters	Muddy Waters	INDIFFERENT		1957.0	Album	
FcMu0DGgWG8	Got My Mojo Workin' (Live)	Muddy Waters	The Blues (A Real Summit Meeting)	Various Artists	INDIFFERENT		1973.0	Album	
dAtlolO9e1k	Let It Slide	Mudhoney	Every Good Boy Deserves Fudge	Mudhoney	INDIFFERENT	3.5558584	1991.0	Album	
-LU1bHvOHYY	Can't Stand It (feat. Warrior Queen)	Mungo's Hi Fi	Serious Time	Mungo's Hi Fi	INDIFFERENT		2014.0	Album	
08OuHAultPI	An Interlude	Mura Masa	Soundtrack To A Death	Mura Masa	INDIFFERENT	4.443541	2014.0	Album	
Nw5AMCEiZms	Map of the Problematique	Muse	Black Holes And Revelations	Muse	INDIFFERENT		2006.0	Album	
D1URKXu20Oo	What the Single Made the Needle Sing	Music Tapes	1st Imaginary Symphony for Nomad	The Music Tapes	INDIFFERENT	3.2564104	1999.0	Album	
3wIXjF7Gock	Want Her (feat. Quavo & YG)	Mustard	Cold Summer	Mustard	INDIFFERENT	4.7941604	2016.0	Album	
Dy2dHPX_Pqw	Storm Cellar Heart	Mutual Benefit	Thunder Follows the Light	Mutual Benefit	INDIFFERENT		2018.0	Album	171.0
v_uncMEJkBc	Welcome to the Black Parade	My Chemical Romance	The Black Parade	My Chemical Romance	INDIFFERENT		2006.0	Album	
7bMEsTR12W4	Brahama	My Sleeping Karma	TRI	My Sleeping Karma	INDIFFERENT		2010.0	Album	
S_i5Bzk8jQU	Moon (feat. Alissa Feudo)	Myon	Moon	Myon	INDIFFERENT		2022.0	Single	445.0
PRst2AfoUjg	Homecide	Myron Lee	Motorcycle Gang	Various Artists	INDIFFERENT		1994.0	Album	
8lQlsZQ_5tI	Back To Life	Mystery Skulls	Back To Life	Mystery Skulls	INDIFFERENT		2019.0	Single	
HwrU9IFEMHY	Misery Loves Company	Mystic Braves	Mystic Braves	Mystic Braves	INDIFFERENT	4.794621	2012.0	Album	
kCQQG7dpeIc	Mystic Rabbit	Mystic Braves	Mystic Braves	Mystic Braves	INDIFFERENT	4.7324185	2012.0	Album	
my3f2R6_z4g	Pilgrim (MS MR Remix)	MØ	No Mythologies to Follow (Bonus Tracks)	MØ	INDIFFERENT	4.2917504	2014.0	Album	
16GpicX09gk	ZITTI E BUONI	Måneskin	Teatro d'ira - Vol. I	Måneskin	INDIFFERENT		2021.0	Album	
f9c1ZjkK18A	Red Hot (2021- Remaster)	Mötley Crüe	Shout At The Devil (40th Anniversary; 2021 - Remaster)	Mötley Crüe	INDIFFERENT		1983.0	Album	
1BvmMGHqvVM	Cosmic Sounds	N'draman Blintch	Cosmic Sounds (Hit Track, Sufficient Africa)	N'draman Blintch	INDIFFERENT		2018.0	EP	
u65FYwIWP88	Chin Check	N.W.A.	N.W.A. Greatest Hits	N.W.A.	INDIFFERENT	4.8760967	1996.0	Album	
NbdxFehrl80	Appetite For Destruction	N.W.A.	The Best Of N.W.A: The Strength Of Street Knowledge	N.W.A.	INDIFFERENT	4.4471421	2006.0	Album	
IId4EH3zANs	Fur immer	NEU!	NEU! 2	NEU!	INDIFFERENT	4.0327272	1973.0	Album	
C5u5oiH6-rw	Here I Come Again	NINEY THE OBSERVER	Here I Come Again	NINEY THE OBSERVER	INDIFFERENT		1999.0	Album	
CSfoaDvHLiw	Summer Wine	Nancy Sinatra	Nancy & Lee	Nancy Sinatra	INDIFFERENT		2022.0	Album	
RTiDKcFGpCQ	You Only Live Twice	Nancy Sinatra	Nancy In London	Nancy Sinatra	INDIFFERENT		1966.0	Album	
odctBxkOv5k	Every Time the Feeling	Nap Eyes	Every Time the Feeling	Nap Eyes	INDIFFERENT		2018.0	Single	
5zdc08nXK0c	Every Time the Feeling	Nap Eyes	I'm Bad Now	Nap Eyes	INDIFFERENT		2018.0	Album	
a48T31Je6mM	Don't Be Angry	Nappy Brown	Don't Be Angry!	Nappy Brown	INDIFFERENT		1984.0	Album	
cBZWEGUD1GE	Last Real N***** Alive	Nas	God's Son	Nas	INDIFFERENT		2002.0	Album	
fYBnp4Vctp8	Smile	Nat King Cole	Come Closer to Me	Nat King Cole	INDIFFERENT		1967.0	Album	
jnRzMETUUAI	When I Fall In Love	Nat King Cole	Love Is The Thing	Nat 'King' Cole	INDIFFERENT	4.6858377	2012.0	Album	
pjpdaO-aFA4	Love Is Here To Stay	Nat King Cole	Sings For Two In Love	Nat King Cole	INDIFFERENT		1953.0	Album	
kuagd58Tw0E	Mona Lisa	Nat King Cole	The Greatest Hits of the 40s	Various Artists	INDIFFERENT		1971.0	Album	
ZpF1J9FnD4E	Nature Boy	Nat King Cole	The Nat King Cole Story	Nat King Cole	INDIFFERENT	4.9164758	1961.0	Album	
Z_B9L5AWI0Q	Non Dimenticar	Nat King Cole	The Nat King Cole Story	Nat King Cole	INDIFFERENT	4.8476191	1961.0	Album	
phS7BfOfTOY	Smile	Nat King Cole	The Nat King Cole Story	Nat King Cole	INDIFFERENT	4.9181457	1961.0	Album	
HcRQiNHrsoQ	The Very Thought Of You	Nat King Cole	The Very Thought Of You	Nat King Cole	INDIFFERENT		1987.0	Album	
HSs4Jb3Fcg0	I’ve Been Failing	Nathaniel Rateliff & The Night Sweats	Nathaniel Rateliff & The Night Sweats	Nathaniel Rateliff & The Night Sweats	INDIFFERENT	4.5152016	2015.0	Album	
-FWrwbHqu5w	I Need Never Get Old	Nathaniel Rateliff & The Night Sweats	Nathaniel Rateliff & The Night Sweats	Nathaniel Rateliff & The Night Sweats	INDIFFERENT		2015.0	Album	
c1X--jwJhFQ	Tenemos Roads	National Health	National Health	National Health	INDIFFERENT		1978.0	Album	
WXiRoxXx0DE	Mayday	Natural Elements	Lyricist Lounge Vol. 1	Various Artists	INDIFFERENT		1998.0	Album	
PJxEc561Wdg	Moonchild	Natureboy Flako	Mesektet Extnd	Natureboy Flako	INDIFFERENT	4.5389829	2013.0	Album	
9zRbjZdz8wM	I Am the Beyonder	Naxatras	Naxatras	Naxatras	INDIFFERENT		2015.0	Album	
j-pcvD03sBA	Hair Of The Dog	Nazareth	Hair Of The Dog	Nazareth	INDIFFERENT		1975.0	Album	
vz6lH6e8UeQ	This Flight Tonight	Nazareth	Hot Tracks	Nazareth	INDIFFERENT		1976.0	Album	
wOghcFAHR5Q	Open My Eyes (Alt Version, Stereo, No Phasing - Hit Factory Acetate)	Nazz	Acetates	Nazz	INDIFFERENT		2019.0	Album	
egZPeAyIOd4	Cherry, Cherry	Neil Diamond	Classics: The Early Years	Neil Diamond	INDIFFERENT		1983.0	Album	
lXrcuv3G_7A	Cracklin' Rosie (Single Version)	Neil Diamond	Tap Root Manuscript	Neil Diamond	INDIFFERENT		1970.0	Album	179.0
WuHmiIU1wig	Holly Holy	Neil Diamond	Touching You, Touching Me	Neil Diamond	INDIFFERENT		1969.0	Album	
w7aXLV1s_q8	Calendar Girl	Neil Sedaka	Calendar Girl / The Same Old Fool (Vinyl)	Neil Sedaka	INDIFFERENT		1960.0	Single	
1iveYZGAp1Y	Ring-A-Rockin	Neil Sedaka	Sounds of Success	Duane Eddy	INDIFFERENT		1961.0	Album	
P-Nu8QeFJgQ	Laughter In The Rain	Neil Sedaka	The Definitive Collection	Neil Sedaka	INDIFFERENT		2007.0	Album	
5ZMyvzbc0U4	Calendar Girl	Neil Sedaka	The Very Best Of Neil Sedaka	Neil Sedaka	INDIFFERENT		2001.0	Album	
XKlZtA4jTL4	Wonderin'	Neil Young	Everybody's Rockin'	Neil Young	INDIFFERENT		1983.0	Album	
a4hsFISqbw4	Everybody's Rockin'	Neil Young	Everybody's Rockin'	Neil Young	INDIFFERENT		1983.0	Album	
EiEeTlyDmpc	World on a String	Neil Young	Tonight's the Night	Neil Young	INDIFFERENT	4.7881622	1975.0	Album	
xrSGndWipnA	sunday morning	Nejine	Cozy Snowday	Nejine	INDIFFERENT		2020.0	Album	
s1YoAxfI9MA	My Girl	Nekromantix	Life Is A Grave And I Dig It	Nekromantix	INDIFFERENT		2007.0	Album	189.0
b2T7J3kiaNQ	Subcultural Girl	Nekromantix	Return Of The Loving Dead	Nekromantix	INDIFFERENT		2002.0	Album	253.0
n2EnFuuGKlc	Just a Dream	Nena	99 Luftballons	Nena	INDIFFERENT		1984.0	Album	
ysPdibe1R3o	Buffalo Stance	Neneh Cherry	Raw Like Sushi	Neneh Cherry	INDIFFERENT		1989.0	Album	
ozoZ3iygvVg	Winter Chills	Nerok	Lost	Nerok	INDIFFERENT		2019.0	Album	
sNmlzov3S-8	Puzzled	Nerok	Puzzled	Nerok	INDIFFERENT		2018.0	Single	
ep1PdGWkWL0	Transfusion	Nervous Norvus	Transfusion: The Bizarre Best Of Nervous Norvus	Nervous Norvus	INDIFFERENT		1985.0	EP	
4rn8PfSQoqw	Mornings as a Mouse	Nesey Gallons	Eyes & Eyes & Eyes Ago	Nesey Gallons	INDIFFERENT	3.0	2009.0	Album	
v4mmJan8jB8	There Won't Be Any Crows	Nesey Gallons	Eyes & Eyes & Eyes Ago	Nesey Gallons	INDIFFERENT	5.0	2009.0	Album	
3aTfm9d31hQ	Forest-Lit Dinners	Nesey Gallons	Eyes & Eyes & Eyes Ago	Nesey Gallons	INDIFFERENT	5.0	2009.0	Album	
8H7mp6ZAlU0	Moving Closer	Never The Strangers	Never The Strangers	Never The Strangers	INDIFFERENT		2012.0	Album	
emEJWPMh0Mc	Procession	New Order	Singles	New Order	INDIFFERENT		2016.0	Album	
MmayjdjYhxE	Guilty Partner	New Order	Technique	New Order	INDIFFERENT		1989.0	Album	
qogxGA86_WM	Guilty Partner	New Order	Technique	New Order	INDIFFERENT	4.3387532	1989.0	Album	
TARxWUnL9-M	I Just Can’t Get Enough (as made famous by Depeche Mode)	New Wave All-Stars	Singalong To The Hits Of Depeche Mode	New Wave All-Stars	INDIFFERENT		2009.0	Album	
Nvw1S6-x9U4	Cruel to Be Kind	Nick Lowe	Labour of Lust	Nick Lowe	INDIFFERENT	4.2306366	1979.0	Album	
I3uhknxfnt0	Cruel to Be Kind	Nick Lowe	Quiet Please: The New Best of Nick Lowe	Nick Lowe	INDIFFERENT		2009.0	Album	
ZMWe4vDq5qg	Somewhere There's A Feather	Nico	Chelsea Girl	Nico	INDIFFERENT	3.7559056	1967.0	Album	
G1EwjMUAkuI	Winter Song	Nico	Chelsea Girl	Nico	INDIFFERENT	3.8818898	1967.0	Album	
ndbwY6S2ysQ	Chelsea Girls	Nico	Chelsea Girl	Nico	INDIFFERENT	4.0593605	1967.0	Album	
VB6s5EWa8m0	The Fairest Of The Seasons	Nico	Chelsea Girl	Nico	INDIFFERENT	4.3212852	1967.0	Album	
DPXScHMTQ5k	Chelsea Girls	Nico	The Velvet Underground & Nico (45th Anniversary / Super Deluxe Edition)	The Velvet Underground	INDIFFERENT		1967.0	Album	
HMVpTUUyNvA	The Fairest Of The Seasons	Nico	The Velvet Underground & Nico (45th Anniversary / Super Deluxe Edition)	The Velvet Underground	INDIFFERENT		1967.0	Album	
BUDg_r2nlqE	Somewhere There's A Feather	Nico	The Velvet Underground & Nico (45th Anniversary / Super Deluxe Edition)	The Velvet Underground	INDIFFERENT		1967.0	Album	141.0
nD4VHciIYJ0	Let Me Go, Love	Nicolette Larson	In The Nick Of Time	Nicolette Larson	INDIFFERENT		1979.0	Album	
lHLr5dT4XHc	Lotta Love	Nicolette Larson	Nicolette	Nicolette Larson	INDIFFERENT		1978.0	Album	
wu1em33FOkQ	Dial 666	Night Beats	Night Beats	Night Beats	INDIFFERENT		2011.0	Album	
96PTkBsnYRg	Hallucinojenny	Night Beats	Night Beats	Night Beats	INDIFFERENT		2011.0	Album	
TQABQPaB9W8	Sonic Bloom	Night Beats	Sonic Bloom	Night Beats	INDIFFERENT	4.3918128	2013.0	Album	
Go0XnbbxnzA	The Hidden Circle	Night Beats	Sonic Bloom	Night Beats	INDIFFERENT	4.0967741	2013.0	Album	
nGce30Yy2Yk	Ticket	Night Beats	Ticket	Night Beats	INDIFFERENT		2021.0	Single	
2x7InYBi_X0	Alabama	Night Moves	Pennied Days	Night Moves	INDIFFERENT	4.2747874	2016.0	Album	
Bi3GkpNRRBs	Tell Me	Night Talks	Same Time Tomorrow	Night Talks	INDIFFERENT		2022.0	Album	229.0
JkPjEKCTKME	Why? (The King Of Love Is Dead) (Unedited version from original live concert)	Nina Simone	Forever Young, Gifted And Black: Songs Of Freedom And Spirit	Nina Simone	INDIFFERENT		2006.0	Album	
pa5YJRcfCfM	The Perfect Drug	Nine Inch Nails	Lost Highway	Various Artists	INDIFFERENT		1997.0	Album	
GBLodBIUW3s	March Of The Pigs	Nine Inch Nails	March Of The Pigs	Nine Inch Nails	INDIFFERENT		1994.0	EP	
lZY91ZsyHGw	Mr. Self Destruct	Nine Inch Nails	The Downward Spiral	Nine Inch Nails	INDIFFERENT		1994.0	Album	
PvOZD74sgTw	Racks in the Middle (feat. Roddy Ricch & Hit-Boy)	Nipsey Hussle	Racks in the Middle (feat. Roddy Ricch & Hit-Boy)	Nipsey Hussle	INDIFFERENT	4.6068258	2019.0	Single	
1v3aOgcSR1M	Racks in the Middle (feat. Roddy Ricch & Hit-Boy)	Nipsey Hussle	Racks in the Middle (feat. Roddy Ricch & Hit-Boy)	Nipsey Hussle	INDIFFERENT	4.7675114	2019.0	Single	
aQhiXPxYBtQ	Dedication (feat. Kendrick Lamar)	Nipsey Hussle	Victory Lap	Nipsey Hussle	INDIFFERENT	4.7147136	2018.0	Album	
iKyAc45kvZg	Last Time That I Checc'd (feat. YG)	Nipsey Hussle	Victory Lap	Nipsey Hussle	INDIFFERENT	4.6521358	2018.0	Album	
HYLW9DaS1Iw	Grinding All My Life	Nipsey Hussle	Victory Lap	Nipsey Hussle	INDIFFERENT	4.7339091	2018.0	Album	
X0d2f_EqXNc	Milk It	Nirvana	In Utero (20th Anniversary Remaster)	Nirvana	INDIFFERENT	4.6757016	1993.0	Album	
1ppZcWfmKCc	Scentless Apprentice	Nirvana	In Utero (20th Anniversary Remaster)	Nirvana	INDIFFERENT	4.6867423	1993.0	Album	
AP7szCOgUIk	Milk It	Nirvana	In Utero (Super Deluxe)	Nirvana	INDIFFERENT		2013.0	Album	234.0
sIg1ApHMO2E	Molly's Lips (BBC John Peel Session 1990)	Nirvana	Incesticide	Nirvana	INDIFFERENT	4.5892315	1992.0	Album	
tw4VCu6JKkY	Son Of A Gun (BBC John Peel Session 1990)	Nirvana	Incesticide	Nirvana	INDIFFERENT	4.6547723	1992.0	Album	
ygLPQd1FVAk	Come As You Are (Live In Amsterdam, Netherlands/1991)	Nirvana	Nevermind (30th Anniversary Super Deluxe)	Nirvana	INDIFFERENT		1991.0	Album	
FhmZJxTKuBQ	Negative Creep (Live In Amsterdam, Netherlands/1991)	Nirvana	Nevermind (30th Anniversary Super Deluxe)	Nirvana	INDIFFERENT		1991.0	Album	
Xz_2waBmqDk	If You Want It	Niteflyte	Niteflyte	Niteflyte	INDIFFERENT		1979.0	Album	
58Tda7d4qHE	No Qualms	No Karma	Thesoundyouneed, Vol. 1		INDIFFERENT				
gaRvWSUqHQw	Neurosis (feat. theMIND)	No Legs	Neurosis (feat. Themind)	No Legs	INDIFFERENT		2019.0	Single	
isg9psCo56I	Where Do We Go From Here?	No Moon	Where Do We Go from Here?	No Moon	INDIFFERENT		2019.0	Single	
RjQxmy90hTg	Snacks Pt. 1	No Spirit	Snacks	No Spirit	INDIFFERENT		2020.0	EP	
_ivnBt9eTow	Laundry Day	No Vacation	Amo XO	No Vacation	INDIFFERENT	4.7000904	2015.0	Album	
xjAf3o4QQq0	If I Was Peace (feat. Fat Jon)	Nomak	Calm	Nomak	INDIFFERENT	4.4893618	2007.0	Album	
jJe1Myn-kRo	Boogie	North Mississippi Allstars	World Boogie Is Coming	North Mississippi Allstars	INDIFFERENT		2013.0	Album	
tTjxS07cH6w	A.C.D. (Abcessive Compulsive Disorder)	Nothing	Tired of Tomorrow (Deluxe Version)	Nothing	INDIFFERENT		2016.0	Album	
l5S8OGODUOY	Swing de Campo Grande	Novos Baianos	Acabou Chorare	Novos Baianos	INDIFFERENT		1972.0	Album	190.0
Zy8EH-ihtPY	Hard Times	Nu-matic	Hard Times	Nu-matic	INDIFFERENT		1992.0	EP	
jUSPRlzsVOM	Soul's Matter	Nuage	Soul's Matter	Nuage	INDIFFERENT		2020.0	Single	223.0
tHQV_ZKdE2w	Modal Soul (feat. Uyama Hiroto)	Nujabes	Free Soul Nujabes First Collection	Various Artists	INDIFFERENT	5.0	2014.0	Album	
KJLUVbf-slQ	Peaceland	Nujabes	Metaphorical Music	Nujabes	INDIFFERENT		2003.0	Album	
25RsRkg40t4	Modal Soul (feat. Uyama Hiroto)	Nujabes	Modal Soul	Nujabes	INDIFFERENT	5.0	2005.0	Album	
cOjMBzcs1Ak	The Sign (feat. Pase Rock)	Nujabes	Modal Soul	Nujabes	INDIFFERENT		2005.0	Album	
ZZelKvK_cPw	City Lights (feat. Pase Rock & Substantial)	Nujabes	Spiritual State	Nujabes	INDIFFERENT		2011.0	Album	
H_9vJUwf_rQ	Well Tempered	Nym	Convex	Nym	INDIFFERENT	4.3684211	2015.0	Album	
m2mJGmMtBfA	Palms	OAKK	Palms/Canary	OAKK	INDIFFERENT		2021.0	Single	
COFo323Ms0Y	On and On Corridor	OCS	Memory Of A Cut Off Head	OCS	INDIFFERENT	4.6727271	2017.0	Album	
r8aANlyw2A4	Neighbor to None	OCS	Memory Of A Cut Off Head	OCS	INDIFFERENT	4.4936709	2017.0	Album	
ieD7Lzb6EmI	The Baron Sleeps and Dreams	OCS	Memory Of A Cut Off Head	OCS	INDIFFERENT	4.4698796	2017.0	Album	
fBMF1SOipck	Bloom	ODESZA	In Return	ODESZA	INDIFFERENT		2014.0	Album	
KDjXo6-3Rsg	You Are Right	ORB	Naturality	ORB	INDIFFERENT	3.8421052	2017.0	Album	
YTvLH1OEpUw	FRZZN (Instrumental)	OZZIE	Colours	OZZIE	INDIFFERENT		2017.0	Album	
6Bl2ReFSeOA	Morning Glory	Oasis	(What's The Story) Morning Glory?	Oasis	INDIFFERENT		1995.0	Album	303.0
g2AWMPdEt60	Morning Glory	Oasis	(What's The Story) Morning Glory?	Oasis	INDIFFERENT		1995.0	Album	304.0
GSfHVCZYkxE	Morning Glory	Oasis	(What's The Story) Morning Glory? (Remastered)	Oasis	INDIFFERENT		1995.0	Album	
X95e3JVEjJw	Cast No Shadow (Live at Knebworth, 10 August '96)	Oasis	Knebworth 1996 (Live)	Oasis	INDIFFERENT		2021.0	Album	
EnplR7EpkNk	Cast No Shadow (Live at Knebworth, 10 August '96)	Oasis	Knebworth 1996 (Live)	Oasis	INDIFFERENT		2021.0	Album	287.0
xj7PKQLu944	Green People	Oats	Green People	Oats	INDIFFERENT		2021.0	Single	
9GKcYxzb4_Q	Sing it To Happen	Oceanic	Sing It To Happen	Oceanic	INDIFFERENT		2022.0	Single	233.0
TY3TI_vZUJk	Falling Through Space	Of Water	In the Beginning of Time	Of Water	INDIFFERENT		2021.0	Album	
IVr-dFkzZJQ	Jettisoned	Oh Sees	Orc	Oh Sees	INDIFFERENT	4.7957168	2017.0	Album	
jwNi2XO5mys	Last Peace	Oh Sees	Smote Reverser	Oh Sees	INDIFFERENT	4.6947165	2018.0	Album	
BY4VmgFnO4A	Anthemic Aggressor	Oh Sees	Smote Reverser	Oh Sees	INDIFFERENT	4.6877322	2018.0	Album	
Y51if4UdJY4	Follow Your Excitement	Ohbliv	Up	Ohbliv	INDIFFERENT		2012.0	Album	102.0
uIRzOLqd3DU	Yummy Yummy Yummy	Ohio Express	Bubblegum Music Is The Naked Truth Volume 1	Various Artists	INDIFFERENT	3.8372092	2011.0	Album	
jMjBo3edd1g	Fire	Ohio Players	Fire	Ohio Players	INDIFFERENT	4.674962	1974.0	Album	
DIfjheWQdVc	Love Rollercoaster	Ohio Players	Gold	Ohio Players	INDIFFERENT		1976.0	Album	
QjZbPA1cMIU	Love Rollercoaster	Ohio Players	Honey	Ohio Players	INDIFFERENT	4.8385286	1975.0	Album	
_5oGtAKebps	Love Rollercoaster	Ohio Players	Love Funk	Various Artists	INDIFFERENT	4.5839348	2000.0	Album	
5Smb9DkYDr8	Skin Tight	Ohio Players	Skin Tight	Ohio Players	INDIFFERENT		1974.0	Album	
UKwFZI9zHlY	Nice Weather for Surfing	Oilix	Jellify	Oilix	INDIFFERENT		2020.0	EP	
0voEf2JcNKE	We Close Our Eyes	Oingo Boingo	Boi-Ngo	Oingo Boingo	INDIFFERENT		1987.0	Album	
0nZE978JbYc	Not My Slave	Oingo Boingo	Boi-Ngo	Oingo Boingo	INDIFFERENT		1987.0	Album	
IzGC21OVVs4	Nigga Please	Ol' Dirty Bastard	N***A Please	Ol' Dirty Bastard	INDIFFERENT		1999.0	Album	
SKBlCS-cUhI	Cracker Jack	Ol' Dirty Bastard	Nigga Please	Ol' Dirty Bastard	INDIFFERENT		1999.0	Album	
K8kEVVeoj6E	Raw Hide	Ol' Dirty Bastard	Return To The 36 Chambers: The Dirty Version	Ol' Dirty Bastard	INDIFFERENT	4.6886935	1995.0	Album	
t9nTJwLqLks	Snakes	Ol' Dirty Bastard	Return To The 36 Chambers: The Dirty Version	Ol' Dirty Bastard	INDIFFERENT	4.706728	1995.0	Album	
IUe3kaY_pCY	I Honestly Love You	Olivia Newton-John	Back With A Heart	Olivia Newton-John	INDIFFERENT		1998.0	Album	246.0
r-3NvDp28U4	Hopelessly Devoted To You (From “Grease”)	Olivia Newton-John	Grease (The Original Motion Picture Soundtrack)	Various Artists	INDIFFERENT		1978.0	Album	186.0
ZUQNvXW24eY	Love Song	Olivia Newton-John	Let Me Be There	Olivia Newton-John	INDIFFERENT		1973.0	Album	228.0
CC79SMdDbYQ	Dreams	Ollie Olsen	Birthday	Ollie Olsen	INDIFFERENT	0.0	2015.0	Album	
cHc3cXXIydc	Save	Olswel	Save	Olswel	INDIFFERENT		2021.0	Single	
4kswbdjVJm8	Fistful of Maybes	One Hundred Moons	One Hundred Moons		INDIFFERENT				
_nijtPdf51A	Primanti Bros.	Oneida	Enemy Hogs	Oneida	INDIFFERENT	3.5	1999.0	Album	
UYrY-B6qB2o	Up With People	Oneida	Happy New Year	Oneida	INDIFFERENT	4.2592592	2006.0	Album	
sNiKrPRn3ik	A Thousand Joys (Dubstep Version)	Open Source	Mindcooler	Open Source	INDIFFERENT		2017.0	Album	
y5ZGrmgK8MI	No More Gravy	Orgone	The Duck Gravy 7	Orgone	INDIFFERENT		2007.0	Single	
0mCkMuk_6TQ	Who Knows Who (feat. Fanny Franklin)	Orgone	The Killion Floor	Orgone	INDIFFERENT		2007.0	Album	
0_gr7atGlQk	Stitches	Orgy	Candyass	Orgy	INDIFFERENT		1998.0	Album	
hfiQc7-rghk	Here For You	Orloe	Beatsupply: Crate001	Various Artists	INDIFFERENT		2018.0	EP	
-CqbX90OjTk	Lanterna Dos Afogados	Os Paralamas Do Sucesso	Acústico Good Vibes	Various Artists	INDIFFERENT		2021.0	Album	190.0
BN7lo4cO7XU	Lanterna Dos Afogados	Os Paralamas Do Sucesso	No Ônibus	Various Artists	INDIFFERENT		2020.0	Album	
Ol_E83V5z_I	Don't Leave	Oscuro	Don't Leave	Oscuro	INDIFFERENT		2022.0	Single	215.0
vVvIFmItL_A	Frozen (feat. Baauer)	Oshi	Frozen (feat. Baauer)	Oshi	INDIFFERENT	3.7814856	2018.0	Single	
ULpZrC3KdRA	I’ve Been Loving You Too Long (Live / Set 1 / Sunday, April 10, 1966)	Otis Redding	Live At The Whisky A Go Go: The Complete Recordings	Otis Redding	INDIFFERENT		2016.0	Album	
chNpAYaTH2k	Shake (Mono) [2008 Remaster]	Otis Redding	Otis Blue: Otis Redding Sings Soul (Collector's Edition)	Otis Redding	INDIFFERENT	4.1302981	1965.0	Album	
ZCTYMSzZoSo	I Wonder Why	Otis Rush	Right Place, Wrong Time	Otis Rush	INDIFFERENT		1976.0	Album	
UguyHaiFztU	Time	Otis the 3rd	Time b/w Walk On By	Otis the 3rd	INDIFFERENT		1971.0	Single	
nB-ezSYzx_M	Coming Home	Oui Lele	Dozing Off	Oui Lele	INDIFFERENT		2019.0	EP	
pElMgArfrdQ	Wreckin' Ball	Owen Campbell	The Pilgrim	Owen Campbell	INDIFFERENT		2013.0	Album	
Mzyz2egx_0c	Shot in the Dark	Ozzy Osbourne	The Ultimate Sin	Ozzy Osbourne	INDIFFERENT		1986.0	Album	
rWwdUWzgseg	Too Hot	PRINCE BUSTER	Ska / Rocksteady Collection, Vol. 9	PRINCE BUSTER	INDIFFERENT		2017.0	Album	
qRfNa4-6KL8	Whatcha Gonna Do?	Pablo Cruise	20th Century Masters: The Millennium Collection: Best of Pablo Cruise	Pablo Cruise	INDIFFERENT		2001.0	Album	256.0
db-yKF1a-oM	Whatcha Gonna Do?	Pablo Cruise	A Place In The Sun	Pablo Cruise	INDIFFERENT		1977.0	Album	
QJLICOHTBTU	Love Will Find A Way	Pablo Cruise	Worlds Away	Pablo Cruise	INDIFFERENT		1977.0	Album	
huDa0cFtn4s	Give I Fe a Name	Pablo Moses	Revolutionary Dream	Pablo Moses	INDIFFERENT		1976.0	Album	
P6lgpkowD78	The Sailor's Song	Pages	Future Street	Pages	INDIFFERENT		1979.0	Album	
y0gyol1Cpc8	If I Saw You Again	Pages	Pages	Pages	INDIFFERENT		1978.0	Album	
lo0UDvxGPD4	You Need A Hero	Pages	Pages	Pages	INDIFFERENT		1978.0	Album	
kZ5ydt3iS60	Have Faith	Palace	So Long Forever	Palace	INDIFFERENT		2016.0	Album	
noez-N3GwU8	Break The Silence	Palace	So Long Forever	Palace	INDIFFERENT	4.8343687	2016.0	Album	
_FaZRYqlVEQ	Baton rouge	Palatine	Grand Paon de Nuit	Palatine	INDIFFERENT		2018.0	Album	244.0
q23T5gzih2I	Let's Stay Miserable Together	Pamela Claire	Let's Stay Miserable Together	Pamela Claire	INDIFFERENT		2020.0	Single	
NCIXyVIf7z8	Swimming Pool	Pan Galactic Garden	Pan Galactic Garden	Pan Galactic Garden	INDIFFERENT		2021.0	Album	
ylX3aIlbYmE	Part of the Math (Digital Mix)	Panda Bear	A Day With the Homies (Digital Mix)	Panda Bear	INDIFFERENT		2018.0	EP	
pxBvg6QSZZw	Bros	Panda Bear	Person Pitch	Panda Bear	INDIFFERENT	4.7156625	2007.0	Album	
9s29tspuFyo	Drag the Waters	Pantera	The Great Southern Trendkill (20th Anniversary Edition)	Pantera	INDIFFERENT		2016.0	Album	
7QcMhOFAVzE	Fucking Hostile	Pantera	Vulgar Display Of Power	Pantera	INDIFFERENT		1992.0	Album	
g9Am_-SlR30	The Winter Hymn	Pantha Du Prince	The Triad	Pantha Du Prince	INDIFFERENT	3.892508	2016.0	Album	
MGxQThQdOz8	Rain	Papa Khan	Rain	Papa Khan	INDIFFERENT		2020.0	Single	
OWr_zcSoTF8	Find Your Cloud	Papadosio	T.E.T.I.O.S	Papadosio	INDIFFERENT		2012.0	Album	
ZRJdVTXkdGI	Brick by Boring Brick	Paramore	Brand New Eyes	Paramore	INDIFFERENT	4.6478744	2009.0	Album	
g1x1NtWGw5s	White Ceiling	Parannoul	To See the Next Part of the Dream	Parannoul	INDIFFERENT		2021.0	Album	
5azQjpJtuYE	Funkentelechy	Parliament	Tear The Roof Off (1974-1980)	Parliament	INDIFFERENT		1993.0	Album	
NpeOs1FAttE	Captive of the Sun	Parquet Courts	Human Performance	Parquet Courts	INDIFFERENT	4.251029	2016.0	Album	
zwqDZJFPb1g	Mardi Gras Beads	Parquet Courts	Wide Awake!	Parquet Courts	INDIFFERENT	4.4945054	2018.0	Album	
xaRgQwmDN-w	Normalization	Parquet Courts	Wide Awake!	Parquet Courts	INDIFFERENT	4.5592656	2018.0	Album	
yD3jSYHOnD4	Rock And Roll, Hoochie Koo (Made Popular By Rick Derringer) [Instrumental Version]	Party Tyme Karaoke	Party Tyme Karaoke - Instrumentals 22		INDIFFERENT				224.0
tWSlWqI6Buw	Purple Haze (Made Popular By The Jimi Hendrix Experience) [Vocal Version]	Party Tyme Karaoke	Party Tyme Karaoke - Rock Male Hits 4 (Vocal Versions)	Party Tyme Karaoke	INDIFFERENT		2020.0	Album	
Mop83U2W03s	Feel It (Audiotree Live Version)	Passafire	Passafire on Audiotree Live	Passafire	INDIFFERENT		2015.0	Single	
e4AmzL3oJPo	Moth's Wings	Passion Pit	Manners	Passion Pit	INDIFFERENT	4.3676119	2009.0	Album	
PrHfkjg83Ks	You Better Run	Pat Benatar	Crimes Of Passion	Pat Benatar	INDIFFERENT		1980.0	Album	186.0
p3pyX_Dbdmc	Ain't That A Shame	Pat Boone	20th Century Rocks: 50's Rock 'n Roll - At The Hop	Various Artists	INDIFFERENT		2001.0	Album	
tct7961q0Xw	Don't Forbid Me	Pat Boone	A Date With Pat Boone	Pat Boone	INDIFFERENT		1957.0	Single	
Tllocuk82vU	Don't Forbid Me	Pat Boone	Dancin' to the 50s, Vol. 3	Various Artists	INDIFFERENT		2014.0	Album	
IxyGpGPedIk	Don't Forbid Me	Pat Boone	Greatest Hits	Pat Boone	INDIFFERENT		2021.0	Album	
ooll-Yby_0o	April Love	Pat Boone	Pat Boone's Greatest Hits	Pat Boone	INDIFFERENT		1962.0	Album	
Ia-PDzf3jbM	When the Swallows Come Back to Capistrano	Pat Boone	The Amazing Pat Boone	Pat Boone	INDIFFERENT		2017.0	Album	150.0
wyE6m4d7wdE	When the Swallows Come Back to Capistrano	Pat Boone	The Complete Us & Uk Singles As & BS 1953-62, Vol. 1	Pat Boone	INDIFFERENT		2015.0	Album	
SKKmQS5iCUM	Angel Of The Morning	Pat Kelly	Angel Of The Morning	Pat Kelly	INDIFFERENT		2012.0	Single	
OqVY12Bj5EI	Dark End Of The Street	Pat Kelly	Jamaican Soul	Pat Kelly	INDIFFERENT	4.3333335	2013.0	Album	
SV6Iwqa3cQ4	California Bears (feat. Reek Daddy)	Pat Rich	Pat Rich The Great	Pat Rich	INDIFFERENT		2009.0	Album	
MykD8zgHuy8	Snortin' Whiskey	Pat Travers Band	Crash And Burn	Pat Travers	INDIFFERENT		1980.0	Album	
xmaHsAxteOo	Get Off (You Fascinate Me)	Patrice Rushen	Now	Patrice Rushen	INDIFFERENT		1984.0	Album	
KP3nev7KWUY	Born to Be Alive	Patrick Hernandez	Born to Be Alive	Patrick Hernandez	INDIFFERENT		1978.0	Single	
9loTXznGJy4	I Fall To Pieces (Single Version)	Patsy Cline	Showcase	Patsy Cline	INDIFFERENT		1961.0	Album	
NN-LsWabUbk	Tennessee Waltz	Patti Page	For Sentimental Reasons	Patti Page	INDIFFERENT		2005.0	Album	
5KO4Eew9d34	Oklahoma Blues	Patti Page	Patti Page with Lou Stein's Music, 1949	Patti Page	INDIFFERENT		1986.0	Album	
mt69vfE9DdY	Detour	Patti Page	Patti Page's Greatest Hits	Patti Page	INDIFFERENT		1982.0	Album	
IRfz9px0wnk	Back In Your Own Backyard	Patti Page	The Patti Page Collection: The Mercury Years, Volume 1	Patti Page	INDIFFERENT		1991.0	Album	
wDlKTQ3Ig7A	Because the Night	Patti Smith Group	Easter	Patti Smith Group	INDIFFERENT		1978.0	Album	206.0
IBXBntY5aEY	Hey Paula	Paul	Hey Paul - The Very Best Of	Paul	INDIFFERENT		2013.0	Album	
chGKYYCbpmU	Hey Paula	Paul & Paula	Hey Paula	Paul & Paula	INDIFFERENT	4.1416736	1962.0	Single	
1Nie88qy6I4	Diana	Paul Anka	21 Golden Hits	Paul Anka	INDIFFERENT		1963.0	Album	
2mgg7EDRdS4	It Doesn't Matter Anymore	Paul Anka	21 Golden Hits	Paul Anka	INDIFFERENT		1963.0	Album	
PrJEpQf5zbs	Blau-Wile-Deveest-Fontaine	Paul Anka	The Complete Us & Uk Singles As & BS 1956-62	Paul Anka	INDIFFERENT		2016.0	Album	
m0tmkm9KIAo	Cool Night	Paul Davis	Cool Night	Paul Davis	INDIFFERENT		1981.0	Album	
jvf3rBgw1LU	I Go Crazy	Paul Davis	Singer of Songs, Teller of Tales	Paul Davis	INDIFFERENT		1977.0	Album	
nhu3orNqZu4	I Go Crazy (Single Version)	Paul Davis	The Best of Paul Davis (Expanded Edition)	Paul Davis	INDIFFERENT		2011.0	Album	
_LY6aFUVmOU	Future	Paul Grant	Future	Paul Grant	INDIFFERENT		2022.0	Single	
Vvwqt9YvgeA	Slidin'	Paul McCartney	McCartney III	Paul McCartney	INDIFFERENT		2020.0	Album	
dScSRM79ass	Listen To What The Man Said	Paul McCartney & Wings	Venus And Mars (Archive Collection)	Wings	INDIFFERENT		1975.0	Album	
htmW4Fa2yxo	Rock Show	Paul McCartney & Wings	Venus And Mars (Archive Collection)	Wings	INDIFFERENT		1975.0	Album	
dVxYL2sI1oM	Indian Reservation (The Lament of the Cherokee Reservation Indian)	Paul Revere & The Raiders	Indian Reservation	Paul Revere & The Raiders	INDIFFERENT	4.5345993	1971.0	Album	
AXa9UoYT8lo	I'm Not Your Stepping Stone	Paul Revere & The Raiders	Midnight Ride	Paul Revere & The Raiders	INDIFFERENT	4.2947979	1966.0	Album	
X1_CNl6w2Tk	My Little Town	Paul Simon	Still Crazy After All These Years	Paul Simon	INDIFFERENT		1975.0	Album	
IYdy8qEV-Zg	Someday Man	Paul Williams	Someday Man (Deluxe Edition)	Paul Williams	INDIFFERENT	4.0278883	1970.0	Album	
s_-QRNVbNM8	Every Time You Go Away (Single Version)	Paul Young	The Secret Of Association	Paul Young	INDIFFERENT		1985.0	Album	
iQs1ZsRL8fc	Kennel District	Pavement	Crooked Rain, Crooked Rain: LA’s Desert Origins	Pavement	INDIFFERENT	4.5862069	1994.0	Album	
TTdZ0YAKhzE	Kennel District	Pavement	Wowee Zowee	Pavement	INDIFFERENT	4.6713614	1995.0	Album	
bGlBY7QlN08	Sleeping Bag	Paw	Dragline	Paw	INDIFFERENT		1993.0	Album	
Z8He-Bto3xc	Jessie	Paw	Dragline	Paw	INDIFFERENT	3.7824593	1993.0	Album	
F8RbRHD7n-A	Reaching For The Sky	Peabo Bryson	Reaching For The Sky	Peabo Bryson	INDIFFERENT		1977.0	Album	
gwjsvGMdxP0	Mariguana	Peace And Love	Peace and Love	Peace And Love	INDIFFERENT		1971.0	Album	
kzJu4r5vvo8	Why Go	Pearl Jam	Ten	Pearl Jam	INDIFFERENT	4.5788503	1991.0	Album	
FQkgIrfpLw0	Corduroy	Pearl Jam	Vitalogy	Pearl Jam	INDIFFERENT	4.5406318	1994.0	Album	
RQd6DwTJijE	Do the Evolution	Pearl Jam	Yield	Pearl Jam	INDIFFERENT		1998.0	Album	
uuUAciBsMto	With	Pearla	With	Pearla	INDIFFERENT		2022.0	EP	179.0
yTg4MyOW99I	Blue Suede Shoes	Pee Wee King and His Band	Biggest Hits	Pee Wee King	INDIFFERENT		1971.0	Album	
hC72TKOv13M	You Can't Stop Me From Drinking	Peetie Wheatstraw	Peetie Wheatstraw Vol. 6 1938-1940	Peetie Wheatstraw	INDIFFERENT		2005.0	Album	
fkMuxj91J2s	Don’t Fuck With My Money	Penguin Prison	Penguin Prison	Penguin Prison	INDIFFERENT		2011.0	Album	
vFf0eg210Po	Don’t Fuck With My Money	Penguin Prison	Penguin Prison	Penguin Prison	INDIFFERENT		2011.0	Album	251.0
R7HNS6p9ouE	Floating Spit	Perfume Genius	Put Your Back N 2 It	Perfume Genius	INDIFFERENT	4.3062329	2012.0	Album	
sH7FLTTSI6A	Don't Let The Stars Get In Your Eyes	Perry Como	20 Golden Hits	Perry Como	INDIFFERENT		1974.0	Album	
yxwvkTzrFfQ	Papa Loves Mambo	Perry Como	20 Golden Hits	Perry Como	INDIFFERENT		1974.0	Album	
sXsgo9baTrY	Rambling Rose	Perry Como	Greatest Hits 1943-1953	Perry Como	INDIFFERENT		2005.0	Album	
X8yzk5wuNTk	It's Impossible	Perry Como	It's Impossible	Perry Como	INDIFFERENT		1970.0	Album	
l0pjTIaZ0lA	Near You (feat. Pat Patrick Band & US Air Force Airmen of Note)	Perry Danos	Swan Ball 2003 - Reminisce	Various Artists	INDIFFERENT		2007.0	Album	
-BTIZS_KuWY	Opportunities (Let's Make Lots of Money) [2001 Remaster]	Pet Shop Boys	Please	Pet Shop Boys	INDIFFERENT		1986.0	Album	
NNU-39TmtIU	Lady Godiva (Stereo)	Peter And Gordon	Lady Godiva	Peter And Gordon	INDIFFERENT	3.5992949	2011.0	Album	
NNMR5MCpYGU	Solsbury Hill (2002 Remastered Version)	Peter Gabriel	Peter Gabriel 1	Peter Gabriel	INDIFFERENT		1977.0	Album	
J4K4obX3wcs	Games Without Frontiers	Peter Gabriel	Peter Gabriel 3: Melt	Peter Gabriel	INDIFFERENT		1980.0	Album	
5DumLW1hwr0	Don't Give Up	Peter Gabriel	So (Special Edition)	Peter Gabriel	INDIFFERENT		1986.0	Album	
iC3oeWESI40	Bottoms Up	Peter Green	The End of the Game (Expanded)	Peter Green	INDIFFERENT		1970.0	Album	
Mm-hMSDdy4c	Imperial Zeppelin (2005 Digital Remaster)	Peter Hammill	Fool's Mate	Peter Hammill	INDIFFERENT		1971.0	Album	
s5Y_Jye5_Hk	People You Were Going To (2006 Digital Remaster)	Peter Hammill	Nadir's Big Chance	Peter Hammill	INDIFFERENT		1975.0	Album	
l2JXx0N82DU	Bush Doctor (Long Version) [2002 Remaster]	Peter Tosh	Bush Doctor	Peter Tosh	INDIFFERENT		1978.0	Album	
yzTz0sCtkCQ	Bush Doctor (2002 Remaster)	Peter Tosh	Bush Doctor	Peter Tosh	INDIFFERENT		1978.0	Album	
NX_itOdyCHM	Dem Ha Fe Get a Beatin' (2002 Remaster)	Peter Tosh	Bush Doctor	Peter Tosh	INDIFFERENT		1978.0	Album	
IQ0_KH2-wqA	Apartheid	Peter Tosh	Equal Rights	Peter Tosh	INDIFFERENT		1977.0	Album	
P2QRgQrw7jA	Jah Guide	Peter Tosh	Equal Rights	Peter Tosh	INDIFFERENT		1977.0	Album	
sXpiumR1xhw	You Can't Blame the Youth (Outtake)	Peter Tosh	Equal Rights (Legacy Edition)	Peter Tosh	INDIFFERENT		1977.0	Album	
wFK__JxRgLo	Get Up, Stand Up (Alternate Version)	Peter Tosh	Equal Rights (Legacy Edition)	Peter Tosh	INDIFFERENT		1977.0	Album	
q0Th7D5cJLc	Equal Rights	Peter Tosh	Equal Rights (Legacy Edition)	Peter Tosh	INDIFFERENT		1977.0	Album	
G9QrgHK1fwo	Whatcha Gonna Do	Peter Tosh	Legalize It	Peter Tosh	INDIFFERENT	4.1765819	1976.0	Album	
oFj-GfwFMl0	Burial	Peter Tosh	Legalize It	Peter Tosh	INDIFFERENT	4.2796092	1976.0	Album	
3jVNX7UI2tw	Whatcha Gonna Do	Peter Tosh	Legalize It (Legacy Edition)	Peter Tosh	INDIFFERENT		1976.0	Album	
zLBVfatI8IM	Burial	Peter Tosh	Legalize It (Legacy Edition)	Peter Tosh	INDIFFERENT		1976.0	Album	
B7KLIi2AALo	Johnny B. Goode (2002 Remaster)	Peter Tosh	Mama Africa	Peter Tosh	INDIFFERENT	4.6005998	1983.0	Album	
W33LC4Lch1w	The Day the Dollar Die (2002 Remaster)	Peter Tosh	Mystic Man	Peter Tosh	INDIFFERENT		1979.0	Album	
FeUBb96ObB8	Fight Apartheid (2002 Remaster)	Peter Tosh	No Nuclear War	Peter Tosh	INDIFFERENT		1987.0	Album	
yg0dTts2yew	Vampire (2002 Remaster)	Peter Tosh	No Nuclear War	Peter Tosh	INDIFFERENT		1987.0	Album	
bZXUJ_7D6Xg	Arise Blackman	Peter Tosh	The Ultimate Peter Tosh Experience	Peter Tosh	INDIFFERENT		2009.0	Album	
idKJP4mVEP8	Here Comes The Judge	Peter Tosh	Total Reggae: Roots	Various Artists	INDIFFERENT		2013.0	Album	
b6f-a8yuXL0	Puff, the Magic Dragon (Live Version)	Peter, Paul and Mary	Peter, Paul And Mary In Concert	Peter, Paul and Mary	INDIFFERENT		1964.0	Album	
ePqQ_vCfU70	My love	Petula Clark	Best Of	Petula Clark	INDIFFERENT		1996.0	Album	
eTnX8HHa6KM	Downtown	Petula Clark	Best Of	Petula Clark	INDIFFERENT		1996.0	Album	186.0
kRdzKvu3TSo	My Love	Petula Clark	Best Of	Petula Clark	INDIFFERENT		1996.0	Album	162.0
5MrZVBMEpAY	Don't Sleep in the Subway	Petula Clark	Best Of	Petula Clark	INDIFFERENT		1996.0	Album	177.0
0tBnWYWIw3Q	Downtown	Petula Clark	Downtown	Petula Clark	INDIFFERENT		1964.0	Single	184.0
vAMo0pfQjXk	Don't Sleep in the Subway	Petula Clark	Downtown: The Greatest Hits of Petula Clark	Petula Clark	INDIFFERENT	4.1370969	1997.0	Album	
WAtC9XwmEoY	I Know a Place / Sé de un Lugar (Remtered)	Petula Clark	Tu no tienes corazón	Petula Clark	INDIFFERENT		2014.0	EP	
HhPFxY6VD1k	One Man Circus	Phillip Francis Stumpo	One Man Circus	Phillip Francis Stumpo	INDIFFERENT		2010.0	Album	
C5dKCDo_u1E	Close to You	Phyllis Dillon	Don't Stay Away	Phyllis Dillon	INDIFFERENT	4.3951221	2011.0	Album	
n8ylaLrwPvw	Perfida	Phyllys Dillon	Treasure Isle Collection		INDIFFERENT				
2n4U0a_N9W4	Emily Small (The Huge World Thereof)	Picadilly Line	Let's Go Down And Blow Our Minds: The British Psychedelic Sounds Of 1967	Various Artists	INDIFFERENT		2016.0	Album	
OPPtzTuzZLA	"Warm Weather (12"" Version)"	Pieces Of A Dream	Pieces Of A Dream	Pieces Of A Dream	INDIFFERENT		1981.0	Album	
BTzVr6wIJrk	Ambivalence	Pin Group	Ambivalence	Pin Group	INDIFFERENT		2011.0	Album	
iSv09tegacU	Pinetop's Boogie Woogie	Pinetop Perkins	Back On Top	Pinetop Perkins	INDIFFERENT		2000.0	Album	
5rQb81z7ciI	Scream Thy Last Scream (2010 Mix)	Pink Floyd	1965-67 Cambridge St/ation	Pink Floyd	INDIFFERENT		2017.0	Album	
mybz6bw65y0	Arnold Layne (2001 Remastered Version)	Pink Floyd	Echoes (The Best Of Pink Floyd)	Pink Floyd	INDIFFERENT	4.2488523	2001.0	Album	
IG_dQIE696s	Tequila Highball	Pipe-eye	Inside/Outside	Pipe-eye	INDIFFERENT		2019.0	Album	
Sv4eh7UrNjQ	Agincourt Bay	Pipe-eye	Inside/Outside	Pipe-eye	INDIFFERENT		2019.0	Album	
nf9yeldNV4Y	Sweets & Treats	Pipe-eye	Laugh About Life	Pipe-eye	INDIFFERENT	5.0	2017.0	Album	
e2LiTbjAbkc	Walk The Dog	Pipe-eye	Laugh About Life	Pipe-eye	INDIFFERENT	5.0	2017.0	Album	
LB689X6aIKQ	Karaoke Free	Pipes You See, Pipes You Don't	Individualized Shirts	Pipes You See, Pipes You Don't	INDIFFERENT	5.0	2001.0	Album	
S5E8B0xlUJ4	The Happening	Pixies	Bossanova	Pixies	INDIFFERENT		1990.0	Album	
vVoMyR9X-4Q	Broken Face	Pixies	Surfer Rosa	Pixies	INDIFFERENT		1988.0	Album	
kfnNbKr8EaE	Cactus	Pixies	Surfer Rosa	Pixies	INDIFFERENT		1988.0	Album	
Kc4NKz9Ofmk	Break My Body	Pixies	Surfer Rosa	Pixies	INDIFFERENT		1988.0	Album	
HLfEJm0s1v8	Break My Body	Pixies	Surfer Rosa / Come On Pilgrim	Pixies	INDIFFERENT				
8doe3Uq2tZg	Broken Face	Pixies	Surfer Rosa / Come On Pilgrim	Pixies	INDIFFERENT				
q66OajzkPT8	GHOST	Planet V	GHOST	Planet V	INDIFFERENT		2022.0	Single	178.0
PVsU5JyL-hM	No Matter What	Pleasure	Get To The Feeling	Pleasure	INDIFFERENT		1978.0	Album	
Nn-Mcs-5u9c	What A Way To Die	Pleasure Seekers	Friday At The Hideout: Boss Detroit Garage 1964-67	Various Artists	INDIFFERENT		2001.0	Album	
lKLGceNzFAM	Marmots Dance	Plusma	Chillhop Essentials Spring 2019	Various Artists	INDIFFERENT		2019.0	Album	
Y3SYAmxcmGI	Boy & Bear	Pogo	Ascend	Pogo	INDIFFERENT		2018.0	Album	
dB4trx9SBp4	Wizard of Meh	Pogo	Wizard of Meh	Pogo	INDIFFERENT		2013.0	Single	
LdV1wfu4-L4	Tout est Rouge	Poison Girl Friend	Love Me	Poison Girl Friend	INDIFFERENT		1994.0	Album	
aNmBNZcntC0	Listen to My Words	Polarities	First Time Livin'	Polarities	INDIFFERENT		2018.0	EP	
VpZO0GtEt-w	John, I’m Only Dancing	Polecats	Rockabilly Cats	Polecats	INDIFFERENT		2008.0	Album	
azV39bByR1c	Make A Circuit With Me	Polecats	Rockabilly Cats	Polecats	INDIFFERENT		2008.0	Album	
-v_z2q1Belk	Gravedigger Rock	Polecats	Rockabilly Cats	Polecats	INDIFFERENT		2008.0	Album	
_QdbhKAkxCY	How I Feel	Pomo	The Other Day	Pomo	INDIFFERENT	4.4561796	2014.0	Album	
nug-kWn4Pyo	Start Again (feat. Andrea Cormier)	Pomo	The Other Day	Pomo	INDIFFERENT	4.5230708	2014.0	Album	
NR2ueJZ13Ck	Leisure Pony	Pond	Beard, Wives, Denim	Pond	INDIFFERENT	4.448276	2012.0	Album	
z77xnT0bd1Q	Moth Wings	Pond	Beard, Wives, Denim	Pond	INDIFFERENT	4.6430206	2012.0	Album	
p0E8HuLOujw	Elvis' Flaming Star	Pond	Man It Feels Like Space Again	Pond	INDIFFERENT	4.2533336	2015.0	Album	
zzgbI0OL3Zc	Daisy	Pond	Tasmania	Pond	INDIFFERENT		2019.0	Album	
iDP2M5vFKtk	Family	Popcaan	Family	Popcaan	INDIFFERENT		2017.0	Single	
11nWGRGnxx8	Silence	Popcaan	Forever	Popcaan	INDIFFERENT		2018.0	Album	
6gSmWSdsgH0	Einsjäger und siebenjäger	Popol Vuh	Einsjäger & siebenjäger	Popol Vuh	INDIFFERENT		1974.0	Album	
45coFKjj1Vs	Letzte tage - letzte nächte	Popol Vuh	Letzte Tage - Letzte Nächte	Popol Vuh	INDIFFERENT		1976.0	Album	
zNU2V__mhqM	King Minos III (Studio Version)	Popol Vuh	Sei still, wisse ich bin	Popol Vuh	INDIFFERENT		1981.0	Album	
vNdDMqwTrA0	Mood	Porches	Pool	Porches	INDIFFERENT	4.4441638	2016.0	Album	
O-th8b7b_NU	Car (Water Version)	Porches	Water	Porches	INDIFFERENT	4.6407185	2016.0	Album	
8046bq4q1pY	Sea Of Voices	Porter Robinson	Worlds	Porter Robinson	INDIFFERENT		2014.0	Album	
M7FCYKUIzyQ	Deezy Daisy (Oxford Remix)	Portland	Kitsuné French Summer Playlist	Various Artists	INDIFFERENT		2016.0	Album	
wINwp8b3Bx0	Deezy Daisy (Oxford Remix)	Portland	Kitsuné: Deezy Daisy - EP	Portland	INDIFFERENT		2013.0	EP	
aC6K6cIzSj4	Ralphie	Post Animal	Good Music For All You Good People	Various Artists	INDIFFERENT		2018.0	Album	
gOqO9Rdx4TI	When I Get Home	Post Animal	The Garden Series	Post Animal	INDIFFERENT		2016.0	Single	
U8JXezuHuLw	When I Get Home	Post Animal	The Garden Series	Post Animal	INDIFFERENT		2016.0	EP	324.0
v5U-kcnhKb4	Ralphie	Post Animal	When I Think Of You In A Castle	Post Animal	INDIFFERENT	4.4264708	2018.0	Album	
DENtwypOkSU	Ralphie	Post Animal	When I Think Of You In A Castle	Post Animal	INDIFFERENT		2018.0	Album	276.0
NwZn16MMOWI	When Worlds Collide	Powerman 5000	Tonight The Stars Revolt!	Powerman 5000	INDIFFERENT		1999.0	Album	
jD0LrnM269g	When Love Breaks Down	Prefab Sprout	Steve McQueen	Prefab Sprout	INDIFFERENT		1984.0	Album	
tOUdghTbRgk	L'isola di niente	Premiata Forneria Marconi	L'Isola Di Niente	Premiata Forneria Marconi	INDIFFERENT		1974.0	Album	
Hqts0yV65Cw	Monotony	Preoccupations	Preoccupations	Preoccupations	INDIFFERENT	4.4261603	2016.0	Album	
YJfSmCyEwXk	Back on the Chain Gang	Pretenders	Learning to Crawl	Pretenders	INDIFFERENT	4.4845257	1984.0	Album	
RXD8le4AebA	Back on the Chain Gang (2006 Remaster)	Pretenders	Pirate Radio (digital version)	Pretenders	INDIFFERENT		2006.0	Album	
KiGyk4B7-jA	Brass In Pocket	Pretenders	Pretenders	Pretenders	INDIFFERENT	4.2225313	1980.0	Album	
7IRnOa0e0Bs	Message of Love (2006 Remaster)	Pretenders	Pretenders II (Bonus Tracks)	Pretenders	INDIFFERENT		1981.0	Album	
8ESYcPMW2N4	Cuban Slide (2009 Remaster)	Pretenders	The Best of the Pretenders	Pretenders	INDIFFERENT		2008.0	Album	
qRivhrUEfDc	Samso	Pretty Lights	Taking up Your Precious Time	Pretty Lights	INDIFFERENT	4.3759589	2006.0	Album	
YE0QqNAMbAA	Here Come The Bastards	Primus	Sailing The Seas Of Cheese	Primus	INDIFFERENT		1991.0	Album	
vl8aB0xoehk	Deck Of Cards	Prince Far I	Under Heavy Manners	Prince Far I	INDIFFERENT		2008.0	Album	
d-nQL1jXoRY	Deck Of Cards	Prince Far I	Under Heavy Manners	Prince Far I	INDIFFERENT		1976.0	Album	
omHxpaKzpv8	Dead Meat	Prison	N.G.R.I.	Prison	INDIFFERENT		2017.0	EP	
KDjkrNCF1qY	Big Chief	Professor Longhair	Crawfish Fiesta (Remastered with Bonus Track)	Professor Longhair	INDIFFERENT		1980.0	Album	
O9JTSkTFH5s	Big Chief	Professor Longhair	Crawfish Fiesta (Remastered with Bonus Track)	Professor Longhair	INDIFFERENT		2012.0	Album	195.0
YdPDcp_4W-4	Gone So Long	Professor Longhair	The Louisiana Sound of Professor Longhair	Professor Longhair	INDIFFERENT		2011.0	Album	
23rnAs9BHkk	Snap Your Fingers, Snap Your Neck	Prong	Cleansing	Prong	INDIFFERENT		1994.0	Album	
BtGH60u6d-w	Shock & Amaze (Dirty) (feat. DJ Premier)	Prop Dylan	Shock & Amaze	Prop Dylan	INDIFFERENT		2011.0	Single	
99W1AoSbEmg	Blood Money	Protoje	Blood Money	Protoje	INDIFFERENT		2017.0	Single	
VXrdlByLk0A	The Thinker	Psychedelic Porn Crumpets	High Visceral (B-Sides)	Psychedelic Porn Crumpets	INDIFFERENT	4.9145632	2017.0	EP	
_NfoCvrBFp0	Gallop to Southport	Psychedelic Porn Crumpets	High Visceral, Pt. 1	Psychedelic Porn Crumpets	INDIFFERENT		2016.0	Album	
GUgtf47opj4	Cubensis Lenses	Psychedelic Porn Crumpets	High Visceral, Pt. 1	Psychedelic Porn Crumpets	INDIFFERENT		2016.0	Album	
SjZlsIXUs0c	Gurzle	Psychedelic Porn Crumpets	High Visceral, Pt. 2	Psychedelic Porn Crumpets	INDIFFERENT		2017.0	Album	
LtzhHkdJWWU	I Wanna Be Like You (triple j Like A Version)	Psychedelic Porn Crumpets	I Wanna Be Like You (triple j Like A Version)	Psychedelic Porn Crumpets	INDIFFERENT		2020.0	Single	
KinVQ4IKrQY	Tally-Ho	Psychedelic Porn Crumpets	SHYGA! The Sunlight Mound	Psychedelic Porn Crumpets	INDIFFERENT		2021.0	Album	
G5W3EYeSo7Y	Tally-Ho	Psychedelic Porn Crumpets	Shyga! The Sunlight Mound	Psychedelic Porn Crumpets	INDIFFERENT		2021.0	Album	203.0
6qWzTLc19s0	Social Candy	Psychedelic Porn Crumpets	Social Candy	Psychedelic Porn Crumpets	INDIFFERENT		2018.0	Single	
HrZH9Ix9A1k	Social Candy	Psychedelic Porn Crumpets	Social Candy	Psychedelic Porn Crumpets	INDIFFERENT		2018.0	Single	261.0
7OeqLjJtj48	Rise	Public Image Ltd.	Album	Public Image Ltd.	INDIFFERENT		1986.0	Album	
muQqts3-g1w	Let Me Love You Tonight	Pure Prairie League	Firin' Up	Pure Prairie League	INDIFFERENT		1980.0	Album	
QADvzQeiw9k	Free My Heart	Pure X	Pure X	Pure X	INDIFFERENT		2020.0	Album	
8mUnwN3KXRU	Fineshrine	Purity Ring	Shrines	Purity Ring	INDIFFERENT	4.5547266	2012.0	Album	
WJHrXCIeMtc	Counting On Me (feat. Aloe Blacc)	Purple Disco Machine	Counting On Me (feat. Aloe Blacc)	Purple Disco Machine	INDIFFERENT	4.3939395	2016.0	Single	
ACoVVUoZ40k	Lotus	Purporangejuice	Lotus	Purporangejuice	INDIFFERENT		2017.0	Single	
Lhv6PUUjqfQ	Marilyn Monroe Mambo	Pérez Prado	Vintage Music No. 51 - LP: Pérez Prado	Pérez Prado	INDIFFERENT		2010.0	Album	
PuP-CCx9hp4	Patricia	Pérez Prado y Su Orquesta	Coleccion Original	Pérez Prado	INDIFFERENT		1998.0	Album	
_rMdfi713Us	Goodbye, Horses	Q Lazzarus & Garvey	CLERKS II (Music From The Motion Picture)	Various Artists	INDIFFERENT		2010.0	Album	
VTvBQJOF2e0	Sambadi Didi	Quadro Nuevo	Mare	Quadro Nuevo	INDIFFERENT	4.5047617	2020.0	Album	
c3F15Hflaao	Meaning	Quantic	The 5th Exotic	Quantic	INDIFFERENT		2001.0	Album	
PjzoVh1QzqU	Tudo Que Voce Podia Ser	Quarteto Em Cy	Balearic World	Blandade Artister	INDIFFERENT		2012.0	Album	
WjfuLpoRy6k	Tudo Que Voce Podia Ser	Quarteto Em Cy	Quarteto Em Cy	Quarteto Em Cy	INDIFFERENT		1972.0	Album	
tobXs5WvNfQ	Genetic Science	Quasi	Sword of God	Quasi	INDIFFERENT	4.7142859	2001.0	Album	
k8Z_cJUmsm4	Seaside Rendezvous	Queen	A Night At The Opera	Queen	DISLIKE	4.1281772	1975.0	Album	
Vp4HMVk443Y	Seaside Rendezvous	Queen	A Night At The Opera (Deluxe Remastered Version)	Queen	INDIFFERENT		1975.0	Album	134.0
zTPKwcUNBpI	Innuendo	Queen	Innuendo (Deluxe Remastered Version)	Queen	INDIFFERENT		1991.0	Album	
QblKyi-_7Mc	Keep Yourself Alive (Live At The Rainbow, London / November 1974)	Queen	Live at the Rainbow ‘74	Queen	INDIFFERENT		2014.0	Album	
J98F6WT48P8	Radio Ga Ga	Queen	The Works	Queen	INDIFFERENT		1984.0	Album	
y3DIDrKBYkA	Jet City Woman (Remastered 2003)	Queensrÿche	Empire (Expanded)	Queensrÿche	INDIFFERENT		1990.0	Album	
3GIv4NCmbvU	Silent Lucidity (Remastered 2003)	Queensrÿche	Empire (Expanded)	Queensrÿche	INDIFFERENT		1990.0	Album	348.0
DZsyZUY-5Nw	Silk	Quiet Bison	Sequence	Quiet Bison	INDIFFERENT		2019.0	EP	
wJcFbMxZIPU	"""Sanford & Son Theme"" - NBC-TV (The Streetbeater)"	Quincy Jones	Quincy: A Life Beyond Measure (Music From The Netflix Original Documentary)	Various Artists	INDIFFERENT		2018.0	Album	188.0
Vs0XDJ9ph5s	"""Sanford & Son Theme"" - NBC-TV (The Streetbeater)"	Quincy Jones	You've Got It Bad Girl	Quincy Jones	INDIFFERENT		1973.0	Album	
5vWa-5pNM28	On the Block	R.A. the Rugged Man	Die, Rugged Man, Die	R.A. the Rugged Man	INDIFFERENT		2004.0	Album	
mMufnENBnm0	Nightswimming	R.E.M.	Automatic For The People	R.E.M.	INDIFFERENT		1992.0	Album	
JEaxLGNm7PQ	Drive	R.E.M.	Automatic For The People	R.E.M.	INDIFFERENT		1992.0	Album	
LeltptEDmrE	Monty Got A Raw Deal	R.E.M.	Automatic For The People	R.E.M.	INDIFFERENT		1992.0	Album	
p7aHDm5dxhs	Sweetness Follows	R.E.M.	Automatic For The People	R.E.M.	INDIFFERENT		1992.0	Album	
iyb1Mc0s6mI	Nightswimming	R.E.M.	Automatic For The People (25th Anniversary Edition)	R.E.M.	INDIFFERENT		1992.0	Album	258.0
Y2RsHiRXnCg	Sweetness Follows	R.E.M.	Automatic For The People (25th Anniversary Edition)	R.E.M.	INDIFFERENT		1992.0	Album	261.0
LnCmnFMPHQQ	Monty Got A Raw Deal	R.E.M.	Automatic For The People (25th Anniversary Edition)	R.E.M.	INDIFFERENT		1992.0	Album	197.0
n_7VBTFIbq8	The Wrong Child	R.E.M.	Green	R.E.M.	INDIFFERENT		1988.0	Album	
EpcV5gQC1Z8	What’s The Frequency, Kenneth?	R.E.M.	Monster	R.E.M.	INDIFFERENT		1994.0	Album	
8oC6pxjjGHw	Harborcoat	R.E.M.	Reckoning	R.E.M.	INDIFFERENT		1984.0	Album	
QuPXs8ZZVpE	Rolling and Tumbling	R.L. Burnside	Mississippi Hill Country Blues	R.L. Burnside	INDIFFERENT		2000.0	Album	
AL7G9bBKHd4	Old Black Mattie	R.L. Burnside	Too Bad Jim	R.L. Burnside	INDIFFERENT		1994.0	Album	
TLemyoshulg	Blunt Time	RBX	Dr. Dre Presents... The Aftermath	Various Artists	INDIFFERENT	4.1659827	1996.0	Album	
XKc7z-enzmA	Keep on Loving You	REO Speedwagon	Hi Infidelity	REO Speedwagon	INDIFFERENT	4.6780224	1980.0	Album	
t0kNPZuK80s	God Help the One's You Love	RINGO DEATHSTARR	God Help the One's You Love	RINGO DEATHSTARR	INDIFFERENT		2020.0	Single	
gZ2b6Liguig	Good Times Roll Pt. 2	RJD2	Deadringer: Deluxe	RJD2	INDIFFERENT		2002.0	Album	
XUVpcJhnjeU	moonchild	RM	mono.	RM	INDIFFERENT		2018.0	Album	
yIA4abFZfgA	Oceans	RY X	Oceans	RY X	INDIFFERENT	4.6322727	2020.0	Single	
cIHAu3pum2o	Holocaust (Silkworm)	RZA	RZA As Bobby Digital	RZA	INDIFFERENT		1998.0	Album	
2y6kop0VTXY	Street Spirit (Fade Out)	Radiohead	The Bends	Radiohead	INDIFFERENT	4.7464824	1995.0	Album	
Ioth_hCYMjQ	Black Mozart (feat. Inspectah Deck)	Raekwon	Only Built 4 Cuban Linx 2	Raekwon	INDIFFERENT	4.8312654	2009.0	Album	
JbyaPmv5Gc0	Sleep Now In the Fire	Rage Against The Machine	The Battle Of Los Angeles	Rage Against The Machine	INDIFFERENT		1999.0	Album	
EGlZ2OPt_b8	Since You Been Gone	Rainbow	Down To Earth	Rainbow	INDIFFERENT		1979.0	Album	
h5PjcJN-KoI	Gates Of Babylon	Rainbow	Long Live Rock 'n' Roll	Rainbow	INDIFFERENT		1978.0	Album	
KikLLLeyVOk	A Light In The Black	Rainbow	Rising	Rainbow	INDIFFERENT		1976.0	Album	
YmJIccPWnEk	Stargazer	Rainbow	Rising	Rainbow	INDIFFERENT		1976.0	Album	
ORnvO1VyYMk	Man On The Silver Mountain	Rainbow	Ritchie Blackmore's Rainbow	Rainbow	INDIFFERENT		1975.0	Album	
B7nKzCRL_oo	The Temple Of The King	Rainbow	Ritchie Blackmore's Rainbow	Rainbow	INDIFFERENT		1975.0	Album	281.0
9AtRGYMhnTA	Pure	Rameses B	Pure - EP	Rameses B	INDIFFERENT		2013.0	EP	
s2vC65MuPRs	Adieu	Rammstein	Zeit	Rammstein	INDIFFERENT		2022.0	Album	279.0
99fy0QFVsWc	Denise	Randy & The Rainbows	2002 Millennium Collection	Randy & The Rainbows	INDIFFERENT		2007.0	Album	
Hh0oVimc2do	Denise	Randy & The Rainbows	Lost Hits Of The 60's (All Original Artists & Versions)	Various Artists	INDIFFERENT		2010.0	Album	
EvDIZ-1anVQ	Street Life	Randy Crawford	Jackie Brown (Music from the Miramax Motion Picture)	Various Artists	INDIFFERENT		2009.0	Album	257.0
AKRlVG3CFhI	Peace In the Valley	Randy Travis	Worship & Faith	Randy Travis	INDIFFERENT		2003.0	Album	
EQTUi-wSQ0U	Nah Test	Ras G	Down To Earth Vol. 2 (The Standard Bap Edition)	Ras G	INDIFFERENT		2014.0	Album	
ZhkrgE1zTDk	Got (Gear Games)	Ras G	Raw Fruit, Vol. 4	Ras G	INDIFFERENT		2015.0	Album	
tuIAW0BwM9s	Anything Goes	Ras Kass	Soul on Ice	Ras Kass	INDIFFERENT	4.030303	1996.0	Album	
1pKuYSjBns8	Your Song	Raul Gómez	1	Raul Gómez	INDIFFERENT		2014.0	Album	
N8oV0b_0AMQ	I Can't Stop Loving You	Ray Charles	Georgia On My Mind	Ray Charles	INDIFFERENT		2003.0	Album	
YDqwmaI_IdU	I Can't Stop Loving You	Ray Charles	Modern Sounds in Country and Western Music, Vols 1 & 2	Ray Charles	INDIFFERENT	4.7351527	2009.0	Album	
Oa3KkpIeBXE	Rock And Roll Show	Ray Ellsworth	Rockabilly Rampage	Various Artists	INDIFFERENT		2009.0	Album	
tMB9mSYcCTQ	Lonely Wolf	Ray Harris	Rockabilly Essentials	Various Artists	INDIFFERENT		2014.0	Album	
zKY1b5F6888	You Can't Change That	Raydio	Rock On	Raydio	INDIFFERENT		1979.0	Album	
37RIzGKMxZ0	B.C. 1675	Raymond Scott	Manhattan Research, Inc.	Raymond Scott	INDIFFERENT		2005.0	Album	
WGg5XIO4TU0	Sometimes I Hear Sirens	Raär	Sometimes I Hear Sirens	Raär	INDIFFERENT		2020.0	Single	
Ys_FxNmcdCk	I'll Getcha Hy (feat. Squeek Nutty Bug)	Rc tha Trackaholiq	Hood Classics, Vol. 2	Rc tha Trackaholiq	INDIFFERENT		2018.0	Album	
QFGsa6UOznI	After The Moon	Real Estate	In Mind	Real Estate	INDIFFERENT	4.6028371	2017.0	Album	
x8y4uuslvBo	The Night The Lights Went Out In Georgia	Reba McEntire	Greatest Hits Volume III: I'm A Survivor	Reba McEntire	INDIFFERENT		2001.0	Album	257.0
NPPJ7TPYGEc	Inhale Exhale (feat. Protoje)	Rebelution	Falling into Place	Rebelution	INDIFFERENT		2016.0	Album	
RuXVmFPEyhg	Those Days	Rebelution	Falling into Place	Rebelution	INDIFFERENT		2016.0	Album	
-SGJ0-iPWEk	Sky Is the Limit	Rebelution	Peace of Mind (Deluxe Edition)	Rebelution	INDIFFERENT		2012.0	Album	
hWljYXVcyoc	Closer I Get (feat. John Popper)	Rebelution	Peace of Mind (Deluxe Edition)	Rebelution	INDIFFERENT		2012.0	Album	
oAN6Kzohxqs	Dead and Gone	Reckless Ones	Make Your Move	Reckless Ones	INDIFFERENT		2009.0	Album	225.0
F6XljaDUXoQ	It's Time	Reckless Ones	Reckless Ones	Reckless Ones	INDIFFERENT		2013.0	EP	229.0
crvwLDYz60E	Hurricane Fighter Plane	Red Crayola	The Parable Of Arable Land / God Bless The Red Krayola And All Who Sail With It Vol. 1	Red Crayola	INDIFFERENT		2006.0	Album	
X95qte7Pa10	Lunatic Fringe	Red Rider	As Far As Siam	Red Rider	INDIFFERENT		1981.0	Album	
_Svb95SAOM8	The Witch Queen of New Orleans	Redbone	The Witch Queen of New Orleans (aka Message from a Drum) [Expanded Edition]	Redbone	INDIFFERENT		1971.0	Album	166.0
dvTdmcA5biI	She Has A Girlfriend Now	Reel Big Fish	The Best Of Us For The Rest Of Us	Reel Big Fish	INDIFFERENT		2010.0	Album	
gahYzHv_nek	Move Somethin'	Reflection Eternal	Reflection Eternal [Train Of Thought]	Talib Kweli	INDIFFERENT	4.3230557	2000.0	Album	
8qTRTzio86o	Some Kind Of Wonderful	Reflection Eternal	Reflection Eternal [Train Of Thought]	Talib Kweli	INDIFFERENT	4.4816799	2000.0	Album	
QiDX0kkFFkM	Some Kind of Wonderful	Reflection Eternal	Train of Thought	Reflection Eternal	INDIFFERENT				
MBOjp6BKWTU	Loveleen	Rejjie Snow	Rejovich	Rejjie Snow	INDIFFERENT	4.8220801	2013.0	Single	
8jfQZ1nv99c	Carpet Of The Sun	Renaissance	Ashes Are Burning	Renaissance	INDIFFERENT		1973.0	Album	
nQ7RPBDKZE4	Mother Russia	Renaissance	Lullabies For Catatonics: A Journey Through The British Avant-Pop/Art Rock Scene 1967-74	Various Artists	INDIFFERENT		2019.0	Album	560.0
1DY1UH6kdaQ	Mother Russia	Renaissance	Turn of the Cards	Renaissance	INDIFFERENT		1974.0	Album	
9L3-A6EPDWw	Running Hard	Renaissance	Turn of the Cards	Renaissance	INDIFFERENT		1974.0	Album	
52xLeLHXVMw	Twitchy (feat. Willie Joe)	Rene Hall's Orchestra	The Specialty Story		INDIFFERENT				
kySY1rR8_Nk	Life Is a Rock (But the Radio Rolled Me)	Reunion	Radio Hits Of the '70s	Various Artists	INDIFFERENT		2006.0	Album	
rlDLLueFJD0	Keep Your Head To The Sky (feat. The T.L.W. Ensemble)	Rev. Thomas L. Walker	One Day At A Time	Rev. Thomas L. Walker	INDIFFERENT		1979.0	Album	
GU69_MQtbjU	I'm a Man	Rhett Frazier	Welcome to the Club	Rhett Frazier	INDIFFERENT		2017.0	Album	
jaAp7epfs0s	The Fall (Maurice Fulton Remix)	Rhye	The Fall	Rhye	INDIFFERENT		2012.0	Single	
K4TbO2UQxdQ	The Fall	Rhye	The Fall	Rhye	INDIFFERENT		2012.0	Single	
z6-EjIA-vPk	Theme From S.W.A.T.	Rhythm Heritage	Disco-Fied	Rhythm Heritage	INDIFFERENT		1976.0	Album	
NLV6Q3wc0Ck	Hard Lovin' Loser	Richard & Mimi Fariña	Reflections In A Crystal Wind	Richard & Mimi Fariña	INDIFFERENT	2.9104478	1965.0	Album	
KTsPJsZqkBM	Did She Jump or Was She Pushed?	Richard And Linda Thompson	Shoot Out The Lights	Richard & Linda Thompson	INDIFFERENT		1982.0	Album	
0cs2GzKXmBM	All I Have To Do Is Dream	Richard Chamberlain	Richard Chamberlain Sings (TV's Dr. Kildare)	Richard Chamberlain	INDIFFERENT		1962.0	Album	
sD-zTwi3_GU	MacArthur Park	Richard Harris	A Tramp Shining	Richard Harris	INDIFFERENT		1968.0	Album	
S91wQbYYX3Q	The Time Warp	Richard O'Brien	Absolute Treasures: The Rocky Horror Picture Show - The Complete and Definitive Soundtrack (2015 40th Anniversary Re-Mastered Edition)	Various Artists	INDIFFERENT		1975.0	Album	
WbbvZrrHx38	What About Me? (Live)	Richie Havens	Bread And Roses: Festival Of Acoustic Music, Vol. 1 (Live At The Greek Theater / Berkeley, CA / 1977)	Various Artists	INDIFFERENT		1977.0	Album	
GN1F5dKrqEw	Handsome Johnny	Richie Havens	High Flyin' Bird / The Verve Forecast Years	Richie Havens	INDIFFERENT	4.5555553	2004.0	Album	
CWAO5XeNM1U	Follow	Richie Havens	High Flyin' Bird / The Verve Forecast Years	Richie Havens	INDIFFERENT	3.632653	2004.0	Album	
OzFLK_8MyE8	Handsome Johnny	Richie Havens	Mixed Bag	Richie Havens	INDIFFERENT		1988.0	Album	
IEazNNJEcm0	Follow	Richie Havens	Mixed Bag	Richie Havens	INDIFFERENT	4.0884809	2018.0	Album	
VR5svdoGG6U	The Birds	Rick Cuevas	The Birds	Rick Cuevas	INDIFFERENT		1984.0	Single	
1Q5tCBOME6g	Fallin' 4 U	Ricky Eat Acid	Haunt U Forever	Ricky Eat Acid	INDIFFERENT	4.5268817	2011.0	Album	
5z2L8waDCsQ	Pull	Ricky Eat Acid	Talk to You Soon	Ricky Eat Acid	INDIFFERENT		2016.0	Album	174.0
073ChcCA2Kw	Travelin' Man	Ricky Nelson	150 Original Moments Rock & Roll Vol 1	Various Artists	INDIFFERENT	4.0	2014.0	Album	
_Xxnk4Hd8J8	I Got a Feeling	Ricky Nelson	Deluxe: Greatest Hits - Ricky Nelson	Ricky Nelson	INDIFFERENT		2012.0	Album	
aish4RrSGWo	It's Up To You (Remastered 2005)	Ricky Nelson	Greatest Hits	Ricky Nelson	INDIFFERENT	4.7458825	2005.0	Album	
KSjlrGSShQs	I Got A Feeling	Ricky Nelson	Greatest Hits	Ricky Nelson	INDIFFERENT		2002.0	Album	
afn0VEU3FXY	Believe What You Say	Ricky Nelson	Greatest Hits	Ricky Nelson	INDIFFERENT		2002.0	Album	
CkMwrizGG-M	I Got A Feeling	Ricky Nelson	Ricky Sings Again (Expanded Edition / Remastered)	Ricky Nelson	INDIFFERENT		1959.0	Album	125.0
HSbuo5qOJUY	Believe What You Say	Ricky Nelson	Ricky Sings Again (Expanded Edition / Remastered)	Ricky Nelson	INDIFFERENT		1959.0	Album	125.0
DLDVD-eJcaI	Believe What You Say	Ricky Nelson	The Best Of Rick Nelson	Rick Nelson	INDIFFERENT		1987.0	Album	
YUv2xzvxLT8	Travelin' Man	Ricky Nelson	The Best Of Rick Nelson (Vol. 2)	Ricky Nelson	INDIFFERENT		1991.0	Album	
3ptSvTvbW-0	Travelin' Man	Ricky Nelson	Travelin' Man	Ricky Nelson	INDIFFERENT	4.4071574	1961.0	Single	
FltlLakHxZY	Chelsea Girl (2001 Remaster)	Ride	Smile	Ride	INDIFFERENT		1990.0	Album	
WCuTvfgjfbg	Breakin' Up (The Loving Hand Remix)	Rilo Kiley	Breakin' Up EP (DMD Album)	Rilo Kiley	INDIFFERENT	4.3513513	2008.0	Single	
Hn7Ldn7liGU	Portions for Foxes	Rilo Kiley	More Adventurous (U.S. Release)	Rilo Kiley	INDIFFERENT		2004.0	Album	
geuKCo-Xsd4	Guilt	Ringo Deathstarr	Pure Mood	Ringo Deathstarr	INDIFFERENT		2015.0	Album	
nevdSt_2PIM	Photograph	Ringo Starr	Ringo	Ringo Starr	INDIFFERENT		1973.0	Album	
X5IqfflHEss	Nowhere Generation	Rise Against	Nowhere Generation	Rise Against	INDIFFERENT		2021.0	Album	
pSsgkcaDpZE	2:10 Train	Rising Sons	Rising Sons Featuring Taj Mahal and Ry Cooder	Rising Sons	INDIFFERENT	3.2195122	1992.0	Album	
0153gqgCEYI	(Your Love Has Lifted Me) Higher And Higher	Rita Coolidge	Anytime... Anywhere	Rita Coolidge	INDIFFERENT		1977.0	Album	
ZdbGDLC4qhI	We're All Alone	Rita Coolidge	Anytime... Anywhere	Rita Coolidge	INDIFFERENT		1977.0	Album	
1Uc8i_RA6VM	Good Morning Jah	Rita Marley	Who Feels It Knows It	Rita Marley	INDIFFERENT		2005.0	Album	
2QFUoR5uNTA	Framed	Ritchie Valens	Ritchie Valens	Ritchie Valens	INDIFFERENT		2011.0	Album	
SmXtJLW59v4	Malaguena	Ritchie Valens	The Best Of Ritchie Valens	Ritchie Valens	INDIFFERENT		1981.0	Album	
AhUWl0u61wc	Pressure and Time	Rival Sons	Pressure & Time	Rival Sons	INDIFFERENT		2011.0	Album	
a2_9FzKio50	Why	Roads End	100 '60s Garage Rock Hits	Various Artists	INDIFFERENT	4.448276	2010.0	Album	
SOctyXxCm-4	Dragula	Rob Zombie	Hellbilly Deluxe	Rob Zombie	INDIFFERENT		1998.0	Album	
k1uA_Zw7zAk	Steal Away	Robbie Dupree	Robbie Dupree	Robbie Dupree	INDIFFERENT		1980.0	Album	
OU40fuV8Tc0	Hot Rod Hearts	Robbie Dupree	Robbie Dupree	Robbie Dupree	INDIFFERENT		1980.0	Album	
FgSPUOt7nLI	But, But	Robert Gordon	Are You Gonna Be the One (Bonus Tracks)	Robert Gordon	INDIFFERENT		1981.0	Album	155.0
NCx-X_E3l9U	Rock Billy Boogie	Robert Gordon	Rock Billy Boogie	Robert Gordon	INDIFFERENT		1979.0	Album	154.0
70yFIz7tGUs	Every Kinda People	Robert Palmer	Double Fun	Robert Palmer	INDIFFERENT		1978.0	Album	199.0
i2QACus2e8Q	Baby Take Me Back	Roc LaRue with The Three Pals	Trading Kisses		INDIFFERENT				
HmAvMmdMvK4	I Knew The Bride (Live)	Rockpile	Live At Montreux 1980	Rockpile	INDIFFERENT		2011.0	Album	
dRRmmW8dFnw	Heart	Rockpile	Seconds Of Pleasure	Rockpile	INDIFFERENT		1980.0	Album	
oVriw09ZdpY	You Ain't Nothin' But Fine	Rockpile	Seconds Of Pleasure	Rockpile	INDIFFERENT		1980.0	Album	
hqi_m-pMuoI	Every Picture Tells A Story	Rod Stewart	Every Picture Tells A Story	Rod Stewart	INDIFFERENT		1971.0	Album	360.0
40hkR7pS18M	Every Picture Tells A Story	Rod Stewart	The Best Of Rod Stewart	Rod Stewart	INDIFFERENT		1976.0	Album	
wWEk-GHk2hc	You're in My Heart (The Final Acclaim) [2008 Remaster]	Rod Stewart	The Definitive Rod Stewart	Rod Stewart	INDIFFERENT		2008.0	Album	272.0
ZhFPzque-P4	Frankie Please	Rodney Crowell	Tarpaper Sky	Rodney Crowell	INDIFFERENT		2014.0	Album	163.0
u0SuB_LKAug	Somebody's Shadow	Rodney Crowell	Tarpaper Sky	Rodney Crowell	INDIFFERENT		2014.0	Album	209.0
d-0GsWDVkSA	Somebody's Shadow	Rodney Crowell			INDIFFERENT				
rlQ7wY1_HVw	Frankie Please	Rodney Crowell			INDIFFERENT				
hxkb60uJS-E	See Me, Feel Me / Listening To You	Roger Daltrey	Tommy	Various Artists	INDIFFERENT		1975.0	Album	
jCV_UWtzNJ4	Take the Long Way Home	Roger Hodgson	Classics Live	Roger Hodgson	INDIFFERENT		2010.0	Album	296.0
3cv8y2x6Mnc	Get Used to It	Roger Voudouris	Radio Dreams	Roger Voudouris	INDIFFERENT		2009.0	Album	
gJld4TSCs30	Mother (Live)	Roger Waters	In the Flesh - Live	Roger Waters	INDIFFERENT		2000.0	Album	
MDA_TikqSps	Pass The Hatchet (part 1 & 2)	Roger and The Gypsies	The Instant & Minit Story CD 2		INDIFFERENT				
k7RRKHM6iY4	Birds'd Crash (feat. Okkervil River)	Roky Erickson With Okkervil River	True Love Cast Out All Evil (Deluxe Edition)	Roky Erickson With Okkervil River	INDIFFERENT		2010.0	Album	
QZzgpAtPkRU	Strange Eyes	Romane, Stochelo Rosenberg	Double jeu (Intégrale Romane, vol. 9)	Romane, Stochelo Rosenberg	INDIFFERENT		2004.0	Album	
JlnwiTdTDW0	Switchblade	Ron Thompson	Teenage Rebels, Vol. 1	Various Artists	INDIFFERENT		2012.0	Album	
TZnFaAm1gT8	Neptune	Ronald Jenkees	Ronald Jenkees	Ronald Jenkees	INDIFFERENT		2007.0	Album	
w9sBepZFtQs	Clutter	Ronald Jenkees	Ronald Jenkees	Ronald Jenkees	INDIFFERENT		2007.0	Album	
uzzKtBZfeOc	Quintessence	Ronnie Ball	All About Ronnie	Ronnie Ball	INDIFFERENT	4.014493	2011.0	Album	
xVwmPWDKqI8	The Goo Goo Muck	Ronnie Cook & The Gaylads	Wild, Wacky World of Weird Songs	Various Artists	INDIFFERENT		2017.0	Album	
cadsDH73crM	Rockin' Bones	Ronnie Dawson	Real Deal Rockabilly Classics, Vol.3	Various Artists	INDIFFERENT		2015.0	Album	
kL3TdTfWcEE	Rockin' Bones	Ronnie Dawson	Ronnie Dawson Presents Rockin' Bones	Ronnie Dawson	INDIFFERENT		1959.0	Album	
Mhzrlv5Cb1A	Our Time	Roo Panes	The Summer Isles	Roo Panes	INDIFFERENT		2023.0	Album	205.0
5G4LH_MlKAU	Colours	Roosevelt	Roosevelt	Roosevelt	INDIFFERENT	4.500452	2016.0	Album	
wAF9YWPKVz0	Dirty Mother for You	Roosevelt Sykes	1929-1941	Roosevelt Sykes	INDIFFERENT		2012.0	Album	
-DQrRYyPetk	Just a Little Bit	Roscoe Gordon	Rhythm & Blues (50 Hits)	Various Artists	INDIFFERENT		2015.0	Album	
VhBuLEkbi14	Come On-a My House	Rosemary Clooney	Love Letters	Rosemary Clooney	INDIFFERENT		2011.0	Album	
c7hAbb00UgY	Mambo Italiano (78rpm Version)	Rosemary Clooney	The Essential Rosemary Clooney	Rosemary Clooney	INDIFFERENT		2004.0	Album	
kJvCe0tSKF0	Hey There	Rosemary Clooney	The Rosemary Clooney Show: Songs From The Classic Television Series	Rosemary Clooney	INDIFFERENT		2004.0	Album	
Jow4MnAAdek	Chemicals	Rosemary Fairweather	Chemicals	Rosemary Fairweather	INDIFFERENT		2016.0	Single	
5JQRV62KBwM	Caravan (Instrumental)	Rosenberg Trio	Caravan	Rosenberg Trio	INDIFFERENT		1994.0	Album	
W5QME3j4UwM	Don't Let It Get To You	Rostam	Don't Let It Get to You	Rostam	INDIFFERENT		2011.0	Single	
GrUXpcOn56s	In a River	Rostam	In a River	Rostam	INDIFFERENT		2018.0	Single	
i7IaIjANY_Y	Unfold You	Rostam	Unfold You	Rostam	INDIFFERENT	5.0	2020.0	Single	
3j1A0W-lMq4	Dogg Life	Route 696	Dogg Life	Route 696	INDIFFERENT		2020.0	Single	
2R0AyzKsXrw	Come Home	Route 8	Come Home	Route 8	INDIFFERENT		2018.0	EP	
M5X6BifSQ9U	Do The Strand (1999 Digital Remaster)	Roxy Music	For Your Pleasure	Roxy Music	INDIFFERENT		1973.0	Album	244.0
nYeCn7deon0	Manifesto	Roxy Music	Manifesto	Roxy Music	INDIFFERENT		1979.0	Album	
9f_7BNy6mbU	Stoned Soul Picnic	Roy Ayers	Stoned Soul Picnic	Roy Ayers	INDIFFERENT		1968.0	Album	
Mdd9Fpq2i7o	Mystic Voyage	Roy Ayers Ubiquity	Mystic Voyage	Roy Ayers Ubiquity	INDIFFERENT		1975.0	Album	
b4TPtwZAJBg	Up Jumped the Devil	Roy Brown	Roy Brown, Hurry Hurry Babe!	Roy Brown	INDIFFERENT		2012.0	Album	
fdYgZFruVU0	Hip Shakin' Baby	Roy Brown	The Songs of Johnny & Dorsey Burnette Vol. 1	Various Artists	INDIFFERENT		2007.0	Album	
xRUpnmwt5zU	Running Scared	Roy Orbison	Crying	Roy Orbison	INDIFFERENT	3.8717949	2013.0	Album	
uhuoWEZcsfs	Beautiful Dreamer	Roy Orbison	In Dreams	Roy Orbison	INDIFFERENT		1963.0	Album	
_EpZt9Umn1U	Better Strangers	Royal Blood	Royal Blood	Royal Blood	INDIFFERENT		2014.0	Album	
9vG6AgDzVAY	You're Gonna Lose	Royal Trux	Thank You	Royal Trux	INDIFFERENT	4.2307692	1995.0	Album	
WwcEH24Ommw	Another Believer	Rufus Wainwright	Meet The Robinsons Original Soundtrack	Various Artists	INDIFFERENT		2007.0	Album	
tvcFV8aeCsQ	A Farewell To Kings	Rush	A Farewell To Kings	Rush	INDIFFERENT		1977.0	Album	
uxjekM3Es-I	By-Tor And The Snow Dog	Rush	Fly By Night	Rush	INDIFFERENT		1975.0	Album	
G_7eOHZ5A1Y	La Villa Strangiato	Rush	Hemispheres (40th Anniversary)	Rush	INDIFFERENT		1978.0	Album	578.0
WtkWTh-nn9w	Time Stand Still	Rush	Hold Your Fire	Rush	INDIFFERENT		1987.0	Album	308.0
aUTGOQLyvWw	2112 Overture (Retrospective Edit)	Rush	Retrospective I: 1974 To 1980	Rush	INDIFFERENT		1997.0	Album	
LDnJLEAWrCw	Mr America (Acoustic)	Russell Morris	Fundamentalist	Russell Morris	INDIFFERENT		2007.0	Album	
gwSjXRXch-I	Mr America (Acoustic)	Russell Morris	Fundamentalist	Russell Morris	INDIFFERENT		2007.0	Album	200.0
_MmBKT5q2xQ	Misogyny	Rusty	Fluke	Rusty	INDIFFERENT		1995.0	Album	
SYrvQQ7gosA	Held For Questioning	Rusty Draper	The Very Best Of	Rusty Draper	INDIFFERENT		2010.0	Album	
7gp5XXcyRgo	Mambo Baby	Ruth Brown	Miss Rhythm: Greatest Hits And More	Ruth Brown	INDIFFERENT		2005.0	Album	
qz_RPb5clqY	Söndan (feat. Dan Berglund)	Rymden	Space Sailors (feat. Dan Berglund)	Rymden	INDIFFERENT	4.1351352	2020.0	Album	
VDzJfMg9lGo	Söndan (feat. Dan Berglund)	Rymden	Söndan	Rymden	INDIFFERENT		2020.0	Single	
gHtkntf0BBA	Monument	Röyksopp	Do It Again	Röyksopp	INDIFFERENT	4.4319696	2014.0	EP	
T-8ka_I4_uU	Running To The Sea (feat. Susanne Sundfør)	Röyksopp	Running To The Sea	Röyksopp	INDIFFERENT		2012.0	Single	
M-6RFpKIV4w	What Else Is There ?	Röyksopp	The Understanding	Röyksopp	INDIFFERENT		2005.0	Album	
jicYLe3Y5VI	Jamz	SALES	Jamz	SALES	INDIFFERENT		2016.0	Single	
cKlLgJIV5W4	Chinese New Year	SALES	SALES - EP	SALES	INDIFFERENT	4.8259706	2014.0	EP	
sUvnKXqgGzI	All Night (feat. Dornik)	SG Lewis	All Night (feat. Dornik)	SG Lewis	INDIFFERENT	4.5388064	2016.0	Single	
EEv3FDBuXm0	Shivers (feat. JP Cooper)	SG Lewis	Shivers - EP	SG Lewis	INDIFFERENT	4.328084	2015.0	EP	
SZ9Wwz17mck	Meant To Be	SG Lewis	Yours - EP	SG Lewis	INDIFFERENT	4.3004375	2016.0	EP	
7AKd4tfbZS8	Stay Sane (feat. Naaz)	SRNO	Stay Sane (feat. Naaz)	SRNO	INDIFFERENT	4.378397	2016.0	Single	
BugBwt2ESpo	The Ballad Of The Green Berets	SSgt. Barry Sadler	Ballads of The Green Berets	SSgt. Barry Sadler	INDIFFERENT		1997.0	Album	
kLjlossgOvs	Est	STU	Est	STU	INDIFFERENT		2017.0	Single	
b2LfxziMhL0	WDWGILY	SYML	Chill	SYML	INDIFFERENT		2020.0	EP	
qeYn-1ylL58	Everyday	Sad Cafe	Facades	Sad Cafe	INDIFFERENT		1979.0	Album	
TSXpYUPl1Hg	Your Love Is King	Sade	Diamond Life	Sade	INDIFFERENT		1984.0	Album	
c_lgse6-JKo	Your Love Is King	Sade	The Best of Sade	Sade	INDIFFERENT		1994.0	Album	
lgKzaUbORx4	Never as Good as the First Time	Sade	The Ultimate Collection	Sade	INDIFFERENT		2011.0	Album	
JuPn-UcLAv4	Mon Gateau	Saffron Sun	Mon gateau	Saffron Sun	INDIFFERENT		2019.0	Single	
81skBnAAdcQ	My World Fell Down	Sagittarius	Present Tense (Expanded Edition)	Sagittarius	INDIFFERENT	3.0055711	1967.0	Album	
nIE8wXb8kao	Pain in My Life (feat. Trey Songz)	Saigon	Pain In My Life [Explicit Content] (6-94650)	Saigon	INDIFFERENT		2006.0	Single	
hh_3877PsYU	Who I Am	Saje	Take Care Of You	Saje	INDIFFERENT	4.4385967	2018.0	EP	
ccu9RgMIpQI	Take Care Of You	Saje	Take Care Of You	Saje	INDIFFERENT	4.6799998	2018.0	EP	
TNYHv69J5hQ	I Thank You (LP / Single Version)	Sam & Dave	I Thank You	Sam & Dave	INDIFFERENT	4.1222692	2014.0	Album	
aMYnkIgvBrs	Soothe Me	Sam & Dave	Stax Classics	Sam & Dave	INDIFFERENT	4.2246156	2017.0	Album	
ugKFQEK9X6o	I Thank You (LP / Single Version)	Sam & Dave	The Best Of Sam & Dave	Sam & Dave	INDIFFERENT		1987.0	Album	
WfYoyUDIHCE	Soothe Me	Sam & Dave	The Stax Story (4 Disc Set)	Various Artists	INDIFFERENT		2000.0	Album	
f9QOecPlYNw	Nothing Touches Me	Sam Burton	Nothing Touches Me	Sam Burton	INDIFFERENT	4.2473116	2020.0	Single	
96_DKzdfCxg	Everybody Loves To Cha Cha Cha	Sam Cooke	30 Greatest Hits: Portrait of a Legend 1951-1964	Sam Cooke	INDIFFERENT		1960.0	Album	
MkaFNiMvzqs	Having A Party	Sam Cooke	30 Greatest Hits: Portrait of a Legend 1951-1964	Sam Cooke	INDIFFERENT		1960.0	Album	
-YijmNPq-GI	Win Your Love For Me	Sam Cooke	30 Greatest Hits: Portrait of a Legend 1951-1964	Sam Cooke	INDIFFERENT		1960.0	Album	
GiI-4RQGnWE	Chain Gang (Live at the Harlem Square Club, Miami, FL - January 1963)	Sam Cooke	One Night Stand - Sam Cooke Live At The Harlem Square Club, 1963	Sam Cooke	INDIFFERENT		1963.0	Album	
LyHBLdwvu74	Just Another Day	Sam Cooke	Sam Cooke And The Soul Stirrers	Sam Cooke	INDIFFERENT		1965.0	Album	
WeFJdRYKQ7c	Lord, Remember Me	Sam Cooke	Sam Cooke With The Soul Stirrers	Sam Cooke	INDIFFERENT		2002.0	Album	
zTArYTvpLZA	Twistin' the Night Away	Sam Cooke	The Best of Sam Cooke	Sam Cooke	INDIFFERENT		1962.0	Album	
OmMbN_MrlTQ	Having a Party	Sam Cooke	The Best of Sam Cooke	Sam Cooke	INDIFFERENT	4.7229142	1962.0	Album	
VzlLi5jX_C4	(What A) Wonderful World	Sam Cooke	The Best of Sam Cooke	Sam Cooke	INDIFFERENT		1962.0	Album	
UfOv1Elwf7c	Having a Party	Sam Cooke	The Best of Soul	Sam Cooke	INDIFFERENT		2017.0	Album	
APu8MXUWPhI	Twistin' the Night Away	Sam Cooke	Twistin' the Night Away	Sam Cooke	INDIFFERENT	4.5419545	2012.0	Album	
BliLmmBJXUQ	Detroit '67	Sam Roberts	Love at the End of the World	Sam Roberts Band	INDIFFERENT		2008.0	Album	
RWXjdiKVusM	Ring Dang Doo (Single Version)	Sam The Sham & The Pharaohs	20th Century Masters: The Millennium Collection: Best Of Sam The Sham & The Pharaohs	Sam The Sham & The Pharaohs	INDIFFERENT		2003.0	Album	
3UttAR8DnFY	Wooly Bully	Sam the Sham and the Pharaohs	Wooly Bully	Sam the Sham and the Pharaohs	INDIFFERENT		1965.0	Single	
ry59qsl2R8c	Chevy Van	Sammy Johns	Chevy Van	Sammy Johns	INDIFFERENT		2009.0	Single	177.0
tmuYFkzjca4	Without	Sampha	Dual	Sampha	INDIFFERENT	4.6100445	2013.0	EP	
-o4bAtR7FmY	When I Fall In Love	Sandra Lee	When I Fall In Love	Various Artists	INDIFFERENT		2020.0	Album	
Y6PTe-u8_H8	The Fool	Sanford Clark	20th Century Rocks: 50's Rock 'n Roll - Is Here to Stay	Various Artists	INDIFFERENT		2001.0	Album	
yAd3p9jJSnc	The Fool	Sanford Clark	Dot Rock 'N Roll		INDIFFERENT				
xv3qKrCq2w8	she	Sans	she	Sans	INDIFFERENT		2021.0	Single	
GGEuhE8haRY	Well All Right	Santana	Inner Secrets	Santana	INDIFFERENT		1978.0	Album	
rzToa_Q4Las	Jim Dandy	Sara Lee	Real Black Rhythm	Various Artists	INDIFFERENT		2012.0	Album	
APfk8tPJx3U	Jim Dandy	Sara Lee	Teenage Rockabilly	Various Artists	INDIFFERENT		2009.0	Album	
S9ykDR_eN_E	Be Like Water	Sarah Fimm	A Perfect Dream	Sarah Fimm	INDIFFERENT		2002.0	Album	
RMO6H2qvfcU	Broken Hearted Melody	Sarah Vaughan	Sarah Vaughan's Golden Hits	Sarah Vaughan	INDIFFERENT		1958.0	Album	
l-ODUKHFVo0	Smooth Operator	Sarah Vaughan	Sarah Vaughan's Golden Hits	Sarah Vaughan	INDIFFERENT		1958.0	Album	
DfEVS5qwjRc	Never Enough (feat. Niya Wells)	Satin Jackets	Never Enough (feat. Niya Wells)	Satin Jackets	INDIFFERENT	4.4014468	2017.0	Single	
blAwNaqJVR4	My Original [Monsoon Season Remix] (feat. Natalie Conway)	Satin Jackets	This Is Heavy Disco, Vol. 2 (Deeper Disco)	Various Artists	INDIFFERENT	4.4324327	2013.0	Album	
r_Q2ZtrJmwM	Woke	Saturn	Woke	Saturn	INDIFFERENT		2015.0	Single	
Xm3nIQ8nvTM	Ohm	Saul Williams	Lyricist Lounge Vol. 1	Various Artists	INDIFFERENT		1998.0	Album	
EYz1qPf1wjk	Never Let You Go	Savanna	Ain't Nothing Stronger Than Love	Savanna	INDIFFERENT		2019.0	Single	
H4vHWPZ4YCA	Blah Blah Blah	Say Hi	Impeccable Blahs	Say Hi	INDIFFERENT		2006.0	Album	207.0
8lnyGSzCKFo	Untouchable	Scarface	The Untouchable	Scarface	INDIFFERENT	4.7353959	1997.0	Album	
YT2_mMgNQVg	The Wall	Scarface	The World Is Yours	Scarface	INDIFFERENT		2013.0	Album	
Or3yLBkcbnI	One Stone	Scene Creamers	I Suck On That Emotion	Scene Creamers	INDIFFERENT		2003.0	Album	
kLJXjv3vc0M	Trance Figure (Nobody Remix)	School of Seven Bells	Iamundernodisguise	School of Seven Bells	INDIFFERENT		2009.0	Single	
cMROTYKClU0	My Cabal	School of Seven Bells	My Cabal	School of Seven Bells	INDIFFERENT		2009.0	Single	
MQOl8TzotMU	Believe in Love (Demo Version)	Scorpions	Taken by Force	Scorpions	INDIFFERENT		1977.0	Album	
uEHPfpA_ZZs	The Riot of Your Time (2015 - Remaster)	Scorpions	Taken by Force	Scorpions	INDIFFERENT		1977.0	Album	
8EdxtuUvSjM	Steamrock Fever (2015 - Remaster)	Scorpions	Taken by Force	Scorpions	INDIFFERENT		1977.0	Album	
zBftuxMYA18	Born to Touch Your Feelings (Demo Version)	Scorpions	Taken by Force	Scorpions	INDIFFERENT		1977.0	Album	
NNcKae3-M_0	Busy Guys (Demo)	Scorpions	Taken by Force	Scorpions	INDIFFERENT		1977.0	Album	
rWpzTBTmgWI	He's a Woman - She's a Man (2015 - Remaster)	Scorpions	Taken by Force	Scorpions	INDIFFERENT		1977.0	Album	
NuQSz0yH-n0	Suspender Love (2015 - Remaster)	Scorpions	Taken by Force	Scorpions	INDIFFERENT		1977.0	Album	
tflAb0YjAQI	Your Light (2015 - Remaster)	Scorpions	Taken by Force	Scorpions	INDIFFERENT		1977.0	Album	
QicimY-1nkM	I've Got to Be Free (2015 - Remaster)	Scorpions	Taken by Force	Scorpions	INDIFFERENT		1977.0	Album	
3SdphQTnPts	Midnight Blues Jam (Demo)	Scorpions	Taken by Force	Scorpions	INDIFFERENT		1977.0	Album	
ZUsDBD3xrKg	Born to Touch Your Feelings (2015 - Remaster)	Scorpions	Taken by Force	Scorpions	INDIFFERENT		1977.0	Album	
G1g9wHZFRJU	We'll Burn the Sky (2015 - Remaster)	Scorpions	Taken by Force	Scorpions	INDIFFERENT		1977.0	Album	
rPycpLs50YU	MMMbop (feat. Kenton Chen, Matt Bloyd, Luke Edgemon & Mario Jose)	Scott Bradlee's Postmodern Jukebox	Squad Goals	Scott Bradlee's Postmodern Jukebox	INDIFFERENT		2016.0	Album	
xg3mZq1yOoY	Bad Times	Scotty McKay	Kicksville, Vol. 4	Various Artists	INDIFFERENT		2006.0	Album	
qffy1r_MO6U	Baptize Me In Wine	Screamin' Jay Hawkins	Screamin' Jay Hawkins: Essential 10	Screamin' Jay Hawkins	INDIFFERENT		2011.0	Album	
igjThAjFTPE	Empty Head	Screaming Females	Rose Mountain	Screaming Females	INDIFFERENT	4.7637129	2015.0	Album	
4uw_utvyrTU	If the World Was Mine	Seagram	Souls on Ice	Seagram	INDIFFERENT		1997.0	Album	
EaRl-PNHnpw	Peep My Words	Sean Price	Monkey Barz	Sean Price	INDIFFERENT		2005.0	Album	
V_ayklax198	Brokest Rapper You Know	Sean Price	Monkey Barz	Sean Price	INDIFFERENT		2005.0	Album	
cnRpfF8wIcU	Slap Boxing (feat. Rock & Ruste Juxx)	Sean Price	Monkey Barz	Sean Price	INDIFFERENT		2005.0	Album	
rrbXmuagswQ	Kid Candy	Seaweed	Four	Seaweed	INDIFFERENT	3.8571429	1993.0	Album	
Vp_hkVtLJ00	Skull	Sebadoh	Bakesale: Deluxe Edition	Sebadoh	INDIFFERENT	4.3274956	2011.0	Album	
Jv6C-ZqYcws	Brand New Love	Sebadoh	Smash Your Head On The Punk Rock	Sebadoh	INDIFFERENT	4.5377779	1992.0	Album	
dfNXhQwX7RU	Temporary Touch	Selebrities	Lovely Things	Selebrities	INDIFFERENT		2013.0	Album	
Yc09GdgCOjg	Jealous of Jesus	Sentridoh	Weed Forestin'	Sentridoh	INDIFFERENT	5.0	2012.0	Album	
jEEfHOdhJJY	No Games	Serani	No Games	Serani	INDIFFERENT		2009.0	Album	
v66HiF91gjQ	Bonnie And Clyde	Serge Gainsbourg	Initials B.B.	Serge Gainsbourg	INDIFFERENT		1968.0	Album	
6yaOd7cVFZ0	Cumbersome	Seven Mary Three	Churn	Seven Mary Three	INDIFFERENT		1994.0	Album	
CKNP6fzTGxw	Swinging in His Cell	Sewerslvt	Draining Love Story	Sewerslvt	INDIFFERENT		2020.0	Album	
LPs0aqnPCHc	Liar	Sex Pistols	Nevermind The Bollocks, Here's The Sex Pistols	Sex Pistols	INDIFFERENT	4.4864073	1977.0	Album	
hMGM4kxMSCk	At the Hop (Live at Woodstock)	Sha Na Na	Live at Woodstock	Sha Na Na	INDIFFERENT		2019.0	Album	
Ji-1BAPljZU	Where I Wanna Be (feat. Nate Dogg & Kurupt)	Shade Sheist	Informal Introduction	Shade Sheist	INDIFFERENT	4.5840077	2002.0	Album	
fSijuIxMUDU	New Year's Evil	Shadow	New Year's Evil	Shadow	INDIFFERENT		1980.0	Single	
ZFWv_MqlTDg	I Just Stopped by Because I Had To	Shalamar	Friends	Shalamar	INDIFFERENT		1982.0	Album	
jhd3dr8LaqU	Ek Do Teen	Shamshad Begum	Awara	Shankar-jaikishan	INDIFFERENT		1951.0	Album	
gX0ySMSuk94	Let Them Knock	Sharon Jones & The Dap-Kings	100 Days, 100 Nights	Sharon Jones & The Dap Kings	INDIFFERENT	4.0588236	2007.0	Album	
nOEM5lKEt6Q	Got a Thing on My Mind	Sharon Jones & The Dap-Kings	Dap Dippin' With Sharon Jones & The Dap-Kings	Sharon Jones & The Dap-Kings	INDIFFERENT		2002.0	Album	
ZXXvHlGsYCg	I'm Not Gonna Cry	Sharon Jones & The Dap-Kings	Daptone Gold	Various Artists	INDIFFERENT		2009.0	Album	
H7QIBCg0n-0	God Rest Ye Merry Gents	Sharon Jones & The Dap-Kings	It's a Holiday Soul Party	Sharon Jones & The Dap-Kings	INDIFFERENT		2015.0	Album	
fZRGPkE-T9M	White Christmas	Sharon Jones & The Dap-Kings	It's a Holiday Soul Party	Sharon Jones & The Dap-Kings	INDIFFERENT		2015.0	Album	
YFiRDuX53h8	I've Got Your Number, Son	She & Him	Volume 3	She & Him	INDIFFERENT		2013.0	Album	
OCKCBnAZUXM	Rooks	Shearwater	Rook	Shearwater	INDIFFERENT		2008.0	Album	
besDdDuKxdU	The Purple People Eater	Sheb Wooley	The Purple People Eater	Sheb Wooley	INDIFFERENT		1997.0	Album	
-dNtJZe9A5Q	Morning Train (Nine to Five) [Edit]	Sheena Easton	Take My Time	Sheena Easton	INDIFFERENT		2009.0	Album	
VG5Hen2mu-4	Johnny Angel (Single Version)	Shelley Fabares	The Best Of Shelley Fabares	Shelley Fabares	INDIFFERENT	3.9984052	1994.0	Album	
3usLWVO2Cig	Daddy's Home (Outtake)	Shep and the Limelites	Daddy's Home: The Very Best Of Shep & The Limelites	Shep and the Limelites	INDIFFERENT		2006.0	Album	
P7WsJd7WXfs	Leaving Las Vegas	Sheryl Crow	Tuesday Night Music Club	Sheryl Crow	INDIFFERENT		1993.0	Album	
CZ0pODzdVHY	Fallen Angel	Shiloh Dynasty	Still Feel You Here	Shiloh Dynasty	INDIFFERENT		2022.0	Album	200.0
LchUTRNl8kI	Whatever Happened to the Space Race	Shiny Joe Ryan	The Cosmic Microwave Background	Shiny Joe Ryan	INDIFFERENT		2014.0	Album	
volabypa4JY	Don't Cry Out	Shiny Toy Guns	We Are Pilots	Shiny Toy Guns	INDIFFERENT		2006.0	Album	
PIa3vIAAgg0	Shame, Shame, Shame (Vocal Version)	Shirley & Company	Shame Shame Shame	Shirley & Company	INDIFFERENT		1975.0	Album	
_sFlcJ2udfg	Let The Good Times Roll	Shirley & Lee	Aladdin '52-'59:Let The Good Times Roll	Shirley & Lee	INDIFFERENT		2005.0	Album	
2NeafOQn-wQ	Let The Good Times Roll	Shirley & Lee	Jump Blue: Rockin' The Jukes	Various Artists	INDIFFERENT		1998.0	Album	146.0
xtqVbjN_-RQ	Let the Good Times Roll	Shirley & Lee	Oldie and Always Goodie, Vol. 3	Various Artists	INDIFFERENT		2016.0	Album	
bBaX2fShk1g	Let The Good Times Roll	Shirley & Lee	The Legendary Master Series	Shirley & Lee	INDIFFERENT		1990.0	Album	146.0
F7Y91CBYe-Y	As I Love You	Shirley Bassey	As I Love You (Analog Source Remaster 2018)	Shirley Bassey	INDIFFERENT		2018.0	Album	
1tke0keDp50	Goldfinger	Shirley Bassey	Definitive 60s	Various Artists	INDIFFERENT		2019.0	Album	
CwDfCxSAySk	Goldfinger	Shirley Bassey	Essential Gold	John Barry	INDIFFERENT		2020.0	Album	171.0
9Wq48_gsjHk	The Nitty Gritty	Shirley Ellis	The Name Game	Shirley Ellis	INDIFFERENT		1965.0	Album	
vEwK4tZr4jY	I Close My Eyes	Shivaree	Breach	Shivaree	INDIFFERENT		2004.0	EP	251.0
e0xVfJ3Nm5g	Twist Barbie	Shonen Knife	Burning Farm	Shonen Knife	INDIFFERENT		1983.0	Album	
HklV4_lQHZg	Sheena Is A Punk Rocker	Shonen Knife	Osaka Ramones - Tribute To The Ramones	Shonen Knife	INDIFFERENT		2011.0	Album	
KtG7oI-o-kA	Tonight I Have to Leave It	Shout Out Louds	Our Ill Wills	Shout Out Louds	INDIFFERENT		2007.0	Album	
t51RdKsXiVk	side effects (Jono Ma Cosmo Mix)	Shura	side effects (Jono Ma Remixes)	Shura	INDIFFERENT	3.054054	2020.0	Single	
PwB56IYDfWs	Breathe Me	Sia	Colour The Small One (Deluxe Edition)	Sia	INDIFFERENT		2004.0	Album	
DqhFNk0Cfa8	Ooby Dooby	Sid King & The Five Strings	Golden Selection	Sid King & The Five Strings	INDIFFERENT		2020.0	Album	
aiXoz8au_LY	Popplagið (Live)	Sigur Rós	Inní	Sigur Rós	INDIFFERENT		2011.0	Album	
f09NRpNQMbw	The Frontier Index	Silver Jews	The Natural Bridge	Silver Jews	INDIFFERENT	4.75	1996.0	Album	
ajw3T4RAuuU	Can We Rebuild Our City?	Silver Leaf	Hey!	Silver Leaf	INDIFFERENT		2020.0	Single	
t3YpLG0Zhps	Can We Rebuild Our City?	Silver Leaf	Hey!	Silver Leaf	INDIFFERENT		2020.0	Single	193.0
U0_V39cN5oE	Israel's Son	Silverchair	Frogstomp	Silverchair	INDIFFERENT		1995.0	Album	
rhve6e6Z4Qw	Tomorrow	Silverchair	Frogstomp	Silverchair	INDIFFERENT	4.5529633	1995.0	Album	
jNaGervdEok	I Believe	Simian Mobile Disco	Attack Decay Sustain Release	Simian Mobile Disco	INDIFFERENT	4.370563	2007.0	Album	
FQRTpN_UuFs	A Hazy Shade of Winter	Simon & Garfunkel	Bookends	Simon & Garfunkel	INDIFFERENT		1968.0	Album	
kOgmYFTZ2iU	For Emily, Whenever I May Find Her (Live in St. Louis, MO - November 1969)	Simon & Garfunkel	Greatest Hits	Simon & Garfunkel	INDIFFERENT		1972.0	Album	
fYCF6dZ_syg	Blessed	Simon & Garfunkel	Sounds Of Silence	Simon & Garfunkel	INDIFFERENT	3.7861636	2017.0	Album	
YhT97UIOaUs	A Most Peculiar Man	Simon & Garfunkel	Sounds Of Silence	Simon & Garfunkel	INDIFFERENT	4.3512354	2017.0	Album	
Qtm_ClkkcoM	Somewhere They Can't Find Me	Simon & Garfunkel	Sounds Of Silence	Simon & Garfunkel	INDIFFERENT	4.1799731	2017.0	Album	
ixwBD_LYSFI	We've Got a Groovy Thing Goin'	Simon & Garfunkel	Sounds Of Silence	Simon & Garfunkel	INDIFFERENT	4.0986705	2017.0	Album	
ka0To8OICj4	Homeward Bound	Simon & Garfunkel	Wild - Original Motion Picture Soundtrack	Various Artists	INDIFFERENT	4.5523205	2014.0	Album	
d5yU2i1QI7M	Promised You A Miracle (Remastered 2002)	Simple Minds	New Gold Dream (81/82/83/84)	Simple Minds	INDIFFERENT	4.3785191	1982.0	Album	
1BiBinz3KSc	Premonition (Remastered 2002)	Simple Minds	Real To Real Cacophony	Simple Minds	INDIFFERENT		1979.0	Album	
u4LFq1rXPV4	Clangour And Flutes (Single Version)	Sin Fang Bous	Advent In Ives Garden / Clangour And Flutes		INDIFFERENT				
G_pGnWOi1U8	Where's My Parade	Sinister Dane	Sinister Dane	Sinister Dane	INDIFFERENT		2018.0	Album	
xYvuHiAQx88	Green Fingers	Siouxsie And The Banshees	A Kiss In The Dreamhouse (Expanded)	Siouxsie & The Banshees	INDIFFERENT		1982.0	Album	
rE0PnY33rJw	Slowdive	Siouxsie And The Banshees	A Kiss In The Dreamhouse (Expanded)	Siouxsie & The Banshees	INDIFFERENT		1982.0	Album	
-TlpqrodMXc	Halloween	Siouxsie And The Banshees	Halloween 2022	Various Artists	INDIFFERENT		2022.0	Album	
hIHUzBFlcW8	Halloween	Siouxsie And The Banshees	Juju	Siouxsie And The Banshees	INDIFFERENT		1981.0	Album	
37PKcsvD0hg	Happy House	Siouxsie And The Banshees	Kaleidoscope (Remastered & Expanded)	Siouxsie And The Banshees	INDIFFERENT		1980.0	Album	
cBENPJQGgco	Peek-A-Boo	Siouxsie And The Banshees	Peepshow (Remastered And Expanded)	Siouxsie And The Banshees	INDIFFERENT		1988.0	Album	
J7oITub05_g	This Kind Of Love	Sister Hazel	Absolutely	Sister Hazel	INDIFFERENT		2006.0	Album	
FDpuKZwM83Y	This Train	Sister Rosetta Tharpe	Gospel Train (Expanded Edition)	Sister Rosetta Tharpe	INDIFFERENT		1958.0	Album	
jB6IqbNi5mU	That's All	Sister Rosetta Tharpe	The Decca Singles, Vol. 1	Sister Rosetta Tharpe	INDIFFERENT		2019.0	Album	
_ACfQx6yS9Q	Lost in Music (Dimitri from Paris Remix)	Sister Sledge	Dimitri From Paris Presents Le CHIC Remix	Dimitri from Paris	INDIFFERENT		2018.0	Album	
K2tbQ_g2VbQ	Kiss Me	Sixpence None The Richer	Sixpence None the Richer	Sixpence None the Richer	INDIFFERENT		1997.0	Album	
pdcBVD6Lwmc	I'm Living	Sizzla	I'm Living	Sizzla	INDIFFERENT		2013.0	Single	
_OscV0jLJzA	Get the Fuck Out	Skid Row	Slave to the Grind	Skid Row	INDIFFERENT		1991.0	Album	
LQEjWO3g_1M	Hallowed Ground	Skin Yard	Hallowed Ground	Skin Yard	INDIFFERENT	2.6977928	1988.0	Album	
eTxR1MTVvZ8	Ex-Boyfriend Beat	Skinned Teen	Bazooka Smooth!	Skinned Teen	INDIFFERENT		1993.0	Album	
jYXAGnGm9bA	Merry Xmas Everybody	Slade	Merry Xmas Everybody	Slade	INDIFFERENT		1973.0	Single	
0n8hB5ou9eY	Mama Weer All Crazee Now	Slade	Slayed? (Expanded)	Slade	INDIFFERENT		1972.0	Album	
RUxTX9cBtrM	Run Runaway	Slade	The Amazing Kamikaze Syndrome (Expanded)	Slade	INDIFFERENT		1983.0	Album	
-qQg9aMm7tI	Beggars & Hangers-On	Slash's Snakepit	It's Five O'Clock Somewhere	Slash's Snakepit	INDIFFERENT		1995.0	Album	
a9g-O5vWZlY	Bitter Peace	Slayer	Diabolus In Musica	Slayer	INDIFFERENT		1998.0	Album	
IsLFK8TkaVw	Fireplace	Sleepy Fish	Beneath Your Waves	Sleepy Fish	INDIFFERENT		2020.0	Album	
hG6YzmvbosI	for when it’s warmer	Sleepy Fish	Chillhop Essentials Summer 2019	Various Artists	INDIFFERENT		2019.0	Album	
JgI6z6aQhEA	Velocities	Sleepy Fish	Velocities	Sleepy Fish	INDIFFERENT		2020.0	Single	
e0FFfOuBv8o	Leafage	Slice World	Leafage	Slice World	INDIFFERENT		2020.0	Single	
7b2vtN56eP8	Leafage	Slice World	Leafage	Slice World	INDIFFERENT		2020.0	Single	172.0
iwVAwb5regM	Leafage	Slice World	Splits	Slice World	INDIFFERENT			Album	172.0
POOqCG-8BsU	Ummon	Slift	UMMON	Slift	INDIFFERENT		2020.0	Album	
7GMW3Y1cPFA	Slip Away	Slim Smith	Slip Away	Slim Smith	INDIFFERENT	4.4074073	2011.0	Single	
XScJKCYmVJE	Before I Forget	Slipknot	Antennas To Hell (Special Edition)	Slipknot	INDIFFERENT		2012.0	Album	
CUGaPQGQXMg	Tremble	Slow Crush	Aurora	Slow Crush	INDIFFERENT		2018.0	Album	
3KivFttq3HA	Glow	Slow Crush	Aurora	Slow Crush	INDIFFERENT		2018.0	Album	
y26nH7h5rNw	Girls	Slow Magic	How To Run Away	Slow Magic	INDIFFERENT	4.2674642	2014.0	Album	
9ERioZEASx4	Girls	Slow Magic	How To Run Away	Slow Magic	INDIFFERENT		2014.0	Album	272.0
xXQgDYcI_1U	Sorry Safari	Slow Magic	Triangle	Slow Magic	INDIFFERENT		2012.0	Album	
4VOFehrh9ls	Spanish Air	Slowdive	Just For A Day	Slowdive	INDIFFERENT		1991.0	Album	
LX2iFKOvj-0	Ha Ha, Hee Hee	Sly & The Family Stone	Ain't But The One Way	Sly & The Family Stone	INDIFFERENT		1982.0	Album	
xGkWuZxuP-4	Que Sera, Sera (Whatever Will Be, Will Be)	Sly & The Family Stone	Fresh	Sly & The Family Stone	INDIFFERENT		1973.0	Album	
SUkfZCSCQOU	If It Were Left Up to Me (Single Master)	Sly & The Family Stone	Fresh	Sly & The Family Stone	INDIFFERENT		1973.0	Album	
bsxM-zuKdmQ	Everyday People	Sly & The Family Stone	Greatest Hits	Sly & The Family Stone	INDIFFERENT	4.6255026	1970.0	Album	
4Im1Fiz5T6M	Stand! (Live at The Woodstock Music & Art Fair, August 17, 1969)	Sly & The Family Stone	Sly & The Family Stone: The Woodstock Experience	Sly & The Family Stone	INDIFFERENT		2009.0	Album	
uTVJQQ2Q9cs	Dance To The Music (Live at The Woodstock Music & Art Fair, August 17, 1969)	Sly & The Family Stone	Sly & The Family Stone: The Woodstock Experience	Sly & The Family Stone	INDIFFERENT		2009.0	Album	
JHddaGurot8	I Want To Take You Higher (Live at The Woodstock Music & Art Fair, August 17, 1969)	Sly & The Family Stone	Sly & The Family Stone: The Woodstock Experience	Sly & The Family Stone	INDIFFERENT		2009.0	Album	
GzKdA_Xxfuc	Mother Beautiful	Sly & The Family Stone	Small Talk	Sly & The Family Stone	INDIFFERENT		1974.0	Album	
1lyPRObkNGg	I Want to Take You Higher	Sly & The Family Stone	Stand	Sly & The Family Stone	INDIFFERENT	4.1725807	1969.0	Album	
v-5F8-rm8cY	You Can Make It If You Try	Sly & The Family Stone	Stand	Sly & The Family Stone	INDIFFERENT	4.3809838	1969.0	Album	
ICSuhwxqbY8	Luv N' Haight (Single Version)	Sly & The Family Stone	There's A Riot Goin' On	Sly & The Family Stone	INDIFFERENT		1971.0	Album	
hoPJZ4UMm7E	Luv N' Haight (Single Version)	Sly & The Family Stone	There's a Riot Goin' On	Sly & The Family Stone	INDIFFERENT	4.4823527	1971.0	Album	
-CBV93sLxWA	I Get High On You	Sly Stone	The Essential Sly & The Family Stone	Sly & The Family Stone	INDIFFERENT		2002.0	Album	
uwbUvjMGW8g	Itchycoo Park (Mono Version)	Small Faces	Small Faces - Deluxe Edition	Small Faces	INDIFFERENT		1967.0	Album	
mcKa91WO8-Q	1979 (Instrumental)	Smashing Pumpkins	1979 Mixes	Smashing Pumpkins	INDIFFERENT	3.7175572	1995.0	Single	
_CeAnfLVmXg	The Everlasting Gaze	Smashing Pumpkins	Machina/The Machines Of God	Smashing Pumpkins	INDIFFERENT		2000.0	Album	
ewvw9CzcEFo	Quiet	Smashing Pumpkins	Siamese Dream (Deluxe Edition)	Smashing Pumpkins	INDIFFERENT		1993.0	Album	
aIBIWXk20wE	Going To A Go-Go	Smokey Robinson	Going To A Go-Go	Smokey Robinson	INDIFFERENT		1965.0	Album	
GGd5ElwhfAA	Cruisin'	Smokey Robinson	The 35th Anniversary Collection	Smokey Robinson & The Miracles	INDIFFERENT	4.6873136	1994.0	Album	
n7DEYXTD12U	Cruisin'	Smokey Robinson	Where There's Smoke...	Smokey Robinson	INDIFFERENT		1979.0	Album	
t3e90gL7WzM	Let Me Have Some	Smokey Robinson & The Miracles	Going To A Go-Go	Smokey Robinson & The Miracles	INDIFFERENT		1965.0	Album	
gMEz0lB6hBI	The Tears Of A Clown	Smokey Robinson & The Miracles	Make It Happen	Smokey Robinson & The Miracles	INDIFFERENT		1967.0	Album	
rjbqcFB_sPU	I Second That Emotion (Single Version / Mono)	Smokey Robinson & The Miracles	The Big Chill: 15th Anniversary	Various Artists	INDIFFERENT		1983.0	Album	
rz1OckangUo	6 Underground (Nellee Hoopers Edit)	Sneaker Pimps	6 Underground	Sneaker Pimps	INDIFFERENT		1996.0	Single	
Cz24roc_5ho	6 Underground (Nellee Hoopers Edit)	Sneaker Pimps	6 Underground	Sneaker Pimps	INDIFFERENT		1996.0	Single	236.0
Pcby4aF1tPk	Driver's Seat	Sniff 'n' The Tears	A Best Of	Sniff 'n' The Tears	INDIFFERENT		1990.0	Album	240.0
2QVLtL4PnhE	Story of My Life	Social Distortion	Social Distortion	Social Distortion	INDIFFERENT		1990.0	Album	
CDJF0_RBz18	Bad Luck	Social Distortion	Somewhere Between Heaven And Hell	Social Distortion	INDIFFERENT		1992.0	Album	
PTkcNVfFqIk	Sex Dwarf	Soft Cell	Non-Stop Erotic Cabaret	Soft Cell	INDIFFERENT		1981.0	Album	
haDfGbMnLEE	Got to Get You off My Mind	Solomon Burke	Beg, Scream & Shout!: Vol. 3	Various Artists	INDIFFERENT		2004.0	Album	
teGO_QUcdTI	Got to Get You off My Mind	Solomon Burke	Supposed to Be	Solomon Burke	INDIFFERENT		2019.0	Album	
EemQuYyAMfI	Death Letter Blues	Son House	Delta Blues Sounds	Various Artists	INDIFFERENT	4.6404495	2015.0	Album	
LcWVtieTjpo	Future Blues	Son House	Father of Folk Blues	Son House	INDIFFERENT		1965.0	Album	
VE3h0aHc2_k	Louise Mcghee (Incomplete)	Son House	Son House Live At The Gaslight Cafe Jan 3rd 1965	Son House	INDIFFERENT		2005.0	Album	
P9qL6n8yYpo	Don't Pick Me For Your Fool	Son Seals	Bad Axe	Son Seals	INDIFFERENT		1984.0	Album	
RUCJStUyKVY	Don't Pick Me For Your Fool	Son Seals	Bad Axe	Son Seals	INDIFFERENT		1984.0	Album	256.0
v-pO_k1rc_s	Funky Bitch	Son Seals	Deluxe Edition						
wvryEK_HY-s	Funky Bitch	Son Seals	Deluxe Edition	Son Seals	INDIFFERENT		2002.0	Album	228.0
wMgTcpubT_E	Funky Bitch	Son Seals	Live and Burning	Son Seals	INDIFFERENT		1992.0	Album	
3VFwg11KisU	Funky Bitch	Son Seals	Live and Burning	Son Seals	INDIFFERENT		1978.0	Album	225.0
EGeMARgeuEc	Shadow of a Doubt	Sonic Youth	Evol	Sonic Youth	INDIFFERENT	4.5609169	1986.0	Album	
AYedAypYdcM	Hot Wire My Heart	Sonic Youth	Sister	Sonic Youth	INDIFFERENT	4.6476192	1987.0	Album	
oC7ZgXmrs6Q	The Beat Goes On	Sonny & Cher	In Case You're In Love	Sonny & Cher	INDIFFERENT	4.4295263	1967.0	Album	
FTPtqWaXAtI	Jivin' the Blues (Remastered 2003)	Sonny Boy Williamson	Bluebird Blues - When The Sun Goes Down Series	Sonny Boy Williamson	INDIFFERENT		1990.0	Album	
gfdyU4Lk3oA	Shrimp Boats	Sonny Til & The Orioles	Anthology: The Deluxe Collection	Sonny Til & The Orioles	INDIFFERENT		2020.0	Album	
B-eHMYo5D3E	Piano Music for Stress Relief	Soothing Music	Calm Music: Soothing Piano Music For Relaxation, Stress Relief, Spa Music, Yoga Music, Massage Music, Meditation Music, Studying Music, Focus, Concentration, Sleep Music and Sleeping Music	Soothing Music	INDIFFERENT		2020.0	Album	152.0
nw7jX-C7Bz4	Misery	Soul Asylum	Let Your Dim Light Shine	Soul Asylum	INDIFFERENT	4.156044	1995.0	Album	
KRhkoCZkyhw	Crazy Legs	Soul Toronados	The Complete Recordings	Soul Toronados	INDIFFERENT		2009.0	EP	
PK5jASBkLoE	The Dump	Soul VIbrations	The Funky 16 Corners (Expanded Edition)	Various Artists	INDIFFERENT		2001.0	Album	
M5rAYMzsobM	J.P. Walk	Sound Experience	J.P. Walk	Sound Experience	INDIFFERENT		2018.0	Single	
dW2XICDQmwU	Loud Love	Soundgarden	A-Sides	Soundgarden	INDIFFERENT		1997.0	Album	
QaoO5yu3smI	Rusty Cage	Soundgarden	Badmotorfinger	Soundgarden	INDIFFERENT	4.8881721	1991.0	Album	
VWYbGS5hnnc	Outshined	Soundgarden	Badmotorfinger	Soundgarden	INDIFFERENT	4.8019376	1991.0	Album	
dWFDHkCbZj4	Room A Thousand Years Wide	Soundgarden	Badmotorfinger	Soundgarden	INDIFFERENT	4.8661709	1991.0	Album	
UHB12szD_6I	Jesus Christ Pose	Soundgarden	Badmotorfinger	Soundgarden	INDIFFERENT	4.8518519	1991.0	Album	
o2OYtKOZKy8	Jesus Christ Pose	Soundgarden	Badmotorfinger (25th Anniversary Remaster)	Soundgarden	INDIFFERENT	4.2988696	1991.0	Album	
n5FA1ReVRN0	Outshined	Soundgarden	Badmotorfinger (25th Anniversary Remaster)	Soundgarden	INDIFFERENT	4.6248798	1991.0	Album	
5rVNdGnVMb4	Rusty Cage	Soundgarden	Badmotorfinger (25th Anniversary Remaster)	Soundgarden	INDIFFERENT	4.4366975	1991.0	Album	
p4nNvXvrWlE	Room A Thousand Years Wide	Soundgarden	Badmotorfinger (25th Anniversary Remaster)	Soundgarden	INDIFFERENT		1991.0	Album	
JeF4NsYft50	Cold Bitch	Soundgarden	Echo Of Miles: Scattered Tracks Across The Path	Soundgarden	INDIFFERENT		2014.0	Album	
uDgPlK3gLU0	Loud Love	Soundgarden	Louder Than Love	Soundgarden	INDIFFERENT	4.3460488	1989.0	Album	
v1npdJEiWl0	All Your Lies	Soundgarden	Telephantasm (Deluxe Edition)	Soundgarden	INDIFFERENT		2010.0	Album	
xC91PtL8uFA	Paint the Silence	South	From Here On In	South	INDIFFERENT		2000.0	Album	354.0
iQKJDbI9H6g	Paint The Silence	South	Up Close and Personal	South	INDIFFERENT		2006.0	Album	
D6dTKXgxDWU	Believe	South Second	Summer of Our Content	South Second	INDIFFERENT		2014.0	Album	
ZraaTlk3qo0	Endless Beauty	Soviet Soviet	Endless	Soviet Soviet	INDIFFERENT		2016.0	Album	
IgdoBe4ypMo	Primal Source (Extended Mix)	Space Food	Primal Source	Space Food	INDIFFERENT		2019.0	EP	
_goVR-0aU18	The World Is Dying	Spacemen 3	Hypnotized	Spacemen 3	INDIFFERENT		2020.0	Single	
QiDh4ny4Mbc	Mary Anne	Spacemen 3	Sound of Confusion	Spacemen 3	INDIFFERENT				
RA0o1dw7sZ8	Mary Anne	Spacemen 3	Taking Drugs To Make Music To Take Drugs To	Spacemen 3	INDIFFERENT		1990.0	Album	
DhzhmDQCbQ4	Jimmy Olsen's Blues	Spin Doctors	Pocket Full Of Kryptonite	Spin Doctors	INDIFFERENT		1991.0	Album	
2E9xo67spl8	Showdown	Spindrift	Classic Soundtracks, Vol. 1	Spindrift	INDIFFERENT	4.6266665	2011.0	Album	
hb92Uh3mQLw	Sadie	Spinners	New And Improved	Spinners	INDIFFERENT		1974.0	Album	
Fc0B7GL0UTE	Working My Way Back to You / Forgive Me, Girl	Spinners	Smooth And Sweet	Spinners	INDIFFERENT		2007.0	Album	
mzoQvuCfin4	I Got a Line on You	Spirit	The Best Of Spirit	Spirit	INDIFFERENT	4.690042	1973.0	Album	
D1EPARDdTbw	Rotting Piñata	Sponge	Rotting Pinata	Sponge	INDIFFERENT		1994.0	Album	
DpbFi3QpVSE	Molly (Sixteen Candles)	Sponge	Rotting Pinata	Sponge	INDIFFERENT		1994.0	Album	
KmmM58C-ZRI	The Two Sides of Monsieur Valentine	Spoon	Gimme Fiction	Spoon	INDIFFERENT		2005.0	Album	179.0
tzwP0d5YcP8	The Mystery Zone	Spoon	Transference	Spoon	INDIFFERENT	4.5854545	2010.0	Album	
iTVHOarV338	Cool For Cats	Squeeze	Cool For Cats	Squeeze	INDIFFERENT		1979.0	Album	219.0
YrVn4HAh2vM	Take Me I'm Yours	Squeeze	Singles - 45's And Under	Squeeze	INDIFFERENT		1982.0	Album	
BX5-i7BCenw	So Flute	St Germain	Tourist	St Germain	INDIFFERENT		2000.0	Album	
wc-KKNM0cP4	I'll Be Your Woman	St. Paul & The Broken Bones	Sea of Noise	St. Paul & The Broken Bones	INDIFFERENT	4.7207909	2016.0	Album	
kVzJfPb2RJs	Slacks	St. South	New Moons, Vol. 2	Various Artists	INDIFFERENT		2014.0	Album	
ISLWxAjW4f0	Shame	Stabbing Westward	Wither Blister Burn + Peel	Stabbing Westward	INDIFFERENT		1996.0	Album	
Z86EDJbm5CU	It's Been Awhile (Edit)	Staind	Break the Cycle	Staind	INDIFFERENT		2001.0	Album	
1T8HNKw6EfQ	What Can I Say	Stan Levey Quintet	Stan Levey Quintet	Stan Levey Quintet	INDIFFERENT	4.2166667	2005.0	EP	
W8IJQ_oJcRQ	She's The Queen	Starflyer 59	She's The Queen	Starflyer 59	INDIFFERENT		1994.0	EP	
6WZ_yqrJApE	Three Girls	Stargard	Stargard	Stargard	INDIFFERENT		1978.0	Album	
v7hje39o5X0	Little Red Riding Hood	Starving Wolves	Rockabilly & Psychobilly Madness	Various Artists	INDIFFERENT		2011.0	Album	250.0
HyUbxtAi4QM	In the Army Now (Live at Wacken 2017)	Status Quo	Down Down & Dirty at Wacken	Status Quo	INDIFFERENT		2018.0	Album	
2jJF0eBoPi8	Steppin' Out	Steel Pulse	Earth Crisis	Steel Pulse	INDIFFERENT		1984.0	Album	
CLK0H3urxJU	My Old School	Steely Dan	A Decade Of Steely Dan	Steely Dan	INDIFFERENT		1985.0	Album	
ErlyTZT8Yi4	Green Earrings (Live)	Steely Dan	Alive In America	Steely Dan	INDIFFERENT		1995.0	Album	
ZBtHA6POwp0	Midnite Cruiser	Steely Dan	Can't Buy A Thrill	Steely Dan	INDIFFERENT	4.5542774	1972.0	Album	
u_pt3khMRFs	Peg	Steely Dan	Citizen 1972-1980	Steely Dan	INDIFFERENT		1993.0	Album	
XOuFO8KPnjw	Time Out Of Mind	Steely Dan	Gaucho	Steely Dan	INDIFFERENT	4.6031556	1980.0	Album	
HBzzdlpISFg	Any Major Dude Will Tell You	Steely Dan	Pretzel Logic	Steely Dan	INDIFFERENT		1974.0	Album	
HtxFOLmERZw	Black Hole Sun	Stella Starlight Trio	Jazz and 90s	Various Artists	INDIFFERENT		2006.0	Album	
wbbi7I4ufDY	Draw Something (feat. Oh No)	Step Brothers	Lord Steppington (Deluxe Version)	Step Brothers	INDIFFERENT	4.4920635	2014.0	Album	
6JKYEu0w9GE	"It Might Be You (from ""Tootsie"")"	Stephen Bishop	More Themes & Tunes from Movies & Television	Various Artists	INDIFFERENT		2005.0	Album	
7xgY6v0msqQ	Break Us Apart (feat. Capleton)	Stephen Marley	Revelation Part 1: The Root Of Life	Stephen Marley	INDIFFERENT		2011.0	Album	
U593qn-Nfak	"Jah Army (feat. Damian ""Jr. Gong"" Marley & Buju Banton)"	Stephen Marley	Revelation Part 1: The Root Of Life	Stephen Marley	INDIFFERENT		2011.0	Album	
2lLP6qdXs-U	"Jah Army (feat. Damian ""Jr. Gong"" Marley & Buju Banton)"	Stephen Marley	Revelation Part 1: The Root Of Life	Stephen Marley	INDIFFERENT		2011.0	Album	
HASsGX4viuY	Rock Stone (feat. Capleton & Sizzla)	Stephen Marley	Revelation Pt. II: The Fruit of Life	Stephen Marley	INDIFFERENT		2016.0	Album	
d6FMnRaTUG4	French Disko	Stereolab	Refried Ectoplasm [Switched On Volume 2]	Stereolab	INDIFFERENT	4.6893206	1995.0	Album	
wxFzvkr1kmE	French Disko	Stereolab	Serene Velocity - A Stereolab Anthology	Stereolab	INDIFFERENT		2006.0	Album	
-GnaYS-F1lM	Super-Electric	Stereolab	Switched On	Stereolab	INDIFFERENT		1999.0	Album	
cy1PrLn2NR8	The Devil's Right Hand	Steve Earle	Copperhead Road (Deluxe Edition)	Steve Earle	INDIFFERENT		1988.0	Album	
bSbuawoNpvQ	Copperhead Road	Steve Earle	Copperhead Road (Deluxe Edition)	Steve Earle	INDIFFERENT		1988.0	Album	271.0
J_WNR75YQ4U	"Nowhere Road (From ""Black Dog"" Soundtrack)"	Steve Earle	Exit 0	Steve Earle & The Dukes	INDIFFERENT		1987.0	Album	
QGPYuDlzRc8	D'ya Eat yet, Joe?	Steve Gibson & the Red Caps	Brothers in Blues, Vol. 2	Various Artists	INDIFFERENT		2013.0	Album	
6_rKPuqxFtA	Living In The U.S.A.	Steve Miller Band	Sailor	Steve Miller Band	INDIFFERENT	4.2674479	1968.0	Album	
OFdocqyMB54	Look at Little Sister	Stevie Ray Vaughan & Double Trouble	Soul to Soul	Stevie Ray Vaughan & Double Trouble	INDIFFERENT	4.6490169	1985.0	Album	
X0orP2KI8K8	Honey Bee	Stevie Ray Vaughan And Double Trouble	Couldn't Stand The Weather	Stevie Ray Vaughan & Double Trouble	INDIFFERENT		1984.0	Album	
WQjjAOwcBYk	Goin' Down (Live)	Stevie Ray Vaughan And Double Trouble with Jeff Beck	Solos, Sessions & Encores	Stevie Ray Vaughan	INDIFFERENT		2007.0	Album	
-bnx_Qwy7w4	All I Do	Stevie Wonder	Hotter Than July	Stevie Wonder	INDIFFERENT		1980.0	Album	
RcVZfJO01NI	Happy Birthday	Stevie Wonder	Hotter Than July	Stevie Wonder	INDIFFERENT		1980.0	Album	356.0
1AZnXclm0Bs	I Was Made To Love Her	Stevie Wonder	I Was Made To Love Her	Stevie Wonder	INDIFFERENT		1966.0	Album	
fy4fMlLj_B8	Visions	Stevie Wonder	Innervisions	Stevie Wonder	INDIFFERENT	4.6759205	1973.0	Album	
0qy2Foji-3A	Keep On Running	Stevie Wonder	Music of My Mind	Stevie Wonder	INDIFFERENT		1972.0	Album	
w3yaodgDV60	Love Having You Around	Stevie Wonder	Music of My Mind	Stevie Wonder	INDIFFERENT		1972.0	Album	
R-0810WrLb8	Breathe	Stick Figure	Burial Ground	Stick Figure	INDIFFERENT		2012.0	Album	
QZKI9HvwWPY	Golden Hour	Stick Figure	Burial Ground	Stick Figure	INDIFFERENT		2012.0	Album	
Jzb3Aeqt1Yg	World on Fire	Stick Figure	World on Fire	Stick Figure	INDIFFERENT		2018.0	Single	
w9qsDgA1q8Y	Different Drum (feat. Linda Ronstadt)	Stone Poneys	Evergreen, Vol.2	Stone Poneys	INDIFFERENT	4.7681746	1967.0	Album	
7-Ik8Pn0u7A	Through Glass	Stone Sour	Come What(ever) May	Stone Sour	INDIFFERENT		2006.0	Album	
SCx_uiSdC_c	Dead & Bloated	Stone Temple Pilots	Core (Super Deluxe Edition)	Stone Temple Pilots	INDIFFERENT	4.7251992	1992.0	Album	
gKvxG4aD9x8	Crackerman	Stone Temple Pilots	Core (Super Deluxe Edition)	Stone Temple Pilots	INDIFFERENT		1992.0	Album	
eCXRJT1KA7s	Where the River Goes	Stone Temple Pilots	Core (Super Deluxe Edition)	Stone Temple Pilots	INDIFFERENT		1992.0	Album	
OK6lXn63bW4	Wicked Garden	Stone Temple Pilots	Core (Super Deluxe Edition)	Stone Temple Pilots	INDIFFERENT	4.7844176	1992.0	Album	
KysMQ7teGcQ	Dead & Bloated	Stone Temple Pilots	Grunge!	Various Artists	INDIFFERENT		2020.0	Album	
cKCykk6u6rU	Vasoline	Stone Temple Pilots	Purple	Stone Temple Pilots	INDIFFERENT	4.6440744	1994.0	Album	
tkosODD7kO8	Wicked Garden	Stone Temple Pilots	Thank You	Stone Temple Pilots	INDIFFERENT		2003.0	Album	
NIfC65pSNWA	Pop's Love Suicide	Stone Temple Pilots	Tiny Music... Songs From The Vatican Gift Shop	Stone Temple Pilots	INDIFFERENT		1996.0	Album	
fAUpWV2I1Ek	Look Right Through (Aeroplane Remix)	Storm Queen	Look Right Through (Remixes)	Storm Queen	INDIFFERENT	4.1999998	2010.0	Single	
e_0FhfdrEss	Zorbing	Stornoway	Beachcomber’s Windowsill	Stornoway	INDIFFERENT		2010.0	Album	
RZ9aPT8czog	Hail	Straitjacket Fits	Hail	Straitjacket Fits	INDIFFERENT		1988.0	Album	
Gr5KdeKS7wc	Incense And Peppermints (Stereo Version)	Strawberry Alarm Clock	Anthology	Strawberry Alarm Clock	INDIFFERENT		1993.0	Album	
15yIbj89oZ0	Incense And Peppermints (Stereo Version)	Strawberry Alarm Clock	Best of 60s	Various Artists	INDIFFERENT		2019.0	Album	
6aQC_ISbNaY	Rainy Day Mushroom Pillow	Strawberry Alarm Clock	Incense & Peppermints	Strawberry Alarm Clock	INDIFFERENT		1990.0	Album	
4HwVNSAUNZg	Sit With The Guru	Strawberry Alarm Clock	Wake Up...It's Tomorrow	Strawberry Alarm Clock	INDIFFERENT		1968.0	Album	
A0hgQDyBm44	(She's) Sexy + 17	Stray Cats	Best Of The Stray Cats	Stray Cats	INDIFFERENT		1990.0	Album	211.0
3IEC_L2HxIw	Rockabilly Rules	Stray Cats	Blast Off	Stray Cats	INDIFFERENT		1989.0	Album	
AZfjZn2LWCY	Runaway Boys (2000 Digital Remaster / 24-Bit Mastering)	Stray Cats	Greatest Hits	Stray Cats	INDIFFERENT		2000.0	Album	180.0
ByhUGnUn4es	(She's) Sexy + 17	Stray Cats	Rant N' Rave With The Stray Cats	Stray Cats	INDIFFERENT		1983.0	Album	
NcD6V--0uqc	Rebels Rule	Stray Cats	Rant N' Rave With The Stray Cats	Stray Cats	INDIFFERENT		1983.0	Album	
SCTMdJ1cuoU	Rainbow Roll	Strehlow	Late Night Essentials	Chillhop Music	INDIFFERENT		2022.0	Album	
0QliD190f3g	(Remember Me) I'm The One Who Loves You	Stu Hamblen	Columbia Country Classics Volume 2: Honky Tonk Heroes	Various Artists	INDIFFERENT		1991.0	Album	
VcMr_zCW49A	Capulet	Stumbleine	Spiderwebbed	Stumbleine	INDIFFERENT		2012.0	Album	222.0
kQPX3gmYZoU	Morphans	Stwo	92	Stwo	INDIFFERENT	4.104846	2014.0	Album	
7OXtFXkxLp4	Frontiers	Stwo	92	Stwo	INDIFFERENT	4.5561757	2014.0	Album	
dFJwGfDeuOA	Pieces Of Eight	Styx	Pieces Of Eight	Styx	INDIFFERENT		1978.0	Album	
aIuCdQtNBgg	The Grand Illusion	Styx	The Grand Illusion	Styx	INDIFFERENT		1977.0	Album	
v9z7XY3FqvI	Needless to Say	Subjazz	11.1	Subjazz	INDIFFERENT		2019.0	Album	
8mtfbA3aPno	Burden (Mr FijiWiji Remix)	Subtact, Jay Rodger & Mr FijiWiji	Burden (Mr FijiWiji Remix)	Subtact, Jay Rodger & Mr FijiWiji	INDIFFERENT		2015.0	Single	264.0
WZADFIKIxdE	Animal Nitrate	Suede	The Best of Suede	Suede	INDIFFERENT		2010.0	Album	
stnBwptc-Xw	Sugar	Sufjan Stevens	The Ascension	Sufjan Stevens	INDIFFERENT	4.2477064	2020.0	Album	
5xCBAucssmk	Secrets	Suga Free	Street Gospel	Suga Free	INDIFFERENT	4.1979866	1997.0	Album	
aOz9hZ_VU70	I Ain't Got You	Sugar Blue	Blue Blazes	Sugar Blue	INDIFFERENT		1984.0	Album	
4qhbNkyzZWg	I Ain't Got You	Sugar Blue	The Alligator Records 25th Anniversary Collection	Various Artists	INDIFFERENT		2011.0	Album	158.0
N2ba2Ne2gEU	Time	Sugar Candy Mountain	666	Sugar Candy Mountain	INDIFFERENT	4.5639811	2016.0	Album	
lDkvbytrxfY	Split In Two	Sugar Candy Mountain	Do Right	Sugar Candy Mountain	INDIFFERENT	4.551724	2018.0	Album	
PkoRwGKFFLA	Mar-a-Lago	Sugar Candy Mountain	Mar-a-Lago	Sugar Candy Mountain	INDIFFERENT		2018.0	Single	
rq3A3zC-4S4	Jamming in the Street	Sugar Minott	Jamming in the Steet	Sugar Minott	INDIFFERENT		2004.0	Single	
Otp8Rnypkgo	You've Lost It	Sugar Minott	Reggae Anthology: Sugar Minott - Hard Time Pressure	Sugar Minott	INDIFFERENT	3.8040202	2011.0	Album	
ds9s-pzGD0M	You Only Live Once	Suicide Silence	The Black Crown	Suicide Silence	INDIFFERENT		2011.0	Album	
o1X8dzh_5RA	Interest	Suicideyear	Japan	Suicideyear	INDIFFERENT		2015.0	Album	
o9ORCM2dWg8	I Wanna Go	Summer Heart	About A Feeling	Summer Heart	INDIFFERENT	4.6984129	2012.0	Album	
Id7sNLNAYyA	Fast Furious and Wonderful	Summer Salt	Happy Camper	Summer Salt	INDIFFERENT		2018.0	Album	
HvenI4etMW4	Seventeen	Summer Salt	Happy Camper	Summer Salt	INDIFFERENT		2018.0	Album	
I-phCYa7k0c	Oh Dear	Summer Salt	Happy Camper	Summer Salt	INDIFFERENT		2018.0	Album	
KxgNsN4yjLQ	Speaking Sonar	Summer Salt	Happy Camper	Summer Salt	INDIFFERENT		2018.0	Album	
ASkpXOc7lZs	Little Chimmy	Summer Salt	Honeyweed	Summer Salt	INDIFFERENT		2019.0	EP	
aM6xdKTA93k	So Polite	Summer Salt	So Polite	Summer Salt	INDIFFERENT	4.6519847	2017.0	EP	
hB2ru2Xmpu8	Candy Wrappers	Summer Salt	So Polite	Summer Salt	INDIFFERENT		2017.0	EP	
lduV_HF4jUo	Cosmic Love Affair	Sunbeam Sound Machine	Sunbeam Sound Machine	Sunbeam Sound Machine	INDIFFERENT	4.762712	2013.0	EP	
XCV-PBNNd0E	Jupiter	Sunken	Hometime	Sunken	INDIFFERENT	4.1999998	2020.0	EP	
GS3dDQpSeAQ	Seven	Sunny Day Real Estate	Diary	Sunny Day Real Estate	INDIFFERENT	4.5190859	1994.0	Album	
6Ljp2DSr_3M	Slim's Shout	Sunnyland Slim	Slim's Shout	Sunnyland Slim	INDIFFERENT		1961.0	Album	
TNqi0QGSRSw	Freaky with You	Superior Elevation	Freaky With You		INDIFFERENT				
4XhZJ3LxmJM	The Hump	Supertonic Sound Club	The Hump	Supertonic Sound Club	INDIFFERENT		2021.0	Single	
6Rq_2Thm_4c	Dreamer	Supertramp	Crime Of The Century	Supertramp	DISLIKE	4.7103629	1974.0	Album	
9nD7iSCFS2M	Dreamer	Supertramp	Crime Of The Century (Deluxe)	Supertramp	INDIFFERENT	4.4909639	1974.0	Album	
7fdAFmtq-o8	Dreamer	Supertramp	The Very Best of Supertramp	Supertramp	INDIFFERENT		1990.0	Album	
WjjJgGqk6bU	Watching the World	Surahn	EP	Surahn	INDIFFERENT	4.2248063	2012.0	EP	
8DSRxwn5b0E	Youngblood	Survivor	Survivor	Survivor	INDIFFERENT		1979.0	Album	
M_JSo2LhcbE	Fever	Susan Cadogan	Barry Myers Presents Scratchy Sounds (Ska, Dub, Roots & Reggae Nuggets)	Barry Myers	INDIFFERENT		2004.0	Album	
FcRodnC6nJY	Fever	Susan Cadogan	Reggae Summer Sun, Vol. 5	Various Artists	INDIFFERENT		2015.0	Album	
ggJfz16nGRY	Soul Of A Man	Susan Tedeschi	Hope And Desire	Susan Tedeschi	INDIFFERENT		2005.0	Album	
Yb8feky8Py4	Angel From Montgomery	Susan Tedeschi	Just Won't Burn	Susan Tedeschi	INDIFFERENT		1998.0	Album	
A-oi48NsEWw	Moonlight	Svetlana	Moonlight	Svetlana	INDIFFERENT	3.8837209	2019.0	Single	
MCFow-fKiso	Little Willy	Sweet	Best Of Sweet	Sweet	INDIFFERENT		1992.0	Album	
hAxfoIPgyQU	Fox on the Run (Alternate Version)	Sweet	Greatest Hits (Alternate Versions)	Sweet	INDIFFERENT		2012.0	Album	
mPQPdYttl7U	Ballroom Blitz	Sweet	Rare Studio Tracks	Sweet	INDIFFERENT		2010.0	Album	
CjAk_ut6nW0	Dsco	Sweet Trip	Velocity: Design: Comfort.	Sweet Trip	INDIFFERENT		2003.0	Album	
XyOPA1_hb-M	Better Days (feat. Flipp Dinero)	Swell	Better Days (feat. Flipp Dinero)	Swell	INDIFFERENT	4.5652175	2019.0	Single	
cXA6b5FHs9A	Ya Style (feat. Snoop Dogg & Bizzy Bone)	Sylk-E Fyne	Tha Cum Up	Sylk-E Fyne	INDIFFERENT		2000.0	Album	
ijVh5g3t_P0	Funeral Singers (feat. Collections of Colonies of Bees)	Sylvan Esso	Funeral Singers (feat. Collections of Colonies of Bees)	Sylvan Esso	INDIFFERENT	4.4429226	2018.0	Single	
UCuC-BI9bFU	Dress	Sylvan Esso	Sylvan Esso	Sylvan Esso	INDIFFERENT		2014.0	Album	
f1RAGrPqF1s	You Can't Turn Me Away	Sylvia Striplin	20 Beautiful Songs for Your Summer Wedding	Various Artists	INDIFFERENT		2012.0	Album	
TIwJLPfyqBc	You Can't Turn Me Away	Sylvia Striplin	AnotherLateNight: Zero 7	Jim O’Rourke	INDIFFERENT				
PFxr5Ie3z_E	I'll Drown	Sóley	We Sink	Sóley	INDIFFERENT		2011.0	Album	
nULSZY9gI3Y	Heart And Soul (Single Version)	T'Pau	Bridge Of Spies (Expanded Edition)	T'Pau	INDIFFERENT		1987.0	Album	
t2fyB6ctDi0	20th Century Boy	T. Rex	20th Century Boy	T. Rex	INDIFFERENT		1973.0	Single	
ayv0vU74soM	Children Of The Revolution	T. Rex	Children Of The Revolution	T. Rex	INDIFFERENT		1972.0	Single	
JIHAwNQAiPo	Elemental Child (BBC Live - Paris Theatre 01/01/70)	T. Rex	The Best Of BBC Recordings	T. Rex	INDIFFERENT		2008.0	Album	362.0
P1lKa5ottsg	Baby Strange	T. Rex	The Slider	T. Rex	INDIFFERENT		1972.0	Album	
9b3q2zRBLrc	Telegram Sam	T. Rex	The Slider	T. Rex	INDIFFERENT		1972.0	Album	
IVK_C_ILDDE	Popular Taste	TEEN	Good Fruit	TEEN	INDIFFERENT		2019.0	Album	
rAlYuJzlnx8	Freedom	TEK.LUN	Freedom	TEK.LUN	INDIFFERENT		2020.0	Single	
o4q0Z4-ip5k	Freedom	TEK.LUN	Freedom	TEK.LUN	INDIFFERENT		2020.0	Single	418.0
2AdrEr68wQE	Daydream	TEMPOREX	Care	TEMPOREX	INDIFFERENT		2017.0	Album	
MqUTVCF8_gY	Time's Up	TNS	Warfaring Strangers: Acid Nightmares	Various Artists	INDIFFERENT		2017.0	Album	
mtTvSPQwORA	All the People Sleep	TOPS	Picture You Staring	TOPS	INDIFFERENT	4.4107141	2014.0	Album	
c-xqN36Qeb0	Circle the Dark	TOPS	Picture You Staring	TOPS	INDIFFERENT	4.4357896	2014.0	Album	
stcCRSskqes	Dayglow Bimbo	TOPS	Sugar at the Gate	TOPS	INDIFFERENT	4.1999998	2017.0	Album	
PK0_Jke8bWA	Thunder in the Mountains	TOYAH	The Changeling	TOYAH	INDIFFERENT		1982.0	Album	
e3QoNBCNWRY	Love Dog	TV On The Radio	Dear Science	TV On The Radio	INDIFFERENT		2008.0	Album	336.0
BsLKKf3U_zQ	Dancing Choose	TV On The Radio	Dear Science	TV On The Radio	INDIFFERENT		2008.0	Album	176.0
mcvG_YGEYF0	Love Dog	TV On The Radio	Dear Science	TV On The Radio	INDIFFERENT		2008.0	Album	336.0
1BMdj_Rm5RQ	Dancing Choose	TV On The Radio	Dear Science	TV On The Radio	INDIFFERENT		2008.0	Album	176.0
gEo0jIDOLMM	The Rockford Files	TV Theme Players	TV Cops - Theme Songs	TV Theme Players	INDIFFERENT		2011.0	Album	
9YfbARlUsoE	Young Liars	TV on the Radio	Young Liars	TV on the Radio	INDIFFERENT		2003.0	EP	
EjtiDpK5L-c	The Rest Is Noise	TWO LANES	Lights	TWO LANES	INDIFFERENT		2020.0	EP	251.0
EVeDsU6SMmg	The Rest Is Noise	TWO LANES	Lights	TWO LANES	INDIFFERENT		2020.0	EP	251.0
0OBQfBhm9D0	Hoo Do Man	Tabby Thomas	Hoo Do Man	Tabby Thomas	INDIFFERENT		2009.0	Album	
tF-unN0Pb3w	Throat Locust	Tad	Inhaler	Tad	INDIFFERENT	4.150641	1993.0	Album	
IL5_wQFmL28	Paregoric	Tad	Inhaler	Tad	INDIFFERENT		1993.0	Album	
qcDjxBEH7jQ	Diving Duck Blues	Taj Mahal	Taj Mahal	Taj Mahal	INDIFFERENT		1968.0	Album	
eAa2FAyyF8w	Diving Duck Blues	Taj Mahal	TajMo	Taj Mahal	INDIFFERENT	4.7058825	2017.0	Album	
SghVxWwYCF0	Summer Boogaloo (feat. The Bunnys)	Takeshi Terauchi	Nippon Guitars	Takeshi Terauchi	INDIFFERENT		2011.0	Album	139.0
FN4tpYvBQmU	Tsugaru Hanagasa (feat. Blue Jeans)	Takeshi Terauchi	Nippon Guitars	Takeshi Terauchi	INDIFFERENT		2011.0	Album	228.0
HM8LJNCWc5s	Tsugaru Eleki Bushi (feat. Blue Jeans)	Takeshi Terauchi	Nippon Guitars	Takeshi Terauchi	INDIFFERENT		2011.0	Album	297.0
NBY6LM5xEgo	Ai No Kizuna (feat. Blue Jeans)	Takeshi Terauchi	Nippon Guitars	Takeshi Terauchi	INDIFFERENT		2011.0	Album	133.0
4t4iqfbaS5E	Ame Furu Machikado (feat. Blue Jeans)	Takeshi Terauchi	Nippon Guitars	Takeshi Terauchi	INDIFFERENT		2011.0	Album	177.0
ZOibkUfGW7c	Inochi Azukemasu (feat. Blue Jeans)	Takeshi Terauchi	Nippon Guitars	Takeshi Terauchi	INDIFFERENT		2011.0	Album	135.0
JbgYJlx92TY	Sado Okesa (feat. The Bunnys)	Takeshi Terauchi	Nippon Guitars	Takeshi Terauchi	INDIFFERENT		2011.0	Album	121.0
lqg_88O_X2Q	Yagi Bushi	Takeshi Terauchi and Blue Jeans	Let's Go Ereki Bushi	Takeshi Terauchi and Blue Jeans	INDIFFERENT		2006.0	Album	125.0
OXVveIzjw6U	Okosa Bushi	Takeshi Terauchi and Blue Jeans	Let's Go Ereki Bushi	Takeshi Terauchi and Blue Jeans	INDIFFERENT		2006.0	Album	142.0
Dh7bHwNntDE	Tsugaru Jongarabushi	Takeshi Terauchi and Blue Jeans	Let's Go Ereki Bushi	Takeshi Terauchi and Blue Jeans	INDIFFERENT		2006.0	Album	227.0
x7NhrFmuGLg	Kiso Bushi	Takeshi Terauchi and Blue Jeans	Let's Go Ereki Bushi	Takeshi Terauchi and Blue Jeans	INDIFFERENT		2006.0	Album	123.0
bIVZz8Ol3F4	Chidori	Takeshi Terauchi and Blue Jeans	Rasyoumon	Takeshi Terauchi and Blue Jeans	INDIFFERENT		1996.0	Album	247.0
LUwaYROQBGo	Dannoura	Takeshi Terauchi and Blue Jeans	Rasyoumon	Takeshi Terauchi and Blue Jeans	INDIFFERENT		1996.0	Album	267.0
h303px2rPwQ	Matsu no Midori	Takeshi Terauchi and Blue Jeans	Rasyoumon	Takeshi Terauchi and Blue Jeans	INDIFFERENT		1996.0	Album	282.0
Vs2l37iAKb8	Tsugaru Aiya Bushi	Takeshi Terauchi and Blue Jeans	Tsugaru Jyongara	Takeshi Terauchi and Blue Jeans	INDIFFERENT		2006.0	Album	166.0
IKgJu-tg1Lw	Tsugaru Jongara Bushi	Takeshi Terauchi and Blue Jeans	Tsugaru Jyongara	Takeshi Terauchi and Blue Jeans	INDIFFERENT		2006.0	Album	290.0
hVqqflwslpQ	Osore Zan	Takeshi Terauchi and Blue Jeans	Tsugaru Jyongara	Takeshi Terauchi and Blue Jeans	INDIFFERENT		2006.0	Album	184.0
bDKN1QgxrdE	Tsugaru Ereki Bushi	Takeshi Terauchi and Blue Jeans	Tsugaru Jyongara	Takeshi Terauchi and Blue Jeans	INDIFFERENT		2006.0	Album	301.0
fukWqBa83ds	Tsugaru Jongara Bushi	Takeshi Terauchi and Blue Jeans	Tsugaru Jyongara	Takeshi Terauchi and Blue Jeans	INDIFFERENT		2006.0	Album	327.0
cu9gJyNII-Y	Tsugaru Hanagasa	Takeshi Terauchi and Blue Jeans	Tsugaru Jyongara	Takeshi Terauchi and Blue Jeans	INDIFFERENT		2006.0	Album	232.0
WmOOxQ5DOtw	Tsugaru Mago Uta	Takeshi Terauchi and Blue Jeans	Tsugaru Jyongara	Takeshi Terauchi and Blue Jeans	INDIFFERENT		2006.0	Album	159.0
NUbkyCZDwz4	Tsugaru Yamabiko Bushi	Takeshi Terauchi and Blue Jeans	Tsugaru Jyongara	Takeshi Terauchi and Blue Jeans	INDIFFERENT		2006.0	Album	238.0
mAWFselRFFA	Tsugaru Kenryou Bushi	Takeshi Terauchi and Blue Jeans	Tsugaru Jyongara	Takeshi Terauchi and Blue Jeans	INDIFFERENT		2006.0	Album	237.0
sTxhg9x_B7Y	Tsugaru goze	Takeshi Terauchi and Blue Jeans	Tsugaru Jyongara	Takeshi Terauchi and Blue Jeans	INDIFFERENT		2006.0	Album	305.0
kfzoQbxMTK8	Tsugaru Sankai Bushi	Takeshi Terauchi and Blue Jeans	Tsugaru Jyongara	Takeshi Terauchi and Blue Jeans	INDIFFERENT		2006.0	Album	167.0
Wv1_jHfWBKo	Oedo Nihonbashi	Takeshi Terauchi and Bunnys	Seicyou Terauchi Bushi	Takeshi Terauchi and Bunnys	INDIFFERENT		2013.0	Album	149.0
RLdKUCvSdTs	Mamurogawa Ondo	Takeshi Terauchi and Bunnys	Seicyou Terauchi Bushi	Takeshi Terauchi and Bunnys	INDIFFERENT		2013.0	Album	120.0
DtsquOIryDo	Hanagasa Ondo	Takeshi Terauchi and Bunnys	Seicyou Terauchi Bushi	Takeshi Terauchi and Bunnys	INDIFFERENT		2013.0	Album	127.0
65uohA_Etws	Musume Doujouji	Takeshi Terauchi and Bunnys	Seicyou Terauchi Bushi	Takeshi Terauchi and Bunnys	INDIFFERENT		2013.0	Album	182.0
phjiWtmWFnc	Call	Takuya Kuroda	Rising Son	Takuya Kuroda	INDIFFERENT	4.7412586	2014.0	Album	
WSQoZwFyOkw	The Manifesto	Talib Kweli	Lyricist Lounge Vol. 1	Various Artists	INDIFFERENT		1998.0	Album	
T_n2WcpuJBM	Girlfriend Is Better (Live)	Talking Heads	Popular Favorites 1976-1992: Sand In The Vaseline	Talking Heads	INDIFFERENT		2008.0	Album	
o-e3waxCNNs	Don't Worry About the Government (2005 Remaster)	Talking Heads	Talking Heads '77 (Deluxe Version)	Talking Heads	INDIFFERENT		1977.0	Album	
hhl8IIi3sbg	41 Mosquitoes Flying In Formation	Tame Impala	Tame Impala	Tame Impala	INDIFFERENT		2008.0	EP	
tbrzWjg23zE	Beyond The Cottage And The Lake	Tangerine Dream	Booster II	Tangerine Dream	INDIFFERENT	4.869565	2008.0	Album	
ozXdx8BJpkI	Le Parc	Tangerine Dream	Le Parc	Tangerine Dream	INDIFFERENT	4.5146441	2011.0	Album	
FGo_N71es1A	Dreaming In A Kyoto Train	Tangerine Dream	Summer In Nagasaki	Tangerine Dream	INDIFFERENT		2010.0	Album	
KK4d_NF0k2I	M.P.L.A	Tappa Zukie	From The Archives	Tappa Zukie	INDIFFERENT		2012.0	Album	
FhPLQVlUiNQ	Getaway Car	Taylor Swift	reputation	Taylor Swift	INDIFFERENT		2017.0	Album	
ygZw4CMZLDg	Blue Drag	Tcha-Badjo	Django Festival 10 (The Best of Gypsy Jazz Today)	Various Artists	INDIFFERENT		2016.0	Album	
sA0P8MibBAI	Držím ti miesto	Team	Team 3	Team	INDIFFERENT		1990.0	Album	243.0
QCocz5p4kvk	Woman In Chains (feat. Oleta Adams)	Tears For Fears	The Seeds Of Love	Tears For Fears	INDIFFERENT		1989.0	Album	
sCcwfZ2ArK4	Wang Dang Sweet Poontang (Live at Nashville Municipal Auditorium, Nashville, TN - July 1977)	Ted Nugent	Double Live Gonzo!	Ted Nugent	INDIFFERENT		1978.0	Album	
T_soZqgfYGs	"Here ""Instrumental"" (Originally Performed By Alessia Cara)"	Teddy S	Here: Tribute & Karaoke to Alessia Cara (Dance Remix 124 BPM)	Teddy S	INDIFFERENT		2016.0	Single	186.0
DH6hoUCh7_w	Leavin' Trunk (Live)	Tedeschi Trucks Band	Live From The Fox Oakland	Tedeschi Trucks Band	INDIFFERENT		2017.0	Album	
gy5-EQ7Ae_0	Midnight in Harlem	Tedeschi Trucks Band	Revelator	Tedeschi Trucks Band	INDIFFERENT		2011.0	Album	
gExuHPQZmHk	When Will I Begin	Tedeschi Trucks Band	Signs	Tedeschi Trucks Band	INDIFFERENT		2019.0	Album	
_DecRVEO_ac	Homegrown	Tek.Lun	Homegrown	Tek.Lun	INDIFFERENT		2021.0	Single	
eqtd3MzT9Jo	The Birds	Telefon Tel Aviv	Immolate Yourself	Telefon Tel Aviv	INDIFFERENT		2009.0	Album	
3WsNSp3ePDA	I Know Where Syd Barrett Lives	Television Personalities	And Don't The Kids Just Love It	Television Personalities	INDIFFERENT	4.3821139	1980.0	Album	
lo0pOgpWbtc	I Know Where Syd Barrett Lives	Television Personalities	And Don't the Kids Just Love It	Television Personalities	INDIFFERENT		1981.0	Album	152.0
c3QX1zMGT3w	Hunger Strike	Temple Of The Dog	Temple Of The Dog	Temple Of The Dog	INDIFFERENT	4.4467192	1990.0	Album	
nCculsN10U4	Shelter Song	Temples	Colours to Life / Shelter Song	Temples	INDIFFERENT		2013.0	Single	
rj3MzcexFHo	Hot Motion	Temples	Hot Motion	Temples	INDIFFERENT		2019.0	Album	
E7AXYBlmSxw	Mesmerise	Temples	Sun Structures	Temples	INDIFFERENT	4.6557121	2014.0	Album	
8e_YpAcU914	Sun Structures	Temples	Sun Structures	Temples	INDIFFERENT	4.6687632	2014.0	Album	
fUbgpuDrzxU	Sun Structures	Temples	Sun Structures (Deluxe Version)	Temples	INDIFFERENT	4.6740742	2014.0	Album	
NBYQ9ZN7wq4	Oh the Saviour	Temples	Volcano	Temples	INDIFFERENT	4.7997055	2017.0	Album	
WnhVD3cc5Mo	I've Been There Too (2004 Remaster)	Ten Years After	A Space in Time (Deluxe Version)	Ten Years After	INDIFFERENT		1971.0	Album	
HU7uK4TPTmQ	I Want To Know	Ten Years After	Ten Years After (Re-Presents)	Ten Years After	INDIFFERENT	4.0514288	2015.0	Album	
BSvORvIjZiU	Sixteen Tons	Tennessee Ernie Ford	Sixteen Tons	Tennessee Ernie Ford	INDIFFERENT		1955.0	Album	
GhIT8sUAAZE	Marathon	Tennis	Cape Dory	Tennis	INDIFFERENT		2011.0	Album	
9PGH9Ofs-xs	No Exit	Tennis	No Exit	Tennis	INDIFFERENT		2017.0	Single	
BuDNWC_Oo9Y	Till I Waltz Again With You	Teresa Brewer	My Golden Favourites	Teresa Brewer	INDIFFERENT		1995.0	Album	
-AJCtBWY7Ck	Till I Waltz Again with You	Teresa Brewer	Presenting Teresa Brewer and The Dixieland Band	Teresa Brewer	INDIFFERENT		1958.0	Album	
2Q2d6Uct93Y	Pledging My Love	Teresa Brewer	The Best Of Teresa Brewer	Teresa Brewer	INDIFFERENT		1989.0	Album	
KmTJdQJTLz0	Marianne	Terry Gilkyson and The Easy Riders	America's Greatest Hits 1957, Vol. 1	Various Artists	INDIFFERENT		2014.0	Album	
axTDzbxJZsA	Ten Little Women	Terry Noland	Old Time Rockabilly	Terry Noland	INDIFFERENT		2010.0	Album	
uPVzhqdwOWY	Suspicion	Terry Stafford	Best of Terry Stafford	Terry Stafford	INDIFFERENT		2010.0	Album	
_DrDq_2ZKQI	Suspicion	Terry Stafford	Suspicion	Terry Stafford	INDIFFERENT		1964.0	Album	
F-IGIJcUWU4	Moods	Tesk	Spotless Minds	Tesk	INDIFFERENT		2017.0	Album	
4sXEb1uQ8Ek	Roses and Revolvers	Tex Williams	Smokin' Country Swing - The Lost Tracks	Tex Williams	INDIFFERENT		2021.0	Album	
VFMwS5xEmRY	Wild Card	Tex Williams	Wild Card	Various Artist	INDIFFERENT		2021.0	Album	
9XBvFCC_2Ok	Broken Yo Yo	Texas Alexander	Texas Alexander Vol. 2 (1928-1930)	Texas Alexander	INDIFFERENT		2005.0	Album	
Q937UnCSB4k	I Luv It (feat. Kokane, Sir Dogg & Snoopy Collins)	Tha Eastsidaz	Duces 'N Trayz: The Old Fashioned Way	Tha Eastsidaz	INDIFFERENT	4.7487817	2001.0	Album	
BNp7O9KIaBg	O O O My Love	Thanksgiving	The Ghost And The Eyes with Trees In The Ground Outside The Window	Thanksgiving	INDIFFERENT	4.0769229	2005.0	EP	
pR0Q-MKeOmI	I Just Lay Down My Head	Thanya Iyer	I Just Lay Down My Head	Thanya Iyer	INDIFFERENT	3.5714285	2020.0	Single	
zTJp5oGE3h8	Monkey Hips And Rice	"The ""5"" Royales"	20 Early Original King Classics	"The ""5"" Royales"	INDIFFERENT		2019.0	Album	173.0
E7vfScNK_Yk	Think	"The ""5"" Royales"	Dedicated To You	"The ""5"" Royales"	INDIFFERENT		2009.0	Album	157.0
Y4ezx9wC8v0	She Lives (In A Time Of Her Own)	The 13th Floor Elevators	Easter Everywhere	The 13th Floor Elevators	INDIFFERENT	4.80198	2006.0	Album	
73x6TjmYPDo	She Lives (In A Time Of Her Own)	The 13th Floor Elevators	The Psychedelic World Of The 13th Floor Elevators CD2	The 13th Floor Elevators	INDIFFERENT	4.1111112	2006.0	Album	
zE8F32I6tfs	The Birds & the Bees	The 2 Bears	Be Strong	The 2 Bears	INDIFFERENT	4.408	2012.0	Album	
7q21Bky7r2A	Wedding Bell Blues (Remastered 2000)	The 5th Dimension	The Age Of Aquarius	The 5th Dimension	INDIFFERENT		1969.0	Album	
N2ltxx4iC9k	Up, Up and Away	The 5th Dimension	Up, Up And Away	The 5th Dimension	INDIFFERENT	4.5575223	1997.0	Album	
2qdCuzjAGmA	Up, Up and Away	The 5th Dimension	Up, Up And Away	The 5th Dimension	INDIFFERENT		1967.0	Album	164.0
nCKxa5Jt6qs	Black No. 1 (Little Miss Scare-All)	The 69 Cats	Bad Things	The 69 Cats	INDIFFERENT		2013.0	Single	249.0
5e_f7cAAdN8	Girls on Film	The 69 Cats	Transylvanian Tapes	The 69 Cats	INDIFFERENT		2014.0	Album	239.0
O8XKuVGUPrw	Meditation (Remastered 2002)	The Abyssinians	Arise	The Abyssinians	INDIFFERENT		1978.0	Album	
SHOXDgnRHq8	Meditation (Remastered 2002)	The Abyssinians	Best of Reggae	Various Artists	INDIFFERENT		2021.0	Album	176.0
7B1hBJfI5vM	Meditation (Remastered 2002)	The Abyssinians	Best of Reggae	Various Artists	INDIFFERENT		2023.0	Album	176.0
7QMciEBbba0	Meditation (Remastered 2002)	The Abyssinians	Black History: The Roots of Reggae	Various Artists	INDIFFERENT		2021.0	Album	176.0
UfCu8uJsRxQ	Meditation (Remastered 2002)	The Abyssinians	Classic Reggae	Various Artists	INDIFFERENT		2019.0	Album	
iHpZgRAfPHM	Ra	The Acid	Liminal	The Acid	INDIFFERENT	4.2183099	2014.0	Album	
SWBy-nRwooU	Reggae Hit L.A.	The Aggrolites	Reggae Hit L.A.	The Aggrolites	INDIFFERENT		2007.0	Album	
hz1I_ReBTFE	Funky Fire	The Aggrolites	The Aggrolites	The Aggrolites	INDIFFERENT		2006.0	Album	
VVEfkrM1mVQ	Someday	The Aggrolites	The Aggrolites	The Aggrolites	INDIFFERENT		2006.0	Album	
to8Fjz2VucY	Mr. Misery [Live]	The Aggrolites	Unleashed Live Vol.1	The Aggrolites	INDIFFERENT		2011.0	Album	
6h1LmGz_AvY	Damned If I Do	The Alan Parsons Project	Eve	The Alan Parsons Project	INDIFFERENT		1979.0	Album	
652OxWGfw58	Brennivin	The Album Leaf	Better Looking Records: Sampler	Various Artists	INDIFFERENT		2011.0	Album	
nR4dU7CsKiI	Brennivin	The Album Leaf	Seal Beach	The Album Leaf	INDIFFERENT		2003.0	Album	297.0
d0tfGQriHtU	Missionary Mary	The Amboy Dukes	Journey To The Center Of The Mind	The Amboy Dukes	INDIFFERENT		1968.0	Album	
a_J-sNBnaaY	Journey To The Center of the Mind	The Amboy Dukes	Journey To The Center Of The Mind	The Amboy Dukes	INDIFFERENT		1968.0	Album	
ohcLfN10D0M	The Naughty Lady of Shady Lane	The Ames Brothers	Nippers 50's-Vol.2	Various Artists	INDIFFERENT		1988.0	Album	
yjURqFb9CwQ	You You You	The Ames Brothers	Radio Hits Of the '50s	Various Artists	INDIFFERENT		2006.0	Album	
ugxfRv1aUO0	My Bonnie Lassie	The Ames Brothers	The Amazing Ames Brothers	The Ames Brothers	INDIFFERENT		1950.0	Album	
5yuWCfOSi4c	Sing A Tropical Song	The Andrews Sisters	Canciones Con Historia: The Andrews Sisters	The Andrews Sisters	INDIFFERENT		2011.0	Album	
mI4Ld-gZS1w	Rum And Coca Cola	The Andrews Sisters	The Ultimate Andrews Sisters	The Andrews Sisters	INDIFFERENT		2003.0	Album	
i1BQJ-ELucA	Auckland Tonight	The Androids	It's Bigger Than Both of Us (NZ Singles: 1979-82)	Various Artists	INDIFFERENT		2003.0	Album	
a9dt4r4cnj0	My Boyfriend's Back (Single Version)	The Angels	60's Gold	Various Artists	INDIFFERENT		2006.0	Album	
0hTB9znh8z8	My Boyfriend's Back	The Angels	All Your Jukebox Favourites	Various Artists	INDIFFERENT		2002.0	Album	
-QSLh6eZhFc	My Boyfriend's Back	The Angels	Great Jukebox & Doo Wop Hits, Vol. 1	Various Artists	INDIFFERENT		2017.0	Album	
fEfLMod-Wqk	My Boyfriend's Back	The Angels	My Boyfriend's Back	The Angels	INDIFFERENT		1963.0	Album	
ILZndyhHWQ4	It's My Life	The Animals	Animal Tracks	The Animals	INDIFFERENT		1965.0	Album	187.0
fx_ccpYv6Bc	It's My Life	The Animals	Retrospective	The Animals	INDIFFERENT		1965.0	Album	
fTt9UPGynk4	Bring It On Home To Me	The Animals	The Best Of The Animals	The Animals	INDIFFERENT	4.213768	1966.0	Album	
jxOf2gjxF60	It's My Life	The Animals	The Best Of The Animals	The Animals	INDIFFERENT	4.4590163	1966.0	Album	
kst5L9CDyd4	I'm Gonna Miss You	The Artistics	Ourtown Oldies Classics Volume 2	Various Artists	INDIFFERENT		2012.0	Album	
ockGFrrHL7A	Cherish	The Association	And Then...Along Comes	The Association	INDIFFERENT	4.202426	1966.0	Album	
wdyP_vAgC0c	Windy	The Association	Greatest Hits	The Association	INDIFFERENT		1968.0	Album	
VUv9OK4KUv8	Windy (Remastered Version)	The Association	Insight Out	The Association	INDIFFERENT	4.4612741	1967.0	Album	
1WRw7E2obqQ	Pandora's Golden Heebie Jeebies (Remastered Version)	The Association	Renaissance	The Association	INDIFFERENT	3.1538463	1966.0	Album	
Qa9mGMdwv0g	Windy (Remastered Version)	The Association	The Assocation: The Essentials	The Association	INDIFFERENT		2002.0	Album	
b9tAdPN3FZ4	Cherish (Remastered Version)	The Association	The Assocation: The Essentials	The Association	INDIFFERENT		2002.0	Album	
u-eWrwafsuQ	Candy	The Astors	Stax-Volt: The Complete Singles 1959-1968	Various Artists	INDIFFERENT		2007.0	Album	
6tpUAq8Tqys	Candy	The Astors	Stax-Volt: The Complete Singles 1959-1968	Various Artists	INDIFFERENT		2007.0	Album	
WiC8dPc4wgU	Little Journey	The Avalanches	Since I Left You (20th Anniversary Deluxe Edition)	The Avalanches	INDIFFERENT		2000.0	Album	97.0
twD_3iQ-ypQ	Summer Crane	The Avalanches	Since I Left You (20th Anniversary Deluxe Edition)	The Avalanches	INDIFFERENT		2000.0	Album	280.0
JSiwmjH_p8E	Extra Kings	The Avalanches	Since I Left You (20th Anniversary Deluxe Edition)	The Avalanches	INDIFFERENT		2000.0	Album	223.0
mKrweHKWI3s	Supermoon	The Babe Rainbow (aus)	Supermoon	The Babe Rainbow (aus)	INDIFFERENT		2018.0	Single	
K52eWjgIBm0	Isn't It Time (2000 Remaster)	The Babys	Anthology (Deluxe Version)	The Babys	INDIFFERENT		1981.0	Album	245.0
X3gP0E_wr4Y	Caledonia Mission	The Band	Music From Big Pink	The Band	INDIFFERENT	4.197279	1968.0	Album	
ewowpT9JfcQ	Holy Ghost	The Bar-Kays	The Best Of The Bar-Kays	The Bar-Kays	INDIFFERENT		1992.0	Album	
yOjyS0WLyyc	She Talks To Me With Her Body	The Bar-Kays	The Best Of The Bar-Kays (Vol. 2)	The Bar-Kays	INDIFFERENT		1996.0	Album	
ta1vaNczQbg	Help Me, Rhonda (Single Version/Remastered 2001)	The Beach Boys	Summer Days (And Summer Nights)	The Beach Boys	INDIFFERENT		1965.0	Album	
5OShigpD2ss	Vega-Tables	The Beach Boys	The Smile Sessions	The Beach Boys	INDIFFERENT	4.7078085	2011.0	Album	
E4Gr5lIdykE	Little Honda (1990 Digital Remaster) (Stereo)	The Beach Boys	U.S. Singles Collection: The Capitol Years 1962-1965	The Beach Boys	INDIFFERENT		2008.0	Album	
pv6ZkAwy3DY	Here Comes The Night (Remastered 2001)	The Beach Boys	Wild Honey	The Beach Boys	INDIFFERENT		1967.0	Album	
t8UeWjynWvE	One After 909 (Remastered 2009)	The Beatles	Let It Be	The Beatles	INDIFFERENT	4.8054981	1970.0	Album	
mk7wVFQg2CA	Turn Around	The Beau Brummels	Bradley's Barn	The Beau Brummels	INDIFFERENT		1968.0	Album	
jawF4OEwL-s	Laugh Laugh	The Beau Brummels	Laugh Laugh & Other Favorites (Digitally Remastered)	The Beau Brummels	INDIFFERENT	4.7959185	2010.0	Album	
PGGprHqqMqk	Funky Nassau, Pt. 1	The Beginning Of The End	Funky Nassau	The Beginning Of The End	INDIFFERENT	4.6286221	1971.0	Album	
bapQlv97xWg	Bermuda (Original Demo)	The Bell Sisters	Bermuda (Original Demo)	The Bell Sisters	INDIFFERENT		2021.0	Single	
TOynFZoXxMQ	Laura Lee	The Besnard Lakes	The Besnard Lakes Are The Divine Wind	The Besnard Lakes	INDIFFERENT		2017.0	Single	
8t1pwBnAYz0	Purple People Eater Meets The Witch Doctor	The Big Bopper	The Best Of Big Bopper	The Big Bopper	INDIFFERENT		1999.0	Album	
BzMoJy5A5Qg	An Occurrence at 4507 South Third Street	The Black Angels	Clear Lake Forest	The Black Angels	INDIFFERENT	4.5310345	2014.0	Album	
Gx4qgy8MOe4	Doves	The Black Angels	Directions To See A Ghost	The Black Angels	INDIFFERENT		2004.0	Album	
EdpMPLK0K-0	Snake In The Grass	The Black Angels	Directions To See A Ghost	The Black Angels	INDIFFERENT		2004.0	Album	
FiBSFJU282s	Manipulation (Live)	The Black Angels	Live at Levitation	The Black Angels	INDIFFERENT		2021.0	Album	
1q9ifD3IJdM	Good Morning	The Black Market Trust	The Black Market Trust	The Black Market Trust	INDIFFERENT		2012.0	Album	
35xAkQoNx1U	Walking In Rhythm	The Blackbyrds	Flying Start	The Blackbyrds	INDIFFERENT		1974.0	Album	255.0
Ke2kfQ7Bw40	Darkest of Dark	The Blackwater Fever	Delusions	The Blackwater Fever	INDIFFERENT		2018.0	Album	
UD2KFpGzAq0	Do the Blop (Instrumental)	The Blackwater Fever	Delusions B-Sides	The Blackwater Fever	INDIFFERENT		2018.0	Single	
_3o7aQtM2c0	Don't Play Around With Love	The Blenders	Doo Wop Classics	The Blenders	INDIFFERENT		2009.0	Album	
p-WQwdGVvqQ	By the Time I Get to Phoenix	The Bloom Green Group alias Salt och Peppar	Discoteque	The Bloom Green Group alias Salt och Peppar	INDIFFERENT		1970.0	Album	
hWTLOvWHkic	Ramblin' Gamblin' Man	The Bob Seger System	Ramblin' Gamblin' Man	The Bob Seger System	INDIFFERENT		1969.0	Album	
mLYEE2Ww0hU	Ramblin' Gamblin' Man	The Bob Seger System	Ultimate Hits: Rock And Roll Never Forgets	Bob Seger & The Silver Bullet Band	INDIFFERENT		2011.0	Album	
Z3kwf1O6tcY	Mr. Lee	The Bobbettes	Deep in Doo Wop, Vol. 3	Various Artists	INDIFFERENT		2015.0	Album	
CkByHLySs5c	Mr. Lee	The Bobbettes	Doo Wop Classics Vol. 2	Various Artists	INDIFFERENT		2003.0	Album	136.0
dHF_tEAQP0o	Mr. Lee	The Bobbettes	Mr. Lee: The Best of the Bobbettes	The Bobbettes	INDIFFERENT		2020.0	Album	
Y9-iomXVZZQ	Mr. Lee	The Bobbettes	Stand By Me [Original Motion Picture Soundtrack]	Various Artists	INDIFFERENT		1986.0	Album	
beRe_HUYzmg	Beautiful Zelda (2007 Remaster)	The Bonzo Dog Band	The Doughnut In Granny's Greenhouse	The Bonzo Dog Band	INDIFFERENT		1968.0	Album	
_cVFmpbcKIY	Tokyo	The Books	The Lemon of Pink	The Books	INDIFFERENT		2003.0	Album	223.0
uVNl9ZOtEj0	Castle in the Sky	The Bop Chords	Harlem Holiday Vol. 1 - New York Rhythm & Blues	Various Artists	INDIFFERENT		1993.0	Album	
1o5Hn5mJgcs	Time To Change	The Brady Bunch	It's A Sunshine Day : The Best Of The Brady Bunch	The Brady Bunch	INDIFFERENT		1993.0	Album	129.0
c8KcPE0sq4g	Ain't That News	The Broadside Singers	Broadside Ballads, Vol. 3: The Broadside Singers	The Broadside Singers	INDIFFERENT	3.2222223	1964.0	Album	
YbeUM2BqjY0	Thunder Thumbs And Lightnin' Licks	The Brothers Johnson	Look Out For #1	The Brothers Johnson	INDIFFERENT		1976.0	Album	
EQ6FfgGuLX4	Light Up The Night	The Brothers Johnson	Strawberry Letter 23: The Very Best Of The Brothers Johnson	The Brothers Johnson	INDIFFERENT		2003.0	Album	
QSqg1NqBKGE	Kind of a Drag	The Buckinghams	Kind of a Drag	The Buckinghams	INDIFFERENT	4.6371808	1967.0	Album	
-nH0UNlfPRE	Don't You Care	The Buckinghams	Pop Music: The Golden Era 1951-1975	Various Artists	INDIFFERENT		1999.0	Album	
b9pTfIMEz4M	Clean, Clean	The Buggles	The Age Of Plastic	The Buggles	INDIFFERENT	4.4795008	1980.0	Album	
ukGXwLlUCo0	So You Want to Be a Rock 'N' Roll Star	The Byrds	Greatest Hits	The Byrds	INDIFFERENT	4.0643563	1967.0	Album	
BaFDJi0A08I	The Bells of Rhymney	The Byrds	Mr. Tambourine Man	The Byrds	INDIFFERENT		1992.0	Album	
sJbZB78srns	I'll Feel a Whole Lot Better	The Byrds	Mr. Tambourine Man	The Byrds	INDIFFERENT	4.0756063	2016.0	Album	
e53RogF5uow	I Knew I'd Want You	The Byrds	Preflyte	The Byrds	INDIFFERENT	3.2328358	1969.0	Album	
NCSJsZJnVkA	Barrio Bueno	The Cabildos	Natural Wave		INDIFFERENT				
KbnhcdJMqMA	Pepper Snake	The Cactus Channel	Pepper Snake / The Dap	The Cactus Channel	INDIFFERENT		2011.0	Single	
WijHpdrAs4Q	Jorge Buccio	The Cactus Channel	Wooden Boy	The Cactus Channel	INDIFFERENT	4.7560978	2013.0	Album	
z2Wem41KA_w	Speedoo	The Cadillacs	Doo Wop	Various Artists	INDIFFERENT		2008.0	Album	
8C_dcYDL-5k	Speedo	The Cadillacs	Doo Wop Classics Vol. 1	Various Artists	INDIFFERENT		2003.0	Album	
-_ypj4yalmI	Speedoo	The Cadillacs	Free As The Wind	Various Artist	INDIFFERENT		2021.0	Album	142.0
BjMO3ZeBVBs	Speedo	The Cadillacs	The Cadillacs Meet The Orioles	The Cadillacs/The Orioles	INDIFFERENT		2006.0	Album	
Ia2rr6st4Ic	Speedo	The Cadillacs	The Fabulous Cadillacs	The Cadillacs	INDIFFERENT		1957.0	Album	
R73iEOvkr10	Cool Jerk	The Capitols	Dance The Cool Jerk	The Capitols	INDIFFERENT		1966.0	Album	
NndUZ-PLF2k	There's a Moon out Tonight	The Capris	Doo Wop 50's - 60's	Various Artists	INDIFFERENT		2015.0	Album	
FsLTuz_ln_M	There's a Moon out Tonight	The Capris	Doo Wop, Vol. 3	Various Artists	INDIFFERENT		1982.0	Album	
tNpzhjS9yVQ	Morse Code of Love	The Capris	Doo-Wop Hits from the Rmg Vaults Volume 2	Various Artists	INDIFFERENT		2013.0	Album	
0JeZ6x_H9RA	There's A Moon Out Tonight	The Capris	The World of Rock & Roll, Vol. 1	Various Artists	INDIFFERENT		2016.0	Album	
BiRfhdWn6jg	Come Back, My Love	The Cardinals	Doo Wop Classics of the 50's	The Cardinals	INDIFFERENT		2013.0	Album	
4ghKhEg8VX8	Bye Bye Love	The Cars	The Cars	The Cars	INDIFFERENT	4.6731896	1978.0	Album	
MNlRUuYy9RE	Good Times Roll (Live, 1978)	The Cars	The Cars (Deluxe Edition)	The Cars	INDIFFERENT		1978.0	Album	
M6ysnuKh8vw	It's All I Can Do	The Cars	The Elektra Years 1978 - 1987	The Cars	INDIFFERENT		2016.0	Album	
Z7D8dUMagjo	peach noise	The Celestials	Peach Noise	The Celestials	INDIFFERENT		2014.0	Album	
WX8OP2fwLQE	Slow (Lindstrøm + Prins Thomas Remix)	The Chain Gang Of 1974	Slow (Lindstrøm + Prins Thomas Remix)	The Chain Gang Of 1974	INDIFFERENT	3.5720251	2016.0	Single	
tuhfkDfmIPk	Sleepwalking	The Chain Gang of 1974	Daydream Forever	The Chain Gang of 1974	INDIFFERENT		2014.0	Album	
w-UFowAAGY4	Time Has Come Today	The Chambers Brothers	The Time Has Come	The Chambers Brothers	INDIFFERENT		1967.0	Album	
Tu6Nfxnbiys	Time Has Come Today	The Chambers Brothers	Time Has Come: The Best Of The Chambers Brothers	The Chambers Brothers	INDIFFERENT	4.6565294	1996.0	Album	
PDJ8xQtuXn8	Whoever You Are	The Chantels	"""Maybe"": The Best of the Chantels"	The Chantels	INDIFFERENT		2008.0	Album	
Mh9PiIe_5po	Whoever You Are	The Chantels	We Are the Chantels	The Chantels	INDIFFERENT		1958.0	Album	
Z4kzMcVPgIs	As Long as I've Got You	The Charmels	Stax-Volt: The Complete Singles 1959-1968		INDIFFERENT				
5QEy3OMqSmw	Hearts of Stone	The Charms	America's Greatest Hits 1955 Expanded Edition, Vol. 1	Various Artists	INDIFFERENT		2015.0	Album	
5vQT0iyYJXo	I Have A Boyfriend	The Chiffons	The Best Of The Chiffons	The Chiffons	INDIFFERENT		2019.0	Album	
spBvWIe-QQY	Rubber Biscuit	The Chips	Doo Wop Classics Vol. 3	Various Artists	INDIFFERENT		2003.0	Album	
WdeX06bAAsc	Lonely Lips	The Chordettes	Mister  Sand Man	The Chordettes	INDIFFERENT		2004.0	Album	
GscD-5jFJDw	No Wheels	The Chordettes	Rock'n'Roll Delivery	Various Artists	INDIFFERENT		2013.0	Album	
DyynpzR771U	The Devil's Train	The Chuck-A-Lucks	Rock-A-Billy Choo Choo	Various Artists	INDIFFERENT		2004.0	Album	
z_ICgbOVD10	To Build A Home (feat. Patrick Watson)	The Cinematic Orchestra	Ma Fleur	The Cinematic Orchestra	INDIFFERENT		2007.0	Album	
gXKa4NgKq7Q	"Main Theme: The Call of the Faraway Hills (From ""Shane"")"	The City of Prague Philharmonic Orchestra	100 Greatest Western Themes	The City of Prague Philharmonic Orchestra	INDIFFERENT		2010.0	Album	158.0
j1NqHNjAnj8	"Main Theme: The Call Of The Faraway Hills (From ""Shane"")"	The City of Prague Philharmonic Orchestra	Way Out West	The City of Prague Philharmonic Orchestra	INDIFFERENT		2002.0	Album	
nnteP054Ej8	Overpowered by Funk	The Clash	Combat Rock	The Clash	INDIFFERENT		1982.0	Album	
g7ilK8Gr9uY	Death or Glory	The Clash	London Calling	The Clash	INDIFFERENT	4.6710224	1979.0	Album	
5roekl1F9lU	Death or Glory	The Clash	London Calling	The Clash	INDIFFERENT		1979.0	Album	
HJUTsOQenAg	Till Then	The Classics	A Doo Wop Valentine - Original Romantic Harmonies	Various Artists	INDIFFERENT		2014.0	Album	
GCfTVpp7pAk	Anything Could Happen	The Clean	Boodle Boodle Boodle	The Clean	INDIFFERENT		1981.0	EP	
HZXAtnVGmBU	Little Girl of Mine	The Cleftones	Doo Wop Classics Vol. 1	Various Artists	INDIFFERENT		2003.0	Album	
F_vlhpGZPw0	Heart and Soul	The Cleftones	Doo Wop Classics Vol. 2	Various Artists	INDIFFERENT		2003.0	Album	
5P7LZnoqvBY	Can't We Be Sweethearts	The Cleftones	Doo Wop Classics Vol. 5	Various Artists	INDIFFERENT		2003.0	Album	
Zs5lo5ST9s0	Heart and Soul	The Cleftones	Return Of The One Hit Wonders	Various Artists	INDIFFERENT		2016.0	Album	
JPRzEMKn0Io	Heart and Soul	The Cleftones	Who Do You Love: Hard To Find Hits of the '60s	Various Artists	INDIFFERENT		2017.0	Album	
J_5k7lypDOg	Hurricane	The Click	Game Related	The Click	INDIFFERENT	4.7791047	1995.0	Album	
_GMUHFFIHPw	(I Want You) More Than Ever	The Clientele	Suburban Light	The Clientele	INDIFFERENT	3.8888888	2000.0	Album	
51hCH8yUnWQ	Devil or Angel	The Clovers	Doo Wop Classics Vol. 6	Various Artists	INDIFFERENT		2003.0	Album	145.0
MkTdONPau5U	Nip Sip (2007 Remaster)	The Clovers	Down In The Alley: The Best Of The Clovers	The Clovers	INDIFFERENT		1991.0	Album	
3zzJmvvzm5g	Fool Fool Fool	The Clovers	Oldie Teen Pop, Vol. 2	Various Artists	INDIFFERENT		2016.0	Album	
foy9IIlXO8k	Devil or Angel	The Clovers	One Mint Julep	The Clovers	INDIFFERENT		2016.0	Album	
gqWxHbQ8Lv4	Down In Mexico	The Coasters	16 Greatest Hits	The Coasters	INDIFFERENT		2005.0	Album	
0HZBtK57_Iw	Charlie Brown	The Coasters	Charlie Brown	The Coasters	INDIFFERENT		1959.0	Single	151.0
6gDrJabTa6k	Charlie Brown	The Coasters	Doo Wop Explosion	Various Artists	INDIFFERENT		2018.0	Album	
0DP2GtGW3sE	Charlie Brown	The Coasters	Rock'n'Roll Party	Various Artists	INDIFFERENT		2020.0	Album	
b0Dae4ttBLo	Charlie Brown	The Coasters	The Coasters - Poison Ivy	The Coasters	INDIFFERENT		2003.0	EP	
0Hplb79naF8	Zing Went the Strings Of My Heart	The Coasters	The Golden Times of Doo Wop Mix, Vol. 1	Various Artists	INDIFFERENT		2016.0	Album	
hxYxoP7-m-Y	Charlie Brown	The Coasters	The Great Rock Revival, Vol. 1	Various Artists	INDIFFERENT		1972.0	Album	140.0
lbrtRlAtNys	Poison Ivy (2007 Remaster)	The Coasters	There's A Riot Goin' On: The Coasters On Atco	The Coasters	INDIFFERENT		2016.0	Album	
I-KpW1eBO8k	Idol with the Golden Head (2007 Remaster)	The Coasters	There's A Riot Goin' On: The Coasters On Atco	The Coasters	INDIFFERENT		2016.0	Album	
ocxoqjJGynM	Zoom Zoom Zoom	The Collegians	Zoom Zoom Zoom	The Collegians	INDIFFERENT		2012.0	Single	
mFTxmDy74LI	Fisherman	The Congos	Heart Of The Congos	The Congos	INDIFFERENT		1977.0	Album	
SKKV49J2GeY	Can't Come In	The Congos	Heart Of The Congos	The Congos	INDIFFERENT		1977.0	Album	
-z46WE78J44	Don't Blame It On I	The Congos	Heart Of The Congos (40th Anniversary Edition )	The Congos	INDIFFERENT		1977.0	Album	
h7o0dDR8Yl0	Wow Nightmare	The Cool Adorers	Space Army	The Cool Adorers	INDIFFERENT		2019.0	EP	
jb17f9wW4Wo	Galactic Supermarket, Pt. 2	The Cosmic Jokers	Galactic Supermarket	The Cosmic Jokers	INDIFFERENT	4.5	1974.0	Album	
eJMrBjjsm9E	Im Reich der Magier	The Cosmic Jokers	Sci Fi Party (Unser Flug durch die kosmische Musik)	The Cosmic Jokers	INDIFFERENT		1974.0	Album	
W1fJdAWfxao	Hair	The Cowsills	20th Century Masters: The Millennium Collection: Best Of The Cowsills	The Cowsills	INDIFFERENT	3.977401	2001.0	Album	
wtdxXsqkA80	Crazy Date	The Crazy Teens	Weird Instrumentals, Vol. 1	Various Artists	INDIFFERENT		2012.0	Album	
yMs_1ABLXkU	The Devil's Son	The Creepshow	Life After Death	The Creepshow	INDIFFERENT		2013.0	Album	169.0
UN-XuPB9Y9s	Sticks & Stones	The Creepshow	Sticks & Stones	The Creepshow	INDIFFERENT		2017.0	Single	199.0
T3jHTD_DyZc	My Juanita	The Crests	Forever Doo Wop, Vol. 1	Various Artists	INDIFFERENT		2007.0	Album	
TOtt2LzCUJo	Sixteen Candles	The Crests	Original Solid Gold Hits Volume 1	Various Artists	INDIFFERENT		2005.0	Album	
_KraG3tUM_I	My Little Girl	The Crickets	Gotta Be This Or That	Various Artists	INDIFFERENT		2020.0	Album	
0FGO0neXbWI	Gee	The Crows	Echoes Of A Rock Era	The Crows	INDIFFERENT		2005.0	Album	
tAAOPI2JS4c	He's a Rebel	The Crystals	He's A Rebel	The Crystals	INDIFFERENT		1963.0	Album	
z6va-_ZMX10	Then He Kissed Me	The Crystals	The Crystals	The Crystals	INDIFFERENT		2008.0	Album	
lE1z26Ik3Y0	Then He Kissed Me	The Crystals	The Phil Spector Collection	Various Artists	INDIFFERENT		2010.0	Album	
waxuFnnOFL4	Then He Kissed Me	The Crystals	Wall Of Sound: The Very Best of Phil Spector 1961-1966	Phil Spector	INDIFFERENT	4.6209774	2011.0	Album	
WODeMOuxbdg	Guided Missiles	The Cuff Links	Rhythm & Blues: The Best Vocal Groups	Various Artists	INDIFFERENT		2019.0	Album	
qjCkZdMV-xY	Love Removal Machine	The Cult	Electric	The Cult	INDIFFERENT		1987.0	Album	259.0
JPrWwoZ3vG4	Phoenix	The Cult	Love	The Cult	INDIFFERENT		1985.0	Album	
cQS4TzB0EvU	She Sells Sanctuary	The Cult	Love	The Cult	INDIFFERENT		1985.0	Album	253.0
PX1ftz2XmKE	Revolution (edit)	The Cult	Revolution	The Cult	INDIFFERENT		1985.0	Single	
r_H-E76QzXI	She Sells Sanctuary	The Cult	She Sells Sanctuary	The Cult	INDIFFERENT		1985.0	Album	
YlYkUMdOdXw	Fire Woman	The Cult	Sonic Temple	The Cult	INDIFFERENT		1989.0	Album	
dwXzLgkvu1U	The Walk	The Cure	Greatest Hits	The Cure	INDIFFERENT		2001.0	Album	
lifeH1avTvo	Lullaby (Live)	The Cure	Lullaby (Live)	The Cure	INDIFFERENT		1989.0	Single	
pHs9aEXGKPg	One Hundred Years (Remastered Version)	The Cure	Pornography	The Cure	INDIFFERENT	4.8382959	1982.0	Album	
A0cMu3fhw2M	One Hundred Years (Remastered Version)	The Cure	Pornography (Deluxe Edition)	The Cure	INDIFFERENT		1982.0	Album	
rxRfbJvjsN8	Red Rubber Ball	The Cyrkle	Red Rubber Ball	The Cyrkle	INDIFFERENT	4.5194154	1966.0	Album	
nZfAhsZlJdw	It's Funky Enough (Remastered Single)	The D.O.C.	No One Can Do It Better	The D.O.C.	INDIFFERENT	4.7259669	1989.0	Album	
RvyH35WKUHI	Dancing Elephants	The Daddy-O's	Teenage Hop: Rock'n'roll from the President Jukebox	Various Artists	INDIFFERENT		2015.0	Album	
ug3RfquyZl0	New Rose (2017 Remastered)	The Damned	Damned Damned Damned (2017 Remastered)	The Damned	INDIFFERENT		1977.0	Album	
V7byKQZRJwY	Godless	The Dandy Warhols	Godless	The Dandy Warhols	INDIFFERENT		2013.0	Single	
vYT2prHSmVA	Silver Tongue Devil	The Deadbillys	Blood,Roses and Angel Wings	The Deadbillys	INDIFFERENT		2004.0	Album	250.0
g5dZnZE5SG8	"Come Go With Me (from ""American Graffiti"")"	The Del Vikings	American Graffiti	Various Artists	INDIFFERENT		1973.0	Album	
_hW982tuK7g	Whispering Bells (feat. Krips Johnson)	The Del-Vikings	20th Century Masters - The Millennium Collection: The Best Of The Del-Vikings	The Del-Vikings	INDIFFERENT		2003.0	Album	
rw4UAQeFDNw	Whispering Bells (feat. Krips Johnson)	The Del-Vikings	Come Go With Me: The Best Of The Del-Vikings	The Del-Vikings	INDIFFERENT		1997.0	Album	
rEQ8O8ggqSY	Flat Tire	The Del-Vikings	The Best Of The Del Vikings	The Del-Vikings	INDIFFERENT		1996.0	Album	
apXCYmLfM00	Stay In My Corner	The Dells	Oh, What A Night! / The Great Ballads	The Dells	INDIFFERENT		1998.0	Album	
ebqo2F6fAuE	Stay In My Corner	The Dells	There Is	The Dells	INDIFFERENT		1968.0	Album	
JXKgV5LrCvg	Butterfly Kisses	The Depreciation Guild	In Her Gentle Jaws	The Depreciation Guild	INDIFFERENT		2009.0	Album	
gwXwm4cnyaY	The Stroll	The Diamonds	Classic Dance: Doo Wop Touch, Vol. 1	Various Artists	INDIFFERENT	3.6466165	2016.0	Album	
4mi2uXATgVw	Little Darlin'	The Diamonds	Highlights From The Soundtrack Of American Graffiti	Various Artists	INDIFFERENT		1973.0	Album	
56bDHmXY-J8	The Stroll	The Diamonds	Rock & Roll for Summer Days, Vol. 2	Various Artists	INDIFFERENT		2016.0	Album	
nlkCO9MxBcc	Little Darlin'	The Diamonds	The Best Of The Diamonds	The Diamonds	INDIFFERENT	4.5767636	1996.0	Album	
mGYG5yEKmaA	The Stroll	The Diamonds	The Best Of The Diamonds	The Diamonds	INDIFFERENT		1996.0	Album	
vHDvQ1UKOmg	Batman, Wolfman, Frankenstein Or Dracula	The Diamonds	The Best Of The Diamonds	The Diamonds	INDIFFERENT		1996.0	Album	
ioUmcJ1NnZY	No One To Talk My Troubles To	The Do's And The Don'ts	No One To Talk My Troubles To	The Do's And The Don'ts	INDIFFERENT		1973.0	Single	
0S401xZNhG8	Walking	The Dodos	Visiter	The Dodos	INDIFFERENT		2008.0	Album	
RCfuFLL4Gts	Jennie Lee	The Dominoes	Presenting the Dominoes	The Dominoes	INDIFFERENT		1951.0	Album	
KE9_5pi160Q	Jennie Lee	The Dominoes	The Dominoes Collection 1951-59, Vol. 2	The Dominoes	INDIFFERENT		2013.0	Album	
WwxAKJX9jdw	Real Love	The Doobie Brothers	One Step Closer	The Doobie Brothers	INDIFFERENT		1980.0	Album	
-JhkJjQwD-0	L'America	The Doors	L.A. Woman	The Doors	INDIFFERENT		1971.0	Album	
U6Rix-5RDP0	Light My Fire (Live at the Hollywood Bowl, 1968)	The Doors	Live At The Bowl '68	The Doors	INDIFFERENT		2012.0	Album	
tv4xzDV7SnI	Wintertime Love	The Doors	Waiting for the Sun (50th Anniversary Deluxe Edition)	The Doors	INDIFFERENT		1968.0	Album	
ukjtBC8rJYU	Save The Last Dance For Me	The Drifters	1960s Happy Days	Various Artists	INDIFFERENT		2004.0	Album	
De-mqijWF9Q	Save the Last Dance for Me	The Drifters	Ben E. King Anthology	Ben E. King	INDIFFERENT		1993.0	Album	
8bdX6uD3HkA	Money Honey (with Clyde McPhatter) (feat. Clyde McPhatter)	The Drifters	Clyde McPhatter & The Drifters	The Drifters	INDIFFERENT		2005.0	Album	
PWVAmxhdd4Y	Money Honey (with Clyde McPhatter) (feat. Clyde McPhatter)	The Drifters	Doo Wop Classics Vol. 2	Various Artists	INDIFFERENT		2003.0	Album	
FATORXEVRH8	Ruby Baby	The Drifters	Doo Wop Classics Vol. 4	Various Artists	INDIFFERENT		2003.0	Album	146.0
xbwm709xnzM	Ruby Baby	The Drifters	Money Honey	The Drifters	INDIFFERENT		1953.0	Album	
y-1IGphnlrw	Ruby Baby	The Drifters	Rockin' & Driftin'	The Drifters	INDIFFERENT		2005.0	Album	
vYgxbYlhUnw	Save the Last Dance for Me	The Drifters	Save the Last Dance for Me	The Drifters	INDIFFERENT		2013.0	Album	
BmTmF6neTTg	Save the Last Dance for Me	The Drifters	The Very Best of Ben E. King	Ben E. King	INDIFFERENT		1998.0	Album	
CNef5LpAliw	Chapel Of Dreams	The Dubs	Doo-Wop Hits From The RMG Vaults	Various Artists	INDIFFERENT		2013.0	Album	
hifEs77qSmw	Don't Ask Me (To Be Lonely)	The Dubs	Long Gone - Oldies, But Goodies	Various Artists	INDIFFERENT		2010.0	Album	
G0--5AkLGWg	Could This Be Magic?	The Dubs	Long Gone - Oldies, But Goodies	Various Artists	INDIFFERENT		2010.0	Album	
b9BRKE_XwDY	Lost Love	The Earls	Bobby Socks to Doo Wops, Vol. 3		INDIFFERENT				
zmZBJy1ljng	Lost Love	The Earls	Doo Wop Yes	Various Artists	INDIFFERENT		2015.0	Album	
5XvohDkc-s8	Rama Lama Ding Dong	The Edsels	Doo Wop Greats from the Past, Vol. 3	Various Artists	INDIFFERENT		2016.0	Album	
FSliAkQg68Y	Rama Lama Ding Dong (Original version 1958)	The Edsels	The Rama Lama Ding Dong EP	The Edsels	INDIFFERENT		2005.0	EP	
DtfhdhwCoEU	Get Me to the World on Time	The Electric Prunes	I Had Too Much To Dream (Last Night)	The Electric Prunes	INDIFFERENT		1967.0	Album	153.0
Jjx7iQzME7Y	Get Me to the World on Time	The Electric Prunes	The Electric Prunes	The Electric Prunes	INDIFFERENT	3.9559321	1967.0	Album	
F0SH9XwyaVI	Happiness	The Elegants	Yes We Doo Wop, Vol. 3	The Turbans	INDIFFERENT		2014.0	Album	
PiExlzTsPrU	Can't Get Used To Losing You	The English Beat	I Just Can't Stop It	The English Beat	INDIFFERENT	4.3219814	1980.0	Album	
z3cc68K52bg	Save It For Later	The English Beat	Special Beat Service	The English Beat	INDIFFERENT	4.2125015	1982.0	Album	
2KB_XiDUXjQ	Get On Up	The Esquires	Get On Up	The Esquires	INDIFFERENT		1995.0	Album	
OdI0_lPdtaw	Standing in the Darkness	The Ethics	Northern Soul Philly Edition	Various Artists	INDIFFERENT		2019.0	Album	
c671voSgl1E	Train To Skaville	The Ethiopians	Freedom Train	The Ethiopians	INDIFFERENT		2013.0	Album	
6BgEHtHMR64	Train to Skaville	The Ethiopians	Freedom Train	The Ethiopians	INDIFFERENT		2016.0	Album	176.0
X59Oqt7Vi6k	What a Fire	The Ethiopians	Reggae Power	The Ethiopians	INDIFFERENT		2018.0	Album	
_D125g24drg	Train to Skaville	The Ethiopians	The Trojan UK Hits Collection	Various Artists	INDIFFERENT		2009.0	Album	
1MZ3af776rw	Come On Now	The Ethiopians	The Trojan: Rocksteady Collection	Various Artists	INDIFFERENT		2009.0	Album	
4ju9ZCCo45Q	Wake Up Little Susie	The Everley Brothers	World in Harmony: Great Harmony Groups & Their Friends	Various Artists	INDIFFERENT		2015.0	Album	
ESSlYHp8wPA	Bird Dog	The Everly Brothers	DELUXE - The Greatest Hits	The Everly Brothers	INDIFFERENT		2012.0	Album	
BzlRydBOC-4	Wake Up Little Susie	The Everly Brothers	Essential 10	The Everly Brothers	INDIFFERENT		2012.0	Album	
_UsF9uJDTBs	The Ferris Wheel	The Everly Brothers	Gone Gone Gone	The Everly Brothers	INDIFFERENT		1964.0	Album	
05XmWGWb7AI	Cathy's Clown (Live)	The Everly Brothers	One Night at the Royal Albert Hall (Live)	The Everly Brothers	INDIFFERENT		2021.0	Album	
Npp8Q-wfrww	I'm Here To Get My Baby Out Of Jail	The Everly Brothers	Songs Our Daddy Taught Us	The Everly Brothers	INDIFFERENT		1958.0	Album	
6x1obqqXtvc	Let It Be Me	The Everly Brothers	The Best Of The Best	The Everly Brothers	INDIFFERENT		2012.0	Album	
8pt8j9sLN3Y	I Wonder If I Care As Much	The Everly Brothers	The Everly Brothers	The Everly Brothers	INDIFFERENT		1958.0	EP	
GDMWu5Te4xk	Cathy's Clown	The Everly Brothers	The Everly Brothers	The Everly Brothers	INDIFFERENT		2018.0	Album	
hOb_0glD2cM	Wake up Little Susie	The Everly Brothers	The Very Best of The Everly Brothers	The Everly Brothers	INDIFFERENT	4.5775862	2016.0	Album	
yyeryRobP2g	Cathy's Clown	The Everly Brothers	Wake Up Little Susie	The Everly Brothers	INDIFFERENT		2018.0	Album	
npu6poq7CSc	Wake up Little Susie	The Everly Brothers	Wake up Little Susie / Maybe Tomorrow	The Everly Brothers	INDIFFERENT		1957.0	Single	
pnl-vu1qy_Y	Temptation	The Everly Brothers	Walk Right Back (The Everly Brothers On Warner Bros. 1960-1969)	The Everly Brothers	INDIFFERENT		1993.0	Album	
2Cd0Nh7GNwc	Psycho Mafia	The Fall	Live at the Witch Trials	The Fall	INDIFFERENT		1979.0	Album	135.0
q71OgVrEkic	Hit the North Part 1	The Fall	The Frenz Experiment	The Fall	INDIFFERENT		1988.0	Album	
LKxaorH9wxg	Teach Me Sweetheart	The Fiery Furnaces	Bitter Tea	The Fiery Furnaces	INDIFFERENT	4.3253012	2006.0	Album	
RfYzPJXvB08	Sing For Me	The Fiery Furnaces	EP	The Fiery Furnaces	INDIFFERENT		2005.0	EP	
2h5hs4D_E-g	Inca Rag/Name Game	The Fiery Furnaces	Gallowsbird's Bark	The Fiery Furnaces	INDIFFERENT		2003.0	Album	
hBaeOio9zR0	Leaky Tunnel	The Fiery Furnaces	Gallowsbird's Bark	The Fiery Furnaces	INDIFFERENT		2003.0	Album	
fn_Iw4CrUl4	You Were Mine	The Fireflies	Forever Doo Wop, Vol. 1	Various Artists	INDIFFERENT		2007.0	Album	
gPcWS3MdmoI	The Blob	The Five Blobs	Halloween Classics: The Evil, The Demented, And The Just Plain Weird	Various Artists	INDIFFERENT		2007.0	Album	
AoYSpCsxk2M	The Glory of Love	The Five Keys	Doo Wop Days, Vol. 4	Various Artists	INDIFFERENT		2016.0	Album	
O4Wwc2F6vVA	The Glory of Love	The Five Keys	Doo Wop Serenade	Various Artists	INDIFFERENT		2009.0	Album	
MELznWDbtkQ	I Only Have Eyes for You	The Flamingos	Doo Wop Classics Vol. 1	Various Artists	INDIFFERENT		2003.0	Album	202.0
PBrNklk1aUI	Nothing But A Heartache	The Flirtations	Sounds Like The Flirtations	The Flirtations	INDIFFERENT		1969.0	Album	
6ioWOFz9XAM	Got You (Where I Want You)	The Flys	Holiday Man	The Flys	INDIFFERENT		1998.0	Album	
i1b52SiD5FY	Here Comes That Rainy Day Feeling Again	The Fortunes	The Very Best	The Fortunes	INDIFFERENT		2015.0	Album	167.0
OgrNknKm3d4	Here Comes That Rainy Day Feeling Again	The Fortunes	The Very Best Of The Fortunes (1967-1972)	The Fortunes	INDIFFERENT		1995.0	Album	
nVuzZh0JRTI	Oh Baby Mine (I Get So Lonely)	The Four Knights	Lost Hits Of The 50's	Various Artists	INDIFFERENT		2012.0	Album	
EZuZZYN58Y0	Such A Night	The Four Lovers	Night Train	The Four Lovers	INDIFFERENT		2015.0	Album	
FZnJnIzvYMI	Down By the Station	The Four Preps	Down By the Station	The Four Preps	INDIFFERENT		2001.0	Album	
xmF0dSVmqtY	Big Man	The Four Preps	The Best of the Four Preps	The Four Preps	INDIFFERENT		2008.0	Album	
4s4zSF9Apwg	Put a Little Away	The Four Seasons	Helicon	The Four Seasons	INDIFFERENT		1977.0	Album	
dDe-ICKWhyw	Silence Is Golden	The Four Seasons	The Classic Albums Box	Frankie Valli & The Four Seasons	INDIFFERENT	4.3411765	2014.0	Album	
w7pST24dAvo	Going In Circles	The Friends Of Distinction	Grazin'	The Friends Of Distinction	INDIFFERENT	4.7432771	1969.0	Album	
tKQ47h6S6p4	Grazing In the Grass	The Friends Of Distinction	Grazin'	The Friends Of Distinction	INDIFFERENT		1969.0	Album	
v2kwzUgLwxg	Going In Circles	The Friends Of Distinction	The Best Of Friends Of Distinction	The Friends Of Distinction	INDIFFERENT		1996.0	Album	
rCOgRAdWH7I	Cuddle Up The Devil	The Fumes	Sundancer	The Fumes	INDIFFERENT		2009.0	Album	
Cu0yM4nPXFQ	Zambezi (Pts. I & II)	The Fun Company	Quantic Presents Worlds Rarest Funk 45s 2		INDIFFERENT				
wbqP9O6NBAI	It's Okay (One Blood) (feat. Junior Reid)	The Game	Doctor's Advocate	The Game	INDIFFERENT	4.5128427	2006.0	Album	
fItAzSNBMRw	Roped Off (feat. Boogie & Problem)	The Game	Roped Off (feat. Boogie)	The Game	INDIFFERENT	4.5588765	2016.0	Single	
O2pUjhlIOJA	Party Train	The Gap Band	Gap Band V - Jammin' (Expanded Edition)	The Gap Band	INDIFFERENT		1983.0	Album	
EXXq_n9JtX8	"Outstanding (Original 12"" Mix)"	The Gap Band	The Best Of The Gap Band	The Gap Band	INDIFFERENT		1994.0	Album	
Mcbd_KX_7DY	Son of a Preacher Man	The Gaylettes	Reggae Anthology: The Definitive Collection of Federal Records (1964-1982)	Various Artists	INDIFFERENT	3.7278912	2010.0	Album	
BxcxGiyf4bk	Love I You	The Gaylords	The Best Of The Gaylords	The Gaylords	INDIFFERENT		1996.0	Album	
u9TjfYJIDgo	Who's That Knocking (feat. Roy Hammond)	The Genies	The Best of the Genies	The Genies	INDIFFERENT		1965.0	Album	
SHSLdf3SSqQ	Another Shot Of Whiskey	The Gits	Frenching The Bully	The Gits	INDIFFERENT	4.6368961	1992.0	Album	
Rxf84TfMESc	Rainy Day Bells	The Globetrotters	The Globetrotters (Digitally Remastered)	The Globetrotters	INDIFFERENT		1970.0	Album	
rpRbXM7uHxY	Our Lips Are Sealed (Single Version)	The Go-Go's	Beauty and the Beat	The Go-Go's	INDIFFERENT		1981.0	Album	
_Wvue2OT-FA	We Got the Beat	The Go-Go's	Beauty and the Beat	The Go-Go's	INDIFFERENT	4.5393348	1981.0	Album	
pvw3hVNM_aE	Nightmare #2	The Gonzalo Bergara Quartet	Walking Home	The Gonzalo Bergara Quartet	INDIFFERENT		2012.0	Album	
obQyyEoHyIk	Invierno: Junio	The Gonzalo Bergara Quartet	Walking Home	The Gonzalo Bergara Quartet	INDIFFERENT		2012.0	Album	
sQxszQ9BsxM	Name	The Goo Goo Dolls	A Boy Named Goo	Goo Goo Dolls	INDIFFERENT		1995.0	Album	
8BfcK-KbDdk	Broadway	The Goo Goo Dolls	Dizzy Up The Girl	Goo Goo Dolls	INDIFFERENT		1998.0	Album	
tHU9iRwxB5Q	Toys R Us (Live)	The Greyboy Allstars	Gba Live (Live)	The Greyboy Allstars	INDIFFERENT		1999.0	Album	
pZBwp4ajLRQ	Breath	The Grouch	Show You The World	The Grouch	INDIFFERENT		2008.0	Album	
JfHnkrVbzd0	I'll Be Around	The Growlers	City Club	The Growlers	INDIFFERENT	4.7364244	2016.0	Album	
PjEntKV8Ck0	Dogheart II	The Growlers	Gilded Pleasures	The Growlers	INDIFFERENT		2013.0	Album	
EL9mAARVWbk	Hiding Under Covers	The Growlers	Gilded Pleasures	The Growlers	INDIFFERENT		2013.0	Album	
JpZn0dIuMF4	Pet Shop Eyes	The Growlers	Hung at Heart	The Growlers	INDIFFERENT		2013.0	Album	
cpl9g3QeZzI	Use Me for Your Eggs	The Growlers	Hung at Heart	The Growlers	INDIFFERENT		2013.0	Album	
leD2GmdiAyE	Salt on a Slug	The Growlers	Hung at Heart	The Growlers	INDIFFERENT		2013.0	Album	
Ht11YKBUcRo	Living in a Memory	The Growlers	Hung at Heart	The Growlers	INDIFFERENT		2013.0	Album	
3CW0MnU9PDs	Try Hard Fool	The Growlers	Try Hard Fool	The Growlers	INDIFFERENT		2019.0	Single	
tySXG3mI7Vc	Clap For The Wolfman (2003 Remastered)	The Guess Who	Road Food	The Guess Who	INDIFFERENT		1974.0	Album	257.0
_VSltbCdjxQ	Traveller, Pt. 1	The Haggis Horns	Traveller	The Haggis Horns	INDIFFERENT		2006.0	Single	
Vs6F3yRs2Rk	Soul Shakin' Psychedelic Santa	The Hallmarks	Paper Sky	The Hallmarks	INDIFFERENT		2018.0	Album	
5uvxaD_5kXY	I Got Rhythm	The Happenings	Psycle	The Happenings	INDIFFERENT	4.3188119	1967.0	Album	
AjVL6JLdY5A	My Memories of You (Tip Top Records Version)	The Harptones	Collector's Gold Series	The Harptones	INDIFFERENT		2003.0	Album	
SnrXhavK-6M	The Angry River (From the Hbo® Series True Detective) (feat. Father John Misty & S. I. Istwa)	The Hat	The Angry River (From the HBO® Series True Detective)	The Hat	INDIFFERENT		2014.0	Single	175.0
-kdf375DwYo	Big River	The Head Cat	Fool's Paradise	The Head Cat	INDIFFERENT		2006.0	Album	
-3cSa3MTGWY	"A Thousand Miles Away (from ""American Graffiti"")"	The Heartbeats	American Graffiti	Various Artists	INDIFFERENT		1973.0	Album	
N0ZZ-WFc9JU	A Thousand Miles Away	The Heartbeats	Doo Wop Classics Vol. 5	Various Artists	INDIFFERENT		2003.0	Album	147.0
x7qwxiX94Bo	B-Boy Document (feat. El-P, Mike Zoot & Mos Def)	The High & Mighty	High & Mighty Present Eastern Conference All Stars	Various Artists	INDIFFERENT		1998.0	Album	
QOADFTHj8Ww	Mind, Soul & Body	The High & Mighty	High & Mighty Present Eastern Conference All Stars	Various Artists	INDIFFERENT		1998.0	Album	
RehXUJuTqTo	The Meaning	The High & Mighty	High & Mighty Present Eastern Conference All Stars	Various Artists	INDIFFERENT		1998.0	Album	
b8eOp_-NgBw	The Meaning	The High & Mighty	Home Field Advantage	The High & Mighty	INDIFFERENT		1999.0	Album	248.0
cBi_1efiPwg	Queen of Hearts (feat. Sparky)	The Hillbilly Moon Explosion	The Hillbilly Moon Explosion	The Hillbilly Moon Explosion	INDIFFERENT		2018.0	Single	198.0
mVVDgqCBgp8	Midnight Blues	The Hillbilly Moon Explosion	With Monsters and Gods	The Hillbilly Moon Explosion	INDIFFERENT		2016.0	Album	192.0
iKf51lVPFvk	I'm Alive	The Hollies	20 Golden Greats	The Hollies	INDIFFERENT		1978.0	Album	
hMm-r1N1nxo	King Midas in Reverse	The Hollies	Midas Touch - The Very Best Of The Hollies	The Hollies	INDIFFERENT		2010.0	Album	
tK4_7I1YIOc	On a Carousel	The Hollies	The Hollies' Greatest Hits	The Hollies	INDIFFERENT	4.1907692	1973.0	Album	
2m9J13gS8ss	Fannie Mae	The Holmes Brothers	Soul Street	The Holmes Brothers	INDIFFERENT		1993.0	Album	
P8Ldv0bg784	Little Honda	The Hondells	60's Super Hits	Various Artists	INDIFFERENT		2007.0	Album	
tAKu0xRk-34	Little Honda	The Hondells	Go Little Honda	The Hondells	INDIFFERENT	4.5056181	1964.0	Album	
L8Pni1jP1aY	Have I the Right	The Honeycombs	Have I The Right - The Very Best Of The Honeycombs	The Honeycombs	INDIFFERENT	4.4498858	2002.0	Album	
LAvF6tfMCq8	Have I the Right	The Honeycombs	The Best Of The Honeycombs	The Honeycombs	INDIFFERENT		2009.0	Album	178.0
aGXDN3CZuVY	And We Danced	The Hooters	Nervous Night	The Hooters	INDIFFERENT		1985.0	Album	
TnHVCh6sBKA	Who Can Say	The Horrors	Primary Colours	The Horrors	INDIFFERENT	4.2993889	2009.0	Album	
uVMq2OqPbNU	Happy Hour	The Housemartins	London 0 Hull 4	The Housemartins	INDIFFERENT		1986.0	Album	
s4F6PRhxaGQ	Nobody But Me	The Human Beinz	Lost Hits Of The 60's (All Original Artists & Versions)	Various Artists	INDIFFERENT	4.687993	2010.0	Album	
uoxOTh6zzHU	The Sound Of The Crowd (2002 Mix)	The Human League	Dare!	The Human League	INDIFFERENT	4.1891541	1981.0	Album	
Z0kDRmeJm1Q	Love Action (I Believe In Love)	The Human League	Dare!	The Human League	INDIFFERENT	4.3536248	1981.0	Album	
ULAMp94oVQQ	The Lebanon	The Human League	Hysteria	The Human League	INDIFFERENT		1984.0	Album	
mJ8xn0SDXjg	One Man in My Heart	The Human League	Octopus	The Human League	INDIFFERENT		1995.0	Album	
I4JJ_cU3Pi8	Mirror Man (Remastered 2003)	The Human League	Very Best of the Human League	The Human League	INDIFFERENT		2003.0	Album	
_HAT_X8yicQ	Pigeons	The Hundred in the Hands	The Hundred In The Hands	The Hundred in the Hands	INDIFFERENT	5.0	2010.0	Album	
bdqQ8ZAZOdg	Sorry (I Ran All The Way Home)	The Impalas	Sorry (I Ran All The Way Home) - Best Of	The Impalas	INDIFFERENT		2011.0	Album	
o4Z1HIk0sSE	Little Cloud	The Incredible String Band	The 5000 Spirits Or The Layers Of The Onion	The Incredible String Band	INDIFFERENT		1967.0	Album	
CmdmUjSmAHU	Wings (Floating Points remix)	The Invisible	LateNightTales (Unmixed Tracks)	Airhead	INDIFFERENT				
FSyJq8vPMYM	Wings (Floating Points Remix)	The Invisible	Wings	The Invisible	INDIFFERENT	4.4929576	2012.0	Single	
LDCN68X7Wy4	The Highways of My Life	The Isley Brothers	3+3	The Isley Brothers	INDIFFERENT		1973.0	Album	
QjWIw0ZaONs	Smooth Sailin' Tonight (Single Version)	The Isley Brothers	Bedroom Classics, Volume 3	The Isley Brothers	INDIFFERENT		2006.0	Album	
BQ4jWVon4iE	Voyage to Atlantis	The Isley Brothers	Go for Your Guns	The Isley Brothers	INDIFFERENT		1977.0	Album	
zicWA-u7TQ8	This Old Heart Of Mine (Is Weak For You)	The Isley Brothers	Greatest Motown Hits	The Isley Brothers	INDIFFERENT		1986.0	Album	
9Zkm1-DoIS8	Total Destruction to Your Mind	The Isley Brothers	Power Of Peace	The Isley Brothers	INDIFFERENT		2017.0	Album	
6r48NXQ4h8c	Showdown, Pts. 1 & 2	The Isley Brothers	Showdown	The Isley Brothers	INDIFFERENT		1978.0	Album	
F2Qv6AsgA9o	The Heat Is On, Pts. 1 & 2	The Isley Brothers	The Heat Is On	The Isley Brothers	INDIFFERENT		1975.0	Album	
60ZeFnaMh3s	Make Me Say It Again Girl, Pts. 1 & 2	The Isley Brothers	The Heat Is On	The Isley Brothers	INDIFFERENT		1975.0	Album	
aIHSIxFurfg	This Old Heart Of Mine (Is Weak For You)	The Isley Brothers	This Old Heart Of Mine	The Isley Brothers	INDIFFERENT	4.5407963	2017.0	Album	
5-rQIH9qu7s	Me Waan Justice	The Itals	Give Me Power	The Itals	INDIFFERENT		1983.0	Album	
gPa9g_4tlLk	Give Me Power	The Itals	Give Me Power	The Itals	INDIFFERENT		1983.0	Album	
fz0w5_8GXZQ	Sally Go Round The Roses	The Jaynetts	Sally Go 'Round The Roses - The Very Best Of The Jaynetts	The Jaynetts	INDIFFERENT		2011.0	Album	
VaSWHGRvTvs	The Highest in the Land	The Jazz Butcher	The Highest in the Land	The Jazz Butcher	INDIFFERENT		2022.0	Album	250.0
Qx6FYq2oUVU	Jailhouse Rock	The Jeff Beck Group	Beck-Ola	The Jeff Beck Group	INDIFFERENT		1969.0	Album	
G5UgVF-zfr8	4-3-1	The Jetzons	The Complete Jetzons	The Jetzons	INDIFFERENT		2008.0	Album	
npCb-8GilRE	Hearts Of Stone	The Jewels	The Best Doo Wop Collection Ever - 100 Unforgettable Tracks	Various Artists	INDIFFERENT		2013.0	Album	
n0zfdptxQvY	Troglodyte (Cave Man)	The Jimmy Castor Bunch	It's Just Begun	The Jimmy Castor Bunch	INDIFFERENT		1972.0	Album	
d03EO9dTZM0	What Time Is It?	The Jive Five	Golden Oldies	The Jive Five	INDIFFERENT		2007.0	Album	
HtADquk6Yt0	My True Story	The Jive Five	Presenting the Jive Five	The Jive Five	INDIFFERENT		1961.0	Album	
f2WgspFSpio	Nights Over Egypt	The Jones Girls	Get as Much Love as You Can	The Jones Girls	INDIFFERENT		1981.0	Album	
3CQryZNQrIA	Synthetic People	The Journey Back	A Fistful of Fuzz - The Best of 1960s US Fuzz Guitar	Various Artists	INDIFFERENT		2013.0	Album	
Zj1bLbJYwDs	Starchaser	The Kicks	The Sputnik Sessions	The Kicks	INDIFFERENT		2011.0	EP	
xeRrUKXbLm0	Simone	The Kik	Simone	The Kik	INDIFFERENT		2012.0	Single	
98x7vaOfBNg	Father Christmas	The Kinks	Come Dancing with the Kinks (The Best of the Kinks 1977-1986)	The Kinks	INDIFFERENT		1986.0	Album	
0Zz0s7yJefY	Celluloid Heroes (2022 Remaster)	The Kinks	Everybody's in Show-Biz (2022 Remaster)	The Kinks	INDIFFERENT		1972.0	Album	385.0
i-Bn0ByyOcI	Dandy (Stereo Mix)	The Kinks	Face to Face (Bonus Track Edition)	The Kinks	INDIFFERENT		1966.0	Album	
Ekz2FKICPSw	Dandy (Stereo Mix)	The Kinks	Face to Face (Deluxe Edition)	The Kinks	INDIFFERENT		1966.0	Album	
SfqJQDyVh7Q	She's Got Everything (Stereo Mix)	The Kinks	Face to Face (Deluxe Edition)	The Kinks	INDIFFERENT		1966.0	Album	
Gul9Gs6UOvk	Ev'rybody's Gonna Be Happy	The Kinks	Kinda Kinks (Deluxe Edition)	The Kinks	INDIFFERENT		1965.0	Album	
F7RMWH5lQDA	Top of the Pops	The Kinks	Lola Versus Powerman and the Moneygoround, Pt. One	The Kinks	DISLIKE	4.1520739	1970.0	Album	
afjZxJ_mFkY	Ev'rybody's Gonna Be Happy	The Kinks	Picture Book	The Kinks	INDIFFERENT		2008.0	Album	
3AsDVR2wI9w	Two Sisters (Stereo Mix)	The Kinks	Something Else (Deluxe Edition)	The Kinks	INDIFFERENT	4.4929576	1967.0	Album	
NjzSvDWuXZ8	Willesden Green (2020 - Remaster)	The Kinks	The Kink Kronikles	The Kinks	INDIFFERENT		2020.0	Album	
Q3hXXCCKAjc	She's Got Everything (Stereo Mix)	The Kinks	The Kinks Are The Village Green Preservation Society (2018 Deluxe)	The Kinks	INDIFFERENT		2018.0	Album	
3_8c4et1xgM	Vampires Curse	The Koffin Kats	Inhumane	The Koffin Kats	INDIFFERENT		2005.0	Album	233.0
u0ftREDVg2k	The Way Of The Road	The Koffin Kats	Our Way & The Highway	The Koffin Kats	INDIFFERENT		2012.0	Album	144.0
vacWu1x9hzw	Savage Lost	The Kollektion	Cult Hits: Psychedelic, Vol. 2	Various Artists	INDIFFERENT		2017.0	Album	
LGbL4rfzJAY	Here's A Day (Mono)	The Koobas	Koobas	The Koobas	INDIFFERENT		2007.0	Album	
vmqqCV6tbO0	Like a Summer Rain	The Ladybug Transistor	The Albemarle Sound	The Ladybug Transistor	INDIFFERENT	3.2335026	1999.0	Album	
jXj3tnuBwRE	Animal World	The Last Words	Animal World	The Last Words	INDIFFERENT		2021.0	Album	159.0
HQ8fu44c2p0	Walk Away Renee	The Left Banke	There's Gonna Be A Storm - The Complete Recordings 1966-1969	The Left Banke	INDIFFERENT	4.4272695	1992.0	Album	
o6IEgrQ4lrk	Green Tambourine	The Lemon Pipers	The Best of the Lemon Pipers	The Lemon Pipers	INDIFFERENT		2001.0	Album	
R3Xjf9KzGSo	Multiculture	The Liberators	The Liberators	The Liberators	INDIFFERENT		2011.0	Album	
rZEnxemPqpo	The Future	The Limousines	Get Sharp	The Limousines	INDIFFERENT		2010.0	Album	
vbVFj1uzItE	Racist, Sexist Boy (Live at LA Public Library)	The Linda Lindas	Racist, Sexist Boy (Live at LA Public Library)	The Linda Lindas	INDIFFERENT		2021.0	Single	
AhxaVdx_0h0	The Sound	The London Souls	The London Souls	The London Souls	INDIFFERENT		2011.0	Album	
Y64h5as0PJ0	Mindblower	The Lost	The Lost	The Lost	INDIFFERENT		1990.0	Album	
oxu-7VEHbhg	Red Hen Hop	The Louvin Brothers	Country Love Ballads	The Louvin Brothers	INDIFFERENT		2007.0	Album	
QT9_CJOw7E4	Summer in the City	The Lovin' Spoonful	Hums Of The Lovin' Spoonful	The Lovin' Spoonful	INDIFFERENT	4.6652699	1966.0	Album	
Z_RJF8CqoKI	Not to Be F**ked With	The Lox	Money, Power & Respect	The Lox	INDIFFERENT		1998.0	Album	
ZV3xvuFdzI0	T-Shirt Weather	The Lucksmiths	T-Shirt Weather EP	The Lucksmiths	INDIFFERENT		1999.0	EP	
mFd1UJVA9mI	Sleep On The Floor	The Lumineers	Cleopatra	The Lumineers	INDIFFERENT		2016.0	Album	
cLJfGPSYxsU	Water Baby Blues	The Maddox Brothers & Rose	Roots Of Rockabilly Volume 1 1950	Various Artists	INDIFFERENT		2005.0	Album	
7ccDdIuJpOE	Creeque Alley (Single Version)	The Mamas & The Papas	Deliver	The Mamas & The Papas	INDIFFERENT	4.6494083	1967.0	Album	
kM2ZxREb4Hw	Dancing In The Street	The Mamas & The Papas	The Mamas & The Papas	The Mamas & The Papas	INDIFFERENT		1966.0	Album	
ugiW7tvhYU4	I Saw Her Again (Single Version)	The Mamas & The Papas	The Mamas & The Papas	The Mamas & The Papas	INDIFFERENT	4.6319647	1966.0	Album	
RABR5i1iFdM	Twelve Thirty (Single Version)	The Mamas & The Papas	The Papas & The Mamas	The Mamas & The Papas	INDIFFERENT		1968.0	Album	
RJFwSXugxvA	Safe In My Garden	The Mamas & The Papas	The Papas & The Mamas	The Mamas & The Papas	INDIFFERENT		1968.0	Album	
6PZPF1NXnTU	Blue Moon	The Marcels	Blue Moon / Goodbye To Love [Digital 45]	The Marcels	INDIFFERENT		2009.0	Single	
XV9dz_ZDIp0	Blue Moon	The Marcels	Doo Wop Classics Vol. 1	Various Artists	INDIFFERENT		2003.0	Album	136.0
oVlxzG69_xg	Heartaches	The Marcels	Doo Wop Classics Vol. 2	Various Artists	INDIFFERENT		2003.0	Album	
czJCj7iKQgY	Blue Moon	The Marcels	Nothing But Number 1's of the Sixties	Various Artists	INDIFFERENT		2001.0	Album	
Q8Tpdhp8z-U	My Melancholy Baby	The Marcels	The Best Of The Marcels	The Marcels	INDIFFERENT		2009.0	Album	
7G8sgFFk9wo	Blue Moon	The Marcels	The Best Of The Marcels	The Marcels	INDIFFERENT		2009.0	Album	
eTn3LBMweds	Take the Highway	The Marshall Tucker Band	Greatest Hits	The Marshall Tucker Band	INDIFFERENT	4.3539519	2011.0	Album	
SOSLbeG-Who	Take the Highway	The Marshall Tucker Band	The Marshall Tucker Band	The Marshall Tucker Band	INDIFFERENT		1973.0	Album	
i1mzKzWTQyQ	Please Mr. Postman	The Marvelettes	Best Of Motown Classics	Various Artists	INDIFFERENT		2012.0	Album	
91n9RtjKXH4	Please Mr. Postman	The Marvelettes	Please Mr. Postman	The Marvelettes	INDIFFERENT		1991.0	Album	
nggh05tQnSg	Cariño	The Marías	Cariño	The Marías	INDIFFERENT		2018.0	Single	
DPuquXLQn_U	Just Tell Me	The Maytals	The Trojan: Rocksteady Collection	Various Artists	INDIFFERENT		2009.0	Album	
Nuw8GJbqx94	Hang On Sloopy	The McCoys	Hang On Sloopy: The Best Of The McCoys	The McCoys	INDIFFERENT		1965.0	Album	
gcNlsjvoE1g	Hang on Sloopy (Stereo Single Mix)	The McCoys	Playlist: The Very Best of Rick Derringer	Rick Derringer	INDIFFERENT		2014.0	Album	
QPNZh_95bkA	Sincerely	The McGuire Sisters	Sincerely	The McGuire Sisters	INDIFFERENT		1954.0	Single	
MBvtK49D9dM	Sign of the Judgement	The McIntosh County Shouters	Wade in the Water, Vol. 2: African-American Congregational Singing	Various Artists	INDIFFERENT		1994.0	Album	
wN3tkWhyhYU	Take It Easy	The Meditations	I Love Jah	The Meditations	INDIFFERENT		1982.0	EP	
brwiUo0UfK8	No More Friend	The Meditations	No More Friend	The Meditations	INDIFFERENT		2008.0	Album	
yCa-NFzu9Xg	Love at First Sight	The Mello Kings	Mello Out	The Mello Kings	INDIFFERENT		2008.0	Album	
lpcT1Zg0FTw	Lotus	The Men	Leave Home	The Men	INDIFFERENT	4.7037039	2011.0	Album	
dh4Y_Srg-ok	Please Don’t Go Away	The Men	Open Your Heart	The Men	INDIFFERENT	4.48	2012.0	Album	
JZLSWiEWBE8	Johnny Remember Me	The Meteors	Wreckin' Crew (Bonus Track Edition)	The Meteors	INDIFFERENT		1983.0	Album	210.0
RMGOIJQ-y9o	Fire on the Bayou	The Meters	Fire On The Bayou	The Meters	INDIFFERENT		1975.0	Album	
aj3yNN0dTFk	Groovy Lady (Single Version)	The Meters	Funkify Your Life: The Meters Anthology	The Meters	INDIFFERENT		2005.0	Album	
GVqpDD3h8ls	Soul Machine	The Meters	Gettin' Funkier All the Time: The Complete Josie, Reprise and Warner Recordings 1968-1977	The Meters	INDIFFERENT		2020.0	Album	
pFOf37l86js	Nocturnal (Nox Vahn Remix)	The Midnight	The Midnight Remixed 02	The Midnight	INDIFFERENT		2019.0	Album	
AGwTIQrzrqk	Pass The Kutchie	The Mighty Diamonds	Great Reggae Roots Classics	Various Artists	INDIFFERENT		2012.0	Album	
h07YzCtEJOU	Pass The Kutchie	The Mighty Diamonds	Reggae Anthology: Music Works Classics	Reggae Anthology: Music Works Classics	INDIFFERENT		2001.0	Album	
PZGF6pGUZfQ	Hippy Skippy Moon Strut	The Mighty Show Stoppers	Hippy Skippy Moon Strut / Night of the Wolf	The Mighty Show Stoppers & Esperanto	INDIFFERENT		2007.0	Single	
Oy7jS9vN6Kk	If I Were A Bell (Rudy Van Gelder Remaster)	The Miles Davis Quintet	Chronicles - The Complete Prestige Recordings 1951-1956	Miles Davis	INDIFFERENT	4.6019416	1992.0	Album	
vnax9Oo1z0I	If I Were A Bell (Rudy Van Gelder Remaster)	The Miles Davis Quintet	Jazz Showcase	Miles Davis	INDIFFERENT		1998.0	Album	
0CZkcXgC2Ms	Broke up the Family	The Milk	Tales from the Thames Delta	The Milk	INDIFFERENT		2012.0	Album	
LatgNiJ6Q4k	Arkansas Jane	The Millionaires	Trading Kisses	Various Artists	INDIFFERENT		2019.0	Album	
VZLIGxbQw3I	Shop Around	The Miracles	Greatest Hits: From The Beginning	The Miracles	INDIFFERENT		1965.0	Album	
LrjL7RMCHck	Mickey's Monkey	The Miracles	The 35th Anniversary Collection	Smokey Robinson & The Miracles	INDIFFERENT		1994.0	Album	
eEv8DyEFpk0	Shop Around	The Miracles	The Definitive Collection	Smokey Robinson	INDIFFERENT		1998.0	Album	
z-KcJqlGsoA	Shop Around	The Miracles	The Ultimate Collection: Smokey Robinson & The Miracles	Smokey Robinson & The Miracles	INDIFFERENT		1998.0	Album	
VsVQKrl3XmI	Last Train to Clarksville	The Monkees	1960s Pop	Various Artists	INDIFFERENT	4.4715261	2020.0	Album	
XxW8hATx3eY	For Pete's Sake (Closing Theme) [2007 Remaster]	The Monkees	Headquarters (Deluxe Edition)	The Monkees	INDIFFERENT		1967.0	Album	
VVaxTSA7-rU	You Just May Be the One (TV Version)	The Monkees	Missing Links, Vol. 2	The Monkees	INDIFFERENT		1990.0	Album	
N3DBFFTsn40	Your Auntie Grizelda (Original Stereo Version) [2006 Remaster]	The Monkees	More of The Monkees (Deluxe Edition)	The Monkees	INDIFFERENT		1967.0	Album	
36eSuc7fdEw	Mary, Mary (Original Stereo Version) [2006 Remaster]	The Monkees	More of The Monkees (Deluxe Edition)	The Monkees	INDIFFERENT		1967.0	Album	
Ldb1E_B8Sew	The Door Into Summer	The Monkees	Pisces, Aquarius, Capricorn & Jones Ltd. (Deluxe Edition)	The Monkees	INDIFFERENT	4.0666666	1967.0	Album	
lJpTaPAePVw	What Am I Doing Hangin' 'Round (Alternate Stereo Mix)	The Monkees	Pisces, Aquarius, Capricorn & Jones Ltd. (Deluxe Edition)	The Monkees	INDIFFERENT		1967.0	Album	
01_rFDMRO80	Love Is Only Sleeping (2007 Remaster)	The Monkees	Pisces, Aquarius, Capricorn & Jones Ltd. (Deluxe Edition)	The Monkees	INDIFFERENT		1967.0	Album	
1HyGSLLjNlg	Listen to the Band (Single Version)	The Monkees	The Best Of The Monkees	The Monkees	INDIFFERENT		2003.0	Album	
wKGwiH2bw9s	Valleri	The Monkees	The Best Of The Monkees	The Monkees	INDIFFERENT		2003.0	Album	
OmYAK6WHfTM	A Little Bit Me, a Little Bit You	The Monkees	The Best Of The Monkees	The Monkees	INDIFFERENT		2003.0	Album	
OA-KO04_KgM	Last Train to Clarksville	The Monkees	The Best Of The Monkees	The Monkees	INDIFFERENT		2003.0	Album	
wD9qp0bl0yQ	Valleri	The Monkees	The Birds, The Bees, & The Monkees	The Monkees	INDIFFERENT		1968.0	Album	136.0
o4FIu4Xj16I	Last Train to Clarksville (Original Stereo Version) [2006 Remaster]	The Monkees	The Monkees (Deluxe Edition)	The Monkees	INDIFFERENT	4.6488476	1966.0	Album	
ylM9WMkissk	Papa Gene's Blues (Original Stereo Version) [2006 Remaster]	The Monkees	The Monkees (Deluxe Edition)	The Monkees	INDIFFERENT	4.3907056	1966.0	Album	
K3syk2VOmRw	Daydream Believer	The Monkees	The Monkees 50	The Monkees	INDIFFERENT		2016.0	Album	
1NIvv3iu7LA	Call My Body Home	The Monkeywrench	Clean As A Broke-Dick Dog	The Monkeywrench	INDIFFERENT		1992.0	Album	
_ePNqphB9TQ	The Book of Love	The Monotones	Doo Wop Classics Vol. 1	Various Artists	INDIFFERENT		2003.0	Album	
Rg4boWpXcGs	The Book of Love	The Monotones	Who Wrote The Book Of Love? [Digital Version]	The Monotones	INDIFFERENT	4.5439062	2006.0	Album	
QqJQIguVOa8	Forever Yours (Alternate Version)	The Monotones	Who Wrote The Book Of Love? [Digital Version]	The Monotones	INDIFFERENT		2006.0	Album	
ZM8KProoCys	The Story In Your Eyes (2008 Remaster)	The Moody Blues	Every Good Boy Deserves Favour	The Moody Blues	INDIFFERENT		1971.0	Album	
8Ma1bmBv_nc	The Best Way To Travel	The Moody Blues	In Search Of The Lost Chord	The Moody Blues	INDIFFERENT		1968.0	Album	
ax6ztO4WCa0	Om	The Moody Blues	In Search Of The Lost Chord	The Moody Blues	INDIFFERENT		1968.0	Album	
5Xvr5l8s4YY	I'm Just A Singer (In a rock and roll band)	The Moody Blues	Playlist Plus	The Moody Blues	INDIFFERENT		2008.0	Album	
vPrVewlaiWA	Question	The Moody Blues	Talk about Love - Rock Selection	Various Artists	INDIFFERENT		2012.0	Album	352.0
09I0zcHQNGI	Ten Commandments Of Love	The Moonglows	20th Century Masters: The Millennium Collection: Best Of The Moonglows	The Moonglows	INDIFFERENT		2002.0	Album	
-cZsdm0f9eg	Sincerely	The Moonglows	Old Hits to Remember, Vol. 2	Various Artists	INDIFFERENT		2016.0	Album	
6ho28v_-54Y	Ten Commandments Of Love	The Moonglows	The Best Of Bobby Lester And The Moonglows	The Moonglows	INDIFFERENT		1962.0	Album	
TfVB0CbeWEk	Whistle My Love	The Moonglows	The Flamingos Meet The Moonglows On The Dusty Road Of Hits	The Flamingos	INDIFFERENT		1993.0	Album	
4F2Lltb4wZo	Ten Commandments Of Love	The Moonglows	Their Greatest Hits: The Chess 50th Anniversary Collection	The Moonglows	INDIFFERENT		1997.0	Album	
sx8c9MlAgs4	Critical Moments (Of Liberation or Self Destruction)	The Mummy Cats	No Thanks, I'm Just Looking	The Mummy Cats	INDIFFERENT		2022.0	Album	235.0
8EKWYn82H8w	Withstand	The Murlocs	Manic Candid Episode	The Murlocs	INDIFFERENT	4.7894735	2019.0	Album	
BbuGpbtQYkY	Unknown Disease	The Murlocs	Young Blindness	The Murlocs	INDIFFERENT	0.0	2016.0	Album	
XbUSM7EQ-E8	Reassurance	The Murlocs	Young Blindness	The Murlocs	INDIFFERENT	5.0	2016.0	Album	
L9D6CWttXSs	Little Bit O' Soul (New Stereo Version)	The Music Explosion	Pure Pop - The 60s	Various Artists	INDIFFERENT		2013.0	Album	
4RvQDOCmHzA	Little Bit o' Soul (New Stereo Version)	The Music Explosion	Super 60s Hits (Expanded Edition)	Various Artists	INDIFFERENT		2013.0	Album	139.0
oLE3gwsRiUM	The Minister of Longitude	The Music Tapes	Music Tapes for Clouds and Tornadoes	The Music Tapes	INDIFFERENT	4.1999998	2008.0	Album	
m_Ez1K7aUHE	Star Crossed Lovers	The Mystics/The Dubs	Summertime		INDIFFERENT				182.0
Bbmjb-fVwPo	Punching In A Dream	The Naked And Famous	Passive Me, Aggressive You	The Naked And Famous	INDIFFERENT		2010.0	Album	
Txyc8Fl96dU	Eucalyptus	The National	Eucalyptus	The National	INDIFFERENT		2023.0	Single	265.0
IT3n4ieRdQc	Living in the World Today	The Neutrons	Black Hole Star	The Neutrons	INDIFFERENT		1974.0	Album	
kzQGAFBZIv8	I Can Understand It	The New Birth	The Very Best Of The New Birth	The New Birth	INDIFFERENT		1990.0	Album	
6l55wdZ1ROA	Green, Green (feat. Barry McGuire)	The New Christy Minstrels	Folk, Gospel & Blues: Will The Circle Be Unbroken	Various Artists	INDIFFERENT		1999.0	Album	
EFux2hwzB5E	Patience of the Mind	The New Review	The New Review	The New Review	INDIFFERENT		2015.0	Album	
4z7OxYP6psE	Bread and Butter	The Newbeats	Pop Hits of the 50's & 60's	Various Artists	INDIFFERENT	4.5055823	2011.0	Album	
XGeYtoMZZY0	Rondo	The Nice	The Thoughts of Emerlist Davjack	The Nice	INDIFFERENT		1967.0	Album	
u2HVKSjWa0k	Sister	The Nixons	Foma	The Nixons	INDIFFERENT		1995.0	Album	
dG_piydJ_M4	Mix Tapes	The Nonce	World Ultimate Deluxe Edition	The Nonce	INDIFFERENT		1995.0	Album	
_b5FymFRTNA	Niggas Bleed	The Notorious B.I.G.	Life After Death	The Notorious B.I.G.	INDIFFERENT				
-qYmNK1DS7s	Long Kiss Goodnight	The Notorious B.I.G.	Life After Death (2014 Remastered Edition)	The Notorious B.I.G.	INDIFFERENT		1997.0	Album	
fWNMjU3UGnI	Niggas Bleed	The Notorious B.I.G.	Life After Death (2014 Remastered Edition)	The Notorious B.I.G.	INDIFFERENT	4.657691	1997.0	Album	
QcAt3le3oas	Back Stabbers	The O'Jays	Back Stabbers	The O'Jays	INDIFFERENT	4.6543555	1972.0	Album	
ydVXeApMisY	I Love Music (Tom Moulton Mix)	The O'Jays	Philadelphia Classics	Various Artists	INDIFFERENT		1977.0	Album	
dS2umgmp1DQ	Use Ta Be My Girl	The O'Jays	So Full Of Love	The O'Jays	INDIFFERENT		1978.0	Album	
FfDlVpJKwUI	Use ta Be My Girl	The O'Jays	The Essential O'Jays	The O'Jays	INDIFFERENT	4.5655937	2008.0	Album	
ARjXWup0olE	Use Ta Be My Girl	The O'Jays	The Sound Of Philadelphia: Gamble & Huff's Greatest Hits	Various Artists	INDIFFERENT		2008.0	Album	
MBmMWSYiy1Y	Girl Watcher	The O'Kaysions	Sweet & Soulful 60's	Various Artists	INDIFFERENT		2010.0	Album	
r-CnzloLo80	Slim Pickens Does The Right Thing And Rides The Bomb To Hell	The Offspring	Days Go By	The Offspring	INDIFFERENT		2012.0	Album	
vSEUJHZDppo	Gotta Get Away	The Offspring	Smash	The Offspring	INDIFFERENT		1994.0	Album	
GHUql3OC_uU	Come Out and Play	The Offspring	Smash	The Offspring	INDIFFERENT		1994.0	Album	
9SSfTP0BB6s	Not the One	The Offspring	Smash	The Offspring	INDIFFERENT		1994.0	Album	
PErLYsKy_Gs	Killboy Powerhead	The Offspring	Smash	The Offspring	INDIFFERENT		1994.0	Album	
qQ6t5I4OI_c	It'll Be a Long Time	The Offspring	Smash	The Offspring	INDIFFERENT		1994.0	Album	
NckxL3ShTCY	Something to Believe In	The Offspring	Smash	The Offspring	INDIFFERENT		1994.0	Album	
c-sORaM-UJM	Time to Relax	The Offspring	Smash	The Offspring	INDIFFERENT		1994.0	Album	
VFFATuhDcT8	What Happened to You?	The Offspring	Smash	The Offspring	INDIFFERENT		1994.0	Album	
8O9HntOhZnM	Genocide	The Offspring	Smash	The Offspring	INDIFFERENT		1994.0	Album	
rlkcRLkyVsw	Smash	The Offspring	Smash	The Offspring	INDIFFERENT		1994.0	Album	
RdacToK85Rg	So Alone	The Offspring	Smash	The Offspring	INDIFFERENT		1994.0	Album	
wtGLW98NjSA	What Happened to You?	The Offspring	Smash (2008 Remaster)	The Offspring	INDIFFERENT		1994.0	Album	
KP4gw_lAToc	Genocide	The Offspring	Smash (2008 Remaster)	The Offspring	INDIFFERENT		1994.0	Album	
6oc8Is5YE9I	Memories of Jacqueline 1906	The Olivia Tremor Control	Dusk At Cubist Castle	The Olivia Tremor Control	INDIFFERENT	4.3655171	1996.0	Album	
XzgviSl0_00	I'll Do a Little Bit More	The Olympics	Dr. Boogie Presents Wasa Wasa (Fabulous Rhythm'n' Blues Shakers on the Dancefloor 1952 - 1968)	Various Artists	INDIFFERENT		2010.0	Album	
tK5nEQ05Azc	I'll Do a Little Bit More	The Olympics	Something Old, Something New	The Olympics	INDIFFERENT		2005.0	Album	
kjGnvst6AmA	One Tin Soldier (Theme from Billy Jack)	The Original Caste	One Tin Soldier (Theme from Billy Jack)	The Original Caste	INDIFFERENT		2013.0	Single	
WGErk4ft1uU	Crying in the Chapel	The Orioles	Doo Wop Classics Vol. 2	Various Artists	INDIFFERENT		2003.0	Album	
fMxhsmApeXc	Crying in the Chapel	The Orioles	Presenting the Orioles	The Orioles	INDIFFERENT		1949.0	Album	
ZJrdE0YDjvI	Crying In The Chapel	The Orioles	The Orioles 1947-1955	The Orioles	INDIFFERENT		2005.0	Album	
3XjJ2kdRE2I	The Wah Watusi	The Orlons	25 Original Greatest Hits- Cameo Parkway	Various Artists	INDIFFERENT		1964.0	Album	
5hHtaOxAFjk	The Wah-Watusi	The Orlons	The Wah-Watusi	The Orlons	INDIFFERENT		2013.0	Single	
o7FSKw5S-qg	The Wah Watusi	The Orlons	The Wah-Watusi/South Street	The Orlons	INDIFFERENT		1962.0	Album	
WFZ6OSgzojA	All The Love	The Other Ones	The Other Ones	The Other Ones	INDIFFERENT		1986.0	Album	
CS1sYR7xky8	Time Won't Let Me	The Outsiders	Capitol Collectors Series	The Outsiders	INDIFFERENT	4.4594593	1991.0	Album	
YfGeMvTNxr4	Stay Alive	The Pains Of Being Pure At Heart	The Pains Of Being Pure At Heart	The Pains Of Being Pure At Heart	INDIFFERENT		2009.0	Album	
mIMHu1OYA6o	I Love How You Love Me	The Paris Sisters	A Doo Wop Valentine - Original Romantic Harmonies	Various Artists	INDIFFERENT	4.5424213	2014.0	Album	
pBImwr0ugYk	(I Wanna) Testify (Mono Single Version)	The Parliaments	So Fine: '60s One Hit Wonders	Various Artists	INDIFFERENT		2019.0	Album	
A5uNv98CRBM	Love March (Live @ the Troubadour, Los Angeles)	The Paul Butterfield Blues Band	The Paul Butterfield Blues Band Live	The Paul Butterfield Blues Band	INDIFFERENT		2007.0	Album	
L1755DPnb6U	Back to Zero	The People's Temple	Musical Garden	The People's Temple	INDIFFERENT	4.8080001	2014.0	Album	
-WBZDHj-6z0	The Great Pretender	The Platters	100 Hits: Essential Rock 'N' Roll Classics Live	Various Artists	INDIFFERENT		2014.0	Album	
dmhZI1Vjeo4	With This Ring	The Platters	Deluxe: Greatest Hits - The Platters	The Platters	INDIFFERENT		2012.0	Album	
o37J3xyucSU	Washed Ashore	The Platters	Greatest Hits	The Platters	INDIFFERENT		2008.0	Album	
aTeIT5UY0ZU	The Great Pretender	The Platters	The Best Of The Platters (20th Century Masters - The Millennium Series)	The Platters	INDIFFERENT		1999.0	Album	
S3nzDxuBeE4	The Great Pretender	The Platters	The Great Pretender	The Platters	INDIFFERENT		1955.0	Single	
vC5somoS0pg	The Great Pretender	The Platters	The Magic Touch: An Anthology	The Platters	INDIFFERENT		1991.0	Album	
BlaP5iXgrAs	Slow Hand	The Pointer Sisters	Black & White	The Pointer Sisters	INDIFFERENT		1981.0	Album	
a_FQKrY6Rsc	Slow Hand	The Pointer Sisters	The Best Of The Pointer Sisters	The Pointer Sisters	INDIFFERENT		1976.0	Album	
aRABCGXEUXo	Don't Stand So Close To Me	The Police	Zenyatta Mondatta (Remastered 2003)	The Police	INDIFFERENT		1980.0	Album	
cPkChi1ckq0	Driven To Tears	The Police	Zenyatta Mondatta (Remastered 2003)	The Police	INDIFFERENT		1980.0	Album	
p64nDdoniIA	Born Too Late	The Poni-Tails	School Days: '50s & '60s Hits & Rarities	Various Artists	INDIFFERENT		2017.0	Album	
2fiWIQXVIAE	We Are Not Going to Make It	The Presidents Of The United States Of America	The Presidents of The United States of America: Ten Year Super Bonus Special Anniversary Edition	The Presidents Of The United States Of America	INDIFFERENT		1995.0	Album	113.0
2Eswfs1gZ8c	Naked and Famous	The Presidents Of The United States Of America	The Presidents of The United States of America: Ten Year Super Bonus Special Anniversary Edition	The Presidents Of The United States Of America	INDIFFERENT		1995.0	Album	225.0
GEqPj9Z6Gts	Naked and Famous	The Presidents of the United States of America	The Presidents of The United States of America: Ten Year Super Bonus Special Anniversary Edition	The Presidents of the United States of America	INDIFFERENT		1995.0	Album	
WIXRpFkdP20	We Are Not Going to Make It	The Presidents of the United States of America	The Presidents of The United States of America: Ten Year Super Bonus Special Anniversary Edition	The Presidents of the United States of America	INDIFFERENT		1995.0	Album	
fi3rBeqQ_Dw	25	The Pretty Reckless	Death By Rock And Roll	The Pretty Reckless	INDIFFERENT		2021.0	Album	
u1vXRgast10	Midnight To Six Man	The Pretty Things	Get The Picture?	The Pretty Things	INDIFFERENT		1965.0	Album	
OPbMcUsiwjM	Midnight To Six Man	The Pretty Things	Greatest Hits	The Pretty Things	INDIFFERENT		1965.0	Album	
T26dK928ZUs	Softly and Tenderly	The Prisonaires	Just Walkin' In The Rain	The Prisonaires	INDIFFERENT		2006.0	Album	
HelR4qNiVq4	Softly and Tenderly	The Prisonaires	My God Is Real / Softly and Tenderly	The Prisonaires	INDIFFERENT		1953.0	Single	
YwkO595NPCo	Lunar Patrol	The Psychic Alliance	Flux Capacitor	The Psychic Alliance	INDIFFERENT		2016.0	Album	
KcyiQvX8uSY	In the Dirt (Instumental)	The PutBacks	Spanish Harlem	The PutBacks	INDIFFERENT		2014.0	Single	
yTDMGaPqQvY	Panama City (Soul Descarga)	The Quantic Soul Orchestra	She Said What?	The Quantic Soul Orchestra	INDIFFERENT		2007.0	Single	
3LsCpmj8sYo	Something That's Real (feat. Alice Russell)	The Quantic Soul Orchestra	Stampede	The Quantic Soul Orchestra	INDIFFERENT		2003.0	Album	
I6Gcia4ouKs	No One's Little Girl	The Raincoats	Moving	The Raincoats	INDIFFERENT		1984.0	Album	
7XdAlsl9T7w	Fairytale in the Supermarket	The Raincoats	The Raincoats	The Raincoats	INDIFFERENT	4.4648647	1979.0	Album	
SnhF_L4N-ss	In Love	The Raincoats	The Raincoats	The Raincoats	INDIFFERENT	4.1418686	1979.0	Album	
tpOdseeRxp4	No Looking	The Raincoats	The Raincoats	The Raincoats	INDIFFERENT	4.5051546	1979.0	Album	
nlTpzn4YFLA	No Side to Fall In	The Raincoats	The Raincoats	The Raincoats	INDIFFERENT	4.6285715	1979.0	Album	
V3LDGJ_PMG4	The Death Of Emmett Till, Pt.1	The Ramparts	The Death of Emmett Till	The Ramparts	INDIFFERENT		2018.0	Single	
y5oxkpkvEeM	Sister Saviour	The Rapture	Echoes	The Rapture	INDIFFERENT		2003.0	Album	226.0
PGUhdwTyziM	People Got to Be Free	The Rascals	Freedom Suite	The Rascals	INDIFFERENT	4.3031025	1969.0	Album	
MGQPoK0_X4o	Phantom Stage Coach	The Ravens	Rarities	The Ravens	INDIFFERENT		1976.0	Album	
P9IUxiNpRW0	The Cadillac Song	The Ravens	Their Complete National Recordings 1947-1953	The Ravens	INDIFFERENT		2003.0	Album	
ilJqKCsND4M	Daddy Cool	The Rays	Cameo Parkway 1957-1967	Various Artists	INDIFFERENT		2005.0	Album	
qE6T-mGuuDY	Banditos	The Refreshments	Fizzy Fuzzy Big & Buzzy	The Refreshments	INDIFFERENT		1996.0	Album	
ZGM6X3SIaiQ	"Barbara Anne (from ""American Graffiti"")"	The Regents	American Graffiti	Various Artists	INDIFFERENT		1973.0	Album	275.0
l32VTUsTCqI	Unsatisfied	The Replacements	Let It Be	The Replacements	INDIFFERENT		1984.0	Album	
DW9zxhZQA1I	Alex Chilton	The Replacements	Pleased To Meet Me	The Replacements	INDIFFERENT		1987.0	Album	
2_fczRi9fTg	Trusted Woods	The Reverbs	Trusted Woods	The Reverbs	INDIFFERENT		2020.0	Single	
9Bcad-XvpN0	Drinkin' & Smokin' Cigarettes	The Reverend Horton Heat	Laughin' & Cryin' With The Reverend Horton Heat	The Reverend Horton Heat	INDIFFERENT		2009.0	Album	
oLttGfxGoSY	Bales Of Cocaine	The Reverend Horton Heat	The Full Custom Gospel Sounds Of . . .	The Reverend Horton Heat	INDIFFERENT		1993.0	Album	
xbg1gkWb0Wo	You've Lost That Lovin' Feelin'	The Righteous Brothers	The Very Best Of The Righteous Brothers - Unchained Melody	The Righteous Brothers	INDIFFERENT		1965.0	Album	
mzrPs-hLKmM	(You're My) Soul And Inspiration	The Righteous Brothers	The Very Best Of The Righteous Brothers - Unchained Melody	The Righteous Brothers	INDIFFERENT		1965.0	Album	
yA_cM80O3Do	You've Lost That Lovin' Feeling	The Rigthteous Brother	Unchained Melody	The Righteous Brothers	INDIFFERENT		2014.0	Single	
FqAen8PJ064	Hey Little Cobra	The Rip Chords	Hey Little Cobra And Other Hot Rod Hits	The Rip Chords	INDIFFERENT	4.3279815	1964.0	Album	
PrYnaMgkexY	California Sun	The Rivieras	America's No.1 Patriotic Songs	Various Artists	INDIFFERENT	4.5500002	2014.0	Album	
aHtuRSMiYSs	It Won't Take Long	The Rolling Stones	A Bigger Bang	The Rolling Stones	INDIFFERENT	4.4680853	2009.0	Album	
cg6-YlkrQR8	Yesterday's Papers	The Rolling Stones	Between The Buttons (UK)	The Rolling Stones	INDIFFERENT		1967.0	Album	
DcnSa5erYu8	Cherry Oh Baby	The Rolling Stones	Black And Blue	The Rolling Stones	INDIFFERENT	4.4240785	1976.0	Album	
xcym7M1Obb8	Tumbling Dice	The Rolling Stones	Exile On Main St.	The Rolling Stones	DISLIKE	4.3356843	1972.0	Album	
0C8i6tOjt-M	Tumbling Dice	The Rolling Stones	Exile On Main Street (Deluxe Version)	The Rolling Stones	INDIFFERENT		1972.0	Album	
DmgCy__eUa8	It's Only Rock'n'Roll (But I Like It) (Remastered 2009)	The Rolling Stones	It's Only Rock 'N' Roll (2009 Re-Mastered)	The Rolling Stones	INDIFFERENT		1974.0	Album	
7kDKp2LWeT4	All Down The Line (Live)	The Rolling Stones	Ladies & Gentlemen (Live)	The Rolling Stones	INDIFFERENT		2017.0	Album	
Jn0joq-lrTE	Tumbling Dice (2005 Digital Remaster)	The Rolling Stones	Made In The Shade	The Rolling Stones	INDIFFERENT	4.6526608	1975.0	Album	
fBttKd1a3cE	Not Fade Away (Mono Version)	The Rolling Stones	More Hot Rocks (Big Hits & Fazed Cookies)	The Rolling Stones	INDIFFERENT	4.1287127	1972.0	Album	
S0hl5WmTTPo	Respectable	The Rolling Stones	Some Girls (2009 Re-Mastered)	The Rolling Stones	INDIFFERENT		1978.0	Album	
E3is4WqV6iU	Midnight Rambler (Live At The Roundhouse / 1971)	The Rolling Stones	Sticky Fingers (Super Deluxe)	The Rolling Stones	INDIFFERENT		1971.0	Album	686.0
8QmcgU0pk9s	Sing This All Together	The Rolling Stones	Their Satanic Majesties Request	The Rolling Stones	INDIFFERENT	4.4707794	2018.0	Album	
E6vNgc6SlpA	Walking In the Rain	The Ronettes	Presenting The Fabulous Ronettes Featuring Veronica	The Ronettes	INDIFFERENT		1964.0	Album	
wJklRnSeNGs	Kingfisher Call Me	The Ruby Suns	Christopher	The Ruby Suns	INDIFFERENT		2013.0	Album	
dkYF7gZSpck	You, I	The Rugbys	Alice in Wonderland (And Other Rainy Day Girls)	Various Artists	INDIFFERENT		2013.0	Album	
xMKeIQJ_a9s	Cherry Bomb	The Runaways	The Runaways	The Runaways	INDIFFERENT	4.6610804	1976.0	Album	
yN04owyYxrg	Stampede	The Scarlets	Rockabilly Around the Clock: ’55 to ‘65	Various Artists	INDIFFERENT		2017.0	Album	
1trDO2k9GOk	We Had Love	The Scientists	A Place Called Bad	The Scientists	INDIFFERENT		2016.0	Album	
VIkXOYJR9qU	Till I Die (Remastered and Extended)	The Screaming Meemees	If This Is Paradise, I'll Take the Bag (Remastered and Extended)	The Screaming Meemees	INDIFFERENT		2009.0	Album	
HXbtObNGF9s	Needles And Pins	The Searchers	British Night of Rock, Vol. 1	Various Artists	INDIFFERENT	4.0270271	2016.0	Album	
O8Ym-bnUOK4	When You Walk in the Room (Mono Version)	The Searchers	Sounds Like The Searchers	The Searchers	INDIFFERENT		2016.0	Album	
utzx3n-_KVM	Needles and Pins (Mono)	The Searchers	The Definitive Pye Collection	The Searchers	INDIFFERENT	4.5938663	2004.0	Album	
yNvmtXThQng	Up In Her Room	The Seeds	The Seeds	The Seeds	INDIFFERENT		1966.0	Album	
fhXkui2WRfk	Turn Turn Turn (To Everything There Is a Season)	The Seekers	The Seekers	The Seekers	INDIFFERENT		1996.0	Album	
9HSBn_HWuWA	Let Me In (feat. Yvonne Baker)	The Sensations	The Chess Story 1957-1964	Various Artists	INDIFFERENT		1999.0	Album	
o5-YlMvoagg	Orchids	The Shacks	The Shacks EP	The Shacks	INDIFFERENT		2016.0	Album	
iH-Q59geylw	It's Halloween	The Shaggs	Philosophy of the World	The Shaggs	INDIFFERENT		1969.0	Album	
q5ucbZqnzmE	We Have a Savior	The Shaggs	Philosophy of the World	The Shaggs	INDIFFERENT		1969.0	Album	
k5czVZjoGME	What Should I Do?	The Shaggs	Philosophy of the World	The Shaggs	INDIFFERENT		1969.0	Album	
1G1RAyKnhyE	Sweet Thing	The Shaggs	Philosophy of the World	The Shaggs	INDIFFERENT		1969.0	Album	
OAHbSwBJtpI	My Companion	The Shaggs	Philosophy of the World	The Shaggs	INDIFFERENT		1969.0	Album	
WH5RZD8eNcs	Why Do I Feel?	The Shaggs	Philosophy of the World	The Shaggs	INDIFFERENT		1969.0	Album	
k5T2kaFiFgg	My Pal Foot Foot	The Shaggs	Philosophy of the World	The Shaggs	INDIFFERENT		1969.0	Album	
PxITh9nqGN4	Who Are Parents?	The Shaggs	Philosophy of the World	The Shaggs	INDIFFERENT		1969.0	Album	
C1eDbwhooIE	That Little Sports Car	The Shaggs	Philosophy of the World	The Shaggs	INDIFFERENT		1969.0	Album	
4xawOpGQnuU	Leader Of The Pack	The Shangri-Las	The Best Of The Shangri-Las	The Shangri-Las	INDIFFERENT		1996.0	Album	
l1N5EYkPzFM	Alone (Why Must I Be Alone)	The Shepherd Sisters	Alone - Golden Classics	The Shepherd Sisters	INDIFFERENT		2012.0	Album	
epp1dQcEBOA	Will You Love Me Tomorrow	The Shirelles	Filth	Various Artists	INDIFFERENT		2013.0	Album	
n1XWvN3yUBk	Will You Love Me Tomorrow	The Shirelles	Only The Best of The Shirelles	The Shirelles	INDIFFERENT		2016.0	Album	
cENNxOOdytM	Will You Love Me Tomorrow	The Shirelles	Tonight's The Night	The Shirelles	INDIFFERENT		2009.0	Album	161.0
CqLZUhjvEgQ	It Will Stand	The Showmen	Everything I Do Gonh Be Funky (The Hit Songs & Productions 1957-1978)	Various Artists	INDIFFERENT		1957.0	Album	
Jg11NgWdXFs	Get a Job	The Silhouettes	Get a Job!	The Silhouettes	INDIFFERENT	4.6721311	1957.0	Single	
qtVvIfPx5y0	Midnight Hour	The Silvertones	Midnight Hour	The Silvertones	INDIFFERENT	4.352941	2011.0	Single	
rfADWL1JKyk	This Town	The Skints	FM	The Skints	INDIFFERENT		2015.0	Album	
ixUSDsxYu84	Learning to Swim	The Skints	Learning to Swim	The Skints	INDIFFERENT		2019.0	Single	
1BSD77zmkhI	Live East Die Young	The Skints	Part & Parcel (Recorded Delivery)	The Skints	INDIFFERENT		2012.0	Album	
RNa1neuFxKE	On a Mission	The Skints	Part & Parcel (Recorded Delivery)	The Skints	INDIFFERENT		2012.0	Album	
-YvCSeq3l2E	A Child Adrift	The Skygreen Leopards	Life And Love In Sparrow's Meadow	The Skygreen Leopards	INDIFFERENT		2005.0	Album	
RqaDVJZMCwM	"Since I Don't Have You (from ""American Graffiti"")"	The Skyliners	American Graffiti	Various Artists	INDIFFERENT		1973.0	Album	
CyYOXHqls0E	Since I Don't Have You	The Skyliners	Back To The 50's - Vol. 2	Various Artists	INDIFFERENT		2010.0	Album	
FxFBlLIp-E4	Since I Don't Have You	The Skyliners	The Skyliners: Greatest Hits	The Skyliners	INDIFFERENT		1986.0	Album	
Htz_U7073i0	X.Y.U.	The Smashing Pumpkins	Mellon Collie and the Infinite Sadness (Deluxe Edition)	The Smashing Pumpkins	INDIFFERENT	4.2404342	1995.0	Album	
GLHrnrXf95A	Why Are We Sleeping?	The Soft Machine	The Soft Machine (Remastered And Expanded)	The Soft Machine	INDIFFERENT		1968.0	Album	
uzirWrZd-Dw	Breathe the Fire	The Soft Moon	Breathe The Fire	The Soft Moon	INDIFFERENT		2010.0	Single	
BdJjP02lx-Y	Dirty Robber	The Sonics	Here Are The Sonics	The Sonics	INDIFFERENT	4.590909	1965.0	Album	
8Awg62QzRVI	Take A Heart (Stereo Version)	The Sorrows	Take a Heart	The Sorrows	INDIFFERENT		2010.0	Album	
AmVL-IF-QuQ	Nelson Mandela (2002 Remaster)	The Special AKA	In the Studio (2002 Remaster)	The Special AKA	INDIFFERENT		1984.0	Album	
pzxuJWJyOeo	Gangsters	The Specials	The Specials (Deluxe Version)	The Specials	INDIFFERENT		1979.0	Album	171.0
KSMVflSBKx8	The Rubberband Man	The Spinners	Happiness Is Being With The Spinners	Spinners	INDIFFERENT		1976.0	Album	
0xiTb0kYtOk	Could It Be I'm Falling In Love	The Spinners	Philly Soul Classics	Various Artists	INDIFFERENT	4.5472369	2018.0	Album	
NaMmX7OCyCA	Could It Be I'm Falling in Love	The Spinners	Spinners	Spinners	INDIFFERENT	4.773962	2005.0	Album	
jr_BSbEIvQs	More Today Than Yesterday	The Spiral Starecase	More Today Than Yesterday		INDIFFERENT				
XTYpf5rWMtw	Comin' Down	The Spyrals	Out of Sight	The Spyrals	INDIFFERENT	4.5789475	2013.0	Album	
AJ_6qAbiCfA	Dirty Water	The Standells	The Very Best Of The Standells	The Standells	INDIFFERENT	4.3423829	1998.0	Album	
Z2IU4qhtUS8	Hey Joe, Where You Gonna Go	The Standells	The Very Best Of The Standells	The Standells	INDIFFERENT	4.2660551	1998.0	Album	
kNDSkLmCjWw	Fun House (Take 5)	The Stooges	1970: The Complete Fun House Sessions	The Stooges	INDIFFERENT		2005.0	Album	467.0
JUqKUVpsuYU	Fun House	The Stooges	Funhouse	The Stooges	INDIFFERENT	4.6158538	1970.0	Album	
ZnjAeOea0Ig	Fun House	The Stooges	Funhouse (Deluxe Edition)	The Stooges	INDIFFERENT		1970.0	Album	
HUQrac5K254	Little Doll	The Stooges	The Stooges	The Stooges	INDIFFERENT	4.5999999	1969.0	Album	
Pbv2OIcA4dI	1969	The Stooges	The Stooges (Deluxe Edition)	The Stooges	INDIFFERENT	4.8070388	1969.0	Album	
jACDr41lcmk	Bad Motorcycle	The Storey Sisters	Cameo Parkway 1957-1967		INDIFFERENT				
mL69DoM0MuI	Midnight Summer Dream	The Stranglers	Feline	The Stranglers	INDIFFERENT		1981.0	Album	
ES4nBVwjpiU	Bad Decisions	The Strokes	The New Abnormal	The Strokes	INDIFFERENT	4.8013005	2020.0	Album	
3mKCMVQEQrI	My Ever Changing Moods (Single Version)	The Style Council	20th Century Masters: The Millennium Collection: Best Of Style Council	The Style Council	INDIFFERENT	4.2800002	2003.0	Album	
S646Cd5gIxY	My Ever Changing Moods (Single Version)	The Style Council	Greatest Hits (Digitally Remastered)	The Style Council	INDIFFERENT		2000.0	Album	
rZqd_9sTP3c	Birthday	The Sugarcubes	Life's Too Good	The Sugarcubes	INDIFFERENT		1988.0	Album	
BBfLzWQlPP0	Birthday	The Sugarcubes	Spellbound	Various Artists	INDIFFERENT		2022.0	Album	
SF5w6kp1lEY	72 Years	The Sunshine Fix	Age of the Sun	The Sunshine Fix	INDIFFERENT	5.0	2002.0	Album	
Ogenjk1I640	Age of the Sun	The Sunshine Fix	Age of the Sun	The Sunshine Fix	INDIFFERENT	5.0	2002.0	Album	
A9MwPMHEjNM	You Keep Me Hangin' On	The Supremes	Gold	The Supremes	INDIFFERENT		2005.0	Album	161.0
wC2eYgVCbWs	I Hear A Symphony (Mono Version)	The Supremes	I Hear A Symphony: Expanded Edition	The Supremes	INDIFFERENT		1966.0	Album	
FhDRZBvqzfk	Color My World Blue	The Supremes	The Supremes	The Supremes	INDIFFERENT		1975.0	Album	
oqGlBOUowpI	You Keep Me Hangin' On	The Supremes	The Supremes Sing Holland-Dozier-Holland	The Supremes	INDIFFERENT		1967.0	Album	
VhEbq0pbaVo	Come See About Me (Single Version / Mono)	The Supremes	Where Did Our Love Go?	The Supremes	INDIFFERENT	4.6358252	1964.0	Album	
kljZ6APQXqc	Baby Love (Single Version)	The Supremes	Where Did Our Love Go?	The Supremes	INDIFFERENT		1964.0	Album	
rJMx8wSnW64	Where Did Our Love Go (Single Version / Mono)	The Supremes	Where Did Our Love Go?	The Supremes	INDIFFERENT		1964.0	Album	
nSq9iiErWyE	Bicycle Tillie	The Swallows	50s Doo Wop Essentials	The Swallows	INDIFFERENT		2009.0	Album	
pcykgM0rt60	Jesus Is God's Atomic Bomb	The Swan Silvertones	The Swan Silvertones 1946-1951	The Swan Silvertones	INDIFFERENT		2005.0	Album	
_qi1k52G-h0	Sweet Inspiration	The Sweet Inspirations	The Sweet Inspirations	The Sweet Inspirations	INDIFFERENT		1967.0	Album	
Fl1XaWN11Xw	Frankenstein's Party	The Swingin' Phillies	#1 Novelty Hits of the '50s & '60s	Various Artists	INDIFFERENT		2018.0	Album	159.0
0-Xel2UIuYU	Good Golly Miss Molly	The Swinging Blue Jeans	The Very Best Of	The Swinging Blue Jeans	INDIFFERENT		2009.0	Album	
ZfQndu0y1hQ	Only One Can Win	The Sylvers	The Sylvers	The Sylvers	INDIFFERENT		1972.0	Album	
xMYRMrYK19c	The 80's	The Symposium	Drugs	The Symposium	INDIFFERENT	4.4953847	2014.0	Album	
hfTEE_aZQa0	Sagres	The Tallest Man On Earth	Dark Bird Is Home	The Tallest Man On Earth	INDIFFERENT	4.1168609	2015.0	Album	
lWRPImxByvQ	Treason (Single Version)	The Teardrop Explodes	Kilimanjaro (Deluxe Edition)	The Teardrop Explodes	INDIFFERENT		1980.0	Album	
0yqgF78mUFg	Day O!	The Techniques	Rock Steady Classics	The Techniques	INDIFFERENT		2015.0	Album	
0oA4MxXz9cU	Day O!	The Techniques	Rock Steady Classics	The Techniques	INDIFFERENT	4.2475247	2014.0	Album	
Gh8-dRe4yPU	I'm Not a Juvenile Delinquent	The Teenagers	Doo Wop Classics Vol. 7	Various Artists	INDIFFERENT		2003.0	Album	
SC7Dho0Wxq8	Everybody Loves My Baby	The Temperance Seven	The Writing On The Wall	The Temperance Seven	INDIFFERENT		2007.0	Album	
_ObVQPBD0Uw	Ain't Too Proud To Beg	The Temptations	50th Anniversary: The Singles Collection 1961-1971	The Temptations	INDIFFERENT		2011.0	Album	
8fguIehzYQo	Ain't Too Proud To Beg	The Temptations	Gettin' Ready (Expanded Edition)	The Temptations	INDIFFERENT	4.7311063	1966.0	Album	
CAZoXR99-mw	Power (Single Version)	The Temptations	Gold	The Temptations	INDIFFERENT		2002.0	Album	
yKEZVOoR--E	Ain't Too Proud To Beg	The Temptations	Hitsville USA - The Motown Singles Collection 1959-1971	Various Artists	INDIFFERENT		1992.0	Album	
xq7rALRVvFE	Ball Of Confusion (That's What The World Is Today) (Single Version / Mono)	The Temptations	Hitsville USA - The Motown Singles Collection 1959-1971	Various Artists	INDIFFERENT		1992.0	Album	
qjyrV6s-5zM	Get Ready (Mono Single)	The Temptations	The Complete Motown Singles, Vol. 6: 1966	Various Artists	INDIFFERENT		2006.0	Album	
3jqHdZi3EYU	Treat Her Like A Lady	The Temptations	Truly For You	The Temptations	INDIFFERENT		1984.0	Album	
ls6N_pmM9TY	When Will I See You Again	The Three Degrees	The Three Degrees	The Three Degrees	INDIFFERENT		1973.0	Album	
fEJiF3Q2uv0	Graveyard Cha Cha	The Three Ds	Graveyard Cha Cha	The Three Ds	INDIFFERENT		1959.0	Single	
yWlBIZ-5aLQ	Subway (Smokey Pokey World) (2019 Mono Remaster)	The Tickle	Subway	The Tickle	INDIFFERENT		1967.0	Single	161.0
Vfn9RgHOkv8	From Sofia	The Tolka Hot Club	From Sofia	The Tolka Hot Club	INDIFFERENT		2018.0	Single	
SKN2pT2W9ZY	Wheat Kings	The Tragically Hip	Fully Completely	The Tragically Hip	INDIFFERENT		1992.0	Album	
q2yMkM0_18Y	Scared (Live)	The Tragically Hip	Live Between Us	The Tragically Hip	INDIFFERENT		1996.0	Album	
pG8TyIEAqps	Disco Inferno	The Trammps	Playlist: The Best Of The Trammps	The Trammps	INDIFFERENT		2016.0	Album	216.0
cWqcgPmCbDQ	Disco Inferno	The Trammps	Saturday Night Fever	Various Artists	INDIFFERENT		1977.0	Album	650.0
G1NM8iYbRUY	Silence is Golden	The Tremeloes	Década Quente	Various Artists	INDIFFERENT		1996.0	Album	192.0
hSXBvLxIS5c	Here Comes My Baby	The Tremeloes	Here Comes My Baby : The Ultimate Collection	The Tremeloes	INDIFFERENT		2004.0	Album	
QBseYOGeJn8	Here Comes My Baby	The Tremeloes	The Best of The Tremeloes, Vol. 1	The Tremeloes	INDIFFERENT	4.4371858	2015.0	Album	
v4GVHiOIF-U	Silence Is Golden	The Tremeloes	The Best of The Tremeloes, Vol. 2	The Tremeloes	INDIFFERENT	4.0389171	2015.0	Album	
1tyeTfkzUrY	When You Dance	The Turbans	Doo Wop For Lovers	Various Artists	INDIFFERENT		2013.0	Album	180.0
LxHg0lik9l8	I Won't Be Your Fool Anymore	The Turbans	The Best of The Turbans	The Turbans	INDIFFERENT		1994.0	Album	
QXjl8F7vNwE	I Won't Be Your Fool Anymore	The Turbans	The Turbans and the Mellow-Kings Doo Wop Hits, Vol. 2	The Turbans	INDIFFERENT		2015.0	Album	
AIVvQdoJdGE	She'd Rather Be With Me	The Turtles	Happy Together	The Turtles	INDIFFERENT	4.3826604	1967.0	Album	
lP36eq5LFho	She'd Rather Be with Me	The Turtles	Happy Together (Deluxe Version)	The Turtles	INDIFFERENT		1967.0	Album	138.0
Ry0cDwjnEew	Another Bed	The Twilight Sad	No One Can Ever Know	The Twilight Sad	INDIFFERENT		2012.0	Album	
8FfD61qPVqw	Enter Zion	The Twinkle Brothers	Enter Zion	The Twinkle Brothers	INDIFFERENT		1984.0	Album	
FaYGlE9lHOw	So Much In Love	The Tymes	So Much In Love	The Tymes	INDIFFERENT		1963.0	Album	
Ux7QWVIkpXA	Somewhere	The Tymes	Somewhere	The Tymes	INDIFFERENT		1964.0	Album	
l5H5i1oZzc4	Ms. Grace	The Tymes	Trustmaker	The Tymes	INDIFFERENT		1974.0	Album	
M0c2vkyaYbA	July	The UFO Club	The UFO Club	The UFO Club	INDIFFERENT	4.219512	2012.0	Album	
KrEhEMZNU_Y	Natalie	The UFO Club	The UFO Club	The UFO Club	INDIFFERENT	4.478261	2012.0	Album	
ZTpEpXXqHEc	Red Flames	The Underbelly	Mo' Record Kicks!	Various Artists	INDIFFERENT		2010.0	Album	
hY4Lqy6ef_k	Good Luck	The Undercover Dream Lovers	Good Luck	The Undercover Dream Lovers	INDIFFERENT		2016.0	Single	
EolHCNgpqjM	Family Entertainment	The Undertones	The Undertones	The Undertones	INDIFFERENT		1979.0	Album	
qd9zCTPahqk	Smiling Faces Sometimes	The Undisputed Truth	The Undisputed Truth	The Undisputed Truth	INDIFFERENT		1971.0	Album	
I1Y7cukyuf0	Watch This Sound	The Uniques	Watch This Sound	The Uniques	INDIFFERENT	4.5876288	1998.0	Album	
wCsFkhVGatc	Big Pussy Sally	The Upsetters	Lee 'Scratch' Perry & The Upsetters: Super Ape & Return of the Super Ape	"Lee ""Scratch"" Perry"	INDIFFERENT		2016.0	Album	
zVzyqph6dKU	In Love With Today	The Users	Kicks in Style - Classic Uk Punk 1976-1979	The Users	INDIFFERENT		2013.0	Album	
mfLbq3Hl2as	Dying For It	The Vaselines	Enter The Vaselines (Deluxe Edition)	The Vaselines	INDIFFERENT		2009.0	Album	
0_IEOUIpAAw	Rory Rides Me Raw	The Vaselines	Enter The Vaselines (Deluxe Edition)	The Vaselines	INDIFFERENT		2009.0	Album	
_p5iw64Xh40	Son Of A Gun	The Vaselines	Enter The Vaselines (Deluxe Edition)	The Vaselines	INDIFFERENT		2009.0	Album	
p2wGu3VjmNo	Molly's Lips	The Vaselines	Enter The Vaselines (Deluxe Edition)	The Vaselines	INDIFFERENT		2009.0	Album	
yLzq0xvfb_M	I'm Waiting for the Man (Live)	The Velvet Underground	MCMXCIII (Live)	The Velvet Underground	INDIFFERENT		1993.0	Album	
1AtYamLjsmw	All Tomorrow's Parties (Mono Single Version)	The Velvet Underground	Peel Slowly And See 1965-1969	The Velvet Underground	INDIFFERENT		1995.0	Album	
l9_aVPwDNzc	I'll Be Your Mirror	The Velvet Underground	The Velvet Underground & Nico (45th Anniversary / Super Deluxe Edition)	The Velvet Underground	INDIFFERENT	4.7544756	1967.0	Album	
1PreKtsgoUM	I'm Sticking With You	The Velvet Underground	V.U.	The Velvet Underground	INDIFFERENT		1985.0	Album	
WTbS0R1Xhgc	Slaughter On Tenth Avenue	The Ventures	Walk - Don't Run: The Best Of The Ventures	The Ventures	INDIFFERENT		1990.0	Album	142.0
xbjQc8qnyHg	Slaughter On Tenth Avenue	The Ventures	Walk Don't Run - The Ventures	The Ventures	INDIFFERENT	5.0	2016.0	Album	
4OWAJKanEmM	Death and the Maiden	The Verlaines	Tuatara	Various Artists	INDIFFERENT		1986.0	Album	
lGU2HlfiGHk	The Freshmen (Pop Mix)	The Verve Pipe	Platinum & Gold Collection	The Verve Pipe	INDIFFERENT		2004.0	Album	
aVcEVU67k6U	Pretty Baby	The Vibes	Let's Mix Rock & Roll, Vol. 4	Various Artists	INDIFFERENT		2018.0	Album	
1nwF8fLHvQc	Automatic Lover	The Vibrators	Sonic Reducer	The Vibrators	INDIFFERENT	4.6460176	2007.0	Single	
jUyklnWFnbI	Five O'Clock World	The Vogues	Rock n' Roll Master: The Vogues	The Vogues	INDIFFERENT	4.5677323	2015.0	EP	
8FRS1limCSM	You're The One	The Vogues	The Vogues Greatest Hits	The Vogues	INDIFFERENT		2015.0	EP	129.0
5bWVmrxmQoY	Five O'Clock World	The Vogues	"Very Much ""In"" - [The Dave Cash Collection]"	The Vogues	INDIFFERENT		2011.0	Album	124.0
hKbDxGYp_ho	Takes Two to Make a Home	The Voices & The Hollywood Flames	Doo-Wop from Dolphin's of Hollywood #1	Various Artists	INDIFFERENT		2016.0	Album	
i5GmbBtvYpk	Nite Flights	The Walker Brothers	Nite Flights	The Walker Brothers	INDIFFERENT		1978.0	Album	
ASzhmXCzoWg	The Sun Ain't Gonna Shine Anymore	The Walker Brothers	Portrait (Deluxe Edition)	The Walker Brothers	INDIFFERENT		1966.0	Album	
Ya9oey_-NH0	Autumn Leaves	The Walters	Young Men	The Walters	INDIFFERENT	4.7280116	2015.0	EP	
yjCDNemTBF4	Sweet Marie	The Walters	Young Men	The Walters	INDIFFERENT	4.6374245	2015.0	EP	
ZQa16v3l2Tk	I Was There	The War On Drugs	Slave Ambient	The War On Drugs	INDIFFERENT	4.145493	2011.0	Album	
JPkbNEMIQp0	Love Like There's No Tomorrow	The War and Treaty	Healing Tide	The War and Treaty	INDIFFERENT	4.5649748	2018.0	Album	
dZFFNc56kPw	MONEY	The Warning	ERROR	The Warning	INDIFFERENT		2022.0	Album	195.0
NlfysPfqWWk	Goodnight Irene	The Weavers	Music Music Music	Various Artists	INDIFFERENT		2003.0	Album	
-2I4BVCmUdE	Goodnight Irene	The Weavers	Vanguard Folk Sampler	Various Artists	INDIFFERENT	4.2328768	1996.0	Album	
AS72-rCzPyo	Leiyla	The West Coast Pop Art Experimental Band	Part One	The West Coast Pop Art Experimental Band	INDIFFERENT		1967.0	Album	
OdNobD3QSpk	Tonight	The Whispers	Love for Love	The Whispers	INDIFFERENT		1983.0	Album	
oSOkG6SCAiU	Join Together	The Who	20th Century Masters: The Millennium Collection: Best Of The Who	The Who	INDIFFERENT		1999.0	Album	265.0
zTJ52cerEnQ	Won't Get Fooled Again (Live at Live Aid, Wembley Stadium, 13th July 1985)	The Who	Live Aid (Live, 13th July 1985)	Various Artists	INDIFFERENT		2018.0	Album	
K7KgA2cqdoo	Won't Get Fooled Again (Live At Shepperton Studios)	The Who	The Kids Are Alright	The Who	INDIFFERENT		1979.0	Album	
Hu8NtkE0xkg	Sparks (Live At Woodstock)	The Who	The Kids Are Alright	The Who	INDIFFERENT		1979.0	Album	
mx_n0-5ob0Y	See Me, Feel Me (Live At Woodstock)	The Who	The Kids Are Alright	The Who	INDIFFERENT		1979.0	Album	
O-1ll7XKev4	A Quick One (While He's Away) (Live)	The Who	The Rolling Stones Rock And Roll Circus	Various Artists	INDIFFERENT		1968.0	Album	
PlfzJmL-Zg0	Summertime Blues	The Who	The Who Sell Out (Super Deluxe)	The Who	INDIFFERENT		1967.0	Album	
RNpELfqORzs	A Legal Matter (Mono Version)	The Who	The Who Sings My Generation (U.S. Version)	The Who	INDIFFERENT	3.9186046	1965.0	Album	
KfUpjZAEH9Y	1921	The Who	Tommy (Deluxe Edition)	The Who	INDIFFERENT		1969.0	Album	
0jyzotKDrAM	Shapes Of Things	The Yardbirds	Classic Yardbirds (Vol. 1)	The Yardbirds	INDIFFERENT	4.1466665	2011.0	Album	
4QQxvyeJJs8	Here 'Tis (Live at the Marquee Club, 1964 - 2015 Remaster) (feat. Eric Clapton)	The Yardbirds	Five Live Yardbirds (Live at the Marquee Club, London 1964 - 2015 Remaster)	The Yardbirds	INDIFFERENT		1964.0	Album	
0J9xlYDDjko	Over Under Sideways Down (The Stereo Album)	The Yardbirds	Roger the Engineer	The Yardbirds	INDIFFERENT		2009.0	Album	
PIW-Bn_FHLk	Heart Full of Soul	The Yardbirds	The Essential Yardbirds	Yardbirds	INDIFFERENT	4.1906157	2012.0	Album	
e-5lMWZcusY	Heart Full of Soul	The Yardbirds	The Very Best Of	Yardbirds	INDIFFERENT		2004.0	Album	
iaTmaehaaak	Phoebis Cluster	The Young	Voyagers Of Legend	The Young	INDIFFERENT		2010.0	Album	
ecDVN9zR34Y	Good Lovin' (Single Version)	The Young Rascals	The Rascals: Essentials	The Rascals	INDIFFERENT		2002.0	Album	
IwxpeuR9iKM	The Mad Scientist	The Zanies	Make Mine Mondo!		INDIFFERENT				
LAk3Kj-iysA	This Will Be Our Year (Mono Version)	The Zombies	The Original Studio Recordings, Vol. 4	The Zombies	INDIFFERENT		2003.0	Album	
Wo-FNklh08E	This Will Be Our Year (Mono Version)	The Zombies	The Original Studio Recordings, Vol. 4	The Zombies	INDIFFERENT		2007.0	Album	130.0
4hpx6WuIbYI	Angels	The xx	Angels	The xx	INDIFFERENT	4.6874886	2012.0	Single	
qAla9TdIvhA	Chained (LIAR Remix)	The xx	Chained (LIAR Remix)	The xx	INDIFFERENT	4.5555553	2013.0	Single	
-i-SA_mHcgE	Try	The xx	Coexist	The xx	INDIFFERENT		2012.0	Album	
wPiLzo0hwoY	Pleasure Blimps	Thee Oh Sees	Castlemania	Thee Oh Sees	INDIFFERENT	4.4375	2011.0	Album	
VhqHlUQKc58	The Sun Goes All Around	Thee Oh Sees	Dog Poison	Thee Oh Sees	INDIFFERENT		2009.0	Album	
GT3_v2wzWAo	Destroyed Fortress Reappears	Thee Oh Sees	Help	Thee Oh Sees	INDIFFERENT	4.6500001	2009.0	Album	
8nQsbxv37Lw	Heart Worm (Live)	Thee Oh Sees	Levitation Sessions (Live)	Thee Oh Sees	INDIFFERENT		2020.0	Album	
qsEn7X2XknU	Turned Out Light	Thee Oh Sees	Mutilator Defeated At Last	Thee Oh Sees	INDIFFERENT	4.6513319	2015.0	Album	
o0MCG9LDeGo	Rogue Planet	Thee Oh Sees	Mutilator Defeated At Last	Thee Oh Sees	INDIFFERENT	4.7942123	2015.0	Album	
DAG1fKJvIAQ	Web	Thee Oh Sees	Mutilator Defeated At Last	Thee Oh Sees	INDIFFERENT	4.8461537	2015.0	Album	
cLnV6EoPB5w	Goodnight Baby	Thee Oh Sees	Putrifiers II	Thee Oh Sees	INDIFFERENT	4.5056181	2012.0	Album	
siGEJ9D8-gg	Dead End Friends	Them Crooked Vultures	Them Crooked Vultures	Them Crooked Vultures	INDIFFERENT		2009.0	Album	
tgCRYKFE8yY	Easy Snapping	Theophilus Beckford	Rudeboy - Ska Bluebeat Classics, Vol. 15	Various Artists	INDIFFERENT		2013.0	Album	
5rHRd6Cl-tQ	Istanbul (Not Constantinople)	They Might Be Giants	Flood	They Might Be Giants	INDIFFERENT	4.8024402	1990.0	Album	
53YYph6Edd0	Marching The Hate Machines (Into The Sun) (feat. The Flaming Lips)	Thievery Corporation	The Cosmic Game	Thievery Corporation	INDIFFERENT		2005.0	Album	
W9IXcPeMcpI	Bad Reputation	Thin Lizzy	Bad Reputation	Thin Lizzy	INDIFFERENT		1977.0	Album	
MRDuF3-ml-o	Waiting for an Alibi	Thin Lizzy	Black Rose: A Rock Legend	Thin Lizzy	INDIFFERENT		1979.0	Album	
mI8wX-lTsF8	The Rocker	Thin Lizzy	Dedication: The Very Best Of Thin Lizzy	Thin Lizzy	INDIFFERENT		1991.0	Album	311.0
GtpdIsWYt5Y	Angel From The Coast	Thin Lizzy	Jailbreak	Thin Lizzy	INDIFFERENT		1976.0	Album	
DgpARCtjTg4	Romeo And The Lonely Girl	Thin Lizzy	Jailbreak	Thin Lizzy	INDIFFERENT		1976.0	Album	
2Rby6u-KCwE	Emerald	Thin Lizzy	Jailbreak	Thin Lizzy	INDIFFERENT		1976.0	Album	
nQjp0an5cO0	Warriors	Thin Lizzy	Jailbreak	Thin Lizzy	INDIFFERENT		1976.0	Album	
VOOgEjf72Jo	Jailbreak (BBC Session 12/02/76)	Thin Lizzy	Jailbreak (Deluxe Edition)	Thin Lizzy	INDIFFERENT		1976.0	Album	243.0
5HYQzDpBGIA	Don't Believe A Word	Thin Lizzy	Johnny The Fox (Deluxe Edition)	Thin Lizzy	INDIFFERENT		1976.0	Album	
Uikcf2fBnS8	Renegade	Thin Lizzy	Renegade	Thin Lizzy	INDIFFERENT		1981.0	Album	
SAlAuGMLhXc	Slow Motion (2006 Remaster)	Third Eye Blind	A Collection	Third Eye Blind	INDIFFERENT		2006.0	Album	
ArZTeT-Bh_c	Keep Going	This Is the Kit	Off Off On	This Is the Kit	INDIFFERENT	4.816092	2020.0	Album	
odV-jKHDevI	Europa And The Pirate Twins (2009 Remastered Version)	Thomas Dolby	The Golden Age Of Wireless	Thomas Dolby	INDIFFERENT		1982.0	Album	
2vLC5CqH5XI	Tragedy	Thomas Wayne @ the Delons	Tragedy	Thomas Wayne @ the DeLons	INDIFFERENT		1959.0	Single	
vXPdetEugDo	I'll Be Yours	Those Dancing Days	Daydreams & Nightmares (Bonus Version)	Those Dancing Days	INDIFFERENT		2000.0	Album	
-TRQVhjQnO8	Booze Party	Three Aces & A Joker	The Rum Diary	Various Artists	INDIFFERENT		2011.0	Album	
t5irfFgRgIA	Eli's Coming (Single Version)	Three Dog Night	20th Century Masters: The Millennium Collection: Best Of Three Dog Night	Three Dog Night	INDIFFERENT		2000.0	Album	
SlWrMpV1vy0	Shambala (Single Version)	Three Dog Night	20th Century Masters: The Millennium Collection: Best Of Three Dog Night	Three Dog Night	INDIFFERENT		2000.0	Album	
lZ1KBCSkH_Q	Mama Told Me (Not To Come) (Single Version)	Three Dog Night	20th Century Masters: The Millennium Collection: Best Of Three Dog Night	Three Dog Night	INDIFFERENT		2000.0	Album	200.0
o0NmCA9efi0	An Old Fashioned Love Song	Three Dog Night	Celebrate: The Three Dog Night Story, 1965–1975	Three Dog Night	INDIFFERENT	4.7796373	1993.0	Album	
AjeNUDvz7hY	Celebrate	Three Dog Night	Suitable For Framing	Three Dog Night	INDIFFERENT	4.4540682	1969.0	Album	
I5EZy3ZnLDs	Out In The Country	Three Dog Night	Three Dog Night - The Complete Hit Singles	Three Dog Night	INDIFFERENT		2004.0	Album	188.0
NjwK_04cn3g	Very Best Friend	Thunderbitch	Thunderbitch	Thunderbitch	INDIFFERENT	4.456604	2015.0	Album	
0mZsFNDBay4	Tokyo	Thundercat	Drunk	Thundercat	INDIFFERENT	4.6403556	2017.0	Album	
Ud0xseP0XAc	Outlaw Heart	Tiger Army	Tiger Army	Tiger Army	INDIFFERENT		1999.0	Album	
cYxc006oIdc	Twenty Flight Rock	Tiger Army	Tiger Army	Tiger Army	INDIFFERENT		1999.0	Album	
a7mDAtnuZeg	Foolish	Tijuana Panthers	Poster	Tijuana Panthers	INDIFFERENT		2015.0	Album	
p4vPXGOLyDI	Save Your Love for Me	Till Brönner	On Vacation	Till Brönner	INDIFFERENT	4.6407447	2020.0	Album	
ydW0PEeybJ8	Pleasant Street	Tim Buckley	Goodbye And Hello	Tim Buckley	INDIFFERENT		1967.0	Album	
Acbn7pSo10Y	Honey Man	Tim Buckley	The Dream Belongs To Me	Tim Buckley	INDIFFERENT		2001.0	Album	
-WDXOO3VM-0	Sweet Transvestite	Tim Curry	Absolute Treasures: The Rocky Horror Picture Show - The Complete and Definitive Soundtrack (2015 40th Anniversary Re-Mastered Edition)	Various Artists	INDIFFERENT		1975.0	Album	
S-4xzFAysx8	If I Were a Carpenter (Live at Woodstock - 8/15/69)	Tim Hardin	Live at Woodstock	Tim Hardin	INDIFFERENT		2019.0	Album	
GRiQ1F0FOTw	If I Were A Carpenter	Tim Hardin	Reason To Believe (The Best Of)	Tim Hardin	INDIFFERENT		1987.0	Album	
BLalJpRsrGQ	Don't Make Promises	Tim Hardin	Tim Hardin 1	Tim Hardin	INDIFFERENT	3.5401459	1966.0	Album	
GB-14MXDlas	Imunização Racional (Que Beleza)	Tim Maia	Racional (Vol 1)	Tim Maia	INDIFFERENT		1975.0	Album	
RObFa5oJAYU	Apologize (feat. OneRepublic)	Timbaland	Shock Value	Timbaland	INDIFFERENT		2007.0	Album	
27AYz__uBMM	Beggin'	Timebox	Late 60s Mod Hits, Vol. 1	Various Artists	INDIFFERENT		2014.0	Album	
vWuqPAW18ws	The Wait	Times New Viking	Rip It Off	Times New Viking	INDIFFERENT	3.6666667	2008.0	Album	
gZqHbVdH0vY	Teen Drama	Times New Viking	Rip It Off	Times New Viking	INDIFFERENT	3.8527131	2008.0	Album	
vWSCMOfwPU4	J'Attendrai	Tino Rossi	J'Attendrai	Tino Rossi	INDIFFERENT		2005.0	Album	
7IUkFHcI6p0	Vieni Vieni	Tino Rossi	Nos plus belles chansons, Vol. 5: 1930-1935	Various Artists	INDIFFERENT		1994.0	Album	
0Vzn2_0gUzk	I'm Going to Have Myself a Ball	Tiny Bradshaw	All Time Great Pop Songs, Vol. 10	Various Artists	INDIFFERENT		2013.0	Album	
GHEvO9TyqHk	The Train Kept A-Rollin'	Tiny Bradshaw & His Orchestra	100 Doo Wop Classics	Various Artists	INDIFFERENT		2010.0	Album	
fgMf7PUoLDI	Good Intentions	Toad The Wet Sprocket	In Light Syrup	Toad The Wet Sprocket	INDIFFERENT		1995.0	Album	
T10fdwYNDVk	Mister Love	Toadies	Rubberneck	Toadies	INDIFFERENT		1994.0	Album	
6vlBd4AqbcI	I Come From The Water	Toadies	Rubberneck	Toadies	INDIFFERENT		1994.0	Album	
fbTcx0puasc	The Wait	Tobias Jesso Jr.	Goon	Tobias Jesso Jr.	INDIFFERENT	3.9864864	2015.0	Album	
vHb3bgXF3L0	International Feel	Todd Rundgren	A Wizard/ A True Star	Todd Rundgren	INDIFFERENT		1973.0	Album	
BXBm2EdXzVU	A Lesson In Crime	Tokyo Police Club	Smith	Tokyo Police Club	INDIFFERENT		2007.0	EP	
CfUuamLRsbE	Funkin' for Jamaica	Tom Browne	Funkin' For Jamaica	Tom Browne	INDIFFERENT		1997.0	Album	
mtmxJETd0xE	Vibration (US title: The Visitor From Inner Space)	Tom Dissevelt	Popular Electronics: Early Dutch Electronic Music 1956-1963	Dick Raaijmakers	INDIFFERENT		2004.0	Album	
qQvIAs-nPSo	What's New Pussycat?	Tom Jones	What's New Pussycat	Tom Jones	INDIFFERENT		1966.0	Album	
xKU2wGo6ew4	Melody	Tom Oren	Melody	Tom Oren	INDIFFERENT	4.5395684	2020.0	Single	
PeEj8M1K_mI	To Find A Friend	Tom Petty	Wildflowers	Tom Petty	INDIFFERENT		1994.0	Album	
-qcL9rnkP2Y	Angel Dream (No. 4)	Tom Petty & The Heartbreakers	Songs And Music From The Motion Picture She's The One	Tom Petty And The Heartbreakers	INDIFFERENT		1996.0	Album	148.0
5Ue4_MWwKY8	Even The Losers	Tom Petty And The Heartbreakers	Damn The Torpedoes	Tom Petty And The Heartbreakers	INDIFFERENT		1979.0	Album	
dQymAu7gabY	Sure Enough	Tom Scott	Desire	Tom Scott	INDIFFERENT		1982.0	Album	
IJwkY33ru0w	Face To The Highway	Tom Waits	Bad As Me (Deluxe Edition Remastered)	Tom Waits	INDIFFERENT		2011.0	Album	
2Y5lGA68k7g	Swamp Gal	Tommy Bell	Teenage Rebels, Vol. 2	Various Artists	INDIFFERENT		2012.0	Album	
Y_DWxUb0vjs	It's All In The Game	Tommy Edwards	It’s All In The Game: The Best Of Tommy Edwards	Tommy Edwards	INDIFFERENT		1994.0	Album	
tna9lceUhMw	Draggin' the Line (Single Version)	Tommy James	The Solo Years	Tommy James	INDIFFERENT	4.5402298	2005.0	Album	
X4yoJcPI1xc	Crimson & Clover (Single Version)	Tommy James & The Shondells	The Essentials: Tommy James & The Shondells	Tommy James & The Shondells	INDIFFERENT	4.6819744	2002.0	Album	
E-V-Blax5Fw	Concrete and Clay	Tommy Moeller	Time (Special Edition)	Tommy Moeller	INDIFFERENT	3.8800001	2011.0	Album	
nVx2im37xqI	Looped	Tommy Ridgley	Giving You R'n'B!	Tommy Ridgley	INDIFFERENT		2021.0	Album	
JRMymqtEaj8	Dizzy	Tommy Roe	#1 Hits of the 50s & 60s	Various Artists	INDIFFERENT	4.2380953	2009.0	Album	
1qIXStzWPAM	Dizzy	Tommy Roe	60s Hit Makers	Various Artists	INDIFFERENT	4.289782	2007.0	Album	
DTQzMjrw_5U	Sweet Pea	Tommy Roe	Greatest Hits	Tommy Roe	INDIFFERENT	4.5757575	2018.0	Album	
IrO8wUBJxyQ	Dizzy	Tommy Roe	Greatest Hits - The Original ABC Hit Recordings	Tommy Roe	INDIFFERENT		1993.0	Album	
RAaRq3tk4_I	Sing Boy Sing	Tommy Sands	Capitol Collector's Series	Tommy Sands	INDIFFERENT		2011.0	Album	
b6U-neH2WGA	Teenage Crush	Tommy Sands	Teenage Hits & Rarities	Tommy Sands	INDIFFERENT		2006.0	Album	
WrlFgP_paOc	The Big Hurt	Toni Fisher	20th Century Rocks: 50's Rock 'n Roll - Is Here to Stay	Various Artists	INDIFFERENT		2001.0	Album	
GgaP_Gq6kOs	The Big Hurt	Toni Fisher	Presenting Toni Fisher	Toni Fisher	INDIFFERENT		1959.0	Album	130.0
Kuq6V4FsD1s	Sexy Coffee Pot (Single Version)	Tony Alvon & The Belairs	Funk 101		INDIFFERENT				
QOA-cMlkQ74	Because of You	Tony Bennett	Because of You	Tony Bennett	INDIFFERENT		2012.0	Album	
GwnhPj2NgGE	Because Of You	Tony Bennett	Pop Music: The Golden Era 1951-1975	Various Artists	INDIFFERENT		1999.0	Album	
97nvuPftc_4	Showdown	Tony Casanova	The Dore Story: Postcards from Los Angeles 1958-64	Various Artists	INDIFFERENT		2011.0	Album	
9PKSOOVEg9A	Swamp Water	Tony Joe White	Deep Cuts	Tony Joe White	INDIFFERENT		2008.0	Album	
q8VRVicQJpk	Bless You	Tony Orlando	Pop Music: The Golden Era 1951-1975	Various Artists	INDIFFERENT		1999.0	Album	
-S90_Sj3gKE	Love Has Come My Way	Tony Valor Sounds Orchestra	Love Has Come My Way	Tony Valor Sounds Orchestra	INDIFFERENT		1977.0	Album	
Hu8N23cgBJw	Way Too Real	Too $hort	Get In Where You Fit In	Too $hort	INDIFFERENT	4.7180567	1993.0	Album	
mHFU7c9bR7k	So You Want to Be a Gangster	Too $hort	Shorty The Pimp	Too $hort	INDIFFERENT	4.7264371	1992.0	Album	
mekO33JInGA	Invasion Of The Flat Booty B*tches	Too $hort	The Early Years Featuring Unreleased Bonus Track	Too $hort	INDIFFERENT		1995.0	Album	
N_GNB3GA-ys	Thunder and Lightning	Tooter Boatman	Teen Rock Oldies	Various Artists	INDIFFERENT		2013.0	Album	
IPil4TofEzE	Reggae Got Soul	Toots & The Maytals	Reggae Got Soul	Toots & The Maytals	INDIFFERENT		1976.0	Album	
t5TLaq-F1j0	54-46, That's My Number	Toots & The Maytals	Time Tough: The Anthology	Toots & The Maytals	INDIFFERENT		1996.0	Album	
aJR3p8QMKJk	Love Gonna Walk Out On Me	Toots & The Maytals	True Love	Toots and the Maytals	INDIFFERENT		2004.0	Album	
qqqkh9kw4s4	Get Like It	Tora	Tora	Tora	INDIFFERENT	4.2941175	2013.0	EP	
CFRiVU8okbY	Shake Hands With Danger	Tortoise	The Catastrophist	Tortoise	INDIFFERENT		2016.0	Album	
zdzUXqtD5jU	99	Toto	Hydra	Toto	INDIFFERENT		1979.0	Album	
HX_oR3qwwro	Georgy Porgy	Toto	Toto	Toto	INDIFFERENT		1978.0	Album	248.0
SGtVZgCYVgk	Rosanna	Toto	Toto IV	Toto	INDIFFERENT		1982.0	Album	
Vg8_Yj8szdA	Habits (Stay High) (Hippie Sabotage Remix)	Tove Lo	Queen Of The Clouds	Tove Lo	INDIFFERENT	4.542541	2014.0	Album	
F23OMi1BRxw	Habits (Stay High) (Hippie Sabotage Remix)	Tove Lo	Queen Of The Clouds	Tove Lo	INDIFFERENT		2014.0	Album	
nQKOAnzMV-E	Oakland Stroke	Tower Of Power	Back To Oakland	Tower Of Power	INDIFFERENT		1974.0	Album	
8PchfuhdQLs	So Very Hard to Go	Tower Of Power	Ghetto Child: 1973 Soul and R&B	Various Artists	INDIFFERENT	4.7512774	2018.0	Album	
cbyKxiVvpaE	So Very Hard to Go	Tower Of Power	The Very Best Of Tower Of Power: The Warner Years	Tower Of Power	INDIFFERENT		2001.0	Album	
guKrtjCy_yI	Bride of Frankenstein	Toy Love	Toy Love	Toy Love	INDIFFERENT		1980.0	Album	
PAIywSUAq4o	Heaven Is In Your Mind	Traffic	Mr. Fantasy	Traffic	INDIFFERENT		1967.0	Album	
jwQ42ah9v9I	You Can All Join In	Traffic	Traffic	Traffic	INDIFFERENT		1968.0	Album	
2l5XXNcIEYo	Fire	Traffic Sound	Early Recordings (A Bailar Go-Go)	Traffic Sound	INDIFFERENT		2013.0	EP	
XlB58qN5afQ	White Deal	Traffic Sound	Lux	Traffic Sound	INDIFFERENT		1971.0	Album	
A6OM23yzKYI	White Deal	Traffic Sound	Lux	Traffic Sound	INDIFFERENT		1972.0	Album	105.0
yycQ4r5jsd4	Thoughts	Tripp St.	Different Worlds	Tripp St.	INDIFFERENT		2021.0	Album	
GjmADSq76TY	Thoughts	Tripp St.	Different Worlds	Tripp St.	INDIFFERENT		2021.0	Album	294.0
SrOZnqm2dLY	Lay It on the Line	Triumph	Just a Game	Triumph	INDIFFERENT		1979.0	Album	
oaI7kx3Wb68	T.v. Me	Tru Fax And The Insaniacs	9:30 Live! Vol. 2	Various Artists	INDIFFERENT		1997.0	Album	
f8PP2UI35DU	Wings of Love	Tsvia Abarbanel	Eastern Soul	Tsvia Abarbanel	INDIFFERENT		1970.0	EP	
Cnm2qtKNLFw	5ive for Kankick	Tuamie	Anthology, Vol. 2	Tuamie	INDIFFERENT	5.0	2017.0	Album	
ed2b7pe06dc	Til the Sun Comes Up	Tucka	Long Live the King	Tucka	INDIFFERENT		2016.0	Album	279.0
OSQJ74Nz9ws	Let Me Be (Stereo)	Turtles	You Baby/Let Me Be	Turtles	INDIFFERENT	3.360424	1966.0	Album	
VfmYIz-K-iI	Tears On The Wall	Twilight Ritual	Rituals	Twilight Ritual	INDIFFERENT		1985.0	Album	
JKo5N7SO4Ko	Baby Blue	Twin Peaks	Sunken	Twin Peaks	INDIFFERENT	4.41502	2013.0	Album	
KF1DxDTOVT8	Ten Thousand Words In A Cardboard Box	Twink	Think Pink (50th Anniversary Edition)	Twink	INDIFFERENT		1970.0	Album	
cDk74v0HHXc	Round & Round	Twinz	Conversation	Twinz	INDIFFERENT	4.7585139	1995.0	Album	
KuoNRfwZ050	Overnight Celebrity	Twista	00s Hip Hop	Various Artists	INDIFFERENT	4.8895707	2018.0	Album	
zWAcCXUJ2vY	Keeping Me Under	Two Another	Keeping Me Under	Two Another	INDIFFERENT	4.2380953	2016.0	Single	
hZxLhn9BzKo	Keeping Me Under	Two Another	Two Another	Two Another	INDIFFERENT	5.0	2016.0	Single	
i_dFPShteNA	Body Behavior	Ty Segall	Body Behavior	Ty Segall	INDIFFERENT	3.6268656	2018.0	Single	
_zm92_1hCkc	Class War	Ty Segall	Class War	Ty Segall	INDIFFERENT		2018.0	Single	
kcrpTpA6Adk	Rotten To The Core	Ty Segall	Fudge Sandwich	Ty Segall	INDIFFERENT	4.6270099	2018.0	Album	
-P3ScFluX8c	Class War	Ty Segall	Fudge Sandwich	Ty Segall	INDIFFERENT		2018.0	Album	
R3aa7owE0qI	Please Don’t Leave This Town	Ty Segall	Joy	Ty Segall	INDIFFERENT	4.6923075	2018.0	Album	
xAEEMKhlFcc	Grin Without Smile	Ty Segall	Joy	Ty Segall	INDIFFERENT	4.5789475	2018.0	Album	
ZC7L10hCCLI	Beginning	Ty Segall	Joy	Ty Segall	INDIFFERENT	4.478261	2018.0	Album	
QBAGpzvRMG0	A Nod	Ty Segall	Joy	Ty Segall	INDIFFERENT	4.7446809	2018.0	Album	
pl6NXzmaB4A	Green Belly	Ty Segall	Manipulator	Ty Segall	INDIFFERENT	4.7199998	2014.0	Album	
rqVWsF3OV18	Manipulator	Ty Segall	Manipulator	Ty Segall	INDIFFERENT	4.745223	2014.0	Album	
_on92coOwwk	Don't You Want To Know? (Sue)	Ty Segall	Manipulator	Ty Segall	INDIFFERENT	4.3488374	2014.0	Album	
xD4Ri-7sRtI	The Connection Man	Ty Segall	Manipulator	Ty Segall	INDIFFERENT	4.6701031	2014.0	Album	
uHNQVXgxo7E	I Bought My Eyes	Ty Segall Band	Live in San Francisco	Ty Segall Band	INDIFFERENT		2015.0	Album	231.0
xQpHA7QoH5A	I Bought My Eyes	Ty Segall Band	Slaughterhouse	Ty Segall Band	INDIFFERENT	4.5275593	2012.0	Album	
dm4tkSNKfFI	Awake	Tycho	Awake	Tycho	INDIFFERENT	4.7674417	2013.0	Single	
bjAKj6rnviI	Coastal Brake	Tycho	Coastal Brake	Tycho	INDIFFERENT		2009.0	Single	
pKvW38ffmS4	Coastal Brake	Tycho	Dive	Tycho	INDIFFERENT	4.7307973	2011.0	Album	
-gPcEhScexQ	Elegy	Tycho	Dive	Tycho	INDIFFERENT		2011.0	Album	
xombuoSt9L0	Daydream	Tycho	Dive	Tycho	INDIFFERENT	4.5516376	2011.0	Album	
MZWNPp1-X4c	Melanine	Tycho	Dive	Tycho	INDIFFERENT	4.6021371	2011.0	Album	
LTHcZxdQ348	Easy	Tycho	Easy (Mild Minds Remix)	Tycho	INDIFFERENT		2019.0	Single	208.0
xDo-PGDbba0	Montana	Tycho	Montana	Tycho	INDIFFERENT		2014.0	Single	
hjsZqjfhhSg	Cloud Generator	Tycho	Past Is Prologue	Tycho	INDIFFERENT		2004.0	Album	
j8uP3E6nr08	See (feat. Beacon)	Tycho	See (feat. Beacon)	Tycho	INDIFFERENT		2014.0	Single	
O0TLudn2Qwc	Easy	Tycho	Simulcast	Tycho	INDIFFERENT	4.722127	2020.0	Album	
rT57vK-Z3as	Cloud Generator	Tycho	Sunrise Projector	Tycho	INDIFFERENT				
xMzpFTcT4eg	Easy	Tycho	Weather	Tycho	INDIFFERENT		2019.0	Album	
rrwzyDUz6B0	Searching	Tzelun	Searching	Tzelun	INDIFFERENT		2019.0	Single	
bIzIxYnoJ2M	Runaway Girl (1990 Digital Remaster)	U-Roy	Dread In A Babylon	U-Roy	INDIFFERENT		1975.0	Album	
kXwEfKhSFoY	Dreadlocks Dread (1990 Digital Remaster)	U-Roy	Dread In A Babylon	U-Roy	INDIFFERENT		1975.0	Album	
1OOIDREsB9E	Natty Rebel	U-Roy	Original DJ	U-Roy	INDIFFERENT		1995.0	Album	
WfunypXsBO4	Where The Streets Have No Name	U2	The Joshua Tree	U2	INDIFFERENT		1987.0	Album	
eZmoYKEflD0	Ridin' Dirty	UGK (Underground Kingz)	Ridin' Dirty	UGK	INDIFFERENT	4.5541525	1996.0	Album	
Zf9jkJSrYRc	Hibi no Awa feat. Lovely Summer Chan (feat. Lovely Summer-Chan)	Uchu Nekoko	Uchu Nekoko	Uchu Nekoko	INDIFFERENT		2014.0	Single	
dmDNPFG52sk	Fresh Mode	Ugly Duckling	Fresh Mode	Ugly Duckling	INDIFFERENT		1999.0	EP	
ERSll6z_UR8	Goddamn Devil	Ugly Kid Joe	America's Least Wanted	Ugly Kid Joe	INDIFFERENT		1992.0	Album	
sogt2oFA_EY	Everything About You	Ugly Kid Joe	As Ugly As They Wanna Be	Ugly Kid Joe	INDIFFERENT		1991.0	EP	
IFNeQqnBsKg	Electric Sun	Uli Jon Roth & Electric Sun	Earthquake	Uli Jon Roth & Electric Sun	INDIFFERENT		1979.0	Album	
UIiYRlh27kg	Vienna (Single Version)	Ultravox	Vienna [Deluxe Edition]: 40th Anniversary	Ultravox	INDIFFERENT		1980.0	Album	
-nOvSzWC07k	Withered Hand of Evil	Uncle Acid & The Deadbeats	Blood Lust	Uncle Acid & The Deadbeats	INDIFFERENT		2011.0	Album	
yZshB1hHaFo	Nerve Damage!	Unknown Mortal Orchestra	Unknown Mortal Orchestra	Unknown Mortal Orchestra	INDIFFERENT	4.1986866	2011.0	Album	
8zrlh9VGBZc	The Wizard	Uriah Heep	Demons and Wizards (Deluxe Edition)	Uriah Heep	INDIFFERENT		1972.0	Album	
3T7C1Sdl-tA	Easy Livin' (2017 Remastered)	Uriah Heep	Demons and Wizards (Expanded Version)	Uriah Heep	INDIFFERENT		1972.0	Album	
G-MFInKFBVs	Evangelist	Ut	In Gut's House	Ut	INDIFFERENT		1987.0	Album	
iy2rjWZxVYo	Can't Stand It Alone	V.X.D	Can't Stand It Alone	V.X.D	INDIFFERENT		2018.0	Single	
OoyaeXBZugM	Love You Once Made	Valerie June	The Order Of Time	Valerie June	INDIFFERENT	4.2987013	2017.0	Album	
xDzlocGihOo	Killer (2005 Digital Remaster)	Van Der Graaf Generator	H To He, Who Am the Only One	Van Der Graaf Generator	INDIFFERENT		1970.0	Album	
O6sdyftZOIo	Lemmings (Including Cog) (Remastered 2005)	Van Der Graaf Generator	Pawn Hearts	Van Der Graaf Generator	INDIFFERENT		1971.0	Album	
Z6VotIhBMVU	Uptown Hustle	Van Gordon Martin	No Limit to Love	Van Gordon Martin	INDIFFERENT		2011.0	Album	
NSjnWI8HdhM	Summer Nights	Van Halen	5150	Van Halen	INDIFFERENT		1986.0	Album	
p0Bz6sFPib0	Can't Stop Lovin' You	Van Halen	Balance	Van Halen	INDIFFERENT		1995.0	Album	
igNkzZl50RE	Humans Being	Van Halen	Best of Volume 1	Van Halen	INDIFFERENT		1996.0	Album	
Mzo3Sf7MpZw	Light up the Sky	Van Halen	Van Halen II	Van Halen	INDIFFERENT		1979.0	Album	
gsGpOLXkIoM	Atomic Punk (45 Version)	Van Halen	You Really Got Me	Van Halen	INDIFFERENT		1978.0	Single	
4Dp48Acl62E	The Hustle	Van McCoy	Disco Baby	Van McCoy	INDIFFERENT		1975.0	Album	249.0
IR6gcIZ7wxI	Radio Waves I	Van She	Idea Of Happiness	Van She	INDIFFERENT	3.928	2012.0	Album	
-Oc-g8D4TS8	Radio Waves I	Van She	Idea Of Happiness	Van She	INDIFFERENT		2012.0	Album	127.0
nQFxfUh88A8	Kelly	Van She	V	Van She	INDIFFERENT	3.7547724	2008.0	Album	
rZGK7UeatMQ	Albedo 0.39	Vangelis	Albedo 0.39	Vangelis	INDIFFERENT		1976.0	Album	
HcgoNiM74oE	Heaven and Hell, Pt. I	Vangelis	Heaven & Hell	Vangelis	INDIFFERENT		1975.0	Single	
SsJZqx1BfHA	All in Your Mind (2006 Remaster)	Vanilla Fudge	Renaissance	Vanilla Fudge	INDIFFERENT		1968.0	Album	
ttnL-j3V08o	Set Piece (feat. Sophie Meiers & Ivy Sole)	Vansire	Angel Youth	Vansire	INDIFFERENT		2018.0	Album	
LntXoVb-tw0	Them There Eyes-	Varetta Dillard	New York City Blues & R&B 1949-54	Various Artists	INDIFFERENT		2012.0	Album	
f4v4AADOyC4	H.R. Pufnstuf	Various Artists	All-Time Tv Hits	Various Artists	INDIFFERENT		2010.0	Album	
FZc3mbrHW9g	Mister Sandman	Vaughn Monroe	Anthology: The Definitive Collection	Vaughn Monroe	INDIFFERENT		2020.0	Album	
oMA9DGbuGG4	Auf Weidersehn, Sweetheart	Vera Lynn	Vera Lynn Yours	Vera Lynn	INDIFFERENT		2005.0	Album	
PQj6KUYJz84	Beginning	Verzache	D97	Verzache	INDIFFERENT	4.3730254	2017.0	EP	
JSVSSixzEws	An Affair to Remember (Our Love Affair)	Vic Damone	On The Swingin' Side (Expanded Edition)	Vic Damone	INDIFFERENT		1960.0	Album	
rJvJjiqOopg	You're Breaking My Heart	Vic Damone	The Best Of The Mercury Years	Vic Damone	INDIFFERENT		1996.0	Album	
-4HUZT4F9HM	Heart Made Of Stone	Viceroys	Sly & Robbie present Taxi	Sly & Robbie	INDIFFERENT		1980.0	Album	
qGVENqijnCM	Becoming A Jackal	Villagers	Becoming A Jackal	Villagers	INDIFFERENT		2010.0	Single	
KNh9O3gSprM	Star Song	Vince Guaraldi	Greatest Hits	Vince Guaraldi	INDIFFERENT	4.5845823	1989.0	Album	
aJqe79R_VKc	Cast Your Fate To The Wind	Vince Guaraldi Trio	Jazz Impressions of Black Orpheus	Vince Guaraldi Trio	INDIFFERENT	4.6666665	2019.0	Album	
2Jd87m_XI6c	Cast Your Fate To The Wind	Vince Guaraldi Trio	Playboy Jazz: Cocktail Mix	Various Artists	INDIFFERENT		2006.0	Album	
XtjRRqORBPI	Red Light (feat. Ravenbird)	Vincent & Mr. Green	Vincent & Mr Green	Vincent & Mr. Green	INDIFFERENT		2004.0	Album	
RuDuMEEQmeE	Face of the Moon	Violet Road	Face of the Moon	Violet Road	INDIFFERENT		2014.0	Single	
U1_1wan0Uvk	Something To Do	Vivian Girls	Memory	Vivian Girls	INDIFFERENT	4.42029	2019.0	Album	
_DYt7XMuUJk	Something To Do	Vivian Girls	Memory	Vivian Girls	INDIFFERENT		2019.0	Album	193.0
cHiNdW5LEfg	Tell The World	Vivian Girls	Vivian Girls	Vivian Girls	INDIFFERENT		2008.0	Album	
Z4PX_9clOUk	Tell The World	Vivian Girls	Vivian Girls	Vivian Girls	INDIFFERENT		2008.0	Album	217.0
X_5zRh0kVLM	Moment	Vormärz	Vormärz	Vormärz	INDIFFERENT		2016.0	EP	
QFOs7pYYcQU	Funky Duck	Vulfpeck	Thrill of the Arts	Vulfpeck	INDIFFERENT	4.6181459	2015.0	Album	
HM14vDsIRkg	The Streets (Re-Twist) (feat. Snoop Dogg & Nate Dogg)	WC	Ghetto Heisman	WC	INDIFFERENT	4.6881652	2002.0	Album	
SqeDklH-XHk	Hoots Mon (There’s a Moose, Loose, Aboot This Hoose) (Definitive1 Mix)	Waccy Maccy and The Lairds Of Rock	Scottish Heartland: The Definitive Celtic Collection, Vol. 1		INDIFFERENT				
erYhpW1sFAQ	Kingdom Rise Kingdom Fall	Wailing Souls	Fire House Rock	Wailing Souls	INDIFFERENT		1980.0	Album	
29Sys3CwB4Q	Fire House Rock	Wailing Souls	Fire House Rock	Wailing Souls	INDIFFERENT		1980.0	Album	
b6YpjbSnfK4	Fire House Rock	Wailing Souls	Most Wanted: Crucial Cuts 1979-1984	Wailing Souls	INDIFFERENT		2007.0	Album	
bpPjAIre7NU	Jah Jah Give Us Life to Live	Wailing Souls	The Best of the Wailing Souls	Wailing Souls	INDIFFERENT		1996.0	Album	
r3PmszkUomg	Have A Good Time	"Walter ""Shakey"" Horton"	Blues Harp Hero	Various Artists	INDIFFERENT		2006.0	Album	
d-jSOu40JvY	Alley Cat	Walter Brown	Rock & Roll Mashup, Vol. 5		INDIFFERENT				
gqIlhQnn2z4	Magnet and Steel	Walter Egan	Not Shy	Walter Egan	INDIFFERENT		1978.0	Album	
_nimA0gdBi4	Der Wagen	Walter Wegmüller	Tarot	Walter Wegmüller	INDIFFERENT		1973.0	Album	
i1gZw9qZO6Y	Lower Order	Wand	1000 Days	Wand	INDIFFERENT	4.8032789	2015.0	Album	
JAv_2PALrhE	Flesh Tour	Wand	Golem	Wand	INDIFFERENT	4.4629631	2015.0	Album	
f9GiaXNqHqE	Fujiyama Mama	Wanda Jackson	20 Rock 'N' Roll Hits	Wanda Jackson	INDIFFERENT		2003.0	Album	
lXEiRJbBmGI	Let's Have A Party	Wanda Jackson	20 Rock 'N' Roll Hits	Wanda Jackson	INDIFFERENT		2003.0	Album	
Yb7nj3dpWj4	Fujiyama Mama	Wanda Jackson	Rockin' With Wanda	Wanda Jackson	INDIFFERENT		1960.0	Album	
X4o9BZAVwzU	Fujiyama Mama	Wanda Jackson	The Ultimate Collection	Wanda Jackson	INDIFFERENT		2007.0	Album	
m-7NEY4p5s0	Let's Have A Party	Wanda Jackson	Wanda Jackson	Wanda Jackson	INDIFFERENT		1958.0	Album	
6INiwFDtTG4	Dance Hall Days	Wang Chung	Points On The Curve	Wang Chung	INDIFFERENT	4.4964604	1983.0	Album	
iSXyCSwzcqs	The Avalanches - Undersea Community (Orginal Extended Version)	WannaTradePants			INDIFFERENT				239.0
neQWhXMD5Nw	The Cisco Kid	War	The Very Best of War	War	INDIFFERENT	4.6610169	2003.0	Album	
_86iwnPKzBY	The Cisco Kid	War	The World is a Ghetto	War	INDIFFERENT		1972.0	Album	271.0
8XBXvVC6sh4	Disco//very	Warpaint	Warpaint	Warpaint	INDIFFERENT		2014.0	Album	
sNz8E2SUMUk	Uncle Tom's Cabin	Warrant	Cherry Pie (Expanded Edition)	Warrant	INDIFFERENT		1990.0	Album	
gX3YUdsr4kk	And Ya Don't Stop	Warren G	Regulate... G Funk Era (Special Edition)	Warren G	INDIFFERENT	4.1452727	1994.0	Album	
xR6KefsflWk	And Ya Don't Stop	Warren G	Regulate...G Funk Era (20th Anniversary)	Warren G	INDIFFERENT	4.5592518	1994.0	Album	
Cdjdp_1SQas	Ubangi Stomp	Warren Smith	Rokabilly Legend	Warren Smith	INDIFFERENT		2006.0	Album	
WEjXzV1R_Zs	Ubangi Stomp	Warren Smith	Ubangi Stomp / Black Jack David	Warren Smith	INDIFFERENT		1956.0	Single	
qHAAikYzU2g	Ubangi Stomp	Warren Smith	Warren Smith's The Darkest Cloud	Warren Smith	INDIFFERENT		2006.0	Album	
F2HH7J-Sx80	Lawyers, Guns and Money (2007 Remaster)	Warren Zevon	Excitable Boy	Warren Zevon	INDIFFERENT		1978.0	Album	
wRWCK9zGynA	Roland the Headless Thompson Gunner (2007 Remaster)	Warren Zevon	Excitable Boy	Warren Zevon	INDIFFERENT	4.6499386	1978.0	Album	
33try7zOWSU	Glimpses	Water Park	Glimpses	Water Park	INDIFFERENT		2017.0	Single	277.0
rD5U7uz7kPg	Redlead	Wavves	V	Wavves	INDIFFERENT	4.5	2015.0	Album	
qZTwjljm5qc	Mammas, Don't Let Your Babies Grow Up to Be Cowboys	Waylon Jennings	Greatest Hits	Waylon Jennings	INDIFFERENT		1979.0	Album	
AA12p-27TZ0	Waymore's Blues	Waylon Jennings & The .357s	Waylon Forever		INDIFFERENT				302.0
w5_9FqF3zew	A Groovy Kind Of Love	Wayne Fontana, The Mindbenders	Classics of The 50's & 60's	Various Artists	INDIFFERENT	4.0847459	2018.0	Album	
U5N9QJN5J30	This New Generation	Wayne Horvitz	This New Generation	Wayne Horvitz	INDIFFERENT		1985.0	Album	
violhZGikck	Shake Baby Shake	Wayne Raney	100 Rock Hits 50'	Various Artists	INDIFFERENT		2010.0	Album	
c7YSANg8vgw	You Were On My Mind	We Five	You Were On My Mind	We Five	INDIFFERENT	4.6092439	1965.0	Album	
eeSvJkPkvnA	An Almighty Thud	We Were Promised Jetpacks	These Four Walls	We Were Promised Jetpacks	INDIFFERENT		2009.0	Album	
WSgipxT57g8	An Almighty Thud	We Were Promised Jetpacks	These Four Walls (10 Year Anniversary Edition)	We Were Promised Jetpacks	INDIFFERENT		2005.0	Album	
G7vZnGreeqw	Smoking	Weaver Beats	Smoking	Weaver Beats	INDIFFERENT		2019.0	Single	
-a98CPBh6IA	Pink Eye (On My Leg)	Ween	The Mollusk	Ween	INDIFFERENT		1997.0	Album	
NbRinqYBLYs	The Good Life	Weezer	Pinkerton	Weezer	INDIFFERENT	4.6481285	1996.0	Album	
lyMiZCuqrQQ	Pink Triangle (Radio Remix)	Weezer	Pinkerton (Deluxe Edition)	Weezer	INDIFFERENT		1996.0	Album	
nv-K-rWBFQA	After Laughter (Comes Tears)	Wendy Rene	Stax-Volt: The Complete Singles 1959-1968	Various Artists	INDIFFERENT		2007.0	Album	
vClrYGoMbFw	I'm A Fool About Your Love	Werly Fairburn	Rockin' R&B Classics	Various Artists	INDIFFERENT		2011.0	Album	
vyLtOeT-5vY	The Promise	When In Rome	When In Rome	When In Rome	INDIFFERENT	4.5694852	1988.0	Album	
8JETuhSrKtg	It Will Never Be	White Fence	Family Perfume, Volume 1	White Fence	INDIFFERENT		2012.0	Album	
6EUvkigU6dY	Electric Head, Part 2 (The Ecstasy)	White Zombie	Astro Creep: 2000 Songs Of Love, Destruction And Other Synthetic Delusions Of The Electric Head	White Zombie	INDIFFERENT		1995.0	Album	
_7CdugjjDfc	Thunder Kiss '65	White Zombie	La Sexorcisto: Devil Music Volume One	White Zombie	INDIFFERENT		1992.0	Album	
Ssd9ap-lJ9E	Black Sunshine	White Zombie	La Sexorcisto: Devil Music Volume One	White Zombie	INDIFFERENT		1992.0	Album	
p_FvGgQrBY4	Welcome To Planet Motherfucker/ Psychoholic Slag	White Zombie	La Sexorcisto: Devil Music Volume One	White Zombie	INDIFFERENT		1992.0	Album	
sXlGrHs7wgY	The Falls (Demo)	Whitney	Light Upon the Lake: Demo Recordings	Whitney	INDIFFERENT	4.1794872	2016.0	Album	
a5fq3MoKX-k	On My Own (Demo)	Whitney	Light Upon the Lake: Demo Recordings	Whitney	INDIFFERENT	4.3913045	2016.0	Album	
zaHNRJ-0Rxg	Million Dollar Bill (Frankie Knuckles Club Mix)	Whitney Houston	Million Dollar Bill (The Remixes)	Whitney Houston	INDIFFERENT		2009.0	Single	
l4hjbrIAWwI	The Good Ones	Widowspeak	Plum	Widowspeak	INDIFFERENT		2020.0	Album	279.0
jRjvoT82-hQ	Celestial Creatures	Wild Beasts	Boy King	Wild Beasts	INDIFFERENT		2016.0	Album	
jLOeAvHH5F4	All The King's Men	Wild Beasts	Two Dancers	Wild Beasts	INDIFFERENT		2009.0	Album	
A-bZuMrZz4A	It's Too Late	Wild Belle	Isles	Wild Belle	INDIFFERENT	4.3793421	2013.0	Album	
HQM4oI0FjXc	Live in Dreams	Wild Nothing	Gemini	Wild Nothing	INDIFFERENT	4.6093659	2010.0	Album	
A7SNj-MXQN0	Gemini	Wild Nothing	Gemini	Wild Nothing	INDIFFERENT	4.6933961	2010.0	Album	
oRdV8Nop-Ag	Bored Games	Wild Nothing	Gemini	Wild Nothing	INDIFFERENT	4.5245476	2010.0	Album	
g60k7N68Ay4	Letting Go	Wild Nothing	Indigo	Wild Nothing	INDIFFERENT	4.6162119	2018.0	Album	
RROjaCXyR58	Reichpop	Wild Nothing	Life of Pause	Wild Nothing	INDIFFERENT		2016.0	Album	
uwl0FFjlgmU	Adore	Wild Nothing	Life of Pause	Wild Nothing	INDIFFERENT	4.6106195	2016.0	Album	
e-EBy1_xddY	Not The Only One	William Arcane	Permanence	William Arcane	INDIFFERENT	4.4020619	2013.0	EP	
xWnkzRWofe8	Ragged And Dirty	William Brown	Mississippi Blues & Gospel 1934 - 1942	Various Artists	INDIFFERENT		2005.0	Album	
gYQiwYmfqMk	Ragged And Dirty	William Brown	Vintage Blues & Gospel Recordings	Various Artists	INDIFFERENT		2010.0	Album	
9Q5zZiIYnE0	Old devils	William Elliott Whitmore	Animals In The Dark	William Elliott Whitmore	INDIFFERENT		2009.0	Album	
ZIxL47tPnp0	I Ain't Superstitious	Willie Dixon	I Am The Blues	Willie Dixon	INDIFFERENT	4.5714288	1970.0	Album	
UfnctFIh9aE	Built For Comfort	Willie Dixon	Willie's Blues	Willie Dixon	INDIFFERENT		1958.0	Album	
rP_dDldSSkk	I Don't Know	Willie Mabon, Hubert Sumlin, Eddie Taylor, Robert Stroger, Odie Payne	Blues Anytime!	Hubert Sumlin	INDIFFERENT		1994.0	Album	
yrinf7qndZc	The Champion, Pt. 1	Willie Mitchell	Willie Mitchell's Driving Beat	Willie Mitchell	INDIFFERENT		1966.0	Album	
iSFSL4yLwY8	Thank You John	Willie Tee	Southern Soul Sweets	Various Artists	INDIFFERENT		2019.0	Album	
SA7J17Z5ph0	Thank You John	Willie Tee	Walking up a One Way Street	Willie Tee	INDIFFERENT		2019.0	EP	
09uGxqaM2X0	I'm So Happy Now	Willie Wright	Telling The Truth	Willie Wright	INDIFFERENT		2011.0	Album	
FCpqfJwnm3o	Lord Pity Us All	Wilson Pickett	Right On	Wilson Pickett	INDIFFERENT		1970.0	Album	
Gm6JDiyou-U	Take Your Pleasure Where You Find It	Wilson Pickett	The Complete RCA Studio Recordings (1973-1975)	Wilson Pickett	INDIFFERENT		2016.0	Album	
X4UumElA9Bk	The Love	Wine & Cheese	The Feels	Wine & Cheese	INDIFFERENT		2021.0	Single	
LN2xrdipRMI	Place Called Africa (Version 3)	Winston Prince	Africa's Blood	"Lee ""Scratch"" Perry"	INDIFFERENT		1972.0	Album	
PCPv__h5XnQ	Place Called Africa (Version 3)	Winston Prince	Lee Perry & The Upsetters: The Trojan Albums Collection, 1971 to 1973	Various Artists	INDIFFERENT		2017.0	Album	
h-Ak041nWos	Faster	Within Temptation	The Unforgiving	Within Temptation	INDIFFERENT		2011.0	Album	264.0
ur80MSuAPe4	Zu Den Jahreszeiten	Witthüser	Bauer Plath	Witthüser & Westrupp	INDIFFERENT	2.945946	1972.0	Album	
bdSUHXNktsQ	Floating Ruin	Wizard Death	Floating Ruin	Wizard Death	INDIFFERENT		2019.0	Single	
lXfGLZ2zz7A	Don't Delete The Kisses	Wolf Alice	Visions Of A Life	Wolf Alice	INDIFFERENT		2017.0	Album	
tLhpRQsdrI8	Wunderbar	Wolfgang Riechmann	Electri_city - Elektronische Musik Aus Duesseldorf	Various Artists	INDIFFERENT		2014.0	Album	
bDp6zskGYJ0	Sun Up	Wolfgang Schlüter	For You	Wolfgang Schlüter	INDIFFERENT		2019.0	Album	
_70aFAilndU	We Don't Talk	Women	No Reasons	Women	INDIFFERENT	4.0	2010.0	Album	
RNkWeWObYJg	Lawncare	Women	Women	Women	INDIFFERENT	4.483871	2008.0	Album	
BEv-TRH13tE	The Incredible Hulk	Wonder Woman	Dallas & Other Great TV Themes	Wonder Woman	INDIFFERENT		2014.0	Album	80.0
Xtcalc4PC7I	Back to Land	Wooden Shjips	Back to Land	Wooden Shjips	INDIFFERENT	4.6616917	2013.0	Album	
lqSWQ_Nx8Mc	From the Horn	Woods	At Echo Lake	Woods	INDIFFERENT	3.054054	2010.0	Album	
oWJJciQM-bI	Pick Up	Woods	At Echo Lake	Woods	INDIFFERENT	4.2820511	2010.0	Album	
4lNbhL_k2sI	Morning Light	Woods	City Sun Eater In The River Of Light	Woods	INDIFFERENT		2016.0	Album	250.0
6tXbvQRa_r8	Down This Road	Woods	Songs of Shame	Woods	INDIFFERENT	3.8	2009.0	Album	
nfkpC8B8brg	Gypsy Hand	Woods	Songs of Shame	Woods	INDIFFERENT	4.0877194	2009.0	Album	
2UrnhEmhGiw	Military Madness	Woods	Songs of Shame	Woods	INDIFFERENT	4.2894735	2009.0	Album	
vX-sTQdrBD0	Moving To The Left	Woods	With Light And With Love	Woods	INDIFFERENT	4.1944656	2014.0	Album	
lNss_LNasfw	Take It Back	Wu-Tang Clan	8 Diagrams	Wu-Tang Clan	INDIFFERENT		2007.0	Album	
MGSy0bLkFCk	Keep Watch	Wu-Tang Clan	A Better Tomorrow	Wu-Tang Clan	INDIFFERENT		2014.0	Album	
Lnpn_tJTHGs	Da Mystery of Chessboxin' (Radio Edit)	Wu-Tang Clan	Enter The Wu-Tang (36 Chambers)	Wu-Tang Clan	INDIFFERENT		1993.0	Album	
0WoIJatwtAg	Gravel Pit	Wu-Tang Clan	Hip Hop 100 Hits - Urban rap & R n B anthems inc. Jay Z, A$ap Rocky, Wu-Tang Clan & Nas	Various Artists	INDIFFERENT	4.6959066	2013.0	Album	
O_RMjscpSGk	Gravel Pit	Wu-Tang Clan	Legend Of The Wu-Tang: Wu-Tang Clan's Greatest Hits	Wu-Tang Clan	INDIFFERENT	4.6134267	2004.0	Album	
6kpWgXtx2-A	The W	Wu-Tang Clan	The Essential Wu-Tang Clan	Wu-Tang Clan	INDIFFERENT		2013.0	Album	
iK13asvtg_w	Gravel Pit	Wu-Tang Clan	The W	Wu-Tang Clan	INDIFFERENT	4.5949368	2000.0	Album	
-Y96qdN4W5o	It's Yourz	Wu-Tang Clan	Wu-Tang Forever	Wu-Tang Clan	INDIFFERENT		1997.0	Album	
APR4B5XCMzw	Uzi (Pinky Ring)	Wu-Tang Clan	Wu-Tang Iron Flag	Wu-Tang Clan	INDIFFERENT		2001.0	Album	
T9eZK7GCjFQ	Come On	Wynn Stewart	I'd Rather Have America	Wynn Stewart	INDIFFERENT		2021.0	Album	
rUsA6bR9uwA	Come On	Wynn Stewart	Shiverin' and Shakin' Hop Rockers & Sleazy Instros, Pt. One: 1958-1965	Various Artists	INDIFFERENT		2013.0	Album	
_dKQT4Qxv3s	Blood Shot Eyes	Wynonie Harris	The Rhythms and Blues Selection (Original Recordings from King Records)	Various Artists	INDIFFERENT		2015.0	Album	
_QijkZUEn_Q	Electric Fun Fair	Xhol Caravan	Electrip	Xhol Caravan	INDIFFERENT	4.3333335	1969.0	Album	
vPQiOAVj3PI	Enemies & Friends	Xzibit	At The Speed Of Life	Xzibit	INDIFFERENT	4.3497195	1996.0	Album	
jT1AujHhv_Y	X	Xzibit	Restless	Xzibit	INDIFFERENT	4.5864434	2000.0	Album	
JeTC0HHiILc	Why You Always Hatin? (feat. Drake & Kamaiyah)	YG	Hip Hop Summer Party	Various Artists	INDIFFERENT	4.6237507	2019.0	Album	
EX2d37tT5fo	Birds Fly Higher Than The Moon	Yasper	Birds Fly Higher Than The Moon	Yasper	INDIFFERENT		2020.0	Single	
GaE86S70z-o	Illuminate (feat. Mey)	Yavi	Illuminate	Yavi (feat. Mey)	INDIFFERENT		2014.0	Single	
Qwe_DpnZ_og	Heads Will Roll (A-Trak Dub Remix)	Yeah Yeah Yeahs	Heads Will Roll (A-Trak Remix EP)	Yeah Yeah Yeahs	INDIFFERENT		2009.0	Single	
8LiUx-7WKQY	Zero	Yeah Yeah Yeahs	It's Blitz!	Yeah Yeah Yeahs	INDIFFERENT	4.3770528	2009.0	Album	
KbeBywWgyCI	Wait For The Summer	Yeasayer	All Hour Cymbals	Yeasayer	INDIFFERENT		2007.0	Album	293.0
JG_odYJvBuU	Oh Yeah (Remastered 2005)	Yello	Stella (Remastered 2005)	Yello	INDIFFERENT		1985.0	Album	
di_L7O56ZXE	Technopolis	Yellow Magic Orchestra	Solid State Survivor	Yellow Magic Orchestra	INDIFFERENT		1979.0	Album	
1pf1vuVF79E	Wonderous Stories (2008 Remaster)	Yes	Going for the One	Yes	INDIFFERENT		1977.0	Album	231.0
Yu9ykgGUm1w	Starship Trooper: a. Life Seeker, b. Disillusion, c. Würm (2008 Remaster)	Yes	The Yes Album	Yes	INDIFFERENT		1971.0	Album	569.0
r0FxM7hVZpE	Julani	Yesterday's New Quintet	Angles Without Edges	Yesterday's New Quintet	INDIFFERENT		2001.0	Album	
yV_BIjhVsIw	You Can Have It All	Yo La Tengo	And Then Nothing Turned Itself Inside-Out	Yo La Tengo	INDIFFERENT		2000.0	Album	
Lhhv6wsfKLc	The Lie and How We Told It	Yo La Tengo	I Can Hear the Heart Beating As One	Yo La Tengo	INDIFFERENT	4.6129031	1997.0	Album	
cUvpG8bb6Mw	Season of the Shark	Yo La Tengo	Summer Sun	Yo La Tengo	INDIFFERENT	4.3163419	2003.0	Album	
lfR8Jb5WIUU	Valse de Wasso	Yorgui Loeffler	For Magnio	Yorgui Loeffler	INDIFFERENT		2003.0	Album	
zc7DaeZd2AM	It's Easy	Yot Club	Santolina	Yot Club	INDIFFERENT		2022.0	EP	221.0
zsLA9DJNWcw	Never Ending Sunset	You	Never Ending Sunset	You	INDIFFERENT		2019.0	Single	
gnFIQppyZqk	Calypso Be	Young Tiger	Calypso Be / I Was There	Young Tiger	INDIFFERENT		1959.0	Single	
pZ85AVzVmTo	Afternoon	Youth Lagoon	The Year Of Hibernation	Youth Lagoon	INDIFFERENT	4.3246188	2011.0	Album	
Q2w3486_ZXo	Mute	Youth Lagoon	Wondrous Bughouse	Youth Lagoon	INDIFFERENT		2013.0	Album	
b_wjcfwcbaA	Dropla	Youth Lagoon	Wondrous Bughouse	Youth Lagoon	INDIFFERENT		2013.0	Album	
POym0uY9j0Q	Georgia	Yuck	Yuck	Yuck	INDIFFERENT		2011.0	Album	
EFxKoXKdME8	Gimme All Your Lovin (Live from Houston)	ZZ Top	Live! Greatest Hits from Around the World	ZZ Top	INDIFFERENT		2016.0	Album	
Pks8tXHbDYg	Acid Rain	Zack Oakley	Acid Rain	Zack Oakley	INDIFFERENT		2021.0	Single	
l3yDLvp9le0	In the Year 2525 (Exordium & Terminus)	Zager & Evans	In the Year 2525 (Exordium Terminus)	Zager & Evans	INDIFFERENT		1969.0	Album	
3sJ7WRKdoZk	Comme ci, comme ça	Zaz	Recto verso (Edition Collector)	Zaz	INDIFFERENT		2013.0	Album	
i-RDHeCayn8	forgive u	Zebatin	forgive u	Zebatin	INDIFFERENT		2020.0	Single	119.0
GXZwfYMSjL0	Destiny	Zero 7	Simple Things	Zero 7	INDIFFERENT	4.5121164	2001.0	Album	
upcQY18BiuE	Somersault	Zero 7	When It Falls	Zero 7	INDIFFERENT		2004.0	Album	
1nwL-2pBABE	Lost Your Mind (feat. Fhin)	Zimmer	Ceremony	Zimmer	INDIFFERENT	4.3333335	2016.0	Single	
UBgBP3VSd5M	Train of Thought (Live)	a-ha	Scoundrel Days (Deluxe Edition)	a-ha	INDIFFERENT		1986.0	Album	
yoOCt9xcPXs	Molten Young Lovers	airiel	Molten Young Lovers	airiel	INDIFFERENT		2017.0	Album	
ptIsIs94GqE	Palm City	aiwake	Palm City	aiwake	INDIFFERENT		2018.0	Single	
75ZC2xWjK2M	Deadcrush (Damian Lazarus Remix)	alt-J	Deadcrushed	alt-J	INDIFFERENT	2.125	2017.0	Single	
PkQQmury168	Chillin'	baaskaT	Flickshots & Quickscopes	baaskaT	INDIFFERENT	4.2781954	2016.0	Album	
gk5sKJ4PgPU	Restart.	barnacle boi	Restart.	barnacle boi	INDIFFERENT		2021.0	Single	
ecMLL1XKbQA	Friday Height	bitbeats	Friday Height	bitbeats	INDIFFERENT		2020.0	Single	
nGYVnm_hQfQ	Slow	black midi	Cavalcade	black midi	INDIFFERENT		2021.0	Album	
hQuxfbmb2DA	Dammit	blink-182	Dude Ranch	blink-182	INDIFFERENT		1997.0	Album	
JxuFXbbj_yQ	A New Hope	blink-182	Dude Ranch	blink-182	INDIFFERENT		1997.0	Album	
9ndV9CaBYvM	Josie	blink-182	Dude Ranch	blink-182	INDIFFERENT		1997.0	Album	
G0JYkTQiGO0	A New Hope	blink-182	Dude Ranch	blink-182	INDIFFERENT		1997.0	Album	
PDwB1nHh9Ow	Dumpweed	blink-182	Enema Of The State	blink-182	INDIFFERENT		1999.0	Album	
BQ45bHZd8Tw	Dysentery Gary	blink-182	Enema Of The State	blink-182	INDIFFERENT		1999.0	Album	
BsnddlzfV3A	What's My Age Again?	blink-182	Enema Of The State	blink-182	INDIFFERENT		1999.0	Album	
GYgtr-JFdZA	Josie	blink-182	Greatest Hits	blink-182	INDIFFERENT		2005.0	Album	
gDrIvnbwrHk	Dammit	blink-182	Greatest Hits	blink-182	INDIFFERENT		2005.0	Album	
eiXYwN-mZNI	t-shirt	boy pablo	Soy Pablo	boy pablo	INDIFFERENT	4.7192726	2018.0	EP	
ww7Dulz-q-U	Upside Down	carol Cool	Best Of Reggae Volume 31	Various Artists	INDIFFERENT	4.3830848	2011.0	Album	
1PazWLXxo6M	The Fire Ants - 100 Wives	crunchmetal			INDIFFERENT				
MJwndzZI6UQ	Frilled	delayde	Beatsupply: Crate001	Various Artists	INDIFFERENT		2018.0	EP	
X2rGbIe14Ys	Dusk	ford.	Craving / Dusk	ford.	INDIFFERENT		2018.0	Single	
UCARsHJ24Xk	Be More	glue70	After School	glue70	INDIFFERENT		2016.0	Album	
aJE_y_F02ZI	Clouded Thoughts	goosetaf	Migration	goosetaf	INDIFFERENT		2019.0	EP	
1FxeCa6kypU	Still	idealism	Chillhop Daydreams 2	Chillhop Music	INDIFFERENT		2019.0	Album	
AaS4Eqa4H_E	Vscrl_	invention_	Alcyone	invention_	INDIFFERENT	4.6214833	2017.0	Album	
nlkNJ4oavoQ	All the People	j'san	Moods Vol. 1	Various Artists	INDIFFERENT		2018.0	Album	
RjkTke3-5b4	Up To Me	k.d. lang	A Truly Western Experience - 25th Anniversary Edition	k.d. lang	INDIFFERENT		1984.0	Album	
bGF5pfFMWSA	Hanky Panky (Remixed Version)	k.d. lang	Reintarnation	k.d. lang	INDIFFERENT		2006.0	Album	
HtZGiqRERbE	This Way	mmeadows	Who Do You Think You Are?	mmeadows	INDIFFERENT		2020.0	EP	
pb8XX8bA-uk	grainy days	moody.	grainy days	moody.	INDIFFERENT		2022.0	Single	
Kccdf33xXL4	3am coffee	nrg	3am coffee	nrg	INDIFFERENT		2019.0	Single	
-NAgbEsJVjg	friends	nz	friends	nz	INDIFFERENT		2022.0	Single	138.0
SqmolniFayw	Trytry	oOoOO	Our Loving Is Hurting Us	oOoOO	INDIFFERENT	4.2592592	2012.0	EP	
Gd-TVeQCj-I	Follow Your Excitement	ohbliv	Up	ohbliv	INDIFFERENT	3.5714285	2012.0	Album	
k8XYnGRqnCI	seabirds	pizzagirl	an extended play	pizzagirl	INDIFFERENT		2018.0	EP	
NjjMprtE004	blueberries	rosarummet	daydreams	rosarummet	INDIFFERENT		2020.0	Album	
vi1dZX6osNQ	Come with me	saib.	Dreamland	saib.	INDIFFERENT	4.5382395	2017.0	EP	
rKGRuQBnatM	why dont we	sans	why dont we	sans	INDIFFERENT		2020.0	Single	
gnI8CBRwOjk	belong	slenderbodies	komorebi	slenderbodies	INDIFFERENT		2019.0	Album	
NQycGOq9oPo	rags to riches (jazz dance edit)	the liberators	soulshaker vol.7	Various Artists	INDIFFERENT		2010.0	Album	
fW3oyBcdQB4	Offer	together PANGEA	Badillac	together PANGEA	INDIFFERENT	4.6483517	2014.0	Album	
3AR_wqGRfXg	We'll Be Fine	twintell	We'll Be Fine	twintell	INDIFFERENT		2022.0	Single	223.0
bpw8wE79XXM	Don't I Hold You	wheat	Hope and Adams	wheat	INDIFFERENT	4.5874438	1999.0	Album	
OswmhzbPNn4	T h e V i l l a	「fluence」	E l e m e n t a l	「fluence」	INDIFFERENT		2014.0	Album	140.0
dq-MmL2q-YI	Virgin Suicide	宇宙ネコ子	君のように生きれたら	宇宙ネコ子	INDIFFERENT		2019.0	EP	186.0
