title	artist	album	likeStatus	videoId	albumId	artistId	playlists
My Life (feat. Tame Impala)	ZHU	RINGOS DESERT	LIKE	psA3ZubwXD0	MPREb_NbPEt6cZzjr	UCSw_oqIGG4dIo1GmnqUYdUA	Modern Synth-Pop Grooves
Silky Spring	Yuuf	Silky Spring	LIKE	yXHOpDF_pj4	MPREb_fQ9qYsqJvQ5	UC8f4B6mLjT2dtohib7TYxIQ	Modern Synth-Pop Grooves
Daydreaming	Young Franco	Daydreaming	LIKE	ut2nwntC-34	MPREb_QOVsL6KtCJI	UCvOSkOoJ_5NHQE0XE9HhpZw	Modern Synth-Pop Grooves
Today Is the Day	Yo La Tengo	Summer Sun	LIKE	6KwKyOkvvUw	MPREb_kKFUqmWfuxE	UCz5bvM-t9ynI48T0u195y2A	Modern Synth-Pop Grooves
Impossible Germany	Wilco	Sky Blue Sky	LIKE	eY-7q42UZR0	MPREb_dcLLfawEzwl	UCb5aNlKdWOySR6Z-CnQieFQ	Modern Synth-Pop Grooves
Amor Fati	Washed Out	Within and Without	LIKE	2nmomCvr9fg	MPREb_gLsLobPcMRj	UC1rCT_Cy1pP1wnRcEUV3nPA	Modern Synth-Pop Grooves
Paracosm	Washed Out	Paracosm	LIKE	_88wEP2IN9M	MPREb_LqUKjPb3L0R	UC1rCT_Cy1pP1wnRcEUV3nPA	Modern Synth-Pop Grooves
Hard To Say Goodbye	Washed Out	Mister Mellow	LIKE	sOYkEY4DqU8	MPREb_Z2mc3IZrnkw	UC1rCT_Cy1pP1wnRcEUV3nPA	Modern Synth-Pop Grooves
Feel It All Around	Washed Out	Life of Leisure	LIKE	3Pt0V6K7WpM	MPREb_bLTiKGI4leg	UC1rCT_Cy1pP1wnRcEUV3nPA	Modern Synth-Pop Grooves
That Life	Unknown Mortal Orchestra	V	LIKE	wF12S8N-kSg	MPREb_tlev4kiSiVm	UCXMAKzy9duqBltrR8TrHmpQ	Modern Synth-Pop Grooves
Nadja	Unknown Mortal Orchestra	V	LIKE	ASr_r6iqqf4	MPREb_tlev4kiSiVm	UCXMAKzy9duqBltrR8TrHmpQ	Modern Synth-Pop Grooves
Hunnybee	Unknown Mortal Orchestra	Sex & Food	LIKE	KT06acweumY	MPREb_YQbpvbqFahL	UCXMAKzy9duqBltrR8TrHmpQ	Modern Synth-Pop Grooves
Necessary Evil	Unknown Mortal Orchestra	Multi-Love	LIKE	KltoVVu5a00	MPREb_mp9jw5n9JDa	UCXMAKzy9duqBltrR8TrHmpQ	Modern Synth-Pop Grooves
Multi-Love	Unknown Mortal Orchestra	Multi-Love	LIKE	AuGEXsivSxQ	MPREb_mp9jw5n9JDa	UCXMAKzy9duqBltrR8TrHmpQ	Modern Synth-Pop Grooves
Breathe (feat. Angela McCluskey)	Télépopmusik	Genetic World	LIKE	kDz2Xk-LRN0	MPREb_fGr6LVKffPa	UCeBYZwQm-Qqez4Dy7WXauIg	Modern Synth-Pop Grooves
Buildings	Ty Segall	Possession	LIKE	VfQRKmUajyU	MPREb_K5eXcGtK6gf	UC-Z_sxJOcuEGSq822j9VqNw	Modern Synth-Pop Grooves
Lilly	Toro y Moi	What For?	LIKE	Bsv8TJsraDM	MPREb_WLytB8lNA1n	UCJikOjbf3VffCdLXTsbxfxg	Modern Synth-Pop Grooves
Buffalo	Toro y Moi	What For?	LIKE	86CXbx5v8TM	MPREb_WLytB8lNA1n	UCJikOjbf3VffCdLXTsbxfxg	Modern Synth-Pop Grooves
Still Sound	Toro y Moi	Underneath The Pine	LIKE	YAgZKT32qNk	MPREb_6ZYb8GZKE4l	UCJikOjbf3VffCdLXTsbxfxg	Modern Synth-Pop Grooves
New Beat	Toro y Moi	Underneath The Pine	LIKE	HMunF9tKHDs	MPREb_6ZYb8GZKE4l	UCJikOjbf3VffCdLXTsbxfxg	Modern Synth-Pop Grooves
How I Know	Toro y Moi	Underneath The Pine	LIKE	sjQjRdM89Cw	MPREb_6ZYb8GZKE4l	UCJikOjbf3VffCdLXTsbxfxg	Modern Synth-Pop Grooves
Go With You	Toro y Moi	Underneath The Pine	LIKE	uCaVw3hTEeM	MPREb_6ZYb8GZKE4l	UCJikOjbf3VffCdLXTsbxfxg	Modern Synth-Pop Grooves
Ordinary Pleasure	Toro y Moi	Outer Peace	LIKE	fAbLV5fL_mY	MPREb_0WQCIKBWcbz	UCJikOjbf3VffCdLXTsbxfxg	Modern Synth-Pop Grooves
Freelance	Toro y Moi	Outer Peace	LIKE	hGXSFL3Bhs0	MPREb_0WQCIKBWcbz	UCJikOjbf3VffCdLXTsbxfxg	Modern Synth-Pop Grooves
Fading	Toro y Moi	Outer Peace	LIKE	LuPBr5sYCz0	MPREb_0WQCIKBWcbz	UCJikOjbf3VffCdLXTsbxfxg	Modern Synth-Pop Grooves
Ordinary Guy (feat. The Mattson 2)	Toro y Moi	Ordinary Guy	LIKE	4KTrE7G4TsU	MPREb_k8LLoi2ASBW	UCJikOjbf3VffCdLXTsbxfxg	Modern Synth-Pop Grooves
The Medium (feat. Unknown Mortal Orchestra)	Toro y Moi	MAHAL	LIKE	gMKbpH1k_dQ	MPREb_E7OcSdUc56L	UCJikOjbf3VffCdLXTsbxfxg	Modern Synth-Pop Grooves
The Loop	Toro y Moi	MAHAL	LIKE	hzgsfhSgR5g	MPREb_E7OcSdUc56L	UCJikOjbf3VffCdLXTsbxfxg	Modern Synth-Pop Grooves
Postman	Toro y Moi	MAHAL	LIKE	Hf1zS6-Eyow	MPREb_E7OcSdUc56L	UCJikOjbf3VffCdLXTsbxfxg	Modern Synth-Pop Grooves
Mississippi	Toro y Moi	MAHAL	LIKE	YqQiFHrLZUY	MPREb_E7OcSdUc56L	UCJikOjbf3VffCdLXTsbxfxg	Modern Synth-Pop Grooves
Millennium (feat. The Mattson 2)	Toro y Moi	MAHAL	LIKE	Fg2hF8LtBiA	MPREb_E7OcSdUc56L	UCJikOjbf3VffCdLXTsbxfxg	Modern Synth-Pop Grooves
Last Year	Toro y Moi	MAHAL	LIKE	UbBWDaqv1OI	MPREb_E7OcSdUc56L	UCJikOjbf3VffCdLXTsbxfxg	Modern Synth-Pop Grooves
Goes By So Fast	Toro y Moi	MAHAL	LIKE	l7pln0B5jD4	MPREb_E7OcSdUc56L	UCJikOjbf3VffCdLXTsbxfxg	Modern Synth-Pop Grooves
You Hid	Toro y Moi	Causers Of This	LIKE	HDv8TiGFmNU	MPREb_XCiXh3snT4i	UCJikOjbf3VffCdLXTsbxfxg	Modern Synth-Pop Grooves
Thanks Vision	Toro y Moi	Causers Of This	LIKE	t6rXywxmnP0	MPREb_XCiXh3snT4i	UCJikOjbf3VffCdLXTsbxfxg	Modern Synth-Pop Grooves
Talamak	Toro y Moi	Causers Of This	LIKE	qNtMxFUxMKU	MPREb_XCiXh3snT4i	UCJikOjbf3VffCdLXTsbxfxg	Modern Synth-Pop Grooves
Low Shoulder	Toro y Moi	Causers Of This	LIKE	XAvlbbxVW1M	MPREb_XCiXh3snT4i	UCJikOjbf3VffCdLXTsbxfxg	Modern Synth-Pop Grooves
Imprint After	Toro y Moi	Causers Of This	LIKE	MOFMnoa1HO4	MPREb_XCiXh3snT4i	UCJikOjbf3VffCdLXTsbxfxg	Modern Synth-Pop Grooves
Freak Love	Toro y Moi	Causers Of This	LIKE	OdtO5_lwwek	MPREb_XCiXh3snT4i	UCJikOjbf3VffCdLXTsbxfxg	Modern Synth-Pop Grooves
Blessa	Toro y Moi	Causers Of This	LIKE	y_9geXMrvGk	MPREb_XCiXh3snT4i	UCJikOjbf3VffCdLXTsbxfxg	Modern Synth-Pop Grooves
No Show	Toro y Moi	Boo Boo	LIKE	wxfSBOrRz9s	MPREb_iskeONxPDbY	UCJikOjbf3VffCdLXTsbxfxg	Modern Synth-Pop Grooves
Mirage	Toro y Moi	Boo Boo	LIKE	OogtUQWYHck	MPREb_iskeONxPDbY	UCJikOjbf3VffCdLXTsbxfxg	Modern Synth-Pop Grooves
Girl Like You	Toro y Moi	Boo Boo	LIKE	maipyj45wH4	MPREb_iskeONxPDbY	UCJikOjbf3VffCdLXTsbxfxg	Modern Synth-Pop Grooves
Touch	Toro y Moi	Anything in Return	LIKE	bE4EdTaWU2w	MPREb_Ws8ystnFNy4	UCJikOjbf3VffCdLXTsbxfxg	Modern Synth-Pop Grooves
Studies	Toro y Moi	Anything in Return	LIKE	AbxYSRMZqkQ	MPREb_Ws8ystnFNy4	UCJikOjbf3VffCdLXTsbxfxg	Modern Synth-Pop Grooves
So Many Details	Toro y Moi	Anything in Return	LIKE	sdASbGBEZSA	MPREb_Ws8ystnFNy4	UCJikOjbf3VffCdLXTsbxfxg	Modern Synth-Pop Grooves
Say That	Toro y Moi	Anything in Return	LIKE	7WMP7rQbuW4	MPREb_Ws8ystnFNy4	UCJikOjbf3VffCdLXTsbxfxg	Modern Synth-Pop Grooves
Rose Quartz	Toro y Moi	Anything in Return	LIKE	TOd_r4hBZJI	MPREb_Ws8ystnFNy4	UCJikOjbf3VffCdLXTsbxfxg	Modern Synth-Pop Grooves
Never Matter	Toro y Moi	Anything in Return	LIKE	F3IDiOfZv7I	MPREb_Ws8ystnFNy4	UCJikOjbf3VffCdLXTsbxfxg	Modern Synth-Pop Grooves
High Living	Toro y Moi	Anything in Return	LIKE	xyl8n2nR9Sc	MPREb_Ws8ystnFNy4	UCJikOjbf3VffCdLXTsbxfxg	Modern Synth-Pop Grooves
Grown Up Calls	Toro y Moi	Anything in Return	LIKE	6_dRPGZQbJU	MPREb_Ws8ystnFNy4	UCJikOjbf3VffCdLXTsbxfxg	Modern Synth-Pop Grooves
Cola	Toro y Moi	Anything in Return	LIKE	3db_34oFUZo	MPREb_Ws8ystnFNy4	UCJikOjbf3VffCdLXTsbxfxg	Modern Synth-Pop Grooves
It Runs Through Me (feat. De La Soul)	Tom Misch	Geography	LIKE	aJwkmg3_6Lo	MPREb_IsxQYkEQWGR	UCCCWJwLEvpPAs4r_nJiKe2Q	Modern Synth-Pop Grooves
It Wouldn't Have Made Any Difference	Todd Rundgren	Something / Anything?	LIKE	YvO4_2QXjFo	MPREb_nledYPFK91n	UCib5cKFdDMXgDJ-B8PoT6rQ	Modern Synth-Pop Grooves
Them Changes	Thundercat	The Beyond / Where the Giants Roam	LIKE	35-MnoI1drY	MPREb_FWpZtAwAhKr	UCUl7CLMqbyYVb62zJ7nbLfA	Modern Synth-Pop Grooves
Dragonball Durag	Thundercat	It Is What It Is	LIKE	WmrRHqQesbo	MPREb_HHmVxwQYip3	UCUl7CLMqbyYVb62zJ7nbLfA	Modern Synth-Pop Grooves
No More Lies	Thundercat	Distracted	LIKE	SLCaLlNMi0Y	MPREb_eNWnOHF0eIl	UCUl7CLMqbyYVb62zJ7nbLfA	Modern Synth-Pop Grooves
High On The Heels	The Whitest Boy Alive	Rules	LIKE	yr7_tx9RWyI	MPREb_r6mCbRjsXFz	UCDoG-cyeL-Q2ISEjfnH5Y1g	Modern Synth-Pop Grooves
Inflation	The Whitest Boy Alive	Dreams	LIKE	2skwmlzc1cY	MPREb_9AUVcQZ1aQi	UCDoG-cyeL-Q2ISEjfnH5Y1g	Modern Synth-Pop Grooves
Golden Cage	The Whitest Boy Alive	Dreams	LIKE	xhYVn24wFN8	MPREb_9AUVcQZ1aQi	UCDoG-cyeL-Q2ISEjfnH5Y1g	Modern Synth-Pop Grooves
Fireworks	The Whitest Boy Alive	Dreams	LIKE	9mrz5Wb-rTE	MPREb_9AUVcQZ1aQi	UCDoG-cyeL-Q2ISEjfnH5Y1g	Modern Synth-Pop Grooves
Burning	The Whitest Boy Alive	Dreams	LIKE	2MwPYO2yjhU	MPREb_9AUVcQZ1aQi	UCDoG-cyeL-Q2ISEjfnH5Y1g	Modern Synth-Pop Grooves
The Adults Are Talking	The Strokes	The New Abnormal	LIKE	826mxiKjoP0	MPREb_Yjuw9jDLBok	UC8N13xhRG78YQK7Ppc4Ytrg	Modern Synth-Pop Grooves
Messages from the Stars	The Rah Band	Past, Present & Future	LIKE	LfX6JxfND44	MPREb_nij6Y71IwOh	UC5XKHzJsdnrTo5sR6jhH-ew	Modern Synth-Pop Grooves
Yoshimi Battles the Pink Robots, Part 2	The Flaming Lips	Yoshimi Battles the Pink Robots	LIKE	uSUA1OZZxCA	MPREb_HCXBnTInqet	UCPxZkX90JURVTyWW0caNnGg	Modern Synth-Pop Grooves
It Girl	The Brian Jonestown Massacre	Thank God For Mental Illness	LIKE	ooleoZ3erps	MPREb_2sGTC3Phc1q	UCXybUoBoCwQntpbpblywN4Q	Modern Synth-Pop Grooves
VIRILE	The Blaze	TERRITORY	LIKE	mRwAjRe67bo	MPREb_4euR9mEoBkd	UCAuJY7zgjkpk_zvujIEZILw	Modern Synth-Pop Grooves
TERRITORY	The Blaze	TERRITORY	LIKE	Q82lz-ncN2Y	MPREb_4euR9mEoBkd	UCAuJY7zgjkpk_zvujIEZILw	Modern Synth-Pop Grooves
Sunny	Tentendo	Player One	LIKE	PERH69riQHc	MPREb_UOY0U5zdObl	UCEtCXCMY3ndQkNXBNiwVcqg	Modern Synth-Pop Grooves
Posthumous Forgiveness	Tame Impala	The Slow Rush	LIKE	xwD389vUiyc	MPREb_yVhKccUQYoW	UCGz-eguN8tcic5kUG4s1ZgA	Modern Synth-Pop Grooves
One More Year	Tame Impala	The Slow Rush	LIKE	4ZestmVGdeQ	MPREb_yVhKccUQYoW	UCGz-eguN8tcic5kUG4s1ZgA	Modern Synth-Pop Grooves
On Track	Tame Impala	The Slow Rush	LIKE	Lm2F_fKdrIo	MPREb_yVhKccUQYoW	UCGz-eguN8tcic5kUG4s1ZgA	Modern Synth-Pop Grooves
Lost In Yesterday	Tame Impala	The Slow Rush	LIKE	Sr_gTknZooY	MPREb_yVhKccUQYoW	UCGz-eguN8tcic5kUG4s1ZgA	Modern Synth-Pop Grooves
It Might Be Time	Tame Impala	The Slow Rush	LIKE	F9TiuqPXAoM	MPREb_yVhKccUQYoW	UCGz-eguN8tcic5kUG4s1ZgA	Modern Synth-Pop Grooves
Is It True	Tame Impala	The Slow Rush	LIKE	JbKr2jRN3rQ	MPREb_yVhKccUQYoW	UCGz-eguN8tcic5kUG4s1ZgA	Modern Synth-Pop Grooves
Instant Destiny	Tame Impala	The Slow Rush	LIKE	zjWDMXVAXko	MPREb_yVhKccUQYoW	UCGz-eguN8tcic5kUG4s1ZgA	Modern Synth-Pop Grooves
Glimmer	Tame Impala	The Slow Rush	LIKE	0n28cYmm1Zs	MPREb_yVhKccUQYoW	UCGz-eguN8tcic5kUG4s1ZgA	Modern Synth-Pop Grooves
Breathe Deeper	Tame Impala	The Slow Rush	LIKE	ucrhTx1hGJQ	MPREb_yVhKccUQYoW	UCGz-eguN8tcic5kUG4s1ZgA	Modern Synth-Pop Grooves
Borderline	Tame Impala	The Slow Rush	LIKE	rymYToIEL9o	MPREb_yVhKccUQYoW	UCGz-eguN8tcic5kUG4s1ZgA	Modern Synth-Pop Grooves
Half Full Glass Of Wine	Tame Impala	Tame Impala	LIKE	IeaZflI0SkI	MPREb_VCgDvzarzHt	UCGz-eguN8tcic5kUG4s1ZgA	Modern Synth-Pop Grooves
Sundown Syndrome	Tame Impala	Sundown Syndrome / Remember Me	LIKE	pWqueQ8JO9E	MPREb_GaKTgLrG7Sd	UCGz-eguN8tcic5kUG4s1ZgA	Modern Synth-Pop Grooves
Remember Me	Tame Impala	Sundown Syndrome / Remember Me	LIKE	UQkRzLSo4-k	MPREb_GaKTgLrG7Sd	UCGz-eguN8tcic5kUG4s1ZgA	Modern Synth-Pop Grooves
Patience	Tame Impala	Patience	LIKE	VbcVAGgVnNE	MPREb_XrgqrBZyDFg	UCGz-eguN8tcic5kUG4s1ZgA	Modern Synth-Pop Grooves
Beverly Laurel	Tame Impala	Lonerism (B-Sides & Remixes)	LIKE	O4A6kWeUyA0	MPREb_fG7hfecxdoM	UCGz-eguN8tcic5kUG4s1ZgA	Modern Synth-Pop Grooves
Retina Show (Unreleased Demo)	Tame Impala	Lonerism (10 Year Anniversary Edition / Unreleased Demos)	LIKE	EWMQE-rwpSA	MPREb_jxrQKQRu48p	UCGz-eguN8tcic5kUG4s1ZgA	Modern Synth-Pop Grooves
Why Won't They Talk To Me?	Tame Impala	Lonerism	LIKE	GwKYErIF3VE	MPREb_TQB0ArlaxuL	UCGz-eguN8tcic5kUG4s1ZgA	Modern Synth-Pop Grooves
Nothing That Has Happened So Far Has Been Anything We Could Control	Tame Impala	Lonerism	LIKE	G_U89pZ8VlM	MPREb_TQB0ArlaxuL	UCGz-eguN8tcic5kUG4s1ZgA	Modern Synth-Pop Grooves
Music To Walk Home By	Tame Impala	Lonerism	LIKE	enmnRiSCZ1c	MPREb_TQB0ArlaxuL	UCGz-eguN8tcic5kUG4s1ZgA	Modern Synth-Pop Grooves
Mind Mischief	Tame Impala	Lonerism	LIKE	tbcGnYeF6qo	MPREb_TQB0ArlaxuL	UCGz-eguN8tcic5kUG4s1ZgA	Modern Synth-Pop Grooves
Keep On Lying	Tame Impala	Lonerism	LIKE	_8oKBh1mAC4	MPREb_TQB0ArlaxuL	UCGz-eguN8tcic5kUG4s1ZgA	Modern Synth-Pop Grooves
Feels Like We Only Go Backwards	Tame Impala	Lonerism	LIKE	f8_EpxhNEsA	MPREb_TQB0ArlaxuL	UCGz-eguN8tcic5kUG4s1ZgA	Modern Synth-Pop Grooves
Endors Toi	Tame Impala	Lonerism	LIKE	FFYprPAwi0Y	MPREb_TQB0ArlaxuL	UCGz-eguN8tcic5kUG4s1ZgA	Modern Synth-Pop Grooves
Elephant	Tame Impala	Lonerism	LIKE	fYnViqpm1uk	MPREb_TQB0ArlaxuL	UCGz-eguN8tcic5kUG4s1ZgA	Modern Synth-Pop Grooves
Be Above It	Tame Impala	Lonerism	LIKE	8qojPUd2q0I	MPREb_TQB0ArlaxuL	UCGz-eguN8tcic5kUG4s1ZgA	Modern Synth-Pop Grooves
Apocalypse Dreams	Tame Impala	Lonerism	LIKE	pwPyZBYtEzg	MPREb_TQB0ArlaxuL	UCGz-eguN8tcic5kUG4s1ZgA	Modern Synth-Pop Grooves
Sestri Levante (Live)	Tame Impala	Live Versions	LIKE	Md9MUNDveZQ	MPREb_vp9sAGhwL3T	UCGz-eguN8tcic5kUG4s1ZgA	Modern Synth-Pop Grooves
Island Walking	Tame Impala	InnerSpeaker B-Sides & Remixes	LIKE	oDPeGkoLpx0	MPREb_OUOah1peHWK	UCGz-eguN8tcic5kUG4s1ZgA	Modern Synth-Pop Grooves
Why Won't You Make Up Your Mind?	Tame Impala	InnerSpeaker	LIKE	I9biKJD2rX4	MPREb_D6hgS2G4hle	UCGz-eguN8tcic5kUG4s1ZgA	Modern Synth-Pop Grooves
The Bold Arrow Of Time	Tame Impala	InnerSpeaker	LIKE	Dd8h2nqIRJM	MPREb_D6hgS2G4hle	UCGz-eguN8tcic5kUG4s1ZgA	Modern Synth-Pop Grooves
Solitude Is Bliss	Tame Impala	InnerSpeaker	LIKE	1MmY7GJIsLc	MPREb_D6hgS2G4hle	UCGz-eguN8tcic5kUG4s1ZgA	Modern Synth-Pop Grooves
Runway Houses City Clouds	Tame Impala	InnerSpeaker	LIKE	ENBNBAifJas	MPREb_D6hgS2G4hle	UCGz-eguN8tcic5kUG4s1ZgA	Modern Synth-Pop Grooves
Lucidity	Tame Impala	InnerSpeaker	LIKE	Epl28QWVm84	MPREb_D6hgS2G4hle	UCGz-eguN8tcic5kUG4s1ZgA	Modern Synth-Pop Grooves
Jeremy's Storm	Tame Impala	InnerSpeaker	LIKE	jvZnkjvvT1k	MPREb_D6hgS2G4hle	UCGz-eguN8tcic5kUG4s1ZgA	Modern Synth-Pop Grooves
It Is Not Meant To Be	Tame Impala	InnerSpeaker	LIKE	X-l0cjRaXGY	MPREb_D6hgS2G4hle	UCGz-eguN8tcic5kUG4s1ZgA	Modern Synth-Pop Grooves
I Don't Really Mind	Tame Impala	InnerSpeaker	LIKE	PLP0o6YynLY	MPREb_D6hgS2G4hle	UCGz-eguN8tcic5kUG4s1ZgA	Modern Synth-Pop Grooves
Expectation	Tame Impala	InnerSpeaker	LIKE	bkp0TIhMuyk	MPREb_D6hgS2G4hle	UCGz-eguN8tcic5kUG4s1ZgA	Modern Synth-Pop Grooves
Desire Be Desire Go	Tame Impala	InnerSpeaker	LIKE	iuytZlmOytU	MPREb_D6hgS2G4hle	UCGz-eguN8tcic5kUG4s1ZgA	Modern Synth-Pop Grooves
Alter Ego	Tame Impala	InnerSpeaker	LIKE	M8ep7f8fFSI	MPREb_D6hgS2G4hle	UCGz-eguN8tcic5kUG4s1ZgA	Modern Synth-Pop Grooves
Obsolete	Tame Impala	Deadbeat	LIKE	wp5jWyiKh_M	MPREb_YhRdWFSgBWD	UCGz-eguN8tcic5kUG4s1ZgA	Modern Synth-Pop Grooves
My Old Ways	Tame Impala	Deadbeat	LIKE	e1N_fJlJaXY	MPREb_YhRdWFSgBWD	UCGz-eguN8tcic5kUG4s1ZgA	Modern Synth-Pop Grooves
Loser	Tame Impala	Deadbeat	LIKE	MX7FSAnRPug	MPREb_YhRdWFSgBWD	UCGz-eguN8tcic5kUG4s1ZgA	Modern Synth-Pop Grooves
Taxi’s Here	Tame Impala	Currents B-Sides & Remixes	LIKE	Wu-scGTo95s	MPREb_SBDbBcH7ANk	UCGz-eguN8tcic5kUG4s1ZgA	Modern Synth-Pop Grooves
Powerlines	Tame Impala	Currents B-Sides & Remixes	LIKE	x-WZq5SxpSE	MPREb_SBDbBcH7ANk	UCGz-eguN8tcic5kUG4s1ZgA	Modern Synth-Pop Grooves
List Of People (To Try And Forget About)	Tame Impala	Currents B-Sides & Remixes	LIKE	ctkpsRAxUSE	MPREb_SBDbBcH7ANk	UCGz-eguN8tcic5kUG4s1ZgA	Modern Synth-Pop Grooves
Yes I'm Changing	Tame Impala	Currents	LIKE	6XKQy9HM23c	MPREb_AjwAqo5hI0U	UCGz-eguN8tcic5kUG4s1ZgA	Modern Synth-Pop Grooves
The Moment	Tame Impala	Currents	LIKE	Mv0oYS-qMcQ	MPREb_AjwAqo5hI0U	UCGz-eguN8tcic5kUG4s1ZgA	Modern Synth-Pop Grooves
Reality In Motion	Tame Impala	Currents	LIKE	en2Erz9i98g	MPREb_AjwAqo5hI0U	UCGz-eguN8tcic5kUG4s1ZgA	Modern Synth-Pop Grooves
Past Life	Tame Impala	Currents	LIKE	gvXswl1il_0	MPREb_AjwAqo5hI0U	UCGz-eguN8tcic5kUG4s1ZgA	Modern Synth-Pop Grooves
New Person, Same Old Mistakes	Tame Impala	Currents	LIKE	tEXYfT_G0W0	MPREb_AjwAqo5hI0U	UCGz-eguN8tcic5kUG4s1ZgA	Modern Synth-Pop Grooves
Nangs	Tame Impala	Currents	LIKE	Ao_Pjo-xf1M	MPREb_AjwAqo5hI0U	UCGz-eguN8tcic5kUG4s1ZgA	Modern Synth-Pop Grooves
Love/Paranoia	Tame Impala	Currents	LIKE	7w6E_KTHmUo	MPREb_AjwAqo5hI0U	UCGz-eguN8tcic5kUG4s1ZgA	Modern Synth-Pop Grooves
Let It Happen	Tame Impala	Currents	LIKE	NMRhx71bGo4	MPREb_AjwAqo5hI0U	UCGz-eguN8tcic5kUG4s1ZgA	Modern Synth-Pop Grooves
Eventually	Tame Impala	Currents	LIKE	YifOMt9dlGk	MPREb_AjwAqo5hI0U	UCGz-eguN8tcic5kUG4s1ZgA	Modern Synth-Pop Grooves
Disciples	Tame Impala	Currents	LIKE	RlhTbdJ6-3M	MPREb_AjwAqo5hI0U	UCGz-eguN8tcic5kUG4s1ZgA	Modern Synth-Pop Grooves
'Cause I'm A Man	Tame Impala	Currents	LIKE	FGPsQedwR1g	MPREb_AjwAqo5hI0U	UCGz-eguN8tcic5kUG4s1ZgA	Modern Synth-Pop Grooves
This Must Be the Place (Naive Melody) [2005 Remaster]	Talking Heads	Speaking in Tongues (Deluxe Version)	LIKE	fsccjsW8bSY	MPREb_zld7oH0MpvA	UCCmr_pJ7az1JfWUiujsiHWg	Modern Synth-Pop Grooves
I Zimbra (2005 Remaster)	Talking Heads	Fear of Music (Deluxe Version)	LIKE	qKFn66dzdz0	MPREb_mbz8FP87Lvk	UCCmr_pJ7az1JfWUiujsiHWg	Modern Synth-Pop Grooves
Lovers Rock	TV Girl	French Exit	LIKE	j_sG_Juncn8	MPREb_Wyq3EKv1MQx	UCDSlLh6JoiawDyU6DVc2VFg	Modern Synth-Pop Grooves
Melodie Is A Wound	Stereolab	Instant Holograms On Metal Film	LIKE	kLSu3NGHQG0	MPREb_HYKj6iG9dcl	UCRUe8cfECb_SNa-Y15Z4EZw	Modern Synth-Pop Grooves
Music Sounds Better With You (Radio Edit)	Stardust	Music Sounds Better With You	LIKE	hRvrj_diWYQ	MPREb_hAQrUlKI7Vx	UCjuD2g8i12Kwl-7NUOthFgw	Modern Synth-Pop Grooves
Gold Day	Sparklehorse	It's A Wonderful Life	LIKE	0yiLmohFRjw	MPREb_TrMn1WhDWox	UCXUSugNlOmChje8FRuCiRFQ	Modern Synth-Pop Grooves
Shimmer	Skinshape	Filoxiny	LIKE	SwQk-WApgKg	MPREb_t7Ix1oVadBG	UCil1XLYzKqVoM_2C_4tyOLA	Modern Synth-Pop Grooves
Metanoia	Skinshape	Filoxiny	LIKE	h1La7JfNXmo	MPREb_t7Ix1oVadBG	UCil1XLYzKqVoM_2C_4tyOLA	Modern Synth-Pop Grooves
The Eastern Connection	Skinshape	Arrogance is the Death of Men	LIKE	yJbPNeHS4bo	MPREb_z7rjT3kpj2g	UCil1XLYzKqVoM_2C_4tyOLA	Modern Synth-Pop Grooves
Border Control (Tommy Villiers Version)	See Thru Hands	Border Control	LIKE	aciRkNtaJmg	MPREb_Q6glvno745Z	UCFSacurMIQ0Jn18qUaUZSeg	Modern Synth-Pop Grooves
Not Too Amused	Sebadoh	Bakesale: Deluxe Edition	LIKE	vsuJjy4ReN4	MPREb_kx1oMPzTow1	UCju-EvozsD8gGa6ggnmwbkg	Modern Synth-Pop Grooves
Tank!	Seatbelts	COWBOY BEBOP (Original Motion Picture Soundtrack)	LIKE	UFFa0QoHWvE	MPREb_asHLU4Jr7nQ	UCFhMA8ygjzH72UqPf7PmlUg	Modern Synth-Pop Grooves
Tank!	Seatbelts	COWBOY BEBOP (Original Motion Picture Soundtrack)	LIKE	UFFa0QoHWvE	MPREb_asHLU4Jr7nQ	UCFhMA8ygjzH72UqPf7PmlUg	Modern Synth-Pop Grooves
Tank!	Seatbelts	COWBOY BEBOP (Original Motion Picture Soundtrack)	LIKE	UFFa0QoHWvE	MPREb_asHLU4Jr7nQ	UCFhMA8ygjzH72UqPf7PmlUg	Modern Synth-Pop Grooves
Mona Vegas	STRFKR	Reptilians (10-Year Anniversary Edition)	LIKE	ASq7vcBRmn0	MPREb_FS0fV0tFwVR	UCL6qpCZZBTfp1MtI3bmL7jw	Modern Synth-Pop Grooves
Julius	STRFKR	Reptilians (10-Year Anniversary Edition)	LIKE	wBlkPPfMTZc	MPREb_FS0fV0tFwVR	UCL6qpCZZBTfp1MtI3bmL7jw	Modern Synth-Pop Grooves
Golden Light	STRFKR	Miracle Mile	LIKE	U11t9lFZtSE	MPREb_7vITuHhab1z	UCL6qpCZZBTfp1MtI3bmL7jw	Modern Synth-Pop Grooves
Night Moves	Roosevelt	Roosevelt	LIKE	xMUoUQhkG4Y	MPREb_V6u7bkM7JOx	UC7jTDrwBF4FNMX_zzaIC5mQ	Modern Synth-Pop Grooves
Montreal	Roosevelt	Elliot	LIKE	-2KDuaMjyb0	MPREb_wBhY8KdaQdw	UC7jTDrwBF4FNMX_zzaIC5mQ	Modern Synth-Pop Grooves
Black Rain	Rhye	Home	LIKE	3O8tacmSKKM	MPREb_ZPmfNpMzLxn	UCO3bfi6sSorqa0p7Wu_s1DA	Modern Synth-Pop Grooves
Feel Your Weight (Poolside Remix)	Rhye	Blood Remixed	LIKE	cT_Q-psbmtY	MPREb_xz5Riq6emoG	UCO3bfi6sSorqa0p7Wu_s1DA	Modern Synth-Pop Grooves
It's Real	Real Estate	Days	LIKE	MJD65l4e5Es	MPREb_xfTFrqvDNhg	UCTGjXChUUJcFlj_MotDrg1w	Modern Synth-Pop Grooves
Exit Music (For A Film)	Radiohead	OK Computer OKNOTOK 1997 2017	LIKE	FapBH3j6WoA	MPREb_b9Yfli6Cg79	UCr_iyUANcn9OX_yy9piYoLw	Modern Synth-Pop Grooves
Exit Music (For A Film)	Radiohead	OK Computer OKNOTOK 1997 2017	LIKE	FapBH3j6WoA	MPREb_b9Yfli6Cg79	UCr_iyUANcn9OX_yy9piYoLw	Modern Synth-Pop Grooves
Everything In Its Right Place	Radiohead	Kid A	LIKE	NUnXxh5U25Y	MPREb_ob5cslgCNc0	UCr_iyUANcn9OX_yy9piYoLw	Modern Synth-Pop Grooves
Weird Fishes / Arpeggi	Radiohead	In Rainbows	LIKE	LUjGtyYEi90	MPREb_R6C9lU4QEg2	UCr_iyUANcn9OX_yy9piYoLw	Modern Synth-Pop Grooves
Jigsaw Falling Into Place	Radiohead	In Rainbows	LIKE	CvjRlYpXS5U	MPREb_R6C9lU4QEg2	UCr_iyUANcn9OX_yy9piYoLw	Modern Synth-Pop Grooves
Harvest Moon	Poolside	Pacific Standard Time	LIKE	wjZH_8EmFvQ	MPREb_LhYksKpmCX1	UC31l8BCauKMT4TMLPeIUOhA	Modern Synth-Pop Grooves
Feel Alright	Poolside	Feel Alright	LIKE	Z4W5gX7KHFE	MPREb_SDTIwAlpaJI	UC31l8BCauKMT4TMLPeIUOhA	Modern Synth-Pop Grooves
Do You Believe	Poolside	Do You Believe	LIKE	MqET0q7jqnk	MPREb_UHYuSzogJSG	UC31l8BCauKMT4TMLPeIUOhA	Modern Synth-Pop Grooves
Nanã	Polo & Pan	Caravelle	LIKE	9O8vGgDZpEY	MPREb_iyJ9gNOIIF9	UC4KKov_xp4Os4PAnVr28YUQ	Modern Synth-Pop Grooves
Dove	Pillar Point	Marble Mouth	LIKE	RtsdbQ5svk8	MPREb_C9DdNNrZwXm	UCW8dM3Ek6NIg6pzc8p_5qfQ	Modern Synth-Pop Grooves
If I Ever Feel Better	Phoenix	United	LIKE	fJALBK5YD3c	MPREb_1G10uNrPLiK	UCAoGVyUtK3AHYwjJ0xDFbFw	Modern Synth-Pop Grooves
Young Folks	Peter Bjorn And John	Writer's Block	LIKE	tUsH87zLvAg	MPREb_NJ8ehzBzxas	UCkg6UI9n_IVAWiJkhgL3rfA	Modern Synth-Pop Grooves
Amsterdam	Peter Bjorn And John	Writer's Block	LIKE	lFpjuQbcuKY	MPREb_NJ8ehzBzxas	UCkg6UI9n_IVAWiJkhgL3rfA	Modern Synth-Pop Grooves
Starry Night	Peggy Gou	Moment EP	LIKE	EWeIWVGPibc	MPREb_X1MB3sPiq7v	UConl7T_sh6sQCwYe8WrQNbQ	Modern Synth-Pop Grooves
Loves Me Like a Rock	Paul Simon	There Goes Rhymin' Simon	LIKE	WEnmT5Q8bg4	MPREb_XuJOoHFUvtH	UCocuTnrwKDhXqwr6Kv-T4_Q	Modern Synth-Pop Grooves
Let Me Live In Your City (Work In Progress)	Paul Simon	There Goes Rhymin' Simon	LIKE	oZ1T5EynwKA	MPREb_XuJOoHFUvtH	UCocuTnrwKDhXqwr6Kv-T4_Q	Modern Synth-Pop Grooves
Tieduprightnow	Parcels	Tieduprightnow	LIKE	JYHH0ogYN8M	MPREb_n83YKlRlKdZ	UC_B1BK2QxBgrEu4o4H6i-PQ	Modern Synth-Pop Grooves
Lightenup	Parcels	Parcels	LIKE	e95AYrvZIno	MPREb_6Mmb9mPHOuf	UC_B1BK2QxBgrEu4o4H6i-PQ	Modern Synth-Pop Grooves
IknowhowIfeel	Parcels	Parcels	LIKE	c6vwL7XgVz4	MPREb_6Mmb9mPHOuf	UC_B1BK2QxBgrEu4o4H6i-PQ	Modern Synth-Pop Grooves
Exotica	Parcels	Parcels	LIKE	4_X1EZOygaA	MPREb_6Mmb9mPHOuf	UC_B1BK2QxBgrEu4o4H6i-PQ	Modern Synth-Pop Grooves
Everyroad	Parcels	Parcels	LIKE	yAn_59XS5Do	MPREb_6Mmb9mPHOuf	UC_B1BK2QxBgrEu4o4H6i-PQ	Modern Synth-Pop Grooves
Comedown	Parcels	Parcels	LIKE	ooel-79wV-c	MPREb_6Mmb9mPHOuf	UC_B1BK2QxBgrEu4o4H6i-PQ	Modern Synth-Pop Grooves
Closetowhy	Parcels	Parcels	LIKE	489zHoy5_hU	MPREb_6Mmb9mPHOuf	UC_B1BK2QxBgrEu4o4H6i-PQ	Modern Synth-Pop Grooves
Overnight	Parcels	Overnight	LIKE	tDcA7m8IyNk	MPREb_9PvA6nIIngN	UC_B1BK2QxBgrEu4o4H6i-PQ	Modern Synth-Pop Grooves
Gamesofluck	Parcels	Hideout	LIKE	HxZFH-XCBvU	MPREb_m9WkCccNBQn	UC_B1BK2QxBgrEu4o4H6i-PQ	Modern Synth-Pop Grooves
Boys Latin	Panda Bear	Panda Bear Meets The Grim Reaper	LIKE	UAgOStE2Glk	MPREb_sDDb8LHnCCo	UCB2qO9T8dkxOhIvZVqVkVcg	Modern Synth-Pop Grooves
Get Down Saturday Night (The Lost Remix)	Oliver Cheatham	Get Down Saturday Night (The Lost Remix)	LIKE	V24IJfQB-OU	MPREb_GNzHMLS04Ll	UC_eFiTY4qnarwkE7wZty6rw	Modern Synth-Pop Grooves
You Wish	Nightmares On Wax	In A Space Outta Sound	LIKE	rxbCaiyYSXM	MPREb_4z553sKipRd	UCJLq1MIt-h8rOoBdT-9UeGA	Modern Synth-Pop Grooves
The Sun	Myd	Born a Loser	LIKE	puZ_eaqbcUQ	MPREb_s9UHx8KgdvV	UCpz7Gxps3NmieyoQ9FncoTA	Modern Synth-Pop Grooves
Heaven's Only Wishful (Extended Version)	MorMor	Heaven's Only Wishful	LIKE	ZDM-AB-ErpQ	MPREb_txDUqMapoKc	UCXOqaj-jUbDiLSm8ZKIHvZQ	Modern Synth-Pop Grooves
Profite (Kazy Lambist Remix)	Moi Je	Profite (Remixes)	LIKE	cK5UBNpZd6s	MPREb_MMAo0Z5znHt	UCM9F_HjxVnO9kWlW8VAr7Hg	Modern Synth-Pop Grooves
Automatic	Mildlife	Automatic	LIKE	jGh08mM7NZE	MPREb_Rl9FQqAwMbw	UCWn-8swIiz0OpUI4EdYE58Q	Modern Synth-Pop Grooves
Head Out	Mild High Club	Skiptracing	LIKE	5dkXKf8S6M8	MPREb_PScPWC37qFc	UC1VEJk_RMKBhUHXgIB5LFUg	Modern Synth-Pop Grooves
The Bay	Metronomy	The English Riviera	LIKE	RNih0gEKoMw	MPREb_MXgKSZqVTaM	UCWE-9CO32bK6OI2NLKUWSRw	Modern Synth-Pop Grooves
The Light	Metronomy	Metronomy Forever	LIKE	Ux8T0HSMjKI	MPREb_YUyYSbiJnd8	UCWE-9CO32bK6OI2NLKUWSRw	Modern Synth-Pop Grooves
Show Me How	Men I Trust	Show Me How	LIKE	DJCB1ZlseJ8	MPREb_UrQ67Ryz7Q1	UCaPOa_Tg0TThuYSVtUEXb8g	Modern Synth-Pop Grooves
Paul's Theme	Men I Trust	Equus Asinus	LIKE	zeAH5szTEy4	MPREb_rJpGFo42k2x	UCaPOa_Tg0TThuYSVtUEXb8g	Modern Synth-Pop Grooves
In The Stars	Melody's Echo Chamber	Unclouded	LIKE	rUKWrVPcRBM	MPREb_W4Gu1L2axel	UC0FkbSI8aqeqGlx6dGMuirg	Modern Synth-Pop Grooves
Lake Of Fire	Meat Puppets	Too High To Die	LIKE	yotJ4IAp6qA	MPREb_mTNKuzz9PqI	UCHhH34l8EWTx2pAn2j-ifQQ	Modern Synth-Pop Grooves
Into Dust	Mazzy Star	So Tonight That I Might See	LIKE	04J0ihSeIuI	MPREb_IIz0ShywXW2	UCi8cblgb3PyU8HzGvXWhuEg	Modern Synth-Pop Grooves
Midnight at the Oasis	Maria Muldaur	Maria Muldaur	LIKE	3gKnnb24Eso	MPREb_t5eDriIhhw9	UC8tY2QJiAYD70CAh_2o370Q	Modern Synth-Pop Grooves
Kids	MGMT	Oracular Spectacular	LIKE	VHb_XIql_gU	MPREb_TfJD6rb0Ilg	UCcP74mIhs125nerd5o5Dd-Q	Modern Synth-Pop Grooves
Electric Feel	MGMT	Oracular Spectacular	LIKE	r78xfXZb_WU	MPREb_TfJD6rb0Ilg	UCcP74mIhs125nerd5o5Dd-Q	Modern Synth-Pop Grooves
Little Dark Age	MGMT	Little Dark Age	LIKE	ETEg-SB01QY	MPREb_BNTnaKPYO7m	UCcP74mIhs125nerd5o5Dd-Q	Modern Synth-Pop Grooves
Someone's Missing	MGMT	Congratulations	LIKE	udnt8YX0jlQ	MPREb_FIFcs5UXn5A	UCcP74mIhs125nerd5o5Dd-Q	Modern Synth-Pop Grooves
Rapp Snitch Knishes (feat. Mr. Fantastik)	MF DOOM	MM..FOOD	LIKE	gQtKJbptcns	MPREb_WH9l5IFaLvW	UCooTDYkIERWBwDC1JKyoElQ	Modern Synth-Pop Grooves
Midnight City	M83	Hurry Up We're Dreaming	LIKE	7ID-1jzek4Y	MPREb_EMwa8nVu7TX	UC0UUzwcmD3s1S7NYAxHfs1w	Modern Synth-Pop Grooves
Words	Low	I Could Live In Hope	LIKE	T9lIIs6PZ_o	MPREb_iASge95R8rP	UC3IFlr-hvNN5Ex3vZcj8AAA	Modern Synth-Pop Grooves
High	Little Dragon	Season High	LIKE	OXdZ_6xOP2k	MPREb_ImwtZCXoRuM	UC7oADPAbivBVFIm0ULUUtvg	Modern Synth-Pop Grooves
Ritual Union	Little Dragon	Ritual Union	LIKE	cMjac9elMTE	MPREb_ijkqky9xmvu	UC7oADPAbivBVFIm0ULUUtvg	Modern Synth-Pop Grooves
New Fiction	Little Dragon	New Me, Same Us	LIKE	u7VSswF24Eg	MPREb_nIuQrItfQv5	UC7oADPAbivBVFIm0ULUUtvg	Modern Synth-Pop Grooves
Feather	Little Dragon	Machine Dreams	LIKE	ADHw8Rx3E8M	MPREb_fgh3Ie2aHxY	UC7oADPAbivBVFIm0ULUUtvg	Modern Synth-Pop Grooves
Flash	Lewis OfMan	Yo bene	LIKE	DLkC-Bs7Lqo	MPREb_MjYmMJOxChr	UChiaOem-lr83R44MY82ZnUQ	Modern Synth-Pop Grooves
Grind	Les Sins	Grind / Prelims	LIKE	-mOu83jf-QY	MPREb_hIw2iJ5GGA0	UCqEJLgM3hWuJTPLwm8E5W0Q	Modern Synth-Pop Grooves
Farewell	Lena Raine	Celeste: Farewell (Original Soundtrack)	LIKE	VXIqXaX1blY	MPREb_7UzVjYzEoUm	UCM_yfxZqDqjGKca9mkPy0rQ	Modern Synth-Pop Grooves
Farewell	Lena Raine	Celeste: Farewell (Original Soundtrack)	LIKE	VXIqXaX1blY	MPREb_7UzVjYzEoUm	UCM_yfxZqDqjGKca9mkPy0rQ	Modern Synth-Pop Grooves
Vanille fraise	L'Impératrice	Vanille fraise	LIKE	hQ5PFlYU9sk	MPREb_ONwZm9Q4SxI	UCOsADrywlh1KRCU3IPAXk_g	Modern Synth-Pop Grooves
Submarine	L'Impératrice	Tako Tsubo	LIKE	HQrnh4to03s	MPREb_6D0epf35Wuj	UCOsADrywlh1KRCU3IPAXk_g	Modern Synth-Pop Grooves
Peur des filles	L'Impératrice	Tako Tsubo	LIKE	ElGOGTZ6ax8	MPREb_6D0epf35Wuj	UCOsADrywlh1KRCU3IPAXk_g	Modern Synth-Pop Grooves
Fou	L'Impératrice	Tako Tsubo	LIKE	bztbdOeUhj8	MPREb_6D0epf35Wuj	UCOsADrywlh1KRCU3IPAXk_g	Modern Synth-Pop Grooves
Anomalie bleue	L'Impératrice	Tako Tsubo	LIKE	6_eICHYqpt4	MPREb_6D0epf35Wuj	UCOsADrywlh1KRCU3IPAXk_g	Modern Synth-Pop Grooves
Parfum thérémine	L'Impératrice	Odyssée - EP	LIKE	J1XrEpIVEpY	MPREb_c14PSOQDoxo	UCOsADrywlh1KRCU3IPAXk_g	Modern Synth-Pop Grooves
La lune	L'Impératrice	Odyssée - EP	LIKE	VaPAKSdpFuU	MPREb_c14PSOQDoxo	UCOsADrywlh1KRCU3IPAXk_g	Modern Synth-Pop Grooves
Agitations tropicales	L'Impératrice	Odyssée - EP	LIKE	362ymTDuTr4	MPREb_c14PSOQDoxo	UCOsADrywlh1KRCU3IPAXk_g	Modern Synth-Pop Grooves
Mount Airy Hill (Way Gone)	Kurt Vile	(watch my moves)	LIKE	WAR9XBS75VM	MPREb_btimbtqifgo	UCq5OLsfFcOGOwC6i0LzdtNw	Modern Synth-Pop Grooves
Don't Want This to Be Over (Jean Tonique Remix) (feat. Satchmode)	Kraak & Smaak	Don't Want This to Be Over (Remixes)	LIKE	tAUNsjvmrrc	MPREb_gpyTCQBkqKs	UCKhkqQTda-rQ49AJPN_GfrA	Modern Synth-Pop Grooves
Cyboogie	King Gizzard & The Lizard Wizard	Fishing for Fishies	LIKE	-MKYru4w04Q	MPREb_9ljGV2vdzz6	UC-3mACkWPK3QluQYi5dHQCA	Modern Synth-Pop Grooves
B-Side	Khruangbin	Texas Moon	LIKE	XBrglpStGbI	MPREb_uxsMek3FUn0	UCW2SLxltqPa553qretr4KzQ	Modern Synth-Pop Grooves
Pon Pón	Khruangbin	A LA SALA	LIKE	-e1IZFm_qoc	MPREb_M0gnOSIbJ3a	UCW2SLxltqPa553qretr4KzQ	Modern Synth-Pop Grooves
What You Need (feat. Charlotte Day Wilson)	KAYTRANADA	BUBBA	LIKE	PJwIzbu_8Tk	MPREb_2f1tBjsg3OI	UCdJvty5IClKVcrXSOyE4sOA	Modern Synth-Pop Grooves
YOU'RE THE ONE (feat. Syd)	KAYTRANADA	99.9%	LIKE	7T9gCiENjsA	MPREb_TdR8WdcjUcG	UCdJvty5IClKVcrXSOyE4sOA	Modern Synth-Pop Grooves
Safe and Sound	Justice	Woman	LIKE	YT59g6xekFE	MPREb_KgoXnvEho79	UCcJLC91v0A0iD-CMUWdZkig	Modern Synth-Pop Grooves
D.A.N.C.E.	Justice	Cross	LIKE	P0Nryn0YZ-A	MPREb_yaHYitykXQo	UCcJLC91v0A0iD-CMUWdZkig	Modern Synth-Pop Grooves
Problemz	Jungle	Volcano	LIKE	uFjfnwx5H8o	MPREb_3e6sRMoeUVi	UC8qPIA18dFORTSUmw0n8U-g	Modern Synth-Pop Grooves
I've Been In Love (feat. Channel Tres)	Jungle	Volcano	LIKE	YIiJaGQCOe8	MPREb_3e6sRMoeUVi	UC8qPIA18dFORTSUmw0n8U-g	Modern Synth-Pop Grooves
Dominoes	Jungle	Volcano	LIKE	KGqOoNhgJJM	MPREb_3e6sRMoeUVi	UC8qPIA18dFORTSUmw0n8U-g	Modern Synth-Pop Grooves
Candle Flame	Jungle	Volcano	LIKE	FlDuQhsxLms	MPREb_3e6sRMoeUVi	UC8qPIA18dFORTSUmw0n8U-g	Modern Synth-Pop Grooves
Busy Earnin'	Jungle	Jungle	LIKE	Zpkdh8raAsE	MPREb_2KVRvSYmQzW	UC8qPIA18dFORTSUmw0n8U-g	Modern Synth-Pop Grooves
Happy Man	Jungle	For Ever	LIKE	MyzRJQNKrYA	MPREb_v62TqMRfU64	UC8qPIA18dFORTSUmw0n8U-g	Modern Synth-Pop Grooves
Cherry	Jungle	For Ever	LIKE	HQFFQtsLqPY	MPREb_v62TqMRfU64	UC8qPIA18dFORTSUmw0n8U-g	Modern Synth-Pop Grooves
Casio	Jungle	For Ever	LIKE	02nFGcia31M	MPREb_v62TqMRfU64	UC8qPIA18dFORTSUmw0n8U-g	Modern Synth-Pop Grooves
Sycamore Trees	Jimmy Scott	Twin Peaks: Fire Walk With Me - Soundtrack	LIKE	HnFgsQUqugI	MPREb_WRX0bk9k01w	UCVM3Kd4PR_Dy7oirny_g0Cg	Modern Synth-Pop Grooves
What’s Your Pleasure?	Jessie Ware	What's Your Pleasure?	LIKE	_R5NMcdpuO4	MPREb_XwHO77Bg22R	UC53XOR2hYpVcmGmkhukIihA	Modern Synth-Pop Grooves
Spotlight	Jessie Ware	What's Your Pleasure?	LIKE	Rgy-eAzARNE	MPREb_XwHO77Bg22R	UC53XOR2hYpVcmGmkhukIihA	Modern Synth-Pop Grooves
Free Yourself	Jessie Ware	That! Feels Good!	LIKE	LmVvbsYrgJE	MPREb_HKkhq08y4I8	UC53XOR2hYpVcmGmkhukIihA	Modern Synth-Pop Grooves
Cosmic Girl	Jamiroquai	Travelling Without Moving	LIKE	VZkRAp9XMIg	MPREb_muHkfVVTBTA	UCUm5pe2-OfQVofZEQGuYGHg	Modern Synth-Pop Grooves
FUSE	Hudson Mohawke	Butter	LIKE	DamtMmO_NCo	MPREb_qGzLwWf3dqp	UCB9xU4WcqTheZX69u2sYWeA	Modern Synth-Pop Grooves
Tom Tom	Holy Fuck	Congrats	LIKE	F4XYeRzF3dk	MPREb_f1B0EmKbGqO	UC-L5Oyxd0aCk27RU1gGouWg	Modern Synth-Pop Grooves
Easier	Grizzly Bear	Yellow House	LIKE	6ysYsZg2EkA	MPREb_zWPtqj6Kp4u	UCvPx-zURGfOw1CMqWtuulnw	Modern Synth-Pop Grooves
Two Weeks	Grizzly Bear	Two Weeks	LIKE	QSNVMVNKS7k	MPREb_5s65DEGkUA6	UCvPx-zURGfOw1CMqWtuulnw	Modern Synth-Pop Grooves
Mourning Sound	Grizzly Bear	Painted Ruins	LIKE	yjZ5zQFWxx0	MPREb_qQZvJNmJvg1	UCvPx-zURGfOw1CMqWtuulnw	Modern Synth-Pop Grooves
Oblivion	Grimes	Visions	LIKE	JQOZjFz00-A	MPREb_yC4awaI50HN	UCzVh-F-RZdTHGV3S1o4KBWQ	Modern Synth-Pop Grooves
Shakedown Street	Grateful Dead	Shakedown Street	LIKE	I7hpKHPvRVQ	MPREb_VQw55dkY3bp	UC9dWluHyEwvIj5NNs7KkJ0A	Modern Synth-Pop Grooves
The Mountain (feat. Dennis Hopper, Ajay Prasanna, Anoushka Shankar & Amaan Ali Bangash)	Gorillaz	The Mountain	LIKE	4xN5NDAAOkY	MPREb_ibJIxQD6oBH	UCNIV5B_aJnLrKDSnW_MOmcQ	Modern Synth-Pop Grooves
On Melancholy Hill	Gorillaz	Plastic Beach	LIKE	p00v9ZFhWJM	MPREb_RZdSdgE12kU	UCNIV5B_aJnLrKDSnW_MOmcQ	Modern Synth-Pop Grooves
Empire Ants (feat. Little Dragon)	Gorillaz	Plastic Beach	LIKE	5XZGVcHysNk	MPREb_RZdSdgE12kU	UCNIV5B_aJnLrKDSnW_MOmcQ	Modern Synth-Pop Grooves
Islands of Men	Geese	Getting Killed	LIKE	HqsSC24wNrI	MPREb_qQ7VaXmhz00	UCJuKGgCDDfy3adQEoDE58_g	Modern Synth-Pop Grooves
Pink + White	Frank Ocean	Blonde	LIKE	9cHbvRUALrc	MPREb_or9GipYFiAw	UCETYiBLjt2v-pcKSgf8pe6g	Modern Synth-Pop Grooves
Crave You (feat. Giselle)	Flight Facilities	Down to Earth	LIKE	mcyOrsli1HY	MPREb_rZDia6MMGNc	UC_C5okdXzTAzv6o92KOA6Bg	Modern Synth-Pop Grooves
Albatross	Fleetwood Mac	The Pious Bird Of Good Omen	LIKE	gjOGaDseKgw	MPREb_SEuUQn5G71d	UCCzULu3prrEaPvM2ZtkJlYQ	Modern Synth-Pop Grooves
I Loved Another Woman	Fleetwood Mac	Fleetwood Mac	LIKE	9pAzlyL-ZFU	MPREb_A1ZTMpsIK9a	UCCzULu3prrEaPvM2ZtkJlYQ	Modern Synth-Pop Grooves
Lorelai	Fleet Foxes	Helplessness Blues	LIKE	kicaGhONItY	MPREb_q81edzBlmzh	UCOz1sUIzEHqm8kylpb0W-Fg	Modern Synth-Pop Grooves
Blue Spotted Tail	Fleet Foxes	Helplessness Blues	LIKE	Rhcy77BGjww	MPREb_q81edzBlmzh	UCOz1sUIzEHqm8kylpb0W-Fg	Modern Synth-Pop Grooves
Your Protector	Fleet Foxes	Fleet Foxes	LIKE	McvrkKnZji8	MPREb_LvKFY51ojWh	UCOz1sUIzEHqm8kylpb0W-Fg	Modern Synth-Pop Grooves
My Moon My Man (Boys Noize Classic Mix)	Feist	My Moon My Man	LIKE	gKs3nR4PpFo	MPREb_UiSWtSaIzP2	UCpqoOPpIfyUu6qCh-i-lUtQ	Modern Synth-Pop Grooves
I'm Writing a Novel	Father John Misty	Fear Fun	LIKE	3HeI0zvHyNE	MPREb_GZHW0BvnFO3	UCbDizOzZ4qTxDBAVc5xbbAw	Modern Synth-Pop Grooves
We Are The People	Empire Of The Sun	Walking On A Dream (10th Anniversary Edition)	LIKE	r02mYOlfcCw	MPREb_nw4xeN2KShH	UC39pUcAh8ipNPkA1W0dR0cA	Modern Synth-Pop Grooves
Walking On A Dream	Empire Of The Sun	Walking On A Dream (10th Anniversary Edition)	LIKE	rXsQmkz1T7A	MPREb_nw4xeN2KShH	UC39pUcAh8ipNPkA1W0dR0cA	Modern Synth-Pop Grooves
Baby Britain	Elliott Smith	XO	LIKE	xqOY5iQ0DeU	MPREb_vTgnPLnMlEa	UCuNTMHPl8dVBpJRtvygl-9A	Modern Synth-Pop Grooves
Ocean Drive	Duke Dumont	Blasé Boys Club (Pt. 1)	LIKE	dmaE78oaVLg	MPREb_OA3zubxgX3W	UCmOc5q8hTHMhurRJE5wDb0Q	Modern Synth-Pop Grooves
FEELS RIGHT	Darius	OASIS	LIKE	Zd386lAGDX8	MPREb_NUHgSImtO7B	UC47pz2hObnlTy47JuZJXClQ	Modern Synth-Pop Grooves
EQUILIBRIUM	Darius	OASIS	LIKE	Wp86Hw-_RZ8	MPREb_NUHgSImtO7B	UC47pz2hObnlTy47JuZJXClQ	Modern Synth-Pop Grooves
EASE YOUR MIND	Darius	OASIS	LIKE	i2dp1GiVEb0	MPREb_NUHgSImtO7B	UC47pz2hObnlTy47JuZJXClQ	Modern Synth-Pop Grooves
The Son of Flynn (From 'TRON: Legacy'/Score)	Daft Punk	TRON: Legacy	LIKE	mqgEYRtWMJU	MPREb_BQHrCwSBM37	UCRr1xG_2WIDs18a6cIiCxeA	Modern Synth-Pop Grooves
TRON Legacy (End Titles) (From 'TRON: Legacy'/Score)	Daft Punk	TRON: Legacy	LIKE	G6tuvKE6_lA	MPREb_BQHrCwSBM37	UCRr1xG_2WIDs18a6cIiCxeA	Modern Synth-Pop Grooves
Solar Sailer (From 'TRON: Legacy'/Score)	Daft Punk	TRON: Legacy	LIKE	f9cKyVJuV2Y	MPREb_BQHrCwSBM37	UCRr1xG_2WIDs18a6cIiCxeA	Modern Synth-Pop Grooves
Nocturne (From 'TRON: Legacy'/Score)	Daft Punk	TRON: Legacy	LIKE	yFnKYQR_tjY	MPREb_BQHrCwSBM37	UCRr1xG_2WIDs18a6cIiCxeA	Modern Synth-Pop Grooves
End of Line (From 'TRON: Legacy'/Score)	Daft Punk	TRON: Legacy	LIKE	NOMa56y_Was	MPREb_BQHrCwSBM37	UCRr1xG_2WIDs18a6cIiCxeA	Modern Synth-Pop Grooves
Adagio For TRON (From 'TRON: Legacy'/Score)	Daft Punk	TRON: Legacy	LIKE	-gKrIBR83b8	MPREb_BQHrCwSBM37	UCRr1xG_2WIDs18a6cIiCxeA	Modern Synth-Pop Grooves
Veridis Quo	Daft Punk	Something About Us (Love Theme from Interstella)	LIKE	qe8Q7mjxjig	MPREb_DYSzDJvUSDu	UCRr1xG_2WIDs18a6cIiCxeA	Modern Synth-Pop Grooves
Something About Us	Daft Punk	Something About Us (Love Theme from Interstella)	LIKE	URzOGF_QGls	MPREb_DYSzDJvUSDu	UCRr1xG_2WIDs18a6cIiCxeA	Modern Synth-Pop Grooves
Lose Yourself to Dance (feat. Pharrell Williams)	Daft Punk	Random Access Memories	LIKE	iU7oF4OXZSE	MPREb_K8qWMWVqXGi	UCRr1xG_2WIDs18a6cIiCxeA	Modern Synth-Pop Grooves
Instant Crush (feat. Julian Casablancas)	Daft Punk	Random Access Memories	LIKE	khnokW3Mw24	MPREb_K8qWMWVqXGi	UCRr1xG_2WIDs18a6cIiCxeA	Modern Synth-Pop Grooves
Give Life Back to Music	Daft Punk	Random Access Memories	LIKE	zKSsP2084nU	MPREb_K8qWMWVqXGi	UCRr1xG_2WIDs18a6cIiCxeA	Modern Synth-Pop Grooves
Giorgio by Moroder	Daft Punk	Random Access Memories	LIKE	ZFZM6jDTWd4	MPREb_K8qWMWVqXGi	UCRr1xG_2WIDs18a6cIiCxeA	Modern Synth-Pop Grooves
Get Lucky (feat. Pharrell Williams and Nile Rodgers)	Daft Punk	Random Access Memories	LIKE	4D7u5KF7SP8	MPREb_K8qWMWVqXGi	UCRr1xG_2WIDs18a6cIiCxeA	Modern Synth-Pop Grooves
Fragments of Time (feat. Todd Edwards)	Daft Punk	Random Access Memories	LIKE	3rpQTqpFTF4	MPREb_K8qWMWVqXGi	UCRr1xG_2WIDs18a6cIiCxeA	Modern Synth-Pop Grooves
One More Time (Radio Edit)	Daft Punk	One More Time	LIKE	wU26xVT_vBU	MPREb_uWQeJO6Z53u	UCRr1xG_2WIDs18a6cIiCxeA	Modern Synth-Pop Grooves
Robot Rock	Daft Punk	Human After All	LIKE	KzLlVKXKnyU	MPREb_O4RirBTUPxl	UCRr1xG_2WIDs18a6cIiCxeA	Modern Synth-Pop Grooves
Around the World	Daft Punk	Homework	LIKE	Jb6gcoR266U	MPREb_dMHztPsrDgN	UCRr1xG_2WIDs18a6cIiCxeA	Modern Synth-Pop Grooves
Voyager	Daft Punk	Discovery	LIKE	OWiVJMgms9E	MPREb_7ltM34kr0mH	UCRr1xG_2WIDs18a6cIiCxeA	Modern Synth-Pop Grooves
Superheroes	Daft Punk	Discovery	LIKE	mZdfvOuRvFc	MPREb_7ltM34kr0mH	UCRr1xG_2WIDs18a6cIiCxeA	Modern Synth-Pop Grooves
High Life	Daft Punk	Discovery	LIKE	IUpgPigGJ5s	MPREb_7ltM34kr0mH	UCRr1xG_2WIDs18a6cIiCxeA	Modern Synth-Pop Grooves
Harder, Better, Faster, Stronger	Daft Punk	Discovery	LIKE	JhulBGMA7G4	MPREb_7ltM34kr0mH	UCRr1xG_2WIDs18a6cIiCxeA	Modern Synth-Pop Grooves
Face to Face	Daft Punk	Discovery	LIKE	qXI87eMP-bs	MPREb_7ltM34kr0mH	UCRr1xG_2WIDs18a6cIiCxeA	Modern Synth-Pop Grooves
Digital Love	Daft Punk	Discovery	LIKE	Smi8vAbm_8o	MPREb_7ltM34kr0mH	UCRr1xG_2WIDs18a6cIiCxeA	Modern Synth-Pop Grooves
Aerodynamic	Daft Punk	Discovery	LIKE	52fNscjkST4	MPREb_7ltM34kr0mH	UCRr1xG_2WIDs18a6cIiCxeA	Modern Synth-Pop Grooves
Day & Night	Dabeull	Intimate Fonk	LIKE	rDVOqLGZgW0	MPREb_RrbMw4iv5OD	UCGx87dJIVCj0qDol9wNPuyA	Modern Synth-Pop Grooves
Locket	Crumb	Locket	LIKE	xKmqwrQFlpA	MPREb_f7LfMCd8ODr	UCpGhvsN-Gw-q5yaQ4e3w2Vg	Modern Synth-Pop Grooves
Part III	Crumb	Jinx	LIKE	P0IlDI2hK14	MPREb_6jeiXFzCPYA	UCpGhvsN-Gw-q5yaQ4e3w2Vg	Modern Synth-Pop Grooves
Nina	Crumb	Jinx	LIKE	w8I6eVV99R8	MPREb_6jeiXFzCPYA	UCpGhvsN-Gw-q5yaQ4e3w2Vg	Modern Synth-Pop Grooves
Bones	Crumb	Crumb	LIKE	r7JWHuGFUeI	MPREb_MkZa8hI49M8	UCpGhvsN-Gw-q5yaQ4e3w2Vg	Modern Synth-Pop Grooves
Guinnevere (2005 Remaster)	Crosby, Stills & Nash	Crosby, Stills & Nash	LIKE	Jaq2mwPGaE4	MPREb_G1ooTJBrVn4	UC25j4DwEaTkGHCUpQo2mZPQ	Modern Synth-Pop Grooves
Hold On	Crack The Sky	Crack The Sky	LIKE	DsBnjWYvT58	MPREb_h9x8zBKUrt7	UC-ng6FsCLG6mJboDzVhNJwg	Modern Synth-Pop Grooves
Sugar Water	Cibo Matto	Viva! La Woman	LIKE	I-OCE45jIGQ	MPREb_GNwE5T4WPO3	UCrAYuxiqEpRp5jC-Shnlc9A	Modern Synth-Pop Grooves
Feels Like Summer	Childish Gambino	Summer Pack	LIKE	mZVO1CubDIo	MPREb_6gxNzJSQzpW	UC4hvOh5lgkeAJoVRIg40Kgg	Modern Synth-Pop Grooves
Broken Chairs	Built To Spill	Keep It like a Secret	LIKE	hHnpHs5OcFM	MPREb_ISkeLHDXozB	UCrMHecWO6fui7O2d9dnpEZg	Modern Synth-Pop Grooves
Trimmed and Burning	Built To Spill	Ancient Melodies of the Future	LIKE	imLcdlRG1Kc	MPREb_b3LcdX9ULhM	UCrMHecWO6fui7O2d9dnpEZg	Modern Synth-Pop Grooves
Broken Arrow	Buffalo Springfield	Buffalo Springfield Again	LIKE	d5b3igkzRhk	MPREb_790RWmzCC1v	UCH-BBvNWh1CONPAjpeocGcw	Modern Synth-Pop Grooves
The Mall & Misery	Broken Bells	Broken Bells	LIKE	q41vRa2n28c	MPREb_ptQuCS6CpSt	UCHEURKSdC-GByFdgBGtNDfQ	Modern Synth-Pop Grooves
The Changing Lights	Broken Bells	After the Disco	LIKE	LFBR5TZSeug	MPREb_ECYQ0UYYmno	UCHEURKSdC-GByFdgBGtNDfQ	Modern Synth-Pop Grooves
Shades Of Black	Breakbot	Let The Children Techno (Compiled and Mixed by Busy P & DJ Mehdi)	LIKE	8hvd0daXMPs	MPREb_FSjj5KDrqzo	UC2hW8YWmspFv-nWNdGMUcSg	Modern Synth-Pop Grooves
Fantasy (feat. Ruckazoid)	Breakbot	Fantasy	LIKE	minW-Z3dbBU	MPREb_NQwwssz8Z10	UC2hW8YWmspFv-nWNdGMUcSg	Modern Synth-Pop Grooves
Baby I'm Yours (feat. Irfane)	Breakbot	Baby I'm Yours	LIKE	3vVSBLkpO-8	MPREb_Ne659UTX1Jd	UC2hW8YWmspFv-nWNdGMUcSg	Modern Synth-Pop Grooves
Beat	Bowery Electric	Beat	LIKE	tfIM4r0c7MQ	MPREb_rMiZh5k2tC4	UCRIXbyktVfn92Qqp8muZuYQ	Modern Synth-Pop Grooves
Unison	Björk	Vespertine	LIKE	cOaW2mYXJIs	MPREb_F4yL8AbLRPj	UCAjidy3vxRkgGVNIFqZMl_Q	Modern Synth-Pop Grooves
Novacane	Beck	Odelay (Deluxe Edition)	LIKE	1sfdrSCdd-c	MPREb_F5N1JbnFmMV	UC8fxkahdLdfHk8pF1fRYD-w	Modern Synth-Pop Grooves
Waking Light	Beck	Morning Phase	LIKE	oPwMactlIac	MPREb_Yjkedx8rgxp	UC8fxkahdLdfHk8pF1fRYD-w	Modern Synth-Pop Grooves
Pressure Zone	Beck	Midnite Vultures	LIKE	fkl2l60RHJE	MPREb_NClnunbGjsi	UC8fxkahdLdfHk8pF1fRYD-w	Modern Synth-Pop Grooves
Walk in the Park	Beach House	Teen Dream	LIKE	t8TRH1t5dWw	MPREb_DHPvTGLo2Vd	UC785fnTclD2P2WQXRAt2BVg	Modern Synth-Pop Grooves
PPP	Beach House	Depression Cherry	LIKE	1Bu1I7AMRIw	MPREb_6Ui257pBxny	UC785fnTclD2P2WQXRAt2BVg	Modern Synth-Pop Grooves
This Year	Beach Fossils	Somersault	LIKE	cwk2_CDeDnw	MPREb_RDSuaAkpAGm	UCa3Tz2g-TF1oumK2paiC9yg	Modern Synth-Pop Grooves
Time Moves Slow	BADBADNOTGOOD	IV	LIKE	zWYyycn_yCU	MPREb_9iiSGUrZcT9	UCeLdRRQwPb-KP8Qj7j3P5dw	Modern Synth-Pop Grooves
Can't Leave the Night	BADBADNOTGOOD	III	LIKE	qWcR596F7NI	MPREb_gfuerKPuiMW	UCeLdRRQwPb-KP8Qj7j3P5dw	Modern Synth-Pop Grooves
I Don't Know	BADBADNOTGOOD	I Don't Know	LIKE	UBgWBOkQJsA	MPREb_5kC7Q0jfJJA	UCeLdRRQwPb-KP8Qj7j3P5dw	Modern Synth-Pop Grooves
505	Arctic Monkeys	Favourite Worst Nightmare	LIKE	KfEEm4Zx-EU	MPREb_T27e2ubslye	UC8Yu1_yfN5qPh601Y4btsYw	Modern Synth-Pop Grooves
Do I Wanna Know?	Arctic Monkeys	AM	LIKE	pqrUQrAcfo4	MPREb_m7saomf2NFN	UC8Yu1_yfN5qPh601Y4btsYw	Modern Synth-Pop Grooves
Empty Room	Arcade Fire	The Suburbs (Deluxe)	LIKE	ibX11Pf_wro	MPREb_HfNofHHa8uc	UCXvAK640Ko85SLbI-zA0ZCg	Modern Synth-Pop Grooves
Winters Love	Animal Collective	Sung Tongs	LIKE	T2ShTIcETEs	MPREb_CaEPov9Ti40	UC6X5Baxp63Ex9NaLZwAy7lQ	Modern Synth-Pop Grooves
Quite Like You	Andy Shauf	The Party	LIKE	t3C0YbG9G6k	MPREb_GKa6GOJmtTB	UCp3eGVEfpk2hyFvM2lVRuYA	Modern Synth-Pop Grooves
Dark Matter	Andrew Bird	Armchair Apocrypha	LIKE	L0jb5Hreips	MPREb_AvDJ2ZzxJ3f	UCWWyLppgObl9xS8wdSpiv8Q	Modern Synth-Pop Grooves
No Werewolf	Allah-Las	Worship the Sun	LIKE	6tHfyDluhyY	MPREb_VDGtN536KRK	UCRg0dGQ51ZX7b3SF-6HkMDA	Modern Synth-Pop Grooves
Tell Me (What's on Your Mind)	Allah-Las	Allah-Las	LIKE	CLmrZliwT4s	MPREb_L5xPQdFUNtc	UCRg0dGQ51ZX7b3SF-6HkMDA	Modern Synth-Pop Grooves
Sandy	Allah-Las	Allah-Las	LIKE	OpeaILsddHc	MPREb_L5xPQdFUNtc	UCRg0dGQ51ZX7b3SF-6HkMDA	Modern Synth-Pop Grooves
Catalina	Allah-Las	Allah-Las	LIKE	UxC8cGYjd7g	MPREb_L5xPQdFUNtc	UCRg0dGQ51ZX7b3SF-6HkMDA	Modern Synth-Pop Grooves
Run	Air	Talkie Walkie	LIKE	sbFeaxz9ybM	MPREb_JSYafMb7Dwk	UCH_Q3OLUXLZNF0qmnY3bCXg	Modern Synth-Pop Grooves
Thunderclap	照井順政	Jujutsu Kaisen Hidden Inventory/Premature Death, The Shibuya Incident Original Soundtrack	INDIFFERENT	7Y3sIvGGUPE	MPREb_a2O3gYJ0uD6	UCnYZZcapiKqBuH0zTFmJ9zA	Modern Synth-Pop Grooves
Thunderclap	照井順政	Jujutsu Kaisen Hidden Inventory/Premature Death, The Shibuya Incident Original Soundtrack	INDIFFERENT	7Y3sIvGGUPE	MPREb_a2O3gYJ0uD6	UCnYZZcapiKqBuH0zTFmJ9zA	Modern Synth-Pop Grooves
Thunderclap	照井順政	Jujutsu Kaisen Hidden Inventory/Premature Death, The Shibuya Incident Original Soundtrack	INDIFFERENT	7Y3sIvGGUPE	MPREb_a2O3gYJ0uD6	UCnYZZcapiKqBuH0zTFmJ9zA	Modern Synth-Pop Grooves
Thunderclap	照井順政	Jujutsu Kaisen Hidden Inventory/Premature Death, The Shibuya Incident Original Soundtrack	INDIFFERENT	7Y3sIvGGUPE	MPREb_a2O3gYJ0uD6	UCnYZZcapiKqBuH0zTFmJ9zA	Modern Synth-Pop Grooves
Malevolent Shrine	照井順政	Jujutsu Kaisen Hidden Inventory/Premature Death, The Shibuya Incident Original Soundtrack	INDIFFERENT	h_9RC8DCEPM	MPREb_a2O3gYJ0uD6	UCnYZZcapiKqBuH0zTFmJ9zA	Modern Synth-Pop Grooves
Delirious	照井順政	Jujutsu Kaisen Hidden Inventory/Premature Death - Original Soundtrack	INDIFFERENT	8s-NKe-2ZAk	MPREb_6gykpqKVf15	UCnYZZcapiKqBuH0zTFmJ9zA	Modern Synth-Pop Grooves
awake	岩崎琢	ジョジョの奇妙な冒険 O.S.T Battle Tendency [leicht verwendbar]	INDIFFERENT	-W8MBjTk2E8	MPREb_YzvUJYk2obD	UCJa9Q9fkv62ufebEIbUD--Q	Modern Synth-Pop Grooves
JOJO SONO CHINO SADAME	富永TOMMY弘明	JOJO SONO CHINO SADAME	INDIFFERENT	_N_Uqd7JBcM	MPREb_mI5uQ8WV2tQ	UCa5_xcbR2lDhtwHSevYL_IQ	Modern Synth-Pop Grooves
黄昏のBAY CITY	八神純子	黄昏のBAY CITY	INDIFFERENT	QLHMhVonF-s	MPREb_y9qc00gXAav	UClrt1uflipH-2E2Yo6dY3Tw	Modern Synth-Pop Grooves
Friday Theme	uglyburger0	Roblox 3008, Vol. 1 (Original Soundtrack)	INDIFFERENT	1PkRWWuIG2E	MPREb_f2NWh7yaUD1	UCKqwLqGPDZUUhaZrnYrME5w	Modern Synth-Pop Grooves
City Walls	twenty one pilots	Breach	INDIFFERENT	LZy5vrzeKE4	MPREb_2XTBJUK3vdW	UCnX0L9QiftAcWdzeBx31xCw	Modern Synth-Pop Grooves
Gone Girl	tie a tie	Cinnamon Daydream	INDIFFERENT	JVe7su0gjVA	MPREb_S84I6DeGk4z	UCkIL6TcZwR9szSVXRf-ihBQ	Modern Synth-Pop Grooves
favorite place	strongboi	ep 1	INDIFFERENT	kP9CEhVpytw	MPREb_XdpfNnvTZoq	UCqYnU_OrbJzvscAGa3cOlwA	Modern Synth-Pop Grooves
back to friends	sombr	I Barely Know Her	INDIFFERENT	c-8abSPAPOU	MPREb_Va0lfSWvZTo	UCyI0V6RmULLsRxegMTCmkWQ	Modern Synth-Pop Grooves
12 to 12	sombr	I Barely Know Her	INDIFFERENT	Lylp6w7LpHc	MPREb_Va0lfSWvZTo	UCyI0V6RmULLsRxegMTCmkWQ	Modern Synth-Pop Grooves
Judgement	kensuke ushio	DEVILMAN crybaby (Original Soundtrack)	INDIFFERENT	8J6MwUpSU3M	MPREb_vp6Y99sEDsC	UCyp_JApwUNqb9v595vPRvhg	Modern Synth-Pop Grooves
Devilman No Uta	kensuke ushio	DEVILMAN crybaby (Original Soundtrack)	INDIFFERENT	BLXq9D0RuGw	MPREb_vp6Y99sEDsC	UCyp_JApwUNqb9v595vPRvhg	Modern Synth-Pop Grooves
D.V.M.N. -Theme From 'DEVILMAN crybaby'- - D.V.M.N. (Theme from 'DEVILMAN crybaby')	kensuke ushio	DEVILMAN crybaby (Original Soundtrack)	INDIFFERENT	A0ajIeNqHVI	MPREb_vp6Y99sEDsC	UCyp_JApwUNqb9v595vPRvhg	Modern Synth-Pop Grooves
Buddy, Ryo	kensuke ushio	DEVILMAN crybaby (Original Soundtrack)	INDIFFERENT	JzQ8Fu8_4Nc	MPREb_vp6Y99sEDsC	UCyp_JApwUNqb9v595vPRvhg	Modern Synth-Pop Grooves
edge of chainsaw	kensuke ushio	Chainsaw Man Original Soundtrack EP Vol.1 (Episode 1-3)	INDIFFERENT	46KlmoNlZdc	MPREb_6BIABUcCyk2	UCyp_JApwUNqb9v595vPRvhg	Modern Synth-Pop Grooves
like a fire	kensuke ushio	'DAN DA DAN' Original Soundtrack Lead Trax	INDIFFERENT	cZ4udhjnTrI	MPREb_nQ5DGappKna	UCyp_JApwUNqb9v595vPRvhg	Modern Synth-Pop Grooves
like a fire	kensuke ushio	'DAN DA DAN' Original Soundtrack Lead Trax	INDIFFERENT	cZ4udhjnTrI	MPREb_nQ5DGappKna	UCyp_JApwUNqb9v595vPRvhg	Modern Synth-Pop Grooves
Let's Go Out!	jung jaeil	Squid Game 2 (Soundtrack from the Netflix Series)	INDIFFERENT	LcesRwxMZGw	MPREb_2YayZOHjD8w	UCfBzleDo7JputyDuN_RmUjg	Modern Synth-Pop Grooves
Let's Go Out!	jung jaeil	Squid Game 2 (Soundtrack from the Netflix Series)	INDIFFERENT	LcesRwxMZGw	MPREb_2YayZOHjD8w	UCfBzleDo7JputyDuN_RmUjg	Modern Synth-Pop Grooves
Unfolded…	jung jaeil	Squid Game (Original Soundtrack from the Netflix Series)	INDIFFERENT	k_xsj4biv1s	MPREb_3ZGWOYDljjO	UCfBzleDo7JputyDuN_RmUjg	Modern Synth-Pop Grooves
Initial D Forever Young HD	jim6267		INDIFFERENT	qFEWBm_3yK8		UC655KN9g0MbbzU6vOLTHM7Q	Modern Synth-Pop Grooves
Paris	feeble little horse	bitknot	INDIFFERENT	6JTgnibJLH4	MPREb_ZOPHKdnmx7m	UC1YZSvN6lTuz4H0-RLSlYAQ	Modern Synth-Pop Grooves
Naruto - Strong And Strike (Extended)	elxpsia94		INDIFFERENT	Gcshz4lBJPQ		UCwb0kyCrk-Dkbbs5JmDWElg	Modern Synth-Pop Grooves
The Halo 3 Warthog Run: The Complete Extended Version	einoiii		INDIFFERENT	q_pAa9252Uo		UCwNkS1ya6Wk5x8sMsMrTrdg	Modern Synth-Pop Grooves
Ducter	black midi	Schlagenheim	INDIFFERENT	4jBZLbrlCwM	MPREb_uJjp3FYImxd	UCQH1ZFu68tIio4QFDP0TErQ	Modern Synth-Pop Grooves
ナイト・オブ・ナイツ - Night of Knights / Knight of Nights	beatMARIO	TOHO INSTRIKE	INDIFFERENT	QZybHcwvY6Y	MPREb_7iU7Rdt9yBx	UCJ84ejDvRbEZg8x6Emf_7ow	Modern Synth-Pop Grooves
chase	batta	chase	INDIFFERENT	HP_DeZ3gRak	MPREb_t35xbxSOZCU	UCgMLTRlT4E9gGTfGdKBURWQ	Modern Synth-Pop Grooves
TOO LATE FOR YOU	alan vuong	HEAVEN SENT ME	INDIFFERENT	vMwtF-vYRbw	MPREb_SySOgsCrioL	UCyX453ymNMBckNXyiPomYBA	Modern Synth-Pop Grooves
The Space Between	Zero 7	When It Falls	INDIFFERENT	OsXK9d7m0eQ	MPREb_WpN4EGHYz0g	UCEIRECr4BQQ6blwSi9ogZvA	Modern Synth-Pop Grooves
ジャカ☆ジャ〜ン (『ドラゴンボールDAIMA』オープニング主題歌) - Jaka Jaan (Dragon Ball DAIMA Opening Theme - Full Length) (feat. C&K)	Zedd	Jaka Jaan (Dragon Ball DAIMA Opening Theme - Full Length)	INDIFFERENT	iQQidptno_c	MPREb_JomDmsCmoM1	UCGVGIqHPzwLhZg8KQNVaRbA	Modern Synth-Pop Grooves
The Way (Instrumental)	Zack Hemsey	The Way (Bonus Disk)	INDIFFERENT	OhKy40oA2i8	MPREb_AKrdynKLjcs	UCmc4BpzlXCNBv3LjbZqzQ4g	Modern Synth-Pop Grooves
Vengeance	Zack Hemsey	The Way	INDIFFERENT	pQGPEEKRrUI	MPREb_3ka5PJajhzM	UCmc4BpzlXCNBv3LjbZqzQ4g	Modern Synth-Pop Grooves
See What I’ve Become	Zack Hemsey	The Way	INDIFFERENT	a7cAc2lEpZ4	MPREb_3ka5PJajhzM	UCmc4BpzlXCNBv3LjbZqzQ4g	Modern Synth-Pop Grooves
Macintosh Plus 2K18	Yung Frown	Macintosh Plus 2K18	INDIFFERENT	c8-peH2NfME	MPREb_E9GwBPlgRru	UC42ZsHSXYumumg7uuB6hIPg	Modern Synth-Pop Grooves
Depths (Pt. I)	Yumi Zouma	Willowbank	INDIFFERENT	y_6ro5p9VHQ	MPREb_XyGwMQNrq3D	UCQqAzIFazcwAg4dGcabd4dQ	Modern Synth-Pop Grooves
HERO A	Yuly	TVアニメ「僕のヒーローアカデミア」サウンドトラックセレクション 2016~2018	INDIFFERENT	sM3WYL8JVZ0	MPREb_4GDK8Ceuoyx	UC1bXpIIv91lMkwz__pCk1lA	Modern Synth-Pop Grooves
Corcovado	Yuksek	Bateu	INDIFFERENT	BDvgKJJaa4w	MPREb_PXOSPc29HHx	UC6qB49mlkH5SNYEiopZNv-w	Modern Synth-Pop Grooves
Swordland	Yuki Kajiura	SWORD ART ONLINE MUSIC COLLECTION	INDIFFERENT	jUuknk81n2w	MPREb_qaXiVRqhKfT	UCH-6nujw1qBPOvqzFSKSMug	Modern Synth-Pop Grooves
You Say Run	Yuki Hayashi	TVアニメ「僕のヒーローアカデミア」サウンドトラックセレクション 2016~2018	INDIFFERENT	QwACoXnNcwg	MPREb_4GDK8Ceuoyx	UCQ6eto8FjpD7mut_F23ctpw	Modern Synth-Pop Grooves
My Hero Academia	Yuki Hayashi	TVアニメ「僕のヒーローアカデミア」サウンドトラックセレクション 2016~2018	INDIFFERENT	nsUUBIISWyE	MPREb_4GDK8Ceuoyx	UCQ6eto8FjpD7mut_F23ctpw	Modern Synth-Pop Grooves
Jet Set Run	Yuki Hayashi	TVアニメ「僕のヒーローアカデミア」 2nd オリジナル･サウンドトラック	INDIFFERENT	qBsH-zv9_6U	MPREb_OWlDrcDNlYr	UCQ6eto8FjpD7mut_F23ctpw	Modern Synth-Pop Grooves
Symbol of Fear	Yuki Hayashi	My Hero Academia, Season 5 (Original Series Soundtrack)	INDIFFERENT	WSqdZUKjY9E	MPREb_mOrGexx6fc0	UCQ6eto8FjpD7mut_F23ctpw	Modern Synth-Pop Grooves
Symbol of Fear	Yuki Hayashi	My Hero Academia, Season 5 (Original Series Soundtrack)	INDIFFERENT	WSqdZUKjY9E	MPREb_mOrGexx6fc0	UCQ6eto8FjpD7mut_F23ctpw	Modern Synth-Pop Grooves
I'll be your hero	Yuki Hayashi	'My Hero Academia' Soundtrack Selection 2019 - 2021	INDIFFERENT	B-kr0H98Ww0	MPREb_DGMAgY4XEfk	UCQ6eto8FjpD7mut_F23ctpw	Modern Synth-Pop Grooves
GO Beyond!!	Yuki Hayashi	'My Hero Academia' Soundtrack Selection 2019 - 2021	INDIFFERENT	61VYB08kBW0	MPREb_DGMAgY4XEfk	UCQ6eto8FjpD7mut_F23ctpw	Modern Synth-Pop Grooves
Twin Princes	Yuka Kitamura	Dark Souls 3 (Original Game Soundtrack)	INDIFFERENT	2V8tqwZvGUM	MPREb_V2VAO9yFfnX	UCfZTqtqHHKwE5JOUXAqom4w	Modern Synth-Pop Grooves
Soul of Cinder	Yuka Kitamura	Dark Souls 3 (Original Game Soundtrack)	INDIFFERENT	x0euNw-4YOo	MPREb_V2VAO9yFfnX	UCfZTqtqHHKwE5JOUXAqom4w	Modern Synth-Pop Grooves
Slave Knight Gael	Yuka Kitamura	Dark Souls 3 (Original Game Soundtrack)	INDIFFERENT	YWSJkdR49PI	MPREb_V2VAO9yFfnX	UCfZTqtqHHKwE5JOUXAqom4w	Modern Synth-Pop Grooves
DARK SOULS Ⅲ	Yuka Kitamura	Dark Souls 3 (Original Game Soundtrack)	INDIFFERENT	eXLRwFoB6tU	MPREb_V2VAO9yFfnX	UCfZTqtqHHKwE5JOUXAqom4w	Modern Synth-Pop Grooves
スターダストクルセイダース - Stardust Crusaders	Yugo Kanno	JOJO'S BIZARRE ADVENTURE -Stardust Crusaders O.S.T [Departure]	INDIFFERENT	wtrFQLivuCg	MPREb_1LUvE8JNNd9	UCqItq83Y0wdZ3vawrz7NAfg	Modern Synth-Pop Grooves
Theme of Stone Ocean	Yugo Kanno	JOJO'S BIZARRE ADVENTURE -STONE OCEAN O.S.T.	INDIFFERENT	gFAk1RgX2Zo	MPREb_oaag1zzVxkM	UCqItq83Y0wdZ3vawrz7NAfg	Modern Synth-Pop Grooves
Canzoni preferite	Yugo Kanno	JOJO'S BIZARRE ADVENTURE -Golden Wind O.S.T vol.1 Overture	INDIFFERENT	K2wKBYrDxew	MPREb_28xvlSME2a9	UCqItq83Y0wdZ3vawrz7NAfg	Modern Synth-Pop Grooves
Killer	Yugo Kanno	JOJO'S BIZARRE ADVENTURE -Diamond is unbreakable O.S.T Vol.2 -Good Night Morioh Cho- Music by Yugo Kanno	INDIFFERENT	ayTe5S42guI	MPREb_0LCt2F6jLyT	UCqItq83Y0wdZ3vawrz7NAfg	Modern Synth-Pop Grooves
Killer	Yugo Kanno	JOJO'S BIZARRE ADVENTURE -Diamond is unbreakable O.S.T Vol.2 -Good Night Morioh Cho- Music by Yugo Kanno	INDIFFERENT	ayTe5S42guI	MPREb_0LCt2F6jLyT	UCqItq83Y0wdZ3vawrz7NAfg	Modern Synth-Pop Grooves
ダイヤモンドは砕けない～メインテーマ～ - Diamond is unbreakable - Main Theme	Yugo Kanno	JOJO'S BIZARRE ADVENTURE -Diamond is unbreakable O.S.T Vol.1 -Good Morning Morioh Cho- Music by Yugo Kanno	INDIFFERENT	pqDqIMUo2OU	MPREb_A9m57sQywhL	UCqItq83Y0wdZ3vawrz7NAfg	Modern Synth-Pop Grooves
ザ･ハンド - The hand	Yugo Kanno	JOJO'S BIZARRE ADVENTURE -Diamond is unbreakable O.S.T Vol.1 -Good Morning Morioh Cho- Music by Yugo Kanno	INDIFFERENT	iSi6rG5cZZ8	MPREb_A9m57sQywhL	UCqItq83Y0wdZ3vawrz7NAfg	Modern Synth-Pop Grooves
ザ･ハンド - The hand	Yugo Kanno	JOJO'S BIZARRE ADVENTURE -Diamond is unbreakable O.S.T Vol.1 -Good Morning Morioh Cho- Music by Yugo Kanno	INDIFFERENT	iSi6rG5cZZ8	MPREb_A9m57sQywhL	UCqItq83Y0wdZ3vawrz7NAfg	Modern Synth-Pop Grooves
Working Overtime	Yoshimasa Terui	Jujutsu Kaisen (Original Television Soundtrack)	INDIFFERENT	6OBcBGUeUVQ	MPREb_3zRV0LeO0B9		Modern Synth-Pop Grooves
Jujutsu Sorcerer, Megumi Fushiguro	Yoshimasa Terui	Jujutsu Kaisen (Original Television Soundtrack)	INDIFFERENT	Ur7Dz5UqT0k	MPREb_3zRV0LeO0B9		Modern Synth-Pop Grooves
Boogie Woogie	Yoshimasa Terui	Jujutsu Kaisen (Original Television Soundtrack)	INDIFFERENT	P5lTDU_BDro	MPREb_3zRV0LeO0B9		Modern Synth-Pop Grooves
Theme of “KAGE”	Yoshihisa Hirano	HUNTER x HUNTER THE MOVIE -The LAST MISSON- Original Soundtrack	INDIFFERENT	OzaRdmjqzok	MPREb_5G54Y7d7lLG	UCMq59nChYXlp-8tRvD7ER8A	Modern Synth-Pop Grooves
The Last Mission	Yoshihisa Hirano	HUNTER x HUNTER THE MOVIE -The LAST MISSON- Original Soundtrack	INDIFFERENT	peWFNuZssN0	MPREb_5G54Y7d7lLG	UCMq59nChYXlp-8tRvD7ER8A	Modern Synth-Pop Grooves
Legend of the Martial Artist	Yoshihisa Hirano	HUNTER x HUNTER Original Soundtrack 3	INDIFFERENT	Bzl3bSM1H4o	MPREb_ZCgmCEKyXJP	UCMq59nChYXlp-8tRvD7ER8A	Modern Synth-Pop Grooves
Kingdom of Predators	Yoshihisa Hirano	HUNTER x HUNTER Original Soundtrack 3	INDIFFERENT	LooOkvPQQ2Y	MPREb_ZCgmCEKyXJP	UCMq59nChYXlp-8tRvD7ER8A	Modern Synth-Pop Grooves
In the Palace (Lamentoso)	Yoshihisa Hirano	HUNTER x HUNTER Original Soundtrack 3	INDIFFERENT	qTx2Yw3L29M	MPREb_ZCgmCEKyXJP	UCMq59nChYXlp-8tRvD7ER8A	Modern Synth-Pop Grooves
The Finisher	Yoshihisa Hirano	HAJIME NO IPPO: THE FIGHTING! Rising Original Soundtrack	INDIFFERENT	N1UWWgEYQIQ	MPREb_G6djbe59jV8	UCMq59nChYXlp-8tRvD7ER8A	Modern Synth-Pop Grooves
Kyrie Ⅱ	Yoshihisa Hirano	DEATH NOTE Original Soundtrack Ⅱ	INDIFFERENT	fr3QRSw-UN0	MPREb_493agWI5yNX	UCMq59nChYXlp-8tRvD7ER8A	Modern Synth-Pop Grooves
Teleology of Death	Yoshihisa Hirano	DEATH NOTE Original Soundtrack	INDIFFERENT	wGFYJ7OepaE	MPREb_pG8v0M5ItZj	UCMq59nChYXlp-8tRvD7ER8A	Modern Synth-Pop Grooves
Teleology of Death	Yoshihisa Hirano	DEATH NOTE Original Soundtrack	INDIFFERENT	wGFYJ7OepaE	MPREb_pG8v0M5ItZj	UCMq59nChYXlp-8tRvD7ER8A	Modern Synth-Pop Grooves
Low of Solipsism	Yoshihisa Hirano	DEATH NOTE Original Soundtrack	INDIFFERENT	0Wj7NxZJCGc	MPREb_pG8v0M5ItZj	UCMq59nChYXlp-8tRvD7ER8A	Modern Synth-Pop Grooves
Kyrie	Yoshihisa Hirano	DEATH NOTE Original Soundtrack	INDIFFERENT	tAMhUyLwD4k	MPREb_pG8v0M5ItZj	UCMq59nChYXlp-8tRvD7ER8A	Modern Synth-Pop Grooves
Immanence	Yoshihisa Hirano	DEATH NOTE Original Soundtrack	INDIFFERENT	lmRKBUc4LBI	MPREb_pG8v0M5ItZj	UCMq59nChYXlp-8tRvD7ER8A	Modern Synth-Pop Grooves
Domine Kira	Yoshihisa Hirano	DEATH NOTE Original Soundtrack	INDIFFERENT	P62VWdkQSXU	MPREb_pG8v0M5ItZj	UCMq59nChYXlp-8tRvD7ER8A	Modern Synth-Pop Grooves
Domine Kira	Yoshihisa Hirano	DEATH NOTE Original Soundtrack	INDIFFERENT	P62VWdkQSXU	MPREb_pG8v0M5ItZj	UCMq59nChYXlp-8tRvD7ER8A	Modern Synth-Pop Grooves
Dirge	Yoshihisa Hirano	DEATH NOTE Original Soundtrack	INDIFFERENT	HAoNxDCHz-s	MPREb_pG8v0M5ItZj	UCMq59nChYXlp-8tRvD7ER8A	Modern Synth-Pop Grooves
Death Note Theme	Yoshihisa Hirano	DEATH NOTE Original Soundtrack	INDIFFERENT	KKDiF7a7F-4	MPREb_pG8v0M5ItZj	UCMq59nChYXlp-8tRvD7ER8A	Modern Synth-Pop Grooves
残酷な天使のテーゼ (Directors Edit Version) - The Cruel Angel's Thesis(Directors Edit Version)	Yoko Takahashi	The Cruel Angel's Thesis/FLY ME TO THE MOON	INDIFFERENT	Ca0-ZccWruA	MPREb_WWnIqnMRwl5	UCDhu-ZkMMxPNtEyzk-NgzcA	Modern Synth-Pop Grooves
Stand Your Ground	Yoko Shimomura	FINAL FANTASY XV Original Soundtrack	INDIFFERENT	GqDeit4elR8	MPREb_4QfVWzQDYMU	UCfJccS1OZgGgpYCf5jxtKaA	Modern Synth-Pop Grooves
APOCALYPSIS NOCTIS	Yoko Shimomura	FINAL FANTASY XV Original Soundtrack	INDIFFERENT	Xkv3HbHBdBI	MPREb_4QfVWzQDYMU	UCfJccS1OZgGgpYCf5jxtKaA	Modern Synth-Pop Grooves
APOCALYPSIS NOCTIS	Yoko Shimomura	FINAL FANTASY XV Original Soundtrack	INDIFFERENT	Xkv3HbHBdBI	MPREb_4QfVWzQDYMU	UCfJccS1OZgGgpYCf5jxtKaA	Modern Synth-Pop Grooves
Sr. Tigre (French Braids Rework)	YoSoyMatt	Sr. Tigre (French Braids Rework)	INDIFFERENT	SJ7WR8KFjwg	MPREb_MjdGDARvole	UCyCOR9JhVMl489gRGMHmYag	Modern Synth-Pop Grooves
The Feels	Yazmin Lacey	The Feels	INDIFFERENT	vBzh1PYK7eI	MPREb_frYAblLQs5y	UCTEgGcbiVirjOp49alc3BlQ	Modern Synth-Pop Grooves
殉教者 - Martyr	Yasuharu Takanashi	NARUTO SHIPPUDEN ORIGINAL SOUNDTRACK 3	INDIFFERENT	ArSPQ2gBZO0	MPREb_xdKRYyZEydr	UCbU_Moyiq8M2tM_I35gx9qw	Modern Synth-Pop Grooves
四代目火影 - Fourth Hokage	Yasuharu Takanashi	NARUTO SHIPPUDEN ORIGINAL SOUNDTRACK 3	INDIFFERENT	kHMs4gCl5rk	MPREb_xdKRYyZEydr	UCbU_Moyiq8M2tM_I35gx9qw	Modern Synth-Pop Grooves
うちはイタチ - Itachi Uchiha	Yasuharu Takanashi	NARUTO SHIPPUDEN ORIGINAL SOUNDTRACK 3	INDIFFERENT	mG8MGXNe2ac	MPREb_xdKRYyZEydr	UCbU_Moyiq8M2tM_I35gx9qw	Modern Synth-Pop Grooves
黒点 - Black Spot	Yasuharu Takanashi	NARUTO SHIPPUDEN ORIGINAL SOUNDTRACK 2	INDIFFERENT	XYG_p8L1fDk	MPREb_DKGpXhloJ6R	UCbU_Moyiq8M2tM_I35gx9qw	Modern Synth-Pop Grooves
角都 - Kakuzu	Yasuharu Takanashi	NARUTO SHIPPUDEN ORIGINAL SOUNDTRACK 2	INDIFFERENT	22gdFESNyEg	MPREb_DKGpXhloJ6R	UCbU_Moyiq8M2tM_I35gx9qw	Modern Synth-Pop Grooves
紅炎 - Crimson Flames	Yasuharu Takanashi	NARUTO SHIPPUDEN ORIGINAL SOUNDTRACK 2	INDIFFERENT	CFolRCtS2YU	MPREb_DKGpXhloJ6R	UCbU_Moyiq8M2tM_I35gx9qw	Modern Synth-Pop Grooves
電光石火 - Lightning Speed	Yasuharu Takanashi	NARUTO SHIPPUDEN ORIGINAL SOUNDTRACK	INDIFFERENT	6joINf-l0ZA	MPREb_HPHsUTjugcj	UCbU_Moyiq8M2tM_I35gx9qw	Modern Synth-Pop Grooves
百花繚乱 - Emergence of Talents	Yasuharu Takanashi	NARUTO SHIPPUDEN ORIGINAL SOUNDTRACK	INDIFFERENT	Uz2CUU3AZZY	MPREb_HPHsUTjugcj	UCbU_Moyiq8M2tM_I35gx9qw	Modern Synth-Pop Grooves
疾風伝 - Shippuden	Yasuharu Takanashi	NARUTO SHIPPUDEN ORIGINAL SOUNDTRACK	INDIFFERENT	5wtbV8mbymY	MPREb_HPHsUTjugcj	UCbU_Moyiq8M2tM_I35gx9qw	Modern Synth-Pop Grooves
暁 - Akatsuki	Yasuharu Takanashi	NARUTO SHIPPUDEN ORIGINAL SOUNDTRACK	INDIFFERENT	4NDfNmfdhTM	MPREb_HPHsUTjugcj	UCbU_Moyiq8M2tM_I35gx9qw	Modern Synth-Pop Grooves
形勢逆転 - Reverse Situation	Yasuharu Takanashi	NARUTO SHIPPUDEN ORIGINAL SOUNDTRACK	INDIFFERENT	NE69eGDA9tk	MPREb_HPHsUTjugcj	UCbU_Moyiq8M2tM_I35gx9qw	Modern Synth-Pop Grooves
動天 - Heaven-Shaking Event / Vigorously	Yasuharu Takanashi	NARUTO SHIPPUDEN ORIGINAL SOUNDTRACK	INDIFFERENT	G-wibgyCCew	MPREb_HPHsUTjugcj	UCbU_Moyiq8M2tM_I35gx9qw	Modern Synth-Pop Grooves
拳願 - Kengan	Yasuharu Takanashi	Kengan Ashura Original Soundtrack	INDIFFERENT	fvLoEI3Rb7A	MPREb_2y7opZftfwq	UCbU_Moyiq8M2tM_I35gx9qw	Modern Synth-Pop Grooves
Overtaken	Yasuharu Takanashi	Emergence of Talents	INDIFFERENT	LoOnUu0AAOs	MPREb_CXfSz442Tf7	UCbU_Moyiq8M2tM_I35gx9qw	Modern Synth-Pop Grooves
Spin and Burst	Yasuharu Takanashi	BORUTO: NARUTO THE MOVIE ORIGINAL SOUNDTRACK	INDIFFERENT	m89GTfifrrM	MPREb_91ELO5BQEty	UCbU_Moyiq8M2tM_I35gx9qw	Modern Synth-Pop Grooves
Caught up in Living	Xavier White	Caught up in Living	INDIFFERENT	cr9GJMZuK2A	MPREb_Ym0Gsh0Ur5z	UCNqOEkPVEwI07rk0XUFttPg	Modern Synth-Pop Grooves
Red Dead Redemption	Woody Jackson	The Music of Red Dead Redemption 2 (Original Score)	INDIFFERENT	5iGoLmFK8jw	MPREb_g8Dt6BFsw7k	UCFQ4OyfNSk9ui_Buw0Wki6A	Modern Synth-Pop Grooves
American Venom	Woody Jackson	The Music of Red Dead Redemption 2 (Original Score)	INDIFFERENT	AF22vaGLziM	MPREb_g8Dt6BFsw7k	UCFQ4OyfNSk9ui_Buw0Wki6A	Modern Synth-Pop Grooves
To the Wilder	Woodkid	To the Wilder (from 'DEATH STRANDING 2 : ON THE BEACH' Soundtrack)	INDIFFERENT	JKDPPIlk_HM	MPREb_zwxqg1jSsxJ	UCqishLHg7u5voH0sEmR-l6Q	Modern Synth-Pop Grooves
Iron	Woodkid	The Golden Age	INDIFFERENT	HGoRCk7joUY	MPREb_xjzvpJe0ujy	UCqishLHg7u5voH0sEmR-l6Q	Modern Synth-Pop Grooves
Back to Land	Wooden Shjips	Back to Land	INDIFFERENT	Xtcalc4PC7I	MPREb_h4vPvBL7u7a	UCYSZSxnAwfjJcDAjcE3Y4sQ	Modern Synth-Pop Grooves
Jervis Pump Station	Wolfey	Jervis Pump Station	INDIFFERENT	MOKTow82x_k	MPREb_FWMlMwSA3tU	UCMIEMNXXpsWde4Cbe1iritQ	Modern Synth-Pop Grooves
Speed Me Up	Wiz Khalifa	Speed Me Up (From 'Sonic the Hedgehog')	INDIFFERENT	7p-ukPXQZMM	MPREb_tC6rOCN1SeS	UC3QmG1Jn9cE5fTMt14DLuZw	Modern Synth-Pop Grooves
Poor Places	Wilco	Yankee Hotel Foxtrot	INDIFFERENT	uPqukZXplVs	MPREb_lLsAOqmMog8	UCb5aNlKdWOySR6Z-CnQieFQ	Modern Synth-Pop Grooves
A Cup of Liber-tea (Helldivers 2 Main Theme)	Wilbert Roget, II	Helldivers 2 (Original Game Soundtrack)	INDIFFERENT	nxnyuByDOyY	MPREb_dr9Ed8c1eSF	UCEdikMFtocqFOnPYOuEKqUw	Modern Synth-Pop Grooves
Your Better Self	WhoMadeWho	Dreams	INDIFFERENT	TaeAxUKpFXk	MPREb_aoXClgrMeVg	UCIACL-r04maRF8Q1ctgVbaw	Modern Synth-Pop Grooves
VIVID VICE	Who-ya Extended	VIVID VICE	INDIFFERENT	DEZd8I6QMIM	MPREb_u7LVxx80Zbi	UCKTVugF8cPCt8UeGY9zUDMw	Modern Synth-Pop Grooves
Vegeta Breaking His Limits Theme - Dragon Ball Super OST - Epic Orchestral Version	Whitesand		INDIFFERENT	zrwTdGuiqKc		UCclxC08rfNZ_Q_gVW-KpMLg	Modern Synth-Pop Grooves
Children of the Empire	Weyes Blood	And In The Darkness, Hearts Aglow	INDIFFERENT	BxJch_306MI	MPREb_73QQFmRhLB6	UChpnWWkg9ZAgAZ5KwkeQkFg	Modern Synth-Pop Grooves
Even If You Don't	Ween	White Pepper	INDIFFERENT	W_V7A-NN3MI	MPREb_nV0bkwibLeQ	UCXWUt1Cu2hVZYTaJ44ddusA	Modern Synth-Pop Grooves
Ocean Man	Ween	The Mollusk	INDIFFERENT	vcaPiiFZu2o	MPREb_iYZbnszRqas	UCXWUt1Cu2hVZYTaJ44ddusA	Modern Synth-Pop Grooves
I Fell In Love Today	Ween	Shinola, Vol. 1	INDIFFERENT	qdc2MdjdTc0	MPREb_uBbthWWY4kz	UCXWUt1Cu2hVZYTaJ44ddusA	Modern Synth-Pop Grooves
L.m.l.y.p.	Ween	God Ween Satan: The Oneness [Anniversary Edition]	INDIFFERENT	I3GWOhIm018	MPREb_zZvhV2Hg1hO	UCXWUt1Cu2hVZYTaJ44ddusA	Modern Synth-Pop Grooves
Buenas Tardes Amigo	Ween	Chocolate and Cheese	INDIFFERENT	ebQ4EgRO2P4	MPREb_GXXcCK1w1xo	UCXWUt1Cu2hVZYTaJ44ddusA	Modern Synth-Pop Grooves
WWE: Voices (Randy Orton) (feat. Rev Theory)	WWE	WWE: Voices (Randy Orton)	INDIFFERENT	PVtNKvl22xA	MPREb_FrfaREY8lHW	UCULgRTCMvQCVLfraq427YzA	Modern Synth-Pop Grooves
WWE: The Rising Sun (Shinsuke Nakamura)	WWE	WWE: The Rising Sun (Shinsuke Nakamura)	INDIFFERENT	-rnKwdDKvnA	MPREb_8VDxjnJTPEW	UCULgRTCMvQCVLfraq427YzA	Modern Synth-Pop Grooves
WWE: Shatter (Bray Wyatt) (feat. Code Orange)	WWE	WWE: Shatter (Bray Wyatt) [feat. Code Orange]	INDIFFERENT	FALQsZqKxwQ	MPREb_xxabxzcRzZG	UCULgRTCMvQCVLfraq427YzA	Modern Synth-Pop Grooves
WWE: Rest In Peace (Undertaker)	WWE	WWE: Rest In Peace (Undertaker)	INDIFFERENT	8yxMQjdhDhM	MPREb_XV5V3uC6lzE	UCULgRTCMvQCVLfraq427YzA	Modern Synth-Pop Grooves
WWE: Phenomenal (AJ Styles)	WWE	WWE: Phenomenal (AJ Styles)	INDIFFERENT	BPDZTl2Sdj4	MPREb_mROzCV3dF8K	UCULgRTCMvQCVLfraq427YzA	Modern Synth-Pop Grooves
WWE: Head of the Table (Roman Reigns)	WWE	WWE: Head of the Table (Roman Reigns)	INDIFFERENT	S91GSGNSL8c	MPREb_P18q8bc16oN	UCULgRTCMvQCVLfraq427YzA	Modern Synth-Pop Grooves
WWE: Glorious Domination (Bobby Roode)	WWE	WWE: Glorious Domination (Bobby Roode)	INDIFFERENT	sfiaeUBtf7k	MPREb_KpRroIxdiGE	UCULgRTCMvQCVLfraq427YzA	Modern Synth-Pop Grooves
WWE: Electrifying (The Rock)	WWE	WWE: Electrifying (The Rock)	INDIFFERENT	MN6kuiePnTc	MPREb_nZ3pV55Qr3O	UCULgRTCMvQCVLfraq427YzA	Modern Synth-Pop Grooves
Wwe Goldberg Theme Song ' Invasion '	WW E		INDIFFERENT	wPcyW3eKL20		UCEYjEZlxTZfYGOGcMkkJe3g	Modern Synth-Pop Grooves
Gotta Get Away	Vista Kicks		INDIFFERENT	sYiADVzdKQo		UC9j5wjUZgff5ISj0pPPMe6w	Modern Synth-Pop Grooves
Amour plastique	Videoclub	Euphories	INDIFFERENT	5FV-XicgBs8	MPREb_XSWp59LVblI	UC-KaSuogjBCRyglHb1RuN9A	Modern Synth-Pop Grooves
50//50	Vantage	50//50	INDIFFERENT	UGeJoaBYg04	MPREb_F1N9VsmvJKv	UC05C81u7hnR_enq1DAyGeuQ	Modern Synth-Pop Grooves
Sympathy	Vampire Weekend	Father of the Bride	INDIFFERENT	drHFNf3r2VQ	MPREb_fgOVoXvwoId	UCWy-MPuAh_GH8YwXxtq3gcA	Modern Synth-Pop Grooves
Medic!	Valve Studio Orchestra	Fight Songs: The Music of Team Fortress 2	INDIFFERENT	691B92oIrrY	MPREb_rng3oUPTNeO	UCOelVco8rsCU9pX-j1ar6Kg	Modern Synth-Pop Grooves
Bird Wings	Valium Aggelein	Black Moon	INDIFFERENT	gvD--UwyZuQ	MPREb_Va3Gw1aKuog	UCrx1LXns0MeUqyuqNZNIGsQ	Modern Synth-Pop Grooves
Smile (feat. Angela McCluskey)	Télépopmusik	Genetic World	INDIFFERENT	4NWGACAm6qU	MPREb_fGr6LVKffPa	UCeBYZwQm-Qqez4Dy7WXauIg	Modern Synth-Pop Grooves
Someday, I'll Be with You (feat. JNNA)	Tyzo Bloom	Someday, I'll Be with You (feat. JNNA)	INDIFFERENT	j50tlv0ogeg	MPREb_zx8J3U4XrMu	UCOY_EKnJLq4YvD3L7z_Vogw	Modern Synth-Pop Grooves
The Only Thing I Know For Real	Tyson Yen	METAL GEAR RISING REVENGEANCE Vocal Tracks Selection	INDIFFERENT	CXRxRTW6nXg	MPREb_hUEq5DHhN5I		Modern Synth-Pop Grooves
Deconsecrated	Tyler Bates	John Wick: Chapter 3 – Parabellum (Original Motion Picture Soundtrack)	INDIFFERENT	gO_O8zzxonY	MPREb_gyQiqxFR9wg	UCpS84PPvW7FWkHslEBeuWcw	Modern Synth-Pop Grooves
La Vendetta	Tyler Bates	John Wick: Chapter 2 (Original Motion Picture Soundtrack)	INDIFFERENT	jDrRJ07d8Ew	MPREb_uiPNLh7pd1V	UCpS84PPvW7FWkHslEBeuWcw	Modern Synth-Pop Grooves
John Wick Reckoning	Tyler Bates	John Wick: Chapter 2 (Original Motion Picture Soundtrack)	INDIFFERENT	Wch_hStKkws	MPREb_uiPNLh7pd1V	UCpS84PPvW7FWkHslEBeuWcw	Modern Synth-Pop Grooves
Story Of Wick	Tyler Bates	John Wick (Original Motion Picture Soundtrack)	INDIFFERENT	XEb7eGVWEJc	MPREb_JmF9YmeLbTJ	UCpS84PPvW7FWkHslEBeuWcw	Modern Synth-Pop Grooves
Black Tears	Tyler Bates	Guardians of the Galaxy (Original Score)	INDIFFERENT	Pz9oulSuGqA	MPREb_Wjqo7MuVsot	UCpS84PPvW7FWkHslEBeuWcw	Modern Synth-Pop Grooves
Shoplifter	Ty Segall	Possession	INDIFFERENT	ZHI-_fMoMIM	MPREb_K5eXcGtK6gf	UC-Z_sxJOcuEGSq822j9VqNw	Modern Synth-Pop Grooves
Shoplifter	Ty Segall	Possession	INDIFFERENT	ZHI-_fMoMIM	MPREb_K5eXcGtK6gf	UC-Z_sxJOcuEGSq822j9VqNw	Modern Synth-Pop Grooves
Protectors of the Earth	Two Steps from Hell	Invincible	INDIFFERENT	Y54rf5FfO90	MPREb_SikOn17Yp1y	UC7PFOj9JRgpSQjxTxGINpmw	Modern Synth-Pop Grooves
Surf Wave	Twin Seas	Surf Wave	INDIFFERENT	cMLeI4s9myo	MPREb_P6nxRXd4GyY	UCpr5_QkS5_5VgRvaoCmK7JA	Modern Synth-Pop Grooves
Alliance of Elegance	Tupperwave	Tupperwave	INDIFFERENT	Lt-S0yuuKDg	MPREb_LgL8uP72u4X	UC2aFdqVRUwEuPA7OLLkWpUA	Modern Synth-Pop Grooves
Escalator	Tupperwave	Grocery Store Sunset	INDIFFERENT	OhZpEfG1CuM	MPREb_sg9llmEQEF4	UC2aFdqVRUwEuPA7OLLkWpUA	Modern Synth-Pop Grooves
Koi	Tuesday Beach Club	Forever’s Not Enough	INDIFFERENT	gXh_L2aQlnk	MPREb_sA9yY5nOG42	UC6zyC_xeLarmpvjdv3_usYA	Modern Synth-Pop Grooves
STAND PROUD	Tsuneo Imahori	FINAL ROUND“HAJIME NO IPPO: THE FIGHTING!” Original Soundtrack	INDIFFERENT	2i2LH5khz9Q	MPREb_UE1FOCBvb4P	UC4H9WcxMyIRpO3eDPPvpwmQ	Modern Synth-Pop Grooves
Elden Ring	Tsukasa Saitoh	ELDEN RING ORIGINAL SOUND TRACK	INDIFFERENT	KBP1zYwBzOE	MPREb_YGnGl83hvNL	UC-hgNbygoSN16IlCA1IEPaQ	Modern Synth-Pop Grooves
It's Me	Tryhardninja	Video Game Songs, Vol. 1	INDIFFERENT	K0HlhuJAKAw	MPREb_sQaNzjgytlC	UCGTUcddfPpFCG6IoiiT2Z_A	Modern Synth-Pop Grooves
It Has to Be Ambiguous	Triple-Q		INDIFFERENT	TVI7S6zKiBM		UCLkTF30pU2c32zxHqPKYQLg	Modern Synth-Pop Grooves
Divine Bloodlines (feat. Ari Mason)	Trey Toy	Castlevania Nocturne (Original Series Soundtrack)	INDIFFERENT	ozjJi0NcRqo	MPREb_BlZ63nijBlg	UCmzQmzbgwlBopkGJkRfcwJQ	Modern Synth-Pop Grooves
Control	Traci Lords	1, 000 Fires	INDIFFERENT	2jops-3mplU	MPREb_3iL88yQ9m40	UCsNvSw7vyrVjLsiPcwXffRQ	Modern Synth-Pop Grooves
Matthews Bridge	Totorro	Sofa So Good	INDIFFERENT	LUR3_HJwGy8	MPREb_J5m2beWiaKq	UCoh2D_37VuxhKr3YwUb2Kxg	Modern Synth-Pop Grooves
When We Break	Total Giovanni	When We Break	INDIFFERENT	pHM60TCbfVk	MPREb_QOXbdj7uWxd	UC0rggymLeEU5O5NRNZ_BQ5Q	Modern Synth-Pop Grooves
美しき碧い野獣 - Beautiful Green Wild Beast	Toshio Masuda	NARUTO ORIGINAL SOUNDTRACK 3	INDIFFERENT	V9LBmWrrki8	MPREb_Wx5FMsahWOj	UCyFd7InJw5onBKtF9LJRbpA	Modern Synth-Pop Grooves
drip bounce _ 7_24_18	Toro y Moi	Soul Trash	INDIFFERENT	yOS7TaZDGEo	MPREb_C3Jzp19e1Jn	UCJikOjbf3VffCdLXTsbxfxg	Modern Synth-Pop Grooves
Who I Am	Toro y Moi	Outer Peace	INDIFFERENT	XOe-Nw2xLKk	MPREb_0WQCIKBWcbz	UCJikOjbf3VffCdLXTsbxfxg	Modern Synth-Pop Grooves
New House	Toro y Moi	Outer Peace	INDIFFERENT	LvddnW9ttn0	MPREb_0WQCIKBWcbz	UCJikOjbf3VffCdLXTsbxfxg	Modern Synth-Pop Grooves
Laws of the Universe	Toro y Moi	Outer Peace	INDIFFERENT	Uy-a_mA0jxk	MPREb_0WQCIKBWcbz	UCJikOjbf3VffCdLXTsbxfxg	Modern Synth-Pop Grooves
Baby Drive It Down	Toro y Moi	Outer Peace	INDIFFERENT	-So2foXi5Ww	MPREb_0WQCIKBWcbz	UCJikOjbf3VffCdLXTsbxfxg	Modern Synth-Pop Grooves
Magazine (feat. Salami Rose Joe Louis)	Toro y Moi	MAHAL	INDIFFERENT	osKi0IeCY7Y	MPREb_E7OcSdUc56L	UCJikOjbf3VffCdLXTsbxfxg	Modern Synth-Pop Grooves
Déjà Vu	Toro y Moi	MAHAL	INDIFFERENT	_Qz1oeSY1OE	MPREb_E7OcSdUc56L	UCJikOjbf3VffCdLXTsbxfxg	Modern Synth-Pop Grooves
Days in Love	Toro y Moi	MAHAL	INDIFFERENT	oaiN7vqLRX8	MPREb_E7OcSdUc56L	UCJikOjbf3VffCdLXTsbxfxg	Modern Synth-Pop Grooves
Saturday Love	Toro y Moi	Freaking Out EP	INDIFFERENT	8yZ_PYwOgzU	MPREb_CD1bj1mgEzb	UCJikOjbf3VffCdLXTsbxfxg	Modern Synth-Pop Grooves
I Can Get Love	Toro y Moi	Freaking Out EP	INDIFFERENT	WGEVsh9LS9U	MPREb_CD1bj1mgEzb	UCJikOjbf3VffCdLXTsbxfxg	Modern Synth-Pop Grooves
You and I	Toro y Moi	Boo Boo	INDIFFERENT	FYhELqqcwMQ	MPREb_iskeONxPDbY	UCJikOjbf3VffCdLXTsbxfxg	Modern Synth-Pop Grooves
Labyrinth	Toro y Moi	Boo Boo	INDIFFERENT	EVdFjwOchrc	MPREb_iskeONxPDbY	UCJikOjbf3VffCdLXTsbxfxg	Modern Synth-Pop Grooves
Inside My Head	Toro y Moi	Boo Boo	INDIFFERENT	BznJd8bS54U	MPREb_iskeONxPDbY	UCJikOjbf3VffCdLXTsbxfxg	Modern Synth-Pop Grooves
How's It Wrong	Toro y Moi	Anything in Return	INDIFFERENT	SmFGe6GrzEM	MPREb_Ws8ystnFNy4	UCJikOjbf3VffCdLXTsbxfxg	Modern Synth-Pop Grooves
Harm in Change	Toro y Moi	Anything in Return	INDIFFERENT	sod7Ev_o54E	MPREb_Ws8ystnFNy4	UCJikOjbf3VffCdLXTsbxfxg	Modern Synth-Pop Grooves
Day One	Toro y Moi	Anything in Return	INDIFFERENT	OYa52J1zFrc	MPREb_Ws8ystnFNy4	UCJikOjbf3VffCdLXTsbxfxg	Modern Synth-Pop Grooves
Cake	Toro y Moi	Anything in Return	INDIFFERENT	qHa_4rZCUJQ	MPREb_Ws8ystnFNy4	UCJikOjbf3VffCdLXTsbxfxg	Modern Synth-Pop Grooves
The Big Hurt (Alternate Take)	Toni Fisher	The Big Hurt	INDIFFERENT	jgOSGVmPgeY	MPREb_yIoVuA6xHHf	UCjJX9N4DR3t4iVSK_fChJdA	Modern Synth-Pop Grooves
Dead Waters	Tommy Guerrero	Year of the Monkey	INDIFFERENT	pCHEl-GUVFE	MPREb_dvI9m57G4MC	UCsZx_92ubPsc-kgCWxkQ0xw	Modern Synth-Pop Grooves
Tone of The Blade	Tommy Guerrero	Tone of the Blade	INDIFFERENT	KKjqlp1YEHc	MPREb_DIeX0Ot6hEH	UCsZx_92ubPsc-kgCWxkQ0xw	Modern Synth-Pop Grooves
Love Is A Long Road	Tom Petty	Full Moon Fever	INDIFFERENT	2AilA-M6N5U	MPREb_DYgLTIGWoaC	UC6hGusDLTI8bW-P4pMYdIqA	Modern Synth-Pop Grooves
Superman Rising, Pt. 2 / Immovable	Tom Holkenborg	Zack Snyder's Justice League (Original Motion Picture Soundtrack)	INDIFFERENT	VdeLYJooy-U	MPREb_sUVbqeirsWJ	UCTOErcLS8bczDts0vRzE8FQ	Modern Synth-Pop Grooves
At the Speed of Force	Tom Holkenborg	Zack Snyder's Justice League (Original Motion Picture Soundtrack)	INDIFFERENT	WZYQiDFYKbk	MPREb_sUVbqeirsWJ	UCTOErcLS8bczDts0vRzE8FQ	Modern Synth-Pop Grooves
Your Best Nightmare	Toby Fox	UNDERTALE Soundtrack	INDIFFERENT	SObWQRaltug	MPREb_YbNmLbLu1Ap	UCntaczLM_lWH85oZp6rRX1w	Modern Synth-Pop Grooves
Waterfall	Toby Fox	UNDERTALE Soundtrack	INDIFFERENT	Zb52aE6IZuY	MPREb_YbNmLbLu1Ap	UCntaczLM_lWH85oZp6rRX1w	Modern Synth-Pop Grooves
Undertale	Toby Fox	UNDERTALE Soundtrack	INDIFFERENT	8CeYNJ-s0Kw	MPREb_YbNmLbLu1Ap	UCntaczLM_lWH85oZp6rRX1w	Modern Synth-Pop Grooves
Stronger Monsters	Toby Fox	UNDERTALE Soundtrack	INDIFFERENT	lXtwWBLLLbk	MPREb_YbNmLbLu1Ap	UCntaczLM_lWH85oZp6rRX1w	Modern Synth-Pop Grooves
Spider Dance	Toby Fox	UNDERTALE Soundtrack	INDIFFERENT	NH-GAwLAO30	MPREb_YbNmLbLu1Ap	UCntaczLM_lWH85oZp6rRX1w	Modern Synth-Pop Grooves
Spear of Justice	Toby Fox	UNDERTALE Soundtrack	INDIFFERENT	ApWpYmO7G28	MPREb_YbNmLbLu1Ap	UCntaczLM_lWH85oZp6rRX1w	Modern Synth-Pop Grooves
Snowdin Town	Toby Fox	UNDERTALE Soundtrack	INDIFFERENT	vYyLL9QstbI	MPREb_YbNmLbLu1Ap	UCntaczLM_lWH85oZp6rRX1w	Modern Synth-Pop Grooves
SAVE The World	Toby Fox	UNDERTALE Soundtrack	INDIFFERENT	LAn-JYzKm5M	MPREb_YbNmLbLu1Ap	UCntaczLM_lWH85oZp6rRX1w	Modern Synth-Pop Grooves
Reunited	Toby Fox	UNDERTALE Soundtrack	INDIFFERENT	8K0npQ--ACw	MPREb_YbNmLbLu1Ap	UCntaczLM_lWH85oZp6rRX1w	Modern Synth-Pop Grooves
NGAHHH!!	Toby Fox	UNDERTALE Soundtrack	INDIFFERENT	1vLSwxcb6Z8	MPREb_YbNmLbLu1Ap	UCntaczLM_lWH85oZp6rRX1w	Modern Synth-Pop Grooves
Metal Crusher	Toby Fox	UNDERTALE Soundtrack	INDIFFERENT	2CvQKExckSk	MPREb_YbNmLbLu1Ap	UCntaczLM_lWH85oZp6rRX1w	Modern Synth-Pop Grooves
MEGALOVANIA	Toby Fox	UNDERTALE Soundtrack	INDIFFERENT	0FCvzsVlXpQ	MPREb_YbNmLbLu1Ap	UCntaczLM_lWH85oZp6rRX1w	Modern Synth-Pop Grooves
It's Raining Somewhere Else	Toby Fox	UNDERTALE Soundtrack	INDIFFERENT	YidmA4DCjGc	MPREb_YbNmLbLu1Ap	UCntaczLM_lWH85oZp6rRX1w	Modern Synth-Pop Grooves
Hotel	Toby Fox	UNDERTALE Soundtrack	INDIFFERENT	CgvMoz2LnWA	MPREb_YbNmLbLu1Ap	UCntaczLM_lWH85oZp6rRX1w	Modern Synth-Pop Grooves
Hopes And Dreams	Toby Fox	UNDERTALE Soundtrack	INDIFFERENT	HA3Ks8NLS-Y	MPREb_YbNmLbLu1Ap	UCntaczLM_lWH85oZp6rRX1w	Modern Synth-Pop Grooves
His Theme	Toby Fox	UNDERTALE Soundtrack	INDIFFERENT	8tf-gVaHdag	MPREb_YbNmLbLu1Ap	UCntaczLM_lWH85oZp6rRX1w	Modern Synth-Pop Grooves
Here We Are	Toby Fox	UNDERTALE Soundtrack	INDIFFERENT	LS86CPaShI4	MPREb_YbNmLbLu1Ap	UCntaczLM_lWH85oZp6rRX1w	Modern Synth-Pop Grooves
Here We Are	Toby Fox	UNDERTALE Soundtrack	INDIFFERENT	LS86CPaShI4	MPREb_YbNmLbLu1Ap	UCntaczLM_lWH85oZp6rRX1w	Modern Synth-Pop Grooves
Heartache	Toby Fox	UNDERTALE Soundtrack	INDIFFERENT	XJ9XtKJHvjQ	MPREb_YbNmLbLu1Ap	UCntaczLM_lWH85oZp6rRX1w	Modern Synth-Pop Grooves
Finale	Toby Fox	UNDERTALE Soundtrack	INDIFFERENT	5qajT8lS2ok	MPREb_YbNmLbLu1Ap	UCntaczLM_lWH85oZp6rRX1w	Modern Synth-Pop Grooves
Dummy!	Toby Fox	UNDERTALE Soundtrack	INDIFFERENT	94JDIBZhSBM	MPREb_YbNmLbLu1Ap	UCntaczLM_lWH85oZp6rRX1w	Modern Synth-Pop Grooves
Death By Glamour	Toby Fox	UNDERTALE Soundtrack	INDIFFERENT	Q9kDr4na0ls	MPREb_YbNmLbLu1Ap	UCntaczLM_lWH85oZp6rRX1w	Modern Synth-Pop Grooves
Can You Really Call This A Hotel, I Didn't Receive A Mint On My Pillow Or Anything	Toby Fox	UNDERTALE Soundtrack	INDIFFERENT	ltzrV-_v-tI	MPREb_YbNmLbLu1Ap	UCntaczLM_lWH85oZp6rRX1w	Modern Synth-Pop Grooves
CORE	Toby Fox	UNDERTALE Soundtrack	INDIFFERENT	WeELPnZqhow	MPREb_YbNmLbLu1Ap	UCntaczLM_lWH85oZp6rRX1w	Modern Synth-Pop Grooves
Battle Against A True Hero	Toby Fox	UNDERTALE Soundtrack	INDIFFERENT	DcERQHg3iy8	MPREb_YbNmLbLu1Ap	UCntaczLM_lWH85oZp6rRX1w	Modern Synth-Pop Grooves
Another Medium	Toby Fox	UNDERTALE Soundtrack	INDIFFERENT	fduyBqxhXKs	MPREb_YbNmLbLu1Ap	UCntaczLM_lWH85oZp6rRX1w	Modern Synth-Pop Grooves
An Ending	Toby Fox	UNDERTALE Soundtrack	INDIFFERENT	gLgUesz8444	MPREb_YbNmLbLu1Ap	UCntaczLM_lWH85oZp6rRX1w	Modern Synth-Pop Grooves
An Ending	Toby Fox	UNDERTALE Soundtrack	INDIFFERENT	gLgUesz8444	MPREb_YbNmLbLu1Ap	UCntaczLM_lWH85oZp6rRX1w	Modern Synth-Pop Grooves
Amalgam	Toby Fox	UNDERTALE Soundtrack	INDIFFERENT	0T8AROoIh44	MPREb_YbNmLbLu1Ap	UCntaczLM_lWH85oZp6rRX1w	Modern Synth-Pop Grooves
ASGORE	Toby Fox	UNDERTALE Soundtrack	INDIFFERENT	qrtt7mgwCTw	MPREb_YbNmLbLu1Ap	UCntaczLM_lWH85oZp6rRX1w	Modern Synth-Pop Grooves
TV WORLD	Toby Fox	DELTARUNE Chapters 3+4 (Original Game Soundtrack)	INDIFFERENT	80Zc1tUIp-I	MPREb_WY1vd5STcVi	UCntaczLM_lWH85oZp6rRX1w	Modern Synth-Pop Grooves
Ruder Buster	Toby Fox	DELTARUNE Chapters 3+4 (Original Game Soundtrack)	INDIFFERENT	_A8SQAQ_yRo	MPREb_WY1vd5STcVi	UCntaczLM_lWH85oZp6rRX1w	Modern Synth-Pop Grooves
It’s TV Time!	Toby Fox	DELTARUNE Chapters 3+4 (Original Game Soundtrack)	INDIFFERENT	bdGkfbvMKZ4	MPREb_WY1vd5STcVi	UCntaczLM_lWH85oZp6rRX1w	Modern Synth-Pop Grooves
Hammer of Justice	Toby Fox	DELTARUNE Chapters 3+4 (Original Game Soundtrack)	INDIFFERENT	ua_DSJAD7gc	MPREb_WY1vd5STcVi	UCntaczLM_lWH85oZp6rRX1w	Modern Synth-Pop Grooves
GUARDIAN	Toby Fox	DELTARUNE Chapters 3+4 (Original Game Soundtrack)	INDIFFERENT	buF6hDTf_z0	MPREb_WY1vd5STcVi	UCntaczLM_lWH85oZp6rRX1w	Modern Synth-Pop Grooves
Dark Sanctuary (feat. Itoki Hana)	Toby Fox	DELTARUNE Chapters 3+4 (Original Game Soundtrack)	INDIFFERENT	QQQq1T06lYg	MPREb_WY1vd5STcVi	UCntaczLM_lWH85oZp6rRX1w	Modern Synth-Pop Grooves
Black Knife	Toby Fox	DELTARUNE Chapters 3+4 (Original Game Soundtrack)	INDIFFERENT	y0Yc_Y0UEWE	MPREb_WY1vd5STcVi	UCntaczLM_lWH85oZp6rRX1w	Modern Synth-Pop Grooves
Smart Race	Toby Fox	DELTARUNE Chapter 2 (Original Game Soundtrack)	INDIFFERENT	HZO3xw91eHw	MPREb_2VJdjvrJduS	UCntaczLM_lWH85oZp6rRX1w	Modern Synth-Pop Grooves
Pandora Palace	Toby Fox	DELTARUNE Chapter 2 (Original Game Soundtrack)	INDIFFERENT	q-5cXVcCOUs	MPREb_2VJdjvrJduS	UCntaczLM_lWH85oZp6rRX1w	Modern Synth-Pop Grooves
NOW'S YOUR CHANCE TO BE A	Toby Fox	DELTARUNE Chapter 2 (Original Game Soundtrack)	INDIFFERENT	2GbBD_7AsGA	MPREb_2VJdjvrJduS	UCntaczLM_lWH85oZp6rRX1w	Modern Synth-Pop Grooves
My Castle Town	Toby Fox	DELTARUNE Chapter 2 (Original Game Soundtrack)	INDIFFERENT	Bl-YMD6yePc	MPREb_2VJdjvrJduS	UCntaczLM_lWH85oZp6rRX1w	Modern Synth-Pop Grooves
It's Pronounced 'Rules'	Toby Fox	DELTARUNE Chapter 2 (Original Game Soundtrack)	INDIFFERENT	DQ0aryDlPi4	MPREb_2VJdjvrJduS	UCntaczLM_lWH85oZp6rRX1w	Modern Synth-Pop Grooves
It's Pronounced 'Rules'	Toby Fox	DELTARUNE Chapter 2 (Original Game Soundtrack)	INDIFFERENT	DQ0aryDlPi4	MPREb_2VJdjvrJduS	UCntaczLM_lWH85oZp6rRX1w	Modern Synth-Pop Grooves
It's Pronounced 'Rules'	Toby Fox	DELTARUNE Chapter 2 (Original Game Soundtrack)	INDIFFERENT	DQ0aryDlPi4	MPREb_2VJdjvrJduS	UCntaczLM_lWH85oZp6rRX1w	Modern Synth-Pop Grooves
It's Pronounced 'Rules'	Toby Fox	DELTARUNE Chapter 2 (Original Game Soundtrack)	INDIFFERENT	DQ0aryDlPi4	MPREb_2VJdjvrJduS	UCntaczLM_lWH85oZp6rRX1w	Modern Synth-Pop Grooves
BIG SHOT	Toby Fox	DELTARUNE Chapter 2 (Original Game Soundtrack)	INDIFFERENT	uivFFnCI8tM	MPREb_2VJdjvrJduS	UCntaczLM_lWH85oZp6rRX1w	Modern Synth-Pop Grooves
Attack of the Killer Queen (feat. Lena Raine & Marcy Nabors)	Toby Fox	DELTARUNE Chapter 2 (Original Game Soundtrack)	INDIFFERENT	vBjscyFC3jo	MPREb_2VJdjvrJduS	UCntaczLM_lWH85oZp6rRX1w	Modern Synth-Pop Grooves
A CYBER'S WORLD?	Toby Fox	DELTARUNE Chapter 2 (Original Game Soundtrack)	INDIFFERENT	In3y0C7mQvA	MPREb_2VJdjvrJduS	UCntaczLM_lWH85oZp6rRX1w	Modern Synth-Pop Grooves
Vs. Susie	Toby Fox	DELTARUNE Chapter 1 (Original Game Soundtrack)	INDIFFERENT	cGuDpoJNImA	MPREb_jW76ZNB3Ias	UCntaczLM_lWH85oZp6rRX1w	Modern Synth-Pop Grooves
The Legend	Toby Fox	DELTARUNE Chapter 1 (Original Game Soundtrack)	INDIFFERENT	PibYmujLubI	MPREb_jW76ZNB3Ias	UCntaczLM_lWH85oZp6rRX1w	Modern Synth-Pop Grooves
THE WORLD REVOLVING	Toby Fox	DELTARUNE Chapter 1 (Original Game Soundtrack)	INDIFFERENT	Z01Tsgwe2dQ	MPREb_jW76ZNB3Ias	UCntaczLM_lWH85oZp6rRX1w	Modern Synth-Pop Grooves
Scarlet Forest	Toby Fox	DELTARUNE Chapter 1 (Original Game Soundtrack)	INDIFFERENT	h2B5F8skpGE	MPREb_jW76ZNB3Ias	UCntaczLM_lWH85oZp6rRX1w	Modern Synth-Pop Grooves
Rude Buster	Toby Fox	DELTARUNE Chapter 1 (Original Game Soundtrack)	INDIFFERENT	GPL5Hkl11IQ	MPREb_jW76ZNB3Ias	UCntaczLM_lWH85oZp6rRX1w	Modern Synth-Pop Grooves
Field of Hopes and Dreams	Toby Fox	DELTARUNE Chapter 1 (Original Game Soundtrack)	INDIFFERENT	ymNgfwgh1TU	MPREb_jW76ZNB3Ias	UCntaczLM_lWH85oZp6rRX1w	Modern Synth-Pop Grooves
Checker Dance	Toby Fox	DELTARUNE Chapter 1 (Original Game Soundtrack)	INDIFFERENT	j54JPLQWdyQ	MPREb_jW76ZNB3Ias	UCntaczLM_lWH85oZp6rRX1w	Modern Synth-Pop Grooves
Chaos King	Toby Fox	DELTARUNE Chapter 1 (Original Game Soundtrack)	INDIFFERENT	tPwzoZ-e664	MPREb_jW76ZNB3Ias	UCntaczLM_lWH85oZp6rRX1w	Modern Synth-Pop Grooves
Mine the Diamond (A Minecraft Song) (feat. Terabrite)	Tobuscus & Toby Turner	Mine the Diamond (A Minecraft Song) [feat. Terabrite]	INDIFFERENT	m0t5XHziPJc	MPREb_INPNHrbabfd	UCeZlHHEM_-8GK1Uczto8vlA	Modern Synth-Pop Grooves
Little Nightmares II (Main Theme)	Tobias Lilja	Little Nightmares II (Original Game Soundtrack)	INDIFFERENT	D8HX2UlESso	MPREb_qixsOsmXrWg	UC3E-Ime1PxcJcNKcevv8VrA	Modern Synth-Pop Grooves
Impossible (Instrumental)	Thomas Bergersen	Unleashed	INDIFFERENT	ioZeY7cyK0I	MPREb_BTmieBo67sG	UCBfokvOnlLzpexblQoE__Ng	Modern Synth-Pop Grooves
Blackheart	Thomas Bergersen	SkyWorld	INDIFFERENT	n04CLB3UUAc	MPREb_7tlZUFwXdTu	UCBfokvOnlLzpexblQoE__Ng	Modern Synth-Pop Grooves
Victory	Thomas Bergersen	Battlecry	INDIFFERENT	4rWDum7A5-c	MPREb_ICqQFfunNmo	UCBfokvOnlLzpexblQoE__Ng	Modern Synth-Pop Grooves
Main Titles	Theodore Shapiro	Severance: Season 1 (Apple TV+ Original Series Soundtrack)	INDIFFERENT	k-_SX5MheDI	MPREb_CGH5zUsXaMX	UC1OMZY6X7wP0Mvagp1e5UfQ	Modern Synth-Pop Grooves
Main Titles	Theodore Shapiro	Severance: Season 1 (Apple TV+ Original Series Soundtrack)	INDIFFERENT	k-_SX5MheDI	MPREb_CGH5zUsXaMX	UC1OMZY6X7wP0Mvagp1e5UfQ	Modern Synth-Pop Grooves
Xenogenesis	TheFatRat	Xenogenesis	INDIFFERENT	jOgjcOMnjjs	MPREb_pk7gTyhI2tA	UClyW5VlmRBdFlRWLpMoHlbQ	Modern Synth-Pop Grooves
Jeff Hardy 5th WWE Theme Song 'No More Words' (WWE Edit)	TheExtremeEnigma		INDIFFERENT	C8mFcUAxFlo		UCVCVQDnQTA8fwJcZg8ZA_Tg	Modern Synth-Pop Grooves
All Wordz Are Made Up	The Voidz	Virtue	INDIFFERENT	I_2wTsA_qMU	MPREb_PMSiw3bR8T1	UCrAybpZxjq1B0rLp-OyJ0Gg	Modern Synth-Pop Grooves
Where No Eagles Fly	The Voidz	Tyranny	INDIFFERENT	A2icojJXCTo	MPREb_wJUxEOsy51d	UCrAybpZxjq1B0rLp-OyJ0Gg	Modern Synth-Pop Grooves
The Eternal Tao	The Voidz	The Eternal Tao	INDIFFERENT	mm4T1kWJSls	MPREb_u2hM6h65tW1	UCrAybpZxjq1B0rLp-OyJ0Gg	Modern Synth-Pop Grooves
Walk Off (Outro)	The Voidz	Like All Before You	INDIFFERENT	o2vMZoa5laE	MPREb_Rpmlrm0ZMTw	UCrAybpZxjq1B0rLp-OyJ0Gg	Modern Synth-Pop Grooves
American Way	The Voidz		INDIFFERENT	qmPzzK5XKbI		UCrAybpZxjq1B0rLp-OyJ0Gg	Modern Synth-Pop Grooves
Make This Right	The Toxic Avenger	Furi (Original Game Soundtrack)	INDIFFERENT	M-LMYdj-wqo	MPREb_4aYGUnIulRf	UCb0uFIYbuHXL6EaKB4TJQkw	Modern Synth-Pop Grooves
The Fine Print	The Stupendium	The Fine Print (The Outer Worlds Song)	INDIFFERENT	_nnA-IBH8c8	MPREb_2Ybyf8Y3nlJ	UCu4RfL3ws2Vdn_McCqbmQEA	Modern Synth-Pop Grooves
The Way It Is (Home Recording - 12:51 B-Side)	The Strokes	The Singles - Volume 01	INDIFFERENT	gFBvylh70JY	MPREb_gcsQXrNLqPe	UC8N13xhRG78YQK7Ppc4Ytrg	Modern Synth-Pop Grooves
Is This It (Home Recording - Someday B-Side)	The Strokes	The Singles - Volume 01	INDIFFERENT	U-fBXsXOEIs	MPREb_gcsQXrNLqPe	UC8N13xhRG78YQK7Ppc4Ytrg	Modern Synth-Pop Grooves
Why Are Sundays So Depressing	The Strokes	The New Abnormal	INDIFFERENT	_kUDTJA1KWk	MPREb_Yjuw9jDLBok	UC8N13xhRG78YQK7Ppc4Ytrg	Modern Synth-Pop Grooves
Two Fools	The Something Specials	Two Fools	INDIFFERENT	JcR1NxisTFY	MPREb_5NobRU72InH	UCJ1-cTjrNRzfB2nE_TP9PAQ	Modern Synth-Pop Grooves
Bug	The Something Specials	Bug	INDIFFERENT	NdRClkzhiDY	MPREb_F1XMmt2VmaO	UCJ1-cTjrNRzfB2nE_TP9PAQ	Modern Synth-Pop Grooves
Togetherness	The Slim Kings	Togetherness	INDIFFERENT	Vjpwg1fS3I4	MPREb_9HmV1AUAB6C	UCgT5Sk4DDOqs1ZB-gt1pWmQ	Modern Synth-Pop Grooves
How Deep Is Your Love?	The Rapture	In The Grace Of Your Love	INDIFFERENT	72dcClul8_I	MPREb_D237gSlTjlX	UCeNX7t0ZUTG5q2fek3LHzeA	Modern Synth-Pop Grooves
How Deep Is Your Love?	The Rapture	In The Grace Of Your Love	INDIFFERENT	72dcClul8_I	MPREb_D237gSlTjlX	UCeNX7t0ZUTG5q2fek3LHzeA	Modern Synth-Pop Grooves
Bucket Beach	The Pretty Flowers	Bucket Beach	INDIFFERENT	S3EonYNl4QU	MPREb_roLbSSQSwc9	UCxaxWvIJ90UiKJaO7JH0QXg	Modern Synth-Pop Grooves
Brand New Colony	The Postal Service	Give Up (Deluxe 10th Anniversary Edition)	INDIFFERENT	xotVVqoksAU	MPREb_xYFWXP6wPG0	UCdL-sNJMw2GOLWb_rBRCwew	Modern Synth-Pop Grooves
Hot Together	The Pointer Sisters	Hot Together (Expanded Edition)	INDIFFERENT	-NnMl7NUmS8	MPREb_q70CymtNPyy	UC5hmAzA43Il46USsJPKNXXQ	Modern Synth-Pop Grooves
X-Men '97 Theme (From 'X-Men '97')	The Newton Brothers	X-Men '97 Theme (From 'X-Men '97')	INDIFFERENT	0-CHh7Zsxbo	MPREb_C1ng0oaHGXo	UCPloUYTgFxboUOqwZ3BAP1w	Modern Synth-Pop Grooves
Marvel's Daredevil: Born Again Main Theme (From 'Marvel's Daredevil: Born Again')	The Newton Brothers	Marvel's Daredevil: Born Again Main Theme (From 'Marvel's Daredevil: Born Again')	INDIFFERENT	05JvS0pRao4	MPREb_IpKYQJMAII2	UCPloUYTgFxboUOqwZ3BAP1w	Modern Synth-Pop Grooves
Mass Romantic	The New Pornographers	Mass Romantic	INDIFFERENT	zJV2qvVmy-o	MPREb_G6JVboHYUja	UCeV2n54BVPDrFECfFJGhzjg	Modern Synth-Pop Grooves
Cuphead - Die House [Electro Swing Remix (ft. OR3O)]	The Musical Ghost		INDIFFERENT	WA4fWO7JHMY		UCPLUU-IIQww4moV3PS3I-Wg	Modern Synth-Pop Grooves
The Dreaming Moon	The Magnetic Fields	Get Lost	INDIFFERENT	OuC66JRgcMs	MPREb_80Qe978nniL	UCf9bscTdSKPtnoK4hHEDzGw	Modern Synth-Pop Grooves
When My Boy Walks Down the Street	The Magnetic Fields	69 Love Songs	INDIFFERENT	Sd5OZsfUBTs	MPREb_WJEtn1tNmRz	UCf9bscTdSKPtnoK4hHEDzGw	Modern Synth-Pop Grooves
I Don't Want to Get Over You	The Magnetic Fields	69 Love Songs	INDIFFERENT	EdbT1a_Khdo	MPREb_WJEtn1tNmRz	UCf9bscTdSKPtnoK4hHEDzGw	Modern Synth-Pop Grooves
This Comes From Inside	The Living Tombstone	This Comes From Inside	INDIFFERENT	Z-g3e18qAtU	MPREb_YXfQIZPIFD9	UC5EH9egdct4dmAo3AHwzPBA	Modern Synth-Pop Grooves
My Ordinary Life	The Living Tombstone	My Ordinary Life	INDIFFERENT	MURua52_YPg	MPREb_50vnM6vwk2m	UC5EH9egdct4dmAo3AHwzPBA	Modern Synth-Pop Grooves
Jump Up, Super Star!	The Living Tombstone	Jump Up, Super Star!	INDIFFERENT	7PQsGX1YOuE	MPREb_vY7uDQn87u3	UC5EH9egdct4dmAo3AHwzPBA	Modern Synth-Pop Grooves
It's Been So Long	The Living Tombstone	It's Been So Long	INDIFFERENT	dy9ugPD6_AE	MPREb_7O2iUWLCbMv	UC5EH9egdct4dmAo3AHwzPBA	Modern Synth-Pop Grooves
I Got No Time	The Living Tombstone	I Got No Time	INDIFFERENT	PMF-V6NbzrY	MPREb_6rXvngmGUp2	UC5EH9egdct4dmAo3AHwzPBA	Modern Synth-Pop Grooves
Floral Fury	The Living Tombstone	Floral Fury	INDIFFERENT	XhmXnY-VsIM	MPREb_Vm7SjhQrmyo	UC5EH9egdct4dmAo3AHwzPBA	Modern Synth-Pop Grooves
Die In a Fire (feat. EileMonty & Orko)	The Living Tombstone	Die In A Fire	INDIFFERENT	pGOjr4OCkxk	MPREb_9suO5B2tZtP	UC5EH9egdct4dmAo3AHwzPBA	Modern Synth-Pop Grooves
Bendy and the Ink Machine (feat. Dagames & Kyle Allen)	The Living Tombstone	Bendy and the Ink Machine	INDIFFERENT	t6MPi_YcT2Q	MPREb_iSTm4SZYWa4	UC5EH9egdct4dmAo3AHwzPBA	Modern Synth-Pop Grooves
Basics in Behavior [Blue Version] (feat. Or3o)	The Living Tombstone	Basics in Behavior (Blue Version)	INDIFFERENT	ImXFp0B3qLE	MPREb_ZMyGzje82CT	UC5EH9egdct4dmAo3AHwzPBA	Modern Synth-Pop Grooves
Pass This On	The Knife	Deep Cuts	INDIFFERENT	p7tGg8_Thpc	MPREb_evfREkHuWmA	UCis1bLqVozucj8JQo1bLHHg	Modern Synth-Pop Grooves
Techno Syndrome (Mortal Kombat)	The Immortals	Mortal Kombat: The Album	INDIFFERENT	Sr1bLLvsbh0	MPREb_9OvOBL3gfgh	UC4rlZmNfeLPa915-AbUSqeg	Modern Synth-Pop Grooves
The Scope of All of This Rebuilding	The Hotelier	Home, Like Noplace Is There	INDIFFERENT	Q6MZNJSFEXA	MPREb_aH49Jp6ZwWE	UCOzb3QMd74F2ghSYx0Z9X9g	Modern Synth-Pop Grooves
Humdrum Blues	The Growlers	Gilded Pleasures	INDIFFERENT	SwVeIGwboms	MPREb_PeDfBwh1tlH	UCJNle5_HHB85Hsm8kM7aTHg	Modern Synth-Pop Grooves
The First Single (You Know Me)	The Format	Interventions and Lullabies	INDIFFERENT	xmRTjb8kwBc	MPREb_h5tsmLHYfIb	UCApenTl0hQb9f4Zc-r77SNA	Modern Synth-Pop Grooves
Legend of the Eagle Bearer (Main Theme) (feat. Mike Georgiades)	The Flight	Assassin's Creed Odyssey (Original Game Soundtrack)	INDIFFERENT	UND5wgnIino	MPREb_hfn6ybcLNHd	UCNyWekTGs59OQQa5F15iu2g	Modern Synth-Pop Grooves
Assassin's Creed	The Flight	Assassin's Creed Odyssey (Original Game Soundtrack)	INDIFFERENT	3iwjE6DCJr8	MPREb_hfn6ybcLNHd	UCNyWekTGs59OQQa5F15iu2g	Modern Synth-Pop Grooves
Bad Days (Aurally Excited Version)	The Flaming Lips	Clouds Taste Metallic	INDIFFERENT	UgIxiUn_DQU	MPREb_ZU1fj2ungdb	UCPxZkX90JURVTyWW0caNnGg	Modern Synth-Pop Grooves
Clearer	The Field Mice	Where'd You Learn To Kiss That Way?	INDIFFERENT	x3IBonkBgP8	MPREb_zpuXN3iBZBr	UCq3yAfojH1m_w1khm8x_2yw	Modern Synth-Pop Grooves
Are You Lonesome Like Me?	The Feminine Complex	Livin' Love	INDIFFERENT	PjYlvAxbt8w	MPREb_jjvn2ZbIbBx	UCNqj0II7X-wDpB-cyGOu-KQ	Modern Synth-Pop Grooves
The God Prince	The Enigma Tng	Z Themes	INDIFFERENT	z2D5jjQWkiE	MPREb_l7glOR1Hh6R	UC0DeHPffyZWeagsdbBgaWyg	Modern Synth-Pop Grooves
Black	The Enigma Tng	Z Themes	INDIFFERENT	ODuYLJobqMg	MPREb_l7glOR1Hh6R	UC0DeHPffyZWeagsdbBgaWyg	Modern Synth-Pop Grooves
Black	The Enigma Tng	Z Themes	INDIFFERENT	ODuYLJobqMg	MPREb_l7glOR1Hh6R	UC0DeHPffyZWeagsdbBgaWyg	Modern Synth-Pop Grooves
Black	The Enigma Tng	Z Themes	INDIFFERENT	ODuYLJobqMg	MPREb_l7glOR1Hh6R	UC0DeHPffyZWeagsdbBgaWyg	Modern Synth-Pop Grooves
Let Love Walk Out Again	The Emkays	Let Love Walk Out Again	INDIFFERENT	xQlNf2fmdvY	MPREb_Ht5kr38ymG5	UCQIWyB3pMTQ8gxAbIsFmuTQ	Modern Synth-Pop Grooves
Through the Horizon	The Claypool Lennon Delirium	The Great Parrot-Ox and the Golden Egg of Empathy	INDIFFERENT	bU6mGpkk5qA	MPREb_lEKdKpHiZYx	UClRaiJfHj0KoWkln7LBGFJg	Modern Synth-Pop Grooves
Ready Player Two (feat. Chi-Chi & Alex Walker Smith)	The Chalkeaters	Ready Player Two	INDIFFERENT	DZo4cIs0MoY	MPREb_whb1Hoqz36h	UCrkvY3df9rHxJ2YgqgGthCQ	Modern Synth-Pop Grooves
Sleepwalking	The Chain Gang of 1974	Daydream Forever	INDIFFERENT	tuhfkDfmIPk	MPREb_zC6SluOJow0	UCaO_dVMlUWJ3P7_zrnqdRRg	Modern Synth-Pop Grooves
A Cold Freezin' Night	The Books	The Way Out	INDIFFERENT	UtHeUepXSJk	MPREb_bx4X4Zlih84	UCIab_j2kNleL-1-Tz1ZisGA	Modern Synth-Pop Grooves
The River (Instrumental)	The Bombay Royale	The Island of Dr. Electrico (Only for Ytaf)	INDIFFERENT	3T6OlwtdRnQ	MPREb_kz9JP3Xy4dB	UCnH3bu_qm1be8lGKebqPF1A	Modern Synth-Pop Grooves
Vs. Metal Sonic	Tee Lopes	Sonic Mania Original Sound Track(Selected Edition)	INDIFFERENT	y8VYLWdwHUQ	MPREb_yYZp3qcwDr7	UCEAWZAsiANsep07DW0iQUhA	Modern Synth-Pop Grooves
Stardust Speedway Zone Act 2	Tee Lopes	Sonic Mania Original Sound Track(Selected Edition)	INDIFFERENT	YOjTLgnGqD0	MPREb_yYZp3qcwDr7	UCEAWZAsiANsep07DW0iQUhA	Modern Synth-Pop Grooves
Metallic Madness Zone Act 2	Tee Lopes	Sonic Mania Original Sound Track(Selected Edition)	INDIFFERENT	jzY4fl_shME	MPREb_yYZp3qcwDr7	UCEAWZAsiANsep07DW0iQUhA	Modern Synth-Pop Grooves
Metallic Madness Zone Act 1	Tee Lopes	Sonic Mania Original Sound Track(Selected Edition)	INDIFFERENT	2xYUFedt1wk	MPREb_yYZp3qcwDr7	UCEAWZAsiANsep07DW0iQUhA	Modern Synth-Pop Grooves
Lights, Camera, Action! - Studiopolis Zone Act 1	Tee Lopes	Sonic Mania Original Sound Track(Selected Edition)	INDIFFERENT	PvuYSybooLg	MPREb_yYZp3qcwDr7	UCEAWZAsiANsep07DW0iQUhA	Modern Synth-Pop Grooves
Flying Battery Zone Act 2	Tee Lopes	Sonic Mania Original Sound Track(Selected Edition)	INDIFFERENT	dwcvt1ipR5Y	MPREb_yYZp3qcwDr7	UCEAWZAsiANsep07DW0iQUhA	Modern Synth-Pop Grooves
Flying Battery Zone Act 2	Tee Lopes	Sonic Mania Original Sound Track(Selected Edition)	INDIFFERENT	dwcvt1ipR5Y	MPREb_yYZp3qcwDr7	UCEAWZAsiANsep07DW0iQUhA	Modern Synth-Pop Grooves
Flying Battery Zone Act 1	Tee Lopes	Sonic Mania Original Sound Track(Selected Edition)	INDIFFERENT	27Nv6cweyhM	MPREb_yYZp3qcwDr7	UCEAWZAsiANsep07DW0iQUhA	Modern Synth-Pop Grooves
Escape From The City ...for City Escape	Ted Poley & Tony Harnell	SONIC ADVENTURE 2 Original Soundtrack 20th Anniversary Edition	INDIFFERENT	W-_9LcwKRQE	MPREb_3RQ74Fx4SuZ	UC9fSmHCwvEp-7zHktPQ_5DQ	Modern Synth-Pop Grooves
Day of Fate ~Spirit VS Spirit~ (feat. Paulo Cuevas & Ani Djirdjirian)	TeamFourStar	Day of Fate ~Spirit VS Spirit~	INDIFFERENT	zO4jWC2vTQo	MPREb_Bx7NqAt0GZV	UCqRus4iPsA7ZvetD4LM4gLw	Modern Synth-Pop Grooves
The Fate of Ophelia	Taylor Swift	The Life of a Showgirl	INDIFFERENT	7nVctvQVz0U	MPREb_p6BGcsuOpGt	UCPC0L1d253x-KuMNwa05TpA	Modern Synth-Pop Grooves
BIKE	Tanger	BONUS EP	INDIFFERENT	ech0M5yrDEI	MPREb_9CwdpkUUGuz	UCYSZitZqYvCOTalNXIQKHQg	Modern Synth-Pop Grooves
The Boat I Row	Tame Impala	The Slow Rush B-Sides & Remixes	INDIFFERENT	WyAXDFonBhc	MPREb_CkhPPCiMsAP	UCGz-eguN8tcic5kUG4s1ZgA	Modern Synth-Pop Grooves
No Choice	Tame Impala	The Slow Rush B-Sides & Remixes	INDIFFERENT	V1d3XktPApk	MPREb_CkhPPCiMsAP	UCGz-eguN8tcic5kUG4s1ZgA	Modern Synth-Pop Grooves
Tomorrow's Dust	Tame Impala	The Slow Rush	INDIFFERENT	-KeZkGPOm2U	MPREb_yVhKccUQYoW	UCGz-eguN8tcic5kUG4s1ZgA	Modern Synth-Pop Grooves
One More Hour	Tame Impala	The Slow Rush	INDIFFERENT	vXc5jYyfRqY	MPREb_yVhKccUQYoW	UCGz-eguN8tcic5kUG4s1ZgA	Modern Synth-Pop Grooves
Wander	Tame Impala	Tame Impala	INDIFFERENT	eLTmsn_sF9I	MPREb_VCgDvzarzHt	UCGz-eguN8tcic5kUG4s1ZgA	Modern Synth-Pop Grooves
H.F.G.W (Canyons Drunken Rage)	Tame Impala	Tame Impala	INDIFFERENT	GWh-vyRdHik	MPREb_9wlUBsncN4V	UCGz-eguN8tcic5kUG4s1ZgA	Modern Synth-Pop Grooves
41 Mosquitoes Flying In Formation	Tame Impala	Tame Impala	INDIFFERENT	1Q3NNA0OMYE	MPREb_VCgDvzarzHt	UCGz-eguN8tcic5kUG4s1ZgA	Modern Synth-Pop Grooves
That's All For Everyone	Tame Impala	Just Tell Me That You Want Me: A Tribute To Fleetwood Mac	INDIFFERENT	gHBFLsgNPLg	MPREb_2YgsRzGfCUd	UCGz-eguN8tcic5kUG4s1ZgA	Modern Synth-Pop Grooves
See You On Monday (You're Lost)	Tame Impala	Deadbeat	INDIFFERENT	zbGE1FeapIo	MPREb_YhRdWFSgBWD	UCGz-eguN8tcic5kUG4s1ZgA	Modern Synth-Pop Grooves
Piece Of Heaven	Tame Impala	Deadbeat	INDIFFERENT	ecYrTGNfqEg	MPREb_YhRdWFSgBWD	UCGz-eguN8tcic5kUG4s1ZgA	Modern Synth-Pop Grooves
Oblivion	Tame Impala	Deadbeat	INDIFFERENT	bjXj03oe_Sc	MPREb_YhRdWFSgBWD	UCGz-eguN8tcic5kUG4s1ZgA	Modern Synth-Pop Grooves
Not My World	Tame Impala	Deadbeat	INDIFFERENT	pBJDd425I18	MPREb_YhRdWFSgBWD	UCGz-eguN8tcic5kUG4s1ZgA	Modern Synth-Pop Grooves
No Reply	Tame Impala	Deadbeat	INDIFFERENT	cQEiKXfD1II	MPREb_YhRdWFSgBWD	UCGz-eguN8tcic5kUG4s1ZgA	Modern Synth-Pop Grooves
Ethereal Connection	Tame Impala	Deadbeat	INDIFFERENT	8w85zfevkHk	MPREb_YhRdWFSgBWD	UCGz-eguN8tcic5kUG4s1ZgA	Modern Synth-Pop Grooves
End Of Summer	Tame Impala	Deadbeat	INDIFFERENT	shCZFUWFscA	MPREb_YhRdWFSgBWD	UCGz-eguN8tcic5kUG4s1ZgA	Modern Synth-Pop Grooves
Dracula	Tame Impala	Deadbeat	INDIFFERENT	cuMuMnCRfqk	MPREb_YhRdWFSgBWD	UCGz-eguN8tcic5kUG4s1ZgA	Modern Synth-Pop Grooves
Afterthought	Tame Impala	Deadbeat	INDIFFERENT	QPn8Z3SY0jk	MPREb_YhRdWFSgBWD	UCGz-eguN8tcic5kUG4s1ZgA	Modern Synth-Pop Grooves
Breathe Deeper (Lil Yachty Remix)	Tame Impala	Breathe Deeper (Lil Yachty Remix)	INDIFFERENT	oApoGVO2Txc	MPREb_8F26SigICxr	UCGz-eguN8tcic5kUG4s1ZgA	Modern Synth-Pop Grooves
Overdrive	Taku Iwasaki	JOJO'S BIZARRE ADVENTURE -O.S.T Battle Tendency [Musik]	INDIFFERENT	XneukMwAGL8	MPREb_rEwY93ST0KU	UCJa9Q9fkv62ufebEIbUD--Q	Modern Synth-Pop Grooves
Il mare eterno nella mia anima	Taku Iwasaki	JOJO'S BIZARRE ADVENTURE -O.S.T Battle Tendency [Musik]	INDIFFERENT	R2YsN_W3vAY	MPREb_rEwY93ST0KU	UCJa9Q9fkv62ufebEIbUD--Q	Modern Synth-Pop Grooves
Il mare eterno nella mia anima	Taku Iwasaki	JOJO'S BIZARRE ADVENTURE -O.S.T Battle Tendency [Musik]	INDIFFERENT	R2YsN_W3vAY	MPREb_rEwY93ST0KU	UCJa9Q9fkv62ufebEIbUD--Q	Modern Synth-Pop Grooves
Avalon	Taku Iwasaki	JOJO'S BIZARRE ADVENTURE -O.S.T Battle Tendency [Musik]	INDIFFERENT	IMnDxrG1jGg	MPREb_rEwY93ST0KU	UCJa9Q9fkv62ufebEIbUD--Q	Modern Synth-Pop Grooves
Yeah! Break! Care! Break!	Takayoshi Tanimoto	Career Along	INDIFFERENT	-ibZ3SaSIJ0	MPREb_YJQH95oedU9	UCIdyBeiGorESL-FlrE_88Lw	Modern Synth-Pop Grooves
Dragon Soul	Takayoshi Tanimoto	Career Along	INDIFFERENT	bdU0J4_TCLQ	MPREb_YJQH95oedU9	UCIdyBeiGorESL-FlrE_88Lw	Modern Synth-Pop Grooves
Easy	Tahiti 80	The Past, The Present & The Possible	INDIFFERENT	rXiJKZCaeEo	MPREb_6TPpesj9bBf	UCT7_RoRIeQHGqVk2ddDrTRQ	Modern Synth-Pop Grooves
4:00A.M. - 4:00 A.M.	Taeko Onuki	Mignonne (Mastered by Bernie Grundman)	INDIFFERENT	_sOKkON_UnQ	MPREb_RN7HAEqSHb6	UC0vYeUJZ4qpvtZGS8h_2WYQ	Modern Synth-Pop Grooves
Take Your Time	Tacoma Radar	No One Waved Goodbye	INDIFFERENT	0j-lHMFhI60	MPREb_zsAkKYH9rL3	UCsanAU0MVlG_B4hd2GBOIYg	Modern Synth-Pop Grooves
Waiting Around (extended)	TUK		INDIFFERENT	dw31d5hSgrA		UCjAVwXY9DJ19KldivkV2frQ	Modern Synth-Pop Grooves
Lovely	TOLEDO	Lovely	INDIFFERENT	-O0YjVj1HkU	MPREb_LbtvEJDHKZO	UCTK8Qu6zyyrv27CHB8sqXuA	Modern Synth-Pop Grooves
STORM RISING (Normal)	TEKKEN Project	TEKKEN 8 (Original Soundtrack)	INDIFFERENT	6ymkRirbXEg	MPREb_gbb63DqhILZ	UCvbNm9wyU8eHusXJeOOLe8A	Modern Synth-Pop Grooves
See Spaces	TEETH	See Spaces	INDIFFERENT	528sRE9SV6c	MPREb_LPennq52rDZ	UC7mjESmd1kRw8dzEhE0to7Q	Modern Synth-Pop Grooves
International	Sweet Trip	Velocity: Design: Comfort.	INDIFFERENT	JD6ea64p7K8	MPREb_u8skQ5eqzRc	UCZyhfRLA0lvbZGi3wBoB1jA	Modern Synth-Pop Grooves
Gats	Susumu Hirasawa	BERSERK Original Soundtrack	INDIFFERENT	auLopgsgJ_s	MPREb_XL330FHrT9v	UCzJ7PrO2pmCVGgSq18Fr0Dg	Modern Synth-Pop Grooves
BEHELIT	Susumu Hirasawa	BERSERK Original Soundtrack	INDIFFERENT	xsV6wk4nzPw	MPREb_XL330FHrT9v	UCzJ7PrO2pmCVGgSq18Fr0Dg	Modern Synth-Pop Grooves
Mukanjyo	Survive Said The Prophet	Mukanjyo	INDIFFERENT	jdb8fzY-oVA	MPREb_s9DZg5cDxao	UC8bEQYItOTE07wpU3_j-YDQ	Modern Synth-Pop Grooves
JÚJÚ	Sunni Colón	JúJú & The Flowerbug	INDIFFERENT	Ol_gdxWrO3Y	MPREb_sFfNebUZzaZ	UCbMbfruAI5__qst19QmrFHA	Modern Synth-Pop Grooves
Glenn Tipton	Sun Kil Moon	Ghosts of the Great Highway	INDIFFERENT	SMPd4hUKcgw	MPREb_qbgy9EO9LjQ	UCKV-LtkbVqsjBrAAzDyWc6w	Modern Synth-Pop Grooves
Conflict at the Entrance	Stuart Chatwood	Prince of Persia Trilogy (Original Game Soundtracks)	INDIFFERENT	ckNnTnfmJgA	MPREb_GveAnZW0bw5	UCPgdi95xo-W1OkkICwRNBeg	Modern Synth-Pop Grooves
Norman	Steven Price	Fury (Original Motion Picture Soundtrack)	INDIFFERENT	xhfo-lB6JS8	MPREb_W5NANMlCuAS	UCNqapeSph4hiuq448KWUsFA	Modern Synth-Pop Grooves
Dark Red	Steve Lacy	Dark Red	INDIFFERENT	Q6FarZpy67M	MPREb_H5SSBtcAvYz	UCju-DqP7JNtCnMWFXhLgPHQ	Modern Synth-Pop Grooves
You're a Soldier Now	Steve Jablonsky	Transformers: The Score	INDIFFERENT	p_Lop3880Kw	MPREb_9ORo6Oyrj2f	UCkfU7GtZtI4ud3DNq1hJi0g	Modern Synth-Pop Grooves
Scorponok	Steve Jablonsky	Transformers: The Score	INDIFFERENT	5wt2WtZUCuo	MPREb_9ORo6Oyrj2f	UCkfU7GtZtI4ud3DNq1hJi0g	Modern Synth-Pop Grooves
Optimus	Steve Jablonsky	Transformers: The Score	INDIFFERENT	GMr8iLnfr4s	MPREb_9ORo6Oyrj2f	UCkfU7GtZtI4ud3DNq1hJi0g	Modern Synth-Pop Grooves
No Sacrifice, No Victory	Steve Jablonsky	Transformers: The Score	INDIFFERENT	cbxNyoYyGLE	MPREb_9ORo6Oyrj2f	UCkfU7GtZtI4ud3DNq1hJi0g	Modern Synth-Pop Grooves
Autobots	Steve Jablonsky	Transformers: The Score	INDIFFERENT	w581xiVe0Q8	MPREb_9ORo6Oyrj2f	UCkfU7GtZtI4ud3DNq1hJi0g	Modern Synth-Pop Grooves
Arrival to Earth	Steve Jablonsky	Transformers: The Score	INDIFFERENT	3sE1rKAUNtg	MPREb_9ORo6Oyrj2f	UCkfU7GtZtI4ud3DNq1hJi0g	Modern Synth-Pop Grooves
We Have to Go	Steve Jablonsky	Transformers: The Last Knight (Music from the Motion Picture)	INDIFFERENT	pKdLmGkQpwo	MPREb_ZhSUZtOQf7q	UCkfU7GtZtI4ud3DNq1hJi0g	Modern Synth-Pop Grooves
Lockdown	Steve Jablonsky	Transformers: Age of Extinction (Music from the Motion Picture) - EP	INDIFFERENT	6PABxEkCoPk	MPREb_fgTktXTmRaK	UCkfU7GtZtI4ud3DNq1hJi0g	Modern Synth-Pop Grooves
Autobots Reunite	Steve Jablonsky	Transformers: Age of Extinction (Music from the Motion Picture) - EP	INDIFFERENT	_HtGb3306To	MPREb_fgTktXTmRaK	UCkfU7GtZtI4ud3DNq1hJi0g	Modern Synth-Pop Grooves
Autobots Reunite	Steve Jablonsky	Transformers: Age of Extinction (Music from the Motion Picture) - EP	INDIFFERENT	_HtGb3306To	MPREb_fgTktXTmRaK	UCkfU7GtZtI4ud3DNq1hJi0g	Modern Synth-Pop Grooves
Call Me Call Me	Steve Conte	COWBOY BEBOP (Original Motion Picture Soundtrack 3 - Blue)	INDIFFERENT	10YHsVc01IY	MPREb_p8yilTbL7F8	UCxk6zgJn87I4ZORy4bLdjUQ	Modern Synth-Pop Grooves
Lo Boob Oscillator	Stereolab	Refried Ectoplasm [Switched On Volume 2]	INDIFFERENT	gICJMNGcdYg	MPREb_kwwrxAMBB5e	UCRUe8cfECb_SNa-Y15Z4EZw	Modern Synth-Pop Grooves
Vonal Declosion	Stereolab	Margerine Eclipse	INDIFFERENT	4PaRyFqHVZ0	MPREb_vVNI8LGe16K	UCRUe8cfECb_SNa-Y15Z4EZw	Modern Synth-Pop Grooves
Aerial Troubles	Stereolab	Instant Holograms On Metal Film	INDIFFERENT	VNId74divhA	MPREb_HYKj6iG9dcl	UCRUe8cfECb_SNa-Y15Z4EZw	Modern Synth-Pop Grooves
Rainbo Conversation	Stereolab	Dots And Loops	INDIFFERENT	e1wKZ5K2XFs	MPREb_m7AcFmPAyO0	UCRUe8cfECb_SNa-Y15Z4EZw	Modern Synth-Pop Grooves
Prisoner of Mars	Stereolab	Dots And Loops	INDIFFERENT	Pa9cBgJ3-uM	MPREb_m7AcFmPAyO0	UCRUe8cfECb_SNa-Y15Z4EZw	Modern Synth-Pop Grooves
Miss Modular	Stereolab	Dots And Loops	INDIFFERENT	6zIiEM3p8qM	MPREb_m7AcFmPAyO0	UCRUe8cfECb_SNa-Y15Z4EZw	Modern Synth-Pop Grooves
You Are The Jumpmaster	Stephen Barton	Apex Legends (Original Soundtrack)	INDIFFERENT	UrAhnndvrSU	MPREb_K94vnpSFUDd	UCUhkVZeSoGkZefR7sDRQB5Q	Modern Synth-Pop Grooves
Apex Legends: Main Theme	Stephen Barton	Apex Legends (Original Soundtrack)	INDIFFERENT	Xq0joZ24D9Y	MPREb_K94vnpSFUDd	UCUhkVZeSoGkZefR7sDRQB5Q	Modern Synth-Pop Grooves
The Owner	Stella	The Owner	INDIFFERENT	OQZOXgXTyhg	MPREb_R7EvckfYWUS	UCBMkpO1i6j_Ii7FRFnbBDiQ	Modern Synth-Pop Grooves
Quiet's Theme	Stefanie Joosten	METAL GEAR SOLID VOCAL TRACKS	INDIFFERENT	wQWC14HCKYI	MPREb_snC1Bj2yhI6	UCILq0CDdon83C9QbX9xHR2w	Modern Synth-Pop Grooves
Luigi's Ballad	Starbomb	Starbomb	INDIFFERENT	D0cUYfkMBuM	MPREb_KFmV2GVdlMi	UCuEOrLv3pYGDZ4ukrfeqf0Q	Modern Synth-Pop Grooves
It's Dangerous to Go Alone	Starbomb	Starbomb	INDIFFERENT	BFfQXlAF1nE	MPREb_KFmV2GVdlMi	UCuEOrLv3pYGDZ4ukrfeqf0Q	Modern Synth-Pop Grooves
The Touch	Stan Bush	Transformers	INDIFFERENT	qDAoJIJ2ljU	MPREb_X4Kew5HWisj	UCHQi5p8B_56DQAKEYhcDTZA	Modern Synth-Pop Grooves
Dare	Stan Bush	Transformers	INDIFFERENT	GUhB1O8Le0Q	MPREb_X4Kew5HWisj	UCHQi5p8B_56DQAKEYhcDTZA	Modern Synth-Pop Grooves
Welcome Home	SquigglyDigg	Welcome Home	INDIFFERENT	i9uDwLFC9K0	MPREb_PFfwR8S4tdu	UC8xtLPxtSnxW5WhQprabayA	Modern Synth-Pop Grooves
Keep Falling in Love	Sports	Keep Falling in Love	INDIFFERENT	ibT44MCQT6Q	MPREb_DNIPPdtWqjb	UCSqiD4XuBNE1p_sbepo73iQ	Modern Synth-Pop Grooves
No Below	Speedy Ortiz	Major Arcana	INDIFFERENT	UlijSKJZj0Q	MPREb_6qtVMLcQHSq	UCDaTpUyPT1KCNBUW7stdLFA	Modern Synth-Pop Grooves
Sesquicentennial	Sofie Royer	Sesquicentennial	INDIFFERENT	lxsjNXb3N5I	MPREb_A6zFesvIom5	UCP4EbX6L13nxaiDs8O55BPw	Modern Synth-Pop Grooves
Silhouettes	Snazzy	Silhouettes	INDIFFERENT	vzIcIUIslaU	MPREb_3aNuQY1hw5w	UCjXVEZulGGEka7uC2D_g9Hw	Modern Synth-Pop Grooves
Pixel Galaxy	Snail's House	Pixel Galaxy	INDIFFERENT	RK8e4JQgPfo	MPREb_6P6KqpGH3Gs	UCJSPN1g1w9khsU_kbqpBYgA	Modern Synth-Pop Grooves
Have Spacesuit Will Travel (4:20 Flexi Edit)	Sleep	Have Spacesuit Will Travel (4:20 Flexi Edit)	INDIFFERENT	KhwiNPsaPfA	MPREb_wIhzvZbZTMV		Modern Synth-Pop Grooves
Journey (feat. Kronos Quartet)	Skye Lewin	Destiny 2 (Original Game Soundtrack)	INDIFFERENT	hRALxZIxmwI	MPREb_xlMngSaTAQB	UCWUeOsZZvkgZuyJzOShI69w	Modern Synth-Pop Grooves
Yu Yu Hakusho 'Struggle of Sadness'	SkullPro10	Yu Yu Hakusho 'Struggle of Sadness'	INDIFFERENT	P1HdbUP79Ds	MPREb_2TjA7zSjpnO	UCzmi3OCcoWohc8XHkmwhVNA	Modern Synth-Pop Grooves
Beck - 10,000 Pesos [Nacho Libre: Music From the Motion Picture CD] 2006	Skull F*ck Records		INDIFFERENT	TxxiKi3zKJs		UCP8oI1lhAkLeiudqdnUCk9g	Modern Synth-Pop Grooves
We Lose	Skinshape	Filoxiny	INDIFFERENT	P4xYkyY2Ep8	MPREb_t7Ix1oVadBG	UCil1XLYzKqVoM_2C_4tyOLA	Modern Synth-Pop Grooves
We Lose	Skinshape	Filoxiny	INDIFFERENT	P4xYkyY2Ep8	MPREb_t7Ix1oVadBG	UCil1XLYzKqVoM_2C_4tyOLA	Modern Synth-Pop Grooves
Telephone (Roosevelt Remix)	Sinkane	Telephone (Roosevelt Remix)	INDIFFERENT	GJBHa7q15Ms	MPREb_XwjaB6UIJ00	UCsPHjrbGjOJYlZBjCsqohGw	Modern Synth-Pop Grooves
Razormind	Simon Viklund	Payday 2 Remastered (Official Soundtrack), Vol. 1	INDIFFERENT	_Fl_LJBixfg	MPREb_ZmLrP8SXIVA	UC7PEdw7iHPUfIV8T_b8rXHQ	Modern Synth-Pop Grooves
Last Night (feat. The Endorphins)	Simon Field	Last Night	INDIFFERENT	tAdb13n3sWA	MPREb_4OZep6z0NhO	UCRybulpGlKnOxPgax_cgweg	Modern Synth-Pop Grooves
Tropical Eden	Simon Chylinski	Subnautica (Original Game Soundtrack)	INDIFFERENT	6b_7AqwaDGI	MPREb_0ZYTpgXNJN1	UCP4KJHju2CZ3NBIJrICer-Q	Modern Synth-Pop Grooves
Sun & Moon	Simon Chylinski	Subnautica (Original Game Soundtrack)	INDIFFERENT	8b795YBf13Y	MPREb_0ZYTpgXNJN1	UCP4KJHju2CZ3NBIJrICer-Q	Modern Synth-Pop Grooves
Salutations	Simon Chylinski	Subnautica (Original Game Soundtrack)	INDIFFERENT	pQsQKtxG9D0	MPREb_0ZYTpgXNJN1	UCP4KJHju2CZ3NBIJrICer-Q	Modern Synth-Pop Grooves
In Bloom	Simon Chylinski	Subnautica (Original Game Soundtrack)	INDIFFERENT	tgXOYrHnRIU	MPREb_0ZYTpgXNJN1	UCP4KJHju2CZ3NBIJrICer-Q	Modern Synth-Pop Grooves
God Rays	Simon Chylinski	Subnautica (Original Game Soundtrack)	INDIFFERENT	DgvgM135rqQ	MPREb_0ZYTpgXNJN1	UCP4KJHju2CZ3NBIJrICer-Q	Modern Synth-Pop Grooves
Waiting so long	Silver Fins	WAITING SO LONG	INDIFFERENT	z9ZrOxkiCi4	MPREb_VkmdrotLFk6	UCWhmG-AOpm0Qw-xQHVWx-YA	Modern Synth-Pop Grooves
Wham Bam Shang-A-Lang	Silver	Silver	INDIFFERENT	rbSY2Yx85Gk	MPREb_En8Z1sj2B9e	UC8_-le8z52X0Uqlwmdf18_g	Modern Synth-Pop Grooves
How It Feels	Silky Roads	How It Feels	INDIFFERENT	zVCrR-oT3lU	MPREb_arCDfWv7cD9	UCXHAHo7I1Ex8M8lmt4GehPQ	Modern Synth-Pop Grooves
The Promised Consort	Shoi Miyazawa	ELDEN RING SHADOW OF THE ERDTREE ORIGINAL SOUND TRACK	INDIFFERENT	OK5ObZ_vXsU	MPREb_ik6A6zDCAxQ	UCS-qbqYnxccuv6Rf2hDQA1g	Modern Synth-Pop Grooves
The Lord of Frenzied Flame	Shoi Miyazawa	ELDEN RING SHADOW OF THE ERDTREE ORIGINAL SOUND TRACK	INDIFFERENT	ZL2OV7z2q40	MPREb_ik6A6zDCAxQ	UCS-qbqYnxccuv6Rf2hDQA1g	Modern Synth-Pop Grooves
Divine Beast Dancing Lion	Shoi Miyazawa	ELDEN RING SHADOW OF THE ERDTREE ORIGINAL SOUND TRACK	INDIFFERENT	1Saywp-mXxo	MPREb_ik6A6zDCAxQ	UCS-qbqYnxccuv6Rf2hDQA1g	Modern Synth-Pop Grooves
Under Star	Shocking Lemon	Under Star	INDIFFERENT	gKKki0QYP70	MPREb_oX0HWZKLUCU	UCsdRBJJxJ6ESv9LQi_6C71g	Modern Synth-Pop Grooves
Inner Light	Shocking Lemon	Inner Light	INDIFFERENT	OBvnS39pC0A	MPREb_SfoLtXuER4c	UCsdRBJJxJ6ESv9LQi_6C71g	Modern Synth-Pop Grooves
Bloodborne Soundtrack OST - Ludwig, The Accursed & Holy Blade (The Old Hunters)	Shirrako		INDIFFERENT	ALbVEmzY5S4		UC7eAfUjR9gdIjoaoQaS0W-A	Modern Synth-Pop Grooves
Bloodborne Soundtrack OST - Lady Maria (The Old Hunters)	Shirrako		INDIFFERENT	8mByDcrNSV0		UC7eAfUjR9gdIjoaoQaS0W-A	Modern Synth-Pop Grooves
Everything I Lost - 2024 mix	Shiro SAGISU	TV Animation BLEACH THE BLOOD WARFARE Original Soundtrack 2	INDIFFERENT	Q7hhx-1g99U	MPREb_5FMOvPz6h9p	UCX1eEXAVyXoPviRXoEgKipQ	Modern Synth-Pop Grooves
1106 TYBW CH united	Shiro SAGISU	TV Animation BLEACH THE BLOOD WARFARE Original Soundtrack 1	INDIFFERENT	zfxa9ahq63g	MPREb_Qk1XPZJ7VmY	UCX1eEXAVyXoPviRXoEgKipQ	Modern Synth-Pop Grooves
quincy's craft	Shiro SAGISU	TV Animation BLEACH Original Soundtrack 3	INDIFFERENT	wmle0wTe_nw	MPREb_edK3tEHrf12	UCX1eEXAVyXoPviRXoEgKipQ	Modern Synth-Pop Grooves
Nube Negra	Shiro SAGISU	TV Animation BLEACH Original Soundtrack 3	INDIFFERENT	MBJcmVQC2WI	MPREb_edK3tEHrf12	UCX1eEXAVyXoPviRXoEgKipQ	Modern Synth-Pop Grooves
La Distancia Para Un Duelo	Shiro SAGISU	TV Animation BLEACH Original Soundtrack 3	INDIFFERENT	NlZVSsHtIhQ	MPREb_edK3tEHrf12	UCX1eEXAVyXoPviRXoEgKipQ	Modern Synth-Pop Grooves
Fiesta De Guerra.	Shiro SAGISU	TV Animation BLEACH Original Soundtrack 3	INDIFFERENT	4v6dp2N3e8U	MPREb_edK3tEHrf12	UCX1eEXAVyXoPviRXoEgKipQ	Modern Synth-Pop Grooves
Escalon	Shiro SAGISU	TV Animation BLEACH Original Soundtrack 3	INDIFFERENT	6MelzhSUXPE	MPREb_edK3tEHrf12	UCX1eEXAVyXoPviRXoEgKipQ	Modern Synth-Pop Grooves
Clavar La Espada	Shiro SAGISU	TV Animation BLEACH Original Soundtrack 3	INDIFFERENT	Z9Onb_z0XPI	MPREb_edK3tEHrf12	UCX1eEXAVyXoPviRXoEgKipQ	Modern Synth-Pop Grooves
The Final Decision We All Must Take	Shiro SAGISU	Shiro SAGISU Music from 'EVANGELION 2.0' YOU CAN (NOT) ADVANCE.	INDIFFERENT	YVLuZedTS2c	MPREb_GefuiO9F6cK	UCX1eEXAVyXoPviRXoEgKipQ	Modern Synth-Pop Grooves
In My Spirit	Shiro SAGISU	Shiro SAGISU Music from 'EVANGELION 2.0' YOU CAN (NOT) ADVANCE.	INDIFFERENT	JcVkEPCtmPU	MPREb_GefuiO9F6cK	UCX1eEXAVyXoPviRXoEgKipQ	Modern Synth-Pop Grooves
Fate	Shiro SAGISU	Shiro SAGISU Music from 'EVANGELION 2.0' YOU CAN (NOT) ADVANCE.	INDIFFERENT	qBd1ewktFDA	MPREb_GefuiO9F6cK	UCX1eEXAVyXoPviRXoEgKipQ	Modern Synth-Pop Grooves
Who Will Know (24 Bigslow)	Shiro SAGISU	Shin Godzilla (Original Motion Picture Soundtrack)	INDIFFERENT	eBqCDuwZsCs	MPREb_bvJoczurJlZ	UCX1eEXAVyXoPviRXoEgKipQ	Modern Synth-Pop Grooves
Persecution Of The Masses (1172)	Shiro SAGISU	Shin Godzilla (Original Motion Picture Soundtrack)	INDIFFERENT	WiONUl3B9po	MPREb_bvJoczurJlZ	UCX1eEXAVyXoPviRXoEgKipQ	Modern Synth-Pop Grooves
Number One - Bankai (feat. Hazel Fernandes)	Shiro SAGISU	Number One - Bankai	INDIFFERENT	7JEjQG4-tpU	MPREb_uLQ1VkzUhen	UCX1eEXAVyXoPviRXoEgKipQ	Modern Synth-Pop Grooves
DECISIVE BATTLE	Shiro SAGISU	NEON GENESIS EVANGELION (Original Series Soundtrack)	INDIFFERENT	4u6V6UisBz8	MPREb_qscg5YOtlkb	UCX1eEXAVyXoPviRXoEgKipQ	Modern Synth-Pop Grooves
A01_clone_miyagi	Shiro SAGISU	EVANGELION Piano Forte	INDIFFERENT	2tXRh7ecKDs	MPREb_kHZCFN2g9vT	UCX1eEXAVyXoPviRXoEgKipQ	Modern Synth-Pop Grooves
'Cometh the hour' Pt. B_Opus1	Shiro SAGISU	BLEACH the Movie: The Hell Verse Original Soundtrack	INDIFFERENT	OAkKe6NO-ds	MPREb_Xxdk05HHMcp	UCX1eEXAVyXoPviRXoEgKipQ	Modern Synth-Pop Grooves
'Cometh the hour' Pt. A_Opus1	Shiro SAGISU	BLEACH the Movie: The Hell Verse Original Soundtrack	INDIFFERENT	n6WPRsDQd_o	MPREb_Xxdk05HHMcp	UCX1eEXAVyXoPviRXoEgKipQ	Modern Synth-Pop Grooves
'4BLM_101_Chokkaku'	Shiro SAGISU	BLEACH the Movie: The Hell Verse Original Soundtrack	INDIFFERENT	3tmnDTond0A	MPREb_Xxdk05HHMcp	UCX1eEXAVyXoPviRXoEgKipQ	Modern Synth-Pop Grooves
Treachery	Shiro SAGISU	BLEACH the Movie: The DiamondDust Rebellion Original Soundtrack	INDIFFERENT	0kYq-E8BJgU	MPREb_jK2u715Qalz	UCX1eEXAVyXoPviRXoEgKipQ	Modern Synth-Pop Grooves
Invasion	Shiro SAGISU	BLEACH the Movie: The DiamondDust Rebellion Original Soundtrack	INDIFFERENT	JOHNtL9HhTE	MPREb_jK2u715Qalz	UCX1eEXAVyXoPviRXoEgKipQ	Modern Synth-Pop Grooves
What Can You See In Their Eyes	Shiro SAGISU	BLEACH the Movie: Fade to Black Original Soundtrack	INDIFFERENT	rsH0CO6OjgU	MPREb_f4MW67WKNxM	UCX1eEXAVyXoPviRXoEgKipQ	Modern Synth-Pop Grooves
Stand Up Be Strong (Pt. I) - Stand Up Be Strong (Pt. 1)	Shiro SAGISU	BLEACH the Movie: Fade to Black Original Soundtrack	INDIFFERENT	kyY9IBFj1uA	MPREb_f4MW67WKNxM	UCX1eEXAVyXoPviRXoEgKipQ	Modern Synth-Pop Grooves
Fade To Black_B13a	Shiro SAGISU	BLEACH the Movie: Fade to Black Original Soundtrack	INDIFFERENT	YKLijZfJVzs	MPREb_f4MW67WKNxM	UCX1eEXAVyXoPviRXoEgKipQ	Modern Synth-Pop Grooves
Heat You Up (Melt You Down) (2012 - Remaster) (feat. Gerd)	Shirley Lites	The West End Story (2013 - Remaster)	INDIFFERENT	fa-STAsdKIs	MPREb_6aLFmfXbjI4	UCqqeDCx3yE0T4athNtqWbPA	Modern Synth-Pop Grooves
NIGHT RUNNING (feat. AAAMYYY)	Shin Sakiura	アニメ『BNA ビー･エヌ･エー』Complete album	INDIFFERENT	3T3ofoKfEoY	MPREb_UGfWyyjRIUZ	UCwQ0ruE9EWOX38Tc5ouohWA	Modern Synth-Pop Grooves
Heartbeat, Heartbreak	Shihoko Hirata	ペルソナ4 オリジナル・サウンドトラック	INDIFFERENT	lKcy4hLvzgI	MPREb_GCPXhFyEXRh	UCM6d81fSoNru8U5YNxKwYyQ	Modern Synth-Pop Grooves
Rush E	Sheet Music Boss	Rush Collection	INDIFFERENT	Ddl-PS0q70E	MPREb_ALOlwAxP8tn	UCdrVkVOyKz0qqduGT55Cy0A	Modern Synth-Pop Grooves
Coffin Dance but It Gets Harder and H a r d e r	Sheet Music Boss	Meme Music on Piano, Vol. 1	INDIFFERENT	LMWTFPbrqhA	MPREb_eoMjxXnhnQF	UCdrVkVOyKz0qqduGT55Cy0A	Modern Synth-Pop Grooves
Change Is Hard	She & Him	Volume One	INDIFFERENT	dKud8ah-Eak	MPREb_HWT6d2ka3YQ	UC8CvgMoefY0bNy52qs0cPPg	Modern Synth-Pop Grooves
In the Sun	She & Him	In the Sun / I Can Hear Music	INDIFFERENT	sODdaHmzJZo	MPREb_ZN9vwiIvzbQ	UC8CvgMoefY0bNy52qs0cPPg	Modern Synth-Pop Grooves
Vendetta Preps	Shawn Lee	Bully (Original Soundtrack)	INDIFFERENT	QicfEu_BJiE	MPREb_eCmzNRF1eKX	UCMMmfBWjVlW0wnt2hz2PNsg	Modern Synth-Pop Grooves
Dark Darker Yet Darker	SharaX	Dark Darker Yet Darker	INDIFFERENT	jPvfmGKBWIE	MPREb_pBmcj0i9jih	UCZSpg5kyHcgTTD9EoQkbRyg	Modern Synth-Pop Grooves
The Clouds Cleared the Way	Shane Tyler	The Clouds Cleared the Way	INDIFFERENT	YsTrJVOJ3Kg	MPREb_62xlSrg1219	UCd5_l5FvSalc04wZ7rETNFg	Modern Synth-Pop Grooves
Never Be Alone	Shadrow	Never Be Alone	INDIFFERENT	UY4_86-GaEI	MPREb_S5at5sBqvX6	UCdbvQ5MHDFkJ11xG65UJwEg	Modern Synth-Pop Grooves
Red Sun (feat. ash lee)	Seraphine Noir	Red Sun	INDIFFERENT	tec9HAbbUfE	MPREb_FeYOpKPprCb	UClbg0d2R_Hwq3Tq2mv0G4qw	Modern Synth-Pop Grooves
Blue Monday	Sebastian Bohm	Blue Monday	INDIFFERENT	yLv564NOd24	MPREb_7pWE75aQjut	UCHV8AOAAeYv8g_QFRcwoUGw	Modern Synth-Pop Grooves
Too Good Too Bad	Seatbelts	COWBOY BEBOP (Original Motion Picture Soundtrack)	INDIFFERENT	6q7mtr4cWyo	MPREb_asHLU4Jr7nQ	UCFhMA8ygjzH72UqPf7PmlUg	Modern Synth-Pop Grooves
Talk	Say Yes Dog	Plastic Love	INDIFFERENT	CTq2_Qwl82k	MPREb_nmVOWJ8my4b	UC9pO4EYBLBbjYWxnVhulQMw	Modern Synth-Pop Grooves
Piccadilly Circus	Sarah Schachner	Call of Duty®: Modern Warfare (Original Game Soundtrack)	INDIFFERENT	bZ2UB_c1xII	MPREb_wjBWt9v3bC3	UCrnmS9kOjwdy1d5FYvZ6f2w	Modern Synth-Pop Grooves
Modern Warfare Main Theme	Sarah Schachner	Call of Duty®: Modern Warfare (Original Game Soundtrack)	INDIFFERENT	QwqnapfmrKE	MPREb_wjBWt9v3bC3	UCrnmS9kOjwdy1d5FYvZ6f2w	Modern Synth-Pop Grooves
Ezio's Family (Origins Version)	Sarah Schachner	Assassin's Creed Origins (Original Game Soundtrack)	INDIFFERENT	rf3LEgUB-r8	MPREb_JVYteR17jU0	UCrnmS9kOjwdy1d5FYvZ6f2w	Modern Synth-Pop Grooves
Assassin's Creed Origins Main Theme	Sarah Schachner	Assassin's Creed Origins (Original Game Soundtrack)	INDIFFERENT	OnOtSEYulbE	MPREb_JVYteR17jU0	UCrnmS9kOjwdy1d5FYvZ6f2w	Modern Synth-Pop Grooves
Zenitsu Theme (from 'Demon Slayer')	Samuel Kim	Zenitsu Theme (from 'Demon Slayer')	INDIFFERENT	fA3DkzsIBsk	MPREb_ITED3yyzBYS	UC5LMr1oW9sZp5DVK9xr_k9A	Modern Synth-Pop Grooves
Weather Report Theme	Samuel Kim	Weather Report Theme	INDIFFERENT	5pqm2E5aMVw	MPREb_6BeC5fkzn7s	UC5LMr1oW9sZp5DVK9xr_k9A	Modern Synth-Pop Grooves
The Very Very Very Strongest - Epic Version (from 'One Piece')	Samuel Kim	The Very Very Very Strongest - Epic Version (from 'One Piece')	INDIFFERENT	7t_Xb-bFi8U	MPREb_8UwoThE5jcK	UC5LMr1oW9sZp5DVK9xr_k9A	Modern Synth-Pop Grooves
The Batman Theme - Epic Version	Samuel Kim	The Batman Theme - Epic Version	INDIFFERENT	ECDTWBEmaok	MPREb_BTzNwYPQYaV	UC5LMr1oW9sZp5DVK9xr_k9A	Modern Synth-Pop Grooves
Targaryen Theme (Epic Version)	Samuel Kim	Targaryen Theme (Epic Version)	INDIFFERENT	Wrq7VsjSPWM	MPREb_eeivmLqRBc6	UC5LMr1oW9sZp5DVK9xr_k9A	Modern Synth-Pop Grooves
Order 66 Theme - Epic Version	Samuel Kim	Star Wars: The Clone Wars Tribute	INDIFFERENT	v-ClgK3_z3k	MPREb_CE17wR0ZEPa	UC5LMr1oW9sZp5DVK9xr_k9A	Modern Synth-Pop Grooves
I'm So Sorry (Anakin's Betrayal)	Samuel Kim	Star Wars: The Clone Wars Tribute	INDIFFERENT	RcSAqLqw1CY	MPREb_CE17wR0ZEPa	UC5LMr1oW9sZp5DVK9xr_k9A	Modern Synth-Pop Grooves
One Piece x Pirates of The Caribbean	Samuel Kim	One Piece x Pirates of The Caribbean	INDIFFERENT	mtoolzCy6wA	MPREb_rSPcGDRL8yv	UC5LMr1oW9sZp5DVK9xr_k9A	Modern Synth-Pop Grooves
The Force Theme x Main Theme	Samuel Kim	Obi-Wan Kenobi: Epic Collection	INDIFFERENT	GWxa_oJSaEI	MPREb_WzS3S96xG5s	UC5LMr1oW9sZp5DVK9xr_k9A	Modern Synth-Pop Grooves
Loki Main Theme	Samuel Kim	Loki: Epic Collection	INDIFFERENT	EV8agkbjwOQ	MPREb_f3A283VVMeJ	UC5LMr1oW9sZp5DVK9xr_k9A	Modern Synth-Pop Grooves
Loki Main Theme	Samuel Kim	Loki: Epic Collection	INDIFFERENT	EV8agkbjwOQ	MPREb_f3A283VVMeJ	UC5LMr1oW9sZp5DVK9xr_k9A	Modern Synth-Pop Grooves
Kakyoin Theme (Epic Version)	Samuel Kim	Kakyoin Theme (Epic Version)	INDIFFERENT	TLlhxXUOIH4	MPREb_ppcVVwR0uKg	UC5LMr1oW9sZp5DVK9xr_k9A	Modern Synth-Pop Grooves
Jotaro Theme - Epic Version (Stardust Crusaders)	Samuel Kim	Jotaro Theme - Epic Version (Stardust Crusaders)	INDIFFERENT	c6Dgzh2Cwyw	MPREb_7ldA9X6oWzl	UC5LMr1oW9sZp5DVK9xr_k9A	Modern Synth-Pop Grooves
Josuke Theme - Epic Version (Diamond is Unbreakable)	Samuel Kim	Josuke Theme - Epic Version (Diamond is Unbreakable)	INDIFFERENT	wtGOXMNu58c	MPREb_MelIeuLAOyV	UC5LMr1oW9sZp5DVK9xr_k9A	Modern Synth-Pop Grooves
Jonathan Joestar Theme (Fukutsu Mushinno Sakebi)	Samuel Kim	Jonathan Joestar Theme (Fukutsu Mushinno Sakebi)	INDIFFERENT	BZHmKW17QGk	MPREb_n3Bj87TI5CI	UC5LMr1oW9sZp5DVK9xr_k9A	Modern Synth-Pop Grooves
Jolyne Theme (from 'Stone Ocean')	Samuel Kim	Jolyne Theme (from 'Stone Ocean')	INDIFFERENT	NKMtOxiiejA	MPREb_bQNy9ag3TeB	UC5LMr1oW9sZp5DVK9xr_k9A	Modern Synth-Pop Grooves
Joseph Joestar Theme (Overdrive)	Samuel Kim	Jojo's Bizarre Adventure: Epic Collection	INDIFFERENT	Jb5ei5QAI60	MPREb_GWhvhbDJwmr	UC5LMr1oW9sZp5DVK9xr_k9A	Modern Synth-Pop Grooves
Johnny Joestar Theme (Steel Ball Run Unofficial Theme)	Samuel Kim	Johnny Joestar Theme (Steel Ball Run Unofficial Theme)	INDIFFERENT	5AuiutroRuU	MPREb_KHSGHowvBuK	UC5LMr1oW9sZp5DVK9xr_k9A	Modern Synth-Pop Grooves
Stroheim Theme (Propaganda)	Samuel Kim	JoJo's Bizarre Adventure: Epic Collection, Vol. 2	INDIFFERENT	mrNjegKcQjk	MPREb_ULgkrSf3OvL	UC5LMr1oW9sZp5DVK9xr_k9A	Modern Synth-Pop Grooves
Pillar Men Theme (Awaken)	Samuel Kim	JoJo's Bizarre Adventure: Epic Collection, Vol. 2	INDIFFERENT	MAdnZljxfWQ	MPREb_ULgkrSf3OvL	UC5LMr1oW9sZp5DVK9xr_k9A	Modern Synth-Pop Grooves
Giorno's Theme - Epic Version	Samuel Kim	Giorno's Theme: Epic Collection	INDIFFERENT	eiiX1B4tjIg	MPREb_EN6uiNiiksu	UC5LMr1oW9sZp5DVK9xr_k9A	Modern Synth-Pop Grooves
Tengen vs Gyutaro Final Fight Theme	Samuel Kim	Demon Slayer: Epic Collection Vol.3	INDIFFERENT	GyoarXmBNoo	MPREb_1UMIdFmrxT9	UC5LMr1oW9sZp5DVK9xr_k9A	Modern Synth-Pop Grooves
Akaza vs Rengoku Theme	Samuel Kim	Demon Slayer: Epic Collection	INDIFFERENT	N6PwCFNtRYQ	MPREb_OCkZY3kRfOk	UC5LMr1oW9sZp5DVK9xr_k9A	Modern Synth-Pop Grooves
Akaza vs Rengoku Theme	Samuel Kim	Demon Slayer: Epic Collection	INDIFFERENT	N6PwCFNtRYQ	MPREb_OCkZY3kRfOk	UC5LMr1oW9sZp5DVK9xr_k9A	Modern Synth-Pop Grooves
Akaza vs Rengoku Theme	Samuel Kim	Demon Slayer: Epic Collection	INDIFFERENT	N6PwCFNtRYQ	MPREb_OCkZY3kRfOk	UC5LMr1oW9sZp5DVK9xr_k9A	Modern Synth-Pop Grooves
Bloody Tears - Epic Version (from 'Castlevania')	Samuel Kim	Bloody Tears - Epic Version (from 'Castlevania')	INDIFFERENT	w5ZXo8-Kb-M	MPREb_I38DgtvcAeG	UC5LMr1oW9sZp5DVK9xr_k9A	Modern Synth-Pop Grooves
The Cost of Freedom (0sk x Ashes on The Fire)	Samuel Kim	Attack on Titan: Final Season Tribute	INDIFFERENT	a4PiXgTIgmM	MPREb_b4yddAhRuKH	UC5LMr1oW9sZp5DVK9xr_k9A	Modern Synth-Pop Grooves
0sk V2	Samuel Kim	Attack on Titan: Epic Collection, Vol. 4	INDIFFERENT	6Gp8vypc5S4	MPREb_0v7Pb3qQVoj	UC5LMr1oW9sZp5DVK9xr_k9A	Modern Synth-Pop Grooves
Before Lights Out (APETITAN)	Samuel Kim	Attack on Titan: Epic Collection	INDIFFERENT	EVPiegTlzlM	MPREb_jg0IkXdOpyA	UC5LMr1oW9sZp5DVK9xr_k9A	Modern Synth-Pop Grooves
Ashes on The Fire	Samuel Kim	Ashes on The Fire	INDIFFERENT	YLYwownBY04	MPREb_XBkACyT6xwa	UC5LMr1oW9sZp5DVK9xr_k9A	Modern Synth-Pop Grooves
What's Up Danger (Epic Orchestral Remix)	Samuel Kim		INDIFFERENT	nKit8iJu3os		UC5LMr1oW9sZp5DVK9xr_k9A	Modern Synth-Pop Grooves
THE BATMAN - Main Trailer Music 'Something In The Way'	Samuel Kim		INDIFFERENT	Y_PCjw5WKpo		UC5LMr1oW9sZp5DVK9xr_k9A	Modern Synth-Pop Grooves
Jujutsu Kaisen: Gojo Satoru Hollow Purple Theme | EPIC VERSION (Besto Quality Remix)	Samuel Kim		INDIFFERENT	iwG36P3_sYo		UC5LMr1oW9sZp5DVK9xr_k9A	Modern Synth-Pop Grooves
Erin vs Jaw Titan Theme	Samuel Kim		INDIFFERENT	xPnGv-Fsyi8		UC5LMr1oW9sZp5DVK9xr_k9A	Modern Synth-Pop Grooves
Elden Ring Main Theme (The Final Battle) | EPIC VERSION	Samuel Kim		INDIFFERENT	N2p_JFF4lR0		UC5LMr1oW9sZp5DVK9xr_k9A	Modern Synth-Pop Grooves
Attack on Titan Theme	Samuel Kim		INDIFFERENT	D6TtASxc6d4		UC5LMr1oW9sZp5DVK9xr_k9A	Modern Synth-Pop Grooves
WWE: 'The Game' ► Triple H 17th Theme Song	Saint		INDIFFERENT	FYmm5YQSv2I		UC_7QvKKgdQjgwJzsTbt7PVw	Modern Synth-Pop Grooves
WWE: 'Sky's the Limit' ► Sasha Banks 5th Theme Song	Saint		INDIFFERENT	OjpRDmXoyMk		UC_7QvKKgdQjgwJzsTbt7PVw	Modern Synth-Pop Grooves
WWE: 'I Walk Alone' ► Batista 4th Theme Song	Saint		INDIFFERENT	l6SOYlunc88		UC_7QvKKgdQjgwJzsTbt7PVw	Modern Synth-Pop Grooves
WWE: 'I Walk Alone' ► Batista 4th Theme Song	Saint		INDIFFERENT	l6SOYlunc88		UC_7QvKKgdQjgwJzsTbt7PVw	Modern Synth-Pop Grooves
Sola Gratia (Pt. 1)	SQÜRL	Only Lovers Left Alive (Original Motion Picture Soundtrack)	INDIFFERENT	0qDnMLEQ98M	MPREb_yg2t7SqeN2p	UCQCtt0b4Z-fhnOWOMocMwnQ	Modern Synth-Pop Grooves
Laurence, the First Vicar	SIE Sound Team	Bloodborne the Old Hunters Original Soundtrack	INDIFFERENT	Q_pHph2quWk	MPREb_zUWElCDK3wY	UCgdD83ZDWAi912jv_BjNVTA	Modern Synth-Pop Grooves
The First Hunter	SIE Sound Team	Bloodborne Original Soundtrack	INDIFFERENT	fYeatUew9yk	MPREb_9epD2Ovhjxx	UCgdD83ZDWAi912jv_BjNVTA	Modern Synth-Pop Grooves
Vibe Like This	SG Lewis	Vibe Like This	INDIFFERENT	6FN7RlX48nE	MPREb_gbYBWADDKne	UCOQJ3PINtnlAv84pSzgv4cg	Modern Synth-Pop Grooves
Friday Night	SEGA/稲毛 謙介(TEMPEST STUDIO)/荒井 善博	龍が如く0 誓いの場所 オリジナルサウンドトラック Side B	INDIFFERENT	SaNmV7Sx5_M	MPREb_htrS52VzU9A	UC5yJjgq7KmIHvONyN1Awmug	Modern Synth-Pop Grooves
怨魔の契り	SEGA/庄司 英徳	龍が如く0 誓いの場所 オリジナルサウンドトラック Side A	INDIFFERENT	7FPjMy6crU8	MPREb_ggjpYjIP3gK	UC5yJjgq7KmIHvONyN1Awmug	Modern Synth-Pop Grooves
Find Your Flame (feat. Kellin Quinn & Tyler Smyth)	SEGA SOUND TEAM	Sonic Frontiers Original Soundtrack Stillness & Motion	INDIFFERENT	4gzIL8_G4Xs	MPREb_lgP9RmgB71t	UC5yJjgq7KmIHvONyN1Awmug	Modern Synth-Pop Grooves
Break Through It All (feat. Kellin Quinn)	SEGA SOUND TEAM	Sonic Frontiers Original Soundtrack Stillness & Motion	INDIFFERENT	AzSIuBwPAKs	MPREb_lgP9RmgB71t	UC5yJjgq7KmIHvONyN1Awmug	Modern Synth-Pop Grooves
恋のディスコクイーン	SEGA	龍が如く0 誓いの場所 オリジナルサウンドトラック Side B	INDIFFERENT	7HRDMK-ibTc	MPREb_htrS52VzU9A	UC5yJjgq7KmIHvONyN1Awmug	Modern Synth-Pop Grooves
Super Sonic Racing	SEGA	Sonic R Original Soundtrack	INDIFFERENT	qoNHGngO65U	MPREb_56BNYnFPNFu	UC5yJjgq7KmIHvONyN1Awmug	Modern Synth-Pop Grooves
Resort Island : Can You Feel The Sunshine?	SEGA	Sonic R Original Soundtrack	INDIFFERENT	XWoekUxnZ7w	MPREb_56BNYnFPNFu	UC5yJjgq7KmIHvONyN1Awmug	Modern Synth-Pop Grooves
Radical City : Living In The City	SEGA	Sonic R Original Soundtrack	INDIFFERENT	VO7OwIhfBjE	MPREb_56BNYnFPNFu	UC5yJjgq7KmIHvONyN1Awmug	Modern Synth-Pop Grooves
Radical City : Living In The City	SEGA	Sonic R Original Soundtrack	INDIFFERENT	VO7OwIhfBjE	MPREb_56BNYnFPNFu	UC5yJjgq7KmIHvONyN1Awmug	Modern Synth-Pop Grooves
Windmill Isle - Day	SEGA	SONIC WORLD ADVENTURE ORIGINAL SOUNDTRACK PLANETARY PIECES Vol. 1	INDIFFERENT	wOrSLnjfJGw	MPREb_Z5qXROuCoTN	UC5yJjgq7KmIHvONyN1Awmug	Modern Synth-Pop Grooves
Sonic Boom	SEGA	SONIC THE HEDGEHOG CD Original Soundtrack 20th Anniversary Edition	INDIFFERENT	WMGM0WdN9jw	MPREb_DTRWszJdgR8	UC5yJjgq7KmIHvONyN1Awmug	Modern Synth-Pop Grooves
M@GICAL☆CURE! LOVE SHOT! - M@GICAL CURE! LOVE SHOT! (feat. Hatsune Miku)	SAWTOWNE	M@GICAL CURE! LOVE SHOT!	INDIFFERENT	17JZKJlx5uI	MPREb_FOBPpBVGYq2	UC2cUfTntum9HJa0kkG0butQ	Modern Synth-Pop Grooves
Never Fade Away (feat. Refused)	SAMURAI	Never Fade Away	INDIFFERENT	6IdMp-H9vhA	MPREb_YbOZAcqLyL9	UCGmnHokkmF7uCyinLcxvSsQ	Modern Synth-Pop Grooves
The Rest of My Days	S+C+A+R+R	The Rest of My Days	INDIFFERENT	thiduK2TWCo	MPREb_zHgyc4FoyFP	UCfu83s2HxcHSfpmUVPJFu7w	Modern Synth-Pop Grooves
Innerbloom	RÜFÜS DU SOL	Bloom	INDIFFERENT	Gt2wnz7oTwo	MPREb_pD2RrpJkvFj	UC29fOlrXpIg8xhmrSS2phUw	Modern Synth-Pop Grooves
Loneliness	Ryuichi Sakamoto	The Sheltering Sky (Original Soundtrack)	INDIFFERENT	1Is0rIxXRSk	MPREb_yV2157RhUN5	UCfWELfxrSN1ryuNWZtXqR3g	Modern Synth-Pop Grooves
Feel Better	Rush Midnight	Feel Better	INDIFFERENT	58iF6fTSYsA	MPREb_n6iQ6rukZc9	UCmXTRfzPq5l_hl-gmeI5nZg	Modern Synth-Pop Grooves
Wonder Woman's Wrath	Rupert Gregson-Williams	Wonder Woman (Original Motion Picture Soundtrack)	INDIFFERENT	JFDY-RFV_OM	MPREb_ogvlS7OPIP0	UCP8G9AEVnpVx0cV8Wp_gVVw	Modern Synth-Pop Grooves
Hacia el Fondo	Rubio	I	INDIFFERENT	W8Op12k0vM0	MPREb_RcQGL6PoXwH	UCciW7qvUK5molS0SiZE4f4A	Modern Synth-Pop Grooves
The Realness (feat. Eric Kupper) (feat. Eric Kupper)	RuPaul	Realness	INDIFFERENT	wK6WdCrHt6w	MPREb_kmzKCAp80Cv	UCUDA7kFB8wuzAmz_6UjEfaw	Modern Synth-Pop Grooves
Sky Queen	Rose Rose	Sky Queen	INDIFFERENT	s8vXfiUekFk	MPREb_ehdYfMKBvXY	UCAkMM6cJTY45575q7QBicBA	Modern Synth-Pop Grooves
I Really Want to Stay at Your House	Rosa Walton	Cyberpunk 2077: Radio, Vol. 2 (Original Soundtrack)	INDIFFERENT	Rbgw_rduQpM	MPREb_XFB3PAEm0ew	UCnr25oMXVEsTCqX33pc1pVA	Modern Synth-Pop Grooves
I Really Want to Stay at Your House	Rosa Walton	Cyberpunk 2077: Radio, Vol. 2 (Original Soundtrack)	INDIFFERENT	Rbgw_rduQpM	MPREb_XFB3PAEm0ew	UCnr25oMXVEsTCqX33pc1pVA	Modern Synth-Pop Grooves
maybe i should kill myself	Root Canal Years	why couldn't you just kill me	INDIFFERENT	VVpGFLbdjP0	MPREb_NJeCM0ozM2Z	UCTrQ8R0q6gNZ-Ska2_8zhOg	Modern Synth-Pop Grooves
Shadows	Roosevelt	Young Romance (Deluxe)	INDIFFERENT	e82LOnq6WSk	MPREb_AKenubD7wIj	UC7jTDrwBF4FNMX_zzaIC5mQ	Modern Synth-Pop Grooves
Strangers (Midnight Version)	Roosevelt	Polydans (Midnight Versions)	INDIFFERENT	5yAl-jncfQ8	MPREb_97NwpCnsl14	UC7jTDrwBF4FNMX_zzaIC5mQ	Modern Synth-Pop Grooves
Passion (feat. Nile Rodgers)	Roosevelt	Passion (feat. Nile Rodgers)	INDIFFERENT	7JpV3QkWuBw	MPREb_bP9ug9vEnoE	UC7jTDrwBF4FNMX_zzaIC5mQ	Modern Synth-Pop Grooves
Dexter Main Title	Rolfe Kent	Dexter: Season 1	INDIFFERENT	EL6hk7TEzWI	MPREb_8QE5P1x2cav	UCmMUKIklNoFDp0tJHynE33Q	Modern Synth-Pop Grooves
Samosas & Kingfishers	Robby Krieger	Robby Krieger & The Soul Savages	INDIFFERENT	axdt4FuiB5Y	MPREb_tdBRlOxldjd	UCnyJ6K13lSQCvXRHiAUBDQQ	Modern Synth-Pop Grooves
Rain	Rob Scallon	Rob Scallon	INDIFFERENT	nWaUsi3c_L4	MPREb_XGBPu004elM	UCqop3wB6IuFNr0tl_zGpi_w	Modern Synth-Pop Grooves
Furious Angels (Instrumental)	Rob Dougan	The Matrix Reloaded: The Album	INDIFFERENT	9GCjRXUICac	MPREb_CV1Zar41isM	UCL7m8Z4rXpr_wx6CgBa8vlw	Modern Synth-Pop Grooves
Chateau	Rob Dougan	The Matrix Reloaded: The Album	INDIFFERENT	KCNOe7s1lD0	MPREb_CV1Zar41isM	UCL7m8Z4rXpr_wx6CgBa8vlw	Modern Synth-Pop Grooves
Clubbed to Death (Kurayamino Variation)	Rob Dougan	Furious Angels (2 CD Set-Enhanced)	INDIFFERENT	OwGuSPXPyX4	MPREb_AG2hhG4GuhF	UCL7m8Z4rXpr_wx6CgBa8vlw	Modern Synth-Pop Grooves
Mountain Top	Rio Kosta	Mountain Top	INDIFFERENT	LwCVyfJgqOg	MPREb_CDrnqPx6bSj	UCIYXt5nYpB52oAfFZLv9NFQ	Modern Synth-Pop Grooves
On Saturday Afternoons in 1963	Rickie Lee Jones	Rickie Lee Jones	INDIFFERENT	VBa0f2rztAE	MPREb_fcHeCm2yeuy	UC3SWdbkadpW9FLpDISOTgPA	Modern Synth-Pop Grooves
Crumb - Better (Bonus Track)	Rick Ngo		INDIFFERENT	zerW-jbIpQs		UCc_Sm2wubGb4pbMNrns95Ng	Modern Synth-Pop Grooves
Real American	Rick Derringer	Playlist: The Very Best of Rick Derringer	INDIFFERENT	sPO5lbFnulE	MPREb_f67Cgasr6vf	UCtz0SfGJLLrbHD-q7UG6euQ	Modern Synth-Pop Grooves
3 Days	Rhye	Woman	INDIFFERENT	cmRbTjKKxmU	MPREb_t9kedPyUvz9	UCO3bfi6sSorqa0p7Wu_s1DA	Modern Synth-Pop Grooves
The Fall	Rhye	The Fall	INDIFFERENT	K4TbO2UQxdQ	MPREb_V7Hrqg0j67R	UCO3bfi6sSorqa0p7Wu_s1DA	Modern Synth-Pop Grooves
Summer Days (Roosevelt Remix) (feat. Roosevelt)	Rhye	Summer Days (Roosevelt Remix)	INDIFFERENT	Pat8bz7RsfM	MPREb_HAxTIY6O0js	UCO3bfi6sSorqa0p7Wu_s1DA	Modern Synth-Pop Grooves
Come In Closer	Rhye	Home	INDIFFERENT	QyCNUAVjmsA	MPREb_ZPmfNpMzLxn	UCO3bfi6sSorqa0p7Wu_s1DA	Modern Synth-Pop Grooves
Mountain Hymn	Rhiannon Giddens	The Music of Red Dead Redemption 2 (Original Soundtrack)	INDIFFERENT	0ME7x7_blf8	MPREb_m0ZB0PFtmng	UCCqyrsbVUeY1Jnfpu4K5uzA	Modern Synth-Pop Grooves
Genocide	RetroSpecter	Genocide	INDIFFERENT	FM-vL_iiZ84	MPREb_RvdmxDhmPQK	UCgzM76sw60C2bvCpZP35l_w	Modern Synth-Pop Grooves
Grace Cathedral Park	Red House Painters	Red House Painters I	INDIFFERENT	XWMCkyAHOSs	MPREb_DQq6pUaYzsO	UCbPBW6lEy0hvtwL3cKTm9_g	Modern Synth-Pop Grooves
Plantera (from 'Terraria')	Re-Logic	Terraria, Vol. 2 (Soundtrack)	INDIFFERENT	sfoKu6BvWUs	MPREb_RwOj47pI8dS	UCNYFrMY65yCXeIib7klpMwQ	Modern Synth-Pop Grooves
Boss2	Re-Logic	Terraria (Soundtrack)	INDIFFERENT	Dz3tP8IVhFY	MPREb_FSO2DJeftqJ	UCNYFrMY65yCXeIib7klpMwQ	Modern Synth-Pop Grooves
Pacific Rim (feat. Tom Morello)	Ramin Djawadi	Pacific Rim (Soundtrack from Warner Bros. Pictures and Legendary Pictures)	INDIFFERENT	pnFdDqSDRDE	MPREb_6Vn2ov0TYOG	UCvV2r2DeuALi2RprU-J53EA	Modern Synth-Pop Grooves
The Night King	Ramin Djawadi	Game Of Thrones: Season 8 (Music from the HBO Series)	INDIFFERENT	ef-Nb3nw9hg	MPREb_yPFiB37kgFP	UCvV2r2DeuALi2RprU-J53EA	Modern Synth-Pop Grooves
Light of the Seven	Ramin Djawadi	Game Of Thrones: Season 6 (Music from the HBO Series)	INDIFFERENT	60xrQTUPies	MPREb_uVY14a5o33p	UCvV2r2DeuALi2RprU-J53EA	Modern Synth-Pop Grooves
Battlefield 4 'Warsaw' Theme	Rami	Battlefield 4 (Original Soundtrack)	INDIFFERENT	wp1o1FIt7bs	MPREb_7kp8XFPqLxN	UCaSuZMy4hF2tfkRN9zDgpLQ	Modern Synth-Pop Grooves
Miles Above	Racewall Mosquitoes	Miles Above	INDIFFERENT	o4StthCTfQE	MPREb_p5Oa8qowdl3	UCsvhhKJrupbHiKiv1GAVXZw	Modern Synth-Pop Grooves
The Final Battle (from 'Elden Ring') (feat. REVEN)	ROZEN	The Final Battle (from 'Elden Ring')	INDIFFERENT	OIkrDVrw_UU	MPREb_ccXScLy5YP1	UCkXLQC--huFmYLly6SWbHnQ	Modern Synth-Pop Grooves
The Final Battle (from 'Elden Ring') (feat. REVEN)	ROZEN	The Final Battle (from 'Elden Ring')	INDIFFERENT	OIkrDVrw_UU	MPREb_ccXScLy5YP1	UCkXLQC--huFmYLly6SWbHnQ	Modern Synth-Pop Grooves
One with You	RIO KOSTA	Unicorn	INDIFFERENT	PSfVX4lSJno	MPREb_zmsPWerqY9b	UCIYXt5nYpB52oAfFZLv9NFQ	Modern Synth-Pop Grooves
Violet Fields	RHNO	Ode to the Peculiar	INDIFFERENT	8U6U0USqE6o	MPREb_FVTQjDSk0jE	UCjXafW8sOGS0lLCwst1VYIg	Modern Synth-Pop Grooves
Who's Ready for Tomorrow	RAT BOY & IBDY	Cyberpunk 2077: Radio, Vol. 2 (Original Soundtrack)	INDIFFERENT	JVTS3fyoAEQ	MPREb_XFB3PAEm0ew		Modern Synth-Pop Grooves
Pretty Persuasion	R.E.M.	Reckoning	INDIFFERENT	vvlMCJv77V0	MPREb_rCgzrgG0jCc	UCZQMYjqm_j5mBVTfPcCy3FA	Modern Synth-Pop Grooves
Leave	R.E.M.	New Adventures In Hi-Fi	INDIFFERENT	gkoS56FJqGA	MPREb_I1aDAyYJPjX	UCZQMYjqm_j5mBVTfPcCy3FA	Modern Synth-Pop Grooves
I Never Want to See You Again	Quasi	Featuring 'Birds'	INDIFFERENT	M0por3awybQ	MPREb_nCES2enZdoc	UCT1JmNUOHu1f1RyQAiv2PcQ	Modern Synth-Pop Grooves
Mighty Morphin Power Rangers Full Theme Song	PowerRangers Brasil		INDIFFERENT	BwbHW8MeHDU		UCm3cvduc0fVCN3EwYO-DndA	Modern Synth-Pop Grooves
The Man That Got Away (From 'Pose') (feat. Billy Porter)	Pose Cast	The Man That Got Away (From 'Pose')	INDIFFERENT	yujyGsmSbRk	MPREb_KVhS48qUhRm	UC5zs5r1iWs4qvOjmj3dy3Bg	Modern Synth-Pop Grooves
Sooner or Later (From 'Pose') (feat. Dominique Jackson)	Pose Cast	Sooner or Later (From 'Pose')	INDIFFERENT	bYxadqJCvwA	MPREb_aHGh3k6Qz49	UC5zs5r1iWs4qvOjmj3dy3Bg	Modern Synth-Pop Grooves
I Feel High (with L'Impératrice)	Poolside & L'Impératrice	I Feel High (with L'Impératrice)	INDIFFERENT	Ojii6ONlvZM	MPREb_ITgs843BcRc		Modern Synth-Pop Grooves
We Could Be Falling In Love	Poolside	We Could Be Falling In Love	INDIFFERENT	IMrNMtoSwm4	MPREb_6hbmEWF2A1O	UC31l8BCauKMT4TMLPeIUOhA	Modern Synth-Pop Grooves
Getting There From Here (Instrumental) (feat. Todd Edwards & Turbotito)	Poolside	Getting There From Here (Miami Horror & Lazywax Remix)	INDIFFERENT	8cupEpmZjlk	MPREb_6Z2OKf34ptQ	UC31l8BCauKMT4TMLPeIUOhA	Modern Synth-Pop Grooves
Around The Sun	Poolside	Around The Sun	INDIFFERENT	hnmzqMuWBWI	MPREb_fUJN49MxGmz	UC31l8BCauKMT4TMLPeIUOhA	Modern Synth-Pop Grooves
Plage isolée (soleil levant)	Polo & Pan	Plage isolée	INDIFFERENT	sbwKvYbbk0c	MPREb_rGT7Eg9Gdp9	UC4KKov_xp4Os4PAnVr28YUQ	Modern Synth-Pop Grooves
From a World to Another	Polo & Pan	From a World to Another	INDIFFERENT	witcbiqZILc	MPREb_tigxmEa6Tsu	UC4KKov_xp4Os4PAnVr28YUQ	Modern Synth-Pop Grooves
Feel Good	Polo & Pan	Feel Good	INDIFFERENT	1SjZA9ycxNw	MPREb_RsGwq1Nuget	UC4KKov_xp4Os4PAnVr28YUQ	Modern Synth-Pop Grooves
Les jolies choses	Polo & Pan	Cyclorama	INDIFFERENT	dYzrlw-z6zI	MPREb_k5L02gSaD5O	UC4KKov_xp4Os4PAnVr28YUQ	Modern Synth-Pop Grooves
Nagori (feat. Vico)	Polo & Pan	Carrossel Do Tempo	INDIFFERENT	k-VXaqmsEG4	MPREb_IVv5wyrcXhc	UC4KKov_xp4Os4PAnVr28YUQ	Modern Synth-Pop Grooves
Zoom Zoom	Polo & Pan	Caravelle (Deluxe)	INDIFFERENT	W1HjYq5_bno	MPREb_gnAYl3xLhUZ	UC4KKov_xp4Os4PAnVr28YUQ	Modern Synth-Pop Grooves
Canopée	Polo & Pan	Caravelle	INDIFFERENT	TkIHG59Q3nY	MPREb_iyJ9gNOIIF9	UC4KKov_xp4Os4PAnVr28YUQ	Modern Synth-Pop Grooves
Laszlo	Polo & Pan	22:22	INDIFFERENT	_auqQnZLrxQ	MPREb_lcg9bUj8Iwt	UC4KKov_xp4Os4PAnVr28YUQ	Modern Synth-Pop Grooves
One Piece - Katakuri's Theme	PokéMixr92	One Piece - Katakuri's Theme	INDIFFERENT	KjwFbfzqmHk	MPREb_d7XQ5FFmfgO	UC9cg95HItKuegqczJ0EbfEA	Modern Synth-Pop Grooves
The City Must Survive	Piotr Musiał	Frostpunk (Original Soundtrack)	INDIFFERENT	oVZ9nRAFR8s	MPREb_gqLy1NIRtJq	UCxlvMfFjpqrfgpIfvdOppZw	Modern Synth-Pop Grooves
That Was A Dream	Pino Palladino	That Wasn't A Dream	INDIFFERENT	8nY7TOnEdb8	MPREb_QQ5ygSMFXXq	UCyJ-ZspMHWR2HY9dp4GM-6Q	Modern Synth-Pop Grooves
Stateside + Zara Larsson (feat. Zara Larsson)	PinkPantheress	Fancy Some More?	INDIFFERENT	iHsObIWkM-s	MPREb_bCkPTX7O1iC	UCIl91Kkscr0sc2pqg9WwYwA	Modern Synth-Pop Grooves
Side 2, Pt. 4: Anisina	Pink Floyd	The Endless River	INDIFFERENT	-OPFydOWF90	MPREb_STUMqNr7uoS	UCO6LS_5W7vqG9mALDNzSFug	Modern Synth-Pop Grooves
Sender	Pinback	Summer in Abaddon	INDIFFERENT	F4FPdNf32ik	MPREb_IKif6E7wxxv	UCGqzf-lYPzt5jXGpzkQqu5w	Modern Synth-Pop Grooves
Offline P.K.	Pinback	Blue Screen Life	INDIFFERENT	yPH27P6O2S8	MPREb_qsLN0h1Pfh9	UCGqzf-lYPzt5jXGpzkQqu5w	Modern Synth-Pop Grooves
Touch	Pillar Point	Pillar Point	INDIFFERENT	82Howx_x7js	MPREb_siAd2HPjG92	UCW8dM3Ek6NIg6pzc8p_5qfQ	Modern Synth-Pop Grooves
Underground	Pillar Point	Marble Mouth	INDIFFERENT	x_-pQKw99ik	MPREb_C9DdNNrZwXm	UCW8dM3Ek6NIg6pzc8p_5qfQ	Modern Synth-Pop Grooves
Part Time Love	Pillar Point	Marble Mouth	INDIFFERENT	O6OoxJBBPkg	MPREb_C9DdNNrZwXm	UCW8dM3Ek6NIg6pzc8p_5qfQ	Modern Synth-Pop Grooves
Lafayette	Pillar Point	Marble Mouth	INDIFFERENT	XDDvzUfNRyI	MPREb_C9DdNNrZwXm	UCW8dM3Ek6NIg6pzc8p_5qfQ	Modern Synth-Pop Grooves
Dreamin'	Pillar Point	Diamond Mine	INDIFFERENT	UuXaiDS66sA	MPREb_ZYP1Vew7XEY	UCW8dM3Ek6NIg6pzc8p_5qfQ	Modern Synth-Pop Grooves
Song for Denise (Maxi)	Piano Fantasia	Maxis 80, Programme 18/25 (Les meilleurs maxi 45T des années 80)	INDIFFERENT	c3n1-7U1s9U	MPREb_kSqqQzFdzXc	UC7kBFCIfbP3ssggF2gY73fg	Modern Synth-Pop Grooves
Heatwave	Phoenix	Heatwave	INDIFFERENT	uc-D4u8clLk	MPREb_yl6zFfK1mfz	UCAoGVyUtK3AHYwjJ0xDFbFw	Modern Synth-Pop Grooves
Accelerant (FNF ONLINE VS. (Hank Challenge Song)	Philiplol	Accelerant (FNF ONLINE VS. (Hank Challenge Song)	INDIFFERENT	41k7KHz01EI	MPREb_UjuXOYqBayR	UCVGAyOSmg4VemlklE3TJGRQ	Modern Synth-Pop Grooves
Double Life (From 'Despicable Me 4')	Pharrell Williams	Double Life (From 'Despicable Me 4')	INDIFFERENT	HPrNFRWpGHw	MPREb_onF0tVIyxiQ	UCJw8VyO6e3v6S0327AsgwcQ	Modern Synth-Pop Grooves
Sukuna vs Mahoraga 'Jujutsu Kaisen Season 2'	Pharozen	Sukuna vs Mahoraga 'Jujutsu Kaisen Season 2'	INDIFFERENT	k3sfucSEFQM	MPREb_TKmWdI6zBk6	UC3c-ZHraOKc3SPWHe-vnfuw	Modern Synth-Pop Grooves
Earthshaker	Phantogram	Memory Of A Day (Deluxe)	INDIFFERENT	0Zi-3WyPkMo	MPREb_iDbUdOiH2Yq	UCUslN5d3K5iQ7s65GNPrjQQ	Modern Synth-Pop Grooves
If You Don't Love Me (I'll Kill Myself)	Pete Droge	Necktie Second	INDIFFERENT	qLooUFaFRlQ	MPREb_z7IJKiONy4q	UCt55-QGeh2Z5304MWOKgd0A	Modern Synth-Pop Grooves
Silver For Monsters...	Percival Schuttenbach	The Witcher 3: Wild Hunt	INDIFFERENT	jRG0gyVFP60	MPREb_qkiQROFbEXo	UCtjuLZlr0G0Z_z4nIbyx-Mw	Modern Synth-Pop Grooves
...Steel For Humans	Percival	Wiedźmin 3: Dziki Gon	INDIFFERENT	uqp4Jc-XkCw	MPREb_a0WCXZuqwXe	UCgg7hJHTd2EyJRn0wIX_7TQ	Modern Synth-Pop Grooves
Old Room	Pencil Legs	Pencil Legs	INDIFFERENT	TuwJBZEoWzw	MPREb_7agdy7NJ8yS	UCVWhon94HUfAXA49BaMdv1w	Modern Synth-Pop Grooves
The Obvious Child	Paul Simon	The Rhythm Of The Saints	INDIFFERENT	ikjAJZ9wMPE	MPREb_EZx63QC6s9e	UCocuTnrwKDhXqwr6Kv-T4_Q	Modern Synth-Pop Grooves
Born at the Right Time	Paul Simon	The Rhythm Of The Saints	INDIFFERENT	9A8YFbMe3SI	MPREb_EZx63QC6s9e	UCocuTnrwKDhXqwr6Kv-T4_Q	Modern Synth-Pop Grooves
Once Upon a Time There Was an Ocean	Paul Simon	Surprise	INDIFFERENT	ulpwQC0twdU	MPREb_Jm6urctekmO	UCocuTnrwKDhXqwr6Kv-T4_Q	Modern Synth-Pop Grooves
Patagonia	Patawawa	Patagonia	INDIFFERENT	3RYayFpdSjs	MPREb_fk7wrOAOLNv	UC9irDxHvU2pSnk32QHFhItQ	Modern Synth-Pop Grooves
It's Not My Fault, I'm Happy	Passion Pit	Gossamer	INDIFFERENT	4ibirZTVXb4	MPREb_xQihL5aXYdZ	UCu2RsGHaGIWwQbBgYaxcdvg	Modern Synth-Pop Grooves
I Didn't Know	Part Time	Spell #6	INDIFFERENT	dSxa9Aj1t-M	MPREb_oDMmnoJcgJ9	UCiYkJeueacfKs-aYICD69SQ	Modern Synth-Pop Grooves
No Boys Till Midnight	Part Time	Pda (Bonus Tracks)	INDIFFERENT	eUfpCiugp70	MPREb_n4O9QAiPWXE	UCiYkJeueacfKs-aYICD69SQ	Modern Synth-Pop Grooves
No Boys Till Midnight	Part Time	Pda (Bonus Tracks)	INDIFFERENT	eUfpCiugp70	MPREb_n4O9QAiPWXE	UCiYkJeueacfKs-aYICD69SQ	Modern Synth-Pop Grooves
Withorwithout	Parcels	Parcels	INDIFFERENT	b_gMiEVlFts	MPREb_6Mmb9mPHOuf	UC_B1BK2QxBgrEu4o4H6i-PQ	Modern Synth-Pop Grooves
Tape	Parcels	Parcels	INDIFFERENT	jzedF-SEnkc	MPREb_6Mmb9mPHOuf	UC_B1BK2QxBgrEu4o4H6i-PQ	Modern Synth-Pop Grooves
Overnight - from Hansa Studios, Berlin	Parcels	Live Vol. 1	INDIFFERENT	ICspINBhvxE	MPREb_7DCshBFxGYe	UC_B1BK2QxBgrEu4o4H6i-PQ	Modern Synth-Pop Grooves
Gamesofluck - from Hansa Studios, Berlin	Parcels	Live Vol. 1	INDIFFERENT	s2HjBlw8izo	MPREb_7DCshBFxGYe	UC_B1BK2QxBgrEu4o4H6i-PQ	Modern Synth-Pop Grooves
Comedown - from Hansa Studios, Berlin	Parcels	Live Vol. 1	INDIFFERENT	VjHYE3-uKlw	MPREb_7DCshBFxGYe	UC_B1BK2QxBgrEu4o4H6i-PQ	Modern Synth-Pop Grooves
Bemyself - from Hansa Studios, Berlin	Parcels	Live Vol. 1	INDIFFERENT	odNAb1D5j18	MPREb_7DCshBFxGYe	UC_B1BK2QxBgrEu4o4H6i-PQ	Modern Synth-Pop Grooves
Yougotmefeeling	Parcels	LOVED	INDIFFERENT	qHHiCyT6Obc	MPREb_3R4xtwGyC6E	UC_B1BK2QxBgrEu4o4H6i-PQ	Modern Synth-Pop Grooves
Leaveyourlove	Parcels	LOVED	INDIFFERENT	aS-DrCvhZTM	MPREb_3R4xtwGyC6E	UC_B1BK2QxBgrEu4o4H6i-PQ	Modern Synth-Pop Grooves
Older	Parcels	Hideout	INDIFFERENT	TJ9glM-JMo8	MPREb_m9WkCccNBQn	UC_B1BK2QxBgrEu4o4H6i-PQ	Modern Synth-Pop Grooves
Myenemy	Parcels	Hideout	INDIFFERENT	o9XE151jDxg	MPREb_m9WkCccNBQn	UC_B1BK2QxBgrEu4o4H6i-PQ	Modern Synth-Pop Grooves
Hideout	Parcels	Hideout	INDIFFERENT	NCaGuyHfD6Q	MPREb_m9WkCccNBQn	UC_B1BK2QxBgrEu4o4H6i-PQ	Modern Synth-Pop Grooves
Allaround	Parcels	Hideout	INDIFFERENT	g3JTLCsA6Rc	MPREb_m9WkCccNBQn	UC_B1BK2QxBgrEu4o4H6i-PQ	Modern Synth-Pop Grooves
Theworstthing	Parcels	Day/Night	INDIFFERENT	uplYWyPhTio	MPREb_AxGQnxdtXBT	UC_B1BK2QxBgrEu4o4H6i-PQ	Modern Synth-Pop Grooves
Somethinggreater (Single Version)	Parcels	Day/Night	INDIFFERENT	l2_n4nRFjfE	MPREb_AxGQnxdtXBT	UC_B1BK2QxBgrEu4o4H6i-PQ	Modern Synth-Pop Grooves
Free (Single Version)	Parcels	Day/Night	INDIFFERENT	rlzZ0Xwv9FI	MPREb_AxGQnxdtXBT	UC_B1BK2QxBgrEu4o4H6i-PQ	Modern Synth-Pop Grooves
Famous (Single Version)	Parcels	Day/Night	INDIFFERENT	HXQ0Zho3dUY	MPREb_AxGQnxdtXBT	UC_B1BK2QxBgrEu4o4H6i-PQ	Modern Synth-Pop Grooves
Anotherclock	Parcels	Anotherclock	INDIFFERENT	NtASA3eeLSM	MPREb_cWtVnNkA8O4	UC_B1BK2QxBgrEu4o4H6i-PQ	Modern Synth-Pop Grooves
Teu Sorriso (Jex Opolis Remix)	Paraíso	Claremont 56: 10 Years, Pt. 1	INDIFFERENT	m12CVTQkEYs	MPREb_NjUSBmaP9vF	UCmihiC94raNQ2SEs2iRJZtg	Modern Synth-Pop Grooves
Impatience	Paranom	Jujutsu Kaisen (Original Television Soundtrack)	INDIFFERENT	3-HJnt5qgsI	MPREb_3zRV0LeO0B9	UCD2TgyZizLM35osNya7qm4w	Modern Synth-Pop Grooves
Sur Une Chanson En Français	Paradis	Recto Verso (Édition Augmentée)	INDIFFERENT	gW-zneXDkQo	MPREb_cnuMhvr3FWj	UCmuqkA0dOAuTpQqD8-xzidQ	Modern Synth-Pop Grooves
La Ballade De Jim	Paradis	Recto Verso (Édition Augmentée)	INDIFFERENT	6rjEuhCFJPY	MPREb_cnuMhvr3FWj	UCmuqkA0dOAuTpQqD8-xzidQ	Modern Synth-Pop Grooves
Hémisphère	Paradis	Recto Verso (Édition Augmentée)	INDIFFERENT	zPdr43lI0Bs	MPREb_cnuMhvr3FWj	UCmuqkA0dOAuTpQqD8-xzidQ	Modern Synth-Pop Grooves
Toi Et Moi	Paradis	Recto Verso	INDIFFERENT	2Hg3rNTVTRc	MPREb_i8aCepu497S	UCmuqkA0dOAuTpQqD8-xzidQ	Modern Synth-Pop Grooves
Recto Verso	Paradis	Recto Verso	INDIFFERENT	YE0-WzUOY2Q	MPREb_i8aCepu497S	UCmuqkA0dOAuTpQqD8-xzidQ	Modern Synth-Pop Grooves
Instantané	Paradis	Recto Verso	INDIFFERENT	exZ3-cYIz4I	MPREb_i8aCepu497S	UCmuqkA0dOAuTpQqD8-xzidQ	Modern Synth-Pop Grooves
Garde Le Pour Toi	Paradis	Recto Verso	INDIFFERENT	X-Iy_0Zh2Eo	MPREb_i8aCepu497S	UCmuqkA0dOAuTpQqD8-xzidQ	Modern Synth-Pop Grooves
Ferry Lady	Panda Bear	Sinister Grift	INDIFFERENT	Lc0xCZeqInc	MPREb_pwmE2BtysIp	UCB2qO9T8dkxOhIvZVqVkVcg	Modern Synth-Pop Grooves
Bros	Panda Bear	Person Pitch	INDIFFERENT	pxBvg6QSZZw	MPREb_MX339LXZ16a	UCB2qO9T8dkxOhIvZVqVkVcg	Modern Synth-Pop Grooves
'Libera Me From Hell' with subs	Paladin65536		INDIFFERENT	VT6LFOIofRE		UCl0on70zKs-kwr7oxCj1Dxg	Modern Synth-Pop Grooves
Something New	Paco Versailles	Dancemenco	INDIFFERENT	zj7CBEXgLR4	MPREb_hLT5l6zDnZB	UCBVo7auWr8hD6iy-FYwKFrw	Modern Synth-Pop Grooves
Megalith - Agnus Dei - (From ACE COMBAT 04)	PROJECT ACES	ACE COMBAT 7: SKIES UNKNOWN (Original Soundtrack)	INDIFFERENT	lYW1F7v6D-Q	MPREb_oZu2h621MV1	UCQriBENBqZMAMyI4TlLBZFQ	Modern Synth-Pop Grooves
Personal Hell	POND	Terrestrials	INDIFFERENT	USJSfopnjyY	MPREb_73GfLCMvdOq	UCV-D85RlUj_QXf3Hzx5I5dA	Modern Synth-Pop Grooves
Gate K9 (From 'Cyberpunk 2077: Phantom Liberty' Score)	P.T. Adamczyk	Cyberpunk 2077: Phantom Liberty (Original Score - Deluxe Edition)	INDIFFERENT	f96NHr_KpMU	MPREb_dGzjvK7MrAD	UCRcKXbzmmIxrpfM8w7q6hjg	Modern Synth-Pop Grooves
The Rebel Path	P.T. Adamczyk	Cyberpunk 2077 - Original Score	INDIFFERENT	EegPbRtmzXY	MPREb_NJrGPGiYSDZ	UCRcKXbzmmIxrpfM8w7q6hjg	Modern Synth-Pop Grooves
Whatever	Our Lady Peace	WWE Forceable Entry	INDIFFERENT	Ji92tnsvjIQ	MPREb_QASTmQlOVuX	UCHfOiAnU8KXGxJ-lGS2nH6g	Modern Synth-Pop Grooves
Post Cards	One Half Of Bent	Napoleon	INDIFFERENT	KDHdmFUHGik	MPREb_notgo7a10Em	UCXlr1qHWvCL0DUly0KPhtAA	Modern Synth-Pop Grooves
So Easy (To Fall In Love)	Olivia Dean	The Art of Loving	INDIFFERENT	7f_mlKlOLMo	MPREb_nd1jk6JOu9E	UC6GBKGYX6b3guHlqHLx6IzQ	Modern Synth-Pop Grooves
Man I Need	Olivia Dean	The Art of Loving	INDIFFERENT	fsGjRf-N71I	MPREb_nd1jk6JOu9E	UC6GBKGYX6b3guHlqHLx6IzQ	Modern Synth-Pop Grooves
Herald of Darkness (Video Edit) (feat. Alan Wake & Mr. Door)	Old Gods of Asgard	Herald of Darkness	INDIFFERENT	LPAttydeahg	MPREb_Qt2wxnTMoOe	UCEIcgXCWfDwWWCIuTfpv_DQ	Modern Synth-Pop Grooves
Welcome To Los Santos	Oh No	The Music of Grand Theft Auto V, Vol. 1: Original Music	INDIFFERENT	Ibaze-ZF3Vk	MPREb_9Y9sNskCW7A	UCAcRGI5NsK-qwkcrLdt5avw	Modern Synth-Pop Grooves
Cabros	Odisea	Odisea	INDIFFERENT	8_lEO9Q2P3E	MPREb_rzqEnZ7z6of	UCbECur4WXmwU64NVunCEorQ	Modern Synth-Pop Grooves
Tienaté	Nu Genea	Bar Mediterraneo	INDIFFERENT	XvmFC7-l5pA	MPREb_jZfFPBYfOZZ	UCivMVCHWiIOFzqWN2sMFz9A	Modern Synth-Pop Grooves
It's Time	Nourished by Time	The Passionate Ones	INDIFFERENT	9Lv5y-Ysc_4	MPREb_u7VdIB0QMA0	UCmpN8tdqVtHdJgmPTgG_63Q	Modern Synth-Pop Grooves
Slip	Not For Radio	Melt	INDIFFERENT	hM9JSgfh3RA	MPREb_4FNiSZMzGPA	UC7YuW7TfjZqrjDiNiP47UBg	Modern Synth-Pop Grooves
FFVII REMAKE: 闘う者達 -なんでも屋の仕事- - FFVII REMAKE: Let the Battles Begin! - A Merc's Job	Nobuo Uematsu	FINAL FANTASY VII REMAKE Original Soundtrack	INDIFFERENT	zRHiTjce9s0	MPREb_i8eZ7kq87Bk	UCZOd9KDD58MZR13UbbtdrpQ	Modern Synth-Pop Grooves
FFVII REMAKE: 闘う者達 -なんでも屋の仕事- - FFVII REMAKE: Let the Battles Begin! - A Merc's Job	Nobuo Uematsu	FINAL FANTASY VII REMAKE Original Soundtrack	INDIFFERENT	zRHiTjce9s0	MPREb_i8eZ7kq87Bk	UCZOd9KDD58MZR13UbbtdrpQ	Modern Synth-Pop Grooves
FFVII REMAKE: 爆破ミッション - FFVII REMAKE: Bombing Mission	Nobuo Uematsu	FINAL FANTASY VII REMAKE Original Soundtrack	INDIFFERENT	wdBBnB71n0o	MPREb_i8eZ7kq87Bk	UCZOd9KDD58MZR13UbbtdrpQ	Modern Synth-Pop Grooves
FFVII REMAKE: エアバスター - FFVII REMAKE: The Airbuster	Nobuo Uematsu	FINAL FANTASY VII REMAKE Original Soundtrack	INDIFFERENT	p1Q_595qu_A	MPREb_i8eZ7kq87Bk	UCZOd9KDD58MZR13UbbtdrpQ	Modern Synth-Pop Grooves
FFVII REMAKE: エアバスター - FFVII REMAKE: The Airbuster	Nobuo Uematsu	FINAL FANTASY VII REMAKE Original Soundtrack	INDIFFERENT	p1Q_595qu_A	MPREb_i8eZ7kq87Bk	UCZOd9KDD58MZR13UbbtdrpQ	Modern Synth-Pop Grooves
FFVII REMAKE: J-E-N-O-V-A ー胎動ー - FFVII REMAKE: J-E-N-O-V-A - Quickening	Nobuo Uematsu	FINAL FANTASY VII REMAKE Original Soundtrack	INDIFFERENT	2zvHLGPpkO0	MPREb_i8eZ7kq87Bk	UCZOd9KDD58MZR13UbbtdrpQ	Modern Synth-Pop Grooves
再臨:片翼の天使 ～Advent: One-Winged Angel～	Nobuo Uematsu	FINAL FANTASY VII ADVENT CHILDREN Original Soundtrack	INDIFFERENT	nNms5rOaGlk	MPREb_ZKXVtlaDWJy	UCZOd9KDD58MZR13UbbtdrpQ	Modern Synth-Pop Grooves
再臨:片翼の天使 ～Advent: One-Winged Angel～	Nobuo Uematsu	FINAL FANTASY VII ADVENT CHILDREN Original Soundtrack	INDIFFERENT	nNms5rOaGlk	MPREb_ZKXVtlaDWJy	UCZOd9KDD58MZR13UbbtdrpQ	Modern Synth-Pop Grooves
Welcome to My Parents' House	Ninja Sex Party	The Prophecy	INDIFFERENT	yil9ykPYzz8	MPREb_nylKKGjrdJf	UCrm5vLQ03XygSWCPy9pGpEA	Modern Synth-Pop Grooves
Now - Connor ((From 'Detroit:Become Human' Soundtrack))	Nima Fakhrara	Detroit: Become Human (Original Soundtrack)	INDIFFERENT	6gGLLslps-o	MPREb_4L3cK7V79sn	UCpaGvnSf4oTUdjk1WVhyBQw	Modern Synth-Pop Grooves
Now - Connor ((From 'Detroit:Become Human' Soundtrack))	Nima Fakhrara	Detroit: Become Human (Original Soundtrack)	INDIFFERENT	6gGLLslps-o	MPREb_4L3cK7V79sn	UCpaGvnSf4oTUdjk1WVhyBQw	Modern Synth-Pop Grooves
Night of Fire (Extended mix)	Niko	Bratt Sinclaire Eurobeat Style, Vol.7	INDIFFERENT	7BTWpImCDq4	MPREb_XM7rXja4zFE	UCyHKCQNtAUuAmkPlqlLwlkg	Modern Synth-Pop Grooves
Isolation	Nighthawk22	Isolation	INDIFFERENT	OmahQ9RFOPo	MPREb_Tbmkm7aPXRL	UC6ezWvIwXSf1kGCX7fkHoiw	Modern Synth-Pop Grooves
Carl Sagan	Night Moves	Carl Sagan	INDIFFERENT	iR_nF-Wu8W4	MPREb_Gbuqxaw0gHL	UCk92rSkcob9YZ-InODfffZA	Modern Synth-Pop Grooves
Steel Ball Run OP: Holy Steel	Nico Bellisario	Steel Ball Run OP: Holy Steel	INDIFFERENT	L897HnvDUhA	MPREb_2iVlgc5umg0	UCeZfHFxPvXCT3PBzhfi56tQ	Modern Synth-Pop Grooves
JoJolion OP: GO BEYOND !	Nico Bellisario	JoJolion OP: GO BEYOND !	INDIFFERENT	9BDNYoZ45sY	MPREb_c4N1wz0UebI	UCeZfHFxPvXCT3PBzhfi56tQ	Modern Synth-Pop Grooves
JoJolion Josuke Theme : Soft & Wet (feat. Claire Littley & Harumo Imai)	Nico Bellisario	JoJolion Josuke Theme : Soft & Wet	INDIFFERENT	8_b3pndfWlE	MPREb_Mm8iKG0V9lU	UCeZfHFxPvXCT3PBzhfi56tQ	Modern Synth-Pop Grooves
Medicine	Nick Waterhouse	Promenade Blue	INDIFFERENT	RqQAB664cE4	MPREb_nc9BXeyHwQM	UC3TCiyAutMrJQ-HCWiHo56w	Modern Synth-Pop Grooves
Once in Your Life	Nick Hexum	My Shadow Pages	INDIFFERENT	Jkp4f2SIlKQ	MPREb_mWmJmxUA8sc	UCWB3Zn6_mgUg1eGqntVctQg	Modern Synth-Pop Grooves
Hazey Jane I	Nick Drake	Bryter Layter	INDIFFERENT	gfYnXGV8PfM	MPREb_Bh7K4Z0zaCl	UCiryJZISyBldwm9ocAE-QfQ	Modern Synth-Pop Grooves
Arkham City Main Theme	Nick Arundel	Batman: Arkham City (Original Video Game Score)	INDIFFERENT	Ll9H9o8FJr0	MPREb_FCaxjM6T1sF	UC2nvgW0J7s1PGh7P8S0u3ow	Modern Synth-Pop Grooves
Deep Red Bells	Neko Case	Blacklisted	INDIFFERENT	QK2LfWAzDIY	MPREb_bdsqy9nxmcd	UCFbY7q9og0h8yknIjyhka9Q	Modern Synth-Pop Grooves
Throw Your Hatred Down	Neil Young	Mirror Ball	INDIFFERENT	7DtmDyRfUZo	MPREb_vtnPmbPWCiz	UC6JhadLTf6g6f-ZdeEaAqBQ	Modern Synth-Pop Grooves
Calling To The Night	Natasha Farrow	METAL GEAR 20th ANNIVERSARY METAL GEAR MUSIC COLLECTION	INDIFFERENT	Fr9rMO7GKj4	MPREb_WqlvFtH8iDA	UCerE6F39d-yzPcHwJXLNC1w	Modern Synth-Pop Grooves
Calling To The Night	Natasha Farrow	METAL GEAR 20th ANNIVERSARY METAL GEAR MUSIC COLLECTION	INDIFFERENT	Fr9rMO7GKj4	MPREb_WqlvFtH8iDA	UCerE6F39d-yzPcHwJXLNC1w	Modern Synth-Pop Grooves
TVA (From 'Loki'/Score)	Natalie Holt	TVA (From 'Loki')	INDIFFERENT	WezpvuNPN1M	MPREb_xjrYt1UifAY	UCDoIuShteEV3EvowSmEDtUQ	Modern Synth-Pop Grooves
History Is Now	Natalie Holt	Loki: Season 2 - Vol. 2 (Episodes 4-6) (Original Soundtrack)	INDIFFERENT	MjYwF_0EhTU	MPREb_61SkjBhkOXh	UCDoIuShteEV3EvowSmEDtUQ	Modern Synth-Pop Grooves
Loki Green Theme	Natalie Holt	Loki, Vol. 1 (Episodes 1-3) [Original Soundtrack]	INDIFFERENT	yV_76cm2BWU	MPREb_uISYL63fVv7	UCDoIuShteEV3EvowSmEDtUQ	Modern Synth-Pop Grooves
Godzilla-1.0 Godzilla Suite III	Naoki Sato	Godzilla Minus One (Original Soundtrack)	INDIFFERENT	wvMCy0r-PiM	MPREb_bUJWB9RGaRM	UCmOx-QnprPLLsnneBrv9ttw	Modern Synth-Pop Grooves
Godzilla-1.0 Godzilla Suite II	Naoki Sato	Godzilla Minus One (Original Soundtrack)	INDIFFERENT	OHihhPyhq2Q	MPREb_bUJWB9RGaRM	UCmOx-QnprPLLsnneBrv9ttw	Modern Synth-Pop Grooves
Don't Make Me Wait (MAW Main) ( 2016 - Remaster)	NYC Peech Boys	West End Meets Salsoul	INDIFFERENT	v2Q2F-1toiI	MPREb_aCBOh1JllcM	UCx0wnu9WlzB_ypJQxiym8AA	Modern Synth-Pop Grooves
dancing	NEIL FRANCES	There Is No Neil Frances	INDIFFERENT	k7CMDzAabeY	MPREb_jA1txK6HLUR	UCv4SuYtHHOXjhF98apsqOtw	Modern Synth-Pop Grooves
Teardrops	NEIL FRANCES	Teardrops	INDIFFERENT	823_KoZr4mo	MPREb_EuUE9CHqrYe	UCv4SuYtHHOXjhF98apsqOtw	Modern Synth-Pop Grooves
Music Sounds Better with You	NEIL FRANCES	Music Sounds Better with You	INDIFFERENT	spDG0n80O0U	MPREb_eJxNP3kCIxB	UCv4SuYtHHOXjhF98apsqOtw	Modern Synth-Pop Grooves
Falling for You	NEIL FRANCES	Falling for You	INDIFFERENT	4qqvGwsyLNg	MPREb_AEXAi4LYEl7	UCv4SuYtHHOXjhF98apsqOtw	Modern Synth-Pop Grooves
Dumb Love	NEIL FRANCES	Dumb Love	INDIFFERENT	2Tfut8oyb4s	MPREb_q8kF9TrcunZ	UCv4SuYtHHOXjhF98apsqOtw	Modern Synth-Pop Grooves
Ask Me Anything	NEIL FRANCES	Ask Me Anything	INDIFFERENT	M3vjyra_6rc	MPREb_xL5W3gCXj8e	UCv4SuYtHHOXjhF98apsqOtw	Modern Synth-Pop Grooves
Following El Sol	NEEKA	Following El Sol	INDIFFERENT	Sx7XLaUJ5PU	MPREb_eBRbJ6wg7fz	UC7uDJl67s5CEoQF-HV0n02w	Modern Synth-Pop Grooves
Dust	M|O|O|N	Particles E.P.	INDIFFERENT	TWwYs90NEI0	MPREb_K3J4d7NO7fl	UCdEUhZogAVT9_XSLoiiGKyg	Modern Synth-Pop Grooves
Hydrogen	M|O|O|N	MOON E.P.	INDIFFERENT	opn4DAbw_YQ	MPREb_nQlmJntidyt	UCdEUhZogAVT9_XSLoiiGKyg	Modern Synth-Pop Grooves
Ghost	Mystery Skulls	Forever	INDIFFERENT	N92J4mlrRSc	MPREb_qAvnis5GEhe	UCnYKC_TAu0dlCPxJsPCJdgA	Modern Synth-Pop Grooves
Money	Mystery Skulls	EP	INDIFFERENT	H7HTeN9t7TU	MPREb_5oixRcsbKQJ	UCnYKC_TAu0dlCPxJsPCJdgA	Modern Synth-Pop Grooves
Saturnine	Mystery Jets	Curve Of The Earth	INDIFFERENT	Oe1UU2LDUOY	MPREb_TGvUWBinAPx	UCuYW2IZ7Wb_z3V__FDoVaDw	Modern Synth-Pop Grooves
Domino	Myd	Born a Loser (Deluxe Edition)	INDIFFERENT	ZWg7k5IYpEk	MPREb_CWH47U7GzCH	UCpz7Gxps3NmieyoQ9FncoTA	Modern Synth-Pop Grooves
Thank You Too!	My Morning Jacket	Evil Urges	INDIFFERENT	qD3U3sb54Z4	MPREb_CGVniFbIV7E	UCFxLZ526P3vA1zQX0S-Kr5w	Modern Synth-Pop Grooves
Rocket Man	My Morning Jacket	Chapter 1: The Sandworm Cometh - Early Recordings, B-Sides, Covers, y Mas	INDIFFERENT	NYpqyw0cBJA	MPREb_TEGhUsm8Snq	UCFxLZ526P3vA1zQX0S-Kr5w	Modern Synth-Pop Grooves
Innocence Glitched (Basement)	Mudeth	Antibirth	INDIFFERENT	UtMRKYkqDf8	MPREb_oyka0hxYsEZ	UCzcwua5m_oF3RrpSv9BhuLA	Modern Synth-Pop Grooves
Unexpectancy, Pt. 3	Mr. Sauceman	Pizza Tower Soundtrack	INDIFFERENT	CaTRF6tJqa8	MPREb_PfIUATsVA8F	UCrwsUkqq2EbD2fE_Jtbn8nw	Modern Synth-Pop Grooves
Unexpectancy, Pt. 2	Mr. Sauceman	Pizza Tower Soundtrack	INDIFFERENT	pgD_VjthRiw	MPREb_PfIUATsVA8F	UCrwsUkqq2EbD2fE_Jtbn8nw	Modern Synth-Pop Grooves
The Death that I Deservioli	Mr. Sauceman	Pizza Tower Soundtrack	INDIFFERENT	uvAPiELt_Oo	MPREb_PfIUATsVA8F	UCrwsUkqq2EbD2fE_Jtbn8nw	Modern Synth-Pop Grooves
Bye Bye There!	Mr. Sauceman	Pizza Tower Soundtrack	INDIFFERENT	R1s5C4qclPg	MPREb_PfIUATsVA8F	UCrwsUkqq2EbD2fE_Jtbn8nw	Modern Synth-Pop Grooves
Bye Bye There!	Mr. Sauceman	Pizza Tower Soundtrack	INDIFFERENT	R1s5C4qclPg	MPREb_PfIUATsVA8F	UCrwsUkqq2EbD2fE_Jtbn8nw	Modern Synth-Pop Grooves
Seaweed	Mount Eerie	A Crow Looked at Me	INDIFFERENT	0UMYPS1JqWk	MPREb_yf5AzFXVEcU	UCc55YkzjUbHKPIMkM8kNosA	Modern Synth-Pop Grooves
Gwyn, Lord of Cinder	Motoi Sakuraba	Dark Souls (Original Game Soundtrack)	INDIFFERENT	3bqLGebDRIY	MPREb_HGJ1c42LrMp	UC7ZITrdvK5IYsv-7SnwdSbQ	Modern Synth-Pop Grooves
Slinky	Molly Lewis	On The Lips	INDIFFERENT	H1XsDOXCRFI	MPREb_5oTEX0EsDlV	UC4wczMBINatejSA1snLg5wQ	Modern Synth-Pop Grooves
Extras	Molly Daisy Scarpine	Extras	INDIFFERENT	IM6eBN7LkLU	MPREb_rAN6iM2yNNt	UCSj5i8d7iUnno5jyK8zKw5g	Modern Synth-Pop Grooves
Lady (Hear Me Tonight)	Modjo	Modjo	INDIFFERENT	MR3uP7IYz44	MPREb_9fDdKXDcKep	UCAbayp4OwUPyogIg330TM-Q	Modern Synth-Pop Grooves
Nene	Mitú	Nene	INDIFFERENT	H3S0fws58ew	MPREb_STuyTiZFfum	UCCJDOYcsgWdE_e_7fc0VNdw	Modern Synth-Pop Grooves
Psyco Zombie	Mike Sanders	Psyco Zombie	INDIFFERENT	1oT-q6DLfpc	MPREb_ruo4Zy3uY4K	UC57DaaypKp-yRp5zAuytZOA	Modern Synth-Pop Grooves
Nuclear	Mike Oldfield	Man On The Rocks	INDIFFERENT	R_TbF5m5KpU	MPREb_C0Tt9sJvIkO	UC61c-7pYk-_AaViXMpShWOg	Modern Synth-Pop Grooves
Nuclear	Mike Oldfield	Man On The Rocks	INDIFFERENT	R_TbF5m5KpU	MPREb_C0Tt9sJvIkO	UC61c-7pYk-_AaViXMpShWOg	Modern Synth-Pop Grooves
Pourquoi pas	Miel De Montagne	Pourquoi pas	INDIFFERENT	WEP8jSKXdwc	MPREb_WSFgTxtEnYM	UCzNNnLXtJSsK-CF0yvBwbXw	Modern Synth-Pop Grooves
J'y peux rien	Miel De Montagne	Miel de Montagne	INDIFFERENT	MnJhsAk5hBE	MPREb_yAcgxDHqsAK	UCzNNnLXtJSsK-CF0yvBwbXw	Modern Synth-Pop Grooves
L'amour	Miel De Montagne	L'amour	INDIFFERENT	IS-82DSdgxM	MPREb_w7gFruoKeCH	UCzNNnLXtJSsK-CF0yvBwbXw	Modern Synth-Pop Grooves
Weekends	Midnight Generation	Weekends	INDIFFERENT	GyW_W0yNxbU	MPREb_H50jooJXRJC	UCB5roruiDPwRQr7hDI1tkqQ	Modern Synth-Pop Grooves
She Loves Earth, Wind And Fire	Midnight Generation	Odyssey	INDIFFERENT	knzJ-AxZvqU	MPREb_dQ7OObqlRO8	UCB5roruiDPwRQr7hDI1tkqQ	Modern Synth-Pop Grooves
The Man Who Sold the World	Midge Ure	If I Was	INDIFFERENT	eLAUsuksF84	MPREb_hXJmuihqH4h	UCK56pw5lCJ78diyMokcBmqw	Modern Synth-Pop Grooves
Bfg Division	Mick Gordon	DOOM (Original Game Soundtrack)	INDIFFERENT	YVDwo4DladY	MPREb_rkYBjjgErBy	UCpGhWPSS2rAmjqBvwfWYxpQ	Modern Synth-Pop Grooves
Bfg Division	Mick Gordon	DOOM (Original Game Soundtrack)	INDIFFERENT	YVDwo4DladY	MPREb_rkYBjjgErBy	UCpGhWPSS2rAmjqBvwfWYxpQ	Modern Synth-Pop Grooves
Bfg Division	Mick Gordon	DOOM (Original Game Soundtrack)	INDIFFERENT	YVDwo4DladY	MPREb_rkYBjjgErBy	UCpGhWPSS2rAmjqBvwfWYxpQ	Modern Synth-Pop Grooves
Dead by Daylight (Theme)	Michel F. April	Dead by Daylight (Original Game Soundtrack)	INDIFFERENT	nc2yOLMCOhs	MPREb_XM4fQx0P8my	UCzf6uk3snfLycwEriZiHcSQ	Modern Synth-Pop Grooves
Soviet Connection (Theme from GTA IV)	Michael Hunter	The Music of Grand Theft Auto IV	INDIFFERENT	93TW692tQb8	MPREb_yP68cjxNOH9	UCf7RoF4iiVjLoK5PS6xZ3RA	Modern Synth-Pop Grooves
The Batman	Michael Giacchino	The Batman (Original Motion Picture Soundtrack)	INDIFFERENT	gsbsYMPvdec	MPREb_g7hADXfOjT4	UCD2LZAT1j1DyVXq2R2BdusQ	Modern Synth-Pop Grooves
It's Raining Vengeance	Michael Giacchino	The Batman (Original Motion Picture Soundtrack)	INDIFFERENT	7UVYLGRmzdQ	MPREb_g7hADXfOjT4	UCD2LZAT1j1DyVXq2R2BdusQ	Modern Synth-Pop Grooves
Can't Fight City Halloween	Michael Giacchino	The Batman (Original Motion Picture Soundtrack)	INDIFFERENT	VLEIgw58Lgo	MPREb_g7hADXfOjT4	UCD2LZAT1j1DyVXq2R2BdusQ	Modern Synth-Pop Grooves
Star Trek Main Theme	Michael Giacchino	Star Trek Into Darkness (Music From The Motion Picture)	INDIFFERENT	oIyo8oC2cCE	MPREb_Vxr1GhlrHsf	UCD2LZAT1j1DyVXq2R2BdusQ	Modern Synth-Pop Grooves
Far From Home Suite Home (from 'Spider-Man: Far From Home' Soundtrack)	Michael Giacchino	Spider-Man: Far from Home (Original Motion Picture Soundtrack)	INDIFFERENT	3R1lxNS7AZQ	MPREb_5Bs1tXzPsi5	UCD2LZAT1j1DyVXq2R2BdusQ	Modern Synth-Pop Grooves
Leila	Miami Horror	The Shapes	INDIFFERENT	yhMR5opp3wQ	MPREb_OAZSy8WclsN	UCU8JQ8M5vIabM-rj1zKGPsA	Modern Synth-Pop Grooves
Luv Is Not Enough (Lazywax Remix) (feat. Forrest Mortifee)	Miami Horror	Luv Is Not Enough (Remixes)	INDIFFERENT	rJ4nPTMeUZ8	MPREb_gvMbZWHTJSj	UCU8JQ8M5vIabM-rj1zKGPsA	Modern Synth-Pop Grooves
The Look (Instrumental)	Metronomy	The English Riviera (Instrumental)	INDIFFERENT	PRpO0hAAvJQ	MPREb_C1bozTJElXl	UCWE-9CO32bK6OI2NLKUWSRw	Modern Synth-Pop Grooves
Right on time	Metronomy	Small World	INDIFFERENT	EsFlPU5s4sg	MPREb_Dj9oC3kgPAe	UCWE-9CO32bK6OI2NLKUWSRw	Modern Synth-Pop Grooves
Tailwhip	Men I Trust	Tailwhip	INDIFFERENT	uC6wKP_RVqU	MPREb_19lTVe2apMe	UCaPOa_Tg0TThuYSVtUEXb8g	Modern Synth-Pop Grooves
Billie Toppy	Men I Trust	Billie Toppy	INDIFFERENT	NII0HwWAAUA	MPREb_8jD7obcJMqC	UCaPOa_Tg0TThuYSVtUEXb8g	Modern Synth-Pop Grooves
Within You, Within Me	Meltt	Within You, Within Me	INDIFFERENT	riUwy6wvWLQ	MPREb_tP8eRDSi8d7	UCQjoG_DwO-JwwCMXtJBX83g	Modern Synth-Pop Grooves
Only in Your Eyes	Meltt	Only in Your Eyes	INDIFFERENT	0HIMqUL1mh8	MPREb_8CCY4A5eTWm	UCQjoG_DwO-JwwCMXtJBX83g	Modern Synth-Pop Grooves
In Your Arms	Meltt	In Your Arms	INDIFFERENT	g56KqQEtCeE	MPREb_d46ZMIFcggJ	UCQjoG_DwO-JwwCMXtJBX83g	Modern Synth-Pop Grooves
The Cyber Grind	Meganeko	The Cyber Grind	INDIFFERENT	Achqe_GDUTM	MPREb_IgHkplnOrdN	UCltRu6wGcfC-bFZ1V3ROplQ	Modern Synth-Pop Grooves
Water Slide (feat. Kamggarn)	Mcbaise	TUBES	INDIFFERENT	fGALcE5BD4U	MPREb_Wsw5h0ex0sA	UC2OpW_vHl4QmOY0XlDJ9c0Q	Modern Synth-Pop Grooves
Admit One	Mcbaise	TUBES	INDIFFERENT	NApIIx6wmEo	MPREb_Wsw5h0ex0sA	UC2OpW_vHl4QmOY0XlDJ9c0Q	Modern Synth-Pop Grooves
Cool Out (feat. Natalie Prass)	Matthew E. White	Cool Out	INDIFFERENT	m1BMZjFGgG0	MPREb_O6NhDDB4kQT	UCXy7EfeHjqy0fZpeiAZDw_g	Modern Synth-Pop Grooves
The Ha Dance	Masters At Work	The House Of Cutting	INDIFFERENT	F6qOzxTkLOE	MPREb_dVEmx0jq8yv	UCg2S9R7aTw0ahApScyBahrg	Modern Synth-Pop Grooves
I Can't Get No Sleep	Masters At Work	The House Of Cutting	INDIFFERENT	cz5G42O09eo	MPREb_dVEmx0jq8yv	UCg2S9R7aTw0ahApScyBahrg	Modern Synth-Pop Grooves
Say You Want Me (Single Version)	Masego	Say You Want Me (Single Version)	INDIFFERENT	prYqCnSWOzQ	MPREb_hoLr74COJU0	UCnNg7G379GMitKDisM5wO8Q	Modern Synth-Pop Grooves
ラブ・ドラマティック - Love Dramatic (feat. Rikka Ihara)	Masayuki Suzuki	Love Dramatic	INDIFFERENT	BC4zaaiXNMI	MPREb_mJmcQzHR0vh	UCEm-B8NivcSNJZUTFvFvWug	Modern Synth-Pop Grooves
Shadowbringers	Masayoshi Soken	SHADOWBRINGERS: FINAL FANTASY XIV Original Soundtrack	INDIFFERENT	6ugtWT_iNqw	MPREb_vYsfEGOXaXD	UCjosnnCN5F5SO1tpOCDExAQ	Modern Synth-Pop Grooves
Shadowbringers	Masayoshi Soken	SHADOWBRINGERS: FINAL FANTASY XIV Original Soundtrack	INDIFFERENT	6ugtWT_iNqw	MPREb_vYsfEGOXaXD	UCjosnnCN5F5SO1tpOCDExAQ	Modern Synth-Pop Grooves
Find the Flame	Masayoshi Soken	Find the Flame from FINAL FANTASY XVI Original Soundtrack	INDIFFERENT	CeqyEzK87z4	MPREb_Md5DttNPBqJ	UCjosnnCN5F5SO1tpOCDExAQ	Modern Synth-Pop Grooves
Find the Flame	Masayoshi Soken	Find the Flame from FINAL FANTASY XVI Original Soundtrack	INDIFFERENT	CeqyEzK87z4	MPREb_Md5DttNPBqJ	UCjosnnCN5F5SO1tpOCDExAQ	Modern Synth-Pop Grooves
STH2 Mystic Cave Zone 〜 Mega Drive version 〜 - Sth2 Mystic Cave Zone Mega Drive Version	Masato Nakamura	Sonic The Hedgehog 1&2 Soundtrack	INDIFFERENT	PbkCDNfp5SY	MPREb_ecif37MzphI	UCt04dGwDHyt7_Bvg6sMpmgw	Modern Synth-Pop Grooves
STH2 Emerald Hill Zone 〜 Mega Drive version 〜 - Sth2 Emerald Hill Zone Mega Drive Version	Masato Nakamura	Sonic The Hedgehog 1&2 Soundtrack	INDIFFERENT	8mGT1-PSUOA	MPREb_ecif37MzphI	UCt04dGwDHyt7_Bvg6sMpmgw	Modern Synth-Pop Grooves
STH2 Emerald Hill Zone 〜 Mega Drive version 〜 - Sth2 Emerald Hill Zone Mega Drive Version	Masato Nakamura	Sonic The Hedgehog 1&2 Soundtrack	INDIFFERENT	8mGT1-PSUOA	MPREb_ecif37MzphI	UCt04dGwDHyt7_Bvg6sMpmgw	Modern Synth-Pop Grooves
STH2 Chemical Plant Zone 〜 Mega Drive version 〜 - Sth2 Chemical Plant Zone Mega Drive Version	Masato Nakamura	Sonic The Hedgehog 1&2 Soundtrack	INDIFFERENT	rkCqQBJ8hT4	MPREb_ecif37MzphI	UCt04dGwDHyt7_Bvg6sMpmgw	Modern Synth-Pop Grooves
STH2 Casino Night Zone 〜 Mega Drive version 〜 - Sth2 Casino Night Zone Mega Drive Version	Masato Nakamura	Sonic The Hedgehog 1&2 Soundtrack	INDIFFERENT	Kgb30cz8HxI	MPREb_ecif37MzphI	UCt04dGwDHyt7_Bvg6sMpmgw	Modern Synth-Pop Grooves
STH2 Casino Night Zone 〜 Mega Drive version 〜 - Sth2 Casino Night Zone Mega Drive Version	Masato Nakamura	Sonic The Hedgehog 1&2 Soundtrack	INDIFFERENT	Kgb30cz8HxI	MPREb_ecif37MzphI	UCt04dGwDHyt7_Bvg6sMpmgw	Modern Synth-Pop Grooves
STH1 Spring Yard Zone 〜 Mega Drive version 〜 - Sth1 Spring Yard Zone Mega Drive Version	Masato Nakamura	Sonic The Hedgehog 1&2 Soundtrack	INDIFFERENT	NAxkR8aM_s8	MPREb_ecif37MzphI	UCt04dGwDHyt7_Bvg6sMpmgw	Modern Synth-Pop Grooves
STH1 Spring Yard Zone 〜 Mega Drive version 〜 - Sth1 Spring Yard Zone Mega Drive Version	Masato Nakamura	Sonic The Hedgehog 1&2 Soundtrack	INDIFFERENT	NAxkR8aM_s8	MPREb_ecif37MzphI	UCt04dGwDHyt7_Bvg6sMpmgw	Modern Synth-Pop Grooves
STH1 Labyrinth Zone 〜 Mega Drive version 〜 - Sth1 Labyrinth Zone Mega Drive Version	Masato Nakamura	Sonic The Hedgehog 1&2 Soundtrack	INDIFFERENT	g8UDhVQ_hdQ	MPREb_ecif37MzphI	UCt04dGwDHyt7_Bvg6sMpmgw	Modern Synth-Pop Grooves
STH1 Green Hill Zone 〜 Mega Drive version 〜 - Sth1 Green Hill Zone Mega Drive Version	Masato Nakamura	Sonic The Hedgehog 1&2 Soundtrack	INDIFFERENT	NaAb1s0MCQQ	MPREb_ecif37MzphI	UCt04dGwDHyt7_Bvg6sMpmgw	Modern Synth-Pop Grooves
STH1 Green Hill Zone 〜 Mega Drive version 〜 - Sth1 Green Hill Zone Mega Drive Version	Masato Nakamura	Sonic The Hedgehog 1&2 Soundtrack	INDIFFERENT	NaAb1s0MCQQ	MPREb_ecif37MzphI	UCt04dGwDHyt7_Bvg6sMpmgw	Modern Synth-Pop Grooves
STH1 Green Hill Zone 〜 Mega Drive version 〜 - Sth1 Green Hill Zone Mega Drive Version	Masato Nakamura	Sonic The Hedgehog 1&2 Soundtrack	INDIFFERENT	NaAb1s0MCQQ	MPREb_ecif37MzphI	UCt04dGwDHyt7_Bvg6sMpmgw	Modern Synth-Pop Grooves
REMEMBER	Masato (coldrain)	Jujutsu Kaisen (Original Television Soundtrack)	INDIFFERENT	FtRp6svwSY4	MPREb_3zRV0LeO0B9	UC-1lqqzNANqYI7zxCTXF-Jw	Modern Synth-Pop Grooves
閃光 - Blinded By Light	Masashi Hamauzu	FINAL FANTASY XIII Original Soundtrack	INDIFFERENT	WyTRg-DJ99M	MPREb_7kDvF8U40Yd	UCVMzx8hmDieuzU7F6kokiLQ	Modern Synth-Pop Grooves
THE IRON FIST	Masaru Yokoyama	MASHLE Soundtrack Vol.1	INDIFFERENT	78AP4hqqpLQ	MPREb_4Vxl9u8y4tf	UCfmHShprfhvkbtD-ytZRiJA	Modern Synth-Pop Grooves
THE IRON FIST	Masaru Yokoyama	MASHLE Soundtrack Vol.1	INDIFFERENT	78AP4hqqpLQ	MPREb_4Vxl9u8y4tf	UCfmHShprfhvkbtD-ytZRiJA	Modern Synth-Pop Grooves
Serious Steel	Masaru Yokoyama	MASHLE Soundtrack Vol.1	INDIFFERENT	ccm6kRFyI50	MPREb_4Vxl9u8y4tf	UCfmHShprfhvkbtD-ytZRiJA	Modern Synth-Pop Grooves
Cinnamon Tree	Marty O'Reilly & the Old Soul Orchestra	Pray for Rain	INDIFFERENT	cCemsA1HtyA	MPREb_qUPwNV0Kok4	UCpv1eZiaKe2dC1e-bpNaCKg	Modern Synth-Pop Grooves
Peril	Martin O'Donnell	Halo 2, Vol. 1 (Original Soundtrack)	INDIFFERENT	8MsxlQMyreM	MPREb_MRNXUI8Iu53	UCr3--4pVFK2etDsx7OSHGMw	Modern Synth-Pop Grooves
In Amber Clad	Martin O'Donnell	Halo 2, Vol. 1 (Original Soundtrack)	INDIFFERENT	mVDMTVIjrME	MPREb_MRNXUI8Iu53	UCr3--4pVFK2etDsx7OSHGMw	Modern Synth-Pop Grooves
Heretic, Hero	Martin O'Donnell	Halo 2, Vol. 1 (Original Soundtrack)	INDIFFERENT	pHHVIFIeqHE	MPREb_MRNXUI8Iu53	UCr3--4pVFK2etDsx7OSHGMw	Modern Synth-Pop Grooves
Halo Theme Mjolnir Mix	Martin O'Donnell	Halo 2, Vol. 1 (Original Soundtrack)	INDIFFERENT	bwikj_lQLT0	MPREb_MRNXUI8Iu53	UCr3--4pVFK2etDsx7OSHGMw	Modern Synth-Pop Grooves
Where Do We Go	Marlon Funaki	Where Do We Go	INDIFFERENT	yxInc69JLUo	MPREb_WgelMr20mwy	UCTLJW-13XI1PQVWwMDZgxBA	Modern Synth-Pop Grooves
Daffodils (feat. Kevin Parker)	Mark Ronson	Uptown Special	INDIFFERENT	Cqr-wPTyZ48	MPREb_YSiih6Gj0hG	UCm9XijVCOsRrxdx0giD_1fQ	Modern Synth-Pop Grooves
Midas (feat. Holly Walker)	Maribou State	Portraits	INDIFFERENT	S5oCOIiH38s	MPREb_uOmIgJatpvA	UCxIW9VhUSiNWTftN9VEMDDQ	Modern Synth-Pop Grooves
You're... Immortal?	Marcin Przybyłowicz	The Witcher 3: Wild Hunt - Hearts of Stone	INDIFFERENT	Ies6sP0gqoo	MPREb_b5w6COAwQJd	UCmMzqlRl2b3KDWAv691S-AA	Modern Synth-Pop Grooves
The Trail	Marcin Przybyłowicz	The Witcher 3: Wild Hunt	INDIFFERENT	i1qjKo6Ts60	MPREb_qkiQROFbEXo	UCmMzqlRl2b3KDWAv691S-AA	Modern Synth-Pop Grooves
Kaer Morhen	Marcin Przybyłowicz	The Witcher 3: Wild Hunt	INDIFFERENT	5GUiNoIm0E4	MPREb_qkiQROFbEXo	UCmMzqlRl2b3KDWAv691S-AA	Modern Synth-Pop Grooves
Wushu Dolls	Marcin Przybyłowicz	Cyberpunk 2077 - Original Score	INDIFFERENT	b_I5PAyLEhs	MPREb_NJrGPGiYSDZ	UCmMzqlRl2b3KDWAv691S-AA	Modern Synth-Pop Grooves
V	Marcin Przybyłowicz	Cyberpunk 2077 - Original Score	INDIFFERENT	JYC8aINHFxc	MPREb_NJrGPGiYSDZ	UCmMzqlRl2b3KDWAv691S-AA	Modern Synth-Pop Grooves
Been Good to Know Ya	Marcin Przybyłowicz	Cyberpunk 2077 - Original Score	INDIFFERENT	2PPBne6GGiw	MPREb_NJrGPGiYSDZ	UCmMzqlRl2b3KDWAv691S-AA	Modern Synth-Pop Grooves
Home Among The Swinging Stars	Mapache	Swinging Stars	INDIFFERENT	wWFIPDo-rYA	MPREb_9dliacQiAPc	UCXsn10-LmNaMcnHh7T4fjQQ	Modern Synth-Pop Grooves
Dodecahedron	Mandy, Indiana	URGH	INDIFFERENT	OW6ieURcW4g	MPREb_WV271L0w9kp	UCDHQRpPK9i4EG0ND1qx1SjA	Modern Synth-Pop Grooves
martial arts	Makoto Miyazaki	TV Animation 'ONE PUNCH MAN' ORIGINAL SOUNDTRACK: ONE TAKE MAN 2	INDIFFERENT	R_ZDoEA__kU	MPREb_USettJKoVuQ	UCpgK-abiAa9fQi99Cyq3llA	Modern Synth-Pop Grooves
Metal Bat	Makoto Miyazaki	TV Animation 'ONE PUNCH MAN' ORIGINAL SOUNDTRACK: ONE TAKE MAN 2	INDIFFERENT	Dzw3b2OCq48	MPREb_USettJKoVuQ	UCpgK-abiAa9fQi99Cyq3llA	Modern Synth-Pop Grooves
I'm a monster	Makoto Miyazaki	TV Animation 'ONE PUNCH MAN' ORIGINAL SOUNDTRACK: ONE TAKE MAN 2	INDIFFERENT	Qeg7FBOESaE	MPREb_USettJKoVuQ	UCpgK-abiAa9fQi99Cyq3llA	Modern Synth-Pop Grooves
Theme of ONE PUNCH MAN ～正義執行～ - Theme of ONE PUNCH MAN: Seigi Shikko	Makoto Miyazaki	TV Animation 'ONE PUNCH MAN' ORIGINAL SOUNDTRACK: ONE TAKE MAN	INDIFFERENT	q0Ttay42r2Y	MPREb_BIHxtXx7R9x	UCpgK-abiAa9fQi99Cyq3llA	Modern Synth-Pop Grooves
Theme of ONE PUNCH MAN ～Ballad Ver.～ - Theme of ONE PUNCH MAN (Ballad Version)	Makoto Miyazaki	TV Animation 'ONE PUNCH MAN' ORIGINAL SOUNDTRACK: ONE TAKE MAN	INDIFFERENT	cGzkgd0Ikf4	MPREb_BIHxtXx7R9x	UCpgK-abiAa9fQi99Cyq3llA	Modern Synth-Pop Grooves
The ruler	Makoto Miyazaki	TV Animation 'ONE PUNCH MAN' ORIGINAL SOUNDTRACK: ONE TAKE MAN	INDIFFERENT	v_EHKc9j7eo	MPREb_BIHxtXx7R9x	UCpgK-abiAa9fQi99Cyq3llA	Modern Synth-Pop Grooves
The cyborg fights	Makoto Miyazaki	TV Animation 'ONE PUNCH MAN' ORIGINAL SOUNDTRACK: ONE TAKE MAN	INDIFFERENT	SLKAeZu7_MQ	MPREb_BIHxtXx7R9x	UCpgK-abiAa9fQi99Cyq3llA	Modern Synth-Pop Grooves
BATTLE!!	Makoto Miyazaki	TV Animation 'ONE PUNCH MAN' ORIGINAL SOUNDTRACK: ONE TAKE MAN	INDIFFERENT	VwC3u0FXAQU	MPREb_BIHxtXx7R9x	UCpgK-abiAa9fQi99Cyq3llA	Modern Synth-Pop Grooves
Might⁺U	Makayla Phillips	「僕のヒーローアカデミア THE MOVIE ヒーローズ:ライジング」オリジナルサウンドトラック	INDIFFERENT	P3HvdBkJQxI	MPREb_9TNbNatbYrm	UCXH38sWWAvb3Q1VA_3hjlUA	Modern Synth-Pop Grooves
Might⁺U	Makayla Phillips	「僕のヒーローアカデミア THE MOVIE ヒーローズ:ライジング」オリジナルサウンドトラック	INDIFFERENT	P3HvdBkJQxI	MPREb_9TNbNatbYrm	UCXH38sWWAvb3Q1VA_3hjlUA	Modern Synth-Pop Grooves
Might⁺U	Makayla Phillips	「僕のヒーローアカデミア THE MOVIE ヒーローズ:ライジング」オリジナルサウンドトラック	INDIFFERENT	P3HvdBkJQxI	MPREb_9TNbNatbYrm	UCXH38sWWAvb3Q1VA_3hjlUA	Modern Synth-Pop Grooves
The Real Folk Blues	Mai Yamane	COWBOY BEBOP Vitaminless	INDIFFERENT	CjUVTEExfBg	MPREb_14hbvevxvAB	UCmR7JSS_-D8WtR8SCnazq0Q	Modern Synth-Pop Grooves
See You Space Cowboys Not Final Mountain Root	Mai Yamane	COWBOY BEBOP (Original Motion Picture Soundtrack 3 - Blue)	INDIFFERENT	QXPZG9Gv75M	MPREb_p8yilTbL7F8	UCmR7JSS_-D8WtR8SCnazq0Q	Modern Synth-Pop Grooves
Divide (Miami Edit)	Magna	Divide (Miami Edit)	INDIFFERENT	tv6N9Uddhac	MPREb_uP9ulh32Gyh	UCUJvvTBm0CqMKkffcBx2VHg	Modern Synth-Pop Grooves
Vogue	Madonna	The Immaculate Collection	INDIFFERENT	ydFYm-oomec	MPREb_NfT7sRETbM8	UCo4CrqhIV_tSOGdDWfVyCsg	Modern Synth-Pop Grooves
In My Life	Madison Cunningham	In My Life	INDIFFERENT	dnceGRsyxRI	MPREb_AnxCygYU2pz	UC441i2xhDLf7YV0bc3c4oYg	Modern Synth-Pop Grooves
1.0_8-whatsyourask.m4p	Mac Quayle	Mr. Robot, Vol. 1 (Original Television Series Soundtrack)	INDIFFERENT	u0rYUSmnOAk	MPREb_TlNoDT6Cw0r	UCUdcVVijvS-FrAIizSyqgug	Modern Synth-Pop Grooves
重は激 - Heavy Violence	MUSASHI PROJECT	NARUTO ORIGINAL SOUNDTRACK 3	INDIFFERENT	U9gdV7WsXPA	MPREb_Wx5FMsahWOj	UCaCcEjxX64iMVm5Kl-imM5Q	Modern Synth-Pop Grooves
究極奥義 - Ultimate Secrets	MUSASHI PROJECT	NARUTO ORIGINAL SOUNDTRACK 3	INDIFFERENT	A0BcVuVHRGw	MPREb_Wx5FMsahWOj	UCaCcEjxX64iMVm5Kl-imM5Q	Modern Synth-Pop Grooves
激と撃 - Strong and Strike	MUSASHI PROJECT	NARUTO ORIGINAL SOUNDTRACK	INDIFFERENT	scWSTDsj3IM	MPREb_f43vnfDbJqB	UCaCcEjxX64iMVm5Kl-imM5Q	Modern Synth-Pop Grooves
強にして重 - Need to Be Strong	MUSASHI PROJECT	NARUTO ORIGINAL SOUNDTRACK	INDIFFERENT	_KMBjIjbqvA	MPREb_f43vnfDbJqB	UCaCcEjxX64iMVm5Kl-imM5Q	Modern Synth-Pop Grooves
Naruto Main Theme	MUSASHI PROJECT	NARUTO ORIGINAL SOUNDTRACK	INDIFFERENT	IrxMWAGYUkI	MPREb_f43vnfDbJqB	UCaCcEjxX64iMVm5Kl-imM5Q	Modern Synth-Pop Grooves
What She Said	MOSSS	What She Said	INDIFFERENT	UP_U-h_6eUY	MPREb_WOFMnyrQhZY	UCvJyf1fLyjYPqW4IinhyIoQ	Modern Synth-Pop Grooves
99	MOB CHOIR	99	INDIFFERENT	aFPGhSkx7eA	MPREb_oApbBy51fIv	UCUPrIambd_YANmO2rf_dGAQ	Modern Synth-Pop Grooves
Pan over the hill	ML Buch	Suntub	INDIFFERENT	QCp6mjl10Jc	MPREb_M0foGc9qigX	UCu3gWoMC30xgSzV_coTS1xA	Modern Synth-Pop Grooves
Sentimental Pilot	MEZERG	VOL RETARDÉ DE 42 MN	INDIFFERENT	FsLmBdHk9Lo	MPREb_BnwKFqTcPCT	UCpqvE-Lht43V58rR0JVWArg	Modern Synth-Pop Grooves
RUNNING IN THE 90'S	MAX COVERI	SUPER EUROBEAT presents INITIAL D ～D SELECTION～	INDIFFERENT	8WEe-MmC4ag	MPREb_0isrD8WmkfB	UC0TdNEWRw0bEZ6S1H6KTQ2Q	Modern Synth-Pop Grooves
GAS GAS GAS	MANUEL	SUPER EUROBEAT VOL.181	INDIFFERENT	fTFxE32onKs	MPREb_bWyjyd4j0dG	UCzpZADDpN2rzSu2ZdIMMg3w	Modern Synth-Pop Grooves
Life Will Change	Lyn	PERSONA5 ORIGINAL SOUNDTRACK	INDIFFERENT	dsuJZx24V_A	MPREb_Zk6wFf5XJyi	UCJDvRiWvolEhRLPAVoOzGTA	Modern Synth-Pop Grooves
Last Surprise	Lyn	PERSONA5 ORIGINAL SOUNDTRACK	INDIFFERENT	ZNGqBDRJgvo	MPREb_Zk6wFf5XJyi	UCJDvRiWvolEhRLPAVoOzGTA	Modern Synth-Pop Grooves
I Follow Rivers (The Magician Remix)	Lykke Li	Wounded Rhymes (Anniversary Edition)	INDIFFERENT	4CaEGG0xpMk	MPREb_3xWW86BaceB	UCT5O41GykmKuyD2lQlwm5DA	Modern Synth-Pop Grooves
A Friend	Ludwig Göransson	The Mandalorian: Season 2, Vol. 2 (Chapters 13-16)	INDIFFERENT	Vt0T2QlWf8c	MPREb_1R3GlHCnD0W	UCOpLOH5uXtBzwc7LKOr0y-Q	Modern Synth-Pop Grooves
The Mandalorian	Ludwig Göransson	The Mandalorian: Chapter 1 (Original Score)	INDIFFERENT	xXp4GnC1Z3Q	MPREb_MHuhCxz4Su6	UCOpLOH5uXtBzwc7LKOr0y-Q	Modern Synth-Pop Grooves
The Book of Boba Fett	Ludwig Göransson	The Book of Boba Fett: Vol. 1 (Chapters 1-4) (Original Soundtrack)	INDIFFERENT	NGzInU2JrJE	MPREb_1Vx6wf4Gx2H	UCOpLOH5uXtBzwc7LKOr0y-Q	Modern Synth-Pop Grooves
RAINY NIGHT IN TALLINN	Ludwig Göransson	Tenet (Original Motion Picture Soundtrack) (Deluxe Edition)	INDIFFERENT	p0tQLPPYcRY	MPREb_Te8DoiEirBO	UCOpLOH5uXtBzwc7LKOr0y-Q	Modern Synth-Pop Grooves
POSTERITY	Ludwig Göransson	Tenet (Original Motion Picture Soundtrack) (Deluxe Edition)	INDIFFERENT	Xdcpxs7wh90	MPREb_Te8DoiEirBO	UCOpLOH5uXtBzwc7LKOr0y-Q	Modern Synth-Pop Grooves
Trinity	Ludwig Göransson	Oppenheimer (Original Motion Picture Soundtrack)	INDIFFERENT	b0d8sSmZqzs	MPREb_Bl1qkU0q9XP	UCOpLOH5uXtBzwc7LKOr0y-Q	Modern Synth-Pop Grooves
Quantum Mechanics	Ludwig Göransson	Oppenheimer (Original Motion Picture Soundtrack)	INDIFFERENT	8TLR-TTXDY8	MPREb_Bl1qkU0q9XP	UCOpLOH5uXtBzwc7LKOr0y-Q	Modern Synth-Pop Grooves
Oppenheimer	Ludwig Göransson	Oppenheimer (Original Motion Picture Soundtrack)	INDIFFERENT	j11Nm4i4XbI	MPREb_Bl1qkU0q9XP	UCOpLOH5uXtBzwc7LKOr0y-Q	Modern Synth-Pop Grooves
Meeting Kitty	Ludwig Göransson	Oppenheimer (Original Motion Picture Soundtrack)	INDIFFERENT	Z93gSAyWjtQ	MPREb_Bl1qkU0q9XP	UCOpLOH5uXtBzwc7LKOr0y-Q	Modern Synth-Pop Grooves
Meeting Kitty	Ludwig Göransson	Oppenheimer (Original Motion Picture Soundtrack)	INDIFFERENT	Z93gSAyWjtQ	MPREb_Bl1qkU0q9XP	UCOpLOH5uXtBzwc7LKOr0y-Q	Modern Synth-Pop Grooves
Los Alamos	Ludwig Göransson	Oppenheimer (Original Motion Picture Soundtrack)	INDIFFERENT	nNiHetq8-bg	MPREb_Bl1qkU0q9XP	UCOpLOH5uXtBzwc7LKOr0y-Q	Modern Synth-Pop Grooves
Gravity Swallows Light	Ludwig Göransson	Oppenheimer (Original Motion Picture Soundtrack)	INDIFFERENT	oGyQwSwMI94	MPREb_Bl1qkU0q9XP	UCOpLOH5uXtBzwc7LKOr0y-Q	Modern Synth-Pop Grooves
Fusion	Ludwig Göransson	Oppenheimer (Original Motion Picture Soundtrack)	INDIFFERENT	-U4VnWX1ZD4	MPREb_Bl1qkU0q9XP	UCOpLOH5uXtBzwc7LKOr0y-Q	Modern Synth-Pop Grooves
Fission	Ludwig Göransson	Oppenheimer (Original Motion Picture Soundtrack)	INDIFFERENT	vx7S3v7u7jY	MPREb_Bl1qkU0q9XP	UCOpLOH5uXtBzwc7LKOr0y-Q	Modern Synth-Pop Grooves
Destroyer Of Worlds	Ludwig Göransson	Oppenheimer (Original Motion Picture Soundtrack)	INDIFFERENT	Pswx6OQp1Ks	MPREb_Bl1qkU0q9XP	UCOpLOH5uXtBzwc7LKOr0y-Q	Modern Synth-Pop Grooves
Can You Hear The Music	Ludwig Göransson	Oppenheimer (Original Motion Picture Soundtrack)	INDIFFERENT	4JZ-o3iAJv4	MPREb_Bl1qkU0q9XP	UCOpLOH5uXtBzwc7LKOr0y-Q	Modern Synth-Pop Grooves
Atmospheric Ignition	Ludwig Göransson	Oppenheimer (Original Motion Picture Soundtrack)	INDIFFERENT	pCEVj0nV7M8	MPREb_Bl1qkU0q9XP	UCOpLOH5uXtBzwc7LKOr0y-Q	Modern Synth-Pop Grooves
American Prometheus	Ludwig Göransson	Oppenheimer (Original Motion Picture Soundtrack)	INDIFFERENT	UysO8R1vqA8	MPREb_Bl1qkU0q9XP	UCOpLOH5uXtBzwc7LKOr0y-Q	Modern Synth-Pop Grooves
A Lowly Shoe Salesman	Ludwig Göransson	Oppenheimer (Original Motion Picture Soundtrack)	INDIFFERENT	X-jOQkXJuIw	MPREb_Bl1qkU0q9XP	UCOpLOH5uXtBzwc7LKOr0y-Q	Modern Synth-Pop Grooves
Runnin (From 'Creed II' Soundtrack) (feat. A$AP Rocky & Jacob Banks)	Ludwig Göransson	Creed II (Score & Music from the Original Motion Picture)	INDIFFERENT	LPdsoKgljkc	MPREb_f3zJt4eQfM3	UCOpLOH5uXtBzwc7LKOr0y-Q	Modern Synth-Pop Grooves
Runnin (From 'Creed II' Soundtrack) (feat. A$AP Rocky & Jacob Banks)	Ludwig Göransson	Creed II (Score & Music from the Original Motion Picture)	INDIFFERENT	LPdsoKgljkc	MPREb_f3zJt4eQfM3	UCOpLOH5uXtBzwc7LKOr0y-Q	Modern Synth-Pop Grooves
Wakanda (feat. Baaba Maal)	Ludwig Göransson	Black Panther (Original Score)	INDIFFERENT	OLtSLZEWK78	MPREb_mOJfyzpCyZF	UCOpLOH5uXtBzwc7LKOr0y-Q	Modern Synth-Pop Grooves
Killmonger	Ludwig Göransson	Black Panther (Original Score)	INDIFFERENT	yYCbSl3lGq0	MPREb_mOJfyzpCyZF	UCOpLOH5uXtBzwc7LKOr0y-Q	Modern Synth-Pop Grooves
A Phantom Pain	Ludvig Forssell	METAL GEAR SOLID Ⅴ ORIGINAL SOUNDTRACK SELECTION	INDIFFERENT	sO8d1CIFV8w	MPREb_z2Ehrxgw3XV	UC9YPZnaKGxpZ63_Wd3ferDw	Modern Synth-Pop Grooves
BB's Theme (From 'Death Stranding' Score)	Ludvig Forssell	BB's Theme (From 'Death Stranding' Score)	INDIFFERENT	bVavFG7xJ88	MPREb_fSvBbFPgUVk	UC9YPZnaKGxpZ63_Wd3ferDw	Modern Synth-Pop Grooves
Don't Be so Serious	Low Roar	Once in a Long, Long While...	INDIFFERENT	D56XxiS_pJ0	MPREb_4VCCtr4Rl7i	UCwLBthCoECxQS2Kn0cnWQZQ	Modern Synth-Pop Grooves
Color Your Night	Lotus Juice	Persona 3 Reload Original Soundtrack	INDIFFERENT	j9Sn1nFGQQ8	MPREb_mXptORiImqG	UCeFCIlD8AJsR6hZg5-LtZag	Modern Synth-Pop Grooves
Mission: Accomplished	Lorne Balfe	Mission: Impossible - Fallout (Music from the Motion Picture)	INDIFFERENT	w9xe9nYe9NQ	MPREb_pZiQ3eUVKjW	UCvTXGTZf9EvuCAwZOkoR2iQ	Modern Synth-Pop Grooves
Fallout	Lorne Balfe	Mission: Impossible - Fallout (Music from the Motion Picture)	INDIFFERENT	ghGBuROVSKo	MPREb_pZiQ3eUVKjW	UCvTXGTZf9EvuCAwZOkoR2iQ	Modern Synth-Pop Grooves
Fallout	Lorne Balfe	Mission: Impossible - Fallout (Music from the Motion Picture)	INDIFFERENT	ghGBuROVSKo	MPREb_pZiQ3eUVKjW	UCvTXGTZf9EvuCAwZOkoR2iQ	Modern Synth-Pop Grooves
Black Adam Theme (from 'Black Adam')	Lorne Balfe	Black Adam (Original Motion Picture Soundtrack)	INDIFFERENT	Lzs7ANbGApc	MPREb_7WnNYqFAFI2	UCvTXGTZf9EvuCAwZOkoR2iQ	Modern Synth-Pop Grooves
Assassin's Creed III Main Theme	Lorne Balfe	Assassin’s Creed 3 (Original Game Soundtrack)	INDIFFERENT	JW-1f_pO_mI	MPREb_dRye9e3f0r2	UCvTXGTZf9EvuCAwZOkoR2iQ	Modern Synth-Pop Grooves
Assassins Creed Theme	Lorne Balfe	Assassin's Creed Revelations (The Complete Recordings) [Original Game Soundtrack]	INDIFFERENT	hKTnfmVr92I	MPREb_lelDmP1IbXM	UCvTXGTZf9EvuCAwZOkoR2iQ	Modern Synth-Pop Grooves
Lumière	Lorien Testard	Clair Obscur: Expedition 33 (Original Soundtrack)	INDIFFERENT	iqizXvvWnmM	MPREb_t7GqDVr8jSK	UC7RqhGGwPnXMbl6WplSIH3Q	Modern Synth-Pop Grooves
Why Do We Fall? (From 'The Dark Knight Rises')	London Music Works	Music from the Batman Trilogy	INDIFFERENT	uVhQHkRUyuI	MPREb_MACQE7wvX1V	UC_Z0gBzfztXkHKNN9FBhyzg	Modern Synth-Pop Grooves
Something Stupid (From 'Better Call Saul')	Lola Marsh	Something Stupid (From 'Better Call Saul')	INDIFFERENT	F8dKVbP1Nzo	MPREb_sNnAJJq4rlq	UCbJHXCIcKP2L3O0JnZC0nVg	Modern Synth-Pop Grooves
Something Stupid (From 'Better Call Saul')	Lola Marsh	Something Stupid (From 'Better Call Saul')	INDIFFERENT	F8dKVbP1Nzo	MPREb_sNnAJJq4rlq	UCbJHXCIcKP2L3O0JnZC0nVg	Modern Synth-Pop Grooves
a memory, a dream	LochHaven	to be remembered	INDIFFERENT	_QTB4W2W5mU	MPREb_Hf2FBj9HDum	UCsFYciG52Efs5UR4LfsaszA	Modern Synth-Pop Grooves
Wax & Wire	Loch Lomond	Night Bats	INDIFFERENT	ic9XagDdM_Y	MPREb_vvXmKWJQmxE	UCLsMucWVu4aJvolHaX-FbLg	Modern Synth-Pop Grooves
Distance Calling	Local Artist	Expanding Horizons	INDIFFERENT	VnFuztsrzhw	MPREb_bzCVLWEqPSz	UC4l9TkzE1l12gTupnWebhdg	Modern Synth-Pop Grooves
Cult of Personality (Remastered 2023)	Living Colour	Cult of Personality (Remastered 2023)	INDIFFERENT	d5VYBPb3d9c	MPREb_dhF1qhE4POL	UCAqFudoTPzFWthg6BYzMa1g	Modern Synth-Pop Grooves
Klapp Klapp	Little Dragon	Nabuma Rubberband	INDIFFERENT	uLUNzp0k5S0	MPREb_X6H0g8Csxbx	UC7oADPAbivBVFIm0ULUUtvg	Modern Synth-Pop Grooves
Lover Chanting	Little Dragon	Lover Chanting	INDIFFERENT	8XIeEp9QCis	MPREb_xIN9qdor4AY	UC7oADPAbivBVFIm0ULUUtvg	Modern Synth-Pop Grooves
Parallelograms	Linda Perhacs	Parallelograms	INDIFFERENT	jpkFXDXgQ9Y	MPREb_IpNwpi1j9hZ	UCdE7FY3GAEs8j-UWc8ZTuUw	Modern Synth-Pop Grooves
Love is Won	Lia Ices	Grown Unknown	INDIFFERENT	11h5j7Add0g	MPREb_fL1qvejcgAP	UC9hpx38n6LFC5d8pxW8QouQ	Modern Synth-Pop Grooves
Siesta Freestyle	Lewis OfMan	Dancy Party	INDIFFERENT	0qiQgemBrY4	MPREb_BXX2XtobEGo	UChiaOem-lr83R44MY82ZnUQ	Modern Synth-Pop Grooves
Attitude	Lewis OfMan	Attitude	INDIFFERENT	_vyV_jNNZ-Q	MPREb_8o83WHMmbte	UChiaOem-lr83R44MY82ZnUQ	Modern Synth-Pop Grooves
Ooh Child	Levitation Room	Headspace	INDIFFERENT	V2T5ShfJhNM	MPREb_9a23AiAxCL0	UCcGjNUpddmEbAYRLH7xX3ZQ	Modern Synth-Pop Grooves
Creator	Lena Raine	Minecraft: Tricky Trials (Original Game Soundtrack)	INDIFFERENT	Qtf8YFw8iZg	MPREb_vzM6EavzQ7X	UCM_yfxZqDqjGKca9mkPy0rQ	Modern Synth-Pop Grooves
Pigstep (Stereo Mix)	Lena Raine	Minecraft: Nether Update (Original Game Soundtrack)	INDIFFERENT	BTthtlT80Rc	MPREb_xI3q2GvT7b3	UCM_yfxZqDqjGKca9mkPy0rQ	Modern Synth-Pop Grooves
otherside	Lena Raine	Minecraft: Caves & Cliffs (Original Game Soundtrack)	INDIFFERENT	kK81m-A3qpU	MPREb_9F6fsDOVZ8v	UCM_yfxZqDqjGKca9mkPy0rQ	Modern Synth-Pop Grooves
Infinite Amethyst	Lena Raine	Minecraft: Caves & Cliffs (Original Game Soundtrack)	INDIFFERENT	y-f8pEX1Q1M	MPREb_9F6fsDOVZ8v	UCM_yfxZqDqjGKca9mkPy0rQ	Modern Synth-Pop Grooves
Resurrections	Lena Raine	Celeste (Original Soundtrack)	INDIFFERENT	-YjgOzSQNQ0	MPREb_Ae7OvsApdcM	UCM_yfxZqDqjGKca9mkPy0rQ	Modern Synth-Pop Grooves
Resurrections	Lena Raine	Celeste (Original Soundtrack)	INDIFFERENT	-YjgOzSQNQ0	MPREb_Ae7OvsApdcM	UCM_yfxZqDqjGKca9mkPy0rQ	Modern Synth-Pop Grooves
GTA III FULL Theme HQ	Legomanarthur		INDIFFERENT	qqpTq9_rf_Q		UC5KJswNCRQmCgUcgsdbICzw	Modern Synth-Pop Grooves
John Wick Mode	Le Castle Vania	John Wick: Chapter 2 (Original Motion Picture Soundtrack)	INDIFFERENT	r6EBfbFiybI	MPREb_uiPNLh7pd1V	UCaBt14IgRdZEUiER-u3qScw	Modern Synth-Pop Grooves
Shots Fired	Le Castle Vania	John Wick (Original Motion Picture Soundtrack)	INDIFFERENT	JpwTx4G2EAM	MPREb_JmF9YmeLbTJ	UCaBt14IgRdZEUiER-u3qScw	Modern Synth-Pop Grooves
Wetwork	Le Castle Vania	Himmel und Hölle (From John Wick: Chapter 4 Original Motion Picture Soundtrack)	INDIFFERENT	Rny9te-aWi0	MPREb_1CnSYsMusfc	UCaBt14IgRdZEUiER-u3qScw	Modern Synth-Pop Grooves
Blood Code	Le Castle Vania	Himmel und Hölle (From John Wick: Chapter 4 Original Motion Picture Soundtrack)	INDIFFERENT	2Z7-wbaUxzw	MPREb_1CnSYsMusfc	UCaBt14IgRdZEUiER-u3qScw	Modern Synth-Pop Grooves
Zombies on Your Lawn	Laura Shigihara	Plants Vs. Zombies (Original Video Game Soundtrack)	INDIFFERENT	HI7Vne_q6Lg	MPREb_7ANhczyNNpf	UCYPcB71Ajjy7tfXmpuFW40g	Modern Synth-Pop Grooves
Watery Graves (In-Game)	Laura Shigihara	Plants Vs. Zombies (Original Video Game Soundtrack)	INDIFFERENT	ov86aOphmNs	MPREb_7ANhczyNNpf	UCYPcB71Ajjy7tfXmpuFW40g	Modern Synth-Pop Grooves
Ultimate Battle	Laura Shigihara	Plants Vs. Zombies (Original Video Game Soundtrack)	INDIFFERENT	TO4KTxv7_4w	MPREb_7ANhczyNNpf	UCYPcB71Ajjy7tfXmpuFW40g	Modern Synth-Pop Grooves
Loonboon (In-Game)	Laura Shigihara	Plants Vs. Zombies (Original Video Game Soundtrack)	INDIFFERENT	m0wEbmaakuo	MPREb_7ANhczyNNpf	UCYPcB71Ajjy7tfXmpuFW40g	Modern Synth-Pop Grooves
Graze the Roof	Laura Shigihara	Plants Vs. Zombies (Original Video Game Soundtrack)	INDIFFERENT	hrhc7WF1VMM	MPREb_7ANhczyNNpf	UCYPcB71Ajjy7tfXmpuFW40g	Modern Synth-Pop Grooves
Grasswalk	Laura Shigihara	Plants Vs. Zombies (Original Video Game Soundtrack)	INDIFFERENT	vtAxGidDY7o	MPREb_7ANhczyNNpf	UCYPcB71Ajjy7tfXmpuFW40g	Modern Synth-Pop Grooves
Brainiac Maniac	Laura Shigihara	Plants Vs. Zombies (Original Video Game Soundtrack)	INDIFFERENT	mzL8GugPslM	MPREb_7ANhczyNNpf	UCYPcB71Ajjy7tfXmpuFW40g	Modern Synth-Pop Grooves
Moon in Reverse	La Luz	News of the Universe	INDIFFERENT	mzVlT-qkblk	MPREb_5YcYxKTPGS8	UCEYnbttMVGHNeBVtjpkTlAg	Modern Synth-Pop Grooves
Où va le monde	La Femme	Mystère	INDIFFERENT	zuRPdrX-ZbU	MPREb_mouhMB2CMYq	UCPzW8d-6Bvwa0cEK4jeQpdQ	Modern Synth-Pop Grooves
DON'T STOP THE MUSIC	LOU GRANT	SUPER EUROBEAT presents INITIAL D ～D SELECTION～	INDIFFERENT	OS7ktxdKLU4	MPREb_0isrD8WmkfB	UC7GqcfI_gI7I-BeshjFHpoA	Modern Synth-Pop Grooves
Last Dance	LEISURE	Leisurevision	INDIFFERENT	PEPre7_GGog	MPREb_TbdkLu1ot7w	UCcP3eQgGdM_PUtbS03PgpKg	Modern Synth-Pop Grooves
Got It Bad	LEISURE	Leisure	INDIFFERENT	1qzZm3LuG5E	MPREb_XS7gXqFvITj	UCcP3eQgGdM_PUtbS03PgpKg	Modern Synth-Pop Grooves
all my friends (live at madison square garden)	LCD Soundsystem	the long goodbye (lcd soundsystem live at madison square garden)	INDIFFERENT	NIjBIQ7Ixn4	MPREb_rxLPZTcIO1T	UCdsmJG8eFcr6Lxgau8E7afg	Modern Synth-Pop Grooves
chrysalis	L'Impératrice	chrysalis	INDIFFERENT	qTmYL4-k7EE	MPREb_bR2IC45dTby	UCOsADrywlh1KRCU3IPAXk_g	Modern Synth-Pop Grooves
Voodoo?	L'Impératrice	Tako Tsubo (Extended)	INDIFFERENT	J2icE3CiMm4	MPREb_rcDxnb9JYe6	UCOsADrywlh1KRCU3IPAXk_g	Modern Synth-Pop Grooves
Tombée pour la scène	L'Impératrice	Tako Tsubo	INDIFFERENT	jD-ugu0NUig	MPREb_6D0epf35Wuj	UCOsADrywlh1KRCU3IPAXk_g	Modern Synth-Pop Grooves
Tant d'amour perdu	L'Impératrice	Tako Tsubo	INDIFFERENT	Y_UMw8mbr1s	MPREb_6D0epf35Wuj	UCOsADrywlh1KRCU3IPAXk_g	Modern Synth-Pop Grooves
Souffle au coeur	L'Impératrice	Tako Tsubo	INDIFFERENT	KYS6552pTAg	MPREb_6D0epf35Wuj	UCOsADrywlh1KRCU3IPAXk_g	Modern Synth-Pop Grooves
Off to the Side	L'Impératrice	Tako Tsubo	INDIFFERENT	zPY_eiPMc20	MPREb_6D0epf35Wuj	UCOsADrywlh1KRCU3IPAXk_g	Modern Synth-Pop Grooves
L'équilibriste	L'Impératrice	Tako Tsubo	INDIFFERENT	8Pi0o-DBTXY	MPREb_6D0epf35Wuj	UCOsADrywlh1KRCU3IPAXk_g	Modern Synth-Pop Grooves
Hématome	L'Impératrice	Tako Tsubo	INDIFFERENT	XNO2v33K4ts	MPREb_6D0epf35Wuj	UCOsADrywlh1KRCU3IPAXk_g	Modern Synth-Pop Grooves
Digital Sunset	L'Impératrice	Tako Tsubo	INDIFFERENT	S9UjqIAcSHM	MPREb_6D0epf35Wuj	UCOsADrywlh1KRCU3IPAXk_g	Modern Synth-Pop Grooves
Séquences (Parcels Remix)	L'Impératrice	Séquences (Remixes)	INDIFFERENT	ONASXXnp3Dk	MPREb_omb9JHizFTi	UCOsADrywlh1KRCU3IPAXk_g	Modern Synth-Pop Grooves
Sultans des îles	L'Impératrice	Séquences	INDIFFERENT	_Y7IPTHJzSI	MPREb_Xs1bGFZ1xPE	UCOsADrywlh1KRCU3IPAXk_g	Modern Synth-Pop Grooves
Sweet & Sublime (feat. Erick the Architect)	L'Impératrice	Sweet & Sublime	INDIFFERENT	NqtHUXc5Kw4	MPREb_crGb53YOvAZ	UCOsADrywlh1KRCU3IPAXk_g	Modern Synth-Pop Grooves
Stand on the Word - Le Grand Noël	L'Impératrice	Stand on the Word - Le Grand Noël	INDIFFERENT	TkveiDS8j2Q	MPREb_n2btnVSgFWv	UCOsADrywlh1KRCU3IPAXk_g	Modern Synth-Pop Grooves
Sonate Pacifique (Radio Edit) (feat. Isaac Delusion)	L'Impératrice	Sonate Pacifique (Radio Edit)	INDIFFERENT	2nOhQyhRHv0	MPREb_B4SPde8uqjn	UCOsADrywlh1KRCU3IPAXk_g	Modern Synth-Pop Grooves
Naufrage en Adriatique	L'Impératrice	Sonate Pacifique	INDIFFERENT	d414nPNQJkE	MPREb_q1Xn1JQenu6	UCOsADrywlh1KRCU3IPAXk_g	Modern Synth-Pop Grooves
Aquadanse	L'Impératrice	Sonate Pacifique	INDIFFERENT	W-2Cn7jfL7c	MPREb_q1Xn1JQenu6	UCOsADrywlh1KRCU3IPAXk_g	Modern Synth-Pop Grooves
A View to a Kill	L'Impératrice	Sonate Pacifique	INDIFFERENT	NMxi6yAajnE	MPREb_q1Xn1JQenu6	UCOsADrywlh1KRCU3IPAXk_g	Modern Synth-Pop Grooves
Pulsar	L'Impératrice	Pulsar	INDIFFERENT	F_lidYLcDBA	MPREb_0cepO7Rdz2Y	UCOsADrywlh1KRCU3IPAXk_g	Modern Synth-Pop Grooves
Love from the Other Side	L'Impératrice	Pulsar	INDIFFERENT	vl63vi9Gc-g	MPREb_0cepO7Rdz2Y	UCOsADrywlh1KRCU3IPAXk_g	Modern Synth-Pop Grooves
Girl!	L'Impératrice	Pulsar	INDIFFERENT	xGvg52syR0o	MPREb_0cepO7Rdz2Y	UCOsADrywlh1KRCU3IPAXk_g	Modern Synth-Pop Grooves
Déjà-vue	L'Impératrice	Pulsar	INDIFFERENT	Fqy2NilDTrQ	MPREb_0cepO7Rdz2Y	UCOsADrywlh1KRCU3IPAXk_g	Modern Synth-Pop Grooves
Danza Marilù (feat. Fabiana Martone)	L'Impératrice	Pulsar	INDIFFERENT	VEzxrHHyuX0	MPREb_0cepO7Rdz2Y	UCOsADrywlh1KRCU3IPAXk_g	Modern Synth-Pop Grooves
Cosmogonie	L'Impératrice	Pulsar	INDIFFERENT	opW9eZZeDhs	MPREb_0cepO7Rdz2Y	UCOsADrywlh1KRCU3IPAXk_g	Modern Synth-Pop Grooves
Amour Ex Machina	L'Impératrice	Pulsar	INDIFFERENT	8ErPRCCgyWo	MPREb_0cepO7Rdz2Y	UCOsADrywlh1KRCU3IPAXk_g	Modern Synth-Pop Grooves
Épilogue	L'Impératrice	Odyssée - EP	INDIFFERENT	ZJgeOgs-8v0	MPREb_c14PSOQDoxo	UCOsADrywlh1KRCU3IPAXk_g	Modern Synth-Pop Grooves
Odyssée	L'Impératrice	Odyssée - EP	INDIFFERENT	Mzup2mT3TBg	MPREb_c14PSOQDoxo	UCOsADrywlh1KRCU3IPAXk_g	Modern Synth-Pop Grooves
Le départ	L'Impératrice	Odyssée - EP	INDIFFERENT	ioU3nnKb3FQ	MPREb_c14PSOQDoxo	UCOsADrywlh1KRCU3IPAXk_g	Modern Synth-Pop Grooves
Interlune	L'Impératrice	Odyssée (Version acoustique)	INDIFFERENT	yg1ilyd15zI	MPREb_sMqAw5HDQbr	UCOsADrywlh1KRCU3IPAXk_g	Modern Synth-Pop Grooves
Me Da Igual	L'Impératrice	Me Da Igual	INDIFFERENT	eIiOoOyGaGs	MPREb_jv3lmUG0bvj	UCOsADrywlh1KRCU3IPAXk_g	Modern Synth-Pop Grooves
Vacances	L'Impératrice	Matahari (French Version)	INDIFFERENT	NXpjvEkPTto	MPREb_D2ZD1fQNPe2	UCOsADrywlh1KRCU3IPAXk_g	Modern Synth-Pop Grooves
Paris	L'Impératrice	Matahari (French Version)	INDIFFERENT	lPbeANpSSMA	MPREb_D2ZD1fQNPe2	UCOsADrywlh1KRCU3IPAXk_g	Modern Synth-Pop Grooves
Matahari	L'Impératrice	Matahari (French Version)	INDIFFERENT	7m1AfDNXSBg	MPREb_D2ZD1fQNPe2	UCOsADrywlh1KRCU3IPAXk_g	Modern Synth-Pop Grooves
Masques	L'Impératrice	Matahari (French Version)	INDIFFERENT	yrgWU6n5NPA	MPREb_D2ZD1fQNPe2	UCOsADrywlh1KRCU3IPAXk_g	Modern Synth-Pop Grooves
Ma Starlight	L'Impératrice	Matahari (French Version)	INDIFFERENT	S1IvI7WgfY0	MPREb_D2ZD1fQNPe2	UCOsADrywlh1KRCU3IPAXk_g	Modern Synth-Pop Grooves
Dreaming of You (feat. Isaac Delusion)	L'Impératrice	Matahari (French Version)	INDIFFERENT	CCDCaO0xmTs	MPREb_D2ZD1fQNPe2	UCOsADrywlh1KRCU3IPAXk_g	Modern Synth-Pop Grooves
Balade fantôme	L'Impératrice	Matahari (French Version)	INDIFFERENT	EymdwDgMG5s	MPREb_D2ZD1fQNPe2	UCOsADrywlh1KRCU3IPAXk_g	Modern Synth-Pop Grooves
The Kiss (feat. Jamo)	L'Impératrice	Matahari	INDIFFERENT	TChw3xBM9XE	MPREb_ryoYeXXdkTv	UCOsADrywlh1KRCU3IPAXk_g	Modern Synth-Pop Grooves
Là-haut	L'Impératrice	Matahari	INDIFFERENT	uXTKZryD8yY	MPREb_ryoYeXXdkTv	UCOsADrywlh1KRCU3IPAXk_g	Modern Synth-Pop Grooves
I Wanna Dance with Somebody (Who Loves Me) - InVersions 80s	L'Impératrice	I Wanna Dance with Somebody (Who Loves Me) - InVersions 80s	INDIFFERENT	6osNgTwRn-M	MPREb_nyDSgNebnG7	UCOsADrywlh1KRCU3IPAXk_g	Modern Synth-Pop Grooves
Histoire d'un soir - Souvenirs d'été	L'Impératrice	Histoire d'un soir - Souvenirs d'été	INDIFFERENT	ErA0LBi5OqY	MPREb_GCvw0UnwyAB	UCOsADrywlh1KRCU3IPAXk_g	Modern Synth-Pop Grooves
Heartquake	L'Impératrice	Heartquake	INDIFFERENT	2LGrMVypJ2s	MPREb_QHvayfkPPrz	UCOsADrywlh1KRCU3IPAXk_g	Modern Synth-Pop Grooves
Forever Nobody (nit Remix)	L'Impératrice	Forever Nobody (nit Remix)	INDIFFERENT	P09fzyJsHCU	MPREb_9cCc9WxRBH0	UCOsADrywlh1KRCU3IPAXk_g	Modern Synth-Pop Grooves
ENTROPIA	L'Impératrice	ENTROPIA	INDIFFERENT	QphB43-BVA0	MPREb_09qNPIPZkOZ	UCOsADrywlh1KRCU3IPAXk_g	Modern Synth-Pop Grooves
Any Way	L'Impératrice	Any Way	INDIFFERENT	6KVj2pmWO_o	MPREb_CbLCdItF39e	UCOsADrywlh1KRCU3IPAXk_g	Modern Synth-Pop Grooves
オバアチャン/破壊 - Grandma - Destruction	Kuniyuki Takahashi	NieR:Automata Original Soundtrack	INDIFFERENT	tDHRpWNq2-s	MPREb_W7rPQTPVBWp	UC_fup1mtZSOnkadVgCrmRgA	Modern Synth-Pop Grooves
Ant-Man 3 (Quantumania) - Goodbye Yellow Brick Road	Krutikov Music	Ant-Man 3 (Quantumania) - Goodbye Yellow Brick Road	INDIFFERENT	N2Jdn-Slp50	MPREb_OXR4VGClUaI	UCB1fEamGYd8dKI1b4BKzmNw	Modern Synth-Pop Grooves
Sokovia Theme	Krutikov Music		INDIFFERENT	OqrsduS3eIo		UCB1fEamGYd8dKI1b4BKzmNw	Modern Synth-Pop Grooves
Threatenin' Zeppelin	Kristofer Maddigan	Cuphead (Original Soundtrack)	INDIFFERENT	-6OGt3jOUxA	MPREb_PkoniZEillt	UCbXDcipaQQHjEm2R2jdcFjw	Modern Synth-Pop Grooves
Threatenin' Zeppelin	Kristofer Maddigan	Cuphead (Original Soundtrack)	INDIFFERENT	-6OGt3jOUxA	MPREb_PkoniZEillt	UCbXDcipaQQHjEm2R2jdcFjw	Modern Synth-Pop Grooves
Ruse of an Ooze	Kristofer Maddigan	Cuphead (Original Soundtrack)	INDIFFERENT	gVgJ6LiyPlM	MPREb_PkoniZEillt	UCbXDcipaQQHjEm2R2jdcFjw	Modern Synth-Pop Grooves
Ruse of an Ooze	Kristofer Maddigan	Cuphead (Original Soundtrack)	INDIFFERENT	gVgJ6LiyPlM	MPREb_PkoniZEillt	UCbXDcipaQQHjEm2R2jdcFjw	Modern Synth-Pop Grooves
One Hell of a Time	Kristofer Maddigan	Cuphead (Original Soundtrack)	INDIFFERENT	pOqsFMNFdDo	MPREb_PkoniZEillt	UCbXDcipaQQHjEm2R2jdcFjw	Modern Synth-Pop Grooves
Murine Corps	Kristofer Maddigan	Cuphead (Original Soundtrack)	INDIFFERENT	zhqMfAKLjuE	MPREb_PkoniZEillt	UCbXDcipaQQHjEm2R2jdcFjw	Modern Synth-Pop Grooves
Floral Fury	Kristofer Maddigan	Cuphead (Original Soundtrack)	INDIFFERENT	2clUY-OsCpY	MPREb_PkoniZEillt	UCbXDcipaQQHjEm2R2jdcFjw	Modern Synth-Pop Grooves
Die House	Kristofer Maddigan	Cuphead (Original Soundtrack)	INDIFFERENT	f9DLhlboCSU	MPREb_PkoniZEillt	UCbXDcipaQQHjEm2R2jdcFjw	Modern Synth-Pop Grooves
Clip Joint Calamity	Kristofer Maddigan	Cuphead (Original Soundtrack)	INDIFFERENT	RRCiA55yZe0	MPREb_PkoniZEillt	UCbXDcipaQQHjEm2R2jdcFjw	Modern Synth-Pop Grooves
Carnival Kerfuffle	Kristofer Maddigan	Cuphead (Original Soundtrack)	INDIFFERENT	ShRtTavUDi8	MPREb_PkoniZEillt	UCbXDcipaQQHjEm2R2jdcFjw	Modern Synth-Pop Grooves
Botanic Panic	Kristofer Maddigan	Cuphead (Original Soundtrack)	INDIFFERENT	ToR93aj9U7w	MPREb_PkoniZEillt	UCbXDcipaQQHjEm2R2jdcFjw	Modern Synth-Pop Grooves
Aviary Action	Kristofer Maddigan	Cuphead (Original Soundtrack)	INDIFFERENT	lC2LN2XjXn0	MPREb_PkoniZEillt	UCbXDcipaQQHjEm2R2jdcFjw	Modern Synth-Pop Grooves
The Warriors	Kohta Yamamoto	Attack on Titan The Final Season Original Soundtrack	INDIFFERENT	xCs5maaY_hw	MPREb_8EpjB1V9HuF	UChsIakKCl4x73kV9lcS6H7g	Modern Synth-Pop Grooves
The Other Side of the Sea	Kohta Yamamoto	Attack on Titan The Final Season Original Soundtrack	INDIFFERENT	BTEPejgVJPI	MPREb_8EpjB1V9HuF	UChsIakKCl4x73kV9lcS6H7g	Modern Synth-Pop Grooves
The Other Side of the Sea	Kohta Yamamoto	Attack on Titan The Final Season Original Soundtrack	INDIFFERENT	BTEPejgVJPI	MPREb_8EpjB1V9HuF	UChsIakKCl4x73kV9lcS6H7g	Modern Synth-Pop Grooves
The Other Side of the Sea	Kohta Yamamoto	Attack on Titan The Final Season Original Soundtrack	INDIFFERENT	BTEPejgVJPI	MPREb_8EpjB1V9HuF	UChsIakKCl4x73kV9lcS6H7g	Modern Synth-Pop Grooves
Splinter Wolf	Kohta Yamamoto	Attack on Titan The Final Season Original Soundtrack	INDIFFERENT	p3MivL4Fyk8	MPREb_8EpjB1V9HuF	UChsIakKCl4x73kV9lcS6H7g	Modern Synth-Pop Grooves
Ashes on The Fire(進撃の巨人 The Final Season Original Soundtrack) - Ashes on The Fire (Attack on Titan The Final Season Original Soundtrack)	Kohta Yamamoto	Ashes on The Fire (Attack on Titan The Final Season Original Soundtrack)	INDIFFERENT	am8dr5lNMjc	MPREb_symUrV96v9G	UChsIakKCl4x73kV9lcS6H7g	Modern Synth-Pop Grooves
おれの最高地点 - Ore no saikouchiten	Kohei Tanaka	Ore no saikouchiten	INDIFFERENT	I3VA2GRYS0E	MPREb_Qp9Tz9T5lZ2	UCUa-4QusQHebto0_1zBTd4w	Modern Synth-Pop Grooves
ルフィ復活 - LUFFY FUKKATSU	Kohei Tanaka	ONE PIECE Original Soundtrack'GEAR5'	INDIFFERENT	SW3wAV-athY	MPREb_bSRrtlEdf6o	UCUa-4QusQHebto0_1zBTd4w	Modern Synth-Pop Grooves
麦わら海賊団､反撃開始! - Mugiwara kaizokudan､hangeki kaishi!	Kohei Tanaka	ONE PIECE MOVIE 'Karakurijou no Mecha Kyohei' Sound track	INDIFFERENT	tsEx6PLU0ng	MPREb_A1VCJMq1K66	UCUa-4QusQHebto0_1zBTd4w	Modern Synth-Pop Grooves
反撃の狼煙 ～麦わら海賊団 王宮に現る～ - Hangeki no noroshi ～mugiwara kaizokudan oukyuu ni arawaru～	Kohei Tanaka	ONE PIECE FILM STRONG WORLD ORIGINAL SOUNDTRACK	INDIFFERENT	YmQcMt4hE-U	MPREb_wfvvBtn97ct	UCUa-4QusQHebto0_1zBTd4w	Modern Synth-Pop Grooves
作戦開始 ～襲われる村～ - Sakusen kaishi ～osowareru mura～	Kohei Tanaka	ONE PIECE FILM STRONG WORLD ORIGINAL SOUNDTRACK	INDIFFERENT	tSodDqXJMI0	MPREb_wfvvBtn97ct	UCUa-4QusQHebto0_1zBTd4w	Modern Synth-Pop Grooves
Water Flow	Klyne	Klyne	INDIFFERENT	-bZIxRCpzYI	MPREb_FZ2w9m0UYx9	UCsgdWQuzSj50uiyzIzfy1Ow	Modern Synth-Pop Grooves
Doctor Marvello	Klaatu	3:47 EST	INDIFFERENT	rz_OnMa4EFI	MPREb_eDdT6SsjZEk	UCdFv_lJi9g6A3xqzeV9RRCA	Modern Synth-Pop Grooves
限界突破×サバイバー - Limit Break x Survivor	Kiyoshi Hikawa	Limit Break x Survivor	INDIFFERENT	ZW7gqSBQ4VI	MPREb_Umw5k4K3Sve	UCfMkg37JR-OAUS_6WVM1QVw	Modern Synth-Pop Grooves
The Stains of Time	Kit Walters	METAL GEAR RISING REVENGEANCE Vocal Tracks Selection	INDIFFERENT	Ep7Ni6dtQaA	MPREb_hUEq5DHhN5I	UC_RMZFqN1d_xkHKSqtmzETA	Modern Synth-Pop Grooves
Theia	King Gizzard & The Lizard Wizard	The Silver Cord	INDIFFERENT	jWJuIsWnrZ0	MPREb_A9vs03uK5Oj	UC-3mACkWPK3QluQYi5dHQCA	Modern Synth-Pop Grooves
The Floating Fire	King Gizzard & The Lizard Wizard	Murder of the Universe	INDIFFERENT	YqNGmksX4eY	MPREb_34oeBuULiLc	UC-3mACkWPK3QluQYi5dHQCA	Modern Synth-Pop Grooves
Altered Beast II	King Gizzard & The Lizard Wizard	Murder of the Universe	INDIFFERENT	RRngXQ6TZ2o	MPREb_34oeBuULiLc	UC-3mACkWPK3QluQYi5dHQCA	Modern Synth-Pop Grooves
Ataraxia	King Gizzard & The Lizard Wizard	L.W.	INDIFFERENT	oRSAleYfAmE	MPREb_p8ykXCEItJr	UC-3mACkWPK3QluQYi5dHQCA	Modern Synth-Pop Grooves
Ataraxia	King Gizzard & The Lizard Wizard	L.W.	INDIFFERENT	oRSAleYfAmE	MPREb_p8ykXCEItJr	UC-3mACkWPK3QluQYi5dHQCA	Modern Synth-Pop Grooves
Muddy Water	King Gizzard & The Lizard Wizard	Gumboot Soup	INDIFFERENT	fNKpC29QTLc	MPREb_z5Yyrs01NIX	UC-3mACkWPK3QluQYi5dHQCA	Modern Synth-Pop Grooves
Muddy Water	King Gizzard & The Lizard Wizard	Gumboot Soup	INDIFFERENT	fNKpC29QTLc	MPREb_z5Yyrs01NIX	UC-3mACkWPK3QluQYi5dHQCA	Modern Synth-Pop Grooves
Open Water	King Gizzard & The Lizard Wizard	Flying Microtonal Banana	INDIFFERENT	_jurG237PWQ	MPREb_DhlrlegccSV	UC-3mACkWPK3QluQYi5dHQCA	Modern Synth-Pop Grooves
Open Water	King Gizzard & The Lizard Wizard	Flying Microtonal Banana	INDIFFERENT	_jurG237PWQ	MPREb_DhlrlegccSV	UC-3mACkWPK3QluQYi5dHQCA	Modern Synth-Pop Grooves
Open Water	King Gizzard & The Lizard Wizard	Flying Microtonal Banana	INDIFFERENT	_jurG237PWQ	MPREb_DhlrlegccSV	UC-3mACkWPK3QluQYi5dHQCA	Modern Synth-Pop Grooves
Ya Love	King Gizzard & The Lizard Wizard	Butterfly 3000	INDIFFERENT	q3Jc7CdCwoo	MPREb_9PuKUFZJu5g	UC-3mACkWPK3QluQYi5dHQCA	Modern Synth-Pop Grooves
Model Man	King Crimson	Three of a Perfect Pair (Expanded Edition)	INDIFFERENT	FBlkBykYeeE	MPREb_BXBkV9xO8Tu	UCXRfLRK3qq6aMo33p-UK7xw	Modern Synth-Pop Grooves
Moon (And It Went Like)	Kid Francescoli	Play Me Again	INDIFFERENT	Jo8oBudDZ1s	MPREb_oekFQh5PrTY	UCLKAOo5vEjT2d1GNsMjhlfw	Modern Synth-Pop Grooves
Les Vitrines	Kid Francescoli	Play Me Again	INDIFFERENT	79bVRrPgeoY	MPREb_oekFQh5PrTY	UCLKAOo5vEjT2d1GNsMjhlfw	Modern Synth-Pop Grooves
Stars In The Sky (From Sonic The Hedgehog 2)	Kid Cudi	Stars In The Sky (From Sonic The Hedgehog 2)	INDIFFERENT	200n3QDRasw	MPREb_DVkP40hI76z	UCo2-dPLJcpbZK84FIt0vD-w	Modern Synth-Pop Grooves
One to Remember (Forget Me Nots Dub)	Khruangbin & Harvey Sutherland	Mordechai Remixes	INDIFFERENT	2I-STYmXpLc	MPREb_AL8A02ADCxN		Modern Synth-Pop Grooves
Little Joe and Mary ii	Khruangbin	The Universe Smiles Upon You ii	INDIFFERENT	yCS-unUfpCM	MPREb_wVzfHiso5Of	UCW2SLxltqPa553qretr4KzQ	Modern Synth-Pop Grooves
Mary Always	Khruangbin	Mary Always	INDIFFERENT	vBGhD2ZhAK8	MPREb_hiqLfS6elvK	UCW2SLxltqPa553qretr4KzQ	Modern Synth-Pop Grooves
Dern Kala (Live at RBC Echo Beach)	Khruangbin	Live at RBC Echo Beach	INDIFFERENT	XsbbDIsp-sQ	MPREb_KFihQfSQHo6	UCW2SLxltqPa553qretr4KzQ	Modern Synth-Pop Grooves
The Gift (From “Call of Duty: Black Ops 3 - Revelations”)	Kevin Sherwood	Treyarch Call of Duty Music Anthology, Vol. 3	INDIFFERENT	BB3hvC7aQ0U	MPREb_iAMt9GXc8ck	UCm9xJt17Wv_UVr_9K9vs8gg	Modern Synth-Pop Grooves
Dead Flowers (From “Call of Duty: Black Ops 3 - Zetsubou No Shima”)	Kevin Sherwood	Treyarch Call of Duty Music Anthology, Vol. 2	INDIFFERENT	nc2boV_kIAU	MPREb_FMxUZKuRC2D	UCm9xJt17Wv_UVr_9K9vs8gg	Modern Synth-Pop Grooves
Dead Ended (From “Call of Duty: Black Ops 3 - Gorod Krovi”)	Kevin Sherwood	Treyarch Call of Duty Music Anthology, Vol. 2	INDIFFERENT	ABSaWS400cg	MPREb_FMxUZKuRC2D	UCm9xJt17Wv_UVr_9K9vs8gg	Modern Synth-Pop Grooves
Coming Home (From “Call of Duty: Black Ops - Moon”)	Kevin Sherwood	Treyarch Call of Duty Music Anthology, Vol. 1	INDIFFERENT	6_eYNrTwj7c	MPREb_WTedq73iOkX	UCm9xJt17Wv_UVr_9K9vs8gg	Modern Synth-Pop Grooves
Always Running (From “Call of Duty: Black Ops 2 - Buried”)	Kevin Sherwood	Treyarch Call of Duty Music Anthology, Vol. 1	INDIFFERENT	yGrym6vOFN0	MPREb_WTedq73iOkX	UCm9xJt17Wv_UVr_9K9vs8gg	Modern Synth-Pop Grooves
Abracadavre	Kevin Sherwood	Origins (Original Game Soundtrack)	INDIFFERENT	G3dwKAHPC_s	MPREb_LPBZt5xDHvm	UCm9xJt17Wv_UVr_9K9vs8gg	Modern Synth-Pop Grooves
Abracadavre	Kevin Sherwood	Origins (Original Game Soundtrack)	INDIFFERENT	G3dwKAHPC_s	MPREb_LPBZt5xDHvm	UCm9xJt17Wv_UVr_9K9vs8gg	Modern Synth-Pop Grooves
ゴブリンスレイヤー -MainTheme- - Goblin Slayer MainTheme	Kenichiro Suehiro	'GOBLINSLAYER' ORIGINAL SOUNDTRACK	INDIFFERENT	C7KvlHNwIX0	MPREb_hsdaI6fTvFK	UCufzYjQw4RQLJK2d7p2U_LA	Modern Synth-Pop Grooves
I AM	Ken Arai	Parasyte -the maxiim- Original Soundtrack	INDIFFERENT	gIEjXs5wFMs	MPREb_hhxNf5FMgdC	UCE9p3bCE3uVq2JAfat1rWGA	Modern Synth-Pop Grooves
HYPNOTIK	Ken Arai	Parasyte -the maxiim- Original Soundtrack	INDIFFERENT	nwwORlT3RQU	MPREb_hhxNf5FMgdC	UCE9p3bCE3uVq2JAfat1rWGA	Modern Synth-Pop Grooves
遺サレタ場所/斜光 - City Ruins - Rays of Light	Keiichi Okabe	NieR:Automata Original Soundtrack	INDIFFERENT	hMw-DUnR10s	MPREb_W7rPQTPVBWp	UCQJMRn27AehDICAg77ZIP1g	Modern Synth-Pop Grooves
遺サレタ場所/斜光 - City Ruins - Rays of Light	Keiichi Okabe	NieR:Automata Original Soundtrack	INDIFFERENT	hMw-DUnR10s	MPREb_W7rPQTPVBWp	UCQJMRn27AehDICAg77ZIP1g	Modern Synth-Pop Grooves
生マレ出ヅル意思 - Birth of a Wish	Keiichi Okabe	NieR:Automata Original Soundtrack	INDIFFERENT	ci3gO75B3Yc	MPREb_W7rPQTPVBWp	UCQJMRn27AehDICAg77ZIP1g	Modern Synth-Pop Grooves
美シキ歌 - A Beautiful Song	Keigo Hoashi	NieR:Automata Original Soundtrack	INDIFFERENT	KJBUF-s15co	MPREb_W7rPQTPVBWp	UCcqCERMNIiQRD-xZ5DhSljw	Modern Synth-Pop Grooves
美シキ歌 - A Beautiful Song	Keigo Hoashi	NieR:Automata Original Soundtrack	INDIFFERENT	KJBUF-s15co	MPREb_W7rPQTPVBWp	UCcqCERMNIiQRD-xZ5DhSljw	Modern Synth-Pop Grooves
Headson (feat. LC Elo)	Kazy Lambist	Headson	INDIFFERENT	fAd0n3121PE	MPREb_rsEMDfeO0Sh	UCaywZe_zA0rQqylTkcqKHBQ	Modern Synth-Pop Grooves
JUDGEMENT-審判-【Full Spec Edition】 - JUDGEMENT-SHINPAN- [Full Spec Edition]	Kazuma Kiryu(Takaya Kuroda), Ichiban Kasuga(Kazuhiro Nakaya), SEGA GAME MUSIC, and SEGA SOUND TEAM	LIKE A DRAGON 8 ORIGINAL SOUNDTRACK	INDIFFERENT	Pbhpl_uN0hE	MPREb_TDr6aGJCQAI		Modern Synth-Pop Grooves
Running Up That Hill (A Deal With God)	Kate Bush	Hounds Of Love	INDIFFERENT	D1Fw6CbGAX4	MPREb_9sJyLxgw0QA	UCvwgfsD0OaWx0HJRExrE6uQ	Modern Synth-Pop Grooves
Great Days	Karen Aoki	Great Days	INDIFFERENT	UztXN2rKQNc	MPREb_SOJsC8alxiu	UC-PLQpKaigwclS7X12YYu1g	Modern Synth-Pop Grooves
NO HAY LEY	Kali Uchis	NO HAY LEY	INDIFFERENT	tFF6XvyWeFU	MPREb_rN1jLrdzCJj	UCpkgnBLJpbkVLAob1CaPZsw	Modern Synth-Pop Grooves
Tyrant (feat. Jorja Smith)	Kali Uchis	Isolation	INDIFFERENT	tNCP6QTIbE4	MPREb_m02LPU7HlMR	UCpkgnBLJpbkVLAob1CaPZsw	Modern Synth-Pop Grooves
DYSFUNCTIONAL	KAYTRANADA	DYSFUNCTIONAL	INDIFFERENT	9XQKrv8o9kk	MPREb_vDCZU8eLksu	UCdJvty5IClKVcrXSOyE4sOA	Modern Synth-Pop Grooves
liner	Justin Vernon	hazelton b/w liner	INDIFFERENT	ez4GfxQYiGs	MPREb_9j2vhEg8MlB	UCErVsE3PY-mK0oEuP6vSN2w	Modern Synth-Pop Grooves
Fire	Justice	Woman	INDIFFERENT	U-MN18xPEyw	MPREb_KgoXnvEho79	UCcJLC91v0A0iD-CMUWdZkig	Modern Synth-Pop Grooves
One Night/All Night	Justice	Hyperdrama	INDIFFERENT	qX4FtyHQWVc	MPREb_duLilQ0t6Zi	UCcJLC91v0A0iD-CMUWdZkig	Modern Synth-Pop Grooves
Neverender	Justice	Hyperdrama	INDIFFERENT	fPKVETKHwGk	MPREb_duLilQ0t6Zi	UCcJLC91v0A0iD-CMUWdZkig	Modern Synth-Pop Grooves
Mannequin Love	Justice	Hyperdrama	INDIFFERENT	GeRaEMAkZGo	MPREb_duLilQ0t6Zi	UCcJLC91v0A0iD-CMUWdZkig	Modern Synth-Pop Grooves
Afterimage	Justice	Hyperdrama	INDIFFERENT	VMUvI8CjGVU	MPREb_duLilQ0t6Zi	UCcJLC91v0A0iD-CMUWdZkig	Modern Synth-Pop Grooves
JOJOLION Soft & Wet (Josuke Theme)	JustDemianAgain	JOJOLION Soft & Wet (Josuke Theme)	INDIFFERENT	qr2HyyOYZdc	MPREb_hRUvNZP1JVY	UCxY_1kjJBKK_51sbOrGeZQw	Modern Synth-Pop Grooves
Brothers In Arms (Extended Version)	Junkie XL	Mad Max: Fury Road (Original Motion Picture Soundtrack) (Deluxe Version)	INDIFFERENT	Hez8W3TceZU	MPREb_MBX5xRtfarL	UCTOErcLS8bczDts0vRzE8FQ	Modern Synth-Pop Grooves
Palm Trees	Jungle	Volcano	INDIFFERENT	XMP0BvKJvFQ	MPREb_3e6sRMoeUVi	UC8qPIA18dFORTSUmw0n8U-g	Modern Synth-Pop Grooves
Keep Moving	Jungle	Loving In Stereo	INDIFFERENT	85f78FP7H-Y	MPREb_N0gork5QrX0	UC8qPIA18dFORTSUmw0n8U-g	Modern Synth-Pop Grooves
Bonnie Hill	Jungle	Loving In Stereo	INDIFFERENT	eHDjA2VMwJA	MPREb_N0gork5QrX0	UC8qPIA18dFORTSUmw0n8U-g	Modern Synth-Pop Grooves
All Of The Time	Jungle	Loving In Stereo	INDIFFERENT	s3LguO0H2rI	MPREb_N0gork5QrX0	UC8qPIA18dFORTSUmw0n8U-g	Modern Synth-Pop Grooves
GOOD TIMES (Braxe + Falcon Remix)	Jungle	GOOD TIMES (Braxe + Falcon Remix)	INDIFFERENT	ncAmwkmRBng	MPREb_mQfnNiS5MBj	UC8qPIA18dFORTSUmw0n8U-g	Modern Synth-Pop Grooves
Heavy, California	Jungle	For Ever	INDIFFERENT	hrZduVyfoEs	MPREb_v62TqMRfU64	UC8qPIA18dFORTSUmw0n8U-g	Modern Synth-Pop Grooves
Beat 54 (All Good Now)	Jungle	For Ever	INDIFFERENT	GZKTxVSaR2A	MPREb_v62TqMRfU64	UC8qPIA18dFORTSUmw0n8U-g	Modern Synth-Pop Grooves
Back On 74	Jungle	Back On 74	INDIFFERENT	yTAMgCkbff0	MPREb_KHeTWdmPJBy	UC8qPIA18dFORTSUmw0n8U-g	Modern Synth-Pop Grooves
Lydia Wears A Cross	Julia Jacklin	PRE PLEASURE	INDIFFERENT	TcOkPZqo7Ak	MPREb_0wkqM9DMr1C	UCypJMo2Ed63_4gvbtwkrgVw	Modern Synth-Pop Grooves
Final Fall	Jukio Kallio	Fall Guys (Original Soundtrack)	INDIFFERENT	qndGfHoXNYA	MPREb_55cvZ89XdNp	UCaGNJNAxJISKu4C5qO7Xjrg	Modern Synth-Pop Grooves
Fall 'N' Roll	Jukio Kallio	Fall Guys (Original Soundtrack)	INDIFFERENT	LL70vTa0E2g	MPREb_55cvZ89XdNp	UCaGNJNAxJISKu4C5qO7Xjrg	Modern Synth-Pop Grooves
Kings - Jose Pavli | Project Wingman Soundtrack (2020)	Jose Pavli		INDIFFERENT	bh85GHBe6xY		UCuzfqFVDnNyIBGINQB1KUxw	Modern Synth-Pop Grooves
Elements of Vogue (David Depino 1989 Original Mix) (feat. David Ian Xtravaganza)	Johnny Dynell	Elements of Vogue	INDIFFERENT	RQxV3Bie98w	MPREb_pYFqnlEFPdT	UCKyYpZ0N8h4doAQ0eLf97kg	Modern Synth-Pop Grooves
Duel of the Fates	John Williams	Star Wars: The Phantom Menace (Original Motion Picture Soundtrack)	INDIFFERENT	D_2bluVPsb0	MPREb_7IJLyVS8Vah	UCfv8TEQ44ej9uPGF-SNsDBA	Modern Synth-Pop Grooves
The Imperial March (Darth Vader's Theme)	John Williams	Star Wars: The Empire Strikes Back (Original Motion Picture Soundtrack)	INDIFFERENT	s3SZ5sIMY6o	MPREb_r5voX9T7gfK	UCfv8TEQ44ej9uPGF-SNsDBA	Modern Synth-Pop Grooves
Battle of the Heroes	John Williams	Star Wars: Revenge of the Sith (Original Motion Picture Soundtrack)	INDIFFERENT	xaqF9mRLu38	MPREb_UcTzA4tTlOa	UCfv8TEQ44ej9uPGF-SNsDBA	Modern Synth-Pop Grooves
Anakin's Dark Deeds	John Williams	Star Wars: Revenge of the Sith (Original Motion Picture Soundtrack)	INDIFFERENT	FVWr249AUq4	MPREb_UcTzA4tTlOa	UCfv8TEQ44ej9uPGF-SNsDBA	Modern Synth-Pop Grooves
Anakin's Betrayal	John Williams	Star Wars: Revenge of the Sith (Original Motion Picture Soundtrack)	INDIFFERENT	m2p-im7cxa4	MPREb_UcTzA4tTlOa	UCfv8TEQ44ej9uPGF-SNsDBA	Modern Synth-Pop Grooves
Anakin vs. Obi-Wan	John Williams	Star Wars: Revenge of the Sith (Original Motion Picture Soundtrack)	INDIFFERENT	Tl-dmo9_VCg	MPREb_UcTzA4tTlOa	UCfv8TEQ44ej9uPGF-SNsDBA	Modern Synth-Pop Grooves
Cantina Band	John Williams	Star Wars: A New Hope (Original Motion Picture Soundtrack)	INDIFFERENT	EsvfptdFXf4	MPREb_1BbitKwnMeL	UCfv8TEQ44ej9uPGF-SNsDBA	Modern Synth-Pop Grooves
Welcome To Jurassic Park	John Williams	Jurassic Park	INDIFFERENT	BXsWn9DhF5g	MPREb_TTd1AymO2ca	UCfv8TEQ44ej9uPGF-SNsDBA	Modern Synth-Pop Grooves
Caravan	John Wasson	Whiplash (Original Motion Picture Soundtrack)	INDIFFERENT	38CRu1rCaKg	MPREb_QEZq678MKrI	UCYIjDI_8JV13dnJ8PX6f66w	Modern Synth-Pop Grooves
Caravan	John Wasson	Whiplash (Original Motion Picture Soundtrack)	INDIFFERENT	38CRu1rCaKg	MPREb_QEZq678MKrI	UCYIjDI_8JV13dnJ8PX6f66w	Modern Synth-Pop Grooves
Caravan	John Wasson	Whiplash (Original Motion Picture Soundtrack)	INDIFFERENT	38CRu1rCaKg	MPREb_QEZq678MKrI	UCYIjDI_8JV13dnJ8PX6f66w	Modern Synth-Pop Grooves
Po Finds The Truth	John Powell	Kung Fu Panda 2 (Music From The Motion Picture)	INDIFFERENT	j_-8QPxvF-A	MPREb_BA7OeECQH0N	UC1u5DtpzQE05T2P_NMg-a7Q	Modern Synth-Pop Grooves
Won't Give Up	John Paesano	Marvel’s Spider-Man: Miles Morales (Original Video Game Soundtrack)	INDIFFERENT	LN7RizUFY7E	MPREb_KtvfzsnrXJw	UCJ-KtpWvVhfxxt5_JUm2OSA	Modern Synth-Pop Grooves
New York's Only Spider-Man	John Paesano	Marvel’s Spider-Man: Miles Morales (Original Video Game Soundtrack)	INDIFFERENT	dEsj9polidg	MPREb_KtvfzsnrXJw	UCJ-KtpWvVhfxxt5_JUm2OSA	Modern Synth-Pop Grooves
Web Launch	John Paesano	Marvel's Spider-Man: The City That Never Sleeps EP (Original Video Game Soundtrack)	INDIFFERENT	m9mrxvkPkKI	MPREb_gU473isj3pO	UCJ-KtpWvVhfxxt5_JUm2OSA	Modern Synth-Pop Grooves
The Golden Age	John Paesano	Marvel's Spider-Man (Original Video Game Soundtrack)	INDIFFERENT	MatSWEDUNe8	MPREb_NTFJxsBy47e	UCJ-KtpWvVhfxxt5_JUm2OSA	Modern Synth-Pop Grooves
Spider-Man	John Paesano	Marvel's Spider-Man (Original Video Game Soundtrack)	INDIFFERENT	B_jPNlVeZNQ	MPREb_NTFJxsBy47e	UCJ-KtpWvVhfxxt5_JUm2OSA	Modern Synth-Pop Grooves
Greater Together (From 'Marvel's Spider-Man 2')	John Paesano	Greater Together (From 'Marvel's Spider-Man 2')	INDIFFERENT	asIcxE3SFaI	MPREb_X4Ta5QuqYJL	UCJ-KtpWvVhfxxt5_JUm2OSA	Modern Synth-Pop Grooves
Main Title	John Paesano	Daredevil: Season 2 (Original Soundtrack Album)	INDIFFERENT	tg7ZDZKocpA	MPREb_osaEC8H8Wkv	UCJ-KtpWvVhfxxt5_JUm2OSA	Modern Synth-Pop Grooves
You're X-Men / End Titles	John Ottman	X-Men: Apocalypse (Original Motion Picture Soundtrack)	INDIFFERENT	qJK8u-jTwto	MPREb_N45V5kNuri6	UCt5QIj5dyw0rl0d3bUnRFcA	Modern Synth-Pop Grooves
Superman Returns - Main Titles	John Ottman	Superman Returns Music From The Motion Picture [Digital Version]	INDIFFERENT	fAQxKI43DZM	MPREb_ox1fKnxJhRZ	UCt5QIj5dyw0rl0d3bUnRFcA	Modern Synth-Pop Grooves
Theme from Superman (Official Trailer Version)	John Murphy	Theme from Superman (Official Trailer Version)	INDIFFERENT	2x8XaX75Vbg	MPREb_iTrqmho5cTf	UCS8czY_rhZCM0eqr2DGepug	Modern Synth-Pop Grooves
Theme from Superman (Official Trailer Version)	John Murphy	Theme from Superman (Official Trailer Version)	INDIFFERENT	2x8XaX75Vbg	MPREb_iTrqmho5cTf	UCS8czY_rhZCM0eqr2DGepug	Modern Synth-Pop Grooves
In the House - In a Heartbeat	John Murphy	In the House - In a Heartbeat	INDIFFERENT	aF10I72tsio	MPREb_HouzhXYGKOT	UCS8czY_rhZCM0eqr2DGepug	Modern Synth-Pop Grooves
In the House - In a Heartbeat	John Murphy	In the House - In a Heartbeat	INDIFFERENT	aF10I72tsio	MPREb_HouzhXYGKOT	UCS8czY_rhZCM0eqr2DGepug	Modern Synth-Pop Grooves
Hearts On Fire (From the film, 'Rocky IV')	John Cafferty	Rocky IV	INDIFFERENT	srh9aX-6rUM	MPREb_khR11zYedG2	UCSINpQBUFUMbJHrxDTywASQ	Modern Synth-Pop Grooves
Hearts On Fire (From the film, 'Rocky IV')	John Cafferty	Rocky IV	INDIFFERENT	srh9aX-6rUM	MPREb_khR11zYedG2	UCSINpQBUFUMbJHrxDTywASQ	Modern Synth-Pop Grooves
Hearts On Fire (From the film, 'Rocky IV')	John Cafferty	Rocky IV	INDIFFERENT	srh9aX-6rUM	MPREb_khR11zYedG2	UCSINpQBUFUMbJHrxDTywASQ	Modern Synth-Pop Grooves
Battlefield 3 Main Theme	Johan Skugge	Battlefield 3 (Original Soundtrack)	INDIFFERENT	KtC6XmH_19o	MPREb_Zw08XYf2ZlJ	UCeJ6OXuc4432HqRRm49domg	Modern Synth-Pop Grooves
I Believe In Joe Hendry	Joe Hendry	I Believe In Joe Hendry	INDIFFERENT	9TIFIYLyKLc	MPREb_yEJaxve8mHS	UC7KEur6wyEJl0WR-SIEdYhg	Modern Synth-Pop Grooves
STAND PROUD	Jin Hashimoto	STAND PROUD	INDIFFERENT	oAzNQKbncxA	MPREb_XiTSFqZvpVj	UCYVnmMs9-aOXULncl9gAeCw	Modern Synth-Pop Grooves
It Has To Be This Way	Jimmy Gnecco	METAL GEAR RISING REVENGEANCE Vocal Tracks Selection	INDIFFERENT	N72U-NFu44k	MPREb_hUEq5DHhN5I	UC9q6xM8iDxvZBFWlJbS6U1Q	Modern Synth-Pop Grooves
Collective Consciousness	Jimmy Gnecco	METAL GEAR RISING REVENGEANCE Vocal Tracks Selection	INDIFFERENT	j4wcZuRFCYA	MPREb_hUEq5DHhN5I	UC9q6xM8iDxvZBFWlJbS6U1Q	Modern Synth-Pop Grooves
Static on the Radio (feat. Aimee Mann)	Jim White	Drill a Hole In That Substrate and Tell Me What You See (Deluxe Version)	INDIFFERENT	ZGOouxhByJM	MPREb_OFTsZLsJ43X	UCAB61nLd5c6ReNYuywCfl_A	Modern Synth-Pop Grooves
The Unknowing	Jfarrari	The Unknowing	INDIFFERENT	DJoPdsGMbH8	MPREb_9sFzfls0FMZ	UCcoP-4xPChvNkmtqQAgweZA	Modern Synth-Pop Grooves
Colorin, Colorao	Jesús Alejandro 'El Niño'	Cafecito Cubano	INDIFFERENT	vEtyG2H6rms	MPREb_5O1zKwIRVp9	UCLjvAJoibbJ3mONHTg0f2Fg	Modern Synth-Pop Grooves
Hot N Heavy	Jessie Ware	What's Your Pleasure? (The Platinum Pleasure Edition)	INDIFFERENT	OFypdhyO-Ys	MPREb_QWlHLBRO61o	UC53XOR2hYpVcmGmkhukIihA	Modern Synth-Pop Grooves
The Kill	Jessie Ware	What's Your Pleasure?	INDIFFERENT	zKmVU5scstU	MPREb_XwHO77Bg22R	UC53XOR2hYpVcmGmkhukIihA	Modern Synth-Pop Grooves
Save A Kiss	Jessie Ware	What's Your Pleasure?	INDIFFERENT	Xcho7LnM8D4	MPREb_XwHO77Bg22R	UC53XOR2hYpVcmGmkhukIihA	Modern Synth-Pop Grooves
Ezio's Family - Ascending to Valhalla (feat. Einar Selvik)	Jesper Kyd	Assassin's Creed Valhalla (Original Game Soundtrack)	INDIFFERENT	t97btsQ8FNc	MPREb_Udlu17ch1Nj	UCgaXyTubn89RvKwJjyheHgA	Modern Synth-Pop Grooves
Venice Rooftops	Jesper Kyd	Assassin's Creed 2 (Original Game Soundtrack)	INDIFFERENT	fEgH1USnJa0	MPREb_aRQhEbX6C7A	UCgaXyTubn89RvKwJjyheHgA	Modern Synth-Pop Grooves
Ezio's Family	Jesper Kyd	Assassin's Creed 2 (Original Game Soundtrack)	INDIFFERENT	K892qn3U524	MPREb_aRQhEbX6C7A	UCgaXyTubn89RvKwJjyheHgA	Modern Synth-Pop Grooves
Earth	Jesper Kyd	Assassin's Creed 2 (Original Game Soundtrack)	INDIFFERENT	ak1W8oh-pFk	MPREb_aRQhEbX6C7A	UCgaXyTubn89RvKwJjyheHgA	Modern Synth-Pop Grooves
Dragonborn	Jeremy Soule	The Elder Scrolls V: Skyrim (Original Game Soundtrack)	INDIFFERENT	813-3iL5OsE	MPREb_9C8YGRG42YF	UCxgUgElia2ZNaW_xWMuCikQ	Modern Synth-Pop Grooves
Yard Of Blonde Girls	Jeff Buckley	Sketches for My Sweetheart The Drunk (Expanded Edition)	INDIFFERENT	_rVjXT9uiuU	MPREb_sUFn68DxkNw	UCbchKSYoDnilVrYQYsKPhxg	Modern Synth-Pop Grooves
Nightmares By The Sea	Jeff Buckley	Sketches for My Sweetheart The Drunk (Expanded Edition)	INDIFFERENT	sH4APTyVapw	MPREb_sUFn68DxkNw	UCbchKSYoDnilVrYQYsKPhxg	Modern Synth-Pop Grooves
too bad	Jean Tonique	too bad	INDIFFERENT	7vtxBSPlp4Y	MPREb_FD6iLIzV4Ct	UCy90bsigneFGPyytimvLA6Q	Modern Synth-Pop Grooves
Otra Era	Javiera Mena	Otra Era	INDIFFERENT	PPlyRrN-9h0	MPREb_JO22Z1Dv6LS	UC7o4QTJ5uKk80vxgbJcHJ6g	Modern Synth-Pop Grooves
Luz de Piedra de Luna	Javiera Mena	Mena	INDIFFERENT	6I0DYaSee5I	MPREb_xfxn9PiKcak	UC7o4QTJ5uKk80vxgbJcHJ6g	Modern Synth-Pop Grooves
Hasta la Verdad	Javiera Mena	Mena	INDIFFERENT	e10G6tyda0g	MPREb_xfxn9PiKcak	UC7o4QTJ5uKk80vxgbJcHJ6g	Modern Synth-Pop Grooves
Acá Entera	Javiera Mena	Mena	INDIFFERENT	MbgpNdWGEp4	MPREb_xfxn9PiKcak	UC7o4QTJ5uKk80vxgbJcHJ6g	Modern Synth-Pop Grooves
Voyager	Jasper Byrne	Hotline Miami EP	INDIFFERENT	GIuc81vfTVU	MPREb_BVC1i5sw7Fx	UCyufk5SiILhY48QJNnDwQ8A	Modern Synth-Pop Grooves
Rules of Nature	Jason Miller	METAL GEAR RISING REVENGEANCE Vocal Tracks Selection	INDIFFERENT	jOpzP33_USs	MPREb_hUEq5DHhN5I	UCfsaa3DLTQxbkaQEhlGkvcQ	Modern Synth-Pop Grooves
Red Sun	Jason Miller	METAL GEAR RISING REVENGEANCE Vocal Tracks Selection	INDIFFERENT	23oZbJNSd0s	MPREb_hUEq5DHhN5I	UCfsaa3DLTQxbkaQEhlGkvcQ	Modern Synth-Pop Grooves
You Give Me Something	Jamiroquai	A Funk Odyssey	INDIFFERENT	7yUWrNbP144	MPREb_fouklzv8ih7	UCUm5pe2-OfQVofZEQGuYGHg	Modern Synth-Pop Grooves
Little L	Jamiroquai	A Funk Odyssey	INDIFFERENT	GbxbDeMC0BE	MPREb_fouklzv8ih7	UCUm5pe2-OfQVofZEQGuYGHg	Modern Synth-Pop Grooves
The Hot Wind Blowing (Platinum Mix - Instrumental) (feat. Ferry Corsten)	Jamie Christopherson		INDIFFERENT	mUfTybEv1HU		UCcOsGLUfOn_ceimzRhv4g_g	Modern Synth-Pop Grooves
Main Title - Young Peter	James Horner	The Amazing Spider-Man (Music from the Motion Picture)	INDIFFERENT	fn15NuU-T4M	MPREb_800FcOYenfG	UCttp1DF4y8BMlW9il_V3pcw	Modern Synth-Pop Grooves
Relaxed Scene	James Clarke	Mystery Movie	INDIFFERENT	DmLRQryHkVA	MPREb_MjfxSSmF4sh	UCgSfkpg184l7ohIVWARUpig	Modern Synth-Pop Grooves
I'm Ready	Jaden	Marvel’s Spider-Man: Miles Morales (Original Video Game Soundtrack)	INDIFFERENT	3pvSGwHgvhU	MPREb_KtvfzsnrXJw	UCRCRHG4OKZDdvIdRZj4jVBQ	Modern Synth-Pop Grooves
On My Own (feat. Kid Cudi)	Jaden	ERYS	INDIFFERENT	Qm4s0OQGFFI	MPREb_xxo9EYCqzFv	UCRCRHG4OKZDdvIdRZj4jVBQ	Modern Synth-Pop Grooves
Rising Tide	Jack Wall	Call of Duty®: Black Ops Cold War (Official Game Soundtrack)	INDIFFERENT	Jd_STVd5LUg	MPREb_Jngo3aT2ack	UCzlXnkywWzOJnxZyk71cDJA	Modern Synth-Pop Grooves
Raining the Fire	Jack Wall	Call of Duty®: Black Ops 6 (Original Soundtrack)	INDIFFERENT	AWvscEDmP8Q	MPREb_Qg7Xi3ld8uj	UCzlXnkywWzOJnxZyk71cDJA	Modern Synth-Pop Grooves
Theme from Call of Duty Black Ops II	Jack Wall	Call of Duty Black Ops II (Original Game Soundtrack)	INDIFFERENT	w6M6nOk0f1Y	MPREb_9WISrrLobwQ	UCzlXnkywWzOJnxZyk71cDJA	Modern Synth-Pop Grooves
Adrenaline	Jack Wall	Call of Duty Black Ops II (Original Game Soundtrack)	INDIFFERENT	hPR_hKpwXbI	MPREb_9WISrrLobwQ	UCzlXnkywWzOJnxZyk71cDJA	Modern Synth-Pop Grooves
Teach You How to Die	JT Music	Teach You How to Die	INDIFFERENT	OP0oiqyWmAk	MPREb_4ndFq3Xtqky	UCqVQqZnHo5-pj4jRayyYW4A	Modern Synth-Pop Grooves
The Ooda-Booga Boogie (feat. Andrea Storm Kaden)	JT Music	O.P.	INDIFFERENT	7KV7fxFbpZc	MPREb_AEKqlXC8Inl	UCqVQqZnHo5-pj4jRayyYW4A	Modern Synth-Pop Grooves
Tracer Vs Scout Rap Battle (feat. Andrea Storm Kaden)	JT Music	Game On!	INDIFFERENT	d1PvwEm7DjM	MPREb_3LXxPglLADu	UCqVQqZnHo5-pj4jRayyYW4A	Modern Synth-Pop Grooves
Cuphead Rap	JT Music	Cuphead Rap	INDIFFERENT	0PK1LXRiA_M	MPREb_kxCK938svip	UCqVQqZnHo5-pj4jRayyYW4A	Modern Synth-Pop Grooves
This Is The Day	Ivy	Apartment Life	INDIFFERENT	6XZqTEuY9Wc	MPREb_gCo59wqtWWC	UCbbGslI3xa3ELKS9Uf238_g	Modern Synth-Pop Grooves
Not My Girl (Yuksek Remix)	Ishi	Not My Girl (Yuksek Remix)	INDIFFERENT	XFLgo-NhAe8	MPREb_c1CmMhmoWvX	UC7w0DSC4-2N5Xtpolz1lKog	Modern Synth-Pop Grooves
disorder	Isaac Delusion	uplifters	INDIFFERENT	9-dA5JDB8ks	MPREb_p2b3KYUPwKP	UCsKpPE7D6OHcfc2K2t5_tOw	Modern Synth-Pop Grooves
Lost and found	Isaac Delusion	Lost and found	INDIFFERENT	_rDD2YJYTxo	MPREb_TnbXGufdgiP	UCsKpPE7D6OHcfc2K2t5_tOw	Modern Synth-Pop Grooves
How Much You Want Her	Isaac Delusion	How Much You Want Her	INDIFFERENT	NpVRNUfyQKo	MPREb_YQQ3JIy6mkK	UCsKpPE7D6OHcfc2K2t5_tOw	Modern Synth-Pop Grooves
Couleur menthe à l'eau	Isaac Delusion	Couleur menthe à l'eau	INDIFFERENT	_m5ZHkDKyeg	MPREb_j6palQ9fKwe	UCsKpPE7D6OHcfc2K2t5_tOw	Modern Synth-Pop Grooves
Seek	Innersloth	Seek	INDIFFERENT	lXy_POQtsAQ	MPREb_hcg0kgi5Bia	UCta1q8TfWGBL7Z1xeQ0i4DQ	Modern Synth-Pop Grooves
Friction (Official Lyric Video)	Imagine Dragons		INDIFFERENT	fhiZR64qLvs		UC0aXrjVxG5pZr99v77wZdPQ	Modern Synth-Pop Grooves
Bad Piggies Theme	Ilmari Hakkola	Bad Piggies (Original Game Soundtrack) (Extended Edition)	INDIFFERENT	EgAOqt8I5ac	MPREb_OU8YRmICKf5	UCS0Q4S8CwcgB3ezNnhsx-wQ	Modern Synth-Pop Grooves
Jin Sakai (from 'Ghost of Tsushima' Music from the Video Game)	Ilan Eshkeri	Ghost of Tsushima (Music from the Video Game)	INDIFFERENT	ueRpihDmk8c	MPREb_bF2F6LcFNPK	UCpecbtMUcSPAPEFScXTPbrA	Modern Synth-Pop Grooves
Run	IAMTHEKIDYOUKNOWWHATIMEAN	S/T EP	INDIFFERENT	UnEpjJA6gf4	MPREb_tlzrroXwho6	UCc6hnuwCeczGcYWKu4xvp-Q	Modern Synth-Pop Grooves
Pop Is Dead - Radiohead	I really don’t know 		INDIFFERENT	V2RTdIiM4po		UCtEC3r8uaIB5ORX6by2psDQ	Modern Synth-Pop Grooves
One by Metallica	I Hate Sex	Circle Thinking	INDIFFERENT	7VZxSatyBKs	MPREb_dw3LEYs2cJh	UC4F-tQxpRbSZfeRozFHJ9Bg	Modern Synth-Pop Grooves
Zombies	Huskyx	Zombies	INDIFFERENT	4WgLSxWjdFg	MPREb_ZlTpSUgGpwm	UCZMM6RfP6ZdPigbSjExTBXA	Modern Synth-Pop Grooves
On the Precipice of Defeat (Orchestral Version)	Hurakion	On the Precipice of Defeat (Orchestral Version)	INDIFFERENT	EdiHqArSL88	MPREb_axHPG6JWkQ8	UCCbVbm7GVz3CU4cBGx_ngpQ	Modern Synth-Pop Grooves
On the Precipice of Defeat (Orchestral Version)	Hurakion	On the Precipice of Defeat (Orchestral Version)	INDIFFERENT	EdiHqArSL88	MPREb_axHPG6JWkQ8	UCCbVbm7GVz3CU4cBGx_ngpQ	Modern Synth-Pop Grooves
The Battle of the Pelennor Fields	Howard Shore	The Lord of the Rings - The Return of the King - The Complete Recordings (Limited Edition)	INDIFFERENT	8t9eL-5wMFc	MPREb_3tia1pV3wA4	UC_S6DQOsVY3JX_dXvdo-WRQ	Modern Synth-Pop Grooves
Vamoose	Honey Stretton	The Thrill Of Loneliness	INDIFFERENT	z7rpblFSdVI	MPREb_mYuSgJ3T51v	UCQO5yNc7RzPhjSzPFVQL6QA	Modern Synth-Pop Grooves
Resonance	Home	Odyssey	INDIFFERENT	exvt4dzmuaI	MPREb_CaSNbWC9hqh	UCfWnoT0YX8RfjFaXmg2Eq5g	Modern Synth-Pop Grooves
Epton on Broadway (Part I)	Holy Ghost!	Work	INDIFFERENT	AozUmbe6d4Q	MPREb_UEzEXOV6mGr	UCPlxsQV4AC8U4wVzfGo6Wfw	Modern Synth-Pop Grooves
[104EYES-29CA2]suite-2楽章 - [104Eyes-29Ca2]Suite-2Gakusyou	Hiroyuki Sawano	The Seven Deadly Sins the Movie: Prisoners of the Sky(Original Motion Picture Soundtrack)	INDIFFERENT	YZEzhBBuf7E	MPREb_nx66CRVvC1G	UCy3Lx1fNl4XnxleZBJK_PXw	Modern Synth-Pop Grooves
Perfect Time <再arr> - Perfect Time <Re Arr>	Hiroyuki Sawano	The Seven Deadly Sins (Original Soundtrack) 2	INDIFFERENT	Gq6AjwmKrQU	MPREb_cruN02rmjVg	UCy3Lx1fNl4XnxleZBJK_PXw	Modern Synth-Pop Grooves
Perfect Time <再arr> - Perfect Time <Re Arr>	Hiroyuki Sawano	The Seven Deadly Sins (Original Soundtrack) 2	INDIFFERENT	Gq6AjwmKrQU	MPREb_cruN02rmjVg	UCy3Lx1fNl4XnxleZBJK_PXw	Modern Synth-Pop Grooves
銅鑼Gong4N - Dora Gong4n	Hiroyuki Sawano	The Seven Deadly Sins (Original Soundtrack)	INDIFFERENT	x02w__X4oAM	MPREb_HLHZvCXGpgW	UCy3Lx1fNl4XnxleZBJK_PXw	Modern Synth-Pop Grooves
Perfect Time	Hiroyuki Sawano	The Seven Deadly Sins (Original Soundtrack)	INDIFFERENT	HxlysqrFjHo	MPREb_HLHZvCXGpgW	UCy3Lx1fNl4XnxleZBJK_PXw	Modern Synth-Pop Grooves
ətˈæk 0N tάɪtn	Hiroyuki Sawano	TV Anime 'Attack on Titan' Original Soundtrack	INDIFFERENT	zroFzv7sFis	MPREb_V5AagYs4EfU	UCy3Lx1fNl4XnxleZBJK_PXw	Modern Synth-Pop Grooves
ətˈæk 0N tάɪtn	Hiroyuki Sawano	TV Anime 'Attack on Titan' Original Soundtrack	INDIFFERENT	zroFzv7sFis	MPREb_V5AagYs4EfU	UCy3Lx1fNl4XnxleZBJK_PXw	Modern Synth-Pop Grooves
XL-TT - XL - TT	Hiroyuki Sawano	TV Anime 'Attack on Titan' Original Soundtrack	INDIFFERENT	P746XQJyjfA	MPREb_V5AagYs4EfU	UCy3Lx1fNl4XnxleZBJK_PXw	Modern Synth-Pop Grooves
Vogel im Käfig	Hiroyuki Sawano	TV Anime 'Attack on Titan' Original Soundtrack	INDIFFERENT	H76_uW1Fnso	MPREb_V5AagYs4EfU	UCy3Lx1fNl4XnxleZBJK_PXw	Modern Synth-Pop Grooves
E・M・A - E. M. A	Hiroyuki Sawano	TV Anime 'Attack on Titan' Original Soundtrack	INDIFFERENT	1hbznMnHymU	MPREb_V5AagYs4EfU	UCy3Lx1fNl4XnxleZBJK_PXw	Modern Synth-Pop Grooves
YouSeeBIGGIRL/T:T - You See Big Girl / T:T	Hiroyuki SAWANO	TV Anime 'Attack on Titan Season 2' (Original Soundtrack)	INDIFFERENT	vy63u2hKoPE	MPREb_LZtClQ2Gcpc	UCy3Lx1fNl4XnxleZBJK_PXw	Modern Synth-Pop Grooves
Apetitan	Hiroyuki SAWANO	TV Anime 'Attack on Titan Season 2' (Original Soundtrack)	INDIFFERENT	eLBnWNLOAZA	MPREb_LZtClQ2Gcpc	UCy3Lx1fNl4XnxleZBJK_PXw	Modern Synth-Pop Grooves
The Scariest	Hiroaki Tsutsumi	Jujutsu Kaisen (Original Television Soundtrack)	INDIFFERENT	oDUAWW4fgt8	MPREb_3zRV0LeO0B9	UCryC22FtgLGUvq5kk2ckvlA	Modern Synth-Pop Grooves
The Man Aoi Todo	Hiroaki Tsutsumi	Jujutsu Kaisen (Original Television Soundtrack)	INDIFFERENT	DWMIRTVkchs	MPREb_3zRV0LeO0B9	UCryC22FtgLGUvq5kk2ckvlA	Modern Synth-Pop Grooves
The Man Aoi Todo	Hiroaki Tsutsumi	Jujutsu Kaisen (Original Television Soundtrack)	INDIFFERENT	DWMIRTVkchs	MPREb_3zRV0LeO0B9	UCryC22FtgLGUvq5kk2ckvlA	Modern Synth-Pop Grooves
Saiku	Hideki Taniuchi	DEATH NOTE Original Soundtrack Ⅲ	INDIFFERENT	BwsLuupzhZ4	MPREb_jz1s80MSdw2	UCwGvN9932K79L6veoHxIixA	Modern Synth-Pop Grooves
Near no Theme	Hideki Taniuchi	DEATH NOTE Original Soundtrack Ⅲ	INDIFFERENT	33CU7eTCOsM	MPREb_jz1s80MSdw2	UCwGvN9932K79L6veoHxIixA	Modern Synth-Pop Grooves
L no Shiso	Hideki Taniuchi	DEATH NOTE Original Soundtrack Ⅲ	INDIFFERENT	nK6IEaX6vNk	MPREb_jz1s80MSdw2	UCwGvN9932K79L6veoHxIixA	Modern Synth-Pop Grooves
L no Kabe	Hideki Taniuchi	DEATH NOTE Original Soundtrack Ⅱ	INDIFFERENT	N6mX2MHHPoU	MPREb_493agWI5yNX	UCwGvN9932K79L6veoHxIixA	Modern Synth-Pop Grooves
Kuroi Light	Hideki Taniuchi	DEATH NOTE Original Soundtrack Ⅱ	INDIFFERENT	VIiOSrYclc8	MPREb_493agWI5yNX	UCwGvN9932K79L6veoHxIixA	Modern Synth-Pop Grooves
Tokuso Kira Han	Hideki Taniuchi	DEATH NOTE Original Soundtrack	INDIFFERENT	fEHvS0SbXC8	MPREb_pG8v0M5ItZj	UCwGvN9932K79L6veoHxIixA	Modern Synth-Pop Grooves
Shinigamikai	Hideki Taniuchi	DEATH NOTE Original Soundtrack	INDIFFERENT	joOLTDC9clo	MPREb_pG8v0M5ItZj	UCwGvN9932K79L6veoHxIixA	Modern Synth-Pop Grooves
Shinigamikai	Hideki Taniuchi	DEATH NOTE Original Soundtrack	INDIFFERENT	joOLTDC9clo	MPREb_pG8v0M5ItZj	UCwGvN9932K79L6veoHxIixA	Modern Synth-Pop Grooves
Senritsu	Hideki Taniuchi	DEATH NOTE Original Soundtrack	INDIFFERENT	_f7Iu1a7rSg	MPREb_pG8v0M5ItZj	UCwGvN9932K79L6veoHxIixA	Modern Synth-Pop Grooves
Light no Theme	Hideki Taniuchi	DEATH NOTE Original Soundtrack	INDIFFERENT	srDmw7kSjik	MPREb_pG8v0M5ItZj	UCwGvN9932K79L6veoHxIixA	Modern Synth-Pop Grooves
L no Theme B	Hideki Taniuchi	DEATH NOTE Original Soundtrack	INDIFFERENT	o837EeJn_XQ	MPREb_pG8v0M5ItZj	UCwGvN9932K79L6veoHxIixA	Modern Synth-Pop Grooves
L no Nakama	Hideki Taniuchi	DEATH NOTE Original Soundtrack	INDIFFERENT	ylnXeTl8uqQ	MPREb_pG8v0M5ItZj	UCwGvN9932K79L6veoHxIixA	Modern Synth-Pop Grooves
Kodoku	Hideki Taniuchi	DEATH NOTE Original Soundtrack	INDIFFERENT	Hb1MkKxwayU	MPREb_pG8v0M5ItZj	UCwGvN9932K79L6veoHxIixA	Modern Synth-Pop Grooves
Kitai	Hideki Taniuchi	DEATH NOTE Original Soundtrack	INDIFFERENT	a2UIzvFWf8c	MPREb_pG8v0M5ItZj	UCwGvN9932K79L6veoHxIixA	Modern Synth-Pop Grooves
Kincho	Hideki Taniuchi	DEATH NOTE Original Soundtrack	INDIFFERENT	g79TpTQygjo	MPREb_pG8v0M5ItZj	UCwGvN9932K79L6veoHxIixA	Modern Synth-Pop Grooves
Jiken	Hideki Taniuchi	DEATH NOTE Original Soundtrack	INDIFFERENT	G0GUg5KvYys	MPREb_pG8v0M5ItZj	UCwGvN9932K79L6veoHxIixA	Modern Synth-Pop Grooves
Death Note	Hideki Taniuchi	DEATH NOTE Original Soundtrack	INDIFFERENT	Trh_dMoNeBU	MPREb_pG8v0M5ItZj	UCwGvN9932K79L6veoHxIixA	Modern Synth-Pop Grooves
Laputa	Hiatus Kaiyote	Choose Your Weapon	INDIFFERENT	82DBdsi8L6E	MPREb_q18JTSxWqqA	UCaX2FBQMB9NHFBOTVMF_wpQ	Modern Synth-Pop Grooves
Moon Knight	Hesham Nazih	Moon Knight (Original Soundtrack)	INDIFFERENT	XmZDg2gl_Nc	MPREb_wIue7ZBRW0A	UCLeyfZl3b40cA5KcQ7X9Qaw	Modern Synth-Pop Grooves
I Try To Talk To You (feat. John Grant)	Hercules & Love Affair	The Feast Of The Broken Heart	INDIFFERENT	asl4NrwfZBg	MPREb_AAUcVcCpCMA	UCaWYQFyjEw--ob5Ju4Py3nw	Modern Synth-Pop Grooves
Blind	Hercules & Love Affair	Hercules & Love Affair	INDIFFERENT	9Trw75d5R-4	MPREb_HhuarK0XBJL	UCaWYQFyjEw--ob5Ju4Py3nw	Modern Synth-Pop Grooves
Painted Eyes (feat. Aerea Negrot)	Hercules & Love Affair	Blue Songs	INDIFFERENT	Y4axOUsRmOI	MPREb_CHOjW3tNBvZ	UCaWYQFyjEw--ob5Ju4Py3nw	Modern Synth-Pop Grooves
The Puss Suite	Henry Jackman, Gavin Greenaway, Everton Nelson, Peter Lale, Josephine Knight, John Barclay, Frank Ricotti, Paul Clarvis, Gary Kettel, Los Profesionales, Ben Fordham, Metro Voices, and Rodrigo y Gabriela	Puss in Boots	INDIFFERENT	Rve3IfYmzRo	MPREb_ei5YnUXMmCV		Modern Synth-Pop Grooves
Magneto	Henry Jackman	X-MEN: FIRST CLASS	INDIFFERENT	9-0TM3F2gpM	MPREb_a4T8JvnjaTC	UCxMOKDt-gy82u92NOaAxcaw	Modern Synth-Pop Grooves
First Class	Henry Jackman	X-MEN: FIRST CLASS	INDIFFERENT	o0kmeLN3Vys	MPREb_a4T8JvnjaTC	UCxMOKDt-gy82u92NOaAxcaw	Modern Synth-Pop Grooves
A Thief's End	Henry Jackman	Uncharted 4: A Thief's End (Original Soundtrack)	INDIFFERENT	pqElnBqJC_k	MPREb_HS9DTiCVv1z	UCxMOKDt-gy82u92NOaAxcaw	Modern Synth-Pop Grooves
Louisiana Hero (From 'The Falcon and the Winter Soldier'/Score)	Henry Jackman	Louisiana Hero (From 'The Falcon and the Winter Soldier')	INDIFFERENT	h_K7cbXT0BY	MPREb_dWA9ZTj0VAd	UCxMOKDt-gy82u92NOaAxcaw	Modern Synth-Pop Grooves
Taking a Stand	Henry Jackman	Captain America: The Winter Soldier (Original Motion Picture Soundtrack)	INDIFFERENT	ENzNJiQNSCc	MPREb_JHbUfbdMt0W	UCxMOKDt-gy82u92NOaAxcaw	Modern Synth-Pop Grooves
Lemurian Star	Henry Jackman	Captain America: The Winter Soldier (Original Motion Picture Soundtrack)	INDIFFERENT	JFIoMh3KSaE	MPREb_JHbUfbdMt0W	UCxMOKDt-gy82u92NOaAxcaw	Modern Synth-Pop Grooves
Cap's Promise	Henry Jackman	Captain America: Civil War (Original Motion Picture Soundtrack)	INDIFFERENT	s_qgv75wuYY	MPREb_o2L9jx5oz9h	UCxMOKDt-gy82u92NOaAxcaw	Modern Synth-Pop Grooves
War Without Reason	Heaven Pierce Her	Ultrakill: Violence (Original Game Soundtrack)	INDIFFERENT	Gcj9-iF_lTw	MPREb_wBcr9YrNkre	UC2R-KAGDm9vo_gDUtY34z_w	Modern Synth-Pop Grooves
War	Heaven Pierce Her	Ultrakill: Pandemonium / War (Original Game Soundtrack)	INDIFFERENT	TWS07eY1ElU	MPREb_IvPBBFTuM3e	UC2R-KAGDm9vo_gDUtY34z_w	Modern Synth-Pop Grooves
Versus	Heaven Pierce Her	Ultrakill: Infinite Hyperdeath (Original Game Soundtrack)	INDIFFERENT	BhEnjxYLBYo	MPREb_CxgUzIF0RF0	UC2R-KAGDm9vo_gDUtY34z_w	Modern Synth-Pop Grooves
The Death of God's Will	Heaven Pierce Her	Ultrakill: Imperfect Hatred (Original Game Soundtrack)	INDIFFERENT	BSpR0DJEgxM	MPREb_TwFIr58nqXw	UC2R-KAGDm9vo_gDUtY34z_w	Modern Synth-Pop Grooves
Duel (Versus Reprise)	Heaven Pierce Her	Ultrakill: Imperfect Hatred (Original Game Soundtrack)	INDIFFERENT	bcOUS1o6bwM	MPREb_TwFIr58nqXw	UC2R-KAGDm9vo_gDUtY34z_w	Modern Synth-Pop Grooves
Order	Heaven Pierce Her	Ultrakill: Chaos / Order (Original Game Soundtrack)	INDIFFERENT	9E0xFvFCUTM	MPREb_XNyodijDPBe	UC2R-KAGDm9vo_gDUtY34z_w	Modern Synth-Pop Grooves
Old Snake	Harry Gregson Williams	METAL GEAR SOLID 4 GUNS OF THE PATRIOTS ORIGINAL SOUND TRACK	INDIFFERENT	V_w8fhtkTBY	MPREb_Men0DvVx3ZA	UCSVamMPTtDjREdR7ZbA2rAw	Modern Synth-Pop Grooves
Molossus from Batman Begins	Hans Zimmer	The Music of DC Comics (75th Anniversary Collection)	INDIFFERENT	MVxC5t_hlRo	MPREb_Zy0Yr4NceMK	UCfCNL5oajlQBAlyjWv1ChVw	Modern Synth-Pop Grooves
Why Do We Fall?	Hans Zimmer	The Dark Knight Rises (Original Motion Picture Soundtrack) (Deluxe Edition)	INDIFFERENT	0TcolckMrDw	MPREb_dL4JscUYbit	UCfCNL5oajlQBAlyjWv1ChVw	Modern Synth-Pop Grooves
Imagine The Fire	Hans Zimmer	The Dark Knight Rises (Original Motion Picture Soundtrack) (Deluxe Edition)	INDIFFERENT	ybUT-Vu9sng	MPREb_dL4JscUYbit	UCfCNL5oajlQBAlyjWv1ChVw	Modern Synth-Pop Grooves
Imagine The Fire	Hans Zimmer	The Dark Knight Rises (Original Motion Picture Soundtrack) (Deluxe Edition)	INDIFFERENT	ybUT-Vu9sng	MPREb_dL4JscUYbit	UCfCNL5oajlQBAlyjWv1ChVw	Modern Synth-Pop Grooves
Imagine The Fire	Hans Zimmer	The Dark Knight Rises (Original Motion Picture Soundtrack) (Deluxe Edition)	INDIFFERENT	ybUT-Vu9sng	MPREb_dL4JscUYbit	UCfCNL5oajlQBAlyjWv1ChVw	Modern Synth-Pop Grooves
Like a Dog Chasing Cars	Hans Zimmer	The Dark Knight (Original Motion Picture Soundtrack)	INDIFFERENT	zSi0dh4FFPI	MPREb_0OhXjI7eltC	UCfCNL5oajlQBAlyjWv1ChVw	Modern Synth-Pop Grooves
A Watchful Guardian	Hans Zimmer	The Dark Knight (Collectors Edition) [Original Motion Picture Soundtrack]	INDIFFERENT	MV9H6dIWohk	MPREb_W1PeqsAFwHd	UCfCNL5oajlQBAlyjWv1ChVw	Modern Synth-Pop Grooves
The Electro Suite	Hans Zimmer	The Amazing Spider-Man 2 (The Original Motion Picture Soundtrack) [Deluxe]	INDIFFERENT	WAN6oZeCV1M	MPREb_0jxUsv1KHP5	UCfCNL5oajlQBAlyjWv1ChVw	Modern Synth-Pop Grooves
My Enemy	Hans Zimmer	The Amazing Spider-Man 2 (The Original Motion Picture Soundtrack) [Deluxe]	INDIFFERENT	Ygdi4g6ZkSU	MPREb_0jxUsv1KHP5	UCfCNL5oajlQBAlyjWv1ChVw	Modern Synth-Pop Grooves
Discombobulate	Hans Zimmer	Sherlock Holmes (Original Motion Picture Soundtrack)	INDIFFERENT	lb_e3xpkRnw	MPREb_cDh7XNoXfXz	UCfCNL5oajlQBAlyjWv1ChVw	Modern Synth-Pop Grooves
Up Is Down (From 'Pirates of the Caribbean: At World's End'/Score)	Hans Zimmer	Pirates of the Caribbean: At World's End	INDIFFERENT	dfgJYRdNwDE	MPREb_MpnEQ9NqKer	UCfCNL5oajlQBAlyjWv1ChVw	Modern Synth-Pop Grooves
One Day (From 'Pirates of the Caribbean: At World's End'/Score)	Hans Zimmer	Pirates of the Caribbean: At World's End	INDIFFERENT	R9kQWipVk64	MPREb_MpnEQ9NqKer	UCfCNL5oajlQBAlyjWv1ChVw	Modern Synth-Pop Grooves
Drink Up Me Hearties Yo Ho (From 'Pirates of the Caribbean: At World's End'/Score)	Hans Zimmer	Pirates of the Caribbean: At World's End	INDIFFERENT	RUNRoXbaflM	MPREb_MpnEQ9NqKer	UCfCNL5oajlQBAlyjWv1ChVw	Modern Synth-Pop Grooves
The Kraken	Hans Zimmer	Pirates of the Caribbean:  Dead Man's Chest (Original Motion Picture Soundtrack)	INDIFFERENT	GFY7i7pJAXg	MPREb_8hLLM6u5mjQ	UCfCNL5oajlQBAlyjWv1ChVw	Modern Synth-Pop Grooves
Jack Sparrow	Hans Zimmer	Pirates of the Caribbean:  Dead Man's Chest (Original Motion Picture Soundtrack)	INDIFFERENT	JZeNYaTmVP4	MPREb_8hLLM6u5mjQ	UCfCNL5oajlQBAlyjWv1ChVw	Modern Synth-Pop Grooves
Davy Jones	Hans Zimmer	Pirates of the Caribbean:  Dead Man's Chest (Original Motion Picture Soundtrack)	INDIFFERENT	Tjp8cj8Vzyo	MPREb_8hLLM6u5mjQ	UCfCNL5oajlQBAlyjWv1ChVw	Modern Synth-Pop Grooves
What Are You Going to Do When You Are Not Saving the World?	Hans Zimmer	Man of Steel (Original Motion Picture Soundtrack) (Deluxe Edition)	INDIFFERENT	YrGNQpllhzI	MPREb_kZXCz65tf9i	UCfCNL5oajlQBAlyjWv1ChVw	Modern Synth-Pop Grooves
Flight	Hans Zimmer	Man of Steel (Original Motion Picture Soundtrack) (Deluxe Edition)	INDIFFERENT	ob-73lHbwe4	MPREb_kZXCz65tf9i	UCfCNL5oajlQBAlyjWv1ChVw	Modern Synth-Pop Grooves
Arcade	Hans Zimmer	Man of Steel (Original Motion Picture Soundtrack) (Deluxe Edition)	INDIFFERENT	YSSMnyJ7ZAA	MPREb_kZXCz65tf9i	UCfCNL5oajlQBAlyjWv1ChVw	Modern Synth-Pop Grooves
You Die or I Do	Hans Zimmer	Man of Steel (Original Motion Picture Soundtrack)	INDIFFERENT	HE2GRvUm91A	MPREb_aMJ3gn5fg2p	UCfCNL5oajlQBAlyjWv1ChVw	Modern Synth-Pop Grooves
Stay	Hans Zimmer	Interstellar (Original Motion Picture Soundtrack) [Expanded Edition]	INDIFFERENT	zVbldiNLalo	MPREb_ubWVztfWvdp	UCfCNL5oajlQBAlyjWv1ChVw	Modern Synth-Pop Grooves
No Time for Caution	Hans Zimmer	Interstellar (Original Motion Picture Soundtrack) [Expanded Edition]	INDIFFERENT	2o9KfyPqQzY	MPREb_ubWVztfWvdp	UCfCNL5oajlQBAlyjWv1ChVw	Modern Synth-Pop Grooves
Mountains	Hans Zimmer	Interstellar (Original Motion Picture Soundtrack) [Expanded Edition]	INDIFFERENT	arNkB9vxS3Q	MPREb_ubWVztfWvdp	UCfCNL5oajlQBAlyjWv1ChVw	Modern Synth-Pop Grooves
Mountains	Hans Zimmer	Interstellar (Original Motion Picture Soundtrack) [Expanded Edition]	INDIFFERENT	arNkB9vxS3Q	MPREb_ubWVztfWvdp	UCfCNL5oajlQBAlyjWv1ChVw	Modern Synth-Pop Grooves
Dust	Hans Zimmer	Interstellar (Original Motion Picture Soundtrack) [Expanded Edition]	INDIFFERENT	iSQcqtKY1cA	MPREb_ubWVztfWvdp	UCfCNL5oajlQBAlyjWv1ChVw	Modern Synth-Pop Grooves
Mombasa	Hans Zimmer	Inception (Music from the Motion Picture)	INDIFFERENT	CPgPxGX6nNo	MPREb_JL3tq9xT4hB	UCfCNL5oajlQBAlyjWv1ChVw	Modern Synth-Pop Grooves
Dream Is Collapsing	Hans Zimmer	Inception (Music from the Motion Picture)	INDIFFERENT	Jx5KJQb0pDo	MPREb_JL3tq9xT4hB	UCfCNL5oajlQBAlyjWv1ChVw	Modern Synth-Pop Grooves
Worm Ride	Hans Zimmer	Dune: Part Two (Original Motion Picture Soundtrack)	INDIFFERENT	NENJADSqyYg	MPREb_6fxt2Q52AhX	UCfCNL5oajlQBAlyjWv1ChVw	Modern Synth-Pop Grooves
Kiss the Ring	Hans Zimmer	Dune: Part Two (Original Motion Picture Soundtrack)	INDIFFERENT	zUjRNqx0Xfs	MPREb_6fxt2Q52AhX	UCfCNL5oajlQBAlyjWv1ChVw	Modern Synth-Pop Grooves
Arrival	Hans Zimmer	Dune: Part Two (Original Motion Picture Soundtrack)	INDIFFERENT	EgNFg0c6MhI	MPREb_6fxt2Q52AhX	UCfCNL5oajlQBAlyjWv1ChVw	Modern Synth-Pop Grooves
Opening Titles	Hans Zimmer	Call of Duty: Modern Warfare 2 (Original Game Score)	INDIFFERENT	elZukfP_R8w	MPREb_rfd4x1CNBUA	UCfCNL5oajlQBAlyjWv1ChVw	Modern Synth-Pop Grooves
Extraction Point	Hans Zimmer	Call of Duty: Modern Warfare 2 (Original Game Score)	INDIFFERENT	smnJ-qM1RWk	MPREb_rfd4x1CNBUA	UCfCNL5oajlQBAlyjWv1ChVw	Modern Synth-Pop Grooves
Beautiful Lie	Hans Zimmer	Batman v Superman: Dawn Of Justice (Original Motion Picture Soundtrack)	INDIFFERENT	q_4RXb4SuEc	MPREb_CnwVkL2BXpq	UCfCNL5oajlQBAlyjWv1ChVw	Modern Synth-Pop Grooves
Dreams	Hana Vu	Romanticism	INDIFFERENT	HFBywGwZjB8	MPREb_FiQs8mBKURl	UCchNNo-4v_K5z_sMiTHzSMQ	Modern Synth-Pop Grooves
Winter Contingency	Halo	Halo: Reach (Original Soundtrack)	INDIFFERENT	g_OAjpbXRj4	MPREb_DWLEzANjkQs	UCHcQAr0TPLR6tj-aRX6m9dg	Modern Synth-Pop Grooves
Tip of the Spear	Halo	Halo: Reach (Original Soundtrack)	INDIFFERENT	6iieEf6fjt0	MPREb_DWLEzANjkQs	UCHcQAr0TPLR6tj-aRX6m9dg	Modern Synth-Pop Grooves
Overture	Halo	Halo: Reach (Original Soundtrack)	INDIFFERENT	kjmu5bj5yBA	MPREb_DWLEzANjkQs	UCHcQAr0TPLR6tj-aRX6m9dg	Modern Synth-Pop Grooves
Under Cover of Night	Halo	Halo: Combat Evolved (Original Soundtrack)	INDIFFERENT	sHzGs2fTOUs	MPREb_oJIV8dWiu0m	UCHcQAr0TPLR6tj-aRX6m9dg	Modern Synth-Pop Grooves
Truth and Reconciliation Suite	Halo	Halo: Combat Evolved (Original Soundtrack)	INDIFFERENT	aLD-njANcQs	MPREb_oJIV8dWiu0m	UCHcQAr0TPLR6tj-aRX6m9dg	Modern Synth-Pop Grooves
The Gun Pointed At the Head of the Universe	Halo	Halo: Combat Evolved (Original Soundtrack)	INDIFFERENT	vY50COpZsSk	MPREb_oJIV8dWiu0m	UCHcQAr0TPLR6tj-aRX6m9dg	Modern Synth-Pop Grooves
Covenant Dance	Halo	Halo: Combat Evolved (Original Soundtrack)	INDIFFERENT	YMKf6j-AFIQ	MPREb_oJIV8dWiu0m	UCHcQAr0TPLR6tj-aRX6m9dg	Modern Synth-Pop Grooves
A Walk In the Woods	Halo	Halo: Combat Evolved (Original Soundtrack)	INDIFFERENT	vDVDwgCQ6Qo	MPREb_oJIV8dWiu0m	UCHcQAr0TPLR6tj-aRX6m9dg	Modern Synth-Pop Grooves
More Than His Share	Halo	Halo 3: ODST (Original Soundtrack)	INDIFFERENT	3GPIyhnMndw	MPREb_9HtGfAtDyX2	UCHcQAr0TPLR6tj-aRX6m9dg	Modern Synth-Pop Grooves
Deference for Darkness	Halo	Halo 3: ODST (Original Soundtrack)	INDIFFERENT	aAKEdd_H0XY	MPREb_9HtGfAtDyX2	UCHcQAr0TPLR6tj-aRX6m9dg	Modern Synth-Pop Grooves
One Final Effort	Halo	Halo 3 (Original Soundtrack)	INDIFFERENT	P2NVJSJVGVQ	MPREb_qLW0oYDc6bw	UCHcQAr0TPLR6tj-aRX6m9dg	Modern Synth-Pop Grooves
Never Forget	Halo	Halo 3 (Original Soundtrack)	INDIFFERENT	ZB0o7mZiSas	MPREb_qLW0oYDc6bw	UCHcQAr0TPLR6tj-aRX6m9dg	Modern Synth-Pop Grooves
Finish the Fight	Halo	Halo 3 (Original Soundtrack)	INDIFFERENT	qJq-F51QblI	MPREb_qLW0oYDc6bw	UCHcQAr0TPLR6tj-aRX6m9dg	Modern Synth-Pop Grooves
Follow in Flight	Halo	Halo 2 Anniversary (Original Soundtrack)	INDIFFERENT	LbCrnBV0UoY	MPREb_jA9Yulz4Cbc	UCHcQAr0TPLR6tj-aRX6m9dg	Modern Synth-Pop Grooves
AIN'T NOTHIN' LIKE A FUNKY BEAT	HIDEKI NAGANUMA	AIN'T NOTHIN' LIKE A FUNKY BEAT	INDIFFERENT	PWHFr9KJGBk	MPREb_BBGNPrBNArZ	UCADO0MFYPsyCGGfDO71SIsA	Modern Synth-Pop Grooves
Sign 1	Guts	Sign - 1 & 2	INDIFFERENT	Bu7VFSbSAeo	MPREb_0mbcx0Get7z	UCAP3dqj43sFh-Dg96d2fswQ	Modern Synth-Pop Grooves
Sign 1	Guts	Sign - 1 & 2	INDIFFERENT	Bu7VFSbSAeo	MPREb_0mbcx0Get7z	UCAP3dqj43sFh-Dg96d2fswQ	Modern Synth-Pop Grooves
Hai Yo (Berserk Version)	Guts	Hai Yo (Berserk Version)	INDIFFERENT	8u2uuNdfYwc	MPREb_RjMfxlmMoic	UCAP3dqj43sFh-Dg96d2fswQ	Modern Synth-Pop Grooves
Unbroken	Gustavo Santaolalla	The Last of Us Part II (Original Soundtrack)	INDIFFERENT	dKChKkgAdG4	MPREb_ASriHKZgbLQ	UCUvUnTmMHlhlWxOc0Ouz8Ww	Modern Synth-Pop Grooves
The Last of Us Part II	Gustavo Santaolalla	The Last of Us Part II (Original Soundtrack)	INDIFFERENT	lB_66LLKSGA	MPREb_ASriHKZgbLQ	UCUvUnTmMHlhlWxOc0Ouz8Ww	Modern Synth-Pop Grooves
Longing	Gustavo Santaolalla	The Last of Us Part II (Original Soundtrack)	INDIFFERENT	OytGwgFDe3w	MPREb_ASriHKZgbLQ	UCUvUnTmMHlhlWxOc0Ouz8Ww	Modern Synth-Pop Grooves
Longing	Gustavo Santaolalla	The Last of Us Part II (Original Soundtrack)	INDIFFERENT	OytGwgFDe3w	MPREb_ASriHKZgbLQ	UCUvUnTmMHlhlWxOc0Ouz8Ww	Modern Synth-Pop Grooves
Beyond Desolation	Gustavo Santaolalla	The Last of Us Part II (Original Soundtrack)	INDIFFERENT	OB09mmZvlsw	MPREb_ASriHKZgbLQ	UCUvUnTmMHlhlWxOc0Ouz8Ww	Modern Synth-Pop Grooves
The Path (A New Beginning)	Gustavo Santaolalla	The Last of Us	INDIFFERENT	XtDXp-E38x4	MPREb_OW7xp3m3XXc	UCUvUnTmMHlhlWxOc0Ouz8Ww	Modern Synth-Pop Grooves
The Last of Us	Gustavo Santaolalla	The Last of Us	INDIFFERENT	Y2UOwvUQ8L0	MPREb_OW7xp3m3XXc	UCUvUnTmMHlhlWxOc0Ouz8Ww	Modern Synth-Pop Grooves
The Choice	Gustavo Santaolalla	The Last of Us	INDIFFERENT	MxnySOWff-g	MPREb_OW7xp3m3XXc	UCUvUnTmMHlhlWxOc0Ouz8Ww	Modern Synth-Pop Grooves
All Gone (No Escape)	Gustavo Santaolalla	The Last of Us	INDIFFERENT	mrTAa0vxCtQ	MPREb_OW7xp3m3XXc	UCUvUnTmMHlhlWxOc0Ouz8Ww	Modern Synth-Pop Grooves
All Gone (No Escape)	Gustavo Santaolalla	The Last of Us	INDIFFERENT	mrTAa0vxCtQ	MPREb_OW7xp3m3XXc	UCUvUnTmMHlhlWxOc0Ouz8Ww	Modern Synth-Pop Grooves
Open Your Eyes	Green Over Blue	Open Your Eyes	INDIFFERENT	t2QZMcGy_rE	MPREb_Hp0GCNMpXh7	UCWiSWTPHQvQUZZX33bKgx5w	Modern Synth-Pop Grooves
The Background	Gratis	Gratis	INDIFFERENT	XLdsrLx_h8s	MPREb_Dzndfqe6xAR	UCwjaZNZe3OHhZVaNmODf8Wg	Modern Synth-Pop Grooves
Babyyy	Grace Ives	Really Hot	INDIFFERENT	sdkb-yvZoUo	MPREb_PEiLhIHaOmd	UCC3ebmTnhl55DUOfH7kft2Q	Modern Synth-Pop Grooves
The Moon Cave (feat. Asha Puthli, Bobby Womack, Dave Jolicoeur & Jalen Ngonda)	Gorillaz	The Mountain	INDIFFERENT	2TdLuQqempg	MPREb_ibJIxQD6oBH	UCNIV5B_aJnLrKDSnW_MOmcQ	Modern Synth-Pop Grooves
The Empty Dream Machine (feat. Black Thought, Johnny Marr, Anoushka Shankar & Johnny Marr and Anoushka Shankar)	Gorillaz	The Mountain	INDIFFERENT	T2pwTiQ29hc	MPREb_ibJIxQD6oBH	UCNIV5B_aJnLrKDSnW_MOmcQ	Modern Synth-Pop Grooves
The Happy Dictator (feat. Sparks)	Gorillaz	The Happy Dictator	INDIFFERENT	vj7ojnHixOg	MPREb_Jz4hryIaCCU	UCNIV5B_aJnLrKDSnW_MOmcQ	Modern Synth-Pop Grooves
Orange County (feat. Bizarrap, Kara Jackson & Anoushka Shankar)	Gorillaz	Orange County	INDIFFERENT	Kkyi3X21W7s	MPREb_HVGHxLCi8GL	UCNIV5B_aJnLrKDSnW_MOmcQ	Modern Synth-Pop Grooves
Your New Home	Gooseworx	The Amazing Digital Circus (Original Pilot Soundtrack)	INDIFFERENT	4gZdE5dimMg	MPREb_vwxXVAihMlq	UCWwoMeZW7XnkBc2ZkrbZkMA	Modern Synth-Pop Grooves
As The Dogs Were Playing	Good Morning	Good Morning Seven	INDIFFERENT	srzltvlaoms	MPREb_Aw9DWDtwCMT	UCUWBedYLbCpXOS13_RSWAsA	Modern Synth-Pop Grooves
Yearn For You (Shadow)	Golden Cats	Yearn For You	INDIFFERENT	7J66C3CY8yM	MPREb_y1hq3LHWSoJ	UC6CvuBW69B6MwRBx0NsZQRg	Modern Synth-Pop Grooves
煉獄と猗窩座の戦い - The Fight Between Rengoku and Akaza	Go Shiina	Anime 'Kimetsu no Yaiba' Mugen Train Original Soundtrack	INDIFFERENT	ozfYcpjeUv4	MPREb_6MkiTAAEDyO	UCCyAVcdufnWVOFtWMreaInQ	Modern Synth-Pop Grooves
Curiosità	Giuliano Sorgini	Lavoro e tempo libero	INDIFFERENT	rdq9C76H6ZQ	MPREb_9Tfed40Ep3d	UCg_PvniNccbBGHBQjFbJpIA	Modern Synth-Pop Grooves
By the Mark	Gillian Welch	Revival	INDIFFERENT	Iz65diosiks	MPREb_OD12P0lcXAM	UCNjtIV6r0npGavRLS2u77UA	Modern Synth-Pop Grooves
Rage of Sparta  (From 'God of War III'  Soundtrack)	Gerard Marino	God of War III (Original Soundtrack)	INDIFFERENT	9a4Rx7T_lwc	MPREb_hbrpe89lKyV	UCeF-BfPq1BC9oHwBFMga_uA	Modern Synth-Pop Grooves
Poseidon's Wrath  (From 'God of War III'  Soundtrack)	Gerard Marino	God of War III (Original Soundtrack)	INDIFFERENT	JvshC4R0xQI	MPREb_hbrpe89lKyV	UCeF-BfPq1BC9oHwBFMga_uA	Modern Synth-Pop Grooves
God of War III Overture (From 'God of War III'  Soundtrack)	Gerard Marino	God of War III (Original Soundtrack)	INDIFFERENT	1vmjzPSLbCg	MPREb_hbrpe89lKyV	UCeF-BfPq1BC9oHwBFMga_uA	Modern Synth-Pop Grooves
The End Begins	Gerard Marino	God of War II (Original Video Game Soundtrack)	INDIFFERENT	3AGB0IrFGxc	MPREb_HUMqLwDuM0L	UCeF-BfPq1BC9oHwBFMga_uA	Modern Synth-Pop Grooves
Talk to Me (The Talk Mix)	George Morel	The Lost Tapes: Tony Humphries Strictly Rhythm Mix 2	INDIFFERENT	39YeCUd0Kpc	MPREb_vbl63Y56Aq3	UCVIw3zHrR0om6LQVRwcwFYA	Modern Synth-Pop Grooves
Writing's on the Wall (2004 Remaster)	George Harrison	Somewhere in England	INDIFFERENT	dFMpAxtmUZ4	MPREb_523fr2LWUg1	UCGVnHHo1u7Xfyht_psktcUQ	Modern Synth-Pop Grooves
Blood from a Clone (2004 Remaster)	George Harrison	Somewhere in England	INDIFFERENT	OZ4wax8urPE	MPREb_523fr2LWUg1	UCGVnHHo1u7Xfyht_psktcUQ	Modern Synth-Pop Grooves
Isn't It a Pity (Demo Version)	George Harrison	Let It Roll - Songs of George Harrison	INDIFFERENT	WLLfnyeOoNg	MPREb_vlGwk5IcHB8	UCGVnHHo1u7Xfyht_psktcUQ	Modern Synth-Pop Grooves
Unknown Delight	George Harrison	Gone Troppo	INDIFFERENT	9cTCTfjTndU	MPREb_cqP0PfW71Uw	UCGVnHHo1u7Xfyht_psktcUQ	Modern Synth-Pop Grooves
Here Comes the Moon	George Harrison	George Harrison	INDIFFERENT	cu1dvIwk6pc	MPREb_R3TBk1kWnqP	UCGVnHHo1u7Xfyht_psktcUQ	Modern Synth-Pop Grooves
I'd Have You Anytime (2020 Mix)	George Harrison	All Things Must Pass (50th Anniversary)	INDIFFERENT	UwF1JPdo6sE	MPREb_YPK7k9Jm5aN	UCGVnHHo1u7Xfyht_psktcUQ	Modern Synth-Pop Grooves
Hey!	Gaspard Augé	Hey!	INDIFFERENT	H_yuQEhkGlw	MPREb_XCRTU6IJffH	UCYDiboM4qJvTCPEzVVv85Mg	Modern Synth-Pop Grooves
No Stress	Garden City Movement	No Stress	INDIFFERENT	rPcn-sGwVHo	MPREb_trqQadOkhQk	UC88l_CMeQ-C03XTUZu9Xl3Q	Modern Synth-Pop Grooves
All the Time	GHOSTWOMAN	Ghost Woman	INDIFFERENT	7OuKcv0wKEY	MPREb_dyjCnHPiWRq	UCLQQPdzOzixnsetaKJ6yiQw	Modern Synth-Pop Grooves
HUNTING FOR YOUR DREAM	GALNERYUS	ANGEL OF SALVATION	INDIFFERENT	CyIoNt2m1Gw	MPREb_HiwdlYDZMSD	UCAppgBOv04CnMBZlWf-nRiA	Modern Synth-Pop Grooves
Before the Bridge	Future Islands	On the Water	INDIFFERENT	K3MNLjsJJTU	MPREb_h6d6iTNkscP	UCdNPLyZ46MPYkRy2yOYsYfQ	Modern Synth-Pop Grooves
The Painter	Future Islands	As Long As You Are	INDIFFERENT	a_QvQOi-Ick	MPREb_nBd5xAEqaog	UCdNPLyZ46MPYkRy2yOYsYfQ	Modern Synth-Pop Grooves
Ugh	Funkin' Sound Team	Ugh	INDIFFERENT	1rRwCOIGYaA	MPREb_xwvCXbrOTaC	UC1aLu_SolV65rIUYmYR6yTQ	Modern Synth-Pop Grooves
Stress	Funkin' Sound Team	Friday Night Funkin', Vol. 2 (Original Game Soundtrack)	INDIFFERENT	TSdf-yf5hHY	MPREb_APwqsmj5yFK	UC1aLu_SolV65rIUYmYR6yTQ	Modern Synth-Pop Grooves
Pico	Funkin' Sound Team	Friday Night Funkin', Vol. 1 (Original Game Soundtrack)	INDIFFERENT	Cp8VZY3mq_o	MPREb_oigiXavLaP6	UC1aLu_SolV65rIUYmYR6yTQ	Modern Synth-Pop Grooves
Dad Battle	Funkin' Sound Team	Friday Night Funkin', Vol. 1 (Original Game Soundtrack)	INDIFFERENT	Zifz3m5rl4A	MPREb_oigiXavLaP6	UC1aLu_SolV65rIUYmYR6yTQ	Modern Synth-Pop Grooves
ルフィVSチェットRound1 - Luffy VS Rachet Round1	Fuminori Iwasaki	ONE PIECE MOVIE 'Karakurijou no Mecha Kyohei' Sound track	INDIFFERENT	ZJY9sRDIFvk	MPREb_A1VCJMq1K66	UCoWATx32CZbax5S1fP5RozA	Modern Synth-Pop Grooves
カラクリ城､変形! - Karakurijou､henkei!	Fuminori Iwasaki	ONE PIECE MOVIE 'Karakurijou no Mecha Kyohei' Sound track	INDIFFERENT	98PTavCz14U	MPREb_A1VCJMq1K66	UCoWATx32CZbax5S1fP5RozA	Modern Synth-Pop Grooves
ALL MY FELLAS	Frizk	ALL MY FELLAS	INDIFFERENT	cygu65ytwTc	MPREb_E3jOd3j5Ndk	UCpQ9VdCvYaQuqYGAiUKppXw	Modern Synth-Pop Grooves
Vegeta Royal Blue Theme	Friedrich Habetler	Vegeta Royal Blue Theme	INDIFFERENT	QSNC3GBmsEI	MPREb_1cYwgiQIQEi	UCuEEHRXvDGpxYhf0VQxM-sA	Modern Synth-Pop Grooves
Vegeta Royal Blue Theme	Friedrich Habetler	Vegeta Royal Blue Theme	INDIFFERENT	QSNC3GBmsEI	MPREb_1cYwgiQIQEi	UCuEEHRXvDGpxYhf0VQxM-sA	Modern Synth-Pop Grooves
Vegeta Royal Blue Theme	Friedrich Habetler	Vegeta Royal Blue Theme	INDIFFERENT	QSNC3GBmsEI	MPREb_1cYwgiQIQEi	UCuEEHRXvDGpxYhf0VQxM-sA	Modern Synth-Pop Grooves
Vegeta Royal Blue Theme	Friedrich Habetler	Vegeta Royal Blue Theme	INDIFFERENT	QSNC3GBmsEI	MPREb_1cYwgiQIQEi	UCuEEHRXvDGpxYhf0VQxM-sA	Modern Synth-Pop Grooves
Ultimate Battle	Friedrich Habetler	Ultimate Battle	INDIFFERENT	2OiUjCg6nTc	MPREb_GToxZgG1Lla	UCuEEHRXvDGpxYhf0VQxM-sA	Modern Synth-Pop Grooves
Solid State Scouter	Friedrich Habetler	Solid State Scouter	INDIFFERENT	nzCFdWynvhY	MPREb_Oly9fabjMlz	UCuEEHRXvDGpxYhf0VQxM-sA	Modern Synth-Pop Grooves
SSJ 3 Theme	Friedrich Habetler	SSJ 3 Theme	INDIFFERENT	PsK7vAgh6r8	MPREb_Ou3fzsnbpUL	UCuEEHRXvDGpxYhf0VQxM-sA	Modern Synth-Pop Grooves
Perfect Cell Theme	Friedrich Habetler	Perfect Cell Theme	INDIFFERENT	GzX-FzckFv0	MPREb_k16b5Gy1t7a	UCuEEHRXvDGpxYhf0VQxM-sA	Modern Synth-Pop Grooves
Steel Ball Run Johnny Joestar Theme	Friedrich Habetler	Mix Tape Steel Ball Run #1	INDIFFERENT	tj5HW2dFjiU	MPREb_2np0X0BfXjj	UCuEEHRXvDGpxYhf0VQxM-sA	Modern Synth-Pop Grooves
Funny Valentine (No Intro)	Friedrich Habetler	Mix Tape Steel Ball Run #1	INDIFFERENT	iyf1_iP_5Pc	MPREb_2np0X0BfXjj	UCuEEHRXvDGpxYhf0VQxM-sA	Modern Synth-Pop Grooves
Kakarot Vs Broly	Friedrich Habetler	Kakarot Vs Broly	INDIFFERENT	MKQn6xCOVVM	MPREb_Lhzac19Ydtq	UCuEEHRXvDGpxYhf0VQxM-sA	Modern Synth-Pop Grooves
Jiren's Theme	Friedrich Habetler	Jiren's Theme	INDIFFERENT	3JhadZjfNdI	MPREb_bNy2hsMDGsr	UCuEEHRXvDGpxYhf0VQxM-sA	Modern Synth-Pop Grooves
Heroic Battle	Friedrich Habetler	Heroic Battle	INDIFFERENT	vDbQOM7wNfU	MPREb_ITGUPrmanQ9	UCuEEHRXvDGpxYhf0VQxM-sA	Modern Synth-Pop Grooves
Heroic Battle	Friedrich Habetler	Heroic Battle	INDIFFERENT	vDbQOM7wNfU	MPREb_ITGUPrmanQ9	UCuEEHRXvDGpxYhf0VQxM-sA	Modern Synth-Pop Grooves
Gyro Zeppeli	Friedrich Habetler	Gyro Zeppeli	INDIFFERENT	8xOKUe4viOU	MPREb_XtBQCzgSyno	UCuEEHRXvDGpxYhf0VQxM-sA	Modern Synth-Pop Grooves
Gohans Anger Theme	Friedrich Habetler	Gohans Anger Theme	INDIFFERENT	wrxqyXAWyVY	MPREb_QxwQwMDxTJI	UCuEEHRXvDGpxYhf0VQxM-sA	Modern Synth-Pop Grooves
Gogeta's Theme	Friedrich Habetler	Gogeta's Theme	INDIFFERENT	HAcXvf41_Tg	MPREb_xVWQ7LSasqi	UCuEEHRXvDGpxYhf0VQxM-sA	Modern Synth-Pop Grooves
Diego Brando	Friedrich Habetler	Diego Brando	INDIFFERENT	khKDb5nIhmI	MPREb_EkcKy8YVNut	UCuEEHRXvDGpxYhf0VQxM-sA	Modern Synth-Pop Grooves
Broly Vs. Gogeta (Cover Ver.)	Friedrich Habetler	Broly Vs. Gogeta (Cover Ver.)	INDIFFERENT	yNomaZGrM04	MPREb_3o03ryK5i5u	UCuEEHRXvDGpxYhf0VQxM-sA	Modern Synth-Pop Grooves
A Fierce Battle Against a Foe	Friedrich Habetler	A Fierce Battle Against a Foe	INDIFFERENT	rCx76xZaq14	MPREb_9vFHAVbVEld	UCuEEHRXvDGpxYhf0VQxM-sA	Modern Synth-Pop Grooves
SF 25th Anniversary - Guile Theme | Epic Rock Cover	Friedrich Habetler		INDIFFERENT	Z4G9MU4wvTo		UCuEEHRXvDGpxYhf0VQxM-sA	Modern Synth-Pop Grooves
Framework	Frequency	Framework	INDIFFERENT	7mcDaHxYGeM	MPREb_m4w8DbOVKrl	UCz8FbOadYycdVlil_7amszg	Modern Synth-Pop Grooves
Yo Vogue VIP	French Fries	Paris Club Music, Vol. 1	INDIFFERENT	9w4XplnGU44	MPREb_d2xYJfKDqob	UCz1nk7M8VIJ03jFQB5G50uQ	Modern Synth-Pop Grooves
Diamond Veins	French 79	Diamond Veins	INDIFFERENT	2m_8rMZqEfA	MPREb_gUxt4n9xRpR	UC2IsGMjDoczl1h-EQZToIZg	Modern Synth-Pop Grooves
A Stranger I Remain	Free Dominguez	METAL GEAR RISING REVENGEANCE Vocal Tracks Selection	INDIFFERENT	fY97V9NvSjA	MPREb_hUEq5DHhN5I		Modern Synth-Pop Grooves
In a Moment Divine	Freak Heat Waves	In a Moment Divine	INDIFFERENT	ayEgs1U0Ggk	MPREb_qPdPsiwacqa	UCAw-TjPSp-xg5qD6qwWdN-A	Modern Synth-Pop Grooves
Hell March 3	Frank Klepacki	Command & Conquer: Red Alert 3 (Original Soundtrack)	INDIFFERENT	AM9uQ1fqV2I	MPREb_navioBdijJQ	UC0qaT2EsuESS19iJoIJR_SQ	Modern Synth-Pop Grooves
Hell March	Frank Klepacki	Command & Conquer: Red Alert (Original Soundtrack)	INDIFFERENT	e3YzmjmAGoI	MPREb_0vvBToSiE3C	UC0qaT2EsuESS19iJoIJR_SQ	Modern Synth-Pop Grooves
Make You Smile	Franc Moody	Make You Smile	INDIFFERENT	5wjBXondtR0	MPREb_cOq0W7mBBvA	UCgvy3euFGtpB0Q4ZzcJZMsA	Modern Synth-Pop Grooves
In Too Deep	Franc Moody	Got the Light / In Too Deep	INDIFFERENT	Ywe2QlvCO7U	MPREb_XoqV86K2SUa	UCgvy3euFGtpB0Q4ZzcJZMsA	Modern Synth-Pop Grooves
Laroque	Franc Moody	EP	INDIFFERENT	oxcIElGrrDI	MPREb_6tQheRCHkU1	UCgvy3euFGtpB0Q4ZzcJZMsA	Modern Synth-Pop Grooves
Driving On The Wrong Side Of The Road	Franc Moody	Driving On The Wrong Side Of The Road	INDIFFERENT	dQJd9BRfqVk	MPREb_MPsl5zyEHV2	UCgvy3euFGtpB0Q4ZzcJZMsA	Modern Synth-Pop Grooves
This is a Mood	Franc Moody	Dream in Colour	INDIFFERENT	Fp1pkBhn0i8	MPREb_1lFsK86bIrj	UCgvy3euFGtpB0Q4ZzcJZMsA	Modern Synth-Pop Grooves
Dream in Colour	Franc Moody	Dream in Colour	INDIFFERENT	Dpm0GkcYzXI	MPREb_k0MvossyIiY	UCgvy3euFGtpB0Q4ZzcJZMsA	Modern Synth-Pop Grooves
Keep Love Moving	Four80East	Four on the Floor	INDIFFERENT	97sD5kdzRXA	MPREb_CcSr280grFf	UCLy2-zHKDEWBs-ql7-l5oQQ	Modern Synth-Pop Grooves
Sit Next to Me	Foster The People	Sacred Hearts Club	INDIFFERENT	8tMKanAqkbc	MPREb_HIEWDScFpmq	UCIzEvQ6PlJ9XxeDrT9jEBTA	Modern Synth-Pop Grooves
Imagination	Foster The People	Imagination	INDIFFERENT	gxvWjKxow6U	MPREb_mE5RhfbTVhV	UCIzEvQ6PlJ9XxeDrT9jEBTA	Modern Synth-Pop Grooves
BANANA BUS BREAKDOWN	Forsaken Sound Team	Forsaken OST Vol.1	INDIFFERENT	E6n-eEQJskU	MPREb_DQ8fclt7ClK	UCetoP7HwdDKFZysIFuAvjYw	Modern Synth-Pop Grooves
Minecraft Pigstep (Remix)	FlyxTheKid	Minecraft Pigstep	INDIFFERENT	yiRvAGVj1MQ	MPREb_8lbPPuGfc3I	UCTUKCRUrNu9wlGkIqrr6QjQ	Modern Synth-Pop Grooves
The Difference (feat. Toro y Moi)	Flume	The Difference (feat. Toro y Moi)	INDIFFERENT	bHmI74V8Dgc	MPREb_6SGMZScBKyZ	UCEdhHl4ZB0JXIinqZ367F6w	Modern Synth-Pop Grooves
Everything	Fluida	Blue Spiral	INDIFFERENT	Ovvhi-GRI24	MPREb_iABz94MC1fx	UCvZYuLIAe-_PZxA3mQERN8g	Modern Synth-Pop Grooves
Foreign Language [Flight Facilities Extended Mix] (feat. Jess)	Flight Facilities	Foreign Language (Remixes)	INDIFFERENT	AdY93EljQ1I	MPREb_4Vm6tTOIRFu	UC_C5okdXzTAzv6o92KOA6Bg	Modern Synth-Pop Grooves
Did You Ever Love Me	Fleetwood Mac	Penguin	INDIFFERENT	SZv6e-BAaqM	MPREb_riZTTFqv4oS	UCCzULu3prrEaPvM2ZtkJlYQ	Modern Synth-Pop Grooves
A Plea	Flea	A Plea	INDIFFERENT	HgQPtYbXCtk	MPREb_IVsQaVYFZsC	UCRAsPaHJNDoKE93bv8gseoQ	Modern Synth-Pop Grooves
Slow Chemical	Finger Eleven	Greatest Hits	INDIFFERENT	OKu-6X8SwTY	MPREb_dGyAixCGT9e	UCOyW38qjTk06wjY-6qihZVQ	Modern Synth-Pop Grooves
No One Cries For Me (Cyclist Remix) [feat. Sophie Galpin] (feat. Sophie Galpin)	Figure of 8	No One Cries for Me (feat. Sophie Galpin)	INDIFFERENT	TyC1O0ZQsgI	MPREb_XLVOFyqwuBy	UCJYR2OpOAmwtrhXVImRbrPg	Modern Synth-Pop Grooves
The Set Up	Favored Nations	The Music of Grand Theft Auto V, Vol. 1: Original Music	INDIFFERENT	hJmYGnaZdKE	MPREb_9Y9sNskCW7A	UC_e8zi_yQ4duxzyvhtiqNqg	Modern Synth-Pop Grooves
SSJ Transformation	Faulconer, Bruce	The Best Of Dragonball Z Volume 2	INDIFFERENT	GnSCgMTXC9s	MPREb_N5gijLj0vyc	UC0yyj5ZXYVlwE7XqWRYDqTg	Modern Synth-Pop Grooves
Ssj3 Power Up	Faulconer, Bruce	Best Of Dragonball Z Vol IV	INDIFFERENT	K61rG1hxBwA	MPREb_XeJxZqZs9nv	UC0yyj5ZXYVlwE7XqWRYDqTg	Modern Synth-Pop Grooves
Underwater (Mira Ló Remix)	Fakear	Underwater (Mira Ló Remix)	INDIFFERENT	IjFd7VoPJd4	MPREb_Vj9uKtcr3R7	UCSgO44QUssXF0dxOpeAqnww	Modern Synth-Pop Grooves
I Can't Dream Anymore	Fabiana Palladino	I Can't Dream Anymore	INDIFFERENT	_6Qp0VOPJlA	MPREb_qwaDsHgwPHu	UCXUFhvQUc5sNWZV0ozv4VOA	Modern Synth-Pop Grooves
HERO 〜希望の歌〜 - Hero -Kibou No Uta	FLOW	FLOW THE MAX !!!	INDIFFERENT	3y-BWmaLMsU	MPREb_w7fHCi2yUvh	UCJCEjx_2PIFi97rJjjfwrcQ	Modern Synth-Pop Grooves
Here's to you (feat. Joan Baez)	Ennio Morricone	Sacco e Vanzetti (Original Motion Picture Soundtrack)	INDIFFERENT	R4xWbRBLj2I	MPREb_GaQx9gJw6WN	UC6wtBSpA_X6XXk0YIHJj4gw	Modern Synth-Pop Grooves
How Do You Do It	Empress Of	Me	INDIFFERENT	1RaLH-XJ3xA	MPREb_WqYBQwAsYpe	UCbcaqniFdeP7NIwbeZABk1g	Modern Synth-Pop Grooves
Cold Heart (PNAU Remix)	Elton John	The Lockdown Sessions	INDIFFERENT	e-S1k9-soT4	MPREb_DyF5cpj4okT	UCn9i4cdLe14CbsOycTbKMoA	Modern Synth-Pop Grooves
Twilight (2024 Remaster)	Elliott Smith	From A Basement On The Hill (2024 Remaster)	INDIFFERENT	lOacuIQSKVk	MPREb_WZPGc4UHySH	UCuNTMHPl8dVBpJRtvygl-9A	Modern Synth-Pop Grooves
Assassin's Creed Rogue Main Theme	Elitsa Alexandrova	Assassin's Creed Rogue (Original Game Soundtrack)	INDIFFERENT	ZH9-ZMnSbfg	MPREb_ZzmGNBfy6J7	UCRpc6SwaqXh6ntvJTXvnx3g	Modern Synth-Pop Grooves
The One	Elena Siegman	Call of Duty: Black Ops – Zombies (Original Game Soundtrack)	INDIFFERENT	jG-6AXvk1vE	MPREb_PSF9PLQAR7N	UCSHQdfXwCm6DE3foHGKjcdw	Modern Synth-Pop Grooves
The One	Elena Siegman	Call of Duty: Black Ops – Zombies (Original Game Soundtrack)	INDIFFERENT	jG-6AXvk1vE	MPREb_PSF9PLQAR7N	UCSHQdfXwCm6DE3foHGKjcdw	Modern Synth-Pop Grooves
115	Elena Siegman	Call of Duty: Black Ops – Zombies (Original Game Soundtrack)	INDIFFERENT	-B19u9tHnIs	MPREb_PSF9PLQAR7N	UCSHQdfXwCm6DE3foHGKjcdw	Modern Synth-Pop Grooves
She Swallowed Burning Coals	El Tigr3	¡Roar!	INDIFFERENT	GhclOjt7d2U	MPREb_dwNsevI4BaV	UCyAlHPJTUSbkeTPnyBaqLUg	Modern Synth-Pop Grooves
Figure It Out (Night Edit)	Ekkah	Ekkah x Real Love	INDIFFERENT	sfmefawTff4	MPREb_ZeZBxTQXaLK	UCxpeGg5oC1bLztZ1IJVhJnQ	Modern Synth-Pop Grooves
Daft Punk - Touch (remix without the intro) - HD	Egmundo Huevoz		INDIFFERENT	auQ2XGy-OLA		UC3XbSavBSo98_tIwjHCAGDQ	Modern Synth-Pop Grooves
E06_ReMaster_TV_Original	EVANGELION WIND SYMPHONY	EVANGELION WIND SYMPHONY vol.1	INDIFFERENT	T58fKv61lWA	MPREb_gj5s89oYpYm	UCCy8LA-092E___Gq5YmuCgQ	Modern Synth-Pop Grooves
My Heart	EH!DE		INDIFFERENT	XguM70JdeBo		UCeCNA63-T4RC1t2IDtISfiQ	Modern Synth-Pop Grooves
Revista de Gimnasia (Remezcla 2023)	Dënver	Fuera de Campo	INDIFFERENT	imD9i4sdruY	MPREb_YhuTuoDJIke	UCBHwAUzW_eO0mHdP5FK1sMA	Modern Synth-Pop Grooves
INVISIBLE	Duran Duran	FUTURE PAST	INDIFFERENT	NRtnUVaRwXM	MPREb_CzGhdqHYf3A	UC7d6hou24HcG5sA2lwTgV0A	Modern Synth-Pop Grooves
Cathedral City	Ducks Ltd.	Harm's Way	INDIFFERENT	E98GGtFarBI	MPREb_NuYNYfpPm6m	UCPInbJwrI9ZDjPyP2MYcpVg	Modern Synth-Pop Grooves
¿Dónde estás?	Duck Fizz	¿Dónde estás?	INDIFFERENT	31n_uRlsnz0	MPREb_Fmnm5pHvXEf	UCQVr3a18iTMHQAEgqPw-CYQ	Modern Synth-Pop Grooves
Kick The Tragedy	Drop Nineteens	Delaware	INDIFFERENT	Vgm1Ao5P46s	MPREb_XmceZNBI351	UCMGsriw2sG4Ij8J51Bnpkrg	Modern Synth-Pop Grooves
Kingdom	Downstait	Kingdom	INDIFFERENT	-wGXH7-ESaE	MPREb_XXy8KzPYhOC	UCCAi3JIxj41yUtqz0iM8OHQ	Modern Synth-Pop Grooves
Fist Bump	Douglas Robb	Sonic Forces Vocal Traxx On The Edge	INDIFFERENT	eCkWlRL3_N0	MPREb_ryGDUahuSXe	UCdR5T3plpYhmz715LWNoEIA	Modern Synth-Pop Grooves
Sins of The Father	Donna Burke	METAL GEAR SOLID Ⅴ ORIGINAL SOUNDTRACK SELECTION	INDIFFERENT	y8VfziFZMGY	MPREb_z2Ehrxgw3XV	UCzbnYeomSmnQXzv_xGe1OYg	Modern Synth-Pop Grooves
HEAVENS DIVIDE from METAL GEAR SOLID PEACE WALKER	Donna Burke	METAL GEAR SOLID VOCAL TRACKS	INDIFFERENT	eDajkN_GBC4	MPREb_snC1Bj2yhI6	UCzbnYeomSmnQXzv_xGe1OYg	Modern Synth-Pop Grooves
HEAVENS DIVIDE from METAL GEAR SOLID PEACE WALKER	Donna Burke	METAL GEAR SOLID VOCAL TRACKS	INDIFFERENT	eDajkN_GBC4	MPREb_snC1Bj2yhI6	UCzbnYeomSmnQXzv_xGe1OYg	Modern Synth-Pop Grooves
End of Beginning	Djo	DECIDE	INDIFFERENT	Kf5pXDhx5Vc	MPREb_RDvvyRw6Xlu	UCVskJK4TXr5gqSEcQbjIJIg	Modern Synth-Pop Grooves
Blank	Disfigure	Blank	INDIFFERENT	t5ocorAnGV8	MPREb_SKzj1JZsvmj	UCr8eZEQ5viTzjA6KKIwT8Aw	Modern Synth-Pop Grooves
Pacífico	Disco Bahía	Pacífico	INDIFFERENT	uV96JYy7wgk	MPREb_yGGoLtDF4wG	UCj3VGF5F117CqaEQdKJtcmg	Modern Synth-Pop Grooves
Your Love (feat. Sophia Shorai)	Dirty McKenzie	Your Love	INDIFFERENT	H6rOlySMIQM	MPREb_84XZ8gZ9X4T	UCrhZEdtD2CGlkcXjuTqe2VA	Modern Synth-Pop Grooves
To the Infinity Castle - Muzan vs Hashira Theme (from 'Demon Slayer')	Diego Mitre	To the Infinity Castle - Muzan vs Hashira Theme (from 'Demon Slayer')	INDIFFERENT	JgNTxDhGvsI	MPREb_XczIF7mp89X	UCgD7XQgrmZHMagsKBXVNHVQ	Modern Synth-Pop Grooves
Turn Up The Sunshine (From 'Minions: The Rise of Gru' Soundtrack) (feat. Tame Impala)	Diana Ross	Turn Up The Sunshine (From 'Minions: The Rise of Gru' Soundtrack)	INDIFFERENT	jv8rtXBJxM4	MPREb_ffQaS2JNklS	UCVR2VvYRNXGjByS4VvkOYOQ	Modern Synth-Pop Grooves
Beethoven Virus	Diana	Beethoven Virus	INDIFFERENT	KQgjHRwMPZQ	MPREb_aLEVZh4n3Sy	UCAYOo58hoSAYxzwaXDKSyoQ	Modern Synth-Pop Grooves
Vs. Metal Sonic (Stardust Speedway Bad Future JP) - Sonic Generations [OST]	DeoxysPrime		INDIFFERENT	t9A6788MNjk		UCubokaJqWnfPdVpFw_G_Q2w	Modern Synth-Pop Grooves
Pressure	Deeper	Careful!	INDIFFERENT	fYeRV_CKEt8	MPREb_PbocaNcXbBb	UCiP3TiHWZ1xMnABC9wo-i-Q	Modern Synth-Pop Grooves
Your Heart Is an Empty Room	Death Cab for Cutie	Plans	INDIFFERENT	zVZl3FCzNak	MPREb_zUC8wB2Q2sC	UCQyYgbGkyvK3v3X1XzGDQ2Q	Modern Synth-Pop Grooves
Home	David Byrne	Everything That Happens Will Happen Today	INDIFFERENT	-K8HEAcDewA	MPREb_GE8TtNgfNrJ	UCaJzNdWS8sqLZErmGpSMuIQ	Modern Synth-Pop Grooves
Breaking Bad Main Title Theme (Extended)	Dave Porter	Breaking Bad: Original Score from the Television Series	INDIFFERENT	ilfYnhXD-bE	MPREb_IQ7oPjIRFvT	UCFUSLJXBatn3XVoE0TQv1Nw	Modern Synth-Pop Grooves
Crush	Dave Matthews Band	Before These Crowded Streets	INDIFFERENT	y4qHFem3uE0	MPREb_SMPJU3fGhto	UCSJdKxr7mpS_jUj1-YqVkKA	Modern Synth-Pop Grooves
Someday We'll Know	Daryl Hall and John Oates	Do It for Love	INDIFFERENT	0_957F93yWw	MPREb_cS3Q8wGeohO	UC8zbYR5i0gecEZ3iPgm-i9g	Modern Synth-Pop Grooves
CHERIE	Darius	OASIS	INDIFFERENT	OzxG8AyABnA	MPREb_NUHgSImtO7B	UC47pz2hObnlTy47JuZJXClQ	Modern Synth-Pop Grooves
Lost in the Moment	Darius	Lost in the Moment	INDIFFERENT	GJ5BoWM2t7o	MPREb_pnFn18d5Eay	UC47pz2hObnlTy47JuZJXClQ	Modern Synth-Pop Grooves
Spider-Man 2 Main Title	Danny Elfman	Spider-Man 2 Original Motion Picture Score	INDIFFERENT	DNti8jHPOG0	MPREb_XM213a8Rs6L	UCTR28KzMVCvi5g5B3NgKnNA	Modern Synth-Pop Grooves
Main Titles	Danny Elfman	Spider Man - Music From And Inspired By	INDIFFERENT	tbhdL8VLhwI	MPREb_S7yml7XOROk	UCTR28KzMVCvi5g5B3NgKnNA	Modern Synth-Pop Grooves
The Batman Theme	Danny Elfman	Batman (Original Motion Picture Score)	INDIFFERENT	YoaU3kRFvLg	MPREb_Ul0ITJet7qc	UCTR28KzMVCvi5g5B3NgKnNA	Modern Synth-Pop Grooves
New Avengers - Avengers: Age of Ultron	Danny Elfman	Avengers: Age of Ultron (Original Motion Picture Soundtrack)	INDIFFERENT	_HADoTEx7ec	MPREb_GhGEJx69IMy	UCTR28KzMVCvi5g5B3NgKnNA	Modern Synth-Pop Grooves
Heroes	Danny Elfman	Avengers: Age of Ultron (Original Motion Picture Soundtrack)	INDIFFERENT	m9E3M0NS118	MPREb_GhGEJx69IMy	UCTR28KzMVCvi5g5B3NgKnNA	Modern Synth-Pop Grooves
The Prowler	Daniel Pemberton	Spider-Man: Into the Spider-Verse (Original Score)	INDIFFERENT	unZRzMw48uE	MPREb_FJxgelnHqPy	UCc8L7uqV-nqoCpiNNEhV6Lw	Modern Synth-Pop Grooves
Only One Spider-Man	Daniel Pemberton	Spider-Man: Into the Spider-Verse (Original Score)	INDIFFERENT	beNzXJi6q64	MPREb_FJxgelnHqPy	UCc8L7uqV-nqoCpiNNEhV6Lw	Modern Synth-Pop Grooves
Miles Morales Returns	Daniel Pemberton	Spider-Man: Into the Spider-Verse (Original Score)	INDIFFERENT	eNPg5bkPt1s	MPREb_FJxgelnHqPy	UCc8L7uqV-nqoCpiNNEhV6Lw	Modern Synth-Pop Grooves
Spider-Woman (Gwen Stacy)	Daniel Pemberton	Spider-Man: Across the Spider-Verse (Original Score)	INDIFFERENT	RLIR9gBghis	MPREb_gbB6FUrQdoj	UCc8L7uqV-nqoCpiNNEhV6Lw	Modern Synth-Pop Grooves
Spider-Man 2099 (Miguel O'Hara)	Daniel Pemberton	Spider-Man: Across the Spider-Verse (Original Score)	INDIFFERENT	lphogIT7f7o	MPREb_gbB6FUrQdoj	UCc8L7uqV-nqoCpiNNEhV6Lw	Modern Synth-Pop Grooves
Nueva York Train Chase	Daniel Pemberton	Spider-Man: Across the Spider-Verse (Original Score)	INDIFFERENT	EAosY9etkEE	MPREb_gbB6FUrQdoj	UCc8L7uqV-nqoCpiNNEhV6Lw	Modern Synth-Pop Grooves
My Name Is... Miles Morales	Daniel Pemberton	Spider-Man: Across the Spider-Verse (Original Score)	INDIFFERENT	FiEt2QsDtbM	MPREb_gbB6FUrQdoj	UCc8L7uqV-nqoCpiNNEhV6Lw	Modern Synth-Pop Grooves
Guggenheim Assemble	Daniel Pemberton	Spider-Man: Across the Spider-Verse (Original Score)	INDIFFERENT	FsHkwpSmdck	MPREb_gbB6FUrQdoj	UCc8L7uqV-nqoCpiNNEhV6Lw	Modern Synth-Pop Grooves
Falling Apart	Daniel Pemberton	Spider-Man: Across the Spider-Verse (Original Score)	INDIFFERENT	EcnV0S4kyQQ	MPREb_gbB6FUrQdoj	UCc8L7uqV-nqoCpiNNEhV6Lw	Modern Synth-Pop Grooves
Canon Event	Daniel Pemberton	Spider-Man: Across the Spider-Verse (Original Score)	INDIFFERENT	ifUVs5XcqGQ	MPREb_gbB6FUrQdoj	UCc8L7uqV-nqoCpiNNEhV6Lw	Modern Synth-Pop Grooves
All Stations - Stop Spider-Man	Daniel Pemberton	Spider-Man: Across the Spider-Verse (Original Score)	INDIFFERENT	OwmaIJE949o	MPREb_gbB6FUrQdoj	UCc8L7uqV-nqoCpiNNEhV6Lw	Modern Synth-Pop Grooves
All Stations - Stop Spider-Man	Daniel Pemberton	Spider-Man: Across the Spider-Verse (Original Score)	INDIFFERENT	OwmaIJE949o	MPREb_gbB6FUrQdoj	UCc8L7uqV-nqoCpiNNEhV6Lw	Modern Synth-Pop Grooves
Across the Spider-Verse (Start a Band)	Daniel Pemberton	Spider-Man: Across the Spider-Verse (Original Score)	INDIFFERENT	aspUPIg77Jo	MPREb_gbB6FUrQdoj	UCc8L7uqV-nqoCpiNNEhV6Lw	Modern Synth-Pop Grooves
Blood Theme (From 'Dexter: Season 1')	Daniel Licht	Dexter: Season 1	INDIFFERENT	4yMX84KyfKM	MPREb_8QE5P1x2cav	UCX9nT2Q5X3yjWkq_PzLWckA	Modern Synth-Pop Grooves
Blizzard	Daichi Miura	Blizzard	INDIFFERENT	gHWb9MBkMQo	MPREb_qX0AwmXIaq4	UCoWP4gNk47lG9enLpAERKiQ	Modern Synth-Pop Grooves
Get Out	Dagames	Get Out	INDIFFERENT	BCrlZcxvt5Y	MPREb_R39O0wB8hIx	UCcaYq165XlsKrBDST7nbfiQ	Modern Synth-Pop Grooves
Brothers In Arms	Dagames	Brothers in Arms	INDIFFERENT	PEAdhE2EiaM	MPREb_LnZVvyCe3ba	UCcaYq165XlsKrBDST7nbfiQ	Modern Synth-Pop Grooves
The Grid (From 'TRON: Legacy'/Score)	Daft Punk	TRON: Legacy	INDIFFERENT	4-J4duzP8Ng	MPREb_BQHrCwSBM37	UCRr1xG_2WIDs18a6cIiCxeA	Modern Synth-Pop Grooves
The Game Has Changed (From 'TRON: Legacy'/Score)	Daft Punk	TRON: Legacy	INDIFFERENT	AISkUx8iaBo	MPREb_BQHrCwSBM37	UCRr1xG_2WIDs18a6cIiCxeA	Modern Synth-Pop Grooves
Rinzler (From 'TRON: Legacy'/Score)	Daft Punk	TRON: Legacy	INDIFFERENT	E-OY8K3cEmI	MPREb_BQHrCwSBM37	UCRr1xG_2WIDs18a6cIiCxeA	Modern Synth-Pop Grooves
Rectifier (From 'TRON: Legacy'/Score)	Daft Punk	TRON: Legacy	INDIFFERENT	0mcSoEQ9UOU	MPREb_BQHrCwSBM37	UCRr1xG_2WIDs18a6cIiCxeA	Modern Synth-Pop Grooves
Recognizer (From 'TRON: Legacy'/Score)	Daft Punk	TRON: Legacy	INDIFFERENT	vsD70GAtVac	MPREb_BQHrCwSBM37	UCRr1xG_2WIDs18a6cIiCxeA	Modern Synth-Pop Grooves
Overture (From 'TRON: Legacy'/Score)	Daft Punk	TRON: Legacy	INDIFFERENT	mGCnOLGwzg0	MPREb_BQHrCwSBM37	UCRr1xG_2WIDs18a6cIiCxeA	Modern Synth-Pop Grooves
Overture (From 'TRON: Legacy'/Score)	Daft Punk	TRON: Legacy	INDIFFERENT	mGCnOLGwzg0	MPREb_BQHrCwSBM37	UCRr1xG_2WIDs18a6cIiCxeA	Modern Synth-Pop Grooves
Outlands (From 'TRON: Legacy'/Score)	Daft Punk	TRON: Legacy	INDIFFERENT	UM6Cts99XdA	MPREb_BQHrCwSBM37	UCRr1xG_2WIDs18a6cIiCxeA	Modern Synth-Pop Grooves
Flynn Lives (From 'TRON: Legacy'/Score)	Daft Punk	TRON: Legacy	INDIFFERENT	8ktxLCvvAo0	MPREb_BQHrCwSBM37	UCRr1xG_2WIDs18a6cIiCxeA	Modern Synth-Pop Grooves
Fall (From 'TRON: Legacy'/Score)	Daft Punk	TRON: Legacy	INDIFFERENT	q-wvw-oqR9M	MPREb_BQHrCwSBM37	UCRr1xG_2WIDs18a6cIiCxeA	Modern Synth-Pop Grooves
Disc Wars (From 'TRON: Legacy'/Score)	Daft Punk	TRON: Legacy	INDIFFERENT	nRZLV_LcZ-E	MPREb_BQHrCwSBM37	UCRr1xG_2WIDs18a6cIiCxeA	Modern Synth-Pop Grooves
Derezzed (From 'TRON: Legacy'/Score)	Daft Punk	TRON: Legacy	INDIFFERENT	a7Wask21bew	MPREb_BQHrCwSBM37	UCRr1xG_2WIDs18a6cIiCxeA	Modern Synth-Pop Grooves
C.L.U. (From 'TRON: Legacy'/Score)	Daft Punk	TRON: Legacy	INDIFFERENT	QrSLugN8WHc	MPREb_BQHrCwSBM37	UCRr1xG_2WIDs18a6cIiCxeA	Modern Synth-Pop Grooves
Armory (From 'TRON: Legacy'/Score)	Daft Punk	TRON: Legacy	INDIFFERENT	i3BpEAV1WnM	MPREb_BQHrCwSBM37	UCRr1xG_2WIDs18a6cIiCxeA	Modern Synth-Pop Grooves
Arena (From 'TRON: Legacy'/Score)	Daft Punk	TRON: Legacy	INDIFFERENT	Z2tDvcy7s-4	MPREb_BQHrCwSBM37	UCRr1xG_2WIDs18a6cIiCxeA	Modern Synth-Pop Grooves
Around the World / Harder, Better, Faster, Stronger (Live)	Daft Punk		INDIFFERENT	0fllyJTBsRU		UCRr1xG_2WIDs18a6cIiCxeA	Modern Synth-Pop Grooves
Glitter Fonk	Dabeull	Glitter Fonk	INDIFFERENT	55CCmVTk7ko	MPREb_RfPGvdORsEA	UCGx87dJIVCj0qDol9wNPuyA	Modern Synth-Pop Grooves
Universal Collapse	DM DOKURO	The Tale of a Cruel World (Calamity Original Game Soundtrack)	INDIFFERENT	srjhoxEE4Uk	MPREb_j5e6Uhk0a0A	UC_nfwUDWcSg3XXq56f7M_FQ	Modern Synth-Pop Grooves
Unholy Insurgency	DM DOKURO	The Tale of a Cruel World (Calamity Original Game Soundtrack)	INDIFFERENT	KPm5yWmkQn0	MPREb_j5e6Uhk0a0A	UC_nfwUDWcSg3XXq56f7M_FQ	Modern Synth-Pop Grooves
Stained, Brutal Calamity	DM DOKURO	The Tale of a Cruel World (Calamity Original Game Soundtrack)	INDIFFERENT	vS2SIGF3qhk	MPREb_j5e6Uhk0a0A	UC_nfwUDWcSg3XXq56f7M_FQ	Modern Synth-Pop Grooves
Scourge of the Universe	DM DOKURO	The Tale of a Cruel World (Calamity Original Game Soundtrack)	INDIFFERENT	-ksH1Lvz338	MPREb_j5e6Uhk0a0A	UC_nfwUDWcSg3XXq56f7M_FQ	Modern Synth-Pop Grooves
Infestation	DM DOKURO	The Tale of a Cruel World (Calamity Original Game Soundtrack)	INDIFFERENT	OEHwojdJIv4	MPREb_j5e6Uhk0a0A	UC_nfwUDWcSg3XXq56f7M_FQ	Modern Synth-Pop Grooves
Put Cha Back In It	DJ Sliink	Vibrate EP	INDIFFERENT	LsxaYtu-Klk	MPREb_rwYqZLLwLPM	UCpz9-VtShwYe6uJycbESmRQ	Modern Synth-Pop Grooves
Vegeta Super Saiyan Theme	DDRMR	Vegeta Super Saiyan Theme	INDIFFERENT	evuhXggP4GA	MPREb_r4QCLVOEGt0	UC_2yDDFSxrdRLX64f9Svhqg	Modern Synth-Pop Grooves
Gospel Of Dismay	DAGames	Gospel Of Dismay	INDIFFERENT	3kcg-qo_wvg	MPREb_4Me6hPRqDY2	UCcaYq165XlsKrBDST7nbfiQ	Modern Synth-Pop Grooves
Bendy And The Ink Machine Song (Build Our Machine)	DAGames	Bendy And The Ink Machine Song (Build Our Machine)	INDIFFERENT	Rr0XB4BNWLk	MPREb_ym6r8bQPckP	UCcaYq165XlsKrBDST7nbfiQ	Modern Synth-Pop Grooves
Physical Prowess / Toji (From 'Jujutsu Kaisen S2') (Epic Version)	D.Meletis	Physical Prowess / Toji (From 'Jujutsu Kaisen S2') (Epic Version)	INDIFFERENT	ieTg2ZL4_H8	MPREb_AcrbUSF0ZFk	UCLyNlCaU5dGn_CaliKdAFDw	Modern Synth-Pop Grooves
Unshaken	D'Angelo	Unshaken	INDIFFERENT	cGT8wGzG3nw	MPREb_Co5Ha70CYEY	UClNtwl7d6s42-L8yRG6VEgg	Modern Synth-Pop Grooves
Evil Twin	Cut Worms	Transmitter	INDIFFERENT	jMlssW90uwg	MPREb_XDjz6EYMxSG	UCz5hJCVnP3Ncst-wbeni7gw	Modern Synth-Pop Grooves
Belong To You (feat. Kate Bollinger)	Cut Copy	Belong To You	INDIFFERENT	FAgxkPtcAg4	MPREb_XWaBeMPJlcI	UClL93XdC3tpplPnpwhL0cfQ	Modern Synth-Pop Grooves
Belong To You (feat. Kate Bollinger)	Cut Copy	Belong To You	INDIFFERENT	FAgxkPtcAg4	MPREb_XWaBeMPJlcI	UClL93XdC3tpplPnpwhL0cfQ	Modern Synth-Pop Grooves
What I'm Made Of…	Crush 40	Super Sonic Songs - The Best Of Crush 40 [Bonus Tracks]	INDIFFERENT	mtQ0Gy5Ys80	MPREb_DstfILVARXx	UCJJluTzc1HAcuYabQq_77Gg	Modern Synth-Pop Grooves
Sonic Heroes	Crush 40	Super Sonic Songs - The Best Of Crush 40 [Bonus Tracks]	INDIFFERENT	3F1bHQEtOyM	MPREb_DstfILVARXx	UCJJluTzc1HAcuYabQq_77Gg	Modern Synth-Pop Grooves
Open Your Heart	Crush 40	Super Sonic Songs - The Best Of Crush 40 [Bonus Tracks]	INDIFFERENT	JsL-5R76jFk	MPREb_DstfILVARXx	UCJJluTzc1HAcuYabQq_77Gg	Modern Synth-Pop Grooves
Live & Learn	Crush 40	Super Sonic Songs - The Best Of Crush 40 [Bonus Tracks]	INDIFFERENT	My-WSM-6QlE	MPREb_DstfILVARXx	UCJJluTzc1HAcuYabQq_77Gg	Modern Synth-Pop Grooves
KNIGHT OF THE WIND	Crush 40	Sonic And The Black Knight Official Soundtrack Vol.1	INDIFFERENT	jixbtOPYVTA	MPREb_DPdJrUsfiDu	UCJJluTzc1HAcuYabQq_77Gg	Modern Synth-Pop Grooves
What I'm Made of...: Last Boss ver.2 / Metal Overlord	Crush 40	SONIC HEROES Original Soundtrack 20th Anniversary Edition	INDIFFERENT	FA0wWQ3gooQ	MPREb_9T0hT5D2dxQ	UCJJluTzc1HAcuYabQq_77Gg	Modern Synth-Pop Grooves
Live & Learn ...Main Theme of ”Sonic Adventure 2”	Crush 40	SONIC ADVENTURE 2 Original Soundtrack 20th Anniversary Edition	INDIFFERENT	jRESgqJIsoo	MPREb_3RQ74Fx4SuZ	UCJJluTzc1HAcuYabQq_77Gg	Modern Synth-Pop Grooves
Never Turn Back	Crush 40	SHADOW THE HEDGEHOG OFFICIAL SOUNDTRACK	INDIFFERENT	QOLnSiQN20o	MPREb_6eReRia9ysF	UCJJluTzc1HAcuYabQq_77Gg	Modern Synth-Pop Grooves
I Am... All Of Me	Crush 40	SHADOW THE HEDGEHOG OFFICIAL SOUNDTRACK	INDIFFERENT	NucG0kD3pkg	MPREb_6eReRia9ysF	UCJJluTzc1HAcuYabQq_77Gg	Modern Synth-Pop Grooves
Boss Battle: Metal Overlord (What I'm Made Of...)	Crush 40	Perfect | Reflections - Sonic X Shadow Generations Original Soundtrack	INDIFFERENT	gENYxuAupPc	MPREb_xYgO9TcDFRj	UCJJluTzc1HAcuYabQq_77Gg	Modern Synth-Pop Grooves
Balloon	Crumb	Ice Melt	INDIFFERENT	6H4BemPk1gI	MPREb_XGozuJ04Ycr	UCpGhvsN-Gw-q5yaQ4e3w2Vg	Modern Synth-Pop Grooves
Brothers of Blood  (From 'God of War III'  Soundtrack)	Cris Velasco	God of War III (Original Soundtrack)	INDIFFERENT	4I2A2Jx1h-0	MPREb_hbrpe89lKyV	UCdnpre2Unc1O2w0OnvhcDzg	Modern Synth-Pop Grooves
Metal Gear Rising: Revengeance OST - The Stains Of Time Extended	Crimson		INDIFFERENT	OuSSXOQ-1bI		UCuxYpDWtMI0u06_VAbgcFZg	Modern Synth-Pop Grooves
Sugar Plum	Courtney Barnett	Creature of Habit	INDIFFERENT	AO4vOPkiyxs	MPREb_5Oxhf4HAFJs	UCAR6fZVOSmnctDecWdS9rtQ	Modern Synth-Pop Grooves
Stay In Your Lane	Courtney Barnett	Creature of Habit	INDIFFERENT	c23DShdel5Y	MPREb_5Oxhf4HAFJs	UCAR6fZVOSmnctDecWdS9rtQ	Modern Synth-Pop Grooves
Charlotte's Thong	Connan Mockasin	Charlotte's Thong	INDIFFERENT	jrEVXyHgwTg	MPREb_0di0LYGkqZA	UC5l6nJsuOYfRKrRmVsOHRKA	Modern Synth-Pop Grooves
Adventure of a Lifetime	Coldplay	A Head Full of Dreams	INDIFFERENT	XsMpXczOIPs	MPREb_PvMNqFUp1oW	UCIaFw5VBEK8qaW6nRpx_qnw	Modern Synth-Pop Grooves
Crazy my Beat	Coda	JOJO'S BIZARRE ADVENTURE -The anthology songs 2	INDIFFERENT	kB8LcQucKyY	MPREb_RwaUYhZ8zro	UCItfutJpialWEStqpg7775A	Modern Synth-Pop Grooves
Fighting Gold	Coda	Fighting Gold	INDIFFERENT	ub3EI4xw48c	MPREb_zZfDjGTWV1f	UCItfutJpialWEStqpg7775A	Modern Synth-Pop Grooves
Fighting Gold	Coda	Fighting Gold	INDIFFERENT	ub3EI4xw48c	MPREb_zZfDjGTWV1f	UCItfutJpialWEStqpg7775A	Modern Synth-Pop Grooves
BLOODY STREAM	Coda	BLOODY STREAM	INDIFFERENT	uz9NT98_ulk	MPREb_SzRm2AZLWsF	UCItfutJpialWEStqpg7775A	Modern Synth-Pop Grooves
Ooze Out And Away, Onehow	Cocteau Twins	The Moon and the Melodies	INDIFFERENT	lA40eeVO2Pw	MPREb_duVM7JF2Nse	UCle3lHYlHgugefCCr78N1Gw	Modern Synth-Pop Grooves
Rilkean Heart	Cocteau Twins	Milk & Kisses	INDIFFERENT	obuD6zXkLU0	MPREb_epTCXde102h	UCle3lHYlHgugefCCr78N1Gw	Modern Synth-Pop Grooves
Half-Gifts	Cocteau Twins	Milk & Kisses	INDIFFERENT	M4BS-2t64HQ	MPREb_9TU1WaPvwIo	UCle3lHYlHgugefCCr78N1Gw	Modern Synth-Pop Grooves
Watchlar	Cocteau Twins	Iceblink Luck	INDIFFERENT	1KXCa8tQ87M	MPREb_bGncVbp0mmG	UCle3lHYlHgugefCCr78N1Gw	Modern Synth-Pop Grooves
You Say Run (Orchestral Arrangement)	Cloudjumper	You Say Run (Orchestral Arrangement)	INDIFFERENT	kcDDAIqLhqE	MPREb_kWNDbodijgx	UC-UXRksd4vMacxXWC4LY8qA	Modern Synth-Pop Grooves
Leaving Earth	Clint Mansell	Mass Effect 3 (Original Soundtrack)	INDIFFERENT	KdJaaQTij28	MPREb_D0z9DWsIzxT	UCCsmpP0cJ7euj0Cxlo20UbA	Modern Synth-Pop Grooves
The Equalizer	Clinic	Walking With Thee	INDIFFERENT	hMp01ZaUbK8	MPREb_syNqMf1cZgD	UCN_vzgab7xsPBEgHqC_45_w	Modern Synth-Pop Grooves
Carrion	Clark S. Nova	Call of Duty: Black Ops II Zombies – 'Mob of the Dead' (Official Soundtrack)	INDIFFERENT	lLCiPFan5hc	MPREb_tN6TdIDeEwv	UC5bgW3kaB-oD_1XdxCZJrpQ	Modern Synth-Pop Grooves
Carrion	Clark S. Nova	Call of Duty: Black Ops II Zombies – 'Mob of the Dead' (Official Soundtrack)	INDIFFERENT	lLCiPFan5hc	MPREb_tN6TdIDeEwv	UC5bgW3kaB-oD_1XdxCZJrpQ	Modern Synth-Pop Grooves
Lost and Found	Clara Moto	Gone by the Morning - EP	INDIFFERENT	u7pRAbvPTYg	MPREb_qhiyMwq5TZR	UC_WqdUsdYx_xvpty_i5OrNA	Modern Synth-Pop Grooves
Vérité	Claire Laffut	Mojo - EP	INDIFFERENT	eey0WS_tPUM	MPREb_ggUxbgThPkB	UCbIB3Oh5BezJe3sR0BEk0cw	Modern Synth-Pop Grooves
Mojo	Claire Laffut	Mojo - EP	INDIFFERENT	AlZB_Cm63zs	MPREb_ggUxbgThPkB	UCbIB3Oh5BezJe3sR0BEk0cw	Modern Synth-Pop Grooves
Life in the Tropics	Cienfue	Life in the Tropics	INDIFFERENT	KPFMxP0tGJ4	MPREb_viKt3dqvJim	UCwznITxNSNT1GMrMWYkVLIA	Modern Synth-Pop Grooves
Nightmare King (Hollow Knight: The Grimm Troupe)	Christopher Larkin		INDIFFERENT	Mq8E_1LkoAc		UC4FXM7vFUi_BprUtcJtEfIA	Modern Synth-Pop Grooves
Grimm (Hollow Knight: The Grimm Troupe)	Christopher Larkin		INDIFFERENT	qmsjvBivRkU		UC4FXM7vFUi_BprUtcJtEfIA	Modern Synth-Pop Grooves
Murder by Numbers (feat. Sting & Andy Summers)	Christian McBride	Murder by Numbers	INDIFFERENT	ZfdyhgdP4HQ	MPREb_qrQm1dhGFfN	UC5LZmm-QBTreTt39CU10O7Q	Modern Synth-Pop Grooves
They Might As Well Be Dead	Chris Christodoulou	Risk of Rain 2: Survivors of the Void	INDIFFERENT	DszKdLOCQI8	MPREb_gWFNlx8sutC	UCynq7Jb0MgvK7r4bgXb3cCA	Modern Synth-Pop Grooves
They Might As Well Be Dead	Chris Christodoulou	Risk of Rain 2: Survivors of the Void	INDIFFERENT	DszKdLOCQI8	MPREb_gWFNlx8sutC	UCynq7Jb0MgvK7r4bgXb3cCA	Modern Synth-Pop Grooves
…con lentitud poderosa	Chris Christodoulou	Risk of Rain 2	INDIFFERENT	9tDeSuyz9kE	MPREb_ATefeuMyANQ	UCynq7Jb0MgvK7r4bgXb3cCA	Modern Synth-Pop Grooves
…con lentitud poderosa	Chris Christodoulou	Risk of Rain 2	INDIFFERENT	9tDeSuyz9kE	MPREb_ATefeuMyANQ	UCynq7Jb0MgvK7r4bgXb3cCA	Modern Synth-Pop Grooves
The Rain Formerly Known as Purple	Chris Christodoulou	Risk of Rain 2	INDIFFERENT	Io_yUfZQ2v4	MPREb_ATefeuMyANQ	UCynq7Jb0MgvK7r4bgXb3cCA	Modern Synth-Pop Grooves
Coalescence	Chris Christodoulou	Risk of Rain	INDIFFERENT	KlqHwH4hu6k	MPREb_hlk0V00b1T0	UCynq7Jb0MgvK7r4bgXb3cCA	Modern Synth-Pop Grooves
Your Battle Is My Battle	Chica	Jujutsu Kaisen (Original Television Soundtrack)	INDIFFERENT	mDZb4Fs6G4E	MPREb_3zRV0LeO0B9	UC0GhOqx-XH5_0HiFqJQd2Yw	Modern Synth-Pop Grooves
HAPUNA SUNSET  Charles Michael Brotman	Charles Michael Brotman	Slack Key Guitar	INDIFFERENT	MOH_oY5wX10	MPREb_fuX641oOOxM	UCJwbaSlGuXUvP5vMBf0laHQ	Modern Synth-Pop Grooves
Song for the Messenger	Chanel Beads	Song for the Messenger	INDIFFERENT	fj06miAsRK8	MPREb_LY9ZHaJUy92	UCwnvd3ARvBo8Jnvyb4g7bQg	Modern Synth-Pop Grooves
Show Yourself	Cg5	Show Yourself	INDIFFERENT	4kj4_AGLZ7Y	MPREb_dU8eNoS8axv	UCA9CWIB88I1C50cYZdHhR0w	Modern Synth-Pop Grooves
Lyin' 2 Me	Cg5	Lyin' 2 Me	INDIFFERENT	1pYKH6BzQJE	MPREb_TYSdml7qfJw	UCA9CWIB88I1C50cYZdHhR0w	Modern Synth-Pop Grooves
Turbo Killer	Carpenter Brut	TRILOGY	INDIFFERENT	YWIviF4rYcc	MPREb_VQDZ95AWw6N	UCLZeFBZ-PRQsYaNMzPOnReA	Modern Synth-Pop Grooves
Turbo Killer	Carpenter Brut	TRILOGY	INDIFFERENT	YWIviF4rYcc	MPREb_VQDZ95AWw6N	UCLZeFBZ-PRQsYaNMzPOnReA	Modern Synth-Pop Grooves
You're Mine	Carpenter Brut	Furi (Original Game Soundtrack)	INDIFFERENT	KN9XjiOiuoA	MPREb_4aYGUnIulRf	UCLZeFBZ-PRQsYaNMzPOnReA	Modern Synth-Pop Grooves
Lone Digger	Caravan Palace	<I°_°I>	INDIFFERENT	07xkAINJS44	MPREb_WWLXtTl6Ou7	UCsTrW47mJCkgGMM1PzP2FlA	Modern Synth-Pop Grooves
Spider-Man 2099 (Miguel O'hara) Theme - Epic Version	Carameii	Spider-Man 2099 (Miguel O'hara) Theme - Epic Version	INDIFFERENT	dgd8s0N5OHE	MPREb_VC2JNEi7QlK	UCllXVve3zjRx9y0K1HLxOHg	Modern Synth-Pop Grooves
Overtaken - Drums of Liberation Version	Carameii	Overtaken (Drums of Liberation Version)	INDIFFERENT	bdBQiQ0I9G8	MPREb_W7nTJS0xkvc	UCllXVve3zjRx9y0K1HLxOHg	Modern Synth-Pop Grooves
GigaChad Theme	Carameii	GigaChad Theme	INDIFFERENT	DmNqYobBADQ	MPREb_9TVminytKs2	UCllXVve3zjRx9y0K1HLxOHg	Modern Synth-Pop Grooves
Fire for You	Cannons	Fire for You	INDIFFERENT	zukaSaJ_zrs	MPREb_ezJ3CK3Ft6t	UC_HOunYNwYXCHZKUzzNQkmA	Modern Synth-Pop Grooves
Come Alive	Cannons	Fever Dream	INDIFFERENT	vLAWhY9_QP0	MPREb_bvoe7TNeqWy	UC_HOunYNwYXCHZKUzzNQkmA	Modern Synth-Pop Grooves
The Speed In My Soul	CG5	The Speed In My Soul	INDIFFERENT	3CMDRum1W2k	MPREb_JW84Yeu55Ug	UCA9CWIB88I1C50cYZdHhR0w	Modern Synth-Pop Grooves
Phantom Dancing	CG5	Phantom Dancing	INDIFFERENT	w5xKHzxeS1U	MPREb_9f0RpLLu1t2	UCA9CWIB88I1C50cYZdHhR0w	Modern Synth-Pop Grooves
I See A Dreamer	CG5	I See A Dreamer	INDIFFERENT	iDBy_isAPBs	MPREb_bzUTnI8zi9w	UCA9CWIB88I1C50cYZdHhR0w	Modern Synth-Pop Grooves
I Got No Time	CG5	I Got No Time	INDIFFERENT	SMX6GASZ3kY	MPREb_o4mkpS2d9R1	UCA9CWIB88I1C50cYZdHhR0w	Modern Synth-Pop Grooves
Metal Gear Solid : Peace Walker - ''Heavens Divide''	By Cem		INDIFFERENT	WFbjOlJRyBw		UCvTnHfggnFZeGSL_pH-o-hA	Modern Synth-Pop Grooves
Tártaro	Buscabulla	EP II	INDIFFERENT	QVt4qUIR8vM	MPREb_OPxFx31j39n	UCEGh-fzuh-setDHbGA1J0aw	Modern Synth-Pop Grooves
Lover's In A Dangerous Time	Bruce Cockburn	Waiting For A Miracle	INDIFFERENT	0T2XEXIdYPo	MPREb_OlC8xQAH284	UCb2wtFjKn1kAeXt0USdTaLw	Modern Synth-Pop Grooves
Message From Home	Broadcast	Work And Non Work	INDIFFERENT	hpm9soZQ0t8	MPREb_PqrYbL9qSG3	UCDggJrcSehoG8n7qepc9LCA	Modern Synth-Pop Grooves
Flashlights in the Canyon	Briscoe	Heat of July	INDIFFERENT	KgEy0Hi_XHo	MPREb_tw173hJyNhL	UCbf1sarcEt4nXmWDpTmiH7Q	Modern Synth-Pop Grooves
Iron Man 3	Brian Tyler	Iron Man 3 (Original Motion Picture Soundtrack)	INDIFFERENT	1dSwaYrYJF4	MPREb_MvMQ8UnbEOm	UCObOJoJJST9vHZJE103ksNg	Modern Synth-Pop Grooves
Can You Dig It (Iron Man 3 Main Titles)	Brian Tyler	Iron Man 3 (Original Motion Picture Soundtrack)	INDIFFERENT	OsSHmKU0t7w	MPREb_MvMQ8UnbEOm	UCObOJoJJST9vHZJE103ksNg	Modern Synth-Pop Grooves
Far Cry 3	Brian Tyler	Far Cry 3 (Original Game Soundtrack)	INDIFFERENT	mrqJaGIoUNQ	MPREb_JRQwa9rdrpy	UCObOJoJJST9vHZJE103ksNg	Modern Synth-Pop Grooves
Assassin's Creed IV Black Flag Main Theme	Brian Tyler	Assassin's Creed 4: Black Flag (Original Game Soundtrack)	INDIFFERENT	B1h14IWmDiI	MPREb_o4ScTE0xr6E	UCObOJoJJST9vHZJE103ksNg	Modern Synth-Pop Grooves
Turning Around	Breakbot	Still Waters	INDIFFERENT	05DPuxv91J0	MPREb_K5l2oWDKRbi	UC2hW8YWmspFv-nWNdGMUcSg	Modern Synth-Pop Grooves
Mystery	Breakbot	Ed Rec 100	INDIFFERENT	TpF7eu7McaQ	MPREb_BPzuoTGckcT	UC2hW8YWmspFv-nWNdGMUcSg	Modern Synth-Pop Grooves
Translight	Breakbot	Be Mine Tonight	INDIFFERENT	_uDsOJQs9vc	MPREb_zRIMpZE93vx	UC2hW8YWmspFv-nWNdGMUcSg	Modern Synth-Pop Grooves
Don't Mine at Night - Minecraft Parody	Brad Knauber	Don't Mine at Night - Minecraft Parody	INDIFFERENT	g9qpQGuXO8c	MPREb_3AJ5BJZy2g1	UCdTBICrOcXLW0gOpt4F9rfg	Modern Synth-Pop Grooves
The Terminator Theme (Extended Version)	Brad Fiedel	The Terminator (Original Soundtrack Album)	INDIFFERENT	uVaek2obszM	MPREb_gTbfqFsRdy7	UCcyNR-mCmu4VtVM76c3wzDQ	Modern Synth-Pop Grooves
Milky Ways	Bossfight	Caps On, Hats Off	INDIFFERENT	IjBTnpYRcgQ	MPREb_Nt0NpLz1HUC	UCDG_B8qavMbSkvwHLeDjC2Q	Modern Synth-Pop Grooves
Down by the River	Borislav Slavov	Baldur's Gate 3 (Original Game Soundtrack)	INDIFFERENT	0EwhdbYnHbg	MPREb_cJQSCVUb7Pv	UC1xZivP-pO2v2l6ewbQvlBQ	Modern Synth-Pop Grooves
Representing Memphis (feat. Matt Berninger & Sharon Jones)	Booker T. Jones	The Road From Memphis (Deluxe Edition)	INDIFFERENT	doDeHol_m2s	MPREb_7fCxRgN4GH2	UCzMJQlQnFbGJxxHZyO5fZDg	Modern Synth-Pop Grooves
Shadows (feat. Jordan Rakei)	Bonobo	Fragments	INDIFFERENT	QDDoGD-Rtec	MPREb_8RTEBZnp6F7	UCWBqhkfK4YT2OI3mJRQnNXg	Modern Synth-Pop Grooves
Fade Away	Blur	The Great Escape	INDIFFERENT	fV5SI5zX9fg	MPREb_AuRwijPQetk	UCI3EFb2lvZyBMykNd64JDhg	Modern Synth-Pop Grooves
Sonic CD Stardust Speedway Bad Future JP/EU HD	BlueLuigi7		INDIFFERENT	qVXeWfFTFGo		UC_cTgjFc0UNHPOIkPfvWsFQ	Modern Synth-Pop Grooves
Slow Heart	Blue Lab Beats	Slow Heart / Fire Up	INDIFFERENT	6t_tXKBBC4E	MPREb_2YvzxcHUWGl	UCKst5C1sCaety0YeLC736WA	Modern Synth-Pop Grooves
On the Line	Blood Orange & Kindness	Cupid Deluxe	INDIFFERENT	EpnYJ7ldjAM	MPREb_KgbC6i6elpV		Modern Synth-Pop Grooves
On the Line	Blood Orange & Kindness	Cupid Deluxe	INDIFFERENT	EpnYJ7ldjAM	MPREb_KgbC6i6elpV		Modern Synth-Pop Grooves
Countryside (feat. Eva Tolkin, Liam Benzvi & Ian Isiah)	Blood Orange	Essex Honey	INDIFFERENT	eu_lUYm1ftw	MPREb_9f8s8WUiWBK	UCwItHQ6AZ1ZH4SVNUCrpSPw	Modern Synth-Pop Grooves
Indian Summer	Blood Cultures	Indian Summer / Phospholipid	INDIFFERENT	asGQzNG3AdM	MPREb_cYReJFUsJui	UCPiEOMTZOa2nzr-rVGL4Erw	Modern Synth-Pop Grooves
Coming On Strong	Bloc Party	Coming On Strong	INDIFFERENT	u-rrQz8b5jA	MPREb_nLMRnH7TPbZ	UC8WZEmES6UN3w_J2XQQVm-w	Modern Synth-Pop Grooves
What's Up Danger	Blackway	Spider-Man: Into the Spider-Verse (Soundtrack From & Inspired by the Motion Picture)	INDIFFERENT	zEVzgqga3lo	MPREb_XLbJEEU4CpR	UCg4mFiQ0j-IMnYsEgSXR9Dg	Modern Synth-Pop Grooves
Hurricane Jane	Black Kids	Partie Traumatic	INDIFFERENT	fQqIRw8wV60	MPREb_OIN6OvgOGa0	UCzXc13HOC0zk9lhvRvaMYBg	Modern Synth-Pop Grooves
Pacific	Billy Bahama	Pacific	INDIFFERENT	-HO215l7uWE	MPREb_jIdAo4AIXfY	UCXq5fygcnKH2uDRXhxy9viA	Modern Synth-Pop Grooves
CHIHIRO	Billie Eilish	HIT ME HARD AND SOFT	INDIFFERENT	zYEKeEOKNi0	MPREb_Wp9Aj8HpTsB	UCERrDZ8oN0U_n9MphMKERcg	Modern Synth-Pop Grooves
Going The Distance (From 'Rocky' Soundtrack / Remastered 2006)	Bill Conti	Rocky (Original Motion Picture Score)	INDIFFERENT	FLI7jJOQS5k	MPREb_l9nE66e5UBk	UC16mk5EKB1Tce5USrhqkqiA	Modern Synth-Pop Grooves
All This Remains (feat. Hope Sandoval)	Bert Jansch	Edge of a Dream	INDIFFERENT	ZcHkc_ptxTs	MPREb_u7PKnF0VbW3	UC6xUwdmOnnBYiEG410Nj0GQ	Modern Synth-Pop Grooves
Techno Syndrome 2021 (Mortal Kombat)	Benjamin Wallfisch	Mortal Kombat (Original Motion Picture Soundtrack)	INDIFFERENT	mRjq6bGMJcI	MPREb_xXpd7gz701G	UCpAKwGkuZbNM2bLZHI9z6lQ	Modern Synth-Pop Grooves
The Stars of Track and Field	Belle and Sebastian	If You're Feeling Sinister	INDIFFERENT	yCYphHhF4Mo	MPREb_wglHX9CGYPp	UCjOin6lF-KJsIh5shOM_EjA	Modern Synth-Pop Grooves
So Many Plans	Beirut	Hadsel	INDIFFERENT	WPbeLk-I3q0	MPREb_VbPkNhQEgFj	UCW68o7G-s6GunZ-Gv2Z7EKQ	Modern Synth-Pop Grooves
Tuanaki Atoll	Beirut	A Study of Losses	INDIFFERENT	uvkqo3PpdEc	MPREb_n6O54dauDkq	UCW68o7G-s6GunZ-Gv2Z7EKQ	Modern Synth-Pop Grooves
Ramona	Beck	Scott Pilgrim vs. the World (Original Motion Picture Soundtrack)	INDIFFERENT	e3yZ9OVjzbE	MPREb_m1T4S59XOsJ	UC8fxkahdLdfHk8pF1fRYD-w	Modern Synth-Pop Grooves
Derelict	Beck	Odelay (Deluxe Edition)	INDIFFERENT	xvGjG_cmecU	MPREb_F5N1JbnFmMV	UC8fxkahdLdfHk8pF1fRYD-w	Modern Synth-Pop Grooves
Heart Is A Drum	Beck	Morning Phase	INDIFFERENT	YIebotSzl5Y	MPREb_Yjkedx8rgxp	UC8fxkahdLdfHk8pF1fRYD-w	Modern Synth-Pop Grooves
Chemtrails	Beck	Modern Guilt	INDIFFERENT	7o3NQnSvJZI	MPREb_629KLdgbqcm	UC8fxkahdLdfHk8pF1fRYD-w	Modern Synth-Pop Grooves
Chemical	Beck	Hyperspace	INDIFFERENT	GE4XRuRnGn0	MPREb_DfqET2Addqd	UC8fxkahdLdfHk8pF1fRYD-w	Modern Synth-Pop Grooves
Farewell Ride	Beck	Guero	INDIFFERENT	KI0ERvg8LI4	MPREb_uJqmqGUwtzh	UC8fxkahdLdfHk8pF1fRYD-w	Modern Synth-Pop Grooves
E-Pro (CapeLion V2 Remix)	Beck	E-Pro (CapeLion Remix V2)	INDIFFERENT	X-Y2BL_g3lY	MPREb_jmptGW8zmT9	UC8fxkahdLdfHk8pF1fRYD-w	Modern Synth-Pop Grooves
Got No Mind	Beck	Beercan	INDIFFERENT	meQSvjVDpWc	MPREb_63V8lrpxl5A	UC8fxkahdLdfHk8pF1fRYD-w	Modern Synth-Pop Grooves
Godzilla Main Title	Bear McCreary	Godzilla: King of the Monsters (Original Motion Picture Soundtrack)	INDIFFERENT	6Tf1Tpxm5Nc	MPREb_D45ow5EcC6N	UCFPOkcXaOKA9i6Swahs4L9w	Modern Synth-Pop Grooves
Godzilla (feat. Serj Tankian)	Bear McCreary	Godzilla: King of the Monsters (Original Motion Picture Soundtrack)	INDIFFERENT	pPmimk13mkc	MPREb_D45ow5EcC6N	UCFPOkcXaOKA9i6Swahs4L9w	Modern Synth-Pop Grooves
The Hammer of Thor (From 'God of War Ragnarök' Soundtrack)	Bear McCreary	God of War Ragnarök (Original Soundtrack)	INDIFFERENT	Tie42uUo2dY	MPREb_DUd15M4MMNq	UCFPOkcXaOKA9i6Swahs4L9w	Modern Synth-Pop Grooves
Ragnarök (From 'God of War Ragnarök' Soundtrack)	Bear McCreary	God of War Ragnarök (Original Soundtrack)	INDIFFERENT	B9o-D0FgXvg	MPREb_DUd15M4MMNq	UCFPOkcXaOKA9i6Swahs4L9w	Modern Synth-Pop Grooves
Raeb's Lament (From 'God of War Ragnarök' Soundtrack)	Bear McCreary	God of War Ragnarök (Original Soundtrack)	INDIFFERENT	7-qUJ0uEAeQ	MPREb_DUd15M4MMNq	UCFPOkcXaOKA9i6Swahs4L9w	Modern Synth-Pop Grooves
God of War Ragnarök (From 'God of War Ragnarök' Soundtrack) (feat. Eivør)	Bear McCreary	God of War Ragnarök (Original Soundtrack)	INDIFFERENT	eMcY8-A5wtg	MPREb_DUd15M4MMNq	UCFPOkcXaOKA9i6Swahs4L9w	Modern Synth-Pop Grooves
A Son's Path (From 'God of War Ragnarök' Soundtrack)	Bear McCreary	God of War Ragnarök (Original Soundtrack)	INDIFFERENT	bWMpjQCpcpg	MPREb_DUd15M4MMNq	UCFPOkcXaOKA9i6Swahs4L9w	Modern Synth-Pop Grooves
Valkyries (From 'God of War' Soundtrack)	Bear McCreary	God of War (PlayStation Soundtrack)	INDIFFERENT	wPGBJ7CJbIo	MPREb_DntVb3d5hUW	UCFPOkcXaOKA9i6Swahs4L9w	Modern Synth-Pop Grooves
Memories of Mother (From 'God of War' Soundtrack) (feat. Eivør)	Bear McCreary	God of War (PlayStation Soundtrack)	INDIFFERENT	0qgx7I3vULE	MPREb_DntVb3d5hUW	UCFPOkcXaOKA9i6Swahs4L9w	Modern Synth-Pop Grooves
God of War (From 'God of War' Soundtrack)	Bear McCreary	God of War (PlayStation Soundtrack)	INDIFFERENT	H6udjKIojoE	MPREb_DntVb3d5hUW	UCFPOkcXaOKA9i6Swahs4L9w	Modern Synth-Pop Grooves
Echoes of an Old Life (From 'God of War' Soundtrack)	Bear McCreary	God of War (PlayStation Soundtrack)	INDIFFERENT	UReZ6Ky5ISc	MPREb_DntVb3d5hUW	UCFPOkcXaOKA9i6Swahs4L9w	Modern Synth-Pop Grooves
Deliverance (From 'God of War' Soundtrack)	Bear McCreary	God of War (PlayStation Soundtrack)	INDIFFERENT	Hyk0QOLQ3fA	MPREb_DntVb3d5hUW	UCFPOkcXaOKA9i6Swahs4L9w	Modern Synth-Pop Grooves
Ashes (From 'God of War' Soundtrack) (feat. Eivør)	Bear McCreary	God of War (PlayStation Soundtrack)	INDIFFERENT	f9V8sDa04Mc	MPREb_DntVb3d5hUW	UCFPOkcXaOKA9i6Swahs4L9w	Modern Synth-Pop Grooves
Skies	Bavé	Skies	INDIFFERENT	wxflDbKxvQg	MPREb_8RDFIWiIayU	UCW-gg9w3gpKEjN0Ru5ZYSmg	Modern Synth-Pop Grooves
Backseat	Balu Brigada	Backseat	INDIFFERENT	pHDrrEN_NS8	MPREb_ltvZ9S7r9Ay	UCtRKPfhl_kDQhLrqO2sp4TA	Modern Synth-Pop Grooves
Famagusta Port	BALTHVS	Famagusta Port	INDIFFERENT	sNNktFpVv7o	MPREb_rCTMutrEnha	UCjNnrAbZgIeyq3_bQXh-hlg	Modern Synth-Pop Grooves
The Night Begins to Shine	B.E.R.	The Night Begins to Shine	INDIFFERENT	lSLXS0bjSCs	MPREb_FvOdGKh3CVU	UC2-KuqmUh6w0f7auKbnqoqg	Modern Synth-Pop Grooves
The Night Begins to Shine	B.E.R.	The Night Begins to Shine	INDIFFERENT	lSLXS0bjSCs	MPREb_FvOdGKh3CVU	UC2-KuqmUh6w0f7auKbnqoqg	Modern Synth-Pop Grooves
The Night Begins to Shine	B.E.R.	The Night Begins to Shine	INDIFFERENT	lSLXS0bjSCs	MPREb_FvOdGKh3CVU	UC2-KuqmUh6w0f7auKbnqoqg	Modern Synth-Pop Grooves
The Night Begins to Shine	B.E.R.	The Night Begins to Shine	INDIFFERENT	lSLXS0bjSCs	MPREb_FvOdGKh3CVU	UC2-KuqmUh6w0f7auKbnqoqg	Modern Synth-Pop Grooves
Don't	Azumi Takahashi	Persona 3 Reload: Episode Aigis Original Soundtrack	INDIFFERENT	dT5Ck6bXBu8	MPREb_5wBNvYfAwPu	UCPvaDaeCvULM4x1HOAwBcOw	Modern Synth-Pop Grooves
It's Going Down Now	Azumi Takahashi	Persona 3 Reload Original Soundtrack	INDIFFERENT	2KuWjZD6PBA	MPREb_mXptORiImqG	UCPvaDaeCvULM4x1HOAwBcOw	Modern Synth-Pop Grooves
Full Moon Full Life	Azumi Takahashi	Persona 3 Reload Original Soundtrack	INDIFFERENT	hWhgrA2dhrk	MPREb_mXptORiImqG	UCPvaDaeCvULM4x1HOAwBcOw	Modern Synth-Pop Grooves
Black Box	Automatic	Black Box	INDIFFERENT	hS9j0daHyIY	MPREb_jliRaoxi2iU	UCVQnybbRD618R9X-iPiKhDw	Modern Synth-Pop Grooves
Plastic Love (cyberpunk/synthwave remix)	Astrophysics		INDIFFERENT	OlAx0a82beU		UCH4QF9-ZNyDzlLY-vBglGhQ	Modern Synth-Pop Grooves
One​-​Winged Angel (Final Fantasy VII)	Arnie Roth	Distant Worlds: Music from Final Fantasy	INDIFFERENT	zkZGFNCS6iQ	MPREb_cFkFJJ3iRoM	UC8OsXxo17YjTesQ-MxoJ1qg	Modern Synth-Pop Grooves
One​-​Winged Angel (Final Fantasy VII)	Arnie Roth	Distant Worlds: Music from Final Fantasy	INDIFFERENT	zkZGFNCS6iQ	MPREb_cFkFJJ3iRoM	UC8OsXxo17YjTesQ-MxoJ1qg	Modern Synth-Pop Grooves
KOMM, SUSSER TOD (M-10 Director's Edit Version)	Arianne	Evangelion Finally	INDIFFERENT	rQiHzcdUPAU	MPREb_8SKYE54tKPJ	UCGUAfiW7e9k3Mq5EfVdNQVg	Modern Synth-Pop Grooves
Libertalia	Arc De Soleil	Libertalia	INDIFFERENT	OarnwZbvdPI	MPREb_hYvh2IBfHhH	UCT19chlT5wWKP59tfwImL0Q	Modern Synth-Pop Grooves
The Best Is Yet To Come	Aoife Ni Fhearraigh	METAL GEAR SOLID VOCAL TRACKS	INDIFFERENT	kf35AgaMH4Y	MPREb_snC1Bj2yhI6	UCfKqc_Y8Kd0wBCtuqSNlUgQ	Modern Synth-Pop Grooves
The Best Is Yet To Come	Aoife Ni Fhearraigh	METAL GEAR SOLID VOCAL TRACKS	INDIFFERENT	kf35AgaMH4Y	MPREb_snC1Bj2yhI6	UCfKqc_Y8Kd0wBCtuqSNlUgQ	Modern Synth-Pop Grooves
Own The Night	Anoraak	Own The Night	INDIFFERENT	ufWL9sfxj2o	MPREb_5AgEjMks1lD	UCvE6R0gEQUOhDz1eyIkn_7g	Modern Synth-Pop Grooves
Gang	Anoraak	Gang	INDIFFERENT	JvG64h4X17E	MPREb_FHbnkuePjUU	UCvE6R0gEQUOhDz1eyIkn_7g	Modern Synth-Pop Grooves
Attack on Titan S3 OST - Before Lights Out	Anime luna II		INDIFFERENT	iXoKA7IILrY		UCOXVOtPz_Ag_dtVrpHBdkrA	Modern Synth-Pop Grooves
Perfect Cell's Theme (From 'Dragon Ball Z')	Anime Zing	Perfect Cell's Theme (From 'Dragon Ball Z')	INDIFFERENT	JkZP11hv6D8	MPREb_F3lDDqdcWez	UC12bqaaqXM751lLtkvowkxA	Modern Synth-Pop Grooves
The Power to Resist	Anime Kei	Dragon Ball Super's, Vol. 1	INDIFFERENT	N1PSz5UK574	MPREb_19ij8tip2iV	UCnjabxwEsDbffNJbK8Lrkag	Modern Synth-Pop Grooves
Nature Boy	Andrew Vanwyngarden	Resistance Radio: The Man in the High Castle Album	INDIFFERENT	CWwvYYg_zzo	MPREb_luYOwnvCBwL	UCVqaB0LR5ni_C7RuBGIRqrA	Modern Synth-Pop Grooves
Timber Hearth	Andrew Prahlow	Outer Wilds (Original Soundtrack)	INDIFFERENT	SPa8bPqQfmo	MPREb_G4uMGAWPHt7	UCC2AOoHt1RS4Xk0JexgeJZA	Modern Synth-Pop Grooves
Timber Hearth	Andrew Prahlow	Outer Wilds (Original Soundtrack)	INDIFFERENT	SPa8bPqQfmo	MPREb_G4uMGAWPHt7	UCC2AOoHt1RS4Xk0JexgeJZA	Modern Synth-Pop Grooves
Outer Wilds	Andrew Prahlow	Outer Wilds (Original Soundtrack)	INDIFFERENT	Xpkc-NU1KA0	MPREb_G4uMGAWPHt7	UCC2AOoHt1RS4Xk0JexgeJZA	Modern Synth-Pop Grooves
One Punch Man OST - Genos Sound - Fight Music	An Mz		INDIFFERENT	jjyTzL6sxdQ		UCw9zUM6r8PuWXiOVqJF9Zbg	Modern Synth-Pop Grooves
Buckskin Stallion Blues	Amy Annelle	The Great Unveiling	INDIFFERENT	D_nzxssXU-Q	MPREb_npJ5saPR35g	UCMfVX3DyyhtrPLKc5yuLFvg	Modern Synth-Pop Grooves
Clarice	America	America	INDIFFERENT	sPC7TrNE1DU	MPREb_JGwlv3nulTZ	UCfh0qsQYH1TEyTt0LrRgLOw	Modern Synth-Pop Grooves
Metalingus	Alter Bridge	One Day Remains	INDIFFERENT	ADqiDqZoq2Y	MPREb_0paP23JiS02	UCOoPRswReA9xE6TVEfoD62A	Modern Synth-Pop Grooves
Metalingus	Alter Bridge	One Day Remains	INDIFFERENT	ADqiDqZoq2Y	MPREb_0paP23JiS02	UCOoPRswReA9xE6TVEfoD62A	Modern Synth-Pop Grooves
The Whistle Song (House Kitsuné America)	Allen French	The Whistle Song (House Kitsuné America)	INDIFFERENT	4C9akHvLZsE	MPREb_cN3zYfxSmgH	UChW-LjwtaCw-IffN8X6DlwA	Modern Synth-Pop Grooves
Zuma 85	Allah-Las	Zuma 85	INDIFFERENT	12qmbJPheRY	MPREb_128UG4fKF9v	UCRg0dGQ51ZX7b3SF-6HkMDA	Modern Synth-Pop Grooves
Battle Cry (Kenny Omega Theme)	All Elite Wrestling	Battle Cry (Kenny Omega Theme)	INDIFFERENT	N86RPWjP8rk	MPREb_qPsxp3Epg4E	UC9eOLj8OshUnSlXPp2ah9Sg	Modern Synth-Pop Grooves
All About Tha (Boom!) (Adam Cole Theme) (feat. Mikey Rukus)	All Elite Wrestling	All About Tha (Boom!) (Adam Cole Theme)	INDIFFERENT	tNTgUcBDp-8	MPREb_upqLOKj8R1P	UC9eOLj8OshUnSlXPp2ah9Sg	Modern Synth-Pop Grooves
Self-Embodiment Of Perfection	Alisa Okehazama	Jujutsu Kaisen (Original Television Soundtrack)	INDIFFERENT	VKfyq_hOL0c	MPREb_3zRV0LeO0B9	UCYTUTuL-_8H4PCrOLKC22hQ	Modern Synth-Pop Grooves
Hollow Purple	Alisa Okehazama	Jujutsu Kaisen (Original Television Soundtrack)	INDIFFERENT	zcQvAy3oi0E	MPREb_3zRV0LeO0B9	UCYTUTuL-_8H4PCrOLKC22hQ	Modern Synth-Pop Grooves
7 to 3	Alisa Okehazama	Jujutsu Kaisen (Original Television Soundtrack)	INDIFFERENT	aQ3ZIBeLdcE	MPREb_3zRV0LeO0B9	UCYTUTuL-_8H4PCrOLKC22hQ	Modern Synth-Pop Grooves
Filme moi	Alice et Moi	Filme moi	INDIFFERENT	hoCG8Bnvjjo	MPREb_UbEi9vmA41X	UCK451Wh3iKPV8b4h863R_DQ	Modern Synth-Pop Grooves
Howlin' At The New Moon	Alice Ivy	Howlin' At The New Moon	INDIFFERENT	mt1r4EXpk74	MPREb_zNYkywIdspd	UCr8p7HUy5lg8YxA6FJuuWGA	Modern Synth-Pop Grooves
One Piece : Drums of Liberation x Overtaken (EPIC COVER) [GEAR 5]	Alexis DL	One Piece : Drums of Liberation x Overtaken (EPIC COVER) [GEAR 5]	INDIFFERENT	ZNl4nelnboY	MPREb_QGhtmVp8QXT	UCdG-lTT6OnDZprGk16_QRFA	Modern Synth-Pop Grooves
MAKEOUT VIDEOTAPE - FUTURE BOY	Alex Calder		INDIFFERENT	ut_ou4CZlNQ		UC-K_JrxE0NSjTEcOB9zWxAQ	Modern Synth-Pop Grooves
Tormenta	Alex Anwandter	Rebeldes	INDIFFERENT	1eYFZSUeDMc	MPREb_qdYy9HDWvK0	UCMi5JtrFV9TFur0XAvau5EA	Modern Synth-Pop Grooves
Tatuaje	Alex Anwandter	Rebeldes	INDIFFERENT	LB5lccwtm9Q	MPREb_qdYy9HDWvK0	UCMi5JtrFV9TFur0XAvau5EA	Modern Synth-Pop Grooves
Shanana	Alex Anwandter	Rebeldes	INDIFFERENT	qV4_qkDXe50	MPREb_qdYy9HDWvK0	UCMi5JtrFV9TFur0XAvau5EA	Modern Synth-Pop Grooves
Que se acabe el mundo por favor	Alex Anwandter	Rebeldes	INDIFFERENT	nJJE_tExCE4	MPREb_qdYy9HDWvK0	UCMi5JtrFV9TFur0XAvau5EA	Modern Synth-Pop Grooves
Como puedes vivir contigo mismo	Alex Anwandter	Rebeldes	INDIFFERENT	taf9HN3KNRU	MPREb_qdYy9HDWvK0	UCMi5JtrFV9TFur0XAvau5EA	Modern Synth-Pop Grooves
Vanidad	Alex Anwandter	Latinoamericana	INDIFFERENT	61MLSYnY0R0	MPREb_jJGsPUA6Hwk	UCMi5JtrFV9TFur0XAvau5EA	Modern Synth-Pop Grooves
Locura	Alex Anwandter	Latinoamericana	INDIFFERENT	VE8enRJyZVo	MPREb_jJGsPUA6Hwk	UCMi5JtrFV9TFur0XAvau5EA	Modern Synth-Pop Grooves
Gaucho	Alex Anwandter	Gaucho	INDIFFERENT	CDu9pERDya8	MPREb_CK8cqVCBIJ9	UCMi5JtrFV9TFur0XAvau5EA	Modern Synth-Pop Grooves
Unx de nosotrxs (feat. Javiera Mena)	Alex Anwandter	El diablo en el cuerpo	INDIFFERENT	eME-3CbAqro	MPREb_WR6grJC895v	UCMi5JtrFV9TFur0XAvau5EA	Modern Synth-Pop Grooves
Toda la noche	Alex Anwandter	El diablo en el cuerpo	INDIFFERENT	z2RO6MCLa3c	MPREb_WR6grJC895v	UCMi5JtrFV9TFur0XAvau5EA	Modern Synth-Pop Grooves
Qué piensas hacer sin mi amor?	Alex Anwandter	El diablo en el cuerpo	INDIFFERENT	NSz5CorB-6Y	MPREb_WR6grJC895v	UCMi5JtrFV9TFur0XAvau5EA	Modern Synth-Pop Grooves
Precipicio	Alex Anwandter	El diablo en el cuerpo	INDIFFERENT	JTi7lN49oJM	MPREb_WR6grJC895v	UCMi5JtrFV9TFur0XAvau5EA	Modern Synth-Pop Grooves
Mi vida en llamas (feat. Buscabulla)	Alex Anwandter	El diablo en el cuerpo	INDIFFERENT	9SgGboFzaik	MPREb_WR6grJC895v	UCMi5JtrFV9TFur0XAvau5EA	Modern Synth-Pop Grooves
Maricoteca	Alex Anwandter	El diablo en el cuerpo	INDIFFERENT	pH_46ehas-U	MPREb_WR6grJC895v	UCMi5JtrFV9TFur0XAvau5EA	Modern Synth-Pop Grooves
Ahora somos dos	Alex Anwandter	El diablo en el cuerpo	INDIFFERENT	Jj0lpZdE878	MPREb_WR6grJC895v	UCMi5JtrFV9TFur0XAvau5EA	Modern Synth-Pop Grooves
Paris, Tal Vez?	Alex Anwandter	Dime Precioso	INDIFFERENT	w4WM4bhWKus	MPREb_wQSZdv6LTcS	UCMi5JtrFV9TFur0XAvau5EA	Modern Synth-Pop Grooves
Siempre es viernes en mi corazón (feat. Ale Sergi & Juliana Gattas) (feat. Ale Sergi & Juliana Gattas)	Alex Anwandter	Amiga	INDIFFERENT	WxLLsKxyols	MPREb_Co1T05kbMkt	UCMi5JtrFV9TFur0XAvau5EA	Modern Synth-Pop Grooves
Cordillera	Alex Anwandter	Amiga	INDIFFERENT	p0TwNQymSZ8	MPREb_Co1T05kbMkt	UCMi5JtrFV9TFur0XAvau5EA	Modern Synth-Pop Grooves
The Avengers	Alan Silvestri	The Avengers (Original Motion Picture Soundtrack)	INDIFFERENT	QtxeJ703w18	MPREb_DqRv3MG1RN3	UC946N6aTzZWWjr6WPAnsLPA	Modern Synth-Pop Grooves
Forge	Alan Silvestri	Avengers: Infinity War (Original Motion Picture Soundtrack / Deluxe Edition)	INDIFFERENT	xN38w62r4JM	MPREb_cZ3xC1asvnt	UC946N6aTzZWWjr6WPAnsLPA	Modern Synth-Pop Grooves
The Real Hero	Alan Silvestri	Avengers: Endgame (Original Motion Picture Soundtrack)	INDIFFERENT	7BXFda6ycag	MPREb_NFDZba9Nd93	UC946N6aTzZWWjr6WPAnsLPA	Modern Synth-Pop Grooves
Portals	Alan Silvestri	Avengers: Endgame (Original Motion Picture Soundtrack)	INDIFFERENT	5zfu8C-Cmpo	MPREb_NFDZba9Nd93	UC946N6aTzZWWjr6WPAnsLPA	Modern Synth-Pop Grooves
Main on End	Alan Silvestri	Avengers: Endgame (Original Motion Picture Soundtrack)	INDIFFERENT	PxID_7-ahes	MPREb_NFDZba9Nd93	UC946N6aTzZWWjr6WPAnsLPA	Modern Synth-Pop Grooves
Main Theme ～The Fullmetal Alchemist～ - Main Theme - The Fullmetal Alchemist	Akira Senju	FULLMETAL ALCHEMIST BROTHERHOOD Original Soundtrack 1	INDIFFERENT	sVE2bvCTFHs	MPREb_6DGkMZbFyxz	UCbo0ZcOwOKx5r7j2NpWkj0Q	Modern Synth-Pop Grooves
Universal Traveler	Air	Talkie Walkie	INDIFFERENT	Aeb_yd6PJsE	MPREb_JSYafMb7Dwk	UCH_Q3OLUXLZNF0qmnY3bCXg	Modern Synth-Pop Grooves
24 Hours	Agnes	Magic Still Exists	INDIFFERENT	6VJ38x0wXOA	MPREb_TNPaBPLew25	UCiTK1sJfidc7NyR7p38mapQ	Modern Synth-Pop Grooves
Steps (feat. Oisin)	Aevion	Steps	INDIFFERENT	pkZAlT8I6ek	MPREb_wpUkn01Gqmd	UC-hT2_hUBpkACQcvtEJ67Vw	Modern Synth-Pop Grooves
Spartan Rage	Aerozity	Bite By Night, Vol. 1 (Aerozity's Soundtracks)	INDIFFERENT	mmyKJs_2C-A	MPREb_nj1skQS6TTq	UCbvB0s3SPqKezvgn8I1KBDw	Modern Synth-Pop Grooves
Watcher	Aaron Cherof	Minecraft: Tricky Trials (Original Game Soundtrack)	INDIFFERENT	CcAV71mXg_8	MPREb_vzM6EavzQ7X	UCkkK21D3sqe4zjtbiA4QJqQ	Modern Synth-Pop Grooves
Precipice	Aaron Cherof	Minecraft: Tricky Trials (Original Game Soundtrack)	INDIFFERENT	dEgjOyBwIaE	MPREb_vzM6EavzQ7X	UCkkK21D3sqe4zjtbiA4QJqQ	Modern Synth-Pop Grooves
Precipice	Aaron Cherof	Minecraft: Tricky Trials (Original Game Soundtrack)	INDIFFERENT	dEgjOyBwIaE	MPREb_vzM6EavzQ7X	UCkkK21D3sqe4zjtbiA4QJqQ	Modern Synth-Pop Grooves
Sunburn	ANNNA	Sunburn	INDIFFERENT	mIj15E3Umcw	MPREb_RDYaXpa6O1F	UC3BH42eb_0O4_oRmpsG9bvA	Modern Synth-Pop Grooves
LOST IN PARADISE (Jujutsu Kaisen Ending Theme Song) (feat. AKLO)	ALI	LOST IN PARADISE	INDIFFERENT	4qqeafI9kXM	MPREb_siXopqTK9gr	UCcM2nwYSXoS0pRpljTefmpg	Modern Synth-Pop Grooves
You're Not Here	AKIRA YAMAOKA	SILENT HILL3 （Original Soundtrack）	INDIFFERENT	UkumV_dHbkg	MPREb_7cmByV44Zjf	UCiLqeNEXxc8ny7GfzEzCLDQ	Modern Synth-Pop Grooves
I Want Love (Studio Mix)	AKIRA YAMAOKA	SILENT HILL3 （Original Soundtrack）	INDIFFERENT	enHmnTPsp9w	MPREb_7cmByV44Zjf	UCiLqeNEXxc8ny7GfzEzCLDQ	Modern Synth-Pop Grooves
I Want Love (Studio Mix)	AKIRA YAMAOKA	SILENT HILL3 （Original Soundtrack）	INDIFFERENT	enHmnTPsp9w	MPREb_7cmByV44Zjf	UCiLqeNEXxc8ny7GfzEzCLDQ	Modern Synth-Pop Grooves
True	AKIRA YAMAOKA	SILENT HILL2 （Original Soundtrack）	INDIFFERENT	Bj4Rn7hF5M4	MPREb_7kji71drPrv	UCiLqeNEXxc8ny7GfzEzCLDQ	Modern Synth-Pop Grooves
Theme of Laura	AKIRA YAMAOKA	SILENT HILL2 （Original Soundtrack）	INDIFFERENT	td3P1-cfZ4E	MPREb_7kji71drPrv	UCiLqeNEXxc8ny7GfzEzCLDQ	Modern Synth-Pop Grooves
Promise (Reprise)	AKIRA YAMAOKA	SILENT HILL2 （Original Soundtrack）	INDIFFERENT	ZwLvcaDMhU8	MPREb_7kji71drPrv	UCiLqeNEXxc8ny7GfzEzCLDQ	Modern Synth-Pop Grooves
Null Moon	AKIRA YAMAOKA	SILENT HILL2 （Original Soundtrack）	INDIFFERENT	bGZN5m3qs_c	MPREb_7kji71drPrv	UCiLqeNEXxc8ny7GfzEzCLDQ	Modern Synth-Pop Grooves
White Noise (Actual Noise)	AKIRA YAMAOKA	SILENT HILL 2 ORIGINAL SOUNDTRACK -2024-	INDIFFERENT	1yRWqE5jrkM	MPREb_WExldXEmJbQ	UCiLqeNEXxc8ny7GfzEzCLDQ	Modern Synth-Pop Grooves
White Noise (Actual Noise)	AKIRA YAMAOKA	SILENT HILL 2 ORIGINAL SOUNDTRACK -2024-	INDIFFERENT	1yRWqE5jrkM	MPREb_WExldXEmJbQ	UCiLqeNEXxc8ny7GfzEzCLDQ	Modern Synth-Pop Grooves
Theme Of Laura II	AKIRA YAMAOKA	SILENT HILL 2 ORIGINAL SOUNDTRACK -2024-	INDIFFERENT	Q47veZhrMW8	MPREb_WExldXEmJbQ	UCiLqeNEXxc8ny7GfzEzCLDQ	Modern Synth-Pop Grooves
Love the Subhuman Self	AISHA, Jamison Boaz, & Arc System Works	GUILTY GEAR -STRIVE- ORIGINAL SOUND TRACK VOL.1	INDIFFERENT	SMItKJ_SNf8	MPREb_uBpSinOIAod		Modern Synth-Pop Grooves
We Had a Good Thing	ADLT VDEO	Chameleon	INDIFFERENT	pkAR8eDmnU0	MPREb_JC1bf97TTcD	UCjvh9kOgH1IFeWh-tEVzS5A	Modern Synth-Pop Grooves
God only knows	A-One	THE ARCADE TRAX	INDIFFERENT	pySCmK496DI	MPREb_NCiygjlnW5Q	UC2QbhkWSBjVfp4rD8ptLPYQ	Modern Synth-Pop Grooves
Dive!!	A-One	Dive!!	INDIFFERENT	OZZqtWxSxLc	MPREb_cuNGLVbi29O	UC2QbhkWSBjVfp4rD8ptLPYQ	Modern Synth-Pop Grooves
Mirror Temple (Mirror Magic Mix)	2 Mello	Celeste B-Sides (Original Game Soundtrack)	INDIFFERENT	_MVdDU75YK4	MPREb_x34oQeX8az6		Modern Synth-Pop Grooves
Gillette (feat. DrDisrespect)	199X	Gillette	INDIFFERENT	qaw3lxO12C8	MPREb_7q4hMbUIlkg	UCU_DmqG5KbsZL9DkbOviFqQ	Modern Synth-Pop Grooves
08- L's Ideology	1993Video		INDIFFERENT	P2OA4mQ3mkc		UCH8irC2-5R-3TA9RYEGzPWg	Modern Synth-Pop Grooves
Guilty Conscience (Tame Impala Remix)	070 Shake	Guilty Conscience (Tame Impala Remix)	INDIFFERENT	GSAj3ify50c	MPREb_JMZaSmXRtoP	UC4CVrwAB1TblttvcZi7-qcw	Modern Synth-Pop Grooves
Dreamscape	009 Sound System	Track One Recordings, Vol. 1	INDIFFERENT	0Xa3lfd0ukk	MPREb_JbGbaaywHvu	UCIY4UtKdPp5ArYEc4FJZYpA	Modern Synth-Pop Grooves
Omw	((( O )))	((( 2 )))	INDIFFERENT	DRFV4UgSFas	MPREb_uWnz1INhzJl	UCZGYblyFoNJOC505fNHEZ7Q	Modern Synth-Pop Grooves
Footsteps of Doom	 KOHTA YAMAMOTO	Attack On Titan The Final Season Original Soundtrack 02	INDIFFERENT	QX_5rZY3iFg	MPREb_WrgmYrKmFGe	UChsIakKCl4x73kV9lcS6H7g	Modern Synth-Pop Grooves
Sleeping In	The Postal Service	Give Up (Deluxe 10th Anniversary Edition)	DISLIKE	doFdkLgoCy4	MPREb_xYFWXP6wPG0	UCdL-sNJMw2GOLWb_rBRCwew	Modern Synth-Pop Grooves
Cœur croisé	Polo & Pan	Caravelle (Deluxe)	DISLIKE	Q_LgzwI716Y	MPREb_gnAYl3xLhUZ	UC4KKov_xp4Os4PAnVr28YUQ	Modern Synth-Pop Grooves
Blue	Mai Yamane	COWBOY BEBOP (Original Motion Picture Soundtrack 3 - Blue)	DISLIKE	Xjzb_-26m2o	MPREb_p8yilTbL7F8	UCmR7JSS_-D8WtR8SCnazq0Q	Modern Synth-Pop Grooves
Roller Mobster	Carpenter Brut	TRILOGY	DISLIKE	VHYPwlhJFg8	MPREb_VQDZ95AWw6N	UCLZeFBZ-PRQsYaNMzPOnReA	Modern Synth-Pop Grooves
