	title	artist	album	likeStatus	duration	videoId	albumId	artistId
606	Bowl For Two	the expendables	Gettin' Filthy	LIKE	4:43	PIhf09SH3Fw	MPREb_ztxvA3jprcP	UCc6zNCb8VslfB3PnYlMAaIA
617	anybody wanna buy some blues?	ghost mcgrady	death is temporary (demo)	LIKE	1:04	VB-rdgutFg0	MPREb_mr40Z8lWP3i	UC4-1ugdlDYjsOOyX3IXkFhA
590	Strobe (Club Edit)	deadmau5	5 Years of mau5	LIKE	6:19	ITU0rphUJNc	MPREb_5cIPxg5bNJ6	UCL44WZGVf-BU5N0ymCXrpBg
539	Deadcrush (Ben De Vrie Remix)	alt-J	Deadcrushed	LIKE	4:26	PEjdxoyHJ2w	MPREb_NdHfuvcyA1p	UCyzh4EnNuEO3Jk_mlXJCIag
540	In Cold Blood	alt-J	RELAXER	LIKE	3:27	Fkfx3qVd184	MPREb_EuILBeE1vdO	UCyzh4EnNuEO3Jk_mlXJCIag
541	House of the Rising Sun	alt-J	RELAXER	LIKE	5:21	CmroJ30O4Cc	MPREb_EuILBeE1vdO	UCyzh4EnNuEO3Jk_mlXJCIag
791	Bring Da Ruckus	Wu-Tang Clan	Enter The Wu-Tang (36 Chambers) [Expanded Edition]	LIKE	4:12	ni8JeRpSTYA	MPREb_eRevYdOLt8G	UCdQKMtGgbbahJWE3rkPaGoA
792	Back In the Game (feat. Ronald Isley)	Wu-Tang Clan	The Essential Wu-Tang Clan	LIKE	4:29	Xjrn0PVQcvI	MPREb_eq3hDzpZilA	UCdQKMtGgbbahJWE3rkPaGoA
790	Roll Up	Wiz Khalifa	Rolling Papers	LIKE	3:48	mH-EGDYgOyo	MPREb_bW5uCc6tVHO	UC3QmG1Jn9cE5fTMt14DLuZw
789	Atomic Bomb	William Onyeabor	World Psychedelic Classics 5: Who Is William Onyeabor?	LIKE	7:59	RgWMkzLSA8o	MPREb_zdWPPOphj5a	UCC8Kbo8OnDN_NQTB-y7HT4g
512	Island In The Sun	Weezer	Weezer (Green Album)	LIKE	3:20	beX-9wW5rL0	MPREb_4eQxS49T8Lz	UCtHZHneyvFGwxg6MHcbMLAw
787	Take on Me	Weezer	Weezer (Teal Album)	LIKE	3:44	W3CJ_eBllls	MPREb_7enJ4bBzhnB	UCtHZHneyvFGwxg6MHcbMLAw
786	Buckingham Green (Live)	Ween	At The Cat's Cradle, 1992 (Live)	LIKE	7:48	6Z8PH2Q6W0w	MPREb_FT1V6UhckDd	UCXWUt1Cu2hVZYTaJ44ddusA
782	Awake	Tycho	Awake (Remix)	LIKE	4:43	6XqAicZX9DY	MPREb_EYbmCQDZCt5	UC6M6DgivBo3VHTYDa9BblqQ
783	Hours	Tycho	Dive	LIKE	5:44	O5V_dsueGxU	MPREb_rObD1Zo91l6	UC6M6DgivBo3VHTYDa9BblqQ
784	Dive (Radio Edit)	Tycho	Dive (Radio Edit)	LIKE	4:20	EJMjbyYhAUE	MPREb_xQeqDNMG3il	UC6M6DgivBo3VHTYDa9BblqQ
179	Hot Knife	Twinkle Twinkle Little Rock Star	Lullaby Versions of Fiona Apple	LIKE	4:00	ZXMLiAA8fZI	MPREb_iToIi0WLkS3	UCNseZOCieGO3mVz_-kcP4nQ
774	In Your Eyes	Tribal Seeds	SoundWaves EP	LIKE	5:05	7AOaw0ZoEo0	MPREb_29f8ZiVLxve	UCKmxnVQwTEAPr0M3NK9zcCw
492	You Don't Know How It Feels (Live)	Tom Petty	Live In Chicago: Radio Broadcast	LIKE	6:17	aPhoD1JNM1U	MPREb_huFG9DVePXn	UC6hGusDLTI8bW-P4pMYdIqA
773	Dark Side (Live)	Tim Minchin	So Fucking Rock (Live)	LIKE	9:09	xJuChbWInfg	MPREb_tUs433xi4hs	UCueRKPPoEeG2vFfqgqR_uqg
785	Bitter Sweet Symphony (Extended Version)	The Verve	Urban Hymns (Super Deluxe / Remastered 2016)	LIKE	7:49	1WTATreAg08	MPREb_KOt6PrA0bWj	UCt2KxZpY5D__kapeQ8cauQw
752	Sea Legs	The Shins	Wincing The Night Away	LIKE	5:22	953KXpr_UTk	MPREb_h4OGAuNjf4i	UCp8bBB0AoKgBaNlUiKn8SHg
750	Guns Are Drawn	The Roots	The Tipping Point	LIKE	5:15	7NWvVrlCiVM	MPREb_KuWANxEEODr	UCkOV250OgD1qUOAvGYgCSvA
203	Gimme Shelter	The Rolling Stones	Hot Rocks (1964-1971)	LIKE	4:30	BINqh-LMQX0	MPREb_bPmNjQylDId	UCNYhhkQqeFLUc-YEDcLpSYQ
749	Sympathy For The Devil	The Rolling Stones	Beggars Banquet	LIKE	6:17	DfgmjtukS7g	MPREb_yTo0xtEmy9r	UCNYhhkQqeFLUc-YEDcLpSYQ
724	Passin' Me By	The Pharcyde	Cydeways: The Best Of The Pharcyde	LIKE	5:03	TovcwZfbBeQ	MPREb_90AQHl8f0PD	UCPBVpB_roy80QRKWi4vwRVQ
725	Runnin' (A Cappella)	The Pharcyde	Runnin' / 4 Better Or 4 Worse (Remixes)	LIKE	6:45	eaaiOI_cdIc	MPREb_w4NH6OkLalD	UCPBVpB_roy80QRKWi4vwRVQ
698	Cicatriz Esp	The Mars Volta	De-Loused in the Comatorium	LIKE	12:28	ZNRZ91t7B0I	MPREb_x7fapcDDBnN	UCsTPVxKLAI8uTPa4VZMNnnQ
696	California Dreamin'	The Mamas & The Papas	The Mamas & The Papas	LIKE	2:32	AUL3nPffDi4	MPREb_6rz1NjMmc3q	UCUifbmzuPtWDjyefmmIWzFA
655	Whatever I Say	The Grouch	Three Eyes Off The Time	LIKE	3:55	9qyImxvxm2Q	MPREb_G15SlXGPMoM	UCsnx47MXMF6e4B1eu-4whSQ
608	She Don't Use Jelly	The Flaming Lips	Transmissions From The Satellite Heart	LIKE	3:42	J7nzRrsG6AM	MPREb_eUK2xIwhVf5	UCPxZkX90JURVTyWW0caNnGg
609	Yoshimi Battles the Pink Robots, Part 1	The Flaming Lips	Yoshimi Battles The Pink Robots (U.S. Version)	LIKE	4:47	7TII2v4UdB8	MPREb_HCXBnTInqet	UCPxZkX90JURVTyWW0caNnGg
468	People Are Strange (2012 Botnick Mix)	The Doors	The Complete Studio Albums	LIKE	2:13	9kZCWlnO-bQ	MPREb_1bWMgWEd400	UCdx4iSJpg33jNmd9auQT04Q
470	Wishful Sinful	The Doors	The Singles	LIKE	2:57	WIItUjgjQqc	MPREb_JDp7OuV0rBf	UCdx4iSJpg33jNmd9auQT04Q
581	Jimmy Jazz	The Clash	London Calling	LIKE	3:55	9JHF-rMrNpc	MPREb_yeJ9gspPXeL	UCf-a_3DiA07vhQmoEaczDhw
562	Tighten Up	The Black Keys	Brothers	LIKE	3:32	kH0c71-PMiY	MPREb_kXwcGJnNLv0	UCchwuI134MUX4GSZqYLpYGA
563	Little Black Submarines	The Black Keys	El Camino	LIKE	4:11	DhKAh4RJM0Q	MPREb_UsiBrDeAuea	UCchwuI134MUX4GSZqYLpYGA
560	Helter Skelter (Remastered 2009)	The Beatles	The Beatles	LIKE	4:30	vWW2SzoAXMo	MPREb_S5TiUIYvI78	UC2XdaAVUannpujzv32jcouQ
559	Up On Cripple Creek (Live FM Broadcast Remastered) (FM Broadcast Madel Hall, University Of Chicago IL 1st July 1983 Remastered)	The Band	Legendary FM Broadcasts - Mandel Hall, University Of Chicago IL 1st July 1983	LIKE	5:46	PS_RqFTbLsU	MPREb_susLNhqKa6F	UCFczEeze7e0Lghy3eXtl38Q
558	Head Full Of Doubt/Road Full Of Promise (Live At Bojangles' Coliseum/2009)	The Avett Brothers	Live, Volume 3	LIKE	4:51	JyW854FA-WE	MPREb_RpLIXAe8cZ2	UC4gVpVxWJmpR3dNZxzyKkrA
772	Wonderboy (Live)	Tenacious D	Tenacious D Live	LIKE	4:00	0aQXS9lzD0A	MPREb_fwowtQ8vTr1	UChThjXuCoIJlougReIFCV1Q
459	The Less I Know The Better	Tame Impala	Festival Music	LIKE	3:36	tEk-_IjjZz0	MPREb_MeH5WVNjatg	UCGz-eguN8tcic5kUG4s1ZgA
763	Nangs	Tame Impala	Currents	LIKE	1:47	Ao_Pjo-xf1M	MPREb_AjwAqo5hI0U	UCGz-eguN8tcic5kUG4s1ZgA
764	It Is Not Meant To Be	Tame Impala	InnerSpeaker	LIKE	5:22	X-l0cjRaXGY	MPREb_D6hgS2G4hle	UCGz-eguN8tcic5kUG4s1ZgA
765	Desire Be Desire Go	Tame Impala	Innerspeaker	LIKE	4:26	HcV_DXfeUGs	MPREb_ZcYO38luxxf	UCGz-eguN8tcic5kUG4s1ZgA
766	Alter Ego	Tame Impala	InnerSpeaker	LIKE	4:48	M8ep7f8fFSI	MPREb_D6hgS2G4hle	UCGz-eguN8tcic5kUG4s1ZgA
767	Lucidity	Tame Impala	Innerspeaker	LIKE	4:31	IH9EYf8du1Y	MPREb_ZcYO38luxxf	UCGz-eguN8tcic5kUG4s1ZgA
768	"Solitude Is Bliss (Canyons ""Dow Jones"" Mix)"	Tame Impala	InnerSpeaker B-Sides & Remixes	LIKE	4:22	r4Y4x9Uoq-Q	MPREb_OUOah1peHWK	UCGz-eguN8tcic5kUG4s1ZgA
769	Half Full Glass Of Wine (Live)	Tame Impala	Live Versions	LIKE	8:14	ucAbsQ8p2Vg	MPREb_vp9sAGhwL3T	UCGz-eguN8tcic5kUG4s1ZgA
770	Apocalypse Dreams	Tame Impala	Lonerism	LIKE	5:56	pwPyZBYtEzg	MPREb_TQB0ArlaxuL	UCGz-eguN8tcic5kUG4s1ZgA
771	Mind Mischief (The Field Remix)	Tame Impala	Lonerism (B-Sides & Remixes)	LIKE	10:48	DEgCdtbg7BA	MPREb_fG7hfecxdoM	UCGz-eguN8tcic5kUG4s1ZgA
331	Making Flippy Floppy (Live)	Talking Heads	Stop Making Sense	LIKE	4:40	CFNML_MGq-M	MPREb_ddMxzxpF3bZ	UCCmr_pJ7az1JfWUiujsiHWg
762	This Must Be the Place (Naive Melody)	Talking Heads	Speaking In Tongues	LIKE	4:56	Tzf4TtSYqGE	MPREb_JzfHRfk7CW6	UCCmr_pJ7az1JfWUiujsiHWg
496	Sober	TOOL	Undertow	LIKE	5:07	DhMv5WVOli4	MPREb_Eya18F2W3ob	UCW6FSIkA04g7pBvMXlnaKqg
760	Badfish (Live At Kommotion/1994)	Sublime	Stand By Your Van - Live!	LIKE	3:02	tb-sD5BKBqM	MPREb_RedvpZvNkVU	UCPu227hd28pLRBC-S6i5e6g
759	Silent and Sweet	Stuck In The Sound	Pursuit	LIKE	4:37	qFAZ401ffQk	MPREb_kJg84EYSSvG	UCjvcx-crPhFgUsg72Asgvww
446	The Trip	Still Corners	Strange Pleasures	LIKE	6:14	dChqaYS7NUg	MPREb_HVKMLazAVqV	UCbLt7pataRom2AHyWfBFuVQ
758	Weight of Sound (feat. TJ O'Neill)	Stick Figure	Burial Ground	LIKE	7:23	-CQOP3wptM0	MPREb_obLwIVWtmUi	UClMt1cGu9uCfHWiawNsg0FA
757	Girls Just Want To Have Fun	Starfucker	Jupiter	LIKE	3:07	ywEvtsGDUak	MPREb_Nc61Xcpz8VE	UCL6qpCZZBTfp1MtI3bmL7jw
756	93 'Til Infinity (Acapella Version)	Souls Of Mischief	93 'Til Infinity (The Remixes)	LIKE	4:42	BLjGXiLRejY	MPREb_O8cbWzCtqBv	UCrQvCPpaNN_C-C3jfKEu0Qw
755	Alison	Slowdive	Souvlaki	LIKE	3:50	5D2u3ASuelQ	MPREb_CzX2z4WledH	UC2o9vA6xBUQE6Tmk86oYQig
753	This Joint	Slightly Stoopid	Closer to the Sun	LIKE	4:08	cvR3JWU4u6c	MPREb_YYEHOcjfqzB	UCr66v_8p6D0Kx0CHRQf7MKA
754	Come Around	Slightly Stoopid	Meanwhile...Back At The Lab	LIKE	3:44	KYjSZSocpxY	MPREb_MTmmBE0SHuQ	UCr66v_8p6D0Kx0CHRQf7MKA
434	Roll The Bones (Audiotree Live Version)	Shakey Graves	Shakey Graves on Audiotree Live (2013)	LIKE	4:51	LJsSZ_YaD_A	MPREb_rt1QPZyOmjY	UCGfZUiaPQnun2epEfQn0MgA
751	So Easy	Röyksopp	Melody A.M.	LIKE	4:09	klo50bGG7dM	MPREb_bhcomemVFwZ	UCavOXoVuq__PIq9W6E-xT6A
417	By the Way	Red Hot Chili Peppers	Greatest Hits	LIKE	3:35	Rl0hY0oPmVI	MPREb_VDa115c6SZZ	UCrSorX845CEWXzU4Z7BojjA
418	Californication	Red Hot Chili Peppers	Californication (Deluxe Edition)	LIKE	5:29	A__cH65WRvE	MPREb_9zDg9WFf7KR	UCrSorX845CEWXzU4Z7BojjA
741	Scar Tissue	Red Hot Chili Peppers	Californication	LIKE	3:35	U7k2qv8KTDI	MPREb_vXDfRZDGgb3	UCrSorX845CEWXzU4Z7BojjA
742	Porcelain	Red Hot Chili Peppers	Californication	LIKE	2:43	j0tHXHcq724	MPREb_vXDfRZDGgb3	UCrSorX845CEWXzU4Z7BojjA
743	Otherside	Red Hot Chili Peppers	Californication (Deluxe Edition)	LIKE	4:15	8901V1M5lDk	MPREb_9zDg9WFf7KR	UCrSorX845CEWXzU4Z7BojjA
744	Dark Necessities	Red Hot Chili Peppers	The Getaway	LIKE	5:02	ZICUilv4KF0	MPREb_0p4Lr89w8y0	UCrSorX845CEWXzU4Z7BojjA
745	Soul to Squeeze	Red Hot Chili Peppers	Greatest Hits	LIKE	4:49	zWyhzPpG8y0	MPREb_FlSSbe41Ct9	UCrSorX845CEWXzU4Z7BojjA
746	Dani California	Red Hot Chili Peppers	Stadium Arcadium	LIKE	4:42	4FkfyssnHqU	MPREb_6NxJve9rqGu	UCrSorX845CEWXzU4Z7BojjA
747	Snow (Hey Oh)	Red Hot Chili Peppers	Stadium Arcadium	LIKE	5:34	s6GIT4RhFv0	MPREb_6NxJve9rqGu	UCrSorX845CEWXzU4Z7BojjA
740	Guillotine (Swordz)	Raekwon	Only Built 4 Cuban Linx...	LIKE	4:23	LB5iikR7aT0	MPREb_Z2U9PujcM92	UC5xA-S_yp5X9nRWM8d-Iheg
411	No Surprises	Radiohead	OK Computer	LIKE	3:50	LBt60dfwEBY	MPREb_yXhSI4FCUo6	UCr_iyUANcn9OX_yy9piYoLw
739	Lotus Flower (SBTRKT RMX)	Radiohead	TKOL RMX 1234567	LIKE	5:22	vrizre-Orm0	MPREb_0lUBE22oiip	UCr_iyUANcn9OX_yy9piYoLw
748	J Dilla Life (Remix)	ROBERT DE NERO	Ode 2 Dilla, Vol. 2 (LPK25 Edition)	LIKE	4:26	u664CeghbSk	MPREb_YeJuMbcSvHs	UCNSS8jtHg_UlDzFlzfyVObA
425	Ghostwriter	RJD2	Deadringer: Deluxe	LIKE	5:17	hY08FkhpPjk	MPREb_F2JjMWcK2CZ	UCi4oHqkqejwf7RWmHKaKKkA
404	Make It Wit Chu	Queens Of The Stone Age	Make It Wit Chu	LIKE	3:51	KxPnUgYTfIs	MPREb_RMCtOrOYd3t	UCcYgNw9ne8v1cxcAD_sIOWQ
738	No One Knows	Queens Of The Stone Age	Songs For The Deaf	LIKE	4:38	z_59a_hnYdU	MPREb_lzc8IRNO4lA	UCcYgNw9ne8v1cxcAD_sIOWQ
737	Killer Queen	Queen	Sheer Heart Attack (Deluxe Remastered Version)	LIKE	2:59	3KxDEbmhjJU	MPREb_LGB4N5GMX2b	UCEPMVbUzImPl4p8k4LkGevA
736	Lofticries	Purity Ring	Shrines	LIKE	3:59	5Xq4Sjp_ID0	MPREb_FvSBt5BkEfF	UCu_tCVkOZmNKke8WptzHDGA
734	Finally Moving	Pretty Lights	Taking up Your Precious Time	LIKE	4:38	rSW-L4kXun8	MPREb_kkj7Wdo18Ou	UCuHE6eYVXY4r9ojLNyqvuOw
732	Glory Box	Portishead	Dummy	LIKE	5:05	c417rIku6Iw	MPREb_G6JQUdInW98	UCweAx0TIRdAylp6G1nviqbQ
392	Where Is My Mind?	Pixies	Death To The Pixies	LIKE	3:52	49FB9hhoO6c	MPREb_FphDKHWtHqG	UCRt5ckI8kNVMFr-jyj1IIVg
390	Us And Them	Pink Floyd	The Dark Side of the Moon	LIKE	7:49	GKiLEgAzFDQ	MPREb_Cr8srQhrHnD	UCO6LS_5W7vqG9mALDNzSFug
726	Shine On You Crazy Diamond (Pts. 1-5)	Pink Floyd	The Best of Pink Floyd: A Foot in the Door	LIKE	11:05	sVg_7QB1F1s	MPREb_MaKb6BcNt7Q	UCO6LS_5W7vqG9mALDNzSFug
727	Fearless	Pink Floyd	Meddle	LIKE	6:08	t3J_2R9rAp8	MPREb_ilZcRChgoFi	UCO6LS_5W7vqG9mALDNzSFug
728	Interstellar Overdrive	Pink Floyd	The Piper at the Gates of Dawn	LIKE	9:40	xaK4r0pQaJ0	MPREb_U3U2Ezk2k5i	UCO6LS_5W7vqG9mALDNzSFug
729	The Great Gig in the Sky	Pink Floyd	Pulse (Live)	LIKE	5:52	BhEA1MdAU1A	MPREb_f2vB8lZZ9XZ	UCO6LS_5W7vqG9mALDNzSFug
730	Us and Them	Pink Floyd	Pulse (Live)	LIKE	6:58	H_8j_7BC5Wo	MPREb_f2vB8lZZ9XZ	UCO6LS_5W7vqG9mALDNzSFug
731	Welcome to the Machine	Pink Floyd	Wish You Were Here	LIKE	7:31	tBvAxSx0nAM	MPREb_pYj3YFxjhPp	UCO6LS_5W7vqG9mALDNzSFug
347	Waves (Piano Version) [Original Performed by Mr. Probz]	Piano Superstar	Piano Hits 2014	LIKE	3:59	2WUaLKuWlHw	MPREb_AbdVZX0AglM	UCtpELtZO6_sDMx7Ljg1_OcA
723	Mouthful of Diamonds	Phantogram	Eyelid Movies	LIKE	4:14	3sqyx-6mhtM	MPREb_geWUyTCGP8H	UCUslN5d3K5iQ7s65GNPrjQQ
722	Young Folks	Peter Bjorn and John	Writer's Block	LIKE	4:40	gkU4kcfOP6Y	MPREb_CqQOdI6opQT	UCkg6UI9n_IVAWiJkhgL3rfA
381	Spit on a Stranger	Pavement	Terror Twilight	LIKE	3:05	oMXoChIn5c8	MPREb_AbNBV44nRJo	UCxVgV50bfT-UB-hcpaZqmoQ
380	50 Ways to Leave Your Lover	Paul Simon	Over The Bridge Of Time (A Paul Simon Retrospective (1964-2011))	LIKE	3:34	nH9a6nZlFeY	MPREb_8kx3JIny2DA	UCocuTnrwKDhXqwr6Kv-T4_Q
735	Wynona's Big Brown Beaver	PRIMUS	Zack and Miri Make a Porno	LIKE	4:22	ous2-nYVcTY	MPREb_0EOB7HY01e1	UC_g748A40yHw0fQjXRqZYug
733	Purexed	P.O.S	Never Better (10 Year Anniversary Edition)	LIKE	3:13	-zXRppTc8Js	MPREb_m0rqLuzHTTR	UCUs3OrxykXmvxuImSzeyKNQ
721	Wagon Wheel	Old Crow Medicine Show	O.C.M.S.	LIKE	3:53	V9RxDNY2vuk	MPREb_2x6mAO1CRod	UCi0-F2GVc-2gMkuRpV6opiw
720	Shimmy Shimmy Ya	Ol' Dirty Bastard	Old School Hip Hop	LIKE	2:41	Bl35iAv3eUM	MPREb_HuCeBhjfPN8	UCrYJAAly5ySwMg0t-LC1r0Q
719	Own Appeal	Oddisee	Tangible Dream	LIKE	4:34	isn46-BEM-8	MPREb_gSmSXIK2Uqn	UC8saRlWqYkWEVtwgNH12ZeA
718	Oldie	Odd Future	The Of Tape Vol. 2	LIKE	10:37	Oy2W0-xOR9Y	MPREb_1l7u23P6Wp3	UC7V34pJZN9v7J1eLp4uq9Jg
717	The Man Who Sold The World (Live Version)	Nirvana	Nirvana	LIKE	3:48	dWXa9lKuCfk	MPREb_x6BZ7EEfVbr	UCrPe3hLA51968GwxHSZ1llw
713	King of Carrot Flowers Pt. 1	Neutral Milk Hotel	In the Aeroplane Over the Sea	LIKE	2:00	jsM7XS-2X50	MPREb_l12Sl9prpGw	UCvMA46Xu1xApqZyXFIrnukw
714	In the Aeroplane Over the Sea	Neutral Milk Hotel	In the Aeroplane Over the Sea	LIKE	3:22	1FeD16vu_qQ	MPREb_l12Sl9prpGw	UCvMA46Xu1xApqZyXFIrnukw
712	Deadbeat Summer	Neon Indian	Psychic Chasms	LIKE	4:03	XcpFhfN4-jM	MPREb_KTN6myLaxa2	UCQfjAfgbhbscEJx5AnTXNWA
89	Bang Bang (My Baby Shot Me Down)	Nancy Sinatra	How Does That Grab You?	LIKE	2:42	OEFa4ztm9P0	MPREb_SpQZE745GDh	UCc7PoVuPYUBao6v6mCVIzdg
715	All I Have	NF	NF	LIKE	4:08	FLYNe-9eXfA	MPREb_ASzRqpMP95l	UCjiGsk3ePl9fajUfgNVFGBA
716	Change	NF	The Search	LIKE	3:54	WTBKTPFJARw	MPREb_PQYVp6yFFgf	UCjiGsk3ePl9fajUfgNVFGBA
358	Wordless Chorus	My Morning Jacket	Okonokos	LIKE	4:14	J2otvnOy1MM	MPREb_RH2RRwdZYry	UCFxLZ526P3vA1zQX0S-Kr5w
711	Knights of Cydonia (Live from Wembley Stadium)	Muse	HAARP (Live from Wembley Stadium)	LIKE	6:38	CLE7QvdQ5dk	MPREb_a1itkDJK4vs	UCw8jIQzB2mdvvo_CVplLxug
710	Mathematics	Mos Def	Throwback Hip Hop Mix Tape	LIKE	4:06	_i7_Wx450Jk	MPREb_bILTnj3q6Wg	UChAY_qKqbGyqau8q1gXkzww
706	Float On	Modest Mouse	Good News For People Who Love Bad News	LIKE	3:29	88XhEqgmRhM	MPREb_X1HVmyLDHzt	UCiX0EqRfobz765eBovS1BNQ
707	Gravity Rides Everything	Modest Mouse	The Moon & Antarctica	LIKE	4:19	hFVHyL0MIVA	MPREb_P4SrkqqUvie	UCiX0EqRfobz765eBovS1BNQ
708	Sugar Boats	Modest Mouse	Strangers to Ourselves	LIKE	4:03	ErZbQCWXbRQ	MPREb_tJmAWn9EutX	UCiX0EqRfobz765eBovS1BNQ
709	Dramamine	Modest Mouse	This Is a Long Drive for Someone with Nothing to Think About	LIKE	5:43	OwvY2Pl3lfA	MPREb_bAak4xFLLdr	UCiX0EqRfobz765eBovS1BNQ
705	Stolen Dance	Milky Chance	Sadnecessary (Bonus Track Version)	LIKE	5:13	K1m_Dt_ImXQ	MPREb_WtAdUqJoDYW	UCNXdVRjxdHoW3BHYn-czkFg
700	Bring the Pain	Method Man	Hip-Hop Legacy, Vol. 3	LIKE	3:10	9nIOTJDDFLA	MPREb_KV0eEWJI1Gu	UCc1r7FILg1s6rXuE4quij5Q
699	Fille d'atmosphère	Maryvette Lair	Embrasse-moi Superman	LIKE	2:42	ZcACxDdGFTs	MPREb_vRR5k0lvjsd	UCky3s5yA7f_NMELV_u6kBKg
697	Me Gustas Tu	Manu Chao	Próxima Estación: Esperanza	LIKE	4:00	xWxperEZmO8	MPREb_PQpdSof7igE	UCK2n-wpee6rXSa3TUByQYJQ
695	America's Most Blunted	Madvillain	Madvillainy	LIKE	3:55	FpXn3HyPwjw	MPREb_gsxHe49IEfl	UCvYD4mt2SEikFlX0iJmTKvw
694	Kool Aid and Frozen Pizza	Mac Miller	Kool Aid and Frozen Pizza	LIKE	2:38	FoR_sl6D8Ys	MPREb_Kr8WUzLF8a3	UC52ZqHVQz5OoGhvbWiRal6g
690	Ode to Viceroy	Mac Demarco	2	LIKE	3:53	oVctwNqAUrs	MPREb_FHbnjfeVGQt	UCs95LJSHhdVhYQLvqsZqp_A
691	Passing Out Pieces	Mac DeMarco	Salad Days	LIKE	2:47	vnuJzaAUWgY	MPREb_hH6kqzCgrAc	UCs95LJSHhdVhYQLvqsZqp_A
692	Salad Days	Mac DeMarco	Salad Days Demos	LIKE	2:29	cPW5yVRNtvw	MPREb_tT0FcGE00S9	UCs95LJSHhdVhYQLvqsZqp_A
693	This Old Dog	Mac DeMarco	This Old Dog	LIKE	2:31	egINTUn5Pug	MPREb_yqW8Fq7FHrp	UCs95LJSHhdVhYQLvqsZqp_A
703	Congratulations (Erol Alkan Remix)	MGMT	Congratulations Remixes	LIKE	6:37	ok5Cw-fpFKQ	MPREb_eB6xK3rQnvq	UCcP74mIhs125nerd5o5Dd-Q
704	Electric Feel (Video Mix)	MGMT	Electric Feel	LIKE	3:51	-mGleRitgQc	MPREb_J6hEt2kQrZd	UCcP74mIhs125nerd5o5Dd-Q
702	Earth	MF Grimm	The Hunt for the Gingerbread Man	LIKE	4:23	FVfEwgCytmE	MPREb_vQd603fFZQA	UCoCV6O0C4Cs8PODVE3BpQhQ
701	Doomsday (Instrumental)	MF DOOM	Operation: Doomsday (Complete)	LIKE	5:00	htqkfusNi8k	MPREb_2GXWuRXcPr3	UCooTDYkIERWBwDC1JKyoElQ
689	Child Of The Night (feat. Nate Dogg)	Ludacris	The Red Light District	LIKE	5:01	1nAGRK_j8qI	MPREb_crQXkczMtV8	UCrcXT9Gn6zCA4dOqW6XsKUw
313	After Hours (Extended Euro Mix)	Living Legends	The Gathering	LIKE	8:19	kS0SaHLoWiI	MPREb_Pk0cyXg8PlM	UC79Ebi_IW6337_YuXjrtbQg
683	Common Ground (feat. JC)	Living Legends	Almost Famous	LIKE	4:47	GD7rRfGkjzg	MPREb_UovRn5tKp7O	UC79Ebi_IW6337_YuXjrtbQg
684	Busted	Living Legends	Classic	LIKE	3:47	VSqZCjkSExw	MPREb_LwmZWP5sOEq	UC79Ebi_IW6337_YuXjrtbQg
685	Tears and Pain (Neverendingstreets)	Living Legends	Classic	LIKE	4:37	yZJNtcD6Ih0	MPREb_LwmZWP5sOEq	UC79Ebi_IW6337_YuXjrtbQg
686	The Gathering	Living Legends	The Gathering	LIKE	5:18	tyrd7ptk0Vw	MPREb_Pk0cyXg8PlM	UC79Ebi_IW6337_YuXjrtbQg
687	War & Peace	Living Legends	The Gathering	LIKE	3:28	vzsbHY_5FHw	MPREb_Pk0cyXg8PlM	UC79Ebi_IW6337_YuXjrtbQg
688	Life Is But A Dream	Living Legends	UHB V - Legacy 2099	LIKE	5:44	Z061U9lOB50	MPREb_eq8qDmrZNKV	UC79Ebi_IW6337_YuXjrtbQg
682	In the End (Live)	Linkin Park	Road To Revolution (Live At Milton Keynes)	LIKE	3:51	yylp1zP32nA	MPREb_nMZweipuf5u	UCxgN32UVVztKAQd2HkXzBtw
681	United States Of Whatever	Liam Lynch	Fake Songs	LIKE	1:31	KEjHJXd8bpU	MPREb_mxeh1taMnUk	UCfX8D5wXqRuteLTggaxhukw
680	No Quarter (Remaster)	Led Zeppelin	Houses of the Holy (Deluxe Edition)	LIKE	7:03	wdqDmJbm2eY	MPREb_DY6DlruwzRd	UCYtap7ujIPaxTS2iCDoMi3g
673	Just What I Am (feat. King Chip)	Kid Cudi	Indicud	LIKE	3:48	0hbHWKp-SWA	MPREb_CtjHxwZnEPQ	UCo2-dPLJcpbZK84FIt0vD-w
674	Mojo So Dope	Kid Cudi	Man On The Moon II: The Legend Of Mr. Rager	LIKE	3:30	oPK0X8AmyEc	MPREb_0eIbWLP7Oc5	UCo2-dPLJcpbZK84FIt0vD-w
675	Erase Me (Main) (feat. Kanye West)	Kid Cudi	Man On The Moon II: The Legend Of Mr. Rager	LIKE	3:12	-nVd_2fn5Jc	MPREb_0eIbWLP7Oc5	UCo2-dPLJcpbZK84FIt0vD-w
676	Mr. Rager	Kid Cudi	Man On The Moon II: The Legend Of Mr. Rager	LIKE	4:54	rp8Qx4TF4QQ	MPREb_cTEIwPt979h	UCo2-dPLJcpbZK84FIt0vD-w
677	Soundtrack 2 My Life	Kid Cudi	Man On The Moon: The End Of Day (Deluxe)	LIKE	3:55	ljDKh6wSxvo	MPREb_PQUSOws3S16	UCo2-dPLJcpbZK84FIt0vD-w
678	Day 'N' Nite (nightmare)	Kid Cudi	Man On The Moon: The End Of Day (Deluxe)	LIKE	3:41	wd_2Fjz44jk	MPREb_PQUSOws3S16	UCo2-dPLJcpbZK84FIt0vD-w
679	Alive (Nightmare) (feat. Ratatat)	Kid Cudi	Man On The Moon: The End Of Day (Deluxe)	LIKE	4:06	7JdMvSO1l6E	MPREb_PQUSOws3S16	UCo2-dPLJcpbZK84FIt0vD-w
672	Cómo Te Quiero	Khruangbin	Con Todo El Mundo	LIKE	4:02	qqsWuk7DuVI	MPREb_eMtJ0gI8aoT	UCW2SLxltqPa553qretr4KzQ
669	Sing About Me, I'm Dying Of Thirst	Kendrick Lamar	Good Kid, M.A.A.D City (Deluxe)	LIKE	12:03	EZ9bo5rH5kU	MPREb_E1apfD6BMtw	UCprAFmT0C6O4X0ToEXpeFTQ
670	A.D.H.D	Kendrick Lamar	Section.80	LIKE	3:35	MzhJxn2g8KI	MPREb_eN4Fsj0UXGZ	UCprAFmT0C6O4X0ToEXpeFTQ
671	Kush & Corinthians (feat. BJ The Chicago Kid)	Kendrick Lamar	Section.80	LIKE	5:04	khe88GbAWks	MPREb_eN4Fsj0UXGZ	UCprAFmT0C6O4X0ToEXpeFTQ
668	Nightcall	Kavinsky	OutRun	LIKE	4:17	kIO2OHa9HDQ	MPREb_SBN6zjMl4z5	UC3V5kzHK2r4rbbXlf4OpFmw
667	Heartless	Kanye West	Once Upon a Time in 2008	LIKE	3:31	c28c94czbH8	MPREb_NaPsc7jaGm5	UCRY5dYsbIN5TylSbd7gVnZg
664	What's Golden	Jurassic 5	Power In Numbers	LIKE	3:08	2SjTQQQ4lt8	MPREb_FWOwCH7Dnzh	UCiXGLhdMax4XsC8JBo9PZ4A
665	Thin Line (feat. Nelly Furtado)	Jurassic 5	Power In Numbers	LIKE	4:45	8hYdORrO_XI	MPREb_FWOwCH7Dnzh	UCiXGLhdMax4XsC8JBo9PZ4A
663	Talkin' Bout (feat. Chris Brown & Wiz Khalifa)	Juicy J	Stay Trippy (Deluxe)	LIKE	4:22	DZfAwAICPgQ	MPREb_7440SLqlU6w	UCGwa7ZUGHL9pisTwM1rUIRQ
662	Bésame Mucho	Juan Pablo Torres	El Grupo Algo Nuevo	LIKE	4:07	lDVQWHWEX1Y	MPREb_pMEVYpwYbKy	UCn6rEVIH6bDl9-8rdbOrkAw
288	X-Files	Jordan Hollywood	X-Files	LIKE	4:24	mWXfKW00RFA	MPREb_XpEN7mTGTVI	UC1wmTZ9fjLNb-_BLsu2LFqg
279	White Rabbit	Jefferson Airplane	Loves You	LIKE	2:33	8J4KCJ_cuWE	MPREb_ZFxZK05fYSO	UCGRlR1uXGOTqvEy0b06L7jw
658	Blood in Blood Out	Jedi Mind Tricks	The Best of Jedi Mind Tricks	LIKE	4:06	8hgwCeGtvJo	MPREb_Mzqg2WXllGJ	UC9_UQFjJlfIR49YeyqDnm4w
659	Uncommon Valor: A Vietnam Story	Jedi Mind Tricks	Servants In Heaven, Kings In Hell (Parental Advisory)	LIKE	4:02	ZXwnFEX_aNg	MPREb_4Tcl5kWDnYQ	UC9_UQFjJlfIR49YeyqDnm4w
660	I Against I	Jedi Mind Tricks	Violent By Design	LIKE	3:49	3DZ262dA9o8	MPREb_Csk3K7mQzbw	UC9_UQFjJlfIR49YeyqDnm4w
661	Heavenly Divine	Jedi Mind Tricks	Violent By Design	LIKE	4:34	ey8T4pDmSQw	MPREb_Csk3K7mQzbw	UC9_UQFjJlfIR49YeyqDnm4w
666	D.A.N.C.E. (Live / AAA)	JUSTICE	Access All Arenas	LIKE	5:59	Fo1AfLfpXoU	MPREb_nnrrKBnjB16	UCcJLC91v0A0iD-CMUWdZkig
271	I Just Can’t (feat. Childish Major)	JAG	Dalton Ave	LIKE	3:01	es5fWw0cj3g	MPREb_pNaTUYL6FT1	UC4vtuR22Mb4JiU2r7b3U0AA
261	Aqueous Transmission	Incubus	Morning View	LIKE	7:46	BQZ624p4uGU	MPREb_4lRQA2YR0ky	UC8FhfVPXx7ac7araOiNkTYw
254	Star	IDK	Star	LIKE	3:05	Mb-nWzf8GHw	MPREb_wB8QmD4n7la	UCQfMblWBxaS1e9cDDKS5cvQ
657	Sag My Pants	Hopsin	Raw	LIKE	3:44	lBEi5KTylJo	MPREb_7wzzfR2HNCg	UCdtbIMYlEY73xXu48cf8csQ
251	The Reason	Hoobastank	Best Of	LIKE	3:52	9045SLl5Zmw	MPREb_iFlCgDIVEu7	UCApYZt0aLG30DTt0g4yKLmw
656	M.A.D	Hadouken!	For The Masses	LIKE	3:23	FuYP9SUJU5Q	MPREb_KTqly2na9ao	UCgRkw_ijElJ7rO2s20Eyp-Q
654	Oblivion	Grimes	Visions	LIKE	4:12	JQOZjFz00-A	MPREb_yC4awaI50HN	UCzVh-F-RZdTHGV3S1o4KBWQ
240	On The Rocks (Instrumental)	Grieves	Together/Apart (Instrumental Version)	LIKE	3:02	e7F8N2Xe2_A	MPREb_5VqWqdHlXtT	UCZghZHv1R61s9aPg8cZypSg
653	China Cat Sunflower / I Know You Rider (Live October 1989 - April 1990)	Grateful Dead	Without a Net (Live)	LIKE	10:25	tYOQANCfAd8	MPREb_SarnmNqseHl	UC9dWluHyEwvIj5NNs7KkJ0A
211	Clint Eastwood (Phi Life Cypher Version)	Gorillaz	G-Sides	LIKE	4:53	yhFlmQcmfKM	MPREb_L6Ai5WN4Sby	UCNIV5B_aJnLrKDSnW_MOmcQ
228	Stylo (feat. Mos Def and Bobby Womack)	Gorillaz	The Singles Collection 2001-2011	LIKE	3:54	39xHr-qr2FE	MPREb_ufZuGdOuB1v	UCNIV5B_aJnLrKDSnW_MOmcQ
621	Andromeda (DRAM Special) (feat. DRAM)	Gorillaz	Andromeda (DRAM Special)	LIKE	4:01	DP64hxTe0wA	MPREb_wQhqTPO6FMd	UCNIV5B_aJnLrKDSnW_MOmcQ
622	Ascension (feat. Vince Staples)	Gorillaz	Ascension	LIKE	2:35	QHncVL94_Ac	MPREb_M8FM5H2weC3	UCNIV5B_aJnLrKDSnW_MOmcQ
623	Stop the Dams	Gorillaz	D-Sides	LIKE	5:40	MJm9-N05irU	MPREb_H9lIL6lWqXc	UCNIV5B_aJnLrKDSnW_MOmcQ
624	Hong Kong (Live at Manchester Opera House)	Gorillaz	D-Sides [Special Edition]	LIKE	6:37	ipJfziKtg-4	MPREb_9sZf9Ny0Zgz	UCNIV5B_aJnLrKDSnW_MOmcQ
625	Last Living Souls	Gorillaz	Demon Days	LIKE	3:16	GNJvu-DiiXc	MPREb_2az20wG4HxN	UCNIV5B_aJnLrKDSnW_MOmcQ
626	Kids with Guns	Gorillaz	Demon Days	LIKE	3:46	gQ-z-rVdGVE	MPREb_2az20wG4HxN	UCNIV5B_aJnLrKDSnW_MOmcQ
627	O Green World	Gorillaz	Demon Days	LIKE	4:35	acQYiNWsGt8	MPREb_2az20wG4HxN	UCNIV5B_aJnLrKDSnW_MOmcQ
628	Dirty Harry	Gorillaz	Demon Days	LIKE	3:51	qNIpG4m87ko	MPREb_2az20wG4HxN	UCNIV5B_aJnLrKDSnW_MOmcQ
629	Every Planet We Reach Is Dead	Gorillaz	Demon Days	LIKE	4:56	LSxDO-b4XXI	MPREb_2az20wG4HxN	UCNIV5B_aJnLrKDSnW_MOmcQ
630	November Has Come	Gorillaz	Demon Days	LIKE	2:46	uGgUoA443_A	MPREb_2az20wG4HxN	UCNIV5B_aJnLrKDSnW_MOmcQ
631	DARE	Gorillaz	Demon Days	LIKE	4:05	SZP0NFRKBbs	MPREb_2az20wG4HxN	UCNIV5B_aJnLrKDSnW_MOmcQ
632	Don't Get Lost in Heaven	Gorillaz	Demon Days	LIKE	2:12	9ZePiFKZgLk	MPREb_2az20wG4HxN	UCNIV5B_aJnLrKDSnW_MOmcQ
633	Revolving Doors	Gorillaz	The Fall	LIKE	3:27	TuGnfgq-N_M	MPREb_FwqdLAJmb4l	UCNIV5B_aJnLrKDSnW_MOmcQ
634	Little Pink Plastic Bags	Gorillaz	The Fall	LIKE	3:10	xyJ0oUviMGg	MPREb_FwqdLAJmb4l	UCNIV5B_aJnLrKDSnW_MOmcQ
635	Amarillo	Gorillaz	The Fall	LIKE	3:25	lt2EjNjrYFw	MPREb_FwqdLAJmb4l	UCNIV5B_aJnLrKDSnW_MOmcQ
636	Bobby in Phoenix (feat. Bobby Womack)	Gorillaz	The Fall	LIKE	3:17	qEXg1G62z-s	MPREb_FwqdLAJmb4l	UCNIV5B_aJnLrKDSnW_MOmcQ
637	Faust	Gorillaz	G-Sides	LIKE	3:52	gv5hg7W62vg	MPREb_L6Ai5WN4Sby	UCNIV5B_aJnLrKDSnW_MOmcQ
638	5/4	Gorillaz	Gorillaz	LIKE	2:43	SaqUBaD_nn4	MPREb_4bUnq6rWRE7	UCNIV5B_aJnLrKDSnW_MOmcQ
639	Sound Check (Gravity)	Gorillaz	Gorillaz	LIKE	4:43	cTr48rlwTMA	MPREb_4bUnq6rWRE7	UCNIV5B_aJnLrKDSnW_MOmcQ
640	Slow Country	Gorillaz	Gorillaz	LIKE	3:38	urnJSDhM1-s	MPREb_4bUnq6rWRE7	UCNIV5B_aJnLrKDSnW_MOmcQ
641	Dracula	Gorillaz	Gorillaz	LIKE	4:42	CFZbj-NyGW0	MPREb_4bUnq6rWRE7	UCNIV5B_aJnLrKDSnW_MOmcQ
642	Let Me Out (feat. Pusha T & Mavis Staples)	Gorillaz	Let Me Out	LIKE	2:55	0dxFG0D_znI	MPREb_2fL5IT61MlD	UCNIV5B_aJnLrKDSnW_MOmcQ
643	Humility (feat. George Benson)	Gorillaz	The Now Now	LIKE	3:18	vz7Ju8dhe2c	MPREb_Or0NmhlTmpA	UCNIV5B_aJnLrKDSnW_MOmcQ
644	Tranz	Gorillaz	The Now Now	LIKE	2:43	8bzcqRIhxLE	MPREb_Or0NmhlTmpA	UCNIV5B_aJnLrKDSnW_MOmcQ
645	Hollywood (feat. Snoop Dogg & Jamie Principle)	Gorillaz	The Now Now	LIKE	4:54	lppTH2IEmUU	MPREb_Or0NmhlTmpA	UCNIV5B_aJnLrKDSnW_MOmcQ
646	Sorcererz	Gorillaz	The Now Now	LIKE	3:01	rqGyAkKUTA8	MPREb_Or0NmhlTmpA	UCNIV5B_aJnLrKDSnW_MOmcQ
647	Fire Flies	Gorillaz	The Now Now	LIKE	3:54	hXhJAuG_9_Y	MPREb_Or0NmhlTmpA	UCNIV5B_aJnLrKDSnW_MOmcQ
648	Souk Eye	Gorillaz	The Now Now	LIKE	4:35	ag2LVnpoRpU	MPREb_Or0NmhlTmpA	UCNIV5B_aJnLrKDSnW_MOmcQ
649	Empire Ants (feat. Little Dragon)	Gorillaz	Plastic Beach	LIKE	4:44	5XZGVcHysNk	MPREb_RZdSdgE12kU	UCNIV5B_aJnLrKDSnW_MOmcQ
650	Glitter Freeze (feat. Mark E Smith)	Gorillaz	Plastic Beach	LIKE	4:04	L8AOva2GPws	MPREb_RZdSdgE12kU	UCNIV5B_aJnLrKDSnW_MOmcQ
651	Plastic Beach (feat. Mick Jones & Paul Simonon)	Gorillaz	Plastic Beach	LIKE	3:48	OXA87sokMLs	MPREb_RZdSdgE12kU	UCNIV5B_aJnLrKDSnW_MOmcQ
652	To Binge (feat. Little Dragon)	Gorillaz	Plastic Beach	LIKE	3:56	XmPnib7tCSg	MPREb_RZdSdgE12kU	UCNIV5B_aJnLrKDSnW_MOmcQ
620	Like Antennas To Heaven…	Godspeed You! Black Emperor	Lift Your Skinny Fists Like Antennas to Heaven	LIKE	18:57	agN6AL2Y8h0	MPREb_t8p0xmtImM3	UCDhKhucVT-9sNQExgHPcabg
619	Crazy	Gnarls Barkley	Religulous (Original Motion Picture Soundtrack)	LIKE	3:00	5YALi6Os3dE	MPREb_DlFsrFEGfYQ	UCh3GPQJZRlA3p-j5TaPtmfQ
204	Gooey	Glass Animals	Crown, Vol. 1	LIKE	4:50	aEB1ahis5MI	MPREb_55ixVH3ni5a	UCfeJiV0Xu-C4z4DApRcznig
618	Toes	Glass Animals	ZABA	LIKE	4:14	-bQhQ59TTtM	MPREb_z8zhYpy2sVe	UCfeJiV0Xu-C4z4DApRcznig
613	Above The Clouds (feat. Inspectah Deck)	Gang Starr	Full Clip: A Decade Of Gang Starr	LIKE	3:46	9pNJHDrPAYg	MPREb_aqDg93vUvpT	UCPN9k1RTnz3OxA3t8Dc5lCQ
614	Mass Appeal	Gang Starr	Mass Appeal: The Best of Gang Starr	LIKE	3:38	5mKtu9BwdAY	MPREb_tnpI4GhBkCe	UCPN9k1RTnz3OxA3t8Dc5lCQ
615	You Know My Steez	Gang Starr	Moment Of Truth	LIKE	4:08	V2LeFM-Z21U	MPREb_Y1isVpR2abb	UCPN9k1RTnz3OxA3t8Dc5lCQ
616	Moment Of Truth	Gang Starr	Moment Of Truth	LIKE	4:08	Rr46FS7tkk4	MPREb_Y1isVpR2abb	UCPN9k1RTnz3OxA3t8Dc5lCQ
612	I Love You	Furious Slugs	Better Late Than Never	LIKE	5:47	N_CSJdcQ71c	MPREb_k6yPgwixG7u	UCl-d1MWRRA3dx9cj0AfG0dg
611	Rain Is Gone	Frankenstein	The Science Of Sound	LIKE	4:38	Zwgab7NcFYE	MPREb_Rb4qKtTn478	UCJTtC8lGYO4RaXFNJo2yUSQ
610	Dreams (Take 2)	Fleetwood Mac	Rumours (Deluxe)	LIKE	5:36	prbw9jvC1So	MPREb_W1Lqn6SWJWN	UCCzULu3prrEaPvM2ZtkJlYQ
607	Your Hand In Mine	Explosions In The Sky	The Earth Is Not a Cold Dead Place	LIKE	8:18	1aMQ8db4Y4c	MPREb_25HVIZXEcRU	UCIVIcUSH-dwFSEn9fNC6n1g
169	Bring Me To Life	Evanescence	Alt Throwback	LIKE	3:55	-BrhqQ-ivGc	MPREb_uhgnujckhry	UC1ObIyFsDJn62iAZYLWcNxA
605	I've Been Trying	Eric Clapton, D'Angelo and The Rock Hall Jam Band	Rock and Roll Hall of Fame Volume 5: 1998-1999	LIKE	2:53	C6Bp_k7fr3U	MPREb_OnvGsa3TEBg	UCXmEE051j5RhUENn7saUF3g
604	Walking On A Dream	Empire Of The Sun	Summer Beach	LIKE	3:12	x8pCm8otGj8	MPREb_xUo5usUuL52	UC39pUcAh8ipNPkA1W0dR0cA
602	Great Dub In The Sky	Easy Star All-Stars	Dub Side Of The Moon	LIKE	4:22	2HGIC_TUnd0	MPREb_LGNk6BkAyRH	UCGvwVJdBGA3ui2pXEfzufZw
600	Sunday (feat. Frank Ocean)	Earl Sweatshirt	Doris	LIKE	3:26	DoIHZXoxAhU	MPREb_k2cmqXzXUXv	UCrE_FNQxg5oXy8SLQ63Nx7A
601	Chum	Earl Sweatshirt	Doris	LIKE	4:04	WBuEZqXEqv0	MPREb_k2cmqXzXUXv	UCrE_FNQxg5oXy8SLQ63Nx7A
599	Let It Be	Dyme Def	Space Music	LIKE	4:15	k0BkkiDDc5g	MPREb_BvHx7mFtVSG	UCS6MIyBD72jaPZCTPE5AYCQ
598	November 18th	Drake	So Far Gone	LIKE	3:09	l99R2jWgzXI	MPREb_Fj21OPDVedN	UCU6cE7pdJPc6DU2jSrKEsdQ
595	Still D.R.E. (feat. Snoop Dogg)	Dr. Dre	2001 (Bonus Tracks)	LIKE	4:30	Qeem6ZVr8Ic	MPREb_6EiilRp9nkg	UC1g7JmTw4Gv8W9YINg3M1FA
596	Xxplosive (Instrumental)	Dr. Dre	2001 Instrumental	LIKE	3:35	efp7IyVyS8c	MPREb_JuZnEd7eoz9	UC1g7JmTw4Gv8W9YINg3M1FA
597	"Nuthin' But a ""G"" Thang (feat. Snoop Dogg)"	Dr. Dre	Once Upon A Time in 92	LIKE	3:59	ngFPwk6IgGg	MPREb_vzJS3mgZINN	UC1g7JmTw4Gv8W9YINg3M1FA
155	Doobie Ashtray	Devin the Dude	Just Tryin' ta Live (Screwed)	LIKE	6:18	UNYwcujSU98	MPREb_PYW7420zd7u	UCaZLWpnEElCsN0W4l894nug
592	Mastermind	Deltron 3030	Deltron 3030 - The Instrumentals	LIKE	3:37	oyKUbgVP1rw	MPREb_3ktqBEivUt2	UCJpHpgv_ZmWfiL-qzCZq8Nw
593	Things You Can Do	Deltron 3030	Deltron 3030 - The Instrumentals	LIKE	5:01	gjf-L3uI-90	MPREb_3ktqBEivUt2	UCJpHpgv_ZmWfiL-qzCZq8Nw
591	Be Quiet and Drive (Far Away)	Deftones	Around the Fur	LIKE	4:59	_t1vqLwqbyA	MPREb_ldHH2TnjL9l	UCXQtyZ6gWbOYR5B8Sc2sr3g
588	Everyday Robots	Damon Albarn	Everyday Robots	LIKE	4:00	2uUWW22FpoA	MPREb_UJINee2W2Hl	UCW-2jeHSUVkobsiVJBJ6PXg
587	Obey (Original Mix)	Dalek One	Majestic Bass, Vol. 04	LIKE	5:07	8vcDuFQAhPI	MPREb_8PpICGKc4lw	UCyG57vugG-4wkxjxEXIJFYw
143	Harder, Better, Faster, Stronger (Pete Heller's Stylus Mix)	Daft Punk	Harder Better Faster Stronger	LIKE	9:15	PqrYYR2nOk4	MPREb_ZJtPoCrjyZu	UCRr1xG_2WIDs18a6cIiCxeA
201	Get Lucky (Radio Edit) (feat. Pharrell Williams & Nile Rodgers)	Daft Punk	Get Lucky	LIKE	4:09	Rgrt_8mXrK8	MPREb_yw4jv9byKCr	UCRr1xG_2WIDs18a6cIiCxeA
583	High Life	Daft Punk	Discovery	LIKE	3:22	IUpgPigGJ5s	MPREb_7ltM34kr0mH	UCRr1xG_2WIDs18a6cIiCxeA
584	Giorgio by Moroder	Daft Punk	Random Access Memories	LIKE	9:05	ZFZM6jDTWd4	MPREb_K8qWMWVqXGi	UCRr1xG_2WIDs18a6cIiCxeA
585	Instant Crush (feat. Julian Casablancas)	Daft Punk	Random Access Memories	LIKE	5:38	khnokW3Mw24	MPREb_K8qWMWVqXGi	UCRr1xG_2WIDs18a6cIiCxeA
586	Lose Yourself to Dance (feat. Pharrell Williams)	Daft Punk	Random Access Memories	LIKE	5:54	iU7oF4OXZSE	MPREb_K8qWMWVqXGi	UCRr1xG_2WIDs18a6cIiCxeA
594	Summertime (Single Edit)	DJ Jazzy Jeff & The Fresh Prince	90s 100 Hits	LIKE	3:58	QnoYEIEi2MQ	MPREb_NPzoWe2ZxDP	UCHDaJDoIW-C32OZ1UsR0BGw
140	Pusherman	Curtis Mayfield	The Very Best of Curtis Mayfield	LIKE	5:00	5RpShvUJ7Gc	MPREb_YkYvw6KZKLV	UCJmw3MTR4v8eYIGm3N2zRLw
582	Bad Moon Rising (Live At The Woodstock Music & Art Fair / 1969)	Creedence Clearwater Revival	Live At Woodstock	LIKE	2:14	mcqV2s3JabA	MPREb_oGEF9RrRQwr	UCRbMcMQeSFVvsyEuOn7uAKQ
580	Marijuana	Chrome Sparks	Thesoundyouneed, Vol. 1	LIKE	3:01	dDX6PCa59go	MPREb_mhsR8F208XG	UCtiBBGESRZ_I-khRHqXR3aQ
579	For You	Childish Major	For You	LIKE	3:07	c2zAWbwnJms	MPREb_5fPPStg3FPG	UClXz3bDOGZc7ad2vLVzEpNg
578	Doses & Mimosas	Cherub	MoM & DaD	LIKE	5:24	zl-Hua7G-UI	MPREb_1SD45G4xB7H	UCWT79t6TbzfAHmNEMntUZ1A
574	Paranoia (feat. Nosaj Thing)	Chance the Rapper	Acid Rap	LIKE	4:35	dYPU9afLiyo	MPREb_uv8XyAbwRKY	UC5w8FMeCcC6DG2oWjGgyHKQ
575	Favorite Song (feat. Childish Gambino)	Chance the Rapper	Acid Rap	LIKE	3:05	ZmVP7Oz3oD4	MPREb_uv8XyAbwRKY	UC5w8FMeCcC6DG2oWjGgyHKQ
576	Smoke Again (feat. Ab-Soul)	Chance the Rapper	Acid Rap	LIKE	4:32	GQlb6-tJaIA	MPREb_uv8XyAbwRKY	UC5w8FMeCcC6DG2oWjGgyHKQ
577	Acid Rain	Chance the Rapper	Acid Rap	LIKE	3:36	R4qqHO55ALw	MPREb_uv8XyAbwRKY	UC5w8FMeCcC6DG2oWjGgyHKQ
573	Tight Rope	Brother Ali	Us	LIKE	3:36	hdoz_i26Ndo	MPREb_g10SxxHBmly	UC4l3e_qSEc88LyNf1o6N_TQ
572	7/4 (Shoreline)	Broken Social Scene	Broken Social Scene	LIKE	4:54	g_A8gipr_sE	MPREb_MREDNXDcEOh	UCaWg46NlUWiP7vYGDcyHIVg
571	Leave It Alone	Broken Bells	After the Disco	LIKE	5:30	yhOAd17ak0g	MPREb_ECYQ0UYYmno	UCHEURKSdC-GByFdgBGtNDfQ
568	Kiara	Bonobo	Black Sands	LIKE	3:50	mBgz9gNUotQ	MPREb_ALeXezIU8OA	UCWBqhkfK4YT2OI3mJRQnNXg
569	Kong	Bonobo	Black Sands	LIKE	3:57	pkACVyU4PmA	MPREb_ALeXezIU8OA	UCWBqhkfK4YT2OI3mJRQnNXg
570	Animals	Bonobo	Black Sands	LIKE	6:44	CH5v-Ot4moI	MPREb_ALeXezIU8OA	UCWBqhkfK4YT2OI3mJRQnNXg
566	Coffee and TV (Radio Edit)	Blur	Blur: The Best Of	LIKE	5:19	cHrNTR05voQ	MPREb_Rnn4AjAndmP	UCI3EFb2lvZyBMykNd64JDhg
99	Hook	Blues Traveler	Four	LIKE	4:50	pni_IBkQcoE	MPREb_6Oosgk2IMAt	UCCztH8sCstXnVpe5Gqq_v8Q
565	The Music Scene	Blockhead	The Music Scene	LIKE	4:49	W-IAC0DYeEw	MPREb_ZZBj9aNDGQq	UCw17TyU9Jv5ugxgijytfRMQ
564	Planet Caravan	Black Sabbath	Paranoid	LIKE	4:30	bm2N2nHqITY	MPREb_Nav8bphwijs	UCLCELUuoHbkUxZ9EMHTYebg
561	Put It On	Big L	Hip Hop 100 Hits - Urban rap & R n B anthems inc. Jay Z, A$ap Rocky, Wu-Tang Clan & Nas	LIKE	3:38	cADB7_i1_SM	MPREb_JoZP93qIb04	UCCyjDe9r4_ze77f0jOuW5tg
88	Time Moves Slow (feat. Samuel T. Herring & Sam Herring)	Badbadnotgood	IV	LIKE	4:33	Kdq_eAqQor0	MPREb_Pzf9Y2myTh8	UCeLdRRQwPb-KP8Qj7j3P5dw
87	Like a Stone (Live BBC Radio 1 Session)	Audioslave	Show Me How To Live	LIKE	4:55	zLTDYvaSCtI	MPREb_WwB0G1gcFP3	UCQCq16x84FeLx0tARDtEaFg
551	Became	Atmosphere	The Family Sign	LIKE	4:44	Wk--QqNz4Z4	MPREb_5DwJfTlqvJG	UCdjemvPRcetrtbhgOIcZHRg
554	Reflections	Atmosphere	Seven's Travels	LIKE	4:20	Q33iCTs0qf0	MPREb_kIQVziwNjjS	UCdjemvPRcetrtbhgOIcZHRg
549	Public School	Armani White	Public School	LIKE	3:21	nCXG0cu2e-g	MPREb_lvTZGNJzsHx	UChx3Pzruo8Zq_-pHBjNhZ0g
548	Do I Wanna Know?	Arctic Monkeys	AM	LIKE	4:32	pqrUQrAcfo4	MPREb_m7saomf2NFN	UC8Yu1_yfN5qPh601Y4btsYw
547	Wake Up	Arcade Fire	Funeral	LIKE	5:35	gKNIMRGUQBA	MPREb_X7jiu0wnwSt	UCXvAK640Ko85SLbI-zA0ZCg
544	My Girls (Live)	Animal Collective	Live at 9:30	LIKE	7:14	j-M0v3Yg8Ek	MPREb_btlp1GJcB2K	UC6X5Baxp63Ex9NaLZwAy7lQ
545	Peacebone (Live)	Animal Collective	Live at 9:30	LIKE	8:53	Lo7Q9xum-BI	MPREb_btlp1GJcB2K	UC6X5Baxp63Ex9NaLZwAy7lQ
546	In The Flowers	Animal Collective	Merriweather Post Pavilion	LIKE	5:22	9b_JwTShpd4	MPREb_epNEKsZDOzo	UC6X5Baxp63Ex9NaLZwAy7lQ
49	A Horse with No Name	America	America	LIKE	4:12	mSZXWdKSQNM	MPREb_JGwlv3nulTZ	UCfh0qsQYH1TEyTt0LrRgLOw
537	Tessellate	Alt-J	An Awesome Wave	LIKE	3:02	lCeYBfZiDTY	MPREb_VsvPkrdaKvh	UCyzh4EnNuEO3Jk_mlXJCIag
538	Matilda	Alt-J	An Awesome Wave	LIKE	3:48	3YeliS97xoQ	MPREb_VsvPkrdaKvh	UCyzh4EnNuEO3Jk_mlXJCIag
542	Fitzpleasure (jim james 'apple C' remix)	Alt-J	Summer Remix EP	LIKE	4:20	tkNEhgdIiAU	MPREb_7Yc8pJO7G6b	UCyzh4EnNuEO3Jk_mlXJCIag
543	Choice Kingdom	Alt-J	This Is All Yours	LIKE	4:17	2RsGW0qwgqQ	MPREb_AxizdsNIzNI	UCyzh4EnNuEO3Jk_mlXJCIag
536	Midnight Rider (Live at Post-Gazette Pavilion, Pittsburgh, Pa, 7/26/2003)	Allman Brothers Band	Cream of the Crop 2003	LIKE	3:19	9NkdNd_laGQ	MPREb_MP0ayEutqD9	UC8RbgxtYaViMHEKmcpsmi6w
535	Because I Got High (Extended Version)	Afroman	00s R&B	LIKE	5:10	XaTcjCyFMxQ	MPREb_twt1j4sWqCg	UCCmXLFP8Hvdu2Gjhfg2589g
9	None Shall Pass (Clean)	Aesop Rock	None Shall Pass	LIKE	4:07	N9kk1OQgmTs	MPREb_tS46Y7Cn6By	UCy7EBgGtHw6fHlAfc5bPAHA
534	Smokers Anthem	Aesop Fables	Living the Dream While Awake	LIKE	5:55	u44Wjnjv_fY	MPREb_oh71F93hLc9	UCRknWoEDo4P42ltO0x5XiIw
533	Easy Rider	Action Bronson	Mr. Wonderful	LIKE	4:19	D0Om-d9tSVk	MPREb_1xkMmpFm18H	UCLp4o7pv4X1pt48WCvf_GMw
532	Thunderstruck (Live - 1991)	AC/DC	Live (Collector's Edition)	LIKE	6:36	MgSItr_engs	MPREb_OCZScHcOlRK	UCVm4YdI3hobkwsHTTOMVJKg
550	L$D	A$AP Rocky	AT.LONG.LAST.A$AP	LIKE	3:58	9rygYJn7AJQ	MPREb_bAjk0QneodV	UCsfPXoStha2wqN8hB9dFR2g
775	Bonita Applebum	A Tribe Called Quest	The Anthology	LIKE	3:38	dSJ0NEZ8q-8	MPREb_L84iMEzN7Be	UCiOPPAw9e2Fj-i2uMNpoRNQ
776	Can I Kick It?	A Tribe Called Quest	The Anthology	LIKE	4:26	FGZoJS8bSeM	MPREb_L84iMEzN7Be	UCiOPPAw9e2Fj-i2uMNpoRNQ
777	Electric Relaxation	A Tribe Called Quest	The Anthology	LIKE	3:47	HbPf6G1DJlY	MPREb_L84iMEzN7Be	UCiOPPAw9e2Fj-i2uMNpoRNQ
778	Jazz (We've Got)	A Tribe Called Quest	The Anthology	LIKE	4:11	cDUMZQAVgQE	MPREb_L84iMEzN7Be	UCiOPPAw9e2Fj-i2uMNpoRNQ
779	I Left My Wallet in El Segundo	A Tribe Called Quest	The Anthology	LIKE	4:07	pemnd3Igzrg	MPREb_L84iMEzN7Be	UCiOPPAw9e2Fj-i2uMNpoRNQ
780	Electric Relaxation	A Tribe Called Quest	Midnight Marauders	LIKE	4:04	B2kWufDC3Bc	MPREb_Pv7g0gDnrBT	UCiOPPAw9e2Fj-i2uMNpoRNQ
781	We The People....	A Tribe Called Quest	We got it from Here... Thank You 4 Your service	LIKE	2:53	guZpp1e4slw	MPREb_fh0a3HMAKIm	UCiOPPAw9e2Fj-i2uMNpoRNQ
1	Ongoing Thing (feat. Oddisee)	20syl	Majestic Casual - Chapter 3	LIKE	3:58	k-G7bUhEEgQ	MPREb_Jk6WbWDtvgP	UCcjF7DzASotYzY2LbokwSdg
502	Ride	twenty one pilots	Ride	INDIFFERENT	3:34	6BpcFxNS3i8	MPREb_Z5sdWmO7DwM	UCnX0L9QiftAcWdzeBx31xCw
34	Hit Me Like That Snare (Shade / Code Orange Remix)	alt-J & Code Orange	Hit Me Like That Snare (Shade / Code Orange Remix)	INDIFFERENT	3:30	h3zj7jhsW9Y	MPREb_waNbNXxJqx3	UCyzh4EnNuEO3Jk_mlXJCIag
18	Adeline (Shade / Code Orange Remix)	alt-J	Adeline (Shade / Code Orange Remix)	INDIFFERENT	2:48	MouMcmIwDlA	MPREb_th7PJTbUkBM	UCyzh4EnNuEO3Jk_mlXJCIag
19	Breezeblocks (Live)	alt-J	Artists Den One	INDIFFERENT	3:46	bkw0dowb9l8	MPREb_CbIb5raEhp6	UCyzh4EnNuEO3Jk_mlXJCIag
21	3WW	alt-J	3WW	INDIFFERENT	5:00	AIfWU4KgRd8	MPREb_WMUTMF9k92d	UCyzh4EnNuEO3Jk_mlXJCIag
22	Adeline	alt-J	RELAXER	INDIFFERENT	5:51	IGJWUaiiyTw	MPREb_EuILBeE1vdO	UCyzh4EnNuEO3Jk_mlXJCIag
25	Deadcrush (Damian Lazarus Remix)	alt-J	Deadcrushed	INDIFFERENT	8:54	75ZC2xWjK2M	MPREb_NdHfuvcyA1p	UCyzh4EnNuEO3Jk_mlXJCIag
26	Deadcrush (Lea Porcelain Remix)	alt-J	Deadcrushed	INDIFFERENT	4:09	hzWEgDyzoWQ	MPREb_NdHfuvcyA1p	UCyzh4EnNuEO3Jk_mlXJCIag
27	Deadcrush (Otzeki Remix)	alt-J	Deadcrushed	INDIFFERENT	4:22	AYQJVnca9BU	MPREb_NdHfuvcyA1p	UCyzh4EnNuEO3Jk_mlXJCIag
28	Deadcrush (Salute Remix)	alt-J	Deadcrushed	INDIFFERENT	4:18	0x3w44llSMk	MPREb_NdHfuvcyA1p	UCyzh4EnNuEO3Jk_mlXJCIag
30	Deadcrush (Vesica Remix)	alt-J	Deadcrushed	INDIFFERENT	4:34	EJCmQqU5Zyw	MPREb_NdHfuvcyA1p	UCyzh4EnNuEO3Jk_mlXJCIag
33	Hit Me Like That Snare	alt-J	RELAXER	INDIFFERENT	3:38	2SK6rbsXm6c	MPREb_EuILBeE1vdO	UCyzh4EnNuEO3Jk_mlXJCIag
36	Hunger of the Pine	alt-J	Hunger of the Pine	INDIFFERENT	4:59	wYQX94Rj0Zs	MPREb_0x8Vt4YnUZV	UCyzh4EnNuEO3Jk_mlXJCIag
37	In Cold Blood (Baauer Remix)	alt-J	In Cold Blood (Baauer Remix)	INDIFFERENT	2:51	-RL5QBdlacQ	MPREb_bbQyLwnfkfY	UCyzh4EnNuEO3Jk_mlXJCIag
38	In Cold Blood (Kontra K Version) (feat. Kontra K)	alt-J	In Cold Blood (Kontra K Version)	INDIFFERENT	3:34	xdsasNa5bno	MPREb_VkJkDRiTkEM	UCyzh4EnNuEO3Jk_mlXJCIag
40	Last Year	alt-J	RELAXER	INDIFFERENT	6:07	hwYPexpTt2E	MPREb_EuILBeE1vdO	UCyzh4EnNuEO3Jk_mlXJCIag
44	Pleader	alt-J	RELAXER	INDIFFERENT	5:49	dptzIpCSMMI	MPREb_EuILBeE1vdO	UCyzh4EnNuEO3Jk_mlXJCIag
526	Silly Puddy (Live)	Zion I	The Rapture: Live From Oaklandia	INDIFFERENT	4:29	PVyvM9fnJX8	MPREb_giajyH3FQ7z	UC3x4CptwiIGhsr5BjVaO0AQ
527	Trippin' (Live)	Zion I	The Rapture: Live From Oaklandia	INDIFFERENT	4:08	tEOXxEb3Fo0	MPREb_giajyH3FQ7z	UC3x4CptwiIGhsr5BjVaO0AQ
528	Coastin' (feat. K. Flay)	Zion I	The Take Over	INDIFFERENT	4:26	oImQQNwNb_w	MPREb_yO6z8Jf9VNx	UC3x4CptwiIGhsr5BjVaO0AQ
529	Take Over	Zion I	The Take Over	INDIFFERENT	3:10	Gx1uUUiustI	MPREb_yO6z8Jf9VNx	UC3x4CptwiIGhsr5BjVaO0AQ
525	Beach in Hawaii	Ziggy Marley	Love Is My Religion	INDIFFERENT	3:48	ObkIu6CBmp0	MPREb_08JluDLjB93	UCsMjZkTMjcYtG0s5yxXzgUA
522	Maps (Four Track Demo)	Yeah Yeah Yeahs	Fever To Tell (Deluxe Remastered)	INDIFFERENT	2:20	evg3UfASlac	MPREb_wFmqbV6Ll5u	UCK49WVAaBRnVci8fmM4NiLQ
521	Follow the Sun (Live)	Xavier Rudd	Live in the Netherlands	INDIFFERENT	7:02	-L3biUMLBRQ	MPREb_8GQztCSmRss	UC2OGV55IEuoVj63E6gwRRJQ
517	Wu-Tang Clan Ain't Nothing Ta F**K Wit (feat. Tom Morello & Chad Smith)	Wu-Tang Clan	Loud Rocks	INDIFFERENT	3:53	Sfq7gy6pj0w	MPREb_Lr6D7Z3eWC7	UCdQKMtGgbbahJWE3rkPaGoA
518	After the Laughter Comes Tears (Tearz Instrumental)	Wu-Tang Clan	Protect Ya Neck	INDIFFERENT	3:17	yxEs-_p9lLQ	MPREb_0gKYcIRRKbj	UCdQKMtGgbbahJWE3rkPaGoA
519	Cream	Wu Tang Clan	Old School Hip-Hop, Vol. 4	INDIFFERENT	4:09	lyR35jKtWx8	MPREb_dShQQhnwNMc	UCdQKMtGgbbahJWE3rkPaGoA
516	Mind's Eye (Sprint Concert Version)	Wolfmother	Mind's Eye (Sprint Music Series)	INDIFFERENT	5:06	EKQKbGGbvN8	MPREb_7oDEmENDkWF	UCledROUfeP9bglqpKqeUgwQ
515	Your Woman	White Town	Women In Technology	INDIFFERENT	4:19	T0soXkLHsiE	MPREb_C6F61sWYai3	UCjct1Am9Wi9tB076rIBrlMg
477	One Moment	White Noise for Deeper Sleep	Deeper White Noise Sound	INDIFFERENT	2:46	7Oa_8HP-DRA	MPREb_lfUOwmpeJwE	UCxk3iYFu586_d670vFKNOFA
514	Teenage Dirtbag	Wheatus	Wheatus	INDIFFERENT	4:02	tx4_28GCxW4	MPREb_6zVnrMmSlF3	UCxnxfzY2OWlxBdCRlUsR_1A
511	Music and Liquor	Wax and EOM	Liquid Courage	INDIFFERENT	4:52	AnY_SRR7bUs	MPREb_xGOwClQBN2i	UCSxH9NWOjz6wBM8gE2vlWXw
508	Roland the Headless Thompson Gunner (2007 Remaster)	Warren Zevon	Excitable Boy	INDIFFERENT	3:49	wRWCK9zGynA	MPREb_TNptpDKdduK	UChDuOKD_xJJqrHcwGtfch8g
370	Novocaine for the Soul	Vitamin String Quartet	VSQ Performs Alternative Hits of the 90s	INDIFFERENT	2:16	lIVBuHwxm3I	MPREb_8DuYN4o4tf1	UCLEcrRNFiDrhwENdwVI-ZPQ
136	Country Death Song (AC3 Surround)	Violent Femmes	Viva Wisconsin	INDIFFERENT	4:50	PDFU3gRHhdo	MPREb_HWTEq7HmpyI	UCoPPSCV914UPLHG-LoKBDQw
124	Cheshire Smile	Veridia	Cheshire Smile	INDIFFERENT	3:28	0CjV9x7VaB0	MPREb_Pc5MvrEpTlF	UC9WIjJsiuaWdqEANv7TfUEg
343	Midnight Fog	Valentino	Drama	INDIFFERENT	2:45	SpPSjwLUA0U	MPREb_PGCGBwMrbOP	UCoAY-azowicliWUcA4ywkug
506	Hollywood	Uz Jsme Doma	The Best of ...	INDIFFERENT	3:59	xIZ5vp0mceQ	MPREb_aWgwWkB2KzB	UCtjO0jh_2nk-eIi-JCHW5Mw
505	Cantaloop	Us3	Rare Requests Volume 1 - Smooth Jazz	INDIFFERENT	4:13	CfwgEWyNW3c	MPREb_UkiZxUy61pd	UCt9tMG_6HOqK-oFsJsAT83g
451	Lyric Pieces, Book 5, Op. 54: IV. Notturno	Up North Session Orchestra	Sublime Classical	INDIFFERENT	4:24	so7DBvJPeJY	MPREb_zCz8580LlZb	UCU6cTXUZr4EjO-mD71RRkOA
375	Overnight Celebrity	Twista	00s Hip Hop	INDIFFERENT	3:54	KuoNRfwZ050	MPREb_YP9orzsJIEM	UC1GtH-7UdrHhYqU2bjIPovQ
501	Car Radio	Twenty One Pilots	Vessel	INDIFFERENT	4:27	Z_Jp2mlzEjw	MPREb_bOxpxfmMxFH	UCnX0L9QiftAcWdzeBx31xCw
500	Wait So Long (Live)	Trampled By Turtles	Live at First Avenue	INDIFFERENT	3:33	_m4zojWkzgw	MPREb_up13xNgfX4h	UCTawkKEDqVN4Ef2lye8ohqA
499	Fast Car	Tracy Chapman	Tracy Chapman	INDIFFERENT	4:56	IJ8i49EqgYI	MPREb_vKX5oVsmqCd	UCndrh03uIKb9SUR7-znGZ9w
498	Habits (Stay High) (Hippie Sabotage Remix)	Tove Lo	Queen Of The Clouds	INDIFFERENT	4:18	Vg8_Yj8szdA	MPREb_gXQfhwapqw8	UCIWrwx1RmgvMbnugBl5pq7Q
524	You 're So Fine	Tina Turner	Rock Me Baby	INDIFFERENT	2:20	aMYSx8LszR4	MPREb_4YcBSW6aOAm	UC3XcDooUnwiaiTPlICV6-ig
788	Seven Nation Army	The White Stripes	Elephant	INDIFFERENT	3:51	D_QLxj8jCF0	MPREb_sn5Vym75jtL	UCD0Wge1UpszMtqK3P9x50vA
486	You Only Live Once	The Strokes	First Impressions Of Earth	INDIFFERENT	3:10	6FnbPTaoahM	MPREb_V8vARYPytam	UC8N13xhRG78YQK7Ppc4Ytrg
485	Ghost Town (Extended Version)	The Specials	A Special Collection	INDIFFERENT	2:37	nl_0VUkFqVc	MPREb_2c5klzRR4TO	UC2_ZQJKkRF9GapgwTMd_LMw
484	Catch Yer Own Train	The Silver Seas	High Society (Bonus Track Version)	INDIFFERENT	3:06	78FabEOUZtQ	MPREb_vJqijdv9YD7	UCxbJGYUz70PjyvKjStF2wiw
483	New Slang (Live with Sam Beam)	The Shins	Fighting In A Sack	INDIFFERENT	3:52	-Umt3tBVvQo	MPREb_EplJQOLur8B	UCp8bBB0AoKgBaNlUiKn8SHg
119	Stuck	The Seam	Roses	INDIFFERENT	3:45	Ti7d9efV6e0	MPREb_eBbp6lQUdja	UCYxslXpKhIdC83d3SyAuVYw
480	Now Or Never (feat. Phonte & Dice Raw)	The Roots	How I Got Over	INDIFFERENT	4:34	_Rd805XQbBM	MPREb_fu9rOePCQsw	UCkOV250OgD1qUOAvGYgCSvA
481	The Seed (2.0) (feat. Cody Chestnutt)	The Roots	Phrenology	INDIFFERENT	4:28	sVXhp7NSEAc	MPREb_I50MYGswhM8	UCkOV250OgD1qUOAvGYgCSvA
267	It Won't Take Long	The Rolling Stones	A Bigger Bang	INDIFFERENT	3:54	aHtuRSMiYSs	MPREb_KOIQgvqk5bQ	UCNYhhkQqeFLUc-YEDcLpSYQ
479	Wish I Knew You (Live)	The Revivalists	Wish I Knew You (Live)	INDIFFERENT	7:26	Ap8aX_jplOw	MPREb_3OoSpirZftl	UCEzKJjoeTTya-UhPmuLMiIg
414	Crisp Rain and Thunder	The Relaxing Sounds of Swedish Nature	12 Gentle Rain Sounds to Sleep Eight Hours	INDIFFERENT	2:38	m2jwzlUri5M	MPREb_vsnCxDkvL6m	UCkYvjEY1cJ_HwoDpCCX_SBw
382	Peaches	The Presidents of the United States of America	The Presidents of The United States of America: Ten Year Super Bonus Special Anniversary Edition	INDIFFERENT	2:51	JB4NkCalAnk	MPREb_P0TcmXmEenu	UCIxX6XqHxLY2lrMFKiFDICQ
478	I Smoke	The Pharcyde	Too Stoned For TV	INDIFFERENT	3:00	W_jklDMgbps	MPREb_EL7VhdUkqXY	UCPBVpB_roy80QRKWi4vwRVQ
476	Inertiatic Esp	The Mars Volta	De-Loused in the Comatorium	INDIFFERENT	4:23	i3L1y2WTjhc	MPREb_x7fapcDDBnN	UCsTPVxKLAI8uTPa4VZMNnnQ
475	Victoria (Mono Mix)	The Kinks	The Future	INDIFFERENT	3:41	cbj-45Iac7g	MPREb_xE4DOms6ElU	UCsQHS0_Fw1vIXm3TEbPokvA
245	Handlebars (Instrumental)	The Hit Crew	Drew's Famous Instrumental R&B And Hip-Hop Collection Vol. 12	INDIFFERENT	3:31	SKEy8x9h0N8	MPREb_lCNQTAXCFm9	UCxjZHRbBCVMZYfV21SUaSAQ
509	Water Temple	The Greatest Bits	The Legend of Zelda: Ocarina of Time	INDIFFERENT	3:00	4VMJnjoA0q4	MPREb_okwMokIdRdM	UCPo2bVAfTyhJuDWOd1zQ3jA
471	Yoshimi Battles the Pink Robots, Pt. 1	The Flaming Lips	Greatest Hits, Vol. 1	INDIFFERENT	4:43	BfNgK0gJha4	MPREb_FbgnvSVd6nQ	UCPxZkX90JURVTyWW0caNnGg
180	Five to One (Live in Boston, 1970, First Show)	The Doors	Strange Nights of Stone	INDIFFERENT	9:09	TAOOcw7gcCs	MPREb_csfR6eZuEyY	UCdx4iSJpg33jNmd9auQT04Q
465	Break On Through (Live)	The Doors	Live at Seattle Center Coliseum 1970	INDIFFERENT	5:21	7FTval2drRw	MPREb_qNreppximsp	UCdx4iSJpg33jNmd9auQT04Q
466	Hello, I Love You	The Doors	The Singles	INDIFFERENT	2:17	zJxJaV_oTd4	MPREb_JDp7OuV0rBf	UCdx4iSJpg33jNmd9auQT04Q
467	Love Her Madly (Alternate Take)	The Doors	Behind Closed Doors - The Rarities	INDIFFERENT	3:56	AVlnl1WldvQ	MPREb_9PJ3mFeWKjH	UCdx4iSJpg33jNmd9auQT04Q
469	The Crystal Ship	The Doors	Light My Fire	INDIFFERENT	2:31	1_Pwv4-4HFk	MPREb_TIjT4tn5bwa	UCdx4iSJpg33jNmd9auQT04Q
523	Yes, The River Knows (Rough Mix)	The Doors	Waiting for the Sun (50th Anniversary Deluxe Edition)	INDIFFERENT	2:38	zXHcFPWtl0w	MPREb_SFP1PrsiSrO	UCdx4iSJpg33jNmd9auQT04Q
589	In Hell I'll Be In Good Company	The Dead South	Good Company	INDIFFERENT	4:06	4MSufMK1lvs	MPREb_2ocnaSjH49i	UCdjP-gQY5u002PhCJroUxfQ
464	Smoko	The Chats	Get This In Ya	INDIFFERENT	2:59	gfKJgVADv1o	MPREb_ObEuGHAHlc9	UC1tx68pTtbA4fDwQ9nENaYw
488	The Weight (Live At The Academy Of Music / 1971 / Soundboard Mix)	The Band	Live At The Academy Of Music 1971 (Deluxe Edition)	INDIFFERENT	5:16	KpaxSaGGNeg	MPREb_WVqrs1VY0f7	UCFczEeze7e0Lghy3eXtl38Q
462	Because I’m Me (Dâm-Funk Re-Freak)	The Avalanches	Because I'm Me (Remixes)	INDIFFERENT	4:26	EQx4PjLy12g	MPREb_1MYqhowlBEO	UCLXF7R57nHd3Q2PcAAtdPcA
461	Dirty Little Secret	The All-American Rejects	Move Along	INDIFFERENT	3:13	AgDEDemVijM	MPREb_GCjS8MQWq5z	UCIo16EqSZ0A4HXA-kf5rSuQ
531	Sink	Tech N9ne	N9NA	INDIFFERENT	3:27	KgpagyqRkMc	MPREb_mPRK5EUYyXb	UCLwidgAHfe33RbVKAaFUtMA
460	Jungle (Radio Edit)	Tash Sultana	Jungle (Radio Edit)	INDIFFERENT	3:56	hQCBcsUDZ7c	MPREb_AXugEWJ8jv6	UC4d_vtW49N5p9QV-6V5GKQQ
458	Music To Walk Home By	Tame Impala	Lonerism	INDIFFERENT	5:12	enmnRiSCZ1c	MPREb_TQB0ArlaxuL	UCGz-eguN8tcic5kUG4s1ZgA
457	Psycho Killer (Live at Werchterpark Festival, Belgium)	Talking Heads	Radio Waves 1978-1983: Psycho Killers, Vol. 2 (Live)	INDIFFERENT	5:06	3Eyb1z3oQjQ	MPREb_VnmEsx6ZPSY	UCCmr_pJ7az1JfWUiujsiHWg
493	Forty Six & 2	TOOL	Ænima	INDIFFERENT	6:04	gBnalcSi138	MPREb_rrHMsdVJZK0	UCW6FSIkA04g7pBvMXlnaKqg
494	Lateralus	TOOL	Lateralus	INDIFFERENT	9:23	mBgviceBzFs	MPREb_ESsO8Erc0kF	UCW6FSIkA04g7pBvMXlnaKqg
495	Parabola	TOOL	Lateralus	INDIFFERENT	6:04	lKCKn58rTbw	MPREb_ESsO8Erc0kF	UCW6FSIkA04g7pBvMXlnaKqg
497	The Pot	TOOL	10,000 Days	INDIFFERENT	6:23	-206erZYyBo	MPREb_4j8bPSNBuAk	UCW6FSIkA04g7pBvMXlnaKqg
489	Thrive	THEY.	Thrive	INDIFFERENT	2:24	wmrm3vcdDPA	MPREb_46ur2ZwoHe9	UCkxp-7VibUy6dzwNNroWb4Q
95	Interview in Tokyo, Japan in July 1966	THE BEATLES	Your Birthday Present - Famous Interviews	INDIFFERENT	2:40	XdXO7WdxA3U	MPREb_ocbvBM5pKXt	UC2XdaAVUannpujzv32jcouQ
146	Danger Zone (Extended Mix) (feat. Hanna Finsen)	TEKNO	Danger Zone	INDIFFERENT	5:43	s_j0oU1fjK0	MPREb_3c7JTLcONOa	UCMM5uu9TXAbbFknnAnTl9_A
761	Chop Suey!	System Of A Down	Toxicity	INDIFFERENT	3:31	MlcJQYON2Go	MPREb_3n9jhahGRLv	UCDJftX2zx_UT_QSnBGIF96w
412	Christmas At Swae’s	Swae Lee	Christmas At Swae’s	INDIFFERENT	3:47	Rsi37wN61tk	MPREb_EzKbugMkWkS	UCOrhSH-BVuBUAKk_rWRJFqQ
455	September Boys (feat. Slug)	Sunspot Jonz	Legend1	INDIFFERENT	2:29	sG5DchRhugo	MPREb_M96C15rP0BN	UCjsteSIJ4-KCr_dDMxcB6Dw
3	5446 Thats My Number/ Ball And Chain	Sublime	Gold	INDIFFERENT	5:18	_dI2dbn6Tos	MPREb_5r5qNbGE27q	UCPu227hd28pLRBC-S6i5e6g
448	Boss D.J. (Rarities Version Alternate Take)	Sublime	Everything Under The Sun	INDIFFERENT	2:39	NKtk9WWx3Dc	MPREb_6grQl1e0Upq	UCPu227hd28pLRBC-S6i5e6g
449	Smoke Two Joints (Live At The Palace/1995)	Sublime	3 Ring Circus: Live At The Palace (The Bootleg Series)	INDIFFERENT	3:27	6U_lkltRFV4	MPREb_LYqZh3mxNgx	UCPu227hd28pLRBC-S6i5e6g
450	Let's Go Get Stoned (Live At Kommotion/1994)	Sublime	Stand By Your Van - Live!	INDIFFERENT	4:48	60LPXczwQKs	MPREb_RedvpZvNkVU	UCPu227hd28pLRBC-S6i5e6g
452	Waiting For My Ruca	Sublime	Playlist Your Way	INDIFFERENT	2:20	5oaDLnvJQTM	MPREb_sg3ZWlwGcSE	UCPu227hd28pLRBC-S6i5e6g
447	Let’s Go	Stuck In The Sound	Pursuit	INDIFFERENT	3:31	mSFKMCMTcow	MPREb_kJg84EYSSvG	UCjvcx-crPhFgUsg72Asgvww
443	Fade Away (feat. Slug)	St. Paul Slim	Fade Away (feat. Slug)	INDIFFERENT	4:09	jlX_Grg2t98	MPREb_igvCpZIneF4	UC9cWxUXhG2jKn1-wRGnECdw
503	Stressed Out (Originally Performed By Twenty One Pilots, Instrumental Version)	Sounds Good	Sing My Song Vol 32	INDIFFERENT	3:24	GYbO6Gsp44I	MPREb_OwEHzw1Gc3I	UCu0W_TUdakIF67gQPOPXECg
442	Black Hole Sun (Live From The Artists Den)	Soundgarden	Live From The Artists Den	INDIFFERENT	5:51	hCHw0NgUY7Q	MPREb_HcV7PUntvpb	UCfTh3k6OyoUutinINQJiIHA
441	Circles	Soul Coughing	El Oso	INDIFFERENT	3:06	oNdv70QHEkE	MPREb_G8QJM02BVEK	UC72o75dCRSDrhAkDvyrSlzQ
402	Pusherman	Smooth Jazz All Stars	Friday Night Smooth Jazz	INDIFFERENT	4:04	zZJAUL1dsOA	MPREb_DehE5Lhe4mn	UC2nC4QYZyHRtYquXusXRIEQ
439	1979 (Instrumental)	Smashing Pumpkins	1979 Mixes	INDIFFERENT	5:21	mcKa91WO8-Q	MPREb_vVBwn5Se6fc	UCZM3bF24BS-qDMe0OigpeZw
175	Savior?	Slug, Eyedea & Sole	Anticon Presents: Music for the Advancement of Hip Hop	INDIFFERENT	5:54	5EH15K7Bhys	MPREb_urrPvHtIQ7h	
438	My Go (feat. Slug)	Sims	Burn It Down	INDIFFERENT	3:10	s6ETof20v6g	MPREb_x3puTumDjwv	UCTTylocRSnDsrFLOJrQH5cA
437	Lazy Eye (Jimmy Tamborello Accordion Mix)	Silversun Pickups	Remixes	INDIFFERENT	3:21	9JDJYW_gmx8	MPREb_X5lIDLitJWf	UCJlu3bHpzWc2fKG_GbBIk8Q
436	Kiss the Sky (feat. Nino Moschella)	Shawn Lee's Ping Pong Orchestra	Eastbound & Down Soundtrack	INDIFFERENT	3:37	CBW4iuyZ-rE	MPREb_nLMVxVVDK9e	UCwL-J4e0Lu18UlwWtFhWQqQ
433	Hold Up	Seb Torgus	Hold Up	INDIFFERENT	3:13	YcehBOCTCag	MPREb_XCke137CyDU	UC7Qq6LOf2kSHu8l3clsc8Uw
432	Empty Head	Screaming Females	Rose Mountain	INDIFFERENT	3:58	igjThAjFTPE	MPREb_FCA1bzJPDD8	UCb6shmzsqp-pG9jgaEBdBlA
431	Dream Song (Live At Shepherd's Bush Empire 2009)	Scott Matthews	Live In London	INDIFFERENT	5:17	eAHDbbwfbYQ	MPREb_WxfDgaeeBEA	UCeplNfiyA6N8yYZCo-8Bnzg
427	Bismarck	Sabaton	Bismarck	INDIFFERENT	5:13	ERj08qJ2FAU	MPREb_lM9CJ40mk23	UCxJrBLPnyUIt6K33m9ZcsqA
444	Hungry Ghost (Skeletron Mix)	STRFKR	Heaven's Youth [Reptilians Demos]	INDIFFERENT	2:09	5ibxCSPtUFU	MPREb_UeDBN7anCDe	UCL6qpCZZBTfp1MtI3bmL7jw
2	Psalm 23 (Instrumental)	Robin O'Herin	Instrumentals	INDIFFERENT	4:19	Vg40iV5e1XA	MPREb_UqyBP7VmJLA	UCKoJT1FrC9mpWuOA0Vb4dsg
426	Don't Wait Up	Robert DeLong	In the Cards	INDIFFERENT	3:54	EpcZugolv_8	MPREb_L5ekVF0MqRN	UChS3E0PKqJ9twU5w74uZ6BA
424	Elcric (Instrumental)	Riddle	Art & Soul, Vol. 3 (Dedicated to Sourface)	INDIFFERENT	4:37	OrJzvHW7lEw	MPREb_molcASB8qVT	UCBHFXzMEPi4MMMjDGFlCcAQ
275	Speed Racing	Rich The Kid	Rich Forever 4	INDIFFERENT	3:24	RjmhDQPh3_c	MPREb_1WKP5KERQqN	UCJMV8UopU8SwChmbQrFuPTw
421	Fuck Shit Stack	Reggie Watts	Why S*** So Crazy?	INDIFFERENT	4:09	dRpaCINFOQ4	MPREb_dW5ooXNBMn1	UCu9JpV1el1GI-J2_VsqSZsg
422	Tweet Yourself Right	Reggie Watts	A Live At Central Park	INDIFFERENT	11:52	-3zavc2vsHo	MPREb_yrdD4rPQdMq	UCu9JpV1el1GI-J2_VsqSZsg
419	Consideration	Reef	Glow	INDIFFERENT	5:45	xGl5TPSYDYM	MPREb_FRlHSqx8Hig	UCRorS24bT19l3-lpuT2pInQ
430	Savior	Red Hot Chili Peppers	The Studio Album Collection 1991 - 2011	INDIFFERENT	4:52	qde70Rth4LU	MPREb_TYSqP8qBN0T	UCrSorX845CEWXzU4Z7BojjA
416	Let's Go Get Stoned	Ray Charles	Modern Art of Music: Ray Charles - The Album	INDIFFERENT	2:56	yoMJPQ7CX1s	MPREb_Nqkl8V9bD3q	UClapQBGYNOoLYmCct6e3B5Q
513	Soaking Wet	Rain Sounds	Relaxed Rainfalls	INDIFFERENT	4:03	Uey32iAzHtY	MPREb_Mzo6phgaaGY	UC2JIlcnG_Udl3AMVrjcYNlQ
413	Human	Rag'n'Bone Man	Football Songs	INDIFFERENT	3:20	2rqBxP6GLPc	MPREb_SjdMKu7Vh6m	UCgqSlB91jGqWkuym-oNeG9g
409	Burn the Witch	Radiohead	Burn the Witch	INDIFFERENT	3:41	WBN3GbI6IxA	MPREb_dMu7SLorvzD	UCr_iyUANcn9OX_yy9piYoLw
410	Creep	Radiohead	Creep	INDIFFERENT	3:56	9RfVp-GhKfs	MPREb_TgQPwAzodvg	UCr_iyUANcn9OX_yy9piYoLw
463	Baddest Man Alive	RZA	The Man with the Iron Fists: Soundtrack Instrumental	INDIFFERENT	3:53	oHO67B_vGTo	MPREb_gVUDw5WuGaK	UCS9E7hCpXnbB-UFlLXgGC6g
196	All Into Nothing (Going Deeper Remix) (feat. Mokita)	R3HAB	All Into Nothing (Going Deeper Remix)	INDIFFERENT	3:22	fvY7pHCcPIQ	MPREb_bdPAUqWTsfy	UCjpBcfMn2g8afa3XIZmS3mw
406	Laughing	R.E.M.	Murmur	INDIFFERENT	3:58	G0SU7fqY3ro	MPREb_ZKLE6LQN8qE	UCZQMYjqm_j5mBVTfPcCy3FA
407	Losing My Religion (Live)	R.E.M.	Automatic For The People (25th Anniversary Edition)	INDIFFERENT	4:31	zfZzvWSW5WQ	MPREb_dKVo1Vx1kRp	UCZQMYjqm_j5mBVTfPcCy3FA
405	The Dangerous Three (feat. Masta Ace & Brother Ali)	R.A. The Rugged Man	Legends Never Die	INDIFFERENT	3:58	9OC2HfkZ_2g	MPREb_hWOVzxZaEYt	UCaLZevFQ5eVCAxoXDH99KoQ
403	Go With The Flow	Queens Of The Stone Age	Songs For The Deaf	INDIFFERENT	3:07	ZkRtdXSSuC0	MPREb_lzc8IRNO4lA	UCcYgNw9ne8v1cxcAD_sIOWQ
490	Time Bomb	Quany Gz	My Pain Different	INDIFFERENT	3:59	0K8mgbhqXr4	MPREb_M27KfF1vTQY	UC7yYHPv8wsKq4NGjWZ9PgKA
208	Goodbye Horses (Demo 2)	Q Lazzarus	Goodbye Horses	INDIFFERENT	4:56	0WiqfeV7xjE	MPREb_Mz2nqqcyCpf	UCQ4aW23DldgS4GEqiUjeTsg
399	Shock & Amaze (feat. DJ Premier)	Prop Dylan	The Cardinal Sin	INDIFFERENT	4:09	NCkg4USNeg8	MPREb_y0Xl2PdWELu	UC0r7yEcoApTFXJMace3b7WQ
397	Jerry Was A Race Car Driver	Primus	Sailing The Seas Of Cheese	INDIFFERENT	3:10	_oanJVP5Tg8	MPREb_tJFcZE4JwVJ	UC_g748A40yHw0fQjXRqZYug
0	Still Rockin	Pretty Lights	Making up a Changing Mind	INDIFFERENT	4:21	h-CYnldWMlo	MPREb_jCSquIhEuHE	UCuHE6eYVXY4r9ojLNyqvuOw
396	Yellow Bird	Pretty Lights	A Color Map of the Sun	INDIFFERENT	5:40	ooHCdGSCPnQ	MPREb_rvZim62bea3	UCuHE6eYVXY4r9ojLNyqvuOw
395	Don't Bang My Line (feat. Night Lovell)	Pouya	FIVE FIVE	INDIFFERENT	3:00	oF998Ztk8OA	MPREb_wqza5Tjr12O	UCID3Hi5GA0d01EtSSgGlRxA
394	Feel It Still	Portugal. The Man	Feel It Still	INDIFFERENT	2:43	bra_jlITzmI	MPREb_o5iLHbaYQup	UCBSGgAD3UXDPzm2kVVAOEag
393	87	Polyphia	Muse	INDIFFERENT	4:46	HUptTUVkBTI	MPREb_URgt06adrmL	UCZhtK40axOw7MGLTfwQ1yVA
102	Boo Bass	Pogo	Boo Bass	INDIFFERENT	3:23	S9bolG4uyHQ	MPREb_wfEWoCTtdJJ	UCH0_ywht5OYCdRYWZUjBQwQ
56	Any Colour You Like	Pink Floyd	Pulse (Live)	INDIFFERENT	3:22	zTQWutu6gu4	MPREb_f2vB8lZZ9XZ	UCO6LS_5W7vqG9mALDNzSFug
389	Breathe	Pink Floyd	Pulse (Live)	INDIFFERENT	2:34	WAd-06-CYmQ	MPREb_f2vB8lZZ9XZ	UCO6LS_5W7vqG9mALDNzSFug
391	Wish You Were Here	Pink Floyd	Pulse (Live)	INDIFFERENT	6:35	WRNum8uMolE	MPREb_f2vB8lZZ9XZ	UCO6LS_5W7vqG9mALDNzSFug
387	Don't Think Twice, It's All Right (2004 Remaster)	Peter, Paul and Mary	The Very Best of Peter, Paul and Mary	INDIFFERENT	3:15	_8tHFrWNUs8	MPREb_LxqpO0YWNHw	UC3C92IWnn3aDkbUdigKcdFA
386	They Reminisce Over You	Pete Rock & C.L. Smooth	Rap Zone	INDIFFERENT	4:47	Bn8WG0qPzyk	MPREb_wBpyWOEImQX	UCmH331qHkIZdDZeqshhycOw
384	Acid Raindrops	People Under The Stairs	Acid Raindrops	INDIFFERENT	4:24	9OwGdoO8P3s	MPREb_PnxMRwNP7aI	UC2iOJ6K_0ug4lNxMrgns5ww
385	San Francisco Knights	People Under The Stairs	The Cat	INDIFFERENT	4:32	zsoCxNXRZwg	MPREb_gMFzTeMjhcE	UC2iOJ6K_0ug4lNxMrgns5ww
383	Hold Your Colour (Bi-Polar Mix)	Pendulum	Hold Your Colour (Bi-Polar Remixes)	INDIFFERENT	3:51	6-SxHPnnfCM	MPREb_Tz3gx4ck17l	UC285VkDO4L7aMOiTrnzD8mw
262	My Love (Live)	Paul McCartney	Back In The U.S.	INDIFFERENT	4:03	0-SwSu02MVc	MPREb_VTLd3wbwLFd	UC0guXwTSf4hAOvCSgmViojw
379	My Valentine (Live from Capitol Studios)	Paul McCartney	Kisses On The Bottom - Complete Kisses	INDIFFERENT	3:31	7Ks9IuGUhik	MPREb_ZMfrZzyhnDU	UC0guXwTSf4hAOvCSgmViojw
378	Take a Walk	Passion Pit	Coffeehouse Classics Vol. 1	INDIFFERENT	4:25	5XsBVCtjtDg	MPREb_FSe3qU0NGS1	UCu2RsGHaGIWwQbBgYaxcdvg
377	Fucking Hostile	Pantera	Old School Thrash Merchants	INDIFFERENT	2:48	1eqycyoYxzo	MPREb_8NVlDeQpOuZ	UCZOWwQaVFO8QxRVVIJBTEZQ
376	P.O.S. Is Ruining My Life	P.O.S	Audition (10 Year Anniversary Edition)	INDIFFERENT	3:18	scrV6V7R6K4	MPREb_zDgV8imAXxu	UCUs3OrxykXmvxuImSzeyKNQ
373	Hey Ya! (Radio Mix)	Outkast	Throwback Thursday R&B Jams	INDIFFERENT	3:57	8_NE2lBzAdc	MPREb_wHubYX7QZvZ	UCpJG35xsNdMgxsXn7kqG4Ew
374	E.T. (Extraterrestrial)	Outkast	ATLiens	INDIFFERENT	3:07	KceiiabK2bo	MPREb_Tt5LuOLLYbe	UCpJG35xsNdMgxsXn7kqG4Ew
435	Dreams	Ollie Olsen	Birthday	INDIFFERENT	3:35	CC79SMdDbYQ	MPREb_cmFIUGF5Kgd	UCu8Ns-nUCvH8P3WAHFvQffA
295	High for Me (feat. Kid Ink)	Olivia Noelle	High for Me	INDIFFERENT	3:35	S3Af_V5rOBQ	MPREb_1FRrtbdmZck	UCrvGETJI7j9opa5dacifb3Q
372	Wonderwall	Oasis	(What's The Story) Morning Glory? (Remastered)	INDIFFERENT	4:19	ZrOKjDZOtkA	MPREb_9nqEki4ZDpp	UCmMUZbaYdNH0bEd1PAlAqsA
371	Feather (feat. Akin, Cise Starr & Akin (from CYNE))	Nujabes	Free Soul Nujabes First Collection	INDIFFERENT	2:52	7oAcCJnlVJs	MPREb_ZozyDpc35bE	UCxQQET-tQsC4cwzLow9ZsuQ
369	Noah NorTH x ASAP Ferg x Texas State (Sold Out Show)	Noah North		INDIFFERENT	2:44	5pB62TvcXHs		UCBuo-vmjmz1H9AiBl7zDTIQ
365	Smells Like Teen Spirit	Nirvana	Nirvana	INDIFFERENT	5:02	JirXTmnItd4	MPREb_x6BZ7EEfVbr	UCrPe3hLA51968GwxHSZ1llw
366	Something In The Way	Nirvana	Nevermind (Deluxe Edition)	INDIFFERENT	3:52	MpDrCVRaWfo	MPREb_d8vgAvq1kPj	UCrPe3hLA51968GwxHSZ1llw
530	Where Did You Sleep Last Night (Solo Acoustic Demo)	Nirvana	With The Lights Out	INDIFFERENT	2:29	_03VXwu5F2Q	MPREb_1GxC12OXNHk	UCrPe3hLA51968GwxHSZ1llw
361	Oh Comely	Neutral Milk Hotel	In the Aeroplane Over the Sea	INDIFFERENT	8:18	DXSY0aspgKo	MPREb_l12Sl9prpGw	UCvMA46Xu1xApqZyXFIrnukw
360	NSA Blues	Natural Child	Okey Dokey	INDIFFERENT	3:31	4teoADPOBN0	MPREb_kJGEZYYDmUa	UCt5rALPKongoXyF78YyVatA
359	Nas Is Like	Nas	The Essential Nas	INDIFFERENT	3:58	NKhh-_BbCfA	MPREb_a8UfCEYqfYB	UCPoQYATXIYvN5WB0c4f6jfQ
207	Good Day	Nappy Roots	Good Day	INDIFFERENT	4:21	Pn8iinkhR3w	MPREb_xp1Er693Srh	UCL3G3J67LrZ4bvZ8TK6wtXQ
305	Leave Me Alone	NF	The Search	INDIFFERENT	5:08	IUrcfaoswpU	MPREb_PQYVp6yFFgf	UCjiGsk3ePl9fajUfgNVFGBA
362	WHY	NF	The Search	INDIFFERENT	3:07	AcPIQ87GbDM	MPREb_PQYVp6yFFgf	UCjiGsk3ePl9fajUfgNVFGBA
491	Time (Edit)	NF	The Search	INDIFFERENT	3:50	AG9VwA7ByGE	MPREb_PQYVp6yFFgf	UCjiGsk3ePl9fajUfgNVFGBA
415	Mein Herz Brennt (Piano Version) [Rammstein]	Myuu	Mein Herz Brennt (Piano Version) [Rammstein]	INDIFFERENT	4:31	3nbpDaqPWYI	MPREb_pzNrxb0GtL0	UCDSmRQRF2bVIsPv-vfVZMTg
357	Touch Me I'm Going To Scream, Pt. 2	My Morning Jacket	Evil Urges	INDIFFERENT	8:12	IdfGYgUWcxM	MPREb_CGVniFbIV7E	UCFxLZ526P3vA1zQX0S-Kr5w
356	Teenagers	My Chemical Romance	The Black Parade	INDIFFERENT	2:41	jLKOBJR5vHs	MPREb_ZgWMotVlM2a	UC527A_XB_c7XftocVOIVNeA
355	Tight Rope (feat. Slug)	Musab & Ink Well Present MInk	Intellectual Property	INDIFFERENT	3:13	v2mO9xnahXQ	MPREb_hpPHtCoUcva	UCbqbuiCPsJtR9y29SCtkjDA
349	First Love Blues	Murs	Varsity Blues 2 - EP	INDIFFERENT	4:07	iR80643BaTE	MPREb_WewndO36fDh	UCR1KDdXmEW1_Hj9zqTVYavA
351	Remember 2 Forget	Murs	Love & Rockets, Vol. 1: The Transformation	INDIFFERENT	3:55	vTVR-tkmkME	MPREb_Xcy5PBaUy6X	UCR1KDdXmEW1_Hj9zqTVYavA
352	Silly Girl (feat. Joe Scudda)	Murs	Murray's Revenge	INDIFFERENT	3:46	1eVCXVycfs0	MPREb_1bbzDYffwDo	UCR1KDdXmEW1_Hj9zqTVYavA
353	The Pain	Murs	Murs 3:16: The 9th Edition	INDIFFERENT	4:04	GGfI7nHl-ZI	MPREb_QJWzdYCvbem	UCR1KDdXmEW1_Hj9zqTVYavA
354	Break Up (The OJ Song)	Murs	Murs For President	INDIFFERENT	4:08	D1ZMvnaX-C0	MPREb_JdqgEh730Hz	UCR1KDdXmEW1_Hj9zqTVYavA
346	Ace Of Spades	Motörhead	Ace of Spades (Expanded Edition)	INDIFFERENT	2:47	99IKeHNN7EI	MPREb_8PNIbgQuS8a	UC29TwdZt2GUC-AqbhFs_uSA
364	Mac Miller Memorial (Nikes on My Feet Remix)	Moonrocks	Mac Miller Memorial	INDIFFERENT	4:08	O26br4l7_MQ	MPREb_bJL64P52OSP	UC6j97NmNk-xB0kgaZHeFMGQ
344	Missed the Boat	Modest Mouse	We Were Dead Before The Ship Even Sank	INDIFFERENT	4:25	LI1XqhSAjRs	MPREb_tAbgb7CKiPz	UCiX0EqRfobz765eBovS1BNQ
345	Spitting Venom	Modest Mouse	We Were Dead Before The Ship Even Sank	INDIFFERENT	8:28	K-txAt5n4cI	MPREb_tAbgb7CKiPz	UCiX0EqRfobz765eBovS1BNQ
167	Lose Yourself	Mix Factor	R&B Hit Mix - 2014 - Vol. 15	INDIFFERENT	4:24	aHMsVWMmUdc	MPREb_duXxTPHbFls	UCowpej5pmuyL4xilfQIMT1w
96	Bitches Brew (Live)	Miles Davis	The Lost Quintet (Live)	INDIFFERENT	10:27	9Q_mYZcsVME	MPREb_sYOtgeUfSWL	UCIev2PktTH5mI-QlGmbUkiw
209	On My Side	Miguel Alcobia	Urban Gorillaz, Vol. 1 (25 Deep-House Tunes)	INDIFFERENT	3:33	UZOeD0EF3gg	MPREb_mXFdTlrFymq	UCEbZa8r7qIhrJDU914XJtPQ
142	Dreamcatcher (feat. Swae Lee & Travis Scott)	Metro Boomin	NOT ALL HEROES WEAR CAPES (Deluxe)	INDIFFERENT	3:32	C9zAIOuHp-8	MPREb_NLqows8kSaI	UCFYaIRiUe_1hvOtXu5IiBWQ
339	Hair And Skin	Mazzy Star	Deep Cuts	INDIFFERENT	3:49	yLHujkr4SO4	MPREb_BLsS1NrN2CF	UCi8cblgb3PyU8HzGvXWhuEg
336	Chop 'em Down	Matisyahu	Shake off the Dust...Arise	INDIFFERENT	5:46	5yYGitUutng	MPREb_28AhP4DVJrY	UCAYBw-oeIcPiMVBLV23-tdg
337	King Without a Crown (Live)	Matisyahu	Live at Stubb's, Vol. II	INDIFFERENT	8:29	AxjGTNQM_5I	MPREb_1K1vYaDlyMR	UCAYBw-oeIcPiMVBLV23-tdg
338	King Without a Crown	Matisyahu	Youth	INDIFFERENT	3:43	v7Eb3Rr7DEw	MPREb_ek3kulOFaIS	UCAYBw-oeIcPiMVBLV23-tdg
334	Angel	Massive Attack	Mezzanine	INDIFFERENT	6:20	HLrqNhgdiC0	MPREb_Ibts2W4TjGD	UCr1uxon7aFztw_dnrau0TDA
335	Teardrop	Massive Attack	House M.D. (Original Television Soundtrack)	INDIFFERENT	5:32	3g5Lpnnr3ZA	MPREb_EBxGnfdKhSZ	UCr1uxon7aFztw_dnrau0TDA
81	Paddles of a wooden ship	Masafumi Komatsu	Kyoto Ambience 3	INDIFFERENT	3:32	Yg9mt75a2Sc	MPREb_j464MImiqFy	UC67GH4wSTlCGgPT3C-LxSlA
333	The Silence	Manchester Orchestra	A Black Mile To The Surface	INDIFFERENT	6:59	8KfwXac4ftI	MPREb_R6Kv5nr0Yss	UC52xilymw0N3P8Q2JWMAEdw
332	Used To	Mama Schultz	Bloom	INDIFFERENT	3:43	nmjWUEFhlY8	MPREb_18B3aN5fsgA	UCOTd7UTJJLMP6xF3F2MSbEw
330	Talk My Talk feat. Robn (feat. Robn)	Majeed	Talk My Talk	INDIFFERENT	3:09	0Inv13PEMno	MPREb_1at8TKFoLwb	UChYcoLUeF5UFvqJP3uGNG6w
328	Thrift Shop (feat. Wanz)	Macklemore & Ryan Lewis	The Heist	INDIFFERENT	3:56	sNfRKx7_cMc	MPREb_38VROXREc7o	UC93q7WvkXEJBlk_QcO8aAuA
163	Earth (feat. Future)	Mac Miller	Live From Space	INDIFFERENT	4:17	y2Qs6iUU2M8	MPREb_uEYMLdnrX58	UC52ZqHVQz5OoGhvbWiRal6g
326	Programs	Mac Miller	Programs	INDIFFERENT	3:10	hb3GJ71udUc	MPREb_PdfKoZdmxHT	UC52ZqHVQz5OoGhvbWiRal6g
342	Satisfaction (feat. RJD2, Copywrite & Slug)	MHz	MHz Legacy	INDIFFERENT	3:54	R0YQp3k3pcg	MPREb_Hgoog70zrJ0	UCO7lWRmelUk_wtZo7ZMxECQ
341	Time to Pretend (Super Clean Version)	MGMT		INDIFFERENT	4:21	Brbmkufo_HU		UCcP74mIhs125nerd5o5Dd-Q
340	Rhymes Like Dimes (Instrumental)	MF DOOM	Operation: Doomsday (Complete)	INDIFFERENT	2:11	Zs9TNAIs1LM	MPREb_2GXWuRXcPr3	UCooTDYkIERWBwDC1JKyoElQ
456	Superstar (feat. Matthew Santos)	Lupe Fiasco	Total Club Hits	INDIFFERENT	4:25	dkTjPg6d-fs	MPREb_WfGz1fUoQkS	UCe872mgP4deADPnXtkbS-Cg
324	Blueberry Yum Yum (feat. Sleepy Brown)	Ludacris	The Red Light District	INDIFFERENT	3:55	ftXz7aMQNTY	MPREb_crQXkczMtV8	UCrcXT9Gn6zCA4dOqW6XsKUw
323	Muggles	Louis Armstrong & His Hot Five	Portrait Of The Artist As A Young Man 1923-1934	INDIFFERENT	2:49	A9pJPLcP5SA	MPREb_ngBBh4YPvd2	UCCDaSui4C9VFMpeRlKEOHDA
312	Artsy (feat. The Grouch)	Living Legends	Legendary Music, Vol. 1	INDIFFERENT	4:14	szTolC5VXbY	MPREb_8j2u5h7W8ex	UC79Ebi_IW6337_YuXjrtbQg
314	Flawless	Living Legends	Almost Famous	INDIFFERENT	6:37	SSdyJK9CjLw	MPREb_UovRn5tKp7O	UC79Ebi_IW6337_YuXjrtbQg
315	It's Us	Living Legends	Classic	INDIFFERENT	5:34	qvTi1zePoc4	MPREb_LwmZWP5sOEq	UC79Ebi_IW6337_YuXjrtbQg
316	Never Fallin'	Living Legends	Classic	INDIFFERENT	5:22	eGv_ZJ5dSPc	MPREb_LwmZWP5sOEq	UC79Ebi_IW6337_YuXjrtbQg
317	She Wants Me	Living Legends	The Gathering	INDIFFERENT	3:58	uvrlKEPdEyI	MPREb_Pk0cyXg8PlM	UC79Ebi_IW6337_YuXjrtbQg
318	Think Big (feat. Bicasso)	Living Legends	Legendary Music, Vol. 1	INDIFFERENT	3:31	6ELBWR9spHY	MPREb_8j2u5h7W8ex	UC79Ebi_IW6337_YuXjrtbQg
319	What Would I Be (feat. N8 the GR8 & Krush)	Living Legends	Almost Famous	INDIFFERENT	4:05	TbS4YtkWJVw	MPREb_UovRn5tKp7O	UC79Ebi_IW6337_YuXjrtbQg
320	Wise Is the Way	Living Legends	Classic	INDIFFERENT	4:01	FEql8-lNwf4	MPREb_LwmZWP5sOEq	UC79Ebi_IW6337_YuXjrtbQg
321	Rap, Rap, Rap (feat. Luckyiam)	Living Legends	Legendary Music, Vol. 1	INDIFFERENT	3:37	Ozae0T_zu8M	MPREb_8j2u5h7W8ex	UC79Ebi_IW6337_YuXjrtbQg
322	Black Glass	Living Legends	Almost Famous	INDIFFERENT	3:58	mei6zOYC8cc	MPREb_UovRn5tKp7O	UC79Ebi_IW6337_YuXjrtbQg
159	The Catalyst (Guitarmagedon) [Does It Offend You, Yeah? Remix]	Linkin Park	Waiting for the End	INDIFFERENT	3:06	ymj6PeRn0r4	MPREb_uVWapcWnMB9	UCxgN32UVVztKAQd2HkXzBtw
520	X-Ecutioner Style (feat. Black Thought)	Linkin Park	Reanimation (Remix)	INDIFFERENT	1:49	Hqp617kgeDE	MPREb_eUzZs3jmlj0	UCxgN32UVVztKAQd2HkXzBtw
309	Rings 2 Riches (feat. Kyle Bent)	Lilo Key	Rings 2 Riches (feat. Kyle Bent)	INDIFFERENT	4:00	SITsOjprYKk	MPREb_x6ipJO85zvS	UCUNmklkMUAbL_gILsUJftrA
310	Strange Thangs	Lilo Key	Strange Thangs	INDIFFERENT	3:08	p3fvbGAyz6s	MPREb_cI62axuvzGX	UCUNmklkMUAbL_gILsUJftrA
308	Best Rapper Alive (Chopped & Screwed)	Lil' Wayne	Tha Carter II (Chopped & Screwed)	INDIFFERENT	4:23	OmkLDNxFgzQ	MPREb_PybWSQm4iMA	UC4IAZ3dowcXyvVYBx4hucSQ
307	Professional Rapper (feat. Snoop Dogg)	Lil Dicky	Professional Rapper	INDIFFERENT	5:54	AnhbhsCFsDA	MPREb_cmDFpO3m11b	UC5UE6MR81EBaO6Ja_kBdsHQ
306	Steal My Sunshine	Len	GO Music From The Motion Picture	INDIFFERENT	4:09	BLQB48LVLnE	MPREb_RzTS1zlHdak	UCqMw1Zw73Vjru5n0aawKrHA
304	Mi Cuerno (Kalashnikova)	La Nueva Rebelión	La Lightning	INDIFFERENT	2:27	gG-3pfSxtJo	MPREb_COE4OGfDy5C	UC4pRf625Li4ArXb9kO2BkdQ
302	Deadshot	Kye Nathaniel	Deadshot	INDIFFERENT	2:50	bSc0qxc1RHU	MPREb_C6jw3fMOJ0w	UCGMF5r2H-_mvBZpu2VZqM7w
301	All Day (feat. Charlie Smarts)	Kooley High	Eastern Standard Time	INDIFFERENT	4:38	QdKfmZQkHEQ	MPREb_IGnDKak1TYk	UCfOp9475T4XD1qF1F9H4cvQ
300	Netzwerk (Bonus Track)	Klangkarussell	Netzwerk (Deluxe)	INDIFFERENT	6:06	HAT-d6o7gLE	MPREb_IkreFX0b0sx	UCttJhgDSWb98oCQXUzRUnZA
299	Sex on Fire (Live from Cologne, Germany - February 2009)	Kings Of Leon	Notion	INDIFFERENT	3:29	uB6Nl85ND_4	MPREb_8K9ESoGSpWx	UCHqD2OBWbcWGmCve99uw47A
164	Windy Earth	King-Yata	Windy Earth	INDIFFERENT	3:44	mcj3J7z8BKQ	MPREb_sdRhqQLqieM	UCXvqTtwJA7aedejK2ZUugTQ
298	Hip-Hop (feat. Ali Armz & Slug)	King Magnetic	Everything's a Gamble, Vol. 2	INDIFFERENT	3:47	qDTouJuU_M0	MPREb_yvTcVxifNFB	UCxav63cA0Bhv2SHhsdaiVDg
200	George Washington	Kindermusik International	Jump to the Beat	INDIFFERENT	3:54	n1qFEsm2FmQ	MPREb_2nSGlUOjD0U	UC8E62DnzPVmqHP26fkRveTA
507	Venus Fly Trap	Kill Paris	Monstercat Uncaged Vol. 7	INDIFFERENT	3:00	FUOI0ssOnK4	MPREb_fe0msb8nAJd	UCRV_-5zO9sSmEGwVrUZqU9A
296	Marijuana	Kid Cudi	Man On The Moon II: The Legend Of Mr. Rager	INDIFFERENT	4:20	FXvWRzdZa7M	MPREb_cTEIwPt979h	UCo2-dPLJcpbZK84FIt0vD-w
401	Pursuit Of Happiness (Nightmare) (feat. MGMT & Ratatat)	Kid Cudi	Man On The Moon: The End Of Day	INDIFFERENT	4:55	pXcHkhKi94k	MPREb_aBC5Wpq9VeF	UCo2-dPLJcpbZK84FIt0vD-w
293	3 P	Kevin Flum	3 P	INDIFFERENT	2:44	tVGCHI5r33g	MPREb_amjo3OuS7F8	UCjon42jzrUbavrnFRhnPEtA
292	Money Trees (feat. Jay Rock)	Kendrick Lamar	College Party Anthems	INDIFFERENT	6:26	o2HkytXGwws	MPREb_Y7X5QP3Y6YG	UCprAFmT0C6O4X0ToEXpeFTQ
291	Lost In The World	Kanye West	My Beautiful Dark Twisted Fantasy	INDIFFERENT	4:16	1nawiZsuFI8	MPREb_TeXtApchIhq	UCRY5dYsbIN5TylSbd7gVnZg
103	Cashier at Hottopic	KID SEXY	Born into Sin	INDIFFERENT	2:03	zkcl0gHXnas	MPREb_bxTbkllnhS9	UCtBq98K_NDH7kE5LC4na-fQ
303	Love Yourself	Justin Bieber	Purpose (Deluxe)	INDIFFERENT	3:53	Z5uR4frdqd8	MPREb_ANrwfUAMDUf	UCGvj8kfUV5Q6lzECIrGY19g
138	DVNO	Justice	Justice	INDIFFERENT	3:57	bz68yrZW3vU	MPREb_yaHYitykXQo	UCcJLC91v0A0iD-CMUWdZkig
289	Genesis (Live Version)	Justice	A Cross The Universe	INDIFFERENT	7:20	wLayne_FyXg	MPREb_TjgVvQRbVKM	UCcJLC91v0A0iD-CMUWdZkig
287	High As F%#k	Jon Lajoie	You Want Some of This?	INDIFFERENT	2:54	zE2SGnQ1VXE	MPREb_m7Vpe6JHDjS	UCmiuLn12FmnGJ0upS7SfVRA
286	Hurt so Bad	Johnny Cash	I Would Like to See You Again	INDIFFERENT	2:34	5ueAdn2KDCI	MPREb_Tb0KE9w6e9A	UCiGs21G3KeE2tpbbMPzn9Qg
285	Jump Up ! (Original Mix)	John Wolf	Jump Up !	INDIFFERENT	6:13	xcnQyc458OA	MPREb_nEG455CrTdd	UChGpULUJ7WzgDOvquC8-Btw
284	Ocean (Live)	John Butler	Tin Shed Tales	INDIFFERENT	12:56	3LgMYJ43oeo	MPREb_mots6DlosvS	UCtiaKILMR7Ou9eNrGm1SIMA
283	Bird of Prey	Jim Morrison	An American Prayer	INDIFFERENT	1:04	oTYyHyvpNrs	MPREb_aQNx9ibCvYi	UC6IB6Pcqx3LYQZxudR8y2kQ
282	Rain	Jet Black Joe	Greatest Hits	INDIFFERENT	4:36	dkS5iS-KvE0	MPREb_fUN3XTNcQXZ	UCLtk-AeCeT1vKs2NmFD7GoA
281	Are You Gonna Be My Girl (Acoustic)	Jet	Are You Gonna Be My Girl (Deluxe EP)	INDIFFERENT	3:58	aZteek1bae8	MPREb_0ZhwvRLr5XL	UCDY3bjtG-e456ADVpfDZ4Tw
280	Selecta (feat. Ghostface Killah, Juelz Santana & Telli)	Jesse And The Wolf	Selecta	INDIFFERENT	3:03	peJBqeIXqbo	MPREb_0p30D75L1RL	UCEIF85B2c0IVqbMnIF8O66A
277	Jazz Cigarette	Jeramiah Ferrari	Jazz Cigarette	INDIFFERENT	4:15	KXPVs8u5LLQ	MPREb_j9vcqQmjiq6	UCgcUz9Uzh5FLLIPQL1LAKAA
276	Pigs Theory	Jayy Grams	Grime & Basslinez	INDIFFERENT	2:29	NkeYiTO03sE	MPREb_LBJp7i8m6Ds	UCRvjw5p7SlHXsK9nM4ud3Vg
274	To Love Somebody (Live at The Woodstock Music & Art Fair, August 17, 1969)	Janis Joplin	The Woodstock Experience	INDIFFERENT	5:17	RzESYlYMyXw	MPREb_cmQam4v5hpS	UCpxqHC9g0px9jecJ7WbfWag
92	Change	James Cotton	Giant	INDIFFERENT	2:58	SSaGaN_BuEE	MPREb_s805VEkqokM	UCgo0I-LyFzFM34hd8i8k9jw
273	Me And You	Jake Miller	Me And You	INDIFFERENT	4:08	EeRY4wTudS8	MPREb_2at0WIE4FGk	UCsZEF9bGB7_2U424YnpdNVA
269	I'm Shakin'	Jack White	Blunderbuss	INDIFFERENT	3:01	kHMZuWgNpkw	MPREb_gRf4NlMZnUt	UCL5YsYJMZ-S5SU4_RQOWEPw
270	Love Interruption	Jack White	Love Interruption	INDIFFERENT	2:39	03r8oUfap7c	MPREb_mWC9y3t7dRe	UCL5YsYJMZ-S5SU4_RQOWEPw
129	This Is America by Childish Gambino Song Review	JT Lavoe	Song Reviews by the Peoples Paradise Podcast	INDIFFERENT	4:23	7jUCkK_gkOQ	MPREb_6lViK74YWPA	UCF-uOEbuLsVP_IRmLE81DlQ
272	Rasta Ting (feat. Db Bantino)	JAG	Dalton Ave	INDIFFERENT	3:28	uDi6fDO61VQ	MPREb_pNaTUYL6FT1	UC4vtuR22Mb4JiU2r7b3U0AA
268	Houston	ItsAMovie	Houston	INDIFFERENT	3:14	G0QUPHp_sBc	MPREb_4ZULGDy5B6p	UCgVZNYMczGUEZd3TSAKnkug
266	Creature (Audiotree Live Version)	It Looks Sad.	It Looks Sad. on Audiotree Live	INDIFFERENT	3:44	FzCLzjYQ58w	MPREb_1jVlWgcG1Je	UCQhfHtPFBSjoct6AlQrrFZg
265	Droptop	Ishmael Raps	Droptop	INDIFFERENT	2:35	78EmT8hXMgo	MPREb_Yn5UqXFeuEC	UCh-KlUOtCiQnpKNSHAKlBEg
264	Spark My Soul (feat. Substantial)	Inverse	So True EP	INDIFFERENT	3:49	kBFcrenmw5Y	MPREb_zisxD16qD0p	UCkZShG7F9ByiwdAwrQGjVew
260	Aqueous Transmission (Live at HQ, Los Angeles, CA - June/July 2011)	Incubus	HQ Live (Deluxe Edition)	INDIFFERENT	5:52	7esa8Px1vNQ	MPREb_AhyInvc9qxv	UC8FhfVPXx7ac7araOiNkTYw
368	No Mercy	Immortal Technique	Revolutionary, Vol.1	INDIFFERENT	3:28	VPN0OCveDTs	MPREb_GcEBHl1G8yM	UCYWdn8GKtpvhc0DmcTQjG_w
257	Believer	Imagine Dragons	Evolve	INDIFFERENT	3:25	Kx7B-XvmFtE	MPREb_q16Gzaa1WK8	UC0aXrjVxG5pZr99v77wZdPQ
258	Thunder	Imagine Dragons	Evolve	INDIFFERENT	3:08	9ssQKlLxBdQ	MPREb_q16Gzaa1WK8	UC0aXrjVxG5pZr99v77wZdPQ
259	Warriors	Imagine Dragons	Smoke + Mirrors (Deluxe)	INDIFFERENT	2:50	1uBPOu3si5w	MPREb_u79IUIq1Jbi	UC0aXrjVxG5pZr99v77wZdPQ
408	Radioactive	Imagine Dragons	Night Visions (Deluxe)	INDIFFERENT	3:06	_Z9oHKlrnDQ	MPREb_JGq65p6sjv6	UC0aXrjVxG5pZr99v77wZdPQ
256	Untouchable State of Mind	Illmind	Untouchable State of Mind	INDIFFERENT	2:56	887kQJ1wFnw	MPREb_pBeLqGBv7Ll	UCjQ_IKwnBdABlq7IVxmV1SA
255	The Passenger	Iggy Pop	Roadkill Rising: The Bootleg Collection 1977-2009	INDIFFERENT	6:13	Z0z5J8vlpBs	MPREb_lvrjzgkbP6m	UCN2OwEXNYJFzgHvR7912Btg
252	Ill Mind of Hopsin 5	Hopsin	Ill Mind of Hopsin 5	INDIFFERENT	4:49	yJ670EiLjos	MPREb_9D6cdV8ENf8	UCdtbIMYlEY73xXu48cf8csQ
250	Make Your Move (feat. Goapele)	Hieroglyphics	The Building	INDIFFERENT	4:47	ac81FHYlo4M	MPREb_2Ai1e2FFRqm	UCSKxDSomU-eSpmi0DthCzmw
248	Watermelon Man	Herbie Hancock	Watermelon Man	INDIFFERENT	7:09	AV3drZPeles	MPREb_Cgox1pWRdic	UCq_O_14tCKbx9U9uUT_LEPA
130	Prelude in E Minor (Op. 28. No. 4)	Hennie Bekker	Hennie Bekker's Tranquility - Classic Moods	INDIFFERENT	6:01	gisqYXCRS4o	MPREb_qaUlHlqZ9Sf	UCG3xTozVzwYVG64OnlWcbcA
247	Everybody's Talkin' (Edit)	Harry Nilsson	Midnight Cowboy	INDIFFERENT	1:55	Fq308g5psl0	MPREb_XOiVNoreZpN	UCVlbbMiyHZiH2hNLd0MOMhA
244	WORLDSTAR	Gyyps	GYPSYBURNS	INDIFFERENT	2:32	LK8pwQknxA0	MPREb_25NV7tlRuhB	UCf2JgYl2tNYxX-nw2u6D2Tw
197	G'mornin	GutterLove	I Hope Hell Has Wifi	INDIFFERENT	2:08	GW8Z3zFk6ho	MPREb_Gbrje4A21C4	UCwL6ZaAD6DM2hMPyQklommQ
243	Sweet Child O' Mine (Live In Paris / 1992)	Guns N' Roses	Live Era '87-'93	INDIFFERENT	7:17	f942lFDR8NY	MPREb_6lPw7tG0BnS	UCSLbbBoUqpin6BE34whSOvA
242	Soul Provider	Grouch	OMETEOTL	INDIFFERENT	7:21	G-yc-DNMPWs	MPREb_cAS8ROHoQYs	UCUw8D8NPHiFMvKVVLfr0hwg
241	History (White Light Version)	Groove Armada	White Light	INDIFFERENT	5:38	p956Z08A6bU	MPREb_fynSaONUjC7	UCWt6pVRI7yUZyxTwFVBjsdA
238	Games (Instrumental)	Grieves	The Collections of Mr. Nice Guy (Instrumental Version)	INDIFFERENT	4:24	dVAuPe3vUG0	MPREb_LeMf4AnoMVh	UCZghZHv1R61s9aPg8cZypSg
104	Brain Stew	Green Day	International Superhits!	INDIFFERENT	3:13	atG8xv9tHNM	MPREb_6xymaCOEbts	UC4JNeITH4P7G51C1hJoG6vQ
236	Basket Case	Green Day	International Superhits!	INDIFFERENT	3:02	3KtQzAqdA3I	MPREb_6xymaCOEbts	UC4JNeITH4P7G51C1hJoG6vQ
237	Brutal Love	Green Day	UNO... DOS... TRÉ!	INDIFFERENT	4:55	IXbqiUpWQXU	MPREb_75FRWa2gdrl	UC4JNeITH4P7G51C1hJoG6vQ
15	Alice D. Millionaire	Grateful Dead	Complete Studio Rarities Collection	INDIFFERENT	2:23	SFNQpRZ2lG4	MPREb_dSUDYmhO61j	UC9dWluHyEwvIj5NNs7KkJ0A
233	Ripple (2001 Remaster)	Grateful Dead	The Music Never Stopped (Music From The Motion Picture)	INDIFFERENT	4:12	GrjUtFfRY_E	MPREb_LSNfIll7RJg	UC9dWluHyEwvIj5NNs7KkJ0A
234	Ripple	Grateful Dead	The Best of the Grateful Dead	INDIFFERENT	4:12	5wh7ylJManI	MPREb_0jktJu8O0oW	UC9dWluHyEwvIj5NNs7KkJ0A
235	Truckin' (Live in London 1972)	Grateful Dead	Europe '72 (Live) [2001 Remaster]	INDIFFERENT	13:07	0VXJaGa8pzU	MPREb_Fcx6YcHHX1f	UC9dWluHyEwvIj5NNs7KkJ0A
210	All Alone (feat. Roots Manuva)	Gorillaz	Demon Days	INDIFFERENT	3:34	yfHNa5eJQ6Y	MPREb_2az20wG4HxN	UCNIV5B_aJnLrKDSnW_MOmcQ
212	On Melancholy Hill	Gorillaz	The Singles Collection 2001-2011	INDIFFERENT	3:29	8jjHFKPfqiM	MPREb_vUNUMQaG5gz	UCNIV5B_aJnLrKDSnW_MOmcQ
213	Doncamatic (feat. Daley)	Gorillaz	The Singles Collection 2001-2011	INDIFFERENT	3:23	WsKGKgkUR0A	MPREb_ufZuGdOuB1v	UCNIV5B_aJnLrKDSnW_MOmcQ
214	Garage Palace (feat. Little Simz)	Gorillaz	Garage Palace	INDIFFERENT	2:32	jrFHlGJOomU	MPREb_aHOVlSEF07n	UCNIV5B_aJnLrKDSnW_MOmcQ
215	HillBilly Man	Gorillaz	The Fall	INDIFFERENT	3:51	FCJhk0vVRBU	MPREb_FwqdLAJmb4l	UCNIV5B_aJnLrKDSnW_MOmcQ
216	Idaho	Gorillaz	The Now Now	INDIFFERENT	3:43	C69jC1LnMo0	MPREb_Or0NmhlTmpA	UCNIV5B_aJnLrKDSnW_MOmcQ
217	Lake Zurich	Gorillaz	Lake Zurich	INDIFFERENT	4:14	5nNtH7u0DSE	MPREb_Jlyl3m0siNu	UCNIV5B_aJnLrKDSnW_MOmcQ
218	Magic City	Gorillaz	The Now Now	INDIFFERENT	4:00	G8ni4IL4rxg	MPREb_Or0NmhlTmpA	UCNIV5B_aJnLrKDSnW_MOmcQ
219	Man Research (Clapper)	Gorillaz	Gorillaz	INDIFFERENT	4:33	Tgzdxjc0W8Q	MPREb_4bUnq6rWRE7	UCNIV5B_aJnLrKDSnW_MOmcQ
220	New Genius (Brother)	Gorillaz	Gorillaz	INDIFFERENT	4:00	uJOq48wH1pc	MPREb_4bUnq6rWRE7	UCNIV5B_aJnLrKDSnW_MOmcQ
221	One Percent	Gorillaz	The Now Now	INDIFFERENT	2:22	DfViwmUc4BU	MPREb_Or0NmhlTmpA	UCNIV5B_aJnLrKDSnW_MOmcQ
222	People	Gorillaz	D-Sides	INDIFFERENT	3:29	uEvayBFle-8	MPREb_H9lIL6lWqXc	UCNIV5B_aJnLrKDSnW_MOmcQ
223	Punk	Gorillaz	Gorillaz	INDIFFERENT	1:39	Gc5x6kyF3yM	MPREb_4bUnq6rWRE7	UCNIV5B_aJnLrKDSnW_MOmcQ
224	Saturnz Barz (feat. Popcaan)	Gorillaz	Saturnz Barz	INDIFFERENT	3:01	aAlXfs3Ta_A	MPREb_cy47Kd7q3FP	UCNIV5B_aJnLrKDSnW_MOmcQ
225	Sleeping Powder	Gorillaz	Sleeping Powder	INDIFFERENT	2:46	ncBDvEKYDEA	MPREb_IJFB0gBGjmN	UCNIV5B_aJnLrKDSnW_MOmcQ
226	Spitting out the Demons	Gorillaz	Feel Good Inc. EP	INDIFFERENT	5:11	xrypgEMKPLc	MPREb_HFurKa9hJkG	UCNIV5B_aJnLrKDSnW_MOmcQ
227	Strobelite (feat. Peven Everett)	Gorillaz	Humanz	INDIFFERENT	4:32	Op_UhnD6CmE	MPREb_ZHeJPKFJ464	UCNIV5B_aJnLrKDSnW_MOmcQ
229	Tomorrow Comes Today	Gorillaz	The Singles Collection 2001-2011	INDIFFERENT	3:14	U0nrRva17qc	MPREb_ufZuGdOuB1v	UCNIV5B_aJnLrKDSnW_MOmcQ
230	We Got the Power (feat. Jehnny Beth)	Gorillaz	We Got the Power	INDIFFERENT	2:19	PKiaqqgcuKM	MPREb_eToqBRrUQMO	UCNIV5B_aJnLrKDSnW_MOmcQ
231	Double Bass	Gorillaz	Gorillaz	INDIFFERENT	4:47	YAXIkgsTCtQ	MPREb_4bUnq6rWRE7	UCNIV5B_aJnLrKDSnW_MOmcQ
232	Starshine	Gorillaz	Gorillaz	INDIFFERENT	3:34	Ug5choUf4nM	MPREb_4bUnq6rWRE7	UCNIV5B_aJnLrKDSnW_MOmcQ
189	"Forest Temple (From ""The Legend Of Zelda: Ocarina Of Time"")"	Goodknight Productions	The All-Stars Collection, Vol. 3	INDIFFERENT	1:55	so29-iyRpuM	MPREb_U42Fmlkv819	UCiB3r7qEX5v4Logl34dah7g
205	Start Wearing Purple	Gogol Bordello	Gypsy Punks: Underdog World Strike	INDIFFERENT	3:43	ThnpMjAESXQ	MPREb_tVt8kAX50RJ	UCvjY5F-rju0hQaYcYfGgbrw
206	Wonderlust King (Live / BBC Sessions)	Gogol Bordello	Live From Axis Mundi	INDIFFERENT	3:57	5qF_3RvptM8	MPREb_CuuQ19kxAVQ	UCvjY5F-rju0hQaYcYfGgbrw
51	Pierrot Lunaire, Op. 21, Pt. 1: No. 3, The Dandy	Glenn Gould	Schoenberg: Works for Piano, Phantasy for Violin, Ode to Napoleon & Pierrot Lunaire, Pt. 1	INDIFFERENT	1:26	rxtmw7b0W68	MPREb_HBLyBbgqtGe	UCeBygjXY5882mmEa4H-os8A
202	Damn It Feels Good to Be a Gangsta (Mixtape Version)	Geto Boys	The Best of the Geto Boys	INDIFFERENT	3:13	LOYIeksCEzc	MPREb_RMDtueLax54	UCauDySKxJnYuKmkMqcs5--w
329	"Mad World (From ""Donnie Darko"")"	Gary Jules	Movie Magic	INDIFFERENT	3:03	Fq3x-f4VPhw	MPREb_Y5OaTRcPq8F	UCo5bkOUhQ98RiwmmCt42gZA
199	Work	Gang Starr	The Defiant Ones	INDIFFERENT	2:57	UZQJPPR_mTY	MPREb_BEhO8rOJ8pA	UCPN9k1RTnz3OxA3t8Dc5lCQ
162	Drunk	GOT7	Love Loop	INDIFFERENT	3:22	RLl53sghRxw	MPREb_W2FLX6jf7n6	UCt6iMzxE-sUMbJGHTxXj1Dw
198	Whoa	G.I.Jordan	Whoa	INDIFFERENT	3:20	1jvAexSir74	MPREb_FJmVS60ndkn	UCsJD9tWgPuAW_i0Uf6SI7TQ
195	We Are Young (feat. Janelle Monáe)	Fun.	Some Nights	INDIFFERENT	4:10	i-RLF--rHSs	MPREb_vIT4wTvMO79	UCqR2ATuiV-PN2fWzuRYjcbg
290	"Convergence (As Heard on ""Assassin's Creed: Liberation HD"" Justice for All Trailer)"	Full Tilt	"Convergence (As Heard on ""Assassin's Creed: Liberation HD"" Justice for All Trailer)"	INDIFFERENT	2:24	a0ZqFtAjwGo	MPREb_RaYlf3Jyxp0	UCt0HPFD69YQaWSIVA_ZB62g
472	Fu-Gee-La	Fugees	Hip Hop 100 Hits - Urban rap & R n B anthems inc. Jay Z, A$ap Rocky, Wu-Tang Clan & Nas	INDIFFERENT	4:18	hbQWDkD99-w	MPREb_JoZP93qIb04	UCfybICpsMRaJ492ci9CFR3Q
423	Regulate	Fresh Beat MCs	90's Rap	INDIFFERENT	4:18	eADPjnyQXzo	MPREb_VXdLga9kbYS	UCIutZLbfjmTZg7-oYYdyCKw
192	Take Me Out	Franz Ferdinand	Take Me Out	INDIFFERENT	4:08	h_JR9kIw38U	MPREb_NHW2fi6EaBa	UC02hzkbqEtyTdwRUpNsUnlA
193	Ulysses	Franz Ferdinand	Tonight	INDIFFERENT	3:11	AuDvmOnt9vE	MPREb_jDWbn6lR030	UC02hzkbqEtyTdwRUpNsUnlA
191	I LOVE YOU	Frank Sinatra	Pop For You - Frank Sinatra	INDIFFERENT	1:15	QlAuw0IdUc4	MPREb_mVoNDoF0oYd	UC1zsfp3OD8qWQ0HfLbz2TXg
400	Pumped Up Kicks	Foster The People	Torches	INDIFFERENT	4:00	rnO-MflYxCw	MPREb_LbYPQZfrdLW	UCIzEvQ6PlJ9XxeDrT9jEBTA
190	Pass The Herb (feat. The Green & Marlon Asher)	Fortunate Youth	Reggae Dubs and Dabs - EP	INDIFFERENT	4:19	Ek1eOJk_Vu8	MPREb_63saxTZ2ZSN	UCashcWUiNRYEtMri7awnQgw
188	The Pretender	Foo Fighters	Greatest Hits	INDIFFERENT	4:28	ezRtSWOHQBo	MPREb_jXXSDeV1ivu	UCwDw2KaS8jRUxAPScL2U8og
187	Hocus Pocus (Extended Live)	Focus	Hocus Pocus World Cup 2010	INDIFFERENT	8:30	UzyijW2RWSE	MPREb_v7pv0ds6E6d	UCsJy-3kVxFKcDh83jbcJ-2Q
185	MVP (feat. Smokepurpp)	Flosstradamus	MVP	INDIFFERENT	2:25	6icFzkVvKxQ	MPREb_OdeKYnAuLTs	UCTMLYsyE2WmpfXikJlPhZHw
184	Rise	Flobots	Fight With Tools	INDIFFERENT	4:13	jKkvbFxlr9s	MPREb_sfGBZusgEYs	UCopxGX8e6MDNcquy11DMybg
183	Business Time	Flight of the Conchords	The Distant Future	INDIFFERENT	4:05	pie4igBlgww	MPREb_iK7JRmBvWgk	UC3WkWevH2Z52SF2JF6mhdTQ
182	Crave You (Version 2)	Flight Facilities	Crave You (Remixes)	INDIFFERENT	7:34	lQpWhxpM6s4	MPREb_cTLoUqquNCu	UC_C5okdXzTAzv6o92KOA6Bg
474	All Along the Watchtower	Flies on the Square Egg	A Rock Tribute to the Great Bands, Vol. 1	INDIFFERENT	4:04	JUb7ZT6OmuA	MPREb_wRTOB9Ngxxk	UCwuO_Fuc41hDK9eNlHLM3Kw
420	Reefer Madness (Original Mix)	Flat9	You Think It's Funny?	INDIFFERENT	4:27	thp9Uc4GQhw	MPREb_v8mMFemJY14	UCYB410GUvdfx6e532esjDtg
176	Right Here, Right Now (Friction One in the Jungle Remix)	Fatboy Slim	Right Here, Right Now (Friction One in the Jungle Remix)	INDIFFERENT	4:07	A6YyA5VXmbk	MPREb_POzHhI4qGCp	UCNekatqy_ys1SX8NfjpwixA
177	Weapon Of Choice	Fatboy Slim	Halfway Between The Gutter And The Stars	INDIFFERENT	5:46	yHirGDEUcWo	MPREb_0qpfL0zZFVU	UCNekatqy_ys1SX8NfjpwixA
181	Tadow	FKJ	Jazzy Chill: Sweet Jazzy Infused Tunes to Chill Out	INDIFFERENT	5:01	SENZBMIYzNI	MPREb_Eep1qWLvXSC	UCxcGxv-per5g7A9be800tQA
174	Smile	Eyedea & Abilities	By The Throat	INDIFFERENT	4:02	91CpLikWmsw	MPREb_VXrYk95up0E	UCGLgQaumm9su_vczmb3Wpqw
173	Moon Eclipsed the Sun	Evolfo	Last of the Acid Cowboys	INDIFFERENT	3:49	qmjSavy0sXY	MPREb_kFydjO5YbiG	UCDigniEwyXLzf3AjUdFoTiA
170	Powder Cocaine (feat. Slug & Catero)	Evidence	Weather or Not	INDIFFERENT	2:56	ROsAvVubRXM	MPREb_sFoK2WLte2A	UCx6rDjSKJDNj13CefDRYdwA
171	Throw It All Away	Evidence	Weather or Not	INDIFFERENT	2:57	2B-o_fSdyEg	MPREb_wX6lrTI1pro	UCx6rDjSKJDNj13CefDRYdwA
172	You	Evidence	RSE20: 20 Years of Rhymesayers Entertainment	INDIFFERENT	4:17	JiHFuw8j02o	MPREb_X4F0Dx1jCyo	UCx6rDjSKJDNj13CefDRYdwA
166	Bombay	El Guincho	Pop Negro	INDIFFERENT	3:40	_Adjr7ivwvs	MPREb_mdNVi72OxOI	UCCcu7hTVlMHCQaW33ZUyNqw
165	Shape of You	Ed Sheeran	Shape of You	INDIFFERENT	3:54	xTvyyoF_LZY	MPREb_Y8THSupSgRO	UClmXPfaYhXOYsNn_QUyheWQ
440	So Wat Cha Sayin'	EPMD	Old School Hip Hop	INDIFFERENT	4:57	P1lY_o71VHI	MPREb_odwVWQwoKCf	UCFXOZv-hMaWMFRR4uUj_ZYQ
510	Watermelon Man	Duke Ellington	The Masters of Jazz: 33 Best of Duke Ellington, Vol. 9	INDIFFERENT	2:39	nY6bdk394sg	MPREb_GxC4f3Zgi6I	UCvwUPRgFawNNBdQg497gHJw
398	Swimming	Dr. Jean Feldman	Happy Everything, Vol. 2	INDIFFERENT	1:28	8eIUc0W80UI	MPREb_0R8PXJPgqxv	UC1PEDojAwlzr81Wub-rEKyQ
161	The Message (Instrumental)	Dr. Dre	2001 Instrumental	INDIFFERENT	5:07	9cxMsln5Ig4	MPREb_JuZnEd7eoz9	UC1g7JmTw4Gv8W9YINg3M1FA
160	Kingdom Of Rust (Acoustic Version)	Doves	Kingdom Of Rust	INDIFFERENT	4:02	WWsZzJrsygE	MPREb_WFBxxGcoh7R	UCBx0DpQKQGzsYScPwwgPOeg
297	Killer Tofu (Extended Mix)	Doug & The Beets	Songs from Bluffington	INDIFFERENT	2:19	9LjytB1uK8M	MPREb_qBfX7TL17ss	UCEUOGH-d8LSuYy2vEGnnFAQ
363	Nibiru (Original Mix)	Dmitriy Osipov	Powerful Progressive Trance 2019	INDIFFERENT	4:42	-NVUnQWH2Rc	MPREb_kZcqFU0QqGO	UCHTR9ozwvLVwod-_71Hme2A
454	Sultans Of Swing	Dire Straits	The Best World Dance Music Vol. 2	INDIFFERENT	5:52	jaz3ARj0F9Q	MPREb_enu81rX3R9Y	UCA37MBUzQgLbUHoUQgl-p0g
158	You Can't Hide, You Can't Run	Dilated people	Once Upon a Time in 2006	INDIFFERENT	4:18	IkITSVVm02w	MPREb_8EWkRY0HVkn	UC7h8xdSBl3mlV_ueTRm-ztQ
157	Show Me The Way (Instrumental)	Dilated Peoples	Directors Of Photography (Instrumental Version)	INDIFFERENT	4:07	zWcieYHVXSE	MPREb_6s7KkagcQhA	UC7h8xdSBl3mlV_ueTRm-ztQ
156	Frontlines (feat. Immortal Technique)	Diabolic	Liar and a Thief	INDIFFERENT	4:21	t-oFb5bsE9U	MPREb_WlLYZxioMcp	UCe_1T7hYXDQuL6jgHP6N6Dw
154	Change Up	Derin Falana	Change Up	INDIFFERENT	2:00	5Gtfos7_5lA	MPREb_cb6pcfzrYE9	UCs0wxbehU15l7Yqha8nUY7A
152	3030	Deltron 3030	Once Upon a Time in 2000	INDIFFERENT	7:30	mGs2D6j20v0	MPREb_OZbOAuM8DZZ	UCJpHpgv_ZmWfiL-qzCZq8Nw
153	Positive Contact	Deltron 3030	Deltron 3030 - The Instrumentals	INDIFFERENT	4:54	WYNpcwoYxdw	MPREb_3ktqBEivUt2	UCJpHpgv_ZmWfiL-qzCZq8Nw
151	Change (In The House Of Flies)	Deftones	White Pony	INDIFFERENT	5:00	hzRltUL5M3k	MPREb_tdKpHxZ4C9Z	UCXQtyZ6gWbOYR5B8Sc2sr3g
149	Subterraneans (1999 Remaster)	David Bowie	All Saints	INDIFFERENT	5:42	N6PUDkHgQ0g	MPREb_XR0VK7V5LGA	UCvY1eVE6lTebXsdFbbXUtkQ
150	Blackstar	David Bowie	Blackstar	INDIFFERENT	9:58	Tc_zFfUkvsA	MPREb_ev11fQuB0Z1	UCvY1eVE6lTebXsdFbbXUtkQ
453	Sue (Or In a Season of Crime)	David Bowie	Blackstar	INDIFFERENT	4:41	PkQ-cZkknHg	MPREb_ev11fQuB0Z1	UCvY1eVE6lTebXsdFbbXUtkQ
148	Take Five	Dave Brubeck	Dave Brubeck's Greatest Hits	INDIFFERENT	5:25	LM-tJIYmHLk	MPREb_a2vxW7gKwvk	UCMBevFAp40kVlvIcOvzv5Bw
388	Photographs (You Are Taking Now)	Damon Albarn	Everyday Robots	INDIFFERENT	4:44	KFvcLnUxQ44	MPREb_UJINee2W2Hl	UCW-2jeHSUVkobsiVJBJ6PXg
473	The History of a Cheating Heart	Damon Albarn	Everyday Robots	INDIFFERENT	4:01	Szain19hqks	MPREb_UJINee2W2Hl	UCW-2jeHSUVkobsiVJBJ6PXg
144	One More Time (Radio Edit)	Daft Punk	Musique, Vol. 1	INDIFFERENT	3:56	jwokh_tPcVY	MPREb_ZPoXVFnedOB	UCRr1xG_2WIDs18a6cIiCxeA
145	Veridis Quo	Daft Punk	Something About Us (Love Theme From Interstella)	INDIFFERENT	5:45	qe8Q7mjxjig	MPREb_DYSzDJvUSDu	UCRr1xG_2WIDs18a6cIiCxeA
141	Hits from the Bong (Live)	Cypress Hill	Live At The Fillmore	INDIFFERENT	2:53	u8ogljl4wR4	MPREb_e1v1zMQ0JNo	UCcxp6abw1T9DmxzFIWLAz4g
139	Die for You (feat. Mr. SOS)	CunninLynguists	Strange Journey Volume One	INDIFFERENT	3:51	Dq3gJYvz3Fs	MPREb_jQTqoLvWLSH	UCOX1Au3bxs_9IusLewB8V4g
348	Mr. W	Culver City Dub Collective	Dos	INDIFFERENT	4:27	7q_XuWJSn0Y	MPREb_ajTb38PP4kI	UCnA7fGriXvIcm7VVEqy-e5g
294	Embrace the Martian (feat. Kid Cudi)	Crookers	What up Y'all	INDIFFERENT	3:37	59npwVpFJFI	MPREb_EYBWlq2BN5d	UCSy20dB0-q7wSIgbbiRpVgw
137	Riders On The Storm	Creed	With Arms Wide Open: A Retrospective	INDIFFERENT	6:18	fJs1P2iKDLs	MPREb_fNZ95a7ETIt	UCU5EMBTzSO9gg6p4NFu2tWw
135	Mr. Jones	Counting Crows	August And Everything After	INDIFFERENT	4:32	x_dtKRzbCTU	MPREb_lnvHOcSuTTw	UCZyvQjTvS_1fiCaz-cU9luA
133	Data Kiss	Com Truise	In Decay	INDIFFERENT	4:07	nLXRnepR8GM	MPREb_xQiVi5QKB47	UC3G1cV92stSGOy4cLgXmgJQ
132	Love Ya, Ya Know (Nameless Bonus Beats)	Clear Soul Forces	BPSWR	INDIFFERENT	1:26	PSFMkxX7380	MPREb_02NA4OA819U	UCFOiLV3ovuU3-Fu6DAfcp1g
131	Twist Again (La La La)	Chris Webby	Wednesday	INDIFFERENT	4:20	uhFQ46Toaoo	MPREb_zLIs5iSSCuN	UCyIbw1blWNEzEN62sS9n-YA
263	Intermission Time	Chris Rodrigues & Abby the Spoon Lady	Working on Wall Street	INDIFFERENT	1:24	dwV0PqCjS7U	MPREb_YLYDVcxMAmF	UCyDUovk7Er_0N43ZbNyyeSg
126	Baby Boy	Childish Gambino	"""Awaken, My Love!"""	INDIFFERENT	6:22	pWqcT4janvw	MPREb_8nqy1Vb9Oew	UC4hvOh5lgkeAJoVRIg40Kgg
127	Feels Like Summer	Childish Gambino	Summer Pack	INDIFFERENT	4:58	mZVO1CubDIo	MPREb_6gxNzJSQzpW	UC4hvOh5lgkeAJoVRIg40Kgg
128	Sober	Childish Gambino	Kauai	INDIFFERENT	4:12	xRD8Ws27_yw	MPREb_EB5pEN61teA	UC4hvOh5lgkeAJoVRIg40Kgg
125	Gold (Flume Re-Work)	Chet Faker	Gold (Flume Re-Work)	INDIFFERENT	4:27	7GKwQSkKigA	MPREb_tfTPbqgtLer	UCx8dU29pXIWbHA4PjGHmLKA
178	Does It Feel	Charlie Puth	Nine Track Mind (Deluxe Edition)	INDIFFERENT	3:39	xfxmIgClTWk	MPREb_dAnCkFsYh4g	UCQ-ygxSFSlq-O2zGnXxELXQ
123	Blown	Charles X & Dale Doss	Blown	INDIFFERENT	3:01	Pb5Bg9Z41BQ	MPREb_bP4SlXFLvs1	UCT1W3fCCkBj8ix28C5t2e9A
121	Lost (feat. Noname)	Chance the Rapper	Acid Rap	INDIFFERENT	3:04	89RgkWOsn18	MPREb_uv8XyAbwRKY	UC5w8FMeCcC6DG2oWjGgyHKQ
122	Pusha Man (feat. Nate Fox)	Chance the Rapper	Acid Rap	INDIFFERENT	2:19	1XWP4kzEBu8	MPREb_uv8XyAbwRKY	UC5w8FMeCcC6DG2oWjGgyHKQ
120	Comin' Thru	Chali 2na	Fish Outta Water	INDIFFERENT	3:30	lZgnbR0FpiQ	MPREb_wGdE7JW7BhL	UCWtZ7gm-OXWEf7JuzFJgyQA
118	My Best Friend	Cat Friends Care	Zen Cat Music - Pet Therapy Soothing Tracks for Animals and Owners, Best Feline Relaxation Collection	INDIFFERENT	4:09	XSJkzoN2N88	MPREb_lhOjxi74osM	UCsvj4KFYsqHHmLb0F4Prx9A
117	Overtime (feat. Sebastian Reynoso & KYLE)	Carnage	Battered Bruised & Bloody	INDIFFERENT	3:07	B6Lk7Nua1c8	MPREb_wI4j4ZGwCHs	UCYd7WPiRCsOxzz5HEKzzLxw
116	Lone Digger	Caravan Palace	Lone Digger	INDIFFERENT	3:50	lM1kp-uIUxY	MPREb_6RAPcOipUWh	UCsTrW47mJCkgGMM1PzP2FlA
115	Slow Down	Cam Meekins	1993, Vol. 2	INDIFFERENT	4:01	AFIHpPWSNXs	MPREb_D45ORkAFkEZ	UC8BWSV048F41Kt4Ufxd_wlg
114	Summer	Calvin Harris	Happiness Forever	INDIFFERENT	3:43	QvN9FIt2E6U	MPREb_floaJnPo98s	UCZ0Aezmtk-S2l8A9Ln-2lKw
113	Wonderland	Cal Scruby	Wonderland	INDIFFERENT	2:41	rcxa-F98xu0	MPREb_9TrSacv95zt	UCH1dmTrJFkI-P4IAQNWQcKg
13	Ain't No Rest for the Wicked (Unpeeled)	Cage The Elephant	Unpeeled	INDIFFERENT	3:00	6bQm1ZA1gfY	MPREb_SB6k4wKcKNu	UCU3rXoHt2bCYbpV3s_sJlgw
134	Phone Light Up	COTIS	WAIT!	INDIFFERENT	3:15	TWwQnppIIQ8	MPREb_W5IkSOVnuta	UCStwxAKdyn5a-0CE2xCXbEg
112	Chicken in the Corn (Live)	Brushy One String	Live at New Orleans Jazz & Heritage Festival	INDIFFERENT	1:51	PH60nr01MzU	MPREb_x9gNg7X457g	UCgRtD13m8CrnnzJ-UDhZZDA
17	All The Beauty In This Whole Life	Brother Ali	All The Beauty In This Whole Life	INDIFFERENT	4:47	F1N0aJFPWMc	MPREb_6x05iS1MFFO	UC4l3e_qSEc88LyNf1o6N_TQ
107	Babygirl	Brother Ali	Us	INDIFFERENT	4:35	4g3UOjzUQEk	MPREb_LRbC6WvUZai	UC4l3e_qSEc88LyNf1o6N_TQ
108	Singing This Song	Brother Ali	Mourning In America And Dreaming In Color	INDIFFERENT	4:22	AIwqOfd_rqk	MPREb_mZPYL3ZTh5L	UC4l3e_qSEc88LyNf1o6N_TQ
109	Shine On (feat. Nikki Jean)	Brother Ali	The Bite Marked Heart	INDIFFERENT	4:11	cF07nWbnIE0	MPREb_BKpyJv2kpg1	UC4l3e_qSEc88LyNf1o6N_TQ
110	Walking Away	Brother Ali	The Undisputed Truth	INDIFFERENT	3:58	uu2nWM0FrUY	MPREb_qshoxSarZRL	UC4l3e_qSEc88LyNf1o6N_TQ
111	Uncle Sam Goddamn	Brother Ali	RSE20: 20 Years of Rhymesayers Entertainment	INDIFFERENT	4:57	hAJbUpYZpvY	MPREb_X4F0Dx1jCyo	UC4l3e_qSEc88LyNf1o6N_TQ
106	The High Road	Broken Bells	Coffeehouse Classics Vol. 1	INDIFFERENT	3:53	SmVSqXKdb1Y	MPREb_FSe3qU0NGS1	UCHEURKSdC-GByFdgBGtNDfQ
101	Is This Love (Montmartre Remix)	Bob Marley	Is This Love (Montmartre Remix)	INDIFFERENT	4:29	RuaySQfF0z8	MPREb_REsRSwdZ6kl	UCBfv87kvVXyNi88URZ1zvCA
567	Satellite Anthem Icarus	Boards of Canada	The Campfire Headphase	INDIFFERENT	6:05	qAVM8vQGQxI	MPREb_HDasNJ79Pyz	UCidyEq0ZC6rcqZmwKt_g_2g
100	For Tomorrow (Visit to Primrose Hill Extended)	Blur	Blur: The Best Of	INDIFFERENT	6:02	y_uabGPwsnA	MPREb_Rnn4AjAndmP	UCI3EFb2lvZyBMykNd64JDhg
168	Sweet Dreams (Are Made of This)	Blue Fashion	Tubes vs reprises, Vol. 2	INDIFFERENT	3:43	AGV_mNueOWM	MPREb_OA9jcLTvJxp	UCWsih21IKgNYaURXEBa9xzw
98	Remember Me (Deep Zone Mix)	Blue Boy	Remember Me	INDIFFERENT	7:30	G5ylmXFNvss	MPREb_IxqKqw9Ou1H	UCMHkyLPNE-vIz9oE4ZZcXmQ
429	Samson Gets Me Lifted	Blood Like Wine.	Crude Language	INDIFFERENT	3:29	y-0Pm6ykaKQ	MPREb_oXcv3kyBi7M	UCDi4Kig1B-THnsZdlNOZOWQ
97	Forever Heavy (Shoegangster / JB Remix)	Black Moth Super Rainbow	Pretty Swell Explode	INDIFFERENT	4:08	PIssSo9b0gY	MPREb_8wEHCPQxq5q	UCKaCe0uDVvefgJblhZ0uL6A
93	Ain't No Sunshine (Single Version)	Bill Withers	Lean on Me: The Best of Bill Withers	INDIFFERENT	2:05	5PeyzXvvdmw	MPREb_XSkhzvPNUge	UCDjpW6k2Sfg_FTr1toLvffQ
91	Lucky Charm	Big Baby Scumbag	Lucky Charm	INDIFFERENT	2:20	k4ldG90JvtA	MPREb_RDq737Klb0G	UCxrN_u8KpI8kbd2tcSfqTKw
249	Heyyeyaaeyaaaeyaeyaa	Beesly	Heyyeyaaeyaaaeyaeyaa	INDIFFERENT	3:03	tAiUyPPfq_Y	MPREb_7PCo1yFL0Lw	UCKe_05TNg27JuC6X7ynxipQ
90	So What'Cha Want	Beastie Boys	Once Upon A Time in 92	INDIFFERENT	3:37	iLwicUzXpUE	MPREb_vzJS3mgZINN	UCe6E2f1FNQZ0XuCJ4GlONwQ
94	Reality Check (feat. Senim Silla & One Be Lo)	BINARY STAR	Masters of the Universe	INDIFFERENT	4:01	0dwfBFBBLOQ	MPREb_AdBN9UyCGJV	UCQXIqcta3nrvPaE2mYebfrw
59	Arthur's Song	Atmosphere	Southsiders (Deluxe Version)	INDIFFERENT	3:22	rKa-0ZLE8LQ	MPREb_JQEJhXgbua1	UCdjemvPRcetrtbhgOIcZHRg
60	Between The Lines	Atmosphere	Lucy Ford: The Atmosphere EP's	INDIFFERENT	5:19	OBUbOZy-ie4	MPREb_rfbX0zm27iJ	UCdjemvPRcetrtbhgOIcZHRg
61	Bitter	Atmosphere	Southsiders (Deluxe Version)	INDIFFERENT	4:20	aH0l4cU0Ivc	MPREb_JQEJhXgbua1	UCdjemvPRcetrtbhgOIcZHRg
62	Camera Thief	Atmosphere	Southsiders	INDIFFERENT	4:45	dfi0DP1-XKU	MPREb_pJazEnA4cJJ	UCdjemvPRcetrtbhgOIcZHRg
63	Delicate (Instrumental)	Atmosphere	Mi Vida Local (Instrumental Version)	INDIFFERENT	5:05	hxNfHXCWtw0	MPREb_Klum7m0vrj8	UCdjemvPRcetrtbhgOIcZHRg
64	Don't Forget	Atmosphere	Sad Clown Bad Year (#9-#12 Collection)	INDIFFERENT	3:47	tPsUhbCPUnk	MPREb_XPenOzwCVI5	UCdjemvPRcetrtbhgOIcZHRg
65	Flicker	Atmosphere	Southsiders (Deluxe Version)	INDIFFERENT	4:46	Xavyuq4gKKk	MPREb_JQEJhXgbua1	UCdjemvPRcetrtbhgOIcZHRg
66	Fortunate	Atmosphere	Southsiders (Deluxe Version)	INDIFFERENT	3:37	sFkxtUQrTZo	MPREb_JQEJhXgbua1	UCdjemvPRcetrtbhgOIcZHRg
67	Freefallin'	Atmosphere	To All My Friends, Blood Makes The Blade Holy: The Atmosphere EP's	INDIFFERENT	4:09	gR-ZFdcx8AQ	MPREb_lR2Zd2G09WZ	UCdjemvPRcetrtbhgOIcZHRg
68	Guarantees	Atmosphere	When Life Gives You Lemons, You Paint That Shit Gold	INDIFFERENT	4:32	hflXLMHNikA	MPREb_A1hKfdK4WCS	UCdjemvPRcetrtbhgOIcZHRg
69	January On Lake Street (Instrumental)	Atmosphere	Southsiders (Instrumental Version)	INDIFFERENT	3:53	BK-jOZ6SqNg	MPREb_j3SFHtmIZHC	UCdjemvPRcetrtbhgOIcZHRg
70	Modern Man's Hustle	Atmosphere	RSE20: 20 Years of Rhymesayers Entertainment	INDIFFERENT	3:45	LKCtbS3iql4	MPREb_X4F0Dx1jCyo	UCdjemvPRcetrtbhgOIcZHRg
71	Next To You (feat. deM atlaS)	Atmosphere	Fishing Blues	INDIFFERENT	4:18	GmHzgd8bGQQ	MPREb_ho63r8hb96I	UCdjemvPRcetrtbhgOIcZHRg
72	Scapegoat	Atmosphere	Overcast! (20 Year Anniversary Remaster)	INDIFFERENT	3:53	40Tf6DYKNHc	MPREb_MeUuQMgD3dm	UCdjemvPRcetrtbhgOIcZHRg
73	Sunshine	Atmosphere	RSE20: 20 Years of Rhymesayers Entertainment	INDIFFERENT	3:36	3FbWfiR76qk	MPREb_X4F0Dx1jCyo	UCdjemvPRcetrtbhgOIcZHRg
74	The Best Day	Atmosphere	To All My Friends, Blood Makes The Blade Holy: The Atmosphere EP's	INDIFFERENT	3:36	tQFZGYil86s	MPREb_wITIHuxfNYB	UCdjemvPRcetrtbhgOIcZHRg
75	The Last to Say	Atmosphere	The Family Sign (Deluxe Edition)	INDIFFERENT	4:16	NQ_-fFStIq4	MPREb_umBpKap25MN	UCdjemvPRcetrtbhgOIcZHRg
76	The Loser Wins	Atmosphere	To All My Friends, Blood Makes The Blade Holy: The Atmosphere EP's	INDIFFERENT	3:36	ryNdFjCSQdQ	MPREb_wITIHuxfNYB	UCdjemvPRcetrtbhgOIcZHRg
77	The Woman with the Tattooed Hands	Atmosphere	Lucy Ford: The Atmosphere EP's	INDIFFERENT	3:30	BbyE-ZeImQg	MPREb_rfbX0zm27iJ	UCdjemvPRcetrtbhgOIcZHRg
78	This Lonely Rose (feat. Blueprint & Aesop Rock)	Atmosphere	This Lonely Rose	INDIFFERENT	4:09	vIFkhjk4pdw	MPREb_dTK8L5PBJOd	UCdjemvPRcetrtbhgOIcZHRg
79	Trying To Find A Balance	Atmosphere	Seven's Travels (10 Year Anniversary Edition)	INDIFFERENT	4:18	ttKzEo8KPjE	MPREb_QjBtA4WWVDQ	UCdjemvPRcetrtbhgOIcZHRg
80	We Ain't Gonna Die Today (Instrumental)	Atmosphere	Southsiders (Instrumental Version)	INDIFFERENT	3:40	Vm7yKpO7Uj0	MPREb_j3SFHtmIZHC	UCdjemvPRcetrtbhgOIcZHRg
82	Chasing New York (feat. Aesop Rock)	Atmosphere	Fishing Blues	INDIFFERENT	3:24	fnzsow2MUOY	MPREb_s7BNyTwu2pS	UCdjemvPRcetrtbhgOIcZHRg
83	Guns and Cigarettes	Atmosphere	RSE20: 20 Years of Rhymesayers Entertainment	INDIFFERENT	4:21	6KoBVQHtN2E	MPREb_X4F0Dx1jCyo	UCdjemvPRcetrtbhgOIcZHRg
84	GodLovesUgly	Atmosphere	God Loves Ugly	INDIFFERENT	3:51	er6oz-yP8d4	MPREb_rImI2HnamMg	UCdjemvPRcetrtbhgOIcZHRg
85	Puppets	Atmosphere	When Life Gives You Lemons, You Paint That Shit Gold	INDIFFERENT	3:41	pZyHxqgfxks	MPREb_A1hKfdK4WCS	UCdjemvPRcetrtbhgOIcZHRg
86	Lovelife	Atmosphere	God Loves Ugly	INDIFFERENT	3:34	vm1fgOKUzA0	MPREb_rImI2HnamMg	UCdjemvPRcetrtbhgOIcZHRg
246	Happymess	Atmosphere	Sad Clown Bad Year (#9-#12 Collection)	INDIFFERENT	3:40	hFO2S6lcow8	MPREb_XPenOzwCVI5	UCdjemvPRcetrtbhgOIcZHRg
311	Little Man	Atmosphere	You Can't Imagine How Much Fun We're Having	INDIFFERENT	4:15	wf7Z8hWf8d0	MPREb_blf03JSGopq	UCdjemvPRcetrtbhgOIcZHRg
552	Don't Ever F*****g Question That	Atmosphere	Once Upon a Time in 2001	INDIFFERENT	4:18	wyYzSOU8qO0	MPREb_aJttzk05Oo6	UCdjemvPRcetrtbhgOIcZHRg
553	Sound Is Vibration	Atmosphere	Overcast! (20 Year Anniversary Remaster)	INDIFFERENT	3:57	gOVAccTkxrs	MPREb_MeUuQMgD3dm	UCdjemvPRcetrtbhgOIcZHRg
555	Your Glass House	Atmosphere	When Life Gives You Lemons, You Paint That Shit Gold	INDIFFERENT	3:58	p8y7cUj56LM	MPREb_A1hKfdK4WCS	UCdjemvPRcetrtbhgOIcZHRg
556	In Her Music Box	Atmosphere	When Life Gives You Lemons, You Paint That Shit Gold	INDIFFERENT	4:20	_R5wX4Do_cU	MPREb_A1hKfdK4WCS	UCdjemvPRcetrtbhgOIcZHRg
557	Smart Went Crazy	Atmosphere	RSE20: 20 Years of Rhymesayers Entertainment	INDIFFERENT	3:38	u46W9V6eSdA	MPREb_X4F0Dx1jCyo	UCdjemvPRcetrtbhgOIcZHRg
278	Seven (feat. Planetary, Chief Kamachi, King Syze & Reef The Lost Cauze)	Army of the Pharaohs	Jedi Mind Tricks Presents the Best of Army of the Pharaohs	INDIFFERENT	6:15	rXtK1OkXZrA	MPREb_V6JqTicTRYx	UCAUHwekgb253ey4BuspDSMg
58	casablanco freestyle (feat. Sango)	Armani White	casablanco freestyle	INDIFFERENT	2:35	5w-QhsfCt5U	MPREb_Z3PwlsNO2hB	UChx3Pzruo8Zq_-pHBjNhZ0g
57	Why'd You Only Call Me When You're High?	Arctic Monkeys	AM	INDIFFERENT	2:41	VsxlqmSDmBU	MPREb_m7saomf2NFN	UC8Yu1_yfN5qPh601Y4btsYw
194	Freedom	Anthony Hamilton	Quentin Tarantino’s Django Unchained Original Motion Picture Soundtrack	INDIFFERENT	0:57	gmzWwmy8K_4	MPREb_l3VfyucEaLy	UCKgL_VoVRvXIKSmWc6Nfldw
55	Pastirček	Ansambel bratov Avsenik	40 let, 40 hitov 1	INDIFFERENT	3:15	sCRClOVyNyY	MPREb_fdwtFd0h7pw	UCdrxJ8LTjaClDqOrmUKeFXw
54	Rxdical Forever	Anonymuz	There Is No Threat	INDIFFERENT	2:24	91NmR92nypY	MPREb_LtdcMlVL5eS	UCtu-J-vHcTOTyZMcfWaueyA
53	Brother Sport (Live)	Animal Collective	Live at 9:30	INDIFFERENT	11:00	-4IGrpP9_3I	MPREb_btlp1GJcB2K	UC6X5Baxp63Ex9NaLZwAy7lQ
52	A Nervous Tic Motion of the Head to the Left	Andrew Bird	Fingerlings 3	INDIFFERENT	5:11	ijQc6sY7kdc	MPREb_gArnSHRa4A6	UCWWyLppgObl9xS8wdSpiv8Q
50	Campfire (feat. Injury Reserve)	Aminé	Campfire	INDIFFERENT	2:16	Hmo-yLhAbhg	MPREb_nvKnRVW5mWF	UCoKiKscYu7yf_FMQbKWI_Ww
20	3WW [OTG Version] (feat. Little Simz)	Alt-J	3WW [OTG Version]	INDIFFERENT	5:07	3jv4lmTuhCI	MPREb_ZMv7IzK3XrD	UCyzh4EnNuEO3Jk_mlXJCIag
23	Arrival In Nara	Alt-J	This Is All Yours	INDIFFERENT	4:13	EiF7EHgJOgg	MPREb_AxizdsNIzNI	UCyzh4EnNuEO3Jk_mlXJCIag
24	Bloodflood pt. II	Alt-J	This Is All Yours	INDIFFERENT	5:19	ywcKto-EBRc	MPREb_AxizdsNIzNI	UCyzh4EnNuEO3Jk_mlXJCIag
29	Deadcrush (Spike Stent Mix)	Alt-J	Deadcrush (Spike Stent Mix)	INDIFFERENT	2:44	evONxf3eHnQ	MPREb_WI6A71fm8uq	UCyzh4EnNuEO3Jk_mlXJCIag
31	Every Other Freckle	Alt-J	This Is All Yours	INDIFFERENT	3:36	nFpony4SvZ8	MPREb_AxizdsNIzNI	UCyzh4EnNuEO3Jk_mlXJCIag
32	Garden Of England - Interlude	Alt-J	This Is All Yours	INDIFFERENT	1:07	Jp3Ph_Nkp2o	MPREb_AxizdsNIzNI	UCyzh4EnNuEO3Jk_mlXJCIag
35	House of the Rising Sun (feat. Tuka)	Alt-J	REDUXER	INDIFFERENT	4:53	3PV5btLdlDo	MPREb_N6Ri0Tlb7pC	UCyzh4EnNuEO3Jk_mlXJCIag
39	Intro	Alt-J	This Is All Yours	INDIFFERENT	4:38	Sl9kLOie_-s	MPREb_AxizdsNIzNI	UCyzh4EnNuEO3Jk_mlXJCIag
41	Leaving Nara	Alt-J	This Is All Yours	INDIFFERENT	3:00	VxBn9F9bRxY	MPREb_AxizdsNIzNI	UCyzh4EnNuEO3Jk_mlXJCIag
42	Left Hand Free	Alt-J	This Is All Yours	INDIFFERENT	2:53	vGIAO5Uz1Us	MPREb_AxizdsNIzNI	UCyzh4EnNuEO3Jk_mlXJCIag
43	Nara	Alt-J	This Is All Yours	INDIFFERENT	4:56	VcOkFGUXvlg	MPREb_AxizdsNIzNI	UCyzh4EnNuEO3Jk_mlXJCIag
45	Pleader [Mr. Jukes Remix] (feat. The Age of L.U.N.A)	Alt-J	Pleader (feat. The Age of L.U.N.A) [Mr. Jukes Remix]	INDIFFERENT	3:32	RQyTkbkhUhs	MPREb_YEL5l7T32m2	UCyzh4EnNuEO3Jk_mlXJCIag
46	Pusher	Alt-J	This Is All Yours	INDIFFERENT	3:29	ByrJUpdvyB4	MPREb_AxizdsNIzNI	UCyzh4EnNuEO3Jk_mlXJCIag
47	The Gospel of John Hurt	Alt-J	This Is All Yours	INDIFFERENT	5:15	Wh2sfsOcI-s	MPREb_AxizdsNIzNI	UCyzh4EnNuEO3Jk_mlXJCIag
48	Warm Foothills	Alt-J	This Is All Yours	INDIFFERENT	3:45	rqonFckPGRg	MPREb_AxizdsNIzNI	UCyzh4EnNuEO3Jk_mlXJCIag
16	Smooth Criminal (Re-Recorded)	Alien Ant Farm	No.1 Urban Hits	INDIFFERENT	3:31	8HtUQQnjPTY	MPREb_sQrXMdJllKk	UCuTUGh1EP7w6i9M07Ab-afg
14	Wassup (feat. S'natra & MadeinTYO)	Alexander Lewis	Wassup (feat. MadeinTYO & S’natra)	INDIFFERENT	2:39	VfQQIRg8XkY	MPREb_qybdr4GcrFG	UChZOClnaxcaUuPyM7tSWfKQ
325	Luff (feat. Vespa)	Ag Two Tone	Keith	INDIFFERENT	3:15	HH0BrkYCqM8	MPREb_KibT9KjSjZh	UCQwlF3ta5dKZlsZX-ffSS_w
12	Because I Got High (The Positive Remix) (Bonus Track)	Afroman	One Hit Wonder - EP	INDIFFERENT	4:04	elbV0UKPsJ0	MPREb_bxFNhD2woCe	UCCmXLFP8Hvdu2Gjhfg2589g
8	Citronella	Aesop Rock	None Shall Pass (Bonus Edition)	INDIFFERENT	4:53	5CspZOEAbbI	MPREb_Votg6FxFYQS	UCy7EBgGtHw6fHlAfc5bPAHA
10	Babies With Guns	Aesop Rock	Bazooka Tooth	INDIFFERENT	5:07	EdvD3_9HeXE	MPREb_H1MGJvjIcBJ	UCy7EBgGtHw6fHlAfc5bPAHA
11	Night Light	Aesop Rock	Daylight	INDIFFERENT	4:16	bFEIwTlwNcI	MPREb_d8WKHjHKUAM	UCy7EBgGtHw6fHlAfc5bPAHA
7	Call Me Up	Adrian Stresow	I'll Explain Later	INDIFFERENT	3:27	2O47eqJtNd4	MPREb_l2Ic4uAzDUM	UCXz_Jq5uU7e6pot06eakPgQ
5	Uber	Ace Hood	Uber	INDIFFERENT	3:28	Sbd7_WQqxwc	MPREb_IFsrKFq81U4	UCmYWIsUPiKAcAYi-r9ptbGQ
4	A Single Second	AFI	Shut Your Mouth And Open Your Eyes	INDIFFERENT	2:12	Qu4xF2_Z1uo	MPREb_I7sKK0PspZI	UCqFzh-dVF0FQNzle4tHB9IA
6	Back In Black (Live FM Broadcas Remastered) (FM Broadcast Reunion Arena, Dallas TX 12th October 1985 Remastered)	AC/DC	Legendary FM Broadcasts - Reunion Arena. Dallas TX 12th October 1985	INDIFFERENT	3:50	I7JTazytob8	MPREb_Lpb1u4Y4dzA	UCVm4YdI3hobkwsHTTOMVJKg
147	Tuna Melt (Grandtheft Remix)	A-Trak	Onelove: BASS TRAP (2013)	INDIFFERENT	3:15	225bf6GIUb0	MPREb_ljKAFB0iD0T	UCOhm_lxrMoito61Ov16sumQ
350	Funeral for a Killer (Instrumental)	9th Wonder & Murs	The Final Adventure (Instrumentals)	INDIFFERENT	4:13	Xc1NJna0iW4	MPREb_yZ9lduIMqHd	UC1yfRGaTm0iHzf56p8fwn3Q
445	Stay Up! (Viagra) (feat. Kanye West)	88 Keys	The Death Of Adam	INDIFFERENT	3:10	0ccMOk4EsIc	MPREb_dupTTryaLi5	UCOJsKMremRcB07hbAn017PA
105	Broke(n)	$uicideboy$	Grey Sheep	INDIFFERENT	2:14	6d_IWn_HeRM	MPREb_JlqxID2Igkf	UC0PsqWsDU7JJKqztI8V6spA
367	Smells Like Nirvana	"""Weird Al"" Yankovic"	Off The Deep End	INDIFFERENT	3:44	RL8NQDBf2Xk	MPREb_prfwzRmSDdl	UCa4LILjjT1YCeo5Xg9rQTMQ
504	A Walk	Tycho	Transmissions: The Echoes Living Room Concerts, Vol. 19		4:01	cJXCNLMcGdg		
482	You Got Me	The Roots	Best Of		4:21	prEEhOH-lo8		
327	Sick Ross	Macca Wiles	Sick Ross		2:35	oa5i7B1pPoo		
239	Lightspeed (Instrumental Version)	Grieves	Lightspeed [Instrumental Version]		3:53	pNCg0Ic_gNg		
186	Drop the Game	Flume & Chet Faker	Uncharted Sounds			yJPsvKfVBAI		
603	Electric Avenue (Rerecorded)	Eddie Grant	Años 2000 Vol. 18		3:10	3DEDVOM7KMc		
487	Starboy ft. Daft Punk (DJ Ronny Remix)	Daft Punk	LBDJS Volume 6		6:36	pam0uMovSEI		
253	Discovery	DJ ALEXEY KAPITONOWWW	Dubstep			0sLB1RhCyp8		
428	Sail (Borgore Pop the Sweating I'm Sailing Remix)	AWOLNATION	Megalithic Symphony Deluxe			ApV1W0Rfc24		
