title	artist	album	likeStatus	videoId	albumId	artistId	playlists
Y the Quale and Vaguely Bird Noisily Enjoying Their Forbidden Tryst/I'd Be a Yellow Feathered Loon	of Montreal	The Gay Parade	LIKE	ASAuDDd5q28	MPREb_7t8SFl0i3qw	UCTc-gLB4Gy6BxJhMAYZ6m4A	y 1990s late top
Tulip Baroo	of Montreal	The Gay Parade	LIKE	zGoXTt5z7VU	MPREb_7t8SFl0i3qw	UCTc-gLB4Gy6BxJhMAYZ6m4A	y 1990s late top
The Autobiographical Grandpa	of Montreal	The Gay Parade	LIKE	RgohL8sjolk	MPREb_7t8SFl0i3qw	UCTc-gLB4Gy6BxJhMAYZ6m4A	y 1990s late top
Neat Little Domestic Life	of Montreal	The Gay Parade	LIKE	c-d8Q4PcLUQ	MPREb_7t8SFl0i3qw	UCTc-gLB4Gy6BxJhMAYZ6m4A	y 1990s late top
My Friend Will Be Me	of Montreal	The Gay Parade	LIKE	njjYiKfjF_w	MPREb_7t8SFl0i3qw	UCTc-gLB4Gy6BxJhMAYZ6m4A	y 1990s late top
Advice From a Divorced Gentleman to His Bachelor Friend Considering Marriage	of Montreal	The Gay Parade	LIKE	wzt3Ae0Uy_8	MPREb_7t8SFl0i3qw	UCTc-gLB4Gy6BxJhMAYZ6m4A	y 1990s late top
A Man's Life Flashing Before His Eyes While He and His Wife Drive Off a Cliff into the Ocean	of Montreal	The Gay Parade	LIKE	omWtX-T5iQ4	MPREb_7t8SFl0i3qw	UCTc-gLB4Gy6BxJhMAYZ6m4A	y 1990s late top
A Collection of Poems About Water	of Montreal	The Gay Parade	LIKE	Hl8uNpmB2hE	MPREb_7t8SFl0i3qw	UCTc-gLB4Gy6BxJhMAYZ6m4A	y 1990s late top
Sleeping in the Beetle Bug	of Montreal	Cherry Peel	LIKE	MRqXHZG79ew	MPREb_0njyrQUij8q	UCTc-gLB4Gy6BxJhMAYZ6m4A	y 1990s late top
Everything Disappears When You Come Around	of Montreal	Cherry Peel	LIKE	f1hnv8k5A7I	MPREb_0njyrQUij8q	UCTc-gLB4Gy6BxJhMAYZ6m4A	y 1990s late top
All The Small Things	blink-182	Enema Of The State	LIKE	5_PBNZXlzp0	MPREb_JFruwWgHrSE	UCo23ROZAe-BZYHpzBu9630Q	y 1990s late top
Adam's Song	blink-182	Enema Of The State	LIKE	SB3wAJjJP6c	MPREb_JFruwWgHrSE	UCo23ROZAe-BZYHpzBu9630Q	y 1990s late top
We're an American Band	Yo La Tengo	I Can Hear The Heart Beating As One	LIKE	ZCIVAbMw_Ds	MPREb_pjgfqa6nbLu	UCz5bvM-t9ynI48T0u195y2A	y 1990s late top
Sugarcube	Yo La Tengo	I Can Hear The Heart Beating As One	LIKE	_1Dwa68U5os	MPREb_pjgfqa6nbLu	UCz5bvM-t9ynI48T0u195y2A	y 1990s late top
Stockholm Syndrome	Yo La Tengo	I Can Hear The Heart Beating As One	LIKE	n1Ee8wLFX0g	MPREb_pjgfqa6nbLu	UCz5bvM-t9ynI48T0u195y2A	y 1990s late top
Return to Hot Chicken	Yo La Tengo	I Can Hear The Heart Beating As One	LIKE	Jp1MDdMDCno	MPREb_pjgfqa6nbLu	UCz5bvM-t9ynI48T0u195y2A	y 1990s late top
Moby Octopad	Yo La Tengo	I Can Hear The Heart Beating As One	LIKE	oz-7b3szu0I	MPREb_pjgfqa6nbLu	UCz5bvM-t9ynI48T0u195y2A	y 1990s late top
Green Arrow	Yo La Tengo	I Can Hear The Heart Beating As One	LIKE	829Lks-mD-c	MPREb_pjgfqa6nbLu	UCz5bvM-t9ynI48T0u195y2A	y 1990s late top
Deeper into Movies	Yo La Tengo	I Can Hear The Heart Beating As One	LIKE	T_hPDEXqnH0	MPREb_pjgfqa6nbLu	UCz5bvM-t9ynI48T0u195y2A	y 1990s late top
Damage	Yo La Tengo	I Can Hear The Heart Beating As One	LIKE	ELtqe1HAlk0	MPREb_pjgfqa6nbLu	UCz5bvM-t9ynI48T0u195y2A	y 1990s late top
Center of Gravity	Yo La Tengo	I Can Hear The Heart Beating As One	LIKE	mg3MUFWccTU	MPREb_pjgfqa6nbLu	UCz5bvM-t9ynI48T0u195y2A	y 1990s late top
Autumn Sweater	Yo La Tengo	I Can Hear The Heart Beating As One	LIKE	jTI5dX83NZc	MPREb_pjgfqa6nbLu	UCz5bvM-t9ynI48T0u195y2A	y 1990s late top
Triumph (feat. Ol' Dirty Bastard, Inspectah Deck, Method Man & Cappadonna)	Wu-Tang Clan	Wu-Tang Forever	LIKE	7AFEWPAir8s	MPREb_ySimBuHORNp	UCdQKMtGgbbahJWE3rkPaGoA	y 1990s late top
Impossible (feat. RZA, U-God, Ghostface Killah & Tekitha)	Wu-Tang Clan	Wu-Tang Forever	LIKE	wiSbQ5ru0uk	MPREb_ySimBuHORNp	UCdQKMtGgbbahJWE3rkPaGoA	y 1990s late top
Deadly Melody (feat. Masta Killa, U-God, RZA & Method Man)	Wu-Tang Clan	Wu-Tang Forever	LIKE	170W3TjUrCI	MPREb_ySimBuHORNp	UCdQKMtGgbbahJWE3rkPaGoA	y 1990s late top
Cash Still Rules / Scary Hours (Still Don't Nothing Move but the Money) (feat. Raekwon, Method Man & Ghostface Killah)	Wu-Tang Clan	Wu-Tang Forever	LIKE	C7LN7SZbsdc	MPREb_ySimBuHORNp	UCdQKMtGgbbahJWE3rkPaGoA	y 1990s late top
A Better Tomorrow (feat. Inspectah Deck, Masta Killa, U-God & RZA)	Wu-Tang Clan	Wu-Tang Forever	LIKE	b0A8R5ry2vQ	MPREb_ySimBuHORNp	UCdQKMtGgbbahJWE3rkPaGoA	y 1990s late top
Y'All Know	Will Smith	Big Willie Style	LIKE	m_9IXV7-9CM	MPREb_ZoEsu93vJDr	UCdHscQsCBWSfcW50NjdJWkA	y 1990s late top
Just The Two Of Us	Will Smith	Big Willie Style	LIKE	SXeJBJ7Sje0	MPREb_ZoEsu93vJDr	UCdHscQsCBWSfcW50NjdJWkA	y 1990s late top
Gettin' Jiggy Wit It	Will Smith	Big Willie Style	LIKE	5VPm2yckO3k	MPREb_ZoEsu93vJDr	UCdHscQsCBWSfcW50NjdJWkA	y 1990s late top
Candy (feat. Larry Blackmon & Cameo)	Will Smith	Big Willie Style	LIKE	QfgUVFmfCj4	MPREb_ZoEsu93vJDr	UCdHscQsCBWSfcW50NjdJWkA	y 1990s late top
When You Wake up Feeling Old	Wilco	Summerteeth	LIKE	zigFqqnxGWc	MPREb_7ItZCySME8d	UCb5aNlKdWOySR6Z-CnQieFQ	y 1990s late top
Via Chicago	Wilco	Summerteeth	LIKE	Jepv3fw3kgk	MPREb_7ItZCySME8d	UCb5aNlKdWOySR6Z-CnQieFQ	y 1990s late top
Summer Teeth	Wilco	Summerteeth	LIKE	4ZVoDJZBnS8	MPREb_7ItZCySME8d	UCb5aNlKdWOySR6Z-CnQieFQ	y 1990s late top
She's a Jar	Wilco	Summerteeth	LIKE	H4uqPhYaLE0	MPREb_7ItZCySME8d	UCb5aNlKdWOySR6Z-CnQieFQ	y 1990s late top
I'm Always in Love	Wilco	Summerteeth	LIKE	F5RpENuDFOU	MPREb_7ItZCySME8d	UCb5aNlKdWOySR6Z-CnQieFQ	y 1990s late top
How to Fight Loneliness	Wilco	Summerteeth	LIKE	sVAb2kbx1gI	MPREb_7ItZCySME8d	UCb5aNlKdWOySR6Z-CnQieFQ	y 1990s late top
Outtasite (Outta Mind)	Wilco	Being There	LIKE	ZasGLLCEwTA	MPREb_HrVaaOk6oc8	UCb5aNlKdWOySR6Z-CnQieFQ	y 1990s late top
Forget the Flowers	Wilco	Being There	LIKE	TSlzuhug8c4	MPREb_HrVaaOk6oc8	UCb5aNlKdWOySR6Z-CnQieFQ	y 1990s late top
Far, Far Away	Wilco	Being There	LIKE	vtE8vEthw4k	MPREb_HrVaaOk6oc8	UCb5aNlKdWOySR6Z-CnQieFQ	y 1990s late top
Tired Of Sex	Weezer	Pinkerton	LIKE	THDc2MAMwok	MPREb_nrpUXJsZqQ5	UCtHZHneyvFGwxg6MHcbMLAw	y 1990s late top
No Other One	Weezer	Pinkerton	LIKE	F8VwP5OvJ3o	MPREb_nrpUXJsZqQ5	UCtHZHneyvFGwxg6MHcbMLAw	y 1990s late top
Falling For You	Weezer	Pinkerton	LIKE	hdrAsZ7ebuc	MPREb_nrpUXJsZqQ5	UCtHZHneyvFGwxg6MHcbMLAw	y 1990s late top
El Scorcho	Weezer	Pinkerton	LIKE	9Asco6xgp_k	MPREb_nrpUXJsZqQ5	UCtHZHneyvFGwxg6MHcbMLAw	y 1990s late top
The Mollusk	Ween	The Mollusk	LIKE	3nZmVy3g3CE	MPREb_iYZbnszRqas	UCXWUt1Cu2hVZYTaJ44ddusA	y 1990s late top
The Golden Eel	Ween	The Mollusk	LIKE	rvLhmd0v7KQ	MPREb_iYZbnszRqas	UCXWUt1Cu2hVZYTaJ44ddusA	y 1990s late top
Mutilated Lips	Ween	The Mollusk	LIKE	jGSI9qoNjYk	MPREb_iYZbnszRqas	UCXWUt1Cu2hVZYTaJ44ddusA	y 1990s late top
Buckingham Green	Ween	The Mollusk	LIKE	iVfU5EkQjM0	MPREb_iYZbnszRqas	UCXWUt1Cu2hVZYTaJ44ddusA	y 1990s late top
Jumbo	Underworld	Beaucoup Fish	LIKE	resjuUn7mH4	MPREb_15Y8L2V1Hvc	UCahiOREGlmLx7vi-35NbdBg	y 1990s late top
Bruce Lee	Underworld	Beaucoup Fish	LIKE	N-xcvmA5VMY	MPREb_15Y8L2V1Hvc	UCahiOREGlmLx7vi-35NbdBg	y 1990s late top
Unreal	UNKLE	Psyence Fiction	LIKE	wk-6vC7-Vyc	MPREb_kMhbArpolxr	UCjXr3YQrOJoqRuSXMdU2eww	y 1990s late top
Rabbit in Your Headlights (feat. Thom Yorke)	UNKLE	Psyence Fiction	LIKE	7gj6t4CTiCI	MPREb_kMhbArpolxr	UCjXr3YQrOJoqRuSXMdU2eww	y 1990s late top
Lonely Soul (feat. Richard Ashcroft)	UNKLE	Psyence Fiction	LIKE	XrFECnl3vno	MPREb_kMhbArpolxr	UCjXr3YQrOJoqRuSXMdU2eww	y 1990s late top
Celestial Annihilation	UNKLE	Psyence Fiction	LIKE	ZNU1OFTRS_g	MPREb_kMhbArpolxr	UCjXr3YQrOJoqRuSXMdU2eww	y 1990s late top
Be There (feat. Ian Brown)	UNKLE	Psyence Fiction	LIKE	9Dn3NqYCoOo	MPREb_kMhbArpolxr	UCjXr3YQrOJoqRuSXMdU2eww	y 1990s late top
Brace Yourself Jason	U-Ziq	Lunatic Harness	LIKE	T5ut41xU2TI	MPREb_suLHdTyws8L	UC7IoxqTlXj7Kky2eW3Hnvpg	y 1990s late top
Tonite Is A Special Nite (Chaos Mass Confusion Mix) (feat. RZA & Gravediggaz)	Tricky	Maxinquaye (Reincarnated)	LIKE	z3XT6dnC380	MPREb_lepWKe4aJ1A	UCSuP436X3nxcLjeJQOnlOPg	y 1990s late top
She Devil (Rough Monitor Mix) (feat. Martina Topley-Bird)	Tricky	Maxinquaye (Reincarnated)	LIKE	PpGks_D2hdc	MPREb_lepWKe4aJ1A	UCSuP436X3nxcLjeJQOnlOPg	y 1990s late top
Overcome (Acapella / Rough Monitor Mix) (feat. Martina Topley-Bird)	Tricky	Maxinquaye (Reincarnated)	LIKE	Mvdcfdwtggs	MPREb_lepWKe4aJ1A	UCSuP436X3nxcLjeJQOnlOPg	y 1990s late top
Just For The Hate Of It (Rough Monitor Mix) (feat. Martina Topley-Bird)	Tricky	Maxinquaye (Reincarnated)	LIKE	q2NZp1jusyY	MPREb_lepWKe4aJ1A	UCSuP436X3nxcLjeJQOnlOPg	y 1990s late top
Hell Is Round The Corner (Reincarnated) (feat. Sukie Smith)	Tricky	Maxinquaye (Reincarnated)	LIKE	lzFkcYNTbBo	MPREb_lepWKe4aJ1A	UCSuP436X3nxcLjeJQOnlOPg	y 1990s late top
Hell Is Round The Corner (Abbey Road Remaster) (feat. Martina Topley-Bird)	Tricky	Maxinquaye (Reincarnated)	LIKE	eRAJL1KErb0	MPREb_lepWKe4aJ1A	UCSuP436X3nxcLjeJQOnlOPg	y 1990s late top
Hell Is Round The Corner (2009 Remix)	Tricky	Maxinquaye (Reincarnated)	LIKE	U8C-mivnqOU	MPREb_lepWKe4aJ1A	UCSuP436X3nxcLjeJQOnlOPg	y 1990s late top
Hell Is Around The Corner (The Hell & Water Mix) (feat. Martina Topley-Bird)	Tricky	Maxinquaye (Reincarnated)	LIKE	UGbl1SO0Eas	MPREb_lepWKe4aJ1A	UCSuP436X3nxcLjeJQOnlOPg	y 1990s late top
Ten-Day Interval	Tortoise	TNT	LIKE	hJQBXfdiOCc	MPREb_LGAsVMFUNag	UC4p81SffxAyf_EqpPU1zBaA	y 1990s late top
TNT	Tortoise	TNT	LIKE	WuitmtCZYoY	MPREb_LGAsVMFUNag	UC4p81SffxAyf_EqpPU1zBaA	y 1990s late top
Swung From the Gutters	Tortoise	TNT	LIKE	er_92FLRKsw	MPREb_LGAsVMFUNag	UC4p81SffxAyf_EqpPU1zBaA	y 1990s late top
In Sarah, Mencken, Christ, and Beethoven There Were Women and Men	Tortoise	TNT	LIKE	aEXwB2df69I	MPREb_LGAsVMFUNag	UC4p81SffxAyf_EqpPU1zBaA	y 1990s late top
I Set My Face to the Hillside	Tortoise	TNT	LIKE	ZuNaQ1c6z8A	MPREb_LGAsVMFUNag	UC4p81SffxAyf_EqpPU1zBaA	y 1990s late top
Four-Day Interval	Tortoise	TNT	LIKE	InScyxU-0Gs	MPREb_LGAsVMFUNag	UC4p81SffxAyf_EqpPU1zBaA	y 1990s late top
Everglade	Tortoise	TNT	LIKE	Fzxr78eD514	MPREb_LGAsVMFUNag	UC4p81SffxAyf_EqpPU1zBaA	y 1990s late top
A Simple Way to Go Faster Than Light That Does Not Work	Tortoise	TNT	LIKE	IBoCUZIRuv4	MPREb_LGAsVMFUNag	UC4p81SffxAyf_EqpPU1zBaA	y 1990s late top
Glass Museum	Tortoise	Millions Now Living Will Never Die	LIKE	WSkuNL-8r3I	MPREb_BKNaYYpZ4fb	UC4p81SffxAyf_EqpPU1zBaA	y 1990s late top
Dear Grandma and Grandpa	Tortoise	Millions Now Living Will Never Die	LIKE	sjSV7bwLymc	MPREb_BKNaYYpZ4fb	UC4p81SffxAyf_EqpPU1zBaA	y 1990s late top
Along the Banks of Rivers	Tortoise	Millions Now Living Will Never Die	LIKE	NeX5hxyAL54	MPREb_BKNaYYpZ4fb	UC4p81SffxAyf_EqpPU1zBaA	y 1990s late top
Lowside Of The Road	Tom Waits	Mule Variations	LIKE	Nkpdx7wVcJk	MPREb_vCaTpyVXV6B	UC39N3pyt2Z15oOMjouokl8A	y 1990s late top
Get Behind The Mule	Tom Waits	Mule Variations	LIKE	dKYtKiCjzp8	MPREb_vCaTpyVXV6B	UC39N3pyt2Z15oOMjouokl8A	y 1990s late top
Cold Water	Tom Waits	Mule Variations	LIKE	lkTGsYslFpI	MPREb_vCaTpyVXV6B	UC39N3pyt2Z15oOMjouokl8A	y 1990s late top
Chocolate Jesus	Tom Waits	Mule Variations	LIKE	cjsYv22QgGM	MPREb_vCaTpyVXV6B	UC39N3pyt2Z15oOMjouokl8A	y 1990s late top
Black Market Baby	Tom Waits	Mule Variations	LIKE	1InIUrqpSWU	MPREb_vCaTpyVXV6B	UC39N3pyt2Z15oOMjouokl8A	y 1990s late top
Big In Japan	Tom Waits	Mule Variations	LIKE	oRIgYJQYjMA	MPREb_vCaTpyVXV6B	UC39N3pyt2Z15oOMjouokl8A	y 1990s late top
In Da Game	Three-6 Mafia	Mystic Stylez	LIKE	HMGJHYlLXNE	MPREb_j4mA771fCBk	UCETpWjWnRzckJkqGGgq6xgQ	y 1990s late top
Fuckin Wit Dis Click	Three-6 Mafia	Mystic Stylez	LIKE	hFMp9CEtb5Y	MPREb_j4mA771fCBk	UCETpWjWnRzckJkqGGgq6xgQ	y 1990s late top
Break Da Law '95'	Three-6 Mafia	Mystic Stylez	LIKE	9tC94HZWKCs	MPREb_j4mA771fCBk	UCETpWjWnRzckJkqGGgq6xgQ	y 1990s late top
Stomp	Three 6 Mafia	The End	LIKE	9IVhTkgzO9o	MPREb_d64zxSVWsfJ	UCETpWjWnRzckJkqGGgq6xgQ	y 1990s late top
Late Night Tip	Three 6 Mafia	The End	LIKE	OcsxBdCPOGs	MPREb_d64zxSVWsfJ	UCETpWjWnRzckJkqGGgq6xgQ	y 1990s late top
Body Parts	Three 6 Mafia	The End	LIKE	6zegJ2NTr_0	MPREb_d64zxSVWsfJ	UCETpWjWnRzckJkqGGgq6xgQ	y 1990s late top
Semi-Charmed Life	Third Eye Blind	Third Eye Blind	LIKE	gjdLAsnR_Ws	MPREb_U4IU2tONKDR	UCBgOvSeegP11m_MIZab9oMg	y 1990s late top
How's It Going to Be	Third Eye Blind	Third Eye Blind	LIKE	2dITTT-OaWE	MPREb_U4IU2tONKDR	UCBgOvSeegP11m_MIZab9oMg	y 1990s late top
When I Hear My Name	The White Stripes	The White Stripes	LIKE	GBSx8GQw57g	MPREb_ke9q9bBLfdh	UCD0Wge1UpszMtqK3P9x50vA	y 1990s late top
Wasting My Time	The White Stripes	The White Stripes	LIKE	PRIjAkI51gU	MPREb_ke9q9bBLfdh	UCD0Wge1UpszMtqK3P9x50vA	y 1990s late top
Sugar Never Tasted So Good	The White Stripes	The White Stripes	LIKE	GrkH4ajP0Rs	MPREb_ke9q9bBLfdh	UCD0Wge1UpszMtqK3P9x50vA	y 1990s late top
Stop Breaking Down	The White Stripes	The White Stripes	LIKE	-11SG13W-tY	MPREb_ke9q9bBLfdh	UCD0Wge1UpszMtqK3P9x50vA	y 1990s late top
St. James Infirmary Blues	The White Stripes	The White Stripes	LIKE	HrMUsKa0JHA	MPREb_ke9q9bBLfdh	UCD0Wge1UpszMtqK3P9x50vA	y 1990s late top
Screwdriver	The White Stripes	The White Stripes	LIKE	FE5zQGkHz1Q	MPREb_ke9q9bBLfdh	UCD0Wge1UpszMtqK3P9x50vA	y 1990s late top
One More Cup of Coffee	The White Stripes	The White Stripes	LIKE	-BqJv0hHbFo	MPREb_ke9q9bBLfdh	UCD0Wge1UpszMtqK3P9x50vA	y 1990s late top
Jimmy the Exploder	The White Stripes	The White Stripes	LIKE	tLOq39rkmIw	MPREb_ke9q9bBLfdh	UCD0Wge1UpszMtqK3P9x50vA	y 1990s late top
I Fought Piranhas	The White Stripes	The White Stripes	LIKE	eKzU0fd7L0o	MPREb_ke9q9bBLfdh	UCD0Wge1UpszMtqK3P9x50vA	y 1990s late top
Do	The White Stripes	The White Stripes	LIKE	St_A4H8FPS4	MPREb_ke9q9bBLfdh	UCD0Wge1UpszMtqK3P9x50vA	y 1990s late top
Cannon	The White Stripes	The White Stripes	LIKE	WFzCv2i6YpM	MPREb_ke9q9bBLfdh	UCD0Wge1UpszMtqK3P9x50vA	y 1990s late top
One Headlight	The Wallflowers	Bringing Down the Horse	LIKE	yjbzUEJONNU	MPREb_ImRCgCuYAJH	UCo5omxucc1GfxRRwisE1QJw	y 1990s late top
6th Avenue Heartache	The Wallflowers	Bringing Down the Horse	LIKE	ul4e57GmRK4	MPREb_ImRCgCuYAJH	UCo5omxucc1GfxRRwisE1QJw	y 1990s late top
Bitter Sweet Symphony	The Verve	Urban Hymns	LIKE	h28uCNZ6bw8	MPREb_XKUg9uNpyvu	UCt2KxZpY5D__kapeQ8cauQw	y 1990s late top
You Got Me (feat. Erykah Badu & Eve)	The Roots & Tariq Trotter	Things Fall Apart	LIKE	y5DFHx_EUTg	MPREb_LawQuTEu344		y 1990s late top
The Next Movement (feat. DJ Jazzy Jeff & Jazzyfatnastees)	The Roots	Things Fall Apart	LIKE	Gurgkb-8KW8	MPREb_LawQuTEu344	UCkOV250OgD1qUOAvGYgCSvA	y 1990s late top
Step Into The Relm	The Roots	Things Fall Apart	LIKE	ppqAk_FwecI	MPREb_LawQuTEu344	UCkOV250OgD1qUOAvGYgCSvA	y 1990s late top
Dynamite! (feat. Rehani Sayed)	The Roots	Things Fall Apart	LIKE	f-YF924NWFg	MPREb_LawQuTEu344	UCkOV250OgD1qUOAvGYgCSvA	y 1990s late top
Double Trouble (feat. Mos Def)	The Roots	Things Fall Apart	LIKE	AmSUb5H5G0s	MPREb_LawQuTEu344	UCkOV250OgD1qUOAvGYgCSvA	y 1990s late top
Don't See Us (feat. Dice Raw)	The Roots	Things Fall Apart	LIKE	7HAInmEyKBY	MPREb_LawQuTEu344	UCkOV250OgD1qUOAvGYgCSvA	y 1990s late top
Ain't Sayin' Nothin' New (feat. Dice Raw)	The Roots	Things Fall Apart	LIKE	H_Oa8UF9ifU	MPREb_LawQuTEu344	UCkOV250OgD1qUOAvGYgCSvA	y 1990s late top
What They Do	The Roots	Illadelph Halflife	LIKE	ijYcnszH0Fk	MPREb_eZxSxHuWOGR	UCkOV250OgD1qUOAvGYgCSvA	y 1990s late top
Universe At War (feat. Common)	The Roots	Illadelph Halflife	LIKE	gpDebH8j3LE	MPREb_eZxSxHuWOGR	UCkOV250OgD1qUOAvGYgCSvA	y 1990s late top
The Hypnotic (feat. D'Angelo)	The Roots	Illadelph Halflife	LIKE	82P10f1GfIo	MPREb_eZxSxHuWOGR	UCkOV250OgD1qUOAvGYgCSvA	y 1990s late top
Section	The Roots	Illadelph Halflife	LIKE	nfpFBQ_SI1Q	MPREb_eZxSxHuWOGR	UCkOV250OgD1qUOAvGYgCSvA	y 1990s late top
Respond/ React	The Roots	Illadelph Halflife	LIKE	qfrdkRw-lZk	MPREb_eZxSxHuWOGR	UCkOV250OgD1qUOAvGYgCSvA	y 1990s late top
Push Up Ya Lighter	The Roots	Illadelph Halflife	LIKE	nZleKw7FmvQ	MPREb_eZxSxHuWOGR	UCkOV250OgD1qUOAvGYgCSvA	y 1990s late top
Panic !!!!!!!	The Roots	Illadelph Halflife	LIKE	yLu3Q3ObkjM	MPREb_eZxSxHuWOGR	UCkOV250OgD1qUOAvGYgCSvA	y 1990s late top
One Shine (feat. Cassandra Wilson)	The Roots	Illadelph Halflife	LIKE	aBJxikzu3eg	MPREb_eZxSxHuWOGR	UCkOV250OgD1qUOAvGYgCSvA	y 1990s late top
No Alibi	The Roots	Illadelph Halflife	LIKE	V3AqCqLhZTs	MPREb_eZxSxHuWOGR	UCkOV250OgD1qUOAvGYgCSvA	y 1990s late top
Ital (The Universal Side) (feat. Q-Tip)	The Roots	Illadelph Halflife	LIKE	7tLEHXlXF4s	MPREb_eZxSxHuWOGR	UCkOV250OgD1qUOAvGYgCSvA	y 1990s late top
It Just Don't Stop	The Roots	Illadelph Halflife	LIKE	SS235OiFXgg	MPREb_eZxSxHuWOGR	UCkOV250OgD1qUOAvGYgCSvA	y 1990s late top
Episodes	The Roots	Illadelph Halflife	LIKE	EqcH6PNyP04	MPREb_eZxSxHuWOGR	UCkOV250OgD1qUOAvGYgCSvA	y 1990s late top
Concerto Of The Desperado	The Roots	Illadelph Halflife	LIKE	J7g0gCFp-aE	MPREb_eZxSxHuWOGR	UCkOV250OgD1qUOAvGYgCSvA	y 1990s late top
The E.N.D.	The Pharcyde	Labcabincalifornia	LIKE	HGYq-DQoX18	MPREb_eF1KUfxshSG	UCPBVpB_roy80QRKWi4vwRVQ	y 1990s late top
Splattitorium	The Pharcyde	Labcabincalifornia	LIKE	ZgvvlYaSZV4	MPREb_eF1KUfxshSG	UCPBVpB_roy80QRKWi4vwRVQ	y 1990s late top
Somethin' That Means Somethin'	The Pharcyde	Labcabincalifornia	LIKE	1-6xfNLaMzQ	MPREb_eF1KUfxshSG	UCPBVpB_roy80QRKWi4vwRVQ	y 1990s late top
Runnin'	The Pharcyde	Labcabincalifornia	LIKE	MKY_8faQAzw	MPREb_eF1KUfxshSG	UCPBVpB_roy80QRKWi4vwRVQ	y 1990s late top
Drop	The Pharcyde	Labcabincalifornia	LIKE	tqzhwrOTySM	MPREb_eF1KUfxshSG	UCPBVpB_roy80QRKWi4vwRVQ	y 1990s late top
Bullshit	The Pharcyde	Labcabincalifornia	LIKE	vnATbqtrXSs	MPREb_eF1KUfxshSG	UCPBVpB_roy80QRKWi4vwRVQ	y 1990s late top
The Opera House	The Olivia Tremor Control	Dusk at Cubist Castle	LIKE	4tQTIwv7gNA	MPREb_hPmQpjNo5VD	UCTV0PAtGq7nHMy1BIo-bg9g	y 1990s late top
No Growing (exegesis)	The Olivia Tremor Control	Dusk at Cubist Castle	LIKE	yl2euUMJBKw	MPREb_hPmQpjNo5VD	UCTV0PAtGq7nHMy1BIo-bg9g	y 1990s late top
NYC - 25	The Olivia Tremor Control	Dusk at Cubist Castle	LIKE	5gTKGiI8Alo	MPREb_hPmQpjNo5VD	UCTV0PAtGq7nHMy1BIo-bg9g	y 1990s late top
Marking Time	The Olivia Tremor Control	Dusk at Cubist Castle	LIKE	th0XCFPHrM0	MPREb_hPmQpjNo5VD	UCTV0PAtGq7nHMy1BIo-bg9g	y 1990s late top
Jumping Fences	The Olivia Tremor Control	Dusk at Cubist Castle	LIKE	qw_UcCwUjMI	MPREb_hPmQpjNo5VD	UCTV0PAtGq7nHMy1BIo-bg9g	y 1990s late top
I Can Smell The Leaves	The Olivia Tremor Control	Dusk at Cubist Castle	LIKE	p0n9YEARMwg	MPREb_hPmQpjNo5VD	UCTV0PAtGq7nHMy1BIo-bg9g	y 1990s late top
Holiday Surprise 1, 2, 3	The Olivia Tremor Control	Dusk at Cubist Castle	LIKE	Os_2taQ698w	MPREb_hPmQpjNo5VD	UCTV0PAtGq7nHMy1BIo-bg9g	y 1990s late top
Green Typewriters	The Olivia Tremor Control	Dusk at Cubist Castle	LIKE	z341esZGLDo	MPREb_hPmQpjNo5VD	UCTV0PAtGq7nHMy1BIo-bg9g	y 1990s late top
Green Typewriters	The Olivia Tremor Control	Dusk at Cubist Castle	LIKE	t6Wc0Iv-Gxo	MPREb_hPmQpjNo5VD	UCTV0PAtGq7nHMy1BIo-bg9g	y 1990s late top
Green Typewriters	The Olivia Tremor Control	Dusk at Cubist Castle	LIKE	oMUebIwCIjU	MPREb_hPmQpjNo5VD	UCTV0PAtGq7nHMy1BIo-bg9g	y 1990s late top
Green Typewriters	The Olivia Tremor Control	Dusk at Cubist Castle	LIKE	k60QfkrfcvY	MPREb_hPmQpjNo5VD	UCTV0PAtGq7nHMy1BIo-bg9g	y 1990s late top
Green Typewriters	The Olivia Tremor Control	Dusk at Cubist Castle	LIKE	i3JI6WjYBrM	MPREb_hPmQpjNo5VD	UCTV0PAtGq7nHMy1BIo-bg9g	y 1990s late top
Green Typewriters	The Olivia Tremor Control	Dusk at Cubist Castle	LIKE	UnGGRs4341I	MPREb_hPmQpjNo5VD	UCTV0PAtGq7nHMy1BIo-bg9g	y 1990s late top
Green Typewriters	The Olivia Tremor Control	Dusk at Cubist Castle	LIKE	UKEi41sse3w	MPREb_hPmQpjNo5VD	UCTV0PAtGq7nHMy1BIo-bg9g	y 1990s late top
Green Typewriters	The Olivia Tremor Control	Dusk at Cubist Castle	LIKE	EkE5_90gXaA	MPREb_hPmQpjNo5VD	UCTV0PAtGq7nHMy1BIo-bg9g	y 1990s late top
Green Typewriters	The Olivia Tremor Control	Dusk at Cubist Castle	LIKE	5VJHmhGgerA	MPREb_hPmQpjNo5VD	UCTV0PAtGq7nHMy1BIo-bg9g	y 1990s late top
Green Typewriters	The Olivia Tremor Control	Dusk at Cubist Castle	LIKE	0q1yULc2ROw	MPREb_hPmQpjNo5VD	UCTV0PAtGq7nHMy1BIo-bg9g	y 1990s late top
Define A Transparent Dream	The Olivia Tremor Control	Dusk at Cubist Castle	LIKE	6ZlWV9AA9Sg	MPREb_hPmQpjNo5VD	UCTV0PAtGq7nHMy1BIo-bg9g	y 1990s late top
Can You Come Down With Us?	The Olivia Tremor Control	Dusk at Cubist Castle	LIKE	DquO9hVo-ok	MPREb_hPmQpjNo5VD	UCTV0PAtGq7nHMy1BIo-bg9g	y 1990s late top
The Sylvan Screen	The Olivia Tremor Control	Black Foliage: Animation Music	LIKE	jGN8BX8ctfQ	MPREb_qhEFYQKolKC	UCTV0PAtGq7nHMy1BIo-bg9g	y 1990s late top
Paranormal Echoes	The Olivia Tremor Control	Black Foliage: Animation Music	LIKE	HNr9gt8IRfM	MPREb_qhEFYQKolKC	UCTV0PAtGq7nHMy1BIo-bg9g	y 1990s late top
Mystery	The Olivia Tremor Control	Black Foliage: Animation Music	LIKE	OZX7TbVr5Ss	MPREb_qhEFYQKolKC	UCTV0PAtGq7nHMy1BIo-bg9g	y 1990s late top
I Have Been Floated	The Olivia Tremor Control	Black Foliage: Animation Music	LIKE	c_keuepSnyE	MPREb_qhEFYQKolKC	UCTV0PAtGq7nHMy1BIo-bg9g	y 1990s late top
Hilltop Procession Momentum Gaining	The Olivia Tremor Control	Black Foliage: Animation Music	LIKE	E2bTw7MigaQ	MPREb_qhEFYQKolKC	UCTV0PAtGq7nHMy1BIo-bg9g	y 1990s late top
Hideaway	The Olivia Tremor Control	Black Foliage: Animation Music	LIKE	H4ywjdNbMSo	MPREb_qhEFYQKolKC	UCTV0PAtGq7nHMy1BIo-bg9g	y 1990s late top
Grass Canons	The Olivia Tremor Control	Black Foliage: Animation Music	LIKE	ods-y4SCF5g	MPREb_qhEFYQKolKC	UCTV0PAtGq7nHMy1BIo-bg9g	y 1990s late top
Black Foliage (itself)	The Olivia Tremor Control	Black Foliage: Animation Music	LIKE	UQMeEJCBiVk	MPREb_qhEFYQKolKC	UCTV0PAtGq7nHMy1BIo-bg9g	y 1990s late top
Black Foliage (Animation 4)	The Olivia Tremor Control	Black Foliage: Animation Music	LIKE	_Q3ZoMXEeQM	MPREb_qhEFYQKolKC	UCTV0PAtGq7nHMy1BIo-bg9g	y 1990s late top
Black Foliage (Animation 1)	The Olivia Tremor Control	Black Foliage: Animation Music	LIKE	Y5sX7g4QhNE	MPREb_qhEFYQKolKC	UCTV0PAtGq7nHMy1BIo-bg9g	y 1990s late top
Another Set Of Bees In The Museum	The Olivia Tremor Control	Black Foliage: Animation Music	LIKE	W77kMavO_L0	MPREb_qhEFYQKolKC	UCTV0PAtGq7nHMy1BIo-bg9g	y 1990s late top
A Sleepy Company	The Olivia Tremor Control	Black Foliage: Animation Music	LIKE	t1sPwt3SXT0	MPREb_qhEFYQKolKC	UCTV0PAtGq7nHMy1BIo-bg9g	y 1990s late top
A Place We Have Been To	The Olivia Tremor Control	Black Foliage: Animation Music	LIKE	stoyp0Zm9j0	MPREb_qhEFYQKolKC	UCTV0PAtGq7nHMy1BIo-bg9g	y 1990s late top
A Peculiar Noise Called 'Train Director'	The Olivia Tremor Control	Black Foliage: Animation Music	LIKE	vkD06C6OV08	MPREb_qhEFYQKolKC	UCTV0PAtGq7nHMy1BIo-bg9g	y 1990s late top
Why Don't You Get A Job	The Offspring	Americana	LIKE	mQYJYY4VkWA	MPREb_jiOKvtimX2Y	UCQVUXQu8RpxhihAMla6ke5A	y 1990s late top
The Kids Aren't Alright	The Offspring	Americana	LIKE	-uQi0vJK9lk	MPREb_jiOKvtimX2Y	UCQVUXQu8RpxhihAMla6ke5A	y 1990s late top
Pretty Fly (Reprise)	The Offspring	Americana	LIKE	CXftm1WgDhU	MPREb_jiOKvtimX2Y	UCQVUXQu8RpxhihAMla6ke5A	y 1990s late top
Pretty Fly (For A White Guy)	The Offspring	Americana	LIKE	BepGmpLT9HA	MPREb_jiOKvtimX2Y	UCQVUXQu8RpxhihAMla6ke5A	y 1990s late top
You're Nobody (Til Somebody Kills You)	The Notorious B.I.G.	Life After Death	LIKE	VDgz1M7gsf0	MPREb_eLL2tuzOJ1Y	UCczXQ2ehGOS2U2UnR8rY3Hg	y 1990s late top
Ten Crack Commandments	The Notorious B.I.G.	Life After Death	LIKE	jzjl3agCvhQ	MPREb_eLL2tuzOJ1Y	UCczXQ2ehGOS2U2UnR8rY3Hg	y 1990s late top
Sky's the Limit (feat. 112)	The Notorious B.I.G.	Life After Death	LIKE	tCnB21DvKw4	MPREb_eLL2tuzOJ1Y	UCczXQ2ehGOS2U2UnR8rY3Hg	y 1990s late top
Playa Hater	The Notorious B.I.G.	Life After Death	LIKE	GB6nAdZrYyY	MPREb_eLL2tuzOJ1Y	UCczXQ2ehGOS2U2UnR8rY3Hg	y 1990s late top
Notorious Thugs	The Notorious B.I.G.	Life After Death	LIKE	w7UAPPj5JYI	MPREb_eLL2tuzOJ1Y	UCczXQ2ehGOS2U2UnR8rY3Hg	y 1990s late top
Mo Money Mo Problems (feat. Mase & Puff Daddy)	The Notorious B.I.G.	Life After Death	LIKE	LMefGDER38E	MPREb_eLL2tuzOJ1Y	UCczXQ2ehGOS2U2UnR8rY3Hg	y 1990s late top
Miss U	The Notorious B.I.G.	Life After Death	LIKE	8GVF10paWWY	MPREb_eLL2tuzOJ1Y	UCczXQ2ehGOS2U2UnR8rY3Hg	y 1990s late top
Hypnotize	The Notorious B.I.G.	Life After Death	LIKE	B22hNF1PVmg	MPREb_eLL2tuzOJ1Y	UCczXQ2ehGOS2U2UnR8rY3Hg	y 1990s late top
Fuck You Tonight (feat. R. Kelly)	The Notorious B.I.G.	Life After Death	LIKE	XJwBg4suXoc	MPREb_eLL2tuzOJ1Y	UCczXQ2ehGOS2U2UnR8rY3Hg	y 1990s late top
Another (feat. Lil' Kim)	The Notorious B.I.G.	Life After Death	LIKE	5zv9Kbj4FFc	MPREb_eLL2tuzOJ1Y	UCczXQ2ehGOS2U2UnR8rY3Hg	y 1990s late top
Strange Eyes	The Magnetic Fields	69 Love Songs	LIKE	4PrZDUlhAh4	MPREb_WJEtn1tNmRz	UCf9bscTdSKPtnoK4hHEDzGw	y 1990s late top
Waitin' for a Superman (Mokran Mix) (Mokran Mix; 2017 Remaster)	The Flaming Lips	The Soft Bulletin	LIKE	hk1fR8EzuLQ	MPREb_A2QRDzf1aLw	UCPxZkX90JURVTyWW0caNnGg	y 1990s late top
Waitin' for a Superman	The Flaming Lips	The Soft Bulletin	LIKE	SbDKL9wWcwE	MPREb_A2QRDzf1aLw	UCPxZkX90JURVTyWW0caNnGg	y 1990s late top
The Gash	The Flaming Lips	The Soft Bulletin	LIKE	Qo7brAQi0j4	MPREb_A2QRDzf1aLw	UCPxZkX90JURVTyWW0caNnGg	y 1990s late top
Suddenly Everything Has Changed	The Flaming Lips	The Soft Bulletin	LIKE	uEVbyd-u2X4	MPREb_A2QRDzf1aLw	UCPxZkX90JURVTyWW0caNnGg	y 1990s late top
Sleeping on the Roof	The Flaming Lips	The Soft Bulletin	LIKE	FoL-ZiV4ZPY	MPREb_A2QRDzf1aLw	UCPxZkX90JURVTyWW0caNnGg	y 1990s late top
Race for the Prize (Mokran Mix) (Mokran Mix; 2017 Remaster)	The Flaming Lips	The Soft Bulletin	LIKE	ziSEJeTPfyU	MPREb_A2QRDzf1aLw	UCPxZkX90JURVTyWW0caNnGg	y 1990s late top
Race for the Prize	The Flaming Lips	The Soft Bulletin	LIKE	MBH-169OHNg	MPREb_A2QRDzf1aLw	UCPxZkX90JURVTyWW0caNnGg	y 1990s late top
Feeling Yourself Disintegrate	The Flaming Lips	The Soft Bulletin	LIKE	XvvGYEjloOg	MPREb_A2QRDzf1aLw	UCPxZkX90JURVTyWW0caNnGg	y 1990s late top
Buggin' (Mokran Mix) [Alternate 2017 Remaster] (Mokran Mix; Alternate 2017 Remaster)	The Flaming Lips	The Soft Bulletin	LIKE	bkCb8ZNYh0M	MPREb_A2QRDzf1aLw	UCPxZkX90JURVTyWW0caNnGg	y 1990s late top
When You Smile	The Flaming Lips	Clouds Taste Metallic	LIKE	a_N-wTh5NDk	MPREb_ZU1fj2ungdb	UCPxZkX90JURVTyWW0caNnGg	y 1990s late top
They Punctured My Yolk	The Flaming Lips	Clouds Taste Metallic	LIKE	-5myfQPf5YI	MPREb_ZU1fj2ungdb	UCPxZkX90JURVTyWW0caNnGg	y 1990s late top
The Abandoned Hospital Ship	The Flaming Lips	Clouds Taste Metallic	LIKE	TRFcz_sVK3c	MPREb_ZU1fj2ungdb	UCPxZkX90JURVTyWW0caNnGg	y 1990s late top
Primrose (Demo)	The Essex Green	Everything Is Green	LIKE	5jWRGe5k9g0	MPREb_q5H8Eqeld87	UCjdROFhwg9XFamnugRP0r8w	y 1990s late top
Primrose	The Essex Green	Everything Is Green	LIKE	wYphDYaQYyk	MPREb_q5H8Eqeld87	UCjdROFhwg9XFamnugRP0r8w	y 1990s late top
Never Been to California	The Essex Green	Everything Is Green	LIKE	Kdqje4cC354	MPREb_q5H8Eqeld87	UCjdROFhwg9XFamnugRP0r8w	y 1990s late top
Mrs. Bean (Demo)	The Essex Green	Everything Is Green	LIKE	8ebOw_ofH0o	MPREb_q5H8Eqeld87	UCjdROFhwg9XFamnugRP0r8w	y 1990s late top
Mrs. Bean	The Essex Green	Everything Is Green	LIKE	iW4BAmMEzM4	MPREb_q5H8Eqeld87	UCjdROFhwg9XFamnugRP0r8w	y 1990s late top
Grass	The Essex Green	Everything Is Green	LIKE	V91tZ9IkBcg	MPREb_q5H8Eqeld87	UCjdROFhwg9XFamnugRP0r8w	y 1990s late top
Everything Is Green	The Essex Green	Everything Is Green	LIKE	AANQLJ_-Zk0	MPREb_q5H8Eqeld87	UCjdROFhwg9XFamnugRP0r8w	y 1990s late top
Big Green Tree	The Essex Green	Everything Is Green	LIKE	w0q_BgYH-cY	MPREb_q5H8Eqeld87	UCjdROFhwg9XFamnugRP0r8w	y 1990s late top
Moment of Truth	The Eliminators	Unleashed	LIKE	Zt8LyEvTC5s	MPREb_wffcDfG4Ihu	UCojBpeIR4ojO3Bfo8V62_nw	y 1990s late top
Bone Cruncher	The Eliminators	Unleashed	LIKE	g8NxftwuLB8	MPREb_wffcDfG4Ihu	UCojBpeIR4ojO3Bfo8V62_nw	y 1990s late top
Fuck Up Beats	The Chemical Brothers	Exit Planet Dust	LIKE	RvXDHnJ817E	MPREb_BYrpnYwKtIJ	UCyPCkwR4gcQNybC2XzMNFTA	y 1990s late top
Chico's Groove	The Chemical Brothers	Exit Planet Dust	LIKE	F8smPDj7r4w	MPREb_BYrpnYwKtIJ	UCyPCkwR4gcQNybC2XzMNFTA	y 1990s late top
Chemical Beats	The Chemical Brothers	Exit Planet Dust	LIKE	_GfcIprkuvw	MPREb_BYrpnYwKtIJ	UCyPCkwR4gcQNybC2XzMNFTA	y 1990s late top
The Private Psychedelic Reel	The Chemical Brothers	Dig Your Own Hole	LIKE	aqGzrjL3kys	MPREb_VfkJXKSsNBS	UCyPCkwR4gcQNybC2XzMNFTA	y 1990s late top
Miss June '75	The Brian Jonestown Massacre	Their Satanic Majesties' Second Request	LIKE	dwEJFi26nSs	MPREb_2UCqhvltAF5	UCXybUoBoCwQntpbpblywN4Q	y 1990s late top
In India You	The Brian Jonestown Massacre	Their Satanic Majesties' Second Request	LIKE	D8b2cJoyCOE	MPREb_2UCqhvltAF5	UCXybUoBoCwQntpbpblywN4Q	y 1990s late top
Cause, I Lover	The Brian Jonestown Massacre	Their Satanic Majesties' Second Request	LIKE	Z-IG7KeAWDI	MPREb_2UCqhvltAF5	UCXybUoBoCwQntpbpblywN4Q	y 1990s late top
All Around You (Outro)	The Brian Jonestown Massacre	Their Satanic Majesties' Second Request	LIKE	M8zXOrevTCc	MPREb_2UCqhvltAF5	UCXybUoBoCwQntpbpblywN4Q	y 1990s late top
All Around You (Intro)	The Brian Jonestown Massacre	Their Satanic Majesties' Second Request	LIKE	dk0WvC24p4U	MPREb_2UCqhvltAF5	UCXybUoBoCwQntpbpblywN4Q	y 1990s late top
(Around You) Everywhere	The Brian Jonestown Massacre	Their Satanic Majesties' Second Request	LIKE	ye8UbSRcRpY	MPREb_2UCqhvltAF5	UCXybUoBoCwQntpbpblywN4Q	y 1990s late top
Sound Of Confusion	The Brian Jonestown Massacre	Thank God For Mental Illness	LIKE	NtTpB9EiH8g	MPREb_2sGTC3Phc1q	UCXybUoBoCwQntpbpblywN4Q	y 1990s late top
It Girl	The Brian Jonestown Massacre	Thank God For Mental Illness	LIKE	ooleoZ3erps	MPREb_2sGTC3Phc1q	UCXybUoBoCwQntpbpblywN4Q	y 1990s late top
Down	The Brian Jonestown Massacre	Thank God For Mental Illness	LIKE	bp_Ow-ilqag	MPREb_2sGTC3Phc1q	UCXybUoBoCwQntpbpblywN4Q	y 1990s late top
Cold To The Touch (Bonus Track)	The Brian Jonestown Massacre	Thank God For Mental Illness	LIKE	mjYs_p6KLPE	MPREb_2sGTC3Phc1q	UCXybUoBoCwQntpbpblywN4Q	y 1990s late top
Cause I Love Her	The Brian Jonestown Massacre	Thank God For Mental Illness	LIKE	9rHQl14b2mU	MPREb_2sGTC3Phc1q	UCXybUoBoCwQntpbpblywN4Q	y 1990s late top
Straight Up And Down	The Brian Jonestown Massacre	Take It From The Man	LIKE	ao2Kx4kMb9I	MPREb_Dl9We76u70h	UCXybUoBoCwQntpbpblywN4Q	y 1990s late top
Monkey Puzzle	The Brian Jonestown Massacre	Take It From The Man	LIKE	RADHh0QOBuY	MPREb_Dl9We76u70h	UCXybUoBoCwQntpbpblywN4Q	y 1990s late top
Mary Please	The Brian Jonestown Massacre	Take It From The Man	LIKE	9Hz4IO1fy5w	MPREb_Dl9We76u70h	UCXybUoBoCwQntpbpblywN4Q	y 1990s late top
Fucker	The Brian Jonestown Massacre	Take It From The Man	LIKE	SYiMC0EYRZ4	MPREb_Dl9We76u70h	UCXybUoBoCwQntpbpblywN4Q	y 1990s late top
Dawn	The Brian Jonestown Massacre	Take It From The Man	LIKE	4yDgHL3KJpQ	MPREb_Dl9We76u70h	UCXybUoBoCwQntpbpblywN4Q	y 1990s late top
Cabin Fever	The Brian Jonestown Massacre	Take It From The Man	LIKE	KTDxqL_CqOY	MPREb_Dl9We76u70h	UCXybUoBoCwQntpbpblywN4Q	y 1990s late top
B.S.A.	The Brian Jonestown Massacre	Take It From The Man	LIKE	S3zgvE2FGyY	MPREb_Dl9We76u70h	UCXybUoBoCwQntpbpblywN4Q	y 1990s late top
(David Bowie I Love You) Since I Was Six	The Brian Jonestown Massacre	Take It From The Man	LIKE	S0vkhtjq1vo	MPREb_Dl9We76u70h	UCXybUoBoCwQntpbpblywN4Q	y 1990s late top
Short Wave	The Brian Jonestown Massacre	Methodrone	LIKE	35pAkbJmfvE	MPREb_R5bzJRuoBhT	UCXybUoBoCwQntpbpblywN4Q	y 1990s late top
Outback	The Brian Jonestown Massacre	Methodrone	LIKE	XkNaL2rKAcY	MPREb_R5bzJRuoBhT	UCXybUoBoCwQntpbpblywN4Q	y 1990s late top
In India You (Bonus Track)	The Brian Jonestown Massacre	Methodrone	LIKE	E_Ir64LoWLI	MPREb_R5bzJRuoBhT	UCXybUoBoCwQntpbpblywN4Q	y 1990s late top
Evergreen	The Brian Jonestown Massacre	Methodrone	LIKE	dOvHh0rYn1A	MPREb_R5bzJRuoBhT	UCXybUoBoCwQntpbpblywN4Q	y 1990s late top
Crushed	The Brian Jonestown Massacre	Methodrone	LIKE	2HGjxQv7tnw	MPREb_R5bzJRuoBhT	UCXybUoBoCwQntpbpblywN4Q	y 1990s late top
Whoever You Are	The Brian Jonestown Massacre	Give It Back!	LIKE	UAkPcRSzcYw	MPREb_XhSGZkVmFx8	UCXybUoBoCwQntpbpblywN4Q	y 1990s late top
Super-Sonic	The Brian Jonestown Massacre	Give It Back!	LIKE	6eqQ-GLV2Y4	MPREb_XhSGZkVmFx8	UCXybUoBoCwQntpbpblywN4Q	y 1990s late top
Malela	The Brian Jonestown Massacre	Give It Back!	LIKE	tCfV6Zu0JfQ	MPREb_XhSGZkVmFx8	UCXybUoBoCwQntpbpblywN4Q	y 1990s late top
It's Summer (Bonus Track)	The Brian Jonestown Massacre	Give It Back!	LIKE	dRC-kr5LG6g	MPREb_XhSGZkVmFx8	UCXybUoBoCwQntpbpblywN4Q	y 1990s late top
War Of The Satellites	The Bomboras	Head Shrinkin' Fun	LIKE	mAUtVbRS5ec	MPREb_hmFd1eiPvRO	UC3PCWQXYl_VSS89FabdI2pA	y 1990s late top
Beyond The Sound Of Time	The Bomboras	Head Shrinkin' Fun	LIKE	32HQwFvHfSU	MPREb_hmFd1eiPvRO	UC3PCWQXYl_VSS89FabdI2pA	y 1990s late top
Push It Out	The Beta Band	The Three E.P.'s	LIKE	fbWLDSNV_pw	MPREb_7DQFrK47uLP	UCDIwq5TEZecPTAUHLzJ4cWw	y 1990s late top
Needles In My Eyes	The Beta Band	The Three E.P.'s	LIKE	PtBHcARpq-w	MPREb_7DQFrK47uLP	UCDIwq5TEZecPTAUHLzJ4cWw	y 1990s late top
It's Over	The Beta Band	The Three E.P.'s	LIKE	9FiSFxGC5PU	MPREb_7DQFrK47uLP	UCDIwq5TEZecPTAUHLzJ4cWw	y 1990s late top
Inner Meet Me	The Beta Band	The Three E.P.'s	LIKE	UhQDIu5f1Dc	MPREb_7DQFrK47uLP	UCDIwq5TEZecPTAUHLzJ4cWw	y 1990s late top
Dry the Rain	The Beta Band	The Three E.P.'s	LIKE	c3CnN6L2BQA	MPREb_7DQFrK47uLP	UCDIwq5TEZecPTAUHLzJ4cWw	y 1990s late top
Dr. Baker	The Beta Band	The Three E.P.'s	LIKE	vdMNLtrbvNs	MPREb_7DQFrK47uLP	UCDIwq5TEZecPTAUHLzJ4cWw	y 1990s late top
Dogs Got a Bone	The Beta Band	The Three E.P.'s	LIKE	GyTAD8Gt3mo	MPREb_7DQFrK47uLP	UCDIwq5TEZecPTAUHLzJ4cWw	y 1990s late top
B + A	The Beta Band	The Three E.P.'s	LIKE	yCyT9P-jMeI	MPREb_7DQFrK47uLP	UCDIwq5TEZecPTAUHLzJ4cWw	y 1990s late top
Round the Bend	The Beta Band	The Beta Band	LIKE	WY1QhprHGuc	MPREb_LFudSQDqYFr	UCDIwq5TEZecPTAUHLzJ4cWw	y 1990s late top
Innerspace	The Apples in stereo	Fun Trick Noisemaker	LIKE	AograKGyEkk	MPREb_qfRyapsIuDl	UCjOgeOSF6Y3xLtx4LmcQErA	y 1990s late top
High Tide	The Apples in stereo	Fun Trick Noisemaker	LIKE	OfvPJzin6wY	MPREb_qfRyapsIuDl	UCjOgeOSF6Y3xLtx4LmcQErA	y 1990s late top
Green Machine	The Apples in stereo	Fun Trick Noisemaker	LIKE	4RpfWOBCLOM	MPREb_qfRyapsIuDl	UCjOgeOSF6Y3xLtx4LmcQErA	y 1990s late top
Glowworm	The Apples in stereo	Fun Trick Noisemaker	LIKE	uOqKn5p2K6Q	MPREb_qfRyapsIuDl	UCjOgeOSF6Y3xLtx4LmcQErA	y 1990s late top
Y2K	The Apples in Stereo	Her Wallpaper Reverie	LIKE	xg8OfHWxqlo	MPREb_ATbeM3Mh3Rj	UCjOgeOSF6Y3xLtx4LmcQErA	y 1990s late top
The Shiney Sea	The Apples in Stereo	Her Wallpaper Reverie	LIKE	WXNN9yNGu4o	MPREb_ATbeM3Mh3Rj	UCjOgeOSF6Y3xLtx4LmcQErA	y 1990s late top
Strawberryfire	The Apples in Stereo	Her Wallpaper Reverie	LIKE	OWzgCBkO9wY	MPREb_ATbeM3Mh3Rj	UCjOgeOSF6Y3xLtx4LmcQErA	y 1990s late top
Ruby	The Apples in Stereo	Her Wallpaper Reverie	LIKE	0bXSHe5aU3s	MPREb_ATbeM3Mh3Rj	UCjOgeOSF6Y3xLtx4LmcQErA	y 1990s late top
Benefits of Lying (With Your Friend)	The Apples in Stereo	Her Wallpaper Reverie	LIKE	gudQDnhGscQ	MPREb_ATbeM3Mh3Rj	UCjOgeOSF6Y3xLtx4LmcQErA	y 1990s late top
Ænema	TOOL	Ænima	LIKE	tqjOrkMHUkk	MPREb_rrHMsdVJZK0	UCW6FSIkA04g7pBvMXlnaKqg	y 1990s late top
Third Eye	TOOL	Ænima	LIKE	O5Ohwdps7u4	MPREb_rrHMsdVJZK0	UCW6FSIkA04g7pBvMXlnaKqg	y 1990s late top
Message To Harry Manback	TOOL	Ænima	LIKE	O98mpBWsab8	MPREb_rrHMsdVJZK0	UCW6FSIkA04g7pBvMXlnaKqg	y 1990s late top
Hit and Run	Super Furry Animals	Radiator (20th Anniversary Edition)	LIKE	Vea4pVDFQjU	MPREb_3e19KFMorGL	UCWqnDhp97KMd1JguPyQOiMg	y 1990s late top
Hermann Loves Pauline	Super Furry Animals	Radiator (20th Anniversary Edition)	LIKE	QBnbv9EJbO0	MPREb_3e19KFMorGL	UCWqnDhp97KMd1JguPyQOiMg	y 1990s late top
Furryvision	Super Furry Animals	Radiator (20th Anniversary Edition)	LIKE	rleGnlOoRjA	MPREb_3e19KFMorGL	UCWqnDhp97KMd1JguPyQOiMg	y 1990s late top
Download	Super Furry Animals	Radiator (20th Anniversary Edition)	LIKE	nZ_aRIJjdtU	MPREb_3e19KFMorGL	UCWqnDhp97KMd1JguPyQOiMg	y 1990s late top
Carry the Can	Super Furry Animals	Radiator (20th Anniversary Edition)	LIKE	gkKkFX1jjDY	MPREb_3e19KFMorGL	UCWqnDhp97KMd1JguPyQOiMg	y 1990s late top
Calimero	Super Furry Animals	Radiator (20th Anniversary Edition)	LIKE	PRKlTbLUDJY	MPREb_3e19KFMorGL	UCWqnDhp97KMd1JguPyQOiMg	y 1990s late top
The Matter of Time (Ewloe Demo, March 1998)	Super Furry Animals	Guerrilla (20th Anniversary Edition)	LIKE	vOxHl5xC-Oc	MPREb_yADZR3GlZeM	UCWqnDhp97KMd1JguPyQOiMg	y 1990s late top
The Door to This House Remains Open	Super Furry Animals	Guerrilla (20th Anniversary Edition)	LIKE	f1eDTLhvCnE	MPREb_yADZR3GlZeM	UCWqnDhp97KMd1JguPyQOiMg	y 1990s late top
Some Things Come from Nothing	Super Furry Animals	Guerrilla (20th Anniversary Edition)	LIKE	8kLK_bQESns	MPREb_yADZR3GlZeM	UCWqnDhp97KMd1JguPyQOiMg	y 1990s late top
Northern Lites (Ewloe Demo, March 1998)	Super Furry Animals	Guerrilla (20th Anniversary Edition)	LIKE	QjsZP4_xj1E	MPREb_yADZR3GlZeM	UCWqnDhp97KMd1JguPyQOiMg	y 1990s late top
Northern Lites	Super Furry Animals	Guerrilla (20th Anniversary Edition)	LIKE	jWK0h3t-SLE	MPREb_yADZR3GlZeM	UCWqnDhp97KMd1JguPyQOiMg	y 1990s late top
Hand in Hand (Big Noise Demo, January 1998)	Super Furry Animals	Guerrilla (20th Anniversary Edition)	LIKE	LR8TJfP7hNU	MPREb_yADZR3GlZeM	UCWqnDhp97KMd1JguPyQOiMg	y 1990s late top
Colorblind (Big Noise Demo, January 1998)	Super Furry Animals	Guerrilla (20th Anniversary Edition)	LIKE	SMPwKK2c0H8	MPREb_yADZR3GlZeM	UCWqnDhp97KMd1JguPyQOiMg	y 1990s late top
Chewing Chewing Gum	Super Furry Animals	Guerrilla (20th Anniversary Edition)	LIKE	Z3ex0VKYHkY	MPREb_yADZR3GlZeM	UCWqnDhp97KMd1JguPyQOiMg	y 1990s late top
Sali Mali (Fulham Demo Session, Summer 1995)	Super Furry Animals	Fuzzy Logic (20th Anniversary Deluxe Edition)	LIKE	K5d-23duTRY	MPREb_IyOYXkes9f6	UCWqnDhp97KMd1JguPyQOiMg	y 1990s late top
Lazy Life (Of No Fixed Identity) (Stiwdio Ofn Demo Session, October 1995)	Super Furry Animals	Fuzzy Logic (20th Anniversary Deluxe Edition)	LIKE	G2mVg4mEjAo	MPREb_IyOYXkes9f6	UCWqnDhp97KMd1JguPyQOiMg	y 1990s late top
Lazy Life (Of No Fixed Identity)	Super Furry Animals	Fuzzy Logic (20th Anniversary Deluxe Edition)	LIKE	kBpM_xG1G5M	MPREb_IyOYXkes9f6	UCWqnDhp97KMd1JguPyQOiMg	y 1990s late top
Hometown Unicorn (Stiwdio Ofn Demo Session, October 1995)	Super Furry Animals	Fuzzy Logic (20th Anniversary Deluxe Edition)	LIKE	ZVwSLx5K6NA	MPREb_IyOYXkes9f6	UCWqnDhp97KMd1JguPyQOiMg	y 1990s late top
Hometown Unicorn (Live at the Phoenix Festival 1996)	Super Furry Animals	Fuzzy Logic (20th Anniversary Deluxe Edition)	LIKE	5UtT8lZ8Dgg	MPREb_IyOYXkes9f6	UCWqnDhp97KMd1JguPyQOiMg	y 1990s late top
Hometown Unicorn	Super Furry Animals	Fuzzy Logic (20th Anniversary Deluxe Edition)	LIKE	g9W-e9XvjT0	MPREb_IyOYXkes9f6	UCWqnDhp97KMd1JguPyQOiMg	y 1990s late top
For Now and Ever (Stiwdio Ofn Demo Session, October 1995)	Super Furry Animals	Fuzzy Logic (20th Anniversary Deluxe Edition)	LIKE	dwnBZYua55c	MPREb_IyOYXkes9f6	UCWqnDhp97KMd1JguPyQOiMg	y 1990s late top
For Now and Ever	Super Furry Animals	Fuzzy Logic (20th Anniversary Deluxe Edition)	LIKE	XxaRy7fkPwo	MPREb_IyOYXkes9f6	UCWqnDhp97KMd1JguPyQOiMg	y 1990s late top
Focus Pocus / Debiel (Live at the Phoenix Festival 1996)	Super Furry Animals	Fuzzy Logic (20th Anniversary Deluxe Edition)	LIKE	BehiBkRHKfs	MPREb_IyOYXkes9f6	UCWqnDhp97KMd1JguPyQOiMg	y 1990s late top
Don't Be a Fool, Billy	Super Furry Animals	Fuzzy Logic (20th Anniversary Deluxe Edition)	LIKE	nUXpW8HQ3nw	MPREb_IyOYXkes9f6	UCWqnDhp97KMd1JguPyQOiMg	y 1990s late top
Death by Melody (Stiwdio Ofn Demo Session, October 1995)	Super Furry Animals	Fuzzy Logic (20th Anniversary Deluxe Edition)	LIKE	InzmqfR4Uyw	MPREb_IyOYXkes9f6	UCWqnDhp97KMd1JguPyQOiMg	y 1990s late top
Death by Melody	Super Furry Animals	Fuzzy Logic (20th Anniversary Deluxe Edition)	LIKE	1TEsssoNmS0	MPREb_IyOYXkes9f6	UCWqnDhp97KMd1JguPyQOiMg	y 1990s late top
Wrong Way	Sublime	Sublime	LIKE	Zy2AaJ9AHLM	MPREb_NEUtjdYRHVt	UCPu227hd28pLRBC-S6i5e6g	y 1990s late top
What I Got (Reprise)	Sublime	Sublime	LIKE	Z54mbgerMcA	MPREb_NEUtjdYRHVt	UCPu227hd28pLRBC-S6i5e6g	y 1990s late top
What I Got	Sublime	Sublime	LIKE	0LZzpx0VLPM	MPREb_NEUtjdYRHVt	UCPu227hd28pLRBC-S6i5e6g	y 1990s late top
The Ballad Of Johnny Butt	Sublime	Sublime	LIKE	Jiobz_KTIto	MPREb_NEUtjdYRHVt	UCPu227hd28pLRBC-S6i5e6g	y 1990s late top
Seed	Sublime	Sublime	LIKE	l1UXUFBExtc	MPREb_NEUtjdYRHVt	UCPu227hd28pLRBC-S6i5e6g	y 1990s late top
Santeria	Sublime	Sublime	LIKE	2l5hR3WKL8I	MPREb_NEUtjdYRHVt	UCPu227hd28pLRBC-S6i5e6g	y 1990s late top
Same In The End	Sublime	Sublime	LIKE	yCgmo14ohog	MPREb_NEUtjdYRHVt	UCPu227hd28pLRBC-S6i5e6g	y 1990s late top
Garden Grove	Sublime	Sublime	LIKE	U3yvDIgPjfk	MPREb_NEUtjdYRHVt	UCPu227hd28pLRBC-S6i5e6g	y 1990s late top
Doin' Time	Sublime	Sublime	LIKE	H3ypeugNzYA	MPREb_NEUtjdYRHVt	UCPu227hd28pLRBC-S6i5e6g	y 1990s late top
April 29, 1992 (Miami)	Sublime	Sublime	LIKE	4ttchToDa7Y	MPREb_NEUtjdYRHVt	UCPu227hd28pLRBC-S6i5e6g	y 1990s late top
Olv 26	Stereolab	Emperor Tomato Ketchup	LIKE	axZqWiwYxbM	MPREb_DRkNeK1Qjhh	UCRUe8cfECb_SNa-Y15Z4EZw	y 1990s late top
Emperor Tomato Ketchup	Stereolab	Emperor Tomato Ketchup	LIKE	TQP1ZbnIFYo	MPREb_DRkNeK1Qjhh	UCRUe8cfECb_SNa-Y15Z4EZw	y 1990s late top
Cybele's Reverie	Stereolab	Emperor Tomato Ketchup	LIKE	HtUceMv3wjk	MPREb_DRkNeK1Qjhh	UCRUe8cfECb_SNa-Y15Z4EZw	y 1990s late top
People Do It All The Time	Stereolab	Cobra And Phases Group Play Voltage In The Milky Night (Expanded Edition)	LIKE	ZtizxEP8GiQ	MPREb_sTneGsFGPzK	UCRUe8cfECb_SNa-Y15Z4EZw	y 1990s late top
The Zenith	Starflyer 59	Starflyer 59	LIKE	AKF54b_6mZ0	MPREb_HxKPIMVwQWN	UC37v_nxUGhIPL4f8sd_W2fQ	y 1990s late top
The Dungeon	Starflyer 59	Starflyer 59	LIKE	jAv5OGWHwi8	MPREb_HxKPIMVwQWN	UC37v_nxUGhIPL4f8sd_W2fQ	y 1990s late top
She Only Knows	Starflyer 59	Starflyer 59	LIKE	Evy8R9CATb8	MPREb_HxKPIMVwQWN	UC37v_nxUGhIPL4f8sd_W2fQ	y 1990s late top
Second Space Song	Starflyer 59	Starflyer 59	LIKE	sj7gMG9hUB4	MPREb_HxKPIMVwQWN	UC37v_nxUGhIPL4f8sd_W2fQ	y 1990s late top
Monterey	Starflyer 59	Starflyer 59	LIKE	Zh2bifqymJg	MPREb_HxKPIMVwQWN	UC37v_nxUGhIPL4f8sd_W2fQ	y 1990s late top
Hazel Would (Silver Album Version)	Starflyer 59	Starflyer 59	LIKE	ha7Fz94ymik	MPREb_HxKPIMVwQWN	UC37v_nxUGhIPL4f8sd_W2fQ	y 1990s late top
Droned	Starflyer 59	Starflyer 59	LIKE	4-FXEzF03vk	MPREb_HxKPIMVwQWN	UC37v_nxUGhIPL4f8sd_W2fQ	y 1990s late top
Ladies and gentlemen we are floating in space	Spiritualized	Ladies and gentlemen we are floating in space	LIKE	-UGbOqadHb0	MPREb_Qk58gNb2JEU	UCZHwZqC6T5tjEH5XhsXh_Cw	y 1990s late top
I Think I'm in Love	Spiritualized	Ladies and gentlemen we are floating in space	LIKE	n0f2tv-Iuso	MPREb_Qk58gNb2JEU	UCZHwZqC6T5tjEH5XhsXh_Cw	y 1990s late top
Home of the Brave	Spiritualized	Ladies and gentlemen we are floating in space	LIKE	eFJngC1d2fc	MPREb_Qk58gNb2JEU	UCZHwZqC6T5tjEH5XhsXh_Cw	y 1990s late top
Broken Heart	Spiritualized	Ladies and gentlemen we are floating in space	LIKE	aovWL_qMHV0	MPREb_Qk58gNb2JEU	UCZHwZqC6T5tjEH5XhsXh_Cw	y 1990s late top
Weird Sisters	Sparklehorse	Vivadixiesubmarinetransmissionplot	LIKE	XJH4rg1n9BI	MPREb_d7ECu7LkLeJ	UCXUSugNlOmChje8FRuCiRFQ	y 1990s late top
Spirit Ditch	Sparklehorse	Vivadixiesubmarinetransmissionplot	LIKE	dgVrba_hL1o	MPREb_d7ECu7LkLeJ	UCXUSugNlOmChje8FRuCiRFQ	y 1990s late top
Sad And Beautiful World	Sparklehorse	Vivadixiesubmarinetransmissionplot	LIKE	j2eE6UVdVgs	MPREb_d7ECu7LkLeJ	UCXUSugNlOmChje8FRuCiRFQ	y 1990s late top
Heart Of Darkness	Sparklehorse	Vivadixiesubmarinetransmissionplot	LIKE	RFTfK_DLSNY	MPREb_d7ECu7LkLeJ	UCXUSugNlOmChje8FRuCiRFQ	y 1990s late top
Thru The Eyes Of Ruby	Smashing Pumpkins	Mellon Collie and the Infinite Sadness	LIKE	smNVG8wGCoE	MPREb_8cWTGHXMNFG	UCZM3bF24BS-qDMe0OigpeZw	y 1990s late top
Galapogos	Smashing Pumpkins	Mellon Collie and the Infinite Sadness	LIKE	xd6DNbez4lo	MPREb_8cWTGHXMNFG	UCZM3bF24BS-qDMe0OigpeZw	y 1990s late top
Bullet With Butterfly Wings	Smashing Pumpkins	Mellon Collie and the Infinite Sadness	LIKE	SlrxBIL3ESM	MPREb_8cWTGHXMNFG	UCZM3bF24BS-qDMe0OigpeZw	y 1990s late top
1979	Smashing Pumpkins	Mellon Collie and the Infinite Sadness	LIKE	-ooKPtvKImw	MPREb_8cWTGHXMNFG	UCZM3bF24BS-qDMe0OigpeZw	y 1990s late top
Who's There	Smash Mouth	Astro Lounge	LIKE	vz1pBYLHlkE	MPREb_zkp8vtLki50	UCV35yz91pIrWhHYkfmf4ocg	y 1990s late top
Waste	Smash Mouth	Astro Lounge	LIKE	PilwJ6WhNSM	MPREb_zkp8vtLki50	UCV35yz91pIrWhHYkfmf4ocg	y 1990s late top
Then The Morning Comes	Smash Mouth	Astro Lounge	LIKE	FvQ7iOcl3Ac	MPREb_zkp8vtLki50	UCV35yz91pIrWhHYkfmf4ocg	y 1990s late top
Stoned	Smash Mouth	Astro Lounge	LIKE	ko7oe-y8ubc	MPREb_zkp8vtLki50	UCV35yz91pIrWhHYkfmf4ocg	y 1990s late top
Satellite	Smash Mouth	Astro Lounge	LIKE	22UY0JEFHz0	MPREb_zkp8vtLki50	UCV35yz91pIrWhHYkfmf4ocg	y 1990s late top
Road Man	Smash Mouth	Astro Lounge	LIKE	SzC4c3O-Hnw	MPREb_zkp8vtLki50	UCV35yz91pIrWhHYkfmf4ocg	y 1990s late top
Radio	Smash Mouth	Astro Lounge	LIKE	XpJYiDoKY_k	MPREb_zkp8vtLki50	UCV35yz91pIrWhHYkfmf4ocg	y 1990s late top
I Just Wanna See	Smash Mouth	Astro Lounge	LIKE	ZCb_a27Wj1U	MPREb_zkp8vtLki50	UCV35yz91pIrWhHYkfmf4ocg	y 1990s late top
Home	Smash Mouth	Astro Lounge	LIKE	1Rh4XFJWcUk	MPREb_zkp8vtLki50	UCV35yz91pIrWhHYkfmf4ocg	y 1990s late top
Fallen Horses	Smash Mouth	Astro Lounge	LIKE	ppA-QtSmdgk	MPREb_zkp8vtLki50	UCV35yz91pIrWhHYkfmf4ocg	y 1990s late top
Diggin' Your Scene	Smash Mouth	Astro Lounge	LIKE	_bpCKoxlzCc	MPREb_zkp8vtLki50	UCV35yz91pIrWhHYkfmf4ocg	y 1990s late top
Defeat You	Smash Mouth	Astro Lounge	LIKE	Fc9NmMDdMFE	MPREb_zkp8vtLki50	UCV35yz91pIrWhHYkfmf4ocg	y 1990s late top
Come On, Come On	Smash Mouth	Astro Lounge	LIKE	NVxqZ6qRMzM	MPREb_zkp8vtLki50	UCV35yz91pIrWhHYkfmf4ocg	y 1990s late top
Can't Get Enough Of You Baby	Smash Mouth	Astro Lounge	LIKE	Lfk8HQtJqC0	MPREb_zkp8vtLki50	UCV35yz91pIrWhHYkfmf4ocg	y 1990s late top
All Star	Smash Mouth	Astro Lounge	LIKE	8ay_BkRuv-o	MPREb_zkp8vtLki50	UCV35yz91pIrWhHYkfmf4ocg	y 1990s late top
Rutti	Slowdive	Pygmalion	LIKE	X3UmjDqF0lc	MPREb_O2Ls1o7TBff	UC2o9vA6xBUQE6Tmk86oYQig	y 1990s late top
Blue Skied An' Clear	Slowdive	Pygmalion	LIKE	mrbFB_vTvHg	MPREb_O2Ls1o7TBff	UC2o9vA6xBUQE6Tmk86oYQig	y 1990s late top
Struggler	Slightly Stoopid	The Longest Barrel Ride	LIKE	dBr2lgS1ntU	MPREb_r8nnPJVfyru	UCr66v_8p6D0Kx0CHRQf7MKA	y 1990s late top
Roots Rip	Slightly Stoopid	The Longest Barrel Ride	LIKE	8vE5vPtMKH0	MPREb_r8nnPJVfyru	UCr66v_8p6D0Kx0CHRQf7MKA	y 1990s late top
Mr. Music	Slightly Stoopid	The Longest Barrel Ride	LIKE	rkVE_9sYYWk	MPREb_r8nnPJVfyru	UCr66v_8p6D0Kx0CHRQf7MKA	y 1990s late top
I'm so Stoned	Slightly Stoopid	The Longest Barrel Ride	LIKE	UQKaqZUMLug	MPREb_r8nnPJVfyru	UCr66v_8p6D0Kx0CHRQf7MKA	y 1990s late top
Hands of Time	Slightly Stoopid	The Longest Barrel Ride	LIKE	F3_k4BCLV7k	MPREb_r8nnPJVfyru	UCr66v_8p6D0Kx0CHRQf7MKA	y 1990s late top
Castles of Sand	Slightly Stoopid	The Longest Barrel Ride	LIKE	rKux2y9V5t8	MPREb_r8nnPJVfyru	UCr66v_8p6D0Kx0CHRQf7MKA	y 1990s late top
The Show (feat. Doug E. Fresh)	Slick Rick	The Art Of Storytelling	LIKE	s2R_C71v63E	MPREb_1TBTl21gkFI	UCib_EXltOfVOg-mk0-naNEA	y 1990s late top
Street Talkin' (feat. OutKast)	Slick Rick	The Art Of Storytelling	LIKE	czRr7oIqwfA	MPREb_1TBTl21gkFI	UCib_EXltOfVOg-mk0-naNEA	y 1990s late top
Memories	Slick Rick	The Art Of Storytelling	LIKE	qpQJaw9KNwE	MPREb_1TBTl21gkFI	UCib_EXltOfVOg-mk0-naNEA	y 1990s late top
Send in the Clouds	Silver Jews	American Water	LIKE	cGHQJBg9l30	MPREb_kzs3d4ezwE0	UCzr7LtGsgkGCMT0jHGCkVIw	y 1990s late top
Random Rules	Silver Jews	American Water	LIKE	hBAVX1oslEM	MPREb_kzs3d4ezwE0	UCzr7LtGsgkGCMT0jHGCkVIw	y 1990s late top
People	Silver Jews	American Water	LIKE	5kQJCLeHo8Y	MPREb_kzs3d4ezwE0	UCzr7LtGsgkGCMT0jHGCkVIw	y 1990s late top
Night Society	Silver Jews	American Water	LIKE	KkYxp53rYt4	MPREb_kzs3d4ezwE0	UCzr7LtGsgkGCMT0jHGCkVIw	y 1990s late top
Federal Dust	Silver Jews	American Water	LIKE	S1Y5B-wxTi4	MPREb_kzs3d4ezwE0	UCzr7LtGsgkGCMT0jHGCkVIw	y 1990s late top
Blue Arrangements	Silver Jews	American Water	LIKE	jRNeA_ZRM7c	MPREb_kzs3d4ezwE0	UCzr7LtGsgkGCMT0jHGCkVIw	y 1990s late top
Ágætis byrjun	Sigur Rós	Ágætis byrjun	LIKE	MHTRGBdH-s4	MPREb_m66VrCVOY5u	UCgI0KusPV2kAfsflrsAunUw	y 1990s late top
Svefn-g-englar	Sigur Rós	Ágætis byrjun	LIKE	VCVtqwu3_vg	MPREb_m66VrCVOY5u	UCgI0KusPV2kAfsflrsAunUw	y 1990s late top
Starálfur	Sigur Rós	Ágætis byrjun	LIKE	7fEUUnXDnbk	MPREb_m66VrCVOY5u	UCgI0KusPV2kAfsflrsAunUw	y 1990s late top
Ný batterí	Sigur Rós	Ágætis byrjun	LIKE	TU9T3T2pmjQ	MPREb_m66VrCVOY5u	UCgI0KusPV2kAfsflrsAunUw	y 1990s late top
Avalon	Sigur Rós	Ágætis byrjun	LIKE	vwf4Z941jAA	MPREb_m66VrCVOY5u	UCgI0KusPV2kAfsflrsAunUw	y 1990s late top
Ya Money or Ya Life	Scarface	The Untouchable	LIKE	eVh8UdwJWOY	MPREb_OTNo7j02Ve3	UC9v3AUfaYiap8vPHN5lyOYQ	y 1990s late top
Smartz (feat. Devin the Dude)	Scarface	The Untouchable	LIKE	rh577EZjZaA	MPREb_OTNo7j02Ve3	UC9v3AUfaYiap8vPHN5lyOYQ	y 1990s late top
Money Makes The World Go Round (feat. Daz Dillinger, Devin the Dude & K.B.)	Scarface	The Untouchable	LIKE	y3O8sBOrQHA	MPREb_OTNo7j02Ve3	UC9v3AUfaYiap8vPHN5lyOYQ	y 1990s late top
Game Over (feat. Dr. Dre, Ice Cube & Too $hort)	Scarface	The Untouchable	LIKE	saYYBFbxxG4	MPREb_OTNo7j02Ve3	UC9v3AUfaYiap8vPHN5lyOYQ	y 1990s late top
Smooth (feat. Rob Thomas)	Santana	Supernatural (Remastered)	LIKE	mom2TLs3Fi0	MPREb_kw8Dova0NEd	UCX0rR7x8-nLew2t8UH-n2aw	y 1990s late top
Put Your Lights On (feat. Everlast)	Santana	Supernatural (Remastered)	LIKE	nJ3Yb2L2838	MPREb_kw8Dova0NEd	UCX0rR7x8-nLew2t8UH-n2aw	y 1990s late top
Maria Maria (feat. The Product G&B)	Santana	Supernatural (Remastered)	LIKE	Y9XXeznskQ4	MPREb_kw8Dova0NEd	UCX0rR7x8-nLew2t8UH-n2aw	y 1990s late top
El Farol	Santana	Supernatural (Remastered)	LIKE	8j9YzYZyEK8	MPREb_kw8Dova0NEd	UCX0rR7x8-nLew2t8UH-n2aw	y 1990s late top
Westside Baby	Roy Gaines	I Got The T-Bone Walker Blues	LIKE	TARhYwNXIzw	MPREb_LI0YLJnLJrm	UCA69ddID2KdMfwzDN7tl-5Q	y 1990s late top
That Old Feeling Is Gone	Roy Gaines	I Got The T-Bone Walker Blues	LIKE	8Mdd_n2PArE	MPREb_LI0YLJnLJrm	UCA69ddID2KdMfwzDN7tl-5Q	y 1990s late top
T-Bone Blues	Roy Gaines	I Got The T-Bone Walker Blues	LIKE	_9VHtD66Wdo	MPREb_LI0YLJnLJrm	UCA69ddID2KdMfwzDN7tl-5Q	y 1990s late top
I'm in an Awful Mood	Roy Gaines	I Got The T-Bone Walker Blues	LIKE	pNnyOcOEHvQ	MPREb_LI0YLJnLJrm	UCA69ddID2KdMfwzDN7tl-5Q	y 1990s late top
Dreamgirl	Roy Gaines	I Got The T-Bone Walker Blues	LIKE	ULtjVwKAlBI	MPREb_LI0YLJnLJrm	UCA69ddID2KdMfwzDN7tl-5Q	y 1990s late top
Children (Dream Version)	Robert Miles	Dreamland	LIKE	z9b09Ljnh0k	MPREb_CiK7LtJTJKg	UCjajR5zYvScnPxwa0myZtrQ	y 1990s late top
Whateva Man (feat. Erick Sermon)	Redman	Muddy Waters	LIKE	Pv_cNS8zTcU	MPREb_BGjBfQeWmju	UC9QGE9WThC4e-1l7OOeFhKw	y 1990s late top
Pick It Up	Redman	Muddy Waters	LIKE	r0OG2HOwz3Y	MPREb_BGjBfQeWmju	UC9QGE9WThC4e-1l7OOeFhKw	y 1990s late top
Do What U Feel	Redman	Muddy Waters	LIKE	6XkHJouAqqE	MPREb_BGjBfQeWmju	UC9QGE9WThC4e-1l7OOeFhKw	y 1990s late top
Scar Tissue	Red Hot Chili Peppers	Californication	LIKE	U7k2qv8KTDI	MPREb_vXDfRZDGgb3	UCrSorX845CEWXzU4Z7BojjA	y 1990s late top
Savior	Red Hot Chili Peppers	Californication	LIKE	UijW9hGpnzc	MPREb_vXDfRZDGgb3	UCrSorX845CEWXzU4Z7BojjA	y 1990s late top
Road Trippin'	Red Hot Chili Peppers	Californication	LIKE	hNnA8ZLQwpk	MPREb_vXDfRZDGgb3	UCrSorX845CEWXzU4Z7BojjA	y 1990s late top
Porcelain	Red Hot Chili Peppers	Californication	LIKE	j0tHXHcq724	MPREb_vXDfRZDGgb3	UCrSorX845CEWXzU4Z7BojjA	y 1990s late top
Parallel Universe	Red Hot Chili Peppers	Californication	LIKE	N5Vgm6-KO3o	MPREb_vXDfRZDGgb3	UCrSorX845CEWXzU4Z7BojjA	y 1990s late top
Otherside	Red Hot Chili Peppers	Californication	LIKE	LCZLCG4JFm4	MPREb_vXDfRZDGgb3	UCrSorX845CEWXzU4Z7BojjA	y 1990s late top
Easily	Red Hot Chili Peppers	Californication	LIKE	C-2xtTpgQXM	MPREb_vXDfRZDGgb3	UCrSorX845CEWXzU4Z7BojjA	y 1990s late top
Californication	Red Hot Chili Peppers	Californication	LIKE	OtXiwSCq99Q	MPREb_vXDfRZDGgb3	UCrSorX845CEWXzU4Z7BojjA	y 1990s late top
Around the World	Red Hot Chili Peppers	Californication	LIKE	iiupU-K_TKE	MPREb_vXDfRZDGgb3	UCrSorX845CEWXzU4Z7BojjA	y 1990s late top
Time Bomb	Rancid	...And Out Come The Wolves	LIKE	PcCm0lcktUo	MPREb_kLTVwNL5iEH	UC5UyvYJVUtezUGNJ4c29GbA	y 1990s late top
Ruby Soho	Rancid	...And Out Come The Wolves	LIKE	Yh75ydSENN0	MPREb_kLTVwNL5iEH	UC5UyvYJVUtezUGNJ4c29GbA	y 1990s late top
When I B On Tha Mic	Rakim	The Master	LIKE	bs5hFgVpGME	MPREb_0AnCfHfjtnC	UCFMS1sbij1WaZzZpnBDCs3A	y 1990s late top
Waiting For The World To End	Rakim	The Master	LIKE	8XhT2jBqOhI	MPREb_0AnCfHfjtnC	UCFMS1sbij1WaZzZpnBDCs3A	y 1990s late top
Uplift	Rakim	The Master	LIKE	eFlcwQGehR0	MPREb_0AnCfHfjtnC	UCFMS1sbij1WaZzZpnBDCs3A	y 1990s late top
Real Shit	Rakim	The Master	LIKE	xL2_8zfyrOI	MPREb_0AnCfHfjtnC	UCFMS1sbij1WaZzZpnBDCs3A	y 1990s late top
The 18th Letter (Always And Forever)	Rakim	The 18th Letter	LIKE	Uycru4y0sv8	MPREb_J5dWJIfm9nJ	UCFMS1sbij1WaZzZpnBDCs3A	y 1990s late top
New York (Ya Out There)	Rakim	The 18th Letter	LIKE	Mu13XhTDwyI	MPREb_J5dWJIfm9nJ	UCFMS1sbij1WaZzZpnBDCs3A	y 1990s late top
It's Been A Long Time	Rakim	The 18th Letter	LIKE	qWPmRSYq-f8	MPREb_J5dWJIfm9nJ	UCFMS1sbij1WaZzZpnBDCs3A	y 1990s late top
Guess Who's Back (Alternate Mix)	Rakim	The 18th Letter	LIKE	3m3iPhx5pro	MPREb_J5dWJIfm9nJ	UCFMS1sbij1WaZzZpnBDCs3A	y 1990s late top
Guess Who's Back	Rakim	The 18th Letter	LIKE	A3MMhhcbYa8	MPREb_J5dWJIfm9nJ	UCFMS1sbij1WaZzZpnBDCs3A	y 1990s late top
Testify	Rage Against The Machine	The Battle Of Los Angeles	LIKE	DVB3upn54AY	MPREb_mAhgIlELEdN	UCg4nBubbzhYXjudOxPi9V7w	y 1990s late top
Guerrilla Radio	Rage Against The Machine	The Battle Of Los Angeles	LIKE	FFMyMwjWqXs	MPREb_mAhgIlELEdN	UCg4nBubbzhYXjudOxPi9V7w	y 1990s late top
Bulls On Parade	Rage Against The Machine	Evil Empire	LIKE	DvdeE6KzrTc	MPREb_DPmt0XDWuF5	UCg4nBubbzhYXjudOxPi9V7w	y 1990s late top
Wu-Gambinos (Hidden Chambers Remix) (feat. Raekwon, Ghostface Killah, Method Man & Masta Killa)	Raekwon	Only Built 4 Cuban Linx...	LIKE	TXKkAAW6SC0	MPREb_Z2U9PujcM92	UC5xA-S_yp5X9nRWM8d-Iheg	y 1990s late top
Verbal Intercourse (feat. Raekwon & Ghostface Killah)	Raekwon	Only Built 4 Cuban Linx...	LIKE	8YmxC7AFYNs	MPREb_Z2U9PujcM92	UC5xA-S_yp5X9nRWM8d-Iheg	y 1990s late top
Knowledge God	Raekwon	Only Built 4 Cuban Linx...	LIKE	MzH5_AWqbio	MPREb_Z2U9PujcM92	UC5xA-S_yp5X9nRWM8d-Iheg	y 1990s late top
Incarcerated Scarfaces	Raekwon	Only Built 4 Cuban Linx...	LIKE	_xj5AcHcl9E	MPREb_Z2U9PujcM92	UC5xA-S_yp5X9nRWM8d-Iheg	y 1990s late top
Ice Cream (feat. Ghostface Killah, Method Man & Cappadonna)	Raekwon	Only Built 4 Cuban Linx...	LIKE	XzkHQlR4Hzo	MPREb_Z2U9PujcM92	UC5xA-S_yp5X9nRWM8d-Iheg	y 1990s late top
Heaven & Hell (feat. Ghostface Killah)	Raekwon	Only Built 4 Cuban Linx...	LIKE	fZSUW_uELQQ	MPREb_Z2U9PujcM92	UC5xA-S_yp5X9nRWM8d-Iheg	y 1990s late top
Guillotine (Swordz) (feat. Ghostface Killah, Inspectah Deck & GZA (Genius))	Raekwon	Only Built 4 Cuban Linx...	LIKE	LB5iikR7aT0	MPREb_Z2U9PujcM92	UC5xA-S_yp5X9nRWM8d-Iheg	y 1990s late top
Glaciers of Ice (feat. Ghostface Killah & Masta Killa)	Raekwon	Only Built 4 Cuban Linx...	LIKE	EwakmiKoGUo	MPREb_Z2U9PujcM92	UC5xA-S_yp5X9nRWM8d-Iheg	y 1990s late top
Criminology (feat. Ghostface Killah)	Raekwon	Only Built 4 Cuban Linx...	LIKE	p497-78aBx0	MPREb_Z2U9PujcM92	UC5xA-S_yp5X9nRWM8d-Iheg	y 1990s late top
My Iron Lung	Radiohead	The Bends	LIKE	eHK67LiMI8k	MPREb_xsmDKhqhQrG	UCr_iyUANcn9OX_yy9piYoLw	y 1990s late top
Just	Radiohead	The Bends	LIKE	Qnk4jiWamm4	MPREb_xsmDKhqhQrG	UCr_iyUANcn9OX_yy9piYoLw	y 1990s late top
High and Dry	Radiohead	The Bends	LIKE	7fv84nPfTH0	MPREb_xsmDKhqhQrG	UCr_iyUANcn9OX_yy9piYoLw	y 1990s late top
Fake Plastic Trees	Radiohead	The Bends	LIKE	6gDhsUWCHrg	MPREb_xsmDKhqhQrG	UCr_iyUANcn9OX_yy9piYoLw	y 1990s late top
Black Star	Radiohead	The Bends	LIKE	d7lbzUUXj0k	MPREb_xsmDKhqhQrG	UCr_iyUANcn9OX_yy9piYoLw	y 1990s late top
The Tourist	Radiohead	OK Computer	LIKE	HkgzObf8uVU	MPREb_yXhSI4FCUo6	UCr_iyUANcn9OX_yy9piYoLw	y 1990s late top
Subterranean Homesick Alien	Radiohead	OK Computer	LIKE	_fTWmUlTEqE	MPREb_yXhSI4FCUo6	UCr_iyUANcn9OX_yy9piYoLw	y 1990s late top
Paranoid Android	Radiohead	OK Computer	LIKE	YTH8cxXBGBo	MPREb_yXhSI4FCUo6	UCr_iyUANcn9OX_yy9piYoLw	y 1990s late top
No Surprises	Radiohead	OK Computer	LIKE	LBt60dfwEBY	MPREb_yXhSI4FCUo6	UCr_iyUANcn9OX_yy9piYoLw	y 1990s late top
Lucky	Radiohead	OK Computer	LIKE	yuZYQvvLXVY	MPREb_yXhSI4FCUo6	UCr_iyUANcn9OX_yy9piYoLw	y 1990s late top
Let Down	Radiohead	OK Computer	LIKE	duBCwvC1kP4	MPREb_yXhSI4FCUo6	UCr_iyUANcn9OX_yy9piYoLw	y 1990s late top
Karma Police	Radiohead	OK Computer	LIKE	4IJI6soiQhI	MPREb_yXhSI4FCUo6	UCr_iyUANcn9OX_yy9piYoLw	y 1990s late top
Fitter Happier	Radiohead	OK Computer	LIKE	O4SzvsMFaek	MPREb_yXhSI4FCUo6	UCr_iyUANcn9OX_yy9piYoLw	y 1990s late top
Exit Music (For A Film)	Radiohead	OK Computer	LIKE	Bf01riuiJWA	MPREb_yXhSI4FCUo6	UCr_iyUANcn9OX_yy9piYoLw	y 1990s late top
Electioneering	Radiohead	OK Computer	LIKE	3DtgWrFTtQk	MPREb_yXhSI4FCUo6	UCr_iyUANcn9OX_yy9piYoLw	y 1990s late top
Climbing Up the Walls	Radiohead	OK Computer	LIKE	XX4EpkR-Sp4	MPREb_yXhSI4FCUo6	UCr_iyUANcn9OX_yy9piYoLw	y 1990s late top
Airbag	Radiohead	OK Computer	LIKE	jNY_wLukVW0	MPREb_yXhSI4FCUo6	UCr_iyUANcn9OX_yy9piYoLw	y 1990s late top
See What My Buddy Done	R.L. Burnside	Mississippi Hill Country Blues	LIKE	urWf7m1_GtY	MPREb_88QCbpv1hqd	UCknf9wZF2_lNW40-uMMcNYA	y 1990s late top
Poor Boy	R.L. Burnside	Mississippi Hill Country Blues	LIKE	t60gsp9offY	MPREb_88QCbpv1hqd	UCknf9wZF2_lNW40-uMMcNYA	y 1990s late top
Poor Black Mattie	R.L. Burnside	Mississippi Hill Country Blues	LIKE	jgkmMqiBP9g	MPREb_88QCbpv1hqd	UCknf9wZF2_lNW40-uMMcNYA	y 1990s late top
Mellow Peaches	R.L. Burnside	Mississippi Hill Country Blues	LIKE	vcx1lr9YXJA	MPREb_88QCbpv1hqd	UCknf9wZF2_lNW40-uMMcNYA	y 1990s late top
Lost Without Your Love	R.L. Burnside	Mississippi Hill Country Blues	LIKE	fUopU0R-6rg	MPREb_88QCbpv1hqd	UCknf9wZF2_lNW40-uMMcNYA	y 1990s late top
I Believe	R.L. Burnside	Mississippi Hill Country Blues	LIKE	AhZFiyBiwOU	MPREb_88QCbpv1hqd	UCknf9wZF2_lNW40-uMMcNYA	y 1990s late top
Greyhound Bus Station	R.L. Burnside	Mississippi Hill Country Blues	LIKE	NLYEozvYMsU	MPREb_88QCbpv1hqd	UCknf9wZF2_lNW40-uMMcNYA	y 1990s late top
Gone so Long	R.L. Burnside	Mississippi Hill Country Blues	LIKE	yPgQUnw8cUg	MPREb_88QCbpv1hqd	UCknf9wZF2_lNW40-uMMcNYA	y 1990s late top
Don't Care How Long You're Gone	R.L. Burnside	Mississippi Hill Country Blues	LIKE	18ahx4DovtA	MPREb_88QCbpv1hqd	UCknf9wZF2_lNW40-uMMcNYA	y 1990s late top
Crying Won't Make Me Stay	R.L. Burnside	Mississippi Hill Country Blues	LIKE	BHUhx6JMrTE	MPREb_88QCbpv1hqd	UCknf9wZF2_lNW40-uMMcNYA	y 1990s late top
Shake 'Em on Down	R.L. Burnside	A Ass Pocket of Whiskey	LIKE	OR2U8FxdizU	MPREb_SkTfj8SGfOJ	UCknf9wZF2_lNW40-uMMcNYA	y 1990s late top
Poor Boy	R.L. Burnside	A Ass Pocket of Whiskey	LIKE	2hSv8HiR3D0	MPREb_SkTfj8SGfOJ	UCknf9wZF2_lNW40-uMMcNYA	y 1990s late top
Goin' Down South	R.L. Burnside	A Ass Pocket of Whiskey	LIKE	KIfB4WrGXEE	MPREb_SkTfj8SGfOJ	UCknf9wZF2_lNW40-uMMcNYA	y 1990s late top
Let's Ride	Q-Tip	Amplified	LIKE	wanj_QilBrQ	MPREb_WwdANDmhD90	UCe0gK3BlE7ZD1fekT0LxBiA	y 1990s late top
Higher	Q-Tip	Amplified	LIKE	-1hXIdArTog	MPREb_WwdANDmhD90	UCe0gK3BlE7ZD1fekT0LxBiA	y 1990s late top
Go Hard	Q-Tip	Amplified	LIKE	sVdMhat47Ss	MPREb_WwdANDmhD90	UCe0gK3BlE7ZD1fekT0LxBiA	y 1990s late top
Mis-Shapes	Pulp	Different Class	LIKE	2fD6kxn1zjI	MPREb_h8ilQLzE4bW	UCestUWVB5ZScrn9_51Rj1ig	y 1990s late top
Common People (Full Length Version)	Pulp	Different Class	LIKE	t7HNUVCv_X0	MPREb_h8ilQLzE4bW	UCestUWVB5ZScrn9_51Rj1ig	y 1990s late top
Young G's (feat. Jay-Z & The Notorious B.I.G.)	Puff Daddy & The Family	No Way Out	LIKE	arV2wCB7ES4	MPREb_8Qt9TgYx7l8	UCa7UEhon5aHfncjkOWgwRDA	y 1990s late top
Is This the End? (feat. Carl Thomas, Ginuwine & Twista)	Puff Daddy & The Family	No Way Out	LIKE	iF2zEKrlKOk	MPREb_8Qt9TgYx7l8	UCa7UEhon5aHfncjkOWgwRDA	y 1990s late top
Victory (feat. Busta Rhymes & The Notorious B.I.G.)	Puff Daddy	No Way Out	LIKE	8QTT3i7mrVM	MPREb_8Qt9TgYx7l8	UCa7UEhon5aHfncjkOWgwRDA	y 1990s late top
It's All About the Benjamins [Remix] (feat. The Lox, Lil' Kim & The Notorious B.I.G.)	Puff Daddy	No Way Out	LIKE	Qfum1JdJwfg	MPREb_8Qt9TgYx7l8	UCa7UEhon5aHfncjkOWgwRDA	y 1990s late top
Wynona's Big Brown Beaver	Primus	Tales From The Punchbowl	LIKE	gjZMHkvN5GQ	MPREb_lbHawdXh2yt	UC_g748A40yHw0fQjXRqZYug	y 1990s late top
Southbound Pachyderm	Primus	Tales From The Punchbowl	LIKE	lSlo_YAomhw	MPREb_lbHawdXh2yt	UC_g748A40yHw0fQjXRqZYug	y 1990s late top
Strangers (Live)	Portishead	Roseland NYC Live	LIKE	qkbHXvZgycU	MPREb_e74F4A8mR2N	UCweAx0TIRdAylp6G1nviqbQ	y 1990s late top
Sour Times (Live)	Portishead	Roseland NYC Live	LIKE	37TWUopJD_E	MPREb_e74F4A8mR2N	UCweAx0TIRdAylp6G1nviqbQ	y 1990s late top
Roads (Live)	Portishead	Roseland NYC Live	LIKE	yRhho0qhaW0	MPREb_e74F4A8mR2N	UCweAx0TIRdAylp6G1nviqbQ	y 1990s late top
Over (Live)	Portishead	Roseland NYC Live	LIKE	gZ1jxZPjgVc	MPREb_e74F4A8mR2N	UCweAx0TIRdAylp6G1nviqbQ	y 1990s late top
Only You (Live)	Portishead	Roseland NYC Live	LIKE	GLVmUTHPHL8	MPREb_e74F4A8mR2N	UCweAx0TIRdAylp6G1nviqbQ	y 1990s late top
Mysterons (Live)	Portishead	Roseland NYC Live	LIKE	8lBS-wPrsEo	MPREb_e74F4A8mR2N	UCweAx0TIRdAylp6G1nviqbQ	y 1990s late top
Humming (Live)	Portishead	Roseland NYC Live	LIKE	DAFV5RFmY9Y	MPREb_e74F4A8mR2N	UCweAx0TIRdAylp6G1nviqbQ	y 1990s late top
Half Day Closing (Live)	Portishead	Roseland NYC Live	LIKE	Jq-1bdDf6Kk	MPREb_e74F4A8mR2N	UCweAx0TIRdAylp6G1nviqbQ	y 1990s late top
Glory Box (Live)	Portishead	Roseland NYC Live	LIKE	JBfAtRvW1Ao	MPREb_e74F4A8mR2N	UCweAx0TIRdAylp6G1nviqbQ	y 1990s late top
Cowboys (Live)	Portishead	Roseland NYC Live	LIKE	h_zfa8JNOqE	MPREb_e74F4A8mR2N	UCweAx0TIRdAylp6G1nviqbQ	y 1990s late top
All Mine (Live)	Portishead	Roseland NYC Live	LIKE	tJLOA22ot08	MPREb_e74F4A8mR2N	UCweAx0TIRdAylp6G1nviqbQ	y 1990s late top
Western Eyes	Portishead	Portishead	LIKE	tz-QNii79lI	MPREb_sQKVO7hTCnO	UCweAx0TIRdAylp6G1nviqbQ	y 1990s late top
Undenied	Portishead	Portishead	LIKE	G4L55AihnUA	MPREb_sQKVO7hTCnO	UCweAx0TIRdAylp6G1nviqbQ	y 1990s late top
Seven Months	Portishead	Portishead	LIKE	UKoHoIVnoeY	MPREb_sQKVO7hTCnO	UCweAx0TIRdAylp6G1nviqbQ	y 1990s late top
Over	Portishead	Portishead	LIKE	2bADn4V4W2o	MPREb_sQKVO7hTCnO	UCweAx0TIRdAylp6G1nviqbQ	y 1990s late top
Only You	Portishead	Portishead	LIKE	kKSXBc2bwXs	MPREb_sQKVO7hTCnO	UCweAx0TIRdAylp6G1nviqbQ	y 1990s late top
Mourning Air	Portishead	Portishead	LIKE	aIfSHncfhsU	MPREb_sQKVO7hTCnO	UCweAx0TIRdAylp6G1nviqbQ	y 1990s late top
Humming	Portishead	Portishead	LIKE	-kXC6omhB_w	MPREb_sQKVO7hTCnO	UCweAx0TIRdAylp6G1nviqbQ	y 1990s late top
Half Day Closing	Portishead	Portishead	LIKE	X77qC-9YrpQ	MPREb_sQKVO7hTCnO	UCweAx0TIRdAylp6G1nviqbQ	y 1990s late top
Elysium	Portishead	Portishead	LIKE	9emetvyFwY4	MPREb_sQKVO7hTCnO	UCweAx0TIRdAylp6G1nviqbQ	y 1990s late top
Cowboys	Portishead	Portishead	LIKE	ApQpx-MVk0w	MPREb_sQKVO7hTCnO	UCweAx0TIRdAylp6G1nviqbQ	y 1990s late top
All Mine	Portishead	Portishead	LIKE	ymEjfp_o-yQ	MPREb_sQKVO7hTCnO	UCweAx0TIRdAylp6G1nviqbQ	y 1990s late top
Waiting Phase One	Porcupine Tree	Signify (Remaster)	LIKE	qF9AARpa_o0	MPREb_DEXw194kVGy	UCc3TEf15ldupda3ifbVzNMA	y 1990s late top
Pagan	Porcupine Tree	Signify (Remaster)	LIKE	2ufrCMZIZN8	MPREb_DEXw194kVGy	UCc3TEf15ldupda3ifbVzNMA	y 1990s late top
Idiot Prayer	Porcupine Tree	Signify (Remaster)	LIKE	hOuGNbd9u5s	MPREb_DEXw194kVGy	UCc3TEf15ldupda3ifbVzNMA	y 1990s late top
Every Home Is Wired	Porcupine Tree	Signify (Remaster)	LIKE	OriY7XsDCB4	MPREb_DEXw194kVGy	UCc3TEf15ldupda3ifbVzNMA	y 1990s late top
'Light Mass Prayers'	Porcupine Tree	Signify (Remaster)	LIKE	mIBDPMc_x4w	MPREb_DEXw194kVGy	UCc3TEf15ldupda3ifbVzNMA	y 1990s late top
Where Is My Mind?	Pixies	Death to the Pixies	LIKE	49FB9hhoO6c	MPREb_FphDKHWtHqG	UCRt5ckI8kNVMFr-jyj1IIVg	y 1990s late top
Henry, Colombier: Messe pour le temps présent - 4. Teen Tonic	Pierre Henry	Pierre Henry: Messe Pour Le Temps Present	LIKE	iBwGvL4N1zM	MPREb_qeFFJfSVTpw	UCQrEDiZQMYneZ5lhXxC4-PA	y 1990s late top
Henry, Colombier: Messe pour le temps présent - 2. Psyché rock	Pierre Henry	Pierre Henry: Messe Pour Le Temps Present	LIKE	dqgplr_zKI8	MPREb_qeFFJfSVTpw	UCQrEDiZQMYneZ5lhXxC4-PA	y 1990s late top
Free	Phish	Billy Breathes	LIKE	D0JpbfeT5Ds	MPREb_kWJjbVpUGMe	UCHzSA59X-pZa_nfvvcf_qcQ	y 1990s late top
Mind over Matter	Pete Rock	Center of Attention	LIKE	XKzGcAY2c14	MPREb_FDoWOYRPs8H	UCOwnuQTYOU-1hE4rGM2ohAg	y 1990s late top
Grown Man Sport	Pete Rock	Center of Attention	LIKE	EK8-EOvY8kY	MPREb_FDoWOYRPs8H	UCOwnuQTYOU-1hE4rGM2ohAg	y 1990s late top
Rattled by the Rush	Pavement	Wowee Zowee	LIKE	t-zJtZfj-so	MPREb_qykMXoye1Ce	UCxVgV50bfT-UB-hcpaZqmoQ	y 1990s late top
AT&T	Pavement	Wowee Zowee	LIKE	cKXtypyTgHY	MPREb_qykMXoye1Ce	UCxVgV50bfT-UB-hcpaZqmoQ	y 1990s late top
Type Slowly	Pavement	Brighten the Corners	LIKE	WMDWPH4oKwo	MPREb_tYY7JstkbMO	UCxVgV50bfT-UB-hcpaZqmoQ	y 1990s late top
Transport Is Arranged	Pavement	Brighten the Corners	LIKE	glYz2G76Wfc	MPREb_tYY7JstkbMO	UCxVgV50bfT-UB-hcpaZqmoQ	y 1990s late top
Stereo	Pavement	Brighten the Corners	LIKE	d1WGMY5-3w4	MPREb_tYY7JstkbMO	UCxVgV50bfT-UB-hcpaZqmoQ	y 1990s late top
Starlings of the Slipstream	Pavement	Brighten the Corners	LIKE	0tCAyB9pf1Y	MPREb_tYY7JstkbMO	UCxVgV50bfT-UB-hcpaZqmoQ	y 1990s late top
Shady Lane	Pavement	Brighten the Corners	LIKE	ixncbflEqes	MPREb_tYY7JstkbMO	UCxVgV50bfT-UB-hcpaZqmoQ	y 1990s late top
Old to Begin	Pavement	Brighten the Corners	LIKE	xAjkbuKEm7Q	MPREb_tYY7JstkbMO	UCxVgV50bfT-UB-hcpaZqmoQ	y 1990s late top
Fin	Pavement	Brighten the Corners	LIKE	btQj04iPXkg	MPREb_tYY7JstkbMO	UCxVgV50bfT-UB-hcpaZqmoQ	y 1990s late top
Embassy Row	Pavement	Brighten the Corners	LIKE	KPorPHX_XSU	MPREb_tYY7JstkbMO	UCxVgV50bfT-UB-hcpaZqmoQ	y 1990s late top
Date w/ IKEA	Pavement	Brighten the Corners	LIKE	V434H3gPTyo	MPREb_tYY7JstkbMO	UCxVgV50bfT-UB-hcpaZqmoQ	y 1990s late top
Souvenir (2020 Remaster) (feat. Jeff Lynne)	Paul McCartney	Flaming Pie	LIKE	W7I31xjMmLo	MPREb_XmtcPRqVPMj	UC0guXwTSf4hAOvCSgmViojw	y 1990s late top
Somedays (2020 Remaster)	Paul McCartney	Flaming Pie	LIKE	2O99sG8aqGo	MPREb_XmtcPRqVPMj	UC0guXwTSf4hAOvCSgmViojw	y 1990s late top
If You Wanna (2020 Remaster) (feat. Steve Miller)	Paul McCartney	Flaming Pie	LIKE	Pu83Q-mD__k	MPREb_XmtcPRqVPMj	UC0guXwTSf4hAOvCSgmViojw	y 1990s late top
Heaven On A Sunday (2020 Remaster) (feat. Jeff Lynne, James McCartney & Linda McCartney)	Paul McCartney	Flaming Pie	LIKE	coe_Kq1BraM	MPREb_XmtcPRqVPMj	UC0guXwTSf4hAOvCSgmViojw	y 1990s late top
Great Day (2020 Remaster) (feat. Linda McCartney)	Paul McCartney	Flaming Pie	LIKE	MI7WmI2iOco	MPREb_XmtcPRqVPMj	UC0guXwTSf4hAOvCSgmViojw	y 1990s late top
Do While ⌘X	Oval	94diskont.	LIKE	RYSTR9bA9wQ	MPREb_DhxQRDajFZD	UCpUbumSCuLIvDI6r1h1j_Sg	y 1990s late top
Do While	Oval	94diskont.	LIKE	kZiFe6iT2qI	MPREb_DhxQRDajFZD	UCpUbumSCuLIvDI6r1h1j_Sg	y 1990s late top
Cross Selling	Oval	94diskont.	LIKE	o8hRqP-Prfg	MPREb_DhxQRDajFZD	UCpUbumSCuLIvDI6r1h1j_Sg	y 1990s late top
Synthesizer (feat. Outkast)	Outkast	Aquemini	LIKE	jOGE2Ejn8GU	MPREb_7tDaxFl3XwZ	UCpJG35xsNdMgxsXn7kqG4Ew	y 1990s late top
SpottieOttieDopaliscious	Outkast	Aquemini	LIKE	dIPJfdjnR_8	MPREb_7tDaxFl3XwZ	UCpJG35xsNdMgxsXn7kqG4Ew	y 1990s late top
Rosa Parks	Outkast	Aquemini	LIKE	oGT9W_Hqzrk	MPREb_7tDaxFl3XwZ	UCpJG35xsNdMgxsXn7kqG4Ew	y 1990s late top
Liberation	Outkast	Aquemini	LIKE	iIreOrdYvLM	MPREb_7tDaxFl3XwZ	UCpJG35xsNdMgxsXn7kqG4Ew	y 1990s late top
Da Art of Storytellin' (Pt. 1)	Outkast	Aquemini	LIKE	qgnHmtsjFN4	MPREb_7tDaxFl3XwZ	UCpJG35xsNdMgxsXn7kqG4Ew	y 1990s late top
Aquemini	Outkast	Aquemini	LIKE	M4fwLA1_ARM	MPREb_7tDaxFl3XwZ	UCpJG35xsNdMgxsXn7kqG4Ew	y 1990s late top
Wheelz of Steel	Outkast	ATLiens (25th Anniversary Deluxe Edition)	LIKE	VJCNqtooN1M	MPREb_CrPmepvxfiV	UCpJG35xsNdMgxsXn7kqG4Ew	y 1990s late top
Two Dope Boyz (In a Cadillac) (Instrumental)	Outkast	ATLiens (25th Anniversary Deluxe Edition)	LIKE	jz0cRGOl4Yk	MPREb_CrPmepvxfiV	UCpJG35xsNdMgxsXn7kqG4Ew	y 1990s late top
Two Dope Boyz (In a Cadillac)	Outkast	ATLiens (25th Anniversary Deluxe Edition)	LIKE	mgezlfwWY0Q	MPREb_CrPmepvxfiV	UCpJG35xsNdMgxsXn7kqG4Ew	y 1990s late top
Mainstream (Instrumental)	Outkast	ATLiens (25th Anniversary Deluxe Edition)	LIKE	9SkMYMC7gcM	MPREb_CrPmepvxfiV	UCpJG35xsNdMgxsXn7kqG4Ew	y 1990s late top
Mainstream	Outkast	ATLiens (25th Anniversary Deluxe Edition)	LIKE	MteEB_Tia2o	MPREb_CrPmepvxfiV	UCpJG35xsNdMgxsXn7kqG4Ew	y 1990s late top
Jazzy Belle	Outkast	ATLiens (25th Anniversary Deluxe Edition)	LIKE	VWSZnHtcW1g	MPREb_CrPmepvxfiV	UCpJG35xsNdMgxsXn7kqG4Ew	y 1990s late top
Elevators (Me & You) (ONP 86 Instrumental)	Outkast	ATLiens (25th Anniversary Deluxe Edition)	LIKE	_gUCeqk467w	MPREb_CrPmepvxfiV	UCpJG35xsNdMgxsXn7kqG4Ew	y 1990s late top
Elevators (Me & You) (Instrumental)	Outkast	ATLiens (25th Anniversary Deluxe Edition)	LIKE	jLzbeI0rvUw	MPREb_CrPmepvxfiV	UCpJG35xsNdMgxsXn7kqG4Ew	y 1990s late top
Elevators (Me & You)	Outkast	ATLiens (25th Anniversary Deluxe Edition)	LIKE	T-tauH80mFI	MPREb_CrPmepvxfiV	UCpJG35xsNdMgxsXn7kqG4Ew	y 1990s late top
ATLiens (Instrumental)	Outkast	ATLiens (25th Anniversary Deluxe Edition)	LIKE	Vp0RxX9y2M8	MPREb_CrPmepvxfiV	UCpJG35xsNdMgxsXn7kqG4Ew	y 1990s late top
ATLiens	Outkast	ATLiens (25th Anniversary Deluxe Edition)	LIKE	Y-1ljFmQp14	MPREb_CrPmepvxfiV	UCpJG35xsNdMgxsXn7kqG4Ew	y 1990s late top
Shimmy Shimmy Ya	Ol' Dirty Bastard	Return to the 36 Chambers: The Dirty Version	LIKE	bB1RYVMBqQg	MPREb_fndyjxvvKMj	UCrYJAAly5ySwMg0t-LC1r0Q	y 1990s late top
Cuttin' Headz	Ol' Dirty Bastard	Return to the 36 Chambers: The Dirty Version	LIKE	8xqAN326uvo	MPREb_fndyjxvvKMj	UCrYJAAly5ySwMg0t-LC1r0Q	y 1990s late top
Brooklyn Zoo	Ol' Dirty Bastard	Return to the 36 Chambers: The Dirty Version	LIKE	81VrSMrS5F8	MPREb_fndyjxvvKMj	UCrYJAAly5ySwMg0t-LC1r0Q	y 1990s late top
Baby C'mon	Ol' Dirty Bastard	Return to the 36 Chambers: The Dirty Version	LIKE	lKljAVTmxSg	MPREb_fndyjxvvKMj	UCrYJAAly5ySwMg0t-LC1r0Q	y 1990s late top
Wonderwall	Oasis	(What's The Story) Morning Glory?	LIKE	9xBXQH1K4UM	MPREb_IInSY5QXXrW	UCmMUZbaYdNH0bEd1PAlAqsA	y 1990s late top
Some Might Say	Oasis	(What's The Story) Morning Glory?	LIKE	xhbMnLruF6w	MPREb_IInSY5QXXrW	UCmMUZbaYdNH0bEd1PAlAqsA	y 1990s late top
She's Electric	Oasis	(What's The Story) Morning Glory?	LIKE	u-80T2Ve-c0	MPREb_IInSY5QXXrW	UCmMUZbaYdNH0bEd1PAlAqsA	y 1990s late top
Hey Now	Oasis	(What's The Story) Morning Glory?	LIKE	dfBemmhTovY	MPREb_IInSY5QXXrW	UCmMUZbaYdNH0bEd1PAlAqsA	y 1990s late top
Don't Look Back in Anger	Oasis	(What's The Story) Morning Glory?	LIKE	_94N8yWvxeI	MPREb_IInSY5QXXrW	UCmMUZbaYdNH0bEd1PAlAqsA	y 1990s late top
Champagne Supernova	Oasis	(What's The Story) Morning Glory?	LIKE	4J4xCqECR1A	MPREb_IInSY5QXXrW	UCmMUZbaYdNH0bEd1PAlAqsA	y 1990s late top
Spiderwebs	No Doubt	Tragic Kingdom	LIKE	UBVEie8bNdE	MPREb_DtYBEhtCDw1	UCc-WjJ7FgjeD4eARSlRYqwg	y 1990s late top
Just A Girl	No Doubt	Tragic Kingdom	LIKE	liSwJDJtmPw	MPREb_DtYBEhtCDw1	UCc-WjJ7FgjeD4eARSlRYqwg	y 1990s late top
Don't Speak	No Doubt	Tragic Kingdom	LIKE	Q7uiJcxIsK4	MPREb_DtYBEhtCDw1	UCc-WjJ7FgjeD4eARSlRYqwg	y 1990s late top
We're In This Together	Nine Inch Nails	The Fragile	LIKE	Bs0I_FTG9vs	MPREb_y3vHuCNOxmo	UC8txE2ZyN2Sh8XxH5OkHLSw	y 1990s late top
The Wretched	Nine Inch Nails	The Fragile	LIKE	ANjQ8wI-W7g	MPREb_y3vHuCNOxmo	UC8txE2ZyN2Sh8XxH5OkHLSw	y 1990s late top
La Mer	Nine Inch Nails	The Fragile	LIKE	dcIOInVS7jo	MPREb_y3vHuCNOxmo	UC8txE2ZyN2Sh8XxH5OkHLSw	y 1990s late top
Even Deeper	Nine Inch Nails	The Fragile	LIKE	hwz86XHCMdU	MPREb_y3vHuCNOxmo	UC8txE2ZyN2Sh8XxH5OkHLSw	y 1990s late top
Stars	Nightmares On Wax	Smokers Delight	LIKE	71Lz0SL7T-8	MPREb_JONDb2fYVzr	UCJLq1MIt-h8rOoBdT-9UeGA	y 1990s late top
Rise	Nightmares On Wax	Smokers Delight	LIKE	hfXPOcBDEF0	MPREb_JONDb2fYVzr	UCJLq1MIt-h8rOoBdT-9UeGA	y 1990s late top
Mission Venice (Smokers Delight Original Version)	Nightmares On Wax	Smokers Delight	LIKE	NGSxR5LFX4Y	MPREb_JONDb2fYVzr	UCJLq1MIt-h8rOoBdT-9UeGA	y 1990s late top
Groove St. (Smokers Delight Original Version)	Nightmares On Wax	Smokers Delight	LIKE	B-6RINy1AyE	MPREb_JONDb2fYVzr	UCJLq1MIt-h8rOoBdT-9UeGA	y 1990s late top
Morse	Nightmares On Wax	Carboot Soul	LIKE	PcHow-6w1qc	MPREb_hWScgCN7Gxq	UCJLq1MIt-h8rOoBdT-9UeGA	y 1990s late top
Les Nuits	Nightmares On Wax	Carboot Soul	LIKE	Q0FdXIYxLbE	MPREb_hWScgCN7Gxq	UCJLq1MIt-h8rOoBdT-9UeGA	y 1990s late top
Fire In The Middle	Nightmares On Wax	Carboot Soul	LIKE	NUhmvjFtwaI	MPREb_hWScgCN7Gxq	UCJLq1MIt-h8rOoBdT-9UeGA	y 1990s late top
You Get What You Give	New Radicals	Maybe You've Been Brainwashed Too	LIKE	j91RZ01PZwA	MPREb_xHG90E69RCY	UCgNfaY6m4NQY8ol6G3Cr7WA	y 1990s late top
Jehovah Made This Whole Joint For You	New Radicals	Maybe You've Been Brainwashed Too	LIKE	xBEtm15knoA	MPREb_xHG90E69RCY	UCgNfaY6m4NQY8ol6G3Cr7WA	y 1990s late top
You've Passed	Neutral Milk Hotel	On Avery Island	LIKE	FT-Q_pKhZbg	MPREb_2D5xh0mnMph	UCvMA46Xu1xApqZyXFIrnukw	y 1990s late top
Where You'll Find Me Now	Neutral Milk Hotel	On Avery Island	LIKE	YkWoQ_uuyvI	MPREb_2D5xh0mnMph	UCvMA46Xu1xApqZyXFIrnukw	y 1990s late top
Three Peaches	Neutral Milk Hotel	On Avery Island	LIKE	_aBjPzi7iDY	MPREb_2D5xh0mnMph	UCvMA46Xu1xApqZyXFIrnukw	y 1990s late top
Song Against Sex	Neutral Milk Hotel	On Avery Island	LIKE	_IJfhkLFkcs	MPREb_2D5xh0mnMph	UCvMA46Xu1xApqZyXFIrnukw	y 1990s late top
Naomi	Neutral Milk Hotel	On Avery Island	LIKE	le0GJgb-iDo	MPREb_2D5xh0mnMph	UCvMA46Xu1xApqZyXFIrnukw	y 1990s late top
Marching Theme	Neutral Milk Hotel	On Avery Island	LIKE	cCi_HSscWIw	MPREb_2D5xh0mnMph	UCvMA46Xu1xApqZyXFIrnukw	y 1990s late top
Avery Island / April 1st	Neutral Milk Hotel	On Avery Island	LIKE	1otq1eZ0P7Q	MPREb_2D5xh0mnMph	UCvMA46Xu1xApqZyXFIrnukw	y 1990s late top
April 8th	Neutral Milk Hotel	On Avery Island	LIKE	wJLjpgoYHA0	MPREb_2D5xh0mnMph	UCvMA46Xu1xApqZyXFIrnukw	y 1990s late top
[untitled]	Neutral Milk Hotel	In the Aeroplane Over the Sea	LIKE	fYUmlU6Sf3A	MPREb_W0LXV3Jg2OV	UCvMA46Xu1xApqZyXFIrnukw	y 1990s late top
Two-Headed Boy Pt. 2	Neutral Milk Hotel	In the Aeroplane Over the Sea	LIKE	uxtLhlzVuOk	MPREb_W0LXV3Jg2OV	UCvMA46Xu1xApqZyXFIrnukw	y 1990s late top
Two-Headed Boy	Neutral Milk Hotel	In the Aeroplane Over the Sea	LIKE	Fg32tzKmTv4	MPREb_W0LXV3Jg2OV	UCvMA46Xu1xApqZyXFIrnukw	y 1990s late top
The Fool	Neutral Milk Hotel	In the Aeroplane Over the Sea	LIKE	qn68h5SvkUU	MPREb_W0LXV3Jg2OV	UCvMA46Xu1xApqZyXFIrnukw	y 1990s late top
King of Carrot Flowers Pt. 1	Neutral Milk Hotel	In the Aeroplane Over the Sea	LIKE	eUPNdwyVUJs	MPREb_W0LXV3Jg2OV	UCvMA46Xu1xApqZyXFIrnukw	y 1990s late top
In the Aeroplane Over the Sea	Neutral Milk Hotel	In the Aeroplane Over the Sea	LIKE	r3DqBk9YNXA	MPREb_W0LXV3Jg2OV	UCvMA46Xu1xApqZyXFIrnukw	y 1990s late top
Holland, 1945	Neutral Milk Hotel	In the Aeroplane Over the Sea	LIKE	MsnSRFssJWU	MPREb_W0LXV3Jg2OV	UCvMA46Xu1xApqZyXFIrnukw	y 1990s late top
Ghost	Neutral Milk Hotel	In the Aeroplane Over the Sea	LIKE	F7kjuW8N37Y	MPREb_W0LXV3Jg2OV	UCvMA46Xu1xApqZyXFIrnukw	y 1990s late top
Communist Daughter	Neutral Milk Hotel	In the Aeroplane Over the Sea	LIKE	9HpkkaxpdOw	MPREb_W0LXV3Jg2OV	UCvMA46Xu1xApqZyXFIrnukw	y 1990s late top
Ruby Bulbs	Neutral Milk Hotel	Everything Is	LIKE	4m58rjur2lg	MPREb_RI5C1mVLS9t	UCvMA46Xu1xApqZyXFIrnukw	y 1990s late top
Everything Is	Neutral Milk Hotel	Everything Is	LIKE	iZjWSlMD56M	MPREb_RI5C1mVLS9t	UCvMA46Xu1xApqZyXFIrnukw	y 1990s late top
The Message	Nas	It Was Written	LIKE	X3CGu0ezd68	MPREb_VMY4230PUxe	UCPoQYATXIYvN5WB0c4f6jfQ	y 1990s late top
Take It In Blood	Nas	It Was Written	LIKE	pmmnzusZZMU	MPREb_VMY4230PUxe	UCPoQYATXIYvN5WB0c4f6jfQ	y 1990s late top
Street Dreams	Nas	It Was Written	LIKE	PEEENLUY1nM	MPREb_VMY4230PUxe	UCPoQYATXIYvN5WB0c4f6jfQ	y 1990s late top
Nas Is Coming (feat. Dr. Dre)	Nas	It Was Written	LIKE	JDUvucdgNQ4	MPREb_VMY4230PUxe	UCPoQYATXIYvN5WB0c4f6jfQ	y 1990s late top
If I Ruled the World (Imagine That) (feat. Lauryn Hill)	Nas	It Was Written	LIKE	9ZwG7QnkLZM	MPREb_VMY4230PUxe	UCPoQYATXIYvN5WB0c4f6jfQ	y 1990s late top
Affirmative Action (feat. AZ, Cormega & Foxy Brown)	Nas	It Was Written	LIKE	XK8kZGGx_NM	MPREb_VMY4230PUxe	UCPoQYATXIYvN5WB0c4f6jfQ	y 1990s late top
Spandex Man	Mr. Scruff	Keep It Unreal	LIKE	sqUXj7lrl-Y	MPREb_qCv9zQNUteE	UCNB6EsiB-856BnyJluCIRGQ	y 1990s late top
Midnight Feast	Mr. Scruff	Keep It Unreal	LIKE	m6353odIc5Q	MPREb_qCv9zQNUteE	UCNB6EsiB-856BnyJluCIRGQ	y 1990s late top
Get A Move On! (feat. Sneaky)	Mr. Scruff	Keep It Unreal	LIKE	E7p_CtlApoY	MPREb_qCv9zQNUteE	UCNB6EsiB-856BnyJluCIRGQ	y 1990s late top
No Day Massacre	Mr. Oizo	Analog Worms Attack	LIKE	pZcTyWZVtqQ	MPREb_FImoO07N718	UCkjEqPY4fcDZFYER-rF8kmA	y 1990s late top
Monophonic Shit	Mr. Oizo	Analog Worms Attack	LIKE	AdUlDIhG5n4	MPREb_FImoO07N718	UCkjEqPY4fcDZFYER-rF8kmA	y 1990s late top
Last Night a DJ Killed My Dog	Mr. Oizo	Analog Worms Attack	LIKE	i7cIrs2uQ8E	MPREb_FImoO07N718	UCkjEqPY4fcDZFYER-rF8kmA	y 1990s late top
Analog Worms Attack	Mr. Oizo	Analog Worms Attack	LIKE	S7NnACZzMJ0	MPREb_FImoO07N718	UCkjEqPY4fcDZFYER-rF8kmA	y 1990s late top
UMI Says	Mos Def	Black On Both Sides	LIKE	1W9yr_3p63o	MPREb_i5lNldSGLJx	UChAY_qKqbGyqau8q1gXkzww	y 1990s late top
Ms. Fat Booty	Mos Def	Black On Both Sides	LIKE	aZvjiLbDQq8	MPREb_i5lNldSGLJx	UChAY_qKqbGyqau8q1gXkzww	y 1990s late top
May-December	Mos Def	Black On Both Sides	LIKE	u3Rg09NRabc	MPREb_i5lNldSGLJx	UChAY_qKqbGyqau8q1gXkzww	y 1990s late top
Mathematics	Mos Def	Black On Both Sides	LIKE	8Ir-zFC9nFE	MPREb_i5lNldSGLJx	UChAY_qKqbGyqau8q1gXkzww	y 1990s late top
Hip Hop	Mos Def	Black On Both Sides	LIKE	uq3syNck274	MPREb_i5lNldSGLJx	UChAY_qKqbGyqau8q1gXkzww	y 1990s late top
Got	Mos Def	Black On Both Sides	LIKE	pUjlMgYCUSI	MPREb_i5lNldSGLJx	UChAY_qKqbGyqau8q1gXkzww	y 1990s late top
Climb (feat. Vinia Mojica)	Mos Def	Black On Both Sides	LIKE	zg6okmuus2g	MPREb_i5lNldSGLJx	UChAY_qKqbGyqau8q1gXkzww	y 1990s late top
Brooklyn	Mos Def	Black On Both Sides	LIKE	lLHRH0oWU6I	MPREb_i5lNldSGLJx	UChAY_qKqbGyqau8q1gXkzww	y 1990s late top
Cody	Mogwai	Come On Die Young	LIKE	zZhqFSlRODQ	MPREb_AyqVjwBQmT2	UCSx5h9nKekcNNzOSPbHJx2Q	y 1990s late top
Talking Shit About a Pretty Sunset	Modest Mouse	This Is a Long Drive for Someone with Nothing to Think About	LIKE	9O9hY30PVUw	MPREb_YeXLO3RgC04	UCiX0EqRfobz765eBovS1BNQ	y 1990s late top
Novocain Stain	Modest Mouse	This Is a Long Drive for Someone with Nothing to Think About	LIKE	eqK-ekLQvCk	MPREb_YeXLO3RgC04	UCiX0EqRfobz765eBovS1BNQ	y 1990s late top
Make Everyone Happy / Mechanical Birds	Modest Mouse	This Is a Long Drive for Someone with Nothing to Think About	LIKE	NDjoTO6eh_E	MPREb_YeXLO3RgC04	UCiX0EqRfobz765eBovS1BNQ	y 1990s late top
Lounge	Modest Mouse	This Is a Long Drive for Someone with Nothing to Think About	LIKE	XFnMtASAcDA	MPREb_YeXLO3RgC04	UCiX0EqRfobz765eBovS1BNQ	y 1990s late top
Dramamine	Modest Mouse	This Is a Long Drive for Someone with Nothing to Think About	LIKE	dXBEuQwy5NU	MPREb_YeXLO3RgC04	UCiX0EqRfobz765eBovS1BNQ	y 1990s late top
Trailer Trash	Modest Mouse	The Lonesome Crowded West	LIKE	5kwLVhnTYlI	MPREb_Dj0gQI3Tv54	UCiX0EqRfobz765eBovS1BNQ	y 1990s late top
Styrofoam Boots/It's All Nice On Ice, Alright	Modest Mouse	The Lonesome Crowded West	LIKE	Gk7X-_dWCOc	MPREb_Dj0gQI3Tv54	UCiX0EqRfobz765eBovS1BNQ	y 1990s late top
Polar Opposites	Modest Mouse	The Lonesome Crowded West	LIKE	k8A6g37KJj0	MPREb_Dj0gQI3Tv54	UCiX0EqRfobz765eBovS1BNQ	y 1990s late top
Out Of Gas	Modest Mouse	The Lonesome Crowded West	LIKE	UwzrqAUw9JM	MPREb_Dj0gQI3Tv54	UCiX0EqRfobz765eBovS1BNQ	y 1990s late top
Lounge (Closing Time)	Modest Mouse	The Lonesome Crowded West	LIKE	1GkKEMZ2u8k	MPREb_Dj0gQI3Tv54	UCiX0EqRfobz765eBovS1BNQ	y 1990s late top
Jesus Christ Was An Only Child	Modest Mouse	The Lonesome Crowded West	LIKE	ppLDFRwkcr8	MPREb_Dj0gQI3Tv54	UCiX0EqRfobz765eBovS1BNQ	y 1990s late top
Heart Cooks Brain	Modest Mouse	The Lonesome Crowded West	LIKE	2UGTwnsy0aY	MPREb_Dj0gQI3Tv54	UCiX0EqRfobz765eBovS1BNQ	y 1990s late top
Cowboy Dan	Modest Mouse	The Lonesome Crowded West	LIKE	1e4Hcm2kRjA	MPREb_Dj0gQI3Tv54	UCiX0EqRfobz765eBovS1BNQ	y 1990s late top
Sleepwalking (Couples Only Dance Prom Night)	Modest Mouse	Interstate 8	LIKE	qSpH5gDoP6o	MPREb_9SkmkJxcvV2	UCiX0EqRfobz765eBovS1BNQ	y 1990s late top
Edit the Sad Parts	Modest Mouse	Interstate 8	LIKE	siCmrcp2IPQ	MPREb_9SkmkJxcvV2	UCiX0EqRfobz765eBovS1BNQ	y 1990s late top
Never Ending Math Equation	Modest Mouse	Building Nothing Out of Something	LIKE	WNPm_W9Pmlc	MPREb_gQ7wKnDsCIO	UCiX0EqRfobz765eBovS1BNQ	y 1990s late top
Baby Blue Sedan	Modest Mouse	Building Nothing Out of Something	LIKE	lCpq2Tgx-F4	MPREb_gQ7wKnDsCIO	UCiX0EqRfobz765eBovS1BNQ	y 1990s late top
Why Does My Heart Feel So Bad?	Moby	Play & Play: B Sides	LIKE	fPiqAwpkS5Q	MPREb_FCtGx1wteYN	UC35GdXKfexT9GAZv3SJq0uA	y 1990s late top
Whispering Wind	Moby	Play & Play: B Sides	LIKE	_uIzIe4_wyc	MPREb_FCtGx1wteYN	UC35GdXKfexT9GAZv3SJq0uA	y 1990s late top
The Sun Never Stops Setting	Moby	Play & Play: B Sides	LIKE	tAKj3PCnLX0	MPREb_FCtGx1wteYN	UC35GdXKfexT9GAZv3SJq0uA	y 1990s late top
The Sky Is Broken	Moby	Play & Play: B Sides	LIKE	sB3O88ldtXU	MPREb_FCtGx1wteYN	UC35GdXKfexT9GAZv3SJq0uA	y 1990s late top
Summer	Moby	Play & Play: B Sides	LIKE	6ATBbSQu4ic	MPREb_FCtGx1wteYN	UC35GdXKfexT9GAZv3SJq0uA	y 1990s late top
Running	Moby	Play & Play: B Sides	LIKE	qTPeJa9Uk48	MPREb_FCtGx1wteYN	UC35GdXKfexT9GAZv3SJq0uA	y 1990s late top
Porcelain	Moby	Play & Play: B Sides	LIKE	KtsVN__gPvQ	MPREb_FCtGx1wteYN	UC35GdXKfexT9GAZv3SJq0uA	y 1990s late top
My Weakness	Moby	Play & Play: B Sides	LIKE	72lsEZ-Q-Y4	MPREb_FCtGx1wteYN	UC35GdXKfexT9GAZv3SJq0uA	y 1990s late top
Memory Gospel	Moby	Play & Play: B Sides	LIKE	os2gvYm7Lak	MPREb_FCtGx1wteYN	UC35GdXKfexT9GAZv3SJq0uA	y 1990s late top
Inside	Moby	Play & Play: B Sides	LIKE	BfDVoAG6V5o	MPREb_FCtGx1wteYN	UC35GdXKfexT9GAZv3SJq0uA	y 1990s late top
Flying Foxes	Moby	Play & Play: B Sides	LIKE	ASboCy9oeSI	MPREb_FCtGx1wteYN	UC35GdXKfexT9GAZv3SJq0uA	y 1990s late top
Find My Baby	Moby	Play & Play: B Sides	LIKE	VOGN55s4gcs	MPREb_FCtGx1wteYN	UC35GdXKfexT9GAZv3SJq0uA	y 1990s late top
Everloving	Moby	Play & Play: B Sides	LIKE	w6aa9QiVdmQ	MPREb_FCtGx1wteYN	UC35GdXKfexT9GAZv3SJq0uA	y 1990s late top
Down Slow	Moby	Play & Play: B Sides	LIKE	ks0pgzzJF8s	MPREb_FCtGx1wteYN	UC35GdXKfexT9GAZv3SJq0uA	y 1990s late top
Bodyrock	Moby	Play & Play: B Sides	LIKE	SmBf69QCtH4	MPREb_FCtGx1wteYN	UC35GdXKfexT9GAZv3SJq0uA	y 1990s late top
Up North Trip	Mobb Deep	The Infamous	LIKE	hP52ErXwrh0	MPREb_ewZQNcAXIhJ	UCrZE2q5Y0Kti9IPxbWCc7mA	y 1990s late top
The Start of Your Ending (41st Side)	Mobb Deep	The Infamous	LIKE	Pk_hSW_r79U	MPREb_ewZQNcAXIhJ	UCrZE2q5Y0Kti9IPxbWCc7mA	y 1990s late top
Temperature's Rising (feat. Crystal Johnson)	Mobb Deep	The Infamous	LIKE	sobjbJjt5VY	MPREb_ewZQNcAXIhJ	UCrZE2q5Y0Kti9IPxbWCc7mA	y 1990s late top
Survival of the Fittest	Mobb Deep	The Infamous	LIKE	XNPCQaIQdEA	MPREb_ewZQNcAXIhJ	UCrZE2q5Y0Kti9IPxbWCc7mA	y 1990s late top
Shook Ones, Pt. II	Mobb Deep	The Infamous	LIKE	SLjXz9ghUtk	MPREb_ewZQNcAXIhJ	UCrZE2q5Y0Kti9IPxbWCc7mA	y 1990s late top
Right Back at You (feat. Ghostface Killah, Raekwon & Big Noyd)	Mobb Deep	The Infamous	LIKE	_wQ4fz_lZw8	MPREb_ewZQNcAXIhJ	UCrZE2q5Y0Kti9IPxbWCc7mA	y 1990s late top
Give Up the Goods (Just Step) (feat. Big Noyd)	Mobb Deep	The Infamous	LIKE	QAmIJh1z-zw	MPREb_ewZQNcAXIhJ	UCrZE2q5Y0Kti9IPxbWCc7mA	y 1990s late top
Eye for a Eye (Your Beef Is Mines) (feat. Mobb Deep & Raekwon)	Mobb Deep	The Infamous	LIKE	OOPjFkVJbew	MPREb_ewZQNcAXIhJ	UCrZE2q5Y0Kti9IPxbWCc7mA	y 1990s late top
Drink Away the Pain (Situations) (feat. Mobb Deep)	Mobb Deep	The Infamous	LIKE	NhMer3gYTe0	MPREb_ewZQNcAXIhJ	UCrZE2q5Y0Kti9IPxbWCc7mA	y 1990s late top
Cradle to the Grave	Mobb Deep	The Infamous	LIKE	L84DV_gy7nM	MPREb_ewZQNcAXIhJ	UCrZE2q5Y0Kti9IPxbWCc7mA	y 1990s late top
Still Shinin'	Mobb Deep	Hell On Earth	LIKE	srFasOQkxxU	MPREb_8xSdHl8aFai	UCrZE2q5Y0Kti9IPxbWCc7mA	y 1990s late top
Hell on Earth (Front Lines)	Mobb Deep	Hell On Earth	LIKE	R2P0XrkMy-c	MPREb_8xSdHl8aFai	UCrZE2q5Y0Kti9IPxbWCc7mA	y 1990s late top
Give It Up Fast (feat. Mobb Deep & Big Noyd)	Mobb Deep	Hell On Earth	LIKE	GXRCrLzFDGY	MPREb_8xSdHl8aFai	UCrZE2q5Y0Kti9IPxbWCc7mA	y 1990s late top
Extortion (feat. Method Man)	Mobb Deep	Hell On Earth	LIKE	-mBycGprplc	MPREb_8xSdHl8aFai	UCrZE2q5Y0Kti9IPxbWCc7mA	y 1990s late top
Bloodsport	Mobb Deep	Hell On Earth	LIKE	HXnGxS_GjIA	MPREb_8xSdHl8aFai	UCrZE2q5Y0Kti9IPxbWCc7mA	y 1990s late top
Winner Takes All	Mike & Rich	Expert Knob Twiddlers	LIKE	iD7L2skiri8	MPREb_RwwHhNKzRMZ	UCS245uySeCVGJ9RyzrLreGA	y 1990s late top
The Sound of the Beady Eyes	Mike & Rich	Expert Knob Twiddlers	LIKE	p61jJYHGLbE	MPREb_RwwHhNKzRMZ	UCS245uySeCVGJ9RyzrLreGA	y 1990s late top
Reg	Mike & Rich	Expert Knob Twiddlers	LIKE	5F2s2RgbcmM	MPREb_RwwHhNKzRMZ	UCS245uySeCVGJ9RyzrLreGA	y 1990s late top
Portamento Gosh	Mike & Rich	Expert Knob Twiddlers	LIKE	gOXRbgX3WQE	MPREb_RwwHhNKzRMZ	UCS245uySeCVGJ9RyzrLreGA	y 1990s late top
Organ Plodder	Mike & Rich	Expert Knob Twiddlers	LIKE	FFd4N5R1ki4	MPREb_RwwHhNKzRMZ	UCS245uySeCVGJ9RyzrLreGA	y 1990s late top
Bu Bu Bu Ba	Mike & Rich	Expert Knob Twiddlers	LIKE	BGtx8Ql7NWM	MPREb_RwwHhNKzRMZ	UCS245uySeCVGJ9RyzrLreGA	y 1990s late top
Run 4 Cover (feat. Method Man & Ghostface)	Method Man	Blackout!	LIKE	Ka1bioytw2E	MPREb_Ot8zVV3PF6n	UCc1r7FILg1s6rXuE4quij5Q	y 1990s late top
How High (Remix)	Method Man	Blackout!	LIKE	--wiHdo96Pk	MPREb_Ot8zVV3PF6n	UCc1r7FILg1s6rXuE4quij5Q	y 1990s late top
Da Rockwilder	Method Man	Blackout!	LIKE	nUmv36XP1xw	MPREb_Ot8zVV3PF6n	UCc1r7FILg1s6rXuE4quij5Q	y 1990s late top
The Funny Bird	Mercury Rev	Deserter's Songs	LIKE	Nm2pZEBuqj8	MPREb_A7FclYdzBYP	UCcyPNbtPjAU99Q0wjfzhrCA	y 1990s late top
Pick Up If You're There	Mercury Rev	Deserter's Songs	LIKE	4RFxh6SV0m4	MPREb_A7FclYdzBYP	UCcyPNbtPjAU99Q0wjfzhrCA	y 1990s late top
Opus 40	Mercury Rev	Deserter's Songs	LIKE	UALHkasrcXM	MPREb_A7FclYdzBYP	UCcyPNbtPjAU99Q0wjfzhrCA	y 1990s late top
Goddess On A Hiway	Mercury Rev	Deserter's Songs	LIKE	n0EV47JtVgg	MPREb_A7FclYdzBYP	UCcyPNbtPjAU99Q0wjfzhrCA	y 1990s late top
Push	Matchbox Twenty	Yourself or Someone Like You	LIKE	t2rsf8SiMJY	MPREb_VRjMaZ5AFyv	UC07e9OxFveoxa2FoZtdnHHA	y 1990s late top
3AM	Matchbox Twenty	Yourself or Someone Like You	LIKE	hH4wcNRj9PI	MPREb_VRjMaZ5AFyv	UC07e9OxFveoxa2FoZtdnHHA	y 1990s late top
Teardrop (feat. Elizabeth Fraser)	Massive Attack	Mezzanine (Deluxe)	LIKE	Tb0MC0jFv6M	MPREb_CA6gpEcQntH	UCr1uxon7aFztw_dnrau0TDA	y 1990s late top
Teardrop (Mazaruni Dub One)	Massive Attack	Mezzanine (Deluxe)	LIKE	3Uwfio0pDfQ	MPREb_CA6gpEcQntH	UCr1uxon7aFztw_dnrau0TDA	y 1990s late top
Exchange	Massive Attack	Mezzanine (Deluxe)	LIKE	f1_lJ5PWPLU	MPREb_CA6gpEcQntH	UCr1uxon7aFztw_dnrau0TDA	y 1990s late top
Dissolved Girl (feat. Sarah Jay Hawley)	Massive Attack	Mezzanine (Deluxe)	LIKE	EIFJ2hxu-1E	MPREb_CA6gpEcQntH	UCr1uxon7aFztw_dnrau0TDA	y 1990s late top
Black Milk	Massive Attack	Mezzanine (Deluxe)	LIKE	zncqa3CPX3A	MPREb_CA6gpEcQntH	UCr1uxon7aFztw_dnrau0TDA	y 1990s late top
Angel (feat. Horace Andy)	Massive Attack	Mezzanine (Deluxe)	LIKE	66A_3uwuZ_I	MPREb_CA6gpEcQntH	UCr1uxon7aFztw_dnrau0TDA	y 1990s late top
Angel (Angel Dust)	Massive Attack	Mezzanine (Deluxe)	LIKE	H_aMEyQG2Bw	MPREb_CA6gpEcQntH	UCr1uxon7aFztw_dnrau0TDA	y 1990s late top
The Watershed	Mark Hollis	Mark Hollis	LIKE	XOgCwcSuz9Y	MPREb_AbismSGw54t	UCl1uxCh6L0XHqnUO2lckXwg	y 1990s late top
The Daily Planet	Mark Hollis	Mark Hollis	LIKE	xfvjRPiGj5g	MPREb_AbismSGw54t	UCl1uxCh6L0XHqnUO2lckXwg	y 1990s late top
The Mic (feat. Pebbles The Invisible Girl)	MF DOOM	Operation: Doomsday (Complete)	LIKE	UNgV_RuDv3c	MPREb_vlItrFAKtji	UCooTDYkIERWBwDC1JKyoElQ	y 1990s late top
Rhymes Like Dimes (feat. DJ Cucumber Slice)	MF DOOM	Operation: Doomsday (Complete)	LIKE	5TlZeem3FU8	MPREb_vlItrFAKtji	UCooTDYkIERWBwDC1JKyoElQ	y 1990s late top
Rhymes Like Dimes (Instrumental)	MF DOOM	Operation: Doomsday (Complete)	LIKE	9W97MOGr_4c	MPREb_vlItrFAKtji	UCooTDYkIERWBwDC1JKyoElQ	y 1990s late top
Hey!	MF DOOM	Operation: Doomsday (Complete)	LIKE	f1vSLB9VDPk	MPREb_vlItrFAKtji	UCooTDYkIERWBwDC1JKyoElQ	y 1990s late top
Doomsday (feat. Pebbles The Invisible Girl)	MF DOOM	Operation: Doomsday (Complete)	LIKE	gndkFhYh5Mo	MPREb_vlItrFAKtji	UCooTDYkIERWBwDC1JKyoElQ	y 1990s late top
Doomsday (Instrumental)	MF DOOM	Operation: Doomsday (Complete)	LIKE	yKYgCD3m9AU	MPREb_vlItrFAKtji	UCooTDYkIERWBwDC1JKyoElQ	y 1990s late top
Dead Bent	MF DOOM	Operation: Doomsday (Complete)	LIKE	eA9MGW0KTI0	MPREb_vlItrFAKtji	UCooTDYkIERWBwDC1JKyoElQ	y 1990s late top
? (feat. Kurious)	MF DOOM	Operation: Doomsday (Complete)	LIKE	ZyvYov886aQ	MPREb_vlItrFAKtji	UCooTDYkIERWBwDC1JKyoElQ	y 1990s late top
? (Extended Raw Rhymes Version)	MF DOOM	Operation: Doomsday (Complete)	LIKE	EVXpHU7FN3s	MPREb_vlItrFAKtji	UCooTDYkIERWBwDC1JKyoElQ	y 1990s late top
Sideshow by the Seashore	Luna	Penthouse	LIKE	k667520QIQY	MPREb_fjDQOFqmuV4	UCf9pws3ZlzyrxCLNLSSePwQ	y 1990s late top
23 Minutes in Brussels	Luna	Penthouse	LIKE	thUS-VKXhJc	MPREb_fjDQOFqmuV4	UCf9pws3ZlzyrxCLNLSSePwQ	y 1990s late top
Chant of a Poor Man	Leftfield	Rhythm and Stealth	LIKE	W1UpiOLc3uY	MPREb_IKM3lDA9UAz	UCOrpszBwWhM6a1a67ezZhTQ	y 1990s late top
Song of Life (BodyJack Mix)	Leftfield	Leftism 22	LIKE	Pw3uCdO4RJE	MPREb_l4bFOp7ADhY	UCOrpszBwWhM6a1a67ezZhTQ	y 1990s late top
Song of Life	Leftfield	Leftism 22	LIKE	AoAd8IiWwRo	MPREb_l4bFOp7ADhY	UCOrpszBwWhM6a1a67ezZhTQ	y 1990s late top
Release the Pressure (Adrian Sherwood Mix)	Leftfield	Leftism 22	LIKE	HgBjVh5FuAw	MPREb_l4bFOp7ADhY	UCOrpszBwWhM6a1a67ezZhTQ	y 1990s late top
Release the Pressure	Leftfield	Leftism 22	LIKE	H_1BDl88oxo	MPREb_l4bFOp7ADhY	UCOrpszBwWhM6a1a67ezZhTQ	y 1990s late top
Original (Adesse Versions Mix)	Leftfield	Leftism 22	LIKE	iXGezJXshjE	MPREb_l4bFOp7ADhY	UCOrpszBwWhM6a1a67ezZhTQ	y 1990s late top
Original	Leftfield	Leftism 22	LIKE	Rb5v43qC4kw	MPREb_l4bFOp7ADhY	UCOrpszBwWhM6a1a67ezZhTQ	y 1990s late top
Melt (Quiet Village Mix)	Leftfield	Leftism 22	LIKE	FNw5qMELZG8	MPREb_l4bFOp7ADhY	UCOrpszBwWhM6a1a67ezZhTQ	y 1990s late top
Melt	Leftfield	Leftism 22	LIKE	VpaDUl-efsU	MPREb_l4bFOp7ADhY	UCOrpszBwWhM6a1a67ezZhTQ	y 1990s late top
When It Hurts So Bad	Lauryn Hill	The Miseducation of Lauryn Hill	LIKE	Hmeu3jr5zUs	MPREb_qYhF5ZzV2ws	UC3j9UpJkGNY9GDm3EdbEiVA	y 1990s late top
Nothing Even Matters (feat. D'Angelo)	Lauryn Hill	The Miseducation of Lauryn Hill	LIKE	zASJBw0R0gM	MPREb_qYhF5ZzV2ws	UC3j9UpJkGNY9GDm3EdbEiVA	y 1990s late top
Everything Is Everything	Lauryn Hill	The Miseducation of Lauryn Hill	LIKE	g_BMBFR-0nI	MPREb_qYhF5ZzV2ws	UC3j9UpJkGNY9GDm3EdbEiVA	y 1990s late top
Every Ghetto, Every City	Lauryn Hill	The Miseducation of Lauryn Hill	LIKE	73GkHBgQKDM	MPREb_qYhF5ZzV2ws	UC3j9UpJkGNY9GDm3EdbEiVA	y 1990s late top
Doo Wop (That Thing)	Lauryn Hill	The Miseducation of Lauryn Hill	LIKE	71rs8r5GXzY	MPREb_qYhF5ZzV2ws	UC3j9UpJkGNY9GDm3EdbEiVA	y 1990s late top
Can't Take My Eyes Off Of You	Lauryn Hill	The Miseducation of Lauryn Hill	LIKE	fgj7UUGSFsM	MPREb_qYhF5ZzV2ws	UC3j9UpJkGNY9GDm3EdbEiVA	y 1990s late top
Money On My Brain	Kool G Rap	4,5,6	LIKE	1IFG3XN3wtE	MPREb_F7mJboYCbHx	UC6H7fI-xlwEIIh0YAZuVjyw	y 1990s late top
It's a Shame (Da Buthers Mix)	Kool G Rap	4,5,6	LIKE	G6gYkC-SLic	MPREb_F7mJboYCbHx	UC6H7fI-xlwEIIh0YAZuVjyw	y 1990s late top
It's a Shame	Kool G Rap	4,5,6	LIKE	yNlyVWlXnNQ	MPREb_F7mJboYCbHx	UC6H7fI-xlwEIIh0YAZuVjyw	y 1990s late top
Fast Life	Kool G Rap	4,5,6	LIKE	EQl7ENwIwXc	MPREb_F7mJboYCbHx	UC6H7fI-xlwEIIh0YAZuVjyw	y 1990s late top
Blowin' Up In The World	Kool G Rap	4,5,6	LIKE	BHQZ3R6d2iw	MPREb_F7mJboYCbHx	UC6H7fI-xlwEIIh0YAZuVjyw	y 1990s late top
Player's Anthem	Junior M.A.F.I.A.	Conspiracy (PA)	LIKE	flcIZrsPpMk	MPREb_95HCRrvOnZf	UCV2y4Yt-4VcFDkIs6dS3JPA	y 1990s late top
Get Money	Junior M.A.F.I.A.	Conspiracy (PA)	LIKE	zZ29lDumb9U	MPREb_95HCRrvOnZf	UCV2y4Yt-4VcFDkIs6dS3JPA	y 1990s late top
Sad Days, Lonely Nights (Solo Version)	Junior Kimbrough	Sad Days, Lonely Nights	LIKE	LAtzvvBskYk	MPREb_XgFxXuHXid6	UCMR1vd-SvlnAm-ZDeBYnomg	y 1990s late top
Sad Days, Lonely Nights (Full Band Version)	Junior Kimbrough	Sad Days, Lonely Nights	LIKE	mDwDRQmtKB4	MPREb_XgFxXuHXid6	UCMR1vd-SvlnAm-ZDeBYnomg	y 1990s late top
Lord, Have Mercy on Me	Junior Kimbrough	Sad Days, Lonely Nights	LIKE	WBR7qE-Cewc	MPREb_XgFxXuHXid6	UCMR1vd-SvlnAm-ZDeBYnomg	y 1990s late top
Lonesome in My Home	Junior Kimbrough	Sad Days, Lonely Nights	LIKE	B9If7i_pn7o	MPREb_XgFxXuHXid6	UCMR1vd-SvlnAm-ZDeBYnomg	y 1990s late top
Most Things Haven't Worked Out	Junior Kimbrough	Most Things Haven't Worked Out	LIKE	3KveTzy9sO0	MPREb_Wmdln1ss0jl	UCMR1vd-SvlnAm-ZDeBYnomg	y 1990s late top
Lonesome Road	Junior Kimbrough	Most Things Haven't Worked Out	LIKE	9AMwmZeBaxk	MPREb_Wmdln1ss0jl	UCMR1vd-SvlnAm-ZDeBYnomg	y 1990s late top
I Love Ya Baby	Junior Kimbrough	Most Things Haven't Worked Out	LIKE	JPWzlcEKCiQ	MPREb_Wmdln1ss0jl	UCMR1vd-SvlnAm-ZDeBYnomg	y 1990s late top
Meet Me in the City	Junior Kimbrough	Meet Me in the City	LIKE	V94fxtPd1Nk	MPREb_sZ3cBVdgiw9	UCMR1vd-SvlnAm-ZDeBYnomg	y 1990s late top
Lonesome Road	Junior Kimbrough	Meet Me in the City	LIKE	0vvSpHhoguY	MPREb_sZ3cBVdgiw9	UCMR1vd-SvlnAm-ZDeBYnomg	y 1990s late top
Junior's Place	Junior Kimbrough	Meet Me in the City	LIKE	4J-WWodAd0Q	MPREb_sZ3cBVdgiw9	UCMR1vd-SvlnAm-ZDeBYnomg	y 1990s late top
All Night Long	Junior Kimbrough	Meet Me in the City	LIKE	RQ646noaXGc	MPREb_sZ3cBVdgiw9	UCMR1vd-SvlnAm-ZDeBYnomg	y 1990s late top
Tupelo	John Lee Hooker	The Best Of Friends	LIKE	HPb04Cr-sHM	MPREb_wynD8HLVba8	UCcWk0Z6iOwjUeycdoh7mIMQ	y 1990s late top
Boom Boom	John Lee Hooker	The Best Of Friends	LIKE	eJvLxjHeEf0	MPREb_wynD8HLVba8	UCcWk0Z6iOwjUeycdoh7mIMQ	y 1990s late top
Boogie Chillen	John Lee Hooker	The Best Of Friends	LIKE	Xpt8WB3ZGwg	MPREb_wynD8HLVba8	UCcWk0Z6iOwjUeycdoh7mIMQ	y 1990s late top
Big Legs, Tight Skirt (feat. Ike Turner & Ry Cooder)	John Lee Hooker	The Best Of Friends	LIKE	Mn4PPn9dQfI	MPREb_wynD8HLVba8	UCcWk0Z6iOwjUeycdoh7mIMQ	y 1990s late top
Baby Lee (feat. Robert Cray)	John Lee Hooker	The Best Of Friends	LIKE	80_-0m8CSYc	MPREb_wynD8HLVba8	UCcWk0Z6iOwjUeycdoh7mIMQ	y 1990s late top
Women On My Mind (2007 - Remaster)	John Lee Hooker	Chill Out	LIKE	c_CQ4VAlVFY	MPREb_psefsfdeBTA	UCcWk0Z6iOwjUeycdoh7mIMQ	y 1990s late top
Serves Me Right to Suffer / Syndicator (2007 Remaster) (feat. Van Morrison)	John Lee Hooker	Chill Out	LIKE	e8_gXl3RNHo	MPREb_psefsfdeBTA	UCcWk0Z6iOwjUeycdoh7mIMQ	y 1990s late top
One Bourbon, One Scotch, One Beer (2007 - Remaster)	John Lee Hooker	Chill Out	LIKE	etssC5ZEHxQ	MPREb_psefsfdeBTA	UCcWk0Z6iOwjUeycdoh7mIMQ	y 1990s late top
アシタカせっき記 - The Legend of Ashitaka	Joe Hisaishi	Princess Mononoke Image Album	LIKE	_WVJHJY6cWU	MPREb_PNroxNiTOOZ	UCeoT9BqyKRktIHvQnWE8zug	y 1990s late top
もののけ姫 - Princess Mononoke	Joe Hisaishi	Princess Mononoke Image Album	LIKE	n2tSKA0yleA	MPREb_PNroxNiTOOZ	UCeoT9BqyKRktIHvQnWE8zug	y 1990s late top
Ya Playin' Yaself	Jeru The Damaja	Wrath Of The Math	LIKE	TC-No5WduVk	MPREb_127SsskJCkx	UCPG04OSqYhV-sRaCm_XqxTw	y 1990s late top
Scientifical Madness	Jeru The Damaja	Wrath Of The Math	LIKE	2_sqD0UWECg	MPREb_127SsskJCkx	UCPG04OSqYhV-sRaCm_XqxTw	y 1990s late top
Me Or The Papes	Jeru The Damaja	Wrath Of The Math	LIKE	B6BJpVxxubI	MPREb_127SsskJCkx	UCPG04OSqYhV-sRaCm_XqxTw	y 1990s late top
Whiskey In The Jar	Jerry Garcia	Shady Grove	LIKE	YGrv2BooR2g	MPREb_h6Tj9CPgfD9	UCGZ-ePa-J8bm_TfglDQYWkg	y 1990s late top
Stealin'	Jerry Garcia	Shady Grove	LIKE	kgP_hLhE9Hc	MPREb_h6Tj9CPgfD9	UCGZ-ePa-J8bm_TfglDQYWkg	y 1990s late top
Shady Grove	Jerry Garcia	Shady Grove	LIKE	wRPRI0iYLQw	MPREb_h6Tj9CPgfD9	UCGZ-ePa-J8bm_TfglDQYWkg	y 1990s late top
Off To Sea Once More	Jerry Garcia	Shady Grove	LIKE	PYh5_dFhZ2I	MPREb_h6Tj9CPgfD9	UCGZ-ePa-J8bm_TfglDQYWkg	y 1990s late top
Louis Collins	Jerry Garcia	Shady Grove	LIKE	zdEqQDj1gzY	MPREb_h6Tj9CPgfD9	UCGZ-ePa-J8bm_TfglDQYWkg	y 1990s late top
Jackaroo	Jerry Garcia	Shady Grove	LIKE	Qui2tRHvKUU	MPREb_h6Tj9CPgfD9	UCGZ-ePa-J8bm_TfglDQYWkg	y 1990s late top
Outro (feat. Joe Young, Dr. Cornell West, Harry Allen & Wendy Goldstein)	Jal Silk	Illadelph Halflife	LIKE	3c66rFZNmgU	MPREb_eZxSxHuWOGR	UCkOV250OgD1qUOAvGYgCSvA	y 1990s late top
Intro (feat. Joe Young, Dr. Cornell West, Harry Allen & Wendy Goldstein)	Jal Silk	Illadelph Halflife	LIKE	Li9HXYijPqM	MPREb_eZxSxHuWOGR	UCkOV250OgD1qUOAvGYgCSvA	y 1990s late top
Regrets	JAY-Z	Reasonable Doubt	LIKE	uABZCd1O08c	MPREb_woDBEucNlp1	UCbJG1HvzgzaMe_15xfiUyWw	y 1990s late top
Friend Or Foe	JAY-Z	Reasonable Doubt	LIKE	JEYcr5iMjm0	MPREb_woDBEucNlp1	UCbJG1HvzgzaMe_15xfiUyWw	y 1990s late top
Feelin' It (feat. Mecca)	JAY-Z	Reasonable Doubt	LIKE	2MggS4f-Puc	MPREb_woDBEucNlp1	UCbJG1HvzgzaMe_15xfiUyWw	y 1990s late top
Dead Presidents II	JAY-Z	Reasonable Doubt	LIKE	p3grvCbdONk	MPREb_woDBEucNlp1	UCbJG1HvzgzaMe_15xfiUyWw	y 1990s late top
D'evils	JAY-Z	Reasonable Doubt	LIKE	xjEoo14xHRs	MPREb_woDBEucNlp1	UCbJG1HvzgzaMe_15xfiUyWw	y 1990s late top
Cashmere Thoughts	JAY-Z	Reasonable Doubt	LIKE	Vf2LNPFLPAE	MPREb_woDBEucNlp1	UCbJG1HvzgzaMe_15xfiUyWw	y 1990s late top
Can't Knock The Hustle (feat. Mary J. Blige)	JAY-Z	Reasonable Doubt	LIKE	8P12bMQMXLA	MPREb_woDBEucNlp1	UCbJG1HvzgzaMe_15xfiUyWw	y 1990s late top
Can I Live II (feat. Memphis Bleek)	JAY-Z	Reasonable Doubt	LIKE	yBQ210avlx4	MPREb_woDBEucNlp1	UCbJG1HvzgzaMe_15xfiUyWw	y 1990s late top
Can I Live	JAY-Z	Reasonable Doubt	LIKE	auWvT_rwRPU	MPREb_woDBEucNlp1	UCbJG1HvzgzaMe_15xfiUyWw	y 1990s late top
Bring It On (feat. Big Jaz & Sauce Money)	JAY-Z	Reasonable Doubt	LIKE	AGIsPZFJ4PU	MPREb_woDBEucNlp1	UCbJG1HvzgzaMe_15xfiUyWw	y 1990s late top
22 Two's	JAY-Z	Reasonable Doubt	LIKE	u4FKKegTGFU	MPREb_woDBEucNlp1	UCbJG1HvzgzaMe_15xfiUyWw	y 1990s late top
Word on the Street	Inspectah Deck	Uncontrolled Substance	LIKE	24FeDpjDVo0	MPREb_YD5FqMXOMJy	UC2aNH0DJposE_E8NHWJmrsQ	y 1990s late top
Uncontrolled Substance (feat. Shadii) (feat. Shadii)	Inspectah Deck	Uncontrolled Substance	LIKE	JbEMUdaIROE	MPREb_YD5FqMXOMJy	UC2aNH0DJposE_E8NHWJmrsQ	y 1990s late top
REC Room	Inspectah Deck	Uncontrolled Substance	LIKE	W-ee4n5JlL8	MPREb_YD5FqMXOMJy	UC2aNH0DJposE_E8NHWJmrsQ	y 1990s late top
The Warmth	Incubus	Make Yourself	LIKE	vccHPmTvZ6k	MPREb_H8JyJzmvH9Q	UC8FhfVPXx7ac7araOiNkTYw	y 1990s late top
Stellar	Incubus	Make Yourself	LIKE	_qQdnilFIw8	MPREb_H8JyJzmvH9Q	UC8FhfVPXx7ac7araOiNkTYw	y 1990s late top
Pardon Me	Incubus	Make Yourself	LIKE	XZLnd3uwars	MPREb_H8JyJzmvH9Q	UC8FhfVPXx7ac7araOiNkTYw	y 1990s late top
Drive	Incubus	Make Yourself	LIKE	vtuZmShWLGo	MPREb_H8JyJzmvH9Q	UC8FhfVPXx7ac7araOiNkTYw	y 1990s late top
At the Helm	Hieroglyphics	3rd Eye Vision	LIKE	sYyeGX2rgpI	MPREb_jNUtCsC3GdT	UCSKxDSomU-eSpmi0DthCzmw	y 1990s late top
See You Later	Heatmiser	Mic City Sons	LIKE	5h4o4jVohKc	MPREb_57X0p9I3p3D	UCstxXXuYLBCjFCNH8SNowWg	y 1990s late top
Plainclothes Man	Heatmiser	Mic City Sons	LIKE	1l7Nq6y1CtI	MPREb_57X0p9I3p3D	UCstxXXuYLBCjFCNH8SNowWg	y 1990s late top
Low-Flying Jets	Heatmiser	Mic City Sons	LIKE	OKWavUcnElo	MPREb_57X0p9I3p3D	UCstxXXuYLBCjFCNH8SNowWg	y 1990s late top
The Truth (feat. Roisin & J-Live)	Handsome Boy Modeling School	So...How's Your Girl?	LIKE	gjEmwvsIhuE	MPREb_8ScpPuYXRBA	UCZ4yRm-r8r_jYFTOH9OUfPA	y 1990s late top
Lost Souls (feat. Darren Galea, Jason Kay, Stuart Zender & Wallace Collins)	Guru	Jazzmatazz Volume II: The New Reality	LIKE	_SGlnZEkjDw	MPREb_hUOKfhbAMfm	UCfNEguxzQta0L6zhJ9PgKYQ	y 1990s late top
Looking Through Darkness (feat. Mica Paris)	Guru	Jazzmatazz Volume II: The New Reality	LIKE	MMl4A9QOCqg	MPREb_hUOKfhbAMfm	UCfNEguxzQta0L6zhJ9PgKYQ	y 1990s late top
Lifesaver (feat. Baybe)	Guru	Jazzmatazz Volume II: The New Reality	LIKE	UqDwvoJBfiE	MPREb_hUOKfhbAMfm	UCfNEguxzQta0L6zhJ9PgKYQ	y 1990s late top
Insert A (Mental Relaxation) / Medicine	Guru	Jazzmatazz Volume II: The New Reality	LIKE	m7oY-QzWy_k	MPREb_hUOKfhbAMfm	UCfNEguxzQta0L6zhJ9PgKYQ	y 1990s late top
Feel The Music (feat. Guru, Paul Ferguson & Baybe)	Guru	Jazzmatazz Volume II: The New Reality	LIKE	HA7wSwVQ7cU	MPREb_hUOKfhbAMfm	UCfNEguxzQta0L6zhJ9PgKYQ	y 1990s late top
My Valuable Hunting Knife	Guided By Voices	Alien Lanes	LIKE	ZayXKRsrkDg	MPREb_MeHGtKZDWj1	UCJ-Wx9-Xq36zECVOUCBSTNA	y 1990s late top
My Son Cool	Guided By Voices	Alien Lanes	LIKE	tgvGeacfSCc	MPREb_MeHGtKZDWj1	UCJ-Wx9-Xq36zECVOUCBSTNA	y 1990s late top
Motor Away	Guided By Voices	Alien Lanes	LIKE	fYO2LTwYESA	MPREb_MeHGtKZDWj1	UCJ-Wx9-Xq36zECVOUCBSTNA	y 1990s late top
King And Caroline	Guided By Voices	Alien Lanes	LIKE	I95kNtkOG50	MPREb_MeHGtKZDWj1	UCJ-Wx9-Xq36zECVOUCBSTNA	y 1990s late top
Game Of Pricks	Guided By Voices	Alien Lanes	LIKE	MjZ6HL-8WK0	MPREb_MeHGtKZDWj1	UCJ-Wx9-Xq36zECVOUCBSTNA	y 1990s late top
Closer You Are	Guided By Voices	Alien Lanes	LIKE	0yGfihtwLEY	MPREb_MeHGtKZDWj1	UCJ-Wx9-Xq36zECVOUCBSTNA	y 1990s late top
As We Go Up, We Go Down	Guided By Voices	Alien Lanes	LIKE	hnbneKvdBCM	MPREb_MeHGtKZDWj1	UCJ-Wx9-Xq36zECVOUCBSTNA	y 1990s late top
Always Crush Me	Guided By Voices	Alien Lanes	LIKE	92yXjsYgMJc	MPREb_MeHGtKZDWj1	UCJ-Wx9-Xq36zECVOUCBSTNA	y 1990s late top
Nice Guys Finish Last	Green Day	Nimrod	LIKE	vouf6QP2tzU	MPREb_CxYIbFgytt1	UC4JNeITH4P7G51C1hJoG6vQ	y 1990s late top
Geek Stink Breath	Green Day	Insomniac	LIKE	yu2111Wfpss	MPREb_lfdL8ppic5h	UC4JNeITH4P7G51C1hJoG6vQ	y 1990s late top
Brain Stew	Green Day	Insomniac	LIKE	IPeJ7iM55hc	MPREb_lfdL8ppic5h	UC4JNeITH4P7G51C1hJoG6vQ	y 1990s late top
Bab's Uvula Who?	Green Day	Insomniac	LIKE	XfaEa9WLHOc	MPREb_lfdL8ppic5h	UC4JNeITH4P7G51C1hJoG6vQ	y 1990s late top
Summer Here Kids	Grandaddy	Under the Western Freeway	LIKE	pbuiyGfLjLg	MPREb_UCh9h8Shi0h	UChD7NBi0bhr9ixPYk_Uk3sA	y 1990s late top
Collective Dreamwish of Upperclass Elegance	Grandaddy	Under the Western Freeway	LIKE	LSCRI0MLU80	MPREb_UCh9h8Shi0h	UChD7NBi0bhr9ixPYk_Uk3sA	y 1990s late top
A.M. 180	Grandaddy	Under the Western Freeway	LIKE	2h40haA5ofs	MPREb_UCh9h8Shi0h	UChD7NBi0bhr9ixPYk_Uk3sA	y 1990s late top
They Don't Dance No Mo' (feat. Lil' Will)	Goodie Mob	Still Standing	LIKE	DYt0BOuoOBA	MPREb_pHf9GEAVIha	UCweVqDsiovvEo4SWiK2JiJA	y 1990s late top
Black Ice (Sky High) (feat. Outkast)	Goodie Mob	Still Standing	LIKE	3UEkoMoP2Ko	MPREb_pHf9GEAVIha	UCweVqDsiovvEo4SWiK2JiJA	y 1990s late top
Thought Process (feat. André 3000)	Goodie Mob	Soul Food (Expanded Edition)	LIKE	d1x9vm0oESs	MPREb_EOMDzoITRxc	UCweVqDsiovvEo4SWiK2JiJA	y 1990s late top
The Coming (feat. Witchdoctor)	Goodie Mob	Soul Food (Expanded Edition)	LIKE	Jm5DgUvCMVQ	MPREb_EOMDzoITRxc	UCweVqDsiovvEo4SWiK2JiJA	y 1990s late top
Soul Food (Crazyhouze Remix) (feat. 8Ball & MJG)	Goodie Mob	Soul Food (Expanded Edition)	LIKE	fgdWBaKdMK4	MPREb_EOMDzoITRxc	UCweVqDsiovvEo4SWiK2JiJA	y 1990s late top
Soul Food (A cappella)	Goodie Mob	Soul Food (Expanded Edition)	LIKE	gbyPgxisLBI	MPREb_EOMDzoITRxc	UCweVqDsiovvEo4SWiK2JiJA	y 1990s late top
Soul Food	Goodie Mob	Soul Food (Expanded Edition)	LIKE	GkApwGNGft4	MPREb_EOMDzoITRxc	UCweVqDsiovvEo4SWiK2JiJA	y 1990s late top
Live at the O.M.N.I	Goodie Mob	Soul Food (Expanded Edition)	LIKE	k0hMyxmFKoE	MPREb_EOMDzoITRxc	UCweVqDsiovvEo4SWiK2JiJA	y 1990s late top
I Didn't Ask To Come	Goodie Mob	Soul Food (Expanded Edition)	LIKE	CyPgtzBvHnA	MPREb_EOMDzoITRxc	UCweVqDsiovvEo4SWiK2JiJA	y 1990s late top
Free (Extended Mix w/Rap)	Goodie Mob	Soul Food (Expanded Edition)	LIKE	b_NTANR28Tw	MPREb_EOMDzoITRxc	UCweVqDsiovvEo4SWiK2JiJA	y 1990s late top
Free (A cappella w/Rap)	Goodie Mob	Soul Food (Expanded Edition)	LIKE	tblTfHiTmvc	MPREb_EOMDzoITRxc	UCweVqDsiovvEo4SWiK2JiJA	y 1990s late top
Dirty South (feat. Big Boi & Cool Breeze)	Goodie Mob	Soul Food (Expanded Edition)	LIKE	FxZkhQ2qoXU	MPREb_EOMDzoITRxc	UCweVqDsiovvEo4SWiK2JiJA	y 1990s late top
Dirty South (Remix) (feat. Mystikal)	Goodie Mob	Soul Food (Expanded Edition)	LIKE	k9SNsFccmdM	MPREb_EOMDzoITRxc	UCweVqDsiovvEo4SWiK2JiJA	y 1990s late top
Dirty South (A cappella) (feat. Big Boi)	Goodie Mob	Soul Food (Expanded Edition)	LIKE	brvanRgC-88	MPREb_EOMDzoITRxc	UCweVqDsiovvEo4SWiK2JiJA	y 1990s late top
Cell Therapy (Sideeq Remix)	Goodie Mob	Soul Food (Expanded Edition)	LIKE	IaoUpvDIwYM	MPREb_EOMDzoITRxc	UCweVqDsiovvEo4SWiK2JiJA	y 1990s late top
Cell Therapy (A cappella)	Goodie Mob	Soul Food (Expanded Edition)	LIKE	x3-52ezsyBE	MPREb_EOMDzoITRxc	UCweVqDsiovvEo4SWiK2JiJA	y 1990s late top
Cell Therapy	Goodie Mob	Soul Food (Expanded Edition)	LIKE	TAQ0TVop4vA	MPREb_EOMDzoITRxc	UCweVqDsiovvEo4SWiK2JiJA	y 1990s late top
Motherless Child (feat. Raekwon)	Ghostface Killah	Ironman	LIKE	M6L2-YjpLgc	MPREb_HoMur50JXYD	UC9BR9FK85Ez13EZ34Z5yZnw	y 1990s late top
Marvel	Ghostface Killah	Ironman	LIKE	1MmUarNIBh0	MPREb_HoMur50JXYD	UC9BR9FK85Ez13EZ34Z5yZnw	y 1990s late top
Iron Maiden	Ghostface Killah	Ironman	LIKE	ReVGijXx2lo	MPREb_HoMur50JXYD	UC9BR9FK85Ez13EZ34Z5yZnw	y 1990s late top
Fish (feat. Raekwon & Cappadonna)	Ghostface Killah	Ironman	LIKE	R40HfUN1_7Y	MPREb_HoMur50JXYD	UC9BR9FK85Ez13EZ34Z5yZnw	y 1990s late top
Camay (feat. Raekwon & Cappadonna)	Ghostface Killah	Ironman	LIKE	-9WGTvOXuJY	MPREb_HoMur50JXYD	UC9BR9FK85Ez13EZ34Z5yZnw	y 1990s late top
Box In Hand (feat. Method Man & Street)	Ghostface Killah	Ironman	LIKE	oiG-DJ37wXQ	MPREb_HoMur50JXYD	UC9BR9FK85Ez13EZ34Z5yZnw	y 1990s late top
Black Jesus (feat. Raekwon & U-God)	Ghostface Killah	Ironman	LIKE	7csOUXdmG9w	MPREb_HoMur50JXYD	UC9BR9FK85Ez13EZ34Z5yZnw	y 1990s late top
Assassination Day (feat. Ghostface Killah, Raekwon & Inspektah Deck)	Ghostface Killah	Ironman	LIKE	AG31eIfUIhg	MPREb_HoMur50JXYD	UC9BR9FK85Ez13EZ34Z5yZnw	y 1990s late top
260 (feat. Raekwon)	Ghostface Killah	Ironman	LIKE	7c40K1BjZC0	MPREb_HoMur50JXYD	UC9BR9FK85Ez13EZ34Z5yZnw	y 1990s late top
Only Happy When It Rains	Garbage	Garbage (20th Anniversary Edition/Remastered)	LIKE	ETMD16zZfCg	MPREb_NN8G36ApPM5	UCzVBX_zq9EXcWL8YN2kpssQ	y 1990s late top
You Know My Steez	Gang Starr	Moment Of Truth	LIKE	V2LeFM-Z21U	MPREb_Y1isVpR2abb	UCPN9k1RTnz3OxA3t8Dc5lCQ	y 1990s late top
Work	Gang Starr	Moment Of Truth	LIKE	aI3qt7xnB-U	MPREb_Y1isVpR2abb	UCPN9k1RTnz3OxA3t8Dc5lCQ	y 1990s late top
Royalty (feat. K-Ci Hailey & Jojo Hailey)	Gang Starr	Moment Of Truth	LIKE	fzrLBihM_Dw	MPREb_Y1isVpR2abb	UCPN9k1RTnz3OxA3t8Dc5lCQ	y 1990s late top
Robbin Hood Theory	Gang Starr	Moment Of Truth	LIKE	JavNAHmzw-o	MPREb_Y1isVpR2abb	UCPN9k1RTnz3OxA3t8Dc5lCQ	y 1990s late top
Moment Of Truth	Gang Starr	Moment Of Truth	LIKE	Rr46FS7tkk4	MPREb_Y1isVpR2abb	UCPN9k1RTnz3OxA3t8Dc5lCQ	y 1990s late top
Betrayal (feat. Scarface)	Gang Starr	Moment Of Truth	LIKE	jP8QqdUfjgw	MPREb_Y1isVpR2abb	UCPN9k1RTnz3OxA3t8Dc5lCQ	y 1990s late top
Above The Clouds (feat. Inspectah Deck)	Gang Starr	Moment Of Truth	LIKE	NqhNTA2VHqk	MPREb_Y1isVpR2abb	UCPN9k1RTnz3OxA3t8Dc5lCQ	y 1990s late top
High Price, Small Reward (feat. Masta Killa)	GZA/Genius	Beneath The Surface	LIKE	ucALsMOkNI4	MPREb_pg1C4jTm6cI	UC--gj3l4eBnO_hxJsalqIFg	y 1990s late top
Feel Like An Enemy (feat. Hell Raizah, Killah Priest, Trigga & Prodical Sun)	GZA/Genius	Beneath The Surface	LIKE	LJTjlUHJDpk	MPREb_pg1C4jTm6cI	UC--gj3l4eBnO_hxJsalqIFg	y 1990s late top
Breaker, Breaker	GZA/Genius	Beneath The Surface	LIKE	TJlYIOh8MPo	MPREb_pg1C4jTm6cI	UC--gj3l4eBnO_hxJsalqIFg	y 1990s late top
1112 (feat. Masta Killa, Killah Priest & Njeri)	GZA/Genius	Beneath The Surface	LIKE	JLBjPYVUqf4	MPREb_pg1C4jTm6cI	UC--gj3l4eBnO_hxJsalqIFg	y 1990s late top
Swordsman (feat. Killah Priest)	GZA	Liquid Swords	LIKE	T17YRtYcvIs	MPREb_XFpeKOertbT	UC--gj3l4eBnO_hxJsalqIFg	y 1990s late top
Shadowboxin' (feat. Method Man)	GZA	Liquid Swords	LIKE	xRQ5mmVfNdY	MPREb_XFpeKOertbT	UC--gj3l4eBnO_hxJsalqIFg	y 1990s late top
Living In The World Today	GZA	Liquid Swords	LIKE	zXBE_k_Jfjk	MPREb_XFpeKOertbT	UC--gj3l4eBnO_hxJsalqIFg	y 1990s late top
Liquid Swords	GZA	Liquid Swords	LIKE	11BlEYtj53Q	MPREb_XFpeKOertbT	UC--gj3l4eBnO_hxJsalqIFg	y 1990s late top
Labels	GZA	Liquid Swords	LIKE	b39Hs0OCPkw	MPREb_XFpeKOertbT	UC--gj3l4eBnO_hxJsalqIFg	y 1990s late top
Investigative Reports (feat. Chef Raekwon, Ghostface Killah & U-God)	GZA	Liquid Swords	LIKE	BVdU9tV7JA4	MPREb_XFpeKOertbT	UC--gj3l4eBnO_hxJsalqIFg	y 1990s late top
Cold World (feat. Inspectah Deck)	GZA	Liquid Swords	LIKE	h4m3hoGphkQ	MPREb_XFpeKOertbT	UC--gj3l4eBnO_hxJsalqIFg	y 1990s late top
B.I.B.L.E. (Basic Instructions Before Leaving Earth) (feat. Killah Priest)	GZA	Liquid Swords	LIKE	Om6YoJy199E	MPREb_XFpeKOertbT	UC--gj3l4eBnO_hxJsalqIFg	y 1990s late top
4th Chamber (feat. RZA, Ghostface Killah & Killah Priest)	GZA	Liquid Swords	LIKE	nkjait7wm4k	MPREb_XFpeKOertbT	UC--gj3l4eBnO_hxJsalqIFg	y 1990s late top
Zealots	Fugees	The Score (Expanded Edition)	LIKE	2LtHAZpO1jg	MPREb_8ftRmNMBmlj	UCfybICpsMRaJ492ci9CFR3Q	y 1990s late top
The Mask	Fugees	The Score (Expanded Edition)	LIKE	mIue359_ZN4	MPREb_8ftRmNMBmlj	UCfybICpsMRaJ492ci9CFR3Q	y 1990s late top
Ready or Not	Fugees	The Score (Expanded Edition)	LIKE	NJHKraasQ_I	MPREb_8ftRmNMBmlj	UCfybICpsMRaJ492ci9CFR3Q	y 1990s late top
No Woman, No Cry	Fugees	The Score (Expanded Edition)	LIKE	PEHs2WbPac0	MPREb_8ftRmNMBmlj	UCfybICpsMRaJ492ci9CFR3Q	y 1990s late top
Killing Me Softly With His Song	Fugees	The Score (Expanded Edition)	LIKE	H-RBJNqdnoM	MPREb_8ftRmNMBmlj	UCfybICpsMRaJ492ci9CFR3Q	y 1990s late top
Fu-Gee-La (Sly & Robbie Mix)	Fugees	The Score (Expanded Edition)	LIKE	20psI-NYR2k	MPREb_8ftRmNMBmlj	UCfybICpsMRaJ492ci9CFR3Q	y 1990s late top
Fu-Gee-La (Refugee Camp Remix) (feat. John Forté)	Fugees	The Score (Expanded Edition)	LIKE	h60mmbp7ci4	MPREb_8ftRmNMBmlj	UCfybICpsMRaJ492ci9CFR3Q	y 1990s late top
Fu-Gee-La	Fugees	The Score (Expanded Edition)	LIKE	iHOqTkwuFHc	MPREb_8ftRmNMBmlj	UCfybICpsMRaJ492ci9CFR3Q	y 1990s late top
Cowboys (feat. Outsidaz)	Fugees	The Score (Expanded Edition)	LIKE	kqEtXUehkMY	MPREb_8ftRmNMBmlj	UCfybICpsMRaJ492ci9CFR3Q	y 1990s late top
Bed For The Scraping	Fugazi	Red Medicine	LIKE	SSFDzFxlNRE	MPREb_dlKfbREKhFJ	UC2cjwtJB5rzpMetjDlnjGHg	y 1990s late top
The Space of Two Weeks	Four Tet	Dialogue	LIKE	wawryRosbfc	MPREb_Qk6YUwFW1GE	UCd6q-S_HAePombe72bczCkA	y 1990s late top
She Scanned	Four Tet	Dialogue	LIKE	3vVAzsyOC18	MPREb_Qk6YUwFW1GE	UCd6q-S_HAePombe72bczCkA	y 1990s late top
Liquefaction	Four Tet	Dialogue	LIKE	O5iI7GWaowE	MPREb_Qk6YUwFW1GE	UCd6q-S_HAePombe72bczCkA	y 1990s late top
Chiron	Four Tet	Dialogue	LIKE	4g0dbly__Ao	MPREb_Qk6YUwFW1GE	UCd6q-S_HAePombe72bczCkA	y 1990s late top
Alambradas	Four Tet	Dialogue	LIKE	pFmznoEqqYk	MPREb_Qk6YUwFW1GE	UCd6q-S_HAePombe72bczCkA	y 1990s late top
Stacked Actors	Foo Fighters	There Is Nothing Left To Lose	LIKE	p8RVo5t2JSY	MPREb_7u22LqOY64U	UCwDw2KaS8jRUxAPScL2U8og	y 1990s late top
Learn to Fly	Foo Fighters	There Is Nothing Left To Lose	LIKE	HJMLLKgknvk	MPREb_7u22LqOY64U	UCwDw2KaS8jRUxAPScL2U8og	y 1990s late top
Headwires	Foo Fighters	There Is Nothing Left To Lose	LIKE	Z9lB3P8hosk	MPREb_7u22LqOY64U	UCwDw2KaS8jRUxAPScL2U8og	y 1990s late top
Gimme Stitches	Foo Fighters	There Is Nothing Left To Lose	LIKE	A1OUAAcK2Sg	MPREb_7u22LqOY64U	UCwDw2KaS8jRUxAPScL2U8og	y 1990s late top
Up In Arms	Foo Fighters	The Colour And The Shape	LIKE	TULQB8esDro	MPREb_1pk6i32ZhVD	UCwDw2KaS8jRUxAPScL2U8og	y 1990s late top
My Hero	Foo Fighters	The Colour And The Shape	LIKE	V_DI4mhrY64	MPREb_1pk6i32ZhVD	UCwDw2KaS8jRUxAPScL2U8og	y 1990s late top
Monkey Wrench	Foo Fighters	The Colour And The Shape	LIKE	8PG5oTnDpXA	MPREb_1pk6i32ZhVD	UCwDw2KaS8jRUxAPScL2U8og	y 1990s late top
Everlong	Foo Fighters	The Colour And The Shape	LIKE	AxuTd9rwEHQ	MPREb_1pk6i32ZhVD	UCwDw2KaS8jRUxAPScL2U8og	y 1990s late top
X-Static	Foo Fighters	Foo Fighters	LIKE	2ANXDgIR090	MPREb_CYsA7PXQaOm	UCwDw2KaS8jRUxAPScL2U8og	y 1990s late top
This Is a Call	Foo Fighters	Foo Fighters	LIKE	h-Rnr3wTX9I	MPREb_CYsA7PXQaOm	UCwDw2KaS8jRUxAPScL2U8og	y 1990s late top
Floaty	Foo Fighters	Foo Fighters	LIKE	bLmiOuLAO3A	MPREb_CYsA7PXQaOm	UCwDw2KaS8jRUxAPScL2U8og	y 1990s late top
Big Me	Foo Fighters	Foo Fighters	LIKE	jMZg_J77ZSE	MPREb_CYsA7PXQaOm	UCwDw2KaS8jRUxAPScL2U8og	y 1990s late top
Alone + Easy Target	Foo Fighters	Foo Fighters	LIKE	T0kV8yqiL8M	MPREb_CYsA7PXQaOm	UCwDw2KaS8jRUxAPScL2U8og	y 1990s late top
Slow Like Honey	Fiona Apple	Tidal	LIKE	6p8DuJSBVbA	MPREb_lCU81dUvCnf	UCLKPWf8Xm8m_VMb6i4PsMZg	y 1990s late top
Criminal	Fiona Apple	Tidal	LIKE	yPEkzupLMMg	MPREb_lCU81dUvCnf	UCLKPWf8Xm8m_VMb6i4PsMZg	y 1990s late top
Soul Surfing	Fatboy Slim	You've Come A Long Way Baby	LIKE	kQ4fNc8c55U	MPREb_lPBJZGg9p7j	UCNekatqy_ys1SX8NfjpwixA	y 1990s late top
Rockafeller Skank	Fatboy Slim	You've Come A Long Way Baby	LIKE	MkOu30V23zQ	MPREb_lPBJZGg9p7j	UCNekatqy_ys1SX8NfjpwixA	y 1990s late top
Praise You	Fatboy Slim	You've Come A Long Way Baby	LIKE	04qGKPoJzbE	MPREb_lPBJZGg9p7j	UCNekatqy_ys1SX8NfjpwixA	y 1990s late top
Love Island	Fatboy Slim	You've Come A Long Way Baby	LIKE	9c0-pKFPnXM	MPREb_lPBJZGg9p7j	UCNekatqy_ys1SX8NfjpwixA	y 1990s late top
In Heaven	Fatboy Slim	You've Come A Long Way Baby	LIKE	gNm0yVkyOWc	MPREb_lPBJZGg9p7j	UCNekatqy_ys1SX8NfjpwixA	y 1990s late top
Gangster Trippin	Fatboy Slim	You've Come A Long Way Baby	LIKE	zYue820v02A	MPREb_lPBJZGg9p7j	UCNekatqy_ys1SX8NfjpwixA	y 1990s late top
Going Out of My Head	Fatboy Slim	Better Living Through Chemistry	LIKE	O7XQgo6ssoY	MPREb_HGrs9QE8ib7	UCNekatqy_ys1SX8NfjpwixA	y 1990s late top
10th and Crenshaw	Fatboy Slim	Better Living Through Chemistry	LIKE	LRevTN-rzvI	MPREb_HGrs9QE8ib7	UCNekatqy_ys1SX8NfjpwixA	y 1990s late top
I Will Buy You A New Life	Everclear	So Much For The Afterglow	LIKE	lydzu-RcAxU	MPREb_upsqC582POk	UClBVV9ZvFRdEGTDCGSkNysA	y 1990s late top
Father Of Mine	Everclear	So Much For The Afterglow	LIKE	B3BdUTTBaek	MPREb_upsqC582POk	UClBVV9ZvFRdEGTDCGSkNysA	y 1990s late top
Other Side Of The Game	Erykah Badu	Baduizm	LIKE	nkzFnXEKs5Y	MPREb_8Pns8xvUNlT	UCxUb-_eniV4jqmipDxroS9g	y 1990s late top
On & On	Erykah Badu	Baduizm	LIKE	TW28iWV7nxE	MPREb_8Pns8xvUNlT	UCxUb-_eniV4jqmipDxroS9g	y 1990s late top
Certainly	Erykah Badu	Baduizm	LIKE	SWf6M467OsQ	MPREb_8Pns8xvUNlT	UCxUb-_eniV4jqmipDxroS9g	y 1990s late top
Appletree	Erykah Badu	Baduizm	LIKE	Nujt--zPa70	MPREb_8Pns8xvUNlT	UCxUb-_eniV4jqmipDxroS9g	y 1990s late top
Role Model	Eminem	The Slim Shady LP (Expanded Edition)	LIKE	f3dKPL_5k9c	MPREb_u1CGn06jajC	UCedvOgsKFzcK3hA5taf3KoQ	y 1990s late top
Rock Bottom	Eminem	The Slim Shady LP (Expanded Edition)	LIKE	HJwdRxCZ3Vc	MPREb_u1CGn06jajC	UCedvOgsKFzcK3hA5taf3KoQ	y 1990s late top
My Name Is (Instrumental)	Eminem	The Slim Shady LP (Expanded Edition)	LIKE	2hmvy7w8JFg	MPREb_u1CGn06jajC	UCedvOgsKFzcK3hA5taf3KoQ	y 1990s late top
My Name Is	Eminem	The Slim Shady LP (Expanded Edition)	LIKE	I_bBRzWzkC8	MPREb_u1CGn06jajC	UCedvOgsKFzcK3hA5taf3KoQ	y 1990s late top
Guilty Conscience (feat. Dr. Dre)	Eminem	The Slim Shady LP (Expanded Edition)	LIKE	FJKvyZgI7qE	MPREb_u1CGn06jajC	UCedvOgsKFzcK3hA5taf3KoQ	y 1990s late top
Guilty Conscience (Radio Version) (feat. Dr. Dre)	Eminem	The Slim Shady LP (Expanded Edition)	LIKE	56vBbvJiHp0	MPREb_u1CGn06jajC	UCedvOgsKFzcK3hA5taf3KoQ	y 1990s late top
Guilty Conscience (Instrumental) (feat. Dr. Dre)	Eminem	The Slim Shady LP (Expanded Edition)	LIKE	sJuilL3thRA	MPREb_u1CGn06jajC	UCedvOgsKFzcK3hA5taf3KoQ	y 1990s late top
Guilty Conscience (A Cappella) (feat. Dr. Dre)	Eminem	The Slim Shady LP (Expanded Edition)	LIKE	HDfPkXm7ha4	MPREb_u1CGn06jajC	UCedvOgsKFzcK3hA5taf3KoQ	y 1990s late top
Greg (A Cappella)	Eminem	The Slim Shady LP (Expanded Edition)	LIKE	2yMV-PPxQo0	MPREb_u1CGn06jajC	UCedvOgsKFzcK3hA5taf3KoQ	y 1990s late top
Bad Meets Evil (feat. Royce Da 5'9'')	Eminem	The Slim Shady LP (Expanded Edition)	LIKE	3a74Azxb7PY	MPREb_u1CGn06jajC	UCedvOgsKFzcK3hA5taf3KoQ	y 1990s late top
Waltz #2 (XO)	Elliott Smith	XO (Deluxe Edition)	LIKE	hXJGy9sdLRU	MPREb_QWKeo4CBukL	UCuNTMHPl8dVBpJRtvygl-9A	y 1990s late top
Waltz #2 (Radio Edit)	Elliott Smith	XO (Deluxe Edition)	LIKE	Nd5wzVQVFzs	MPREb_QWKeo4CBukL	UCuNTMHPl8dVBpJRtvygl-9A	y 1990s late top
Waltz #1 (Demo Version)	Elliott Smith	XO (Deluxe Edition)	LIKE	Zl9j5DKTY8Q	MPREb_QWKeo4CBukL	UCuNTMHPl8dVBpJRtvygl-9A	y 1990s late top
Waltz #1	Elliott Smith	XO (Deluxe Edition)	LIKE	TL1q6AfHuwQ	MPREb_QWKeo4CBukL	UCuNTMHPl8dVBpJRtvygl-9A	y 1990s late top
Tomorrow Tomorrow	Elliott Smith	XO (Deluxe Edition)	LIKE	t3DMgRAtQq8	MPREb_QWKeo4CBukL	UCuNTMHPl8dVBpJRtvygl-9A	y 1990s late top
The Enemy Is You	Elliott Smith	XO (Deluxe Edition)	LIKE	fN-YFh9yYmo	MPREb_QWKeo4CBukL	UCuNTMHPl8dVBpJRtvygl-9A	y 1990s late top
Sweet Adeline	Elliott Smith	XO (Deluxe Edition)	LIKE	LmMvLFR8bzw	MPREb_QWKeo4CBukL	UCuNTMHPl8dVBpJRtvygl-9A	y 1990s late top
Some Song (Alternative Version)	Elliott Smith	XO (Deluxe Edition)	LIKE	M1UQiwNjbog	MPREb_QWKeo4CBukL	UCuNTMHPl8dVBpJRtvygl-9A	y 1990s late top
Pitseleh	Elliott Smith	XO (Deluxe Edition)	LIKE	qN0FM3hxiXc	MPREb_QWKeo4CBukL	UCuNTMHPl8dVBpJRtvygl-9A	y 1990s late top
Our Thing	Elliott Smith	XO (Deluxe Edition)	LIKE	qHvXxmA-UOs	MPREb_QWKeo4CBukL	UCuNTMHPl8dVBpJRtvygl-9A	y 1990s late top
Oh Well, OK	Elliott Smith	XO (Deluxe Edition)	LIKE	gECgg0S1Tuc	MPREb_QWKeo4CBukL	UCuNTMHPl8dVBpJRtvygl-9A	y 1990s late top
Independence Day	Elliott Smith	XO (Deluxe Edition)	LIKE	-kbC265d-Xo	MPREb_QWKeo4CBukL	UCuNTMHPl8dVBpJRtvygl-9A	y 1990s late top
I Didn't Understand	Elliott Smith	XO (Deluxe Edition)	LIKE	CJJkMAethSc	MPREb_QWKeo4CBukL	UCuNTMHPl8dVBpJRtvygl-9A	y 1990s late top
How To Take A Fall	Elliott Smith	XO (Deluxe Edition)	LIKE	beOgafFYA-U	MPREb_QWKeo4CBukL	UCuNTMHPl8dVBpJRtvygl-9A	y 1990s late top
Everybody Cares, Everybody Understands	Elliott Smith	XO (Deluxe Edition)	LIKE	ZTtPlmzfK7w	MPREb_QWKeo4CBukL	UCuNTMHPl8dVBpJRtvygl-9A	y 1990s late top
Bottle Up And Explode!	Elliott Smith	XO (Deluxe Edition)	LIKE	2xgfHE0xMJc	MPREb_QWKeo4CBukL	UCuNTMHPl8dVBpJRtvygl-9A	y 1990s late top
Bottle Up & Explode! (Early Version)	Elliott Smith	XO (Deluxe Edition)	LIKE	TwEByJwKtwk	MPREb_QWKeo4CBukL	UCuNTMHPl8dVBpJRtvygl-9A	y 1990s late top
Bled White	Elliott Smith	XO (Deluxe Edition)	LIKE	q_MmHpbm9TQ	MPREb_QWKeo4CBukL	UCuNTMHPl8dVBpJRtvygl-9A	y 1990s late top
Baby Britain (Remix)	Elliott Smith	XO (Deluxe Edition)	LIKE	l733n6Cb9CU	MPREb_QWKeo4CBukL	UCuNTMHPl8dVBpJRtvygl-9A	y 1990s late top
Baby Britain	Elliott Smith	XO (Deluxe Edition)	LIKE	4qPwyjpX-zU	MPREb_QWKeo4CBukL	UCuNTMHPl8dVBpJRtvygl-9A	y 1990s late top
Amity	Elliott Smith	XO (Deluxe Edition)	LIKE	IHNl7wcTIIM	MPREb_QWKeo4CBukL	UCuNTMHPl8dVBpJRtvygl-9A	y 1990s late top
A Question Mark	Elliott Smith	XO (Deluxe Edition)	LIKE	mLjiP5v2OjY	MPREb_QWKeo4CBukL	UCuNTMHPl8dVBpJRtvygl-9A	y 1990s late top
Willowy Man	Elf Power	A Dream in Sound	LIKE	Ze3a8-R_edw	MPREb_zzfPx2R999H	UCVVudE-Gc3G1HGbEdefK3yg	y 1990s late top
We Dream in Sound	Elf Power	A Dream in Sound	LIKE	6gmhPOZrJ_M	MPREb_zzfPx2R999H	UCVVudE-Gc3G1HGbEdefK3yg	y 1990s late top
Rising and Falling in a Little World	Elf Power	A Dream in Sound	LIKE	Dy0PlW5QBU4	MPREb_zzfPx2R999H	UCVVudE-Gc3G1HGbEdefK3yg	y 1990s late top
Olde Tyme Waves	Elf Power	A Dream in Sound	LIKE	y7d6lz2csAM	MPREb_zzfPx2R999H	UCVVudE-Gc3G1HGbEdefK3yg	y 1990s late top
Jane	Elf Power	A Dream in Sound	LIKE	BgPi4frqC8M	MPREb_zzfPx2R999H	UCVVudE-Gc3G1HGbEdefK3yg	y 1990s late top
The Secret of Love	Eden Ahbez	Echoes from Nature Boy	LIKE	Dez39P8RzWA	MPREb_yFf6OP1yUKO	UC4Kt41Gg80XaToExxQhq2bQ	y 1990s late top
Once There Was a Girl	Eden Ahbez	Echoes from Nature Boy	LIKE	S90VQ5mErM0	MPREb_yFf6OP1yUKO	UC4Kt41Gg80XaToExxQhq2bQ	y 1990s late top
Nature Boy	Eden Ahbez	Echoes from Nature Boy	LIKE	qrwesx2J2FE	MPREb_yFf6OP1yUKO	UC4Kt41Gg80XaToExxQhq2bQ	y 1990s late top
As the Wind	Eden Ahbez	Echoes from Nature Boy	LIKE	-3a8_pOQlzE	MPREb_yFf6OP1yUKO	UC4Kt41Gg80XaToExxQhq2bQ	y 1990s late top
Topical Solution	Duster	Stratosphere	LIKE	g-lF0RNAIK8	MPREb_B1sOajhmNH5	UCZkINlw1KmC1GiOqyx3tBPA	y 1990s late top
The Twins / Romantica	Duster	Stratosphere	LIKE	4Jx4rGIos3M	MPREb_B1sOajhmNH5	UCZkINlw1KmC1GiOqyx3tBPA	y 1990s late top
The Queen of Hearts	Duster	Stratosphere	LIKE	DE-vS9RLN3U	MPREb_B1sOajhmNH5	UCZkINlw1KmC1GiOqyx3tBPA	y 1990s late top
The Landing	Duster	Stratosphere	LIKE	hBStpx6zbHw	MPREb_B1sOajhmNH5	UCZkINlw1KmC1GiOqyx3tBPA	y 1990s late top
Shadows of Planes	Duster	Stratosphere	LIKE	WDtH__GYbrA	MPREb_B1sOajhmNH5	UCZkINlw1KmC1GiOqyx3tBPA	y 1990s late top
Reed to Hillsborough	Duster	Stratosphere	LIKE	ghz9es1UaPo	MPREb_B1sOajhmNH5	UCZkINlw1KmC1GiOqyx3tBPA	y 1990s late top
Moon Age	Duster	Stratosphere	LIKE	VZiQJPEpUb8	MPREb_B1sOajhmNH5	UCZkINlw1KmC1GiOqyx3tBPA	y 1990s late top
Inside Out	Duster	Stratosphere	LIKE	8ElVb8YQbmI	MPREb_B1sOajhmNH5	UCZkINlw1KmC1GiOqyx3tBPA	y 1990s late top
Heading for the Door	Duster	Stratosphere	LIKE	JiDuubzc5yI	MPREb_B1sOajhmNH5	UCZkINlw1KmC1GiOqyx3tBPA	y 1990s late top
Gold Dust	Duster	Stratosphere	LIKE	ghVC-ZXCxt0	MPREb_B1sOajhmNH5	UCZkINlw1KmC1GiOqyx3tBPA	y 1990s late top
Echo, Bravo	Duster	Stratosphere	LIKE	EMcAcY83S7U	MPREb_B1sOajhmNH5	UCZkINlw1KmC1GiOqyx3tBPA	y 1990s late top
Constellations	Duster	Stratosphere	LIKE	j3i_-mTVkZk	MPREb_B1sOajhmNH5	UCZkINlw1KmC1GiOqyx3tBPA	y 1990s late top
Memphis Sophisticate	Duster	1975	LIKE	zK0y416Te1M	MPREb_g7u0z7e2yHi	UCZkINlw1KmC1GiOqyx3tBPA	y 1990s late top
And Things (Are Mostly Ghosts)	Duster	1975	LIKE	QIZIf60aivw	MPREb_g7u0z7e2yHi	UCZkINlw1KmC1GiOqyx3tBPA	y 1990s late top
Real Raw	Dr. Octagon	Dr. Octagonecologyst	LIKE	HyrcEuykpPQ	MPREb_59ZKFDiliZZ	UCDqLweuJ6SUtODLGxS5J3tA	y 1990s late top
No Awareness	Dr. Octagon	Dr. Octagonecologyst	LIKE	WnFyUCYvy9A	MPREb_59ZKFDiliZZ	UCDqLweuJ6SUtODLGxS5J3tA	y 1990s late top
Blue Flowers	Dr. Octagon	Dr. Octagonecologyst	LIKE	eAxqed-PPi8	MPREb_59ZKFDiliZZ	UCDqLweuJ6SUtODLGxS5J3tA	y 1990s late top
Xxplosive (Instrumental)	Dr. Dre	2001 Instrumental	LIKE	efp7IyVyS8c	MPREb_JuZnEd7eoz9	UC1g7JmTw4Gv8W9YINg3M1FA	y 1990s late top
What's The Difference (Instrumental)	Dr. Dre	2001 Instrumental	LIKE	vR03uaPetxc	MPREb_JuZnEd7eoz9	UC1g7JmTw4Gv8W9YINg3M1FA	y 1990s late top
The Watcher (Instrumental)	Dr. Dre	2001 Instrumental	LIKE	CRpAhbrkzE4	MPREb_JuZnEd7eoz9	UC1g7JmTw4Gv8W9YINg3M1FA	y 1990s late top
The Next Episode (Instrumental)	Dr. Dre	2001 Instrumental	LIKE	kSeRv9Afg_E	MPREb_JuZnEd7eoz9	UC1g7JmTw4Gv8W9YINg3M1FA	y 1990s late top
The Message (Instrumental)	Dr. Dre	2001 Instrumental	LIKE	9cxMsln5Ig4	MPREb_JuZnEd7eoz9	UC1g7JmTw4Gv8W9YINg3M1FA	y 1990s late top
Still D.R.E. (Instrumental)	Dr. Dre	2001 Instrumental	LIKE	3MufzuaKfZg	MPREb_JuZnEd7eoz9	UC1g7JmTw4Gv8W9YINg3M1FA	y 1990s late top
Lolo (Intro) (Instrumental)	Dr. Dre	2001 Instrumental	LIKE	WveaDWy2WpQ	MPREb_JuZnEd7eoz9	UC1g7JmTw4Gv8W9YINg3M1FA	y 1990s late top
Forgot About Dre (Instrumental) (feat. Eminem)	Dr. Dre	2001 Instrumental	LIKE	4Hs8GDo-Vk0	MPREb_JuZnEd7eoz9	UC1g7JmTw4Gv8W9YINg3M1FA	y 1990s late top
Bitch Niggaz (Instrumental)	Dr. Dre	2001 Instrumental	LIKE	RJ9c6tecFi4	MPREb_JuZnEd7eoz9	UC1g7JmTw4Gv8W9YINg3M1FA	y 1990s late top
Big Ego's (Instrumental)	Dr. Dre	2001 Instrumental	LIKE	c54fxqFCKbQ	MPREb_JuZnEd7eoz9	UC1g7JmTw4Gv8W9YINg3M1FA	y 1990s late top
Xxplosive (feat. Hittman, Six-Two, Nate Dogg & Kurupt)	Dr. Dre	2001	LIKE	WdlyIH2DX60	MPREb_6EiilRp9nkg	UC1g7JmTw4Gv8W9YINg3M1FA	y 1990s late top
What's The Difference (feat. Eminem & Xzibit)	Dr. Dre	2001	LIKE	-Ubyt7iWJ8Q	MPREb_6EiilRp9nkg	UC1g7JmTw4Gv8W9YINg3M1FA	y 1990s late top
The Watcher (feat. Eminem & Knoc 'Turn 'Al)	Dr. Dre	2001	LIKE	erJQha5ur_U	MPREb_6EiilRp9nkg	UC1g7JmTw4Gv8W9YINg3M1FA	y 1990s late top
The Next Episode (feat. Snoop Dogg)	Dr. Dre	2001	LIKE	nL2HPPHdPAA	MPREb_6EiilRp9nkg	UC1g7JmTw4Gv8W9YINg3M1FA	y 1990s late top
The Message (feat. Mary J. Blige & Rell)	Dr. Dre	2001	LIKE	iLcMgVDV60I	MPREb_6EiilRp9nkg	UC1g7JmTw4Gv8W9YINg3M1FA	y 1990s late top
The Car Bomb (feat. Mel-Man & Charis Henry)	Dr. Dre	2001	LIKE	-tx8cT4p_FE	MPREb_6EiilRp9nkg	UC1g7JmTw4Gv8W9YINg3M1FA	y 1990s late top
Still D.R.E. (feat. Snoop Dogg)	Dr. Dre	2001	LIKE	Qeem6ZVr8Ic	MPREb_6EiilRp9nkg	UC1g7JmTw4Gv8W9YINg3M1FA	y 1990s late top
Forgot About Dre (feat. Eminem)	Dr. Dre	2001	LIKE	SqTSgCdDaaM	MPREb_6EiilRp9nkg	UC1g7JmTw4Gv8W9YINg3M1FA	y 1990s late top
Bitch Niggaz (feat. Hittman, Six-Two & Snoop Dogg)	Dr. Dre	2001	LIKE	JrBcYb3fH6E	MPREb_6EiilRp9nkg	UC1g7JmTw4Gv8W9YINg3M1FA	y 1990s late top
Big Ego's (feat. Hittman)	Dr. Dre	2001	LIKE	XomLB_qIIDo	MPREb_6EiilRp9nkg	UC1g7JmTw4Gv8W9YINg3M1FA	y 1990s late top
Two Coins	Dispatch	Bang Bang	LIKE	z6XEoH62nng	MPREb_5vMjupPfZIP	UC-5uC932DoJL8IOP2spZ6Fw	y 1990s late top
The General	Dispatch	Bang Bang	LIKE	q8P0zHkybDI	MPREb_5vMjupPfZIP	UC-5uC932DoJL8IOP2spZ6Fw	y 1990s late top
Bang Bang	Dispatch	Bang Bang	LIKE	KyDkHgjoNLY	MPREb_5vMjupPfZIP	UC-5uC932DoJL8IOP2spZ6Fw	y 1990s late top
What Do You Want Me to Say?	Dismemberment Plan	Emergency & I	LIKE	BSQXZg_POeI	MPREb_JTPrtOu3VmD	UCtRoENZ_2xIhrhLTuYSxwJg	y 1990s late top
The Jitters	Dismemberment Plan	Emergency & I	LIKE	xThPWlXHAVE	MPREb_JTPrtOu3VmD	UCtRoENZ_2xIhrhLTuYSxwJg	y 1990s late top
The City	Dismemberment Plan	Emergency & I	LIKE	E3yv8B4o7fA	MPREb_JTPrtOu3VmD	UCtRoENZ_2xIhrhLTuYSxwJg	y 1990s late top
Spider in the Snow	Dismemberment Plan	Emergency & I	LIKE	UCYjv1W-KyM	MPREb_JTPrtOu3VmD	UCtRoENZ_2xIhrhLTuYSxwJg	y 1990s late top
Memory Machine	Dismemberment Plan	Emergency & I	LIKE	EpgwDyD3V2I	MPREb_JTPrtOu3VmD	UCtRoENZ_2xIhrhLTuYSxwJg	y 1990s late top
8 1/2 Minutes	Dismemberment Plan	Emergency & I	LIKE	D2WOulFB3So	MPREb_JTPrtOu3VmD	UCtRoENZ_2xIhrhLTuYSxwJg	y 1990s late top
The Restless Waves	Dirty Three	Ocean Songs	LIKE	AiNs9WzAX5s	MPREb_1KuNTQQ2Ebd	UCs0T3BR8QMPnKFp930liUdg	y 1990s late top
Sirena	Dirty Three	Ocean Songs	LIKE	LScKpnX1FGU	MPREb_1KuNTQQ2Ebd	UCs0T3BR8QMPnKFp930liUdg	y 1990s late top
Distant Shore	Dirty Three	Ocean Songs	LIKE	jElU4K2FX-8	MPREb_1KuNTQQ2Ebd	UCs0T3BR8QMPnKFp930liUdg	y 1990s late top
Stay	Destiny's Child	The Writing's On The Wall	LIKE	hr6J5EHiy0E	MPREb_EmoyiBRSsE1	UCksv4FYu55EEkyy5Q1W_yUw	y 1990s late top
So Good	Destiny's Child	The Writing's On The Wall	LIKE	GCovLrjiHPc	MPREb_EmoyiBRSsE1	UCksv4FYu55EEkyy5Q1W_yUw	y 1990s late top
She Can't Love You	Destiny's Child	The Writing's On The Wall	LIKE	uHUuBvNYk4o	MPREb_EmoyiBRSsE1	UCksv4FYu55EEkyy5Q1W_yUw	y 1990s late top
Say My Name	Destiny's Child	The Writing's On The Wall	LIKE	Ajez9PaCgek	MPREb_EmoyiBRSsE1	UCksv4FYu55EEkyy5Q1W_yUw	y 1990s late top
Jumpin', Jumpin'	Destiny's Child	The Writing's On The Wall	LIKE	hDqhXMQuSHg	MPREb_EmoyiBRSsE1	UCksv4FYu55EEkyy5Q1W_yUw	y 1990s late top
Confessions (feat. Missy 'Misdemeanor' Elliott)	Destiny's Child	The Writing's On The Wall	LIKE	CKYZzL4DgMQ	MPREb_EmoyiBRSsE1	UCksv4FYu55EEkyy5Q1W_yUw	y 1990s late top
Too Much	Dave Matthews Band	Crash	LIKE	M_wY33lZLDI	MPREb_PFaxFdrykhQ	UCSJdKxr7mpS_jUj1-YqVkKA	y 1990s late top
Crash into Me	Dave Matthews Band	Crash	LIKE	SvgGZB8wXiY	MPREb_PFaxFdrykhQ	UCSJdKxr7mpS_jUj1-YqVkKA	y 1990s late top
Real Hip-Hop (Pete Rock Remix)	Das EFX	Hold It Down	LIKE	aGFHZ4-8cNw	MPREb_7ROCc18Q0Xn	UCCq7iHBfCPO5eaPukfPN2nA	y 1990s late top
Real Hip-Hop	Das EFX	Hold It Down	LIKE	EkaSB3KDZhc	MPREb_7ROCc18Q0Xn	UCCq7iHBfCPO5eaPukfPN2nA	y 1990s late top
No Diggety	Das EFX	Hold It Down	LIKE	FrP3xNxXoKI	MPREb_7ROCc18Q0Xn	UCCq7iHBfCPO5eaPukfPN2nA	y 1990s late top
Here We Go	Das EFX	Hold It Down	LIKE	j1fkSWb0kHA	MPREb_7ROCc18Q0Xn	UCCq7iHBfCPO5eaPukfPN2nA	y 1990s late top
Oh Yeah	Daft Punk	Homework (25th Anniversary Edition)	LIKE	ZcaA1zHwUq0	MPREb_DysYPhLwfgT	UCRr1xG_2WIDs18a6cIiCxeA	y 1990s late top
Daftendirekt	Daft Punk	Homework (25th Anniversary Edition)	LIKE	zrtHaaVpRl8	MPREb_DysYPhLwfgT	UCRr1xG_2WIDs18a6cIiCxeA	y 1990s late top
Da Funk	Daft Punk	Homework (25th Anniversary Edition)	LIKE	gqQEBMGj9O0	MPREb_DysYPhLwfgT	UCRr1xG_2WIDs18a6cIiCxeA	y 1990s late top
Burnin'	Daft Punk	Homework (25th Anniversary Edition)	LIKE	ZkghQ-0vZKI	MPREb_DysYPhLwfgT	UCRr1xG_2WIDs18a6cIiCxeA	y 1990s late top
Around the World (Tee's Frozen Sun Mix)	Daft Punk	Homework (25th Anniversary Edition)	LIKE	2JXIfuCTelo	MPREb_DysYPhLwfgT	UCRr1xG_2WIDs18a6cIiCxeA	y 1990s late top
Around the World (RAW Dub)	Daft Punk	Homework (25th Anniversary Edition)	LIKE	jUA4fY4XMrM	MPREb_DysYPhLwfgT	UCRr1xG_2WIDs18a6cIiCxeA	y 1990s late top
Around the World (Original Lead On Mix)	Daft Punk	Homework (25th Anniversary Edition)	LIKE	0aYHqFhH9Ug	MPREb_DysYPhLwfgT	UCRr1xG_2WIDs18a6cIiCxeA	y 1990s late top
Around the World (Motorbass Vice Mix)	Daft Punk	Homework (25th Anniversary Edition)	LIKE	TOxkIzTPllY	MPREb_DysYPhLwfgT	UCRr1xG_2WIDs18a6cIiCxeA	y 1990s late top
Around the World (Mellow Mix)	Daft Punk	Homework (25th Anniversary Edition)	LIKE	Na-eqJLFhdU	MPREb_DysYPhLwfgT	UCRr1xG_2WIDs18a6cIiCxeA	y 1990s late top
Around the World (M.A.W Remix)	Daft Punk	Homework (25th Anniversary Edition)	LIKE	P8M22p9X_SI	MPREb_DysYPhLwfgT	UCRr1xG_2WIDs18a6cIiCxeA	y 1990s late top
Around the World (Kenlou Mix)	Daft Punk	Homework (25th Anniversary Edition)	LIKE	lw19BL_2e_Q	MPREb_DysYPhLwfgT	UCRr1xG_2WIDs18a6cIiCxeA	y 1990s late top
Around the World (I:Cube Remix)	Daft Punk	Homework (25th Anniversary Edition)	LIKE	XSPKFmj6k8M	MPREb_DysYPhLwfgT	UCRr1xG_2WIDs18a6cIiCxeA	y 1990s late top
Around the World	Daft Punk	Homework (25th Anniversary Edition)	LIKE	-0srGzIW_5w	MPREb_DysYPhLwfgT	UCRr1xG_2WIDs18a6cIiCxeA	y 1990s late top
Ruff Ryders' Anthem	DMX	It's Dark And Hell Is Hot	LIKE	FePSbDfx_co	MPREb_8K5P577eZsU	UCZe87x5wDk_YUmdmfAGymPQ	y 1990s late top
Look Thru My Eyes	DMX	It's Dark And Hell Is Hot	LIKE	gybUn8Ps6KE	MPREb_8K5P577eZsU	UCZe87x5wDk_YUmdmfAGymPQ	y 1990s late top
Let Me Fly	DMX	It's Dark And Hell Is Hot	LIKE	arJy3T65l6A	MPREb_8K5P577eZsU	UCZe87x5wDk_YUmdmfAGymPQ	y 1990s late top
I Can Feel It	DMX	It's Dark And Hell Is Hot	LIKE	_lx-Q2FKiDU	MPREb_8K5P577eZsU	UCZe87x5wDk_YUmdmfAGymPQ	y 1990s late top
How's It Goin' Down	DMX	It's Dark And Hell Is Hot	LIKE	9J-THCTjn60	MPREb_8K5P577eZsU	UCZe87x5wDk_YUmdmfAGymPQ	y 1990s late top
Fuckin' Wit' D	DMX	It's Dark And Hell Is Hot	LIKE	VQ-m92LO8qc	MPREb_8K5P577eZsU	UCZe87x5wDk_YUmdmfAGymPQ	y 1990s late top
For My Dogs (feat. Drag-On, Loose, Big Stan & Kasino)	DMX	It's Dark And Hell Is Hot	LIKE	MFX1rKksjaY	MPREb_8K5P577eZsU	UCZe87x5wDk_YUmdmfAGymPQ	y 1990s late top
What Does Your Soul Look Like Pt. 1 / Blue Sky Revisit / Transmission 3	DJ Shadow	Endtroducing (Deluxe Edition)	LIKE	BFQQza1uLAI	MPREb_On1dGxFcHfk	UCtTuSKgCdeTyxBGPCD3TgxQ	y 1990s late top
What Does Your Soul Look Like , Pt. 4	DJ Shadow	Endtroducing (Deluxe Edition)	LIKE	3ocQy4_TLIo	MPREb_On1dGxFcHfk	UCtTuSKgCdeTyxBGPCD3TgxQ	y 1990s late top
Untitled	DJ Shadow	Endtroducing (Deluxe Edition)	LIKE	t0ilvaRgIxU	MPREb_On1dGxFcHfk	UCtTuSKgCdeTyxBGPCD3TgxQ	y 1990s late top
Red Bus Needs To Leave!	DJ Shadow	Endtroducing (Deluxe Edition)	LIKE	Tqs8PV02b-s	MPREb_On1dGxFcHfk	UCtTuSKgCdeTyxBGPCD3TgxQ	y 1990s late top
Organ Donor (Extended Overhaul)	DJ Shadow	Endtroducing (Deluxe Edition)	LIKE	C2MmSXrfK9s	MPREb_On1dGxFcHfk	UCtTuSKgCdeTyxBGPCD3TgxQ	y 1990s late top
Napalm Brain / Scatter Brain (Medley)	DJ Shadow	Endtroducing (Deluxe Edition)	LIKE	_P4CznU7LhE	MPREb_On1dGxFcHfk	UCtTuSKgCdeTyxBGPCD3TgxQ	y 1990s late top
Napalm Brain (Demo Beat)	DJ Shadow	Endtroducing (Deluxe Edition)	LIKE	YIOWQg5LuZA	MPREb_On1dGxFcHfk	UCtTuSKgCdeTyxBGPCD3TgxQ	y 1990s late top
Midnight In A Perfect World (Gab Mix)	DJ Shadow	Endtroducing (Deluxe Edition)	LIKE	R8MOzOKmDSA	MPREb_On1dGxFcHfk	UCtTuSKgCdeTyxBGPCD3TgxQ	y 1990s late top
Midnight In A Perfect World	DJ Shadow	Endtroducing (Deluxe Edition)	LIKE	_nTOxY4vbhc	MPREb_On1dGxFcHfk	UCtTuSKgCdeTyxBGPCD3TgxQ	y 1990s late top
Changeling / Transmission	DJ Shadow	Endtroducing (Deluxe Edition)	LIKE	VUkBSCUpMZk	MPREb_On1dGxFcHfk	UCtTuSKgCdeTyxBGPCD3TgxQ	y 1990s late top
Changeling (Demo Excerpt)	DJ Shadow	Endtroducing (Deluxe Edition)	LIKE	HoQTk49KtHE	MPREb_On1dGxFcHfk	UCtTuSKgCdeTyxBGPCD3TgxQ	y 1990s late top
Building Steam With A Grain Of Salt (Alternate Take Without Overdubs)	DJ Shadow	Endtroducing (Deluxe Edition)	LIKE	V5dUKujBVU4	MPREb_On1dGxFcHfk	UCtTuSKgCdeTyxBGPCD3TgxQ	y 1990s late top
Building Steam With A Grain Of Salt	DJ Shadow	Endtroducing (Deluxe Edition)	LIKE	Qeo1-n5ahlE	MPREb_On1dGxFcHfk	UCtTuSKgCdeTyxBGPCD3TgxQ	y 1990s late top
Lady	D'Angelo	Brown Sugar	LIKE	m1WkZtA6QVk	MPREb_cOFtGbiYx2b	UClNtwl7d6s42-L8yRG6VEgg	y 1990s late top
Brown Sugar	D'Angelo	Brown Sugar	LIKE	-DNm9jn5z1w	MPREb_cOFtGbiYx2b	UClNtwl7d6s42-L8yRG6VEgg	y 1990s late top
Is This Me?	Coolio	Gangsta's Paradise	LIKE	wUi7VbnEre0	MPREb_l5JMMrLhxd8	UC48nZNzBVu13HPwJ3upxQnQ	y 1990s late top
Gangsta's Paradise	Coolio	Gangsta's Paradise	LIKE	7DXlY8LhWnI	MPREb_l5JMMrLhxd8	UC48nZNzBVu13HPwJ3upxQnQ	y 1990s late top
Population Control	Company Flow	Funcrusher Plus	LIKE	L2E6kgxtzjw	MPREb_wa1AxWhP7Sw	UCLeYcQ4Pb9BOBiXVJQslwPg	y 1990s late top
Red Queen	Coil	Musick To Play In The Dark	LIKE	9RpWRQ1V_BA	MPREb_BQ7a5fADN2q	UCfO6d9VA3ESgJsVnALoXV4A	y 1990s late top
Red Birds Will Fly Out Of The East And Destroy Paris In A Night	Coil	Musick To Play In The Dark	LIKE	AIah4xVmqfU	MPREb_BQ7a5fADN2q	UCfO6d9VA3ESgJsVnALoXV4A	y 1990s late top
Broccoli	Coil	Musick To Play In The Dark	LIKE	rVWHrPQGWDM	MPREb_BQ7a5fADN2q	UCfO6d9VA3ESgJsVnALoXV4A	y 1990s late top
Are You Shivering?	Coil	Musick To Play In The Dark	LIKE	bGuQbRFxZ74	MPREb_BQ7a5fADN2q	UCfO6d9VA3ESgJsVnALoXV4A	y 1990s late top
Tubthumping	Chumbawamba	Tubthumper	LIKE	yW5oTzftgjY	MPREb_R2EvuZpKdhQ	UCmhCi61qcB0Pygs91fbtw1Q	y 1990s late top
Neva Die Alone (feat. Tragedy Khadafi)	Capone-N-Noreaga	The War Report	LIKE	BeSfSj4ZgJw	MPREb_q3P77zOKZ2P	UCOZeZ7jaQAXIauXaQxxtQhA	y 1990s late top
Live On Live Long	Capone-N-Noreaga	The War Report	LIKE	Ms0-n9E5mwk	MPREb_q3P77zOKZ2P	UCOZeZ7jaQAXIauXaQxxtQhA	y 1990s late top
Illegal Life (feat. Tragedy Khadafi & Havoc)	Capone-N-Noreaga	The War Report	LIKE	H7oCFfbbyyE	MPREb_q3P77zOKZ2P	UCOZeZ7jaQAXIauXaQxxtQhA	y 1990s late top
Halfway Thugs (feat. Tragedy Khadafi)	Capone-N-Noreaga	The War Report	LIKE	R0NX86lfPQY	MPREb_q3P77zOKZ2P	UCOZeZ7jaQAXIauXaQxxtQhA	y 1990s late top
Closer (Sam Sneed Version) (feat. Nneka)	Capone-N-Noreaga	The War Report	LIKE	UkvuSZrk78U	MPREb_q3P77zOKZ2P	UCOZeZ7jaQAXIauXaQxxtQhA	y 1990s late top
Channel 10	Capone-N-Noreaga	The War Report	LIKE	xQvn9xvoYaY	MPREb_q3P77zOKZ2P	UCOZeZ7jaQAXIauXaQxxtQhA	y 1990s late top
Capone Bone	Capone-N-Noreaga	The War Report	LIKE	vbq9euXh6Do	MPREb_q3P77zOKZ2P	UCOZeZ7jaQAXIauXaQxxtQhA	y 1990s late top
Luchini AKA This Is It	Camp Lo	Uptown Saturday Night	LIKE	5sz1iT_Hc-A	MPREb_gxvPX48SvDs	UC7EizwUQdRAcjIIYyBatsug	y 1990s late top
Coolie High	Camp Lo	Uptown Saturday Night	LIKE	c7jbJc6d2q4	MPREb_gxvPX48SvDs	UC7EizwUQdRAcjIIYyBatsug	y 1990s late top
Black Nostaljack AKA Come On	Camp Lo	Uptown Saturday Night	LIKE	FORQF0Kd8Es	MPREb_gxvPX48SvDs	UC7EizwUQdRAcjIIYyBatsug	y 1990s late top
Sanchez	Calexico	Spoke	LIKE	4dht5VaYatg	MPREb_Qn5znEDjxIC	UCjgZh_Yt5rH280x1QlKKG_g	y 1990s late top
Point Vicente	Calexico	Spoke	LIKE	0bCdiuB5Q9o	MPREb_Qn5znEDjxIC	UCjgZh_Yt5rH280x1QlKKG_g	y 1990s late top
When Disaster Strikes	Busta Rhymes	When Disaster Strikes...	LIKE	-zn6PdEKfyU	MPREb_90efRDe51HG	UCaSeNTljGkpoj1ijhs72nag	y 1990s late top
We Could Take It Outside	Busta Rhymes	When Disaster Strikes...	LIKE	RWdLsyMmwcU	MPREb_90efRDe51HG	UCaSeNTljGkpoj1ijhs72nag	y 1990s late top
So Hardcore	Busta Rhymes	When Disaster Strikes...	LIKE	N8oRC6HhvsI	MPREb_90efRDe51HG	UCaSeNTljGkpoj1ijhs72nag	y 1990s late top
Put Your Hands Where My Eyes Could See (feat. Jamal)	Busta Rhymes	When Disaster Strikes...	LIKE	Qw8dRrInTk8	MPREb_90efRDe51HG	UCaSeNTljGkpoj1ijhs72nag	y 1990s late top
Get off My Block (feat. Lord Have Mercy)	Busta Rhymes	When Disaster Strikes...	LIKE	xC261CzwT6k	MPREb_90efRDe51HG	UCaSeNTljGkpoj1ijhs72nag	y 1990s late top
Dangerous	Busta Rhymes	When Disaster Strikes...	LIKE	6GxRDIkIzBg	MPREb_90efRDe51HG	UCaSeNTljGkpoj1ijhs72nag	y 1990s late top
Woo Hah!! Got You All in Check	Busta Rhymes	The Coming	LIKE	DOZ6xQ4PlOM	MPREb_ohVaKVreOPF	UCaSeNTljGkpoj1ijhs72nag	y 1990s late top
It's a Party (feat. Zhane)	Busta Rhymes	The Coming	LIKE	5HF2i5-7CxQ	MPREb_ohVaKVreOPF	UCaSeNTljGkpoj1ijhs72nag	y 1990s late top
Ill Vibe (feat. Q-Tip)	Busta Rhymes	The Coming	LIKE	3ZYECRGFtek	MPREb_ohVaKVreOPF	UCaSeNTljGkpoj1ijhs72nag	y 1990s late top
Flipmode Squad Meets Def Squad (feat. Jamal, Keith Murray, Lord Have Mercy & Rampage the Last Boy Scout)	Busta Rhymes	The Coming	LIKE	_rY0qvh-E5M	MPREb_ohVaKVreOPF	UCaSeNTljGkpoj1ijhs72nag	y 1990s late top
Everything Remains Raw	Busta Rhymes	The Coming	LIKE	x3qbmQcimWE	MPREb_ohVaKVreOPF	UCaSeNTljGkpoj1ijhs72nag	y 1990s late top
Rundgang Um Die Transzendentale Saule Der Singularitat	Burzum	Filosofem	LIKE	bn6lfljADKs	MPREb_akcDDfV5HqO	UCCHDdiih5D__dDi2V3nboPw	y 1990s late top
Stop the Show	Built To Spill	Perfect from Now On	LIKE	Lg8TCuH-HCw	MPREb_6FSNQlCW9Ot	UCrMHecWO6fui7O2d9dnpEZg	y 1990s late top
Randy Described Eternity	Built To Spill	Perfect from Now On	LIKE	cnU-2R4ohiE	MPREb_6FSNQlCW9Ot	UCrMHecWO6fui7O2d9dnpEZg	y 1990s late top
Made-Up Dreams	Built To Spill	Perfect from Now On	LIKE	_g4bxsI3ikY	MPREb_6FSNQlCW9Ot	UCrMHecWO6fui7O2d9dnpEZg	y 1990s late top
Kicked It in the Sun	Built To Spill	Perfect from Now On	LIKE	W8AqXVL-0ew	MPREb_6FSNQlCW9Ot	UCrMHecWO6fui7O2d9dnpEZg	y 1990s late top
I Would Hurt a Fly	Built To Spill	Perfect from Now On	LIKE	ygU0gLko39U	MPREb_6FSNQlCW9Ot	UCrMHecWO6fui7O2d9dnpEZg	y 1990s late top
You Were Right	Built To Spill	Keep It like a Secret	LIKE	B7e7bmoUgJQ	MPREb_ISkeLHDXozB	UCrMHecWO6fui7O2d9dnpEZg	y 1990s late top
Time Trap	Built To Spill	Keep It like a Secret	LIKE	_xZLhwxZ9_M	MPREb_ISkeLHDXozB	UCrMHecWO6fui7O2d9dnpEZg	y 1990s late top
The Plan	Built To Spill	Keep It like a Secret	LIKE	UuEGKpxRiUI	MPREb_ISkeLHDXozB	UCrMHecWO6fui7O2d9dnpEZg	y 1990s late top
Temporarily Blind	Built To Spill	Keep It like a Secret	LIKE	aP8JVuyhBx8	MPREb_ISkeLHDXozB	UCrMHecWO6fui7O2d9dnpEZg	y 1990s late top
Sidewalk	Built To Spill	Keep It like a Secret	LIKE	kEEOK8zuE5U	MPREb_ISkeLHDXozB	UCrMHecWO6fui7O2d9dnpEZg	y 1990s late top
Else	Built To Spill	Keep It like a Secret	LIKE	KjGnyGg2pE4	MPREb_ISkeLHDXozB	UCrMHecWO6fui7O2d9dnpEZg	y 1990s late top
Center of the Universe	Built To Spill	Keep It like a Secret	LIKE	IcyI-UtjssQ	MPREb_ISkeLHDXozB	UCrMHecWO6fui7O2d9dnpEZg	y 1990s late top
Carry the Zero	Built To Spill	Keep It like a Secret	LIKE	eZ7MFTBjJS8	MPREb_ISkeLHDXozB	UCrMHecWO6fui7O2d9dnpEZg	y 1990s late top
Broken Chairs	Built To Spill	Keep It like a Secret	LIKE	hHnpHs5OcFM	MPREb_ISkeLHDXozB	UCrMHecWO6fui7O2d9dnpEZg	y 1990s late top
Bad Light	Built To Spill	Keep It like a Secret	LIKE	RGjDqfL3XTk	MPREb_ISkeLHDXozB	UCrMHecWO6fui7O2d9dnpEZg	y 1990s late top
Murmullo	Buena Vista Social Club	Buena Vista Social Club	LIKE	rxZhIbpYu_k	MPREb_k1b1fqv47ir	UChUeUKui2gkL6vqhuKBeCMA	y 1990s late top
El Carretero	Buena Vista Social Club	Buena Vista Social Club	LIKE	I4dUKxHuTV4	MPREb_k1b1fqv47ir	UChUeUKui2gkL6vqhuKBeCMA	y 1990s late top
De Camino a la Vereda	Buena Vista Social Club	Buena Vista Social Club	LIKE	bp7rinliGqI	MPREb_k1b1fqv47ir	UChUeUKui2gkL6vqhuKBeCMA	y 1990s late top
Chan Chan	Buena Vista Social Club	Buena Vista Social Club	LIKE	V0FoYUcq9FQ	MPREb_k1b1fqv47ir	UChUeUKui2gkL6vqhuKBeCMA	y 1990s late top
...Baby One More Time (Davidson Ospina Radio Mix)	Britney Spears	...Baby One More Time (Digital Deluxe Version)	LIKE	-oeWsHBo_Zs	MPREb_FL9Dv8RfS26	UCIOdfgVAkc_8rxhRAz9WRDw	y 1990s late top
...Baby One More Time (Boy Wunder Radio Mix)	Britney Spears	...Baby One More Time (Digital Deluxe Version)	LIKE	S0TGJTTVIJ4	MPREb_FL9Dv8RfS26	UCIOdfgVAkc_8rxhRAz9WRDw	y 1990s late top
...Baby One More Time	Britney Spears	...Baby One More Time (Digital Deluxe Version)	LIKE	91Niv2q4gvc	MPREb_FL9Dv8RfS26	UCIOdfgVAkc_8rxhRAz9WRDw	y 1990s late top
(You Drive Me) Crazy	Britney Spears	...Baby One More Time (Digital Deluxe Version)	LIKE	3OMaHIZlP0Y	MPREb_FL9Dv8RfS26	UCIOdfgVAkc_8rxhRAz9WRDw	y 1990s late top
Under the Sun	Bowery Electric	Beat	LIKE	TB6N1F07TBI	MPREb_rMiZh5k2tC4	UCRIXbyktVfn92Qqp8muZuYQ	y 1990s late top
Postscript	Bowery Electric	Beat	LIKE	ZFEo5uaMDx0	MPREb_rMiZh5k2tC4	UCRIXbyktVfn92Qqp8muZuYQ	y 1990s late top
Fear of Flying	Bowery Electric	Beat	LIKE	KRw67JydRDM	MPREb_rMiZh5k2tC4	UCRIXbyktVfn92Qqp8muZuYQ	y 1990s late top
I See A Darkness	Bonnie 'Prince' Billy	I See A Darkness	LIKE	YmFynsUrSz0	MPREb_3o4j26d0baj	UCrpd5ol2UBl1K-uwNQ-l-fA	y 1990s late top
Tha Crossroads	Bone Thugs-n-Harmony	E. 1999 Eternal	LIKE	WRGzLl1DTqo	MPREb_lM2zVgP8qXq	UCm70qxlDpDzJ4kfDYskZXLA	y 1990s late top
Mr. Bill Collector	Bone Thugs-n-Harmony	E. 1999 Eternal	LIKE	Ju5OQ__xLnU	MPREb_lM2zVgP8qXq	UCm70qxlDpDzJ4kfDYskZXLA	y 1990s late top
Me Killa	Bone Thugs-n-Harmony	E. 1999 Eternal	LIKE	MzpOhuwSuYE	MPREb_lM2zVgP8qXq	UCm70qxlDpDzJ4kfDYskZXLA	y 1990s late top
1st of Tha Month	Bone Thugs-n-Harmony	E. 1999 Eternal	LIKE	37YDcIQABEs	MPREb_lM2zVgP8qXq	UCm70qxlDpDzJ4kfDYskZXLA	y 1990s late top
Midnight Radio Track 5	Bohren & Der Club Of Gore	Midnight Radio	LIKE	dAXuA4j3rSQ	MPREb_7COtNWGCzDG	UCuaizhGGGx28ehnaIiqYLew	y 1990s late top
Midnight Radio Track 1	Bohren & Der Club Of Gore	Midnight Radio	LIKE	uZ4TNYCMSV4	MPREb_7COtNWGCzDG	UCuaizhGGGx28ehnaIiqYLew	y 1990s late top
Twoism	Boards of Canada	Twoism	LIKE	4CE29HLQSnk	MPREb_UleZEUnUfIc	UCidyEq0ZC6rcqZmwKt_g_2g	y 1990s late top
Sixtyniner	Boards of Canada	Twoism	LIKE	3K0YJ8suhX0	MPREb_UleZEUnUfIc	UCidyEq0ZC6rcqZmwKt_g_2g	y 1990s late top
Oirectine	Boards of Canada	Twoism	LIKE	zUeuLgDvrLU	MPREb_UleZEUnUfIc	UCidyEq0ZC6rcqZmwKt_g_2g	y 1990s late top
Melissa Juice	Boards of Canada	Twoism	LIKE	9Fnb7APrAeo	MPREb_UleZEUnUfIc	UCidyEq0ZC6rcqZmwKt_g_2g	y 1990s late top
XYZ (Peel Session)	Boards of Canada	Peel Session	LIKE	V4xuRoOD4ew	MPREb_FY9w6o6THmE	UCidyEq0ZC6rcqZmwKt_g_2g	y 1990s late top
Olson (Version 3) (Peel Session)	Boards of Canada	Peel Session	LIKE	hW-h0Ght5n8	MPREb_FY9w6o6THmE	UCidyEq0ZC6rcqZmwKt_g_2g	y 1990s late top
Happy Cycling	Boards of Canada	Peel Session	LIKE	gWsOb7hVzWY	MPREb_FY9w6o6THmE	UCidyEq0ZC6rcqZmwKt_g_2g	y 1990s late top
Aquarius (Version 3) (Peel Session)	Boards of Canada	Peel Session	LIKE	qW4PZs4XYg4	MPREb_FY9w6o6THmE	UCidyEq0ZC6rcqZmwKt_g_2g	y 1990s late top
Wildlife Analysis	Boards of Canada	Music Has The Right To Children	LIKE	OjvgGE_q-5I	MPREb_dTIxd1FI3QO	UCidyEq0ZC6rcqZmwKt_g_2g	y 1990s late top
Turquoise Hexagon Sun	Boards of Canada	Music Has The Right To Children	LIKE	2SvTeJrAlV0	MPREb_dTIxd1FI3QO	UCidyEq0ZC6rcqZmwKt_g_2g	y 1990s late top
Triangles & Rhombuses	Boards of Canada	Music Has The Right To Children	LIKE	cxbOeD0ez8Y	MPREb_dTIxd1FI3QO	UCidyEq0ZC6rcqZmwKt_g_2g	y 1990s late top
Telephasic Workshop	Boards of Canada	Music Has The Right To Children	LIKE	u8tyqgRaY_g	MPREb_dTIxd1FI3QO	UCidyEq0ZC6rcqZmwKt_g_2g	y 1990s late top
Smokes Quantity	Boards of Canada	Music Has The Right To Children	LIKE	Smkz8TyAheo	MPREb_dTIxd1FI3QO	UCidyEq0ZC6rcqZmwKt_g_2g	y 1990s late top
Rue The Whirl	Boards of Canada	Music Has The Right To Children	LIKE	IrC9lwfTC0Y	MPREb_dTIxd1FI3QO	UCidyEq0ZC6rcqZmwKt_g_2g	y 1990s late top
Roygbiv	Boards of Canada	Music Has The Right To Children	LIKE	SM4tQcUt_mQ	MPREb_dTIxd1FI3QO	UCidyEq0ZC6rcqZmwKt_g_2g	y 1990s late top
Pete Standing Alone	Boards of Canada	Music Has The Right To Children	LIKE	zdwkx-m8TGQ	MPREb_dTIxd1FI3QO	UCidyEq0ZC6rcqZmwKt_g_2g	y 1990s late top
Open The Light	Boards of Canada	Music Has The Right To Children	LIKE	oJFk_Eydm6o	MPREb_dTIxd1FI3QO	UCidyEq0ZC6rcqZmwKt_g_2g	y 1990s late top
Olson	Boards of Canada	Music Has The Right To Children	LIKE	6_lzNFjqGiw	MPREb_dTIxd1FI3QO	UCidyEq0ZC6rcqZmwKt_g_2g	y 1990s late top
Kaini Industries	Boards of Canada	Music Has The Right To Children	LIKE	lUrBDz8cDys	MPREb_dTIxd1FI3QO	UCidyEq0ZC6rcqZmwKt_g_2g	y 1990s late top
Happy Cycling	Boards of Canada	Music Has The Right To Children	LIKE	MEFSU7WeZt0	MPREb_dTIxd1FI3QO	UCidyEq0ZC6rcqZmwKt_g_2g	y 1990s late top
Bocuma	Boards of Canada	Music Has The Right To Children	LIKE	u13PruASvx8	MPREb_dTIxd1FI3QO	UCidyEq0ZC6rcqZmwKt_g_2g	y 1990s late top
Aquarius	Boards of Canada	Music Has The Right To Children	LIKE	4uPMG7S2f3g	MPREb_dTIxd1FI3QO	UCidyEq0ZC6rcqZmwKt_g_2g	y 1990s late top
An Eagle In Your Mind	Boards of Canada	Music Has The Right To Children	LIKE	vzBA3DcF8ag	MPREb_dTIxd1FI3QO	UCidyEq0ZC6rcqZmwKt_g_2g	y 1990s late top
Turquoise Hexagon Sun	Boards of Canada	Hi Scores	LIKE	53UqPXHJNMY	MPREb_ppM5zsHUsc1	UCidyEq0ZC6rcqZmwKt_g_2g	y 1990s late top
Nlogax	Boards of Canada	Hi Scores	LIKE	9IPpIfTtrRA	MPREb_ppM5zsHUsc1	UCidyEq0ZC6rcqZmwKt_g_2g	y 1990s late top
Hi Scores	Boards of Canada	Hi Scores	LIKE	jzEFG0uN1XY	MPREb_ppM5zsHUsc1	UCidyEq0ZC6rcqZmwKt_g_2g	y 1990s late top
Everything You Do Is A Balloon	Boards of Canada	Hi Scores	LIKE	5_KKJmEY2PU	MPREb_ppM5zsHUsc1	UCidyEq0ZC6rcqZmwKt_g_2g	y 1990s late top
You're so Great	Blur	Blur	LIKE	Owz-lKdiQb0	MPREb_juC52fPAHtt	UCI3EFb2lvZyBMykNd64JDhg	y 1990s late top
Theme from Retro	Blur	Blur	LIKE	WMbuafS1u20	MPREb_juC52fPAHtt	UCI3EFb2lvZyBMykNd64JDhg	y 1990s late top
Strange News from Another Star	Blur	Blur	LIKE	GMnZXcCjFio	MPREb_juC52fPAHtt	UCI3EFb2lvZyBMykNd64JDhg	y 1990s late top
Song 2	Blur	Blur	LIKE	SQrKCytWbj8	MPREb_juC52fPAHtt	UCI3EFb2lvZyBMykNd64JDhg	y 1990s late top
On Your Own	Blur	Blur	LIKE	saO2EpY-GdQ	MPREb_juC52fPAHtt	UCI3EFb2lvZyBMykNd64JDhg	y 1990s late top
Look Inside America	Blur	Blur	LIKE	SmgUD2MAPCU	MPREb_juC52fPAHtt	UCI3EFb2lvZyBMykNd64JDhg	y 1990s late top
Death of a Party	Blur	Blur	LIKE	dEcwfJcuvlc	MPREb_juC52fPAHtt	UCI3EFb2lvZyBMykNd64JDhg	y 1990s late top
Country Sad Ballad Man	Blur	Blur	LIKE	FCw3vTGq_lw	MPREb_juC52fPAHtt	UCI3EFb2lvZyBMykNd64JDhg	y 1990s late top
Beetlebum	Blur	Blur	LIKE	o_RaZPmeJCU	MPREb_juC52fPAHtt	UCI3EFb2lvZyBMykNd64JDhg	y 1990s late top
Trailerpark	Blur	13	LIKE	JlCdh4AvKl0	MPREb_tah1Lw9m5bi	UCI3EFb2lvZyBMykNd64JDhg	y 1990s late top
Tender	Blur	13	LIKE	a19ZdtPgnSc	MPREb_tah1Lw9m5bi	UCI3EFb2lvZyBMykNd64JDhg	y 1990s late top
Swamp Song	Blur	13	LIKE	qfKgtTyM1z0	MPREb_tah1Lw9m5bi	UCI3EFb2lvZyBMykNd64JDhg	y 1990s late top
Optigan I	Blur	13	LIKE	VzzGJpzfuqU	MPREb_tah1Lw9m5bi	UCI3EFb2lvZyBMykNd64JDhg	y 1990s late top
No Distance Left to Run	Blur	13	LIKE	kdH2UDQ2kI8	MPREb_tah1Lw9m5bi	UCI3EFb2lvZyBMykNd64JDhg	y 1990s late top
Mellow Song	Blur	13	LIKE	GLxOciFChss	MPREb_tah1Lw9m5bi	UCI3EFb2lvZyBMykNd64JDhg	y 1990s late top
Coffee & TV	Blur	13	LIKE	CgLDTlzeVNQ	MPREb_tah1Lw9m5bi	UCI3EFb2lvZyBMykNd64JDhg	y 1990s late top
Caramel	Blur	13	LIKE	ivytOpr60ck	MPREb_tah1Lw9m5bi	UCI3EFb2lvZyBMykNd64JDhg	y 1990s late top
Battle	Blur	13	LIKE	9zuL6WGfxIk	MPREb_tah1Lw9m5bi	UCI3EFb2lvZyBMykNd64JDhg	y 1990s late top
Thieves In The Night	Black Star	Mos Def & Talib Kweli Are Black Star	LIKE	JW4Tm5wWW34	MPREb_3QjdoXDm7zN	UCLoxpfIqUunN-duWi6VXCMA	y 1990s late top
Respiration (feat. Common)	Black Star	Mos Def & Talib Kweli Are Black Star	LIKE	VP4KgPYNo-4	MPREb_3QjdoXDm7zN	UCLoxpfIqUunN-duWi6VXCMA	y 1990s late top
Re:Definition	Black Star	Mos Def & Talib Kweli Are Black Star	LIKE	yt2lLWxxV9w	MPREb_3QjdoXDm7zN	UCLoxpfIqUunN-duWi6VXCMA	y 1990s late top
Definition	Black Star	Mos Def & Talib Kweli Are Black Star	LIKE	uwXqXxDtFYg	MPREb_3QjdoXDm7zN	UCLoxpfIqUunN-duWi6VXCMA	y 1990s late top
Astronomy (8th Light) (feat. Weldon Irvine)	Black Star	Mos Def & Talib Kweli Are Black Star	LIKE	aFUPxtpZiwA	MPREb_3QjdoXDm7zN	UCLoxpfIqUunN-duWi6VXCMA	y 1990s late top
Immature	Björk	Homogenic	LIKE	48EAuWUiZ_s	MPREb_LTBQeVlkUpN	UCAjidy3vxRkgGVNIFqZMl_Q	y 1990s late top
All Neon Like	Björk	Homogenic	LIKE	G_vjm-TCUyw	MPREb_LTBQeVlkUpN	UCAjidy3vxRkgGVNIFqZMl_Q	y 1990s late top
All Is Full of Love	Björk	Homogenic	LIKE	vCk3aLJ8Deg	MPREb_LTBQeVlkUpN	UCAjidy3vxRkgGVNIFqZMl_Q	y 1990s late top
Possibly Maybe	Bjork	Post	LIKE	q3pavsAGTuY	MPREb_2cWbjWJcgi6	UCAjidy3vxRkgGVNIFqZMl_Q	y 1990s late top
Isobel	Bjork	Post	LIKE	zjJ-XS7kTHI	MPREb_2cWbjWJcgi6	UCAjidy3vxRkgGVNIFqZMl_Q	y 1990s late top
Times When I Know You'll Be Sad	Biosphere	Substrata + Man with a Movie Camera	LIKE	ZTSmdU3o5o0	MPREb_9WZvyoXCVep	UCOyKam6uHENlcV3I9eR_n6w	y 1990s late top
The Things I Tell You	Biosphere	Substrata + Man with a Movie Camera	LIKE	dPnNLJDLgT8	MPREb_9WZvyoXCVep	UCOyKam6uHENlcV3I9eR_n6w	y 1990s late top
The Silent Orchestra	Biosphere	Substrata + Man with a Movie Camera	LIKE	nGkATuMGTHI	MPREb_9WZvyoXCVep	UCOyKam6uHENlcV3I9eR_n6w	y 1990s late top
The Eye of the Cyclone	Biosphere	Substrata + Man with a Movie Camera	LIKE	y6aRw4BJWbo	MPREb_9WZvyoXCVep	UCOyKam6uHENlcV3I9eR_n6w	y 1990s late top
Sphere of No Form	Biosphere	Substrata + Man with a Movie Camera	LIKE	IXD0wGI7j-A	MPREb_9WZvyoXCVep	UCOyKam6uHENlcV3I9eR_n6w	y 1990s late top
Silene	Biosphere	Substrata + Man with a Movie Camera	LIKE	yI9Q0sNQix4	MPREb_9WZvyoXCVep	UCOyKam6uHENlcV3I9eR_n6w	y 1990s late top
Endurium	Biosphere	Substrata + Man with a Movie Camera	LIKE	A2K_wKQcxXo	MPREb_9WZvyoXCVep	UCOyKam6uHENlcV3I9eR_n6w	y 1990s late top
City Wakes Up	Biosphere	Substrata + Man with a Movie Camera	LIKE	eaqKE_bFchk	MPREb_9WZvyoXCVep	UCOyKam6uHENlcV3I9eR_n6w	y 1990s late top
Chukhung	Biosphere	Substrata + Man with a Movie Camera	LIKE	f6dHCP7LYX0	MPREb_9WZvyoXCVep	UCOyKam6uHENlcV3I9eR_n6w	y 1990s late top
Antennaria	Biosphere	Substrata + Man with a Movie Camera	LIKE	WYZAXMwLjLM	MPREb_9WZvyoXCVep	UCOyKam6uHENlcV3I9eR_n6w	y 1990s late top
You Ain't a Killer	Big Punisher	Capital Punishment	LIKE	c8rfpda1s-o	MPREb_e95qjmzKn0Z	UChH5fTMt-pijTxWCpU8NP-g	y 1990s late top
Twinz (Deep Cover 98) (feat. Fat Joe)	Big Punisher	Capital Punishment	LIKE	3AQBW-li_hE	MPREb_e95qjmzKn0Z	UChH5fTMt-pijTxWCpU8NP-g	y 1990s late top
Super Lyrical (feat. Black Thought Of The Roots)	Big Punisher	Capital Punishment	LIKE	zB2wJV-htiY	MPREb_e95qjmzKn0Z	UChH5fTMt-pijTxWCpU8NP-g	y 1990s late top
I'm Not a Player	Big Punisher	Capital Punishment	LIKE	GaZwCmPVfk4	MPREb_e95qjmzKn0Z	UChH5fTMt-pijTxWCpU8NP-g	y 1990s late top
Boomerang	Big Punisher	Capital Punishment	LIKE	kU28dOflnKE	MPREb_e95qjmzKn0Z	UChH5fTMt-pijTxWCpU8NP-g	y 1990s late top
Beware	Big Punisher	Capital Punishment	LIKE	UVC3-2rZGcA	MPREb_e95qjmzKn0Z	UChH5fTMt-pijTxWCpU8NP-g	y 1990s late top
Still Not a Player (Radio Version) (feat. Joe)	Big Pun	Capital Punishment	LIKE	5tSDhGea27E	MPREb_e95qjmzKn0Z	UChH5fTMt-pijTxWCpU8NP-g	y 1990s late top
Street Struck	Big L	Lifestylez Ov Da Poor & Dangerous	LIKE	sxWYHYalr-U	MPREb_F88qsFLyxny	UCCyjDe9r4_ze77f0jOuW5tg	y 1990s late top
Put It On	Big L	Lifestylez Ov Da Poor & Dangerous	LIKE	ZDCFKRr6Kik	MPREb_F88qsFLyxny	UCCyjDe9r4_ze77f0jOuW5tg	y 1990s late top
Let 'Em Have It 'L'	Big L	Lifestylez Ov Da Poor & Dangerous	LIKE	5mfoUQdJn54	MPREb_F88qsFLyxny	UCCyjDe9r4_ze77f0jOuW5tg	y 1990s late top
Fed Up Wit the Bullshit	Big L	Lifestylez Ov Da Poor & Dangerous	LIKE	yoPcocgW_dw	MPREb_F88qsFLyxny	UCCyjDe9r4_ze77f0jOuW5tg	y 1990s late top
Danger Zone	Big L	Lifestylez Ov Da Poor & Dangerous	LIKE	2Fy63pVCJEA	MPREb_F88qsFLyxny	UCCyjDe9r4_ze77f0jOuW5tg	y 1990s late top
Da Graveyard	Big L	Lifestylez Ov Da Poor & Dangerous	LIKE	aLfrU4oN79w	MPREb_F88qsFLyxny	UCCyjDe9r4_ze77f0jOuW5tg	y 1990s late top
Warmer	Beulah	When Your Heartstrings Break	LIKE	ZqTG_0LOuNY	MPREb_ajsjb23sedT	UCwCZj8E-bJucA1bWArDPi0w	y 1990s late top
Sunday Under Glass	Beulah	When Your Heartstrings Break	LIKE	RzHhqsJP54Q	MPREb_ajsjb23sedT	UCwCZj8E-bJucA1bWArDPi0w	y 1990s late top
Silverado Days	Beulah	When Your Heartstrings Break	LIKE	IDP2nn-RgGc	MPREb_ajsjb23sedT	UCwCZj8E-bJucA1bWArDPi0w	y 1990s late top
Score From Augusta	Beulah	When Your Heartstrings Break	LIKE	VmXtP3ciD0I	MPREb_ajsjb23sedT	UCwCZj8E-bJucA1bWArDPi0w	y 1990s late top
If We Can Land A Man On The Moon, Surely I Can Win Your Heart	Beulah	When Your Heartstrings Break	LIKE	5Tav8-WRZRc	MPREb_ajsjb23sedT	UCwCZj8E-bJucA1bWArDPi0w	y 1990s late top
Emma Blowgun's Last Stand	Beulah	When Your Heartstrings Break	LIKE	uAC8-7kxcVk	MPREb_ajsjb23sedT	UCwCZj8E-bJucA1bWArDPi0w	y 1990s late top
Calm Go The Wild Seas	Beulah	When Your Heartstrings Break	LIKE	KHXFyeNHGDQ	MPREb_ajsjb23sedT	UCwCZj8E-bJucA1bWArDPi0w	y 1990s late top
The Fox in the Snow	Belle and Sebastian	If You're Feeling Sinister	LIKE	S0stPjQ7b-8	MPREb_wglHX9CGYPp	UCjOin6lF-KJsIh5shOM_EjA	y 1990s late top
The Boy Done Wrong Again	Belle and Sebastian	If You're Feeling Sinister	LIKE	6NNW9HkcaMo	MPREb_wglHX9CGYPp	UCjOin6lF-KJsIh5shOM_EjA	y 1990s late top
Seeing Other People	Belle and Sebastian	If You're Feeling Sinister	LIKE	-iYqeY4H7bk	MPREb_wglHX9CGYPp	UCjOin6lF-KJsIh5shOM_EjA	y 1990s late top
Me and the Major	Belle and Sebastian	If You're Feeling Sinister	LIKE	OtwI97kUltc	MPREb_wglHX9CGYPp	UCjOin6lF-KJsIh5shOM_EjA	y 1990s late top
Like Dylan in the Movies	Belle and Sebastian	If You're Feeling Sinister	LIKE	rGf3avdnI8U	MPREb_wglHX9CGYPp	UCjOin6lF-KJsIh5shOM_EjA	y 1990s late top
Get Me Away from Here, I'm Dying	Belle and Sebastian	If You're Feeling Sinister	LIKE	O_r2K3vvbQ0	MPREb_wglHX9CGYPp	UCjOin6lF-KJsIh5shOM_EjA	y 1990s late top
Where It's At	Beck	Odelay (Deluxe Edition)	LIKE	xLY-BugKWk0	MPREb_F5N1JbnFmMV	UC8fxkahdLdfHk8pF1fRYD-w	y 1990s late top
The New Pollution	Beck	Odelay (Deluxe Edition)	LIKE	kR2dgKgl_G0	MPREb_F5N1JbnFmMV	UC8fxkahdLdfHk8pF1fRYD-w	y 1990s late top
Novacane	Beck	Odelay (Deluxe Edition)	LIKE	1sfdrSCdd-c	MPREb_F5N1JbnFmMV	UC8fxkahdLdfHk8pF1fRYD-w	y 1990s late top
Lord Only Knows	Beck	Odelay (Deluxe Edition)	LIKE	p3CFYCyE_1Y	MPREb_F5N1JbnFmMV	UC8fxkahdLdfHk8pF1fRYD-w	y 1990s late top
Jack-Ass	Beck	Odelay (Deluxe Edition)	LIKE	qLyT4MMSNj4	MPREb_F5N1JbnFmMV	UC8fxkahdLdfHk8pF1fRYD-w	y 1990s late top
Hotwax	Beck	Odelay (Deluxe Edition)	LIKE	9jjP0WAsInc	MPREb_F5N1JbnFmMV	UC8fxkahdLdfHk8pF1fRYD-w	y 1990s late top
Gold Chains	Beck	Odelay (Deluxe Edition)	LIKE	ZCaLmMxPK3M	MPREb_F5N1JbnFmMV	UC8fxkahdLdfHk8pF1fRYD-w	y 1990s late top
Feather In Your Cap	Beck	Odelay (Deluxe Edition)	LIKE	3jP-TaoXHI0	MPREb_F5N1JbnFmMV	UC8fxkahdLdfHk8pF1fRYD-w	y 1990s late top
Erase The Sun (Higher Speed & Tempo Version)	Beck	Odelay (Deluxe Edition)	LIKE	NbHRkIDGkhE	MPREb_F5N1JbnFmMV	UC8fxkahdLdfHk8pF1fRYD-w	y 1990s late top
Electric Music And The Summer People	Beck	Odelay (Deluxe Edition)	LIKE	rHq1koYtikA	MPREb_F5N1JbnFmMV	UC8fxkahdLdfHk8pF1fRYD-w	y 1990s late top
Devils Haircut	Beck	Odelay (Deluxe Edition)	LIKE	GYA4rrUYap8	MPREb_F5N1JbnFmMV	UC8fxkahdLdfHk8pF1fRYD-w	y 1990s late top
Computer Rock	Beck	Odelay (Deluxe Edition)	LIKE	uMnZGc7WA48	MPREb_F5N1JbnFmMV	UC8fxkahdLdfHk8pF1fRYD-w	y 1990s late top
Clock	Beck	Odelay (Deluxe Edition)	LIKE	Pi7P0AjMHTs	MPREb_F5N1JbnFmMV	UC8fxkahdLdfHk8pF1fRYD-w	y 1990s late top
Brother	Beck	Odelay (Deluxe Edition)	LIKE	skTOqCxTohU	MPREb_F5N1JbnFmMV	UC8fxkahdLdfHk8pF1fRYD-w	y 1990s late top
000.000	Beck	Odelay (Deluxe Edition)	LIKE	H0ntLTm8zIU	MPREb_F5N1JbnFmMV	UC8fxkahdLdfHk8pF1fRYD-w	y 1990s late top
Untitled Track	Beck	Midnite Vultures	LIKE	IWR2STGA0EY	MPREb_NClnunbGjsi	UC8fxkahdLdfHk8pF1fRYD-w	y 1990s late top
Sexx Laws	Beck	Midnite Vultures	LIKE	hrzB3mStz9Q	MPREb_NClnunbGjsi	UC8fxkahdLdfHk8pF1fRYD-w	y 1990s late top
Pressure Zone	Beck	Midnite Vultures	LIKE	fkl2l60RHJE	MPREb_NClnunbGjsi	UC8fxkahdLdfHk8pF1fRYD-w	y 1990s late top
Nicotine & Gravy	Beck	Midnite Vultures	LIKE	PwNihqDEshU	MPREb_NClnunbGjsi	UC8fxkahdLdfHk8pF1fRYD-w	y 1990s late top
Mixed Bizness	Beck	Midnite Vultures	LIKE	jGJSn5glLVI	MPREb_NClnunbGjsi	UC8fxkahdLdfHk8pF1fRYD-w	y 1990s late top
Intro To Pressure Zone	Beck	Midnite Vultures	LIKE	CYyyV_3IEek	MPREb_NClnunbGjsi	UC8fxkahdLdfHk8pF1fRYD-w	y 1990s late top
Debra	Beck	Midnite Vultures	LIKE	rpv-CcRX4X4	MPREb_NClnunbGjsi	UC8fxkahdLdfHk8pF1fRYD-w	y 1990s late top
Intergalactic (Remastered 2009)	Beastie Boys	Hello Nasty (Deluxe Edition/Remastered)	LIKE	6TgTXYFHlfk	MPREb_jbVMm9qQyeN	UCe6E2f1FNQZ0XuCJ4GlONwQ	y 1990s late top
Intergalactic (Colleone & Webb Remix/Remastered 2009)	Beastie Boys	Hello Nasty (Deluxe Edition/Remastered)	LIKE	FOiUD5efaGM	MPREb_jbVMm9qQyeN	UCe6E2f1FNQZ0XuCJ4GlONwQ	y 1990s late top
I Don't Know (Remastered 2009) (feat. Miho Hatori)	Beastie Boys	Hello Nasty (Deluxe Edition/Remastered)	LIKE	EYCa8gppOvo	MPREb_jbVMm9qQyeN	UCe6E2f1FNQZ0XuCJ4GlONwQ	y 1990s late top
Mutism	Basic Channel	Bcd	LIKE	GdR9Okss8cc	MPREb_hMAog2qjEOl	UCqCmLDfSNRqx6kEif2qjtdw	y 1990s late top
She's on Time	Barenaked Ladies	Stunt (20th Anniversary Edition)	LIKE	itoDIwQgWHE	MPREb_6A3jLDPSKYs	UCk1VTZtKTDV1Zo1mHyoPyZA	y 1990s late top
One Week	Barenaked Ladies	Stunt (20th Anniversary Edition)	LIKE	cL2IZ6-QvjU	MPREb_6A3jLDPSKYs	UCk1VTZtKTDV1Zo1mHyoPyZA	y 1990s late top
Long Way Back Home	Barenaked Ladies	Stunt (20th Anniversary Edition)	LIKE	pWMlG7aQvsA	MPREb_6A3jLDPSKYs	UCk1VTZtKTDV1Zo1mHyoPyZA	y 1990s late top
Call and Answer	Barenaked Ladies	Stunt (20th Anniversary Edition)	LIKE	7zs06BEW7WA	MPREb_6A3jLDPSKYs	UCk1VTZtKTDV1Zo1mHyoPyZA	y 1990s late top
Overand	Autechre	Tri Repetae	LIKE	o4R9w-AKHxI	MPREb_PpsWZkBcVI6	UCBUAlfIrcw1f0c4qGrYn3xA	y 1990s late top
Leterel	Autechre	Tri Repetae	LIKE	5HjNXesR08o	MPREb_PpsWZkBcVI6	UCBUAlfIrcw1f0c4qGrYn3xA	y 1990s late top
Eutow	Autechre	Tri Repetae	LIKE	dmslZ4ZB13E	MPREb_PpsWZkBcVI6	UCBUAlfIrcw1f0c4qGrYn3xA	y 1990s late top
Dael	Autechre	Tri Repetae	LIKE	ViwZRYk9P7M	MPREb_PpsWZkBcVI6	UCBUAlfIrcw1f0c4qGrYn3xA	y 1990s late top
Clipper	Autechre	Tri Repetae	LIKE	7xXAFyloazg	MPREb_PpsWZkBcVI6	UCBUAlfIrcw1f0c4qGrYn3xA	y 1990s late top
Latent Quarter	Autechre	Envane	LIKE	7Giy_2OlUj8	MPREb_URZ8bJiei4K	UCBUAlfIrcw1f0c4qGrYn3xA	y 1990s late top
Draun Quarter	Autechre	Envane	LIKE	C4LIgEOW-EM	MPREb_URZ8bJiei4K	UCBUAlfIrcw1f0c4qGrYn3xA	y 1990s late top
Tewe	Autechre	Chiastic Slide	LIKE	oz3uGcRYk1s	MPREb_JcslC6VvWQ7	UCBUAlfIrcw1f0c4qGrYn3xA	y 1990s late top
Recury	Autechre	Chiastic Slide	LIKE	hqsLKOZ6xN8	MPREb_JcslC6VvWQ7	UCBUAlfIrcw1f0c4qGrYn3xA	y 1990s late top
Pule	Autechre	Chiastic Slide	LIKE	ltlUPU7jhag	MPREb_JcslC6VvWQ7	UCBUAlfIrcw1f0c4qGrYn3xA	y 1990s late top
Sound Is Vibration	Atmosphere	Overcast!	LIKE	kVrwjsoLCfo	MPREb_sENoLeXsoaV	UCdjemvPRcetrtbhgOIcZHRg	y 1990s late top
Scapegoat	Atmosphere	Overcast!	LIKE	UR_hojnhWwc	MPREb_sENoLeXsoaV	UCdjemvPRcetrtbhgOIcZHRg	y 1990s late top
Cuando Limpia El Humo	Atmosphere	Overcast!	LIKE	F32y8b3adYs	MPREb_sENoLeXsoaV	UCdjemvPRcetrtbhgOIcZHRg	y 1990s late top
@	Atmosphere	Overcast!	LIKE	WUGsP0KwksM	MPREb_sENoLeXsoaV	UCdjemvPRcetrtbhgOIcZHRg	y 1990s late top
Windowlicker	Aphex Twin	Windowlicker	LIKE	go6-MliYCAs	MPREb_k9JghfnD35M	UCWmnkYUzoOiOztmPBhIlZjg	y 1990s late top
Nannou	Aphex Twin	Windowlicker	LIKE	MiF6v3qNg6o	MPREb_k9JghfnD35M	UCWmnkYUzoOiOztmPBhIlZjg	y 1990s late top
Formula	Aphex Twin	Windowlicker	LIKE	C_IhCzylaGk	MPREb_k9JghfnD35M	UCWmnkYUzoOiOztmPBhIlZjg	y 1990s late top
Yellow Calx	Aphex Twin	Richard D. James Album	LIKE	ERCCAxwGBFo	MPREb_pshmvle13Oe	UCWmnkYUzoOiOztmPBhIlZjg	y 1990s late top
To Cure A Weakling Child	Aphex Twin	Richard D. James Album	LIKE	vVykBNwIljE	MPREb_pshmvle13Oe	UCWmnkYUzoOiOztmPBhIlZjg	y 1990s late top
Logan Rock Witch	Aphex Twin	Richard D. James Album	LIKE	LNwZgH6KtWI	MPREb_pshmvle13Oe	UCWmnkYUzoOiOztmPBhIlZjg	y 1990s late top
Goon Gumpas	Aphex Twin	Richard D. James Album	LIKE	_NqAIYnj43k	MPREb_pshmvle13Oe	UCWmnkYUzoOiOztmPBhIlZjg	y 1990s late top
Fingerbib	Aphex Twin	Richard D. James Album	LIKE	Sz0FxOZk_L4	MPREb_pshmvle13Oe	UCWmnkYUzoOiOztmPBhIlZjg	y 1990s late top
4	Aphex Twin	Richard D. James Album	LIKE	lyXgX7OmCuA	MPREb_pshmvle13Oe	UCWmnkYUzoOiOztmPBhIlZjg	y 1990s late top
Milk Man	Aphex Twin	Girl/Boy EP	LIKE	IFtE37Fdplo	MPREb_oKjc8UDDjF5	UCWmnkYUzoOiOztmPBhIlZjg	y 1990s late top
Beetles	Aphex Twin	Girl/Boy EP	LIKE	kM-CUn0Ou9Y	MPREb_oKjc8UDDjF5	UCWmnkYUzoOiOztmPBhIlZjg	y 1990s late top
Pancake Lizard	Aphex Twin	Donkey Rhubarb	LIKE	pPj7i0BUgF4	MPREb_viRygfqTs0X	UCWmnkYUzoOiOztmPBhIlZjg	y 1990s late top
Icct Hedral (Phillip Glass Orchestration)	Aphex Twin	Donkey Rhubarb	LIKE	PL4DHLVgO7Q	MPREb_viRygfqTs0X	UCWmnkYUzoOiOztmPBhIlZjg	y 1990s late top
Donkey Rhubarb	Aphex Twin	Donkey Rhubarb	LIKE	r6apJ6doNRk	MPREb_viRygfqTs0X	UCWmnkYUzoOiOztmPBhIlZjg	y 1990s late top
To Cure A Weakling Child (Contour Regard)	Aphex Twin	Come To Daddy	LIKE	33kQMqZUcgQ	MPREb_9hW47CR5sPM	UCWmnkYUzoOiOztmPBhIlZjg	y 1990s late top
IZ-US	Aphex Twin	Come To Daddy	LIKE	OkqOmWyb2Ac	MPREb_9hW47CR5sPM	UCWmnkYUzoOiOztmPBhIlZjg	y 1990s late top
Funny Little Man	Aphex Twin	Come To Daddy	LIKE	aM5ThfUyjEQ	MPREb_9hW47CR5sPM	UCWmnkYUzoOiOztmPBhIlZjg	y 1990s late top
Flim	Aphex Twin	Come To Daddy	LIKE	-yNHlKAzyVA	MPREb_9hW47CR5sPM	UCWmnkYUzoOiOztmPBhIlZjg	y 1990s late top
Come to Daddy (Little Lord Faulteroy Mix)	Aphex Twin	Come To Daddy	LIKE	ziQOHWuYKw8	MPREb_9hW47CR5sPM	UCWmnkYUzoOiOztmPBhIlZjg	y 1990s late top
Come To Daddy (Pappy Mix)	Aphex Twin	Come To Daddy	LIKE	7orEiTI6X_4	MPREb_9hW47CR5sPM	UCWmnkYUzoOiOztmPBhIlZjg	y 1990s late top
Come To Daddy (Mummy Mix)	Aphex Twin	Come To Daddy	LIKE	rSorN9vhLz4	MPREb_9hW47CR5sPM	UCWmnkYUzoOiOztmPBhIlZjg	y 1990s late top
Bucephalus Bouncing Ball [Chosen by Warp co-founder Steve Beckett]	Aphex Twin	Come To Daddy	LIKE	1cH83ctrCwI	MPREb_9hW47CR5sPM	UCWmnkYUzoOiOztmPBhIlZjg	y 1990s late top
Cow Cud Is A Twin	Aphex Twin	...I Care Because You Do	LIKE	yETFMyqxR2I	MPREb_XnQO2OELP1o	UCWmnkYUzoOiOztmPBhIlZjg	y 1990s late top
Alberto Balsalm	Aphex Twin	...I Care Because You Do	LIKE	ulj5UJ5GHvE	MPREb_XnQO2OELP1o	UCWmnkYUzoOiOztmPBhIlZjg	y 1990s late top
Nova	Amon Tobin	Permutation	LIKE	mwOuYoCoyaA	MPREb_W0NL1m22mde	UCCbVPlwGMWlYTzFDyt5LUNQ	y 1990s late top
Nightlife	Amon Tobin	Permutation	LIKE	qyYtKpFrjPQ	MPREb_W0NL1m22mde	UCCbVPlwGMWlYTzFDyt5LUNQ	y 1990s late top
The Nasty	Amon Tobin	Bricolage	LIKE	OlmBDI91Z1w	MPREb_5ktOZiw7Q1n	UCCbVPlwGMWlYTzFDyt5LUNQ	y 1990s late top
Stoney Street	Amon Tobin	Bricolage	LIKE	hL9EQ3Dm4iw	MPREb_5ktOZiw7Q1n	UCCbVPlwGMWlYTzFDyt5LUNQ	y 1990s late top
Sludge Factory (Live at the Majestic Theatre, Brooklyn, NY - April 1996)	Alice In Chains	Unplugged	LIKE	xTHwwFjkzBk	MPREb_JytmLPR4CMF	UCjtMrcJSQnXyE0rGfQlr8MA	y 1990s late top
Over Now (Live at the Majestic Theatre, Brooklyn, NY - April 1996)	Alice In Chains	Unplugged	LIKE	PNNSfwcP0-U	MPREb_JytmLPR4CMF	UCjtMrcJSQnXyE0rGfQlr8MA	y 1990s late top
No Excuses (Live at the Majestic Theatre, Brooklyn, NY - April 1996)	Alice In Chains	Unplugged	LIKE	mdrayvTDQKg	MPREb_JytmLPR4CMF	UCjtMrcJSQnXyE0rGfQlr8MA	y 1990s late top
Sludge Factory	Alice In Chains	Alice In Chains	LIKE	70_szWBOaic	MPREb_59pGsuZBUwa	UCjtMrcJSQnXyE0rGfQlr8MA	y 1990s late top
Frogs	Alice In Chains	Alice In Chains	LIKE	9ZOiEa7BJO0	MPREb_59pGsuZBUwa	UCjtMrcJSQnXyE0rGfQlr8MA	y 1990s late top
Again	Alice In Chains	Alice In Chains	LIKE	KGoPC3QpBTQ	MPREb_59pGsuZBUwa	UCjtMrcJSQnXyE0rGfQlr8MA	y 1990s late top
Ironic	Alanis Morissette	Jagged Little Pill	LIKE	AakBK5leleE	MPREb_Cst6zdd3ykw	UCQJ_cMKQI5q_6LDbLgTPnwg	y 1990s late top
Sexy Boy	Air	Moon Safari	LIKE	HJZb15TqVjs	MPREb_n2c7cMLeLVP	UCH_Q3OLUXLZNF0qmnY3bCXg	y 1990s late top
Remember	Air	Moon Safari	LIKE	JqMdhEy4hG8	MPREb_n2c7cMLeLVP	UCH_Q3OLUXLZNF0qmnY3bCXg	y 1990s late top
New Star in the Sky	Air	Moon Safari	LIKE	H7x3cbHa_Hk	MPREb_n2c7cMLeLVP	UCH_Q3OLUXLZNF0qmnY3bCXg	y 1990s late top
Le voyage de Pénélope	Air	Moon Safari	LIKE	e0JOSjzuX5g	MPREb_n2c7cMLeLVP	UCH_Q3OLUXLZNF0qmnY3bCXg	y 1990s late top
La femme d'argent	Air	Moon Safari	LIKE	wLmfNFVDa_U	MPREb_n2c7cMLeLVP	UCH_Q3OLUXLZNF0qmnY3bCXg	y 1990s late top
Kelly Watch the Stars	Air	Moon Safari	LIKE	vEpLtDByZTQ	MPREb_n2c7cMLeLVP	UCH_Q3OLUXLZNF0qmnY3bCXg	y 1990s late top
Ce matin-là	Air	Moon Safari	LIKE	lgbVej8ANII	MPREb_n2c7cMLeLVP	UCH_Q3OLUXLZNF0qmnY3bCXg	y 1990s late top
All I Need (feat. Beth Hirsch)	Air	Moon Safari	LIKE	eUCVzV5Yy0s	MPREb_n2c7cMLeLVP	UCH_Q3OLUXLZNF0qmnY3bCXg	y 1990s late top
One In A Million	Aaliyah	One In A Million	LIKE	fT3bj-2e9DQ	MPREb_EVtCbWVRhxt	UC5tUz7LmavHn9NOM4Nn3wxQ	y 1990s late top
Mo Money Mo Murder (Homicide)	AZ	Doe Or Die	LIKE	H-rr9Okus-M	MPREb_zYy1lx7LSc7	UCXQUQzG7FNjg9k_4pSgcOKQ	y 1990s late top
Gimme Your's	AZ	Doe Or Die	LIKE	XrPDp_7imMM	MPREb_zYy1lx7LSc7	UCXQUQzG7FNjg9k_4pSgcOKQ	y 1990s late top
Doe Or Die	AZ	Doe Or Die	LIKE	1VI2HHeXNIQ	MPREb_zYy1lx7LSc7	UCXQUQzG7FNjg9k_4pSgcOKQ	y 1990s late top
Hangable Auto Bulb	AFX	Hangable Auto Bulb	LIKE	S8FdFOrvVLw	MPREb_BfksabuElvq	UCabdVJ3p3taM8aTqJLnYNrg	y 1990s late top
Every Day	AFX	Hangable Auto Bulb	LIKE	pkV7SxFE3-M	MPREb_BfksabuElvq	UCabdVJ3p3taM8aTqJLnYNrg	y 1990s late top
Arched Maid Via RDJ	AFX	Hangable Auto Bulb	LIKE	2nJw0yRz_q8	MPREb_BfksabuElvq	UCabdVJ3p3taM8aTqJLnYNrg	y 1990s late top
Word Play	A Tribe Called Quest	Beats, Rhymes & Life	LIKE	LfWtkay3lEo	MPREb_mlFnXKcYqcN	UCiOPPAw9e2Fj-i2uMNpoRNQ	y 1990s late top
The Jam	A Tribe Called Quest	Beats, Rhymes & Life	LIKE	JIbC5CkjPdo	MPREb_mlFnXKcYqcN	UCiOPPAw9e2Fj-i2uMNpoRNQ	y 1990s late top
Stressed Out (feat. Faith Evans)	A Tribe Called Quest	Beats, Rhymes & Life	LIKE	Pdw7TFumuXI	MPREb_mlFnXKcYqcN	UCiOPPAw9e2Fj-i2uMNpoRNQ	y 1990s late top
Motivators	A Tribe Called Quest	Beats, Rhymes & Life	LIKE	4Lm3bQR8NuQ	MPREb_mlFnXKcYqcN	UCiOPPAw9e2Fj-i2uMNpoRNQ	y 1990s late top
Keeping It Moving	A Tribe Called Quest	Beats, Rhymes & Life	LIKE	yeysGkd6m4U	MPREb_mlFnXKcYqcN	UCiOPPAw9e2Fj-i2uMNpoRNQ	y 1990s late top
Get A Hold	A Tribe Called Quest	Beats, Rhymes & Life	LIKE	-S-BLK2gc7w	MPREb_mlFnXKcYqcN	UCiOPPAw9e2Fj-i2uMNpoRNQ	y 1990s late top
1nce Again (Radio Version) (feat. Tammy Lucas)	A Tribe Called Quest	Beats, Rhymes & Life	LIKE	yT42veYJijU	MPREb_mlFnXKcYqcN	UCiOPPAw9e2Fj-i2uMNpoRNQ	y 1990s late top
So Many Tears	2Pac	Me Against the World	LIKE	O6yZq-clWhI	MPREb_mCQczvMRhZF	UC5RrGzC-JXglhFW5NhT4r6w	y 1990s late top
Old School	2Pac	Me Against the World	LIKE	t_yc4i8f6xU	MPREb_mCQczvMRhZF	UC5RrGzC-JXglhFW5NhT4r6w	y 1990s late top
Me Against The World (feat. Dramacydal)	2Pac	Me Against the World	LIKE	Qg0RA0yWmjg	MPREb_mCQczvMRhZF	UC5RrGzC-JXglhFW5NhT4r6w	y 1990s late top
Lord Knows	2Pac	Me Against the World	LIKE	JEJTRbnyP-4	MPREb_mCQczvMRhZF	UC5RrGzC-JXglhFW5NhT4r6w	y 1990s late top
It Ain't Easy	2Pac	Me Against the World	LIKE	l3xZ0dWRe3k	MPREb_mCQczvMRhZF	UC5RrGzC-JXglhFW5NhT4r6w	y 1990s late top
Dear Mama	2Pac	Me Against the World	LIKE	S0Zc8ofInSQ	MPREb_mCQczvMRhZF	UC5RrGzC-JXglhFW5NhT4r6w	y 1990s late top
Tradin' War Stories (feat. Storm, C-Bo, Outlawz & C-PO)	2Pac	All Eyez On Me	LIKE	xeWtbDBkpec	MPREb_78cZiOmrPmB	UC5RrGzC-JXglhFW5NhT4r6w	y 1990s late top
Skandalouz (feat. Nate Dogg)	2Pac	All Eyez On Me	LIKE	XpjyHb7D6f8	MPREb_78cZiOmrPmB	UC5RrGzC-JXglhFW5NhT4r6w	y 1990s late top
Shorty Wanna Be A Thug	2Pac	All Eyez On Me	LIKE	nBPDy1pmwko	MPREb_78cZiOmrPmB	UC5RrGzC-JXglhFW5NhT4r6w	y 1990s late top
Picture Me Rollin' (feat. Big Syke, C-PO & Danny Boy)	2Pac	All Eyez On Me	LIKE	tW2VSP51R-M	MPREb_78cZiOmrPmB	UC5RrGzC-JXglhFW5NhT4r6w	y 1990s late top
I Ain't Mad At Cha (feat. Danny Boy)	2Pac	All Eyez On Me	LIKE	LiCjD5qVV_U	MPREb_78cZiOmrPmB	UC5RrGzC-JXglhFW5NhT4r6w	y 1990s late top
Got My Mind Made Up (feat. Daz Dillinger, Method Man, Redman & Kurupt)	2Pac	All Eyez On Me	LIKE	1wIb1stiUcI	MPREb_78cZiOmrPmB	UC5RrGzC-JXglhFW5NhT4r6w	y 1990s late top
California Love (Remix) (feat. Dr. Dre & Roger Troutman)	2Pac	All Eyez On Me	LIKE	VcgtHdovZ30	MPREb_78cZiOmrPmB	UC5RrGzC-JXglhFW5NhT4r6w	y 1990s late top
Ambitionz Az A Ridah	2Pac	All Eyez On Me	LIKE	6glk4oMbgKE	MPREb_78cZiOmrPmB	UC5RrGzC-JXglhFW5NhT4r6w	y 1990s late top
All Eyez On Me (feat. Big Syke)	2Pac	All Eyez On Me	LIKE	zgZ52M4a_R0	MPREb_78cZiOmrPmB	UC5RrGzC-JXglhFW5NhT4r6w	y 1990s late top
All About U (feat. Yaki Kadafi, Snoop Dogg, Nate Dogg & Fatal)	2Pac	All Eyez On Me	LIKE	-dqQhVswiEY	MPREb_78cZiOmrPmB	UC5RrGzC-JXglhFW5NhT4r6w	y 1990s late top
2 Of Amerikaz Most Wanted (feat. Snoop Dogg)	2Pac	All Eyez On Me	LIKE	1WjhEHuRmrk	MPREb_78cZiOmrPmB	UC5RrGzC-JXglhFW5NhT4r6w	y 1990s late top
Cold To The Touch	The Brian Jonestown Massacre	Their Satanic Majesties' Second Request	INDIFFERENT	Ps0HeD2tyvM	MPREb_2UCqhvltAF5	UCXybUoBoCwQntpbpblywN4Q	y 1990s late top
Bad Baby	The Brian Jonestown Massacre	Their Satanic Majesties' Second Request	INDIFFERENT	kTkyNEt8lWA	MPREb_2UCqhvltAF5	UCXybUoBoCwQntpbpblywN4Q	y 1990s late top
Stars	The Brian Jonestown Massacre	Thank God For Mental Illness	INDIFFERENT	1MjtmBe1ybY	MPREb_2sGTC3Phc1q	UCXybUoBoCwQntpbpblywN4Q	y 1990s late top
Straight Up And Down (Long Version)	The Brian Jonestown Massacre	Take It From The Man	INDIFFERENT	sTMiubAwZ50	MPREb_Dl9We76u70h	UCXybUoBoCwQntpbpblywN4Q	y 1990s late top
Untitled (Methodrone)	The Brian Jonestown Massacre	Methodrone	INDIFFERENT	GBVNJhvkTvI	MPREb_R5bzJRuoBhT	UCXybUoBoCwQntpbpblywN4Q	y 1990s late top
Come Andy Play In The Milky Night	Stereolab	Serene Velocity - A Stereolab Anthology	INDIFFERENT	hgBhh4Xhlpg	MPREb_Es8p2V1YbpS	UCRUe8cfECb_SNa-Y15Z4EZw	y 1990s late top
Op Hop Detonation	Stereolab	Cobra And Phases Group Play Voltage In The Milky Night (Expanded Edition)	INDIFFERENT	AlAGEeUewkg	MPREb_sTneGsFGPzK	UCRUe8cfECb_SNa-Y15Z4EZw	y 1990s late top
Watch Me Fall	SIANspheric	Somnium (Expanded Edition)	INDIFFERENT	AqeXmmIzBPc	MPREb_jetW9SiuycR	UCj0AxXPao2I1xdL9l8vJSOA	y 1990s late top
I Like The Ride	SIANspheric	Somnium (Expanded Edition)	INDIFFERENT	Pp1OdvHneto	MPREb_jetW9SiuycR	UCj0AxXPao2I1xdL9l8vJSOA	y 1990s late top
Gardenhead / Leave Me Alone	Neutral Milk Hotel	On Avery Island	INDIFFERENT	vC76PVaMdfk	MPREb_2D5xh0mnMph	UCvMA46Xu1xApqZyXFIrnukw	y 1990s late top
Oh Comely	Neutral Milk Hotel	In the Aeroplane Over the Sea	INDIFFERENT	Snq65pSB_lY	MPREb_W0LXV3Jg2OV	UCvMA46Xu1xApqZyXFIrnukw	y 1990s late top
King of Carrot Flowers Pts. 2 & 3	Neutral Milk Hotel	In the Aeroplane Over the Sea	INDIFFERENT	0Tx54PFOotY	MPREb_W0LXV3Jg2OV	UCvMA46Xu1xApqZyXFIrnukw	y 1990s late top
Why Took Your Advice	Grandaddy	Under the Western Freeway	INDIFFERENT	bVUYfcaKz64	MPREb_UCh9h8Shi0h	UChD7NBi0bhr9ixPYk_Uk3sA	y 1990s late top
Under the Western Freeway	Grandaddy	Under the Western Freeway	INDIFFERENT	9sHwk0WwvKc	MPREb_UCh9h8Shi0h	UChD7NBi0bhr9ixPYk_Uk3sA	y 1990s late top
Poisoned At Hartsy Thai Food	Grandaddy	Under the Western Freeway	INDIFFERENT	W1ltGHDkR4c	MPREb_UCh9h8Shi0h	UChD7NBi0bhr9ixPYk_Uk3sA	y 1990s late top
Nonphenomenal Lineage	Grandaddy	Under the Western Freeway	INDIFFERENT	FP10VrXeJ-k	MPREb_UCh9h8Shi0h	UChD7NBi0bhr9ixPYk_Uk3sA	y 1990s late top
Lawn & So On	Grandaddy	Under the Western Freeway	INDIFFERENT	nKAe93UpQis	MPREb_UCh9h8Shi0h	UChD7NBi0bhr9ixPYk_Uk3sA	y 1990s late top
Laughing Stock	Grandaddy	Under the Western Freeway	INDIFFERENT	ynlmSXuPg0c	MPREb_UCh9h8Shi0h	UChD7NBi0bhr9ixPYk_Uk3sA	y 1990s late top
Go Progress Chrome	Grandaddy	Under the Western Freeway	INDIFFERENT	4Q1c8DgBfbQ	MPREb_UCh9h8Shi0h	UChD7NBi0bhr9ixPYk_Uk3sA	y 1990s late top
Everything Beautiful Is Far Away	Grandaddy	Under the Western Freeway	INDIFFERENT	X4VDdnvBgEM	MPREb_UCh9h8Shi0h	UChD7NBi0bhr9ixPYk_Uk3sA	y 1990s late top
Say Yes	Elliott Smith	Either/Or: Expanded Edition	INDIFFERENT	5roJxOEw4Hk	MPREb_TpPNy1SsiS9	UCuNTMHPl8dVBpJRtvygl-9A	y 1990s late top
No Name No. 5	Elliott Smith	Either/Or: Expanded Edition	INDIFFERENT	ITJvO193cgI	MPREb_TpPNy1SsiS9	UCuNTMHPl8dVBpJRtvygl-9A	y 1990s late top
Angeles	Elliott Smith	Either/Or: Expanded Edition	INDIFFERENT	QEkItbV6p_Y	MPREb_TpPNy1SsiS9	UCuNTMHPl8dVBpJRtvygl-9A	y 1990s late top
Alameda	Elliott Smith	Either/Or: Expanded Edition	INDIFFERENT	L37viPlIM9U	MPREb_TpPNy1SsiS9	UCuNTMHPl8dVBpJRtvygl-9A	y 1990s late top
2:45 AM	Elliott Smith	Either/Or	INDIFFERENT	ZlJCpkWrfag	MPREb_VSpGi11jPGP	UCuNTMHPl8dVBpJRtvygl-9A	y 1990s late top
Between The Bars	Elliott Smith	An Introduction To Elliott Smith	INDIFFERENT	m_suBM07hLc	MPREb_IQfVhGX6fsh	UCuNTMHPl8dVBpJRtvygl-9A	y 1990s late top
Ballad Of Big Nothing	Elliott Smith	An Introduction To Elliott Smith	INDIFFERENT	gxt3BCiQ9K0	MPREb_IQfVhGX6fsh	UCuNTMHPl8dVBpJRtvygl-9A	y 1990s late top
Anemone	The Brian Jonestown Massacre	Their Satanic Majesties' Second Request		VrqTKG5WuXM			y 1990s late top
Figure 8	Elliott Smith	Figure 8		Zt-7VVRRKxk			y 1990s late top
