	title	artist	album	likeStatus	videoId	albumId	artistId
872	Зачарованная Моя	Песняры	Late Night Tales: Khruangbin	LIKE	uxLpZuqeTto	MPREb_8tJqjbUrc8h	UC4qZ3jk4dNROOWsWTtXpN5g
338	Loom	Ólafur Arnalds	some kind of peace	LIKE	nEpj5OCoGy4	MPREb_3l6EXJ9JS8G	UCDQlvsMEM5j0k5cqmfHBzVA
454	And Then There Was Light	nthng	Hypnotherapy	LIKE	QJuPxLwsDyQ	MPREb_z5aRpG5wLoN	UCkPQVXC3kEjLp2TBVezhzuA
677	With You	nthng	Hypnotherapy	LIKE	IltimbIFVT8	MPREb_z5aRpG5wLoN	UCkPQVXC3kEjLp2TBVezhzuA
1341	50 Flower	nthng	Hypnotherapy	LIKE	2Og5ldUhNGQ	MPREb_z5aRpG5wLoN	UCkPQVXC3kEjLp2TBVezhzuA
1388	Beautiful Love	nthng	Hypnotherapy	LIKE	CQCteGTyPNU	MPREb_z5aRpG5wLoN	UCkPQVXC3kEjLp2TBVezhzuA
524	messen #7	caroline	caroline	LIKE	OLMlumDEcRs	MPREb_aCDDe8Ny7aE	UCAvv22ayB6QMIzbBpq1teEw
1069	Good morning (red)	caroline	caroline	LIKE	g3OS5s3RniY	MPREb_aCDDe8Ny7aE	UCAvv22ayB6QMIzbBpq1teEw
1072	Natural death	caroline	caroline	LIKE	bN_-M04ULpA	MPREb_aCDDe8Ny7aE	UCAvv22ayB6QMIzbBpq1teEw
1287	Dark blue	caroline	caroline	LIKE	pvhlANBGrwI	MPREb_aCDDe8Ny7aE	UCAvv22ayB6QMIzbBpq1teEw
856	Hellfire	black midi	Hellfire	LIKE	QfAOFyhfZJU	MPREb_P1zOM7JIJZx	UCQH1ZFu68tIio4QFDP0TErQ
1058	Welcome to Hell	black midi	Hellfire	LIKE	6hfhUl777xs	MPREb_P1zOM7JIJZx	UCQH1ZFu68tIio4QFDP0TErQ
46	Asylum	billy woods	Aethiopes	LIKE	Ff3NN2B_A0U	MPREb_bI2ElCWWVfz	UC-ila4F7VDattJX8rRh4zIA
435	No Hard Feelings	billy woods	Aethiopes	LIKE	6Hx7yMDrK8g	MPREb_bI2ElCWWVfz	UC-ila4F7VDattJX8rRh4zIA
803	Sauvage (feat. Boldy James & Gabe 'Nandez)	billy woods	Aethiopes	LIKE	u-qpOpi1ky0	MPREb_bI2ElCWWVfz	UC-ila4F7VDattJX8rRh4zIA
908	Versailles (feat. Despot)	billy woods	Aethiopes	LIKE	DVwIsnV-m-E	MPREb_bI2ElCWWVfz	UC-ila4F7VDattJX8rRh4zIA
909	Heavy Water (feat. Breeze Brewin & EL-P)	billy woods	Aethiopes	LIKE	dQGdggbglME	MPREb_bI2ElCWWVfz	UC-ila4F7VDattJX8rRh4zIA
1134	Smith + Cross	billy woods	Aethiopes	LIKE	t-vyY_0df0A	MPREb_bI2ElCWWVfz	UC-ila4F7VDattJX8rRh4zIA
961	A Reason to Celebrate	bdrmm	A Reason to Celebrate	LIKE	kg6pXkSV6fg	MPREb_r4GhXttYUsH	UC1cS2C5jCNn4cEtLcfHjolg
190	Medicine Burn	Yves Tumor	Heaven To A Tortured Mind	LIKE	KMLk3NGwmbs	MPREb_XKroFqPcbNl	UC42tK0ySS5GfdaN-c6acQcA
263	Gospel For A New Century	Yves Tumor	Heaven To A Tortured Mind	LIKE	F1XiABcV9uc	MPREb_XKroFqPcbNl	UC42tK0ySS5GfdaN-c6acQcA
322	Dream Palette	Yves Tumor	Heaven To A Tortured Mind	LIKE	BDNFFU1iVeg	MPREb_XKroFqPcbNl	UC42tK0ySS5GfdaN-c6acQcA
495	Folie Imposée	Yves Tumor	Heaven To A Tortured Mind	LIKE	hgbrFYis8hM	MPREb_XKroFqPcbNl	UC42tK0ySS5GfdaN-c6acQcA
0	Rust (feat. Tom Misch)	Yussef Dayes	Black Classical Music	LIKE	J4dM_wxrxq4	MPREb_6zRd8eCqtlq	UCYcspWd3pc4eBNmUosxRz3A
137	Birds of Paradise	Yussef Dayes	Black Classical Music	LIKE	CvfgdL_uDQs	MPREb_6zRd8eCqtlq	UCYcspWd3pc4eBNmUosxRz3A
342	Presidential (feat. Jahaan Sweet)	Yussef Dayes	Black Classical Music	LIKE	77ctwRp6X4g	MPREb_6zRd8eCqtlq	UCYcspWd3pc4eBNmUosxRz3A
394	Woman's Touch (feat. Jamilah Barry)	Yussef Dayes	Black Classical Music	LIKE	i_0D5GeB7n0	MPREb_6zRd8eCqtlq	UCYcspWd3pc4eBNmUosxRz3A
430	Crystal Palace Park (feat. Elijah Fox)	Yussef Dayes	Black Classical Music	LIKE	5D3PvdK8S3U	MPREb_6zRd8eCqtlq	UCYcspWd3pc4eBNmUosxRz3A
494	Gelato	Yussef Dayes	Black Classical Music	LIKE	REJgGOZqEnk	MPREb_6zRd8eCqtlq	UCYcspWd3pc4eBNmUosxRz3A
518	Afro Cubanism	Yussef Dayes	Black Classical Music	LIKE	qyB6AKqc200	MPREb_6zRd8eCqtlq	UCYcspWd3pc4eBNmUosxRz3A
660	Tioga Pass (feat. Rocco Palladino)	Yussef Dayes	Black Classical Music	LIKE	7fYAGmkK9DM	MPREb_6zRd8eCqtlq	UCYcspWd3pc4eBNmUosxRz3A
1045	Jukebox	Yussef Dayes	Black Classical Music	LIKE	31T_nkx_WZk	MPREb_6zRd8eCqtlq	UCYcspWd3pc4eBNmUosxRz3A
1179	Magnolia Symphony	Yussef Dayes	Black Classical Music	LIKE	-NbE2__joD0	MPREb_6zRd8eCqtlq	UCYcspWd3pc4eBNmUosxRz3A
1217	The Light (feat. Bahia Dayes)	Yussef Dayes	Black Classical Music	LIKE	vNftKQik94Q	MPREb_6zRd8eCqtlq	UCYcspWd3pc4eBNmUosxRz3A
1250	Raisins Under the Sun (feat. Shabaka Hutchings)	Yussef Dayes	Black Classical Music	LIKE	7HREgOIzwpc	MPREb_6zRd8eCqtlq	UCYcspWd3pc4eBNmUosxRz3A
1315	Turquoise Galaxy	Yussef Dayes	Black Classical Music	LIKE	a9ImOdvh7LE	MPREb_6zRd8eCqtlq	UCYcspWd3pc4eBNmUosxRz3A
1266	I Saw	Young Fathers	Heavy Heavy	LIKE	xSnIzUWsr8w	MPREb_OSWEWgcsemT	UCsw1eYgQHQnndIoGX7RbYWg
150	Fallout	Yo La Tengo	This Stupid World	LIKE	bTqwPXV7aCQ	MPREb_IA8nOHbttnM	UCz5bvM-t9ynI48T0u195y2A
1022	This Stupid World	Yo La Tengo	This Stupid World	LIKE	KAdmTpGihDI	MPREb_IA8nOHbttnM	UCz5bvM-t9ynI48T0u195y2A
1322	Sinatra Drive Breakdown	Yo La Tengo	This Stupid World	LIKE	9RRBjyuitKw	MPREb_IA8nOHbttnM	UCz5bvM-t9ynI48T0u195y2A
372	Different Today	Yeah Yeah Yeahs	Cool It Down	LIKE	zt0EP-KtbHw	MPREb_v9eNQBbORPA	UCK49WVAaBRnVci8fmM4NiLQ
493	Lovebomb	Yeah Yeah Yeahs	Cool It Down	LIKE	HiyzJdoRT-8	MPREb_v9eNQBbORPA	UCK49WVAaBRnVci8fmM4NiLQ
1113	Spitting Off the Edge of the World (feat. Perfume Genius)	Yeah Yeah Yeahs	Cool It Down	LIKE	15m_iQaKHVg	MPREb_v9eNQBbORPA	UCK49WVAaBRnVci8fmM4NiLQ
1238	Fleez	Yeah Yeah Yeahs	Cool It Down	LIKE	TZ1cBI9VcI4	MPREb_v9eNQBbORPA	UCK49WVAaBRnVci8fmM4NiLQ
214	100% Endurance	Yard Act	The Overload	LIKE	OmWKcCFeJ0Q	MPREb_wmYbXhR7eBE	UCnUp_V64VRLQ0Yrvi5JYR2w
235	Payday	Yard Act	The Overload	LIKE	42ChuYSgx2M	MPREb_wmYbXhR7eBE	UCnUp_V64VRLQ0Yrvi5JYR2w
620	Land Of The Blind	Yard Act	The Overload	LIKE	U4_6vsyZf3I	MPREb_wmYbXhR7eBE	UCnUp_V64VRLQ0Yrvi5JYR2w
1284	Dead Horse	Yard Act	The Overload	LIKE	7DgFHdswa38	MPREb_wmYbXhR7eBE	UCnUp_V64VRLQ0Yrvi5JYR2w
1377	Tall Poppies	Yard Act	The Overload	LIKE	7sEZX05DfVk	MPREb_wmYbXhR7eBE	UCnUp_V64VRLQ0Yrvi5JYR2w
212	WAKING UP DOWN	Yaeji	WHAT WE DREW 우리가 그려왔던	LIKE	IQZHWczV1XA	MPREb_XBNkp54VKRt	UCohh6h_Kyey44cs1DNRh4Ag
387	WHAT WE DREW 우리가 그려왔던	Yaeji	WHAT WE DREW 우리가 그려왔던	LIKE	DH-gEHS3Y4k	MPREb_h5I46ZxCpBM	UCohh6h_Kyey44cs1DNRh4Ag
539	MY IMAGINATION 상상	Yaeji	WHAT WE DREW 우리가 그려왔던	LIKE	LIjwxOZUq-M	MPREb_XBNkp54VKRt	UCohh6h_Kyey44cs1DNRh4Ag
647	Submerge FM	Yaeji	With A Hammer	LIKE	thcTX5NZ6_o	MPREb_KGovPcrnj9o	UCohh6h_Kyey44cs1DNRh4Ag
1216	WHEN I GROW UP	Yaeji	WHAT WE DREW 우리가 그려왔던	LIKE	a_H3oDhp-rw	MPREb_XBNkp54VKRt	UCohh6h_Kyey44cs1DNRh4Ag
350	Night Pill (feat. Asha Lorenz)	Wu-Lu	LOGGERHEAD	LIKE	jQLvCI_kRbg	MPREb_2Epb5NRgzUo	UCjs9RP-OiAm0XkBVtC-1h9g
515	Scrambled Tricks	Wu-Lu	LOGGERHEAD	LIKE	yBTstgrf67I	MPREb_2Epb5NRgzUo	UCjs9RP-OiAm0XkBVtC-1h9g
530	South (feat. Lex Amor)	Wu-Lu	LOGGERHEAD	LIKE	rUPoZFxgqEg	MPREb_2Epb5NRgzUo	UCjs9RP-OiAm0XkBVtC-1h9g
742	Slightly	Wu-Lu	LOGGERHEAD	LIKE	2X8eXwq063A	MPREb_2Epb5NRgzUo	UCjs9RP-OiAm0XkBVtC-1h9g
1279	Take Stage	Wu-Lu	LOGGERHEAD	LIKE	td6hcnt-RlQ	MPREb_2Epb5NRgzUo	UCjs9RP-OiAm0XkBVtC-1h9g
323	A Lifetime to Find	Wilco	Cruel Country	LIKE	cayDLWYrnm8	MPREb_NWpJlnCnlQ5	UCb5aNlKdWOySR6Z-CnQieFQ
353	Infinite Surprise	Wilco	Cousin	LIKE	Pmcl-08Fm1M	MPREb_X10jx7CZL0V	UCb5aNlKdWOySR6Z-CnQieFQ
441	Cruel Country	Wilco	Cruel Country	LIKE	STLCrfx3N_0	MPREb_NWpJlnCnlQ5	UCb5aNlKdWOySR6Z-CnQieFQ
488	Tired of Taking It Out On You	Wilco	Cruel Country	LIKE	z-g5iBwctGQ	MPREb_NWpJlnCnlQ5	UCb5aNlKdWOySR6Z-CnQieFQ
533	Hints	Wilco	Cruel Country	LIKE	bPCGO-YmSxA	MPREb_NWpJlnCnlQ5	UCb5aNlKdWOySR6Z-CnQieFQ
880	Country Song Upside-down	Wilco	Cruel Country	LIKE	3Dc1C7L8H5U	MPREb_NWpJlnCnlQ5	UCb5aNlKdWOySR6Z-CnQieFQ
902	Many Worlds	Wilco	Cruel Country	LIKE	DNkCHIXGf5k	MPREb_NWpJlnCnlQ5	UCb5aNlKdWOySR6Z-CnQieFQ
1109	I Am My Mother	Wilco	Cruel Country	LIKE	5HxYIAR7o9Q	MPREb_NWpJlnCnlQ5	UCb5aNlKdWOySR6Z-CnQieFQ
143	0°C	Whatever The Weather	Whatever The Weather	LIKE	ijn81z0XGII	MPREb_rUBs5HUIK0F	UCfGp8qNDS3e3I7B4fhUttvw
618	25°C	Whatever The Weather	Whatever The Weather	LIKE	0tp10O2TJB8	MPREb_rUBs5HUIK0F	UCfGp8qNDS3e3I7B4fhUttvw
627	10°C	Whatever The Weather	Whatever The Weather	LIKE	tJL4Xf-6LA0	MPREb_rUBs5HUIK0F	UCfGp8qNDS3e3I7B4fhUttvw
1070	36°C	Whatever The Weather	Whatever The Weather	LIKE	HSjCgypRFs0	MPREb_rUBs5HUIK0F	UCfGp8qNDS3e3I7B4fhUttvw
37	It's Not Just Me, It's Everybody	Weyes Blood	And In The Darkness, Hearts Aglow	LIKE	5_S8uYJ17Bk	MPREb_73QQFmRhLB6	UChpnWWkg9ZAgAZ5KwkeQkFg
291	In Holy Flux	Weyes Blood	And In The Darkness, Hearts Aglow	LIKE	8xyqfJsG4XI	MPREb_73QQFmRhLB6	UChpnWWkg9ZAgAZ5KwkeQkFg
1063	God Turn Me Into a Flower	Weyes Blood	And In The Darkness, Hearts Aglow	LIKE	VkaTHUAvxI0	MPREb_73QQFmRhLB6	UChpnWWkg9ZAgAZ5KwkeQkFg
1106	Hearts Aglow	Weyes Blood	And In The Darkness, Hearts Aglow	LIKE	diqii5RKg8g	MPREb_73QQFmRhLB6	UChpnWWkg9ZAgAZ5KwkeQkFg
1229	Twin Flame	Weyes Blood	And In The Darkness, Hearts Aglow	LIKE	bhjFKFa4ZSg	MPREb_73QQFmRhLB6	UChpnWWkg9ZAgAZ5KwkeQkFg
158	Never Stay For Love (feat. Eefje de Visser)	Weval	Remember	LIKE	36UmRIapoh4	MPREb_lenFnr3lPUV	UCJscGoudXZmNmADZX2Uk0hw
324	Changed For The Better	Weval	Remember	LIKE	sIPNzJrFgN0	MPREb_lenFnr3lPUV	UCJscGoudXZmNmADZX2Uk0hw
556	Forever	Weval	Remember	LIKE	Q98hwqt-o_Q	MPREb_lenFnr3lPUV	UCJscGoudXZmNmADZX2Uk0hw
1031	Day After Day	Weval	Remember	LIKE	d3WlVRUuIfM	MPREb_lenFnr3lPUV	UCJscGoudXZmNmADZX2Uk0hw
1055	Losing Days	Weval	Remember	LIKE	rSnYpEVWrFY	MPREb_lenFnr3lPUV	UCJscGoudXZmNmADZX2Uk0hw
1127	Is That How You Feel It	Weval	Remember	LIKE	6hoORwBOmkA	MPREb_lenFnr3lPUV	UCJscGoudXZmNmADZX2Uk0hw
1235	Don’t Lose Time	Weval	Remember	LIKE	5YoVkrbY7h0	MPREb_lenFnr3lPUV	UCJscGoudXZmNmADZX2Uk0hw
51	Angelica	Wet Leg	Wet Leg	LIKE	vSkwYBA8Q-g	MPREb_ZgstWj5HSMp	UCg0BnE20idPqC9GxPqrlPfQ
59	Chaise Longue	Wet Leg	Wet Leg	LIKE	MQldSE5gGkw	MPREb_ZgstWj5HSMp	UCg0BnE20idPqC9GxPqrlPfQ
1336	Wet Dream	Wet Leg	Wet Leg	LIKE	nP13TeYSQUk	MPREb_ZgstWj5HSMp	UCg0BnE20idPqC9GxPqrlPfQ
393	Bath County	Wednesday	Rat Saw God	LIKE	Medi-D7ljh8	MPREb_JN8BwzXc0hU	UCByn1A7TN2-wi3yLL1x08Ow
1094	Quarry	Wednesday	Rat Saw God	LIKE	mhxn9SGxXcQ	MPREb_JN8BwzXc0hU	UCByn1A7TN2-wi3yLL1x08Ow
920	Can’t Do Much	Waxahatchee	Saint Cloud	LIKE	PFHdkgJM5l4	MPREb_ihZ7VTmOACm	UCcOvXhB6k11aVrsT05oeqqg
272	Face Up	Washed Out	Purple Noon	LIKE	pQAdBmpIRBM	MPREb_1WaPzgXUqSN	UC1rCT_Cy1pP1wnRcEUV3nPA
336	Reckless Desires	Washed Out	Purple Noon	LIKE	T8xBuBMmRvQ	MPREb_1WaPzgXUqSN	UC1rCT_Cy1pP1wnRcEUV3nPA
452	Too Late	Washed Out	Purple Noon	LIKE	K4_2mEcF1Uk	MPREb_1WaPzgXUqSN	UC1rCT_Cy1pP1wnRcEUV3nPA
1171	Paralyzed	Washed Out	Purple Noon	LIKE	1niNsy5dIzE	MPREb_1WaPzgXUqSN	UC1rCT_Cy1pP1wnRcEUV3nPA
395	Alakarra	Vieux Farka Touré	Ali	LIKE	ruezN4AaWxg	MPREb_kZxZtia47LW	UCZrKdZ2-mhDRf01r9gse4PA
484	Tongo Barra	Vieux Farka Touré	Ali	LIKE	S8Bo0jl8SCU	MPREb_kZxZtia47LW	UCZrKdZ2-mhDRf01r9gse4PA
592	Lobbo	Vieux Farka Touré	Ali	LIKE	8FtYCEc6Xog	MPREb_kZxZtia47LW	UCZrKdZ2-mhDRf01r9gse4PA
739	Diarabi	Vieux Farka Touré	Ali	LIKE	ZSTYqakp8CM	MPREb_kZxZtia47LW	UCZrKdZ2-mhDRf01r9gse4PA
1301	Tamalla	Vieux Farka Touré	Ali	LIKE	J7dT8ADaHdQ	MPREb_kZxZtia47LW	UCZrKdZ2-mhDRf01r9gse4PA
1299	Punk Rock Loser	Viagra Boys	Cave World	LIKE	9QGl5VUX0sw	MPREb_vf4NDBG8hUM	UCWRCpIlFQYWr3v0V6fZu97Q
95	Nadja	Unknown Mortal Orchestra	V	LIKE	ASr_r6iqqf4	MPREb_tlev4kiSiVm	UCXMAKzy9duqBltrR8TrHmpQ
103	The Widow	Unknown Mortal Orchestra	V	LIKE	235KD3JoYzg	MPREb_tlev4kiSiVm	UCXMAKzy9duqBltrR8TrHmpQ
159	Keaukaha	Unknown Mortal Orchestra	V	LIKE	ajzqz6RocQw	MPREb_tlev4kiSiVm	UCXMAKzy9duqBltrR8TrHmpQ
440	Shin Ramyun	Unknown Mortal Orchestra	V	LIKE	YAd41bHdegw	MPREb_tlev4kiSiVm	UCXMAKzy9duqBltrR8TrHmpQ
554	In The Rear View	Unknown Mortal Orchestra	V	LIKE	Im75nLPtmr0	MPREb_tlev4kiSiVm	UCXMAKzy9duqBltrR8TrHmpQ
560	The Garden	Unknown Mortal Orchestra	V	LIKE	JlkszyIgoBU	MPREb_tlev4kiSiVm	UCXMAKzy9duqBltrR8TrHmpQ
768	Drag	Unknown Mortal Orchestra	V	LIKE	HgJK_x8ZJIs	MPREb_tlev4kiSiVm	UCXMAKzy9duqBltrR8TrHmpQ
1075	That Life	Unknown Mortal Orchestra	V	LIKE	wF12S8N-kSg	MPREb_tlev4kiSiVm	UCXMAKzy9duqBltrR8TrHmpQ
1255	Guilty Pleasures	Unknown Mortal Orchestra	V	LIKE	4vfFciMrBpw	MPREb_tlev4kiSiVm	UCXMAKzy9duqBltrR8TrHmpQ
813	4 American Dollars	U.S. Girls	Heavy Light	LIKE	6f4VTtox60k	MPREb_9TBeUx4NEeI	UCCd5eooP2h6ZN7gJZ4XxOHw
538	WILSHIRE	Tyler, The Creator	CALL ME IF YOU GET LOST: The Estate Sale	LIKE	pZmrchEw3pY	MPREb_VpXYEs5HeNs	UCo1DYcm1IZ9v3UPkpiAcgtg
605	LUMBERJACK	Tyler, The Creator	CALL ME IF YOU GET LOST: The Estate Sale	LIKE	grukh8WwCAg	MPREb_VpXYEs5HeNs	UCo1DYcm1IZ9v3UPkpiAcgtg
799	SAFARI	Tyler, The Creator	CALL ME IF YOU GET LOST	LIKE	VV_4SMGazk0	MPREb_rMqWqQe5N3L	UCo1DYcm1IZ9v3UPkpiAcgtg
922	SWEET / I THOUGHT YOU WANTED TO DANCE (feat. Brent Faiyaz & Fana Hues)	Tyler, The Creator	CALL ME IF YOU GET LOST: The Estate Sale	LIKE	MTpKbVYoPds	MPREb_VpXYEs5HeNs	UCo1DYcm1IZ9v3UPkpiAcgtg
1024	JUGGERNAUT (feat. Lil Uzi Vert & Pharrell Williams)	Tyler, The Creator	CALL ME IF YOU GET LOST: The Estate Sale	LIKE	A7PwrQu8Eh0	MPREb_VpXYEs5HeNs	UCo1DYcm1IZ9v3UPkpiAcgtg
1056	RUNITUP (feat. Teezo Touchdown)	Tyler, The Creator	CALL ME IF YOU GET LOST: The Estate Sale	LIKE	XC2ns6gXn5o	MPREb_VpXYEs5HeNs	UCo1DYcm1IZ9v3UPkpiAcgtg
1145	WUSYANAME (feat. Youngboy Never Broke Again & Ty Dolla $ign)	Tyler, The Creator	CALL ME IF YOU GET LOST: The Estate Sale	LIKE	ZmmIMKmxPnE	MPREb_VpXYEs5HeNs	UCo1DYcm1IZ9v3UPkpiAcgtg
1209	MASSA	Tyler, The Creator	CALL ME IF YOU GET LOST: The Estate Sale	LIKE	wG_RVb1Mxlc	MPREb_VpXYEs5HeNs	UCo1DYcm1IZ9v3UPkpiAcgtg
1153	Into The Woods	Tycho	Simulcast	LIKE	49UqnB5ELOY	MPREb_akuoir5mj63	UC6M6DgivBo3VHTYDa9BblqQ
215	The Loop	Toro y Moi	MAHAL	LIKE	hzgsfhSgR5g	MPREb_E7OcSdUc56L	UCJikOjbf3VffCdLXTsbxfxg
513	Millennium (feat. The Mattson 2)	Toro y Moi	MAHAL	LIKE	Fg2hF8LtBiA	MPREb_E7OcSdUc56L	UCJikOjbf3VffCdLXTsbxfxg
612	Foreplay	Toro y Moi	MAHAL	LIKE	z1JY8Eb-y9s	MPREb_E7OcSdUc56L	UCJikOjbf3VffCdLXTsbxfxg
666	Last Year	Toro y Moi	MAHAL	LIKE	UbBWDaqv1OI	MPREb_E7OcSdUc56L	UCJikOjbf3VffCdLXTsbxfxg
667	Mississippi	Toro y Moi	MAHAL	LIKE	YqQiFHrLZUY	MPREb_E7OcSdUc56L	UCJikOjbf3VffCdLXTsbxfxg
860	Clarity (feat. Sofie Royer)	Toro y Moi	MAHAL	LIKE	BU4ZO2W2qGY	MPREb_E7OcSdUc56L	UCJikOjbf3VffCdLXTsbxfxg
1096	The Medium (feat. Unknown Mortal Orchestra)	Toro y Moi	MAHAL	LIKE	gMKbpH1k_dQ	MPREb_E7OcSdUc56L	UCJikOjbf3VffCdLXTsbxfxg
1162	Postman	Toro y Moi	MAHAL	LIKE	Hf1zS6-Eyow	MPREb_E7OcSdUc56L	UCJikOjbf3VffCdLXTsbxfxg
1411	Goes By So Fast	Toro y Moi	MAHAL	LIKE	l7pln0B5jD4	MPREb_E7OcSdUc56L	UCJikOjbf3VffCdLXTsbxfxg
206	As We Break the Victor	Tommy Guerrero	Amber of Memory	LIKE	iK40tmoVqgU	MPREb_gbIOYiyC7BO	UCsZx_92ubPsc-kgCWxkQ0xw
321	Gravity of Solitude	Tommy Guerrero	Amber of Memory	LIKE	44CSIJfJqDE	MPREb_gbIOYiyC7BO	UCsZx_92ubPsc-kgCWxkQ0xw
347	Through the Mosaic	Tommy Guerrero	Amber of Memory	LIKE	QPJ9D0pc9ok	MPREb_gbIOYiyC7BO	UCsZx_92ubPsc-kgCWxkQ0xw
656	Vistas	Tommy Guerrero	Amber of Memory	LIKE	KcyecweYSC0	MPREb_gbIOYiyC7BO	UCsZx_92ubPsc-kgCWxkQ0xw
797	Amber of Memory	Tommy Guerrero	Amber of Memory	LIKE	BZrDZkcegX4	MPREb_gbIOYiyC7BO	UCsZx_92ubPsc-kgCWxkQ0xw
898	Directions of Possibility	Tommy Guerrero	Amber of Memory	LIKE	V6JymLu-LWc	MPREb_gbIOYiyC7BO	UCsZx_92ubPsc-kgCWxkQ0xw
1121	The Pilots Vessel	Tommy Guerrero	Amber of Memory	LIKE	bwSfgBqrN1Y	MPREb_gbIOYiyC7BO	UCsZx_92ubPsc-kgCWxkQ0xw
1175	Reflections of Now	Tommy Guerrero	Amber of Memory	LIKE	AunFgn7qbZU	MPREb_gbIOYiyC7BO	UCsZx_92ubPsc-kgCWxkQ0xw
167	What Kinda Music (Jordan Rakei Remix)	Tom Misch	What Kinda Music (Jordan Rakei Remix)	LIKE	Ye6I1Uih0n4	MPREb_woMqczRRaR5	UCCCWJwLEvpPAs4r_nJiKe2Q
582	Lift Off (feat. Rocco Palladino)	Tom Misch	What Kinda Music	LIKE	-qTn6kue3uM	MPREb_kNg5Xp4BMf0	UCCCWJwLEvpPAs4r_nJiKe2Q
655	Nightrider (feat. Freddie Gibbs)	Tom Misch	What Kinda Music	LIKE	lSuillN8DaY	MPREb_kNg5Xp4BMf0	UCCCWJwLEvpPAs4r_nJiKe2Q
1002	Festival	Tom Misch	What Kinda Music	LIKE	-E3aq6DpvMg	MPREb_kNg5Xp4BMf0	UCCCWJwLEvpPAs4r_nJiKe2Q
1030	Tidal Wave	Tom Misch	What Kinda Music	LIKE	Wb6VsjwjinA	MPREb_kNg5Xp4BMf0	UCCCWJwLEvpPAs4r_nJiKe2Q
1093	The Real	Tom Misch	What Kinda Music	LIKE	so6BBAph-FM	MPREb_kNg5Xp4BMf0	UCCCWJwLEvpPAs4r_nJiKe2Q
1198	Kyiv	Tom Misch	What Kinda Music	LIKE	qejx7gsk3Zc	MPREb_kNg5Xp4BMf0	UCCCWJwLEvpPAs4r_nJiKe2Q
1032	Send Me	Tirzah	Send Me	LIKE	y33EYcxHDOs	MPREb_R07OGpvrPy6	UCnqWaVNNo1J_I6QoIPvlz2w
56	King Of The Hill	Thundercat	It Is What It Is	LIKE	VOVi-INLRWI	MPREb_HHmVxwQYip3	UCUl7CLMqbyYVb62zJ7nbLfA
80	How I Feel	Thundercat	It Is What It Is	LIKE	qIOMiQ3d80A	MPREb_HHmVxwQYip3	UCUl7CLMqbyYVb62zJ7nbLfA
225	Dragonball Durag	Thundercat	It Is What It Is	LIKE	WmrRHqQesbo	MPREb_HHmVxwQYip3	UCUl7CLMqbyYVb62zJ7nbLfA
558	Black Qualls (feat. Steve Lacy, Steve Arrington & Childish Gambino)	Thundercat	It Is What It Is	LIKE	IOHbF1Zg4S0	MPREb_HHmVxwQYip3	UCUl7CLMqbyYVb62zJ7nbLfA
1181	It Is What It Is (feat. Pedro Martins)	Thundercat	It Is What It Is	LIKE	lqDs_quhy0I	MPREb_HHmVxwQYip3	UCUl7CLMqbyYVb62zJ7nbLfA
1196	Unrequited Love	Thundercat	It Is What It Is	LIKE	eRo_FFrliAs	MPREb_HHmVxwQYip3	UCUl7CLMqbyYVb62zJ7nbLfA
1025	Intercepted Message	Thee Oh Sees	Intercepted Message	LIKE	xxrTmzSHcCs	MPREb_Pe66ZrS9XOW	UCy-Gzb-aCE1vWkbwQZaoIXQ
48	In Your Eyes	The Weeknd	The Highlights	LIKE	OlgDLkoAIRg	MPREb_8xvQsQro2af	UClYV6hHlupm_S_ObS1W-DYw
120	Blinding Lights	The Weeknd	After Hours	LIKE	2ru92T7Y5z0	MPREb_TH6Wut5eTMQ	UClYV6hHlupm_S_ObS1W-DYw
223	Is There Someone Else?	The Weeknd	Dawn FM	LIKE	QgMYdDKVkrw	MPREb_zkvlkWx0ytJ	UClYV6hHlupm_S_ObS1W-DYw
261	After Hours	The Weeknd	After Hours	LIKE	WxYgXmZ9xh8	MPREb_TH6Wut5eTMQ	UClYV6hHlupm_S_ObS1W-DYw
470	Often	The Weeknd	The Highlights	LIKE	Za-gbEXIDkk	MPREb_8xvQsQro2af	UClYV6hHlupm_S_ObS1W-DYw
523	Snowchild	The Weeknd	After Hours	LIKE	oju5I2CXt_Y	MPREb_TH6Wut5eTMQ	UClYV6hHlupm_S_ObS1W-DYw
577	The Morning	The Weeknd	The Highlights	LIKE	cvguGgDKR-8	MPREb_8xvQsQro2af	UClYV6hHlupm_S_ObS1W-DYw
698	Take My Breath	The Weeknd	Dawn FM	LIKE	-ZuS0p2qRYo	MPREb_zkvlkWx0ytJ	UClYV6hHlupm_S_ObS1W-DYw
798	The Hills	The Weeknd	The Highlights	LIKE	lqCYFqZoadw	MPREb_8xvQsQro2af	UClYV6hHlupm_S_ObS1W-DYw
874	I Feel It Coming (feat. Daft Punk)	The Weeknd	The Highlights	LIKE	2H-ChIjEOHo	MPREb_8xvQsQro2af	UClYV6hHlupm_S_ObS1W-DYw
937	Starboy (feat. Daft Punk)	The Weeknd	The Highlights	LIKE	M8zSKnqP3pY	MPREb_8xvQsQro2af	UClYV6hHlupm_S_ObS1W-DYw
1150	Can't Feel My Face	The Weeknd	The Highlights	LIKE	bq5e-1NapBA	MPREb_8xvQsQro2af	UClYV6hHlupm_S_ObS1W-DYw
1183	In Your Eyes	The Weeknd	After Hours	LIKE	yRVotpLaCD4	MPREb_TH6Wut5eTMQ	UClYV6hHlupm_S_ObS1W-DYw
1300	Out of Time	The Weeknd	Dawn FM	LIKE	2yqYAsUpdSc	MPREb_zkvlkWx0ytJ	UClYV6hHlupm_S_ObS1W-DYw
1334	Blinding Lights	The Weeknd	The Highlights	LIKE	aDA0MsVNSVg	MPREb_8xvQsQro2af	UClYV6hHlupm_S_ObS1W-DYw
1394	After Hours	The Weeknd	The Highlights	LIKE	sdUauAile7s	MPREb_8xvQsQro2af	UClYV6hHlupm_S_ObS1W-DYw
267	Red Eyes (Live)	The War On Drugs	LIVE DRUGS	LIKE	pH9rVOajHfM	MPREb_LxRiC42rBi4	UCnAZ69DaeHv6RR63qdp1U8g
572	Thinking Of A Place (Live)	The War On Drugs	LIVE DRUGS	LIKE	G_n82PeBugE	MPREb_LxRiC42rBi4	UCnAZ69DaeHv6RR63qdp1U8g
854	Pain (Live)	The War On Drugs	LIVE DRUGS	LIKE	EvrKPy3khQY	MPREb_LxRiC42rBi4	UCnAZ69DaeHv6RR63qdp1U8g
1233	Under The Pressure (Live)	The War On Drugs	LIVE DRUGS	LIKE	uRdyj8Y9KME	MPREb_LxRiC42rBi4	UCnAZ69DaeHv6RR63qdp1U8g
3	Eternal Summer	The Strokes	The New Abnormal	LIKE	tFAx-B71jLQ	MPREb_Yjuw9jDLBok	UC8N13xhRG78YQK7Ppc4Ytrg
7	At The Door	The Strokes	The New Abnormal	LIKE	ypBbg3-WbD4	MPREb_Yjuw9jDLBok	UC8N13xhRG78YQK7Ppc4Ytrg
575	Ode To The Mets	The Strokes	The New Abnormal	LIKE	CU0i9W_XkDI	MPREb_Yjuw9jDLBok	UC8N13xhRG78YQK7Ppc4Ytrg
1065	The Adults Are Talking	The Strokes	The New Abnormal	LIKE	826mxiKjoP0	MPREb_Yjuw9jDLBok	UC8N13xhRG78YQK7Ppc4Ytrg
1253	Brooklyn Bridge To Chorus	The Strokes	The New Abnormal	LIKE	zTlAwIPUV7w	MPREb_Yjuw9jDLBok	UC8N13xhRG78YQK7Ppc4Ytrg
410	Go	The Soft Pink Truth	Shall We Go On Sinning So That Grace May Increase?	LIKE	kYICQpwQK-8	MPREb_T7CBCdwreji	UCMw5mkF2GYasItRLB-jzDeg
877	May Increase	The Soft Pink Truth	Shall We Go On Sinning So That Grace May Increase?	LIKE	J8NIGAdP4so	MPREb_T7CBCdwreji	UCMw5mkF2GYasItRLB-jzDeg
1324	On	The Soft Pink Truth	Shall We Go On Sinning So That Grace May Increase?	LIKE	FvIq3cRz_eU	MPREb_T7CBCdwreji	UCMw5mkF2GYasItRLB-jzDeg
1386	We	The Soft Pink Truth	Shall We Go On Sinning So That Grace May Increase?	LIKE	rvStT_r1_Gs	MPREb_T7CBCdwreji	UCMw5mkF2GYasItRLB-jzDeg
111	Speech Bubbles	The Smile	A Light for Attracting Attention	LIKE	0E2Fe68uFkM	MPREb_zHwHV3d6T2O	UChy8y7EpURH4K_LXIHENROA
151	Waving A White Flag	The Smile	A Light for Attracting Attention	LIKE	G6UQQdQJ0SQ	MPREb_zHwHV3d6T2O	UChy8y7EpURH4K_LXIHENROA
426	Thin Thing	The Smile	A Light for Attracting Attention	LIKE	XGKSBYCKeXM	MPREb_zHwHV3d6T2O	UChy8y7EpURH4K_LXIHENROA
487	The Opposite	The Smile	A Light for Attracting Attention	LIKE	sQ1ZORLpdO0	MPREb_zHwHV3d6T2O	UChy8y7EpURH4K_LXIHENROA
631	The Smoke	The Smile	A Light for Attracting Attention	LIKE	RU3i6CB5Tgg	MPREb_zHwHV3d6T2O	UChy8y7EpURH4K_LXIHENROA
685	Read The Room	The Smile	Wall Of Eyes	LIKE	LY_HiQyDCIA	MPREb_cEt7rJ8KhNQ	UChy8y7EpURH4K_LXIHENROA
769	Open The Floodgates	The Smile	A Light for Attracting Attention	LIKE	yyq-YwrUJhw	MPREb_zHwHV3d6T2O	UChy8y7EpURH4K_LXIHENROA
787	We Don't Know What Tomorrow Brings	The Smile	A Light for Attracting Attention	LIKE	5d-AUUkkKj4	MPREb_zHwHV3d6T2O	UChy8y7EpURH4K_LXIHENROA
885	Pana-vision	The Smile	A Light for Attracting Attention	LIKE	YjXN0ViG0jc	MPREb_zHwHV3d6T2O	UChy8y7EpURH4K_LXIHENROA
973	Bending Hectic	The Smile	Wall Of Eyes	LIKE	C4OAm_a_Q5I	MPREb_cEt7rJ8KhNQ	UChy8y7EpURH4K_LXIHENROA
1100	Skrting On The Surface	The Smile	A Light for Attracting Attention	LIKE	OyKMI3GVWw4	MPREb_zHwHV3d6T2O	UChy8y7EpURH4K_LXIHENROA
255	America Online	The Midnight	Monsters	LIKE	K9lHKyMizp8	MPREb_sjPi5NEpZHm	UCkhnqwH8DtT0Ap3A-mi_GJQ
1268	The Search for Ecco	The Midnight	Monsters	LIKE	DjzvRyYyfCw	MPREb_sjPi5NEpZHm	UCkhnqwH8DtT0Ap3A-mi_GJQ
230	Flowers of Neptune 6	The Flaming Lips	American Head	LIKE	TI-Ho9_Im5U	MPREb_aFh9iLCBCs9	UCPxZkX90JURVTyWW0caNnGg
386	Will You Return / When You Come Down	The Flaming Lips	American Head	LIKE	Hgk7eN73J8E	MPREb_aFh9iLCBCs9	UCPxZkX90JURVTyWW0caNnGg
688	Brother Eye	The Flaming Lips	American Head	LIKE	MCzLL-OXfiQ	MPREb_aFh9iLCBCs9	UCPxZkX90JURVTyWW0caNnGg
326	No Reason	The Chemical Brothers	For That Beautiful Feeling	LIKE	1wh6eqwAIG8	MPREb_gTzfvVGRR3Z	UCyPCkwR4gcQNybC2XzMNFTA
359	Live Again (feat. Halo Maud)	The Chemical Brothers	For That Beautiful Feeling	LIKE	fXe3kFO_hUg	MPREb_gTzfvVGRR3Z	UCyPCkwR4gcQNybC2XzMNFTA
1278	Goodbye	The Chemical Brothers	For That Beautiful Feeling	LIKE	Jy3iGZAhiW4	MPREb_gTzfvVGRR3Z	UCyPCkwR4gcQNybC2XzMNFTA
1286	Fountains	The Chemical Brothers	For That Beautiful Feeling	LIKE	bP3gRdozUl4	MPREb_gTzfvVGRR3Z	UCyPCkwR4gcQNybC2XzMNFTA
86	Long in the Tooth	The Budos Band	Long in the Tooth	LIKE	US3eV4E8o2k	MPREb_vW7T45ip7Jk	UCvQgxMD5WBq3JfJLHQkpcKA
92	Haunted Sea	The Budos Band	Long in the Tooth	LIKE	ceCgxReQCl0	MPREb_vW7T45ip7Jk	UCvQgxMD5WBq3JfJLHQkpcKA
307	Silver Stallion	The Budos Band	Long in the Tooth	LIKE	O-7DwDEETX8	MPREb_vW7T45ip7Jk	UCvQgxMD5WBq3JfJLHQkpcKA
341	Gun Metal Grey	The Budos Band	Long in the Tooth	LIKE	kS_NQ7Y5TE8	MPREb_vW7T45ip7Jk	UCvQgxMD5WBq3JfJLHQkpcKA
1059	Dusterado	The Budos Band	Long in the Tooth	LIKE	eXshYvb1-jg	MPREb_vW7T45ip7Jk	UCvQgxMD5WBq3JfJLHQkpcKA
1269	Sixth Hammer	The Budos Band	Long in the Tooth	LIKE	T2hHCsh5vQQ	MPREb_vW7T45ip7Jk	UCvQgxMD5WBq3JfJLHQkpcKA
1205	Crawling Kingsnake	The Black Keys	Delta Kream	LIKE	tNdg7EhtRMA	MPREb_N6XhjUOk5AX	UCchwuI134MUX4GSZqYLpYGA
146	The River	The Black Angels	Wilderness of Mirrors	LIKE	rWLgO2uhego	MPREb_UUtfvq7Ucbo	UCdMCMtXUYb-9gvK1srSECuQ
281	The Divine Chord (feat. MGMT & Johnny Marr)	The Avalanches	We Will Always Love You	LIKE	bv4hpn-HKrI	MPREb_dMrVnmpSgMK	UCLXF7R57nHd3Q2PcAAtdPcA
379	Ghost Story (feat. Orono)	The Avalanches	We Will Always Love You	LIKE	c9tgCR_VjSM	MPREb_dMrVnmpSgMK	UCLXF7R57nHd3Q2PcAAtdPcA
396	Wherever You Go (feat. Jamie xx, Neneh Cherry & CLYPSO)	The Avalanches	We Will Always Love You	LIKE	cpbkUYAGpcI	MPREb_dMrVnmpSgMK	UCLXF7R57nHd3Q2PcAAtdPcA
467	Oh The Sunn! (feat. Perry Farrell)	The Avalanches	We Will Always Love You	LIKE	tihqDy-avVA	MPREb_dMrVnmpSgMK	UCLXF7R57nHd3Q2PcAAtdPcA
472	Interstellar Love (feat. Leon Bridges)	The Avalanches	We Will Always Love You	LIKE	9ZJjzG4KO5U	MPREb_dMrVnmpSgMK	UCLXF7R57nHd3Q2PcAAtdPcA
506	We Go On (feat. Cola Boyy & Mick Jones)	The Avalanches	We Will Always Love You	LIKE	En3SmG86Q7k	MPREb_dMrVnmpSgMK	UCLXF7R57nHd3Q2PcAAtdPcA
706	Music Is The Light (feat. Cornelius & Kelly Moran)	The Avalanches	We Will Always Love You	LIKE	_abUMm91_LI	MPREb_dMrVnmpSgMK	UCLXF7R57nHd3Q2PcAAtdPcA
735	We Will Always Love You (feat. Blood Orange)	The Avalanches	We Will Always Love You	LIKE	-VHm2dXB_G4	MPREb_dMrVnmpSgMK	UCLXF7R57nHd3Q2PcAAtdPcA
760	Overcome	The Avalanches	We Will Always Love You	LIKE	XHiwTF9WEBE	MPREb_dMrVnmpSgMK	UCLXF7R57nHd3Q2PcAAtdPcA
775	Take Care In Your Dreaming (feat. Denzel Curry, Tricky & Sampa The Great)	The Avalanches	We Will Always Love You	LIKE	p7Dmyg-94iE	MPREb_dMrVnmpSgMK	UCLXF7R57nHd3Q2PcAAtdPcA
830	Music Makes Me High	The Avalanches	We Will Always Love You	LIKE	e9p6g34ZIZU	MPREb_dMrVnmpSgMK	UCLXF7R57nHd3Q2PcAAtdPcA
1174	Born To Lose	The Avalanches	We Will Always Love You	LIKE	JFJC_sj7s_I	MPREb_dMrVnmpSgMK	UCLXF7R57nHd3Q2PcAAtdPcA
1378	Ghost Story Pt. 2 (feat. Orono & Leon Bridges)	The Avalanches	We Will Always Love You	LIKE	PXe3I8HrmIE	MPREb_dMrVnmpSgMK	UCLXF7R57nHd3Q2PcAAtdPcA
905	Runner	Tennis	Swimmer	LIKE	agJn4cLd800	MPREb_w8jLVbMbU2M	UCEv91IRGs8ETIcUOEI8UOIA
928	Need Your Love	Tennis	Swimmer	LIKE	cVsKkTxL00o	MPREb_w8jLVbMbU2M	UCEv91IRGs8ETIcUOEI8UOIA
77	betty	Taylor Swift	folklore	LIKE	gtzCuhDTRzk	MPREb_VLEl8SjepHO	UCPC0L1d253x-KuMNwa05TpA
310	cardigan	Taylor Swift	folklore	LIKE	M_lVZIpgnjU	MPREb_VLEl8SjepHO	UCPC0L1d253x-KuMNwa05TpA
450	exile (feat. Bon Iver)	Taylor Swift	folklore	LIKE	Nm08yUg38tE	MPREb_VLEl8SjepHO	UCPC0L1d253x-KuMNwa05TpA
676	peace	Taylor Swift	folklore	LIKE	eetzOzwWw_0	MPREb_VLEl8SjepHO	UCPC0L1d253x-KuMNwa05TpA
942	the 1	Taylor Swift	folklore	LIKE	_yHn-954iVQ	MPREb_VLEl8SjepHO	UCPC0L1d253x-KuMNwa05TpA
1155	seven	Taylor Swift	folklore	LIKE	llshN1pcGoY	MPREb_VLEl8SjepHO	UCPC0L1d253x-KuMNwa05TpA
181	Breathe Deeper	Tame Impala	The Slow Rush	LIKE	ucrhTx1hGJQ	MPREb_yVhKccUQYoW	UCGz-eguN8tcic5kUG4s1ZgA
551	Is It True	Tame Impala	The Slow Rush	LIKE	JbKr2jRN3rQ	MPREb_yVhKccUQYoW	UCGz-eguN8tcic5kUG4s1ZgA
584	It Might Be Time	Tame Impala	The Slow Rush	LIKE	F9TiuqPXAoM	MPREb_yVhKccUQYoW	UCGz-eguN8tcic5kUG4s1ZgA
672	Posthumous Forgiveness	Tame Impala	The Slow Rush	LIKE	xwD389vUiyc	MPREb_yVhKccUQYoW	UCGz-eguN8tcic5kUG4s1ZgA
886	Instant Destiny	Tame Impala	The Slow Rush	LIKE	zjWDMXVAXko	MPREb_yVhKccUQYoW	UCGz-eguN8tcic5kUG4s1ZgA
1039	One More Year	Tame Impala	The Slow Rush	LIKE	4ZestmVGdeQ	MPREb_yVhKccUQYoW	UCGz-eguN8tcic5kUG4s1ZgA
1132	On Track	Tame Impala	The Slow Rush	LIKE	Lm2F_fKdrIo	MPREb_yVhKccUQYoW	UCGz-eguN8tcic5kUG4s1ZgA
1136	Borderline	Tame Impala	The Slow Rush	LIKE	rymYToIEL9o	MPREb_yVhKccUQYoW	UCGz-eguN8tcic5kUG4s1ZgA
1355	Glimmer	Tame Impala	The Slow Rush	LIKE	0n28cYmm1Zs	MPREb_yVhKccUQYoW	UCGz-eguN8tcic5kUG4s1ZgA
1361	Lost In Yesterday	Tame Impala	The Slow Rush	LIKE	Sr_gTknZooY	MPREb_yVhKccUQYoW	UCGz-eguN8tcic5kUG4s1ZgA
253	I Feel Alive	TOPS	I Feel Alive	LIKE	_sRDYkZ5h7Y	MPREb_WPcBiOo0pvJ	UC2SSi_lvW8HQt8akZon_VVQ
28	Road Warrior Pisces	TOBACCO	Hot Wet & Sassy	LIKE	WqGQqj5zbro	MPREb_CtOgjAVYBNG	UC1IJxltUbLLbjTPrkHQxnrg
756	Poisonous Horses	TOBACCO	Hot Wet & Sassy	LIKE	d_Kta98L8Vw	MPREb_CtOgjAVYBNG	UC1IJxltUbLLbjTPrkHQxnrg
1114	ASS-TO-TRUTH	TOBACCO	Hot Wet & Sassy	LIKE	pi6WOiKctpk	MPREb_CtOgjAVYBNG	UC1IJxltUbLLbjTPrkHQxnrg
188	Meant to Live	Switchfoot	The Beautiful Letdown (Deluxe Version)	LIKE	brj4BGkbOUw	MPREb_1YOvTlgyI50	UCOGpHC8coci-12OIMkPsopw
157	Los Angeles: City of Death	Swans	The Beggar	LIKE	KJz8ujgU1CU	MPREb_xnROyDPj5QJ	UCw8td8ajENm2IOhk6AkBdJA
182	Paradise Is Mine	Swans	The Beggar	LIKE	llmIPE42ipQ	MPREb_xnROyDPj5QJ	UCw8td8ajENm2IOhk6AkBdJA
977	The Parasite	Swans	The Beggar	LIKE	6vNksFHHFJo	MPREb_xnROyDPj5QJ	UCw8td8ajENm2IOhk6AkBdJA
520	A Running Start	Sufjan Stevens	Javelin	LIKE	WV-5eRSte2o	MPREb_zxea3PFkEA0	UC5sOhxfts379lOCXaIAinyw
809	Die Happy	Sufjan Stevens	The Ascension	LIKE	NRdBrshz8Uo	MPREb_sh4e1BWar9X	UC5sOhxfts379lOCXaIAinyw
903	Everything That Rises	Sufjan Stevens	Javelin	LIKE	mnU8GHjxYPA	MPREb_zxea3PFkEA0	UC5sOhxfts379lOCXaIAinyw
967	Goodbye Evergreen	Sufjan Stevens	Javelin	LIKE	OOTnyZWM_lg	MPREb_zxea3PFkEA0	UC5sOhxfts379lOCXaIAinyw
90	NBPQ (Topless)	Sudan Archives	Natural Brown Prom Queen	LIKE	DyGaCKxMkS8	MPREb_QPBsKeADCWW	UCGTCV2jT6dNp1-NyJCbGjIg
413	Ciara	Sudan Archives	Natural Brown Prom Queen	LIKE	qYV9Y6HfJbc	MPREb_QPBsKeADCWW	UCGTCV2jT6dNp1-NyJCbGjIg
1232	FLUE	Sudan Archives	Natural Brown Prom Queen	LIKE	kwkrZRP7bEc	MPREb_QPBsKeADCWW	UCGTCV2jT6dNp1-NyJCbGjIg
87	Some Days	Sturgill Simpson	Cuttin' Grass, Vol. 2 (Cowboy Arms Sessions)	LIKE	mXahkY98_Y4	MPREb_ZA9XjOyyfHA	UCzjqoh1AgMqICw3JKaAj6sw
566	All Around You	Sturgill Simpson	Cuttin' Grass - Vol. 1 (Butcher Shoppe Sessions)	LIKE	kXGugEWmnSg	MPREb_6SIedVArl8b	UCzjqoh1AgMqICw3JKaAj6sw
602	Voices	Sturgill Simpson	Cuttin' Grass - Vol. 1 (Butcher Shoppe Sessions)	LIKE	SIhtRYiPU6w	MPREb_6SIedVArl8b	UCzjqoh1AgMqICw3JKaAj6sw
796	Time After All	Sturgill Simpson	Cuttin' Grass - Vol. 1 (Butcher Shoppe Sessions)	LIKE	2RJ4e90LKmg	MPREb_6SIedVArl8b	UCzjqoh1AgMqICw3JKaAj6sw
1303	A Little Light	Sturgill Simpson	Cuttin' Grass - Vol. 1 (Butcher Shoppe Sessions)	LIKE	47kQufQRFaM	MPREb_6SIedVArl8b	UCzjqoh1AgMqICw3JKaAj6sw
1350	I Don't Mind	Sturgill Simpson	Cuttin' Grass - Vol. 1 (Butcher Shoppe Sessions)	LIKE	xYcmf9cRp7A	MPREb_6SIedVArl8b	UCzjqoh1AgMqICw3JKaAj6sw
1387	I Wonder	Sturgill Simpson	Cuttin' Grass - Vol. 1 (Butcher Shoppe Sessions)	LIKE	cPrT6Mf2rl4	MPREb_6SIedVArl8b	UCzjqoh1AgMqICw3JKaAj6sw
58	G.S.K.	Squid	Bright Green Field	LIKE	m4JjSI8cZTk	MPREb_DVgqByGoxMl	UCNTCHHTeOFusxMB_3pnnw1Q
1343	The Blades	Squid	O Monolith	LIKE	Mf-zhQxEzys	MPREb_2r32qiGTca7	UCNTCHHTeOFusxMB_3pnnw1Q
155	My Babe	Spoon	Lucifer On The Sofa	LIKE	ssCWkoUJJsg	MPREb_f0FXcQKKQxM	UC4zxbn4wRucKR-IArNkBtEw
400	The Hardest Cut	Spoon	Lucifer On The Sofa	LIKE	EpZyHw1MVjI	MPREb_f0FXcQKKQxM	UC4zxbn4wRucKR-IArNkBtEw
825	Wild	Spoon	Lucifer On The Sofa	LIKE	M7Ea6dy9P8o	MPREb_f0FXcQKKQxM	UC4zxbn4wRucKR-IArNkBtEw
960	Satellite	Spoon	Lucifer On The Sofa	LIKE	RFlTy4ibQOU	MPREb_f0FXcQKKQxM	UC4zxbn4wRucKR-IArNkBtEw
1384	Held	Spoon	Lucifer On The Sofa	LIKE	H70Gwx9_i44	MPREb_f0FXcQKKQxM	UC4zxbn4wRucKR-IArNkBtEw
701	Always Together With You	Spiritualized	Everything Was Beautiful	LIKE	sjqFq6BYAow	MPREb_3inWcXWrahn	UCZHwZqC6T5tjEH5XhsXh_Cw
362	Rosie	Sorry	925	LIKE	uLbyNCc0lBM	MPREb_6cd4p39vsII	UCnCZ8fBkvrjyDh7yV1mEdiw
595	Heather	Sorry	925	LIKE	_7RaYo6pq1A	MPREb_6cd4p39vsII	UCnCZ8fBkvrjyDh7yV1mEdiw
747	Perfect	Sorry	925	LIKE	nhg160mpuUU	MPREb_6cd4p39vsII	UCnCZ8fBkvrjyDh7yV1mEdiw
757	In Unison	Sorry	925	LIKE	J4h-3iMHOA0	MPREb_6cd4p39vsII	UCnCZ8fBkvrjyDh7yV1mEdiw
1004	Right Round The Clock	Sorry	925	LIKE	Tu6iTmxw1ks	MPREb_6cd4p39vsII	UCnCZ8fBkvrjyDh7yV1mEdiw
1416	Snakes	Sorry	925	LIKE	U5yjFD9mkQA	MPREb_6cd4p39vsII	UCnCZ8fBkvrjyDh7yV1mEdiw
716	Runners	Soichi Terada	Asakusa Light	LIKE	D9Nd6RnX1t4	MPREb_2bnDQw9Ain1	UCihTrOdF9aRCgYnqCYqYzvw
718	Soaking Dry	Soichi Terada	Asakusa Light	LIKE	NrOpbfQsyLI	MPREb_2bnDQw9Ain1	UCihTrOdF9aRCgYnqCYqYzvw
1074	Diving into Minds	Soichi Terada	Asakusa Light	LIKE	Pq6oblWddm0	MPREb_2bnDQw9Ain1	UCihTrOdF9aRCgYnqCYqYzvw
1264	Marimbau	Soichi Terada	Asakusa Light	LIKE	v52IM-Hmqe0	MPREb_2bnDQw9Ain1	UCihTrOdF9aRCgYnqCYqYzvw
1392	Silent Chord	Soichi Terada	Asakusa Light	LIKE	W9BbIBEXOqY	MPREb_2bnDQw9Ain1	UCihTrOdF9aRCgYnqCYqYzvw
274	Si Te Portas Bonito	Sofia Kourtesis	Madres	LIKE	fm3vEhJOeVM	MPREb_J2bFHWyfbO0	UCy6aNBz9losmwhz4E4yScQQ
278	Habla Con Ella	Sofia Kourtesis	Madres	LIKE	j0nykg6-AXo	MPREb_J2bFHWyfbO0	UCy6aNBz9losmwhz4E4yScQQ
496	Vajkoczy	Sofia Kourtesis	Madres	LIKE	SOl7QhrxYYo	MPREb_J2bFHWyfbO0	UCy6aNBz9losmwhz4E4yScQQ
1246	By Your Side	Sofia Kourtesis	Fresia Magdalena	LIKE	6XZFBqpCo1I	MPREb_o6X9wiu3DEB	UCy6aNBz9losmwhz4E4yScQQ
1307	circle the drain	Soccer Mommy	color theory	LIKE	KLiDpOoLXpY	MPREb_CvLlmJAJhjo	UCiUjSTW94mp2xfW9jqotQlg
1328	royal screw up (demo)	Soccer Mommy	color theory (selected demos)	LIKE	7GCEZPg-mm4	MPREb_7GZDZdu4n67	UCiUjSTW94mp2xfW9jqotQlg
69	The Slab	Slowdive	Everything is Alive	LIKE	GagFrmmFdGc	MPREb_Qx0AZ4IWrHf	UC2o9vA6xBUQE6Tmk86oYQig
73	Skin in the Game	Slowdive	Everything is Alive	LIKE	DI6NLXkCZmY	MPREb_Qx0AZ4IWrHf	UC2o9vA6xBUQE6Tmk86oYQig
970	Kisses	Slowdive	Everything is Alive	LIKE	VCDQuoiNPck	MPREb_Qx0AZ4IWrHf	UC2o9vA6xBUQE6Tmk86oYQig
1009	Prayer Remembered	Slowdive	Everything is Alive	LIKE	XvMLeQCU8ew	MPREb_Qx0AZ4IWrHf	UC2o9vA6xBUQE6Tmk86oYQig
1051	Chained to a Cloud	Slowdive	Everything is Alive	LIKE	AF6pUQkENoY	MPREb_Qx0AZ4IWrHf	UC2o9vA6xBUQE6Tmk86oYQig
1046	Tears	Skrillex, Joker, & Sleepnet	Quest For Fire	LIKE	lFP1svJ4fSo	MPREb_VyzmiRrWrDA	
43	Supersonic (my existence)	Skrillex	Quest For Fire	LIKE	EljUfqNIQBU	MPREb_VyzmiRrWrDA	UCibXKvuw5PoJVmyZJ4qhDIw
305	Still Here (with the ones that I came with)	Skrillex	Quest For Fire	LIKE	i2FYhe3Yeek	MPREb_VyzmiRrWrDA	UCibXKvuw5PoJVmyZJ4qhDIw
27	Stornoway	Skinshape	Another Side Of Skinshape	LIKE	U5AKEM5Qq1s	MPREb_6lCSaM0G0xs	UCil1XLYzKqVoM_2C_4tyOLA
29	Ganymede	Skinshape	Craterellus Tubaeformis	LIKE	yQvyAGNxK3o	MPREb_K1gI39gRLtH	UCil1XLYzKqVoM_2C_4tyOLA
61	Sound of Your Voice	Skinshape	Arrogance is the Death of Men	LIKE	PYbBkymg_Ws	MPREb_z7rjT3kpj2g	UCil1XLYzKqVoM_2C_4tyOLA
66	In the End	Skinshape	Umoja	LIKE	BSFvIHJf65E	MPREb_nnUEZRWiw3Q	UCil1XLYzKqVoM_2C_4tyOLA
141	How Can It Be?	Skinshape	Another Side Of Skinshape	LIKE	DSQ_qY-j_50	MPREb_6lCSaM0G0xs	UCil1XLYzKqVoM_2C_4tyOLA
289	Behind the Sun	Skinshape	Arrogance is the Death of Men	LIKE	qXklot3aSdM	MPREb_z7rjT3kpj2g	UCil1XLYzKqVoM_2C_4tyOLA
313	Turn Away	Skinshape	Nostalgia	LIKE	Z3Vlo0DewOk	MPREb_y4AeMA8OlQG	UCil1XLYzKqVoM_2C_4tyOLA
403	Albion	Skinshape	Nostalgia	LIKE	fq6cQK6TcKo	MPREb_y4AeMA8OlQG	UCil1XLYzKqVoM_2C_4tyOLA
404	Bohanon's Cornucopia	Skinshape	Nostalgia	LIKE	oj8nAo5Q6IU	MPREb_y4AeMA8OlQG	UCil1XLYzKqVoM_2C_4tyOLA
412	Better Chances	Skinshape	Nostalgia	LIKE	xvZYEoEdSDc	MPREb_y4AeMA8OlQG	UCil1XLYzKqVoM_2C_4tyOLA
471	The Longest Shadow (feat. Andy Platts)	Skinshape	Craterellus Tubaeformis	LIKE	6CKFECzMXUU	MPREb_K1gI39gRLtH	UCil1XLYzKqVoM_2C_4tyOLA
546	Peace Piece	Skinshape	Craterellus Tubaeformis	LIKE	QnXpI-ninqU	MPREb_K1gI39gRLtH	UCil1XLYzKqVoM_2C_4tyOLA
580	Dreams of Panama	Skinshape	Nostalgia	LIKE	9ss7bocxS9o	MPREb_y4AeMA8OlQG	UCil1XLYzKqVoM_2C_4tyOLA
626	The Lady	Skinshape	Craterellus Tubaeformis	LIKE	rvDt9eCGHbE	MPREb_K1gI39gRLtH	UCil1XLYzKqVoM_2C_4tyOLA
673	Quiet	Skinshape	Craterellus Tubaeformis	LIKE	6KIjatVkOBk	MPREb_K1gI39gRLtH	UCil1XLYzKqVoM_2C_4tyOLA
802	Ananda	Skinshape	Another Side Of Skinshape	LIKE	iAlnk-WA0ak	MPREb_6lCSaM0G0xs	UCil1XLYzKqVoM_2C_4tyOLA
819	Care About Me	Skinshape	Craterellus Tubaeformis	LIKE	c3TlqiZdj4o	MPREb_K1gI39gRLtH	UCil1XLYzKqVoM_2C_4tyOLA
832	Mulatu of Ethiopia	Skinshape	Another Side Of Skinshape	LIKE	Tvr4dwRBuEw	MPREb_6lCSaM0G0xs	UCil1XLYzKqVoM_2C_4tyOLA
865	The Ocean	Skinshape	Craterellus Tubaeformis	LIKE	GY9ZtISqu_c	MPREb_K1gI39gRLtH	UCil1XLYzKqVoM_2C_4tyOLA
881	Theme for Lazarus	Skinshape	Nostalgia	LIKE	2kQqfCmwJ6w	MPREb_y4AeMA8OlQG	UCil1XLYzKqVoM_2C_4tyOLA
894	Losing My Mind	Skinshape	Arrogance is the Death of Men	LIKE	uoWiSvCvwcM	MPREb_z7rjT3kpj2g	UCil1XLYzKqVoM_2C_4tyOLA
940	Zanzibar	Skinshape	Craterellus Tubaeformis	LIKE	_kkbSkxphm4	MPREb_K1gI39gRLtH	UCil1XLYzKqVoM_2C_4tyOLA
999	Nobody Knows	Skinshape	Craterellus Tubaeformis	LIKE	hNb1Nu5Mvwo	MPREb_K1gI39gRLtH	UCil1XLYzKqVoM_2C_4tyOLA
1234	The Eastern Connection	Skinshape	Arrogance is the Death of Men	LIKE	yJbPNeHS4bo	MPREb_z7rjT3kpj2g	UCil1XLYzKqVoM_2C_4tyOLA
1369	High Tide, Storm Rising	Skinshape	Nostalgia	LIKE	_wsGTEePORQ	MPREb_y4AeMA8OlQG	UCil1XLYzKqVoM_2C_4tyOLA
1409	Amnesia	Skinshape	Craterellus Tubaeformis	LIKE	CLqVrHiV4nI	MPREb_K1gI39gRLtH	UCil1XLYzKqVoM_2C_4tyOLA
207	Jeremiah	Sierra Ferrell	Jeremiah / Why’d Ya Do It	LIKE	Zqr4zb-0Ps0	MPREb_SqOwLjQ2ezN	UC5YjFzZESHnqNxzFBMVrR4w
598	Nice & Shiny	Shlohmo	Heaven Inc. EP	LIKE	ZD0YbqGG6Ms	MPREb_bK3dJtpV8oY	UCnCEHQJ4sNkIkkqsPp9u-Ag
826	Looking at Plants	Shlohmo	Heaven Inc. EP	LIKE	N2pCi8eNqvc	MPREb_bK3dJtpV8oY	UCnCEHQJ4sNkIkkqsPp9u-Ag
231	Fingers of Steel	Shame	Food for Worms	LIKE	-cyUfZW3b_8	MPREb_czIgHW5eVHA	UCGyN_h5TM6R7_MiVtzwsSag
552	Different Person	Shame	Food for Worms	LIKE	12DAGttOcq0	MPREb_czIgHW5eVHA	UCGyN_h5TM6R7_MiVtzwsSag
810	Adderall	Shame	Food for Worms	LIKE	EDZ6d4WKRdU	MPREb_czIgHW5eVHA	UCGyN_h5TM6R7_MiVtzwsSag
817	Burning By Design	Shame	Food for Worms	LIKE	KT9yIat_g2w	MPREb_czIgHW5eVHA	UCGyN_h5TM6R7_MiVtzwsSag
901	All The People	Shame	Food for Worms	LIKE	uFvafqFjpI0	MPREb_czIgHW5eVHA	UCGyN_h5TM6R7_MiVtzwsSag
1008	Six-Pack	Shame	Food for Worms	LIKE	QdLbNGzIzGE	MPREb_czIgHW5eVHA	UCGyN_h5TM6R7_MiVtzwsSag
1363	Yankees	Shame	Food for Worms	LIKE	7zma84ntPOU	MPREb_czIgHW5eVHA	UCGyN_h5TM6R7_MiVtzwsSag
144	Oh My God	Sevdaliza	Shabrang	LIKE	PQCbKITflP0	MPREb_ConKKtISgvM	UCHV5LEjuzvHB6y_1609jd6w
210	All Rivers at Once	Sevdaliza	Shabrang	LIKE	Hi5Ilsro4gc	MPREb_ConKKtISgvM	UCHV5LEjuzvHB6y_1609jd6w
355	Shabrang	Sevdaliza	Shabrang	LIKE	xg-dmaKg9Gc	MPREb_ConKKtISgvM	UCHV5LEjuzvHB6y_1609jd6w
402	Human Nature	Sevdaliza	Shabrang	LIKE	HjTK1u8mMpE	MPREb_ConKKtISgvM	UCHV5LEjuzvHB6y_1609jd6w
1197	Wallflower	Sevdaliza	Shabrang	LIKE	65nGP7tWlVU	MPREb_ConKKtISgvM	UCHV5LEjuzvHB6y_1609jd6w
1283	Lamp Lady	Sevdaliza	Shabrang	LIKE	DVQYl_gcFdA	MPREb_ConKKtISgvM	UCHV5LEjuzvHB6y_1609jd6w
147	Kill Bill	SZA	SOS	LIKE	lcX37Pzobxw	MPREb_5ruOkUYLVZL	UCeKDV9JgivrXehVluw5bKFA
758	Love Language	SZA	SOS	LIKE	0Xv_UrlpgpA	MPREb_5ruOkUYLVZL	UCeKDV9JgivrXehVluw5bKFA
76	Dear Stranger	STRFKR	Future Past Life	LIKE	aZhqjn_ODr0	MPREb_PXNUWKX0OeK	UCL6qpCZZBTfp1MtI3bmL7jw
282	Deep Dream	STRFKR	Future Past Life	LIKE	pxoOhztLuIM	MPREb_PXNUWKX0OeK	UCL6qpCZZBTfp1MtI3bmL7jw
328	Budapest (feat. Shy Boys)	STRFKR	Future Past Life	LIKE	j5Me10zgJJM	MPREb_PXNUWKX0OeK	UCL6qpCZZBTfp1MtI3bmL7jw
838	Second Hand	STRFKR	Future Past Life	LIKE	LDY_OElZF7A	MPREb_PXNUWKX0OeK	UCL6qpCZZBTfp1MtI3bmL7jw
383	THERE’S NOTHING YOU CAN’T DO	SPIRIT OF THE BEEHIVE	ENTERTAINMENT, DEATH	LIKE	Dvf_av-gzBs	MPREb_yhboO8z0LLe	UC_EjuzKCmq_ihgTYwjp0iGQ
786	GIVE UP YOUR LIFE	SPIRIT OF THE BEEHIVE	ENTERTAINMENT, DEATH	LIKE	W83YRwlPbVs	MPREb_yhboO8z0LLe	UC_EjuzKCmq_ihgTYwjp0iGQ
951	I SUCK THE DEVIL’S COCK	SPIRIT OF THE BEEHIVE	ENTERTAINMENT, DEATH	LIKE	aNoCv780-Yw	MPREb_yhboO8z0LLe	UC_EjuzKCmq_ihgTYwjp0iGQ
1285	ENTERTAINMENT	SPIRIT OF THE BEEHIVE	ENTERTAINMENT, DEATH	LIKE	bSGaJEnZZ-s	MPREb_yhboO8z0LLe	UC_EjuzKCmq_ihgTYwjp0iGQ
15	The Beginning & the End	SAULT	Untitled (Rise)	LIKE	ox4UVJ5NbvU	MPREb_IhFzFqIMYN9	UCZVcwpGNuGE3NqTjQsoAdGw
26	Strong	SAULT	Untitled (Rise)	LIKE	iQQAiO1WJPo	MPREb_IhFzFqIMYN9	UCZVcwpGNuGE3NqTjQsoAdGw
30	I Just Want to Dance	SAULT	Untitled (Rise)	LIKE	_hrJT6SUYX0	MPREb_IhFzFqIMYN9	UCZVcwpGNuGE3NqTjQsoAdGw
154	Sorry Ain't Enough	SAULT	Untitled (Black Is)	LIKE	niu8V_U32z0	MPREb_2RZhiAuBmnb	UCZVcwpGNuGE3NqTjQsoAdGw
284	Stop Dem	SAULT	Untitled (Black Is)	LIKE	1yUMoZdw33E	MPREb_2RZhiAuBmnb	UCZVcwpGNuGE3NqTjQsoAdGw
364	Why We Cry Why We Die	SAULT	Untitled (Black Is)	LIKE	HzcasHpaewI	MPREb_2RZhiAuBmnb	UCZVcwpGNuGE3NqTjQsoAdGw
377	Miracles	SAULT	Untitled (Black Is)	LIKE	Fsbz5N3YpzU	MPREb_2RZhiAuBmnb	UCZVcwpGNuGE3NqTjQsoAdGw
606	Free	SAULT	Untitled (Rise)	LIKE	f-qm2rPhwaQ	MPREb_IhFzFqIMYN9	UCZVcwpGNuGE3NqTjQsoAdGw
611	Wildfires	SAULT	Untitled (Black Is)	LIKE	GRC4Ac6IB1w	MPREb_2RZhiAuBmnb	UCZVcwpGNuGE3NqTjQsoAdGw
733	The Black & Gold	SAULT	Untitled (Rise)	LIKE	-h6XzgARboY	MPREb_IhFzFqIMYN9	UCZVcwpGNuGE3NqTjQsoAdGw
782	Black	SAULT	Untitled (Black Is)	LIKE	E2YwwSLp0_k	MPREb_2RZhiAuBmnb	UCZVcwpGNuGE3NqTjQsoAdGw
845	Monsters	SAULT	Untitled (Black Is)	LIKE	vlH9gPIffDA	MPREb_2RZhiAuBmnb	UCZVcwpGNuGE3NqTjQsoAdGw
1101	Son Shine	SAULT	Untitled (Rise)	LIKE	Mtxdv_SVvSY	MPREb_IhFzFqIMYN9	UCZVcwpGNuGE3NqTjQsoAdGw
63	This Time, This Place… (feat. Beki Mari)	Röyksopp	Profound Mysteries	LIKE	Sug-eqfn08o	MPREb_iXYoXGqm8Nu	UCavOXoVuq__PIq9W6E-xT6A
458	(Nothing But) Ashes...	Röyksopp	Profound Mysteries	LIKE	EJuPV_Ttq5o	MPREb_iXYoXGqm8Nu	UCavOXoVuq__PIq9W6E-xT6A
544	The Ladder	Röyksopp	Profound Mysteries	LIKE	4PXEZXvUnhQ	MPREb_iXYoXGqm8Nu	UCavOXoVuq__PIq9W6E-xT6A
752	Simulation	Róisín Murphy	Róisín Machine (Deluxe)	LIKE	Hg15L-0aKv8	MPREb_iDM6I3H5VRN	UCZVWrfgTuJz63IrozA4TiIw
921	Murphy's Law	Róisín Murphy	Róisín Machine (Deluxe)	LIKE	yaBnBwD4J8M	MPREb_iDM6I3H5VRN	UCZVWrfgTuJz63IrozA4TiIw
952	The City	Ryan Celsius Sounds	Slow Motion	LIKE	xVSs2-kyb6g	MPREb_7zqlSVcNUD4	UCeOM_CfFCGcotUIwm40lPPQ
1085	Troublesome	Ryan Celsius Sounds	Slow Motion	LIKE	Tou3USexevA	MPREb_7zqlSVcNUD4	UCeOM_CfFCGcotUIwm40lPPQ
275	walking in the snow	Run The Jewels	RTJ4 (Deluxe Edition)	LIKE	sg6HwQ2kl4E	MPREb_HXyYgsaSvwD	UC6b6dR8FnUK-_c_GtWv3fdQ
277	ooh la la (feat. DJ Premier & Greg Nice)	Run The Jewels	RTJ4 (Deluxe Edition)	LIKE	b7lZJZpGLGE	MPREb_HXyYgsaSvwD	UC6b6dR8FnUK-_c_GtWv3fdQ
1012	yankee and the brave (ep. 4)	Run The Jewels	RTJ4 (Deluxe Edition)	LIKE	KQgqRypQEU8	MPREb_HXyYgsaSvwD	UC6b6dR8FnUK-_c_GtWv3fdQ
1340	holy calamafuck	Run The Jewels	RTJ4 (Deluxe Edition)	LIKE	LJow1ENmu1o	MPREb_HXyYgsaSvwD	UC6b6dR8FnUK-_c_GtWv3fdQ
113	Life In A Mind	Ross from Friends	Tread	LIKE	kASGqCyiuM0	MPREb_QeXFozXrxDC	UCTniBt4tMAMEKn6cdBdAs4Q
204	Love Divide	Ross from Friends	Tread	LIKE	OacdJcq9hKo	MPREb_QeXFozXrxDC	UCTniBt4tMAMEKn6cdBdAs4Q
976	The Daisy	Ross from Friends	Tread	LIKE	6GmxU8SteqY	MPREb_QeXFozXrxDC	UCTniBt4tMAMEKn6cdBdAs4Q
1374	Revellers	Ross from Friends	Tread	LIKE	UMP7sm-nMzc	MPREb_QeXFozXrxDC	UCTniBt4tMAMEKn6cdBdAs4Q
638	Black Summer	Red Hot Chili Peppers	Unlimited Love	LIKE	7wZJF7QGmeg	MPREb_l4VXz9w0PPZ	UCrSorX845CEWXzU4Z7BojjA
916	It's Only Natural	Red Hot Chili Peppers	Unlimited Love	LIKE	yHy7BzOQnx4	MPREb_l4VXz9w0PPZ	UCrSorX845CEWXzU4Z7BojjA
963	Here Ever After	Red Hot Chili Peppers	Unlimited Love	LIKE	xRp8CwfnrNk	MPREb_l4VXz9w0PPZ	UCrSorX845CEWXzU4Z7BojjA
1122	Veronica	Red Hot Chili Peppers	Unlimited Love	LIKE	8YWrp03eEQ0	MPREb_l4VXz9w0PPZ	UCrSorX845CEWXzU4Z7BojjA
1048	Friday	Real Estate	The Main Thing	LIKE	nxEWW1VhO14	MPREb_BsK4mI45IRk	UCTGjXChUUJcFlj_MotDrg1w
1406	Brother	Real Estate	The Main Thing	LIKE	lUgnHECpXDQ	MPREb_BsK4mI45IRk	UCTGjXChUUJcFlj_MotDrg1w
617	Where I'm From (feat. Mereba)	Ravyn Lenae	HYPNOS	LIKE	1UrgjyPMXdg	MPREb_QOeG8MGVmzU	UCN8pGtbprga7vJL5B4dhXrg
772	M.I.A.	Ravyn Lenae	HYPNOS	LIKE	OXdFeqXX4qk	MPREb_QOeG8MGVmzU	UCN8pGtbprga7vJL5B4dhXrg
1089	Cameo	Ravyn Lenae	HYPNOS	LIKE	8kNZ_3yQNn0	MPREb_QOeG8MGVmzU	UCN8pGtbprga7vJL5B4dhXrg
1245	Satellites	Ravyn Lenae	HYPNOS	LIKE	mlPcDmdSXCw	MPREb_QOeG8MGVmzU	UCN8pGtbprga7vJL5B4dhXrg
1346	Venom	Ravyn Lenae	HYPNOS	LIKE	bX8J4mFkF_g	MPREb_QOeG8MGVmzU	UCN8pGtbprga7vJL5B4dhXrg
567	Black Earth, WI	Ratboys	The Window	LIKE	37zsNJgoXp8	MPREb_mYsyzMFNocK	UCXT62O6G7LEimV_NgStwwhw
540	Lead Sled	Ramirez	THE PLAYA$ MANUAL	LIKE	Josmg1EqDOA	MPREb_iAcpfk3STjI	UCubCSoevw5WF5bGp2afnJjQ
1119	Lavender Lust (feat. Rocci)	Ramirez	THE PLAYA$ MANUAL	LIKE	zqSlEC-UT-I	MPREb_iAcpfk3STjI	UCubCSoevw5WF5bGp2afnJjQ
1309	Hunnids	Ramirez	THE PLAYA$ MANUAL	LIKE	L5OV7vlJcLY	MPREb_iAcpfk3STjI	UCubCSoevw5WF5bGp2afnJjQ
1368	Glitter & Gold (feat. Rocci)	Ramirez	THE PLAYA$ MANUAL	LIKE	3OFzn6VZNrU	MPREb_iAcpfk3STjI	UCubCSoevw5WF5bGp2afnJjQ
38	Dollars and Cents	Radiohead	KID A MNESIA	LIKE	NGL_j8T1YVE	MPREb_E7NpKw54NIT	UCr_iyUANcn9OX_yy9piYoLw
139	The National Anthem	Radiohead	KID A MNESIA	LIKE	kr-44Vmjc4I	MPREb_E7NpKw54NIT	UCr_iyUANcn9OX_yy9piYoLw
156	Untitled	Radiohead	KID A MNESIA	LIKE	2Hjrxn8qeig	MPREb_E7NpKw54NIT	UCr_iyUANcn9OX_yy9piYoLw
318	Packt Like Sardines In a Crushd Tin Box	Radiohead	KID A MNESIA	LIKE	JFMq6lCJdHA	MPREb_E7NpKw54NIT	UCr_iyUANcn9OX_yy9piYoLw
332	Treefingers	Radiohead	KID A MNESIA	LIKE	gA0J1V1_pXM	MPREb_E7NpKw54NIT	UCr_iyUANcn9OX_yy9piYoLw
380	Kid A	Radiohead	KID A MNESIA	LIKE	TOfU3wVpwZQ	MPREb_E7NpKw54NIT	UCr_iyUANcn9OX_yy9piYoLw
390	Everything In Its Right Place	Radiohead	KID A MNESIA	LIKE	d9zk2j3JPK4	MPREb_E7NpKw54NIT	UCr_iyUANcn9OX_yy9piYoLw
397	Fog (Again Again Version)	Radiohead	KID A MNESIA	LIKE	9vPi8mWg-_8	MPREb_E7NpKw54NIT	UCr_iyUANcn9OX_yy9piYoLw
427	Pulk/Pull Revolving Doors	Radiohead	KID A MNESIA	LIKE	Ps6txeTlzkg	MPREb_E7NpKw54NIT	UCr_iyUANcn9OX_yy9piYoLw
596	Motion Picture Soundtrack	Radiohead	KID A MNESIA	LIKE	Gy9sQ_7bMk8	MPREb_E7NpKw54NIT	UCr_iyUANcn9OX_yy9piYoLw
633	I Might Be Wrong	Radiohead	KID A MNESIA	LIKE	OYe7gqwrkro	MPREb_E7NpKw54NIT	UCr_iyUANcn9OX_yy9piYoLw
681	In Limbo	Radiohead	KID A MNESIA	LIKE	wCM_udPMVYQ	MPREb_E7NpKw54NIT	UCr_iyUANcn9OX_yy9piYoLw
770	Knives Out	Radiohead	KID A MNESIA	LIKE	yiNEJsyowdQ	MPREb_E7NpKw54NIT	UCr_iyUANcn9OX_yy9piYoLw
783	You And Whose Army?	Radiohead	KID A MNESIA	LIKE	zYCLm0Oonk8	MPREb_E7NpKw54NIT	UCr_iyUANcn9OX_yy9piYoLw
784	Like Spinning Plates	Radiohead	KID A MNESIA	LIKE	SKUdDojvq4E	MPREb_E7NpKw54NIT	UCr_iyUANcn9OX_yy9piYoLw
855	Life In a Glasshouse	Radiohead	KID A MNESIA	LIKE	vfDvGbBCq7s	MPREb_E7NpKw54NIT	UCr_iyUANcn9OX_yy9piYoLw
943	Morning Bell	Radiohead	KID A MNESIA	LIKE	1pTnps5RQeE	MPREb_E7NpKw54NIT	UCr_iyUANcn9OX_yy9piYoLw
997	Pyramid Song	Radiohead	KID A MNESIA	LIKE	qZGrXKYbcQs	MPREb_E7NpKw54NIT	UCr_iyUANcn9OX_yy9piYoLw
1062	Untitled v1	Radiohead	KID A MNESIA	LIKE	ZTvniQgAQ0o	MPREb_E7NpKw54NIT	UCr_iyUANcn9OX_yy9piYoLw
1090	How to Disappear Completely	Radiohead	KID A MNESIA	LIKE	HY_UbJ3rEfY	MPREb_E7NpKw54NIT	UCr_iyUANcn9OX_yy9piYoLw
1138	Idioteque	Radiohead	KID A MNESIA	LIKE	LyVB_52G4pg	MPREb_E7NpKw54NIT	UCr_iyUANcn9OX_yy9piYoLw
1167	Untitled v2	Radiohead	KID A MNESIA	LIKE	1WzCN1syZfc	MPREb_E7NpKw54NIT	UCr_iyUANcn9OX_yy9piYoLw
1207	Hunting Bears	Radiohead	KID A MNESIA	LIKE	ZtdW3HTUQqo	MPREb_E7NpKw54NIT	UCr_iyUANcn9OX_yy9piYoLw
1364	Morning Bell/Amnesiac	Radiohead	KID A MNESIA	LIKE	DWoL_N4zXUI	MPREb_E7NpKw54NIT	UCr_iyUANcn9OX_yy9piYoLw
57	Paper Machete	Queens of the Stone Age	In Times New Roman...	LIKE	ma5hQm-IVD8	MPREb_VLmGfz3ZhSc	UCcYgNw9ne8v1cxcAD_sIOWQ
1373	Carnavoyeur	Queens of the Stone Age	In Times New Roman...	LIKE	sMhqHeXBdK4	MPREb_VLmGfz3ZhSc	UCcYgNw9ne8v1cxcAD_sIOWQ
71	Neck & Wrist (feat. JAY-Z & Pharrell Williams)	Pusha T	It's Almost Dry	LIKE	6FHZ03ZYzBk	MPREb_LNgc6FsXwWk	UCr4IKNkUPPmkwE_LAjtho0g
224	Dreamin Of The Past (feat. Kanye West)	Pusha T	It's Almost Dry	LIKE	2O_aezRwyr0	MPREb_1XnLpjruFDn	UCr4IKNkUPPmkwE_LAjtho0g
630	Brambleton	Pusha T	It's Almost Dry	LIKE	5hm4gAQQOBA	MPREb_LNgc6FsXwWk	UCr4IKNkUPPmkwE_LAjtho0g
446	The Terrors	Psychedelic Porn Crumpets	Shyga! The Sunlight Mound	LIKE	w5iZuanAqhk	MPREb_V3ZGYEY8NWD	UC_WjSuXzvjPsOq-fMVbWojw
545	Lava Lamp Pisco	Psychedelic Porn Crumpets	Lava Lamp Pisco	LIKE	2JUj37XkUv0	MPREb_1ffvCX8JyIu	UC_WjSuXzvjPsOq-fMVbWojw
930	Mango Terrarium	Psychedelic Porn Crumpets	Shyga! The Sunlight Mound	LIKE	ONiDc0DYkA8	MPREb_V3ZGYEY8NWD	UC_WjSuXzvjPsOq-fMVbWojw
285	Day Without End	Protomartyr	Ultimate Success Today	LIKE	hE00MtUoDrA	MPREb_2NPweQxsuIN	UCb0wN1RCsCuyrSRgGqG_1aQ
346	The Aphorist	Protomartyr	Ultimate Success Today	LIKE	6wn4dOcxIzI	MPREb_2NPweQxsuIN	UCb0wN1RCsCuyrSRgGqG_1aQ
868	Bridge & Crown	Protomartyr	Ultimate Success Today	LIKE	vuWaBzlqHv8	MPREb_2NPweQxsuIN	UCb0wN1RCsCuyrSRgGqG_1aQ
1067	Modern Business Hymns	Protomartyr	Ultimate Success Today	LIKE	-VZCCxmCK6I	MPREb_2NPweQxsuIN	UCb0wN1RCsCuyrSRgGqG_1aQ
1265	Worm In Heaven	Protomartyr	Ultimate Success Today	LIKE	9Pg6DN9n5_A	MPREb_2NPweQxsuIN	UCb0wN1RCsCuyrSRgGqG_1aQ
1305	Processed By The Boys	Protomartyr	Ultimate Success Today	LIKE	3d7Q9mhlfsI	MPREb_2NPweQxsuIN	UCb0wN1RCsCuyrSRgGqG_1aQ
96	Nephews	Porridge Radio	Every Bad (Expanded Edition)	LIKE	E47KQIL6ILk	MPREb_PkyiMUbDle3	UClVKceKh2LwfDijILJ2aHbA
254	Give/Take	Porridge Radio	Every Bad (Expanded Edition)	LIKE	p7Lf6aurR3E	MPREb_PkyiMUbDle3	UClVKceKh2LwfDijILJ2aHbA
863	Circling	Porridge Radio	Every Bad (Expanded Edition)	LIKE	-25IrttLcTU	MPREb_PkyiMUbDle3	UClVKceKh2LwfDijILJ2aHbA
1123	Long	Porridge Radio	Every Bad (Expanded Edition)	LIKE	WCBTMRYVGYw	MPREb_PkyiMUbDle3	UClVKceKh2LwfDijILJ2aHbA
1191	Pop Song	Porridge Radio	Every Bad (Expanded Edition)	LIKE	_tABXEVS9vs	MPREb_PkyiMUbDle3	UClVKceKh2LwfDijILJ2aHbA
1276	Sweet	Porridge Radio	Every Bad (Expanded Edition)	LIKE	3fGQPrIj8Bw	MPREb_PkyiMUbDle3	UClVKceKh2LwfDijILJ2aHbA
344	Artemis	Polo & Pan	Cyclorama	LIKE	INdhkrGYsLY	MPREb_k5L02gSaD5O	UC4KKov_xp4Os4PAnVr28YUQ
646	Côme	Polo & Pan	Cyclorama	LIKE	XpkRdGqarRE	MPREb_k5L02gSaD5O	UC4KKov_xp4Os4PAnVr28YUQ
1271	Savior Complex	Phoebe Bridgers	Punisher	LIKE	60PwTgPY9vg	MPREb_8fLFwsN1VQa	UCprIJgC2-qqSHNVztFjRFmw
1274	Kyoto	Phoebe Bridgers	Punisher	LIKE	Ubt_qaac_wM	MPREb_8fLFwsN1VQa	UCprIJgC2-qqSHNVztFjRFmw
848	In A Spiral	Phantogram	Ceremony	LIKE	jve-6GA07G4	MPREb_6uNbonf7pBP	UCUslN5d3K5iQ7s65GNPrjQQ
1043	Mister Impossible	Phantogram	Ceremony	LIKE	iwkjZd7ZcxQ	MPREb_6uNbonf7pBP	UCUslN5d3K5iQ7s65GNPrjQQ
192	Some Dream	Perfume Genius	Set My Heart On Fire Immediately	LIKE	0Be8t0oNtMs	MPREb_cFufjeIOUTE	UCbCHYWYQUVeHHORjPxLppaA
704	Just a Touch	Perfume Genius	Set My Heart On Fire Immediately	LIKE	eJumxDaH8Ag	MPREb_cFufjeIOUTE	UCbCHYWYQUVeHHORjPxLppaA
738	Moonbend	Perfume Genius	Set My Heart On Fire Immediately	LIKE	zGdMbZpEPzw	MPREb_cFufjeIOUTE	UCbCHYWYQUVeHHORjPxLppaA
765	On the Floor	Perfume Genius	Set My Heart On Fire Immediately	LIKE	WNYK8lwyEOo	MPREb_cFufjeIOUTE	UCbCHYWYQUVeHHORjPxLppaA
883	One More Try	Perfume Genius	Set My Heart On Fire Immediately	LIKE	7iQsPi_KXGk	MPREb_cFufjeIOUTE	UCbCHYWYQUVeHHORjPxLppaA
1029	Whole Life	Perfume Genius	Set My Heart On Fire Immediately	LIKE	MFrNpf-zIjo	MPREb_cFufjeIOUTE	UCbCHYWYQUVeHHORjPxLppaA
1248	Describe	Perfume Genius	Set My Heart On Fire Immediately	LIKE	QHLxk4hn1n4	MPREb_cFufjeIOUTE	UCbCHYWYQUVeHHORjPxLppaA
1321	Jason	Perfume Genius	Set My Heart On Fire Immediately	LIKE	_vaXpIDR0iU	MPREb_cFufjeIOUTE	UCbCHYWYQUVeHHORjPxLppaA
5	Just Shadows	Parquet Courts	Sympathy for Life	LIKE	fDzqeeymNlw	MPREb_hj9z1rqqLyZ	UC9mjOu5Vl7zQo-DvNeMES_g
259	Sympathy for Life	Parquet Courts	Sympathy for Life	LIKE	ZolSfIo1iaE	MPREb_hj9z1rqqLyZ	UC9mjOu5Vl7zQo-DvNeMES_g
581	Trullo	Parquet Courts	Sympathy for Life	LIKE	XohbPNeT9iU	MPREb_hj9z1rqqLyZ	UC9mjOu5Vl7zQo-DvNeMES_g
776	Homo Sapien	Parquet Courts	Sympathy for Life	LIKE	IcHvzPZ6n7g	MPREb_hj9z1rqqLyZ	UC9mjOu5Vl7zQo-DvNeMES_g
1149	Walking at a Downtown Pace	Parquet Courts	Sympathy for Life	LIKE	WVH5CWcBgRk	MPREb_hj9z1rqqLyZ	UC9mjOu5Vl7zQo-DvNeMES_g
391	Liar	Paramore	This Is Why	LIKE	jkX_dMFO8q4	MPREb_vfAs5G7I4Bm	UCl2qVCHeUjL3lCnSCrKxtoQ
47	Arla Fearn	Overmono	Good Lies	LIKE	A5TvaPHEGzk	MPREb_rDiSZdLaZxz	UCyZuZMAFuohiqX4qXsHgIKw
81	Is U	Overmono	Good Lies	LIKE	kY1-C8-FeWM	MPREb_rDiSZdLaZxz	UCyZuZMAFuohiqX4qXsHgIKw
258	Good Lies (Outro)	Overmono	Good Lies	LIKE	a8rwXy3T2Yw	MPREb_rDiSZdLaZxz	UCyZuZMAFuohiqX4qXsHgIKw
834	Vermonly	Overmono	Good Lies	LIKE	QBdFWI0bIpU	MPREb_rDiSZdLaZxz	UCyZuZMAFuohiqX4qXsHgIKw
949	So U Kno	Overmono	Good Lies	LIKE	9NiJF638E2k	MPREb_rDiSZdLaZxz	UCyZuZMAFuohiqX4qXsHgIKw
1066	Calon	Overmono	Good Lies	LIKE	gHAME5oOs4o	MPREb_rDiSZdLaZxz	UCyZuZMAFuohiqX4qXsHgIKw
1201	Cold Blooded	Overmono	Good Lies	LIKE	cW5kHRNE2II	MPREb_rDiSZdLaZxz	UCyZuZMAFuohiqX4qXsHgIKw
260	Be Thankful For What You've Got (Live)	Orgone	Raw & Direct	LIKE	m-BEAKGllM0	MPREb_GRnlykyqOVw	UCu5oslYw4y81kM4Ssp8SZ-Q
408	II	Oren Ambarchi	Shebang	LIKE	RbO4Z3hqlk0	MPREb_GiacrVRh4cn	UCoJaLCfRa1OW0ZDziKgZrGA
564	I	Oren Ambarchi	Shebang	LIKE	tiHr1bDEJIw	MPREb_GiacrVRh4cn	UCoJaLCfRa1OW0ZDziKgZrGA
93	Death Parade	Open Mike Eagle	Anime, Trauma and Divorce	LIKE	Tzy3fapJfuk	MPREb_pHxHpD0btLK	UC6AnfwHsEIY-zn4Rbp3Plfg
375	Headass (Idiot Shinji) (feat. Video Dave)	Open Mike Eagle	Anime, Trauma and Divorce	LIKE	j8TbhrkvcMo	MPREb_pHxHpD0btLK	UC6AnfwHsEIY-zn4Rbp3Plfg
550	Sweatpants Spiderman	Open Mike Eagle	Anime, Trauma and Divorce	LIKE	TgUoZcXa2ME	MPREb_pHxHpD0btLK	UC6AnfwHsEIY-zn4Rbp3Plfg
639	The Black Mirror Episode	Open Mike Eagle	Anime, Trauma and Divorce	LIKE	R7Fs5uuAlnk	MPREb_pHxHpD0btLK	UC6AnfwHsEIY-zn4Rbp3Plfg
875	Asa's Bop (feat. Little A$e)	Open Mike Eagle	Anime, Trauma and Divorce	LIKE	XJDTIgcnuts	MPREb_pHxHpD0btLK	UC6AnfwHsEIY-zn4Rbp3Plfg
919	I'm a Joestar (Black Power Fantasy)	Open Mike Eagle	Anime, Trauma and Divorce	LIKE	kaXPiBnG7dw	MPREb_pHxHpD0btLK	UC6AnfwHsEIY-zn4Rbp3Plfg
1362	The Edge of New Clothes	Open Mike Eagle	Anime, Trauma and Divorce	LIKE	yUlTgQeyNpA	MPREb_pHxHpD0btLK	UC6AnfwHsEIY-zn4Rbp3Plfg
13	Bristol Theme	Om Unit	Acid Dub Studies	LIKE	YQqg-Maujrg	MPREb_uGqTMqiU40Q	UC_SaGOmzb9_WXNaHZeuGfCg
1115	Intro	Om Unit	Acid Dub Studies	LIKE	6MDkFktVsf0	MPREb_uGqTMqiU40Q	UC_SaGOmzb9_WXNaHZeuGfCg
1298	get him back!	Olivia Rodrigo	GUTS	LIKE	i_GA5GFAyKE	MPREb_CqEkLTKgCBl	UCE5XNpliPM-SmyFEp61tL_g
1376	ballad of a homeschooled girl	Olivia Rodrigo	GUTS	LIKE	_oJ16JEaNE8	MPREb_CqEkLTKgCBl	UCE5XNpliPM-SmyFEp61tL_g
361	Source (Makaya McCraven Remix) (feat. Ms MAURICE, Cassie Kinoshi & Richie Seivwright)	Nubya Garcia	Source (Makaya McCraven Remix)	LIKE	PXSA0nWblJw	MPREb_tN9obnEmykz	UCQPBLtA05KDf2Rc9zZcW0BQ
464	Boundless Beings (feat. Akenya)	Nubya Garcia	SOURCE	LIKE	5FMoGB5N5ik	MPREb_gJEojhE7oRy	UCQPBLtA05KDf2Rc9zZcW0BQ
773	Before Us: In Demerara & Caura (feat. Ms MAURICE)	Nubya Garcia	SOURCE	LIKE	izExeMk7rdw	MPREb_gJEojhE7oRy	UCQPBLtA05KDf2Rc9zZcW0BQ
935	Stand With Each Other	Nubya Garcia	SOURCE	LIKE	ml4MdNrgIPE	MPREb_gJEojhE7oRy	UCQPBLtA05KDf2Rc9zZcW0BQ
1389	La cumbia me está llamando (feat. La Perla)	Nubya Garcia	SOURCE	LIKE	dEJrS7AR1ew	MPREb_gJEojhE7oRy	UCQPBLtA05KDf2Rc9zZcW0BQ
521	Straniero	Nu Genea	Bar Mediterraneo	LIKE	wYgqGySX5Fw	MPREb_jZfFPBYfOZZ	UCivMVCHWiIOFzqWN2sMFz9A
957	Bar Mediterraneo	Nu Genea	Bar Mediterraneo	LIKE	i90iCUwAQm4	MPREb_jZfFPBYfOZZ	UCivMVCHWiIOFzqWN2sMFz9A
1035	La Crisi	Nu Genea	Bar Mediterraneo	LIKE	o4kBrhP78Xk	MPREb_jZfFPBYfOZZ	UCivMVCHWiIOFzqWN2sMFz9A
1139	Gelbi (feat. Marzouk Mejri)	Nu Genea	Bar Mediterraneo	LIKE	XDWKGeFUvnU	MPREb_jZfFPBYfOZZ	UCivMVCHWiIOFzqWN2sMFz9A
1187	Rire	Nu Genea	Bar Mediterraneo	LIKE	-QhT-2620Jw	MPREb_jZfFPBYfOZZ	UCivMVCHWiIOFzqWN2sMFz9A
170	L/R	Nilüfer Yanya	PAINLESS	LIKE	8B2eDI-7Ak8	MPREb_7T8LlkRwhOt	UCn3Yplsc2ThFE8fTVFyXx6Q
241	the dealer	Nilüfer Yanya	PAINLESS	LIKE	mzqBG0t7GhE	MPREb_7T8LlkRwhOt	UCn3Yplsc2ThFE8fTVFyXx6Q
878	midnight sun	Nilüfer Yanya	PAINLESS	LIKE	E_LiLwsfhV8	MPREb_7T8LlkRwhOt	UCn3Yplsc2ThFE8fTVFyXx6Q
1099	try	Nilüfer Yanya	PAINLESS	LIKE	TAlT1vniKVc	MPREb_7T8LlkRwhOt	UCn3Yplsc2ThFE8fTVFyXx6Q
431	My Friend the Forest	Nils Frahm	Tripping with Nils Frahm	LIKE	LymdtOxKFFE	MPREb_Uhg5SwSU1Ns	UCHUlZT-VoVWIID4xcJZ5s6g
619	All Melody	Nils Frahm	Tripping with Nils Frahm	LIKE	vKSHMku3Rh8	MPREb_Uhg5SwSU1Ns	UCHUlZT-VoVWIID4xcJZ5s6g
808	Sunson	Nils Frahm	Tripping with Nils Frahm	LIKE	LFfk8_9VO1c	MPREb_Uhg5SwSU1Ns	UCHUlZT-VoVWIID4xcJZ5s6g
890	#2	Nils Frahm	Tripping with Nils Frahm	LIKE	qGYZk_nyfUk	MPREb_Uhg5SwSU1Ns	UCHUlZT-VoVWIID4xcJZ5s6g
906	Fundamental Values	Nils Frahm	Tripping with Nils Frahm	LIKE	-92yQmqMW_I	MPREb_Uhg5SwSU1Ns	UCHUlZT-VoVWIID4xcJZ5s6g
121	Garden	Nicolas Jaar	Cenizas	LIKE	A8g_Aq1IWlI	MPREb_JQrqO9LKkRG	UChW6_xMkaHkjBmQgIdiFaBw
201	Telahora	Nicolas Jaar	Telas	LIKE	XDVynHO--lg	MPREb_kzfhMs2Dmja	UChW6_xMkaHkjBmQgIdiFaBw
242	Hello, Chain	Nicolas Jaar	Cenizas	LIKE	44iZnadsv0g	MPREb_JQrqO9LKkRG	UChW6_xMkaHkjBmQgIdiFaBw
299	Mud	Nicolas Jaar	Cenizas	LIKE	3fgKc1odkY0	MPREb_JQrqO9LKkRG	UChW6_xMkaHkjBmQgIdiFaBw
634	Vanish	Nicolas Jaar	Cenizas	LIKE	eKfTAqDdrMo	MPREb_JQrqO9LKkRG	UChW6_xMkaHkjBmQgIdiFaBw
719	Telencima	Nicolas Jaar	Telas	LIKE	HXltV6TPTKc	MPREb_kzfhMs2Dmja	UChW6_xMkaHkjBmQgIdiFaBw
801	Cenizas	Nicolas Jaar	Cenizas	LIKE	lrXeCkvtv0w	MPREb_JQrqO9LKkRG	UChW6_xMkaHkjBmQgIdiFaBw
1047	Sunder	Nicolas Jaar	Cenizas	LIKE	8Klbtttvp2E	MPREb_JQrqO9LKkRG	UChW6_xMkaHkjBmQgIdiFaBw
1054	Telahumo	Nicolas Jaar	Telas	LIKE	5jIhDb928W8	MPREb_kzfhMs2Dmja	UChW6_xMkaHkjBmQgIdiFaBw
213	ALL THESE INSTRUMENTS	Nick Hakim	WILL THIS MAKE ME GOOD	LIKE	rzeB5VVTLHg	MPREb_kjhZz51CYWK	UCGJ1mUIImZ528gG_M1ZF_Dg
136	Mexico	Neil Young	Homegrown	LIKE	DYyXtjxzEMk	MPREb_n9bbyrktqSx	UC6JhadLTf6g6f-ZdeEaAqBQ
477	White Line	Neil Young	Homegrown	LIKE	tR7KUIcfuE8	MPREb_n9bbyrktqSx	UC6JhadLTf6g6f-ZdeEaAqBQ
478	Star of Bethlehem	Neil Young	Homegrown	LIKE	xr8Sw3pifew	MPREb_n9bbyrktqSx	UC6JhadLTf6g6f-ZdeEaAqBQ
635	Separate Ways	Neil Young	Homegrown	LIKE	vJzqRDX8jGo	MPREb_n9bbyrktqSx	UC6JhadLTf6g6f-ZdeEaAqBQ
777	We Don't Smoke It No More	Neil Young	Homegrown	LIKE	aMtow80zCEM	MPREb_n9bbyrktqSx	UC6JhadLTf6g6f-ZdeEaAqBQ
927	Little Wing	Neil Young	Homegrown	LIKE	wWMyC1SgCj8	MPREb_n9bbyrktqSx	UC6JhadLTf6g6f-ZdeEaAqBQ
392	Dreams of a Distant Journey	Navy Blue	Song of Sage: Post Panic!	LIKE	KvHs2dQDTG8	MPREb_PsfRh4rNgzx	UCer49Wt2obpf93Ud6oX0Y7g
70	Office Hours (feat. 50 Cent)	Nas	Magic 2	LIKE	h0Y4gYX4rlQ	MPREb_23NSk3NRexu	UCPoQYATXIYvN5WB0c4f6jfQ
78	Once a Man, Twice a Child	Nas	King's Disease III	LIKE	eX3b9GWwbU4	MPREb_ptSV8LbUFoK	UCPoQYATXIYvN5WB0c4f6jfQ
107	Fever	Nas	Magic 3	LIKE	SxEPHieLUig	MPREb_ob4cwOuDIt8	UCPoQYATXIYvN5WB0c4f6jfQ
203	TSK	Nas	Magic 3	LIKE	OPngVzsatpI	MPREb_ob4cwOuDIt8	UCPoQYATXIYvN5WB0c4f6jfQ
298	Michael & Quincy	Nas	King's Disease III	LIKE	jNTVS6JIWBY	MPREb_ptSV8LbUFoK	UCPoQYATXIYvN5WB0c4f6jfQ
420	Never Die (feat. Lil Wayne)	Nas	Magic 3	LIKE	abyrVBsnwq4	MPREb_ob4cwOuDIt8	UCPoQYATXIYvN5WB0c4f6jfQ
563	Jodeci Member	Nas	Magic 3	LIKE	jAwS9wF3FXo	MPREb_ob4cwOuDIt8	UCPoQYATXIYvN5WB0c4f6jfQ
736	Legit	Nas	King's Disease III	LIKE	PvdHGLnxwxk	MPREb_ptSV8LbUFoK	UCPoQYATXIYvN5WB0c4f6jfQ
748	King's Disease	Nas	King's Disease	LIKE	ERRYj-Aa-WU	MPREb_4HCIsXucPGv	UCPoQYATXIYvN5WB0c4f6jfQ
884	Wave Gods	Nas	Magic	LIKE	k3_-RObTE90	MPREb_ZcKQOCxWvSP	UCPoQYATXIYvN5WB0c4f6jfQ
910	Pistols On Your Album Cover	Nas	Magic 2	LIKE	TMLk1UaYKuw	MPREb_23NSk3NRexu	UCPoQYATXIYvN5WB0c4f6jfQ
1169	Earvin Magic Johnson	Nas	Magic 2	LIKE	xhxIyryxlv4	MPREb_23NSk3NRexu	UCPoQYATXIYvN5WB0c4f6jfQ
376	The Devil's In The Details	My Morning Jacket	My Morning Jacket	LIKE	EFMK5apGlXw	MPREb_L9gWFY4B2y3	UCFxLZ526P3vA1zQX0S-Kr5w
925	Out Of Range, Pt.2	My Morning Jacket	My Morning Jacket	LIKE	mtj7jFkafUM	MPREb_L9gWFY4B2y3	UCFxLZ526P3vA1zQX0S-Kr5w
295	dvd (feat. Choker)	Mount Kimbie	MK 3.5: Die Cuts | City Planning	LIKE	jyXGmpTRYr8	MPREb_MqGeeAWgMRc	UCr10ZmksmCibKV5GzPjHdaw
465	a deities encore (feat. Liv.e)	Mount Kimbie	MK 3.5: Die Cuts | City Planning	LIKE	UdeJkPb56RU	MPREb_MqGeeAWgMRc	UCr10ZmksmCibKV5GzPjHdaw
502	kissing (feat. slowthai)	Mount Kimbie	MK 3.5: Die Cuts | City Planning	LIKE	DNTOZ1DLo-s	MPREb_MqGeeAWgMRc	UCr10ZmksmCibKV5GzPjHdaw
609	heat on, lips on	Mount Kimbie	MK 3.5: Die Cuts | City Planning	LIKE	yezeRtz3zeU	MPREb_MqGeeAWgMRc	UCr10ZmksmCibKV5GzPjHdaw
1142	if and when (feat. Wiki)	Mount Kimbie	MK 3.5: Die Cuts | City Planning	LIKE	hRbCRdVeaXY	MPREb_MqGeeAWgMRc	UCr10ZmksmCibKV5GzPjHdaw
110	Cut Me	Moses Sumney	græ	LIKE	RdSATEWIq8I	MPREb_rKQvG8eJRMm	UCqz3husWGRPGPNopn5jQrKg
702	Colouour	Moses Sumney	græ	LIKE	dZIEV9_Zu4Y	MPREb_rKQvG8eJRMm	UCqz3husWGRPGPNopn5jQrKg
1188	Me in 20 Years	Moses Sumney	græ	LIKE	dZXhJICSZdg	MPREb_rKQvG8eJRMm	UCqz3husWGRPGPNopn5jQrKg
1348	Keeps Me Alive	Moses Sumney	græ	LIKE	0wPQ9VCR5lk	MPREb_rKQvG8eJRMm	UCqz3husWGRPGPNopn5jQrKg
99	My Love Mine All Mine	Mitski	The Land Is Inhospitable and So Are We	LIKE	Qy9LTRu89FA	MPREb_RmqucOtx3Hh	UCqqY2nAz23oGDMNdiDzKdsA
658	Sugar	Men I Trust	Untourable Album	LIKE	Wv-1SMxR6N8	MPREb_PNpYsqp8sFn	UCaPOa_Tg0TThuYSVtUEXb8g
806	Always Lone	Men I Trust	Untourable Album	LIKE	62pQAeH7H1c	MPREb_PNpYsqp8sFn	UCaPOa_Tg0TThuYSVtUEXb8g
1128	Oh Dove	Men I Trust	Untourable Album	LIKE	s-L2zqQUs3M	MPREb_PNpYsqp8sFn	UCaPOa_Tg0TThuYSVtUEXb8g
1135	Tree Among Shrubs	Men I Trust	Untourable Album	LIKE	9E3jQcUkXdQ	MPREb_PNpYsqp8sFn	UCaPOa_Tg0TThuYSVtUEXb8g
169	Shots Fired	Megan Thee Stallion	Good News	LIKE	siQfg-ABIp0	MPREb_DwnbIth2sXE	UCZBf6sY19D8pN4JIxP9PE3Q
211	Afrique Victime	Mdou Moctar	Afrique Victime	LIKE	NHPAR-_236A	MPREb_JpFWPCB3Ui5	UCVDCKpE3CwCUz2-ilaBMhOQ
841	Tala Tannam	Mdou Moctar	Afrique Victime	LIKE	Af_PdIh_89s	MPREb_JpFWPCB3Ui5	UCVDCKpE3CwCUz2-ilaBMhOQ
791	Sun, I Rise (feat. Angélica Garcia)	McKinley Dixon	Beloved! Paradise! Jazz!?	LIKE	grcs5d6Fmhs	MPREb_6MHgHMPJgm2	UCtX7I_VufnR59fsAJ_Zlyhg
968	Run, Run, Run	McKinley Dixon	Beloved! Paradise! Jazz!?	LIKE	pUbiphxxRsU	MPREb_6MHgHMPJgm2	UCtX7I_VufnR59fsAJ_Zlyhg
1200	I Like It (Don't Stop)	Maxwell Udoh	Late Night Tales: Khruangbin	LIKE	kQ1dc3k8jVs	MPREb_8tJqjbUrc8h	UC9fWngKdtQdYmj1OqdaVQjA
21	Zithertronix	Matthewdavid	Mycelium Music	LIKE	-1CIxM5BmhQ	MPREb_HsBmRa82ucc	UCYOsGtryWUzrMkrjdE91tuQ
62	Liquidity	Matthewdavid	Mycelium Music	LIKE	ILYFX3Oh_NU	MPREb_HsBmRa82ucc	UCYOsGtryWUzrMkrjdE91tuQ
262	Zithertronica	Matthewdavid	Mycelium Music	LIKE	LHg9So_W8ig	MPREb_HsBmRa82ucc	UCYOsGtryWUzrMkrjdE91tuQ
684	Grain	Matthewdavid	Mycelium Music	LIKE	6qrP1EpMcyE	MPREb_HsBmRa82ucc	UCYOsGtryWUzrMkrjdE91tuQ
750	Phased Moon	Matthewdavid	Mycelium Music	LIKE	F0U9mKLZSfw	MPREb_HsBmRa82ucc	UCYOsGtryWUzrMkrjdE91tuQ
827	Zithercelium	Matthewdavid	Mycelium Music	LIKE	Q5w8wk20isk	MPREb_HsBmRa82ucc	UCYOsGtryWUzrMkrjdE91tuQ
857	MLR	Matthewdavid	Mycelium Music	LIKE	9h3CnLPWVFM	MPREb_HsBmRa82ucc	UCYOsGtryWUzrMkrjdE91tuQ
887	X	Matthewdavid	Mycelium Music	LIKE	4Fn3VkdmBlI	MPREb_HsBmRa82ucc	UCYOsGtryWUzrMkrjdE91tuQ
1112	Norns	Matthewdavid	Mycelium Music	LIKE	bO3kPkWQZ70	MPREb_HsBmRa82ucc	UCYOsGtryWUzrMkrjdE91tuQ
1202	Perpetuity	Matthewdavid	Mycelium Music	LIKE	wuzFBREzwlY	MPREb_HsBmRa82ucc	UCYOsGtryWUzrMkrjdE91tuQ
1415	Spills	Matthewdavid	Mycelium Music	LIKE	nM-7LI0aNYk	MPREb_HsBmRa82ucc	UCYOsGtryWUzrMkrjdE91tuQ
88	Music for Applying Shimmering Eye Shadow	Mary Lattimore	Goodbye, Hotel Arkada	LIKE	97DBouGdJ4k	MPREb_P1GdvZMvjDz	UCR65NnI_qfW0dkXYR7FnMbw
195	Sometimes He's In My Dreams	Mary Lattimore	Silver Ladders	LIKE	o01Av-lpFFQ	MPREb_KcQ3dDD8n9d	UCR65NnI_qfW0dkXYR7FnMbw
335	Horses, Glossy on the Hill	Mary Lattimore	Goodbye, Hotel Arkada	LIKE	BHPHZIrX4SA	MPREb_P1GdvZMvjDz	UCR65NnI_qfW0dkXYR7FnMbw
682	Arrivederci (feat. Lol Tolhurst)	Mary Lattimore	Goodbye, Hotel Arkada	LIKE	L-xaIVrEwXo	MPREb_P1GdvZMvjDz	UCR65NnI_qfW0dkXYR7FnMbw
713	Pine Trees	Mary Lattimore	Silver Ladders	LIKE	6KX7gaUorvE	MPREb_KcQ3dDD8n9d	UCR65NnI_qfW0dkXYR7FnMbw
953	Blender in a Blender (feat. Roy Montgomery)	Mary Lattimore	Goodbye, Hotel Arkada	LIKE	BcOUMSCIJ6s	MPREb_P1GdvZMvjDz	UCR65NnI_qfW0dkXYR7FnMbw
1157	Silver Ladders	Mary Lattimore	Silver Ladders	LIKE	0kijPfU-bzY	MPREb_KcQ3dDD8n9d	UCR65NnI_qfW0dkXYR7FnMbw
1249	Don't Look	Mary Lattimore	Silver Ladders	LIKE	QXtz6hpfStc	MPREb_KcQ3dDD8n9d	UCR65NnI_qfW0dkXYR7FnMbw
168	abans abans	Marina Herlop	Pripyat	LIKE	mt55SNIOSFM	MPREb_DlLAMNU5sLj	UC0E7jAnHqleMPg4c_eA8XfQ
334	shaolin mantis	Marina Herlop	Pripyat	LIKE	HygCrwZ4mGw	MPREb_DlLAMNU5sLj	UC0E7jAnHqleMPg4c_eA8XfQ
1164	miu	Marina Herlop	Pripyat	LIKE	eKGM_tzt_fo	MPREb_DlLAMNU5sLj	UC0E7jAnHqleMPg4c_eA8XfQ
163	Dream Another	Makaya McCraven	In These Times	LIKE	UDGzb85JkZo	MPREb_2FhnUrLK2nU	UChRhO68u51ffO4eCqOZXMRA
456	The Calling	Makaya McCraven	In These Times	LIKE	7mlfm1FN_fo	MPREb_2FhnUrLK2nU	UChRhO68u51ffO4eCqOZXMRA
475	So Ubuji	Makaya McCraven	In These Times	LIKE	CPbthaXC4As	MPREb_2FhnUrLK2nU	UChRhO68u51ffO4eCqOZXMRA
574	Lullaby	Makaya McCraven	In These Times	LIKE	sECrkxz0vFY	MPREb_2FhnUrLK2nU	UChRhO68u51ffO4eCqOZXMRA
1260	In These Times	Makaya McCraven	In These Times	LIKE	SjQ54zvso44	MPREb_2FhnUrLK2nU	UChRhO68u51ffO4eCqOZXMRA
1310	High Fives	Makaya McCraven	In These Times	LIKE	zFFNoNVtAgc	MPREb_2FhnUrLK2nU	UChRhO68u51ffO4eCqOZXMRA
1325	Seventh String	Makaya McCraven	In These Times	LIKE	lprJPPmYQSM	MPREb_2FhnUrLK2nU	UChRhO68u51ffO4eCqOZXMRA
1359	The Knew Untitled	Makaya McCraven	In These Times	LIKE	d3kkzLI_8FE	MPREb_2FhnUrLK2nU	UChRhO68u51ffO4eCqOZXMRA
528	Dirtknock	Madlib	Sound Ancestors	LIKE	tpvHRe9MnCc	MPREb_Kq68kCaEUsa	UCWUNcVPwXcG_5SoOMUtPYKA
561	Road Of The Lonely Ones	Madlib	Sound Ancestors	LIKE	bHWCtB6UNHE	MPREb_Kq68kCaEUsa	UCWUNcVPwXcG_5SoOMUtPYKA
859	Hopprock	Madlib	Sound Ancestors	LIKE	rvYn6EieRzs	MPREb_Kq68kCaEUsa	UCWUNcVPwXcG_5SoOMUtPYKA
1247	The New Normal	Madlib	Sound Ancestors	LIKE	noXek1BwHhE	MPREb_Kq68kCaEUsa	UCWUNcVPwXcG_5SoOMUtPYKA
279	Hands	Mac Miller	Circles	LIKE	m2tJJlSlUfk	MPREb_fUxID6Oy0EU	UC52ZqHVQz5OoGhvbWiRal6g
469	Good News	Mac Miller	Circles	LIKE	dLWV58BhE7Q	MPREb_fUxID6Oy0EU	UC52ZqHVQz5OoGhvbWiRal6g
483	Blue World	Mac Miller	Circles	LIKE	G-CGQ-hdbLA	MPREb_fUxID6Oy0EU	UC52ZqHVQz5OoGhvbWiRal6g
1061	Hand Me Downs	Mac Miller	Circles	LIKE	ch61FWw3XYY	MPREb_fUxID6Oy0EU	UC52ZqHVQz5OoGhvbWiRal6g
1227	Surf	Mac Miller	Circles	LIKE	E4E-rIjfPe0	MPREb_fUxID6Oy0EU	UC52ZqHVQz5OoGhvbWiRal6g
1317	Complicated	Mac Miller	Circles	LIKE	lyuvl1EY11Q	MPREb_fUxID6Oy0EU	UC52ZqHVQz5OoGhvbWiRal6g
175	Edmonton 2	Mac DeMarco	Five Easy Hot Dogs	LIKE	9tocBnyXX_k	MPREb_1bixLW3MwJc	UCs95LJSHhdVhYQLvqsZqp_A
283	Edmonton	Mac DeMarco	Five Easy Hot Dogs	LIKE	GTQKjyFHt1I	MPREb_1bixLW3MwJc	UCs95LJSHhdVhYQLvqsZqp_A
486	Gualala	Mac DeMarco	Five Easy Hot Dogs	LIKE	_8PbU4F-iHM	MPREb_1bixLW3MwJc	UCs95LJSHhdVhYQLvqsZqp_A
624	Portland	Mac DeMarco	Five Easy Hot Dogs	LIKE	Ym6fEYe78lE	MPREb_1bixLW3MwJc	UCs95LJSHhdVhYQLvqsZqp_A
914	Crescent City	Mac DeMarco	Five Easy Hot Dogs	LIKE	GdDUXRGUv_c	MPREb_1bixLW3MwJc	UCs95LJSHhdVhYQLvqsZqp_A
1342	Portland 2	Mac DeMarco	Five Easy Hot Dogs	LIKE	Rg-fOyesT6g	MPREb_1bixLW3MwJc	UCs95LJSHhdVhYQLvqsZqp_A
8	Hangover Game	MJ Lenderman	Boat Songs	LIKE	waQiu3rWTeo	MPREb_5XtSK4bOkG4	UCk0rl7syWi43334DctQNKZQ
165	Six Flags	MJ Lenderman	Boat Songs	LIKE	ZMwCBz2SxmE	MPREb_5XtSK4bOkG4	UCk0rl7syWi43334DctQNKZQ
692	Under Control	MJ Lenderman	Boat Songs	LIKE	aFgGLWSZaug	MPREb_5XtSK4bOkG4	UCk0rl7syWi43334DctQNKZQ
741	TLC Cage Match	MJ Lenderman	Boat Songs	LIKE	hP8Bi3Yi6g4	MPREb_5XtSK4bOkG4	UCk0rl7syWi43334DctQNKZQ
792	Tastes Just Like It Costs	MJ Lenderman	Boat Songs	LIKE	IVgsesbGMsU	MPREb_5XtSK4bOkG4	UCk0rl7syWi43334DctQNKZQ
990	Dan Marino	MJ Lenderman	Boat Songs	LIKE	RAc36S8iEhg	MPREb_5XtSK4bOkG4	UCk0rl7syWi43334DctQNKZQ
1064	SUV	MJ Lenderman	Boat Songs	LIKE	FVzhPpU-AtA	MPREb_5XtSK4bOkG4	UCk0rl7syWi43334DctQNKZQ
1159	You Have Bought Yourself a Boat	MJ Lenderman	Boat Songs	LIKE	w1x3hru_ldU	MPREb_5XtSK4bOkG4	UCk0rl7syWi43334DctQNKZQ
1252	You are Every Girl To Me	MJ Lenderman	Boat Songs	LIKE	OTMSMgpGEwE	MPREb_5XtSK4bOkG4	UCk0rl7syWi43334DctQNKZQ
185	GHOTI	Lupe Fiasco	Drill Music in Zion	LIKE	FNTVTo5u5NY	MPREb_ol1B5Jhri1D	UCe872mgP4deADPnXtkbS-Cg
527	AUTOBOTO (feat. Nayirah)	Lupe Fiasco	Drill Music in Zion	LIKE	IWxEEstqL0w	MPREb_ol1B5Jhri1D	UCe872mgP4deADPnXtkbS-Cg
870	MS. MURAL	Lupe Fiasco	Drill Music in Zion	LIKE	cusyJRNX7YU	MPREb_ol1B5Jhri1D	UCe872mgP4deADPnXtkbS-Cg
1282	ON FAUX NEM	Lupe Fiasco	Drill Music in Zion	LIKE	UInFzXM73yc	MPREb_ol1B5Jhri1D	UCe872mgP4deADPnXtkbS-Cg
177	Bochinche	Lucrecia Dalt	¡Ay!	LIKE	lsOTO9k1Rmw	MPREb_a576oxGVVwG	UCDVzKz-h89TGRbM4DoIGCNA
407	La desmesura	Lucrecia Dalt	¡Ay!	LIKE	gNpqS8mNF-o	MPREb_a576oxGVVwG	UCDVzKz-h89TGRbM4DoIGCNA
444	Epilogo	Lucrecia Dalt	¡Ay!	LIKE	IdrquHBm3FM	MPREb_a576oxGVVwG	UCDVzKz-h89TGRbM4DoIGCNA
785	Gena	Lucrecia Dalt	¡Ay!	LIKE	9xIj74zMT1s	MPREb_a576oxGVVwG	UCDVzKz-h89TGRbM4DoIGCNA
1079	El Galatzó	Lucrecia Dalt	¡Ay!	LIKE	Ch8JBRZgduQ	MPREb_a576oxGVVwG	UCDVzKz-h89TGRbM4DoIGCNA
4	Celebration	Logic	No Pressure	LIKE	uCwSC2PC9J4	MPREb_HaDKDd160Ch	UCKC7Xqy0UXT370RvFR2kXYg
251	Soul Food II	Logic	No Pressure	LIKE	nbe5c42dfII	MPREb_HaDKDd160Ch	UCKC7Xqy0UXT370RvFR2kXYg
329	man i is	Logic	No Pressure	LIKE	7RmmXnuikqo	MPREb_HaDKDd160Ch	UCKC7Xqy0UXT370RvFR2kXYg
998	No Pressure Intro	Logic	No Pressure	LIKE	_Glbl-tvNAg	MPREb_HaDKDd160Ch	UCKC7Xqy0UXT370RvFR2kXYg
1084	GP4	Logic	No Pressure	LIKE	lEOYnE_Jm3M	MPREb_HaDKDd160Ch	UCKC7Xqy0UXT370RvFR2kXYg
480	running out of time	Lil Yachty	Let’s Start Here.	LIKE	iHPCp2lC5HI	MPREb_u7HyQVKSNL9	UCbk-gmhwUn1FN7SA6bN_mZQ
503	the BLACK seminole.	Lil Yachty	Let’s Start Here.	LIKE	sxalmZx50mA	MPREb_u7HyQVKSNL9	UCbk-gmhwUn1FN7SA6bN_mZQ
562	drive ME crazy!	Lil Yachty	Let’s Start Here.	LIKE	2IRr_3lwC9Y	MPREb_u7HyQVKSNL9	UCbk-gmhwUn1FN7SA6bN_mZQ
601	Mama Mia	Lil Wayne	Funeral	LIKE	M6aEJ5ccSy4	MPREb_8jjjfUZ8lb2	UC4IAZ3dowcXyvVYBx4hucSQ
653	Dreams	Lil Wayne	Funeral	LIKE	gU_cUYqjEuE	MPREb_8jjjfUZ8lb2	UC4IAZ3dowcXyvVYBx4hucSQ
711	Harden	Lil Wayne	Funeral	LIKE	ggTa9JSTkxo	MPREb_8jjjfUZ8lb2	UC4IAZ3dowcXyvVYBx4hucSQ
132	Bigger Than Life	Lil Uzi Vert	Eternal Atake	LIKE	BNuca5CZxe8	MPREb_D9SOOCh4tR6	UCybEdRVR5u_WFoV-BLTEBiA
1143	P2	Lil Uzi Vert	Eternal Atake	LIKE	Wc9XOmBKpsA	MPREb_D9SOOCh4tR6	UCybEdRVR5u_WFoV-BLTEBiA
1320	Baby Pluto	Lil Uzi Vert	Eternal Atake	LIKE	k6bwOZW15gM	MPREb_D9SOOCh4tR6	UCybEdRVR5u_WFoV-BLTEBiA
1360	Futsal Shuffle 2020 (Bonus Track)	Lil Uzi Vert	Eternal Atake	LIKE	l0aatO_0Dbk	MPREb_D9SOOCh4tR6	UCybEdRVR5u_WFoV-BLTEBiA
228	headboard	Lil Ugly Mane	volcanic bird enemy and the voiced concern	LIKE	nei8-u8t0SM	MPREb_WTRkTpgesBa	UC-DcnGKK1hSZK_tC8wkZApA
388	Please Don't Make Me Cry	Lianne La Havas	Lianne La Havas	LIKE	8n01dSyjwUM	MPREb_qInZNzoUnFR	UCvps3soFaHEZy5Yx0aatUlA
717	Can't Fight	Lianne La Havas	Lianne La Havas	LIKE	jxPSRHJ57SU	MPREb_qInZNzoUnFR	UCvps3soFaHEZy5Yx0aatUlA
1402	Weird Fishes	Lianne La Havas	Lianne La Havas	LIKE	uegfE22dmSY	MPREb_qInZNzoUnFR	UCvps3soFaHEZy5Yx0aatUlA
14	Held Down	Laura Marling	Song For Our Daughter	LIKE	_3dDKqN9xs4	MPREb_NDCdH7R14M9	UCF73mrc2GIILbeCLzHUGbTg
812	For You	Laura Marling	Song For Our Daughter	LIKE	kH0y2kGVHWo	MPREb_NDCdH7R14M9	UCF73mrc2GIILbeCLzHUGbTg
1353	Only The Strong	Laura Marling	Song For Our Daughter	LIKE	AtxNQMmZSBY	MPREb_NDCdH7R14M9	UCF73mrc2GIILbeCLzHUGbTg
858	Go Dig My Grave	Lankum	False Lankum	LIKE	A41deqtxA1I	MPREb_xiLsCSLSvfa	UC1GFH2rg0c-R3GZIfY8KJhQ
1088	The New York Trader	Lankum	False Lankum	LIKE	7D67-EnVJko	MPREb_xiLsCSLSvfa	UC1GFH2rg0c-R3GZIfY8KJhQ
1118	On a Monday Morning	Lankum	False Lankum	LIKE	f1eXg5CxO5k	MPREb_xiLsCSLSvfa	UC1GFH2rg0c-R3GZIfY8KJhQ
1125	Clear Away in the Morning	Lankum	False Lankum	LIKE	gFCXEZ_VuMo	MPREb_xiLsCSLSvfa	UC1GFH2rg0c-R3GZIfY8KJhQ
1311	Fugue I	Lankum	False Lankum	LIKE	bin8QXfsGuA	MPREb_xiLsCSLSvfa	UC1GFH2rg0c-R3GZIfY8KJhQ
381	Let The Light In (feat. Father John Misty)	Lana Del Rey	Did you know that there's a tunnel under Ocean Blvd	LIKE	3U58T-9ocq0	MPREb_D46rcnva9Rs	UCyqq-aiu3vEHuf5NhwmOJcw
1237	Candy Necklace (feat. Jon Batiste)	Lana Del Rey	Did you know that there's a tunnel under Ocean Blvd	LIKE	yp093Msi4NE	MPREb_D46rcnva9Rs	UCyqq-aiu3vEHuf5NhwmOJcw
311	Alice	Lady Gaga	Chromatica	LIKE	41CjTbmI9aQ	MPREb_gYNCAPArfZD	UCGKXb1syicud01CJOOFRykg
694	Pet Rock	L'Rain	I Killed Your Dog	LIKE	F6ObIUWwCKc	MPREb_8rwhMHm78al	UC_qew5Xpp-icF2ItANUauBw
871	Knead Bee	L'Rain	I Killed Your Dog	LIKE	KAu8DNhPrMU	MPREb_8rwhMHm78al	UC_qew5Xpp-icF2ItANUauBw
924	Clumsy	L'Rain	I Killed Your Dog	LIKE	o8u6K1x4cV4	MPREb_8rwhMHm78al	UC_qew5Xpp-icF2ItANUauBw
123	Submarine	L'Impératrice	Tako Tsubo	LIKE	HQrnh4to03s	MPREb_6D0epf35Wuj	UCOsADrywlh1KRCU3IPAXk_g
1082	Fou	L'Impératrice	Fou / Exit	LIKE	vc88Pm0uQCs	MPREb_TDde20wt4JG	UCOsADrywlh1KRCU3IPAXk_g
36	Say the Word	Kurt Vile	(watch my moves)	LIKE	qiWeyOpohpo	MPREb_btimbtqifgo	UCq5OLsfFcOGOwC6i0LzdtNw
409	Like Exploding Stones	Kurt Vile	(watch my moves)	LIKE	y_n7VwCq4LA	MPREb_btimbtqifgo	UCq5OLsfFcOGOwC6i0LzdtNw
509	Fo Sho	Kurt Vile	(watch my moves)	LIKE	7RjH8tj0tDE	MPREb_btimbtqifgo	UCq5OLsfFcOGOwC6i0LzdtNw
1251	Mount Airy Hill (Way Gone)	Kurt Vile	(watch my moves)	LIKE	WAR9XBS75VM	MPREb_btimbtqifgo	UCq5OLsfFcOGOwC6i0LzdtNw
360	Blue Robe (pt.i)	Kokoroko	Could We Be More	LIKE	-m3fMv9hNqc	MPREb_QIcXOsJEO9Q	UCAOTJrZUiDloUAK9-Dt2W2A
453	Tojo	Kokoroko	Could We Be More	LIKE	sllPE4Mg4C0	MPREb_QIcXOsJEO9Q	UCAOTJrZUiDloUAK9-Dt2W2A
599	Home	Kokoroko	Could We Be More	LIKE	klf2RfcoToo	MPREb_QIcXOsJEO9Q	UCAOTJrZUiDloUAK9-Dt2W2A
722	Carry Me Home	Kokoroko	Carry Me Home	LIKE	2crzzHJs_-E	MPREb_QE9JU93kaDg	UCAOTJrZUiDloUAK9-Dt2W2A
852	Dide O	Kokoroko	Could We Be More	LIKE	Tr8zYSaZUsE	MPREb_QIcXOsJEO9Q	UCAOTJrZUiDloUAK9-Dt2W2A
1160	Abusey Junction	Kokoroko	We Out Here	LIKE	2JPPMDrMFCM	MPREb_4vfqzzP7Oia	UCAOTJrZUiDloUAK9-Dt2W2A
49	Cellular	King Krule	Man Alive!	LIKE	_f381aNjy6Y	MPREb_zn3U2QRQ3xr	UC0_b4gQldkc4WbPeZigWnJQ
358	Stoned Again	King Krule	Man Alive!	LIKE	bXkNr4YF0vQ	MPREb_zn3U2QRQ3xr	UC0_b4gQldkc4WbPeZigWnJQ
537	Alone, Omen 3	King Krule	Man Alive!	LIKE	b1ppSKHebmE	MPREb_zn3U2QRQ3xr	UC0_b4gQldkc4WbPeZigWnJQ
836	Comet Face	King Krule	Man Alive!	LIKE	k-lg3v4HtBA	MPREb_zn3U2QRQ3xr	UC0_b4gQldkc4WbPeZigWnJQ
1034	Underclass	King Krule	Man Alive!	LIKE	6mg98OmuelU	MPREb_zn3U2QRQ3xr	UC0_b4gQldkc4WbPeZigWnJQ
1129	(Don't Let The Dragon) Draag On	King Krule	Man Alive!	LIKE	DKNbmh_CjJc	MPREb_zn3U2QRQ3xr	UC0_b4gQldkc4WbPeZigWnJQ
1214	Energy Fleets	King Krule	Man Alive!	LIKE	_Ph6bT5RtcA	MPREb_zn3U2QRQ3xr	UC0_b4gQldkc4WbPeZigWnJQ
94	K.G.L.W.	King Gizzard & The Lizard Wizard	L.W.	LIKE	nurX_h-tP8M	MPREb_p8ykXCEItJr	UC-3mACkWPK3QluQYi5dHQCA
356	Mycelium	King Gizzard & The Lizard Wizard	Ice, Death, Planets, Lungs, Mushrooms And Lava	LIKE	h2akBAjCNVY	MPREb_vhqgvnmFN9l	UC-3mACkWPK3QluQYi5dHQCA
418	Straws In The Wind	King Gizzard & The Lizard Wizard	K.G.	LIKE	BC9JFPBnqtc	MPREb_owwQJgtPVTE	UC-3mACkWPK3QluQYi5dHQCA
436	Iron Lung	King Gizzard & The Lizard Wizard	Ice, Death, Planets, Lungs, Mushrooms And Lava	LIKE	GJCk5zGjza4	MPREb_vhqgvnmFN9l	UC-3mACkWPK3QluQYi5dHQCA
473	Honey	King Gizzard & The Lizard Wizard	K.G.	LIKE	OxidZLT7TiU	MPREb_owwQJgtPVTE	UC-3mACkWPK3QluQYi5dHQCA
516	Persistence	King Gizzard & The Lizard Wizard	Omnium Gatherum	LIKE	K14JkFfWUzc	MPREb_GwizvsBTkH1	UC-3mACkWPK3QluQYi5dHQCA
587	The Dripping Tap	King Gizzard & The Lizard Wizard	Omnium Gatherum	LIKE	s1ZkghDSzkE	MPREb_GwizvsBTkH1	UC-3mACkWPK3QluQYi5dHQCA
740	Shanghai	King Gizzard & The Lizard Wizard	Butterfly 3000	LIKE	_mzxF-yGs88	MPREb_9PuKUFZJu5g	UC-3mACkWPK3QluQYi5dHQCA
762	The Land Before Timeland	King Gizzard & The Lizard Wizard	Laminated Denim	LIKE	ootXJmTJl_c	MPREb_LAzVBI9LBAk	UC-3mACkWPK3QluQYi5dHQCA
823	The Funeral	King Gizzard & The Lizard Wizard	Omnium Gatherum	LIKE	V41YC3X6VK0	MPREb_GwizvsBTkH1	UC-3mACkWPK3QluQYi5dHQCA
831	Magenta Mountain	King Gizzard & The Lizard Wizard	Omnium Gatherum	LIKE	2t17i9IDB4I	MPREb_GwizvsBTkH1	UC-3mACkWPK3QluQYi5dHQCA
840	Magma	King Gizzard & The Lizard Wizard	Ice, Death, Planets, Lungs, Mushrooms And Lava	LIKE	mFjARATqEs0	MPREb_vhqgvnmFN9l	UC-3mACkWPK3QluQYi5dHQCA
897	Candles	King Gizzard & The Lizard Wizard	Omnium Gatherum	LIKE	7Q8cI7CZs5I	MPREb_GwizvsBTkH1	UC-3mACkWPK3QluQYi5dHQCA
931	Change	King Gizzard & The Lizard Wizard	Changes	LIKE	3XAhEUHt3zY	MPREb_dZ0uNq4wmqy	UC-3mACkWPK3QluQYi5dHQCA
944	K.G.L.W.	King Gizzard & The Lizard Wizard	K.G.	LIKE	gRv3C6HTQBo	MPREb_owwQJgtPVTE	UC-3mACkWPK3QluQYi5dHQCA
962	Astroturf	King Gizzard & The Lizard Wizard	Changes	LIKE	7UJgj3zlWvo	MPREb_dZ0uNq4wmqy	UC-3mACkWPK3QluQYi5dHQCA
991	Presumptuous	King Gizzard & The Lizard Wizard	Omnium Gatherum	LIKE	iSW68homLDg	MPREb_GwizvsBTkH1	UC-3mACkWPK3QluQYi5dHQCA
1244	Ambergris	King Gizzard & The Lizard Wizard	Omnium Gatherum	LIKE	c5fSIz543sA	MPREb_GwizvsBTkH1	UC-3mACkWPK3QluQYi5dHQCA
1258	Butterfly 3000	King Gizzard & The Lizard Wizard	Butterfly 3000	LIKE	ArIOjP4pRbM	MPREb_9PuKUFZJu5g	UC-3mACkWPK3QluQYi5dHQCA
1290	Ice V	King Gizzard & The Lizard Wizard	Ice, Death, Planets, Lungs, Mushrooms And Lava	LIKE	7v47OxKTCs0	MPREb_vhqgvnmFN9l	UC-3mACkWPK3QluQYi5dHQCA
1335	The Hungry Wolf Of Fate	King Gizzard & The Lizard Wizard	K.G.	LIKE	-YCVoVFLMJU	MPREb_owwQJgtPVTE	UC-3mACkWPK3QluQYi5dHQCA
1339	No Body	King Gizzard & The Lizard Wizard	Changes	LIKE	acIlO25083I	MPREb_dZ0uNq4wmqy	UC-3mACkWPK3QluQYi5dHQCA
134	Cardboard Pile	Kikagaku Moyo	Kumoyo Island	LIKE	pIsvXFUk3Nw	MPREb_bYxrQC83FZL	UCNaS4ou9KLFO5YjEQkjuUwA
378	Nap Song	Kikagaku Moyo	Kumoyo Island	LIKE	tgu9HtIMD9g	MPREb_bYxrQC83FZL	UCNaS4ou9KLFO5YjEQkjuUwA
608	Dancing Blue	Kikagaku Moyo	Kumoyo Island	LIKE	7tpFfkciIGY	MPREb_bYxrQC83FZL	UCNaS4ou9KLFO5YjEQkjuUwA
907	Meu Mar	Kikagaku Moyo	Kumoyo Island	LIKE	key0c48fRjI	MPREb_bYxrQC83FZL	UCNaS4ou9KLFO5YjEQkjuUwA
954	Yayoi, Iyayoi	Kikagaku Moyo	Kumoyo Island	LIKE	V-OG6pvJ5Gg	MPREb_bYxrQC83FZL	UCNaS4ou9KLFO5YjEQkjuUwA
1007	Monaka	Kikagaku Moyo	Kumoyo Island	LIKE	hIQLvv1kN-4	MPREb_bYxrQC83FZL	UCNaS4ou9KLFO5YjEQkjuUwA
296	Sad People	Kid Cudi	Man On The Moon III: The Chosen	LIKE	7Wsin5LH5sM	MPREb_eDwozSONkwo	UCo2-dPLJcpbZK84FIt0vD-w
662	Elsie's Baby Boy (flashback)	Kid Cudi	Man On The Moon III: The Chosen	LIKE	0lwkU7G0V_8	MPREb_eDwozSONkwo	UCo2-dPLJcpbZK84FIt0vD-w
851	Show Out	Kid Cudi	Man On The Moon III: The Chosen	LIKE	mUuVqKII9cc	MPREb_eDwozSONkwo	UCo2-dPLJcpbZK84FIt0vD-w
1057	Tequila Shots	Kid Cudi	Man On The Moon III: The Chosen	LIKE	rc5_UTxvnZQ	MPREb_eDwozSONkwo	UCo2-dPLJcpbZK84FIt0vD-w
1358	She Knows This	Kid Cudi	Man On The Moon III: The Chosen	LIKE	tP2S80uZERg	MPREb_eDwozSONkwo	UCo2-dPLJcpbZK84FIt0vD-w
1	Conversion	Khruangbin	Texas Sun	LIKE	Xh8krAqYR18	MPREb_Sa0gF76HQxz	UCW2SLxltqPa553qretr4KzQ
44	A Calf Born in Winter (Live at Sydney Opera House)	Khruangbin	Live at Sydney Opera House	LIKE	ilQGhLGWfZo	MPREb_jk9sbtaa6TG	UCW2SLxltqPa553qretr4KzQ
72	August 10 / Master of Life (Live at Sydney Opera House)	Khruangbin	Live at Sydney Opera House	LIKE	gXn2yriS8qM	MPREb_jk9sbtaa6TG	UCW2SLxltqPa553qretr4KzQ
98	Two Fish and an Elephant (Live at Sydney Opera House)	Khruangbin	Live at Sydney Opera House	LIKE	TyTcMO4OSa8	MPREb_jk9sbtaa6TG	UCW2SLxltqPa553qretr4KzQ
189	Lady and Man (Live at Sydney Opera House)	Khruangbin	Live at Sydney Opera House	LIKE	3aJJ3pyucig	MPREb_jk9sbtaa6TG	UCW2SLxltqPa553qretr4KzQ
232	Zionsville (Live at Sydney Opera House)	Khruangbin	Live at Sydney Opera House	LIKE	VbkCeYRan-M	MPREb_jk9sbtaa6TG	UCW2SLxltqPa553qretr4KzQ
245	B-Side	Khruangbin	Texas Moon	LIKE	XBrglpStGbI	MPREb_uxsMek3FUn0	UCW2SLxltqPa553qretr4KzQ
297	The Number 4 (Live at Sydney Opera House)	Khruangbin	Live at Sydney Opera House	LIKE	iQh4jdmPfL8	MPREb_jk9sbtaa6TG	UCW2SLxltqPa553qretr4KzQ
327	People Everywhere (Shifting Sands Remix) (Live at Sydney Opera House)	Khruangbin	Live at Sydney Opera House	LIKE	IXJc_VQnSwE	MPREb_jk9sbtaa6TG	UCW2SLxltqPa553qretr4KzQ
468	Time (You and I)	Khruangbin	Mordechai	LIKE	5Y0da_fSK8I	MPREb_FmGuTRuIC4I	UCW2SLxltqPa553qretr4KzQ
534	White Gloves (Live at Sydney Opera House)	Khruangbin	Live at Sydney Opera House	LIKE	BnQym1KnmXQ	MPREb_jk9sbtaa6TG	UCW2SLxltqPa553qretr4KzQ
621	Evan Finds the Third Room (Live at Sydney Opera House)	Khruangbin	Live at Sydney Opera House	LIKE	_JA-MuHmWYI	MPREb_jk9sbtaa6TG	UCW2SLxltqPa553qretr4KzQ
636	Father Bird, Mother Bird	Khruangbin	Mordechai	LIKE	iDMvxJfxGxg	MPREb_FmGuTRuIC4I	UCW2SLxltqPa553qretr4KzQ
861	The Number 3 (Live at Sydney Opera House)	Khruangbin	Live at Sydney Opera House	LIKE	ANcBiPKpBLo	MPREb_jk9sbtaa6TG	UCW2SLxltqPa553qretr4KzQ
975	Friday Morning (Live at Sydney Opera House)	Khruangbin	Live at Sydney Opera House	LIKE	RlCFsZMWYpI	MPREb_jk9sbtaa6TG	UCW2SLxltqPa553qretr4KzQ
1011	Time (You and I) (Live at Sydney Opera House)	Khruangbin	Live at Sydney Opera House	LIKE	CRRRGTYlvnA	MPREb_jk9sbtaa6TG	UCW2SLxltqPa553qretr4KzQ
1052	Maria Tambien (Live at Sydney Opera House)	Khruangbin	Live at Sydney Opera House	LIKE	bL38daOkkVs	MPREb_jk9sbtaa6TG	UCW2SLxltqPa553qretr4KzQ
1190	Pelota	Khruangbin	Mordechai	LIKE	pk9qhimEE-w	MPREb_FmGuTRuIC4I	UCW2SLxltqPa553qretr4KzQ
1194	Midnight	Khruangbin	Texas Sun	LIKE	-KIHsqNNZhY	MPREb_Sa0gF76HQxz	UCW2SLxltqPa553qretr4KzQ
1203	Shida (Live at Sydney Opera House)	Khruangbin	Live at Sydney Opera House	LIKE	7K15cwkglXA	MPREb_jk9sbtaa6TG	UCW2SLxltqPa553qretr4KzQ
1239	Shida	Khruangbin	Mordechai	LIKE	GQF_ENYjmas	MPREb_FmGuTRuIC4I	UCW2SLxltqPa553qretr4KzQ
1259	C-Side	Khruangbin	Texas Sun	LIKE	EHoiiOF1Ny4	MPREb_Sa0gF76HQxz	UCW2SLxltqPa553qretr4KzQ
1292	So We Won't Forget	Khruangbin	Mordechai	LIKE	H3Mv_A8szqk	MPREb_FmGuTRuIC4I	UCW2SLxltqPa553qretr4KzQ
1296	Dearest Alfred	Khruangbin	Mordechai	LIKE	GuC8LxULrdQ	MPREb_FmGuTRuIC4I	UCW2SLxltqPa553qretr4KzQ
1306	Mariella	Khruangbin	Texas Moon	LIKE	qtz8L-gICzA	MPREb_uxsMek3FUn0	UCW2SLxltqPa553qretr4KzQ
1352	Texas Sun	Khruangbin	Texas Sun	LIKE	VFXR6pUMjUU	MPREb_Sa0gF76HQxz	UCW2SLxltqPa553qretr4KzQ
1354	Summer Madness (Exclusive Cover Version)	Khruangbin	Late Night Tales: Khruangbin	LIKE	nq9flOT7gYo	MPREb_8tJqjbUrc8h	UCW2SLxltqPa553qretr4KzQ
1400	So We Won't Forget (Live at Sydney Opera House)	Khruangbin	Live at Sydney Opera House	LIKE	CHn3IM5rVDg	MPREb_jk9sbtaa6TG	UCW2SLxltqPa553qretr4KzQ
52	Disappearing	Kevin Morby	This Is A Photograph	LIKE	IUhhNN-C9GQ	MPREb_g4FEOc6dHQg	UC5f6zyIPpGOWL0_ZAcwSBqA
371	Rock Bottom	Kevin Morby	This Is A Photograph	LIKE	bYNWLky3eic	MPREb_g4FEOc6dHQg	UC5f6zyIPpGOWL0_ZAcwSBqA
992	Valley	Kevin Morby	Sundowner	LIKE	kdiusXx9nmY	MPREb_MdUBFfTHVWD	UC5f6zyIPpGOWL0_ZAcwSBqA
1016	Sundowner	Kevin Morby	Sundowner	LIKE	OnwdbXwU4YE	MPREb_MdUBFfTHVWD	UC5f6zyIPpGOWL0_ZAcwSBqA
12	N95	Kendrick Lamar	Mr. Morale & The Big Steppers	LIKE	fhCkGKiP95I	MPREb_6IWMYM68N3w	UCprAFmT0C6O4X0ToEXpeFTQ
25	Father Time (feat. Sampha)	Kendrick Lamar	Mr. Morale & The Big Steppers	LIKE	dW0-daIJT50	MPREb_6IWMYM68N3w	UCprAFmT0C6O4X0ToEXpeFTQ
60	Silent Hill	Kendrick Lamar	Mr. Morale & The Big Steppers	LIKE	rhed981WqtE	MPREb_6IWMYM68N3w	UCprAFmT0C6O4X0ToEXpeFTQ
138	Die Hard	Kendrick Lamar	Mr. Morale & The Big Steppers	LIKE	irbyzwoMZ_Q	MPREb_6IWMYM68N3w	UCprAFmT0C6O4X0ToEXpeFTQ
194	Worldwide Steppers	Kendrick Lamar	Mr. Morale & The Big Steppers	LIKE	fWqOWXbUkb0	MPREb_6IWMYM68N3w	UCprAFmT0C6O4X0ToEXpeFTQ
1081	Purple Hearts	Kendrick Lamar	Mr. Morale & The Big Steppers	LIKE	DQkBaVY-bJU	MPREb_6IWMYM68N3w	UCprAFmT0C6O4X0ToEXpeFTQ
348	On	Kelly Lee Owens	Inner Song	LIKE	W3vW0jwuZVU	MPREb_Z05M9J5gnZI	UCvjT6Q9IDRNwrc8345BpwMg
406	Melt!	Kelly Lee Owens	Inner Song	LIKE	_fcwEyBdbO4	MPREb_Z05M9J5gnZI	UCvjT6Q9IDRNwrc8345BpwMg
657	Night	Kelly Lee Owens	Inner Song	LIKE	C6GlkETi-bM	MPREb_Z05M9J5gnZI	UCvjT6Q9IDRNwrc8345BpwMg
850	Flow	Kelly Lee Owens	Inner Song	LIKE	FXOURqLHU-c	MPREb_Z05M9J5gnZI	UCvjT6Q9IDRNwrc8345BpwMg
1131	Jeanette	Kelly Lee Owens	Inner Song	LIKE	59WxXL5nBDQ	MPREb_Z05M9J5gnZI	UCvjT6Q9IDRNwrc8345BpwMg
1312	Arpeggi	Kelly Lee Owens	Inner Song	LIKE	YXZyqrJP84U	MPREb_Z05M9J5gnZI	UCvjT6Q9IDRNwrc8345BpwMg
1351	Re-Wild	Kelly Lee Owens	Inner Song	LIKE	wVwZwVTwMPs	MPREb_Z05M9J5gnZI	UCvjT6Q9IDRNwrc8345BpwMg
643	Closure	Kelela & Rahrah Gabor	Raven	LIKE	M1WAoB4-kFU	MPREb_ClTv5aozSb2	
126	Raven	Kelela	Raven	LIKE	ttZxpB77LWY	MPREb_ClTv5aozSb2	UC_ouv6WbUBzKtDAdMJG1PsQ
179	Contact	Kelela	Raven	LIKE	EMO4Rwc__r8	MPREb_ClTv5aozSb2	UC_ouv6WbUBzKtDAdMJG1PsQ
316	Divorce	Kelela	Raven	LIKE	YetSmUJCR1Q	MPREb_ClTv5aozSb2	UC_ouv6WbUBzKtDAdMJG1PsQ
568	Enough for Love	Kelela	Raven	LIKE	k3YUtTU79C8	MPREb_ClTv5aozSb2	UC_ouv6WbUBzKtDAdMJG1PsQ
853	Far Away	Kelela	Raven	LIKE	sFgWVyUg0l0	MPREb_ClTv5aozSb2	UC_ouv6WbUBzKtDAdMJG1PsQ
933	Happy Ending	Kelela	Raven	LIKE	lJIOZPa3drI	MPREb_ClTv5aozSb2	UC_ouv6WbUBzKtDAdMJG1PsQ
304	brain	Kara Jackson	Why Does the Earth Give Us People to Love?	LIKE	0xbPiLom_Zc	MPREb_C41XqF2WJwe	UCyfKxCqt483sjtdHnU-cPWQ
389	dickhead blues	Kara Jackson	Why Does the Earth Give Us People to Love?	LIKE	9Z9D1cwJo4I	MPREb_C41XqF2WJwe	UCyfKxCqt483sjtdHnU-cPWQ
632	Dream State	Kamasi Washington	Dream State	LIKE	6RtQwDRqXy8	MPREb_PMVyquLCiaB	UC0G-IaG6Q0eawu8N_6OAZxw
651	1989 (feat. Miguel AtwoodFerguson)	Kamaal Williams	Wu Hen	LIKE	yWkjTK1UTbc	MPREb_hDd6GDqUOAd	UCVBxVupUwqTLEQ_2oTVzwgQ
728	Street Dreams (feat. Miguel AtwoodFerguson)	Kamaal Williams	Wu Hen	LIKE	cjUtu0VOmBE	MPREb_hDd6GDqUOAd	UCVBxVupUwqTLEQ_2oTVzwgQ
749	Hold On (feat. Lauren Faith)	Kamaal Williams	Wu Hen	LIKE	P_ZnfuKi5bE	MPREb_hDd6GDqUOAd	UCVBxVupUwqTLEQ_2oTVzwgQ
1381	Mr Wu	Kamaal Williams	Wu Hen	LIKE	_vkM-8dlrVA	MPREb_hDd6GDqUOAd	UCVBxVupUwqTLEQ_2oTVzwgQ
374	Back On 74	Jungle	Volcano	LIKE	ekk0NSXCuqI	MPREb_3e6sRMoeUVi	UC8qPIA18dFORTSUmw0n8U-g
466	Don't Play (feat. Mood Talk)	Jungle	Volcano	LIKE	WzrXwc9dCK0	MPREb_3e6sRMoeUVi	UC8qPIA18dFORTSUmw0n8U-g
541	Us Against The World	Jungle	Volcano	LIKE	3Y8_MTTnZWs	MPREb_3e6sRMoeUVi	UC8qPIA18dFORTSUmw0n8U-g
547	Problemz	Jungle	Volcano	LIKE	uFjfnwx5H8o	MPREb_3e6sRMoeUVi	UC8qPIA18dFORTSUmw0n8U-g
663	Candle Flame	Jungle	Volcano	LIKE	FlDuQhsxLms	MPREb_3e6sRMoeUVi	UC8qPIA18dFORTSUmw0n8U-g
965	I've Been In Love (feat. Channel Tres)	Jungle	Volcano	LIKE	YIiJaGQCOe8	MPREb_3e6sRMoeUVi	UC8qPIA18dFORTSUmw0n8U-g
1120	Fire	Jungle	Loving In Stereo	LIKE	YFMaSPr1xRU	MPREb_N0gork5QrX0	UC8qPIA18dFORTSUmw0n8U-g
1242	Dominoes	Jungle	Volcano	LIKE	KGqOoNhgJJM	MPREb_3e6sRMoeUVi	UC8qPIA18dFORTSUmw0n8U-g
1332	Good At Breaking Hearts (feat. Jnr Williams & 33.3)	Jungle	Volcano	LIKE	njcYqZerCeY	MPREb_3e6sRMoeUVi	UC8qPIA18dFORTSUmw0n8U-g
680	The Greater Wings	Julie Byrne	The Greater Wings	LIKE	KB0jyFCzKSc	MPREb_x5n3Tc7ZFzm	UCa6rFhOR3CfXEY1qgUcJsxw
124	Oh, Memory (feat. Mary Lattimore)	Julianna Barwick	Healing Is A Miracle	LIKE	itZAoE-fz2k	MPREb_Zz6QSrpfc0w	UCfcrJsde3NHlZEYpFN9FXjA
205	Inspirit	Julianna Barwick	Healing Is A Miracle	LIKE	yw1vPy0A930	MPREb_Zz6QSrpfc0w	UCfcrJsde3NHlZEYpFN9FXjA
432	Nod (feat. Nosaj Thing)	Julianna Barwick	Healing Is A Miracle	LIKE	q0mv5GBw-nk	MPREb_Zz6QSrpfc0w	UCfcrJsde3NHlZEYpFN9FXjA
864	Safe	Julianna Barwick	Healing Is A Miracle	LIKE	yzD42P4Rawo	MPREb_Zz6QSrpfc0w	UCfcrJsde3NHlZEYpFN9FXjA
1356	Healing Is A Miracle	Julianna Barwick	Healing Is A Miracle	LIKE	wQrsrWQMTNM	MPREb_Zz6QSrpfc0w	UCfcrJsde3NHlZEYpFN9FXjA
1028	Love Flows Over Us In Prismatic Waves	Jon Hopkins	Music For Psychedelic Therapy	LIKE	1JenmCSndX8	MPREb_X7iyI2q2QEr	UCpbWC9Xun4IM_28zH623-nw
499	Brand E	John Frusciante	Maya	LIKE	jpI8Y_CcZzg	MPREb_rg8oTkGDrLa	UCZO23H9PkcznvVXy75IZbUA
1414	Pleasure Explanation	John Frusciante	Maya	LIKE	T5r790e7yvM	MPREb_rg8oTkGDrLa	UCZO23H9PkcznvVXy75IZbUA
590	Concrete Over Water	Jockstrap	I Love You Jennifer B	LIKE	NbDDU24yu7U	MPREb_5t6Jc6ZzLxn	UCK8gBAeqU773S9h_4MwmI2A
892	Neon	Jockstrap	I Love You Jennifer B	LIKE	ajGk88LSoUc	MPREb_5t6Jc6ZzLxn	UCK8gBAeqU773S9h_4MwmI2A
1270	What's It All About?	Jockstrap	I Love You Jennifer B	LIKE	qL9_KI8C0rE	MPREb_5t6Jc6ZzLxn	UCK8gBAeqU773S9h_4MwmI2A
130	What’s Your Pleasure?	Jessie Ware	What's Your Pleasure?	LIKE	_R5NMcdpuO4	MPREb_XwHO77Bg22R	UC53XOR2hYpVcmGmkhukIihA
160	Spotlight	Jessie Ware	What's Your Pleasure?	LIKE	Rgy-eAzARNE	MPREb_XwHO77Bg22R	UC53XOR2hYpVcmGmkhukIihA
405	Read My Lips	Jessie Ware	What's Your Pleasure?	LIKE	lpCJKgEnE84	MPREb_XwHO77Bg22R	UC53XOR2hYpVcmGmkhukIihA
422	Soul Control	Jessie Ware	What's Your Pleasure?	LIKE	6M19kwlaSiI	MPREb_XwHO77Bg22R	UC53XOR2hYpVcmGmkhukIihA
709	Mirage (Don’t Stop)	Jessie Ware	What's Your Pleasure?	LIKE	ZecUvgYfXiw	MPREb_XwHO77Bg22R	UC53XOR2hYpVcmGmkhukIihA
1410	Free Yourself	Jessie Ware	That! Feels Good!	LIKE	LmVvbsYrgJE	MPREb_HKkhq08y4I8	UC53XOR2hYpVcmGmkhukIihA
184	Scram!	Jeff Rosenstock	NO DREAM	LIKE	uwDUdTRubhA	MPREb_3v2N9KvtV6r	UCdl6UCOMMGQFJeEJDMgeCNg
9	Build a Nest (feat. Ruby Parker)	Jeff Parker	Suite for Max Brown	LIKE	jouXlj50caU	MPREb_XaonGWI7oWw	UCds4MoLCZsmZzJ9Etfdb_lA
510	Del Rio	Jeff Parker	Suite for Max Brown	LIKE	UuQaU9I_7ZI	MPREb_XaonGWI7oWw	UCds4MoLCZsmZzJ9Etfdb_lA
766	3 for L	Jeff Parker	Suite for Max Brown	LIKE	854tP2dmzfs	MPREb_XaonGWI7oWw	UCds4MoLCZsmZzJ9Etfdb_lA
1146	Gnarciss	Jeff Parker	Suite for Max Brown	LIKE	6_rxU5i2aBk	MPREb_XaonGWI7oWw	UCds4MoLCZsmZzJ9Etfdb_lA
424	Ghost Of Soulja Slim	Jay Electronica	A Written Testimony	LIKE	S9OqUWMQfRo	MPREb_0JGQxx5RH1W	UC7-3jiWkdqkM0iMtIm0E-KA
843	A.P.I.D.T.A.	Jay Electronica	A Written Testimony	LIKE	4hxHYY3l41c	MPREb_0JGQxx5RH1W	UC7-3jiWkdqkM0iMtIm0E-KA
972	The Blinding (feat. Travis Scott)	Jay Electronica	A Written Testimony	LIKE	EJJPokdkyV4	MPREb_0JGQxx5RH1W	UC7-3jiWkdqkM0iMtIm0E-KA
1382	The Neverending Story	Jay Electronica	A Written Testimony	LIKE	Qv076oX8qbc	MPREb_0JGQxx5RH1W	UC7-3jiWkdqkM0iMtIm0E-KA
118	Old Career in an Old Town	Jason McMahon	Odd West	LIKE	HVUmhaZqxg4	MPREb_9XHuryq2NzA	UCNaBQPkvUB-FnlzUJEmNylw
234	The Ways Doors Close	Jason McMahon	Odd West	LIKE	YK2QlOiK1xo	MPREb_9XHuryq2NzA	UCNaBQPkvUB-FnlzUJEmNylw
489	Sunshine for Locksmith	Jason McMahon	Odd West	LIKE	aSAvm9jaO6Y	MPREb_9XHuryq2NzA	UCNaBQPkvUB-FnlzUJEmNylw
522	Ambisinistrous	Jason McMahon	Odd West	LIKE	W61FvbHj8Nk	MPREb_9XHuryq2NzA	UCNaBQPkvUB-FnlzUJEmNylw
1236	The Ballad of Fat Lightning	Jason McMahon	Odd West	LIKE	i0tUo4_dgOU	MPREb_9XHuryq2NzA	UCNaBQPkvUB-FnlzUJEmNylw
17	The Missing Key	James Holden	Imagine This Is A High Dimensional Space Of All Possibilities	LIKE	qIz4_FnU608	MPREb_bb4bsExy0O3	UCL_VazqBz4K7UTqdOa0sEtg
248	In The End You'll Know	James Holden	Imagine This Is A High Dimensional Space Of All Possibilities	LIKE	zWkOBsriHT0	MPREb_bb4bsExy0O3	UCL_VazqBz4K7UTqdOa0sEtg
476	Infinite Fadeout	James Holden	Imagine This Is A High Dimensional Space Of All Possibilities	LIKE	PkDSh3vhgUI	MPREb_bb4bsExy0O3	UCL_VazqBz4K7UTqdOa0sEtg
1005	Common Land	James Holden	Imagine This Is A High Dimensional Space Of All Possibilities	LIKE	kVOVN18qfd8	MPREb_bb4bsExy0O3	UCL_VazqBz4K7UTqdOa0sEtg
24	I'm So Blessed You're Mine	James Blake	Friends That Break Your Heart	LIKE	2FX0FVh7jPI	MPREb_DIo7o3Tx0lj	UCx90L12QXzc18AGYFRof-EA
64	Frozen (feat. JID & SWAVAY)	James Blake	Friends That Break Your Heart	LIKE	OmiNFDRUy6o	MPREb_DIo7o3Tx0lj	UCx90L12QXzc18AGYFRof-EA
173	Asking To Break	James Blake	Playing Robots Into Heaven	LIKE	RQgn_NIsLmE	MPREb_6lklpZVTj7W	UCx90L12QXzc18AGYFRof-EA
240	Before	James Blake	Before	LIKE	kZu7-VyNxBw	MPREb_G73gk7jwGbf	UCx90L12QXzc18AGYFRof-EA
337	Say What You Will	James Blake	Friends That Break Your Heart	LIKE	VHlEX3pV9sE	MPREb_DIo7o3Tx0lj	UCx90L12QXzc18AGYFRof-EA
1275	He's Been Wonderful	James Blake	Playing Robots Into Heaven	LIKE	OhQQ8c4EAVA	MPREb_6lklpZVTj7W	UCx90L12QXzc18AGYFRof-EA
1330	Playing Robots Into Heaven	James Blake	Playing Robots Into Heaven	LIKE	MBEr6ckPWG8	MPREb_6lklpZVTj7W	UCx90L12QXzc18AGYFRof-EA
1390	Life Is Not The Same	James Blake	Friends That Break Your Heart	LIKE	SdGgWHK2ijc	MPREb_DIo7o3Tx0lj	UCx90L12QXzc18AGYFRof-EA
40	In Florida	Jake Xerxes Fussell	Good and Green Again	LIKE	cfwZin-wHis	MPREb_otoEJmpFRun	UCHHbQnYmhWiY1zEaz41Mzzg
50	The Golden Willow Tree	Jake Xerxes Fussell	Good and Green Again	LIKE	rwF8AsFS0k8	MPREb_otoEJmpFRun	UCHHbQnYmhWiY1zEaz41Mzzg
79	Washington	Jake Xerxes Fussell	Good and Green Again	LIKE	nnhn3zDXBcI	MPREb_otoEJmpFRun	UCHHbQnYmhWiY1zEaz41Mzzg
178	Love Farewell	Jake Xerxes Fussell	Good and Green Again	LIKE	6_p0xaZ6rIw	MPREb_otoEJmpFRun	UCHHbQnYmhWiY1zEaz41Mzzg
401	Frolic	Jake Xerxes Fussell	Good and Green Again	LIKE	oD-FaLaCo3A	MPREb_otoEJmpFRun	UCHHbQnYmhWiY1zEaz41Mzzg
451	What Did the Hen Duck Say to the Drake?	Jake Xerxes Fussell	Good and Green Again	LIKE	NoY7JtbO6ZE	MPREb_otoEJmpFRun	UCHHbQnYmhWiY1zEaz41Mzzg
790	Breast of Glass	Jake Xerxes Fussell	Good and Green Again	LIKE	TKqSqt-aVNk	MPREb_otoEJmpFRun	UCHHbQnYmhWiY1zEaz41Mzzg
1147	Carriebelle	Jake Xerxes Fussell	Good and Green Again	LIKE	zSbgyfKrLqg	MPREb_otoEJmpFRun	UCHHbQnYmhWiY1zEaz41Mzzg
41	8 x 8 Endless	Jadu Heart	Derealised 	LIKE	XE0lHXVv76s	MPREb_c4131FfFNv9	UCTDWwLtRNaKgm-ih1e72d8w
65	Blame	Jadu Heart	Derealised 	LIKE	Tq86ZNCuXOg	MPREb_c4131FfFNv9	UCTDWwLtRNaKgm-ih1e72d8w
543	Glistener	Jadu Heart	Derealised 	LIKE	QxVdEaytD7Q	MPREb_c4131FfFNv9	UCTDWwLtRNaKgm-ih1e72d8w
549	I Shimmer	Jadu Heart	Derealised 	LIKE	5T2ce1lzLRk	MPREb_c4131FfFNv9	UCTDWwLtRNaKgm-ih1e72d8w
622	Freedom	Jadu Heart	Derealised 	LIKE	GNedif-0Ug4	MPREb_c4131FfFNv9	UCTDWwLtRNaKgm-ih1e72d8w
727	The Glass Box Between Me and You 	Jadu Heart	Derealised 	LIKE	6iLKQJkX12U	MPREb_c4131FfFNv9	UCTDWwLtRNaKgm-ih1e72d8w
1017	Webs	Jadu Heart	Derealised 	LIKE	WLSj-tHjnRw	MPREb_c4131FfFNv9	UCTDWwLtRNaKgm-ih1e72d8w
1071	Cocoon	Jadu Heart	Derealised 	LIKE	6N50h6DdVaA	MPREb_c4131FfFNv9	UCTDWwLtRNaKgm-ih1e72d8w
1105	Sway	Jadu Heart	Derealised 	LIKE	FSpUtuLFKYI	MPREb_c4131FfFNv9	UCTDWwLtRNaKgm-ih1e72d8w
417	Dusk	Jack White	Fear Of The Dawn	LIKE	sdt5jFGqoqg	MPREb_FwtsQUdayr9	UCL5YsYJMZ-S5SU4_RQOWEPw
613	Into the Twilight	Jack White	Fear Of The Dawn	LIKE	5gMkxs3PNgo	MPREb_FwtsQUdayr9	UCL5YsYJMZ-S5SU4_RQOWEPw
686	Hi-De-Ho (feat. Q-Tip)	Jack White	Fear Of The Dawn	LIKE	ya8q3CfUPZU	MPREb_FwtsQUdayr9	UCL5YsYJMZ-S5SU4_RQOWEPw
746	Taking Me Back	Jack White	Fear Of The Dawn	LIKE	4f6BDHV1hsc	MPREb_FwtsQUdayr9	UCL5YsYJMZ-S5SU4_RQOWEPw
542	Surround Sound (feat. 21 Savage & Baby Tate)	JID	The Forever Story (Extended Version)	LIKE	TnV7lwNXahI	MPREb_m6zbpBPg3Es	UCRlGNubLJBgW9VRCuiUnuYw
578	Dance Now	JID	The Forever Story (Extended Version)	LIKE	xQZXmIwd_T8	MPREb_m6zbpBPg3Es	UCRlGNubLJBgW9VRCuiUnuYw
614	Stars (feat. Yasiin Bey)	JID	The Forever Story (Extended Version)	LIKE	fGOgJxuwVNs	MPREb_m6zbpBPg3Es	UCRlGNubLJBgW9VRCuiUnuYw
1151	Crack Sandwich	JID	The Forever Story (Extended Version)	LIKE	iM6SaPk-qgQ	MPREb_m6zbpBPg3Es	UCRlGNubLJBgW9VRCuiUnuYw
525	Last Night Felt Like The Future	Icarus	Change	LIKE	YsGbqmIQuxw	MPREb_mSfl0aE2Jds	UC2mkISHdgCavX5_uchEOvlg
628	Dominoes	Icarus	Change	LIKE	8uc4xuOkOEk	MPREb_mSfl0aE2Jds	UC2mkISHdgCavX5_uchEOvlg
900	Draw The Line	Icarus	Change	LIKE	M78Q6QyaV9U	MPREb_mSfl0aE2Jds	UC2mkISHdgCavX5_uchEOvlg
1023	Change	Icarus	Change	LIKE	ZdNxsEy25a4	MPREb_mSfl0aE2Jds	UC2mkISHdgCavX5_uchEOvlg
1281	Always Run	Icarus	Change	LIKE	4bOUjLCdW5w	MPREb_mSfl0aE2Jds	UC2mkISHdgCavX5_uchEOvlg
1294	Listen To The Wind	Icarus	Change	LIKE	Q6i9SMfaNno	MPREb_mSfl0aE2Jds	UC2mkISHdgCavX5_uchEOvlg
35	Intentions	Hudson Mohawke	Cry Sugar	LIKE	gO3dKH_qsdQ	MPREb_FExIAwJ4eUf	UCB9xU4WcqTheZX69u2sYWeA
180	Solesaft	Hudson Mohawke	Poom Gems	LIKE	R-CCnkS5Kf0	MPREb_6MgYpYU59zc	UCB9xU4WcqTheZX69u2sYWeA
479	Stump	Hudson Mohawke	Cry Sugar	LIKE	KRAQb95dYlw	MPREb_FExIAwJ4eUf	UCB9xU4WcqTheZX69u2sYWeA
485	Solstice Izo	Hudson Mohawke	Poom Gems	LIKE	0sB2311EoAc	MPREb_g3WfNoR638b	UCB9xU4WcqTheZX69u2sYWeA
642	3 Sheets To The Wind	Hudson Mohawke	Cry Sugar	LIKE	QyayKuAUO0k	MPREb_FExIAwJ4eUf	UCB9xU4WcqTheZX69u2sYWeA
689	Monte Fisto	Hudson Mohawke	B.B.H.E.	LIKE	DSG3EjYWbBg	MPREb_NSgT7ZqggCw	UCB9xU4WcqTheZX69u2sYWeA
989	Some Buzz	Hudson Mohawke	Cry Sugar	LIKE	MRh1OnFNols	MPREb_FExIAwJ4eUf	UCB9xU4WcqTheZX69u2sYWeA
1036	Redeem	Hudson Mohawke	Cry Sugar	LIKE	vhCi0_jeNmo	MPREb_FExIAwJ4eUf	UCB9xU4WcqTheZX69u2sYWeA
1044	Spruce Illest Bumper	Hudson Mohawke	B.B.H.E.	LIKE	MZt-suBVzFA	MPREb_kF0j5gxUqs9	UCB9xU4WcqTheZX69u2sYWeA
1313	Bow	Hudson Mohawke	Cry Sugar	LIKE	1v3AeymGZps	MPREb_FExIAwJ4eUf	UCB9xU4WcqTheZX69u2sYWeA
589	Electrolocation 2	Horsegirl	Versions of Modern Performance	LIKE	yhzC0CJcXoU	MPREb_Ywgy2D7Ink7	UCn5w9pdr8KbjV9XB71cp5mw
679	Bog Bog 1	Horsegirl	Versions of Modern Performance	LIKE	0OikhTbteGc	MPREb_Ywgy2D7Ink7	UCn5w9pdr8KbjV9XB71cp5mw
839	The Guitar is Dead 3	Horsegirl	Versions of Modern Performance	LIKE	w-2-jTsAh_k	MPREb_Ywgy2D7Ink7	UCn5w9pdr8KbjV9XB71cp5mw
923	Live and Ski	Horsegirl	Versions of Modern Performance	LIKE	YB-dR97431s	MPREb_Ywgy2D7Ink7	UCn5w9pdr8KbjV9XB71cp5mw
994	Anti-glory	Horsegirl	Versions of Modern Performance	LIKE	qBVvM_p1JW4	MPREb_Ywgy2D7Ink7	UCn5w9pdr8KbjV9XB71cp5mw
1110	Billy	Horsegirl	Versions of Modern Performance	LIKE	jgc_EEMtpcE	MPREb_Ywgy2D7Ink7	UCn5w9pdr8KbjV9XB71cp5mw
105	Interloper	Holy Wave	Interloper	LIKE	tCwKCbNEz2Y	MPREb_OMQVNpvG8zD	UC2qO7aL5hhhsS5v326P7eEw
286	Schmetterling	Holy Wave	Interloper	LIKE	X6aeTacgGeU	MPREb_OMQVNpvG8zD	UC2qO7aL5hhhsS5v326P7eEw
357	Escapism	Holy Wave	Interloper	LIKE	5mCv7dwYjHA	MPREb_OMQVNpvG8zD	UC2qO7aL5hhhsS5v326P7eEw
288	El Bueno Y El Malo	Hermanos Gutiérrez	El Bueno Y El Malo	LIKE	ubic5jSQ82c	MPREb_OPPSu33KNKL	UC80iwcArxltADbfXSS9oGCQ
314	Hermosa Drive	Hermanos Gutiérrez	El Bueno Y El Malo	LIKE	rv_G1lHOUe4	MPREb_OPPSu33KNKL	UC80iwcArxltADbfXSS9oGCQ
1108	Dorado Valley	Hermanos Gutiérrez	El Bueno Y El Malo	LIKE	ZnuLT3HltXI	MPREb_OPPSu33KNKL	UC80iwcArxltADbfXSS9oGCQ
1010	Hometown Dream	Helado Negro	Far In	LIKE	oetdwDCUfAY	MPREb_UzMEhfYmhCH	UCeksgbeXuzXfgGEqq9eErTg
32	Thin Line (feat. Duncan Bellamy)	Hania Rani	Ghosts	LIKE	w_FXW_t-LOA	MPREb_ty072Lcz78q	UCkBoNlyN9hWbq6uO_CqGeIg
161	Nostalgia	Hania Rani	Ghosts	LIKE	6-K_T48TedU	MPREb_ty072Lcz78q	UCkBoNlyN9hWbq6uO_CqGeIg
216	A Day in Never	Hania Rani	Ghosts	LIKE	5Dvq1HePJbE	MPREb_ty072Lcz78q	UCkBoNlyN9hWbq6uO_CqGeIg
367	24.03	Hania Rani	Ghosts	LIKE	5Fi5e1F9_XQ	MPREb_ty072Lcz78q	UCkBoNlyN9hWbq6uO_CqGeIg
665	Komeda	Hania Rani	Ghosts	LIKE	Zgez33VqIaQ	MPREb_ty072Lcz78q	UCkBoNlyN9hWbq6uO_CqGeIg
693	Spring	Hania Rani	On Giacometti	LIKE	dEfi8z3-YNk	MPREb_qwyDiD7asAi	UCkBoNlyN9hWbq6uO_CqGeIg
705	Alberto	Hania Rani	On Giacometti	LIKE	KY2oUNBviRA	MPREb_qwyDiD7asAi	UCkBoNlyN9hWbq6uO_CqGeIg
732	Dancing with Ghosts (feat. Patrick Watson)	Hania Rani	Ghosts	LIKE	q0GOJxhjYEQ	MPREb_ty072Lcz78q	UCkBoNlyN9hWbq6uO_CqGeIg
966	Stampa	Hania Rani	On Giacometti	LIKE	COZ6-9ETOd0	MPREb_qwyDiD7asAi	UCkBoNlyN9hWbq6uO_CqGeIg
982	Whispering House	Hania Rani	Ghosts	LIKE	NUJD1mKoOd8	MPREb_ty072Lcz78q	UCkBoNlyN9hWbq6uO_CqGeIg
1104	The Boat	Hania Rani	Ghosts	LIKE	Hc7Bichvq6k	MPREb_ty072Lcz78q	UCkBoNlyN9hWbq6uO_CqGeIg
1206	Morning	Hania Rani	On Giacometti	LIKE	6qMQNOqpPvs	MPREb_qwyDiD7asAi	UCkBoNlyN9hWbq6uO_CqGeIg
1221	Dreamy	Hania Rani	On Giacometti	LIKE	p52l5PoAeiA	MPREb_qwyDiD7asAi	UCkBoNlyN9hWbq6uO_CqGeIg
1261	Storm	Hania Rani	On Giacometti	LIKE	21tD5Tg06f8	MPREb_qwyDiD7asAi	UCkBoNlyN9hWbq6uO_CqGeIg
1295	Utrata	Hania Rani	Ghosts	LIKE	JQyHpe9gAZ0	MPREb_ty072Lcz78q	UCkBoNlyN9hWbq6uO_CqGeIg
1398	Moans	Hania Rani	Ghosts	LIKE	Nk3XvwWr6nw	MPREb_ty072Lcz78q	UCkBoNlyN9hWbq6uO_CqGeIg
734	My Name is Dark (Art Mix)	Grimes	Miss Anthropocene	LIKE	vVRSHnuy3MY	MPREb_FMCIj6Eig1E	UCzVh-F-RZdTHGV3S1o4KBWQ
1097	IDORU (Algorithm Mix)	Grimes	Miss Anthropocene (Deluxe Edition)	LIKE	A5cJ1VEpWEY	MPREb_BG3NaQue4eb	UCzVh-F-RZdTHGV3S1o4KBWQ
1126	So Heavy I Fell Through the Earth (Art Mix)	Grimes	Miss Anthropocene	LIKE	bFxORIkGz2g	MPREb_FMCIj6Eig1E	UCzVh-F-RZdTHGV3S1o4KBWQ
34	The Score	Grian Chatten	Chaos For The Fly	LIKE	1QFoBjPF6MQ	MPREb_U7wtrHeVd6g	UCtyStxL4LFHxbGBOf2Iedvw
641	Bob's Casino	Grian Chatten	Chaos For The Fly	LIKE	TryND1q7V3c	MPREb_U7wtrHeVd6g	UCtyStxL4LFHxbGBOf2Iedvw
678	Last Time Every Time Forever	Grian Chatten	Chaos For The Fly	LIKE	uEBBwTvBSjM	MPREb_U7wtrHeVd6g	UCtyStxL4LFHxbGBOf2Iedvw
498	Dingaling	Greentea Peng	MAN MADE	LIKE	06cQ_PrwDXc	MPREb_LGMDy2AoQvh	UCLi9BEXTwUeCdrp9Mt0Oxbg
514	Make Noise	Greentea Peng	MAN MADE	LIKE	Dyfj-vz5Ipw	MPREb_LGMDy2AoQvh	UCLi9BEXTwUeCdrp9Mt0Oxbg
67	Momentary Bliss (feat. slowthai, Slaves & slowthai and Slaves)	Gorillaz	Song Machine, Season One: Strange Timez (Deluxe)	LIKE	dcwxoCBGxfQ	MPREb_F0M2P7g4IQA	UCNIV5B_aJnLrKDSnW_MOmcQ
97	Baby Queen	Gorillaz	Cracker Island	LIKE	OsexigbYj4o	MPREb_KILg4o6v8f2	UCNIV5B_aJnLrKDSnW_MOmcQ
197	The Tired Influencer	Gorillaz	Cracker Island	LIKE	eVFS-9QO6Dc	MPREb_KILg4o6v8f2	UCNIV5B_aJnLrKDSnW_MOmcQ
330	Aries (feat. Peter Hook, Georgia & Peter Hook and Georgia)	Gorillaz	Song Machine, Season One: Strange Timez (Deluxe)	LIKE	Z-A5Q74jo_0	MPREb_F0M2P7g4IQA	UCNIV5B_aJnLrKDSnW_MOmcQ
501	Cracker Island (feat. Thundercat)	Gorillaz	Cracker Island	LIKE	7f0K30fDgS0	MPREb_KILg4o6v8f2	UCNIV5B_aJnLrKDSnW_MOmcQ
866	Désolé [Extended Version] (feat. Fatoumata Diawara)	Gorillaz	Song Machine, Season One: Strange Timez (Deluxe)	LIKE	r1DR3s_esLE	MPREb_F0M2P7g4IQA	UCNIV5B_aJnLrKDSnW_MOmcQ
904	New Gold (feat. Tame Impala & Bootie Brown)	Gorillaz	Cracker Island	LIKE	K03lsjW0HQk	MPREb_KILg4o6v8f2	UCNIV5B_aJnLrKDSnW_MOmcQ
1133	Possession Island (feat. Beck)	Gorillaz	Cracker Island	LIKE	X9L3UWPRR6M	MPREb_KILg4o6v8f2	UCNIV5B_aJnLrKDSnW_MOmcQ
1333	Pac-Man (feat. ScHoolboy Q)	Gorillaz	Song Machine, Season One: Strange Timez (Deluxe)	LIKE	KPPUYijUvYw	MPREb_F0M2P7g4IQA	UCNIV5B_aJnLrKDSnW_MOmcQ
1366	Tarantula	Gorillaz	Cracker Island	LIKE	GfpJXL7qVwI	MPREb_KILg4o6v8f2	UCNIV5B_aJnLrKDSnW_MOmcQ
183	Chrome	Gold Panda	The Work	LIKE	H9ktZtqBeoM	MPREb_TXPtOi3WOtt	UC68yNj_3xz9ppq6zAG_wESQ
199	Joni's Room	Gold Panda	The Work	LIKE	hC65qRQHHjY	MPREb_TXPtOi3WOtt	UC68yNj_3xz9ppq6zAG_wESQ
220	The Want	Gold Panda	The Work	LIKE	jF40ELPTJTI	MPREb_TXPtOi3WOtt	UC68yNj_3xz9ppq6zAG_wESQ
548	New Days	Gold Panda	The Work	LIKE	d3GJV0I2Us8	MPREb_TXPtOi3WOtt	UC68yNj_3xz9ppq6zAG_wESQ
576	I Spiral	Gold Panda	The Work	LIKE	w7oZ-bPaPaw	MPREb_TXPtOi3WOtt	UC68yNj_3xz9ppq6zAG_wESQ
745	I've Felt Better (Than I Do Now)	Gold Panda	The Work	LIKE	4R0oxnivvVM	MPREb_TXPtOi3WOtt	UC68yNj_3xz9ppq6zAG_wESQ
1068	Arima	Gold Panda	The Work	LIKE	aAkq_SwpsTE	MPREb_TXPtOi3WOtt	UC68yNj_3xz9ppq6zAG_wESQ
1076	Plastic Future	Gold Panda	The Work	LIKE	F90Vqs6yhKA	MPREb_TXPtOi3WOtt	UC68yNj_3xz9ppq6zAG_wESQ
1213	The Corner	Gold Panda	The Work	LIKE	TIAbnyMt-sY	MPREb_TXPtOi3WOtt	UC68yNj_3xz9ppq6zAG_wESQ
1272	Swimmer	Gold Panda	The Work	LIKE	ObX5cEXITrk	MPREb_TXPtOi3WOtt	UC68yNj_3xz9ppq6zAG_wESQ
1371	The Dream	Gold Panda	The Work	LIKE	s0xHyQ-2X2Y	MPREb_TXPtOi3WOtt	UC68yNj_3xz9ppq6zAG_wESQ
233	Tokyo Drifting	Glass Animals	Dreamland	LIKE	ZgfYwoci2dw	MPREb_8nfkkpxSV9M	UCfeJiV0Xu-C4z4DApRcznig
244	Hot Sugar	Glass Animals	Dreamland	LIKE	xcr4njTar0s	MPREb_8nfkkpxSV9M	UCfeJiV0Xu-C4z4DApRcznig
837	Tangerine	Glass Animals	Dreamland	LIKE	jB2tIfKpIuQ	MPREb_8nfkkpxSV9M	UCfeJiV0Xu-C4z4DApRcznig
1349	Waterfalls Coming Out Your Mouth	Glass Animals	Dreamland	LIKE	xUqjPOYOOBY	MPREb_8nfkkpxSV9M	UCfeJiV0Xu-C4z4DApRcznig
306	Susan Maybe	Gigi Masin	Calypso	LIKE	gxixqtsOJAc	MPREb_7hEBRpHnNIR	UCD2K6-P7HGmA3OKhtecWUDg
557	Bellamore	Gigi Masin	Calypso	LIKE	VL_-pwyxUgY	MPREb_7hEBRpHnNIR	UCD2K6-P7HGmA3OKhtecWUDg
1018	Calypso	Gigi Masin	Calypso	LIKE	YVQZsKEHOaY	MPREb_cMRM1kWZuek	UCD2K6-P7HGmA3OKhtecWUDg
981	Started Out	Georgia	Seeking Thrills	LIKE	0KIo4krtAfI	MPREb_qwIYUK1ubPw	UCxvAuT4teHaw0hwN__QGNMw
730	I See Myself	Geese	3D Country	LIKE	-uSWBu77EE4	MPREb_GskbjtS7MLX	UCJuKGgCDDfy3adQEoDE58_g
876	Crusades	Geese	3D Country	LIKE	kNW7zl5cuU0	MPREb_GskbjtS7MLX	UCJuKGgCDDfy3adQEoDE58_g
1050	Undoer	Geese	3D Country	LIKE	zgpjGgjKNaQ	MPREb_GskbjtS7MLX	UCJuKGgCDDfy3adQEoDE58_g
1185	Gravity Blues	Geese	3D Country	LIKE	zZ3RgenuTYs	MPREb_GskbjtS7MLX	UCJuKGgCDDfy3adQEoDE58_g
247	Many Tears To Cry	GUM	Out In The World	LIKE	77F24JJpDVM	MPREb_Iwa1s3NxE6k	UC4FKlRxemR7reIi_vmmPjhw
421	The Thrill Of Doing It Right	GUM	Out In The World	LIKE	Eu1EQfxn1Fk	MPREb_Iwa1s3NxE6k	UC4FKlRxemR7reIi_vmmPjhw
979	Weightless in L.A	GUM	Out In The World	LIKE	GYVD_qrBXi8	MPREb_Iwa1s3NxE6k	UC4FKlRxemR7reIi_vmmPjhw
1163	Out In The World	GUM	Out In The World	LIKE	EpZaCX1EbAc	MPREb_Iwa1s3NxE6k	UC4FKlRxemR7reIi_vmmPjhw
1222	Low To Low	GUM	Out In The World	LIKE	z8qLc868GgI	MPREb_Iwa1s3NxE6k	UC4FKlRxemR7reIi_vmmPjhw
725	Time Collapse	Fuzz	III	LIKE	J_Xio_X5rFA	MPREb_CkteLhwB8Kc	UCZ5wcF_rfHH6bgLejJjqFMw
779	Blind to Vines	Fuzz	III	LIKE	TQ7qxXOcruw	MPREb_CkteLhwB8Kc	UCZ5wcF_rfHH6bgLejJjqFMw
23	Clara (the night is dark)	Fred again..	Actual Life 3 (January 1 - September 9 2022)	LIKE	rBO7VKSPhAc	MPREb_tP5IEEe12bp	UCvA7ExlBsBUb5XQEYzJC1ww
191	Eyelar (shutters)	Fred again..	Actual Life 3 (January 1 - September 9 2022)	LIKE	wG1MDyLPEQk	MPREb_tP5IEEe12bp	UCvA7ExlBsBUb5XQEYzJC1ww
320	Delilah (pull me out of this)	Fred again..	Actual Life 3 (January 1 - September 9 2022)	LIKE	Q6MhT4n9nKI	MPREb_tP5IEEe12bp	UCvA7ExlBsBUb5XQEYzJC1ww
445	Kammy (like i do)	Fred again..	Actual Life 3 (January 1 - September 9 2022)	LIKE	xtYyfgfv0BU	MPREb_tP5IEEe12bp	UCvA7ExlBsBUb5XQEYzJC1ww
463	Billie (loving arms)	Fred again..	Actual Life 2 (February 2 - October 15 2021)	LIKE	ylBng2jQvfY	MPREb_eZ5KwgqtePa	UCvA7ExlBsBUb5XQEYzJC1ww
526	Nathan (still breathing)	Fred again..	Actual Life 3 (January 1 - September 9 2022)	LIKE	3eEBQQUHqto	MPREb_tP5IEEe12bp	UCvA7ExlBsBUb5XQEYzJC1ww
604	Danielle (smile on my face)	Fred again..	Actual Life 3 (January 1 - September 9 2022)	LIKE	Ho_2xO-UpFA	MPREb_tP5IEEe12bp	UCvA7ExlBsBUb5XQEYzJC1ww
707	Kyle (i found you)	Fred again..	Actual Life (April 14 - December 17 2020)	LIKE	Ci1KQhYZvMs	MPREb_Lil7rloGsF4	UCvA7ExlBsBUb5XQEYzJC1ww
1267	Sabrina (i am a party)	Fred again..	Actual Life (April 14 - December 17 2020)	LIKE	tGsNjTfFAvc	MPREb_Lil7rloGsF4	UCvA7ExlBsBUb5XQEYzJC1ww
106	Mama Teaches Sanskrit	Four Tet	Sixteen Oceans	LIKE	usqUCenkYhY	MPREb_gvm4Kl6rNsJ	UCd6q-S_HAePombe72bczCkA
174	Romantics	Four Tet	Sixteen Oceans	LIKE	ks3qR32qzWg	MPREb_gvm4Kl6rNsJ	UCd6q-S_HAePombe72bczCkA
176	Harpsichord	Four Tet	Sixteen Oceans	LIKE	7eOfFmI62lM	MPREb_gvm4Kl6rNsJ	UCd6q-S_HAePombe72bczCkA
276	Parallel 4	Four Tet	Parallel	LIKE	5aSNc3eWs5c	MPREb_hjHG6wGi3b9	UCd6q-S_HAePombe72bczCkA
370	Skater	Four Tet	Three	LIKE	1BPEhDTscqE	MPREb_2XA7lrEoWN0	UCd6q-S_HAePombe72bczCkA
482	Teenage Birdsong	Four Tet	Sixteen Oceans	LIKE	yYEq9ZhZvl8	MPREb_gvm4Kl6rNsJ	UCd6q-S_HAePombe72bczCkA
700	Baby	Four Tet	Sixteen Oceans	LIKE	BhvEtB5m7yM	MPREb_gvm4Kl6rNsJ	UCd6q-S_HAePombe72bczCkA
1116	31 Bloom	Four Tet	Three	LIKE	XwFvnS9R6Qg	MPREb_2XA7lrEoWN0	UCd6q-S_HAePombe72bczCkA
1413	School	Four Tet	Sixteen Oceans	LIKE	ZPREjok9YIU	MPREb_gvm4Kl6rNsJ	UCd6q-S_HAePombe72bczCkA
1098	Rescued	Foo Fighters	But Here We Are	LIKE	f_W2FyI1giU	MPREb_MBzrfM1jsmU	UCwDw2KaS8jRUxAPScL2U8og
1152	Hearing Voices	Foo Fighters	But Here We Are	LIKE	P3KoSFRPjb8	MPREb_MBzrfM1jsmU	UCwDw2KaS8jRUxAPScL2U8og
45	Jackie Down The Line	Fontaines D.C.	Skinty Fia go deo	LIKE	QeIuQwW25jM	MPREb_9mOFUzlXK2U	UC0nEcTGDKDsdF4KcCh3-NUQ
715	Bloomsday	Fontaines D.C.	Skinty Fia go deo	LIKE	4MKvYdzxWuE	MPREb_9mOFUzlXK2U	UC0nEcTGDKDsdF4KcCh3-NUQ
800	In ár gCroíthe go deo	Fontaines D.C.	Skinty Fia go deo	LIKE	Joyk7bISRDA	MPREb_9mOFUzlXK2U	UC0nEcTGDKDsdF4KcCh3-NUQ
896	Sunny	Fontaines D.C.	A Hero's Death	LIKE	30E_fCMmqCM	MPREb_S8Z4NC3kgyl	UC0nEcTGDKDsdF4KcCh3-NUQ
984	Roman Holiday	Fontaines D.C.	Roman Holiday	LIKE	4ugtUv1LQg8	MPREb_NvT0tuT35r8	UC0nEcTGDKDsdF4KcCh3-NUQ
1195	Big Shot	Fontaines D.C.	Skinty Fia go deo	LIKE	F7dqcMa6rYI	MPREb_9mOFUzlXK2U	UC0nEcTGDKDsdF4KcCh3-NUQ
1211	Televised Mind	Fontaines D.C.	A Hero's Death	LIKE	Fb7MFY5A3Ew	MPREb_S8Z4NC3kgyl	UC0nEcTGDKDsdF4KcCh3-NUQ
1263	I Don't Belong	Fontaines D.C.	A Hero's Death	LIKE	vYRncUK11a8	MPREb_S8Z4NC3kgyl	UC0nEcTGDKDsdF4KcCh3-NUQ
1393	I Love You	Fontaines D.C.	Skinty Fia go deo	LIKE	IHAz0CpuESk	MPREb_9mOFUzlXK2U	UC0nEcTGDKDsdF4KcCh3-NUQ
117	Your Lord	Flying Lotus	Yasuke	LIKE	WDUQjSjll3g	MPREb_N3vCMImc4Q8	UCJvOvKwxPEL-4RtSvu_nWhQ
221	Your Screams	Flying Lotus	Yasuke	LIKE	YS1_n_jc-uA	MPREb_N3vCMImc4Q8	UCJvOvKwxPEL-4RtSvu_nWhQ
308	Your Day Off	Flying Lotus	Yasuke	LIKE	1JvJKGlKMko	MPREb_N3vCMImc4Q8	UCJvOvKwxPEL-4RtSvu_nWhQ
349	Hiding in the Shadows (feat. Niki Randa)	Flying Lotus	Yasuke	LIKE	inxJfA15GmY	MPREb_N3vCMImc4Q8	UCJvOvKwxPEL-4RtSvu_nWhQ
439	Survivors	Flying Lotus	Yasuke	LIKE	2Njuaqj6h74	MPREb_N3vCMImc4Q8	UCJvOvKwxPEL-4RtSvu_nWhQ
569	Pain and Blood	Flying Lotus	Yasuke	LIKE	cS1rLDBeDz0	MPREb_N3vCMImc4Q8	UCJvOvKwxPEL-4RtSvu_nWhQ
591	Fighting Without Honor	Flying Lotus	Yasuke	LIKE	viNEZq3Rb_8	MPREb_N3vCMImc4Q8	UCJvOvKwxPEL-4RtSvu_nWhQ
696	Shoreline Sus	Flying Lotus	Yasuke	LIKE	PtV4UlHkTPs	MPREb_N3vCMImc4Q8	UCJvOvKwxPEL-4RtSvu_nWhQ
811	Your Head // We Won	Flying Lotus	Yasuke	LIKE	k3rDK-9b7cY	MPREb_N3vCMImc4Q8	UCJvOvKwxPEL-4RtSvu_nWhQ
822	Mind Flight	Flying Lotus	Yasuke	LIKE	WhmC3XzWZrE	MPREb_N3vCMImc4Q8	UCJvOvKwxPEL-4RtSvu_nWhQ
847	Crust	Flying Lotus	Yasuke	LIKE	cfhN0dgU3ag	MPREb_N3vCMImc4Q8	UCJvOvKwxPEL-4RtSvu_nWhQ
1086	This Cursed Life	Flying Lotus	Yasuke	LIKE	Of4QMgyLAek	MPREb_N3vCMImc4Q8	UCJvOvKwxPEL-4RtSvu_nWhQ
1161	Black Gold (feat. Thundercat)	Flying Lotus	Yasuke	LIKE	rGa0JbAZtTE	MPREb_N3vCMImc4Q8	UCJvOvKwxPEL-4RtSvu_nWhQ
1308	Sachi	Flying Lotus	Yasuke	LIKE	XZSE1xTGPjo	MPREb_N3vCMImc4Q8	UCJvOvKwxPEL-4RtSvu_nWhQ
1395	Enchanted	Flying Lotus	Yasuke	LIKE	GKugCo_eeks	MPREb_N3vCMImc4Q8	UCJvOvKwxPEL-4RtSvu_nWhQ
42	DHLC	Flume	Palaces	LIKE	MBio23_v6u0	MPREb_HLU4ajrAzcU	UCEdhHl4ZB0JXIinqZ367F6w
325	Palaces (feat. Damon Albarn)	Flume	Palaces	LIKE	codNQoAOUoE	MPREb_HLU4ajrAzcU	UCEdhHl4ZB0JXIinqZ367F6w
351	I Can't Tell (feat. LAUREL)	Flume	Palaces	LIKE	idPIGcXn0dM	MPREb_HLU4ajrAzcU	UCEdhHl4ZB0JXIinqZ367F6w
455	Jasper's Song	Flume	Palaces	LIKE	fJPxXU-sC9c	MPREb_HLU4ajrAzcU	UCEdhHl4ZB0JXIinqZ367F6w
583	Love Light	Flume	Palaces	LIKE	7rcz7512PUs	MPREb_HLU4ajrAzcU	UCEdhHl4ZB0JXIinqZ367F6w
945	Sirens (feat. Caroline Polachek)	Flume	Palaces	LIKE	hghyumkP6FE	MPREb_HLU4ajrAzcU	UCEdhHl4ZB0JXIinqZ367F6w
1231	ESCAPE (feat. KUCKA)	Flume	Palaces	LIKE	vmItWf7bAdM	MPREb_HLU4ajrAzcU	UCEdhHl4ZB0JXIinqZ367F6w
1277	Go	Flume	Palaces	LIKE	tr-0ESxliZA	MPREb_HLU4ajrAzcU	UCEdhHl4ZB0JXIinqZ367F6w
84	Movement 6	Floating Points, Pharoah Sanders & The London Symphony Orchestra	Promises	LIKE	Sp251kcTARY	MPREb_ZZsSUVTqG5U	UCHLmGIlqt6qD8JlWIlWhs0A
114	Movement 8	Floating Points, Pharoah Sanders & The London Symphony Orchestra	Promises	LIKE	VL5HdIhgsiQ	MPREb_ZZsSUVTqG5U	UCHLmGIlqt6qD8JlWIlWhs0A
818	Movement 3	Floating Points, Pharoah Sanders & The London Symphony Orchestra	Promises	LIKE	b52g-Lr5pco	MPREb_ZZsSUVTqG5U	UCHLmGIlqt6qD8JlWIlWhs0A
829	Movement 2	Floating Points, Pharoah Sanders & The London Symphony Orchestra	Promises	LIKE	dWoFo5GpkZc	MPREb_ZZsSUVTqG5U	UCHLmGIlqt6qD8JlWIlWhs0A
1006	Movement 4	Floating Points, Pharoah Sanders & The London Symphony Orchestra	Promises	LIKE	i6g5wrv4wrw	MPREb_ZZsSUVTqG5U	UCHLmGIlqt6qD8JlWIlWhs0A
1038	Movement 5	Floating Points, Pharoah Sanders & The London Symphony Orchestra	Promises	LIKE	HSk7hD3t0SM	MPREb_ZZsSUVTqG5U	UCHLmGIlqt6qD8JlWIlWhs0A
1077	Movement 1	Floating Points, Pharoah Sanders & The London Symphony Orchestra	Promises	LIKE	tEjnkwnluWc	MPREb_ZZsSUVTqG5U	UCHLmGIlqt6qD8JlWIlWhs0A
1224	Movement 7	Floating Points, Pharoah Sanders & The London Symphony Orchestra	Promises	LIKE	gT7Ppc7VtxI	MPREb_ZZsSUVTqG5U	UCHLmGIlqt6qD8JlWIlWhs0A
202	Key103	Floating Points	Cascade	LIKE	4yzW6E8iCls	MPREb_aqBpoQGU9Lc	UCHLmGIlqt6qD8JlWIlWhs0A
457	Fast Forward	Floating Points	Cascade	LIKE	EwOp7H-DmnQ	MPREb_aqBpoQGU9Lc	UCHLmGIlqt6qD8JlWIlWhs0A
616	Ocotillo	Floating Points	Cascade	LIKE	sSjGj3_2Z4o	MPREb_aqBpoQGU9Lc	UCHLmGIlqt6qD8JlWIlWhs0A
804	Birth4000	Floating Points	Cascade	LIKE	FClPu5aA8EE	MPREb_aqBpoQGU9Lc	UCHLmGIlqt6qD8JlWIlWhs0A
131	Young Man's Game	Fleet Foxes	Shore	LIKE	WYG-cjDkG88	MPREb_CUamDFBnscS	UCOz1sUIzEHqm8kylpb0W-Fg
368	Shore	Fleet Foxes	Shore	LIKE	TIvtWzYV99k	MPREb_CUamDFBnscS	UCOz1sUIzEHqm8kylpb0W-Fg
373	Going-to-the-Sun Road	Fleet Foxes	Shore	LIKE	DQ48DeooyTQ	MPREb_CUamDFBnscS	UCOz1sUIzEHqm8kylpb0W-Fg
433	Jara	Fleet Foxes	Shore	LIKE	5hn0NYy4IvQ	MPREb_CUamDFBnscS	UCOz1sUIzEHqm8kylpb0W-Fg
1053	Can I Believe You	Fleet Foxes	Shore	LIKE	ySfQc_HuxbU	MPREb_CUamDFBnscS	UCOz1sUIzEHqm8kylpb0W-Fg
153	Shameika	Fiona Apple	Fetch The Bolt Cutters	LIKE	0SbNuuSj_T4	MPREb_THra6CyCfb4	UCLKPWf8Xm8m_VMb6i4PsMZg
280	Rack of His	Fiona Apple	Fetch The Bolt Cutters	LIKE	J5W-50x_JxE	MPREb_THra6CyCfb4	UCLKPWf8Xm8m_VMb6i4PsMZg
300	Newspaper	Fiona Apple	Fetch The Bolt Cutters	LIKE	F1C87ZtflS8	MPREb_THra6CyCfb4	UCLKPWf8Xm8m_VMb6i4PsMZg
893	Fetch The Bolt Cutters	Fiona Apple	Fetch The Bolt Cutters	LIKE	1OkoyfDAAm8	MPREb_THra6CyCfb4	UCLKPWf8Xm8m_VMb6i4PsMZg
938	Ladies	Fiona Apple	Fetch The Bolt Cutters	LIKE	HR83JsJU0Wo	MPREb_THra6CyCfb4	UCLKPWf8Xm8m_VMb6i4PsMZg
1102	Relay	Fiona Apple	Fetch The Bolt Cutters	LIKE	-3EIQxfnNY4	MPREb_THra6CyCfb4	UCLKPWf8Xm8m_VMb6i4PsMZg
1168	Heavy Balloon	Fiona Apple	Fetch The Bolt Cutters	LIKE	gHlRoUxf_l0	MPREb_THra6CyCfb4	UCLKPWf8Xm8m_VMb6i4PsMZg
1379	Cosmonauts	Fiona Apple	Fetch The Bolt Cutters	LIKE	kHiur2gtuTw	MPREb_THra6CyCfb4	UCLKPWf8Xm8m_VMb6i4PsMZg
652	Bottom Of The Ocean	Fever Ray	Radical Romantics	LIKE	B022JjRK5tE	MPREb_IBXyjzcjVyJ	UCRaHFNd1y3DzyPHSLSeIR-Q
1156	Shiver	Fever Ray	Radical Romantics	LIKE	c0nYGTArblU	MPREb_IBXyjzcjVyJ	UCRaHFNd1y3DzyPHSLSeIR-Q
290	Half-Moon Bag	Feng Suave	Half-Moon Bag	LIKE	aRADg1xUNx0	MPREb_dGASgLvKjdn	UCZnFQRvNqTB2Wrdsifs1FVw
936	Maybe Another Time	Feng Suave	Maybe Another Time	LIKE	9x5FwtvQLwQ	MPREb_twTXoTaSlt7	UCZnFQRvNqTB2Wrdsifs1FVw
1208	People Wither	Feng Suave	Warping Youth	LIKE	YP7sqpX9QtI	MPREb_XUc0f2N13zG	UCZnFQRvNqTB2Wrdsifs1FVw
1293	Toking, Dozing	Feng Suave	Toking, Dozing	LIKE	XbX8cj-c-nE	MPREb_z1DS0I09rKu	UCZnFQRvNqTB2Wrdsifs1FVw
442	Song For Sad Friends	Feist	Multitudes	LIKE	STjCrBYBXTw	MPREb_VEtj0tVgs9w	UCpqoOPpIfyUu6qCh-i-lUtQ
508	Hiding Out In The Open	Feist	Multitudes	LIKE	F2R1KjL4c-k	MPREb_VEtj0tVgs9w	UCpqoOPpIfyUu6qCh-i-lUtQ
1291	The Redwing	Feist	Multitudes	LIKE	ecsYpc7-SH4	MPREb_VEtj0tVgs9w	UCpqoOPpIfyUu6qCh-i-lUtQ
217	Q4	Father John Misty	Chloë and the Next 20th Century	LIKE	hv3JezNMmac	MPREb_X69M9evvcVe	UCbDizOzZ4qTxDBAVc5xbbAw
266	Olvidado (Otro Momento)	Father John Misty	Chloë and the Next 20th Century	LIKE	932Ag6abuZ4	MPREb_X69M9evvcVe	UCbDizOzZ4qTxDBAVc5xbbAw
505	Funny Girl	Father John Misty	Chloë and the Next 20th Century	LIKE	CIz6UUaODUA	MPREb_X69M9evvcVe	UCbDizOzZ4qTxDBAVc5xbbAw
411	Us	FKJ	V I N C E N T	LIKE	SdaBSTWF4Bc	MPREb_6mO8e7Sf4En	UCxcGxv-per5g7A9be800tQA
586	Different Masks For Different Days	FKJ	V I N C E N T	LIKE	0vRnYuUZm3U	MPREb_6mO8e7Sf4En	UCxcGxv-per5g7A9be800tQA
895	Way Out	FKJ	V I N C E N T	LIKE	flttth2kROc	MPREb_6mO8e7Sf4En	UCxcGxv-per5g7A9be800tQA
1073	Does It Exist	FKJ	V I N C E N T	LIKE	oeVSz0v1mZU	MPREb_6mO8e7Sf4En	UCxcGxv-per5g7A9be800tQA
1180	The Mission	FKJ	V I N C E N T	LIKE	L8CXSHOvYoQ	MPREb_6mO8e7Sf4En	UCxcGxv-per5g7A9be800tQA
1240	Stay A Child	FKJ	V I N C E N T	LIKE	MY0Eorkf9ok	MPREb_6mO8e7Sf4En	UCxcGxv-per5g7A9be800tQA
22	christi interlude	FKA twigs	CAPRISONGS	LIKE	k8D3xXG7JGQ	MPREb_M6gQHYJxgAM	UC_iqdQXYWYi_zCcd8q2G0rQ
771	ride the dragon	FKA twigs	CAPRISONGS	LIKE	aYyqkfc7lbI	MPREb_M6gQHYJxgAM	UC_iqdQXYWYi_zCcd8q2G0rQ
89	Moving On	Explosions in the Sky	End	LIKE	wEsqKnxoXXs	MPREb_Ip5JzS8nvA2	UCIVIcUSH-dwFSEn9fNC6n1g
1078	The Fight	Explosions in the Sky	End	LIKE	TLM7MBqUTj4	MPREb_Ip5JzS8nvA2	UCIVIcUSH-dwFSEn9fNC6n1g
637	JU$T (feat. Zack de la Rocha & Pharrell Williams)	El-P	RTJ4	LIKE	EzVRQ6RiRDQ	MPREb_M4NbItvjlAD	UC1Y58b7kzPp1ERouiMjafSg
219	Glorious Game	El Michels Affair	Glorious Game	LIKE	rAQ72hV5uzA	MPREb_gTUXrjV3tCa	UCkT-SJm24vsK5gGcYzg8MRQ
536	Rubix	El Michels Affair	Adult Themes	LIKE	VfInRNGvJJg	MPREb_LZsqqjkOz2z	UCkT-SJm24vsK5gGcYzg8MRQ
607	Hipps	El Michels Affair	Adult Themes	LIKE	IC5VqwM8pp8	MPREb_LZsqqjkOz2z	UCkT-SJm24vsK5gGcYzg8MRQ
1173	Ala Vida	El Michels Affair	Yeti Season (Deluxe Version)	LIKE	UgLEeINmXBk	MPREb_drkG35veJxN	UCkT-SJm24vsK5gGcYzg8MRQ
270	2010	Earl Sweatshirt	SICK!	LIKE	yne3KlJ7J3M	MPREb_U72ZZRa4lZg	UCrE_FNQxg5oXy8SLQ63Nx7A
683	Fire in the Hole	Earl Sweatshirt	SICK!	LIKE	ove1KVGZdl8	MPREb_U72ZZRa4lZg	UCrE_FNQxg5oXy8SLQ63Nx7A
946	Old Friend	Earl Sweatshirt	SICK!	LIKE	2UWRUBfS2iY	MPREb_U72ZZRa4lZg	UCrE_FNQxg5oXy8SLQ63Nx7A
11	Brasil	EOB	Earth	LIKE	nOl_ddXchVE	MPREb_n0FAJesh66Q	UCgiKdmzPkrEWchwp4PTBDgw
648	Shangri-La	EOB	Earth	LIKE	pSik4FqHT2M	MPREb_n0FAJesh66Q	UCgiKdmzPkrEWchwp4PTBDgw
1092	Deep Days	EOB	Earth	LIKE	8cNJu4vcEtc	MPREb_n0FAJesh66Q	UCgiKdmzPkrEWchwp4PTBDgw
1130	Sail On	EOB	Earth	LIKE	LCrsUxPUmIQ	MPREb_n0FAJesh66Q	UCgiKdmzPkrEWchwp4PTBDgw
1178	Cloak of the Night	EOB	Earth	LIKE	W5xCSPuqjr8	MPREb_n0FAJesh66Q	UCgiKdmzPkrEWchwp4PTBDgw
264	Something	Duval Timothy	Help	LIKE	pfJC2Lkjr6c	MPREb_c3yILsheAs6	UCcmN726aNjxW8s0z_8RnTIA
315	Still Happened	Duval Timothy	Help	LIKE	wR8aXtR8J-Q	MPREb_c3yILsheAs6	UCcmN726aNjxW8s0z_8RnTIA
382	9	Duval Timothy	Help	LIKE	H9Eef0jOqP8	MPREb_c3yILsheAs6	UCcmN726aNjxW8s0z_8RnTIA
461	Slave	Duval Timothy	Help	LIKE	UwQ4nijVCrk	MPREb_c3yILsheAs6	UCcmN726aNjxW8s0z_8RnTIA
571	Next Tomorrow	Duval Timothy	Help	LIKE	Ky54n29VbSg	MPREb_c3yILsheAs6	UCcmN726aNjxW8s0z_8RnTIA
615	Groundnut	Duval Timothy	Help	LIKE	ufV0CKPzplk	MPREb_c3yILsheAs6	UCcmN726aNjxW8s0z_8RnTIA
833	Radish	Duval Timothy	Help	LIKE	nZIqJljCZmI	MPREb_c3yILsheAs6	UCcmN726aNjxW8s0z_8RnTIA
929	U	Duval Timothy	Help	LIKE	WzLZApSlgyw	MPREb_c3yILsheAs6	UCcmN726aNjxW8s0z_8RnTIA
987	Alone	Duval Timothy	Help	LIKE	VSQkBoBjlBo	MPREb_c3yILsheAs6	UCcmN726aNjxW8s0z_8RnTIA
1344	Ice	Duval Timothy	Help	LIKE	Yj_RlRFJqhk	MPREb_c3yILsheAs6	UCcmN726aNjxW8s0z_8RnTIA
1370	Morning	Duval Timothy	Help	LIKE	esiObuE1uT4	MPREb_c3yILsheAs6	UCcmN726aNjxW8s0z_8RnTIA
309	Retrograde	Duster	Together	LIKE	A6WJx3QpWAc	MPREb_BZaHsI8I1TX	UCZkINlw1KmC1GiOqyx3tBPA
343	Teeth	Duster	Together	LIKE	_DBcCNxnxDE	MPREb_BZaHsI8I1TX	UCZkINlw1KmC1GiOqyx3tBPA
579	Drifter	Duster	Together	LIKE	oHHlTrLcTXU	MPREb_BZaHsI8I1TX	UCZkINlw1KmC1GiOqyx3tBPA
721	New Directions	Duster	Together	LIKE	WKQQjvLFg5Y	MPREb_BZaHsI8I1TX	UCZkINlw1KmC1GiOqyx3tBPA
941	Making Room	Duster	Together	LIKE	Oye6EN-E1Hg	MPREb_BZaHsI8I1TX	UCZkINlw1KmC1GiOqyx3tBPA
1015	Moonroam	Duster	Together	LIKE	NQnwqeon7-4	MPREb_BZaHsI8I1TX	UCZkINlw1KmC1GiOqyx3tBPA
1230	Escalator	Duster	Together	LIKE	Ri8DOaRfgxc	MPREb_BZaHsI8I1TX	UCZkINlw1KmC1GiOqyx3tBPA
1331	Time Glitch	Duster	Together	LIKE	1uazate95cs	MPREb_BZaHsI8I1TX	UCZkINlw1KmC1GiOqyx3tBPA
16	Pretty Please	Dua Lipa	Future Nostalgia	LIKE	SI0aAEBA7Rw	MPREb_iWdtzQKst5b	UCzVb0SIXp9q9PeKCcFjsBtA
723	Levitating	Dua Lipa	Future Nostalgia	LIKE	OsfAnsMY21M	MPREb_iWdtzQKst5b	UCzVb0SIXp9q9PeKCcFjsBtA
1357	Don't Start Now	Dua Lipa	Future Nostalgia	LIKE	wd9_QCH8Eq4	MPREb_iWdtzQKst5b	UCzVb0SIXp9q9PeKCcFjsBtA
10	No Decent Shoes For Rain	Dry Cleaning	Stumpwork	LIKE	QakDPVbtSq4	MPREb_bkMJN548EGx	UCoSgLAvtgQVCxO6Wt5vwEeA
226	Anna Calls From The Arctic	Dry Cleaning	Stumpwork	LIKE	qmhRXLU_3yg	MPREb_bkMJN548EGx	UCoSgLAvtgQVCxO6Wt5vwEeA
644	John Wick	Dry Cleaning	New Long Leg	LIKE	FcmZZeOawNE	MPREb_8Fe9BDs4DMt	UCoSgLAvtgQVCxO6Wt5vwEeA
1318	Driver's Story	Dry Cleaning	Stumpwork	LIKE	dlTtcN39TvU	MPREb_bkMJN548EGx	UCoSgLAvtgQVCxO6Wt5vwEeA
1176	Posse Cut (feat. Bambina & Sean Nicholas Savage)	Drugdealer & Sedona	Hiding in Plain Sight	LIKE	oQpTOpv6p6I	MPREb_SZz3l57zs1y	
434	To Live and Drive in LA	Drugdealer	Hiding in Plain Sight	LIKE	K-DM9wgVdSE	MPREb_SZz3l57zs1y	UCdJU4tOWCJ6kuXKzzkZN0xg
629	New Fascination	Drugdealer	Hiding in Plain Sight	LIKE	VoLJdnDvOPw	MPREb_SZz3l57zs1y	UCdJU4tOWCJ6kuXKzzkZN0xg
911	Madison	Drugdealer	Hiding in Plain Sight	LIKE	L25LRy4WozI	MPREb_SZz3l57zs1y	UCdJU4tOWCJ6kuXKzzkZN0xg
1192	Pictures of You	Drugdealer	Hiding in Plain Sight	LIKE	9cU09jqkc6Q	MPREb_SZz3l57zs1y	UCdJU4tOWCJ6kuXKzzkZN0xg
115	ENERGY	Disclosure	ENERGY (Deluxe)	LIKE	cBzeRoliL9o	MPREb_I1LjnuD5A0V	UCMqoUCDT2rtlvBS93GXGqDA
301	Fractal (Interlude)	Disclosure	ENERGY (Deluxe)	LIKE	8kcLe02r9Ew	MPREb_I1LjnuD5A0V	UCMqoUCDT2rtlvBS93GXGqDA
950	Douha (Mali Mali)	Disclosure	ENERGY (Deluxe)	LIKE	fZoX4OTCPwU	MPREb_I1LjnuD5A0V	UCMqoUCDT2rtlvBS93GXGqDA
980	Ce n'est pas	Disclosure	ENERGY (Deluxe)	LIKE	_0ibVaE6pWk	MPREb_I1LjnuD5A0V	UCMqoUCDT2rtlvBS93GXGqDA
1003	Who Knew? (DJ Seinfeld Remix)	Disclosure	ENERGY (Special Edition)	LIKE	U7Jz9TqglW0	MPREb_3PAf2qLzZGe	UCMqoUCDT2rtlvBS93GXGqDA
1372	Tondo	Disclosure	ENERGY (Deluxe)	LIKE	1sYYe3PYj-E	MPREb_I1LjnuD5A0V	UCMqoUCDT2rtlvBS93GXGqDA
116	All My Pretty Dresses	Destroyer	LABYRINTHITIS	LIKE	7s4tXUC_jwQ	MPREb_skx5RJNyoMR	UC_plNzaYghjuzu3CWNSv28g
239	It's in Your Heart Now	Destroyer	LABYRINTHITIS	LIKE	mdgBDMKN8Ls	MPREb_skx5RJNyoMR	UC_plNzaYghjuzu3CWNSv28g
1060	Ghosts Again	Depeche Mode	Memento Mori	LIKE	lpHKtk-WC0Q	MPREb_ZMCJTiH0mEs	UC-CcyIM_seGnGL5-2Fsppow
53	Sanjuro	Denzel Curry	Melt My Eyez See Your Future	LIKE	l3NCMlg2EdM	MPREb_DmsBGpxiUFZ	UCzN1vzi9iELop5XH53ud6Gw
104	Walkin	Denzel Curry	Melt My Eyez See Your Future	LIKE	WYT4gMDHYZw	MPREb_DmsBGpxiUFZ	UCzN1vzi9iELop5XH53ud6Gw
127	Troubles (feat. T-Pain)	Denzel Curry	Melt My Eyez See Your Future	LIKE	QfHeLsSeW6U	MPREb_DmsBGpxiUFZ	UCzN1vzi9iELop5XH53ud6Gw
585	Mental (feat. Saul Williams & Bridget Perez)	Denzel Curry	Melt My Eyez See Your Future	LIKE	7Fg6HJ7mCFE	MPREb_DmsBGpxiUFZ	UCzN1vzi9iELop5XH53ud6Gw
610	The Ills	Denzel Curry	Melt My Eyez See Your Future	LIKE	i5-JFnNphIE	MPREb_DmsBGpxiUFZ	UCzN1vzi9iELop5XH53ud6Gw
661	Angelz (feat. Karriem Riggins)	Denzel Curry	Melt My Eyez See Your Future	LIKE	yHvzYsmQDso	MPREb_DmsBGpxiUFZ	UCzN1vzi9iELop5XH53ud6Gw
729	The Last	Denzel Curry	Melt My Eyez See Your Future	LIKE	5J8dhj0jI98	MPREb_DmsBGpxiUFZ	UCzN1vzi9iELop5XH53ud6Gw
969	X-Wing	Denzel Curry	Melt My Eyez See Your Future	LIKE	Z_1CsRn2BSI	MPREb_DmsBGpxiUFZ	UCzN1vzi9iELop5XH53ud6Gw
1000	John Wayne (feat. Buzzy Lee)	Denzel Curry	Melt My Eyez See Your Future	LIKE	JUR_Csfj05o	MPREb_DmsBGpxiUFZ	UCzN1vzi9iELop5XH53ud6Gw
236	From The Streets	Delvon Lamarr Organ Trio	I Told You So	LIKE	iblmdvh7qgI	MPREb_skpjHgsqBbE	UCu8aRlBsg9w4L9Vx0Yhkddw
793	Call Your Mom	Delvon Lamarr Organ Trio	I Told You So	LIKE	eAKMuxB1ynU	MPREb_skpjHgsqBbE	UCu8aRlBsg9w4L9Vx0Yhkddw
888	Careless Whisper	Delvon Lamarr Organ Trio	I Told You So	LIKE	ZfrHLWhzmlI	MPREb_skpjHgsqBbE	UCu8aRlBsg9w4L9Vx0Yhkddw
1243	Fo Sho	Delvon Lamarr Organ Trio	I Told You So	LIKE	qb0-qu2vP44	MPREb_skpjHgsqBbE	UCu8aRlBsg9w4L9Vx0Yhkddw
252	Urantia	Deftones	Ohms	LIKE	U_kIdo9DGV0	MPREb_OsY0osplAus	UCXQtyZ6gWbOYR5B8Sc2sr3g
317	Ceremony	Deftones	Ohms	LIKE	F3J3mzTOZ94	MPREb_OsY0osplAus	UCXQtyZ6gWbOYR5B8Sc2sr3g
867	Pompeji	Deftones	Ohms	LIKE	_bkbq7BBomA	MPREb_OsY0osplAus	UCXQtyZ6gWbOYR5B8Sc2sr3g
1218	Ohms	Deftones	Ohms	LIKE	91iOtcuIdDg	MPREb_OsY0osplAus	UCXQtyZ6gWbOYR5B8Sc2sr3g
1144	Great Mass of Color	Deafheaven	Infinite Granite	LIKE	CwaJenN_so8	MPREb_cs6iVzcJOXM	UCpJAUou7A5TOpQEoYSVP_zQ
312	Valmont's Pad	Dead Meadow	Valmont's Pad	LIKE	rXXOCS7RoFs	MPREb_huO4NOVyxdQ	UCmRe366myVgHYqjrEIS8ZMg
128	Young Americans (Live in Detroit, 20th October 1974)	David Bowie	I'm Only Dancing (The Soul Tour 74) [Live]	LIKE	ZocfNSzJYpo	MPREb_N9FBn7lMx44	UCvY1eVE6lTebXsdFbbXUtkQ
249	Changes (Live in Detroit, 20th October 1974)	David Bowie	I'm Only Dancing (The Soul Tour 74) [Live]	LIKE	wG_5TPjrD6M	MPREb_N9FBn7lMx44	UCvY1eVE6lTebXsdFbbXUtkQ
671	Rock 'N' Roll Suicide (Live in Detroit, 20th October 1974)	David Bowie	I'm Only Dancing (The Soul Tour 74) [Live]	LIKE	l5NNUz4sQTc	MPREb_N9FBn7lMx44	UCvY1eVE6lTebXsdFbbXUtkQ
815	Moonage Daydream (Live in Detroit, 20th October 1974)	David Bowie	I'm Only Dancing (The Soul Tour 74) [Live]	LIKE	mqsX30UxKvE	MPREb_N9FBn7lMx44	UCvY1eVE6lTebXsdFbbXUtkQ
959	Suffragette City (Live in Detroit, 20th October 1974)	David Bowie	I'm Only Dancing (The Soul Tour 74) [Live]	LIKE	ik5x4-0D_kw	MPREb_N9FBn7lMx44	UCvY1eVE6lTebXsdFbbXUtkQ
974	Rebel Rebel (Live in Detroit, 20th October 1974)	David Bowie	I'm Only Dancing (The Soul Tour 74) [Live]	LIKE	mQGCICqJRfs	MPREb_N9FBn7lMx44	UCvY1eVE6lTebXsdFbbXUtkQ
112	Kids in the Sky	Das Kope	Kids in the Sky	LIKE	Np4DpLR4hyY	MPREb_1Thw3Iq8KwF	UCDp6U8dvos7ELXwA7zxOu2Q
712	L.A.X.	Das Kope	L.A.X.	LIKE	jeNNahGaOiY	MPREb_mPdl7nHpbCy	UCDp6U8dvos7ELXwA7zxOu2Q
754	Tiger	Das Kope	Tiger	LIKE	87zLOI5a4eU	MPREb_8Mx31iIuaPz	UCDp6U8dvos7ELXwA7zxOu2Q
862	Meet You in the Dark	Das Kope	Meet You in the Dark	LIKE	wrV0Qv8hodE	MPREb_YXyioh9AC4b	UCDp6U8dvos7ELXwA7zxOu2Q
1326	Don't Be Late Tonight	Das Kope	Don't Be Late Tonight	LIKE	6Fyi09Pa5Dw	MPREb_EpjgZ2aAFxe	UCDp6U8dvos7ELXwA7zxOu2Q
164	30 (feat. Laura Groves)	Darkstar	Civic Jams	LIKE	E1yhgNyhfdA	MPREb_funvL0gCUiN	UCRAlMv7W0hJeULsSNnX56sA
198	Jam	Darkstar	Civic Jams	LIKE	MvMYmUhBk0Q	MPREb_funvL0gCUiN	UCRAlMv7W0hJeULsSNnX56sA
948	Wolf	Darkstar	Civic Jams	LIKE	D5Z5wWX_O2c	MPREb_HeVyhZsR7AV	UCRAlMv7W0hJeULsSNnX56sA
1380	Blurred	Darkstar	Civic Jams	LIKE	24772l6RjVg	MPREb_funvL0gCUiN	UCRAlMv7W0hJeULsSNnX56sA
238	Cherry	Daphni	Cherry	LIKE	cKaPkL3ezEQ	MPREb_Bcs2YNqyWjl	UCfk1G9VN3pt5bfjbxFFEytQ
597	Mona	Daphni	Cherry	LIKE	-0SB_XQ2S9c	MPREb_Bcs2YNqyWjl	UCfk1G9VN3pt5bfjbxFFEytQ
650	Crimson	Daphni	Cherry	LIKE	zc_8WeDMb7s	MPREb_Bcs2YNqyWjl	UCfk1G9VN3pt5bfjbxFFEytQ
780	Clavicle	Daphni	Cherry	LIKE	9ZieMlXTBHM	MPREb_Bcs2YNqyWjl	UCfk1G9VN3pt5bfjbxFFEytQ
795	Arp Blocks	Daphni	Cherry	LIKE	1z0DW0f1OrI	MPREb_Bcs2YNqyWjl	UCfk1G9VN3pt5bfjbxFFEytQ
873	Arrow	Daphni	Cherry	LIKE	gRnDPiyTtVA	MPREb_Bcs2YNqyWjl	UCfk1G9VN3pt5bfjbxFFEytQ
83	It's A Passage	Daniel Rossen	You Belong There	LIKE	t6lZXgh2BsA	MPREb_XfgOwwTukyR	UCLqIxY-OjKFVdUQqz2oxAhQ
425	Unpeopled Space	Daniel Rossen	You Belong There	LIKE	Oih7105oV_I	MPREb_XfgOwwTukyR	UCLqIxY-OjKFVdUQqz2oxAhQ
603	Shadow in the Frame	Daniel Rossen	You Belong There	LIKE	Khh_sHfOhXs	MPREb_XfgOwwTukyR	UCLqIxY-OjKFVdUQqz2oxAhQ
789	The Last One	Daniel Rossen	You Belong There	LIKE	f3vx2Oim-Ec	MPREb_XfgOwwTukyR	UCLqIxY-OjKFVdUQqz2oxAhQ
1329	Celia	Daniel Rossen	You Belong There	LIKE	Vknwh41TD58	MPREb_XfgOwwTukyR	UCLqIxY-OjKFVdUQqz2oxAhQ
429	Ultra Truth	Daniel Avery	Ultra Truth	LIKE	oLMRdIkcaro	MPREb_oo4yC8l3pH2	UCB1ZNlOuGCLYQ_U60YOhchQ
664	Chaos Energy	Daniel Avery	Ultra Truth	LIKE	HxjOnH6BoPE	MPREb_oo4yC8l3pH2	UCB1ZNlOuGCLYQ_U60YOhchQ
699	The Slow Bullet	Daniel Avery	Ultra Truth	LIKE	sO3wsW9rI_Y	MPREb_oo4yC8l3pH2	UCB1ZNlOuGCLYQ_U60YOhchQ
983	Lone Swordsman	Daniel Avery	Ultra Truth	LIKE	POcwWPfI4tI	MPREb_oo4yC8l3pH2	UCB1ZNlOuGCLYQ_U60YOhchQ
1091	New Faith	Daniel Avery	Ultra Truth	LIKE	bQtmSAX_uUg	MPREb_oo4yC8l3pH2	UCB1ZNlOuGCLYQ_U60YOhchQ
1117	Near Perfect	Daniel Avery	Ultra Truth	LIKE	q55l_oYJ_eo	MPREb_oo4yC8l3pH2	UCB1ZNlOuGCLYQ_U60YOhchQ
1337	Spider	Daniel Avery	Ultra Truth	LIKE	Z1ih8r8R_WQ	MPREb_oo4yC8l3pH2	UCB1ZNlOuGCLYQ_U60YOhchQ
419	Close to Famous	Danger Mouse and Black Thought	Cheat Codes	LIKE	2btv6i4ph94	MPREb_gPWoRFcnnLR	UCVD3bGSY5xTsU2JxJZuo1Cg
697	Sometimes	Danger Mouse and Black Thought	Cheat Codes	LIKE	1mWCbIf_KX4	MPREb_gPWoRFcnnLR	UCVD3bGSY5xTsU2JxJZuo1Cg
243	Because (feat. Joey Bada$$, Russ & Dylan Cartlidge)	Danger Mouse	Cheat Codes	LIKE	8FcFFf48UUg	MPREb_gPWoRFcnnLR	UC5174GK88E8jwZC_TDIKJGQ
570	Saltwater (feat. Conway the Machine)	Danger Mouse	Cheat Codes	LIKE	Zp5W3XAGR8M	MPREb_gPWoRFcnnLR	UC5174GK88E8jwZC_TDIKJGQ
781	The Darkest Part (feat. Raekwon & Kid Sister)	Danger Mouse	Cheat Codes	LIKE	BhWbdxKPTig	MPREb_gPWoRFcnnLR	UC5174GK88E8jwZC_TDIKJGQ
303	Sat By A Tree (Edit)	Dan Deacon	Mystic Familiar	LIKE	ofUXLNQILYk	MPREb_e6dcvUEebi8	UCsP4bZFWXJO75ECgoFnbYMA
366	Hypnagogic	Dan Deacon	Mystic Familiar	LIKE	xZT0lHmxiFQ	MPREb_e6dcvUEebi8	UCsP4bZFWXJO75ECgoFnbYMA
416	Fell Into the Ocean (Edit)	Dan Deacon	Mystic Familiar	LIKE	6r5KnHYlWDI	MPREb_e6dcvUEebi8	UCsP4bZFWXJO75ECgoFnbYMA
145	Stingray Pete	DOPE LEMON	Rose Pink Cadillac	LIKE	JBISYTChJOI	MPREb_8CHz9srK5dv	UC3mpxFnXufqm11HRJ_nFiQA
594	Kids Fallin' In Love	DOPE LEMON	Rose Pink Cadillac	LIKE	_-apg5MQqLU	MPREb_8CHz9srK5dv	UC3mpxFnXufqm11HRJ_nFiQA
993	Rose Pink Cadillac	DOPE LEMON	Rose Pink Cadillac	LIKE	73G5rPpLuHs	MPREb_7mG4mlZdkG8	UC3mpxFnXufqm11HRJ_nFiQA
19	A Narrow Escape	DJ Shadow	Action Adventure	LIKE	bdwtwZtKrFU	MPREb_OZldC40rGiA	UCtTuSKgCdeTyxBGPCD3TgxQ
256	All My	DJ Shadow	Action Adventure	LIKE	YlBq4lZCfsg	MPREb_OZldC40rGiA	UCtTuSKgCdeTyxBGPCD3TgxQ
369	Witches Vs. Warlocks	DJ Shadow	Action Adventure	LIKE	26NkFbIO0gI	MPREb_OZldC40rGiA	UCtTuSKgCdeTyxBGPCD3TgxQ
462	Craig, Ingels, & Wrightson	DJ Shadow	Action Adventure	LIKE	QPJL4MdIRd8	MPREb_OZldC40rGiA	UCtTuSKgCdeTyxBGPCD3TgxQ
511	The Prophecy	DJ Shadow	Action Adventure	LIKE	Fxb9Br1my-g	MPREb_OZldC40rGiA	UCtTuSKgCdeTyxBGPCD3TgxQ
531	Forever Changed	DJ Shadow	Action Adventure	LIKE	Hm0qiLLPfCA	MPREb_OZldC40rGiA	UCtTuSKgCdeTyxBGPCD3TgxQ
687	Fleeting Youth (An Audible Life)	DJ Shadow	Action Adventure	LIKE	xpsXfCIEIHg	MPREb_OZldC40rGiA	UCtTuSKgCdeTyxBGPCD3TgxQ
1026	She's Evolving	DJ Shadow	Action Adventure	LIKE	E9A2YgzQeSI	MPREb_OZldC40rGiA	UCtTuSKgCdeTyxBGPCD3TgxQ
1141	Time and Space	DJ Shadow	Action Adventure	LIKE	j1BDkb5tEwM	MPREb_OZldC40rGiA	UCtTuSKgCdeTyxBGPCD3TgxQ
1262	You Played Me	DJ Shadow	Action Adventure	LIKE	cPB_kFx-TcY	MPREb_OZldC40rGiA	UCtTuSKgCdeTyxBGPCD3TgxQ
1391	Friend Or Foe	DJ Shadow	Action Adventure	LIKE	euhtNmMCN1Q	MPREb_OZldC40rGiA	UCtTuSKgCdeTyxBGPCD3TgxQ
125	Headlines (Instrumental) (feat. Westside Gunn, Conway & Benny)	DJ Premier	Payday Instrumentals	LIKE	_BKbMrK82ck	MPREb_OQOYTArjYH5	UCrWGuJPZpTT0UYL6NXQcBtA
162	WUT U SAID? (Instrumental) (feat. Casanova)	DJ Premier	Payday Instrumentals	LIKE	Y6lf50Kc3hI	MPREb_uW0Olsv0IAh	UCrWGuJPZpTT0UYL6NXQcBtA
668	Our Streets (Instrumental) (feat. A$AP Ferg)	DJ Premier	Payday Instrumentals	LIKE	WEyRAjrDan4	MPREb_OQOYTArjYH5	UCrWGuJPZpTT0UYL6NXQcBtA
293	Lawmaker	DARKSIDE	Spiral	LIKE	RJ-_tY3JgUs	MPREb_9afRqpYoSh7	UCPWad8IPnWG-EY23ePpI3bg
460	Narrow Road	DARKSIDE	Spiral	LIKE	uq0OncoFp70	MPREb_9afRqpYoSh7	UCPWad8IPnWG-EY23ePpI3bg
774	Only Young	DARKSIDE	Spiral	LIKE	kxK0mtDeQMI	MPREb_9afRqpYoSh7	UCPWad8IPnWG-EY23ePpI3bg
1365	Liberty Bell	DARKSIDE	Spiral	LIKE	8WsbdoTkKOI	MPREb_9afRqpYoSh7	UCPWad8IPnWG-EY23ePpI3bg
1405	The Question Is To See It All	DARKSIDE	Spiral	LIKE	3_Bcw2O0f_c	MPREb_9afRqpYoSh7	UCPWad8IPnWG-EY23ePpI3bg
447	Gone	Crumb	Ice Melt	LIKE	L_m-3Z4d0bU	MPREb_XGozuJ04Ycr	UCpGhvsN-Gw-q5yaQ4e3w2Vg
100	Take It Day By Day	Courtney Barnett	Things Take Time, Take Time	LIKE	NJjnnTkbp8I	MPREb_ZszvwMoQJY6	UCAR6fZVOSmnctDecWdS9rtQ
555	Sunfair Sundown	Courtney Barnett	Things Take Time, Take Time	LIKE	Jj_CsumY4uA	MPREb_ZszvwMoQJY6	UCAR6fZVOSmnctDecWdS9rtQ
398	Trying Times for the Indirect	Com Truise	In Decay, Too	LIKE	2O9oqQooKUg	MPREb_ABOiPJX5x4K	UC3G1cV92stSGOy4cLgXmgJQ
474	She melts	Com Truise	In Decay, Too	LIKE	ALXbAdIh0cw	MPREb_ABOiPJX5x4K	UC3G1cV92stSGOy4cLgXmgJQ
517	Compress—Fuse	Com Truise	In Decay, Too	LIKE	K5iVnEnc4lQ	MPREb_ABOiPJX5x4K	UC3G1cV92stSGOy4cLgXmgJQ
674	I Dream (for You)	Com Truise	In Decay, Too	LIKE	biVpE8xSwNA	MPREb_ABOiPJX5x4K	UC3G1cV92stSGOy4cLgXmgJQ
490	One of These Winters Will Take Me (feat. Bon Voyage Organisation)	Cola Boyy	Prosthetic Boombox	LIKE	njHMpFcm6ws	MPREb_MQMHZXwKPIg	UC0HU2_I7r3nY2SKBlq_SnNA
152	One Day	Cleo Sol	Mother	LIKE	RvzOrV94Hlc	MPREb_KXFSJJt5sOF	UCw5j4m9SCsNNlY3srtac_KQ
166	Know That You Are Loved	Cleo Sol	Mother	LIKE	OrnZCx859tg	MPREb_KXFSJJt5sOF	UCw5j4m9SCsNNlY3srtac_KQ
133	Ladder	Clark	Sus Dog	LIKE	qnhT5xRmc7o	MPREb_DQViHX6mFrI	UCnjAJRW6TGaa09fxQgP9y5w
268	Oblivious/Portal	Clark	Cave Dog	LIKE	fa52jnufBH0	MPREb_gLewA3URqUN	UCnjAJRW6TGaa09fxQgP9y5w
352	Alyosha Lying	Clark	Cave Dog	LIKE	A1Lol1PWv-A	MPREb_gLewA3URqUN	UCnjAJRW6TGaa09fxQgP9y5w
365	Silver Pet Crank	Clark	Cave Dog	LIKE	AbRwwYjOVYg	MPREb_gLewA3URqUN	UCnjAJRW6TGaa09fxQgP9y5w
507	Domes of Pearl	Clark	Cave Dog	LIKE	Yv5CdPlV338	MPREb_gLewA3URqUN	UCnjAJRW6TGaa09fxQgP9y5w
731	Dolgoch Dry As Ash	Clark	Cave Dog	LIKE	j5Q5EkY17lM	MPREb_gLewA3URqUN	UCnjAJRW6TGaa09fxQgP9y5w
915	Unladder	Clark	Cave Dog	LIKE	7UBuuYzHrXE	MPREb_gLewA3URqUN	UCnjAJRW6TGaa09fxQgP9y5w
1019	Medicine (feat. Thom Yorke)	Clark	Sus Dog	LIKE	fcNCXvdiDd0	MPREb_DQViHX6mFrI	UCnjAJRW6TGaa09fxQgP9y5w
1080	Dismissed	Clark	Cave Dog	LIKE	XSVXp2aCjqg	MPREb_gLewA3URqUN	UCnjAJRW6TGaa09fxQgP9y5w
1186	Medicine Doves	Clark	Cave Dog	LIKE	_MAfZn0vbZw	MPREb_gLewA3URqUN	UCnjAJRW6TGaa09fxQgP9y5w
1225	Pumpkin	Clark	Cave Dog	LIKE	nkdGG0CoT7E	MPREb_gLewA3URqUN	UCnjAJRW6TGaa09fxQgP9y5w
1302	Meadow Alien	Clark	Cave Dog	LIKE	xfmhodwIr-E	MPREb_gLewA3URqUN	UCnjAJRW6TGaa09fxQgP9y5w
753	Baby Girl	Chloe x Halle	Ungodly Hour	LIKE	rBG_dMOB6jA	MPREb_ZxkmAqZyAJW	UCe3Cg6wg_dDKBzR1ZctXpZw
917	Don't Make It Harder On Me	Chloe x Halle	Ungodly Hour	LIKE	dyh6zrHbTo0	MPREb_ZxkmAqZyAJW	UCe3Cg6wg_dDKBzR1ZctXpZw
1182	Forgive Me	Chloe x Halle	Ungodly Hour	LIKE	kA1P3fGlEpg	MPREb_ZxkmAqZyAJW	UCe3Cg6wg_dDKBzR1ZctXpZw
1210	Do It	Chloe x Halle	Ungodly Hour	LIKE	MzFBOUI6Hk4	MPREb_ZxkmAqZyAJW	UCe3Cg6wg_dDKBzR1ZctXpZw
807	Pamela	Chat Pile	God's Country	LIKE	jCdW0tLkOAQ	MPREb_GRaNSAbbKj9	UCZPOCSpnfFdXkpVPTKDsRPA
1219	grimace_smoking_weed.jpeg	Chat Pile	God's Country	LIKE	Q53GWPaLEHg	MPREb_GRaNSAbbKj9	UCZPOCSpnfFdXkpVPTKDsRPA
257	forever	Charli xcx	how i'm feeling now	LIKE	WAQuFkexPBw	MPREb_e8ux8QgmKTR	UCI4YNnmHjXFaaKvfdmpWvJQ
844	Twice	Charli xcx	CRASH	LIKE	HIFzaMw7dio	MPREb_17YcoU5m8RE	UCI4YNnmHjXFaaKvfdmpWvJQ
294	At Your Gamut	Caterina Barbieri	Spirit Exit	LIKE	zUuAfMcaPro	MPREb_x1j9B8CQdAK	UC9nmOMN_nXa4Ur9KIfRCxwg
1347	Knot of Spirit (Synth Version)	Caterina Barbieri	Spirit Exit	LIKE	YkLLrfD_rbY	MPREb_x1j9B8CQdAK	UC9nmOMN_nXa4Ur9KIfRCxwg
1397	The Landscape Listens	Caterina Barbieri	Spirit Exit	LIKE	BjqPrKeAMD0	MPREb_x1j9B8CQdAK	UC9nmOMN_nXa4Ur9KIfRCxwg
31	Pompeii	Cate Le Bon	Pompeii	LIKE	6-BG0ouMNxs	MPREb_x5wSy6lwmas	UC3v-q7rxcHrLGArZUpauMVg
437	Running Away	Cate Le Bon	Pompeii	LIKE	3tzQQSywwFs	MPREb_x5wSy6lwmas	UC3v-q7rxcHrLGArZUpauMVg
600	Cry Me Old Trouble	Cate Le Bon	Pompeii	LIKE	Qk78MEb-cLE	MPREb_x5wSy6lwmas	UC3v-q7rxcHrLGArZUpauMVg
947	Harbour	Cate Le Bon	Pompeii	LIKE	ZF-ejNSbUHk	MPREb_x5wSy6lwmas	UC3v-q7rxcHrLGArZUpauMVg
849	Nothing’s Impossible	Caroline Rose	Superstar	LIKE	Cx2gRXgkKEU	MPREb_LLv28RNiJpp	UCfmtGrbjtodRee4cL6Uz2mg
345	Aeroplanes	Carly Rae Jepsen	The Loveliest Time	LIKE	tXsmeBkJjiE	MPREb_cps01NaMdp4	UCexmZthnclJW1aM_o02t5qw
971	Home (Toro y Moi Remix)	Caribou & Toro y Moi	Suddenly Remixes	LIKE	NtZFmnxP0QU	MPREb_gzBlNQ3JWOz	
18	Like I Loved You	Caribou	Suddenly	LIKE	0zai1GP93dM	MPREb_XLCZylu6eou	UCec42nujWCAHuGcNrekNdbg
140	Sister	Caribou	Suddenly	LIKE	nRDyw1bcOlY	MPREb_XLCZylu6eou	UCec42nujWCAHuGcNrekNdbg
449	You and I	Caribou	Suddenly	LIKE	E0fv_YoCN6I	MPREb_XLCZylu6eou	UCec42nujWCAHuGcNrekNdbg
764	Home	Caribou	Suddenly	LIKE	m2GKi3Ro5fY	MPREb_XLCZylu6eou	UCec42nujWCAHuGcNrekNdbg
828	Cloud Song	Caribou	Suddenly	LIKE	84LaQnG_k5Y	MPREb_XLCZylu6eou	UCec42nujWCAHuGcNrekNdbg
1199	Never Come Back	Caribou	Suddenly	LIKE	-8WeO-O81mA	MPREb_XLCZylu6eou	UCec42nujWCAHuGcNrekNdbg
1241	Never Come Back (Four Tet Remix)	Caribou	Suddenly Remixes	LIKE	dvReaGwOyUI	MPREb_gzBlNQ3JWOz	UCec42nujWCAHuGcNrekNdbg
720	Famous	Car Seat Headrest	Making a Door Less Open	LIKE	OYwADZCBGDU	MPREb_edEGaXajAOW	UC97xosBrQZ7jdWVFInndIDg
912	Deadlines (Thoughtful)	Car Seat Headrest	Making a Door Less Open	LIKE	xZbVEa78EnM	MPREb_edEGaXajAOW	UC97xosBrQZ7jdWVFInndIDg
1027	Can't Cool Me Down	Car Seat Headrest	Making a Door Less Open	LIKE	RLoyZe0tbvI	MPREb_edEGaXajAOW	UC97xosBrQZ7jdWVFInndIDg
1193	There Must Be More Than Blood	Car Seat Headrest	Making a Door Less Open	LIKE	YYcrwfGeqZk	MPREb_edEGaXajAOW	UC97xosBrQZ7jdWVFInndIDg
250	Nydia	Buscabulla	Regresa	LIKE	EarggFm8TwQ	MPREb_zTvpztyV8yH	UCEGh-fzuh-setDHbGA1J0aw
816	NTE	Buscabulla	Regresa	LIKE	MG4EBiU9rvU	MPREb_zTvpztyV8yH	UCEGh-fzuh-setDHbGA1J0aw
1345	Nova	Burial + Four Tet	Nova	LIKE	HihMSIRiv2g	FEmusic_library_privately_owned_release_detailb_po_CKCA4sLKgvb7CBIEbm92YRodY2hpY28gcGluaGVpcm8gYW50aG9ueSB3aWxzb24iA2dwbQ	FEmusic_library_privately_owned_artist_detaila_po_CKCA4sLKgvb7CBIQYnVyaWFsICBmb3VyIHRldA
737	Strange Neighbourhood	Burial	Antidawn EP	LIKE	37r7o9qOeB4	MPREb_EkaH0s4XwOj	UCQcNEJM-RtTiomfm8Avt5UQ
1408	Shadow Paradise	Burial	Antidawn EP	LIKE	n4GqE9Ie0oI	MPREb_EkaH0s4XwOj	UCQcNEJM-RtTiomfm8Avt5UQ
319	Rocksteady	Built to Spill	When The Wind Forgets Your Name	LIKE	uyak7lnFCuQ	MPREb_sU334hg9Lr0	UCrMHecWO6fui7O2d9dnpEZg
691	Understood	Built to Spill	When The Wind Forgets Your Name	LIKE	I7rlrPM2Yjc	MPREb_sU334hg9Lr0	UCrMHecWO6fui7O2d9dnpEZg
761	Fool's Gold	Built to Spill	When The Wind Forgets Your Name	LIKE	g4A2yfiQbVk	MPREb_sU334hg9Lr0	UCrMHecWO6fui7O2d9dnpEZg
794	Alright	Built to Spill	When The Wind Forgets Your Name	LIKE	rbXNHAc54hM	MPREb_sU334hg9Lr0	UCrMHecWO6fui7O2d9dnpEZg
842	Never Alright	Built to Spill	When The Wind Forgets Your Name	LIKE	kgAQ-GxeehE	MPREb_sU334hg9Lr0	UCrMHecWO6fui7O2d9dnpEZg
882	Elements	Built to Spill	When The Wind Forgets Your Name	LIKE	HaXPw4CTQRA	MPREb_sU334hg9Lr0	UCrMHecWO6fui7O2d9dnpEZg
958	Comes a Day	Built to Spill	When The Wind Forgets Your Name	LIKE	oLzRKmKaoU4	MPREb_sU334hg9Lr0	UCrMHecWO6fui7O2d9dnpEZg
1367	Gonna Lose	Built to Spill	When The Wind Forgets Your Name	LIKE	up5qEiN9OTY	MPREb_sU334hg9Lr0	UCrMHecWO6fui7O2d9dnpEZg
1383	Spiderweb	Built to Spill	When The Wind Forgets Your Name	LIKE	8HrygHLRJ0E	MPREb_sU334hg9Lr0	UCrMHecWO6fui7O2d9dnpEZg
129	Into The Blue	Broken Bells	INTO THE BLUE	LIKE	v0qYywVxrjU	MPREb_6sil9tzj7ZK	UCHEURKSdC-GByFdgBGtNDfQ
222	We're Not In Orbit Yet…	Broken Bells	INTO THE BLUE	LIKE	Wk7NQTrXLlY	MPREb_6sil9tzj7ZK	UCHEURKSdC-GByFdgBGtNDfQ
491	Saturdays	Broken Bells	INTO THE BLUE	LIKE	727py4g50mo	MPREb_6sil9tzj7ZK	UCHEURKSdC-GByFdgBGtNDfQ
703	Love On The Run	Broken Bells	INTO THE BLUE	LIKE	o16-GIKMbGo	MPREb_6sil9tzj7ZK	UCHEURKSdC-GByFdgBGtNDfQ
805	Invisible Exit	Broken Bells	INTO THE BLUE	LIKE	nG3-opwv8I8	MPREb_6sil9tzj7ZK	UCHEURKSdC-GByFdgBGtNDfQ
1111	The Chase	Broken Bells	INTO THE BLUE	LIKE	nW2WDV_q9xQ	MPREb_6sil9tzj7ZK	UCHEURKSdC-GByFdgBGtNDfQ
1256	One Night	Broken Bells	INTO THE BLUE	LIKE	q2i7onyRrWM	MPREb_6sil9tzj7ZK	UCHEURKSdC-GByFdgBGtNDfQ
1304	Fade Away	Broken Bells	INTO THE BLUE	LIKE	KFZUssL7TPQ	MPREb_6sil9tzj7ZK	UCHEURKSdC-GByFdgBGtNDfQ
1401	Forgotten Boy	Broken Bells	INTO THE BLUE	LIKE	SvhDrSQFYWg	MPREb_6sil9tzj7ZK	UCHEURKSdC-GByFdgBGtNDfQ
443	He Loves Me	Brittany Howard	Jaime	LIKE	BIyAdURm5AU	MPREb_u7QhtMp5IZQ	UCMF8rspw2AAm0q4nqxD772A
1288	Short and Sweet	Brittany Howard	Jaime	LIKE	SNCoBWW0sgU	MPREb_u7QhtMp5IZQ	UCMF8rspw2AAm0q4nqxD772A
2	Rosewood	Bonobo	Fragments	LIKE	lpxz8oxJFcs	MPREb_8RTEBZnp6F7	UCWBqhkfK4YT2OI3mJRQnNXg
6	Elysian	Bonobo	Fragments	LIKE	CTVzqU8qe-0	MPREb_8RTEBZnp6F7	UCWBqhkfK4YT2OI3mJRQnNXg
55	Closer	Bonobo	Fragments	LIKE	irLUQdsjNKo	MPREb_8RTEBZnp6F7	UCWBqhkfK4YT2OI3mJRQnNXg
271	Sapien	Bonobo	Fragments	LIKE	_Mqqoo5oeGs	MPREb_8RTEBZnp6F7	UCWBqhkfK4YT2OI3mJRQnNXg
891	Tides (feat. Jamila Woods)	Bonobo	Fragments	LIKE	ZWUwPK8TOPg	MPREb_8RTEBZnp6F7	UCWBqhkfK4YT2OI3mJRQnNXg
1148	From You (feat. Joji)	Bonobo	Fragments	LIKE	a9zTSRnP2EM	MPREb_8RTEBZnp6F7	UCWBqhkfK4YT2OI3mJRQnNXg
1289	Otomo (feat. O’Flynn)	Bonobo	Fragments	LIKE	TjiZBlOCuvo	MPREb_8RTEBZnp6F7	UCWBqhkfK4YT2OI3mJRQnNXg
1403	Polyghost (feat. Miguel Atwood-Ferguson)	Bonobo	Fragments	LIKE	mlFMIxy1p34	MPREb_8RTEBZnp6F7	UCWBqhkfK4YT2OI3mJRQnNXg
459	I Contain Multitudes	Bob Dylan	Rough and Rowdy Ways	LIKE	CU-e3os7QBk	MPREb_CbdaLGRHqOQ	UCBqkojCXby4zGkWX86FEY7Q
625	False Prophet	Bob Dylan	Rough and Rowdy Ways	LIKE	KAvMc4MmHdg	MPREb_CbdaLGRHqOQ	UCBqkojCXby4zGkWX86FEY7Q
1407	Black Rider	Bob Dylan	Rough and Rowdy Ways	LIKE	4zOwLtHzEX4	MPREb_CbdaLGRHqOQ	UCBqkojCXby4zGkWX86FEY7Q
331	St. Charles Square	Blur	The Ballad of Darren	LIKE	i5m2E7G3Pzo	MPREb_QFlBbYEGbgM	UCI3EFb2lvZyBMykNd64JDhg
438	The Narcissist	Blur	The Ballad of Darren	LIKE	6zNXEB2cyBo	MPREb_QFlBbYEGbgM	UCI3EFb2lvZyBMykNd64JDhg
148	The Place Where He Inserted the Blade	Black Country, New Road	Ants From Up There (Deluxe)	LIKE	bJodOPBA6xo	MPREb_5UsLP4t8hft	UCWN_Fs7lSjB3T81g-Tw3ZHA
208	Haldern	Black Country, New Road	Ants From Up There (Deluxe)	LIKE	Tu2n7PI9DcE	MPREb_5UsLP4t8hft	UCWN_Fs7lSjB3T81g-Tw3ZHA
229	Good Will Hunting	Black Country, New Road	Ants From Up There (Deluxe)	LIKE	rmVyYbuEbKY	MPREb_5UsLP4t8hft	UCWN_Fs7lSjB3T81g-Tw3ZHA
414	Concorde	Black Country, New Road	Ants From Up There (Deluxe)	LIKE	bBgLRMmVEj8	MPREb_5UsLP4t8hft	UCWN_Fs7lSjB3T81g-Tw3ZHA
918	Snow Globes	Black Country, New Road	Ants From Up There (Deluxe)	LIKE	rq2dezC68ms	MPREb_5UsLP4t8hft	UCWN_Fs7lSjB3T81g-Tw3ZHA
1220	Mark’s Theme (Live from the Queen Elizabeth Hall)	Black Country, New Road	Ants From Up There (Deluxe)	LIKE	hl9kdqKvw6k	MPREb_5UsLP4t8hft	UCWN_Fs7lSjB3T81g-Tw3ZHA
354	Mycelia	Björk	Fossora	LIKE	1TJCsUBflc4	MPREb_0GI42mklI5l	UCAjidy3vxRkgGVNIFqZMl_Q
964	Sorrowful Soil	Björk	Fossora	LIKE	HpZT6aMaXD4	MPREb_0GI42mklI5l	UCAjidy3vxRkgGVNIFqZMl_Q
196	What The World Needs Now Is Love	Bill Frisell	Valentine	LIKE	H7jOHuWJJQQ	MPREb_U4m0zqcv9UF	UCAK5ztsfvlDanqFo9hpMn8g
497	Where Do We Go?	Bill Frisell	Valentine	LIKE	IMixXn-Pb9U	MPREb_U4m0zqcv9UF	UCAK5ztsfvlDanqFo9hpMn8g
670	Keep Your Eyes Open	Bill Frisell	Valentine	LIKE	mh1pxDOXqwE	MPREb_U4m0zqcv9UF	UCAK5ztsfvlDanqFo9hpMn8g
1042	We Shall Overcome	Bill Frisell	Valentine	LIKE	S1fOVkzR_oA	MPREb_U4m0zqcv9UF	UCAK5ztsfvlDanqFo9hpMn8g
85	Pigeons	Bill Callahan	Gold Record	LIKE	PSv60b7PWpU	MPREb_a2jt5FJVt5U	UCwvSf_pDY0pvm5mlQEqWkvQ
109	Breakfast	Bill Callahan	Gold Record	LIKE	xKBuyr9yJ-k	MPREb_a2jt5FJVt5U	UCwvSf_pDY0pvm5mlQEqWkvQ
246	The Mackenzies	Bill Callahan	Gold Record	LIKE	hMMEUgts6i0	MPREb_a2jt5FJVt5U	UCwvSf_pDY0pvm5mlQEqWkvQ
759	Drainface	Bill Callahan	YTI⅃AƎЯ	LIKE	gpk6l_f8UNU	MPREb_0pwM5ec0cZb	UCwvSf_pDY0pvm5mlQEqWkvQ
956	Another Song	Bill Callahan	Gold Record	LIKE	8EkmWfzeKAk	MPREb_a2jt5FJVt5U	UCwvSf_pDY0pvm5mlQEqWkvQ
1280	35	Bill Callahan	Gold Record	LIKE	JJXfl7WmzWI	MPREb_a2jt5FJVt5U	UCwvSf_pDY0pvm5mlQEqWkvQ
39	Flower of Blood	Big Thief	Dragon New Warm Mountain I Believe in You	LIKE	69LFQH6vuaM	MPREb_5vCH8bfectk	UCYUYq5dThTOIY6o9hAgnlQQ
102	Change	Big Thief	Dragon New Warm Mountain I Believe in You	LIKE	2A_EPgc0l-Y	MPREb_5vCH8bfectk	UCYUYq5dThTOIY6o9hAgnlQQ
209	Love Love Love	Big Thief	Dragon New Warm Mountain I Believe in You	LIKE	xs9wbGYA7YU	MPREb_5vCH8bfectk	UCYUYq5dThTOIY6o9hAgnlQQ
265	Heavy Bend	Big Thief	Dragon New Warm Mountain I Believe in You	LIKE	_bYuUlOZqNs	MPREb_5vCH8bfectk	UCYUYq5dThTOIY6o9hAgnlQQ
649	Promise Is a Pendulum	Big Thief	Dragon New Warm Mountain I Believe in You	LIKE	YQ9rkf4EGGM	MPREb_5vCH8bfectk	UCYUYq5dThTOIY6o9hAgnlQQ
659	Little Things	Big Thief	Dragon New Warm Mountain I Believe in You	LIKE	a9po5DeTGXo	MPREb_5vCH8bfectk	UCYUYq5dThTOIY6o9hAgnlQQ
675	Dragon New Warm Mountain I Believe in You	Big Thief	Dragon New Warm Mountain I Believe in You	LIKE	1tbm-5jUvN8	MPREb_5vCH8bfectk	UCYUYq5dThTOIY6o9hAgnlQQ
724	Dried Roses	Big Thief	Dragon New Warm Mountain I Believe in You	LIKE	PRfmnhQE1hc	MPREb_5vCH8bfectk	UCYUYq5dThTOIY6o9hAgnlQQ
879	Sparrow	Big Thief	Dragon New Warm Mountain I Believe in You	LIKE	IR0m8RoVbak	MPREb_5vCH8bfectk	UCYUYq5dThTOIY6o9hAgnlQQ
899	Certainty	Big Thief	Dragon New Warm Mountain I Believe in You	LIKE	N_H34wvXXzM	MPREb_5vCH8bfectk	UCYUYq5dThTOIY6o9hAgnlQQ
955	Spud Infinity	Big Thief	Dragon New Warm Mountain I Believe in You	LIKE	xEEeVBd_fJk	MPREb_5vCH8bfectk	UCYUYq5dThTOIY6o9hAgnlQQ
1013	12,000 Lines	Big Thief	Dragon New Warm Mountain I Believe in You	LIKE	1Ywgm_3QbMs	MPREb_5vCH8bfectk	UCYUYq5dThTOIY6o9hAgnlQQ
1316	The Only Place	Big Thief	Dragon New Warm Mountain I Believe in You	LIKE	e3BykIZoC2c	MPREb_5vCH8bfectk	UCYUYq5dThTOIY6o9hAgnlQQ
1319	Simulation Swarm	Big Thief	Dragon New Warm Mountain I Believe in You	LIKE	PFoVAtIPG3c	MPREb_5vCH8bfectk	UCYUYq5dThTOIY6o9hAgnlQQ
726	Phoenix (feat. Fleet Foxes & Anaïs Mitchell)	Big Red Machine	How Long Do You Think It's Gonna Last?	LIKE	_7MOpbD6CD0	MPREb_W6KzbSonGMV	UCYxoVvpkCzLvm1ec5EcgeCw
755	Latter Days (feat. Anaïs Mitchell)	Big Red Machine	How Long Do You Think It's Gonna Last?	LIKE	X2cSHrBj0fY	MPREb_W6KzbSonGMV	UCYxoVvpkCzLvm1ec5EcgeCw
869	June's a River (feat. Ben Howard & This Is The Kit)	Big Red Machine	How Long Do You Think It's Gonna Last?	LIKE	mRsizdkEcwU	MPREb_W6KzbSonGMV	UCYxoVvpkCzLvm1ec5EcgeCw
504	Siena (feat. Clara La San)	Bicep	Isles (Deluxe)	LIKE	an6c69M5s1A	MPREb_QwFTDDfZ0XR	UCgapGYYYntw8Wg57E1DI7NA
654	Atlas	Bicep	Isles	LIKE	CEIBdiNW5gI	MPREb_NqXa3Im9PPO	UCgapGYYYntw8Wg57E1DI7NA
934	Fir	Bicep	Isles	LIKE	kB8UOlbmNkY	MPREb_NqXa3Im9PPO	UCgapGYYYntw8Wg57E1DI7NA
1327	Apricots	Bicep	Isles	LIKE	-h6PCkfTBcc	MPREb_NqXa3Im9PPO	UCgapGYYYntw8Wg57E1DI7NA
171	Awpockes	Bibio	Sleep On The Wing	LIKE	ndCgsvPECMk	MPREb_zrTkWcrKnY0	UCuJ1ytddNReUXXZb3QPNEtg
500	Lightspout Hollow	Bibio	Sleep On The Wing	LIKE	FT6ZvKPnpOU	MPREb_zrTkWcrKnY0	UCuJ1ytddNReUXXZb3QPNEtg
835	Watching Thus, The Heron Is All Pool	Bibio	Sleep On The Wing	LIKE	lNdvrdiScJg	MPREb_zrTkWcrKnY0	UCuJ1ytddNReUXXZb3QPNEtg
1212	The Milky Way Over Ratlinghope	Bibio	Sleep On The Wing	LIKE	rc8OrFrhuHQ	MPREb_zrTkWcrKnY0	UCuJ1ytddNReUXXZb3QPNEtg
1257	Otter Shadows	Bibio	Sleep On The Wing	LIKE	i2ORjEzxRm0	MPREb_zrTkWcrKnY0	UCuJ1ytddNReUXXZb3QPNEtg
1297	Rain and Shine	Bibio	BIB10	LIKE	oeQ1Wo9HlZA	MPREb_U1PcUTRIvox	UCuJ1ytddNReUXXZb3QPNEtg
1375	Oakmoss	Bibio	Sleep On The Wing	LIKE	84XClOYD8OI	MPREb_zrTkWcrKnY0	UCuJ1ytddNReUXXZb3QPNEtg
1323	CUFF IT	Beyoncé	RENAISSANCE	LIKE	AUnzoN7pFE0	MPREb_aiNCHq3yHyv	UCoPQ_TWm8JZ5nJv4a5BzSWA
75	Forever Young	Beth Orton	Forever Young	LIKE	cC6UnZ_-okQ	MPREb_zYPSdla5nph	UC2IJlvnC9w7aT0mggVPnp7g
1166	Weather Alive	Beth Orton	Weather Alive	LIKE	DUFzdTc_dNg	MPREb_hAzrvANbJQe	UC2IJlvnC9w7aT0mggVPnp7g
1215	Fractals	Beth Orton	Fractals	LIKE	n63Uj7I3Aw4	MPREb_zOogRhzPTRg	UC2IJlvnC9w7aT0mggVPnp7g
1189	Workaround Three	Beatrice Dillon, Untold, Kenichi Iwasa, and Lucy Railton	Workaround	LIKE	iRROa0YoTJc	MPREb_en2dtE0USD8	
1412	Workaround Seven	Beatrice Dillon, Petter Eldh, & Kadialy Kouyate	Workaround	LIKE	qNsA5M8Dae0	MPREb_en2dtE0USD8	
1223	Workaround Two	Beatrice Dillon, Laurel Halo, Jonny Lam, Verity Susman, and Untold	Workaround	LIKE	s2a7esEfUEI	MPREb_en2dtE0USD8	
588	Workaround Four	Beatrice Dillon & Kuljit Bhamra	Workaround	LIKE	8EAdnBN9CoA	MPREb_en2dtE0USD8	
423	Superstar	Beach House	Once Twice Melody	LIKE	jeJEBbuOpBI	MPREb_Hnz1cU2WY5u	UC785fnTclD2P2WQXRAt2BVg
535	Masquerade	Beach House	Once Twice Melody	LIKE	iUhBDWVKK70	MPREb_Hnz1cU2WY5u	UC785fnTclD2P2WQXRAt2BVg
553	Runaway	Beach House	Once Twice Melody	LIKE	A1bHpGip0JQ	MPREb_Hnz1cU2WY5u	UC785fnTclD2P2WQXRAt2BVg
1037	ESP	Beach House	Once Twice Melody	LIKE	YQ-VcbrRiyw	MPREb_Hnz1cU2WY5u	UC785fnTclD2P2WQXRAt2BVg
1170	New Romance	Beach House	Once Twice Melody	LIKE	HWc_Ayp_mck	MPREb_Hnz1cU2WY5u	UC785fnTclD2P2WQXRAt2BVg
1273	Hurts to Love	Beach House	Once Twice Melody	LIKE	C8z0iTTVDow	MPREb_Hnz1cU2WY5u	UC785fnTclD2P2WQXRAt2BVg
1314	Once Twice Melody	Beach House	Once Twice Melody	LIKE	yqt3bc08jrM	MPREb_Hnz1cU2WY5u	UC785fnTclD2P2WQXRAt2BVg
1404	Pink Funeral	Beach House	Once Twice Melody	LIKE	bssLYuLx_8w	MPREb_Hnz1cU2WY5u	UC785fnTclD2P2WQXRAt2BVg
54	Yo Perreo Sola	Bad Bunny	YHLQMDLG	LIKE	iFuqjC-LiH8	MPREb_QR54wuCKDeh	UCiY3z8HAGD6BlSNKVn2kSvQ
743	Pero Ya No	Bad Bunny	YHLQMDLG	LIKE	85ze0tlotvA	MPREb_QR54wuCKDeh	UCiY3z8HAGD6BlSNKVn2kSvQ
778	Si Veo a Tu Mamá	Bad Bunny	YHLQMDLG	LIKE	KywzeIM45FA	MPREb_QR54wuCKDeh	UCiY3z8HAGD6BlSNKVn2kSvQ
1040	<3	Bad Bunny	YHLQMDLG	LIKE	SXlL1cOvaWc	MPREb_QR54wuCKDeh	UCiY3z8HAGD6BlSNKVn2kSvQ
1137	P FKN R	Bad Bunny	YHLQMDLG	LIKE	Mjdzn1Owij4	MPREb_QR54wuCKDeh	UCiY3z8HAGD6BlSNKVn2kSvQ
529	Fantastic Landscape	Babe Rainbow	The Organic Band	LIKE	lJu_F5ChNd0	MPREb_AvVxGzRmmH2	UCnmNJQ_W2ra79BAsOD6KAtA
573	Sunshine and Shadow	Babe Rainbow	The Organic Band	LIKE	-b_vw_D2ZsI	MPREb_AvVxGzRmmH2	UCnmNJQ_W2ra79BAsOD6KAtA
1095	Open up Your Heart	Babe Rainbow	The Organic Band	LIKE	TVuqvQ7DN_Q	MPREb_AvVxGzRmmH2	UCnmNJQ_W2ra79BAsOD6KAtA
1254	Wild About Harry	Babe Rainbow	The Organic Band	LIKE	22GqHpQ9kjk	MPREb_AvVxGzRmmH2	UCnmNJQ_W2ra79BAsOD6KAtA
91	Weird & Wonderful	BADBADNOTGOOD	Mid Spiral: Chaos	LIKE	IJ8sQXG5qVk	MPREb_I14EDigwiFX	UCeLdRRQwPb-KP8Qj7j3P5dw
186	Sunday Afternoon's Dream	BADBADNOTGOOD	Mid Spiral: Order	LIKE	d3QD9mQVpQs	MPREb_DTsW8rUZSdy	UCeLdRRQwPb-KP8Qj7j3P5dw
645	Talk Meaning (feat. Terrace Martin, Brandee Younger & Arthur Verocai)	BADBADNOTGOOD	Talk Memory	LIKE	WJ370pPnUGM	MPREb_NUWPsZrTr07	UCeLdRRQwPb-KP8Qj7j3P5dw
690	Sétima Regra	BADBADNOTGOOD	Mid Spiral: Order	LIKE	YafP9rG7Ews	MPREb_DTsW8rUZSdy	UCeLdRRQwPb-KP8Qj7j3P5dw
788	Mid Spiral	BADBADNOTGOOD	Mid Spiral: Chaos	LIKE	YzT0LWw6fCw	MPREb_I14EDigwiFX	UCeLdRRQwPb-KP8Qj7j3P5dw
821	Signal from the Noise	BADBADNOTGOOD	Talk Memory	LIKE	uAO_R-SOd3k	MPREb_NUWPsZrTr07	UCeLdRRQwPb-KP8Qj7j3P5dw
995	Beside April (feat. Karriem Riggins & Arthur Verocai)	BADBADNOTGOOD	Talk Memory	LIKE	jxfJPwN_hSU	MPREb_NUWPsZrTr07	UCeLdRRQwPb-KP8Qj7j3P5dw
1020	Rewind Your Mind	BADBADNOTGOOD	Mid Spiral: Order	LIKE	8OR7B2tXK24	MPREb_DTsW8rUZSdy	UCeLdRRQwPb-KP8Qj7j3P5dw
1033	Your Soul & Mine	BADBADNOTGOOD	Mid Spiral: Chaos	LIKE	pm8JXbh-Nc4	MPREb_I14EDigwiFX	UCeLdRRQwPb-KP8Qj7j3P5dw
1041	Take Me With You	BADBADNOTGOOD	Mid Spiral: Chaos	LIKE	MyesO22H8cI	MPREb_I14EDigwiFX	UCeLdRRQwPb-KP8Qj7j3P5dw
1049	Ways of Seeing	BADBADNOTGOOD	Mid Spiral: Growth	LIKE	CFcG-w823qI	MPREb_HB9VtqT1Md2	UCeLdRRQwPb-KP8Qj7j3P5dw
1083	Beside April (Reprise) (feat. Arthur Verocai)	BADBADNOTGOOD	Talk Memory	LIKE	NLFfRw4hQqM	MPREb_NUWPsZrTr07	UCeLdRRQwPb-KP8Qj7j3P5dw
1107	Unfolding (Momentum 73) (feat. Laraaji)	BADBADNOTGOOD	Talk Memory	LIKE	DdaSQChgeW0	MPREb_NUWPsZrTr07	UCeLdRRQwPb-KP8Qj7j3P5dw
1124	Love Proceeding (feat. Arthur Verocai)	BADBADNOTGOOD	Talk Memory	LIKE	BUePFld3UHo	MPREb_NUWPsZrTr07	UCeLdRRQwPb-KP8Qj7j3P5dw
399	th red a	Autechre	SIGN	LIKE	wdKWbxbe-5g	MPREb_jGLtbi9U3yi	UCBUAlfIrcw1f0c4qGrYn3xA
565	F7	Autechre	SIGN	LIKE	OIXpl4438qM	MPREb_jGLtbi9U3yi	UCBUAlfIrcw1f0c4qGrYn3xA
669	Metaz form8	Autechre	SIGN	LIKE	GAUVdXMXOrg	MPREb_jGLtbi9U3yi	UCBUAlfIrcw1f0c4qGrYn3xA
1204	psin AM	Autechre	SIGN	LIKE	_FsZa5dWW7E	MPREb_jGLtbi9U3yi	UCBUAlfIrcw1f0c4qGrYn3xA
1399	esc desc	Autechre	SIGN	LIKE	joJuG5opwWE	MPREb_jGLtbi9U3yi	UCBUAlfIrcw1f0c4qGrYn3xA
1226	Age of Anxiety I	Arcade Fire	WE	LIKE	IH_qgFWOg2I	MPREb_zkE5PTyZFKw	UCXvAK640Ko85SLbI-zA0ZCg
20	Soul Capturer	Animal Collective	Isn’t It Now?	LIKE	xnBvwSrxsbo	MPREb_qS64pfRXOAL	UC6X5Baxp63Ex9NaLZwAy7lQ
142	Passer-by	Animal Collective	Time Skiffs	LIKE	mDmcTqVoZ34	MPREb_bsQpPindzo0	UC6X5Baxp63Ex9NaLZwAy7lQ
292	Gem & I	Animal Collective	Isn’t It Now?	LIKE	3b71WszDP5U	MPREb_qS64pfRXOAL	UC6X5Baxp63Ex9NaLZwAy7lQ
339	Genie's Open	Animal Collective	Isn’t It Now?	LIKE	2p0w9b4A4tE	MPREb_qS64pfRXOAL	UC6X5Baxp63Ex9NaLZwAy7lQ
384	Defeat	Animal Collective	Isn’t It Now?	LIKE	z0H_9yg_E4o	MPREb_qS64pfRXOAL	UC6X5Baxp63Ex9NaLZwAy7lQ
744	Stride Rite	Animal Collective	Isn’t It Now?	LIKE	lNBX7iii914	MPREb_qS64pfRXOAL	UC6X5Baxp63Ex9NaLZwAy7lQ
939	Car Keys	Animal Collective	Time Skiffs	LIKE	47hf4fCutbM	MPREb_bsQpPindzo0	UC6X5Baxp63Ex9NaLZwAy7lQ
988	King's Walk	Animal Collective	Isn’t It Now?	LIKE	S8cWku5ytOo	MPREb_qS64pfRXOAL	UC6X5Baxp63Ex9NaLZwAy7lQ
1228	Royal and Desire	Animal Collective	Time Skiffs	LIKE	tBa_royWZoY	MPREb_bsQpPindzo0	UC6X5Baxp63Ex9NaLZwAy7lQ
122	Big Time	Angel Olsen	Big Time	LIKE	SNX-AqNwWYk	MPREb_57HZ1M8lt1w	UCLYqVE2kmsNw2uJFNjHv8yw
273	All The Good Times	Angel Olsen	Big Time	LIKE	GmrWhSV75DU	MPREb_57HZ1M8lt1w	UCLYqVE2kmsNw2uJFNjHv8yw
996	Ghost On	Angel Olsen	Big Time	LIKE	K6KoWs0-9PI	MPREb_57HZ1M8lt1w	UCLYqVE2kmsNw2uJFNjHv8yw
33	Backdrops	Andrea	Ritorno	LIKE	79Hwfo7_xkw	MPREb_MMYBuAIP6c1	UCucGbLjeXSzVW8MlItXT_HQ
385	Twin Forests	Andrea	Ritorno	LIKE	uycABRVoOi0	MPREb_MMYBuAIP6c1	UCucGbLjeXSzVW8MlItXT_HQ
532	Attimo	Andrea	Ritorno	LIKE	4X3892Be7k8	MPREb_MMYBuAIP6c1	UCucGbLjeXSzVW8MlItXT_HQ
695	Very Online Guy	Alvvays	Blue Rev	LIKE	VNVWTwMFtbg	MPREb_fZIqMQ576xj	UCijE8N5dNSqbRkhOcmsxWKw
820	Pharmacist	Alvvays	Blue Rev	LIKE	a15Cw8ZOXIA	MPREb_fZIqMQ576xj	UCijE8N5dNSqbRkhOcmsxWKw
428	Dere Geliyor	Altin Gün	Aşk	LIKE	vwKjWhTvH7E	MPREb_XCyEd965d7n	UC-uYVIegOyawSkbcxroXjxw
481	Rakıya Su Katamam	Altin Gün	Aşk	LIKE	JzUf7MqsKhg	MPREb_XCyEd965d7n	UC-uYVIegOyawSkbcxroXjxw
492	Leylim Ley	Altin Gün	Aşk	LIKE	_H2Z0WiCpPk	MPREb_XCyEd965d7n	UC-uYVIegOyawSkbcxroXjxw
763	Kalk Gidelim	Altin Gün	Aşk	LIKE	JHvK_ExJJv8	MPREb_XCyEd965d7n	UC-uYVIegOyawSkbcxroXjxw
913	Su Sızıyor	Altin Gün	Aşk	LIKE	QNt7vvpOxM8	MPREb_XCyEd965d7n	UC-uYVIegOyawSkbcxroXjxw
1021	Çıt Çıt Çedene	Altin Gün	Aşk	LIKE	tkyA450ZEDg	MPREb_XCyEd965d7n	UC-uYVIegOyawSkbcxroXjxw
68	Ecstatic Luminescence in Nature	Alio Die	Spirals of Light	LIKE	ujkv31CG8oM	MPREb_jKKJPw20jsX	UCNVcrZ1p3j7aCfdm_j9l_tA
623	Waves of Colorful Bliss	Alio Die	Spirals of Light	LIKE	yK0B8JNarKA	MPREb_jKKJPw20jsX	UCNVcrZ1p3j7aCfdm_j9l_tA
101	S.D.O.S	Alex G	God Save The Animals	LIKE	M1gHw1gV7-k	MPREb_iWcEJ53oURr	UC0hN36WuiKePDc-iNDS_AaA
333	Blessing	Alex G	God Save The Animals	LIKE	P2TPWzvUxC8	MPREb_iWcEJ53oURr	UC0hN36WuiKePDc-iNDS_AaA
340	Miracles	Alex G	God Save The Animals	LIKE	OmC2itVXzQY	MPREb_iWcEJ53oURr	UC0hN36WuiKePDc-iNDS_AaA
512	Runner	Alex G	God Save The Animals	LIKE	zuidwyNK2Co	MPREb_iWcEJ53oURr	UC0hN36WuiKePDc-iNDS_AaA
889	Ain't It Easy	Alex G	God Save The Animals	LIKE	36BuWE29J3Y	MPREb_iWcEJ53oURr	UC0hN36WuiKePDc-iNDS_AaA
1154	Headroom Piano	Alex G	God Save The Animals	LIKE	5AhhfsUar6c	MPREb_iWcEJ53oURr	UC0hN36WuiKePDc-iNDS_AaA
1177	Mission	Alex G	God Save The Animals	LIKE	en-yGMADT0E	MPREb_iWcEJ53oURr	UC0hN36WuiKePDc-iNDS_AaA
302	Passion Babe	Aldous Harding	Warm Chris	LIKE	pvsIWzkVxJI	MPREb_kxAcCkfzmYE	UCJhnUvaiyk98avfRDgV_8Hw
814	Staring at the Henry Moore	Aldous Harding	Warm Chris	LIKE	7brypmGOCoc	MPREb_kxAcCkfzmYE	UCJhnUvaiyk98avfRDgV_8Hw
824	Ennui	Aldous Harding	Warm Chris	LIKE	ZS2sGC2BZns	MPREb_kxAcCkfzmYE	UCJhnUvaiyk98avfRDgV_8Hw
986	Tick Tock	Aldous Harding	Warm Chris	LIKE	xIM58EBA2AM	MPREb_kxAcCkfzmYE	UCJhnUvaiyk98avfRDgV_8Hw
1338	Late Lament	Alan Broadbent Trio	Trio in Motion	LIKE	Nm_g9m9II7M	MPREb_yI7evYPBlnq	UCoTy7D2T43ArIEGbX6x1VkQ
108	With an Addict	Against All Logic	2017 - 2019	LIKE	CyOgTUkq0yQ	MPREb_TJiqyXzW7QP	UCM2MeXVuQH9lJQWDPE9Ik_Q
415	If Loving You is Wrong	Against All Logic	2017 - 2019	LIKE	C2MDwfipriM	MPREb_TJiqyXzW7QP	UCM2MeXVuQH9lJQWDPE9Ik_Q
926	You (Forever)	Against All Logic	2017 - 2019	LIKE	Ym1YutQlzPk	MPREb_TJiqyXzW7QP	UCM2MeXVuQH9lJQWDPE9Ik_Q
1087	Faith	Against All Logic	2017 - 2019	LIKE	gBWO5T0_A60	MPREb_TJiqyXzW7QP	UCM2MeXVuQH9lJQWDPE9Ik_Q
1396	Penny	Against All Logic	2017 - 2019	LIKE	CvphjJ1VeJc	MPREb_TJiqyXzW7QP	UCM2MeXVuQH9lJQWDPE9Ik_Q
200	Mindful Solutionism	Aesop Rock	Integrated Tech Solutions	LIKE	PSq631jpsmw	MPREb_Bhcs9MKkZZM	UCy7EBgGtHw6fHlAfc5bPAHA
363	Pigeonometry	Aesop Rock	Integrated Tech Solutions	LIKE	wAiLp-MyUa8	MPREb_Bhcs9MKkZZM	UCy7EBgGtHw6fHlAfc5bPAHA
767	Infinity Fill Goose Down	Aesop Rock	Integrated Tech Solutions	LIKE	16bvojX4cks	MPREb_Bhcs9MKkZZM	UCy7EBgGtHw6fHlAfc5bPAHA
932	Forward Compatibility Engine (feat. Rob Sonic)	Aesop Rock	Integrated Tech Solutions	LIKE	b21PsuGLG_Y	MPREb_Bhcs9MKkZZM	UCy7EBgGtHw6fHlAfc5bPAHA
218	my angel	Adrianne Lenker	songs	LIKE	IsfxcSNg7u4	MPREb_tP4c5VBnG44	UCUk49fVKOmtT_l-nOv59QyA
237	zombie girl	Adrianne Lenker	songs	LIKE	4Mkj4tXsI7E	MPREb_tP4c5VBnG44	UCUk49fVKOmtT_l-nOv59QyA
593	ingydar	Adrianne Lenker	songs	LIKE	o2M43jRrsrk	MPREb_tP4c5VBnG44	UCUk49fVKOmtT_l-nOv59QyA
978	music for indigo	Adrianne Lenker	instrumentals	LIKE	5WeYBxFrQpo	MPREb_87XdGvGbA1Q	UCUk49fVKOmtT_l-nOv59QyA
74	Walking Flames (feat. Sampha)	Actress	Karma & Desire	LIKE	MAHY5hEmTBw	MPREb_vEFjmBaVHsA	UCgzkJkxVFn03DlVTyft-Fxw
287	VVY (feat. Sampha)	Actress	Karma & Desire	LIKE	TiIzBdaPUoc	MPREb_vEFjmBaVHsA	UCgzkJkxVFn03DlVTyft-Fxw
448	Public Life (feat. Vanessa Benelli Mosell)	Actress	Karma & Desire	LIKE	XzoGVlutrao	MPREb_vEFjmBaVHsA	UCgzkJkxVFn03DlVTyft-Fxw
985	Fire and Light	Actress	Karma & Desire	LIKE	zULLuhP6KYY	MPREb_vEFjmBaVHsA	UCgzkJkxVFn03DlVTyft-Fxw
1001	Reverend	Actress	Karma & Desire	LIKE	qo4X_-pP-6I	MPREb_vEFjmBaVHsA	UCgzkJkxVFn03DlVTyft-Fxw
1184	XRAY	Actress	Karma & Desire	LIKE	teKid18L6NI	MPREb_vEFjmBaVHsA	UCgzkJkxVFn03DlVTyft-Fxw
1014	Alas, Departing	Sarah Davachi	Ex Fabula I - A Guide to Late Music Releases I – X	INDIFFERENT	SD9dmfb2pNg	MPREb_Ko5u6Xacha9	UCW82MHaOiwL6Njf8uYbbQiw
82	Bow Ecco	Oneohtrix Point Never	Midday Suite	INDIFFERENT	WE5IIrCsXAM	MPREb_rDqjaJAFScm	UCnj8OjhJVGOgCq8zEN1tGNg
119	Nothing’s Special	Oneohtrix Point Never	Magic Oneohtrix Point Never	INDIFFERENT	gje0elKb_-g	MPREb_wInXkdDD2wu	UCnj8OjhJVGOgCq8zEN1tGNg
135	Wave Idea	Oneohtrix Point Never	Magic Oneohtrix Point Never	INDIFFERENT	WQJRfZtE_yY	MPREb_wInXkdDD2wu	UCnj8OjhJVGOgCq8zEN1tGNg
149	The Whether Channel	Oneohtrix Point Never	Midday Suite	INDIFFERENT	OE22mIG4NTk	MPREb_rDqjaJAFScm	UCnj8OjhJVGOgCq8zEN1tGNg
187	Imago	Oneohtrix Point Never	Magic Oneohtrix Point Never	INDIFFERENT	AFCPmw4yOSQ	MPREb_wInXkdDD2wu	UCnj8OjhJVGOgCq8zEN1tGNg
269	I Don't Love Me Anymore	Oneohtrix Point Never	Midday Suite	INDIFFERENT	lyW-T7qNJr4	MPREb_rDqjaJAFScm	UCnj8OjhJVGOgCq8zEN1tGNg
519	Auto & Allo	Oneohtrix Point Never	Magic Oneohtrix Point Never	INDIFFERENT	6Y9HrWlPJ2A	MPREb_wInXkdDD2wu	UCnj8OjhJVGOgCq8zEN1tGNg
559	I Don't Love Me Anymore	Oneohtrix Point Never	Magic Oneohtrix Point Never	INDIFFERENT	XOlpjX9v-sg	MPREb_wInXkdDD2wu	UCnj8OjhJVGOgCq8zEN1tGNg
714	Tales From The Trash Stratum	Oneohtrix Point Never	Magic Oneohtrix Point Never	INDIFFERENT	jnNVsF1vKGc	MPREb_wInXkdDD2wu	UCnj8OjhJVGOgCq8zEN1tGNg
1103	Bow Ecco	Oneohtrix Point Never	Magic Oneohtrix Point Never	INDIFFERENT	exEpyxhVB4M	MPREb_wInXkdDD2wu	UCnj8OjhJVGOgCq8zEN1tGNg
1140	The Whether Channel	Oneohtrix Point Never	Magic Oneohtrix Point Never	INDIFFERENT	RdwzmMDIsgo	MPREb_wInXkdDD2wu	UCnj8OjhJVGOgCq8zEN1tGNg
172	Watch Over Them	Horace Andy	Midnight Rocker	INDIFFERENT	4C5r8s6u5KU	MPREb_us1cgVCHy51	UC6FtczJEj05c3bLscIiyjKA
640	Today Is Right Here	Horace Andy	Midnight Rocker	INDIFFERENT	fehFTRerwu0	MPREb_us1cgVCHy51	UC6FtczJEj05c3bLscIiyjKA
710	Safe From Harm	Horace Andy	Midnight Rocker	INDIFFERENT	NExj1lu0OY0	MPREb_us1cgVCHy51	UC6FtczJEj05c3bLscIiyjKA
751	Easy Money	Horace Andy	Midnight Rocker	INDIFFERENT	rUDqfIVmqCE	MPREb_us1cgVCHy51	UC6FtczJEj05c3bLscIiyjKA
846	This Must Be Hell	Horace Andy	Midnight Rocker	INDIFFERENT	i2zZJYbOplk	MPREb_us1cgVCHy51	UC6FtczJEj05c3bLscIiyjKA
1165	Sleep On The Wing	Bibio	Sleep On The Wing	INDIFFERENT	jbsMCRKjw-Y	MPREb_ZvETT387XG9	UCuJ1ytddNReUXXZb3QPNEtg
193	Hall Of Mirrors	Sarah Davachi	Two Sisters		B7YlxU5tee0		
227	Vanity Of Ages	Sarah Davachi	Two Sisters		L92UynjW5zY		
1158	Telallás	Nicolas Jaar	Telas		Vu9TpsD0www		
1172	Let Me In	Moodymann	Taken Away		QLoaMoaWtB0		
708	A Hero's Death (Soulwax Remix)	Fontaines D.C.	A Hero's Death (Soulwax Remix)		02w0XhrqjgY		
1385	Fantasy	Against All Logic	2017 - 2019		RVCvPpp_ns0		
