title	artist	album	likeStatus	videoId	albumId	artistId	playlists
Round Lights	Thelonious Monk Quintet	Thelonious Alone In San Francisco	LIKE	N-tl8hyIR0I	MPREb_0IrqcLz4kKW	UCyCL_gVNVoWZTjkw-KnuIDg	ym 1950s late mb albums
Ruby, My Dear	Thelonious Monk	Thelonious Alone In San Francisco	LIKE	OPRU3XSyqeo	MPREb_0IrqcLz4kKW	UCyCL_gVNVoWZTjkw-KnuIDg	ym 1950s late mb albums
Pannonica	Thelonious Monk	Thelonious Alone In San Francisco	LIKE	kWEfQo6hECY	MPREb_0IrqcLz4kKW	UCyCL_gVNVoWZTjkw-KnuIDg	ym 1950s late mb albums
Everything Happens To Me	Thelonious Monk	Thelonious Alone In San Francisco	LIKE	FfkeHxHeW50	MPREb_0IrqcLz4kKW	UCyCL_gVNVoWZTjkw-KnuIDg	ym 1950s late mb albums
Blue Monk	Thelonious Monk	Thelonious Alone In San Francisco	LIKE	SthFDEE3zKQ	MPREb_0IrqcLz4kKW	UCyCL_gVNVoWZTjkw-KnuIDg	ym 1950s late mb albums
Pannonica (feat. Sonny Rollins, Ernie Henry & Clark Terry)	Thelonious Monk	Brilliant Corners	LIKE	uM8WvPHBNos	MPREb_8ZUQe8tWB9I	UCyCL_gVNVoWZTjkw-KnuIDg	ym 1950s late mb albums
I Surrender, Dear	Thelonious Monk	Brilliant Corners	LIKE	-7LAlSEwRgI	MPREb_8ZUQe8tWB9I	UCyCL_gVNVoWZTjkw-KnuIDg	ym 1950s late mb albums
Bemsha Swing (feat. Sonny Rollins & Clark Terry)	Thelonious Monk	Brilliant Corners	LIKE	VdjUDsjRxak	MPREb_8ZUQe8tWB9I	UCyCL_gVNVoWZTjkw-KnuIDg	ym 1950s late mb albums
One Bass Hit	The Modern Jazz Quartet	Django (Rudy Van Gelder Remaster)	LIKE	zPNTcE9j-Go	MPREb_m0c353GbSEs	UCQjf61NuHvxHrm4gkdx0ZaQ	ym 1950s late mb albums
Milano	The Modern Jazz Quartet	Django (Rudy Van Gelder Remaster)	LIKE	XwxwGROwbI8	MPREb_m0c353GbSEs	UCQjf61NuHvxHrm4gkdx0ZaQ	ym 1950s late mb albums
Django	The Modern Jazz Quartet	Django (Rudy Van Gelder Remaster)	LIKE	wXnkD7_5vqM	MPREb_m0c353GbSEs	UCQjf61NuHvxHrm4gkdx0ZaQ	ym 1950s late mb albums
But Not For Me	The Modern Jazz Quartet	Django (Rudy Van Gelder Remaster)	LIKE	8ngGoA9ua3c	MPREb_m0c353GbSEs	UCQjf61NuHvxHrm4gkdx0ZaQ	ym 1950s late mb albums
Autumn In New York	The Modern Jazz Quartet	Django (Rudy Van Gelder Remaster)	LIKE	PWCYv-PbxVM	MPREb_m0c353GbSEs	UCQjf61NuHvxHrm4gkdx0ZaQ	ym 1950s late mb albums
Three to Get Ready	The Dave Brubeck Quartet	Time Out	LIKE	EZLMHglUTaI	MPREb_3wnWlcId2hc	UCMBevFAp40kVlvIcOvzv5Bw	ym 1950s late mb albums
Take Five	The Dave Brubeck Quartet	Time Out	LIKE	ryA6eHZNnXY	MPREb_3wnWlcId2hc	UCMBevFAp40kVlvIcOvzv5Bw	ym 1950s late mb albums
Strange Meadow Lark	The Dave Brubeck Quartet	Time Out	LIKE	XJ5FMEjWr5Q	MPREb_3wnWlcId2hc	UCMBevFAp40kVlvIcOvzv5Bw	ym 1950s late mb albums
Kathy's Waltz	The Dave Brubeck Quartet	Time Out	LIKE	z8GLQycLjDg	MPREb_3wnWlcId2hc	UCMBevFAp40kVlvIcOvzv5Bw	ym 1950s late mb albums
Three To Get Ready (Live)	The Dave Brubeck Quartet	At Carnegie Hall	LIKE	k4GgnzbgmMI	MPREb_oqvNo5GeVi7	UCMBevFAp40kVlvIcOvzv5Bw	ym 1950s late mb albums
Take Five (Live)	The Dave Brubeck Quartet	At Carnegie Hall	LIKE	sy77iur-4_s	MPREb_oqvNo5GeVi7	UCMBevFAp40kVlvIcOvzv5Bw	ym 1950s late mb albums
Southern Scene (Live)	The Dave Brubeck Quartet	At Carnegie Hall	LIKE	cVrVVvO9AH0	MPREb_oqvNo5GeVi7	UCMBevFAp40kVlvIcOvzv5Bw	ym 1950s late mb albums
Soulville	The Ben Webster Quintet	Soulville	LIKE	f3RFT3exSF0	MPREb_yEpiYIxBb0Y	UCANynQMnWY6tEaDl4eWwm1Q	ym 1950s late mb albums
T-Bone Shuffle	T-Bone Walker	T-Bone Blues	LIKE	PwMC3W3BE4c	MPREb_PTNBA1bp1iq	UCGUpBCmvcFSZUekLZjQnJFQ	ym 1950s late mb albums
T-Bone Blues Special	T-Bone Walker	T-Bone Blues	LIKE	Tuo5_HE8K1w	MPREb_PTNBA1bp1iq	UCGUpBCmvcFSZUekLZjQnJFQ	ym 1950s late mb albums
T-Bone Blues	T-Bone Walker	T-Bone Blues	LIKE	HxCzMAFrTJ8	MPREb_PTNBA1bp1iq	UCGUpBCmvcFSZUekLZjQnJFQ	ym 1950s late mb albums
Shufflin' the Blues	T-Bone Walker	T-Bone Blues	LIKE	w8GzTiFU6gw	MPREb_PTNBA1bp1iq	UCGUpBCmvcFSZUekLZjQnJFQ	ym 1950s late mb albums
Play on Little Girl	T-Bone Walker	T-Bone Blues	LIKE	bxRnoHHkh9E	MPREb_PTNBA1bp1iq	UCGUpBCmvcFSZUekLZjQnJFQ	ym 1950s late mb albums
Mean Old World	T-Bone Walker	T-Bone Blues	LIKE	M_ZDGFBKbBM	MPREb_PTNBA1bp1iq	UCGUpBCmvcFSZUekLZjQnJFQ	ym 1950s late mb albums
How Long Blues	T-Bone Walker	T-Bone Blues	LIKE	SqST78K5C8c	MPREb_PTNBA1bp1iq	UCGUpBCmvcFSZUekLZjQnJFQ	ym 1950s late mb albums
Call It Stormy Monday	T-Bone Walker	T-Bone Blues	LIKE	xifoTGRBhg0	MPREb_PTNBA1bp1iq	UCGUpBCmvcFSZUekLZjQnJFQ	ym 1950s late mb albums
Blues for Marili	T-Bone Walker	T-Bone Blues	LIKE	ACgtNrV_09Q	MPREb_PTNBA1bp1iq	UCGUpBCmvcFSZUekLZjQnJFQ	ym 1950s late mb albums
Blues Rock	T-Bone Walker	T-Bone Blues	LIKE	ZH-fFOh3qbg	MPREb_PTNBA1bp1iq	UCGUpBCmvcFSZUekLZjQnJFQ	ym 1950s late mb albums
Summertime	Stan Getz	West Coast Jazz (Expanded Edition)	LIKE	b9Xh2xIqdM4	MPREb_8ECGkuYZwkK	UCITWDrIiWv0Y-zj8xrvoY-Q	ym 1950s late mb albums
Suddenly It's Spring	Stan Getz	West Coast Jazz (Expanded Edition)	LIKE	qzOUzdeCqM4	MPREb_8ECGkuYZwkK	UCITWDrIiWv0Y-zj8xrvoY-Q	ym 1950s late mb albums
Of Thee I Sing (Alternate Take)	Stan Getz	West Coast Jazz (Expanded Edition)	LIKE	FNpZkUOesGA	MPREb_8ECGkuYZwkK	UCITWDrIiWv0Y-zj8xrvoY-Q	ym 1950s late mb albums
Love Is Here To Stay (Alternate Take)	Stan Getz	West Coast Jazz (Expanded Edition)	LIKE	IGP5qg3bILE	MPREb_8ECGkuYZwkK	UCITWDrIiWv0Y-zj8xrvoY-Q	ym 1950s late mb albums
East Of The Sun (And West Of The Moon)	Stan Getz	West Coast Jazz (Expanded Edition)	LIKE	p9t1gEl-wE8	MPREb_8ECGkuYZwkK	UCITWDrIiWv0Y-zj8xrvoY-Q	ym 1950s late mb albums
A Handful Of Stars	Stan Getz	West Coast Jazz (Expanded Edition)	LIKE	2ux68AIfnkI	MPREb_8ECGkuYZwkK	UCITWDrIiWv0Y-zj8xrvoY-Q	ym 1950s late mb albums
You Don't Know What Love Is (Rudy Van Gelder Rudy Van Gelder Remastered 2006 / Shared ISRC) (feat. Tommy Flanagan, Doug Watkins & Max Roach)	Sonny Rollins	Saxophone Colossus	LIKE	t61RNdQsBko	MPREb_u2b2Lg3bGNJ	UCqwmTSEZTKX_BmxlmDSOzGQ	ym 1950s late mb albums
Strode Rode (Remastered 2006 / Shared ISRC) (feat. Tommy Flanagan, Doug Watkins & Max Roach)	Sonny Rollins	Saxophone Colossus	LIKE	Ph5O4e0sGRA	MPREb_u2b2Lg3bGNJ	UCqwmTSEZTKX_BmxlmDSOzGQ	ym 1950s late mb albums
St. Thomas (feat. Tommy Flanagan, Doug Watkins & Max Roach)	Sonny Rollins	Saxophone Colossus	LIKE	_YynSucmcQo	MPREb_u2b2Lg3bGNJ	UCqwmTSEZTKX_BmxlmDSOzGQ	ym 1950s late mb albums
Blue 7 (Rudy Van Gelder Remaster 1956) (feat. Tommy Flanagan, Doug Watkins & Max Roach)	Sonny Rollins	Saxophone Colossus	LIKE	_PL_WNgdbDc	MPREb_u2b2Lg3bGNJ	UCqwmTSEZTKX_BmxlmDSOzGQ	ym 1950s late mb albums
Well, I Had My Fun	Snooks Eaglin	New Orleans Street Singer	LIKE	OpTWEWBxWAU	MPREb_18sP8qeISOa	UCirj8GmVSuYpR1jBnotPTdg	ym 1950s late mb albums
Trouble in Mind	Snooks Eaglin	New Orleans Street Singer	LIKE	bXmKzM3fB0Y	MPREb_18sP8qeISOa	UCirj8GmVSuYpR1jBnotPTdg	ym 1950s late mb albums
The Drifter Blues	Snooks Eaglin	New Orleans Street Singer	LIKE	9gF3F7dzzho	MPREb_18sP8qeISOa	UCirj8GmVSuYpR1jBnotPTdg	ym 1950s late mb albums
Remember Me	Snooks Eaglin	New Orleans Street Singer	LIKE	JUBqqeGctsI	MPREb_18sP8qeISOa	UCirj8GmVSuYpR1jBnotPTdg	ym 1950s late mb albums
Malaguena	Snooks Eaglin	New Orleans Street Singer	LIKE	oSzjMYjdRGU	MPREb_18sP8qeISOa	UCirj8GmVSuYpR1jBnotPTdg	ym 1950s late mb albums
I'm Looking for a Woman	Snooks Eaglin	New Orleans Street Singer	LIKE	xC7Lz7UjrwM	MPREb_18sP8qeISOa	UCirj8GmVSuYpR1jBnotPTdg	ym 1950s late mb albums
I Got a Woman	Snooks Eaglin	New Orleans Street Singer	LIKE	bZ7xtmkZzrA	MPREb_18sP8qeISOa	UCirj8GmVSuYpR1jBnotPTdg	ym 1950s late mb albums
I Got My Questionaire	Snooks Eaglin	New Orleans Street Singer	LIKE	JiPLM9kZ96g	MPREb_18sP8qeISOa	UCirj8GmVSuYpR1jBnotPTdg	ym 1950s late mb albums
Don't You Lie to Me	Snooks Eaglin	New Orleans Street Singer	LIKE	OtfK_Af38ok	MPREb_18sP8qeISOa	UCirj8GmVSuYpR1jBnotPTdg	ym 1950s late mb albums
Brown Skin Woman	Snooks Eaglin	New Orleans Street Singer	LIKE	aLSBQC_PLfQ	MPREb_18sP8qeISOa	UCirj8GmVSuYpR1jBnotPTdg	ym 1950s late mb albums
Alberta	Snooks Eaglin	New Orleans Street Singer	LIKE	_LJV08DF4B8	MPREb_18sP8qeISOa	UCirj8GmVSuYpR1jBnotPTdg	ym 1950s late mb albums
A Thousand Miles from Home	Snooks Eaglin	New Orleans Street Singer	LIKE	QNNpl_PQftI	MPREb_18sP8qeISOa	UCirj8GmVSuYpR1jBnotPTdg	ym 1950s late mb albums
La Bamba (Single Version)	Ritchie Valens	Ritchie Valens	LIKE	BycLmWI97Nc	MPREb_xBGXDGI1iHp	UCDBrvmnCOWWveXOZHDCotoQ	ym 1950s late mb albums
Donna (Single Version)	Ritchie Valens	Ritchie Valens	LIKE	NKUycdloFPg	MPREb_xBGXDGI1iHp	UCDBrvmnCOWWveXOZHDCotoQ	ym 1950s late mb albums
Come On, Let's Go	Ritchie Valens	Ritchie Valens	LIKE	XleOeDOLi5Y	MPREb_xBGXDGI1iHp	UCDBrvmnCOWWveXOZHDCotoQ	ym 1950s late mb albums
Lonesome Town (Alternate Version)	Ricky Nelson	Ricky Sings Again (Expanded Edition / Remastered)	LIKE	4JmXeqTawnQ	MPREb_7vLhCHJkMKm	UCTMqfqcEMQalFFcuzoQe6Ew	ym 1950s late mb albums
Lonesome Town	Ricky Nelson	Ricky Sings Again (Expanded Edition / Remastered)	LIKE	gsf2OYzPDYA	MPREb_7vLhCHJkMKm	UCTMqfqcEMQalFFcuzoQe6Ew	ym 1950s late mb albums
It's Late	Ricky Nelson	Ricky Sings Again (Expanded Edition / Remastered)	LIKE	KFxXwEkT_Sc	MPREb_7vLhCHJkMKm	UCTMqfqcEMQalFFcuzoQe6Ew	ym 1950s late mb albums
Gloomy Sunday	Ricky Nelson	Ricky Sings Again (Expanded Edition / Remastered)	LIKE	J9S958Y2K_w	MPREb_7vLhCHJkMKm	UCTMqfqcEMQalFFcuzoQe6Ew	ym 1950s late mb albums
The Very Thought Of You (feat. Paul Chambers & Art Taylor)	Red Garland	Red Garland's Piano	LIKE	-aaUB8Rx2KA	MPREb_3dswZeUuvSm	UCGoOd5vhLg8fz5LJ98GBHBg	ym 1950s late mb albums
Please Send Me Someone To Love (feat. Paul Chambers & Art Taylor)	Red Garland	Red Garland's Piano	LIKE	jrCHw9J6__0	MPREb_3dswZeUuvSm	UCGoOd5vhLg8fz5LJ98GBHBg	ym 1950s late mb albums
If I Were A Bell (feat. Paul Chambers & Art Taylor)	Red Garland	Red Garland's Piano	LIKE	h_4r-i_yzQ0	MPREb_3dswZeUuvSm	UCGoOd5vhLg8fz5LJ98GBHBg	ym 1950s late mb albums
I Know Why (And So Do You) (feat. Paul Chambers & Art Taylor)	Red Garland	Red Garland's Piano	LIKE	BmfyLwwNujA	MPREb_3dswZeUuvSm	UCGoOd5vhLg8fz5LJ98GBHBg	ym 1950s late mb albums
I Can't Give You Anything But Love (feat. Paul Chambers & Art Taylor)	Red Garland	Red Garland's Piano	LIKE	CLlY2eENQg8	MPREb_3dswZeUuvSm	UCGoOd5vhLg8fz5LJ98GBHBg	ym 1950s late mb albums
Almost Like Being In Love (feat. Paul Chambers & Art Taylor)	Red Garland	Red Garland's Piano	LIKE	PBZnMaCw-ZE	MPREb_3dswZeUuvSm	UCGoOd5vhLg8fz5LJ98GBHBg	ym 1950s late mb albums
Losing Hand	Ray Charles and His Orchestra	Ray Charles (aka: Hallelujah, I Love Her So)	LIKE	gx0iDyQSkGY	MPREb_brrx2p8O6aS	UClapQBGYNOoLYmCct6e3B5Q	ym 1950s late mb albums
What'd I Say, Pt. 1 & 2	Ray Charles	What'd I Say	LIKE	oOh5wVC-Cm8	MPREb_nd1ZI7UFsCz	UClapQBGYNOoLYmCct6e3B5Q	ym 1950s late mb albums
Rockhouse, Pt. 1 & 2	Ray Charles	What'd I Say	LIKE	xBCUsA8acfs	MPREb_nd1ZI7UFsCz	UClapQBGYNOoLYmCct6e3B5Q	ym 1950s late mb albums
You Won't Let Me Go	Ray Charles	The Genius Of Ray Charles	LIKE	l1rL2VRYnME	MPREb_VdbXJv2WEpG	UClapQBGYNOoLYmCct6e3B5Q	ym 1950s late mb albums
When Your Lover Has Gone	Ray Charles	The Genius Of Ray Charles	LIKE	ZYUuLUzRM7Q	MPREb_VdbXJv2WEpG	UClapQBGYNOoLYmCct6e3B5Q	ym 1950s late mb albums
Tell Me You'll Wait for Me	Ray Charles	The Genius Of Ray Charles	LIKE	daYscTwEBQ0	MPREb_VdbXJv2WEpG	UClapQBGYNOoLYmCct6e3B5Q	ym 1950s late mb albums
Let the Good Times Roll	Ray Charles	The Genius Of Ray Charles	LIKE	v_tcBVXnCU4	MPREb_VdbXJv2WEpG	UClapQBGYNOoLYmCct6e3B5Q	ym 1950s late mb albums
Don't Let the Sun Catch You Cryin'	Ray Charles	The Genius Of Ray Charles	LIKE	xxA0Q1WTmXA	MPREb_VdbXJv2WEpG	UClapQBGYNOoLYmCct6e3B5Q	ym 1950s late mb albums
Come Rain or Come Shine	Ray Charles	The Genius Of Ray Charles	LIKE	FPRWWhhiB8M	MPREb_VdbXJv2WEpG	UClapQBGYNOoLYmCct6e3B5Q	ym 1950s late mb albums
Am I Blue	Ray Charles	The Genius Of Ray Charles	LIKE	vyUpyyXa6T4	MPREb_VdbXJv2WEpG	UClapQBGYNOoLYmCct6e3B5Q	ym 1950s late mb albums
Mess Around	Ray Charles	Ray Charles (aka: Hallelujah, I Love Her So)	LIKE	YaNQG1yVYDg	MPREb_brrx2p8O6aS	UClapQBGYNOoLYmCct6e3B5Q	ym 1950s late mb albums
Mary Ann	Ray Charles	Ray Charles (aka: Hallelujah, I Love Her So)	LIKE	F-OuaEcSSPM	MPREb_brrx2p8O6aS	UClapQBGYNOoLYmCct6e3B5Q	ym 1950s late mb albums
I've Got a Woman	Ray Charles	Ray Charles (aka: Hallelujah, I Love Her So)	LIKE	j6l-qQMOs9c	MPREb_brrx2p8O6aS	UClapQBGYNOoLYmCct6e3B5Q	ym 1950s late mb albums
Hallelujah, I Love Her So	Ray Charles	Ray Charles (aka: Hallelujah, I Love Her So)	LIKE	aFi4LHSHJY4	MPREb_brrx2p8O6aS	UClapQBGYNOoLYmCct6e3B5Q	ym 1950s late mb albums
Greenbacks	Ray Charles	Ray Charles (aka: Hallelujah, I Love Her So)	LIKE	8J0DkgY8pSI	MPREb_brrx2p8O6aS	UClapQBGYNOoLYmCct6e3B5Q	ym 1950s late mb albums
Funny (But I Still Love You)	Ray Charles	Ray Charles (aka: Hallelujah, I Love Her So)	LIKE	fm4vlOd_Xpo	MPREb_brrx2p8O6aS	UClapQBGYNOoLYmCct6e3B5Q	ym 1950s late mb albums
Drown in My Own Tears	Ray Charles	Ray Charles (aka: Hallelujah, I Love Her So)	LIKE	ynH3rczC_ZA	MPREb_brrx2p8O6aS	UClapQBGYNOoLYmCct6e3B5Q	ym 1950s late mb albums
Don't You Know	Ray Charles	Ray Charles (aka: Hallelujah, I Love Her So)	LIKE	Shz70aPDQls	MPREb_brrx2p8O6aS	UClapQBGYNOoLYmCct6e3B5Q	ym 1950s late mb albums
Come Back Baby	Ray Charles	Ray Charles (aka: Hallelujah, I Love Her So)	LIKE	9DzpMdFfJlc	MPREb_brrx2p8O6aS	UClapQBGYNOoLYmCct6e3B5Q	ym 1950s late mb albums
Ain't That Love	Ray Charles	Ray Charles (aka: Hallelujah, I Love Her So)	LIKE	G_RAGPwSpO8	MPREb_brrx2p8O6aS	UClapQBGYNOoLYmCct6e3B5Q	ym 1950s late mb albums
A Fool for You	Ray Charles	Ray Charles (aka: Hallelujah, I Love Her So)	LIKE	LCR7XVcvApQ	MPREb_brrx2p8O6aS	UClapQBGYNOoLYmCct6e3B5Q	ym 1950s late mb albums
An Introduction to Indian Music	Ravi Shankar	The Sounds Of India	LIKE	uLB_mRyA4bY	MPREb_ZGtogSDfKpM	UCdjqqTS7Ixlrn98jSa9dtkQ	ym 1950s late mb albums
Chronology	Ornette Coleman	The Shape Of Jazz To Come	LIKE	KdrYnv-iKyg	MPREb_RtvtMzsRgZE	UCMD_nRrrkezVzMumc1hBuwQ	ym 1950s late mb albums
The Meaning Of The Blues	Miles Davis	Miles Ahead (Expanded Edition)	LIKE	W3WbgnGyZ-I	MPREb_ROX8t0aVBCZ	UCIev2PktTH5mI-QlGmbUkiw	ym 1950s late mb albums
The Maids of Cadiz	Miles Davis	Miles Ahead (Expanded Edition)	LIKE	f3C3FvsiMfw	MPREb_ROX8t0aVBCZ	UCIev2PktTH5mI-QlGmbUkiw	ym 1950s late mb albums
My Ship	Miles Davis	Miles Ahead (Expanded Edition)	LIKE	YZwZgki3ads	MPREb_ROX8t0aVBCZ	UCIev2PktTH5mI-QlGmbUkiw	ym 1950s late mb albums
Miles Ahead	Miles Davis	Miles Ahead (Expanded Edition)	LIKE	_GXE_XXty_c	MPREb_ROX8t0aVBCZ	UCIev2PktTH5mI-QlGmbUkiw	ym 1950s late mb albums
Medley: The Meaning of the Blues/Lament (Rehearsal)	Miles Davis	Miles Ahead (Expanded Edition)	LIKE	To68rbtATpI	MPREb_ROX8t0aVBCZ	UCIev2PktTH5mI-QlGmbUkiw	ym 1950s late mb albums
Lament	Miles Davis	Miles Ahead (Expanded Edition)	LIKE	ogsT8wVqiWQ	MPREb_ROX8t0aVBCZ	UCIev2PktTH5mI-QlGmbUkiw	ym 1950s late mb albums
So What (feat. John Coltrane, Cannonball Adderley & Bill Evans)	Miles Davis	Kind Of Blue	LIKE	9rD3zdscDRQ	MPREb_iNbKdKjDqyr	UCIev2PktTH5mI-QlGmbUkiw	ym 1950s late mb albums
Flamenco Sketches (feat. John Coltrane, Cannonball Adderley & Bill Evans)	Miles Davis	Kind Of Blue	LIKE	UpwlFYvdUXY	MPREb_iNbKdKjDqyr	UCIev2PktTH5mI-QlGmbUkiw	ym 1950s late mb albums
Blue in Green (feat. John Coltrane & Bill Evans)	Miles Davis	Kind Of Blue	LIKE	veDgWww1hIQ	MPREb_iNbKdKjDqyr	UCIev2PktTH5mI-QlGmbUkiw	ym 1950s late mb albums
All Blues (feat. John Coltrane, Cannonball Adderley & Bill Evans)	Miles Davis	Kind Of Blue	LIKE	xb3iCpu-JFs	MPREb_iNbKdKjDqyr	UCIev2PktTH5mI-QlGmbUkiw	ym 1950s late mb albums
Moon Dreams	Miles Davis	Birth Of The Cool	LIKE	T9o9DAggzmw	MPREb_7qkergE1As1	UCIev2PktTH5mI-QlGmbUkiw	ym 1950s late mb albums
Boplicity	Miles Davis	Birth Of The Cool	LIKE	r-gOVGLe-dA	MPREb_7qkergE1As1	UCIev2PktTH5mI-QlGmbUkiw	ym 1950s late mb albums
Woody 'N You (Live at Pasadena Civic Auditorium, Pasadena, CA - February 1956) (feat. John Coltrane, Red Garland, Paul Chambers & Philly Joe Jones)	Miles Davis	'Round About Midnight	LIKE	E736bcudnC8	MPREb_iPVvVWSyKHY	UCIev2PktTH5mI-QlGmbUkiw	ym 1950s late mb albums
The Theme (Live at Pasadena Civic Auditorium, Pasadena, CA - February 1956) (feat. John Coltrane, Red Garland, Paul Chambers & Philly Joe Jones)	Miles Davis	'Round About Midnight	LIKE	u59D0ugOxeU	MPREb_iPVvVWSyKHY	UCIev2PktTH5mI-QlGmbUkiw	ym 1950s late mb albums
Sweet Sue, Just You (feat. John Coltrane, Red Garland, Paul Chambers & Philly Joe Jones)	Miles Davis	'Round About Midnight	LIKE	Mp9d36Qxbnc	MPREb_iPVvVWSyKHY	UCIev2PktTH5mI-QlGmbUkiw	ym 1950s late mb albums
It Never Entered My Mind (Live at Pasadena Civic Auditorium, Pasadena, CA - February 1956) (feat. John Coltrane, Red Garland, Paul Chambers & Philly Joe Jones)	Miles Davis	'Round About Midnight	LIKE	4URHyLJ7bRg	MPREb_iPVvVWSyKHY	UCIev2PktTH5mI-QlGmbUkiw	ym 1950s late mb albums
Introduction by Gene Norman (Live at Pasadena Civic Auditorium, Pasadena, CA - February 1956) (feat. John Coltrane, Red Garland, Paul Chambers & Philly Joe Jones)	Miles Davis	'Round About Midnight	LIKE	fUMHUr83kl4	MPREb_iPVvVWSyKHY	UCIev2PktTH5mI-QlGmbUkiw	ym 1950s late mb albums
Gene Norman & Miles Davis (Live at Pasadena Civic Auditorium, Pasadena, CA - February 1956) (feat. John Coltrane, Red Garland, Paul Chambers & Philly Joe Jones)	Miles Davis	'Round About Midnight	LIKE	t8ylUNddYEw	MPREb_iPVvVWSyKHY	UCIev2PktTH5mI-QlGmbUkiw	ym 1950s late mb albums
Dear Old Stockholm (feat. John Coltrane, Red Garland, Paul Chambers & Philly Joe Jones)	Miles Davis	'Round About Midnight	LIKE	1VOp-C1ocKM	MPREb_iPVvVWSyKHY	UCIev2PktTH5mI-QlGmbUkiw	ym 1950s late mb albums
Bye Bye Blackbird (feat. John Coltrane, Red Garland, Paul Chambers & Philly Joe Jones)	Miles Davis	'Round About Midnight	LIKE	CieM9gurwZ4	MPREb_iPVvVWSyKHY	UCIev2PktTH5mI-QlGmbUkiw	ym 1950s late mb albums
All of You (feat. John Coltrane, Red Garland, Paul Chambers & Philly Joe Jones)	Miles Davis	'Round About Midnight	LIKE	XIhFoCHQUWw	MPREb_iPVvVWSyKHY	UCIev2PktTH5mI-QlGmbUkiw	ym 1950s late mb albums
'Round Midnight (feat. John Coltrane, Red Garland, Paul Chambers & Philly Joe Jones)	Miles Davis	'Round About Midnight	LIKE	7r77GLcGlvQ	MPREb_iPVvVWSyKHY	UCIev2PktTH5mI-QlGmbUkiw	ym 1950s late mb albums
'Round Midnight (Live at the Newport Jazz Festival, Newport, RI - July 1955) (feat. Thelonious Monk, Zoot Sims, Gerry Mulligan & Percy Heath)	Miles Davis	'Round About Midnight	LIKE	iWC5wBXyozM	MPREb_iPVvVWSyKHY	UCIev2PktTH5mI-QlGmbUkiw	ym 1950s late mb albums
Variações em Violão [Variations on Guitar]	Luiz Bonfa	Solo in Rio 1959	LIKE	rIbZeuQvryk	MPREb_VQlyIM6pv5L	UCkQvoiWH10p2znjXFVXeJFQ	ym 1950s late mb albums
Uma Prece [A Prayer]	Luiz Bonfa	Solo in Rio 1959	LIKE	o4PIzyvITbM	MPREb_VQlyIM6pv5L	UCkQvoiWH10p2znjXFVXeJFQ	ym 1950s late mb albums
Shearing	Luiz Bonfa	Solo in Rio 1959	LIKE	EtL_UzX5ZiI	MPREb_VQlyIM6pv5L	UCkQvoiWH10p2znjXFVXeJFQ	ym 1950s late mb albums
Samba de Orfeu	Luiz Bonfa	Solo in Rio 1959	LIKE	HZKEN2TT6wg	MPREb_VQlyIM6pv5L	UCkQvoiWH10p2znjXFVXeJFQ	ym 1950s late mb albums
Prelude to Adventure in Space	Luiz Bonfa	Solo in Rio 1959	LIKE	e1Q4n8SQzGU	MPREb_VQlyIM6pv5L	UCkQvoiWH10p2znjXFVXeJFQ	ym 1950s late mb albums
Perdido de Amor [Lost in Love]	Luiz Bonfa	Solo in Rio 1959	LIKE	7r1tKquhyzU	MPREb_VQlyIM6pv5L	UCkQvoiWH10p2znjXFVXeJFQ	ym 1950s late mb albums
Perdido de Amor 2	Luiz Bonfa	Solo in Rio 1959	LIKE	K0EYPHSDeHA	MPREb_VQlyIM6pv5L	UCkQvoiWH10p2znjXFVXeJFQ	ym 1950s late mb albums
Night and Day	Luiz Bonfa	Solo in Rio 1959	LIKE	6LWwqe3d2E4	MPREb_VQlyIM6pv5L	UCkQvoiWH10p2znjXFVXeJFQ	ym 1950s late mb albums
Manhã de Carnaval 2	Luiz Bonfa	Solo in Rio 1959	LIKE	tcQExIEE_9Y	MPREb_VQlyIM6pv5L	UCkQvoiWH10p2znjXFVXeJFQ	ym 1950s late mb albums
Manhã de Carnaval	Luiz Bonfa	Solo in Rio 1959	LIKE	FNK-OaWhwGU	MPREb_VQlyIM6pv5L	UCkQvoiWH10p2znjXFVXeJFQ	ym 1950s late mb albums
Calypso Minor	Luiz Bonfa	Solo in Rio 1959	LIKE	RZXAf6Ai2sU	MPREb_VQlyIM6pv5L	UCkQvoiWH10p2znjXFVXeJFQ	ym 1950s late mb albums
Blue Madrid	Luiz Bonfa	Solo in Rio 1959	LIKE	zmMc_Ta_6Ys	MPREb_VQlyIM6pv5L	UCkQvoiWH10p2znjXFVXeJFQ	ym 1950s late mb albums
Amor sem Adeus [Love without Goodbye]	Luiz Bonfa	Solo in Rio 1959	LIKE	szZMZke-vJY	MPREb_VQlyIM6pv5L	UCkQvoiWH10p2znjXFVXeJFQ	ym 1950s late mb albums
I'm Crazy 'Bout My Baby	Louis Armstrong & His All Stars	Satch Plays Fats	LIKE	JL9rygs2QUE	MPREb_XJ0JCVfNjMW	UCCDaSui4C9VFMpeRlKEOHDA	ym 1950s late mb albums
Just One Of Those Things	Louis Armstrong	Louis Armstrong Meets Oscar Peterson (Expanded Edition)	LIKE	n-n5hYMfWIc	MPREb_almIqTckxjf	UCCDaSui4C9VFMpeRlKEOHDA	ym 1950s late mb albums
I Get A Kick Out Of You (feat. Oscar Peterson)	Louis Armstrong	Louis Armstrong Meets Oscar Peterson (Expanded Edition)	LIKE	zUnRP3xMcnc	MPREb_almIqTckxjf	UCCDaSui4C9VFMpeRlKEOHDA	ym 1950s late mb albums
Tutti Frutti (Take 2)	Little Richard	Here's Little Richard (Deluxe Edition)	LIKE	9k0Ee6LVPJk	MPREb_aNJwFasWryq	UCbRn2LWnKTgXbX8HUGNQHKA	ym 1950s late mb albums
Tutti Frutti	Little Richard	Here's Little Richard (Deluxe Edition)	LIKE	L32usj28t9o	MPREb_aNJwFasWryq	UCbRn2LWnKTgXbX8HUGNQHKA	ym 1950s late mb albums
True, Fine Mama	Little Richard	Here's Little Richard (Deluxe Edition)	LIKE	VVSGaVvkXcY	MPREb_aNJwFasWryq	UCbRn2LWnKTgXbX8HUGNQHKA	ym 1950s late mb albums
Rip It Up (Take 6)	Little Richard	Here's Little Richard (Deluxe Edition)	LIKE	6-PyLOvUVr4	MPREb_aNJwFasWryq	UCbRn2LWnKTgXbX8HUGNQHKA	ym 1950s late mb albums
Rip It Up (Take 4)	Little Richard	Here's Little Richard (Deluxe Edition)	LIKE	qLYu0yqUdNk	MPREb_aNJwFasWryq	UCbRn2LWnKTgXbX8HUGNQHKA	ym 1950s late mb albums
Rip It Up (Take 3)	Little Richard	Here's Little Richard (Deluxe Edition)	LIKE	gfYrCWx92XQ	MPREb_aNJwFasWryq	UCbRn2LWnKTgXbX8HUGNQHKA	ym 1950s late mb albums
Rip It Up (Take 1)	Little Richard	Here's Little Richard (Deluxe Edition)	LIKE	a8CmdCHNU_I	MPREb_aNJwFasWryq	UCbRn2LWnKTgXbX8HUGNQHKA	ym 1950s late mb albums
Rip It Up	Little Richard	Here's Little Richard (Deluxe Edition)	LIKE	eamspY_U-rk	MPREb_aNJwFasWryq	UCbRn2LWnKTgXbX8HUGNQHKA	ym 1950s late mb albums
Long Tall Sally (The Thing)	Little Richard	Here's Little Richard (Deluxe Edition)	LIKE	imMjQa27vlc	MPREb_aNJwFasWryq	UCbRn2LWnKTgXbX8HUGNQHKA	ym 1950s late mb albums
Long Tall Sally (Take 6)	Little Richard	Here's Little Richard (Deluxe Edition)	LIKE	2MybyPzMLM8	MPREb_aNJwFasWryq	UCbRn2LWnKTgXbX8HUGNQHKA	ym 1950s late mb albums
Long Tall Sally (Take 1)	Little Richard	Here's Little Richard (Deluxe Edition)	LIKE	9IUq9lQhWjA	MPREb_aNJwFasWryq	UCbRn2LWnKTgXbX8HUGNQHKA	ym 1950s late mb albums
True Fine Mama	Little Richard	Good Golly Miss Molly	LIKE	OvOKiFkn7a0	MPREb_5ztRQkEMfS9	UCbRn2LWnKTgXbX8HUGNQHKA	ym 1950s late mb albums
Long Tall Sally	Little Richard	Good Golly Miss Molly	LIKE	4wPzCjx0_K4	MPREb_5ztRQkEMfS9	UCbRn2LWnKTgXbX8HUGNQHKA	ym 1950s late mb albums
Good Golly Miss Molly	Little Richard	Good Golly Miss Molly	LIKE	vMggRYiWjlc	MPREb_5ztRQkEMfS9	UCbRn2LWnKTgXbX8HUGNQHKA	ym 1950s late mb albums
Blueberry Hill	Little Richard	Good Golly Miss Molly	LIKE	QyoS_wGcujk	MPREb_5ztRQkEMfS9	UCbRn2LWnKTgXbX8HUGNQHKA	ym 1950s late mb albums
Babyface	Little Richard	Good Golly Miss Molly	LIKE	mnzgEGgqjYE	MPREb_5ztRQkEMfS9	UCbRn2LWnKTgXbX8HUGNQHKA	ym 1950s late mb albums
Tail Dragger	Link Wray	Link Wray	LIKE	5fRlAMYZAFo	MPREb_Q8IyRno2OCC	UCXFJOvhbAdYYwaqxdOpSB5w	ym 1950s late mb albums
La De Da	Link Wray	Link Wray	LIKE	DXPFiFUW7E4	MPREb_Q8IyRno2OCC	UCXFJOvhbAdYYwaqxdOpSB5w	ym 1950s late mb albums
Fire And Brimstone	Link Wray	Link Wray	LIKE	H4b4oj6-1bI	MPREb_Q8IyRno2OCC	UCXFJOvhbAdYYwaqxdOpSB5w	ym 1950s late mb albums
Fallin' Rain	Link Wray	Link Wray	LIKE	wk-V8iE1skE	MPREb_Q8IyRno2OCC	UCXFJOvhbAdYYwaqxdOpSB5w	ym 1950s late mb albums
Crowbar	Link Wray	Link Wray	LIKE	Os3Rr5S0VwY	MPREb_Q8IyRno2OCC	UCXFJOvhbAdYYwaqxdOpSB5w	ym 1950s late mb albums
Black River Swamp	Link Wray	Link Wray	LIKE	wfw5E7mhD9c	MPREb_Q8IyRno2OCC	UCXFJOvhbAdYYwaqxdOpSB5w	ym 1950s late mb albums
Y'all Excuse Me	Lightnin' Hopkins	The Very Best of Lightnin' Hopkins (Expanded Edition)	LIKE	t74fuMTbLT0	MPREb_KuNiykUXMa5	UCC6-6kd-2eJJCtkHh5dCkiw	ym 1950s late mb albums
Wig Wearing Woman	Lightnin' Hopkins	The Very Best of Lightnin' Hopkins (Expanded Edition)	LIKE	8ui5ydWtYLk	MPREb_KuNiykUXMa5	UCC6-6kd-2eJJCtkHh5dCkiw	ym 1950s late mb albums
What'd I Say	Lightnin' Hopkins	The Very Best of Lightnin' Hopkins (Expanded Edition)	LIKE	__BF3XGyC2A	MPREb_KuNiykUXMa5	UCC6-6kd-2eJJCtkHh5dCkiw	ym 1950s late mb albums
Vietnam Wars, Pts. 1 & 2	Lightnin' Hopkins	The Very Best of Lightnin' Hopkins (Expanded Edition)	LIKE	0VTkYcg31Vw	MPREb_KuNiykUXMa5	UCC6-6kd-2eJJCtkHh5dCkiw	ym 1950s late mb albums
Trouble in Mind	Lightnin' Hopkins	The Very Best of Lightnin' Hopkins (Expanded Edition)	LIKE	3tWmAxwuxuc	MPREb_KuNiykUXMa5	UCC6-6kd-2eJJCtkHh5dCkiw	ym 1950s late mb albums
Shaggy Dad	Lightnin' Hopkins	The Very Best of Lightnin' Hopkins (Expanded Edition)	LIKE	tjP1FLP_ThE	MPREb_KuNiykUXMa5	UCC6-6kd-2eJJCtkHh5dCkiw	ym 1950s late mb albums
See See Rider	Lightnin' Hopkins	The Very Best of Lightnin' Hopkins (Expanded Edition)	LIKE	PWslTtmTR5o	MPREb_KuNiykUXMa5	UCC6-6kd-2eJJCtkHh5dCkiw	ym 1950s late mb albums
Rock Me Mama	Lightnin' Hopkins	The Very Best of Lightnin' Hopkins (Expanded Edition)	LIKE	U2eu81Lc8t0	MPREb_KuNiykUXMa5	UCC6-6kd-2eJJCtkHh5dCkiw	ym 1950s late mb albums
Ride in Your New Automobile	Lightnin' Hopkins	The Very Best of Lightnin' Hopkins (Expanded Edition)	LIKE	eEpJKQeheEE	MPREb_KuNiykUXMa5	UCC6-6kd-2eJJCtkHh5dCkiw	ym 1950s late mb albums
My Black Cadillac	Lightnin' Hopkins	The Very Best of Lightnin' Hopkins (Expanded Edition)	LIKE	-BmgPSU7iwY	MPREb_KuNiykUXMa5	UCC6-6kd-2eJJCtkHh5dCkiw	ym 1950s late mb albums
Mr. Dillard's Store	Lightnin' Hopkins	The Very Best of Lightnin' Hopkins (Expanded Edition)	LIKE	zC11MKytRTg	MPREb_KuNiykUXMa5	UCC6-6kd-2eJJCtkHh5dCkiw	ym 1950s late mb albums
Mr. Charlie	Lightnin' Hopkins	The Very Best of Lightnin' Hopkins (Expanded Edition)	LIKE	0BTU0br_Fgk	MPREb_KuNiykUXMa5	UCC6-6kd-2eJJCtkHh5dCkiw	ym 1950s late mb albums
Mojo Hand	Lightnin' Hopkins	The Very Best of Lightnin' Hopkins (Expanded Edition)	LIKE	Yiafiiv1BF8	MPREb_KuNiykUXMa5	UCC6-6kd-2eJJCtkHh5dCkiw	ym 1950s late mb albums
Mighty Crazy	Lightnin' Hopkins	The Very Best of Lightnin' Hopkins (Expanded Edition)	LIKE	fVyZMGgtnfs	MPREb_KuNiykUXMa5	UCC6-6kd-2eJJCtkHh5dCkiw	ym 1950s late mb albums
Mama and Papa Hopkins	Lightnin' Hopkins	The Very Best of Lightnin' Hopkins (Expanded Edition)	LIKE	tYuv1BWmkak	MPREb_KuNiykUXMa5	UCC6-6kd-2eJJCtkHh5dCkiw	ym 1950s late mb albums
Lovin' Arms	Lightnin' Hopkins	The Very Best of Lightnin' Hopkins (Expanded Edition)	LIKE	S3hCP-7VTbI	MPREb_KuNiykUXMa5	UCC6-6kd-2eJJCtkHh5dCkiw	ym 1950s late mb albums
Little School Girl	Lightnin' Hopkins	The Very Best of Lightnin' Hopkins (Expanded Edition)	LIKE	igmS5TiZv6M	MPREb_KuNiykUXMa5	UCC6-6kd-2eJJCtkHh5dCkiw	ym 1950s late mb albums
Last Affair (Instrumental)	Lightnin' Hopkins	The Very Best of Lightnin' Hopkins (Expanded Edition)	LIKE	asN1J7yiIGw	MPREb_KuNiykUXMa5	UCC6-6kd-2eJJCtkHh5dCkiw	ym 1950s late mb albums
Last Affair	Lightnin' Hopkins	The Very Best of Lightnin' Hopkins (Expanded Edition)	LIKE	DnL3eF0ZhSs	MPREb_KuNiykUXMa5	UCC6-6kd-2eJJCtkHh5dCkiw	ym 1950s late mb albums
Katie Mae	Lightnin' Hopkins	The Very Best of Lightnin' Hopkins (Expanded Edition)	LIKE	27RB2roAQdE	MPREb_KuNiykUXMa5	UCC6-6kd-2eJJCtkHh5dCkiw	ym 1950s late mb albums
Have You Ever Loved a Woman	Lightnin' Hopkins	The Very Best of Lightnin' Hopkins (Expanded Edition)	LIKE	5nt2uU8UXek	MPREb_KuNiykUXMa5	UCC6-6kd-2eJJCtkHh5dCkiw	ym 1950s late mb albums
Got Her Letter This Morning	Lightnin' Hopkins	The Very Best of Lightnin' Hopkins (Expanded Edition)	LIKE	6uIB5dqE_EI	MPREb_KuNiykUXMa5	UCC6-6kd-2eJJCtkHh5dCkiw	ym 1950s late mb albums
Found My Baby Crying	Lightnin' Hopkins	The Very Best of Lightnin' Hopkins (Expanded Edition)	LIKE	4yrwA-OlQDY	MPREb_KuNiykUXMa5	UCC6-6kd-2eJJCtkHh5dCkiw	ym 1950s late mb albums
Fishing Clothes	Lightnin' Hopkins	The Very Best of Lightnin' Hopkins (Expanded Edition)	LIKE	AFuIeMV2PpI	MPREb_KuNiykUXMa5	UCC6-6kd-2eJJCtkHh5dCkiw	ym 1950s late mb albums
Evil Hearted Woman	Lightnin' Hopkins	The Very Best of Lightnin' Hopkins (Expanded Edition)	LIKE	DJ56LI5faXc	MPREb_KuNiykUXMa5	UCC6-6kd-2eJJCtkHh5dCkiw	ym 1950s late mb albums
Blues for Gamblers	Lightnin' Hopkins	The Very Best of Lightnin' Hopkins (Expanded Edition)	LIKE	5rmcs69y1yc	MPREb_KuNiykUXMa5	UCC6-6kd-2eJJCtkHh5dCkiw	ym 1950s late mb albums
You Go to My Head (Live)	Lennie Tristano	Lennie Tristano / The New Tristano	LIKE	ejGwg39GE0M	MPREb_VUym1d6csvT	UC6KJj6EShWvAtNn0Jr9KRAg	ym 1950s late mb albums
These Foolish Things	Lennie Tristano	Lennie Tristano / The New Tristano	LIKE	GEJOAbr5irE	MPREb_VUym1d6csvT	UC6KJj6EShWvAtNn0Jr9KRAg	ym 1950s late mb albums
Requiem	Lennie Tristano	Lennie Tristano / The New Tristano	LIKE	gxPJ4IoX5o8	MPREb_VUym1d6csvT	UC6KJj6EShWvAtNn0Jr9KRAg	ym 1950s late mb albums
Love Lines	Lennie Tristano	Lennie Tristano / The New Tristano	LIKE	N841YhyLtg0	MPREb_VUym1d6csvT	UC6KJj6EShWvAtNn0Jr9KRAg	ym 1950s late mb albums
Warm-Up / Dialogue Between Lee Morgan And Rudy Van Gelder (Remastered 1998/Rudy Van Gelder Edition)	Lee Morgan	Moanin' (Expanded Edition)	LIKE	IJLGf8om63g	MPREb_QiZzoIEz3ab	UCw-ObIVVFPxf6McrsKHQT0A	ym 1950s late mb albums
Topsy	Lee Konitz	Lee Konitz with Warne Marsh	LIKE	YAkhEobBGAw	MPREb_HdkRbI1iVgh	UCr5SYAnLH5Mc2OARzNkFfAg	ym 1950s late mb albums
There Will Never Be Another You	Lee Konitz	Lee Konitz with Warne Marsh	LIKE	woNC6IiweIE	MPREb_HdkRbI1iVgh	UCr5SYAnLH5Mc2OARzNkFfAg	ym 1950s late mb albums
I Can't Get Started	Lee Konitz	Lee Konitz with Warne Marsh	LIKE	ZV5n5VcOigQ	MPREb_HdkRbI1iVgh	UCr5SYAnLH5Mc2OARzNkFfAg	ym 1950s late mb albums
Donna Lee	Lee Konitz	Lee Konitz with Warne Marsh	LIKE	hpxZsaOJRtI	MPREb_HdkRbI1iVgh	UCr5SYAnLH5Mc2OARzNkFfAg	ym 1950s late mb albums
Don't Squawk	Lee Konitz	Lee Konitz with Warne Marsh	LIKE	UENOLKw0Vuo	MPREb_HdkRbI1iVgh	UCr5SYAnLH5Mc2OARzNkFfAg	ym 1950s late mb albums
Background Music	Lee Konitz	Lee Konitz with Warne Marsh	LIKE	evvtWoaM51I	MPREb_HdkRbI1iVgh	UCr5SYAnLH5Mc2OARzNkFfAg	ym 1950s late mb albums
Spiral (Mono)	John Coltrane	Giant Steps (Mono)	LIKE	8dorwWyG__M	MPREb_BJKgP7wXKcO	UCH4T2kv7rr9qnuP0DOXLxMA	ym 1950s late mb albums
Naima (Mono)	John Coltrane	Giant Steps (Mono)	LIKE	lQCdF3UtGqQ	MPREb_BJKgP7wXKcO	UCH4T2kv7rr9qnuP0DOXLxMA	ym 1950s late mb albums
Mr. P.C. (Mono)	John Coltrane	Giant Steps (Mono)	LIKE	oHDsywpCHj4	MPREb_BJKgP7wXKcO	UCH4T2kv7rr9qnuP0DOXLxMA	ym 1950s late mb albums
Giant Steps (Mono)	John Coltrane	Giant Steps (Mono)	LIKE	g8QnKWPYRCs	MPREb_BJKgP7wXKcO	UCH4T2kv7rr9qnuP0DOXLxMA	ym 1950s late mb albums
Moment's Notice	John Coltrane	Blue Train	LIKE	iosNQMGMVwY	MPREb_kygeooTK4kG	UCH4T2kv7rr9qnuP0DOXLxMA	ym 1950s late mb albums
Locomotion	John Coltrane	Blue Train	LIKE	hkxI2jKlSvM	MPREb_kygeooTK4kG	UCH4T2kv7rr9qnuP0DOXLxMA	ym 1950s late mb albums
I'm Old Fashioned	John Coltrane	Blue Train	LIKE	Rc5P60O30rI	MPREb_kygeooTK4kG	UCH4T2kv7rr9qnuP0DOXLxMA	ym 1950s late mb albums
Blue Train	John Coltrane	Blue Train	LIKE	-81BzBWGXZM	MPREb_kygeooTK4kG	UCH4T2kv7rr9qnuP0DOXLxMA	ym 1950s late mb albums
Sweet Sapphire Blues	John Coltrane	Black Pearls	LIKE	mLtzjfObhrM	MPREb_6Gd9pTHJp9s	UCH4T2kv7rr9qnuP0DOXLxMA	ym 1950s late mb albums
Black Pearls	John Coltrane	Black Pearls	LIKE	_EIbozD8TPs	MPREb_6Gd9pTHJp9s	UCH4T2kv7rr9qnuP0DOXLxMA	ym 1950s late mb albums
Smokestack Lightnin'	Howlin' Wolf	Moanin' In The Moonlight	LIKE	PnXTpkugcHo	MPREb_dwpSfXWcsAU	UCq7KYdlYIAjlt2NbSEZD7bg	ym 1950s late mb albums
I'm Leavin You	Howlin' Wolf	Moanin' In The Moonlight	LIKE	sMGf-Mxj-2M	MPREb_dwpSfXWcsAU	UCq7KYdlYIAjlt2NbSEZD7bg	ym 1950s late mb albums
I Asked For Water	Howlin' Wolf	Moanin' In The Moonlight	LIKE	9b2erhwv7WA	MPREb_dwpSfXWcsAU	UCq7KYdlYIAjlt2NbSEZD7bg	ym 1950s late mb albums
How Many More Years	Howlin' Wolf	Moanin' In The Moonlight	LIKE	YaUD6-XIFO0	MPREb_dwpSfXWcsAU	UCq7KYdlYIAjlt2NbSEZD7bg	ym 1950s late mb albums
Forty Four	Howlin' Wolf	Moanin' In The Moonlight	LIKE	5JCk7P0Crug	MPREb_dwpSfXWcsAU	UCq7KYdlYIAjlt2NbSEZD7bg	ym 1950s late mb albums
Evil (Is Going On)	Howlin' Wolf	Moanin' In The Moonlight	LIKE	fE-yuA4QuVI	MPREb_dwpSfXWcsAU	UCq7KYdlYIAjlt2NbSEZD7bg	ym 1950s late mb albums
Baby How Long	Howlin' Wolf	Moanin' In The Moonlight	LIKE	gYvPG8UE7y0	MPREb_dwpSfXWcsAU	UCq7KYdlYIAjlt2NbSEZD7bg	ym 1950s late mb albums
All Night Boogie (All Night Long)	Howlin' Wolf	Moanin' In The Moonlight	LIKE	8LMQcqJK8Tc	MPREb_dwpSfXWcsAU	UCq7KYdlYIAjlt2NbSEZD7bg	ym 1950s late mb albums
The Girl From Ipanema (2008 Remastered)	Frank Sinatra	Nothing But The Best (2008 Remastered)	LIKE	mD6pbCSeWLs	MPREb_5tfZLfoluiN	UC1zsfp3OD8qWQ0HfLbz2TXg	ym 1950s late mb albums
The Best Is Yet To Come (2008 Remastered) (feat. Count Basie And His Orchestra)	Frank Sinatra	Nothing But The Best (2008 Remastered)	LIKE	mQIZ-Esbg_c	MPREb_5tfZLfoluiN	UC1zsfp3OD8qWQ0HfLbz2TXg	ym 1950s late mb albums
That's Life (2008 Remastered)	Frank Sinatra	Nothing But The Best (2008 Remastered)	LIKE	TnlPtaPxXfc	MPREb_5tfZLfoluiN	UC1zsfp3OD8qWQ0HfLbz2TXg	ym 1950s late mb albums
Strangers In The Night (2008 Remastered)	Frank Sinatra	Nothing But The Best (2008 Remastered)	LIKE	Fd_3EkGr0-4	MPREb_5tfZLfoluiN	UC1zsfp3OD8qWQ0HfLbz2TXg	ym 1950s late mb albums
My Way (2008 Remastered)	Frank Sinatra	Nothing But The Best (2008 Remastered)	LIKE	qQzdAsjWGPg	MPREb_5tfZLfoluiN	UC1zsfp3OD8qWQ0HfLbz2TXg	ym 1950s late mb albums
Fly Me To The Moon (2008 Remastered) (feat. Count Basie And His Orchestra)	Frank Sinatra	Nothing But The Best (2008 Remastered)	LIKE	ZEcqHA7dbwM	MPREb_5tfZLfoluiN	UC1zsfp3OD8qWQ0HfLbz2TXg	ym 1950s late mb albums
Come Fly With Me (2008 Remastered)	Frank Sinatra	Nothing But The Best (2008 Remastered)	LIKE	yOzEeJZ92X8	MPREb_5tfZLfoluiN	UC1zsfp3OD8qWQ0HfLbz2TXg	ym 1950s late mb albums
What Is This Thing Called Love (Remastered 1998)	Frank Sinatra	In The Wee Small Hours	LIKE	7btrA7jQwJU	MPREb_Yq1wnpKktZV	UC1zsfp3OD8qWQ0HfLbz2TXg	ym 1950s late mb albums
This Love Of Mine (Remastered 1998)	Frank Sinatra	In The Wee Small Hours	LIKE	ebBAZXDitt4	MPREb_Yq1wnpKktZV	UC1zsfp3OD8qWQ0HfLbz2TXg	ym 1950s late mb albums
Mood Indigo (Remastered 1998)	Frank Sinatra	In The Wee Small Hours	LIKE	-aWMFBbSpMY	MPREb_Yq1wnpKktZV	UC1zsfp3OD8qWQ0HfLbz2TXg	ym 1950s late mb albums
Deep In A Dream (Remastered 1998)	Frank Sinatra	In The Wee Small Hours	LIKE	GLAjGQyXbJk	MPREb_Yq1wnpKktZV	UC1zsfp3OD8qWQ0HfLbz2TXg	ym 1950s late mb albums
Autumn Leaves (Original Edited Concert - Live at Sunset School, Carmel-by-the-Sea, CA, September 1955)	Erroll Garner	Concert By The Sea	LIKE	HY3bi64bJ9c	MPREb_dSR5CWsqDi1	UCs3BHE6jtTfaoDTd9yu2EDg	ym 1950s late mb albums
April In Paris (Original Edited Concert - Live at Sunset School, Carmel-by-the-Sea, CA, September 1955)	Erroll Garner	Concert By The Sea	LIKE	242fJlIP7vA	MPREb_dSR5CWsqDi1	UCs3BHE6jtTfaoDTd9yu2EDg	ym 1950s late mb albums
Trouble	Elvis Presley	King Creole	LIKE	CZxeH-qy9Qg	MPREb_pQeX4zxiQ9c	UChgxarBUCnPJV871-46bJ2g	ym 1950s late mb albums
Steadfast, Loyal and True	Elvis Presley	King Creole	LIKE	6eYsvWnaLws	MPREb_pQeX4zxiQ9c	UChgxarBUCnPJV871-46bJ2g	ym 1950s late mb albums
New Orleans	Elvis Presley	King Creole	LIKE	o914Gk45Y7k	MPREb_pQeX4zxiQ9c	UChgxarBUCnPJV871-46bJ2g	ym 1950s late mb albums
Danny	Elvis Presley	King Creole	LIKE	mNGx3lglLEk	MPREb_pQeX4zxiQ9c	UChgxarBUCnPJV871-46bJ2g	ym 1950s late mb albums
Crawfish	Elvis Presley	King Creole	LIKE	hogvSDRbMvI	MPREb_pQeX4zxiQ9c	UChgxarBUCnPJV871-46bJ2g	ym 1950s late mb albums
You're a Heartbreaker	Elvis Presley	For LP Fans Only	LIKE	KS4gqMTHvKk	MPREb_vFNMVnKn3dV	UChgxarBUCnPJV871-46bJ2g	ym 1950s late mb albums
That's All Right	Elvis Presley	For LP Fans Only	LIKE	UKdLVgCBS50	MPREb_vFNMVnKn3dV	UChgxarBUCnPJV871-46bJ2g	ym 1950s late mb albums
Playing for Keeps	Elvis Presley	For LP Fans Only	LIKE	OGfSr1L4LN0	MPREb_vFNMVnKn3dV	UChgxarBUCnPJV871-46bJ2g	ym 1950s late mb albums
Mystery Train	Elvis Presley	For LP Fans Only	LIKE	AC_xOPuoFDk	MPREb_vFNMVnKn3dV	UChgxarBUCnPJV871-46bJ2g	ym 1950s late mb albums
My Baby Left Me	Elvis Presley	For LP Fans Only	LIKE	WTSJVyrkp-c	MPREb_vFNMVnKn3dV	UChgxarBUCnPJV871-46bJ2g	ym 1950s late mb albums
Let Me	Elvis Presley	For LP Fans Only	LIKE	gs3dQDoQNzE	MPREb_vFNMVnKn3dV	UChgxarBUCnPJV871-46bJ2g	ym 1950s late mb albums
Lawdy, Miss Clawdy	Elvis Presley	For LP Fans Only	LIKE	i5t_wsw2Xow	MPREb_vFNMVnKn3dV	UChgxarBUCnPJV871-46bJ2g	ym 1950s late mb albums
I'm Left, You're Right, She's Gone	Elvis Presley	For LP Fans Only	LIKE	fCYKuo9CxFc	MPREb_vFNMVnKn3dV	UChgxarBUCnPJV871-46bJ2g	ym 1950s late mb albums
I Was the One	Elvis Presley	For LP Fans Only	LIKE	1Ky38uTq5qw	MPREb_vFNMVnKn3dV	UChgxarBUCnPJV871-46bJ2g	ym 1950s late mb albums
I Don't Care If the Sun Don't Shine	Elvis Presley	For LP Fans Only	LIKE	D-Qu4jx5JRI	MPREb_vFNMVnKn3dV	UChgxarBUCnPJV871-46bJ2g	ym 1950s late mb albums
Too Much	Elvis Presley	Elvis' Golden Records	LIKE	CNpcTtVsc8s	MPREb_kAqe5usHCqp	UChgxarBUCnPJV871-46bJ2g	ym 1950s late mb albums
That's When Your Heartaches Begin	Elvis Presley	Elvis' Golden Records	LIKE	MlcrKmDauLI	MPREb_kAqe5usHCqp	UChgxarBUCnPJV871-46bJ2g	ym 1950s late mb albums
Love Me Tender (From the 20th Century-Fox CinemaScope Production, 'Love Me Tender')	Elvis Presley	Elvis' Golden Records	LIKE	4_iZzqMPUpE	MPREb_kAqe5usHCqp	UChgxarBUCnPJV871-46bJ2g	ym 1950s late mb albums
Love Me	Elvis Presley	Elvis' Golden Records	LIKE	NsAOFZY6fXc	MPREb_kAqe5usHCqp	UChgxarBUCnPJV871-46bJ2g	ym 1950s late mb albums
Jailhouse Rock	Elvis Presley	Elvis' Golden Records	LIKE	ppMZxuZ1lLg	MPREb_kAqe5usHCqp	UChgxarBUCnPJV871-46bJ2g	ym 1950s late mb albums
I Want You, I Need You, I Love You	Elvis Presley	Elvis' Golden Records	LIKE	wy35rS8A1FA	MPREb_kAqe5usHCqp	UChgxarBUCnPJV871-46bJ2g	ym 1950s late mb albums
Hound Dog	Elvis Presley	Elvis' Golden Records	LIKE	T8JKM_BjuSY	MPREb_kAqe5usHCqp	UChgxarBUCnPJV871-46bJ2g	ym 1950s late mb albums
Heartbreak Hotel	Elvis Presley	Elvis' Golden Records	LIKE	L5E8LYd1CSQ	MPREb_kAqe5usHCqp	UChgxarBUCnPJV871-46bJ2g	ym 1950s late mb albums
Don't Be Cruel	Elvis Presley	Elvis' Golden Records	LIKE	Ljjfa1Hf0lE	MPREb_kAqe5usHCqp	UChgxarBUCnPJV871-46bJ2g	ym 1950s late mb albums
Any Way You Want Me (That's How I Will Be)	Elvis Presley	Elvis' Golden Records	LIKE	qn5dAhNOyFU	MPREb_kAqe5usHCqp	UChgxarBUCnPJV871-46bJ2g	ym 1950s late mb albums
All Shook Up	Elvis Presley	Elvis' Golden Records	LIKE	N9awCYgefCg	MPREb_kAqe5usHCqp	UChgxarBUCnPJV871-46bJ2g	ym 1950s late mb albums
(Let Me Be Your) Teddy Bear	Elvis Presley	Elvis' Golden Records	LIKE	e0VU8kjcknQ	MPREb_kAqe5usHCqp	UChgxarBUCnPJV871-46bJ2g	ym 1950s late mb albums
Tutti Frutti	Elvis Presley	Elvis Presley	LIKE	_dIUsRHYKvA	MPREb_xBEbnonaEbs	UChgxarBUCnPJV871-46bJ2g	ym 1950s late mb albums
Trying to Get to You	Elvis Presley	Elvis Presley	LIKE	LTXSa6geGHY	MPREb_xBEbnonaEbs	UChgxarBUCnPJV871-46bJ2g	ym 1950s late mb albums
One-Sided Love Affair	Elvis Presley	Elvis Presley	LIKE	dQpoE_prycE	MPREb_xBEbnonaEbs	UChgxarBUCnPJV871-46bJ2g	ym 1950s late mb albums
Money Honey	Elvis Presley	Elvis Presley	LIKE	yAreFeTNpTU	MPREb_xBEbnonaEbs	UChgxarBUCnPJV871-46bJ2g	ym 1950s late mb albums
Just Because	Elvis Presley	Elvis Presley	LIKE	Uy_kZKTTAyo	MPREb_xBEbnonaEbs	UChgxarBUCnPJV871-46bJ2g	ym 1950s late mb albums
I'm Gonna Sit Right Down and Cry (Over You)	Elvis Presley	Elvis Presley	LIKE	O_uiLZLItgo	MPREb_xBEbnonaEbs	UChgxarBUCnPJV871-46bJ2g	ym 1950s late mb albums
I'm Counting on You	Elvis Presley	Elvis Presley	LIKE	a0hX0x57Vq8	MPREb_xBEbnonaEbs	UChgxarBUCnPJV871-46bJ2g	ym 1950s late mb albums
I'll Never Let You Go (Little Darlin')	Elvis Presley	Elvis Presley	LIKE	r6AQKzgGEM8	MPREb_xBEbnonaEbs	UChgxarBUCnPJV871-46bJ2g	ym 1950s late mb albums
I Love You Because	Elvis Presley	Elvis Presley	LIKE	Mz2Lq2r6GXg	MPREb_xBEbnonaEbs	UChgxarBUCnPJV871-46bJ2g	ym 1950s late mb albums
I Got a Woman	Elvis Presley	Elvis Presley	LIKE	q1jHfts9UhE	MPREb_xBEbnonaEbs	UChgxarBUCnPJV871-46bJ2g	ym 1950s late mb albums
Blue Suede Shoes	Elvis Presley	Elvis Presley	LIKE	0qz4sTM9XkM	MPREb_xBEbnonaEbs	UChgxarBUCnPJV871-46bJ2g	ym 1950s late mb albums
Blue Moon (Take 9/M)	Elvis Presley	Elvis Presley	LIKE	_19Uy1E6TSM	MPREb_xBEbnonaEbs	UChgxarBUCnPJV871-46bJ2g	ym 1950s late mb albums
They Can't Take That Away From Me	Ella Fitzgerald	Ella and Louis	LIKE	oeSkP-xcK8U	MPREb_7mxQOIPVwsz	UCuMHq8jMRZXpUxSGLBuCa9g	ym 1950s late mb albums
The Nearness Of You	Ella Fitzgerald	Ella and Louis	LIKE	8Ykqw6jhvII	MPREb_7mxQOIPVwsz	UCuMHq8jMRZXpUxSGLBuCa9g	ym 1950s late mb albums
Tenderly	Ella Fitzgerald	Ella and Louis	LIKE	d3nCu2y_W20	MPREb_7mxQOIPVwsz	UCuMHq8jMRZXpUxSGLBuCa9g	ym 1950s late mb albums
Moonlight In Vermont	Ella Fitzgerald	Ella and Louis	LIKE	WJCw-lvuS-c	MPREb_7mxQOIPVwsz	UCuMHq8jMRZXpUxSGLBuCa9g	ym 1950s late mb albums
Isn't This A Lovely Day?	Ella Fitzgerald	Ella and Louis	LIKE	tPkXPlUVJfo	MPREb_7mxQOIPVwsz	UCuMHq8jMRZXpUxSGLBuCa9g	ym 1950s late mb albums
Wilson Rag	Elizabeth Cotten	Freight Train and Other North Carolina Folk Songs and Tunes	LIKE	f6uG6gG91l0	MPREb_LfXHyFm03k1	UCJUlLXkjxQmKU9F8bwM2KTA	ym 1950s late mb albums
Vastopol	Elizabeth Cotten	Freight Train and Other North Carolina Folk Songs and Tunes	LIKE	epiQD33T1jg	MPREb_LfXHyFm03k1	UCJUlLXkjxQmKU9F8bwM2KTA	ym 1950s late mb albums
Spanish Flang Dang	Elizabeth Cotten	Freight Train and Other North Carolina Folk Songs and Tunes	LIKE	9wHNOLaMZoE	MPREb_LfXHyFm03k1	UCJUlLXkjxQmKU9F8bwM2KTA	ym 1950s late mb albums
Freight Train	Elizabeth Cotten	Freight Train and Other North Carolina Folk Songs and Tunes	LIKE	If5ZGXKG9bw	MPREb_LfXHyFm03k1	UCJUlLXkjxQmKU9F8bwM2KTA	ym 1950s late mb albums
Up and Down	Duane Eddy	Have 'Twangy' Guitar Will Travel	LIKE	ZhF9x1W8Glg	MPREb_wW4vKdUybag	UCwQjNmocxQ_8nXJiKu0bm0g	ym 1950s late mb albums
The Lonely One	Duane Eddy	Have 'Twangy' Guitar Will Travel	LIKE	OQxeFHKb8SY	MPREb_wW4vKdUybag	UCwQjNmocxQ_8nXJiKu0bm0g	ym 1950s late mb albums
Rebel Rouser	Duane Eddy	Have 'Twangy' Guitar Will Travel	LIKE	yzvlPKozW-A	MPREb_wW4vKdUybag	UCwQjNmocxQ_8nXJiKu0bm0g	ym 1950s late mb albums
Ramrod	Duane Eddy	Have 'Twangy' Guitar Will Travel	LIKE	VdlCtPzX8sE	MPREb_wW4vKdUybag	UCwQjNmocxQ_8nXJiKu0bm0g	ym 1950s late mb albums
Moovin' and Groovin'	Duane Eddy	Have 'Twangy' Guitar Will Travel	LIKE	eWzPU_p7I7g	MPREb_wW4vKdUybag	UCwQjNmocxQ_8nXJiKu0bm0g	ym 1950s late mb albums
Mason Dixon Lion	Duane Eddy	Have 'Twangy' Guitar Will Travel	LIKE	k1SbqnoTjQU	MPREb_wW4vKdUybag	UCwQjNmocxQ_8nXJiKu0bm0g	ym 1950s late mb albums
Cannonball	Duane Eddy	Have 'Twangy' Guitar Will Travel	LIKE	L9F4IDsKP3U	MPREb_wW4vKdUybag	UCwQjNmocxQ_8nXJiKu0bm0g	ym 1950s late mb albums
The Wanderer	Dion	Runaround Sue	LIKE	FCW0HviPEEY	MPREb_JMp96EcBfyh	UCcNiYPb4JhBLrjtnqiPHB6w	ym 1950s late mb albums
The Majestic (Remastered 1991)	Dion	Runaround Sue	LIKE	g-G499CGdIA	MPREb_JMp96EcBfyh	UCcNiYPb4JhBLrjtnqiPHB6w	ym 1950s late mb albums
Runaround Sue	Dion	Runaround Sue	LIKE	nFch8vH81ks	MPREb_JMp96EcBfyh	UCcNiYPb4JhBLrjtnqiPHB6w	ym 1950s late mb albums
Lonely World	Dion	Runaround Sue	LIKE	0zPaTN5Gh7Q	MPREb_JMp96EcBfyh	UCcNiYPb4JhBLrjtnqiPHB6w	ym 1950s late mb albums
Sweet Little Rock 'N' Roller	Chuck Berry	Berry Is On Top	LIKE	AZBSTG6ZlZA	MPREb_Mt4Q2BsO7wW	UCUfKmP9mv1yUkxlE5DDX5Zg	ym 1950s late mb albums
Roll Over Beethoven	Chuck Berry	Berry Is On Top	LIKE	xCNl9KWy2No	MPREb_Mt4Q2BsO7wW	UCUfKmP9mv1yUkxlE5DDX5Zg	ym 1950s late mb albums
Maybellene	Chuck Berry	Berry Is On Top	LIKE	_ORrftU6sGA	MPREb_Mt4Q2BsO7wW	UCUfKmP9mv1yUkxlE5DDX5Zg	ym 1950s late mb albums
Little Queenie	Chuck Berry	Berry Is On Top	LIKE	FjOSXcrfX6g	MPREb_Mt4Q2BsO7wW	UCUfKmP9mv1yUkxlE5DDX5Zg	ym 1950s late mb albums
Johnny B. Goode	Chuck Berry	Berry Is On Top	LIKE	uFeZ_x--aRg	MPREb_Mt4Q2BsO7wW	UCUfKmP9mv1yUkxlE5DDX5Zg	ym 1950s late mb albums
Jo Jo Gunne	Chuck Berry	Berry Is On Top	LIKE	95uu_Ot8dUI	MPREb_Mt4Q2BsO7wW	UCUfKmP9mv1yUkxlE5DDX5Zg	ym 1950s late mb albums
Carol	Chuck Berry	Berry Is On Top	LIKE	Z22T2jtu2ps	MPREb_Mt4Q2BsO7wW	UCUfKmP9mv1yUkxlE5DDX5Zg	ym 1950s late mb albums
Blues For Hawaiians	Chuck Berry	Berry Is On Top	LIKE	uuPgUnYalpw	MPREb_Mt4Q2BsO7wW	UCUfKmP9mv1yUkxlE5DDX5Zg	ym 1950s late mb albums
Too Much Monkey Business	Chuck Berry	After School Session	LIKE	QB1SlEniOKM	MPREb_SJf34xeKGmI	UCUfKmP9mv1yUkxlE5DDX5Zg	ym 1950s late mb albums
Together (We'll Always Be)	Chuck Berry	After School Session	LIKE	gL8RXBps4dY	MPREb_SJf34xeKGmI	UCUfKmP9mv1yUkxlE5DDX5Zg	ym 1950s late mb albums
School Day (Ring Ring Goes The Bell)	Chuck Berry	After School Session	LIKE	GRSYFXhAl1A	MPREb_SJf34xeKGmI	UCUfKmP9mv1yUkxlE5DDX5Zg	ym 1950s late mb albums
Roly Poly	Chuck Berry	After School Session	LIKE	bxpMxnSrUIU	MPREb_SJf34xeKGmI	UCUfKmP9mv1yUkxlE5DDX5Zg	ym 1950s late mb albums
Downbound Train	Chuck Berry	After School Session	LIKE	4zCWJNILXUg	MPREb_SJf34xeKGmI	UCUfKmP9mv1yUkxlE5DDX5Zg	ym 1950s late mb albums
Deep Feeling	Chuck Berry	After School Session	LIKE	xMOuh0IvlA8	MPREb_SJf34xeKGmI	UCUfKmP9mv1yUkxlE5DDX5Zg	ym 1950s late mb albums
Brown Eyed Handsome Man	Chuck Berry	After School Session	LIKE	y84Ar4RRbss	MPREb_SJf34xeKGmI	UCUfKmP9mv1yUkxlE5DDX5Zg	ym 1950s late mb albums
You'd Be So Nice To Come Home To	Chet Baker	Chet (Keepnews Collection)	LIKE	iPLfT_VgmSE	MPREb_E1rqgE7VF4P	UCVNfRXuaWVILL9giCEg0rQg	ym 1950s late mb albums
You And The Night And The Music	Chet Baker	Chet (Keepnews Collection)	LIKE	Gemfu2NQI3c	MPREb_E1rqgE7VF4P	UCVNfRXuaWVILL9giCEg0rQg	ym 1950s late mb albums
Tis Autumn	Chet Baker	Chet (Keepnews Collection)	LIKE	JIEN4UEn9AE	MPREb_E1rqgE7VF4P	UCVNfRXuaWVILL9giCEg0rQg	ym 1950s late mb albums
Time On My Hands (You In My Arms)	Chet Baker	Chet (Keepnews Collection)	LIKE	hk_Q5L1CwzU	MPREb_E1rqgE7VF4P	UCVNfRXuaWVILL9giCEg0rQg	ym 1950s late mb albums
September Song	Chet Baker	Chet (Keepnews Collection)	LIKE	wYBGewgVpbI	MPREb_E1rqgE7VF4P	UCVNfRXuaWVILL9giCEg0rQg	ym 1950s late mb albums
If You Could See Me Now	Chet Baker	Chet (Keepnews Collection)	LIKE	X4EYpz2G2Fs	MPREb_E1rqgE7VF4P	UCVNfRXuaWVILL9giCEg0rQg	ym 1950s late mb albums
Early Morning Mood	Chet Baker	Chet (Keepnews Collection)	LIKE	IpmZ8Hj3mnk	MPREb_E1rqgE7VF4P	UCVNfRXuaWVILL9giCEg0rQg	ym 1950s late mb albums
Alone Together	Chet Baker	Chet (Keepnews Collection)	LIKE	p0zIbYCu7Yc	MPREb_E1rqgE7VF4P	UCVNfRXuaWVILL9giCEg0rQg	ym 1950s late mb albums
Profile of Jackie	Charles Mingus	Pithecanthropus Erectus	LIKE	vrqzEKrUTws	MPREb_CuHUvZgo0QJ	UCXSaOCck3oVxhB4W_4Ca3MQ	ym 1950s late mb albums
Pithecanthropus Erectus	Charles Mingus	Pithecanthropus Erectus	LIKE	QpMlCDSoxkE	MPREb_CuHUvZgo0QJ	UCXSaOCck3oVxhB4W_4Ca3MQ	ym 1950s late mb albums
Love Chant	Charles Mingus	Pithecanthropus Erectus	LIKE	u-lXJxtXFYE	MPREb_CuHUvZgo0QJ	UCXSaOCck3oVxhB4W_4Ca3MQ	ym 1950s late mb albums
Self-Portrait In Three Colours	Charles Mingus	Mingus Ah Um	LIKE	e_DRPEHrMtI	MPREb_IeCi4HMV1Kb	UCXSaOCck3oVxhB4W_4Ca3MQ	ym 1950s late mb albums
Open Letter to Duke	Charles Mingus	Mingus Ah Um	LIKE	3MBUEmsJ4r8	MPREb_IeCi4HMV1Kb	UCXSaOCck3oVxhB4W_4Ca3MQ	ym 1950s late mb albums
Jelly Roll	Charles Mingus	Mingus Ah Um	LIKE	YzLF7Wjx1r0	MPREb_IeCi4HMV1Kb	UCXSaOCck3oVxhB4W_4Ca3MQ	ym 1950s late mb albums
Goodbye Pork Pie Hat	Charles Mingus	Mingus Ah Um	LIKE	CWWO_VcdnHY	MPREb_IeCi4HMV1Kb	UCXSaOCck3oVxhB4W_4Ca3MQ	ym 1950s late mb albums
Fables Of Faubus	Charles Mingus	Mingus Ah Um	LIKE	CutrIZzTJl0	MPREb_IeCi4HMV1Kb	UCXSaOCck3oVxhB4W_4Ca3MQ	ym 1950s late mb albums
Boogie Stop Shuffle	Charles Mingus	Mingus Ah Um	LIKE	UGIK_NEJdVA	MPREb_IeCi4HMV1Kb	UCXSaOCck3oVxhB4W_4Ca3MQ	ym 1950s late mb albums
Better Get Hit In Your Soul (Instrumental)	Charles Mingus	Mingus Ah Um	LIKE	QbVg_mOIJtw	MPREb_IeCi4HMV1Kb	UCXSaOCck3oVxhB4W_4Ca3MQ	ym 1950s late mb albums
Moanin' (Mono Audio)	Charles Mingus	Blues & Roots (Mono)	LIKE	ImvjZ7fUUBU	MPREb_WKwQ1NXiGc0	UCXSaOCck3oVxhB4W_4Ca3MQ	ym 1950s late mb albums
Cryin' Blues (Mono Audio)	Charles Mingus	Blues & Roots (Mono)	LIKE	foR4i8op-GA	MPREb_WKwQ1NXiGc0	UCXSaOCck3oVxhB4W_4Ca3MQ	ym 1950s late mb albums
Tennessee	Carl Perkins	The Dance Album	LIKE	7YW0rdiQG04	MPREb_uHldLDi1aX6	UCO46V98c7Ib6Un4Y1mMpqbg	ym 1950s late mb albums
Right String but the Wrong Yo Yo	Carl Perkins	The Dance Album	LIKE	tiTobx1aCZ0	MPREb_uHldLDi1aX6	UCO46V98c7Ib6Un4Y1mMpqbg	ym 1950s late mb albums
Only You	Carl Perkins	The Dance Album	LIKE	AjuYAnMFPQQ	MPREb_uHldLDi1aX6	UCO46V98c7Ib6Un4Y1mMpqbg	ym 1950s late mb albums
Matchbox	Carl Perkins	The Dance Album	LIKE	cgfiOzh8bs0	MPREb_uHldLDi1aX6	UCO46V98c7Ib6Un4Y1mMpqbg	ym 1950s late mb albums
Honey Don't	Carl Perkins	The Dance Album	LIKE	WzsaaK2mLIU	MPREb_uHldLDi1aX6	UCO46V98c7Ib6Un4Y1mMpqbg	ym 1950s late mb albums
Gone, Gone, Gone	Carl Perkins	The Dance Album	LIKE	LEBd7WSkcmo	MPREb_uHldLDi1aX6	UCO46V98c7Ib6Un4Y1mMpqbg	ym 1950s late mb albums
Everybody's Trying to Be My Baby	Carl Perkins	The Dance Album	LIKE	H-1oZv9VrgQ	MPREb_uHldLDi1aX6	UCO46V98c7Ib6Un4Y1mMpqbg	ym 1950s late mb albums
Boppin' The Blues	Carl Perkins	The Dance Album	LIKE	Mva0Lo2Fyts	MPREb_uHldLDi1aX6	UCO46V98c7Ib6Un4Y1mMpqbg	ym 1950s late mb albums
Blue Suede Shoes	Carl Perkins	The Dance Album	LIKE	HEAY1gK4eRo	MPREb_uHldLDi1aX6	UCO46V98c7Ib6Un4Y1mMpqbg	ym 1950s late mb albums
One For Daddy-O	Cannonball Adderley	Somethin' Else (Rudy Van Gelder Edition)	LIKE	hYbLEjyrLZc	MPREb_7VEcMqni2Rt	UCRQLvDfTNOFUgst4GpnyDvA	ym 1950s late mb albums
Dancing In The Dark	Cannonball Adderley	Somethin' Else (Rudy Van Gelder Edition)	LIKE	MX4Rf1r9yFk	MPREb_7VEcMqni2Rt	UCRQLvDfTNOFUgst4GpnyDvA	ym 1950s late mb albums
Autumn Leaves	Cannonball Adderley	Somethin' Else (Rudy Van Gelder Edition)	LIKE	CpB7-8SGlJ0	MPREb_7VEcMqni2Rt	UCRQLvDfTNOFUgst4GpnyDvA	ym 1950s late mb albums
Tell Me How	Buddy Holly & The Crickets	The 'Chirping' Crickets	LIKE	XyUwuNVTLKo	MPREb_Twf5P0YztYE	UCddPyO3i288bFhCe9mzJsqg	ym 1950s late mb albums
Not Fade Away	Buddy Holly & The Crickets	The 'Chirping' Crickets	LIKE	sLz3gA9001A	MPREb_Twf5P0YztYE	UCddPyO3i288bFhCe9mzJsqg	ym 1950s late mb albums
Last Night	Buddy Holly & The Crickets	The 'Chirping' Crickets	LIKE	VwUrJKnJw4Q	MPREb_Twf5P0YztYE	UCddPyO3i288bFhCe9mzJsqg	ym 1950s late mb albums
Fool's Paradise	Buddy Holly & The Crickets	Buddy Holly	LIKE	7m3svLsyN_4	MPREb_CaCi657HJqh	UCddPyO3i288bFhCe9mzJsqg	ym 1950s late mb albums
That'll Be The Day	Buddy Holly	The 'Chirping' Crickets	LIKE	V46r035VntQ	MPREb_Twf5P0YztYE	UCddPyO3i288bFhCe9mzJsqg	ym 1950s late mb albums
Oh Boy!	Buddy Holly	The 'Chirping' Crickets	LIKE	5gzmWqAauSI	MPREb_Twf5P0YztYE	UCddPyO3i288bFhCe9mzJsqg	ym 1950s late mb albums
Words Of Love	Buddy Holly	Buddy Holly	LIKE	vnZtRYIWi0g	MPREb_CaCi657HJqh	UCddPyO3i288bFhCe9mzJsqg	ym 1950s late mb albums
Well...All Right	Buddy Holly	Buddy Holly	LIKE	OufaNsQhvh0	MPREb_CaCi657HJqh	UCddPyO3i288bFhCe9mzJsqg	ym 1950s late mb albums
Valley Of Tears	Buddy Holly	Buddy Holly	LIKE	6sf_h1Qq02g	MPREb_CaCi657HJqh	UCddPyO3i288bFhCe9mzJsqg	ym 1950s late mb albums
Think It Over	Buddy Holly	Buddy Holly	LIKE	P9mtQWjhCQI	MPREb_CaCi657HJqh	UCddPyO3i288bFhCe9mzJsqg	ym 1950s late mb albums
That's My Desire	Buddy Holly	Buddy Holly	LIKE	fhMwOdZfu_0	MPREb_CaCi657HJqh	UCddPyO3i288bFhCe9mzJsqg	ym 1950s late mb albums
Take Your Time	Buddy Holly	Buddy Holly	LIKE	w7honc9SpQY	MPREb_CaCi657HJqh	UCddPyO3i288bFhCe9mzJsqg	ym 1950s late mb albums
Rave On	Buddy Holly	Buddy Holly	LIKE	-t4KSTGzSo0	MPREb_CaCi657HJqh	UCddPyO3i288bFhCe9mzJsqg	ym 1950s late mb albums
Peggy Sue	Buddy Holly	Buddy Holly	LIKE	1sWvwBYEzvE	MPREb_CaCi657HJqh	UCddPyO3i288bFhCe9mzJsqg	ym 1950s late mb albums
Mailman Bring Me No More Blues	Buddy Holly	Buddy Holly	LIKE	WmKJUutveYE	MPREb_CaCi657HJqh	UCddPyO3i288bFhCe9mzJsqg	ym 1950s late mb albums
Look At Me	Buddy Holly	Buddy Holly	LIKE	OAts8F6klzU	MPREb_CaCi657HJqh	UCddPyO3i288bFhCe9mzJsqg	ym 1950s late mb albums
Listen To Me	Buddy Holly	Buddy Holly	LIKE	a47ocKOk95o	MPREb_CaCi657HJqh	UCddPyO3i288bFhCe9mzJsqg	ym 1950s late mb albums
Everyday	Buddy Holly	Buddy Holly	LIKE	SQ0rKFa9ZUU	MPREb_CaCi657HJqh	UCddPyO3i288bFhCe9mzJsqg	ym 1950s late mb albums
The Clock Strikes Twelve	Bo Diddley	Go Bo Diddley	LIKE	E1XL105eOn8	MPREb_zDtuSzOmA3x	UCTXP0wPPSDAaOS6mXeM4tgg	ym 1950s late mb albums
Say Man	Bo Diddley	Go Bo Diddley	LIKE	yo2Nd395ABk	MPREb_zDtuSzOmA3x	UCTXP0wPPSDAaOS6mXeM4tgg	ym 1950s late mb albums
Oh Yea	Bo Diddley	Go Bo Diddley	LIKE	Yd3GZkf5KuQ	MPREb_zDtuSzOmA3x	UCTXP0wPPSDAaOS6mXeM4tgg	ym 1950s late mb albums
Little Girl	Bo Diddley	Go Bo Diddley	LIKE	3MaQrsMWg-w	MPREb_zDtuSzOmA3x	UCTXP0wPPSDAaOS6mXeM4tgg	ym 1950s late mb albums
I'm Sorry	Bo Diddley	Go Bo Diddley	LIKE	iACssFJXP3E	MPREb_zDtuSzOmA3x	UCTXP0wPPSDAaOS6mXeM4tgg	ym 1950s late mb albums
Dearest Darling	Bo Diddley	Go Bo Diddley	LIKE	Vdw7OzrbaRE	MPREb_zDtuSzOmA3x	UCTXP0wPPSDAaOS6mXeM4tgg	ym 1950s late mb albums
Crackin' Up	Bo Diddley	Go Bo Diddley	LIKE	sVioFiNPm78	MPREb_zDtuSzOmA3x	UCTXP0wPPSDAaOS6mXeM4tgg	ym 1950s late mb albums
Who Do You Love	Bo Diddley	Bo Diddley	LIKE	RX1_lAiwvo0	MPREb_mhiut8LKERQ	UCTXP0wPPSDAaOS6mXeM4tgg	ym 1950s late mb albums
Pretty Thing	Bo Diddley	Bo Diddley	LIKE	t9zxvce_tFk	MPREb_mhiut8LKERQ	UCTXP0wPPSDAaOS6mXeM4tgg	ym 1950s late mb albums
I'm A Man	Bo Diddley	Bo Diddley	LIKE	OKlAiuaYdoI	MPREb_mhiut8LKERQ	UCTXP0wPPSDAaOS6mXeM4tgg	ym 1950s late mb albums
Hey! Bo Diddley	Bo Diddley	Bo Diddley	LIKE	xpmGxUHJqkc	MPREb_mhiut8LKERQ	UCTXP0wPPSDAaOS6mXeM4tgg	ym 1950s late mb albums
Bo Diddley	Bo Diddley	Bo Diddley	LIKE	0mWMZKbr690	MPREb_mhiut8LKERQ	UCTXP0wPPSDAaOS6mXeM4tgg	ym 1950s late mb albums
Before You Accuse Me (Take A Look At Yourself)	Bo Diddley	Bo Diddley	LIKE	3a8Ij3ADUj4	MPREb_mhiut8LKERQ	UCTXP0wPPSDAaOS6mXeM4tgg	ym 1950s late mb albums
Willow Weep For Me	Billie Holiday	Lady Sings The Blues	LIKE	X7T7DvrI7Mg	MPREb_iSM4Hxub01w	UCW-raws5Iq2xLADkLcEoVaA	ym 1950s late mb albums
Strange Fruit	Billie Holiday	Lady Sings The Blues	LIKE	Lx_mOECjT_8	MPREb_iSM4Hxub01w	UCW-raws5Iq2xLADkLcEoVaA	ym 1950s late mb albums
Lady Sings The Blues	Billie Holiday	Lady Sings The Blues	LIKE	KCYCad_Y53U	MPREb_iSM4Hxub01w	UCW-raws5Iq2xLADkLcEoVaA	ym 1950s late mb albums
You Don't Know What Love Is	Billie Holiday	Lady In Satin	LIKE	WIHDUc-nZ9Y	MPREb_ah5uV3xNt3V	UCW-raws5Iq2xLADkLcEoVaA	ym 1950s late mb albums
Violets for Your Furs	Billie Holiday	Lady In Satin	LIKE	2acrF6PLHRc	MPREb_ah5uV3xNt3V	UCW-raws5Iq2xLADkLcEoVaA	ym 1950s late mb albums
For Heaven's Sake	Billie Holiday	Lady In Satin	LIKE	SJri4TCugqo	MPREb_ah5uV3xNt3V	UCW-raws5Iq2xLADkLcEoVaA	ym 1950s late mb albums
Shake, Rattle And Roll	Bill Haley & His Comets	Rock Around The Clock	LIKE	N9lGMHCgiAM	MPREb_mJD1CWdc2Dp	UCPDGv4ylKUJkLuEi1iJAq5Q	ym 1950s late mb albums
(We're Gonna) Rock Around The Clock	Bill Haley & His Comets	Rock Around The Clock	LIKE	hzYBEJgKjv0	MPREb_mJD1CWdc2Dp	UCPDGv4ylKUJkLuEi1iJAq5Q	ym 1950s late mb albums
When I Fall In Love	Bill Evans Trio	Portrait In Jazz	LIKE	NHJ5Up2yLng	MPREb_GAsm2u6FQbL	UCriB97bZopXsBHVYOQEIIZg	ym 1950s late mb albums
Spring Is Here	Bill Evans Trio	Portrait In Jazz	LIKE	X6aHbRS9bG0	MPREb_GAsm2u6FQbL	UCriB97bZopXsBHVYOQEIIZg	ym 1950s late mb albums
Someday My Prince Will Come	Bill Evans Trio	Portrait In Jazz	LIKE	_oVSLLY3EPY	MPREb_GAsm2u6FQbL	UCriB97bZopXsBHVYOQEIIZg	ym 1950s late mb albums
Come Rain Or Come Shine	Bill Evans Trio	Portrait In Jazz	LIKE	WIR6Puumafo	MPREb_GAsm2u6FQbL	UCriB97bZopXsBHVYOQEIIZg	ym 1950s late mb albums
Blue In Green (Album Version - (take 3))	Bill Evans Trio	Portrait In Jazz	LIKE	74XC4EPzNlk	MPREb_GAsm2u6FQbL	UCriB97bZopXsBHVYOQEIIZg	ym 1950s late mb albums
Blue In Green (Album Version - (take 2 bonus track))	Bill Evans Trio	Portrait In Jazz	LIKE	l_0AeQEqTDE	MPREb_GAsm2u6FQbL	UCriB97bZopXsBHVYOQEIIZg	ym 1950s late mb albums
Peach Orchard Mama	Big Joe Williams	Piney Wood Blues	LIKE	1iVeN_luR-M	MPREb_6dTU9yXSRnO	UCvuee6YwOLUVQfqovUy7tiw	ym 1950s late mb albums
Moanin' (Alternate Take)	Art Blakey & The Jazz Messengers	Moanin' (Expanded Edition)	LIKE	rE2OqHv_iHc	MPREb_QiZzoIEz3ab	UCMki-b0zfAQiMQ0nbsrIuBQ	ym 1950s late mb albums
Moanin'	Art Blakey & The Jazz Messengers	Moanin' (Expanded Edition)	LIKE	fsJ3JjpZyoA	MPREb_QiZzoIEz3ab	UCMki-b0zfAQiMQ0nbsrIuBQ	ym 1950s late mb albums
Come Rain Or Come Shine	Art Blakey & The Jazz Messengers	Moanin' (Expanded Edition)	LIKE	1EwY6efZRPo	MPREb_QiZzoIEz3ab	UCMki-b0zfAQiMQ0nbsrIuBQ	ym 1950s late mb albums
Blues March	Art Blakey & The Jazz Messengers	Moanin' (Expanded Edition)	LIKE	Rld0xn9tBkM	MPREb_QiZzoIEz3ab	UCMki-b0zfAQiMQ0nbsrIuBQ	ym 1950s late mb albums
Are You Real	Art Blakey & The Jazz Messengers	Moanin' (Expanded Edition)	LIKE	lL0bcaTPDAc	MPREb_QiZzoIEz3ab	UCMki-b0zfAQiMQ0nbsrIuBQ	ym 1950s late mb albums
Along Came Betty	Art Blakey & The Jazz Messengers	Moanin' (Expanded Edition)	LIKE	6lJeothOwCU	MPREb_QiZzoIEz3ab	UCMki-b0zfAQiMQ0nbsrIuBQ	ym 1950s late mb albums
You Took The Words Right Out Of My Heart	Thelonious Monk	Thelonious Alone In San Francisco	INDIFFERENT	uiEPSyEaGsc	MPREb_0IrqcLz4kKW	UCyCL_gVNVoWZTjkw-KnuIDg	ym 1950s late mb albums
There's Danger In Your Eyes, Cherie (Take 2)	Thelonious Monk	Thelonious Alone In San Francisco	INDIFFERENT	9S6iq9avWKw	MPREb_0IrqcLz4kKW	UCyCL_gVNVoWZTjkw-KnuIDg	ym 1950s late mb albums
There's Danger In Your Eyes, Cherie (Take 1)	Thelonious Monk	Thelonious Alone In San Francisco	INDIFFERENT	VzAyoQyrFq8	MPREb_0IrqcLz4kKW	UCyCL_gVNVoWZTjkw-KnuIDg	ym 1950s late mb albums
Remember	Thelonious Monk	Thelonious Alone In San Francisco	INDIFFERENT	g4CvHRgAvMY	MPREb_0IrqcLz4kKW	UCyCL_gVNVoWZTjkw-KnuIDg	ym 1950s late mb albums
Reflections	Thelonious Monk	Thelonious Alone In San Francisco	INDIFFERENT	qz_hzSxRcrY	MPREb_0IrqcLz4kKW	UCyCL_gVNVoWZTjkw-KnuIDg	ym 1950s late mb albums
Bluehawk	Thelonious Monk	Thelonious Alone In San Francisco	INDIFFERENT	A2TSPRGlaoQ	MPREb_0IrqcLz4kKW	UCyCL_gVNVoWZTjkw-KnuIDg	ym 1950s late mb albums
Brilliant Corners (feat. Sonny Rollins, Ernie Henry & Clark Terry)	Thelonious Monk	Brilliant Corners	INDIFFERENT	QlYb-1_Nung	MPREb_8ZUQe8tWB9I	UCyCL_gVNVoWZTjkw-KnuIDg	ym 1950s late mb albums
Ba-Lue Bolivar Ba-Lues-Are (feat. Sonny Rollins, Ernie Henry & Clark Terry)	Thelonious Monk	Brilliant Corners	INDIFFERENT	yDAXMA-j3CM	MPREb_8ZUQe8tWB9I	UCyCL_gVNVoWZTjkw-KnuIDg	ym 1950s late mb albums
The Queen's Fancy	The Modern Jazz Quartet	Django (Rudy Van Gelder Remaster)	INDIFFERENT	Wvju_NPihtc	MPREb_m0c353GbSEs	UCQjf61NuHvxHrm4gkdx0ZaQ	ym 1950s late mb albums
La Ronde Suite	The Modern Jazz Quartet	Django (Rudy Van Gelder Remaster)	INDIFFERENT	tpUZk4Nptpw	MPREb_m0c353GbSEs	UCQjf61NuHvxHrm4gkdx0ZaQ	ym 1950s late mb albums
Delaunay's Dilemma	The Modern Jazz Quartet	Django (Rudy Van Gelder Remaster)	INDIFFERENT	dR-MY59Z_dE	MPREb_m0c353GbSEs	UCQjf61NuHvxHrm4gkdx0ZaQ	ym 1950s late mb albums
Pick up Sticks	The Dave Brubeck Quartet	Time Out	INDIFFERENT	jDPu3PQtzUk	MPREb_3wnWlcId2hc	UCMBevFAp40kVlvIcOvzv5Bw	ym 1950s late mb albums
Everybody's Jumpin'	The Dave Brubeck Quartet	Time Out	INDIFFERENT	zxGNx2hBqlc	MPREb_3wnWlcId2hc	UCMBevFAp40kVlvIcOvzv5Bw	ym 1950s late mb albums
Blue Rondo à la Turk	The Dave Brubeck Quartet	Time Out	INDIFFERENT	FqPC-BkylxA	MPREb_3wnWlcId2hc	UCMBevFAp40kVlvIcOvzv5Bw	ym 1950s late mb albums
St. Louis Blues (Live)	The Dave Brubeck Quartet	At Carnegie Hall	INDIFFERENT	8roo5IBtzzs	MPREb_oqvNo5GeVi7	UCMBevFAp40kVlvIcOvzv5Bw	ym 1950s late mb albums
Pennies From Heaven (Live)	The Dave Brubeck Quartet	At Carnegie Hall	INDIFFERENT	cXgT5zEmUAE	MPREb_oqvNo5GeVi7	UCMBevFAp40kVlvIcOvzv5Bw	ym 1950s late mb albums
King For A Day (Live)	The Dave Brubeck Quartet	At Carnegie Hall	INDIFFERENT	aYHIz3gJfhA	MPREb_oqvNo5GeVi7	UCMBevFAp40kVlvIcOvzv5Bw	ym 1950s late mb albums
It'S A Raggy Waltz (Live)	The Dave Brubeck Quartet	At Carnegie Hall	INDIFFERENT	jlwl6Na9cWs	MPREb_oqvNo5GeVi7	UCMBevFAp40kVlvIcOvzv5Bw	ym 1950s late mb albums
For All We Know (Live)	The Dave Brubeck Quartet	At Carnegie Hall	INDIFFERENT	GWlGbPQLXEU	MPREb_oqvNo5GeVi7	UCMBevFAp40kVlvIcOvzv5Bw	ym 1950s late mb albums
Eleven Four (Live)	The Dave Brubeck Quartet	At Carnegie Hall	INDIFFERENT	NL87lsj1_S8	MPREb_oqvNo5GeVi7	UCMBevFAp40kVlvIcOvzv5Bw	ym 1950s late mb albums
Castilian Drums (Live)	The Dave Brubeck Quartet	At Carnegie Hall	INDIFFERENT	ek_8SnvEFI8	MPREb_oqvNo5GeVi7	UCMBevFAp40kVlvIcOvzv5Bw	ym 1950s late mb albums
Bossa Nova U.S.A. (Live)	The Dave Brubeck Quartet	At Carnegie Hall	INDIFFERENT	q8CRTm5ocEg	MPREb_oqvNo5GeVi7	UCMBevFAp40kVlvIcOvzv5Bw	ym 1950s late mb albums
Blue Rondo A La Turk (Live)	The Dave Brubeck Quartet	At Carnegie Hall	INDIFFERENT	lPlxON73QiM	MPREb_oqvNo5GeVi7	UCMBevFAp40kVlvIcOvzv5Bw	ym 1950s late mb albums
Where Are You?	The Ben Webster Quintet	Soulville	INDIFFERENT	v_KEbIkBurw	MPREb_yEpiYIxBb0Y	UCANynQMnWY6tEaDl4eWwm1Q	ym 1950s late mb albums
Time On My Hands	The Ben Webster Quintet	Soulville	INDIFFERENT	etexOkwH4Wo	MPREb_yEpiYIxBb0Y	UCANynQMnWY6tEaDl4eWwm1Q	ym 1950s late mb albums
Makin' Whoopee	The Ben Webster Quintet	Soulville	INDIFFERENT	czlNlr_O8OQ	MPREb_yEpiYIxBb0Y	UCANynQMnWY6tEaDl4eWwm1Q	ym 1950s late mb albums
Lover Come Back To Me	The Ben Webster Quintet	Soulville	INDIFFERENT	gTtUq-8TSQc	MPREb_yEpiYIxBb0Y	UCANynQMnWY6tEaDl4eWwm1Q	ym 1950s late mb albums
Late Date	The Ben Webster Quintet	Soulville	INDIFFERENT	8rVwwZIRwIQ	MPREb_yEpiYIxBb0Y	UCANynQMnWY6tEaDl4eWwm1Q	ym 1950s late mb albums
Ill Wind	The Ben Webster Quintet	Soulville	INDIFFERENT	kWq15ArH4YA	MPREb_yEpiYIxBb0Y	UCANynQMnWY6tEaDl4eWwm1Q	ym 1950s late mb albums
Boogie Woogie	The Ben Webster Quintet	Soulville	INDIFFERENT	Sv7EoNNkiB4	MPREb_yEpiYIxBb0Y	UCANynQMnWY6tEaDl4eWwm1Q	ym 1950s late mb albums
You Don't Know What You're Doing	T-Bone Walker	T-Bone Blues	INDIFFERENT	klDrRZtVEXM	MPREb_PTNBA1bp1iq	UCGUpBCmvcFSZUekLZjQnJFQ	ym 1950s late mb albums
Why Not	T-Bone Walker	T-Bone Blues	INDIFFERENT	1gklwlTrWV0	MPREb_PTNBA1bp1iq	UCGUpBCmvcFSZUekLZjQnJFQ	ym 1950s late mb albums
Two Bones and a Pick	T-Bone Walker	T-Bone Blues	INDIFFERENT	mnT2T1UMULE	MPREb_PTNBA1bp1iq	UCGUpBCmvcFSZUekLZjQnJFQ	ym 1950s late mb albums
Papa Ain't Salty	T-Bone Walker	T-Bone Blues	INDIFFERENT	6QjhOhROP58	MPREb_PTNBA1bp1iq	UCGUpBCmvcFSZUekLZjQnJFQ	ym 1950s late mb albums
Evenin'	T-Bone Walker	T-Bone Blues	INDIFFERENT	8MDg7wrCcVo	MPREb_PTNBA1bp1iq	UCGUpBCmvcFSZUekLZjQnJFQ	ym 1950s late mb albums
Split Kick	Stan Getz	West Coast Jazz (Expanded Edition)	INDIFFERENT	RjlcI9kkPHY	MPREb_8ECGkuYZwkK	UCITWDrIiWv0Y-zj8xrvoY-Q	ym 1950s late mb albums
Serenade In Blue	Stan Getz	West Coast Jazz (Expanded Edition)	INDIFFERENT	SMr9nKVMsC4	MPREb_8ECGkuYZwkK	UCITWDrIiWv0Y-zj8xrvoY-Q	ym 1950s late mb albums
S-h-i-n-e	Stan Getz	West Coast Jazz (Expanded Edition)	INDIFFERENT	FEDLZmM_C_Q	MPREb_8ECGkuYZwkK	UCITWDrIiWv0Y-zj8xrvoY-Q	ym 1950s late mb albums
Of Thee I Sing	Stan Getz	West Coast Jazz (Expanded Edition)	INDIFFERENT	1FsNU_CCWMY	MPREb_8ECGkuYZwkK	UCITWDrIiWv0Y-zj8xrvoY-Q	ym 1950s late mb albums
Night In Tunisia	Stan Getz	West Coast Jazz (Expanded Edition)	INDIFFERENT	q2MeyTA6c3c	MPREb_8ECGkuYZwkK	UCITWDrIiWv0Y-zj8xrvoY-Q	ym 1950s late mb albums
Love Is Here To Stay	Stan Getz	West Coast Jazz (Expanded Edition)	INDIFFERENT	E4LduizA9fI	MPREb_8ECGkuYZwkK	UCITWDrIiWv0Y-zj8xrvoY-Q	ym 1950s late mb albums
Four	Stan Getz	West Coast Jazz (Expanded Edition)	INDIFFERENT	SakD9tclPfk	MPREb_8ECGkuYZwkK	UCITWDrIiWv0Y-zj8xrvoY-Q	ym 1950s late mb albums
Medley: Autumn In New York/Embraceable You/What's New	Stan Getz	Stan Meets Chet	INDIFFERENT	5BINbk5pV8M	MPREb_TM7KboleGPF	UCITWDrIiWv0Y-zj8xrvoY-Q	ym 1950s late mb albums
Jordu	Stan Getz	Stan Meets Chet	INDIFFERENT	uKb6xXtm7ck	MPREb_TM7KboleGPF	UCITWDrIiWv0Y-zj8xrvoY-Q	ym 1950s late mb albums
I'll Remember April	Stan Getz	Stan Meets Chet	INDIFFERENT	_dJnP957OzI	MPREb_TM7KboleGPF	UCITWDrIiWv0Y-zj8xrvoY-Q	ym 1950s late mb albums
Half-Breed Apache	Stan Getz	Stan Meets Chet	INDIFFERENT	1uOsoPurXYo	MPREb_TM7KboleGPF	UCITWDrIiWv0Y-zj8xrvoY-Q	ym 1950s late mb albums
Moritat (feat. Tommy Flanagan, Doug Watkins & Max Roach)	Sonny Rollins	Saxophone Colossus	INDIFFERENT	lhzJTgyh93M	MPREb_u2b2Lg3bGNJ	UCqwmTSEZTKX_BmxlmDSOzGQ	ym 1950s late mb albums
Who's Been Foolin' You	Snooks Eaglin	New Orleans Street Singer	INDIFFERENT	a7BBMakv0lM	MPREb_18sP8qeISOa	UCirj8GmVSuYpR1jBnotPTdg	ym 1950s late mb albums
When They Ring Them Golden Bells	Snooks Eaglin	New Orleans Street Singer	INDIFFERENT	pHhmC5bkd90	MPREb_18sP8qeISOa	UCirj8GmVSuYpR1jBnotPTdg	ym 1950s late mb albums
When Shadows Fall	Snooks Eaglin	New Orleans Street Singer	INDIFFERENT	TO95ESkQA2E	MPREb_18sP8qeISOa	UCirj8GmVSuYpR1jBnotPTdg	ym 1950s late mb albums
That's Alright	Snooks Eaglin	New Orleans Street Singer	INDIFFERENT	LjiXTyPiCg0	MPREb_18sP8qeISOa	UCirj8GmVSuYpR1jBnotPTdg	ym 1950s late mb albums
She's One Black Rat	Snooks Eaglin	New Orleans Street Singer	INDIFFERENT	PCMHeIz3aw0	MPREb_18sP8qeISOa	UCirj8GmVSuYpR1jBnotPTdg	ym 1950s late mb albums
One More Drink	Snooks Eaglin	New Orleans Street Singer	INDIFFERENT	tJqd0gzCy2E	MPREb_18sP8qeISOa	UCirj8GmVSuYpR1jBnotPTdg	ym 1950s late mb albums
Mean Old World	Snooks Eaglin	New Orleans Street Singer	INDIFFERENT	8PLUI-UPCmw	MPREb_18sP8qeISOa	UCirj8GmVSuYpR1jBnotPTdg	ym 1950s late mb albums
Mama, Don't You Tear My Clothes	Snooks Eaglin	New Orleans Street Singer	INDIFFERENT	m-u8WAaty3I	MPREb_18sP8qeISOa	UCirj8GmVSuYpR1jBnotPTdg	ym 1950s late mb albums
I Must See Jesus	Snooks Eaglin	New Orleans Street Singer	INDIFFERENT	6HvF2hczjYs	MPREb_18sP8qeISOa	UCirj8GmVSuYpR1jBnotPTdg	ym 1950s late mb albums
I Don't Know	Snooks Eaglin	New Orleans Street Singer	INDIFFERENT	RofbfHg-FCw	MPREb_18sP8qeISOa	UCirj8GmVSuYpR1jBnotPTdg	ym 1950s late mb albums
Fly Right Back Baby	Snooks Eaglin	New Orleans Street Singer	INDIFFERENT	SlEzyu2l-Wc	MPREb_18sP8qeISOa	UCirj8GmVSuYpR1jBnotPTdg	ym 1950s late mb albums
Everyday I Have the Blues	Snooks Eaglin	New Orleans Street Singer	INDIFFERENT	gZwOZE9sGuU	MPREb_18sP8qeISOa	UCirj8GmVSuYpR1jBnotPTdg	ym 1950s late mb albums
Come Back, Baby	Snooks Eaglin	New Orleans Street Singer	INDIFFERENT	RwuYEKGrMpw	MPREb_18sP8qeISOa	UCirj8GmVSuYpR1jBnotPTdg	ym 1950s late mb albums
We Belong Together	Ritchie Valens	Ritchie Valens	INDIFFERENT	sMhlrKJJAkI	MPREb_xBGXDGI1iHp	UCDBrvmnCOWWveXOZHDCotoQ	ym 1950s late mb albums
That's My Little Suzie	Ritchie Valens	Ritchie Valens	INDIFFERENT	9sxEsfAj9WU	MPREb_xBGXDGI1iHp	UCDBrvmnCOWWveXOZHDCotoQ	ym 1950s late mb albums
Ooh! My Head	Ritchie Valens	Ritchie Valens	INDIFFERENT	MT07MSFcU_g	MPREb_xBGXDGI1iHp	UCDBrvmnCOWWveXOZHDCotoQ	ym 1950s late mb albums
In a Turkish Town	Ritchie Valens	Ritchie Valens	INDIFFERENT	2wJ_x9QY82s	MPREb_xBGXDGI1iHp	UCDBrvmnCOWWveXOZHDCotoQ	ym 1950s late mb albums
Hi-Tone	Ritchie Valens	Ritchie Valens	INDIFFERENT	sNTKEFwy34U	MPREb_xBGXDGI1iHp	UCDBrvmnCOWWveXOZHDCotoQ	ym 1950s late mb albums
Dooby Dooby Wah	Ritchie Valens	Ritchie Valens	INDIFFERENT	NI0qEJafo84	MPREb_xBGXDGI1iHp	UCDBrvmnCOWWveXOZHDCotoQ	ym 1950s late mb albums
Boney Maronie	Ritchie Valens	Ritchie Valens	INDIFFERENT	-17kPNaj0g4	MPREb_xBGXDGI1iHp	UCDBrvmnCOWWveXOZHDCotoQ	ym 1950s late mb albums
Bluebirds Over the Mountain	Ritchie Valens	Ritchie Valens	INDIFFERENT	3aBfwzvGxxE	MPREb_xBGXDGI1iHp	UCDBrvmnCOWWveXOZHDCotoQ	ym 1950s late mb albums
You Tear Me Up	Ricky Nelson	Ricky Sings Again (Expanded Edition / Remastered)	INDIFFERENT	t-2u1vwLm-w	MPREb_7vLhCHJkMKm	UCTMqfqcEMQalFFcuzoQe6Ew	ym 1950s late mb albums
Tryin' To Get To You	Ricky Nelson	Ricky Sings Again (Expanded Edition / Remastered)	INDIFFERENT	1wyrwdXj6qA	MPREb_7vLhCHJkMKm	UCTMqfqcEMQalFFcuzoQe6Ew	ym 1950s late mb albums
Restless Kid	Ricky Nelson	Ricky Sings Again (Expanded Edition / Remastered)	INDIFFERENT	StBHKPHa5z0	MPREb_7vLhCHJkMKm	UCTMqfqcEMQalFFcuzoQe6Ew	ym 1950s late mb albums
One Of These Mornings	Ricky Nelson	Ricky Sings Again (Expanded Edition / Remastered)	INDIFFERENT	NPE4ksQIUgI	MPREb_7vLhCHJkMKm	UCTMqfqcEMQalFFcuzoQe6Ew	ym 1950s late mb albums
Old Enough To Love	Ricky Nelson	Ricky Sings Again (Expanded Edition / Remastered)	INDIFFERENT	jBfcNcRFgM8	MPREb_7vLhCHJkMKm	UCTMqfqcEMQalFFcuzoQe6Ew	ym 1950s late mb albums
Never Be Anyone Else But You (Alternate Version)	Ricky Nelson	Ricky Sings Again (Expanded Edition / Remastered)	INDIFFERENT	uKDM9J65Eo4	MPREb_7vLhCHJkMKm	UCTMqfqcEMQalFFcuzoQe6Ew	ym 1950s late mb albums
Never Be Anyone Else But You	Ricky Nelson	Ricky Sings Again (Expanded Edition / Remastered)	INDIFFERENT	huqbQjm7lsY	MPREb_7vLhCHJkMKm	UCTMqfqcEMQalFFcuzoQe6Ew	ym 1950s late mb albums
It's All In The Game	Ricky Nelson	Ricky Sings Again (Expanded Edition / Remastered)	INDIFFERENT	xphB9jFyByM	MPREb_7vLhCHJkMKm	UCTMqfqcEMQalFFcuzoQe6Ew	ym 1950s late mb albums
I Can't Help It (If I'm Still In Love With You)	Ricky Nelson	Ricky Sings Again (Expanded Edition / Remastered)	INDIFFERENT	0lESlvh9DOw	MPREb_7vLhCHJkMKm	UCTMqfqcEMQalFFcuzoQe6Ew	ym 1950s late mb albums
Brand New Girl	Ricky Nelson	Ricky Sings Again (Expanded Edition / Remastered)	INDIFFERENT	8M0NeDVNyUE	MPREb_7vLhCHJkMKm	UCTMqfqcEMQalFFcuzoQe6Ew	ym 1950s late mb albums
Be True To Me	Ricky Nelson	Ricky Sings Again (Expanded Edition / Remastered)	INDIFFERENT	S2nlfBrUVXw	MPREb_7vLhCHJkMKm	UCTMqfqcEMQalFFcuzoQe6Ew	ym 1950s late mb albums
Stompin' At The Savoy (feat. Paul Chambers & Art Taylor)	Red Garland	Red Garland's Piano	INDIFFERENT	UOE-fyEE6Ig	MPREb_3dswZeUuvSm	UCGoOd5vhLg8fz5LJ98GBHBg	ym 1950s late mb albums
But Not For Me (feat. Paul Chambers & Art Taylor)	Red Garland	Red Garland's Piano	INDIFFERENT	86oD0kbeFSM	MPREb_3dswZeUuvSm	UCGoOd5vhLg8fz5LJ98GBHBg	ym 1950s late mb albums
You Be My Baby	Ray Charles	What'd I Say	INDIFFERENT	vUOBcJHesoo	MPREb_nd1ZI7UFsCz	UClapQBGYNOoLYmCct6e3B5Q	ym 1950s late mb albums
What Kind of Man Are You	Ray Charles	What'd I Say	INDIFFERENT	w4c8xPnltZ0	MPREb_nd1ZI7UFsCz	UClapQBGYNOoLYmCct6e3B5Q	ym 1950s late mb albums
That's Enough	Ray Charles	What'd I Say	INDIFFERENT	ZoyVSnrDRvY	MPREb_nd1ZI7UFsCz	UClapQBGYNOoLYmCct6e3B5Q	ym 1950s late mb albums
Tell Me How Do You Feel	Ray Charles	What'd I Say	INDIFFERENT	WIB1r9yyLwg	MPREb_nd1ZI7UFsCz	UClapQBGYNOoLYmCct6e3B5Q	ym 1950s late mb albums
Tell All the World About You	Ray Charles	What'd I Say	INDIFFERENT	K_wemI58NTE	MPREb_nd1ZI7UFsCz	UClapQBGYNOoLYmCct6e3B5Q	ym 1950s late mb albums
Roll with My Baby	Ray Charles	What'd I Say	INDIFFERENT	-3XyVfPy82s	MPREb_nd1ZI7UFsCz	UClapQBGYNOoLYmCct6e3B5Q	ym 1950s late mb albums
My Bonnie	Ray Charles	What'd I Say	INDIFFERENT	gr_OBoWMHfU	MPREb_nd1ZI7UFsCz	UClapQBGYNOoLYmCct6e3B5Q	ym 1950s late mb albums
Jumpin' in the Mornin'	Ray Charles	What'd I Say	INDIFFERENT	SCmRJLoHPfo	MPREb_nd1ZI7UFsCz	UClapQBGYNOoLYmCct6e3B5Q	ym 1950s late mb albums
Two Years of Torture	Ray Charles	The Genius Of Ray Charles	INDIFFERENT	CIz28tRMkQY	MPREb_VdbXJv2WEpG	UClapQBGYNOoLYmCct6e3B5Q	ym 1950s late mb albums
Just for a Thrill	Ray Charles	The Genius Of Ray Charles	INDIFFERENT	u1IwTtWd8bA	MPREb_VdbXJv2WEpG	UClapQBGYNOoLYmCct6e3B5Q	ym 1950s late mb albums
It Had to Be You	Ray Charles	The Genius Of Ray Charles	INDIFFERENT	q2O58eUtlDk	MPREb_VdbXJv2WEpG	UClapQBGYNOoLYmCct6e3B5Q	ym 1950s late mb albums
Deed I Do	Ray Charles	The Genius Of Ray Charles	INDIFFERENT	XI7lfNHb9NQ	MPREb_VdbXJv2WEpG	UClapQBGYNOoLYmCct6e3B5Q	ym 1950s late mb albums
Alexander's Ragtime Band	Ray Charles	The Genius Of Ray Charles	INDIFFERENT	AdVXN8wQMGU	MPREb_VdbXJv2WEpG	UClapQBGYNOoLYmCct6e3B5Q	ym 1950s late mb albums
This Little Girl of Mine	Ray Charles	Ray Charles (aka: Hallelujah, I Love Her So)	INDIFFERENT	GKxdxzNN9W0	MPREb_brrx2p8O6aS	UClapQBGYNOoLYmCct6e3B5Q	ym 1950s late mb albums
Sinner's Prayer	Ray Charles	Ray Charles (aka: Hallelujah, I Love Her So)	INDIFFERENT	wrGCQrzJb7s	MPREb_brrx2p8O6aS	UClapQBGYNOoLYmCct6e3B5Q	ym 1950s late mb albums
Sindhi-Bhairavi	Ravi Shankar	The Sounds Of India	INDIFFERENT	sX4ZmobM8Xg	MPREb_ZGtogSDfKpM	UCdjqqTS7Ixlrn98jSa9dtkQ	ym 1950s late mb albums
Dádrá	Ravi Shankar	The Sounds Of India	INDIFFERENT	ByqhrWyJu84	MPREb_ZGtogSDfKpM	UCdjqqTS7Ixlrn98jSa9dtkQ	ym 1950s late mb albums
Bhimpalasi	Ravi Shankar	The Sounds Of India	INDIFFERENT	zzKtwjVY1ZA	MPREb_ZGtogSDfKpM	UCdjqqTS7Ixlrn98jSa9dtkQ	ym 1950s late mb albums
Won't You Go My Way	Paul Clayton	Foc'sle Songs and Shanties	INDIFFERENT	vPIJ4hOPo8E	MPREb_iBzFX9BLyuw	UCqiohlzyUgOUjsmEKiGhyOA	ym 1950s late mb albums
The Black Ball Line	Paul Clayton	Foc'sle Songs and Shanties	INDIFFERENT	yyogZ9w0LHo	MPREb_iBzFX9BLyuw	UCqiohlzyUgOUjsmEKiGhyOA	ym 1950s late mb albums
Santy Anno	Paul Clayton	Foc'sle Songs and Shanties	INDIFFERENT	xN4yKodrCOs	MPREb_iBzFX9BLyuw	UCqiohlzyUgOUjsmEKiGhyOA	ym 1950s late mb albums
Roll the Cotton Down	Paul Clayton	Foc'sle Songs and Shanties	INDIFFERENT	PpTmBzpsw-o	MPREb_iBzFX9BLyuw	UCqiohlzyUgOUjsmEKiGhyOA	ym 1950s late mb albums
Rio Grande	Paul Clayton	Foc'sle Songs and Shanties	INDIFFERENT	LHxUDrImQIw	MPREb_iBzFX9BLyuw	UCqiohlzyUgOUjsmEKiGhyOA	ym 1950s late mb albums
Ratcliffe Highway	Paul Clayton	Foc'sle Songs and Shanties	INDIFFERENT	D75xe5Ek59w	MPREb_iBzFX9BLyuw	UCqiohlzyUgOUjsmEKiGhyOA	ym 1950s late mb albums
Paddy Lay Back	Paul Clayton	Foc'sle Songs and Shanties	INDIFFERENT	UZFn0z3TjWc	MPREb_iBzFX9BLyuw	UCqiohlzyUgOUjsmEKiGhyOA	ym 1950s late mb albums
Maggie May	Paul Clayton	Foc'sle Songs and Shanties	INDIFFERENT	9t--2tvmlIc	MPREb_iBzFX9BLyuw	UCqiohlzyUgOUjsmEKiGhyOA	ym 1950s late mb albums
Leave Her Johnny	Paul Clayton	Foc'sle Songs and Shanties	INDIFFERENT	TINWJadOekU	MPREb_iBzFX9BLyuw	UCqiohlzyUgOUjsmEKiGhyOA	ym 1950s late mb albums
Haul on the Bowline	Paul Clayton	Foc'sle Songs and Shanties	INDIFFERENT	evWqvXe1-uQ	MPREb_iBzFX9BLyuw	UCqiohlzyUgOUjsmEKiGhyOA	ym 1950s late mb albums
Haul Boys Haul	Paul Clayton	Foc'sle Songs and Shanties	INDIFFERENT	yHyzfOyikZQ	MPREb_iBzFX9BLyuw	UCqiohlzyUgOUjsmEKiGhyOA	ym 1950s late mb albums
Haul Away Joe	Paul Clayton	Foc'sle Songs and Shanties	INDIFFERENT	pp8HhUgVX_g	MPREb_iBzFX9BLyuw	UCqiohlzyUgOUjsmEKiGhyOA	ym 1950s late mb albums
Hanging Johnny	Paul Clayton	Foc'sle Songs and Shanties	INDIFFERENT	n05rffkoS6Y	MPREb_iBzFX9BLyuw	UCqiohlzyUgOUjsmEKiGhyOA	ym 1950s late mb albums
Good Bye Fare Thee Well	Paul Clayton	Foc'sle Songs and Shanties	INDIFFERENT	IZcAWaxuXsg	MPREb_iBzFX9BLyuw	UCqiohlzyUgOUjsmEKiGhyOA	ym 1950s late mb albums
Fire Down Below	Paul Clayton	Foc'sle Songs and Shanties	INDIFFERENT	uYpQgDLqq6Y	MPREb_iBzFX9BLyuw	UCqiohlzyUgOUjsmEKiGhyOA	ym 1950s late mb albums
Do My Johnny Booker	Paul Clayton	Foc'sle Songs and Shanties	INDIFFERENT	r6IOlR0eags	MPREb_iBzFX9BLyuw	UCqiohlzyUgOUjsmEKiGhyOA	ym 1950s late mb albums
Captain Nipper	Paul Clayton	Foc'sle Songs and Shanties	INDIFFERENT	7wLP_ZpzNsU	MPREb_iBzFX9BLyuw	UCqiohlzyUgOUjsmEKiGhyOA	ym 1950s late mb albums
Banks of the Sacramento	Paul Clayton	Foc'sle Songs and Shanties	INDIFFERENT	XmyBqOhNRGg	MPREb_iBzFX9BLyuw	UCqiohlzyUgOUjsmEKiGhyOA	ym 1950s late mb albums
All Bound to Go	Paul Clayton	Foc'sle Songs and Shanties	INDIFFERENT	94FyzblYKm4	MPREb_iBzFX9BLyuw	UCqiohlzyUgOUjsmEKiGhyOA	ym 1950s late mb albums
A Hundred Years Ago	Paul Clayton	Foc'sle Songs and Shanties	INDIFFERENT	Ipf7v3la7Jg	MPREb_iBzFX9BLyuw	UCqiohlzyUgOUjsmEKiGhyOA	ym 1950s late mb albums
Peace	Ornette Coleman	The Shape Of Jazz To Come	INDIFFERENT	p52kPMpAu_I	MPREb_RtvtMzsRgZE	UCMD_nRrrkezVzMumc1hBuwQ	ym 1950s late mb albums
Lonely Woman	Ornette Coleman	The Shape Of Jazz To Come	INDIFFERENT	b_HFdIK_g78	MPREb_RtvtMzsRgZE	UCMD_nRrrkezVzMumc1hBuwQ	ym 1950s late mb albums
Focus on Sanity	Ornette Coleman	The Shape Of Jazz To Come	INDIFFERENT	MgKMN43tDSs	MPREb_RtvtMzsRgZE	UCMD_nRrrkezVzMumc1hBuwQ	ym 1950s late mb albums
Eventually	Ornette Coleman	The Shape Of Jazz To Come	INDIFFERENT	R-eJkvohR_4	MPREb_RtvtMzsRgZE	UCMD_nRrrkezVzMumc1hBuwQ	ym 1950s late mb albums
Congeniality	Ornette Coleman	The Shape Of Jazz To Come	INDIFFERENT	3bklmyLtXPE	MPREb_RtvtMzsRgZE	UCMD_nRrrkezVzMumc1hBuwQ	ym 1950s late mb albums
The Duke	Miles Davis	Miles Ahead (Expanded Edition)	INDIFFERENT	_ey_Wp54CaY	MPREb_ROX8t0aVBCZ	UCIev2PktTH5mI-QlGmbUkiw	ym 1950s late mb albums
Springsville (Remake Take 7)	Miles Davis	Miles Ahead (Expanded Edition)	INDIFFERENT	K1bMBk9b4Ik	MPREb_ROX8t0aVBCZ	UCIev2PktTH5mI-QlGmbUkiw	ym 1950s late mb albums
Springsville	Miles Davis	Miles Ahead (Expanded Edition)	INDIFFERENT	dfjCAb0WsbY	MPREb_ROX8t0aVBCZ	UCIev2PktTH5mI-QlGmbUkiw	ym 1950s late mb albums
New Rhumba	Miles Davis	Miles Ahead (Expanded Edition)	INDIFFERENT	YMoOIJCPbLw	MPREb_ROX8t0aVBCZ	UCIev2PktTH5mI-QlGmbUkiw	ym 1950s late mb albums
I Don't Wanna Be Kissed (By Anyone But You) (Alternate Take)	Miles Davis	Miles Ahead (Expanded Edition)	INDIFFERENT	UIOW2K5dg3w	MPREb_ROX8t0aVBCZ	UCIev2PktTH5mI-QlGmbUkiw	ym 1950s late mb albums
I Don't Wanna Be Kissed ( By Anyone But You)	Miles Davis	Miles Ahead (Expanded Edition)	INDIFFERENT	TnYUlEKf4EU	MPREb_ROX8t0aVBCZ	UCIev2PktTH5mI-QlGmbUkiw	ym 1950s late mb albums
Blues for Pablo	Miles Davis	Miles Ahead (Expanded Edition)	INDIFFERENT	UGyFmzcBEP0	MPREb_ROX8t0aVBCZ	UCIev2PktTH5mI-QlGmbUkiw	ym 1950s late mb albums
Blues For Pablo (Take 1)	Miles Davis	Miles Ahead (Expanded Edition)	INDIFFERENT	wXeKTl2-B0g	MPREb_ROX8t0aVBCZ	UCIev2PktTH5mI-QlGmbUkiw	ym 1950s late mb albums
Freddie Freeloader (feat. John Coltrane, Cannonball Adderley, Wynton Kelly & Paul Chambers)	Miles Davis	Kind Of Blue	INDIFFERENT	F-SuJ3bLkLI	MPREb_iNbKdKjDqyr	UCIev2PktTH5mI-QlGmbUkiw	ym 1950s late mb albums
Venus De Milo	Miles Davis	Birth Of The Cool	INDIFFERENT	fI8fK5Dg-kY	MPREb_7qkergE1As1	UCIev2PktTH5mI-QlGmbUkiw	ym 1950s late mb albums
Rouge	Miles Davis	Birth Of The Cool	INDIFFERENT	eJCTwhlj7us	MPREb_7qkergE1As1	UCIev2PktTH5mI-QlGmbUkiw	ym 1950s late mb albums
Rocker	Miles Davis	Birth Of The Cool	INDIFFERENT	G4iCxocjcjU	MPREb_7qkergE1As1	UCIev2PktTH5mI-QlGmbUkiw	ym 1950s late mb albums
Move	Miles Davis	Birth Of The Cool	INDIFFERENT	zGgqgVB_D7o	MPREb_7qkergE1As1	UCIev2PktTH5mI-QlGmbUkiw	ym 1950s late mb albums
Jeru	Miles Davis	Birth Of The Cool	INDIFFERENT	PW6s0i73JjY	MPREb_7qkergE1As1	UCIev2PktTH5mI-QlGmbUkiw	ym 1950s late mb albums
Israel	Miles Davis	Birth Of The Cool	INDIFFERENT	fxW1l5ORQlU	MPREb_7qkergE1As1	UCIev2PktTH5mI-QlGmbUkiw	ym 1950s late mb albums
Godchild	Miles Davis	Birth Of The Cool	INDIFFERENT	vtBo82xMwAw	MPREb_7qkergE1As1	UCIev2PktTH5mI-QlGmbUkiw	ym 1950s late mb albums
Deception	Miles Davis	Birth Of The Cool	INDIFFERENT	mINZmQ4kK4U	MPREb_7qkergE1As1	UCIev2PktTH5mI-QlGmbUkiw	ym 1950s late mb albums
Budo	Miles Davis	Birth Of The Cool	INDIFFERENT	o-8woSbJWhY	MPREb_7qkergE1As1	UCIev2PktTH5mI-QlGmbUkiw	ym 1950s late mb albums
Walkin' (Live at Pasadena Civic Auditorium, Pasadena, CA - February 1956) (feat. John Coltrane, Red Garland, Paul Chambers & Philly Joe Jones)	Miles Davis	'Round About Midnight	INDIFFERENT	riEFbFRiHG8	MPREb_iPVvVWSyKHY	UCIev2PktTH5mI-QlGmbUkiw	ym 1950s late mb albums
Two Bass Hit (feat. John Coltrane, Red Garland, Paul Chambers & Philly Joe Jones)	Miles Davis	'Round About Midnight	INDIFFERENT	sUNpnPIg8SI	MPREb_iPVvVWSyKHY	UCIev2PktTH5mI-QlGmbUkiw	ym 1950s late mb albums
Tadd's Delight (feat. John Coltrane, Red Garland, Paul Chambers & Philly Joe Jones)	Miles Davis	'Round About Midnight	INDIFFERENT	KokG8PTybJo	MPREb_iPVvVWSyKHY	UCIev2PktTH5mI-QlGmbUkiw	ym 1950s late mb albums
Salt Peanuts (Live at Pasadena Civic Auditorium, Pasadena, CA - February 1956) (feat. John Coltrane, Red Garland, Paul Chambers & Philly Joe Jones)	Miles Davis	'Round About Midnight	INDIFFERENT	2aLxhdC3JuA	MPREb_iPVvVWSyKHY	UCIev2PktTH5mI-QlGmbUkiw	ym 1950s late mb albums
Little Melonae (feat. John Coltrane, Red Garland, Paul Chambers & Philly Joe Jones)	Miles Davis	'Round About Midnight	INDIFFERENT	M_nTrYgRFU4	MPREb_iPVvVWSyKHY	UCIev2PktTH5mI-QlGmbUkiw	ym 1950s late mb albums
Chance It (aka Max Is Making Wax) (Live at Pasadena Civic Auditorium, Pasadena, CA - February 1956) (feat. John Coltrane, Red Garland, Paul Chambers & Philly Joe Jones)	Miles Davis	'Round About Midnight	INDIFFERENT	WgsxuczbXHg	MPREb_iPVvVWSyKHY	UCIev2PktTH5mI-QlGmbUkiw	ym 1950s late mb albums
Budo (feat. John Coltrane, Red Garland, Paul Chambers & Philly Joe Jones)	Miles Davis	'Round About Midnight	INDIFFERENT	xf94MeULpdo	MPREb_iPVvVWSyKHY	UCIev2PktTH5mI-QlGmbUkiw	ym 1950s late mb albums
Ah-Leu-Cha (feat. John Coltrane, Red Garland, Paul Chambers & Philly Joe Jones)	Miles Davis	'Round About Midnight	INDIFFERENT	RG8wJjF9QWQ	MPREb_iPVvVWSyKHY	UCIev2PktTH5mI-QlGmbUkiw	ym 1950s late mb albums
Tenderly	Luiz Bonfa	Solo in Rio 1959	INDIFFERENT	QAdXaCbTXJ0	MPREb_VQlyIM6pv5L	UCkQvoiWH10p2znjXFVXeJFQ	ym 1950s late mb albums
Seringueiro excerpt	Luiz Bonfa	Solo in Rio 1959	INDIFFERENT	UcJhsuMVwVc	MPREb_VQlyIM6pv5L	UCkQvoiWH10p2znjXFVXeJFQ	ym 1950s late mb albums
Seringueiro 2	Luiz Bonfa	Solo in Rio 1959	INDIFFERENT	HKFuWE5uxA0	MPREb_VQlyIM6pv5L	UCkQvoiWH10p2znjXFVXeJFQ	ym 1950s late mb albums
Seringueiro	Luiz Bonfa	Solo in Rio 1959	INDIFFERENT	WInzSHxXvU4	MPREb_VQlyIM6pv5L	UCkQvoiWH10p2znjXFVXeJFQ	ym 1950s late mb albums
Sambolero 2	Luiz Bonfa	Solo in Rio 1959	INDIFFERENT	uQBbxzMDlLE	MPREb_VQlyIM6pv5L	UCkQvoiWH10p2znjXFVXeJFQ	ym 1950s late mb albums
Sambolero	Luiz Bonfa	Solo in Rio 1959	INDIFFERENT	uRKLj8GDHWw	MPREb_VQlyIM6pv5L	UCkQvoiWH10p2znjXFVXeJFQ	ym 1950s late mb albums
Quebra Mar [The Seawall]	Luiz Bonfa	Solo in Rio 1959	INDIFFERENT	4Cov33OPF7s	MPREb_VQlyIM6pv5L	UCkQvoiWH10p2znjXFVXeJFQ	ym 1950s late mb albums
Quebra Mar 2	Luiz Bonfa	Solo in Rio 1959	INDIFFERENT	d3SV4YdTOcA	MPREb_VQlyIM6pv5L	UCkQvoiWH10p2znjXFVXeJFQ	ym 1950s late mb albums
Pernambuco	Luiz Bonfa	Solo in Rio 1959	INDIFFERENT	iHwl9fxmRpc	MPREb_VQlyIM6pv5L	UCkQvoiWH10p2znjXFVXeJFQ	ym 1950s late mb albums
Na Baixa do Sapateiro [In the Shoemaker's Hollow]	Luiz Bonfa	Solo in Rio 1959	INDIFFERENT	aw-KsRNiHDg	MPREb_VQlyIM6pv5L	UCkQvoiWH10p2znjXFVXeJFQ	ym 1950s late mb albums
Murder	Luiz Bonfa	Solo in Rio 1959	INDIFFERENT	gbCt6Am9bms	MPREb_VQlyIM6pv5L	UCkQvoiWH10p2znjXFVXeJFQ	ym 1950s late mb albums
Marcha Escocesa [Scottish March]	Luiz Bonfa	Solo in Rio 1959	INDIFFERENT	FKQN8bFFCSE	MPREb_VQlyIM6pv5L	UCkQvoiWH10p2znjXFVXeJFQ	ym 1950s late mb albums
Luzes do Rio [Lights of Rio]	Luiz Bonfa	Solo in Rio 1959	INDIFFERENT	o3SZPn5CXCs	MPREb_VQlyIM6pv5L	UCkQvoiWH10p2znjXFVXeJFQ	ym 1950s late mb albums
Luzes do Rio 2	Luiz Bonfa	Solo in Rio 1959	INDIFFERENT	K7ybVdf0jvA	MPREb_VQlyIM6pv5L	UCkQvoiWH10p2znjXFVXeJFQ	ym 1950s late mb albums
Fanfarra [Fanfare]	Luiz Bonfa	Solo in Rio 1959	INDIFFERENT	1i4NkdLveI4	MPREb_VQlyIM6pv5L	UCkQvoiWH10p2znjXFVXeJFQ	ym 1950s late mb albums
Chopin	Luiz Bonfa	Solo in Rio 1959	INDIFFERENT	m0fMt3m3yFo	MPREb_VQlyIM6pv5L	UCkQvoiWH10p2znjXFVXeJFQ	ym 1950s late mb albums
Bonfabuloso	Luiz Bonfa	Solo in Rio 1959	INDIFFERENT	Fm990egTDR4	MPREb_VQlyIM6pv5L	UCkQvoiWH10p2znjXFVXeJFQ	ym 1950s late mb albums
A Brazilian in New York	Luiz Bonfa	Solo in Rio 1959	INDIFFERENT	U2IcDNBuxsc	MPREb_VQlyIM6pv5L	UCkQvoiWH10p2znjXFVXeJFQ	ym 1950s late mb albums
Squeeze Me	Louis Armstrong & His All Stars	Satch Plays Fats	INDIFFERENT	sqkNYPW0PBE	MPREb_XJ0JCVfNjMW	UCCDaSui4C9VFMpeRlKEOHDA	ym 1950s late mb albums
Keepin' Out of Mischief Now	Louis Armstrong & His All Stars	Satch Plays Fats	INDIFFERENT	I2Dnk-hbTjc	MPREb_XJ0JCVfNjMW	UCCDaSui4C9VFMpeRlKEOHDA	ym 1950s late mb albums
I've Got a Feeling I'm Falling	Louis Armstrong & His All Stars	Satch Plays Fats	INDIFFERENT	Ds_thqmSr-M	MPREb_XJ0JCVfNjMW	UCCDaSui4C9VFMpeRlKEOHDA	ym 1950s late mb albums
Honeysuckle Rose	Louis Armstrong & His All Stars	Satch Plays Fats	INDIFFERENT	rPHzb_Q_2f0	MPREb_XJ0JCVfNjMW	UCCDaSui4C9VFMpeRlKEOHDA	ym 1950s late mb albums
Blue Turning Grey Over You	Louis Armstrong & His All Stars	Satch Plays Fats	INDIFFERENT	lQ625NwKSwk	MPREb_XJ0JCVfNjMW	UCCDaSui4C9VFMpeRlKEOHDA	ym 1950s late mb albums
All That Meat And No Potatoes	Louis Armstrong	Satch Plays Fats	INDIFFERENT	ZjvdCeAUX0s	MPREb_XJ0JCVfNjMW	UCCDaSui4C9VFMpeRlKEOHDA	ym 1950s late mb albums
Ain't Misbehavin'	Louis Armstrong	Satch Plays Fats	INDIFFERENT	YM7ArP1hvQo	MPREb_XJ0JCVfNjMW	UCCDaSui4C9VFMpeRlKEOHDA	ym 1950s late mb albums
(What Did I Do To Be So) Black And Blue (Shorter Version)	Louis Armstrong	Satch Plays Fats	INDIFFERENT	Kr4eYcD7Nmk	MPREb_XJ0JCVfNjMW	UCCDaSui4C9VFMpeRlKEOHDA	ym 1950s late mb albums
You Go To My Head	Louis Armstrong	Louis Armstrong Meets Oscar Peterson (Expanded Edition)	INDIFFERENT	ZpUMq7Dtah4	MPREb_almIqTckxjf	UCCDaSui4C9VFMpeRlKEOHDA	ym 1950s late mb albums
What's New?	Louis Armstrong	Louis Armstrong Meets Oscar Peterson (Expanded Edition)	INDIFFERENT	B1D-PUjwDS0	MPREb_almIqTckxjf	UCCDaSui4C9VFMpeRlKEOHDA	ym 1950s late mb albums
There's No You	Louis Armstrong	Louis Armstrong Meets Oscar Peterson (Expanded Edition)	INDIFFERENT	mRJW-9vSY7U	MPREb_almIqTckxjf	UCCDaSui4C9VFMpeRlKEOHDA	ym 1950s late mb albums
That Old Feeling	Louis Armstrong	Louis Armstrong Meets Oscar Peterson (Expanded Edition)	INDIFFERENT	gL9l40FqdMw	MPREb_almIqTckxjf	UCCDaSui4C9VFMpeRlKEOHDA	ym 1950s late mb albums
Sweet Lorraine	Louis Armstrong	Louis Armstrong Meets Oscar Peterson (Expanded Edition)	INDIFFERENT	BNbaHfASDRI	MPREb_almIqTckxjf	UCCDaSui4C9VFMpeRlKEOHDA	ym 1950s late mb albums
Moon Song	Louis Armstrong	Louis Armstrong Meets Oscar Peterson (Expanded Edition)	INDIFFERENT	I92xBUFejRs	MPREb_almIqTckxjf	UCCDaSui4C9VFMpeRlKEOHDA	ym 1950s late mb albums
Makin' Whoopee	Louis Armstrong	Louis Armstrong Meets Oscar Peterson (Expanded Edition)	INDIFFERENT	0CUXRiebq78	MPREb_almIqTckxjf	UCCDaSui4C9VFMpeRlKEOHDA	ym 1950s late mb albums
Let's Fall In Love	Louis Armstrong	Louis Armstrong Meets Oscar Peterson (Expanded Edition)	INDIFFERENT	U6Y0wORPzI8	MPREb_almIqTckxjf	UCCDaSui4C9VFMpeRlKEOHDA	ym 1950s late mb albums
Let's Do It	Louis Armstrong	Louis Armstrong Meets Oscar Peterson (Expanded Edition)	INDIFFERENT	3pA6RyxxxdE	MPREb_almIqTckxjf	UCCDaSui4C9VFMpeRlKEOHDA	ym 1950s late mb albums
I'll Never Be The Same	Louis Armstrong	Louis Armstrong Meets Oscar Peterson (Expanded Edition)	INDIFFERENT	lyMwJbihKWk	MPREb_almIqTckxjf	UCCDaSui4C9VFMpeRlKEOHDA	ym 1950s late mb albums
I Was Doing All Right	Louis Armstrong	Louis Armstrong Meets Oscar Peterson (Expanded Edition)	INDIFFERENT	Z3YxoKcDgOg	MPREb_almIqTckxjf	UCCDaSui4C9VFMpeRlKEOHDA	ym 1950s late mb albums
How Long Has This Been Going On?	Louis Armstrong	Louis Armstrong Meets Oscar Peterson (Expanded Edition)	INDIFFERENT	qI2lbKu0LeI	MPREb_almIqTckxjf	UCCDaSui4C9VFMpeRlKEOHDA	ym 1950s late mb albums
Blues In The Night (My Mama Done Tol' Me)	Louis Armstrong	Louis Armstrong Meets Oscar Peterson (Expanded Edition)	INDIFFERENT	pzlrftoLIgY	MPREb_almIqTckxjf	UCCDaSui4C9VFMpeRlKEOHDA	ym 1950s late mb albums
True Fine Mama (Incomplete Take)	Little Richard	Here's Little Richard (Deluxe Edition)	INDIFFERENT	1OyMlnTVahc	MPREb_aNJwFasWryq	UCbRn2LWnKTgXbX8HUGNQHKA	ym 1950s late mb albums
Slippin’ And Slidin’ (Piano & Drums Demo)	Little Richard	Here's Little Richard (Deluxe Edition)	INDIFFERENT	zaMip_nAJoI	MPREb_aNJwFasWryq	UCbRn2LWnKTgXbX8HUGNQHKA	ym 1950s late mb albums
Slippin’ And Slidin’ (Peepin’ And Hidin’)	Little Richard	Here's Little Richard (Deluxe Edition)	INDIFFERENT	DoFNorjkuKs	MPREb_aNJwFasWryq	UCbRn2LWnKTgXbX8HUGNQHKA	ym 1950s late mb albums
Slippin’ And Slidin’ (Demo)	Little Richard	Here's Little Richard (Deluxe Edition)	INDIFFERENT	MdDQRy3jM2w	MPREb_aNJwFasWryq	UCbRn2LWnKTgXbX8HUGNQHKA	ym 1950s late mb albums
She’s Got It (Alternate Version)	Little Richard	Here's Little Richard (Deluxe Edition)	INDIFFERENT	h6LVGFEt7rQ	MPREb_aNJwFasWryq	UCbRn2LWnKTgXbX8HUGNQHKA	ym 1950s late mb albums
She's Got It	Little Richard	Here's Little Richard (Deluxe Edition)	INDIFFERENT	pWTJ3Kv2v3Q	MPREb_aNJwFasWryq	UCbRn2LWnKTgXbX8HUGNQHKA	ym 1950s late mb albums
Ready Teddy (Takes 2 & 3)	Little Richard	Here's Little Richard (Deluxe Edition)	INDIFFERENT	hNveCDc6vNQ	MPREb_aNJwFasWryq	UCbRn2LWnKTgXbX8HUGNQHKA	ym 1950s late mb albums
Ready Teddy (Take 1)	Little Richard	Here's Little Richard (Deluxe Edition)	INDIFFERENT	OOrHH9lS4x8	MPREb_aNJwFasWryq	UCbRn2LWnKTgXbX8HUGNQHKA	ym 1950s late mb albums
Oh Why? (Takes 3 & 4)	Little Richard	Here's Little Richard (Deluxe Edition)	INDIFFERENT	-I-hxC5ietU	MPREb_aNJwFasWryq	UCbRn2LWnKTgXbX8HUGNQHKA	ym 1950s late mb albums
Oh Why? (Take 9)	Little Richard	Here's Little Richard (Deluxe Edition)	INDIFFERENT	HSud-vIMn9o	MPREb_aNJwFasWryq	UCbRn2LWnKTgXbX8HUGNQHKA	ym 1950s late mb albums
Oh Why?	Little Richard	Here's Little Richard (Deluxe Edition)	INDIFFERENT	tvxgLmZVMhk	MPREb_aNJwFasWryq	UCbRn2LWnKTgXbX8HUGNQHKA	ym 1950s late mb albums
Miss Ann (Take 6)	Little Richard	Here's Little Richard (Deluxe Edition)	INDIFFERENT	3mPsbfbYSuY	MPREb_aNJwFasWryq	UCbRn2LWnKTgXbX8HUGNQHKA	ym 1950s late mb albums
Miss Ann (Take 1)	Little Richard	Here's Little Richard (Deluxe Edition)	INDIFFERENT	eYjWi7Clcxk	MPREb_aNJwFasWryq	UCbRn2LWnKTgXbX8HUGNQHKA	ym 1950s late mb albums
Miss Ann (Demo)	Little Richard	Here's Little Richard (Deluxe Edition)	INDIFFERENT	5jZJ_OXhxIg	MPREb_aNJwFasWryq	UCbRn2LWnKTgXbX8HUGNQHKA	ym 1950s late mb albums
Miss Ann	Little Richard	Here's Little Richard (Deluxe Edition)	INDIFFERENT	UIo493gIVqk	MPREb_aNJwFasWryq	UCbRn2LWnKTgXbX8HUGNQHKA	ym 1950s late mb albums
Jenny, Jenny	Little Richard	Here's Little Richard (Deluxe Edition)	INDIFFERENT	h1X_5OFy4U4	MPREb_aNJwFasWryq	UCbRn2LWnKTgXbX8HUGNQHKA	ym 1950s late mb albums
Can’t Believe You Wanna Leave (Take 8)	Little Richard	Here's Little Richard (Deluxe Edition)	INDIFFERENT	NGspMXbpryA	MPREb_aNJwFasWryq	UCbRn2LWnKTgXbX8HUGNQHKA	ym 1950s late mb albums
Can’t Believe You Wanna Leave (Take 6)	Little Richard	Here's Little Richard (Deluxe Edition)	INDIFFERENT	nFyx4Vf3cms	MPREb_aNJwFasWryq	UCbRn2LWnKTgXbX8HUGNQHKA	ym 1950s late mb albums
Can't Believe You Wanna Leave	Little Richard	Here's Little Richard (Deluxe Edition)	INDIFFERENT	9HFR3plSe-E	MPREb_aNJwFasWryq	UCbRn2LWnKTgXbX8HUGNQHKA	ym 1950s late mb albums
Baby (Take 1)	Little Richard	Here's Little Richard (Deluxe Edition)	INDIFFERENT	nhpnyw9sLsw	MPREb_aNJwFasWryq	UCbRn2LWnKTgXbX8HUGNQHKA	ym 1950s late mb albums
Baby (Demo)	Little Richard	Here's Little Richard (Deluxe Edition)	INDIFFERENT	Wbj2oowIqpA	MPREb_aNJwFasWryq	UCbRn2LWnKTgXbX8HUGNQHKA	ym 1950s late mb albums
Baby	Little Richard	Here's Little Richard (Deluxe Edition)	INDIFFERENT	DD8KH4kVDAw	MPREb_aNJwFasWryq	UCbRn2LWnKTgXbX8HUGNQHKA	ym 1950s late mb albums
Slippin‚' and Slidin‚'	Little Richard	Good Golly Miss Molly	INDIFFERENT	2lUWW40w064	MPREb_5ztRQkEMfS9	UCbRn2LWnKTgXbX8HUGNQHKA	ym 1950s late mb albums
She‚'s Got It	Little Richard	Good Golly Miss Molly	INDIFFERENT	0akAiNcZNMk	MPREb_5ztRQkEMfS9	UCbRn2LWnKTgXbX8HUGNQHKA	ym 1950s late mb albums
Send Me Some Lovin‚'	Little Richard	Good Golly Miss Molly	INDIFFERENT	8-gQVSL0ZF0	MPREb_5ztRQkEMfS9	UCbRn2LWnKTgXbX8HUGNQHKA	ym 1950s late mb albums
Rip It Up	Little Richard	Good Golly Miss Molly	INDIFFERENT	gLLG6eABCt4	MPREb_5ztRQkEMfS9	UCbRn2LWnKTgXbX8HUGNQHKA	ym 1950s late mb albums
Keep A Knockin‚'	Little Richard	Good Golly Miss Molly	INDIFFERENT	EUREcyg8Ejw	MPREb_5ztRQkEMfS9	UCbRn2LWnKTgXbX8HUGNQHKA	ym 1950s late mb albums
Kansas City	Little Richard	Good Golly Miss Molly	INDIFFERENT	ukmA2oHrfYI	MPREb_5ztRQkEMfS9	UCbRn2LWnKTgXbX8HUGNQHKA	ym 1950s late mb albums
Hound Dog (Alternate Mix)	Little Richard	Good Golly Miss Molly	INDIFFERENT	ebB4vBHItsI	MPREb_5ztRQkEMfS9	UCbRn2LWnKTgXbX8HUGNQHKA	ym 1950s late mb albums
Hound Dog	Little Richard	Good Golly Miss Molly	INDIFFERENT	gvnh0o-qKrE	MPREb_5ztRQkEMfS9	UCbRn2LWnKTgXbX8HUGNQHKA	ym 1950s late mb albums
Groovy Little Suzy	Little Richard	Good Golly Miss Molly	INDIFFERENT	if_bfpUJfWU	MPREb_5ztRQkEMfS9	UCbRn2LWnKTgXbX8HUGNQHKA	ym 1950s late mb albums
Take Me Home Jesus	Link Wray	Link Wray	INDIFFERENT	IHn3IMOWSes	MPREb_Q8IyRno2OCC	UCXFJOvhbAdYYwaqxdOpSB5w	ym 1950s late mb albums
Rise And Fall Of Jimmy Stokes	Link Wray	Link Wray	INDIFFERENT	EMYyqNA5NYs	MPREb_Q8IyRno2OCC	UCXFJOvhbAdYYwaqxdOpSB5w	ym 1950s late mb albums
Juke Box Mama	Link Wray	Link Wray	INDIFFERENT	e0TQrSlxq9c	MPREb_Q8IyRno2OCC	UCXFJOvhbAdYYwaqxdOpSB5w	ym 1950s late mb albums
Ice People	Link Wray	Link Wray	INDIFFERENT	bj6P7BqkMf4	MPREb_Q8IyRno2OCC	UCXFJOvhbAdYYwaqxdOpSB5w	ym 1950s late mb albums
Wimmin from Coast to Coast	Lightnin' Hopkins	The Very Best of Lightnin' Hopkins (Expanded Edition)	INDIFFERENT	Jbon66pFrjk	MPREb_KuNiykUXMa5	UCC6-6kd-2eJJCtkHh5dCkiw	ym 1950s late mb albums
West Texas Blues	Lightnin' Hopkins	The Very Best of Lightnin' Hopkins (Expanded Edition)	INDIFFERENT	XFn1-P2g7_Y	MPREb_KuNiykUXMa5	UCC6-6kd-2eJJCtkHh5dCkiw	ym 1950s late mb albums
Stool Pigeon Blues	Lightnin' Hopkins	The Very Best of Lightnin' Hopkins (Expanded Edition)	INDIFFERENT	cHdVyxn_tvA	MPREb_KuNiykUXMa5	UCC6-6kd-2eJJCtkHh5dCkiw	ym 1950s late mb albums
Penitentiary Blues	Lightnin' Hopkins	The Very Best of Lightnin' Hopkins (Expanded Edition)	INDIFFERENT	MwfBNmR2hKU	MPREb_KuNiykUXMa5	UCC6-6kd-2eJJCtkHh5dCkiw	ym 1950s late mb albums
Move on out, Pt. 1	Lightnin' Hopkins	The Very Best of Lightnin' Hopkins (Expanded Edition)	INDIFFERENT	yB9KOOA6DRg	MPREb_KuNiykUXMa5	UCC6-6kd-2eJJCtkHh5dCkiw	ym 1950s late mb albums
Morning Blues	Lightnin' Hopkins	The Very Best of Lightnin' Hopkins (Expanded Edition)	INDIFFERENT	nbPvp-dtLbc	MPREb_KuNiykUXMa5	UCC6-6kd-2eJJCtkHh5dCkiw	ym 1950s late mb albums
Lonesome Dog Blues	Lightnin' Hopkins	The Very Best of Lightnin' Hopkins (Expanded Edition)	INDIFFERENT	l4cbimmaO_0	MPREb_KuNiykUXMa5	UCC6-6kd-2eJJCtkHh5dCkiw	ym 1950s late mb albums
Lightnin' Strikes One More Time	Lightnin' Hopkins	The Very Best of Lightnin' Hopkins (Expanded Edition)	INDIFFERENT	E_Cg6uE6pfQ	MPREb_KuNiykUXMa5	UCC6-6kd-2eJJCtkHh5dCkiw	ym 1950s late mb albums
Goin' Back Home	Lightnin' Hopkins	The Very Best of Lightnin' Hopkins (Expanded Edition)	INDIFFERENT	wKhPW0rW3tk	MPREb_KuNiykUXMa5	UCC6-6kd-2eJJCtkHh5dCkiw	ym 1950s late mb albums
Backwater Blues	Lightnin' Hopkins	The Very Best of Lightnin' Hopkins (Expanded Edition)	INDIFFERENT	IGF2n9SkRL8	MPREb_KuNiykUXMa5	UCC6-6kd-2eJJCtkHh5dCkiw	ym 1950s late mb albums
Back Door Friend	Lightnin' Hopkins	The Very Best of Lightnin' Hopkins (Expanded Edition)	INDIFFERENT	BxPmgSFXcfg	MPREb_KuNiykUXMa5	UCC6-6kd-2eJJCtkHh5dCkiw	ym 1950s late mb albums
Ain't Nothin' Like Whiskey	Lightnin' Hopkins	The Very Best of Lightnin' Hopkins (Expanded Edition)	INDIFFERENT	fpC7QlfkmHE	MPREb_KuNiykUXMa5	UCC6-6kd-2eJJCtkHh5dCkiw	ym 1950s late mb albums
You Don't Know What Love Is	Lennie Tristano	Lennie Tristano / The New Tristano	INDIFFERENT	mzcQML4yHbM	MPREb_VUym1d6csvT	UC6KJj6EShWvAtNn0Jr9KRAg	ym 1950s late mb albums
Turkish Mambo	Lennie Tristano	Lennie Tristano / The New Tristano	INDIFFERENT	LjXb5_lHK3s	MPREb_VUym1d6csvT	UC6KJj6EShWvAtNn0Jr9KRAg	ym 1950s late mb albums
Scene and Variation	Lennie Tristano	Lennie Tristano / The New Tristano	INDIFFERENT	4tslgK4kJh8	MPREb_VUym1d6csvT	UC6KJj6EShWvAtNn0Jr9KRAg	ym 1950s late mb albums
Line Up	Lennie Tristano	Lennie Tristano / The New Tristano	INDIFFERENT	2311qzE0iE4	MPREb_VUym1d6csvT	UC6KJj6EShWvAtNn0Jr9KRAg	ym 1950s late mb albums
If I Had You	Lennie Tristano	Lennie Tristano / The New Tristano	INDIFFERENT	4xKp31Sv2tY	MPREb_VUym1d6csvT	UC6KJj6EShWvAtNn0Jr9KRAg	ym 1950s late mb albums
Ghost of a Chance	Lennie Tristano	Lennie Tristano / The New Tristano	INDIFFERENT	j6ZlrtHJk6w	MPREb_VUym1d6csvT	UC6KJj6EShWvAtNn0Jr9KRAg	ym 1950s late mb albums
G Minor Complex	Lennie Tristano	Lennie Tristano / The New Tristano	INDIFFERENT	n9MnwYWOOx0	MPREb_VUym1d6csvT	UC6KJj6EShWvAtNn0Jr9KRAg	ym 1950s late mb albums
East Thirty-Second	Lennie Tristano	Lennie Tristano / The New Tristano	INDIFFERENT	SDLqJopS8Qs	MPREb_VUym1d6csvT	UC6KJj6EShWvAtNn0Jr9KRAg	ym 1950s late mb albums
Deliberation	Lennie Tristano	Lennie Tristano / The New Tristano	INDIFFERENT	EuOSGchQcFw	MPREb_VUym1d6csvT	UC6KJj6EShWvAtNn0Jr9KRAg	ym 1950s late mb albums
Becoming	Lennie Tristano	Lennie Tristano / The New Tristano	INDIFFERENT	U8lX-HUfgk8	MPREb_VUym1d6csvT	UC6KJj6EShWvAtNn0Jr9KRAg	ym 1950s late mb albums
All the Things You Are	Lennie Tristano	Lennie Tristano / The New Tristano	INDIFFERENT	Mqx-ulGS3n0	MPREb_VUym1d6csvT	UC6KJj6EShWvAtNn0Jr9KRAg	ym 1950s late mb albums
Two Not One	Lee Konitz	Lee Konitz with Warne Marsh	INDIFFERENT	A6-3kbhUUj8	MPREb_HdkRbI1iVgh	UCr5SYAnLH5Mc2OARzNkFfAg	ym 1950s late mb albums
Ronnies Line	Lee Konitz	Lee Konitz with Warne Marsh	INDIFFERENT	Ns6V8qYCZPw	MPREb_HdkRbI1iVgh	UCr5SYAnLH5Mc2OARzNkFfAg	ym 1950s late mb albums
Syeeda's Song Flute (Mono)	John Coltrane	Giant Steps (Mono)	INDIFFERENT	hnkM9mD1C_Q	MPREb_BJKgP7wXKcO	UCH4T2kv7rr9qnuP0DOXLxMA	ym 1950s late mb albums
Cousin Mary (Mono)	John Coltrane	Giant Steps (Mono)	INDIFFERENT	aAf8YyFtVDA	MPREb_BJKgP7wXKcO	UCH4T2kv7rr9qnuP0DOXLxMA	ym 1950s late mb albums
Countdown (Mono)	John Coltrane	Giant Steps (Mono)	INDIFFERENT	RPS9nDFBeIE	MPREb_BJKgP7wXKcO	UCH4T2kv7rr9qnuP0DOXLxMA	ym 1950s late mb albums
Lazy Bird	John Coltrane	Blue Train	INDIFFERENT	JYV3ZEBE4R8	MPREb_kygeooTK4kG	UCH4T2kv7rr9qnuP0DOXLxMA	ym 1950s late mb albums
Lover Come Back To Me (Rudy Van Gelder Remaster)	John Coltrane	Black Pearls	INDIFFERENT	FAYNQjOk17o	MPREb_6Gd9pTHJp9s	UCH4T2kv7rr9qnuP0DOXLxMA	ym 1950s late mb albums
Somebody In My Home	Howlin' Wolf	Moanin' In The Moonlight	INDIFFERENT	3iFxX_oi-UQ	MPREb_dwpSfXWcsAU	UCq7KYdlYIAjlt2NbSEZD7bg	ym 1950s late mb albums
No Place To Go (You Gonna Wreck My Life)	Howlin' Wolf	Moanin' In The Moonlight	INDIFFERENT	cARvTTpuiwA	MPREb_dwpSfXWcsAU	UCq7KYdlYIAjlt2NbSEZD7bg	ym 1950s late mb albums
Moanin' For My Baby	Howlin' Wolf	Moanin' In The Moonlight	INDIFFERENT	Le7xP0g2AQY	MPREb_dwpSfXWcsAU	UCq7KYdlYIAjlt2NbSEZD7bg	ym 1950s late mb albums
Remember	Gil Evans	Gil Evans & Ten	INDIFFERENT	QbFGFyeookY	MPREb_hAbasTGGZwp	UCWCdag3kN0BwyKL5NRajFdA	ym 1950s late mb albums
Nobody's Heart	Gil Evans	Gil Evans & Ten	INDIFFERENT	oVgUWVVhvEk	MPREb_hAbasTGGZwp	UCWCdag3kN0BwyKL5NRajFdA	ym 1950s late mb albums
Just One Of Those Things	Gil Evans	Gil Evans & Ten	INDIFFERENT	v2kyvO7DQ0Y	MPREb_hAbasTGGZwp	UCWCdag3kN0BwyKL5NRajFdA	ym 1950s late mb albums
Jambangle	Gil Evans	Gil Evans & Ten	INDIFFERENT	lSH3MVJAUP0	MPREb_hAbasTGGZwp	UCWCdag3kN0BwyKL5NRajFdA	ym 1950s late mb albums
If You Could See Me Know	Gil Evans	Gil Evans & Ten	INDIFFERENT	r-Ftx-Da0AI	MPREb_hAbasTGGZwp	UCWCdag3kN0BwyKL5NRajFdA	ym 1950s late mb albums
Ella Speed	Gil Evans	Gil Evans & Ten	INDIFFERENT	B_JDAvPtw24	MPREb_hAbasTGGZwp	UCWCdag3kN0BwyKL5NRajFdA	ym 1950s late mb albums
Big Stuff	Gil Evans	Gil Evans & Ten	INDIFFERENT	g28V83Dd4Kc	MPREb_hAbasTGGZwp	UCWCdag3kN0BwyKL5NRajFdA	ym 1950s late mb albums
Theme From New York, New York (2008 Remastered)	Frank Sinatra	Nothing But The Best (2008 Remastered)	INDIFFERENT	le1QF3uoQNg	MPREb_5tfZLfoluiN	UC1zsfp3OD8qWQ0HfLbz2TXg	ym 1950s late mb albums
The Good Life (2008 Remastered) (feat. Count Basie And His Orchestra)	Frank Sinatra	Nothing But The Best (2008 Remastered)	INDIFFERENT	EPBDUk47XbM	MPREb_5tfZLfoluiN	UC1zsfp3OD8qWQ0HfLbz2TXg	ym 1950s late mb albums
Summer Wind (2008 Remastered)	Frank Sinatra	Nothing But The Best (2008 Remastered)	INDIFFERENT	8DopzOCeKJc	MPREb_5tfZLfoluiN	UC1zsfp3OD8qWQ0HfLbz2TXg	ym 1950s late mb albums
Somethin' Stupid (2008 Remastered)	Frank Sinatra	Nothing But The Best (2008 Remastered)	INDIFFERENT	Y_t2gNCXYbY	MPREb_5tfZLfoluiN	UC1zsfp3OD8qWQ0HfLbz2TXg	ym 1950s late mb albums
Nothing But The Best (2008 Remastered)	Frank Sinatra	Nothing But The Best (2008 Remastered)	INDIFFERENT	8GrYyuO0TOE	MPREb_5tfZLfoluiN	UC1zsfp3OD8qWQ0HfLbz2TXg	ym 1950s late mb albums
My Kind Of Town (2008 Remastered)	Frank Sinatra	Nothing But The Best (2008 Remastered)	INDIFFERENT	iK_CL7sr018	MPREb_5tfZLfoluiN	UC1zsfp3OD8qWQ0HfLbz2TXg	ym 1950s late mb albums
Moonlight Serenade (2008 Remastered)	Frank Sinatra	Nothing But The Best (2008 Remastered)	INDIFFERENT	ZOihMwRxUdM	MPREb_5tfZLfoluiN	UC1zsfp3OD8qWQ0HfLbz2TXg	ym 1950s late mb albums
Luck Be A Lady (2008 Remastered)	Frank Sinatra	Nothing But The Best (2008 Remastered)	INDIFFERENT	MfiKk4wxiVM	MPREb_5tfZLfoluiN	UC1zsfp3OD8qWQ0HfLbz2TXg	ym 1950s late mb albums
Drinking Again (2008 Remastered)	Frank Sinatra	Nothing But The Best (2008 Remastered)	INDIFFERENT	gnN_AmvYDGY	MPREb_5tfZLfoluiN	UC1zsfp3OD8qWQ0HfLbz2TXg	ym 1950s late mb albums
Call Me Irresponsible (2008 Remastered)	Frank Sinatra	Nothing But The Best (2008 Remastered)	INDIFFERENT	Sl_wkNQJp5s	MPREb_5tfZLfoluiN	UC1zsfp3OD8qWQ0HfLbz2TXg	ym 1950s late mb albums
Body And Soul (2008 Remastered)	Frank Sinatra	Nothing But The Best (2008 Remastered)	INDIFFERENT	4LnEuDASRWY	MPREb_5tfZLfoluiN	UC1zsfp3OD8qWQ0HfLbz2TXg	ym 1950s late mb albums
Bewitched (2008 Remastered)	Frank Sinatra	Nothing But The Best (2008 Remastered)	INDIFFERENT	pAZJzxHJMOs	MPREb_5tfZLfoluiN	UC1zsfp3OD8qWQ0HfLbz2TXg	ym 1950s late mb albums
All My Tomorrows (2008 Remastered)	Frank Sinatra	Nothing But The Best (2008 Remastered)	INDIFFERENT	L-5qMan4cj4	MPREb_5tfZLfoluiN	UC1zsfp3OD8qWQ0HfLbz2TXg	ym 1950s late mb albums
When Your Lover Has Gone (Remastered 1998)	Frank Sinatra	In The Wee Small Hours	INDIFFERENT	vek_fvHqWu4	MPREb_Yq1wnpKktZV	UC1zsfp3OD8qWQ0HfLbz2TXg	ym 1950s late mb albums
Last Night When We Were Young (Remastered 1998)	Frank Sinatra	In The Wee Small Hours	INDIFFERENT	Su3BxjrG5vA	MPREb_Yq1wnpKktZV	UC1zsfp3OD8qWQ0HfLbz2TXg	ym 1950s late mb albums
It Never Entered My Mind (Remastered 1998)	Frank Sinatra	In The Wee Small Hours	INDIFFERENT	53Z3oKVLkaM	MPREb_Yq1wnpKktZV	UC1zsfp3OD8qWQ0HfLbz2TXg	ym 1950s late mb albums
Ill Wind (Remastered 1998)	Frank Sinatra	In The Wee Small Hours	INDIFFERENT	deDujX7VfnQ	MPREb_Yq1wnpKktZV	UC1zsfp3OD8qWQ0HfLbz2TXg	ym 1950s late mb albums
I'll Never Be The Same (Remastered 1998)	Frank Sinatra	In The Wee Small Hours	INDIFFERENT	zx4O8ON9ZZo	MPREb_Yq1wnpKktZV	UC1zsfp3OD8qWQ0HfLbz2TXg	ym 1950s late mb albums
I'll Be Around (Remastered 1998)	Frank Sinatra	In The Wee Small Hours	INDIFFERENT	auidH4Jm-go	MPREb_Yq1wnpKktZV	UC1zsfp3OD8qWQ0HfLbz2TXg	ym 1950s late mb albums
I See Your Face Before Me (Remastered 1998)	Frank Sinatra	In The Wee Small Hours	INDIFFERENT	GZ8jTYpMnxI	MPREb_Yq1wnpKktZV	UC1zsfp3OD8qWQ0HfLbz2TXg	ym 1950s late mb albums
I Get Along Without You Very Well (Remastered 1998)	Frank Sinatra	In The Wee Small Hours	INDIFFERENT	h3u3clov9mE	MPREb_Yq1wnpKktZV	UC1zsfp3OD8qWQ0HfLbz2TXg	ym 1950s late mb albums
Glad To Be Unhappy (Remastered 1998)	Frank Sinatra	In The Wee Small Hours	INDIFFERENT	rZBES3lhZFc	MPREb_Yq1wnpKktZV	UC1zsfp3OD8qWQ0HfLbz2TXg	ym 1950s late mb albums
Dancing On The Ceiling (Remastered 1998)	Frank Sinatra	In The Wee Small Hours	INDIFFERENT	NooSUV52ZP0	MPREb_Yq1wnpKktZV	UC1zsfp3OD8qWQ0HfLbz2TXg	ym 1950s late mb albums
Can't We Be Friends? (Remastered 1998)	Frank Sinatra	In The Wee Small Hours	INDIFFERENT	6Fkd8mrNV5Y	MPREb_Yq1wnpKktZV	UC1zsfp3OD8qWQ0HfLbz2TXg	ym 1950s late mb albums
Where or When (Original Edited Concert - Live at Sunset School, Carmel-by-the-Sea, CA, September 1955)	Erroll Garner	Concert By The Sea	INDIFFERENT	wIxP6qv-mqw	MPREb_dSR5CWsqDi1	UCs3BHE6jtTfaoDTd9yu2EDg	ym 1950s late mb albums
They Can't Take That Away from Me (Original Edited Concert - Live at Sunset School, Carmel-by-the-Sea, CA, September 1955)	Erroll Garner	Concert By The Sea	INDIFFERENT	e6bPG3eD7Ko	MPREb_dSR5CWsqDi1	UCs3BHE6jtTfaoDTd9yu2EDg	ym 1950s late mb albums
Teach Me Tonight (Original Edited Concert - Live at Sunset School, Carmel-by-the-Sea, CA, September 1955)	Erroll Garner	Concert By The Sea	INDIFFERENT	heEnWWGM8Iw	MPREb_dSR5CWsqDi1	UCs3BHE6jtTfaoDTd9yu2EDg	ym 1950s late mb albums
Red Top (Original Edited Concert - Live at Sunset School, Carmel-by-the-Sea, CA, September 1955)	Erroll Garner	Concert By The Sea	INDIFFERENT	4GD37798Els	MPREb_dSR5CWsqDi1	UCs3BHE6jtTfaoDTd9yu2EDg	ym 1950s late mb albums
Mambo Carmel (Original Edited Concert - Live at Sunset School, Carmel-by-the-Sea, CA, September 1955)	Erroll Garner	Concert By The Sea	INDIFFERENT	Lo2p8hlKP6Y	MPREb_dSR5CWsqDi1	UCs3BHE6jtTfaoDTd9yu2EDg	ym 1950s late mb albums
It's All Right with Me (Original Edited Concert - Live at Sunset School, Carmel-by-the-Sea, CA, September 1955)	Erroll Garner	Concert By The Sea	INDIFFERENT	1xzMiUR2c2I	MPREb_dSR5CWsqDi1	UCs3BHE6jtTfaoDTd9yu2EDg	ym 1950s late mb albums
I'll Remember April (Original Edited Concert - Live at Sunset School, Carmel-by-the-Sea, CA, September 1955)	Erroll Garner	Concert By The Sea	INDIFFERENT	po3qB_o3uzQ	MPREb_dSR5CWsqDi1	UCs3BHE6jtTfaoDTd9yu2EDg	ym 1950s late mb albums
How Could You Do a Thing Like That to Me (Original Edited Concert - Live at Sunset School, Carmel-by-the-Sea, CA, September 1955)	Erroll Garner	Concert By The Sea	INDIFFERENT	sjjE7Ib00LU	MPREb_dSR5CWsqDi1	UCs3BHE6jtTfaoDTd9yu2EDg	ym 1950s late mb albums
Erroll's Theme (Original Edited Concert - Live at Sunset School, Carmel-by-the-Sea, CA, September 1955)	Erroll Garner	Concert By The Sea	INDIFFERENT	u5QrbnPEvPY	MPREb_dSR5CWsqDi1	UCs3BHE6jtTfaoDTd9yu2EDg	ym 1950s late mb albums
Young Dreams	Elvis Presley	King Creole	INDIFFERENT	8VlB8Cxmk4k	MPREb_pQeX4zxiQ9c	UChgxarBUCnPJV871-46bJ2g	ym 1950s late mb albums
Lover Doll (Undubbed)	Elvis Presley	King Creole	INDIFFERENT	YE7Khr5BY7E	MPREb_pQeX4zxiQ9c	UChgxarBUCnPJV871-46bJ2g	ym 1950s late mb albums
King Creole	Elvis Presley	King Creole	INDIFFERENT	wue8HKMlxFQ	MPREb_pQeX4zxiQ9c	UChgxarBUCnPJV871-46bJ2g	ym 1950s late mb albums
Hard Headed Woman	Elvis Presley	King Creole	INDIFFERENT	KfdD47affME	MPREb_pQeX4zxiQ9c	UChgxarBUCnPJV871-46bJ2g	ym 1950s late mb albums
Don't Ask Me Why	Elvis Presley	King Creole	INDIFFERENT	ztSnn0QzPNA	MPREb_pQeX4zxiQ9c	UChgxarBUCnPJV871-46bJ2g	ym 1950s late mb albums
Dixieland Rock	Elvis Presley	King Creole	INDIFFERENT	nCOwC2USjAI	MPREb_pQeX4zxiQ9c	UChgxarBUCnPJV871-46bJ2g	ym 1950s late mb albums
As Long as I Have You	Elvis Presley	King Creole	INDIFFERENT	Jy85QurjcFQ	MPREb_pQeX4zxiQ9c	UChgxarBUCnPJV871-46bJ2g	ym 1950s late mb albums
Shake, Rattle and Roll	Elvis Presley	For LP Fans Only	INDIFFERENT	Srdl2452J1I	MPREb_vFNMVnKn3dV	UChgxarBUCnPJV871-46bJ2g	ym 1950s late mb albums
Poor Boy	Elvis Presley	For LP Fans Only	INDIFFERENT	WwfrwTC7dso	MPREb_vFNMVnKn3dV	UChgxarBUCnPJV871-46bJ2g	ym 1950s late mb albums
Treat Me Nice	Elvis Presley	Elvis' Golden Records	INDIFFERENT	EeqW6uBctw4	MPREb_kAqe5usHCqp	UChgxarBUCnPJV871-46bJ2g	ym 1950s late mb albums
Loving You	Elvis Presley	Elvis' Golden Records	INDIFFERENT	six0BjrFkmM	MPREb_kAqe5usHCqp	UChgxarBUCnPJV871-46bJ2g	ym 1950s late mb albums
White Christmas	Elvis Presley	Elvis Christmas Album	INDIFFERENT	M9DAKon5rZQ	MPREb_rJWvgCoaiIh	UChgxarBUCnPJV871-46bJ2g	ym 1950s late mb albums
Silent Night	Elvis Presley	Elvis Christmas Album	INDIFFERENT	ZZYSx4hp--o	MPREb_rJWvgCoaiIh	UChgxarBUCnPJV871-46bJ2g	ym 1950s late mb albums
Santa Claus Is Back In Town	Elvis Presley	Elvis Christmas Album	INDIFFERENT	l294kvcMaD0	MPREb_rJWvgCoaiIh	UChgxarBUCnPJV871-46bJ2g	ym 1950s late mb albums
Santa Bring Me Baby Back (To Me)	Elvis Presley	Elvis Christmas Album	INDIFFERENT	N7CmZKUvPUU	MPREb_rJWvgCoaiIh	UChgxarBUCnPJV871-46bJ2g	ym 1950s late mb albums
O Little Town Of Bethlehem	Elvis Presley	Elvis Christmas Album	INDIFFERENT	lUddRGzGptQ	MPREb_rJWvgCoaiIh	UChgxarBUCnPJV871-46bJ2g	ym 1950s late mb albums
I'll Be Home For Christmas	Elvis Presley	Elvis Christmas Album	INDIFFERENT	ELa5E6XDB84	MPREb_rJWvgCoaiIh	UChgxarBUCnPJV871-46bJ2g	ym 1950s late mb albums
Here Comes Santa Claus (Right Down Santa Claus Lane)	Elvis Presley	Elvis Christmas Album	INDIFFERENT	ege1BQV0oNA	MPREb_rJWvgCoaiIh	UChgxarBUCnPJV871-46bJ2g	ym 1950s late mb albums
Blue Christmas	Elvis Presley	Elvis Christmas Album	INDIFFERENT	UESxDBQgONM	MPREb_rJWvgCoaiIh	UChgxarBUCnPJV871-46bJ2g	ym 1950s late mb albums
Willow Weep For Me	Ella Fitzgerald	Louis Armstrong Meets Oscar Peterson (Expanded Edition)	INDIFFERENT	xPtvwf6yRhM	MPREb_almIqTckxjf	UCuMHq8jMRZXpUxSGLBuCa9g	ym 1950s late mb albums
I've Got My Love to Keep Me Warm	Ella Fitzgerald	Ella and Louis Again	INDIFFERENT	xAzNyTGlz1U	MPREb_dcfU7ezOtpR	UCuMHq8jMRZXpUxSGLBuCa9g	ym 1950s late mb albums
Under A Blanket Of Blue	Ella Fitzgerald	Ella and Louis	INDIFFERENT	Wcbu87OhZTA	MPREb_7mxQOIPVwsz	UCuMHq8jMRZXpUxSGLBuCa9g	ym 1950s late mb albums
Stars Fell On Alabama	Ella Fitzgerald	Ella and Louis	INDIFFERENT	YIz4ejx5fCs	MPREb_7mxQOIPVwsz	UCuMHq8jMRZXpUxSGLBuCa9g	ym 1950s late mb albums
Can't We Be Friends?	Ella Fitzgerald	Ella and Louis	INDIFFERENT	Vh7oIP-QSHs	MPREb_7mxQOIPVwsz	UCuMHq8jMRZXpUxSGLBuCa9g	ym 1950s late mb albums
April In Paris	Ella Fitzgerald	Ella and Louis	INDIFFERENT	3y6pwIPJMS0	MPREb_7mxQOIPVwsz	UCuMHq8jMRZXpUxSGLBuCa9g	ym 1950s late mb albums
A Foggy Day	Ella Fitzgerald	Ella and Louis	INDIFFERENT	Tk_yt4Q8drU	MPREb_7mxQOIPVwsz	UCuMHq8jMRZXpUxSGLBuCa9g	ym 1950s late mb albums
When I Get Home	Elizabeth Cotten	Freight Train and Other North Carolina Folk Songs and Tunes	INDIFFERENT	zDPJ94TDDTw	MPREb_LfXHyFm03k1	UCJUlLXkjxQmKU9F8bwM2KTA	ym 1950s late mb albums
Sweet Bye and Bye / What A Friend We Have In Jesus	Elizabeth Cotten	Freight Train and Other North Carolina Folk Songs and Tunes	INDIFFERENT	mxkux0PKqoU	MPREb_LfXHyFm03k1	UCJUlLXkjxQmKU9F8bwM2KTA	ym 1950s late mb albums
Run...Run / Mama Your Son Done Gone	Elizabeth Cotten	Freight Train and Other North Carolina Folk Songs and Tunes	INDIFFERENT	yovZSoJeFrY	MPREb_LfXHyFm03k1	UCJUlLXkjxQmKU9F8bwM2KTA	ym 1950s late mb albums
Oh Babe It Ain't No Lie	Elizabeth Cotten	Freight Train and Other North Carolina Folk Songs and Tunes	INDIFFERENT	RsMqdeE7U4M	MPREb_LfXHyFm03k1	UCJUlLXkjxQmKU9F8bwM2KTA	ym 1950s late mb albums
I Don't Love Nobody	Elizabeth Cotten	Freight Train and Other North Carolina Folk Songs and Tunes	INDIFFERENT	GqCATKtkQOs	MPREb_LfXHyFm03k1	UCJUlLXkjxQmKU9F8bwM2KTA	ym 1950s late mb albums
Honey Babe Your Papa Cares For You	Elizabeth Cotten	Freight Train and Other North Carolina Folk Songs and Tunes	INDIFFERENT	H74SxYplDWs	MPREb_LfXHyFm03k1	UCJUlLXkjxQmKU9F8bwM2KTA	ym 1950s late mb albums
Here Old Rattler Here / Sent For My Fiddle Sent For My Bow / George Buck	Elizabeth Cotten	Freight Train and Other North Carolina Folk Songs and Tunes	INDIFFERENT	GZ5uiTulDlQ	MPREb_LfXHyFm03k1	UCJUlLXkjxQmKU9F8bwM2KTA	ym 1950s late mb albums
Graduation March	Elizabeth Cotten	Freight Train and Other North Carolina Folk Songs and Tunes	INDIFFERENT	J6yzRGXsPgg	MPREb_LfXHyFm03k1	UCJUlLXkjxQmKU9F8bwM2KTA	ym 1950s late mb albums
Going Down the Road Feeling Bad	Elizabeth Cotten	Freight Train and Other North Carolina Folk Songs and Tunes	INDIFFERENT	VqdUbUPFo6E	MPREb_LfXHyFm03k1	UCJUlLXkjxQmKU9F8bwM2KTA	ym 1950s late mb albums
Ain't Got No Honey Baby Now	Elizabeth Cotten	Freight Train and Other North Carolina Folk Songs and Tunes	INDIFFERENT	HZGGcGiSpO8	MPREb_LfXHyFm03k1	UCJUlLXkjxQmKU9F8bwM2KTA	ym 1950s late mb albums
The Walker	Duane Eddy	Have 'Twangy' Guitar Will Travel	INDIFFERENT	EiyoPPGYUs0	MPREb_wW4vKdUybag	UCwQjNmocxQ_8nXJiKu0bm0g	ym 1950s late mb albums
Stalkin'	Duane Eddy	Have 'Twangy' Guitar Will Travel	INDIFFERENT	hzxI-Jg9NLI	MPREb_wW4vKdUybag	UCwQjNmocxQ_8nXJiKu0bm0g	ym 1950s late mb albums
Loving You	Duane Eddy	Have 'Twangy' Guitar Will Travel	INDIFFERENT	zoQfVWdiHp8	MPREb_wW4vKdUybag	UCwQjNmocxQ_8nXJiKu0bm0g	ym 1950s late mb albums
Lonesome Road	Duane Eddy	Have 'Twangy' Guitar Will Travel	INDIFFERENT	zptsawq9WrM	MPREb_wW4vKdUybag	UCwQjNmocxQ_8nXJiKu0bm0g	ym 1950s late mb albums
I Almost Lost My Mind	Duane Eddy	Have 'Twangy' Guitar Will Travel	INDIFFERENT	CAAi7_dwy7Y	MPREb_wW4vKdUybag	UCwQjNmocxQ_8nXJiKu0bm0g	ym 1950s late mb albums
Detour	Duane Eddy	Have 'Twangy' Guitar Will Travel	INDIFFERENT	wRXlOGXOYrE	MPREb_wW4vKdUybag	UCwQjNmocxQ_8nXJiKu0bm0g	ym 1950s late mb albums
Anytime	Duane Eddy	Have 'Twangy' Guitar Will Travel	INDIFFERENT	nZUNb--W7Qs	MPREb_wW4vKdUybag	UCwQjNmocxQ_8nXJiKu0bm0g	ym 1950s late mb albums
Billie's bounce	Dizzy Gillespie and his Orchestra	Dizzy Gillespie - Groovin’ High	INDIFFERENT	7fnsfJzOZbU	MPREb_OgeDRGnk2E4	UCw_wrXoRl-ionafhIWtcRMA	ym 1950s late mb albums
Afro-Cuban drum suite	Dizzy Gillespie and his Orchestra	Dizzy Gillespie - Groovin’ High	INDIFFERENT	BgyAusLAdog	MPREb_OgeDRGnk2E4	UCw_wrXoRl-ionafhIWtcRMA	ym 1950s late mb albums
A night in Tunisia	Dizzy Gillespie Quintet	Dizzy Gillespie - Groovin’ High	INDIFFERENT	P1ICbDlHvp0	MPREb_OgeDRGnk2E4		ym 1950s late mb albums
The good bait	Dizzy Gillespie	Dizzy Gillespie - Groovin’ High	INDIFFERENT	oh6E64it4eo	MPREb_OgeDRGnk2E4	UCw_wrXoRl-ionafhIWtcRMA	ym 1950s late mb albums
Slam Slam Blues	Dizzy Gillespie	Dizzy Gillespie - Groovin’ High	INDIFFERENT	SzHJF4K3HUo	MPREb_OgeDRGnk2E4	UCw_wrXoRl-ionafhIWtcRMA	ym 1950s late mb albums
Salt peanuts	Dizzy Gillespie	Dizzy Gillespie - Groovin’ High	INDIFFERENT	1u2LX-BjOfI	MPREb_OgeDRGnk2E4	UCw_wrXoRl-ionafhIWtcRMA	ym 1950s late mb albums
Ko ko	Dizzy Gillespie	Dizzy Gillespie - Groovin’ High	INDIFFERENT	v2x5DLLipgk	MPREb_OgeDRGnk2E4	UCw_wrXoRl-ionafhIWtcRMA	ym 1950s late mb albums
Hot house	Dizzy Gillespie	Dizzy Gillespie - Groovin’ High	INDIFFERENT	0TwH43jN5uc	MPREb_OgeDRGnk2E4	UCw_wrXoRl-ionafhIWtcRMA	ym 1950s late mb albums
Groovin' high	Dizzy Gillespie	Dizzy Gillespie - Groovin’ High	INDIFFERENT	U9OTIlpbido	MPREb_OgeDRGnk2E4	UCw_wrXoRl-ionafhIWtcRMA	ym 1950s late mb albums
Dizzy atmosphere	Dizzy Gillespie	Dizzy Gillespie - Groovin’ High	INDIFFERENT	d2x8ZHiA_U0	MPREb_OgeDRGnk2E4	UCw_wrXoRl-ionafhIWtcRMA	ym 1950s late mb albums
Confirmation	Dizzy Gillespie	Dizzy Gillespie - Groovin’ High	INDIFFERENT	UQp2h2Mh8e0	MPREb_OgeDRGnk2E4	UCw_wrXoRl-ionafhIWtcRMA	ym 1950s late mb albums
Be bop	Dizzy Gillespie	Dizzy Gillespie - Groovin’ High	INDIFFERENT	Ojp9plCHcGk	MPREb_OgeDRGnk2E4	UCw_wrXoRl-ionafhIWtcRMA	ym 1950s late mb albums
Kansas City	Dion & The Belmonts	Runaround Sue	INDIFFERENT	P3_eutuSuCY	MPREb_JMp96EcBfyh	UCcNiYPb4JhBLrjtnqiPHB6w	ym 1950s late mb albums
In The Still Of The Night	Dion & The Belmonts	Runaround Sue	INDIFFERENT	yEMfeo3R2QI	MPREb_JMp96EcBfyh	UCcNiYPb4JhBLrjtnqiPHB6w	ym 1950s late mb albums
Take Good Care Of My Baby	Dion	Runaround Sue	INDIFFERENT	Ua0_B-kQe_Q	MPREb_JMp96EcBfyh	UCcNiYPb4JhBLrjtnqiPHB6w	ym 1950s late mb albums
Somebody Nobody Wants	Dion	Runaround Sue	INDIFFERENT	wYxEZwv8UvQ	MPREb_JMp96EcBfyh	UCcNiYPb4JhBLrjtnqiPHB6w	ym 1950s late mb albums
Runaway Girl	Dion	Runaround Sue	INDIFFERENT	g9TVjSE6pDQ	MPREb_JMp96EcBfyh	UCcNiYPb4JhBLrjtnqiPHB6w	ym 1950s late mb albums
Little Star	Dion	Runaround Sue	INDIFFERENT	iXZL8F_ZFv8	MPREb_JMp96EcBfyh	UCcNiYPb4JhBLrjtnqiPHB6w	ym 1950s late mb albums
Life Is But A Dream	Dion	Runaround Sue	INDIFFERENT	a27b2GkGTBI	MPREb_JMp96EcBfyh	UCcNiYPb4JhBLrjtnqiPHB6w	ym 1950s late mb albums
Dream Lover	Dion	Runaround Sue	INDIFFERENT	pda_r5hD_xk	MPREb_JMp96EcBfyh	UCcNiYPb4JhBLrjtnqiPHB6w	ym 1950s late mb albums
Take The 'A' Train	Clifford Brown	Study In Brown	INDIFFERENT	cZO_hGJaIKk	MPREb_eDX0wgyO0ef	UCQFCMVgOtWDn5Vd3Nt1SRfQ	ym 1950s late mb albums
Swingin'	Clifford Brown	Study In Brown	INDIFFERENT	wEy5uTFOMvI	MPREb_eDX0wgyO0ef	UCQFCMVgOtWDn5Vd3Nt1SRfQ	ym 1950s late mb albums
Sandu	Clifford Brown	Study In Brown	INDIFFERENT	0wpcrWCutFQ	MPREb_eDX0wgyO0ef	UCQFCMVgOtWDn5Vd3Nt1SRfQ	ym 1950s late mb albums
Lands End	Clifford Brown	Study In Brown	INDIFFERENT	zIctyLmBeXA	MPREb_eDX0wgyO0ef	UCQFCMVgOtWDn5Vd3Nt1SRfQ	ym 1950s late mb albums
Jacqui	Clifford Brown	Study In Brown	INDIFFERENT	218-mjXXrk8	MPREb_eDX0wgyO0ef	UCQFCMVgOtWDn5Vd3Nt1SRfQ	ym 1950s late mb albums
If I Love Again	Clifford Brown	Study In Brown	INDIFFERENT	X3qnT1kpF2k	MPREb_eDX0wgyO0ef	UCQFCMVgOtWDn5Vd3Nt1SRfQ	ym 1950s late mb albums
Gerkin For Perkin	Clifford Brown	Study In Brown	INDIFFERENT	Zns6EfV9yf4	MPREb_eDX0wgyO0ef	UCQFCMVgOtWDn5Vd3Nt1SRfQ	ym 1950s late mb albums
George's Dilemma	Clifford Brown	Study In Brown	INDIFFERENT	hmNBXvbC2cU	MPREb_eDX0wgyO0ef	UCQFCMVgOtWDn5Vd3Nt1SRfQ	ym 1950s late mb albums
Hey Pedro	Chuck Berry	Berry Is On Top	INDIFFERENT	W1o46Twfivc	MPREb_Mt4Q2BsO7wW	UCUfKmP9mv1yUkxlE5DDX5Zg	ym 1950s late mb albums
Around And Around	Chuck Berry	Berry Is On Top	INDIFFERENT	9j4lfC9H1LQ	MPREb_Mt4Q2BsO7wW	UCUfKmP9mv1yUkxlE5DDX5Zg	ym 1950s late mb albums
Anthony Boy	Chuck Berry	Berry Is On Top	INDIFFERENT	T8RWQvd9bKk	MPREb_Mt4Q2BsO7wW	UCUfKmP9mv1yUkxlE5DDX5Zg	ym 1950s late mb albums
Wee Wee Hours	Chuck Berry	After School Session	INDIFFERENT	7XxWnCvbRGg	MPREb_SJf34xeKGmI	UCUfKmP9mv1yUkxlE5DDX5Zg	ym 1950s late mb albums
No Money Down	Chuck Berry	After School Session	INDIFFERENT	ryEdOz9znAM	MPREb_SJf34xeKGmI	UCUfKmP9mv1yUkxlE5DDX5Zg	ym 1950s late mb albums
Havana Moon	Chuck Berry	After School Session	INDIFFERENT	QtEHVBkubA8	MPREb_SJf34xeKGmI	UCUfKmP9mv1yUkxlE5DDX5Zg	ym 1950s late mb albums
Drifting Heart	Chuck Berry	After School Session	INDIFFERENT	ynhV0SruUMM	MPREb_SJf34xeKGmI	UCUfKmP9mv1yUkxlE5DDX5Zg	ym 1950s late mb albums
Berry Pickin'	Chuck Berry	After School Session	INDIFFERENT	gofO-SDQ7aA	MPREb_SJf34xeKGmI	UCUfKmP9mv1yUkxlE5DDX5Zg	ym 1950s late mb albums
It Never Entered My Mind	Chet Baker	Chet (Keepnews Collection)	INDIFFERENT	IUfRBnzWUw0	MPREb_E1rqgE7VF4P	UCVNfRXuaWVILL9giCEg0rQg	ym 1950s late mb albums
How High The Moon	Chet Baker	Chet (Keepnews Collection)	INDIFFERENT	-6nQ-RHDBJc	MPREb_E1rqgE7VF4P	UCVNfRXuaWVILL9giCEg0rQg	ym 1950s late mb albums
A Foggy Day	Charles Mingus	Pithecanthropus Erectus	INDIFFERENT	z_EUlGeIIDo	MPREb_CuHUvZgo0QJ	UCXSaOCck3oVxhB4W_4Ca3MQ	ym 1950s late mb albums
Pussy Cat Dues	Charles Mingus	Mingus Ah Um	INDIFFERENT	eoLi0VrNLQw	MPREb_IeCi4HMV1Kb	UCXSaOCck3oVxhB4W_4Ca3MQ	ym 1950s late mb albums
Bird Calls	Charles Mingus	Mingus Ah Um	INDIFFERENT	TWuVvzZSnpU	MPREb_IeCi4HMV1Kb	UCXSaOCck3oVxhB4W_4Ca3MQ	ym 1950s late mb albums
Wednesday Night Prayer Meeting (Mono Audio)	Charles Mingus	Blues & Roots (Mono)	INDIFFERENT	uGJrFslQ4q4	MPREb_WKwQ1NXiGc0	UCXSaOCck3oVxhB4W_4Ca3MQ	ym 1950s late mb albums
Tensions (Mono Audio)	Charles Mingus	Blues & Roots (Mono)	INDIFFERENT	G5gNKGEqcIk	MPREb_WKwQ1NXiGc0	UCXSaOCck3oVxhB4W_4Ca3MQ	ym 1950s late mb albums
My Jelly Roll Soul (Mono Audio)	Charles Mingus	Blues & Roots (Mono)	INDIFFERENT	wzNuG8q2Xh8	MPREb_WKwQ1NXiGc0	UCXSaOCck3oVxhB4W_4Ca3MQ	ym 1950s late mb albums
Your True Love	Carl Perkins	The Dance Album	INDIFFERENT	2Hr79nxccNI	MPREb_uHldLDi1aX6	UCO46V98c7Ib6Un4Y1mMpqbg	ym 1950s late mb albums
Sure to Fall	Carl Perkins	The Dance Album	INDIFFERENT	2YNCkl_rggA	MPREb_uHldLDi1aX6	UCO46V98c7Ib6Un4Y1mMpqbg	ym 1950s late mb albums
Movie Magg	Carl Perkins	The Dance Album	INDIFFERENT	DquKre0QXf4	MPREb_uHldLDi1aX6	UCO46V98c7Ib6Un4Y1mMpqbg	ym 1950s late mb albums
Somethin' Else	Cannonball Adderley	Somethin' Else (Rudy Van Gelder Edition)	INDIFFERENT	yOtqq3E0JNg	MPREb_7VEcMqni2Rt	UCRQLvDfTNOFUgst4GpnyDvA	ym 1950s late mb albums
Love For Sale	Cannonball Adderley	Somethin' Else (Rudy Van Gelder Edition)	INDIFFERENT	Z3TTnMY9ptg	MPREb_7VEcMqni2Rt	UCRQLvDfTNOFUgst4GpnyDvA	ym 1950s late mb albums
Bangoon (aka Alison's Uncle)	Cannonball Adderley	Somethin' Else (Rudy Van Gelder Edition)	INDIFFERENT	oNdBXe9Nw64	MPREb_7VEcMqni2Rt	UCRQLvDfTNOFUgst4GpnyDvA	ym 1950s late mb albums
You've Got Love	Buddy Holly & The Crickets	The 'Chirping' Crickets	INDIFFERENT	n85qlxnLshA	MPREb_Twf5P0YztYE	UCddPyO3i288bFhCe9mzJsqg	ym 1950s late mb albums
Send Me Some Lovin'	Buddy Holly & The Crickets	The 'Chirping' Crickets	INDIFFERENT	BjZR329gKDc	MPREb_Twf5P0YztYE	UCddPyO3i288bFhCe9mzJsqg	ym 1950s late mb albums
Rock Me My Baby	Buddy Holly & The Crickets	The 'Chirping' Crickets	INDIFFERENT	T6kAmSDohjg	MPREb_Twf5P0YztYE	UCddPyO3i288bFhCe9mzJsqg	ym 1950s late mb albums
Maybe Baby	Buddy Holly & The Crickets	The 'Chirping' Crickets	INDIFFERENT	68QwFQSurdE	MPREb_Twf5P0YztYE	UCddPyO3i288bFhCe9mzJsqg	ym 1950s late mb albums
It's Too Late	Buddy Holly & The Crickets	The 'Chirping' Crickets	INDIFFERENT	9qX2l0hG5Js	MPREb_Twf5P0YztYE	UCddPyO3i288bFhCe9mzJsqg	ym 1950s late mb albums
I'm Lookin' For Someone To Love	Buddy Holly & The Crickets	The 'Chirping' Crickets	INDIFFERENT	J5JnOI4-FEQ	MPREb_Twf5P0YztYE	UCddPyO3i288bFhCe9mzJsqg	ym 1950s late mb albums
An Empty Cup (And A Broken Date)	Buddy Holly & The Crickets	The 'Chirping' Crickets	INDIFFERENT	aHfO28tRhMw	MPREb_Twf5P0YztYE	UCddPyO3i288bFhCe9mzJsqg	ym 1950s late mb albums
You're So Square (Baby, I Don't Care)	Buddy Holly	Buddy Holly	INDIFFERENT	yEwFd1aQQQw	MPREb_CaCi657HJqh	UCddPyO3i288bFhCe9mzJsqg	ym 1950s late mb albums
Ready Teddy	Buddy Holly	Buddy Holly	INDIFFERENT	JVOkmZKfFHw	MPREb_CaCi657HJqh	UCddPyO3i288bFhCe9mzJsqg	ym 1950s late mb albums
Little Baby	Buddy Holly	Buddy Holly	INDIFFERENT	YDaA9JqTiDo	MPREb_CaCi657HJqh	UCddPyO3i288bFhCe9mzJsqg	ym 1950s late mb albums
I'm Gonna Love You Too	Buddy Holly	Buddy Holly	INDIFFERENT	Y3Z-eWXQ78E	MPREb_CaCi657HJqh	UCddPyO3i288bFhCe9mzJsqg	ym 1950s late mb albums
You Don't Love Me (You Don't Care)	Bo Diddley	Go Bo Diddley	INDIFFERENT	wkPa7SyN_7E	MPREb_zDtuSzOmA3x	UCTXP0wPPSDAaOS6mXeM4tgg	ym 1950s late mb albums
Willie And Lillie	Bo Diddley	Go Bo Diddley	INDIFFERENT	czP9ECA2dy0	MPREb_zDtuSzOmA3x	UCTXP0wPPSDAaOS6mXeM4tgg	ym 1950s late mb albums
Don't Let It Go (Hold On To What You Got)	Bo Diddley	Go Bo Diddley	INDIFFERENT	5iFeFJSrJSU	MPREb_zDtuSzOmA3x	UCTXP0wPPSDAaOS6mXeM4tgg	ym 1950s late mb albums
Bo's Guitar	Bo Diddley	Go Bo Diddley	INDIFFERENT	l-p40fgVPzI	MPREb_zDtuSzOmA3x	UCTXP0wPPSDAaOS6mXeM4tgg	ym 1950s late mb albums
Say! Boss Man	Bo Diddley	Bo Diddley	INDIFFERENT	rFiWcdS4zpU	MPREb_mhiut8LKERQ	UCTXP0wPPSDAaOS6mXeM4tgg	ym 1950s late mb albums
Hush Your Mouth	Bo Diddley	Bo Diddley	INDIFFERENT	-kMX9TGiQb0	MPREb_mhiut8LKERQ	UCTXP0wPPSDAaOS6mXeM4tgg	ym 1950s late mb albums
Diddy Wah Diddy	Bo Diddley	Bo Diddley	INDIFFERENT	u3ryL1k2exE	MPREb_mhiut8LKERQ	UCTXP0wPPSDAaOS6mXeM4tgg	ym 1950s late mb albums
Diddley Daddy	Bo Diddley	Bo Diddley	INDIFFERENT	iOLEDvLBzok	MPREb_mhiut8LKERQ	UCTXP0wPPSDAaOS6mXeM4tgg	ym 1950s late mb albums
Dearest Darling	Bo Diddley	Bo Diddley	INDIFFERENT	aAqGa9YusHE	MPREb_mhiut8LKERQ	UCTXP0wPPSDAaOS6mXeM4tgg	ym 1950s late mb albums
White Christmas (1947 Version) (feat. Ken Darby Singers & John Scott Trotter and His Orchestra)	Bing Crosby	White Christmas	INDIFFERENT	t_xq3Bj_tas	MPREb_NwmxvT0YBIB	UC3BuiU3nA2hT9Fq0ekBIcuQ	ym 1950s late mb albums
Silver Bells (feat. Carol Richards)	Bing Crosby	White Christmas	INDIFFERENT	45UDPTEvIec	MPREb_NwmxvT0YBIB	UC3BuiU3nA2hT9Fq0ekBIcuQ	ym 1950s late mb albums
Silent Night (feat. Bing Crosby & Ken Darby Singers)	Bing Crosby	White Christmas	INDIFFERENT	CYnJSBhm8wQ	MPREb_NwmxvT0YBIB	UC3BuiU3nA2hT9Fq0ekBIcuQ	ym 1950s late mb albums
Santa Claus Is Comin' To Town	Bing Crosby	White Christmas	INDIFFERENT	Vhv_47ghQuY	MPREb_NwmxvT0YBIB	UC3BuiU3nA2hT9Fq0ekBIcuQ	ym 1950s late mb albums
Mele Kalikimaka (Merry Christmas)	Bing Crosby	White Christmas	INDIFFERENT	BtdEufWBDo8	MPREb_NwmxvT0YBIB	UC3BuiU3nA2hT9Fq0ekBIcuQ	ym 1950s late mb albums
Jingle Bells	Bing Crosby	White Christmas	INDIFFERENT	q0kxlFLvGJg	MPREb_NwmxvT0YBIB	UC3BuiU3nA2hT9Fq0ekBIcuQ	ym 1950s late mb albums
It's Beginning To Look Like Christmas	Bing Crosby	White Christmas	INDIFFERENT	d82Xzey-4B4	MPREb_NwmxvT0YBIB	UC3BuiU3nA2hT9Fq0ekBIcuQ	ym 1950s late mb albums
I'll Be Home For Christmas	Bing Crosby	White Christmas	INDIFFERENT	MgaynmY4BNM	MPREb_NwmxvT0YBIB	UC3BuiU3nA2hT9Fq0ekBIcuQ	ym 1950s late mb albums
God Rest Ye Merry Gentlemen	Bing Crosby	White Christmas	INDIFFERENT	k3vTuhM0LJ0	MPREb_NwmxvT0YBIB	UC3BuiU3nA2hT9Fq0ekBIcuQ	ym 1950s late mb albums
Faith Of Our Fathers	Bing Crosby	White Christmas	INDIFFERENT	mi6Tok9PiDs	MPREb_NwmxvT0YBIB	UC3BuiU3nA2hT9Fq0ekBIcuQ	ym 1950s late mb albums
Christmas In Killarney	Bing Crosby	White Christmas	INDIFFERENT	bNHSO3k30Ow	MPREb_NwmxvT0YBIB	UC3BuiU3nA2hT9Fq0ekBIcuQ	ym 1950s late mb albums
Adeste Fideles	Bing Crosby	White Christmas	INDIFFERENT	pjbpzgFU2V0	MPREb_NwmxvT0YBIB	UC3BuiU3nA2hT9Fq0ekBIcuQ	ym 1950s late mb albums
Trav'lin Light	Billie Holiday	Lady Sings The Blues	INDIFFERENT	OEW6jBMOZvE	MPREb_iSM4Hxub01w	UCW-raws5Iq2xLADkLcEoVaA	ym 1950s late mb albums
Too Marvelous For Words	Billie Holiday	Lady Sings The Blues	INDIFFERENT	2pY72g1iDjk	MPREb_iSM4Hxub01w	UCW-raws5Iq2xLADkLcEoVaA	ym 1950s late mb albums
Some Other Spring	Billie Holiday	Lady Sings The Blues	INDIFFERENT	GqYkTHdM1AM	MPREb_iSM4Hxub01w	UCW-raws5Iq2xLADkLcEoVaA	ym 1950s late mb albums
No Good Man	Billie Holiday	Lady Sings The Blues	INDIFFERENT	XirSQz5k_9c	MPREb_iSM4Hxub01w	UCW-raws5Iq2xLADkLcEoVaA	ym 1950s late mb albums
Love Me Or Leave Me	Billie Holiday	Lady Sings The Blues	INDIFFERENT	kWeehKaDemw	MPREb_iSM4Hxub01w	UCW-raws5Iq2xLADkLcEoVaA	ym 1950s late mb albums
I Thought About You	Billie Holiday	Lady Sings The Blues	INDIFFERENT	Up6G_YI85iI	MPREb_iSM4Hxub01w	UCW-raws5Iq2xLADkLcEoVaA	ym 1950s late mb albums
I Must Have That Man!	Billie Holiday	Lady Sings The Blues	INDIFFERENT	6uygLnx_L_w	MPREb_iSM4Hxub01w	UCW-raws5Iq2xLADkLcEoVaA	ym 1950s late mb albums
Good Morning Heartache	Billie Holiday	Lady Sings The Blues	INDIFFERENT	vROdXsQhsnQ	MPREb_iSM4Hxub01w	UCW-raws5Iq2xLADkLcEoVaA	ym 1950s late mb albums
God Bless The Child	Billie Holiday	Lady Sings The Blues	INDIFFERENT	GqLcTJXqEQc	MPREb_iSM4Hxub01w	UCW-raws5Iq2xLADkLcEoVaA	ym 1950s late mb albums
You've Changed	Billie Holiday	Lady In Satin	INDIFFERENT	SJHY1D3azDw	MPREb_ah5uV3xNt3V	UCW-raws5Iq2xLADkLcEoVaA	ym 1950s late mb albums
The End of a Love Affair (The Audio Story)	Billie Holiday	Lady In Satin	INDIFFERENT	uGZX2kQ0l9s	MPREb_ah5uV3xNt3V	UCW-raws5Iq2xLADkLcEoVaA	ym 1950s late mb albums
The End of a Love Affair (Stereo Take 4 with Vocal Overdub Take 8)	Billie Holiday	Lady In Satin	INDIFFERENT	db7EsfLtjFg	MPREb_ah5uV3xNt3V	UCW-raws5Iq2xLADkLcEoVaA	ym 1950s late mb albums
The End of a Love Affair (Mono Take 4 with Vocal Overdub Take 8)	Billie Holiday	Lady In Satin	INDIFFERENT	XgCrY2vVVeQ	MPREb_ah5uV3xNt3V	UCW-raws5Iq2xLADkLcEoVaA	ym 1950s late mb albums
It's Easy to Remember	Billie Holiday	Lady In Satin	INDIFFERENT	4VosAaj0A7c	MPREb_ah5uV3xNt3V	UCW-raws5Iq2xLADkLcEoVaA	ym 1950s late mb albums
I'm a Fool to Want You (Take 2 [Alternate]) (feat. Ray Ellis & His Orchestra)	Billie Holiday	Lady In Satin	INDIFFERENT	qgq7l8QwfcA	MPREb_ah5uV3xNt3V	UCW-raws5Iq2xLADkLcEoVaA	ym 1950s late mb albums
I'm a Fool to Want You (Mono Take 3)	Billie Holiday	Lady In Satin	INDIFFERENT	1bN1O1aWl7E	MPREb_ah5uV3xNt3V	UCW-raws5Iq2xLADkLcEoVaA	ym 1950s late mb albums
I'm a Fool to Want You	Billie Holiday	Lady In Satin	INDIFFERENT	QtFhUAtQS1s	MPREb_ah5uV3xNt3V	UCW-raws5Iq2xLADkLcEoVaA	ym 1950s late mb albums
I'll Be Around	Billie Holiday	Lady In Satin	INDIFFERENT	wE0nwxd1e8s	MPREb_ah5uV3xNt3V	UCW-raws5Iq2xLADkLcEoVaA	ym 1950s late mb albums
I Get Along Without You Very Well	Billie Holiday	Lady In Satin	INDIFFERENT	1dtgYoApDXA	MPREb_ah5uV3xNt3V	UCW-raws5Iq2xLADkLcEoVaA	ym 1950s late mb albums
Glad to Be Unhappy	Billie Holiday	Lady In Satin	INDIFFERENT	FbTMt7fnP5Y	MPREb_ah5uV3xNt3V	UCW-raws5Iq2xLADkLcEoVaA	ym 1950s late mb albums
For All We Know	Billie Holiday	Lady In Satin	INDIFFERENT	KnROczhssrc	MPREb_ah5uV3xNt3V	UCW-raws5Iq2xLADkLcEoVaA	ym 1950s late mb albums
But Beautiful	Billie Holiday	Lady In Satin	INDIFFERENT	SRJNVJv-3xY	MPREb_ah5uV3xNt3V	UCW-raws5Iq2xLADkLcEoVaA	ym 1950s late mb albums
Two Hound Dogs	Bill Haley & His Comets	Rock Around The Clock	INDIFFERENT	iq_RymB_BK4	MPREb_mJD1CWdc2Dp	UCPDGv4ylKUJkLuEi1iJAq5Q	ym 1950s late mb albums
Thirteen Women (And Only One Man In Town)	Bill Haley & His Comets	Rock Around The Clock	INDIFFERENT	D_AkQJ2QsSw	MPREb_mJD1CWdc2Dp	UCPDGv4ylKUJkLuEi1iJAq5Q	ym 1950s late mb albums
Rock-A-Beatin' Boogie	Bill Haley & His Comets	Rock Around The Clock	INDIFFERENT	adil5G_xKto	MPREb_mJD1CWdc2Dp	UCPDGv4ylKUJkLuEi1iJAq5Q	ym 1950s late mb albums
Razzle Dazzle	Bill Haley & His Comets	Rock Around The Clock	INDIFFERENT	JgcQzjDL6xE	MPREb_mJD1CWdc2Dp	UCPDGv4ylKUJkLuEi1iJAq5Q	ym 1950s late mb albums
Mambo Rock	Bill Haley & His Comets	Rock Around The Clock	INDIFFERENT	iqiarJGVEJU	MPREb_mJD1CWdc2Dp	UCPDGv4ylKUJkLuEi1iJAq5Q	ym 1950s late mb albums
Happy Baby	Bill Haley & His Comets	Rock Around The Clock	INDIFFERENT	ooXSuJCApbg	MPREb_mJD1CWdc2Dp	UCPDGv4ylKUJkLuEi1iJAq5Q	ym 1950s late mb albums
Dim, Dim The Lights (I Want Some Atmosphere)	Bill Haley & His Comets	Rock Around The Clock	INDIFFERENT	cKhZnK2RT0w	MPREb_mJD1CWdc2Dp	UCPDGv4ylKUJkLuEi1iJAq5Q	ym 1950s late mb albums
Burn That Candle	Bill Haley & His Comets	Rock Around The Clock	INDIFFERENT	18W9H72pJwc	MPREb_mJD1CWdc2Dp	UCPDGv4ylKUJkLuEi1iJAq5Q	ym 1950s late mb albums
Birth Of The Boogie	Bill Haley & His Comets	Rock Around The Clock	INDIFFERENT	SJ0JTXPC2gk	MPREb_mJD1CWdc2Dp	UCPDGv4ylKUJkLuEi1iJAq5Q	ym 1950s late mb albums
ABC Boogie	Bill Haley & His Comets	Rock Around The Clock	INDIFFERENT	TKmLM9PpOTA	MPREb_mJD1CWdc2Dp	UCPDGv4ylKUJkLuEi1iJAq5Q	ym 1950s late mb albums
Witchcraft	Bill Evans Trio	Portrait In Jazz	INDIFFERENT	7WHrKt_-b90	MPREb_GAsm2u6FQbL	UCriB97bZopXsBHVYOQEIIZg	ym 1950s late mb albums
What Is This Thing Called Love?	Bill Evans Trio	Portrait In Jazz	INDIFFERENT	WHlyp8HelmA	MPREb_GAsm2u6FQbL	UCriB97bZopXsBHVYOQEIIZg	ym 1950s late mb albums
Peri's Scope	Bill Evans Trio	Portrait In Jazz	INDIFFERENT	BdbbC2U0GsI	MPREb_GAsm2u6FQbL	UCriB97bZopXsBHVYOQEIIZg	ym 1950s late mb albums
Autumn Leaves (Album Version - (take 2 bonus track))	Bill Evans Trio	Portrait In Jazz	INDIFFERENT	SiljwYiFAuc	MPREb_GAsm2u6FQbL	UCriB97bZopXsBHVYOQEIIZg	ym 1950s late mb albums
Autumn Leaves (Album Version - (Take 1))	Bill Evans Trio	Portrait In Jazz	INDIFFERENT	V6Cyioyb-Jo	MPREb_GAsm2u6FQbL	UCriB97bZopXsBHVYOQEIIZg	ym 1950s late mb albums
Tailor Made Babe	Big Joe Williams	Piney Wood Blues	INDIFFERENT	ZQtA8jUHKDc	MPREb_6dTU9yXSRnO	UCvuee6YwOLUVQfqovUy7tiw	ym 1950s late mb albums
Some Day Baby	Big Joe Williams	Piney Wood Blues	INDIFFERENT	eWWchj5BTfU	MPREb_6dTU9yXSRnO	UCvuee6YwOLUVQfqovUy7tiw	ym 1950s late mb albums
Shetland Pony Blues	Big Joe Williams	Piney Wood Blues	INDIFFERENT	4wcnLVNzHz4	MPREb_6dTU9yXSRnO	UCvuee6YwOLUVQfqovUy7tiw	ym 1950s late mb albums
Omaha Blues	Big Joe Williams	Piney Wood Blues	INDIFFERENT	6Yi8AsmxtLA	MPREb_6dTU9yXSRnO	UCvuee6YwOLUVQfqovUy7tiw	ym 1950s late mb albums
No More Whiskey	Big Joe Williams	Piney Wood Blues	INDIFFERENT	lJcRAlEcHbI	MPREb_6dTU9yXSRnO	UCvuee6YwOLUVQfqovUy7tiw	ym 1950s late mb albums
Mellow Peaches	Big Joe Williams	Piney Wood Blues	INDIFFERENT	GYg-kjlm_V4	MPREb_6dTU9yXSRnO	UCvuee6YwOLUVQfqovUy7tiw	ym 1950s late mb albums
Juanita	Big Joe Williams	Piney Wood Blues	INDIFFERENT	ExCn90i-aQg	MPREb_6dTU9yXSRnO	UCvuee6YwOLUVQfqovUy7tiw	ym 1950s late mb albums
Good Morning Little Schoolgirl	Big Joe Williams	Piney Wood Blues	INDIFFERENT	BaiSadoWSo4	MPREb_6dTU9yXSRnO	UCvuee6YwOLUVQfqovUy7tiw	ym 1950s late mb albums
Drop Down Mama	Big Joe Williams	Piney Wood Blues	INDIFFERENT	T45HaHdqneY	MPREb_6dTU9yXSRnO	UCvuee6YwOLUVQfqovUy7tiw	ym 1950s late mb albums
Big Joe Talking	Big Joe Williams	Piney Wood Blues	INDIFFERENT	gyfqG8TWobs	MPREb_6dTU9yXSRnO	UCvuee6YwOLUVQfqovUy7tiw	ym 1950s late mb albums
Baby, Please Don't Go	Big Joe Williams	Piney Wood Blues	INDIFFERENT	cVxXHKq-6is	MPREb_6dTU9yXSRnO	UCvuee6YwOLUVQfqovUy7tiw	ym 1950s late mb albums
Who	Ben Webster	Soulville	INDIFFERENT	twBA-7eRp0o	MPREb_yEpiYIxBb0Y	UCANynQMnWY6tEaDl4eWwm1Q	ym 1950s late mb albums
Roses Of Picardy	Ben Webster	Soulville	INDIFFERENT	kTOEmxEar6Q	MPREb_yEpiYIxBb0Y	UCANynQMnWY6tEaDl4eWwm1Q	ym 1950s late mb albums
The Drum Thunder Suite	Art Blakey & The Jazz Messengers	Moanin' (Expanded Edition)	INDIFFERENT	UFf5twhM-i0	MPREb_QiZzoIEz3ab	UCMki-b0zfAQiMQ0nbsrIuBQ	ym 1950s late mb albums
