title	artist	album	likeStatus	videoId	albumId	artistId	playlists
STARS	¥$	VULTURES 1	LIKE	j1BkA7KXV3c	MPREb_rkYlVlbTZ69	UCI-4sezWoZmtJXoW7E5k7Zw	ym 2020s early mb albums p1
PAID	¥$	VULTURES 1	LIKE	oG1xb5KOcN4	MPREb_rkYlVlbTZ69	UCI-4sezWoZmtJXoW7E5k7Zw	ym 2020s early mb albums p1
KEYS TO MY LIFE	¥$	VULTURES 1	LIKE	kX3ivxNp9PY	MPREb_rkYlVlbTZ69	UCI-4sezWoZmtJXoW7E5k7Zw	ym 2020s early mb albums p1
DO IT	¥$	VULTURES 1	LIKE	G0hxhn7-Hps	MPREb_rkYlVlbTZ69	UCI-4sezWoZmtJXoW7E5k7Zw	ym 2020s early mb albums p1
CARNIVAL	¥$	VULTURES 1	LIKE	2VPAdf9dkmQ	MPREb_rkYlVlbTZ69	UCI-4sezWoZmtJXoW7E5k7Zw	ym 2020s early mb albums p1
BURN	¥$	VULTURES 1	LIKE	oAbX14IadBo	MPREb_rkYlVlbTZ69	UCI-4sezWoZmtJXoW7E5k7Zw	ym 2020s early mb albums p1
Say the Name	clipping.	Visions of Bodies Being Burned	LIKE	qRSuJh8azms	MPREb_6b0ribtqTtJ	UCIahymQzVz4bXn1DrDB3gtg	ym 2020s early mb albums p1
Eaten Alive (feat. Jeff Parker & Ted Byrnes)	clipping.	Visions of Bodies Being Burned	LIKE	fZJmCBwyltI	MPREb_6b0ribtqTtJ	UCIahymQzVz4bXn1DrDB3gtg	ym 2020s early mb albums p1
Welcome to Hell	black midi	Hellfire	LIKE	6hfhUl777xs	MPREb_P1zOM7JIJZx	UCQH1ZFu68tIio4QFDP0TErQ	ym 2020s early mb albums p1
Hellfire	black midi	Hellfire	LIKE	QfAOFyhfZJU	MPREb_P1zOM7JIJZx	UCQH1ZFu68tIio4QFDP0TErQ	ym 2020s early mb albums p1
Ascending Forth	black midi	Cavalcade	LIKE	FA3IJOodbWc	MPREb_Hwdr7Q9S1fd	UCQH1ZFu68tIio4QFDP0TErQ	ym 2020s early mb albums p1
Year Zero (feat. Danny Brown)	billy woods	Maps	LIKE	zEQ8B-Kr8cc	MPREb_JcEhdaG7zig	UC-ila4F7VDattJX8rRh4zIA	ym 2020s early mb albums p1
Waiting Around (feat. Aesop Rock)	billy woods	Maps	LIKE	H9zURZ2KsmU	MPREb_JcEhdaG7zig	UC-ila4F7VDattJX8rRh4zIA	ym 2020s early mb albums p1
Soundcheck (feat. Quelle Chris)	billy woods	Maps	LIKE	2Xyj1JXavug	MPREb_JcEhdaG7zig	UC-ila4F7VDattJX8rRh4zIA	ym 2020s early mb albums p1
Soft Landing	billy woods	Maps	LIKE	GBRImzElIdA	MPREb_JcEhdaG7zig	UC-ila4F7VDattJX8rRh4zIA	ym 2020s early mb albums p1
NYC Tapwater	billy woods	Maps	LIKE	hScLKoJGm5s	MPREb_JcEhdaG7zig	UC-ila4F7VDattJX8rRh4zIA	ym 2020s early mb albums p1
Bad Dreams Are Only Dreams	billy woods	Maps	LIKE	qslaGSqISxg	MPREb_JcEhdaG7zig	UC-ila4F7VDattJX8rRh4zIA	ym 2020s early mb albums p1
Babylon By Bus (feat. ShrapKnel)	billy woods	Maps	LIKE	b1SKvSa_w5o	MPREb_JcEhdaG7zig	UC-ila4F7VDattJX8rRh4zIA	ym 2020s early mb albums p1
As the Crow Flies (feat. E L U C I D)	billy woods	Maps	LIKE	R6eUF4J2QEM	MPREb_JcEhdaG7zig	UC-ila4F7VDattJX8rRh4zIA	ym 2020s early mb albums p1
A Reason to Celebrate	bdrmm	Bedroom	LIKE	idbHKXhG9go	MPREb_1U47eF2C9Hx	UC1cS2C5jCNn4cEtLcfHjolg	ym 2020s early mb albums p1
Star Strangled Banner	The Gaslamp Killer	Legna	LIKE	QnoaHRAwdwQ	MPREb_C0gii1vzyvM	UCuvoqnctKBbiatTnb_RUNrA	ym 2020s early mb albums p1
Machine Dub	The Gaslamp Killer	Legna	LIKE	hgK6BTSeHAE	MPREb_C0gii1vzyvM	UCuvoqnctKBbiatTnb_RUNrA	ym 2020s early mb albums p1
5 Boroughs	The Gaslamp Killer	Legna	LIKE	Z4wA7iIBlvI	MPREb_C0gii1vzyvM	UCuvoqnctKBbiatTnb_RUNrA	ym 2020s early mb albums p1
Will You Return / When You Come Down	The Flaming Lips	American Head	LIKE	Hgk7eN73J8E	MPREb_aFh9iLCBCs9	UCPxZkX90JURVTyWW0caNnGg	ym 2020s early mb albums p1
Flowers of Neptune 6	The Flaming Lips	American Head	LIKE	TI-Ho9_Im5U	MPREb_aFh9iLCBCs9	UCPxZkX90JURVTyWW0caNnGg	ym 2020s early mb albums p1
Brother Eye	The Flaming Lips	American Head	LIKE	MCzLL-OXfiQ	MPREb_aFh9iLCBCs9	UCPxZkX90JURVTyWW0caNnGg	ym 2020s early mb albums p1
A Fragile Thing	The Cure	Songs Of A Lost World	LIKE	ro_KDaYZaiM	MPREb_ufdehYS2zUr	UCKuG9-MGolUuWbEcoz5qijw	ym 2020s early mb albums p1
No Reason	The Chemical Brothers	For That Beautiful Feeling	LIKE	1wh6eqwAIG8	MPREb_gTzfvVGRR3Z	UCyPCkwR4gcQNybC2XzMNFTA	ym 2020s early mb albums p1
Live Again (feat. Halo Maud)	The Chemical Brothers	For That Beautiful Feeling	LIKE	fXe3kFO_hUg	MPREb_gTzfvVGRR3Z	UCyPCkwR4gcQNybC2XzMNFTA	ym 2020s early mb albums p1
Goodbye	The Chemical Brothers	For That Beautiful Feeling	LIKE	Jy3iGZAhiW4	MPREb_gTzfvVGRR3Z	UCyPCkwR4gcQNybC2XzMNFTA	ym 2020s early mb albums p1
Fountains	The Chemical Brothers	For That Beautiful Feeling	LIKE	bP3gRdozUl4	MPREb_gTzfvVGRR3Z	UCyPCkwR4gcQNybC2XzMNFTA	ym 2020s early mb albums p1
Sixth Hammer	The Budos Band	Long in the Tooth	LIKE	T2hHCsh5vQQ	MPREb_vW7T45ip7Jk	UCvQgxMD5WBq3JfJLHQkpcKA	ym 2020s early mb albums p1
Silver Stallion	The Budos Band	Long in the Tooth	LIKE	O-7DwDEETX8	MPREb_vW7T45ip7Jk	UCvQgxMD5WBq3JfJLHQkpcKA	ym 2020s early mb albums p1
Long in the Tooth	The Budos Band	Long in the Tooth	LIKE	US3eV4E8o2k	MPREb_vW7T45ip7Jk	UCvQgxMD5WBq3JfJLHQkpcKA	ym 2020s early mb albums p1
Haunted Sea	The Budos Band	Long in the Tooth	LIKE	ceCgxReQCl0	MPREb_vW7T45ip7Jk	UCvQgxMD5WBq3JfJLHQkpcKA	ym 2020s early mb albums p1
Gun Metal Grey	The Budos Band	Long in the Tooth	LIKE	kS_NQ7Y5TE8	MPREb_vW7T45ip7Jk	UCvQgxMD5WBq3JfJLHQkpcKA	ym 2020s early mb albums p1
Dusterado	The Budos Band	Long in the Tooth	LIKE	eXshYvb1-jg	MPREb_vW7T45ip7Jk	UCvQgxMD5WBq3JfJLHQkpcKA	ym 2020s early mb albums p1
You Think I'm Joking?	The Brian Jonestown Massacre	Fire Doesn't Grow On Trees	LIKE	JvaW_zttYZw	MPREb_XFSHgkuj5Cb	UCXybUoBoCwQntpbpblywN4Q	ym 2020s early mb albums p1
Stay All Night	The Black Keys	Delta Kream	LIKE	VnS9cg7mhBg	MPREb_N6XhjUOk5AX	UCchwuI134MUX4GSZqYLpYGA	ym 2020s early mb albums p1
Crawling Kingsnake (Edit)	The Black Keys	Delta Kream	LIKE	gHrRBwO3qnI	MPREb_N6XhjUOk5AX	UCchwuI134MUX4GSZqYLpYGA	ym 2020s early mb albums p1
Crawling Kingsnake	The Black Keys	Delta Kream	LIKE	tNdg7EhtRMA	MPREb_N6XhjUOk5AX	UCchwuI134MUX4GSZqYLpYGA	ym 2020s early mb albums p1
The River	The Black Angels	Wilderness of Mirrors	LIKE	bm8OGsMfWOg	MPREb_2n6V5NdygkD	UCdMCMtXUYb-9gvK1srSECuQ	ym 2020s early mb albums p1
Wherever You Go (feat. Jamie xx, Neneh Cherry & CLYPSO)	The Avalanches	We Will Always Love You	LIKE	cpbkUYAGpcI	MPREb_dMrVnmpSgMK	UCLXF7R57nHd3Q2PcAAtdPcA	ym 2020s early mb albums p1
We Will Always Love You (feat. Blood Orange)	The Avalanches	We Will Always Love You	LIKE	-VHm2dXB_G4	MPREb_dMrVnmpSgMK	UCLXF7R57nHd3Q2PcAAtdPcA	ym 2020s early mb albums p1
We Go On (feat. Cola Boyy & Mick Jones)	The Avalanches	We Will Always Love You	LIKE	En3SmG86Q7k	MPREb_dMrVnmpSgMK	UCLXF7R57nHd3Q2PcAAtdPcA	ym 2020s early mb albums p1
The Divine Chord (feat. MGMT & Johnny Marr)	The Avalanches	We Will Always Love You	LIKE	bv4hpn-HKrI	MPREb_dMrVnmpSgMK	UCLXF7R57nHd3Q2PcAAtdPcA	ym 2020s early mb albums p1
Take Care In Your Dreaming (feat. Denzel Curry, Tricky & Sampa The Great)	The Avalanches	We Will Always Love You	LIKE	p7Dmyg-94iE	MPREb_dMrVnmpSgMK	UCLXF7R57nHd3Q2PcAAtdPcA	ym 2020s early mb albums p1
Overcome	The Avalanches	We Will Always Love You	LIKE	XHiwTF9WEBE	MPREb_dMrVnmpSgMK	UCLXF7R57nHd3Q2PcAAtdPcA	ym 2020s early mb albums p1
Oh The Sunn! (feat. Perry Farrell)	The Avalanches	We Will Always Love You	LIKE	tihqDy-avVA	MPREb_dMrVnmpSgMK	UCLXF7R57nHd3Q2PcAAtdPcA	ym 2020s early mb albums p1
Music Makes Me High	The Avalanches	We Will Always Love You	LIKE	e9p6g34ZIZU	MPREb_dMrVnmpSgMK	UCLXF7R57nHd3Q2PcAAtdPcA	ym 2020s early mb albums p1
Music Is The Light (feat. Cornelius & Kelly Moran)	The Avalanches	We Will Always Love You	LIKE	_abUMm91_LI	MPREb_dMrVnmpSgMK	UCLXF7R57nHd3Q2PcAAtdPcA	ym 2020s early mb albums p1
Interstellar Love (feat. Leon Bridges)	The Avalanches	We Will Always Love You	LIKE	9ZJjzG4KO5U	MPREb_dMrVnmpSgMK	UCLXF7R57nHd3Q2PcAAtdPcA	ym 2020s early mb albums p1
Ghost Story Pt. 2 (feat. Orono & Leon Bridges)	The Avalanches	We Will Always Love You	LIKE	PXe3I8HrmIE	MPREb_dMrVnmpSgMK	UCLXF7R57nHd3Q2PcAAtdPcA	ym 2020s early mb albums p1
Ghost Story (feat. Orono)	The Avalanches	We Will Always Love You	LIKE	c9tgCR_VjSM	MPREb_dMrVnmpSgMK	UCLXF7R57nHd3Q2PcAAtdPcA	ym 2020s early mb albums p1
Carrier Waves	The Avalanches	We Will Always Love You	LIKE	Bv1UnWLxPPo	MPREb_dMrVnmpSgMK	UCLXF7R57nHd3Q2PcAAtdPcA	ym 2020s early mb albums p1
Born To Lose	The Avalanches	We Will Always Love You	LIKE	JFJC_sj7s_I	MPREb_dMrVnmpSgMK	UCLXF7R57nHd3Q2PcAAtdPcA	ym 2020s early mb albums p1
Mac 10 Wounds (feat. Conway The Machine)	The Alchemist	The Alchemist Sandwich	LIKE	mx2uP6ZtXBw	MPREb_uUw7eDN7Nf0	UCk1i5sYwUIEAvaq2R77Tb3Q	ym 2020s early mb albums p1
Cassowary song	SilMi	Cassowary song	LIKE	p5zRouTZ81A	MPREb_eSGp1GOgUzy	UCMPbJLlb5YM0bGsYY03MSIQ	ym 2020s early mb albums p1
Cassowary attack	SilMi	Cassowary song	LIKE	AWzyLwncCnc	MPREb_eSGp1GOgUzy	UCMPbJLlb5YM0bGsYY03MSIQ	ym 2020s early mb albums p1
Cassowary	SilMi	Cassowary song	LIKE	Eg0OXOHQ6hU	MPREb_eSGp1GOgUzy	UCMPbJLlb5YM0bGsYY03MSIQ	ym 2020s early mb albums p1
Cassowary running 2	Limi Etack	Cassowary song	LIKE	xa2CyepencE	MPREb_eSGp1GOgUzy	UCbmaOkVuGcApK-bCvqkgNRQ	ym 2020s early mb albums p1
Cassowary running	Limi Etack	Cassowary song	LIKE	rduofi0ctnQ	MPREb_eSGp1GOgUzy	UCbmaOkVuGcApK-bCvqkgNRQ	ym 2020s early mb albums p1
Life Is Not The Same	James Blake	Friends That Break Your Heart	LIKE	SdGgWHK2ijc	MPREb_DIo7o3Tx0lj	UCx90L12QXzc18AGYFRof-EA	ym 2020s early mb albums p1
I'm So Blessed You're Mine	James Blake	Friends That Break Your Heart	LIKE	2FX0FVh7jPI	MPREb_DIo7o3Tx0lj	UCx90L12QXzc18AGYFRof-EA	ym 2020s early mb albums p1
Frozen (feat. JID & SWAVAY)	James Blake	Friends That Break Your Heart	LIKE	OmiNFDRUy6o	MPREb_DIo7o3Tx0lj	UCx90L12QXzc18AGYFRof-EA	ym 2020s early mb albums p1
I Keep Calling	James Blake	Before	LIKE	PwR99W2r5JU	MPREb_G73gk7jwGbf	UCx90L12QXzc18AGYFRof-EA	ym 2020s early mb albums p1
Before	James Blake	Before	LIKE	kZu7-VyNxBw	MPREb_G73gk7jwGbf	UCx90L12QXzc18AGYFRof-EA	ym 2020s early mb albums p1
What Did the Hen Duck Say to the Drake?	Jake Xerxes Fussell	Good and Green Again	LIKE	NoY7JtbO6ZE	MPREb_otoEJmpFRun	UCHHbQnYmhWiY1zEaz41Mzzg	ym 2020s early mb albums p1
Washington	Jake Xerxes Fussell	Good and Green Again	LIKE	nnhn3zDXBcI	MPREb_otoEJmpFRun	UCHHbQnYmhWiY1zEaz41Mzzg	ym 2020s early mb albums p1
The Golden Willow Tree	Jake Xerxes Fussell	Good and Green Again	LIKE	rwF8AsFS0k8	MPREb_otoEJmpFRun	UCHHbQnYmhWiY1zEaz41Mzzg	ym 2020s early mb albums p1
Love Farewell	Jake Xerxes Fussell	Good and Green Again	LIKE	6_p0xaZ6rIw	MPREb_otoEJmpFRun	UCHHbQnYmhWiY1zEaz41Mzzg	ym 2020s early mb albums p1
In Florida	Jake Xerxes Fussell	Good and Green Again	LIKE	cfwZin-wHis	MPREb_otoEJmpFRun	UCHHbQnYmhWiY1zEaz41Mzzg	ym 2020s early mb albums p1
Frolic	Jake Xerxes Fussell	Good and Green Again	LIKE	oD-FaLaCo3A	MPREb_otoEJmpFRun	UCHHbQnYmhWiY1zEaz41Mzzg	ym 2020s early mb albums p1
Carriebelle	Jake Xerxes Fussell	Good and Green Again	LIKE	zSbgyfKrLqg	MPREb_otoEJmpFRun	UCHHbQnYmhWiY1zEaz41Mzzg	ym 2020s early mb albums p1
Breast of Glass	Jake Xerxes Fussell	Good and Green Again	LIKE	TKqSqt-aVNk	MPREb_otoEJmpFRun	UCHHbQnYmhWiY1zEaz41Mzzg	ym 2020s early mb albums p1
Webs	Jadu Heart	Derealised 	LIKE	WLSj-tHjnRw	MPREb_c4131FfFNv9	UCTDWwLtRNaKgm-ih1e72d8w	ym 2020s early mb albums p1
The Glass Box Between Me and You 	Jadu Heart	Derealised 	LIKE	6iLKQJkX12U	MPREb_c4131FfFNv9	UCTDWwLtRNaKgm-ih1e72d8w	ym 2020s early mb albums p1
Sway	Jadu Heart	Derealised 	LIKE	FSpUtuLFKYI	MPREb_c4131FfFNv9	UCTDWwLtRNaKgm-ih1e72d8w	ym 2020s early mb albums p1
I Shimmer	Jadu Heart	Derealised 	LIKE	5T2ce1lzLRk	MPREb_c4131FfFNv9	UCTDWwLtRNaKgm-ih1e72d8w	ym 2020s early mb albums p1
Glistener	Jadu Heart	Derealised 	LIKE	QxVdEaytD7Q	MPREb_c4131FfFNv9	UCTDWwLtRNaKgm-ih1e72d8w	ym 2020s early mb albums p1
Freedom	Jadu Heart	Derealised 	LIKE	GNedif-0Ug4	MPREb_c4131FfFNv9	UCTDWwLtRNaKgm-ih1e72d8w	ym 2020s early mb albums p1
Cocoon	Jadu Heart	Derealised 	LIKE	6N50h6DdVaA	MPREb_c4131FfFNv9	UCTDWwLtRNaKgm-ih1e72d8w	ym 2020s early mb albums p1
Blame	Jadu Heart	Derealised 	LIKE	Tq86ZNCuXOg	MPREb_c4131FfFNv9	UCTDWwLtRNaKgm-ih1e72d8w	ym 2020s early mb albums p1
8 x 8 Endless	Jadu Heart	Derealised 	LIKE	XE0lHXVv76s	MPREb_c4131FfFNv9	UCTDWwLtRNaKgm-ih1e72d8w	ym 2020s early mb albums p1
What's The Rumpus?	Jack White	No Name	LIKE	ky5Bk4dHJdY	MPREb_cJPvo3gMWZt	UCL5YsYJMZ-S5SU4_RQOWEPw	ym 2020s early mb albums p1
That's How I'm Feeling	Jack White	No Name	LIKE	E90SP9wxBUI	MPREb_cJPvo3gMWZt	UCL5YsYJMZ-S5SU4_RQOWEPw	ym 2020s early mb albums p1
It's Rough On Rats (If You're Asking)	Jack White	No Name	LIKE	tdOQH4wkuSQ	MPREb_cJPvo3gMWZt	UCL5YsYJMZ-S5SU4_RQOWEPw	ym 2020s early mb albums p1
Taking Me Back	Jack White	Fear Of The Dawn	LIKE	4f6BDHV1hsc	MPREb_FwtsQUdayr9	UCL5YsYJMZ-S5SU4_RQOWEPw	ym 2020s early mb albums p1
Into the Twilight	Jack White	Fear Of The Dawn	LIKE	5gMkxs3PNgo	MPREb_FwtsQUdayr9	UCL5YsYJMZ-S5SU4_RQOWEPw	ym 2020s early mb albums p1
Hi-De-Ho (feat. Q-Tip)	Jack White	Fear Of The Dawn	LIKE	ya8q3CfUPZU	MPREb_FwtsQUdayr9	UCL5YsYJMZ-S5SU4_RQOWEPw	ym 2020s early mb albums p1
Dusk	Jack White	Fear Of The Dawn	LIKE	sdt5jFGqoqg	MPREb_FwtsQUdayr9	UCL5YsYJMZ-S5SU4_RQOWEPw	ym 2020s early mb albums p1
Surround Sound (feat. 21 Savage & Baby Tate)	JID	The Forever Story (Extended Version)	LIKE	TnV7lwNXahI	MPREb_m6zbpBPg3Es	UCRlGNubLJBgW9VRCuiUnuYw	ym 2020s early mb albums p1
Stars (feat. Yasiin Bey)	JID	The Forever Story (Extended Version)	LIKE	fGOgJxuwVNs	MPREb_m6zbpBPg3Es	UCRlGNubLJBgW9VRCuiUnuYw	ym 2020s early mb albums p1
Money	JID	The Forever Story (Extended Version)	LIKE	kzy0ujPJ7JU	MPREb_m6zbpBPg3Es	UCRlGNubLJBgW9VRCuiUnuYw	ym 2020s early mb albums p1
Dance Now	JID	The Forever Story (Extended Version)	LIKE	xQZXmIwd_T8	MPREb_m6zbpBPg3Es	UCRlGNubLJBgW9VRCuiUnuYw	ym 2020s early mb albums p1
Crack Sandwich	JID	The Forever Story (Extended Version)	LIKE	iM6SaPk-qgQ	MPREb_m6zbpBPg3Es	UCRlGNubLJBgW9VRCuiUnuYw	ym 2020s early mb albums p1
2007	JID	The Forever Story (Extended Version)	LIKE	NGz-RGCi710	MPREb_m6zbpBPg3Es	UCRlGNubLJBgW9VRCuiUnuYw	ym 2020s early mb albums p1
Listen To The Wind	Icarus	Change	LIKE	Q6i9SMfaNno	MPREb_mSfl0aE2Jds	UC2mkISHdgCavX5_uchEOvlg	ym 2020s early mb albums p1
Last Night Felt Like The Future	Icarus	Change	LIKE	YsGbqmIQuxw	MPREb_mSfl0aE2Jds	UC2mkISHdgCavX5_uchEOvlg	ym 2020s early mb albums p1
Draw The Line	Icarus	Change	LIKE	M78Q6QyaV9U	MPREb_mSfl0aE2Jds	UC2mkISHdgCavX5_uchEOvlg	ym 2020s early mb albums p1
Dominoes	Icarus	Change	LIKE	8uc4xuOkOEk	MPREb_mSfl0aE2Jds	UC2mkISHdgCavX5_uchEOvlg	ym 2020s early mb albums p1
Change	Icarus	Change	LIKE	ZdNxsEy25a4	MPREb_mSfl0aE2Jds	UC2mkISHdgCavX5_uchEOvlg	ym 2020s early mb albums p1
Always Run	Icarus	Change	LIKE	4bOUjLCdW5w	MPREb_mSfl0aE2Jds	UC2mkISHdgCavX5_uchEOvlg	ym 2020s early mb albums p1
Waves	Hum	Inlet	LIKE	BjBosga1kMY	MPREb_tFfIPh2bMKo	UCjS6GlcGfBi56nQGFwwUCMQ	ym 2020s early mb albums p1
Solstice Izo	Hudson Mohawke	Poom Gems	LIKE	0sB2311EoAc	MPREb_g3WfNoR638b	UCB9xU4WcqTheZX69u2sYWeA	ym 2020s early mb albums p1
Solesaft	Hudson Mohawke	Poom Gems	LIKE	pv2TPQsNT2Q	MPREb_g3WfNoR638b	UCB9xU4WcqTheZX69u2sYWeA	ym 2020s early mb albums p1
Stump	Hudson Mohawke	Cry Sugar	LIKE	KRAQb95dYlw	MPREb_FExIAwJ4eUf	UCB9xU4WcqTheZX69u2sYWeA	ym 2020s early mb albums p1
Some Buzz	Hudson Mohawke	Cry Sugar	LIKE	MRh1OnFNols	MPREb_FExIAwJ4eUf	UCB9xU4WcqTheZX69u2sYWeA	ym 2020s early mb albums p1
Redeem	Hudson Mohawke	Cry Sugar	LIKE	vhCi0_jeNmo	MPREb_FExIAwJ4eUf	UCB9xU4WcqTheZX69u2sYWeA	ym 2020s early mb albums p1
Intentions	Hudson Mohawke	Cry Sugar	LIKE	gO3dKH_qsdQ	MPREb_FExIAwJ4eUf	UCB9xU4WcqTheZX69u2sYWeA	ym 2020s early mb albums p1
Bow	Hudson Mohawke	Cry Sugar	LIKE	1v3AeymGZps	MPREb_FExIAwJ4eUf	UCB9xU4WcqTheZX69u2sYWeA	ym 2020s early mb albums p1
3 Sheets To The Wind	Hudson Mohawke	Cry Sugar	LIKE	QyayKuAUO0k	MPREb_FExIAwJ4eUf	UCB9xU4WcqTheZX69u2sYWeA	ym 2020s early mb albums p1
The Guitar is Dead 3	Horsegirl	Versions of Modern Performance	LIKE	w-2-jTsAh_k	MPREb_Ywgy2D7Ink7	UCn5w9pdr8KbjV9XB71cp5mw	ym 2020s early mb albums p1
Live and Ski	Horsegirl	Versions of Modern Performance	LIKE	YB-dR97431s	MPREb_Ywgy2D7Ink7	UCn5w9pdr8KbjV9XB71cp5mw	ym 2020s early mb albums p1
Electrolocation 2	Horsegirl	Versions of Modern Performance	LIKE	yhzC0CJcXoU	MPREb_Ywgy2D7Ink7	UCn5w9pdr8KbjV9XB71cp5mw	ym 2020s early mb albums p1
Bog Bog 1	Horsegirl	Versions of Modern Performance	LIKE	0OikhTbteGc	MPREb_Ywgy2D7Ink7	UCn5w9pdr8KbjV9XB71cp5mw	ym 2020s early mb albums p1
Billy	Horsegirl	Versions of Modern Performance	LIKE	jgc_EEMtpcE	MPREb_Ywgy2D7Ink7	UCn5w9pdr8KbjV9XB71cp5mw	ym 2020s early mb albums p1
Anti-glory	Horsegirl	Versions of Modern Performance	LIKE	qBVvM_p1JW4	MPREb_Ywgy2D7Ink7	UCn5w9pdr8KbjV9XB71cp5mw	ym 2020s early mb albums p1
Watch Over Them	Horace Andy	Midnight Rocker	LIKE	4C5r8s6u5KU	MPREb_us1cgVCHy51	UC6FtczJEj05c3bLscIiyjKA	ym 2020s early mb albums p1
Today Is Right Here	Horace Andy	Midnight Rocker	LIKE	fehFTRerwu0	MPREb_us1cgVCHy51	UC6FtczJEj05c3bLscIiyjKA	ym 2020s early mb albums p1
This Must Be Hell	Horace Andy	Midnight Rocker	LIKE	i2zZJYbOplk	MPREb_us1cgVCHy51	UC6FtczJEj05c3bLscIiyjKA	ym 2020s early mb albums p1
Safe From Harm	Horace Andy	Midnight Rocker	LIKE	NExj1lu0OY0	MPREb_us1cgVCHy51	UC6FtczJEj05c3bLscIiyjKA	ym 2020s early mb albums p1
Easy Money	Horace Andy	Midnight Rocker	LIKE	rUDqfIVmqCE	MPREb_us1cgVCHy51	UC6FtczJEj05c3bLscIiyjKA	ym 2020s early mb albums p1
Schmetterling	Holy Wave	Interloper	LIKE	X6aeTacgGeU	MPREb_OMQVNpvG8zD	UC2qO7aL5hhhsS5v326P7eEw	ym 2020s early mb albums p1
Interloper	Holy Wave	Interloper	LIKE	tCwKCbNEz2Y	MPREb_OMQVNpvG8zD	UC2qO7aL5hhhsS5v326P7eEw	ym 2020s early mb albums p1
Escapism	Holy Wave	Interloper	LIKE	5mCv7dwYjHA	MPREb_OMQVNpvG8zD	UC2qO7aL5hhhsS5v326P7eEw	ym 2020s early mb albums p1
Sip Into Something Soft	Hiatus Kaiyote	Mood Valiant	LIKE	esFJgq5MZPk	MPREb_Tm1gxK4ZB6I	UCaX2FBQMB9NHFBOTVMF_wpQ	ym 2020s early mb albums p1
Hush Rattle	Hiatus Kaiyote	Mood Valiant	LIKE	XknI3m9N91s	MPREb_Tm1gxK4ZB6I	UCaX2FBQMB9NHFBOTVMF_wpQ	ym 2020s early mb albums p1
And We Go Gentle	Hiatus Kaiyote	Mood Valiant	LIKE	ibWtF5LEazg	MPREb_Tm1gxK4ZB6I	UCaX2FBQMB9NHFBOTVMF_wpQ	ym 2020s early mb albums p1
All The Words We Don't Say	Hiatus Kaiyote	Mood Valiant	LIKE	UBwHcZS3aZg	MPREb_Tm1gxK4ZB6I	UCaX2FBQMB9NHFBOTVMF_wpQ	ym 2020s early mb albums p1
Make Friends	Hiatus Kaiyote	Love Heart Cheat Code	LIKE	vzSCzAo5Om8	MPREb_hBlNGiPc96h	UCaX2FBQMB9NHFBOTVMF_wpQ	ym 2020s early mb albums p1
Longcat	Hiatus Kaiyote	Love Heart Cheat Code	LIKE	DXMGEEC0y6o	MPREb_hBlNGiPc96h	UCaX2FBQMB9NHFBOTVMF_wpQ	ym 2020s early mb albums p1
Tres Hermanos (feat. Dan Auerbach)	Hermanos Gutiérrez	El Bueno Y El Malo	LIKE	2bLn6K3v7SU	MPREb_OPPSu33KNKL	UC80iwcArxltADbfXSS9oGCQ	ym 2020s early mb albums p1
Thunderbird	Hermanos Gutiérrez	El Bueno Y El Malo	LIKE	5kaqGWCC6to	MPREb_OPPSu33KNKL	UC80iwcArxltADbfXSS9oGCQ	ym 2020s early mb albums p1
Los Amantes	Hermanos Gutiérrez	El Bueno Y El Malo	LIKE	SptYa7-TEkA	MPREb_OPPSu33KNKL	UC80iwcArxltADbfXSS9oGCQ	ym 2020s early mb albums p1
La Verdad	Hermanos Gutiérrez	El Bueno Y El Malo	LIKE	oMk4fVjrfwc	MPREb_OPPSu33KNKL	UC80iwcArxltADbfXSS9oGCQ	ym 2020s early mb albums p1
Hermosa Drive	Hermanos Gutiérrez	El Bueno Y El Malo	LIKE	rv_G1lHOUe4	MPREb_OPPSu33KNKL	UC80iwcArxltADbfXSS9oGCQ	ym 2020s early mb albums p1
El Bueno Y El Malo	Hermanos Gutiérrez	El Bueno Y El Malo	LIKE	ubic5jSQ82c	MPREb_OPPSu33KNKL	UC80iwcArxltADbfXSS9oGCQ	ym 2020s early mb albums p1
Dorado Valley	Hermanos Gutiérrez	El Bueno Y El Malo	LIKE	ZnuLT3HltXI	MPREb_OPPSu33KNKL	UC80iwcArxltADbfXSS9oGCQ	ym 2020s early mb albums p1
Stain	Helvetia	You Shot Past the Moon Scapegoat	LIKE	aQuaVZlfouA	MPREb_cRfjDlbKJqs	UC-3A6GVHy_a7gZievQlfCxQ	ym 2020s early mb albums p1
Replica	Helvetia	You Shot Past the Moon Scapegoat	LIKE	51xMlgQ9vV8	MPREb_cRfjDlbKJqs	UC-3A6GVHy_a7gZievQlfCxQ	ym 2020s early mb albums p1
New Fangs	Helvetia	You Shot Past the Moon Scapegoat	LIKE	dqCGZgtwT9I	MPREb_cRfjDlbKJqs	UC-3A6GVHy_a7gZievQlfCxQ	ym 2020s early mb albums p1
Hometown Dream	Helado Negro	Far In	LIKE	oetdwDCUfAY	MPREb_UzMEhfYmhCH	UCeksgbeXuzXfgGEqq9eErTg	ym 2020s early mb albums p1
Ripples in the Sand	Hans Zimmer	Dune (Original Motion Picture Soundtrack)	LIKE	a5Wq4OKY6SE	MPREb_kpQzTGLELYP	UCfCNL5oajlQBAlyjWv1ChVw	ym 2020s early mb albums p1
My Road Leads into the Desert 	Hans Zimmer	Dune (Original Motion Picture Soundtrack)	LIKE	ndynxoRSIj4	MPREb_kpQzTGLELYP	UCfCNL5oajlQBAlyjWv1ChVw	ym 2020s early mb albums p1
Storm	Hania Rani	On Giacometti	LIKE	21tD5Tg06f8	MPREb_qwyDiD7asAi	UCkBoNlyN9hWbq6uO_CqGeIg	ym 2020s early mb albums p1
Stampa	Hania Rani	On Giacometti	LIKE	COZ6-9ETOd0	MPREb_qwyDiD7asAi	UCkBoNlyN9hWbq6uO_CqGeIg	ym 2020s early mb albums p1
Spring	Hania Rani	On Giacometti	LIKE	dEfi8z3-YNk	MPREb_qwyDiD7asAi	UCkBoNlyN9hWbq6uO_CqGeIg	ym 2020s early mb albums p1
Morning	Hania Rani	On Giacometti	LIKE	6qMQNOqpPvs	MPREb_qwyDiD7asAi	UCkBoNlyN9hWbq6uO_CqGeIg	ym 2020s early mb albums p1
Dreamy	Hania Rani	On Giacometti	LIKE	p52l5PoAeiA	MPREb_qwyDiD7asAi	UCkBoNlyN9hWbq6uO_CqGeIg	ym 2020s early mb albums p1
Alberto	Hania Rani	On Giacometti	LIKE	KY2oUNBviRA	MPREb_qwyDiD7asAi	UCkBoNlyN9hWbq6uO_CqGeIg	ym 2020s early mb albums p1
Whispering House	Hania Rani	Ghosts	LIKE	NUJD1mKoOd8	MPREb_ty072Lcz78q	UCkBoNlyN9hWbq6uO_CqGeIg	ym 2020s early mb albums p1
Utrata	Hania Rani	Ghosts	LIKE	JQyHpe9gAZ0	MPREb_ty072Lcz78q	UCkBoNlyN9hWbq6uO_CqGeIg	ym 2020s early mb albums p1
Thin Line (feat. Duncan Bellamy)	Hania Rani	Ghosts	LIKE	w_FXW_t-LOA	MPREb_ty072Lcz78q	UCkBoNlyN9hWbq6uO_CqGeIg	ym 2020s early mb albums p1
The Boat	Hania Rani	Ghosts	LIKE	Hc7Bichvq6k	MPREb_ty072Lcz78q	UCkBoNlyN9hWbq6uO_CqGeIg	ym 2020s early mb albums p1
Nostalgia	Hania Rani	Ghosts	LIKE	6-K_T48TedU	MPREb_ty072Lcz78q	UCkBoNlyN9hWbq6uO_CqGeIg	ym 2020s early mb albums p1
Moans	Hania Rani	Ghosts	LIKE	Nk3XvwWr6nw	MPREb_ty072Lcz78q	UCkBoNlyN9hWbq6uO_CqGeIg	ym 2020s early mb albums p1
Komeda	Hania Rani	Ghosts	LIKE	Zgez33VqIaQ	MPREb_ty072Lcz78q	UCkBoNlyN9hWbq6uO_CqGeIg	ym 2020s early mb albums p1
Dancing with Ghosts (feat. Patrick Watson)	Hania Rani	Ghosts	LIKE	q0GOJxhjYEQ	MPREb_ty072Lcz78q	UCkBoNlyN9hWbq6uO_CqGeIg	ym 2020s early mb albums p1
A Day in Never	Hania Rani	Ghosts	LIKE	5Dvq1HePJbE	MPREb_ty072Lcz78q	UCkBoNlyN9hWbq6uO_CqGeIg	ym 2020s early mb albums p1
24.03	Hania Rani	Ghosts	LIKE	5Fi5e1F9_XQ	MPREb_ty072Lcz78q	UCkBoNlyN9hWbq6uO_CqGeIg	ym 2020s early mb albums p1
Hallelujah (Bonus Track)	HAIM	Women In Music Pt. III	LIKE	uGVVdrZvwnU	MPREb_Tq6tLnhLirT	UCxUTLbpwMNwO6g8kx-BHdQg	ym 2020s early mb albums p1
Another Try	HAIM	Women In Music Pt. III	LIKE	XsnjT-1pjlM	MPREb_Tq6tLnhLirT	UCxUTLbpwMNwO6g8kx-BHdQg	ym 2020s early mb albums p1
3 AM (feat. Thundercat)	HAIM	Women In Music Pt. III	LIKE	ToZlMUPoChE	MPREb_Tq6tLnhLirT	UCxUTLbpwMNwO6g8kx-BHdQg	ym 2020s early mb albums p1
3 AM	HAIM	Women In Music Pt. III	LIKE	wionqGyMmjE	MPREb_Tq6tLnhLirT	UCxUTLbpwMNwO6g8kx-BHdQg	ym 2020s early mb albums p1
So Heavy I Fell Through the Earth (Art Mix)	Grimes	Miss Anthropocene	LIKE	bFxORIkGz2g	MPREb_FMCIj6Eig1E	UCzVh-F-RZdTHGV3S1o4KBWQ	ym 2020s early mb albums p1
My Name is Dark (Art Mix)	Grimes	Miss Anthropocene	LIKE	vVRSHnuy3MY	MPREb_FMCIj6Eig1E	UCzVh-F-RZdTHGV3S1o4KBWQ	ym 2020s early mb albums p1
IDORU	Grimes	Miss Anthropocene	LIKE	KA2dH6ko398	MPREb_FMCIj6Eig1E	UCzVh-F-RZdTHGV3S1o4KBWQ	ym 2020s early mb albums p1
The Score	Grian Chatten	Chaos For The Fly	LIKE	HaLNg0a8IXs	MPREb_ubNWmZKkPSB	UCtyStxL4LFHxbGBOf2Iedvw	ym 2020s early mb albums p1
Last Time Every Time Forever	Grian Chatten	Chaos For The Fly	LIKE	EtiSuQXtRZE	MPREb_ubNWmZKkPSB	UCtyStxL4LFHxbGBOf2Iedvw	ym 2020s early mb albums p1
Bob's Casino	Grian Chatten	Chaos For The Fly	LIKE	svPa-E4FPzE	MPREb_ubNWmZKkPSB	UCtyStxL4LFHxbGBOf2Iedvw	ym 2020s early mb albums p1
This Sound	Greentea Peng	MAN MADE	LIKE	xx1qxtP1RlQ	MPREb_LGMDy2AoQvh	UCLi9BEXTwUeCdrp9Mt0Oxbg	ym 2020s early mb albums p1
Make Noise	Greentea Peng	MAN MADE	LIKE	Dyfj-vz5Ipw	MPREb_LGMDy2AoQvh	UCLi9BEXTwUeCdrp9Mt0Oxbg	ym 2020s early mb albums p1
Dingaling	Greentea Peng	MAN MADE	LIKE	06cQ_PrwDXc	MPREb_LGMDy2AoQvh	UCLi9BEXTwUeCdrp9Mt0Oxbg	ym 2020s early mb albums p1
Be Careful	Greentea Peng	MAN MADE	LIKE	TY96eHH6_BE	MPREb_LGMDy2AoQvh	UCLi9BEXTwUeCdrp9Mt0Oxbg	ym 2020s early mb albums p1
With Love To An Ex (feat. Moonchild Sanelly)	Gorillaz	Song Machine, Season One: Strange Timez (Deluxe)	LIKE	uYN3XPpUIO8	MPREb_F0M2P7g4IQA	UCNIV5B_aJnLrKDSnW_MOmcQ	ym 2020s early mb albums p1
The Valley of The Pagans (feat. Beck)	Gorillaz	Song Machine, Season One: Strange Timez (Deluxe)	LIKE	QWAPZ7t1s6k	MPREb_F0M2P7g4IQA	UCNIV5B_aJnLrKDSnW_MOmcQ	ym 2020s early mb albums p1
The Lost Chord (feat. Leee John)	Gorillaz	Song Machine, Season One: Strange Timez (Deluxe)	LIKE	rBkKG8Nae1E	MPREb_F0M2P7g4IQA	UCNIV5B_aJnLrKDSnW_MOmcQ	ym 2020s early mb albums p1
Simplicity (feat. Joan As Police Woman)	Gorillaz	Song Machine, Season One: Strange Timez (Deluxe)	LIKE	gt9F4-MoKyw	MPREb_F0M2P7g4IQA	UCNIV5B_aJnLrKDSnW_MOmcQ	ym 2020s early mb albums p1
Severed Head (feat. Goldlink, Unknown Mortal Orchestra & Goldlink and Unknown Mortal Orchestra)	Gorillaz	Song Machine, Season One: Strange Timez (Deluxe)	LIKE	oAdjg7p7Y1o	MPREb_F0M2P7g4IQA	UCNIV5B_aJnLrKDSnW_MOmcQ	ym 2020s early mb albums p1
Pac-Man (feat. ScHoolboy Q)	Gorillaz	Song Machine, Season One: Strange Timez (Deluxe)	LIKE	KPPUYijUvYw	MPREb_F0M2P7g4IQA	UCNIV5B_aJnLrKDSnW_MOmcQ	ym 2020s early mb albums p1
Opium (feat. EARTHGANG)	Gorillaz	Song Machine, Season One: Strange Timez (Deluxe)	LIKE	Idt5gNZGi9Q	MPREb_F0M2P7g4IQA	UCNIV5B_aJnLrKDSnW_MOmcQ	ym 2020s early mb albums p1
Momentary Bliss (feat. slowthai, Slaves & slowthai and Slaves)	Gorillaz	Song Machine, Season One: Strange Timez (Deluxe)	LIKE	dcwxoCBGxfQ	MPREb_F0M2P7g4IQA	UCNIV5B_aJnLrKDSnW_MOmcQ	ym 2020s early mb albums p1
MLS (feat. JPEGMAFIA, CHAI & JPEGMAFIA and CHAI)	Gorillaz	Song Machine, Season One: Strange Timez (Deluxe)	LIKE	jmsQMK7xzXk	MPREb_F0M2P7g4IQA	UCNIV5B_aJnLrKDSnW_MOmcQ	ym 2020s early mb albums p1
How Far? (feat. Tony Allen, Skepta & Tony Allen and Skepta)	Gorillaz	Song Machine, Season One: Strange Timez (Deluxe)	LIKE	UdVoCYT1tls	MPREb_F0M2P7g4IQA	UCNIV5B_aJnLrKDSnW_MOmcQ	ym 2020s early mb albums p1
Désolé [Extended Version] (feat. Fatoumata Diawara)	Gorillaz	Song Machine, Season One: Strange Timez (Deluxe)	LIKE	r1DR3s_esLE	MPREb_F0M2P7g4IQA	UCNIV5B_aJnLrKDSnW_MOmcQ	ym 2020s early mb albums p1
Aries (feat. Peter Hook, Georgia & Peter Hook and Georgia)	Gorillaz	Song Machine, Season One: Strange Timez (Deluxe)	LIKE	Z-A5Q74jo_0	MPREb_F0M2P7g4IQA	UCNIV5B_aJnLrKDSnW_MOmcQ	ym 2020s early mb albums p1
The Tired Influencer	Gorillaz	Cracker Island	LIKE	eVFS-9QO6Dc	MPREb_KILg4o6v8f2	UCNIV5B_aJnLrKDSnW_MOmcQ	ym 2020s early mb albums p1
Tarantula	Gorillaz	Cracker Island	LIKE	GfpJXL7qVwI	MPREb_KILg4o6v8f2	UCNIV5B_aJnLrKDSnW_MOmcQ	ym 2020s early mb albums p1
Possession Island (feat. Beck)	Gorillaz	Cracker Island	LIKE	X9L3UWPRR6M	MPREb_KILg4o6v8f2	UCNIV5B_aJnLrKDSnW_MOmcQ	ym 2020s early mb albums p1
New Gold (feat. Tame Impala & Bootie Brown)	Gorillaz	Cracker Island	LIKE	K03lsjW0HQk	MPREb_KILg4o6v8f2	UCNIV5B_aJnLrKDSnW_MOmcQ	ym 2020s early mb albums p1
Cracker Island (feat. Thundercat)	Gorillaz	Cracker Island	LIKE	7f0K30fDgS0	MPREb_KILg4o6v8f2	UCNIV5B_aJnLrKDSnW_MOmcQ	ym 2020s early mb albums p1
Baby Queen	Gorillaz	Cracker Island	LIKE	OsexigbYj4o	MPREb_KILg4o6v8f2	UCNIV5B_aJnLrKDSnW_MOmcQ	ym 2020s early mb albums p1
Mahal	Glass Beams	Mahal	LIKE	0kzzdmyiND0	MPREb_gnhoBS7WsdO	UCcT6dA3rQ_EhHlG5Wu8mitg	ym 2020s early mb albums p1
Your Love (Déjà Vu)	Glass Animals	Dreamland	LIKE	wCoaPtaeSPw	MPREb_8nfkkpxSV9M	UCfeJiV0Xu-C4z4DApRcznig	ym 2020s early mb albums p1
Waterfalls Coming Out Your Mouth	Glass Animals	Dreamland	LIKE	xUqjPOYOOBY	MPREb_8nfkkpxSV9M	UCfeJiV0Xu-C4z4DApRcznig	ym 2020s early mb albums p1
Tokyo Drifting	Glass Animals	Dreamland	LIKE	ZgfYwoci2dw	MPREb_8nfkkpxSV9M	UCfeJiV0Xu-C4z4DApRcznig	ym 2020s early mb albums p1
Tangerine	Glass Animals	Dreamland	LIKE	jB2tIfKpIuQ	MPREb_8nfkkpxSV9M	UCfeJiV0Xu-C4z4DApRcznig	ym 2020s early mb albums p1
Hot Sugar	Glass Animals	Dreamland	LIKE	xcr4njTar0s	MPREb_8nfkkpxSV9M	UCfeJiV0Xu-C4z4DApRcznig	ym 2020s early mb albums p1
Susan Maybe	Gigi Masin	Calypso	LIKE	gxixqtsOJAc	MPREb_7hEBRpHnNIR	UCD2K6-P7HGmA3OKhtecWUDg	ym 2020s early mb albums p1
Calypso	Gigi Masin	Calypso	LIKE	jIf3KqoaMwk	MPREb_7hEBRpHnNIR	UCD2K6-P7HGmA3OKhtecWUDg	ym 2020s early mb albums p1
Bellamore	Gigi Masin	Calypso	LIKE	VL_-pwyxUgY	MPREb_7hEBRpHnNIR	UCD2K6-P7HGmA3OKhtecWUDg	ym 2020s early mb albums p1
Started Out	Georgia	Seeking Thrills	LIKE	0KIo4krtAfI	MPREb_qwIYUK1ubPw	UCxvAuT4teHaw0hwN__QGNMw	ym 2020s early mb albums p1
Undoer	Geese	3D Country	LIKE	s8apCa3CRqE	MPREb_CKqbTFcsFXU	UCJuKGgCDDfy3adQEoDE58_g	ym 2020s early mb albums p1
I See Myself	Geese	3D Country	LIKE	1CRvSUeL7GI	MPREb_CKqbTFcsFXU	UCJuKGgCDDfy3adQEoDE58_g	ym 2020s early mb albums p1
Gravity Blues	Geese	3D Country	LIKE	tyPkVKtbNUY	MPREb_CKqbTFcsFXU	UCJuKGgCDDfy3adQEoDE58_g	ym 2020s early mb albums p1
Crusades	Geese	3D Country	LIKE	B-hiIe-Kcd8	MPREb_CKqbTFcsFXU	UCJuKGgCDDfy3adQEoDE58_g	ym 2020s early mb albums p1
Weightless in L.A	GUM	Out In The World	LIKE	GYVD_qrBXi8	MPREb_Iwa1s3NxE6k	UC4FKlRxemR7reIi_vmmPjhw	ym 2020s early mb albums p1
The Thrill Of Doing It Right	GUM	Out In The World	LIKE	Eu1EQfxn1Fk	MPREb_Iwa1s3NxE6k	UC4FKlRxemR7reIi_vmmPjhw	ym 2020s early mb albums p1
Out In The World	GUM	Out In The World	LIKE	EpZaCX1EbAc	MPREb_Iwa1s3NxE6k	UC4FKlRxemR7reIi_vmmPjhw	ym 2020s early mb albums p1
Many Tears To Cry	GUM	Out In The World	LIKE	77F24JJpDVM	MPREb_Iwa1s3NxE6k	UC4FKlRxemR7reIi_vmmPjhw	ym 2020s early mb albums p1
Low To Low	GUM	Out In The World	LIKE	z8qLc868GgI	MPREb_Iwa1s3NxE6k	UC4FKlRxemR7reIi_vmmPjhw	ym 2020s early mb albums p1
Time Collapse	Fuzz	III	LIKE	J_Xio_X5rFA	MPREb_CkteLhwB8Kc	UCZ5wcF_rfHH6bgLejJjqFMw	ym 2020s early mb albums p1
Blind to Vines	Fuzz	III	LIKE	TQ7qxXOcruw	MPREb_CkteLhwB8Kc	UCZ5wcF_rfHH6bgLejJjqFMw	ym 2020s early mb albums p1
King of Sweden	Future Islands	People Who Aren’t There Anymore	LIKE	CYi1TFkMCw8	MPREb_dbtEUwJsyRz	UCdNPLyZ46MPYkRy2yOYsYfQ	ym 2020s early mb albums p1
For Sure	Future Islands	As Long As You Are	LIKE	s2155BtMLRE	MPREb_nBd5xAEqaog	UCdNPLyZ46MPYkRy2yOYsYfQ	ym 2020s early mb albums p1
Rabbit Island	Freddie Gibbs	You Only Die 1nce	LIKE	ZZwSg2iPXe8	MPREb_feZjWEW7MDt	UCTwMinUabRPEhNiMP9wgXAA	ym 2020s early mb albums p1
On The Set	Freddie Gibbs	You Only Die 1nce	LIKE	GY2LdoV-spU	MPREb_feZjWEW7MDt	UCTwMinUabRPEhNiMP9wgXAA	ym 2020s early mb albums p1
Something to Rap About (feat. Tyler, The Creator)	Freddie Gibbs	Alfredo	LIKE	UHzY8g13tQc	MPREb_tpOks8GBUtI	UCTwMinUabRPEhNiMP9wgXAA	ym 2020s early mb albums p1
Skinny Suge	Freddie Gibbs	Alfredo	LIKE	j19rYMniJkw	MPREb_tpOks8GBUtI	UCTwMinUabRPEhNiMP9wgXAA	ym 2020s early mb albums p1
Scottie Beam	Freddie Gibbs	Alfredo	LIKE	frhUMF6Y0Qg	MPREb_tpOks8GBUtI	UCTwMinUabRPEhNiMP9wgXAA	ym 2020s early mb albums p1
Frank Lucas (feat. Benny the Butcher)	Freddie Gibbs	Alfredo	LIKE	D30iyAd3rtw	MPREb_tpOks8GBUtI	UCTwMinUabRPEhNiMP9wgXAA	ym 2020s early mb albums p1
1985	Freddie Gibbs	Alfredo	LIKE	Tth8cgSp2QQ	MPREb_tpOks8GBUtI	UCTwMinUabRPEhNiMP9wgXAA	ym 2020s early mb albums p1
ten	Fred again..	ten days	LIKE	ZMwJ6R9BE48	MPREb_XVx1AEiFopG	UCvA7ExlBsBUb5XQEYzJC1ww	ym 2020s early mb albums p1
glow	Fred again..	ten days	LIKE	JndvqmDRhLs	MPREb_XVx1AEiFopG	UCvA7ExlBsBUb5XQEYzJC1ww	ym 2020s early mb albums p1
.ten	Fred again..	ten days	LIKE	hl742wmqGvI	MPREb_XVx1AEiFopG	UCvA7ExlBsBUb5XQEYzJC1ww	ym 2020s early mb albums p1
Chest	Fred again..	Secret Life	LIKE	Dy2SzxCDYSM	MPREb_NmtB7jQ794K	UCvA7ExlBsBUb5XQEYzJC1ww	ym 2020s early mb albums p1
Billie (loving arms)	Fred again..	Actual Life 2 (February 2 - October 15 2021)	LIKE	ylBng2jQvfY	MPREb_eZ5KwgqtePa	UCvA7ExlBsBUb5XQEYzJC1ww	ym 2020s early mb albums p1
Yasminah (see your face again)	Fred again..	Actual Life (April 14 - December 17 2020)	LIKE	yXO7RtLdS7A	MPREb_Lil7rloGsF4	UCvA7ExlBsBUb5XQEYzJC1ww	ym 2020s early mb albums p1
Sabrina (i am a party)	Fred again..	Actual Life (April 14 - December 17 2020)	LIKE	tGsNjTfFAvc	MPREb_Lil7rloGsF4	UCvA7ExlBsBUb5XQEYzJC1ww	ym 2020s early mb albums p1
Kyle (i found you)	Fred again..	Actual Life (April 14 - December 17 2020)	LIKE	Ci1KQhYZvMs	MPREb_Lil7rloGsF4	UCvA7ExlBsBUb5XQEYzJC1ww	ym 2020s early mb albums p1
Storm Crystals	Four Tet	Three	LIKE	ir-pdLuOz88	MPREb_2XA7lrEoWN0	UCd6q-S_HAePombe72bczCkA	ym 2020s early mb albums p1
Skater	Four Tet	Three	LIKE	1BPEhDTscqE	MPREb_2XA7lrEoWN0	UCd6q-S_HAePombe72bczCkA	ym 2020s early mb albums p1
Loved	Four Tet	Three	LIKE	Qu4gfmeeDaY	MPREb_2XA7lrEoWN0	UCd6q-S_HAePombe72bczCkA	ym 2020s early mb albums p1
31 Bloom	Four Tet	Three	LIKE	XwFvnS9R6Qg	MPREb_2XA7lrEoWN0	UCd6q-S_HAePombe72bczCkA	ym 2020s early mb albums p1
Teenage Birdsong	Four Tet	Sixteen Oceans	LIKE	yYEq9ZhZvl8	MPREb_gvm4Kl6rNsJ	UCd6q-S_HAePombe72bczCkA	ym 2020s early mb albums p1
Something in the Sadness	Four Tet	Sixteen Oceans	LIKE	GDbJ50tfRfw	MPREb_gvm4Kl6rNsJ	UCd6q-S_HAePombe72bczCkA	ym 2020s early mb albums p1
School	Four Tet	Sixteen Oceans	LIKE	ZPREjok9YIU	MPREb_gvm4Kl6rNsJ	UCd6q-S_HAePombe72bczCkA	ym 2020s early mb albums p1
Romantics	Four Tet	Sixteen Oceans	LIKE	ks3qR32qzWg	MPREb_gvm4Kl6rNsJ	UCd6q-S_HAePombe72bczCkA	ym 2020s early mb albums p1
Mama Teaches Sanskrit	Four Tet	Sixteen Oceans	LIKE	usqUCenkYhY	MPREb_gvm4Kl6rNsJ	UCd6q-S_HAePombe72bczCkA	ym 2020s early mb albums p1
Insect Near Piha Beach	Four Tet	Sixteen Oceans	LIKE	exYtXUxe5d4	MPREb_gvm4Kl6rNsJ	UCd6q-S_HAePombe72bczCkA	ym 2020s early mb albums p1
Hi Hello	Four Tet	Sixteen Oceans	LIKE	Bb2gz4ELKLY	MPREb_gvm4Kl6rNsJ	UCd6q-S_HAePombe72bczCkA	ym 2020s early mb albums p1
Harpsichord	Four Tet	Sixteen Oceans	LIKE	7eOfFmI62lM	MPREb_gvm4Kl6rNsJ	UCd6q-S_HAePombe72bczCkA	ym 2020s early mb albums p1
Baby	Four Tet	Sixteen Oceans	LIKE	BhvEtB5m7yM	MPREb_gvm4Kl6rNsJ	UCd6q-S_HAePombe72bczCkA	ym 2020s early mb albums p1
4T Recordings	Four Tet	Sixteen Oceans	LIKE	ypD4PN626zI	MPREb_gvm4Kl6rNsJ	UCd6q-S_HAePombe72bczCkA	ym 2020s early mb albums p1
Parallel 9	Four Tet	Parallel	LIKE	TzEhAhL1P48	MPREb_hjHG6wGi3b9	UCd6q-S_HAePombe72bczCkA	ym 2020s early mb albums p1
Parallel 6	Four Tet	Parallel	LIKE	wB_pkQg1G8M	MPREb_hjHG6wGi3b9	UCd6q-S_HAePombe72bczCkA	ym 2020s early mb albums p1
Parallel 4	Four Tet	Parallel	LIKE	5aSNc3eWs5c	MPREb_hjHG6wGi3b9	UCd6q-S_HAePombe72bczCkA	ym 2020s early mb albums p1
Parallel 3	Four Tet	Parallel	LIKE	JFCU-T4gLSI	MPREb_hjHG6wGi3b9	UCd6q-S_HAePombe72bczCkA	ym 2020s early mb albums p1
Parallel 2	Four Tet	Parallel	LIKE	K2OIYw1TfAM	MPREb_hjHG6wGi3b9	UCd6q-S_HAePombe72bczCkA	ym 2020s early mb albums p1
The Low	Forest Swords	Bolted	LIKE	hk7k9YC6E1Y	MPREb_1y8wScFUfck	UCsIRWWLzm_nzDkKipCE349A	ym 2020s early mb albums p1
Night Sculpture	Forest Swords	Bolted	LIKE	ImPeDo3Q4ko	MPREb_1y8wScFUfck	UCsIRWWLzm_nzDkKipCE349A	ym 2020s early mb albums p1
Munitions	Forest Swords	Bolted	LIKE	1BJ3ht1Zfak	MPREb_1y8wScFUfck	UCsIRWWLzm_nzDkKipCE349A	ym 2020s early mb albums p1
Chain Link	Forest Swords	Bolted	LIKE	_ZoAebkJqhQ	MPREb_1y8wScFUfck	UCsIRWWLzm_nzDkKipCE349A	ym 2020s early mb albums p1
Rescued	Foo Fighters	But Here We Are	LIKE	f_W2FyI1giU	MPREb_MBzrfM1jsmU	UCwDw2KaS8jRUxAPScL2U8og	ym 2020s early mb albums p1
Hearing Voices	Foo Fighters	But Here We Are	LIKE	P3KoSFRPjb8	MPREb_MBzrfM1jsmU	UCwDw2KaS8jRUxAPScL2U8og	ym 2020s early mb albums p1
Skinty Fia	Fontaines D.C.	Skinty Fia	LIKE	fp2mijuLkxU	MPREb_bhruf0XX7Ec	UC0nEcTGDKDsdF4KcCh3-NUQ	ym 2020s early mb albums p1
Roman Holiday	Fontaines D.C.	Skinty Fia	LIKE	QgddyyWQid0	MPREb_bhruf0XX7Ec	UC0nEcTGDKDsdF4KcCh3-NUQ	ym 2020s early mb albums p1
Jackie Down The Line	Fontaines D.C.	Skinty Fia	LIKE	tWTU4y_t3a8	MPREb_bhruf0XX7Ec	UC0nEcTGDKDsdF4KcCh3-NUQ	ym 2020s early mb albums p1
In ár gCroíthe go deo	Fontaines D.C.	Skinty Fia	LIKE	e640yf-ZtnM	MPREb_bhruf0XX7Ec	UC0nEcTGDKDsdF4KcCh3-NUQ	ym 2020s early mb albums p1
I Love You	Fontaines D.C.	Skinty Fia	LIKE	_w5b7Kf1E-k	MPREb_bhruf0XX7Ec	UC0nEcTGDKDsdF4KcCh3-NUQ	ym 2020s early mb albums p1
Bloomsday	Fontaines D.C.	Skinty Fia	LIKE	6zRs2UZCtM0	MPREb_bhruf0XX7Ec	UC0nEcTGDKDsdF4KcCh3-NUQ	ym 2020s early mb albums p1
Big Shot	Fontaines D.C.	Skinty Fia	LIKE	8ZF8hmBW-WM	MPREb_bhruf0XX7Ec	UC0nEcTGDKDsdF4KcCh3-NUQ	ym 2020s early mb albums p1
Starburster	Fontaines D.C.	Romance	LIKE	aq6a3LMcezM	MPREb_lbRoC1uO7Oc	UC0nEcTGDKDsdF4KcCh3-NUQ	ym 2020s early mb albums p1
Desire	Fontaines D.C.	Romance	LIKE	FG36p4AEs3w	MPREb_lbRoC1uO7Oc	UC0nEcTGDKDsdF4KcCh3-NUQ	ym 2020s early mb albums p1
Televised Mind	Fontaines D.C.	A Hero's Death	LIKE	qNbTRVLefyI	MPREb_S8Z4NC3kgyl	UC0nEcTGDKDsdF4KcCh3-NUQ	ym 2020s early mb albums p1
Sunny	Fontaines D.C.	A Hero's Death	LIKE	SOjleYuOEVQ	MPREb_S8Z4NC3kgyl	UC0nEcTGDKDsdF4KcCh3-NUQ	ym 2020s early mb albums p1
I Don't Belong	Fontaines D.C.	A Hero's Death	LIKE	R--lwMxM1lI	MPREb_S8Z4NC3kgyl	UC0nEcTGDKDsdF4KcCh3-NUQ	ym 2020s early mb albums p1
A Hero's Death	Fontaines D.C.	A Hero's Death	LIKE	G5w2F1fUK8w	MPREb_S8Z4NC3kgyl	UC0nEcTGDKDsdF4KcCh3-NUQ	ym 2020s early mb albums p1
Your Screams	Flying Lotus	Yasuke	LIKE	YS1_n_jc-uA	MPREb_N3vCMImc4Q8	UCJvOvKwxPEL-4RtSvu_nWhQ	ym 2020s early mb albums p1
Your Lord	Flying Lotus	Yasuke	LIKE	WDUQjSjll3g	MPREb_N3vCMImc4Q8	UCJvOvKwxPEL-4RtSvu_nWhQ	ym 2020s early mb albums p1
Your Head // We Won	Flying Lotus	Yasuke	LIKE	k3rDK-9b7cY	MPREb_N3vCMImc4Q8	UCJvOvKwxPEL-4RtSvu_nWhQ	ym 2020s early mb albums p1
Your Day Off	Flying Lotus	Yasuke	LIKE	1JvJKGlKMko	MPREb_N3vCMImc4Q8	UCJvOvKwxPEL-4RtSvu_nWhQ	ym 2020s early mb albums p1
This Cursed Life	Flying Lotus	Yasuke	LIKE	Of4QMgyLAek	MPREb_N3vCMImc4Q8	UCJvOvKwxPEL-4RtSvu_nWhQ	ym 2020s early mb albums p1
Survivors	Flying Lotus	Yasuke	LIKE	2Njuaqj6h74	MPREb_N3vCMImc4Q8	UCJvOvKwxPEL-4RtSvu_nWhQ	ym 2020s early mb albums p1
Shoreline Sus	Flying Lotus	Yasuke	LIKE	PtV4UlHkTPs	MPREb_N3vCMImc4Q8	UCJvOvKwxPEL-4RtSvu_nWhQ	ym 2020s early mb albums p1
Sachi	Flying Lotus	Yasuke	LIKE	XZSE1xTGPjo	MPREb_N3vCMImc4Q8	UCJvOvKwxPEL-4RtSvu_nWhQ	ym 2020s early mb albums p1
Pain and Blood	Flying Lotus	Yasuke	LIKE	cS1rLDBeDz0	MPREb_N3vCMImc4Q8	UCJvOvKwxPEL-4RtSvu_nWhQ	ym 2020s early mb albums p1
Mind Flight	Flying Lotus	Yasuke	LIKE	WhmC3XzWZrE	MPREb_N3vCMImc4Q8	UCJvOvKwxPEL-4RtSvu_nWhQ	ym 2020s early mb albums p1
Hiding in the Shadows (feat. Niki Randa)	Flying Lotus	Yasuke	LIKE	inxJfA15GmY	MPREb_N3vCMImc4Q8	UCJvOvKwxPEL-4RtSvu_nWhQ	ym 2020s early mb albums p1
Fighting Without Honor	Flying Lotus	Yasuke	LIKE	viNEZq3Rb_8	MPREb_N3vCMImc4Q8	UCJvOvKwxPEL-4RtSvu_nWhQ	ym 2020s early mb albums p1
Enchanted	Flying Lotus	Yasuke	LIKE	GKugCo_eeks	MPREb_N3vCMImc4Q8	UCJvOvKwxPEL-4RtSvu_nWhQ	ym 2020s early mb albums p1
Crust	Flying Lotus	Yasuke	LIKE	cfhN0dgU3ag	MPREb_N3vCMImc4Q8	UCJvOvKwxPEL-4RtSvu_nWhQ	ym 2020s early mb albums p1
Black Gold (feat. Thundercat)	Flying Lotus	Yasuke	LIKE	rGa0JbAZtTE	MPREb_N3vCMImc4Q8	UCJvOvKwxPEL-4RtSvu_nWhQ	ym 2020s early mb albums p1
The Lost Girls	Flying Lotus	Spirit Box	LIKE	r7MEZYxcDik	MPREb_zpG58jxIoaT	UCJvOvKwxPEL-4RtSvu_nWhQ	ym 2020s early mb albums p1
Let Me Cook (Instrumental)	Flying Lotus	Spirit Box	LIKE	UBt3L5lU1AM	MPREb_zpG58jxIoaT	UCJvOvKwxPEL-4RtSvu_nWhQ	ym 2020s early mb albums p1
Let Me Cook	Flying Lotus	Spirit Box	LIKE	6aM8rrvXGQo	MPREb_zpG58jxIoaT	UCJvOvKwxPEL-4RtSvu_nWhQ	ym 2020s early mb albums p1
Ingo Swann	Flying Lotus	Spirit Box	LIKE	WQ_9Wzg_P4Q	MPREb_zpG58jxIoaT	UCJvOvKwxPEL-4RtSvu_nWhQ	ym 2020s early mb albums p1
Garmonbozia	Flying Lotus	Spirit Box	LIKE	OvKtPdymQgE	MPREb_zpG58jxIoaT	UCJvOvKwxPEL-4RtSvu_nWhQ	ym 2020s early mb albums p1
Ajhussi	Flying Lotus	Spirit Box	LIKE	E-BbWldXfJk	MPREb_zpG58jxIoaT	UCJvOvKwxPEL-4RtSvu_nWhQ	ym 2020s early mb albums p1
Sirens (feat. Caroline Polachek)	Flume	Palaces	LIKE	hghyumkP6FE	MPREb_HLU4ajrAzcU	UCEdhHl4ZB0JXIinqZ367F6w	ym 2020s early mb albums p1
Palaces (feat. Damon Albarn)	Flume	Palaces	LIKE	codNQoAOUoE	MPREb_HLU4ajrAzcU	UCEdhHl4ZB0JXIinqZ367F6w	ym 2020s early mb albums p1
Love Light	Flume	Palaces	LIKE	7rcz7512PUs	MPREb_HLU4ajrAzcU	UCEdhHl4ZB0JXIinqZ367F6w	ym 2020s early mb albums p1
Jasper's Song	Flume	Palaces	LIKE	fJPxXU-sC9c	MPREb_HLU4ajrAzcU	UCEdhHl4ZB0JXIinqZ367F6w	ym 2020s early mb albums p1
I Can't Tell (feat. LAUREL)	Flume	Palaces	LIKE	idPIGcXn0dM	MPREb_HLU4ajrAzcU	UCEdhHl4ZB0JXIinqZ367F6w	ym 2020s early mb albums p1
Go	Flume	Palaces	LIKE	tr-0ESxliZA	MPREb_HLU4ajrAzcU	UCEdhHl4ZB0JXIinqZ367F6w	ym 2020s early mb albums p1
ESCAPE (feat. KUCKA)	Flume	Palaces	LIKE	vmItWf7bAdM	MPREb_HLU4ajrAzcU	UCEdhHl4ZB0JXIinqZ367F6w	ym 2020s early mb albums p1
DHLC	Flume	Palaces	LIKE	MBio23_v6u0	MPREb_HLU4ajrAzcU	UCEdhHl4ZB0JXIinqZ367F6w	ym 2020s early mb albums p1
Movement 8	Floating Points, Pharoah Sanders, & The London Symphony Orchestra	Promises	LIKE	VL5HdIhgsiQ	MPREb_ZZsSUVTqG5U		ym 2020s early mb albums p1
Movement 7	Floating Points, Pharoah Sanders, & The London Symphony Orchestra	Promises	LIKE	gT7Ppc7VtxI	MPREb_ZZsSUVTqG5U		ym 2020s early mb albums p1
Movement 6	Floating Points, Pharoah Sanders, & The London Symphony Orchestra	Promises	LIKE	Sp251kcTARY	MPREb_ZZsSUVTqG5U		ym 2020s early mb albums p1
Movement 5	Floating Points, Pharoah Sanders, & The London Symphony Orchestra	Promises	LIKE	HSk7hD3t0SM	MPREb_ZZsSUVTqG5U		ym 2020s early mb albums p1
Movement 4	Floating Points, Pharoah Sanders, & The London Symphony Orchestra	Promises	LIKE	i6g5wrv4wrw	MPREb_ZZsSUVTqG5U		ym 2020s early mb albums p1
Movement 3	Floating Points, Pharoah Sanders, & The London Symphony Orchestra	Promises	LIKE	b52g-Lr5pco	MPREb_ZZsSUVTqG5U		ym 2020s early mb albums p1
Movement 2	Floating Points, Pharoah Sanders, & The London Symphony Orchestra	Promises	LIKE	dWoFo5GpkZc	MPREb_ZZsSUVTqG5U		ym 2020s early mb albums p1
Movement 1	Floating Points, Pharoah Sanders, & The London Symphony Orchestra	Promises	LIKE	tEjnkwnluWc	MPREb_ZZsSUVTqG5U		ym 2020s early mb albums p1
Ocotillo	Floating Points	Cascade	LIKE	sSjGj3_2Z4o	MPREb_aqBpoQGU9Lc	UCHLmGIlqt6qD8JlWIlWhs0A	ym 2020s early mb albums p1
Key103	Floating Points	Cascade	LIKE	4yzW6E8iCls	MPREb_aqBpoQGU9Lc	UCHLmGIlqt6qD8JlWIlWhs0A	ym 2020s early mb albums p1
Fast Forward	Floating Points	Cascade	LIKE	EwOp7H-DmnQ	MPREb_aqBpoQGU9Lc	UCHLmGIlqt6qD8JlWIlWhs0A	ym 2020s early mb albums p1
Birth4000	Floating Points	Cascade	LIKE	FClPu5aA8EE	MPREb_aqBpoQGU9Lc	UCHLmGIlqt6qD8JlWIlWhs0A	ym 2020s early mb albums p1
Young Man's Game	Fleet Foxes	Shore	LIKE	WYG-cjDkG88	MPREb_CUamDFBnscS	UCOz1sUIzEHqm8kylpb0W-Fg	ym 2020s early mb albums p1
Sunblind	Fleet Foxes	Shore	LIKE	W2d0f1BCes0	MPREb_CUamDFBnscS	UCOz1sUIzEHqm8kylpb0W-Fg	ym 2020s early mb albums p1
Shore	Fleet Foxes	Shore	LIKE	TIvtWzYV99k	MPREb_CUamDFBnscS	UCOz1sUIzEHqm8kylpb0W-Fg	ym 2020s early mb albums p1
Maestranza	Fleet Foxes	Shore	LIKE	PZtjLpnfokw	MPREb_CUamDFBnscS	UCOz1sUIzEHqm8kylpb0W-Fg	ym 2020s early mb albums p1
Jara	Fleet Foxes	Shore	LIKE	5hn0NYy4IvQ	MPREb_CUamDFBnscS	UCOz1sUIzEHqm8kylpb0W-Fg	ym 2020s early mb albums p1
Going-to-the-Sun Road	Fleet Foxes	Shore	LIKE	DQ48DeooyTQ	MPREb_CUamDFBnscS	UCOz1sUIzEHqm8kylpb0W-Fg	ym 2020s early mb albums p1
Featherweight	Fleet Foxes	Shore	LIKE	HwfX-0Df4U0	MPREb_CUamDFBnscS	UCOz1sUIzEHqm8kylpb0W-Fg	ym 2020s early mb albums p1
Can I Believe You	Fleet Foxes	Shore	LIKE	ySfQc_HuxbU	MPREb_CUamDFBnscS	UCOz1sUIzEHqm8kylpb0W-Fg	ym 2020s early mb albums p1
Your Protector (Live On Boston Harbor)	Fleet Foxes	Live On Boston Harbor	LIKE	sXDEVPz8mv8	MPREb_tEZlGTjL2Fm	UCOz1sUIzEHqm8kylpb0W-Fg	ym 2020s early mb albums p1
Tiger Mountain Peasant Song (Live On Boston Harbor)	Fleet Foxes	Live On Boston Harbor	LIKE	Bx__jnO_Cao	MPREb_tEZlGTjL2Fm	UCOz1sUIzEHqm8kylpb0W-Fg	ym 2020s early mb albums p1
Third Of May / Ōdaigahara (Live On Boston Harbor)	Fleet Foxes	Live On Boston Harbor	LIKE	0zGIy3b3l64	MPREb_tEZlGTjL2Fm	UCOz1sUIzEHqm8kylpb0W-Fg	ym 2020s early mb albums p1
Ragged Wood (Live On Boston Harbor)	Fleet Foxes	Live On Boston Harbor	LIKE	Kkxw2DuQwH4	MPREb_tEZlGTjL2Fm	UCOz1sUIzEHqm8kylpb0W-Fg	ym 2020s early mb albums p1
Phoenix (Live On Boston Harbor)	Fleet Foxes	Live On Boston Harbor	LIKE	hkpSzAW6R1k	MPREb_tEZlGTjL2Fm	UCOz1sUIzEHqm8kylpb0W-Fg	ym 2020s early mb albums p1
Mykonos (Live On Boston Harbor)	Fleet Foxes	Live On Boston Harbor	LIKE	PmkzMcFzBCQ	MPREb_tEZlGTjL2Fm	UCOz1sUIzEHqm8kylpb0W-Fg	ym 2020s early mb albums p1
Montezuma (Live On Boston Harbor)	Fleet Foxes	Live On Boston Harbor	LIKE	RMQyQj4-sCc	MPREb_tEZlGTjL2Fm	UCOz1sUIzEHqm8kylpb0W-Fg	ym 2020s early mb albums p1
Mearcstapa (Live On Boston Harbor)	Fleet Foxes	Live On Boston Harbor	LIKE	5rMRVh7vwGw	MPREb_tEZlGTjL2Fm	UCOz1sUIzEHqm8kylpb0W-Fg	ym 2020s early mb albums p1
If You Need To, Keep Time On Me (Live On Boston Harbor)	Fleet Foxes	Live On Boston Harbor	LIKE	xkArmqGo6nY	MPREb_tEZlGTjL2Fm	UCOz1sUIzEHqm8kylpb0W-Fg	ym 2020s early mb albums p1
He Doesn't Know Why (Live On Boston Harbor)	Fleet Foxes	Live On Boston Harbor	LIKE	UgLNxDhYs38	MPREb_tEZlGTjL2Fm	UCOz1sUIzEHqm8kylpb0W-Fg	ym 2020s early mb albums p1
Grown Ocean (Live On Boston Harbor)	Fleet Foxes	Live On Boston Harbor	LIKE	n1Zr8Uo6kUQ	MPREb_tEZlGTjL2Fm	UCOz1sUIzEHqm8kylpb0W-Fg	ym 2020s early mb albums p1
Drops In The River (Live On Boston Harbor)	Fleet Foxes	Live On Boston Harbor	LIKE	lueWp9S9V64	MPREb_tEZlGTjL2Fm	UCOz1sUIzEHqm8kylpb0W-Fg	ym 2020s early mb albums p1
Can I Believe You (Live On Boston Harbor)	Fleet Foxes	Live On Boston Harbor	LIKE	iJvu2b1nZAQ	MPREb_tEZlGTjL2Fm	UCOz1sUIzEHqm8kylpb0W-Fg	ym 2020s early mb albums p1
Blue Spotted Tail (Live On Boston Harbor)	Fleet Foxes	Live On Boston Harbor	LIKE	jwn97AHgQq0	MPREb_tEZlGTjL2Fm	UCOz1sUIzEHqm8kylpb0W-Fg	ym 2020s early mb albums p1
Blue Ridge Mountains (Live On Boston Harbor)	Fleet Foxes	Live On Boston Harbor	LIKE	IYLc9b-RkpY	MPREb_tEZlGTjL2Fm	UCOz1sUIzEHqm8kylpb0W-Fg	ym 2020s early mb albums p1
Shameika	Fiona Apple	Fetch The Bolt Cutters	LIKE	0SbNuuSj_T4	MPREb_THra6CyCfb4	UCLKPWf8Xm8m_VMb6i4PsMZg	ym 2020s early mb albums p1
Relay	Fiona Apple	Fetch The Bolt Cutters	LIKE	-3EIQxfnNY4	MPREb_THra6CyCfb4	UCLKPWf8Xm8m_VMb6i4PsMZg	ym 2020s early mb albums p1
Rack of His	Fiona Apple	Fetch The Bolt Cutters	LIKE	J5W-50x_JxE	MPREb_THra6CyCfb4	UCLKPWf8Xm8m_VMb6i4PsMZg	ym 2020s early mb albums p1
Newspaper	Fiona Apple	Fetch The Bolt Cutters	LIKE	F1C87ZtflS8	MPREb_THra6CyCfb4	UCLKPWf8Xm8m_VMb6i4PsMZg	ym 2020s early mb albums p1
Ladies	Fiona Apple	Fetch The Bolt Cutters	LIKE	HR83JsJU0Wo	MPREb_THra6CyCfb4	UCLKPWf8Xm8m_VMb6i4PsMZg	ym 2020s early mb albums p1
Heavy Balloon	Fiona Apple	Fetch The Bolt Cutters	LIKE	gHlRoUxf_l0	MPREb_THra6CyCfb4	UCLKPWf8Xm8m_VMb6i4PsMZg	ym 2020s early mb albums p1
Fetch The Bolt Cutters	Fiona Apple	Fetch The Bolt Cutters	LIKE	1OkoyfDAAm8	MPREb_THra6CyCfb4	UCLKPWf8Xm8m_VMb6i4PsMZg	ym 2020s early mb albums p1
Cosmonauts	Fiona Apple	Fetch The Bolt Cutters	LIKE	kHiur2gtuTw	MPREb_THra6CyCfb4	UCLKPWf8Xm8m_VMb6i4PsMZg	ym 2020s early mb albums p1
Shiver	Fever Ray	Radical Romantics	LIKE	c0nYGTArblU	MPREb_IBXyjzcjVyJ	UCRaHFNd1y3DzyPHSLSeIR-Q	ym 2020s early mb albums p1
Bottom Of The Ocean	Fever Ray	Radical Romantics	LIKE	B022JjRK5tE	MPREb_IBXyjzcjVyJ	UCRaHFNd1y3DzyPHSLSeIR-Q	ym 2020s early mb albums p1
Toking, Dozing	Feng Suave	Warping Youth	LIKE	Tt8vkzeiYc0	MPREb_IndO4IgWNfP	UCZnFQRvNqTB2Wrdsifs1FVw	ym 2020s early mb albums p1
People Wither	Feng Suave	Warping Youth	LIKE	dyQ-A8Hm6-4	MPREb_IndO4IgWNfP	UCZnFQRvNqTB2Wrdsifs1FVw	ym 2020s early mb albums p1
Maybe Another Time	Feng Suave	Warping Youth	LIKE	DRqEXFYPGkA	MPREb_IndO4IgWNfP	UCZnFQRvNqTB2Wrdsifs1FVw	ym 2020s early mb albums p1
Half-Moon Bag	Feng Suave	Warping Youth	LIKE	7Q9LgiRi3mY	MPREb_IndO4IgWNfP	UCZnFQRvNqTB2Wrdsifs1FVw	ym 2020s early mb albums p1
The Redwing	Feist	Multitudes	LIKE	ecsYpc7-SH4	MPREb_VEtj0tVgs9w	UCpqoOPpIfyUu6qCh-i-lUtQ	ym 2020s early mb albums p1
Song For Sad Friends	Feist	Multitudes	LIKE	STjCrBYBXTw	MPREb_VEtj0tVgs9w	UCpqoOPpIfyUu6qCh-i-lUtQ	ym 2020s early mb albums p1
Hiding Out In The Open	Feist	Multitudes	LIKE	F2R1KjL4c-k	MPREb_VEtj0tVgs9w	UCpqoOPpIfyUu6qCh-i-lUtQ	ym 2020s early mb albums p1
Q4	Father John Misty	Chloë and the Next 20th Century	LIKE	hv3JezNMmac	MPREb_X69M9evvcVe	UCbDizOzZ4qTxDBAVc5xbbAw	ym 2020s early mb albums p1
Olvidado (Otro Momento)	Father John Misty	Chloë and the Next 20th Century	LIKE	932Ag6abuZ4	MPREb_X69M9evvcVe	UCbDizOzZ4qTxDBAVc5xbbAw	ym 2020s early mb albums p1
Funny Girl	Father John Misty	Chloë and the Next 20th Century	LIKE	CIz6UUaODUA	MPREb_X69M9evvcVe	UCbDizOzZ4qTxDBAVc5xbbAw	ym 2020s early mb albums p1
Way Out	FKJ	V I N C E N T	LIKE	flttth2kROc	MPREb_6mO8e7Sf4En	UCxcGxv-per5g7A9be800tQA	ym 2020s early mb albums p1
Us	FKJ	V I N C E N T	LIKE	SdaBSTWF4Bc	MPREb_6mO8e7Sf4En	UCxcGxv-per5g7A9be800tQA	ym 2020s early mb albums p1
The Mission	FKJ	V I N C E N T	LIKE	L8CXSHOvYoQ	MPREb_6mO8e7Sf4En	UCxcGxv-per5g7A9be800tQA	ym 2020s early mb albums p1
Stay A Child	FKJ	V I N C E N T	LIKE	MY0Eorkf9ok	MPREb_6mO8e7Sf4En	UCxcGxv-per5g7A9be800tQA	ym 2020s early mb albums p1
Does It Exist	FKJ	V I N C E N T	LIKE	oeVSz0v1mZU	MPREb_6mO8e7Sf4En	UCxcGxv-per5g7A9be800tQA	ym 2020s early mb albums p1
Different Masks For Different Days	FKJ	V I N C E N T	LIKE	0vRnYuUZm3U	MPREb_6mO8e7Sf4En	UCxcGxv-per5g7A9be800tQA	ym 2020s early mb albums p1
ride the dragon	FKA twigs	CAPRISONGS	LIKE	aYyqkfc7lbI	MPREb_M6gQHYJxgAM	UC_iqdQXYWYi_zCcd8q2G0rQ	ym 2020s early mb albums p1
christi interlude	FKA twigs	CAPRISONGS	LIKE	k8D3xXG7JGQ	MPREb_M6gQHYJxgAM	UC_iqdQXYWYi_zCcd8q2G0rQ	ym 2020s early mb albums p1
The Fight	Explosions in the Sky	End	LIKE	TLM7MBqUTj4	MPREb_Ip5JzS8nvA2	UCIVIcUSH-dwFSEn9fNC6n1g	ym 2020s early mb albums p1
Moving On	Explosions in the Sky	End	LIKE	wEsqKnxoXXs	MPREb_Ip5JzS8nvA2	UCIVIcUSH-dwFSEn9fNC6n1g	ym 2020s early mb albums p1
R&B	English Teacher	This Could Be Texas	LIKE	ajdfp4D6CP0	MPREb_1MNzfKDULML	UCwbdw_8yRFpqVjs89MHvIRQ	ym 2020s early mb albums p1
Idhar Udhar	El Michels Affair	Yeti Season (Deluxe Version)	LIKE	P2S3QgTEQ-c	MPREb_drkG35veJxN	UCkT-SJm24vsK5gGcYzg8MRQ	ym 2020s early mb albums p1
Cham Cham	El Michels Affair	Yeti Season (Deluxe Version)	LIKE	TDKZ4oG4zOs	MPREb_drkG35veJxN	UCkT-SJm24vsK5gGcYzg8MRQ	ym 2020s early mb albums p1
Ala Vida	El Michels Affair	Yeti Season (Deluxe Version)	LIKE	UgLEeINmXBk	MPREb_drkG35veJxN	UCkT-SJm24vsK5gGcYzg8MRQ	ym 2020s early mb albums p1
The Weather	El Michels Affair	Glorious Game	LIKE	hVBhV-oJIzg	MPREb_gTUXrjV3tCa	UCkT-SJm24vsK5gGcYzg8MRQ	ym 2020s early mb albums p1
Miracle	El Michels Affair	Glorious Game	LIKE	edbQLet7UvQ	MPREb_gTUXrjV3tCa	UCkT-SJm24vsK5gGcYzg8MRQ	ym 2020s early mb albums p1
I Would Never	El Michels Affair	Glorious Game	LIKE	PzpE9xOBH48	MPREb_gTUXrjV3tCa	UCkT-SJm24vsK5gGcYzg8MRQ	ym 2020s early mb albums p1
Grateful	El Michels Affair	Glorious Game	LIKE	R2GL9wurCTQ	MPREb_gTUXrjV3tCa	UCkT-SJm24vsK5gGcYzg8MRQ	ym 2020s early mb albums p1
Glorious Game	El Michels Affair	Glorious Game	LIKE	rAQ72hV5uzA	MPREb_gTUXrjV3tCa	UCkT-SJm24vsK5gGcYzg8MRQ	ym 2020s early mb albums p1
Alone	El Michels Affair	Glorious Game	LIKE	l5yKS8S2UEU	MPREb_gTUXrjV3tCa	UCkT-SJm24vsK5gGcYzg8MRQ	ym 2020s early mb albums p1
Rubix	El Michels Affair	Adult Themes	LIKE	VfInRNGvJJg	MPREb_LZsqqjkOz2z	UCkT-SJm24vsK5gGcYzg8MRQ	ym 2020s early mb albums p1
Hipps	El Michels Affair	Adult Themes	LIKE	IC5VqwM8pp8	MPREb_LZsqqjkOz2z	UCkT-SJm24vsK5gGcYzg8MRQ	ym 2020s early mb albums p1
Star (feat. Carlton Livingston)	Easy Star All-Stars	Ziggy Stardub	LIKE	HPJoGNEAzs4	MPREb_slYcw6WP1wl	UCGvwVJdBGA3ui2pXEfzufZw	ym 2020s early mb albums p1
Soul Love (feat. Mortimer)	Easy Star All-Stars	Ziggy Stardub	LIKE	aWfz7BqFpEk	MPREb_slYcw6WP1wl	UCGvwVJdBGA3ui2pXEfzufZw	ym 2020s early mb albums p1
Old Friend	Earl Sweatshirt	SICK!	LIKE	2UWRUBfS2iY	MPREb_U72ZZRa4lZg	UCrE_FNQxg5oXy8SLQ63Nx7A	ym 2020s early mb albums p1
Fire in the Hole	Earl Sweatshirt	SICK!	LIKE	ove1KVGZdl8	MPREb_U72ZZRa4lZg	UCrE_FNQxg5oXy8SLQ63Nx7A	ym 2020s early mb albums p1
2010	Earl Sweatshirt	SICK!	LIKE	yne3KlJ7J3M	MPREb_U72ZZRa4lZg	UCrE_FNQxg5oXy8SLQ63Nx7A	ym 2020s early mb albums p1
U	Duval Timothy	Help	LIKE	WzLZApSlgyw	MPREb_c3yILsheAs6	UCcmN726aNjxW8s0z_8RnTIA	ym 2020s early mb albums p1
Still Happened	Duval Timothy	Help	LIKE	wR8aXtR8J-Q	MPREb_c3yILsheAs6	UCcmN726aNjxW8s0z_8RnTIA	ym 2020s early mb albums p1
Something	Duval Timothy	Help	LIKE	pfJC2Lkjr6c	MPREb_c3yILsheAs6	UCcmN726aNjxW8s0z_8RnTIA	ym 2020s early mb albums p1
Slave	Duval Timothy	Help	LIKE	UwQ4nijVCrk	MPREb_c3yILsheAs6	UCcmN726aNjxW8s0z_8RnTIA	ym 2020s early mb albums p1
Radish	Duval Timothy	Help	LIKE	nZIqJljCZmI	MPREb_c3yILsheAs6	UCcmN726aNjxW8s0z_8RnTIA	ym 2020s early mb albums p1
Next Tomorrow	Duval Timothy	Help	LIKE	Ky54n29VbSg	MPREb_c3yILsheAs6	UCcmN726aNjxW8s0z_8RnTIA	ym 2020s early mb albums p1
Morning	Duval Timothy	Help	LIKE	esiObuE1uT4	MPREb_c3yILsheAs6	UCcmN726aNjxW8s0z_8RnTIA	ym 2020s early mb albums p1
Ice	Duval Timothy	Help	LIKE	Yj_RlRFJqhk	MPREb_c3yILsheAs6	UCcmN726aNjxW8s0z_8RnTIA	ym 2020s early mb albums p1
Groundnut	Duval Timothy	Help	LIKE	ufV0CKPzplk	MPREb_c3yILsheAs6	UCcmN726aNjxW8s0z_8RnTIA	ym 2020s early mb albums p1
Alone	Duval Timothy	Help	LIKE	VSQkBoBjlBo	MPREb_c3yILsheAs6	UCcmN726aNjxW8s0z_8RnTIA	ym 2020s early mb albums p1
9	Duval Timothy	Help	LIKE	H9Eef0jOqP8	MPREb_c3yILsheAs6	UCcmN726aNjxW8s0z_8RnTIA	ym 2020s early mb albums p1
Time Glitch	Duster	Together	LIKE	1uazate95cs	MPREb_BZaHsI8I1TX	UCZkINlw1KmC1GiOqyx3tBPA	ym 2020s early mb albums p1
Teeth	Duster	Together	LIKE	_DBcCNxnxDE	MPREb_BZaHsI8I1TX	UCZkINlw1KmC1GiOqyx3tBPA	ym 2020s early mb albums p1
Sad Boys	Duster	Together	LIKE	APQcIiWynR0	MPREb_BZaHsI8I1TX	UCZkINlw1KmC1GiOqyx3tBPA	ym 2020s early mb albums p1
Retrograde	Duster	Together	LIKE	A6WJx3QpWAc	MPREb_BZaHsI8I1TX	UCZkINlw1KmC1GiOqyx3tBPA	ym 2020s early mb albums p1
New Directions	Duster	Together	LIKE	WKQQjvLFg5Y	MPREb_BZaHsI8I1TX	UCZkINlw1KmC1GiOqyx3tBPA	ym 2020s early mb albums p1
N	Duster	Together	LIKE	_3Fbieq1LV0	MPREb_BZaHsI8I1TX	UCZkINlw1KmC1GiOqyx3tBPA	ym 2020s early mb albums p1
Moonroam	Duster	Together	LIKE	NQnwqeon7-4	MPREb_BZaHsI8I1TX	UCZkINlw1KmC1GiOqyx3tBPA	ym 2020s early mb albums p1
Making Room	Duster	Together	LIKE	Oye6EN-E1Hg	MPREb_BZaHsI8I1TX	UCZkINlw1KmC1GiOqyx3tBPA	ym 2020s early mb albums p1
Feel No Joy	Duster	Together	LIKE	mge9RCz1WzE	MPREb_BZaHsI8I1TX	UCZkINlw1KmC1GiOqyx3tBPA	ym 2020s early mb albums p1
Familiar Fields	Duster	Together	LIKE	Ap7GSiNElOM	MPREb_BZaHsI8I1TX	UCZkINlw1KmC1GiOqyx3tBPA	ym 2020s early mb albums p1
Escalator	Duster	Together	LIKE	Ri8DOaRfgxc	MPREb_BZaHsI8I1TX	UCZkINlw1KmC1GiOqyx3tBPA	ym 2020s early mb albums p1
Drifter	Duster	Together	LIKE	oHHlTrLcTXU	MPREb_BZaHsI8I1TX	UCZkINlw1KmC1GiOqyx3tBPA	ym 2020s early mb albums p1
I Know I Won't	Duster	Remote Echoes	LIKE	FbV23uFkc78	MPREb_WykOaWwU6bw	UCZkINlw1KmC1GiOqyx3tBPA	ym 2020s early mb albums p1
Before The Veil	Duster	Remote Echoes	LIKE	zQoSuQLu-4M	MPREb_WykOaWwU6bw	UCZkINlw1KmC1GiOqyx3tBPA	ym 2020s early mb albums p1
What You're Doing to Me	Duster	Moods, Modes	LIKE	n4zbp7dKd7g	MPREb_yRtbQb2Yb3f	UCZkINlw1KmC1GiOqyx3tBPA	ym 2020s early mb albums p1
Orbitron	Duster	Moods, Modes	LIKE	nKFsLg4d8CY	MPREb_yRtbQb2Yb3f	UCZkINlw1KmC1GiOqyx3tBPA	ym 2020s early mb albums p1
My Friends Are Cosmonauts	Duster	Moods, Modes	LIKE	FcMMQ8Tsmng	MPREb_yRtbQb2Yb3f	UCZkINlw1KmC1GiOqyx3tBPA	ym 2020s early mb albums p1
Four Hours	Duster	Moods, Modes	LIKE	uJ68Bupq1X0	MPREb_yRtbQb2Yb3f	UCZkINlw1KmC1GiOqyx3tBPA	ym 2020s early mb albums p1
Echo, Bravo	Duster	Moods, Modes	LIKE	9cTk6yCy9rQ	MPREb_yRtbQb2Yb3f	UCZkINlw1KmC1GiOqyx3tBPA	ym 2020s early mb albums p1
Quiet Eyes	Duster	In Dreams	LIKE	xIQVsXcRKlM	MPREb_4DHp7wPL5eD	UCZkINlw1KmC1GiOqyx3tBPA	ym 2020s early mb albums p1
Cosmotransporter	Duster	In Dreams	LIKE	EXeMomMAF0E	MPREb_4DHp7wPL5eD	UCZkINlw1KmC1GiOqyx3tBPA	ym 2020s early mb albums p1
Baking Tapes	Duster	In Dreams	LIKE	syVV9pXmMz8	MPREb_4DHp7wPL5eD	UCZkINlw1KmC1GiOqyx3tBPA	ym 2020s early mb albums p1
Aqua Tofana	Duster	In Dreams	LIKE	Zfs5kQcr30A	MPREb_4DHp7wPL5eD	UCZkINlw1KmC1GiOqyx3tBPA	ym 2020s early mb albums p1
Anhedonia	Duster	In Dreams	LIKE	v3EDd38L264	MPREb_4DHp7wPL5eD	UCZkINlw1KmC1GiOqyx3tBPA	ym 2020s early mb albums p1
Silos	Durante	Enter	LIKE	hPGKwITnidg	MPREb_en9Pv4T6e9S	UCMlo9L5JfituDE54Lr5UDxg	ym 2020s early mb albums p1
Leonid	Durante	Enter	LIKE	NrKyCEi1BXg	MPREb_en9Pv4T6e9S	UCMlo9L5JfituDE54Lr5UDxg	ym 2020s early mb albums p1
LMK	Durante	Enter	LIKE	ycWKtddxuCo	MPREb_en9Pv4T6e9S	UCMlo9L5JfituDE54Lr5UDxg	ym 2020s early mb albums p1
Pretty Please	Dua Lipa	Future Nostalgia	LIKE	SI0aAEBA7Rw	MPREb_iWdtzQKst5b	UCzVb0SIXp9q9PeKCcFjsBtA	ym 2020s early mb albums p1
Levitating (feat. DaBaby)	Dua Lipa	Future Nostalgia	LIKE	5G-rzr2FxTw	MPREb_iWdtzQKst5b	UCzVb0SIXp9q9PeKCcFjsBtA	ym 2020s early mb albums p1
Levitating	Dua Lipa	Future Nostalgia	LIKE	OsfAnsMY21M	MPREb_iWdtzQKst5b	UCzVb0SIXp9q9PeKCcFjsBtA	ym 2020s early mb albums p1
Don't Start Now	Dua Lipa	Future Nostalgia	LIKE	wd9_QCH8Eq4	MPREb_iWdtzQKst5b	UCzVb0SIXp9q9PeKCcFjsBtA	ym 2020s early mb albums p1
No Decent Shoes For Rain	Dry Cleaning	Stumpwork	LIKE	QakDPVbtSq4	MPREb_bkMJN548EGx	UCoSgLAvtgQVCxO6Wt5vwEeA	ym 2020s early mb albums p1
Driver's Story	Dry Cleaning	Stumpwork	LIKE	dlTtcN39TvU	MPREb_bkMJN548EGx	UCoSgLAvtgQVCxO6Wt5vwEeA	ym 2020s early mb albums p1
Anna Calls From The Arctic	Dry Cleaning	Stumpwork	LIKE	qmhRXLU_3yg	MPREb_bkMJN548EGx	UCoSgLAvtgQVCxO6Wt5vwEeA	ym 2020s early mb albums p1
John Wick	Dry Cleaning	New Long Leg	LIKE	FcmZZeOawNE	MPREb_8Fe9BDs4DMt	UCoSgLAvtgQVCxO6Wt5vwEeA	ym 2020s early mb albums p1
Posse Cut (feat. Bambina)	Drugdealer & Sedona	Hiding in Plain Sight	LIKE	HpeeoEKZyM4	MPREb_yw9m8Lr8nty		ym 2020s early mb albums p1
Valentine	Drugdealer	Hiding in Plain Sight	LIKE	gyftfQv-sfU	MPREb_yw9m8Lr8nty	UCdJU4tOWCJ6kuXKzzkZN0xg	ym 2020s early mb albums p1
To Live and Drive in LA	Drugdealer	Hiding in Plain Sight	LIKE	oHiQe7fe7_g	MPREb_yw9m8Lr8nty	UCdJU4tOWCJ6kuXKzzkZN0xg	ym 2020s early mb albums p1
Someone to Love	Drugdealer	Hiding in Plain Sight	LIKE	jaLYRmKYoS0	MPREb_yw9m8Lr8nty	UCdJU4tOWCJ6kuXKzzkZN0xg	ym 2020s early mb albums p1
Pictures of You	Drugdealer	Hiding in Plain Sight	LIKE	DSdVnD1Ckj8	MPREb_yw9m8Lr8nty	UCdJU4tOWCJ6kuXKzzkZN0xg	ym 2020s early mb albums p1
New Fascination	Drugdealer	Hiding in Plain Sight	LIKE	S1BC9ZWbx0E	MPREb_yw9m8Lr8nty	UCdJU4tOWCJ6kuXKzzkZN0xg	ym 2020s early mb albums p1
Madison	Drugdealer	Hiding in Plain Sight	LIKE	JznjSNfO5NI	MPREb_yw9m8Lr8nty	UCdJU4tOWCJ6kuXKzzkZN0xg	ym 2020s early mb albums p1
Hard Dreaming Man	Drugdealer	Hiding in Plain Sight	LIKE	JrpGJ6-nyP8	MPREb_yw9m8Lr8nty	UCdJU4tOWCJ6kuXKzzkZN0xg	ym 2020s early mb albums p1
White Dove	Dr. Dog	Dr. Dog	LIKE	tesv45bdUCg	MPREb_b5X5mxkmzda	UC-JBTXpS5x83eafG3HQMClA	ym 2020s early mb albums p1
What a Night’ll Do	Dr. Dog	Dr. Dog	LIKE	_i9qpOGnnKs	MPREb_b5X5mxkmzda	UC-JBTXpS5x83eafG3HQMClA	ym 2020s early mb albums p1
Talk is Cheap	Dr. Dog	Dr. Dog	LIKE	Uk8H5lWVO9A	MPREb_b5X5mxkmzda	UC-JBTXpS5x83eafG3HQMClA	ym 2020s early mb albums p1
Still Can’t Believe	Dr. Dog	Dr. Dog	LIKE	_GSXByTlgnQ	MPREb_b5X5mxkmzda	UC-JBTXpS5x83eafG3HQMClA	ym 2020s early mb albums p1
Authority	Dr. Dog	Dr. Dog	LIKE	X4mvQmIDmy0	MPREb_b5X5mxkmzda	UC-JBTXpS5x83eafG3HQMClA	ym 2020s early mb albums p1
SKIPP	Doechii	Alligator Bites Never Heal	LIKE	fEnsegzNutc	MPREb_YTRyZzPK4qT	UCy-gOpJFjjNHXP9lQIVM1Xw	ym 2020s early mb albums p1
DEATH ROLL	Doechii	Alligator Bites Never Heal	LIKE	Uxu_O6IpQnk	MPREb_YTRyZzPK4qT	UCy-gOpJFjjNHXP9lQIVM1Xw	ym 2020s early mb albums p1
CATFISH	Doechii	Alligator Bites Never Heal	LIKE	2csOMGFFgJ0	MPREb_YTRyZzPK4qT	UCy-gOpJFjjNHXP9lQIVM1Xw	ym 2020s early mb albums p1
BOILED PEANUTS	Doechii	Alligator Bites Never Heal	LIKE	ltaFKEUDS1U	MPREb_YTRyZzPK4qT	UCy-gOpJFjjNHXP9lQIVM1Xw	ym 2020s early mb albums p1
Who Knew?	Disclosure	ENERGY (Deluxe)	LIKE	7_8TBT9xQDU	MPREb_I1LjnuD5A0V	UCMqoUCDT2rtlvBS93GXGqDA	ym 2020s early mb albums p1
Tondo	Disclosure	ENERGY (Deluxe)	LIKE	1sYYe3PYj-E	MPREb_I1LjnuD5A0V	UCMqoUCDT2rtlvBS93GXGqDA	ym 2020s early mb albums p1
Reverie	Disclosure	ENERGY (Deluxe)	LIKE	b2x31y217rk	MPREb_I1LjnuD5A0V	UCMqoUCDT2rtlvBS93GXGqDA	ym 2020s early mb albums p1
Lavender	Disclosure	ENERGY (Deluxe)	LIKE	NfAM7Jm9gEw	MPREb_I1LjnuD5A0V	UCMqoUCDT2rtlvBS93GXGqDA	ym 2020s early mb albums p1
Fractal (Interlude)	Disclosure	ENERGY (Deluxe)	LIKE	8kcLe02r9Ew	MPREb_I1LjnuD5A0V	UCMqoUCDT2rtlvBS93GXGqDA	ym 2020s early mb albums p1
Etran	Disclosure	ENERGY (Deluxe)	LIKE	y-9Symytqew	MPREb_I1LjnuD5A0V	UCMqoUCDT2rtlvBS93GXGqDA	ym 2020s early mb albums p1
Ecstasy	Disclosure	ENERGY (Deluxe)	LIKE	PZFbTiOHVhU	MPREb_I1LjnuD5A0V	UCMqoUCDT2rtlvBS93GXGqDA	ym 2020s early mb albums p1
ENERGY	Disclosure	ENERGY (Deluxe)	LIKE	cBzeRoliL9o	MPREb_I1LjnuD5A0V	UCMqoUCDT2rtlvBS93GXGqDA	ym 2020s early mb albums p1
Douha (Mali Mali)	Disclosure	ENERGY (Deluxe)	LIKE	fZoX4OTCPwU	MPREb_I1LjnuD5A0V	UCMqoUCDT2rtlvBS93GXGqDA	ym 2020s early mb albums p1
Ce n'est pas	Disclosure	ENERGY (Deluxe)	LIKE	_0ibVaE6pWk	MPREb_I1LjnuD5A0V	UCMqoUCDT2rtlvBS93GXGqDA	ym 2020s early mb albums p1
Birthday (MJ Cole Remix)	Disclosure	ENERGY (Deluxe)	LIKE	jX-SGwkFiRI	MPREb_I1LjnuD5A0V	UCMqoUCDT2rtlvBS93GXGqDA	ym 2020s early mb albums p1
Birthday (Disclosure VIP Remix)	Disclosure	ENERGY (Deluxe)	LIKE	oz-ehse67vU	MPREb_I1LjnuD5A0V	UCMqoUCDT2rtlvBS93GXGqDA	ym 2020s early mb albums p1
Birthday	Disclosure	ENERGY (Deluxe)	LIKE	xo5R5g8Oau4	MPREb_I1LjnuD5A0V	UCMqoUCDT2rtlvBS93GXGqDA	ym 2020s early mb albums p1
It's in Your Heart Now	Destroyer	LABYRINTHITIS	LIKE	4DUIpu78oi4	MPREb_7acuocC6C9F	UC_plNzaYghjuzu3CWNSv28g	ym 2020s early mb albums p1
All My Pretty Dresses	Destroyer	LABYRINTHITIS	LIKE	LJ1-BqpszPI	MPREb_7acuocC6C9F	UC_plNzaYghjuzu3CWNSv28g	ym 2020s early mb albums p1
Ghosts Again	Depeche Mode	Memento Mori	LIKE	lpHKtk-WC0Q	MPREb_ZMCJTiH0mEs	UC-CcyIM_seGnGL5-2Fsppow	ym 2020s early mb albums p1
So.Incredible.pkg	Denzel Curry	UNLOCKED	LIKE	bfK_jw9virA	MPREb_941iWm3lgkC	UCzN1vzi9iELop5XH53ud6Gw	ym 2020s early mb albums p1
Pyro (leak 2019)	Denzel Curry	UNLOCKED	LIKE	VlnyAGV7IfI	MPREb_941iWm3lgkC	UCzN1vzi9iELop5XH53ud6Gw	ym 2020s early mb albums p1
X-Wing	Denzel Curry	Melt My Eyez See Your Future	LIKE	Z_1CsRn2BSI	MPREb_DmsBGpxiUFZ	UCzN1vzi9iELop5XH53ud6Gw	ym 2020s early mb albums p1
Walkin	Denzel Curry	Melt My Eyez See Your Future	LIKE	WYT4gMDHYZw	MPREb_DmsBGpxiUFZ	UCzN1vzi9iELop5XH53ud6Gw	ym 2020s early mb albums p1
Troubles (feat. T-Pain)	Denzel Curry	Melt My Eyez See Your Future	LIKE	QfHeLsSeW6U	MPREb_DmsBGpxiUFZ	UCzN1vzi9iELop5XH53ud6Gw	ym 2020s early mb albums p1
The Last	Denzel Curry	Melt My Eyez See Your Future	LIKE	5J8dhj0jI98	MPREb_DmsBGpxiUFZ	UCzN1vzi9iELop5XH53ud6Gw	ym 2020s early mb albums p1
The Ills	Denzel Curry	Melt My Eyez See Your Future	LIKE	i5-JFnNphIE	MPREb_DmsBGpxiUFZ	UCzN1vzi9iELop5XH53ud6Gw	ym 2020s early mb albums p1
Sanjuro	Denzel Curry	Melt My Eyez See Your Future	LIKE	l3NCMlg2EdM	MPREb_DmsBGpxiUFZ	UCzN1vzi9iELop5XH53ud6Gw	ym 2020s early mb albums p1
Mental (feat. Saul Williams & Bridget Perez)	Denzel Curry	Melt My Eyez See Your Future	LIKE	7Fg6HJ7mCFE	MPREb_DmsBGpxiUFZ	UCzN1vzi9iELop5XH53ud6Gw	ym 2020s early mb albums p1
John Wayne (feat. Buzzy Lee)	Denzel Curry	Melt My Eyez See Your Future	LIKE	JUR_Csfj05o	MPREb_DmsBGpxiUFZ	UCzN1vzi9iELop5XH53ud6Gw	ym 2020s early mb albums p1
Angelz (feat. Karriem Riggins)	Denzel Curry	Melt My Eyez See Your Future	LIKE	yHvzYsmQDso	MPREb_DmsBGpxiUFZ	UCzN1vzi9iELop5XH53ud6Gw	ym 2020s early mb albums p1
ULTRA SHXT	Denzel Curry	King Of The Mischievous South Vol. 2	LIKE	rwZOZq7ehH4	MPREb_rT6xxGTeWNZ	UCzN1vzi9iELop5XH53ud6Gw	ym 2020s early mb albums p1
From The Streets	Delvon Lamarr Organ Trio	I Told You So	LIKE	iblmdvh7qgI	MPREb_skpjHgsqBbE	UCu8aRlBsg9w4L9Vx0Yhkddw	ym 2020s early mb albums p1
Fo Sho	Delvon Lamarr Organ Trio	I Told You So	LIKE	qb0-qu2vP44	MPREb_skpjHgsqBbE	UCu8aRlBsg9w4L9Vx0Yhkddw	ym 2020s early mb albums p1
Careless Whisper	Delvon Lamarr Organ Trio	I Told You So	LIKE	ZfrHLWhzmlI	MPREb_skpjHgsqBbE	UCu8aRlBsg9w4L9Vx0Yhkddw	ym 2020s early mb albums p1
Call Your Mom	Delvon Lamarr Organ Trio	I Told You So	LIKE	eAKMuxB1ynU	MPREb_skpjHgsqBbE	UCu8aRlBsg9w4L9Vx0Yhkddw	ym 2020s early mb albums p1
Urantia	Deftones	Ohms	LIKE	U_kIdo9DGV0	MPREb_OsY0osplAus	UCXQtyZ6gWbOYR5B8Sc2sr3g	ym 2020s early mb albums p1
Pompeji	Deftones	Ohms	LIKE	_bkbq7BBomA	MPREb_OsY0osplAus	UCXQtyZ6gWbOYR5B8Sc2sr3g	ym 2020s early mb albums p1
Ohms	Deftones	Ohms	LIKE	91iOtcuIdDg	MPREb_OsY0osplAus	UCXQtyZ6gWbOYR5B8Sc2sr3g	ym 2020s early mb albums p1
Ceremony	Deftones	Ohms	LIKE	F3J3mzTOZ94	MPREb_OsY0osplAus	UCXQtyZ6gWbOYR5B8Sc2sr3g	ym 2020s early mb albums p1
Great Mass of Color	Deafheaven	Infinite Granite	LIKE	H4o7nyjLIyM	MPREb_XMvrXp21fp7	UCpJAUou7A5TOpQEoYSVP_zQ	ym 2020s early mb albums p1
Valmont's Pad	Dead Meadow	Force Form Free	LIKE	b4rAjWBGn7c	MPREb_Q5PbuMAdCYJ	UCmRe366myVgHYqjrEIS8ZMg	ym 2020s early mb albums p1
Tiger	Das Kope	Where I Live	LIKE	6UZJrxzgpcg	MPREb_w3avZm0gZob	UCDp6U8dvos7ELXwA7zxOu2Q	ym 2020s early mb albums p1
Meet You in the Dark	Das Kope	Where I Live	LIKE	nxs_LgY01rE	MPREb_w3avZm0gZob	UCDp6U8dvos7ELXwA7zxOu2Q	ym 2020s early mb albums p1
L.A.X.	Das Kope	Where I Live	LIKE	_rzyGBo6bOI	MPREb_w3avZm0gZob	UCDp6U8dvos7ELXwA7zxOu2Q	ym 2020s early mb albums p1
Kids in the Sky	Das Kope	Where I Live	LIKE	c66dqNKGD9U	MPREb_w3avZm0gZob	UCDp6U8dvos7ELXwA7zxOu2Q	ym 2020s early mb albums p1
Don't Be Late Tonight	Das Kope	Where I Live	LIKE	UjXcORSzVcE	MPREb_w3avZm0gZob	UCDp6U8dvos7ELXwA7zxOu2Q	ym 2020s early mb albums p1
Wolf	Darkstar	Civic Jams	LIKE	D5Z5wWX_O2c	MPREb_HeVyhZsR7AV	UCRAlMv7W0hJeULsSNnX56sA	ym 2020s early mb albums p1
Jam	Darkstar	Civic Jams	LIKE	i-NtsJhWQwc	MPREb_HeVyhZsR7AV	UCRAlMv7W0hJeULsSNnX56sA	ym 2020s early mb albums p1
Blurred	Darkstar	Civic Jams	LIKE	zr16u7dvQeI	MPREb_HeVyhZsR7AV	UCRAlMv7W0hJeULsSNnX56sA	ym 2020s early mb albums p1
30 (feat. Laura Groves)	Darkstar	Civic Jams	LIKE	ncRQES9yiA8	MPREb_HeVyhZsR7AV	UCRAlMv7W0hJeULsSNnX56sA	ym 2020s early mb albums p1
GRAND LARGE	Darius	OASIS	LIKE	rvuSD4ov8ck	MPREb_NUHgSImtO7B	UC47pz2hObnlTy47JuZJXClQ	ym 2020s early mb albums p1
FEELS RIGHT	Darius	OASIS	LIKE	Zd386lAGDX8	MPREb_NUHgSImtO7B	UC47pz2hObnlTy47JuZJXClQ	ym 2020s early mb albums p1
FADED (feat. Amaria)	Darius	OASIS	LIKE	SfTOJ9PeQlY	MPREb_NUHgSImtO7B	UC47pz2hObnlTy47JuZJXClQ	ym 2020s early mb albums p1
EQUILIBRIUM	Darius	OASIS	LIKE	Wp86Hw-_RZ8	MPREb_NUHgSImtO7B	UC47pz2hObnlTy47JuZJXClQ	ym 2020s early mb albums p1
Mona	Daphni	Cherry	LIKE	-0SB_XQ2S9c	MPREb_Bcs2YNqyWjl	UCfk1G9VN3pt5bfjbxFFEytQ	ym 2020s early mb albums p1
Crimson	Daphni	Cherry	LIKE	zc_8WeDMb7s	MPREb_Bcs2YNqyWjl	UCfk1G9VN3pt5bfjbxFFEytQ	ym 2020s early mb albums p1
Clavicle	Daphni	Cherry	LIKE	9ZieMlXTBHM	MPREb_Bcs2YNqyWjl	UCfk1G9VN3pt5bfjbxFFEytQ	ym 2020s early mb albums p1
Cherry	Daphni	Cherry	LIKE	cKaPkL3ezEQ	MPREb_Bcs2YNqyWjl	UCfk1G9VN3pt5bfjbxFFEytQ	ym 2020s early mb albums p1
Arrow	Daphni	Cherry	LIKE	gRnDPiyTtVA	MPREb_Bcs2YNqyWjl	UCfk1G9VN3pt5bfjbxFFEytQ	ym 2020s early mb albums p1
Arp Blocks	Daphni	Cherry	LIKE	1z0DW0f1OrI	MPREb_Bcs2YNqyWjl	UCfk1G9VN3pt5bfjbxFFEytQ	ym 2020s early mb albums p1
Unpeopled Space	Daniel Rossen	You Belong There	LIKE	Oih7105oV_I	MPREb_XfgOwwTukyR	UCLqIxY-OjKFVdUQqz2oxAhQ	ym 2020s early mb albums p1
The Last One	Daniel Rossen	You Belong There	LIKE	f3vx2Oim-Ec	MPREb_XfgOwwTukyR	UCLqIxY-OjKFVdUQqz2oxAhQ	ym 2020s early mb albums p1
Shadow in the Frame	Daniel Rossen	You Belong There	LIKE	Khh_sHfOhXs	MPREb_XfgOwwTukyR	UCLqIxY-OjKFVdUQqz2oxAhQ	ym 2020s early mb albums p1
It's A Passage	Daniel Rossen	You Belong There	LIKE	t6lZXgh2BsA	MPREb_XfgOwwTukyR	UCLqIxY-OjKFVdUQqz2oxAhQ	ym 2020s early mb albums p1
Celia	Daniel Rossen	You Belong There	LIKE	Vknwh41TD58	MPREb_XfgOwwTukyR	UCLqIxY-OjKFVdUQqz2oxAhQ	ym 2020s early mb albums p1
Ultra Truth	Daniel Avery	Ultra Truth	LIKE	oLMRdIkcaro	MPREb_oo4yC8l3pH2	UCB1ZNlOuGCLYQ_U60YOhchQ	ym 2020s early mb albums p1
The Slow Bullet	Daniel Avery	Ultra Truth	LIKE	sO3wsW9rI_Y	MPREb_oo4yC8l3pH2	UCB1ZNlOuGCLYQ_U60YOhchQ	ym 2020s early mb albums p1
Spider	Daniel Avery	Ultra Truth	LIKE	Z1ih8r8R_WQ	MPREb_oo4yC8l3pH2	UCB1ZNlOuGCLYQ_U60YOhchQ	ym 2020s early mb albums p1
New Faith	Daniel Avery	Ultra Truth	LIKE	bQtmSAX_uUg	MPREb_oo4yC8l3pH2	UCB1ZNlOuGCLYQ_U60YOhchQ	ym 2020s early mb albums p1
Near Perfect	Daniel Avery	Ultra Truth	LIKE	q55l_oYJ_eo	MPREb_oo4yC8l3pH2	UCB1ZNlOuGCLYQ_U60YOhchQ	ym 2020s early mb albums p1
Lone Swordsman	Daniel Avery	Ultra Truth	LIKE	POcwWPfI4tI	MPREb_oo4yC8l3pH2	UCB1ZNlOuGCLYQ_U60YOhchQ	ym 2020s early mb albums p1
Chaos Energy	Daniel Avery	Ultra Truth	LIKE	HxjOnH6BoPE	MPREb_oo4yC8l3pH2	UCB1ZNlOuGCLYQ_U60YOhchQ	ym 2020s early mb albums p1
Sometimes	Danger Mouse and Black Thought	Cheat Codes	LIKE	1mWCbIf_KX4	MPREb_gPWoRFcnnLR	UCVD3bGSY5xTsU2JxJZuo1Cg	ym 2020s early mb albums p1
Close to Famous	Danger Mouse and Black Thought	Cheat Codes	LIKE	2btv6i4ph94	MPREb_gPWoRFcnnLR	UCVD3bGSY5xTsU2JxJZuo1Cg	ym 2020s early mb albums p1
The Darkest Part (feat. Raekwon & Kid Sister)	Danger Mouse	Cheat Codes	LIKE	BhWbdxKPTig	MPREb_gPWoRFcnnLR	UC5174GK88E8jwZC_TDIKJGQ	ym 2020s early mb albums p1
Saltwater (feat. Conway the Machine)	Danger Mouse	Cheat Codes	LIKE	Zp5W3XAGR8M	MPREb_gPWoRFcnnLR	UC5174GK88E8jwZC_TDIKJGQ	ym 2020s early mb albums p1
Because (feat. Joey Bada$$, Russ & Dylan Cartlidge)	Danger Mouse	Cheat Codes	LIKE	8FcFFf48UUg	MPREb_gPWoRFcnnLR	UC5174GK88E8jwZC_TDIKJGQ	ym 2020s early mb albums p1
Sat By A Tree (Edit)	Dan Deacon	Mystic Familiar	LIKE	ofUXLNQILYk	MPREb_e6dcvUEebi8	UCsP4bZFWXJO75ECgoFnbYMA	ym 2020s early mb albums p1
Sat By A Tree	Dan Deacon	Mystic Familiar	LIKE	HQe-lZPrR8o	MPREb_e6dcvUEebi8	UCsP4bZFWXJO75ECgoFnbYMA	ym 2020s early mb albums p1
Hypnagogic	Dan Deacon	Mystic Familiar	LIKE	xZT0lHmxiFQ	MPREb_e6dcvUEebi8	UCsP4bZFWXJO75ECgoFnbYMA	ym 2020s early mb albums p1
Fell Into the Ocean (Edit)	Dan Deacon	Mystic Familiar	LIKE	6r5KnHYlWDI	MPREb_e6dcvUEebi8	UCsP4bZFWXJO75ECgoFnbYMA	ym 2020s early mb albums p1
Fell Into the Ocean	Dan Deacon	Mystic Familiar	LIKE	G4TzdWMTdeg	MPREb_e6dcvUEebi8	UCsP4bZFWXJO75ECgoFnbYMA	ym 2020s early mb albums p1
Stingray Pete	DOPE LEMON	Rose Pink Cadillac	LIKE	JBISYTChJOI	MPREb_8CHz9srK5dv	UC3mpxFnXufqm11HRJ_nFiQA	ym 2020s early mb albums p1
Rose Pink Cadillac	DOPE LEMON	Rose Pink Cadillac	LIKE	zGsNO0YWY5I	MPREb_8CHz9srK5dv	UC3mpxFnXufqm11HRJ_nFiQA	ym 2020s early mb albums p1
Kids Fallin' In Love	DOPE LEMON	Rose Pink Cadillac	LIKE	_-apg5MQqLU	MPREb_8CHz9srK5dv	UC3mpxFnXufqm11HRJ_nFiQA	ym 2020s early mb albums p1
You Played Me	DJ Shadow	Action Adventure	LIKE	cPB_kFx-TcY	MPREb_OZldC40rGiA	UCtTuSKgCdeTyxBGPCD3TgxQ	ym 2020s early mb albums p1
Witches Vs. Warlocks	DJ Shadow	Action Adventure	LIKE	26NkFbIO0gI	MPREb_OZldC40rGiA	UCtTuSKgCdeTyxBGPCD3TgxQ	ym 2020s early mb albums p1
Time and Space	DJ Shadow	Action Adventure	LIKE	j1BDkb5tEwM	MPREb_OZldC40rGiA	UCtTuSKgCdeTyxBGPCD3TgxQ	ym 2020s early mb albums p1
The Prophecy	DJ Shadow	Action Adventure	LIKE	Fxb9Br1my-g	MPREb_OZldC40rGiA	UCtTuSKgCdeTyxBGPCD3TgxQ	ym 2020s early mb albums p1
She's Evolving	DJ Shadow	Action Adventure	LIKE	E9A2YgzQeSI	MPREb_OZldC40rGiA	UCtTuSKgCdeTyxBGPCD3TgxQ	ym 2020s early mb albums p1
Friend Or Foe	DJ Shadow	Action Adventure	LIKE	euhtNmMCN1Q	MPREb_OZldC40rGiA	UCtTuSKgCdeTyxBGPCD3TgxQ	ym 2020s early mb albums p1
Forever Changed	DJ Shadow	Action Adventure	LIKE	Hm0qiLLPfCA	MPREb_OZldC40rGiA	UCtTuSKgCdeTyxBGPCD3TgxQ	ym 2020s early mb albums p1
Fleeting Youth (An Audible Life)	DJ Shadow	Action Adventure	LIKE	xpsXfCIEIHg	MPREb_OZldC40rGiA	UCtTuSKgCdeTyxBGPCD3TgxQ	ym 2020s early mb albums p1
Craig, Ingels, & Wrightson	DJ Shadow	Action Adventure	LIKE	QPJL4MdIRd8	MPREb_OZldC40rGiA	UCtTuSKgCdeTyxBGPCD3TgxQ	ym 2020s early mb albums p1
All My	DJ Shadow	Action Adventure	LIKE	YlBq4lZCfsg	MPREb_OZldC40rGiA	UCtTuSKgCdeTyxBGPCD3TgxQ	ym 2020s early mb albums p1
A Narrow Escape	DJ Shadow	Action Adventure	LIKE	bdwtwZtKrFU	MPREb_OZldC40rGiA	UCtTuSKgCdeTyxBGPCD3TgxQ	ym 2020s early mb albums p1
Soul-net	DIIV	Frog In Boiling Water	LIKE	DsgRR0h-e_8	MPREb_BVfgWwi4wX0	UCWumh0WXTLCjbZlEOLWtQLQ	ym 2020s early mb albums p1
Raining On Your Pillow	DIIV	Frog In Boiling Water	LIKE	HfMOl8EeZ8w	MPREb_BVfgWwi4wX0	UCWumh0WXTLCjbZlEOLWtQLQ	ym 2020s early mb albums p1
Brown Paper Bag	DIIV	Frog In Boiling Water	LIKE	Z4ttsP1Zf1k	MPREb_BVfgWwi4wX0	UCWumh0WXTLCjbZlEOLWtQLQ	ym 2020s early mb albums p1
The Question Is To See It All	DARKSIDE	Spiral	LIKE	3_Bcw2O0f_c	MPREb_9afRqpYoSh7	UCPWad8IPnWG-EY23ePpI3bg	ym 2020s early mb albums p1
The Limit	DARKSIDE	Spiral	LIKE	pek2nt59lUY	MPREb_9afRqpYoSh7	UCPWad8IPnWG-EY23ePpI3bg	ym 2020s early mb albums p1
Only Young	DARKSIDE	Spiral	LIKE	kxK0mtDeQMI	MPREb_9afRqpYoSh7	UCPWad8IPnWG-EY23ePpI3bg	ym 2020s early mb albums p1
Narrow Road	DARKSIDE	Spiral	LIKE	uq0OncoFp70	MPREb_9afRqpYoSh7	UCPWad8IPnWG-EY23ePpI3bg	ym 2020s early mb albums p1
Liberty Bell	DARKSIDE	Spiral	LIKE	8WsbdoTkKOI	MPREb_9afRqpYoSh7	UCPWad8IPnWG-EY23ePpI3bg	ym 2020s early mb albums p1
Lawmaker	DARKSIDE	Spiral	LIKE	RJ-_tY3JgUs	MPREb_9afRqpYoSh7	UCPWad8IPnWG-EY23ePpI3bg	ym 2020s early mb albums p1
I'm the Echo	DARKSIDE	Spiral	LIKE	zKu9izMdLP0	MPREb_9afRqpYoSh7	UCPWad8IPnWG-EY23ePpI3bg	ym 2020s early mb albums p1
Gone	Crumb	Ice Melt	LIKE	L_m-3Z4d0bU	MPREb_XGozuJ04Ycr	UCpGhvsN-Gw-q5yaQ4e3w2Vg	ym 2020s early mb albums p1
BNR	Crumb	Ice Melt	LIKE	Qk-ZFnHQQuY	MPREb_XGozuJ04Ycr	UCpGhvsN-Gw-q5yaQ4e3w2Vg	ym 2020s early mb albums p1
The Bug	Crumb	AMAMA	LIKE	_lm87vrx_OA	MPREb_mmqWnn2egpq	UCpGhvsN-Gw-q5yaQ4e3w2Vg	ym 2020s early mb albums p1
Swarmed	Crumb	AMAMA	LIKE	PMETh6tX9XE	MPREb_mmqWnn2egpq	UCpGhvsN-Gw-q5yaQ4e3w2Vg	ym 2020s early mb albums p1
Sleep Talk	Crumb	AMAMA	LIKE	Xb2Lie-ewvI	MPREb_mmqWnn2egpq	UCpGhvsN-Gw-q5yaQ4e3w2Vg	ym 2020s early mb albums p1
Genie	Crumb	AMAMA	LIKE	RDBroEkCd0k	MPREb_mmqWnn2egpq	UCpGhvsN-Gw-q5yaQ4e3w2Vg	ym 2020s early mb albums p1
From Outside A Window Sill	Crumb	AMAMA	LIKE	FtGd6g_7v58	MPREb_mmqWnn2egpq	UCpGhvsN-Gw-q5yaQ4e3w2Vg	ym 2020s early mb albums p1
(Alone in) Brussels	Crumb	AMAMA	LIKE	slfZ-o0HiKI	MPREb_mmqWnn2egpq	UCpGhvsN-Gw-q5yaQ4e3w2Vg	ym 2020s early mb albums p1
Tunnel Vision	Crack Cloud	Pain Olympics	LIKE	MzgTjNhdIlw	MPREb_fjMyOyCVCZb	UC4yFh-28ICCl4B9SlXjGiMQ	ym 2020s early mb albums p1
Take It Day By Day	Courtney Barnett	Things Take Time, Take Time	LIKE	NJjnnTkbp8I	MPREb_ZszvwMoQJY6	UCAR6fZVOSmnctDecWdS9rtQ	ym 2020s early mb albums p1
Sunfair Sundown	Courtney Barnett	Things Take Time, Take Time	LIKE	Jj_CsumY4uA	MPREb_ZszvwMoQJY6	UCAR6fZVOSmnctDecWdS9rtQ	ym 2020s early mb albums p1
Trying Times for the Indirect	Com Truise	In Decay, Too	LIKE	2O9oqQooKUg	MPREb_ABOiPJX5x4K	UC3G1cV92stSGOy4cLgXmgJQ	ym 2020s early mb albums p1
She melts	Com Truise	In Decay, Too	LIKE	ALXbAdIh0cw	MPREb_ABOiPJX5x4K	UC3G1cV92stSGOy4cLgXmgJQ	ym 2020s early mb albums p1
I Dream (for You)	Com Truise	In Decay, Too	LIKE	biVpE8xSwNA	MPREb_ABOiPJX5x4K	UC3G1cV92stSGOy4cLgXmgJQ	ym 2020s early mb albums p1
Compress—Fuse	Com Truise	In Decay, Too	LIKE	K5iVnEnc4lQ	MPREb_ABOiPJX5x4K	UC3G1cV92stSGOy4cLgXmgJQ	ym 2020s early mb albums p1
One of These Winters Will Take Me (feat. Bon Voyage Organisation)	Cola Boyy	Prosthetic Boombox	LIKE	njHMpFcm6ws	MPREb_MQMHZXwKPIg	UC0HU2_I7r3nY2SKBlq_SnNA	ym 2020s early mb albums p1
The Wild Horse	Clinton Davis	If I Live and I Don't Get Killed	LIKE	FZRr7T7fVUo	MPREb_kSfzIK2I6SG	UCBtizcpSmlyQVBGlM1lEpaQ	ym 2020s early mb albums p1
The Original Jelly Roll Blues	Clinton Davis	If I Live and I Don't Get Killed	LIKE	IiGjHDqHnm4	MPREb_kSfzIK2I6SG	UCBtizcpSmlyQVBGlM1lEpaQ	ym 2020s early mb albums p1
The Mineola Rag	Clinton Davis	If I Live and I Don't Get Killed	LIKE	yKdkgmsfcUI	MPREb_kSfzIK2I6SG	UCBtizcpSmlyQVBGlM1lEpaQ	ym 2020s early mb albums p1
Old Louisiana Blues	Clinton Davis	If I Live and I Don't Get Killed	LIKE	IfENPGBROX4	MPREb_kSfzIK2I6SG	UCBtizcpSmlyQVBGlM1lEpaQ	ym 2020s early mb albums p1
Guitar Blues	Clinton Davis	If I Live and I Don't Get Killed	LIKE	3lcU0Wa5PKA	MPREb_kSfzIK2I6SG	UCBtizcpSmlyQVBGlM1lEpaQ	ym 2020s early mb albums p1
Charleston No. 1	Clinton Davis	If I Live and I Don't Get Killed	LIKE	4mCyL8_iyGQ	MPREb_kSfzIK2I6SG	UCBtizcpSmlyQVBGlM1lEpaQ	ym 2020s early mb albums p1
One Day	Cleo Sol	Mother	LIKE	RvzOrV94Hlc	MPREb_KXFSJJt5sOF	UCw5j4m9SCsNNlY3srtac_KQ	ym 2020s early mb albums p1
Know That You Are Loved	Cleo Sol	Mother	LIKE	OrnZCx859tg	MPREb_KXFSJJt5sOF	UCw5j4m9SCsNNlY3srtac_KQ	ym 2020s early mb albums p1
Medicine (feat. Thom Yorke)	Clark	Sus Dog	LIKE	paZvgLBotpA	MPREb_50gxGVT0bc6	UCnjAJRW6TGaa09fxQgP9y5w	ym 2020s early mb albums p1
Ladder	Clark	Sus Dog	LIKE	FokEJyddc9E	MPREb_50gxGVT0bc6	UCnjAJRW6TGaa09fxQgP9y5w	ym 2020s early mb albums p1
Dolgoch Tape	Clark	Sus Dog	LIKE	oxhwtZsrg_I	MPREb_50gxGVT0bc6	UCnjAJRW6TGaa09fxQgP9y5w	ym 2020s early mb albums p1
Dismissive	Clark	Sus Dog	LIKE	7-3zWcBukos	MPREb_50gxGVT0bc6	UCnjAJRW6TGaa09fxQgP9y5w	ym 2020s early mb albums p1
Clutch Pearlers	Clark	Sus Dog	LIKE	xwZtgb9k2bk	MPREb_50gxGVT0bc6	UCnjAJRW6TGaa09fxQgP9y5w	ym 2020s early mb albums p1
Vardo	Clark	Cave Dog	LIKE	wA_IBrH7yTA	MPREb_P0Stz6oxzEi	UCnjAJRW6TGaa09fxQgP9y5w	ym 2020s early mb albums p1
Unladder	Clark	Cave Dog	LIKE	3ZnCtGlLgm4	MPREb_P0Stz6oxzEi	UCnjAJRW6TGaa09fxQgP9y5w	ym 2020s early mb albums p1
Silver Pet Crank	Clark	Cave Dog	LIKE	w_2o43xlZEM	MPREb_P0Stz6oxzEi	UCnjAJRW6TGaa09fxQgP9y5w	ym 2020s early mb albums p1
Pumpkin	Clark	Cave Dog	LIKE	4YIXv7xz46Q	MPREb_P0Stz6oxzEi	UCnjAJRW6TGaa09fxQgP9y5w	ym 2020s early mb albums p1
Oblivious/Portal	Clark	Cave Dog	LIKE	ltVmoMVm1GI	MPREb_P0Stz6oxzEi	UCnjAJRW6TGaa09fxQgP9y5w	ym 2020s early mb albums p1
Medicine Doves	Clark	Cave Dog	LIKE	aKoftGFVHwg	MPREb_P0Stz6oxzEi	UCnjAJRW6TGaa09fxQgP9y5w	ym 2020s early mb albums p1
Meadow Alien	Clark	Cave Dog	LIKE	6lHswyWKJZs	MPREb_P0Stz6oxzEi	UCnjAJRW6TGaa09fxQgP9y5w	ym 2020s early mb albums p1
Domes of Pearl	Clark	Cave Dog	LIKE	a8T6Gkw1AOY	MPREb_P0Stz6oxzEi	UCnjAJRW6TGaa09fxQgP9y5w	ym 2020s early mb albums p1
Dolgoch Dry As Ash	Clark	Cave Dog	LIKE	br0sHUQ4Q_k	MPREb_P0Stz6oxzEi	UCnjAJRW6TGaa09fxQgP9y5w	ym 2020s early mb albums p1
Dismissed	Clark	Cave Dog	LIKE	6vYxa2NaCM0	MPREb_P0Stz6oxzEi	UCnjAJRW6TGaa09fxQgP9y5w	ym 2020s early mb albums p1
Alyosha Lying	Clark	Cave Dog	LIKE	176Ub92Jq70	MPREb_P0Stz6oxzEi	UCnjAJRW6TGaa09fxQgP9y5w	ym 2020s early mb albums p1
Forgive Me	Chloe x Halle	Ungodly Hour	LIKE	kA1P3fGlEpg	MPREb_ZxkmAqZyAJW	UCe3Cg6wg_dDKBzR1ZctXpZw	ym 2020s early mb albums p1
Don't Make It Harder On Me	Chloe x Halle	Ungodly Hour	LIKE	dyh6zrHbTo0	MPREb_ZxkmAqZyAJW	UCe3Cg6wg_dDKBzR1ZctXpZw	ym 2020s early mb albums p1
Do It	Chloe x Halle	Ungodly Hour	LIKE	MzFBOUI6Hk4	MPREb_ZxkmAqZyAJW	UCe3Cg6wg_dDKBzR1ZctXpZw	ym 2020s early mb albums p1
Baby Girl	Chloe x Halle	Ungodly Hour	LIKE	rBG_dMOB6jA	MPREb_ZxkmAqZyAJW	UCe3Cg6wg_dDKBzR1ZctXpZw	ym 2020s early mb albums p1
grimace_smoking_weed.jpeg	Chat Pile	God's Country	LIKE	Q53GWPaLEHg	MPREb_GRaNSAbbKj9	UCZPOCSpnfFdXkpVPTKDsRPA	ym 2020s early mb albums p1
Pamela	Chat Pile	God's Country	LIKE	jCdW0tLkOAQ	MPREb_GRaNSAbbKj9	UCZPOCSpnfFdXkpVPTKDsRPA	ym 2020s early mb albums p1
forever	Charli xcx	how i'm feeling now	LIKE	WAQuFkexPBw	MPREb_e8ux8QgmKTR	UCI4YNnmHjXFaaKvfdmpWvJQ	ym 2020s early mb albums p1
Twice	Charli xcx	CRASH	LIKE	HIFzaMw7dio	MPREb_17YcoU5m8RE	UCI4YNnmHjXFaaKvfdmpWvJQ	ym 2020s early mb albums p1
The Landscape Listens	Caterina Barbieri	Spirit Exit	LIKE	BjqPrKeAMD0	MPREb_x1j9B8CQdAK	UC9nmOMN_nXa4Ur9KIfRCxwg	ym 2020s early mb albums p1
Knot of Spirit (Synth Version)	Caterina Barbieri	Spirit Exit	LIKE	YkLLrfD_rbY	MPREb_x1j9B8CQdAK	UC9nmOMN_nXa4Ur9KIfRCxwg	ym 2020s early mb albums p1
At Your Gamut	Caterina Barbieri	Spirit Exit	LIKE	zUuAfMcaPro	MPREb_x1j9B8CQdAK	UC9nmOMN_nXa4Ur9KIfRCxwg	ym 2020s early mb albums p1
Running Away	Cate Le Bon	Pompeii	LIKE	iboi7RgbsgQ	MPREb_YMjQonvBVGf	UC3v-q7rxcHrLGArZUpauMVg	ym 2020s early mb albums p1
Pompeii	Cate Le Bon	Pompeii	LIKE	4igzPwZlJn4	MPREb_YMjQonvBVGf	UC3v-q7rxcHrLGArZUpauMVg	ym 2020s early mb albums p1
Harbour	Cate Le Bon	Pompeii	LIKE	CVwZecNegxo	MPREb_YMjQonvBVGf	UC3v-q7rxcHrLGArZUpauMVg	ym 2020s early mb albums p1
Cry Me Old Trouble	Cate Le Bon	Pompeii	LIKE	VBICCiA0toI	MPREb_YMjQonvBVGf	UC3v-q7rxcHrLGArZUpauMVg	ym 2020s early mb albums p1
Crosshairs	Cassandra Jenkins	An Overview on Phenomenal Nature	LIKE	Uog_fe6Dg94	MPREb_36tDI6pS851	UCybnLKIrbGcRK_cvKy6u0gQ	ym 2020s early mb albums p1
Nothing’s Impossible	Caroline Rose	Superstar	LIKE	Cx2gRXgkKEU	MPREb_LLv28RNiJpp	UCfmtGrbjtodRee4cL6Uz2mg	ym 2020s early mb albums p1
Aeroplanes	Carly Rae Jepsen	The Loveliest Time	LIKE	tXsmeBkJjiE	MPREb_cps01NaMdp4	UCexmZthnclJW1aM_o02t5qw	ym 2020s early mb albums p1
Never Come Back (Four Tet Remix)	Caribou	Suddenly Remixes	LIKE	Cc29rsa-ZWU	MPREb_MmTHOD2Fv8t	UCec42nujWCAHuGcNrekNdbg	ym 2020s early mb albums p1
Home (Toro y Moi Remix)	Caribou	Suddenly Remixes	LIKE	UOpphbJNxXI	MPREb_MmTHOD2Fv8t	UCec42nujWCAHuGcNrekNdbg	ym 2020s early mb albums p1
You and I	Caribou	Suddenly	LIKE	AAZ6tZCLtZk	MPREb_rQMLgjBdyGj	UCec42nujWCAHuGcNrekNdbg	ym 2020s early mb albums p1
Sister	Caribou	Suddenly	LIKE	fRbQ3WZiwvU	MPREb_rQMLgjBdyGj	UCec42nujWCAHuGcNrekNdbg	ym 2020s early mb albums p1
Never Come Back	Caribou	Suddenly	LIKE	AS8gUIvaUic	MPREb_rQMLgjBdyGj	UCec42nujWCAHuGcNrekNdbg	ym 2020s early mb albums p1
Like I Loved You	Caribou	Suddenly	LIKE	d1n5dRLoruk	MPREb_rQMLgjBdyGj	UCec42nujWCAHuGcNrekNdbg	ym 2020s early mb albums p1
Home	Caribou	Suddenly	LIKE	QjwnSS-SilM	MPREb_rQMLgjBdyGj	UCec42nujWCAHuGcNrekNdbg	ym 2020s early mb albums p1
Filtered Grand Piano	Caribou	Suddenly	LIKE	XG8sXuEGMNE	MPREb_rQMLgjBdyGj	UCec42nujWCAHuGcNrekNdbg	ym 2020s early mb albums p1
Cloud Song	Caribou	Suddenly	LIKE	RdPcS2eXfPY	MPREb_rQMLgjBdyGj	UCec42nujWCAHuGcNrekNdbg	ym 2020s early mb albums p1
Volume	Caribou	Honey	LIKE	w4UEYn48sno	MPREb_Yd8xP8QKrbd	UCec42nujWCAHuGcNrekNdbg	ym 2020s early mb albums p1
Honey	Caribou	Honey	LIKE	W_JNtSaNvuo	MPREb_Yd8xP8QKrbd	UCec42nujWCAHuGcNrekNdbg	ym 2020s early mb albums p1
There Must Be More Than Blood	Car Seat Headrest	Making a Door Less Open	LIKE	YYcrwfGeqZk	MPREb_edEGaXajAOW	UC97xosBrQZ7jdWVFInndIDg	ym 2020s early mb albums p1
Famous	Car Seat Headrest	Making a Door Less Open	LIKE	OYwADZCBGDU	MPREb_edEGaXajAOW	UC97xosBrQZ7jdWVFInndIDg	ym 2020s early mb albums p1
Deadlines (Thoughtful)	Car Seat Headrest	Making a Door Less Open	LIKE	xZbVEa78EnM	MPREb_edEGaXajAOW	UC97xosBrQZ7jdWVFInndIDg	ym 2020s early mb albums p1
Deadlines (Hostile)	Car Seat Headrest	Making a Door Less Open	LIKE	MbIHaPEgMHI	MPREb_edEGaXajAOW	UC97xosBrQZ7jdWVFInndIDg	ym 2020s early mb albums p1
Can't Cool Me Down	Car Seat Headrest	Making a Door Less Open	LIKE	RLoyZe0tbvI	MPREb_edEGaXajAOW	UC97xosBrQZ7jdWVFInndIDg	ym 2020s early mb albums p1
Tentacle Dragon (Revenge of the) (feat. Billy Strings)	Béla Fleck	My Bluegrass Heart	LIKE	C88W6NBodCM	MPREb_wqzwvXxj2Hy	UCMGaDk8IP3a8q0Gq1tBXjDg	ym 2020s early mb albums p1
Slippery Eel (feat. Chris Thile & Billy Strings)	Béla Fleck	My Bluegrass Heart	LIKE	6izGOqVKnXY	MPREb_wqzwvXxj2Hy	UCMGaDk8IP3a8q0Gq1tBXjDg	ym 2020s early mb albums p1
Charm School (feat. Chris Thile & Billy Strings)	Béla Fleck	My Bluegrass Heart	LIKE	-DAoIjveEEg	MPREb_wqzwvXxj2Hy	UCMGaDk8IP3a8q0Gq1tBXjDg	ym 2020s early mb albums p1
Boulderdash (feat. Tony Trischka & Noam Pikelny)	Béla Fleck	My Bluegrass Heart	LIKE	H84Ast4cZMo	MPREb_wqzwvXxj2Hy	UCMGaDk8IP3a8q0Gq1tBXjDg	ym 2020s early mb albums p1
Nydia	Buscabulla	Regresa	LIKE	EarggFm8TwQ	MPREb_zTvpztyV8yH	UCEGh-fzuh-setDHbGA1J0aw	ym 2020s early mb albums p1
NTE	Buscabulla	Regresa	LIKE	MG4EBiU9rvU	MPREb_zTvpztyV8yH	UCEGh-fzuh-setDHbGA1J0aw	ym 2020s early mb albums p1
Streetlands	Burial	Streetlands EP	LIKE	RjtHNWD3-QI	MPREb_1QJIq3KmFqP	UCQcNEJM-RtTiomfm8Avt5UQ	ym 2020s early mb albums p1
Strange Neighbourhood	Burial	Antidawn EP	LIKE	pN99UAUOvbk	MPREb_Ogb6izgbXr1	UCQcNEJM-RtTiomfm8Avt5UQ	ym 2020s early mb albums p1
Shadow Paradise	Burial	Antidawn EP	LIKE	P1JFAlUvBgc	MPREb_Ogb6izgbXr1	UCQcNEJM-RtTiomfm8Avt5UQ	ym 2020s early mb albums p1
Understood	Built to Spill	When The Wind Forgets Your Name	LIKE	I7rlrPM2Yjc	MPREb_sU334hg9Lr0	UCrMHecWO6fui7O2d9dnpEZg	ym 2020s early mb albums p1
Spiderweb	Built to Spill	When The Wind Forgets Your Name	LIKE	8HrygHLRJ0E	MPREb_sU334hg9Lr0	UCrMHecWO6fui7O2d9dnpEZg	ym 2020s early mb albums p1
Rocksteady	Built to Spill	When The Wind Forgets Your Name	LIKE	uyak7lnFCuQ	MPREb_sU334hg9Lr0	UCrMHecWO6fui7O2d9dnpEZg	ym 2020s early mb albums p1
Never Alright	Built to Spill	When The Wind Forgets Your Name	LIKE	kgAQ-GxeehE	MPREb_sU334hg9Lr0	UCrMHecWO6fui7O2d9dnpEZg	ym 2020s early mb albums p1
Gonna Lose	Built to Spill	When The Wind Forgets Your Name	LIKE	up5qEiN9OTY	MPREb_sU334hg9Lr0	UCrMHecWO6fui7O2d9dnpEZg	ym 2020s early mb albums p1
Fool's Gold	Built to Spill	When The Wind Forgets Your Name	LIKE	g4A2yfiQbVk	MPREb_sU334hg9Lr0	UCrMHecWO6fui7O2d9dnpEZg	ym 2020s early mb albums p1
Elements	Built to Spill	When The Wind Forgets Your Name	LIKE	HaXPw4CTQRA	MPREb_sU334hg9Lr0	UCrMHecWO6fui7O2d9dnpEZg	ym 2020s early mb albums p1
Comes a Day	Built to Spill	When The Wind Forgets Your Name	LIKE	oLzRKmKaoU4	MPREb_sU334hg9Lr0	UCrMHecWO6fui7O2d9dnpEZg	ym 2020s early mb albums p1
Alright	Built to Spill	When The Wind Forgets Your Name	LIKE	rbXNHAc54hM	MPREb_sU334hg9Lr0	UCrMHecWO6fui7O2d9dnpEZg	ym 2020s early mb albums p1
♥ ♥	Bubble Love	Bubble Love	LIKE	mNxVQZrRSIs	MPREb_IdDe0pyqvwO	UCa7HgVuBlcSq8YNhlz-Zg-Q	ym 2020s early mb albums p1
Love	Bubble Love	Bubble Love	LIKE	ezKbXYw95BM	MPREb_IdDe0pyqvwO	UCa7HgVuBlcSq8YNhlz-Zg-Q	ym 2020s early mb albums p1
Hate	Bubble Love	Bubble Love	LIKE	i3KH5squjA0	MPREb_IdDe0pyqvwO	UCa7HgVuBlcSq8YNhlz-Zg-Q	ym 2020s early mb albums p1
Believe	Bubble Love	Bubble Love	LIKE	1jRzWwh6odM	MPREb_IdDe0pyqvwO	UCa7HgVuBlcSq8YNhlz-Zg-Q	ym 2020s early mb albums p1
We're Not In Orbit Yet…	Broken Bells	INTO THE BLUE	LIKE	Wk7NQTrXLlY	MPREb_6sil9tzj7ZK	UCHEURKSdC-GByFdgBGtNDfQ	ym 2020s early mb albums p1
The Chase	Broken Bells	INTO THE BLUE	LIKE	nW2WDV_q9xQ	MPREb_6sil9tzj7ZK	UCHEURKSdC-GByFdgBGtNDfQ	ym 2020s early mb albums p1
Saturdays	Broken Bells	INTO THE BLUE	LIKE	727py4g50mo	MPREb_6sil9tzj7ZK	UCHEURKSdC-GByFdgBGtNDfQ	ym 2020s early mb albums p1
One Night	Broken Bells	INTO THE BLUE	LIKE	q2i7onyRrWM	MPREb_6sil9tzj7ZK	UCHEURKSdC-GByFdgBGtNDfQ	ym 2020s early mb albums p1
Love On The Run	Broken Bells	INTO THE BLUE	LIKE	o16-GIKMbGo	MPREb_6sil9tzj7ZK	UCHEURKSdC-GByFdgBGtNDfQ	ym 2020s early mb albums p1
Invisible Exit	Broken Bells	INTO THE BLUE	LIKE	nG3-opwv8I8	MPREb_6sil9tzj7ZK	UCHEURKSdC-GByFdgBGtNDfQ	ym 2020s early mb albums p1
Into The Blue	Broken Bells	INTO THE BLUE	LIKE	v0qYywVxrjU	MPREb_6sil9tzj7ZK	UCHEURKSdC-GByFdgBGtNDfQ	ym 2020s early mb albums p1
Forgotten Boy	Broken Bells	INTO THE BLUE	LIKE	SvhDrSQFYWg	MPREb_6sil9tzj7ZK	UCHEURKSdC-GByFdgBGtNDfQ	ym 2020s early mb albums p1
Fade Away	Broken Bells	INTO THE BLUE	LIKE	KFZUssL7TPQ	MPREb_6sil9tzj7ZK	UCHEURKSdC-GByFdgBGtNDfQ	ym 2020s early mb albums p1
What Now	Brittany Howard	What Now	LIKE	DsbSrMeIoS8	MPREb_gzMGDdcojXj	UCMF8rspw2AAm0q4nqxD772A	ym 2020s early mb albums p1
I Don't	Brittany Howard	What Now	LIKE	gUYBiN_t3SA	MPREb_gzMGDdcojXj	UCMF8rspw2AAm0q4nqxD772A	ym 2020s early mb albums p1
Tides (feat. Jamila Woods)	Bonobo	Fragments	LIKE	ZWUwPK8TOPg	MPREb_8RTEBZnp6F7	UCWBqhkfK4YT2OI3mJRQnNXg	ym 2020s early mb albums p1
Sapien	Bonobo	Fragments	LIKE	_Mqqoo5oeGs	MPREb_8RTEBZnp6F7	UCWBqhkfK4YT2OI3mJRQnNXg	ym 2020s early mb albums p1
Rosewood	Bonobo	Fragments	LIKE	lpxz8oxJFcs	MPREb_8RTEBZnp6F7	UCWBqhkfK4YT2OI3mJRQnNXg	ym 2020s early mb albums p1
Polyghost (feat. Miguel Atwood-Ferguson)	Bonobo	Fragments	LIKE	mlFMIxy1p34	MPREb_8RTEBZnp6F7	UCWBqhkfK4YT2OI3mJRQnNXg	ym 2020s early mb albums p1
Otomo (feat. O’Flynn)	Bonobo	Fragments	LIKE	TjiZBlOCuvo	MPREb_8RTEBZnp6F7	UCWBqhkfK4YT2OI3mJRQnNXg	ym 2020s early mb albums p1
From You (feat. Joji)	Bonobo	Fragments	LIKE	a9zTSRnP2EM	MPREb_8RTEBZnp6F7	UCWBqhkfK4YT2OI3mJRQnNXg	ym 2020s early mb albums p1
Elysian	Bonobo	Fragments	LIKE	CTVzqU8qe-0	MPREb_8RTEBZnp6F7	UCWBqhkfK4YT2OI3mJRQnNXg	ym 2020s early mb albums p1
Closer	Bonobo	Fragments	LIKE	irLUQdsjNKo	MPREb_8RTEBZnp6F7	UCWBqhkfK4YT2OI3mJRQnNXg	ym 2020s early mb albums p1
I Contain Multitudes	Bob Dylan	Rough and Rowdy Ways	LIKE	CU-e3os7QBk	MPREb_CbdaLGRHqOQ	UCBqkojCXby4zGkWX86FEY7Q	ym 2020s early mb albums p1
False Prophet	Bob Dylan	Rough and Rowdy Ways	LIKE	KAvMc4MmHdg	MPREb_CbdaLGRHqOQ	UCBqkojCXby4zGkWX86FEY7Q	ym 2020s early mb albums p1
Black Rider	Bob Dylan	Rough and Rowdy Ways	LIKE	4zOwLtHzEX4	MPREb_CbdaLGRHqOQ	UCBqkojCXby4zGkWX86FEY7Q	ym 2020s early mb albums p1
The Narcissist	Blur	The Ballad of Darren	LIKE	6zNXEB2cyBo	MPREb_QFlBbYEGbgM	UCI3EFb2lvZyBMykNd64JDhg	ym 2020s early mb albums p1
St. Charles Square	Blur	The Ballad of Darren	LIKE	i5m2E7G3Pzo	MPREb_QFlBbYEGbgM	UCI3EFb2lvZyBMykNd64JDhg	ym 2020s early mb albums p1
Via Savona	Blonde Redhead	Sit Down for Dinner	LIKE	nITN1ZycDyQ	MPREb_nhhSVrfHWwZ	UCvdVUaJ_3Li6ZLGhF3_MexA	ym 2020s early mb albums p1
Snowman	Blonde Redhead	Sit Down for Dinner	LIKE	IPLwGUg8ijk	MPREb_nhhSVrfHWwZ	UCvdVUaJ_3Li6ZLGhF3_MexA	ym 2020s early mb albums p1
Sit Down for Dinner, Pt. 2	Blonde Redhead	Sit Down for Dinner	LIKE	Flx2DzkZCKQ	MPREb_nhhSVrfHWwZ	UCvdVUaJ_3Li6ZLGhF3_MexA	ym 2020s early mb albums p1
Melody Experiment	Blonde Redhead	Sit Down for Dinner	LIKE	qUUxKjQ_nZQ	MPREb_nhhSVrfHWwZ	UCvdVUaJ_3Li6ZLGhF3_MexA	ym 2020s early mb albums p1
Before	Blonde Redhead	Sit Down for Dinner	LIKE	ufl_9u19X_U	MPREb_nhhSVrfHWwZ	UCvdVUaJ_3Li6ZLGhF3_MexA	ym 2020s early mb albums p1
Track X (Live from the Queen Elizabeth Hall)	Black Country, New Road	Ants From Up There (Deluxe)	LIKE	R_Qx4KkL76E	MPREb_5UsLP4t8hft	UCWN_Fs7lSjB3T81g-Tw3ZHA	ym 2020s early mb albums p1
The Place Where He Inserted the Blade	Black Country, New Road	Ants From Up There (Deluxe)	LIKE	bJodOPBA6xo	MPREb_5UsLP4t8hft	UCWN_Fs7lSjB3T81g-Tw3ZHA	ym 2020s early mb albums p1
Sunglasses (Live from the Queen Elizabeth Hall)	Black Country, New Road	Ants From Up There (Deluxe)	LIKE	mLNeCuBlfKg	MPREb_5UsLP4t8hft	UCWN_Fs7lSjB3T81g-Tw3ZHA	ym 2020s early mb albums p1
Snow Globes	Black Country, New Road	Ants From Up There (Deluxe)	LIKE	rq2dezC68ms	MPREb_5UsLP4t8hft	UCWN_Fs7lSjB3T81g-Tw3ZHA	ym 2020s early mb albums p1
Science Fair (Live from the Queen Elizabeth Hall)	Black Country, New Road	Ants From Up There (Deluxe)	LIKE	4_OqM1ZfisM	MPREb_5UsLP4t8hft	UCWN_Fs7lSjB3T81g-Tw3ZHA	ym 2020s early mb albums p1
Opus (Live from the Queen Elizabeth Hall)	Black Country, New Road	Ants From Up There (Deluxe)	LIKE	qwlIR2e_rik	MPREb_5UsLP4t8hft	UCWN_Fs7lSjB3T81g-Tw3ZHA	ym 2020s early mb albums p1
Mark’s Theme (Live from the Queen Elizabeth Hall)	Black Country, New Road	Ants From Up There (Deluxe)	LIKE	hl9kdqKvw6k	MPREb_5UsLP4t8hft	UCWN_Fs7lSjB3T81g-Tw3ZHA	ym 2020s early mb albums p1
Mark’s Theme	Black Country, New Road	Ants From Up There (Deluxe)	LIKE	av1tYn0SzU4	MPREb_5UsLP4t8hft	UCWN_Fs7lSjB3T81g-Tw3ZHA	ym 2020s early mb albums p1
Instrumental (Live from the Queen Elizabeth Hall)	Black Country, New Road	Ants From Up There (Deluxe)	LIKE	jVJvyGymF0I	MPREb_5UsLP4t8hft	UCWN_Fs7lSjB3T81g-Tw3ZHA	ym 2020s early mb albums p1
Haldern	Black Country, New Road	Ants From Up There (Deluxe)	LIKE	Tu2n7PI9DcE	MPREb_5UsLP4t8hft	UCWN_Fs7lSjB3T81g-Tw3ZHA	ym 2020s early mb albums p1
Good Will Hunting	Black Country, New Road	Ants From Up There (Deluxe)	LIKE	rmVyYbuEbKY	MPREb_5UsLP4t8hft	UCWN_Fs7lSjB3T81g-Tw3ZHA	ym 2020s early mb albums p1
Concorde	Black Country, New Road	Ants From Up There (Deluxe)	LIKE	bBgLRMmVEj8	MPREb_5UsLP4t8hft	UCWN_Fs7lSjB3T81g-Tw3ZHA	ym 2020s early mb albums p1
Athens, France (Live from the Queen Elizabeth Hall)	Black Country, New Road	Ants From Up There (Deluxe)	LIKE	pxhM4ebH6io	MPREb_5UsLP4t8hft	UCWN_Fs7lSjB3T81g-Tw3ZHA	ym 2020s early mb albums p1
Sorrowful Soil	Björk	Fossora	LIKE	HpZT6aMaXD4	MPREb_0GI42mklI5l	UCAjidy3vxRkgGVNIFqZMl_Q	ym 2020s early mb albums p1
Mycelia	Björk	Fossora	LIKE	1TJCsUBflc4	MPREb_0GI42mklI5l	UCAjidy3vxRkgGVNIFqZMl_Q	ym 2020s early mb albums p1
Where Do We Go?	Bill Frisell	Valentine	LIKE	IMixXn-Pb9U	MPREb_U4m0zqcv9UF	UCAK5ztsfvlDanqFo9hpMn8g	ym 2020s early mb albums p1
What The World Needs Now Is Love	Bill Frisell	Valentine	LIKE	H7jOHuWJJQQ	MPREb_U4m0zqcv9UF	UCAK5ztsfvlDanqFo9hpMn8g	ym 2020s early mb albums p1
We Shall Overcome	Bill Frisell	Valentine	LIKE	S1fOVkzR_oA	MPREb_U4m0zqcv9UF	UCAK5ztsfvlDanqFo9hpMn8g	ym 2020s early mb albums p1
Keep Your Eyes Open	Bill Frisell	Valentine	LIKE	mh1pxDOXqwE	MPREb_U4m0zqcv9UF	UCAK5ztsfvlDanqFo9hpMn8g	ym 2020s early mb albums p1
The Mackenzies	Bill Callahan	Gold Record	LIKE	hMMEUgts6i0	MPREb_a2jt5FJVt5U	UCwvSf_pDY0pvm5mlQEqWkvQ	ym 2020s early mb albums p1
Pigeons	Bill Callahan	Gold Record	LIKE	PSv60b7PWpU	MPREb_a2jt5FJVt5U	UCwvSf_pDY0pvm5mlQEqWkvQ	ym 2020s early mb albums p1
Breakfast	Bill Callahan	Gold Record	LIKE	xKBuyr9yJ-k	MPREb_a2jt5FJVt5U	UCwvSf_pDY0pvm5mlQEqWkvQ	ym 2020s early mb albums p1
Another Song	Bill Callahan	Gold Record	LIKE	8EkmWfzeKAk	MPREb_a2jt5FJVt5U	UCwvSf_pDY0pvm5mlQEqWkvQ	ym 2020s early mb albums p1
35	Bill Callahan	Gold Record	LIKE	JJXfl7WmzWI	MPREb_a2jt5FJVt5U	UCwvSf_pDY0pvm5mlQEqWkvQ	ym 2020s early mb albums p1
The Only Place	Big Thief	Dragon New Warm Mountain I Believe in You	LIKE	e3BykIZoC2c	MPREb_5vCH8bfectk	UCYUYq5dThTOIY6o9hAgnlQQ	ym 2020s early mb albums p1
Spud Infinity	Big Thief	Dragon New Warm Mountain I Believe in You	LIKE	xEEeVBd_fJk	MPREb_5vCH8bfectk	UCYUYq5dThTOIY6o9hAgnlQQ	ym 2020s early mb albums p1
Sparrow	Big Thief	Dragon New Warm Mountain I Believe in You	LIKE	IR0m8RoVbak	MPREb_5vCH8bfectk	UCYUYq5dThTOIY6o9hAgnlQQ	ym 2020s early mb albums p1
Simulation Swarm	Big Thief	Dragon New Warm Mountain I Believe in You	LIKE	PFoVAtIPG3c	MPREb_5vCH8bfectk	UCYUYq5dThTOIY6o9hAgnlQQ	ym 2020s early mb albums p1
Promise Is a Pendulum	Big Thief	Dragon New Warm Mountain I Believe in You	LIKE	YQ9rkf4EGGM	MPREb_5vCH8bfectk	UCYUYq5dThTOIY6o9hAgnlQQ	ym 2020s early mb albums p1
Love Love Love	Big Thief	Dragon New Warm Mountain I Believe in You	LIKE	xs9wbGYA7YU	MPREb_5vCH8bfectk	UCYUYq5dThTOIY6o9hAgnlQQ	ym 2020s early mb albums p1
Little Things	Big Thief	Dragon New Warm Mountain I Believe in You	LIKE	a9po5DeTGXo	MPREb_5vCH8bfectk	UCYUYq5dThTOIY6o9hAgnlQQ	ym 2020s early mb albums p1
Heavy Bend	Big Thief	Dragon New Warm Mountain I Believe in You	LIKE	_bYuUlOZqNs	MPREb_5vCH8bfectk	UCYUYq5dThTOIY6o9hAgnlQQ	ym 2020s early mb albums p1
Flower of Blood	Big Thief	Dragon New Warm Mountain I Believe in You	LIKE	69LFQH6vuaM	MPREb_5vCH8bfectk	UCYUYq5dThTOIY6o9hAgnlQQ	ym 2020s early mb albums p1
Dried Roses	Big Thief	Dragon New Warm Mountain I Believe in You	LIKE	PRfmnhQE1hc	MPREb_5vCH8bfectk	UCYUYq5dThTOIY6o9hAgnlQQ	ym 2020s early mb albums p1
Dragon New Warm Mountain I Believe in You	Big Thief	Dragon New Warm Mountain I Believe in You	LIKE	1tbm-5jUvN8	MPREb_5vCH8bfectk	UCYUYq5dThTOIY6o9hAgnlQQ	ym 2020s early mb albums p1
Change	Big Thief	Dragon New Warm Mountain I Believe in You	LIKE	2A_EPgc0l-Y	MPREb_5vCH8bfectk	UCYUYq5dThTOIY6o9hAgnlQQ	ym 2020s early mb albums p1
Certainty	Big Thief	Dragon New Warm Mountain I Believe in You	LIKE	N_H34wvXXzM	MPREb_5vCH8bfectk	UCYUYq5dThTOIY6o9hAgnlQQ	ym 2020s early mb albums p1
12,000 Lines	Big Thief	Dragon New Warm Mountain I Believe in You	LIKE	1Ywgm_3QbMs	MPREb_5vCH8bfectk	UCYUYq5dThTOIY6o9hAgnlQQ	ym 2020s early mb albums p1
Renegade (feat. Taylor Swift)	Big Red Machine	How Long Do You Think It's Gonna Last?	LIKE	C3qs_Xc207A	MPREb_W6KzbSonGMV	UCYxoVvpkCzLvm1ec5EcgeCw	ym 2020s early mb albums p1
Reese	Big Red Machine	How Long Do You Think It's Gonna Last?	LIKE	B9lQkXTpE3g	MPREb_W6KzbSonGMV	UCYxoVvpkCzLvm1ec5EcgeCw	ym 2020s early mb albums p1
Phoenix (feat. Fleet Foxes & Anaïs Mitchell)	Big Red Machine	How Long Do You Think It's Gonna Last?	LIKE	_7MOpbD6CD0	MPREb_W6KzbSonGMV	UCYxoVvpkCzLvm1ec5EcgeCw	ym 2020s early mb albums p1
Latter Days (feat. Anaïs Mitchell)	Big Red Machine	How Long Do You Think It's Gonna Last?	LIKE	X2cSHrBj0fY	MPREb_W6KzbSonGMV	UCYxoVvpkCzLvm1ec5EcgeCw	ym 2020s early mb albums p1
June's a River (feat. Ben Howard & This Is The Kit)	Big Red Machine	How Long Do You Think It's Gonna Last?	LIKE	mRsizdkEcwU	MPREb_W6KzbSonGMV	UCYxoVvpkCzLvm1ec5EcgeCw	ym 2020s early mb albums p1
Hutch (feat. Sharon Van Etten, Lisa Hannigan & Shara Nova)	Big Red Machine	How Long Do You Think It's Gonna Last?	LIKE	9ji-tTVRWpA	MPREb_W6KzbSonGMV	UCYxoVvpkCzLvm1ec5EcgeCw	ym 2020s early mb albums p1
Hoping Then	Big Red Machine	How Long Do You Think It's Gonna Last?	LIKE	zku_OT5SYHg	MPREb_W6KzbSonGMV	UCYxoVvpkCzLvm1ec5EcgeCw	ym 2020s early mb albums p1
X (feat. Clara La San)	Bicep	Isles	LIKE	mtFOc1w140w	MPREb_NqXa3Im9PPO	UCgapGYYYntw8Wg57E1DI7NA	ym 2020s early mb albums p1
Fir	Bicep	Isles	LIKE	kB8UOlbmNkY	MPREb_NqXa3Im9PPO	UCgapGYYYntw8Wg57E1DI7NA	ym 2020s early mb albums p1
Atlas	Bicep	Isles	LIKE	CEIBdiNW5gI	MPREb_NqXa3Im9PPO	UCgapGYYYntw8Wg57E1DI7NA	ym 2020s early mb albums p1
Apricots	Bicep	Isles	LIKE	-h6PCkfTBcc	MPREb_NqXa3Im9PPO	UCgapGYYYntw8Wg57E1DI7NA	ym 2020s early mb albums p1
Watching Thus, The Heron Is All Pool	Bibio	Sleep On The Wing	LIKE	lNdvrdiScJg	MPREb_zrTkWcrKnY0	UCuJ1ytddNReUXXZb3QPNEtg	ym 2020s early mb albums p1
The Milky Way Over Ratlinghope	Bibio	Sleep On The Wing	LIKE	rc8OrFrhuHQ	MPREb_zrTkWcrKnY0	UCuJ1ytddNReUXXZb3QPNEtg	ym 2020s early mb albums p1
Sleep On The Wing	Bibio	Sleep On The Wing	LIKE	22jCylCr2mw	MPREb_zrTkWcrKnY0	UCuJ1ytddNReUXXZb3QPNEtg	ym 2020s early mb albums p1
Otter Shadows	Bibio	Sleep On The Wing	LIKE	i2ORjEzxRm0	MPREb_zrTkWcrKnY0	UCuJ1ytddNReUXXZb3QPNEtg	ym 2020s early mb albums p1
Oakmoss	Bibio	Sleep On The Wing	LIKE	84XClOYD8OI	MPREb_zrTkWcrKnY0	UCuJ1ytddNReUXXZb3QPNEtg	ym 2020s early mb albums p1
Lightspout Hollow	Bibio	Sleep On The Wing	LIKE	FT6ZvKPnpOU	MPREb_zrTkWcrKnY0	UCuJ1ytddNReUXXZb3QPNEtg	ym 2020s early mb albums p1
Awpockes	Bibio	Sleep On The Wing	LIKE	ndCgsvPECMk	MPREb_zrTkWcrKnY0	UCuJ1ytddNReUXXZb3QPNEtg	ym 2020s early mb albums p1
PHANTOM BRICKWORKS III	Bibio	PHANTOM BRICKWORKS	LIKE	ZVjLKYdTWqk	MPREb_gpPSWybWR7n	UCuJ1ytddNReUXXZb3QPNEtg	ym 2020s early mb albums p1
PHANTOM BRICKWORKS II	Bibio	PHANTOM BRICKWORKS	LIKE	CjtjIlkajSY	MPREb_gpPSWybWR7n	UCuJ1ytddNReUXXZb3QPNEtg	ym 2020s early mb albums p1
PHANTOM BRICKWORKS	Bibio	PHANTOM BRICKWORKS	LIKE	gT7IZ7cItuI	MPREb_gpPSWybWR7n	UCuJ1ytddNReUXXZb3QPNEtg	ym 2020s early mb albums p1
PANTGLAS	Bibio	PHANTOM BRICKWORKS	LIKE	5Q3xYiUnQZE	MPREb_gpPSWybWR7n	UCuJ1ytddNReUXXZb3QPNEtg	ym 2020s early mb albums p1
IVY CHARCOAL	Bibio	PHANTOM BRICKWORKS	LIKE	b2Qi9OTbX9w	MPREb_gpPSWybWR7n	UCuJ1ytddNReUXXZb3QPNEtg	ym 2020s early mb albums p1
CAPEL CELYN	Bibio	PHANTOM BRICKWORKS	LIKE	nCuoUr5c_rI	MPREb_gpPSWybWR7n	UCuJ1ytddNReUXXZb3QPNEtg	ym 2020s early mb albums p1
CAPEL BETHANIA	Bibio	PHANTOM BRICKWORKS	LIKE	fyXcHtj5oZM	MPREb_gpPSWybWR7n	UCuJ1ytddNReUXXZb3QPNEtg	ym 2020s early mb albums p1
BRANCH LINE	Bibio	PHANTOM BRICKWORKS	LIKE	N4AJwV6z9xQ	MPREb_gpPSWybWR7n	UCuJ1ytddNReUXXZb3QPNEtg	ym 2020s early mb albums p1
09:13	Bibio	PHANTOM BRICKWORKS	LIKE	fEcfnvCB6gs	MPREb_gpPSWybWR7n	UCuJ1ytddNReUXXZb3QPNEtg	ym 2020s early mb albums p1
Rain and Shine	Bibio	BIB10	LIKE	oeQ1Wo9HlZA	MPREb_U1PcUTRIvox	UCuJ1ytddNReUXXZb3QPNEtg	ym 2020s early mb albums p1
Cinnamon Cinematic	Bibio	BIB10	LIKE	V8fgwa3euPw	MPREb_U1PcUTRIvox	UCuJ1ytddNReUXXZb3QPNEtg	ym 2020s early mb albums p1
CUFF IT	Beyoncé	RENAISSANCE	LIKE	AUnzoN7pFE0	MPREb_aiNCHq3yHyv	UCoPQ_TWm8JZ5nJv4a5BzSWA	ym 2020s early mb albums p1
Weather Alive	Beth Orton	Weather Alive	LIKE	SiExFZJ-Cr4	MPREb_xzjpy38Gmxp	UC2IJlvnC9w7aT0mggVPnp7g	ym 2020s early mb albums p1
Fractals	Beth Orton	Weather Alive	LIKE	I_dP7spNV2k	MPREb_xzjpy38Gmxp	UC2IJlvnC9w7aT0mggVPnp7g	ym 2020s early mb albums p1
Forever Young	Beth Orton	Weather Alive	LIKE	jMzVevzjzMo	MPREb_xzjpy38Gmxp	UC2IJlvnC9w7aT0mggVPnp7g	ym 2020s early mb albums p1
Whispering Love	Beth Gibbons	Lives Outgrown	LIKE	gdX25Ra8ZEA	MPREb_PyZZRFu75Ig	UCaSt_IkuGhFkxOktydRbU0w	ym 2020s early mb albums p1
Muriel’s Big Day Off	Being Dead	When Horses Would Run	LIKE	pu-4ejzM8-c	MPREb_K7p1bITty7x	UCvFW4dbNx0yQ0uxA4B1ytew	ym 2020s early mb albums p1
Misery Lane	Being Dead	When Horses Would Run	LIKE	XiVtsWzNqiw	MPREb_K7p1bITty7x	UCvFW4dbNx0yQ0uxA4B1ytew	ym 2020s early mb albums p1
Last Living Buffalo	Being Dead	When Horses Would Run	LIKE	nJj5TavWlxw	MPREb_K7p1bITty7x	UCvFW4dbNx0yQ0uxA4B1ytew	ym 2020s early mb albums p1
Holy Team	Being Dead	When Horses Would Run	LIKE	gKoycnS0ors	MPREb_K7p1bITty7x	UCvFW4dbNx0yQ0uxA4B1ytew	ym 2020s early mb albums p1
Lilypad Lane	Being Dead	EELS	LIKE	VCzI2aE5lUE	MPREb_3qNPLm0dJcr	UCvFW4dbNx0yQ0uxA4B1ytew	ym 2020s early mb albums p1
Godzilla Rises	Being Dead	EELS	LIKE	cyIPZMIGMdM	MPREb_3qNPLm0dJcr	UCvFW4dbNx0yQ0uxA4B1ytew	ym 2020s early mb albums p1
Dragons II	Being Dead	EELS	LIKE	DnPKs-PxHjI	MPREb_3qNPLm0dJcr	UCvFW4dbNx0yQ0uxA4B1ytew	ym 2020s early mb albums p1
Blanket of my Bone	Being Dead	EELS	LIKE	jl5gpYvEB3w	MPREb_3qNPLm0dJcr	UCvFW4dbNx0yQ0uxA4B1ytew	ym 2020s early mb albums p1
Workaround Three	Beatrice Dillon, Untold, Kenichi Iwasa, and Lucy Railton	Workaround	LIKE	iRROa0YoTJc	MPREb_en2dtE0USD8		ym 2020s early mb albums p1
Workaround Seven	Beatrice Dillon, Petter Eldh, & Kadialy Kouyate	Workaround	LIKE	qNsA5M8Dae0	MPREb_en2dtE0USD8		ym 2020s early mb albums p1
Workaround Two	Beatrice Dillon, Laurel Halo, Jonny Lam, Verity Susman, and Untold	Workaround	LIKE	s2a7esEfUEI	MPREb_en2dtE0USD8		ym 2020s early mb albums p1
Workaround Four	Beatrice Dillon & Kuljit Bhamra	Workaround	LIKE	8EAdnBN9CoA	MPREb_en2dtE0USD8		ym 2020s early mb albums p1
The Seal	Beak>	>>>>	LIKE	6xo2mwU2Nx4	MPREb_nnxiwCafLF7	UCNvV4BmgtP1_bb7CZ3_U2ZQ	ym 2020s early mb albums p1
Strawberry Line	Beak>	>>>>	LIKE	PDXU-g06a8A	MPREb_nnxiwCafLF7	UCNvV4BmgtP1_bb7CZ3_U2ZQ	ym 2020s early mb albums p1
Hungry Are We	Beak>	>>>>	LIKE	IQ-tAOFvofU	MPREb_nnxiwCafLF7	UCNvV4BmgtP1_bb7CZ3_U2ZQ	ym 2020s early mb albums p1
Cellophane	Beak>	>>>>	LIKE	0SdsC44eAnc	MPREb_nnxiwCafLF7	UCNvV4BmgtP1_bb7CZ3_U2ZQ	ym 2020s early mb albums p1
Bloody Miles	Beak>	>>>>	LIKE	RNoh5MHfvco	MPREb_nnxiwCafLF7	UCNvV4BmgtP1_bb7CZ3_U2ZQ	ym 2020s early mb albums p1
Ah Yeh	Beak>	>>>>	LIKE	b_QvMX7Vpjk	MPREb_nnxiwCafLF7	UCNvV4BmgtP1_bb7CZ3_U2ZQ	ym 2020s early mb albums p1
Superstar	Beach House	Once Twice Melody	LIKE	jeJEBbuOpBI	MPREb_Hnz1cU2WY5u	UC785fnTclD2P2WQXRAt2BVg	ym 2020s early mb albums p1
Runaway	Beach House	Once Twice Melody	LIKE	A1bHpGip0JQ	MPREb_Hnz1cU2WY5u	UC785fnTclD2P2WQXRAt2BVg	ym 2020s early mb albums p1
Pink Funeral	Beach House	Once Twice Melody	LIKE	bssLYuLx_8w	MPREb_Hnz1cU2WY5u	UC785fnTclD2P2WQXRAt2BVg	ym 2020s early mb albums p1
Once Twice Melody	Beach House	Once Twice Melody	LIKE	yqt3bc08jrM	MPREb_Hnz1cU2WY5u	UC785fnTclD2P2WQXRAt2BVg	ym 2020s early mb albums p1
New Romance	Beach House	Once Twice Melody	LIKE	HWc_Ayp_mck	MPREb_Hnz1cU2WY5u	UC785fnTclD2P2WQXRAt2BVg	ym 2020s early mb albums p1
Masquerade	Beach House	Once Twice Melody	LIKE	iUhBDWVKK70	MPREb_Hnz1cU2WY5u	UC785fnTclD2P2WQXRAt2BVg	ym 2020s early mb albums p1
Hurts to Love	Beach House	Once Twice Melody	LIKE	C8z0iTTVDow	MPREb_Hnz1cU2WY5u	UC785fnTclD2P2WQXRAt2BVg	ym 2020s early mb albums p1
ESP	Beach House	Once Twice Melody	LIKE	YQ-VcbrRiyw	MPREb_Hnz1cU2WY5u	UC785fnTclD2P2WQXRAt2BVg	ym 2020s early mb albums p1
Waterfall	Beach Fossils	Bunny	LIKE	YclfbZMUppg	MPREb_pieTzmWU02q	UCa3Tz2g-TF1oumK2paiC9yg	ym 2020s early mb albums p1
Seconds	Beach Fossils	Bunny	LIKE	0Vt2GY9ofnQ	MPREb_pieTzmWU02q	UCa3Tz2g-TF1oumK2paiC9yg	ym 2020s early mb albums p1
Numb	Beach Fossils	Bunny	LIKE	Jo1Ppdf79ag	MPREb_pieTzmWU02q	UCa3Tz2g-TF1oumK2paiC9yg	ym 2020s early mb albums p1
Anything Is Anything	Beach Fossils	Bunny	LIKE	3tsmsKXeHbY	MPREb_pieTzmWU02q	UCa3Tz2g-TF1oumK2paiC9yg	ym 2020s early mb albums p1
Sunsleeper	Barry Can’t Swim	When Will We Land?	LIKE	iG5MOdM-m-k	MPREb_HaYGW3u7FaA	UCoIevyBHb_rq-bf16vbnd5A	ym 2020s early mb albums p1
How It Feels	Barry Can’t Swim	When Will We Land?	LIKE	ytJvWbTfadw	MPREb_HaYGW3u7FaA	UCoIevyBHb_rq-bf16vbnd5A	ym 2020s early mb albums p1
Yo Perreo Sola	Bad Bunny	YHLQMDLG	LIKE	iFuqjC-LiH8	MPREb_QR54wuCKDeh	UCiY3z8HAGD6BlSNKVn2kSvQ	ym 2020s early mb albums p1
Si Veo a Tu Mamá	Bad Bunny	YHLQMDLG	LIKE	KywzeIM45FA	MPREb_QR54wuCKDeh	UCiY3z8HAGD6BlSNKVn2kSvQ	ym 2020s early mb albums p1
Safaera	Bad Bunny	YHLQMDLG	LIKE	StOcfVeaZ60	MPREb_QR54wuCKDeh	UCiY3z8HAGD6BlSNKVn2kSvQ	ym 2020s early mb albums p1
Que Malo	Bad Bunny	YHLQMDLG	LIKE	k0KddL5sBGY	MPREb_QR54wuCKDeh	UCiY3z8HAGD6BlSNKVn2kSvQ	ym 2020s early mb albums p1
Pero Ya No	Bad Bunny	YHLQMDLG	LIKE	85ze0tlotvA	MPREb_QR54wuCKDeh	UCiY3z8HAGD6BlSNKVn2kSvQ	ym 2020s early mb albums p1
P FKN R	Bad Bunny	YHLQMDLG	LIKE	Mjdzn1Owij4	MPREb_QR54wuCKDeh	UCiY3z8HAGD6BlSNKVn2kSvQ	ym 2020s early mb albums p1
<3	Bad Bunny	YHLQMDLG	LIKE	SXlL1cOvaWc	MPREb_QR54wuCKDeh	UCiY3z8HAGD6BlSNKVn2kSvQ	ym 2020s early mb albums p1
Wild About Harry	Babe Rainbow	The Organic Band	LIKE	22GqHpQ9kjk	MPREb_AvVxGzRmmH2	UCnmNJQ_W2ra79BAsOD6KAtA	ym 2020s early mb albums p1
Sunshine and Shadow	Babe Rainbow	The Organic Band	LIKE	-b_vw_D2ZsI	MPREb_AvVxGzRmmH2	UCnmNJQ_W2ra79BAsOD6KAtA	ym 2020s early mb albums p1
Open up Your Heart	Babe Rainbow	The Organic Band	LIKE	TVuqvQ7DN_Q	MPREb_AvVxGzRmmH2	UCnmNJQ_W2ra79BAsOD6KAtA	ym 2020s early mb albums p1
Fantastic Landscape	Babe Rainbow	The Organic Band	LIKE	lJu_F5ChNd0	MPREb_AvVxGzRmmH2	UCnmNJQ_W2ra79BAsOD6KAtA	ym 2020s early mb albums p1
Unfolding (Momentum 73) (feat. Laraaji)	BADBADNOTGOOD	Talk Memory	LIKE	DdaSQChgeW0	MPREb_NUWPsZrTr07	UCeLdRRQwPb-KP8Qj7j3P5dw	ym 2020s early mb albums p1
Talk Meaning (feat. Terrace Martin, Brandee Younger & Arthur Verocai)	BADBADNOTGOOD	Talk Memory	LIKE	WJ370pPnUGM	MPREb_NUWPsZrTr07	UCeLdRRQwPb-KP8Qj7j3P5dw	ym 2020s early mb albums p1
Signal from the Noise	BADBADNOTGOOD	Talk Memory	LIKE	uAO_R-SOd3k	MPREb_NUWPsZrTr07	UCeLdRRQwPb-KP8Qj7j3P5dw	ym 2020s early mb albums p1
Love Proceeding (feat. Arthur Verocai)	BADBADNOTGOOD	Talk Memory	LIKE	BUePFld3UHo	MPREb_NUWPsZrTr07	UCeLdRRQwPb-KP8Qj7j3P5dw	ym 2020s early mb albums p1
Beside April (feat. Karriem Riggins & Arthur Verocai)	BADBADNOTGOOD	Talk Memory	LIKE	jxfJPwN_hSU	MPREb_NUWPsZrTr07	UCeLdRRQwPb-KP8Qj7j3P5dw	ym 2020s early mb albums p1
Beside April (Reprise) (feat. Arthur Verocai)	BADBADNOTGOOD	Talk Memory	LIKE	NLFfRw4hQqM	MPREb_NUWPsZrTr07	UCeLdRRQwPb-KP8Qj7j3P5dw	ym 2020s early mb albums p1
Your Soul & Mine	BADBADNOTGOOD	Mid Spiral	LIKE	QZR32g8sv0s	MPREb_TfTOcDwCGAS	UCeLdRRQwPb-KP8Qj7j3P5dw	ym 2020s early mb albums p1
White Light	BADBADNOTGOOD	Mid Spiral	LIKE	vD34MhTtWCI	MPREb_TfTOcDwCGAS	UCeLdRRQwPb-KP8Qj7j3P5dw	ym 2020s early mb albums p1
Weird & Wonderful	BADBADNOTGOOD	Mid Spiral	LIKE	yxPqh8AcE8w	MPREb_TfTOcDwCGAS	UCeLdRRQwPb-KP8Qj7j3P5dw	ym 2020s early mb albums p1
Ways of Seeing	BADBADNOTGOOD	Mid Spiral	LIKE	0o-AMIEgSbA	MPREb_TfTOcDwCGAS	UCeLdRRQwPb-KP8Qj7j3P5dw	ym 2020s early mb albums p1
Take Me With You	BADBADNOTGOOD	Mid Spiral	LIKE	EcOjWNfZf9s	MPREb_TfTOcDwCGAS	UCeLdRRQwPb-KP8Qj7j3P5dw	ym 2020s early mb albums p1
Sétima Regra	BADBADNOTGOOD	Mid Spiral	LIKE	503Zde86_R0	MPREb_TfTOcDwCGAS	UCeLdRRQwPb-KP8Qj7j3P5dw	ym 2020s early mb albums p1
Sunday Afternoon's Dream	BADBADNOTGOOD	Mid Spiral	LIKE	5FaUWe1qkgk	MPREb_TfTOcDwCGAS	UCeLdRRQwPb-KP8Qj7j3P5dw	ym 2020s early mb albums p1
Mid Spiral	BADBADNOTGOOD	Mid Spiral	LIKE	Dovna3IA5IY	MPREb_TfTOcDwCGAS	UCeLdRRQwPb-KP8Qj7j3P5dw	ym 2020s early mb albums p1
First Love	BADBADNOTGOOD	Mid Spiral	LIKE	K_UzSVAwtzs	MPREb_TfTOcDwCGAS	UCeLdRRQwPb-KP8Qj7j3P5dw	ym 2020s early mb albums p1
th red a	Autechre	SIGN	LIKE	wdKWbxbe-5g	MPREb_jGLtbi9U3yi	UCBUAlfIrcw1f0c4qGrYn3xA	ym 2020s early mb albums p1
psin AM	Autechre	SIGN	LIKE	_FsZa5dWW7E	MPREb_jGLtbi9U3yi	UCBUAlfIrcw1f0c4qGrYn3xA	ym 2020s early mb albums p1
esc desc	Autechre	SIGN	LIKE	joJuG5opwWE	MPREb_jGLtbi9U3yi	UCBUAlfIrcw1f0c4qGrYn3xA	ym 2020s early mb albums p1
Metaz form8	Autechre	SIGN	LIKE	GAUVdXMXOrg	MPREb_jGLtbi9U3yi	UCBUAlfIrcw1f0c4qGrYn3xA	ym 2020s early mb albums p1
F7	Autechre	SIGN	LIKE	OIXpl4438qM	MPREb_jGLtbi9U3yi	UCBUAlfIrcw1f0c4qGrYn3xA	ym 2020s early mb albums p1
Autumn Leaves (feat. James Francies)	Arooj Aftab	Night Reign	LIKE	9YQj4nQQ-eY	MPREb_r35wK8YGaVY	UCh6JYkn11gYYDqgkXAOIuzw	ym 2020s early mb albums p1
The Closest Thing To Silence	Ariel Kalma	The Closest Thing to Silence	LIKE	0gv-UniQBmA	MPREb_jKoey5q6piq	UCqasmG_A06rSP4NTPQG9F_w	ym 2020s early mb albums p1
Ten Hour Wave	Ariel Kalma	The Closest Thing to Silence	LIKE	wBvzDC2Hm70	MPREb_jKoey5q6piq	UCqasmG_A06rSP4NTPQG9F_w	ym 2020s early mb albums p1
Stack Attack	Ariel Kalma	The Closest Thing to Silence	LIKE	xT0txN4DMmw	MPREb_jKoey5q6piq	UCqasmG_A06rSP4NTPQG9F_w	ym 2020s early mb albums p1
Breathing In Three Orbits (Intro)	Ariel Kalma	The Closest Thing to Silence	LIKE	7uvYARMfBmM	MPREb_jKoey5q6piq	UCqasmG_A06rSP4NTPQG9F_w	ym 2020s early mb albums p1
Breathing In Three Orbits	Ariel Kalma	The Closest Thing to Silence	LIKE	5_GW4XwfY4I	MPREb_jKoey5q6piq	UCqasmG_A06rSP4NTPQG9F_w	ym 2020s early mb albums p1
A Treasure Chest	Ariel Kalma	The Closest Thing to Silence	LIKE	ijxteoa7CZw	MPREb_jKoey5q6piq	UCqasmG_A06rSP4NTPQG9F_w	ym 2020s early mb albums p1
Age of Anxiety I	Arcade Fire	WE	LIKE	IH_qgFWOg2I	MPREb_zkE5PTyZFKw	UCXvAK640Ko85SLbI-zA0ZCg	ym 2020s early mb albums p1
Strolling Sloth	Arc De Soleil	Libertalia	LIKE	qp6XjLKhgj8	MPREb_hYvh2IBfHhH	UCT19chlT5wWKP59tfwImL0Q	ym 2020s early mb albums p1
Mumbo Sugar	Arc De Soleil	Libertalia	LIKE	1FSPY3aYVEg	MPREb_hYvh2IBfHhH	UCT19chlT5wWKP59tfwImL0Q	ym 2020s early mb albums p1
Live Jam in Polynesia	Arc De Soleil	Libertalia	LIKE	bHhet-GCZzw	MPREb_hYvh2IBfHhH	UCT19chlT5wWKP59tfwImL0Q	ym 2020s early mb albums p1
zin2 test5	Aphex Twin	Blackbox Life Recorder 21f / in a room7 F760	LIKE	ub-J3vhWXfc	MPREb_gh08l9g5WIG	UCWmnkYUzoOiOztmPBhIlZjg	ym 2020s early mb albums p1
Blackbox Life Recorder 22 [Parallax Mix]	Aphex Twin	Blackbox Life Recorder 21f / in a room7 F760	LIKE	1UA6CoT6IwY	MPREb_gh08l9g5WIG	UCWmnkYUzoOiOztmPBhIlZjg	ym 2020s early mb albums p1
Royal and Desire	Animal Collective	Time Skiffs	LIKE	tBa_royWZoY	MPREb_bsQpPindzo0	UC6X5Baxp63Ex9NaLZwAy7lQ	ym 2020s early mb albums p1
Passer-by	Animal Collective	Time Skiffs	LIKE	mDmcTqVoZ34	MPREb_bsQpPindzo0	UC6X5Baxp63Ex9NaLZwAy7lQ	ym 2020s early mb albums p1
Car Keys	Animal Collective	Time Skiffs	LIKE	47hf4fCutbM	MPREb_bsQpPindzo0	UC6X5Baxp63Ex9NaLZwAy7lQ	ym 2020s early mb albums p1
Stride Rite	Animal Collective	Isn’t It Now?	LIKE	lNBX7iii914	MPREb_qS64pfRXOAL	UC6X5Baxp63Ex9NaLZwAy7lQ	ym 2020s early mb albums p1
Soul Capturer	Animal Collective	Isn’t It Now?	LIKE	xnBvwSrxsbo	MPREb_qS64pfRXOAL	UC6X5Baxp63Ex9NaLZwAy7lQ	ym 2020s early mb albums p1
King's Walk	Animal Collective	Isn’t It Now?	LIKE	S8cWku5ytOo	MPREb_qS64pfRXOAL	UC6X5Baxp63Ex9NaLZwAy7lQ	ym 2020s early mb albums p1
Genie's Open	Animal Collective	Isn’t It Now?	LIKE	2p0w9b4A4tE	MPREb_qS64pfRXOAL	UC6X5Baxp63Ex9NaLZwAy7lQ	ym 2020s early mb albums p1
Gem & I	Animal Collective	Isn’t It Now?	LIKE	3b71WszDP5U	MPREb_qS64pfRXOAL	UC6X5Baxp63Ex9NaLZwAy7lQ	ym 2020s early mb albums p1
Defeat	Animal Collective	Isn’t It Now?	LIKE	z0H_9yg_E4o	MPREb_qS64pfRXOAL	UC6X5Baxp63Ex9NaLZwAy7lQ	ym 2020s early mb albums p1
Tohogd	Angine de Poitrine	Vol.1	LIKE	eoRooHMdZzw	MPREb_jFu7QAcCkgd	UCCc-xdA3zmyn6m7L1lD0gcQ	ym 2020s early mb albums p1
Sherpa	Angine de Poitrine	Vol.1	LIKE	2WpwnSvwkJw	MPREb_jFu7QAcCkgd	UCCc-xdA3zmyn6m7L1lD0gcQ	ym 2020s early mb albums p1
Sahardnieh	Angine de Poitrine	Vol.1	LIKE	aZLo6DCLTj0	MPREb_jFu7QAcCkgd	UCCc-xdA3zmyn6m7L1lD0gcQ	ym 2020s early mb albums p1
Ghost On	Angel Olsen	Big Time	LIKE	K6KoWs0-9PI	MPREb_57HZ1M8lt1w	UCLYqVE2kmsNw2uJFNjHv8yw	ym 2020s early mb albums p1
Big Time	Angel Olsen	Big Time	LIKE	SNX-AqNwWYk	MPREb_57HZ1M8lt1w	UCLYqVE2kmsNw2uJFNjHv8yw	ym 2020s early mb albums p1
All The Good Times	Angel Olsen	Big Time	LIKE	GmrWhSV75DU	MPREb_57HZ1M8lt1w	UCLYqVE2kmsNw2uJFNjHv8yw	ym 2020s early mb albums p1
The Slang Word P(*)ssy Rolls Off The Tongue With Far Better Ease Than The Proper Word Vagina . Do You Agree?	André 3000	New Blue Sun	LIKE	OKDahK8USV4	MPREb_1A1tqUHzHUY	UCqmZ-EtD-ExXjF9Y28LbN2w	ym 2020s early mb albums p1
That Night In Hawaii When I Turned Into A Panther And Started Making These Low Register Purring Tones That I Couldn't Control ... Sh¥t Was Wild	André 3000	New Blue Sun	LIKE	agrAUjogAvo	MPREb_1A1tqUHzHUY	UCqmZ-EtD-ExXjF9Y28LbN2w	ym 2020s early mb albums p1
I swear, I Really Wanted To Make A 'Rap' Album But This Is Literally The Way The Wind Blew Me This Time	André 3000	New Blue Sun	LIKE	0JYqz9yEn78	MPREb_1A1tqUHzHUY	UCqmZ-EtD-ExXjF9Y28LbN2w	ym 2020s early mb albums p1
Ghandi, Dalai Lama, Your Lord & Savior J.C. / Bundy, Jeffrey Dahmer, And John Wayne Gacy	André 3000	New Blue Sun	LIKE	9nlCbvYhKkA	MPREb_1A1tqUHzHUY	UCqmZ-EtD-ExXjF9Y28LbN2w	ym 2020s early mb albums p1
Ants To You, Gods To Who ?	André 3000	New Blue Sun	LIKE	7dj6QWiDGYw	MPREb_1A1tqUHzHUY	UCqmZ-EtD-ExXjF9Y28LbN2w	ym 2020s early mb albums p1
Twin Forests	Andrea	Ritorno	LIKE	uycABRVoOi0	MPREb_MMYBuAIP6c1	UCucGbLjeXSzVW8MlItXT_HQ	ym 2020s early mb albums p1
Backdrops	Andrea	Ritorno	LIKE	79Hwfo7_xkw	MPREb_MMYBuAIP6c1	UCucGbLjeXSzVW8MlItXT_HQ	ym 2020s early mb albums p1
Attimo	Andrea	Ritorno	LIKE	4X3892Be7k8	MPREb_MMYBuAIP6c1	UCucGbLjeXSzVW8MlItXT_HQ	ym 2020s early mb albums p1
Silent Now	Andrea	Due in Color	LIKE	1e_dDiCUPIg	MPREb_JV3MX4rvDT2	UCucGbLjeXSzVW8MlItXT_HQ	ym 2020s early mb albums p1
U Should Not Be Doing That	Amyl and The Sniffers	Cartoon Darkness	LIKE	dC-CmjY57bU	MPREb_VmYMVIh2VTL	UCErTnCDIYujpRgVV_rq29Ug	ym 2020s early mb albums p1
Jerkin'	Amyl and The Sniffers	Cartoon Darkness	LIKE	qkZWaohYj24	MPREb_VmYMVIh2VTL	UCErTnCDIYujpRgVV_rq29Ug	ym 2020s early mb albums p1
Big Dreams	Amyl and The Sniffers	Cartoon Darkness	LIKE	y_TAv2Q6cxg	MPREb_VmYMVIh2VTL	UCErTnCDIYujpRgVV_rq29Ug	ym 2020s early mb albums p1
Very Online Guy	Alvvays	Blue Rev	LIKE	VNVWTwMFtbg	MPREb_fZIqMQ576xj	UCijE8N5dNSqbRkhOcmsxWKw	ym 2020s early mb albums p1
Pharmacist	Alvvays	Blue Rev	LIKE	a15Cw8ZOXIA	MPREb_fZIqMQ576xj	UCijE8N5dNSqbRkhOcmsxWKw	ym 2020s early mb albums p1
Çit Çit Çedene	Altin Gün	Aşk	LIKE	irEhLcSlVcw	MPREb_iEqinEsQOJK	UC-uYVIegOyawSkbcxroXjxw	ym 2020s early mb albums p1
Su Siziyor	Altin Gün	Aşk	LIKE	noH7cdyXcNM	MPREb_iEqinEsQOJK	UC-uYVIegOyawSkbcxroXjxw	ym 2020s early mb albums p1
Leylim Ley	Altin Gün	Aşk	LIKE	lkhUch3iL-s	MPREb_iEqinEsQOJK	UC-uYVIegOyawSkbcxroXjxw	ym 2020s early mb albums p1
Kalk Gidelim	Altin Gün	Aşk	LIKE	cIub_n5Zflc	MPREb_iEqinEsQOJK	UC-uYVIegOyawSkbcxroXjxw	ym 2020s early mb albums p1
Dere Geliyor	Altin Gün	Aşk	LIKE	txsxcwPHr5o	MPREb_iEqinEsQOJK	UC-uYVIegOyawSkbcxroXjxw	ym 2020s early mb albums p1
Waves of Colorful Bliss	Alio Die	Spirals of Light	LIKE	yK0B8JNarKA	MPREb_jKKJPw20jsX	UCNVcrZ1p3j7aCfdm_j9l_tA	ym 2020s early mb albums p1
Ecstatic Luminescence in Nature	Alio Die	Spirals of Light	LIKE	ujkv31CG8oM	MPREb_jKKJPw20jsX	UCNVcrZ1p3j7aCfdm_j9l_tA	ym 2020s early mb albums p1
S.D.O.S	Alex G	God Save The Animals	LIKE	M1gHw1gV7-k	MPREb_iWcEJ53oURr	UC0hN36WuiKePDc-iNDS_AaA	ym 2020s early mb albums p1
Runner	Alex G	God Save The Animals	LIKE	zuidwyNK2Co	MPREb_iWcEJ53oURr	UC0hN36WuiKePDc-iNDS_AaA	ym 2020s early mb albums p1
Mission	Alex G	God Save The Animals	LIKE	en-yGMADT0E	MPREb_iWcEJ53oURr	UC0hN36WuiKePDc-iNDS_AaA	ym 2020s early mb albums p1
Miracles	Alex G	God Save The Animals	LIKE	OmC2itVXzQY	MPREb_iWcEJ53oURr	UC0hN36WuiKePDc-iNDS_AaA	ym 2020s early mb albums p1
Headroom Piano	Alex G	God Save The Animals	LIKE	5AhhfsUar6c	MPREb_iWcEJ53oURr	UC0hN36WuiKePDc-iNDS_AaA	ym 2020s early mb albums p1
Blessing	Alex G	God Save The Animals	LIKE	P2TPWzvUxC8	MPREb_iWcEJ53oURr	UC0hN36WuiKePDc-iNDS_AaA	ym 2020s early mb albums p1
Ain't It Easy	Alex G	God Save The Animals	LIKE	36BuWE29J3Y	MPREb_iWcEJ53oURr	UC0hN36WuiKePDc-iNDS_AaA	ym 2020s early mb albums p1
Tick Tock	Aldous Harding	Warm Chris	LIKE	xIM58EBA2AM	MPREb_kxAcCkfzmYE	UCJhnUvaiyk98avfRDgV_8Hw	ym 2020s early mb albums p1
Staring at the Henry Moore	Aldous Harding	Warm Chris	LIKE	7brypmGOCoc	MPREb_kxAcCkfzmYE	UCJhnUvaiyk98avfRDgV_8Hw	ym 2020s early mb albums p1
Passion Babe	Aldous Harding	Warm Chris	LIKE	pvsIWzkVxJI	MPREb_kxAcCkfzmYE	UCJhnUvaiyk98avfRDgV_8Hw	ym 2020s early mb albums p1
Ennui	Aldous Harding	Warm Chris	LIKE	ZS2sGC2BZns	MPREb_kxAcCkfzmYE	UCJhnUvaiyk98avfRDgV_8Hw	ym 2020s early mb albums p1
Late Lament	Alan Broadbent Trio	Trio in Motion	LIKE	Nm_g9m9II7M	MPREb_yI7evYPBlnq	UCoTy7D2T43ArIEGbX6x1VkQ	ym 2020s early mb albums p1
You (Forever)	Against All Logic	2017 - 2019	LIKE	tp8_lVjNkd8	MPREb_GlDN37vDUDd	UChW6_xMkaHkjBmQgIdiFaBw	ym 2020s early mb albums p1
Penny	Against All Logic	2017 - 2019	LIKE	kUtMF59Y0V0	MPREb_GlDN37vDUDd	UChW6_xMkaHkjBmQgIdiFaBw	ym 2020s early mb albums p1
If You Can't Do It Good, Do It Hard	Against All Logic	2017 - 2019	LIKE	blZkdY6ZLxY	MPREb_GlDN37vDUDd	UChW6_xMkaHkjBmQgIdiFaBw	ym 2020s early mb albums p1
If Loving You is Wrong	Against All Logic	2017 - 2019	LIKE	VZZ6qs4xZqI	MPREb_GlDN37vDUDd	UChW6_xMkaHkjBmQgIdiFaBw	ym 2020s early mb albums p1
Faith	Against All Logic	2017 - 2019	LIKE	yNEnzsDnwr8	MPREb_GlDN37vDUDd	UChW6_xMkaHkjBmQgIdiFaBw	ym 2020s early mb albums p1
Deeeeeeefers	Against All Logic	2017 - 2019	LIKE	uWbr4pmb6G0	MPREb_GlDN37vDUDd	UChW6_xMkaHkjBmQgIdiFaBw	ym 2020s early mb albums p1
Alarm	Against All Logic	2017 - 2019	LIKE	nC7N_beUKAg	MPREb_GlDN37vDUDd	UChW6_xMkaHkjBmQgIdiFaBw	ym 2020s early mb albums p1
The Gates	Aesop Rock	Spirit World Field Guide	LIKE	JWVmljrr7G0	MPREb_qXSMtbAZR8b	UCy7EBgGtHw6fHlAfc5bPAHA	ym 2020s early mb albums p1
Jumping Coffin	Aesop Rock	Spirit World Field Guide	LIKE	h6-SV_0TL1I	MPREb_qXSMtbAZR8b	UCy7EBgGtHw6fHlAfc5bPAHA	ym 2020s early mb albums p1
Pigeonometry	Aesop Rock	Integrated Tech Solutions	LIKE	wAiLp-MyUa8	MPREb_Bhcs9MKkZZM	UCy7EBgGtHw6fHlAfc5bPAHA	ym 2020s early mb albums p1
Mindful Solutionism	Aesop Rock	Integrated Tech Solutions	LIKE	PSq631jpsmw	MPREb_Bhcs9MKkZZM	UCy7EBgGtHw6fHlAfc5bPAHA	ym 2020s early mb albums p1
Infinity Fill Goose Down	Aesop Rock	Integrated Tech Solutions	LIKE	16bvojX4cks	MPREb_Bhcs9MKkZZM	UCy7EBgGtHw6fHlAfc5bPAHA	ym 2020s early mb albums p1
Forward Compatibility Engine (feat. Rob Sonic)	Aesop Rock	Integrated Tech Solutions	LIKE	b21PsuGLG_Y	MPREb_Bhcs9MKkZZM	UCy7EBgGtHw6fHlAfc5bPAHA	ym 2020s early mb albums p1
zombie girl	Adrianne Lenker	songs	LIKE	4Mkj4tXsI7E	MPREb_tP4c5VBnG44	UCUk49fVKOmtT_l-nOv59QyA	ym 2020s early mb albums p1
my angel	Adrianne Lenker	songs	LIKE	IsfxcSNg7u4	MPREb_tP4c5VBnG44	UCUk49fVKOmtT_l-nOv59QyA	ym 2020s early mb albums p1
ingydar	Adrianne Lenker	songs	LIKE	o2M43jRrsrk	MPREb_tP4c5VBnG44	UCUk49fVKOmtT_l-nOv59QyA	ym 2020s early mb albums p1
Rainlines	Actress	Statik	LIKE	psYQy5Oxwik	MPREb_mT6yQR2BiRA	UCGe6vT9sYVgPiCIOoYlsTrQ	ym 2020s early mb albums p1
Mellow Checx	Actress	Statik	LIKE	hlpnzoKBJII	MPREb_mT6yQR2BiRA	UCGe6vT9sYVgPiCIOoYlsTrQ	ym 2020s early mb albums p1
Hell	Actress	Statik	LIKE	gE0UqLnF3OA	MPREb_mT6yQR2BiRA	UCGe6vT9sYVgPiCIOoYlsTrQ	ym 2020s early mb albums p1
Doves Over Atlantis	Actress	Statik	LIKE	KarZEDuH2z4	MPREb_mT6yQR2BiRA	UCGe6vT9sYVgPiCIOoYlsTrQ	ym 2020s early mb albums p1
XRAY	Actress	Karma & Desire	LIKE	teKid18L6NI	MPREb_vEFjmBaVHsA	UCgzkJkxVFn03DlVTyft-Fxw	ym 2020s early mb albums p1
Walking Flames (feat. Sampha)	Actress	Karma & Desire	LIKE	MAHY5hEmTBw	MPREb_vEFjmBaVHsA	UCgzkJkxVFn03DlVTyft-Fxw	ym 2020s early mb albums p1
VVY (feat. Sampha)	Actress	Karma & Desire	LIKE	TiIzBdaPUoc	MPREb_vEFjmBaVHsA	UCgzkJkxVFn03DlVTyft-Fxw	ym 2020s early mb albums p1
Save	Actress	Karma & Desire	LIKE	vOLRIEaVITA	MPREb_vEFjmBaVHsA	UCgzkJkxVFn03DlVTyft-Fxw	ym 2020s early mb albums p1
Reverend	Actress	Karma & Desire	LIKE	qo4X_-pP-6I	MPREb_vEFjmBaVHsA	UCgzkJkxVFn03DlVTyft-Fxw	ym 2020s early mb albums p1
Public Life (feat. Vanessa Benelli Mosell)	Actress	Karma & Desire	LIKE	XzoGVlutrao	MPREb_vEFjmBaVHsA	UCgzkJkxVFn03DlVTyft-Fxw	ym 2020s early mb albums p1
Loveless (feat. Aura T-09)	Actress	Karma & Desire	LIKE	rvGp6uOqTGU	MPREb_vEFjmBaVHsA	UCgzkJkxVFn03DlVTyft-Fxw	ym 2020s early mb albums p1
Loose (feat. Christel Well)	Actress	Karma & Desire	LIKE	swF0b67xOLY	MPREb_vEFjmBaVHsA	UCgzkJkxVFn03DlVTyft-Fxw	ym 2020s early mb albums p1
Fret	Actress	Karma & Desire	LIKE	UZI7frlIuJE	MPREb_vEFjmBaVHsA	UCgzkJkxVFn03DlVTyft-Fxw	ym 2020s early mb albums p1
Fire and Light	Actress	Karma & Desire	LIKE	zULLuhP6KYY	MPREb_vEFjmBaVHsA	UCgzkJkxVFn03DlVTyft-Fxw	ym 2020s early mb albums p1
The Most Wanted Person In The United States	100 gecs	10,000 gecs	LIKE	PNIPmBDlhP4	MPREb_jOEr3OBQgOM	UCyGv29emV8sGWSCle5-atLA	ym 2020s early mb albums p1
Frog On The Floor	100 gecs	10,000 gecs	LIKE	oqm7wN8-KBc	MPREb_jOEr3OBQgOM	UCyGv29emV8sGWSCle5-atLA	ym 2020s early mb albums p1
757	100 gecs	10,000 gecs	LIKE	7sWKvCaMV-k	MPREb_jOEr3OBQgOM	UCyGv29emV8sGWSCle5-atLA	ym 2020s early mb albums p1
夏夜最后的浪漫	缺省	Can You Hear The Whistle Blow	INDIFFERENT	Npr-_nQKQRE	MPREb_qiWAG1VyrJv	UCE4ZpNxzhIPMOibs-1Y_YJA	ym 2020s early mb albums p1
Words In Coma	缺省	Can You Hear The Whistle Blow	INDIFFERENT	t6wW1a9SRPs	MPREb_qiWAG1VyrJv	UCE4ZpNxzhIPMOibs-1Y_YJA	ym 2020s early mb albums p1
The River	缺省	Can You Hear The Whistle Blow	INDIFFERENT	X47oqB_g4LA	MPREb_qiWAG1VyrJv	UCE4ZpNxzhIPMOibs-1Y_YJA	ym 2020s early mb albums p1
Can You Hear The Whistle Blow	缺省	Can You Hear The Whistle Blow	INDIFFERENT	HlCEcmQhyfU	MPREb_qiWAG1VyrJv	UCE4ZpNxzhIPMOibs-1Y_YJA	ym 2020s early mb albums p1
VULTURES	¥$	VULTURES 1	INDIFFERENT	LbgS1FZLxhY	MPREb_rkYlVlbTZ69	UCI-4sezWoZmtJXoW7E5k7Zw	ym 2020s early mb albums p1
TALKING	¥$	VULTURES 1	INDIFFERENT	frLvyKzH1_Q	MPREb_rkYlVlbTZ69	UCI-4sezWoZmtJXoW7E5k7Zw	ym 2020s early mb albums p1
PROBLEMATIC	¥$	VULTURES 1	INDIFFERENT	xcprkHw4cd8	MPREb_rkYlVlbTZ69	UCI-4sezWoZmtJXoW7E5k7Zw	ym 2020s early mb albums p1
PAPERWORK	¥$	VULTURES 1	INDIFFERENT	FmrXYkfv2eU	MPREb_rkYlVlbTZ69	UCI-4sezWoZmtJXoW7E5k7Zw	ym 2020s early mb albums p1
KING	¥$	VULTURES 1	INDIFFERENT	g6vAQpxo35g	MPREb_rkYlVlbTZ69	UCI-4sezWoZmtJXoW7E5k7Zw	ym 2020s early mb albums p1
HOODRAT	¥$	VULTURES 1	INDIFFERENT	eHHwQMxvVOU	MPREb_rkYlVlbTZ69	UCI-4sezWoZmtJXoW7E5k7Zw	ym 2020s early mb albums p1
FUK SUMN	¥$	VULTURES 1	INDIFFERENT	xd2SEKy6HIM	MPREb_rkYlVlbTZ69	UCI-4sezWoZmtJXoW7E5k7Zw	ym 2020s early mb albums p1
BEG FORGIVENESS	¥$	VULTURES 1	INDIFFERENT	EXmMiBNDVz4	MPREb_rkYlVlbTZ69	UCI-4sezWoZmtJXoW7E5k7Zw	ym 2020s early mb albums p1
BACK TO ME	¥$	VULTURES 1	INDIFFERENT	MiTIhSb-b2k	MPREb_rkYlVlbTZ69	UCI-4sezWoZmtJXoW7E5k7Zw	ym 2020s early mb albums p1
u v v p (feat. Buck Meek)	illuminati hotties	Let Me Do One More	INDIFFERENT	PWI6tnqu3bg	MPREb_bwk8p3jUJwV	UChjVnwWisJWzjP-qcz7C_0Q	ym 2020s early mb albums p1
Toasting (feat. Alex Menne)	illuminati hotties	Let Me Do One More	INDIFFERENT	NuGOffIXPZM	MPREb_bwk8p3jUJwV	UChjVnwWisJWzjP-qcz7C_0Q	ym 2020s early mb albums p1
Threatening Each Other re: Capitalism	illuminati hotties	Let Me Do One More	INDIFFERENT	eZ6RPMhrZoc	MPREb_bwk8p3jUJwV	UChjVnwWisJWzjP-qcz7C_0Q	ym 2020s early mb albums p1
The Sway	illuminati hotties	Let Me Do One More	INDIFFERENT	iN-nUPyCyyw	MPREb_bwk8p3jUJwV	UChjVnwWisJWzjP-qcz7C_0Q	ym 2020s early mb albums p1
Protector	illuminati hotties	Let Me Do One More	INDIFFERENT	0qCFB-xO78U	MPREb_bwk8p3jUJwV	UChjVnwWisJWzjP-qcz7C_0Q	ym 2020s early mb albums p1
Pool Hopping	illuminati hotties	Let Me Do One More	INDIFFERENT	IxZXPi6-3OY	MPREb_bwk8p3jUJwV	UChjVnwWisJWzjP-qcz7C_0Q	ym 2020s early mb albums p1
MMMOOOAAAAAYAYA	illuminati hotties	Let Me Do One More	INDIFFERENT	dPSxS4JDhUQ	MPREb_bwk8p3jUJwV	UChjVnwWisJWzjP-qcz7C_0Q	ym 2020s early mb albums p1
Knead	illuminati hotties	Let Me Do One More	INDIFFERENT	zKmg4zIb0j4	MPREb_bwk8p3jUJwV	UChjVnwWisJWzjP-qcz7C_0Q	ym 2020s early mb albums p1
Kickflip	illuminati hotties	Let Me Do One More	INDIFFERENT	3wHoJG0N3do	MPREb_bwk8p3jUJwV	UChjVnwWisJWzjP-qcz7C_0Q	ym 2020s early mb albums p1
Joni: LA's No. 1 Health Goth	illuminati hotties	Let Me Do One More	INDIFFERENT	tQrk15Li0EI	MPREb_bwk8p3jUJwV	UChjVnwWisJWzjP-qcz7C_0Q	ym 2020s early mb albums p1
Growth	illuminati hotties	Let Me Do One More	INDIFFERENT	ZxBLxo6Rzq4	MPREb_bwk8p3jUJwV	UChjVnwWisJWzjP-qcz7C_0Q	ym 2020s early mb albums p1
Cheap Shoes	illuminati hotties	Let Me Do One More	INDIFFERENT	X2f6-OO5VD0	MPREb_bwk8p3jUJwV	UChjVnwWisJWzjP-qcz7C_0Q	ym 2020s early mb albums p1
Vega	gyrofield	These Heavens	INDIFFERENT	U1MeW7XnCY0	MPREb_QfkLLcu9UjF	UChcnSGEZB2AVdzU_S00YeKQ	ym 2020s early mb albums p1
Occam's Razor	gyrofield	These Heavens	INDIFFERENT	FtfNtAFpqQ8	MPREb_QfkLLcu9UjF	UChcnSGEZB2AVdzU_S00YeKQ	ym 2020s early mb albums p1
Lagrange	gyrofield	These Heavens	INDIFFERENT	SsOhgwpfPNw	MPREb_QfkLLcu9UjF	UChcnSGEZB2AVdzU_S00YeKQ	ym 2020s early mb albums p1
Cold Cases	gyrofield	These Heavens	INDIFFERENT	pn-laDq3Fvs	MPREb_QfkLLcu9UjF	UChcnSGEZB2AVdzU_S00YeKQ	ym 2020s early mb albums p1
Believe	gum.mp3 & swoozydolphin	Black Life, Red Planet	INDIFFERENT	H_lYdPIIuFU	MPREb_kFpRYsvEjuc		ym 2020s early mb albums p1
Spacey	gum.mp3	Black Life, Red Planet	INDIFFERENT	ME2zltcOCZE	MPREb_kFpRYsvEjuc	UCeKjvWGc4Z-26_d0CMTe52Q	ym 2020s early mb albums p1
Mars and Its Moons (feat. Harrison & 48thSt)	gum.mp3	Black Life, Red Planet	INDIFFERENT	t10lErKj_vg	MPREb_kFpRYsvEjuc	UCeKjvWGc4Z-26_d0CMTe52Q	ym 2020s early mb albums p1
Knowingness	gum.mp3	Black Life, Red Planet	INDIFFERENT	7f-EczWzylY	MPREb_kFpRYsvEjuc	UCeKjvWGc4Z-26_d0CMTe52Q	ym 2020s early mb albums p1
Deimos	gum.mp3	Black Life, Red Planet	INDIFFERENT	THSKxD-1BaQ	MPREb_kFpRYsvEjuc	UCeKjvWGc4Z-26_d0CMTe52Q	ym 2020s early mb albums p1
Compression	gum.mp3	Black Life, Red Planet	INDIFFERENT	q1WGkx46-wU	MPREb_kFpRYsvEjuc	UCeKjvWGc4Z-26_d0CMTe52Q	ym 2020s early mb albums p1
Colors	gum.mp3	Black Life, Red Planet	INDIFFERENT	rfOYQIyAvqs	MPREb_kFpRYsvEjuc	UCeKjvWGc4Z-26_d0CMTe52Q	ym 2020s early mb albums p1
Blue Period	gum.mp3	Black Life, Red Planet	INDIFFERENT	yg9nG-iQBSA	MPREb_kFpRYsvEjuc	UCeKjvWGc4Z-26_d0CMTe52Q	ym 2020s early mb albums p1
Tin Man	feeble little horse	Girl with Fish	INDIFFERENT	Q3CL9mICqpg	MPREb_sq3zTYBnfJw	UC1YZSvN6lTuz4H0-RLSlYAQ	ym 2020s early mb albums p1
Sweet	feeble little horse	Girl with Fish	INDIFFERENT	h9BU3IFigvc	MPREb_sq3zTYBnfJw	UC1YZSvN6lTuz4H0-RLSlYAQ	ym 2020s early mb albums p1
Steamroller	feeble little horse	Girl with Fish	INDIFFERENT	Ow6j07kwdRc	MPREb_sq3zTYBnfJw	UC1YZSvN6lTuz4H0-RLSlYAQ	ym 2020s early mb albums p1
Station	feeble little horse	Girl with Fish	INDIFFERENT	P0EKHvJC2Rc	MPREb_sq3zTYBnfJw	UC1YZSvN6lTuz4H0-RLSlYAQ	ym 2020s early mb albums p1
Slide	feeble little horse	Girl with Fish	INDIFFERENT	aZ_uZsPfK0c	MPREb_sq3zTYBnfJw	UC1YZSvN6lTuz4H0-RLSlYAQ	ym 2020s early mb albums p1
Pocket	feeble little horse	Girl with Fish	INDIFFERENT	1pmU40JtHVU	MPREb_sq3zTYBnfJw	UC1YZSvN6lTuz4H0-RLSlYAQ	ym 2020s early mb albums p1
Paces	feeble little horse	Girl with Fish	INDIFFERENT	w7A3hStabkE	MPREb_sq3zTYBnfJw	UC1YZSvN6lTuz4H0-RLSlYAQ	ym 2020s early mb albums p1
Heavy Water	feeble little horse	Girl with Fish	INDIFFERENT	B8mlQd1lV3U	MPREb_sq3zTYBnfJw	UC1YZSvN6lTuz4H0-RLSlYAQ	ym 2020s early mb albums p1
Heaven	feeble little horse	Girl with Fish	INDIFFERENT	ZqhCPJBdTu4	MPREb_sq3zTYBnfJw	UC1YZSvN6lTuz4H0-RLSlYAQ	ym 2020s early mb albums p1
Healing	feeble little horse	Girl with Fish	INDIFFERENT	IXbPoITcogY	MPREb_sq3zTYBnfJw	UC1YZSvN6lTuz4H0-RLSlYAQ	ym 2020s early mb albums p1
Freak	feeble little horse	Girl with Fish	INDIFFERENT	0NeUO6nDtqU	MPREb_sq3zTYBnfJw	UC1YZSvN6lTuz4H0-RLSlYAQ	ym 2020s early mb albums p1
WE GONE MAKE IT	dreamcastmoe	MOLLY'S SON	INDIFFERENT	ZWLJqtVnu2U	MPREb_PT0f5mlSzet	UCDwc5ovTpW0Ofh7S5pKRIQQ	ym 2020s early mb albums p1
PREACH	dreamcastmoe	MOLLY'S SON	INDIFFERENT	zNqLNEPdnmw	MPREb_PT0f5mlSzet	UCDwc5ovTpW0Ofh7S5pKRIQQ	ym 2020s early mb albums p1
ON THE BEACH (musclecars Remix)	dreamcastmoe	MOLLY'S SON	INDIFFERENT	jN-dfsPCC70	MPREb_PT0f5mlSzet	UCDwc5ovTpW0Ofh7S5pKRIQQ	ym 2020s early mb albums p1
ON THE BEACH	dreamcastmoe	MOLLY'S SON	INDIFFERENT	XIJYT6O80_w	MPREb_PT0f5mlSzet	UCDwc5ovTpW0Ofh7S5pKRIQQ	ym 2020s early mb albums p1
HAND DOWN, MAN DOWN	dreamcastmoe	MOLLY'S SON	INDIFFERENT	radNckKo-bY	MPREb_PT0f5mlSzet	UCDwc5ovTpW0Ofh7S5pKRIQQ	ym 2020s early mb albums p1
ABUSE IT	dreamcastmoe	MOLLY'S SON	INDIFFERENT	U6XzRVQFER0	MPREb_PT0f5mlSzet	UCDwc5ovTpW0Ofh7S5pKRIQQ	ym 2020s early mb albums p1
Tralha da Fac	d.silvestre, MC João Da Z.O, & MC LV DA ZO	O Inimigo Agora É Outro, Vol. 2	INDIFFERENT	u4IV_uUo0Mw	MPREb_jj1pVss5xr2		ym 2020s early mb albums p1
Tranquilo Sinto a Vibe	d.silvestre	O Inimigo Agora É Outro, Vol. 2	INDIFFERENT	e0m4A6NoSP0	MPREb_jj1pVss5xr2	UCpiV5Bg8Sw7cON7ZSOhTkbw	ym 2020s early mb albums p1
Taka Fogo em Kiksilver	d.silvestre	O Inimigo Agora É Outro, Vol. 2	INDIFFERENT	SYGvkA0_XKk	MPREb_jj1pVss5xr2	UCpiV5Bg8Sw7cON7ZSOhTkbw	ym 2020s early mb albums p1
Skunk na Blunt	d.silvestre	O Inimigo Agora É Outro, Vol. 2	INDIFFERENT	_HFYezteZ0w	MPREb_jj1pVss5xr2	UCpiV5Bg8Sw7cON7ZSOhTkbw	ym 2020s early mb albums p1
Rock do Mc Gw 2	d.silvestre	O Inimigo Agora É Outro, Vol. 2	INDIFFERENT	PBUAxb_yNJQ	MPREb_jj1pVss5xr2	UCpiV5Bg8Sw7cON7ZSOhTkbw	ym 2020s early mb albums p1
Piano Relaxante	d.silvestre	O Inimigo Agora É Outro, Vol. 2	INDIFFERENT	ZlWUwNpyjv8	MPREb_jj1pVss5xr2	UCpiV5Bg8Sw7cON7ZSOhTkbw	ym 2020s early mb albums p1
Pega Meu Garoto	d.silvestre	O Inimigo Agora É Outro, Vol. 2	INDIFFERENT	z2se2ENOksE	MPREb_jj1pVss5xr2	UCpiV5Bg8Sw7cON7ZSOhTkbw	ym 2020s early mb albums p1
Montagem Embrazante	d.silvestre	O Inimigo Agora É Outro, Vol. 2	INDIFFERENT	jsRYdgTLlrs	MPREb_jj1pVss5xr2	UCpiV5Bg8Sw7cON7ZSOhTkbw	ym 2020s early mb albums p1
Medley Mc Pr	d.silvestre	O Inimigo Agora É Outro, Vol. 2	INDIFFERENT	rsLAhnmPw-k	MPREb_jj1pVss5xr2	UCpiV5Bg8Sw7cON7ZSOhTkbw	ym 2020s early mb albums p1
Beat dos Mandrakes 2	d.silvestre	O Inimigo Agora É Outro, Vol. 2	INDIFFERENT	_7JHOsmFyfY	MPREb_jj1pVss5xr2	UCpiV5Bg8Sw7cON7ZSOhTkbw	ym 2020s early mb albums p1
Beat Muito Burro	d.silvestre	O Inimigo Agora É Outro, Vol. 2	INDIFFERENT	Ok8ke0NMIQQ	MPREb_jj1pVss5xr2	UCpiV5Bg8Sw7cON7ZSOhTkbw	ym 2020s early mb albums p1
Beat Instigante	d.silvestre	O Inimigo Agora É Outro, Vol. 2	INDIFFERENT	we4NM-ihpaM	MPREb_jj1pVss5xr2	UCpiV5Bg8Sw7cON7ZSOhTkbw	ym 2020s early mb albums p1
Automotivo Joga na Pik	d.silvestre	O Inimigo Agora É Outro, Vol. 2	INDIFFERENT	eNRfqXOrLa0	MPREb_jj1pVss5xr2	UCpiV5Bg8Sw7cON7ZSOhTkbw	ym 2020s early mb albums p1
Abre a Txeka	d.silvestre	O Inimigo Agora É Outro, Vol. 2	INDIFFERENT	NSpW5ZGS01w	MPREb_jj1pVss5xr2	UCpiV5Bg8Sw7cON7ZSOhTkbw	ym 2020s early mb albums p1
59D	d.silvestre	O Inimigo Agora É Outro, Vol. 2	INDIFFERENT	Mj6RLKnGWpM	MPREb_jj1pVss5xr2	UCpiV5Bg8Sw7cON7ZSOhTkbw	ym 2020s early mb albums p1
Wytchboard (Interlude)	clipping.	Visions of Bodies Being Burned	INDIFFERENT	8OnQmCVaK9s	MPREb_6b0ribtqTtJ	UCIahymQzVz4bXn1DrDB3gtg	ym 2020s early mb albums p1
Something Underneath	clipping.	Visions of Bodies Being Burned	INDIFFERENT	SA7TOkO8d7k	MPREb_6b0ribtqTtJ	UCIahymQzVz4bXn1DrDB3gtg	ym 2020s early mb albums p1
She Bad	clipping.	Visions of Bodies Being Burned	INDIFFERENT	abN2Hqlvz9E	MPREb_6b0ribtqTtJ	UCIahymQzVz4bXn1DrDB3gtg	ym 2020s early mb albums p1
Secret Piece	clipping.	Visions of Bodies Being Burned	INDIFFERENT	CYAF5Nm2DnM	MPREb_6b0ribtqTtJ	UCIahymQzVz4bXn1DrDB3gtg	ym 2020s early mb albums p1
Pain Everyday (feat. Michael Esposito)	clipping.	Visions of Bodies Being Burned	INDIFFERENT	u5uqBIKhYPI	MPREb_6b0ribtqTtJ	UCIahymQzVz4bXn1DrDB3gtg	ym 2020s early mb albums p1
Make Them Dead	clipping.	Visions of Bodies Being Burned	INDIFFERENT	ubtUNDTRfwg	MPREb_6b0ribtqTtJ	UCIahymQzVz4bXn1DrDB3gtg	ym 2020s early mb albums p1
Looking Like Meat (feat. Ho99o9)	clipping.	Visions of Bodies Being Burned	INDIFFERENT	PdU1OD7Itwo	MPREb_6b0ribtqTtJ	UCIahymQzVz4bXn1DrDB3gtg	ym 2020s early mb albums p1
Invocation (Interlude) (feat. Greg Stuart)	clipping.	Visions of Bodies Being Burned	INDIFFERENT	Qc59gqK-nvY	MPREb_6b0ribtqTtJ	UCIahymQzVz4bXn1DrDB3gtg	ym 2020s early mb albums p1
Intro	clipping.	Visions of Bodies Being Burned	INDIFFERENT	-_I313pchBo	MPREb_6b0ribtqTtJ	UCIahymQzVz4bXn1DrDB3gtg	ym 2020s early mb albums p1
Enlacing	clipping.	Visions of Bodies Being Burned	INDIFFERENT	vOjXtyJXAUg	MPREb_6b0ribtqTtJ	UCIahymQzVz4bXn1DrDB3gtg	ym 2020s early mb albums p1
Drove (Interlude)	clipping.	Visions of Bodies Being Burned	INDIFFERENT	Qh4eTariaE4	MPREb_6b0ribtqTtJ	UCIahymQzVz4bXn1DrDB3gtg	ym 2020s early mb albums p1
Check the Lock	clipping.	Visions of Bodies Being Burned	INDIFFERENT	aQNPlCcsop8	MPREb_6b0ribtqTtJ	UCIahymQzVz4bXn1DrDB3gtg	ym 2020s early mb albums p1
Body for the Pile (feat. Sickness)	clipping.	Visions of Bodies Being Burned	INDIFFERENT	AmgyVPI9oDg	MPREb_6b0ribtqTtJ	UCIahymQzVz4bXn1DrDB3gtg	ym 2020s early mb albums p1
'96 Neve Campbell (feat. Cam & China)	clipping.	Visions of Bodies Being Burned	INDIFFERENT	5KsF2K19xkw	MPREb_6b0ribtqTtJ	UCIahymQzVz4bXn1DrDB3gtg	ym 2020s early mb albums p1
Without You Without Them	boygenius	the record	INDIFFERENT	S6YTFPejueU	MPREb_vZwO7BcRm3w	UCxMaQtHvN4Jw5kYfo8Bi5fw	ym 2020s early mb albums p1
We're In Love	boygenius	the record	INDIFFERENT	68vm8NXXdHI	MPREb_vZwO7BcRm3w	UCxMaQtHvN4Jw5kYfo8Bi5fw	ym 2020s early mb albums p1
True Blue	boygenius	the record	INDIFFERENT	B8LjIQLSC-c	MPREb_vZwO7BcRm3w	UCxMaQtHvN4Jw5kYfo8Bi5fw	ym 2020s early mb albums p1
Satanist	boygenius	the record	INDIFFERENT	t4cwjmtqnGY	MPREb_vZwO7BcRm3w	UCxMaQtHvN4Jw5kYfo8Bi5fw	ym 2020s early mb albums p1
Revolution 0	boygenius	the record	INDIFFERENT	LorJaLwI_XA	MPREb_vZwO7BcRm3w	UCxMaQtHvN4Jw5kYfo8Bi5fw	ym 2020s early mb albums p1
Not Strong Enough	boygenius	the record	INDIFFERENT	RV1-GJJf2Pg	MPREb_vZwO7BcRm3w	UCxMaQtHvN4Jw5kYfo8Bi5fw	ym 2020s early mb albums p1
Letter To An Old Poet	boygenius	the record	INDIFFERENT	SQKLg9Qc3A4	MPREb_vZwO7BcRm3w	UCxMaQtHvN4Jw5kYfo8Bi5fw	ym 2020s early mb albums p1
Leonard Cohen	boygenius	the record	INDIFFERENT	1xvEate6Lec	MPREb_vZwO7BcRm3w	UCxMaQtHvN4Jw5kYfo8Bi5fw	ym 2020s early mb albums p1
Emily I'm Sorry	boygenius	the record	INDIFFERENT	R1Ri1iuE2yM	MPREb_vZwO7BcRm3w	UCxMaQtHvN4Jw5kYfo8Bi5fw	ym 2020s early mb albums p1
Cool About It	boygenius	the record	INDIFFERENT	k6zyR1kX1gU	MPREb_vZwO7BcRm3w	UCxMaQtHvN4Jw5kYfo8Bi5fw	ym 2020s early mb albums p1
Anti-Curse	boygenius	the record	INDIFFERENT	JGc9UsFzB38	MPREb_vZwO7BcRm3w	UCxMaQtHvN4Jw5kYfo8Bi5fw	ym 2020s early mb albums p1
$20	boygenius	the record	INDIFFERENT	t1FQ912ySZk	MPREb_vZwO7BcRm3w	UCxMaQtHvN4Jw5kYfo8Bi5fw	ym 2020s early mb albums p1
YOU DON'T KNOW WHAT YOU'VE GOT	blink-182	ONE MORE TIME...	INDIFFERENT	ZLnnpC1lBPY	MPREb_XCerwhvp9d1	UCo23ROZAe-BZYHpzBu9630Q	ym 2020s early mb albums p1
WHEN WE WERE YOUNG	blink-182	ONE MORE TIME...	INDIFFERENT	8gWxcdf7O58	MPREb_XCerwhvp9d1	UCo23ROZAe-BZYHpzBu9630Q	ym 2020s early mb albums p1
TURPENTINE	blink-182	ONE MORE TIME...	INDIFFERENT	lZYR1JN3MK8	MPREb_XCerwhvp9d1	UCo23ROZAe-BZYHpzBu9630Q	ym 2020s early mb albums p1
TURN THIS OFF!	blink-182	ONE MORE TIME...	INDIFFERENT	HmH7myvoiT8	MPREb_XCerwhvp9d1	UCo23ROZAe-BZYHpzBu9630Q	ym 2020s early mb albums p1
TERRIFIED	blink-182	ONE MORE TIME...	INDIFFERENT	r6T-3JOFryQ	MPREb_XCerwhvp9d1	UCo23ROZAe-BZYHpzBu9630Q	ym 2020s early mb albums p1
OTHER SIDE	blink-182	ONE MORE TIME...	INDIFFERENT	Yf_VNqi7-mY	MPREb_XCerwhvp9d1	UCo23ROZAe-BZYHpzBu9630Q	ym 2020s early mb albums p1
ONE MORE TIME	blink-182	ONE MORE TIME...	INDIFFERENT	9HXqs-fpSTU	MPREb_XCerwhvp9d1	UCo23ROZAe-BZYHpzBu9630Q	ym 2020s early mb albums p1
MORE THAN YOU KNOW	blink-182	ONE MORE TIME...	INDIFFERENT	uq2kEZwjgTo	MPREb_XCerwhvp9d1	UCo23ROZAe-BZYHpzBu9630Q	ym 2020s early mb albums p1
HURT (INTERLUDE)	blink-182	ONE MORE TIME...	INDIFFERENT	eZdtT7_aFIs	MPREb_XCerwhvp9d1	UCo23ROZAe-BZYHpzBu9630Q	ym 2020s early mb albums p1
FUCK FACE	blink-182	ONE MORE TIME...	INDIFFERENT	ISEIxaPsp_I	MPREb_XCerwhvp9d1	UCo23ROZAe-BZYHpzBu9630Q	ym 2020s early mb albums p1
FELL IN LOVE	blink-182	ONE MORE TIME...	INDIFFERENT	mN6zVSRDqyE	MPREb_XCerwhvp9d1	UCo23ROZAe-BZYHpzBu9630Q	ym 2020s early mb albums p1
EDGING	blink-182	ONE MORE TIME...	INDIFFERENT	Tz7K_edTUZc	MPREb_XCerwhvp9d1	UCo23ROZAe-BZYHpzBu9630Q	ym 2020s early mb albums p1
DANCE WITH ME	blink-182	ONE MORE TIME...	INDIFFERENT	M5ozBZDyRXM	MPREb_XCerwhvp9d1	UCo23ROZAe-BZYHpzBu9630Q	ym 2020s early mb albums p1
CHILDHOOD	blink-182	ONE MORE TIME...	INDIFFERENT	7NetYNERcYw	MPREb_XCerwhvp9d1	UCo23ROZAe-BZYHpzBu9630Q	ym 2020s early mb albums p1
BLINK WAVE	blink-182	ONE MORE TIME...	INDIFFERENT	Phnel_w76-A	MPREb_XCerwhvp9d1	UCo23ROZAe-BZYHpzBu9630Q	ym 2020s early mb albums p1
BAD NEWS	blink-182	ONE MORE TIME...	INDIFFERENT	9fUC9ApVwBM	MPREb_XCerwhvp9d1	UCo23ROZAe-BZYHpzBu9630Q	ym 2020s early mb albums p1
ANTHEM PART 3	blink-182	ONE MORE TIME...	INDIFFERENT	Zg-nbmCvCDk	MPREb_XCerwhvp9d1	UCo23ROZAe-BZYHpzBu9630Q	ym 2020s early mb albums p1
The Race Is About To Begin	black midi	Hellfire	INDIFFERENT	k2nNWpK5SQA	MPREb_P1zOM7JIJZx	UCQH1ZFu68tIio4QFDP0TErQ	ym 2020s early mb albums p1
The Defence	black midi	Hellfire	INDIFFERENT	K2CJtA36Jcs	MPREb_P1zOM7JIJZx	UCQH1ZFu68tIio4QFDP0TErQ	ym 2020s early mb albums p1
Sugar/Tzu	black midi	Hellfire	INDIFFERENT	XVhFV9_SNbQ	MPREb_P1zOM7JIJZx	UCQH1ZFu68tIio4QFDP0TErQ	ym 2020s early mb albums p1
Still	black midi	Hellfire	INDIFFERENT	q8K3uVcv8EM	MPREb_P1zOM7JIJZx	UCQH1ZFu68tIio4QFDP0TErQ	ym 2020s early mb albums p1
Half Time	black midi	Hellfire	INDIFFERENT	pSVLEIGEH-c	MPREb_P1zOM7JIJZx	UCQH1ZFu68tIio4QFDP0TErQ	ym 2020s early mb albums p1
Eat Men Eat	black midi	Hellfire	INDIFFERENT	1uW3M7U-JDU	MPREb_P1zOM7JIJZx	UCQH1ZFu68tIio4QFDP0TErQ	ym 2020s early mb albums p1
Dangerous Liaisons	black midi	Hellfire	INDIFFERENT	hibOkbIUWPc	MPREb_P1zOM7JIJZx	UCQH1ZFu68tIio4QFDP0TErQ	ym 2020s early mb albums p1
27 Questions	black midi	Hellfire	INDIFFERENT	SXn2ElcHW9A	MPREb_P1zOM7JIJZx	UCQH1ZFu68tIio4QFDP0TErQ	ym 2020s early mb albums p1
Marlene Dietrich	black midi	Cavalcade	INDIFFERENT	t-GM18LE1lA	MPREb_Hwdr7Q9S1fd	UCQH1ZFu68tIio4QFDP0TErQ	ym 2020s early mb albums p1
John L	black midi	Cavalcade	INDIFFERENT	-pPXy1SXjs8	MPREb_Hwdr7Q9S1fd	UCQH1ZFu68tIio4QFDP0TErQ	ym 2020s early mb albums p1
Hogwash and Balderdash	black midi	Cavalcade	INDIFFERENT	fHaTEtGRoa4	MPREb_Hwdr7Q9S1fd	UCQH1ZFu68tIio4QFDP0TErQ	ym 2020s early mb albums p1
Diamond Stuff	black midi	Cavalcade	INDIFFERENT	o3MlD0isVv0	MPREb_Hwdr7Q9S1fd	UCQH1ZFu68tIio4QFDP0TErQ	ym 2020s early mb albums p1
Dethroned	black midi	Cavalcade	INDIFFERENT	nPquyDbdXWw	MPREb_Hwdr7Q9S1fd	UCQH1ZFu68tIio4QFDP0TErQ	ym 2020s early mb albums p1
Chondromalacia Patella	black midi	Cavalcade	INDIFFERENT	3CKTc75bnQs	MPREb_Hwdr7Q9S1fd	UCQH1ZFu68tIio4QFDP0TErQ	ym 2020s early mb albums p1
The Layover	billy woods	Maps	INDIFFERENT	in8sTS-XXMs	MPREb_JcEhdaG7zig	UC-ila4F7VDattJX8rRh4zIA	ym 2020s early mb albums p1
Rapper Weed	billy woods	Maps	INDIFFERENT	O9DB3rYfktk	MPREb_JcEhdaG7zig	UC-ila4F7VDattJX8rRh4zIA	ym 2020s early mb albums p1
Kenwood Speakers	billy woods	Maps	INDIFFERENT	OHsLDU6tFJY	MPREb_JcEhdaG7zig	UC-ila4F7VDattJX8rRh4zIA	ym 2020s early mb albums p1
Houdini	billy woods	Maps	INDIFFERENT	QTsSX0IK1ww	MPREb_JcEhdaG7zig	UC-ila4F7VDattJX8rRh4zIA	ym 2020s early mb albums p1
Hangman	billy woods	Maps	INDIFFERENT	LADMPkxQLe8	MPREb_JcEhdaG7zig	UC-ila4F7VDattJX8rRh4zIA	ym 2020s early mb albums p1
FaceTime (feat. Samuel T. Herring)	billy woods	Maps	INDIFFERENT	Dp0342uB0AM	MPREb_JcEhdaG7zig	UC-ila4F7VDattJX8rRh4zIA	ym 2020s early mb albums p1
Blue Smoke	billy woods	Maps	INDIFFERENT	f-J6hboghlU	MPREb_JcEhdaG7zig	UC-ila4F7VDattJX8rRh4zIA	ym 2020s early mb albums p1
Baby Steps (feat. E L U C I D & Benjamin Booker)	billy woods	Maps	INDIFFERENT	A6YngDIgoBI	MPREb_JcEhdaG7zig	UC-ila4F7VDattJX8rRh4zIA	ym 2020s early mb albums p1
Agriculture	billy woods	Maps	INDIFFERENT	02Ci4yHxWZQ	MPREb_JcEhdaG7zig	UC-ila4F7VDattJX8rRh4zIA	ym 2020s early mb albums p1
Push / Pull	bdrmm	Bedroom	INDIFFERENT	R0dw6SYLIeA	MPREb_1U47eF2C9Hx	UC1cS2C5jCNn4cEtLcfHjolg	ym 2020s early mb albums p1
Momo	bdrmm	Bedroom	INDIFFERENT	X0yxmgzfU5s	MPREb_1U47eF2C9Hx	UC1cS2C5jCNn4cEtLcfHjolg	ym 2020s early mb albums p1
Is That What You Wanted to Hear?	bdrmm	Bedroom	INDIFFERENT	Vv6rdMNPpng	MPREb_1U47eF2C9Hx	UC1cS2C5jCNn4cEtLcfHjolg	ym 2020s early mb albums p1
If....	bdrmm	Bedroom	INDIFFERENT	VIlGa5ikgmI	MPREb_1U47eF2C9Hx	UC1cS2C5jCNn4cEtLcfHjolg	ym 2020s early mb albums p1
Happy	bdrmm	Bedroom	INDIFFERENT	3f4gRo4MqdU	MPREb_1U47eF2C9Hx	UC1cS2C5jCNn4cEtLcfHjolg	ym 2020s early mb albums p1
Gush	bdrmm	Bedroom	INDIFFERENT	ze87yTPEjkQ	MPREb_1U47eF2C9Hx	UC1cS2C5jCNn4cEtLcfHjolg	ym 2020s early mb albums p1
Forget the Credits	bdrmm	Bedroom	INDIFFERENT	EP_W6S_PUBw	MPREb_1U47eF2C9Hx	UC1cS2C5jCNn4cEtLcfHjolg	ym 2020s early mb albums p1
(Un)Happy	bdrmm	Bedroom	INDIFFERENT	8pdhv-k25o8	MPREb_1U47eF2C9Hx	UC1cS2C5jCNn4cEtLcfHjolg	ym 2020s early mb albums p1
(The Silence)	bdrmm	Bedroom	INDIFFERENT	c2fwJs3W3mo	MPREb_1U47eF2C9Hx	UC1cS2C5jCNn4cEtLcfHjolg	ym 2020s early mb albums p1
Walk a Mile	alt-J	The Dream	INDIFFERENT	7-v2M_oDBYo	MPREb_FWxUF6muFdO	UCyzh4EnNuEO3Jk_mlXJCIag	ym 2020s early mb albums p1
U&ME	alt-J	The Dream	INDIFFERENT	VsphQ7RBzB8	MPREb_FWxUF6muFdO	UCyzh4EnNuEO3Jk_mlXJCIag	ym 2020s early mb albums p1
The Actor	alt-J	The Dream	INDIFFERENT	uTjXitgL4uQ	MPREb_FWxUF6muFdO	UCyzh4EnNuEO3Jk_mlXJCIag	ym 2020s early mb albums p1
Powders	alt-J	The Dream	INDIFFERENT	8g8FlYiw3mA	MPREb_FWxUF6muFdO	UCyzh4EnNuEO3Jk_mlXJCIag	ym 2020s early mb albums p1
Philadelphia	alt-J	The Dream	INDIFFERENT	wHIAs0U9h80	MPREb_FWxUF6muFdO	UCyzh4EnNuEO3Jk_mlXJCIag	ym 2020s early mb albums p1
Losing My Mind	alt-J	The Dream	INDIFFERENT	hUijjbzGhfY	MPREb_FWxUF6muFdO	UCyzh4EnNuEO3Jk_mlXJCIag	ym 2020s early mb albums p1
Hard Drive Gold	alt-J	The Dream	INDIFFERENT	Un3iQoVf1hY	MPREb_FWxUF6muFdO	UCyzh4EnNuEO3Jk_mlXJCIag	ym 2020s early mb albums p1
Happier When You’re Gone	alt-J	The Dream	INDIFFERENT	bmOp7FMAsto	MPREb_FWxUF6muFdO	UCyzh4EnNuEO3Jk_mlXJCIag	ym 2020s early mb albums p1
Get Better	alt-J	The Dream	INDIFFERENT	Db_QMOIRyDw	MPREb_FWxUF6muFdO	UCyzh4EnNuEO3Jk_mlXJCIag	ym 2020s early mb albums p1
Delta	alt-J	The Dream	INDIFFERENT	2KwJbGxfgBU	MPREb_FWxUF6muFdO	UCyzh4EnNuEO3Jk_mlXJCIag	ym 2020s early mb albums p1
Chicago	alt-J	The Dream	INDIFFERENT	kj0AJTnnUtU	MPREb_FWxUF6muFdO	UCyzh4EnNuEO3Jk_mlXJCIag	ym 2020s early mb albums p1
Bane	alt-J	The Dream	INDIFFERENT	GXsahWg9OWQ	MPREb_FWxUF6muFdO	UCyzh4EnNuEO3Jk_mlXJCIag	ym 2020s early mb albums p1
Desperately Seeking Answers	all under heaven	Collider	INDIFFERENT	vphz-wjA0Bo	MPREb_t6IoqcItKmT	UCuu5o_mhqYVsZw6yMOdVAxw	ym 2020s early mb albums p1
Cerulean	all under heaven	Collider	INDIFFERENT	fP3QfYCteLU	MPREb_t6IoqcItKmT	UCuu5o_mhqYVsZw6yMOdVAxw	ym 2020s early mb albums p1
Cement Shoes	all under heaven	Collider	INDIFFERENT	4OctMNeJpTU	MPREb_t6IoqcItKmT	UCuu5o_mhqYVsZw6yMOdVAxw	ym 2020s early mb albums p1
Afterthought	all under heaven	Collider	INDIFFERENT	xP8s2apope4	MPREb_t6IoqcItKmT	UCuu5o_mhqYVsZw6yMOdVAxw	ym 2020s early mb albums p1
Time Flies, Pt. II	The Heavy Minds	Beyond Gloom	INDIFFERENT	lg-BqLP_yK4	MPREb_JMNGDR8wXv3	UCICb9TBUO-il-6kCB3SztIw	ym 2020s early mb albums p1
Time Flies, Pt. I	The Heavy Minds	Beyond Gloom	INDIFFERENT	dr5S_DkJIgs	MPREb_JMNGDR8wXv3	UCICb9TBUO-il-6kCB3SztIw	ym 2020s early mb albums p1
The Sounds	The Heavy Minds	Beyond Gloom	INDIFFERENT	ZiRVQDS0Da8	MPREb_JMNGDR8wXv3	UCICb9TBUO-il-6kCB3SztIw	ym 2020s early mb albums p1
Predator	The Heavy Minds	Beyond Gloom	INDIFFERENT	fP5APx-tGew	MPREb_JMNGDR8wXv3	UCICb9TBUO-il-6kCB3SztIw	ym 2020s early mb albums p1
Polarity	The Heavy Minds	Beyond Gloom	INDIFFERENT	MSrQFW73pos	MPREb_JMNGDR8wXv3	UCICb9TBUO-il-6kCB3SztIw	ym 2020s early mb albums p1
Nothing	The Heavy Minds	Beyond Gloom	INDIFFERENT	NsWezSMuT8M	MPREb_JMNGDR8wXv3	UCICb9TBUO-il-6kCB3SztIw	ym 2020s early mb albums p1
Names	The Heavy Minds	Beyond Gloom	INDIFFERENT	NlY-qcVsusw	MPREb_JMNGDR8wXv3	UCICb9TBUO-il-6kCB3SztIw	ym 2020s early mb albums p1
Vertigo	The Glitch Mob	Ctrl Alt Reality	INDIFFERENT	g2n95AYWQmQ	MPREb_ffJvyEAFeWf	UCM1FCOiyAasueBx7hyq-71w	ym 2020s early mb albums p1
The Moment	The Glitch Mob	Ctrl Alt Reality	INDIFFERENT	RzdWp8TgCOo	MPREb_ffJvyEAFeWf	UCM1FCOiyAasueBx7hyq-71w	ym 2020s early mb albums p1
The Flavor	The Glitch Mob	Ctrl Alt Reality	INDIFFERENT	6Fqa42h0EdE	MPREb_ffJvyEAFeWf	UCM1FCOiyAasueBx7hyq-71w	ym 2020s early mb albums p1
Higher	The Glitch Mob	Ctrl Alt Reality	INDIFFERENT	G6sacGsb6Zc	MPREb_ffJvyEAFeWf	UCM1FCOiyAasueBx7hyq-71w	ym 2020s early mb albums p1
E-Motion	The Glitch Mob	Ctrl Alt Reality	INDIFFERENT	7gq6idiJgPM	MPREb_ffJvyEAFeWf	UCM1FCOiyAasueBx7hyq-71w	ym 2020s early mb albums p1
Dream Roller	The Glitch Mob	Ctrl Alt Reality	INDIFFERENT	bzsCzIw6-oA	MPREb_ffJvyEAFeWf	UCM1FCOiyAasueBx7hyq-71w	ym 2020s early mb albums p1
Depth Charge	The Glitch Mob	Ctrl Alt Reality	INDIFFERENT	i9cp_ydwamI	MPREb_ffJvyEAFeWf	UCM1FCOiyAasueBx7hyq-71w	ym 2020s early mb albums p1
Cut Slope	The Glitch Mob	Ctrl Alt Reality	INDIFFERENT	j9xQP7_LVo8	MPREb_ffJvyEAFeWf	UCM1FCOiyAasueBx7hyq-71w	ym 2020s early mb albums p1
Antireal	The Glitch Mob	Ctrl Alt Reality	INDIFFERENT	TmoxhxYbqwA	MPREb_ffJvyEAFeWf	UCM1FCOiyAasueBx7hyq-71w	ym 2020s early mb albums p1
All The People	The Glitch Mob	Ctrl Alt Reality	INDIFFERENT	bz4K5-svBcU	MPREb_ffJvyEAFeWf	UCM1FCOiyAasueBx7hyq-71w	ym 2020s early mb albums p1
Witches Whisper	The Gaslamp Killer	Legna	INDIFFERENT	4E7FCcB5PIg	MPREb_C0gii1vzyvM	UCuvoqnctKBbiatTnb_RUNrA	ym 2020s early mb albums p1
Tensione	The Gaslamp Killer	Legna	INDIFFERENT	m2Uc0qai8xc	MPREb_C0gii1vzyvM	UCuvoqnctKBbiatTnb_RUNrA	ym 2020s early mb albums p1
She's Coming	The Gaslamp Killer	Legna	INDIFFERENT	cU84M9_B-JE	MPREb_C0gii1vzyvM	UCuvoqnctKBbiatTnb_RUNrA	ym 2020s early mb albums p1
Rumble In The Jungle	The Gaslamp Killer	Legna	INDIFFERENT	xqDyfJ21M2c	MPREb_C0gii1vzyvM	UCuvoqnctKBbiatTnb_RUNrA	ym 2020s early mb albums p1
Punks	The Gaslamp Killer	Legna	INDIFFERENT	k1mDfqu7bg8	MPREb_C0gii1vzyvM	UCuvoqnctKBbiatTnb_RUNrA	ym 2020s early mb albums p1
Manic Panic	The Gaslamp Killer	Legna	INDIFFERENT	RKx93pp6MRo	MPREb_C0gii1vzyvM	UCuvoqnctKBbiatTnb_RUNrA	ym 2020s early mb albums p1
Legna	The Gaslamp Killer	Legna	INDIFFERENT	RUznckX6RAw	MPREb_C0gii1vzyvM	UCuvoqnctKBbiatTnb_RUNrA	ym 2020s early mb albums p1
Divine Retribution	The Gaslamp Killer	Legna	INDIFFERENT	Ja72gmPvGbk	MPREb_C0gii1vzyvM	UCuvoqnctKBbiatTnb_RUNrA	ym 2020s early mb albums p1
Brain Cell Holocaust	The Gaslamp Killer	Legna	INDIFFERENT	NaU2DzCK1LE	MPREb_C0gii1vzyvM	UCuvoqnctKBbiatTnb_RUNrA	ym 2020s early mb albums p1
You n Me Sellin' Weed	The Flaming Lips	American Head	INDIFFERENT	I1UkNjGO-YE	MPREb_aFh9iLCBCs9	UCPxZkX90JURVTyWW0caNnGg	ym 2020s early mb albums p1
When We Die When We're High	The Flaming Lips	American Head	INDIFFERENT	5W6wM7fT7qM	MPREb_aFh9iLCBCs9	UCPxZkX90JURVTyWW0caNnGg	ym 2020s early mb albums p1
Watching the Lightbugs Glow	The Flaming Lips	American Head	INDIFFERENT	7YAbBnJtXdA	MPREb_aFh9iLCBCs9	UCPxZkX90JURVTyWW0caNnGg	ym 2020s early mb albums p1
My Religion Is You	The Flaming Lips	American Head	INDIFFERENT	KrxkFqUbGCw	MPREb_aFh9iLCBCs9	UCPxZkX90JURVTyWW0caNnGg	ym 2020s early mb albums p1
Mother Please Don't Be Sad	The Flaming Lips	American Head	INDIFFERENT	xo1Q3_eRN24	MPREb_aFh9iLCBCs9	UCPxZkX90JURVTyWW0caNnGg	ym 2020s early mb albums p1
Mother I've Taken LSD	The Flaming Lips	American Head	INDIFFERENT	pb4MTDr1Yyc	MPREb_aFh9iLCBCs9	UCPxZkX90JURVTyWW0caNnGg	ym 2020s early mb albums p1
God and the Policeman (feat. Kacey Musgraves)	The Flaming Lips	American Head	INDIFFERENT	Ut3qaXWdREY	MPREb_aFh9iLCBCs9	UCPxZkX90JURVTyWW0caNnGg	ym 2020s early mb albums p1
Dinosaurs on the Mountain	The Flaming Lips	American Head	INDIFFERENT	CAyKvMucD2I	MPREb_aFh9iLCBCs9	UCPxZkX90JURVTyWW0caNnGg	ym 2020s early mb albums p1
At the Movies on Quaaludes	The Flaming Lips	American Head	INDIFFERENT	rTlcGXtf0Gg	MPREb_aFh9iLCBCs9	UCPxZkX90JURVTyWW0caNnGg	ym 2020s early mb albums p1
Assassins of Youth	The Flaming Lips	American Head	INDIFFERENT	VMUwXodpMm4	MPREb_aFh9iLCBCs9	UCPxZkX90JURVTyWW0caNnGg	ym 2020s early mb albums p1
Warsong	The Cure	Songs Of A Lost World	INDIFFERENT	W6gFQfYSopQ	MPREb_ufdehYS2zUr	UCKuG9-MGolUuWbEcoz5qijw	ym 2020s early mb albums p1
I Can Never Say Goodbye	The Cure	Songs Of A Lost World	INDIFFERENT	DV-acRCuOGU	MPREb_ufdehYS2zUr	UCKuG9-MGolUuWbEcoz5qijw	ym 2020s early mb albums p1
Endsong	The Cure	Songs Of A Lost World	INDIFFERENT	gA5pg7DRLf4	MPREb_ufdehYS2zUr	UCKuG9-MGolUuWbEcoz5qijw	ym 2020s early mb albums p1
Drone:Nodrone	The Cure	Songs Of A Lost World	INDIFFERENT	jBlJSxAtmpE	MPREb_ufdehYS2zUr	UCKuG9-MGolUuWbEcoz5qijw	ym 2020s early mb albums p1
And Nothing Is Forever	The Cure	Songs Of A Lost World	INDIFFERENT	yEBO_xKfwN4	MPREb_ufdehYS2zUr	UCKuG9-MGolUuWbEcoz5qijw	ym 2020s early mb albums p1
Alone	The Cure	Songs Of A Lost World	INDIFFERENT	7BvcayRnpDE	MPREb_ufdehYS2zUr	UCKuG9-MGolUuWbEcoz5qijw	ym 2020s early mb albums p1
All I Ever Am	The Cure	Songs Of A Lost World	INDIFFERENT	wW3wokbdfeA	MPREb_ufdehYS2zUr	UCKuG9-MGolUuWbEcoz5qijw	ym 2020s early mb albums p1
TOKYO NIGHTS	The Comet Is Coming	Hyper-Dimensional Expansion Beam	INDIFFERENT	5lPGcFIFVNE	MPREb_QPUG22v7gHw	UCkhhyLDFuxeJnEVG0XhzzWA	ym 2020s early mb albums p1
THE HAMMER	The Comet Is Coming	Hyper-Dimensional Expansion Beam	INDIFFERENT	MdX78nKEvEw	MPREb_QPUG22v7gHw	UCkhhyLDFuxeJnEVG0XhzzWA	ym 2020s early mb albums p1
TECHNICOLOUR	The Comet Is Coming	Hyper-Dimensional Expansion Beam	INDIFFERENT	rAwocrtx47w	MPREb_QPUG22v7gHw	UCkhhyLDFuxeJnEVG0XhzzWA	ym 2020s early mb albums p1
PYRAMIDS	The Comet Is Coming	Hyper-Dimensional Expansion Beam	INDIFFERENT	AJnh8xgk2GE	MPREb_QPUG22v7gHw	UCkhhyLDFuxeJnEVG0XhzzWA	ym 2020s early mb albums p1
MYSTIK	The Comet Is Coming	Hyper-Dimensional Expansion Beam	INDIFFERENT	TcYDgmQceMk	MPREb_QPUG22v7gHw	UCkhhyLDFuxeJnEVG0XhzzWA	ym 2020s early mb albums p1
LUCID DREAMER	The Comet Is Coming	Hyper-Dimensional Expansion Beam	INDIFFERENT	C4Ydhlp8hz4	MPREb_QPUG22v7gHw	UCkhhyLDFuxeJnEVG0XhzzWA	ym 2020s early mb albums p1
FREQUENCY OF FEELING EXPANSION	The Comet Is Coming	Hyper-Dimensional Expansion Beam	INDIFFERENT	XboK5orRST8	MPREb_QPUG22v7gHw	UCkhhyLDFuxeJnEVG0XhzzWA	ym 2020s early mb albums p1
CODE	The Comet Is Coming	Hyper-Dimensional Expansion Beam	INDIFFERENT	6yJUiSqmfVw	MPREb_QPUG22v7gHw	UCkhhyLDFuxeJnEVG0XhzzWA	ym 2020s early mb albums p1
ATOMIC WAVE DANCE	The Comet Is Coming	Hyper-Dimensional Expansion Beam	INDIFFERENT	jOwRSsOe0zY	MPREb_QPUG22v7gHw	UCkhhyLDFuxeJnEVG0XhzzWA	ym 2020s early mb albums p1
ANGEL OF DARKNESS	The Comet Is Coming	Hyper-Dimensional Expansion Beam	INDIFFERENT	JUUZR2npUds	MPREb_QPUG22v7gHw	UCkhhyLDFuxeJnEVG0XhzzWA	ym 2020s early mb albums p1
AFTERMATH	The Comet Is Coming	Hyper-Dimensional Expansion Beam	INDIFFERENT	1UUeNimzIFk	MPREb_QPUG22v7gHw	UCkhhyLDFuxeJnEVG0XhzzWA	ym 2020s early mb albums p1
The Weight	The Chemical Brothers	For That Beautiful Feeling	INDIFFERENT	8jwYkLmuE1A	MPREb_gTzfvVGRR3Z	UCyPCkwR4gcQNybC2XzMNFTA	ym 2020s early mb albums p1
The Darkness That You Fear (Harvest Mix)	The Chemical Brothers	For That Beautiful Feeling	INDIFFERENT	aWHed0-rTxE	MPREb_gTzfvVGRR3Z	UCyPCkwR4gcQNybC2XzMNFTA	ym 2020s early mb albums p1
Skipping Like A Stone (feat. Beck)	The Chemical Brothers	For That Beautiful Feeling	INDIFFERENT	UvJA7a2lm9U	MPREb_gTzfvVGRR3Z	UCyPCkwR4gcQNybC2XzMNFTA	ym 2020s early mb albums p1
Magic Wand	The Chemical Brothers	For That Beautiful Feeling	INDIFFERENT	IlF7GAiRC6E	MPREb_gTzfvVGRR3Z	UCyPCkwR4gcQNybC2XzMNFTA	ym 2020s early mb albums p1
Intro	The Chemical Brothers	For That Beautiful Feeling	INDIFFERENT	TiFB31rww08	MPREb_gTzfvVGRR3Z	UCyPCkwR4gcQNybC2XzMNFTA	ym 2020s early mb albums p1
For That Beautiful Feeling (feat. Halo Maud)	The Chemical Brothers	For That Beautiful Feeling	INDIFFERENT	COOEPp2uZUo	MPREb_gTzfvVGRR3Z	UCyPCkwR4gcQNybC2XzMNFTA	ym 2020s early mb albums p1
Feels Like I Am Dreaming	The Chemical Brothers	For That Beautiful Feeling	INDIFFERENT	2DYYwhDvYOs	MPREb_gTzfvVGRR3Z	UCyPCkwR4gcQNybC2XzMNFTA	ym 2020s early mb albums p1
War (feat. Nazamba)	The Bug	Fire	INDIFFERENT	Uqgiixe_vGM	MPREb_Cr6naw6htC7	UCpFDrI9UAMp6cpwtZwzUg-g	ym 2020s early mb albums p1
Vexed (feat. Moor Mother)	The Bug	Fire	INDIFFERENT	ghOjAGu4tlA	MPREb_Cr6naw6htC7	UCpFDrI9UAMp6cpwtZwzUg-g	ym 2020s early mb albums p1
The Missing (feat. Roger Robinson)	The Bug	Fire	INDIFFERENT	IvAyUhJO4a4	MPREb_Cr6naw6htC7	UCpFDrI9UAMp6cpwtZwzUg-g	ym 2020s early mb albums p1
The Fourth Day (feat. Roger Robinson)	The Bug	Fire	INDIFFERENT	qgfH0pn0WtA	MPREb_Cr6naw6htC7	UCpFDrI9UAMp6cpwtZwzUg-g	ym 2020s early mb albums p1
Pressure (feat. Flowdan)	The Bug	Fire	INDIFFERENT	9jSPAK8Uqhs	MPREb_Cr6naw6htC7	UCpFDrI9UAMp6cpwtZwzUg-g	ym 2020s early mb albums p1
How bout dat (feat. FFSYTHO)	The Bug	Fire	INDIFFERENT	_TDYkLsvp2s	MPREb_Cr6naw6htC7	UCpFDrI9UAMp6cpwtZwzUg-g	ym 2020s early mb albums p1
High Rise (feat. Manga Saint Hilare)	The Bug	Fire	INDIFFERENT	g7mHKL745fQ	MPREb_Cr6naw6htC7	UCpFDrI9UAMp6cpwtZwzUg-g	ym 2020s early mb albums p1
Hammer (feat. Flowdan)	The Bug	Fire	INDIFFERENT	lYYliR941tI	MPREb_Cr6naw6htC7	UCpFDrI9UAMp6cpwtZwzUg-g	ym 2020s early mb albums p1
Ganja Baby (feat. Daddy Freddy)	The Bug	Fire	INDIFFERENT	DUwBOqANdX8	MPREb_Cr6naw6htC7	UCpFDrI9UAMp6cpwtZwzUg-g	ym 2020s early mb albums p1
Fuck Off (feat. Logan_olm)	The Bug	Fire	INDIFFERENT	WdS73nPkrO8	MPREb_Cr6naw6htC7	UCpFDrI9UAMp6cpwtZwzUg-g	ym 2020s early mb albums p1
Demon (feat. Irah)	The Bug	Fire	INDIFFERENT	kiHEp-Cydhk	MPREb_Cr6naw6htC7	UCpFDrI9UAMp6cpwtZwzUg-g	ym 2020s early mb albums p1
Clash (feat. Logan_olm)	The Bug	Fire	INDIFFERENT	8H0i4W9Ii8k	MPREb_Cr6naw6htC7	UCpFDrI9UAMp6cpwtZwzUg-g	ym 2020s early mb albums p1
Bomb (feat. Flowdan)	The Bug	Fire	INDIFFERENT	DXNZ7lDa_gg	MPREb_Cr6naw6htC7	UCpFDrI9UAMp6cpwtZwzUg-g	ym 2020s early mb albums p1
Bang (feat. Manga Saint Hilare)	The Bug	Fire	INDIFFERENT	NUYBB7K-QxU	MPREb_Cr6naw6htC7	UCpFDrI9UAMp6cpwtZwzUg-g	ym 2020s early mb albums p1
The Wrangler	The Budos Band	Long in the Tooth	INDIFFERENT	w9mOTUChLDA	MPREb_vW7T45ip7Jk	UCvQgxMD5WBq3JfJLHQkpcKA	ym 2020s early mb albums p1
Snake Hawk	The Budos Band	Long in the Tooth	INDIFFERENT	JCZtloKA_WA	MPREb_vW7T45ip7Jk	UCvQgxMD5WBq3JfJLHQkpcKA	ym 2020s early mb albums p1
Renegade	The Budos Band	Long in the Tooth	INDIFFERENT	Q7j1em1gz_o	MPREb_vW7T45ip7Jk	UCvQgxMD5WBq3JfJLHQkpcKA	ym 2020s early mb albums p1
Mierda De Toro	The Budos Band	Long in the Tooth	INDIFFERENT	wK_HV-dJPd0	MPREb_vW7T45ip7Jk	UCvQgxMD5WBq3JfJLHQkpcKA	ym 2020s early mb albums p1
Budonian Knight	The Budos Band	Long in the Tooth	INDIFFERENT	R4W17ipS4-o	MPREb_vW7T45ip7Jk	UCvQgxMD5WBq3JfJLHQkpcKA	ym 2020s early mb albums p1
Whats In A Name?	The Brian Jonestown Massacre	Fire Doesn't Grow On Trees	INDIFFERENT	oACBdLNkr3k	MPREb_XFSHgkuj5Cb	UCXybUoBoCwQntpbpblywN4Q	ym 2020s early mb albums p1
Wait A Minute (230 to be exact)	The Brian Jonestown Massacre	Fire Doesn't Grow On Trees	INDIFFERENT	ihVwGG8vPgM	MPREb_XFSHgkuj5Cb	UCXybUoBoCwQntpbpblywN4Q	ym 2020s early mb albums p1
The Real	The Brian Jonestown Massacre	Fire Doesn't Grow On Trees	INDIFFERENT	FMGAgScuLQ0	MPREb_XFSHgkuj5Cb	UCXybUoBoCwQntpbpblywN4Q	ym 2020s early mb albums p1
Silenced	The Brian Jonestown Massacre	Fire Doesn't Grow On Trees	INDIFFERENT	aGenTMcZ77M	MPREb_XFSHgkuj5Cb	UCXybUoBoCwQntpbpblywN4Q	ym 2020s early mb albums p1
It's About Being Free Really	The Brian Jonestown Massacre	Fire Doesn't Grow On Trees	INDIFFERENT	mVqNGX8BVXc	MPREb_XFSHgkuj5Cb	UCXybUoBoCwQntpbpblywN4Q	ym 2020s early mb albums p1
Ineffable Mindfuck	The Brian Jonestown Massacre	Fire Doesn't Grow On Trees	INDIFFERENT	Y1j9BiBUQsU	MPREb_XFSHgkuj5Cb	UCXybUoBoCwQntpbpblywN4Q	ym 2020s early mb albums p1
Don't Let Me Get In Your Way	The Brian Jonestown Massacre	Fire Doesn't Grow On Trees	INDIFFERENT	R3heJMP0bYQ	MPREb_XFSHgkuj5Cb	UCXybUoBoCwQntpbpblywN4Q	ym 2020s early mb albums p1
Before And Afterland	The Brian Jonestown Massacre	Fire Doesn't Grow On Trees	INDIFFERENT	J2q7-YpqePo	MPREb_XFSHgkuj5Cb	UCXybUoBoCwQntpbpblywN4Q	ym 2020s early mb albums p1
#1 LUCKY KITTY	The Brian Jonestown Massacre	Fire Doesn't Grow On Trees	INDIFFERENT	Jv-k81ewjX0	MPREb_XFSHgkuj5Cb	UCXybUoBoCwQntpbpblywN4Q	ym 2020s early mb albums p1
Raised With Dub (feat. Dr Lee)	The Black Seeds	Dub & Fire: The Black Seeds Meets Scientist & Dr Lee	INDIFFERENT	d5kDguPqwQc	MPREb_PvLq4pfAATj	UCV9riNATEQj9wWLAgZOkmRw	ym 2020s early mb albums p1
Meditation Dub (feat. Dr Lee)	The Black Seeds	Dub & Fire: The Black Seeds Meets Scientist & Dr Lee	INDIFFERENT	3rjhXwSpyOg	MPREb_PvLq4pfAATj	UCV9riNATEQj9wWLAgZOkmRw	ym 2020s early mb albums p1
Let The Dub Shine Through (feat. Scientist)	The Black Seeds	Dub & Fire: The Black Seeds Meets Scientist & Dr Lee	INDIFFERENT	Y3P5peb5OIc	MPREb_PvLq4pfAATj	UCV9riNATEQj9wWLAgZOkmRw	ym 2020s early mb albums p1
Greatest Expectations Dub (feat. Scientist)	The Black Seeds	Dub & Fire: The Black Seeds Meets Scientist & Dr Lee	INDIFFERENT	LLUFF2iyQRY	MPREb_PvLq4pfAATj	UCV9riNATEQj9wWLAgZOkmRw	ym 2020s early mb albums p1
Game Over Optimist Dub (feat. Dr Lee)	The Black Seeds	Dub & Fire: The Black Seeds Meets Scientist & Dr Lee	INDIFFERENT	hZa54PIj5uc	MPREb_PvLq4pfAATj	UCV9riNATEQj9wWLAgZOkmRw	ym 2020s early mb albums p1
Dub So Real (feat. Scientist)	The Black Seeds	Dub & Fire: The Black Seeds Meets Scientist & Dr Lee	INDIFFERENT	ghImWBcSxLs	MPREb_PvLq4pfAATj	UCV9riNATEQj9wWLAgZOkmRw	ym 2020s early mb albums p1
Dub Justice (feat. Scientist)	The Black Seeds	Dub & Fire: The Black Seeds Meets Scientist & Dr Lee	INDIFFERENT	DaKKF0Yu2RQ	MPREb_PvLq4pfAATj	UCV9riNATEQj9wWLAgZOkmRw	ym 2020s early mb albums p1
Dub & Fire (feat. Scientist)	The Black Seeds	Dub & Fire: The Black Seeds Meets Scientist & Dr Lee	INDIFFERENT	w-pKD-i_QLQ	MPREb_PvLq4pfAATj	UCV9riNATEQj9wWLAgZOkmRw	ym 2020s early mb albums p1
Bring the Dub (feat. Dr Lee)	The Black Seeds	Dub & Fire: The Black Seeds Meets Scientist & Dr Lee	INDIFFERENT	7g7C-WH9AAg	MPREb_PvLq4pfAATj	UCV9riNATEQj9wWLAgZOkmRw	ym 2020s early mb albums p1
Your Team Is Looking Good	The Black Keys	Dropout Boogie	INDIFFERENT	aKtxycEgkK4	MPREb_ivNVJQnQpuo	UCchwuI134MUX4GSZqYLpYGA	ym 2020s early mb albums p1
Wild Child	The Black Keys	Dropout Boogie	INDIFFERENT	6LbIU56moBw	MPREb_ivNVJQnQpuo	UCchwuI134MUX4GSZqYLpYGA	ym 2020s early mb albums p1
It Ain't Over	The Black Keys	Dropout Boogie	INDIFFERENT	QL3kW2wwJNU	MPREb_ivNVJQnQpuo	UCchwuI134MUX4GSZqYLpYGA	ym 2020s early mb albums p1
How Long	The Black Keys	Dropout Boogie	INDIFFERENT	ZFGu-IUSNRY	MPREb_ivNVJQnQpuo	UCchwuI134MUX4GSZqYLpYGA	ym 2020s early mb albums p1
Happiness	The Black Keys	Dropout Boogie	INDIFFERENT	tpABMGP3-Fo	MPREb_ivNVJQnQpuo	UCchwuI134MUX4GSZqYLpYGA	ym 2020s early mb albums p1
Good Love (feat. Billy F Gibbons)	The Black Keys	Dropout Boogie	INDIFFERENT	yTmlhqQQ_dA	MPREb_ivNVJQnQpuo	UCchwuI134MUX4GSZqYLpYGA	ym 2020s early mb albums p1
For the Love of Money	The Black Keys	Dropout Boogie	INDIFFERENT	h8pT0XfB9HA	MPREb_ivNVJQnQpuo	UCchwuI134MUX4GSZqYLpYGA	ym 2020s early mb albums p1
Didn't I Love You	The Black Keys	Dropout Boogie	INDIFFERENT	oKmp0mbG1M0	MPREb_ivNVJQnQpuo	UCchwuI134MUX4GSZqYLpYGA	ym 2020s early mb albums p1
Burn the Damn Thing Down	The Black Keys	Dropout Boogie	INDIFFERENT	36u5m6kH_Ks	MPREb_ivNVJQnQpuo	UCchwuI134MUX4GSZqYLpYGA	ym 2020s early mb albums p1
Baby I'm Coming Home	The Black Keys	Dropout Boogie	INDIFFERENT	0BYbTwy-X9c	MPREb_ivNVJQnQpuo	UCchwuI134MUX4GSZqYLpYGA	ym 2020s early mb albums p1
Walk with Me	The Black Keys	Delta Kream	INDIFFERENT	CZktJRWpgdE	MPREb_N6XhjUOk5AX	UCchwuI134MUX4GSZqYLpYGA	ym 2020s early mb albums p1
Sad Days, Lonely Nights	The Black Keys	Delta Kream	INDIFFERENT	VHGkoOGWKFg	MPREb_N6XhjUOk5AX	UCchwuI134MUX4GSZqYLpYGA	ym 2020s early mb albums p1
Poor Boy a Long Way From Home	The Black Keys	Delta Kream	INDIFFERENT	4V71Gd6P4Sg	MPREb_N6XhjUOk5AX	UCchwuI134MUX4GSZqYLpYGA	ym 2020s early mb albums p1
Mellow Peaches	The Black Keys	Delta Kream	INDIFFERENT	MqI8avwF2Qs	MPREb_N6XhjUOk5AX	UCchwuI134MUX4GSZqYLpYGA	ym 2020s early mb albums p1
Louise	The Black Keys	Delta Kream	INDIFFERENT	wYxZU1QL2qU	MPREb_N6XhjUOk5AX	UCchwuI134MUX4GSZqYLpYGA	ym 2020s early mb albums p1
Going Down South	The Black Keys	Delta Kream	INDIFFERENT	-dE3rQwsI5A	MPREb_N6XhjUOk5AX	UCchwuI134MUX4GSZqYLpYGA	ym 2020s early mb albums p1
Do the Romp	The Black Keys	Delta Kream	INDIFFERENT	b0WDjQ_wP2A	MPREb_N6XhjUOk5AX	UCchwuI134MUX4GSZqYLpYGA	ym 2020s early mb albums p1
Come on and Go with Me	The Black Keys	Delta Kream	INDIFFERENT	OB0qAigt5Jc	MPREb_N6XhjUOk5AX	UCchwuI134MUX4GSZqYLpYGA	ym 2020s early mb albums p1
Coal Black Mattie	The Black Keys	Delta Kream	INDIFFERENT	wASLmGMcWxs	MPREb_N6XhjUOk5AX	UCchwuI134MUX4GSZqYLpYGA	ym 2020s early mb albums p1
Without a Trace	The Black Angels	Wilderness of Mirrors	INDIFFERENT	1nqfhyJVNOo	MPREb_2n6V5NdygkD	UCdMCMtXUYb-9gvK1srSECuQ	ym 2020s early mb albums p1
Wilderness of Mirrors	The Black Angels	Wilderness of Mirrors	INDIFFERENT	OOtqME5DnTE	MPREb_2n6V5NdygkD	UCdMCMtXUYb-9gvK1srSECuQ	ym 2020s early mb albums p1
Vermillion Eyes	The Black Angels	Wilderness of Mirrors	INDIFFERENT	a9ft7p3wCgM	MPREb_2n6V5NdygkD	UCdMCMtXUYb-9gvK1srSECuQ	ym 2020s early mb albums p1
Suffocation	The Black Angels	Wilderness of Mirrors	INDIFFERENT	kkuJQpK3BBw	MPREb_2n6V5NdygkD	UCdMCMtXUYb-9gvK1srSECuQ	ym 2020s early mb albums p1
Make It Known	The Black Angels	Wilderness of Mirrors	INDIFFERENT	W3O7sAWehlA	MPREb_2n6V5NdygkD	UCdMCMtXUYb-9gvK1srSECuQ	ym 2020s early mb albums p1
La Pared (Govt. Wall Blues)	The Black Angels	Wilderness of Mirrors	INDIFFERENT	gl0Gh6wkwJ4	MPREb_2n6V5NdygkD	UCdMCMtXUYb-9gvK1srSECuQ	ym 2020s early mb albums p1
Icon	The Black Angels	Wilderness of Mirrors	INDIFFERENT	fZvUQIxvEZg	MPREb_2n6V5NdygkD	UCdMCMtXUYb-9gvK1srSECuQ	ym 2020s early mb albums p1
History of the Future	The Black Angels	Wilderness of Mirrors	INDIFFERENT	2kTOLP3mmSw	MPREb_2n6V5NdygkD	UCdMCMtXUYb-9gvK1srSECuQ	ym 2020s early mb albums p1
Here & Now	The Black Angels	Wilderness of Mirrors	INDIFFERENT	b6yFmWwYPd4	MPREb_2n6V5NdygkD	UCdMCMtXUYb-9gvK1srSECuQ	ym 2020s early mb albums p1
Firefly	The Black Angels	Wilderness of Mirrors	INDIFFERENT	Qefx1p7TcLg	MPREb_2n6V5NdygkD	UCdMCMtXUYb-9gvK1srSECuQ	ym 2020s early mb albums p1
Empires Falling	The Black Angels	Wilderness of Mirrors	INDIFFERENT	DDKQ-CuYOQs	MPREb_2n6V5NdygkD	UCdMCMtXUYb-9gvK1srSECuQ	ym 2020s early mb albums p1
El Jardín	The Black Angels	Wilderness of Mirrors	INDIFFERENT	MkEYWHlO53E	MPREb_2n6V5NdygkD	UCdMCMtXUYb-9gvK1srSECuQ	ym 2020s early mb albums p1
A Walk on the Outside	The Black Angels	Wilderness of Mirrors	INDIFFERENT	OE7dGUrYbao	MPREb_2n6V5NdygkD	UCdMCMtXUYb-9gvK1srSECuQ	ym 2020s early mb albums p1
100 Flowers of Paracusia	The Black Angels	Wilderness of Mirrors	INDIFFERENT	P-ImQQ_7Aik	MPREb_2n6V5NdygkD	UCdMCMtXUYb-9gvK1srSECuQ	ym 2020s early mb albums p1
Your Side	The Beths	Expert In A Dying Field	INDIFFERENT	5AZzK1f2x78	MPREb_LeOKMa0cJkN	UCLFyXW9u1q-QINz7u7rxlFg	ym 2020s early mb albums p1
When You Know You Know	The Beths	Expert In A Dying Field	INDIFFERENT	Irb18PuUpIw	MPREb_LeOKMa0cJkN	UCLFyXW9u1q-QINz7u7rxlFg	ym 2020s early mb albums p1
Silence Is Golden	The Beths	Expert In A Dying Field	INDIFFERENT	NcSYJh8hDak	MPREb_LeOKMa0cJkN	UCLFyXW9u1q-QINz7u7rxlFg	ym 2020s early mb albums p1
Knees Deep	The Beths	Expert In A Dying Field	INDIFFERENT	gvhnhrGs9b4	MPREb_LeOKMa0cJkN	UCLFyXW9u1q-QINz7u7rxlFg	ym 2020s early mb albums p1
I Want To Listen	The Beths	Expert In A Dying Field	INDIFFERENT	MEly2Vba5wU	MPREb_LeOKMa0cJkN	UCLFyXW9u1q-QINz7u7rxlFg	ym 2020s early mb albums p1
I Told You That I Was Afraid	The Beths	Expert In A Dying Field	INDIFFERENT	pBv5LVgX1D0	MPREb_LeOKMa0cJkN	UCLFyXW9u1q-QINz7u7rxlFg	ym 2020s early mb albums p1
Head In The Clouds	The Beths	Expert In A Dying Field	INDIFFERENT	JxllchnVN4k	MPREb_LeOKMa0cJkN	UCLFyXW9u1q-QINz7u7rxlFg	ym 2020s early mb albums p1
Expert In A Dying Field	The Beths	Expert In A Dying Field	INDIFFERENT	le1rBouN3rk	MPREb_LeOKMa0cJkN	UCLFyXW9u1q-QINz7u7rxlFg	ym 2020s early mb albums p1
Change In The Weather	The Beths	Expert In A Dying Field	INDIFFERENT	NH-cmH45KZY	MPREb_LeOKMa0cJkN	UCLFyXW9u1q-QINz7u7rxlFg	ym 2020s early mb albums p1
Best Left	The Beths	Expert In A Dying Field	INDIFFERENT	hUStnw00Rtc	MPREb_LeOKMa0cJkN	UCLFyXW9u1q-QINz7u7rxlFg	ym 2020s early mb albums p1
A Passing Rain	The Beths	Expert In A Dying Field	INDIFFERENT	oVDJxYzIUdM	MPREb_LeOKMa0cJkN	UCLFyXW9u1q-QINz7u7rxlFg	ym 2020s early mb albums p1
2am	The Beths	Expert In A Dying Field	INDIFFERENT	79jVukNTw_g	MPREb_LeOKMa0cJkN	UCLFyXW9u1q-QINz7u7rxlFg	ym 2020s early mb albums p1
Weightless	The Avalanches	We Will Always Love You	INDIFFERENT	ndhQGoAfGbk	MPREb_dMrVnmpSgMK	UCLXF7R57nHd3Q2PcAAtdPcA	ym 2020s early mb albums p1
Until Daylight Comes (feat. Tricky)	The Avalanches	We Will Always Love You	INDIFFERENT	Ep1x_F3yfVU	MPREb_dMrVnmpSgMK	UCLXF7R57nHd3Q2PcAAtdPcA	ym 2020s early mb albums p1
Star Song.IMG	The Avalanches	We Will Always Love You	INDIFFERENT	0MpkzIDFr9Q	MPREb_dMrVnmpSgMK	UCLXF7R57nHd3Q2PcAAtdPcA	ym 2020s early mb albums p1
Song For Barbara Payton	The Avalanches	We Will Always Love You	INDIFFERENT	1tdthrZYT98	MPREb_dMrVnmpSgMK	UCLXF7R57nHd3Q2PcAAtdPcA	ym 2020s early mb albums p1
Solitary Ceremonies	The Avalanches	We Will Always Love You	INDIFFERENT	XqXL0eslMiA	MPREb_dMrVnmpSgMK	UCLXF7R57nHd3Q2PcAAtdPcA	ym 2020s early mb albums p1
Running Red Lights (feat. Rivers Cuomo & Pink Siifu)	The Avalanches	We Will Always Love You	INDIFFERENT	p5_C4J-MlO8	MPREb_dMrVnmpSgMK	UCLXF7R57nHd3Q2PcAAtdPcA	ym 2020s early mb albums p1
Reflecting Light (feat. Sananda Maitreya & Vashti Bunyan)	The Avalanches	We Will Always Love You	INDIFFERENT	PoMy2oMg7VI	MPREb_dMrVnmpSgMK	UCLXF7R57nHd3Q2PcAAtdPcA	ym 2020s early mb albums p1
Pink Champagne	The Avalanches	We Will Always Love You	INDIFFERENT	53fxwonkqo4	MPREb_dMrVnmpSgMK	UCLXF7R57nHd3Q2PcAAtdPcA	ym 2020s early mb albums p1
Gold Sky (feat. Kurt Vile)	The Avalanches	We Will Always Love You	INDIFFERENT	qt2kmq0nJPY	MPREb_dMrVnmpSgMK	UCLXF7R57nHd3Q2PcAAtdPcA	ym 2020s early mb albums p1
Dial D For Devotion (feat. Karen O)	The Avalanches	We Will Always Love You	INDIFFERENT	2Z2-5mv-QXc	MPREb_dMrVnmpSgMK	UCLXF7R57nHd3Q2PcAAtdPcA	ym 2020s early mb albums p1
Always Black (feat. Pink Siifu)	The Avalanches	We Will Always Love You	INDIFFERENT	SkSUdvlF7yo	MPREb_dMrVnmpSgMK	UCLXF7R57nHd3Q2PcAAtdPcA	ym 2020s early mb albums p1
WHERE MAN KNOWS WANT	The Armed	ULTRAPOP	INDIFFERENT	u7fcQavLwB8	MPREb_O0cEC9edfEh	UCPTn-6lqz-D0sZaAdD_KlBw	ym 2020s early mb albums p1
ULTRAPOP	The Armed	ULTRAPOP	INDIFFERENT	j0hZyFdCrdc	MPREb_O0cEC9edfEh	UCPTn-6lqz-D0sZaAdD_KlBw	ym 2020s early mb albums p1
THE MUSIC BECOMES A SKULL (feat. Mark Lanegan)	The Armed	ULTRAPOP	INDIFFERENT	x05hlJwum8M	MPREb_O0cEC9edfEh	UCPTn-6lqz-D0sZaAdD_KlBw	ym 2020s early mb albums p1
REAL FOLK BLUES	The Armed	ULTRAPOP	INDIFFERENT	E3X-9GfjkJI	MPREb_O0cEC9edfEh	UCPTn-6lqz-D0sZaAdD_KlBw	ym 2020s early mb albums p1
MASUNAGA VAPORS	The Armed	ULTRAPOP	INDIFFERENT	JEGwvk9Uq3Y	MPREb_O0cEC9edfEh	UCPTn-6lqz-D0sZaAdD_KlBw	ym 2020s early mb albums p1
FAITH IN MEDICATION	The Armed	ULTRAPOP	INDIFFERENT	fS-fcHZS81E	MPREb_O0cEC9edfEh	UCPTn-6lqz-D0sZaAdD_KlBw	ym 2020s early mb albums p1
BIG SHELL	The Armed	ULTRAPOP	INDIFFERENT	wE5Mgj1RXl4	MPREb_O0cEC9edfEh	UCPTn-6lqz-D0sZaAdD_KlBw	ym 2020s early mb albums p1
BAD SELECTION	The Armed	ULTRAPOP	INDIFFERENT	zrjE2MCCAuU	MPREb_O0cEC9edfEh	UCPTn-6lqz-D0sZaAdD_KlBw	ym 2020s early mb albums p1
AVERAGE DEATH	The Armed	ULTRAPOP	INDIFFERENT	birNnN-DoKk	MPREb_O0cEC9edfEh	UCPTn-6lqz-D0sZaAdD_KlBw	ym 2020s early mb albums p1
AN ITERATION	The Armed	ULTRAPOP	INDIFFERENT	mzoDLFpzw1E	MPREb_O0cEC9edfEh	UCPTn-6lqz-D0sZaAdD_KlBw	ym 2020s early mb albums p1
ALL FUTURES	The Armed	ULTRAPOP	INDIFFERENT	NtQoWORrY7M	MPREb_O0cEC9edfEh	UCPTn-6lqz-D0sZaAdD_KlBw	ym 2020s early mb albums p1
A LIFE SO WONDERFUL	The Armed	ULTRAPOP	INDIFFERENT	bwyChy0E2Ak	MPREb_O0cEC9edfEh	UCPTn-6lqz-D0sZaAdD_KlBw	ym 2020s early mb albums p1
Wheels Roll Home	The Antlers	Green to Gold	INDIFFERENT	upYwwEA6h4w	MPREb_POCrY39qkd4	UCVgMbI755lXVZobPCQgl2rg	ym 2020s early mb albums p1
Volunteer	The Antlers	Green to Gold	INDIFFERENT	VU6NDFBdha0	MPREb_POCrY39qkd4	UCVgMbI755lXVZobPCQgl2rg	ym 2020s early mb albums p1
Stubborn Man	The Antlers	Green to Gold	INDIFFERENT	BGNvyzgrlrc	MPREb_POCrY39qkd4	UCVgMbI755lXVZobPCQgl2rg	ym 2020s early mb albums p1
Strawflower	The Antlers	Green to Gold	INDIFFERENT	aCjyX7eqyLU	MPREb_POCrY39qkd4	UCVgMbI755lXVZobPCQgl2rg	ym 2020s early mb albums p1
Solstice	The Antlers	Green to Gold	INDIFFERENT	uqt40bh8ENs	MPREb_POCrY39qkd4	UCVgMbI755lXVZobPCQgl2rg	ym 2020s early mb albums p1
Porchlight	The Antlers	Green to Gold	INDIFFERENT	kl2QSyGKxSU	MPREb_POCrY39qkd4	UCVgMbI755lXVZobPCQgl2rg	ym 2020s early mb albums p1
Just One Sec	The Antlers	Green to Gold	INDIFFERENT	taMDN5T8X40	MPREb_POCrY39qkd4	UCVgMbI755lXVZobPCQgl2rg	ym 2020s early mb albums p1
It Is What It Is	The Antlers	Green to Gold	INDIFFERENT	KA2i7AyKFNs	MPREb_POCrY39qkd4	UCVgMbI755lXVZobPCQgl2rg	ym 2020s early mb albums p1
Green to Gold	The Antlers	Green to Gold	INDIFFERENT	Oq_R9kotXX0	MPREb_POCrY39qkd4	UCVgMbI755lXVZobPCQgl2rg	ym 2020s early mb albums p1
Equinox	The Antlers	Green to Gold	INDIFFERENT	PCfEJnMf0kU	MPREb_POCrY39qkd4	UCVgMbI755lXVZobPCQgl2rg	ym 2020s early mb albums p1
The Hopeless Romantic (feat. Action Bronson)	The Alchemist	The Alchemist Sandwich	INDIFFERENT	0Zm-Ts0qpzI	MPREb_uUw7eDN7Nf0	UCk1i5sYwUIEAvaq2R77Tb3Q	ym 2020s early mb albums p1
Roman Candles (feat. Roc Marciano & Black Thought)	The Alchemist	The Alchemist Sandwich	INDIFFERENT	yG3NFTFrrAc	MPREb_uUw7eDN7Nf0	UCk1i5sYwUIEAvaq2R77Tb3Q	ym 2020s early mb albums p1
Ray Mysterio (feat. Westside Gunn & Conway The Machine)	The Alchemist	The Alchemist Sandwich	INDIFFERENT	F89mcNvzeqM	MPREb_uUw7eDN7Nf0	UCk1i5sYwUIEAvaq2R77Tb3Q	ym 2020s early mb albums p1
Massacre (feat. Styles P & Benny The Butcher)	The Alchemist	The Alchemist Sandwich	INDIFFERENT	9Fd5_KxcozQ	MPREb_uUw7eDN7Nf0	UCk1i5sYwUIEAvaq2R77Tb3Q	ym 2020s early mb albums p1
Judas (feat. Westside Gunn & Conway The Machine)	The Alchemist	The Alchemist Sandwich	INDIFFERENT	zQS98M6xvxA	MPREb_uUw7eDN7Nf0	UCk1i5sYwUIEAvaq2R77Tb3Q	ym 2020s early mb albums p1
E. Coli (feat. Earl Sweatshirt)	The Alchemist	The Alchemist Sandwich	INDIFFERENT	f3NuGx83ieg	MPREb_uUw7eDN7Nf0	UCk1i5sYwUIEAvaq2R77Tb3Q	ym 2020s early mb albums p1
Dean Martin Steaks (feat. Roc Marciano)	The Alchemist	The Alchemist Sandwich	INDIFFERENT	3iXqmjfwRWQ	MPREb_uUw7eDN7Nf0	UCk1i5sYwUIEAvaq2R77Tb3Q	ym 2020s early mb albums p1
Clip In A Tray (feat. ScHoolboy Q)	The Alchemist	The Alchemist Sandwich	INDIFFERENT	z6b9wTeLnJg	MPREb_uUw7eDN7Nf0	UCk1i5sYwUIEAvaq2R77Tb3Q	ym 2020s early mb albums p1
Big Syke (feat. Meyhem Lauren & Boldy James)	The Alchemist	The Alchemist Sandwich	INDIFFERENT	BnpJw2GXkC0	MPREb_uUw7eDN7Nf0	UCk1i5sYwUIEAvaq2R77Tb3Q	ym 2020s early mb albums p1
Zelda Dungeons	Super Guitar Bros	Gentle Video Game Guitar Covers For Relaxation	INDIFFERENT	4Lq-Kt7b-T4	MPREb_AgSa7oBOzqO	UCRJMx1GAttu0qbjiyBngHXw	ym 2020s early mb albums p1
Wii Shop	Super Guitar Bros	Gentle Video Game Guitar Covers For Relaxation	INDIFFERENT	IMrSs1tLi94	MPREb_AgSa7oBOzqO	UCRJMx1GAttu0qbjiyBngHXw	ym 2020s early mb albums p1
Studiopolis	Super Guitar Bros	Gentle Video Game Guitar Covers For Relaxation	INDIFFERENT	vOynzOHVbU0	MPREb_AgSa7oBOzqO	UCRJMx1GAttu0qbjiyBngHXw	ym 2020s early mb albums p1
Starfox	Super Guitar Bros	Gentle Video Game Guitar Covers For Relaxation	INDIFFERENT	LDxCyj_LTTc	MPREb_AgSa7oBOzqO	UCRJMx1GAttu0qbjiyBngHXw	ym 2020s early mb albums p1
Peach's Castle	Super Guitar Bros	Gentle Video Game Guitar Covers For Relaxation	INDIFFERENT	iD8M91S6Ig4	MPREb_AgSa7oBOzqO	UCRJMx1GAttu0qbjiyBngHXw	ym 2020s early mb albums p1
Goosebumps	Super Guitar Bros	Gentle Video Game Guitar Covers For Relaxation	INDIFFERENT	vZpAFGlrhnI	MPREb_AgSa7oBOzqO	UCRJMx1GAttu0qbjiyBngHXw	ym 2020s early mb albums p1
Freya's Theme	Super Guitar Bros	Gentle Video Game Guitar Covers For Relaxation	INDIFFERENT	UVlqdyYIvTA	MPREb_AgSa7oBOzqO	UCRJMx1GAttu0qbjiyBngHXw	ym 2020s early mb albums p1
Earthbound Towns	Super Guitar Bros	Gentle Video Game Guitar Covers For Relaxation	INDIFFERENT	-TfkCGvaG4I	MPREb_AgSa7oBOzqO	UCRJMx1GAttu0qbjiyBngHXw	ym 2020s early mb albums p1
Contra III	Super Guitar Bros	Gentle Video Game Guitar Covers For Relaxation	INDIFFERENT	Lbk6X1IRUPI	MPREb_AgSa7oBOzqO	UCRJMx1GAttu0qbjiyBngHXw	ym 2020s early mb albums p1
Castlevania II	Super Guitar Bros	Gentle Video Game Guitar Covers For Relaxation	INDIFFERENT	M2SzAV4Mq7Q	MPREb_AgSa7oBOzqO	UCRJMx1GAttu0qbjiyBngHXw	ym 2020s early mb albums p1
Bowser Road	Super Guitar Bros	Gentle Video Game Guitar Covers For Relaxation	INDIFFERENT	5Tq_MhBj4_Y	MPREb_AgSa7oBOzqO	UCRJMx1GAttu0qbjiyBngHXw	ym 2020s early mb albums p1
Aquatic Ambience	Super Guitar Bros	Gentle Video Game Guitar Covers For Relaxation	INDIFFERENT	qZlxDIDSzBE	MPREb_AgSa7oBOzqO	UCRJMx1GAttu0qbjiyBngHXw	ym 2020s early mb albums p1
Zuuenz	Stevie Wishart	Hildegard (Hildegard Von Bingen)	INDIFFERENT	P-qu35-9cFM	MPREb_ElBdGKCGhFk	UCsXVEF_nA3scN_o9pspKQqA	ym 2020s early mb albums p1
O Virtus Sapientie Alio Modo	Stevie Wishart	Hildegard (Hildegard Von Bingen)	INDIFFERENT	_zSZYs9EcKs	MPREb_ElBdGKCGhFk	UCsXVEF_nA3scN_o9pspKQqA	ym 2020s early mb albums p1
O Virtus Sapientie (Ed. Wishart)	Stevie Wishart	Hildegard (Hildegard Von Bingen)	INDIFFERENT	axJCWb98fmU	MPREb_ElBdGKCGhFk	UCsXVEF_nA3scN_o9pspKQqA	ym 2020s early mb albums p1
O Viridissima Virga (Ed. Wishart)	Stevie Wishart	Hildegard (Hildegard Von Bingen)	INDIFFERENT	vw8YBAaWXkA	MPREb_ElBdGKCGhFk	UCsXVEF_nA3scN_o9pspKQqA	ym 2020s early mb albums p1
O Successores Alio Modo	Stevie Wishart	Hildegard (Hildegard Von Bingen)	INDIFFERENT	TEOxvV4vuHM	MPREb_ElBdGKCGhFk	UCsXVEF_nA3scN_o9pspKQqA	ym 2020s early mb albums p1
O Successores (Ed. Wishart)	Stevie Wishart	Hildegard (Hildegard Von Bingen)	INDIFFERENT	e5Xc5wCX06o	MPREb_ElBdGKCGhFk	UCsXVEF_nA3scN_o9pspKQqA	ym 2020s early mb albums p1
O Quam Preciosa	Stevie Wishart	Hildegard (Hildegard Von Bingen)	INDIFFERENT	RZ87zvla0Tw	MPREb_ElBdGKCGhFk	UCsXVEF_nA3scN_o9pspKQqA	ym 2020s early mb albums p1
O Frondens Virga Alio Modo (Ed. Wishart)	Stevie Wishart	Hildegard (Hildegard Von Bingen)	INDIFFERENT	hzNdGXSm_w0	MPREb_ElBdGKCGhFk	UCsXVEF_nA3scN_o9pspKQqA	ym 2020s early mb albums p1
O Frondens Virga (Ed. Wishart)	Stevie Wishart	Hildegard (Hildegard Von Bingen)	INDIFFERENT	Q7fUE2XsM8g	MPREb_ElBdGKCGhFk	UCsXVEF_nA3scN_o9pspKQqA	ym 2020s early mb albums p1
O Doctor Optime	Stevie Wishart	Hildegard (Hildegard Von Bingen)	INDIFFERENT	Xgi0COq5Uxs	MPREb_ElBdGKCGhFk	UCsXVEF_nA3scN_o9pspKQqA	ym 2020s early mb albums p1
O Beata Infantia Alio Modo	Stevie Wishart	Hildegard (Hildegard Von Bingen)	INDIFFERENT	ntuAUJ3Qgz4	MPREb_ElBdGKCGhFk	UCsXVEF_nA3scN_o9pspKQqA	ym 2020s early mb albums p1
O Beata Infantia (Ed. Wishart)	Stevie Wishart	Hildegard (Hildegard Von Bingen)	INDIFFERENT	shFXxZf5tNI	MPREb_ElBdGKCGhFk	UCsXVEF_nA3scN_o9pspKQqA	ym 2020s early mb albums p1
Nunc Gaudeant (Ed. Wishart)	Stevie Wishart	Hildegard (Hildegard Von Bingen)	INDIFFERENT	w0h0OZqiWHc	MPREb_ElBdGKCGhFk	UCsXVEF_nA3scN_o9pspKQqA	ym 2020s early mb albums p1
Magnificat	Stevie Wishart	Hildegard (Hildegard Von Bingen)	INDIFFERENT	evhZFlQo66c	MPREb_ElBdGKCGhFk	UCsXVEF_nA3scN_o9pspKQqA	ym 2020s early mb albums p1
Laudate Pueri (Ed. Wishart)	Stevie Wishart	Hildegard (Hildegard Von Bingen)	INDIFFERENT	I9Wu7E2xna0	MPREb_ElBdGKCGhFk	UCsXVEF_nA3scN_o9pspKQqA	ym 2020s early mb albums p1
Karitas habundat (Ed. Wishart)	Stevie Wishart	Hildegard (Hildegard Von Bingen)	INDIFFERENT	s7NUNvtvv84	MPREb_ElBdGKCGhFk	UCsXVEF_nA3scN_o9pspKQqA	ym 2020s early mb albums p1
Dixit Dominus (Ed. Wishart)	Stevie Wishart	Hildegard (Hildegard Von Bingen)	INDIFFERENT	dLukC30SZVg	MPREb_ElBdGKCGhFk	UCsXVEF_nA3scN_o9pspKQqA	ym 2020s early mb albums p1
Deus In Adiutorium (Ed. Wishart)	Stevie Wishart	Hildegard (Hildegard Von Bingen)	INDIFFERENT	hhvxiVIXMMY	MPREb_ElBdGKCGhFk	UCsXVEF_nA3scN_o9pspKQqA	ym 2020s early mb albums p1
Confitebor Tibi (Ed. Wishart)	Stevie Wishart	Hildegard (Hildegard Von Bingen)	INDIFFERENT	SPVWfWV1yS8	MPREb_ElBdGKCGhFk	UCsXVEF_nA3scN_o9pspKQqA	ym 2020s early mb albums p1
Capitulum (Ed. Wishart)	Stevie Wishart	Hildegard (Hildegard Von Bingen)	INDIFFERENT	HczYs7OeaCY	MPREb_ElBdGKCGhFk	UCsXVEF_nA3scN_o9pspKQqA	ym 2020s early mb albums p1
Beatus Vir	Stevie Wishart	Hildegard (Hildegard Von Bingen)	INDIFFERENT	tpeTUkQo13M	MPREb_ElBdGKCGhFk	UCsXVEF_nA3scN_o9pspKQqA	ym 2020s early mb albums p1
Azeruz	Stevie Wishart	Hildegard (Hildegard Von Bingen)	INDIFFERENT	fZNGbzQOht4	MPREb_ElBdGKCGhFk	UCsXVEF_nA3scN_o9pspKQqA	ym 2020s early mb albums p1
Stomping Gamay	Karriem Riggins	YHWH is LOVE	INDIFFERENT	AMR1d4rQBkM	MPREb_CEZxC0l9sVa	UC7hyBgDwhWsUjM_UG3gKpSg	ym 2020s early mb albums p1
Show Me (feat. Monica Martin)	James Blake	Friends That Break Your Heart	INDIFFERENT	i_E0JOrrk1A	MPREb_DIo7o3Tx0lj	UCx90L12QXzc18AGYFRof-EA	ym 2020s early mb albums p1
Funeral	James Blake	Friends That Break Your Heart	INDIFFERENT	wBmsy_jyZs0	MPREb_DIo7o3Tx0lj	UCx90L12QXzc18AGYFRof-EA	ym 2020s early mb albums p1
Foot Forward	James Blake	Friends That Break Your Heart	INDIFFERENT	SPc5V7NGKZQ	MPREb_DIo7o3Tx0lj	UCx90L12QXzc18AGYFRof-EA	ym 2020s early mb albums p1
Famous Last Words	James Blake	Friends That Break Your Heart	INDIFFERENT	cnoQTIKomws	MPREb_DIo7o3Tx0lj	UCx90L12QXzc18AGYFRof-EA	ym 2020s early mb albums p1
Coming Back (feat. SZA)	James Blake	Friends That Break Your Heart	INDIFFERENT	OZOpsBwHIeY	MPREb_DIo7o3Tx0lj	UCx90L12QXzc18AGYFRof-EA	ym 2020s early mb albums p1
Do You Ever	James Blake	Before	INDIFFERENT	7cQZmNjozlk	MPREb_G73gk7jwGbf	UCx90L12QXzc18AGYFRof-EA	ym 2020s early mb albums p1
Rolling Mills Are Burning Down	Jake Xerxes Fussell	Good and Green Again	INDIFFERENT	E8exy4vJRx0	MPREb_otoEJmpFRun	UCHHbQnYmhWiY1zEaz41Mzzg	ym 2020s early mb albums p1
world war ((reprise))	Jaimie Branch	Fly or Die Fly or Die Fly or Die ((world war))	INDIFFERENT	WNvrAHZNKTY	MPREb_PQ0Gr7RWLEf	UCfb9RHD2QZ6tYv_8kfN6knw	ym 2020s early mb albums p1
the mountain (feat. Jason Ajemian)	Jaimie Branch	Fly or Die Fly or Die Fly or Die ((world war))	INDIFFERENT	9bGo_WyBnn0	MPREb_PQ0Gr7RWLEf	UCfb9RHD2QZ6tYv_8kfN6knw	ym 2020s early mb albums p1
take over the world	Jaimie Branch	Fly or Die Fly or Die Fly or Die ((world war))	INDIFFERENT	ThzP1Ox3c3o	MPREb_PQ0Gr7RWLEf	UCfb9RHD2QZ6tYv_8kfN6knw	ym 2020s early mb albums p1
burning grey	Jaimie Branch	Fly or Die Fly or Die Fly or Die ((world war))	INDIFFERENT	ivc9XTDxAJM	MPREb_PQ0Gr7RWLEf	UCfb9RHD2QZ6tYv_8kfN6knw	ym 2020s early mb albums p1
borealis dancing	Jaimie Branch	Fly or Die Fly or Die Fly or Die ((world war))	INDIFFERENT	0X-3wt_90oQ	MPREb_PQ0Gr7RWLEf	UCfb9RHD2QZ6tYv_8kfN6knw	ym 2020s early mb albums p1
bolinko bass	Jaimie Branch	Fly or Die Fly or Die Fly or Die ((world war))	INDIFFERENT	67ArB7aMQy8	MPREb_PQ0Gr7RWLEf	UCfb9RHD2QZ6tYv_8kfN6knw	ym 2020s early mb albums p1
baba louie	Jaimie Branch	Fly or Die Fly or Die Fly or Die ((world war))	INDIFFERENT	oLFiwopv0jU	MPREb_PQ0Gr7RWLEf	UCfb9RHD2QZ6tYv_8kfN6knw	ym 2020s early mb albums p1
aurora rising	Jaimie Branch	Fly or Die Fly or Die Fly or Die ((world war))	INDIFFERENT	AVRWQTh-Ujg	MPREb_PQ0Gr7RWLEf	UCfb9RHD2QZ6tYv_8kfN6knw	ym 2020s early mb albums p1
and kuma walks	Jaimie Branch	Fly or Die Fly or Die Fly or Die ((world war))	INDIFFERENT	j9ntzBqfwjE	MPREb_PQ0Gr7RWLEf	UCfb9RHD2QZ6tYv_8kfN6knw	ym 2020s early mb albums p1
e11even (interlude)	Jahari Massamba Unit	YHWH is LOVE	INDIFFERENT	w-PxjtMBDRc	MPREb_CEZxC0l9sVa	UC6PIAvJujpYHbRPc_4G-_lw	ym 2020s early mb albums p1
WITH YHWH LOVE.	Jahari Massamba Unit	YHWH is LOVE	INDIFFERENT	RR0qptCIyLs	MPREb_CEZxC0l9sVa	UC6PIAvJujpYHbRPc_4G-_lw	ym 2020s early mb albums p1
The Clappers Cousin	Jahari Massamba Unit	YHWH is LOVE	INDIFFERENT	8CGt37H-8ec	MPREb_CEZxC0l9sVa	UC6PIAvJujpYHbRPc_4G-_lw	ym 2020s early mb albums p1
Six 8ight (Interlude)	Jahari Massamba Unit	YHWH is LOVE	INDIFFERENT	-4iZQ7tUV90	MPREb_CEZxC0l9sVa	UC6PIAvJujpYHbRPc_4G-_lw	ym 2020s early mb albums p1
Seven Mile to Oxnard	Jahari Massamba Unit	YHWH is LOVE	INDIFFERENT	8TflqphVf-I	MPREb_CEZxC0l9sVa	UC6PIAvJujpYHbRPc_4G-_lw	ym 2020s early mb albums p1
Rubato Love	Jahari Massamba Unit	YHWH is LOVE	INDIFFERENT	I12GJLJvP7E	MPREb_CEZxC0l9sVa	UC6PIAvJujpYHbRPc_4G-_lw	ym 2020s early mb albums p1
Otis' Tambourine	Jahari Massamba Unit	YHWH is LOVE	INDIFFERENT	0oPS7EguEIM	MPREb_CEZxC0l9sVa	UC6PIAvJujpYHbRPc_4G-_lw	ym 2020s early mb albums p1
Massamba Afundance	Jahari Massamba Unit	YHWH is LOVE	INDIFFERENT	JvJtArmMEnc	MPREb_CEZxC0l9sVa	UC6PIAvJujpYHbRPc_4G-_lw	ym 2020s early mb albums p1
Karriem's Bolero	Jahari Massamba Unit	YHWH is LOVE	INDIFFERENT	8XSUCwwEK_w	MPREb_CEZxC0l9sVa	UC6PIAvJujpYHbRPc_4G-_lw	ym 2020s early mb albums p1
JMU's Voyage	Jahari Massamba Unit	YHWH is LOVE	INDIFFERENT	TkKS4Knnr8E	MPREb_CEZxC0l9sVa	UC6PIAvJujpYHbRPc_4G-_lw	ym 2020s early mb albums p1
Boppin'	Jahari Massamba Unit	YHWH is LOVE	INDIFFERENT	8FW_pUtE6ec	MPREb_CEZxC0l9sVa	UC6PIAvJujpYHbRPc_4G-_lw	ym 2020s early mb albums p1
Anointed Soul	Jahari Massamba Unit	YHWH is LOVE	INDIFFERENT	mczj04-nUQ8	MPREb_CEZxC0l9sVa	UC6PIAvJujpYHbRPc_4G-_lw	ym 2020s early mb albums p1
ALL THINGS...	Jahari Massamba Unit	YHWH is LOVE	INDIFFERENT	qZ1m7HOLhjM	MPREb_CEZxC0l9sVa	UC6PIAvJujpYHbRPc_4G-_lw	ym 2020s early mb albums p1
You.Are	Jadu Heart	Derealised 	INDIFFERENT	hyHesurv2rY	MPREb_c4131FfFNv9	UCTDWwLtRNaKgm-ih1e72d8w	ym 2020s early mb albums p1
There Is No Door	Jadu Heart	Derealised 	INDIFFERENT	eqF6FtkIxYU	MPREb_c4131FfFNv9	UCTDWwLtRNaKgm-ih1e72d8w	ym 2020s early mb albums p1
Derealisation	Jadu Heart	Derealised 	INDIFFERENT	GJUjMCkHvco	MPREb_c4131FfFNv9	UCTDWwLtRNaKgm-ih1e72d8w	ym 2020s early mb albums p1
Underground	Jack White	No Name	INDIFFERENT	_6XuWvs84D0	MPREb_cJPvo3gMWZt	UCL5YsYJMZ-S5SU4_RQOWEPw	ym 2020s early mb albums p1
Tonight (Was A Long Time Ago)	Jack White	No Name	INDIFFERENT	5aVEyoLvv3k	MPREb_cJPvo3gMWZt	UCL5YsYJMZ-S5SU4_RQOWEPw	ym 2020s early mb albums p1
Terminal Archenemy Endling	Jack White	No Name	INDIFFERENT	yo4FxovCtlk	MPREb_cJPvo3gMWZt	UCL5YsYJMZ-S5SU4_RQOWEPw	ym 2020s early mb albums p1
Old Scratch Blues	Jack White	No Name	INDIFFERENT	ySE8LbqRFLw	MPREb_cJPvo3gMWZt	UCL5YsYJMZ-S5SU4_RQOWEPw	ym 2020s early mb albums p1
Number One With A Bullet	Jack White	No Name	INDIFFERENT	quHxjb-1wEk	MPREb_cJPvo3gMWZt	UCL5YsYJMZ-S5SU4_RQOWEPw	ym 2020s early mb albums p1
Morning At Midnight	Jack White	No Name	INDIFFERENT	iTRVp3zNkuc	MPREb_cJPvo3gMWZt	UCL5YsYJMZ-S5SU4_RQOWEPw	ym 2020s early mb albums p1
Missionary	Jack White	No Name	INDIFFERENT	E8cJpX8tcB0	MPREb_cJPvo3gMWZt	UCL5YsYJMZ-S5SU4_RQOWEPw	ym 2020s early mb albums p1
Bombing Out	Jack White	No Name	INDIFFERENT	066JJvPRvu8	MPREb_cJPvo3gMWZt	UCL5YsYJMZ-S5SU4_RQOWEPw	ym 2020s early mb albums p1
Bless Yourself	Jack White	No Name	INDIFFERENT	azotKwOgr_g	MPREb_cJPvo3gMWZt	UCL5YsYJMZ-S5SU4_RQOWEPw	ym 2020s early mb albums p1
Archbishop Harold Holmes	Jack White	No Name	INDIFFERENT	hegodAykvY4	MPREb_cJPvo3gMWZt	UCL5YsYJMZ-S5SU4_RQOWEPw	ym 2020s early mb albums p1
What's the Trick?	Jack White	Fear Of The Dawn	INDIFFERENT	13tlIPW5cIc	MPREb_FwtsQUdayr9	UCL5YsYJMZ-S5SU4_RQOWEPw	ym 2020s early mb albums p1
The White Raven	Jack White	Fear Of The Dawn	INDIFFERENT	IHOf2Zeepcc	MPREb_FwtsQUdayr9	UCL5YsYJMZ-S5SU4_RQOWEPw	ym 2020s early mb albums p1
That Was Then, This is Now	Jack White	Fear Of The Dawn	INDIFFERENT	ghQydxsWl5U	MPREb_FwtsQUdayr9	UCL5YsYJMZ-S5SU4_RQOWEPw	ym 2020s early mb albums p1
Shedding My Velvet	Jack White	Fear Of The Dawn	INDIFFERENT	i9KLNlI4eSo	MPREb_FwtsQUdayr9	UCL5YsYJMZ-S5SU4_RQOWEPw	ym 2020s early mb albums p1
Morning, Noon and Night	Jack White	Fear Of The Dawn	INDIFFERENT	W9uDS2RPDtg	MPREb_FwtsQUdayr9	UCL5YsYJMZ-S5SU4_RQOWEPw	ym 2020s early mb albums p1
Fear Of The Dawn	Jack White	Fear Of The Dawn	INDIFFERENT	f73hn4ntlxw	MPREb_FwtsQUdayr9	UCL5YsYJMZ-S5SU4_RQOWEPw	ym 2020s early mb albums p1
Eosophobia (Reprise)	Jack White	Fear Of The Dawn	INDIFFERENT	cy9NumfILyU	MPREb_FwtsQUdayr9	UCL5YsYJMZ-S5SU4_RQOWEPw	ym 2020s early mb albums p1
Eosophobia	Jack White	Fear Of The Dawn	INDIFFERENT	zYZq09_cVTI	MPREb_FwtsQUdayr9	UCL5YsYJMZ-S5SU4_RQOWEPw	ym 2020s early mb albums p1
Wrong Again	Jack J	Blue Desert	INDIFFERENT	55vSDu0QDC4	MPREb_r3EXCZctHeK	UCU5Xy4UZ9IF365YO9MqEzbw	ym 2020s early mb albums p1
Red Cloud	Jack J	Blue Desert	INDIFFERENT	P0jO_MyVH6A	MPREb_r3EXCZctHeK	UCU5Xy4UZ9IF365YO9MqEzbw	ym 2020s early mb albums p1
Pink shoes	Jack J	Blue Desert	INDIFFERENT	wwdj3u1Ls3o	MPREb_r3EXCZctHeK	UCU5Xy4UZ9IF365YO9MqEzbw	ym 2020s early mb albums p1
Pink Shoes [Part II]	Jack J	Blue Desert	INDIFFERENT	nn8qOlSnuws	MPREb_r3EXCZctHeK	UCU5Xy4UZ9IF365YO9MqEzbw	ym 2020s early mb albums p1
My Other Mind	Jack J	Blue Desert	INDIFFERENT	TyikzYzgCH0	MPREb_r3EXCZctHeK	UCU5Xy4UZ9IF365YO9MqEzbw	ym 2020s early mb albums p1
Foolish Man	Jack J	Blue Desert	INDIFFERENT	4pAzS6AzCgs	MPREb_r3EXCZctHeK	UCU5Xy4UZ9IF365YO9MqEzbw	ym 2020s early mb albums p1
Falling Down a Well	Jack J	Blue Desert	INDIFFERENT	-SHvqgvlCMM	MPREb_r3EXCZctHeK	UCU5Xy4UZ9IF365YO9MqEzbw	ym 2020s early mb albums p1
Down the Line	Jack J	Blue Desert	INDIFFERENT	d5-QZsk4e9w	MPREb_r3EXCZctHeK	UCU5Xy4UZ9IF365YO9MqEzbw	ym 2020s early mb albums p1
Born Without a Smile	Jack J	Blue Desert	INDIFFERENT	7pAouHZMDNo	MPREb_r3EXCZctHeK	UCU5Xy4UZ9IF365YO9MqEzbw	ym 2020s early mb albums p1
At My Door	Jack J	Blue Desert	INDIFFERENT	lmP3WhQHyw8	MPREb_r3EXCZctHeK	UCU5Xy4UZ9IF365YO9MqEzbw	ym 2020s early mb albums p1
At Last	Jack J	Blue Desert	INDIFFERENT	E5osI0ZlZkQ	MPREb_r3EXCZctHeK	UCU5Xy4UZ9IF365YO9MqEzbw	ym 2020s early mb albums p1
Sistanem	JID	The Forever Story (Extended Version)	INDIFFERENT	JtydCXowWZM	MPREb_m6zbpBPg3Es	UCRlGNubLJBgW9VRCuiUnuYw	ym 2020s early mb albums p1
Raydar	JID	The Forever Story (Extended Version)	INDIFFERENT	B-ESGLyFIfw	MPREb_m6zbpBPg3Es	UCRlGNubLJBgW9VRCuiUnuYw	ym 2020s early mb albums p1
Lauder Too (feat. Ravyn Lenae & Eryn Allen Kane)	JID	The Forever Story (Extended Version)	INDIFFERENT	pA7fBvxkss0	MPREb_m6zbpBPg3Es	UCRlGNubLJBgW9VRCuiUnuYw	ym 2020s early mb albums p1
Kody Blu 31	JID	The Forever Story (Extended Version)	INDIFFERENT	IbrvMBtRozk	MPREb_m6zbpBPg3Es	UCRlGNubLJBgW9VRCuiUnuYw	ym 2020s early mb albums p1
Just In Time (feat. Lil Wayne)	JID	The Forever Story (Extended Version)	INDIFFERENT	9FWL4OH3RIU	MPREb_m6zbpBPg3Es	UCRlGNubLJBgW9VRCuiUnuYw	ym 2020s early mb albums p1
Galaxy	JID	The Forever Story (Extended Version)	INDIFFERENT	pLZumSZT5eY	MPREb_m6zbpBPg3Es	UCRlGNubLJBgW9VRCuiUnuYw	ym 2020s early mb albums p1
Can’t Punk Me	JID	The Forever Story (Extended Version)	INDIFFERENT	2A5KjgTGL9o	MPREb_m6zbpBPg3Es	UCRlGNubLJBgW9VRCuiUnuYw	ym 2020s early mb albums p1
Can’t Make U Change	JID	The Forever Story (Extended Version)	INDIFFERENT	0SL7JTYZV-0	MPREb_m6zbpBPg3Es	UCRlGNubLJBgW9VRCuiUnuYw	ym 2020s early mb albums p1
Bruddanem (feat. Lil Durk)	JID	The Forever Story (Extended Version)	INDIFFERENT	DUOYU61gkgs	MPREb_m6zbpBPg3Es	UCRlGNubLJBgW9VRCuiUnuYw	ym 2020s early mb albums p1
Better Days (feat. Johnta Austin)	JID	The Forever Story (Extended Version)	INDIFFERENT	520BL6sBY8U	MPREb_m6zbpBPg3Es	UCRlGNubLJBgW9VRCuiUnuYw	ym 2020s early mb albums p1
m y . l i f e	J. Cole, 21 Savage, & Morray	The Off-Season	INDIFFERENT	O_VL92mfXwQ	MPREb_Bz9AW81qtsl		ym 2020s early mb albums p1
t h e . c l i m b . b a c k	J. Cole	The Off-Season	INDIFFERENT	qMPi6FAPThI	MPREb_Bz9AW81qtsl	UC0ajkOzj8xE3Gs3LHCE243A	ym 2020s early mb albums p1
p u n c h i n ‘ . t h e . c l o c k	J. Cole	The Off-Season	INDIFFERENT	kyE43emNSXw	MPREb_Bz9AW81qtsl	UC0ajkOzj8xE3Gs3LHCE243A	ym 2020s early mb albums p1
p r i d e . i s . t h e . d e v i l	J. Cole	The Off-Season	INDIFFERENT	wS7Ei5iEKuc	MPREb_Bz9AW81qtsl	UC0ajkOzj8xE3Gs3LHCE243A	ym 2020s early mb albums p1
l e t . g o . m y . h a n d	J. Cole	The Off-Season	INDIFFERENT	Fq4slw5HnHU	MPREb_Bz9AW81qtsl	UC0ajkOzj8xE3Gs3LHCE243A	ym 2020s early mb albums p1
i n t e r l u d e	J. Cole	The Off-Season	INDIFFERENT	XFtxAgHZII8	MPREb_Bz9AW81qtsl	UC0ajkOzj8xE3Gs3LHCE243A	ym 2020s early mb albums p1
h u n g e r . o n . h i l l s i d e	J. Cole	The Off-Season	INDIFFERENT	6JsZq7xWdG0	MPREb_Bz9AW81qtsl	UC0ajkOzj8xE3Gs3LHCE243A	ym 2020s early mb albums p1
c l o s e	J. Cole	The Off-Season	INDIFFERENT	0EQLhfHddd8	MPREb_Bz9AW81qtsl	UC0ajkOzj8xE3Gs3LHCE243A	ym 2020s early mb albums p1
a p p l y i n g . p r e s s u r e	J. Cole	The Off-Season	INDIFFERENT	Uo5yIxTQI2k	MPREb_Bz9AW81qtsl	UC0ajkOzj8xE3Gs3LHCE243A	ym 2020s early mb albums p1
a m a r i	J. Cole	The Off-Season	INDIFFERENT	e9brn98D7lA	MPREb_Bz9AW81qtsl	UC0ajkOzj8xE3Gs3LHCE243A	ym 2020s early mb albums p1
9 5 . s o u t h	J. Cole	The Off-Season	INDIFFERENT	iNMB-tTp8Vk	MPREb_Bz9AW81qtsl	UC0ajkOzj8xE3Gs3LHCE243A	ym 2020s early mb albums p1
1 0 0 . m i l ‘	J. Cole	The Off-Season	INDIFFERENT	lqU1m2rWm5s	MPREb_Bz9AW81qtsl	UC0ajkOzj8xE3Gs3LHCE243A	ym 2020s early mb albums p1
Slowga	J. Albert	I want to be good so bad	INDIFFERENT	TamtrJpQrZ0	MPREb_TE9kVV6ntCN	UCxcVlypq6qku_gqgEdEgvxA	ym 2020s early mb albums p1
Shell	J. Albert	I want to be good so bad	INDIFFERENT	v3CnLFV7Ox8	MPREb_TE9kVV6ntCN	UCxcVlypq6qku_gqgEdEgvxA	ym 2020s early mb albums p1
Esuna	J. Albert	I want to be good so bad	INDIFFERENT	jMrlgmXXWaw	MPREb_TE9kVV6ntCN	UCxcVlypq6qku_gqgEdEgvxA	ym 2020s early mb albums p1
Dispel	J. Albert	I want to be good so bad	INDIFFERENT	IZyqOKYzXq8	MPREb_TE9kVV6ntCN	UCxcVlypq6qku_gqgEdEgvxA	ym 2020s early mb albums p1
Auto-Life	J. Albert	I want to be good so bad	INDIFFERENT	XR5iGNx6ScQ	MPREb_TE9kVV6ntCN	UCxcVlypq6qku_gqgEdEgvxA	ym 2020s early mb albums p1
Wat U Sed (feat. Doechii & Kal Banx)	Isaiah Rashad	The House Is Burning	INDIFFERENT	1lbARkQ4oMo	MPREb_F9ayeMx5ygf	UCnadtBjRhVZzRhro9CZPcSg	ym 2020s early mb albums p1
True Story (feat. Jay Rock & Jay Worthy)	Isaiah Rashad	The House Is Burning	INDIFFERENT	88RER4_PM4w	MPREb_F9ayeMx5ygf	UCnadtBjRhVZzRhro9CZPcSg	ym 2020s early mb albums p1
THIB	Isaiah Rashad	The House Is Burning	INDIFFERENT	zul0eKNNcxs	MPREb_F9ayeMx5ygf	UCnadtBjRhVZzRhro9CZPcSg	ym 2020s early mb albums p1
Score (feat. 6LACK & SZA)	Isaiah Rashad	The House Is Burning	INDIFFERENT	_VoY08qjJOk	MPREb_F9ayeMx5ygf	UCnadtBjRhVZzRhro9CZPcSg	ym 2020s early mb albums p1
RIP Young	Isaiah Rashad	The House Is Burning	INDIFFERENT	OL5KpODIvHQ	MPREb_F9ayeMx5ygf	UCnadtBjRhVZzRhro9CZPcSg	ym 2020s early mb albums p1
Lay Wit Ya (feat. Duke Deuce)	Isaiah Rashad	The House Is Burning	INDIFFERENT	qwXutOpzDQ0	MPREb_F9ayeMx5ygf	UCnadtBjRhVZzRhro9CZPcSg	ym 2020s early mb albums p1
Hey Mista	Isaiah Rashad	The House Is Burning	INDIFFERENT	omsGv2rfwQE	MPREb_F9ayeMx5ygf	UCnadtBjRhVZzRhro9CZPcSg	ym 2020s early mb albums p1
HB2U	Isaiah Rashad	The House Is Burning	INDIFFERENT	GrFjEjpFbwo	MPREb_F9ayeMx5ygf	UCnadtBjRhVZzRhro9CZPcSg	ym 2020s early mb albums p1
From the Garden (feat. Lil Uzi Vert)	Isaiah Rashad	The House Is Burning	INDIFFERENT	xExy_vgOvOU	MPREb_F9ayeMx5ygf	UCnadtBjRhVZzRhro9CZPcSg	ym 2020s early mb albums p1
Don't Shoot	Isaiah Rashad	The House Is Burning	INDIFFERENT	vvPc87bmKzY	MPREb_F9ayeMx5ygf	UCnadtBjRhVZzRhro9CZPcSg	ym 2020s early mb albums p1
Darkseid	Isaiah Rashad	The House Is Burning	INDIFFERENT	fbqkHVJqUxE	MPREb_F9ayeMx5ygf	UCnadtBjRhVZzRhro9CZPcSg	ym 2020s early mb albums p1
Claymore (feat. Smino)	Isaiah Rashad	The House Is Burning	INDIFFERENT	m0Rn3h198CQ	MPREb_F9ayeMx5ygf	UCnadtBjRhVZzRhro9CZPcSg	ym 2020s early mb albums p1
Chad (feat. YGTUT)	Isaiah Rashad	The House Is Burning	INDIFFERENT	b3oHB0V8adI	MPREb_F9ayeMx5ygf	UCnadtBjRhVZzRhro9CZPcSg	ym 2020s early mb albums p1
All Herb (feat. Amindi)	Isaiah Rashad	The House Is Burning	INDIFFERENT	Qoq0zFu53Bg	MPREb_F9ayeMx5ygf	UCnadtBjRhVZzRhro9CZPcSg	ym 2020s early mb albums p1
9-3 Freestyle	Isaiah Rashad	The House Is Burning	INDIFFERENT	pkXKwL_p030	MPREb_F9ayeMx5ygf	UCnadtBjRhVZzRhro9CZPcSg	ym 2020s early mb albums p1
Wolves	Iress	Flaw	INDIFFERENT	XicqP_Afpss	MPREb_iZKc1zQeMic	UC1BcByqIEShSHAtkhAOZEDA	ym 2020s early mb albums p1
Underneath	Iress	Flaw	INDIFFERENT	8zBd6vN81BA	MPREb_iZKc1zQeMic	UC1BcByqIEShSHAtkhAOZEDA	ym 2020s early mb albums p1
Thieves	Iress	Flaw	INDIFFERENT	stVs59MHq1M	MPREb_iZKc1zQeMic	UC1BcByqIEShSHAtkhAOZEDA	ym 2020s early mb albums p1
Shamed	Iress	Flaw	INDIFFERENT	TEF-MRawNtI	MPREb_iZKc1zQeMic	UC1BcByqIEShSHAtkhAOZEDA	ym 2020s early mb albums p1
Shallow	Iress	Flaw	INDIFFERENT	XWPUoufrecc	MPREb_iZKc1zQeMic	UC1BcByqIEShSHAtkhAOZEDA	ym 2020s early mb albums p1
Nest	Iress	Flaw	INDIFFERENT	kUh-v9AlO4I	MPREb_iZKc1zQeMic	UC1BcByqIEShSHAtkhAOZEDA	ym 2020s early mb albums p1
Hand Tremor	Iress	Flaw	INDIFFERENT	ITZgMHhGWpM	MPREb_iZKc1zQeMic	UC1BcByqIEShSHAtkhAOZEDA	ym 2020s early mb albums p1
Dark Love	Iress	Flaw	INDIFFERENT	CoaypltNUHE	MPREb_iZKc1zQeMic	UC1BcByqIEShSHAtkhAOZEDA	ym 2020s early mb albums p1
The Great Deceiver	In Flames	Foregone	INDIFFERENT	T-Zqs_7xQOg	MPREb_ZQlIDisInHA	UCcX2ZgyB4ImYO3uP_ul2MNA	ym 2020s early mb albums p1
The Beginning Of All Things That Will End	In Flames	Foregone	INDIFFERENT	N74K58_vGMU	MPREb_ZQlIDisInHA	UCcX2ZgyB4ImYO3uP_ul2MNA	ym 2020s early mb albums p1
State of Slow Decay	In Flames	Foregone	INDIFFERENT	4BqedIqlfng	MPREb_ZQlIDisInHA	UCcX2ZgyB4ImYO3uP_ul2MNA	ym 2020s early mb albums p1
Pure Light Of Mind	In Flames	Foregone	INDIFFERENT	1aiJlluX-8A	MPREb_ZQlIDisInHA	UCcX2ZgyB4ImYO3uP_ul2MNA	ym 2020s early mb albums p1
Meet Your Maker	In Flames	Foregone	INDIFFERENT	8A19HFn7KoQ	MPREb_ZQlIDisInHA	UCcX2ZgyB4ImYO3uP_ul2MNA	ym 2020s early mb albums p1
In The Dark	In Flames	Foregone	INDIFFERENT	tNFocghqGlU	MPREb_ZQlIDisInHA	UCcX2ZgyB4ImYO3uP_ul2MNA	ym 2020s early mb albums p1
Foregone, Pt. 2	In Flames	Foregone	INDIFFERENT	C1dJSdHHsWs	MPREb_ZQlIDisInHA	UCcX2ZgyB4ImYO3uP_ul2MNA	ym 2020s early mb albums p1
Foregone, Pt. 1	In Flames	Foregone	INDIFFERENT	3UAVGzoXAbY	MPREb_ZQlIDisInHA	UCcX2ZgyB4ImYO3uP_ul2MNA	ym 2020s early mb albums p1
End The Transmission	In Flames	Foregone	INDIFFERENT	FtOv1coPu2U	MPREb_ZQlIDisInHA	UCcX2ZgyB4ImYO3uP_ul2MNA	ym 2020s early mb albums p1
Cynosure	In Flames	Foregone	INDIFFERENT	_OPKI_HCldE	MPREb_ZQlIDisInHA	UCcX2ZgyB4ImYO3uP_ul2MNA	ym 2020s early mb albums p1
Bleeding Out	In Flames	Foregone	INDIFFERENT	cXvlXoSIYzo	MPREb_ZQlIDisInHA	UCcX2ZgyB4ImYO3uP_ul2MNA	ym 2020s early mb albums p1
A Dialogue In B Flat Minor	In Flames	Foregone	INDIFFERENT	nCooAf7ES-U	MPREb_ZQlIDisInHA	UCcX2ZgyB4ImYO3uP_ul2MNA	ym 2020s early mb albums p1
Very Noise	Igorrr	Spirituality and Distortion	INDIFFERENT	XDHROtG2sXE	MPREb_2FfcZHNCDtx	UC7gJRij98IY_nFfFDrld8yQ	ym 2020s early mb albums p1
Polyphonic Rust	Igorrr	Spirituality and Distortion	INDIFFERENT	bLurBxXo0_U	MPREb_2FfcZHNCDtx	UC7gJRij98IY_nFfFDrld8yQ	ym 2020s early mb albums p1
Parpaing (feat. George 'Corpsegrinder' Fisher)	Igorrr	Spirituality and Distortion	INDIFFERENT	-hEodcr1TVQ	MPREb_2FfcZHNCDtx	UC7gJRij98IY_nFfFDrld8yQ	ym 2020s early mb albums p1
Paranoid Bulldozer Italiano	Igorrr	Spirituality and Distortion	INDIFFERENT	uKcAMo4rcWk	MPREb_2FfcZHNCDtx	UC7gJRij98IY_nFfFDrld8yQ	ym 2020s early mb albums p1
Overweight Poesy	Igorrr	Spirituality and Distortion	INDIFFERENT	g-ZEqNKOC3Q	MPREb_2FfcZHNCDtx	UC7gJRij98IY_nFfFDrld8yQ	ym 2020s early mb albums p1
Nervous Waltz	Igorrr	Spirituality and Distortion	INDIFFERENT	9hz6cT_YrAI	MPREb_2FfcZHNCDtx	UC7gJRij98IY_nFfFDrld8yQ	ym 2020s early mb albums p1
Musette Maximum	Igorrr	Spirituality and Distortion	INDIFFERENT	fFtgH5704Cw	MPREb_2FfcZHNCDtx	UC7gJRij98IY_nFfFDrld8yQ	ym 2020s early mb albums p1
Lost in Introspection	Igorrr	Spirituality and Distortion	INDIFFERENT	CCOc3UGJG_Y	MPREb_2FfcZHNCDtx	UC7gJRij98IY_nFfFDrld8yQ	ym 2020s early mb albums p1
Kung-Fu Chèvre	Igorrr	Spirituality and Distortion	INDIFFERENT	AZ9R5Hdgb5g	MPREb_2FfcZHNCDtx	UC7gJRij98IY_nFfFDrld8yQ	ym 2020s early mb albums p1
Hollow Tree	Igorrr	Spirituality and Distortion	INDIFFERENT	Te0C-c_bgsQ	MPREb_2FfcZHNCDtx	UC7gJRij98IY_nFfFDrld8yQ	ym 2020s early mb albums p1
Himalaya Massive Ritual	Igorrr	Spirituality and Distortion	INDIFFERENT	-VmaTdnL0ek	MPREb_2FfcZHNCDtx	UC7gJRij98IY_nFfFDrld8yQ	ym 2020s early mb albums p1
Downgrade Desert	Igorrr	Spirituality and Distortion	INDIFFERENT	kNafgdJ5K6g	MPREb_2FfcZHNCDtx	UC7gJRij98IY_nFfFDrld8yQ	ym 2020s early mb albums p1
Camel Dancefloor	Igorrr	Spirituality and Distortion	INDIFFERENT	qWY8Y68yMJI	MPREb_2FfcZHNCDtx	UC7gJRij98IY_nFfFDrld8yQ	ym 2020s early mb albums p1
Barocco Satani	Igorrr	Spirituality and Distortion	INDIFFERENT	jt1tWBvgngo	MPREb_2FfcZHNCDtx	UC7gJRij98IY_nFfFDrld8yQ	ym 2020s early mb albums p1
flux•Cocoon	Iglooghost	Tidal Memory Exo	INDIFFERENT	2kCy6zjzad4	MPREb_vx5gVFoQGHj	UC1N5c5QRQxR2qCSw7ZFKdnQ	ym 2020s early mb albums p1
Spawn01 ft Cyst (feat. Cyst)	Iglooghost	Tidal Memory Exo	INDIFFERENT	ZIw0P1JGpIE	MPREb_vx5gVFoQGHj	UC1N5c5QRQxR2qCSw7ZFKdnQ	ym 2020s early mb albums p1
Pulse Angel	Iglooghost	Tidal Memory Exo	INDIFFERENT	7eK12WCw5vE	MPREb_vx5gVFoQGHj	UC1N5c5QRQxR2qCSw7ZFKdnQ	ym 2020s early mb albums p1
New Species	Iglooghost	Tidal Memory Exo	INDIFFERENT	mSdvXeJEpuY	MPREb_vx5gVFoQGHj	UC1N5c5QRQxR2qCSw7ZFKdnQ	ym 2020s early mb albums p1
Nemat0de	Iglooghost	Tidal Memory Exo	INDIFFERENT	c6W0EUCkI_I	MPREb_vx5gVFoQGHj	UC1N5c5QRQxR2qCSw7ZFKdnQ	ym 2020s early mb albums p1
Germ Chrism	Iglooghost	Tidal Memory Exo	INDIFFERENT	oV9Ur_8YHo4	MPREb_vx5gVFoQGHj	UC1N5c5QRQxR2qCSw7ZFKdnQ	ym 2020s early mb albums p1
Geo Sprite Exo	Iglooghost	Tidal Memory Exo	INDIFFERENT	2-D-Iz7rtBc	MPREb_vx5gVFoQGHj	UC1N5c5QRQxR2qCSw7ZFKdnQ	ym 2020s early mb albums p1
Echo Lace	Iglooghost	Tidal Memory Exo	INDIFFERENT	LjIEFlJWOPI	MPREb_vx5gVFoQGHj	UC1N5c5QRQxR2qCSw7ZFKdnQ	ym 2020s early mb albums p1
Dewdrop Signal	Iglooghost	Tidal Memory Exo	INDIFFERENT	E95TMh772-w	MPREb_vx5gVFoQGHj	UC1N5c5QRQxR2qCSw7ZFKdnQ	ym 2020s early mb albums p1
Coral Mimic	Iglooghost	Tidal Memory Exo	INDIFFERENT	FqjE_usqZBk	MPREb_vx5gVFoQGHj	UC1N5c5QRQxR2qCSw7ZFKdnQ	ym 2020s early mb albums p1
Chlorine•FM (Intermission)	Iglooghost	Tidal Memory Exo	INDIFFERENT	4seFuQMpJUA	MPREb_vx5gVFoQGHj	UC1N5c5QRQxR2qCSw7ZFKdnQ	ym 2020s early mb albums p1
Blue Hum	Iglooghost	Tidal Memory Exo	INDIFFERENT	NlIEjz1k18c	MPREb_vx5gVFoQGHj	UC1N5c5QRQxR2qCSw7ZFKdnQ	ym 2020s early mb albums p1
Alloy Flea	Iglooghost	Tidal Memory Exo	INDIFFERENT	DKhjDKcBdC4	MPREb_vx5gVFoQGHj	UC1N5c5QRQxR2qCSw7ZFKdnQ	ym 2020s early mb albums p1
The Regency	Iggy Pop	EVERY LOSER	INDIFFERENT	zh08yoIA_cw	MPREb_rjq7BCyCo6X	UCN2OwEXNYJFzgHvR7912Btg	ym 2020s early mb albums p1
The News For Andy (Interlude)	Iggy Pop	EVERY LOSER	INDIFFERENT	bg4_lO0kqzc	MPREb_rjq7BCyCo6X	UCN2OwEXNYJFzgHvR7912Btg	ym 2020s early mb albums p1
Strung Out Johnny	Iggy Pop	EVERY LOSER	INDIFFERENT	ePPZe6eD-GA	MPREb_rjq7BCyCo6X	UCN2OwEXNYJFzgHvR7912Btg	ym 2020s early mb albums p1
New Atlantis	Iggy Pop	EVERY LOSER	INDIFFERENT	4a6wH4v4ZYo	MPREb_rjq7BCyCo6X	UCN2OwEXNYJFzgHvR7912Btg	ym 2020s early mb albums p1
Neo Punk	Iggy Pop	EVERY LOSER	INDIFFERENT	eRdOFUye5MQ	MPREb_rjq7BCyCo6X	UCN2OwEXNYJFzgHvR7912Btg	ym 2020s early mb albums p1
My Animus (Interlude)	Iggy Pop	EVERY LOSER	INDIFFERENT	b2SHPItORn0	MPREb_rjq7BCyCo6X	UCN2OwEXNYJFzgHvR7912Btg	ym 2020s early mb albums p1
Morning Show	Iggy Pop	EVERY LOSER	INDIFFERENT	g_THp3U-3Lo	MPREb_rjq7BCyCo6X	UCN2OwEXNYJFzgHvR7912Btg	ym 2020s early mb albums p1
Modern Day Ripoff	Iggy Pop	EVERY LOSER	INDIFFERENT	2Kgvh7cfYu0	MPREb_rjq7BCyCo6X	UCN2OwEXNYJFzgHvR7912Btg	ym 2020s early mb albums p1
Frenzy	Iggy Pop	EVERY LOSER	INDIFFERENT	Gh2O-VgSj70	MPREb_rjq7BCyCo6X	UCN2OwEXNYJFzgHvR7912Btg	ym 2020s early mb albums p1
Comments	Iggy Pop	EVERY LOSER	INDIFFERENT	eLGx1E23n3s	MPREb_rjq7BCyCo6X	UCN2OwEXNYJFzgHvR7912Btg	ym 2020s early mb albums p1
All The Way Down	Iggy Pop	EVERY LOSER	INDIFFERENT	hMNb9iCRLfw	MPREb_rjq7BCyCo6X	UCN2OwEXNYJFzgHvR7912Btg	ym 2020s early mb albums p1
ohayashi	Ichiko Aoba	Windswept Adan	INDIFFERENT	cpB2it3ZMZU	MPREb_q8bt9UTMW4e	UCq6d6kGYcTD8To_MV5fuT4g	ym 2020s early mb albums p1
chinuhaji	Ichiko Aoba	Windswept Adan	INDIFFERENT	lCfFIsSWMRA	MPREb_q8bt9UTMW4e	UCq6d6kGYcTD8To_MV5fuT4g	ym 2020s early mb albums p1
Sagu Palm's Song	Ichiko Aoba	Windswept Adan	INDIFFERENT	kkaXzgABI1U	MPREb_q8bt9UTMW4e	UCq6d6kGYcTD8To_MV5fuT4g	ym 2020s early mb albums p1
Red Silence	Ichiko Aoba	Windswept Adan	INDIFFERENT	BesiwNp2bog	MPREb_q8bt9UTMW4e	UCq6d6kGYcTD8To_MV5fuT4g	ym 2020s early mb albums p1
Prologue	Ichiko Aoba	Windswept Adan	INDIFFERENT	CWH1wzlixik	MPREb_q8bt9UTMW4e	UCq6d6kGYcTD8To_MV5fuT4g	ym 2020s early mb albums p1
Porcelain	Ichiko Aoba	Windswept Adan	INDIFFERENT	QNgpjqiE12g	MPREb_q8bt9UTMW4e	UCq6d6kGYcTD8To_MV5fuT4g	ym 2020s early mb albums p1
Pilgrimage	Ichiko Aoba	Windswept Adan	INDIFFERENT	WcvnZYNCNUc	MPREb_q8bt9UTMW4e	UCq6d6kGYcTD8To_MV5fuT4g	ym 2020s early mb albums p1
Parfum d'étoiles	Ichiko Aoba	Windswept Adan	INDIFFERENT	G3_WW8XRqes	MPREb_q8bt9UTMW4e	UCq6d6kGYcTD8To_MV5fuT4g	ym 2020s early mb albums p1
Kirinakijima	Ichiko Aoba	Windswept Adan	INDIFFERENT	GkcmpL0En3c	MPREb_q8bt9UTMW4e	UCq6d6kGYcTD8To_MV5fuT4g	ym 2020s early mb albums p1
Horo	Ichiko Aoba	Windswept Adan	INDIFFERENT	fySSiguQ17o	MPREb_q8bt9UTMW4e	UCq6d6kGYcTD8To_MV5fuT4g	ym 2020s early mb albums p1
Hagupit	Ichiko Aoba	Windswept Adan	INDIFFERENT	OfnM5lwvmPM	MPREb_q8bt9UTMW4e	UCq6d6kGYcTD8To_MV5fuT4g	ym 2020s early mb albums p1
Easter Lily	Ichiko Aoba	Windswept Adan	INDIFFERENT	25WZK4OyIvg	MPREb_q8bt9UTMW4e	UCq6d6kGYcTD8To_MV5fuT4g	ym 2020s early mb albums p1
Dawn in the Adan	Ichiko Aoba	Windswept Adan	INDIFFERENT	2L3OCqW76hE	MPREb_q8bt9UTMW4e	UCq6d6kGYcTD8To_MV5fuT4g	ym 2020s early mb albums p1
Adan no Shima no Tanjyosai	Ichiko Aoba	Windswept Adan	INDIFFERENT	maRdPtPRdUo	MPREb_q8bt9UTMW4e	UCq6d6kGYcTD8To_MV5fuT4g	ym 2020s early mb albums p1
The Only Constant	Icarus	Change	INDIFFERENT	x0oeFLtmhZ4	MPREb_mSfl0aE2Jds	UC2mkISHdgCavX5_uchEOvlg	ym 2020s early mb albums p1
Resonate	Icarus	Change	INDIFFERENT	xfnVFAqFYi4	MPREb_mSfl0aE2Jds	UC2mkISHdgCavX5_uchEOvlg	ym 2020s early mb albums p1
Forever	Icarus	Change	INDIFFERENT	dAM3LDRV-JA	MPREb_mSfl0aE2Jds	UC2mkISHdgCavX5_uchEOvlg	ym 2020s early mb albums p1
Every Part Of You	Icarus	Change	INDIFFERENT	AonjwMdyxzA	MPREb_mSfl0aE2Jds	UC2mkISHdgCavX5_uchEOvlg	ym 2020s early mb albums p1
Catch Your Breath	Icarus	Change	INDIFFERENT	hEyiUFODU9g	MPREb_mSfl0aE2Jds	UC2mkISHdgCavX5_uchEOvlg	ym 2020s early mb albums p1
Another Life	Icarus	Change	INDIFFERENT	-e62QIh3C4w	MPREb_mSfl0aE2Jds	UC2mkISHdgCavX5_uchEOvlg	ym 2020s early mb albums p1
All For You	Icarus	Change	INDIFFERENT	SFmUU_QXV8M	MPREb_mSfl0aE2Jds	UC2mkISHdgCavX5_uchEOvlg	ym 2020s early mb albums p1
Roy	IDLES	TANGK	INDIFFERENT	5axBXYMF7YY	MPREb_6MdAjtp6ZRn	UCcbIxwjtSRip9MAYoJ30acw	ym 2020s early mb albums p1
POP POP POP	IDLES	TANGK	INDIFFERENT	SKd5fcNAXgs	MPREb_6MdAjtp6ZRn	UCcbIxwjtSRip9MAYoJ30acw	ym 2020s early mb albums p1
Monolith	IDLES	TANGK	INDIFFERENT	2gxXIhIWpUU	MPREb_6MdAjtp6ZRn	UCcbIxwjtSRip9MAYoJ30acw	ym 2020s early mb albums p1
Jungle	IDLES	TANGK	INDIFFERENT	Er7WUds0vJ0	MPREb_6MdAjtp6ZRn	UCcbIxwjtSRip9MAYoJ30acw	ym 2020s early mb albums p1
IDEA 01	IDLES	TANGK	INDIFFERENT	Q5AJLab0oFA	MPREb_6MdAjtp6ZRn	UCcbIxwjtSRip9MAYoJ30acw	ym 2020s early mb albums p1
Hall & Oates	IDLES	TANGK	INDIFFERENT	Mb9VTXs4wAk	MPREb_6MdAjtp6ZRn	UCcbIxwjtSRip9MAYoJ30acw	ym 2020s early mb albums p1
Gratitude	IDLES	TANGK	INDIFFERENT	VUZCHhWUJ2g	MPREb_6MdAjtp6ZRn	UCcbIxwjtSRip9MAYoJ30acw	ym 2020s early mb albums p1
Grace	IDLES	TANGK	INDIFFERENT	ZAhBqlwo_Mw	MPREb_6MdAjtp6ZRn	UCcbIxwjtSRip9MAYoJ30acw	ym 2020s early mb albums p1
Gift Horse	IDLES	TANGK	INDIFFERENT	nfXS9ws9rao	MPREb_6MdAjtp6ZRn	UCcbIxwjtSRip9MAYoJ30acw	ym 2020s early mb albums p1
Dancer	IDLES	TANGK	INDIFFERENT	2q5DjsmeWOQ	MPREb_6MdAjtp6ZRn	UCcbIxwjtSRip9MAYoJ30acw	ym 2020s early mb albums p1
A Gospel	IDLES	TANGK	INDIFFERENT	kCJuQbAAC9o	MPREb_6MdAjtp6ZRn	UCcbIxwjtSRip9MAYoJ30acw	ym 2020s early mb albums p1
Wizz	IDLES	CRAWLER	INDIFFERENT	KwAsf2PSKtU	MPREb_azft9gRgKNt	UCcbIxwjtSRip9MAYoJ30acw	ym 2020s early mb albums p1
When the Lights Come On	IDLES	CRAWLER	INDIFFERENT	2gr_L_WT62c	MPREb_azft9gRgKNt	UCcbIxwjtSRip9MAYoJ30acw	ym 2020s early mb albums p1
The Wheel	IDLES	CRAWLER	INDIFFERENT	lvK_MZq5Px8	MPREb_azft9gRgKNt	UCcbIxwjtSRip9MAYoJ30acw	ym 2020s early mb albums p1
The New Sensation	IDLES	CRAWLER	INDIFFERENT	tcqgx7YKkI0	MPREb_azft9gRgKNt	UCcbIxwjtSRip9MAYoJ30acw	ym 2020s early mb albums p1
The End	IDLES	CRAWLER	INDIFFERENT	IBlytnSdg90	MPREb_azft9gRgKNt	UCcbIxwjtSRip9MAYoJ30acw	ym 2020s early mb albums p1
The Beachland Ballroom	IDLES	CRAWLER	INDIFFERENT	VJ7esiIHMp8	MPREb_azft9gRgKNt	UCcbIxwjtSRip9MAYoJ30acw	ym 2020s early mb albums p1
Stockholm Syndrome	IDLES	CRAWLER	INDIFFERENT	YyqSafP1qTw	MPREb_azft9gRgKNt	UCcbIxwjtSRip9MAYoJ30acw	ym 2020s early mb albums p1
Progress	IDLES	CRAWLER	INDIFFERENT	L8rB1sw3bf0	MPREb_azft9gRgKNt	UCcbIxwjtSRip9MAYoJ30acw	ym 2020s early mb albums p1
Meds	IDLES	CRAWLER	INDIFFERENT	Ecan4FABG14	MPREb_azft9gRgKNt	UCcbIxwjtSRip9MAYoJ30acw	ym 2020s early mb albums p1
MTT 420 RR	IDLES	CRAWLER	INDIFFERENT	PD666v91D5A	MPREb_azft9gRgKNt	UCcbIxwjtSRip9MAYoJ30acw	ym 2020s early mb albums p1
King Snake	IDLES	CRAWLER	INDIFFERENT	mUSf0L6ErbY	MPREb_azft9gRgKNt	UCcbIxwjtSRip9MAYoJ30acw	ym 2020s early mb albums p1
Kelechi	IDLES	CRAWLER	INDIFFERENT	uM8VixqeNM4	MPREb_azft9gRgKNt	UCcbIxwjtSRip9MAYoJ30acw	ym 2020s early mb albums p1
Crawl!	IDLES	CRAWLER	INDIFFERENT	MONSBRnNfm4	MPREb_azft9gRgKNt	UCcbIxwjtSRip9MAYoJ30acw	ym 2020s early mb albums p1
Car Crash	IDLES	CRAWLER	INDIFFERENT	VyC3uU7P4nI	MPREb_azft9gRgKNt	UCcbIxwjtSRip9MAYoJ30acw	ym 2020s early mb albums p1
Vetiver	Hurray for the Riff Raff	The Past Is Still Alive	INDIFFERENT	RQfOkPaXwok	MPREb_QMjt97JRvAr	UCpDeHPntpUS7mEnESy9odmQ	ym 2020s early mb albums p1
The World Is Dangerous	Hurray for the Riff Raff	The Past Is Still Alive	INDIFFERENT	89aqtYGh0W8	MPREb_QMjt97JRvAr	UCpDeHPntpUS7mEnESy9odmQ	ym 2020s early mb albums p1
Snake Plant (The Past Is Still Alive)	Hurray for the Riff Raff	The Past Is Still Alive	INDIFFERENT	LMnsQl8QxJk	MPREb_QMjt97JRvAr	UCpDeHPntpUS7mEnESy9odmQ	ym 2020s early mb albums p1
Ogallala	Hurray for the Riff Raff	The Past Is Still Alive	INDIFFERENT	KLBEOvnBUs0	MPREb_QMjt97JRvAr	UCpDeHPntpUS7mEnESy9odmQ	ym 2020s early mb albums p1
Hourglass	Hurray for the Riff Raff	The Past Is Still Alive	INDIFFERENT	rQjCSxArcms	MPREb_QMjt97JRvAr	UCpDeHPntpUS7mEnESy9odmQ	ym 2020s early mb albums p1
Hawkmoon	Hurray for the Riff Raff	The Past Is Still Alive	INDIFFERENT	qP8ixKCnNbQ	MPREb_QMjt97JRvAr	UCpDeHPntpUS7mEnESy9odmQ	ym 2020s early mb albums p1
Dynamo	Hurray for the Riff Raff	The Past Is Still Alive	INDIFFERENT	DRg-IyagAUo	MPREb_QMjt97JRvAr	UCpDeHPntpUS7mEnESy9odmQ	ym 2020s early mb albums p1
Colossus of Roads	Hurray for the Riff Raff	The Past Is Still Alive	INDIFFERENT	lWAh2c10mCI	MPREb_QMjt97JRvAr	UCpDeHPntpUS7mEnESy9odmQ	ym 2020s early mb albums p1
Buffalo	Hurray for the Riff Raff	The Past Is Still Alive	INDIFFERENT	WtZC6NlWe54	MPREb_QMjt97JRvAr	UCpDeHPntpUS7mEnESy9odmQ	ym 2020s early mb albums p1
Alibi	Hurray for the Riff Raff	The Past Is Still Alive	INDIFFERENT	xc3HnB0PH3Q	MPREb_QMjt97JRvAr	UCpDeHPntpUS7mEnESy9odmQ	ym 2020s early mb albums p1
The Summoning	Hum	Inlet	INDIFFERENT	x-WXrh18OFU	MPREb_tFfIPh2bMKo	UCjS6GlcGfBi56nQGFwwUCMQ	ym 2020s early mb albums p1
Step into You	Hum	Inlet	INDIFFERENT	lSHBtsPxEP8	MPREb_tFfIPh2bMKo	UCjS6GlcGfBi56nQGFwwUCMQ	ym 2020s early mb albums p1
Shapeshifter	Hum	Inlet	INDIFFERENT	HgDbEEvDW3o	MPREb_tFfIPh2bMKo	UCjS6GlcGfBi56nQGFwwUCMQ	ym 2020s early mb albums p1
In the Den	Hum	Inlet	INDIFFERENT	cRdXXkcVEvA	MPREb_tFfIPh2bMKo	UCjS6GlcGfBi56nQGFwwUCMQ	ym 2020s early mb albums p1
Folding	Hum	Inlet	INDIFFERENT	-xix8ZFXVtQ	MPREb_tFfIPh2bMKo	UCjS6GlcGfBi56nQGFwwUCMQ	ym 2020s early mb albums p1
Desert Rambler	Hum	Inlet	INDIFFERENT	q3s6D0Exbjo	MPREb_tFfIPh2bMKo	UCjS6GlcGfBi56nQGFwwUCMQ	ym 2020s early mb albums p1
Cloud City	Hum	Inlet	INDIFFERENT	0C-ChWdRrYQ	MPREb_tFfIPh2bMKo	UCjS6GlcGfBi56nQGFwwUCMQ	ym 2020s early mb albums p1
Vitalize	Hudson Mohawke	Poom Gems	INDIFFERENT	XNkzAdxAqSE	MPREb_g3WfNoR638b	UCB9xU4WcqTheZX69u2sYWeA	ym 2020s early mb albums p1
Sweet Silverskin	Hudson Mohawke	Poom Gems	INDIFFERENT	Y6faLms7ZLg	MPREb_g3WfNoR638b	UCB9xU4WcqTheZX69u2sYWeA	ym 2020s early mb albums p1
Sequon	Hudson Mohawke	Poom Gems	INDIFFERENT	2Wr8HixiSd0	MPREb_g3WfNoR638b	UCB9xU4WcqTheZX69u2sYWeA	ym 2020s early mb albums p1
Schmurgen	Hudson Mohawke	Poom Gems	INDIFFERENT	HPvBZKpwumQ	MPREb_g3WfNoR638b	UCB9xU4WcqTheZX69u2sYWeA	ym 2020s early mb albums p1
Need U Here	Hudson Mohawke	Poom Gems	INDIFFERENT	tNChjKuWk0s	MPREb_g3WfNoR638b	UCB9xU4WcqTheZX69u2sYWeA	ym 2020s early mb albums p1
Hoiarp	Hudson Mohawke	Poom Gems	INDIFFERENT	s7-NXGnRhV4	MPREb_g3WfNoR638b	UCB9xU4WcqTheZX69u2sYWeA	ym 2020s early mb albums p1
Hands Of Time	Hudson Mohawke	Poom Gems	INDIFFERENT	5fRBUjTDLys	MPREb_g3WfNoR638b	UCB9xU4WcqTheZX69u2sYWeA	ym 2020s early mb albums p1
Behind A Frozen Waterfall	Hudson Mohawke	Poom Gems	INDIFFERENT	m2VQQv7Xd-g	MPREb_g3WfNoR638b	UCB9xU4WcqTheZX69u2sYWeA	ym 2020s early mb albums p1
All I Need	Hudson Mohawke	Poom Gems	INDIFFERENT	04E2pSwOS0g	MPREb_g3WfNoR638b	UCB9xU4WcqTheZX69u2sYWeA	ym 2020s early mb albums p1
Tincture	Hudson Mohawke	Cry Sugar	INDIFFERENT	YkcRM6A2EvE	MPREb_FExIAwJ4eUf	UCB9xU4WcqTheZX69u2sYWeA	ym 2020s early mb albums p1
Rain Shadow	Hudson Mohawke	Cry Sugar	INDIFFERENT	dTdc601dKEM	MPREb_FExIAwJ4eUf	UCB9xU4WcqTheZX69u2sYWeA	ym 2020s early mb albums p1
Nork 69	Hudson Mohawke	Cry Sugar	INDIFFERENT	6tEw7-u7f4w	MPREb_FExIAwJ4eUf	UCB9xU4WcqTheZX69u2sYWeA	ym 2020s early mb albums p1
Lonely Days	Hudson Mohawke	Cry Sugar	INDIFFERENT	wtd5eNq0Wrc	MPREb_FExIAwJ4eUf	UCB9xU4WcqTheZX69u2sYWeA	ym 2020s early mb albums p1
KPIPE	Hudson Mohawke	Cry Sugar	INDIFFERENT	CThUJRnuN-A	MPREb_FExIAwJ4eUf	UCB9xU4WcqTheZX69u2sYWeA	ym 2020s early mb albums p1
Is It Supposed	Hudson Mohawke	Cry Sugar	INDIFFERENT	LvTGVGe9vyY	MPREb_FExIAwJ4eUf	UCB9xU4WcqTheZX69u2sYWeA	ym 2020s early mb albums p1
Ingle Nook Slumber	Hudson Mohawke	Cry Sugar	INDIFFERENT	SXe5zWTQ9-w	MPREb_FExIAwJ4eUf	UCB9xU4WcqTheZX69u2sYWeA	ym 2020s early mb albums p1
Ingle Nook	Hudson Mohawke	Cry Sugar	INDIFFERENT	c21fliaEDII	MPREb_FExIAwJ4eUf	UCB9xU4WcqTheZX69u2sYWeA	ym 2020s early mb albums p1
Expo	Hudson Mohawke	Cry Sugar	INDIFFERENT	Ub2klHZ4v4Y	MPREb_FExIAwJ4eUf	UCB9xU4WcqTheZX69u2sYWeA	ym 2020s early mb albums p1
Dance Forever	Hudson Mohawke	Cry Sugar	INDIFFERENT	w2Zq-6EDbwg	MPREb_FExIAwJ4eUf	UCB9xU4WcqTheZX69u2sYWeA	ym 2020s early mb albums p1
Come A Little Closer	Hudson Mohawke	Cry Sugar	INDIFFERENT	Yf4K3P4Vayo	MPREb_FExIAwJ4eUf	UCB9xU4WcqTheZX69u2sYWeA	ym 2020s early mb albums p1
Bicstan	Hudson Mohawke	Cry Sugar	INDIFFERENT	CDbn5LfwrfQ	MPREb_FExIAwJ4eUf	UCB9xU4WcqTheZX69u2sYWeA	ym 2020s early mb albums p1
Behold	Hudson Mohawke	Cry Sugar	INDIFFERENT	5jdmHBRpiNQ	MPREb_FExIAwJ4eUf	UCB9xU4WcqTheZX69u2sYWeA	ym 2020s early mb albums p1
Who We Are	Hozier	Unreal Unearth	INDIFFERENT	ePTGrJ7bEOY	MPREb_kv81NtXAS1a	UCA3Zs9A2IeetfGT3Omi9ivw	ym 2020s early mb albums p1
Unknown / Nth	Hozier	Unreal Unearth	INDIFFERENT	sAfGoydw1TI	MPREb_kv81NtXAS1a	UCA3Zs9A2IeetfGT3Omi9ivw	ym 2020s early mb albums p1
To Someone From A Warm Climate (Uiscefhuaraithe)	Hozier	Unreal Unearth	INDIFFERENT	7JrfpcEB_Gg	MPREb_kv81NtXAS1a	UCA3Zs9A2IeetfGT3Omi9ivw	ym 2020s early mb albums p1
Son of Nyx	Hozier	Unreal Unearth	INDIFFERENT	TU6lJngllM0	MPREb_kv81NtXAS1a	UCA3Zs9A2IeetfGT3Omi9ivw	ym 2020s early mb albums p1
I, Carrion (Icarian)	Hozier	Unreal Unearth	INDIFFERENT	Zi9CjAm_DcU	MPREb_kv81NtXAS1a	UCA3Zs9A2IeetfGT3Omi9ivw	ym 2020s early mb albums p1
Francesca	Hozier	Unreal Unearth	INDIFFERENT	fV5WSN0YHGk	MPREb_kv81NtXAS1a	UCA3Zs9A2IeetfGT3Omi9ivw	ym 2020s early mb albums p1
First Time	Hozier	Unreal Unearth	INDIFFERENT	_29t54c741A	MPREb_kv81NtXAS1a	UCA3Zs9A2IeetfGT3Omi9ivw	ym 2020s early mb albums p1
First Light	Hozier	Unreal Unearth	INDIFFERENT	HlSBLC_Z6aA	MPREb_kv81NtXAS1a	UCA3Zs9A2IeetfGT3Omi9ivw	ym 2020s early mb albums p1
Eat Your Young	Hozier	Unreal Unearth	INDIFFERENT	Vc_a6WRIqqo	MPREb_kv81NtXAS1a	UCA3Zs9A2IeetfGT3Omi9ivw	ym 2020s early mb albums p1
De Selby (Part 2)	Hozier	Unreal Unearth	INDIFFERENT	QPQHnNfmzw0	MPREb_kv81NtXAS1a	UCA3Zs9A2IeetfGT3Omi9ivw	ym 2020s early mb albums p1
De Selby (Part 1)	Hozier	Unreal Unearth	INDIFFERENT	5OFsZQ_JBTo	MPREb_kv81NtXAS1a	UCA3Zs9A2IeetfGT3Omi9ivw	ym 2020s early mb albums p1
Damage Gets Done (feat. Brandi Carlile)	Hozier	Unreal Unearth	INDIFFERENT	-7eTi2H3_xg	MPREb_kv81NtXAS1a	UCA3Zs9A2IeetfGT3Omi9ivw	ym 2020s early mb albums p1
Butchered Tongue	Hozier	Unreal Unearth	INDIFFERENT	DP2E2-WDO4w	MPREb_kv81NtXAS1a	UCA3Zs9A2IeetfGT3Omi9ivw	ym 2020s early mb albums p1
Anything But	Hozier	Unreal Unearth	INDIFFERENT	yRoayoD5jb0	MPREb_kv81NtXAS1a	UCA3Zs9A2IeetfGT3Omi9ivw	ym 2020s early mb albums p1
All Things End	Hozier	Unreal Unearth	INDIFFERENT	agPV1ZvtLHI	MPREb_kv81NtXAS1a	UCA3Zs9A2IeetfGT3Omi9ivw	ym 2020s early mb albums p1
Abstract (Psychopomp)	Hozier	Unreal Unearth	INDIFFERENT	x8sOdtk8ww4	MPREb_kv81NtXAS1a	UCA3Zs9A2IeetfGT3Omi9ivw	ym 2020s early mb albums p1
World of Pots and Pans	Horsegirl	Versions of Modern Performance	INDIFFERENT	zh6Kw_pPwRw	MPREb_Ywgy2D7Ink7	UCn5w9pdr8KbjV9XB71cp5mw	ym 2020s early mb albums p1
The Fall of Horsegirl	Horsegirl	Versions of Modern Performance	INDIFFERENT	fVDrS5E0X7g	MPREb_Ywgy2D7Ink7	UCn5w9pdr8KbjV9XB71cp5mw	ym 2020s early mb albums p1
Option 8	Horsegirl	Versions of Modern Performance	INDIFFERENT	ZUGnNq-ex70	MPREb_Ywgy2D7Ink7	UCn5w9pdr8KbjV9XB71cp5mw	ym 2020s early mb albums p1
Homage to Birdnoculars	Horsegirl	Versions of Modern Performance	INDIFFERENT	KTRR_0r4ScY	MPREb_Ywgy2D7Ink7	UCn5w9pdr8KbjV9XB71cp5mw	ym 2020s early mb albums p1
Dirtbag Transformation (Still Dirty)	Horsegirl	Versions of Modern Performance	INDIFFERENT	wsBY7sKMXRA	MPREb_Ywgy2D7Ink7	UCn5w9pdr8KbjV9XB71cp5mw	ym 2020s early mb albums p1
Beautiful Song	Horsegirl	Versions of Modern Performance	INDIFFERENT	GvYqAQm81oU	MPREb_Ywgy2D7Ink7	UCn5w9pdr8KbjV9XB71cp5mw	ym 2020s early mb albums p1
The Radiant City	Horse Lords	The Common Task	INDIFFERENT	X-f2iV7tCAQ	MPREb_umLRUHaDiTk		ym 2020s early mb albums p1
People's Park	Horse Lords	The Common Task	INDIFFERENT	w7yUoCA9tgA	MPREb_umLRUHaDiTk		ym 2020s early mb albums p1
Integral Accident	Horse Lords	The Common Task	INDIFFERENT	U4-o0EN6f98	MPREb_umLRUHaDiTk		ym 2020s early mb albums p1
Fanfare for Effective Freedom	Horse Lords	The Common Task	INDIFFERENT	v_iM_7z86QE	MPREb_umLRUHaDiTk		ym 2020s early mb albums p1
Against Gravity	Horse Lords	The Common Task	INDIFFERENT	Riwk_PpyVbc	MPREb_umLRUHaDiTk		ym 2020s early mb albums p1
Try Love	Horace Andy	Midnight Rocker	INDIFFERENT	9GxNb-gInS4	MPREb_us1cgVCHy51	UC6FtczJEj05c3bLscIiyjKA	ym 2020s early mb albums p1
Rock To Sleep	Horace Andy	Midnight Rocker	INDIFFERENT	nJ4CeI2KP0Y	MPREb_us1cgVCHy51	UC6FtczJEj05c3bLscIiyjKA	ym 2020s early mb albums p1
Mr Bassie	Horace Andy	Midnight Rocker	INDIFFERENT	5RSQg43EZyo	MPREb_us1cgVCHy51	UC6FtczJEj05c3bLscIiyjKA	ym 2020s early mb albums p1
Materialist	Horace Andy	Midnight Rocker	INDIFFERENT	DTjnzISumo0	MPREb_us1cgVCHy51	UC6FtczJEj05c3bLscIiyjKA	ym 2020s early mb albums p1
Careful	Horace Andy	Midnight Rocker	INDIFFERENT	D-zZ44Wv50s	MPREb_us1cgVCHy51	UC6FtczJEj05c3bLscIiyjKA	ym 2020s early mb albums p1
TV	Honeyglaze	Real Deal	INDIFFERENT	wOQxi9A97Z8	MPREb_YfsQj4edsip	UCzmG4v8PFQ4-KHx6rc2v5DA	ym 2020s early mb albums p1
TMJ	Honeyglaze	Real Deal	INDIFFERENT	YeIXoPMmq2g	MPREb_YfsQj4edsip	UCzmG4v8PFQ4-KHx6rc2v5DA	ym 2020s early mb albums p1
Safety Pins	Honeyglaze	Real Deal	INDIFFERENT	C7CpKzbN9wM	MPREb_YfsQj4edsip	UCzmG4v8PFQ4-KHx6rc2v5DA	ym 2020s early mb albums p1
Real Deal	Honeyglaze	Real Deal	INDIFFERENT	2JIsoGgLd6Q	MPREb_YfsQj4edsip	UCzmG4v8PFQ4-KHx6rc2v5DA	ym 2020s early mb albums p1
Pretty Girls	Honeyglaze	Real Deal	INDIFFERENT	J1HlgIX5gs0	MPREb_YfsQj4edsip	UCzmG4v8PFQ4-KHx6rc2v5DA	ym 2020s early mb albums p1
Movies	Honeyglaze	Real Deal	INDIFFERENT	m472qeVQBk0	MPREb_YfsQj4edsip	UCzmG4v8PFQ4-KHx6rc2v5DA	ym 2020s early mb albums p1
I Feel It All	Honeyglaze	Real Deal	INDIFFERENT	-eIDTzIlw0c	MPREb_YfsQj4edsip	UCzmG4v8PFQ4-KHx6rc2v5DA	ym 2020s early mb albums p1
Hide	Honeyglaze	Real Deal	INDIFFERENT	DAPCHhUtvUQ	MPREb_YfsQj4edsip	UCzmG4v8PFQ4-KHx6rc2v5DA	ym 2020s early mb albums p1
Ghost	Honeyglaze	Real Deal	INDIFFERENT	YC1O5G71OiI	MPREb_YfsQj4edsip	UCzmG4v8PFQ4-KHx6rc2v5DA	ym 2020s early mb albums p1
Don't	Honeyglaze	Real Deal	INDIFFERENT	9o1KIscNsrw	MPREb_YfsQj4edsip	UCzmG4v8PFQ4-KHx6rc2v5DA	ym 2020s early mb albums p1
Cold Caller	Honeyglaze	Real Deal	INDIFFERENT	BQKRwLgRXzY	MPREb_YfsQj4edsip	UCzmG4v8PFQ4-KHx6rc2v5DA	ym 2020s early mb albums p1
Redhead	Holy Wave	Interloper	INDIFFERENT	SFEpLBRrKs0	MPREb_OMQVNpvG8zD	UC2qO7aL5hhhsS5v326P7eEw	ym 2020s early mb albums p1
R&B	Holy Wave	Interloper	INDIFFERENT	WSMXMyFJ3K0	MPREb_OMQVNpvG8zD	UC2qO7aL5hhhsS5v326P7eEw	ym 2020s early mb albums p1
No Love	Holy Wave	Interloper	INDIFFERENT	EnTzd3X4_VI	MPREb_OMQVNpvG8zD	UC2qO7aL5hhhsS5v326P7eEw	ym 2020s early mb albums p1
Maybe Then I Can Cry	Holy Wave	Interloper	INDIFFERENT	teI6ArXFmBo	MPREb_OMQVNpvG8zD	UC2qO7aL5hhhsS5v326P7eEw	ym 2020s early mb albums p1
I'm Not Living in the Past Anymore	Holy Wave	Interloper	INDIFFERENT	LmJH7x41Be4	MPREb_OMQVNpvG8zD	UC2qO7aL5hhhsS5v326P7eEw	ym 2020s early mb albums p1
Hell Bastards	Holy Wave	Interloper	INDIFFERENT	BdsWX_Mu_GA	MPREb_OMQVNpvG8zD	UC2qO7aL5hhhsS5v326P7eEw	ym 2020s early mb albums p1
Buddhist Pete	Holy Wave	Interloper	INDIFFERENT	a5TsVv9ax_g	MPREb_OMQVNpvG8zD	UC2qO7aL5hhhsS5v326P7eEw	ym 2020s early mb albums p1
San Sebastian	Holy Fuck	Deleter	INDIFFERENT	oG3TFeeQh_c	MPREb_05gh9DwOZry	UC-L5Oyxd0aCk27RU1gGouWg	ym 2020s early mb albums p1
Ruby	Holy Fuck	Deleter	INDIFFERENT	R7ubzbEsdvI	MPREb_05gh9DwOZry	UC-L5Oyxd0aCk27RU1gGouWg	ym 2020s early mb albums p1
No Error	Holy Fuck	Deleter	INDIFFERENT	d1GSd0V9Ubk	MPREb_05gh9DwOZry	UC-L5Oyxd0aCk27RU1gGouWg	ym 2020s early mb albums p1
Near Mint	Holy Fuck	Deleter	INDIFFERENT	LR0hBDfTXjc	MPREb_05gh9DwOZry	UC-L5Oyxd0aCk27RU1gGouWg	ym 2020s early mb albums p1
Moment	Holy Fuck	Deleter	INDIFFERENT	OZNiHhktp4s	MPREb_05gh9DwOZry	UC-L5Oyxd0aCk27RU1gGouWg	ym 2020s early mb albums p1
Luxe (feat. Alexis Taylor)	Holy Fuck	Deleter	INDIFFERENT	nj28wpy5BtM	MPREb_05gh9DwOZry	UC-L5Oyxd0aCk27RU1gGouWg	ym 2020s early mb albums p1
Free Gloss (feat. Nicholas Allbrook)	Holy Fuck	Deleter	INDIFFERENT	jYAerLVka2M	MPREb_05gh9DwOZry	UC-L5Oyxd0aCk27RU1gGouWg	ym 2020s early mb albums p1
Endless	Holy Fuck	Deleter	INDIFFERENT	7zJTgRme3U8	MPREb_05gh9DwOZry	UC-L5Oyxd0aCk27RU1gGouWg	ym 2020s early mb albums p1
Deleters (feat. Angus Andrew)	Holy Fuck	Deleter	INDIFFERENT	KsN57UVwugg	MPREb_05gh9DwOZry	UC-L5Oyxd0aCk27RU1gGouWg	ym 2020s early mb albums p1
To Love Again	Hildegard	Jour 1596	INDIFFERENT	3IW3OoQQtpU	MPREb_qrD670L9z6p	UCNHK5-m5IyU0PDOGHBb2PHw	ym 2020s early mb albums p1
Rememember Me	Hildegard	Jour 1596	INDIFFERENT	NZbUzAt9_IA	MPREb_qrD670L9z6p	UCNHK5-m5IyU0PDOGHBb2PHw	ym 2020s early mb albums p1
Pour Your Heart Out	Hildegard	Jour 1596	INDIFFERENT	SQ2vAbA7QC4	MPREb_qrD670L9z6p	UCNHK5-m5IyU0PDOGHBb2PHw	ym 2020s early mb albums p1
Player	Hildegard	Jour 1596	INDIFFERENT	_JKnSeeXsvQ	MPREb_qrD670L9z6p	UCNHK5-m5IyU0PDOGHBb2PHw	ym 2020s early mb albums p1
Melody I Heard	Hildegard	Jour 1596	INDIFFERENT	uo-eQxwxvuA	MPREb_qrD670L9z6p	UCNHK5-m5IyU0PDOGHBb2PHw	ym 2020s early mb albums p1
Le Jardin la Nuit	Hildegard	Jour 1596	INDIFFERENT	QT5XZpIgNQw	MPREb_qrD670L9z6p	UCNHK5-m5IyU0PDOGHBb2PHw	ym 2020s early mb albums p1
Duke	Hildegard	Jour 1596	INDIFFERENT	_9iFgAsD4Ok	MPREb_qrD670L9z6p	UCNHK5-m5IyU0PDOGHBb2PHw	ym 2020s early mb albums p1
Cruel	Hildegard	Jour 1596	INDIFFERENT	4lWPvZG4AN4	MPREb_qrD670L9z6p	UCNHK5-m5IyU0PDOGHBb2PHw	ym 2020s early mb albums p1
Beverly	Hildegard	Jour 1596	INDIFFERENT	L2SrYCOSt2w	MPREb_qrD670L9z6p	UCNHK5-m5IyU0PDOGHBb2PHw	ym 2020s early mb albums p1
Bach in Town	Hildegard	Jour 1596	INDIFFERENT	XKWr47PEujM	MPREb_qrD670L9z6p	UCNHK5-m5IyU0PDOGHBb2PHw	ym 2020s early mb albums p1
Stone Or Lavender	Hiatus Kaiyote	Mood Valiant	INDIFFERENT	_xgAmLR6lyw	MPREb_Tm1gxK4ZB6I	UCaX2FBQMB9NHFBOTVMF_wpQ	ym 2020s early mb albums p1
Sparkle Tape Break Up	Hiatus Kaiyote	Mood Valiant	INDIFFERENT	YT5_C5mEQS8	MPREb_Tm1gxK4ZB6I	UCaX2FBQMB9NHFBOTVMF_wpQ	ym 2020s early mb albums p1
Rose Water	Hiatus Kaiyote	Mood Valiant	INDIFFERENT	TicoYW6YYN8	MPREb_Tm1gxK4ZB6I	UCaX2FBQMB9NHFBOTVMF_wpQ	ym 2020s early mb albums p1
Red Room	Hiatus Kaiyote	Mood Valiant	INDIFFERENT	qaVrj19CltY	MPREb_Tm1gxK4ZB6I	UCaX2FBQMB9NHFBOTVMF_wpQ	ym 2020s early mb albums p1
Flight Of The Tiger Lily	Hiatus Kaiyote	Mood Valiant	INDIFFERENT	8CUVkuNKIrY	MPREb_Tm1gxK4ZB6I	UCaX2FBQMB9NHFBOTVMF_wpQ	ym 2020s early mb albums p1
Chivalry Is Not Dead	Hiatus Kaiyote	Mood Valiant	INDIFFERENT	ZUoXL1BHbOM	MPREb_Tm1gxK4ZB6I	UCaX2FBQMB9NHFBOTVMF_wpQ	ym 2020s early mb albums p1
Blood And Marrow	Hiatus Kaiyote	Mood Valiant	INDIFFERENT	eBDUkstcWTk	MPREb_Tm1gxK4ZB6I	UCaX2FBQMB9NHFBOTVMF_wpQ	ym 2020s early mb albums p1
White Rabbit	Hiatus Kaiyote	Love Heart Cheat Code	INDIFFERENT	67Cw0OoCnIM	MPREb_hBlNGiPc96h	UCaX2FBQMB9NHFBOTVMF_wpQ	ym 2020s early mb albums p1
Telescope	Hiatus Kaiyote	Love Heart Cheat Code	INDIFFERENT	7UrYNhP0eFo	MPREb_hBlNGiPc96h	UCaX2FBQMB9NHFBOTVMF_wpQ	ym 2020s early mb albums p1
Love Heart Cheat Code	Hiatus Kaiyote	Love Heart Cheat Code	INDIFFERENT	tAsdP3YmoRE	MPREb_hBlNGiPc96h	UCaX2FBQMB9NHFBOTVMF_wpQ	ym 2020s early mb albums p1
How To Meet Yourself	Hiatus Kaiyote	Love Heart Cheat Code	INDIFFERENT	ZLKPoJk6vow	MPREb_hBlNGiPc96h	UCaX2FBQMB9NHFBOTVMF_wpQ	ym 2020s early mb albums p1
Everything’s Beautiful	Hiatus Kaiyote	Love Heart Cheat Code	INDIFFERENT	COvlfNpqp7c	MPREb_hBlNGiPc96h	UCaX2FBQMB9NHFBOTVMF_wpQ	ym 2020s early mb albums p1
Dreamboat	Hiatus Kaiyote	Love Heart Cheat Code	INDIFFERENT	pPSdNsljNEw	MPREb_hBlNGiPc96h	UCaX2FBQMB9NHFBOTVMF_wpQ	ym 2020s early mb albums p1
Dimitri	Hiatus Kaiyote	Love Heart Cheat Code	INDIFFERENT	1VLs48q4wuU	MPREb_hBlNGiPc96h	UCaX2FBQMB9NHFBOTVMF_wpQ	ym 2020s early mb albums p1
Cinnamon Temple	Hiatus Kaiyote	Love Heart Cheat Code	INDIFFERENT	8XIiPtgD5Ew	MPREb_hBlNGiPc96h	UCaX2FBQMB9NHFBOTVMF_wpQ	ym 2020s early mb albums p1
BMO is Beautiful	Hiatus Kaiyote	Love Heart Cheat Code	INDIFFERENT	b3ERfvMMiqs	MPREb_hBlNGiPc96h	UCaX2FBQMB9NHFBOTVMF_wpQ	ym 2020s early mb albums p1
Pueblo Man	Hermanos Gutiérrez	El Bueno Y El Malo	INDIFFERENT	NY9EPkR61k0	MPREb_OPPSu33KNKL	UC80iwcArxltADbfXSS9oGCQ	ym 2020s early mb albums p1
Los Chicos Tristes	Hermanos Gutiérrez	El Bueno Y El Malo	INDIFFERENT	UZVQlR5j8nw	MPREb_OPPSu33KNKL	UC80iwcArxltADbfXSS9oGCQ	ym 2020s early mb albums p1
Cielo Grande	Hermanos Gutiérrez	El Bueno Y El Malo	INDIFFERENT	K3eGOsrsAXc	MPREb_OPPSu33KNKL	UC80iwcArxltADbfXSS9oGCQ	ym 2020s early mb albums p1
Under a Rock	Helvetia	You Shot Past the Moon Scapegoat	INDIFFERENT	CpVTAaFth80	MPREb_cRfjDlbKJqs	UC-3A6GVHy_a7gZievQlfCxQ	ym 2020s early mb albums p1
The Morning Shift	Helvetia	You Shot Past the Moon Scapegoat	INDIFFERENT	5AavjeIrgvE	MPREb_cRfjDlbKJqs	UC-3A6GVHy_a7gZievQlfCxQ	ym 2020s early mb albums p1
Pullover	Helvetia	You Shot Past the Moon Scapegoat	INDIFFERENT	rrQnJm4542k	MPREb_cRfjDlbKJqs	UC-3A6GVHy_a7gZievQlfCxQ	ym 2020s early mb albums p1
Mind Trap	Helvetia	You Shot Past the Moon Scapegoat	INDIFFERENT	FaQz9loAlUE	MPREb_cRfjDlbKJqs	UC-3A6GVHy_a7gZievQlfCxQ	ym 2020s early mb albums p1
Match of the Fall	Helvetia	You Shot Past the Moon Scapegoat	INDIFFERENT	FVfKwLg1R_4	MPREb_cRfjDlbKJqs	UC-3A6GVHy_a7gZievQlfCxQ	ym 2020s early mb albums p1
It's in Me	Helvetia	You Shot Past the Moon Scapegoat	INDIFFERENT	uvdKBAgR7nw	MPREb_cRfjDlbKJqs	UC-3A6GVHy_a7gZievQlfCxQ	ym 2020s early mb albums p1
It's Frightening	Helvetia	You Shot Past the Moon Scapegoat	INDIFFERENT	XbgR1RTZaY4	MPREb_cRfjDlbKJqs	UC-3A6GVHy_a7gZievQlfCxQ	ym 2020s early mb albums p1
Hold Me Arrow	Helvetia	You Shot Past the Moon Scapegoat	INDIFFERENT	R1XbLXN5Bbc	MPREb_cRfjDlbKJqs	UC-3A6GVHy_a7gZievQlfCxQ	ym 2020s early mb albums p1
Hey Law	Helvetia	You Shot Past the Moon Scapegoat	INDIFFERENT	uUTSnkd71Sw	MPREb_cRfjDlbKJqs	UC-3A6GVHy_a7gZievQlfCxQ	ym 2020s early mb albums p1
Eunic	Helvetia	You Shot Past the Moon Scapegoat	INDIFFERENT	tBDmDTBFyKM	MPREb_cRfjDlbKJqs	UC-3A6GVHy_a7gZievQlfCxQ	ym 2020s early mb albums p1
Disease	Helvetia	You Shot Past the Moon Scapegoat	INDIFFERENT	3sUUfPry2FU	MPREb_cRfjDlbKJqs	UC-3A6GVHy_a7gZievQlfCxQ	ym 2020s early mb albums p1
Basil	Helvetia	You Shot Past the Moon Scapegoat	INDIFFERENT	tocqkCAiQ8I	MPREb_cRfjDlbKJqs	UC-3A6GVHy_a7gZievQlfCxQ	ym 2020s early mb albums p1
Apartment C	Helvetia	You Shot Past the Moon Scapegoat	INDIFFERENT	Yfo_dBCVJnE	MPREb_cRfjDlbKJqs	UC-3A6GVHy_a7gZievQlfCxQ	ym 2020s early mb albums p1
Wish You Could Be Here	Helado Negro	PHASOR	INDIFFERENT	22uSuIN2y8w	MPREb_YSPtKmzym6f	UCeksgbeXuzXfgGEqq9eErTg	ym 2020s early mb albums p1
Out There	Helado Negro	PHASOR	INDIFFERENT	tM9vsQFQS_I	MPREb_YSPtKmzym6f	UCeksgbeXuzXfgGEqq9eErTg	ym 2020s early mb albums p1
LFO (Lupe Finds Oliveros)	Helado Negro	PHASOR	INDIFFERENT	OZ7TjOBKBKA	MPREb_YSPtKmzym6f	UCeksgbeXuzXfgGEqq9eErTg	ym 2020s early mb albums p1
I Just Want To Wake Up With You	Helado Negro	PHASOR	INDIFFERENT	znb4p0vog4I	MPREb_YSPtKmzym6f	UCeksgbeXuzXfgGEqq9eErTg	ym 2020s early mb albums p1
Flores	Helado Negro	PHASOR	INDIFFERENT	H4c0dgzCnfU	MPREb_YSPtKmzym6f	UCeksgbeXuzXfgGEqq9eErTg	ym 2020s early mb albums p1
Es Una Fantasia	Helado Negro	PHASOR	INDIFFERENT	t-Qh0dj4KyI	MPREb_YSPtKmzym6f	UCeksgbeXuzXfgGEqq9eErTg	ym 2020s early mb albums p1
Echo Tricks Me	Helado Negro	PHASOR	INDIFFERENT	82fHIMqf4yY	MPREb_YSPtKmzym6f	UCeksgbeXuzXfgGEqq9eErTg	ym 2020s early mb albums p1
Colores Del Mar	Helado Negro	PHASOR	INDIFFERENT	tVg9qcPQSZg	MPREb_YSPtKmzym6f	UCeksgbeXuzXfgGEqq9eErTg	ym 2020s early mb albums p1
Best For You and Me	Helado Negro	PHASOR	INDIFFERENT	dd-8Wzq4CxQ	MPREb_YSPtKmzym6f	UCeksgbeXuzXfgGEqq9eErTg	ym 2020s early mb albums p1
Wind Conversations	Helado Negro	Far In	INDIFFERENT	vapAz90s2DA	MPREb_UzMEhfYmhCH	UCeksgbeXuzXfgGEqq9eErTg	ym 2020s early mb albums p1
Wake Up Tomorrow (feat. Kacy Hill)	Helado Negro	Far In	INDIFFERENT	qt-df4BtZvA	MPREb_UzMEhfYmhCH	UCeksgbeXuzXfgGEqq9eErTg	ym 2020s early mb albums p1
There Must Be a Song Like You	Helado Negro	Far In	INDIFFERENT	mV0wIJFnwgw	MPREb_UzMEhfYmhCH	UCeksgbeXuzXfgGEqq9eErTg	ym 2020s early mb albums p1
Thank You For Ever	Helado Negro	Far In	INDIFFERENT	MVDlxkMpbqQ	MPREb_UzMEhfYmhCH	UCeksgbeXuzXfgGEqq9eErTg	ym 2020s early mb albums p1
Telescope (feat. Benamin)	Helado Negro	Far In	INDIFFERENT	n1cZ7EUacec	MPREb_UzMEhfYmhCH	UCeksgbeXuzXfgGEqq9eErTg	ym 2020s early mb albums p1
Purple Tones	Helado Negro	Far In	INDIFFERENT	NlD9o3V4j7U	MPREb_UzMEhfYmhCH	UCeksgbeXuzXfgGEqq9eErTg	ym 2020s early mb albums p1
Outside the Outside	Helado Negro	Far In	INDIFFERENT	yP2wqquOzz4	MPREb_UzMEhfYmhCH	UCeksgbeXuzXfgGEqq9eErTg	ym 2020s early mb albums p1
Mirror Talk	Helado Negro	Far In	INDIFFERENT	COX8e4BqcjQ	MPREb_UzMEhfYmhCH	UCeksgbeXuzXfgGEqq9eErTg	ym 2020s early mb albums p1
La Naranja	Helado Negro	Far In	INDIFFERENT	c0HneE6y-7g	MPREb_UzMEhfYmhCH	UCeksgbeXuzXfgGEqq9eErTg	ym 2020s early mb albums p1
Gemini and Leo	Helado Negro	Far In	INDIFFERENT	f6ilBAAbKvc	MPREb_UzMEhfYmhCH	UCeksgbeXuzXfgGEqq9eErTg	ym 2020s early mb albums p1
Brown Fluorescence	Helado Negro	Far In	INDIFFERENT	c3t15qJwFJs	MPREb_UzMEhfYmhCH	UCeksgbeXuzXfgGEqq9eErTg	ym 2020s early mb albums p1
Aureole	Helado Negro	Far In	INDIFFERENT	Xs_2esgf6e4	MPREb_UzMEhfYmhCH	UCeksgbeXuzXfgGEqq9eErTg	ym 2020s early mb albums p1
Aguas Frías	Helado Negro	Far In	INDIFFERENT	jkmHYnAO_ms	MPREb_UzMEhfYmhCH	UCeksgbeXuzXfgGEqq9eErTg	ym 2020s early mb albums p1
Agosto (feat. Buscabulla)	Helado Negro	Far In	INDIFFERENT	yx03xpRGOeY	MPREb_UzMEhfYmhCH	UCeksgbeXuzXfgGEqq9eErTg	ym 2020s early mb albums p1
Urbani	Heilung	Drif	INDIFFERENT	5t1uvlPMDOc	MPREb_hDAUOwHOB6r	UCFNxG4_kXlI7BvjNvVL_hVA	ym 2020s early mb albums p1
Tenet	Heilung	Drif	INDIFFERENT	hPjByO34PBg	MPREb_hDAUOwHOB6r	UCFNxG4_kXlI7BvjNvVL_hVA	ym 2020s early mb albums p1
Nikkal	Heilung	Drif	INDIFFERENT	v_ToqD5o__g	MPREb_hDAUOwHOB6r	UCFNxG4_kXlI7BvjNvVL_hVA	ym 2020s early mb albums p1
Nesso	Heilung	Drif	INDIFFERENT	ZbunCBgKOqE	MPREb_hDAUOwHOB6r	UCFNxG4_kXlI7BvjNvVL_hVA	ym 2020s early mb albums p1
Marduk	Heilung	Drif	INDIFFERENT	vgcPDEtRDO4	MPREb_hDAUOwHOB6r	UCFNxG4_kXlI7BvjNvVL_hVA	ym 2020s early mb albums p1
Keltentrauer	Heilung	Drif	INDIFFERENT	0_WO9vJNTDc	MPREb_hDAUOwHOB6r	UCFNxG4_kXlI7BvjNvVL_hVA	ym 2020s early mb albums p1
Buslas Bann	Heilung	Drif	INDIFFERENT	Av6RP9s7ao8	MPREb_hDAUOwHOB6r	UCFNxG4_kXlI7BvjNvVL_hVA	ym 2020s early mb albums p1
Asja	Heilung	Drif	INDIFFERENT	7zi7aRGSAnA	MPREb_hDAUOwHOB6r	UCFNxG4_kXlI7BvjNvVL_hVA	ym 2020s early mb albums p1
Anoana	Heilung	Drif	INDIFFERENT	FILR9-i54cg	MPREb_hDAUOwHOB6r	UCFNxG4_kXlI7BvjNvVL_hVA	ym 2020s early mb albums p1
Work Me	Heavee	Unleash	INDIFFERENT	fOi_76Khje8	MPREb_Cyp1xGTYEZS	UCOE8xJHmceVMMxI-z2jhQIQ	ym 2020s early mb albums p1
Whiplash	Heavee	Unleash	INDIFFERENT	aks4pIZMiXk	MPREb_Cyp1xGTYEZS	UCOE8xJHmceVMMxI-z2jhQIQ	ym 2020s early mb albums p1
Unlock	Heavee	Unleash	INDIFFERENT	l4kXkPBwYpQ	MPREb_Cyp1xGTYEZS	UCOE8xJHmceVMMxI-z2jhQIQ	ym 2020s early mb albums p1
Unleash	Heavee	Unleash	INDIFFERENT	GgtnMenons4	MPREb_Cyp1xGTYEZS	UCOE8xJHmceVMMxI-z2jhQIQ	ym 2020s early mb albums p1
Sumthin Different	Heavee	Unleash	INDIFFERENT	AtlFKSv39Ws	MPREb_Cyp1xGTYEZS	UCOE8xJHmceVMMxI-z2jhQIQ	ym 2020s early mb albums p1
StarSeeker	Heavee	Unleash	INDIFFERENT	78cguILqzMI	MPREb_Cyp1xGTYEZS	UCOE8xJHmceVMMxI-z2jhQIQ	ym 2020s early mb albums p1
Smoke Break (feat. HomeSick & Takuya Nakamura)	Heavee	Unleash	INDIFFERENT	avfTldXax98	MPREb_Cyp1xGTYEZS	UCOE8xJHmceVMMxI-z2jhQIQ	ym 2020s early mb albums p1
See the Sun	Heavee	Unleash	INDIFFERENT	zq8dlBKJai0	MPREb_Cyp1xGTYEZS	UCOE8xJHmceVMMxI-z2jhQIQ	ym 2020s early mb albums p1
SearchN 4 (feat. BABii)	Heavee	Unleash	INDIFFERENT	nSxp9aGMm4A	MPREb_Cyp1xGTYEZS	UCOE8xJHmceVMMxI-z2jhQIQ	ym 2020s early mb albums p1
Make it Work	Heavee	Unleash	INDIFFERENT	M97o79yBm8A	MPREb_Cyp1xGTYEZS	UCOE8xJHmceVMMxI-z2jhQIQ	ym 2020s early mb albums p1
Heart Fragments	Heavee	Unleash	INDIFFERENT	WKGpMLY81hc	MPREb_Cyp1xGTYEZS	UCOE8xJHmceVMMxI-z2jhQIQ	ym 2020s early mb albums p1
Can U Feel It	Heavee	Unleash	INDIFFERENT	A7Pny0yZ9fM	MPREb_Cyp1xGTYEZS	UCOE8xJHmceVMMxI-z2jhQIQ	ym 2020s early mb albums p1
Bounce Dat (feat. DJ Paypal & DanTOG)	Heavee	Unleash	INDIFFERENT	lkEgRya7jds	MPREb_Cyp1xGTYEZS	UCOE8xJHmceVMMxI-z2jhQIQ	ym 2020s early mb albums p1
Bang Bang	Heavee	Unleash	INDIFFERENT	6og0ggWuQR4	MPREb_Cyp1xGTYEZS	UCOE8xJHmceVMMxI-z2jhQIQ	ym 2020s early mb albums p1
Twin	Hatchie	Giving The World Away	INDIFFERENT	P5F7HhKoaa8	MPREb_Qy2gA9e5a9f	UCVu_654_96W1kw8DC7MZiyA	ym 2020s early mb albums p1
Til We Run Out Of Air	Hatchie	Giving The World Away	INDIFFERENT	2h05rRPB19M	MPREb_Qy2gA9e5a9f	UCVu_654_96W1kw8DC7MZiyA	ym 2020s early mb albums p1
This Enchanted	Hatchie	Giving The World Away	INDIFFERENT	iB6Q1Rrce1g	MPREb_Qy2gA9e5a9f	UCVu_654_96W1kw8DC7MZiyA	ym 2020s early mb albums p1
Thinking Of	Hatchie	Giving The World Away	INDIFFERENT	2CfMZr3zMtw	MPREb_Qy2gA9e5a9f	UCVu_654_96W1kw8DC7MZiyA	ym 2020s early mb albums p1
The Rhythm	Hatchie	Giving The World Away	INDIFFERENT	UX7gvUAscnw	MPREb_Qy2gA9e5a9f	UCVu_654_96W1kw8DC7MZiyA	ym 2020s early mb albums p1
The Key	Hatchie	Giving The World Away	INDIFFERENT	3NE5zOsVnbc	MPREb_Qy2gA9e5a9f	UCVu_654_96W1kw8DC7MZiyA	ym 2020s early mb albums p1
Take My Hand	Hatchie	Giving The World Away	INDIFFERENT	vbPtxeCqJAE	MPREb_Qy2gA9e5a9f	UCVu_654_96W1kw8DC7MZiyA	ym 2020s early mb albums p1
Sunday Song	Hatchie	Giving The World Away	INDIFFERENT	b3ssjGJGy78	MPREb_Qy2gA9e5a9f	UCVu_654_96W1kw8DC7MZiyA	ym 2020s early mb albums p1
Quicksand	Hatchie	Giving The World Away	INDIFFERENT	hVVNUSr1PPU	MPREb_Qy2gA9e5a9f	UCVu_654_96W1kw8DC7MZiyA	ym 2020s early mb albums p1
Lights On	Hatchie	Giving The World Away	INDIFFERENT	EFR2wZvE4TI	MPREb_Qy2gA9e5a9f	UCVu_654_96W1kw8DC7MZiyA	ym 2020s early mb albums p1
Giving The World Away	Hatchie	Giving The World Away	INDIFFERENT	1aL7UcmOoeo	MPREb_Qy2gA9e5a9f	UCVu_654_96W1kw8DC7MZiyA	ym 2020s early mb albums p1
Don't Leave Me In The Rain	Hatchie	Giving The World Away	INDIFFERENT	mQac2iXoBOE	MPREb_Qy2gA9e5a9f	UCVu_654_96W1kw8DC7MZiyA	ym 2020s early mb albums p1
Visions of Chani 	Hans Zimmer	Dune (Original Motion Picture Soundtrack)	INDIFFERENT	cyetX7QZWcw	MPREb_kpQzTGLELYP	UCfCNL5oajlQBAlyjWv1ChVw	ym 2020s early mb albums p1
The One 	Hans Zimmer	Dune (Original Motion Picture Soundtrack)	INDIFFERENT	LqS6jlXEOO0	MPREb_kpQzTGLELYP	UCfCNL5oajlQBAlyjWv1ChVw	ym 2020s early mb albums p1
The Fall 	Hans Zimmer	Dune (Original Motion Picture Soundtrack)	INDIFFERENT	CVUH6_ITUb8	MPREb_kpQzTGLELYP	UCfCNL5oajlQBAlyjWv1ChVw	ym 2020s early mb albums p1
Stranded 	Hans Zimmer	Dune (Original Motion Picture Soundtrack)	INDIFFERENT	AoYWGmmLp3w	MPREb_kpQzTGLELYP	UCfCNL5oajlQBAlyjWv1ChVw	ym 2020s early mb albums p1
Stillsuits 	Hans Zimmer	Dune (Original Motion Picture Soundtrack)	INDIFFERENT	TNTtfpUTkBQ	MPREb_kpQzTGLELYP	UCfCNL5oajlQBAlyjWv1ChVw	ym 2020s early mb albums p1
Sandstorm 	Hans Zimmer	Dune (Original Motion Picture Soundtrack)	INDIFFERENT	tZobrLGWD7U	MPREb_kpQzTGLELYP	UCfCNL5oajlQBAlyjWv1ChVw	ym 2020s early mb albums p1
Sanctuary 	Hans Zimmer	Dune (Original Motion Picture Soundtrack)	INDIFFERENT	9RPATOg0_R8	MPREb_kpQzTGLELYP	UCfCNL5oajlQBAlyjWv1ChVw	ym 2020s early mb albums p1
Premonition 	Hans Zimmer	Dune (Original Motion Picture Soundtrack)	INDIFFERENT	2NSO-ySqyZ0	MPREb_kpQzTGLELYP	UCfCNL5oajlQBAlyjWv1ChVw	ym 2020s early mb albums p1
Ornithopter 	Hans Zimmer	Dune (Original Motion Picture Soundtrack)	INDIFFERENT	Eczzu6zWnfM	MPREb_kpQzTGLELYP	UCfCNL5oajlQBAlyjWv1ChVw	ym 2020s early mb albums p1
Night on Arrakis 	Hans Zimmer	Dune (Original Motion Picture Soundtrack)	INDIFFERENT	QeYA-3RGgUg	MPREb_kpQzTGLELYP	UCfCNL5oajlQBAlyjWv1ChVw	ym 2020s early mb albums p1
Leaving Caladan 	Hans Zimmer	Dune (Original Motion Picture Soundtrack)	INDIFFERENT	z_ip4GUa5qg	MPREb_kpQzTGLELYP	UCfCNL5oajlQBAlyjWv1ChVw	ym 2020s early mb albums p1
Holy War 	Hans Zimmer	Dune (Original Motion Picture Soundtrack)	INDIFFERENT	rlSkALaAaaM	MPREb_kpQzTGLELYP	UCfCNL5oajlQBAlyjWv1ChVw	ym 2020s early mb albums p1
Herald of the Change 	Hans Zimmer	Dune (Original Motion Picture Soundtrack)	INDIFFERENT	MkJ6IegZaIM	MPREb_kpQzTGLELYP	UCfCNL5oajlQBAlyjWv1ChVw	ym 2020s early mb albums p1
Gom Jabbar 	Hans Zimmer	Dune (Original Motion Picture Soundtrack)	INDIFFERENT	nE9ByFzkRdE	MPREb_kpQzTGLELYP	UCfCNL5oajlQBAlyjWv1ChVw	ym 2020s early mb albums p1
Dream of Arrakis 	Hans Zimmer	Dune (Original Motion Picture Soundtrack)	INDIFFERENT	M-bWFbJlwXk	MPREb_kpQzTGLELYP	UCfCNL5oajlQBAlyjWv1ChVw	ym 2020s early mb albums p1
Burning Palms 	Hans Zimmer	Dune (Original Motion Picture Soundtrack)	INDIFFERENT	yngMcA9rg4M	MPREb_kpQzTGLELYP	UCfCNL5oajlQBAlyjWv1ChVw	ym 2020s early mb albums p1
Blood for Blood 	Hans Zimmer	Dune (Original Motion Picture Soundtrack)	INDIFFERENT	dl8f4JjjyLc	MPREb_kpQzTGLELYP	UCfCNL5oajlQBAlyjWv1ChVw	ym 2020s early mb albums p1
Bene Gesserit 	Hans Zimmer	Dune (Original Motion Picture Soundtrack)	INDIFFERENT	SqL6lAHzqII	MPREb_kpQzTGLELYP	UCfCNL5oajlQBAlyjWv1ChVw	ym 2020s early mb albums p1
Arrakeen 	Hans Zimmer	Dune (Original Motion Picture Soundtrack)	INDIFFERENT	8whyQpwdIVg	MPREb_kpQzTGLELYP	UCfCNL5oajlQBAlyjWv1ChVw	ym 2020s early mb albums p1
Armada 	Hans Zimmer	Dune (Original Motion Picture Soundtrack)	INDIFFERENT	K5cToSNtero	MPREb_kpQzTGLELYP	UCfCNL5oajlQBAlyjWv1ChVw	ym 2020s early mb albums p1
Time	Hania Rani	On Giacometti	INDIFFERENT	pLUo1_Xsjrg	MPREb_qwyDiD7asAi	UCkBoNlyN9hWbq6uO_CqGeIg	ym 2020s early mb albums p1
Struggle	Hania Rani	On Giacometti	INDIFFERENT	KH8PE5hRZI0	MPREb_qwyDiD7asAi	UCkBoNlyN9hWbq6uO_CqGeIg	ym 2020s early mb albums p1
Mountains	Hania Rani	On Giacometti	INDIFFERENT	oIrVY8LSC9A	MPREb_qwyDiD7asAi	UCkBoNlyN9hWbq6uO_CqGeIg	ym 2020s early mb albums p1
Knots	Hania Rani	On Giacometti	INDIFFERENT	yKLh-PJuLxY	MPREb_qwyDiD7asAi	UCkBoNlyN9hWbq6uO_CqGeIg	ym 2020s early mb albums p1
In Between	Hania Rani	On Giacometti	INDIFFERENT	FpAbLbrE3lM	MPREb_qwyDiD7asAi	UCkBoNlyN9hWbq6uO_CqGeIg	ym 2020s early mb albums p1
Annette	Hania Rani	On Giacometti	INDIFFERENT	P5_rMKdqcL4	MPREb_qwyDiD7asAi	UCkBoNlyN9hWbq6uO_CqGeIg	ym 2020s early mb albums p1
Allegra	Hania Rani	On Giacometti	INDIFFERENT	8D5RzjGctBQ	MPREb_qwyDiD7asAi	UCkBoNlyN9hWbq6uO_CqGeIg	ym 2020s early mb albums p1
Oltre Terra	Hania Rani	Ghosts	INDIFFERENT	0rIDMQ8_pqI	MPREb_ty072Lcz78q	UCkBoNlyN9hWbq6uO_CqGeIg	ym 2020s early mb albums p1
Hello	Hania Rani	Ghosts	INDIFFERENT	19Ow92wdMAg	MPREb_ty072Lcz78q	UCkBoNlyN9hWbq6uO_CqGeIg	ym 2020s early mb albums p1
Don't Break My Heart (feat. Duncan Bellamy)	Hania Rani	Ghosts	INDIFFERENT	6a0YpzaMqB4	MPREb_ty072Lcz78q	UCkBoNlyN9hWbq6uO_CqGeIg	ym 2020s early mb albums p1
honey	Halsey	If I Can’t Have Love, I Want Power	INDIFFERENT	yoITzL92kfE	MPREb_o4ObYWHvjpa	UC3BBS0-pODIeS8QGX_qtrCg	ym 2020s early mb albums p1
You asked for this	Halsey	If I Can’t Have Love, I Want Power	INDIFFERENT	vnp7migvw38	MPREb_o4ObYWHvjpa	UC3BBS0-pODIeS8QGX_qtrCg	ym 2020s early mb albums p1
Ya'aburnee	Halsey	If I Can’t Have Love, I Want Power	INDIFFERENT	5NhB9ZNAbx4	MPREb_o4ObYWHvjpa	UC3BBS0-pODIeS8QGX_qtrCg	ym 2020s early mb albums p1
Whispers	Halsey	If I Can’t Have Love, I Want Power	INDIFFERENT	OI6x_BX8-sM	MPREb_o4ObYWHvjpa	UC3BBS0-pODIeS8QGX_qtrCg	ym 2020s early mb albums p1
The Tradition	Halsey	If I Can’t Have Love, I Want Power	INDIFFERENT	lsmuW01m0AE	MPREb_o4ObYWHvjpa	UC3BBS0-pODIeS8QGX_qtrCg	ym 2020s early mb albums p1
The Lighthouse	Halsey	If I Can’t Have Love, I Want Power	INDIFFERENT	QUrjLW_bcVM	MPREb_o4ObYWHvjpa	UC3BBS0-pODIeS8QGX_qtrCg	ym 2020s early mb albums p1
Lilith	Halsey	If I Can’t Have Love, I Want Power	INDIFFERENT	7q-cSgDax3Q	MPREb_o4ObYWHvjpa	UC3BBS0-pODIeS8QGX_qtrCg	ym 2020s early mb albums p1
I am not a woman, I'm a god	Halsey	If I Can’t Have Love, I Want Power	INDIFFERENT	xeG68SY72cg	MPREb_o4ObYWHvjpa	UC3BBS0-pODIeS8QGX_qtrCg	ym 2020s early mb albums p1
Girl is a Gun	Halsey	If I Can’t Have Love, I Want Power	INDIFFERENT	kPHgeLFzTow	MPREb_o4ObYWHvjpa	UC3BBS0-pODIeS8QGX_qtrCg	ym 2020s early mb albums p1
Easier than Lying	Halsey	If I Can’t Have Love, I Want Power	INDIFFERENT	2qGLrWIn4WQ	MPREb_o4ObYWHvjpa	UC3BBS0-pODIeS8QGX_qtrCg	ym 2020s early mb albums p1
Darling	Halsey	If I Can’t Have Love, I Want Power	INDIFFERENT	2sOsbnnnBU8	MPREb_o4ObYWHvjpa	UC3BBS0-pODIeS8QGX_qtrCg	ym 2020s early mb albums p1
Bells in Santa Fe	Halsey	If I Can’t Have Love, I Want Power	INDIFFERENT	qB2rNQC4KIQ	MPREb_o4ObYWHvjpa	UC3BBS0-pODIeS8QGX_qtrCg	ym 2020s early mb albums p1
1121	Halsey	If I Can’t Have Love, I Want Power	INDIFFERENT	mzoKHhxgdKA	MPREb_o4ObYWHvjpa	UC3BBS0-pODIeS8QGX_qtrCg	ym 2020s early mb albums p1
Sonores	Hainbach	Breve	INDIFFERENT	bTLzqPci48E	MPREb_OhTpb7gkzc3	UCxPVUjkrl_9sP2wAz8j5Rjg	ym 2020s early mb albums p1
Paris-Berlin	Hainbach	Breve	INDIFFERENT	vnyVadGEyrI	MPREb_OhTpb7gkzc3	UCxPVUjkrl_9sP2wAz8j5Rjg	ym 2020s early mb albums p1
Moonfall	Hainbach	Breve	INDIFFERENT	pRS3Rn6dfmo	MPREb_OhTpb7gkzc3	UCxPVUjkrl_9sP2wAz8j5Rjg	ym 2020s early mb albums p1
Lifted	Hainbach	Breve	INDIFFERENT	yyVxQnJT9Fc	MPREb_OhTpb7gkzc3	UCxPVUjkrl_9sP2wAz8j5Rjg	ym 2020s early mb albums p1
Giving Thanks	Hainbach	Breve	INDIFFERENT	F0-at45h5dM	MPREb_OhTpb7gkzc3	UCxPVUjkrl_9sP2wAz8j5Rjg	ym 2020s early mb albums p1
Flutterings	Hainbach	Breve	INDIFFERENT	YZRiLpVxLEU	MPREb_OhTpb7gkzc3	UCxPVUjkrl_9sP2wAz8j5Rjg	ym 2020s early mb albums p1
Encore Elektrik	Hainbach	Breve	INDIFFERENT	GzOvxaLLWJM	MPREb_OhTpb7gkzc3	UCxPVUjkrl_9sP2wAz8j5Rjg	ym 2020s early mb albums p1
Embrace Before We Forget	Hainbach	Breve	INDIFFERENT	TeJhr_OrJM8	MPREb_OhTpb7gkzc3	UCxPVUjkrl_9sP2wAz8j5Rjg	ym 2020s early mb albums p1
Brushstrokes	Hainbach	Breve	INDIFFERENT	ay-JwLpAWz4	MPREb_OhTpb7gkzc3	UCxPVUjkrl_9sP2wAz8j5Rjg	ym 2020s early mb albums p1
Breve	Hainbach	Breve	INDIFFERENT	fnsW0aP1AXY	MPREb_OhTpb7gkzc3	UCxPVUjkrl_9sP2wAz8j5Rjg	ym 2020s early mb albums p1
UNLOVED	HEALTH	RAT WARS	INDIFFERENT	kOjsUkue8LU	MPREb_zlRybmLt6Rx	UCFhh9HNNzEpJ6rmJf9oiLJA	ym 2020s early mb albums p1
SICKO (feat. Godflesh)	HEALTH	RAT WARS	INDIFFERENT	db0H4jSB31c	MPREb_zlRybmLt6Rx	UCFhh9HNNzEpJ6rmJf9oiLJA	ym 2020s early mb albums p1
HATEFUL (feat. SIERRA VEINS)	HEALTH	RAT WARS	INDIFFERENT	c2T1dqYVqNU	MPREb_zlRybmLt6Rx	UCFhh9HNNzEpJ6rmJf9oiLJA	ym 2020s early mb albums p1
FUTURE OF HELL	HEALTH	RAT WARS	INDIFFERENT	hDgvdJ2vvg8	MPREb_zlRybmLt6Rx	UCFhh9HNNzEpJ6rmJf9oiLJA	ym 2020s early mb albums p1
DSM-V	HEALTH	RAT WARS	INDIFFERENT	uBYaIS-sUb8	MPREb_zlRybmLt6Rx	UCFhh9HNNzEpJ6rmJf9oiLJA	ym 2020s early mb albums p1
DON'T TRY	HEALTH	RAT WARS	INDIFFERENT	dntBtV4dLvw	MPREb_zlRybmLt6Rx	UCFhh9HNNzEpJ6rmJf9oiLJA	ym 2020s early mb albums p1
DEMIGODS	HEALTH	RAT WARS	INDIFFERENT	X4alvBwGrcw	MPREb_zlRybmLt6Rx	UCFhh9HNNzEpJ6rmJf9oiLJA	ym 2020s early mb albums p1
CRACK METAL	HEALTH	RAT WARS	INDIFFERENT	-c2kvta0qDU	MPREb_zlRybmLt6Rx	UCFhh9HNNzEpJ6rmJf9oiLJA	ym 2020s early mb albums p1
CHILDREN OF SORROW	HEALTH	RAT WARS	INDIFFERENT	qsMZUQlh0LY	MPREb_zlRybmLt6Rx	UCFhh9HNNzEpJ6rmJf9oiLJA	ym 2020s early mb albums p1
ASHAMED	HEALTH	RAT WARS	INDIFFERENT	47T5BT1TBMM	MPREb_zlRybmLt6Rx	UCFhh9HNNzEpJ6rmJf9oiLJA	ym 2020s early mb albums p1
(OF BEING BORN)	HEALTH	RAT WARS	INDIFFERENT	aDG8ACZRSHA	MPREb_zlRybmLt6Rx	UCFhh9HNNzEpJ6rmJf9oiLJA	ym 2020s early mb albums p1
(OF ALL ELSE)	HEALTH	RAT WARS	INDIFFERENT	SmevqaGBUwc	MPREb_zlRybmLt6Rx	UCFhh9HNNzEpJ6rmJf9oiLJA	ym 2020s early mb albums p1
Up From A Dream	HAIM	Women In Music Pt. III	INDIFFERENT	qJVs1YuBZdo	MPREb_Tq6tLnhLirT	UCxUTLbpwMNwO6g8kx-BHdQg	ym 2020s early mb albums p1
The Steps	HAIM	Women In Music Pt. III	INDIFFERENT	f919ORjoSCA	MPREb_Tq6tLnhLirT	UCxUTLbpwMNwO6g8kx-BHdQg	ym 2020s early mb albums p1
Summer Girl (Bonus Track)	HAIM	Women In Music Pt. III	INDIFFERENT	vBclFcXBC1A	MPREb_Tq6tLnhLirT	UCxUTLbpwMNwO6g8kx-BHdQg	ym 2020s early mb albums p1
Now I'm In It (Bonus Track)	HAIM	Women In Music Pt. III	INDIFFERENT	fC42iIHPuao	MPREb_Tq6tLnhLirT	UCxUTLbpwMNwO6g8kx-BHdQg	ym 2020s early mb albums p1
Man from the Magazine	HAIM	Women In Music Pt. III	INDIFFERENT	LxG0MwWoUCs	MPREb_Tq6tLnhLirT	UCxUTLbpwMNwO6g8kx-BHdQg	ym 2020s early mb albums p1
Leaning On You	HAIM	Women In Music Pt. III	INDIFFERENT	QSlSo9hDqEY	MPREb_Tq6tLnhLirT	UCxUTLbpwMNwO6g8kx-BHdQg	ym 2020s early mb albums p1
I've Been Down	HAIM	Women In Music Pt. III	INDIFFERENT	Dxrs9SZHblA	MPREb_Tq6tLnhLirT	UCxUTLbpwMNwO6g8kx-BHdQg	ym 2020s early mb albums p1
I Know Alone	HAIM	Women In Music Pt. III	INDIFFERENT	Oaoy815HVWc	MPREb_Tq6tLnhLirT	UCxUTLbpwMNwO6g8kx-BHdQg	ym 2020s early mb albums p1
Gasoline	HAIM	Women In Music Pt. III	INDIFFERENT	q4IunEzLm-k	MPREb_Tq6tLnhLirT	UCxUTLbpwMNwO6g8kx-BHdQg	ym 2020s early mb albums p1
Gasoline	HAIM	Women In Music Pt. III	INDIFFERENT	o6cZ7CMKtKE	MPREb_Tq6tLnhLirT	UCxUTLbpwMNwO6g8kx-BHdQg	ym 2020s early mb albums p1
FUBT	HAIM	Women In Music Pt. III	INDIFFERENT	yvbaZTUonw8	MPREb_Tq6tLnhLirT	UCxUTLbpwMNwO6g8kx-BHdQg	ym 2020s early mb albums p1
Don't Wanna	HAIM	Women In Music Pt. III	INDIFFERENT	nfEre_vCb0o	MPREb_Tq6tLnhLirT	UCxUTLbpwMNwO6g8kx-BHdQg	ym 2020s early mb albums p1
All That Ever Mattered	HAIM	Women In Music Pt. III	INDIFFERENT	cMQzl7STVJ4	MPREb_Tq6tLnhLirT	UCxUTLbpwMNwO6g8kx-BHdQg	ym 2020s early mb albums p1
Unclean mind	Grouper	Shade	INDIFFERENT	RQRTY7CzaPI	MPREb_AFIYT8aX1cb	UCxdqU4_Mit1HOXesHvs3g3Q	ym 2020s early mb albums p1
The way her hair falls	Grouper	Shade	INDIFFERENT	GANKx7XQWbg	MPREb_AFIYT8aX1cb	UCxdqU4_Mit1HOXesHvs3g3Q	ym 2020s early mb albums p1
Promise	Grouper	Shade	INDIFFERENT	D1Uy6MNjwq0	MPREb_AFIYT8aX1cb	UCxdqU4_Mit1HOXesHvs3g3Q	ym 2020s early mb albums p1
Pale Interior	Grouper	Shade	INDIFFERENT	Z_fu_-ztb-E	MPREb_AFIYT8aX1cb	UCxdqU4_Mit1HOXesHvs3g3Q	ym 2020s early mb albums p1
Ode to the blue	Grouper	Shade	INDIFFERENT	1D19Tjd0D7c	MPREb_AFIYT8aX1cb	UCxdqU4_Mit1HOXesHvs3g3Q	ym 2020s early mb albums p1
Kelso (Blue sky)	Grouper	Shade	INDIFFERENT	i5SU9NpMzi4	MPREb_AFIYT8aX1cb	UCxdqU4_Mit1HOXesHvs3g3Q	ym 2020s early mb albums p1
Followed the ocean	Grouper	Shade	INDIFFERENT	l8US6dzEgtQ	MPREb_AFIYT8aX1cb	UCxdqU4_Mit1HOXesHvs3g3Q	ym 2020s early mb albums p1
Disordered Minds	Grouper	Shade	INDIFFERENT	UxlndlDyK4I	MPREb_AFIYT8aX1cb	UCxdqU4_Mit1HOXesHvs3g3Q	ym 2020s early mb albums p1
Basement Mix	Grouper	Shade	INDIFFERENT	Jbsl7HBPyh0	MPREb_AFIYT8aX1cb	UCxdqU4_Mit1HOXesHvs3g3Q	ym 2020s early mb albums p1
You'll miss me when I'm not around	Grimes	Miss Anthropocene	INDIFFERENT	AjLunSai7Z0	MPREb_FMCIj6Eig1E	UCzVh-F-RZdTHGV3S1o4KBWQ	ym 2020s early mb albums p1
New Gods	Grimes	Miss Anthropocene	INDIFFERENT	JMNnAAmCbcg	MPREb_FMCIj6Eig1E	UCzVh-F-RZdTHGV3S1o4KBWQ	ym 2020s early mb albums p1
Delete Forever	Grimes	Miss Anthropocene	INDIFFERENT	OHjIOMvcYws	MPREb_FMCIj6Eig1E	UCzVh-F-RZdTHGV3S1o4KBWQ	ym 2020s early mb albums p1
Before the Fever	Grimes	Miss Anthropocene	INDIFFERENT	DZbyt15HuKM	MPREb_FMCIj6Eig1E	UCzVh-F-RZdTHGV3S1o4KBWQ	ym 2020s early mb albums p1
4ÆM	Grimes	Miss Anthropocene	INDIFFERENT	AgKJdvcEZAo	MPREb_FMCIj6Eig1E	UCzVh-F-RZdTHGV3S1o4KBWQ	ym 2020s early mb albums p1
Season For Pain	Grian Chatten	Chaos For The Fly	INDIFFERENT	qUKDpENBGwE	MPREb_ubNWmZKkPSB	UCtyStxL4LFHxbGBOf2Iedvw	ym 2020s early mb albums p1
Salt Throwers off a Truck	Grian Chatten	Chaos For The Fly	INDIFFERENT	c4WxN7k8_Os	MPREb_ubNWmZKkPSB	UCtyStxL4LFHxbGBOf2Iedvw	ym 2020s early mb albums p1
I Am So Far	Grian Chatten	Chaos For The Fly	INDIFFERENT	C5IccDJ3RcQ	MPREb_ubNWmZKkPSB	UCtyStxL4LFHxbGBOf2Iedvw	ym 2020s early mb albums p1
Fairlies	Grian Chatten	Chaos For The Fly	INDIFFERENT	nLwsYq6pMMM	MPREb_ubNWmZKkPSB	UCtyStxL4LFHxbGBOf2Iedvw	ym 2020s early mb albums p1
East Coast Bed	Grian Chatten	Chaos For The Fly	INDIFFERENT	gz_s6D--Hmg	MPREb_ubNWmZKkPSB	UCtyStxL4LFHxbGBOf2Iedvw	ym 2020s early mb albums p1
All Of The People	Grian Chatten	Chaos For The Fly	INDIFFERENT	ubjmthMR84A	MPREb_ubNWmZKkPSB	UCtyStxL4LFHxbGBOf2Iedvw	ym 2020s early mb albums p1
You're So Cool	Grey Factor	1979-1980 A.D. - Complete Studio Recordings	INDIFFERENT	RfVbdVrQtis	MPREb_1CTT7xd03BR	UCGOMJ3Y_60VU354pltu2B6A	ym 2020s early mb albums p1
Shoot It Down	Grey Factor	1979-1980 A.D. - Complete Studio Recordings	INDIFFERENT	03FzwcqQXis	MPREb_1CTT7xd03BR	UCGOMJ3Y_60VU354pltu2B6A	ym 2020s early mb albums p1
No Emotion Needed	Grey Factor	1979-1980 A.D. - Complete Studio Recordings	INDIFFERENT	GP7cdqiWiPI	MPREb_1CTT7xd03BR	UCGOMJ3Y_60VU354pltu2B6A	ym 2020s early mb albums p1
Looking For The Hotel	Grey Factor	1979-1980 A.D. - Complete Studio Recordings	INDIFFERENT	sxixb7UXlCc	MPREb_1CTT7xd03BR	UCGOMJ3Y_60VU354pltu2B6A	ym 2020s early mb albums p1
Joyful Sounds	Grey Factor	1979-1980 A.D. - Complete Studio Recordings	INDIFFERENT	1h53UoNhYs0	MPREb_1CTT7xd03BR	UCGOMJ3Y_60VU354pltu2B6A	ym 2020s early mb albums p1
Inhibitions Run WIld	Grey Factor	1979-1980 A.D. - Complete Studio Recordings	INDIFFERENT	lu-SuJOnXQU	MPREb_1CTT7xd03BR	UCGOMJ3Y_60VU354pltu2B6A	ym 2020s early mb albums p1
Guerilla Warfare	Grey Factor	1979-1980 A.D. - Complete Studio Recordings	INDIFFERENT	FL2Ati11MlU	MPREb_1CTT7xd03BR	UCGOMJ3Y_60VU354pltu2B6A	ym 2020s early mb albums p1
All In A Day's Work	Grey Factor	1979-1980 A.D. - Complete Studio Recordings	INDIFFERENT	5wv9oSJhjTk	MPREb_1CTT7xd03BR	UCGOMJ3Y_60VU354pltu2B6A	ym 2020s early mb albums p1
Above The Gun	Grey Factor	1979-1980 A.D. - Complete Studio Recordings	INDIFFERENT	w5oVNPdY12I	MPREb_1CTT7xd03BR	UCGOMJ3Y_60VU354pltu2B6A	ym 2020s early mb albums p1
4 Hours In A Metal Box	Grey Factor	1979-1980 A.D. - Complete Studio Recordings	INDIFFERENT	n8Ag4X2Kb0I	MPREb_1CTT7xd03BR	UCGOMJ3Y_60VU354pltu2B6A	ym 2020s early mb albums p1
Suffer	Greentea Peng	MAN MADE	INDIFFERENT	lVSwmB8PDYw	MPREb_LGMDy2AoQvh	UCLi9BEXTwUeCdrp9Mt0Oxbg	ym 2020s early mb albums p1
Sinner	Greentea Peng	MAN MADE	INDIFFERENT	uWk6qskEcE0	MPREb_LGMDy2AoQvh	UCLi9BEXTwUeCdrp9Mt0Oxbg	ym 2020s early mb albums p1
Satta	Greentea Peng	MAN MADE	INDIFFERENT	QHZrvCK1REU	MPREb_LGMDy2AoQvh	UCLi9BEXTwUeCdrp9Mt0Oxbg	ym 2020s early mb albums p1
Poor Man Skit	Greentea Peng	MAN MADE	INDIFFERENT	9NCblc7zDBQ	MPREb_LGMDy2AoQvh	UCLi9BEXTwUeCdrp9Mt0Oxbg	ym 2020s early mb albums p1
Party Hard Interlude	Greentea Peng	MAN MADE	INDIFFERENT	1WX3JpcRF-4	MPREb_LGMDy2AoQvh	UCLi9BEXTwUeCdrp9Mt0Oxbg	ym 2020s early mb albums p1
Nah It Ain't The Same	Greentea Peng	MAN MADE	INDIFFERENT	aTnXEysn-Uc	MPREb_LGMDy2AoQvh	UCLi9BEXTwUeCdrp9Mt0Oxbg	ym 2020s early mb albums p1
Meditation	Greentea Peng	MAN MADE	INDIFFERENT	49VSXAlWDig	MPREb_LGMDy2AoQvh	UCLi9BEXTwUeCdrp9Mt0Oxbg	ym 2020s early mb albums p1
Maya	Greentea Peng	MAN MADE	INDIFFERENT	C3TLMSvG0bw	MPREb_LGMDy2AoQvh	UCLi9BEXTwUeCdrp9Mt0Oxbg	ym 2020s early mb albums p1
Mataji Freestyle	Greentea Peng	MAN MADE	INDIFFERENT	F__f7RDXeM8	MPREb_LGMDy2AoQvh	UCLi9BEXTwUeCdrp9Mt0Oxbg	ym 2020s early mb albums p1
Man Made	Greentea Peng	MAN MADE	INDIFFERENT	o0rAXnpfAUs	MPREb_LGMDy2AoQvh	UCLi9BEXTwUeCdrp9Mt0Oxbg	ym 2020s early mb albums p1
Kali V2	Greentea Peng	MAN MADE	INDIFFERENT	udFRN_VALI8	MPREb_LGMDy2AoQvh	UCLi9BEXTwUeCdrp9Mt0Oxbg	ym 2020s early mb albums p1
Jimtastic Blues	Greentea Peng	MAN MADE	INDIFFERENT	PYdOOEj9IsI	MPREb_LGMDy2AoQvh	UCLi9BEXTwUeCdrp9Mt0Oxbg	ym 2020s early mb albums p1
Free My People (feat. Simmy & Kid Cruise)	Greentea Peng	MAN MADE	INDIFFERENT	16niUOGj-ck	MPREb_LGMDy2AoQvh	UCLi9BEXTwUeCdrp9Mt0Oxbg	ym 2020s early mb albums p1
Earnest	Greentea Peng	MAN MADE	INDIFFERENT	iqDUJu80mbo	MPREb_LGMDy2AoQvh	UCLi9BEXTwUeCdrp9Mt0Oxbg	ym 2020s early mb albums p1
The American Dream Is Killing Me	Green Day	Saviors	INDIFFERENT	VGosaZKdPxc	MPREb_0Hk6T5Rg8WR	UC4JNeITH4P7G51C1hJoG6vQ	ym 2020s early mb albums p1
Suzie Chapstick	Green Day	Saviors	INDIFFERENT	nytCiAnpON8	MPREb_0Hk6T5Rg8WR	UC4JNeITH4P7G51C1hJoG6vQ	ym 2020s early mb albums p1
Strange Days Are Here to Stay	Green Day	Saviors	INDIFFERENT	1HcnkZYlrOI	MPREb_0Hk6T5Rg8WR	UC4JNeITH4P7G51C1hJoG6vQ	ym 2020s early mb albums p1
Saviors	Green Day	Saviors	INDIFFERENT	nbP2-3iOPq8	MPREb_0Hk6T5Rg8WR	UC4JNeITH4P7G51C1hJoG6vQ	ym 2020s early mb albums p1
One Eyed Bastard	Green Day	Saviors	INDIFFERENT	yMWyzneA324	MPREb_0Hk6T5Rg8WR	UC4JNeITH4P7G51C1hJoG6vQ	ym 2020s early mb albums p1
Look Ma, No Brains!	Green Day	Saviors	INDIFFERENT	vMAiF9-nVTo	MPREb_0Hk6T5Rg8WR	UC4JNeITH4P7G51C1hJoG6vQ	ym 2020s early mb albums p1
Living in the '20s	Green Day	Saviors	INDIFFERENT	DsKmlL_qeW4	MPREb_0Hk6T5Rg8WR	UC4JNeITH4P7G51C1hJoG6vQ	ym 2020s early mb albums p1
Goodnight Adeline	Green Day	Saviors	INDIFFERENT	LwSWwpdkiUQ	MPREb_0Hk6T5Rg8WR	UC4JNeITH4P7G51C1hJoG6vQ	ym 2020s early mb albums p1
Father to a Son	Green Day	Saviors	INDIFFERENT	WMuxmKM1nUk	MPREb_0Hk6T5Rg8WR	UC4JNeITH4P7G51C1hJoG6vQ	ym 2020s early mb albums p1
Fancy Sauce	Green Day	Saviors	INDIFFERENT	bO16BJWH3vs	MPREb_0Hk6T5Rg8WR	UC4JNeITH4P7G51C1hJoG6vQ	ym 2020s early mb albums p1
Dilemma	Green Day	Saviors	INDIFFERENT	K7YoZJTD14w	MPREb_0Hk6T5Rg8WR	UC4JNeITH4P7G51C1hJoG6vQ	ym 2020s early mb albums p1
Corvette Summer	Green Day	Saviors	INDIFFERENT	O6mHf3a8DQk	MPREb_0Hk6T5Rg8WR	UC4JNeITH4P7G51C1hJoG6vQ	ym 2020s early mb albums p1
Coma City	Green Day	Saviors	INDIFFERENT	Cfjmc2aEZEw	MPREb_0Hk6T5Rg8WR	UC4JNeITH4P7G51C1hJoG6vQ	ym 2020s early mb albums p1
Bobby Sox	Green Day	Saviors	INDIFFERENT	kFXU8A0bCck	MPREb_0Hk6T5Rg8WR	UC4JNeITH4P7G51C1hJoG6vQ	ym 2020s early mb albums p1
1981	Green Day	Saviors	INDIFFERENT	e0JmBHINSgA	MPREb_0Hk6T5Rg8WR	UC4JNeITH4P7G51C1hJoG6vQ	ym 2020s early mb albums p1
Viktor's Night Map	Grails	Anches En Maat	INDIFFERENT	_icYvddSrK0	MPREb_sN34kJr9Ab8	UCTgIfqgrvh5A5g9o0Dlx7eA	ym 2020s early mb albums p1
Sisters of Bilitis	Grails	Anches En Maat	INDIFFERENT	Pn8ZEg2je48	MPREb_sN34kJr9Ab8	UCTgIfqgrvh5A5g9o0Dlx7eA	ym 2020s early mb albums p1
Sad & Illegal	Grails	Anches En Maat	INDIFFERENT	_ttARholNgM	MPREb_sN34kJr9Ab8	UCTgIfqgrvh5A5g9o0Dlx7eA	ym 2020s early mb albums p1
Pool of Gems	Grails	Anches En Maat	INDIFFERENT	GKN-iDEtR74	MPREb_sN34kJr9Ab8	UCTgIfqgrvh5A5g9o0Dlx7eA	ym 2020s early mb albums p1
Evening Song	Grails	Anches En Maat	INDIFFERENT	W7ZieNTjqJw	MPREb_sN34kJr9Ab8	UCTgIfqgrvh5A5g9o0Dlx7eA	ym 2020s early mb albums p1
Black Rain	Grails	Anches En Maat	INDIFFERENT	YnMu2p2aYyE	MPREb_sN34kJr9Ab8	UCTgIfqgrvh5A5g9o0Dlx7eA	ym 2020s early mb albums p1
Anches En Maat	Grails	Anches En Maat	INDIFFERENT	1iTo0Lm2xi8	MPREb_sN34kJr9Ab8	UCTgIfqgrvh5A5g9o0Dlx7eA	ym 2020s early mb albums p1
The Pink Phantom (feat. Elton John, 6LACK & Elton John and 6LACK)	Gorillaz	Song Machine, Season One: Strange Timez (Deluxe)	INDIFFERENT	HIajY4WhWUc	MPREb_F0M2P7g4IQA	UCNIV5B_aJnLrKDSnW_MOmcQ	ym 2020s early mb albums p1
Strange Timez (feat. Robert Smith)	Gorillaz	Song Machine, Season One: Strange Timez (Deluxe)	INDIFFERENT	D9IVHdsn3Yw	MPREb_F0M2P7g4IQA	UCNIV5B_aJnLrKDSnW_MOmcQ	ym 2020s early mb albums p1
Friday 13th (feat. Octavian)	Gorillaz	Song Machine, Season One: Strange Timez (Deluxe)	INDIFFERENT	7bYU6br1U1A	MPREb_F0M2P7g4IQA	UCNIV5B_aJnLrKDSnW_MOmcQ	ym 2020s early mb albums p1
Dead Butterflies (feat. Kano & Roxani Arias)	Gorillaz	Song Machine, Season One: Strange Timez (Deluxe)	INDIFFERENT	TK2cQPa1lvw	MPREb_F0M2P7g4IQA	UCNIV5B_aJnLrKDSnW_MOmcQ	ym 2020s early mb albums p1
Tormenta (feat. Bad Bunny)	Gorillaz	Cracker Island	INDIFFERENT	UKhpUm7LwZ0	MPREb_KILg4o6v8f2	UCNIV5B_aJnLrKDSnW_MOmcQ	ym 2020s early mb albums p1
Skinny Ape	Gorillaz	Cracker Island	INDIFFERENT	QWfybkNaqas	MPREb_KILg4o6v8f2	UCNIV5B_aJnLrKDSnW_MOmcQ	ym 2020s early mb albums p1
Silent Running (feat. Adeleye Omotayo)	Gorillaz	Cracker Island	INDIFFERENT	GSLdiC48Q7Q	MPREb_KILg4o6v8f2	UCNIV5B_aJnLrKDSnW_MOmcQ	ym 2020s early mb albums p1
Oil (feat. Stevie Nicks)	Gorillaz	Cracker Island	INDIFFERENT	vytZym7857c	MPREb_KILg4o6v8f2	UCNIV5B_aJnLrKDSnW_MOmcQ	ym 2020s early mb albums p1
The Trails	Gojira	Fortitude	INDIFFERENT	ld1vVGiIijs	MPREb_m0y4XZnOPsE	UCPdbkw3S_0ZSHAqlnxo9E_g	ym 2020s early mb albums p1
The Chant	Gojira	Fortitude	INDIFFERENT	wl0ncZG2TiM	MPREb_m0y4XZnOPsE	UCPdbkw3S_0ZSHAqlnxo9E_g	ym 2020s early mb albums p1
Sphinx	Gojira	Fortitude	INDIFFERENT	bDQOz1goF-M	MPREb_m0y4XZnOPsE	UCPdbkw3S_0ZSHAqlnxo9E_g	ym 2020s early mb albums p1
New Found	Gojira	Fortitude	INDIFFERENT	TXA06-j_7gY	MPREb_m0y4XZnOPsE	UCPdbkw3S_0ZSHAqlnxo9E_g	ym 2020s early mb albums p1
Into The Storm	Gojira	Fortitude	INDIFFERENT	q4hZfZYV8bo	MPREb_m0y4XZnOPsE	UCPdbkw3S_0ZSHAqlnxo9E_g	ym 2020s early mb albums p1
Hold On	Gojira	Fortitude	INDIFFERENT	_Pkrcb1yJKs	MPREb_m0y4XZnOPsE	UCPdbkw3S_0ZSHAqlnxo9E_g	ym 2020s early mb albums p1
Grind	Gojira	Fortitude	INDIFFERENT	_yuKrowMmr0	MPREb_m0y4XZnOPsE	UCPdbkw3S_0ZSHAqlnxo9E_g	ym 2020s early mb albums p1
Fortitude	Gojira	Fortitude	INDIFFERENT	5eROWINzcJ8	MPREb_m0y4XZnOPsE	UCPdbkw3S_0ZSHAqlnxo9E_g	ym 2020s early mb albums p1
Born For One Thing	Gojira	Fortitude	INDIFFERENT	_Ebo0ngI4Qk	MPREb_m0y4XZnOPsE	UCPdbkw3S_0ZSHAqlnxo9E_g	ym 2020s early mb albums p1
Another World	Gojira	Fortitude	INDIFFERENT	g96eukDdiUo	MPREb_m0y4XZnOPsE	UCPdbkw3S_0ZSHAqlnxo9E_g	ym 2020s early mb albums p1
Amazonia	Gojira	Fortitude	INDIFFERENT	ilWMxOA9bd8	MPREb_m0y4XZnOPsE	UCPdbkw3S_0ZSHAqlnxo9E_g	ym 2020s early mb albums p1
Realms (feat. Jo Quail)	God Is An Astronaut	Embers	INDIFFERENT	upuDPiqf9ig	MPREb_VIVOn97HRLT	UC74nbcHMAKPd5k3OnkoGdOA	ym 2020s early mb albums p1
Prism (feat. Jo Quail)	God Is An Astronaut	Embers	INDIFFERENT	VjZ_n4YEjyg	MPREb_VIVOn97HRLT	UC74nbcHMAKPd5k3OnkoGdOA	ym 2020s early mb albums p1
Oscillation	God Is An Astronaut	Embers	INDIFFERENT	LsekvNNMJq8	MPREb_VIVOn97HRLT	UC74nbcHMAKPd5k3OnkoGdOA	ym 2020s early mb albums p1
Odyssey	God Is An Astronaut	Embers	INDIFFERENT	DNM-XzosfRU	MPREb_VIVOn97HRLT	UC74nbcHMAKPd5k3OnkoGdOA	ym 2020s early mb albums p1
Hourglass	God Is An Astronaut	Embers	INDIFFERENT	4T7Z2OUDShE	MPREb_VIVOn97HRLT	UC74nbcHMAKPd5k3OnkoGdOA	ym 2020s early mb albums p1
Heart of Roots	God Is An Astronaut	Embers	INDIFFERENT	jH0kjhLIvEw	MPREb_VIVOn97HRLT	UC74nbcHMAKPd5k3OnkoGdOA	ym 2020s early mb albums p1
Falling Leaves	God Is An Astronaut	Embers	INDIFFERENT	alDrGSEl6pI	MPREb_VIVOn97HRLT	UC74nbcHMAKPd5k3OnkoGdOA	ym 2020s early mb albums p1
Embers	God Is An Astronaut	Embers	INDIFFERENT	kgQ7D1MDRu8	MPREb_VIVOn97HRLT	UC74nbcHMAKPd5k3OnkoGdOA	ym 2020s early mb albums p1
Apparition	God Is An Astronaut	Embers	INDIFFERENT	tCCCm084UVA	MPREb_VIVOn97HRLT	UC74nbcHMAKPd5k3OnkoGdOA	ym 2020s early mb albums p1
Where Do We Go From Here?	Goat Girl	On All Fours	INDIFFERENT	CZeWN8Ektm0	MPREb_1BqmnXqGooL	UCKyIQ1Hw_w072i0pFi8J6Tg	ym 2020s early mb albums p1
They Bite on You	Goat Girl	On All Fours	INDIFFERENT	Ih3AJlkZcME	MPREb_1BqmnXqGooL	UCKyIQ1Hw_w072i0pFi8J6Tg	ym 2020s early mb albums p1
The Crack	Goat Girl	On All Fours	INDIFFERENT	z7-hxVwQoYc	MPREb_1BqmnXqGooL	UCKyIQ1Hw_w072i0pFi8J6Tg	ym 2020s early mb albums p1
Sad Cowboy	Goat Girl	On All Fours	INDIFFERENT	g05SbFE3N5U	MPREb_1BqmnXqGooL	UCKyIQ1Hw_w072i0pFi8J6Tg	ym 2020s early mb albums p1
Pest	Goat Girl	On All Fours	INDIFFERENT	zuVnHRnxsFE	MPREb_1BqmnXqGooL	UCKyIQ1Hw_w072i0pFi8J6Tg	ym 2020s early mb albums p1
P.T.S.Tea	Goat Girl	On All Fours	INDIFFERENT	xSFDRsiTvqY	MPREb_1BqmnXqGooL	UCKyIQ1Hw_w072i0pFi8J6Tg	ym 2020s early mb albums p1
Once Again	Goat Girl	On All Fours	INDIFFERENT	ZmSwHIzLhvg	MPREb_1BqmnXqGooL	UCKyIQ1Hw_w072i0pFi8J6Tg	ym 2020s early mb albums p1
Jazz (In the Supermarket)	Goat Girl	On All Fours	INDIFFERENT	YvXM4BSLNhs	MPREb_1BqmnXqGooL	UCKyIQ1Hw_w072i0pFi8J6Tg	ym 2020s early mb albums p1
Closing In	Goat Girl	On All Fours	INDIFFERENT	bzIyjrnRdew	MPREb_1BqmnXqGooL	UCKyIQ1Hw_w072i0pFi8J6Tg	ym 2020s early mb albums p1
Bang	Goat Girl	On All Fours	INDIFFERENT	NQQdNAR_j2A	MPREb_1BqmnXqGooL	UCKyIQ1Hw_w072i0pFi8J6Tg	ym 2020s early mb albums p1
Badibaba	Goat Girl	On All Fours	INDIFFERENT	fWGE_5ZAZAY	MPREb_1BqmnXqGooL	UCKyIQ1Hw_w072i0pFi8J6Tg	ym 2020s early mb albums p1
Anxiety Feels	Goat Girl	On All Fours	INDIFFERENT	WxRbu9NZxqA	MPREb_1BqmnXqGooL	UCKyIQ1Hw_w072i0pFi8J6Tg	ym 2020s early mb albums p1
A-Men	Goat Girl	On All Fours	INDIFFERENT	cBzMFkddki0	MPREb_1BqmnXqGooL	UCKyIQ1Hw_w072i0pFi8J6Tg	ym 2020s early mb albums p1
Snake Oil	Glass Beams	Mahal	INDIFFERENT	qcraR6poCHk	MPREb_gnhoBS7WsdO	UCcT6dA3rQ_EhHlG5Wu8mitg	ym 2020s early mb albums p1
Orb	Glass Beams	Mahal	INDIFFERENT	-476mGZVl8I	MPREb_gnhoBS7WsdO	UCcT6dA3rQ_EhHlG5Wu8mitg	ym 2020s early mb albums p1
Horizon	Glass Beams	Mahal	INDIFFERENT	vzro-uV8Fl4	MPREb_gnhoBS7WsdO	UCcT6dA3rQ_EhHlG5Wu8mitg	ym 2020s early mb albums p1
Black Sand	Glass Beams	Mahal	INDIFFERENT	v_mpRUw_JDk	MPREb_gnhoBS7WsdO	UCcT6dA3rQ_EhHlG5Wu8mitg	ym 2020s early mb albums p1
Space Ghost Coast To Coast	Glass Animals	Dreamland	INDIFFERENT	ejirGSd3Hws	MPREb_8nfkkpxSV9M	UCfeJiV0Xu-C4z4DApRcznig	ym 2020s early mb albums p1
Melon and the Coconut	Glass Animals	Dreamland	INDIFFERENT	SFB_A2KeppE	MPREb_8nfkkpxSV9M	UCfeJiV0Xu-C4z4DApRcznig	ym 2020s early mb albums p1
It’s All So Incredibly Loud	Glass Animals	Dreamland	INDIFFERENT	oGKoTcbWAYE	MPREb_8nfkkpxSV9M	UCfeJiV0Xu-C4z4DApRcznig	ym 2020s early mb albums p1
Helium	Glass Animals	Dreamland	INDIFFERENT	GInXwWrzUTc	MPREb_8nfkkpxSV9M	UCfeJiV0Xu-C4z4DApRcznig	ym 2020s early mb albums p1
Heat Waves	Glass Animals	Dreamland	INDIFFERENT	XDjB9E3YtUE	MPREb_8nfkkpxSV9M	UCfeJiV0Xu-C4z4DApRcznig	ym 2020s early mb albums p1
Dreamland	Glass Animals	Dreamland	INDIFFERENT	uN3z972TxY4	MPREb_8nfkkpxSV9M	UCfeJiV0Xu-C4z4DApRcznig	ym 2020s early mb albums p1
Domestic Bliss	Glass Animals	Dreamland	INDIFFERENT	SYFIkEElZ-c	MPREb_8nfkkpxSV9M	UCfeJiV0Xu-C4z4DApRcznig	ym 2020s early mb albums p1
((home movie: shoes on))	Glass Animals	Dreamland	INDIFFERENT	K3MviqZO6WY	MPREb_8nfkkpxSV9M	UCfeJiV0Xu-C4z4DApRcznig	ym 2020s early mb albums p1
((home movie: rockets))	Glass Animals	Dreamland	INDIFFERENT	WHNu9V5PVeM	MPREb_8nfkkpxSV9M	UCfeJiV0Xu-C4z4DApRcznig	ym 2020s early mb albums p1
((home movie: btx))	Glass Animals	Dreamland	INDIFFERENT	3sB69Ntb-vY	MPREb_8nfkkpxSV9M	UCfeJiV0Xu-C4z4DApRcznig	ym 2020s early mb albums p1
((home movie: 1994))	Glass Animals	Dreamland	INDIFFERENT	9lHxvmkUoho	MPREb_8nfkkpxSV9M	UCfeJiV0Xu-C4z4DApRcznig	ym 2020s early mb albums p1
Your Name Is My Infinite	Gigi Masin	Calypso	INDIFFERENT	Gvn728mFa18	MPREb_7hEBRpHnNIR	UCD2K6-P7HGmA3OKhtecWUDg	ym 2020s early mb albums p1
The Water Sibyl	Gigi Masin	Calypso	INDIFFERENT	DRjTW8HgLyM	MPREb_7hEBRpHnNIR	UCD2K6-P7HGmA3OKhtecWUDg	ym 2020s early mb albums p1
On Demons and Diamonds	Gigi Masin	Calypso	INDIFFERENT	v692wPnA0Fc	MPREb_7hEBRpHnNIR	UCD2K6-P7HGmA3OKhtecWUDg	ym 2020s early mb albums p1
Nefertiti	Gigi Masin	Calypso	INDIFFERENT	ZYO8q6lfDqQ	MPREb_7hEBRpHnNIR	UCD2K6-P7HGmA3OKhtecWUDg	ym 2020s early mb albums p1
Mayo Slide	Gigi Masin	Calypso	INDIFFERENT	Ozd8_TktcZA	MPREb_7hEBRpHnNIR	UCD2K6-P7HGmA3OKhtecWUDg	ym 2020s early mb albums p1
Khalifa Golf Club	Gigi Masin	Calypso	INDIFFERENT	QQFI6yv7dEc	MPREb_7hEBRpHnNIR	UCD2K6-P7HGmA3OKhtecWUDg	ym 2020s early mb albums p1
If	Gigi Masin	Calypso	INDIFFERENT	ybdG7M3CR9Y	MPREb_7hEBRpHnNIR	UCD2K6-P7HGmA3OKhtecWUDg	ym 2020s early mb albums p1
How to Disappear in a Kiss	Gigi Masin	Calypso	INDIFFERENT	TaftdOhf73Q	MPREb_7hEBRpHnNIR	UCD2K6-P7HGmA3OKhtecWUDg	ym 2020s early mb albums p1
Enter Venus	Gigi Masin	Calypso	INDIFFERENT	tNR1YMRaPQc	MPREb_7hEBRpHnNIR	UCD2K6-P7HGmA3OKhtecWUDg	ym 2020s early mb albums p1
Cry Winds or Flames	Gigi Masin	Calypso	INDIFFERENT	O2edF7FNILU	MPREb_7hEBRpHnNIR	UCD2K6-P7HGmA3OKhtecWUDg	ym 2020s early mb albums p1
Coraline	Gigi Masin	Calypso	INDIFFERENT	ipeANgtSGZQ	MPREb_7hEBRpHnNIR	UCD2K6-P7HGmA3OKhtecWUDg	ym 2020s early mb albums p1
Anemone	Gigi Masin	Calypso	INDIFFERENT	QKjTSoyptEw	MPREb_7hEBRpHnNIR	UCD2K6-P7HGmA3OKhtecWUDg	ym 2020s early mb albums p1
Amaranta	Gigi Masin	Calypso	INDIFFERENT	J_PcZ1xLIjI	MPREb_7hEBRpHnNIR	UCD2K6-P7HGmA3OKhtecWUDg	ym 2020s early mb albums p1
Watcher in the Sky	Ghost	IMPERA	INDIFFERENT	iF0kcLLzUc4	MPREb_T21KyGM9D4G	UC08qAR-kyTJb8Xjwbo6C7ZQ	ym 2020s early mb albums p1
Twenties	Ghost	IMPERA	INDIFFERENT	qUZXL7uZVRo	MPREb_T21KyGM9D4G	UC08qAR-kyTJb8Xjwbo6C7ZQ	ym 2020s early mb albums p1
Spillways	Ghost	IMPERA	INDIFFERENT	iVWeky0WPbU	MPREb_T21KyGM9D4G	UC08qAR-kyTJb8Xjwbo6C7ZQ	ym 2020s early mb albums p1
Respite On The Spitalfields	Ghost	IMPERA	INDIFFERENT	OY8kAOv_Z6U	MPREb_T21KyGM9D4G	UC08qAR-kyTJb8Xjwbo6C7ZQ	ym 2020s early mb albums p1
Kaisarion	Ghost	IMPERA	INDIFFERENT	yt40jLz7TeQ	MPREb_T21KyGM9D4G	UC08qAR-kyTJb8Xjwbo6C7ZQ	ym 2020s early mb albums p1
Imperium	Ghost	IMPERA	INDIFFERENT	KEPYiXgJGLQ	MPREb_T21KyGM9D4G	UC08qAR-kyTJb8Xjwbo6C7ZQ	ym 2020s early mb albums p1
Hunter’s Moon	Ghost	IMPERA	INDIFFERENT	mfjfZrghj4I	MPREb_T21KyGM9D4G	UC08qAR-kyTJb8Xjwbo6C7ZQ	ym 2020s early mb albums p1
Griftwood	Ghost	IMPERA	INDIFFERENT	ni3IMbhLJ_k	MPREb_T21KyGM9D4G	UC08qAR-kyTJb8Xjwbo6C7ZQ	ym 2020s early mb albums p1
Dominion	Ghost	IMPERA	INDIFFERENT	yLM_uhDGCME	MPREb_T21KyGM9D4G	UC08qAR-kyTJb8Xjwbo6C7ZQ	ym 2020s early mb albums p1
Darkness At The Heart Of My Love	Ghost	IMPERA	INDIFFERENT	3AD-KR-z1x8	MPREb_T21KyGM9D4G	UC08qAR-kyTJb8Xjwbo6C7ZQ	ym 2020s early mb albums p1
Call Me Little Sunshine	Ghost	IMPERA	INDIFFERENT	1Df28_NCk6s	MPREb_T21KyGM9D4G	UC08qAR-kyTJb8Xjwbo6C7ZQ	ym 2020s early mb albums p1
Bite Of Passage	Ghost	IMPERA	INDIFFERENT	rqNA-vXjvso	MPREb_T21KyGM9D4G	UC08qAR-kyTJb8Xjwbo6C7ZQ	ym 2020s early mb albums p1
Ultimate Sailor	Georgia	Seeking Thrills	INDIFFERENT	nyf5JYR2SLE	MPREb_qwIYUK1ubPw	UCxvAuT4teHaw0hwN__QGNMw	ym 2020s early mb albums p1
Till I Own It	Georgia	Seeking Thrills	INDIFFERENT	R7j46eZ2VaY	MPREb_qwIYUK1ubPw	UCxvAuT4teHaw0hwN__QGNMw	ym 2020s early mb albums p1
The Thrill (feat. Maurice)	Georgia	Seeking Thrills	INDIFFERENT	f6UG1ZMYZ0s	MPREb_qwIYUK1ubPw	UCxvAuT4teHaw0hwN__QGNMw	ym 2020s early mb albums p1
Ray Guns	Georgia	Seeking Thrills	INDIFFERENT	c0QpefHaMxA	MPREb_qwIYUK1ubPw	UCxvAuT4teHaw0hwN__QGNMw	ym 2020s early mb albums p1
Never Let You Go (Alternative Version)	Georgia	Seeking Thrills	INDIFFERENT	WxGz_whjXq8	MPREb_qwIYUK1ubPw	UCxvAuT4teHaw0hwN__QGNMw	ym 2020s early mb albums p1
Never Let You Go	Georgia	Seeking Thrills	INDIFFERENT	_o4BmBdqs7I	MPREb_qwIYUK1ubPw	UCxvAuT4teHaw0hwN__QGNMw	ym 2020s early mb albums p1
Mellow (feat. Shygirl)	Georgia	Seeking Thrills	INDIFFERENT	JkvBiNjd7OM	MPREb_qwIYUK1ubPw	UCxvAuT4teHaw0hwN__QGNMw	ym 2020s early mb albums p1
I Can't Wait	Georgia	Seeking Thrills	INDIFFERENT	ZNj-XV-NSo8	MPREb_qwIYUK1ubPw	UCxvAuT4teHaw0hwN__QGNMw	ym 2020s early mb albums p1
Honey Dripping Sky	Georgia	Seeking Thrills	INDIFFERENT	IquYfOWPr0c	MPREb_qwIYUK1ubPw	UCxvAuT4teHaw0hwN__QGNMw	ym 2020s early mb albums p1
Feel It	Georgia	Seeking Thrills	INDIFFERENT	gQ9ScUvaVto	MPREb_qwIYUK1ubPw	UCxvAuT4teHaw0hwN__QGNMw	ym 2020s early mb albums p1
24 Hours	Georgia	Seeking Thrills	INDIFFERENT	sjQraC2NhbA	MPREb_qwIYUK1ubPw	UCxvAuT4teHaw0hwN__QGNMw	ym 2020s early mb albums p1
For You, I Will	George Clanton & Hatchie	Ooh Rap I Ya	INDIFFERENT	l1N-98tn0L0	MPREb_meHavEZHomO		ym 2020s early mb albums p1
You Hold the Key and I Found It	George Clanton	Ooh Rap I Ya	INDIFFERENT	HU8EpEwaDgA	MPREb_meHavEZHomO	UCjZzBve8Jjk6tt9zlMDE_6g	ym 2020s early mb albums p1
Vapor King / SubReal	George Clanton	Ooh Rap I Ya	INDIFFERENT	0xWI2-YxVp8	MPREb_meHavEZHomO	UCjZzBve8Jjk6tt9zlMDE_6g	ym 2020s early mb albums p1
Punching Down	George Clanton	Ooh Rap I Ya	INDIFFERENT	T7SWPXxBVxs	MPREb_meHavEZHomO	UCjZzBve8Jjk6tt9zlMDE_6g	ym 2020s early mb albums p1
Ooh Rap I Ya	George Clanton	Ooh Rap I Ya	INDIFFERENT	qIzU5W3zk6g	MPREb_meHavEZHomO	UCjZzBve8Jjk6tt9zlMDE_6g	ym 2020s early mb albums p1
Justify Your Life	George Clanton	Ooh Rap I Ya	INDIFFERENT	MjUxW3MG0sk	MPREb_meHavEZHomO	UCjZzBve8Jjk6tt9zlMDE_6g	ym 2020s early mb albums p1
I Been Young	George Clanton	Ooh Rap I Ya	INDIFFERENT	TuGjVAHBs4Y	MPREb_meHavEZHomO	UCjZzBve8Jjk6tt9zlMDE_6g	ym 2020s early mb albums p1
F.U.M.L.	George Clanton	Ooh Rap I Ya	INDIFFERENT	PPS7hO71628	MPREb_meHavEZHomO	UCjZzBve8Jjk6tt9zlMDE_6g	ym 2020s early mb albums p1
Everything I Want	George Clanton	Ooh Rap I Ya	INDIFFERENT	jZoo706cBIU	MPREb_meHavEZHomO	UCjZzBve8Jjk6tt9zlMDE_6g	ym 2020s early mb albums p1
Walk Up	Geordie Greep	The New Sound	INDIFFERENT	AG5mtkURAD8	MPREb_UQBqA7fTCUi	UCzCSjNiZAep8B9H4C1OKWFQ	ym 2020s early mb albums p1
Through a War	Geordie Greep	The New Sound	INDIFFERENT	Fh7tuLhINLY	MPREb_UQBqA7fTCUi	UCzCSjNiZAep8B9H4C1OKWFQ	ym 2020s early mb albums p1
The New Sound	Geordie Greep	The New Sound	INDIFFERENT	V3Jna6fPOp0	MPREb_UQBqA7fTCUi	UCzCSjNiZAep8B9H4C1OKWFQ	ym 2020s early mb albums p1
The Magician	Geordie Greep	The New Sound	INDIFFERENT	gJ1f6oKYqeQ	MPREb_UQBqA7fTCUi	UCzCSjNiZAep8B9H4C1OKWFQ	ym 2020s early mb albums p1
Terra	Geordie Greep	The New Sound	INDIFFERENT	XJJusFoJkLk	MPREb_UQBqA7fTCUi	UCzCSjNiZAep8B9H4C1OKWFQ	ym 2020s early mb albums p1
Motorbike (feat. Seth Evans)	Geordie Greep	The New Sound	INDIFFERENT	7JmFmFacF2Y	MPREb_UQBqA7fTCUi	UCzCSjNiZAep8B9H4C1OKWFQ	ym 2020s early mb albums p1
If You Are But a Dream	Geordie Greep	The New Sound	INDIFFERENT	f69kcqy7Lmk	MPREb_UQBqA7fTCUi	UCzCSjNiZAep8B9H4C1OKWFQ	ym 2020s early mb albums p1
Holy, Holy	Geordie Greep	The New Sound	INDIFFERENT	H1M3boFfeng	MPREb_UQBqA7fTCUi	UCzCSjNiZAep8B9H4C1OKWFQ	ym 2020s early mb albums p1
Bongo Season	Geordie Greep	The New Sound	INDIFFERENT	m4TONESSIW0	MPREb_UQBqA7fTCUi	UCzCSjNiZAep8B9H4C1OKWFQ	ym 2020s early mb albums p1
Blues	Geordie Greep	The New Sound	INDIFFERENT	youuHZGVUn8	MPREb_UQBqA7fTCUi	UCzCSjNiZAep8B9H4C1OKWFQ	ym 2020s early mb albums p1
As if Waltz	Geordie Greep	The New Sound	INDIFFERENT	b8lgOVbxj7E	MPREb_UQBqA7fTCUi	UCzCSjNiZAep8B9H4C1OKWFQ	ym 2020s early mb albums p1
Tomorrow's Crusades	Geese	3D Country	INDIFFERENT	dljod4YDxTQ	MPREb_CKqbTFcsFXU	UCJuKGgCDDfy3adQEoDE58_g	ym 2020s early mb albums p1
St. Elmo	Geese	3D Country	INDIFFERENT	zxMkE3U92WY	MPREb_CKqbTFcsFXU	UCJuKGgCDDfy3adQEoDE58_g	ym 2020s early mb albums p1
Mysterious Love	Geese	3D Country	INDIFFERENT	wfT2cCiHIEg	MPREb_CKqbTFcsFXU	UCJuKGgCDDfy3adQEoDE58_g	ym 2020s early mb albums p1
Domoto	Geese	3D Country	INDIFFERENT	Plb08TOV5dM	MPREb_CKqbTFcsFXU	UCJuKGgCDDfy3adQEoDE58_g	ym 2020s early mb albums p1
Cowboy Nudes	Geese	3D Country	INDIFFERENT	k0ryIk7qYzI	MPREb_CKqbTFcsFXU	UCJuKGgCDDfy3adQEoDE58_g	ym 2020s early mb albums p1
3D Country	Geese	3D Country	INDIFFERENT	9HrLp9rNJRQ	MPREb_CKqbTFcsFXU	UCJuKGgCDDfy3adQEoDE58_g	ym 2020s early mb albums p1
2122	Geese	3D Country	INDIFFERENT	zWxP8ted6rM	MPREb_CKqbTFcsFXU	UCJuKGgCDDfy3adQEoDE58_g	ym 2020s early mb albums p1
You Make Your Own Luck	GUM	Out In The World	INDIFFERENT	vcYBqTiNfF0	MPREb_Iwa1s3NxE6k	UC4FKlRxemR7reIi_vmmPjhw	ym 2020s early mb albums p1
Down The Dream	GUM	Out In The World	INDIFFERENT	DaA916Zrp3A	MPREb_Iwa1s3NxE6k	UC4FKlRxemR7reIi_vmmPjhw	ym 2020s early mb albums p1
Don't Let It Go Out	GUM	Out In The World	INDIFFERENT	cHyQR6wbMtU	MPREb_Iwa1s3NxE6k	UC4FKlRxemR7reIi_vmmPjhw	ym 2020s early mb albums p1
Alphabet Soup	GUM	Out In The World	INDIFFERENT	v0-3VHdU-30	MPREb_Iwa1s3NxE6k	UC4FKlRxemR7reIi_vmmPjhw	ym 2020s early mb albums p1
Airwalkin'	GUM	Out In The World	INDIFFERENT	eVC6VKmKZQo	MPREb_Iwa1s3NxE6k	UC4FKlRxemR7reIi_vmmPjhw	ym 2020s early mb albums p1
—	GB	Gusse Music	INDIFFERENT	F6_l4-QMBZU	MPREb_C8TCSKjlaZi	UCZSnNjAQvfKhw6MKcTQeUHA	ym 2020s early mb albums p1
WORLD IN US	GB	Gusse Music	INDIFFERENT	kofiRCi1ObE	MPREb_C8TCSKjlaZi	UCZSnNjAQvfKhw6MKcTQeUHA	ym 2020s early mb albums p1
WINGS	GB	Gusse Music	INDIFFERENT	p6pJOX3R_vM	MPREb_C8TCSKjlaZi	UCZSnNjAQvfKhw6MKcTQeUHA	ym 2020s early mb albums p1
THIS IS WHERE YOU’LL FIND ME	GB	Gusse Music	INDIFFERENT	R7ofhf_rRKI	MPREb_C8TCSKjlaZi	UCZSnNjAQvfKhw6MKcTQeUHA	ym 2020s early mb albums p1
SUM GOD	GB	Gusse Music	INDIFFERENT	e6jFNHatqzk	MPREb_C8TCSKjlaZi	UCZSnNjAQvfKhw6MKcTQeUHA	ym 2020s early mb albums p1
SMOKE FADE	GB	Gusse Music	INDIFFERENT	1eWrh--dA-o	MPREb_C8TCSKjlaZi	UCZSnNjAQvfKhw6MKcTQeUHA	ym 2020s early mb albums p1
OPPS	GB	Gusse Music	INDIFFERENT	uQOKnkYi2hY	MPREb_C8TCSKjlaZi	UCZSnNjAQvfKhw6MKcTQeUHA	ym 2020s early mb albums p1
NEW PLANES	GB	Gusse Music	INDIFFERENT	eAoRLnFr1xU	MPREb_C8TCSKjlaZi	UCZSnNjAQvfKhw6MKcTQeUHA	ym 2020s early mb albums p1
LOVESONG	GB	Gusse Music	INDIFFERENT	xU4eZ5ADmRw	MPREb_C8TCSKjlaZi	UCZSnNjAQvfKhw6MKcTQeUHA	ym 2020s early mb albums p1
GRINDSET	GB	Gusse Music	INDIFFERENT	TVBF957QVco	MPREb_C8TCSKjlaZi	UCZSnNjAQvfKhw6MKcTQeUHA	ym 2020s early mb albums p1
FACETIME	GB	Gusse Music	INDIFFERENT	B6MRM-og9CQ	MPREb_C8TCSKjlaZi	UCZSnNjAQvfKhw6MKcTQeUHA	ym 2020s early mb albums p1
CONCRETE CITY	GB	Gusse Music	INDIFFERENT	Y3I5qvNFbuc	MPREb_C8TCSKjlaZi	UCZSnNjAQvfKhw6MKcTQeUHA	ym 2020s early mb albums p1
CLIFF	GB	Gusse Music	INDIFFERENT	KB-fxl_db7g	MPREb_C8TCSKjlaZi	UCZSnNjAQvfKhw6MKcTQeUHA	ym 2020s early mb albums p1
BLOODSTREAM	GB	Gusse Music	INDIFFERENT	KiA0sPRAjkQ	MPREb_C8TCSKjlaZi	UCZSnNjAQvfKhw6MKcTQeUHA	ym 2020s early mb albums p1
AMY (feat. CTM)	GB	Gusse Music	INDIFFERENT	L1JVI2vD67g	MPREb_C8TCSKjlaZi	UCZSnNjAQvfKhw6MKcTQeUHA	ym 2020s early mb albums p1
Spit	Fuzz	III	INDIFFERENT	qVKyJeDBFjM	MPREb_CkteLhwB8Kc	UCZ5wcF_rfHH6bgLejJjqFMw	ym 2020s early mb albums p1
Returning	Fuzz	III	INDIFFERENT	R-TtsFg5Uu8	MPREb_CkteLhwB8Kc	UCZ5wcF_rfHH6bgLejJjqFMw	ym 2020s early mb albums p1
Nothing People	Fuzz	III	INDIFFERENT	RX9NAzPoVQg	MPREb_CkteLhwB8Kc	UCZ5wcF_rfHH6bgLejJjqFMw	ym 2020s early mb albums p1
Mirror	Fuzz	III	INDIFFERENT	pY4TWT0sMX8	MPREb_CkteLhwB8Kc	UCZ5wcF_rfHH6bgLejJjqFMw	ym 2020s early mb albums p1
End Returning	Fuzz	III	INDIFFERENT	s1zF1yKvxC8	MPREb_CkteLhwB8Kc	UCZ5wcF_rfHH6bgLejJjqFMw	ym 2020s early mb albums p1
Close Your Eyes	Fuzz	III	INDIFFERENT	-VsH7_5gaqM	MPREb_CkteLhwB8Kc	UCZ5wcF_rfHH6bgLejJjqFMw	ym 2020s early mb albums p1
The Tower	Future Islands	People Who Aren’t There Anymore	INDIFFERENT	hhpWcZClRB8	MPREb_dbtEUwJsyRz	UCdNPLyZ46MPYkRy2yOYsYfQ	ym 2020s early mb albums p1
The Thief	Future Islands	People Who Aren’t There Anymore	INDIFFERENT	5-b-ET5X-ys	MPREb_dbtEUwJsyRz	UCdNPLyZ46MPYkRy2yOYsYfQ	ym 2020s early mb albums p1
The Sickness	Future Islands	People Who Aren’t There Anymore	INDIFFERENT	lgqMLfyMz7k	MPREb_dbtEUwJsyRz	UCdNPLyZ46MPYkRy2yOYsYfQ	ym 2020s early mb albums p1
The Garden Wheel	Future Islands	People Who Aren’t There Anymore	INDIFFERENT	p-JcZabpx70	MPREb_dbtEUwJsyRz	UCdNPLyZ46MPYkRy2yOYsYfQ	ym 2020s early mb albums p1
The Fight	Future Islands	People Who Aren’t There Anymore	INDIFFERENT	lPsakuou31s	MPREb_dbtEUwJsyRz	UCdNPLyZ46MPYkRy2yOYsYfQ	ym 2020s early mb albums p1
Say Goodbye	Future Islands	People Who Aren’t There Anymore	INDIFFERENT	nunYKPsjzfE	MPREb_dbtEUwJsyRz	UCdNPLyZ46MPYkRy2yOYsYfQ	ym 2020s early mb albums p1
Peach	Future Islands	People Who Aren’t There Anymore	INDIFFERENT	A29nVaRt3rE	MPREb_dbtEUwJsyRz	UCdNPLyZ46MPYkRy2yOYsYfQ	ym 2020s early mb albums p1
Iris	Future Islands	People Who Aren’t There Anymore	INDIFFERENT	Xcy3W6ONERg	MPREb_dbtEUwJsyRz	UCdNPLyZ46MPYkRy2yOYsYfQ	ym 2020s early mb albums p1
Give Me The Ghost Back	Future Islands	People Who Aren’t There Anymore	INDIFFERENT	PeAWbac9xLI	MPREb_dbtEUwJsyRz	UCdNPLyZ46MPYkRy2yOYsYfQ	ym 2020s early mb albums p1
Deep In The Night	Future Islands	People Who Aren’t There Anymore	INDIFFERENT	KuzxAJUPDOc	MPREb_dbtEUwJsyRz	UCdNPLyZ46MPYkRy2yOYsYfQ	ym 2020s early mb albums p1
Corner of My Eye	Future Islands	People Who Aren’t There Anymore	INDIFFERENT	wXgZAIRdL8I	MPREb_dbtEUwJsyRz	UCdNPLyZ46MPYkRy2yOYsYfQ	ym 2020s early mb albums p1
Waking	Future Islands	As Long As You Are	INDIFFERENT	JspLkGzePNE	MPREb_nBd5xAEqaog	UCdNPLyZ46MPYkRy2yOYsYfQ	ym 2020s early mb albums p1
Thrill	Future Islands	As Long As You Are	INDIFFERENT	_qHzeHZtG7A	MPREb_nBd5xAEqaog	UCdNPLyZ46MPYkRy2yOYsYfQ	ym 2020s early mb albums p1
The Painter	Future Islands	As Long As You Are	INDIFFERENT	a_QvQOi-Ick	MPREb_nBd5xAEqaog	UCdNPLyZ46MPYkRy2yOYsYfQ	ym 2020s early mb albums p1
Plastic Beach	Future Islands	As Long As You Are	INDIFFERENT	mGdsmIH19dU	MPREb_nBd5xAEqaog	UCdNPLyZ46MPYkRy2yOYsYfQ	ym 2020s early mb albums p1
Moonlight	Future Islands	As Long As You Are	INDIFFERENT	Vl90bdkq17c	MPREb_nBd5xAEqaog	UCdNPLyZ46MPYkRy2yOYsYfQ	ym 2020s early mb albums p1
I Knew You	Future Islands	As Long As You Are	INDIFFERENT	mfz_HmzuBbA	MPREb_nBd5xAEqaog	UCdNPLyZ46MPYkRy2yOYsYfQ	ym 2020s early mb albums p1
Hit the Coast	Future Islands	As Long As You Are	INDIFFERENT	-6D8yHOCZ-c	MPREb_nBd5xAEqaog	UCdNPLyZ46MPYkRy2yOYsYfQ	ym 2020s early mb albums p1
Glada	Future Islands	As Long As You Are	INDIFFERENT	eAxoxEaQATA	MPREb_nBd5xAEqaog	UCdNPLyZ46MPYkRy2yOYsYfQ	ym 2020s early mb albums p1
City's Face	Future Islands	As Long As You Are	INDIFFERENT	2zzg2EYBulU	MPREb_nBd5xAEqaog	UCdNPLyZ46MPYkRy2yOYsYfQ	ym 2020s early mb albums p1
Born in a War	Future Islands	As Long As You Are	INDIFFERENT	2-RXjxJpE5Y	MPREb_nBd5xAEqaog	UCdNPLyZ46MPYkRy2yOYsYfQ	ym 2020s early mb albums p1
Wolverine	Freddie Gibbs	You Only Die 1nce	INDIFFERENT	rJOvwsMA_m0	MPREb_feZjWEW7MDt	UCTwMinUabRPEhNiMP9wgXAA	ym 2020s early mb albums p1
Walk It Off	Freddie Gibbs	You Only Die 1nce	INDIFFERENT	I0rvvapEz_o	MPREb_feZjWEW7MDt	UCTwMinUabRPEhNiMP9wgXAA	ym 2020s early mb albums p1
Steel Doors	Freddie Gibbs	You Only Die 1nce	INDIFFERENT	qNFpJjfkp9E	MPREb_feZjWEW7MDt	UCTwMinUabRPEhNiMP9wgXAA	ym 2020s early mb albums p1
Status	Freddie Gibbs	You Only Die 1nce	INDIFFERENT	hB5Ta3mEgVc	MPREb_feZjWEW7MDt	UCTwMinUabRPEhNiMP9wgXAA	ym 2020s early mb albums p1
Ruthless	Freddie Gibbs	You Only Die 1nce	INDIFFERENT	B6Nt91hWMfo	MPREb_feZjWEW7MDt	UCTwMinUabRPEhNiMP9wgXAA	ym 2020s early mb albums p1
Origami	Freddie Gibbs	You Only Die 1nce	INDIFFERENT	EyjWWf8OpCo	MPREb_feZjWEW7MDt	UCTwMinUabRPEhNiMP9wgXAA	ym 2020s early mb albums p1
Nobody Like You (Interlude)	Freddie Gibbs	You Only Die 1nce	INDIFFERENT	lFyot7EDtUk	MPREb_feZjWEW7MDt	UCTwMinUabRPEhNiMP9wgXAA	ym 2020s early mb albums p1
Cosmo Freestyle	Freddie Gibbs	You Only Die 1nce	INDIFFERENT	ppvw_2QITpU	MPREb_feZjWEW7MDt	UCTwMinUabRPEhNiMP9wgXAA	ym 2020s early mb albums p1
Brick Fees	Freddie Gibbs	You Only Die 1nce	INDIFFERENT	xYSfXjPXy4E	MPREb_feZjWEW7MDt	UCTwMinUabRPEhNiMP9wgXAA	ym 2020s early mb albums p1
30 Girlfriends (Yeah Yeah)	Freddie Gibbs	You Only Die 1nce	INDIFFERENT	VlAB9vp4A7M	MPREb_feZjWEW7MDt	UCTwMinUabRPEhNiMP9wgXAA	ym 2020s early mb albums p1
Look At Me	Freddie Gibbs	Alfredo	INDIFFERENT	5tRyJNwp0lk	MPREb_tpOks8GBUtI	UCTwMinUabRPEhNiMP9wgXAA	ym 2020s early mb albums p1
God Is Perfect	Freddie Gibbs	Alfredo	INDIFFERENT	sKwI1gLwEVQ	MPREb_tpOks8GBUtI	UCTwMinUabRPEhNiMP9wgXAA	ym 2020s early mb albums p1
Baby $hit	Freddie Gibbs	Alfredo	INDIFFERENT	i8ZLstq919k	MPREb_tpOks8GBUtI	UCTwMinUabRPEhNiMP9wgXAA	ym 2020s early mb albums p1
Babies & Fools (feat. Conway the Machine)	Freddie Gibbs	Alfredo	INDIFFERENT	_dzfACM9Ahw	MPREb_tpOks8GBUtI	UCTwMinUabRPEhNiMP9wgXAA	ym 2020s early mb albums p1
All Glass	Freddie Gibbs	Alfredo	INDIFFERENT	yPxZxq2XNU4	MPREb_tpOks8GBUtI	UCTwMinUabRPEhNiMP9wgXAA	ym 2020s early mb albums p1
Zipper Bagz	Freddie Gibbs	$oul $old $eparately	INDIFFERENT	XbO0m-9qaZ0	MPREb_xknNd5iGMk5	UCTwMinUabRPEhNiMP9wgXAA	ym 2020s early mb albums p1
Too Much (feat. Moneybagg Yo)	Freddie Gibbs	$oul $old $eparately	INDIFFERENT	s7p4ETTutLE	MPREb_xknNd5iGMk5	UCTwMinUabRPEhNiMP9wgXAA	ym 2020s early mb albums p1
Space Rabbit	Freddie Gibbs	$oul $old $eparately	INDIFFERENT	z-pnt1-dkPA	MPREb_xknNd5iGMk5	UCTwMinUabRPEhNiMP9wgXAA	ym 2020s early mb albums p1
Rabbit Vision	Freddie Gibbs	$oul $old $eparately	INDIFFERENT	Tn5dxHLdyGo	MPREb_xknNd5iGMk5	UCTwMinUabRPEhNiMP9wgXAA	ym 2020s early mb albums p1
Pain & Strife (feat. Offset)	Freddie Gibbs	$oul $old $eparately	INDIFFERENT	SWHzhxPUw5c	MPREb_xknNd5iGMk5	UCTwMinUabRPEhNiMP9wgXAA	ym 2020s early mb albums p1
PYS (feat. DJ Paul)	Freddie Gibbs	$oul $old $eparately	INDIFFERENT	Z5Q5713vcps	MPREb_xknNd5iGMk5	UCTwMinUabRPEhNiMP9wgXAA	ym 2020s early mb albums p1
Lobster Omelette (feat. Rick Ross)	Freddie Gibbs	$oul $old $eparately	INDIFFERENT	tmbgqeYyuhY	MPREb_xknNd5iGMk5	UCTwMinUabRPEhNiMP9wgXAA	ym 2020s early mb albums p1
Grandma’s Stove (feat. Musiq Soulchild)	Freddie Gibbs	$oul $old $eparately	INDIFFERENT	0a7FneiKvyE	MPREb_xknNd5iGMk5	UCTwMinUabRPEhNiMP9wgXAA	ym 2020s early mb albums p1
Gold Rings (feat. Pusha T)	Freddie Gibbs	$oul $old $eparately	INDIFFERENT	KHGi4N2MN5U	MPREb_xknNd5iGMk5	UCTwMinUabRPEhNiMP9wgXAA	ym 2020s early mb albums p1
Feel No Pain (feat. Anderson .Paak & Raekwon)	Freddie Gibbs	$oul $old $eparately	INDIFFERENT	HJnfXyAp_Ds	MPREb_xknNd5iGMk5	UCTwMinUabRPEhNiMP9wgXAA	ym 2020s early mb albums p1
Decoded (feat. Scarface)	Freddie Gibbs	$oul $old $eparately	INDIFFERENT	kfj4JFKrlhw	MPREb_xknNd5iGMk5	UCTwMinUabRPEhNiMP9wgXAA	ym 2020s early mb albums p1
Dark Hearted	Freddie Gibbs	$oul $old $eparately	INDIFFERENT	jySncKDqlwQ	MPREb_xknNd5iGMk5	UCTwMinUabRPEhNiMP9wgXAA	ym 2020s early mb albums p1
Couldn’t Be Done (feat. Kelly Price)	Freddie Gibbs	$oul $old $eparately	INDIFFERENT	omwmU0fwezE	MPREb_xknNd5iGMk5	UCTwMinUabRPEhNiMP9wgXAA	ym 2020s early mb albums p1
CIA	Freddie Gibbs	$oul $old $eparately	INDIFFERENT	pvQ4RxCOZGg	MPREb_xknNd5iGMk5	UCTwMinUabRPEhNiMP9wgXAA	ym 2020s early mb albums p1
Blackest in the Room	Freddie Gibbs	$oul $old $eparately	INDIFFERENT	EYVhNFRyTic	MPREb_xknNd5iGMk5	UCTwMinUabRPEhNiMP9wgXAA	ym 2020s early mb albums p1
where will i be	Fred again..	ten days	INDIFFERENT	nsLEhu7Nzv4	MPREb_XVx1AEiFopG	UCvA7ExlBsBUb5XQEYzJC1ww	ym 2020s early mb albums p1
places to be	Fred again..	ten days	INDIFFERENT	TvY9hsuaOGo	MPREb_XVx1AEiFopG	UCvA7ExlBsBUb5XQEYzJC1ww	ym 2020s early mb albums p1
peace u need	Fred again..	ten days	INDIFFERENT	ivrlwocIN8k	MPREb_XVx1AEiFopG	UCvA7ExlBsBUb5XQEYzJC1ww	ym 2020s early mb albums p1
just stand there	Fred again..	ten days	INDIFFERENT	wytJNmrogE0	MPREb_XVx1AEiFopG	UCvA7ExlBsBUb5XQEYzJC1ww	ym 2020s early mb albums p1
i saw you	Fred again..	ten days	INDIFFERENT	zK0NGdOxzn8	MPREb_XVx1AEiFopG	UCvA7ExlBsBUb5XQEYzJC1ww	ym 2020s early mb albums p1
fear less	Fred again..	ten days	INDIFFERENT	wZJ3e4sJ3tU	MPREb_XVx1AEiFopG	UCvA7ExlBsBUb5XQEYzJC1ww	ym 2020s early mb albums p1
backseat	Fred again..	ten days	INDIFFERENT	r1KGOlK9G1M	MPREb_XVx1AEiFopG	UCvA7ExlBsBUb5XQEYzJC1ww	ym 2020s early mb albums p1
adore u	Fred again..	ten days	INDIFFERENT	zUxJP8IiN5g	MPREb_XVx1AEiFopG	UCvA7ExlBsBUb5XQEYzJC1ww	ym 2020s early mb albums p1
.two	Fred again..	ten days	INDIFFERENT	d1uR1XscXuU	MPREb_XVx1AEiFopG	UCvA7ExlBsBUb5XQEYzJC1ww	ym 2020s early mb albums p1
.three	Fred again..	ten days	INDIFFERENT	eFAL5_wYYS8	MPREb_XVx1AEiFopG	UCvA7ExlBsBUb5XQEYzJC1ww	ym 2020s early mb albums p1
.six	Fred again..	ten days	INDIFFERENT	Tevgu4TaDEU	MPREb_XVx1AEiFopG	UCvA7ExlBsBUb5XQEYzJC1ww	ym 2020s early mb albums p1
.seven	Fred again..	ten days	INDIFFERENT	oPAO5rmT_n0	MPREb_XVx1AEiFopG	UCvA7ExlBsBUb5XQEYzJC1ww	ym 2020s early mb albums p1
.one	Fred again..	ten days	INDIFFERENT	6zMNApzFkSA	MPREb_XVx1AEiFopG	UCvA7ExlBsBUb5XQEYzJC1ww	ym 2020s early mb albums p1
.nine	Fred again..	ten days	INDIFFERENT	TBupIexjLTw	MPREb_XVx1AEiFopG	UCvA7ExlBsBUb5XQEYzJC1ww	ym 2020s early mb albums p1
.four	Fred again..	ten days	INDIFFERENT	l5jPSu6wHdY	MPREb_XVx1AEiFopG	UCvA7ExlBsBUb5XQEYzJC1ww	ym 2020s early mb albums p1
.five	Fred again..	ten days	INDIFFERENT	1Q9QYTx5nYc	MPREb_XVx1AEiFopG	UCvA7ExlBsBUb5XQEYzJC1ww	ym 2020s early mb albums p1
.eight	Fred again..	ten days	INDIFFERENT	ZxSjSpdKbac	MPREb_XVx1AEiFopG	UCvA7ExlBsBUb5XQEYzJC1ww	ym 2020s early mb albums p1
Trying	Fred again..	Secret Life	INDIFFERENT	U5D9Tb72cRg	MPREb_NmtB7jQ794K	UCvA7ExlBsBUb5XQEYzJC1ww	ym 2020s early mb albums p1
Secret	Fred again..	Secret Life	INDIFFERENT	wq_k-62RpWs	MPREb_NmtB7jQ794K	UCvA7ExlBsBUb5XQEYzJC1ww	ym 2020s early mb albums p1
Safety	Fred again..	Secret Life	INDIFFERENT	J_zZxEKQi-I	MPREb_NmtB7jQ794K	UCvA7ExlBsBUb5XQEYzJC1ww	ym 2020s early mb albums p1
Radio	Fred again..	Secret Life	INDIFFERENT	M_vfBkeFz3w	MPREb_NmtB7jQ794K	UCvA7ExlBsBUb5XQEYzJC1ww	ym 2020s early mb albums p1
Pause	Fred again..	Secret Life	INDIFFERENT	J8hBq33lW6I	MPREb_NmtB7jQ794K	UCvA7ExlBsBUb5XQEYzJC1ww	ym 2020s early mb albums p1
I Saw You	Fred again..	Secret Life	INDIFFERENT	qm5fKsE8kIA	MPREb_NmtB7jQ794K	UCvA7ExlBsBUb5XQEYzJC1ww	ym 2020s early mb albums p1
Follow	Fred again..	Secret Life	INDIFFERENT	xeL74mhYYDs	MPREb_NmtB7jQ794K	UCvA7ExlBsBUb5XQEYzJC1ww	ym 2020s early mb albums p1
Enough	Fred again..	Secret Life	INDIFFERENT	D4POq3301fo	MPREb_NmtB7jQ794K	UCvA7ExlBsBUb5XQEYzJC1ww	ym 2020s early mb albums p1
Come On Home	Fred again..	Secret Life	INDIFFERENT	Uqu5QtYuPIA	MPREb_NmtB7jQ794K	UCvA7ExlBsBUb5XQEYzJC1ww	ym 2020s early mb albums p1
Cmon	Fred again..	Secret Life	INDIFFERENT	n7muS3u0Wxo	MPREb_NmtB7jQ794K	UCvA7ExlBsBUb5XQEYzJC1ww	ym 2020s early mb albums p1
Tayla (every night)	Fred again..	Actual Life 2 (February 2 - October 15 2021)	INDIFFERENT	PH0lsYdX9AE	MPREb_eZ5KwgqtePa	UCvA7ExlBsBUb5XQEYzJC1ww	ym 2020s early mb albums p1
Tate (how i feel)	Fred again..	Actual Life 2 (February 2 - October 15 2021)	INDIFFERENT	G8moQIdYTM8	MPREb_eZ5KwgqtePa	UCvA7ExlBsBUb5XQEYzJC1ww	ym 2020s early mb albums p1
Tanya (maybe life)	Fred again..	Actual Life 2 (February 2 - October 15 2021)	INDIFFERENT	6RDpRgBmODI	MPREb_eZ5KwgqtePa	UCvA7ExlBsBUb5XQEYzJC1ww	ym 2020s early mb albums p1
Roze (forgive)	Fred again..	Actual Life 2 (February 2 - October 15 2021)	INDIFFERENT	vfCmuyxnEUs	MPREb_eZ5KwgqtePa	UCvA7ExlBsBUb5XQEYzJC1ww	ym 2020s early mb albums p1
October 15th 2021	Fred again..	Actual Life 2 (February 2 - October 15 2021)	INDIFFERENT	Dt35lxOTcH0	MPREb_eZ5KwgqtePa	UCvA7ExlBsBUb5XQEYzJC1ww	ym 2020s early mb albums p1
Mollie (hear your name)	Fred again..	Actual Life 2 (February 2 - October 15 2021)	INDIFFERENT	RFBgQuowQ6s	MPREb_eZ5KwgqtePa	UCvA7ExlBsBUb5XQEYzJC1ww	ym 2020s early mb albums p1
Marco (and everyone)	Fred again..	Actual Life 2 (February 2 - October 15 2021)	INDIFFERENT	W5CfbOPlnp4	MPREb_eZ5KwgqtePa	UCvA7ExlBsBUb5XQEYzJC1ww	ym 2020s early mb albums p1
Kahan (last year) (feat. Kodak Black)	Fred again..	Actual Life 2 (February 2 - October 15 2021)	INDIFFERENT	n_FjeHwyblk	MPREb_eZ5KwgqtePa	UCvA7ExlBsBUb5XQEYzJC1ww	ym 2020s early mb albums p1
Hannah (the sun)	Fred again..	Actual Life 2 (February 2 - October 15 2021)	INDIFFERENT	zDw9jGg8tRs	MPREb_eZ5KwgqtePa	UCvA7ExlBsBUb5XQEYzJC1ww	ym 2020s early mb albums p1
Gigi (what you went through)	Fred again..	Actual Life 2 (February 2 - October 15 2021)	INDIFFERENT	DDataxjkYvI	MPREb_eZ5KwgqtePa	UCvA7ExlBsBUb5XQEYzJC1ww	ym 2020s early mb albums p1
February 2nd 2021	Fred again..	Actual Life 2 (February 2 - October 15 2021)	INDIFFERENT	fU87crwpiG8	MPREb_eZ5KwgqtePa	UCvA7ExlBsBUb5XQEYzJC1ww	ym 2020s early mb albums p1
Faisal (envelops me)	Fred again..	Actual Life 2 (February 2 - October 15 2021)	INDIFFERENT	0U6FBGtOwvE	MPREb_eZ5KwgqtePa	UCvA7ExlBsBUb5XQEYzJC1ww	ym 2020s early mb albums p1
Catrin (the city)	Fred again..	Actual Life 2 (February 2 - October 15 2021)	INDIFFERENT	z1li5ZsWLhg	MPREb_eZ5KwgqtePa	UCvA7ExlBsBUb5XQEYzJC1ww	ym 2020s early mb albums p1
Carlos (interlude)	Fred again..	Actual Life 2 (February 2 - October 15 2021)	INDIFFERENT	cXFZVANCGHI	MPREb_eZ5KwgqtePa	UCvA7ExlBsBUb5XQEYzJC1ww	ym 2020s early mb albums p1
Billie (interlude)	Fred again..	Actual Life 2 (February 2 - October 15 2021)	INDIFFERENT	ffYfyeLbzhI	MPREb_eZ5KwgqtePa	UCvA7ExlBsBUb5XQEYzJC1ww	ym 2020s early mb albums p1
Me (heavy)	Fred again..	Actual Life (April 14 - December 17 2020)	INDIFFERENT	qmGzJIGau1k	MPREb_Lil7rloGsF4	UCvA7ExlBsBUb5XQEYzJC1ww	ym 2020s early mb albums p1
Marnie (wish i had u)	Fred again..	Actual Life (April 14 - December 17 2020)	INDIFFERENT	xalk0nJk7EM	MPREb_Lil7rloGsF4	UCvA7ExlBsBUb5XQEYzJC1ww	ym 2020s early mb albums p1
Lydia (please make it better)	Fred again..	Actual Life (April 14 - December 17 2020)	INDIFFERENT	7wbeLqjfAW8	MPREb_Lil7rloGsF4	UCvA7ExlBsBUb5XQEYzJC1ww	ym 2020s early mb albums p1
Julia (deep diving)	Fred again..	Actual Life (April 14 - December 17 2020)	INDIFFERENT	fhecbLgH_7k	MPREb_Lil7rloGsF4	UCvA7ExlBsBUb5XQEYzJC1ww	ym 2020s early mb albums p1
Hackney (interlude)	Fred again..	Actual Life (April 14 - December 17 2020)	INDIFFERENT	IQ0v_WZh8ZM	MPREb_Lil7rloGsF4	UCvA7ExlBsBUb5XQEYzJC1ww	ym 2020s early mb albums p1
Dermot (see yourself in my eyes) (feat. Dermot Kennedy)	Fred again..	Actual Life (April 14 - December 17 2020)	INDIFFERENT	HUzFE7Jdg34	MPREb_Lil7rloGsF4	UCvA7ExlBsBUb5XQEYzJC1ww	ym 2020s early mb albums p1
December 17th 2020	Fred again..	Actual Life (April 14 - December 17 2020)	INDIFFERENT	9cj1Fl2RHLg	MPREb_Lil7rloGsF4	UCvA7ExlBsBUb5XQEYzJC1ww	ym 2020s early mb albums p1
Carlos (make it thru)	Fred again..	Actual Life (April 14 - December 17 2020)	INDIFFERENT	rvkoQ1RjVLI	MPREb_Lil7rloGsF4	UCvA7ExlBsBUb5XQEYzJC1ww	ym 2020s early mb albums p1
Big Hen (steal my joy)	Fred again..	Actual Life (April 14 - December 17 2020)	INDIFFERENT	GPDLAMlQKIA	MPREb_Lil7rloGsF4	UCvA7ExlBsBUb5XQEYzJC1ww	ym 2020s early mb albums p1
April 14th 2020	Fred again..	Actual Life (April 14 - December 17 2020)	INDIFFERENT	pBbOhO6HyU8	MPREb_Lil7rloGsF4	UCvA7ExlBsBUb5XQEYzJC1ww	ym 2020s early mb albums p1
Angie (i’ve been lost) (feat. Angie McMahon)	Fred again..	Actual Life (April 14 - December 17 2020)	INDIFFERENT	CMD4_XfOaX0	MPREb_Lil7rloGsF4	UCvA7ExlBsBUb5XQEYzJC1ww	ym 2020s early mb albums p1
Angie (interlude)	Fred again..	Actual Life (April 14 - December 17 2020)	INDIFFERENT	6ycG_maHQCE	MPREb_Lil7rloGsF4	UCvA7ExlBsBUb5XQEYzJC1ww	ym 2020s early mb albums p1
Adam (interlude)	Fred again..	Actual Life (April 14 - December 17 2020)	INDIFFERENT	1QQTzeFr6IA	MPREb_Lil7rloGsF4	UCvA7ExlBsBUb5XQEYzJC1ww	ym 2020s early mb albums p1
Three Drums	Four Tet	Three	INDIFFERENT	BHAbBS7bclY	MPREb_2XA7lrEoWN0	UCd6q-S_HAePombe72bczCkA	ym 2020s early mb albums p1
So Blue	Four Tet	Three	INDIFFERENT	4er2skfzyzc	MPREb_2XA7lrEoWN0	UCd6q-S_HAePombe72bczCkA	ym 2020s early mb albums p1
Gliding Through Everything	Four Tet	Three	INDIFFERENT	_JZLMacEK3g	MPREb_2XA7lrEoWN0	UCd6q-S_HAePombe72bczCkA	ym 2020s early mb albums p1
Daydream Repeat	Four Tet	Three	INDIFFERENT	l4uIbD0P7V4	MPREb_2XA7lrEoWN0	UCd6q-S_HAePombe72bczCkA	ym 2020s early mb albums p1
This Is for You	Four Tet	Sixteen Oceans	INDIFFERENT	eNmPNQSTAiU	MPREb_gvm4Kl6rNsJ	UCd6q-S_HAePombe72bczCkA	ym 2020s early mb albums p1
Love Salad	Four Tet	Sixteen Oceans	INDIFFERENT	8C2Aali5Rg0	MPREb_gvm4Kl6rNsJ	UCd6q-S_HAePombe72bczCkA	ym 2020s early mb albums p1
ISTM	Four Tet	Sixteen Oceans	INDIFFERENT	kMPvEVrrn3A	MPREb_gvm4Kl6rNsJ	UCd6q-S_HAePombe72bczCkA	ym 2020s early mb albums p1
Green	Four Tet	Sixteen Oceans	INDIFFERENT	m3X-XEjTqz4	MPREb_gvm4Kl6rNsJ	UCd6q-S_HAePombe72bczCkA	ym 2020s early mb albums p1
Bubbles at Overlook 25th March 2019	Four Tet	Sixteen Oceans	INDIFFERENT	8W-4thFeAVY	MPREb_gvm4Kl6rNsJ	UCd6q-S_HAePombe72bczCkA	ym 2020s early mb albums p1
1993 Band Practice	Four Tet	Sixteen Oceans	INDIFFERENT	EBQ0_JGfwug	MPREb_gvm4Kl6rNsJ	UCd6q-S_HAePombe72bczCkA	ym 2020s early mb albums p1
Parallel 8	Four Tet	Parallel	INDIFFERENT	O-wZzFljBkk	MPREb_hjHG6wGi3b9	UCd6q-S_HAePombe72bczCkA	ym 2020s early mb albums p1
Parallel 7	Four Tet	Parallel	INDIFFERENT	ItmX7miGhwQ	MPREb_hjHG6wGi3b9	UCd6q-S_HAePombe72bczCkA	ym 2020s early mb albums p1
Parallel 5	Four Tet	Parallel	INDIFFERENT	MrU0EcsUbMs	MPREb_hjHG6wGi3b9	UCd6q-S_HAePombe72bczCkA	ym 2020s early mb albums p1
Parallel 10	Four Tet	Parallel	INDIFFERENT	4UaAetaS29Q	MPREb_hjHG6wGi3b9	UCd6q-S_HAePombe72bczCkA	ym 2020s early mb albums p1
Parallel 1	Four Tet	Parallel	INDIFFERENT	BFgfgy1IJsk	MPREb_hjHG6wGi3b9	UCd6q-S_HAePombe72bczCkA	ym 2020s early mb albums p1
Tar	Forest Swords	Bolted	INDIFFERENT	GZ7YZCSl4IA	MPREb_1y8wScFUfck	UCsIRWWLzm_nzDkKipCE349A	ym 2020s early mb albums p1
Rubble	Forest Swords	Bolted	INDIFFERENT	vF5ATZfo840	MPREb_1y8wScFUfck	UCsIRWWLzm_nzDkKipCE349A	ym 2020s early mb albums p1
Line Gone Cold	Forest Swords	Bolted	INDIFFERENT	nFbiRJDihW0	MPREb_1y8wScFUfck	UCsIRWWLzm_nzDkKipCE349A	ym 2020s early mb albums p1
Hjope	Forest Swords	Bolted	INDIFFERENT	20eST2DT2Js	MPREb_1y8wScFUfck	UCsIRWWLzm_nzDkKipCE349A	ym 2020s early mb albums p1
End	Forest Swords	Bolted	INDIFFERENT	E-5C3SOvULA	MPREb_1y8wScFUfck	UCsIRWWLzm_nzDkKipCE349A	ym 2020s early mb albums p1
Caged	Forest Swords	Bolted	INDIFFERENT	bW0hvozIQKo	MPREb_1y8wScFUfck	UCsIRWWLzm_nzDkKipCE349A	ym 2020s early mb albums p1
Butterfly Effect	Forest Swords	Bolted	INDIFFERENT	q2zPvSHnZk4	MPREb_1y8wScFUfck	UCsIRWWLzm_nzDkKipCE349A	ym 2020s early mb albums p1
Waiting On A War	Foo Fighters	Medicine At Midnight	INDIFFERENT	xt7pS769Ay0	MPREb_h5cefQjwJ0Z	UCwDw2KaS8jRUxAPScL2U8og	ym 2020s early mb albums p1
Shame Shame	Foo Fighters	Medicine At Midnight	INDIFFERENT	zKo1sX7S9-k	MPREb_h5cefQjwJ0Z	UCwDw2KaS8jRUxAPScL2U8og	ym 2020s early mb albums p1
No Son Of Mine	Foo Fighters	Medicine At Midnight	INDIFFERENT	3kMAa2DB43Y	MPREb_h5cefQjwJ0Z	UCwDw2KaS8jRUxAPScL2U8og	ym 2020s early mb albums p1
Medicine At Midnight	Foo Fighters	Medicine At Midnight	INDIFFERENT	2GInASKbq5w	MPREb_h5cefQjwJ0Z	UCwDw2KaS8jRUxAPScL2U8og	ym 2020s early mb albums p1
Making A Fire	Foo Fighters	Medicine At Midnight	INDIFFERENT	2iSn4EMEl2Y	MPREb_h5cefQjwJ0Z	UCwDw2KaS8jRUxAPScL2U8og	ym 2020s early mb albums p1
Love Dies Young	Foo Fighters	Medicine At Midnight	INDIFFERENT	v7twSrSVR3o	MPREb_h5cefQjwJ0Z	UCwDw2KaS8jRUxAPScL2U8og	ym 2020s early mb albums p1
Holding Poison	Foo Fighters	Medicine At Midnight	INDIFFERENT	hxpCnggz1NQ	MPREb_h5cefQjwJ0Z	UCwDw2KaS8jRUxAPScL2U8og	ym 2020s early mb albums p1
Cloudspotter	Foo Fighters	Medicine At Midnight	INDIFFERENT	u73MTFtWxhA	MPREb_h5cefQjwJ0Z	UCwDw2KaS8jRUxAPScL2U8og	ym 2020s early mb albums p1
Chasing Birds	Foo Fighters	Medicine At Midnight	INDIFFERENT	K16GsJbSQbw	MPREb_h5cefQjwJ0Z	UCwDw2KaS8jRUxAPScL2U8og	ym 2020s early mb albums p1
Under You	Foo Fighters	But Here We Are	INDIFFERENT	lb9gWXsLyms	MPREb_MBzrfM1jsmU	UCwDw2KaS8jRUxAPScL2U8og	ym 2020s early mb albums p1
The Teacher	Foo Fighters	But Here We Are	INDIFFERENT	LdBfa_r7ROU	MPREb_MBzrfM1jsmU	UCwDw2KaS8jRUxAPScL2U8og	ym 2020s early mb albums p1
The Glass	Foo Fighters	But Here We Are	INDIFFERENT	U1s49lfmwuA	MPREb_MBzrfM1jsmU	UCwDw2KaS8jRUxAPScL2U8og	ym 2020s early mb albums p1
Show Me How	Foo Fighters	But Here We Are	INDIFFERENT	WWfuHj5sv-E	MPREb_MBzrfM1jsmU	UCwDw2KaS8jRUxAPScL2U8og	ym 2020s early mb albums p1
Rest	Foo Fighters	But Here We Are	INDIFFERENT	Q6FKBWGkbko	MPREb_MBzrfM1jsmU	UCwDw2KaS8jRUxAPScL2U8og	ym 2020s early mb albums p1
Nothing At All	Foo Fighters	But Here We Are	INDIFFERENT	GThHRzEexf0	MPREb_MBzrfM1jsmU	UCwDw2KaS8jRUxAPScL2U8og	ym 2020s early mb albums p1
But Here We Are	Foo Fighters	But Here We Are	INDIFFERENT	n9KCQj5-iF4	MPREb_MBzrfM1jsmU	UCwDw2KaS8jRUxAPScL2U8og	ym 2020s early mb albums p1
Beyond Me	Foo Fighters	But Here We Are	INDIFFERENT	QQz_7ZJ6_7E	MPREb_MBzrfM1jsmU	UCwDw2KaS8jRUxAPScL2U8og	ym 2020s early mb albums p1
The Couple Across The Way	Fontaines D.C.	Skinty Fia	INDIFFERENT	yxVonAJdtNE	MPREb_bhruf0XX7Ec	UC0nEcTGDKDsdF4KcCh3-NUQ	ym 2020s early mb albums p1
Nabokov	Fontaines D.C.	Skinty Fia	INDIFFERENT	CkK1c-pvaCI	MPREb_bhruf0XX7Ec	UC0nEcTGDKDsdF4KcCh3-NUQ	ym 2020s early mb albums p1
How Cold Love Is	Fontaines D.C.	Skinty Fia	INDIFFERENT	IDOehQKayzk	MPREb_bhruf0XX7Ec	UC0nEcTGDKDsdF4KcCh3-NUQ	ym 2020s early mb albums p1
Sundowner	Fontaines D.C.	Romance	INDIFFERENT	06DOZCpXwLk	MPREb_lbRoC1uO7Oc	UC0nEcTGDKDsdF4KcCh3-NUQ	ym 2020s early mb albums p1
Romance	Fontaines D.C.	Romance	INDIFFERENT	Fbt_ALWj6rI	MPREb_lbRoC1uO7Oc	UC0nEcTGDKDsdF4KcCh3-NUQ	ym 2020s early mb albums p1
Motorcycle Boy	Fontaines D.C.	Romance	INDIFFERENT	WnaxSSZaGXc	MPREb_lbRoC1uO7Oc	UC0nEcTGDKDsdF4KcCh3-NUQ	ym 2020s early mb albums p1
In The Modern World	Fontaines D.C.	Romance	INDIFFERENT	VWFIMyZ7k5Y	MPREb_lbRoC1uO7Oc	UC0nEcTGDKDsdF4KcCh3-NUQ	ym 2020s early mb albums p1
Horseness Is The Whatness	Fontaines D.C.	Romance	INDIFFERENT	aAZIybWyeNY	MPREb_lbRoC1uO7Oc	UC0nEcTGDKDsdF4KcCh3-NUQ	ym 2020s early mb albums p1
Here's The Thing	Fontaines D.C.	Romance	INDIFFERENT	W89VEjv2-ng	MPREb_lbRoC1uO7Oc	UC0nEcTGDKDsdF4KcCh3-NUQ	ym 2020s early mb albums p1
Favourite	Fontaines D.C.	Romance	INDIFFERENT	l7e2mMkmXEo	MPREb_lbRoC1uO7Oc	UC0nEcTGDKDsdF4KcCh3-NUQ	ym 2020s early mb albums p1
Death Kink	Fontaines D.C.	Romance	INDIFFERENT	ExtCRXuNXlQ	MPREb_lbRoC1uO7Oc	UC0nEcTGDKDsdF4KcCh3-NUQ	ym 2020s early mb albums p1
Bug	Fontaines D.C.	Romance	INDIFFERENT	1gCH1scAr4s	MPREb_lbRoC1uO7Oc	UC0nEcTGDKDsdF4KcCh3-NUQ	ym 2020s early mb albums p1
You Said	Fontaines D.C.	A Hero's Death	INDIFFERENT	tXno-OoRffg	MPREb_S8Z4NC3kgyl	UC0nEcTGDKDsdF4KcCh3-NUQ	ym 2020s early mb albums p1
Oh Such A Spring	Fontaines D.C.	A Hero's Death	INDIFFERENT	lsEjeaQOZQM	MPREb_S8Z4NC3kgyl	UC0nEcTGDKDsdF4KcCh3-NUQ	ym 2020s early mb albums p1
No	Fontaines D.C.	A Hero's Death	INDIFFERENT	-P5f2r2j1eo	MPREb_S8Z4NC3kgyl	UC0nEcTGDKDsdF4KcCh3-NUQ	ym 2020s early mb albums p1
Love Is The Main Thing	Fontaines D.C.	A Hero's Death	INDIFFERENT	qz5yb948kac	MPREb_S8Z4NC3kgyl	UC0nEcTGDKDsdF4KcCh3-NUQ	ym 2020s early mb albums p1
Living In America	Fontaines D.C.	A Hero's Death	INDIFFERENT	SHdO0_Y4_Sw	MPREb_S8Z4NC3kgyl	UC0nEcTGDKDsdF4KcCh3-NUQ	ym 2020s early mb albums p1
I Was Not Born	Fontaines D.C.	A Hero's Death	INDIFFERENT	wfEEZkyZ3UE	MPREb_S8Z4NC3kgyl	UC0nEcTGDKDsdF4KcCh3-NUQ	ym 2020s early mb albums p1
A Lucid Dream	Fontaines D.C.	A Hero's Death	INDIFFERENT	R7Rz8QdIgdU	MPREb_S8Z4NC3kgyl	UC0nEcTGDKDsdF4KcCh3-NUQ	ym 2020s early mb albums p1
Your Armour	Flying Lotus	Yasuke	INDIFFERENT	lkHIhBTBBuM	MPREb_N3vCMImc4Q8	UCJvOvKwxPEL-4RtSvu_nWhQ	ym 2020s early mb albums p1
Where’s the Girl?	Flying Lotus	Yasuke	INDIFFERENT	cj38ExIvVF8	MPREb_N3vCMImc4Q8	UCJvOvKwxPEL-4RtSvu_nWhQ	ym 2020s early mb albums p1
War at the Door	Flying Lotus	Yasuke	INDIFFERENT	mg7rwvcUd0A	MPREb_N3vCMImc4Q8	UCJvOvKwxPEL-4RtSvu_nWhQ	ym 2020s early mb albums p1
War Lords	Flying Lotus	Yasuke	INDIFFERENT	b7rxXAgGDUA	MPREb_N3vCMImc4Q8	UCJvOvKwxPEL-4RtSvu_nWhQ	ym 2020s early mb albums p1
Using What You Got	Flying Lotus	Yasuke	INDIFFERENT	vb9WPYSjF8s	MPREb_N3vCMImc4Q8	UCJvOvKwxPEL-4RtSvu_nWhQ	ym 2020s early mb albums p1
The Eyes of Vengeance	Flying Lotus	Yasuke	INDIFFERENT	uFLcN1xTbGY	MPREb_N3vCMImc4Q8	UCJvOvKwxPEL-4RtSvu_nWhQ	ym 2020s early mb albums p1
Taiko Time // Sacrifice	Flying Lotus	Yasuke	INDIFFERENT	a0tIUiD1zpY	MPREb_N3vCMImc4Q8	UCJvOvKwxPEL-4RtSvu_nWhQ	ym 2020s early mb albums p1
RoBomb	Flying Lotus	Yasuke	INDIFFERENT	T6EnTirN4F4	MPREb_N3vCMImc4Q8	UCJvOvKwxPEL-4RtSvu_nWhQ	ym 2020s early mb albums p1
Kurosaka Strikes!	Flying Lotus	Yasuke	INDIFFERENT	gDAJntKUd7A	MPREb_N3vCMImc4Q8	UCJvOvKwxPEL-4RtSvu_nWhQ	ym 2020s early mb albums p1
Between Memories (feat. Niki Randa)	Flying Lotus	Yasuke	INDIFFERENT	shSxM-tFDXU	MPREb_N3vCMImc4Q8	UCJvOvKwxPEL-4RtSvu_nWhQ	ym 2020s early mb albums p1
African Samurai (feat. Denzel Curry)	Flying Lotus	Yasuke	INDIFFERENT	YDjFx94hf34	MPREb_N3vCMImc4Q8	UCJvOvKwxPEL-4RtSvu_nWhQ	ym 2020s early mb albums p1
The Lost Girls (Instrumental)	Flying Lotus	Spirit Box	INDIFFERENT	IdI3Giotd0s	MPREb_zpG58jxIoaT	UCJvOvKwxPEL-4RtSvu_nWhQ	ym 2020s early mb albums p1
Garmonbozia (Instrumental)	Flying Lotus	Spirit Box	INDIFFERENT	2OwIvOiOXA8	MPREb_zpG58jxIoaT	UCJvOvKwxPEL-4RtSvu_nWhQ	ym 2020s early mb albums p1
Say Nothing (feat. MAY-A)	Flume	Palaces	INDIFFERENT	QxwPb_OgkTg	MPREb_HLU4ajrAzcU	UCEdhHl4ZB0JXIinqZ367F6w	ym 2020s early mb albums p1
Only Fans (feat. Virgen Maria)	Flume	Palaces	INDIFFERENT	q27LKaP1oiM	MPREb_HLU4ajrAzcU	UCEdhHl4ZB0JXIinqZ367F6w	ym 2020s early mb albums p1
Hollow (feat. Emma Louise)	Flume	Palaces	INDIFFERENT	qtvM6Uhun0Q	MPREb_HLU4ajrAzcU	UCEdhHl4ZB0JXIinqZ367F6w	ym 2020s early mb albums p1
Highest Building (feat. Oklou)	Flume	Palaces	INDIFFERENT	rqX3N5bRGWc	MPREb_HLU4ajrAzcU	UCEdhHl4ZB0JXIinqZ367F6w	ym 2020s early mb albums p1
Get U	Flume	Palaces	INDIFFERENT	OxPDozVmksU	MPREb_HLU4ajrAzcU	UCEdhHl4ZB0JXIinqZ367F6w	ym 2020s early mb albums p1
Variation	Florist	Florist	INDIFFERENT	6P5rxJNaTLs	MPREb_udqA1xCuY0N	UCMnsKyGUdnQndvAN1ckP_IA	ym 2020s early mb albums p1
Two Ways	Florist	Florist	INDIFFERENT	G7u2rB4t_Sk	MPREb_udqA1xCuY0N	UCMnsKyGUdnQndvAN1ckP_IA	ym 2020s early mb albums p1
Spring in Hours	Florist	Florist	INDIFFERENT	uMvzyTh50pU	MPREb_udqA1xCuY0N	UCMnsKyGUdnQndvAN1ckP_IA	ym 2020s early mb albums p1
Sci-fi Silence	Florist	Florist	INDIFFERENT	XVh5Abunsis	MPREb_udqA1xCuY0N	UCMnsKyGUdnQndvAN1ckP_IA	ym 2020s early mb albums p1
River's Bed	Florist	Florist	INDIFFERENT	wC6n9RDQh7M	MPREb_udqA1xCuY0N	UCMnsKyGUdnQndvAN1ckP_IA	ym 2020s early mb albums p1
Reprise	Florist	Florist	INDIFFERENT	ZQYcxYovOsQ	MPREb_udqA1xCuY0N	UCMnsKyGUdnQndvAN1ckP_IA	ym 2020s early mb albums p1
Red Bird Pt. 2 (Morning)	Florist	Florist	INDIFFERENT	Z9hmAYwTrlU	MPREb_udqA1xCuY0N	UCMnsKyGUdnQndvAN1ckP_IA	ym 2020s early mb albums p1
Organ's Drone	Florist	Florist	INDIFFERENT	M14tMSgCvws	MPREb_udqA1xCuY0N	UCMnsKyGUdnQndvAN1ckP_IA	ym 2020s early mb albums p1
June 9th Nighttime	Florist	Florist	INDIFFERENT	39MbiCNZVnI	MPREb_udqA1xCuY0N	UCMnsKyGUdnQndvAN1ckP_IA	ym 2020s early mb albums p1
Jonnie on the Porch	Florist	Florist	INDIFFERENT	HGXiPUSqSKg	MPREb_udqA1xCuY0N	UCMnsKyGUdnQndvAN1ckP_IA	ym 2020s early mb albums p1
Finally	Florist	Florist	INDIFFERENT	o4Rhu5kdXmw	MPREb_udqA1xCuY0N	UCMnsKyGUdnQndvAN1ckP_IA	ym 2020s early mb albums p1
Feathers	Florist	Florist	INDIFFERENT	EOFc4HjaeXo	MPREb_udqA1xCuY0N	UCMnsKyGUdnQndvAN1ckP_IA	ym 2020s early mb albums p1
Duet for Guitar and Rain	Florist	Florist	INDIFFERENT	aIjS0jd7VNk	MPREb_udqA1xCuY0N	UCMnsKyGUdnQndvAN1ckP_IA	ym 2020s early mb albums p1
Duet for 2 Eyes	Florist	Florist	INDIFFERENT	izP3vrqkptQ	MPREb_udqA1xCuY0N	UCMnsKyGUdnQndvAN1ckP_IA	ym 2020s early mb albums p1
Dandelion	Florist	Florist	INDIFFERENT	sRMCa9oR-JY	MPREb_udqA1xCuY0N	UCMnsKyGUdnQndvAN1ckP_IA	ym 2020s early mb albums p1
Bells Pt. 3	Florist	Florist	INDIFFERENT	IShDRvthEuQ	MPREb_udqA1xCuY0N	UCMnsKyGUdnQndvAN1ckP_IA	ym 2020s early mb albums p1
Bells Pt. 2	Florist	Florist	INDIFFERENT	FQkTRBGyKtI	MPREb_udqA1xCuY0N	UCMnsKyGUdnQndvAN1ckP_IA	ym 2020s early mb albums p1
Bells Pt. 1	Florist	Florist	INDIFFERENT	zffzDneB0nU	MPREb_udqA1xCuY0N	UCMnsKyGUdnQndvAN1ckP_IA	ym 2020s early mb albums p1
43	Florist	Florist	INDIFFERENT	RJVJWRK8s5I	MPREb_udqA1xCuY0N	UCMnsKyGUdnQndvAN1ckP_IA	ym 2020s early mb albums p1
The Bomb	Florence + The Machine	Dance Fever (Complete Edition)	INDIFFERENT	G5IgLIIaBEk	MPREb_pE98L3mzJD5	UCkmCGbrGa7yNrRl_NHrOaTw	ym 2020s early mb albums p1
Restraint	Florence + The Machine	Dance Fever (Complete Edition)	INDIFFERENT	zzdcq5I8Yec	MPREb_pE98L3mzJD5	UCkmCGbrGa7yNrRl_NHrOaTw	ym 2020s early mb albums p1
Prayer Factory	Florence + The Machine	Dance Fever (Complete Edition)	INDIFFERENT	Vo1kcBezlwg	MPREb_pE98L3mzJD5	UCkmCGbrGa7yNrRl_NHrOaTw	ym 2020s early mb albums p1
My Love (Poem Version)	Florence + The Machine	Dance Fever (Complete Edition)	INDIFFERENT	lj1JwaEdShw	MPREb_pE98L3mzJD5	UCkmCGbrGa7yNrRl_NHrOaTw	ym 2020s early mb albums p1
My Love	Florence + The Machine	Dance Fever (Complete Edition)	INDIFFERENT	1OXlAdSzFfc	MPREb_pE98L3mzJD5	UCkmCGbrGa7yNrRl_NHrOaTw	ym 2020s early mb albums p1
Morning Elvis	Florence + The Machine	Dance Fever (Complete Edition)	INDIFFERENT	U1fu9hFD0rI	MPREb_pE98L3mzJD5	UCkmCGbrGa7yNrRl_NHrOaTw	ym 2020s early mb albums p1
Mermaids	Florence + The Machine	Dance Fever (Complete Edition)	INDIFFERENT	4rMJAsumr-0	MPREb_pE98L3mzJD5	UCkmCGbrGa7yNrRl_NHrOaTw	ym 2020s early mb albums p1
King (Poem Version)	Florence + The Machine	Dance Fever (Complete Edition)	INDIFFERENT	ogBOlBw-rs4	MPREb_pE98L3mzJD5	UCkmCGbrGa7yNrRl_NHrOaTw	ym 2020s early mb albums p1
King	Florence + The Machine	Dance Fever (Complete Edition)	INDIFFERENT	3lRHy-NM5lY	MPREb_pE98L3mzJD5	UCkmCGbrGa7yNrRl_NHrOaTw	ym 2020s early mb albums p1
Heaven Is Here	Florence + The Machine	Dance Fever (Complete Edition)	INDIFFERENT	68R6Q4hiX9I	MPREb_pE98L3mzJD5	UCkmCGbrGa7yNrRl_NHrOaTw	ym 2020s early mb albums p1
Girls Against God	Florence + The Machine	Dance Fever (Complete Edition)	INDIFFERENT	WbyeHtdSwL4	MPREb_pE98L3mzJD5	UCkmCGbrGa7yNrRl_NHrOaTw	ym 2020s early mb albums p1
Free	Florence + The Machine	Dance Fever (Complete Edition)	INDIFFERENT	XvLBesRQHqs	MPREb_pE98L3mzJD5	UCkmCGbrGa7yNrRl_NHrOaTw	ym 2020s early mb albums p1
Dream Girl Evil	Florence + The Machine	Dance Fever (Complete Edition)	INDIFFERENT	Ldecf2wj52s	MPREb_pE98L3mzJD5	UCkmCGbrGa7yNrRl_NHrOaTw	ym 2020s early mb albums p1
Daffodil	Florence + The Machine	Dance Fever (Complete Edition)	INDIFFERENT	UGaHiFYzI-M	MPREb_pE98L3mzJD5	UCkmCGbrGa7yNrRl_NHrOaTw	ym 2020s early mb albums p1
Choreomania	Florence + The Machine	Dance Fever (Complete Edition)	INDIFFERENT	_VgpXmLbPdo	MPREb_pE98L3mzJD5	UCkmCGbrGa7yNrRl_NHrOaTw	ym 2020s early mb albums p1
Cassandra (Poem Version)	Florence + The Machine	Dance Fever (Complete Edition)	INDIFFERENT	_BXtSUCri74	MPREb_pE98L3mzJD5	UCkmCGbrGa7yNrRl_NHrOaTw	ym 2020s early mb albums p1
Cassandra	Florence + The Machine	Dance Fever (Complete Edition)	INDIFFERENT	MbozoIbunUU	MPREb_pE98L3mzJD5	UCkmCGbrGa7yNrRl_NHrOaTw	ym 2020s early mb albums p1
Back In Town	Florence + The Machine	Dance Fever (Complete Edition)	INDIFFERENT	LzuaaBHBdCw	MPREb_pE98L3mzJD5	UCkmCGbrGa7yNrRl_NHrOaTw	ym 2020s early mb albums p1
Movement 9	Floating Points, Pharoah Sanders, & The London Symphony Orchestra	Promises	INDIFFERENT	dc_WwtK6xTI	MPREb_ZZsSUVTqG5U		ym 2020s early mb albums p1
Vocoder [Club Mix]	Floating Points	Cascade	INDIFFERENT	mPwysZxY9yg	MPREb_aqBpoQGU9Lc	UCHLmGIlqt6qD8JlWIlWhs0A	ym 2020s early mb albums p1
Tilt Shift	Floating Points	Cascade	INDIFFERENT	wLrVQJ6lDSM	MPREb_aqBpoQGU9Lc	UCHLmGIlqt6qD8JlWIlWhs0A	ym 2020s early mb albums p1
Del Oro	Floating Points	Cascade	INDIFFERENT	8EvlmEcJun8	MPREb_aqBpoQGU9Lc	UCHLmGIlqt6qD8JlWIlWhs0A	ym 2020s early mb albums p1
Afflecks Palace	Floating Points	Cascade	INDIFFERENT	5iiwn04MPIY	MPREb_aqBpoQGU9Lc	UCHLmGIlqt6qD8JlWIlWhs0A	ym 2020s early mb albums p1
Ablaze	Floating Points	Cascade	INDIFFERENT	ieZ8Q3-azxs	MPREb_aqBpoQGU9Lc	UCHLmGIlqt6qD8JlWIlWhs0A	ym 2020s early mb albums p1
Weak	Flo Milli	Ho, why is you here ?	INDIFFERENT	zLoS2hsscww	MPREb_Um3MEhiEUvY	UCSY7W__age2kaQtv-OjgLIw	ym 2020s early mb albums p1
Send The Addy	Flo Milli	Ho, why is you here ?	INDIFFERENT	YThDkv5rzdo	MPREb_Um3MEhiEUvY	UCSY7W__age2kaQtv-OjgLIw	ym 2020s early mb albums p1
Scuse Me	Flo Milli	Ho, why is you here ?	INDIFFERENT	CIB7QVzE5sU	MPREb_Um3MEhiEUvY	UCSY7W__age2kaQtv-OjgLIw	ym 2020s early mb albums p1
Pussycat Doll	Flo Milli	Ho, why is you here ?	INDIFFERENT	0jdV2u332EI	MPREb_Um3MEhiEUvY	UCSY7W__age2kaQtv-OjgLIw	ym 2020s early mb albums p1
Pockets Bigger	Flo Milli	Ho, why is you here ?	INDIFFERENT	h5lbXQWwTrA	MPREb_Um3MEhiEUvY	UCSY7W__age2kaQtv-OjgLIw	ym 2020s early mb albums p1
Not Friendly	Flo Milli	Ho, why is you here ?	INDIFFERENT	b19AYcJV5Q8	MPREb_Um3MEhiEUvY	UCSY7W__age2kaQtv-OjgLIw	ym 2020s early mb albums p1
Mood Everyday (Intro)	Flo Milli	Ho, why is you here ?	INDIFFERENT	yyUDHK8HzBo	MPREb_Um3MEhiEUvY	UCSY7W__age2kaQtv-OjgLIw	ym 2020s early mb albums p1
May I	Flo Milli	Ho, why is you here ?	INDIFFERENT	zX97cbcTTr4	MPREb_Um3MEhiEUvY	UCSY7W__age2kaQtv-OjgLIw	ym 2020s early mb albums p1
Like That Bitch	Flo Milli	Ho, why is you here ?	INDIFFERENT	AfCHRCWRNm4	MPREb_Um3MEhiEUvY	UCSY7W__age2kaQtv-OjgLIw	ym 2020s early mb albums p1
In The Party	Flo Milli	Ho, why is you here ?	INDIFFERENT	VYkh7uxW3Zg	MPREb_Um3MEhiEUvY	UCSY7W__age2kaQtv-OjgLIw	ym 2020s early mb albums p1
Beef FloMix	Flo Milli	Ho, why is you here ?	INDIFFERENT	4il5ph9Q-uQ	MPREb_Um3MEhiEUvY	UCSY7W__age2kaQtv-OjgLIw	ym 2020s early mb albums p1
19	Flo Milli	Ho, why is you here ?	INDIFFERENT	9ZVuPwsOjY0	MPREb_Um3MEhiEUvY	UCSY7W__age2kaQtv-OjgLIw	ym 2020s early mb albums p1
Wading In Waist-High Water	Fleet Foxes	Shore	INDIFFERENT	aN76CmldknI	MPREb_CUamDFBnscS	UCOz1sUIzEHqm8kylpb0W-Fg	ym 2020s early mb albums p1
Thymia	Fleet Foxes	Shore	INDIFFERENT	HHzZjGStO-w	MPREb_CUamDFBnscS	UCOz1sUIzEHqm8kylpb0W-Fg	ym 2020s early mb albums p1
Quiet Air / Gioia	Fleet Foxes	Shore	INDIFFERENT	8x2_6sUqeQM	MPREb_CUamDFBnscS	UCOz1sUIzEHqm8kylpb0W-Fg	ym 2020s early mb albums p1
I'm Not My Season	Fleet Foxes	Shore	INDIFFERENT	fERHyI4sPUU	MPREb_CUamDFBnscS	UCOz1sUIzEHqm8kylpb0W-Fg	ym 2020s early mb albums p1
For A Week Or Two	Fleet Foxes	Shore	INDIFFERENT	hkIGMchhd_M	MPREb_CUamDFBnscS	UCOz1sUIzEHqm8kylpb0W-Fg	ym 2020s early mb albums p1
Cradling Mother, Cradling Woman	Fleet Foxes	Shore	INDIFFERENT	jF3MYBOZPdQ	MPREb_CUamDFBnscS	UCOz1sUIzEHqm8kylpb0W-Fg	ym 2020s early mb albums p1
A Long Way Past The Past	Fleet Foxes	Shore	INDIFFERENT	seZ0fkraNQs	MPREb_CUamDFBnscS	UCOz1sUIzEHqm8kylpb0W-Fg	ym 2020s early mb albums p1
White Winter Hymnal (Live On Boston Harbor)	Fleet Foxes	Live On Boston Harbor	INDIFFERENT	dTBU5rtuebo	MPREb_tEZlGTjL2Fm	UCOz1sUIzEHqm8kylpb0W-Fg	ym 2020s early mb albums p1
Wading In Waist-High Water (Live On Boston Harbor)	Fleet Foxes	Live On Boston Harbor	INDIFFERENT	PoqGjuxfyqs	MPREb_tEZlGTjL2Fm	UCOz1sUIzEHqm8kylpb0W-Fg	ym 2020s early mb albums p1
The Shrine / An Argument (Live On Boston Harbor)	Fleet Foxes	Live On Boston Harbor	INDIFFERENT	Vbe15ZM1H4k	MPREb_tEZlGTjL2Fm	UCOz1sUIzEHqm8kylpb0W-Fg	ym 2020s early mb albums p1
The Kiss (Live On Boston Harbor)	Fleet Foxes	Live On Boston Harbor	INDIFFERENT	drGzPkEs00k	MPREb_tEZlGTjL2Fm	UCOz1sUIzEHqm8kylpb0W-Fg	ym 2020s early mb albums p1
Sunblind (Live On Boston Harbor)	Fleet Foxes	Live On Boston Harbor	INDIFFERENT	drvcuOnJBgQ	MPREb_tEZlGTjL2Fm	UCOz1sUIzEHqm8kylpb0W-Fg	ym 2020s early mb albums p1
In The Morning (Live On Boston Harbor)	Fleet Foxes	Live On Boston Harbor	INDIFFERENT	VVJH1Dt80xg	MPREb_tEZlGTjL2Fm	UCOz1sUIzEHqm8kylpb0W-Fg	ym 2020s early mb albums p1
I'm Not My Season (Live On Boston Harbor)	Fleet Foxes	Live On Boston Harbor	INDIFFERENT	fKUp5AJAyYw	MPREb_tEZlGTjL2Fm	UCOz1sUIzEHqm8kylpb0W-Fg	ym 2020s early mb albums p1
Helplessness Blues (Live On Boston Harbor)	Fleet Foxes	Live On Boston Harbor	INDIFFERENT	qIBO35RBh-4	MPREb_tEZlGTjL2Fm	UCOz1sUIzEHqm8kylpb0W-Fg	ym 2020s early mb albums p1
Going-To-The-Sun Road (Live On Boston Harbor)	Fleet Foxes	Live On Boston Harbor	INDIFFERENT	C0ChjErvY7I	MPREb_tEZlGTjL2Fm	UCOz1sUIzEHqm8kylpb0W-Fg	ym 2020s early mb albums p1
For A Week Or Two (Live On Boston Harbor)	Fleet Foxes	Live On Boston Harbor	INDIFFERENT	SXoN8uPLOH8	MPREb_tEZlGTjL2Fm	UCOz1sUIzEHqm8kylpb0W-Fg	ym 2020s early mb albums p1
Featherweight (Live On Boston Harbor)	Fleet Foxes	Live On Boston Harbor	INDIFFERENT	GJ1NQRQ2SC4	MPREb_tEZlGTjL2Fm	UCOz1sUIzEHqm8kylpb0W-Fg	ym 2020s early mb albums p1
A Long Way Past the Past (Live On Boston Harbor)	Fleet Foxes	Live On Boston Harbor	INDIFFERENT	tbAaEqhMxeE	MPREb_tEZlGTjL2Fm	UCOz1sUIzEHqm8kylpb0W-Fg	ym 2020s early mb albums p1
Under The Table	Fiona Apple	Fetch The Bolt Cutters	INDIFFERENT	wepBOvGJ824	MPREb_THra6CyCfb4	UCLKPWf8Xm8m_VMb6i4PsMZg	ym 2020s early mb albums p1
On I Go	Fiona Apple	Fetch The Bolt Cutters	INDIFFERENT	vbfaygk0Z9o	MPREb_THra6CyCfb4	UCLKPWf8Xm8m_VMb6i4PsMZg	ym 2020s early mb albums p1
I Want You To Love Me	Fiona Apple	Fetch The Bolt Cutters	INDIFFERENT	tdp3LPK7cGA	MPREb_THra6CyCfb4	UCLKPWf8Xm8m_VMb6i4PsMZg	ym 2020s early mb albums p1
For Her	Fiona Apple	Fetch The Bolt Cutters	INDIFFERENT	aGsKQOSdK0o	MPREb_THra6CyCfb4	UCLKPWf8Xm8m_VMb6i4PsMZg	ym 2020s early mb albums p1
Drumset	Fiona Apple	Fetch The Bolt Cutters	INDIFFERENT	b7a3c2u0Gb0	MPREb_THra6CyCfb4	UCLKPWf8Xm8m_VMb6i4PsMZg	ym 2020s early mb albums p1
Whys	Fine	Rocky Top Ballads	INDIFFERENT	b3r-Fm9Zcdg	MPREb_GSRC4bnnfs9	UCsM4r0YtMdJcNfwCd1p-22A	ym 2020s early mb albums p1
Smile?	Fine	Rocky Top Ballads	INDIFFERENT	CJ_zYljOJHY	MPREb_GSRC4bnnfs9	UCsM4r0YtMdJcNfwCd1p-22A	ym 2020s early mb albums p1
Remember the Heart	Fine	Rocky Top Ballads	INDIFFERENT	0Syh9lYWkt0	MPREb_GSRC4bnnfs9	UCsM4r0YtMdJcNfwCd1p-22A	ym 2020s early mb albums p1
Losing Tennessee	Fine	Rocky Top Ballads	INDIFFERENT	Md03tnOMBgw	MPREb_GSRC4bnnfs9	UCsM4r0YtMdJcNfwCd1p-22A	ym 2020s early mb albums p1
Days Incomplete	Fine	Rocky Top Ballads	INDIFFERENT	aOMqZIKqF-A	MPREb_GSRC4bnnfs9	UCsM4r0YtMdJcNfwCd1p-22A	ym 2020s early mb albums p1
Coasting	Fine	Rocky Top Ballads	INDIFFERENT	YzOHJ-EPE4w	MPREb_GSRC4bnnfs9	UCsM4r0YtMdJcNfwCd1p-22A	ym 2020s early mb albums p1
Big Muzzy	Fine	Rocky Top Ballads	INDIFFERENT	V1XeemC7NL0	MPREb_GSRC4bnnfs9	UCsM4r0YtMdJcNfwCd1p-22A	ym 2020s early mb albums p1
Adore You	Fine	Rocky Top Ballads	INDIFFERENT	7_Z79Yssgkk	MPREb_GSRC4bnnfs9	UCsM4r0YtMdJcNfwCd1p-22A	ym 2020s early mb albums p1
A/B	Fine	Rocky Top Ballads	INDIFFERENT	X_pE81_Hk_8	MPREb_GSRC4bnnfs9	UCsM4r0YtMdJcNfwCd1p-22A	ym 2020s early mb albums p1
A Star	Fine	Rocky Top Ballads	INDIFFERENT	zEVC7BEW6Kw	MPREb_GSRC4bnnfs9	UCsM4r0YtMdJcNfwCd1p-22A	ym 2020s early mb albums p1
Would You Rather?	Fievel Is Glauque	Rong Weicknes	INDIFFERENT	kCr0lfJlplE	MPREb_DhzXDOEAbpi	UCOZ9_-4UkmzbJgu6USiWBYA	ym 2020s early mb albums p1
Transparent	Fievel Is Glauque	Rong Weicknes	INDIFFERENT	vAOFFNssbyA	MPREb_DhzXDOEAbpi	UCOZ9_-4UkmzbJgu6USiWBYA	ym 2020s early mb albums p1
Toute Suite	Fievel Is Glauque	Rong Weicknes	INDIFFERENT	Y1jTu2xvg88	MPREb_DhzXDOEAbpi	UCOZ9_-4UkmzbJgu6USiWBYA	ym 2020s early mb albums p1
Rong Weicknes	Fievel Is Glauque	Rong Weicknes	INDIFFERENT	uheSt6a8GyE	MPREb_DhzXDOEAbpi	UCOZ9_-4UkmzbJgu6USiWBYA	ym 2020s early mb albums p1
My Oubliette	Fievel Is Glauque	Rong Weicknes	INDIFFERENT	zhdHGPOQNfI	MPREb_DhzXDOEAbpi	UCOZ9_-4UkmzbJgu6USiWBYA	ym 2020s early mb albums p1
Love Weapon	Fievel Is Glauque	Rong Weicknes	INDIFFERENT	lm118vRmlY0	MPREb_DhzXDOEAbpi	UCOZ9_-4UkmzbJgu6USiWBYA	ym 2020s early mb albums p1
Kayfabe	Fievel Is Glauque	Rong Weicknes	INDIFFERENT	LmV0DKlB7ho	MPREb_DhzXDOEAbpi	UCOZ9_-4UkmzbJgu6USiWBYA	ym 2020s early mb albums p1
It's So Easy	Fievel Is Glauque	Rong Weicknes	INDIFFERENT	xxKcsuJPzCw	MPREb_DhzXDOEAbpi	UCOZ9_-4UkmzbJgu6USiWBYA	ym 2020s early mb albums p1
I'm Scanning Things I Can't See	Fievel Is Glauque	Rong Weicknes	INDIFFERENT	-3PnOcxSiN4	MPREb_DhzXDOEAbpi	UCOZ9_-4UkmzbJgu6USiWBYA	ym 2020s early mb albums p1
Hover	Fievel Is Glauque	Rong Weicknes	INDIFFERENT	r3OpZsYnc2w	MPREb_DhzXDOEAbpi	UCOZ9_-4UkmzbJgu6USiWBYA	ym 2020s early mb albums p1
Haut Contre Bas	Fievel Is Glauque	Rong Weicknes	INDIFFERENT	lQsQkfEwMMo	MPREb_DhzXDOEAbpi	UCOZ9_-4UkmzbJgu6USiWBYA	ym 2020s early mb albums p1
Great Blues	Fievel Is Glauque	Rong Weicknes	INDIFFERENT	1I-weDWnoJA	MPREb_DhzXDOEAbpi	UCOZ9_-4UkmzbJgu6USiWBYA	ym 2020s early mb albums p1
Eternal Irises	Fievel Is Glauque	Rong Weicknes	INDIFFERENT	2hwAm_Nzisg	MPREb_DhzXDOEAbpi	UCOZ9_-4UkmzbJgu6USiWBYA	ym 2020s early mb albums p1
Dark Dancing	Fievel Is Glauque	Rong Weicknes	INDIFFERENT	TZzQOWF4V80	MPREb_DhzXDOEAbpi	UCOZ9_-4UkmzbJgu6USiWBYA	ym 2020s early mb albums p1
As Above So Below	Fievel Is Glauque	Rong Weicknes	INDIFFERENT	41ToBtPiQpE	MPREb_DhzXDOEAbpi	UCOZ9_-4UkmzbJgu6USiWBYA	ym 2020s early mb albums p1
What They Call Us	Fever Ray	Radical Romantics	INDIFFERENT	fKICRwvO5Ws	MPREb_IBXyjzcjVyJ	UCRaHFNd1y3DzyPHSLSeIR-Q	ym 2020s early mb albums p1
Tapping Fingers	Fever Ray	Radical Romantics	INDIFFERENT	Ia804lSkgOQ	MPREb_IBXyjzcjVyJ	UCRaHFNd1y3DzyPHSLSeIR-Q	ym 2020s early mb albums p1
North	Fever Ray	Radical Romantics	INDIFFERENT	ayzJXKrp_4g	MPREb_IBXyjzcjVyJ	UCRaHFNd1y3DzyPHSLSeIR-Q	ym 2020s early mb albums p1
New Utensils	Fever Ray	Radical Romantics	INDIFFERENT	n5zCB_s77A0	MPREb_IBXyjzcjVyJ	UCRaHFNd1y3DzyPHSLSeIR-Q	ym 2020s early mb albums p1
Looking For A Ghost	Fever Ray	Radical Romantics	INDIFFERENT	wtSQVwxjfug	MPREb_IBXyjzcjVyJ	UCRaHFNd1y3DzyPHSLSeIR-Q	ym 2020s early mb albums p1
Kandy	Fever Ray	Radical Romantics	INDIFFERENT	6MaNXbJR87s	MPREb_IBXyjzcjVyJ	UCRaHFNd1y3DzyPHSLSeIR-Q	ym 2020s early mb albums p1
Even It Out	Fever Ray	Radical Romantics	INDIFFERENT	kHU45KBKnq8	MPREb_IBXyjzcjVyJ	UCRaHFNd1y3DzyPHSLSeIR-Q	ym 2020s early mb albums p1
Carbon Dioxide	Fever Ray	Radical Romantics	INDIFFERENT	VGlAEYP7Dkc	MPREb_IBXyjzcjVyJ	UCRaHFNd1y3DzyPHSLSeIR-Q	ym 2020s early mb albums p1
Yield	Fergus Jones	Ephemera	INDIFFERENT	VCrgcYFxR5g	MPREb_FHzZHt0nq0y	UCBJHXTuQfQC4ulPnHUQsKWg	ym 2020s early mb albums p1
Tight Knit (feat. Birthmark, ELDON & Withdrawn)	Fergus Jones	Ephemera	INDIFFERENT	O9Fps2Qzyyg	MPREb_FHzZHt0nq0y	UCBJHXTuQfQC4ulPnHUQsKWg	ym 2020s early mb albums p1
Stack	Fergus Jones	Ephemera	INDIFFERENT	KgYkR9skYEM	MPREb_FHzZHt0nq0y	UCBJHXTuQfQC4ulPnHUQsKWg	ym 2020s early mb albums p1
It Should Be (Free) (feat. Huerco S.)	Fergus Jones	Ephemera	INDIFFERENT	IRQw-hhf3C0	MPREb_FHzZHt0nq0y	UCBJHXTuQfQC4ulPnHUQsKWg	ym 2020s early mb albums p1
Heima (feat. Huerco S. & James K)	Fergus Jones	Ephemera	INDIFFERENT	9kQrwdvQcls	MPREb_FHzZHt0nq0y	UCBJHXTuQfQC4ulPnHUQsKWg	ym 2020s early mb albums p1
Heap	Fergus Jones	Ephemera	INDIFFERENT	A0M4Nf1MKrU	MPREb_FHzZHt0nq0y	UCBJHXTuQfQC4ulPnHUQsKWg	ym 2020s early mb albums p1
Can't Touch (feat. Laila Sakini)	Fergus Jones	Ephemera	INDIFFERENT	JwLjM_0ksss	MPREb_FHzZHt0nq0y	UCBJHXTuQfQC4ulPnHUQsKWg	ym 2020s early mb albums p1
Been Here (And Gone) (feat. Koreless)	Fergus Jones	Ephemera	INDIFFERENT	ygJI8Y1k7fw	MPREb_FHzZHt0nq0y	UCBJHXTuQfQC4ulPnHUQsKWg	ym 2020s early mb albums p1
A Leap (feat. Lia T)	Fergus Jones	Ephemera	INDIFFERENT	jz86yc1XktE	MPREb_FHzZHt0nq0y	UCBJHXTuQfQC4ulPnHUQsKWg	ym 2020s early mb albums p1
I'm Warping Here	Feng Suave	Warping Youth	INDIFFERENT	wkwfdMt-4V8	MPREb_IndO4IgWNfP	UCZnFQRvNqTB2Wrdsifs1FVw	ym 2020s early mb albums p1
Day One	Feng Suave	Warping Youth	INDIFFERENT	KfjV5uLAZnA	MPREb_IndO4IgWNfP	UCZnFQRvNqTB2Wrdsifs1FVw	ym 2020s early mb albums p1
Of Womankind	Feist	Multitudes	INDIFFERENT	ctaLnVYwotc	MPREb_VEtj0tVgs9w	UCpqoOPpIfyUu6qCh-i-lUtQ	ym 2020s early mb albums p1
Martyr Moves	Feist	Multitudes	INDIFFERENT	dnUsLYfrc3k	MPREb_VEtj0tVgs9w	UCpqoOPpIfyUu6qCh-i-lUtQ	ym 2020s early mb albums p1
Love Who We Are Meant To	Feist	Multitudes	INDIFFERENT	5H2nsgCO55o	MPREb_VEtj0tVgs9w	UCpqoOPpIfyUu6qCh-i-lUtQ	ym 2020s early mb albums p1
In Lightning	Feist	Multitudes	INDIFFERENT	FqxOBxFRgHY	MPREb_VEtj0tVgs9w	UCpqoOPpIfyUu6qCh-i-lUtQ	ym 2020s early mb albums p1
I Took All Of My Rings Off	Feist	Multitudes	INDIFFERENT	QlpnNXmqhBw	MPREb_VEtj0tVgs9w	UCpqoOPpIfyUu6qCh-i-lUtQ	ym 2020s early mb albums p1
Forever Before	Feist	Multitudes	INDIFFERENT	D8-M5JawmOY	MPREb_VEtj0tVgs9w	UCpqoOPpIfyUu6qCh-i-lUtQ	ym 2020s early mb albums p1
Calling All The Gods	Feist	Multitudes	INDIFFERENT	82F2WcAbhnc	MPREb_VEtj0tVgs9w	UCpqoOPpIfyUu6qCh-i-lUtQ	ym 2020s early mb albums p1
Borrow Trouble	Feist	Multitudes	INDIFFERENT	TdmGarf8M3s	MPREb_VEtj0tVgs9w	UCpqoOPpIfyUu6qCh-i-lUtQ	ym 2020s early mb albums p1
Become The Earth	Feist	Multitudes	INDIFFERENT	f2oIGS4Oho4	MPREb_VEtj0tVgs9w	UCpqoOPpIfyUu6qCh-i-lUtQ	ym 2020s early mb albums p1
Sometimes	Faye Webster	I Know I'm Funny haha	INDIFFERENT	O1ZvnZUe7fo	MPREb_fJJZrZ3EaRi	UCdKJ6iMnCsPcTDB5p510Ztg	ym 2020s early mb albums p1
Overslept (feat. mei ehara)	Faye Webster	I Know I'm Funny haha	INDIFFERENT	jNgAipVS_7s	MPREb_fJJZrZ3EaRi	UCdKJ6iMnCsPcTDB5p510Ztg	ym 2020s early mb albums p1
Kind Of	Faye Webster	I Know I'm Funny haha	INDIFFERENT	GNJTdyESMgk	MPREb_fJJZrZ3EaRi	UCdKJ6iMnCsPcTDB5p510Ztg	ym 2020s early mb albums p1
In A Good Way	Faye Webster	I Know I'm Funny haha	INDIFFERENT	s7olpccix-w	MPREb_fJJZrZ3EaRi	UCdKJ6iMnCsPcTDB5p510Ztg	ym 2020s early mb albums p1
I Know I'm Funny haha	Faye Webster	I Know I'm Funny haha	INDIFFERENT	qbcTl_EaVlA	MPREb_fJJZrZ3EaRi	UCdKJ6iMnCsPcTDB5p510Ztg	ym 2020s early mb albums p1
Half of Me	Faye Webster	I Know I'm Funny haha	INDIFFERENT	1nxF9qEYIms	MPREb_fJJZrZ3EaRi	UCdKJ6iMnCsPcTDB5p510Ztg	ym 2020s early mb albums p1
Cheers	Faye Webster	I Know I'm Funny haha	INDIFFERENT	R_YncdKGrWA	MPREb_fJJZrZ3EaRi	UCdKJ6iMnCsPcTDB5p510Ztg	ym 2020s early mb albums p1
Both All The Time	Faye Webster	I Know I'm Funny haha	INDIFFERENT	LPMn3edg5KA	MPREb_fJJZrZ3EaRi	UCdKJ6iMnCsPcTDB5p510Ztg	ym 2020s early mb albums p1
Better Distractions	Faye Webster	I Know I'm Funny haha	INDIFFERENT	OcQd0n6lP5w	MPREb_fJJZrZ3EaRi	UCdKJ6iMnCsPcTDB5p510Ztg	ym 2020s early mb albums p1
A Stranger	Faye Webster	I Know I'm Funny haha	INDIFFERENT	iDvcO2F83ZE	MPREb_fJJZrZ3EaRi	UCdKJ6iMnCsPcTDB5p510Ztg	ym 2020s early mb albums p1
A Dream With a Baseball Player	Faye Webster	I Know I'm Funny haha	INDIFFERENT	ProTc68FfFg	MPREb_fJJZrZ3EaRi	UCdKJ6iMnCsPcTDB5p510Ztg	ym 2020s early mb albums p1
Summer’s Gone	Father John Misty	Mahashmashana	INDIFFERENT	r3zroNTxjtQ	MPREb_xXLmxLXU1la	UCbDizOzZ4qTxDBAVc5xbbAw	ym 2020s early mb albums p1
She Cleans Up	Father John Misty	Mahashmashana	INDIFFERENT	P8pg1qPX5ts	MPREb_xXLmxLXU1la	UCbDizOzZ4qTxDBAVc5xbbAw	ym 2020s early mb albums p1
Screamland	Father John Misty	Mahashmashana	INDIFFERENT	ERyW-MPKfa8	MPREb_xXLmxLXU1la	UCbDizOzZ4qTxDBAVc5xbbAw	ym 2020s early mb albums p1
Mental Health	Father John Misty	Mahashmashana	INDIFFERENT	FHd6L41k4hc	MPREb_xXLmxLXU1la	UCbDizOzZ4qTxDBAVc5xbbAw	ym 2020s early mb albums p1
Mahashmashana	Father John Misty	Mahashmashana	INDIFFERENT	AJZCXUl8zAo	MPREb_xXLmxLXU1la	UCbDizOzZ4qTxDBAVc5xbbAw	ym 2020s early mb albums p1
Josh Tillman and the Accidental Dose	Father John Misty	Mahashmashana	INDIFFERENT	rYU5sxINIGk	MPREb_xXLmxLXU1la	UCbDizOzZ4qTxDBAVc5xbbAw	ym 2020s early mb albums p1
I Guess Time Just Makes Fools of Us All	Father John Misty	Mahashmashana	INDIFFERENT	7cTXk3wjtus	MPREb_xXLmxLXU1la	UCbDizOzZ4qTxDBAVc5xbbAw	ym 2020s early mb albums p1
Being You	Father John Misty	Mahashmashana	INDIFFERENT	l4JkASaNOMU	MPREb_xXLmxLXU1la	UCbDizOzZ4qTxDBAVc5xbbAw	ym 2020s early mb albums p1
We Could Be Strangers	Father John Misty	Chloë and the Next 20th Century	INDIFFERENT	GawwVGJc2H8	MPREb_X69M9evvcVe	UCbDizOzZ4qTxDBAVc5xbbAw	ym 2020s early mb albums p1
The Next 20th Century	Father John Misty	Chloë and the Next 20th Century	INDIFFERENT	z5FoRhlGQK8	MPREb_X69M9evvcVe	UCbDizOzZ4qTxDBAVc5xbbAw	ym 2020s early mb albums p1
Only a Fool	Father John Misty	Chloë and the Next 20th Century	INDIFFERENT	Tqt4o6I-pbQ	MPREb_X69M9evvcVe	UCbDizOzZ4qTxDBAVc5xbbAw	ym 2020s early mb albums p1
Kiss Me (I Loved You)	Father John Misty	Chloë and the Next 20th Century	INDIFFERENT	ZyeOJ5XnihM	MPREb_X69M9evvcVe	UCbDizOzZ4qTxDBAVc5xbbAw	ym 2020s early mb albums p1
Goodbye Mr. Blue	Father John Misty	Chloë and the Next 20th Century	INDIFFERENT	Be1FcxCcBpM	MPREb_X69M9evvcVe	UCbDizOzZ4qTxDBAVc5xbbAw	ym 2020s early mb albums p1
Chloë	Father John Misty	Chloë and the Next 20th Century	INDIFFERENT	QsQKarETUuQ	MPREb_X69M9evvcVe	UCbDizOzZ4qTxDBAVc5xbbAw	ym 2020s early mb albums p1
Buddy's Rendezvous	Father John Misty	Chloë and the Next 20th Century	INDIFFERENT	Z9dT1bBrCMo	MPREb_X69M9evvcVe	UCbDizOzZ4qTxDBAVc5xbbAw	ym 2020s early mb albums p1
(Everything But) Her Love	Father John Misty	Chloë and the Next 20th Century	INDIFFERENT	bJ7xp66C7QM	MPREb_X69M9evvcVe	UCbDizOzZ4qTxDBAVc5xbbAw	ym 2020s early mb albums p1
WORKOUT	FaltyDL	In the Wake of Wolves	INDIFFERENT	8Yd9hRT5slQ	MPREb_7YyUlcKJj9t	UC-9fetHADtmYiwy-5MgDq6Q	ym 2020s early mb albums p1
Peter Around Town	FaltyDL	In the Wake of Wolves	INDIFFERENT	fR8UjVXoxAs	MPREb_7YyUlcKJj9t	UC-9fetHADtmYiwy-5MgDq6Q	ym 2020s early mb albums p1
No Self Their Own	FaltyDL	In the Wake of Wolves	INDIFFERENT	lkTeMx161rQ	MPREb_7YyUlcKJj9t	UC-9fetHADtmYiwy-5MgDq6Q	ym 2020s early mb albums p1
New Friends	FaltyDL	In the Wake of Wolves	INDIFFERENT	JtTmTa5UPfw	MPREb_7YyUlcKJj9t	UC-9fetHADtmYiwy-5MgDq6Q	ym 2020s early mb albums p1
Minds Protection	FaltyDL	In the Wake of Wolves	INDIFFERENT	d7uBuTUR_v4	MPREb_7YyUlcKJj9t	UC-9fetHADtmYiwy-5MgDq6Q	ym 2020s early mb albums p1
Mila's Dream (Mea Culpa)	FaltyDL	In the Wake of Wolves	INDIFFERENT	B5rffIA9HWs	MPREb_7YyUlcKJj9t	UC-9fetHADtmYiwy-5MgDq6Q	ym 2020s early mb albums p1
Mila Stands in a Meadow for the First Time Eating Strawberries	FaltyDL	In the Wake of Wolves	INDIFFERENT	5luTr9NjqbA	MPREb_7YyUlcKJj9t	UC-9fetHADtmYiwy-5MgDq6Q	ym 2020s early mb albums p1
I Need You	FaltyDL	In the Wake of Wolves	INDIFFERENT	X_8QS0WqdL0	MPREb_7YyUlcKJj9t	UC-9fetHADtmYiwy-5MgDq6Q	ym 2020s early mb albums p1
Half Spectrum	FaltyDL	In the Wake of Wolves	INDIFFERENT	z2RSL03MwN0	MPREb_7YyUlcKJj9t	UC-9fetHADtmYiwy-5MgDq6Q	ym 2020s early mb albums p1
GasGas	FaltyDL	In the Wake of Wolves	INDIFFERENT	jhsodGzWGcE	MPREb_7YyUlcKJj9t	UC-9fetHADtmYiwy-5MgDq6Q	ym 2020s early mb albums p1
Further	FaltyDL	In the Wake of Wolves	INDIFFERENT	DgCq-fVCftQ	MPREb_7YyUlcKJj9t	UC-9fetHADtmYiwy-5MgDq6Q	ym 2020s early mb albums p1
Full Spectrum	FaltyDL	In the Wake of Wolves	INDIFFERENT	AqUzKhvwC-w	MPREb_7YyUlcKJj9t	UC-9fetHADtmYiwy-5MgDq6Q	ym 2020s early mb albums p1
Forget Me Not	FaltyDL	In the Wake of Wolves	INDIFFERENT	yjlBhuxF1mo	MPREb_7YyUlcKJj9t	UC-9fetHADtmYiwy-5MgDq6Q	ym 2020s early mb albums p1
Stay With Me Through The Night	Fabiana Palladino	Fabiana Palladino	INDIFFERENT	hOCVzaqqRkg	MPREb_8ElMfW9EPD5	UCXUFhvQUc5sNWZV0ozv4VOA	ym 2020s early mb albums p1
Shoulda	Fabiana Palladino	Fabiana Palladino	INDIFFERENT	Zi96h3Bs0Xc	MPREb_8ElMfW9EPD5	UCXUFhvQUc5sNWZV0ozv4VOA	ym 2020s early mb albums p1
In The Fire	Fabiana Palladino	Fabiana Palladino	INDIFFERENT	K5g5EUXVkG4	MPREb_8ElMfW9EPD5	UCXUFhvQUc5sNWZV0ozv4VOA	ym 2020s early mb albums p1
I Care	Fabiana Palladino	Fabiana Palladino	INDIFFERENT	jR8mja_3oRA	MPREb_8ElMfW9EPD5	UCXUFhvQUc5sNWZV0ozv4VOA	ym 2020s early mb albums p1
I Can't Dream Anymore	Fabiana Palladino	Fabiana Palladino	INDIFFERENT	CpxYKrbf-UY	MPREb_8ElMfW9EPD5	UCXUFhvQUc5sNWZV0ozv4VOA	ym 2020s early mb albums p1
Give Me A Sign	Fabiana Palladino	Fabiana Palladino	INDIFFERENT	aQ212oE9DdU	MPREb_8ElMfW9EPD5	UCXUFhvQUc5sNWZV0ozv4VOA	ym 2020s early mb albums p1
Forever	Fabiana Palladino	Fabiana Palladino	INDIFFERENT	dYoRGj_RcE0	MPREb_8ElMfW9EPD5	UCXUFhvQUc5sNWZV0ozv4VOA	ym 2020s early mb albums p1
Deeper	Fabiana Palladino	Fabiana Palladino	INDIFFERENT	7ZWMmzBBxe4	MPREb_8ElMfW9EPD5	UCXUFhvQUc5sNWZV0ozv4VOA	ym 2020s early mb albums p1
Closer	Fabiana Palladino	Fabiana Palladino	INDIFFERENT	o9Aryw_hu6g	MPREb_8ElMfW9EPD5	UCXUFhvQUc5sNWZV0ozv4VOA	ym 2020s early mb albums p1
Can You Look In The Mirror?	Fabiana Palladino	Fabiana Palladino	INDIFFERENT	_9wtJS_YyDQ	MPREb_8ElMfW9EPD5	UCXUFhvQUc5sNWZV0ozv4VOA	ym 2020s early mb albums p1
A Moment Of Mystery (feat. Toro y Moi)	FKJ & Toro y Moi	V I N C E N T	INDIFFERENT	C6uaIod5Y4A	MPREb_6mO8e7Sf4En		ym 2020s early mb albums p1
Can't Stop (feat. Little Dragon)	FKJ & Little Dragon	V I N C E N T	INDIFFERENT	5gKeejv8BpQ	MPREb_6mO8e7Sf4En		ym 2020s early mb albums p1
Once Again I Close My Eyes	FKJ	V I N C E N T	INDIFFERENT	NVI7gpZ0U7c	MPREb_6mO8e7Sf4En	UCxcGxv-per5g7A9be800tQA	ym 2020s early mb albums p1
New Life	FKJ	V I N C E N T	INDIFFERENT	-Tp2b_lyk6o	MPREb_6mO8e7Sf4En	UCxcGxv-per5g7A9be800tQA	ym 2020s early mb albums p1
Let's Live	FKJ	V I N C E N T	INDIFFERENT	3XRWMLWH8nI	MPREb_6mO8e7Sf4En	UCxcGxv-per5g7A9be800tQA	ym 2020s early mb albums p1
IHM	FKJ	V I N C E N T	INDIFFERENT	HYJ1vvwivlw	MPREb_6mO8e7Sf4En	UCxcGxv-per5g7A9be800tQA	ym 2020s early mb albums p1
Greener	FKJ	V I N C E N T	INDIFFERENT	B7tz9HzVkqk	MPREb_6mO8e7Sf4En	UCxcGxv-per5g7A9be800tQA	ym 2020s early mb albums p1
Brass Necklace	FKJ	V I N C E N T	INDIFFERENT	PmAv0GhVYZ0	MPREb_6mO8e7Sf4En	UCxcGxv-per5g7A9be800tQA	ym 2020s early mb albums p1
which way (feat. dystopia)	FKA twigs	CAPRISONGS	INDIFFERENT	9FJYUFQCPEs	MPREb_M6gQHYJxgAM	UC_iqdQXYWYi_zCcd8q2G0rQ	ym 2020s early mb albums p1
track girl interlude	FKA twigs	CAPRISONGS	INDIFFERENT	ZQa2acSVepg	MPREb_M6gQHYJxgAM	UC_iqdQXYWYi_zCcd8q2G0rQ	ym 2020s early mb albums p1
thank you song	FKA twigs	CAPRISONGS	INDIFFERENT	k2H3Ha_1NWs	MPREb_M6gQHYJxgAM	UC_iqdQXYWYi_zCcd8q2G0rQ	ym 2020s early mb albums p1
tears in the club (feat. The Weeknd)	FKA twigs	CAPRISONGS	INDIFFERENT	5eauDY3MT0s	MPREb_M6gQHYJxgAM	UC_iqdQXYWYi_zCcd8q2G0rQ	ym 2020s early mb albums p1
papi bones (feat. shygirl)	FKA twigs	CAPRISONGS	INDIFFERENT	ZfQVHpYUtXc	MPREb_M6gQHYJxgAM	UC_iqdQXYWYi_zCcd8q2G0rQ	ym 2020s early mb albums p1
pamplemousse	FKA twigs	CAPRISONGS	INDIFFERENT	rE04LoZ9-XM	MPREb_M6gQHYJxgAM	UC_iqdQXYWYi_zCcd8q2G0rQ	ym 2020s early mb albums p1
oh my love	FKA twigs	CAPRISONGS	INDIFFERENT	fYJoUck8Vqk	MPREb_M6gQHYJxgAM	UC_iqdQXYWYi_zCcd8q2G0rQ	ym 2020s early mb albums p1
minds of men	FKA twigs	CAPRISONGS	INDIFFERENT	4DuCN64rs3s	MPREb_M6gQHYJxgAM	UC_iqdQXYWYi_zCcd8q2G0rQ	ym 2020s early mb albums p1
meta angel	FKA twigs	CAPRISONGS	INDIFFERENT	Mo2VAmnHZRw	MPREb_M6gQHYJxgAM	UC_iqdQXYWYi_zCcd8q2G0rQ	ym 2020s early mb albums p1
lightbeamers	FKA twigs	CAPRISONGS	INDIFFERENT	AsmQiUWUg-k	MPREb_M6gQHYJxgAM	UC_iqdQXYWYi_zCcd8q2G0rQ	ym 2020s early mb albums p1
jealousy (feat. rema)	FKA twigs	CAPRISONGS	INDIFFERENT	x7g_yNPgXnA	MPREb_M6gQHYJxgAM	UC_iqdQXYWYi_zCcd8q2G0rQ	ym 2020s early mb albums p1
honda (feat. pa salieu)	FKA twigs	CAPRISONGS	INDIFFERENT	PkWnCJkUjmc	MPREb_M6gQHYJxgAM	UC_iqdQXYWYi_zCcd8q2G0rQ	ym 2020s early mb albums p1
darjeeling (feat. jorja smith & unknown t)	FKA twigs	CAPRISONGS	INDIFFERENT	EIDSFcfWdcs	MPREb_M6gQHYJxgAM	UC_iqdQXYWYi_zCcd8q2G0rQ	ym 2020s early mb albums p1
careless (feat. daniel caesar)	FKA twigs	CAPRISONGS	INDIFFERENT	gTZw96z1Tp8	MPREb_M6gQHYJxgAM	UC_iqdQXYWYi_zCcd8q2G0rQ	ym 2020s early mb albums p1
caprisongs interlude (feat. Solo)	FKA twigs	CAPRISONGS	INDIFFERENT	NLJPGVU0ySc	MPREb_M6gQHYJxgAM	UC_iqdQXYWYi_zCcd8q2G0rQ	ym 2020s early mb albums p1
Ten Billion People	Explosions in the Sky	End	INDIFFERENT	yuR2TnV7qQw	MPREb_Ip5JzS8nvA2	UCIVIcUSH-dwFSEn9fNC6n1g	ym 2020s early mb albums p1
Peace Or Quiet	Explosions in the Sky	End	INDIFFERENT	EJad-anrZhg	MPREb_Ip5JzS8nvA2	UCIVIcUSH-dwFSEn9fNC6n1g	ym 2020s early mb albums p1
Loved Ones	Explosions in the Sky	End	INDIFFERENT	VL1GLBpcRB4	MPREb_Ip5JzS8nvA2	UCIVIcUSH-dwFSEn9fNC6n1g	ym 2020s early mb albums p1
It's Never Going To Stop	Explosions in the Sky	End	INDIFFERENT	QclVw3xExII	MPREb_Ip5JzS8nvA2	UCIVIcUSH-dwFSEn9fNC6n1g	ym 2020s early mb albums p1
All Mountains	Explosions in the Sky	End	INDIFFERENT	cgbkiinJdPc	MPREb_Ip5JzS8nvA2	UCIVIcUSH-dwFSEn9fNC6n1g	ym 2020s early mb albums p1
Surabaya	Ewan Jansen	Chroma Sea -EP	INDIFFERENT	P5m8cHsqr4Q	MPREb_AAzs5dDWdfW	UCBMeK31HxG0wAEm8JX4KyPw	ym 2020s early mb albums p1
Salt Circuit	Ewan Jansen	Chroma Sea -EP	INDIFFERENT	F8xATTFhcao	MPREb_AAzs5dDWdfW	UCBMeK31HxG0wAEm8JX4KyPw	ym 2020s early mb albums p1
Hydronexus	Ewan Jansen	Chroma Sea -EP	INDIFFERENT	nX67toUfeHs	MPREb_AAzs5dDWdfW	UCBMeK31HxG0wAEm8JX4KyPw	ym 2020s early mb albums p1
Faulty Gelfling	Ewan Jansen	Chroma Sea -EP	INDIFFERENT	5cdB6jIE3S4	MPREb_AAzs5dDWdfW	UCBMeK31HxG0wAEm8JX4KyPw	ym 2020s early mb albums p1
Cybercanisco	Ewan Jansen	Chroma Sea -EP	INDIFFERENT	PmBSHuuJn8M	MPREb_AAzs5dDWdfW	UCBMeK31HxG0wAEm8JX4KyPw	ym 2020s early mb albums p1
Brinewave	Ewan Jansen	Chroma Sea -EP	INDIFFERENT	eUYgGKNGxDg	MPREb_AAzs5dDWdfW	UCBMeK31HxG0wAEm8JX4KyPw	ym 2020s early mb albums p1
Teletype	Everything Everything	Raw Data Feel	INDIFFERENT	0mjUL7Y6ANQ	MPREb_C14LbwrPrCm	UCIRgFqoHHgmmdrr9zOeubXg	ym 2020s early mb albums p1
Software Greatman	Everything Everything	Raw Data Feel	INDIFFERENT	lgpMnO8M1Tg	MPREb_C14LbwrPrCm	UCIRgFqoHHgmmdrr9zOeubXg	ym 2020s early mb albums p1
Shark Week	Everything Everything	Raw Data Feel	INDIFFERENT	RT29DPUElpA	MPREb_C14LbwrPrCm	UCIRgFqoHHgmmdrr9zOeubXg	ym 2020s early mb albums p1
Pizza Boy	Everything Everything	Raw Data Feel	INDIFFERENT	5TheuP-X0RQ	MPREb_C14LbwrPrCm	UCIRgFqoHHgmmdrr9zOeubXg	ym 2020s early mb albums p1
My Computer	Everything Everything	Raw Data Feel	INDIFFERENT	3y4AIihQ6MA	MPREb_C14LbwrPrCm	UCIRgFqoHHgmmdrr9zOeubXg	ym 2020s early mb albums p1
Metroland Is Burning	Everything Everything	Raw Data Feel	INDIFFERENT	hr3H02-VeQs	MPREb_C14LbwrPrCm	UCIRgFqoHHgmmdrr9zOeubXg	ym 2020s early mb albums p1
Leviathan	Everything Everything	Raw Data Feel	INDIFFERENT	eerlmJHgsBI	MPREb_C14LbwrPrCm	UCIRgFqoHHgmmdrr9zOeubXg	ym 2020s early mb albums p1
Kevin’s Car	Everything Everything	Raw Data Feel	INDIFFERENT	aPX5tTUQvTM	MPREb_C14LbwrPrCm	UCIRgFqoHHgmmdrr9zOeubXg	ym 2020s early mb albums p1
Jennifer	Everything Everything	Raw Data Feel	INDIFFERENT	Vdn2wbTaUfs	MPREb_C14LbwrPrCm	UCIRgFqoHHgmmdrr9zOeubXg	ym 2020s early mb albums p1
I Want A Love Like This	Everything Everything	Raw Data Feel	INDIFFERENT	cRuOKJHMaRM	MPREb_C14LbwrPrCm	UCIRgFqoHHgmmdrr9zOeubXg	ym 2020s early mb albums p1
HEX	Everything Everything	Raw Data Feel	INDIFFERENT	-Qylb9Z4fCk	MPREb_C14LbwrPrCm	UCIRgFqoHHgmmdrr9zOeubXg	ym 2020s early mb albums p1
Cut UP!	Everything Everything	Raw Data Feel	INDIFFERENT	oKCh3p8NB6c	MPREb_C14LbwrPrCm	UCIRgFqoHHgmmdrr9zOeubXg	ym 2020s early mb albums p1
Born Under A Meteor	Everything Everything	Raw Data Feel	INDIFFERENT	0vTF_66IzIE	MPREb_C14LbwrPrCm	UCIRgFqoHHgmmdrr9zOeubXg	ym 2020s early mb albums p1
Bad Friday	Everything Everything	Raw Data Feel	INDIFFERENT	iXQwaozaz2I	MPREb_C14LbwrPrCm	UCIRgFqoHHgmmdrr9zOeubXg	ym 2020s early mb albums p1
ooh	Erika de Casier	Still	INDIFFERENT	Dgrsuibc1eY	MPREb_taQhmPncJLb	UCBCz2nNFV4PUxFhft-muSSw	ym 2020s early mb albums p1
ice (feat. They Hate Change)	Erika de Casier	Still	INDIFFERENT	c5DoagMOS7o	MPREb_taQhmPncJLb	UCBCz2nNFV4PUxFhft-muSSw	ym 2020s early mb albums p1
Twice (feat. Blood Orange)	Erika de Casier	Still	INDIFFERENT	cCpZWbv_8a8	MPREb_taQhmPncJLb	UCBCz2nNFV4PUxFhft-muSSw	ym 2020s early mb albums p1
Toxic	Erika de Casier	Still	INDIFFERENT	vW6BGIRf9Fc	MPREb_taQhmPncJLb	UCBCz2nNFV4PUxFhft-muSSw	ym 2020s early mb albums p1
The Princess	Erika de Casier	Still	INDIFFERENT	PjOGOir5XLM	MPREb_taQhmPncJLb	UCBCz2nNFV4PUxFhft-muSSw	ym 2020s early mb albums p1
Test It	Erika de Casier	Still	INDIFFERENT	GF0YNAth4fo	MPREb_taQhmPncJLb	UCBCz2nNFV4PUxFhft-muSSw	ym 2020s early mb albums p1
Someone	Erika de Casier	Still	INDIFFERENT	Twxipt44Nco	MPREb_taQhmPncJLb	UCBCz2nNFV4PUxFhft-muSSw	ym 2020s early mb albums p1
Right This Way	Erika de Casier	Still	INDIFFERENT	8g6bCZ2v1yo	MPREb_taQhmPncJLb	UCBCz2nNFV4PUxFhft-muSSw	ym 2020s early mb albums p1
My Day Off	Erika de Casier	Still	INDIFFERENT	IuBf5AUGuGk	MPREb_taQhmPncJLb	UCBCz2nNFV4PUxFhft-muSSw	ym 2020s early mb albums p1
Lucky	Erika de Casier	Still	INDIFFERENT	Tfl5Yn_0r88	MPREb_taQhmPncJLb	UCBCz2nNFV4PUxFhft-muSSw	ym 2020s early mb albums p1
Home Alone	Erika de Casier	Still	INDIFFERENT	IAz5vQYaLN8	MPREb_taQhmPncJLb	UCBCz2nNFV4PUxFhft-muSSw	ym 2020s early mb albums p1
Ex-Girlfriend (feat. Shygirl)	Erika de Casier	Still	INDIFFERENT	8vwTQCRck7E	MPREb_taQhmPncJLb	UCBCz2nNFV4PUxFhft-muSSw	ym 2020s early mb albums p1
Believe It	Erika de Casier	Still	INDIFFERENT	EySpSzfPFI4	MPREb_taQhmPncJLb	UCBCz2nNFV4PUxFhft-muSSw	ym 2020s early mb albums p1
Anxious	Erika de Casier	Still	INDIFFERENT	ty3uPZ4zYns	MPREb_taQhmPncJLb	UCBCz2nNFV4PUxFhft-muSSw	ym 2020s early mb albums p1
Someone to Chill With	Erika de Casier	Sensational	INDIFFERENT	iiQZ8WqrMV8	MPREb_mtqVw4Ao0E7	UCBCz2nNFV4PUxFhft-muSSw	ym 2020s early mb albums p1
Secretly	Erika de Casier	Sensational	INDIFFERENT	K58xo8lfRJc	MPREb_mtqVw4Ao0E7	UCBCz2nNFV4PUxFhft-muSSw	ym 2020s early mb albums p1
Polite	Erika de Casier	Sensational	INDIFFERENT	ZqcwbDWCBtk	MPREb_mtqVw4Ao0E7	UCBCz2nNFV4PUxFhft-muSSw	ym 2020s early mb albums p1
No Butterflies, No Nothing	Erika de Casier	Sensational	INDIFFERENT	Pe0BMS7-neg	MPREb_mtqVw4Ao0E7	UCBCz2nNFV4PUxFhft-muSSw	ym 2020s early mb albums p1
Make My Day	Erika de Casier	Sensational	INDIFFERENT	nAI9ME8vGLM	MPREb_mtqVw4Ao0E7	UCBCz2nNFV4PUxFhft-muSSw	ym 2020s early mb albums p1
Insult Me	Erika de Casier	Sensational	INDIFFERENT	eXNuykq8DPk	MPREb_mtqVw4Ao0E7	UCBCz2nNFV4PUxFhft-muSSw	ym 2020s early mb albums p1
Friendly	Erika de Casier	Sensational	INDIFFERENT	qDtNJgXA3UA	MPREb_mtqVw4Ao0E7	UCBCz2nNFV4PUxFhft-muSSw	ym 2020s early mb albums p1
Drama	Erika de Casier	Sensational	INDIFFERENT	1Wc6nuWj6IU	MPREb_mtqVw4Ao0E7	UCBCz2nNFV4PUxFhft-muSSw	ym 2020s early mb albums p1
Call Me Anytime	Erika de Casier	Sensational	INDIFFERENT	LNszZBmTAtY	MPREb_mtqVw4Ao0E7	UCBCz2nNFV4PUxFhft-muSSw	ym 2020s early mb albums p1
Busy	Erika de Casier	Sensational	INDIFFERENT	XTWkdI5PWsY	MPREb_mtqVw4Ao0E7	UCBCz2nNFV4PUxFhft-muSSw	ym 2020s early mb albums p1
Better Than That	Erika de Casier	Sensational	INDIFFERENT	X_4nRJxmDTE	MPREb_mtqVw4Ao0E7	UCBCz2nNFV4PUxFhft-muSSw	ym 2020s early mb albums p1
All You Talk About	Erika de Casier	Sensational	INDIFFERENT	__HBwqjTiLo	MPREb_mtqVw4Ao0E7	UCBCz2nNFV4PUxFhft-muSSw	ym 2020s early mb albums p1
Acceptance (intermezzo)	Erika de Casier	Sensational	INDIFFERENT	v-EWCBt_dm8	MPREb_mtqVw4Ao0E7	UCBCz2nNFV4PUxFhft-muSSw	ym 2020s early mb albums p1
Fruit Flies	Enumclaw	Jimbo Demo	INDIFFERENT	ARIo8PGNHWE	MPREb_AOZDEJFCcM0	UCGTg95oDFiYrL5tAuN7nj0A	ym 2020s early mb albums p1
Free Drop Billy	Enumclaw	Jimbo Demo	INDIFFERENT	Pkp3cqf2JY8	MPREb_AOZDEJFCcM0	UCGTg95oDFiYrL5tAuN7nj0A	ym 2020s early mb albums p1
Fast N All	Enumclaw	Jimbo Demo	INDIFFERENT	eaieO3O5100	MPREb_AOZDEJFCcM0	UCGTg95oDFiYrL5tAuN7nj0A	ym 2020s early mb albums p1
Cinderella	Enumclaw	Jimbo Demo	INDIFFERENT	oIDpE9hWT_s	MPREb_AOZDEJFCcM0	UCGTg95oDFiYrL5tAuN7nj0A	ym 2020s early mb albums p1
Cents	Enumclaw	Jimbo Demo	INDIFFERENT	FhC95Y7ZZkg	MPREb_AOZDEJFCcM0	UCGTg95oDFiYrL5tAuN7nj0A	ym 2020s early mb albums p1
You Blister My Paint	English Teacher	This Could Be Texas	INDIFFERENT	kyWaf8VPKcg	MPREb_1MNzfKDULML	UCwbdw_8yRFpqVjs89MHvIRQ	ym 2020s early mb albums p1
This Could Be Texas	English Teacher	This Could Be Texas	INDIFFERENT	6QrRDZ3puOQ	MPREb_1MNzfKDULML	UCwbdw_8yRFpqVjs89MHvIRQ	ym 2020s early mb albums p1
The World’s Biggest Paving Slab	English Teacher	This Could Be Texas	INDIFFERENT	9ufhx17tnk8	MPREb_1MNzfKDULML	UCwbdw_8yRFpqVjs89MHvIRQ	ym 2020s early mb albums p1
The Best Tears of Your Life	English Teacher	This Could Be Texas	INDIFFERENT	Xm8WTBlXdNk	MPREb_1MNzfKDULML	UCwbdw_8yRFpqVjs89MHvIRQ	ym 2020s early mb albums p1
Sideboob	English Teacher	This Could Be Texas	INDIFFERENT	6KBbHHjrWOM	MPREb_1MNzfKDULML	UCwbdw_8yRFpqVjs89MHvIRQ	ym 2020s early mb albums p1
Not Everybody Gets to Go to Space	English Teacher	This Could Be Texas	INDIFFERENT	Q515d7zUHxo	MPREb_1MNzfKDULML	UCwbdw_8yRFpqVjs89MHvIRQ	ym 2020s early mb albums p1
Nearly Daffodils	English Teacher	This Could Be Texas	INDIFFERENT	U--4X8cNluc	MPREb_1MNzfKDULML	UCwbdw_8yRFpqVjs89MHvIRQ	ym 2020s early mb albums p1
Mastermind Specialism	English Teacher	This Could Be Texas	INDIFFERENT	kgeUN-KBW90	MPREb_1MNzfKDULML	UCwbdw_8yRFpqVjs89MHvIRQ	ym 2020s early mb albums p1
I’m Not Crying, You’re Crying	English Teacher	This Could Be Texas	INDIFFERENT	wmIMgS73Cj4	MPREb_1MNzfKDULML	UCwbdw_8yRFpqVjs89MHvIRQ	ym 2020s early mb albums p1
Broken Biscuits	English Teacher	This Could Be Texas	INDIFFERENT	2wgFGUx-pXw	MPREb_1MNzfKDULML	UCwbdw_8yRFpqVjs89MHvIRQ	ym 2020s early mb albums p1
Albert Road	English Teacher	This Could Be Texas	INDIFFERENT	rzqi9hBioV8	MPREb_1MNzfKDULML	UCwbdw_8yRFpqVjs89MHvIRQ	ym 2020s early mb albums p1
Albatross	English Teacher	This Could Be Texas	INDIFFERENT	4ygr1OPZW5I	MPREb_1MNzfKDULML	UCwbdw_8yRFpqVjs89MHvIRQ	ym 2020s early mb albums p1
The Valley	Emma Ruth Rundle	May Our Chambers Be Full	INDIFFERENT	mil14n6x8-w	MPREb_5dHYa5Dp7DY	UCXqoHeiHh7wX-ZGoknAsnDA	ym 2020s early mb albums p1
Out of Existence	Emma Ruth Rundle	May Our Chambers Be Full	INDIFFERENT	5GPcGU2B-FA	MPREb_5dHYa5Dp7DY	UCXqoHeiHh7wX-ZGoknAsnDA	ym 2020s early mb albums p1
Monolith	Emma Ruth Rundle	May Our Chambers Be Full	INDIFFERENT	p6TvyoDVvNI	MPREb_5dHYa5Dp7DY	UCXqoHeiHh7wX-ZGoknAsnDA	ym 2020s early mb albums p1
Magickal Cost	Emma Ruth Rundle	May Our Chambers Be Full	INDIFFERENT	_7P7F0dC-2w	MPREb_5dHYa5Dp7DY	UCXqoHeiHh7wX-ZGoknAsnDA	ym 2020s early mb albums p1
Killing Floor	Emma Ruth Rundle	May Our Chambers Be Full	INDIFFERENT	4XeeIFsysK4	MPREb_5dHYa5Dp7DY	UCXqoHeiHh7wX-ZGoknAsnDA	ym 2020s early mb albums p1
Into Being	Emma Ruth Rundle	May Our Chambers Be Full	INDIFFERENT	YdABzBkwJO8	MPREb_5dHYa5Dp7DY	UCXqoHeiHh7wX-ZGoknAsnDA	ym 2020s early mb albums p1
Ancestral Recall	Emma Ruth Rundle	May Our Chambers Be Full	INDIFFERENT	KnT2EjeuTCw	MPREb_5dHYa5Dp7DY	UCXqoHeiHh7wX-ZGoknAsnDA	ym 2020s early mb albums p1
Trouble	Eminem	The Death of Slim Shady (Coup De Grâce)	INDIFFERENT	77hq_tLu3nk	MPREb_VfwB9V2ZGFR	UCedvOgsKFzcK3hA5taf3KoQ	ym 2020s early mb albums p1
Tobey	Eminem	The Death of Slim Shady (Coup De Grâce)	INDIFFERENT	Ah9Lb14B4PA	MPREb_VfwB9V2ZGFR	UCedvOgsKFzcK3hA5taf3KoQ	ym 2020s early mb albums p1
Temporary	Eminem	The Death of Slim Shady (Coup De Grâce)	INDIFFERENT	a5N1sM-PwCc	MPREb_VfwB9V2ZGFR	UCedvOgsKFzcK3hA5taf3KoQ	ym 2020s early mb albums p1
Somebody Save Me	Eminem	The Death of Slim Shady (Coup De Grâce)	INDIFFERENT	ltOxB1R1hXQ	MPREb_VfwB9V2ZGFR	UCedvOgsKFzcK3hA5taf3KoQ	ym 2020s early mb albums p1
Road Rage	Eminem	The Death of Slim Shady (Coup De Grâce)	INDIFFERENT	bcvkvfqrJCM	MPREb_VfwB9V2ZGFR	UCedvOgsKFzcK3hA5taf3KoQ	ym 2020s early mb albums p1
Renaissance	Eminem	The Death of Slim Shady (Coup De Grâce)	INDIFFERENT	IA7yHvUwrCU	MPREb_VfwB9V2ZGFR	UCedvOgsKFzcK3hA5taf3KoQ	ym 2020s early mb albums p1
Lucifer	Eminem	The Death of Slim Shady (Coup De Grâce)	INDIFFERENT	_3nIsJtQEiQ	MPREb_VfwB9V2ZGFR	UCedvOgsKFzcK3hA5taf3KoQ	ym 2020s early mb albums p1
Houdini	Eminem	The Death of Slim Shady (Coup De Grâce)	INDIFFERENT	xIQpLlYC8xA	MPREb_VfwB9V2ZGFR	UCedvOgsKFzcK3hA5taf3KoQ	ym 2020s early mb albums p1
Head Honcho	Eminem	The Death of Slim Shady (Coup De Grâce)	INDIFFERENT	0NQvmgU9lco	MPREb_VfwB9V2ZGFR	UCedvOgsKFzcK3hA5taf3KoQ	ym 2020s early mb albums p1
Habits	Eminem	The Death of Slim Shady (Coup De Grâce)	INDIFFERENT	LagYUT6QS4E	MPREb_VfwB9V2ZGFR	UCedvOgsKFzcK3hA5taf3KoQ	ym 2020s early mb albums p1
Guilty Conscience 2	Eminem	The Death of Slim Shady (Coup De Grâce)	INDIFFERENT	7LnESh-xb_E	MPREb_VfwB9V2ZGFR	UCedvOgsKFzcK3hA5taf3KoQ	ym 2020s early mb albums p1
Guess Who’s Back (skit)	Eminem	The Death of Slim Shady (Coup De Grâce)	INDIFFERENT	jSpcuTz8CJc	MPREb_VfwB9V2ZGFR	UCedvOgsKFzcK3hA5taf3KoQ	ym 2020s early mb albums p1
Fuel	Eminem	The Death of Slim Shady (Coup De Grâce)	INDIFFERENT	UrCcDPTyWms	MPREb_VfwB9V2ZGFR	UCedvOgsKFzcK3hA5taf3KoQ	ym 2020s early mb albums p1
Evil	Eminem	The Death of Slim Shady (Coup De Grâce)	INDIFFERENT	fs-Q10hUSpQ	MPREb_VfwB9V2ZGFR	UCedvOgsKFzcK3hA5taf3KoQ	ym 2020s early mb albums p1
Breaking News (skit)	Eminem	The Death of Slim Shady (Coup De Grâce)	INDIFFERENT	CmDrijiusWA	MPREb_VfwB9V2ZGFR	UCedvOgsKFzcK3hA5taf3KoQ	ym 2020s early mb albums p1
Brand New Dance	Eminem	The Death of Slim Shady (Coup De Grâce)	INDIFFERENT	WsGHjGlxT_4	MPREb_VfwB9V2ZGFR	UCedvOgsKFzcK3hA5taf3KoQ	ym 2020s early mb albums p1
Bad One	Eminem	The Death of Slim Shady (Coup De Grâce)	INDIFFERENT	aXmyCw-cRlo	MPREb_VfwB9V2ZGFR	UCedvOgsKFzcK3hA5taf3KoQ	ym 2020s early mb albums p1
Antichrist	Eminem	The Death of Slim Shady (Coup De Grâce)	INDIFFERENT	DuBhc5ntK8o	MPREb_VfwB9V2ZGFR	UCedvOgsKFzcK3hA5taf3KoQ	ym 2020s early mb albums p1
All You Got (skit)	Eminem	The Death of Slim Shady (Coup De Grâce)	INDIFFERENT	1h5Yz7sUGbw	MPREb_VfwB9V2ZGFR	UCedvOgsKFzcK3hA5taf3KoQ	ym 2020s early mb albums p1
Waxin	Emancipator	Mountain of Memory	INDIFFERENT	sMIEi1lJpho	MPREb_Zn9nL4gPEgV	UChNB35QmqX81vSbDXDR3i4w	ym 2020s early mb albums p1
Snakes & Ladders	Emancipator	Mountain of Memory	INDIFFERENT	pCjNEAsAm8o	MPREb_Zn9nL4gPEgV	UChNB35QmqX81vSbDXDR3i4w	ym 2020s early mb albums p1
She Gone To The River	Emancipator	Mountain of Memory	INDIFFERENT	RwJgm4l0ZoM	MPREb_Zn9nL4gPEgV	UChNB35QmqX81vSbDXDR3i4w	ym 2020s early mb albums p1
Pollo Sneeps	Emancipator	Mountain of Memory	INDIFFERENT	CdbrDkZ4oCc	MPREb_Zn9nL4gPEgV	UChNB35QmqX81vSbDXDR3i4w	ym 2020s early mb albums p1
Labyrinth	Emancipator	Mountain of Memory	INDIFFERENT	8kC3KokOvF0	MPREb_Zn9nL4gPEgV	UChNB35QmqX81vSbDXDR3i4w	ym 2020s early mb albums p1
Iron Ox	Emancipator	Mountain of Memory	INDIFFERENT	XguzlPpbTdg	MPREb_Zn9nL4gPEgV	UChNB35QmqX81vSbDXDR3i4w	ym 2020s early mb albums p1
Himalayan	Emancipator	Mountain of Memory	INDIFFERENT	Xu9HLiPSzmY	MPREb_Zn9nL4gPEgV	UChNB35QmqX81vSbDXDR3i4w	ym 2020s early mb albums p1
Forged	Emancipator	Mountain of Memory	INDIFFERENT	QnAh6aH0SH8	MPREb_Zn9nL4gPEgV	UChNB35QmqX81vSbDXDR3i4w	ym 2020s early mb albums p1
Dodo	Emancipator	Mountain of Memory	INDIFFERENT	oU5B3AWbCFc	MPREb_Zn9nL4gPEgV	UChNB35QmqX81vSbDXDR3i4w	ym 2020s early mb albums p1
Currents	Emancipator	Mountain of Memory	INDIFFERENT	xAs5LWdd9rU	MPREb_Zn9nL4gPEgV	UChNB35QmqX81vSbDXDR3i4w	ym 2020s early mb albums p1
Chiefin	Emancipator	Mountain of Memory	INDIFFERENT	vSiD_5kJEGI	MPREb_Zn9nL4gPEgV	UChNB35QmqX81vSbDXDR3i4w	ym 2020s early mb albums p1
Blue Dream	Emancipator	Mountain of Memory	INDIFFERENT	FE4u308MoYQ	MPREb_Zn9nL4gPEgV	UChNB35QmqX81vSbDXDR3i4w	ym 2020s early mb albums p1
Awakenings	Emancipator	Mountain of Memory	INDIFFERENT	6PRaZk50E-s	MPREb_Zn9nL4gPEgV	UChNB35QmqX81vSbDXDR3i4w	ym 2020s early mb albums p1
Alligator	Emancipator	Mountain of Memory	INDIFFERENT	Ql3SEy1rvTs	MPREb_Zn9nL4gPEgV	UChNB35QmqX81vSbDXDR3i4w	ym 2020s early mb albums p1
Void Manifest	Eluvium	(Whirring Marvels In) Consensus Reality	INDIFFERENT	HLrhhFnk1hk	MPREb_j4SbZlSllfX	UCOMTkV8emKhP3QUy8c_SJkA	ym 2020s early mb albums p1
Vibration Consensus Reality (for Spectral Multiband Resonator)	Eluvium	(Whirring Marvels In) Consensus Reality	INDIFFERENT	RsVb8FGlS1w	MPREb_j4SbZlSllfX	UCOMTkV8emKhP3QUy8c_SJkA	ym 2020s early mb albums p1
The Violet Light	Eluvium	(Whirring Marvels In) Consensus Reality	INDIFFERENT	4ngaz8CegNU	MPREb_j4SbZlSllfX	UCOMTkV8emKhP3QUy8c_SJkA	ym 2020s early mb albums p1
Swift Automatons	Eluvium	(Whirring Marvels In) Consensus Reality	INDIFFERENT	qNLxHU-fAFI	MPREb_j4SbZlSllfX	UCOMTkV8emKhP3QUy8c_SJkA	ym 2020s early mb albums p1
Scatterbrains	Eluvium	(Whirring Marvels In) Consensus Reality	INDIFFERENT	9Bi078f_LMk	MPREb_j4SbZlSllfX	UCOMTkV8emKhP3QUy8c_SJkA	ym 2020s early mb albums p1
Phantasia Telephonics	Eluvium	(Whirring Marvels In) Consensus Reality	INDIFFERENT	HQ4xIMUNbXU	MPREb_j4SbZlSllfX	UCOMTkV8emKhP3QUy8c_SJkA	ym 2020s early mb albums p1
Mass Lossless Interbeing	Eluvium	(Whirring Marvels In) Consensus Reality	INDIFFERENT	Kwua8I50sl8	MPREb_j4SbZlSllfX	UCOMTkV8emKhP3QUy8c_SJkA	ym 2020s early mb albums p1
Escapement	Eluvium	(Whirring Marvels In) Consensus Reality	INDIFFERENT	oFHeJGb43Wo	MPREb_j4SbZlSllfX	UCOMTkV8emKhP3QUy8c_SJkA	ym 2020s early mb albums p1
Endless Flower	Eluvium	(Whirring Marvels In) Consensus Reality	INDIFFERENT	PXUq25tdV-0	MPREb_j4SbZlSllfX	UCOMTkV8emKhP3QUy8c_SJkA	ym 2020s early mb albums p1
Clockwork Fables	Eluvium	(Whirring Marvels In) Consensus Reality	INDIFFERENT	kYW56CxAh8U	MPREb_j4SbZlSllfX	UCOMTkV8emKhP3QUy8c_SJkA	ym 2020s early mb albums p1
A Floating World of Demons	Eluvium	(Whirring Marvels In) Consensus Reality	INDIFFERENT	9IF5b2GGFAw	MPREb_j4SbZlSllfX	UCOMTkV8emKhP3QUy8c_SJkA	ym 2020s early mb albums p1
Trauma Bonding	Elita	Dysania	INDIFFERENT	wZ_Zx4UWhV8	MPREb_iYep5yX8Rgc	UCKyvnuPWIpYYhPKXSWpYTRw	ym 2020s early mb albums p1
Summer Song	Elita	Dysania	INDIFFERENT	YtEHietbfEY	MPREb_iYep5yX8Rgc	UCKyvnuPWIpYYhPKXSWpYTRw	ym 2020s early mb albums p1
Sleep Paralysis	Elita	Dysania	INDIFFERENT	pAN7WnxlXUk	MPREb_iYep5yX8Rgc	UCKyvnuPWIpYYhPKXSWpYTRw	ym 2020s early mb albums p1
She Bangs Like a Fairy on Acid	Elita	Dysania	INDIFFERENT	bcZKiGjD0Ak	MPREb_iYep5yX8Rgc	UCKyvnuPWIpYYhPKXSWpYTRw	ym 2020s early mb albums p1
Serial Killer	Elita	Dysania	INDIFFERENT	eajtbQil3uk	MPREb_iYep5yX8Rgc	UCKyvnuPWIpYYhPKXSWpYTRw	ym 2020s early mb albums p1
Orgasm	Elita	Dysania	INDIFFERENT	5a1hbPQhjcc	MPREb_iYep5yX8Rgc	UCKyvnuPWIpYYhPKXSWpYTRw	ym 2020s early mb albums p1
Mentally Not Here	Elita	Dysania	INDIFFERENT	INpaC3RlPGs	MPREb_iYep5yX8Rgc	UCKyvnuPWIpYYhPKXSWpYTRw	ym 2020s early mb albums p1
Lunar Orbit	Elita	Dysania	INDIFFERENT	bwOhbMKNPMc	MPREb_iYep5yX8Rgc	UCKyvnuPWIpYYhPKXSWpYTRw	ym 2020s early mb albums p1
It's a Joke	Elita	Dysania	INDIFFERENT	1HwS0274xr0	MPREb_iYep5yX8Rgc	UCKyvnuPWIpYYhPKXSWpYTRw	ym 2020s early mb albums p1
Heaven's Night	Elita	Dysania	INDIFFERENT	EmeWtmKj_zQ	MPREb_iYep5yX8Rgc	UCKyvnuPWIpYYhPKXSWpYTRw	ym 2020s early mb albums p1
Going Under	Elita	Dysania	INDIFFERENT	lSgRWArKhrg	MPREb_iYep5yX8Rgc	UCKyvnuPWIpYYhPKXSWpYTRw	ym 2020s early mb albums p1
The Purpose	Elder	Innate Passage	INDIFFERENT	cU94B2sQtTw	MPREb_KRQ8BLMND1f	UCMZUhx9HFUY_OjhcMvJ4pOQ	ym 2020s early mb albums p1
Merged in Dreams – Ne Plus Ultra	Elder	Innate Passage	INDIFFERENT	qO6tCuqJVCs	MPREb_KRQ8BLMND1f	UCMZUhx9HFUY_OjhcMvJ4pOQ	ym 2020s early mb albums p1
Endless Return	Elder	Innate Passage	INDIFFERENT	xACxUtM9428	MPREb_KRQ8BLMND1f	UCMZUhx9HFUY_OjhcMvJ4pOQ	ym 2020s early mb albums p1
Coalescence	Elder	Innate Passage	INDIFFERENT	XzjENuIG0B4	MPREb_KRQ8BLMND1f	UCMZUhx9HFUY_OjhcMvJ4pOQ	ym 2020s early mb albums p1
Catastasis	Elder	Innate Passage	INDIFFERENT	V5xRrAi1CBk	MPREb_KRQ8BLMND1f	UCMZUhx9HFUY_OjhcMvJ4pOQ	ym 2020s early mb albums p1
Protocol	El Michels Affair, Black Thought, & Son Little	Glorious Game	INDIFFERENT	B03YdgsyY9A	MPREb_gTUXrjV3tCa		ym 2020s early mb albums p1
Zaharila	El Michels Affair	Yeti Season (Deluxe Version)	INDIFFERENT	oD8zvKSFPtI	MPREb_drkG35veJxN	UCkT-SJm24vsK5gGcYzg8MRQ	ym 2020s early mb albums p1
Uncut Gem	El Michels Affair	Yeti Season (Deluxe Version)	INDIFFERENT	S-RBjOc90Lg	MPREb_drkG35veJxN	UCkT-SJm24vsK5gGcYzg8MRQ	ym 2020s early mb albums p1
Unathi	El Michels Affair	Yeti Season (Deluxe Version)	INDIFFERENT	9JcprSKFAyA	MPREb_drkG35veJxN	UCkT-SJm24vsK5gGcYzg8MRQ	ym 2020s early mb albums p1
Smoked	El Michels Affair	Yeti Season (Deluxe Version)	INDIFFERENT	NTj0qEvwWJ8	MPREb_drkG35veJxN	UCkT-SJm24vsK5gGcYzg8MRQ	ym 2020s early mb albums p1
Silver Lining	El Michels Affair	Yeti Season (Deluxe Version)	INDIFFERENT	JFjNWsC9Lfk	MPREb_drkG35veJxN	UCkT-SJm24vsK5gGcYzg8MRQ	ym 2020s early mb albums p1
Sha Na Na (feat. The Shacks)	El Michels Affair	Yeti Season (Deluxe Version)	INDIFFERENT	Ch5iF1X0UNA	MPREb_drkG35veJxN	UCkT-SJm24vsK5gGcYzg8MRQ	ym 2020s early mb albums p1
Running Hot	El Michels Affair	Yeti Season (Deluxe Version)	INDIFFERENT	GLzT-aNr2ss	MPREb_drkG35veJxN	UCkT-SJm24vsK5gGcYzg8MRQ	ym 2020s early mb albums p1
Progress	El Michels Affair	Yeti Season (Deluxe Version)	INDIFFERENT	-j6fc3xJTaQ	MPREb_drkG35veJxN	UCkT-SJm24vsK5gGcYzg8MRQ	ym 2020s early mb albums p1
Poison Song	El Michels Affair	Yeti Season (Deluxe Version)	INDIFFERENT	nQ2DU4W_8k4	MPREb_drkG35veJxN	UCkT-SJm24vsK5gGcYzg8MRQ	ym 2020s early mb albums p1
Perfect Harmony	El Michels Affair	Yeti Season (Deluxe Version)	INDIFFERENT	Hsy2hg4k7tg	MPREb_drkG35veJxN	UCkT-SJm24vsK5gGcYzg8MRQ	ym 2020s early mb albums p1
Nasir	El Michels Affair	Yeti Season (Deluxe Version)	INDIFFERENT	hJsr9wrpnL0	MPREb_drkG35veJxN	UCkT-SJm24vsK5gGcYzg8MRQ	ym 2020s early mb albums p1
Murkit Gem	El Michels Affair	Yeti Season (Deluxe Version)	INDIFFERENT	VVE654ANrxo	MPREb_drkG35veJxN	UCkT-SJm24vsK5gGcYzg8MRQ	ym 2020s early mb albums p1
Messy Grass	El Michels Affair	Yeti Season (Deluxe Version)	INDIFFERENT	k_dITgrNVkY	MPREb_drkG35veJxN	UCkT-SJm24vsK5gGcYzg8MRQ	ym 2020s early mb albums p1
Lesson Learned	El Michels Affair	Yeti Season (Deluxe Version)	INDIFFERENT	qD1XjWMdUNQ	MPREb_drkG35veJxN	UCkT-SJm24vsK5gGcYzg8MRQ	ym 2020s early mb albums p1
Last Blast	El Michels Affair	Yeti Season (Deluxe Version)	INDIFFERENT	uCIsOh1bggE	MPREb_drkG35veJxN	UCkT-SJm24vsK5gGcYzg8MRQ	ym 2020s early mb albums p1
Fazed Out	El Michels Affair	Yeti Season (Deluxe Version)	INDIFFERENT	9ndjjAdbWlo	MPREb_drkG35veJxN	UCkT-SJm24vsK5gGcYzg8MRQ	ym 2020s early mb albums p1
Dhuaan	El Michels Affair	Yeti Season (Deluxe Version)	INDIFFERENT	RIq31QmV4tc	MPREb_drkG35veJxN	UCkT-SJm24vsK5gGcYzg8MRQ	ym 2020s early mb albums p1
That Girl	El Michels Affair	Glorious Game	INDIFFERENT	u2mhTKcj1Aw	MPREb_gTUXrjV3tCa	UCkT-SJm24vsK5gGcYzg8MRQ	ym 2020s early mb albums p1
I'm Still Somehow	El Michels Affair	Glorious Game	INDIFFERENT	kgSZXgzM2HU	MPREb_gTUXrjV3tCa	UCkT-SJm24vsK5gGcYzg8MRQ	ym 2020s early mb albums p1
Hollow Way	El Michels Affair	Glorious Game	INDIFFERENT	ivlHN_7LWM4	MPREb_gTUXrjV3tCa	UCkT-SJm24vsK5gGcYzg8MRQ	ym 2020s early mb albums p1
Glorious Game (Reprise)	El Michels Affair	Glorious Game	INDIFFERENT	JOfmlC8F2ko	MPREb_gTUXrjV3tCa	UCkT-SJm24vsK5gGcYzg8MRQ	ym 2020s early mb albums p1
Alter Ego	El Michels Affair	Glorious Game	INDIFFERENT	9tbRaEHFhh8	MPREb_gTUXrjV3tCa	UCkT-SJm24vsK5gGcYzg8MRQ	ym 2020s early mb albums p1
Villa	El Michels Affair	Adult Themes	INDIFFERENT	wjcFld4fEdA	MPREb_LZsqqjkOz2z	UCkT-SJm24vsK5gGcYzg8MRQ	ym 2020s early mb albums p1
Muñecas	El Michels Affair	Adult Themes	INDIFFERENT	71RBWnpWOXE	MPREb_LZsqqjkOz2z	UCkT-SJm24vsK5gGcYzg8MRQ	ym 2020s early mb albums p1
Life Of Pablo	El Michels Affair	Adult Themes	INDIFFERENT	H-WZnrBBsfo	MPREb_LZsqqjkOz2z	UCkT-SJm24vsK5gGcYzg8MRQ	ym 2020s early mb albums p1
Kill The Lights	El Michels Affair	Adult Themes	INDIFFERENT	O3k3LHoo9yQ	MPREb_LZsqqjkOz2z	UCkT-SJm24vsK5gGcYzg8MRQ	ym 2020s early mb albums p1
Enfant	El Michels Affair	Adult Themes	INDIFFERENT	FQT1Du2wetM	MPREb_LZsqqjkOz2z	UCkT-SJm24vsK5gGcYzg8MRQ	ym 2020s early mb albums p1
Adult Theme No. 4	El Michels Affair	Adult Themes	INDIFFERENT	0q37iFuh-kI	MPREb_LZsqqjkOz2z	UCkT-SJm24vsK5gGcYzg8MRQ	ym 2020s early mb albums p1
Adult Theme No. 3	El Michels Affair	Adult Themes	INDIFFERENT	97aQB572gHI	MPREb_LZsqqjkOz2z	UCkT-SJm24vsK5gGcYzg8MRQ	ym 2020s early mb albums p1
Adult Theme No. 2	El Michels Affair	Adult Themes	INDIFFERENT	jW77HisgbOg	MPREb_LZsqqjkOz2z	UCkT-SJm24vsK5gGcYzg8MRQ	ym 2020s early mb albums p1
Adult Theme No. 1	El Michels Affair	Adult Themes	INDIFFERENT	inTMpZBDIQ0	MPREb_LZsqqjkOz2z	UCkT-SJm24vsK5gGcYzg8MRQ	ym 2020s early mb albums p1
A Swift Nap	El Michels Affair	Adult Themes	INDIFFERENT	VoOBmGaef-M	MPREb_LZsqqjkOz2z	UCkT-SJm24vsK5gGcYzg8MRQ	ym 2020s early mb albums p1
Ziggy Stardust (feat. The Skints)	Easy Star All-Stars	Ziggy Stardub	INDIFFERENT	R2cELRztRUo	MPREb_slYcw6WP1wl	UCGvwVJdBGA3ui2pXEfzufZw	ym 2020s early mb albums p1
Suffragette City (feat. The Expanders)	Easy Star All-Stars	Ziggy Stardub	INDIFFERENT	xALGhE_0m2w	MPREb_slYcw6WP1wl	UCGvwVJdBGA3ui2pXEfzufZw	ym 2020s early mb albums p1
Starman	Easy Star All-Stars	Ziggy Stardub	INDIFFERENT	VGCjDVGy1H0	MPREb_slYcw6WP1wl	UCGvwVJdBGA3ui2pXEfzufZw	ym 2020s early mb albums p1
Rock 'n' Roll Suicide	Easy Star All-Stars	Ziggy Stardub	INDIFFERENT	mpDWnysBN24	MPREb_slYcw6WP1wl	UCGvwVJdBGA3ui2pXEfzufZw	ym 2020s early mb albums p1
Moonage Daydream Dub	Easy Star All-Stars	Ziggy Stardub	INDIFFERENT	jAthsHyF3RI	MPREb_slYcw6WP1wl	UCGvwVJdBGA3ui2pXEfzufZw	ym 2020s early mb albums p1
Moonage Daydream	Easy Star All-Stars	Ziggy Stardub	INDIFFERENT	qcmZpsf9tEw	MPREb_slYcw6WP1wl	UCGvwVJdBGA3ui2pXEfzufZw	ym 2020s early mb albums p1
Lady Stardust Dub	Easy Star All-Stars	Ziggy Stardub	INDIFFERENT	gNyXFNHA0ic	MPREb_slYcw6WP1wl	UCGvwVJdBGA3ui2pXEfzufZw	ym 2020s early mb albums p1
Lady Stardust (feat. SunDub)	Easy Star All-Stars	Ziggy Stardub	INDIFFERENT	fwjNH-DyjaU	MPREb_slYcw6WP1wl	UCGvwVJdBGA3ui2pXEfzufZw	ym 2020s early mb albums p1
It Ain't Easy (feat. Samory I)	Easy Star All-Stars	Ziggy Stardub	INDIFFERENT	265zBQuLyIA	MPREb_slYcw6WP1wl	UCGvwVJdBGA3ui2pXEfzufZw	ym 2020s early mb albums p1
Hang on to Yourself (feat. Fishbone, JonnyGO Figure & Fishbone and JonnyGO Figure)	Easy Star All-Stars	Ziggy Stardub	INDIFFERENT	Lj1Arh_EkPo	MPREb_slYcw6WP1wl	UCGvwVJdBGA3ui2pXEfzufZw	ym 2020s early mb albums p1
Five Years Dub	Easy Star All-Stars	Ziggy Stardub	INDIFFERENT	Oj2dP5HIzBg	MPREb_slYcw6WP1wl	UCGvwVJdBGA3ui2pXEfzufZw	ym 2020s early mb albums p1
Five Years	Easy Star All-Stars	Ziggy Stardub	INDIFFERENT	UKK6kZiYCgk	MPREb_slYcw6WP1wl	UCGvwVJdBGA3ui2pXEfzufZw	ym 2020s early mb albums p1
All the Young Dudes (feat. Kirsty Rock)	Easy Star All-Stars	Ziggy Stardub	INDIFFERENT	_sX6PBqFMzo	MPREb_slYcw6WP1wl	UCGvwVJdBGA3ui2pXEfzufZw	ym 2020s early mb albums p1
Volcano	Eartheater	Phoenix: Flames Are Dew Upon My Skin	INDIFFERENT	VZeKtFjdI6k	MPREb_gWwu8X4rbPG	UCO7iNPKPpQSn4JhUcPq-Jog	ym 2020s early mb albums p1
Metallic Taste of Patience	Eartheater	Phoenix: Flames Are Dew Upon My Skin	INDIFFERENT	s_df2cfbbSs	MPREb_gWwu8X4rbPG	UCO7iNPKPpQSn4JhUcPq-Jog	ym 2020s early mb albums p1
Mercurial Nerve	Eartheater	Phoenix: Flames Are Dew Upon My Skin	INDIFFERENT	1UnKBAY7VHs	MPREb_gWwu8X4rbPG	UCO7iNPKPpQSn4JhUcPq-Jog	ym 2020s early mb albums p1
Kiss of The Phoenix	Eartheater	Phoenix: Flames Are Dew Upon My Skin	INDIFFERENT	1nJ8gYRe6AA	MPREb_gWwu8X4rbPG	UCO7iNPKPpQSn4JhUcPq-Jog	ym 2020s early mb albums p1
How To Fight	Eartheater	Phoenix: Flames Are Dew Upon My Skin	INDIFFERENT	fKrNBFUu4J0	MPREb_gWwu8X4rbPG	UCO7iNPKPpQSn4JhUcPq-Jog	ym 2020s early mb albums p1
Goodbye Diamond	Eartheater	Phoenix: Flames Are Dew Upon My Skin	INDIFFERENT	oXoj5n2U5Gc	MPREb_gWwu8X4rbPG	UCO7iNPKPpQSn4JhUcPq-Jog	ym 2020s early mb albums p1
Fantasy Collision	Eartheater	Phoenix: Flames Are Dew Upon My Skin	INDIFFERENT	TqOFqtL4_SA	MPREb_gWwu8X4rbPG	UCO7iNPKPpQSn4JhUcPq-Jog	ym 2020s early mb albums p1
Faith Consuming Hope	Eartheater	Phoenix: Flames Are Dew Upon My Skin	INDIFFERENT	ZBmK0IRBZN8	MPREb_gWwu8X4rbPG	UCO7iNPKPpQSn4JhUcPq-Jog	ym 2020s early mb albums p1
Diamond In The Bedrock	Eartheater	Phoenix: Flames Are Dew Upon My Skin	INDIFFERENT	TTGFvAG6ayQ	MPREb_gWwu8X4rbPG	UCO7iNPKPpQSn4JhUcPq-Jog	ym 2020s early mb albums p1
Burning Feather	Eartheater	Phoenix: Flames Are Dew Upon My Skin	INDIFFERENT	c2JGrcTmFyo	MPREb_gWwu8X4rbPG	UCO7iNPKPpQSn4JhUcPq-Jog	ym 2020s early mb albums p1
Bringing Me Back	Eartheater	Phoenix: Flames Are Dew Upon My Skin	INDIFFERENT	KA1IcFOt9OM	MPREb_gWwu8X4rbPG	UCO7iNPKPpQSn4JhUcPq-Jog	ym 2020s early mb albums p1
Below The Clavicle	Eartheater	Phoenix: Flames Are Dew Upon My Skin	INDIFFERENT	z4WPKE3FSS8	MPREb_gWwu8X4rbPG	UCO7iNPKPpQSn4JhUcPq-Jog	ym 2020s early mb albums p1
Airborne Ashes	Eartheater	Phoenix: Flames Are Dew Upon My Skin	INDIFFERENT	s3pUViNw_Vc	MPREb_gWwu8X4rbPG	UCO7iNPKPpQSn4JhUcPq-Jog	ym 2020s early mb albums p1
Vision (feat. Zelooperz)	Earl Sweatshirt	SICK!	INDIFFERENT	q-oHxKmUBAA	MPREb_U72ZZRa4lZg	UCrE_FNQxg5oXy8SLQ63Nx7A	ym 2020s early mb albums p1
Titanic	Earl Sweatshirt	SICK!	INDIFFERENT	iFUr5hITwW8	MPREb_U72ZZRa4lZg	UCrE_FNQxg5oXy8SLQ63Nx7A	ym 2020s early mb albums p1
Tabula Rasa (feat. Armand Hammer)	Earl Sweatshirt	SICK!	INDIFFERENT	PUcE8s1-ly0	MPREb_U72ZZRa4lZg	UCrE_FNQxg5oXy8SLQ63Nx7A	ym 2020s early mb albums p1
Sick!	Earl Sweatshirt	SICK!	INDIFFERENT	8ZqVk6ENE1w	MPREb_U72ZZRa4lZg	UCrE_FNQxg5oXy8SLQ63Nx7A	ym 2020s early mb albums p1
Lye	Earl Sweatshirt	SICK!	INDIFFERENT	qVx9nL8OfHM	MPREb_U72ZZRa4lZg	UCrE_FNQxg5oXy8SLQ63Nx7A	ym 2020s early mb albums p1
Lobby (int)	Earl Sweatshirt	SICK!	INDIFFERENT	7H3UXEahakk	MPREb_U72ZZRa4lZg	UCrE_FNQxg5oXy8SLQ63Nx7A	ym 2020s early mb albums p1
God Laughs	Earl Sweatshirt	SICK!	INDIFFERENT	imGnIF81dwM	MPREb_U72ZZRa4lZg	UCrE_FNQxg5oXy8SLQ63Nx7A	ym 2020s early mb albums p1
Wave	E.M.M.A.	Indigo Dream	INDIFFERENT	Q_Y_GXPDwVs	MPREb_mIX7VXq8Ajw	UCIYQTcL1FOhGbQaQCaZbQnQ	ym 2020s early mb albums p1
Shell	E.M.M.A.	Indigo Dream	INDIFFERENT	feuctZfL4PA	MPREb_mIX7VXq8Ajw	UCIYQTcL1FOhGbQaQCaZbQnQ	ym 2020s early mb albums p1
Ryan Gosling in Space	E.M.M.A.	Indigo Dream	INDIFFERENT	k36Ch1ubVpU	MPREb_mIX7VXq8Ajw	UCIYQTcL1FOhGbQaQCaZbQnQ	ym 2020s early mb albums p1
Into Indigo (Single Edit)	E.M.M.A.	Indigo Dream	INDIFFERENT	HwFDICJ4iIM	MPREb_mIX7VXq8Ajw	UCIYQTcL1FOhGbQaQCaZbQnQ	ym 2020s early mb albums p1
Into Indigo	E.M.M.A.	Indigo Dream	INDIFFERENT	d-eP8ZPo_CI	MPREb_mIX7VXq8Ajw	UCIYQTcL1FOhGbQaQCaZbQnQ	ym 2020s early mb albums p1
Interlude	E.M.M.A.	Indigo Dream	INDIFFERENT	nzoy393p3FM	MPREb_mIX7VXq8Ajw	UCIYQTcL1FOhGbQaQCaZbQnQ	ym 2020s early mb albums p1
Gold	E.M.M.A.	Indigo Dream	INDIFFERENT	F5h1R98kCuA	MPREb_mIX7VXq8Ajw	UCIYQTcL1FOhGbQaQCaZbQnQ	ym 2020s early mb albums p1
Glitter	E.M.M.A.	Indigo Dream	INDIFFERENT	ts8MKpBgjRY	MPREb_mIX7VXq8Ajw	UCIYQTcL1FOhGbQaQCaZbQnQ	ym 2020s early mb albums p1
Echo	E.M.M.A.	Indigo Dream	INDIFFERENT	hi8Xg7LWrmc	MPREb_mIX7VXq8Ajw	UCIYQTcL1FOhGbQaQCaZbQnQ	ym 2020s early mb albums p1
Ballad of Janet	E.M.M.A.	Indigo Dream	INDIFFERENT	3zpxuSDgQCk	MPREb_mIX7VXq8Ajw	UCIYQTcL1FOhGbQaQCaZbQnQ	ym 2020s early mb albums p1
TDAGB	Duval Timothy	Help	INDIFFERENT	ghr4bZHbGZc	MPREb_c3yILsheAs6	UCcmN726aNjxW8s0z_8RnTIA	ym 2020s early mb albums p1
Same	Duval Timothy	Help	INDIFFERENT	NFZPr-XqpnA	MPREb_c3yILsheAs6	UCcmN726aNjxW8s0z_8RnTIA	ym 2020s early mb albums p1
Pink	Duval Timothy	Help	INDIFFERENT	z1ozhEgZ0GY	MPREb_c3yILsheAs6	UCcmN726aNjxW8s0z_8RnTIA	ym 2020s early mb albums p1
Look	Duval Timothy	Help	INDIFFERENT	mfJtfnSbLGA	MPREb_c3yILsheAs6	UCcmN726aNjxW8s0z_8RnTIA	ym 2020s early mb albums p1
Like	Duval Timothy	Help	INDIFFERENT	7EqZNzA_PYo	MPREb_c3yILsheAs6	UCcmN726aNjxW8s0z_8RnTIA	ym 2020s early mb albums p1
Fall Again	Duval Timothy	Help	INDIFFERENT	r4CqM35Hyy4	MPREb_c3yILsheAs6	UCcmN726aNjxW8s0z_8RnTIA	ym 2020s early mb albums p1
C	Duval Timothy	Help	INDIFFERENT	mXeeN_Cy3Fk	MPREb_c3yILsheAs6	UCcmN726aNjxW8s0z_8RnTIA	ym 2020s early mb albums p1
Sleepyhead	Duster	Together	INDIFFERENT	vmBuQrntb5k	MPREb_BZaHsI8I1TX	UCZkINlw1KmC1GiOqyx3tBPA	ym 2020s early mb albums p1
Untitled 84	Duster	Remote Echoes	INDIFFERENT	W_7pcMHWAXI	MPREb_WykOaWwU6bw	UCZkINlw1KmC1GiOqyx3tBPA	ym 2020s early mb albums p1
Untitled 59	Duster	Remote Echoes	INDIFFERENT	NijkzUtLP78	MPREb_WykOaWwU6bw	UCZkINlw1KmC1GiOqyx3tBPA	ym 2020s early mb albums p1
The Weed Supreme	Duster	Remote Echoes	INDIFFERENT	uUAk3bjATmA	MPREb_WykOaWwU6bw	UCZkINlw1KmC1GiOqyx3tBPA	ym 2020s early mb albums p1
The Mood	Duster	Remote Echoes	INDIFFERENT	NAe23Hwj3Bc	MPREb_WykOaWwU6bw	UCZkINlw1KmC1GiOqyx3tBPA	ym 2020s early mb albums p1
Testphase	Duster	Remote Echoes	INDIFFERENT	e-3R_yO-4Sg	MPREb_WykOaWwU6bw	UCZkINlw1KmC1GiOqyx3tBPA	ym 2020s early mb albums p1
Strange	Duster	Remote Echoes	INDIFFERENT	86FY1xbumUc	MPREb_WykOaWwU6bw	UCZkINlw1KmC1GiOqyx3tBPA	ym 2020s early mb albums p1
Moon In Aries	Duster	Remote Echoes	INDIFFERENT	9VcauhnDOas	MPREb_WykOaWwU6bw	UCZkINlw1KmC1GiOqyx3tBPA	ym 2020s early mb albums p1
Lost Time	Duster	Remote Echoes	INDIFFERENT	gAwoXn_lG0Y	MPREb_WykOaWwU6bw	UCZkINlw1KmC1GiOqyx3tBPA	ym 2020s early mb albums p1
Glue	Duster	Remote Echoes	INDIFFERENT	tm_PfhggWNA	MPREb_WykOaWwU6bw	UCZkINlw1KmC1GiOqyx3tBPA	ym 2020s early mb albums p1
Darby	Duster	Remote Echoes	INDIFFERENT	_hFW6Pmt28Q	MPREb_WykOaWwU6bw	UCZkINlw1KmC1GiOqyx3tBPA	ym 2020s early mb albums p1
Country Heather	Duster	Remote Echoes	INDIFFERENT	eoO_hAlY-JI	MPREb_WykOaWwU6bw	UCZkINlw1KmC1GiOqyx3tBPA	ym 2020s early mb albums p1
Cigarettes And Coffee	Duster	Remote Echoes	INDIFFERENT	ohO27t6kXbU	MPREb_WykOaWwU6bw	UCZkINlw1KmC1GiOqyx3tBPA	ym 2020s early mb albums p1
Stars Will Fall	Duster	Moods, Modes	INDIFFERENT	5K7FqN1dsNg	MPREb_yRtbQb2Yb3f	UCZkINlw1KmC1GiOqyx3tBPA	ym 2020s early mb albums p1
Light Years	Duster	Moods, Modes	INDIFFERENT	GS_PgOd6bro	MPREb_yRtbQb2Yb3f	UCZkINlw1KmC1GiOqyx3tBPA	ym 2020s early mb albums p1
Fuzz and Timbre	Duster	Moods, Modes	INDIFFERENT	Mz_wlRWTyf4	MPREb_yRtbQb2Yb3f	UCZkINlw1KmC1GiOqyx3tBPA	ym 2020s early mb albums p1
Closer to the Speed of Sound	Duster	Moods, Modes	INDIFFERENT	0bTo1mmsjCg	MPREb_yRtbQb2Yb3f	UCZkINlw1KmC1GiOqyx3tBPA	ym 2020s early mb albums p1
Starting to Fall	Duster	In Dreams	INDIFFERENT	pXYvHTqrXv4	MPREb_4DHp7wPL5eD	UCZkINlw1KmC1GiOqyx3tBPA	ym 2020s early mb albums p1
Space Trash	Duster	In Dreams	INDIFFERENT	03PtW0OdztM	MPREb_4DHp7wPL5eD	UCZkINlw1KmC1GiOqyx3tBPA	ym 2020s early mb albums p1
Poltergeist	Duster	In Dreams	INDIFFERENT	EfykSi-JRsE	MPREb_4DHp7wPL5eD	UCZkINlw1KmC1GiOqyx3tBPA	ym 2020s early mb albums p1
No Feel	Duster	In Dreams	INDIFFERENT	GrgFDU-3YfU	MPREb_4DHp7wPL5eD	UCZkINlw1KmC1GiOqyx3tBPA	ym 2020s early mb albums p1
Like a Movie	Duster	In Dreams	INDIFFERENT	MzOkADLf4AI	MPREb_4DHp7wPL5eD	UCZkINlw1KmC1GiOqyx3tBPA	ym 2020s early mb albums p1
Isn't Over	Duster	In Dreams	INDIFFERENT	LqCoY6lz3-M	MPREb_4DHp7wPL5eD	UCZkINlw1KmC1GiOqyx3tBPA	ym 2020s early mb albums p1
Close to Home	Duster	In Dreams	INDIFFERENT	8OCzUnfdnLs	MPREb_4DHp7wPL5eD	UCZkINlw1KmC1GiOqyx3tBPA	ym 2020s early mb albums p1
Black Lace	Duster	In Dreams	INDIFFERENT	ghd6U_4UA4M	MPREb_4DHp7wPL5eD	UCZkINlw1KmC1GiOqyx3tBPA	ym 2020s early mb albums p1
Remedy (feat. Running Touch)	Durante	Enter	INDIFFERENT	REN99fnC254	MPREb_en9Pv4T6e9S	UCMlo9L5JfituDE54Lr5UDxg	ym 2020s early mb albums p1
Reaching	Durante	Enter	INDIFFERENT	JlNGskHGZ3I	MPREb_en9Pv4T6e9S	UCMlo9L5JfituDE54Lr5UDxg	ym 2020s early mb albums p1
Portal Six	Durante	Enter	INDIFFERENT	eNZ12V7Oh84	MPREb_en9Pv4T6e9S	UCMlo9L5JfituDE54Lr5UDxg	ym 2020s early mb albums p1
Opalescent	Durante	Enter	INDIFFERENT	lGAQovAnvAY	MPREb_en9Pv4T6e9S	UCMlo9L5JfituDE54Lr5UDxg	ym 2020s early mb albums p1
Mercury	Durante	Enter	INDIFFERENT	HI-63Mvnhuw	MPREb_en9Pv4T6e9S	UCMlo9L5JfituDE54Lr5UDxg	ym 2020s early mb albums p1
Losing Game (feat. SOHN)	Durante	Enter	INDIFFERENT	yZ77HXVNH5U	MPREb_en9Pv4T6e9S	UCMlo9L5JfituDE54Lr5UDxg	ym 2020s early mb albums p1
Hot Night (feat. HANA)	Durante	Enter	INDIFFERENT	JiUWT8nqhNA	MPREb_en9Pv4T6e9S	UCMlo9L5JfituDE54Lr5UDxg	ym 2020s early mb albums p1
Holding On (feat. Nathan Nicholson)	Durante	Enter	INDIFFERENT	qDFv0TArFoc	MPREb_en9Pv4T6e9S	UCMlo9L5JfituDE54Lr5UDxg	ym 2020s early mb albums p1
Close	Durante	Enter	INDIFFERENT	x8FHnBYFrdM	MPREb_en9Pv4T6e9S	UCMlo9L5JfituDE54Lr5UDxg	ym 2020s early mb albums p1
Ancora	Durante	Enter	INDIFFERENT	1ohsGPAIQqI	MPREb_en9Pv4T6e9S	UCMlo9L5JfituDE54Lr5UDxg	ym 2020s early mb albums p1
Train Full of Gasoline	Ducks Ltd.	Harm's Way	INDIFFERENT	5kf_TR2EHYw	MPREb_NuYNYfpPm6m	UCPInbJwrI9ZDjPyP2MYcpVg	ym 2020s early mb albums p1
The Main Thing	Ducks Ltd.	Harm's Way	INDIFFERENT	en1MTI_hfyw	MPREb_NuYNYfpPm6m	UCPInbJwrI9ZDjPyP2MYcpVg	ym 2020s early mb albums p1
On Our Way To The Rave	Ducks Ltd.	Harm's Way	INDIFFERENT	u__D-qlwPpQ	MPREb_NuYNYfpPm6m	UCPInbJwrI9ZDjPyP2MYcpVg	ym 2020s early mb albums p1
Hollowed Out	Ducks Ltd.	Harm's Way	INDIFFERENT	ga-BkuZ39eU	MPREb_NuYNYfpPm6m	UCPInbJwrI9ZDjPyP2MYcpVg	ym 2020s early mb albums p1
Heavy Bag	Ducks Ltd.	Harm's Way	INDIFFERENT	YaQrEZhKq2w	MPREb_NuYNYfpPm6m	UCPInbJwrI9ZDjPyP2MYcpVg	ym 2020s early mb albums p1
Harm’s Way	Ducks Ltd.	Harm's Way	INDIFFERENT	-cqaLaq-4r0	MPREb_NuYNYfpPm6m	UCPInbJwrI9ZDjPyP2MYcpVg	ym 2020s early mb albums p1
Deleted Scenes	Ducks Ltd.	Harm's Way	INDIFFERENT	tCYUgvIwclE	MPREb_NuYNYfpPm6m	UCPInbJwrI9ZDjPyP2MYcpVg	ym 2020s early mb albums p1
Cathedral City	Ducks Ltd.	Harm's Way	INDIFFERENT	E98GGtFarBI	MPREb_NuYNYfpPm6m	UCPInbJwrI9ZDjPyP2MYcpVg	ym 2020s early mb albums p1
A Girl, Running	Ducks Ltd.	Harm's Way	INDIFFERENT	aOl-SEnWAkc	MPREb_NuYNYfpPm6m	UCPInbJwrI9ZDjPyP2MYcpVg	ym 2020s early mb albums p1
Love Again	Dua Lipa	Future Nostalgia	INDIFFERENT	IkL-RjXJLv0	MPREb_iWdtzQKst5b	UCzVb0SIXp9q9PeKCcFjsBtA	ym 2020s early mb albums p1
Hallucinate	Dua Lipa	Future Nostalgia	INDIFFERENT	tth2GxvDZKw	MPREb_iWdtzQKst5b	UCzVb0SIXp9q9PeKCcFjsBtA	ym 2020s early mb albums p1
Good In Bed	Dua Lipa	Future Nostalgia	INDIFFERENT	HQSmdPUgpGQ	MPREb_iWdtzQKst5b	UCzVb0SIXp9q9PeKCcFjsBtA	ym 2020s early mb albums p1
Future Nostalgia	Dua Lipa	Future Nostalgia	INDIFFERENT	4-NkTMyVq2c	MPREb_iWdtzQKst5b	UCzVb0SIXp9q9PeKCcFjsBtA	ym 2020s early mb albums p1
Fever	Dua Lipa	Future Nostalgia	INDIFFERENT	k47GpDvnyBo	MPREb_iWdtzQKst5b	UCzVb0SIXp9q9PeKCcFjsBtA	ym 2020s early mb albums p1
Cool	Dua Lipa	Future Nostalgia	INDIFFERENT	dqpuvzH--vM	MPREb_iWdtzQKst5b	UCzVb0SIXp9q9PeKCcFjsBtA	ym 2020s early mb albums p1
Break My Heart	Dua Lipa	Future Nostalgia	INDIFFERENT	NaaiI1y9QIo	MPREb_iWdtzQKst5b	UCzVb0SIXp9q9PeKCcFjsBtA	ym 2020s early mb albums p1
Stumpwork	Dry Cleaning	Stumpwork	INDIFFERENT	i5FKSt2xzrI	MPREb_bkMJN548EGx	UCoSgLAvtgQVCxO6Wt5vwEeA	ym 2020s early mb albums p1
Liberty Log	Dry Cleaning	Stumpwork	INDIFFERENT	xCHHv4IHgPo	MPREb_bkMJN548EGx	UCoSgLAvtgQVCxO6Wt5vwEeA	ym 2020s early mb albums p1
Kwenchy Kups	Dry Cleaning	Stumpwork	INDIFFERENT	6Dw_VpgpROQ	MPREb_bkMJN548EGx	UCoSgLAvtgQVCxO6Wt5vwEeA	ym 2020s early mb albums p1
Icebergs	Dry Cleaning	Stumpwork	INDIFFERENT	Ig02dX6PLI8	MPREb_bkMJN548EGx	UCoSgLAvtgQVCxO6Wt5vwEeA	ym 2020s early mb albums p1
Hot Penny Day	Dry Cleaning	Stumpwork	INDIFFERENT	G3zXJdbuAAw	MPREb_bkMJN548EGx	UCoSgLAvtgQVCxO6Wt5vwEeA	ym 2020s early mb albums p1
Gary Ashby	Dry Cleaning	Stumpwork	INDIFFERENT	NtTkM-u3uas	MPREb_bkMJN548EGx	UCoSgLAvtgQVCxO6Wt5vwEeA	ym 2020s early mb albums p1
Don't Press Me	Dry Cleaning	Stumpwork	INDIFFERENT	A_z3ZtqQc6E	MPREb_bkMJN548EGx	UCoSgLAvtgQVCxO6Wt5vwEeA	ym 2020s early mb albums p1
Conservative Hell	Dry Cleaning	Stumpwork	INDIFFERENT	BS_uX3dG-2w	MPREb_bkMJN548EGx	UCoSgLAvtgQVCxO6Wt5vwEeA	ym 2020s early mb albums p1
Unsmart Lady	Dry Cleaning	New Long Leg	INDIFFERENT	hVH3VcdS5y0	MPREb_8Fe9BDs4DMt	UCoSgLAvtgQVCxO6Wt5vwEeA	ym 2020s early mb albums p1
Strong Feelings	Dry Cleaning	New Long Leg	INDIFFERENT	y3v3MNeG_No	MPREb_8Fe9BDs4DMt	UCoSgLAvtgQVCxO6Wt5vwEeA	ym 2020s early mb albums p1
Scratchcard Lanyard	Dry Cleaning	New Long Leg	INDIFFERENT	bN0OtBjdxik	MPREb_8Fe9BDs4DMt	UCoSgLAvtgQVCxO6Wt5vwEeA	ym 2020s early mb albums p1
New Long Leg	Dry Cleaning	New Long Leg	INDIFFERENT	FU--Tg-vFAg	MPREb_8Fe9BDs4DMt	UCoSgLAvtgQVCxO6Wt5vwEeA	ym 2020s early mb albums p1
More Big Birds	Dry Cleaning	New Long Leg	INDIFFERENT	rudvDzEbc3c	MPREb_8Fe9BDs4DMt	UCoSgLAvtgQVCxO6Wt5vwEeA	ym 2020s early mb albums p1
Leafy	Dry Cleaning	New Long Leg	INDIFFERENT	U8IhrLrLFdc	MPREb_8Fe9BDs4DMt	UCoSgLAvtgQVCxO6Wt5vwEeA	ym 2020s early mb albums p1
Her Hippo	Dry Cleaning	New Long Leg	INDIFFERENT	H6SegF6GZb8	MPREb_8Fe9BDs4DMt	UCoSgLAvtgQVCxO6Wt5vwEeA	ym 2020s early mb albums p1
Every Day Carry	Dry Cleaning	New Long Leg	INDIFFERENT	wFMQDJZa90U	MPREb_8Fe9BDs4DMt	UCoSgLAvtgQVCxO6Wt5vwEeA	ym 2020s early mb albums p1
A.L.C	Dry Cleaning	New Long Leg	INDIFFERENT	Tn9bH7UgiCc	MPREb_8Fe9BDs4DMt	UCoSgLAvtgQVCxO6Wt5vwEeA	ym 2020s early mb albums p1
Baby (feat. Tim Presley)	Drugdealer	Hiding in Plain Sight	INDIFFERENT	KFAPiX9sJwc	MPREb_yw9m8Lr8nty	UCdJU4tOWCJ6kuXKzzkZN0xg	ym 2020s early mb albums p1
Who Am I (feat. Desto Dubb & Rich The Kid)	Drakeo the Ruler	We Know the Truth	INDIFFERENT	bFHx-j289ls	MPREb_TdwDJCZGxO9	UCmNADzzDUm9B4JjSPr57eOA	ym 2020s early mb albums p1
We Know The Truth (feat. Icewear Vezzo & ALLBLACK)	Drakeo the Ruler	We Know the Truth	INDIFFERENT	fytRwLhLBjs	MPREb_TdwDJCZGxO9	UCmNADzzDUm9B4JjSPr57eOA	ym 2020s early mb albums p1
Too Famous	Drakeo the Ruler	We Know the Truth	INDIFFERENT	7S4lgWpRLmc	MPREb_TdwDJCZGxO9	UCmNADzzDUm9B4JjSPr57eOA	ym 2020s early mb albums p1
Punk Rock Bitch	Drakeo the Ruler	We Know the Truth	INDIFFERENT	aI5cDX9I14c	MPREb_TdwDJCZGxO9	UCmNADzzDUm9B4JjSPr57eOA	ym 2020s early mb albums p1
Polar Bear	Drakeo the Ruler	We Know the Truth	INDIFFERENT	H1UIa1A-lYk	MPREb_TdwDJCZGxO9	UCmNADzzDUm9B4JjSPr57eOA	ym 2020s early mb albums p1
Mr. Mosely Claps Back	Drakeo the Ruler	We Know the Truth	INDIFFERENT	gGfsEUb5dFo	MPREb_TdwDJCZGxO9	UCmNADzzDUm9B4JjSPr57eOA	ym 2020s early mb albums p1
Mardi Gras	Drakeo the Ruler	We Know the Truth	INDIFFERENT	boYYNBWsFnA	MPREb_TdwDJCZGxO9	UCmNADzzDUm9B4JjSPr57eOA	ym 2020s early mb albums p1
Lil Boosie (feat. Stupid Young)	Drakeo the Ruler	We Know the Truth	INDIFFERENT	sp65NwHAZBM	MPREb_TdwDJCZGxO9	UCmNADzzDUm9B4JjSPr57eOA	ym 2020s early mb albums p1
John Madden (feat. RMC Mike, Rio Da Yung OG, Lil Yachty & Ralfy The Plug)	Drakeo the Ruler	We Know the Truth	INDIFFERENT	eYySjiPnj94	MPREb_TdwDJCZGxO9	UCmNADzzDUm9B4JjSPr57eOA	ym 2020s early mb albums p1
In My Rear (feat. Da Boii)	Drakeo the Ruler	We Know the Truth	INDIFFERENT	I5Tmxa38kgg	MPREb_TdwDJCZGxO9	UCmNADzzDUm9B4JjSPr57eOA	ym 2020s early mb albums p1
Hundiddy	Drakeo the Ruler	We Know the Truth	INDIFFERENT	CqQhtURa70M	MPREb_TdwDJCZGxO9	UCmNADzzDUm9B4JjSPr57eOA	ym 2020s early mb albums p1
Fullys for Bullies (feat. Lil Mosey & Ralfy the Plug)	Drakeo the Ruler	We Know the Truth	INDIFFERENT	Lta-tjr6Avo	MPREb_TdwDJCZGxO9	UCmNADzzDUm9B4JjSPr57eOA	ym 2020s early mb albums p1
Friday	Drakeo the Ruler	We Know the Truth	INDIFFERENT	Jp3tMFXyoxU	MPREb_TdwDJCZGxO9	UCmNADzzDUm9B4JjSPr57eOA	ym 2020s early mb albums p1
Fights Don't Matter	Drakeo the Ruler	We Know the Truth	INDIFFERENT	KFaS4J-57_Y	MPREb_TdwDJCZGxO9	UCmNADzzDUm9B4JjSPr57eOA	ym 2020s early mb albums p1
Energy (feat. Tee Grizzley)	Drakeo the Ruler	We Know the Truth	INDIFFERENT	tf3jQpF4nR4	MPREb_TdwDJCZGxO9	UCmNADzzDUm9B4JjSPr57eOA	ym 2020s early mb albums p1
Captions	Drakeo the Ruler	We Know the Truth	INDIFFERENT	xBUTuyIoEZ8	MPREb_TdwDJCZGxO9	UCmNADzzDUm9B4JjSPr57eOA	ym 2020s early mb albums p1
Big Dogg (feat. Ralfy the Plug & Ketchy the Great)	Drakeo the Ruler	We Know the Truth	INDIFFERENT	PNSSUK6utsU	MPREb_TdwDJCZGxO9	UCmNADzzDUm9B4JjSPr57eOA	ym 2020s early mb albums p1
20 Pieces	Drakeo the Ruler	We Know the Truth	INDIFFERENT	vxm3K-yu3h8	MPREb_TdwDJCZGxO9	UCmNADzzDUm9B4JjSPr57eOA	ym 2020s early mb albums p1
Tie That Binds	Drake	Honestly, Nevermind	INDIFFERENT	0tHr3-XVICA	MPREb_5B7Ey9PNjYa	UCU6cE7pdJPc6DU2jSrKEsdQ	ym 2020s early mb albums p1
Texts Go Green	Drake	Honestly, Nevermind	INDIFFERENT	s_BylnOIj5M	MPREb_5B7Ey9PNjYa	UCU6cE7pdJPc6DU2jSrKEsdQ	ym 2020s early mb albums p1
Sticky	Drake	Honestly, Nevermind	INDIFFERENT	UFR-9IVgMBA	MPREb_5B7Ey9PNjYa	UCU6cE7pdJPc6DU2jSrKEsdQ	ym 2020s early mb albums p1
Overdrive	Drake	Honestly, Nevermind	INDIFFERENT	LWO3m_UygGs	MPREb_5B7Ey9PNjYa	UCU6cE7pdJPc6DU2jSrKEsdQ	ym 2020s early mb albums p1
Massive	Drake	Honestly, Nevermind	INDIFFERENT	hzS5TP-Qh5c	MPREb_5B7Ey9PNjYa	UCU6cE7pdJPc6DU2jSrKEsdQ	ym 2020s early mb albums p1
Liability	Drake	Honestly, Nevermind	INDIFFERENT	uLTRkVcI7v4	MPREb_5B7Ey9PNjYa	UCU6cE7pdJPc6DU2jSrKEsdQ	ym 2020s early mb albums p1
Jimmy Cooks (feat. 21 Savage)	Drake	Honestly, Nevermind	INDIFFERENT	UQNebFZnEQQ	MPREb_5B7Ey9PNjYa	UCU6cE7pdJPc6DU2jSrKEsdQ	ym 2020s early mb albums p1
Intro	Drake	Honestly, Nevermind	INDIFFERENT	q1UbJwyRrwE	MPREb_5B7Ey9PNjYa	UCU6cE7pdJPc6DU2jSrKEsdQ	ym 2020s early mb albums p1
Flight's Booked	Drake	Honestly, Nevermind	INDIFFERENT	uKS9PYxRJNs	MPREb_5B7Ey9PNjYa	UCU6cE7pdJPc6DU2jSrKEsdQ	ym 2020s early mb albums p1
Falling Back	Drake	Honestly, Nevermind	INDIFFERENT	D-bKgUMyB44	MPREb_5B7Ey9PNjYa	UCU6cE7pdJPc6DU2jSrKEsdQ	ym 2020s early mb albums p1
Down Hill	Drake	Honestly, Nevermind	INDIFFERENT	S_835bTOOO8	MPREb_5B7Ey9PNjYa	UCU6cE7pdJPc6DU2jSrKEsdQ	ym 2020s early mb albums p1
Currents 	Drake	Honestly, Nevermind	INDIFFERENT	ChwVyGzsM58	MPREb_5B7Ey9PNjYa	UCU6cE7pdJPc6DU2jSrKEsdQ	ym 2020s early mb albums p1
Calling My Name	Drake	Honestly, Nevermind	INDIFFERENT	zGTqLfyzymM	MPREb_5B7Ey9PNjYa	UCU6cE7pdJPc6DU2jSrKEsdQ	ym 2020s early mb albums p1
A Keeper	Drake	Honestly, Nevermind	INDIFFERENT	0lY_5pFbhb0	MPREb_5B7Ey9PNjYa	UCU6cE7pdJPc6DU2jSrKEsdQ	ym 2020s early mb albums p1
You Only Live Twice (feat. Lil Wayne & Rick Ross)	Drake	Certified Lover Boy	INDIFFERENT	rmr-2HnWw80	MPREb_tocH6DgDvkk	UCU6cE7pdJPc6DU2jSrKEsdQ	ym 2020s early mb albums p1
Yebba’s Heartbreak	Drake	Certified Lover Boy	INDIFFERENT	QIPPRSu2e9Q	MPREb_tocH6DgDvkk	UCU6cE7pdJPc6DU2jSrKEsdQ	ym 2020s early mb albums p1
Way 2 Sexy (feat. Future & Young Thug)	Drake	Certified Lover Boy	INDIFFERENT	2UT7L_neb4I	MPREb_tocH6DgDvkk	UCU6cE7pdJPc6DU2jSrKEsdQ	ym 2020s early mb albums p1
The Remorse	Drake	Certified Lover Boy	INDIFFERENT	lDkLEm-5fFM	MPREb_tocH6DgDvkk	UCU6cE7pdJPc6DU2jSrKEsdQ	ym 2020s early mb albums p1
TSU	Drake	Certified Lover Boy	INDIFFERENT	nS9LoYZVbfs	MPREb_tocH6DgDvkk	UCU6cE7pdJPc6DU2jSrKEsdQ	ym 2020s early mb albums p1
Race My Mind	Drake	Certified Lover Boy	INDIFFERENT	p9b05rWmIvc	MPREb_tocH6DgDvkk	UCU6cE7pdJPc6DU2jSrKEsdQ	ym 2020s early mb albums p1
Pipe Down	Drake	Certified Lover Boy	INDIFFERENT	7jTgNxd20bg	MPREb_tocH6DgDvkk	UCU6cE7pdJPc6DU2jSrKEsdQ	ym 2020s early mb albums p1
Papi’s Home	Drake	Certified Lover Boy	INDIFFERENT	EO5UdC7B_ac	MPREb_tocH6DgDvkk	UCU6cE7pdJPc6DU2jSrKEsdQ	ym 2020s early mb albums p1
No Friends In The Industry	Drake	Certified Lover Boy	INDIFFERENT	PGWnIv_9P8Q	MPREb_tocH6DgDvkk	UCU6cE7pdJPc6DU2jSrKEsdQ	ym 2020s early mb albums p1
N 2 Deep (feat. Future)	Drake	Certified Lover Boy	INDIFFERENT	rYf_-cmNqNs	MPREb_tocH6DgDvkk	UCU6cE7pdJPc6DU2jSrKEsdQ	ym 2020s early mb albums p1
Love All (feat. JAŸ-Z)	Drake	Certified Lover Boy	INDIFFERENT	YDAMsfU--s4	MPREb_tocH6DgDvkk	UCU6cE7pdJPc6DU2jSrKEsdQ	ym 2020s early mb albums p1
Knife Talk (feat. 21 Savage & Project Pat)	Drake	Certified Lover Boy	INDIFFERENT	v0GFO7U806w	MPREb_tocH6DgDvkk	UCU6cE7pdJPc6DU2jSrKEsdQ	ym 2020s early mb albums p1
In The Bible (feat. Lil Durk & Giveon)	Drake	Certified Lover Boy	INDIFFERENT	qFzIFVJ_Yz4	MPREb_tocH6DgDvkk	UCU6cE7pdJPc6DU2jSrKEsdQ	ym 2020s early mb albums p1
IMY2 (feat. Kid Cudi)	Drake	Certified Lover Boy	INDIFFERENT	1ewvgxf17Bo	MPREb_tocH6DgDvkk	UCU6cE7pdJPc6DU2jSrKEsdQ	ym 2020s early mb albums p1
Girls Want Girls (feat. Lil Baby)	Drake	Certified Lover Boy	INDIFFERENT	oBkhrm2s1-Y	MPREb_tocH6DgDvkk	UCU6cE7pdJPc6DU2jSrKEsdQ	ym 2020s early mb albums p1
Get Along Better (feat. Ty Dolla $ign)	Drake	Certified Lover Boy	INDIFFERENT	F0lLy52n3yE	MPREb_tocH6DgDvkk	UCU6cE7pdJPc6DU2jSrKEsdQ	ym 2020s early mb albums p1
Fountains (feat. Tems)	Drake	Certified Lover Boy	INDIFFERENT	-ESY58mNg2c	MPREb_tocH6DgDvkk	UCU6cE7pdJPc6DU2jSrKEsdQ	ym 2020s early mb albums p1
Fair Trade (feat. Travis Scott)	Drake	Certified Lover Boy	INDIFFERENT	C0PTIqB4RI0	MPREb_tocH6DgDvkk	UCU6cE7pdJPc6DU2jSrKEsdQ	ym 2020s early mb albums p1
F*****g Fans	Drake	Certified Lover Boy	INDIFFERENT	OuGKWgNHkKY	MPREb_tocH6DgDvkk	UCU6cE7pdJPc6DU2jSrKEsdQ	ym 2020s early mb albums p1
Champagne Poetry	Drake	Certified Lover Boy	INDIFFERENT	AxE6wEuLHQ0	MPREb_tocH6DgDvkk	UCU6cE7pdJPc6DU2jSrKEsdQ	ym 2020s early mb albums p1
7am On Bridle Path	Drake	Certified Lover Boy	INDIFFERENT	eYx1SyvKApA	MPREb_tocH6DgDvkk	UCU6cE7pdJPc6DU2jSrKEsdQ	ym 2020s early mb albums p1
Tell Your Friends	Dr. Dog	Dr. Dog	INDIFFERENT	K0SGJqzJH5Q	MPREb_b5X5mxkmzda	UC-JBTXpS5x83eafG3HQMClA	ym 2020s early mb albums p1
Love Struck (feat. M. Ward)	Dr. Dog	Dr. Dog	INDIFFERENT	xCkVUtZs_Ic	MPREb_b5X5mxkmzda	UC-JBTXpS5x83eafG3HQMClA	ym 2020s early mb albums p1
Lost Ones	Dr. Dog	Dr. Dog	INDIFFERENT	NPdfHFe0by8	MPREb_b5X5mxkmzda	UC-JBTXpS5x83eafG3HQMClA	ym 2020s early mb albums p1
Handyman	Dr. Dog	Dr. Dog	INDIFFERENT	BDAaD4D2WHI	MPREb_b5X5mxkmzda	UC-JBTXpS5x83eafG3HQMClA	ym 2020s early mb albums p1
Fine White Lies	Dr. Dog	Dr. Dog	INDIFFERENT	pMidNl4BMA0	MPREb_b5X5mxkmzda	UC-JBTXpS5x83eafG3HQMClA	ym 2020s early mb albums p1
Fat Dog	Dr. Dog	Dr. Dog	INDIFFERENT	P5mgfCfbops	MPREb_b5X5mxkmzda	UC-JBTXpS5x83eafG3HQMClA	ym 2020s early mb albums p1
High Rollin (feat. Louise Verneuil)	Dope Lemon	Rose Pink Cadillac	INDIFFERENT	ab0_u2NsKfo	MPREb_8CHz9srK5dv	UC3mpxFnXufqm11HRJ_nFiQA	ym 2020s early mb albums p1
Velluto	Donato Dozzy	Magda	INDIFFERENT	7CqPZbsPmEk	MPREb_A7EjjQ6nRVj	UCK4ZE1sEUDW5-HJXANpe1RQ	ym 2020s early mb albums p1
Santa Cunegonda	Donato Dozzy	Magda	INDIFFERENT	SvNcA0P5kR4	MPREb_A7EjjQ6nRVj	UCK4ZE1sEUDW5-HJXANpe1RQ	ym 2020s early mb albums p1
Magda	Donato Dozzy	Magda	INDIFFERENT	zoWog0Lhz9I	MPREb_A7EjjQ6nRVj	UCK4ZE1sEUDW5-HJXANpe1RQ	ym 2020s early mb albums p1
Lucrezia	Donato Dozzy	Magda	INDIFFERENT	EsLTBveDN14	MPREb_A7EjjQ6nRVj	UCK4ZE1sEUDW5-HJXANpe1RQ	ym 2020s early mb albums p1
Le Chaser	Donato Dozzy	Magda	INDIFFERENT	xO5AoP4JNz8	MPREb_A7EjjQ6nRVj	UCK4ZE1sEUDW5-HJXANpe1RQ	ym 2020s early mb albums p1
Franca	Donato Dozzy	Magda	INDIFFERENT	Xk8x_pQ-3kQ	MPREb_A7EjjQ6nRVj	UCK4ZE1sEUDW5-HJXANpe1RQ	ym 2020s early mb albums p1
You Right	Doja Cat	Planet Her	INDIFFERENT	fdrjPRnTYC0	MPREb_cQxqYtJzxSu	UCwgX_dLqGYna_7Fm8ecf4Ng	ym 2020s early mb albums p1
Woman	Doja Cat	Planet Her	INDIFFERENT	GnmoJaTWiQE	MPREb_cQxqYtJzxSu	UCwgX_dLqGYna_7Fm8ecf4Ng	ym 2020s early mb albums p1
Payday (feat. Young Thug)	Doja Cat	Planet Her	INDIFFERENT	NBhxUanR9js	MPREb_cQxqYtJzxSu	UCwgX_dLqGYna_7Fm8ecf4Ng	ym 2020s early mb albums p1
Options (feat. JID)	Doja Cat	Planet Her	INDIFFERENT	0bfx_aMhtFY	MPREb_cQxqYtJzxSu	UCwgX_dLqGYna_7Fm8ecf4Ng	ym 2020s early mb albums p1
Need to Know	Doja Cat	Planet Her	INDIFFERENT	USb5JBhZed0	MPREb_cQxqYtJzxSu	UCwgX_dLqGYna_7Fm8ecf4Ng	ym 2020s early mb albums p1
Naked	Doja Cat	Planet Her	INDIFFERENT	ujiAXv_iORs	MPREb_cQxqYtJzxSu	UCwgX_dLqGYna_7Fm8ecf4Ng	ym 2020s early mb albums p1
Love To Dream	Doja Cat	Planet Her	INDIFFERENT	Lr2k6Q3C6Ak	MPREb_cQxqYtJzxSu	UCwgX_dLqGYna_7Fm8ecf4Ng	ym 2020s early mb albums p1
Kiss Me More (feat. SZA)	Doja Cat	Planet Her	INDIFFERENT	ui7M7j7caHA	MPREb_cQxqYtJzxSu	UCwgX_dLqGYna_7Fm8ecf4Ng	ym 2020s early mb albums p1
Imagine	Doja Cat	Planet Her	INDIFFERENT	U3z1XHpz4mg	MPREb_cQxqYtJzxSu	UCwgX_dLqGYna_7Fm8ecf4Ng	ym 2020s early mb albums p1
I Don't Do Drugs (feat. Ariana Grande)	Doja Cat	Planet Her	INDIFFERENT	2-K0tiSZ8lk	MPREb_cQxqYtJzxSu	UCwgX_dLqGYna_7Fm8ecf4Ng	ym 2020s early mb albums p1
Get Into It (Yuh)	Doja Cat	Planet Her	INDIFFERENT	crOwX85s_po	MPREb_cQxqYtJzxSu	UCwgX_dLqGYna_7Fm8ecf4Ng	ym 2020s early mb albums p1
Been Like This	Doja Cat	Planet Her	INDIFFERENT	SPEO_8xot6Y	MPREb_cQxqYtJzxSu	UCwgX_dLqGYna_7Fm8ecf4Ng	ym 2020s early mb albums p1
Alone	Doja Cat	Planet Her	INDIFFERENT	YYO2mVCJjvg	MPREb_cQxqYtJzxSu	UCwgX_dLqGYna_7Fm8ecf4Ng	ym 2020s early mb albums p1
Ain't Shit	Doja Cat	Planet Her	INDIFFERENT	HoeiQ8sxgWE	MPREb_cQxqYtJzxSu	UCwgX_dLqGYna_7Fm8ecf4Ng	ym 2020s early mb albums p1
WAIT	Doechii	Alligator Bites Never Heal	INDIFFERENT	N1p9ViCQiQw	MPREb_YTRyZzPK4qT	UCy-gOpJFjjNHXP9lQIVM1Xw	ym 2020s early mb albums p1
STANKA POOH	Doechii	Alligator Bites Never Heal	INDIFFERENT	sVasknez9vY	MPREb_YTRyZzPK4qT	UCy-gOpJFjjNHXP9lQIVM1Xw	ym 2020s early mb albums p1
SLIDE	Doechii	Alligator Bites Never Heal	INDIFFERENT	6HXgakADZ1Y	MPREb_YTRyZzPK4qT	UCy-gOpJFjjNHXP9lQIVM1Xw	ym 2020s early mb albums p1
PROFIT	Doechii	Alligator Bites Never Heal	INDIFFERENT	wtj9pADbtzI	MPREb_YTRyZzPK4qT	UCy-gOpJFjjNHXP9lQIVM1Xw	ym 2020s early mb albums p1
NISSAN ALTIMA	Doechii	Alligator Bites Never Heal	INDIFFERENT	Ws-_syYOT2k	MPREb_YTRyZzPK4qT	UCy-gOpJFjjNHXP9lQIVM1Xw	ym 2020s early mb albums p1
HUH!	Doechii	Alligator Bites Never Heal	INDIFFERENT	YnsUPV3sYiA	MPREb_YTRyZzPK4qT	UCy-gOpJFjjNHXP9lQIVM1Xw	ym 2020s early mb albums p1
HIDE N SEEK	Doechii	Alligator Bites Never Heal	INDIFFERENT	kJyJOTOdyDQ	MPREb_YTRyZzPK4qT	UCy-gOpJFjjNHXP9lQIVM1Xw	ym 2020s early mb albums p1
GTFO	Doechii	Alligator Bites Never Heal	INDIFFERENT	M4XHe4qZJpI	MPREb_YTRyZzPK4qT	UCy-gOpJFjjNHXP9lQIVM1Xw	ym 2020s early mb albums p1
FIREFLIES	Doechii	Alligator Bites Never Heal	INDIFFERENT	enAHh5w1ppA	MPREb_YTRyZzPK4qT	UCy-gOpJFjjNHXP9lQIVM1Xw	ym 2020s early mb albums p1
DENIAL IS A RIVER	Doechii	Alligator Bites Never Heal	INDIFFERENT	VlNktqr9cYk	MPREb_YTRyZzPK4qT	UCy-gOpJFjjNHXP9lQIVM1Xw	ym 2020s early mb albums p1
BULLFROG	Doechii	Alligator Bites Never Heal	INDIFFERENT	CN6pWd9v868	MPREb_YTRyZzPK4qT	UCy-gOpJFjjNHXP9lQIVM1Xw	ym 2020s early mb albums p1
BOOM BAP	Doechii	Alligator Bites Never Heal	INDIFFERENT	ntNYoqKuRF0	MPREb_YTRyZzPK4qT	UCy-gOpJFjjNHXP9lQIVM1Xw	ym 2020s early mb albums p1
BLOOM	Doechii	Alligator Bites Never Heal	INDIFFERENT	HDeULkQuwdM	MPREb_YTRyZzPK4qT	UCy-gOpJFjjNHXP9lQIVM1Xw	ym 2020s early mb albums p1
BEVERLY HILLS	Doechii	Alligator Bites Never Heal	INDIFFERENT	E0t3J1w-HHA	MPREb_YTRyZzPK4qT	UCy-gOpJFjjNHXP9lQIVM1Xw	ym 2020s early mb albums p1
ALLIGATOR BITES NEVER HEAL	Doechii	Alligator Bites Never Heal	INDIFFERENT	fwKhVa016GA	MPREb_YTRyZzPK4qT	UCy-gOpJFjjNHXP9lQIVM1Xw	ym 2020s early mb albums p1
Frekm, Pt. 2	DjRUM	Meaning's Edge	INDIFFERENT	jdWegfzoSiw	MPREb_s2aD64gDzgB	UC-gNRMqAmhHUUkzCIkHzpxQ	ym 2020s early mb albums p1
Frekm, Pt. 1	DjRUM	Meaning's Edge	INDIFFERENT	7vWPpkMOte4	MPREb_s2aD64gDzgB	UC-gNRMqAmhHUUkzCIkHzpxQ	ym 2020s early mb albums p1
Crawl	DjRUM	Meaning's Edge	INDIFFERENT	qkrVagKr2AI	MPREb_s2aD64gDzgB	UC-gNRMqAmhHUUkzCIkHzpxQ	ym 2020s early mb albums p1
Codex, Pt. 2	DjRUM	Meaning's Edge	INDIFFERENT	NPEYUCMffFk	MPREb_s2aD64gDzgB	UC-gNRMqAmhHUUkzCIkHzpxQ	ym 2020s early mb albums p1
Codex	DjRUM	Meaning's Edge	INDIFFERENT	EUPz98kYuTU	MPREb_s2aD64gDzgB	UC-gNRMqAmhHUUkzCIkHzpxQ	ym 2020s early mb albums p1
Xrystal	Discovery Zone	Quantum Web	INDIFFERENT	nPl5SscuKko	MPREb_tUGOOzGs1lL	UC5K2cBCCOGotYgXbk4RYE9A	ym 2020s early mb albums p1
Ur Eyes	Discovery Zone	Quantum Web	INDIFFERENT	IMkPQmbvtkM	MPREb_tUGOOzGs1lL	UC5K2cBCCOGotYgXbk4RYE9A	ym 2020s early mb albums p1
Undressed	Discovery Zone	Quantum Web	INDIFFERENT	JrPT41lGq3M	MPREb_tUGOOzGs1lL	UC5K2cBCCOGotYgXbk4RYE9A	ym 2020s early mb albums p1
Test	Discovery Zone	Quantum Web	INDIFFERENT	F3Irb1HiMlg	MPREb_tUGOOzGs1lL	UC5K2cBCCOGotYgXbk4RYE9A	ym 2020s early mb albums p1
Supernatural	Discovery Zone	Quantum Web	INDIFFERENT	-ITXhbMhXIo	MPREb_tUGOOzGs1lL	UC5K2cBCCOGotYgXbk4RYE9A	ym 2020s early mb albums p1
Qubit QT	Discovery Zone	Quantum Web	INDIFFERENT	liO0S1Nlecg	MPREb_tUGOOzGs1lL	UC5K2cBCCOGotYgXbk4RYE9A	ym 2020s early mb albums p1
Qubit Lite	Discovery Zone	Quantum Web	INDIFFERENT	sBSbP74kRF4	MPREb_tUGOOzGs1lL	UC5K2cBCCOGotYgXbk4RYE9A	ym 2020s early mb albums p1
Pair A Dice	Discovery Zone	Quantum Web	INDIFFERENT	DKO3Jo6zktc	MPREb_tUGOOzGs1lL	UC5K2cBCCOGotYgXbk4RYE9A	ym 2020s early mb albums p1
Out	Discovery Zone	Quantum Web	INDIFFERENT	_uVCo1m8Ebg	MPREb_tUGOOzGs1lL	UC5K2cBCCOGotYgXbk4RYE9A	ym 2020s early mb albums p1
Operating System	Discovery Zone	Quantum Web	INDIFFERENT	JgDXiZ0A9Ag	MPREb_tUGOOzGs1lL	UC5K2cBCCOGotYgXbk4RYE9A	ym 2020s early mb albums p1
Mall of Luv	Discovery Zone	Quantum Web	INDIFFERENT	80W8fYAw9a4	MPREb_tUGOOzGs1lL	UC5K2cBCCOGotYgXbk4RYE9A	ym 2020s early mb albums p1
Kite	Discovery Zone	Quantum Web	INDIFFERENT	LkOYJ3UFXq0	MPREb_tUGOOzGs1lL	UC5K2cBCCOGotYgXbk4RYE9A	ym 2020s early mb albums p1
Keep It Lite	Discovery Zone	Quantum Web	INDIFFERENT	qQnMeZa81hg	MPREb_tUGOOzGs1lL	UC5K2cBCCOGotYgXbk4RYE9A	ym 2020s early mb albums p1
FYI	Discovery Zone	Quantum Web	INDIFFERENT	VC6YIhGyQ0Q	MPREb_tUGOOzGs1lL	UC5K2cBCCOGotYgXbk4RYE9A	ym 2020s early mb albums p1
All Dressed Up With Nowhere to Go	Discovery Zone	Quantum Web	INDIFFERENT	-1_D1nsRfEA	MPREb_tUGOOzGs1lL	UC5K2cBCCOGotYgXbk4RYE9A	ym 2020s early mb albums p1
Watch Your Step	Disclosure	ENERGY (Deluxe)	INDIFFERENT	IGRbkekHY74	MPREb_I1LjnuD5A0V	UCMqoUCDT2rtlvBS93GXGqDA	ym 2020s early mb albums p1
Thinking 'Bout You (Interlude)	Disclosure	ENERGY (Deluxe)	INDIFFERENT	OWVNW6gDkpY	MPREb_I1LjnuD5A0V	UCMqoUCDT2rtlvBS93GXGqDA	ym 2020s early mb albums p1
My High	Disclosure	ENERGY (Deluxe)	INDIFFERENT	fIWOq8CPLk8	MPREb_I1LjnuD5A0V	UCMqoUCDT2rtlvBS93GXGqDA	ym 2020s early mb albums p1
Get Close	Disclosure	ENERGY (Deluxe)	INDIFFERENT	5KAzPZX5mv4	MPREb_I1LjnuD5A0V	UCMqoUCDT2rtlvBS93GXGqDA	ym 2020s early mb albums p1
Expressing What Matters	Disclosure	ENERGY (Deluxe)	INDIFFERENT	1V4XSiz0n20	MPREb_I1LjnuD5A0V	UCMqoUCDT2rtlvBS93GXGqDA	ym 2020s early mb albums p1
Love changes everything VI	Dirty Three	Love Changes Everything	INDIFFERENT	TIUimFqBp_8	MPREb_RiMjZHQkcMh	UCs0T3BR8QMPnKFp930liUdg	ym 2020s early mb albums p1
Love changes everything V	Dirty Three	Love Changes Everything	INDIFFERENT	AwYEgGG5-2g	MPREb_RiMjZHQkcMh	UCs0T3BR8QMPnKFp930liUdg	ym 2020s early mb albums p1
Love changes everything IV	Dirty Three	Love Changes Everything	INDIFFERENT	3zPcg0GcokU	MPREb_RiMjZHQkcMh	UCs0T3BR8QMPnKFp930liUdg	ym 2020s early mb albums p1
Love changes everything III	Dirty Three	Love Changes Everything	INDIFFERENT	5fR3gUPGqwQ	MPREb_RiMjZHQkcMh	UCs0T3BR8QMPnKFp930liUdg	ym 2020s early mb albums p1
Love changes everything II	Dirty Three	Love Changes Everything	INDIFFERENT	lfaCbzQOuDg	MPREb_RiMjZHQkcMh	UCs0T3BR8QMPnKFp930liUdg	ym 2020s early mb albums p1
Love changes everything I	Dirty Three	Love Changes Everything	INDIFFERENT	yyj0lEeb9jE	MPREb_RiMjZHQkcMh	UCs0T3BR8QMPnKFp930liUdg	ym 2020s early mb albums p1
Your Reign is Over	Dictaphone	Goats & Distortions 5	INDIFFERENT	46c5TnYwIyo	MPREb_5gZziAH4stp	UCIFL80Yfez0qyYnWAttAgrA	ym 2020s early mb albums p1
Tempête et Stress	Dictaphone	Goats & Distortions 5	INDIFFERENT	PFRLN_stw-A	MPREb_5gZziAH4stp	UCIFL80Yfez0qyYnWAttAgrA	ym 2020s early mb albums p1
O.	Dictaphone	Goats & Distortions 5	INDIFFERENT	E23PsAC2KvA	MPREb_5gZziAH4stp	UCIFL80Yfez0qyYnWAttAgrA	ym 2020s early mb albums p1
M.	Dictaphone	Goats & Distortions 5	INDIFFERENT	YpfBOBDfgEo	MPREb_5gZziAH4stp	UCIFL80Yfez0qyYnWAttAgrA	ym 2020s early mb albums p1
Island 92	Dictaphone	Goats & Distortions 5	INDIFFERENT	jxsdhtIYh8U	MPREb_5gZziAH4stp	UCIFL80Yfez0qyYnWAttAgrA	ym 2020s early mb albums p1
Il Grande Silenzio	Dictaphone	Goats & Distortions 5	INDIFFERENT	FyuPgWHDqYI	MPREb_5gZziAH4stp	UCIFL80Yfez0qyYnWAttAgrA	ym 2020s early mb albums p1
Griot Dub	Dictaphone	Goats & Distortions 5	INDIFFERENT	kE4jy_kFKzE	MPREb_5gZziAH4stp	UCIFL80Yfez0qyYnWAttAgrA	ym 2020s early mb albums p1
Goats & Distortions 2	Dictaphone	Goats & Distortions 5	INDIFFERENT	ncQHyjpH2xI	MPREb_5gZziAH4stp	UCIFL80Yfez0qyYnWAttAgrA	ym 2020s early mb albums p1
Goats & Distortions 1	Dictaphone	Goats & Distortions 5	INDIFFERENT	B_K0FciVayw	MPREb_5gZziAH4stp	UCIFL80Yfez0qyYnWAttAgrA	ym 2020s early mb albums p1
808.14.4	Dictaphone	Goats & Distortions 5	INDIFFERENT	EaWAsaDN0hY	MPREb_5gZziAH4stp	UCIFL80Yfez0qyYnWAttAgrA	ym 2020s early mb albums p1
Tintoretto, It's for You	Destroyer	LABYRINTHITIS	INDIFFERENT	4K0grd_U5Jw	MPREb_7acuocC6C9F	UC_plNzaYghjuzu3CWNSv28g	ym 2020s early mb albums p1
The States	Destroyer	LABYRINTHITIS	INDIFFERENT	ZlkNQNqQA2w	MPREb_7acuocC6C9F	UC_plNzaYghjuzu3CWNSv28g	ym 2020s early mb albums p1
The Last Song	Destroyer	LABYRINTHITIS	INDIFFERENT	QLK0ziYzCyM	MPREb_7acuocC6C9F	UC_plNzaYghjuzu3CWNSv28g	ym 2020s early mb albums p1
Suffer	Destroyer	LABYRINTHITIS	INDIFFERENT	zQgY6se8ltU	MPREb_7acuocC6C9F	UC_plNzaYghjuzu3CWNSv28g	ym 2020s early mb albums p1
Labyrinthitis	Destroyer	LABYRINTHITIS	INDIFFERENT	EVanVx5eIn0	MPREb_7acuocC6C9F	UC_plNzaYghjuzu3CWNSv28g	ym 2020s early mb albums p1
June	Destroyer	LABYRINTHITIS	INDIFFERENT	Y7kK0s3Oy3w	MPREb_7acuocC6C9F	UC_plNzaYghjuzu3CWNSv28g	ym 2020s early mb albums p1
It Takes a Thief	Destroyer	LABYRINTHITIS	INDIFFERENT	6kg6W9_C-To	MPREb_7acuocC6C9F	UC_plNzaYghjuzu3CWNSv28g	ym 2020s early mb albums p1
Eat the Wine, Drink the Bread	Destroyer	LABYRINTHITIS	INDIFFERENT	Y2P-Kopb0mw	MPREb_7acuocC6C9F	UC_plNzaYghjuzu3CWNSv28g	ym 2020s early mb albums p1
foolssong	Destroyer	Have We Met	INDIFFERENT	9yJEYz4RpF4	MPREb_rtQ330t4chF	UC_plNzaYghjuzu3CWNSv28g	ym 2020s early mb albums p1
University Hill	Destroyer	Have We Met	INDIFFERENT	zgIVU-9VyLk	MPREb_rtQ330t4chF	UC_plNzaYghjuzu3CWNSv28g	ym 2020s early mb albums p1
The Television Music Supervisor	Destroyer	Have We Met	INDIFFERENT	ZAFuRMNSdOw	MPREb_rtQ330t4chF	UC_plNzaYghjuzu3CWNSv28g	ym 2020s early mb albums p1
The Raven	Destroyer	Have We Met	INDIFFERENT	yCKtDwr4-k0	MPREb_rtQ330t4chF	UC_plNzaYghjuzu3CWNSv28g	ym 2020s early mb albums p1
The Man in Black’s Blues	Destroyer	Have We Met	INDIFFERENT	sFz1wY0GABw	MPREb_rtQ330t4chF	UC_plNzaYghjuzu3CWNSv28g	ym 2020s early mb albums p1
Kinda Dark	Destroyer	Have We Met	INDIFFERENT	29XewGEe9eE	MPREb_rtQ330t4chF	UC_plNzaYghjuzu3CWNSv28g	ym 2020s early mb albums p1
It Just Doesn’t Happen	Destroyer	Have We Met	INDIFFERENT	zd0a0B49DHc	MPREb_rtQ330t4chF	UC_plNzaYghjuzu3CWNSv28g	ym 2020s early mb albums p1
Have We Met	Destroyer	Have We Met	INDIFFERENT	Z-ANC2ocn9w	MPREb_rtQ330t4chF	UC_plNzaYghjuzu3CWNSv28g	ym 2020s early mb albums p1
Cue Synthesizer	Destroyer	Have We Met	INDIFFERENT	i8yPVuQNAig	MPREb_rtQ330t4chF	UC_plNzaYghjuzu3CWNSv28g	ym 2020s early mb albums p1
Crimson Tide	Destroyer	Have We Met	INDIFFERENT	dvO7dfSLu8U	MPREb_rtQ330t4chF	UC_plNzaYghjuzu3CWNSv28g	ym 2020s early mb albums p1
Wagging Tongue	Depeche Mode	Memento Mori	INDIFFERENT	2tQ0FDUYARM	MPREb_ZMCJTiH0mEs	UC-CcyIM_seGnGL5-2Fsppow	ym 2020s early mb albums p1
Speak To Me	Depeche Mode	Memento Mori	INDIFFERENT	almCjaTa0Ts	MPREb_ZMCJTiH0mEs	UC-CcyIM_seGnGL5-2Fsppow	ym 2020s early mb albums p1
Soul With Me	Depeche Mode	Memento Mori	INDIFFERENT	GkVyVrzBFNQ	MPREb_ZMCJTiH0mEs	UC-CcyIM_seGnGL5-2Fsppow	ym 2020s early mb albums p1
People Are Good	Depeche Mode	Memento Mori	INDIFFERENT	AFfS7PZD6YE	MPREb_ZMCJTiH0mEs	UC-CcyIM_seGnGL5-2Fsppow	ym 2020s early mb albums p1
Never Let Me Go	Depeche Mode	Memento Mori	INDIFFERENT	KkbCpI2eM8A	MPREb_ZMCJTiH0mEs	UC-CcyIM_seGnGL5-2Fsppow	ym 2020s early mb albums p1
My Favourite Stranger	Depeche Mode	Memento Mori	INDIFFERENT	Hjj2n7_ndeE	MPREb_ZMCJTiH0mEs	UC-CcyIM_seGnGL5-2Fsppow	ym 2020s early mb albums p1
My Cosmos Is Mine	Depeche Mode	Memento Mori	INDIFFERENT	LbDb4Qc_NCU	MPREb_ZMCJTiH0mEs	UC-CcyIM_seGnGL5-2Fsppow	ym 2020s early mb albums p1
Don't Say You Love Me	Depeche Mode	Memento Mori	INDIFFERENT	nw12TV4NM6k	MPREb_ZMCJTiH0mEs	UC-CcyIM_seGnGL5-2Fsppow	ym 2020s early mb albums p1
Caroline's Monkey	Depeche Mode	Memento Mori	INDIFFERENT	AucplQIb2as	MPREb_ZMCJTiH0mEs	UC-CcyIM_seGnGL5-2Fsppow	ym 2020s early mb albums p1
Before We Drown	Depeche Mode	Memento Mori	INDIFFERENT	M4XXiAoAAfw	MPREb_ZMCJTiH0mEs	UC-CcyIM_seGnGL5-2Fsppow	ym 2020s early mb albums p1
Always You	Depeche Mode	Memento Mori	INDIFFERENT	0Y9W0IhHMag	MPREb_ZMCJTiH0mEs	UC-CcyIM_seGnGL5-2Fsppow	ym 2020s early mb albums p1
ꞌCosmicꞌ.m4a	Denzel Curry	UNLOCKED	INDIFFERENT	2YN0tVmgcWw	MPREb_941iWm3lgkC	UCzN1vzi9iELop5XH53ud6Gw	ym 2020s early mb albums p1
Track07	Denzel Curry	UNLOCKED	INDIFFERENT	9Mx9Ob9oCUU	MPREb_941iWm3lgkC	UCzN1vzi9iELop5XH53ud6Gw	ym 2020s early mb albums p1
Track 01	Denzel Curry	UNLOCKED	INDIFFERENT	ZDcVToBitow	MPREb_941iWm3lgkC	UCzN1vzi9iELop5XH53ud6Gw	ym 2020s early mb albums p1
Take_it_Back_v2	Denzel Curry	UNLOCKED	INDIFFERENT	XewR1wBmP3o	MPREb_941iWm3lgkC	UCzN1vzi9iELop5XH53ud6Gw	ym 2020s early mb albums p1
Lay_Up.m4a	Denzel Curry	UNLOCKED	INDIFFERENT	PF_pSy1eonA	MPREb_941iWm3lgkC	UCzN1vzi9iELop5XH53ud6Gw	ym 2020s early mb albums p1
DIET_	Denzel Curry	UNLOCKED	INDIFFERENT	sw4hn4F22YQ	MPREb_941iWm3lgkC	UCzN1vzi9iELop5XH53ud6Gw	ym 2020s early mb albums p1
Zatoichi (feat. slowthai)	Denzel Curry	Melt My Eyez See Your Future	INDIFFERENT	Wij7GI684e8	MPREb_DmsBGpxiUFZ	UCzN1vzi9iELop5XH53ud6Gw	ym 2020s early mb albums p1
Worst Comes to Worst	Denzel Curry	Melt My Eyez See Your Future	INDIFFERENT	jLfjghnGvVA	MPREb_DmsBGpxiUFZ	UCzN1vzi9iELop5XH53ud6Gw	ym 2020s early mb albums p1
The Smell of Death	Denzel Curry	Melt My Eyez See Your Future	INDIFFERENT	Myo9USuXlVE	MPREb_DmsBGpxiUFZ	UCzN1vzi9iELop5XH53ud6Gw	ym 2020s early mb albums p1
Melt Session #1 (feat. Robert Glasper)	Denzel Curry	Melt My Eyez See Your Future	INDIFFERENT	ZR2OM54kcl4	MPREb_DmsBGpxiUFZ	UCzN1vzi9iELop5XH53ud6Gw	ym 2020s early mb albums p1
Ain't No Way (feat. 6LACK, Rico Nasty, JID & Jasiah)	Denzel Curry	Melt My Eyez See Your Future	INDIFFERENT	A0z3eFhPbFw	MPREb_DmsBGpxiUFZ	UCzN1vzi9iELop5XH53ud6Gw	ym 2020s early mb albums p1
WISHLIST	Denzel Curry	King Of The Mischievous South Vol. 2	INDIFFERENT	gfE5ST1mEcc	MPREb_rT6xxGTeWNZ	UCzN1vzi9iELop5XH53ud6Gw	ym 2020s early mb albums p1
SKED	Denzel Curry	King Of The Mischievous South Vol. 2	INDIFFERENT	Ci-_I6khNe4	MPREb_rT6xxGTeWNZ	UCzN1vzi9iELop5XH53ud6Gw	ym 2020s early mb albums p1
SET IT	Denzel Curry	King Of The Mischievous South Vol. 2	INDIFFERENT	_F7J-qZaTIM	MPREb_rT6xxGTeWNZ	UCzN1vzi9iELop5XH53ud6Gw	ym 2020s early mb albums p1
LUNATIC INTERLUDE	Denzel Curry	King Of The Mischievous South Vol. 2	INDIFFERENT	Vuxa0abWEl0	MPREb_rT6xxGTeWNZ	UCzN1vzi9iELop5XH53ud6Gw	ym 2020s early mb albums p1
KOTMS II OUTRO	Denzel Curry	King Of The Mischievous South Vol. 2	INDIFFERENT	hZGlyXn2zdQ	MPREb_rT6xxGTeWNZ	UCzN1vzi9iELop5XH53ud6Gw	ym 2020s early mb albums p1
KOTMS II INTRO	Denzel Curry	King Of The Mischievous South Vol. 2	INDIFFERENT	XdCDhcRkiCs	MPREb_rT6xxGTeWNZ	UCzN1vzi9iELop5XH53ud6Gw	ym 2020s early mb albums p1
HOT ONE	Denzel Curry	King Of The Mischievous South Vol. 2	INDIFFERENT	BHNBqH21ycY	MPREb_rT6xxGTeWNZ	UCzN1vzi9iELop5XH53ud6Gw	ym 2020s early mb albums p1
HOODLUMZ	Denzel Curry	King Of The Mischievous South Vol. 2	INDIFFERENT	l15v4YcxVbo	MPREb_rT6xxGTeWNZ	UCzN1vzi9iELop5XH53ud6Gw	ym 2020s early mb albums p1
HIT THE FLOOR	Denzel Curry	King Of The Mischievous South Vol. 2	INDIFFERENT	DwqPTCyzu0I	MPREb_rT6xxGTeWNZ	UCzN1vzi9iELop5XH53ud6Gw	ym 2020s early mb albums p1
HEADCRACK INTERLUDE	Denzel Curry	King Of The Mischievous South Vol. 2	INDIFFERENT	QlgArynOhmc	MPREb_rT6xxGTeWNZ	UCzN1vzi9iELop5XH53ud6Gw	ym 2020s early mb albums p1
G’Z UP	Denzel Curry	King Of The Mischievous South Vol. 2	INDIFFERENT	YOhNIULZ5xU	MPREb_rT6xxGTeWNZ	UCzN1vzi9iELop5XH53ud6Gw	ym 2020s early mb albums p1
COLE PIMP	Denzel Curry	King Of The Mischievous South Vol. 2	INDIFFERENT	zLFtWjCh-Fg	MPREb_rT6xxGTeWNZ	UCzN1vzi9iELop5XH53ud6Gw	ym 2020s early mb albums p1
CHOOSE WISELY INTERMISSION	Denzel Curry	King Of The Mischievous South Vol. 2	INDIFFERENT	SGoh3rXfFVw	MPREb_rT6xxGTeWNZ	UCzN1vzi9iELop5XH53ud6Gw	ym 2020s early mb albums p1
BLACK FLAG FREESTYLE	Denzel Curry	King Of The Mischievous South Vol. 2	INDIFFERENT	ktrsa8a8b_w	MPREb_rT6xxGTeWNZ	UCzN1vzi9iELop5XH53ud6Gw	ym 2020s early mb albums p1
Right Place, Right Time	Delvon Lamarr Organ Trio	I Told You So	INDIFFERENT	7Dx6SYBNOjQ	MPREb_skpjHgsqBbE	UCu8aRlBsg9w4L9Vx0Yhkddw	ym 2020s early mb albums p1
Girly Face	Delvon Lamarr Organ Trio	I Told You So	INDIFFERENT	WG8HYBIcHVI	MPREb_skpjHgsqBbE	UCu8aRlBsg9w4L9Vx0Yhkddw	ym 2020s early mb albums p1
What’s Done is Done	Delta Spirit	One is One	INDIFFERENT	t_x7X5F_-AA	MPREb_B621R74ote7	UCtNwQdO893YX9a0tInNi3Pw	ym 2020s early mb albums p1
Villains	Delta Spirit	One is One	INDIFFERENT	UlI4xnha3w8	MPREb_B621R74ote7	UCtNwQdO893YX9a0tInNi3Pw	ym 2020s early mb albums p1
Thoughts on Seneca	Delta Spirit	One is One	INDIFFERENT	LTXcmvuCmn0	MPREb_B621R74ote7	UCtNwQdO893YX9a0tInNi3Pw	ym 2020s early mb albums p1
The Beginning	Delta Spirit	One is One	INDIFFERENT	2lK7ye-pg1w	MPREb_B621R74ote7	UCtNwQdO893YX9a0tInNi3Pw	ym 2020s early mb albums p1
Pick It Up	Delta Spirit	One is One	INDIFFERENT	PbTUFom4Bmc	MPREb_B621R74ote7	UCtNwQdO893YX9a0tInNi3Pw	ym 2020s early mb albums p1
One Is One	Delta Spirit	One is One	INDIFFERENT	LYtyzjroPeE	MPREb_B621R74ote7	UCtNwQdO893YX9a0tInNi3Pw	ym 2020s early mb albums p1
On & On (Look Away)	Delta Spirit	One is One	INDIFFERENT	ZEwOkrvVhXQ	MPREb_B621R74ote7	UCtNwQdO893YX9a0tInNi3Pw	ym 2020s early mb albums p1
Lottery Ticket	Delta Spirit	One is One	INDIFFERENT	HseDDkvASDE	MPREb_B621R74ote7	UCtNwQdO893YX9a0tInNi3Pw	ym 2020s early mb albums p1
Jane Pauley	Delta Spirit	One is One	INDIFFERENT	QtCu1hfbBQQ	MPREb_B621R74ote7	UCtNwQdO893YX9a0tInNi3Pw	ym 2020s early mb albums p1
Ghost of Caddo	Delta Spirit	One is One	INDIFFERENT	Adkwt4n5GT8	MPREb_B621R74ote7	UCtNwQdO893YX9a0tInNi3Pw	ym 2020s early mb albums p1
This Link Is Dead	Deftones	Ohms	INDIFFERENT	tQHTp8cI0Z4	MPREb_OsY0osplAus	UCXQtyZ6gWbOYR5B8Sc2sr3g	ym 2020s early mb albums p1
The Spell of Mathematics	Deftones	Ohms	INDIFFERENT	B0VLaMwOIco	MPREb_OsY0osplAus	UCXQtyZ6gWbOYR5B8Sc2sr3g	ym 2020s early mb albums p1
Radiant City	Deftones	Ohms	INDIFFERENT	6bWD7VRHmgg	MPREb_OsY0osplAus	UCXQtyZ6gWbOYR5B8Sc2sr3g	ym 2020s early mb albums p1
Headless	Deftones	Ohms	INDIFFERENT	dSwfPbGzVZs	MPREb_OsY0osplAus	UCXQtyZ6gWbOYR5B8Sc2sr3g	ym 2020s early mb albums p1
Genesis	Deftones	Ohms	INDIFFERENT	rRNQaV2Bhf8	MPREb_OsY0osplAus	UCXQtyZ6gWbOYR5B8Sc2sr3g	ym 2020s early mb albums p1
Error	Deftones	Ohms	INDIFFERENT	V0gF8CQASTA	MPREb_OsY0osplAus	UCXQtyZ6gWbOYR5B8Sc2sr3g	ym 2020s early mb albums p1
the rot	Dean Blunt	BLACK METAL 2	INDIFFERENT	2crLTbHCkx8	MPREb_O1MAf71QHHp	UCd-gHFnpT3sc9vSfltp8wlQ	ym 2020s early mb albums p1
ZaZa	Dean Blunt	BLACK METAL 2	INDIFFERENT	hQe-AEMHiRQ	MPREb_O1MAf71QHHp	UCd-gHFnpT3sc9vSfltp8wlQ	ym 2020s early mb albums p1
WOOSAH	Dean Blunt	BLACK METAL 2	INDIFFERENT	pz0E3Gj_oYc	MPREb_O1MAf71QHHp	UCd-gHFnpT3sc9vSfltp8wlQ	ym 2020s early mb albums p1
VIGIL	Dean Blunt	BLACK METAL 2	INDIFFERENT	pnpZelu1lV8	MPREb_O1MAf71QHHp	UCd-gHFnpT3sc9vSfltp8wlQ	ym 2020s early mb albums p1
SKETAMINE	Dean Blunt	BLACK METAL 2	INDIFFERENT	U9ejr4joASE	MPREb_O1MAf71QHHp	UCd-gHFnpT3sc9vSfltp8wlQ	ym 2020s early mb albums p1
SEMTEX	Dean Blunt	BLACK METAL 2	INDIFFERENT	EJU0pwP4Fhc	MPREb_O1MAf71QHHp	UCd-gHFnpT3sc9vSfltp8wlQ	ym 2020s early mb albums p1
NIL BY MOUTH	Dean Blunt	BLACK METAL 2	INDIFFERENT	3aLk-XZd_LE	MPREb_O1MAf71QHHp	UCd-gHFnpT3sc9vSfltp8wlQ	ym 2020s early mb albums p1
MUGU	Dean Blunt	BLACK METAL 2	INDIFFERENT	VD5sxuX0rXA	MPREb_O1MAf71QHHp	UCd-gHFnpT3sc9vSfltp8wlQ	ym 2020s early mb albums p1
LA RAZA	Dean Blunt	BLACK METAL 2	INDIFFERENT	o3Kr1oSFrVA	MPREb_O1MAf71QHHp	UCd-gHFnpT3sc9vSfltp8wlQ	ym 2020s early mb albums p1
DASH SNOW	Dean Blunt	BLACK METAL 2	INDIFFERENT	5Jemb8ivfbs	MPREb_O1MAf71QHHp	UCd-gHFnpT3sc9vSfltp8wlQ	ym 2020s early mb albums p1
Villain	Deafheaven	Infinite Granite	INDIFFERENT	FO35YNAi3ig	MPREb_XMvrXp21fp7	UCpJAUou7A5TOpQEoYSVP_zQ	ym 2020s early mb albums p1
The Gnashing	Deafheaven	Infinite Granite	INDIFFERENT	nr_ms7sY4A8	MPREb_XMvrXp21fp7	UCpJAUou7A5TOpQEoYSVP_zQ	ym 2020s early mb albums p1
Shellstar	Deafheaven	Infinite Granite	INDIFFERENT	SQz2CmHSAis	MPREb_XMvrXp21fp7	UCpJAUou7A5TOpQEoYSVP_zQ	ym 2020s early mb albums p1
Other Language	Deafheaven	Infinite Granite	INDIFFERENT	GUU8mkbFTDk	MPREb_XMvrXp21fp7	UCpJAUou7A5TOpQEoYSVP_zQ	ym 2020s early mb albums p1
Neptune Raining Diamonds	Deafheaven	Infinite Granite	INDIFFERENT	KjRQwPxgO7I	MPREb_XMvrXp21fp7	UCpJAUou7A5TOpQEoYSVP_zQ	ym 2020s early mb albums p1
Mombasa	Deafheaven	Infinite Granite	INDIFFERENT	tocB5X4Jz-8	MPREb_XMvrXp21fp7	UCpJAUou7A5TOpQEoYSVP_zQ	ym 2020s early mb albums p1
Lament for Wasps	Deafheaven	Infinite Granite	INDIFFERENT	l8HjinUV_f8	MPREb_XMvrXp21fp7	UCpJAUou7A5TOpQEoYSVP_zQ	ym 2020s early mb albums p1
In Blur	Deafheaven	Infinite Granite	INDIFFERENT	OxXDr5pnbPc	MPREb_XMvrXp21fp7	UCpJAUou7A5TOpQEoYSVP_zQ	ym 2020s early mb albums p1
To Let the Time Go By	Dead Meadow	Force Form Free	INDIFFERENT	WltViZLfG9s	MPREb_Q5PbuMAdCYJ	UCmRe366myVgHYqjrEIS8ZMg	ym 2020s early mb albums p1
The Lure of the Next Peak	Dead Meadow	Force Form Free	INDIFFERENT	DDxMf_seLIQ	MPREb_Q5PbuMAdCYJ	UCmRe366myVgHYqjrEIS8ZMg	ym 2020s early mb albums p1
The Left Hand Path	Dead Meadow	Force Form Free	INDIFFERENT	gAPPBw4qHeQ	MPREb_Q5PbuMAdCYJ	UCmRe366myVgHYqjrEIS8ZMg	ym 2020s early mb albums p1
Force Form Free	Dead Meadow	Force Form Free	INDIFFERENT	LJ4N3iOsaac	MPREb_Q5PbuMAdCYJ	UCmRe366myVgHYqjrEIS8ZMg	ym 2020s early mb albums p1
Binah	Dead Meadow	Force Form Free	INDIFFERENT	EncCU6GWJwM	MPREb_Q5PbuMAdCYJ	UCmRe366myVgHYqjrEIS8ZMg	ym 2020s early mb albums p1
Wish I Could Cross the Sea	Daughter	Stereo Mind Game	INDIFFERENT	OiS-eLPmHr0	MPREb_tLpdypX4VC5	UCBlrV-yC9iu2tQvrCAd4opA	ym 2020s early mb albums p1
To Rage	Daughter	Stereo Mind Game	INDIFFERENT	IROGe0XOyDI	MPREb_tLpdypX4VC5	UCBlrV-yC9iu2tQvrCAd4opA	ym 2020s early mb albums p1
Swim Back	Daughter	Stereo Mind Game	INDIFFERENT	WYzW7grDPl4	MPREb_tLpdypX4VC5	UCBlrV-yC9iu2tQvrCAd4opA	ym 2020s early mb albums p1
Party	Daughter	Stereo Mind Game	INDIFFERENT	4g3xfpuqtFw	MPREb_tLpdypX4VC5	UCBlrV-yC9iu2tQvrCAd4opA	ym 2020s early mb albums p1
Neptune	Daughter	Stereo Mind Game	INDIFFERENT	l2PYxzxVzjQ	MPREb_tLpdypX4VC5	UCBlrV-yC9iu2tQvrCAd4opA	ym 2020s early mb albums p1
Junkmail	Daughter	Stereo Mind Game	INDIFFERENT	UOfvsinG1d0	MPREb_tLpdypX4VC5	UCBlrV-yC9iu2tQvrCAd4opA	ym 2020s early mb albums p1
Isolation	Daughter	Stereo Mind Game	INDIFFERENT	eZeFVaJe3Sw	MPREb_tLpdypX4VC5	UCBlrV-yC9iu2tQvrCAd4opA	ym 2020s early mb albums p1
Intro	Daughter	Stereo Mind Game	INDIFFERENT	4aiVCvg5aXk	MPREb_tLpdypX4VC5	UCBlrV-yC9iu2tQvrCAd4opA	ym 2020s early mb albums p1
Future Lover	Daughter	Stereo Mind Game	INDIFFERENT	1LIOt0y_QpA	MPREb_tLpdypX4VC5	UCBlrV-yC9iu2tQvrCAd4opA	ym 2020s early mb albums p1
Dandelion	Daughter	Stereo Mind Game	INDIFFERENT	RfEI75i7IO8	MPREb_tLpdypX4VC5	UCBlrV-yC9iu2tQvrCAd4opA	ym 2020s early mb albums p1
Be On Your Way	Daughter	Stereo Mind Game	INDIFFERENT	c0unia3BGi4	MPREb_tLpdypX4VC5	UCBlrV-yC9iu2tQvrCAd4opA	ym 2020s early mb albums p1
(Missed Calls)	Daughter	Stereo Mind Game	INDIFFERENT	IPnA7PPzVU4	MPREb_tLpdypX4VC5	UCBlrV-yC9iu2tQvrCAd4opA	ym 2020s early mb albums p1
Welcome	Das Kope	Where I Live	INDIFFERENT	eM4akkII8XM	MPREb_w3avZm0gZob	UCDp6U8dvos7ELXwA7zxOu2Q	ym 2020s early mb albums p1
Ready for the Summer	Das Kope	Where I Live	INDIFFERENT	kgsGn3TR8k4	MPREb_w3avZm0gZob	UCDp6U8dvos7ELXwA7zxOu2Q	ym 2020s early mb albums p1
Imaginação	Das Kope	Where I Live	INDIFFERENT	mq6hQiQSwCk	MPREb_w3avZm0gZob	UCDp6U8dvos7ELXwA7zxOu2Q	ym 2020s early mb albums p1
Good Time	Das Kope	Where I Live	INDIFFERENT	2IyKTPMj3gU	MPREb_w3avZm0gZob	UCDp6U8dvos7ELXwA7zxOu2Q	ym 2020s early mb albums p1
Fascination	Das Kope	Where I Live	INDIFFERENT	w5GbeI4gZ0s	MPREb_w3avZm0gZob	UCDp6U8dvos7ELXwA7zxOu2Q	ym 2020s early mb albums p1
Desert Dome	Das Kope	Where I Live	INDIFFERENT	xrc9HJsol44	MPREb_w3avZm0gZob	UCDp6U8dvos7ELXwA7zxOu2Q	ym 2020s early mb albums p1
Wolf (Loraine James Remix)	Darkstar	Civic Jams Remixes	INDIFFERENT	H40K9Evme04	MPREb_agkoLMbQ778	UCRAlMv7W0hJeULsSNnX56sA	ym 2020s early mb albums p1
Wolf (John Talabot’s Materia Dub)	Darkstar	Civic Jams Remixes	INDIFFERENT	CiXfMGcy85Q	MPREb_agkoLMbQ778	UCRAlMv7W0hJeULsSNnX56sA	ym 2020s early mb albums p1
Wolf (John Talabot’s Euphoric Remix)	Darkstar	Civic Jams Remixes	INDIFFERENT	oM4dDPtxdXw	MPREb_agkoLMbQ778	UCRAlMv7W0hJeULsSNnX56sA	ym 2020s early mb albums p1
Jam (Parris Remix)	Darkstar	Civic Jams Remixes	INDIFFERENT	0w1aiXatxg8	MPREb_agkoLMbQ778	UCRAlMv7W0hJeULsSNnX56sA	ym 2020s early mb albums p1
Jam (Horsepower Productions Remix)	Darkstar	Civic Jams Remixes	INDIFFERENT	5upVGGvYFk0	MPREb_agkoLMbQ778	UCRAlMv7W0hJeULsSNnX56sA	ym 2020s early mb albums p1
Tuesday	Darkstar	Civic Jams	INDIFFERENT	dlAtswm9vWM	MPREb_HeVyhZsR7AV	UCRAlMv7W0hJeULsSNnX56sA	ym 2020s early mb albums p1
Text	Darkstar	Civic Jams	INDIFFERENT	Oi8wZLyAxYY	MPREb_HeVyhZsR7AV	UCRAlMv7W0hJeULsSNnX56sA	ym 2020s early mb albums p1
Loon	Darkstar	Civic Jams	INDIFFERENT	9V1FPPnw-dw	MPREb_HeVyhZsR7AV	UCRAlMv7W0hJeULsSNnX56sA	ym 2020s early mb albums p1
Forest	Darkstar	Civic Jams	INDIFFERENT	0p9vaYYHYL0	MPREb_HeVyhZsR7AV	UCRAlMv7W0hJeULsSNnX56sA	ym 2020s early mb albums p1
1001	Darkstar	Civic Jams	INDIFFERENT	0x0Sy43uSAY	MPREb_HeVyhZsR7AV	UCRAlMv7W0hJeULsSNnX56sA	ym 2020s early mb albums p1
WINTER SADNESS	Darius	OASIS	INDIFFERENT	iFR8AprhoM0	MPREb_NUHgSImtO7B	UC47pz2hObnlTy47JuZJXClQ	ym 2020s early mb albums p1
SUNDAY	Darius	OASIS	INDIFFERENT	jmJaQ6LhVLU	MPREb_NUHgSImtO7B	UC47pz2hObnlTy47JuZJXClQ	ym 2020s early mb albums p1
RISE (feat. Benny Sings)	Darius	OASIS	INDIFFERENT	4944-x2X3D8	MPREb_NUHgSImtO7B	UC47pz2hObnlTy47JuZJXClQ	ym 2020s early mb albums p1
NOTHING TO ME	Darius	OASIS	INDIFFERENT	BeZ1mOPUzT0	MPREb_NUHgSImtO7B	UC47pz2hObnlTy47JuZJXClQ	ym 2020s early mb albums p1
MATERIAL GIRL	Darius	OASIS	INDIFFERENT	wqDA4H6o14A	MPREb_NUHgSImtO7B	UC47pz2hObnlTy47JuZJXClQ	ym 2020s early mb albums p1
IMAGINATION	Darius	OASIS	INDIFFERENT	lZzPtFTQ-qA	MPREb_NUHgSImtO7B	UC47pz2hObnlTy47JuZJXClQ	ym 2020s early mb albums p1
FEELINGS	Darius	OASIS	INDIFFERENT	Ad5hq9zGFm4	MPREb_NUHgSImtO7B	UC47pz2hObnlTy47JuZJXClQ	ym 2020s early mb albums p1
CHERIE	Darius	OASIS	INDIFFERENT	OzxG8AyABnA	MPREb_NUHgSImtO7B	UC47pz2hObnlTy47JuZJXClQ	ym 2020s early mb albums p1
CAN'T LET GO (feat. Flwr Chyld)	Darius	OASIS	INDIFFERENT	YBzpn-lBK-s	MPREb_NUHgSImtO7B	UC47pz2hObnlTy47JuZJXClQ	ym 2020s early mb albums p1
Take Two	Daphni	Cherry	INDIFFERENT	fQ1rK-aNfd0	MPREb_Bcs2YNqyWjl	UCfk1G9VN3pt5bfjbxFFEytQ	ym 2020s early mb albums p1
Mania	Daphni	Cherry	INDIFFERENT	MUzAJcOsUgU	MPREb_Bcs2YNqyWjl	UCfk1G9VN3pt5bfjbxFFEytQ	ym 2020s early mb albums p1
Karplus	Daphni	Cherry	INDIFFERENT	J2FQEkcRPLQ	MPREb_Bcs2YNqyWjl	UCfk1G9VN3pt5bfjbxFFEytQ	ym 2020s early mb albums p1
Fly Away	Daphni	Cherry	INDIFFERENT	qQKbDrzT5o0	MPREb_Bcs2YNqyWjl	UCfk1G9VN3pt5bfjbxFFEytQ	ym 2020s early mb albums p1
Falling	Daphni	Cherry	INDIFFERENT	njv9hVasOIs	MPREb_Bcs2YNqyWjl	UCfk1G9VN3pt5bfjbxFFEytQ	ym 2020s early mb albums p1
Cloudy	Daphni	Cherry	INDIFFERENT	0dIg4TYQ-qs	MPREb_Bcs2YNqyWjl	UCfk1G9VN3pt5bfjbxFFEytQ	ym 2020s early mb albums p1
Amber	Daphni	Cherry	INDIFFERENT	qOCaK3LClGs	MPREb_Bcs2YNqyWjl	UCfk1G9VN3pt5bfjbxFFEytQ	ym 2020s early mb albums p1
Always There	Daphni	Cherry	INDIFFERENT	VrpBTBQEzgw	MPREb_Bcs2YNqyWjl	UCfk1G9VN3pt5bfjbxFFEytQ	ym 2020s early mb albums p1
You Belong There	Daniel Rossen	You Belong There	INDIFFERENT	9daCxYDwNJ0	MPREb_XfgOwwTukyR	UCLqIxY-OjKFVdUQqz2oxAhQ	ym 2020s early mb albums p1
Tangle	Daniel Rossen	You Belong There	INDIFFERENT	MHTjRuwLTfI	MPREb_XfgOwwTukyR	UCLqIxY-OjKFVdUQqz2oxAhQ	ym 2020s early mb albums p1
Repeat the Pattern	Daniel Rossen	You Belong There	INDIFFERENT	fG9YHNpkMsE	MPREb_XfgOwwTukyR	UCLqIxY-OjKFVdUQqz2oxAhQ	ym 2020s early mb albums p1
Keeper and Kin	Daniel Rossen	You Belong There	INDIFFERENT	YdXxPRA_P9U	MPREb_XfgOwwTukyR	UCLqIxY-OjKFVdUQqz2oxAhQ	ym 2020s early mb albums p1
I'll Wait For Your Visit	Daniel Rossen	You Belong There	INDIFFERENT	gqePjR3IaDE	MPREb_XfgOwwTukyR	UCLqIxY-OjKFVdUQqz2oxAhQ	ym 2020s early mb albums p1
Wall of Sleep	Daniel Avery	Ultra Truth	INDIFFERENT	L66jrX0nh3A	MPREb_oo4yC8l3pH2	UCB1ZNlOuGCLYQ_U60YOhchQ	ym 2020s early mb albums p1
Overflowing With Escape	Daniel Avery	Ultra Truth	INDIFFERENT	UVFj8k--tdo	MPREb_oo4yC8l3pH2	UCB1ZNlOuGCLYQ_U60YOhchQ	ym 2020s early mb albums p1
Only	Daniel Avery	Ultra Truth	INDIFFERENT	2Seyc1Vr10s	MPREb_oo4yC8l3pH2	UCB1ZNlOuGCLYQ_U60YOhchQ	ym 2020s early mb albums p1
Higher	Daniel Avery	Ultra Truth	INDIFFERENT	VmRrjoX4o9c	MPREb_oo4yC8l3pH2	UCB1ZNlOuGCLYQ_U60YOhchQ	ym 2020s early mb albums p1
Heavy Rain	Daniel Avery	Ultra Truth	INDIFFERENT	C9-Def21w7Q	MPREb_oo4yC8l3pH2	UCB1ZNlOuGCLYQ_U60YOhchQ	ym 2020s early mb albums p1
Devotion	Daniel Avery	Ultra Truth	INDIFFERENT	cRrg8Oa8xNQ	MPREb_oo4yC8l3pH2	UCB1ZNlOuGCLYQ_U60YOhchQ	ym 2020s early mb albums p1
Collapsing Sky	Daniel Avery	Ultra Truth	INDIFFERENT	1ZjMGS_zp0g	MPREb_oo4yC8l3pH2	UCB1ZNlOuGCLYQ_U60YOhchQ	ym 2020s early mb albums p1
Ache	Daniel Avery	Ultra Truth	INDIFFERENT	ocryGIr2Neg	MPREb_oo4yC8l3pH2	UCB1ZNlOuGCLYQ_U60YOhchQ	ym 2020s early mb albums p1
Violas and Lupitas	Danger Mouse and Black Thought	Cheat Codes	INDIFFERENT	SS5IAX-bnk0	MPREb_gPWoRFcnnLR	UCVD3bGSY5xTsU2JxJZuo1Cg	ym 2020s early mb albums p1
No Gold Teeth	Danger Mouse and Black Thought	Cheat Codes	INDIFFERENT	SuL7Bw64Sfk	MPREb_gPWoRFcnnLR	UCVD3bGSY5xTsU2JxJZuo1Cg	ym 2020s early mb albums p1
Identical Deaths	Danger Mouse and Black Thought	Cheat Codes	INDIFFERENT	3G_F22Ogwto	MPREb_gPWoRFcnnLR	UCVD3bGSY5xTsU2JxJZuo1Cg	ym 2020s early mb albums p1
Cheat Codes	Danger Mouse and Black Thought	Cheat Codes	INDIFFERENT	ql5IvhouPlw	MPREb_gPWoRFcnnLR	UCVD3bGSY5xTsU2JxJZuo1Cg	ym 2020s early mb albums p1
Strangers (feat. A$AP Rocky & Run The Jewels)	Danger Mouse	Cheat Codes	INDIFFERENT	VHv8Zvy0pOg	MPREb_gPWoRFcnnLR	UC5174GK88E8jwZC_TDIKJGQ	ym 2020s early mb albums p1
Belize (feat. MF DOOM)	Danger Mouse	Cheat Codes	INDIFFERENT	iAEnOC-Peuo	MPREb_gPWoRFcnnLR	UC5174GK88E8jwZC_TDIKJGQ	ym 2020s early mb albums p1
Aquamarine (feat. Michael Kiwanuka)	Danger Mouse	Cheat Codes	INDIFFERENT	NMoULLXjAW8	MPREb_gPWoRFcnnLR	UC5174GK88E8jwZC_TDIKJGQ	ym 2020s early mb albums p1
Weeping Birch	Dan Deacon	Mystic Familiar	INDIFFERENT	82xbyvFNFh0	MPREb_e6dcvUEebi8	UCsP4bZFWXJO75ECgoFnbYMA	ym 2020s early mb albums p1
My Friend (Edit)	Dan Deacon	Mystic Familiar	INDIFFERENT	WZoXcR1Jfio	MPREb_e6dcvUEebi8	UCsP4bZFWXJO75ECgoFnbYMA	ym 2020s early mb albums p1
My Friend	Dan Deacon	Mystic Familiar	INDIFFERENT	23-2nJQsoBY	MPREb_e6dcvUEebi8	UCsP4bZFWXJO75ECgoFnbYMA	ym 2020s early mb albums p1
Bumble Bee Crown King	Dan Deacon	Mystic Familiar	INDIFFERENT	gdeFO3sow1w	MPREb_e6dcvUEebi8	UCsP4bZFWXJO75ECgoFnbYMA	ym 2020s early mb albums p1
Become a Mountain (Edit)	Dan Deacon	Mystic Familiar	INDIFFERENT	Bj9w2H3mlng	MPREb_e6dcvUEebi8	UCsP4bZFWXJO75ECgoFnbYMA	ym 2020s early mb albums p1
Become a Mountain	Dan Deacon	Mystic Familiar	INDIFFERENT	FOswDU5IaIA	MPREb_e6dcvUEebi8	UCsP4bZFWXJO75ECgoFnbYMA	ym 2020s early mb albums p1
Arp IV: Any Moment	Dan Deacon	Mystic Familiar	INDIFFERENT	hm-jWjBWJsI	MPREb_e6dcvUEebi8	UCsP4bZFWXJO75ECgoFnbYMA	ym 2020s early mb albums p1
Arp III: Far From Shore (Edit)	Dan Deacon	Mystic Familiar	INDIFFERENT	PvySQwojULc	MPREb_e6dcvUEebi8	UCsP4bZFWXJO75ECgoFnbYMA	ym 2020s early mb albums p1
Arp II: Float Away	Dan Deacon	Mystic Familiar	INDIFFERENT	SbLUeK8PH9c	MPREb_e6dcvUEebi8	UCsP4bZFWXJO75ECgoFnbYMA	ym 2020s early mb albums p1
Arp I: Wide Eyed & Arp II: Float Away (Edit)	Dan Deacon	Mystic Familiar	INDIFFERENT	cSBDmC10rTU	MPREb_e6dcvUEebi8	UCsP4bZFWXJO75ECgoFnbYMA	ym 2020s early mb albums p1
Arp I: Wide Eyed	Dan Deacon	Mystic Familiar	INDIFFERENT	O95rl1dLjfo	MPREb_e6dcvUEebi8	UCsP4bZFWXJO75ECgoFnbYMA	ym 2020s early mb albums p1
The Tower of Montevideo	Damon Albarn	The Nearer the Fountain, More Pure the Stream Flows	INDIFFERENT	x3Zhku1tKdg	MPREb_21ZdEZ8sv0N	UCW-2jeHSUVkobsiVJBJ6PXg	ym 2020s early mb albums p1
The Nearer the Fountain, More Pure the Stream Flows	Damon Albarn	The Nearer the Fountain, More Pure the Stream Flows	INDIFFERENT	H7VqTM20liE	MPREb_21ZdEZ8sv0N	UCW-2jeHSUVkobsiVJBJ6PXg	ym 2020s early mb albums p1
The Cormorant	Damon Albarn	The Nearer the Fountain, More Pure the Stream Flows	INDIFFERENT	Q8f0TtN-uOM	MPREb_21ZdEZ8sv0N	UCW-2jeHSUVkobsiVJBJ6PXg	ym 2020s early mb albums p1
Royal Morning Blue	Damon Albarn	The Nearer the Fountain, More Pure the Stream Flows	INDIFFERENT	Cds2gNxmwdY	MPREb_21ZdEZ8sv0N	UCW-2jeHSUVkobsiVJBJ6PXg	ym 2020s early mb albums p1
Polaris	Damon Albarn	The Nearer the Fountain, More Pure the Stream Flows	INDIFFERENT	8cyME0Bm2NY	MPREb_21ZdEZ8sv0N	UCW-2jeHSUVkobsiVJBJ6PXg	ym 2020s early mb albums p1
Particles	Damon Albarn	The Nearer the Fountain, More Pure the Stream Flows	INDIFFERENT	r_fBVvkdrPU	MPREb_21ZdEZ8sv0N	UCW-2jeHSUVkobsiVJBJ6PXg	ym 2020s early mb albums p1
Giraffe Trumpet Sea	Damon Albarn	The Nearer the Fountain, More Pure the Stream Flows	INDIFFERENT	M2-vEIAnJNk	MPREb_21ZdEZ8sv0N	UCW-2jeHSUVkobsiVJBJ6PXg	ym 2020s early mb albums p1
Esja	Damon Albarn	The Nearer the Fountain, More Pure the Stream Flows	INDIFFERENT	5yTIw60EAso	MPREb_21ZdEZ8sv0N	UCW-2jeHSUVkobsiVJBJ6PXg	ym 2020s early mb albums p1
Darkness to Light	Damon Albarn	The Nearer the Fountain, More Pure the Stream Flows	INDIFFERENT	hVMxKqaBxXo	MPREb_21ZdEZ8sv0N	UCW-2jeHSUVkobsiVJBJ6PXg	ym 2020s early mb albums p1
Daft Wader	Damon Albarn	The Nearer the Fountain, More Pure the Stream Flows	INDIFFERENT	EPocZxujFeg	MPREb_21ZdEZ8sv0N	UCW-2jeHSUVkobsiVJBJ6PXg	ym 2020s early mb albums p1
Combustion	Damon Albarn	The Nearer the Fountain, More Pure the Stream Flows	INDIFFERENT	TGUDQ5r5uLY	MPREb_21ZdEZ8sv0N	UCW-2jeHSUVkobsiVJBJ6PXg	ym 2020s early mb albums p1
Yaya	Dabrye	Super-Cassette	INDIFFERENT	rIkj0Va1fUQ	MPREb_pda7qbfH82g	UC9_VKEWJ2nGL7FCd3qs-vBQ	ym 2020s early mb albums p1
Whoever Got You’s Gonna Get Got Too	Dabrye	Super-Cassette	INDIFFERENT	dTW82TMRVyw	MPREb_pda7qbfH82g	UC9_VKEWJ2nGL7FCd3qs-vBQ	ym 2020s early mb albums p1
Uncanny Tales (The Score)	Dabrye	Super-Cassette	INDIFFERENT	NQ8T5uGlFHU	MPREb_pda7qbfH82g	UC9_VKEWJ2nGL7FCd3qs-vBQ	ym 2020s early mb albums p1
Toiler on the Creek	Dabrye	Super-Cassette	INDIFFERENT	78K8ANya24Y	MPREb_pda7qbfH82g	UC9_VKEWJ2nGL7FCd3qs-vBQ	ym 2020s early mb albums p1
The Most Deliciousest	Dabrye	Super-Cassette	INDIFFERENT	rTLQq6U-LWQ	MPREb_pda7qbfH82g	UC9_VKEWJ2nGL7FCd3qs-vBQ	ym 2020s early mb albums p1
Swamp Lord	Dabrye	Super-Cassette	INDIFFERENT	hdSXqN6yaEg	MPREb_pda7qbfH82g	UC9_VKEWJ2nGL7FCd3qs-vBQ	ym 2020s early mb albums p1
Ring the Cellarman	Dabrye	Super-Cassette	INDIFFERENT	wCBLDtRu-W0	MPREb_pda7qbfH82g	UC9_VKEWJ2nGL7FCd3qs-vBQ	ym 2020s early mb albums p1
Rigby’s Dram	Dabrye	Super-Cassette	INDIFFERENT	I4XP5LvGwCw	MPREb_pda7qbfH82g	UC9_VKEWJ2nGL7FCd3qs-vBQ	ym 2020s early mb albums p1
Pearlclutcher	Dabrye	Super-Cassette	INDIFFERENT	6yNZNA8ROJo	MPREb_pda7qbfH82g	UC9_VKEWJ2nGL7FCd3qs-vBQ	ym 2020s early mb albums p1
Gammy’s Full Split Heals	Dabrye	Super-Cassette	INDIFFERENT	nWzhdkIypIQ	MPREb_pda7qbfH82g	UC9_VKEWJ2nGL7FCd3qs-vBQ	ym 2020s early mb albums p1
Fantastic Clouds	Dabrye	Super-Cassette	INDIFFERENT	7QDm-tXzOiU	MPREb_pda7qbfH82g	UC9_VKEWJ2nGL7FCd3qs-vBQ	ym 2020s early mb albums p1
Cascades	Dabrye	Super-Cassette	INDIFFERENT	8HauSoF4-G4	MPREb_pda7qbfH82g	UC9_VKEWJ2nGL7FCd3qs-vBQ	ym 2020s early mb albums p1
Bug Copped Village Gini	Dabrye	Super-Cassette	INDIFFERENT	jsTr2YprWVw	MPREb_pda7qbfH82g	UC9_VKEWJ2nGL7FCd3qs-vBQ	ym 2020s early mb albums p1
Shadows In The Moonlight	DOPE LEMON	Rose Pink Cadillac	INDIFFERENT	vjWybwgDO2Y	MPREb_8CHz9srK5dv	UC3mpxFnXufqm11HRJ_nFiQA	ym 2020s early mb albums p1
Sailor’s Delight	DOPE LEMON	Rose Pink Cadillac	INDIFFERENT	wA5kgqIG8UU	MPREb_8CHz9srK5dv	UC3mpxFnXufqm11HRJ_nFiQA	ym 2020s early mb albums p1
Lovesick Brain	DOPE LEMON	Rose Pink Cadillac	INDIFFERENT	pp_skGUxFY4	MPREb_8CHz9srK5dv	UC3mpxFnXufqm11HRJ_nFiQA	ym 2020s early mb albums p1
God's Machete	DOPE LEMON	Rose Pink Cadillac	INDIFFERENT	PScoRj-ZfY0	MPREb_8CHz9srK5dv	UC3mpxFnXufqm11HRJ_nFiQA	ym 2020s early mb albums p1
Every Day Is A Holiday (feat. Winston Surfshirt)	DOPE LEMON	Rose Pink Cadillac	INDIFFERENT	MSI_xSZ2PVs	MPREb_8CHz9srK5dv	UC3mpxFnXufqm11HRJ_nFiQA	ym 2020s early mb albums p1
NOT TiGHT	DOMi & JD BECK & Thundercat	NOT TiGHT	INDIFFERENT	2gw2am6bRrs	MPREb_O1SDzTeX2pc		ym 2020s early mb albums p1
BOWLiNG	DOMi & JD BECK & Thundercat	NOT TiGHT	INDIFFERENT	wg2B1J-4GmA	MPREb_O1SDzTeX2pc		ym 2020s early mb albums p1
TWO SHRiMPS	DOMi & JD BECK & Mac DeMarco	NOT TiGHT	INDIFFERENT	sHwwDw_27D0	MPREb_O1SDzTeX2pc		ym 2020s early mb albums p1
WHOA	DOMi & JD BECK	NOT TiGHT	INDIFFERENT	owdIcbs3rtI	MPREb_O1SDzTeX2pc	UCnV7SbvpzaxiWbquXSXdo3Q	ym 2020s early mb albums p1
WHATUP	DOMi & JD BECK	NOT TiGHT	INDIFFERENT	xFGyydlITgo	MPREb_O1SDzTeX2pc	UCnV7SbvpzaxiWbquXSXdo3Q	ym 2020s early mb albums p1
U DON'T HAVE TO ROB ME	DOMi & JD BECK	NOT TiGHT	INDIFFERENT	CqIiizEQnrA	MPREb_O1SDzTeX2pc	UCnV7SbvpzaxiWbquXSXdo3Q	ym 2020s early mb albums p1
THANK U	DOMi & JD BECK	NOT TiGHT	INDIFFERENT	mP-xAr616x8	MPREb_O1SDzTeX2pc	UCnV7SbvpzaxiWbquXSXdo3Q	ym 2020s early mb albums p1
TAKE A CHANCE	DOMi & JD BECK	NOT TiGHT	INDIFFERENT	Y6QezBMPCVg	MPREb_O1SDzTeX2pc	UCnV7SbvpzaxiWbquXSXdo3Q	ym 2020s early mb albums p1
SPACE MOUNTAiN	DOMi & JD BECK	NOT TiGHT	INDIFFERENT	XSoNLIN1jBM	MPREb_O1SDzTeX2pc	UCnV7SbvpzaxiWbquXSXdo3Q	ym 2020s early mb albums p1
SNiFF	DOMi & JD BECK	NOT TiGHT	INDIFFERENT	65k6GZJ1_EY	MPREb_O1SDzTeX2pc	UCnV7SbvpzaxiWbquXSXdo3Q	ym 2020s early mb albums p1
PiLOT	DOMi & JD BECK	NOT TiGHT	INDIFFERENT	uQ7R58uCyVQ	MPREb_O1SDzTeX2pc	UCnV7SbvpzaxiWbquXSXdo3Q	ym 2020s early mb albums p1
MOON	DOMi & JD BECK	NOT TiGHT	INDIFFERENT	vUjnzaeA6Mc	MPREb_O1SDzTeX2pc	UCnV7SbvpzaxiWbquXSXdo3Q	ym 2020s early mb albums p1
LOUNA'S iNTRO	DOMi & JD BECK	NOT TiGHT	INDIFFERENT	St7cE1FCfOM	MPREb_O1SDzTeX2pc	UCnV7SbvpzaxiWbquXSXdo3Q	ym 2020s early mb albums p1
DUKE	DOMi & JD BECK	NOT TiGHT	INDIFFERENT	8SMNEyvbY4I	MPREb_O1SDzTeX2pc	UCnV7SbvpzaxiWbquXSXdo3Q	ym 2020s early mb albums p1
Reflecting Pool	DJ Shadow	Action Adventure	INDIFFERENT	BhmU5POyLho	MPREb_OZldC40rGiA	UCtTuSKgCdeTyxBGPCD3TgxQ	ym 2020s early mb albums p1
Ozone Scraper	DJ Shadow	Action Adventure	INDIFFERENT	uTWjjonLJrU	MPREb_OZldC40rGiA	UCtTuSKgCdeTyxBGPCD3TgxQ	ym 2020s early mb albums p1
Free For All	DJ Shadow	Action Adventure	INDIFFERENT	uchrG4R0A3o	MPREb_OZldC40rGiA	UCtTuSKgCdeTyxBGPCD3TgxQ	ym 2020s early mb albums p1
Wheels In Motion	DJ Sabrina The Teenage DJ	The Makin' Magick II Album (2021 Version)	INDIFFERENT	0fqqdusBIwc	MPREb_iQKktPl9BoY	UC4lOMy5Dl6IWTaSoxJ7L0Qw	ym 2020s early mb albums p1
That's All I Got So Far	DJ Sabrina The Teenage DJ	The Makin' Magick II Album (2021 Version)	INDIFFERENT	PplB1NY3_jU	MPREb_iQKktPl9BoY	UC4lOMy5Dl6IWTaSoxJ7L0Qw	ym 2020s early mb albums p1
Spirit	DJ Sabrina The Teenage DJ	The Makin' Magick II Album (2021 Version)	INDIFFERENT	ZV0qWB3MWAA	MPREb_iQKktPl9BoY	UC4lOMy5Dl6IWTaSoxJ7L0Qw	ym 2020s early mb albums p1
Satisfy	DJ Sabrina The Teenage DJ	The Makin' Magick II Album (2021 Version)	INDIFFERENT	Ne36DLUJdeo	MPREb_iQKktPl9BoY	UC4lOMy5Dl6IWTaSoxJ7L0Qw	ym 2020s early mb albums p1
Princess	DJ Sabrina The Teenage DJ	The Makin' Magick II Album (2021 Version)	INDIFFERENT	t_0GNyxO_xQ	MPREb_iQKktPl9BoY	UC4lOMy5Dl6IWTaSoxJ7L0Qw	ym 2020s early mb albums p1
Paradise	DJ Sabrina The Teenage DJ	The Makin' Magick II Album (2021 Version)	INDIFFERENT	3H8rrRuZhX0	MPREb_iQKktPl9BoY	UC4lOMy5Dl6IWTaSoxJ7L0Qw	ym 2020s early mb albums p1
One Day	DJ Sabrina The Teenage DJ	The Makin' Magick II Album (2021 Version)	INDIFFERENT	lpFBDXtGjLo	MPREb_iQKktPl9BoY	UC4lOMy5Dl6IWTaSoxJ7L0Qw	ym 2020s early mb albums p1
Music	DJ Sabrina The Teenage DJ	The Makin' Magick II Album (2021 Version)	INDIFFERENT	w83XOQQMoZI	MPREb_iQKktPl9BoY	UC4lOMy5Dl6IWTaSoxJ7L0Qw	ym 2020s early mb albums p1
Miss Me	DJ Sabrina The Teenage DJ	The Makin' Magick II Album (2021 Version)	INDIFFERENT	MWPMNOccMGs	MPREb_iQKktPl9BoY	UC4lOMy5Dl6IWTaSoxJ7L0Qw	ym 2020s early mb albums p1
Love Is The Purest Thing There Is	DJ Sabrina The Teenage DJ	The Makin' Magick II Album (2021 Version)	INDIFFERENT	4MAv2BoKPps	MPREb_iQKktPl9BoY	UC4lOMy5Dl6IWTaSoxJ7L0Qw	ym 2020s early mb albums p1
Lose Myself	DJ Sabrina The Teenage DJ	The Makin' Magick II Album (2021 Version)	INDIFFERENT	pYRIcRoTpas	MPREb_iQKktPl9BoY	UC4lOMy5Dl6IWTaSoxJ7L0Qw	ym 2020s early mb albums p1
I'm Still High	DJ Sabrina The Teenage DJ	The Makin' Magick II Album (2021 Version)	INDIFFERENT	xwd8jB2_HJc	MPREb_iQKktPl9BoY	UC4lOMy5Dl6IWTaSoxJ7L0Qw	ym 2020s early mb albums p1
I'll Never Stop	DJ Sabrina The Teenage DJ	The Makin' Magick II Album (2021 Version)	INDIFFERENT	-mQPP5EhMMo	MPREb_iQKktPl9BoY	UC4lOMy5Dl6IWTaSoxJ7L0Qw	ym 2020s early mb albums p1
I Guess You'll Find Out (Even If It Ends)	DJ Sabrina The Teenage DJ	The Makin' Magick II Album (2021 Version)	INDIFFERENT	OZgUGeeDfeE	MPREb_iQKktPl9BoY	UC4lOMy5Dl6IWTaSoxJ7L0Qw	ym 2020s early mb albums p1
Feeling Lonely	DJ Sabrina The Teenage DJ	The Makin' Magick II Album (2021 Version)	INDIFFERENT	wtWSL23Xees	MPREb_iQKktPl9BoY	UC4lOMy5Dl6IWTaSoxJ7L0Qw	ym 2020s early mb albums p1
Each Time	DJ Sabrina The Teenage DJ	The Makin' Magick II Album (2021 Version)	INDIFFERENT	h_iSVe1g2sU	MPREb_iQKktPl9BoY	UC4lOMy5Dl6IWTaSoxJ7L0Qw	ym 2020s early mb albums p1
Don't Miss That Flight	DJ Sabrina The Teenage DJ	The Makin' Magick II Album (2021 Version)	INDIFFERENT	AyNVR6qT6kQ	MPREb_iQKktPl9BoY	UC4lOMy5Dl6IWTaSoxJ7L0Qw	ym 2020s early mb albums p1
Can't Help Myself Tonight	DJ Sabrina The Teenage DJ	The Makin' Magick II Album (2021 Version)	INDIFFERENT	YY-OqT4BCA0	MPREb_iQKktPl9BoY	UC4lOMy5Dl6IWTaSoxJ7L0Qw	ym 2020s early mb albums p1
Being Alone	DJ Sabrina The Teenage DJ	The Makin' Magick II Album (2021 Version)	INDIFFERENT	3azJGfU7J0I	MPREb_iQKktPl9BoY	UC4lOMy5Dl6IWTaSoxJ7L0Qw	ym 2020s early mb albums p1
Be Ready	DJ Sabrina The Teenage DJ	The Makin' Magick II Album (2021 Version)	INDIFFERENT	pSFRyJaWRqQ	MPREb_iQKktPl9BoY	UC4lOMy5Dl6IWTaSoxJ7L0Qw	ym 2020s early mb albums p1
Back 2 Back	DJ Sabrina The Teenage DJ	The Makin' Magick II Album (2021 Version)	INDIFFERENT	WWrjNsFoNd8	MPREb_iQKktPl9BoY	UC4lOMy5Dl6IWTaSoxJ7L0Qw	ym 2020s early mb albums p1
Airplane Song (Welcome Home)	DJ Sabrina The Teenage DJ	The Makin' Magick II Album (2021 Version)	INDIFFERENT	O-LoRbpGBa4	MPREb_iQKktPl9BoY	UC4lOMy5Dl6IWTaSoxJ7L0Qw	ym 2020s early mb albums p1
YAAAAH	DJ Lycox	Guetto Star	INDIFFERENT	FQTM82VIj7Y	MPREb_gpIunXntFAW	UC-T2tKR8Ziby4VZ3jQrXCXw	ym 2020s early mb albums p1
To Bem Loko	DJ Lycox	Guetto Star	INDIFFERENT	nzmgORXsmBk	MPREb_gpIunXntFAW	UC-T2tKR8Ziby4VZ3jQrXCXw	ym 2020s early mb albums p1
Staring at the Moon	DJ Lycox	Guetto Star	INDIFFERENT	oeeGOCOqGo8	MPREb_gpIunXntFAW	UC-T2tKR8Ziby4VZ3jQrXCXw	ym 2020s early mb albums p1
Pedale Ku El	DJ Lycox	Guetto Star	INDIFFERENT	rkDnsn9v0rQ	MPREb_gpIunXntFAW	UC-T2tKR8Ziby4VZ3jQrXCXw	ym 2020s early mb albums p1
Mortal Kombat	DJ Lycox	Guetto Star	INDIFFERENT	8q-fhIhsTiY	MPREb_gpIunXntFAW	UC-T2tKR8Ziby4VZ3jQrXCXw	ym 2020s early mb albums p1
Guetto Love	DJ Lycox	Guetto Star	INDIFFERENT	LiAOTeXolWQ	MPREb_gpIunXntFAW	UC-T2tKR8Ziby4VZ3jQrXCXw	ym 2020s early mb albums p1
Energia	DJ Lycox	Guetto Star	INDIFFERENT	WmwjHW3E7dE	MPREb_gpIunXntFAW	UC-T2tKR8Ziby4VZ3jQrXCXw	ym 2020s early mb albums p1
Edson no Uíge	DJ Lycox	Guetto Star	INDIFFERENT	WJTRvKl90OA	MPREb_gpIunXntFAW	UC-T2tKR8Ziby4VZ3jQrXCXw	ym 2020s early mb albums p1
Continua a Mexe	DJ Lycox	Guetto Star	INDIFFERENT	T-5A4x2WYpY	MPREb_gpIunXntFAW	UC-T2tKR8Ziby4VZ3jQrXCXw	ym 2020s early mb albums p1
Contemporaneo	DJ Lycox	Guetto Star	INDIFFERENT	9FhHo_0rgWs	MPREb_gpIunXntFAW	UC-T2tKR8Ziby4VZ3jQrXCXw	ym 2020s early mb albums p1
VAI MOZÃO, FODE SEU GOSTOSO	DJ Anderson do Paraiso	Queridão	INDIFFERENT	lHBtydpoXgs	MPREb_ty7SFA2PYni	UCUZaszySQ8oMajKiMw1vLdw	ym 2020s early mb albums p1
VAI FICA DE 4, VAI JOGA PRA MIM, ELA ME FAZ DE CAVALAO	DJ Anderson do Paraiso	Queridão	INDIFFERENT	SQeESCaUQHs	MPREb_ty7SFA2PYni	UCUZaszySQ8oMajKiMw1vLdw	ym 2020s early mb albums p1
VAI COMEÇAR PUTARIA (feat. DJ JR)	DJ Anderson do Paraiso	Queridão	INDIFFERENT	lj4dfK06kc4	MPREb_ty7SFA2PYni	UCUZaszySQ8oMajKiMw1vLdw	ym 2020s early mb albums p1
UNIÃO DOS RLK (feat. DJ PH DA SERRA, DJ VITIN DO PC, MC FAHAH & MC CODE)	DJ Anderson do Paraiso	Queridão	INDIFFERENT	Kp3Vk8dE6II	MPREb_ty7SFA2PYni	UCUZaszySQ8oMajKiMw1vLdw	ym 2020s early mb albums p1
ULTIMO MEDO DO ANO	DJ Anderson do Paraiso	Queridão	INDIFFERENT	MITRWmeCjAU	MPREb_ty7SFA2PYni	UCUZaszySQ8oMajKiMw1vLdw	ym 2020s early mb albums p1
TODAS ELAS AO MESMO TEMPO (feat. MC PR & MR. BIM)	DJ Anderson do Paraiso	Queridão	INDIFFERENT	k9qWLxZ54YI	MPREb_ty7SFA2PYni	UCUZaszySQ8oMajKiMw1vLdw	ym 2020s early mb albums p1
SE FAZ DE SANTINHA (feat. MC MAYKIN DO BC)	DJ Anderson do Paraiso	Queridão	INDIFFERENT	aetxIrrCwjA	MPREb_ty7SFA2PYni	UCUZaszySQ8oMajKiMw1vLdw	ym 2020s early mb albums p1
SADOMASOQUISTA (feat. DJ Dg Do Rb, MC PAULIN DO G, Braian & Pepeu)	DJ Anderson do Paraiso	Queridão	INDIFFERENT	SGhgz7j_aFo	MPREb_ty7SFA2PYni	UCUZaszySQ8oMajKiMw1vLdw	ym 2020s early mb albums p1
QUARENTENA CHEIO DE ODIO	DJ Anderson do Paraiso	Queridão	INDIFFERENT	QR1GsnQGKOI	MPREb_ty7SFA2PYni	UCUZaszySQ8oMajKiMw1vLdw	ym 2020s early mb albums p1
PINCELADA DE ANGOLANO	DJ Anderson do Paraiso	Queridão	INDIFFERENT	AvDDKnCPvRM	MPREb_ty7SFA2PYni	UCUZaszySQ8oMajKiMw1vLdw	ym 2020s early mb albums p1
PATY TREM BARBIE (feat. MC MAGRELLA)	DJ Anderson do Paraiso	Queridão	INDIFFERENT	09qy794ABSw	MPREb_ty7SFA2PYni	UCUZaszySQ8oMajKiMw1vLdw	ym 2020s early mb albums p1
JOGA LEITE (feat. MC LARANJINHA & MC LAURETA)	DJ Anderson do Paraiso	Queridão	INDIFFERENT	g10z9oeACCU	MPREb_ty7SFA2PYni	UCUZaszySQ8oMajKiMw1vLdw	ym 2020s early mb albums p1
DUVIDA NÃO LETICIA (feat. MC PR)	DJ Anderson do Paraiso	Queridão	INDIFFERENT	quB7VNeNgFo	MPREb_ty7SFA2PYni	UCUZaszySQ8oMajKiMw1vLdw	ym 2020s early mb albums p1
CONTOS DE UM MALCRIADO	DJ Anderson do Paraiso	Queridão	INDIFFERENT	90AZRNVVPlI	MPREb_ty7SFA2PYni	UCUZaszySQ8oMajKiMw1vLdw	ym 2020s early mb albums p1
CHAMAS SUAS COLEGAS PRA BRINCAR	DJ Anderson do Paraiso	Queridão	INDIFFERENT	AoEqscsTfYY	MPREb_ty7SFA2PYni	UCUZaszySQ8oMajKiMw1vLdw	ym 2020s early mb albums p1
BLOGUEIRA QUE VIROU PUTA (feat. MC PAULIN DO G)	DJ Anderson do Paraiso	Queridão	INDIFFERENT	50y_D2l21LQ	MPREb_ty7SFA2PYni	UCUZaszySQ8oMajKiMw1vLdw	ym 2020s early mb albums p1
AULA DE PUTARIA #BRAAAABA	DJ Anderson do Paraiso	Queridão	INDIFFERENT	fXvhiYufo2U	MPREb_ty7SFA2PYni	UCUZaszySQ8oMajKiMw1vLdw	ym 2020s early mb albums p1
Somber The Drums	DIIV	Frog In Boiling Water	INDIFFERENT	ZJ8YoQFju8o	MPREb_BVfgWwi4wX0	UCWumh0WXTLCjbZlEOLWtQLQ	ym 2020s early mb albums p1
Reflected	DIIV	Frog In Boiling Water	INDIFFERENT	UTjiyaMUzI0	MPREb_BVfgWwi4wX0	UCWumh0WXTLCjbZlEOLWtQLQ	ym 2020s early mb albums p1
Little Birds	DIIV	Frog In Boiling Water	INDIFFERENT	7liUiYfXo1Y	MPREb_BVfgWwi4wX0	UCWumh0WXTLCjbZlEOLWtQLQ	ym 2020s early mb albums p1
In Amber	DIIV	Frog In Boiling Water	INDIFFERENT	0Rz90OcJqyg	MPREb_BVfgWwi4wX0	UCWumh0WXTLCjbZlEOLWtQLQ	ym 2020s early mb albums p1
Frog In Boiling Water	DIIV	Frog In Boiling Water	INDIFFERENT	08Nb7EPGF74	MPREb_BVfgWwi4wX0	UCWumh0WXTLCjbZlEOLWtQLQ	ym 2020s early mb albums p1
Fender On The Freeway	DIIV	Frog In Boiling Water	INDIFFERENT	J156q_2vJlI	MPREb_BVfgWwi4wX0	UCWumh0WXTLCjbZlEOLWtQLQ	ym 2020s early mb albums p1
Everyone Out	DIIV	Frog In Boiling Water	INDIFFERENT	t8XwVNR6qfs	MPREb_BVfgWwi4wX0	UCWumh0WXTLCjbZlEOLWtQLQ	ym 2020s early mb albums p1
Spiral	DARKSIDE	Spiral	INDIFFERENT	nq8ftImCQYw	MPREb_9afRqpYoSh7	UCPWad8IPnWG-EY23ePpI3bg	ym 2020s early mb albums p1
Inside Is Out There	DARKSIDE	Spiral	INDIFFERENT	Nd6BRdX9lV0	MPREb_9afRqpYoSh7	UCPWad8IPnWG-EY23ePpI3bg	ym 2020s early mb albums p1
Young World	Czarface	Super What?	INDIFFERENT	bij0bp1aoIk	MPREb_rL8NhMPm4ph	UCfd66CKCMIyqPAXLGpCzpsg	ym 2020s early mb albums p1
This is Canon Now	Czarface	Super What?	INDIFFERENT	K6aUsEA_eZQ	MPREb_rL8NhMPm4ph	UCfd66CKCMIyqPAXLGpCzpsg	ym 2020s early mb albums p1
The King and Eye (feat. Darryl 'DMC' McDaniels)	Czarface	Super What?	INDIFFERENT	wK6LNqH9NjM	MPREb_rL8NhMPm4ph	UCfd66CKCMIyqPAXLGpCzpsg	ym 2020s early mb albums p1
So Strange (feat. Godforbid)	Czarface	Super What?	INDIFFERENT	b3mEy8STrOA	MPREb_rL8NhMPm4ph	UCfd66CKCMIyqPAXLGpCzpsg	ym 2020s early mb albums p1
Mando Calrissian	Czarface	Super What?	INDIFFERENT	7-WcLXGnmSY	MPREb_rL8NhMPm4ph	UCfd66CKCMIyqPAXLGpCzpsg	ym 2020s early mb albums p1
Jason & The Czargonauts (feat. Del The Funky Homosapien)	Czarface	Super What?	INDIFFERENT	EbqBpiQYPeA	MPREb_rL8NhMPm4ph	UCfd66CKCMIyqPAXLGpCzpsg	ym 2020s early mb albums p1
DOOM Unto Others	Czarface	Super What?	INDIFFERENT	1iKCX0U7XRc	MPREb_rL8NhMPm4ph	UCfd66CKCMIyqPAXLGpCzpsg	ym 2020s early mb albums p1
Czarwyn's Theory of People Getting Loose (feat. Kendra Morris)	Czarface	Super What?	INDIFFERENT	JMvjBLxOAHk	MPREb_rL8NhMPm4ph	UCfd66CKCMIyqPAXLGpCzpsg	ym 2020s early mb albums p1
Break in the Action	Czarface	Super What?	INDIFFERENT	dQlNCG5GQ2w	MPREb_rL8NhMPm4ph	UCfd66CKCMIyqPAXLGpCzpsg	ym 2020s early mb albums p1
A Name to the Face	Czarface	Super What?	INDIFFERENT	CVHw2Kha_mc	MPREb_rL8NhMPm4ph	UCfd66CKCMIyqPAXLGpCzpsg	ym 2020s early mb albums p1
Up & Down	Crumb	Ice Melt	INDIFFERENT	j98eT-3-dsg	MPREb_XGozuJ04Ycr	UCpGhvsN-Gw-q5yaQ4e3w2Vg	ym 2020s early mb albums p1
Tunnel (all that you had)	Crumb	Ice Melt	INDIFFERENT	vYvpOJsV2_0	MPREb_XGozuJ04Ycr	UCpGhvsN-Gw-q5yaQ4e3w2Vg	ym 2020s early mb albums p1
Seeds	Crumb	Ice Melt	INDIFFERENT	OM0UfRJt3Os	MPREb_XGozuJ04Ycr	UCpGhvsN-Gw-q5yaQ4e3w2Vg	ym 2020s early mb albums p1
Retreat!	Crumb	Ice Melt	INDIFFERENT	jsSiqLKvPsI	MPREb_XGozuJ04Ycr	UCpGhvsN-Gw-q5yaQ4e3w2Vg	ym 2020s early mb albums p1
L.A.	Crumb	Ice Melt	INDIFFERENT	Y0cCsllLYVY	MPREb_XGozuJ04Ycr	UCpGhvsN-Gw-q5yaQ4e3w2Vg	ym 2020s early mb albums p1
Ice Melt	Crumb	Ice Melt	INDIFFERENT	zMaXdYLzsOs	MPREb_XGozuJ04Ycr	UCpGhvsN-Gw-q5yaQ4e3w2Vg	ym 2020s early mb albums p1
Balloon	Crumb	Ice Melt	INDIFFERENT	6H4BemPk1gI	MPREb_XGozuJ04Ycr	UCpGhvsN-Gw-q5yaQ4e3w2Vg	ym 2020s early mb albums p1
XXX	Crumb	AMAMA	INDIFFERENT	wke68xRYJFg	MPREb_mmqWnn2egpq	UCpGhvsN-Gw-q5yaQ4e3w2Vg	ym 2020s early mb albums p1
Side By Side	Crumb	AMAMA	INDIFFERENT	n4W1-yOMcPk	MPREb_mmqWnn2egpq	UCpGhvsN-Gw-q5yaQ4e3w2Vg	ym 2020s early mb albums p1
Nightly News	Crumb	AMAMA	INDIFFERENT	zIVeE6oiV4E	MPREb_mmqWnn2egpq	UCpGhvsN-Gw-q5yaQ4e3w2Vg	ym 2020s early mb albums p1
Dust Bunny	Crumb	AMAMA	INDIFFERENT	I8mf0t0eXug	MPREb_mmqWnn2egpq	UCpGhvsN-Gw-q5yaQ4e3w2Vg	ym 2020s early mb albums p1
Crushxd	Crumb	AMAMA	INDIFFERENT	9KnMzn2zGdw	MPREb_mmqWnn2egpq	UCpGhvsN-Gw-q5yaQ4e3w2Vg	ym 2020s early mb albums p1
AMAMA	Crumb	AMAMA	INDIFFERENT	uPSlrq82qdg	MPREb_mmqWnn2egpq	UCpGhvsN-Gw-q5yaQ4e3w2Vg	ym 2020s early mb albums p1
Any Path to Touch the Stars (feat. Alto Aria)	Croatian Amor & Jeuru	A Part of You in Everything	INDIFFERENT	SkSwaO04WJw	MPREb_bNhbCO04XAC		ym 2020s early mb albums p1
Vigil (feat. NikkiH2OP)	Croatian Amor	A Part of You in Everything	INDIFFERENT	M0H3xme2Wn0	MPREb_bNhbCO04XAC	UC226vTwGK3zrNxZluak45WQ	ym 2020s early mb albums p1
Tulip Coupon (feat. Perko)	Croatian Amor	A Part of You in Everything	INDIFFERENT	ffXGAw9e6l4	MPREb_bNhbCO04XAC	UC226vTwGK3zrNxZluak45WQ	ym 2020s early mb albums p1
Still Possible (feat. Vanessa Amara)	Croatian Amor	A Part of You in Everything	INDIFFERENT	WdnXDTyNfJE	MPREb_bNhbCO04XAC	UC226vTwGK3zrNxZluak45WQ	ym 2020s early mb albums p1
My Brother (is a Star)	Croatian Amor	A Part of You in Everything	INDIFFERENT	thLayCkBfIs	MPREb_bNhbCO04XAC	UC226vTwGK3zrNxZluak45WQ	ym 2020s early mb albums p1
Kites (A Part of You in Everything)	Croatian Amor	A Part of You in Everything	INDIFFERENT	X6P-Hil7Ups	MPREb_bNhbCO04XAC	UC226vTwGK3zrNxZluak45WQ	ym 2020s early mb albums p1
Dancer (feat. Alto Aria)	Croatian Amor	A Part of You in Everything	INDIFFERENT	jDKTvql3KQM	MPREb_bNhbCO04XAC	UC226vTwGK3zrNxZluak45WQ	ym 2020s early mb albums p1
All Angels Meet Again (feat. NikkiH2OP)	Croatian Amor	A Part of You in Everything	INDIFFERENT	RTpKwWTztCM	MPREb_bNhbCO04XAC	UC226vTwGK3zrNxZluak45WQ	ym 2020s early mb albums p1
The Next Fix	Crack Cloud	Pain Olympics	INDIFFERENT	bD8etFQlFfQ	MPREb_fjMyOyCVCZb	UC4yFh-28ICCl4B9SlXjGiMQ	ym 2020s early mb albums p1
Somethings Gotta Give	Crack Cloud	Pain Olympics	INDIFFERENT	Nk-p1FTKM1o	MPREb_fjMyOyCVCZb	UC4yFh-28ICCl4B9SlXjGiMQ	ym 2020s early mb albums p1
Post Truth (Birth of a Nation)	Crack Cloud	Pain Olympics	INDIFFERENT	jgQAMih0wMc	MPREb_fjMyOyCVCZb	UC4yFh-28ICCl4B9SlXjGiMQ	ym 2020s early mb albums p1
Ouster Stew	Crack Cloud	Pain Olympics	INDIFFERENT	II9LWRqQYlE	MPREb_fjMyOyCVCZb	UC4yFh-28ICCl4B9SlXjGiMQ	ym 2020s early mb albums p1
Favour Your Fortune	Crack Cloud	Pain Olympics	INDIFFERENT	84beQS952wQ	MPREb_fjMyOyCVCZb	UC4yFh-28ICCl4B9SlXjGiMQ	ym 2020s early mb albums p1
Bastard Basket	Crack Cloud	Pain Olympics	INDIFFERENT	xtF98sIlTyg	MPREb_fjMyOyCVCZb	UC4yFh-28ICCl4B9SlXjGiMQ	ym 2020s early mb albums p1
Angel Dust (Eternal Peace)	Crack Cloud	Pain Olympics	INDIFFERENT	26VkuxmP5jY	MPREb_fjMyOyCVCZb	UC4yFh-28ICCl4B9SlXjGiMQ	ym 2020s early mb albums p1
Write A List of Things To Look Forward To	Courtney Barnett	Things Take Time, Take Time	INDIFFERENT	elvD02XVo_A	MPREb_ZszvwMoQJY6	UCAR6fZVOSmnctDecWdS9rtQ	ym 2020s early mb albums p1
Turning Green	Courtney Barnett	Things Take Time, Take Time	INDIFFERENT	fXg7eVtIeVk	MPREb_ZszvwMoQJY6	UCAR6fZVOSmnctDecWdS9rtQ	ym 2020s early mb albums p1
Splendour	Courtney Barnett	Things Take Time, Take Time	INDIFFERENT	a3oqTcRJHgQ	MPREb_ZszvwMoQJY6	UCAR6fZVOSmnctDecWdS9rtQ	ym 2020s early mb albums p1
Rae Street	Courtney Barnett	Things Take Time, Take Time	INDIFFERENT	1TNhmffGP3E	MPREb_ZszvwMoQJY6	UCAR6fZVOSmnctDecWdS9rtQ	ym 2020s early mb albums p1
Oh The Night	Courtney Barnett	Things Take Time, Take Time	INDIFFERENT	2xGNk6ABdTQ	MPREb_ZszvwMoQJY6	UCAR6fZVOSmnctDecWdS9rtQ	ym 2020s early mb albums p1
If I Don’t Hear From You Tonight	Courtney Barnett	Things Take Time, Take Time	INDIFFERENT	ANcsyWnVUkw	MPREb_ZszvwMoQJY6	UCAR6fZVOSmnctDecWdS9rtQ	ym 2020s early mb albums p1
Here’s The Thing	Courtney Barnett	Things Take Time, Take Time	INDIFFERENT	irC-GUeshnA	MPREb_ZszvwMoQJY6	UCAR6fZVOSmnctDecWdS9rtQ	ym 2020s early mb albums p1
Before You Gotta Go	Courtney Barnett	Things Take Time, Take Time	INDIFFERENT	Rg3cf0cytg0	MPREb_ZszvwMoQJY6	UCAR6fZVOSmnctDecWdS9rtQ	ym 2020s early mb albums p1
Wings	Cory Hanson	Western Cum	INDIFFERENT	Zpe6FwGBkcg	MPREb_jaudWo1M1mQ	UCmIAW56QiGxInP9PPnVRLXg	ym 2020s early mb albums p1
Twins	Cory Hanson	Western Cum	INDIFFERENT	1WpimN6FwnI	MPREb_jaudWo1M1mQ	UCmIAW56QiGxInP9PPnVRLXg	ym 2020s early mb albums p1
Persuasion Architecture	Cory Hanson	Western Cum	INDIFFERENT	ENnDwx31eG8	MPREb_jaudWo1M1mQ	UCmIAW56QiGxInP9PPnVRLXg	ym 2020s early mb albums p1
Motion Sickness	Cory Hanson	Western Cum	INDIFFERENT	e0thjUa1px4	MPREb_jaudWo1M1mQ	UCmIAW56QiGxInP9PPnVRLXg	ym 2020s early mb albums p1
Housefly	Cory Hanson	Western Cum	INDIFFERENT	1NF7-y_TP7I	MPREb_jaudWo1M1mQ	UCmIAW56QiGxInP9PPnVRLXg	ym 2020s early mb albums p1
Horsebait Sabotage	Cory Hanson	Western Cum	INDIFFERENT	EZx0-0spY5g	MPREb_jaudWo1M1mQ	UCmIAW56QiGxInP9PPnVRLXg	ym 2020s early mb albums p1
Ghost Ship	Cory Hanson	Western Cum	INDIFFERENT	q5eBFlXix-U	MPREb_jaudWo1M1mQ	UCmIAW56QiGxInP9PPnVRLXg	ym 2020s early mb albums p1
Driving Through Heaven	Cory Hanson	Western Cum	INDIFFERENT	BhEC8YLR96Q	MPREb_jaudWo1M1mQ	UCmIAW56QiGxInP9PPnVRLXg	ym 2020s early mb albums p1
Viscera of Men	Converge	Bloodmoon: I	INDIFFERENT	uFozhYQIomk	MPREb_UwioiIpyK5T	UCsz432GHFrq89-lUx9V8Xpg	ym 2020s early mb albums p1
Tongues Playing Dead	Converge	Bloodmoon: I	INDIFFERENT	s9aYkpX30jI	MPREb_UwioiIpyK5T	UCsz432GHFrq89-lUx9V8Xpg	ym 2020s early mb albums p1
Scorpion's Sting	Converge	Bloodmoon: I	INDIFFERENT	sOBHMcWPYNU	MPREb_UwioiIpyK5T	UCsz432GHFrq89-lUx9V8Xpg	ym 2020s early mb albums p1
Lord of Liars	Converge	Bloodmoon: I	INDIFFERENT	RadYLmre8_4	MPREb_UwioiIpyK5T	UCsz432GHFrq89-lUx9V8Xpg	ym 2020s early mb albums p1
Flower Moon	Converge	Bloodmoon: I	INDIFFERENT	dFqQkQ2fUl8	MPREb_UwioiIpyK5T	UCsz432GHFrq89-lUx9V8Xpg	ym 2020s early mb albums p1
Failure Forever	Converge	Bloodmoon: I	INDIFFERENT	FDZNFKfyjIk	MPREb_UwioiIpyK5T	UCsz432GHFrq89-lUx9V8Xpg	ym 2020s early mb albums p1
Daimon	Converge	Bloodmoon: I	INDIFFERENT	BKo_BXqwdq0	MPREb_UwioiIpyK5T	UCsz432GHFrq89-lUx9V8Xpg	ym 2020s early mb albums p1
Crimson Stone	Converge	Bloodmoon: I	INDIFFERENT	sq2KGwbedtI	MPREb_UwioiIpyK5T	UCsz432GHFrq89-lUx9V8Xpg	ym 2020s early mb albums p1
Coil	Converge	Bloodmoon: I	INDIFFERENT	UqBx7AQP5Qo	MPREb_UwioiIpyK5T	UCsz432GHFrq89-lUx9V8Xpg	ym 2020s early mb albums p1
Blood Moon	Converge	Bloodmoon: I	INDIFFERENT	OVPaUUokkRc	MPREb_UwioiIpyK5T	UCsz432GHFrq89-lUx9V8Xpg	ym 2020s early mb albums p1
Blood Dawn	Converge	Bloodmoon: I	INDIFFERENT	pJW7hWQ_9Eg	MPREb_UwioiIpyK5T	UCsz432GHFrq89-lUx9V8Xpg	ym 2020s early mb albums p1
Zeta	Com Truise	In Decay, Too	INDIFFERENT	3UCFuQ1zVEg	MPREb_ABOiPJX5x4K	UC3G1cV92stSGOy4cLgXmgJQ	ym 2020s early mb albums p1
Trajectory	Com Truise	In Decay, Too	INDIFFERENT	cIxui0V5vfA	MPREb_ABOiPJX5x4K	UC3G1cV92stSGOy4cLgXmgJQ	ym 2020s early mb albums p1
Surf	Com Truise	In Decay, Too	INDIFFERENT	yTEsicV1Uwg	MPREb_ABOiPJX5x4K	UC3G1cV92stSGOy4cLgXmgJQ	ym 2020s early mb albums p1
Reciprocity	Com Truise	In Decay, Too	INDIFFERENT	k_jPBwyCRSQ	MPREb_ABOiPJX5x4K	UC3G1cV92stSGOy4cLgXmgJQ	ym 2020s early mb albums p1
Post Hawaii	Com Truise	In Decay, Too	INDIFFERENT	H9CK1nBnU7g	MPREb_ABOiPJX5x4K	UC3G1cV92stSGOy4cLgXmgJQ	ym 2020s early mb albums p1
Peach (6809)	Com Truise	In Decay, Too	INDIFFERENT	YirGSN9uULM	MPREb_ABOiPJX5x4K	UC3G1cV92stSGOy4cLgXmgJQ	ym 2020s early mb albums p1
Galactic Melt	Com Truise	In Decay, Too	INDIFFERENT	0kJ3teVHvPc	MPREb_ABOiPJX5x4K	UC3G1cV92stSGOy4cLgXmgJQ	ym 2020s early mb albums p1
False Ascendancy	Com Truise	In Decay, Too	INDIFFERENT	-zuxD3PIAUw	MPREb_ABOiPJX5x4K	UC3G1cV92stSGOy4cLgXmgJQ	ym 2020s early mb albums p1
Constant Fracture	Com Truise	In Decay, Too	INDIFFERENT	BwfZLs7YFVg	MPREb_ABOiPJX5x4K	UC3G1cV92stSGOy4cLgXmgJQ	ym 2020s early mb albums p1
Chemical Legs	Com Truise	In Decay, Too	INDIFFERENT	FggXsZCZh2Q	MPREb_ABOiPJX5x4K	UC3G1cV92stSGOy4cLgXmgJQ	ym 2020s early mb albums p1
You Can Do It (feat. nit)	Cola Boyy	Prosthetic Boombox	INDIFFERENT	II6T3LQrSVo	MPREb_MQMHZXwKPIg	UC0HU2_I7r3nY2SKBlq_SnNA	ym 2020s early mb albums p1
Song for the Mister (feat. Nicolas Godin)	Cola Boyy	Prosthetic Boombox	INDIFFERENT	PUuCeuNnzf0	MPREb_MQMHZXwKPIg	UC0HU2_I7r3nY2SKBlq_SnNA	ym 2020s early mb albums p1
Roses (feat. Myd)	Cola Boyy	Prosthetic Boombox	INDIFFERENT	Rm0mAFogeiA	MPREb_MQMHZXwKPIg	UC0HU2_I7r3nY2SKBlq_SnNA	ym 2020s early mb albums p1
Mink	Cola Boyy	Prosthetic Boombox	INDIFFERENT	QjVvLkmnsMw	MPREb_MQMHZXwKPIg	UC0HU2_I7r3nY2SKBlq_SnNA	ym 2020s early mb albums p1
Mailbox (feat. John Carroll Kirby & JGrrey)	Cola Boyy	Prosthetic Boombox	INDIFFERENT	08wMblCAZqI	MPREb_MQMHZXwKPIg	UC0HU2_I7r3nY2SKBlq_SnNA	ym 2020s early mb albums p1
Kid Born in Space (feat. Andrew VanWyngarden)	Cola Boyy	Prosthetic Boombox	INDIFFERENT	msN10geX_r8	MPREb_MQMHZXwKPIg	UC0HU2_I7r3nY2SKBlq_SnNA	ym 2020s early mb albums p1
Go the Mile (feat. infinite bisous)	Cola Boyy	Prosthetic Boombox	INDIFFERENT	D2wBVCY7344	MPREb_MQMHZXwKPIg	UC0HU2_I7r3nY2SKBlq_SnNA	ym 2020s early mb albums p1
For the Last Time	Cola Boyy	Prosthetic Boombox	INDIFFERENT	jXXy5-TzFg8	MPREb_MQMHZXwKPIg	UC0HU2_I7r3nY2SKBlq_SnNA	ym 2020s early mb albums p1
Don't Forget Your Neighborhood	Cola Boyy	Prosthetic Boombox	INDIFFERENT	wSPp95kq4g8	MPREb_MQMHZXwKPIg	UC0HU2_I7r3nY2SKBlq_SnNA	ym 2020s early mb albums p1
The Blackberry Waltz	Clinton Davis	If I Live and I Don't Get Killed	INDIFFERENT	SmC9RsGKOr8	MPREb_kSfzIK2I6SG	UCBtizcpSmlyQVBGlM1lEpaQ	ym 2020s early mb albums p1
Old East Virginia	Clinton Davis	If I Live and I Don't Get Killed	INDIFFERENT	kIG0yRKlIy4	MPREb_kSfzIK2I6SG	UCBtizcpSmlyQVBGlM1lEpaQ	ym 2020s early mb albums p1
Marching Jaybird	Clinton Davis	If I Live and I Don't Get Killed	INDIFFERENT	bf6rsKNQNpg	MPREb_kSfzIK2I6SG	UCBtizcpSmlyQVBGlM1lEpaQ	ym 2020s early mb albums p1
I Am a Man of Constant Sorrow	Clinton Davis	If I Live and I Don't Get Killed	INDIFFERENT	9K1BO6dJoI8	MPREb_kSfzIK2I6SG	UCBtizcpSmlyQVBGlM1lEpaQ	ym 2020s early mb albums p1
Flowery Girls	Clinton Davis	If I Live and I Don't Get Killed	INDIFFERENT	p6dwzp5F7Fw	MPREb_kSfzIK2I6SG	UCBtizcpSmlyQVBGlM1lEpaQ	ym 2020s early mb albums p1
Curly Headed Woman	Clinton Davis	If I Live and I Don't Get Killed	INDIFFERENT	1YxX_5GS2pc	MPREb_kSfzIK2I6SG	UCBtizcpSmlyQVBGlM1lEpaQ	ym 2020s early mb albums p1
Cowboy Waltz	Clinton Davis	If I Live and I Don't Get Killed	INDIFFERENT	rquGWZUisSY	MPREb_kSfzIK2I6SG	UCBtizcpSmlyQVBGlM1lEpaQ	ym 2020s early mb albums p1
Boat Song March	Clinton Davis	If I Live and I Don't Get Killed	INDIFFERENT	n-Ceybu5R0U	MPREb_kSfzIK2I6SG	UCBtizcpSmlyQVBGlM1lEpaQ	ym 2020s early mb albums p1
All Night Long	Clinton Davis	If I Live and I Don't Get Killed	INDIFFERENT	nqbNXhy6q5k	MPREb_kSfzIK2I6SG	UCBtizcpSmlyQVBGlM1lEpaQ	ym 2020s early mb albums p1
We Need You	Cleo Sol	Mother	INDIFFERENT	DMVgPeofR6E	MPREb_KXFSJJt5sOF	UCw5j4m9SCsNNlY3srtac_KQ	ym 2020s early mb albums p1
Sunshine	Cleo Sol	Mother	INDIFFERENT	72udXsmd0e8	MPREb_KXFSJJt5sOF	UCw5j4m9SCsNNlY3srtac_KQ	ym 2020s early mb albums p1
Spirit	Cleo Sol	Mother	INDIFFERENT	nrtGhYEd8MU	MPREb_KXFSJJt5sOF	UCw5j4m9SCsNNlY3srtac_KQ	ym 2020s early mb albums p1
Promises	Cleo Sol	Mother	INDIFFERENT	Aelj6QvMUc0	MPREb_KXFSJJt5sOF	UCw5j4m9SCsNNlY3srtac_KQ	ym 2020s early mb albums p1
Music	Cleo Sol	Mother	INDIFFERENT	f5rQBvaD98M	MPREb_KXFSJJt5sOF	UCw5j4m9SCsNNlY3srtac_KQ	ym 2020s early mb albums p1
Heart Full of Love	Cleo Sol	Mother	INDIFFERENT	SXSp_PYP19w	MPREb_KXFSJJt5sOF	UCw5j4m9SCsNNlY3srtac_KQ	ym 2020s early mb albums p1
Don't Let Me Fall	Cleo Sol	Mother	INDIFFERENT	dcz9VTG10HU	MPREb_KXFSJJt5sOF	UCw5j4m9SCsNNlY3srtac_KQ	ym 2020s early mb albums p1
Don't Let It Go to Your Head	Cleo Sol	Mother	INDIFFERENT	4hTPbXECMhg	MPREb_KXFSJJt5sOF	UCw5j4m9SCsNNlY3srtac_KQ	ym 2020s early mb albums p1
Build Me Up	Cleo Sol	Mother	INDIFFERENT	OcUKsEF86vg	MPREb_KXFSJJt5sOF	UCw5j4m9SCsNNlY3srtac_KQ	ym 2020s early mb albums p1
23	Cleo Sol	Mother	INDIFFERENT	6IdLgRpa3W0	MPREb_KXFSJJt5sOF	UCw5j4m9SCsNNlY3srtac_KQ	ym 2020s early mb albums p1
Wedding	Clark	Sus Dog	INDIFFERENT	7sEcULJWf24	MPREb_50gxGVT0bc6	UCnjAJRW6TGaa09fxQgP9y5w	ym 2020s early mb albums p1
Town Crank	Clark	Sus Dog	INDIFFERENT	ATiXKhrhFGI	MPREb_50gxGVT0bc6	UCnjAJRW6TGaa09fxQgP9y5w	ym 2020s early mb albums p1
Sus Dog (feat. Anika)	Clark	Sus Dog	INDIFFERENT	jIvNHsHUHLs	MPREb_50gxGVT0bc6	UCnjAJRW6TGaa09fxQgP9y5w	ym 2020s early mb albums p1
Over Empty Streets	Clark	Sus Dog	INDIFFERENT	bRSpBPiMBpc	MPREb_50gxGVT0bc6	UCnjAJRW6TGaa09fxQgP9y5w	ym 2020s early mb albums p1
Forest	Clark	Sus Dog	INDIFFERENT	2Ezn0Ys2LEw	MPREb_50gxGVT0bc6	UCnjAJRW6TGaa09fxQgP9y5w	ym 2020s early mb albums p1
Bully	Clark	Sus Dog	INDIFFERENT	fSEG1Ije_PY	MPREb_50gxGVT0bc6	UCnjAJRW6TGaa09fxQgP9y5w	ym 2020s early mb albums p1
Alyosha	Clark	Sus Dog	INDIFFERENT	N8RJqYNL9k0	MPREb_50gxGVT0bc6	UCnjAJRW6TGaa09fxQgP9y5w	ym 2020s early mb albums p1
Secular Holding Pattern	Clark	Cave Dog	INDIFFERENT	FCACEQBVl_Q	MPREb_P0Stz6oxzEi	UCnjAJRW6TGaa09fxQgP9y5w	ym 2020s early mb albums p1
Reformed Bully	Clark	Cave Dog	INDIFFERENT	l091y7nmivc	MPREb_P0Stz6oxzEi	UCnjAJRW6TGaa09fxQgP9y5w	ym 2020s early mb albums p1
Doamz Ov Pirl	Clark	Cave Dog	INDIFFERENT	G51e4uB9Cz4	MPREb_P0Stz6oxzEi	UCnjAJRW6TGaa09fxQgP9y5w	ym 2020s early mb albums p1
Disappeared Forest	Clark	Cave Dog	INDIFFERENT	gTkQ2QNXPUQ	MPREb_P0Stz6oxzEi	UCnjAJRW6TGaa09fxQgP9y5w	ym 2020s early mb albums p1
Thank You	Clairo	Charm	INDIFFERENT	059rFLs6W_g	MPREb_4l63v5eoBpf	UChC2OO1dG5Vge1Kuc-1QZRg	ym 2020s early mb albums p1
Terrapin	Clairo	Charm	INDIFFERENT	thL1dAywDgo	MPREb_4l63v5eoBpf	UChC2OO1dG5Vge1Kuc-1QZRg	ym 2020s early mb albums p1
Slow Dance	Clairo	Charm	INDIFFERENT	JTcLA_CAMr4	MPREb_4l63v5eoBpf	UChC2OO1dG5Vge1Kuc-1QZRg	ym 2020s early mb albums p1
Sexy to Someone	Clairo	Charm	INDIFFERENT	wQ7OIpVgN8s	MPREb_4l63v5eoBpf	UChC2OO1dG5Vge1Kuc-1QZRg	ym 2020s early mb albums p1
Second Nature	Clairo	Charm	INDIFFERENT	7ppHBdYrmMk	MPREb_4l63v5eoBpf	UChC2OO1dG5Vge1Kuc-1QZRg	ym 2020s early mb albums p1
Pier 4	Clairo	Charm	INDIFFERENT	dFumScpHIJw	MPREb_4l63v5eoBpf	UChC2OO1dG5Vge1Kuc-1QZRg	ym 2020s early mb albums p1
Nomad	Clairo	Charm	INDIFFERENT	RdRD80xT2mc	MPREb_4l63v5eoBpf	UChC2OO1dG5Vge1Kuc-1QZRg	ym 2020s early mb albums p1
Juna	Clairo	Charm	INDIFFERENT	SR70AZXmyr8	MPREb_4l63v5eoBpf	UChC2OO1dG5Vge1Kuc-1QZRg	ym 2020s early mb albums p1
Glory of the Snow	Clairo	Charm	INDIFFERENT	C7OQaDjo_pU	MPREb_4l63v5eoBpf	UChC2OO1dG5Vge1Kuc-1QZRg	ym 2020s early mb albums p1
Echo	Clairo	Charm	INDIFFERENT	cvbXSTn3lwM	MPREb_4l63v5eoBpf	UChC2OO1dG5Vge1Kuc-1QZRg	ym 2020s early mb albums p1
Add Up My Love	Clairo	Charm	INDIFFERENT	F8aBdhWhNNs	MPREb_4l63v5eoBpf	UChC2OO1dG5Vge1Kuc-1QZRg	ym 2020s early mb albums p1
Varsha	Claire Bryant	Whole Heart	INDIFFERENT	Zavic3EMQVk	MPREb_q8msFdcNxtb	UCR6vkZz8PYr2Xuc8eYCW5Sw	ym 2020s early mb albums p1
SEVEN, Pt. 2	Claire Bryant	Whole Heart	INDIFFERENT	nlkqWcTALbo	MPREb_q8msFdcNxtb	UCR6vkZz8PYr2Xuc8eYCW5Sw	ym 2020s early mb albums p1
SEVEN, Pt. 1	Claire Bryant	Whole Heart	INDIFFERENT	XEVdaB1DIq8	MPREb_q8msFdcNxtb	UCR6vkZz8PYr2Xuc8eYCW5Sw	ym 2020s early mb albums p1
Limestone & Felt	Claire Bryant	Whole Heart	INDIFFERENT	-S65Q5XR7gM	MPREb_q8msFdcNxtb	UCR6vkZz8PYr2Xuc8eYCW5Sw	ym 2020s early mb albums p1
Duo for violin and cello: III. Presto	Claire Bryant	Whole Heart	INDIFFERENT	Uz22yWmwSxo	MPREb_q8msFdcNxtb	UCR6vkZz8PYr2Xuc8eYCW5Sw	ym 2020s early mb albums p1
Duo for violin and cello: II. Dirge	Claire Bryant	Whole Heart	INDIFFERENT	V5QIGHBpp9A	MPREb_q8msFdcNxtb	UCR6vkZz8PYr2Xuc8eYCW5Sw	ym 2020s early mb albums p1
Duo for violin and cello: I. Meandering	Claire Bryant	Whole Heart	INDIFFERENT	za5Mj-8XGTA	MPREb_q8msFdcNxtb	UCR6vkZz8PYr2Xuc8eYCW5Sw	ym 2020s early mb albums p1
Delta Sunrise	Claire Bryant	Whole Heart	INDIFFERENT	vbbhPtYmQEw	MPREb_q8msFdcNxtb	UCR6vkZz8PYr2Xuc8eYCW5Sw	ym 2020s early mb albums p1
Ayudame	Claire Bryant	Whole Heart	INDIFFERENT	KqKQvCeqBSE	MPREb_q8msFdcNxtb	UCR6vkZz8PYr2Xuc8eYCW5Sw	ym 2020s early mb albums p1
And Even These Small Wonders	Claire Bryant	Whole Heart	INDIFFERENT	2TW8agpRHbA	MPREb_q8msFdcNxtb	UCR6vkZz8PYr2Xuc8eYCW5Sw	ym 2020s early mb albums p1
Tilda's Goat Stare (Priori Remix)	Ciel	Tilda's Goat Stare	INDIFFERENT	xG0PlnAFRJU	MPREb_AHSrCCMluZA	UCAOvl2tj-_FTRfZWTvqE7-g	ym 2020s early mb albums p1
Tilda's Goat Stare	Ciel	Tilda's Goat Stare	INDIFFERENT	V5KYNuG-EWM	MPREb_AHSrCCMluZA	UCAOvl2tj-_FTRfZWTvqE7-g	ym 2020s early mb albums p1
Spiral Drive	Ciel	Tilda's Goat Stare	INDIFFERENT	laM1vHa85cA	MPREb_AHSrCCMluZA	UCAOvl2tj-_FTRfZWTvqE7-g	ym 2020s early mb albums p1
Goblin Mode (Yushh Remix)	Ciel	Tilda's Goat Stare	INDIFFERENT	O8iRzB4JsHw	MPREb_AHSrCCMluZA	UCAOvl2tj-_FTRfZWTvqE7-g	ym 2020s early mb albums p1
Goblin Mode	Ciel	Tilda's Goat Stare	INDIFFERENT	1UbRs6qX5xs	MPREb_AHSrCCMluZA	UCAOvl2tj-_FTRfZWTvqE7-g	ym 2020s early mb albums p1
White Flag	Christopher Owens	I Wanna Run Barefoot Through Your Hair	INDIFFERENT	2v7rtXYLo6o	MPREb_2JwNKgpyv2D	UCDMc8HT_1WIuwahGu86vZ0g	ym 2020s early mb albums p1
Two Words	Christopher Owens	I Wanna Run Barefoot Through Your Hair	INDIFFERENT	60sgGW7ufyY	MPREb_2JwNKgpyv2D	UCDMc8HT_1WIuwahGu86vZ0g	ym 2020s early mb albums p1
This Is My Guitar	Christopher Owens	I Wanna Run Barefoot Through Your Hair	INDIFFERENT	ETaerVUFhJs	MPREb_2JwNKgpyv2D	UCDMc8HT_1WIuwahGu86vZ0g	ym 2020s early mb albums p1
So	Christopher Owens	I Wanna Run Barefoot Through Your Hair	INDIFFERENT	L1r_uJ4Y7WY	MPREb_2JwNKgpyv2D	UCDMc8HT_1WIuwahGu86vZ0g	ym 2020s early mb albums p1
No Good	Christopher Owens	I Wanna Run Barefoot Through Your Hair	INDIFFERENT	61vjf-2hfS0	MPREb_2JwNKgpyv2D	UCDMc8HT_1WIuwahGu86vZ0g	ym 2020s early mb albums p1
I Think About Heaven	Christopher Owens	I Wanna Run Barefoot Through Your Hair	INDIFFERENT	iI7dcfZbGV8	MPREb_2JwNKgpyv2D	UCDMc8HT_1WIuwahGu86vZ0g	ym 2020s early mb albums p1
I Know	Christopher Owens	I Wanna Run Barefoot Through Your Hair	INDIFFERENT	MacK_TVuIpg	MPREb_2JwNKgpyv2D	UCDMc8HT_1WIuwahGu86vZ0g	ym 2020s early mb albums p1
Do You Need A Friend	Christopher Owens	I Wanna Run Barefoot Through Your Hair	INDIFFERENT	TD0HEFzBsS4	MPREb_2JwNKgpyv2D	UCDMc8HT_1WIuwahGu86vZ0g	ym 2020s early mb albums p1
Distant Drummer	Christopher Owens	I Wanna Run Barefoot Through Your Hair	INDIFFERENT	ouxfmLMSKbk	MPREb_2JwNKgpyv2D	UCDMc8HT_1WIuwahGu86vZ0g	ym 2020s early mb albums p1
Beautiful Horses	Christopher Owens	I Wanna Run Barefoot Through Your Hair	INDIFFERENT	fxPGLVNzyqY	MPREb_2JwNKgpyv2D	UCDMc8HT_1WIuwahGu86vZ0g	ym 2020s early mb albums p1
Wonder What She Thinks of Me	Chloe x Halle	Ungodly Hour	INDIFFERENT	1PcCZAzqAY4	MPREb_ZxkmAqZyAJW	UCe3Cg6wg_dDKBzR1ZctXpZw	ym 2020s early mb albums p1
Ungodly Hour	Chloe x Halle	Ungodly Hour	INDIFFERENT	iRjqHNmkCE0	MPREb_ZxkmAqZyAJW	UCe3Cg6wg_dDKBzR1ZctXpZw	ym 2020s early mb albums p1
Tipsy	Chloe x Halle	Ungodly Hour	INDIFFERENT	iN1mbjfcg_I	MPREb_ZxkmAqZyAJW	UCe3Cg6wg_dDKBzR1ZctXpZw	ym 2020s early mb albums p1
ROYL	Chloe x Halle	Ungodly Hour	INDIFFERENT	62d9Hs-V65w	MPREb_ZxkmAqZyAJW	UCe3Cg6wg_dDKBzR1ZctXpZw	ym 2020s early mb albums p1
Overwhelmed	Chloe x Halle	Ungodly Hour	INDIFFERENT	-J39Sm24qx4	MPREb_ZxkmAqZyAJW	UCe3Cg6wg_dDKBzR1ZctXpZw	ym 2020s early mb albums p1
Lonely	Chloe x Halle	Ungodly Hour	INDIFFERENT	8eYW7__dnQg	MPREb_ZxkmAqZyAJW	UCe3Cg6wg_dDKBzR1ZctXpZw	ym 2020s early mb albums p1
Intro	Chloe x Halle	Ungodly Hour	INDIFFERENT	OHQQycbKJys	MPREb_ZxkmAqZyAJW	UCe3Cg6wg_dDKBzR1ZctXpZw	ym 2020s early mb albums p1
Catch Up (feat. Mike WiLL Made-It)	Chloe x Halle	Ungodly Hour	INDIFFERENT	BPGsUSP_DE0	MPREb_ZxkmAqZyAJW	UCe3Cg6wg_dDKBzR1ZctXpZw	ym 2020s early mb albums p1
Busy Boy	Chloe x Halle	Ungodly Hour	INDIFFERENT	2c3xbl5vzow	MPREb_ZxkmAqZyAJW	UCe3Cg6wg_dDKBzR1ZctXpZw	ym 2020s early mb albums p1
Happy Survival	Childish Gambino & Khruangbin	Bando Stone and The New World	INDIFFERENT	jNAHOjbpa8c	MPREb_UyBn7Wk0a3s		ym 2020s early mb albums p1
Yoshinoya	Childish Gambino	Bando Stone and The New World	INDIFFERENT	RJ2tRAihvXI	MPREb_UyBn7Wk0a3s	UC4hvOh5lgkeAJoVRIg40Kgg	ym 2020s early mb albums p1
We Are God	Childish Gambino	Bando Stone and The New World	INDIFFERENT	kSMUflmrRUE	MPREb_UyBn7Wk0a3s	UC4hvOh5lgkeAJoVRIg40Kgg	ym 2020s early mb albums p1
Talk My Shit (feat. Amaarae & Flo Milli)	Childish Gambino	Bando Stone and The New World	INDIFFERENT	aN6c7_g3jfY	MPREb_UyBn7Wk0a3s	UC4hvOh5lgkeAJoVRIg40Kgg	ym 2020s early mb albums p1
Survive (feat. Chlöe)	Childish Gambino	Bando Stone and The New World	INDIFFERENT	wI1icV6OTc0	MPREb_UyBn7Wk0a3s	UC4hvOh5lgkeAJoVRIg40Kgg	ym 2020s early mb albums p1
Steps Beach	Childish Gambino	Bando Stone and The New World	INDIFFERENT	SM7ESDpGDNE	MPREb_UyBn7Wk0a3s	UC4hvOh5lgkeAJoVRIg40Kgg	ym 2020s early mb albums p1
Running Around (feat. Fousheé)	Childish Gambino	Bando Stone and The New World	INDIFFERENT	wHkux66jzJY	MPREb_UyBn7Wk0a3s	UC4hvOh5lgkeAJoVRIg40Kgg	ym 2020s early mb albums p1
Real Love	Childish Gambino	Bando Stone and The New World	INDIFFERENT	c-NTJ11np2s	MPREb_UyBn7Wk0a3s	UC4hvOh5lgkeAJoVRIg40Kgg	ym 2020s early mb albums p1
No Excuses (feat. Ludwig Göransson & Kamasi Washington)	Childish Gambino	Bando Stone and The New World	INDIFFERENT	Kau1YejhtnU	MPREb_UyBn7Wk0a3s	UC4hvOh5lgkeAJoVRIg40Kgg	ym 2020s early mb albums p1
Lithonia	Childish Gambino	Bando Stone and The New World	INDIFFERENT	_7GVjIF08_c	MPREb_UyBn7Wk0a3s	UC4hvOh5lgkeAJoVRIg40Kgg	ym 2020s early mb albums p1
In The Night (feat. Jorja Smith & Amaarae)	Childish Gambino	Bando Stone and The New World	INDIFFERENT	IoR8-G6PuiI	MPREb_UyBn7Wk0a3s	UC4hvOh5lgkeAJoVRIg40Kgg	ym 2020s early mb albums p1
H3@RT$ W3RE M3@NT T0 F7¥	Childish Gambino	Bando Stone and The New World	INDIFFERENT	FoHRhPMrRtA	MPREb_UyBn7Wk0a3s	UC4hvOh5lgkeAJoVRIg40Kgg	ym 2020s early mb albums p1
Got To Be	Childish Gambino	Bando Stone and The New World	INDIFFERENT	0670G-GUIR4	MPREb_UyBn7Wk0a3s	UC4hvOh5lgkeAJoVRIg40Kgg	ym 2020s early mb albums p1
Dadvocate	Childish Gambino	Bando Stone and The New World	INDIFFERENT	265lKeKeuGo	MPREb_UyBn7Wk0a3s	UC4hvOh5lgkeAJoVRIg40Kgg	ym 2020s early mb albums p1
Cruisin' (feat. Yeat)	Childish Gambino	Bando Stone and The New World	INDIFFERENT	31llKyt6Ls4	MPREb_UyBn7Wk0a3s	UC4hvOh5lgkeAJoVRIg40Kgg	ym 2020s early mb albums p1
Can You Feel Me (feat. Legend)	Childish Gambino	Bando Stone and The New World	INDIFFERENT	fbeEWh3aUkY	MPREb_UyBn7Wk0a3s	UC4hvOh5lgkeAJoVRIg40Kgg	ym 2020s early mb albums p1
A Place Where Love Goes	Childish Gambino	Bando Stone and The New World	INDIFFERENT	K4412Pxzm20	MPREb_UyBn7Wk0a3s	UC4hvOh5lgkeAJoVRIg40Kgg	ym 2020s early mb albums p1
Whispers In The Echo Chamber	Chelsea Wolfe	She Reaches Out To She Reaches Out To She	INDIFFERENT	N-MZ0rf4ijQ	MPREb_ebRs3NnIncm	UC8O-ad3-xhkjO1nVlf8kXxw	ym 2020s early mb albums p1
Unseen World	Chelsea Wolfe	She Reaches Out To She Reaches Out To She	INDIFFERENT	yD5fRhPMkNs	MPREb_ebRs3NnIncm	UC8O-ad3-xhkjO1nVlf8kXxw	ym 2020s early mb albums p1
Tunnel Lights	Chelsea Wolfe	She Reaches Out To She Reaches Out To She	INDIFFERENT	KIIIB3WXKlU	MPREb_ebRs3NnIncm	UC8O-ad3-xhkjO1nVlf8kXxw	ym 2020s early mb albums p1
The Liminal	Chelsea Wolfe	She Reaches Out To She Reaches Out To She	INDIFFERENT	BA48HHKnIOw	MPREb_ebRs3NnIncm	UC8O-ad3-xhkjO1nVlf8kXxw	ym 2020s early mb albums p1
Salt	Chelsea Wolfe	She Reaches Out To She Reaches Out To She	INDIFFERENT	gypTIqKu7vY	MPREb_ebRs3NnIncm	UC8O-ad3-xhkjO1nVlf8kXxw	ym 2020s early mb albums p1
Place In The Sun	Chelsea Wolfe	She Reaches Out To She Reaches Out To She	INDIFFERENT	qBfRTpNtlrQ	MPREb_ebRs3NnIncm	UC8O-ad3-xhkjO1nVlf8kXxw	ym 2020s early mb albums p1
House Of Self-Undoing	Chelsea Wolfe	She Reaches Out To She Reaches Out To She	INDIFFERENT	sqksCNsDZtI	MPREb_ebRs3NnIncm	UC8O-ad3-xhkjO1nVlf8kXxw	ym 2020s early mb albums p1
Eyes Like Nightshade	Chelsea Wolfe	She Reaches Out To She Reaches Out To She	INDIFFERENT	mhBPQZlTftY	MPREb_ebRs3NnIncm	UC8O-ad3-xhkjO1nVlf8kXxw	ym 2020s early mb albums p1
Everything Turns Blue	Chelsea Wolfe	She Reaches Out To She Reaches Out To She	INDIFFERENT	suYt0yMtehQ	MPREb_ebRs3NnIncm	UC8O-ad3-xhkjO1nVlf8kXxw	ym 2020s early mb albums p1
Dusk	Chelsea Wolfe	She Reaches Out To She Reaches Out To She	INDIFFERENT	e-fxcHjVCj4	MPREb_ebRs3NnIncm	UC8O-ad3-xhkjO1nVlf8kXxw	ym 2020s early mb albums p1
Wicked Puppet Dance	Chat Pile	God's Country	INDIFFERENT	aLNdW7i3Ro4	MPREb_GRaNSAbbKj9	UCZPOCSpnfFdXkpVPTKDsRPA	ym 2020s early mb albums p1
Why	Chat Pile	God's Country	INDIFFERENT	eTPzM7sPlq8	MPREb_GRaNSAbbKj9	UCZPOCSpnfFdXkpVPTKDsRPA	ym 2020s early mb albums p1
Tropical Beaches, Inc.	Chat Pile	God's Country	INDIFFERENT	SGfe5x5q-EA	MPREb_GRaNSAbbKj9	UCZPOCSpnfFdXkpVPTKDsRPA	ym 2020s early mb albums p1
The Mask	Chat Pile	God's Country	INDIFFERENT	_W512Qud97I	MPREb_GRaNSAbbKj9	UCZPOCSpnfFdXkpVPTKDsRPA	ym 2020s early mb albums p1
Slaughterhouse	Chat Pile	God's Country	INDIFFERENT	qZZhN69y2Vw	MPREb_GRaNSAbbKj9	UCZPOCSpnfFdXkpVPTKDsRPA	ym 2020s early mb albums p1
I Don't Care If I Burn	Chat Pile	God's Country	INDIFFERENT	6ijfodGBtHM	MPREb_GRaNSAbbKj9	UCZPOCSpnfFdXkpVPTKDsRPA	ym 2020s early mb albums p1
Anywhere	Chat Pile	God's Country	INDIFFERENT	N4iAa5OHgyM	MPREb_GRaNSAbbKj9	UCZPOCSpnfFdXkpVPTKDsRPA	ym 2020s early mb albums p1
The New World	Chat Pile	Cool World	INDIFFERENT	iWBM0Ubg5nU	MPREb_ECbblK1DlOP	UCZPOCSpnfFdXkpVPTKDsRPA	ym 2020s early mb albums p1
Tape	Chat Pile	Cool World	INDIFFERENT	6T8s1G3ku2I	MPREb_ECbblK1DlOP	UCZPOCSpnfFdXkpVPTKDsRPA	ym 2020s early mb albums p1
Shame	Chat Pile	Cool World	INDIFFERENT	PzbDw0_1vKk	MPREb_ECbblK1DlOP	UCZPOCSpnfFdXkpVPTKDsRPA	ym 2020s early mb albums p1
No Way Out	Chat Pile	Cool World	INDIFFERENT	ZAi6y40kJaQ	MPREb_ECbblK1DlOP	UCZPOCSpnfFdXkpVPTKDsRPA	ym 2020s early mb albums p1
Milk of Human Kindness	Chat Pile	Cool World	INDIFFERENT	CIaEs66sBvk	MPREb_ECbblK1DlOP	UCZPOCSpnfFdXkpVPTKDsRPA	ym 2020s early mb albums p1
Masc	Chat Pile	Cool World	INDIFFERENT	oN9XhBLZ3Ek	MPREb_ECbblK1DlOP	UCZPOCSpnfFdXkpVPTKDsRPA	ym 2020s early mb albums p1
I Am Dog Now	Chat Pile	Cool World	INDIFFERENT	0OcbYebGm-0	MPREb_ECbblK1DlOP	UCZPOCSpnfFdXkpVPTKDsRPA	ym 2020s early mb albums p1
Funny Man	Chat Pile	Cool World	INDIFFERENT	a0LhSf4cp4s	MPREb_ECbblK1DlOP	UCZPOCSpnfFdXkpVPTKDsRPA	ym 2020s early mb albums p1
Frownland	Chat Pile	Cool World	INDIFFERENT	EsXFAbbi5MU	MPREb_ECbblK1DlOP	UCZPOCSpnfFdXkpVPTKDsRPA	ym 2020s early mb albums p1
Camcorder	Chat Pile	Cool World	INDIFFERENT	J86w7FW4PKk	MPREb_ECbblK1DlOP	UCZPOCSpnfFdXkpVPTKDsRPA	ym 2020s early mb albums p1
visions	Charli xcx	how i'm feeling now	INDIFFERENT	FLms-JgxzE0	MPREb_e8ux8QgmKTR	UCI4YNnmHjXFaaKvfdmpWvJQ	ym 2020s early mb albums p1
pink diamond	Charli xcx	how i'm feeling now	INDIFFERENT	B-8vckHu1og	MPREb_e8ux8QgmKTR	UCI4YNnmHjXFaaKvfdmpWvJQ	ym 2020s early mb albums p1
party 4 u	Charli xcx	how i'm feeling now	INDIFFERENT	aaC0DFzcFc8	MPREb_e8ux8QgmKTR	UCI4YNnmHjXFaaKvfdmpWvJQ	ym 2020s early mb albums p1
i finally understand	Charli xcx	how i'm feeling now	INDIFFERENT	wRQjchwus4M	MPREb_e8ux8QgmKTR	UCI4YNnmHjXFaaKvfdmpWvJQ	ym 2020s early mb albums p1
enemy	Charli xcx	how i'm feeling now	INDIFFERENT	v_WuKJXohLs	MPREb_e8ux8QgmKTR	UCI4YNnmHjXFaaKvfdmpWvJQ	ym 2020s early mb albums p1
claws	Charli xcx	how i'm feeling now	INDIFFERENT	Q5JxuU7zLPo	MPREb_e8ux8QgmKTR	UCI4YNnmHjXFaaKvfdmpWvJQ	ym 2020s early mb albums p1
c2.0	Charli xcx	how i'm feeling now	INDIFFERENT	GfGLuOGuytQ	MPREb_e8ux8QgmKTR	UCI4YNnmHjXFaaKvfdmpWvJQ	ym 2020s early mb albums p1
anthems	Charli xcx	how i'm feeling now	INDIFFERENT	J92RHN522qM	MPREb_e8ux8QgmKTR	UCI4YNnmHjXFaaKvfdmpWvJQ	ym 2020s early mb albums p1
7 years	Charli xcx	how i'm feeling now	INDIFFERENT	ICRZH-eVrgw	MPREb_e8ux8QgmKTR	UCI4YNnmHjXFaaKvfdmpWvJQ	ym 2020s early mb albums p1
Yuck	Charli xcx	CRASH	INDIFFERENT	aEou4Jv7Ghw	MPREb_17YcoU5m8RE	UCI4YNnmHjXFaaKvfdmpWvJQ	ym 2020s early mb albums p1
Used to Know Me	Charli xcx	CRASH	INDIFFERENT	FM2ds1unJzc	MPREb_17YcoU5m8RE	UCI4YNnmHjXFaaKvfdmpWvJQ	ym 2020s early mb albums p1
Move Me	Charli xcx	CRASH	INDIFFERENT	0XspdcujEP0	MPREb_17YcoU5m8RE	UCI4YNnmHjXFaaKvfdmpWvJQ	ym 2020s early mb albums p1
Lightning	Charli xcx	CRASH	INDIFFERENT	SoJbC3g_YaY	MPREb_17YcoU5m8RE	UCI4YNnmHjXFaaKvfdmpWvJQ	ym 2020s early mb albums p1
Good Ones	Charli xcx	CRASH	INDIFFERENT	dlw-wciKwXY	MPREb_17YcoU5m8RE	UCI4YNnmHjXFaaKvfdmpWvJQ	ym 2020s early mb albums p1
Every Rule	Charli xcx	CRASH	INDIFFERENT	GGPJPhk5KZ0	MPREb_17YcoU5m8RE	UCI4YNnmHjXFaaKvfdmpWvJQ	ym 2020s early mb albums p1
Crash	Charli xcx	CRASH	INDIFFERENT	rYkIR8bi_h0	MPREb_17YcoU5m8RE	UCI4YNnmHjXFaaKvfdmpWvJQ	ym 2020s early mb albums p1
Constant Repeat	Charli xcx	CRASH	INDIFFERENT	jAy9bpFTQc8	MPREb_17YcoU5m8RE	UCI4YNnmHjXFaaKvfdmpWvJQ	ym 2020s early mb albums p1
Beg for You (feat. Rina Sawayama)	Charli xcx	CRASH	INDIFFERENT	Xt5YLbHIIto	MPREb_17YcoU5m8RE	UCI4YNnmHjXFaaKvfdmpWvJQ	ym 2020s early mb albums p1
Baby	Charli xcx	CRASH	INDIFFERENT	oa7wY8TUXes	MPREb_17YcoU5m8RE	UCI4YNnmHjXFaaKvfdmpWvJQ	ym 2020s early mb albums p1
Von dutch a. g. cook remix (feat. Addison Rae)	Charli xcx	Brat and it’s completely different but also still brat	INDIFFERENT	LXX1bgqI0ic	MPREb_On6Pbb0F30q	UCI4YNnmHjXFaaKvfdmpWvJQ	ym 2020s early mb albums p1
Von dutch	Charli xcx	Brat and it’s completely different but also still brat	INDIFFERENT	zfAon7H8LC0	MPREb_On6Pbb0F30q	UCI4YNnmHjXFaaKvfdmpWvJQ	ym 2020s early mb albums p1
Talk talk (feat. Troye Sivan)	Charli xcx	Brat and it’s completely different but also still brat	INDIFFERENT	u9on3rrY_Wo	MPREb_On6Pbb0F30q	UCI4YNnmHjXFaaKvfdmpWvJQ	ym 2020s early mb albums p1
Talk talk	Charli xcx	Brat and it’s completely different but also still brat	INDIFFERENT	H7h3ZYxb8Jw	MPREb_On6Pbb0F30q	UCI4YNnmHjXFaaKvfdmpWvJQ	ym 2020s early mb albums p1
Sympathy is a knife (feat. Ariana Grande)	Charli xcx	Brat and it’s completely different but also still brat	INDIFFERENT	yHkCD0cOVG4	MPREb_On6Pbb0F30q	UCI4YNnmHjXFaaKvfdmpWvJQ	ym 2020s early mb albums p1
Sympathy is a knife	Charli xcx	Brat and it’s completely different but also still brat	INDIFFERENT	Eym3zIvciKg	MPREb_On6Pbb0F30q	UCI4YNnmHjXFaaKvfdmpWvJQ	ym 2020s early mb albums p1
Spring breakers	Charli xcx	Brat and it’s completely different but also still brat	INDIFFERENT	EY-P4rpQONU	MPREb_On6Pbb0F30q	UCI4YNnmHjXFaaKvfdmpWvJQ	ym 2020s early mb albums p1
So I (feat. A. G. Cook)	Charli xcx	Brat and it’s completely different but also still brat	INDIFFERENT	BLNiqU5JUWM	MPREb_On6Pbb0F30q	UCI4YNnmHjXFaaKvfdmpWvJQ	ym 2020s early mb albums p1
So I	Charli xcx	Brat and it’s completely different but also still brat	INDIFFERENT	i4nZnEOcEeU	MPREb_On6Pbb0F30q	UCI4YNnmHjXFaaKvfdmpWvJQ	ym 2020s early mb albums p1
Rewind (feat. Bladee)	Charli xcx	Brat and it’s completely different but also still brat	INDIFFERENT	y26N2zVqtWo	MPREb_On6Pbb0F30q	UCI4YNnmHjXFaaKvfdmpWvJQ	ym 2020s early mb albums p1
Rewind	Charli xcx	Brat and it’s completely different but also still brat	INDIFFERENT	uk6oD7_P0kw	MPREb_On6Pbb0F30q	UCI4YNnmHjXFaaKvfdmpWvJQ	ym 2020s early mb albums p1
Mean girls (feat. Julian Casablancas)	Charli xcx	Brat and it’s completely different but also still brat	INDIFFERENT	FQbPqsoCZos	MPREb_On6Pbb0F30q	UCI4YNnmHjXFaaKvfdmpWvJQ	ym 2020s early mb albums p1
Mean girls	Charli xcx	Brat and it’s completely different but also still brat	INDIFFERENT	QMhVhECb0vI	MPREb_On6Pbb0F30q	UCI4YNnmHjXFaaKvfdmpWvJQ	ym 2020s early mb albums p1
I think about it all the time (feat. Bon Iver)	Charli xcx	Brat and it’s completely different but also still brat	INDIFFERENT	dpBNCDQQywo	MPREb_On6Pbb0F30q	UCI4YNnmHjXFaaKvfdmpWvJQ	ym 2020s early mb albums p1
I think about it all the time	Charli xcx	Brat and it’s completely different but also still brat	INDIFFERENT	FBbrYtTFttc	MPREb_On6Pbb0F30q	UCI4YNnmHjXFaaKvfdmpWvJQ	ym 2020s early mb albums p1
I might say something stupid (feat. The 1975 & Jon Hopkins)	Charli xcx	Brat and it’s completely different but also still brat	INDIFFERENT	bE6Areq9umM	MPREb_On6Pbb0F30q	UCI4YNnmHjXFaaKvfdmpWvJQ	ym 2020s early mb albums p1
I might say something stupid	Charli xcx	Brat and it’s completely different but also still brat	INDIFFERENT	8yPwQYjxFI8	MPREb_On6Pbb0F30q	UCI4YNnmHjXFaaKvfdmpWvJQ	ym 2020s early mb albums p1
Hello goodbye	Charli xcx	Brat and it’s completely different but also still brat	INDIFFERENT	mlP4vEg2SOE	MPREb_On6Pbb0F30q	UCI4YNnmHjXFaaKvfdmpWvJQ	ym 2020s early mb albums p1
Guess (feat. Billie Eilish)	Charli xcx	Brat and it’s completely different but also still brat	INDIFFERENT	Q4d7SV9LYz4	MPREb_On6Pbb0F30q	UCI4YNnmHjXFaaKvfdmpWvJQ	ym 2020s early mb albums p1
Guess	Charli xcx	Brat and it’s completely different but also still brat	INDIFFERENT	nyA3zghUIZ4	MPREb_On6Pbb0F30q	UCI4YNnmHjXFaaKvfdmpWvJQ	ym 2020s early mb albums p1
Girl, so confusing (feat. Lorde)	Charli xcx	Brat and it’s completely different but also still brat	INDIFFERENT	ptZ5GHduP8A	MPREb_On6Pbb0F30q	UCI4YNnmHjXFaaKvfdmpWvJQ	ym 2020s early mb albums p1
Girl, so confusing	Charli xcx	Brat and it’s completely different but also still brat	INDIFFERENT	18tfaKvK0PU	MPREb_On6Pbb0F30q	UCI4YNnmHjXFaaKvfdmpWvJQ	ym 2020s early mb albums p1
Everything is romantic (feat. Caroline Polachek)	Charli xcx	Brat and it’s completely different but also still brat	INDIFFERENT	Bk_cd7AQ13w	MPREb_On6Pbb0F30q	UCI4YNnmHjXFaaKvfdmpWvJQ	ym 2020s early mb albums p1
Everything is romantic	Charli xcx	Brat and it’s completely different but also still brat	INDIFFERENT	yHN4DglktZ8	MPREb_On6Pbb0F30q	UCI4YNnmHjXFaaKvfdmpWvJQ	ym 2020s early mb albums p1
Club classics (feat. Bb trickz)	Charli xcx	Brat and it’s completely different but also still brat	INDIFFERENT	Nd0xYUkUzjA	MPREb_On6Pbb0F30q	UCI4YNnmHjXFaaKvfdmpWvJQ	ym 2020s early mb albums p1
Club classics	Charli xcx	Brat and it’s completely different but also still brat	INDIFFERENT	PwEbViJOVDk	MPREb_On6Pbb0F30q	UCI4YNnmHjXFaaKvfdmpWvJQ	ym 2020s early mb albums p1
B2b (feat. Tinashe)	Charli xcx	Brat and it’s completely different but also still brat	INDIFFERENT	SI2Cx6SStk4	MPREb_On6Pbb0F30q	UCI4YNnmHjXFaaKvfdmpWvJQ	ym 2020s early mb albums p1
B2b	Charli xcx	Brat and it’s completely different but also still brat	INDIFFERENT	zlUY0wE6wgA	MPREb_On6Pbb0F30q	UCI4YNnmHjXFaaKvfdmpWvJQ	ym 2020s early mb albums p1
Apple (feat. The Japanese House)	Charli xcx	Brat and it’s completely different but also still brat	INDIFFERENT	v9Fosi84K9k	MPREb_On6Pbb0F30q	UCI4YNnmHjXFaaKvfdmpWvJQ	ym 2020s early mb albums p1
Apple	Charli xcx	Brat and it’s completely different but also still brat	INDIFFERENT	6wtee4ffmIk	MPREb_On6Pbb0F30q	UCI4YNnmHjXFaaKvfdmpWvJQ	ym 2020s early mb albums p1
365 (feat. Shygirl)	Charli xcx	Brat and it’s completely different but also still brat	INDIFFERENT	xev67pHOIIQ	MPREb_On6Pbb0F30q	UCI4YNnmHjXFaaKvfdmpWvJQ	ym 2020s early mb albums p1
365	Charli xcx	Brat and it’s completely different but also still brat	INDIFFERENT	tzpbmgB9ZwA	MPREb_On6Pbb0F30q	UCI4YNnmHjXFaaKvfdmpWvJQ	ym 2020s early mb albums p1
360 (feat. Robyn & Yung Lean)	Charli xcx	Brat and it’s completely different but also still brat	INDIFFERENT	aEI5fHlotfQ	MPREb_On6Pbb0F30q	UCI4YNnmHjXFaaKvfdmpWvJQ	ym 2020s early mb albums p1
360	Charli xcx	Brat and it’s completely different but also still brat	INDIFFERENT	aJS5U2OViNs	MPREb_On6Pbb0F30q	UCI4YNnmHjXFaaKvfdmpWvJQ	ym 2020s early mb albums p1
Von dutch	Charli xcx	BRAT	INDIFFERENT	oZ-lTp1ZaZQ	MPREb_8En9jdKgx9I	UCI4YNnmHjXFaaKvfdmpWvJQ	ym 2020s early mb albums p1
Talk talk	Charli xcx	BRAT	INDIFFERENT	KFTxeyGjNBE	MPREb_8En9jdKgx9I	UCI4YNnmHjXFaaKvfdmpWvJQ	ym 2020s early mb albums p1
Sympathy is a knife	Charli xcx	BRAT	INDIFFERENT	EFdiM0f2FWE	MPREb_8En9jdKgx9I	UCI4YNnmHjXFaaKvfdmpWvJQ	ym 2020s early mb albums p1
So I	Charli xcx	BRAT	INDIFFERENT	g-PovEJ1qWc	MPREb_8En9jdKgx9I	UCI4YNnmHjXFaaKvfdmpWvJQ	ym 2020s early mb albums p1
Rewind	Charli xcx	BRAT	INDIFFERENT	S9y2g2VOMtY	MPREb_8En9jdKgx9I	UCI4YNnmHjXFaaKvfdmpWvJQ	ym 2020s early mb albums p1
Mean girls	Charli xcx	BRAT	INDIFFERENT	hoOuVFbIk44	MPREb_8En9jdKgx9I	UCI4YNnmHjXFaaKvfdmpWvJQ	ym 2020s early mb albums p1
I think about it all the time	Charli xcx	BRAT	INDIFFERENT	t1OM_S6uZaY	MPREb_8En9jdKgx9I	UCI4YNnmHjXFaaKvfdmpWvJQ	ym 2020s early mb albums p1
I might say something stupid	Charli xcx	BRAT	INDIFFERENT	zw6bA75H2jc	MPREb_8En9jdKgx9I	UCI4YNnmHjXFaaKvfdmpWvJQ	ym 2020s early mb albums p1
Girl, so confusing	Charli xcx	BRAT	INDIFFERENT	dxOMZWIQ-LU	MPREb_8En9jdKgx9I	UCI4YNnmHjXFaaKvfdmpWvJQ	ym 2020s early mb albums p1
Everything is romantic	Charli xcx	BRAT	INDIFFERENT	rq8xaUEnvsQ	MPREb_8En9jdKgx9I	UCI4YNnmHjXFaaKvfdmpWvJQ	ym 2020s early mb albums p1
Club classics	Charli xcx	BRAT	INDIFFERENT	bg9EmWTRt3Y	MPREb_8En9jdKgx9I	UCI4YNnmHjXFaaKvfdmpWvJQ	ym 2020s early mb albums p1
B2b	Charli xcx	BRAT	INDIFFERENT	4ZPT8LjWSnY	MPREb_8En9jdKgx9I	UCI4YNnmHjXFaaKvfdmpWvJQ	ym 2020s early mb albums p1
Apple	Charli xcx	BRAT	INDIFFERENT	FzH8p8hhxLA	MPREb_8En9jdKgx9I	UCI4YNnmHjXFaaKvfdmpWvJQ	ym 2020s early mb albums p1
365	Charli xcx	BRAT	INDIFFERENT	w_pDmpSSbQc	MPREb_8En9jdKgx9I	UCI4YNnmHjXFaaKvfdmpWvJQ	ym 2020s early mb albums p1
360	Charli xcx	BRAT	INDIFFERENT	nI6GP8wKJ6o	MPREb_8En9jdKgx9I	UCI4YNnmHjXFaaKvfdmpWvJQ	ym 2020s early mb albums p1
New Shapes (feat. Christine and the Queens & Caroline Polachek)	Charli XCX	CRASH	INDIFFERENT	AvjdUQWdFxo	MPREb_17YcoU5m8RE	UCI4YNnmHjXFaaKvfdmpWvJQ	ym 2020s early mb albums p1
We Eat Our Young	Cattle Decapitation	Terrasite	INDIFFERENT	T6BPiDu-xxY	MPREb_XvaeVM6aUBG	UC--w7zv9dmZ8oBePPWWhClg	ym 2020s early mb albums p1
The Storm Upstairs	Cattle Decapitation	Terrasite	INDIFFERENT	Ywr5uxTmHq8	MPREb_XvaeVM6aUBG	UC--w7zv9dmZ8oBePPWWhClg	ym 2020s early mb albums p1
The Insignificants	Cattle Decapitation	Terrasite	INDIFFERENT	seM2dffij_U	MPREb_XvaeVM6aUBG	UC--w7zv9dmZ8oBePPWWhClg	ym 2020s early mb albums p1
Solastalgia	Cattle Decapitation	Terrasite	INDIFFERENT	r-bXBDxeSag	MPREb_XvaeVM6aUBG	UC--w7zv9dmZ8oBePPWWhClg	ym 2020s early mb albums p1
Scourge of the Offspring	Cattle Decapitation	Terrasite	INDIFFERENT	3Ichl1sMeGM	MPREb_XvaeVM6aUBG	UC--w7zv9dmZ8oBePPWWhClg	ym 2020s early mb albums p1
Just Another Body	Cattle Decapitation	Terrasite	INDIFFERENT	cc0kEMB4MPQ	MPREb_XvaeVM6aUBG	UC--w7zv9dmZ8oBePPWWhClg	ym 2020s early mb albums p1
Dead End Residents	Cattle Decapitation	Terrasite	INDIFFERENT	M1b60mPolQ8	MPREb_XvaeVM6aUBG	UC--w7zv9dmZ8oBePPWWhClg	ym 2020s early mb albums p1
A Photic Doom	Cattle Decapitation	Terrasite	INDIFFERENT	WjqGDEv5-k0	MPREb_XvaeVM6aUBG	UC--w7zv9dmZ8oBePPWWhClg	ym 2020s early mb albums p1
...and the World Will Go on Without You	Cattle Decapitation	Terrasite	INDIFFERENT	E-myg-0UZVE	MPREb_XvaeVM6aUBG	UC--w7zv9dmZ8oBePPWWhClg	ym 2020s early mb albums p1
Transfixed	Caterina Barbieri	Spirit Exit	INDIFFERENT	cvm5vKeDl5M	MPREb_x1j9B8CQdAK	UC9nmOMN_nXa4Ur9KIfRCxwg	ym 2020s early mb albums p1
Terminal Clock	Caterina Barbieri	Spirit Exit	INDIFFERENT	I5w69tUeZYI	MPREb_x1j9B8CQdAK	UC9nmOMN_nXa4Ur9KIfRCxwg	ym 2020s early mb albums p1
Life at Altitude	Caterina Barbieri	Spirit Exit	INDIFFERENT	jy8Y_wE67zU	MPREb_x1j9B8CQdAK	UC9nmOMN_nXa4Ur9KIfRCxwg	ym 2020s early mb albums p1
Canticle of Cryo	Caterina Barbieri	Spirit Exit	INDIFFERENT	PYsjbYUKDeg	MPREb_x1j9B8CQdAK	UC9nmOMN_nXa4Ur9KIfRCxwg	ym 2020s early mb albums p1
Broken Melody	Caterina Barbieri	Spirit Exit	INDIFFERENT	6UEst1IZrGA	MPREb_x1j9B8CQdAK	UC9nmOMN_nXa4Ur9KIfRCxwg	ym 2020s early mb albums p1
Wheel	Cate Le Bon	Pompeii	INDIFFERENT	CDLiB4o50_w	MPREb_YMjQonvBVGf	UC3v-q7rxcHrLGArZUpauMVg	ym 2020s early mb albums p1
Remembering Me	Cate Le Bon	Pompeii	INDIFFERENT	I8Ji9nSOq5I	MPREb_YMjQonvBVGf	UC3v-q7rxcHrLGArZUpauMVg	ym 2020s early mb albums p1
Moderation	Cate Le Bon	Pompeii	INDIFFERENT	oVQIpYiEIUM	MPREb_YMjQonvBVGf	UC3v-q7rxcHrLGArZUpauMVg	ym 2020s early mb albums p1
French Boys	Cate Le Bon	Pompeii	INDIFFERENT	Qwfzou7C0xo	MPREb_YMjQonvBVGf	UC3v-q7rxcHrLGArZUpauMVg	ym 2020s early mb albums p1
Dirt on the Bed	Cate Le Bon	Pompeii	INDIFFERENT	RfkXuFwAWe4	MPREb_YMjQonvBVGf	UC3v-q7rxcHrLGArZUpauMVg	ym 2020s early mb albums p1
The Ramble	Cassandra Jenkins	An Overview on Phenomenal Nature	INDIFFERENT	PqgHCB8cqD4	MPREb_36tDI6pS851	UCybnLKIrbGcRK_cvKy6u0gQ	ym 2020s early mb albums p1
New Bikini	Cassandra Jenkins	An Overview on Phenomenal Nature	INDIFFERENT	ZplvUEL1jrQ	MPREb_36tDI6pS851	UCybnLKIrbGcRK_cvKy6u0gQ	ym 2020s early mb albums p1
Michelangelo	Cassandra Jenkins	An Overview on Phenomenal Nature	INDIFFERENT	Kbbekgd0abM	MPREb_36tDI6pS851	UCybnLKIrbGcRK_cvKy6u0gQ	ym 2020s early mb albums p1
Hard Drive	Cassandra Jenkins	An Overview on Phenomenal Nature	INDIFFERENT	2JfscS2ckys	MPREb_36tDI6pS851	UCybnLKIrbGcRK_cvKy6u0gQ	ym 2020s early mb albums p1
Hailey	Cassandra Jenkins	An Overview on Phenomenal Nature	INDIFFERENT	2r9ITwyEuDg	MPREb_36tDI6pS851	UCybnLKIrbGcRK_cvKy6u0gQ	ym 2020s early mb albums p1
Ambiguous Norway	Cassandra Jenkins	An Overview on Phenomenal Nature	INDIFFERENT	p7bRh8hMXLM	MPREb_36tDI6pS851	UCybnLKIrbGcRK_cvKy6u0gQ	ym 2020s early mb albums p1
To the Sky	Caroline Shaw	Let the Soil Play Its Simple Part	INDIFFERENT	i1EfN2kYs6U	MPREb_uY9HVFG5lXZ	UCs4qTCcPN_63LiFqOfcOBkA	ym 2020s early mb albums p1
The Flood Is Following Me	Caroline Shaw	Let the Soil Play Its Simple Part	INDIFFERENT	Wigg5yt5C_I	MPREb_uY9HVFG5lXZ	UCs4qTCcPN_63LiFqOfcOBkA	ym 2020s early mb albums p1
Some Bright Morning	Caroline Shaw	Let the Soil Play Its Simple Part	INDIFFERENT	-CG0KgH6IcY	MPREb_uY9HVFG5lXZ	UCs4qTCcPN_63LiFqOfcOBkA	ym 2020s early mb albums p1
Other Song	Caroline Shaw	Let the Soil Play Its Simple Part	INDIFFERENT	SIKQvAJTaGQ	MPREb_uY9HVFG5lXZ	UCs4qTCcPN_63LiFqOfcOBkA	ym 2020s early mb albums p1
Long Ago We Counted	Caroline Shaw	Let the Soil Play Its Simple Part	INDIFFERENT	6tokBKxODds	MPREb_uY9HVFG5lXZ	UCs4qTCcPN_63LiFqOfcOBkA	ym 2020s early mb albums p1
Let the Soil Play Its Simple Part	Caroline Shaw	Let the Soil Play Its Simple Part	INDIFFERENT	DVCnkzRX2wU	MPREb_uY9HVFG5lXZ	UCs4qTCcPN_63LiFqOfcOBkA	ym 2020s early mb albums p1
Lay All Your Love On Me	Caroline Shaw	Let the Soil Play Its Simple Part	INDIFFERENT	EJogQ10deYk	MPREb_uY9HVFG5lXZ	UCs4qTCcPN_63LiFqOfcOBkA	ym 2020s early mb albums p1
Cast the Bells in Sand	Caroline Shaw	Let the Soil Play Its Simple Part	INDIFFERENT	qcdSLFZW5To	MPREb_uY9HVFG5lXZ	UCs4qTCcPN_63LiFqOfcOBkA	ym 2020s early mb albums p1
A Veil Awave Upon the Waves	Caroline Shaw	Let the Soil Play Its Simple Part	INDIFFERENT	zsqrvbDo6Z8	MPREb_uY9HVFG5lXZ	UCs4qTCcPN_63LiFqOfcOBkA	ym 2020s early mb albums p1
A Gradual Dazzle	Caroline Shaw	Let the Soil Play Its Simple Part	INDIFFERENT	vIzH4LoAXko	MPREb_uY9HVFG5lXZ	UCs4qTCcPN_63LiFqOfcOBkA	ym 2020s early mb albums p1
The Lucky One	Caroline Says	The Lucky One	INDIFFERENT	PmZfaqkr_10	MPREb_PMkTrcOG0iJ	UClh2j09gqe7YnowW9l-p0tQ	ym 2020s early mb albums p1
Something Good	Caroline Says	The Lucky One	INDIFFERENT	kB4kXNC4wcQ	MPREb_PMkTrcOG0iJ	UClh2j09gqe7YnowW9l-p0tQ	ym 2020s early mb albums p1
Roses	Caroline Says	The Lucky One	INDIFFERENT	PA3E9pjDIoI	MPREb_PMkTrcOG0iJ	UClh2j09gqe7YnowW9l-p0tQ	ym 2020s early mb albums p1
Palm Reader	Caroline Says	The Lucky One	INDIFFERENT	dnHvXUWoJY8	MPREb_PMkTrcOG0iJ	UClh2j09gqe7YnowW9l-p0tQ	ym 2020s early mb albums p1
Like We Do	Caroline Says	The Lucky One	INDIFFERENT	XuDkGzosKJo	MPREb_PMkTrcOG0iJ	UClh2j09gqe7YnowW9l-p0tQ	ym 2020s early mb albums p1
Lightning	Caroline Says	The Lucky One	INDIFFERENT	2T00ogJiQN0	MPREb_PMkTrcOG0iJ	UClh2j09gqe7YnowW9l-p0tQ	ym 2020s early mb albums p1
Faded and Golden	Caroline Says	The Lucky One	INDIFFERENT	rCV6-XnRCMQ	MPREb_PMkTrcOG0iJ	UClh2j09gqe7YnowW9l-p0tQ	ym 2020s early mb albums p1
Eyes In the Night	Caroline Says	The Lucky One	INDIFFERENT	ZiFXmirk8X4	MPREb_PMkTrcOG0iJ	UClh2j09gqe7YnowW9l-p0tQ	ym 2020s early mb albums p1
Dust	Caroline Says	The Lucky One	INDIFFERENT	hJs-xKTtR8I	MPREb_PMkTrcOG0iJ	UClh2j09gqe7YnowW9l-p0tQ	ym 2020s early mb albums p1
Daze	Caroline Says	The Lucky One	INDIFFERENT	Z9C6cNg1Ano	MPREb_PMkTrcOG0iJ	UClh2j09gqe7YnowW9l-p0tQ	ym 2020s early mb albums p1
Always Looking Back	Caroline Says	The Lucky One	INDIFFERENT	W41jejjmW6I	MPREb_PMkTrcOG0iJ	UClh2j09gqe7YnowW9l-p0tQ	ym 2020s early mb albums p1
Actors	Caroline Says	The Lucky One	INDIFFERENT	Dbxj4FpLtD0	MPREb_PMkTrcOG0iJ	UClh2j09gqe7YnowW9l-p0tQ	ym 2020s early mb albums p1
Someone New	Caroline Rose	Superstar	INDIFFERENT	bOnOnyNFcEY	MPREb_LLv28RNiJpp	UCfmtGrbjtodRee4cL6Uz2mg	ym 2020s early mb albums p1
Pipe Dreams	Caroline Rose	Superstar	INDIFFERENT	npDY2iZ5uqA	MPREb_LLv28RNiJpp	UCfmtGrbjtodRee4cL6Uz2mg	ym 2020s early mb albums p1
I Took a Ride	Caroline Rose	Superstar	INDIFFERENT	Gpeg8c02q1w	MPREb_LLv28RNiJpp	UCfmtGrbjtodRee4cL6Uz2mg	ym 2020s early mb albums p1
Got to Go My Own Way	Caroline Rose	Superstar	INDIFFERENT	vNKxJM98TNw	MPREb_LLv28RNiJpp	UCfmtGrbjtodRee4cL6Uz2mg	ym 2020s early mb albums p1
Freak Like Me	Caroline Rose	Superstar	INDIFFERENT	_XwDVXOeSao	MPREb_LLv28RNiJpp	UCfmtGrbjtodRee4cL6Uz2mg	ym 2020s early mb albums p1
Feelings Are a Thing of the Past	Caroline Rose	Superstar	INDIFFERENT	jA9C-J3-oUM	MPREb_LLv28RNiJpp	UCfmtGrbjtodRee4cL6Uz2mg	ym 2020s early mb albums p1
Feel the Way I Want	Caroline Rose	Superstar	INDIFFERENT	u51_WLbkFF8	MPREb_LLv28RNiJpp	UCfmtGrbjtodRee4cL6Uz2mg	ym 2020s early mb albums p1
Do You Think We’ll Last Forever?	Caroline Rose	Superstar	INDIFFERENT	e0mDl6n0MyE	MPREb_LLv28RNiJpp	UCfmtGrbjtodRee4cL6Uz2mg	ym 2020s early mb albums p1
Command Z	Caroline Rose	Superstar	INDIFFERENT	a6RwtrecE4s	MPREb_LLv28RNiJpp	UCfmtGrbjtodRee4cL6Uz2mg	ym 2020s early mb albums p1
Back at the Beginning	Caroline Rose	Superstar	INDIFFERENT	_cPCXFpgaCk	MPREb_LLv28RNiJpp	UCfmtGrbjtodRee4cL6Uz2mg	ym 2020s early mb albums p1
Welcome To My Island	Caroline Polachek	Desire, I Want To Turn Into You	INDIFFERENT	EhCQLp28TCY	MPREb_cd9u3zccsq5	UCW4rB5Nfy2mWmwoibRUT15Q	ym 2020s early mb albums p1
Sunset	Caroline Polachek	Desire, I Want To Turn Into You	INDIFFERENT	cvhCUDWM8II	MPREb_cd9u3zccsq5	UCW4rB5Nfy2mWmwoibRUT15Q	ym 2020s early mb albums p1
Smoke	Caroline Polachek	Desire, I Want To Turn Into You	INDIFFERENT	uQqiiP7K9pw	MPREb_cd9u3zccsq5	UCW4rB5Nfy2mWmwoibRUT15Q	ym 2020s early mb albums p1
Pretty In Possible	Caroline Polachek	Desire, I Want To Turn Into You	INDIFFERENT	Hf487OncN9o	MPREb_cd9u3zccsq5	UCW4rB5Nfy2mWmwoibRUT15Q	ym 2020s early mb albums p1
I Believe	Caroline Polachek	Desire, I Want To Turn Into You	INDIFFERENT	ZXL_4Lv38nY	MPREb_cd9u3zccsq5	UCW4rB5Nfy2mWmwoibRUT15Q	ym 2020s early mb albums p1
Hopedrunk Everasking	Caroline Polachek	Desire, I Want To Turn Into You	INDIFFERENT	c5RnQYDEapQ	MPREb_cd9u3zccsq5	UCW4rB5Nfy2mWmwoibRUT15Q	ym 2020s early mb albums p1
Fly To You (feat. Grimes, Dido & Grimes and Dido)	Caroline Polachek	Desire, I Want To Turn Into You	INDIFFERENT	qd4gyWC3SzE	MPREb_cd9u3zccsq5	UCW4rB5Nfy2mWmwoibRUT15Q	ym 2020s early mb albums p1
Crude Drawing Of An Angel	Caroline Polachek	Desire, I Want To Turn Into You	INDIFFERENT	slsQJFHCSqw	MPREb_cd9u3zccsq5	UCW4rB5Nfy2mWmwoibRUT15Q	ym 2020s early mb albums p1
Butterfly Net	Caroline Polachek	Desire, I Want To Turn Into You	INDIFFERENT	_L4N0e5ikSk	MPREb_cd9u3zccsq5	UCW4rB5Nfy2mWmwoibRUT15Q	ym 2020s early mb albums p1
Bunny Is A Rider	Caroline Polachek	Desire, I Want To Turn Into You	INDIFFERENT	ax9P994zuLQ	MPREb_cd9u3zccsq5	UCW4rB5Nfy2mWmwoibRUT15Q	ym 2020s early mb albums p1
Blood And Butter	Caroline Polachek	Desire, I Want To Turn Into You	INDIFFERENT	u84W1CBxuZI	MPREb_cd9u3zccsq5	UCW4rB5Nfy2mWmwoibRUT15Q	ym 2020s early mb albums p1
Billions	Caroline Polachek	Desire, I Want To Turn Into You	INDIFFERENT	X9z8vgMLR7E	MPREb_cd9u3zccsq5	UCW4rB5Nfy2mWmwoibRUT15Q	ym 2020s early mb albums p1
Subtle Bodies	Carmen Villain	Only Love From Now On	INDIFFERENT	lRMFy0UQ0VU	MPREb_MqwP1O9spAU	UCoTR21KZmRNThiN6c3LWUsQ	ym 2020s early mb albums p1
Silueta	Carmen Villain	Only Love From Now On	INDIFFERENT	_CclMVrVt2I	MPREb_MqwP1O9spAU	UCoTR21KZmRNThiN6c3LWUsQ	ym 2020s early mb albums p1
Portals	Carmen Villain	Only Love From Now On	INDIFFERENT	Ee1o4jzFL8Q	MPREb_MqwP1O9spAU	UCoTR21KZmRNThiN6c3LWUsQ	ym 2020s early mb albums p1
Only Love From Now On (with Johanna Scheie Orellana) (feat. Johanna Scheie Orellana)	Carmen Villain	Only Love From Now On	INDIFFERENT	7BNBmsGeJWQ	MPREb_MqwP1O9spAU	UCoTR21KZmRNThiN6c3LWUsQ	ym 2020s early mb albums p1
Liminal Space	Carmen Villain	Only Love From Now On	INDIFFERENT	24qwbHBxuD0	MPREb_MqwP1O9spAU	UCoTR21KZmRNThiN6c3LWUsQ	ym 2020s early mb albums p1
Gestures (with Arve Henriksen) (feat. Arve Henriksen)	Carmen Villain	Only Love From Now On	INDIFFERENT	FBhsFZPFXXo	MPREb_MqwP1O9spAU	UCoTR21KZmRNThiN6c3LWUsQ	ym 2020s early mb albums p1
Future Memory	Carmen Villain	Only Love From Now On	INDIFFERENT	808PXo3H0hg	MPREb_MqwP1O9spAU	UCoTR21KZmRNThiN6c3LWUsQ	ym 2020s early mb albums p1
Weekend Love	Carly Rae Jepsen	The Loveliest Time	INDIFFERENT	GwXhM2RYnxw	MPREb_cps01NaMdp4	UCexmZthnclJW1aM_o02t5qw	ym 2020s early mb albums p1
Stadium Love	Carly Rae Jepsen	The Loveliest Time	INDIFFERENT	jagiqzZI2Vk	MPREb_cps01NaMdp4	UCexmZthnclJW1aM_o02t5qw	ym 2020s early mb albums p1
So Right	Carly Rae Jepsen	The Loveliest Time	INDIFFERENT	cnYHoZxptFc	MPREb_cps01NaMdp4	UCexmZthnclJW1aM_o02t5qw	ym 2020s early mb albums p1
Shy Boy	Carly Rae Jepsen	The Loveliest Time	INDIFFERENT	ygdyz-WzWT4	MPREb_cps01NaMdp4	UCexmZthnclJW1aM_o02t5qw	ym 2020s early mb albums p1
Shadow	Carly Rae Jepsen	The Loveliest Time	INDIFFERENT	d5PJRyfuHJk	MPREb_cps01NaMdp4	UCexmZthnclJW1aM_o02t5qw	ym 2020s early mb albums p1
Put It To Rest	Carly Rae Jepsen	The Loveliest Time	INDIFFERENT	k55PEHRNUgQ	MPREb_cps01NaMdp4	UCexmZthnclJW1aM_o02t5qw	ym 2020s early mb albums p1
Psychedelic Switch	Carly Rae Jepsen	The Loveliest Time	INDIFFERENT	tkKnhm2cbn4	MPREb_cps01NaMdp4	UCexmZthnclJW1aM_o02t5qw	ym 2020s early mb albums p1
Kollage	Carly Rae Jepsen	The Loveliest Time	INDIFFERENT	x3VLMrsStFQ	MPREb_cps01NaMdp4	UCexmZthnclJW1aM_o02t5qw	ym 2020s early mb albums p1
Kamikaze	Carly Rae Jepsen	The Loveliest Time	INDIFFERENT	bkMQF5VJmUU	MPREb_cps01NaMdp4	UCexmZthnclJW1aM_o02t5qw	ym 2020s early mb albums p1
Come Over	Carly Rae Jepsen	The Loveliest Time	INDIFFERENT	5h7I8YdksHQ	MPREb_cps01NaMdp4	UCexmZthnclJW1aM_o02t5qw	ym 2020s early mb albums p1
Anything to Be With You	Carly Rae Jepsen	The Loveliest Time	INDIFFERENT	Cy7FJ6-hQec	MPREb_cps01NaMdp4	UCexmZthnclJW1aM_o02t5qw	ym 2020s early mb albums p1
After Last Night	Carly Rae Jepsen	The Loveliest Time	INDIFFERENT	bxb6cQNTVOo	MPREb_cps01NaMdp4	UCexmZthnclJW1aM_o02t5qw	ym 2020s early mb albums p1
Western Wind	Carly Rae Jepsen	The Loneliest Time	INDIFFERENT	gUwzxtrWhLg	MPREb_YNA5b8Jflwy	UCexmZthnclJW1aM_o02t5qw	ym 2020s early mb albums p1
The Loneliest Time	Carly Rae Jepsen	The Loneliest Time	INDIFFERENT	kX-cdbWnFdM	MPREb_YNA5b8Jflwy	UCexmZthnclJW1aM_o02t5qw	ym 2020s early mb albums p1
Talking to Yourself	Carly Rae Jepsen	The Loneliest Time	INDIFFERENT	JGPuwFopeSs	MPREb_YNA5b8Jflwy	UCexmZthnclJW1aM_o02t5qw	ym 2020s early mb albums p1
Surrender My Heart	Carly Rae Jepsen	The Loneliest Time	INDIFFERENT	hhjEvNF0j5s	MPREb_YNA5b8Jflwy	UCexmZthnclJW1aM_o02t5qw	ym 2020s early mb albums p1
So Nice	Carly Rae Jepsen	The Loneliest Time	INDIFFERENT	TzHZghx9gDM	MPREb_YNA5b8Jflwy	UCexmZthnclJW1aM_o02t5qw	ym 2020s early mb albums p1
Sideways	Carly Rae Jepsen	The Loneliest Time	INDIFFERENT	xhY6KaFYWco	MPREb_YNA5b8Jflwy	UCexmZthnclJW1aM_o02t5qw	ym 2020s early mb albums p1
Shooting Star	Carly Rae Jepsen	The Loneliest Time	INDIFFERENT	Covga7Z0oIc	MPREb_YNA5b8Jflwy	UCexmZthnclJW1aM_o02t5qw	ym 2020s early mb albums p1
No Thinking Over the Weekend (Bonus Track)	Carly Rae Jepsen	The Loneliest Time	INDIFFERENT	GLT8s_8ETyk	MPREb_YNA5b8Jflwy	UCexmZthnclJW1aM_o02t5qw	ym 2020s early mb albums p1
Keep Away (Bonus Track)	Carly Rae Jepsen	The Loneliest Time	INDIFFERENT	yUU6C8-dLes	MPREb_YNA5b8Jflwy	UCexmZthnclJW1aM_o02t5qw	ym 2020s early mb albums p1
Joshua Tree	Carly Rae Jepsen	The Loneliest Time	INDIFFERENT	wdBpiq_o4Y0	MPREb_YNA5b8Jflwy	UCexmZthnclJW1aM_o02t5qw	ym 2020s early mb albums p1
Go Find Yourself or Whatever	Carly Rae Jepsen	The Loneliest Time	INDIFFERENT	8gP5PLagcuM	MPREb_YNA5b8Jflwy	UCexmZthnclJW1aM_o02t5qw	ym 2020s early mb albums p1
Far Away	Carly Rae Jepsen	The Loneliest Time	INDIFFERENT	5zwhvMgaKdg	MPREb_YNA5b8Jflwy	UCexmZthnclJW1aM_o02t5qw	ym 2020s early mb albums p1
Bends	Carly Rae Jepsen	The Loneliest Time	INDIFFERENT	FbHW7vSu1GM	MPREb_YNA5b8Jflwy	UCexmZthnclJW1aM_o02t5qw	ym 2020s early mb albums p1
Beach House	Carly Rae Jepsen	The Loneliest Time	INDIFFERENT	nGBM9hU8FLU	MPREb_YNA5b8Jflwy	UCexmZthnclJW1aM_o02t5qw	ym 2020s early mb albums p1
Bad Thing Twice	Carly Rae Jepsen	The Loneliest Time	INDIFFERENT	M_f3IvZ6Dag	MPREb_YNA5b8Jflwy	UCexmZthnclJW1aM_o02t5qw	ym 2020s early mb albums p1
Anxious (Bonus Track)	Carly Rae Jepsen	The Loneliest Time	INDIFFERENT	lx9zrT6zE8g	MPREb_YNA5b8Jflwy	UCexmZthnclJW1aM_o02t5qw	ym 2020s early mb albums p1
Sunny's Time (Prince Nifty Saddle Up Mix)	Caribou & Prince Nifty	Suddenly Remixes	INDIFFERENT	Uwtjo-BQ_PM	MPREb_MmTHOD2Fv8t		ym 2020s early mb albums p1
Never Come Back (Koreless Remix)	Caribou & Koreless	Suddenly Remixes	INDIFFERENT	D0LguytwX_g	MPREb_MmTHOD2Fv8t		ym 2020s early mb albums p1
You and I (Jessy Lanza Mix)	Caribou	Suddenly Remixes	INDIFFERENT	1griXt6-q6g	MPREb_MmTHOD2Fv8t	UCec42nujWCAHuGcNrekNdbg	ym 2020s early mb albums p1
Sunny's Time (Logic1000 Remix)	Caribou	Suddenly Remixes	INDIFFERENT	nGFUn8tvp5k	MPREb_MmTHOD2Fv8t	UCec42nujWCAHuGcNrekNdbg	ym 2020s early mb albums p1
Sunny's Time (Kareem Ali Remix)	Caribou	Suddenly Remixes	INDIFFERENT	JJzVL7dVDPs	MPREb_MmTHOD2Fv8t	UCec42nujWCAHuGcNrekNdbg	ym 2020s early mb albums p1
Sister (Floating Points Remix)	Caribou	Suddenly Remixes	INDIFFERENT	_OIAgKlqkVQ	MPREb_MmTHOD2Fv8t	UCec42nujWCAHuGcNrekNdbg	ym 2020s early mb albums p1
Ravi (Shanti Celeste Remix)	Caribou	Suddenly Remixes	INDIFFERENT	UGUknEh_mfY	MPREb_MmTHOD2Fv8t	UCec42nujWCAHuGcNrekNdbg	ym 2020s early mb albums p1
Never Come Back (Morgan Geist Remix)	Caribou	Suddenly Remixes	INDIFFERENT	1ES3l2F7d_A	MPREb_MmTHOD2Fv8t	UCec42nujWCAHuGcNrekNdbg	ym 2020s early mb albums p1
Never Come Back (Floating Points Remix)	Caribou	Suddenly Remixes	INDIFFERENT	T3RxZTiXstU	MPREb_MmTHOD2Fv8t	UCec42nujWCAHuGcNrekNdbg	ym 2020s early mb albums p1
Like I Loved You (I. JORDAN Remix)	Caribou	Suddenly Remixes	INDIFFERENT	VtY7ACBUbCE	MPREb_MmTHOD2Fv8t	UCec42nujWCAHuGcNrekNdbg	ym 2020s early mb albums p1
Sunny's Time	Caribou	Suddenly	INDIFFERENT	k5MHZZK9C3M	MPREb_rQMLgjBdyGj	UCec42nujWCAHuGcNrekNdbg	ym 2020s early mb albums p1
Ravi	Caribou	Suddenly	INDIFFERENT	02hbYYpNncs	MPREb_rQMLgjBdyGj	UCec42nujWCAHuGcNrekNdbg	ym 2020s early mb albums p1
New Jade	Caribou	Suddenly	INDIFFERENT	Qx9QgUwT2II	MPREb_rQMLgjBdyGj	UCec42nujWCAHuGcNrekNdbg	ym 2020s early mb albums p1
Magpie	Caribou	Suddenly	INDIFFERENT	YgYlMn9nGmU	MPREb_rQMLgjBdyGj	UCec42nujWCAHuGcNrekNdbg	ym 2020s early mb albums p1
Lime	Caribou	Suddenly	INDIFFERENT	pfig7MWB-iM	MPREb_rQMLgjBdyGj	UCec42nujWCAHuGcNrekNdbg	ym 2020s early mb albums p1
Over Now	Caribou	Honey	INDIFFERENT	HOThKkgrqN4	MPREb_Yd8xP8QKrbd	UCec42nujWCAHuGcNrekNdbg	ym 2020s early mb albums p1
Only You	Caribou	Honey	INDIFFERENT	JyYYOoRE8jo	MPREb_Yd8xP8QKrbd	UCec42nujWCAHuGcNrekNdbg	ym 2020s early mb albums p1
Got To Change	Caribou	Honey	INDIFFERENT	YKMWCZmzPm4	MPREb_Yd8xP8QKrbd	UCec42nujWCAHuGcNrekNdbg	ym 2020s early mb albums p1
Do Without You	Caribou	Honey	INDIFFERENT	kjKWDznxPZs	MPREb_Yd8xP8QKrbd	UCec42nujWCAHuGcNrekNdbg	ym 2020s early mb albums p1
Dear Life	Caribou	Honey	INDIFFERENT	l3pNNthh0Ho	MPREb_Yd8xP8QKrbd	UCec42nujWCAHuGcNrekNdbg	ym 2020s early mb albums p1
Come Find Me	Caribou	Honey	INDIFFERENT	UlqhskMnPbE	MPREb_Yd8xP8QKrbd	UCec42nujWCAHuGcNrekNdbg	ym 2020s early mb albums p1
Climbing	Caribou	Honey	INDIFFERENT	iSZAlUN0o8M	MPREb_Yd8xP8QKrbd	UCec42nujWCAHuGcNrekNdbg	ym 2020s early mb albums p1
Campfire	Caribou	Honey	INDIFFERENT	FJy26uxWvJI	MPREb_Yd8xP8QKrbd	UCec42nujWCAHuGcNrekNdbg	ym 2020s early mb albums p1
Broke My Heart	Caribou	Honey	INDIFFERENT	eQ8-Rgmw4RQ	MPREb_Yd8xP8QKrbd	UCec42nujWCAHuGcNrekNdbg	ym 2020s early mb albums p1
August 20/24	Caribou	Honey	INDIFFERENT	iz9NgSV6XTM	MPREb_Yd8xP8QKrbd	UCec42nujWCAHuGcNrekNdbg	ym 2020s early mb albums p1
Sync2n	Carbon Based Lifeforms	Seeker	INDIFFERENT	zc9x9icz0jQ	MPREb_eMNXASxjFfx	UCu8ii0rMmMqxUse8pxMMKJg	ym 2020s early mb albums p1
Starfish	Carbon Based Lifeforms	Seeker	INDIFFERENT	F8WoHjCcVxE	MPREb_eMNXASxjFfx	UCu8ii0rMmMqxUse8pxMMKJg	ym 2020s early mb albums p1
Seeker	Carbon Based Lifeforms	Seeker	INDIFFERENT	XJzauHc0i74	MPREb_eMNXASxjFfx	UCu8ii0rMmMqxUse8pxMMKJg	ym 2020s early mb albums p1
Rymden3000	Carbon Based Lifeforms	Seeker	INDIFFERENT	6OetY6_LL6Y	MPREb_eMNXASxjFfx	UCu8ii0rMmMqxUse8pxMMKJg	ym 2020s early mb albums p1
Nukleator	Carbon Based Lifeforms	Seeker	INDIFFERENT	uM2327Tvaas	MPREb_eMNXASxjFfx	UCu8ii0rMmMqxUse8pxMMKJg	ym 2020s early mb albums p1
Gone	Carbon Based Lifeforms	Seeker	INDIFFERENT	kNm1eASsK_U	MPREb_eMNXASxjFfx	UCu8ii0rMmMqxUse8pxMMKJg	ym 2020s early mb albums p1
Fauna	Carbon Based Lifeforms	Seeker	INDIFFERENT	40mM-wgawJk	MPREb_eMNXASxjFfx	UCu8ii0rMmMqxUse8pxMMKJg	ym 2020s early mb albums p1
Departed	Carbon Based Lifeforms	Seeker	INDIFFERENT	RPUy_XiX930	MPREb_eMNXASxjFfx	UCu8ii0rMmMqxUse8pxMMKJg	ym 2020s early mb albums p1
Bloom, Pt. 2	Carbon Based Lifeforms	Seeker	INDIFFERENT	AKOwxG5RbO8	MPREb_eMNXASxjFfx	UCu8ii0rMmMqxUse8pxMMKJg	ym 2020s early mb albums p1
Bloom, Pt. 1	Carbon Based Lifeforms	Seeker	INDIFFERENT	qK1Bh7ZPncw	MPREb_eMNXASxjFfx	UCu8ii0rMmMqxUse8pxMMKJg	ym 2020s early mb albums p1
...and On	Carbon Based Lifeforms	Seeker	INDIFFERENT	PIIW4bZXqR4	MPREb_eMNXASxjFfx	UCu8ii0rMmMqxUse8pxMMKJg	ym 2020s early mb albums p1
What's With You Lately	Car Seat Headrest	Making a Door Less Open	INDIFFERENT	jFna_kEqhus	MPREb_edEGaXajAOW	UC97xosBrQZ7jdWVFInndIDg	ym 2020s early mb albums p1
Weightlifters	Car Seat Headrest	Making a Door Less Open	INDIFFERENT	Gjwgeya-P34	MPREb_edEGaXajAOW	UC97xosBrQZ7jdWVFInndIDg	ym 2020s early mb albums p1
Martin	Car Seat Headrest	Making a Door Less Open	INDIFFERENT	4u_HXg-HBfY	MPREb_edEGaXajAOW	UC97xosBrQZ7jdWVFInndIDg	ym 2020s early mb albums p1
Life Worth Missing	Car Seat Headrest	Making a Door Less Open	INDIFFERENT	IKQ09dij4E0	MPREb_edEGaXajAOW	UC97xosBrQZ7jdWVFInndIDg	ym 2020s early mb albums p1
Hymn (Remix)	Car Seat Headrest	Making a Door Less Open	INDIFFERENT	xmYknr5uRWY	MPREb_edEGaXajAOW	UC97xosBrQZ7jdWVFInndIDg	ym 2020s early mb albums p1
Hollywood	Car Seat Headrest	Making a Door Less Open	INDIFFERENT	mw1v8mqu9iM	MPREb_edEGaXajAOW	UC97xosBrQZ7jdWVFInndIDg	ym 2020s early mb albums p1
Weightlifters (Live at Brooklyn Steel)	Car Seat Headrest	Faces From The Masquerade	INDIFFERENT	384Qd46j1Qk	MPREb_WRPQF01LFIF	UC97xosBrQZ7jdWVFInndIDg	ym 2020s early mb albums p1
Something Soon (Live at Brooklyn Steel)	Car Seat Headrest	Faces From The Masquerade	INDIFFERENT	h6JGV5ihQwk	MPREb_WRPQF01LFIF	UC97xosBrQZ7jdWVFInndIDg	ym 2020s early mb albums p1
Sober to Death (Live at Brooklyn Steel)	Car Seat Headrest	Faces From The Masquerade	INDIFFERENT	o-Yyg_mGADM	MPREb_WRPQF01LFIF	UC97xosBrQZ7jdWVFInndIDg	ym 2020s early mb albums p1
It's My Child (I'll Do What I Like) (Live at Brooklyn Steel)	Car Seat Headrest	Faces From The Masquerade	INDIFFERENT	8E7sY8VLzjU	MPREb_WRPQF01LFIF	UC97xosBrQZ7jdWVFInndIDg	ym 2020s early mb albums p1
Hymn (Live at Brooklyn Steel)	Car Seat Headrest	Faces From The Masquerade	INDIFFERENT	Ho39zzd4_5g	MPREb_WRPQF01LFIF	UC97xosBrQZ7jdWVFInndIDg	ym 2020s early mb albums p1
Hollywood (Live at Brooklyn Steel)	Car Seat Headrest	Faces From The Masquerade	INDIFFERENT	0uVbFrwgSLk	MPREb_WRPQF01LFIF	UC97xosBrQZ7jdWVFInndIDg	ym 2020s early mb albums p1
Fill In The Blank (Live at Brooklyn Steel)	Car Seat Headrest	Faces From The Masquerade	INDIFFERENT	g8tJV6Arm1g	MPREb_WRPQF01LFIF	UC97xosBrQZ7jdWVFInndIDg	ym 2020s early mb albums p1
Drunk Drivers/Killer Whales (Live at Brooklyn Steel)	Car Seat Headrest	Faces From The Masquerade	INDIFFERENT	A44DbC7c2J4	MPREb_WRPQF01LFIF	UC97xosBrQZ7jdWVFInndIDg	ym 2020s early mb albums p1
Deadlines (Live at Brooklyn Steel)	Car Seat Headrest	Faces From The Masquerade	INDIFFERENT	o5u5OHtp0uU	MPREb_WRPQF01LFIF	UC97xosBrQZ7jdWVFInndIDg	ym 2020s early mb albums p1
Crows (Live at Brooklyn Steel)	Car Seat Headrest	Faces From The Masquerade	INDIFFERENT	NC609KCJFys	MPREb_WRPQF01LFIF	UC97xosBrQZ7jdWVFInndIDg	ym 2020s early mb albums p1
Bodys (Live at Brooklyn Steel)	Car Seat Headrest	Faces From The Masquerade	INDIFFERENT	EbE42-lROAY	MPREb_WRPQF01LFIF	UC97xosBrQZ7jdWVFInndIDg	ym 2020s early mb albums p1
Beach Life-In-Death (Live at Brooklyn Steel)	Car Seat Headrest	Faces From The Masquerade	INDIFFERENT	i_exNKqVwA0	MPREb_WRPQF01LFIF	UC97xosBrQZ7jdWVFInndIDg	ym 2020s early mb albums p1
1937 State Park (Live at Brooklyn Steel)	Car Seat Headrest	Faces From The Masquerade	INDIFFERENT	6Hb7HenifBE	MPREb_WRPQF01LFIF	UC97xosBrQZ7jdWVFInndIDg	ym 2020s early mb albums p1
Wandering Mind	Caoilfhionn Rose	Constellation	INDIFFERENT	LWar9BuMVxI	MPREb_9aeQ77IQ4Nn	UCPP4wvkUVaklbnJAW5iCKAA	ym 2020s early mb albums p1
Simple	Caoilfhionn Rose	Constellation	INDIFFERENT	06vPc3hLtZo	MPREb_9aeQ77IQ4Nn	UCPP4wvkUVaklbnJAW5iCKAA	ym 2020s early mb albums p1
Rainfall	Caoilfhionn Rose	Constellation	INDIFFERENT	o7f5-D2xU6k	MPREb_9aeQ77IQ4Nn	UCPP4wvkUVaklbnJAW5iCKAA	ym 2020s early mb albums p1
Momentary	Caoilfhionn Rose	Constellation	INDIFFERENT	2TxfOHGI1rA	MPREb_9aeQ77IQ4Nn	UCPP4wvkUVaklbnJAW5iCKAA	ym 2020s early mb albums p1
Josephine	Caoilfhionn Rose	Constellation	INDIFFERENT	lalaVN6oI8Q	MPREb_9aeQ77IQ4Nn	UCPP4wvkUVaklbnJAW5iCKAA	ym 2020s early mb albums p1
Into Sky	Caoilfhionn Rose	Constellation	INDIFFERENT	458QW4gk0ys	MPREb_9aeQ77IQ4Nn	UCPP4wvkUVaklbnJAW5iCKAA	ym 2020s early mb albums p1
Fall into Place	Caoilfhionn Rose	Constellation	INDIFFERENT	Z3IRVCMjPME	MPREb_9aeQ77IQ4Nn	UCPP4wvkUVaklbnJAW5iCKAA	ym 2020s early mb albums p1
Drifting Dust	Caoilfhionn Rose	Constellation	INDIFFERENT	uFn4HvJgIvs	MPREb_9aeQ77IQ4Nn	UCPP4wvkUVaklbnJAW5iCKAA	ym 2020s early mb albums p1
Constellation	Caoilfhionn Rose	Constellation	INDIFFERENT	EpJDCsgqJTY	MPREb_9aeQ77IQ4Nn	UCPP4wvkUVaklbnJAW5iCKAA	ym 2020s early mb albums p1
A Light in the Middle	Caoilfhionn Rose	Constellation	INDIFFERENT	dBEDPMUYM_I	MPREb_9aeQ77IQ4Nn	UCPP4wvkUVaklbnJAW5iCKAA	ym 2020s early mb albums p1
Time To Breathe	Calibre & Cimone	Feeling Normal	INDIFFERENT	K40qObSwcfk	MPREb_6htD7qCcFDk		ym 2020s early mb albums p1
Wrong	Calibre	Feeling Normal	INDIFFERENT	_J2Ki4WQR20	MPREb_6htD7qCcFDk	UC48r7vjqthkREf6NdoNEzww	ym 2020s early mb albums p1
Say Enough	Calibre	Feeling Normal	INDIFFERENT	r4e0Soxsb1I	MPREb_6htD7qCcFDk	UC48r7vjqthkREf6NdoNEzww	ym 2020s early mb albums p1
Regular Bull	Calibre	Feeling Normal	INDIFFERENT	s4u-30xoE1M	MPREb_6htD7qCcFDk	UC48r7vjqthkREf6NdoNEzww	ym 2020s early mb albums p1
Predictable	Calibre	Feeling Normal	INDIFFERENT	BP4cWz7Y--k	MPREb_6htD7qCcFDk	UC48r7vjqthkREf6NdoNEzww	ym 2020s early mb albums p1
Miami	Calibre	Feeling Normal	INDIFFERENT	2rlFmY0T28w	MPREb_6htD7qCcFDk	UC48r7vjqthkREf6NdoNEzww	ym 2020s early mb albums p1
Man Got Sandwich	Calibre	Feeling Normal	INDIFFERENT	pYxDj6-JnbM	MPREb_6htD7qCcFDk	UC48r7vjqthkREf6NdoNEzww	ym 2020s early mb albums p1
Has To Happen	Calibre	Feeling Normal	INDIFFERENT	KU7qHDt-Auc	MPREb_6htD7qCcFDk	UC48r7vjqthkREf6NdoNEzww	ym 2020s early mb albums p1
Good Times	Calibre	Feeling Normal	INDIFFERENT	FQsORnzCzHo	MPREb_6htD7qCcFDk	UC48r7vjqthkREf6NdoNEzww	ym 2020s early mb albums p1
Feeling Normal	Calibre	Feeling Normal	INDIFFERENT	nNz-UxILnV0	MPREb_6htD7qCcFDk	UC48r7vjqthkREf6NdoNEzww	ym 2020s early mb albums p1
Change With Me	Calibre	Feeling Normal	INDIFFERENT	5k6asqRgV5U	MPREb_6htD7qCcFDk	UC48r7vjqthkREf6NdoNEzww	ym 2020s early mb albums p1
Barren	Calibre	Feeling Normal	INDIFFERENT	v6X1ToE5Qpo	MPREb_6htD7qCcFDk	UC48r7vjqthkREf6NdoNEzww	ym 2020s early mb albums p1
Badman	Calibre	Feeling Normal	INDIFFERENT	YIxDCiuJMf0	MPREb_6htD7qCcFDk	UC48r7vjqthkREf6NdoNEzww	ym 2020s early mb albums p1
Violent Delights	CHVRCHES	Screen Violence	INDIFFERENT	zqFS59fN3Z4	MPREb_QmZZ5ZfP3Up	UCvInFYiyeAJOGEjhqJnyaMA	ym 2020s early mb albums p1
Nightmares	CHVRCHES	Screen Violence	INDIFFERENT	W8UmGjCj7_Y	MPREb_QmZZ5ZfP3Up	UCvInFYiyeAJOGEjhqJnyaMA	ym 2020s early mb albums p1
Lullabies	CHVRCHES	Screen Violence	INDIFFERENT	umWlJC3PxrM	MPREb_QmZZ5ZfP3Up	UCvInFYiyeAJOGEjhqJnyaMA	ym 2020s early mb albums p1
How Not To Drown	CHVRCHES	Screen Violence	INDIFFERENT	UZRCWzFeKm0	MPREb_QmZZ5ZfP3Up	UCvInFYiyeAJOGEjhqJnyaMA	ym 2020s early mb albums p1
He Said She Said	CHVRCHES	Screen Violence	INDIFFERENT	OcEx2GwcE1s	MPREb_QmZZ5ZfP3Up	UCvInFYiyeAJOGEjhqJnyaMA	ym 2020s early mb albums p1
Good Girls	CHVRCHES	Screen Violence	INDIFFERENT	CtByQXda6ns	MPREb_QmZZ5ZfP3Up	UCvInFYiyeAJOGEjhqJnyaMA	ym 2020s early mb albums p1
Final Girl	CHVRCHES	Screen Violence	INDIFFERENT	sRKGfQ6I-4A	MPREb_QmZZ5ZfP3Up	UCvInFYiyeAJOGEjhqJnyaMA	ym 2020s early mb albums p1
California	CHVRCHES	Screen Violence	INDIFFERENT	KfJcFotnplE	MPREb_QmZZ5ZfP3Up	UCvInFYiyeAJOGEjhqJnyaMA	ym 2020s early mb albums p1
Better If You Don't	CHVRCHES	Screen Violence	INDIFFERENT	_4LrjDtihG4	MPREb_QmZZ5ZfP3Up	UCvInFYiyeAJOGEjhqJnyaMA	ym 2020s early mb albums p1
Asking for a Friend	CHVRCHES	Screen Violence	INDIFFERENT	obxo_4TS1yk	MPREb_QmZZ5ZfP3Up	UCvInFYiyeAJOGEjhqJnyaMA	ym 2020s early mb albums p1
welcome.WAV	CFCF	memoryland	INDIFFERENT	JcXhKGHtnFE	MPREb_MjtKi2WMD4X	UC0d789iQUeLjE-3bxinnzDw	ym 2020s early mb albums p1
suburbilude	CFCF	memoryland	INDIFFERENT	AWApdfn6moA	MPREb_MjtKi2WMD4X	UC0d789iQUeLjE-3bxinnzDw	ym 2020s early mb albums p1
i regret the jet-set	CFCF	memoryland	INDIFFERENT	YCjezizO7So	MPREb_MjtKi2WMD4X	UC0d789iQUeLjE-3bxinnzDw	ym 2020s early mb albums p1
dirty	CFCF	memoryland	INDIFFERENT	ue4tJWTVibM	MPREb_MjtKi2WMD4X	UC0d789iQUeLjE-3bxinnzDw	ym 2020s early mb albums p1
The Ultraviolet Room	CFCF	memoryland	INDIFFERENT	KgqG4lvLYI4	MPREb_MjtKi2WMD4X	UC0d789iQUeLjE-3bxinnzDw	ym 2020s early mb albums p1
Slippery Plastic Euphoric	CFCF	memoryland	INDIFFERENT	N6SZYVi5LOM	MPREb_MjtKi2WMD4X	UC0d789iQUeLjE-3bxinnzDw	ym 2020s early mb albums p1
Self Service 1999	CFCF	memoryland	INDIFFERENT	iDKqYASjbcQ	MPREb_MjtKi2WMD4X	UC0d789iQUeLjE-3bxinnzDw	ym 2020s early mb albums p1
Punksong	CFCF	memoryland	INDIFFERENT	vHQKjzgV41Y	MPREb_MjtKi2WMD4X	UC0d789iQUeLjE-3bxinnzDw	ym 2020s early mb albums p1
Nostalgic Body	CFCF	memoryland	INDIFFERENT	GwDvl1uIE9o	MPREb_MjtKi2WMD4X	UC0d789iQUeLjE-3bxinnzDw	ym 2020s early mb albums p1
Night/Day/Work/Home	CFCF	memoryland	INDIFFERENT	ji8ltqzAZ2M	MPREb_MjtKi2WMD4X	UC0d789iQUeLjE-3bxinnzDw	ym 2020s early mb albums p1
Model Castings (feat. No Joy)	CFCF	memoryland	INDIFFERENT	SyIk62ccwcY	MPREb_MjtKi2WMD4X	UC0d789iQUeLjE-3bxinnzDw	ym 2020s early mb albums p1
Life is Perfecto	CFCF	memoryland	INDIFFERENT	X3PEux71C1w	MPREb_MjtKi2WMD4X	UC0d789iQUeLjE-3bxinnzDw	ym 2020s early mb albums p1
Heaven (feat. Sarah Bonito)	CFCF	memoryland	INDIFFERENT	p-sc3-xRERI	MPREb_MjtKi2WMD4X	UC0d789iQUeLjE-3bxinnzDw	ym 2020s early mb albums p1
Gravure Idol	CFCF	memoryland	INDIFFERENT	RJg9GTaDCnM	MPREb_MjtKi2WMD4X	UC0d789iQUeLjE-3bxinnzDw	ym 2020s early mb albums p1
End — Curve of Forgetting	CFCF	memoryland	INDIFFERENT	yGiB6VG53mI	MPREb_MjtKi2WMD4X	UC0d789iQUeLjE-3bxinnzDw	ym 2020s early mb albums p1
After the After	CFCF	memoryland	INDIFFERENT	0IHUcbnaQAc	MPREb_MjtKi2WMD4X	UC0d789iQUeLjE-3bxinnzDw	ym 2020s early mb albums p1
Wheels Up (feat. Sierra Hull & Molly Tuttle)	Béla Fleck	My Bluegrass Heart	INDIFFERENT	GQvjgQrNUGs	MPREb_wqzwvXxj2Hy	UCMGaDk8IP3a8q0Gq1tBXjDg	ym 2020s early mb albums p1
Vertigo (feat. Sam Bush, Bryan Sutton, Edgar Meyer & Stuart Duncan)	Béla Fleck	My Bluegrass Heart	INDIFFERENT	CLSkIjLGEM0	MPREb_wqzwvXxj2Hy	UCMGaDk8IP3a8q0Gq1tBXjDg	ym 2020s early mb albums p1
Us Chickens	Béla Fleck	My Bluegrass Heart	INDIFFERENT	DQBjf21eGc0	MPREb_wqzwvXxj2Hy	UCMGaDk8IP3a8q0Gq1tBXjDg	ym 2020s early mb albums p1
This Old Road (feat. David Grisman & Billy Strings)	Béla Fleck	My Bluegrass Heart	INDIFFERENT	XrfLEt9-LAU	MPREb_wqzwvXxj2Hy	UCMGaDk8IP3a8q0Gq1tBXjDg	ym 2020s early mb albums p1
The Old North Woods	Béla Fleck	My Bluegrass Heart	INDIFFERENT	xWOyPSQgDXw	MPREb_wqzwvXxj2Hy	UCMGaDk8IP3a8q0Gq1tBXjDg	ym 2020s early mb albums p1
Sour Grapes	Béla Fleck	My Bluegrass Heart	INDIFFERENT	2_uSVPawc-4	MPREb_wqzwvXxj2Hy	UCMGaDk8IP3a8q0Gq1tBXjDg	ym 2020s early mb albums p1
Round Rock (feat. Michael Cleveland & Jerry Douglas)	Béla Fleck	My Bluegrass Heart	INDIFFERENT	6uF1Em-yKmo	MPREb_wqzwvXxj2Hy	UCMGaDk8IP3a8q0Gq1tBXjDg	ym 2020s early mb albums p1
Psalm 136 (feat. Chris Thile)	Béla Fleck	My Bluegrass Heart	INDIFFERENT	IXi666MR7vQ	MPREb_wqzwvXxj2Hy	UCMGaDk8IP3a8q0Gq1tBXjDg	ym 2020s early mb albums p1
Our Little Secret	Béla Fleck	My Bluegrass Heart	INDIFFERENT	2nwDL1amctA	MPREb_wqzwvXxj2Hy	UCMGaDk8IP3a8q0Gq1tBXjDg	ym 2020s early mb albums p1
Hunter's Moon	Béla Fleck	My Bluegrass Heart	INDIFFERENT	1QuEPf7nIZc	MPREb_wqzwvXxj2Hy	UCMGaDk8IP3a8q0Gq1tBXjDg	ym 2020s early mb albums p1
Hunky Dory	Béla Fleck	My Bluegrass Heart	INDIFFERENT	G9KaBFgT1Ho	MPREb_wqzwvXxj2Hy	UCMGaDk8IP3a8q0Gq1tBXjDg	ym 2020s early mb albums p1
Hug Point (feat. Sierra Hull & Molly Tuttle)	Béla Fleck	My Bluegrass Heart	INDIFFERENT	xtN5qkgVAVo	MPREb_wqzwvXxj2Hy	UCMGaDk8IP3a8q0Gq1tBXjDg	ym 2020s early mb albums p1
Bum's Rush (feat. Sam Bush, Bryan Sutton, Edgar Meyer & Jerry Douglas)	Béla Fleck	My Bluegrass Heart	INDIFFERENT	VvBD_QGaCJY	MPREb_wqzwvXxj2Hy	UCMGaDk8IP3a8q0Gq1tBXjDg	ym 2020s early mb albums p1
Baptist Pumpkin Farm	Béla Fleck	My Bluegrass Heart	INDIFFERENT	0I0Zg0u9q64	MPREb_wqzwvXxj2Hy	UCMGaDk8IP3a8q0Gq1tBXjDg	ym 2020s early mb albums p1
Vámono	Buscabulla	Regresa	INDIFFERENT	i-4y3sAqdy4	MPREb_zTvpztyV8yH	UCEGh-fzuh-setDHbGA1J0aw	ym 2020s early mb albums p1
Volta	Buscabulla	Regresa	INDIFFERENT	kf3LQu8g28M	MPREb_zTvpztyV8yH	UCEGh-fzuh-setDHbGA1J0aw	ym 2020s early mb albums p1
Ta Que Tiembla	Buscabulla	Regresa	INDIFFERENT	Qz9-lNNPJVE	MPREb_zTvpztyV8yH	UCEGh-fzuh-setDHbGA1J0aw	ym 2020s early mb albums p1
No Sabemos	Buscabulla	Regresa	INDIFFERENT	eLRKbQP5E8E	MPREb_zTvpztyV8yH	UCEGh-fzuh-setDHbGA1J0aw	ym 2020s early mb albums p1
Mío	Buscabulla	Regresa	INDIFFERENT	CTjt8v_hv0I	MPREb_zTvpztyV8yH	UCEGh-fzuh-setDHbGA1J0aw	ym 2020s early mb albums p1
Manda Fuego	Buscabulla	Regresa	INDIFFERENT	BgNCyOMNtOQ	MPREb_zTvpztyV8yH	UCEGh-fzuh-setDHbGA1J0aw	ym 2020s early mb albums p1
La Fiebre	Buscabulla	Regresa	INDIFFERENT	jykXgn1NeGU	MPREb_zTvpztyV8yH	UCEGh-fzuh-setDHbGA1J0aw	ym 2020s early mb albums p1
El Aprieto	Buscabulla	Regresa	INDIFFERENT	iMgaREHnsJ8	MPREb_zTvpztyV8yH	UCEGh-fzuh-setDHbGA1J0aw	ym 2020s early mb albums p1
Club Tú y Yo	Buscabulla	Regresa	INDIFFERENT	gDAjZp8Nakc	MPREb_zTvpztyV8yH	UCEGh-fzuh-setDHbGA1J0aw	ym 2020s early mb albums p1
Hospital Chapel	Burial	Streetlands EP	INDIFFERENT	nAky9-2hnMI	MPREb_1QJIq3KmFqP	UCQcNEJM-RtTiomfm8Avt5UQ	ym 2020s early mb albums p1
Exokind	Burial	Streetlands EP	INDIFFERENT	hxYYyE5dT7w	MPREb_1QJIq3KmFqP	UCQcNEJM-RtTiomfm8Avt5UQ	ym 2020s early mb albums p1
Upstairs Flat	Burial	Antidawn EP	INDIFFERENT	hXRama6MqSI	MPREb_Ogb6izgbXr1	UCQcNEJM-RtTiomfm8Avt5UQ	ym 2020s early mb albums p1
New Love	Burial	Antidawn EP	INDIFFERENT	FTgjN7kEwcI	MPREb_Ogb6izgbXr1	UCQcNEJM-RtTiomfm8Avt5UQ	ym 2020s early mb albums p1
Antidawn	Burial	Antidawn EP	INDIFFERENT	ZCIsWBHjzHQ	MPREb_Ogb6izgbXr1	UCQcNEJM-RtTiomfm8Avt5UQ	ym 2020s early mb albums p1
World_train	Bullion & Charlotte Adigéry	Affection	INDIFFERENT	ttiBXakjN-M	MPREb_xBu4iFqD6j1		ym 2020s early mb albums p1
Your Father	Bullion	Affection	INDIFFERENT	S7YkD4JpQ20	MPREb_xBu4iFqD6j1	UCk3yT5F6yXwD5Wq9aq28slQ	ym 2020s early mb albums p1
The Flooding	Bullion	Affection	INDIFFERENT	SVxMfGfeGJM	MPREb_xBu4iFqD6j1	UCk3yT5F6yXwD5Wq9aq28slQ	ym 2020s early mb albums p1
Rare	Bullion	Affection	INDIFFERENT	OggeyD5qb28	MPREb_xBu4iFqD6j1	UCk3yT5F6yXwD5Wq9aq28slQ	ym 2020s early mb albums p1
Open Hands	Bullion	Affection	INDIFFERENT	JmyY2j2SkV0	MPREb_xBu4iFqD6j1	UCk3yT5F6yXwD5Wq9aq28slQ	ym 2020s early mb albums p1
Once, In a Borrowed Car	Bullion	Affection	INDIFFERENT	Ra-FfP-DnME	MPREb_xBu4iFqD6j1	UCk3yT5F6yXwD5Wq9aq28slQ	ym 2020s early mb albums p1
Hard To Do	Bullion	Affection	INDIFFERENT	5Jxu25yer5M	MPREb_xBu4iFqD6j1	UCk3yT5F6yXwD5Wq9aq28slQ	ym 2020s early mb albums p1
Cinch	Bullion	Affection	INDIFFERENT	tJIV7eISC2Y	MPREb_xBu4iFqD6j1	UCk3yT5F6yXwD5Wq9aq28slQ	ym 2020s early mb albums p1
Cavalier	Bullion	Affection	INDIFFERENT	7LR8tIQ0M4Q	MPREb_xBu4iFqD6j1	UCk3yT5F6yXwD5Wq9aq28slQ	ym 2020s early mb albums p1
Affection	Bullion	Affection	INDIFFERENT	dtLE56xhwls	MPREb_xBu4iFqD6j1	UCk3yT5F6yXwD5Wq9aq28slQ	ym 2020s early mb albums p1
A City’s Never	Bullion	Affection	INDIFFERENT	17Io-vAT2hc	MPREb_xBu4iFqD6j1	UCk3yT5F6yXwD5Wq9aq28slQ	ym 2020s early mb albums p1
40 Waves	Bullion	Affection	INDIFFERENT	wzpokZsL8wo	MPREb_xBu4iFqD6j1	UCk3yT5F6yXwD5Wq9aq28slQ	ym 2020s early mb albums p1
Vinny Veddeci	Bubka	Epi Zenn	INDIFFERENT	vQ_Rfsu2cxQ	MPREb_lbTSvL8QfHe	UCx8HKijC-GyxjLHTfTls1NA	ym 2020s early mb albums p1
Smookie and the Beast	Bubka	Epi Zenn	INDIFFERENT	WremjKMfcuE	MPREb_lbTSvL8QfHe	UCx8HKijC-GyxjLHTfTls1NA	ym 2020s early mb albums p1
Prideedta	Bubka	Epi Zenn	INDIFFERENT	ZPWciBpY8tE	MPREb_lbTSvL8QfHe	UCx8HKijC-GyxjLHTfTls1NA	ym 2020s early mb albums p1
Fantomas Staccato	Bubka	Epi Zenn	INDIFFERENT	FrL2kaWpLe0	MPREb_lbTSvL8QfHe	UCx8HKijC-GyxjLHTfTls1NA	ym 2020s early mb albums p1
Eureka 83	Bubka	Epi Zenn	INDIFFERENT	hxays1KD6EE	MPREb_lbTSvL8QfHe	UCx8HKijC-GyxjLHTfTls1NA	ym 2020s early mb albums p1
Epi Senn Zen	Bubka	Epi Zenn	INDIFFERENT	LbuTQWll1gk	MPREb_lbTSvL8QfHe	UCx8HKijC-GyxjLHTfTls1NA	ym 2020s early mb albums p1
Bed`n`Belfast	Bubka	Epi Zenn	INDIFFERENT	ow20gccFZG8	MPREb_lbTSvL8QfHe	UCx8HKijC-GyxjLHTfTls1NA	ym 2020s early mb albums p1
Ugly	Bubble Love	Bubble Love	INDIFFERENT	J3rUbd-LIXY	MPREb_IdDe0pyqvwO	UCa7HgVuBlcSq8YNhlz-Zg-Q	ym 2020s early mb albums p1
Push Me	Bubble Love	Bubble Love	INDIFFERENT	kb8f97owLxs	MPREb_IdDe0pyqvwO	UCa7HgVuBlcSq8YNhlz-Zg-Q	ym 2020s early mb albums p1
Lift Up Your Head	Bubble Love	Bubble Love	INDIFFERENT	F0cwWjQmKNc	MPREb_IdDe0pyqvwO	UCa7HgVuBlcSq8YNhlz-Zg-Q	ym 2020s early mb albums p1
Faceless	Bubble Love	Bubble Love	INDIFFERENT	DRXZAiFMGEE	MPREb_IdDe0pyqvwO	UCa7HgVuBlcSq8YNhlz-Zg-Q	ym 2020s early mb albums p1
Double Caper	Bubble Love	Bubble Love	INDIFFERENT	jqNmCj98gGU	MPREb_IdDe0pyqvwO	UCa7HgVuBlcSq8YNhlz-Zg-Q	ym 2020s early mb albums p1
Close Your Eyes (feat. Cameo Blush)	Bubble Love	Bubble Love	INDIFFERENT	r2BX9fswy8M	MPREb_IdDe0pyqvwO	UCa7HgVuBlcSq8YNhlz-Zg-Q	ym 2020s early mb albums p1
Where Are You?	Broadcast	Spell Blanket - Collected Demos 2006 - 2009	INDIFFERENT	ug_kpyU_iXg	MPREb_gSUYeNy4W2s	UCDggJrcSehoG8n7qepc9LCA	ym 2020s early mb albums p1
Tunnel View	Broadcast	Spell Blanket - Collected Demos 2006 - 2009	INDIFFERENT	-AT8BPQbH1Q	MPREb_gSUYeNy4W2s	UCDggJrcSehoG8n7qepc9LCA	ym 2020s early mb albums p1
The Song Before The Song Comes Out	Broadcast	Spell Blanket - Collected Demos 2006 - 2009	INDIFFERENT	KsbmCNCiwR8	MPREb_gSUYeNy4W2s	UCDggJrcSehoG8n7qepc9LCA	ym 2020s early mb albums p1
The Games You Play	Broadcast	Spell Blanket - Collected Demos 2006 - 2009	INDIFFERENT	-b0RT0aoGAU	MPREb_gSUYeNy4W2s	UCDggJrcSehoG8n7qepc9LCA	ym 2020s early mb albums p1
The Clock Is On Fire	Broadcast	Spell Blanket - Collected Demos 2006 - 2009	INDIFFERENT	18bzzhX4Gl0	MPREb_gSUYeNy4W2s	UCDggJrcSehoG8n7qepc9LCA	ym 2020s early mb albums p1
Tell Table	Broadcast	Spell Blanket - Collected Demos 2006 - 2009	INDIFFERENT	n2uohSVvl6Y	MPREb_gSUYeNy4W2s	UCDggJrcSehoG8n7qepc9LCA	ym 2020s early mb albums p1
Spirit House	Broadcast	Spell Blanket - Collected Demos 2006 - 2009	INDIFFERENT	8KQ46ReTu0E	MPREb_gSUYeNy4W2s	UCDggJrcSehoG8n7qepc9LCA	ym 2020s early mb albums p1
Sleeping Bed	Broadcast	Spell Blanket - Collected Demos 2006 - 2009	INDIFFERENT	YWyJzu5KATc	MPREb_gSUYeNy4W2s	UCDggJrcSehoG8n7qepc9LCA	ym 2020s early mb albums p1
Singing Game	Broadcast	Spell Blanket - Collected Demos 2006 - 2009	INDIFFERENT	YUVjT9r5u5c	MPREb_gSUYeNy4W2s	UCDggJrcSehoG8n7qepc9LCA	ym 2020s early mb albums p1
Running Back To Me	Broadcast	Spell Blanket - Collected Demos 2006 - 2009	INDIFFERENT	0iGDgUkn0l8	MPREb_gSUYeNy4W2s	UCDggJrcSehoG8n7qepc9LCA	ym 2020s early mb albums p1
Roses Red	Broadcast	Spell Blanket - Collected Demos 2006 - 2009	INDIFFERENT	-mOUwKl8CQg	MPREb_gSUYeNy4W2s	UCDggJrcSehoG8n7qepc9LCA	ym 2020s early mb albums p1
Puzzle	Broadcast	Spell Blanket - Collected Demos 2006 - 2009	INDIFFERENT	p7o-khQYS70	MPREb_gSUYeNy4W2s	UCDggJrcSehoG8n7qepc9LCA	ym 2020s early mb albums p1
Petal Alphabet	Broadcast	Spell Blanket - Collected Demos 2006 - 2009	INDIFFERENT	EIC6WkNzI74	MPREb_gSUYeNy4W2s	UCDggJrcSehoG8n7qepc9LCA	ym 2020s early mb albums p1
My Marble Eye	Broadcast	Spell Blanket - Collected Demos 2006 - 2009	INDIFFERENT	WZluUsN0jZA	MPREb_gSUYeNy4W2s	UCDggJrcSehoG8n7qepc9LCA	ym 2020s early mb albums p1
My Body	Broadcast	Spell Blanket - Collected Demos 2006 - 2009	INDIFFERENT	HIy1Fh-67d8	MPREb_gSUYeNy4W2s	UCDggJrcSehoG8n7qepc9LCA	ym 2020s early mb albums p1
Mother Plays Games	Broadcast	Spell Blanket - Collected Demos 2006 - 2009	INDIFFERENT	kMg8l70oojI	MPREb_gSUYeNy4W2s	UCDggJrcSehoG8n7qepc9LCA	ym 2020s early mb albums p1
March Of The Fleas	Broadcast	Spell Blanket - Collected Demos 2006 - 2009	INDIFFERENT	CdyaIrZkfRk	MPREb_gSUYeNy4W2s	UCDggJrcSehoG8n7qepc9LCA	ym 2020s early mb albums p1
Luminous Image	Broadcast	Spell Blanket - Collected Demos 2006 - 2009	INDIFFERENT	ghLLAteh7ds	MPREb_gSUYeNy4W2s	UCDggJrcSehoG8n7qepc9LCA	ym 2020s early mb albums p1
Join In Together	Broadcast	Spell Blanket - Collected Demos 2006 - 2009	INDIFFERENT	qsRAchqiBFE	MPREb_gSUYeNy4W2s	UCDggJrcSehoG8n7qepc9LCA	ym 2020s early mb albums p1
Infant Girl	Broadcast	Spell Blanket - Collected Demos 2006 - 2009	INDIFFERENT	N7RVcUq1pac	MPREb_gSUYeNy4W2s	UCDggJrcSehoG8n7qepc9LCA	ym 2020s early mb albums p1
I Want To Be Fine	Broadcast	Spell Blanket - Collected Demos 2006 - 2009	INDIFFERENT	0t0DowqvUtM	MPREb_gSUYeNy4W2s	UCDggJrcSehoG8n7qepc9LCA	ym 2020s early mb albums p1
I Run In Dreams	Broadcast	Spell Blanket - Collected Demos 2006 - 2009	INDIFFERENT	dQ2PLJPTZEU	MPREb_gSUYeNy4W2s	UCDggJrcSehoG8n7qepc9LCA	ym 2020s early mb albums p1
I Blink You Blink	Broadcast	Spell Blanket - Collected Demos 2006 - 2009	INDIFFERENT	7RvEF4Eornw	MPREb_gSUYeNy4W2s	UCDggJrcSehoG8n7qepc9LCA	ym 2020s early mb albums p1
I Am The Bridge	Broadcast	Spell Blanket - Collected Demos 2006 - 2009	INDIFFERENT	v2l2SjAS-4k	MPREb_gSUYeNy4W2s	UCDggJrcSehoG8n7qepc9LCA	ym 2020s early mb albums p1
Hip Bone To Hip Bone	Broadcast	Spell Blanket - Collected Demos 2006 - 2009	INDIFFERENT	4yqawji1vS0	MPREb_gSUYeNy4W2s	UCDggJrcSehoG8n7qepc9LCA	ym 2020s early mb albums p1
Heartbeat	Broadcast	Spell Blanket - Collected Demos 2006 - 2009	INDIFFERENT	rlFmRXpiOz0	MPREb_gSUYeNy4W2s	UCDggJrcSehoG8n7qepc9LCA	ym 2020s early mb albums p1
Hairpin Memories	Broadcast	Spell Blanket - Collected Demos 2006 - 2009	INDIFFERENT	lMGZdyKB4Pg	MPREb_gSUYeNy4W2s	UCDggJrcSehoG8n7qepc9LCA	ym 2020s early mb albums p1
Grey Grey Skies	Broadcast	Spell Blanket - Collected Demos 2006 - 2009	INDIFFERENT	1vSfRJeBkKM	MPREb_gSUYeNy4W2s	UCDggJrcSehoG8n7qepc9LCA	ym 2020s early mb albums p1
Greater Than Joy	Broadcast	Spell Blanket - Collected Demos 2006 - 2009	INDIFFERENT	yleRkaCaYHk	MPREb_gSUYeNy4W2s	UCDggJrcSehoG8n7qepc9LCA	ym 2020s early mb albums p1
Follow The Light	Broadcast	Spell Blanket - Collected Demos 2006 - 2009	INDIFFERENT	2LeAahZSZ5E	MPREb_gSUYeNy4W2s	UCDggJrcSehoG8n7qepc9LCA	ym 2020s early mb albums p1
Fatherly Veil	Broadcast	Spell Blanket - Collected Demos 2006 - 2009	INDIFFERENT	FSeECP7HzU8	MPREb_gSUYeNy4W2s	UCDggJrcSehoG8n7qepc9LCA	ym 2020s early mb albums p1
Dream Power	Broadcast	Spell Blanket - Collected Demos 2006 - 2009	INDIFFERENT	gV32zcY4ZHA	MPREb_gSUYeNy4W2s	UCDggJrcSehoG8n7qepc9LCA	ym 2020s early mb albums p1
Crone Motion	Broadcast	Spell Blanket - Collected Demos 2006 - 2009	INDIFFERENT	QmCDWEIbol4	MPREb_gSUYeNy4W2s	UCDggJrcSehoG8n7qepc9LCA	ym 2020s early mb albums p1
Colour In The Numbers	Broadcast	Spell Blanket - Collected Demos 2006 - 2009	INDIFFERENT	aJfyD2aHZpo	MPREb_gSUYeNy4W2s	UCDggJrcSehoG8n7qepc9LCA	ym 2020s early mb albums p1
Call Sign	Broadcast	Spell Blanket - Collected Demos 2006 - 2009	INDIFFERENT	hGK6qw8tZ20	MPREb_gSUYeNy4W2s	UCDggJrcSehoG8n7qepc9LCA	ym 2020s early mb albums p1
A Little Light	Broadcast	Spell Blanket - Collected Demos 2006 - 2009	INDIFFERENT	GUzVngSfQwk	MPREb_gSUYeNy4W2s	UCDggJrcSehoG8n7qepc9LCA	ym 2020s early mb albums p1
Where Youth And Laughter Go [Demo]	Broadcast	Distant Call - Collected Demos 2000 - 2006	INDIFFERENT	eoSgoHE033M	MPREb_BwaNJry59bH	UCDggJrcSehoG8n7qepc9LCA	ym 2020s early mb albums p1
Valerie [Demo]	Broadcast	Distant Call - Collected Demos 2000 - 2006	INDIFFERENT	hclnOoFzJvQ	MPREb_BwaNJry59bH	UCDggJrcSehoG8n7qepc9LCA	ym 2020s early mb albums p1
The Little Bell [Demo]	Broadcast	Distant Call - Collected Demos 2000 - 2006	INDIFFERENT	8ils1_9nRn8	MPREb_BwaNJry59bH	UCDggJrcSehoG8n7qepc9LCA	ym 2020s early mb albums p1
Tears In The Typing Pool [Demo]	Broadcast	Distant Call - Collected Demos 2000 - 2006	INDIFFERENT	wx5a70HA5zw	MPREb_BwaNJry59bH	UCDggJrcSehoG8n7qepc9LCA	ym 2020s early mb albums p1
Still Feels Like Tears [Demo]	Broadcast	Distant Call - Collected Demos 2000 - 2006	INDIFFERENT	AN1jdMPLoJY	MPREb_BwaNJry59bH	UCDggJrcSehoG8n7qepc9LCA	ym 2020s early mb albums p1
Poem Of A Dead Song [Demo]	Broadcast	Distant Call - Collected Demos 2000 - 2006	INDIFFERENT	LQbegu49lTI	MPREb_BwaNJry59bH	UCDggJrcSehoG8n7qepc9LCA	ym 2020s early mb albums p1
Please Call To Book [Demo]	Broadcast	Distant Call - Collected Demos 2000 - 2006	INDIFFERENT	kn7qD3R1yEI	MPREb_BwaNJry59bH	UCDggJrcSehoG8n7qepc9LCA	ym 2020s early mb albums p1
Pendulum [Demo]	Broadcast	Distant Call - Collected Demos 2000 - 2006	INDIFFERENT	061i-MxOFiM	MPREb_BwaNJry59bH	UCDggJrcSehoG8n7qepc9LCA	ym 2020s early mb albums p1
Ominous Cloud [Demo]	Broadcast	Distant Call - Collected Demos 2000 - 2006	INDIFFERENT	g3dQBnp7WJY	MPREb_BwaNJry59bH	UCDggJrcSehoG8n7qepc9LCA	ym 2020s early mb albums p1
O How I Miss You [Demo]	Broadcast	Distant Call - Collected Demos 2000 - 2006	INDIFFERENT	B_qwdBsAmYA	MPREb_BwaNJry59bH	UCDggJrcSehoG8n7qepc9LCA	ym 2020s early mb albums p1
Flame Left From The Sun [Demo]	Broadcast	Distant Call - Collected Demos 2000 - 2006	INDIFFERENT	nRIxQVRxXPo	MPREb_BwaNJry59bH	UCDggJrcSehoG8n7qepc9LCA	ym 2020s early mb albums p1
Distant Call [Demo]	Broadcast	Distant Call - Collected Demos 2000 - 2006	INDIFFERENT	sKOHep1es-I	MPREb_BwaNJry59bH	UCDggJrcSehoG8n7qepc9LCA	ym 2020s early mb albums p1
Come Back To Me [Demo]	Broadcast	Distant Call - Collected Demos 2000 - 2006	INDIFFERENT	FnjlEB3S7fc	MPREb_BwaNJry59bH	UCDggJrcSehoG8n7qepc9LCA	ym 2020s early mb albums p1
Colour Me In [Demo]	Broadcast	Distant Call - Collected Demos 2000 - 2006	INDIFFERENT	JJSBwY_Cc6M	MPREb_BwaNJry59bH	UCDggJrcSehoG8n7qepc9LCA	ym 2020s early mb albums p1
To Be Still	Brittany Howard	What Now	INDIFFERENT	wjO4hIv-GaA	MPREb_gzMGDdcojXj	UCMF8rspw2AAm0q4nqxD772A	ym 2020s early mb albums p1
Samson	Brittany Howard	What Now	INDIFFERENT	X10_lYTqqpU	MPREb_gzMGDdcojXj	UCMF8rspw2AAm0q4nqxD772A	ym 2020s early mb albums p1
Red Flags	Brittany Howard	What Now	INDIFFERENT	fTpSGprhFTk	MPREb_gzMGDdcojXj	UCMF8rspw2AAm0q4nqxD772A	ym 2020s early mb albums p1
Prove It To You	Brittany Howard	What Now	INDIFFERENT	WfE8RNLTOF8	MPREb_gzMGDdcojXj	UCMF8rspw2AAm0q4nqxD772A	ym 2020s early mb albums p1
Power To Undo	Brittany Howard	What Now	INDIFFERENT	Ostx58zRi70	MPREb_gzMGDdcojXj	UCMF8rspw2AAm0q4nqxD772A	ym 2020s early mb albums p1
Patience	Brittany Howard	What Now	INDIFFERENT	mHu-1cbSDDU	MPREb_gzMGDdcojXj	UCMF8rspw2AAm0q4nqxD772A	ym 2020s early mb albums p1
Interlude	Brittany Howard	What Now	INDIFFERENT	Sn_KsQIZewI	MPREb_gzMGDdcojXj	UCMF8rspw2AAm0q4nqxD772A	ym 2020s early mb albums p1
Every Color In Blue	Brittany Howard	What Now	INDIFFERENT	8gREpWpGmEE	MPREb_gzMGDdcojXj	UCMF8rspw2AAm0q4nqxD772A	ym 2020s early mb albums p1
Earth Sign	Brittany Howard	What Now	INDIFFERENT	XkE3VxtVNCg	MPREb_gzMGDdcojXj	UCMF8rspw2AAm0q4nqxD772A	ym 2020s early mb albums p1
Another Day	Brittany Howard	What Now	INDIFFERENT	OTOMdjWhLJY	MPREb_gzMGDdcojXj	UCMF8rspw2AAm0q4nqxD772A	ym 2020s early mb albums p1
You Said You Want To	British Murder Boys	Active Agents and House Boys	INDIFFERENT	C54ucRruOjk	MPREb_gSsUYznRMlt	UCjYNURg-MfX7vyS4XQ7UblA	ym 2020s early mb albums p1
We Will Show You	British Murder Boys	Active Agents and House Boys	INDIFFERENT	59jZRGH4j4I	MPREb_gSsUYznRMlt	UCjYNURg-MfX7vyS4XQ7UblA	ym 2020s early mb albums p1
This is a Calling	British Murder Boys	Active Agents and House Boys	INDIFFERENT	99MfrN8h4iM	MPREb_gSsUYznRMlt	UCjYNURg-MfX7vyS4XQ7UblA	ym 2020s early mb albums p1
Now, This is You	British Murder Boys	Active Agents and House Boys	INDIFFERENT	1okg7zbDavI	MPREb_gSsUYznRMlt	UCjYNURg-MfX7vyS4XQ7UblA	ym 2020s early mb albums p1
Killer I Said	British Murder Boys	Active Agents and House Boys	INDIFFERENT	AF4yuPx0OOo	MPREb_gSsUYznRMlt	UCjYNURg-MfX7vyS4XQ7UblA	ym 2020s early mb albums p1
Keep it Down	British Murder Boys	Active Agents and House Boys	INDIFFERENT	iLhfG0AGza0	MPREb_gSsUYznRMlt	UCjYNURg-MfX7vyS4XQ7UblA	ym 2020s early mb albums p1
It's what you hide	British Murder Boys	Active Agents and House Boys	INDIFFERENT	xh_IW5C9t7o	MPREb_gSsUYznRMlt	UCjYNURg-MfX7vyS4XQ7UblA	ym 2020s early mb albums p1
It's in the Heart	British Murder Boys	Active Agents and House Boys	INDIFFERENT	QNTL0F74Qjs	MPREb_gSsUYznRMlt	UCjYNURg-MfX7vyS4XQ7UblA	ym 2020s early mb albums p1
I Saw the Set Up Man	British Murder Boys	Active Agents and House Boys	INDIFFERENT	eumB80AcYok	MPREb_gSsUYznRMlt	UCjYNURg-MfX7vyS4XQ7UblA	ym 2020s early mb albums p1
Zerkalo	Boris	No	INDIFFERENT	CEFbnZlISSk	MPREb_kRyK0Dhgm8P	UCQw0ksJNGo4bMlj2EViW8LQ	ym 2020s early mb albums p1
Temple of Hatred	Boris	No	INDIFFERENT	8lWbpeoIzlI	MPREb_kRyK0Dhgm8P	UCQw0ksJNGo4bMlj2EViW8LQ	ym 2020s early mb albums p1
Non Blood Lore	Boris	No	INDIFFERENT	4hRmdDd03_U	MPREb_kRyK0Dhgm8P	UCQw0ksJNGo4bMlj2EViW8LQ	ym 2020s early mb albums p1
Lust	Boris	No	INDIFFERENT	9J6M96WXZGQ	MPREb_kRyK0Dhgm8P	UCQw0ksJNGo4bMlj2EViW8LQ	ym 2020s early mb albums p1
Loveless	Boris	No	INDIFFERENT	D7Vr8RjYvPo	MPREb_kRyK0Dhgm8P	UCQw0ksJNGo4bMlj2EViW8LQ	ym 2020s early mb albums p1
Kikinoue	Boris	No	INDIFFERENT	2JrvUzpnkug	MPREb_kRyK0Dhgm8P	UCQw0ksJNGo4bMlj2EViW8LQ	ym 2020s early mb albums p1
Interlude	Boris	No	INDIFFERENT	Q_Z5o5ycrt8	MPREb_kRyK0Dhgm8P	UCQw0ksJNGo4bMlj2EViW8LQ	ym 2020s early mb albums p1
Hxcxhxc	Boris	No	INDIFFERENT	slVJUSHAieE	MPREb_kRyK0Dhgm8P	UCQw0ksJNGo4bMlj2EViW8LQ	ym 2020s early mb albums p1
Genesis	Boris	No	INDIFFERENT	2oH7PbaqXWE	MPREb_kRyK0Dhgm8P	UCQw0ksJNGo4bMlj2EViW8LQ	ym 2020s early mb albums p1
Fundamental Erorr	Boris	No	INDIFFERENT	xMxF3n3gxvA	MPREb_kRyK0Dhgm8P	UCQw0ksJNGo4bMlj2EViW8LQ	ym 2020s early mb albums p1
Anti-Gone	Boris	No	INDIFFERENT	HLTBRq3SHVg	MPREb_kRyK0Dhgm8P	UCQw0ksJNGo4bMlj2EViW8LQ	ym 2020s early mb albums p1
Shadows (feat. Jordan Rakei)	Bonobo	Fragments	INDIFFERENT	QDDoGD-Rtec	MPREb_8RTEBZnp6F7	UCWBqhkfK4YT2OI3mJRQnNXg	ym 2020s early mb albums p1
Day by Day (feat. Kadhja Bonet)	Bonobo	Fragments	INDIFFERENT	hluSbS3iOtc	MPREb_8RTEBZnp6F7	UCWBqhkfK4YT2OI3mJRQnNXg	ym 2020s early mb albums p1
Counterpart	Bonobo	Fragments	INDIFFERENT	oVAob7n2sdo	MPREb_8RTEBZnp6F7	UCWBqhkfK4YT2OI3mJRQnNXg	ym 2020s early mb albums p1
The Roving (feat. Eric D. Johnson, Josh Kaufman & Anaïs Mitchell)	Bonny Light Horseman	Bonny Light Horseman	INDIFFERENT	Kli9aeEV2LY	MPREb_KEoWY2BEAx8	UC-O2r7CNfhRuHqgBnGFk5Kg	ym 2020s early mb albums p1
Mountain Rain (feat. Eric D. Johnson, Josh Kaufman & Anaïs Mitchell)	Bonny Light Horseman	Bonny Light Horseman	INDIFFERENT	URkdb1nftv0	MPREb_KEoWY2BEAx8	UC-O2r7CNfhRuHqgBnGFk5Kg	ym 2020s early mb albums p1
Magpie's Nest (feat. Eric D. Johnson, Josh Kaufman & Anaïs Mitchell)	Bonny Light Horseman	Bonny Light Horseman	INDIFFERENT	2yyicMYfdO0	MPREb_KEoWY2BEAx8	UC-O2r7CNfhRuHqgBnGFk5Kg	ym 2020s early mb albums p1
Lowlands (feat. Eric D. Johnson, Josh Kaufman & Anaïs Mitchell)	Bonny Light Horseman	Bonny Light Horseman	INDIFFERENT	PKZSsUeWCFE	MPREb_KEoWY2BEAx8	UC-O2r7CNfhRuHqgBnGFk5Kg	ym 2020s early mb albums p1
Jane Jane (feat. Eric D. Johnson, Josh Kaufman & Anaïs Mitchell)	Bonny Light Horseman	Bonny Light Horseman	INDIFFERENT	i2C-0Ub7qFk	MPREb_KEoWY2BEAx8	UC-O2r7CNfhRuHqgBnGFk5Kg	ym 2020s early mb albums p1
Deep In Love (feat. Eric D. Johnson, Josh Kaufman & Anaïs Mitchell)	Bonny Light Horseman	Bonny Light Horseman	INDIFFERENT	8-MWB6LrFvc	MPREb_KEoWY2BEAx8	UC-O2r7CNfhRuHqgBnGFk5Kg	ym 2020s early mb albums p1
Bright Morning Stars (feat. Justin Vernon, Eric D. Johnson, Josh Kaufman & Anaïs Mitchell)	Bonny Light Horseman	Bonny Light Horseman	INDIFFERENT	pVKvDp74BhE	MPREb_KEoWY2BEAx8	UC-O2r7CNfhRuHqgBnGFk5Kg	ym 2020s early mb albums p1
Bonny Light Horseman (feat. Eric D. Johnson, Josh Kaufman & Anaïs Mitchell)	Bonny Light Horseman	Bonny Light Horseman	INDIFFERENT	W1wbljqESwg	MPREb_KEoWY2BEAx8	UC-O2r7CNfhRuHqgBnGFk5Kg	ym 2020s early mb albums p1
Blackwaterside (feat. Eric D. Johnson, Josh Kaufman & Anaïs Mitchell)	Bonny Light Horseman	Bonny Light Horseman	INDIFFERENT	knHOC3pPJ0s	MPREb_KEoWY2BEAx8	UC-O2r7CNfhRuHqgBnGFk5Kg	ym 2020s early mb albums p1
10,000 Miles (feat. Eric D. Johnson, Josh Kaufman & Anaïs Mitchell)	Bonny Light Horseman	Bonny Light Horseman	INDIFFERENT	G2pgcCBKJkA	MPREb_KEoWY2BEAx8	UC-O2r7CNfhRuHqgBnGFk5Kg	ym 2020s early mb albums p1
Vibratube	Bolts of Melody	Film Noir	INDIFFERENT	BE3TPtKFvyQ	MPREb_a1nfUg7X9X0	UCeUM5CzWX9IZqISh2j15Bug	ym 2020s early mb albums p1
Vamp	Bolts of Melody	Film Noir	INDIFFERENT	gaYxH7Hc-2A	MPREb_a1nfUg7X9X0	UCeUM5CzWX9IZqISh2j15Bug	ym 2020s early mb albums p1
Tomorrow's World	Bolts of Melody	Film Noir	INDIFFERENT	OGGNutGm_1M	MPREb_a1nfUg7X9X0	UCeUM5CzWX9IZqISh2j15Bug	ym 2020s early mb albums p1
The Village Sleeps	Bolts of Melody	Film Noir	INDIFFERENT	RVSCcErYwhY	MPREb_a1nfUg7X9X0	UCeUM5CzWX9IZqISh2j15Bug	ym 2020s early mb albums p1
The Isle is Full of Noises	Bolts of Melody	Film Noir	INDIFFERENT	pol6IJrxyv4	MPREb_a1nfUg7X9X0	UCeUM5CzWX9IZqISh2j15Bug	ym 2020s early mb albums p1
Suzuki's Dream	Bolts of Melody	Film Noir	INDIFFERENT	Sqwc0-tmdNk	MPREb_a1nfUg7X9X0	UCeUM5CzWX9IZqISh2j15Bug	ym 2020s early mb albums p1
LSME	Bolts of Melody	Film Noir	INDIFFERENT	2cEvC3QtdDs	MPREb_a1nfUg7X9X0	UCeUM5CzWX9IZqISh2j15Bug	ym 2020s early mb albums p1
Hi-Rise Decade	Bolts of Melody	Film Noir	INDIFFERENT	g0hj5JT3m8Q	MPREb_a1nfUg7X9X0	UCeUM5CzWX9IZqISh2j15Bug	ym 2020s early mb albums p1
Harpsiglass	Bolts of Melody	Film Noir	INDIFFERENT	GVeRMLR2Cz8	MPREb_a1nfUg7X9X0	UCeUM5CzWX9IZqISh2j15Bug	ym 2020s early mb albums p1
Cops Raid Easy's	Bolts of Melody	Film Noir	INDIFFERENT	6qeUjQFncmQ	MPREb_a1nfUg7X9X0	UCeUM5CzWX9IZqISh2j15Bug	ym 2020s early mb albums p1
Church Scene	Bolts of Melody	Film Noir	INDIFFERENT	fhoNBMFBhQg	MPREb_a1nfUg7X9X0	UCeUM5CzWX9IZqISh2j15Bug	ym 2020s early mb albums p1
Black Flower	Bolts of Melody	Film Noir	INDIFFERENT	idyHYm5Enpg	MPREb_a1nfUg7X9X0	UCeUM5CzWX9IZqISh2j15Bug	ym 2020s early mb albums p1
555	Bolts of Melody	Film Noir	INDIFFERENT	g6IHeKrKNdE	MPREb_a1nfUg7X9X0	UCeUM5CzWX9IZqISh2j15Bug	ym 2020s early mb albums p1
Surf & Turf (feat. Vince Staples)	Boldy James	The Price Of Tea In China	INDIFFERENT	OE3N5d69z6Q	MPREb_2MlT6JN5sVi	UC7ZQDHdaFxjgyzY6svVv7Ww	ym 2020s early mb albums p1
Speed Demon Freestyle	Boldy James	The Price Of Tea In China	INDIFFERENT	vVFdx0sbliA	MPREb_2MlT6JN5sVi	UC7ZQDHdaFxjgyzY6svVv7Ww	ym 2020s early mb albums p1
Slow Roll	Boldy James	The Price Of Tea In China	INDIFFERENT	gIeQKCDL664	MPREb_2MlT6JN5sVi	UC7ZQDHdaFxjgyzY6svVv7Ww	ym 2020s early mb albums p1
Scrape The Bowl (feat. Benny The Butcher)	Boldy James	The Price Of Tea In China	INDIFFERENT	GHUT7iIvx9g	MPREb_2MlT6JN5sVi	UC7ZQDHdaFxjgyzY6svVv7Ww	ym 2020s early mb albums p1
S.N.O.R.T. (feat. Freddie Gibbs)	Boldy James	The Price Of Tea In China	INDIFFERENT	5c59PXIMhEg	MPREb_2MlT6JN5sVi	UC7ZQDHdaFxjgyzY6svVv7Ww	ym 2020s early mb albums p1
Run-Ins	Boldy James	The Price Of Tea In China	INDIFFERENT	blVVraYcESQ	MPREb_2MlT6JN5sVi	UC7ZQDHdaFxjgyzY6svVv7Ww	ym 2020s early mb albums p1
Pinto	Boldy James	The Price Of Tea In China	INDIFFERENT	VOOSSfhGosk	MPREb_2MlT6JN5sVi	UC7ZQDHdaFxjgyzY6svVv7Ww	ym 2020s early mb albums p1
Phone Bill	Boldy James	The Price Of Tea In China	INDIFFERENT	T59Qq_IMX0I	MPREb_2MlT6JN5sVi	UC7ZQDHdaFxjgyzY6svVv7Ww	ym 2020s early mb albums p1
Mustard	Boldy James	The Price Of Tea In China	INDIFFERENT	1A0GZcp4uY0	MPREb_2MlT6JN5sVi	UC7ZQDHdaFxjgyzY6svVv7Ww	ym 2020s early mb albums p1
Grey October (feat. Evidence)	Boldy James	The Price Of Tea In China	INDIFFERENT	8iLjh1X7CU0	MPREb_2MlT6JN5sVi	UC7ZQDHdaFxjgyzY6svVv7Ww	ym 2020s early mb albums p1
Giant Slide	Boldy James	The Price Of Tea In China	INDIFFERENT	kzH9W_wQMz0	MPREb_2MlT6JN5sVi	UC7ZQDHdaFxjgyzY6svVv7Ww	ym 2020s early mb albums p1
Carruth	Boldy James	The Price Of Tea In China	INDIFFERENT	o08X_upu3yE	MPREb_2MlT6JN5sVi	UC7ZQDHdaFxjgyzY6svVv7Ww	ym 2020s early mb albums p1
Zwei Herzen aus Gold	Bohren & Der Club Of Gore	Patchouli Blue	INDIFFERENT	Hwl0G0QFuuo	MPREb_rW0vjD8jL2l	UCuaizhGGGx28ehnaIiqYLew	ym 2020s early mb albums p1
Verwirrung am Strand	Bohren & Der Club Of Gore	Patchouli Blue	INDIFFERENT	_UO_6iiERiM	MPREb_rW0vjD8jL2l	UCuaizhGGGx28ehnaIiqYLew	ym 2020s early mb albums p1
Vergessen & vorbei	Bohren & Der Club Of Gore	Patchouli Blue	INDIFFERENT	cbXvH0fFqHI	MPREb_rW0vjD8jL2l	UCuaizhGGGx28ehnaIiqYLew	ym 2020s early mb albums p1
Total falsch	Bohren & Der Club Of Gore	Patchouli Blue	INDIFFERENT	nvf0Ym4wSLk	MPREb_rW0vjD8jL2l	UCuaizhGGGx28ehnaIiqYLew	ym 2020s early mb albums p1
Tief gesunken	Bohren & Der Club Of Gore	Patchouli Blue	INDIFFERENT	LEFfZDNvX1U	MPREb_rW0vjD8jL2l	UCuaizhGGGx28ehnaIiqYLew	ym 2020s early mb albums p1
Sollen es doch alle wissen	Bohren & Der Club Of Gore	Patchouli Blue	INDIFFERENT	ALMWSW0724U	MPREb_rW0vjD8jL2l	UCuaizhGGGx28ehnaIiqYLew	ym 2020s early mb albums p1
Sag mir,wie lang	Bohren & Der Club Of Gore	Patchouli Blue	INDIFFERENT	l28xSCqGVfE	MPREb_rW0vjD8jL2l	UCuaizhGGGx28ehnaIiqYLew	ym 2020s early mb albums p1
Patchouli Blue	Bohren & Der Club Of Gore	Patchouli Blue	INDIFFERENT	H8DJGd2-Tk4	MPREb_rW0vjD8jL2l	UCuaizhGGGx28ehnaIiqYLew	ym 2020s early mb albums p1
Meine Welt ist schön	Bohren & Der Club Of Gore	Patchouli Blue	INDIFFERENT	pX3gI60YkCg	MPREb_rW0vjD8jL2l	UCuaizhGGGx28ehnaIiqYLew	ym 2020s early mb albums p1
Glaub mir kein Wort	Bohren & Der Club Of Gore	Patchouli Blue	INDIFFERENT	vvImq0viP4Y	MPREb_rW0vjD8jL2l	UCuaizhGGGx28ehnaIiqYLew	ym 2020s early mb albums p1
Deine Kusine	Bohren & Der Club Of Gore	Patchouli Blue	INDIFFERENT	tFk5vcmcFco	MPREb_rW0vjD8jL2l	UCuaizhGGGx28ehnaIiqYLew	ym 2020s early mb albums p1
My Own Version of You	Bob Dylan	Rough and Rowdy Ways	INDIFFERENT	hcfx3g7njMI	MPREb_CbdaLGRHqOQ	UCBqkojCXby4zGkWX86FEY7Q	ym 2020s early mb albums p1
Murder Most Foul	Bob Dylan	Rough and Rowdy Ways	INDIFFERENT	Pn6oqfjiVOk	MPREb_CbdaLGRHqOQ	UCBqkojCXby4zGkWX86FEY7Q	ym 2020s early mb albums p1
Mother of Muses	Bob Dylan	Rough and Rowdy Ways	INDIFFERENT	ScyRO2dBaPc	MPREb_CbdaLGRHqOQ	UCBqkojCXby4zGkWX86FEY7Q	ym 2020s early mb albums p1
Key West (Philosopher Pirate)	Bob Dylan	Rough and Rowdy Ways	INDIFFERENT	sB53ha-If8M	MPREb_CbdaLGRHqOQ	UCBqkojCXby4zGkWX86FEY7Q	ym 2020s early mb albums p1
I've Made Up My Mind to Give Myself to You	Bob Dylan	Rough and Rowdy Ways	INDIFFERENT	3IjgyOGTKFk	MPREb_CbdaLGRHqOQ	UCBqkojCXby4zGkWX86FEY7Q	ym 2020s early mb albums p1
Goodbye Jimmy Reed	Bob Dylan	Rough and Rowdy Ways	INDIFFERENT	FwHsfpLLaZ4	MPREb_CbdaLGRHqOQ	UCBqkojCXby4zGkWX86FEY7Q	ym 2020s early mb albums p1
Crossing the Rubicon	Bob Dylan	Rough and Rowdy Ways	INDIFFERENT	w0YdZBnJSRU	MPREb_CbdaLGRHqOQ	UCBqkojCXby4zGkWX86FEY7Q	ym 2020s early mb albums p1
White Woman’s Instagram	Bo Burnham	INSIDE	INDIFFERENT	M9Yp4Q7U_Fo	MPREb_NhvcMeyjhEQ	UCTs6Ak3sevCzPx0Nlcsa9_A	ym 2020s early mb albums p1
Welcome to The Internet	Bo Burnham	INSIDE	INDIFFERENT	CLW3FnDa1nQ	MPREb_NhvcMeyjhEQ	UCTs6Ak3sevCzPx0Nlcsa9_A	ym 2020s early mb albums p1
Unpaid Intern	Bo Burnham	INSIDE	INDIFFERENT	S5FT7cdJqfI	MPREb_NhvcMeyjhEQ	UCTs6Ak3sevCzPx0Nlcsa9_A	ym 2020s early mb albums p1
That Funny Feeling	Bo Burnham	INSIDE	INDIFFERENT	WPB6u1BqZqU	MPREb_NhvcMeyjhEQ	UCTs6Ak3sevCzPx0Nlcsa9_A	ym 2020s early mb albums p1
Shit	Bo Burnham	INSIDE	INDIFFERENT	Nn8TL12lXR0	MPREb_NhvcMeyjhEQ	UCTs6Ak3sevCzPx0Nlcsa9_A	ym 2020s early mb albums p1
Sexting	Bo Burnham	INSIDE	INDIFFERENT	y2ZUXtQRczA	MPREb_NhvcMeyjhEQ	UCTs6Ak3sevCzPx0Nlcsa9_A	ym 2020s early mb albums p1
Problematic	Bo Burnham	INSIDE	INDIFFERENT	KsTG1ETKkHo	MPREb_NhvcMeyjhEQ	UCTs6Ak3sevCzPx0Nlcsa9_A	ym 2020s early mb albums p1
Look Who’s Inside Again	Bo Burnham	INSIDE	INDIFFERENT	J3FnqD1UqwM	MPREb_NhvcMeyjhEQ	UCTs6Ak3sevCzPx0Nlcsa9_A	ym 2020s early mb albums p1
How the World Works	Bo Burnham	INSIDE	INDIFFERENT	KiiebNenB0k	MPREb_NhvcMeyjhEQ	UCTs6Ak3sevCzPx0Nlcsa9_A	ym 2020s early mb albums p1
Goodbye	Bo Burnham	INSIDE	INDIFFERENT	TA9deCtUNGM	MPREb_NhvcMeyjhEQ	UCTs6Ak3sevCzPx0Nlcsa9_A	ym 2020s early mb albums p1
FaceTime with my Mom (Tonight)	Bo Burnham	INSIDE	INDIFFERENT	_WJDio2lJwk	MPREb_NhvcMeyjhEQ	UCTs6Ak3sevCzPx0Nlcsa9_A	ym 2020s early mb albums p1
Don't Wanna Know	Bo Burnham	INSIDE	INDIFFERENT	APGBRDeqsSI	MPREb_NhvcMeyjhEQ	UCTs6Ak3sevCzPx0Nlcsa9_A	ym 2020s early mb albums p1
Content	Bo Burnham	INSIDE	INDIFFERENT	9Tnux7K3MOQ	MPREb_NhvcMeyjhEQ	UCTs6Ak3sevCzPx0Nlcsa9_A	ym 2020s early mb albums p1
Comedy	Bo Burnham	INSIDE	INDIFFERENT	3byzgVCdRSw	MPREb_NhvcMeyjhEQ	UCTs6Ak3sevCzPx0Nlcsa9_A	ym 2020s early mb albums p1
Bezos II	Bo Burnham	INSIDE	INDIFFERENT	ebkAM2_zsEk	MPREb_NhvcMeyjhEQ	UCTs6Ak3sevCzPx0Nlcsa9_A	ym 2020s early mb albums p1
Bezos I	Bo Burnham	INSIDE	INDIFFERENT	7_EeCkHs-e0	MPREb_NhvcMeyjhEQ	UCTs6Ak3sevCzPx0Nlcsa9_A	ym 2020s early mb albums p1
Any Day Now	Bo Burnham	INSIDE	INDIFFERENT	KUFIocrGfwE	MPREb_NhvcMeyjhEQ	UCTs6Ak3sevCzPx0Nlcsa9_A	ym 2020s early mb albums p1
All Time Low	Bo Burnham	INSIDE	INDIFFERENT	MriMMaTl3DE	MPREb_NhvcMeyjhEQ	UCTs6Ak3sevCzPx0Nlcsa9_A	ym 2020s early mb albums p1
All Eyes On Me	Bo Burnham	INSIDE	INDIFFERENT	tu5UjbEvyTA	MPREb_NhvcMeyjhEQ	UCTs6Ak3sevCzPx0Nlcsa9_A	ym 2020s early mb albums p1
30	Bo Burnham	INSIDE	INDIFFERENT	n57aQQsQiwc	MPREb_NhvcMeyjhEQ	UCTs6Ak3sevCzPx0Nlcsa9_A	ym 2020s early mb albums p1
The Heights	Blur	The Ballad of Darren	INDIFFERENT	jAqWgT24ZQI	MPREb_QFlBbYEGbgM	UCI3EFb2lvZyBMykNd64JDhg	ym 2020s early mb albums p1
The Everglades (For Leonard)	Blur	The Ballad of Darren	INDIFFERENT	KRNefwer5ws	MPREb_QFlBbYEGbgM	UCI3EFb2lvZyBMykNd64JDhg	ym 2020s early mb albums p1
The Ballad	Blur	The Ballad of Darren	INDIFFERENT	KKBlanOXqrw	MPREb_QFlBbYEGbgM	UCI3EFb2lvZyBMykNd64JDhg	ym 2020s early mb albums p1
Russian Strings	Blur	The Ballad of Darren	INDIFFERENT	td_79tQfs6U	MPREb_QFlBbYEGbgM	UCI3EFb2lvZyBMykNd64JDhg	ym 2020s early mb albums p1
Goodbye Albert	Blur	The Ballad of Darren	INDIFFERENT	Y0Pa-wnmZww	MPREb_QFlBbYEGbgM	UCI3EFb2lvZyBMykNd64JDhg	ym 2020s early mb albums p1
Far Away Island	Blur	The Ballad of Darren	INDIFFERENT	pwSM9OBBayE	MPREb_QFlBbYEGbgM	UCI3EFb2lvZyBMykNd64JDhg	ym 2020s early mb albums p1
Barbaric	Blur	The Ballad of Darren	INDIFFERENT	XXv5WdwDkrQ	MPREb_QFlBbYEGbgM	UCI3EFb2lvZyBMykNd64JDhg	ym 2020s early mb albums p1
Avalon	Blur	The Ballad of Darren	INDIFFERENT	RS1Gl5HUiVM	MPREb_QFlBbYEGbgM	UCI3EFb2lvZyBMykNd64JDhg	ym 2020s early mb albums p1
Sit Down for Dinner, Pt. 1	Blonde Redhead	Sit Down for Dinner	INDIFFERENT	w3jQ7EcldYA	MPREb_nhhSVrfHWwZ	UCvdVUaJ_3Li6ZLGhF3_MexA	ym 2020s early mb albums p1
Rest of Her Life	Blonde Redhead	Sit Down for Dinner	INDIFFERENT	7dFd4Mp9TGc	MPREb_nhhSVrfHWwZ	UCvdVUaJ_3Li6ZLGhF3_MexA	ym 2020s early mb albums p1
Not for Me	Blonde Redhead	Sit Down for Dinner	INDIFFERENT	I1U2dOEaE3w	MPREb_nhhSVrfHWwZ	UCvdVUaJ_3Li6ZLGhF3_MexA	ym 2020s early mb albums p1
Kiss Her Kiss Her	Blonde Redhead	Sit Down for Dinner	INDIFFERENT	09m8dA65H-k	MPREb_nhhSVrfHWwZ	UCvdVUaJ_3Li6ZLGhF3_MexA	ym 2020s early mb albums p1
If	Blonde Redhead	Sit Down for Dinner	INDIFFERENT	ybj-AGmju0E	MPREb_nhhSVrfHWwZ	UCvdVUaJ_3Li6ZLGhF3_MexA	ym 2020s early mb albums p1
I Thought You Should Know	Blonde Redhead	Sit Down for Dinner	INDIFFERENT	4uZpvEmttmg	MPREb_nhhSVrfHWwZ	UCvdVUaJ_3Li6ZLGhF3_MexA	ym 2020s early mb albums p1
Twilight Hymn of Ancient Blood	Blackbraid	Blackbraid II	INDIFFERENT	CY7PtuaClLE	MPREb_AyISbGzBYSv	UC3vA6f_tkt49hlT9R8F2W0g	ym 2020s early mb albums p1
The Wolf That Guides the Hunters Hand	Blackbraid	Blackbraid II	INDIFFERENT	ucLKdptpzyk	MPREb_AyISbGzBYSv	UC3vA6f_tkt49hlT9R8F2W0g	ym 2020s early mb albums p1
The Spirit Returns	Blackbraid	Blackbraid II	INDIFFERENT	wRVFRCmbuZc	MPREb_AyISbGzBYSv	UC3vA6f_tkt49hlT9R8F2W0g	ym 2020s early mb albums p1
Spells of Moon and Earth	Blackbraid	Blackbraid II	INDIFFERENT	yjzE4FVQ4Bg	MPREb_AyISbGzBYSv	UC3vA6f_tkt49hlT9R8F2W0g	ym 2020s early mb albums p1
Sadness and the Passage of Time and Memory	Blackbraid	Blackbraid II	INDIFFERENT	N8nZ__iWhGo	MPREb_AyISbGzBYSv	UC3vA6f_tkt49hlT9R8F2W0g	ym 2020s early mb albums p1
Moss Covered Bones on the Altar of the Moon	Blackbraid	Blackbraid II	INDIFFERENT	M4Fkh-7yw0A	MPREb_AyISbGzBYSv	UC3vA6f_tkt49hlT9R8F2W0g	ym 2020s early mb albums p1
Celestial Passage	Blackbraid	Blackbraid II	INDIFFERENT	KPHt8ji2Pqk	MPREb_AyISbGzBYSv	UC3vA6f_tkt49hlT9R8F2W0g	ym 2020s early mb albums p1
Autumnal Hearts Ablaze	Blackbraid	Blackbraid II	INDIFFERENT	lDM2ZzcmhVQ	MPREb_AyISbGzBYSv	UC3vA6f_tkt49hlT9R8F2W0g	ym 2020s early mb albums p1
A Song of Death on Winds of Dawn	Blackbraid	Blackbraid II	INDIFFERENT	dQLlJboeM4s	MPREb_AyISbGzBYSv	UC3vA6f_tkt49hlT9R8F2W0g	ym 2020s early mb albums p1
A Fine Day to Die	Blackbraid	Blackbraid II	INDIFFERENT	Ok3ygiLPX6k	MPREb_AyISbGzBYSv	UC3vA6f_tkt49hlT9R8F2W0g	ym 2020s early mb albums p1
Tomorrow	Black Pumas	Chronicles of a Diamond	INDIFFERENT	O_9_0_bvjYY	MPREb_tM60ShoH39U	UCDHWJXxzaqUiFUcX-49jmaQ	ym 2020s early mb albums p1
Sauvignon	Black Pumas	Chronicles of a Diamond	INDIFFERENT	KSCsMQ0_D3Y	MPREb_tM60ShoH39U	UCDHWJXxzaqUiFUcX-49jmaQ	ym 2020s early mb albums p1
Rock and Roll	Black Pumas	Chronicles of a Diamond	INDIFFERENT	P1nDMfzkyLc	MPREb_tM60ShoH39U	UCDHWJXxzaqUiFUcX-49jmaQ	ym 2020s early mb albums p1
Mrs. Postman	Black Pumas	Chronicles of a Diamond	INDIFFERENT	CKxrHeuFHlc	MPREb_tM60ShoH39U	UCDHWJXxzaqUiFUcX-49jmaQ	ym 2020s early mb albums p1
More Than a Love Song	Black Pumas	Chronicles of a Diamond	INDIFFERENT	HkxDQsnzbtw	MPREb_tM60ShoH39U	UCDHWJXxzaqUiFUcX-49jmaQ	ym 2020s early mb albums p1
Ice Cream (Pay Phone)	Black Pumas	Chronicles of a Diamond	INDIFFERENT	4xd9D6y9noE	MPREb_tM60ShoH39U	UCDHWJXxzaqUiFUcX-49jmaQ	ym 2020s early mb albums p1
Hello	Black Pumas	Chronicles of a Diamond	INDIFFERENT	8XnKpgV6xeU	MPREb_tM60ShoH39U	UCDHWJXxzaqUiFUcX-49jmaQ	ym 2020s early mb albums p1
Gemini Sun	Black Pumas	Chronicles of a Diamond	INDIFFERENT	OW78ZRphPyM	MPREb_tM60ShoH39U	UCDHWJXxzaqUiFUcX-49jmaQ	ym 2020s early mb albums p1
Chronicles of a Diamond	Black Pumas	Chronicles of a Diamond	INDIFFERENT	UQZygrKFDOI	MPREb_tM60ShoH39U	UCDHWJXxzaqUiFUcX-49jmaQ	ym 2020s early mb albums p1
Angel	Black Pumas	Chronicles of a Diamond	INDIFFERENT	SBOETFjySy0	MPREb_tM60ShoH39U	UCDHWJXxzaqUiFUcX-49jmaQ	ym 2020s early mb albums p1
The Light 	Black Flower	Magma	INDIFFERENT	PI5A8GgZBtU	MPREb_lgKiCYnaMX4	UCeHVM8IywZDiUCMZqSvakvg	ym 2020s early mb albums p1
The Forge	Black Flower	Magma	INDIFFERENT	o63r8S8qG1Y	MPREb_lgKiCYnaMX4	UCeHVM8IywZDiUCMZqSvakvg	ym 2020s early mb albums p1
O Fogo	Black Flower	Magma	INDIFFERENT	LCM6oJha4yw	MPREb_lgKiCYnaMX4	UCeHVM8IywZDiUCMZqSvakvg	ym 2020s early mb albums p1
Morning In The Jungle (feat. Meskerem Mees)	Black Flower	Magma	INDIFFERENT	Nvg00ZTG4YQ	MPREb_lgKiCYnaMX4	UCeHVM8IywZDiUCMZqSvakvg	ym 2020s early mb albums p1
Magma	Black Flower	Magma	INDIFFERENT	1yHMmi8kp74	MPREb_lgKiCYnaMX4	UCeHVM8IywZDiUCMZqSvakvg	ym 2020s early mb albums p1
Half Liquid	Black Flower	Magma	INDIFFERENT	wx9gsYZeXkI	MPREb_lgKiCYnaMX4	UCeHVM8IywZDiUCMZqSvakvg	ym 2020s early mb albums p1
Deep Dive Down	Black Flower	Magma	INDIFFERENT	z6HrUu9x0Sw	MPREb_lgKiCYnaMX4	UCeHVM8IywZDiUCMZqSvakvg	ym 2020s early mb albums p1
Blue Speck	Black Flower	Magma	INDIFFERENT	W8RFl00elag	MPREb_lgKiCYnaMX4	UCeHVM8IywZDiUCMZqSvakvg	ym 2020s early mb albums p1
Up Song (Reprise) (Live at Bush Hall)	Black Country, New Road	Live at Bush Hall	INDIFFERENT	xXrYof8MNHM	MPREb_r9CU4InRm3E	UCWN_Fs7lSjB3T81g-Tw3ZHA	ym 2020s early mb albums p1
Up Song (Live at Bush Hall)	Black Country, New Road	Live at Bush Hall	INDIFFERENT	PTMWm5A7Arw	MPREb_r9CU4InRm3E	UCWN_Fs7lSjB3T81g-Tw3ZHA	ym 2020s early mb albums p1
Turbines/Pigs (Live at Bush Hall)	Black Country, New Road	Live at Bush Hall	INDIFFERENT	ZIzF7TfOsvA	MPREb_r9CU4InRm3E	UCWN_Fs7lSjB3T81g-Tw3ZHA	ym 2020s early mb albums p1
The Wrong Trousers (Live at Bush Hall)	Black Country, New Road	Live at Bush Hall	INDIFFERENT	65O9A6VNH2w	MPREb_r9CU4InRm3E	UCWN_Fs7lSjB3T81g-Tw3ZHA	ym 2020s early mb albums p1
The Boy (Live at Bush Hall)	Black Country, New Road	Live at Bush Hall	INDIFFERENT	nn6yHMsXrmY	MPREb_r9CU4InRm3E	UCWN_Fs7lSjB3T81g-Tw3ZHA	ym 2020s early mb albums p1
Laughing Song (Live at Bush Hall)	Black Country, New Road	Live at Bush Hall	INDIFFERENT	wf0yORRfDoQ	MPREb_r9CU4InRm3E	UCWN_Fs7lSjB3T81g-Tw3ZHA	ym 2020s early mb albums p1
I Won’t Always Love You (Live at Bush Hall)	Black Country, New Road	Live at Bush Hall	INDIFFERENT	ibq9fi-XOyc	MPREb_r9CU4InRm3E	UCWN_Fs7lSjB3T81g-Tw3ZHA	ym 2020s early mb albums p1
Dancers (Live at Bush Hall)	Black Country, New Road	Live at Bush Hall	INDIFFERENT	A4AYhbxb9RQ	MPREb_r9CU4InRm3E	UCWN_Fs7lSjB3T81g-Tw3ZHA	ym 2020s early mb albums p1
Across The Pond Friend (Live at Bush Hall)	Black Country, New Road	Live at Bush Hall	INDIFFERENT	GOEflCfKtKE	MPREb_r9CU4InRm3E	UCWN_Fs7lSjB3T81g-Tw3ZHA	ym 2020s early mb albums p1
Track X	Black Country, New Road	For the first time	INDIFFERENT	tApRfkVkG-g	MPREb_gqZIhuQH3WQ	UCWN_Fs7lSjB3T81g-Tw3ZHA	ym 2020s early mb albums p1
Sunglasses	Black Country, New Road	For the first time	INDIFFERENT	K2ZX0VONNIs	MPREb_gqZIhuQH3WQ	UCWN_Fs7lSjB3T81g-Tw3ZHA	ym 2020s early mb albums p1
Science Fair	Black Country, New Road	For the first time	INDIFFERENT	lNxXvgZQIWQ	MPREb_gqZIhuQH3WQ	UCWN_Fs7lSjB3T81g-Tw3ZHA	ym 2020s early mb albums p1
Opus	Black Country, New Road	For the first time	INDIFFERENT	Vw5BOo6nDoY	MPREb_gqZIhuQH3WQ	UCWN_Fs7lSjB3T81g-Tw3ZHA	ym 2020s early mb albums p1
Instrumental	Black Country, New Road	For the first time	INDIFFERENT	1SkDLogU-O8	MPREb_gqZIhuQH3WQ	UCWN_Fs7lSjB3T81g-Tw3ZHA	ym 2020s early mb albums p1
Athens, France	Black Country, New Road	For the first time	INDIFFERENT	cXvDeRbAHWo	MPREb_gqZIhuQH3WQ	UCWN_Fs7lSjB3T81g-Tw3ZHA	ym 2020s early mb albums p1
Intro	Black Country, New Road	Ants From Up There (Deluxe)	INDIFFERENT	82sr_3XDde0	MPREb_5UsLP4t8hft	UCWN_Fs7lSjB3T81g-Tw3ZHA	ym 2020s early mb albums p1
Chaos Space Marine	Black Country, New Road	Ants From Up There (Deluxe)	INDIFFERENT	yYNU9f-KP2E	MPREb_5UsLP4t8hft	UCWN_Fs7lSjB3T81g-Tw3ZHA	ym 2020s early mb albums p1
Bread Song (Live from the Queen Elizabeth Hall)	Black Country, New Road	Ants From Up There (Deluxe)	INDIFFERENT	nA29gQRa57k	MPREb_5UsLP4t8hft	UCWN_Fs7lSjB3T81g-Tw3ZHA	ym 2020s early mb albums p1
Bread Song	Black Country, New Road	Ants From Up There (Deluxe)	INDIFFERENT	_qTBdX-JkBc	MPREb_5UsLP4t8hft	UCWN_Fs7lSjB3T81g-Tw3ZHA	ym 2020s early mb albums p1
Basketball Shoes (Live from the Queen Elizabeth Hall)	Black Country, New Road	Ants From Up There (Deluxe)	INDIFFERENT	5U_p5iXrge8	MPREb_5UsLP4t8hft	UCWN_Fs7lSjB3T81g-Tw3ZHA	ym 2020s early mb albums p1
Basketball Shoes	Black Country, New Road	Ants From Up There (Deluxe)	INDIFFERENT	eTx_m26Q3AI	MPREb_5UsLP4t8hft	UCWN_Fs7lSjB3T81g-Tw3ZHA	ym 2020s early mb albums p1
Victimhood	Björk	Fossora	INDIFFERENT	2zMK3GRpJs8	MPREb_0GI42mklI5l	UCAjidy3vxRkgGVNIFqZMl_Q	ym 2020s early mb albums p1
Trölla-Gabba (feat. Kasimyn)	Björk	Fossora	INDIFFERENT	YT_ILkCRGh4	MPREb_0GI42mklI5l	UCAjidy3vxRkgGVNIFqZMl_Q	ym 2020s early mb albums p1
Ovule	Björk	Fossora	INDIFFERENT	RZMShkNIbIw	MPREb_0GI42mklI5l	UCAjidy3vxRkgGVNIFqZMl_Q	ym 2020s early mb albums p1
Her Mother's House (feat. ísadóra bjarkardóttir barney)	Björk	Fossora	INDIFFERENT	-H0ZCmthKVE	MPREb_0GI42mklI5l	UCAjidy3vxRkgGVNIFqZMl_Q	ym 2020s early mb albums p1
Fungal City (feat. serpentwithfeet)	Björk	Fossora	INDIFFERENT	TTL8zh361NI	MPREb_0GI42mklI5l	UCAjidy3vxRkgGVNIFqZMl_Q	ym 2020s early mb albums p1
Freefall	Björk	Fossora	INDIFFERENT	Gd0pvGBYGKk	MPREb_0GI42mklI5l	UCAjidy3vxRkgGVNIFqZMl_Q	ym 2020s early mb albums p1
Fossora (feat. Kasimyn)	Björk	Fossora	INDIFFERENT	jqKSGlZyTrA	MPREb_0GI42mklI5l	UCAjidy3vxRkgGVNIFqZMl_Q	ym 2020s early mb albums p1
Fagurt Er Í Fjörðum	Björk	Fossora	INDIFFERENT	eCchG9pvMrM	MPREb_0GI42mklI5l	UCAjidy3vxRkgGVNIFqZMl_Q	ym 2020s early mb albums p1
Atopos (feat. Kasimyn)	Björk	Fossora	INDIFFERENT	KuGaUAOFfm8	MPREb_0GI42mklI5l	UCAjidy3vxRkgGVNIFqZMl_Q	ym 2020s early mb albums p1
Ancestress (feat. Sindri Eldon)	Björk	Fossora	INDIFFERENT	P0kTlRMuJb0	MPREb_0GI42mklI5l	UCAjidy3vxRkgGVNIFqZMl_Q	ym 2020s early mb albums p1
Allow (feat. Emilie Nicolas)	Björk	Fossora	INDIFFERENT	bBzR0CCypC4	MPREb_0GI42mklI5l	UCAjidy3vxRkgGVNIFqZMl_Q	ym 2020s early mb albums p1
my future	Billie Eilish	Happier Than Ever	INDIFFERENT	BKznMmrEXzU	MPREb_2vCedmpUnCX	UCERrDZ8oN0U_n9MphMKERcg	ym 2020s early mb albums p1
Your Power	Billie Eilish	Happier Than Ever	INDIFFERENT	5DEPXcDysro	MPREb_2vCedmpUnCX	UCERrDZ8oN0U_n9MphMKERcg	ym 2020s early mb albums p1
Therefore I Am	Billie Eilish	Happier Than Ever	INDIFFERENT	2NySuOGEpHk	MPREb_2vCedmpUnCX	UCERrDZ8oN0U_n9MphMKERcg	ym 2020s early mb albums p1
Oxytocin	Billie Eilish	Happier Than Ever	INDIFFERENT	YdCTcHnPCD0	MPREb_2vCedmpUnCX	UCERrDZ8oN0U_n9MphMKERcg	ym 2020s early mb albums p1
OverHeated	Billie Eilish	Happier Than Ever	INDIFFERENT	5H4apmLEEUM	MPREb_2vCedmpUnCX	UCERrDZ8oN0U_n9MphMKERcg	ym 2020s early mb albums p1
Not My Responsibility	Billie Eilish	Happier Than Ever	INDIFFERENT	4HfbgDLUmpk	MPREb_2vCedmpUnCX	UCERrDZ8oN0U_n9MphMKERcg	ym 2020s early mb albums p1
NDA	Billie Eilish	Happier Than Ever	INDIFFERENT	UmMFlEUflzA	MPREb_2vCedmpUnCX	UCERrDZ8oN0U_n9MphMKERcg	ym 2020s early mb albums p1
Male Fantasy	Billie Eilish	Happier Than Ever	INDIFFERENT	TsANEWfyi8E	MPREb_2vCedmpUnCX	UCERrDZ8oN0U_n9MphMKERcg	ym 2020s early mb albums p1
Lost Cause	Billie Eilish	Happier Than Ever	INDIFFERENT	vRNxAzAr_-4	MPREb_2vCedmpUnCX	UCERrDZ8oN0U_n9MphMKERcg	ym 2020s early mb albums p1
I Didn't Change My Number	Billie Eilish	Happier Than Ever	INDIFFERENT	VAwGfL7Kyhk	MPREb_2vCedmpUnCX	UCERrDZ8oN0U_n9MphMKERcg	ym 2020s early mb albums p1
Happier Than Ever	Billie Eilish	Happier Than Ever	INDIFFERENT	NSTUVHsb9xw	MPREb_2vCedmpUnCX	UCERrDZ8oN0U_n9MphMKERcg	ym 2020s early mb albums p1
Halley's Comet	Billie Eilish	Happier Than Ever	INDIFFERENT	gV9IVwRWvqA	MPREb_2vCedmpUnCX	UCERrDZ8oN0U_n9MphMKERcg	ym 2020s early mb albums p1
Getting Older	Billie Eilish	Happier Than Ever	INDIFFERENT	0YyEE_aO2TY	MPREb_2vCedmpUnCX	UCERrDZ8oN0U_n9MphMKERcg	ym 2020s early mb albums p1
GOLDWING	Billie Eilish	Happier Than Ever	INDIFFERENT	WMtcapmjgo0	MPREb_2vCedmpUnCX	UCERrDZ8oN0U_n9MphMKERcg	ym 2020s early mb albums p1
Everybody Dies	Billie Eilish	Happier Than Ever	INDIFFERENT	6iqh3QOFEjg	MPREb_2vCedmpUnCX	UCERrDZ8oN0U_n9MphMKERcg	ym 2020s early mb albums p1
Billie Bossa Nova	Billie Eilish	Happier Than Ever	INDIFFERENT	4RGkfHOHH7w	MPREb_2vCedmpUnCX	UCERrDZ8oN0U_n9MphMKERcg	ym 2020s early mb albums p1
WILDFLOWER	Billie Eilish	HIT ME HARD AND SOFT	INDIFFERENT	O1PkZaFy61Y	MPREb_Wp9Aj8HpTsB	UCERrDZ8oN0U_n9MphMKERcg	ym 2020s early mb albums p1
THE GREATEST	Billie Eilish	HIT ME HARD AND SOFT	INDIFFERENT	ivXhRQA-iiI	MPREb_Wp9Aj8HpTsB	UCERrDZ8oN0U_n9MphMKERcg	ym 2020s early mb albums p1
THE DINER	Billie Eilish	HIT ME HARD AND SOFT	INDIFFERENT	P6NKjgjV34w	MPREb_Wp9Aj8HpTsB	UCERrDZ8oN0U_n9MphMKERcg	ym 2020s early mb albums p1
SKINNY	Billie Eilish	HIT ME HARD AND SOFT	INDIFFERENT	GgGarnL54Fw	MPREb_Wp9Aj8HpTsB	UCERrDZ8oN0U_n9MphMKERcg	ym 2020s early mb albums p1
L’AMOUR DE MA VIE	Billie Eilish	HIT ME HARD AND SOFT	INDIFFERENT	-O1Q82Wwqik	MPREb_Wp9Aj8HpTsB	UCERrDZ8oN0U_n9MphMKERcg	ym 2020s early mb albums p1
LUNCH	Billie Eilish	HIT ME HARD AND SOFT	INDIFFERENT	9U4-PgbN7eM	MPREb_Wp9Aj8HpTsB	UCERrDZ8oN0U_n9MphMKERcg	ym 2020s early mb albums p1
CHIHIRO	Billie Eilish	HIT ME HARD AND SOFT	INDIFFERENT	zYEKeEOKNi0	MPREb_Wp9Aj8HpTsB	UCERrDZ8oN0U_n9MphMKERcg	ym 2020s early mb albums p1
BLUE	Billie Eilish	HIT ME HARD AND SOFT	INDIFFERENT	ir11ZA4lJJk	MPREb_Wp9Aj8HpTsB	UCERrDZ8oN0U_n9MphMKERcg	ym 2020s early mb albums p1
BITTERSUITE	Billie Eilish	HIT ME HARD AND SOFT	INDIFFERENT	ClyVKnfBIO8	MPREb_Wp9Aj8HpTsB	UCERrDZ8oN0U_n9MphMKERcg	ym 2020s early mb albums p1
BIRDS OF A FEATHER	Billie Eilish	HIT ME HARD AND SOFT	INDIFFERENT	WKZO-CWeOVA	MPREb_Wp9Aj8HpTsB	UCERrDZ8oN0U_n9MphMKERcg	ym 2020s early mb albums p1
Winter Always Turns To Spring	Bill Frisell	Valentine	INDIFFERENT	mn-19XD3nqw	MPREb_U4m0zqcv9UF	UCAK5ztsfvlDanqFo9hpMn8g	ym 2020s early mb albums p1
Wagon Wheels	Bill Frisell	Valentine	INDIFFERENT	3NZNhCrUyxw	MPREb_U4m0zqcv9UF	UCAK5ztsfvlDanqFo9hpMn8g	ym 2020s early mb albums p1
Valentine	Bill Frisell	Valentine	INDIFFERENT	5S-4eZtTCGQ	MPREb_U4m0zqcv9UF	UCAK5ztsfvlDanqFo9hpMn8g	ym 2020s early mb albums p1
Levees	Bill Frisell	Valentine	INDIFFERENT	gNnlaGXuVTg	MPREb_U4m0zqcv9UF	UCAK5ztsfvlDanqFo9hpMn8g	ym 2020s early mb albums p1
Hour Glass	Bill Frisell	Valentine	INDIFFERENT	j86WGS1FYFA	MPREb_U4m0zqcv9UF	UCAK5ztsfvlDanqFo9hpMn8g	ym 2020s early mb albums p1
Electricity	Bill Frisell	Valentine	INDIFFERENT	RJdD_8JF-DM	MPREb_U4m0zqcv9UF	UCAK5ztsfvlDanqFo9hpMn8g	ym 2020s early mb albums p1
Baba Drame	Bill Frisell	Valentine	INDIFFERENT	p2Heym9p2Bk	MPREb_U4m0zqcv9UF	UCAK5ztsfvlDanqFo9hpMn8g	ym 2020s early mb albums p1
Aunt Mary	Bill Frisell	Valentine	INDIFFERENT	0UAriT1rxTY	MPREb_U4m0zqcv9UF	UCAK5ztsfvlDanqFo9hpMn8g	ym 2020s early mb albums p1
A Flower Is A Lovesome Thing	Bill Frisell	Valentine	INDIFFERENT	QJJ0yPg2v00	MPREb_U4m0zqcv9UF	UCAK5ztsfvlDanqFo9hpMn8g	ym 2020s early mb albums p1
Planets	Bill Callahan	Resuscitate!	INDIFFERENT	0D78zZVknOc	MPREb_MR1GgFUsJ6o	UCwvSf_pDY0pvm5mlQEqWkvQ	ym 2020s early mb albums p1
Pigeons	Bill Callahan	Resuscitate!	INDIFFERENT	Q1aIkkz-Yho	MPREb_MR1GgFUsJ6o	UCwvSf_pDY0pvm5mlQEqWkvQ	ym 2020s early mb albums p1
Partition	Bill Callahan	Resuscitate!	INDIFFERENT	O0VG9nGdG9A	MPREb_MR1GgFUsJ6o	UCwvSf_pDY0pvm5mlQEqWkvQ	ym 2020s early mb albums p1
Natural Information	Bill Callahan	Resuscitate!	INDIFFERENT	7QBriU_2-tA	MPREb_MR1GgFUsJ6o	UCwvSf_pDY0pvm5mlQEqWkvQ	ym 2020s early mb albums p1
Naked Souls	Bill Callahan	Resuscitate!	INDIFFERENT	nWYvfnfcS7E	MPREb_MR1GgFUsJ6o	UCwvSf_pDY0pvm5mlQEqWkvQ	ym 2020s early mb albums p1
Keep Some Steady Friends Around	Bill Callahan	Resuscitate!	INDIFFERENT	lgdtf5GVaQ4	MPREb_MR1GgFUsJ6o	UCwvSf_pDY0pvm5mlQEqWkvQ	ym 2020s early mb albums p1
First Bird	Bill Callahan	Resuscitate!	INDIFFERENT	3nfLg1ta4QM	MPREb_MR1GgFUsJ6o	UCwvSf_pDY0pvm5mlQEqWkvQ	ym 2020s early mb albums p1
Everyway	Bill Callahan	Resuscitate!	INDIFFERENT	r19wzq7lrAE	MPREb_MR1GgFUsJ6o	UCwvSf_pDY0pvm5mlQEqWkvQ	ym 2020s early mb albums p1
Drover	Bill Callahan	Resuscitate!	INDIFFERENT	XRJumqx2zaA	MPREb_MR1GgFUsJ6o	UCwvSf_pDY0pvm5mlQEqWkvQ	ym 2020s early mb albums p1
Coyotes	Bill Callahan	Resuscitate!	INDIFFERENT	F2CcU-lTjsQ	MPREb_MR1GgFUsJ6o	UCwvSf_pDY0pvm5mlQEqWkvQ	ym 2020s early mb albums p1
Ry Cooder	Bill Callahan	Gold Record	INDIFFERENT	m74apAtI2X8	MPREb_a2jt5FJVt5U	UCwvSf_pDY0pvm5mlQEqWkvQ	ym 2020s early mb albums p1
Protest Song	Bill Callahan	Gold Record	INDIFFERENT	JWeFWjmvryY	MPREb_a2jt5FJVt5U	UCwvSf_pDY0pvm5mlQEqWkvQ	ym 2020s early mb albums p1
Let's Move To The Country	Bill Callahan	Gold Record	INDIFFERENT	Em6BszKzA9o	MPREb_a2jt5FJVt5U	UCwvSf_pDY0pvm5mlQEqWkvQ	ym 2020s early mb albums p1
Cowboy	Bill Callahan	Gold Record	INDIFFERENT	BXbU3FjxtVs	MPREb_a2jt5FJVt5U	UCwvSf_pDY0pvm5mlQEqWkvQ	ym 2020s early mb albums p1
As I Wander	Bill Callahan	Gold Record	INDIFFERENT	Qad9R6-918c	MPREb_a2jt5FJVt5U	UCwvSf_pDY0pvm5mlQEqWkvQ	ym 2020s early mb albums p1
Wake Me up to Drive	Big Thief	Dragon New Warm Mountain I Believe in You	INDIFFERENT	TveC__VfOXs	MPREb_5vCH8bfectk	UCYUYq5dThTOIY6o9hAgnlQQ	ym 2020s early mb albums p1
Time Escaping	Big Thief	Dragon New Warm Mountain I Believe in You	INDIFFERENT	MMn64Y7l-Z0	MPREb_5vCH8bfectk	UCYUYq5dThTOIY6o9hAgnlQQ	ym 2020s early mb albums p1
Red Moon	Big Thief	Dragon New Warm Mountain I Believe in You	INDIFFERENT	3VL9J3vuw3M	MPREb_5vCH8bfectk	UCYUYq5dThTOIY6o9hAgnlQQ	ym 2020s early mb albums p1
No Reason	Big Thief	Dragon New Warm Mountain I Believe in You	INDIFFERENT	0yQyykjKPsg	MPREb_5vCH8bfectk	UCYUYq5dThTOIY6o9hAgnlQQ	ym 2020s early mb albums p1
Blurred View	Big Thief	Dragon New Warm Mountain I Believe in You	INDIFFERENT	1VTXK0BtEQk	MPREb_5vCH8bfectk	UCYUYq5dThTOIY6o9hAgnlQQ	ym 2020s early mb albums p1
Blue Lightning	Big Thief	Dragon New Warm Mountain I Believe in You	INDIFFERENT	ifQVI58pkHM	MPREb_5vCH8bfectk	UCYUYq5dThTOIY6o9hAgnlQQ	ym 2020s early mb albums p1
Mimi	Big Red Machine & Ilsey	How Long Do You Think It's Gonna Last?	INDIFFERENT	o_t7jX8EkPA	MPREb_W6KzbSonGMV		ym 2020s early mb albums p1
The Ghost of Cincinnati	Big Red Machine	How Long Do You Think It's Gonna Last?	INDIFFERENT	X5ahRK3HHCA	MPREb_W6KzbSonGMV	UCYxoVvpkCzLvm1ec5EcgeCw	ym 2020s early mb albums p1
New Auburn (feat. Anaïs Mitchell)	Big Red Machine	How Long Do You Think It's Gonna Last?	INDIFFERENT	C-Y1sTy3PDg	MPREb_W6KzbSonGMV	UCYxoVvpkCzLvm1ec5EcgeCw	ym 2020s early mb albums p1
Magnolia	Big Red Machine	How Long Do You Think It's Gonna Last?	INDIFFERENT	SnEHi6bGA6Q	MPREb_W6KzbSonGMV	UCYxoVvpkCzLvm1ec5EcgeCw	ym 2020s early mb albums p1
Easy to Sabotage (feat. Naeem)	Big Red Machine	How Long Do You Think It's Gonna Last?	INDIFFERENT	_voz3bpLeOY	MPREb_W6KzbSonGMV	UCYxoVvpkCzLvm1ec5EcgeCw	ym 2020s early mb albums p1
Brycie	Big Red Machine	How Long Do You Think It's Gonna Last?	INDIFFERENT	3iAz_A2mUE4	MPREb_W6KzbSonGMV	UCYxoVvpkCzLvm1ec5EcgeCw	ym 2020s early mb albums p1
Birch (feat. Taylor Swift)	Big Red Machine	How Long Do You Think It's Gonna Last?	INDIFFERENT	KE_Vc7W_bkU	MPREb_W6KzbSonGMV	UCYxoVvpkCzLvm1ec5EcgeCw	ym 2020s early mb albums p1
8:22am (feat. La Force)	Big Red Machine	How Long Do You Think It's Gonna Last?	INDIFFERENT	Q5wOHaIV5FQ	MPREb_W6KzbSonGMV	UCYxoVvpkCzLvm1ec5EcgeCw	ym 2020s early mb albums p1
Saku (feat. Clara La San)	Bicep	Isles	INDIFFERENT	ql0RZHI6DEc	MPREb_NqXa3Im9PPO	UCgapGYYYntw8Wg57E1DI7NA	ym 2020s early mb albums p1
Rever (feat. Julia Kent)	Bicep	Isles	INDIFFERENT	D7MLttdJurI	MPREb_NqXa3Im9PPO	UCgapGYYYntw8Wg57E1DI7NA	ym 2020s early mb albums p1
Lido	Bicep	Isles	INDIFFERENT	vtWfoUBAgrk	MPREb_NqXa3Im9PPO	UCgapGYYYntw8Wg57E1DI7NA	ym 2020s early mb albums p1
Hawk (feat. machìna)	Bicep	Isles	INDIFFERENT	xySdEqt3aoc	MPREb_NqXa3Im9PPO	UCgapGYYYntw8Wg57E1DI7NA	ym 2020s early mb albums p1
Miss Blennerhassett	Bibio	Sleep On The Wing	INDIFFERENT	xy5fnNikRhc	MPREb_zrTkWcrKnY0	UCuJ1ytddNReUXXZb3QPNEtg	ym 2020s early mb albums p1
Crocus	Bibio	Sleep On The Wing	INDIFFERENT	APkoJxrdBOk	MPREb_zrTkWcrKnY0	UCuJ1ytddNReUXXZb3QPNEtg	ym 2020s early mb albums p1
A Couple Swim	Bibio	Sleep On The Wing	INDIFFERENT	zsIoBpR3SQ4	MPREb_zrTkWcrKnY0	UCuJ1ytddNReUXXZb3QPNEtg	ym 2020s early mb albums p1
Sharratt	Bibio	BIB10	INDIFFERENT	pCaEcSPKsb4	MPREb_U1PcUTRIvox	UCuJ1ytddNReUXXZb3QPNEtg	ym 2020s early mb albums p1
S.O.L (feat. Olivier St Louis)	Bibio	BIB10	INDIFFERENT	pnnwjoZR6vY	MPREb_U1PcUTRIvox	UCuJ1ytddNReUXXZb3QPNEtg	ym 2020s early mb albums p1
Potion	Bibio	BIB10	INDIFFERENT	aORbjuID-W8	MPREb_U1PcUTRIvox	UCuJ1ytddNReUXXZb3QPNEtg	ym 2020s early mb albums p1
Phonograph	Bibio	BIB10	INDIFFERENT	G3u9dwZyOvk	MPREb_U1PcUTRIvox	UCuJ1ytddNReUXXZb3QPNEtg	ym 2020s early mb albums p1
Off Goes The Light	Bibio	BIB10	INDIFFERENT	Qvk2mdQkW5A	MPREb_U1PcUTRIvox	UCuJ1ytddNReUXXZb3QPNEtg	ym 2020s early mb albums p1
Lost Somewhere	Bibio	BIB10	INDIFFERENT	rFrsTTDIELc	MPREb_U1PcUTRIvox	UCuJ1ytddNReUXXZb3QPNEtg	ym 2020s early mb albums p1
Fools (feat. Olivier St Louis)	Bibio	BIB10	INDIFFERENT	XenPgIXl_Go	MPREb_U1PcUTRIvox	UCuJ1ytddNReUXXZb3QPNEtg	ym 2020s early mb albums p1
Even More Excuses	Bibio	BIB10	INDIFFERENT	zo1GyUkuECU	MPREb_U1PcUTRIvox	UCuJ1ytddNReUXXZb3QPNEtg	ym 2020s early mb albums p1
A Sanctimonious Song	Bibio	BIB10	INDIFFERENT	-NhqI6f6XK4	MPREb_U1PcUTRIvox	UCuJ1ytddNReUXXZb3QPNEtg	ym 2020s early mb albums p1
VIRGO'S GROOVE	Beyoncé	RENAISSANCE	INDIFFERENT	pCMEvXPmfP4	MPREb_aiNCHq3yHyv	UCoPQ_TWm8JZ5nJv4a5BzSWA	ym 2020s early mb albums p1
THIQUE	Beyoncé	RENAISSANCE	INDIFFERENT	ZrSRjJpzQxI	MPREb_aiNCHq3yHyv	UCoPQ_TWm8JZ5nJv4a5BzSWA	ym 2020s early mb albums p1
SUMMER RENAISSANCE	Beyoncé	RENAISSANCE	INDIFFERENT	AWHMgWT05RE	MPREb_aiNCHq3yHyv	UCoPQ_TWm8JZ5nJv4a5BzSWA	ym 2020s early mb albums p1
PURE/HONEY	Beyoncé	RENAISSANCE	INDIFFERENT	7beBL5djE8E	MPREb_aiNCHq3yHyv	UCoPQ_TWm8JZ5nJv4a5BzSWA	ym 2020s early mb albums p1
PLASTIC OFF THE SOFA	Beyoncé	RENAISSANCE	INDIFFERENT	BEcqve3C9Kk	MPREb_aiNCHq3yHyv	UCoPQ_TWm8JZ5nJv4a5BzSWA	ym 2020s early mb albums p1
MOVE (feat. Grace Jones & Tems)	Beyoncé	RENAISSANCE	INDIFFERENT	wU022KMAP8A	MPREb_aiNCHq3yHyv	UCoPQ_TWm8JZ5nJv4a5BzSWA	ym 2020s early mb albums p1
I'M THAT GIRL	Beyoncé	RENAISSANCE	INDIFFERENT	h47LOZlL2Q0	MPREb_aiNCHq3yHyv	UCoPQ_TWm8JZ5nJv4a5BzSWA	ym 2020s early mb albums p1
HEATED	Beyoncé	RENAISSANCE	INDIFFERENT	YgKr4mzPBCM	MPREb_aiNCHq3yHyv	UCoPQ_TWm8JZ5nJv4a5BzSWA	ym 2020s early mb albums p1
ENERGY (feat. BEAM)	Beyoncé	RENAISSANCE	INDIFFERENT	vMeUz6-VEec	MPREb_aiNCHq3yHyv	UCoPQ_TWm8JZ5nJv4a5BzSWA	ym 2020s early mb albums p1
COZY	Beyoncé	RENAISSANCE	INDIFFERENT	LeLfgdYj3Js	MPREb_aiNCHq3yHyv	UCoPQ_TWm8JZ5nJv4a5BzSWA	ym 2020s early mb albums p1
CHURCH GIRL	Beyoncé	RENAISSANCE	INDIFFERENT	DNghDHd2At8	MPREb_aiNCHq3yHyv	UCoPQ_TWm8JZ5nJv4a5BzSWA	ym 2020s early mb albums p1
BREAK MY SOUL	Beyoncé	RENAISSANCE	INDIFFERENT	y6dw-v4BH-Y	MPREb_aiNCHq3yHyv	UCoPQ_TWm8JZ5nJv4a5BzSWA	ym 2020s early mb albums p1
AMERICA HAS A PROBLEM	Beyoncé	RENAISSANCE	INDIFFERENT	niwohlRJHqc	MPREb_aiNCHq3yHyv	UCoPQ_TWm8JZ5nJv4a5BzSWA	ym 2020s early mb albums p1
ALL UP IN YOUR MIND	Beyoncé	RENAISSANCE	INDIFFERENT	35zH9TppB4w	MPREb_aiNCHq3yHyv	UCoPQ_TWm8JZ5nJv4a5BzSWA	ym 2020s early mb albums p1
ALIEN SUPERSTAR	Beyoncé	RENAISSANCE	INDIFFERENT	kINlZV44JeM	MPREb_aiNCHq3yHyv	UCoPQ_TWm8JZ5nJv4a5BzSWA	ym 2020s early mb albums p1
Unwritten	Beth Orton	Weather Alive	INDIFFERENT	ktxYdRSGVog	MPREb_xzjpy38Gmxp	UC2IJlvnC9w7aT0mggVPnp7g	ym 2020s early mb albums p1
Lonely	Beth Orton	Weather Alive	INDIFFERENT	clT7lN0Eg_k	MPREb_xzjpy38Gmxp	UC2IJlvnC9w7aT0mggVPnp7g	ym 2020s early mb albums p1
Haunted Satellite	Beth Orton	Weather Alive	INDIFFERENT	8GhdyPQduf8	MPREb_xzjpy38Gmxp	UC2IJlvnC9w7aT0mggVPnp7g	ym 2020s early mb albums p1
Friday Night	Beth Orton	Weather Alive	INDIFFERENT	TFQSUbIlNf8	MPREb_xzjpy38Gmxp	UC2IJlvnC9w7aT0mggVPnp7g	ym 2020s early mb albums p1
Arms Around a Memory	Beth Orton	Weather Alive	INDIFFERENT	UfhDavTpRLY	MPREb_xzjpy38Gmxp	UC2IJlvnC9w7aT0mggVPnp7g	ym 2020s early mb albums p1
Tell Me Who You Are Today	Beth Gibbons	Lives Outgrown	INDIFFERENT	noNcHNoWvUM	MPREb_PyZZRFu75Ig	UCaSt_IkuGhFkxOktydRbU0w	ym 2020s early mb albums p1
Rewind	Beth Gibbons	Lives Outgrown	INDIFFERENT	Wq-tnd8dyjM	MPREb_PyZZRFu75Ig	UCaSt_IkuGhFkxOktydRbU0w	ym 2020s early mb albums p1
Reaching Out	Beth Gibbons	Lives Outgrown	INDIFFERENT	9jkZoHY93ME	MPREb_PyZZRFu75Ig	UCaSt_IkuGhFkxOktydRbU0w	ym 2020s early mb albums p1
Oceans	Beth Gibbons	Lives Outgrown	INDIFFERENT	QEl4L7hKxrY	MPREb_PyZZRFu75Ig	UCaSt_IkuGhFkxOktydRbU0w	ym 2020s early mb albums p1
Lost Changes	Beth Gibbons	Lives Outgrown	INDIFFERENT	ara76uSzKmQ	MPREb_PyZZRFu75Ig	UCaSt_IkuGhFkxOktydRbU0w	ym 2020s early mb albums p1
For Sale	Beth Gibbons	Lives Outgrown	INDIFFERENT	m1EPvttmEAs	MPREb_PyZZRFu75Ig	UCaSt_IkuGhFkxOktydRbU0w	ym 2020s early mb albums p1
Floating On A Moment	Beth Gibbons	Lives Outgrown	INDIFFERENT	EFOITLO2SAU	MPREb_PyZZRFu75Ig	UCaSt_IkuGhFkxOktydRbU0w	ym 2020s early mb albums p1
Burden Of Life	Beth Gibbons	Lives Outgrown	INDIFFERENT	fduOWTkj8dA	MPREb_PyZZRFu75Ig	UCaSt_IkuGhFkxOktydRbU0w	ym 2020s early mb albums p1
Beyond The Sun	Beth Gibbons	Lives Outgrown	INDIFFERENT	pHhLTjbYT48	MPREb_PyZZRFu75Ig	UCaSt_IkuGhFkxOktydRbU0w	ym 2020s early mb albums p1
Strangers	Ben Böhmer	Begin Again	INDIFFERENT	MyvGBn6vXGY	MPREb_O6zcX5tEOuv	UC-T-wUsgssr7Vy-BiJD4-2g	ym 2020s early mb albums p1
Slow Wave (feat. Gordi)	Ben Böhmer	Begin Again	INDIFFERENT	sYKHDggfXOE	MPREb_O6zcX5tEOuv	UC-T-wUsgssr7Vy-BiJD4-2g	ym 2020s early mb albums p1
Revelation (feat. PBSR)	Ben Böhmer	Begin Again	INDIFFERENT	fLqfJHobLNQ	MPREb_O6zcX5tEOuv	UC-T-wUsgssr7Vy-BiJD4-2g	ym 2020s early mb albums p1
Once...	Ben Böhmer	Begin Again	INDIFFERENT	W_IQqxM4r_0	MPREb_O6zcX5tEOuv	UC-T-wUsgssr7Vy-BiJD4-2g	ym 2020s early mb albums p1
Home (feat. JONAH)	Ben Böhmer	Begin Again	INDIFFERENT	AJiNog6FsQ8	MPREb_O6zcX5tEOuv	UC-T-wUsgssr7Vy-BiJD4-2g	ym 2020s early mb albums p1
Fade To Blue	Ben Böhmer	Begin Again	INDIFFERENT	3ldrziHRZAg	MPREb_O6zcX5tEOuv	UC-T-wUsgssr7Vy-BiJD4-2g	ym 2020s early mb albums p1
Escalate (feat. JONAH)	Ben Böhmer	Begin Again	INDIFFERENT	YP49itqGL5A	MPREb_O6zcX5tEOuv	UC-T-wUsgssr7Vy-BiJD4-2g	ym 2020s early mb albums p1
Erase (feat. lau.ra)	Ben Böhmer	Begin Again	INDIFFERENT	1hEm9ZcEEMY	MPREb_O6zcX5tEOuv	UC-T-wUsgssr7Vy-BiJD4-2g	ym 2020s early mb albums p1
Beyond Beliefs	Ben Böhmer	Begin Again	INDIFFERENT	hR0-t1UOqtI	MPREb_O6zcX5tEOuv	UC-T-wUsgssr7Vy-BiJD4-2g	ym 2020s early mb albums p1
Begin Again	Ben Böhmer	Begin Again	INDIFFERENT	Y3GQ-smcksc	MPREb_O6zcX5tEOuv	UC-T-wUsgssr7Vy-BiJD4-2g	ym 2020s early mb albums p1
A Matter Of Time	Ben Böhmer	Begin Again	INDIFFERENT	9zhfzLSLG6g	MPREb_O6zcX5tEOuv	UC-T-wUsgssr7Vy-BiJD4-2g	ym 2020s early mb albums p1
The Tern	Beirut	Hadsel	INDIFFERENT	V2rPvl5z8U8	MPREb_VbPkNhQEgFj	UCW68o7G-s6GunZ-Gv2Z7EKQ	ym 2020s early mb albums p1
Süddeutsches Ton-Bild-Studio	Beirut	Hadsel	INDIFFERENT	00khhEXckoU	MPREb_VbPkNhQEgFj	UCW68o7G-s6GunZ-Gv2Z7EKQ	ym 2020s early mb albums p1
Stokmarknes	Beirut	Hadsel	INDIFFERENT	AXF7OcJUyf4	MPREb_VbPkNhQEgFj	UCW68o7G-s6GunZ-Gv2Z7EKQ	ym 2020s early mb albums p1
Spillhaugen	Beirut	Hadsel	INDIFFERENT	RtsDwi1RX_o	MPREb_VbPkNhQEgFj	UCW68o7G-s6GunZ-Gv2Z7EKQ	ym 2020s early mb albums p1
So Many Plans	Beirut	Hadsel	INDIFFERENT	WPbeLk-I3q0	MPREb_VbPkNhQEgFj	UCW68o7G-s6GunZ-Gv2Z7EKQ	ym 2020s early mb albums p1
Regulatory	Beirut	Hadsel	INDIFFERENT	ZNJJ2DPb-Yc	MPREb_VbPkNhQEgFj	UCW68o7G-s6GunZ-Gv2Z7EKQ	ym 2020s early mb albums p1
Melbu	Beirut	Hadsel	INDIFFERENT	tsnxtfq48ZM	MPREb_VbPkNhQEgFj	UCW68o7G-s6GunZ-Gv2Z7EKQ	ym 2020s early mb albums p1
January 18th	Beirut	Hadsel	INDIFFERENT	tv3M__plLRk	MPREb_VbPkNhQEgFj	UCW68o7G-s6GunZ-Gv2Z7EKQ	ym 2020s early mb albums p1
Island Life	Beirut	Hadsel	INDIFFERENT	p4y3-XjiM5Y	MPREb_VbPkNhQEgFj	UCW68o7G-s6GunZ-Gv2Z7EKQ	ym 2020s early mb albums p1
Hadsel	Beirut	Hadsel	INDIFFERENT	5qf9WygDTBs	MPREb_VbPkNhQEgFj	UCW68o7G-s6GunZ-Gv2Z7EKQ	ym 2020s early mb albums p1
Baion	Beirut	Hadsel	INDIFFERENT	a0KcA0spPQM	MPREb_VbPkNhQEgFj	UCW68o7G-s6GunZ-Gv2Z7EKQ	ym 2020s early mb albums p1
Arctic Forest	Beirut	Hadsel	INDIFFERENT	QNs7fVArVJU	MPREb_VbPkNhQEgFj	UCW68o7G-s6GunZ-Gv2Z7EKQ	ym 2020s early mb albums p1
When Horses Would Run	Being Dead	When Horses Would Run	INDIFFERENT	CzP2C_kz-GY	MPREb_K7p1bITty7x	UCvFW4dbNx0yQ0uxA4B1ytew	ym 2020s early mb albums p1
We Are Being Dead	Being Dead	When Horses Would Run	INDIFFERENT	jfZSWf6p2YA	MPREb_K7p1bITty7x	UCvFW4dbNx0yQ0uxA4B1ytew	ym 2020s early mb albums p1
Treeland	Being Dead	When Horses Would Run	INDIFFERENT	Bd91t8SDm4g	MPREb_K7p1bITty7x	UCvFW4dbNx0yQ0uxA4B1ytew	ym 2020s early mb albums p1
The Great American Picnic	Being Dead	When Horses Would Run	INDIFFERENT	evB2Q6MGLFY	MPREb_K7p1bITty7x	UCvFW4dbNx0yQ0uxA4B1ytew	ym 2020s early mb albums p1
Oklahoma Nova Scotia	Being Dead	When Horses Would Run	INDIFFERENT	zA_rNMeuNFs	MPREb_K7p1bITty7x	UCvFW4dbNx0yQ0uxA4B1ytew	ym 2020s early mb albums p1
Livin' Easy	Being Dead	When Horses Would Run	INDIFFERENT	68c-Y-snQBU	MPREb_K7p1bITty7x	UCvFW4dbNx0yQ0uxA4B1ytew	ym 2020s early mb albums p1
God vs. Bible	Being Dead	When Horses Would Run	INDIFFERENT	oGZVhZAELYQ	MPREb_K7p1bITty7x	UCvFW4dbNx0yQ0uxA4B1ytew	ym 2020s early mb albums p1
Daydream	Being Dead	When Horses Would Run	INDIFFERENT	GMSVGCK6YtY	MPREb_K7p1bITty7x	UCvFW4dbNx0yQ0uxA4B1ytew	ym 2020s early mb albums p1
Come On	Being Dead	When Horses Would Run	INDIFFERENT	ugpMmQQVgXE	MPREb_K7p1bITty7x	UCvFW4dbNx0yQ0uxA4B1ytew	ym 2020s early mb albums p1
Van Goes	Being Dead	EELS	INDIFFERENT	T8jCfP-nPZ0	MPREb_3qNPLm0dJcr	UCvFW4dbNx0yQ0uxA4B1ytew	ym 2020s early mb albums p1
Storybook Bay	Being Dead	EELS	INDIFFERENT	4kRzEev7_TI	MPREb_3qNPLm0dJcr	UCvFW4dbNx0yQ0uxA4B1ytew	ym 2020s early mb albums p1
Rock n' Roll Hurts	Being Dead	EELS	INDIFFERENT	-IjTje2Dxsc	MPREb_3qNPLm0dJcr	UCvFW4dbNx0yQ0uxA4B1ytew	ym 2020s early mb albums p1
Problems	Being Dead	EELS	INDIFFERENT	B-E4mx2Pf6U	MPREb_3qNPLm0dJcr	UCvFW4dbNx0yQ0uxA4B1ytew	ym 2020s early mb albums p1
Nightvision	Being Dead	EELS	INDIFFERENT	6FkH7WCM51Q	MPREb_3qNPLm0dJcr	UCvFW4dbNx0yQ0uxA4B1ytew	ym 2020s early mb albums p1
Love Machine	Being Dead	EELS	INDIFFERENT	PUjG4NHEYKw	MPREb_3qNPLm0dJcr	UCvFW4dbNx0yQ0uxA4B1ytew	ym 2020s early mb albums p1
I Was a Tunnel	Being Dead	EELS	INDIFFERENT	xbzDbL1YFP8	MPREb_3qNPLm0dJcr	UCvFW4dbNx0yQ0uxA4B1ytew	ym 2020s early mb albums p1
Goodnight	Being Dead	EELS	INDIFFERENT	nk5YInitWnE	MPREb_3qNPLm0dJcr	UCvFW4dbNx0yQ0uxA4B1ytew	ym 2020s early mb albums p1
Gazing at Footwear	Being Dead	EELS	INDIFFERENT	fQ0uwTDSNdA	MPREb_3qNPLm0dJcr	UCvFW4dbNx0yQ0uxA4B1ytew	ym 2020s early mb albums p1
Firefighters	Being Dead	EELS	INDIFFERENT	Ktc0DuWnEs0	MPREb_3qNPLm0dJcr	UCvFW4dbNx0yQ0uxA4B1ytew	ym 2020s early mb albums p1
Big Bovine	Being Dead	EELS	INDIFFERENT	mvvJFSVPe-4	MPREb_3qNPLm0dJcr	UCvFW4dbNx0yQ0uxA4B1ytew	ym 2020s early mb albums p1
Ballerina	Being Dead	EELS	INDIFFERENT	qaxz6p2sgmU	MPREb_3qNPLm0dJcr	UCvFW4dbNx0yQ0uxA4B1ytew	ym 2020s early mb albums p1
Clouds Strum	Beatrice Dillon, Kuljit Bhamra, Morgan Buckley, and Batu	Workaround	INDIFFERENT	ZozuOWVVc5o	MPREb_en2dtE0USD8		ym 2020s early mb albums p1
Workaround Six	Beatrice Dillon & Petter Eldh	Workaround	INDIFFERENT	FxAglQprX3g	MPREb_en2dtE0USD8		ym 2020s early mb albums p1
Workaround One	Beatrice Dillon & Kuljit Bhamra	Workaround	INDIFFERENT	SqqsI9TwN3k	MPREb_en2dtE0USD8		ym 2020s early mb albums p1
Square Fifths	Beatrice Dillon & Kuljit Bhamra	Workaround	INDIFFERENT	fmUxOONKwsw	MPREb_en2dtE0USD8		ym 2020s early mb albums p1
Workaround Ten	Beatrice Dillon	Workaround	INDIFFERENT	d0lH1uYzmP8	MPREb_en2dtE0USD8	UCxeG-81Q9KY9ph2t-OQm_ww	ym 2020s early mb albums p1
Workaround Nine	Beatrice Dillon	Workaround	INDIFFERENT	wRMOeSuUb7k	MPREb_en2dtE0USD8	UCxeG-81Q9KY9ph2t-OQm_ww	ym 2020s early mb albums p1
Workaround Five	Beatrice Dillon	Workaround	INDIFFERENT	7tfSj2tgUS4	MPREb_en2dtE0USD8	UCxeG-81Q9KY9ph2t-OQm_ww	ym 2020s early mb albums p1
Workaround Bass	Beatrice Dillon	Workaround	INDIFFERENT	n7z6K2v-4WU	MPREb_en2dtE0USD8	UCxeG-81Q9KY9ph2t-OQm_ww	ym 2020s early mb albums p1
Pause	Beatrice Dillon	Workaround	INDIFFERENT	nSxIT6cPz5I	MPREb_en2dtE0USD8	UCxeG-81Q9KY9ph2t-OQm_ww	ym 2020s early mb albums p1
Windmill Hill	Beak>	>>>>	INDIFFERENT	c3vNmaN0Szo	MPREb_nnxiwCafLF7	UCNvV4BmgtP1_bb7CZ3_U2ZQ	ym 2020s early mb albums p1
Secrets	Beak>	>>>>	INDIFFERENT	sMvANrQyf1g	MPREb_nnxiwCafLF7	UCNvV4BmgtP1_bb7CZ3_U2ZQ	ym 2020s early mb albums p1
Denim	Beak>	>>>>	INDIFFERENT	D866B5ULJd8	MPREb_nnxiwCafLF7	UCNvV4BmgtP1_bb7CZ3_U2ZQ	ym 2020s early mb albums p1
Through Me	Beach House	Once Twice Melody	INDIFFERENT	nnYmZKqnuF4	MPREb_Hnz1cU2WY5u	UC785fnTclD2P2WQXRAt2BVg	ym 2020s early mb albums p1
The Bells	Beach House	Once Twice Melody	INDIFFERENT	xaOZvHdwWo4	MPREb_Hnz1cU2WY5u	UC785fnTclD2P2WQXRAt2BVg	ym 2020s early mb albums p1
Sunset	Beach House	Once Twice Melody	INDIFFERENT	A9qMZjVlhW4	MPREb_Hnz1cU2WY5u	UC785fnTclD2P2WQXRAt2BVg	ym 2020s early mb albums p1
Over and Over	Beach House	Once Twice Melody	INDIFFERENT	KRHWxkaM5mM	MPREb_Hnz1cU2WY5u	UC785fnTclD2P2WQXRAt2BVg	ym 2020s early mb albums p1
Only You Know	Beach House	Once Twice Melody	INDIFFERENT	kW8nlDblk1U	MPREb_Hnz1cU2WY5u	UC785fnTclD2P2WQXRAt2BVg	ym 2020s early mb albums p1
Modern Love Stories	Beach House	Once Twice Melody	INDIFFERENT	bULJOplUjxw	MPREb_Hnz1cU2WY5u	UC785fnTclD2P2WQXRAt2BVg	ym 2020s early mb albums p1
Many Nights	Beach House	Once Twice Melody	INDIFFERENT	YT3xknvUwyQ	MPREb_Hnz1cU2WY5u	UC785fnTclD2P2WQXRAt2BVg	ym 2020s early mb albums p1
Illusion of Forever	Beach House	Once Twice Melody	INDIFFERENT	PFlAc5_KO8M	MPREb_Hnz1cU2WY5u	UC785fnTclD2P2WQXRAt2BVg	ym 2020s early mb albums p1
Finale	Beach House	Once Twice Melody	INDIFFERENT	8ccGradpEXY	MPREb_Hnz1cU2WY5u	UC785fnTclD2P2WQXRAt2BVg	ym 2020s early mb albums p1
Another Go Around	Beach House	Once Twice Melody	INDIFFERENT	snbEH6b8qdg	MPREb_Hnz1cU2WY5u	UC785fnTclD2P2WQXRAt2BVg	ym 2020s early mb albums p1
Holiday House	Beach House	Become	INDIFFERENT	ulcK6PY2SVI	MPREb_cq2KPljWhXX	UC785fnTclD2P2WQXRAt2BVg	ym 2020s early mb albums p1
Devil's Pool	Beach House	Become	INDIFFERENT	2ZOzzzyLmLU	MPREb_cq2KPljWhXX	UC785fnTclD2P2WQXRAt2BVg	ym 2020s early mb albums p1
Black Magic	Beach House	Become	INDIFFERENT	faFByJnTynQ	MPREb_cq2KPljWhXX	UC785fnTclD2P2WQXRAt2BVg	ym 2020s early mb albums p1
Become	Beach House	Become	INDIFFERENT	WKs_TsMhNYc	MPREb_cq2KPljWhXX	UC785fnTclD2P2WQXRAt2BVg	ym 2020s early mb albums p1
American Daughter	Beach House	Become	INDIFFERENT	Fuuajk2KY6k	MPREb_cq2KPljWhXX	UC785fnTclD2P2WQXRAt2BVg	ym 2020s early mb albums p1
Tough Love	Beach Fossils	Bunny	INDIFFERENT	wkKQAwjoD00	MPREb_pieTzmWU02q	UCa3Tz2g-TF1oumK2paiC9yg	ym 2020s early mb albums p1
Sleeping On My Own	Beach Fossils	Bunny	INDIFFERENT	QLX0LzMEhV4	MPREb_pieTzmWU02q	UCa3Tz2g-TF1oumK2paiC9yg	ym 2020s early mb albums p1
Run To The Moon	Beach Fossils	Bunny	INDIFFERENT	gDcf-rBge6U	MPREb_pieTzmWU02q	UCa3Tz2g-TF1oumK2paiC9yg	ym 2020s early mb albums p1
Feel So High	Beach Fossils	Bunny	INDIFFERENT	zkssjUBaXqQ	MPREb_pieTzmWU02q	UCa3Tz2g-TF1oumK2paiC9yg	ym 2020s early mb albums p1
Don't Fade Away	Beach Fossils	Bunny	INDIFFERENT	Zc_G30WrA38	MPREb_pieTzmWU02q	UCa3Tz2g-TF1oumK2paiC9yg	ym 2020s early mb albums p1
Dare Me	Beach Fossils	Bunny	INDIFFERENT	gPPlfRLLv_A	MPREb_pieTzmWU02q	UCa3Tz2g-TF1oumK2paiC9yg	ym 2020s early mb albums p1
(Just Like The) Setting Sun	Beach Fossils	Bunny	INDIFFERENT	Ihky3t9S5tY	MPREb_pieTzmWU02q	UCa3Tz2g-TF1oumK2paiC9yg	ym 2020s early mb albums p1
Woman	Barry Can’t Swim & Låpsley	When Will We Land?	INDIFFERENT	PMFAHjfkLEM	MPREb_HaYGW3u7FaA		ym 2020s early mb albums p1
When Will We Land?	Barry Can’t Swim	When Will We Land?	INDIFFERENT	n4qmaCr-Rzw	MPREb_HaYGW3u7FaA	UCoIevyBHb_rq-bf16vbnd5A	ym 2020s early mb albums p1
Tell Me What You Need (feat. just lil)	Barry Can’t Swim	When Will We Land?	INDIFFERENT	B2G9u7f1Zck	MPREb_HaYGW3u7FaA	UCoIevyBHb_rq-bf16vbnd5A	ym 2020s early mb albums p1
Sonder	Barry Can’t Swim	When Will We Land?	INDIFFERENT	aWhv5AFc2Rc	MPREb_HaYGW3u7FaA	UCoIevyBHb_rq-bf16vbnd5A	ym 2020s early mb albums p1
I Won’t Let You Down (feat. Falle Nioke & Blackboxx)	Barry Can’t Swim	When Will We Land?	INDIFFERENT	E6MIRzeJQh0	MPREb_HaYGW3u7FaA	UCoIevyBHb_rq-bf16vbnd5A	ym 2020s early mb albums p1
Define Dancing	Barry Can’t Swim	When Will We Land?	INDIFFERENT	9F90OiJ39VM	MPREb_HaYGW3u7FaA	UCoIevyBHb_rq-bf16vbnd5A	ym 2020s early mb albums p1
Deadbeat Gospel (feat. somedeadbeat)	Barry Can’t Swim	When Will We Land?	INDIFFERENT	cQ4RAI_LMv4	MPREb_HaYGW3u7FaA	UCoIevyBHb_rq-bf16vbnd5A	ym 2020s early mb albums p1
Dance of the Crab	Barry Can’t Swim	When Will We Land?	INDIFFERENT	azva1ylRlns	MPREb_HaYGW3u7FaA	UCoIevyBHb_rq-bf16vbnd5A	ym 2020s early mb albums p1
Always Get Through To You	Barry Can’t Swim	When Will We Land?	INDIFFERENT	W9N7KQTg8do	MPREb_HaYGW3u7FaA	UCoIevyBHb_rq-bf16vbnd5A	ym 2020s early mb albums p1
Under the Wheel	Baroness	STONE (Deluxe)	INDIFFERENT	aTAT_dR8nGY	MPREb_iywAzdX3paC	UCrkx6kKDb1mdYMKiaHZT28g	ym 2020s early mb albums p1
The Dirge	Baroness	STONE (Deluxe)	INDIFFERENT	dTluCqGiq5w	MPREb_iywAzdX3paC	UCrkx6kKDb1mdYMKiaHZT28g	ym 2020s early mb albums p1
The Birthing (Live at Mohawk, Austin, TX - April 20, 2022)	Baroness	STONE (Deluxe)	INDIFFERENT	BEYElG2Rwy4	MPREb_iywAzdX3paC	UCrkx6kKDb1mdYMKiaHZT28g	ym 2020s early mb albums p1
Shine	Baroness	STONE (Deluxe)	INDIFFERENT	stgJGfDrpF4	MPREb_iywAzdX3paC	UCrkx6kKDb1mdYMKiaHZT28g	ym 2020s early mb albums p1
Magnolia	Baroness	STONE (Deluxe)	INDIFFERENT	0o8_nQ5FHXc	MPREb_iywAzdX3paC	UCrkx6kKDb1mdYMKiaHZT28g	ym 2020s early mb albums p1
Last Word	Baroness	STONE (Deluxe)	INDIFFERENT	F6ajwgmxbZM	MPREb_iywAzdX3paC	UCrkx6kKDb1mdYMKiaHZT28g	ym 2020s early mb albums p1
I'd Do Anything (Live at The State Room, Salt Lake City, UT - March 31, 2022)	Baroness	STONE (Deluxe)	INDIFFERENT	RmNWcs7XUDg	MPREb_iywAzdX3paC	UCrkx6kKDb1mdYMKiaHZT28g	ym 2020s early mb albums p1
Green Theme (Live at The State Room, Salt Lake City, UT - March 31, 2022)	Baroness	STONE (Deluxe)	INDIFFERENT	NZjdL44veI4	MPREb_iywAzdX3paC	UCrkx6kKDb1mdYMKiaHZT28g	ym 2020s early mb albums p1
Eula (Live at Cobra Lounge, Chicago, IL - April 10, 2022)	Baroness	STONE (Deluxe)	INDIFFERENT	E69ATOYaB40	MPREb_iywAzdX3paC	UCrkx6kKDb1mdYMKiaHZT28g	ym 2020s early mb albums p1
Embers	Baroness	STONE (Deluxe)	INDIFFERENT	YzOCsBYGDSw	MPREb_iywAzdX3paC	UCrkx6kKDb1mdYMKiaHZT28g	ym 2020s early mb albums p1
Desperation Burns (Live at Mohawk, Austin, TX - April 20, 2022)	Baroness	STONE (Deluxe)	INDIFFERENT	xED7ffdax6A	MPREb_iywAzdX3paC	UCrkx6kKDb1mdYMKiaHZT28g	ym 2020s early mb albums p1
Choir	Baroness	STONE (Deluxe)	INDIFFERENT	v4QTwsBB-l0	MPREb_iywAzdX3paC	UCrkx6kKDb1mdYMKiaHZT28g	ym 2020s early mb albums p1
Bloom	Baroness	STONE (Deluxe)	INDIFFERENT	DUK5E935rPU	MPREb_iywAzdX3paC	UCrkx6kKDb1mdYMKiaHZT28g	ym 2020s early mb albums p1
Beneath the Rose	Baroness	STONE (Deluxe)	INDIFFERENT	9ZVySgq35Qw	MPREb_iywAzdX3paC	UCrkx6kKDb1mdYMKiaHZT28g	ym 2020s early mb albums p1
Anodyne	Baroness	STONE (Deluxe)	INDIFFERENT	MwTfR-ckQFE	MPREb_iywAzdX3paC	UCrkx6kKDb1mdYMKiaHZT28g	ym 2020s early mb albums p1
A Horse Called Golgotha - Live at Cobra Lounge, Chicago, IL - April 10, 2022	Baroness	STONE (Deluxe)	INDIFFERENT	pdJtkwlrGwI	MPREb_iywAzdX3paC	UCrkx6kKDb1mdYMKiaHZT28g	ym 2020s early mb albums p1
Waterfalls	Bad//Dreems	HOO HA!	INDIFFERENT	z9m2h-nQbUg	MPREb_wrnXaTQIYKn	UCtzvxfFstJvrzwdIIfsLdRA	ym 2020s early mb albums p1
Southern Heat	Bad//Dreems	HOO HA!	INDIFFERENT	KAjNN3Jtm2Q	MPREb_wrnXaTQIYKn	UCtzvxfFstJvrzwdIIfsLdRA	ym 2020s early mb albums p1
Shame	Bad//Dreems	HOO HA!	INDIFFERENT	1jt-YOhjeXw	MPREb_wrnXaTQIYKn	UCtzvxfFstJvrzwdIIfsLdRA	ym 2020s early mb albums p1
See You Tomorrow	Bad//Dreems	HOO HA!	INDIFFERENT	XqfMntduKeI	MPREb_wrnXaTQIYKn	UCtzvxfFstJvrzwdIIfsLdRA	ym 2020s early mb albums p1
No Island	Bad//Dreems	HOO HA!	INDIFFERENT	TobGxt52zhA	MPREb_wrnXaTQIYKn	UCtzvxfFstJvrzwdIIfsLdRA	ym 2020s early mb albums p1
New Breeze	Bad//Dreems	HOO HA!	INDIFFERENT	H28UAlxLG_I	MPREb_wrnXaTQIYKn	UCtzvxfFstJvrzwdIIfsLdRA	ym 2020s early mb albums p1
Mansfield 6.0	Bad//Dreems	HOO HA!	INDIFFERENT	KuGNUGpaa5o	MPREb_wrnXaTQIYKn	UCtzvxfFstJvrzwdIIfsLdRA	ym 2020s early mb albums p1
Mallee	Bad//Dreems	HOO HA!	INDIFFERENT	M9MnUDIn-Mw	MPREb_wrnXaTQIYKn	UCtzvxfFstJvrzwdIIfsLdRA	ym 2020s early mb albums p1
Jack	Bad//Dreems	HOO HA!	INDIFFERENT	s59HSgcKKGU	MPREb_wrnXaTQIYKn	UCtzvxfFstJvrzwdIIfsLdRA	ym 2020s early mb albums p1
Hoo Ha!	Bad//Dreems	HOO HA!	INDIFFERENT	0MmtmRhWzNo	MPREb_wrnXaTQIYKn	UCtzvxfFstJvrzwdIIfsLdRA	ym 2020s early mb albums p1
Godless	Bad//Dreems	HOO HA!	INDIFFERENT	UDxKzZYzxfA	MPREb_wrnXaTQIYKn	UCtzvxfFstJvrzwdIIfsLdRA	ym 2020s early mb albums p1
Desert Television	Bad//Dreems	HOO HA!	INDIFFERENT	vZYpBdlDeWs	MPREb_wrnXaTQIYKn	UCtzvxfFstJvrzwdIIfsLdRA	ym 2020s early mb albums p1
Collapse!	Bad//Dreems	HOO HA!	INDIFFERENT	eOouzo9rrU8	MPREb_wrnXaTQIYKn	UCtzvxfFstJvrzwdIIfsLdRA	ym 2020s early mb albums p1
Black Monday	Bad//Dreems	HOO HA!	INDIFFERENT	LP7l0pyzphw	MPREb_wrnXaTQIYKn	UCtzvxfFstJvrzwdIIfsLdRA	ym 2020s early mb albums p1
Vete	Bad Bunny	YHLQMDLG	INDIFFERENT	iB_dfHQhKKc	MPREb_QR54wuCKDeh	UCiY3z8HAGD6BlSNKVn2kSvQ	ym 2020s early mb albums p1
Una Vez	Bad Bunny	YHLQMDLG	INDIFFERENT	eIPXYdGA4O4	MPREb_QR54wuCKDeh	UCiY3z8HAGD6BlSNKVn2kSvQ	ym 2020s early mb albums p1
Soliá	Bad Bunny	YHLQMDLG	INDIFFERENT	udfDg24iZT4	MPREb_QR54wuCKDeh	UCiY3z8HAGD6BlSNKVn2kSvQ	ym 2020s early mb albums p1
Puesto Pa' Guerrial	Bad Bunny	YHLQMDLG	INDIFFERENT	Ozk3R1Q5cW8	MPREb_QR54wuCKDeh	UCiY3z8HAGD6BlSNKVn2kSvQ	ym 2020s early mb albums p1
La Zona	Bad Bunny	YHLQMDLG	INDIFFERENT	y5C0pd9NWnI	MPREb_QR54wuCKDeh	UCiY3z8HAGD6BlSNKVn2kSvQ	ym 2020s early mb albums p1
La Santa	Bad Bunny	YHLQMDLG	INDIFFERENT	O8ldvZVZ_cw	MPREb_QR54wuCKDeh	UCiY3z8HAGD6BlSNKVn2kSvQ	ym 2020s early mb albums p1
La Difícil	Bad Bunny	YHLQMDLG	INDIFFERENT	UwL-mot5_k4	MPREb_QR54wuCKDeh	UCiY3z8HAGD6BlSNKVn2kSvQ	ym 2020s early mb albums p1
Ignorantes	Bad Bunny	YHLQMDLG	INDIFFERENT	E6tTv625aZg	MPREb_QR54wuCKDeh	UCiY3z8HAGD6BlSNKVn2kSvQ	ym 2020s early mb albums p1
Hablamos Mañana	Bad Bunny	YHLQMDLG	INDIFFERENT	yOcnCb5M1OA	MPREb_QR54wuCKDeh	UCiY3z8HAGD6BlSNKVn2kSvQ	ym 2020s early mb albums p1
Está Cabrón Ser Yo	Bad Bunny	YHLQMDLG	INDIFFERENT	40uWw9RBtsQ	MPREb_QR54wuCKDeh	UCiY3z8HAGD6BlSNKVn2kSvQ	ym 2020s early mb albums p1
Bichiyal	Bad Bunny	YHLQMDLG	INDIFFERENT	0whC1c7V4Co	MPREb_QR54wuCKDeh	UCiY3z8HAGD6BlSNKVn2kSvQ	ym 2020s early mb albums p1
A Tu Merced	Bad Bunny	YHLQMDLG	INDIFFERENT	8E5_HHQTTao	MPREb_QR54wuCKDeh	UCiY3z8HAGD6BlSNKVn2kSvQ	ym 2020s early mb albums p1
25/8	Bad Bunny	YHLQMDLG	INDIFFERENT	tPkpa_-v65M	MPREb_QR54wuCKDeh	UCiY3z8HAGD6BlSNKVn2kSvQ	ym 2020s early mb albums p1
Yo No Soy Celoso	Bad Bunny	Un Verano Sin Ti	INDIFFERENT	Fd9LvlEi8uY	MPREb_NMmY1n1NJFS	UCiY3z8HAGD6BlSNKVn2kSvQ	ym 2020s early mb albums p1
Un Verano Sin Ti	Bad Bunny	Un Verano Sin Ti	INDIFFERENT	IO6rgnJfmiM	MPREb_NMmY1n1NJFS	UCiY3z8HAGD6BlSNKVn2kSvQ	ym 2020s early mb albums p1
Un Ratito	Bad Bunny	Un Verano Sin Ti	INDIFFERENT	n303U2v9T18	MPREb_NMmY1n1NJFS	UCiY3z8HAGD6BlSNKVn2kSvQ	ym 2020s early mb albums p1
Un Coco	Bad Bunny	Un Verano Sin Ti	INDIFFERENT	J_cVLX6DjWg	MPREb_NMmY1n1NJFS	UCiY3z8HAGD6BlSNKVn2kSvQ	ym 2020s early mb albums p1
Tití Me Preguntó	Bad Bunny	Un Verano Sin Ti	INDIFFERENT	juRFjpB5Ppg	MPREb_NMmY1n1NJFS	UCiY3z8HAGD6BlSNKVn2kSvQ	ym 2020s early mb albums p1
Tarot	Bad Bunny	Un Verano Sin Ti	INDIFFERENT	m9cq8efdxvk	MPREb_NMmY1n1NJFS	UCiY3z8HAGD6BlSNKVn2kSvQ	ym 2020s early mb albums p1
Party	Bad Bunny	Un Verano Sin Ti	INDIFFERENT	ZuJbaB27LzY	MPREb_NMmY1n1NJFS	UCiY3z8HAGD6BlSNKVn2kSvQ	ym 2020s early mb albums p1
Otro Atardecer	Bad Bunny	Un Verano Sin Ti	INDIFFERENT	xBpqkPl8E_Y	MPREb_NMmY1n1NJFS	UCiY3z8HAGD6BlSNKVn2kSvQ	ym 2020s early mb albums p1
Ojitos Lindos	Bad Bunny	Un Verano Sin Ti	INDIFFERENT	7GDp7S1HgSk	MPREb_NMmY1n1NJFS	UCiY3z8HAGD6BlSNKVn2kSvQ	ym 2020s early mb albums p1
Neverita	Bad Bunny	Un Verano Sin Ti	INDIFFERENT	j97HJYmDdQg	MPREb_NMmY1n1NJFS	UCiY3z8HAGD6BlSNKVn2kSvQ	ym 2020s early mb albums p1
Moscow Mule	Bad Bunny	Un Verano Sin Ti	INDIFFERENT	NBghhjuMNKM	MPREb_NMmY1n1NJFS	UCiY3z8HAGD6BlSNKVn2kSvQ	ym 2020s early mb albums p1
Me Porto Bonito	Bad Bunny	Un Verano Sin Ti	INDIFFERENT	K0vXF7lJcWY	MPREb_NMmY1n1NJFS	UCiY3z8HAGD6BlSNKVn2kSvQ	ym 2020s early mb albums p1
Me Fui de Vacaciones	Bad Bunny	Un Verano Sin Ti	INDIFFERENT	aQyRqQdQweQ	MPREb_NMmY1n1NJFS	UCiY3z8HAGD6BlSNKVn2kSvQ	ym 2020s early mb albums p1
La Corriente	Bad Bunny	Un Verano Sin Ti	INDIFFERENT	Svf_8AlKgJY	MPREb_NMmY1n1NJFS	UCiY3z8HAGD6BlSNKVn2kSvQ	ym 2020s early mb albums p1
Enséñame a Bailar	Bad Bunny	Un Verano Sin Ti	INDIFFERENT	_UvJAtGDclM	MPREb_NMmY1n1NJFS	UCiY3z8HAGD6BlSNKVn2kSvQ	ym 2020s early mb albums p1
El Apagón	Bad Bunny	Un Verano Sin Ti	INDIFFERENT	wv-7XkS3-jQ	MPREb_NMmY1n1NJFS	UCiY3z8HAGD6BlSNKVn2kSvQ	ym 2020s early mb albums p1
Efecto	Bad Bunny	Un Verano Sin Ti	INDIFFERENT	yO-XR4qXm1k	MPREb_NMmY1n1NJFS	UCiY3z8HAGD6BlSNKVn2kSvQ	ym 2020s early mb albums p1
Dos Mil 16	Bad Bunny	Un Verano Sin Ti	INDIFFERENT	9Vbv9ulhwXw	MPREb_NMmY1n1NJFS	UCiY3z8HAGD6BlSNKVn2kSvQ	ym 2020s early mb albums p1
Después de la Playa	Bad Bunny	Un Verano Sin Ti	INDIFFERENT	lQe2k1k_QBY	MPREb_NMmY1n1NJFS	UCiY3z8HAGD6BlSNKVn2kSvQ	ym 2020s early mb albums p1
Callaita	Bad Bunny	Un Verano Sin Ti	INDIFFERENT	g5dLe5VPAAo	MPREb_NMmY1n1NJFS	UCiY3z8HAGD6BlSNKVn2kSvQ	ym 2020s early mb albums p1
Andrea	Bad Bunny	Un Verano Sin Ti	INDIFFERENT	gjWk-MY3pc4	MPREb_NMmY1n1NJFS	UCiY3z8HAGD6BlSNKVn2kSvQ	ym 2020s early mb albums p1
Aguacero	Bad Bunny	Un Verano Sin Ti	INDIFFERENT	3auBkaGUstw	MPREb_NMmY1n1NJFS	UCiY3z8HAGD6BlSNKVn2kSvQ	ym 2020s early mb albums p1
Agosto	Bad Bunny	Un Verano Sin Ti	INDIFFERENT	2dTPcXdjXMU	MPREb_NMmY1n1NJFS	UCiY3z8HAGD6BlSNKVn2kSvQ	ym 2020s early mb albums p1
Rocket	Babehoven	Water's Here In You	INDIFFERENT	V2JCh5mrBTo	MPREb_QDfviyiGtX0	UC15rgadDn44UUnkzzpQ2KcQ	ym 2020s early mb albums p1
Perfect	Babehoven	Water's Here In You	INDIFFERENT	Y8S9TpM9KcQ	MPREb_QDfviyiGtX0	UC15rgadDn44UUnkzzpQ2KcQ	ym 2020s early mb albums p1
My Best Friend Needs	Babehoven	Water's Here In You	INDIFFERENT	hMFQ0c2wiqw	MPREb_QDfviyiGtX0	UC15rgadDn44UUnkzzpQ2KcQ	ym 2020s early mb albums p1
Millenia	Babehoven	Water's Here In You	INDIFFERENT	ETflV-ILo-w	MPREb_QDfviyiGtX0	UC15rgadDn44UUnkzzpQ2KcQ	ym 2020s early mb albums p1
Lonely, Cold Seed	Babehoven	Water's Here In You	INDIFFERENT	zKyd2OvFP20	MPREb_QDfviyiGtX0	UC15rgadDn44UUnkzzpQ2KcQ	ym 2020s early mb albums p1
Lightness is Loud	Babehoven	Water's Here In You	INDIFFERENT	cKvvxu_3PoY	MPREb_QDfviyiGtX0	UC15rgadDn44UUnkzzpQ2KcQ	ym 2020s early mb albums p1
Good to See You	Babehoven	Water's Here In You	INDIFFERENT	hAqJ_dRUt_s	MPREb_QDfviyiGtX0	UC15rgadDn44UUnkzzpQ2KcQ	ym 2020s early mb albums p1
Ella's From Somewhere Else	Babehoven	Water's Here In You	INDIFFERENT	N34nYM9kxxA	MPREb_QDfviyiGtX0	UC15rgadDn44UUnkzzpQ2KcQ	ym 2020s early mb albums p1
Dizzy Spin	Babehoven	Water's Here In You	INDIFFERENT	9g5fTTWF2Fk	MPREb_QDfviyiGtX0	UC15rgadDn44UUnkzzpQ2KcQ	ym 2020s early mb albums p1
Cherry	Babehoven	Water's Here In You	INDIFFERENT	z4BzpTshAYk	MPREb_QDfviyiGtX0	UC15rgadDn44UUnkzzpQ2KcQ	ym 2020s early mb albums p1
Chariot	Babehoven	Water's Here In You	INDIFFERENT	PZbcp3Lqn68	MPREb_QDfviyiGtX0	UC15rgadDn44UUnkzzpQ2KcQ	ym 2020s early mb albums p1
Birdseye	Babehoven	Water's Here In You	INDIFFERENT	KbL0q7V5xoU	MPREb_QDfviyiGtX0	UC15rgadDn44UUnkzzpQ2KcQ	ym 2020s early mb albums p1
Things Are Different Now	Babe Rainbow	The Organic Band	INDIFFERENT	6oTPydctP60	MPREb_AvVxGzRmmH2	UCnmNJQ_W2ra79BAsOD6KAtA	ym 2020s early mb albums p1
Smash the Machine	Babe Rainbow	The Organic Band	INDIFFERENT	goblVvNi7R0	MPREb_AvVxGzRmmH2	UCnmNJQ_W2ra79BAsOD6KAtA	ym 2020s early mb albums p1
Naxos	Babe Rainbow	The Organic Band	INDIFFERENT	PUmuOB31kXc	MPREb_AvVxGzRmmH2	UCnmNJQ_W2ra79BAsOD6KAtA	ym 2020s early mb albums p1
Mediterranean	Babe Rainbow	The Organic Band	INDIFFERENT	hwYgR-amKGU	MPREb_AvVxGzRmmH2	UCnmNJQ_W2ra79BAsOD6KAtA	ym 2020s early mb albums p1
Inner Space	Babe Rainbow	The Organic Band	INDIFFERENT	I4IbTTFLWO0	MPREb_AvVxGzRmmH2	UCnmNJQ_W2ra79BAsOD6KAtA	ym 2020s early mb albums p1
Flashback	Babe Rainbow	The Organic Band	INDIFFERENT	IWOMapPrxG4	MPREb_AvVxGzRmmH2	UCnmNJQ_W2ra79BAsOD6KAtA	ym 2020s early mb albums p1
All the Power	Babe Rainbow	The Organic Band	INDIFFERENT	SjOveXn7fwo	MPREb_AvVxGzRmmH2	UCnmNJQ_W2ra79BAsOD6KAtA	ym 2020s early mb albums p1
Lavender Blues	BIG SCENIC NOWHERE	Lavender Blues	INDIFFERENT	QWJUzRo4L8s	MPREb_90huEnCZdxM	UCBD_OC2fUXkQxO3qSJekQDQ	ym 2020s early mb albums p1
Labyrinths Fade	BIG SCENIC NOWHERE	Lavender Blues	INDIFFERENT	0FN7NFI8y6c	MPREb_90huEnCZdxM	UCBD_OC2fUXkQxO3qSJekQDQ	ym 2020s early mb albums p1
Blink of an Eye	BIG SCENIC NOWHERE	Lavender Blues	INDIFFERENT	PNcvz4rzcQE	MPREb_90huEnCZdxM	UCBD_OC2fUXkQxO3qSJekQDQ	ym 2020s early mb albums p1
Timid, Intimidating	BADBADNOTGOOD	Talk Memory	INDIFFERENT	Lxjr0XJzMcE	MPREb_NUWPsZrTr07	UCeLdRRQwPb-KP8Qj7j3P5dw	ym 2020s early mb albums p1
City of Mirrors (feat. Arthur Verocai)	BADBADNOTGOOD	Talk Memory	INDIFFERENT	V1SjaoXYS_U	MPREb_NUWPsZrTr07	UCeLdRRQwPb-KP8Qj7j3P5dw	ym 2020s early mb albums p1
Taco Taco	BADBADNOTGOOD	Mid Spiral	INDIFFERENT	Fet2rFKrW10	MPREb_TfTOcDwCGAS	UCeLdRRQwPb-KP8Qj7j3P5dw	ym 2020s early mb albums p1
Rewind Your Mind	BADBADNOTGOOD	Mid Spiral	INDIFFERENT	cF3iMdHVYic	MPREb_TfTOcDwCGAS	UCeLdRRQwPb-KP8Qj7j3P5dw	ym 2020s early mb albums p1
Playgroup	BADBADNOTGOOD	Mid Spiral	INDIFFERENT	NP1m_gG4emo	MPREb_TfTOcDwCGAS	UCeLdRRQwPb-KP8Qj7j3P5dw	ym 2020s early mb albums p1
Last Laugh	BADBADNOTGOOD	Mid Spiral	INDIFFERENT	W4NPegcDVIE	MPREb_TfTOcDwCGAS	UCeLdRRQwPb-KP8Qj7j3P5dw	ym 2020s early mb albums p1
Juan's World	BADBADNOTGOOD	Mid Spiral	INDIFFERENT	PIX6VHKVlEI	MPREb_TfTOcDwCGAS	UCeLdRRQwPb-KP8Qj7j3P5dw	ym 2020s early mb albums p1
Eyes On Me	BADBADNOTGOOD	Mid Spiral	INDIFFERENT	QvwrR0mlB3M	MPREb_TfTOcDwCGAS	UCeLdRRQwPb-KP8Qj7j3P5dw	ym 2020s early mb albums p1
Celestial Hands	BADBADNOTGOOD	Mid Spiral	INDIFFERENT	NGphWD2HYgw	MPREb_TfTOcDwCGAS	UCeLdRRQwPb-KP8Qj7j3P5dw	ym 2020s early mb albums p1
Best Left Unsolved (Bonus Track)	BADBADNOTGOOD	Mid Spiral	INDIFFERENT	rIwCJmYvzOs	MPREb_TfTOcDwCGAS	UCeLdRRQwPb-KP8Qj7j3P5dw	ym 2020s early mb albums p1
Audacia	BADBADNOTGOOD	Mid Spiral	INDIFFERENT	OVVI3gT_sac	MPREb_TfTOcDwCGAS	UCeLdRRQwPb-KP8Qj7j3P5dw	ym 2020s early mb albums p1
Zegiyitwali	Azmari	Samā'ī	INDIFFERENT	GfZm9S8ZAVM	MPREb_VjXRIvv9cxx	UC2PlIP4WbTwVisBnfEZDajw	ym 2020s early mb albums p1
Tariq Al Sahara	Azmari	Samā'ī	INDIFFERENT	FEjKfVpcoXU	MPREb_VjXRIvv9cxx	UC2PlIP4WbTwVisBnfEZDajw	ym 2020s early mb albums p1
Kugler	Azmari	Samā'ī	INDIFFERENT	Ie4XkrSNNZ0	MPREb_VjXRIvv9cxx	UC2PlIP4WbTwVisBnfEZDajw	ym 2020s early mb albums p1
Kamilari	Azmari	Samā'ī	INDIFFERENT	7-18uqAGbgs	MPREb_VjXRIvv9cxx	UC2PlIP4WbTwVisBnfEZDajw	ym 2020s early mb albums p1
Kadiköy	Azmari	Samā'ī	INDIFFERENT	t-J05JUmv80	MPREb_VjXRIvv9cxx	UC2PlIP4WbTwVisBnfEZDajw	ym 2020s early mb albums p1
Fat Ari	Azmari	Samā'ī	INDIFFERENT	AbiixDM-RWg	MPREb_VjXRIvv9cxx	UC2PlIP4WbTwVisBnfEZDajw	ym 2020s early mb albums p1
Doni	Azmari	Samā'ī	INDIFFERENT	_Y-hTO4P7u8	MPREb_VjXRIvv9cxx	UC2PlIP4WbTwVisBnfEZDajw	ym 2020s early mb albums p1
Cosmic Masadāni	Azmari	Samā'ī	INDIFFERENT	n-BVgDiYWaI	MPREb_VjXRIvv9cxx	UC2PlIP4WbTwVisBnfEZDajw	ym 2020s early mb albums p1
Azalaï	Azmari	Samā'ī	INDIFFERENT	dWRhAMMtplw	MPREb_VjXRIvv9cxx	UC2PlIP4WbTwVisBnfEZDajw	ym 2020s early mb albums p1
si00	Autechre	SIGN	INDIFFERENT	xaxkQ0HlWDU	MPREb_jGLtbi9U3yi	UCBUAlfIrcw1f0c4qGrYn3xA	ym 2020s early mb albums p1
sch.mefd 2	Autechre	SIGN	INDIFFERENT	-SAVbSr_eME	MPREb_jGLtbi9U3yi	UCBUAlfIrcw1f0c4qGrYn3xA	ym 2020s early mb albums p1
r cazt	Autechre	SIGN	INDIFFERENT	V3-A7VsA9LI	MPREb_jGLtbi9U3yi	UCBUAlfIrcw1f0c4qGrYn3xA	ym 2020s early mb albums p1
gr4	Autechre	SIGN	INDIFFERENT	SA-kS3bNaso	MPREb_jGLtbi9U3yi	UCBUAlfIrcw1f0c4qGrYn3xA	ym 2020s early mb albums p1
au14	Autechre	SIGN	INDIFFERENT	ISjULMW-j54	MPREb_jGLtbi9U3yi	UCBUAlfIrcw1f0c4qGrYn3xA	ym 2020s early mb albums p1
M4 Lema	Autechre	SIGN	INDIFFERENT	czjrWzparbU	MPREb_jGLtbi9U3yi	UCBUAlfIrcw1f0c4qGrYn3xA	ym 2020s early mb albums p1
Water, It Feels Like It's Growing	Atsuko Chiba	Water, It Feels Like It's Growing	INDIFFERENT	l1z497Aiue0	MPREb_6UjUgpePvNm	UC8GSpvHSHw0y6ZjczOdGPow	ym 2020s early mb albums p1
Sunbath	Atsuko Chiba	Water, It Feels Like It's Growing	INDIFFERENT	11rY3cXZWzk	MPREb_6UjUgpePvNm	UC8GSpvHSHw0y6ZjczOdGPow	ym 2020s early mb albums p1
So Much For	Atsuko Chiba	Water, It Feels Like It's Growing	INDIFFERENT	U2I43DUZcT4	MPREb_6UjUgpePvNm	UC8GSpvHSHw0y6ZjczOdGPow	ym 2020s early mb albums p1
Shook (I'm Often)	Atsuko Chiba	Water, It Feels Like It's Growing	INDIFFERENT	TeUZsTJ1VwA	MPREb_6UjUgpePvNm	UC8GSpvHSHw0y6ZjczOdGPow	ym 2020s early mb albums p1
Seeds	Atsuko Chiba	Water, It Feels Like It's Growing	INDIFFERENT	HjUB6d0cgYA	MPREb_6UjUgpePvNm	UC8GSpvHSHw0y6ZjczOdGPow	ym 2020s early mb albums p1
Link	Atsuko Chiba	Water, It Feels Like It's Growing	INDIFFERENT	U6AGWja65DY	MPREb_6UjUgpePvNm	UC8GSpvHSHw0y6ZjczOdGPow	ym 2020s early mb albums p1
Sleep Whisper	Astronoid	Radiant Bloom	INDIFFERENT	Rl7Xhu2zTP0	MPREb_y31IKmux3yx	UClSpp7wu91prHVUt-TDJUwQ	ym 2020s early mb albums p1
Sedative	Astronoid	Radiant Bloom	INDIFFERENT	fDz1u-0yKu4	MPREb_y31IKmux3yx	UClSpp7wu91prHVUt-TDJUwQ	ym 2020s early mb albums p1
Orchid	Astronoid	Radiant Bloom	INDIFFERENT	Y2i__uAD3sc	MPREb_y31IKmux3yx	UClSpp7wu91prHVUt-TDJUwQ	ym 2020s early mb albums p1
I've Forgotten Your Face	Astronoid	Radiant Bloom	INDIFFERENT	8AYhI6qaJMs	MPREb_y31IKmux3yx	UClSpp7wu91prHVUt-TDJUwQ	ym 2020s early mb albums p1
Human	Astronoid	Radiant Bloom	INDIFFERENT	obw84zcNTSE	MPREb_y31IKmux3yx	UClSpp7wu91prHVUt-TDJUwQ	ym 2020s early mb albums p1
Eyes	Astronoid	Radiant Bloom	INDIFFERENT	140X_1cgPXU	MPREb_y31IKmux3yx	UClSpp7wu91prHVUt-TDJUwQ	ym 2020s early mb albums p1
Drown	Astronoid	Radiant Bloom	INDIFFERENT	VeenJzHom-s	MPREb_y31IKmux3yx	UClSpp7wu91prHVUt-TDJUwQ	ym 2020s early mb albums p1
Decades	Astronoid	Radiant Bloom	INDIFFERENT	j6F7R944SZg	MPREb_y31IKmux3yx	UClSpp7wu91prHVUt-TDJUwQ	ym 2020s early mb albums p1
Admin	Astronoid	Radiant Bloom	INDIFFERENT	AtY_hcy3piQ	MPREb_y31IKmux3yx	UClSpp7wu91prHVUt-TDJUwQ	ym 2020s early mb albums p1
Staying here	Astrid Sonne	Great Doubt	INDIFFERENT	4uN-t93yVv8	MPREb_gzHmlVuHzdK	UCcSlgQbdmqVhf6Whtx-sYHQ	ym 2020s early mb albums p1
Say you love me	Astrid Sonne	Great Doubt	INDIFFERENT	RTPiJqVgh78	MPREb_gzHmlVuHzdK	UCcSlgQbdmqVhf6Whtx-sYHQ	ym 2020s early mb albums p1
Overture	Astrid Sonne	Great Doubt	INDIFFERENT	qBVEsd6wx68	MPREb_gzHmlVuHzdK	UCcSlgQbdmqVhf6Whtx-sYHQ	ym 2020s early mb albums p1
Light and heavy	Astrid Sonne	Great Doubt	INDIFFERENT	5qxQ3LcBK-c	MPREb_gzHmlVuHzdK	UCcSlgQbdmqVhf6Whtx-sYHQ	ym 2020s early mb albums p1
Give my all	Astrid Sonne	Great Doubt	INDIFFERENT	_xTzIxlqeSA	MPREb_gzHmlVuHzdK	UCcSlgQbdmqVhf6Whtx-sYHQ	ym 2020s early mb albums p1
Everything is unreal	Astrid Sonne	Great Doubt	INDIFFERENT	kUYo7UaFmgc	MPREb_gzHmlVuHzdK	UCcSlgQbdmqVhf6Whtx-sYHQ	ym 2020s early mb albums p1
Do you wanna	Astrid Sonne	Great Doubt	INDIFFERENT	LRMEOtcpd_s	MPREb_gzHmlVuHzdK	UCcSlgQbdmqVhf6Whtx-sYHQ	ym 2020s early mb albums p1
Boost	Astrid Sonne	Great Doubt	INDIFFERENT	5EZbesT_Z5c	MPREb_gzHmlVuHzdK	UCcSlgQbdmqVhf6Whtx-sYHQ	ym 2020s early mb albums p1
Almost	Astrid Sonne	Great Doubt	INDIFFERENT	bhl5Uqt99Lw	MPREb_gzHmlVuHzdK	UCcSlgQbdmqVhf6Whtx-sYHQ	ym 2020s early mb albums p1
Suroor	Arooj Aftab	Vulture Prince	INDIFFERENT	CkTG45CbFII	MPREb_PPyQWdHvzKL	UCh6JYkn11gYYDqgkXAOIuzw	ym 2020s early mb albums p1
Saans Lo	Arooj Aftab	Vulture Prince	INDIFFERENT	IPyG9WEe1vk	MPREb_PPyQWdHvzKL	UCh6JYkn11gYYDqgkXAOIuzw	ym 2020s early mb albums p1
Mohabbat	Arooj Aftab	Vulture Prince	INDIFFERENT	DrL81SOUv9o	MPREb_PPyQWdHvzKL	UCh6JYkn11gYYDqgkXAOIuzw	ym 2020s early mb albums p1
Last Night	Arooj Aftab	Vulture Prince	INDIFFERENT	XX1ResoIGc8	MPREb_PPyQWdHvzKL	UCh6JYkn11gYYDqgkXAOIuzw	ym 2020s early mb albums p1
Inayaat	Arooj Aftab	Vulture Prince	INDIFFERENT	udgzpKR6jbU	MPREb_PPyQWdHvzKL	UCh6JYkn11gYYDqgkXAOIuzw	ym 2020s early mb albums p1
Diya Hai (feat. Badi Assad)	Arooj Aftab	Vulture Prince	INDIFFERENT	cATqcbOTTi4	MPREb_PPyQWdHvzKL	UCh6JYkn11gYYDqgkXAOIuzw	ym 2020s early mb albums p1
Baghon Main (feat. Darian Donovan Thomas)	Arooj Aftab	Vulture Prince	INDIFFERENT	gMWEQ3k1Ziw	MPREb_PPyQWdHvzKL	UCh6JYkn11gYYDqgkXAOIuzw	ym 2020s early mb albums p1
Zameen (feat. Chocolate Genius Incorporated)	Arooj Aftab	Night Reign	INDIFFERENT	2u1kV6_ZNcE	MPREb_r35wK8YGaVY	UCh6JYkn11gYYDqgkXAOIuzw	ym 2020s early mb albums p1
Whiskey	Arooj Aftab	Night Reign	INDIFFERENT	-5ATQ7a2U94	MPREb_r35wK8YGaVY	UCh6JYkn11gYYDqgkXAOIuzw	ym 2020s early mb albums p1
Saaqi (feat. Vijay Iyer)	Arooj Aftab	Night Reign	INDIFFERENT	QZnAzqQ9yAU	MPREb_r35wK8YGaVY	UCh6JYkn11gYYDqgkXAOIuzw	ym 2020s early mb albums p1
Raat Ki Rani	Arooj Aftab	Night Reign	INDIFFERENT	Zhbr05Zysiw	MPREb_r35wK8YGaVY	UCh6JYkn11gYYDqgkXAOIuzw	ym 2020s early mb albums p1
Na Gul	Arooj Aftab	Night Reign	INDIFFERENT	jslhW6kIYc0	MPREb_r35wK8YGaVY	UCh6JYkn11gYYDqgkXAOIuzw	ym 2020s early mb albums p1
Last Night Reprise (feat. Cautious Clay, Kaki King & Maeve Gilchrist)	Arooj Aftab	Night Reign	INDIFFERENT	mbmR6SwEeOg	MPREb_r35wK8YGaVY	UCh6JYkn11gYYDqgkXAOIuzw	ym 2020s early mb albums p1
Bolo Na (feat. Moor Mother & Joel Ross)	Arooj Aftab	Night Reign	INDIFFERENT	xE-yo3cnzAA	MPREb_r35wK8YGaVY	UCh6JYkn11gYYDqgkXAOIuzw	ym 2020s early mb albums p1
Aey Nehin	Arooj Aftab	Night Reign	INDIFFERENT	o_lqpszWedM	MPREb_r35wK8YGaVY	UCh6JYkn11gYYDqgkXAOIuzw	ym 2020s early mb albums p1
Too Good	Arlo Parks	Collapsed In Sunbeams	INDIFFERENT	6gNDqxQwEKo	MPREb_d9pUocYtwTY	UCONW30aJYOThs54eGXz38kw	ym 2020s early mb albums p1
Portra 400	Arlo Parks	Collapsed In Sunbeams	INDIFFERENT	bbzxq-ZxqnA	MPREb_d9pUocYtwTY	UCONW30aJYOThs54eGXz38kw	ym 2020s early mb albums p1
Just Go	Arlo Parks	Collapsed In Sunbeams	INDIFFERENT	KSVVE766_Kw	MPREb_d9pUocYtwTY	UCONW30aJYOThs54eGXz38kw	ym 2020s early mb albums p1
Hurt	Arlo Parks	Collapsed In Sunbeams	INDIFFERENT	JUjUE6yTMN0	MPREb_d9pUocYtwTY	UCONW30aJYOThs54eGXz38kw	ym 2020s early mb albums p1
Hope	Arlo Parks	Collapsed In Sunbeams	INDIFFERENT	w3KbNQu5tNw	MPREb_d9pUocYtwTY	UCONW30aJYOThs54eGXz38kw	ym 2020s early mb albums p1
Green Eyes	Arlo Parks	Collapsed In Sunbeams	INDIFFERENT	c5eLB7blK7o	MPREb_d9pUocYtwTY	UCONW30aJYOThs54eGXz38kw	ym 2020s early mb albums p1
For Violet	Arlo Parks	Collapsed In Sunbeams	INDIFFERENT	jLDM1zBkv30	MPREb_d9pUocYtwTY	UCONW30aJYOThs54eGXz38kw	ym 2020s early mb albums p1
Collapsed In Sunbeams	Arlo Parks	Collapsed In Sunbeams	INDIFFERENT	ruNSGaKSuQI	MPREb_d9pUocYtwTY	UCONW30aJYOThs54eGXz38kw	ym 2020s early mb albums p1
Caroline	Arlo Parks	Collapsed In Sunbeams	INDIFFERENT	FN2o70YtVxs	MPREb_d9pUocYtwTY	UCONW30aJYOThs54eGXz38kw	ym 2020s early mb albums p1
Bluish	Arlo Parks	Collapsed In Sunbeams	INDIFFERENT	pJqn1iYFm1E	MPREb_d9pUocYtwTY	UCONW30aJYOThs54eGXz38kw	ym 2020s early mb albums p1
Black Dog	Arlo Parks	Collapsed In Sunbeams	INDIFFERENT	td9ynZLqVHY	MPREb_d9pUocYtwTY	UCONW30aJYOThs54eGXz38kw	ym 2020s early mb albums p1
Écoute Au Loin	Ariel Kalma	The Closest Thing to Silence	INDIFFERENT	o5_Cew19wos	MPREb_jKoey5q6piq	UCqasmG_A06rSP4NTPQG9F_w	ym 2020s early mb albums p1
Une Ombre Légère	Ariel Kalma	The Closest Thing to Silence	INDIFFERENT	8NjiStWoqbE	MPREb_jKoey5q6piq	UCqasmG_A06rSP4NTPQG9F_w	ym 2020s early mb albums p1
Stay Centered	Ariel Kalma	The Closest Thing to Silence	INDIFFERENT	dfA51670GrE	MPREb_jKoey5q6piq	UCqasmG_A06rSP4NTPQG9F_w	ym 2020s early mb albums p1
New Air	Ariel Kalma	The Closest Thing to Silence	INDIFFERENT	quEPw2T8-Fk	MPREb_jKoey5q6piq	UCqasmG_A06rSP4NTPQG9F_w	ym 2020s early mb albums p1
Dizzy Ditty	Ariel Kalma	The Closest Thing to Silence	INDIFFERENT	b1B2dukuz_Y	MPREb_jKoey5q6piq	UCqasmG_A06rSP4NTPQG9F_w	ym 2020s early mb albums p1
There'd Better Be A Mirrorball	Arctic Monkeys	The Car	INDIFFERENT	B-CKookVyhA	MPREb_ZYxHcWYYubS	UC8Yu1_yfN5qPh601Y4btsYw	ym 2020s early mb albums p1
The Car	Arctic Monkeys	The Car	INDIFFERENT	6CngGIckIbo	MPREb_ZYxHcWYYubS	UC8Yu1_yfN5qPh601Y4btsYw	ym 2020s early mb albums p1
Sculptures Of Anything Goes	Arctic Monkeys	The Car	INDIFFERENT	xT3059r4-Qo	MPREb_ZYxHcWYYubS	UC8Yu1_yfN5qPh601Y4btsYw	ym 2020s early mb albums p1
Perfect Sense	Arctic Monkeys	The Car	INDIFFERENT	rak_1KAbdHg	MPREb_ZYxHcWYYubS	UC8Yu1_yfN5qPh601Y4btsYw	ym 2020s early mb albums p1
Mr Schwartz	Arctic Monkeys	The Car	INDIFFERENT	ZGsE5c6_QbM	MPREb_ZYxHcWYYubS	UC8Yu1_yfN5qPh601Y4btsYw	ym 2020s early mb albums p1
Jet Skis On The Moat	Arctic Monkeys	The Car	INDIFFERENT	qXQcKLYqMjI	MPREb_ZYxHcWYYubS	UC8Yu1_yfN5qPh601Y4btsYw	ym 2020s early mb albums p1
I Ain't Quite Where I Think I Am	Arctic Monkeys	The Car	INDIFFERENT	Tycvau5crd8	MPREb_ZYxHcWYYubS	UC8Yu1_yfN5qPh601Y4btsYw	ym 2020s early mb albums p1
Hello You	Arctic Monkeys	The Car	INDIFFERENT	xDxYKOSWRB8	MPREb_ZYxHcWYYubS	UC8Yu1_yfN5qPh601Y4btsYw	ym 2020s early mb albums p1
Body Paint	Arctic Monkeys	The Car	INDIFFERENT	gBdwZeK4igM	MPREb_ZYxHcWYYubS	UC8Yu1_yfN5qPh601Y4btsYw	ym 2020s early mb albums p1
Big Ideas	Arctic Monkeys	The Car	INDIFFERENT	QowqM7LUMBY	MPREb_ZYxHcWYYubS	UC8Yu1_yfN5qPh601Y4btsYw	ym 2020s early mb albums p1
WE	Arcade Fire	WE	INDIFFERENT	NtnmJD5qNAo	MPREb_zkE5PTyZFKw	UCXvAK640Ko85SLbI-zA0ZCg	ym 2020s early mb albums p1
Unconditional II (Race and Religion) (feat. Peter Gabriel)	Arcade Fire	WE	INDIFFERENT	Ec-KVe5UMcQ	MPREb_zkE5PTyZFKw	UCXvAK640Ko85SLbI-zA0ZCg	ym 2020s early mb albums p1
Unconditional I (Lookout Kid)	Arcade Fire	WE	INDIFFERENT	ZSsUGBkvFAY	MPREb_zkE5PTyZFKw	UCXvAK640Ko85SLbI-zA0ZCg	ym 2020s early mb albums p1
The Lightning II	Arcade Fire	WE	INDIFFERENT	SyRIIfldQjg	MPREb_zkE5PTyZFKw	UCXvAK640Ko85SLbI-zA0ZCg	ym 2020s early mb albums p1
The Lightning I	Arcade Fire	WE	INDIFFERENT	eIIdtbZxIVU	MPREb_zkE5PTyZFKw	UCXvAK640Ko85SLbI-zA0ZCg	ym 2020s early mb albums p1
Prelude	Arcade Fire	WE	INDIFFERENT	qK27FWryjnE	MPREb_zkE5PTyZFKw	UCXvAK640Ko85SLbI-zA0ZCg	ym 2020s early mb albums p1
End of the Empire IV (Sagittarius A*)	Arcade Fire	WE	INDIFFERENT	YNFEs3JKMeA	MPREb_zkE5PTyZFKw	UCXvAK640Ko85SLbI-zA0ZCg	ym 2020s early mb albums p1
End of the Empire I-III	Arcade Fire	WE	INDIFFERENT	dFX5g7kyX9g	MPREb_zkE5PTyZFKw	UCXvAK640Ko85SLbI-zA0ZCg	ym 2020s early mb albums p1
Age of Anxiety II (Rabbit Hole)	Arcade Fire	WE	INDIFFERENT	SR9kwm5iF8Y	MPREb_zkE5PTyZFKw	UCXvAK640Ko85SLbI-zA0ZCg	ym 2020s early mb albums p1
Watch (feat. Shygirl)	Arca	KiCk i	INDIFFERENT	C6egx7gmIJE	MPREb_oMjV7xu2eDk	UCxtNUmTQo1hJ3jEW7Z8EiYg	ym 2020s early mb albums p1
Time	Arca	KiCk i	INDIFFERENT	rIsDKKNxwVQ	MPREb_oMjV7xu2eDk	UCxtNUmTQo1hJ3jEW7Z8EiYg	ym 2020s early mb albums p1
Riquiquí	Arca	KiCk i	INDIFFERENT	sHvUU8OWTC4	MPREb_oMjV7xu2eDk	UCxtNUmTQo1hJ3jEW7Z8EiYg	ym 2020s early mb albums p1
Nonbinary	Arca	KiCk i	INDIFFERENT	OmqcRi2JiQ4	MPREb_oMjV7xu2eDk	UCxtNUmTQo1hJ3jEW7Z8EiYg	ym 2020s early mb albums p1
No Queda Nada	Arca	KiCk i	INDIFFERENT	vskShRlPIlk	MPREb_oMjV7xu2eDk	UCxtNUmTQo1hJ3jEW7Z8EiYg	ym 2020s early mb albums p1
Machote	Arca	KiCk i	INDIFFERENT	Qo9T2MR8pMY	MPREb_oMjV7xu2eDk	UCxtNUmTQo1hJ3jEW7Z8EiYg	ym 2020s early mb albums p1
La Chíqui (feat. SOPHIE)	Arca	KiCk i	INDIFFERENT	0MNQLJUXrx8	MPREb_oMjV7xu2eDk	UCxtNUmTQo1hJ3jEW7Z8EiYg	ym 2020s early mb albums p1
KLK (feat. Rosalía)	Arca	KiCk i	INDIFFERENT	EiPl2Ahv4Xs	MPREb_oMjV7xu2eDk	UCxtNUmTQo1hJ3jEW7Z8EiYg	ym 2020s early mb albums p1
Calor	Arca	KiCk i	INDIFFERENT	h9sCTQOR14o	MPREb_oMjV7xu2eDk	UCxtNUmTQo1hJ3jEW7Z8EiYg	ym 2020s early mb albums p1
Afterwards (feat. Björk)	Arca	KiCk i	INDIFFERENT	kfvBKoscvCY	MPREb_oMjV7xu2eDk	UCxtNUmTQo1hJ3jEW7Z8EiYg	ym 2020s early mb albums p1
Libertalia	Arc De Soleil	Libertalia	INDIFFERENT	OarnwZbvdPI	MPREb_hYvh2IBfHhH	UCT19chlT5wWKP59tfwImL0Q	ym 2020s early mb albums p1
umil 25-01 [Manchester 20.09.2019]	Aphex Twin	Music From The Merch Desk (2016 - 2023)	INDIFFERENT	H90xUe-0zlg	MPREb_wfzv7bW99ZR	UCWmnkYUzoOiOztmPBhIlZjg	ym 2020s early mb albums p1
sk8 littletune HS-PC202 [London 03.06.17]	Aphex Twin	Music From The Merch Desk (2016 - 2023)	INDIFFERENT	PauVVskqeEY	MPREb_wfzv7bW99ZR	UCWmnkYUzoOiOztmPBhIlZjg	ym 2020s early mb albums p1
rozzboxv2mam+4 [Manchester 20.09.2019]	Aphex Twin	Music From The Merch Desk (2016 - 2023)	INDIFFERENT	K7-zYdCwWVo	MPREb_wfzv7bW99ZR	UCWmnkYUzoOiOztmPBhIlZjg	ym 2020s early mb albums p1
rfc pt8 [Barcelona 16.06.2023]	Aphex Twin	Music From The Merch Desk (2016 - 2023)	INDIFFERENT	ZPWtdwMIsIw	MPREb_wfzv7bW99ZR	UCWmnkYUzoOiOztmPBhIlZjg	ym 2020s early mb albums p1
pretend analog extmix 2b,e2,ru [Manchester 20.09.2019]	Aphex Twin	Music From The Merch Desk (2016 - 2023)	INDIFFERENT	J3v8chRvznQ	MPREb_wfzv7bW99ZR	UCWmnkYUzoOiOztmPBhIlZjg	ym 2020s early mb albums p1
no stillson 6 cirk mix2 [Houston, TX 12.17.16]	Aphex Twin	Music From The Merch Desk (2016 - 2023)	INDIFFERENT	wLFKeWuFmBE	MPREb_wfzv7bW99ZR	UCWmnkYUzoOiOztmPBhIlZjg	ym 2020s early mb albums p1
no stillson 6 cirk [Houston, TX 12.17.16]	Aphex Twin	Music From The Merch Desk (2016 - 2023)	INDIFFERENT	DqyeA3ooD78	MPREb_wfzv7bW99ZR	UCWmnkYUzoOiOztmPBhIlZjg	ym 2020s early mb albums p1
midi pipe2c edit, +3 [Manchester 20.09.2019]	Aphex Twin	Music From The Merch Desk (2016 - 2023)	INDIFFERENT	k8Jacm9a_3U	MPREb_wfzv7bW99ZR	UCWmnkYUzoOiOztmPBhIlZjg	ym 2020s early mb albums p1
korg funk5 [London 19.08.2023]	Aphex Twin	Music From The Merch Desk (2016 - 2023)	INDIFFERENT	qT-9HbRiY14	MPREb_wfzv7bW99ZR	UCWmnkYUzoOiOztmPBhIlZjg	ym 2020s early mb albums p1
korg 1b ru,ec,e [London 19.08.2023]	Aphex Twin	Music From The Merch Desk (2016 - 2023)	INDIFFERENT	PT6fCvD6W2I	MPREb_wfzv7bW99ZR	UCWmnkYUzoOiOztmPBhIlZjg	ym 2020s early mb albums p1
em2500 M253X [London 03.06.17]	Aphex Twin	Music From The Merch Desk (2016 - 2023)	INDIFFERENT	ToV6Ke0Q_ew	MPREb_wfzv7bW99ZR	UCWmnkYUzoOiOztmPBhIlZjg	ym 2020s early mb albums p1
dgitne tst1e [London 19.08.2023]	Aphex Twin	Music From The Merch Desk (2016 - 2023)	INDIFFERENT	LhyXeh2Jh_Q	MPREb_wfzv7bW99ZR	UCWmnkYUzoOiOztmPBhIlZjg	ym 2020s early mb albums p1
body pads [London 19.08.2023]	Aphex Twin	Music From The Merch Desk (2016 - 2023)	INDIFFERENT	dqqMrlQ0fnc	MPREb_wfzv7bW99ZR	UCWmnkYUzoOiOztmPBhIlZjg	ym 2020s early mb albums p1
afxfm e [Barcelona 16.06.2023]	Aphex Twin	Music From The Merch Desk (2016 - 2023)	INDIFFERENT	tBmr2Q04_AY	MPREb_wfzv7bW99ZR	UCWmnkYUzoOiOztmPBhIlZjg	ym 2020s early mb albums p1
ZT01 [sketch1] [London 03.06.17]	Aphex Twin	Music From The Merch Desk (2016 - 2023)	INDIFFERENT	lyMnsLi_jH0	MPREb_wfzv7bW99ZR	UCWmnkYUzoOiOztmPBhIlZjg	ym 2020s early mb albums p1
T69T07 stasspa+3 [London 03.06.17]	Aphex Twin	Music From The Merch Desk (2016 - 2023)	INDIFFERENT	Bf_ULlo1yHw	MPREb_wfzv7bW99ZR	UCWmnkYUzoOiOztmPBhIlZjg	ym 2020s early mb albums p1
T47 smodge [London 03.06.17]	Aphex Twin	Music From The Merch Desk (2016 - 2023)	INDIFFERENT	iZi3FlAMrjc	MPREb_wfzv7bW99ZR	UCWmnkYUzoOiOztmPBhIlZjg	ym 2020s early mb albums p1
T46 se70 rinseout2 [sketches] [London 03.06.17]	Aphex Twin	Music From The Merch Desk (2016 - 2023)	INDIFFERENT	v9myWBknEsk	MPREb_wfzv7bW99ZR	UCWmnkYUzoOiOztmPBhIlZjg	ym 2020s early mb albums p1
T23 441 [London 03.06.17]	Aphex Twin	Music From The Merch Desk (2016 - 2023)	INDIFFERENT	LZOKs0ae9og	MPREb_wfzv7bW99ZR	UCWmnkYUzoOiOztmPBhIlZjg	ym 2020s early mb albums p1
T20A ede 441 [London 03.06.17]	Aphex Twin	Music From The Merch Desk (2016 - 2023)	INDIFFERENT	r7Wlqyzcve4	MPREb_wfzv7bW99ZR	UCWmnkYUzoOiOztmPBhIlZjg	ym 2020s early mb albums p1
T18A pole1 [London 03.06.17]	Aphex Twin	Music From The Merch Desk (2016 - 2023)	INDIFFERENT	GsYng7FgXtY	MPREb_wfzv7bW99ZR	UCWmnkYUzoOiOztmPBhIlZjg	ym 2020s early mb albums p1
T17 Phase out +3 [London 03.06.17]	Aphex Twin	Music From The Merch Desk (2016 - 2023)	INDIFFERENT	xtO7WlDmCYE	MPREb_wfzv7bW99ZR	UCWmnkYUzoOiOztmPBhIlZjg	ym 2020s early mb albums p1
T16.5 MADMA with nastya [London 03.06.17]	Aphex Twin	Music From The Merch Desk (2016 - 2023)	INDIFFERENT	j-YQ7fZsXtw	MPREb_wfzv7bW99ZR	UCWmnkYUzoOiOztmPBhIlZjg	ym 2020s early mb albums p1
T13 Quadraverbia N+3 [London 03.06.17]	Aphex Twin	Music From The Merch Desk (2016 - 2023)	INDIFFERENT	QbeG6X9e9WI	MPREb_wfzv7bW99ZR	UCWmnkYUzoOiOztmPBhIlZjg	ym 2020s early mb albums p1
T08 dx1+5 [London 03.06.17]	Aphex Twin	Music From The Merch Desk (2016 - 2023)	INDIFFERENT	QShW2JV2ne8	MPREb_wfzv7bW99ZR	UCWmnkYUzoOiOztmPBhIlZjg	ym 2020s early mb albums p1
T05 tx16w marion MT***,e [sketches] [London 03.06.17]	Aphex Twin	Music From The Merch Desk (2016 - 2023)	INDIFFERENT	6WFiqos1Dg4	MPREb_wfzv7bW99ZR	UCWmnkYUzoOiOztmPBhIlZjg	ym 2020s early mb albums p1
T03 delta t [London 03.06.17]	Aphex Twin	Music From The Merch Desk (2016 - 2023)	INDIFFERENT	0DgMyXZ11FE	MPREb_wfzv7bW99ZR	UCWmnkYUzoOiOztmPBhIlZjg	ym 2020s early mb albums p1
Spiral Staircase (AFX Remix) [London 14.09.2019]	Aphex Twin	Music From The Merch Desk (2016 - 2023)	INDIFFERENT	xN2U08vxeto	MPREb_wfzv7bW99ZR	UCWmnkYUzoOiOztmPBhIlZjg	ym 2020s early mb albums p1
Soundlab20 [London 14.09.2019]	Aphex Twin	Music From The Merch Desk (2016 - 2023)	INDIFFERENT	wroox9XVGow	MPREb_wfzv7bW99ZR	UCWmnkYUzoOiOztmPBhIlZjg	ym 2020s early mb albums p1
SOOG e [London 19.08.2023]	Aphex Twin	Music From The Merch Desk (2016 - 2023)	INDIFFERENT	FLO4qSrlNzs	MPREb_wfzv7bW99ZR	UCWmnkYUzoOiOztmPBhIlZjg	ym 2020s early mb albums p1
Nightmail [London 14.09.2019]	Aphex Twin	Music From The Merch Desk (2016 - 2023)	INDIFFERENT	X2t2l7pf5xY	MPREb_wfzv7bW99ZR	UCWmnkYUzoOiOztmPBhIlZjg	ym 2020s early mb albums p1
MT1T2 olpedroom [London 03.06.17]	Aphex Twin	Music From The Merch Desk (2016 - 2023)	INDIFFERENT	kut-19C9Yjg	MPREb_wfzv7bW99ZR	UCWmnkYUzoOiOztmPBhIlZjg	ym 2020s early mb albums p1
MT1T1 bedroom microtune [London 03.06.17]	Aphex Twin	Music From The Merch Desk (2016 - 2023)	INDIFFERENT	cAHY5o9mXuM	MPREb_wfzv7bW99ZR	UCWmnkYUzoOiOztmPBhIlZjg	ym 2020s early mb albums p1
4x Atlantis Take 1 [London 14.09.2019]	Aphex Twin	Music From The Merch Desk (2016 - 2023)	INDIFFERENT	u8iXZ1A12T8	MPREb_wfzv7bW99ZR	UCWmnkYUzoOiOztmPBhIlZjg	ym 2020s early mb albums p1
42DIMENSIT3 e3 [London 03.06.17]	Aphex Twin	Music From The Merch Desk (2016 - 2023)	INDIFFERENT	wXEPqqNc2Ms	MPREb_wfzv7bW99ZR	UCWmnkYUzoOiOztmPBhIlZjg	ym 2020s early mb albums p1
42DIMENSIT10 [London 03.06.17]	Aphex Twin	Music From The Merch Desk (2016 - 2023)	INDIFFERENT	JQlm4zdWgq8	MPREb_wfzv7bW99ZR	UCWmnkYUzoOiOztmPBhIlZjg	ym 2020s early mb albums p1
21TXT1+4 ds8 flngchrods[sketch0.1b] [London 03.06.17]	Aphex Twin	Music From The Merch Desk (2016 - 2023)	INDIFFERENT	nkWhvtax9M0	MPREb_wfzv7bW99ZR	UCWmnkYUzoOiOztmPBhIlZjg	ym 2020s early mb albums p1
15T63 neotek 2h949 +3 [bonus beats] [London 03.06.17]	Aphex Twin	Music From The Merch Desk (2016 - 2023)	INDIFFERENT	WcsHgHWWon8	MPREb_wfzv7bW99ZR	UCWmnkYUzoOiOztmPBhIlZjg	ym 2020s early mb albums p1
in a room7 F760	Aphex Twin	Blackbox Life Recorder 21f / in a room7 F760	INDIFFERENT	gabFA9KdJSI	MPREb_gh08l9g5WIG	UCWmnkYUzoOiOztmPBhIlZjg	ym 2020s early mb albums p1
That Name (Live) (feat. Madicin & David Starks)	Anthony Hall	Roosevelt (Live)	INDIFFERENT	r5nU4OikvO0	MPREb_2NZsI4xbYdt	UCWXFWS2V9844G-aYg9uNm4w	ym 2020s early mb albums p1
See You Again (Live) (feat. Madicin)	Anthony Hall	Roosevelt (Live)	INDIFFERENT	s57V2F3ksQw	MPREb_2NZsI4xbYdt	UCWXFWS2V9844G-aYg9uNm4w	ym 2020s early mb albums p1
Never Leave (Live)	Anthony Hall	Roosevelt (Live)	INDIFFERENT	UBUdbrJxB1g	MPREb_2NZsI4xbYdt	UCWXFWS2V9844G-aYg9uNm4w	ym 2020s early mb albums p1
Miracle (Live)	Anthony Hall	Roosevelt (Live)	INDIFFERENT	LDqbYLNwB8s	MPREb_2NZsI4xbYdt	UCWXFWS2V9844G-aYg9uNm4w	ym 2020s early mb albums p1
Loving Me (Remix) (Live)	Anthony Hall	Roosevelt (Live)	INDIFFERENT	hokJTaPMH90	MPREb_2NZsI4xbYdt	UCWXFWS2V9844G-aYg9uNm4w	ym 2020s early mb albums p1
Introlude (Live) (feat. Dwayne 'DW' Wright)	Anthony Hall	Roosevelt (Live)	INDIFFERENT	-HQ_hbo-aj0	MPREb_2NZsI4xbYdt	UCWXFWS2V9844G-aYg9uNm4w	ym 2020s early mb albums p1
He’s Alright (Live)	Anthony Hall	Roosevelt (Live)	INDIFFERENT	yUtvgTiGeZk	MPREb_2NZsI4xbYdt	UCWXFWS2V9844G-aYg9uNm4w	ym 2020s early mb albums p1
G.O.O.D. (Live)	Anthony Hall	Roosevelt (Live)	INDIFFERENT	mBF36-24VaU	MPREb_2NZsI4xbYdt	UCWXFWS2V9844G-aYg9uNm4w	ym 2020s early mb albums p1
Altar Call (Live)	Anthony Hall	Roosevelt (Live)	INDIFFERENT	TxCVcmpsKTU	MPREb_2NZsI4xbYdt	UCWXFWS2V9844G-aYg9uNm4w	ym 2020s early mb albums p1
Wonder	Animal Ghosts	Swell	INDIFFERENT	1mFGOaqENSo	MPREb_du9jWJgEMWc	UC1O80aosTOdutARwWV3FdtA	ym 2020s early mb albums p1
Swerve	Animal Ghosts	Swell	INDIFFERENT	t9rRXH2OrH0	MPREb_du9jWJgEMWc	UC1O80aosTOdutARwWV3FdtA	ym 2020s early mb albums p1
Swell	Animal Ghosts	Swell	INDIFFERENT	8BuTCGS5J5Y	MPREb_du9jWJgEMWc	UC1O80aosTOdutARwWV3FdtA	ym 2020s early mb albums p1
Swallow	Animal Ghosts	Swell	INDIFFERENT	MdNDGp5Wx68	MPREb_du9jWJgEMWc	UC1O80aosTOdutARwWV3FdtA	ym 2020s early mb albums p1
Spells	Animal Ghosts	Swell	INDIFFERENT	FVfosLfotwA	MPREb_du9jWJgEMWc	UC1O80aosTOdutARwWV3FdtA	ym 2020s early mb albums p1
Helium	Animal Ghosts	Swell	INDIFFERENT	pCaNWb8zPQc	MPREb_du9jWJgEMWc	UC1O80aosTOdutARwWV3FdtA	ym 2020s early mb albums p1
Everything (feat. Japanese Heart Software)	Animal Ghosts	Swell	INDIFFERENT	cmrEGskUY-4	MPREb_du9jWJgEMWc	UC1O80aosTOdutARwWV3FdtA	ym 2020s early mb albums p1
Closer	Animal Ghosts	Swell	INDIFFERENT	rS9IZ0yfK3g	MPREb_du9jWJgEMWc	UC1O80aosTOdutARwWV3FdtA	ym 2020s early mb albums p1
Bruise	Animal Ghosts	Swell	INDIFFERENT	bbnVBN22i6U	MPREb_du9jWJgEMWc	UC1O80aosTOdutARwWV3FdtA	ym 2020s early mb albums p1
Blur	Animal Ghosts	Swell	INDIFFERENT	e--gVCliWIw	MPREb_du9jWJgEMWc	UC1O80aosTOdutARwWV3FdtA	ym 2020s early mb albums p1
Walker	Animal Collective	Time Skiffs	INDIFFERENT	38Gygdc6JVw	MPREb_bsQpPindzo0	UC6X5Baxp63Ex9NaLZwAy7lQ	ym 2020s early mb albums p1
Strung with Everything	Animal Collective	Time Skiffs	INDIFFERENT	N1yPEmUJKMg	MPREb_bsQpPindzo0	UC6X5Baxp63Ex9NaLZwAy7lQ	ym 2020s early mb albums p1
Prester John	Animal Collective	Time Skiffs	INDIFFERENT	NumIwOvMHss	MPREb_bsQpPindzo0	UC6X5Baxp63Ex9NaLZwAy7lQ	ym 2020s early mb albums p1
Dragon Slayer	Animal Collective	Time Skiffs	INDIFFERENT	YgYGBdkqoAY	MPREb_bsQpPindzo0	UC6X5Baxp63Ex9NaLZwAy7lQ	ym 2020s early mb albums p1
Cherokee	Animal Collective	Time Skiffs	INDIFFERENT	oYm-VQ6FtXI	MPREb_bsQpPindzo0	UC6X5Baxp63Ex9NaLZwAy7lQ	ym 2020s early mb albums p1
Magicians From Baltimore	Animal Collective	Isn’t It Now?	INDIFFERENT	7Hhbf_wbKbA	MPREb_qS64pfRXOAL	UC6X5Baxp63Ex9NaLZwAy7lQ	ym 2020s early mb albums p1
Broke Zodiac	Animal Collective	Isn’t It Now?	INDIFFERENT	qy5vWMItAig	MPREb_qS64pfRXOAL	UC6X5Baxp63Ex9NaLZwAy7lQ	ym 2020s early mb albums p1
All The Clubs Are Broken	Animal Collective	Isn’t It Now?	INDIFFERENT	dYmGGczah7M	MPREb_qS64pfRXOAL	UC6X5Baxp63Ex9NaLZwAy7lQ	ym 2020s early mb albums p1
Tamebsz	Angine de Poitrine	Vol.1	INDIFFERENT	PVmbtngHxcs	MPREb_jFu7QAcCkgd	UCCc-xdA3zmyn6m7L1lD0gcQ	ym 2020s early mb albums p1
L'Aberek	Angine de Poitrine	Vol.1	INDIFFERENT	K8t7MjqJw_I	MPREb_jFu7QAcCkgd	UCCc-xdA3zmyn6m7L1lD0gcQ	ym 2020s early mb albums p1
Ababa Hotel	Angine de Poitrine	Vol.1	INDIFFERENT	Ip9JLy81ie4	MPREb_jFu7QAcCkgd	UCCc-xdA3zmyn6m7L1lD0gcQ	ym 2020s early mb albums p1
Through The Fires	Angel Olsen	Big Time	INDIFFERENT	VWvTO4RXpOg	MPREb_57HZ1M8lt1w	UCLYqVE2kmsNw2uJFNjHv8yw	ym 2020s early mb albums p1
This Is How It Works	Angel Olsen	Big Time	INDIFFERENT	hwuJchUwcI0	MPREb_57HZ1M8lt1w	UCLYqVE2kmsNw2uJFNjHv8yw	ym 2020s early mb albums p1
Right Now	Angel Olsen	Big Time	INDIFFERENT	6qJoUxSTQAg	MPREb_57HZ1M8lt1w	UCLYqVE2kmsNw2uJFNjHv8yw	ym 2020s early mb albums p1
Go Home	Angel Olsen	Big Time	INDIFFERENT	N9oA2fshdAs	MPREb_57HZ1M8lt1w	UCLYqVE2kmsNw2uJFNjHv8yw	ym 2020s early mb albums p1
Dream Thing	Angel Olsen	Big Time	INDIFFERENT	O8mZnmPy0Qg	MPREb_57HZ1M8lt1w	UCLYqVE2kmsNw2uJFNjHv8yw	ym 2020s early mb albums p1
Chasing The Sun	Angel Olsen	Big Time	INDIFFERENT	-YGgnU5IqGg	MPREb_57HZ1M8lt1w	UCLYqVE2kmsNw2uJFNjHv8yw	ym 2020s early mb albums p1
All The Flowers	Angel Olsen	Big Time	INDIFFERENT	FL-KN5xMV_g	MPREb_57HZ1M8lt1w	UCLYqVE2kmsNw2uJFNjHv8yw	ym 2020s early mb albums p1
Ninety Three 'Til Infinity And Beyoncé	André 3000	New Blue Sun	INDIFFERENT	n_gX6xzPwKM	MPREb_1A1tqUHzHUY	UCqmZ-EtD-ExXjF9Y28LbN2w	ym 2020s early mb albums p1
Dreams Once Buried Beneath The Dungeon Floor Slowly Sprout Into Undying Gardens	André 3000	New Blue Sun	INDIFFERENT	Q1XlCrBQkiU	MPREb_1A1tqUHzHUY	UCqmZ-EtD-ExXjF9Y28LbN2w	ym 2020s early mb albums p1
BuyPoloDisorder's Daughter Wears A 3000® Shirt Embroidered	André 3000	New Blue Sun	INDIFFERENT	mqnyUQfNqBE	MPREb_1A1tqUHzHUY	UCqmZ-EtD-ExXjF9Y28LbN2w	ym 2020s early mb albums p1
TrackQY	Andrea	Ritorno	INDIFFERENT	yoCajfZTAB4	MPREb_MMYBuAIP6c1	UCucGbLjeXSzVW8MlItXT_HQ	ym 2020s early mb albums p1
SKYLN	Andrea	Ritorno	INDIFFERENT	pBYecLtCips	MPREb_MMYBuAIP6c1	UCucGbLjeXSzVW8MlItXT_HQ	ym 2020s early mb albums p1
Liquid	Andrea	Ritorno	INDIFFERENT	kZxijNqcjcU	MPREb_MMYBuAIP6c1	UCucGbLjeXSzVW8MlItXT_HQ	ym 2020s early mb albums p1
Lana	Andrea	Ritorno	INDIFFERENT	wFIq3pYyx20	MPREb_MMYBuAIP6c1	UCucGbLjeXSzVW8MlItXT_HQ	ym 2020s early mb albums p1
LS September	Andrea	Ritorno	INDIFFERENT	6jujC8i9p8w	MPREb_MMYBuAIP6c1	UCucGbLjeXSzVW8MlItXT_HQ	ym 2020s early mb albums p1
LG_Amb	Andrea	Ritorno	INDIFFERENT	A9V_knLnc1E	MPREb_MMYBuAIP6c1	UCucGbLjeXSzVW8MlItXT_HQ	ym 2020s early mb albums p1
Isabelle's String	Andrea	Ritorno	INDIFFERENT	uFDmnrXHB0I	MPREb_MMYBuAIP6c1	UCucGbLjeXSzVW8MlItXT_HQ	ym 2020s early mb albums p1
Drumzzy	Andrea	Ritorno	INDIFFERENT	SjzW58Z8Bdo	MPREb_MMYBuAIP6c1	UCucGbLjeXSzVW8MlItXT_HQ	ym 2020s early mb albums p1
Sephr	Andrea	Due in Color	INDIFFERENT	uqL89FG0pZ4	MPREb_JV3MX4rvDT2	UCucGbLjeXSzVW8MlItXT_HQ	ym 2020s early mb albums p1
Return_Lei	Andrea	Due in Color	INDIFFERENT	dECcZFr84FY	MPREb_JV3MX4rvDT2	UCucGbLjeXSzVW8MlItXT_HQ	ym 2020s early mb albums p1
Ress	Andrea	Due in Color	INDIFFERENT	pmeDsKAPot8	MPREb_JV3MX4rvDT2	UCucGbLjeXSzVW8MlItXT_HQ	ym 2020s early mb albums p1
Remote Working	Andrea	Due in Color	INDIFFERENT	0cghgZi-8iU	MPREb_JV3MX4rvDT2	UCucGbLjeXSzVW8MlItXT_HQ	ym 2020s early mb albums p1
Lush In End (Drum Version)	Andrea	Due in Color	INDIFFERENT	PE6Ng85OVvQ	MPREb_JV3MX4rvDT2	UCucGbLjeXSzVW8MlItXT_HQ	ym 2020s early mb albums p1
Jaim	Andrea	Due in Color	INDIFFERENT	xI0CYDkW_Tw	MPREb_JV3MX4rvDT2	UCucGbLjeXSzVW8MlItXT_HQ	ym 2020s early mb albums p1
Hazymo	Andrea	Due in Color	INDIFFERENT	_kQgXYi24pc	MPREb_JV3MX4rvDT2	UCucGbLjeXSzVW8MlItXT_HQ	ym 2020s early mb albums p1
Dove Mai	Andrea	Due in Color	INDIFFERENT	8DACZPGLnnc	MPREb_JV3MX4rvDT2	UCucGbLjeXSzVW8MlItXT_HQ	ym 2020s early mb albums p1
Chessbio	Andrea	Due in Color	INDIFFERENT	JEDRjsdm6S4	MPREb_JV3MX4rvDT2	UCucGbLjeXSzVW8MlItXT_HQ	ym 2020s early mb albums p1
Audieze	Andrea	Due in Color	INDIFFERENT	eor_aMREBzA	MPREb_JV3MX4rvDT2	UCucGbLjeXSzVW8MlItXT_HQ	ym 2020s early mb albums p1
Am Der	Andrea	Due in Color	INDIFFERENT	vu13HPIyC58	MPREb_JV3MX4rvDT2	UCucGbLjeXSzVW8MlItXT_HQ	ym 2020s early mb albums p1
Venus	Ana Roxanne	Because of a Flower	INDIFFERENT	UwnI489BDlA	MPREb_CKPFB5bG7Ez	UC4aFbRaJCyMi7M7_hjUjAIw	ym 2020s early mb albums p1
Untitled	Ana Roxanne	Because of a Flower	INDIFFERENT	ECOSXfVNAZA	MPREb_CKPFB5bG7Ez	UC4aFbRaJCyMi7M7_hjUjAIw	ym 2020s early mb albums p1
Take the Thorn, Leave the Rose	Ana Roxanne	Because of a Flower	INDIFFERENT	eg2Fwcj8oQs	MPREb_CKPFB5bG7Ez	UC4aFbRaJCyMi7M7_hjUjAIw	ym 2020s early mb albums p1
Suite Pour L'invisible	Ana Roxanne	Because of a Flower	INDIFFERENT	YgdxguO_ojg	MPREb_CKPFB5bG7Ez	UC4aFbRaJCyMi7M7_hjUjAIw	ym 2020s early mb albums p1
Camille	Ana Roxanne	Because of a Flower	INDIFFERENT	gWgKLv8M-xQ	MPREb_CKPFB5bG7Ez	UC4aFbRaJCyMi7M7_hjUjAIw	ym 2020s early mb albums p1
A Study in Vastness	Ana Roxanne	Because of a Flower	INDIFFERENT	yvqHzdk8ZLc	MPREb_CKPFB5bG7Ez	UC4aFbRaJCyMi7M7_hjUjAIw	ym 2020s early mb albums p1
- - -	Ana Roxanne	Because of a Flower	INDIFFERENT	_YoUUKjFNGI	MPREb_CKPFB5bG7Ez	UC4aFbRaJCyMi7M7_hjUjAIw	ym 2020s early mb albums p1
Snakes	Amyl and the Sniffers	Comfort to Me	INDIFFERENT	oXP2psyH_ig	MPREb_zYSbjDoO5Mi	UCErTnCDIYujpRgVV_rq29Ug	ym 2020s early mb albums p1
Security	Amyl and the Sniffers	Comfort to Me	INDIFFERENT	5uG3bAIIOpI	MPREb_zYSbjDoO5Mi	UCErTnCDIYujpRgVV_rq29Ug	ym 2020s early mb albums p1
No More Tears	Amyl and the Sniffers	Comfort to Me	INDIFFERENT	bYtWkwETIl4	MPREb_zYSbjDoO5Mi	UCErTnCDIYujpRgVV_rq29Ug	ym 2020s early mb albums p1
Maggot	Amyl and the Sniffers	Comfort to Me	INDIFFERENT	IaYuCK9zpVQ	MPREb_zYSbjDoO5Mi	UCErTnCDIYujpRgVV_rq29Ug	ym 2020s early mb albums p1
Laughing	Amyl and the Sniffers	Comfort to Me	INDIFFERENT	I461lENDUu0	MPREb_zYSbjDoO5Mi	UCErTnCDIYujpRgVV_rq29Ug	ym 2020s early mb albums p1
Knifey	Amyl and the Sniffers	Comfort to Me	INDIFFERENT	Pz_XjQzs4v0	MPREb_zYSbjDoO5Mi	UCErTnCDIYujpRgVV_rq29Ug	ym 2020s early mb albums p1
Hertz	Amyl and the Sniffers	Comfort to Me	INDIFFERENT	gM3ZGt5VhCU	MPREb_zYSbjDoO5Mi	UCErTnCDIYujpRgVV_rq29Ug	ym 2020s early mb albums p1
Guided by Angels	Amyl and the Sniffers	Comfort to Me	INDIFFERENT	0EqxT-Z3iyU	MPREb_zYSbjDoO5Mi	UCErTnCDIYujpRgVV_rq29Ug	ym 2020s early mb albums p1
Freaks to the Front	Amyl and the Sniffers	Comfort to Me	INDIFFERENT	uSyig1NQERQ	MPREb_zYSbjDoO5Mi	UCErTnCDIYujpRgVV_rq29Ug	ym 2020s early mb albums p1
Don't Need A Cunt (Like You To Love Me)	Amyl and the Sniffers	Comfort to Me	INDIFFERENT	bZ4KdoTBuPs	MPREb_zYSbjDoO5Mi	UCErTnCDIYujpRgVV_rq29Ug	ym 2020s early mb albums p1
Don't Fence Me In	Amyl and the Sniffers	Comfort to Me	INDIFFERENT	vj7gc1XGwPI	MPREb_zYSbjDoO5Mi	UCErTnCDIYujpRgVV_rq29Ug	ym 2020s early mb albums p1
Choices	Amyl and the Sniffers	Comfort to Me	INDIFFERENT	-45iJLHQ0gs	MPREb_zYSbjDoO5Mi	UCErTnCDIYujpRgVV_rq29Ug	ym 2020s early mb albums p1
Capital	Amyl and the Sniffers	Comfort to Me	INDIFFERENT	1BgzjvFybRc	MPREb_zYSbjDoO5Mi	UCErTnCDIYujpRgVV_rq29Ug	ym 2020s early mb albums p1
Tiny Bikini	Amyl and The Sniffers	Cartoon Darkness	INDIFFERENT	HtwnVRiG3VI	MPREb_VmYMVIh2VTL	UCErTnCDIYujpRgVV_rq29Ug	ym 2020s early mb albums p1
Pigs	Amyl and The Sniffers	Cartoon Darkness	INDIFFERENT	ckwn2K2yg7Q	MPREb_VmYMVIh2VTL	UCErTnCDIYujpRgVV_rq29Ug	ym 2020s early mb albums p1
Motorbike Song	Amyl and The Sniffers	Cartoon Darkness	INDIFFERENT	TipWdwnbWyI	MPREb_VmYMVIh2VTL	UCErTnCDIYujpRgVV_rq29Ug	ym 2020s early mb albums p1
Me and The Girls	Amyl and The Sniffers	Cartoon Darkness	INDIFFERENT	SaoVc4et_pA	MPREb_VmYMVIh2VTL	UCErTnCDIYujpRgVV_rq29Ug	ym 2020s early mb albums p1
It's Mine	Amyl and The Sniffers	Cartoon Darkness	INDIFFERENT	Hc9dehwN5jQ	MPREb_VmYMVIh2VTL	UCErTnCDIYujpRgVV_rq29Ug	ym 2020s early mb albums p1
Going Somewhere	Amyl and The Sniffers	Cartoon Darkness	INDIFFERENT	jahZ2WSZGmw	MPREb_VmYMVIh2VTL	UCErTnCDIYujpRgVV_rq29Ug	ym 2020s early mb albums p1
Doing In Me Head	Amyl and The Sniffers	Cartoon Darkness	INDIFFERENT	J_OnmzkMex4	MPREb_VmYMVIh2VTL	UCErTnCDIYujpRgVV_rq29Ug	ym 2020s early mb albums p1
Do It Do It	Amyl and The Sniffers	Cartoon Darkness	INDIFFERENT	uE_MI5Xqt54	MPREb_VmYMVIh2VTL	UCErTnCDIYujpRgVV_rq29Ug	ym 2020s early mb albums p1
Chewing Gum	Amyl and The Sniffers	Cartoon Darkness	INDIFFERENT	djYOnjMW3M0	MPREb_VmYMVIh2VTL	UCErTnCDIYujpRgVV_rq29Ug	ym 2020s early mb albums p1
Bailing On Me	Amyl and The Sniffers	Cartoon Darkness	INDIFFERENT	9rjTMFNna9M	MPREb_VmYMVIh2VTL	UCErTnCDIYujpRgVV_rq29Ug	ym 2020s early mb albums p1
The Purifier	Amon Acid	Cosmogony	INDIFFERENT	voOCtaGMFq4	MPREb_Qq9e6q4r1GQ	UCVt__lA7R8JSOZGJmasoe3w	ym 2020s early mb albums p1
Parallel Realm	Amon Acid	Cosmogony	INDIFFERENT	AnOI9WkL7cA	MPREb_Qq9e6q4r1GQ	UCVt__lA7R8JSOZGJmasoe3w	ym 2020s early mb albums p1
Nag Hammandi	Amon Acid	Cosmogony	INDIFFERENT	Htxl7X1L-M8	MPREb_Qq9e6q4r1GQ	UCVt__lA7R8JSOZGJmasoe3w	ym 2020s early mb albums p1
Mandragoras	Amon Acid	Cosmogony	INDIFFERENT	7iGB3COsHm8	MPREb_Qq9e6q4r1GQ	UCVt__lA7R8JSOZGJmasoe3w	ym 2020s early mb albums p1
Hyperion	Amon Acid	Cosmogony	INDIFFERENT	DlKUEgbcfsw	MPREb_Qq9e6q4r1GQ	UCVt__lA7R8JSOZGJmasoe3w	ym 2020s early mb albums p1
Ethereal Mother	Amon Acid	Cosmogony	INDIFFERENT	d8jOpyrr71M	MPREb_Qq9e6q4r1GQ	UCVt__lA7R8JSOZGJmasoe3w	ym 2020s early mb albums p1
Demon Rider	Amon Acid	Cosmogony	INDIFFERENT	jdnaRlqHlJ4	MPREb_Qq9e6q4r1GQ	UCVt__lA7R8JSOZGJmasoe3w	ym 2020s early mb albums p1
Demolition Wave	Amon Acid	Cosmogony	INDIFFERENT	WvYqSxC-D4M	MPREb_Qq9e6q4r1GQ	UCVt__lA7R8JSOZGJmasoe3w	ym 2020s early mb albums p1
Death on the Altar	Amon Acid	Cosmogony	INDIFFERENT	iQcN_hGyeH0	MPREb_Qq9e6q4r1GQ	UCVt__lA7R8JSOZGJmasoe3w	ym 2020s early mb albums p1
What I Want	Amen Dunes	Death Jokes	INDIFFERENT	9m0cH6b714I	MPREb_cVi8E1hDv9W	UCy_PraUXmFLNhE6RNcECVrg	ym 2020s early mb albums p1
Solo Tape	Amen Dunes	Death Jokes	INDIFFERENT	GYh0cCSG9p4	MPREb_cVi8E1hDv9W	UCy_PraUXmFLNhE6RNcECVrg	ym 2020s early mb albums p1
Rugby Child	Amen Dunes	Death Jokes	INDIFFERENT	ZtC0ZiVfF38	MPREb_cVi8E1hDv9W	UCy_PraUXmFLNhE6RNcECVrg	ym 2020s early mb albums p1
Round the World	Amen Dunes	Death Jokes	INDIFFERENT	PKC87h8avow	MPREb_cVi8E1hDv9W	UCy_PraUXmFLNhE6RNcECVrg	ym 2020s early mb albums p1
Purple Land	Amen Dunes	Death Jokes	INDIFFERENT	eYCikntbL-I	MPREb_cVi8E1hDv9W	UCy_PraUXmFLNhE6RNcECVrg	ym 2020s early mb albums p1
Predator	Amen Dunes	Death Jokes	INDIFFERENT	vGRUD3nlx5o	MPREb_cVi8E1hDv9W	UCy_PraUXmFLNhE6RNcECVrg	ym 2020s early mb albums p1
Poor Cops	Amen Dunes	Death Jokes	INDIFFERENT	LmxI3xEcPgg	MPREb_cVi8E1hDv9W	UCy_PraUXmFLNhE6RNcECVrg	ym 2020s early mb albums p1
Mary Anne	Amen Dunes	Death Jokes	INDIFFERENT	s51LTQdT6gA	MPREb_cVi8E1hDv9W	UCy_PraUXmFLNhE6RNcECVrg	ym 2020s early mb albums p1
Joyrider	Amen Dunes	Death Jokes	INDIFFERENT	a5pn-J6Mgqc	MPREb_cVi8E1hDv9W	UCy_PraUXmFLNhE6RNcECVrg	ym 2020s early mb albums p1
Ian	Amen Dunes	Death Jokes	INDIFFERENT	V90YQHiTvCY	MPREb_cVi8E1hDv9W	UCy_PraUXmFLNhE6RNcECVrg	ym 2020s early mb albums p1
I Don’t Mind	Amen Dunes	Death Jokes	INDIFFERENT	jlWXHeslBWE	MPREb_cVi8E1hDv9W	UCy_PraUXmFLNhE6RNcECVrg	ym 2020s early mb albums p1
Exodus	Amen Dunes	Death Jokes	INDIFFERENT	dbCITUWEroY	MPREb_cVi8E1hDv9W	UCy_PraUXmFLNhE6RNcECVrg	ym 2020s early mb albums p1
Death Jokes	Amen Dunes	Death Jokes	INDIFFERENT	YiC07iONJjk	MPREb_cVi8E1hDv9W	UCy_PraUXmFLNhE6RNcECVrg	ym 2020s early mb albums p1
Boys	Amen Dunes	Death Jokes	INDIFFERENT	1aAioXmlqAo	MPREb_cVi8E1hDv9W	UCy_PraUXmFLNhE6RNcECVrg	ym 2020s early mb albums p1
Velveteen	Alvvays	Blue Rev	INDIFFERENT	ZJhG3xa01rM	MPREb_fZIqMQ576xj	UCijE8N5dNSqbRkhOcmsxWKw	ym 2020s early mb albums p1
Tom Verlaine	Alvvays	Blue Rev	INDIFFERENT	9mXLeSTj-64	MPREb_fZIqMQ576xj	UCijE8N5dNSqbRkhOcmsxWKw	ym 2020s early mb albums p1
Tile By Tile	Alvvays	Blue Rev	INDIFFERENT	kzwtmlzDg9o	MPREb_fZIqMQ576xj	UCijE8N5dNSqbRkhOcmsxWKw	ym 2020s early mb albums p1
Pressed	Alvvays	Blue Rev	INDIFFERENT	6gImVCKaFAY	MPREb_fZIqMQ576xj	UCijE8N5dNSqbRkhOcmsxWKw	ym 2020s early mb albums p1
Pomeranian Spinster	Alvvays	Blue Rev	INDIFFERENT	dVgbZyFesPs	MPREb_fZIqMQ576xj	UCijE8N5dNSqbRkhOcmsxWKw	ym 2020s early mb albums p1
Many Mirrors	Alvvays	Blue Rev	INDIFFERENT	LSxOj98gX90	MPREb_fZIqMQ576xj	UCijE8N5dNSqbRkhOcmsxWKw	ym 2020s early mb albums p1
Lottery Noises	Alvvays	Blue Rev	INDIFFERENT	Mt5WiqQalBA	MPREb_fZIqMQ576xj	UCijE8N5dNSqbRkhOcmsxWKw	ym 2020s early mb albums p1
Fourth Figure	Alvvays	Blue Rev	INDIFFERENT	Hr2nXtPJrAE	MPREb_fZIqMQ576xj	UCijE8N5dNSqbRkhOcmsxWKw	ym 2020s early mb albums p1
Easy On Your Own?	Alvvays	Blue Rev	INDIFFERENT	5INAC3_Y5RM	MPREb_fZIqMQ576xj	UCijE8N5dNSqbRkhOcmsxWKw	ym 2020s early mb albums p1
Bored In Bristol	Alvvays	Blue Rev	INDIFFERENT	wJFsYEJNOzo	MPREb_fZIqMQ576xj	UCijE8N5dNSqbRkhOcmsxWKw	ym 2020s early mb albums p1
Belinda Says	Alvvays	Blue Rev	INDIFFERENT	Kj-Q9Av3Shk	MPREb_fZIqMQ576xj	UCijE8N5dNSqbRkhOcmsxWKw	ym 2020s early mb albums p1
After The Earthquake	Alvvays	Blue Rev	INDIFFERENT	f63kubTaGuk	MPREb_fZIqMQ576xj	UCijE8N5dNSqbRkhOcmsxWKw	ym 2020s early mb albums p1
Rakiya Su Katamam	Altin Gün	Aşk	INDIFFERENT	N-0UlqwD3aQ	MPREb_iEqinEsQOJK	UC-uYVIegOyawSkbcxroXjxw	ym 2020s early mb albums p1
Güzelliğin On Para Etmez	Altin Gün	Aşk	INDIFFERENT	tvDbiBrGnKU	MPREb_iEqinEsQOJK	UC-uYVIegOyawSkbcxroXjxw	ym 2020s early mb albums p1
Doktor Civanim	Altin Gün	Aşk	INDIFFERENT	oFQBwgDu2GE	MPREb_iEqinEsQOJK	UC-uYVIegOyawSkbcxroXjxw	ym 2020s early mb albums p1
Canim Oy	Altin Gün	Aşk	INDIFFERENT	eD0OeNERwCQ	MPREb_iEqinEsQOJK	UC-uYVIegOyawSkbcxroXjxw	ym 2020s early mb albums p1
Badi Sabah Olmadan	Altin Gün	Aşk	INDIFFERENT	2_Jy86BLcKY	MPREb_iEqinEsQOJK	UC-uYVIegOyawSkbcxroXjxw	ym 2020s early mb albums p1
You Slept On Me	Allie X	Girl With No Face	INDIFFERENT	OC0RF9f_0ok	MPREb_80mQ3nfXZSs	UCAillCahnZd961jaWwpt4Xw	ym 2020s early mb albums p1
Weird World	Allie X	Girl With No Face	INDIFFERENT	455dhcNKZmk	MPREb_80mQ3nfXZSs	UCAillCahnZd961jaWwpt4Xw	ym 2020s early mb albums p1
Truly Dreams	Allie X	Girl With No Face	INDIFFERENT	euIRqjMxfck	MPREb_80mQ3nfXZSs	UCAillCahnZd961jaWwpt4Xw	ym 2020s early mb albums p1
Staying Power	Allie X	Girl With No Face	INDIFFERENT	PKIaRy0rCw8	MPREb_80mQ3nfXZSs	UCAillCahnZd961jaWwpt4Xw	ym 2020s early mb albums p1
Saddest Smile	Allie X	Girl With No Face	INDIFFERENT	LmviVC4WrNU	MPREb_80mQ3nfXZSs	UCAillCahnZd961jaWwpt4Xw	ym 2020s early mb albums p1
Off With Her Tits	Allie X	Girl With No Face	INDIFFERENT	cG_kdatkH-s	MPREb_80mQ3nfXZSs	UCAillCahnZd961jaWwpt4Xw	ym 2020s early mb albums p1
John and Jonathan	Allie X	Girl With No Face	INDIFFERENT	6sey0SSsvzs	MPREb_80mQ3nfXZSs	UCAillCahnZd961jaWwpt4Xw	ym 2020s early mb albums p1
Hardware Software	Allie X	Girl With No Face	INDIFFERENT	jHh86n0CA_8	MPREb_80mQ3nfXZSs	UCAillCahnZd961jaWwpt4Xw	ym 2020s early mb albums p1
Girl With No Face	Allie X	Girl With No Face	INDIFFERENT	k7unOyCT_Rs	MPREb_80mQ3nfXZSs	UCAillCahnZd961jaWwpt4Xw	ym 2020s early mb albums p1
Galina	Allie X	Girl With No Face	INDIFFERENT	ZNX2CW71BtQ	MPREb_80mQ3nfXZSs	UCAillCahnZd961jaWwpt4Xw	ym 2020s early mb albums p1
Black Eye	Allie X	Girl With No Face	INDIFFERENT	pCI3O6EGGSE	MPREb_80mQ3nfXZSs	UCAillCahnZd961jaWwpt4Xw	ym 2020s early mb albums p1
The Children of Coyote Woman	All Them Witches	Nothing as the Ideal	INDIFFERENT	bLDtFie26N8	MPREb_DmSCyhWSsUd	UCyYGtzX--CaSWjM8SC9t1qQ	ym 2020s early mb albums p1
See You Next Fall	All Them Witches	Nothing as the Ideal	INDIFFERENT	2AJknTlPXx4	MPREb_DmSCyhWSsUd	UCyYGtzX--CaSWjM8SC9t1qQ	ym 2020s early mb albums p1
Saturnine & Iron Jaw	All Them Witches	Nothing as the Ideal	INDIFFERENT	AG8FFJXFS2s	MPREb_DmSCyhWSsUd	UCyYGtzX--CaSWjM8SC9t1qQ	ym 2020s early mb albums p1
Lights Out	All Them Witches	Nothing as the Ideal	INDIFFERENT	GYzWplgAlFg	MPREb_DmSCyhWSsUd	UCyYGtzX--CaSWjM8SC9t1qQ	ym 2020s early mb albums p1
Everest	All Them Witches	Nothing as the Ideal	INDIFFERENT	xz5UN-p0bS4	MPREb_DmSCyhWSsUd	UCyYGtzX--CaSWjM8SC9t1qQ	ym 2020s early mb albums p1
Enemy of My Enemy	All Them Witches	Nothing as the Ideal	INDIFFERENT	fcXBL07FL9I	MPREb_DmSCyhWSsUd	UCyYGtzX--CaSWjM8SC9t1qQ	ym 2020s early mb albums p1
41	All Them Witches	Nothing as the Ideal	INDIFFERENT	FUzdsFu6Cf8	MPREb_DmSCyhWSsUd	UCyYGtzX--CaSWjM8SC9t1qQ	ym 2020s early mb albums p1
The Inner Fields of Fragrance	Alio Die	Spirals of Light	INDIFFERENT	sviF6STzLMw	MPREb_jKKJPw20jsX	UCNVcrZ1p3j7aCfdm_j9l_tA	ym 2020s early mb albums p1
Spirals of Light	Alio Die	Spirals of Light	INDIFFERENT	QiTcCLJoSlw	MPREb_jKKJPw20jsX	UCNVcrZ1p3j7aCfdm_j9l_tA	ym 2020s early mb albums p1
Dissolved in the Grace of Presence	Alio Die	Spirals of Light	INDIFFERENT	82Lwb_eldRI	MPREb_jKKJPw20jsX	UCNVcrZ1p3j7aCfdm_j9l_tA	ym 2020s early mb albums p1
No Bitterness	Alex G	God Save The Animals	INDIFFERENT	1wgbopXilpk	MPREb_iWcEJ53oURr	UC0hN36WuiKePDc-iNDS_AaA	ym 2020s early mb albums p1
Immunity	Alex G	God Save The Animals	INDIFFERENT	itxSHOKIn04	MPREb_iWcEJ53oURr	UC0hN36WuiKePDc-iNDS_AaA	ym 2020s early mb albums p1
Forgive	Alex G	God Save The Animals	INDIFFERENT	xKpvQRgvVJY	MPREb_iWcEJ53oURr	UC0hN36WuiKePDc-iNDS_AaA	ym 2020s early mb albums p1
Early Morning Waiting	Alex G	God Save The Animals	INDIFFERENT	UvYBitWjXE8	MPREb_iWcEJ53oURr	UC0hN36WuiKePDc-iNDS_AaA	ym 2020s early mb albums p1
Cross the Sea	Alex G	God Save The Animals	INDIFFERENT	6ZpD0NAJFxM	MPREb_iWcEJ53oURr	UC0hN36WuiKePDc-iNDS_AaA	ym 2020s early mb albums p1
After All	Alex G	God Save The Animals	INDIFFERENT	xT6FV4JjBjw	MPREb_iWcEJ53oURr	UC0hN36WuiKePDc-iNDS_AaA	ym 2020s early mb albums p1
Warm Chris	Aldous Harding	Warm Chris	INDIFFERENT	OSbY3KCzhh8	MPREb_kxAcCkfzmYE	UCJhnUvaiyk98avfRDgV_8Hw	ym 2020s early mb albums p1
She'll Be Coming Round the Mountain	Aldous Harding	Warm Chris	INDIFFERENT	E26c5hUieTs	MPREb_kxAcCkfzmYE	UCJhnUvaiyk98avfRDgV_8Hw	ym 2020s early mb albums p1
Leathery Whip	Aldous Harding	Warm Chris	INDIFFERENT	NWrCmQ1aLKU	MPREb_kxAcCkfzmYE	UCJhnUvaiyk98avfRDgV_8Hw	ym 2020s early mb albums p1
Lawn	Aldous Harding	Warm Chris	INDIFFERENT	le-E45agZYA	MPREb_kxAcCkfzmYE	UCJhnUvaiyk98avfRDgV_8Hw	ym 2020s early mb albums p1
Fever	Aldous Harding	Warm Chris	INDIFFERENT	u3Tn5F1Ucxg	MPREb_kxAcCkfzmYE	UCJhnUvaiyk98avfRDgV_8Hw	ym 2020s early mb albums p1
Bubbles	Aldous Harding	Warm Chris	INDIFFERENT	K6aWh-Y1Wgk	MPREb_kxAcCkfzmYE	UCJhnUvaiyk98avfRDgV_8Hw	ym 2020s early mb albums p1
Wonder Why	Alan Broadbent Trio	Trio in Motion	INDIFFERENT	go_84MV-arE	MPREb_yI7evYPBlnq	UCoTy7D2T43ArIEGbX6x1VkQ	ym 2020s early mb albums p1
The Hymn	Alan Broadbent Trio	Trio in Motion	INDIFFERENT	CvfE5bDN6j8	MPREb_yI7evYPBlnq	UCoTy7D2T43ArIEGbX6x1VkQ	ym 2020s early mb albums p1
Struttin' with Some Barbecue	Alan Broadbent Trio	Trio in Motion	INDIFFERENT	GHYTP4ue9gM	MPREb_yI7evYPBlnq	UCoTy7D2T43ArIEGbX6x1VkQ	ym 2020s early mb albums p1
Relaxin' at Camarillo	Alan Broadbent Trio	Trio in Motion	INDIFFERENT	mZAgFCXMh2k	MPREb_yI7evYPBlnq	UCoTy7D2T43ArIEGbX6x1VkQ	ym 2020s early mb albums p1
One Morning in May	Alan Broadbent Trio	Trio in Motion	INDIFFERENT	OFqME9YPmmY	MPREb_yI7evYPBlnq	UCoTy7D2T43ArIEGbX6x1VkQ	ym 2020s early mb albums p1
Moonstones	Alan Broadbent Trio	Trio in Motion	INDIFFERENT	B87ZDyS-PtQ	MPREb_yI7evYPBlnq	UCoTy7D2T43ArIEGbX6x1VkQ	ym 2020s early mb albums p1
Like Sonny	Alan Broadbent Trio	Trio in Motion	INDIFFERENT	Vyi3DQGOm9A	MPREb_yI7evYPBlnq	UCoTy7D2T43ArIEGbX6x1VkQ	ym 2020s early mb albums p1
Lennie's Pennies	Alan Broadbent Trio	Trio in Motion	INDIFFERENT	Iz6Xhi0yC5A	MPREb_yI7evYPBlnq	UCoTy7D2T43ArIEGbX6x1VkQ	ym 2020s early mb albums p1
Lady Bird	Alan Broadbent Trio	Trio in Motion	INDIFFERENT	GEHAlkwowkc	MPREb_yI7evYPBlnq	UCoTy7D2T43ArIEGbX6x1VkQ	ym 2020s early mb albums p1
I Love You	Alan Broadbent Trio	Trio in Motion	INDIFFERENT	Ttwu7Ph-pso	MPREb_yI7evYPBlnq	UCoTy7D2T43ArIEGbX6x1VkQ	ym 2020s early mb albums p1
I Hear You	Alan Broadbent Trio	Trio in Motion	INDIFFERENT	D6BiMtTDPdw	MPREb_yI7evYPBlnq	UCoTy7D2T43ArIEGbX6x1VkQ	ym 2020s early mb albums p1
The Trapped Man	Aging	Sentenced to Love	INDIFFERENT	ZlTjNU2ajVA	MPREb_mvQmyhid22l	UCPblkBJFO27xJe4g56kPNAw	ym 2020s early mb albums p1
The Shadow on My Name	Aging	Sentenced to Love	INDIFFERENT	OU0lkoeSC84	MPREb_mvQmyhid22l	UCPblkBJFO27xJe4g56kPNAw	ym 2020s early mb albums p1
Sentenced to Love	Aging	Sentenced to Love	INDIFFERENT	KNQJ5zxK8Yo	MPREb_mvQmyhid22l	UCPblkBJFO27xJe4g56kPNAw	ym 2020s early mb albums p1
Nights in Amber	Aging	Sentenced to Love	INDIFFERENT	LBD_B4Ootd8	MPREb_mvQmyhid22l	UCPblkBJFO27xJe4g56kPNAw	ym 2020s early mb albums p1
Cursed with the Thirst	Aging	Sentenced to Love	INDIFFERENT	N34o--puI_c	MPREb_mvQmyhid22l	UCPblkBJFO27xJe4g56kPNAw	ym 2020s early mb albums p1
Beneath Heaven	Aging	Sentenced to Love	INDIFFERENT	sxFTuN0mbhw	MPREb_mvQmyhid22l	UCPblkBJFO27xJe4g56kPNAw	ym 2020s early mb albums p1
The Four Winds	Aesop Rock	Spirit World Field Guide	INDIFFERENT	Js3-gHTPx9U	MPREb_qXSMtbAZR8b	UCy7EBgGtHw6fHlAfc5bPAHA	ym 2020s early mb albums p1
Sleeping Car	Aesop Rock	Spirit World Field Guide	INDIFFERENT	SwqJietylsE	MPREb_qXSMtbAZR8b	UCy7EBgGtHw6fHlAfc5bPAHA	ym 2020s early mb albums p1
Side Quest	Aesop Rock	Spirit World Field Guide	INDIFFERENT	zYQrW9PvQSg	MPREb_qXSMtbAZR8b	UCy7EBgGtHw6fHlAfc5bPAHA	ym 2020s early mb albums p1
Salt	Aesop Rock	Spirit World Field Guide	INDIFFERENT	deRsCc0zOe0	MPREb_qXSMtbAZR8b	UCy7EBgGtHw6fHlAfc5bPAHA	ym 2020s early mb albums p1
Pizza Alley	Aesop Rock	Spirit World Field Guide	INDIFFERENT	nme3GaHh4Ko	MPREb_qXSMtbAZR8b	UCy7EBgGtHw6fHlAfc5bPAHA	ym 2020s early mb albums p1
Marble Cake	Aesop Rock	Spirit World Field Guide	INDIFFERENT	K5dcOl7fhio	MPREb_qXSMtbAZR8b	UCy7EBgGtHw6fHlAfc5bPAHA	ym 2020s early mb albums p1
Kodokushi	Aesop Rock	Spirit World Field Guide	INDIFFERENT	a9HaxtoUn7M	MPREb_qXSMtbAZR8b	UCy7EBgGtHw6fHlAfc5bPAHA	ym 2020s early mb albums p1
Holy Waterfall	Aesop Rock	Spirit World Field Guide	INDIFFERENT	unIO5meJBYE	MPREb_qXSMtbAZR8b	UCy7EBgGtHw6fHlAfc5bPAHA	ym 2020s early mb albums p1
Hello from the Spirit World	Aesop Rock	Spirit World Field Guide	INDIFFERENT	xsJqPQG1lPU	MPREb_qXSMtbAZR8b	UCy7EBgGtHw6fHlAfc5bPAHA	ym 2020s early mb albums p1
Gauze	Aesop Rock	Spirit World Field Guide	INDIFFERENT	krMUzgi7cSU	MPREb_qXSMtbAZR8b	UCy7EBgGtHw6fHlAfc5bPAHA	ym 2020s early mb albums p1
Flies	Aesop Rock	Spirit World Field Guide	INDIFFERENT	D_xpMS9uREY	MPREb_qXSMtbAZR8b	UCy7EBgGtHw6fHlAfc5bPAHA	ym 2020s early mb albums p1
Fixed and Dilated	Aesop Rock	Spirit World Field Guide	INDIFFERENT	ugV82O6bIIU	MPREb_qXSMtbAZR8b	UCy7EBgGtHw6fHlAfc5bPAHA	ym 2020s early mb albums p1
Dog at the Door	Aesop Rock	Spirit World Field Guide	INDIFFERENT	rNDyhOYENjE	MPREb_qXSMtbAZR8b	UCy7EBgGtHw6fHlAfc5bPAHA	ym 2020s early mb albums p1
Crystal Sword	Aesop Rock	Spirit World Field Guide	INDIFFERENT	ZF-YhbGRe-E	MPREb_qXSMtbAZR8b	UCy7EBgGtHw6fHlAfc5bPAHA	ym 2020s early mb albums p1
Coveralls	Aesop Rock	Spirit World Field Guide	INDIFFERENT	H9ay0JDQfdI	MPREb_qXSMtbAZR8b	UCy7EBgGtHw6fHlAfc5bPAHA	ym 2020s early mb albums p1
Button Masher	Aesop Rock	Spirit World Field Guide	INDIFFERENT	g4Xj_8ghfMQ	MPREb_qXSMtbAZR8b	UCy7EBgGtHw6fHlAfc5bPAHA	ym 2020s early mb albums p1
Boot Soup	Aesop Rock	Spirit World Field Guide	INDIFFERENT	sMdRGaVNJkg	MPREb_qXSMtbAZR8b	UCy7EBgGtHw6fHlAfc5bPAHA	ym 2020s early mb albums p1
Attaboy	Aesop Rock	Spirit World Field Guide	INDIFFERENT	E4tMAUnDisI	MPREb_qXSMtbAZR8b	UCy7EBgGtHw6fHlAfc5bPAHA	ym 2020s early mb albums p1
1 to 10	Aesop Rock	Spirit World Field Guide	INDIFFERENT	pOHt9_Q8pCY	MPREb_qXSMtbAZR8b	UCy7EBgGtHw6fHlAfc5bPAHA	ym 2020s early mb albums p1
Vititus	Aesop Rock	Integrated Tech Solutions	INDIFFERENT	AElakFlkGkk	MPREb_Bhcs9MKkZZM	UCy7EBgGtHw6fHlAfc5bPAHA	ym 2020s early mb albums p1
Time Moves Differently Here	Aesop Rock	Integrated Tech Solutions	INDIFFERENT	BcP4BE6fcFY	MPREb_Bhcs9MKkZZM	UCy7EBgGtHw6fHlAfc5bPAHA	ym 2020s early mb albums p1
The ITS Way	Aesop Rock	Integrated Tech Solutions	INDIFFERENT	iMX66uNE2B0	MPREb_Bhcs9MKkZZM	UCy7EBgGtHw6fHlAfc5bPAHA	ym 2020s early mb albums p1
Solid Gold	Aesop Rock	Integrated Tech Solutions	INDIFFERENT	bQ2LXeuhw3s	MPREb_Bhcs9MKkZZM	UCy7EBgGtHw6fHlAfc5bPAHA	ym 2020s early mb albums p1
Salt and Pepper Squid	Aesop Rock	Integrated Tech Solutions	INDIFFERENT	J9N9a5lH0YQ	MPREb_Bhcs9MKkZZM	UCy7EBgGtHw6fHlAfc5bPAHA	ym 2020s early mb albums p1
On Failure	Aesop Rock	Integrated Tech Solutions	INDIFFERENT	xHf-eOWm8kY	MPREb_Bhcs9MKkZZM	UCy7EBgGtHw6fHlAfc5bPAHA	ym 2020s early mb albums p1
Living Curfew (feat. billy woods)	Aesop Rock	Integrated Tech Solutions	INDIFFERENT	MR-IAjkLsrY	MPREb_Bhcs9MKkZZM	UCy7EBgGtHw6fHlAfc5bPAHA	ym 2020s early mb albums p1
Kyanite Toothpick (feat. Hanni El Khatib)	Aesop Rock	Integrated Tech Solutions	INDIFFERENT	6w3PAq_SpbY	MPREb_Bhcs9MKkZZM	UCy7EBgGtHw6fHlAfc5bPAHA	ym 2020s early mb albums p1
By The River	Aesop Rock	Integrated Tech Solutions	INDIFFERENT	LEW5PrYWNRU	MPREb_Bhcs9MKkZZM	UCy7EBgGtHw6fHlAfc5bPAHA	ym 2020s early mb albums p1
Black Snow (feat. Nikki Jean)	Aesop Rock	Integrated Tech Solutions	INDIFFERENT	ntUawQpk40w	MPREb_Bhcs9MKkZZM	UCy7EBgGtHw6fHlAfc5bPAHA	ym 2020s early mb albums p1
Bermuda (feat. Lealani)	Aesop Rock	Integrated Tech Solutions	INDIFFERENT	WOYjtEgqvu0	MPREb_Bhcs9MKkZZM	UCy7EBgGtHw6fHlAfc5bPAHA	ym 2020s early mb albums p1
All City Nerve Map	Aesop Rock	Integrated Tech Solutions	INDIFFERENT	vbYMQK9akOg	MPREb_Bhcs9MKkZZM	UCy7EBgGtHw6fHlAfc5bPAHA	ym 2020s early mb albums p1
Aggressive Steven	Aesop Rock	Integrated Tech Solutions	INDIFFERENT	pSH-8uzYzqc	MPREb_Bhcs9MKkZZM	UCy7EBgGtHw6fHlAfc5bPAHA	ym 2020s early mb albums p1
100 Feet Tall	Aesop Rock	Integrated Tech Solutions	INDIFFERENT	I11XdAmRj0M	MPREb_Bhcs9MKkZZM	UCy7EBgGtHw6fHlAfc5bPAHA	ym 2020s early mb albums p1
two reverse	Adrianne Lenker	songs	INDIFFERENT	L0puWgFIQ24	MPREb_tP4c5VBnG44	UCUk49fVKOmtT_l-nOv59QyA	ym 2020s early mb albums p1
not a lot, just forever	Adrianne Lenker	songs	INDIFFERENT	_kM3-mwcrP0	MPREb_tP4c5VBnG44	UCUk49fVKOmtT_l-nOv59QyA	ym 2020s early mb albums p1
heavy focus	Adrianne Lenker	songs	INDIFFERENT	ckcq8L66XI4	MPREb_tP4c5VBnG44	UCUk49fVKOmtT_l-nOv59QyA	ym 2020s early mb albums p1
half return	Adrianne Lenker	songs	INDIFFERENT	90ccTZA56k8	MPREb_tP4c5VBnG44	UCUk49fVKOmtT_l-nOv59QyA	ym 2020s early mb albums p1
forwards beckon rebound	Adrianne Lenker	songs	INDIFFERENT	KIXkpSQlFF4	MPREb_tP4c5VBnG44	UCUk49fVKOmtT_l-nOv59QyA	ym 2020s early mb albums p1
dragon eyes	Adrianne Lenker	songs	INDIFFERENT	ZGdyRCwWR6A	MPREb_tP4c5VBnG44	UCUk49fVKOmtT_l-nOv59QyA	ym 2020s early mb albums p1
come	Adrianne Lenker	songs	INDIFFERENT	HgvfoZYFZs0	MPREb_tP4c5VBnG44	UCUk49fVKOmtT_l-nOv59QyA	ym 2020s early mb albums p1
anything	Adrianne Lenker	songs	INDIFFERENT	QuNFG3Zt4-Q	MPREb_tP4c5VBnG44	UCUk49fVKOmtT_l-nOv59QyA	ym 2020s early mb albums p1
Vampire Empire	Adrianne Lenker	Bright Future	INDIFFERENT	kbXhyylsqYk	MPREb_zmaRnBwRZnB	UCUk49fVKOmtT_l-nOv59QyA	ym 2020s early mb albums p1
Sadness As A Gift	Adrianne Lenker	Bright Future	INDIFFERENT	sa143Qc1qBw	MPREb_zmaRnBwRZnB	UCUk49fVKOmtT_l-nOv59QyA	ym 2020s early mb albums p1
Ruined	Adrianne Lenker	Bright Future	INDIFFERENT	OuwAcRimcJE	MPREb_zmaRnBwRZnB	UCUk49fVKOmtT_l-nOv59QyA	ym 2020s early mb albums p1
Real House	Adrianne Lenker	Bright Future	INDIFFERENT	SVklcdvb4Yo	MPREb_zmaRnBwRZnB	UCUk49fVKOmtT_l-nOv59QyA	ym 2020s early mb albums p1
No Machine	Adrianne Lenker	Bright Future	INDIFFERENT	NhKIWoGYung	MPREb_zmaRnBwRZnB	UCUk49fVKOmtT_l-nOv59QyA	ym 2020s early mb albums p1
Free Treasure	Adrianne Lenker	Bright Future	INDIFFERENT	DGg2rD8MkYo	MPREb_zmaRnBwRZnB	UCUk49fVKOmtT_l-nOv59QyA	ym 2020s early mb albums p1
Fool	Adrianne Lenker	Bright Future	INDIFFERENT	tGpUXyGBPhs	MPREb_zmaRnBwRZnB	UCUk49fVKOmtT_l-nOv59QyA	ym 2020s early mb albums p1
Evol	Adrianne Lenker	Bright Future	INDIFFERENT	JEGoLyQd3w8	MPREb_zmaRnBwRZnB	UCUk49fVKOmtT_l-nOv59QyA	ym 2020s early mb albums p1
Donut Seam	Adrianne Lenker	Bright Future	INDIFFERENT	TW5aNX0e6A4	MPREb_zmaRnBwRZnB	UCUk49fVKOmtT_l-nOv59QyA	ym 2020s early mb albums p1
Cell Phone Says	Adrianne Lenker	Bright Future	INDIFFERENT	fywLJXp0gI4	MPREb_zmaRnBwRZnB	UCUk49fVKOmtT_l-nOv59QyA	ym 2020s early mb albums p1
Candleflame	Adrianne Lenker	Bright Future	INDIFFERENT	NHfUn-cOP7Y	MPREb_zmaRnBwRZnB	UCUk49fVKOmtT_l-nOv59QyA	ym 2020s early mb albums p1
Already Lost	Adrianne Lenker	Bright Future	INDIFFERENT	IE0WpfPWTlI	MPREb_zmaRnBwRZnB	UCUk49fVKOmtT_l-nOv59QyA	ym 2020s early mb albums p1
writer in ny	Ada Lea	one hand on the steering wheel the other sewing a garden	INDIFFERENT	e-LuCTEkOec	MPREb_dnek1qS91zg	UCWL1YvUdENd0NEauhivdjag	ym 2020s early mb albums p1
violence	Ada Lea	one hand on the steering wheel the other sewing a garden	INDIFFERENT	1CpI63KO_IY	MPREb_dnek1qS91zg	UCWL1YvUdENd0NEauhivdjag	ym 2020s early mb albums p1
saltspring	Ada Lea	one hand on the steering wheel the other sewing a garden	INDIFFERENT	3wi8zlSEmQc	MPREb_dnek1qS91zg	UCWL1YvUdENd0NEauhivdjag	ym 2020s early mb albums p1
partner	Ada Lea	one hand on the steering wheel the other sewing a garden	INDIFFERENT	enA8H0DbkO4	MPREb_dnek1qS91zg	UCWL1YvUdENd0NEauhivdjag	ym 2020s early mb albums p1
oranges	Ada Lea	one hand on the steering wheel the other sewing a garden	INDIFFERENT	AZPwFas5Prg	MPREb_dnek1qS91zg	UCWL1YvUdENd0NEauhivdjag	ym 2020s early mb albums p1
my love 4 u is real	Ada Lea	one hand on the steering wheel the other sewing a garden	INDIFFERENT	YNtWWE5mjUE	MPREb_dnek1qS91zg	UCWL1YvUdENd0NEauhivdjag	ym 2020s early mb albums p1
hurt	Ada Lea	one hand on the steering wheel the other sewing a garden	INDIFFERENT	hYRwxVHVrqk	MPREb_dnek1qS91zg	UCWL1YvUdENd0NEauhivdjag	ym 2020s early mb albums p1
damn	Ada Lea	one hand on the steering wheel the other sewing a garden	INDIFFERENT	HAdKUFDgLsA	MPREb_dnek1qS91zg	UCWL1YvUdENd0NEauhivdjag	ym 2020s early mb albums p1
can't stop me from dying	Ada Lea	one hand on the steering wheel the other sewing a garden	INDIFFERENT	MYvxljELZ38	MPREb_dnek1qS91zg	UCWL1YvUdENd0NEauhivdjag	ym 2020s early mb albums p1
backyard	Ada Lea	one hand on the steering wheel the other sewing a garden	INDIFFERENT	FQE6WW_Px3A	MPREb_dnek1qS91zg	UCWL1YvUdENd0NEauhivdjag	ym 2020s early mb albums p1
and my newness spoke to your newness and it was a thing of endless	Ada Lea	one hand on the steering wheel the other sewing a garden	INDIFFERENT	A4Kqsgmi910	MPREb_dnek1qS91zg	UCWL1YvUdENd0NEauhivdjag	ym 2020s early mb albums p1
System Verse	Actress	Statik	INDIFFERENT	i4Q1jbGN57c	MPREb_mT6yQR2BiRA	UCGe6vT9sYVgPiCIOoYlsTrQ	ym 2020s early mb albums p1
Static	Actress	Statik	INDIFFERENT	gJSvZ0KeP8I	MPREb_mT6yQR2BiRA	UCGe6vT9sYVgPiCIOoYlsTrQ	ym 2020s early mb albums p1
Six	Actress	Statik	INDIFFERENT	MNd0bDB4-BU	MPREb_mT6yQR2BiRA	UCGe6vT9sYVgPiCIOoYlsTrQ	ym 2020s early mb albums p1
Ray	Actress	Statik	INDIFFERENT	5budhwgYDos	MPREb_mT6yQR2BiRA	UCGe6vT9sYVgPiCIOoYlsTrQ	ym 2020s early mb albums p1
My Ways	Actress	Statik	INDIFFERENT	pTQPKA_ArEw	MPREb_mT6yQR2BiRA	UCGe6vT9sYVgPiCIOoYlsTrQ	ym 2020s early mb albums p1
Dolphin Spray	Actress	Statik	INDIFFERENT	MS5K3ijuW6g	MPREb_mT6yQR2BiRA	UCGe6vT9sYVgPiCIOoYlsTrQ	ym 2020s early mb albums p1
Cafe del Mars	Actress	Statik	INDIFFERENT	te-MwIBT9DQ	MPREb_mT6yQR2BiRA	UCGe6vT9sYVgPiCIOoYlsTrQ	ym 2020s early mb albums p1
Turin (feat. Aura T-09)	Actress	Karma & Desire	INDIFFERENT	p-0PzeI_2ZM	MPREb_vEFjmBaVHsA	UCgzkJkxVFn03DlVTyft-Fxw	ym 2020s early mb albums p1
Remembrance (feat. Zsela)	Actress	Karma & Desire	INDIFFERENT	_2LyqbLAwD0	MPREb_vEFjmBaVHsA	UCgzkJkxVFn03DlVTyft-Fxw	ym 2020s early mb albums p1
Many Seas, Many Rivers (feat. Sampha)	Actress	Karma & Desire	INDIFFERENT	4wi3iWxD620	MPREb_vEFjmBaVHsA	UCgzkJkxVFn03DlVTyft-Fxw	ym 2020s early mb albums p1
Gliding Squares	Actress	Karma & Desire	INDIFFERENT	CnxEwKclzVI	MPREb_vEFjmBaVHsA	UCgzkJkxVFn03DlVTyft-Fxw	ym 2020s early mb albums p1
Diamond X	Actress	Karma & Desire	INDIFFERENT	NHOogzeUZB0	MPREb_vEFjmBaVHsA	UCgzkJkxVFn03DlVTyft-Fxw	ym 2020s early mb albums p1
Angels Pharmacy (feat. Zsela)	Actress	Karma & Desire	INDIFFERENT	96bJTDWMXCc	MPREb_vEFjmBaVHsA	UCgzkJkxVFn03DlVTyft-Fxw	ym 2020s early mb albums p1
Your Blood	AURORA	What Happened To The Heart?	INDIFFERENT	fiGZG8_8qyA	MPREb_crVPB533mRp	UC4G-AJa7kn8oumI6TT2WXYw	ym 2020s early mb albums p1
When The Dark Dresses Lightly	AURORA	What Happened To The Heart?	INDIFFERENT	nUrWunIMI1U	MPREb_crVPB533mRp	UC4G-AJa7kn8oumI6TT2WXYw	ym 2020s early mb albums p1
To Be Alright	AURORA	What Happened To The Heart?	INDIFFERENT	YgS3iUtCtrY	MPREb_crVPB533mRp	UC4G-AJa7kn8oumI6TT2WXYw	ym 2020s early mb albums p1
The Essence	AURORA	What Happened To The Heart?	INDIFFERENT	cglQaqZuO7o	MPREb_crVPB533mRp	UC4G-AJa7kn8oumI6TT2WXYw	ym 2020s early mb albums p1
The Conflict Of The Mind	AURORA	What Happened To The Heart?	INDIFFERENT	qDgkAH-dydI	MPREb_crVPB533mRp	UC4G-AJa7kn8oumI6TT2WXYw	ym 2020s early mb albums p1
The Blade	AURORA	What Happened To The Heart?	INDIFFERENT	JmNopZ6A5Js	MPREb_crVPB533mRp	UC4G-AJa7kn8oumI6TT2WXYw	ym 2020s early mb albums p1
Starvation	AURORA	What Happened To The Heart?	INDIFFERENT	I8VS_BvyFTw	MPREb_crVPB533mRp	UC4G-AJa7kn8oumI6TT2WXYw	ym 2020s early mb albums p1
Some Type Of Skin	AURORA	What Happened To The Heart?	INDIFFERENT	3se93FDk2F8	MPREb_crVPB533mRp	UC4G-AJa7kn8oumI6TT2WXYw	ym 2020s early mb albums p1
My Name (feat. Ane Brun)	AURORA	What Happened To The Heart?	INDIFFERENT	A3wh8Ioms-Y	MPREb_crVPB533mRp	UC4G-AJa7kn8oumI6TT2WXYw	ym 2020s early mb albums p1
My Body Is Not Mine	AURORA	What Happened To The Heart?	INDIFFERENT	PK1J7ab1uG8	MPREb_crVPB533mRp	UC4G-AJa7kn8oumI6TT2WXYw	ym 2020s early mb albums p1
Invisible Wounds	AURORA	What Happened To The Heart?	INDIFFERENT	5X7MKKHEWTY	MPREb_crVPB533mRp	UC4G-AJa7kn8oumI6TT2WXYw	ym 2020s early mb albums p1
Echo Of My Shadow	AURORA	What Happened To The Heart?	INDIFFERENT	koDFSAl_5ao	MPREb_crVPB533mRp	UC4G-AJa7kn8oumI6TT2WXYw	ym 2020s early mb albums p1
Earthly Delights	AURORA	What Happened To The Heart?	INDIFFERENT	VmctsBr6xbU	MPREb_crVPB533mRp	UC4G-AJa7kn8oumI6TT2WXYw	ym 2020s early mb albums p1
Dreams	AURORA	What Happened To The Heart?	INDIFFERENT	MNu571DiU1o	MPREb_crVPB533mRp	UC4G-AJa7kn8oumI6TT2WXYw	ym 2020s early mb albums p1
Do You Feel?	AURORA	What Happened To The Heart?	INDIFFERENT	TeKY_KPeFUo	MPREb_crVPB533mRp	UC4G-AJa7kn8oumI6TT2WXYw	ym 2020s early mb albums p1
A Soul With No King	AURORA	What Happened To The Heart?	INDIFFERENT	rS5v4f9snJQ	MPREb_crVPB533mRp	UC4G-AJa7kn8oumI6TT2WXYw	ym 2020s early mb albums p1
You Be Free	ANOHNI	My Back Was A Bridge For You To Cross	INDIFFERENT	R1b6UIi7V6o	MPREb_AyhqcrF2fNc	UCXf7gxk441gvwO0p_JMUcdg	ym 2020s early mb albums p1
Why Am I Alive Now?	ANOHNI	My Back Was A Bridge For You To Cross	INDIFFERENT	kWm_T4Ib9s8	MPREb_AyhqcrF2fNc	UCXf7gxk441gvwO0p_JMUcdg	ym 2020s early mb albums p1
There Wasn’t Enough	ANOHNI	My Back Was A Bridge For You To Cross	INDIFFERENT	-84jzkTvlPw	MPREb_AyhqcrF2fNc	UCXf7gxk441gvwO0p_JMUcdg	ym 2020s early mb albums p1
Sliver Of Ice	ANOHNI	My Back Was A Bridge For You To Cross	INDIFFERENT	ez7o_mufmpE	MPREb_AyhqcrF2fNc	UCXf7gxk441gvwO0p_JMUcdg	ym 2020s early mb albums p1
Scapegoat	ANOHNI	My Back Was A Bridge For You To Cross	INDIFFERENT	UWaI8QC5Ii4	MPREb_AyhqcrF2fNc	UCXf7gxk441gvwO0p_JMUcdg	ym 2020s early mb albums p1
Rest	ANOHNI	My Back Was A Bridge For You To Cross	INDIFFERENT	YGVgOwdi5VE	MPREb_AyhqcrF2fNc	UCXf7gxk441gvwO0p_JMUcdg	ym 2020s early mb albums p1
It’s My Fault	ANOHNI	My Back Was A Bridge For You To Cross	INDIFFERENT	nfzhNPXz_X4	MPREb_AyhqcrF2fNc	UCXf7gxk441gvwO0p_JMUcdg	ym 2020s early mb albums p1
It Must Change	ANOHNI	My Back Was A Bridge For You To Cross	INDIFFERENT	5BexLcEnSC0	MPREb_AyhqcrF2fNc	UCXf7gxk441gvwO0p_JMUcdg	ym 2020s early mb albums p1
Go Ahead	ANOHNI	My Back Was A Bridge For You To Cross	INDIFFERENT	fr2qiBXBhgk	MPREb_AyhqcrF2fNc	UCXf7gxk441gvwO0p_JMUcdg	ym 2020s early mb albums p1
Can’t	ANOHNI	My Back Was A Bridge For You To Cross	INDIFFERENT	BjSZ5jOHFQw	MPREb_AyhqcrF2fNc	UCXf7gxk441gvwO0p_JMUcdg	ym 2020s early mb albums p1
Transparency	2 Chainz, Lil Wayne, & USHER	Welcome 2 Collegrove	INDIFFERENT	9ASLg7gcl4w	MPREb_yuUwnDGzDOO		ym 2020s early mb albums p1
Significant Other	2 Chainz	Welcome 2 Collegrove	INDIFFERENT	e6E6UvKXTqc	MPREb_yuUwnDGzDOO	UCvNe1IHe_tf5g-J-jZF0ERQ	ym 2020s early mb albums p1
Shame	2 Chainz	Welcome 2 Collegrove	INDIFFERENT	VJU5UmFNIAY	MPREb_yuUwnDGzDOO	UCvNe1IHe_tf5g-J-jZF0ERQ	ym 2020s early mb albums p1
Scene 5: Never Was Lost	2 Chainz	Welcome 2 Collegrove	INDIFFERENT	Z0WVcU16qYs	MPREb_yuUwnDGzDOO	UCvNe1IHe_tf5g-J-jZF0ERQ	ym 2020s early mb albums p1
Scene 4: No Fent	2 Chainz	Welcome 2 Collegrove	INDIFFERENT	9aQgiOpTzMM	MPREb_yuUwnDGzDOO	UCvNe1IHe_tf5g-J-jZF0ERQ	ym 2020s early mb albums p1
Scene 3: Ladies Man	2 Chainz	Welcome 2 Collegrove	INDIFFERENT	L_AKDio5xew	MPREb_yuUwnDGzDOO	UCvNe1IHe_tf5g-J-jZF0ERQ	ym 2020s early mb albums p1
Scene 2: Duffle Bag Boys	2 Chainz	Welcome 2 Collegrove	INDIFFERENT	5GL4qyuZXYE	MPREb_yuUwnDGzDOO	UCvNe1IHe_tf5g-J-jZF0ERQ	ym 2020s early mb albums p1
Scene 1: Welcome 2 Collegrove	2 Chainz	Welcome 2 Collegrove	INDIFFERENT	0QqfVWg22Jg	MPREb_yuUwnDGzDOO	UCvNe1IHe_tf5g-J-jZF0ERQ	ym 2020s early mb albums p1
Presha	2 Chainz	Welcome 2 Collegrove	INDIFFERENT	3FZ-xoFnFFE	MPREb_yuUwnDGzDOO	UCvNe1IHe_tf5g-J-jZF0ERQ	ym 2020s early mb albums p1
P.P.A.	2 Chainz	Welcome 2 Collegrove	INDIFFERENT	6W_GxPDI1og	MPREb_yuUwnDGzDOO	UCvNe1IHe_tf5g-J-jZF0ERQ	ym 2020s early mb albums p1
Oprah & Gayle	2 Chainz	Welcome 2 Collegrove	INDIFFERENT	nw1dBnmBQqE	MPREb_yuUwnDGzDOO	UCvNe1IHe_tf5g-J-jZF0ERQ	ym 2020s early mb albums p1
Moonlight	2 Chainz	Welcome 2 Collegrove	INDIFFERENT	sNDuaUP1_dc	MPREb_yuUwnDGzDOO	UCvNe1IHe_tf5g-J-jZF0ERQ	ym 2020s early mb albums p1
Millions From Now	2 Chainz	Welcome 2 Collegrove	INDIFFERENT	nd_YZpMo8qA	MPREb_yuUwnDGzDOO	UCvNe1IHe_tf5g-J-jZF0ERQ	ym 2020s early mb albums p1
Long Story Short	2 Chainz	Welcome 2 Collegrove	INDIFFERENT	W7uzB2j-slE	MPREb_yuUwnDGzDOO	UCvNe1IHe_tf5g-J-jZF0ERQ	ym 2020s early mb albums p1
Godzilla	2 Chainz	Welcome 2 Collegrove	INDIFFERENT	7PiGPR0I-sM	MPREb_yuUwnDGzDOO	UCvNe1IHe_tf5g-J-jZF0ERQ	ym 2020s early mb albums p1
G6	2 Chainz	Welcome 2 Collegrove	INDIFFERENT	LrkYXdjQinQ	MPREb_yuUwnDGzDOO	UCvNe1IHe_tf5g-J-jZF0ERQ	ym 2020s early mb albums p1
Crown Snatcher	2 Chainz	Welcome 2 Collegrove	INDIFFERENT	JTuj90Ruj40	MPREb_yuUwnDGzDOO	UCvNe1IHe_tf5g-J-jZF0ERQ	ym 2020s early mb albums p1
Crazy Thick	2 Chainz	Welcome 2 Collegrove	INDIFFERENT	pnA_SPqN8qo	MPREb_yuUwnDGzDOO	UCvNe1IHe_tf5g-J-jZF0ERQ	ym 2020s early mb albums p1
Can’t Believe You	2 Chainz	Welcome 2 Collegrove	INDIFFERENT	qCrT-nrb3Mo	MPREb_yuUwnDGzDOO	UCvNe1IHe_tf5g-J-jZF0ERQ	ym 2020s early mb albums p1
Big Diamonds	2 Chainz	Welcome 2 Collegrove	INDIFFERENT	ecEKCMQ5UXs	MPREb_yuUwnDGzDOO	UCvNe1IHe_tf5g-J-jZF0ERQ	ym 2020s early mb albums p1
Bars	2 Chainz	Welcome 2 Collegrove	INDIFFERENT	zzu2gDSxKMs	MPREb_yuUwnDGzDOO	UCvNe1IHe_tf5g-J-jZF0ERQ	ym 2020s early mb albums p1
xXXi_wud_nvrstøp_ÜXXx (Remix) (feat. Hannah Diamond & Tommy Cash)	100 gecs	1000 gecs and The Tree of Clues	INDIFFERENT	n387OH0tN-o	MPREb_a81emlZHOH8	UCyGv29emV8sGWSCle5-atLA	ym 2020s early mb albums p1
xXXi_wud_nvrstøp_ÜXXx (99jakes Remix)	100 gecs	1000 gecs and The Tree of Clues	INDIFFERENT	wHeSBn1cZXM	MPREb_a81emlZHOH8	UCyGv29emV8sGWSCle5-atLA	ym 2020s early mb albums p1
toothless	100 gecs	1000 gecs and The Tree of Clues	INDIFFERENT	B_6PePE_9nE	MPREb_a81emlZHOH8	UCyGv29emV8sGWSCle5-atLA	ym 2020s early mb albums p1
stupid horse (Remix) (feat. Count Baldor & GFOTY)	100 gecs	1000 gecs and The Tree of Clues	INDIFFERENT	ATPNR4lTv_w	MPREb_a81emlZHOH8	UCyGv29emV8sGWSCle5-atLA	ym 2020s early mb albums p1
small pipe (live at fishcenter)	100 gecs	1000 gecs and The Tree of Clues	INDIFFERENT	UoKqVWPOb2k	MPREb_a81emlZHOH8	UCyGv29emV8sGWSCle5-atLA	ym 2020s early mb albums p1
ringtone (umru Remix)	100 gecs	1000 gecs and The Tree of Clues	INDIFFERENT	hRjLXtw9LvE	MPREb_a81emlZHOH8	UCyGv29emV8sGWSCle5-atLA	ym 2020s early mb albums p1
ringtone (Remix) (feat. Charli xcx, Rico Nasty & Kero Kero Bonito)	100 gecs	1000 gecs and The Tree of Clues	INDIFFERENT	Ke9DSq-rJJQ	MPREb_a81emlZHOH8	UCyGv29emV8sGWSCle5-atLA	ym 2020s early mb albums p1
money machine (A.G. Cook Remix)	100 gecs	1000 gecs and The Tree of Clues	INDIFFERENT	7J0YKWKMfmE	MPREb_a81emlZHOH8	UCyGv29emV8sGWSCle5-atLA	ym 2020s early mb albums p1
hand crushed by a mallet (Remix) (feat. Fall Out Boy, Craig Owens & Nicole Dollanganger)	100 gecs	1000 gecs and The Tree of Clues	INDIFFERENT	K6NZef1pKm4	MPREb_a81emlZHOH8	UCyGv29emV8sGWSCle5-atLA	ym 2020s early mb albums p1
hand crushed by a mallet (N0thanky0u Remix)	100 gecs	1000 gecs and The Tree of Clues	INDIFFERENT	4otZsZ0IwVE	MPREb_a81emlZHOH8	UCyGv29emV8sGWSCle5-atLA	ym 2020s early mb albums p1
gecgecgec (Remix) (feat. Lil West & Tony Velour)	100 gecs	1000 gecs and The Tree of Clues	INDIFFERENT	sLBFdZ3RzjA	MPREb_a81emlZHOH8	UCyGv29emV8sGWSCle5-atLA	ym 2020s early mb albums p1
gec 2 Ü (Remix) (feat. Dorian Electra)	100 gecs	1000 gecs and The Tree of Clues	INDIFFERENT	XRphbLoIdbQ	MPREb_a81emlZHOH8	UCyGv29emV8sGWSCle5-atLA	ym 2020s early mb albums p1
gec 2 Ü (Danny L Harle Harlecore Remix)	100 gecs	1000 gecs and The Tree of Clues	INDIFFERENT	vqiuWU2DM90	MPREb_a81emlZHOH8	UCyGv29emV8sGWSCle5-atLA	ym 2020s early mb albums p1
came to my show (intro)	100 gecs	1000 gecs and The Tree of Clues	INDIFFERENT	ZtesEQ74Tik	MPREb_a81emlZHOH8	UCyGv29emV8sGWSCle5-atLA	ym 2020s early mb albums p1
came to my show	100 gecs	1000 gecs and The Tree of Clues	INDIFFERENT	fSPqew6s6PA	MPREb_a81emlZHOH8	UCyGv29emV8sGWSCle5-atLA	ym 2020s early mb albums p1
800db cloud (live at fishcenter)	100 gecs	1000 gecs and The Tree of Clues	INDIFFERENT	fvFshQ0F49Y	MPREb_a81emlZHOH8	UCyGv29emV8sGWSCle5-atLA	ym 2020s early mb albums p1
800db cloud (Ricco Harver Remix)	100 gecs	1000 gecs and The Tree of Clues	INDIFFERENT	9qFg9OsjPx8	MPREb_a81emlZHOH8	UCyGv29emV8sGWSCle5-atLA	ym 2020s early mb albums p1
745 sticky (Injury Reserve Remix)	100 gecs	1000 gecs and The Tree of Clues	INDIFFERENT	gRZxZYfkprc	MPREb_a81emlZHOH8	UCyGv29emV8sGWSCle5-atLA	ym 2020s early mb albums p1
745 sticky (Black Dresses Remix)	100 gecs	1000 gecs and The Tree of Clues	INDIFFERENT	O1kTTOdHgC4	MPREb_a81emlZHOH8	UCyGv29emV8sGWSCle5-atLA	ym 2020s early mb albums p1
mememe	100 gecs	10,000 gecs	INDIFFERENT	Izj_lF5i_X4	MPREb_jOEr3OBQgOM	UCyGv29emV8sGWSCle5-atLA	ym 2020s early mb albums p1
One Million Dollars	100 gecs	10,000 gecs	INDIFFERENT	ZoforO5L-7Y	MPREb_jOEr3OBQgOM	UCyGv29emV8sGWSCle5-atLA	ym 2020s early mb albums p1
I Got My Tooth Removed	100 gecs	10,000 gecs	INDIFFERENT	0ee_1OB3PMY	MPREb_jOEr3OBQgOM	UCyGv29emV8sGWSCle5-atLA	ym 2020s early mb albums p1
Hollywood Baby	100 gecs	10,000 gecs	INDIFFERENT	7pA2NRYGQEk	MPREb_jOEr3OBQgOM	UCyGv29emV8sGWSCle5-atLA	ym 2020s early mb albums p1
Dumbest Girl Alive	100 gecs	10,000 gecs	INDIFFERENT	oYOPz1vqeZU	MPREb_jOEr3OBQgOM	UCyGv29emV8sGWSCle5-atLA	ym 2020s early mb albums p1
Doritos & Fritos	100 gecs	10,000 gecs	INDIFFERENT	i2Jqig0N3Uk	MPREb_jOEr3OBQgOM	UCyGv29emV8sGWSCle5-atLA	ym 2020s early mb albums p1
Billy Knows Jamie	100 gecs	10,000 gecs	INDIFFERENT	b9tG-hielBw	MPREb_jOEr3OBQgOM	UCyGv29emV8sGWSCle5-atLA	ym 2020s early mb albums p1
