title	artist	album	likeStatus	videoId	albumId	artistId	playlists
Manhattan Warmonger	ｊａｒｊａｒｊｒ	Fallen Angel	LIKE	iLThT7tr0i4	MPREb_adiFykAH1MP	UCFaq5BDc9tjq-peJMwFXfGw	ym 2010s late mb albums p2
Mad Fools	ｊａｒｊａｒｊｒ	Fallen Angel	LIKE	jfU6PI-t3dY	MPREb_adiFykAH1MP	UCFaq5BDc9tjq-peJMwFXfGw	ym 2010s late mb albums p2
Lord of Latveria	ｊａｒｊａｒｊｒ	Fallen Angel	LIKE	t2WlBxZRnMI	MPREb_adiFykAH1MP	UCFaq5BDc9tjq-peJMwFXfGw	ym 2010s late mb albums p2
Fire in the Hole	ｊａｒｊａｒｊｒ	Fallen Angel	LIKE	qAh-3GF8hyw	MPREb_adiFykAH1MP	UCFaq5BDc9tjq-peJMwFXfGw	ym 2010s late mb albums p2
Ask My Reverend	ｊａｒｊａｒｊｒ	Fallen Angel	LIKE	7NujgL5axbw	MPREb_adiFykAH1MP	UCFaq5BDc9tjq-peJMwFXfGw	ym 2010s late mb albums p2
Why Do We Think (Details)	glue70	After School	LIKE	tCRXBWxLhdg	MPREb_9GlGyPhoS1A	UCB4JZ3z7NjEzy82AupEGWNg	ym 2010s late mb albums p2
Wave	glue70	After School	LIKE	9MxtpWRcWnE	MPREb_9GlGyPhoS1A	UCB4JZ3z7NjEzy82AupEGWNg	ym 2010s late mb albums p2
The Giraffe Can Sprint	glue70	After School	LIKE	I89Sk9bqHWk	MPREb_9GlGyPhoS1A	UCB4JZ3z7NjEzy82AupEGWNg	ym 2010s late mb albums p2
Reach Your Destination	glue70	After School	LIKE	AWheGlo_nJI	MPREb_9GlGyPhoS1A	UCB4JZ3z7NjEzy82AupEGWNg	ym 2010s late mb albums p2
Never Stop (Hiding)	glue70	After School	LIKE	zt5tSAM5v7I	MPREb_9GlGyPhoS1A	UCB4JZ3z7NjEzy82AupEGWNg	ym 2010s late mb albums p2
Look Out	glue70	After School	LIKE	8bimpbTttNQ	MPREb_9GlGyPhoS1A	UCB4JZ3z7NjEzy82AupEGWNg	ym 2010s late mb albums p2
Hung Over	glue70	After School	LIKE	kxE4KJ3mj0I	MPREb_9GlGyPhoS1A	UCB4JZ3z7NjEzy82AupEGWNg	ym 2010s late mb albums p2
How Much Longer	glue70	After School	LIKE	C_kCkpMI5es	MPREb_9GlGyPhoS1A	UCB4JZ3z7NjEzy82AupEGWNg	ym 2010s late mb albums p2
Cry (Dont)	glue70	After School	LIKE	SzNt62yw-4M	MPREb_9GlGyPhoS1A	UCB4JZ3z7NjEzy82AupEGWNg	ym 2010s late mb albums p2
After School Club	glue70	After School	LIKE	GtVNGAtGrOo	MPREb_9GlGyPhoS1A	UCB4JZ3z7NjEzy82AupEGWNg	ym 2010s late mb albums p2
Naima's Dream	The Mattson 2	Paradise	LIKE	qu_fQ19mc54	MPREb_LiKVBEEx6bR	UC0t2EHfEvvnuVWbeW5XyVag	ym 2010s late mb albums p2
Over the Moon	The Marías	Superclean, Vol. II	LIKE	Ah_Ig6wggtI	MPREb_z2K0GCbmAau	UCVV5M4OEFsKnB9HBhwOhHbA	ym 2010s late mb albums p2
Clueless	The Marías	Superclean, Vol. II	LIKE	7sB8Tp6hovA	MPREb_z2K0GCbmAau	UCVV5M4OEFsKnB9HBhwOhHbA	ym 2010s late mb albums p2
ABQ	The Marías	Superclean, Vol. II	LIKE	IIzYkkny5vs	MPREb_z2K0GCbmAau	UCVV5M4OEFsKnB9HBhwOhHbA	ym 2010s late mb albums p2
Superclean	The Marías	Superclean, Vol. I	LIKE	hIpXzm9g_C8	MPREb_kZ3oO4EYveP	UCVV5M4OEFsKnB9HBhwOhHbA	ym 2010s late mb albums p2
Only in My Dreams	The Marías	Superclean, Vol. I	LIKE	HnXzzTIFu_U	MPREb_kZ3oO4EYveP	UCVV5M4OEFsKnB9HBhwOhHbA	ym 2010s late mb albums p2
I Don't Know You	The Marías	Superclean, Vol. I	LIKE	pzmpoxEYRik	MPREb_kZ3oO4EYveP	UCVV5M4OEFsKnB9HBhwOhHbA	ym 2010s late mb albums p2
Basta Ya	The Marías	Superclean, Vol. I	LIKE	kPb7qcwwHSk	MPREb_kZ3oO4EYveP	UCVV5M4OEFsKnB9HBhwOhHbA	ym 2010s late mb albums p2
Moon Night	The Madcaps	The Madcaps	LIKE	Vin4Ecb-Zek	MPREb_bhTsBqwqE3y	UC7h01KWIGAA1sR6wicuwsFQ	ym 2010s late mb albums p2
Melody Maker	The Madcaps	The Madcaps	LIKE	bZU81UfS5kA	MPREb_bhTsBqwqE3y	UC7h01KWIGAA1sR6wicuwsFQ	ym 2010s late mb albums p2
I Knew It All	The Madcaps	The Madcaps	LIKE	xc4cJVYBZAU	MPREb_bhTsBqwqE3y	UC7h01KWIGAA1sR6wicuwsFQ	ym 2010s late mb albums p2
Emily Vandelay	The Madcaps	The Madcaps	LIKE	YtrpiZsnIcE	MPREb_bhTsBqwqE3y	UC7h01KWIGAA1sR6wicuwsFQ	ym 2010s late mb albums p2
When It Rains	The Lions, Black Shakespeare, & Angelo 'Dr. Maddvibe' Moore	Soul Riot	LIKE	72Lkun4RG3E	MPREb_mCWpnnjnNBp		ym 2010s late mb albums p2
The Magnificent Dance	The Lions	Soul Riot	LIKE	DazEA22dJas	MPREb_mCWpnnjnNBp	UCvm1Z9rmRrh0jwzAWRx9A1Q	ym 2010s late mb albums p2
The Absolute Best (Intro)	The Lions	Soul Riot	LIKE	zftD2WbtxNI	MPREb_mCWpnnjnNBp	UCvm1Z9rmRrh0jwzAWRx9A1Q	ym 2010s late mb albums p2
Smoke & Mirrors	The Lions	Soul Riot	LIKE	DTs5IV1P78g	MPREb_mCWpnnjnNBp	UCvm1Z9rmRrh0jwzAWRx9A1Q	ym 2010s late mb albums p2
Run Along	The Lions	Soul Riot	LIKE	nbPqzaWKjk8	MPREb_mCWpnnjnNBp	UCvm1Z9rmRrh0jwzAWRx9A1Q	ym 2010s late mb albums p2
Rhythm Rock	The Lions	Soul Riot	LIKE	gBmkkH9Aer0	MPREb_mCWpnnjnNBp	UCvm1Z9rmRrh0jwzAWRx9A1Q	ym 2010s late mb albums p2
Going Nowhere	The Lions	Soul Riot	LIKE	kTtCMdbyfrU	MPREb_mCWpnnjnNBp	UCvm1Z9rmRrh0jwzAWRx9A1Q	ym 2010s late mb albums p2
Falling	The Lions	Soul Riot	LIKE	yfXP4WyXYTw	MPREb_mCWpnnjnNBp	UCvm1Z9rmRrh0jwzAWRx9A1Q	ym 2010s late mb albums p2
At a Loss	The Lions	Soul Riot	LIKE	VIzkFaefVT0	MPREb_mCWpnnjnNBp	UCvm1Z9rmRrh0jwzAWRx9A1Q	ym 2010s late mb albums p2
(Will You Be) My Girl?	The Lions	Soul Riot	LIKE	UwcXF6aryN0	MPREb_mCWpnnjnNBp	UCvm1Z9rmRrh0jwzAWRx9A1Q	ym 2010s late mb albums p2
Pattern	The Last Shadow Puppets	Everything You’ve Come To Expect	LIKE	s59eaiEMQVU	MPREb_1WOL6rVTDAQ	UCgHH2qg9BvDCf8cVxO4PwoQ	ym 2010s late mb albums p2
Everything You’ve Come To Expect	The Last Shadow Puppets	Everything You’ve Come To Expect	LIKE	J-tnXhLReeo	MPREb_1WOL6rVTDAQ	UCgHH2qg9BvDCf8cVxO4PwoQ	ym 2010s late mb albums p2
Aviation	The Last Shadow Puppets	Everything You’ve Come To Expect	LIKE	228o3eqlt58	MPREb_1WOL6rVTDAQ	UCgHH2qg9BvDCf8cVxO4PwoQ	ym 2010s late mb albums p2
Voodoo Chile	The Jimi Hendrix Experience	Electric Ladyland	LIKE	DLGl8Oc484Q	MPREb_xl4MnHmyujn	UC5NwXf8hOgZgInaYiOCZmUg	ym 2010s late mb albums p2
Voodoo Child (Slight Return)	The Jimi Hendrix Experience	Electric Ladyland	LIKE	C0XwPUFfFwE	MPREb_xl4MnHmyujn	UC5NwXf8hOgZgInaYiOCZmUg	ym 2010s late mb albums p2
Still Raining, Still Dreaming	The Jimi Hendrix Experience	Electric Ladyland	LIKE	zvNDhBPP6o0	MPREb_xl4MnHmyujn	UC5NwXf8hOgZgInaYiOCZmUg	ym 2010s late mb albums p2
Rainy Day, Dream Away	The Jimi Hendrix Experience	Electric Ladyland	LIKE	ipxBQcci0X0	MPREb_xl4MnHmyujn	UC5NwXf8hOgZgInaYiOCZmUg	ym 2010s late mb albums p2
Moon, Turn the Tides...Gently Gently Away	The Jimi Hendrix Experience	Electric Ladyland	LIKE	0x_YGU99zcc	MPREb_xl4MnHmyujn	UC5NwXf8hOgZgInaYiOCZmUg	ym 2010s late mb albums p2
Little Miss Strange	The Jimi Hendrix Experience	Electric Ladyland	LIKE	2T3PfmYia88	MPREb_xl4MnHmyujn	UC5NwXf8hOgZgInaYiOCZmUg	ym 2010s late mb albums p2
Have You Ever Been (To Electric Ladyland)	The Jimi Hendrix Experience	Electric Ladyland	LIKE	nDeog4iLbi0	MPREb_xl4MnHmyujn	UC5NwXf8hOgZgInaYiOCZmUg	ym 2010s late mb albums p2
Gypsy Eyes	The Jimi Hendrix Experience	Electric Ladyland	LIKE	6cAnJlyoowQ	MPREb_xl4MnHmyujn	UC5NwXf8hOgZgInaYiOCZmUg	ym 2010s late mb albums p2
Crosstown Traffic	The Jimi Hendrix Experience	Electric Ladyland	LIKE	0NWYXJ04KCM	MPREb_xl4MnHmyujn	UC5NwXf8hOgZgInaYiOCZmUg	ym 2010s late mb albums p2
Come On (Let the Good Times Roll)	The Jimi Hendrix Experience	Electric Ladyland	LIKE	Ne_NSMZvvJI	MPREb_xl4MnHmyujn	UC5NwXf8hOgZgInaYiOCZmUg	ym 2010s late mb albums p2
Burning of the Midnight Lamp	The Jimi Hendrix Experience	Electric Ladyland	LIKE	SIGaLAdUaYY	MPREb_xl4MnHmyujn	UC5NwXf8hOgZgInaYiOCZmUg	ym 2010s late mb albums p2
All Along the Watchtower	The Jimi Hendrix Experience	Electric Ladyland	LIKE	wVLqFQ5QT7Y	MPREb_xl4MnHmyujn	UC5NwXf8hOgZgInaYiOCZmUg	ym 2010s late mb albums p2
1983...(A Merman I Should Turn to Be)	The Jimi Hendrix Experience	Electric Ladyland	LIKE	STqIt30wt2M	MPREb_xl4MnHmyujn	UC5NwXf8hOgZgInaYiOCZmUg	ym 2010s late mb albums p2
...And the Gods Made Love	The Jimi Hendrix Experience	Electric Ladyland	LIKE	Hz_XAldktzY	MPREb_xl4MnHmyujn	UC5NwXf8hOgZgInaYiOCZmUg	ym 2010s late mb albums p2
Roll (Burbank Funk)	The Internet	Hive Mind	LIKE	Tpm_P5kNmZE	MPREb_dmCI4yQHTku	UCV47BDFlKr2OCNLrAyj7ATQ	ym 2010s late mb albums p2
Next Time / Humble Pie	The Internet	Hive Mind	LIKE	3NW-_Q_UPdM	MPREb_dmCI4yQHTku	UCV47BDFlKr2OCNLrAyj7ATQ	ym 2010s late mb albums p2
Hold On	The Internet	Hive Mind	LIKE	7grujCJntis	MPREb_dmCI4yQHTku	UCV47BDFlKr2OCNLrAyj7ATQ	ym 2010s late mb albums p2
Special Affair	The Internet	Ego Death	LIKE	X3qxEcVp0JE	MPREb_0BzYIapZjcz	UCV47BDFlKr2OCNLrAyj7ATQ	ym 2010s late mb albums p2
Just Sayin/I Tried	The Internet	Ego Death	LIKE	i2snTW3wgE4	MPREb_0BzYIapZjcz	UCV47BDFlKr2OCNLrAyj7ATQ	ym 2010s late mb albums p2
Girl (feat. KAYTRANADA)	The Internet	Ego Death	LIKE	Mr-QCvBPscg	MPREb_0BzYIapZjcz	UCV47BDFlKr2OCNLrAyj7ATQ	ym 2010s late mb albums p2
Get Away	The Internet	Ego Death	LIKE	fYUx82DihbY	MPREb_0BzYIapZjcz	UCV47BDFlKr2OCNLrAyj7ATQ	ym 2010s late mb albums p2
Gabby (feat. Janelle Monáe)	The Internet	Ego Death	LIKE	BtRbO3nQGWI	MPREb_0BzYIapZjcz	UCV47BDFlKr2OCNLrAyj7ATQ	ym 2010s late mb albums p2
U Don’t Wake Up	The Holydrug Couple	Moonlust	LIKE	-L_Gdz1G9aI	MPREb_49IG41w8SEL	UCa9j6qYsEFttptJN-DpmSyA	ym 2010s late mb albums p2
Submarine Gold	The Holydrug Couple	Moonlust	LIKE	bkY_yS4gm0Q	MPREb_49IG41w8SEL	UCa9j6qYsEFttptJN-DpmSyA	ym 2010s late mb albums p2
Remember Well	The Holydrug Couple	Moonlust	LIKE	VWFxUt564ro	MPREb_49IG41w8SEL	UCa9j6qYsEFttptJN-DpmSyA	ym 2010s late mb albums p2
Light or Night	The Holydrug Couple	Moonlust	LIKE	_OOS86g1_WU	MPREb_49IG41w8SEL	UCa9j6qYsEFttptJN-DpmSyA	ym 2010s late mb albums p2
If I Could Find You (Eternity)	The Holydrug Couple	Moonlust	LIKE	IXsDehArNTg	MPREb_49IG41w8SEL	UCa9j6qYsEFttptJN-DpmSyA	ym 2010s late mb albums p2
I Don’t Feel Like It	The Holydrug Couple	Moonlust	LIKE	t-X0QYhexB4	MPREb_49IG41w8SEL	UCa9j6qYsEFttptJN-DpmSyA	ym 2010s late mb albums p2
Generique Noir	The Holydrug Couple	Moonlust	LIKE	EL3DjcRBanE	MPREb_49IG41w8SEL	UCa9j6qYsEFttptJN-DpmSyA	ym 2010s late mb albums p2
French Movie Theme	The Holydrug Couple	Moonlust	LIKE	ctZG6fxRSYw	MPREb_49IG41w8SEL	UCa9j6qYsEFttptJN-DpmSyA	ym 2010s late mb albums p2
Dreamy	The Holydrug Couple	Moonlust	LIKE	2yY5gTowHBg	MPREb_49IG41w8SEL	UCa9j6qYsEFttptJN-DpmSyA	ym 2010s late mb albums p2
Concorde	The Holydrug Couple	Moonlust	LIKE	tST3HTz0UYU	MPREb_49IG41w8SEL	UCa9j6qYsEFttptJN-DpmSyA	ym 2010s late mb albums p2
Baby, I’m Going Away	The Holydrug Couple	Moonlust	LIKE	aqtnVP48EW8	MPREb_49IG41w8SEL	UCa9j6qYsEFttptJN-DpmSyA	ym 2010s late mb albums p2
Atlantic Postcard	The Holydrug Couple	Moonlust	LIKE	E3c1GrHLa-E	MPREb_49IG41w8SEL	UCa9j6qYsEFttptJN-DpmSyA	ym 2010s late mb albums p2
Summertime (feat. Jelly Roll)	The Game	The Documentary 2	LIKE	1TzakwqtrIA	MPREb_UhzFOCvLSZo	UC5zGDJcAF5VkW70c8raD-Lw	ym 2010s late mb albums p2
Made In America (feat. Mvrcus Blvck)	The Game	The Documentary 2	LIKE	GrKkMl836a0	MPREb_UhzFOCvLSZo	UC5zGDJcAF5VkW70c8raD-Lw	ym 2010s late mb albums p2
LA (feat. Snoop Dogg, will.i.am & Fergie)	The Game	The Documentary 2	LIKE	1_pROdv0fHs	MPREb_UhzFOCvLSZo	UC5zGDJcAF5VkW70c8raD-Lw	ym 2010s late mb albums p2
Circles (feat. Eric Bellinger, Q-Tip & Sha Sha)	The Game	The Documentary 2	LIKE	8OadOFVdn18	MPREb_UhzFOCvLSZo	UC5zGDJcAF5VkW70c8raD-Lw	ym 2010s late mb albums p2
Express Your Love	Sweet & Innocent	Late Night Tales: Floating Points	LIKE	enURl5wiTeU	MPREb_5HOpfBzfY02	UChlTtgOKKoGJNBKOlkonEjA	ym 2010s late mb albums p2
Thick as Thieves	Mexico City Blondes	Blush	LIKE	E-PJrictvOs	MPREb_h0K1HW80Wwc	UCa1J4uHeXQJPjksQc9JagDA	ym 2010s late mb albums p2
Out to Dry	Mexico City Blondes	Blush	LIKE	XbnR_ZB2Apk	MPREb_h0K1HW80Wwc	UCa1J4uHeXQJPjksQc9JagDA	ym 2010s late mb albums p2
All Night	Mexico City Blondes	Blush	LIKE	CQpNXRIvMmU	MPREb_h0K1HW80Wwc	UCa1J4uHeXQJPjksQc9JagDA	ym 2010s late mb albums p2
Addio	Mexico City Blondes	Blush	LIKE	G6vFV9XDWQw	MPREb_h0K1HW80Wwc	UCa1J4uHeXQJPjksQc9JagDA	ym 2010s late mb albums p2
Kicking A Can Of Worms	Metz	II	LIKE	UZrivjQMzQw	MPREb_5VuuTuAsE7N	UColti3XSQ4uFufiEQ0gz4cQ	ym 2010s late mb albums p2
Acetate	Metz	II	LIKE	OWYZZ0nYwHQ	MPREb_5VuuTuAsE7N	UColti3XSQ4uFufiEQ0gz4cQ	ym 2010s late mb albums p2
Summer Jam	Metronomy	Summer 08	LIKE	woHxKqdGRRw	MPREb_zFjQfVjIvtg	UCWE-9CO32bK6OI2NLKUWSRw	ym 2010s late mb albums p2
Old Skool (feat. Mix Master Mike)	Metronomy	Summer 08	LIKE	Up2IEFaW35M	MPREb_zFjQfVjIvtg	UCWE-9CO32bK6OI2NLKUWSRw	ym 2010s late mb albums p2
Night Owl	Metronomy	Summer 08	LIKE	KfWGynAAuUI	MPREb_zFjQfVjIvtg	UCWE-9CO32bK6OI2NLKUWSRw	ym 2010s late mb albums p2
My House	Metronomy	Summer 08	LIKE	kcIdUY5lWLk	MPREb_zFjQfVjIvtg	UCWE-9CO32bK6OI2NLKUWSRw	ym 2010s late mb albums p2
Ur Mixtape	Metronomy	Metronomy Forever	LIKE	KGPR3dbTzAg	MPREb_YUyYSbiJnd8	UCWE-9CO32bK6OI2NLKUWSRw	ym 2010s late mb albums p2
The Light	Metronomy	Metronomy Forever	LIKE	Ux8T0HSMjKI	MPREb_YUyYSbiJnd8	UCWE-9CO32bK6OI2NLKUWSRw	ym 2010s late mb albums p2
Lying Low	Metronomy	Metronomy Forever	LIKE	Nq23rf4-tsI	MPREb_YUyYSbiJnd8	UCWE-9CO32bK6OI2NLKUWSRw	ym 2010s late mb albums p2
Lately (Going Spare)	Metronomy	Metronomy Forever	LIKE	Lw1GHxACKHU	MPREb_YUyYSbiJnd8	UCWE-9CO32bK6OI2NLKUWSRw	ym 2010s late mb albums p2
Lately	Metronomy	Metronomy Forever	LIKE	fMydQuraBAs	MPREb_YUyYSbiJnd8	UCWE-9CO32bK6OI2NLKUWSRw	ym 2010s late mb albums p2
You Deserve This (Album V)	Men I Trust	Oncle Jazz	LIKE	27FT7qTiJRk	MPREb_FB5enwkcFkJ	UCaPOa_Tg0TThuYSVtUEXb8g	ym 2010s late mb albums p2
Slap Pie	Men I Trust	Oncle Jazz	LIKE	RJkXajddp6k	MPREb_FB5enwkcFkJ	UCaPOa_Tg0TThuYSVtUEXb8g	ym 2010s late mb albums p2
Show Me How (Album V)	Men I Trust	Oncle Jazz	LIKE	sp-LhEqbf0k	MPREb_FB5enwkcFkJ	UCaPOa_Tg0TThuYSVtUEXb8g	ym 2010s late mb albums p2
Seven (Album V)	Men I Trust	Oncle Jazz	LIKE	qgodimRHN-M	MPREb_FB5enwkcFkJ	UCaPOa_Tg0TThuYSVtUEXb8g	ym 2010s late mb albums p2
Say Can You Hear (Album V)	Men I Trust	Oncle Jazz	LIKE	BzqStDtuSjA	MPREb_FB5enwkcFkJ	UCaPOa_Tg0TThuYSVtUEXb8g	ym 2010s late mb albums p2
Pines	Men I Trust	Oncle Jazz	LIKE	EZTUOA_nrrA	MPREb_FB5enwkcFkJ	UCaPOa_Tg0TThuYSVtUEXb8g	ym 2010s late mb albums p2
Pierre	Men I Trust	Oncle Jazz	LIKE	qq6m10t9vZc	MPREb_FB5enwkcFkJ	UCaPOa_Tg0TThuYSVtUEXb8g	ym 2010s late mb albums p2
Numb (Album V)	Men I Trust	Oncle Jazz	LIKE	YNmFxDDZzok	MPREb_FB5enwkcFkJ	UCaPOa_Tg0TThuYSVtUEXb8g	ym 2010s late mb albums p2
Norton Commander (Album V)	Men I Trust	Oncle Jazz	LIKE	tkVQ9q3myqw	MPREb_FB5enwkcFkJ	UCaPOa_Tg0TThuYSVtUEXb8g	ym 2010s late mb albums p2
Days Go By	Men I Trust	Oncle Jazz	LIKE	iWAgyR_t6wg	MPREb_FB5enwkcFkJ	UCaPOa_Tg0TThuYSVtUEXb8g	ym 2010s late mb albums p2
All Night	Men I Trust	Oncle Jazz	LIKE	I4naSX97jJU	MPREb_FB5enwkcFkJ	UCaPOa_Tg0TThuYSVtUEXb8g	ym 2010s late mb albums p2
Air	Men I Trust	Oncle Jazz	LIKE	Tg5kgUo608M	MPREb_FB5enwkcFkJ	UCaPOa_Tg0TThuYSVtUEXb8g	ym 2010s late mb albums p2
Space Is the Place	Men I Trust	Headroom	LIKE	y56Uy1p0F9c	MPREb_ifYvcrqAYtn	UCaPOa_Tg0TThuYSVtUEXb8g	ym 2010s late mb albums p2
Sad Organ	Men I Trust	Headroom	LIKE	UwesLF_g-eE	MPREb_ifYvcrqAYtn	UCaPOa_Tg0TThuYSVtUEXb8g	ym 2010s late mb albums p2
Quiet (feat. Odile)	Men I Trust	Headroom	LIKE	f8vI7Vcw6zU	MPREb_ifYvcrqAYtn	UCaPOa_Tg0TThuYSVtUEXb8g	ym 2010s late mb albums p2
Morse Code (feat. Odile & Geoffroy)	Men I Trust	Headroom	LIKE	PPe_CskG_Mo	MPREb_ifYvcrqAYtn	UCaPOa_Tg0TThuYSVtUEXb8g	ym 2010s late mb albums p2
Curious Fish (feat. Emmanuelle)	Men I Trust	Headroom	LIKE	TkB85_DldXQ	MPREb_ifYvcrqAYtn	UCaPOa_Tg0TThuYSVtUEXb8g	ym 2010s late mb albums p2
Aquarelle	Men I Trust	Headroom	LIKE	9QSAOvXlnCs	MPREb_ifYvcrqAYtn	UCaPOa_Tg0TThuYSVtUEXb8g	ym 2010s late mb albums p2
Again (feat. Ghostly Kisses)	Men I Trust	Headroom	LIKE	iFtacMMm-0E	MPREb_ifYvcrqAYtn	UCaPOa_Tg0TThuYSVtUEXb8g	ym 2010s late mb albums p2
Visions of Someone Special, On a Wall of Reflections	Melody's Echo Chamber	Bon Voyage	LIKE	SNzI3MxVDfM	MPREb_ZpqLULtljyE	UC0FkbSI8aqeqGlx6dGMuirg	ym 2010s late mb albums p2
Var Har Du Vart?	Melody's Echo Chamber	Bon Voyage	LIKE	iVpJokJEuUY	MPREb_ZpqLULtljyE	UC0FkbSI8aqeqGlx6dGMuirg	ym 2010s late mb albums p2
Shirim	Melody's Echo Chamber	Bon Voyage	LIKE	RRGnHZhh9EA	MPREb_ZpqLULtljyE	UC0FkbSI8aqeqGlx6dGMuirg	ym 2010s late mb albums p2
Quand Les Larmes D'un Ange Font Danser La Neige	Melody's Echo Chamber	Bon Voyage	LIKE	vHGLCRdkNP4	MPREb_ZpqLULtljyE	UC0FkbSI8aqeqGlx6dGMuirg	ym 2010s late mb albums p2
Desert Horse	Melody's Echo Chamber	Bon Voyage	LIKE	mBYjCDY3LJM	MPREb_ZpqLULtljyE	UC0FkbSI8aqeqGlx6dGMuirg	ym 2010s late mb albums p2
Cross My Heart	Melody's Echo Chamber	Bon Voyage	LIKE	9jaKs4_IjwA	MPREb_ZpqLULtljyE	UC0FkbSI8aqeqGlx6dGMuirg	ym 2010s late mb albums p2
Breathe in, Breathe Out	Melody's Echo Chamber	Bon Voyage	LIKE	EUfiCfH0Oc4	MPREb_ZpqLULtljyE	UC0FkbSI8aqeqGlx6dGMuirg	ym 2010s late mb albums p2
R.I.C.O. (feat. Drake)	Meek Mill	Dreams Worth More Than Money	LIKE	umYiZCzN-yE	MPREb_sCI5sFPh6Xj	UCr_zAwkma5JAyHOWfVXaouA	ym 2010s late mb albums p2
Lord Knows (feat. Tory Lanez)	Meek Mill	Dreams Worth More Than Money	LIKE	YUxho6M4vOs	MPREb_sCI5sFPh6Xj	UCr_zAwkma5JAyHOWfVXaouA	ym 2010s late mb albums p2
Jump Out the Face (feat. Future)	Meek Mill	Dreams Worth More Than Money	LIKE	VcRMWEvDDWs	MPREb_sCI5sFPh6Xj	UCr_zAwkma5JAyHOWfVXaouA	ym 2010s late mb albums p2
I Got the Juice	Meek Mill	Dreams Worth More Than Money	LIKE	QA2l4YhmQ8E	MPREb_sCI5sFPh6Xj	UCr_zAwkma5JAyHOWfVXaouA	ym 2010s late mb albums p2
Cold Hearted (feat. Diddy)	Meek Mill	Dreams Worth More Than Money	LIKE	cu8pSuSI2og	MPREb_sCI5sFPh6Xj	UCr_zAwkma5JAyHOWfVXaouA	ym 2010s late mb albums p2
Classic (feat. Swizz Beatz)	Meek Mill	Dreams Worth More Than Money	LIKE	xvEQSQHH9cM	MPREb_sCI5sFPh6Xj	UCr_zAwkma5JAyHOWfVXaouA	ym 2010s late mb albums p2
Check	Meek Mill	Dreams Worth More Than Money	LIKE	ChXcd-eHXTU	MPREb_sCI5sFPh6Xj	UCr_zAwkma5JAyHOWfVXaouA	ym 2010s late mb albums p2
Ambitionz	Meek Mill	Dreams Worth More Than Money	LIKE	_ZEr9UNQHWs	MPREb_sCI5sFPh6Xj	UCr_zAwkma5JAyHOWfVXaouA	ym 2010s late mb albums p2
Wit the Shits (W.T.S) (feat. Melii)	Meek Mill	Championships	LIKE	hJYCLzi-T2k	MPREb_qUCjMMhXq81	UCr_zAwkma5JAyHOWfVXaouA	ym 2010s late mb albums p2
Trauma	Meek Mill	Championships	LIKE	gY4Fpgn2hdg	MPREb_qUCjMMhXq81	UCr_zAwkma5JAyHOWfVXaouA	ym 2010s late mb albums p2
Tic Tac Toe (feat. Kodak Black)	Meek Mill	Championships	LIKE	Mg3k-MzEujE	MPREb_qUCjMMhXq81	UCr_zAwkma5JAyHOWfVXaouA	ym 2010s late mb albums p2
Stuck in My Ways	Meek Mill	Championships	LIKE	DppciXSzhv8	MPREb_qUCjMMhXq81	UCr_zAwkma5JAyHOWfVXaouA	ym 2010s late mb albums p2
Splash Warning (feat. Future, Roddy Ricch & Young Thug)	Meek Mill	Championships	LIKE	V_iIxZWqVnY	MPREb_qUCjMMhXq81	UCr_zAwkma5JAyHOWfVXaouA	ym 2010s late mb albums p2
Respect the Game	Meek Mill	Championships	LIKE	ESlz9h4OdRs	MPREb_qUCjMMhXq81	UCr_zAwkma5JAyHOWfVXaouA	ym 2010s late mb albums p2
Going Bad (feat. Drake)	Meek Mill	Championships	LIKE	4H7l0HjAxd4	MPREb_qUCjMMhXq81	UCr_zAwkma5JAyHOWfVXaouA	ym 2010s late mb albums p2
Dangerous (feat. Jeremih & PnB Rock)	Meek Mill	Championships	LIKE	FgTmE_9yeFk	MPREb_qUCjMMhXq81	UCr_zAwkma5JAyHOWfVXaouA	ym 2010s late mb albums p2
Cold Hearted II	Meek Mill	Championships	LIKE	C90tNXyCbzA	MPREb_qUCjMMhXq81	UCr_zAwkma5JAyHOWfVXaouA	ym 2010s late mb albums p2
Championships	Meek Mill	Championships	LIKE	OO0zZRFNtgI	MPREb_qUCjMMhXq81	UCr_zAwkma5JAyHOWfVXaouA	ym 2010s late mb albums p2
Almost Slipped	Meek Mill	Championships	LIKE	s1O0EGh3nn0	MPREb_qUCjMMhXq81	UCr_zAwkma5JAyHOWfVXaouA	ym 2010s late mb albums p2
Smoke Break	Maxo Kream	The Persona Tape	LIKE	4P8cz0aJBbc	MPREb_KFFUTGSb5WZ	UCBSpiFt5zlEMlHM0u88rvDA	ym 2010s late mb albums p2
Smash (feat. Paul Wall)	Maxo Kream	The Persona Tape	LIKE	qSk9i_DgDmQ	MPREb_KFFUTGSb5WZ	UCBSpiFt5zlEMlHM0u88rvDA	ym 2010s late mb albums p2
Comin' Dine	Maxo Kream	The Persona Tape	LIKE	wUjSWzYBZsY	MPREb_KFFUTGSb5WZ	UCBSpiFt5zlEMlHM0u88rvDA	ym 2010s late mb albums p2
Choppas	Maxo Kream	The Persona Tape	LIKE	qUhieGR0qyA	MPREb_KFFUTGSb5WZ	UCBSpiFt5zlEMlHM0u88rvDA	ym 2010s late mb albums p2
Big Worm	Maxo Kream	The Persona Tape	LIKE	V-zKirlnjj8	MPREb_KFFUTGSb5WZ	UCBSpiFt5zlEMlHM0u88rvDA	ym 2010s late mb albums p2
Pray 2 The Dope	Maxo Kream	Brandon Banks	LIKE	mLkJs7d4Gco	MPREb_hBsIr3bR7LP	UCBSpiFt5zlEMlHM0u88rvDA	ym 2010s late mb albums p2
Meet Again	Maxo Kream	Brandon Banks	LIKE	feC42DtWBxM	MPREb_hBsIr3bR7LP	UCBSpiFt5zlEMlHM0u88rvDA	ym 2010s late mb albums p2
Change	Maxo Kream	Brandon Banks	LIKE	CipKzwxJyMY	MPREb_hBsIr3bR7LP	UCBSpiFt5zlEMlHM0u88rvDA	ym 2010s late mb albums p2
3AM (feat. ScHoolboy Q)	Maxo Kream	Brandon Banks	LIKE	OXj9rUG9JA0	MPREb_hBsIr3bR7LP	UCBSpiFt5zlEMlHM0u88rvDA	ym 2010s late mb albums p2
Richter: Autumn Music 2	Max Richter, Louisa Fuller, Natalia Bonner, Rico Costa, John Metcalfe, Ian Burdge, and Chris Worsey	Voyager - Essential Max Richter	LIKE	8effATd3fsU	MPREb_6vFFmb664HP		ym 2010s late mb albums p2
Richter: Recomposed By Max Richter: Vivaldi, The Four Seasons: Spring 1 (2012)	Max Richter	Voyager - Essential Max Richter	LIKE	s_KGo9tNNSI	MPREb_6vFFmb664HP	UCQ9qvYOejrGR1fNOmTIreSQ	ym 2010s late mb albums p2
Richter: Recomposed By Max Richter: Vivaldi, The Four Seasons: Spring 0 (2012)	Max Richter	Voyager - Essential Max Richter	LIKE	TbUNL3aq-us	MPREb_6vFFmb664HP	UCQ9qvYOejrGR1fNOmTIreSQ	ym 2010s late mb albums p2
Modafinil Blues	Matthew Dear	Bunny	LIKE	lkUSd0DAc9c	MPREb_hD9BFvG5z7X	UCwrOfciTBb4zSninHNwQ-6Q	ym 2010s late mb albums p2
Bunny's Dream	Matthew Dear	Bunny	LIKE	iIs0JDZPw94	MPREb_hD9BFvG5z7X	UCwrOfciTBb4zSninHNwQ-6Q	ym 2010s late mb albums p2
Swans	Maston	Tulips	LIKE	w3qcDlkxbBM	MPREb_cjb2HINN54J	UCP0Xo_FjuaPkx1bhyD2Qsxw	ym 2010s late mb albums p2
Take It There	Massive Attack	Ritual Spirit	LIKE	uwN5uo3yw_Y	MPREb_zxPvgnHo5kR	UCr1uxon7aFztw_dnrau0TDA	ym 2010s late mb albums p2
Ritual Spirit	Massive Attack	Ritual Spirit	LIKE	PYt29gDMjT8	MPREb_zxPvgnHo5kR	UCr1uxon7aFztw_dnrau0TDA	ym 2010s late mb albums p2
What's Chasing You	Marlon Williams	Make Way for Love	LIKE	F3z6v3GNyKs	MPREb_55gqynv34gb	UC94A_QnI36d02hIBqR9amXQ	ym 2010s late mb albums p2
The Fire of Love	Marlon Williams	Make Way for Love	LIKE	h4h7wGny6RM	MPREb_55gqynv34gb	UC94A_QnI36d02hIBqR9amXQ	ym 2010s late mb albums p2
Party Boy	Marlon Williams	Make Way for Love	LIKE	OYH-pNtfoK0	MPREb_55gqynv34gb	UC94A_QnI36d02hIBqR9amXQ	ym 2010s late mb albums p2
Nobody Gets What They Want Anymore	Marlon Williams	Make Way for Love	LIKE	5jJwqQCJnNo	MPREb_55gqynv34gb	UC94A_QnI36d02hIBqR9amXQ	ym 2010s late mb albums p2
Make Way for Love	Marlon Williams	Make Way for Love	LIKE	Ci4Kpw8kawc	MPREb_55gqynv34gb	UC94A_QnI36d02hIBqR9amXQ	ym 2010s late mb albums p2
Love Is a Terrible Thing	Marlon Williams	Make Way for Love	LIKE	qI7tD-Pyk8o	MPREb_55gqynv34gb	UC94A_QnI36d02hIBqR9amXQ	ym 2010s late mb albums p2
I Know a Jeweller	Marlon Williams	Make Way for Love	LIKE	8RrwMBor6rk	MPREb_55gqynv34gb	UC94A_QnI36d02hIBqR9amXQ	ym 2010s late mb albums p2
I Didn't Make a Plan	Marlon Williams	Make Way for Love	LIKE	KLWU62-rBJQ	MPREb_55gqynv34gb	UC94A_QnI36d02hIBqR9amXQ	ym 2010s late mb albums p2
Come to Me	Marlon Williams	Make Way for Love	LIKE	1tzorXYdSC4	MPREb_55gqynv34gb	UC94A_QnI36d02hIBqR9amXQ	ym 2010s late mb albums p2
Can I Call You	Marlon Williams	Make Way for Love	LIKE	REFiZVOt7sY	MPREb_55gqynv34gb	UC94A_QnI36d02hIBqR9amXQ	ym 2010s late mb albums p2
Beautiful Dress	Marlon Williams	Make Way for Love	LIKE	-zQhNpSuVPQ	MPREb_55gqynv34gb	UC94A_QnI36d02hIBqR9amXQ	ym 2010s late mb albums p2
Summer Breaking (feat. Kevin Parker)	Mark Ronson	Uptown Special	LIKE	T3nVshJyXUU	MPREb_YSiih6Gj0hG	UCm9XijVCOsRrxdx0giD_1fQ	ym 2010s late mb albums p2
Leaving Los Feliz (feat. Kevin Parker)	Mark Ronson	Uptown Special	LIKE	NmfB8Fvr-Hk	MPREb_YSiih6Gj0hG	UCm9XijVCOsRrxdx0giD_1fQ	ym 2010s late mb albums p2
I Can't Lose (feat. Keyone Starr)	Mark Ronson	Uptown Special	LIKE	WEmfxHP-K60	MPREb_YSiih6Gj0hG	UCm9XijVCOsRrxdx0giD_1fQ	ym 2010s late mb albums p2
Lover Release Me	Marissa Nadler	For My Crimes	LIKE	tPYP9Hs5y7w	MPREb_CsXfnrSAMVX	UCUnscFTZiRTTykltZalnoIg	ym 2010s late mb albums p2
For My Crimes	Marissa Nadler	For My Crimes	LIKE	ehyOgSDWdxk	MPREb_CsXfnrSAMVX	UCUnscFTZiRTTykltZalnoIg	ym 2010s late mb albums p2
Are You Really Gonna Move to the South?	Marissa Nadler	For My Crimes	LIKE	N2keqHiRDTY	MPREb_CsXfnrSAMVX	UCUnscFTZiRTTykltZalnoIg	ym 2010s late mb albums p2
All Out of Catastrophes	Marissa Nadler	For My Crimes	LIKE	n7KwFo0tclU	MPREb_CsXfnrSAMVX	UCUnscFTZiRTTykltZalnoIg	ym 2010s late mb albums p2
wanderlust	Marika Hackman	Any Human Friend	LIKE	HxjIy9pujoA	MPREb_ms8tGRFjHe5	UCvdHSGItNutrr8OUJtox5Cg	ym 2010s late mb albums p2
i’m not where you are	Marika Hackman	Any Human Friend	LIKE	H1Rpqx5AnEk	MPREb_ms8tGRFjHe5	UCvdHSGItNutrr8OUJtox5Cg	ym 2010s late mb albums p2
come undone	Marika Hackman	Any Human Friend	LIKE	1iRiH8KfMHI	MPREb_ms8tGRFjHe5	UCvdHSGItNutrr8OUJtox5Cg	ym 2010s late mb albums p2
Vale	Maribou State	Kingdoms In Colour	LIKE	s1GOI3vC4tE	MPREb_ylellKvpvcc	UCxIW9VhUSiNWTftN9VEMDDQ	ym 2010s late mb albums p2
Turnmills	Maribou State	Kingdoms In Colour	LIKE	HmBiNIcNpOI	MPREb_ylellKvpvcc	UCxIW9VhUSiNWTftN9VEMDDQ	ym 2010s late mb albums p2
Slow Heat (feat. Holly Walker)	Maribou State	Kingdoms In Colour	LIKE	fAgJG6yJ5U8	MPREb_ylellKvpvcc	UCxIW9VhUSiNWTftN9VEMDDQ	ym 2010s late mb albums p2
Part Time Glory	Maribou State	Kingdoms In Colour	LIKE	znILTZD9V3w	MPREb_ylellKvpvcc	UCxIW9VhUSiNWTftN9VEMDDQ	ym 2010s late mb albums p2
Nervous Tics (feat. Holly Walker)	Maribou State	Kingdoms In Colour	LIKE	8tCydmDoI3U	MPREb_ylellKvpvcc	UCxIW9VhUSiNWTftN9VEMDDQ	ym 2010s late mb albums p2
Kāma	Maribou State	Kingdoms In Colour	LIKE	L6qkoBPQ7aA	MPREb_ylellKvpvcc	UCxIW9VhUSiNWTftN9VEMDDQ	ym 2010s late mb albums p2
Kingdom (feat. North Downs)	Maribou State	Kingdoms In Colour	LIKE	npWS4YQFJUk	MPREb_ylellKvpvcc	UCxIW9VhUSiNWTftN9VEMDDQ	ym 2010s late mb albums p2
Glasshouses	Maribou State	Kingdoms In Colour	LIKE	xpJLBnptJXA	MPREb_ylellKvpvcc	UCxIW9VhUSiNWTftN9VEMDDQ	ym 2010s late mb albums p2
Feel Good (feat. Khruangbin)	Maribou State	Kingdoms In Colour	LIKE	MDKT-YpCPsA	MPREb_ylellKvpvcc	UCxIW9VhUSiNWTftN9VEMDDQ	ym 2010s late mb albums p2
Beginner's Luck	Maribou State	Kingdoms In Colour	LIKE	oyX3EWdtbmA	MPREb_ylellKvpvcc	UCxIW9VhUSiNWTftN9VEMDDQ	ym 2010s late mb albums p2
Love Like This	Margaret Glaspy	Emotions and Math	LIKE	2fCSbUkj918	MPREb_Dtd3N8MVHRK	UC2M9xXqlIF-IZbn0yUPIyaQ	ym 2010s late mb albums p2
Anthony	Margaret Glaspy	Emotions and Math	LIKE	zPwwXkKwE_g	MPREb_Dtd3N8MVHRK	UC2M9xXqlIF-IZbn0yUPIyaQ	ym 2010s late mb albums p2
Tuesday	Malibu Ken	Malibu Ken	LIKE	B_Ny_0J9W6E	MPREb_n1xt5lSF7Rq	UCmbIGidolhdL5g5ePLGtejw	ym 2010s late mb albums p2
Sword Box	Malibu Ken	Malibu Ken	LIKE	DLrPF7PSas0	MPREb_n1xt5lSF7Rq	UCmbIGidolhdL5g5ePLGtejw	ym 2010s late mb albums p2
Corn Maze	Malibu Ken	Malibu Ken	LIKE	z-3hHPJcztg	MPREb_n1xt5lSF7Rq	UCmbIGidolhdL5g5ePLGtejw	ym 2010s late mb albums p2
Young Genius (feat. Joel Ross, Dezron Douglas, Tomeka Reid & Brandee Younger)	Makaya McCraven	Universal Beings	LIKE	E5a7P7K3Aj4	MPREb_dwBDMVN3Gcp	UChRhO68u51ffO4eCqOZXMRA	ym 2010s late mb albums p2
Mantra (feat. Joel Ross, Dezron Douglas, Tomeka Reid & Brandee Younger)	Makaya McCraven	Universal Beings	LIKE	UCOJBNitm6g	MPREb_dwBDMVN3Gcp	UChRhO68u51ffO4eCqOZXMRA	ym 2010s late mb albums p2
Inner Flight (feat. Shabaka Hutchings, Tomeka Reid & Junius Paul)	Makaya McCraven	Universal Beings	LIKE	n41dFHSiEQc	MPREb_dwBDMVN3Gcp	UChRhO68u51ffO4eCqOZXMRA	ym 2010s late mb albums p2
Holy Lands (feat. Joel Ross, Dezron Douglas, Tomeka Reid & Brandee Younger)	Makaya McCraven	Universal Beings	LIKE	TidW5g0MZw0	MPREb_dwBDMVN3Gcp	UChRhO68u51ffO4eCqOZXMRA	ym 2010s late mb albums p2
Black Lion (feat. Joel Ross, Dezron Douglas, Tomeka Reid & Brandee Younger)	Makaya McCraven	Universal Beings	LIKE	U1qDreJomAE	MPREb_dwBDMVN3Gcp	UChRhO68u51ffO4eCqOZXMRA	ym 2010s late mb albums p2
A Queen's Intro (feat. Joel Ross, Dezron Douglas, Tomeka Reid & Brandee Younger)	Makaya McCraven	Universal Beings	LIKE	ChnFBXxzpj4	MPREb_dwBDMVN3Gcp	UChRhO68u51ffO4eCqOZXMRA	ym 2010s late mb albums p2
Step Out	Major Murphy	No. 1	LIKE	4qQhBjZk3h8	MPREb_ujDbSaFROpu	UCXUhv-BNMGdtBI9RLFj98sQ	ym 2010s late mb albums p2
We (feat. CeeLo Green)	Mac Miller	The Divine Feminine	LIKE	ps9sr8_3oro	MPREb_kCZ6WUs8Rg3	UC52ZqHVQz5OoGhvbWiRal6g	ym 2010s late mb albums p2
Stay	Mac Miller	The Divine Feminine	LIKE	wXSCWfQQsB4	MPREb_kCZ6WUs8Rg3	UC52ZqHVQz5OoGhvbWiRal6g	ym 2010s late mb albums p2
Skin	Mac Miller	The Divine Feminine	LIKE	lT5AIfMBW7Y	MPREb_kCZ6WUs8Rg3	UC52ZqHVQz5OoGhvbWiRal6g	ym 2010s late mb albums p2
My Favorite Part	Mac Miller	The Divine Feminine	LIKE	XVhqcmyne2A	MPREb_kCZ6WUs8Rg3	UC52ZqHVQz5OoGhvbWiRal6g	ym 2010s late mb albums p2
God Is Fair, Sexy Nasty (feat. Kendrick Lamar)	Mac Miller	The Divine Feminine	LIKE	1F6zIO_QMTc	MPREb_kCZ6WUs8Rg3	UC52ZqHVQz5OoGhvbWiRal6g	ym 2010s late mb albums p2
Dang! (feat. Anderson .Paak)	Mac Miller	The Divine Feminine	LIKE	Cg90gxYZ1C0	MPREb_kCZ6WUs8Rg3	UC52ZqHVQz5OoGhvbWiRal6g	ym 2010s late mb albums p2
Cinderella (feat. Ty Dolla $ign)	Mac Miller	The Divine Feminine	LIKE	wbt_E7LNDaA	MPREb_kCZ6WUs8Rg3	UC52ZqHVQz5OoGhvbWiRal6g	ym 2010s late mb albums p2
What's the Use?	Mac Miller	Swimming	LIKE	uLMYENQJLSk	MPREb_2Tww0gIU6Os	UC52ZqHVQz5OoGhvbWiRal6g	ym 2010s late mb albums p2
So It Goes	Mac Miller	Swimming	LIKE	oLj7bpqN_i4	MPREb_2Tww0gIU6Os	UC52ZqHVQz5OoGhvbWiRal6g	ym 2010s late mb albums p2
Small Worlds	Mac Miller	Swimming	LIKE	crDBuh4WZMg	MPREb_2Tww0gIU6Os	UC52ZqHVQz5OoGhvbWiRal6g	ym 2010s late mb albums p2
Self Care	Mac Miller	Swimming	LIKE	rn4mVQswfNg	MPREb_2Tww0gIU6Os	UC52ZqHVQz5OoGhvbWiRal6g	ym 2010s late mb albums p2
Ladders	Mac Miller	Swimming	LIKE	TATXudfgu3E	MPREb_2Tww0gIU6Os	UC52ZqHVQz5OoGhvbWiRal6g	ym 2010s late mb albums p2
Hurt Feelings	Mac Miller	Swimming	LIKE	BMuD8uIWup4	MPREb_2Tww0gIU6Os	UC52ZqHVQz5OoGhvbWiRal6g	ym 2010s late mb albums p2
Come Back to Earth	Mac Miller	Swimming	LIKE	VzAjXdBJsEc	MPREb_2Tww0gIU6Os	UC52ZqHVQz5OoGhvbWiRal6g	ym 2010s late mb albums p2
2009	Mac Miller	Swimming	LIKE	5zivz7kVKNo	MPREb_2Tww0gIU6Os	UC52ZqHVQz5OoGhvbWiRal6g	ym 2010s late mb albums p2
When in Rome	Mac Miller	GO:OD AM	LIKE	hGizbKWt7_g	MPREb_HYuBRwi7Fy9	UC52ZqHVQz5OoGhvbWiRal6g	ym 2010s late mb albums p2
Weekend (feat. Miguel)	Mac Miller	GO:OD AM	LIKE	o36scmAJE-U	MPREb_HYuBRwi7Fy9	UC52ZqHVQz5OoGhvbWiRal6g	ym 2010s late mb albums p2
ROS	Mac Miller	GO:OD AM	LIKE	-2AfeMnpiRI	MPREb_HYuBRwi7Fy9	UC52ZqHVQz5OoGhvbWiRal6g	ym 2010s late mb albums p2
Cut the Check (feat. Chief Keef)	Mac Miller	GO:OD AM	LIKE	K6-8KO5UQQo	MPREb_HYuBRwi7Fy9	UC52ZqHVQz5OoGhvbWiRal6g	ym 2010s late mb albums p2
100 Grandkids	Mac Miller	GO:OD AM	LIKE	6I9pTxRYDlE	MPREb_HYuBRwi7Fy9	UC52ZqHVQz5OoGhvbWiRal6g	ym 2010s late mb albums p2
Watching Him Fade Away	Mac DeMarco	This Old Dog	LIKE	x8cFcSq4EIs	MPREb_yqW8Fq7FHrp	UCs95LJSHhdVhYQLvqsZqp_A	ym 2010s late mb albums p2
This Old Dog	Mac DeMarco	This Old Dog	LIKE	egINTUn5Pug	MPREb_yqW8Fq7FHrp	UCs95LJSHhdVhYQLvqsZqp_A	ym 2010s late mb albums p2
Still Beating	Mac DeMarco	This Old Dog	LIKE	Z1zPvvh3KxU	MPREb_yqW8Fq7FHrp	UCs95LJSHhdVhYQLvqsZqp_A	ym 2010s late mb albums p2
Sister	Mac DeMarco	This Old Dog	LIKE	IlyoBA7E910	MPREb_yqW8Fq7FHrp	UCs95LJSHhdVhYQLvqsZqp_A	ym 2010s late mb albums p2
One More Love Song	Mac DeMarco	This Old Dog	LIKE	eMztEjtPm4o	MPREb_yqW8Fq7FHrp	UCs95LJSHhdVhYQLvqsZqp_A	ym 2010s late mb albums p2
One Another	Mac DeMarco	This Old Dog	LIKE	q2uXeS1luT4	MPREb_yqW8Fq7FHrp	UCs95LJSHhdVhYQLvqsZqp_A	ym 2010s late mb albums p2
On the Level	Mac DeMarco	This Old Dog	LIKE	WOV3c0t-Mwk	MPREb_yqW8Fq7FHrp	UCs95LJSHhdVhYQLvqsZqp_A	ym 2010s late mb albums p2
My Old Man	Mac DeMarco	This Old Dog	LIKE	NbngFp3FJSQ	MPREb_yqW8Fq7FHrp	UCs95LJSHhdVhYQLvqsZqp_A	ym 2010s late mb albums p2
Moonlight on the River	Mac DeMarco	This Old Dog	LIKE	1VYbKamjB-4	MPREb_yqW8Fq7FHrp	UCs95LJSHhdVhYQLvqsZqp_A	ym 2010s late mb albums p2
For the First Time	Mac DeMarco	This Old Dog	LIKE	cZCm_i6YvAk	MPREb_yqW8Fq7FHrp	UCs95LJSHhdVhYQLvqsZqp_A	ym 2010s late mb albums p2
Dreams from Yesterday	Mac DeMarco	This Old Dog	LIKE	uci501SHsfE	MPREb_yqW8Fq7FHrp	UCs95LJSHhdVhYQLvqsZqp_A	ym 2010s late mb albums p2
Baby You're Out	Mac DeMarco	This Old Dog	LIKE	Oh-tvbCB62U	MPREb_yqW8Fq7FHrp	UCs95LJSHhdVhYQLvqsZqp_A	ym 2010s late mb albums p2
A Wolf Who Wears Sheeps Clothes	Mac DeMarco	This Old Dog	LIKE	cc0QKce5_dk	MPREb_yqW8Fq7FHrp	UCs95LJSHhdVhYQLvqsZqp_A	ym 2010s late mb albums p2
Onion Man	Mac DeMarco	Some Other Ones	LIKE	pW3WB_Rg8MI	MPREb_QXjgC2K1qFs	UCs95LJSHhdVhYQLvqsZqp_A	ym 2010s late mb albums p2
Hoso Boyo	Mac DeMarco	Some Other Ones	LIKE	DwsZ-QI_7b0	MPREb_QXjgC2K1qFs	UCs95LJSHhdVhYQLvqsZqp_A	ym 2010s late mb albums p2
Hachiko	Mac DeMarco	Some Other Ones	LIKE	zmEKxniZJU0	MPREb_QXjgC2K1qFs	UCs95LJSHhdVhYQLvqsZqp_A	ym 2010s late mb albums p2
Don Juan	Mac DeMarco	Some Other Ones	LIKE	I0f88uzhjr8	MPREb_QXjgC2K1qFs	UCs95LJSHhdVhYQLvqsZqp_A	ym 2010s late mb albums p2
Nobody	Mac DeMarco	Here Comes The Cowboy	LIKE	ak4RrOzlH-g	MPREb_v4JbJRRWQ9e	UCs95LJSHhdVhYQLvqsZqp_A	ym 2010s late mb albums p2
Here Comes The Cowboy	Mac DeMarco	Here Comes The Cowboy	LIKE	9_CRWSbAB9g	MPREb_v4JbJRRWQ9e	UCs95LJSHhdVhYQLvqsZqp_A	ym 2010s late mb albums p2
Heart To Heart	Mac DeMarco	Here Comes The Cowboy	LIKE	qBoQzo98EpQ	MPREb_v4JbJRRWQ9e	UCs95LJSHhdVhYQLvqsZqp_A	ym 2010s late mb albums p2
Without Me	Mac DeMarco	Another One	LIKE	lE0NCr1SRD8	MPREb_5OvDBIOyPrh	UCs95LJSHhdVhYQLvqsZqp_A	ym 2010s late mb albums p2
My House by the Water	Mac DeMarco	Another One	LIKE	rM7pszYiMlM	MPREb_5OvDBIOyPrh	UCs95LJSHhdVhYQLvqsZqp_A	ym 2010s late mb albums p2
Just to Put Me Down	Mac DeMarco	Another One	LIKE	J80tFxcTOis	MPREb_5OvDBIOyPrh	UCs95LJSHhdVhYQLvqsZqp_A	ym 2010s late mb albums p2
Another One	Mac DeMarco	Another One	LIKE	UXvM7u5hIEw	MPREb_5OvDBIOyPrh	UCs95LJSHhdVhYQLvqsZqp_A	ym 2010s late mb albums p2
A Heart Like Hers	Mac DeMarco	Another One	LIKE	0rgElggXcUA	MPREb_5OvDBIOyPrh	UCs95LJSHhdVhYQLvqsZqp_A	ym 2010s late mb albums p2
When You Die	MGMT	Little Dark Age	LIKE	w1nGMgaukcE	MPREb_BNTnaKPYO7m	UCcP74mIhs125nerd5o5Dd-Q	ym 2010s late mb albums p2
She Works Out Too Much	MGMT	Little Dark Age	LIKE	e0QT4N-5PA4	MPREb_BNTnaKPYO7m	UCcP74mIhs125nerd5o5Dd-Q	ym 2010s late mb albums p2
Little Dark Age	MGMT	Little Dark Age	LIKE	ETEg-SB01QY	MPREb_BNTnaKPYO7m	UCcP74mIhs125nerd5o5Dd-Q	ym 2010s late mb albums p2
Hand It Over	MGMT	Little Dark Age	LIKE	BfSPDj2udVw	MPREb_BNTnaKPYO7m	UCcP74mIhs125nerd5o5Dd-Q	ym 2010s late mb albums p2
Days That Got Away	MGMT	Little Dark Age	LIKE	xBFd6w3KnAI	MPREb_BNTnaKPYO7m	UCcP74mIhs125nerd5o5Dd-Q	ym 2010s late mb albums p2
Bibi The Dog (feat. Mai Lan)	M83	Junk	LIKE	GB5ayDAmQ18	MPREb_DGkcECfjyiy	UC0UUzwcmD3s1S7NYAxHfs1w	ym 2010s late mb albums p2
Temple of Sorrow	M83	DSVII	LIKE	f60Tvkf_uyE	MPREb_BZeT8gaXrnY	UC0UUzwcmD3s1S7NYAxHfs1w	ym 2010s late mb albums p2
Mirage	M83	DSVII	LIKE	XIQ5ZsmS2i4	MPREb_BZeT8gaXrnY	UC0UUzwcmD3s1S7NYAxHfs1w	ym 2010s late mb albums p2
Meet The Friends	M83	DSVII	LIKE	yoSbUuasgII	MPREb_BZeT8gaXrnY	UC0UUzwcmD3s1S7NYAxHfs1w	ym 2010s late mb albums p2
Lune de fiel	M83	DSVII	LIKE	06I_VY3REkY	MPREb_BZeT8gaXrnY	UC0UUzwcmD3s1S7NYAxHfs1w	ym 2010s late mb albums p2
Jeux d'enfants	M83	DSVII	LIKE	vqalUAiostM	MPREb_BZeT8gaXrnY	UC0UUzwcmD3s1S7NYAxHfs1w	ym 2010s late mb albums p2
Hell Riders	M83	DSVII	LIKE	l44gDK_0HwY	MPREb_BZeT8gaXrnY	UC0UUzwcmD3s1S7NYAxHfs1w	ym 2010s late mb albums p2
Goodbye Captain Lee	M83	DSVII	LIKE	GU0v8eLl7gE	MPREb_BZeT8gaXrnY	UC0UUzwcmD3s1S7NYAxHfs1w	ym 2010s late mb albums p2
A Bit of Sweetness	M83	DSVII	LIKE	Q7sIpneMCsY	MPREb_BZeT8gaXrnY	UC0UUzwcmD3s1S7NYAxHfs1w	ym 2010s late mb albums p2
hard rain	Lykke Li	so sad so sexy	LIKE	ER8ZyF9e_9Y	MPREb_D3rOJfXbQ14	UCT5O41GykmKuyD2lQlwm5DA	ym 2010s late mb albums p2
Witness	Lusine	Sensorimotor	LIKE	0IG1OdG_zwc	MPREb_YovVyFGb07o	UCuT7nowJuCra1vUc3Q0-VOg	ym 2010s late mb albums p2
Ticking Hands	Lusine	Sensorimotor	LIKE	Ezw5tzYnh3M	MPREb_YovVyFGb07o	UCuT7nowJuCra1vUc3Q0-VOg	ym 2010s late mb albums p2
The Level	Lusine	Sensorimotor	LIKE	wEUva8R49Xg	MPREb_YovVyFGb07o	UCuT7nowJuCra1vUc3Q0-VOg	ym 2010s late mb albums p2
Slow Motion	Lusine	Sensorimotor	LIKE	N_y42UBluGI	MPREb_YovVyFGb07o	UCuT7nowJuCra1vUc3Q0-VOg	ym 2010s late mb albums p2
Flyway	Lusine	Sensorimotor	LIKE	N26V0FAz2OU	MPREb_YovVyFGb07o	UCuT7nowJuCra1vUc3Q0-VOg	ym 2010s late mb albums p2
Chatter	Lusine	Sensorimotor	LIKE	WZJxMZI4oiI	MPREb_YovVyFGb07o	UCuT7nowJuCra1vUc3Q0-VOg	ym 2010s late mb albums p2
Mural	Lupe Fiasco	Tetsuo & Youth	LIKE	vkHrPyoEtSI	MPREb_gLn0KQCCNSy	UCe872mgP4deADPnXtkbS-Cg	ym 2010s late mb albums p2
Little Death (feat. Nikki Jean)	Lupe Fiasco	Tetsuo & Youth	LIKE	RkS2s-G2ZQk	MPREb_gLn0KQCCNSy	UCe872mgP4deADPnXtkbS-Cg	ym 2010s late mb albums p2
XO (feat. Troi Irons)	Lupe Fiasco	DROGAS WAVE	LIKE	VEjQxSqACZE	MPREb_IEmpP7syG4L	UCe872mgP4deADPnXtkbS-Cg	ym 2010s late mb albums p2
WAV Files	Lupe Fiasco	DROGAS WAVE	LIKE	sG8DXQhNEGU	MPREb_IEmpP7syG4L	UCe872mgP4deADPnXtkbS-Cg	ym 2010s late mb albums p2
Sun God Sam & The California Drug Deals (feat. Nikki Jean)	Lupe Fiasco	DROGAS WAVE	LIKE	9rJghtQia_Q	MPREb_IEmpP7syG4L	UCe872mgP4deADPnXtkbS-Cg	ym 2010s late mb albums p2
Stronger (feat. Nikki Jean)	Lupe Fiasco	DROGAS WAVE	LIKE	FnvIeqZIMiM	MPREb_IEmpP7syG4L	UCe872mgP4deADPnXtkbS-Cg	ym 2010s late mb albums p2
Slave Ship (Interlude)	Lupe Fiasco	DROGAS WAVE	LIKE	0d46sBpixSM	MPREb_IEmpP7syG4L	UCe872mgP4deADPnXtkbS-Cg	ym 2010s late mb albums p2
Mural Jr.	Lupe Fiasco	DROGAS WAVE	LIKE	6Bj5WbwktTA	MPREb_IEmpP7syG4L	UCe872mgP4deADPnXtkbS-Cg	ym 2010s late mb albums p2
Manilla	Lupe Fiasco	DROGAS WAVE	LIKE	OgL2jOJQaKc	MPREb_IEmpP7syG4L	UCe872mgP4deADPnXtkbS-Cg	ym 2010s late mb albums p2
Jonylah Forever	Lupe Fiasco	DROGAS WAVE	LIKE	tmROW5e5j1A	MPREb_IEmpP7syG4L	UCe872mgP4deADPnXtkbS-Cg	ym 2010s late mb albums p2
Imagine (feat. Simon Sayz & Crystal Torres)	Lupe Fiasco	DROGAS WAVE	LIKE	Nx310KSKxR4	MPREb_IEmpP7syG4L	UCe872mgP4deADPnXtkbS-Cg	ym 2010s late mb albums p2
Drogas	Lupe Fiasco	DROGAS WAVE	LIKE	ScY9MYpgKB8	MPREb_IEmpP7syG4L	UCe872mgP4deADPnXtkbS-Cg	ym 2010s late mb albums p2
Down (feat. Nikki Jean)	Lupe Fiasco	DROGAS WAVE	LIKE	V9d6Was-Zl8	MPREb_IEmpP7syG4L	UCe872mgP4deADPnXtkbS-Cg	ym 2010s late mb albums p2
Cripple (feat. Elena Pinderhughes)	Lupe Fiasco	DROGAS WAVE	LIKE	-05CkbeScEk	MPREb_IEmpP7syG4L	UCe872mgP4deADPnXtkbS-Cg	ym 2010s late mb albums p2
Alan Forever (feat. Crystal Torres)	Lupe Fiasco	DROGAS WAVE	LIKE	4w0lnjvqyUM	MPREb_IEmpP7syG4L	UCe872mgP4deADPnXtkbS-Cg	ym 2010s late mb albums p2
Lost Signal	Lucy In Disguise	Unknown Frequency	LIKE	deUwraai3XY	MPREb_M6f7xJ5kN5T	UC2yVqYL9wXXriWXaM6FRRbQ	ym 2010s late mb albums p2
Yours & Mine	Lucy Dacus	Historian	LIKE	dG8DVOxvLOw	MPREb_JdhzHsCOUJs	UCt-KqR_ceCdjeMljGYiXSww	ym 2010s late mb albums p2
Timefighter	Lucy Dacus	Historian	LIKE	FdCVwE8tpLs	MPREb_JdhzHsCOUJs	UCt-KqR_ceCdjeMljGYiXSww	ym 2010s late mb albums p2
The Shell	Lucy Dacus	Historian	LIKE	qZO7wSUeNOk	MPREb_JdhzHsCOUJs	UCt-KqR_ceCdjeMljGYiXSww	ym 2010s late mb albums p2
Night Shift	Lucy Dacus	Historian	LIKE	7NLdNjJIRsc	MPREb_JdhzHsCOUJs	UCt-KqR_ceCdjeMljGYiXSww	ym 2010s late mb albums p2
Next of Kin	Lucy Dacus	Historian	LIKE	WobHWQp2liA	MPREb_JdhzHsCOUJs	UCt-KqR_ceCdjeMljGYiXSww	ym 2010s late mb albums p2
Edge	Lucrecia Dalt	Anticlines	LIKE	GOL78nXzgCc	MPREb_EcnKvhze0vW	UCDVzKz-h89TGRbM4DoIGCNA	ym 2010s late mb albums p2
Concentric Nothings	Lucrecia Dalt	Anticlines	LIKE	a5MwinfAHiY	MPREb_EcnKvhze0vW	UCDVzKz-h89TGRbM4DoIGCNA	ym 2010s late mb albums p2
Axis Excess	Lucrecia Dalt	Anticlines	LIKE	m9KP50PS0mg	MPREb_EcnKvhze0vW	UCDVzKz-h89TGRbM4DoIGCNA	ym 2010s late mb albums p2
Atmospheres Touch	Lucrecia Dalt	Anticlines	LIKE	4E5VW5yXWOI	MPREb_EcnKvhze0vW	UCDVzKz-h89TGRbM4DoIGCNA	ym 2010s late mb albums p2
Altra	Lucrecia Dalt	Anticlines	LIKE	lYJbZpaBRhA	MPREb_EcnKvhze0vW	UCDVzKz-h89TGRbM4DoIGCNA	ym 2010s late mb albums p2
To Die in L.A.	Lower Dens	Escape From Evil	LIKE	YoHXk23_Ppg	MPREb_4OfsgHZwiGx	UCRZpd2CMttEErzMVjUPHNug	ym 2010s late mb albums p2
Tempest	Low	Double Negative	LIKE	ZrAFPOivMmE	MPREb_UR85fAVsz5j	UC3IFlr-hvNN5Ex3vZcj8AAA	ym 2010s late mb albums p2
Fly	Low	Double Negative	LIKE	dQJlj2PFgMc	MPREb_UR85fAVsz5j	UC3IFlr-hvNN5Ex3vZcj8AAA	ym 2010s late mb albums p2
Dancing and Fire	Low	Double Negative	LIKE	ryAPtVaMEcU	MPREb_UR85fAVsz5j	UC3IFlr-hvNN5Ex3vZcj8AAA	ym 2010s late mb albums p2
Dancing and Blood	Low	Double Negative	LIKE	V6d7eJptG6M	MPREb_UR85fAVsz5j	UC3IFlr-hvNN5Ex3vZcj8AAA	ym 2010s late mb albums p2
Always Trying to Work It Out	Low	Double Negative	LIKE	iWGRhsvTMmE	MPREb_UR85fAVsz5j	UC3IFlr-hvNN5Ex3vZcj8AAA	ym 2010s late mb albums p2
It's Strange (Wolf Saga Remix) (feat. K.Flay)	Louis The Child	It's Strange (Remixes)	LIKE	TAjA6ow8oLc	MPREb_t8eGT3oMBGs	UCWerwF0q4QKlKL37Yod4aSw	ym 2010s late mb albums p2
It's Strange (The Knocks Remix) (feat. K.Flay)	Louis The Child	It's Strange (Remixes)	LIKE	g_xiCJovIns	MPREb_t8eGT3oMBGs	UCWerwF0q4QKlKL37Yod4aSw	ym 2010s late mb albums p2
SILHOUETTE	Lorn	REMNANT	LIKE	8NMlWwum_KE	MPREb_tN5ys5HKaw2	UCCIJUG17meyqvnQ8yNBz3SQ	ym 2010s late mb albums p2
REPLIKA	Lorn	REMNANT	LIKE	J5usJDRETRI	MPREb_tN5ys5HKaw2	UCCIJUG17meyqvnQ8yNBz3SQ	ym 2010s late mb albums p2
PAWO	Lorn	REMNANT	LIKE	9-AaXabKenA	MPREb_tN5ys5HKaw2	UCCIJUG17meyqvnQ8yNBz3SQ	ym 2010s late mb albums p2
MEMORY MANAGEMENT	Lorn	REMNANT	LIKE	SnaECfZ4zrI	MPREb_tN5ys5HKaw2	UCCIJUG17meyqvnQ8yNBz3SQ	ym 2010s late mb albums p2
L'APPEL DU VIDE	Lorn	REMNANT	LIKE	kZWadghJwnc	MPREb_tN5ys5HKaw2	UCCIJUG17meyqvnQ8yNBz3SQ	ym 2010s late mb albums p2
KOLD MIRAGE	Lorn	REMNANT	LIKE	UumRsLMcRtA	MPREb_tN5ys5HKaw2	UCCIJUG17meyqvnQ8yNBz3SQ	ym 2010s late mb albums p2
I AM A DAGGER	Lorn	REMNANT	LIKE	oFI3VJHatN8	MPREb_tN5ys5HKaw2	UCCIJUG17meyqvnQ8yNBz3SQ	ym 2010s late mb albums p2
DRAWN OUT LIKE AN ACHE	Lorn	REMNANT	LIKE	YBk6vesOgS0	MPREb_tN5ys5HKaw2	UCCIJUG17meyqvnQ8yNBz3SQ	ym 2010s late mb albums p2
When the Night is Over	Lord Huron	Vide Noir	LIKE	vL9F-OWDqb8	MPREb_GGN2VGzXeWq	UCHIqmk90GKurdVSG5cf-sFQ	ym 2010s late mb albums p2
Wait by the River	Lord Huron	Vide Noir	LIKE	aAfsPen7D4o	MPREb_GGN2VGzXeWq	UCHIqmk90GKurdVSG5cf-sFQ	ym 2010s late mb albums p2
Vide Noir	Lord Huron	Vide Noir	LIKE	UxDL2To1iTA	MPREb_GGN2VGzXeWq	UCHIqmk90GKurdVSG5cf-sFQ	ym 2010s late mb albums p2
Back from the Edge	Lord Huron	Vide Noir	LIKE	Czc7TUYnw68	MPREb_GGN2VGzXeWq	UCHIqmk90GKurdVSG5cf-sFQ	ym 2010s late mb albums p2
Ancient Names (Part II)	Lord Huron	Vide Noir	LIKE	87EwvK25dXI	MPREb_GGN2VGzXeWq	UCHIqmk90GKurdVSG5cf-sFQ	ym 2010s late mb albums p2
Ancient Names (Part I)	Lord Huron	Vide Noir	LIKE	6QzUBDWG9PM	MPREb_GGN2VGzXeWq	UCHIqmk90GKurdVSG5cf-sFQ	ym 2010s late mb albums p2
Until the Night Turns	Lord Huron	Strange Trails	LIKE	IGyTvNnTin8	MPREb_nKzCilDoeIL	UCHIqmk90GKurdVSG5cf-sFQ	ym 2010s late mb albums p2
The World Ender	Lord Huron	Strange Trails	LIKE	mfpvL75yoSo	MPREb_nKzCilDoeIL	UCHIqmk90GKurdVSG5cf-sFQ	ym 2010s late mb albums p2
The Night We Met	Lord Huron	Strange Trails	LIKE	90DKXLbzLto	MPREb_nKzCilDoeIL	UCHIqmk90GKurdVSG5cf-sFQ	ym 2010s late mb albums p2
Meet Me in the Woods	Lord Huron	Strange Trails	LIKE	UZHs5Pm3ELk	MPREb_nKzCilDoeIL	UCHIqmk90GKurdVSG5cf-sFQ	ym 2010s late mb albums p2
The Adventures Of Stoney Bob (feat. Kajo, Slaydro & Big Lenbo)	Logic	YSIV	LIKE	wA-a19TcONc	MPREb_KGD5rbfwIOu	UCKC7Xqy0UXT370RvFR2kXYg	ym 2010s late mb albums p2
When Am I Gonna Lose You	Local Natives	Violet Street	LIKE	4dVfk8V6l2s	MPREb_cfMnHUrDwUT	UCZGPl54hjSOMbVgCAJfpEeg	ym 2010s late mb albums p2
Someday Now	Local Natives	Violet Street	LIKE	lMWEpPK7xnE	MPREb_cfMnHUrDwUT	UCZGPl54hjSOMbVgCAJfpEeg	ym 2010s late mb albums p2
Munich II	Local Natives	Violet Street	LIKE	2YDYbTrnVHo	MPREb_cfMnHUrDwUT	UCZGPl54hjSOMbVgCAJfpEeg	ym 2010s late mb albums p2
Jerome	Lizzo	Cuz I Love You	LIKE	gBxrzbvoWVU	MPREb_WweJ3rIEO3Z	UCVjeW1D_3IsiMYvG46nay4Q	ym 2010s late mb albums p2
Cuz I Love You	Lizzo	Cuz I Love You	LIKE	cHHDkXFFi28	MPREb_WweJ3rIEO3Z	UCVjeW1D_3IsiMYvG46nay4Q	ym 2010s late mb albums p2
Wounds (feat. Chronixx)	Little Simz	GREY Area	LIKE	REeF_8TlGUs	MPREb_Zxlnnpei5Hu	UCWMArai9zjUOTgtAF0oyoIA	ym 2010s late mb albums p2
Selfish (feat. Cleo Sol)	Little Simz	GREY Area	LIKE	jADt4Jpa3_w	MPREb_Zxlnnpei5Hu	UCWMArai9zjUOTgtAF0oyoIA	ym 2010s late mb albums p2
Pressure (feat. Little Dragon)	Little Simz	GREY Area	LIKE	Cxj7_XBK7sg	MPREb_Zxlnnpei5Hu	UCWMArai9zjUOTgtAF0oyoIA	ym 2010s late mb albums p2
Offence	Little Simz	GREY Area	LIKE	d8-UiZdpGnU	MPREb_Zxlnnpei5Hu	UCWMArai9zjUOTgtAF0oyoIA	ym 2010s late mb albums p2
Flowers (feat. Michael Kiwanuka)	Little Simz	GREY Area	LIKE	LWKuUHnRzoc	MPREb_Zxlnnpei5Hu	UCWMArai9zjUOTgtAF0oyoIA	ym 2010s late mb albums p2
Boss	Little Simz	GREY Area	LIKE	5NAJu_GpK5c	MPREb_Zxlnnpei5Hu	UCWMArai9zjUOTgtAF0oyoIA	ym 2010s late mb albums p2
Longjohn's Lust	Lilacs & Champagne	Midnight Features Vol. 2: Made Flesh	LIKE	4TaxpPv21eA	MPREb_NQEO00q6VVS	UCsOuL4ra8sDHIEeAzmf3Mlw	ym 2010s late mb albums p2
One Night	Lil Yachty	Lil Boat	LIKE	AuVMFXOjsNU	MPREb_5TrKaopyZ65	UCbk-gmhwUn1FN7SA6bN_mZQ	ym 2010s late mb albums p2
Intro	Lil Yachty	Lil Boat	LIKE	IEVSXiLquRY	MPREb_5TrKaopyZ65	UCbk-gmhwUn1FN7SA6bN_mZQ	ym 2010s late mb albums p2
Interlude	Lil Yachty	Lil Boat	LIKE	g9ynGMAJmJE	MPREb_5TrKaopyZ65	UCbk-gmhwUn1FN7SA6bN_mZQ	ym 2010s late mb albums p2
Famous (feat. Reginae Carter)	Lil Wayne	Tha Carter V	LIKE	6CU6hZxFrHQ	MPREb_gPZfNkNJPQ9	UC4IAZ3dowcXyvVYBx4hucSQ	ym 2010s late mb albums p2
Dope Niggaz (feat. Snoop Dogg)	Lil Wayne	Tha Carter V	LIKE	MBA2Octs05k	MPREb_gPZfNkNJPQ9	UC4IAZ3dowcXyvVYBx4hucSQ	ym 2010s late mb albums p2
Don’t Cry (feat. XXXTENTACION)	Lil Wayne	Tha Carter V	LIKE	HCB3Bl0SnuM	MPREb_gPZfNkNJPQ9	UC4IAZ3dowcXyvVYBx4hucSQ	ym 2010s late mb albums p2
Demon	Lil Wayne	Tha Carter V	LIKE	vZIRKEX4Jns	MPREb_gPZfNkNJPQ9	UC4IAZ3dowcXyvVYBx4hucSQ	ym 2010s late mb albums p2
Dedicate	Lil Wayne	Tha Carter V	LIKE	mKxE2PRoZBE	MPREb_gPZfNkNJPQ9	UC4IAZ3dowcXyvVYBx4hucSQ	ym 2010s late mb albums p2
Can't Be Broken	Lil Wayne	Tha Carter V	LIKE	lyXf-4Vwu3I	MPREb_gPZfNkNJPQ9	UC4IAZ3dowcXyvVYBx4hucSQ	ym 2010s late mb albums p2
Too Late !	Lido	Superspeed	LIKE	2bNrpzEJrT0	MPREb_rp7TkoTgwJV	UCUYZUYtviLInI9CPLCsNUyg	ym 2010s late mb albums p2
Rush Hour	Lido	Superspeed	LIKE	RT0-_l-Pu4g	MPREb_rp7TkoTgwJV	UCUYZUYtviLInI9CPLCsNUyg	ym 2010s late mb albums p2
Hyperspeed	Lido	Superspeed	LIKE	CsCdNV9dAQs	MPREb_rp7TkoTgwJV	UCUYZUYtviLInI9CPLCsNUyg	ym 2010s late mb albums p2
There Are No Words	Levitation Room	Minds of Our Own	LIKE	SEi_FkJY-yY	MPREb_ob64za1YfFQ	UCcGjNUpddmEbAYRLH7xX3ZQ	ym 2010s late mb albums p2
Reasons Why	Levitation Room	Minds of Our Own	LIKE	C-nrOyPre1g	MPREb_ob64za1YfFQ	UCcGjNUpddmEbAYRLH7xX3ZQ	ym 2010s late mb albums p2
Loved	Levitation Room	Minds of Our Own	LIKE	4SRlun7jGlg	MPREb_ob64za1YfFQ	UCcGjNUpddmEbAYRLH7xX3ZQ	ym 2010s late mb albums p2
Friends	Levitation Room	Minds of Our Own	LIKE	L64H89wpKQI	MPREb_ob64za1YfFQ	UCcGjNUpddmEbAYRLH7xX3ZQ	ym 2010s late mb albums p2
Til You Reach Your Last Breath	Levitation Room	Ethos	LIKE	DR8f4DVCW34	MPREb_C46NTGXhaHM	UCcGjNUpddmEbAYRLH7xX3ZQ	ym 2010s late mb albums p2
There Are No Words	Levitation Room	Ethos	LIKE	EonPaKUi714	MPREb_C46NTGXhaHM	UCcGjNUpddmEbAYRLH7xX3ZQ	ym 2010s late mb albums p2
Strangers of Our Time	Levitation Room	Ethos	LIKE	vgIUUw9g9dw	MPREb_C46NTGXhaHM	UCcGjNUpddmEbAYRLH7xX3ZQ	ym 2010s late mb albums p2
Standing in the Rain	Levitation Room	Ethos	LIKE	f5JLkrNN1gE	MPREb_C46NTGXhaHM	UCcGjNUpddmEbAYRLH7xX3ZQ	ym 2010s late mb albums p2
Reasons Why	Levitation Room	Ethos	LIKE	Dv8GktcDXLs	MPREb_C46NTGXhaHM	UCcGjNUpddmEbAYRLH7xX3ZQ	ym 2010s late mb albums p2
Loved	Levitation Room	Ethos	LIKE	2_6nCEHJ3XI	MPREb_C46NTGXhaHM	UCcGjNUpddmEbAYRLH7xX3ZQ	ym 2010s late mb albums p2
Cosmic Flower	Levitation Room	Ethos	LIKE	L_Lwde4OnNg	MPREb_C46NTGXhaHM	UCcGjNUpddmEbAYRLH7xX3ZQ	ym 2010s late mb albums p2
Whitewater	Let's Eat Grandma	I'm All Ears	LIKE	j91ek0-S-D0	MPREb_YE4kH1pEhhm	UCcw4xPsLozrSF7QlozZCD5Q	ym 2010s late mb albums p2
Falling Into Me	Let's Eat Grandma	I'm All Ears	LIKE	UhPlaK5pQ_c	MPREb_YE4kH1pEhhm	UCcw4xPsLozrSF7QlozZCD5Q	ym 2010s late mb albums p2
You Want It Darker	Leonard Cohen	You Want It Darker	LIKE	f7j4s2FURH8	MPREb_s5fLiy7aEox	UCWVX22z2KlJCQ0XqtfHIH7w	ym 2010s late mb albums p2
Traveling Light	Leonard Cohen	You Want It Darker	LIKE	yvQkfbRs5iA	MPREb_s5fLiy7aEox	UCWVX22z2KlJCQ0XqtfHIH7w	ym 2010s late mb albums p2
Saxony	Leon Vynehall	Rojus (Designed to Dance)	LIKE	bAxTu68EQuI	MPREb_3OAstHbG1P1	UCfG9U3KHCTwq8ED0SpQrJ4g	ym 2010s late mb albums p2
Kiburu's	Leon Vynehall	Rojus (Designed to Dance)	LIKE	SdQ4MZxE7ZQ	MPREb_3OAstHbG1P1	UCfG9U3KHCTwq8ED0SpQrJ4g	ym 2010s late mb albums p2
Trouble - Parts I, II, & III (Chapter V)	Leon Vynehall	Nothing Is Still	LIKE	8qUUG8DcksE	MPREb_vc0O0qDwSJN	UCfG9U3KHCTwq8ED0SpQrJ4g	ym 2010s late mb albums p2
Movements (Chapter III)	Leon Vynehall	Nothing Is Still	LIKE	RZ9wlagwwtA	MPREb_vc0O0qDwSJN	UCfG9U3KHCTwq8ED0SpQrJ4g	ym 2010s late mb albums p2
It Breaks (Chapter IX)	Leon Vynehall	Nothing Is Still	LIKE	w61izKxSEIs	MPREb_vc0O0qDwSJN	UCfG9U3KHCTwq8ED0SpQrJ4g	ym 2010s late mb albums p2
From The Sea/It Looms (Chapters I & II)	Leon Vynehall	Nothing Is Still	LIKE	k3F79wemqHs	MPREb_vc0O0qDwSJN	UCfG9U3KHCTwq8ED0SpQrJ4g	ym 2010s late mb albums p2
Envelopes (Chapter VI)	Leon Vynehall	Nothing Is Still	LIKE	C_X_78ODnYw	MPREb_vc0O0qDwSJN	UCfG9U3KHCTwq8ED0SpQrJ4g	ym 2010s late mb albums p2
English Oak (Chapter VII)	Leon Vynehall	Nothing Is Still	LIKE	AQwCW0HoPyU	MPREb_vc0O0qDwSJN	UCfG9U3KHCTwq8ED0SpQrJ4g	ym 2010s late mb albums p2
Drinking It In Again (Chapter IV)	Leon Vynehall	Nothing Is Still	LIKE	D63JZ9vkuY8	MPREb_vc0O0qDwSJN	UCfG9U3KHCTwq8ED0SpQrJ4g	ym 2010s late mb albums p2
Birds On The Tarmac (Footnote III)	Leon Vynehall	Nothing Is Still	LIKE	_Mu_0MLP_Dg	MPREb_vc0O0qDwSJN	UCfG9U3KHCTwq8ED0SpQrJ4g	ym 2010s late mb albums p2
W.L.Y.B	Laurence Guy	Saw You for the First Time	LIKE	Bw3YBpBZq8k	MPREb_rsvvvSRA5z3	UCHFCBxMRv-68aB3J86EqYzQ	ym 2010s late mb albums p2
Intro	Laurence Guy	Saw You for the First Time	LIKE	sbzxnTx5_Lk	MPREb_rsvvvSRA5z3	UCHFCBxMRv-68aB3J86EqYzQ	ym 2010s late mb albums p2
Gone (feat. Contours)	Laurence Guy	Saw You for the First Time	LIKE	G8WVJv5l5BU	MPREb_rsvvvSRA5z3	UCHFCBxMRv-68aB3J86EqYzQ	ym 2010s late mb albums p2
Drum Is a Woman (feat. Steve Spacek)	Laurence Guy	Saw You for the First Time	LIKE	yCBq-rP680A	MPREb_rsvvvSRA5z3	UCHFCBxMRv-68aB3J86EqYzQ	ym 2010s late mb albums p2
Anchor (feat. Ishmael)	Laurence Guy	Saw You for the First Time	LIKE	EoTdzdxZlP0	MPREb_rsvvvSRA5z3	UCHFCBxMRv-68aB3J86EqYzQ	ym 2010s late mb albums p2
Raw Silk Uncut Wood	Laurel Halo	Raw Silk Uncut Wood	LIKE	sQyC6AELW0o	MPREb_rmtkBLBqKnW	UC53jraE1Ry5bTTZmV5gMB1Q	ym 2010s late mb albums p2
Mercury	Laurel Halo	Raw Silk Uncut Wood	LIKE	8n5Y9pBWquE	MPREb_rmtkBLBqKnW	UC53jraE1Ry5bTTZmV5gMB1Q	ym 2010s late mb albums p2
Sun to Solar (feat. Klein)	Laurel Halo	Dust	LIKE	xIpJMUSqrls	MPREb_ib5iL2A5PiU	UC53jraE1Ry5bTTZmV5gMB1Q	ym 2010s late mb albums p2
Paisajes en Mi Mente	Las Luces Primeras	Forestal Tape	LIKE	P-ikzbKT6DI	MPREb_ViaqsUKWGCO	UCouJ57cTwONTU4JL6D5c4UQ	ym 2010s late mb albums p2
Nubes en Saturnia	Las Luces Primeras	Forestal Tape	LIKE	8iq0ekN6_5Q	MPREb_ViaqsUKWGCO	UCouJ57cTwONTU4JL6D5c4UQ	ym 2010s late mb albums p2
Mozart Jr	Las Luces Primeras	Forestal Tape	LIKE	uWgEwUMwVa8	MPREb_ViaqsUKWGCO	UCouJ57cTwONTU4JL6D5c4UQ	ym 2010s late mb albums p2
Cuenco Forestal	Las Luces Primeras	Forestal Tape	LIKE	huTSMMllbrY	MPREb_ViaqsUKWGCO	UCouJ57cTwONTU4JL6D5c4UQ	ym 2010s late mb albums p2
Caballo con Alas	Las Luces Primeras	Forestal Tape	LIKE	jtO7dsfUPGk	MPREb_ViaqsUKWGCO	UCouJ57cTwONTU4JL6D5c4UQ	ym 2010s late mb albums p2
Abre Tu Portal	Las Luces Primeras	Forestal Tape	LIKE	FManfmbXRKg	MPREb_ViaqsUKWGCO	UCouJ57cTwONTU4JL6D5c4UQ	ym 2010s late mb albums p2
Tessellate	Lapalux	Ruinism	LIKE	EQeOxcbhzlk	MPREb_KOIXYQeU9KZ	UC7_25O0eU-qJQc97_BmaCkg	ym 2010s late mb albums p2
Running To Evaporate	Lapalux	Ruinism	LIKE	xyCpcKknUE8	MPREb_KOIXYQeU9KZ	UC7_25O0eU-qJQc97_BmaCkg	ym 2010s late mb albums p2
Rotted Arp (feat. Louisahhh)	Lapalux	Ruinism	LIKE	Czw_fZRtecE	MPREb_KOIXYQeU9KZ	UC7_25O0eU-qJQc97_BmaCkg	ym 2010s late mb albums p2
Reverence	Lapalux	Ruinism	LIKE	jtQ_Eo2hDTs	MPREb_KOIXYQeU9KZ	UC7_25O0eU-qJQc97_BmaCkg	ym 2010s late mb albums p2
Phase Violet	Lapalux	Ruinism	LIKE	mxmQSBNMdaU	MPREb_KOIXYQeU9KZ	UC7_25O0eU-qJQc97_BmaCkg	ym 2010s late mb albums p2
Petty Passion	Lapalux	Ruinism	LIKE	rMn8AL9hWow	MPREb_KOIXYQeU9KZ	UC7_25O0eU-qJQc97_BmaCkg	ym 2010s late mb albums p2
Flickering (feat. JFDR)	Lapalux	Ruinism	LIKE	98VKcFWTVa0	MPREb_KOIXYQeU9KZ	UC7_25O0eU-qJQc97_BmaCkg	ym 2010s late mb albums p2
Falling Down (feat. JFDR)	Lapalux	Ruinism	LIKE	W7u2M__KVhU	MPREb_KOIXYQeU9KZ	UC7_25O0eU-qJQc97_BmaCkg	ym 2010s late mb albums p2
Essex Is Burning	Lapalux	Ruinism	LIKE	yCq6BuzMZbI	MPREb_KOIXYQeU9KZ	UC7_25O0eU-qJQc97_BmaCkg	ym 2010s late mb albums p2
Displacer	Lapalux	Ruinism	LIKE	5iPB0ksMFHs	MPREb_KOIXYQeU9KZ	UC7_25O0eU-qJQc97_BmaCkg	ym 2010s late mb albums p2
Data Demon (feat. GABI)	Lapalux	Ruinism	LIKE	p9n2CR7lqDQ	MPREb_KOIXYQeU9KZ	UC7_25O0eU-qJQc97_BmaCkg	ym 2010s late mb albums p2
4EVA (feat. Talvi)	Lapalux	Ruinism	LIKE	i8o_-REsy_M	MPREb_KOIXYQeU9KZ	UC7_25O0eU-qJQc97_BmaCkg	ym 2010s late mb albums p2
We Lost	Lapalux	Lustmore	LIKE	gaftA2ii9B0	MPREb_E8mCJQmwhHD	UC7_25O0eU-qJQc97_BmaCkg	ym 2010s late mb albums p2
Sum Body	Lapalux	Lustmore	LIKE	HDoDwQE262k	MPREb_E8mCJQmwhHD	UC7_25O0eU-qJQc97_BmaCkg	ym 2010s late mb albums p2
Puzzle (feat. Andreya Triana)	Lapalux	Lustmore	LIKE	r4NvG0DeYQU	MPREb_E8mCJQmwhHD	UC7_25O0eU-qJQc97_BmaCkg	ym 2010s late mb albums p2
Midnight Peelers	Lapalux	Lustmore	LIKE	2COpm-sdnaA	MPREb_E8mCJQmwhHD	UC7_25O0eU-qJQc97_BmaCkg	ym 2010s late mb albums p2
Make Money	Lapalux	Lustmore	LIKE	kVgVk1aSFDI	MPREb_E8mCJQmwhHD	UC7_25O0eU-qJQc97_BmaCkg	ym 2010s late mb albums p2
Don't Mean A Thing	Lapalux	Lustmore	LIKE	nTBlUuJFh8o	MPREb_E8mCJQmwhHD	UC7_25O0eU-qJQc97_BmaCkg	ym 2010s late mb albums p2
Closure (feat. Szjerdene)	Lapalux	Lustmore	LIKE	V2OKs6z0bAQ	MPREb_E8mCJQmwhHD	UC7_25O0eU-qJQc97_BmaCkg	ym 2010s late mb albums p2
Autumn (Tape Interlude)	Lapalux	Lustmore	LIKE	d_9TK54wyfQ	MPREb_E8mCJQmwhHD	UC7_25O0eU-qJQc97_BmaCkg	ym 2010s late mb albums p2
1004	Lapalux	Lustmore	LIKE	pY3IxzCYpbI	MPREb_E8mCJQmwhHD	UC7_25O0eU-qJQc97_BmaCkg	ym 2010s late mb albums p2
The greatest	Lana Del Rey	Norman Fucking Rockwell!	LIKE	Ndo8r_Hg_lg	MPREb_r3A1vEAHO6X	UCyqq-aiu3vEHuf5NhwmOJcw	ym 2010s late mb albums p2
Doin' Time	Lana Del Rey	Norman Fucking Rockwell!	LIKE	5NAlXos329A	MPREb_r3A1vEAHO6X	UCyqq-aiu3vEHuf5NhwmOJcw	ym 2010s late mb albums p2
Guilty (JFK Mix) (Bonus Track)	Lady Wray	Queen Alone	LIKE	yHsjaocaUM4	MPREb_k4xKXWjaqM5	UCPRhTW0n1Ia3cZ93rbliGYw	ym 2010s late mb albums p2
Guilty	Lady Wray	Queen Alone	LIKE	nkrBXONkyKw	MPREb_k4xKXWjaqM5	UCPRhTW0n1Ia3cZ93rbliGYw	ym 2010s late mb albums p2
You Disappear	La Luz	Weirdo Shrine	LIKE	zdEqtCaNJ0Y	MPREb_F6uvGUo5m6t	UCEYnbttMVGHNeBVtjpkTlAg	ym 2010s late mb albums p2
I Wanna Be Alone (With You)	La Luz	Weirdo Shrine	LIKE	z6uGojH_Ezg	MPREb_F6uvGUo5m6t	UCEYnbttMVGHNeBVtjpkTlAg	ym 2010s late mb albums p2
Hey Papi	La Luz	Weirdo Shrine	LIKE	74_Q_P6JmGo	MPREb_F6uvGUo5m6t	UCEYnbttMVGHNeBVtjpkTlAg	ym 2010s late mb albums p2
Walking into the Sun	La Luz	Floating Features	LIKE	pHOG4OIP8pQ	MPREb_3lfhxnjHhBh	UCEYnbttMVGHNeBVtjpkTlAg	ym 2010s late mb albums p2
The Creature	La Luz	Floating Features	LIKE	DWYpb-u0ykc	MPREb_3lfhxnjHhBh	UCEYnbttMVGHNeBVtjpkTlAg	ym 2010s late mb albums p2
Loose Teeth	La Luz	Floating Features	LIKE	xUAgz3jetkg	MPREb_3lfhxnjHhBh	UCEYnbttMVGHNeBVtjpkTlAg	ym 2010s late mb albums p2
Greed Machine	La Luz	Floating Features	LIKE	n1KG9A_UqYw	MPREb_3lfhxnjHhBh	UCEYnbttMVGHNeBVtjpkTlAg	ym 2010s late mb albums p2
Floating Features	La Luz	Floating Features	LIKE	Jx3MvhVtNss	MPREb_3lfhxnjHhBh	UCEYnbttMVGHNeBVtjpkTlAg	ym 2010s late mb albums p2
Don't Leave Me on the Earth	La Luz	Floating Features	LIKE	fqE9BA5tKnc	MPREb_3lfhxnjHhBh	UCEYnbttMVGHNeBVtjpkTlAg	ym 2010s late mb albums p2
Miss Me With That	LIKE	Songs Made While High	LIKE	2Qm7YWDummM	MPREb_RsD6PW4pp2T	UCWsvsZsAKbYAMz-_9cl7tSw	ym 2010s late mb albums p2
Midnight In Paris	LIKE	Songs Made While High	LIKE	_-1iBdTpTJ0	MPREb_RsD6PW4pp2T	UCWsvsZsAKbYAMz-_9cl7tSw	ym 2010s late mb albums p2
Leanin'	LIKE	Songs Made While High	LIKE	jEM2K5k3SSU	MPREb_RsD6PW4pp2T	UCWsvsZsAKbYAMz-_9cl7tSw	ym 2010s late mb albums p2
Lamped	LIKE	Songs Made While High	LIKE	4U79vbXdq1c	MPREb_RsD6PW4pp2T	UCWsvsZsAKbYAMz-_9cl7tSw	ym 2010s late mb albums p2
Kiwi, Strawberry & Mango	LIKE	Songs Made While High	LIKE	lHkf8LbSw54	MPREb_RsD6PW4pp2T	UCWsvsZsAKbYAMz-_9cl7tSw	ym 2010s late mb albums p2
Hi(gh) Away	LIKE	Songs Made While High	LIKE	oEFfGlfLIjk	MPREb_RsD6PW4pp2T	UCWsvsZsAKbYAMz-_9cl7tSw	ym 2010s late mb albums p2
Gentleman's Quarterly	LIKE	Songs Made While High	LIKE	o9LBsVoL8aA	MPREb_RsD6PW4pp2T	UCWsvsZsAKbYAMz-_9cl7tSw	ym 2010s late mb albums p2
Blah Loops	LIKE	Songs Made While High	LIKE	hLN9D-T3h9I	MPREb_RsD6PW4pp2T	UCWsvsZsAKbYAMz-_9cl7tSw	ym 2010s late mb albums p2
tonite	LCD Soundsystem	american dream	LIKE	enGrI3ZKgI8	MPREb_Som0RNrZLxg	UCdsmJG8eFcr6Lxgau8E7afg	ym 2010s late mb albums p2
oh baby	LCD Soundsystem	american dream	LIKE	9l6DSf3fE94	MPREb_Som0RNrZLxg	UCdsmJG8eFcr6Lxgau8E7afg	ym 2010s late mb albums p2
how do you sleep?	LCD Soundsystem	american dream	LIKE	E55hWJFzaC8	MPREb_Som0RNrZLxg	UCdsmJG8eFcr6Lxgau8E7afg	ym 2010s late mb albums p2
emotional haircut	LCD Soundsystem	american dream	LIKE	N2olnx1bTW0	MPREb_Som0RNrZLxg	UCdsmJG8eFcr6Lxgau8E7afg	ym 2010s late mb albums p2
call the police	LCD Soundsystem	american dream	LIKE	PAcVomRswHI	MPREb_Som0RNrZLxg	UCdsmJG8eFcr6Lxgau8E7afg	ym 2010s late mb albums p2
american dream	LCD Soundsystem	american dream	LIKE	cXq-4EyhHvk	MPREb_Som0RNrZLxg	UCdsmJG8eFcr6Lxgau8E7afg	ym 2010s late mb albums p2
you wanted a hit (electric lady sessions)	LCD Soundsystem	Electric Lady Sessions	LIKE	q0aFS6BfM04	MPREb_fhhYS8lPluD	UCdsmJG8eFcr6Lxgau8E7afg	ym 2010s late mb albums p2
tonite (electric lady sessions)	LCD Soundsystem	Electric Lady Sessions	LIKE	h0ed_vlyIBs	MPREb_fhhYS8lPluD	UCdsmJG8eFcr6Lxgau8E7afg	ym 2010s late mb albums p2
oh baby (electric lady sessions)	LCD Soundsystem	Electric Lady Sessions	LIKE	W9IqDpOEtrE	MPREb_fhhYS8lPluD	UCdsmJG8eFcr6Lxgau8E7afg	ym 2010s late mb albums p2
home (electric lady sessions)	LCD Soundsystem	Electric Lady Sessions	LIKE	4koG6LfWsSk	MPREb_fhhYS8lPluD	UCdsmJG8eFcr6Lxgau8E7afg	ym 2010s late mb albums p2
emotional haircut (electric lady sessions)	LCD Soundsystem	Electric Lady Sessions	LIKE	cLPOv2QbPLs	MPREb_fhhYS8lPluD	UCdsmJG8eFcr6Lxgau8E7afg	ym 2010s late mb albums p2
call the police (electric lady sessions)	LCD Soundsystem	Electric Lady Sessions	LIKE	bDY6fpfiz3Q	MPREb_fhhYS8lPluD	UCdsmJG8eFcr6Lxgau8E7afg	ym 2010s late mb albums p2
american dream (electric lady sessions)	LCD Soundsystem	Electric Lady Sessions	LIKE	jFXNSLLE04s	MPREb_fhhYS8lPluD	UCdsmJG8eFcr6Lxgau8E7afg	ym 2010s late mb albums p2
つかっちまえ - Tsukacchimae	L-VOKAL	Loving	LIKE	4-ZPtYCJc2A	MPREb_PoHILXvBioI	UCsI0HR6SoH5Bi6dcIyfIJzg	ym 2010s late mb albums p2
Pekochang Feat. Seeda (feat. SEEDA)	L-VOKAL	Loving	LIKE	eVh6cCH7bio	MPREb_PoHILXvBioI	UCsI0HR6SoH5Bi6dcIyfIJzg	ym 2010s late mb albums p2
OVERFLOW feat. 業界関係者E - Overflow Feat. Gyokaikankeisha E (feat. 業界関係者E)	L-VOKAL	Loving	LIKE	EGxHXSBtmnI	MPREb_PoHILXvBioI	UCsI0HR6SoH5Bi6dcIyfIJzg	ym 2010s late mb albums p2
Made In Japan Feat. X-Man (feat. X-MAN)	L-VOKAL	Loving	LIKE	QMRKmcHVCMU	MPREb_PoHILXvBioI	UCsI0HR6SoH5Bi6dcIyfIJzg	ym 2010s late mb albums p2
KOTOBA feat. 秋田犬どぶろく, MEGA-G - Kotoba Feat. Akitaken Doburoku, Mega-G (feat. 秋田犬どぶろく & MEGA-G)	L-VOKAL	Loving	LIKE	hy4vQ09r-ro	MPREb_PoHILXvBioI	UCsI0HR6SoH5Bi6dcIyfIJzg	ym 2010s late mb albums p2
Interlude	L-VOKAL	Loving	LIKE	cUGFVovF8fQ	MPREb_PoHILXvBioI	UCsI0HR6SoH5Bi6dcIyfIJzg	ym 2010s late mb albums p2
INTRO by ラモちゃん - Intro By Ramochang	L-VOKAL	Loving	LIKE	zgpxLinISOA	MPREb_PoHILXvBioI	UCsI0HR6SoH5Bi6dcIyfIJzg	ym 2010s late mb albums p2
I'm A Hustler	L-VOKAL	Loving	LIKE	8lyfnPH2sGY	MPREb_PoHILXvBioI	UCsI0HR6SoH5Bi6dcIyfIJzg	ym 2010s late mb albums p2
HEKESH feat. 業界関係者S - Hekesh Feat. Gyokaikankeisha S (feat. 業界関係者S)	L-VOKAL	Loving	LIKE	dBztSdAqSlA	MPREb_PoHILXvBioI	UCsI0HR6SoH5Bi6dcIyfIJzg	ym 2010s late mb albums p2
Bonus 2: Primary Colors(Doc-Dee Remix)Remix Feat. Spontania, Nao, Micro (feat. Spontania, NAO & Micro)	L-VOKAL	Loving	LIKE	QQfVLER2aVg	MPREb_PoHILXvBioI	UCsI0HR6SoH5Bi6dcIyfIJzg	ym 2010s late mb albums p2
Bonus 1: Primary Colors Feat. Spontania, Nao, Micro (feat. Spontania, NAO & Micro)	L-VOKAL	Loving	LIKE	NT61Kqrsfac	MPREb_PoHILXvBioI	UCsI0HR6SoH5Bi6dcIyfIJzg	ym 2010s late mb albums p2
AAAAA	L-VOKAL	Loving	LIKE	a3WtKpvMLXA	MPREb_PoHILXvBioI	UCsI0HR6SoH5Bi6dcIyfIJzg	ym 2010s late mb albums p2
9,1009,2009,3009	L-VOKAL	Loving	LIKE	85_uBehxfy0	MPREb_PoHILXvBioI	UCsI0HR6SoH5Bi6dcIyfIJzg	ym 2010s late mb albums p2
Wild Imagination	Kurt Vile	b'lieve i'm goin down...	LIKE	hHj9E10J984	MPREb_it07qzv5603	UCq5OLsfFcOGOwC6i0LzdtNw	ym 2010s late mb albums p2
Pretty Pimpin	Kurt Vile	b'lieve i'm goin down...	LIKE	j8IERCLmxbw	MPREb_it07qzv5603	UCq5OLsfFcOGOwC6i0LzdtNw	ym 2010s late mb albums p2
Lost my Head there	Kurt Vile	b'lieve i'm goin down...	LIKE	NamEKKLb0Uc	MPREb_it07qzv5603	UCq5OLsfFcOGOwC6i0LzdtNw	ym 2010s late mb albums p2
I'm an Outlaw	Kurt Vile	b'lieve i'm goin down...	LIKE	-kGdW2peMmI	MPREb_it07qzv5603	UCq5OLsfFcOGOwC6i0LzdtNw	ym 2010s late mb albums p2
Dust Bunnies	Kurt Vile	b'lieve i'm goin down...	LIKE	cLRVoM_RWdw	MPREb_it07qzv5603	UCq5OLsfFcOGOwC6i0LzdtNw	ym 2010s late mb albums p2
Bad Omens	Kurt Vile	b'lieve i'm goin down...	LIKE	d6POA78WdOE	MPREb_it07qzv5603	UCq5OLsfFcOGOwC6i0LzdtNw	ym 2010s late mb albums p2
Rollin With The Flow	Kurt Vile	Bottle It In	LIKE	WLa-HaFQVI4	MPREb_GklWR9Q7fFs	UCq5OLsfFcOGOwC6i0LzdtNw	ym 2010s late mb albums p2
Cold Was The Wind	Kurt Vile	Bottle It In	LIKE	VuhxPKhVNME	MPREb_GklWR9Q7fFs	UCq5OLsfFcOGOwC6i0LzdtNw	ym 2010s late mb albums p2
Bassackwards	Kurt Vile	Bottle It In	LIKE	I8P6erh4oZ0	MPREb_GklWR9Q7fFs	UCq5OLsfFcOGOwC6i0LzdtNw	ym 2010s late mb albums p2
Szív Utca	Kornél Kovács	The Bells	LIKE	2Vps6lPiOnc	MPREb_1fKzqIBehlA	UCvQyWfjUHOMvALPYi2c0XNw	ym 2010s late mb albums p2
Szikra (Intro)	Kornél Kovács	The Bells	LIKE	Zc4PTyLeunk	MPREb_1fKzqIBehlA	UCvQyWfjUHOMvALPYi2c0XNw	ym 2010s late mb albums p2
Josey's Tune	Kornél Kovács	The Bells	LIKE	avovcxjBqGQ	MPREb_1fKzqIBehlA	UCvQyWfjUHOMvALPYi2c0XNw	ym 2010s late mb albums p2
Ti-de	Kokoroko	KOKOROKO	LIKE	mEGu3zCziik	MPREb_stsv1Sowb6p	UCAOTJrZUiDloUAK9-Dt2W2A	ym 2010s late mb albums p2
Abusey Junction	Kokoroko	KOKOROKO	LIKE	aOY4ZblI0U8	MPREb_stsv1Sowb6p	UCAOTJrZUiDloUAK9-Dt2W2A	ym 2010s late mb albums p2
Preserve	Koi Child	Koi Child	LIKE	-r2SV6N8j2s	MPREb_ivJQiAWrUMo	UC3VSNLS73ZbKUAKaflQlfgQ	ym 2010s late mb albums p2
Japes	Koi Child	Koi Child	LIKE	eGgf9nczHsM	MPREb_ivJQiAWrUMo	UC3VSNLS73ZbKUAKaflQlfgQ	ym 2010s late mb albums p2
Black Panda	Koi Child	Koi Child	LIKE	xRBqz072tmE	MPREb_ivJQiAWrUMo	UC3VSNLS73ZbKUAKaflQlfgQ	ym 2010s late mb albums p2
1-5-9	Koi Child	Koi Child	LIKE	-J_Ogi9jH8M	MPREb_ivJQiAWrUMo	UC3VSNLS73ZbKUAKaflQlfgQ	ym 2010s late mb albums p2
ZEZE (feat. Offset & Travis Scott)	Kodak Black	Dying to Live	LIKE	ghiSpmZu6tk	MPREb_0ITZZzuRm1X	UC8zFXOPlDTI5lhy3fAn6E5w	ym 2010s late mb albums p2
trsh	Knxwledge	Hud Dreems	LIKE	ouwy7k8Ei0I	MPREb_ZlMxbzA2xQ1	UCzabATJlYqdlFue-_QptQVQ	ym 2010s late mb albums p2
tkekareofit	Knxwledge	Hud Dreems	LIKE	1jIeswcLvrw	MPREb_ZlMxbzA2xQ1	UCzabATJlYqdlFue-_QptQVQ	ym 2010s late mb albums p2
okaiokai	Knxwledge	Hud Dreems	LIKE	ZETW73kCT3A	MPREb_ZlMxbzA2xQ1	UCzabATJlYqdlFue-_QptQVQ	ym 2010s late mb albums p2
nvrending	Knxwledge	Hud Dreems	LIKE	Z8VT9OpUdGg	MPREb_ZlMxbzA2xQ1	UCzabATJlYqdlFue-_QptQVQ	ym 2010s late mb albums p2
mylife	Knxwledge	Hud Dreems	LIKE	t68TVfUaNyA	MPREb_ZlMxbzA2xQ1	UCzabATJlYqdlFue-_QptQVQ	ym 2010s late mb albums p2
letuleave.[geekdop]	Knxwledge	Hud Dreems	LIKE	PNh-cCIJUpE	MPREb_ZlMxbzA2xQ1	UCzabATJlYqdlFue-_QptQVQ	ym 2010s late mb albums p2
jstowee	Knxwledge	Hud Dreems	LIKE	RwEkPh5dPzE	MPREb_ZlMxbzA2xQ1	UCzabATJlYqdlFue-_QptQVQ	ym 2010s late mb albums p2
flyinglizrds	Knxwledge	Hud Dreems	LIKE	C7abtciOMNA	MPREb_ZlMxbzA2xQ1	UCzabATJlYqdlFue-_QptQVQ	ym 2010s late mb albums p2
Aintitovr	Knxwledge	Hud Dreems	LIKE	aO-f0pInWO0	MPREb_ZlMxbzA2xQ1	UCzabATJlYqdlFue-_QptQVQ	ym 2010s late mb albums p2
Start Running	Kirk Knight	Late Knight Special	LIKE	ws03YIsnRf4	MPREb_BNdmGMBWLJ3	UCgIxnHc675upapSOYpe8z2A	ym 2010s late mb albums p2
I Know (feat. Mick Jenkins)	Kirk Knight	Late Knight Special	LIKE	Atahw6gyrg0	MPREb_BNdmGMBWLJ3	UCgIxnHc675upapSOYpe8z2A	ym 2010s late mb albums p2
Down	Kirk Knight	Late Knight Special	LIKE	gA4kmwMBSoU	MPREb_BNdmGMBWLJ3	UCgIxnHc675upapSOYpe8z2A	ym 2010s late mb albums p2
Dead Friends (feat. Thundercat & Noname)	Kirk Knight	Late Knight Special	LIKE	ZHWtgsr2nWE	MPREb_BNdmGMBWLJ3	UCgIxnHc675upapSOYpe8z2A	ym 2010s late mb albums p2
Brokeland	Kirk Knight	Late Knight Special	LIKE	ON0T7ASwdso	MPREb_BNdmGMBWLJ3	UCgIxnHc675upapSOYpe8z2A	ym 2010s late mb albums p2
Raindrop Blue	King Tuff	The Other	LIKE	y0Fe5cVQvLo	MPREb_sjqVhzoPefp	UCjwqoZVdhJg4-T-b1XRe0ng	ym 2010s late mb albums p2
Vidual	King Krule	The OOZ	LIKE	kfFhOsjz7jc	MPREb_WuOl92WOxt1	UC0_b4gQldkc4WbPeZigWnJQ	ym 2010s late mb albums p2
The Ooz	King Krule	The OOZ	LIKE	MQbYy6pQDOI	MPREb_WuOl92WOxt1	UC0_b4gQldkc4WbPeZigWnJQ	ym 2010s late mb albums p2
The Locomotive	King Krule	The OOZ	LIKE	VNinDQtHt1s	MPREb_WuOl92WOxt1	UC0_b4gQldkc4WbPeZigWnJQ	ym 2010s late mb albums p2
The Cadet Leaps	King Krule	The OOZ	LIKE	WV-4QWfJ7OY	MPREb_WuOl92WOxt1	UC0_b4gQldkc4WbPeZigWnJQ	ym 2010s late mb albums p2
Sublunary	King Krule	The OOZ	LIKE	oQsp1QsLXAc	MPREb_WuOl92WOxt1	UC0_b4gQldkc4WbPeZigWnJQ	ym 2010s late mb albums p2
Slush Puppy	King Krule	The OOZ	LIKE	jfdfZtOqSlc	MPREb_WuOl92WOxt1	UC0_b4gQldkc4WbPeZigWnJQ	ym 2010s late mb albums p2
Midnight 01 (Deep Sea Diver)	King Krule	The OOZ	LIKE	Ncq7I-EHQ0Q	MPREb_WuOl92WOxt1	UC0_b4gQldkc4WbPeZigWnJQ	ym 2010s late mb albums p2
Lonely Blue	King Krule	The OOZ	LIKE	PN9ND1abjD8	MPREb_WuOl92WOxt1	UC0_b4gQldkc4WbPeZigWnJQ	ym 2010s late mb albums p2
Logos	King Krule	The OOZ	LIKE	6KYEhQ28nDM	MPREb_WuOl92WOxt1	UC0_b4gQldkc4WbPeZigWnJQ	ym 2010s late mb albums p2
La Lune	King Krule	The OOZ	LIKE	S0Yk3W0IhME	MPREb_WuOl92WOxt1	UC0_b4gQldkc4WbPeZigWnJQ	ym 2010s late mb albums p2
Half Man Half Shark	King Krule	The OOZ	LIKE	w-zdOPhRg88	MPREb_WuOl92WOxt1	UC0_b4gQldkc4WbPeZigWnJQ	ym 2010s late mb albums p2
Emergency Blimp	King Krule	The OOZ	LIKE	iAmZPxuMHsc	MPREb_WuOl92WOxt1	UC0_b4gQldkc4WbPeZigWnJQ	ym 2010s late mb albums p2
Dum Surfer	King Krule	The OOZ	LIKE	77USTDSH8c8	MPREb_WuOl92WOxt1	UC0_b4gQldkc4WbPeZigWnJQ	ym 2010s late mb albums p2
Czech One	King Krule	The OOZ	LIKE	kr53DL9yaxc	MPREb_WuOl92WOxt1	UC0_b4gQldkc4WbPeZigWnJQ	ym 2010s late mb albums p2
Cadet Limbo	King Krule	The OOZ	LIKE	kU39YvaPWoc	MPREb_WuOl92WOxt1	UC0_b4gQldkc4WbPeZigWnJQ	ym 2010s late mb albums p2
Biscuit Town	King Krule	The OOZ	LIKE	Pfws7VpCnQg	MPREb_WuOl92WOxt1	UC0_b4gQldkc4WbPeZigWnJQ	ym 2010s late mb albums p2
Bermondsey Bosom (Right)	King Krule	The OOZ	LIKE	dBaeESW4o7U	MPREb_WuOl92WOxt1	UC0_b4gQldkc4WbPeZigWnJQ	ym 2010s late mb albums p2
Bermondsey Bosom (Left)	King Krule	The OOZ	LIKE	kpa2q4m5mFI	MPREb_WuOl92WOxt1	UC0_b4gQldkc4WbPeZigWnJQ	ym 2010s late mb albums p2
A Slide In (New Drugs)	King Krule	The OOZ	LIKE	sZ2Q2v51gPE	MPREb_WuOl92WOxt1	UC0_b4gQldkc4WbPeZigWnJQ	ym 2010s late mb albums p2
Searching…	King Gizzard And The Lizard Wizard	Polygondwanaland	LIKE	_OOeIfOjf2A	MPREb_ZV4kEeW8UtH	UC-3mACkWPK3QluQYi5dHQCA	ym 2010s late mb albums p2
Loyalty	King Gizzard And The Lizard Wizard	Polygondwanaland	LIKE	3bvyPJwe9Zc	MPREb_ZV4kEeW8UtH	UC-3mACkWPK3QluQYi5dHQCA	ym 2010s late mb albums p2
Inner Cell	King Gizzard And The Lizard Wizard	Polygondwanaland	LIKE	G3JeZDps7O8	MPREb_ZV4kEeW8UtH	UC-3mACkWPK3QluQYi5dHQCA	ym 2010s late mb albums p2
Deserted Dunes Welcome Weary Feet	King Gizzard And The Lizard Wizard	Polygondwanaland	LIKE	Y9O696W7F04	MPREb_ZV4kEeW8UtH	UC-3mACkWPK3QluQYi5dHQCA	ym 2010s late mb albums p2
Crumbling Castle	King Gizzard And The Lizard Wizard	Polygondwanaland	LIKE	qZwr511qGoY	MPREb_ZV4kEeW8UtH	UC-3mACkWPK3QluQYi5dHQCA	ym 2010s late mb albums p2
The River	King Gizzard & The Lizard Wizard	Quarters!	LIKE	F3oYVABtEQY	MPREb_R5Ad1GZjlft	UC-3mACkWPK3QluQYi5dHQCA	ym 2010s late mb albums p2
Infinite Rise	King Gizzard & The Lizard Wizard	Quarters!	LIKE	DCe-zu02zQ8	MPREb_R5Ad1GZjlft	UC-3mACkWPK3QluQYi5dHQCA	ym 2010s late mb albums p2
God Is in the Rhythm	King Gizzard & The Lizard Wizard	Quarters!	LIKE	HVQBdyhlVXk	MPREb_R5Ad1GZjlft	UC-3mACkWPK3QluQYi5dHQCA	ym 2010s late mb albums p2
Trapdoor	King Gizzard & The Lizard Wizard	Paper Mâché Dream Balloon	LIKE	fxYyslu7cDo	MPREb_bLMQYMo8xAE	UC-3mACkWPK3QluQYi5dHQCA	ym 2010s late mb albums p2
The Bitter Boogie	King Gizzard & The Lizard Wizard	Paper Mâché Dream Balloon	LIKE	hX1Bh0z4uVo	MPREb_bLMQYMo8xAE	UC-3mACkWPK3QluQYi5dHQCA	ym 2010s late mb albums p2
Sense	King Gizzard & The Lizard Wizard	Paper Mâché Dream Balloon	LIKE	bNpEUbWOBiM	MPREb_bLMQYMo8xAE	UC-3mACkWPK3QluQYi5dHQCA	ym 2010s late mb albums p2
Most of What I Like	King Gizzard & The Lizard Wizard	Paper Mâché Dream Balloon	LIKE	GM5j0diXkxo	MPREb_bLMQYMo8xAE	UC-3mACkWPK3QluQYi5dHQCA	ym 2010s late mb albums p2
Dirt	King Gizzard & The Lizard Wizard	Paper Mâché Dream Balloon	LIKE	wJLe_395R0A	MPREb_bLMQYMo8xAE	UC-3mACkWPK3QluQYi5dHQCA	ym 2010s late mb albums p2
Wah Wah	King Gizzard & The Lizard Wizard	Nonagon Infinity	LIKE	3tAmSKwgvKA	MPREb_OiU6T8pMijZ	UC-3mACkWPK3QluQYi5dHQCA	ym 2010s late mb albums p2
Invisible Face	King Gizzard & The Lizard Wizard	Nonagon Infinity	LIKE	Dxxkyorazdc	MPREb_OiU6T8pMijZ	UC-3mACkWPK3QluQYi5dHQCA	ym 2010s late mb albums p2
Gamma Knife	King Gizzard & The Lizard Wizard	Nonagon Infinity	LIKE	SmTgubwsO7o	MPREb_OiU6T8pMijZ	UC-3mACkWPK3QluQYi5dHQCA	ym 2010s late mb albums p2
Big Fig Wasp	King Gizzard & The Lizard Wizard	Nonagon Infinity	LIKE	ql5_q_33wqY	MPREb_OiU6T8pMijZ	UC-3mACkWPK3QluQYi5dHQCA	ym 2010s late mb albums p2
Superbug	King Gizzard & The Lizard Wizard	Infest The Rats' Nest	LIKE	qfBXn7O-XpQ	MPREb_diUed0ThU62	UC-3mACkWPK3QluQYi5dHQCA	ym 2010s late mb albums p2
Planet B	King Gizzard & The Lizard Wizard	Infest The Rats' Nest	LIKE	CXJStQeDf6c	MPREb_diUed0ThU62	UC-3mACkWPK3QluQYi5dHQCA	ym 2010s late mb albums p2
Mars For The Rich	King Gizzard & The Lizard Wizard	Infest The Rats' Nest	LIKE	SYlpnLur0es	MPREb_diUed0ThU62	UC-3mACkWPK3QluQYi5dHQCA	ym 2010s late mb albums p2
The Wheel	King Gizzard & The Lizard Wizard	Gumboot Soup	LIKE	pjkXikYIuBY	MPREb_z5Yyrs01NIX	UC-3mACkWPK3QluQYi5dHQCA	ym 2010s late mb albums p2
I'm Sleepin' In	King Gizzard & The Lizard Wizard	Gumboot Soup	LIKE	QCvq76Jjr6E	MPREb_z5Yyrs01NIX	UC-3mACkWPK3QluQYi5dHQCA	ym 2010s late mb albums p2
Beginner's Luck	King Gizzard & The Lizard Wizard	Gumboot Soup	LIKE	q1IG8B_804o	MPREb_z5Yyrs01NIX	UC-3mACkWPK3QluQYi5dHQCA	ym 2010s late mb albums p2
Sleep Drifter	King Gizzard & The Lizard Wizard	Flying Microtonal Banana	LIKE	TjZ08glZZkM	MPREb_DhlrlegccSV	UC-3mACkWPK3QluQYi5dHQCA	ym 2010s late mb albums p2
Rattlesnake	King Gizzard & The Lizard Wizard	Flying Microtonal Banana	LIKE	Qr0FWqr-UQs	MPREb_DhlrlegccSV	UC-3mACkWPK3QluQYi5dHQCA	ym 2010s late mb albums p2
Nuclear Fusion	King Gizzard & The Lizard Wizard	Flying Microtonal Banana	LIKE	JgMG7-6_TiY	MPREb_DhlrlegccSV	UC-3mACkWPK3QluQYi5dHQCA	ym 2010s late mb albums p2
Melting	King Gizzard & The Lizard Wizard	Flying Microtonal Banana	LIKE	uZ3jqV-rpsw	MPREb_DhlrlegccSV	UC-3mACkWPK3QluQYi5dHQCA	ym 2010s late mb albums p2
Flying Microtonal Banana	King Gizzard & The Lizard Wizard	Flying Microtonal Banana	LIKE	nA_423Ufgpg	MPREb_DhlrlegccSV	UC-3mACkWPK3QluQYi5dHQCA	ym 2010s late mb albums p2
Doom City	King Gizzard & The Lizard Wizard	Flying Microtonal Banana	LIKE	v2l4Knt8kQk	MPREb_DhlrlegccSV	UC-3mACkWPK3QluQYi5dHQCA	ym 2010s late mb albums p2
Billabong Valley	King Gizzard & The Lizard Wizard	Flying Microtonal Banana	LIKE	WZ4DT0Nz684	MPREb_DhlrlegccSV	UC-3mACkWPK3QluQYi5dHQCA	ym 2010s late mb albums p2
Anoxia	King Gizzard & The Lizard Wizard	Flying Microtonal Banana	LIKE	Ba9SuZCCs04	MPREb_DhlrlegccSV	UC-3mACkWPK3QluQYi5dHQCA	ym 2010s late mb albums p2
This Thing	King Gizzard & The Lizard Wizard	Fishing for Fishies	LIKE	BbXaBTYW2cM	MPREb_9ljGV2vdzz6	UC-3mACkWPK3QluQYi5dHQCA	ym 2010s late mb albums p2
Real's Not Real	King Gizzard & The Lizard Wizard	Fishing for Fishies	LIKE	HFIitg0_Ij0	MPREb_9ljGV2vdzz6	UC-3mACkWPK3QluQYi5dHQCA	ym 2010s late mb albums p2
Plastic Boogie	King Gizzard & The Lizard Wizard	Fishing for Fishies	LIKE	Ub9ND4kZEM4	MPREb_9ljGV2vdzz6	UC-3mACkWPK3QluQYi5dHQCA	ym 2010s late mb albums p2
Cyboogie	King Gizzard & The Lizard Wizard	Fishing for Fishies	LIKE	-MKYru4w04Q	MPREb_9ljGV2vdzz6	UC-3mACkWPK3QluQYi5dHQCA	ym 2010s late mb albums p2
Acarine	King Gizzard & The Lizard Wizard	Fishing for Fishies	LIKE	skb5lJ1cWBw	MPREb_9ljGV2vdzz6	UC-3mACkWPK3QluQYi5dHQCA	ym 2010s late mb albums p2
Don't Play It	Kim Gordon	No Home Record	LIKE	Hitjbwqz4iY	MPREb_NUTW2sMSP9A	UCGCyE2JoVAPqxO3CpcUIRXw	ym 2010s late mb albums p2
Orange Peel	Kikagaku Moyo	Masana Temples	LIKE	2qn_KtfMaC0	MPREb_qHmn3fj2OVy	UCNaS4ou9KLFO5YjEQkjuUwA	ym 2010s late mb albums p2
Nazo Nazo	Kikagaku Moyo	Masana Temples	LIKE	UmH7JcDl5hY	MPREb_qHmn3fj2OVy	UCNaS4ou9KLFO5YjEQkjuUwA	ym 2010s late mb albums p2
Nana	Kikagaku Moyo	Masana Temples	LIKE	kU0AEg2CoqI	MPREb_qHmn3fj2OVy	UCNaS4ou9KLFO5YjEQkjuUwA	ym 2010s late mb albums p2
Majupose	Kikagaku Moyo	Masana Temples	LIKE	Vwn2T_aq6F4	MPREb_qHmn3fj2OVy	UCNaS4ou9KLFO5YjEQkjuUwA	ym 2010s late mb albums p2
Gatherings	Kikagaku Moyo	Masana Temples	LIKE	Kxv7NAIBhs4	MPREb_qHmn3fj2OVy	UCNaS4ou9KLFO5YjEQkjuUwA	ym 2010s late mb albums p2
Fluffy Kosmisch	Kikagaku Moyo	Masana Temples	LIKE	2ewirZEXp4E	MPREb_qHmn3fj2OVy	UCNaS4ou9KLFO5YjEQkjuUwA	ym 2010s late mb albums p2
Entrance	Kikagaku Moyo	Masana Temples	LIKE	gBEwYPY1VnU	MPREb_qHmn3fj2OVy	UCNaS4ou9KLFO5YjEQkjuUwA	ym 2010s late mb albums p2
Dripping Sun	Kikagaku Moyo	Masana Temples	LIKE	ymkFNzT7VXg	MPREb_qHmn3fj2OVy	UCNaS4ou9KLFO5YjEQkjuUwA	ym 2010s late mb albums p2
Blanket Song	Kikagaku Moyo	Masana Temples	LIKE	RhpPpbT4GPY	MPREb_qHmn3fj2OVy	UCNaS4ou9KLFO5YjEQkjuUwA	ym 2010s late mb albums p2
Amayadori	Kikagaku Moyo	Masana Temples	LIKE	g_fdXR4tubE	MPREb_qHmn3fj2OVy	UCNaS4ou9KLFO5YjEQkjuUwA	ym 2010s late mb albums p2
Trad	Kikagaku Moyo	House in the Tall Grass	LIKE	gAcEMjCDLCE	MPREb_m8BZBND5riT	UCNaS4ou9KLFO5YjEQkjuUwA	ym 2010s late mb albums p2
Silver Owl	Kikagaku Moyo	House in the Tall Grass	LIKE	4ODfKH1ewZM	MPREb_m8BZBND5riT	UCNaS4ou9KLFO5YjEQkjuUwA	ym 2010s late mb albums p2
Old Snow, White Sun	Kikagaku Moyo	House in the Tall Grass	LIKE	km9hAp3tfN8	MPREb_m8BZBND5riT	UCNaS4ou9KLFO5YjEQkjuUwA	ym 2010s late mb albums p2
Melted Crystal	Kikagaku Moyo	House in the Tall Grass	LIKE	ThGTYTMvv30	MPREb_m8BZBND5riT	UCNaS4ou9KLFO5YjEQkjuUwA	ym 2010s late mb albums p2
Kogarashi	Kikagaku Moyo	House in the Tall Grass	LIKE	9B9PJRFJWPM	MPREb_m8BZBND5riT	UCNaS4ou9KLFO5YjEQkjuUwA	ym 2010s late mb albums p2
Green Sugar	Kikagaku Moyo	House in the Tall Grass	LIKE	hbabOZLQDWk	MPREb_m8BZBND5riT	UCNaS4ou9KLFO5YjEQkjuUwA	ym 2010s late mb albums p2
Fata Morgana	Kikagaku Moyo	House in the Tall Grass	LIKE	whcJaSp01bI	MPREb_m8BZBND5riT	UCNaS4ou9KLFO5YjEQkjuUwA	ym 2010s late mb albums p2
Dune	Kikagaku Moyo	House in the Tall Grass	LIKE	OgHyWg7Jh3k	MPREb_m8BZBND5riT	UCNaS4ou9KLFO5YjEQkjuUwA	ym 2010s late mb albums p2
Cardigan Song	Kikagaku Moyo	House in the Tall Grass	LIKE	9ZRQr7DISnA	MPREb_m8BZBND5riT	UCNaS4ou9KLFO5YjEQkjuUwA	ym 2010s late mb albums p2
Thinkin of	Kiefer	Happysad	LIKE	0UQOjpyD8RU	MPREb_jDOUkjw95lF	UCK4EdR3o8NrJBhUjy7SXURw	ym 2010s late mb albums p2
AAAAA	Kiefer	Happysad	LIKE	Py9QbKP5gd4	MPREb_jDOUkjw95lF	UCK4EdR3o8NrJBhUjy7SXURw	ym 2010s late mb albums p2
Lately It Feels Alright	Kid Bloom	Different State of Mind	LIKE	YzYUe6t9vfg	MPREb_cBxJCEJjpdz	UCqZmsQDK3P050GfJmdJss9g	ym 2010s late mb albums p2
I Kissed a Girl, And She Kissed Me	Kid Bloom	Different State of Mind	LIKE	_5UMehB66QE	MPREb_cBxJCEJjpdz	UCqZmsQDK3P050GfJmdJss9g	ym 2010s late mb albums p2
Hazy Miss Daisy	Kid Bloom	Different State of Mind	LIKE	rDarhK9_tNM	MPREb_cBxJCEJjpdz	UCqZmsQDK3P050GfJmdJss9g	ym 2010s late mb albums p2
Blurred (Bonobo Remix)	Kiasmos	Blurred	LIKE	9Hx8g4fV6Vc	MPREb_pHJWsE5SrZ6	UCXWADwj6t4af0WJkP8LAIZw	ym 2010s late mb albums p2
Zionsville	Khruangbin	The Universe Smiles Upon You	LIKE	rvLmMkV6O_M	MPREb_jsOej1oQ2xf	UCW2SLxltqPa553qretr4KzQ	ym 2010s late mb albums p2
White Gloves	Khruangbin	The Universe Smiles Upon You	LIKE	vuihuO4Ay8I	MPREb_jsOej1oQ2xf	UCW2SLxltqPa553qretr4KzQ	ym 2010s late mb albums p2
Two Fish and an Elephant	Khruangbin	The Universe Smiles Upon You	LIKE	6efh-dhz05w	MPREb_jsOej1oQ2xf	UCW2SLxltqPa553qretr4KzQ	ym 2010s late mb albums p2
The Man Who Took My Sunglasses	Khruangbin	The Universe Smiles Upon You	LIKE	THVNR31q1e0	MPREb_jsOej1oQ2xf	UCW2SLxltqPa553qretr4KzQ	ym 2010s late mb albums p2
People Everywhere (Still Alive)	Khruangbin	The Universe Smiles Upon You	LIKE	WzlJwEqT9PA	MPREb_jsOej1oQ2xf	UCW2SLxltqPa553qretr4KzQ	ym 2010s late mb albums p2
Mr. White	Khruangbin	The Universe Smiles Upon You	LIKE	E6EtluMrdU4	MPREb_jsOej1oQ2xf	UCW2SLxltqPa553qretr4KzQ	ym 2010s late mb albums p2
Little Joe & Mary	Khruangbin	The Universe Smiles Upon You	LIKE	6_4hhC84CKY	MPREb_jsOej1oQ2xf	UCW2SLxltqPa553qretr4KzQ	ym 2010s late mb albums p2
Dern Kala	Khruangbin	The Universe Smiles Upon You	LIKE	qUqkBl_367c	MPREb_jsOej1oQ2xf	UCW2SLxltqPa553qretr4KzQ	ym 2010s late mb albums p2
Balls and Pins	Khruangbin	The Universe Smiles Upon You	LIKE	hN_2hMw0e6U	MPREb_jsOej1oQ2xf	UCW2SLxltqPa553qretr4KzQ	ym 2010s late mb albums p2
August Twelve	Khruangbin	The Universe Smiles Upon You	LIKE	7-hLkwlsD-M	MPREb_jsOej1oQ2xf	UCW2SLxltqPa553qretr4KzQ	ym 2010s late mb albums p2
Shades of Man	Khruangbin	Con Todo El Mundo	LIKE	_MYFPQSKzQI	MPREb_eMtJ0gI8aoT	UCW2SLxltqPa553qretr4KzQ	ym 2010s late mb albums p2
Rules	Khruangbin	Con Todo El Mundo	LIKE	YNdM7mSK0Js	MPREb_eMtJ0gI8aoT	UCW2SLxltqPa553qretr4KzQ	ym 2010s late mb albums p2
Maria También	Khruangbin	Con Todo El Mundo	LIKE	H_kvg5fV6mw	MPREb_eMtJ0gI8aoT	UCW2SLxltqPa553qretr4KzQ	ym 2010s late mb albums p2
Lady and Man	Khruangbin	Con Todo El Mundo	LIKE	ZGs1ATfHK-A	MPREb_eMtJ0gI8aoT	UCW2SLxltqPa553qretr4KzQ	ym 2010s late mb albums p2
Friday Morning	Khruangbin	Con Todo El Mundo	LIKE	YHPHzNV3afk	MPREb_eMtJ0gI8aoT	UCW2SLxltqPa553qretr4KzQ	ym 2010s late mb albums p2
Evan Finds the Third Room	Khruangbin	Con Todo El Mundo	LIKE	stMx2V1xnz0	MPREb_eMtJ0gI8aoT	UCW2SLxltqPa553qretr4KzQ	ym 2010s late mb albums p2
Cómo Te Quiero	Khruangbin	Con Todo El Mundo	LIKE	qqsWuk7DuVI	MPREb_eMtJ0gI8aoT	UCW2SLxltqPa553qretr4KzQ	ym 2010s late mb albums p2
Cómo Me Quieres	Khruangbin	Con Todo El Mundo	LIKE	hnRGFeH9_to	MPREb_eMtJ0gI8aoT	UCW2SLxltqPa553qretr4KzQ	ym 2010s late mb albums p2
August 10	Khruangbin	Con Todo El Mundo	LIKE	NA48_XQcuwc	MPREb_eMtJ0gI8aoT	UCW2SLxltqPa553qretr4KzQ	ym 2010s late mb albums p2
A Hymn	Khruangbin	Con Todo El Mundo	LIKE	q8ODc8z_nDA	MPREb_eMtJ0gI8aoT	UCW2SLxltqPa553qretr4KzQ	ym 2010s late mb albums p2
Water	Kevin Morby	Singing Saw	LIKE	ChVe0woE72g	MPREb_H6jktXcIb68	UC5f6zyIPpGOWL0_ZAcwSBqA	ym 2010s late mb albums p2
Singing Saw	Kevin Morby	Singing Saw	LIKE	IB12I9sqlUI	MPREb_H6jktXcIb68	UC5f6zyIPpGOWL0_ZAcwSBqA	ym 2010s late mb albums p2
I Have Been to the Mountain	Kevin Morby	Singing Saw	LIKE	mSToz-QEO-Q	MPREb_H6jktXcIb68	UC5f6zyIPpGOWL0_ZAcwSBqA	ym 2010s late mb albums p2
Drunk and On a Star	Kevin Morby	Singing Saw	LIKE	__6G7lo_gC4	MPREb_H6jktXcIb68	UC5f6zyIPpGOWL0_ZAcwSBqA	ym 2010s late mb albums p2
Destroyer	Kevin Morby	Singing Saw	LIKE	kbMlrumN7to	MPREb_H6jktXcIb68	UC5f6zyIPpGOWL0_ZAcwSBqA	ym 2010s late mb albums p2
Cut Me Down	Kevin Morby	Singing Saw	LIKE	1mGYSgquvnE	MPREb_H6jktXcIb68	UC5f6zyIPpGOWL0_ZAcwSBqA	ym 2010s late mb albums p2
Seven Devils	Kevin Morby	Oh My God	LIKE	Kn7lVTLygZE	MPREb_SPY9SQPRan9	UC5f6zyIPpGOWL0_ZAcwSBqA	ym 2010s late mb albums p2
Oh My God	Kevin Morby	Oh My God	LIKE	eMJ94oGi6D8	MPREb_SPY9SQPRan9	UC5f6zyIPpGOWL0_ZAcwSBqA	ym 2010s late mb albums p2
OMG Rock n Roll	Kevin Morby	Oh My God	LIKE	DVjG-3_P2FY	MPREb_SPY9SQPRan9	UC5f6zyIPpGOWL0_ZAcwSBqA	ym 2010s late mb albums p2
Nothing Sacred / All Things Wild	Kevin Morby	Oh My God	LIKE	wb8BAdeVfy4	MPREb_SPY9SQPRan9	UC5f6zyIPpGOWL0_ZAcwSBqA	ym 2010s late mb albums p2
No Halo	Kevin Morby	Oh My God	LIKE	CTcIMQendyY	MPREb_SPY9SQPRan9	UC5f6zyIPpGOWL0_ZAcwSBqA	ym 2010s late mb albums p2
Congratulations	Kevin Morby	Oh My God	LIKE	s3icf5wSmt4	MPREb_SPY9SQPRan9	UC5f6zyIPpGOWL0_ZAcwSBqA	ym 2010s late mb albums p2
Dry Your Eyes	Kevin Morby	City Music	LIKE	j-b4AWpo98g	MPREb_BjnxITm16j9	UC5f6zyIPpGOWL0_ZAcwSBqA	ym 2010s late mb albums p2
Come to Me Now	Kevin Morby	City Music	LIKE	KSQRhqmOjGo	MPREb_BjnxITm16j9	UC5f6zyIPpGOWL0_ZAcwSBqA	ym 2010s late mb albums p2
City Music	Kevin Morby	City Music	LIKE	sB42WTPQ0Ak	MPREb_BjnxITm16j9	UC5f6zyIPpGOWL0_ZAcwSBqA	ym 2010s late mb albums p2
Caught in My Eye	Kevin Morby	City Music	LIKE	pDAFyHUDtj4	MPREb_BjnxITm16j9	UC5f6zyIPpGOWL0_ZAcwSBqA	ym 2010s late mb albums p2
Told Me	Kevin Gates	Islah (Deluxe)	LIKE	c0cLN3Sktdw	MPREb_GJWS9Iali2d	UCOUlVCyTJqvT9AHeUlbK03w	ym 2010s late mb albums p2
Thought I Heard (Bread Winners' Anthem)	Kevin Gates	Islah (Deluxe)	LIKE	y2xsH1LroDA	MPREb_GJWS9Iali2d	UCOUlVCyTJqvT9AHeUlbK03w	ym 2010s late mb albums p2
Really Really	Kevin Gates	Islah (Deluxe)	LIKE	ZTNjkL3AcxE	MPREb_GJWS9Iali2d	UCOUlVCyTJqvT9AHeUlbK03w	ym 2010s late mb albums p2
Not the Only One	Kevin Gates	Islah (Deluxe)	LIKE	bHsi5X2Ub0E	MPREb_GJWS9Iali2d	UCOUlVCyTJqvT9AHeUlbK03w	ym 2010s late mb albums p2
Jam (feat. Trey Songz, Ty Dolla $ign & Jamie Foxx)	Kevin Gates	Islah (Deluxe)	LIKE	DJ5_hEoKQtM	MPREb_GJWS9Iali2d	UCOUlVCyTJqvT9AHeUlbK03w	ym 2010s late mb albums p2
I Love It	Kevin Gates	Islah (Deluxe)	LIKE	6VySsge6suc	MPREb_GJWS9Iali2d	UCOUlVCyTJqvT9AHeUlbK03w	ym 2010s late mb albums p2
Hard For	Kevin Gates	Islah (Deluxe)	LIKE	2Oo0p4J4Py4	MPREb_GJWS9Iali2d	UCOUlVCyTJqvT9AHeUlbK03w	ym 2010s late mb albums p2
2 Phones	Kevin Gates	Islah (Deluxe)	LIKE	2mhKvNwOIWk	MPREb_GJWS9Iali2d	UCOUlVCyTJqvT9AHeUlbK03w	ym 2010s late mb albums p2
Swimming	Kero Kero Bonito	Time 'n' Place	LIKE	cHfUYNrtXgM	MPREb_0L8Bh2fSond	UCrg2LfxablyfpYkD75hDxMA	ym 2010s late mb albums p2
Only Acting	Kero Kero Bonito	Time 'n' Place	LIKE	2xjleOSzS6k	MPREb_0L8Bh2fSond	UCrg2LfxablyfpYkD75hDxMA	ym 2010s late mb albums p2
Make Believe	Kero Kero Bonito	Time 'n' Place	LIKE	DPQI5HiSdgY	MPREb_0L8Bh2fSond	UCrg2LfxablyfpYkD75hDxMA	ym 2010s late mb albums p2
Dear Future Self	Kero Kero Bonito	Time 'n' Place	LIKE	u5tR5IO7zH4	MPREb_0L8Bh2fSond	UCrg2LfxablyfpYkD75hDxMA	ym 2010s late mb albums p2
untitled 08 | 09.06.2014.	Kendrick Lamar	untitled unmastered.	LIKE	JXikcHwPolM	MPREb_ijcPSPM2Isl	UCprAFmT0C6O4X0ToEXpeFTQ	ym 2010s late mb albums p2
untitled 06 | 06.30.2014.	Kendrick Lamar	untitled unmastered.	LIKE	fZ2pXyBBwsQ	MPREb_ijcPSPM2Isl	UCprAFmT0C6O4X0ToEXpeFTQ	ym 2010s late mb albums p2
u	Kendrick Lamar	To Pimp A Butterfly	LIKE	XGC4QpDIpJc	MPREb_3jGuGO44ziy	UCprAFmT0C6O4X0ToEXpeFTQ	ym 2010s late mb albums p2
i	Kendrick Lamar	To Pimp A Butterfly	LIKE	tt2-GsPA9kk	MPREb_3jGuGO44ziy	UCprAFmT0C6O4X0ToEXpeFTQ	ym 2010s late mb albums p2
These Walls (feat. Bilal, Anna Wise & Thundercat)	Kendrick Lamar	To Pimp A Butterfly	LIKE	AHNK4k3Cr24	MPREb_3jGuGO44ziy	UCprAFmT0C6O4X0ToEXpeFTQ	ym 2010s late mb albums p2
Momma	Kendrick Lamar	To Pimp A Butterfly	LIKE	q1AOP6NtGuc	MPREb_3jGuGO44ziy	UCprAFmT0C6O4X0ToEXpeFTQ	ym 2010s late mb albums p2
King Kunta	Kendrick Lamar	To Pimp A Butterfly	LIKE	g0NVaX8DRN4	MPREb_3jGuGO44ziy	UCprAFmT0C6O4X0ToEXpeFTQ	ym 2010s late mb albums p2
Institutionalized (feat. Bilal, Anna Wise & Snoop Dogg)	Kendrick Lamar	To Pimp A Butterfly	LIKE	7L1POXocFIQ	MPREb_3jGuGO44ziy	UCprAFmT0C6O4X0ToEXpeFTQ	ym 2010s late mb albums p2
Hood Politics	Kendrick Lamar	To Pimp A Butterfly	LIKE	iIsHg3BHpB0	MPREb_3jGuGO44ziy	UCprAFmT0C6O4X0ToEXpeFTQ	ym 2010s late mb albums p2
Alright	Kendrick Lamar	To Pimp A Butterfly	LIKE	67vr-3kpX3Q	MPREb_3jGuGO44ziy	UCprAFmT0C6O4X0ToEXpeFTQ	ym 2010s late mb albums p2
YAH.	Kendrick Lamar	DAMN.	LIKE	y-GWhui7obA	MPREb_4bCz6FCRC8M	UCprAFmT0C6O4X0ToEXpeFTQ	ym 2010s late mb albums p2
XXX. (feat. U2)	Kendrick Lamar	DAMN.	LIKE	jHKnssHObhM	MPREb_4bCz6FCRC8M	UCprAFmT0C6O4X0ToEXpeFTQ	ym 2010s late mb albums p2
PRIDE.	Kendrick Lamar	DAMN.	LIKE	BBT2q7hsQRA	MPREb_4bCz6FCRC8M	UCprAFmT0C6O4X0ToEXpeFTQ	ym 2010s late mb albums p2
LUST.	Kendrick Lamar	DAMN.	LIKE	cA93cs-YReE	MPREb_4bCz6FCRC8M	UCprAFmT0C6O4X0ToEXpeFTQ	ym 2010s late mb albums p2
LOYALTY. (feat. Rihanna)	Kendrick Lamar	DAMN.	LIKE	J9JFXTENxvo	MPREb_4bCz6FCRC8M	UCprAFmT0C6O4X0ToEXpeFTQ	ym 2010s late mb albums p2
LOVE. (feat. Zacari)	Kendrick Lamar	DAMN.	LIKE	XjitVg7z4vs	MPREb_4bCz6FCRC8M	UCprAFmT0C6O4X0ToEXpeFTQ	ym 2010s late mb albums p2
HUMBLE.	Kendrick Lamar	DAMN.	LIKE	cFEB3V5ueH0	MPREb_4bCz6FCRC8M	UCprAFmT0C6O4X0ToEXpeFTQ	ym 2010s late mb albums p2
GOD.	Kendrick Lamar	DAMN.	LIKE	ZdBU440FFOg	MPREb_4bCz6FCRC8M	UCprAFmT0C6O4X0ToEXpeFTQ	ym 2010s late mb albums p2
FEEL.	Kendrick Lamar	DAMN.	LIKE	LfjmxgjNP2g	MPREb_4bCz6FCRC8M	UCprAFmT0C6O4X0ToEXpeFTQ	ym 2010s late mb albums p2
FEAR.	Kendrick Lamar	DAMN.	LIKE	nIb2-q3TqUU	MPREb_4bCz6FCRC8M	UCprAFmT0C6O4X0ToEXpeFTQ	ym 2010s late mb albums p2
ELEMENT.	Kendrick Lamar	DAMN.	LIKE	ZUBGbTV-hvs	MPREb_4bCz6FCRC8M	UCprAFmT0C6O4X0ToEXpeFTQ	ym 2010s late mb albums p2
DUCKWORTH.	Kendrick Lamar	DAMN.	LIKE	VDhPjmPuD9k	MPREb_4bCz6FCRC8M	UCprAFmT0C6O4X0ToEXpeFTQ	ym 2010s late mb albums p2
DNA.	Kendrick Lamar	DAMN.	LIKE	GfpxPWSH_qg	MPREb_4bCz6FCRC8M	UCprAFmT0C6O4X0ToEXpeFTQ	ym 2010s late mb albums p2
BLOOD.	Kendrick Lamar	DAMN.	LIKE	jvDZEoEdjzo	MPREb_4bCz6FCRC8M	UCprAFmT0C6O4X0ToEXpeFTQ	ym 2010s late mb albums p2
Throwing Lines	Kelly Lee Owens	Kelly Lee Owens	LIKE	ZcuCGztuFfI	MPREb_pNMnhtMc3ug	UCvjT6Q9IDRNwrc8345BpwMg	ym 2010s late mb albums p2
S.O	Kelly Lee Owens	Kelly Lee Owens	LIKE	tbz4WaEtROo	MPREb_pNMnhtMc3ug	UCvjT6Q9IDRNwrc8345BpwMg	ym 2010s late mb albums p2
Lucid	Kelly Lee Owens	Kelly Lee Owens	LIKE	W4CA2ldU54g	MPREb_pNMnhtMc3ug	UCvjT6Q9IDRNwrc8345BpwMg	ym 2010s late mb albums p2
Keep Walking	Kelly Lee Owens	Kelly Lee Owens	LIKE	NsfYDwsWhRU	MPREb_pNMnhtMc3ug	UCvjT6Q9IDRNwrc8345BpwMg	ym 2010s late mb albums p2
Bird	Kelly Lee Owens	Kelly Lee Owens	LIKE	MvbkS-BGFVY	MPREb_pNMnhtMc3ug	UCvjT6Q9IDRNwrc8345BpwMg	ym 2010s late mb albums p2
Lux Prima	Karen O	Lux Prima	LIKE	aruTly7Aa-8	MPREb_Dtvq8QG7F26	UCEpDP9BO3JUdQa1zI0wb7Wg	ym 2010s late mb albums p2
Yikes	Kanye West	ye	LIKE	kPPyUO6m3-4	MPREb_vWD8jVytxdF	UCRY5dYsbIN5TylSbd7gVnZg	ym 2010s late mb albums p2
Violent Crimes	Kanye West	ye	LIKE	pOLMGTtphCc	MPREb_vWD8jVytxdF	UCRY5dYsbIN5TylSbd7gVnZg	ym 2010s late mb albums p2
I Thought About Killing You	Kanye West	ye	LIKE	no1YszVVybo	MPREb_vWD8jVytxdF	UCRY5dYsbIN5TylSbd7gVnZg	ym 2010s late mb albums p2
Ghost Town (feat. PARTYNEXTDOOR)	Kanye West	ye	LIKE	5S6az6odzPI	MPREb_vWD8jVytxdF	UCRY5dYsbIN5TylSbd7gVnZg	ym 2010s late mb albums p2
All Mine	Kanye West	ye	LIKE	YdA7swZoxks	MPREb_vWD8jVytxdF	UCRY5dYsbIN5TylSbd7gVnZg	ym 2010s late mb albums p2
Wolves	Kanye West	The Life Of Pablo	LIKE	lDLEsnXauwU	MPREb_ZIbQK9RFLQY	UCRY5dYsbIN5TylSbd7gVnZg	ym 2010s late mb albums p2
Waves	Kanye West	The Life Of Pablo	LIKE	ML8Yq1Rd6I0	MPREb_ZIbQK9RFLQY	UCRY5dYsbIN5TylSbd7gVnZg	ym 2010s late mb albums p2
Real Friends	Kanye West	The Life Of Pablo	LIKE	fWD9GF-Ogf4	MPREb_ZIbQK9RFLQY	UCRY5dYsbIN5TylSbd7gVnZg	ym 2010s late mb albums p2
Pt. 2	Kanye West	The Life Of Pablo	LIKE	xp8z7pconzw	MPREb_ZIbQK9RFLQY	UCRY5dYsbIN5TylSbd7gVnZg	ym 2010s late mb albums p2
No More Parties In LA	Kanye West	The Life Of Pablo	LIKE	NnMuFqsmYSE	MPREb_ZIbQK9RFLQY	UCRY5dYsbIN5TylSbd7gVnZg	ym 2010s late mb albums p2
Highlights	Kanye West	The Life Of Pablo	LIKE	AXz78NYL4r4	MPREb_ZIbQK9RFLQY	UCRY5dYsbIN5TylSbd7gVnZg	ym 2010s late mb albums p2
Feedback	Kanye West	The Life Of Pablo	LIKE	Q-fluWQ6zW8	MPREb_ZIbQK9RFLQY	UCRY5dYsbIN5TylSbd7gVnZg	ym 2010s late mb albums p2
Father Stretch My Hands Pt. 1	Kanye West	The Life Of Pablo	LIKE	wuO4_P_8p-Q	MPREb_ZIbQK9RFLQY	UCRY5dYsbIN5TylSbd7gVnZg	ym 2010s late mb albums p2
Facts (Charlie Heat Version)	Kanye West	The Life Of Pablo	LIKE	yiwDWKg9AMA	MPREb_ZIbQK9RFLQY	UCRY5dYsbIN5TylSbd7gVnZg	ym 2010s late mb albums p2
30 Hours	Kanye West	The Life Of Pablo	LIKE	OH3bNgA1rkE	MPREb_ZIbQK9RFLQY	UCRY5dYsbIN5TylSbd7gVnZg	ym 2010s late mb albums p2
Water (feat. Ant Clemons)	Kanye West	JESUS IS KING	LIKE	-YfG1Xbo4OA	MPREb_BC7DlLMjrxQ	UCRY5dYsbIN5TylSbd7gVnZg	ym 2010s late mb albums p2
Selah	Kanye West	JESUS IS KING	LIKE	6CNPg2IQoC0	MPREb_BC7DlLMjrxQ	UCRY5dYsbIN5TylSbd7gVnZg	ym 2010s late mb albums p2
Vi Lua Vi Sol	Kamasi Washington	Heaven and Earth	LIKE	XQmmZWB4FNg	MPREb_nKVpAGmmfqV	UC0G-IaG6Q0eawu8N_6OAZxw	ym 2010s late mb albums p2
The Space Travelers Lullaby	Kamasi Washington	Heaven and Earth	LIKE	B8M43moxVGw	MPREb_nKVpAGmmfqV	UC0G-IaG6Q0eawu8N_6OAZxw	ym 2010s late mb albums p2
The Invincible Youth	Kamasi Washington	Heaven and Earth	LIKE	i4OsOp5gLY0	MPREb_nKVpAGmmfqV	UC0G-IaG6Q0eawu8N_6OAZxw	ym 2010s late mb albums p2
Testify	Kamasi Washington	Heaven and Earth	LIKE	qr2lJl3PCns	MPREb_nKVpAGmmfqV	UC0G-IaG6Q0eawu8N_6OAZxw	ym 2010s late mb albums p2
Street Fighter Mas	Kamasi Washington	Heaven and Earth	LIKE	-c0U2W7N6fg	MPREb_nKVpAGmmfqV	UC0G-IaG6Q0eawu8N_6OAZxw	ym 2010s late mb albums p2
Song For The Fallen	Kamasi Washington	Heaven and Earth	LIKE	lQKbHxSntu0	MPREb_nKVpAGmmfqV	UC0G-IaG6Q0eawu8N_6OAZxw	ym 2010s late mb albums p2
Show Us The Way	Kamasi Washington	Heaven and Earth	LIKE	Pp3t4YLz_IQ	MPREb_nKVpAGmmfqV	UC0G-IaG6Q0eawu8N_6OAZxw	ym 2010s late mb albums p2
One of One	Kamasi Washington	Heaven and Earth	LIKE	75M4ZThuMmk	MPREb_nKVpAGmmfqV	UC0G-IaG6Q0eawu8N_6OAZxw	ym 2010s late mb albums p2
Can You Hear Him	Kamasi Washington	Heaven and Earth	LIKE	ANWQT8ZSrqQ	MPREb_nKVpAGmmfqV	UC0G-IaG6Q0eawu8N_6OAZxw	ym 2010s late mb albums p2
Truth	Kamasi Washington	Harmony of Difference	LIKE	RJCsH3sYaSk	MPREb_eq1G8KYdwAm	UC0G-IaG6Q0eawu8N_6OAZxw	ym 2010s late mb albums p2
Knowledge	Kamasi Washington	Harmony of Difference	LIKE	uwHTwENVtD4	MPREb_eq1G8KYdwAm	UC0G-IaG6Q0eawu8N_6OAZxw	ym 2010s late mb albums p2
Desire	Kamasi Washington	Harmony of Difference	LIKE	XKLAhmPZHe8	MPREb_eq1G8KYdwAm	UC0G-IaG6Q0eawu8N_6OAZxw	ym 2010s late mb albums p2
Out the Bottle	Kamaiyah	A Good Night in the Ghetto	LIKE	TBS9sW8BcXo	MPREb_Uu0UViJDmSb	UCshUcsn5iZsdmc3j-3azoFQ	ym 2010s late mb albums p2
One Love (feat. Netta Brielle & BIG MONEY GANG)	Kamaiyah	A Good Night in the Ghetto	LIKE	dJWro_z02MQ	MPREb_Uu0UViJDmSb	UCshUcsn5iZsdmc3j-3azoFQ	ym 2010s late mb albums p2
Niggas	Kamaiyah	A Good Night in the Ghetto	LIKE	ijf2rxe7aw0	MPREb_Uu0UViJDmSb	UCshUcsn5iZsdmc3j-3azoFQ	ym 2010s late mb albums p2
I'm On	Kamaiyah	A Good Night in the Ghetto	LIKE	HEDBt3MkRlA	MPREb_Uu0UViJDmSb	UCshUcsn5iZsdmc3j-3azoFQ	ym 2010s late mb albums p2
Fuck It Up (feat. YG)	Kamaiyah	A Good Night in the Ghetto	LIKE	S7ZRq1yHxSY	MPREb_Uu0UViJDmSb	UCshUcsn5iZsdmc3j-3azoFQ	ym 2010s late mb albums p2
Freaky Freaks	Kamaiyah	A Good Night in the Ghetto	LIKE	JIuHfJrcpMI	MPREb_Uu0UViJDmSb	UCshUcsn5iZsdmc3j-3azoFQ	ym 2010s late mb albums p2
Ain't Goin Home	Kamaiyah	A Good Night in the Ghetto	LIKE	sqUbMJgATsk	MPREb_Uu0UViJDmSb	UCshUcsn5iZsdmc3j-3azoFQ	ym 2010s late mb albums p2
The Return	Kamaal Williams	The Return	LIKE	hnzZE-WFfM4	MPREb_GgGKNmPlQ3m	UCVBxVupUwqTLEQ_2oTVzwgQ	ym 2010s late mb albums p2
Situations (Live In Milan)	Kamaal Williams	The Return	LIKE	MWX4OxxkyI8	MPREb_GgGKNmPlQ3m	UCVBxVupUwqTLEQ_2oTVzwgQ	ym 2010s late mb albums p2
Salaam	Kamaal Williams	The Return	LIKE	TUbuydGahpg	MPREb_GgGKNmPlQ3m	UCVBxVupUwqTLEQ_2oTVzwgQ	ym 2010s late mb albums p2
Rhythm Commission	Kamaal Williams	The Return	LIKE	TO0mk1X1Zmc	MPREb_GgGKNmPlQ3m	UCVBxVupUwqTLEQ_2oTVzwgQ	ym 2010s late mb albums p2
High Roller	Kamaal Williams	The Return	LIKE	r8bym2EbYro	MPREb_GgGKNmPlQ3m	UCVBxVupUwqTLEQ_2oTVzwgQ	ym 2010s late mb albums p2
Catch The Loop	Kamaal Williams	The Return	LIKE	LUMjbePYvFA	MPREb_GgGKNmPlQ3m	UCVBxVupUwqTLEQ_2oTVzwgQ	ym 2010s late mb albums p2
Aisha	Kamaal Williams	The Return	LIKE	sTJEzzZx6pM	MPREb_GgGKNmPlQ3m	UCVBxVupUwqTLEQ_2oTVzwgQ	ym 2010s late mb albums p2
Your Teeth In My Neck	Kali Uchis	Isolation	LIKE	ZMm-M3Y1ISI	MPREb_m02LPU7HlMR	UCpkgnBLJpbkVLAob1CaPZsw	ym 2010s late mb albums p2
Tomorrow	Kali Uchis	Isolation	LIKE	a-CS-j87w5o	MPREb_m02LPU7HlMR	UCpkgnBLJpbkVLAob1CaPZsw	ym 2010s late mb albums p2
Miami (feat. BIA)	Kali Uchis	Isolation	LIKE	R896fNYXKKw	MPREb_m02LPU7HlMR	UCpkgnBLJpbkVLAob1CaPZsw	ym 2010s late mb albums p2
Killer	Kali Uchis	Isolation	LIKE	0ltsOzmZd_Y	MPREb_m02LPU7HlMR	UCpkgnBLJpbkVLAob1CaPZsw	ym 2010s late mb albums p2
Just A Stranger (feat. Steve Lacy)	Kali Uchis	Isolation	LIKE	MERKDv3SFOk	MPREb_m02LPU7HlMR	UCpkgnBLJpbkVLAob1CaPZsw	ym 2010s late mb albums p2
Coming Home (Interlude)	Kali Uchis	Isolation	LIKE	aDVRZUVsy_4	MPREb_m02LPU7HlMR	UCpkgnBLJpbkVLAob1CaPZsw	ym 2010s late mb albums p2
After The Storm (feat. Tyler, The Creator & Bootsy Collins)	Kali Uchis	Isolation	LIKE	vgOTxZtlXys	MPREb_m02LPU7HlMR	UCpkgnBLJpbkVLAob1CaPZsw	ym 2010s late mb albums p2
Spectacle Of Ritual 	Kali Malone	The Sacrificial Code	LIKE	Nbdgl2TYKno	MPREb_hTgyKKHpEFq	UCLUd4f3czk0DZxm2ih-AYAw	ym 2010s late mb albums p2
Sacrificial Code III	Kali Malone	The Sacrificial Code	LIKE	t56THoKmMrM	MPREb_hTgyKKHpEFq	UCLUd4f3czk0DZxm2ih-AYAw	ym 2010s late mb albums p2
Sacrificial Code II	Kali Malone	The Sacrificial Code	LIKE	Go6lm99yKhg	MPREb_hTgyKKHpEFq	UCLUd4f3czk0DZxm2ih-AYAw	ym 2010s late mb albums p2
Sacrificial Code	Kali Malone	The Sacrificial Code	LIKE	rrE-1Rc4Usc	MPREb_hTgyKKHpEFq	UCLUd4f3czk0DZxm2ih-AYAw	ym 2010s late mb albums p2
Rose Wreath Crown (for CW)	Kali Malone	The Sacrificial Code	LIKE	1BN4KBHJA8c	MPREb_hTgyKKHpEFq	UCLUd4f3czk0DZxm2ih-AYAw	ym 2010s late mb albums p2
Litanic Cloth Wrung	Kali Malone	The Sacrificial Code	LIKE	oG_W3gTB8yU	MPREb_hTgyKKHpEFq	UCLUd4f3czk0DZxm2ih-AYAw	ym 2010s late mb albums p2
Hagakyrka Bells	Kali Malone	The Sacrificial Code	LIKE	f2vJ2nAziik	MPREb_hTgyKKHpEFq	UCLUd4f3czk0DZxm2ih-AYAw	ym 2010s late mb albums p2
Fifth Worship II	Kali Malone	The Sacrificial Code	LIKE	izMkoaJZnTo	MPREb_hTgyKKHpEFq	UCLUd4f3czk0DZxm2ih-AYAw	ym 2010s late mb albums p2
I Am Consumed	Kaitlyn Aurelia Smith	The Kid	LIKE	KVobQfGGUz0	MPREb_wt44RJptHUY	UCgBYrIICTQWy3e731ZOdW6Q	ym 2010s late mb albums p2
Wings	Kadhja Bonet	Childqueen	LIKE	xCxgK-3k1iY	MPREb_3ceZn5lddeX	UCBeC8JDSJ0wNgmZlyWhqJMw	ym 2010s late mb albums p2
Thoughts Around Tea	Kadhja Bonet	Childqueen	LIKE	SDgOgVTOStc	MPREb_3ceZn5lddeX	UCBeC8JDSJ0wNgmZlyWhqJMw	ym 2010s late mb albums p2
Procession	Kadhja Bonet	Childqueen	LIKE	ZNcX8tzMvKc	MPREb_3ceZn5lddeX	UCBeC8JDSJ0wNgmZlyWhqJMw	ym 2010s late mb albums p2
Mother Maybe	Kadhja Bonet	Childqueen	LIKE	BxM6hgY1fV8	MPREb_3ceZn5lddeX	UCBeC8JDSJ0wNgmZlyWhqJMw	ym 2010s late mb albums p2
Joy	Kadhja Bonet	Childqueen	LIKE	bPKunPmSEUw	MPREb_3ceZn5lddeX	UCBeC8JDSJ0wNgmZlyWhqJMw	ym 2010s late mb albums p2
Delphine	Kadhja Bonet	Childqueen	LIKE	9uOuTJeDvx0	MPREb_3ceZn5lddeX	UCBeC8JDSJ0wNgmZlyWhqJMw	ym 2010s late mb albums p2
Another Time Lover	Kadhja Bonet	Childqueen	LIKE	58kVq2bvzao	MPREb_3ceZn5lddeX	UCBeC8JDSJ0wNgmZlyWhqJMw	ym 2010s late mb albums p2
...	Kadhja Bonet	Childqueen	LIKE	uW-crS9mfao	MPREb_3ceZn5lddeX	UCBeC8JDSJ0wNgmZlyWhqJMw	ym 2010s late mb albums p2
Sirens	Ka & Hermit and the Recluse	Orpheus vs. the Sirens	LIKE	TKOxHsbsSMQ	MPREb_anZ9TAANwRh		ym 2010s late mb albums p2
Orpheus	Ka & Hermit and the Recluse	Orpheus vs. the Sirens	LIKE	GKp5HVLyCQ4	MPREb_anZ9TAANwRh		ym 2010s late mb albums p2
Golden Fleece	Ka & Hermit and the Recluse	Orpheus vs. the Sirens	LIKE	PjHkJ2HU4-M	MPREb_anZ9TAANwRh		ym 2010s late mb albums p2
Fate	Ka & Hermit and the Recluse	Orpheus vs. the Sirens	LIKE	7XuC_YQVxEo	MPREb_anZ9TAANwRh		ym 2010s late mb albums p2
Atlas	Ka & Hermit and the Recluse	Orpheus vs. the Sirens	LIKE	zMMGvLrBQ_Q	MPREb_anZ9TAANwRh		ym 2010s late mb albums p2
Argo	Ka & Hermit and the Recluse	Orpheus vs. the Sirens	LIKE	zqpeb9_YbPE	MPREb_anZ9TAANwRh		ym 2010s late mb albums p2
Reborn	KIDS SEE GHOSTS	KIDS SEE GHOSTS	LIKE	hQC8COGQ4BM	MPREb_hxKtPbZMpJx	UCXXMMJZJg5Pbd6PYeqDvGNw	ym 2010s late mb albums p2
Kids See Ghosts (feat. Yasiin Bey)	KIDS SEE GHOSTS	KIDS SEE GHOSTS	LIKE	cHFzyFMT0pw	MPREb_hxKtPbZMpJx	UCXXMMJZJg5Pbd6PYeqDvGNw	ym 2010s late mb albums p2
Freeee (Ghost Town Pt. 2) (feat. Ty Dolla $ign)	KIDS SEE GHOSTS	KIDS SEE GHOSTS	LIKE	5bZqAfJBsSk	MPREb_hxKtPbZMpJx	UCXXMMJZJg5Pbd6PYeqDvGNw	ym 2010s late mb albums p2
Fire	KIDS SEE GHOSTS	KIDS SEE GHOSTS	LIKE	ZBIzL1OdKMI	MPREb_hxKtPbZMpJx	UCXXMMJZJg5Pbd6PYeqDvGNw	ym 2010s late mb albums p2
Feel The Love (feat. Pusha T)	KIDS SEE GHOSTS	KIDS SEE GHOSTS	LIKE	rnZQvgWhM5s	MPREb_hxKtPbZMpJx	UCXXMMJZJg5Pbd6PYeqDvGNw	ym 2010s late mb albums p2
Cudi Montage	KIDS SEE GHOSTS	KIDS SEE GHOSTS	LIKE	RaTAlvbC_T4	MPREb_hxKtPbZMpJx	UCXXMMJZJg5Pbd6PYeqDvGNw	ym 2010s late mb albums p2
4th Dimension (feat. Louis Prima)	KIDS SEE GHOSTS	KIDS SEE GHOSTS	LIKE	6Hj5tucYv1Q	MPREb_hxKtPbZMpJx	UCXXMMJZJg5Pbd6PYeqDvGNw	ym 2010s late mb albums p2
What You Need (feat. Charlotte Day Wilson)	KAYTRANADA	BUBBA	LIKE	PJwIzbu_8Tk	MPREb_2f1tBjsg3OI	UCdJvty5IClKVcrXSOyE4sOA	ym 2010s late mb albums p2
Vex Oh (feat. GoldLink & Ari PenSmith)	KAYTRANADA	BUBBA	LIKE	S2-wrJ9yYiQ	MPREb_2f1tBjsg3OI	UCdJvty5IClKVcrXSOyE4sOA	ym 2010s late mb albums p2
The Worst In Me (feat. Tinashe)	KAYTRANADA	BUBBA	LIKE	WxGLLxX5aXQ	MPREb_2f1tBjsg3OI	UCdJvty5IClKVcrXSOyE4sOA	ym 2010s late mb albums p2
Taste (feat. VanJess)	KAYTRANADA	BUBBA	LIKE	NYbYnce4Z-Q	MPREb_2f1tBjsg3OI	UCdJvty5IClKVcrXSOyE4sOA	ym 2010s late mb albums p2
Go DJ (feat. SiR)	KAYTRANADA	BUBBA	LIKE	5s_7MfryE9U	MPREb_2f1tBjsg3OI	UCdJvty5IClKVcrXSOyE4sOA	ym 2010s late mb albums p2
DO IT	KAYTRANADA	BUBBA	LIKE	5Mb5-HZOYao	MPREb_2f1tBjsg3OI	UCdJvty5IClKVcrXSOyE4sOA	ym 2010s late mb albums p2
2 The Music (feat. Iman Omari)	KAYTRANADA	BUBBA	LIKE	REW2yFBNqPg	MPREb_2f1tBjsg3OI	UCdJvty5IClKVcrXSOyE4sOA	ym 2010s late mb albums p2
10% (feat. Kali Uchis)	KAYTRANADA	BUBBA	LIKE	JFaNw765L2E	MPREb_2f1tBjsg3OI	UCdJvty5IClKVcrXSOyE4sOA	ym 2010s late mb albums p2
YOU'RE THE ONE (feat. Syd)	KAYTRANADA	99.9%	LIKE	7T9gCiENjsA	MPREb_TdR8WdcjUcG	UCdJvty5IClKVcrXSOyE4sOA	ym 2010s late mb albums p2
WEIGHT OFF (feat. BADBADNOTGOOD)	KAYTRANADA	99.9%	LIKE	SvgqaMnQugw	MPREb_TdR8WdcjUcG	UCdJvty5IClKVcrXSOyE4sOA	ym 2010s late mb albums p2
VIVID DREAMS (feat. River Tiber)	KAYTRANADA	99.9%	LIKE	Aj0929mk2Yo	MPREb_TdR8WdcjUcG	UCdJvty5IClKVcrXSOyE4sOA	ym 2010s late mb albums p2
TRACK UNO	KAYTRANADA	99.9%	LIKE	3-0-vDbjdqQ	MPREb_TdR8WdcjUcG	UCdJvty5IClKVcrXSOyE4sOA	ym 2010s late mb albums p2
TOGETHER (feat. AlunaGeorge & Goldlink)	KAYTRANADA	99.9%	LIKE	vcNUiGI4oYo	MPREb_TdR8WdcjUcG	UCdJvty5IClKVcrXSOyE4sOA	ym 2010s late mb albums p2
LITE SPOTS	KAYTRANADA	99.9%	LIKE	4WIyBJA6cWY	MPREb_TdR8WdcjUcG	UCdJvty5IClKVcrXSOyE4sOA	ym 2010s late mb albums p2
GLOWED UP (feat. Anderson .Paak)	KAYTRANADA	99.9%	LIKE	MxyoldF3dfw	MPREb_TdR8WdcjUcG	UCdJvty5IClKVcrXSOyE4sOA	ym 2010s late mb albums p2
DESPITE THE WEATHER	KAYTRANADA	99.9%	LIKE	n7gKjKPsHgE	MPREb_TdR8WdcjUcG	UCdJvty5IClKVcrXSOyE4sOA	ym 2010s late mb albums p2
BUS RIDE (feat. Karriem Riggins & River Tiber)	KAYTRANADA	99.9%	LIKE	D_K-g5LjEfU	MPREb_TdR8WdcjUcG	UCdJvty5IClKVcrXSOyE4sOA	ym 2010s late mb albums p2
Safe and Sound	Justice	Woman	LIKE	YT59g6xekFE	MPREb_KgoXnvEho79	UCcJLC91v0A0iD-CMUWdZkig	ym 2010s late mb albums p2
Alakazam !	Justice	Woman	LIKE	_0D7sqO5XC0	MPREb_KgoXnvEho79	UCcJLC91v0A0iD-CMUWdZkig	ym 2010s late mb albums p2
Mama Oh No	Jungle	For Ever	LIKE	_8CcM2SZXr8	MPREb_v62TqMRfU64	UC8qPIA18dFORTSUmw0n8U-g	ym 2010s late mb albums p2
Happy Man	Jungle	For Ever	LIKE	MyzRJQNKrYA	MPREb_v62TqMRfU64	UC8qPIA18dFORTSUmw0n8U-g	ym 2010s late mb albums p2
Cherry	Jungle	For Ever	LIKE	HQFFQtsLqPY	MPREb_v62TqMRfU64	UC8qPIA18dFORTSUmw0n8U-g	ym 2010s late mb albums p2
Casio	Jungle	For Ever	LIKE	02nFGcia31M	MPREb_v62TqMRfU64	UC8qPIA18dFORTSUmw0n8U-g	ym 2010s late mb albums p2
Turn Me Down	Julia Jacklin	Crushing	LIKE	DgAc551wfzA	MPREb_Qh7aX4WCNZT	UCypJMo2Ed63_4gvbtwkrgVw	ym 2010s late mb albums p2
Pressure To Party	Julia Jacklin	Crushing	LIKE	b_sIxF0tzxo	MPREb_Qh7aX4WCNZT	UCypJMo2Ed63_4gvbtwkrgVw	ym 2010s late mb albums p2
Good Guy	Julia Jacklin	Crushing	LIKE	raEbd-0pO5k	MPREb_Qh7aX4WCNZT	UCypJMo2Ed63_4gvbtwkrgVw	ym 2010s late mb albums p2
Don’t Know How To Keep Loving You	Julia Jacklin	Crushing	LIKE	jITDEmI8jPk	MPREb_Qh7aX4WCNZT	UCypJMo2Ed63_4gvbtwkrgVw	ym 2010s late mb albums p2
Sea Calls Me Home	Julia Holter	Have You In My Wilderness	LIKE	ASGg3ehwgEw	MPREb_fTHPWN0QlsA	UC6hn0-8I1MGMzDYdVpugR1A	ym 2010s late mb albums p2
Night Song	Julia Holter	Have You In My Wilderness	LIKE	HoVic6JXKO4	MPREb_fTHPWN0QlsA	UC6hn0-8I1MGMzDYdVpugR1A	ym 2010s late mb albums p2
Feel You	Julia Holter	Have You In My Wilderness	LIKE	siEov8bSF5Q	MPREb_fTHPWN0QlsA	UC6hn0-8I1MGMzDYdVpugR1A	ym 2010s late mb albums p2
I Would Rather See	Julia Holter	Aviary	LIKE	YzbtG1KJuUY	MPREb_9WTYu1B834S	UC6hn0-8I1MGMzDYdVpugR1A	ym 2010s late mb albums p2
Everyday Is an Emergency	Julia Holter	Aviary	LIKE	fpVPddmoCa8	MPREb_9WTYu1B834S	UC6hn0-8I1MGMzDYdVpugR1A	ym 2010s late mb albums p2
Colligere	Julia Holter	Aviary	LIKE	LFT1Bb1Tu9w	MPREb_9WTYu1B834S	UC6hn0-8I1MGMzDYdVpugR1A	ym 2010s late mb albums p2
Silly Games	Joyce Manor	Million Dollars to Kill Me	LIKE	aogQGDWpC3I	MPREb_7Q5C4uJ6Rsq	UCHXBa0__dJZ9LbjOlp4udtA	ym 2010s late mb albums p2
Million Dollars To Kill Me	Joyce Manor	Million Dollars to Kill Me	LIKE	ty-8CtESvEY	MPREb_7Q5C4uJ6Rsq	UCHXBa0__dJZ9LbjOlp4udtA	ym 2010s late mb albums p2
Fighting Kangaroo	Joyce Manor	Million Dollars to Kill Me	LIKE	rIzR1jT_YRY	MPREb_7Q5C4uJ6Rsq	UCHXBa0__dJZ9LbjOlp4udtA	ym 2010s late mb albums p2
These Words Are Everything	Jonwayne	Rap Album Two	LIKE	TFWQNYCqt5o	MPREb_N18IGsWCF5k	UCvc5goRDzFHpP_n_ro2kNFA	ym 2010s late mb albums p2
The Single	Jonwayne	Rap Album Two	LIKE	DavFuZ0_-iU	MPREb_N18IGsWCF5k	UCvc5goRDzFHpP_n_ro2kNFA	ym 2010s late mb albums p2
TED Talk	Jonwayne	Rap Album Two	LIKE	IDyeGMrbogE	MPREb_N18IGsWCF5k	UCvc5goRDzFHpP_n_ro2kNFA	ym 2010s late mb albums p2
Paper (feat. Shango)	Jonwayne	Rap Album Two	LIKE	ioJChJnABkc	MPREb_N18IGsWCF5k	UCvc5goRDzFHpP_n_ro2kNFA	ym 2010s late mb albums p2
Hills (feat. Zeroh)	Jonwayne	Rap Album Two	LIKE	IoHOobNKkI0	MPREb_N18IGsWCF5k	UCvc5goRDzFHpP_n_ro2kNFA	ym 2010s late mb albums p2
Afraid of Us (feat. Zeroh)	Jonwayne	Rap Album Two	LIKE	RgEiuBYUoBY	MPREb_N18IGsWCF5k	UCvc5goRDzFHpP_n_ro2kNFA	ym 2010s late mb albums p2
Neon Pattern Drum	Jon Hopkins	Singularity	LIKE	dPV_bL_YOho	MPREb_0PK1Uql7ufV	UCpbWC9Xun4IM_28zH623-nw	ym 2010s late mb albums p2
Feel First Life	Jon Hopkins	Singularity	LIKE	EJCbSW-_IE8	MPREb_0PK1Uql7ufV	UCpbWC9Xun4IM_28zH623-nw	ym 2010s late mb albums p2
Everything Connected	Jon Hopkins	Singularity	LIKE	LcZxuhDV8co	MPREb_0PK1Uql7ufV	UCpbWC9Xun4IM_28zH623-nw	ym 2010s late mb albums p2
Emerald Rush	Jon Hopkins	Singularity	LIKE	zzwvuznsEJg	MPREb_0PK1Uql7ufV	UCpbWC9Xun4IM_28zH623-nw	ym 2010s late mb albums p2
C O S M	Jon Hopkins	Singularity	LIKE	nMTF-IocBi4	MPREb_0PK1Uql7ufV	UCpbWC9Xun4IM_28zH623-nw	ym 2010s late mb albums p2
New York Soul (Pt. ii)	Jon Bellion	The Human Condition	LIKE	g5Mj7jV-hw4	MPREb_3Q8Ufc0QMgP	UC7LwDo1k9K68iCmGhlfgjYw	ym 2010s late mb albums p2
He Is The Same	Jon Bellion	The Human Condition	LIKE	aOM-rnBGeo4	MPREb_3Q8Ufc0QMgP	UC7LwDo1k9K68iCmGhlfgjYw	ym 2010s late mb albums p2
Guillotine (feat. Travis Mendes)	Jon Bellion	The Human Condition	LIKE	58p4OTAP91c	MPREb_3Q8Ufc0QMgP	UC7LwDo1k9K68iCmGhlfgjYw	ym 2010s late mb albums p2
All Time Low	Jon Bellion	The Human Condition	LIKE	zLKkMRtXNvg	MPREb_3Q8Ufc0QMgP	UC7LwDo1k9K68iCmGhlfgjYw	ym 2010s late mb albums p2
YEAH RIGHT	Joji	BALLADS 1	LIKE	iRarH5OwV-Y	MPREb_EMUzictaCsc	UCXi-Rme73-wjVK5IE78a3SQ	ym 2010s late mb albums p2
WANTED U	Joji	BALLADS 1	LIKE	9tYM52XP1W0	MPREb_EMUzictaCsc	UCXi-Rme73-wjVK5IE78a3SQ	ym 2010s late mb albums p2
SLOW DANCING IN THE DARK	Joji	BALLADS 1	LIKE	4De_ERjvuUI	MPREb_EMUzictaCsc	UCXi-Rme73-wjVK5IE78a3SQ	ym 2010s late mb albums p2
CAN'T GET OVER YOU (feat. Clams Casino)	Joji	BALLADS 1	LIKE	fGVaPckAPoc	MPREb_EMUzictaCsc	UCXi-Rme73-wjVK5IE78a3SQ	ym 2010s late mb albums p2
When I Get to Heaven	John Prine	The Tree of Forgiveness	LIKE	S2Hz67jRmh4	MPREb_bN1DYB9obki	UClIcMOmbAI3puJ0jb37UbHw	ym 2010s late mb albums p2
Summer's End	John Prine	The Tree of Forgiveness	LIKE	M1Lx5rTx8pg	MPREb_bN1DYB9obki	UClIcMOmbAI3puJ0jb37UbHw	ym 2010s late mb albums p2
Lonesome Friends of Science	John Prine	The Tree of Forgiveness	LIKE	388Pbj3gz-M	MPREb_bN1DYB9obki	UClIcMOmbAI3puJ0jb37UbHw	ym 2010s late mb albums p2
Knockin' on Your Screen Door	John Prine	The Tree of Forgiveness	LIKE	miau_acOGp8	MPREb_bN1DYB9obki	UClIcMOmbAI3puJ0jb37UbHw	ym 2010s late mb albums p2
I Have Met My Love Today	John Prine	The Tree of Forgiveness	LIKE	aCmK1YJ5x1k	MPREb_bN1DYB9obki	UClIcMOmbAI3puJ0jb37UbHw	ym 2010s late mb albums p2
Egg & Daughter Nite, Lincoln Nebraska, 1967 (Crazy Bone)	John Prine	The Tree of Forgiveness	LIKE	iwN4SJY7HhU	MPREb_bN1DYB9obki	UClIcMOmbAI3puJ0jb37UbHw	ym 2010s late mb albums p2
Winners Circle (feat. Vic Mensa)	Joey Purp	iiiDrops	LIKE	7_DvxF7YF6w	MPREb_E7k4ToKZYro	UCFeqIIerlzSztjGlWyyrf0Q	ym 2010s late mb albums p2
Photobooth	Joey Purp	iiiDrops	LIKE	gC2fqjWdgOQ	MPREb_E7k4ToKZYro	UCFeqIIerlzSztjGlWyyrf0Q	ym 2010s late mb albums p2
Morning Sex	Joey Purp	iiiDrops	LIKE	gAZBH3X2-Jc	MPREb_E7k4ToKZYro	UCFeqIIerlzSztjGlWyyrf0Q	ym 2010s late mb albums p2
Money & Bitches (feat. Mick Jenkins)	Joey Purp	iiiDrops	LIKE	0EudhqFbay4	MPREb_E7k4ToKZYro	UCFeqIIerlzSztjGlWyyrf0Q	ym 2010s late mb albums p2
Godbody	Joey Purp	iiiDrops	LIKE	VJGb73SS6kg	MPREb_E7k4ToKZYro	UCFeqIIerlzSztjGlWyyrf0Q	ym 2010s late mb albums p2
Girls @ (feat. Chance the Rapper)	Joey Purp	iiiDrops	LIKE	_GKj88Hdrf8	MPREb_E7k4ToKZYro	UCFeqIIerlzSztjGlWyyrf0Q	ym 2010s late mb albums p2
Godbody (Pt. 2) (feat. RZA)	Joey Purp	QUARTERTHING	LIKE	ZSDyoFHMmSk	MPREb_CJg7kqkN4SM	UCFeqIIerlzSztjGlWyyrf0Q	ym 2010s late mb albums p2
TEMPTATION	Joey Bada$$	ALL-AMERIKKKAN BADA$$	LIKE	icDDnOeh8IE	MPREb_kc2Ccmqs31T	UCCQZCaEwq3-mc5pj8be31Uw	ym 2010s late mb albums p2
RING THE ALARM (feat. Nyck Caution, Kirk Knight & Meechy Darko)	Joey Bada$$	ALL-AMERIKKKAN BADA$$	LIKE	tHFQo1bRCCE	MPREb_kc2Ccmqs31T	UCCQZCaEwq3-mc5pj8be31Uw	ym 2010s late mb albums p2
LAND OF THE FREE	Joey Bada$$	ALL-AMERIKKKAN BADA$$	LIKE	3qfm0aFutNY	MPREb_kc2Ccmqs31T	UCCQZCaEwq3-mc5pj8be31Uw	ym 2010s late mb albums p2
BABYLON (feat. Chronixx)	Joey Bada$$	ALL-AMERIKKKAN BADA$$	LIKE	8qtTv0opFVU	MPREb_kc2Ccmqs31T	UCCQZCaEwq3-mc5pj8be31Uw	ym 2010s late mb albums p2
Goose Eggs	Joanna Newsom	Divers	LIKE	ApvyA7SEXHQ	MPREb_1lt28u388Et	UCxryNXM8TczaqTHPS3YtAbg	ym 2010s late mb albums p2
We Ain't Getting Any Younger Pt. 2	Jim James	Eternally Even	LIKE	gByF4IUO81c	MPREb_jRBnzSfJPuF	UChQ_avSMhf4xlnfayVLbQAQ	ym 2010s late mb albums p2
We Ain't Getting Any Younger Pt. 1	Jim James	Eternally Even	LIKE	-1ee4Nhmk88	MPREb_jRBnzSfJPuF	UChQ_avSMhf4xlnfayVLbQAQ	ym 2010s late mb albums p2
True Nature	Jim James	Eternally Even	LIKE	nfK7b6IoaIY	MPREb_jRBnzSfJPuF	UChQ_avSMhf4xlnfayVLbQAQ	ym 2010s late mb albums p2
The World's Smiling Now	Jim James	Eternally Even	LIKE	oFbK9VbhdGU	MPREb_jRBnzSfJPuF	UChQ_avSMhf4xlnfayVLbQAQ	ym 2010s late mb albums p2
Same Old Lie	Jim James	Eternally Even	LIKE	7vxge1gCFyE	MPREb_jRBnzSfJPuF	UChQ_avSMhf4xlnfayVLbQAQ	ym 2010s late mb albums p2
In The Moment	Jim James	Eternally Even	LIKE	uFq7buliSAs	MPREb_jRBnzSfJPuF	UChQ_avSMhf4xlnfayVLbQAQ	ym 2010s late mb albums p2
Hide In Plain Sight	Jim James	Eternally Even	LIKE	WLnk1FSRa2A	MPREb_jRBnzSfJPuF	UChQ_avSMhf4xlnfayVLbQAQ	ym 2010s late mb albums p2
Here In Spirit	Jim James	Eternally Even	LIKE	xMb879YuewE	MPREb_jRBnzSfJPuF	UChQ_avSMhf4xlnfayVLbQAQ	ym 2010s late mb albums p2
Silent Song	Jessica Pratt	Quiet Signs	LIKE	m6w9VdTYXC0	MPREb_zmbqHbyzHzY	UCOtAQMKsNu-FNswqYHQfv_g	ym 2010s late mb albums p2
Poly Blue	Jessica Pratt	Quiet Signs	LIKE	FPgTzaQf08M	MPREb_zmbqHbyzHzY	UCOtAQMKsNu-FNswqYHQfv_g	ym 2010s late mb albums p2
Opening Night	Jessica Pratt	Quiet Signs	LIKE	sK97DmoGOTM	MPREb_zmbqHbyzHzY	UCOtAQMKsNu-FNswqYHQfv_g	ym 2010s late mb albums p2
Fare Thee Well	Jessica Pratt	Quiet Signs	LIKE	HKbsktgq7Xc	MPREb_zmbqHbyzHzY	UCOtAQMKsNu-FNswqYHQfv_g	ym 2010s late mb albums p2
As the World Turns	Jessica Pratt	Quiet Signs	LIKE	n_WwHgLTIRA	MPREb_zmbqHbyzHzY	UCOtAQMKsNu-FNswqYHQfv_g	ym 2010s late mb albums p2
Zoom Out	Jerry Paper	Toon Time Raw!	LIKE	HaNwf69q5PU	MPREb_td3rXI6ZYqc	UC-fiA0gSpkSpk0uVMIO1S3Q	ym 2010s late mb albums p2
Kill the Dream	Jerry Paper	Toon Time Raw!	LIKE	Pp-FZkjryUw	MPREb_td3rXI6ZYqc	UC-fiA0gSpkSpk0uVMIO1S3Q	ym 2010s late mb albums p2
Ginger & Ruth	Jerry Paper	Toon Time Raw!	LIKE	6Bl2XqpH92o	MPREb_td3rXI6ZYqc	UC-fiA0gSpkSpk0uVMIO1S3Q	ym 2010s late mb albums p2
Comma for Cow	Jerry Paper	Toon Time Raw!	LIKE	Bhpiehti7a0	MPREb_td3rXI6ZYqc	UC-fiA0gSpkSpk0uVMIO1S3Q	ym 2010s late mb albums p2
Benny Knows	Jerry Paper	Toon Time Raw!	LIKE	PX6g3M7i25o	MPREb_td3rXI6ZYqc	UC-fiA0gSpkSpk0uVMIO1S3Q	ym 2010s late mb albums p2
oui	Jeremih	Late Nights: The Album	LIKE	Bd1Bxxqb-bM	MPREb_e30Q7v8DjFO	UC2mlBoe1tk4U3Ib8SzU5y2g	ym 2010s late mb albums p2
Worthy (feat. Jhené Aiko)	Jeremih	Late Nights: The Album	LIKE	8FH3TkGG_Kc	MPREb_e30Q7v8DjFO	UC2mlBoe1tk4U3Ib8SzU5y2g	ym 2010s late mb albums p2
Woosah (feat. Juicy J & Twista)	Jeremih	Late Nights: The Album	LIKE	p_5wI8aeAhs	MPREb_e30Q7v8DjFO	UC2mlBoe1tk4U3Ib8SzU5y2g	ym 2010s late mb albums p2
Royalty (feat. Future & Big Sean)	Jeremih	Late Nights: The Album	LIKE	PoD5ORaeAY4	MPREb_e30Q7v8DjFO	UC2mlBoe1tk4U3Ib8SzU5y2g	ym 2010s late mb albums p2
Planez (feat. J. Cole)	Jeremih	Late Nights: The Album	LIKE	1lJranbn4cY	MPREb_e30Q7v8DjFO	UC2mlBoe1tk4U3Ib8SzU5y2g	ym 2010s late mb albums p2
Paradise	Jeremih	Late Nights: The Album	LIKE	kGJmTzK0qnM	MPREb_e30Q7v8DjFO	UC2mlBoe1tk4U3Ib8SzU5y2g	ym 2010s late mb albums p2
I Did (feat. Feather)	Jeremih	Late Nights: The Album	LIKE	T4OUh_11aR0	MPREb_e30Q7v8DjFO	UC2mlBoe1tk4U3Ib8SzU5y2g	ym 2010s late mb albums p2
Don't Tell 'Em (feat. YG)	Jeremih	Late Nights: The Album	LIKE	-6PlJw7mkEA	MPREb_e30Q7v8DjFO	UC2mlBoe1tk4U3Ib8SzU5y2g	ym 2010s late mb albums p2
Heads Gonna Roll	Jenny Lewis	On the Line	LIKE	kXOrxUo2JVw	MPREb_mSqPNESiekd	UC7R22B-9-djgTvLltY2_ndw	ym 2010s late mb albums p2
Lions (feat. Vivian Wang)	Jenny Hval	The Practice of Love	LIKE	UGgd_FTyB_M	MPREb_ewyWtfgPc1y	UCit3CjvRec9TD8YV9FYAeiQ	ym 2010s late mb albums p2
Some Birds	Jeff Tweedy	WARM	LIKE	tnWS5lfPm64	MPREb_4oLKJPbF3Yz	UCBTNjh7tNSvoOwEvYeqWY0g	ym 2010s late mb albums p2
Let's Go Rain	Jeff Tweedy	WARM	LIKE	n03T_ZPwBL8	MPREb_4oLKJPbF3Yz	UCBTNjh7tNSvoOwEvYeqWY0g	ym 2010s late mb albums p2
I Know What It's Like	Jeff Tweedy	WARM	LIKE	OscdcI_mlIw	MPREb_4oLKJPbF3Yz	UCBTNjh7tNSvoOwEvYeqWY0g	ym 2010s late mb albums p2
How Will I Find You?	Jeff Tweedy	WARM	LIKE	cCcb_VXxJJw	MPREb_4oLKJPbF3Yz	UCBTNjh7tNSvoOwEvYeqWY0g	ym 2010s late mb albums p2
Having Been Is No Way To Be	Jeff Tweedy	WARM	LIKE	3sQ4WVNs5io	MPREb_4oLKJPbF3Yz	UCBTNjh7tNSvoOwEvYeqWY0g	ym 2010s late mb albums p2
Festival Song	Jeff Rosenstock	WORRY.	LIKE	K07FVkBCRnQ	MPREb_9opeI5gitRW	UCdl6UCOMMGQFJeEJDMgeCNg	ym 2010s late mb albums p2
Yr Throat	Jeff Rosenstock	POST-	LIKE	0ner4MDCFGI	MPREb_QM10Sy4XWqI	UCdl6UCOMMGQFJeEJDMgeCNg	ym 2010s late mb albums p2
USA	Jeff Rosenstock	POST-	LIKE	Vt2iI6lZ6jQ	MPREb_QM10Sy4XWqI	UCdl6UCOMMGQFJeEJDMgeCNg	ym 2010s late mb albums p2
All This Useless Energy	Jeff Rosenstock	POST-	LIKE	ewYSTxaOFgE	MPREb_QM10Sy4XWqI	UCdl6UCOMMGQFJeEJDMgeCNg	ym 2010s late mb albums p2
9/10	Jeff Rosenstock	POST-	LIKE	ZmW4kCwo4y8	MPREb_QM10Sy4XWqI	UCdl6UCOMMGQFJeEJDMgeCNg	ym 2010s late mb albums p2
What You Wanna Do	Jean Tonique	You	LIKE	WerpdSG3kRA	MPREb_DDqBhKP4mle	UCy90bsigneFGPyytimvLA6Q	ym 2010s late mb albums p2
Guest (feat. Iris)	Jean Tonique	You	LIKE	p7Cv-GNewx4	MPREb_DDqBhKP4mle	UCy90bsigneFGPyytimvLA6Q	ym 2010s late mb albums p2
Baybee	Jay Som	Everybody Works	LIKE	NpnMblFoIas	MPREb_105mlZ4hoy0	UCB6eCRKAviZpWJ-jenVRoPQ	ym 2010s late mb albums p2
Tenderness	Jay Som	Anak Ko	LIKE	0pOxW6jhcyo	MPREb_76gOvxqeWW1	UCB6eCRKAviZpWJ-jenVRoPQ	ym 2010s late mb albums p2
Superbike	Jay Som	Anak Ko	LIKE	ur6F56Dtz1M	MPREb_76gOvxqeWW1	UCB6eCRKAviZpWJ-jenVRoPQ	ym 2010s late mb albums p2
If You Want It	Jay Som	Anak Ko	LIKE	5rRCW3bUatk	MPREb_76gOvxqeWW1	UCB6eCRKAviZpWJ-jenVRoPQ	ym 2010s late mb albums p2
Wow Freestyle (feat. Kendrick Lamar)	Jay Rock	Redemption	LIKE	IxCBDijMMwk	MPREb_CEAWiycIEk8	UCiKRoVXKO9Fzrjo4eO-XDDQ	ym 2010s late mb albums p2
WIN	Jay Rock	Redemption	LIKE	oT_SmwxVfwE	MPREb_CEAWiycIEk8	UCiKRoVXKO9Fzrjo4eO-XDDQ	ym 2010s late mb albums p2
The Other Side (feat. Mozzy & DCMBR)	Jay Rock	Redemption	LIKE	XrvZc_WKras	MPREb_CEAWiycIEk8	UCiKRoVXKO9Fzrjo4eO-XDDQ	ym 2010s late mb albums p2
Tap Out (feat. Jeremih)	Jay Rock	Redemption	LIKE	07isTZR1_nU	MPREb_CEAWiycIEk8	UCiKRoVXKO9Fzrjo4eO-XDDQ	ym 2010s late mb albums p2
Shit Real (feat. Tee Grizzley)	Jay Rock	Redemption	LIKE	n_neBfxtuIA	MPREb_CEAWiycIEk8	UCiKRoVXKO9Fzrjo4eO-XDDQ	ym 2010s late mb albums p2
OSOM (feat. J. Cole)	Jay Rock	Redemption	LIKE	oiGJJMqhet8	MPREb_CEAWiycIEk8	UCiKRoVXKO9Fzrjo4eO-XDDQ	ym 2010s late mb albums p2
King's Dead (feat. Future)	Jay Rock	Redemption	LIKE	2lAcWFxxH9s	MPREb_CEAWiycIEk8	UCiKRoVXKO9Fzrjo4eO-XDDQ	ym 2010s late mb albums p2
For What It's Worth	Jay Rock	Redemption	LIKE	Ku3dJGM-CwY	MPREb_CEAWiycIEk8	UCiKRoVXKO9Fzrjo4eO-XDDQ	ym 2010s late mb albums p2
Vice City (feat. Black Hippy)	Jay Rock	90059	LIKE	6kFvIywQkv0	MPREb_Yi8j9v4e50I	UCiKRoVXKO9Fzrjo4eO-XDDQ	ym 2010s late mb albums p2
Gumbo	Jay Rock	90059	LIKE	MUmDBVay3zQ	MPREb_Yi8j9v4e50I	UCiKRoVXKO9Fzrjo4eO-XDDQ	ym 2010s late mb albums p2
Easy Bake (feat. Kendrick Lamar & SZA)	Jay Rock	90059	LIKE	v9zpKl3w1YI	MPREb_Yi8j9v4e50I	UCiKRoVXKO9Fzrjo4eO-XDDQ	ym 2010s late mb albums p2
We Declare	Jason Lovins Band	Good Morning Glory	LIKE	AMTj0LiZ8gA	MPREb_c6oQ3eNtfwk	UCfSDiFp8M3Ddok7YedvL0wA	ym 2010s late mb albums p2
Turnaround	Jason Lovins Band	Good Morning Glory	LIKE	PyLclHizAS0	MPREb_c6oQ3eNtfwk	UCfSDiFp8M3Ddok7YedvL0wA	ym 2010s late mb albums p2
This We Do	Jason Lovins Band	Good Morning Glory	LIKE	CongUBaJ7uc	MPREb_c6oQ3eNtfwk	UCfSDiFp8M3Ddok7YedvL0wA	ym 2010s late mb albums p2
Rise and Shine	Jason Lovins Band	Good Morning Glory	LIKE	80HJjnrJ8S0	MPREb_c6oQ3eNtfwk	UCfSDiFp8M3Ddok7YedvL0wA	ym 2010s late mb albums p2
Jesus Is Coming	Jason Lovins Band	Good Morning Glory	LIKE	le5I4PFSz38	MPREb_c6oQ3eNtfwk	UCfSDiFp8M3Ddok7YedvL0wA	ym 2010s late mb albums p2
Houston	Jason Lovins Band	Good Morning Glory	LIKE	2qT5qvhHrus	MPREb_c6oQ3eNtfwk	UCfSDiFp8M3Ddok7YedvL0wA	ym 2010s late mb albums p2
Good Thing	Jason Lovins Band	Good Morning Glory	LIKE	4wo8bzXwHw8	MPREb_c6oQ3eNtfwk	UCfSDiFp8M3Ddok7YedvL0wA	ym 2010s late mb albums p2
From a Great Height	Jason Lovins Band	Good Morning Glory	LIKE	ysWOSZ_-wrs	MPREb_c6oQ3eNtfwk	UCfSDiFp8M3Ddok7YedvL0wA	ym 2010s late mb albums p2
This House	Japanese Breakfast	Soft Sounds from Another Planet	LIKE	vC9Or78q9Ac	MPREb_YZhs1xfEIqk	UCYgfTCJgqA23D29kxRIRgLQ	ym 2010s late mb albums p2
The Body Is a Blade	Japanese Breakfast	Soft Sounds from Another Planet	LIKE	WOUHk-0VZ8Y	MPREb_YZhs1xfEIqk	UCYgfTCJgqA23D29kxRIRgLQ	ym 2010s late mb albums p2
Soft Sounds from Another Planet	Japanese Breakfast	Soft Sounds from Another Planet	LIKE	MiOGtssMuFw	MPREb_YZhs1xfEIqk	UCYgfTCJgqA23D29kxRIRgLQ	ym 2010s late mb albums p2
Green Wine	Janus Rasmussen	Vín	LIKE	E-h65IBiwS4	MPREb_pRr2al0jzqG	UCO82KRM_tkbkFPBfn8gossg	ym 2010s late mb albums p2
Make Me Feel	Janelle Monáe	Dirty Computer	LIKE	18k1LJX4DjA	MPREb_7YAlkwlDGxF	UCrNIFgOKG5quy6NeSRiwmog	ym 2010s late mb albums p2
I Like That	Janelle Monáe	Dirty Computer	LIKE	hj0-tIwou6g	MPREb_7YAlkwlDGxF	UCrNIFgOKG5quy6NeSRiwmog	ym 2010s late mb albums p2
I Got the Juice (feat. Pharrell Williams)	Janelle Monáe	Dirty Computer	LIKE	_WJK5D23904	MPREb_7YAlkwlDGxF	UCrNIFgOKG5quy6NeSRiwmog	ym 2010s late mb albums p2
Don't Judge Me	Janelle Monáe	Dirty Computer	LIKE	1hQci0u46E0	MPREb_7YAlkwlDGxF	UCrNIFgOKG5quy6NeSRiwmog	ym 2010s late mb albums p2
Dirty Computer (feat. Brian Wilson)	Janelle Monáe	Dirty Computer	LIKE	4wZx5tYE4-Q	MPREb_7YAlkwlDGxF	UCrNIFgOKG5quy6NeSRiwmog	ym 2010s late mb albums p2
ZORA	Jamila Woods	LEGACY! LEGACY!	LIKE	Ktc8cqU72Tc	MPREb_OqrFUDSGyLD	UCzp9uQBtpFE85AGwCxe94uA	ym 2010s late mb albums p2
SUN RA	Jamila Woods	LEGACY! LEGACY!	LIKE	0qwU0fnGYEs	MPREb_OqrFUDSGyLD	UCzp9uQBtpFE85AGwCxe94uA	ym 2010s late mb albums p2
OCTAVIA	Jamila Woods	LEGACY! LEGACY!	LIKE	IdzG9T2o5eQ	MPREb_OqrFUDSGyLD	UCzp9uQBtpFE85AGwCxe94uA	ym 2010s late mb albums p2
MILES	Jamila Woods	LEGACY! LEGACY!	LIKE	wYSywnYDQZ0	MPREb_OqrFUDSGyLD	UCzp9uQBtpFE85AGwCxe94uA	ym 2010s late mb albums p2
GIOVANNI	Jamila Woods	LEGACY! LEGACY!	LIKE	z9lUbT6QSG0	MPREb_OqrFUDSGyLD	UCzp9uQBtpFE85AGwCxe94uA	ym 2010s late mb albums p2
FRIDA	Jamila Woods	LEGACY! LEGACY!	LIKE	55W2w6lupgk	MPREb_OqrFUDSGyLD	UCzp9uQBtpFE85AGwCxe94uA	ym 2010s late mb albums p2
EARTHA	Jamila Woods	LEGACY! LEGACY!	LIKE	qMZEtOv73hQ	MPREb_OqrFUDSGyLD	UCzp9uQBtpFE85AGwCxe94uA	ym 2010s late mb albums p2
BETTY	Jamila Woods	LEGACY! LEGACY!	LIKE	qUXtB07bnd8	MPREb_OqrFUDSGyLD	UCzp9uQBtpFE85AGwCxe94uA	ym 2010s late mb albums p2
BASQUIAT	Jamila Woods	LEGACY! LEGACY!	LIKE	XezEKGO7Tys	MPREb_OqrFUDSGyLD	UCzp9uQBtpFE85AGwCxe94uA	ym 2010s late mb albums p2
Stellar	Jamila Woods	HEAVN	LIKE	WLESJFwBF0g	MPREb_3IMldBgR6BF	UCzp9uQBtpFE85AGwCxe94uA	ym 2010s late mb albums p2
Popsicle (Interlude)	Jamila Woods	HEAVN	LIKE	lOb--BZJ7Pw	MPREb_3IMldBgR6BF	UCzp9uQBtpFE85AGwCxe94uA	ym 2010s late mb albums p2
Lonely (feat. Lorine Chia)	Jamila Woods	HEAVN	LIKE	UFhnqD6zrlw	MPREb_3IMldBgR6BF	UCzp9uQBtpFE85AGwCxe94uA	ym 2010s late mb albums p2
Lately	Jamila Woods	HEAVN	LIKE	PGfHLyyJVzg	MPREb_3IMldBgR6BF	UCzp9uQBtpFE85AGwCxe94uA	ym 2010s late mb albums p2
HEAVN	Jamila Woods	HEAVN	LIKE	ztpJjc_d9kI	MPREb_3IMldBgR6BF	UCzp9uQBtpFE85AGwCxe94uA	ym 2010s late mb albums p2
Eve (Interlude)	Jamila Woods	HEAVN	LIKE	dUvSL-sQ2pc	MPREb_3IMldBgR6BF	UCzp9uQBtpFE85AGwCxe94uA	ym 2010s late mb albums p2
Assata’s Daughters (Interlude)	Jamila Woods	HEAVN	LIKE	Y0Wb-UZI_-o	MPREb_3IMldBgR6BF	UCzp9uQBtpFE85AGwCxe94uA	ym 2010s late mb albums p2
Always Loving (Interlude)	Jamila Woods	HEAVN	LIKE	XIsCkJ1RX7c	MPREb_3IMldBgR6BF	UCzp9uQBtpFE85AGwCxe94uA	ym 2010s late mb albums p2
The Rest Is Noise	Jamie xx	In Colour	LIKE	Rx2LlhJaQ8M	MPREb_9l5dKNHnNya	UCUIRrvexIhgFsdjRucxhQ5w	ym 2010s late mb albums p2
Sleep Sound	Jamie xx	In Colour	LIKE	2lgbbCBsjOk	MPREb_9l5dKNHnNya	UCUIRrvexIhgFsdjRucxhQ5w	ym 2010s late mb albums p2
Obvs	Jamie xx	In Colour	LIKE	VxwWcJa0Yo8	MPREb_9l5dKNHnNya	UCUIRrvexIhgFsdjRucxhQ5w	ym 2010s late mb albums p2
Loud Places (feat. Romy)	Jamie xx	In Colour	LIKE	iIbncNntl7g	MPREb_9l5dKNHnNya	UCUIRrvexIhgFsdjRucxhQ5w	ym 2010s late mb albums p2
I Know There's Gonna Be (Good Times) (feat. Young Thug & Popcaan)	Jamie xx	In Colour	LIKE	453bDIcJjbc	MPREb_9l5dKNHnNya	UCUIRrvexIhgFsdjRucxhQ5w	ym 2010s late mb albums p2
Gosh (feat. MC Moose)	Jamie xx	In Colour	LIKE	fyZ8aCHuN-8	MPREb_9l5dKNHnNya	UCUIRrvexIhgFsdjRucxhQ5w	ym 2010s late mb albums p2
Girl	Jamie xx	In Colour	LIKE	wmajtssmBp0	MPREb_9l5dKNHnNya	UCUIRrvexIhgFsdjRucxhQ5w	ym 2010s late mb albums p2
Timeless	James Blake	The Colour In Anything	LIKE	wPUlvW-ezWo	MPREb_4LBkxEG6W1T	UCx90L12QXzc18AGYFRof-EA	ym 2010s late mb albums p2
Radio Silence	James Blake	The Colour In Anything	LIKE	HdsuYBDIjzU	MPREb_4LBkxEG6W1T	UCx90L12QXzc18AGYFRof-EA	ym 2010s late mb albums p2
Put That Away And Talk To Me	James Blake	The Colour In Anything	LIKE	feYEDjgdI1o	MPREb_4LBkxEG6W1T	UCx90L12QXzc18AGYFRof-EA	ym 2010s late mb albums p2
Noise Above Our Heads	James Blake	The Colour In Anything	LIKE	lftsPLEsjM8	MPREb_4LBkxEG6W1T	UCx90L12QXzc18AGYFRof-EA	ym 2010s late mb albums p2
Love Me In Whatever Way	James Blake	The Colour In Anything	LIKE	iUIVMIMEaQg	MPREb_4LBkxEG6W1T	UCx90L12QXzc18AGYFRof-EA	ym 2010s late mb albums p2
I Need A Forest Fire (feat. Bon Iver)	James Blake	The Colour In Anything	LIKE	LGPNEsr0MtI	MPREb_4LBkxEG6W1T	UCx90L12QXzc18AGYFRof-EA	ym 2010s late mb albums p2
Where's The Catch? (feat. André 3000)	James Blake	Assume Form	LIKE	IPEtKU6pq40	MPREb_6RJBC33OP9b	UCx90L12QXzc18AGYFRof-EA	ym 2010s late mb albums p2
Tell Them (feat. Moses Sumney & Metro Boomin)	James Blake	Assume Form	LIKE	ND06g5JTm4s	MPREb_6RJBC33OP9b	UCx90L12QXzc18AGYFRof-EA	ym 2010s late mb albums p2
Mile High (feat. Travis Scott & Metro Boomin)	James Blake	Assume Form	LIKE	SXrA6_66M1M	MPREb_6RJBC33OP9b	UCx90L12QXzc18AGYFRof-EA	ym 2010s late mb albums p2
I'll Come Too	James Blake	Assume Form	LIKE	DnN_iullRf8	MPREb_6RJBC33OP9b	UCx90L12QXzc18AGYFRof-EA	ym 2010s late mb albums p2
Can't Believe The Way We Flow	James Blake	Assume Form	LIKE	dFHhCCJVUE0	MPREb_6RJBC33OP9b	UCx90L12QXzc18AGYFRof-EA	ym 2010s late mb albums p2
Barefoot In The Park (feat. ROSALÍA)	James Blake	Assume Form	LIKE	vLPQujE_qc8	MPREb_6RJBC33OP9b	UCx90L12QXzc18AGYFRof-EA	ym 2010s late mb albums p2
Are You In Love?	James Blake	Assume Form	LIKE	1xBjZdnNfHQ	MPREb_6RJBC33OP9b	UCx90L12QXzc18AGYFRof-EA	ym 2010s late mb albums p2
raw beat (Unfinished)	Jai Paul	Leak 04-13 (Bait Ones)	LIKE	M6eH21XEF14	MPREb_st769M2B03C	UCnAysa-bmqQN4g_csowns0Q	ym 2010s late mb albums p2
garden of paradise (Instrumental, Unfinished)	Jai Paul	Leak 04-13 (Bait Ones)	LIKE	JBJqbBSNrGw	MPREb_st769M2B03C	UCnAysa-bmqQN4g_csowns0Q	ym 2010s late mb albums p2
chix (Unfinished)	Jai Paul	Leak 04-13 (Bait Ones)	LIKE	CwxpRjy7LnA	MPREb_st769M2B03C	UCnAysa-bmqQN4g_csowns0Q	ym 2010s late mb albums p2
baby beat (Unfinished)	Jai Paul	Leak 04-13 (Bait Ones)	LIKE	rcNNiuGkHlk	MPREb_st769M2B03C	UCnAysa-bmqQN4g_csowns0Q	ym 2010s late mb albums p2
Zion Wolf Theme (Unfinished)	Jai Paul	Leak 04-13 (Bait Ones)	LIKE	aC5WsYKMWeA	MPREb_st769M2B03C	UCnAysa-bmqQN4g_csowns0Q	ym 2010s late mb albums p2
Vibin' (Unfinished)	Jai Paul	Leak 04-13 (Bait Ones)	LIKE	jjWEvFBcLv0	MPREb_st769M2B03C	UCnAysa-bmqQN4g_csowns0Q	ym 2010s late mb albums p2
Str8 Outta Mumbai	Jai Paul	Leak 04-13 (Bait Ones)	LIKE	4NUjCcHbUjo	MPREb_st769M2B03C	UCnAysa-bmqQN4g_csowns0Q	ym 2010s late mb albums p2
Jasmine (Demo)	Jai Paul	Leak 04-13 (Bait Ones)	LIKE	KWsBs84YsYs	MPREb_st769M2B03C	UCnAysa-bmqQN4g_csowns0Q	ym 2010s late mb albums p2
Crush (Unfinished)	Jai Paul	Leak 04-13 (Bait Ones)	LIKE	KvHYFl0kqIk	MPREb_st769M2B03C	UCnAysa-bmqQN4g_csowns0Q	ym 2010s late mb albums p2
BTSTU (Demo)	Jai Paul	Leak 04-13 (Bait Ones)	LIKE	y7gp9MyAnkc	MPREb_st769M2B03C	UCnAysa-bmqQN4g_csowns0Q	ym 2010s late mb albums p2
All Night (Unfinished)	Jai Paul	Leak 04-13 (Bait Ones)	LIKE	mmR90h3mMTU	MPREb_st769M2B03C	UCnAysa-bmqQN4g_csowns0Q	ym 2010s late mb albums p2
Zorah Come Home	Jadu Heart	Melt Away	LIKE	5q7ay8n4qIk	MPREb_mWgLeEStjMk	UCTDWwLtRNaKgm-ih1e72d8w	ym 2010s late mb albums p2
I'm a Kid	Jadu Heart	Melt Away	LIKE	ZSMXHOItx0U	MPREb_mWgLeEStjMk	UCTDWwLtRNaKgm-ih1e72d8w	ym 2010s late mb albums p2
You See All My Light	Jacques Greene	Feel Infinite	LIKE	Hx02DjP3WQw	MPREb_iHrOhCuzHz7	UCe8iUza1vwtLe2IsT2sfXlQ	ym 2010s late mb albums p2
You Can't Deny	Jacques Greene	Feel Infinite	LIKE	q3nUNmFGZds	MPREb_iHrOhCuzHz7	UCe8iUza1vwtLe2IsT2sfXlQ	ym 2010s late mb albums p2
To Say	Jacques Greene	Feel Infinite	LIKE	jBomKSJRnOc	MPREb_iHrOhCuzHz7	UCe8iUza1vwtLe2IsT2sfXlQ	ym 2010s late mb albums p2
TRUE (feat. How To Dress Well)	Jacques Greene	Feel Infinite	LIKE	e8yZ68MsGO0	MPREb_iHrOhCuzHz7	UCe8iUza1vwtLe2IsT2sfXlQ	ym 2010s late mb albums p2
Real Time	Jacques Greene	Feel Infinite	LIKE	1QS9sqykNOE	MPREb_iHrOhCuzHz7	UCe8iUza1vwtLe2IsT2sfXlQ	ym 2010s late mb albums p2
I Won't Judge	Jacques Greene	Feel Infinite	LIKE	oQ9SsvIMRi4	MPREb_iHrOhCuzHz7	UCe8iUza1vwtLe2IsT2sfXlQ	ym 2010s late mb albums p2
Feel Infinite	Jacques Greene	Feel Infinite	LIKE	vsdYe4xRtDQ	MPREb_iHrOhCuzHz7	UCe8iUza1vwtLe2IsT2sfXlQ	ym 2010s late mb albums p2
Fall	Jacques Greene	Feel Infinite	LIKE	SCl4rGdb0Rc	MPREb_iHrOhCuzHz7	UCe8iUza1vwtLe2IsT2sfXlQ	ym 2010s late mb albums p2
Dundas Collapse	Jacques Greene	Feel Infinite	LIKE	7mB_llO_Vjs	MPREb_iHrOhCuzHz7	UCe8iUza1vwtLe2IsT2sfXlQ	ym 2010s late mb albums p2
Cycles	Jacques Greene	Feel Infinite	LIKE	GdtI_CyK0aE	MPREb_iHrOhCuzHz7	UCe8iUza1vwtLe2IsT2sfXlQ	ym 2010s late mb albums p2
Afterglow	Jacques Greene	Feel Infinite	LIKE	W5F2btW3Hg8	MPREb_iHrOhCuzHz7	UCe8iUza1vwtLe2IsT2sfXlQ	ym 2010s late mb albums p2
Whenever	Jacques Greene	Dawn Chorus	LIKE	EthdLglxkL0	MPREb_PJEYzrDoTLk	UCe8iUza1vwtLe2IsT2sfXlQ	ym 2010s late mb albums p2
Sibling	Jacques Greene	Dawn Chorus	LIKE	dX_e6zFXx30	MPREb_PJEYzrDoTLk	UCe8iUza1vwtLe2IsT2sfXlQ	ym 2010s late mb albums p2
Serenity	Jacques Greene	Dawn Chorus	LIKE	n0XlZCzy6Dg	MPREb_PJEYzrDoTLk	UCe8iUza1vwtLe2IsT2sfXlQ	ym 2010s late mb albums p2
Sel	Jacques Greene	Dawn Chorus	LIKE	Fj8TqTnzvGI	MPREb_PJEYzrDoTLk	UCe8iUza1vwtLe2IsT2sfXlQ	ym 2010s late mb albums p2
For Love	Jacques Greene	Dawn Chorus	LIKE	Im4hCJu6FeM	MPREb_PJEYzrDoTLk	UCe8iUza1vwtLe2IsT2sfXlQ	ym 2010s late mb albums p2
Drop Location	Jacques Greene	Dawn Chorus	LIKE	HCsQH7N57f0	MPREb_PJEYzrDoTLk	UCe8iUza1vwtLe2IsT2sfXlQ	ym 2010s late mb albums p2
Do It Without You	Jacques Greene	Dawn Chorus	LIKE	V9pBcwpTLBk	MPREb_PJEYzrDoTLk	UCe8iUza1vwtLe2IsT2sfXlQ	ym 2010s late mb albums p2
To Ü (feat. Aluna)	Jack Ü	Skrillex and Diplo present Jack Ü	LIKE	xK0-qPQ_hk0	MPREb_FSinYejkLSt	UCUdWCvEitovExLOcGP11pHg	ym 2010s late mb albums p2
Why Walk a Dog?	Jack White	Boarding House Reach	LIKE	1ZQiwUQldTM	MPREb_eittiqBBnQM	UCL5YsYJMZ-S5SU4_RQOWEPw	ym 2010s late mb albums p2
Respect Commander	Jack White	Boarding House Reach	LIKE	4LfCqTS2CGU	MPREb_eittiqBBnQM	UCL5YsYJMZ-S5SU4_RQOWEPw	ym 2010s late mb albums p2
Over and Over and Over	Jack White	Boarding House Reach	LIKE	7xGmz6Bz5J8	MPREb_eittiqBBnQM	UCL5YsYJMZ-S5SU4_RQOWEPw	ym 2010s late mb albums p2
Hypermisophoniac	Jack White	Boarding House Reach	LIKE	ykzun_8eZ0E	MPREb_eittiqBBnQM	UCL5YsYJMZ-S5SU4_RQOWEPw	ym 2010s late mb albums p2
Gather	Jack Johnson	All The Light Above It Too	LIKE	4gRjKsMJ-WI	MPREb_m14mGQywwwt	UCRa17gWCZmdxEymLdXQhj9A	ym 2010s late mb albums p2
SS Anne	JVXTA	Orange Islands	LIKE	Xr6iGO06vL0	MPREb_7nMURU9S8gO	UCtYu2uJBVkEZ1-uAWlno-zA	ym 2010s late mb albums p2
1539 N. Calvert	JPEGMAFIA	Veteran: Director's Cut	LIKE	wHDWMj8fbzQ	MPREb_rrDHFx9LlmL	UC2FdkU6QNOTlKRsICUaJ4Kw	ym 2010s late mb albums p2
Post Verified Lifestyle	JPEGMAFIA	All My Heroes Are Cornballs	LIKE	xGjFq6ZOVgY	MPREb_2UPhPKBeM3p	UC2FdkU6QNOTlKRsICUaJ4Kw	ym 2010s late mb albums p2
Papi I Missed U	JPEGMAFIA	All My Heroes Are Cornballs	LIKE	9kXLaKO8l6E	MPREb_2UPhPKBeM3p	UC2FdkU6QNOTlKRsICUaJ4Kw	ym 2010s late mb albums p2
PTSD	JPEGMAFIA	All My Heroes Are Cornballs	LIKE	TWljD_OvWc4	MPREb_2UPhPKBeM3p	UC2FdkU6QNOTlKRsICUaJ4Kw	ym 2010s late mb albums p2
Power	JMSN	It is.	LIKE	f1hCFoo4B6s	MPREb_MmaTCyGEE0n	UC4G9cMy1Ucbz9KPBH1jj7Ng	ym 2010s late mb albums p2
Most Of All (Single Version)	JMSN	It is.	LIKE	H2fhPWSJozA	MPREb_MmaTCyGEE0n	UC4G9cMy1Ucbz9KPBH1jj7Ng	ym 2010s late mb albums p2
Good Ol' Case Of The Blues	JMSN	It is.	LIKE	FbKPQOEJhqk	MPREb_MmaTCyGEE0n	UC4G9cMy1Ucbz9KPBH1jj7Ng	ym 2010s late mb albums p2
Fuck U	JMSN	It is.	LIKE	H6qcO8vO3XQ	MPREb_MmaTCyGEE0n	UC4G9cMy1Ucbz9KPBH1jj7Ng	ym 2010s late mb albums p2
Cruel Intentions	JMSN	It is.	LIKE	UiosEAD88ww	MPREb_MmaTCyGEE0n	UC4G9cMy1Ucbz9KPBH1jj7Ng	ym 2010s late mb albums p2
Be A Man Pt. 2	JMSN	It is.	LIKE	_G2rNZnsMAg	MPREb_MmaTCyGEE0n	UC4G9cMy1Ucbz9KPBH1jj7Ng	ym 2010s late mb albums p2
Be A Man (Single Version)	JMSN	It is.	LIKE	rx8xjJybsks	MPREb_MmaTCyGEE0n	UC4G9cMy1Ucbz9KPBH1jj7Ng	ym 2010s late mb albums p2
EdEddnEddy	JID	The Never Story	LIKE	2BYqLgxoZRI	MPREb_JGTg5Ln5iPH	UCRlGNubLJBgW9VRCuiUnuYw	ym 2010s late mb albums p2
Workin Out	JID	DiCaprio 2	LIKE	Dmt7S66ulGc	MPREb_HmaiYfeL94i	UCRlGNubLJBgW9VRCuiUnuYw	ym 2010s late mb albums p2
Slick Talk	JID	DiCaprio 2	LIKE	ejz7g3eeyKQ	MPREb_HmaiYfeL94i	UCRlGNubLJBgW9VRCuiUnuYw	ym 2010s late mb albums p2
Skrawberries (feat. BJ The Chicago Kid)	JID	DiCaprio 2	LIKE	YoDhRFob06c	MPREb_HmaiYfeL94i	UCRlGNubLJBgW9VRCuiUnuYw	ym 2010s late mb albums p2
Off Deez	JID	DiCaprio 2	LIKE	T7TE2SegVWw	MPREb_HmaiYfeL94i	UCRlGNubLJBgW9VRCuiUnuYw	ym 2010s late mb albums p2
Off Da Zoinkys	JID	DiCaprio 2	LIKE	6QTYQ5Mof3s	MPREb_HmaiYfeL94i	UCRlGNubLJBgW9VRCuiUnuYw	ym 2010s late mb albums p2
Hot Box (feat. Method Man & Joey Bada$$)	JID	DiCaprio 2	LIKE	sXyUoY2lGK0	MPREb_HmaiYfeL94i	UCRlGNubLJBgW9VRCuiUnuYw	ym 2010s late mb albums p2
The Story of O.J.	JAŸ-Z	4:44	LIKE	JRW5TbVApFw	MPREb_KbfUSj7oM2A	UCbJG1HvzgzaMe_15xfiUyWw	ym 2010s late mb albums p2
Motiv8	J. Cole	KOD	LIKE	2hMy0rnHQv0	MPREb_6qBdj7sVEeJ	UC0ajkOzj8xE3Gs3LHCE243A	ym 2010s late mb albums p2
Kevin’s Heart	J. Cole	KOD	LIKE	MVjPK_YxSII	MPREb_6qBdj7sVEeJ	UC0ajkOzj8xE3Gs3LHCE243A	ym 2010s late mb albums p2
KOD	J. Cole	KOD	LIKE	ciya_AQu25o	MPREb_6qBdj7sVEeJ	UC0ajkOzj8xE3Gs3LHCE243A	ym 2010s late mb albums p2
BRACKETS	J. Cole	KOD	LIKE	Fbx-C6IqFJ8	MPREb_6qBdj7sVEeJ	UC0ajkOzj8xE3Gs3LHCE243A	ym 2010s late mb albums p2
Neighbors	J. Cole	4 Your Eyez Only	LIKE	n43lYEko41c	MPREb_W5dnW0IWbjr	UC0ajkOzj8xE3Gs3LHCE243A	ym 2010s late mb albums p2
Immortal	J. Cole	4 Your Eyez Only	LIKE	VrRAPuP4M60	MPREb_W5dnW0IWbjr	UC0ajkOzj8xE3Gs3LHCE243A	ym 2010s late mb albums p2
For Whom The Bell Tolls	J. Cole	4 Your Eyez Only	LIKE	3y28Xw7rjmM	MPREb_W5dnW0IWbjr	UC0ajkOzj8xE3Gs3LHCE243A	ym 2010s late mb albums p2
Deja Vu	J. Cole	4 Your Eyez Only	LIKE	-e2j4Dh85F0	MPREb_W5dnW0IWbjr	UC0ajkOzj8xE3Gs3LHCE243A	ym 2010s late mb albums p2
Change	J. Cole	4 Your Eyez Only	LIKE	y237UddUn7c	MPREb_W5dnW0IWbjr	UC0ajkOzj8xE3Gs3LHCE243A	ym 2010s late mb albums p2
4 Your Eyez Only	J. Cole	4 Your Eyez Only	LIKE	mgIk98foFOU	MPREb_W5dnW0IWbjr	UC0ajkOzj8xE3Gs3LHCE243A	ym 2010s late mb albums p2
Vibras	J. Balvin	Vibras	LIKE	_Ma4dUkX-ug	MPREb_wy06u4j760D	UCWw-Guyr5ul9B-d5kJlHMng	ym 2010s late mb albums p2
Mi Gente	J. Balvin	Vibras	LIKE	uFuAHzHOGYQ	MPREb_wy06u4j760D	UCWw-Guyr5ul9B-d5kJlHMng	ym 2010s late mb albums p2
Pyrite Blue (feat. Jesse Boykins III)	J-E-T-S	The Chants	LIKE	KWIfPu8860w	MPREb_ucJEZ2cX5O2	UCrDW_qcOPA0nzciJr0NtSBg	ym 2010s late mb albums p2
Pink Beat	J-E-T-S	The Chants	LIKE	ozsTOAAHYCc	MPREb_ucJEZ2cX5O2	UCrDW_qcOPA0nzciJr0NtSBg	ym 2010s late mb albums p2
En Mí (Interlude)	J Balvin	Vibras	LIKE	d9KiKY8o-d4	MPREb_wy06u4j760D	UCWw-Guyr5ul9B-d5kJlHMng	ym 2010s late mb albums p2
En Mí	J Balvin	Vibras	LIKE	WQsyr32JwP8	MPREb_wy06u4j760D	UCWw-Guyr5ul9B-d5kJlHMng	ym 2010s late mb albums p2
Ambiente	J Balvin	Vibras	LIKE	Oq4qZ0BtsnI	MPREb_wy06u4j760D	UCWw-Guyr5ul9B-d5kJlHMng	ym 2010s late mb albums p2
where u at?	Isaiah Rashad	The Sun's Tirade	LIKE	B-NAvraSy2U	MPREb_UauA3L1bFke	UCnadtBjRhVZzRhro9CZPcSg	ym 2010s late mb albums p2
Wat's Wrong (feat. Zacari & Kendrick Lamar)	Isaiah Rashad	The Sun's Tirade	LIKE	huqwH3ROy8o	MPREb_UauA3L1bFke	UCnadtBjRhVZzRhro9CZPcSg	ym 2010s late mb albums p2
Tity and Dolla (feat. Hugh Augustine & Jay Rock)	Isaiah Rashad	The Sun's Tirade	LIKE	vgvgFxrRurA	MPREb_UauA3L1bFke	UCnadtBjRhVZzRhro9CZPcSg	ym 2010s late mb albums p2
Free Lunch	Isaiah Rashad	The Sun's Tirade	LIKE	M0HxMLLnUWo	MPREb_UauA3L1bFke	UCnadtBjRhVZzRhro9CZPcSg	ym 2010s late mb albums p2
AA	Isaiah Rashad	The Sun's Tirade	LIKE	hq_AfOeGmV8	MPREb_UauA3L1bFke	UCnadtBjRhVZzRhro9CZPcSg	ym 2010s late mb albums p2
4r Da Squaw	Isaiah Rashad	The Sun's Tirade	LIKE	0Lx-zjk17HY	MPREb_UauA3L1bFke	UCnadtBjRhVZzRhro9CZPcSg	ym 2010s late mb albums p2
The Rover	Interpol	Marauder	LIKE	ykJvAtpKHPY	MPREb_cCNDbh042jb	UCTz1LbApOPI1byhP61ktXdw	ym 2010s late mb albums p2
It Probably Matters	Interpol	Marauder	LIKE	rsZGeHeLbqU	MPREb_cCNDbh042jb	UCTz1LbApOPI1byhP61ktXdw	ym 2010s late mb albums p2
Interlude 1	Interpol	Marauder	LIKE	ouNEOkEMmPY	MPREb_cCNDbh042jb	UCTz1LbApOPI1byhP61ktXdw	ym 2010s late mb albums p2
If You Really Love Nothing	Interpol	Marauder	LIKE	vf28DpuF3SA	MPREb_cCNDbh042jb	UCTz1LbApOPI1byhP61ktXdw	ym 2010s late mb albums p2
Flight of Fancy	Interpol	Marauder	LIKE	WEQg3AXYFjY	MPREb_cCNDbh042jb	UCTz1LbApOPI1byhP61ktXdw	ym 2010s late mb albums p2
Complications	Interpol	Marauder	LIKE	yCrLB21xOUw	MPREb_cCNDbh042jb	UCTz1LbApOPI1byhP61ktXdw	ym 2010s late mb albums p2
Keep on Slippin (feat. Vic Mensa)	Injury Reserve	Floss	LIKE	izn0eNsVgKY	MPREb_Avzi7Sc08Se	UCLkVL4AEzj8c9lHBjuW5v8w	ym 2010s late mb albums p2
Bad Boys 3	Injury Reserve	Floss	LIKE	0rbJsxPbBJI	MPREb_Avzi7Sc08Se	UCLkVL4AEzj8c9lHBjuW5v8w	ym 2010s late mb albums p2
All This Money	Injury Reserve	Floss	LIKE	ZJZ0euwKRaw	MPREb_Avzi7Sc08Se	UCLkVL4AEzj8c9lHBjuW5v8w	ym 2010s late mb albums p2
2016 Interlude	Injury Reserve	Floss	LIKE	iGGy5ORZ-eU	MPREb_Avzi7Sc08Se	UCLkVL4AEzj8c9lHBjuW5v8w	ym 2010s late mb albums p2
The Winner Always Talks	Infinity Girl	Somewhere Nice, Someday	LIKE	f2qZ3NCptpk	MPREb_PUA6wyn6Cf1	UCvD_eu-ED0oGMKbv6UjsgEA	ym 2010s late mb albums p2
The Comfort of What I Had	Infinity Girl	Somewhere Nice, Someday	LIKE	t08xJRIGN3M	MPREb_PUA6wyn6Cf1	UCvD_eu-ED0oGMKbv6UjsgEA	ym 2010s late mb albums p2
Dread the Snow	Infinity Girl	Somewhere Nice, Someday	LIKE	XTgRYyVt4wE	MPREb_PUA6wyn6Cf1	UCvD_eu-ED0oGMKbv6UjsgEA	ym 2010s late mb albums p2
But I'm Slow	Infinity Girl	Somewhere Nice, Someday	LIKE	NWbQ9Tc8s5Q	MPREb_PUA6wyn6Cf1	UCvD_eu-ED0oGMKbv6UjsgEA	ym 2010s late mb albums p2
Tummy	Iman Omari	High-Loops & Higher-Loops	LIKE	niArUL75O8M	MPREb_IcxVR3jH7Ng	UCvw92GAcjTITa_FsWs_CGzQ	ym 2010s late mb albums p2
Free Fall	Iman Omari	High-Loops & Higher-Loops	LIKE	j8z0LrhMMMo	MPREb_IcxVR3jH7Ng	UCvw92GAcjTITa_FsWs_CGzQ	ym 2010s late mb albums p2
Diamond Girl	Iman Omari	High-Loops & Higher-Loops	LIKE	5yP14Eakimg	MPREb_IcxVR3jH7Ng	UCvw92GAcjTITa_FsWs_CGzQ	ym 2010s late mb albums p2
Addicted	Iman Omari	High-Loops & Higher-Loops	LIKE	Az8NeX4WBj0	MPREb_IcxVR3jH7Ng	UCvw92GAcjTITa_FsWs_CGzQ	ym 2010s late mb albums p2
Supermoon	Ikebe Shakedown	The Way Home	LIKE	r8VKzENObl4	MPREb_XFmB0lTxeud	UC20CZIzh2uR71kH3eapYPPw	ym 2010s late mb albums p2
She's Knocking	Ikebe Shakedown	The Way Home	LIKE	5gXrbaDHMrM	MPREb_XFmB0lTxeud	UC20CZIzh2uR71kH3eapYPPw	ym 2010s late mb albums p2
Blue Giant	Ikebe Shakedown	The Way Home	LIKE	2wjdjp55hsw	MPREb_XFmB0lTxeud	UC20CZIzh2uR71kH3eapYPPw	ym 2010s late mb albums p2
Påleo Mamu	Iglooghost	Clear Tamei	LIKE	K9fcL6XKrtQ	MPREb_HJXaO2NUvvz	UC1N5c5QRQxR2qCSw7ZFKdnQ	ym 2010s late mb albums p2
New Vectors	Iglooghost	Clear Tamei	LIKE	3Uxgpdg_dxc	MPREb_HJXaO2NUvvz	UC1N5c5QRQxR2qCSw7ZFKdnQ	ym 2010s late mb albums p2
Clear Tamei	Iglooghost	Clear Tamei	LIKE	c6jzxHoy85Q	MPREb_HJXaO2NUvvz	UC1N5c5QRQxR2qCSw7ZFKdnQ	ym 2010s late mb albums p2
Vulture	Iggy Pop	Post Pop Depression	LIKE	akkBygBc0gQ	MPREb_Jej46twMP6L	UCN2OwEXNYJFzgHvR7912Btg	ym 2010s late mb albums p2
Sunday	Iggy Pop	Post Pop Depression	LIKE	dMnfj7l7Two	MPREb_Jej46twMP6L	UCN2OwEXNYJFzgHvR7912Btg	ym 2010s late mb albums p2
Gardenia	Iggy Pop	Post Pop Depression	LIKE	_VfdMVxsNe0	MPREb_Jej46twMP6L	UCN2OwEXNYJFzgHvR7912Btg	ym 2010s late mb albums p2
Chocolate Drops	Iggy Pop	Post Pop Depression	LIKE	4kyoYHYvz7w	MPREb_Jej46twMP6L	UCN2OwEXNYJFzgHvR7912Btg	ym 2010s late mb albums p2
Break Into Your Heart	Iggy Pop	Post Pop Depression	LIKE	2vHFLbrjc7w	MPREb_Jej46twMP6L	UCN2OwEXNYJFzgHvR7912Btg	ym 2010s late mb albums p2
American Valhalla	Iggy Pop	Post Pop Depression	LIKE	k3bAQH-kxA4	MPREb_Jej46twMP6L	UCN2OwEXNYJFzgHvR7912Btg	ym 2010s late mb albums p2
Under the Sun	Iceage	Beyondless	LIKE	pmp5xQFCM68	MPREb_wzPeWcLszhf	UClWQOFNoCZ5slyX-nxhvPIQ	ym 2010s late mb albums p2
Pain Killer (feat. Sky Ferreira)	Iceage	Beyondless	LIKE	PyWrBudkE_w	MPREb_wzPeWcLszhf	UClWQOFNoCZ5slyX-nxhvPIQ	ym 2010s late mb albums p2
Catch It	Iceage	Beyondless	LIKE	91wMhzElSPE	MPREb_wzPeWcLszhf	UClWQOFNoCZ5slyX-nxhvPIQ	ym 2010s late mb albums p2
Samaritans	IDLES	Joy as an Act of Resistance.	LIKE	Hr6uQ50Cs0Q	MPREb_2Q5jZK2dvyd	UCcbIxwjtSRip9MAYoJ30acw	ym 2010s late mb albums p2
Never Fight A Man With A Perm	IDLES	Joy as an Act of Resistance.	LIKE	7qWm9KXfz7E	MPREb_2Q5jZK2dvyd	UCcbIxwjtSRip9MAYoJ30acw	ym 2010s late mb albums p2
I'm Scum	IDLES	Joy as an Act of Resistance.	LIKE	Lj7CgogprSM	MPREb_2Q5jZK2dvyd	UCcbIxwjtSRip9MAYoJ30acw	ym 2010s late mb albums p2
Danny Nedelko	IDLES	Joy as an Act of Resistance.	LIKE	oB3sm1OyDnA	MPREb_2Q5jZK2dvyd	UCcbIxwjtSRip9MAYoJ30acw	ym 2010s late mb albums p2
Colossus	IDLES	Joy as an Act of Resistance.	LIKE	hoDWTZYkTDY	MPREb_2Q5jZK2dvyd	UCcbIxwjtSRip9MAYoJ30acw	ym 2010s late mb albums p2
SOMEBODY	IDK	Empty Bank	LIKE	Qm5RjF-aK2M	MPREb_J7eirobJ7Hh	UCQfMblWBxaS1e9cDDKS5cvQ	ym 2010s late mb albums p2
Boy's Innocence (feat. Fat Trel)	IDK	Empty Bank	LIKE	ApTiwtGtf_w	MPREb_J7eirobJ7Hh	UCQfMblWBxaS1e9cDDKS5cvQ	ym 2010s late mb albums p2
Hear Me Out	Huerco S.	For Those Of You Who Have Never (And Also Those Who Have)	LIKE	YBz1d90-NKM	MPREb_WK96i7oXpcv	UCzVod6lD-MkOxSMqn4qfVJA	ym 2010s late mb albums p2
A Sea Of Love	Huerco S.	For Those Of You Who Have Never (And Also Those Who Have)	LIKE	2j1mVJKmPYU	MPREb_WK96i7oXpcv	UCzVod6lD-MkOxSMqn4qfVJA	ym 2010s late mb albums p2
You Don't Always Recover	Hot Sugar	Mob Mentality	LIKE	-bI9_jm7a-A	MPREb_kBxOIijEn2J	UCwkaBC_-3TbVMxy4fHIiUUg	ym 2010s late mb albums p2
Where Books Are Burned	Hot Sugar	Mob Mentality	LIKE	LxMoq3-D9yM	MPREb_kBxOIijEn2J	UCwkaBC_-3TbVMxy4fHIiUUg	ym 2010s late mb albums p2
More Weight	Hot Sugar	Mob Mentality	LIKE	F091uAHNYH4	MPREb_kBxOIijEn2J	UCwkaBC_-3TbVMxy4fHIiUUg	ym 2010s late mb albums p2
Let Me Sleep Forever	Hot Sugar	Mob Mentality	LIKE	0Lay-lt9RVc	MPREb_kBxOIijEn2J	UCwkaBC_-3TbVMxy4fHIiUUg	ym 2010s late mb albums p2
L'enfer C'est Les Autres	Hot Sugar	Mob Mentality	LIKE	fKiw4THpKFA	MPREb_kBxOIijEn2J	UCwkaBC_-3TbVMxy4fHIiUUg	ym 2010s late mb albums p2
Trauma	Hot Sugar	God's Hand	LIKE	SnKiECt3Xcg	MPREb_vgdojnLoFiI	UCwkaBC_-3TbVMxy4fHIiUUg	ym 2010s late mb albums p2
Slaughter	Hot Sugar	God's Hand	LIKE	qu2K_V1vb8Q	MPREb_vgdojnLoFiI	UCwkaBC_-3TbVMxy4fHIiUUg	ym 2010s late mb albums p2
Sinkies	Hot Sugar	God's Hand	LIKE	h2kXJCcOdlw	MPREb_vgdojnLoFiI	UCwkaBC_-3TbVMxy4fHIiUUg	ym 2010s late mb albums p2
Pills	Hot Sugar	God's Hand	LIKE	cq8P9Kh7vaQ	MPREb_vgdojnLoFiI	UCwkaBC_-3TbVMxy4fHIiUUg	ym 2010s late mb albums p2
Not Afraid to Die	Hot Sugar	God's Hand	LIKE	HMkehgv2tCQ	MPREb_vgdojnLoFiI	UCwkaBC_-3TbVMxy4fHIiUUg	ym 2010s late mb albums p2
Mayday	Hot Sugar	God's Hand	LIKE	234OS53Lh9I	MPREb_vgdojnLoFiI	UCwkaBC_-3TbVMxy4fHIiUUg	ym 2010s late mb albums p2
Do What Thou Wilt	Hot Sugar	God's Hand	LIKE	srHvqW9AVkU	MPREb_vgdojnLoFiI	UCwkaBC_-3TbVMxy4fHIiUUg	ym 2010s late mb albums p2
Dead Inside	Hot Sugar	God's Hand	LIKE	EoGIl2Z8DNs	MPREb_vgdojnLoFiI	UCwkaBC_-3TbVMxy4fHIiUUg	ym 2010s late mb albums p2
Beer Cans & Bubblegum	Hot Sugar	God's Hand	LIKE	RzLk84u7E0Y	MPREb_vgdojnLoFiI	UCwkaBC_-3TbVMxy4fHIiUUg	ym 2010s late mb albums p2
...and the Walls Came Tumbling Down	Hot Sugar	God's Hand	LIKE	tizka80zS5g	MPREb_vgdojnLoFiI	UCwkaBC_-3TbVMxy4fHIiUUg	ym 2010s late mb albums p2
Death Camp Fantasy	Hot Snakes	Jericho Sirens	LIKE	rlMbWwgCkEk	MPREb_29BUTlBgAmC	UCnaTDgSRRkLMu9oE635Uzbg	ym 2010s late mb albums p2
Tastes Good	Hot Flash Heat Wave	Neapolitan	LIKE	2a0dMo3L1gE	MPREb_XBk2fivHyuV	UCfBYtzPnNodVPPUBwFfvphw	ym 2010s late mb albums p2
Hesitation	Hot Flash Heat Wave	Neapolitan	LIKE	E6tq5ZOqxiw	MPREb_XBk2fivHyuV	UCfBYtzPnNodVPPUBwFfvphw	ym 2010s late mb albums p2
Gutter Girl	Hot Flash Heat Wave	Neapolitan	LIKE	RtingxTP8fQ	MPREb_XBk2fivHyuV	UCfBYtzPnNodVPPUBwFfvphw	ym 2010s late mb albums p2
Bathroom Song	Hot Flash Heat Wave	Neapolitan	LIKE	hndx_vqyiqg	MPREb_XBk2fivHyuV	UCfBYtzPnNodVPPUBwFfvphw	ym 2010s late mb albums p2
Need You Now	Hot Chip	Why Make Sense?	LIKE	d5jlKKSi3ls	MPREb_itJ3CSrAWRS	UCelQU7g_ZFCyK2ylb-mcrQw	ym 2010s late mb albums p2
Love Is The Future	Hot Chip	Why Make Sense?	LIKE	1mA9f5lZvPE	MPREb_itJ3CSrAWRS	UCelQU7g_ZFCyK2ylb-mcrQw	ym 2010s late mb albums p2
Easy To Get	Hot Chip	Why Make Sense?	LIKE	xvTizeDudQ4	MPREb_itJ3CSrAWRS	UCelQU7g_ZFCyK2ylb-mcrQw	ym 2010s late mb albums p2
Hungry Child	Hot Chip	A Bath Full of Ecstasy	LIKE	P78O7eN1RE8	MPREb_bIxKdSTrkmn	UCelQU7g_ZFCyK2ylb-mcrQw	ym 2010s late mb albums p2
Echo	Hot Chip	A Bath Full of Ecstasy	LIKE	_BLEDzv4AtU	MPREb_bIxKdSTrkmn	UCelQU7g_ZFCyK2ylb-mcrQw	ym 2010s late mb albums p2
Skeleton Park	Horizon Fire	Earthlight	LIKE	gziNp9eZRow	MPREb_5WAsJ5AAR4b	UCxGTk-IopdSp5vzDVNgANjQ	ym 2010s late mb albums p2
Return to Astoria	Horizon Fire	Earthlight	LIKE	5GW72C2DgmI	MPREb_5WAsJ5AAR4b	UCxGTk-IopdSp5vzDVNgANjQ	ym 2010s late mb albums p2
Poisonous Ground	Horizon Fire	Earthlight	LIKE	iNoI_66hp9M	MPREb_5WAsJ5AAR4b	UCxGTk-IopdSp5vzDVNgANjQ	ym 2010s late mb albums p2
Nebulous	Horizon Fire	Earthlight	LIKE	ots2pt_jTAU	MPREb_5WAsJ5AAR4b	UCxGTk-IopdSp5vzDVNgANjQ	ym 2010s late mb albums p2
Foolish Fire	Horizon Fire	Earthlight	LIKE	0ZEtsrKQwbI	MPREb_5WAsJ5AAR4b	UCxGTk-IopdSp5vzDVNgANjQ	ym 2010s late mb albums p2
Earthlight	Horizon Fire	Earthlight	LIKE	xz6HMYlFZ4E	MPREb_5WAsJ5AAR4b	UCxGTk-IopdSp5vzDVNgANjQ	ym 2010s late mb albums p2
Asimov	Horizon Fire	Earthlight	LIKE	GwhgM3wwMzI	MPREb_5WAsJ5AAR4b	UCxGTk-IopdSp5vzDVNgANjQ	ym 2010s late mb albums p2
Somewhere a Judge	Hop Along	Bark Your Head Off, Dog	LIKE	4IakhY0fadc	MPREb_rZz0i4ObK1D	UCrXnhEUCnQYGk9b_3MgMkLg	ym 2010s late mb albums p2
Prior Things	Hop Along	Bark Your Head Off, Dog	LIKE	3NRVHl-6OCA	MPREb_rZz0i4ObK1D	UCrXnhEUCnQYGk9b_3MgMkLg	ym 2010s late mb albums p2
How Simple	Hop Along	Bark Your Head Off, Dog	LIKE	ImsyOWTUORM	MPREb_rZz0i4ObK1D	UCrXnhEUCnQYGk9b_3MgMkLg	ym 2010s late mb albums p2
Rules	Hoops	Routines	LIKE	GxTcxaV6zm8	MPREb_C4SiN6GXzeS	UCp4h-54dTaeL0TP0brgbDrw	ym 2010s late mb albums p2
Burden	Hoops	Routines	LIKE	76BHeE8GKaY	MPREb_C4SiN6GXzeS	UCp4h-54dTaeL0TP0brgbDrw	ym 2010s late mb albums p2
Under the Sheets	Homeshake	Midnight Snack	LIKE	VoAbyzFVxlg	MPREb_NMrpTB2Ys5k	UCrkP4Oe7CBpYyZVwMNV3mPQ	ym 2010s late mb albums p2
Move This Body	Homeshake	Midnight Snack	LIKE	F45aRz8j1lA	MPREb_NMrpTB2Ys5k	UCrkP4Oe7CBpYyZVwMNV3mPQ	ym 2010s late mb albums p2
Midnight Snack	Homeshake	Midnight Snack	LIKE	BQ4TyJJKpdU	MPREb_NMrpTB2Ys5k	UCrkP4Oe7CBpYyZVwMNV3mPQ	ym 2010s late mb albums p2
Love Is Only a Feeling	Homeshake	Midnight Snack	LIKE	BtVf7yhkxn8	MPREb_NMrpTB2Ys5k	UCrkP4Oe7CBpYyZVwMNV3mPQ	ym 2010s late mb albums p2
I Don’t Wanna	Homeshake	Midnight Snack	LIKE	Fr7f6x8Gwcc	MPREb_NMrpTB2Ys5k	UCrkP4Oe7CBpYyZVwMNV3mPQ	ym 2010s late mb albums p2
He’s Heating Up!	Homeshake	Midnight Snack	LIKE	zYwGu-EweH8	MPREb_NMrpTB2Ys5k	UCrkP4Oe7CBpYyZVwMNV3mPQ	ym 2010s late mb albums p2
Heat	Homeshake	Midnight Snack	LIKE	rqu8DwHnhns	MPREb_NMrpTB2Ys5k	UCrkP4Oe7CBpYyZVwMNV3mPQ	ym 2010s late mb albums p2
Goodnight	Homeshake	Midnight Snack	LIKE	AipkGqD4q3I	MPREb_NMrpTB2Ys5k	UCrkP4Oe7CBpYyZVwMNV3mPQ	ym 2010s late mb albums p2
Give It to Me	Homeshake	Midnight Snack	LIKE	9b_JWeaQWq4	MPREb_NMrpTB2Ys5k	UCrkP4Oe7CBpYyZVwMNV3mPQ	ym 2010s late mb albums p2
Wrapping Up	Homeshake	Fresh Air	LIKE	0t92_a9hAqE	MPREb_1YjjOruog9O	UCrkP4Oe7CBpYyZVwMNV3mPQ	ym 2010s late mb albums p2
TV Volume	Homeshake	Fresh Air	LIKE	7K9z_Pa4NRs	MPREb_1YjjOruog9O	UCrkP4Oe7CBpYyZVwMNV3mPQ	ym 2010s late mb albums p2
Not U	Homeshake	Fresh Air	LIKE	hvgYAMV4czo	MPREb_1YjjOruog9O	UCrkP4Oe7CBpYyZVwMNV3mPQ	ym 2010s late mb albums p2
Khmlwugh	Homeshake	Fresh Air	LIKE	HsOhFS2axQE	MPREb_1YjjOruog9O	UCrkP4Oe7CBpYyZVwMNV3mPQ	ym 2010s late mb albums p2
Getting Down Pt II (He's Cooling Down)	Homeshake	Fresh Air	LIKE	Cv5GDNi8FAg	MPREb_1YjjOruog9O	UCrkP4Oe7CBpYyZVwMNV3mPQ	ym 2010s late mb albums p2
Fresh Air	Homeshake	Fresh Air	LIKE	NpMWEUnlFj8	MPREb_1YjjOruog9O	UCrkP4Oe7CBpYyZVwMNV3mPQ	ym 2010s late mb albums p2
Every Single Thing	Homeshake	Fresh Air	LIKE	UhDszPZwbxw	MPREb_1YjjOruog9O	UCrkP4Oe7CBpYyZVwMNV3mPQ	ym 2010s late mb albums p2
Call Me Up	Homeshake	Fresh Air	LIKE	jou0agDEf58	MPREb_1YjjOruog9O	UCrkP4Oe7CBpYyZVwMNV3mPQ	ym 2010s late mb albums p2
Valley	Holy Motors	Slow Sundown	LIKE	7uUk3rr7zq8	MPREb_9OGNOFAfeLz	UCm-8WioHqfIV38pOq489T9Q	ym 2010s late mb albums p2
Silently for Me	Holy Motors	Slow Sundown	LIKE	Qz31qWOh-ec	MPREb_9OGNOFAfeLz	UCm-8WioHqfIV38pOq489T9Q	ym 2010s late mb albums p2
Signs	Holy Motors	Slow Sundown	LIKE	SYfGyBmHVn8	MPREb_9OGNOFAfeLz	UCm-8WioHqfIV38pOq489T9Q	ym 2010s late mb albums p2
Honeymooning	Holy Motors	Slow Sundown	LIKE	yxXFmi6awRY	MPREb_9OGNOFAfeLz	UCm-8WioHqfIV38pOq489T9Q	ym 2010s late mb albums p2
Xed Eyes	Holy Fuck	Congrats	LIKE	tXfYZe8mvMg	MPREb_f1B0EmKbGqO	UC-L5Oyxd0aCk27RU1gGouWg	ym 2010s late mb albums p2
Tom Tom	Holy Fuck	Congrats	LIKE	F4XYeRzF3dk	MPREb_f1B0EmKbGqO	UC-L5Oyxd0aCk27RU1gGouWg	ym 2010s late mb albums p2
Shivering	Holy Fuck	Congrats	LIKE	JlAXsHvYZWQ	MPREb_f1B0EmKbGqO	UC-L5Oyxd0aCk27RU1gGouWg	ym 2010s late mb albums p2
Neon Dad	Holy Fuck	Congrats	LIKE	wxu-7xqDmRU	MPREb_f1B0EmKbGqO	UC-L5Oyxd0aCk27RU1gGouWg	ym 2010s late mb albums p2
Frontier	Holly Herndon	PROTO	LIKE	2ygGo5ZwGqU	MPREb_XNsi4KlEJr5	UCUXkcLZnfgl-kAX_URNKm-Q	ym 2010s late mb albums p2
Bridge (feat. Martine Syms)	Holly Herndon	PROTO	LIKE	59wGcfrivJo	MPREb_XNsi4KlEJr5	UCUXkcLZnfgl-kAX_URNKm-Q	ym 2010s late mb albums p2
Birth	Holly Herndon	PROTO	LIKE	ZFe0Bcngp64	MPREb_XNsi4KlEJr5	UCUXkcLZnfgl-kAX_URNKm-Q	ym 2010s late mb albums p2
The Lung	Hiatus Kaiyote	Choose Your Weapon	LIKE	WRHRmfY1g00	MPREb_q18JTSxWqqA	UCaX2FBQMB9NHFBOTVMF_wpQ	ym 2010s late mb albums p2
Shaolin Monk Motherfunk	Hiatus Kaiyote	Choose Your Weapon	LIKE	igpnRIrmm3o	MPREb_q18JTSxWqqA	UCaX2FBQMB9NHFBOTVMF_wpQ	ym 2010s late mb albums p2
Molasses	Hiatus Kaiyote	Choose Your Weapon	LIKE	PU0FLqcdm-o	MPREb_q18JTSxWqqA	UCaX2FBQMB9NHFBOTVMF_wpQ	ym 2010s late mb albums p2
Fingerprints	Hiatus Kaiyote	Choose Your Weapon	LIKE	YUmSu_54478	MPREb_q18JTSxWqqA	UCaX2FBQMB9NHFBOTVMF_wpQ	ym 2010s late mb albums p2
Creations Part One	Hiatus Kaiyote	Choose Your Weapon	LIKE	spcq3AkXwt0	MPREb_q18JTSxWqqA	UCaX2FBQMB9NHFBOTVMF_wpQ	ym 2010s late mb albums p2
By Fire	Hiatus Kaiyote	Choose Your Weapon	LIKE	_rREsJVuBKA	MPREb_q18JTSxWqqA	UCaX2FBQMB9NHFBOTVMF_wpQ	ym 2010s late mb albums p2
What Once Was	Her's	Songs of Her's	LIKE	fBvppvdyhQc	MPREb_BLLOO6KKROY	UCBPnTvZWrgPwSMiPP8b5ZvA	ym 2010s late mb albums p2
Marcel	Her's	Songs of Her's	LIKE	xSPFWhPmfnw	MPREb_BLLOO6KKROY	UCBPnTvZWrgPwSMiPP8b5ZvA	ym 2010s late mb albums p2
I'll Try	Her's	Songs of Her's	LIKE	KU5chRnpw2I	MPREb_BLLOO6KKROY	UCBPnTvZWrgPwSMiPP8b5ZvA	ym 2010s late mb albums p2
Cool with You	Her's	Songs of Her's	LIKE	0nCYgT-rVSo	MPREb_BLLOO6KKROY	UCBPnTvZWrgPwSMiPP8b5ZvA	ym 2010s late mb albums p2
Qualm	Helena Hauff	Qualm	LIKE	Y9DvEMO5YLE	MPREb_cVkUzIIe5OM	UCvyn_w7CUWKpW3LRCy3M0LA	ym 2010s late mb albums p2
Primordial Sludge	Helena Hauff	Qualm	LIKE	sHWX2j9LCvk	MPREb_cVkUzIIe5OM	UCvyn_w7CUWKpW3LRCy3M0LA	ym 2010s late mb albums p2
Entropy Created You And Me	Helena Hauff	Qualm	LIKE	Cx3GtxdHWcU	MPREb_cVkUzIIe5OM	UCvyn_w7CUWKpW3LRCy3M0LA	ym 2010s late mb albums p2
We Are More Than We Are	Hammock	Universalis	LIKE	aJWRn4wbpTU	MPREb_2D8GNRAwB3P	UC7C3HR_AQkjkOWLmzp2e0ag	ym 2010s late mb albums p2
Untitled God Song	Haley Heynderickx	I Need to Start a Garden	LIKE	hgkp3s153eg	MPREb_46CnBmFNH8J	UCoaTCrGfCNAvjBp_Zy1Jkig	ym 2010s late mb albums p2
The Bug Collector	Haley Heynderickx	I Need to Start a Garden	LIKE	26SdRPawtC0	MPREb_46CnBmFNH8J	UCoaTCrGfCNAvjBp_Zy1Jkig	ym 2010s late mb albums p2
No Face	Haley Heynderickx	I Need to Start a Garden	LIKE	qgPukp5H4-Q	MPREb_46CnBmFNH8J	UCoaTCrGfCNAvjBp_Zy1Jkig	ym 2010s late mb albums p2
Jo	Haley Heynderickx	I Need to Start a Garden	LIKE	-r4Ack522cA	MPREb_46CnBmFNH8J	UCoaTCrGfCNAvjBp_Zy1Jkig	ym 2010s late mb albums p2
Drinking Song	Haley Heynderickx	I Need to Start a Garden	LIKE	_It7OaRbCOo	MPREb_46CnBmFNH8J	UCoaTCrGfCNAvjBp_Zy1Jkig	ym 2010s late mb albums p2
Tender Skin	HVOB	Trialog	LIKE	bzilt5Z4rK8	MPREb_0cKQPNVw4Mp	UCBuve1i61flTZ2vKgPsMZXQ	ym 2010s late mb albums p2
Cool Melt	HVOB	Trialog	LIKE	I_VN1zwCUMA	MPREb_0cKQPNVw4Mp	UCBuve1i61flTZ2vKgPsMZXQ	ym 2010s late mb albums p2
Senza	Guts	Paradise for All	LIKE	3lv7oqLF0u8	MPREb_wJz3i748EXw	UC09LsmkOdhB4tMimiqcZIpw	ym 2010s late mb albums p2
Mehdi in Paradise	Guts	Paradise for All	LIKE	ti0PerFh4c4	MPREb_wJz3i748EXw	UC09LsmkOdhB4tMimiqcZIpw	ym 2010s late mb albums p2
Laisser Lucie faire	Guts	Paradise for All	LIKE	kpsj49zMduY	MPREb_wJz3i748EXw	UC09LsmkOdhB4tMimiqcZIpw	ym 2010s late mb albums p2
Ghetto in Paradise	Guts	Paradise for All	LIKE	_Q2suhQ1LOA	MPREb_wJz3i748EXw	UC09LsmkOdhB4tMimiqcZIpw	ym 2010s late mb albums p2
Come Closer	Guts	Paradise for All	LIKE	4rIDKeWDK3o	MPREb_wJz3i748EXw	UC09LsmkOdhB4tMimiqcZIpw	ym 2010s late mb albums p2
Brand New Revolution	Guts	Paradise for All	LIKE	TsiePueAIHM	MPREb_wJz3i748EXw	UC09LsmkOdhB4tMimiqcZIpw	ym 2010s late mb albums p2
Waybach	Gucci Mane	Everybody Looking	LIKE	cvL_7B0dRdo	MPREb_m7bszOsEs0K	UCGJdT8Qip4XObbQZ98Z1CAA	ym 2010s late mb albums p2
Pussy Print (feat. Kanye West)	Gucci Mane	Everybody Looking	LIKE	m6pZtiJZPDs	MPREb_m7bszOsEs0K	UCGJdT8Qip4XObbQZ98Z1CAA	ym 2010s late mb albums p2
Out Do Ya	Gucci Mane	Everybody Looking	LIKE	h73z72TQkE4	MPREb_m7bszOsEs0K	UCGJdT8Qip4XObbQZ98Z1CAA	ym 2010s late mb albums p2
Guwop Home (feat. Young Thug)	Gucci Mane	Everybody Looking	LIKE	nyt2q2p8KFk	MPREb_m7bszOsEs0K	UCGJdT8Qip4XObbQZ98Z1CAA	ym 2010s late mb albums p2
At Least a M	Gucci Mane	Everybody Looking	LIKE	QbSCLVvFKjo	MPREb_m7bszOsEs0K	UCGJdT8Qip4XObbQZ98Z1CAA	ym 2010s late mb albums p2
Parking Lot	Grouper	Grid of Points	LIKE	L5AyUOXBj_c	MPREb_uvNK2NVa3cr	UCxdqU4_Mit1HOXesHvs3g3Q	ym 2010s late mb albums p2
Driving	Grouper	Grid of Points	LIKE	0lpKAIEJ5ec	MPREb_uvNK2NVa3cr	UCxdqU4_Mit1HOXesHvs3g3Q	ym 2010s late mb albums p2
Wasted Acres	Grizzly Bear	Painted Ruins	LIKE	Wmw0ELu_jrM	MPREb_qQZvJNmJvg1	UCvPx-zURGfOw1CMqWtuulnw	ym 2010s late mb albums p2
Three Rings	Grizzly Bear	Painted Ruins	LIKE	ErVn0xg6hko	MPREb_qQZvJNmJvg1	UCvPx-zURGfOw1CMqWtuulnw	ym 2010s late mb albums p2
Systole	Grizzly Bear	Painted Ruins	LIKE	2RyIF7S2U1A	MPREb_qQZvJNmJvg1	UCvPx-zURGfOw1CMqWtuulnw	ym 2010s late mb albums p2
Sky Took Hold	Grizzly Bear	Painted Ruins	LIKE	kPpF7bJN7Xo	MPREb_qQZvJNmJvg1	UCvPx-zURGfOw1CMqWtuulnw	ym 2010s late mb albums p2
Neighbors	Grizzly Bear	Painted Ruins	LIKE	PahkM463eVk	MPREb_qQZvJNmJvg1	UCvPx-zURGfOw1CMqWtuulnw	ym 2010s late mb albums p2
Mourning Sound	Grizzly Bear	Painted Ruins	LIKE	yjZ5zQFWxx0	MPREb_qQZvJNmJvg1	UCvPx-zURGfOw1CMqWtuulnw	ym 2010s late mb albums p2
Losing All Sense	Grizzly Bear	Painted Ruins	LIKE	em36sFoB6Cg	MPREb_qQZvJNmJvg1	UCvPx-zURGfOw1CMqWtuulnw	ym 2010s late mb albums p2
Glass Hillside	Grizzly Bear	Painted Ruins	LIKE	BeyuBf_uID8	MPREb_qQZvJNmJvg1	UCvPx-zURGfOw1CMqWtuulnw	ym 2010s late mb albums p2
Four Cypresses	Grizzly Bear	Painted Ruins	LIKE	kRSu0b2xTAs	MPREb_qQZvJNmJvg1	UCvPx-zURGfOw1CMqWtuulnw	ym 2010s late mb albums p2
Cut-Out	Grizzly Bear	Painted Ruins	LIKE	knadysRj3JI	MPREb_qQZvJNmJvg1	UCvPx-zURGfOw1CMqWtuulnw	ym 2010s late mb albums p2
Aquarian	Grizzly Bear	Painted Ruins	LIKE	juJtC9QqzXQ	MPREb_qQZvJNmJvg1	UCvPx-zURGfOw1CMqWtuulnw	ym 2010s late mb albums p2
World Princess part II	Grimes	Art Angels	LIKE	fAQ_C2-ohI4	MPREb_XbV5jRZuGjK	UCzVh-F-RZdTHGV3S1o4KBWQ	ym 2010s late mb albums p2
Flesh without Blood	Grimes	Art Angels	LIKE	J4OnPw70pGg	MPREb_XbV5jRZuGjK	UCzVh-F-RZdTHGV3S1o4KBWQ	ym 2010s late mb albums p2
California	Grimes	Art Angels	LIKE	rSS1uPC6dnA	MPREb_XbV5jRZuGjK	UCzVh-F-RZdTHGV3S1o4KBWQ	ym 2010s late mb albums p2
Tranquilo	Gramatik	Coffee Shop Selection	LIKE	21bnmIBQztA	MPREb_0aiScW8IgaX	UCMQLEz37VvDFDk9cSe8WHaw	ym 2010s late mb albums p2
No Way Out	Gramatik	Coffee Shop Selection	LIKE	SiHJwHyxhF4	MPREb_0aiScW8IgaX	UCMQLEz37VvDFDk9cSe8WHaw	ym 2010s late mb albums p2
Late Night Jazz	Gramatik	Coffee Shop Selection	LIKE	Tadx03mOA_0	MPREb_0aiScW8IgaX	UCMQLEz37VvDFDk9cSe8WHaw	ym 2010s late mb albums p2
Just Jammin'	Gramatik	Coffee Shop Selection	LIKE	HPBUbCPp770	MPREb_0aiScW8IgaX	UCMQLEz37VvDFDk9cSe8WHaw	ym 2010s late mb albums p2
Chillaxin' By The Sea	Gramatik	Coffee Shop Selection	LIKE	NMdYfN2zTMs	MPREb_0aiScW8IgaX	UCMQLEz37VvDFDk9cSe8WHaw	ym 2010s late mb albums p2
Richter: Path 3 (7676) (Pt. 5)	Grace Davidson	Sleep	LIKE	bGqpULqxC14	MPREb_A9AHzoUYd7b	UCp9gcJBTYIHkYuDm5zdX57Q	ym 2010s late mb albums p2
Richter: Path 3 (7676) (Pt. 4)	Grace Davidson	Sleep	LIKE	VjFmJ4rKLZ0	MPREb_A9AHzoUYd7b	UCp9gcJBTYIHkYuDm5zdX57Q	ym 2010s late mb albums p2
Richter: Path 3 (7676) (Pt. 3)	Grace Davidson	Sleep	LIKE	Cw5zLO6eme0	MPREb_A9AHzoUYd7b	UCp9gcJBTYIHkYuDm5zdX57Q	ym 2010s late mb albums p2
Richter: Path 3 (7676) (Pt. 2)	Grace Davidson	Sleep	LIKE	jaqrgudj55k	MPREb_A9AHzoUYd7b	UCp9gcJBTYIHkYuDm5zdX57Q	ym 2010s late mb albums p2
Richter: Path 3 (7676) (Pt. 1)	Grace Davidson	Sleep	LIKE	DIAzCs0LK9w	MPREb_A9AHzoUYd7b	UCp9gcJBTYIHkYuDm5zdX57Q	ym 2010s late mb albums p2
Tranz	Gorillaz	The Now Now	LIKE	8bzcqRIhxLE	MPREb_Or0NmhlTmpA	UCNIV5B_aJnLrKDSnW_MOmcQ	ym 2010s late mb albums p2
Souk Eye	Gorillaz	The Now Now	LIKE	ag2LVnpoRpU	MPREb_Or0NmhlTmpA	UCNIV5B_aJnLrKDSnW_MOmcQ	ym 2010s late mb albums p2
Sorcererz	Gorillaz	The Now Now	LIKE	rqGyAkKUTA8	MPREb_Or0NmhlTmpA	UCNIV5B_aJnLrKDSnW_MOmcQ	ym 2010s late mb albums p2
One Percent	Gorillaz	The Now Now	LIKE	DfViwmUc4BU	MPREb_Or0NmhlTmpA	UCNIV5B_aJnLrKDSnW_MOmcQ	ym 2010s late mb albums p2
Magic City	Gorillaz	The Now Now	LIKE	G8ni4IL4rxg	MPREb_Or0NmhlTmpA	UCNIV5B_aJnLrKDSnW_MOmcQ	ym 2010s late mb albums p2
Lake Zurich	Gorillaz	The Now Now	LIKE	8Tl6Uesb7Y0	MPREb_Or0NmhlTmpA	UCNIV5B_aJnLrKDSnW_MOmcQ	ym 2010s late mb albums p2
Kansas	Gorillaz	The Now Now	LIKE	blRDcXkrjuU	MPREb_Or0NmhlTmpA	UCNIV5B_aJnLrKDSnW_MOmcQ	ym 2010s late mb albums p2
Idaho	Gorillaz	The Now Now	LIKE	C69jC1LnMo0	MPREb_Or0NmhlTmpA	UCNIV5B_aJnLrKDSnW_MOmcQ	ym 2010s late mb albums p2
Humility (feat. George Benson)	Gorillaz	The Now Now	LIKE	vz7Ju8dhe2c	MPREb_Or0NmhlTmpA	UCNIV5B_aJnLrKDSnW_MOmcQ	ym 2010s late mb albums p2
Hollywood (feat. Snoop Dogg & Jamie Principle)	Gorillaz	The Now Now	LIKE	lppTH2IEmUU	MPREb_Or0NmhlTmpA	UCNIV5B_aJnLrKDSnW_MOmcQ	ym 2010s late mb albums p2
Fire Flies	Gorillaz	The Now Now	LIKE	hXhJAuG_9_Y	MPREb_Or0NmhlTmpA	UCNIV5B_aJnLrKDSnW_MOmcQ	ym 2010s late mb albums p2
She's My Collar (feat. Kali Uchis)	Gorillaz	Humanz	LIKE	GdGKlTyGeR0	MPREb_ZHeJPKFJ464	UCNIV5B_aJnLrKDSnW_MOmcQ	ym 2010s late mb albums p2
Sex Murder Party (feat. Jamie Principle & Zebra Katz)	Gorillaz	Humanz	LIKE	zbeuxm8-Inc	MPREb_ZHeJPKFJ464	UCNIV5B_aJnLrKDSnW_MOmcQ	ym 2010s late mb albums p2
Saturnz Barz (feat. Popcaan)	Gorillaz	Humanz	LIKE	eCxjpGhorPs	MPREb_ZHeJPKFJ464	UCNIV5B_aJnLrKDSnW_MOmcQ	ym 2010s late mb albums p2
Let Me Out (feat. Mavis Staples & Pusha T)	Gorillaz	Humanz	LIKE	xDE-YIHMgdM	MPREb_ZHeJPKFJ464	UCNIV5B_aJnLrKDSnW_MOmcQ	ym 2010s late mb albums p2
Interlude: Penthouse	Gorillaz	Humanz	LIKE	Hzu03Y7BtCY	MPREb_ZHeJPKFJ464	UCNIV5B_aJnLrKDSnW_MOmcQ	ym 2010s late mb albums p2
Hallelujah Money (feat. Benjamin Clementine)	Gorillaz	Humanz	LIKE	3rKCUq5PCqY	MPREb_ZHeJPKFJ464	UCNIV5B_aJnLrKDSnW_MOmcQ	ym 2010s late mb albums p2
Carnival (feat. Anthony Hamilton)	Gorillaz	Humanz	LIKE	6nALmZ1cjwE	MPREb_ZHeJPKFJ464	UCNIV5B_aJnLrKDSnW_MOmcQ	ym 2010s late mb albums p2
Busted and Blue	Gorillaz	Humanz	LIKE	fmQ6t8evUCU	MPREb_ZHeJPKFJ464	UCNIV5B_aJnLrKDSnW_MOmcQ	ym 2010s late mb albums p2
Ascension (feat. Vince Staples)	Gorillaz	Humanz	LIKE	FSpkIHuYn2E	MPREb_ZHeJPKFJ464	UCNIV5B_aJnLrKDSnW_MOmcQ	ym 2010s late mb albums p2
Andromeda (feat. DRAM)	Gorillaz	Humanz	LIKE	o3Dv4L2RnRQ	MPREb_ZHeJPKFJ464	UCNIV5B_aJnLrKDSnW_MOmcQ	ym 2010s late mb albums p2
Your Maker	Gonjasufi	Callus	LIKE	d8_UsSSAmr0	MPREb_IpelqiiDQJD	UCkpe3pwk70x7WtXCd2Nsv2g	ym 2010s late mb albums p2
Spectrum	GoldLink	And After That, We Didn't Talk	LIKE	j9PzXIcvlPY	MPREb_HBd4jMTikbF	UCYjJEXvzfS5Jif1Jj7sOvBQ	ym 2010s late mb albums p2
See I Miss	GoldLink	And After That, We Didn't Talk	LIKE	W57zU-IgvF8	MPREb_HBd4jMTikbF	UCYjJEXvzfS5Jif1Jj7sOvBQ	ym 2010s late mb albums p2
Polarized (feat. Demo-Taped)	GoldLink	And After That, We Didn't Talk	LIKE	YzwvsX3rlZI	MPREb_HBd4jMTikbF	UCYjJEXvzfS5Jif1Jj7sOvBQ	ym 2010s late mb albums p2
Palm Trees	GoldLink	And After That, We Didn't Talk	LIKE	C0LmX7fDbjg	MPREb_HBd4jMTikbF	UCYjJEXvzfS5Jif1Jj7sOvBQ	ym 2010s late mb albums p2
Late Night (feat. Masego)	GoldLink	And After That, We Didn't Talk	LIKE	y68WZGMwbDc	MPREb_HBd4jMTikbF	UCYjJEXvzfS5Jif1Jj7sOvBQ	ym 2010s late mb albums p2
Dark Skin Women	GoldLink	And After That, We Didn't Talk	LIKE	NvA-j2gvA9s	MPREb_HBd4jMTikbF	UCYjJEXvzfS5Jif1Jj7sOvBQ	ym 2010s late mb albums p2
Tropikaoss	Glue Trip	Glue Trip	LIKE	2eWBSq83DVM	MPREb_dbWeXQmJOOX	UCM34z9fp9NVQRJzsd2k8HYw	ym 2010s late mb albums p2
Old Blood	Glue Trip	Glue Trip	LIKE	Jmvl63q3wX0	MPREb_dbWeXQmJOOX	UCM34z9fp9NVQRJzsd2k8HYw	ym 2010s late mb albums p2
La Edad del Futuro	Glue Trip	Glue Trip	LIKE	aPotYa8uUcc	MPREb_dbWeXQmJOOX	UCM34z9fp9NVQRJzsd2k8HYw	ym 2010s late mb albums p2
Elbow Pain	Glue Trip	Glue Trip	LIKE	7AEK0psjkZo	MPREb_dbWeXQmJOOX	UCM34z9fp9NVQRJzsd2k8HYw	ym 2010s late mb albums p2
Pools (Roosevelt Remix)	Glass Animals	Remixes	LIKE	CPXdI9-WxAs	MPREb_DGohZmuB4xO	UCfeJiV0Xu-C4z4DApRcznig	ym 2010s late mb albums p2
Hazey (Gabriel Garzón-Montano Remix)	Glass Animals	Remixes	LIKE	k5Uc36HDaKk	MPREb_DGohZmuB4xO	UCfeJiV0Xu-C4z4DApRcznig	ym 2010s late mb albums p2
Hazey (Dave Glass Animals Rework) (feat. Rome Fortune)	Glass Animals	Remixes	LIKE	Oa0Uyko9Z3s	MPREb_DGohZmuB4xO	UCfeJiV0Xu-C4z4DApRcznig	ym 2010s late mb albums p2
Gooey (Kingdom Remix)	Glass Animals	Remixes	LIKE	DBPVQ2f4n5w	MPREb_DGohZmuB4xO	UCfeJiV0Xu-C4z4DApRcznig	ym 2010s late mb albums p2
Gooey (Gilligan Moss Remix)	Glass Animals	Remixes	LIKE	03ypWIqiOZk	MPREb_DGohZmuB4xO	UCfeJiV0Xu-C4z4DApRcznig	ym 2010s late mb albums p2
[Premade Sandwiches]	Glass Animals	How To Be A Human Being	LIKE	sZb8CC0MwGc	MPREb_VbkoX4NntnC	UCfeJiV0Xu-C4z4DApRcznig	ym 2010s late mb albums p2
Youth	Glass Animals	How To Be A Human Being	LIKE	WzHouNDOui8	MPREb_VbkoX4NntnC	UCfeJiV0Xu-C4z4DApRcznig	ym 2010s late mb albums p2
The Other Side Of Paradise	Glass Animals	How To Be A Human Being	LIKE	RMPX_vgqQnM	MPREb_VbkoX4NntnC	UCfeJiV0Xu-C4z4DApRcznig	ym 2010s late mb albums p2
Take A Slice	Glass Animals	How To Be A Human Being	LIKE	9DySfgEj1hY	MPREb_VbkoX4NntnC	UCfeJiV0Xu-C4z4DApRcznig	ym 2010s late mb albums p2
Season 2 Episode 3	Glass Animals	How To Be A Human Being	LIKE	Lm0UNtWPqfs	MPREb_VbkoX4NntnC	UCfeJiV0Xu-C4z4DApRcznig	ym 2010s late mb albums p2
Pork Soda	Glass Animals	How To Be A Human Being	LIKE	lV9JvMToiK8	MPREb_VbkoX4NntnC	UCfeJiV0Xu-C4z4DApRcznig	ym 2010s late mb albums p2
Poplar St	Glass Animals	How To Be A Human Being	LIKE	0fTsWU6ME-4	MPREb_VbkoX4NntnC	UCfeJiV0Xu-C4z4DApRcznig	ym 2010s late mb albums p2
Mama's Gun	Glass Animals	How To Be A Human Being	LIKE	4pibPTdLcsc	MPREb_VbkoX4NntnC	UCfeJiV0Xu-C4z4DApRcznig	ym 2010s late mb albums p2
Life Itself	Glass Animals	How To Be A Human Being	LIKE	ExvqA9I_gsQ	MPREb_VbkoX4NntnC	UCfeJiV0Xu-C4z4DApRcznig	ym 2010s late mb albums p2
Cane Shuga	Glass Animals	How To Be A Human Being	LIKE	v1sp1g9-9aw	MPREb_VbkoX4NntnC	UCfeJiV0Xu-C4z4DApRcznig	ym 2010s late mb albums p2
Ideal World	Girlpool	Before the World Was Big	LIKE	OYjbojsX484	MPREb_CGL235YIQBw	UCFESNguQGpFMsDbMx51ExcQ	ym 2010s late mb albums p2
Chinatown	Girlpool	Before the World Was Big	LIKE	uNex-RslrpU	MPREb_CGL235YIQBw	UCFESNguQGpFMsDbMx51ExcQ	ym 2010s late mb albums p2
Watch 'Em Holla (feat. Raekwon, Masta Killa, Cappadonna & DJ Grouch)	Ghostface Killah	The Lost Tapes	LIKE	RRsQDuGU2yQ	MPREb_F69GUkb2r1G	UC9BR9FK85Ez13EZ34Z5yZnw	ym 2010s late mb albums p2
Let The Record Spin (feat. Raekwon)	Ghostface Killah	Adrian Younge Presents: Twelve Reasons To Die II	LIKE	9ui8gcEEjcM	MPREb_e7V3RazjvHI	UC9BR9FK85Ez13EZ34Z5yZnw	ym 2010s late mb albums p2
King of New York (feat. Raekwon)	Ghostface Killah	Adrian Younge Presents: Twelve Reasons To Die II	LIKE	kR50ebDhi6M	MPREb_e7V3RazjvHI	UC9BR9FK85Ez13EZ34Z5yZnw	ym 2010s late mb albums p2
King of New York (Instrumental)	Ghostface Killah	Adrian Younge Presents: Twelve Reasons To Die II	LIKE	qazil9TsZdc	MPREb_e7V3RazjvHI	UC9BR9FK85Ez13EZ34Z5yZnw	ym 2010s late mb albums p2
Knife To The Heart	George FitzGerald	Fading Love	LIKE	feFJTwvrXic	MPREb_h0v76JoUgzB	UCgaHJBQE83ayLzAVdcEypCg	ym 2010s late mb albums p2
Full Circle	George FitzGerald	Fading Love	LIKE	5KpdVlLjWgg	MPREb_h0v76JoUgzB	UCgaHJBQE83ayLzAVdcEypCg	ym 2010s late mb albums p2
Two Moons Under	George FitzGerald	All That Must Be	LIKE	g9C4-EHIlog	MPREb_ywVezT8CbVW	UCgaHJBQE83ayLzAVdcEypCg	ym 2010s late mb albums p2
The Echo Forgets	George FitzGerald	All That Must Be	LIKE	sNy-YfbE8sM	MPREb_ywVezT8CbVW	UCgaHJBQE83ayLzAVdcEypCg	ym 2010s late mb albums p2
Siren Calls	George FitzGerald	All That Must Be	LIKE	UQ1rkrdOsSw	MPREb_ywVezT8CbVW	UCgaHJBQE83ayLzAVdcEypCg	ym 2010s late mb albums p2
Passing Trains	George FitzGerald	All That Must Be	LIKE	yc3efFzqk4o	MPREb_ywVezT8CbVW	UCgaHJBQE83ayLzAVdcEypCg	ym 2010s late mb albums p2
Outgrown	George FitzGerald	All That Must Be	LIKE	L_cPipT_-Ss	MPREb_ywVezT8CbVW	UCgaHJBQE83ayLzAVdcEypCg	ym 2010s late mb albums p2
Frieda	George FitzGerald	All That Must Be	LIKE	yr1Xyapv8os	MPREb_ywVezT8CbVW	UCgaHJBQE83ayLzAVdcEypCg	ym 2010s late mb albums p2
Burns	George FitzGerald	All That Must Be	LIKE	JUt71LPA-qI	MPREb_ywVezT8CbVW	UCgaHJBQE83ayLzAVdcEypCg	ym 2010s late mb albums p2
Old Thorn	Gazelle Twin	Pastoral	LIKE	6Ce92Am-yU0	MPREb_ihdT0mok5P1	UCG1EH81pCazFmLu2BegeXwQ	ym 2010s late mb albums p2
Folly	Gazelle Twin	Pastoral	LIKE	Nvf6OV6dkvQ	MPREb_ihdT0mok5P1	UCG1EH81pCazFmLu2BegeXwQ	ym 2010s late mb albums p2
What's Real (feat. Group Home & Royce Da 5'9')	Gang Starr	One Of The Best Yet	LIKE	pkD-z2Kf_ok	MPREb_CTnu04LHdQE	UCPN9k1RTnz3OxA3t8Dc5lCQ	ym 2010s late mb albums p2
Bad Name	Gang Starr	One Of The Best Yet	LIKE	xIzzUesyTd4	MPREb_CTnu04LHdQE	UCPN9k1RTnz3OxA3t8Dc5lCQ	ym 2010s late mb albums p2
The Underdog	GUM	The Underdog	LIKE	Gos_whR2iuU	MPREb_KUctUeHnEmN	UC4FKlRxemR7reIi_vmmPjhw	ym 2010s late mb albums p2
The Blue Marble	GUM	The Underdog	LIKE	AWeE-JkYCi4	MPREb_KUctUeHnEmN	UC4FKlRxemR7reIi_vmmPjhw	ym 2010s late mb albums p2
Introduction	GUM	The Underdog	LIKE	nfGz4-Oz874	MPREb_KUctUeHnEmN	UC4FKlRxemR7reIi_vmmPjhw	ym 2010s late mb albums p2
Couldn't See Past My Ego	GUM	The Underdog	LIKE	a6HMkuS3-VE	MPREb_KUctUeHnEmN	UC4FKlRxemR7reIi_vmmPjhw	ym 2010s late mb albums p2
Try My Robe	GOAT	Requiem	LIKE	Q2BDNYbpuEY	MPREb_fTNxr8B076C	UCQTdBEx7AMHAz6JNAuvl1Yw	ym 2010s late mb albums p2
Goatfuzz	GOAT	Requiem	LIKE	8nTbXrz0nRc	MPREb_fTNxr8B076C	UCQTdBEx7AMHAz6JNAuvl1Yw	ym 2010s late mb albums p2
Narkopop 8	GAS	Narkopop	LIKE	5sFzXVm3JFg	MPREb_rK8yPLZYQpq	UCFTdPOWyX3YC0nb2qFeWLOA	ym 2010s late mb albums p2
Narkopop 3	GAS	Narkopop	LIKE	T5XSsjTQ_i0	MPREb_rK8yPLZYQpq	UCFTdPOWyX3YC0nb2qFeWLOA	ym 2010s late mb albums p2
Narkopop 10	GAS	Narkopop	LIKE	onYCzSqxOXY	MPREb_rK8yPLZYQpq	UCFTdPOWyX3YC0nb2qFeWLOA	ym 2010s late mb albums p2
Narkopop 1	GAS	Narkopop	LIKE	Ofjh4wj7bZs	MPREb_rK8yPLZYQpq	UCFTdPOWyX3YC0nb2qFeWLOA	ym 2010s late mb albums p2
Narkopop	GAS	Narkopop	LIKE	AgtbF35jf-4	MPREb_rK8yPLZYQpq	UCFTdPOWyX3YC0nb2qFeWLOA	ym 2010s late mb albums p2
Let It Live	Fuzz	II	LIKE	ehu9qd5rku8	MPREb_YXLuTrpvifM	UCZ5wcF_rfHH6bgLejJjqFMw	ym 2010s late mb albums p2
Vision	Futuristic & Devvon Terrell	Coast 2 Coast	LIKE	2gwTimYWghg	MPREb_SgNLgpWIvIt	UCV3gaSSIQ84PlR6Bd0w6I1w	ym 2010s late mb albums p2
Uh!	Futuristic & Devvon Terrell	Coast 2 Coast	LIKE	kk4--Nuz5Cg	MPREb_SgNLgpWIvIt	UCV3gaSSIQ84PlR6Bd0w6I1w	ym 2010s late mb albums p2
Sub Me In	Futuristic & Devvon Terrell	Coast 2 Coast	LIKE	I1UcpjnZqLs	MPREb_SgNLgpWIvIt	UCV3gaSSIQ84PlR6Bd0w6I1w	ym 2010s late mb albums p2
Roll Up	Futuristic & Devvon Terrell	Coast 2 Coast	LIKE	YoQaQzJ9cuA	MPREb_SgNLgpWIvIt	UCV3gaSSIQ84PlR6Bd0w6I1w	ym 2010s late mb albums p2
Playin With	Futuristic & Devvon Terrell	Coast 2 Coast	LIKE	nBjJ-oLsLNw	MPREb_SgNLgpWIvIt	UCV3gaSSIQ84PlR6Bd0w6I1w	ym 2010s late mb albums p2
I Want It All	Futuristic & Devvon Terrell	Coast 2 Coast	LIKE	M8R8LADbGBk	MPREb_SgNLgpWIvIt	UCV3gaSSIQ84PlR6Bd0w6I1w	ym 2010s late mb albums p2
Bodied	Futuristic & Devvon Terrell	Coast 2 Coast	LIKE	STUtek49w0M	MPREb_SgNLgpWIvIt	UCV3gaSSIQ84PlR6Bd0w6I1w	ym 2010s late mb albums p2
Now	Future	Purple Reign	LIKE	91ZpvXy9JKs	MPREb_fsCaiNjgQ2h	UC1_liDR4fRFJgH4HoJeV8cw	ym 2010s late mb albums p2
Mask Off	Future	FUTURE	LIKE	AMCwYdTJ_PE	MPREb_oj3xX6DIoZQ	UC1_liDR4fRFJgH4HoJeV8cw	ym 2010s late mb albums p2
Xanny Family	Future	EVOL	LIKE	ua1CloWBgNo	MPREb_FbJ8p7WnPbb	UC1_liDR4fRFJgH4HoJeV8cw	ym 2010s late mb albums p2
Wicked	Future	EVOL	LIKE	TXp7JW-lN8I	MPREb_FbJ8p7WnPbb	UC1_liDR4fRFJgH4HoJeV8cw	ym 2010s late mb albums p2
Low Life (feat. The Weeknd)	Future	EVOL	LIKE	j3OzH8URrng	MPREb_FbJ8p7WnPbb	UC1_liDR4fRFJgH4HoJeV8cw	ym 2010s late mb albums p2
Lie to Me	Future	EVOL	LIKE	9LlDUg-J1gw	MPREb_FbJ8p7WnPbb	UC1_liDR4fRFJgH4HoJeV8cw	ym 2010s late mb albums p2
Thought It Was a Drought	Future	DS2 (Deluxe)	LIKE	W3J9-OvxNpo	MPREb_woo1TLsv5SE	UC1_liDR4fRFJgH4HoJeV8cw	ym 2010s late mb albums p2
The Percocet & Stripper Joint	Future	DS2 (Deluxe)	LIKE	v54io9f0Wfk	MPREb_woo1TLsv5SE	UC1_liDR4fRFJgH4HoJeV8cw	ym 2010s late mb albums p2
Blood on the Money	Future	DS2 (Deluxe)	LIKE	jOLfUwgYYaM	MPREb_woo1TLsv5SE	UC1_liDR4fRFJgH4HoJeV8cw	ym 2010s late mb albums p2
Saccharine Sunshine	Froth	Bleak	LIKE	fPrVgPvieh0	MPREb_5MJZtWEiHWH	UC07KISmM9WHrT6pwPZHOvow	ym 2010s late mb albums p2
Richard Likes Grey Sky/Untitled (Feedback)	Froth	Bleak	LIKE	feY6JT-pRcM	MPREb_5MJZtWEiHWH	UC07KISmM9WHrT6pwPZHOvow	ym 2010s late mb albums p2
Nothing Baby	Froth	Bleak	LIKE	o9ku_zgUgWU	MPREb_5MJZtWEiHWH	UC07KISmM9WHrT6pwPZHOvow	ym 2010s late mb albums p2
Hometown (intro)	French 79	Joshua	LIKE	NF4z2F4wpZo	MPREb_1eqiCznGJWX	UC2IsGMjDoczl1h-EQZToIZg	ym 2010s late mb albums p2
Hometown	French 79	Joshua	LIKE	Tdivl1ZqmuI	MPREb_1eqiCznGJWX	UC2IsGMjDoczl1h-EQZToIZg	ym 2010s late mb albums p2
Time	Free Nationals	Free Nationals	LIKE	xdKgp4NohYk	MPREb_ydgn99Hhkax	UC5Hd1WkaGt-WM4uxe3O3_Qg	ym 2010s late mb albums p2
On Sight	Free Nationals	Free Nationals	LIKE	Y8i5hrNBG5g	MPREb_ydgn99Hhkax	UC5Hd1WkaGt-WM4uxe3O3_Qg	ym 2010s late mb albums p2
Lester Diamond	Free Nationals	Free Nationals	LIKE	Ei7Bo9ynTyc	MPREb_ydgn99Hhkax	UC5Hd1WkaGt-WM4uxe3O3_Qg	ym 2010s late mb albums p2
Eternal Light	Free Nationals	Free Nationals	LIKE	ZpIDrkIkqEE	MPREb_ydgn99Hhkax	UC5Hd1WkaGt-WM4uxe3O3_Qg	ym 2010s late mb albums p2
Triple Threat	Freddie Gibbs	Freddie	LIKE	_UBhSrN0dDM	MPREb_RWhPAaHZebH	UCTwMinUabRPEhNiMP9wgXAA	ym 2010s late mb albums p2
Set Set	Freddie Gibbs	Freddie	LIKE	ssJ84WW3LCI	MPREb_RWhPAaHZebH	UCTwMinUabRPEhNiMP9wgXAA	ym 2010s late mb albums p2
Situations	Freddie Gibbs	Bandana	LIKE	fVQwrBqRtuk	MPREb_dlfTIgBbcMc	UCTwMinUabRPEhNiMP9wgXAA	ym 2010s late mb albums p2
Practice	Freddie Gibbs	Bandana	LIKE	KRHzcIgpMU4	MPREb_dlfTIgBbcMc	UCTwMinUabRPEhNiMP9wgXAA	ym 2010s late mb albums p2
Palmolive (feat. Pusha T & Killer Mike)	Freddie Gibbs	Bandana	LIKE	9zwKKJaOiqc	MPREb_dlfTIgBbcMc	UCTwMinUabRPEhNiMP9wgXAA	ym 2010s late mb albums p2
Half Manne Half Cocaine	Freddie Gibbs	Bandana	LIKE	QkzPtvBl-do	MPREb_dlfTIgBbcMc	UCTwMinUabRPEhNiMP9wgXAA	ym 2010s late mb albums p2
Giannis (feat. Anderson .Paak)	Freddie Gibbs	Bandana	LIKE	5u9yWZoGVDU	MPREb_dlfTIgBbcMc	UCTwMinUabRPEhNiMP9wgXAA	ym 2010s late mb albums p2
Gat Damn	Freddie Gibbs	Bandana	LIKE	rbPbL1krMkU	MPREb_dlfTIgBbcMc	UCTwMinUabRPEhNiMP9wgXAA	ym 2010s late mb albums p2
Fake Names	Freddie Gibbs	Bandana	LIKE	NZvV_cn1BYI	MPREb_dlfTIgBbcMc	UCTwMinUabRPEhNiMP9wgXAA	ym 2010s late mb albums p2
Education (feat. Yasiin Bey & Black Thought)	Freddie Gibbs	Bandana	LIKE	7F9jdEHA6rk	MPREb_dlfTIgBbcMc	UCTwMinUabRPEhNiMP9wgXAA	ym 2010s late mb albums p2
Crime Pays	Freddie Gibbs	Bandana	LIKE	99G6GU7Vv4g	MPREb_dlfTIgBbcMc	UCTwMinUabRPEhNiMP9wgXAA	ym 2010s late mb albums p2
ZAM	Frankie and the Witch Fingers	ZAM	LIKE	ejIGHGhvrrA	MPREb_yRnZimhXB56	UCtv_kjZLUfvcTdbxXj-HDyw	ym 2010s late mb albums p2
Pleasure	Frankie and the Witch Fingers	ZAM	LIKE	zS4JYaLbolE	MPREb_yRnZimhXB56	UCtv_kjZLUfvcTdbxXj-HDyw	ym 2010s late mb albums p2
What If	Frankie Cosmos	Next Thing	LIKE	-tqPiE2wOqw	MPREb_Hutt79K6bf8	UCaO0_wxK62ldnVYyzriD7iA	ym 2010s late mb albums p2
Outside with the Cuties	Frankie Cosmos	Next Thing	LIKE	Pw69hO-R3Pk	MPREb_Hutt79K6bf8	UCaO0_wxK62ldnVYyzriD7iA	ym 2010s late mb albums p2
On the Lips	Frankie Cosmos	Next Thing	LIKE	L0Zf2uevdUA	MPREb_Hutt79K6bf8	UCaO0_wxK62ldnVYyzriD7iA	ym 2010s late mb albums p2
Fool	Frankie Cosmos	Next Thing	LIKE	hR2gq3Hdgw8	MPREb_Hutt79K6bf8	UCaO0_wxK62ldnVYyzriD7iA	ym 2010s late mb albums p2
Floated In	Frankie Cosmos	Next Thing	LIKE	-whu97BgEwo	MPREb_Hutt79K6bf8	UCaO0_wxK62ldnVYyzriD7iA	ym 2010s late mb albums p2
Skyline To	Frank Ocean	Blonde	LIKE	T2FA1BzehdY	MPREb_or9GipYFiAw	UCETYiBLjt2v-pcKSgf8pe6g	ym 2010s late mb albums p2
Self Control	Frank Ocean	Blonde	LIKE	RKD8sVVTEAA	MPREb_or9GipYFiAw	UCETYiBLjt2v-pcKSgf8pe6g	ym 2010s late mb albums p2
Pink + White	Frank Ocean	Blonde	LIKE	9cHbvRUALrc	MPREb_or9GipYFiAw	UCETYiBLjt2v-pcKSgf8pe6g	ym 2010s late mb albums p2
Nikes	Frank Ocean	Blonde	LIKE	fahxSXoXlsA	MPREb_or9GipYFiAw	UCETYiBLjt2v-pcKSgf8pe6g	ym 2010s late mb albums p2
Nights	Frank Ocean	Blonde	LIKE	Fx3b85eDQvw	MPREb_or9GipYFiAw	UCETYiBLjt2v-pcKSgf8pe6g	ym 2010s late mb albums p2
Ivy	Frank Ocean	Blonde	LIKE	x6QJPJO2w40	MPREb_or9GipYFiAw	UCETYiBLjt2v-pcKSgf8pe6g	ym 2010s late mb albums p2
Good Guy	Frank Ocean	Blonde	LIKE	t1ap-J3Kzr4	MPREb_or9GipYFiAw	UCETYiBLjt2v-pcKSgf8pe6g	ym 2010s late mb albums p2
Godspeed	Frank Ocean	Blonde	LIKE	bvh09LxXpAQ	MPREb_or9GipYFiAw	UCETYiBLjt2v-pcKSgf8pe6g	ym 2010s late mb albums p2
Close To You	Frank Ocean	Blonde	LIKE	ROgX9pXKPOg	MPREb_or9GipYFiAw	UCETYiBLjt2v-pcKSgf8pe6g	ym 2010s late mb albums p2
Follow the Leader	Foxygen	Hang	LIKE	O_EdgxikTuo	MPREb_OaIw03Q44hC	UCwRCAiWyrpxMa6tjy0D0WYw	ym 2010s late mb albums p2
Avalon	Foxygen	Hang	LIKE	kUf8zS3LoS0	MPREb_OaIw03Q44hC	UCwRCAiWyrpxMa6tjy0D0WYw	ym 2010s late mb albums p2
Two Thousand and Seventeen	Four Tet	New Energy	LIKE	ZNuaLyPMc48	MPREb_YJnz7wBBmwa	UCd6q-S_HAePombe72bczCkA	ym 2010s late mb albums p2
Tremper	Four Tet	New Energy	LIKE	j6n9M89l74w	MPREb_YJnz7wBBmwa	UCd6q-S_HAePombe72bczCkA	ym 2010s late mb albums p2
SW9 9SL	Four Tet	New Energy	LIKE	RnpmelIk25M	MPREb_YJnz7wBBmwa	UCd6q-S_HAePombe72bczCkA	ym 2010s late mb albums p2
Planet	Four Tet	New Energy	LIKE	-R1drDULvCg	MPREb_YJnz7wBBmwa	UCd6q-S_HAePombe72bczCkA	ym 2010s late mb albums p2
Memories	Four Tet	New Energy	LIKE	6bUdxJbNtgo	MPREb_YJnz7wBBmwa	UCd6q-S_HAePombe72bczCkA	ym 2010s late mb albums p2
Lush	Four Tet	New Energy	LIKE	o2Mvg_F_ox0	MPREb_YJnz7wBBmwa	UCd6q-S_HAePombe72bczCkA	ym 2010s late mb albums p2
LA Trance	Four Tet	New Energy	LIKE	rmwYFZRCoJo	MPREb_YJnz7wBBmwa	UCd6q-S_HAePombe72bczCkA	ym 2010s late mb albums p2
Daughter	Four Tet	New Energy	LIKE	EyKdiSjqrto	MPREb_YJnz7wBBmwa	UCd6q-S_HAePombe72bczCkA	ym 2010s late mb albums p2
Alap	Four Tet	New Energy	LIKE	_taciZYKHhM	MPREb_YJnz7wBBmwa	UCd6q-S_HAePombe72bczCkA	ym 2010s late mb albums p2
Taste	Forth Wanderers	Forth Wanderers	LIKE	LRWL5DzEqQ0	MPREb_TdhcgmnPz7i	UCGTas70W3ZtO10zAw4ZvhzQ	ym 2010s late mb albums p2
Saunter	Forth Wanderers	Forth Wanderers	LIKE	JVfd2e1ev_g	MPREb_TdhcgmnPz7i	UCGTas70W3ZtO10zAw4ZvhzQ	ym 2010s late mb albums p2
Nevermine	Forth Wanderers	Forth Wanderers	LIKE	hvngCN-7h9o	MPREb_TdhcgmnPz7i	UCGTas70W3ZtO10zAw4ZvhzQ	ym 2010s late mb albums p2
Ages Ago	Forth Wanderers	Forth Wanderers	LIKE	ocE9HQfNzqE	MPREb_TdhcgmnPz7i	UCGTas70W3ZtO10zAw4ZvhzQ	ym 2010s late mb albums p2
New Wave	Fort Romeau	Insides	LIKE	D2MjxX3nmXQ	MPREb_zYexjV9LSCo	UCz7q5D7TGbeWJ4NnVHgsQ3Q	ym 2010s late mb albums p2
Insides	Fort Romeau	Insides	LIKE	ZBGApt4yqHs	MPREb_zYexjV9LSCo	UCz7q5D7TGbeWJ4NnVHgsQ3Q	ym 2010s late mb albums p2
Folle	Fort Romeau	Insides	LIKE	J1FrtVkedS0	MPREb_zYexjV9LSCo	UCz7q5D7TGbeWJ4NnVHgsQ3Q	ym 2010s late mb albums p2
Crow (DJ-Kicks) (Mixed)	Forest Swords	DJ-Kicks (Mixed Tracks)	LIKE	jtXBocMpnaM	MPREb_Wo1iKDWlDEt	UCsIRWWLzm_nzDkKipCE349A	ym 2010s late mb albums p2
War It	Forest Swords	Compassion	LIKE	GG9MtghNek0	MPREb_2T4jx7oZLaf	UCsIRWWLzm_nzDkKipCE349A	ym 2010s late mb albums p2
The Highest Flood	Forest Swords	Compassion	LIKE	t0zeNJLkwWA	MPREb_2T4jx7oZLaf	UCsIRWWLzm_nzDkKipCE349A	ym 2010s late mb albums p2
Raw Language	Forest Swords	Compassion	LIKE	3oGiYXOuxFs	MPREb_2T4jx7oZLaf	UCsIRWWLzm_nzDkKipCE349A	ym 2010s late mb albums p2
Panic	Forest Swords	Compassion	LIKE	UIMDpnpDrv0	MPREb_2T4jx7oZLaf	UCsIRWWLzm_nzDkKipCE349A	ym 2010s late mb albums p2
Border Margin Barrier	Forest Swords	Compassion	LIKE	29JXDptKgFM	MPREb_2T4jx7oZLaf	UCsIRWWLzm_nzDkKipCE349A	ym 2010s late mb albums p2
Sha Sha Sha	Fontaines D.C.	Dogrel	LIKE	Q7oBkBI4wdQ	MPREb_nD5v2WbjG4I	UC0nEcTGDKDsdF4KcCh3-NUQ	ym 2010s late mb albums p2
Boys In the Better Land	Fontaines D.C.	Dogrel	LIKE	3A8mPMZOc5Q	MPREb_nD5v2WbjG4I	UC0nEcTGDKDsdF4KcCh3-NUQ	ym 2010s late mb albums p2
Big	Fontaines D.C.	Dogrel	LIKE	7eM4MkqvDiY	MPREb_nD5v2WbjG4I	UC0nEcTGDKDsdF4KcCh3-NUQ	ym 2010s late mb albums p2
The Runner	Foals	Everything Not Saved Will Be Lost Part II	LIKE	1slVNBnHKjg	MPREb_jqUknItjFa5	UCKbSM-2Qu8hCdLDdzpFa0eQ	ym 2010s late mb albums p2
Sunday (CCTV Sessions)	Foals	Everything Not Saved Will Be Lost Part II	LIKE	ECOplsdn1hA	MPREb_jqUknItjFa5	UCKbSM-2Qu8hCdLDdzpFa0eQ	ym 2010s late mb albums p2
Red Desert	Foals	Everything Not Saved Will Be Lost Part II	LIKE	softx-Y_jLw	MPREb_jqUknItjFa5	UCKbSM-2Qu8hCdLDdzpFa0eQ	ym 2010s late mb albums p2
Into the Surf	Foals	Everything Not Saved Will Be Lost Part II	LIKE	j_BXX2iBh_4	MPREb_jqUknItjFa5	UCKbSM-2Qu8hCdLDdzpFa0eQ	ym 2010s late mb albums p2
Exits (CCTV Sessions)	Foals	Everything Not Saved Will Be Lost Part II	LIKE	wRUWV0zg7Bk	MPREb_jqUknItjFa5	UCKbSM-2Qu8hCdLDdzpFa0eQ	ym 2010s late mb albums p2
Yellow Belly (feat. Tierra Whack)	Flying Lotus	Flamagra	LIKE	9TUaC58csaY	MPREb_lWkRcWrJpkp	UCJvOvKwxPEL-4RtSvu_nWhQ	ym 2010s late mb albums p2
Takashi	Flying Lotus	Flamagra	LIKE	QbBOKUa4dho	MPREb_lWkRcWrJpkp	UCJvOvKwxPEL-4RtSvu_nWhQ	ym 2010s late mb albums p2
Spontaneous (feat. Little Dragon)	Flying Lotus	Flamagra	LIKE	l__SeFDNMbw	MPREb_lWkRcWrJpkp	UCJvOvKwxPEL-4RtSvu_nWhQ	ym 2010s late mb albums p2
Say Something	Flying Lotus	Flamagra	LIKE	WRYenycZfz4	MPREb_lWkRcWrJpkp	UCJvOvKwxPEL-4RtSvu_nWhQ	ym 2010s late mb albums p2
Remind U	Flying Lotus	Flamagra	LIKE	kwOKyuZFE0U	MPREb_lWkRcWrJpkp	UCJvOvKwxPEL-4RtSvu_nWhQ	ym 2010s late mb albums p2
Pygmy	Flying Lotus	Flamagra	LIKE	TqCZXMmTlps	MPREb_lWkRcWrJpkp	UCJvOvKwxPEL-4RtSvu_nWhQ	ym 2010s late mb albums p2
Post Requisite	Flying Lotus	Flamagra	LIKE	9oeeWljIEvU	MPREb_lWkRcWrJpkp	UCJvOvKwxPEL-4RtSvu_nWhQ	ym 2010s late mb albums p2
More (feat. Anderson .Paak)	Flying Lotus	Flamagra	LIKE	BYlEF26vrSQ	MPREb_lWkRcWrJpkp	UCJvOvKwxPEL-4RtSvu_nWhQ	ym 2010s late mb albums p2
Land Of Honey (feat. Solange)	Flying Lotus	Flamagra	LIKE	s-4D3gynsVg	MPREb_lWkRcWrJpkp	UCJvOvKwxPEL-4RtSvu_nWhQ	ym 2010s late mb albums p2
Heroes	Flying Lotus	Flamagra	LIKE	LdE4YSv6MiU	MPREb_lWkRcWrJpkp	UCJvOvKwxPEL-4RtSvu_nWhQ	ym 2010s late mb albums p2
Fire Is Coming (feat. David Lynch)	Flying Lotus	Flamagra	LIKE	UwMrMw4j3PQ	MPREb_lWkRcWrJpkp	UCJvOvKwxPEL-4RtSvu_nWhQ	ym 2010s late mb albums p2
FF4	Flying Lotus	Flamagra	LIKE	o-WVnnD8638	MPREb_lWkRcWrJpkp	UCJvOvKwxPEL-4RtSvu_nWhQ	ym 2010s late mb albums p2
Debbie Is Depressed	Flying Lotus	Flamagra	LIKE	4Dgytwra6yQ	MPREb_lWkRcWrJpkp	UCJvOvKwxPEL-4RtSvu_nWhQ	ym 2010s late mb albums p2
Capillaries	Flying Lotus	Flamagra	LIKE	Y6LQ2F5MwDY	MPREb_lWkRcWrJpkp	UCJvOvKwxPEL-4RtSvu_nWhQ	ym 2010s late mb albums p2
Black Balloons Reprise (feat. Denzel Curry)	Flying Lotus	Flamagra	LIKE	UNG4tVDMUgI	MPREb_lWkRcWrJpkp	UCJvOvKwxPEL-4RtSvu_nWhQ	ym 2010s late mb albums p2
Andromeda	Flying Lotus	Flamagra	LIKE	w1uqTTlU8CI	MPREb_lWkRcWrJpkp	UCJvOvKwxPEL-4RtSvu_nWhQ	ym 2010s late mb albums p2
All Spies	Flying Lotus	Flamagra	LIKE	d46Vm11f90U	MPREb_lWkRcWrJpkp	UCJvOvKwxPEL-4RtSvu_nWhQ	ym 2010s late mb albums p2
9 Carrots (feat. Toro y Moi)	Flying Lotus	Flamagra	LIKE	SP5uBiBaR7Q	MPREb_lWkRcWrJpkp	UCJvOvKwxPEL-4RtSvu_nWhQ	ym 2010s late mb albums p2
You Know (feat. Allan Kingdom & Raekwon)	Flume	Skin	LIKE	-ncdeAtEYUM	MPREb_KlNEqsfbcoP	UCEdhHl4ZB0JXIinqZ367F6w	ym 2010s late mb albums p2
Take a Chance (feat. Little Dragon)	Flume	Skin	LIKE	vI_VVizSRjo	MPREb_KlNEqsfbcoP	UCEdhHl4ZB0JXIinqZ367F6w	ym 2010s late mb albums p2
Smoke & Retribution (feat. Vince Staples, Kučka & feat. Vince Staples)	Flume	Skin	LIKE	OhrvwaBGjYo	MPREb_KlNEqsfbcoP	UCEdhHl4ZB0JXIinqZ367F6w	ym 2010s late mb albums p2
Numb & Getting Colder (feat. Kučka)	Flume	Skin	LIKE	tY18ifRExlU	MPREb_KlNEqsfbcoP	UCEdhHl4ZB0JXIinqZ367F6w	ym 2010s late mb albums p2
Never Be Like You (feat. Kai)	Flume	Skin	LIKE	JiB8i2GA_l8	MPREb_KlNEqsfbcoP	UCEdhHl4ZB0JXIinqZ367F6w	ym 2010s late mb albums p2
Lose It (feat. Vic Mensa)	Flume	Skin	LIKE	ds4HFBvS9yM	MPREb_KlNEqsfbcoP	UCEdhHl4ZB0JXIinqZ367F6w	ym 2010s late mb albums p2
Helix	Flume	Skin	LIKE	Chclsrwm6VA	MPREb_KlNEqsfbcoP	UCEdhHl4ZB0JXIinqZ367F6w	ym 2010s late mb albums p2
3	Flume	Skin	LIKE	d8Kvk2GFgLI	MPREb_KlNEqsfbcoP	UCEdhHl4ZB0JXIinqZ367F6w	ym 2010s late mb albums p2
Spring	Flume	Hi This Is Flume (Mixtape)	LIKE	NgRkm1CsECk	MPREb_D5V0mm6QF4j	UCEdhHl4ZB0JXIinqZ367F6w	ym 2010s late mb albums p2
MUD	Flume	Hi This Is Flume (Mixtape)	LIKE	9XsPZ1NdVBk	MPREb_D5V0mm6QF4j	UCEdhHl4ZB0JXIinqZ367F6w	ym 2010s late mb albums p2
Jewel	Flume	Hi This Is Flume (Mixtape)	LIKE	z1easrxhXkU	MPREb_D5V0mm6QF4j	UCEdhHl4ZB0JXIinqZ367F6w	ym 2010s late mb albums p2
Is It Cold In The Water? (Flume & Eprom Remix)	Flume	Hi This Is Flume (Mixtape)	LIKE	ZC3LJaFfwLw	MPREb_D5V0mm6QF4j	UCEdhHl4ZB0JXIinqZ367F6w	ym 2010s late mb albums p2
Hi This Is Flume	Flume	Hi This Is Flume (Mixtape)	LIKE	l_XT8QYUbDA	MPREb_D5V0mm6QF4j	UCEdhHl4ZB0JXIinqZ367F6w	ym 2010s late mb albums p2
Ecdysis	Flume	Hi This Is Flume (Mixtape)	LIKE	Dz9cQ72C-nE	MPREb_D5V0mm6QF4j	UCEdhHl4ZB0JXIinqZ367F6w	ym 2010s late mb albums p2
Daze 22.00	Flume	Hi This Is Flume (Mixtape)	LIKE	wjnAAx0eSnc	MPREb_D5V0mm6QF4j	UCEdhHl4ZB0JXIinqZ367F6w	ym 2010s late mb albums p2
Amber	Flume	Hi This Is Flume (Mixtape)	LIKE	9F44x2G7MFE	MPREb_D5V0mm6QF4j	UCEdhHl4ZB0JXIinqZ367F6w	ym 2010s late mb albums p2
71m3	Flume	Hi This Is Flume (Mixtape)	LIKE	mMn_djDEbYo	MPREb_D5V0mm6QF4j	UCEdhHl4ZB0JXIinqZ367F6w	ym 2010s late mb albums p2
Rollup	Flosstradamus	Jubilation 2.0	LIKE	qFJC8RYb_2A	MPREb_Pk9P50aqAXN	UCTMLYsyE2WmpfXikJlPhZHw	ym 2010s late mb albums p2
Thin Air	Floating Points	Elaenia	LIKE	4S8TdfXMoiE	MPREb_FsxOogK6Amh	UCHLmGIlqt6qD8JlWIlWhs0A	ym 2010s late mb albums p2
Peroration Six	Floating Points	Elaenia	LIKE	D1HA0QC2y-g	MPREb_FsxOogK6Amh	UCHLmGIlqt6qD8JlWIlWhs0A	ym 2010s late mb albums p2
For Marmish	Floating Points	Elaenia	LIKE	JkpT-xiSTBE	MPREb_FsxOogK6Amh	UCHLmGIlqt6qD8JlWIlWhs0A	ym 2010s late mb albums p2
Elaenia	Floating Points	Elaenia	LIKE	bxpSp_Pwxbg	MPREb_FsxOogK6Amh	UCHLmGIlqt6qD8JlWIlWhs0A	ym 2010s late mb albums p2
Mind (feat. Kai)	Diplo	Skrillex and Diplo present Jack Ü	LIKE	U_h1NScp1_o	MPREb_FSinYejkLSt	UCUdWCvEitovExLOcGP11pHg	ym 2010s late mb albums p2
Sing Soprano	ｊａｒｊａｒｊｒ	Fallen Angel	INDIFFERENT	KZLUCLB4ARA	MPREb_adiFykAH1MP	UCFaq5BDc9tjq-peJMwFXfGw	ym 2010s late mb albums p2
End Game	ｊａｒｊａｒｊｒ	Fallen Angel	INDIFFERENT	60mXvP3xyYY	MPREb_adiFykAH1MP	UCFaq5BDc9tjq-peJMwFXfGw	ym 2010s late mb albums p2
Cast the First Stone	ｊａｒｊａｒｊｒ	Fallen Angel	INDIFFERENT	2UQLQIFxb_4	MPREb_adiFykAH1MP	UCFaq5BDc9tjq-peJMwFXfGw	ym 2010s late mb albums p2
Beyond Redemption	ｊａｒｊａｒｊｒ	Fallen Angel	INDIFFERENT	jNlN7VfL13k	MPREb_adiFykAH1MP	UCFaq5BDc9tjq-peJMwFXfGw	ym 2010s late mb albums p2
Gadni (Spirit of the Mountain) (Mixed)	Ánde Somby	DJ-Kicks (Mixed Tracks)	INDIFFERENT	kqAv45fstCg	MPREb_Wo1iKDWlDEt	UCZzJPWscXu3mmpdDejpw0Jw	ym 2010s late mb albums p2
Talk To Yourself	glue70	After School	INDIFFERENT	S76Y8m0jnVI	MPREb_9GlGyPhoS1A	UCB4JZ3z7NjEzy82AupEGWNg	ym 2010s late mb albums p2
See (Everything)	glue70	After School	INDIFFERENT	vxBa3qsDu2k	MPREb_9GlGyPhoS1A	UCB4JZ3z7NjEzy82AupEGWNg	ym 2010s late mb albums p2
Same Cafe	glue70	After School	INDIFFERENT	j3PNw8MDndc	MPREb_9GlGyPhoS1A	UCB4JZ3z7NjEzy82AupEGWNg	ym 2010s late mb albums p2
Human Features (feat. Steve Hawkins)	glue70	After School	INDIFFERENT	kw28KZ6VrQw	MPREb_9GlGyPhoS1A	UCB4JZ3z7NjEzy82AupEGWNg	ym 2010s late mb albums p2
Killed Before	Young Thug	SUPER SLIMEY	INDIFFERENT	HrXhXjQlDJo	MPREb_qxMLkgoEmN1	UCm6WwhIkHJFRGQd7ttnr9lQ	ym 2010s late mb albums p2
Cruise Ship	Young Thug	SUPER SLIMEY	INDIFFERENT	BunedkOHJCM	MPREb_qxMLkgoEmN1	UCm6WwhIkHJFRGQd7ttnr9lQ	ym 2010s late mb albums p2
Otan Osaa (Mixed)	Vladislav Delay	Fabriclive 100: Kode9 & Burial (DJ Mix)	INDIFFERENT	R0z7Y_satwo	MPREb_oTznNtUT8Si	UCFSZg0esjsoqdB8GsWyEbHg	ym 2010s late mb albums p2
B9 (Mixed)	Virgin	Fabriclive 100: Kode9 & Burial (DJ Mix)	INDIFFERENT	99NEfsQl6vM	MPREb_oTznNtUT8Si	UCS_H9EcYGOXyMSe23_7isFg	ym 2010s late mb albums p2
Metamesonyxtia Narkogyra (Mixed)	Victim Rebirth	Fabriclive 100: Kode9 & Burial (DJ Mix)	INDIFFERENT	O8KiE273zpI	MPREb_oTznNtUT8Si		ym 2010s late mb albums p2
Here Before (Mixed)	Vashti Bunyan	DJ-Kicks (Mixed Tracks)	INDIFFERENT	NOU82amhYfk	MPREb_Wo1iKDWlDEt	UCAsYIm0d6ISVF_AUF_kfRig	ym 2010s late mb albums p2
Untitled [Mixed] (feat. David Hykes)	Untitled	Fabriclive 100: Kode9 & Burial (DJ Mix)	INDIFFERENT	h4ZzuIlI1F8	MPREb_oTznNtUT8Si	UCnDlrdTOqNcS5-0UIEhgCvw	ym 2010s late mb albums p2
Nimb#59	Toshimaru Nakamura	Late Night Tales: Floating Points	INDIFFERENT	CDQuueaDFB8	MPREb_5HOpfBzfY02	UCzPhvpj_10u4tDt9rTNzyig	ym 2010s late mb albums p2
The Truths (Mixed)	Tokyo Prose & FIS	DJ-Kicks (Mixed Tracks)	INDIFFERENT	wEVBe2jU4z4	MPREb_Wo1iKDWlDEt		ym 2010s late mb albums p2
Wavelength	The Mattson 2	Paradise	INDIFFERENT	KKQWGR7hdoQ	MPREb_LiKVBEEx6bR	UC0t2EHfEvvnuVWbeW5XyVag	ym 2010s late mb albums p2
Shell Beach	The Mattson 2	Paradise	INDIFFERENT	O-LqEtxMXsI	MPREb_LiKVBEEx6bR	UC0t2EHfEvvnuVWbeW5XyVag	ym 2010s late mb albums p2
Seacliff	The Mattson 2	Paradise	INDIFFERENT	d7VE3ILTCL0	MPREb_LiKVBEEx6bR	UC0t2EHfEvvnuVWbeW5XyVag	ym 2010s late mb albums p2
Paradise	The Mattson 2	Paradise	INDIFFERENT	C5au5KbZE84	MPREb_LiKVBEEx6bR	UC0t2EHfEvvnuVWbeW5XyVag	ym 2010s late mb albums p2
Moonlight Motel	The Mattson 2	Paradise	INDIFFERENT	qd-mILy_rg0	MPREb_LiKVBEEx6bR	UC0t2EHfEvvnuVWbeW5XyVag	ym 2010s late mb albums p2
Isela	The Mattson 2	Paradise	INDIFFERENT	G51wvH1nR2Q	MPREb_LiKVBEEx6bR	UC0t2EHfEvvnuVWbeW5XyVag	ym 2010s late mb albums p2
Essence	The Mattson 2	Paradise	INDIFFERENT	K_GkbhaA700	MPREb_LiKVBEEx6bR	UC0t2EHfEvvnuVWbeW5XyVag	ym 2010s late mb albums p2
Darkness Surrender	The Mattson 2	Paradise	INDIFFERENT	o1yLBQOdiXQ	MPREb_LiKVBEEx6bR	UC0t2EHfEvvnuVWbeW5XyVag	ym 2010s late mb albums p2
Ruthless	The Marías	Superclean, Vol. II	INDIFFERENT	s-8lUvdmnlQ	MPREb_z2K0GCbmAau	UCVV5M4OEFsKnB9HBhwOhHbA	ym 2010s late mb albums p2
Loverboy	The Marías	Superclean, Vol. II	INDIFFERENT	r0j-Il_hS6c	MPREb_z2K0GCbmAau	UCVV5M4OEFsKnB9HBhwOhHbA	ym 2010s late mb albums p2
I Like It	The Marías	Superclean, Vol. I	INDIFFERENT	2bkvMcpSvXs	MPREb_kZ3oO4EYveP	UCVV5M4OEFsKnB9HBhwOhHbA	ym 2010s late mb albums p2
Déjate Llevar	The Marías	Superclean, Vol. I	INDIFFERENT	y2ZdqYde2yQ	MPREb_kZ3oO4EYveP	UCVV5M4OEFsKnB9HBhwOhHbA	ym 2010s late mb albums p2
Too Good To Be True	The Madcaps	The Madcaps	INDIFFERENT	UcDv42aMaAQ	MPREb_bhTsBqwqE3y	UC7h01KWIGAA1sR6wicuwsFQ	ym 2010s late mb albums p2
One Last Hit	The Madcaps	The Madcaps	INDIFFERENT	IGhuwxLQJ1o	MPREb_bhTsBqwqE3y	UC7h01KWIGAA1sR6wicuwsFQ	ym 2010s late mb albums p2
Nothing To Do	The Madcaps	The Madcaps	INDIFFERENT	9Yq50lGFa5s	MPREb_bhTsBqwqE3y	UC7h01KWIGAA1sR6wicuwsFQ	ym 2010s late mb albums p2
High School Trouble Maker	The Madcaps	The Madcaps	INDIFFERENT	JtGQKJBpBEs	MPREb_bhTsBqwqE3y	UC7h01KWIGAA1sR6wicuwsFQ	ym 2010s late mb albums p2
Haunted House	The Madcaps	The Madcaps	INDIFFERENT	Mse2A50wx7M	MPREb_bhTsBqwqE3y	UC7h01KWIGAA1sR6wicuwsFQ	ym 2010s late mb albums p2
8000 Miles From Home	The Madcaps	The Madcaps	INDIFFERENT	q15D3RqCYHY	MPREb_bhTsBqwqE3y	UC7h01KWIGAA1sR6wicuwsFQ	ym 2010s late mb albums p2
Pilentse Pee (Mixed)	The London Bulgarian Choir	DJ-Kicks (Mixed Tracks)	INDIFFERENT	FdHul5rqQ6Y	MPREb_Wo1iKDWlDEt	UC4oTLF-RJfxISDtU1the1uw	ym 2010s late mb albums p2
Wilder Style	The Lions	Soul Riot	INDIFFERENT	hSJMWEF3QDE	MPREb_mCWpnnjnNBp	UCvm1Z9rmRrh0jwzAWRx9A1Q	ym 2010s late mb albums p2
Feels Good	The Lions	Soul Riot	INDIFFERENT	JmurlzN1ndg	MPREb_mCWpnnjnNBp	UCvm1Z9rmRrh0jwzAWRx9A1Q	ym 2010s late mb albums p2
Used To Be My Girl	The Last Shadow Puppets	Everything You’ve Come To Expect	INDIFFERENT	ZbfnLSoafmo	MPREb_1WOL6rVTDAQ	UCgHH2qg9BvDCf8cVxO4PwoQ	ym 2010s late mb albums p2
The Element Of Surprise	The Last Shadow Puppets	Everything You’ve Come To Expect	INDIFFERENT	kmGiAr_sbH4	MPREb_1WOL6rVTDAQ	UCgHH2qg9BvDCf8cVxO4PwoQ	ym 2010s late mb albums p2
The Dream Synopsis	The Last Shadow Puppets	Everything You’ve Come To Expect	INDIFFERENT	-ivSSsNq3i0	MPREb_1WOL6rVTDAQ	UCgHH2qg9BvDCf8cVxO4PwoQ	ym 2010s late mb albums p2
The Bourne Identity	The Last Shadow Puppets	Everything You’ve Come To Expect	INDIFFERENT	VzAqvxcZKto	MPREb_1WOL6rVTDAQ	UCgHH2qg9BvDCf8cVxO4PwoQ	ym 2010s late mb albums p2
She Does The Woods	The Last Shadow Puppets	Everything You’ve Come To Expect	INDIFFERENT	BDMC7ZFS1xg	MPREb_1WOL6rVTDAQ	UCgHH2qg9BvDCf8cVxO4PwoQ	ym 2010s late mb albums p2
Miracle Aligner	The Last Shadow Puppets	Everything You’ve Come To Expect	INDIFFERENT	c5vUIhnfZbk	MPREb_1WOL6rVTDAQ	UCgHH2qg9BvDCf8cVxO4PwoQ	ym 2010s late mb albums p2
Dracula Teeth	The Last Shadow Puppets	Everything You’ve Come To Expect	INDIFFERENT	dqJHHZ4PA4E	MPREb_1WOL6rVTDAQ	UCgHH2qg9BvDCf8cVxO4PwoQ	ym 2010s late mb albums p2
Bad Habits	The Last Shadow Puppets	Everything You’ve Come To Expect	INDIFFERENT	oMHdg4E-Q8A	MPREb_1WOL6rVTDAQ	UCgHH2qg9BvDCf8cVxO4PwoQ	ym 2010s late mb albums p2
Long Hot Summer Night	The Jimi Hendrix Experience	Electric Ladyland	INDIFFERENT	PkH0OiKyKDE	MPREb_xl4MnHmyujn	UC5NwXf8hOgZgInaYiOCZmUg	ym 2010s late mb albums p2
House Burning Down	The Jimi Hendrix Experience	Electric Ladyland	INDIFFERENT	VC40Y6VosO0	MPREb_xl4MnHmyujn	UC5NwXf8hOgZgInaYiOCZmUg	ym 2010s late mb albums p2
Wanna Be	The Internet	Hive Mind	INDIFFERENT	5mVCI0794LY	MPREb_dmCI4yQHTku	UCV47BDFlKr2OCNLrAyj7ATQ	ym 2010s late mb albums p2
Stay the Night	The Internet	Hive Mind	INDIFFERENT	KYXmcQWyjnM	MPREb_dmCI4yQHTku	UCV47BDFlKr2OCNLrAyj7ATQ	ym 2010s late mb albums p2
Mood	The Internet	Hive Mind	INDIFFERENT	2vZDVpf7-tM	MPREb_dmCI4yQHTku	UCV47BDFlKr2OCNLrAyj7ATQ	ym 2010s late mb albums p2
Look What U Started	The Internet	Hive Mind	INDIFFERENT	frCrBTtumyg	MPREb_dmCI4yQHTku	UCV47BDFlKr2OCNLrAyj7ATQ	ym 2010s late mb albums p2
La Di Da	The Internet	Hive Mind	INDIFFERENT	T6oxNNQDHmI	MPREb_dmCI4yQHTku	UCV47BDFlKr2OCNLrAyj7ATQ	ym 2010s late mb albums p2
It Gets Better (With Time)	The Internet	Hive Mind	INDIFFERENT	vZ-k-jrwxaU	MPREb_dmCI4yQHTku	UCV47BDFlKr2OCNLrAyj7ATQ	ym 2010s late mb albums p2
Come Together	The Internet	Hive Mind	INDIFFERENT	86CYfaLrq0o	MPREb_dmCI4yQHTku	UCV47BDFlKr2OCNLrAyj7ATQ	ym 2010s late mb albums p2
Come Over	The Internet	Hive Mind	INDIFFERENT	UPCwQnGPByA	MPREb_dmCI4yQHTku	UCV47BDFlKr2OCNLrAyj7ATQ	ym 2010s late mb albums p2
Bravo	The Internet	Hive Mind	INDIFFERENT	8p6B13sB_ng	MPREb_dmCI4yQHTku	UCV47BDFlKr2OCNLrAyj7ATQ	ym 2010s late mb albums p2
Beat Goes On	The Internet	Hive Mind	INDIFFERENT	XDDQQpw1KAo	MPREb_dmCI4yQHTku	UCV47BDFlKr2OCNLrAyj7ATQ	ym 2010s late mb albums p2
Under Control	The Internet	Ego Death	INDIFFERENT	sG5bCSLDF8M	MPREb_0BzYIapZjcz	UCV47BDFlKr2OCNLrAyj7ATQ	ym 2010s late mb albums p2
Somthing's Missing	The Internet	Ego Death	INDIFFERENT	cut1o6buefk	MPREb_0BzYIapZjcz	UCV47BDFlKr2OCNLrAyj7ATQ	ym 2010s late mb albums p2
Penthouse Cloud	The Internet	Ego Death	INDIFFERENT	Kg6iQCCBTlE	MPREb_0BzYIapZjcz	UCV47BDFlKr2OCNLrAyj7ATQ	ym 2010s late mb albums p2
Partners in Crime Part Three	The Internet	Ego Death	INDIFFERENT	zaDkOfvwWzc	MPREb_0BzYIapZjcz	UCV47BDFlKr2OCNLrAyj7ATQ	ym 2010s late mb albums p2
Palace/Curse (feat. Tyler, The Creator & Steve Lacy)	The Internet	Ego Death	INDIFFERENT	Uml5YDmbiQw	MPREb_0BzYIapZjcz	UCV47BDFlKr2OCNLrAyj7ATQ	ym 2010s late mb albums p2
Go with It (feat. VIC MENSA)	The Internet	Ego Death	INDIFFERENT	SHeyn79Oq28	MPREb_0BzYIapZjcz	UCV47BDFlKr2OCNLrAyj7ATQ	ym 2010s late mb albums p2
For the World (feat. James Fauntleroy)	The Internet	Ego Death	INDIFFERENT	yt1I-COevxc	MPREb_0BzYIapZjcz	UCV47BDFlKr2OCNLrAyj7ATQ	ym 2010s late mb albums p2
You In This Light	The Hotelier	Goodness	INDIFFERENT	nDmCmcgEvUk	MPREb_Irj5sdwTW6g	UCOzb3QMd74F2ghSYx0Z9X9g	ym 2010s late mb albums p2
Two Deliverances	The Hotelier	Goodness	INDIFFERENT	CEuM-Thjjsg	MPREb_Irj5sdwTW6g	UCOzb3QMd74F2ghSYx0Z9X9g	ym 2010s late mb albums p2
Sun	The Hotelier	Goodness	INDIFFERENT	Z78BO-zUjF0	MPREb_Irj5sdwTW6g	UCOzb3QMd74F2ghSYx0Z9X9g	ym 2010s late mb albums p2
Soft Animal	The Hotelier	Goodness	INDIFFERENT	dc2TEVKP_kA	MPREb_Irj5sdwTW6g	UCOzb3QMd74F2ghSYx0Z9X9g	ym 2010s late mb albums p2
Settle The Scar	The Hotelier	Goodness	INDIFFERENT	ujQFride4NM	MPREb_Irj5sdwTW6g	UCOzb3QMd74F2ghSYx0Z9X9g	ym 2010s late mb albums p2
Piano Player	The Hotelier	Goodness	INDIFFERENT	bWPXVxsEoks	MPREb_Irj5sdwTW6g	UCOzb3QMd74F2ghSYx0Z9X9g	ym 2010s late mb albums p2
Opening Mail For My Grandmother	The Hotelier	Goodness	INDIFFERENT	pdSODoiFU1Q	MPREb_Irj5sdwTW6g	UCOzb3QMd74F2ghSYx0Z9X9g	ym 2010s late mb albums p2
N 43° 59' 38.927' W 71° 23' 45.27''	The Hotelier	Goodness	INDIFFERENT	sosn6R1Mqm0	MPREb_Irj5sdwTW6g	UCOzb3QMd74F2ghSYx0Z9X9g	ym 2010s late mb albums p2
N 43° 33' 55.676' W 72° 45' 11.914'	The Hotelier	Goodness	INDIFFERENT	6VnpoltbIW8	MPREb_Irj5sdwTW6g	UCOzb3QMd74F2ghSYx0Z9X9g	ym 2010s late mb albums p2
N 42° 6' 3.001' W 71° 55' 3.295'	The Hotelier	Goodness	INDIFFERENT	s38JHmc_gCA	MPREb_Irj5sdwTW6g	UCOzb3QMd74F2ghSYx0Z9X9g	ym 2010s late mb albums p2
Goodness, Pt. 2	The Hotelier	Goodness	INDIFFERENT	-rpogY3n6pU	MPREb_Irj5sdwTW6g	UCOzb3QMd74F2ghSYx0Z9X9g	ym 2010s late mb albums p2
Fear Of Good	The Hotelier	Goodness	INDIFFERENT	_J7UF4BFZfU	MPREb_Irj5sdwTW6g	UCOzb3QMd74F2ghSYx0Z9X9g	ym 2010s late mb albums p2
End of Reel	The Hotelier	Goodness	INDIFFERENT	dAn6umzShUw	MPREb_Irj5sdwTW6g	UCOzb3QMd74F2ghSYx0Z9X9g	ym 2010s late mb albums p2
World Below	The Horrors	V	INDIFFERENT	9JQIzmyRCgM	MPREb_XzxnPqzbQdZ	UCDwDPWxlTisVB5HeS11EeVw	ym 2010s late mb albums p2
Weighed Down	The Horrors	V	INDIFFERENT	ZHGVDNus-TM	MPREb_XzxnPqzbQdZ	UCDwDPWxlTisVB5HeS11EeVw	ym 2010s late mb albums p2
Something To Remember Me By	The Horrors	V	INDIFFERENT	6tUhokcaYyY	MPREb_XzxnPqzbQdZ	UCDwDPWxlTisVB5HeS11EeVw	ym 2010s late mb albums p2
Press Enter To Exit	The Horrors	V	INDIFFERENT	kHfTM1nJREw	MPREb_XzxnPqzbQdZ	UCDwDPWxlTisVB5HeS11EeVw	ym 2010s late mb albums p2
Point Of No Reply	The Horrors	V	INDIFFERENT	W3Mne7oyNaY	MPREb_XzxnPqzbQdZ	UCDwDPWxlTisVB5HeS11EeVw	ym 2010s late mb albums p2
It's A Good Life	The Horrors	V	INDIFFERENT	IO4RRtYhs0c	MPREb_XzxnPqzbQdZ	UCDwDPWxlTisVB5HeS11EeVw	ym 2010s late mb albums p2
Hologram	The Horrors	V	INDIFFERENT	TeLN44vXv-Y	MPREb_XzxnPqzbQdZ	UCDwDPWxlTisVB5HeS11EeVw	ym 2010s late mb albums p2
Ghost	The Horrors	V	INDIFFERENT	9Kr7mOFs1uo	MPREb_XzxnPqzbQdZ	UCDwDPWxlTisVB5HeS11EeVw	ym 2010s late mb albums p2
Gathering	The Horrors	V	INDIFFERENT	_jp2EOg3_lA	MPREb_XzxnPqzbQdZ	UCDwDPWxlTisVB5HeS11EeVw	ym 2010s late mb albums p2
The Truce of Twilight	The Good, The Bad & The Queen	Merrie Land	INDIFFERENT	AvoOQv7n8kk	MPREb_rC9ZgkVMlMB	UCoKUuYBuR-RdUZNZLqJpuPQ	ym 2010s late mb albums p2
The Poison Tree	The Good, The Bad & The Queen	Merrie Land	INDIFFERENT	MyELC9nhMUo	MPREb_rC9ZgkVMlMB	UCoKUuYBuR-RdUZNZLqJpuPQ	ym 2010s late mb albums p2
The Last Man to Leave	The Good, The Bad & The Queen	Merrie Land	INDIFFERENT	ViBAeFI2hMY	MPREb_rC9ZgkVMlMB	UCoKUuYBuR-RdUZNZLqJpuPQ	ym 2010s late mb albums p2
The Great Fire	The Good, The Bad & The Queen	Merrie Land	INDIFFERENT	XJkxRzjIZ2s	MPREb_rC9ZgkVMlMB	UCoKUuYBuR-RdUZNZLqJpuPQ	ym 2010s late mb albums p2
Ribbons	The Good, The Bad & The Queen	Merrie Land	INDIFFERENT	8UMJjv-KQlU	MPREb_rC9ZgkVMlMB	UCoKUuYBuR-RdUZNZLqJpuPQ	ym 2010s late mb albums p2
Nineteen Seventeen	The Good, The Bad & The Queen	Merrie Land	INDIFFERENT	THCYlalfOIk	MPREb_rC9ZgkVMlMB	UCoKUuYBuR-RdUZNZLqJpuPQ	ym 2010s late mb albums p2
Merrie Land	The Good, The Bad & The Queen	Merrie Land	INDIFFERENT	LlA18ctCeDk	MPREb_rC9ZgkVMlMB	UCoKUuYBuR-RdUZNZLqJpuPQ	ym 2010s late mb albums p2
Lady Boston	The Good, The Bad & The Queen	Merrie Land	INDIFFERENT	H98i_W2EyWs	MPREb_rC9ZgkVMlMB	UCoKUuYBuR-RdUZNZLqJpuPQ	ym 2010s late mb albums p2
Introduction	The Good, The Bad & The Queen	Merrie Land	INDIFFERENT	Ps4UHGchZ38	MPREb_rC9ZgkVMlMB	UCoKUuYBuR-RdUZNZLqJpuPQ	ym 2010s late mb albums p2
Gun to the Head	The Good, The Bad & The Queen	Merrie Land	INDIFFERENT	OhWWfWq6DKc	MPREb_rC9ZgkVMlMB	UCoKUuYBuR-RdUZNZLqJpuPQ	ym 2010s late mb albums p2
Drifters & Trawlers	The Good, The Bad & The Queen	Merrie Land	INDIFFERENT	VPPgPg59sEY	MPREb_rC9ZgkVMlMB	UCoKUuYBuR-RdUZNZLqJpuPQ	ym 2010s late mb albums p2
Uncle Skit	The Game	The Documentary 2	INDIFFERENT	nmn2ZmN_pX0	MPREb_UhzFOCvLSZo	UC5zGDJcAF5VkW70c8raD-Lw	ym 2010s late mb albums p2
The Documentary 2	The Game	The Documentary 2	INDIFFERENT	TRHEGsJ5jOY	MPREb_UhzFOCvLSZo	UC5zGDJcAF5VkW70c8raD-Lw	ym 2010s late mb albums p2
Step Up (feat. Dej Loaf & Sha Sha)	The Game	The Documentary 2	INDIFFERENT	gvgE38aBedo	MPREb_UhzFOCvLSZo	UC5zGDJcAF5VkW70c8raD-Lw	ym 2010s late mb albums p2
Standing On Ferraris (feat. Diddy)	The Game	The Documentary 2	INDIFFERENT	rYfg1CuXW_0	MPREb_UhzFOCvLSZo	UC5zGDJcAF5VkW70c8raD-Lw	ym 2010s late mb albums p2
On Me (feat. Kendrick Lamar)	The Game	The Documentary 2	INDIFFERENT	APw0qDphRw0	MPREb_UhzFOCvLSZo	UC5zGDJcAF5VkW70c8raD-Lw	ym 2010s late mb albums p2
New York, New York	The Game	The Documentary 2	INDIFFERENT	ucMz4-AKIeM	MPREb_UhzFOCvLSZo	UC5zGDJcAF5VkW70c8raD-Lw	ym 2010s late mb albums p2
Mula (feat. Kanye West)	The Game	The Documentary 2	INDIFFERENT	dQ3XOQpMg0w	MPREb_UhzFOCvLSZo	UC5zGDJcAF5VkW70c8raD-Lw	ym 2010s late mb albums p2
Just Another Day	The Game	The Documentary 2	INDIFFERENT	28qiYVLz0qA	MPREb_UhzFOCvLSZo	UC5zGDJcAF5VkW70c8raD-Lw	ym 2010s late mb albums p2
Intro	The Game	The Documentary 2	INDIFFERENT	ypYhJuveYUY	MPREb_UhzFOCvLSZo	UC5zGDJcAF5VkW70c8raD-Lw	ym 2010s late mb albums p2
Hashtag (feat. Jelly Roll)	The Game	The Documentary 2	INDIFFERENT	BgEI2Q438rk	MPREb_UhzFOCvLSZo	UC5zGDJcAF5VkW70c8raD-Lw	ym 2010s late mb albums p2
Don't Trip (feat. Ice Cub, Dr. Dre & will.i.am)	The Game	The Documentary 2	INDIFFERENT	qoU81R1ySZk	MPREb_UhzFOCvLSZo	UC5zGDJcAF5VkW70c8raD-Lw	ym 2010s late mb albums p2
Dollar And A Dream (feat. AB Soul)	The Game	The Documentary 2	INDIFFERENT	u7CRb2k6U-o	MPREb_UhzFOCvLSZo	UC5zGDJcAF5VkW70c8raD-Lw	ym 2010s late mb albums p2
Dedicated (feat. Future & Sonyae)	The Game	The Documentary 2	INDIFFERENT	P4TzTk2li84	MPREb_UhzFOCvLSZo	UC5zGDJcAF5VkW70c8raD-Lw	ym 2010s late mb albums p2
Bitch You Ain't Shit	The Game	The Documentary 2	INDIFFERENT	dY1XAZRJjbA	MPREb_UhzFOCvLSZo	UC5zGDJcAF5VkW70c8raD-Lw	ym 2010s late mb albums p2
100 (feat. Drake)	The Game	The Documentary 2	INDIFFERENT	Qh5eSojwo0Y	MPREb_UhzFOCvLSZo	UC5zGDJcAF5VkW70c8raD-Lw	ym 2010s late mb albums p2
Gentle Man	The Defaulters	Late Night Tales: Floating Points	INDIFFERENT	I701YU3kKbI	MPREb_5HOpfBzfY02		ym 2010s late mb albums p2
Skim Skam (DBN Dance - Mixed)	TLC Fam	Fabriclive 100: Kode9 & Burial (DJ Mix)	INDIFFERENT	GxxPwdJoe9w	MPREb_oTznNtUT8Si		ym 2010s late mb albums p2
Baby (Mixed)	TEDDMAN	Fabriclive 100: Kode9 & Burial (DJ Mix)	INDIFFERENT	0nO_oTpOz8A	MPREb_oTznNtUT8Si		ym 2010s late mb albums p2
Gender (Axel Boman Remix) (Mixed)	Skinnerbox	DJ-Kicks (Mixed Tracks)	INDIFFERENT	bB_IqwR_bW0	MPREb_Wo1iKDWlDEt	UCpA6-TM82eS4NRwBR5d4wzg	ym 2010s late mb albums p2
Pink 33 [DJ Phil Remix - Mixed] (feat. Clara Le San)	Scratcha DVA	Fabriclive 100: Kode9 & Burial (DJ Mix)	INDIFFERENT	WRJBWI2O_-A	MPREb_oTznNtUT8Si	UCuvzSVjJYIukGkivCr83Ovg	ym 2010s late mb albums p2
Untitled, Live in Portland	Sarah Davachi	Late Night Tales: Floating Points	INDIFFERENT	fk-dGb7rdXg	MPREb_5HOpfBzfY02	UCW82MHaOiwL6Njf8uYbbQiw	ym 2010s late mb albums p2
VII (Mixed)	Rupert Clervaux & Beatrice Dillon	DJ-Kicks (Mixed Tracks)	INDIFFERENT	8hkHP_N7qHc	MPREb_Wo1iKDWlDEt	UCx33g4OQxQv9EIBrue5smxQ	ym 2010s late mb albums p2
Triple Beat (Mixed)	Roman Rodney	Fabriclive 100: Kode9 & Burial (DJ Mix)	INDIFFERENT	43rDU7Mw84Y	MPREb_oTznNtUT8Si		ym 2010s late mb albums p2
A Message Especially from God	Robert Vanderbilt & the Foundation of Souls	Late Night Tales: Floating Points	INDIFFERENT	7mh_U8d2xYs	MPREb_5HOpfBzfY02		ym 2010s late mb albums p2
Best Friend (Mixed)	Rhythm & Sound with Love Joy	DJ-Kicks (Mixed Tracks)	INDIFFERENT	NQkwH_aCkY0	MPREb_Wo1iKDWlDEt		ym 2010s late mb albums p2
Wicked'bu (Mixed)	RP Boo	Fabriclive 100: Kode9 & Burial (DJ Mix)	INDIFFERENT	cjmoD9Nh6kM	MPREb_oTznNtUT8Si	UCSlj1zxcisWYi6ydWiajUow	ym 2010s late mb albums p2
Junior's Tune (Mixed)	Proc Fiskal	Fabriclive 100: Kode9 & Burial (DJ Mix)	INDIFFERENT	T-fCCW2_Ftg	MPREb_oTznNtUT8Si	UCYOoICD_QSXR07XJ_OwDQHg	ym 2010s late mb albums p2
Welt Am Draht (Animal Collective Remix) (Mixed)	Pantha Du Prince	DJ-Kicks (Mixed Tracks)	INDIFFERENT	IdymubLAmjc	MPREb_Wo1iKDWlDEt	UChIEXwTPl4SUEAb6juHamEA	ym 2010s late mb albums p2
The Box (Part 1) (Mixed)	Orbital	DJ-Kicks (Mixed Tracks)	INDIFFERENT	6pxBQXsF88o	MPREb_Wo1iKDWlDEt	UCAObJYwBDFQWmIcT57UAptQ	ym 2010s late mb albums p2
Fallen (Mixed)	ONTHEGROUND	Fabriclive 100: Kode9 & Burial (DJ Mix)	INDIFFERENT	lTJ81cheyl0	MPREb_oTznNtUT8Si		ym 2010s late mb albums p2
Treasure Erasure (Mixed)	OKZharp & Manthe Ribane	Fabriclive 100: Kode9 & Burial (DJ Mix)	INDIFFERENT	cphYSNlaaJ0	MPREb_oTznNtUT8Si		ym 2010s late mb albums p2
Underwater Fireworks (Mixed)	Nut-E-1	Fabriclive 100: Kode9 & Burial (DJ Mix)	INDIFFERENT	qF8w9SlWNAo	MPREb_oTznNtUT8Si		ym 2010s late mb albums p2
Blank Project (Mixed)	Neneh Cherry	DJ-Kicks (Mixed Tracks)	INDIFFERENT	GeO_5I7QLCE	MPREb_Wo1iKDWlDEt	UC3-IYZfdblsCZipAh6KfKnQ	ym 2010s late mb albums p2
Konvoy (Mixed)	Nazar	Fabriclive 100: Kode9 & Burial (DJ Mix)	INDIFFERENT	QhglaUiN2cM	MPREb_oTznNtUT8Si	UCS2TB33Cr-I7sNHzlABtw9g	ym 2010s late mb albums p2
Spy (Kode9 Remix - Mixed)	Mr Fingers	Fabriclive 100: Kode9 & Burial (DJ Mix)	INDIFFERENT	sVkdYmK5lJ8	MPREb_oTznNtUT8Si		ym 2010s late mb albums p2
Umchunga Locks (Mixed)	Mira Calix	DJ-Kicks (Mixed Tracks)	INDIFFERENT	KP0glzq4Kd4	MPREb_Wo1iKDWlDEt	UCikWcCbQXhLpgm9GsWERpOg	ym 2010s late mb albums p2
Exercises in Futility VI	Mgła	Exercises in Futility	INDIFFERENT	pqfZIDFi6Bc	MPREb_hj4SRtt5HZU	UCzCo-JTjdmOzC1UREYfJvKA	ym 2010s late mb albums p2
Exercises in Futility V	Mgła	Exercises in Futility	INDIFFERENT	gyvRlCmjM2A	MPREb_hj4SRtt5HZU	UCzCo-JTjdmOzC1UREYfJvKA	ym 2010s late mb albums p2
Exercises in Futility IV	Mgła	Exercises in Futility	INDIFFERENT	HN7-DmTtNdM	MPREb_hj4SRtt5HZU	UCzCo-JTjdmOzC1UREYfJvKA	ym 2010s late mb albums p2
Exercises in Futility III	Mgła	Exercises in Futility	INDIFFERENT	u8HX_5I83cI	MPREb_hj4SRtt5HZU	UCzCo-JTjdmOzC1UREYfJvKA	ym 2010s late mb albums p2
Exercises in Futility II	Mgła	Exercises in Futility	INDIFFERENT	NI02FUXj0VU	MPREb_hj4SRtt5HZU	UCzCo-JTjdmOzC1UREYfJvKA	ym 2010s late mb albums p2
Exercises in Futility I	Mgła	Exercises in Futility	INDIFFERENT	uRQPpzE1U9s	MPREb_hj4SRtt5HZU	UCzCo-JTjdmOzC1UREYfJvKA	ym 2010s late mb albums p2
Yellow Sunshine	Mexico City Blondes	Blush	INDIFFERENT	VbzNL8mZ7G0	MPREb_h0K1HW80Wwc	UCa1J4uHeXQJPjksQc9JagDA	ym 2010s late mb albums p2
Thin Line	Mexico City Blondes	Blush	INDIFFERENT	1ylriSP3XH0	MPREb_h0K1HW80Wwc	UCa1J4uHeXQJPjksQc9JagDA	ym 2010s late mb albums p2
Sunny Day	Mexico City Blondes	Blush	INDIFFERENT	ZGVmo_wk4eg	MPREb_h0K1HW80Wwc	UCa1J4uHeXQJPjksQc9JagDA	ym 2010s late mb albums p2
Road Noise	Mexico City Blondes	Blush	INDIFFERENT	fryZ3mvPXpw	MPREb_h0K1HW80Wwc	UCa1J4uHeXQJPjksQc9JagDA	ym 2010s late mb albums p2
Reasons Why	Mexico City Blondes	Blush	INDIFFERENT	kZ3yApkA3JY	MPREb_h0K1HW80Wwc	UCa1J4uHeXQJPjksQc9JagDA	ym 2010s late mb albums p2
Planet Caravan	Mexico City Blondes	Blush	INDIFFERENT	cf-xpTuxLK4	MPREb_h0K1HW80Wwc	UCa1J4uHeXQJPjksQc9JagDA	ym 2010s late mb albums p2
Off the Hook	Mexico City Blondes	Blush	INDIFFERENT	_rHLO5w1Q-U	MPREb_h0K1HW80Wwc	UCa1J4uHeXQJPjksQc9JagDA	ym 2010s late mb albums p2
Crimson	Mexico City Blondes	Blush	INDIFFERENT	0HZZgzC63GA	MPREb_h0K1HW80Wwc	UCa1J4uHeXQJPjksQc9JagDA	ym 2010s late mb albums p2
ZZYZX	Metz	II	INDIFFERENT	zzNZXLJeZsw	MPREb_5VuuTuAsE7N	UColti3XSQ4uFufiEQ0gz4cQ	ym 2010s late mb albums p2
Wait In Line	Metz	II	INDIFFERENT	NpHf88jt5iA	MPREb_5VuuTuAsE7N	UColti3XSQ4uFufiEQ0gz4cQ	ym 2010s late mb albums p2
The Swimmer	Metz	II	INDIFFERENT	QhS0dtxVeMs	MPREb_5VuuTuAsE7N	UColti3XSQ4uFufiEQ0gz4cQ	ym 2010s late mb albums p2
Spit You Out	Metz	II	INDIFFERENT	K42LniusF2M	MPREb_5VuuTuAsE7N	UColti3XSQ4uFufiEQ0gz4cQ	ym 2010s late mb albums p2
Nervous System	Metz	II	INDIFFERENT	8FQ7iQ2NYrY	MPREb_5VuuTuAsE7N	UColti3XSQ4uFufiEQ0gz4cQ	ym 2010s late mb albums p2
Landfill	Metz	II	INDIFFERENT	CdFSrNpDK0g	MPREb_5VuuTuAsE7N	UColti3XSQ4uFufiEQ0gz4cQ	ym 2010s late mb albums p2
I.O.U.	Metz	II	INDIFFERENT	cTw8SseXV08	MPREb_5VuuTuAsE7N	UColti3XSQ4uFufiEQ0gz4cQ	ym 2010s late mb albums p2
Eyes Peeled	Metz	II	INDIFFERENT	6Lb6CEoJx1o	MPREb_5VuuTuAsE7N	UColti3XSQ4uFufiEQ0gz4cQ	ym 2010s late mb albums p2
Mick Slow	Metronomy	Summer 08	INDIFFERENT	Ws488-YXms0	MPREb_zFjQfVjIvtg	UCWE-9CO32bK6OI2NLKUWSRw	ym 2010s late mb albums p2
Miami Logic	Metronomy	Summer 08	INDIFFERENT	jd_KCLly4WQ	MPREb_zFjQfVjIvtg	UCWE-9CO32bK6OI2NLKUWSRw	ym 2010s late mb albums p2
Love's Not an Obstacle	Metronomy	Summer 08	INDIFFERENT	83L1GAT3-Mw	MPREb_zFjQfVjIvtg	UCWE-9CO32bK6OI2NLKUWSRw	ym 2010s late mb albums p2
Hang Me Out To Dry (With Robyn) (feat. Robyn)	Metronomy	Summer 08	INDIFFERENT	Gpkhf7u1YvM	MPREb_zFjQfVjIvtg	UCWE-9CO32bK6OI2NLKUWSRw	ym 2010s late mb albums p2
Back Together	Metronomy	Summer 08	INDIFFERENT	go-BHoqy1Y4	MPREb_zFjQfVjIvtg	UCWE-9CO32bK6OI2NLKUWSRw	ym 2010s late mb albums p2
16 Beat	Metronomy	Summer 08	INDIFFERENT	f0w20YfOgxI	MPREb_zFjQfVjIvtg	UCWE-9CO32bK6OI2NLKUWSRw	ym 2010s late mb albums p2
Whitsand Bay	Metronomy	Metronomy Forever	INDIFFERENT	Tt60jIWhG1g	MPREb_YUyYSbiJnd8	UCWE-9CO32bK6OI2NLKUWSRw	ym 2010s late mb albums p2
Wedding Bells	Metronomy	Metronomy Forever	INDIFFERENT	NAWk-W_5u98	MPREb_YUyYSbiJnd8	UCWE-9CO32bK6OI2NLKUWSRw	ym 2010s late mb albums p2
Wedding	Metronomy	Metronomy Forever	INDIFFERENT	6FEsLdA_srI	MPREb_YUyYSbiJnd8	UCWE-9CO32bK6OI2NLKUWSRw	ym 2010s late mb albums p2
Walking In The Dark	Metronomy	Metronomy Forever	INDIFFERENT	ZP8m20wcpJY	MPREb_YUyYSbiJnd8	UCWE-9CO32bK6OI2NLKUWSRw	ym 2010s late mb albums p2
Upset My Girlfriend	Metronomy	Metronomy Forever	INDIFFERENT	iuheRIkmw0o	MPREb_YUyYSbiJnd8	UCWE-9CO32bK6OI2NLKUWSRw	ym 2010s late mb albums p2
Sex Emoji	Metronomy	Metronomy Forever	INDIFFERENT	wVSckNir_lw	MPREb_YUyYSbiJnd8	UCWE-9CO32bK6OI2NLKUWSRw	ym 2010s late mb albums p2
Salted Caramel Ice Cream	Metronomy	Metronomy Forever	INDIFFERENT	fYpJOTXG7gA	MPREb_YUyYSbiJnd8	UCWE-9CO32bK6OI2NLKUWSRw	ym 2010s late mb albums p2
Miracle Rooftop	Metronomy	Metronomy Forever	INDIFFERENT	n5kCarGcCk4	MPREb_YUyYSbiJnd8	UCWE-9CO32bK6OI2NLKUWSRw	ym 2010s late mb albums p2
Insecurity	Metronomy	Metronomy Forever	INDIFFERENT	kQJTmqsBCqc	MPREb_YUyYSbiJnd8	UCWE-9CO32bK6OI2NLKUWSRw	ym 2010s late mb albums p2
Insecure	Metronomy	Metronomy Forever	INDIFFERENT	aPlwigCI288	MPREb_YUyYSbiJnd8	UCWE-9CO32bK6OI2NLKUWSRw	ym 2010s late mb albums p2
Forever Is A Long Time	Metronomy	Metronomy Forever	INDIFFERENT	D2eW0IrmRLI	MPREb_YUyYSbiJnd8	UCWE-9CO32bK6OI2NLKUWSRw	ym 2010s late mb albums p2
Driving	Metronomy	Metronomy Forever	INDIFFERENT	NNAYp6pFPLk	MPREb_YUyYSbiJnd8	UCWE-9CO32bK6OI2NLKUWSRw	ym 2010s late mb albums p2
Up To Something (feat. Travis Scott & Young Thug)	Metro Boomin	NOT ALL HEROES WEAR CAPES	INDIFFERENT	H-Hwaouo5X4	MPREb_Z9NOrE37KO3	UCFYaIRiUe_1hvOtXu5IiBWQ	ym 2010s late mb albums p2
Space Cadet (feat. Gunna)	Metro Boomin	NOT ALL HEROES WEAR CAPES	INDIFFERENT	z65Flj8PBq8	MPREb_Z9NOrE37KO3	UCFYaIRiUe_1hvOtXu5IiBWQ	ym 2010s late mb albums p2
Overdue (feat. Travis Scott)	Metro Boomin	NOT ALL HEROES WEAR CAPES	INDIFFERENT	5bUOV7wYjbk	MPREb_Z9NOrE37KO3	UCFYaIRiUe_1hvOtXu5IiBWQ	ym 2010s late mb albums p2
Only You (feat. WizKid & Offset)	Metro Boomin	NOT ALL HEROES WEAR CAPES	INDIFFERENT	ZQualz74zsI	MPREb_Z9NOrE37KO3	UCFYaIRiUe_1hvOtXu5IiBWQ	ym 2010s late mb albums p2
Only 1 (Interlude) (feat. Travis Scott)	Metro Boomin	NOT ALL HEROES WEAR CAPES	INDIFFERENT	sQ1wVUSH2cM	MPREb_Z9NOrE37KO3	UCFYaIRiUe_1hvOtXu5IiBWQ	ym 2010s late mb albums p2
No More (feat. Travis Scott, Kodak Black & 21 Savage)	Metro Boomin	NOT ALL HEROES WEAR CAPES	INDIFFERENT	SSc-Dm75f2Q	MPREb_Z9NOrE37KO3	UCFYaIRiUe_1hvOtXu5IiBWQ	ym 2010s late mb albums p2
No Complaints (Bonus) (feat. Offset & Drake)	Metro Boomin	NOT ALL HEROES WEAR CAPES	INDIFFERENT	2xlxX3KNLe0	MPREb_Z9NOrE37KO3	UCFYaIRiUe_1hvOtXu5IiBWQ	ym 2010s late mb albums p2
Lesbian (feat. Gunna & Young Thug)	Metro Boomin	NOT ALL HEROES WEAR CAPES	INDIFFERENT	GcQQ4lQm9QI	MPREb_Z9NOrE37KO3	UCFYaIRiUe_1hvOtXu5IiBWQ	ym 2010s late mb albums p2
Dreamcatcher (feat. Swae Lee & Travis Scott)	Metro Boomin	NOT ALL HEROES WEAR CAPES	INDIFFERENT	FSvyTM5cD7c	MPREb_Z9NOrE37KO3	UCFYaIRiUe_1hvOtXu5IiBWQ	ym 2010s late mb albums p2
Don't Come Out The House (feat. 21 Savage)	Metro Boomin	NOT ALL HEROES WEAR CAPES	INDIFFERENT	oSlzifmG27Y	MPREb_Z9NOrE37KO3	UCFYaIRiUe_1hvOtXu5IiBWQ	ym 2010s late mb albums p2
Borrowed Love (feat. Swae Lee & WizKid)	Metro Boomin	NOT ALL HEROES WEAR CAPES	INDIFFERENT	6jjK1AYdudM	MPREb_Z9NOrE37KO3	UCFYaIRiUe_1hvOtXu5IiBWQ	ym 2010s late mb albums p2
10AM/Save The World (feat. Gucci Mane)	Metro Boomin	NOT ALL HEROES WEAR CAPES	INDIFFERENT	b3arr4G-Myw	MPREb_Z9NOrE37KO3	UCFYaIRiUe_1hvOtXu5IiBWQ	ym 2010s late mb albums p2
10 Freaky Girls (feat. 21 Savage)	Metro Boomin	NOT ALL HEROES WEAR CAPES	INDIFFERENT	uDadBkO78ZA	MPREb_Z9NOrE37KO3	UCFYaIRiUe_1hvOtXu5IiBWQ	ym 2010s late mb albums p2
Weeds Through the Rind	Methyl Ethel	Everything Is Forgotten	INDIFFERENT	uRnjhOW4BhM	MPREb_1ObeoJrMiYQ	UCS4XpKkhNH63fi5R5SahOgA	ym 2010s late mb albums p2
Ubu	Methyl Ethel	Everything Is Forgotten	INDIFFERENT	2cP1phG0sfU	MPREb_1ObeoJrMiYQ	UCS4XpKkhNH63fi5R5SahOgA	ym 2010s late mb albums p2
Summer Moon	Methyl Ethel	Everything Is Forgotten	INDIFFERENT	Z1IHQlMhJuQ	MPREb_1ObeoJrMiYQ	UCS4XpKkhNH63fi5R5SahOgA	ym 2010s late mb albums p2
Schlager	Methyl Ethel	Everything Is Forgotten	INDIFFERENT	O_LmYOPmyGw	MPREb_1ObeoJrMiYQ	UCS4XpKkhNH63fi5R5SahOgA	ym 2010s late mb albums p2
No. 28	Methyl Ethel	Everything Is Forgotten	INDIFFERENT	Otgr3xTDL2Q	MPREb_1ObeoJrMiYQ	UCS4XpKkhNH63fi5R5SahOgA	ym 2010s late mb albums p2
L'Heure des Sorcières	Methyl Ethel	Everything Is Forgotten	INDIFFERENT	-niEfvPOD5k	MPREb_1ObeoJrMiYQ	UCS4XpKkhNH63fi5R5SahOgA	ym 2010s late mb albums p2
Hyakki Yakō	Methyl Ethel	Everything Is Forgotten	INDIFFERENT	ADhfd0hL9N0	MPREb_1ObeoJrMiYQ	UCS4XpKkhNH63fi5R5SahOgA	ym 2010s late mb albums p2
Groundswell	Methyl Ethel	Everything Is Forgotten	INDIFFERENT	EPH4-h5UQh0	MPREb_1ObeoJrMiYQ	UCS4XpKkhNH63fi5R5SahOgA	ym 2010s late mb albums p2
Femme Maison/One Man House	Methyl Ethel	Everything Is Forgotten	INDIFFERENT	0kt5Iphn5g0	MPREb_1ObeoJrMiYQ	UCS4XpKkhNH63fi5R5SahOgA	ym 2010s late mb albums p2
Drink Wine	Methyl Ethel	Everything Is Forgotten	INDIFFERENT	yC7p1pWmDdo	MPREb_1ObeoJrMiYQ	UCS4XpKkhNH63fi5R5SahOgA	ym 2010s late mb albums p2
Act of Contrition	Methyl Ethel	Everything Is Forgotten	INDIFFERENT	vgZ93vNyjgQ	MPREb_1ObeoJrMiYQ	UCS4XpKkhNH63fi5R5SahOgA	ym 2010s late mb albums p2
When a Blind Man Cries	Metallica	Hardwired…To Self-Destruct (Deluxe)	INDIFFERENT	16kAp_MhH8k	MPREb_fxKwb4XVrNL	UCGexNm_Kw4rdQjLxmpb2EKw	ym 2010s late mb albums p2
The Four Horsemen (Live at Rasputin Music, Berkeley, CA - April 16th, 2016)	Metallica	Hardwired…To Self-Destruct (Deluxe)	INDIFFERENT	i1JRz6CFtcc	MPREb_fxKwb4XVrNL	UCGexNm_Kw4rdQjLxmpb2EKw	ym 2010s late mb albums p2
Spit Out the Bone	Metallica	Hardwired…To Self-Destruct (Deluxe)	INDIFFERENT	JQ6s7pNiC6A	MPREb_fxKwb4XVrNL	UCGexNm_Kw4rdQjLxmpb2EKw	ym 2010s late mb albums p2
Ronnie Rising Medley (A Light In the Black / Tarot Woman / Stargazer / Kill the King)	Metallica	Hardwired…To Self-Destruct (Deluxe)	INDIFFERENT	Dp2hsY9dMHM	MPREb_fxKwb4XVrNL	UCGexNm_Kw4rdQjLxmpb2EKw	ym 2010s late mb albums p2
Ride the Lightning (Live at Rasputin Music, Berkeley, CA - April 16th, 2016)	Metallica	Hardwired…To Self-Destruct (Deluxe)	INDIFFERENT	0QS_DTJaKSQ	MPREb_fxKwb4XVrNL	UCGexNm_Kw4rdQjLxmpb2EKw	ym 2010s late mb albums p2
Remember Tomorrow	Metallica	Hardwired…To Self-Destruct (Deluxe)	INDIFFERENT	wH5R_BS5qi4	MPREb_fxKwb4XVrNL	UCGexNm_Kw4rdQjLxmpb2EKw	ym 2010s late mb albums p2
Now That We're Dead	Metallica	Hardwired…To Self-Destruct (Deluxe)	INDIFFERENT	BOpGS06YqsU	MPREb_fxKwb4XVrNL	UCGexNm_Kw4rdQjLxmpb2EKw	ym 2010s late mb albums p2
Murder One	Metallica	Hardwired…To Self-Destruct (Deluxe)	INDIFFERENT	PdrA1iD6IQc	MPREb_fxKwb4XVrNL	UCGexNm_Kw4rdQjLxmpb2EKw	ym 2010s late mb albums p2
Moth Into Flame	Metallica	Hardwired…To Self-Destruct (Deluxe)	INDIFFERENT	BtRyz1qGI8c	MPREb_fxKwb4XVrNL	UCGexNm_Kw4rdQjLxmpb2EKw	ym 2010s late mb albums p2
Metal Militia (Live at Rasputin Music, Berkeley, CA - April 16th, 2016)	Metallica	Hardwired…To Self-Destruct (Deluxe)	INDIFFERENT	3txlGl6Axn8	MPREb_fxKwb4XVrNL	UCGexNm_Kw4rdQjLxmpb2EKw	ym 2010s late mb albums p2
ManUNkind	Metallica	Hardwired…To Self-Destruct (Deluxe)	INDIFFERENT	BNPX5D-KnEI	MPREb_fxKwb4XVrNL	UCGexNm_Kw4rdQjLxmpb2EKw	ym 2010s late mb albums p2
Lords of Summer	Metallica	Hardwired…To Self-Destruct (Deluxe)	INDIFFERENT	gUY0jgu8zx8	MPREb_fxKwb4XVrNL	UCGexNm_Kw4rdQjLxmpb2EKw	ym 2010s late mb albums p2
Jump in the Fire (Live at Rasputin Music, Berkeley, CA - April 16th, 2016)	Metallica	Hardwired…To Self-Destruct (Deluxe)	INDIFFERENT	v_3DBK5DxBo	MPREb_fxKwb4XVrNL	UCGexNm_Kw4rdQjLxmpb2EKw	ym 2010s late mb albums p2
Hit the Lights (Live at Rasputin Music, Berkeley, CA - April 16th, 2016)	Metallica	Hardwired…To Self-Destruct (Deluxe)	INDIFFERENT	b7ry3MLz0pI	MPREb_fxKwb4XVrNL	UCGexNm_Kw4rdQjLxmpb2EKw	ym 2010s late mb albums p2
Here Comes Revenge	Metallica	Hardwired…To Self-Destruct (Deluxe)	INDIFFERENT	D-pSTWcbRDU	MPREb_fxKwb4XVrNL	UCGexNm_Kw4rdQjLxmpb2EKw	ym 2010s late mb albums p2
Helpless (Live at Rasputin Music, Berkeley, CA - April 16th, 2016)	Metallica	Hardwired…To Self-Destruct (Deluxe)	INDIFFERENT	C2v11fuuu-g	MPREb_fxKwb4XVrNL	UCGexNm_Kw4rdQjLxmpb2EKw	ym 2010s late mb albums p2
Hardwired (Live at U.S. Bank Stadium, Minneapolis, MN - August 20th, 2016)	Metallica	Hardwired…To Self-Destruct (Deluxe)	INDIFFERENT	8Mkk6DaPdZs	MPREb_fxKwb4XVrNL	UCGexNm_Kw4rdQjLxmpb2EKw	ym 2010s late mb albums p2
Hardwired	Metallica	Hardwired…To Self-Destruct (Deluxe)	INDIFFERENT	THO9ycDW8tA	MPREb_fxKwb4XVrNL	UCGexNm_Kw4rdQjLxmpb2EKw	ym 2010s late mb albums p2
Halo On Fire	Metallica	Hardwired…To Self-Destruct (Deluxe)	INDIFFERENT	zl8ehbtlDEo	MPREb_fxKwb4XVrNL	UCGexNm_Kw4rdQjLxmpb2EKw	ym 2010s late mb albums p2
For Whom the Bell Tolls (Live at Rasputin Music, Berkeley, CA - April 16th, 2016)	Metallica	Hardwired…To Self-Destruct (Deluxe)	INDIFFERENT	Jsb1x-ESkDY	MPREb_fxKwb4XVrNL	UCGexNm_Kw4rdQjLxmpb2EKw	ym 2010s late mb albums p2
Fade to Black (Live at Rasputin Music, Berkeley, CA - April 16th, 2016)	Metallica	Hardwired…To Self-Destruct (Deluxe)	INDIFFERENT	f93FIGxpdV4	MPREb_fxKwb4XVrNL	UCGexNm_Kw4rdQjLxmpb2EKw	ym 2010s late mb albums p2
Dream No More	Metallica	Hardwired…To Self-Destruct (Deluxe)	INDIFFERENT	_-jsbGvr5ZI	MPREb_fxKwb4XVrNL	UCGexNm_Kw4rdQjLxmpb2EKw	ym 2010s late mb albums p2
Creeping Death (Live at Rasputin Music, Berkeley, CA - April 16th, 2016)	Metallica	Hardwired…To Self-Destruct (Deluxe)	INDIFFERENT	u0O5JD7LZu8	MPREb_fxKwb4XVrNL	UCGexNm_Kw4rdQjLxmpb2EKw	ym 2010s late mb albums p2
Confusion	Metallica	Hardwired…To Self-Destruct (Deluxe)	INDIFFERENT	QJ4Kac3UlbI	MPREb_fxKwb4XVrNL	UCGexNm_Kw4rdQjLxmpb2EKw	ym 2010s late mb albums p2
Atlas, Rise!	Metallica	Hardwired…To Self-Destruct (Deluxe)	INDIFFERENT	Q64SAGGklgs	MPREb_fxKwb4XVrNL	UCGexNm_Kw4rdQjLxmpb2EKw	ym 2010s late mb albums p2
Am I Savage?	Metallica	Hardwired…To Self-Destruct (Deluxe)	INDIFFERENT	tECmVLdhLMM	MPREb_fxKwb4XVrNL	UCGexNm_Kw4rdQjLxmpb2EKw	ym 2010s late mb albums p2
Tailwhip Revisited	Men I Trust	Oncle Jazz	INDIFFERENT	Q5hal7Vj_UY	MPREb_FB5enwkcFkJ	UCaPOa_Tg0TThuYSVtUEXb8g	ym 2010s late mb albums p2
Tailwhip (Album V)	Men I Trust	Oncle Jazz	INDIFFERENT	Ea5_r-o00TI	MPREb_FB5enwkcFkJ	UCaPOa_Tg0TThuYSVtUEXb8g	ym 2010s late mb albums p2
Something in Water	Men I Trust	Oncle Jazz	INDIFFERENT	y8vKKUr_WGA	MPREb_FB5enwkcFkJ	UCaPOa_Tg0TThuYSVtUEXb8g	ym 2010s late mb albums p2
Porcelain	Men I Trust	Oncle Jazz	INDIFFERENT	4UDVG5DDxDA	MPREb_FB5enwkcFkJ	UCaPOa_Tg0TThuYSVtUEXb8g	ym 2010s late mb albums p2
Poplar Tree	Men I Trust	Oncle Jazz	INDIFFERENT	slENoqrmhEg	MPREb_FB5enwkcFkJ	UCaPOa_Tg0TThuYSVtUEXb8g	ym 2010s late mb albums p2
Poodle of Mud	Men I Trust	Oncle Jazz	INDIFFERENT	lBoLx2_vRUc	MPREb_FB5enwkcFkJ	UCaPOa_Tg0TThuYSVtUEXb8g	ym 2010s late mb albums p2
Oncle Jazz	Men I Trust	Oncle Jazz	INDIFFERENT	vzNrvMgjSqI	MPREb_FB5enwkcFkJ	UCaPOa_Tg0TThuYSVtUEXb8g	ym 2010s late mb albums p2
I Hope to Be Around (Album V)	Men I Trust	Oncle Jazz	INDIFFERENT	wZePCNXPRD0	MPREb_FB5enwkcFkJ	UCaPOa_Tg0TThuYSVtUEXb8g	ym 2010s late mb albums p2
Fiero GT	Men I Trust	Oncle Jazz	INDIFFERENT	MQ6gGyIXp1s	MPREb_FB5enwkcFkJ	UCaPOa_Tg0TThuYSVtUEXb8g	ym 2010s late mb albums p2
Dorian	Men I Trust	Oncle Jazz	INDIFFERENT	0voploUwbKA	MPREb_FB5enwkcFkJ	UCaPOa_Tg0TThuYSVtUEXb8g	ym 2010s late mb albums p2
Alright	Men I Trust	Oncle Jazz	INDIFFERENT	54-Lci_RSPM	MPREb_FB5enwkcFkJ	UCaPOa_Tg0TThuYSVtUEXb8g	ym 2010s late mb albums p2
Offertorio (feat. Nicolas)	Men I Trust	Headroom	INDIFFERENT	3ykumaNHaKc	MPREb_ifYvcrqAYtn	UCaPOa_Tg0TThuYSVtUEXb8g	ym 2010s late mb albums p2
Break for Lovers (feat. Helena Deland)	Men I Trust	Headroom	INDIFFERENT	XVULpwrBCbo	MPREb_ifYvcrqAYtn	UCaPOa_Tg0TThuYSVtUEXb8g	ym 2010s late mb albums p2
W.A.B	Megan Thee Stallion	Fever	INDIFFERENT	SVETvVHBFog	MPREb_WlQ2by65OL5	UCZBf6sY19D8pN4JIxP9PE3Q	ym 2010s late mb albums p2
Simon Says (feat. Juicy J)	Megan Thee Stallion	Fever	INDIFFERENT	obrOKs5mjZM	MPREb_WlQ2by65OL5	UCZBf6sY19D8pN4JIxP9PE3Q	ym 2010s late mb albums p2
Shake That	Megan Thee Stallion	Fever	INDIFFERENT	2J41nBXtUGg	MPREb_WlQ2by65OL5	UCZBf6sY19D8pN4JIxP9PE3Q	ym 2010s late mb albums p2
Sex Talk	Megan Thee Stallion	Fever	INDIFFERENT	wCVRFv1dho8	MPREb_WlQ2by65OL5	UCZBf6sY19D8pN4JIxP9PE3Q	ym 2010s late mb albums p2
Running Up Freestyle	Megan Thee Stallion	Fever	INDIFFERENT	-C6KsOsxOxI	MPREb_WlQ2by65OL5	UCZBf6sY19D8pN4JIxP9PE3Q	ym 2010s late mb albums p2
Realer	Megan Thee Stallion	Fever	INDIFFERENT	tDA5qxM2OqA	MPREb_WlQ2by65OL5	UCZBf6sY19D8pN4JIxP9PE3Q	ym 2010s late mb albums p2
Ratchet	Megan Thee Stallion	Fever	INDIFFERENT	qfAH-TpvTLI	MPREb_WlQ2by65OL5	UCZBf6sY19D8pN4JIxP9PE3Q	ym 2010s late mb albums p2
Pimpin	Megan Thee Stallion	Fever	INDIFFERENT	6ZscupdxHa0	MPREb_WlQ2by65OL5	UCZBf6sY19D8pN4JIxP9PE3Q	ym 2010s late mb albums p2
Money Good	Megan Thee Stallion	Fever	INDIFFERENT	J_6atToLRCM	MPREb_WlQ2by65OL5	UCZBf6sY19D8pN4JIxP9PE3Q	ym 2010s late mb albums p2
Hood Rat Shit	Megan Thee Stallion	Fever	INDIFFERENT	3c7Y2FHfRLc	MPREb_WlQ2by65OL5	UCZBf6sY19D8pN4JIxP9PE3Q	ym 2010s late mb albums p2
Dance	Megan Thee Stallion	Fever	INDIFFERENT	_kWeUjRWrr0	MPREb_WlQ2by65OL5	UCZBf6sY19D8pN4JIxP9PE3Q	ym 2010s late mb albums p2
Cash Shit (feat. DaBaby)	Megan Thee Stallion	Fever	INDIFFERENT	ZaMqXSE1Tmg	MPREb_WlQ2by65OL5	UCZBf6sY19D8pN4JIxP9PE3Q	ym 2010s late mb albums p2
Big Drank	Megan Thee Stallion	Fever	INDIFFERENT	VlsA7KQT8dU	MPREb_WlQ2by65OL5	UCZBf6sY19D8pN4JIxP9PE3Q	ym 2010s late mb albums p2
Best You Ever Had	Megan Thee Stallion	Fever	INDIFFERENT	zhkzdYgEoaY	MPREb_WlQ2by65OL5	UCZBf6sY19D8pN4JIxP9PE3Q	ym 2010s late mb albums p2
The Trillest	Meek Mill	Dreams Worth More Than Money	INDIFFERENT	SpsgX3f5SO8	MPREb_sCI5sFPh6Xj	UCr_zAwkma5JAyHOWfVXaouA	ym 2010s late mb albums p2
Stand Up	Meek Mill	Dreams Worth More Than Money	INDIFFERENT	FVztMTBiLM8	MPREb_sCI5sFPh6Xj	UCr_zAwkma5JAyHOWfVXaouA	ym 2010s late mb albums p2
Pullin Up (feat. The Weeknd)	Meek Mill	Dreams Worth More Than Money	INDIFFERENT	-bIsfIrISGs	MPREb_sCI5sFPh6Xj	UCr_zAwkma5JAyHOWfVXaouA	ym 2010s late mb albums p2
Been That (feat. Rick Ross)	Meek Mill	Dreams Worth More Than Money	INDIFFERENT	RxE9T2fUAO0	MPREb_sCI5sFPh6Xj	UCr_zAwkma5JAyHOWfVXaouA	ym 2010s late mb albums p2
Bad for You (feat. Nicki Minaj)	Meek Mill	Dreams Worth More Than Money	INDIFFERENT	4m9Edt_PRgA	MPREb_sCI5sFPh6Xj	UCr_zAwkma5JAyHOWfVXaouA	ym 2010s late mb albums p2
All Eyes on You (feat. Chris Brown & Nicki Minaj)	Meek Mill	Dreams Worth More Than Money	INDIFFERENT	6CnXDm1jTkM	MPREb_sCI5sFPh6Xj	UCr_zAwkma5JAyHOWfVXaouA	ym 2010s late mb albums p2
What's Free (feat. Jay Z & Rick Ross)	Meek Mill	Championships	INDIFFERENT	KBqvASoc63g	MPREb_qUCjMMhXq81	UCr_zAwkma5JAyHOWfVXaouA	ym 2010s late mb albums p2
Uptown Vibes (feat. Anuel AA & Fabolous)	Meek Mill	Championships	INDIFFERENT	geTAUKGBtos	MPREb_qUCjMMhXq81	UCr_zAwkma5JAyHOWfVXaouA	ym 2010s late mb albums p2
Pay You Back (feat. 21 Savage)	Meek Mill	Championships	INDIFFERENT	9bu8AGeszpA	MPREb_qUCjMMhXq81	UCr_zAwkma5JAyHOWfVXaouA	ym 2010s late mb albums p2
Oodles O' Noodles Babies	Meek Mill	Championships	INDIFFERENT	z5sQYqnzJXQ	MPREb_qUCjMMhXq81	UCr_zAwkma5JAyHOWfVXaouA	ym 2010s late mb albums p2
On Me (feat. Cardi B)	Meek Mill	Championships	INDIFFERENT	YlYlkI0BkdY	MPREb_qUCjMMhXq81	UCr_zAwkma5JAyHOWfVXaouA	ym 2010s late mb albums p2
Intro	Meek Mill	Championships	INDIFFERENT	1qqa1EI0FPA	MPREb_qUCjMMhXq81	UCr_zAwkma5JAyHOWfVXaouA	ym 2010s late mb albums p2
24/7 (feat. Ella Mai)	Meek Mill	Championships	INDIFFERENT	zgdwjGWRoRA	MPREb_qUCjMMhXq81	UCr_zAwkma5JAyHOWfVXaouA	ym 2010s late mb albums p2
100 Summers	Meek Mill	Championships	INDIFFERENT	zskfA4sO8hM	MPREb_qUCjMMhXq81	UCr_zAwkma5JAyHOWfVXaouA	ym 2010s late mb albums p2
Talkin' Shit (feat. D Flowers)	Maxo Kream	The Persona Tape	INDIFFERENT	afbmA1kPgDY	MPREb_KFFUTGSb5WZ	UCBSpiFt5zlEMlHM0u88rvDA	ym 2010s late mb albums p2
Spike Lee (feat. Playboi Carti & Rich the Kid)	Maxo Kream	The Persona Tape	INDIFFERENT	EF175krF00g	MPREb_KFFUTGSb5WZ	UCBSpiFt5zlEMlHM0u88rvDA	ym 2010s late mb albums p2
Shop	Maxo Kream	The Persona Tape	INDIFFERENT	FieJG4Oca5o	MPREb_KFFUTGSb5WZ	UCBSpiFt5zlEMlHM0u88rvDA	ym 2010s late mb albums p2
Out the Front Door (feat. Key!)	Maxo Kream	The Persona Tape	INDIFFERENT	0XDo36xMJgI	MPREb_KFFUTGSb5WZ	UCBSpiFt5zlEMlHM0u88rvDA	ym 2010s late mb albums p2
None of Y'all	Maxo Kream	The Persona Tape	INDIFFERENT	emEBjyGYOyg	MPREb_KFFUTGSb5WZ	UCBSpiFt5zlEMlHM0u88rvDA	ym 2010s late mb albums p2
Karo	Maxo Kream	The Persona Tape	INDIFFERENT	2udJ7yzyx5o	MPREb_KFFUTGSb5WZ	UCBSpiFt5zlEMlHM0u88rvDA	ym 2010s late mb albums p2
Hit Mane	Maxo Kream	The Persona Tape	INDIFFERENT	J7_Z0JuyQ6M	MPREb_KFFUTGSb5WZ	UCBSpiFt5zlEMlHM0u88rvDA	ym 2010s late mb albums p2
G3	Maxo Kream	The Persona Tape	INDIFFERENT	P7qosQk5Owk	MPREb_KFFUTGSb5WZ	UCBSpiFt5zlEMlHM0u88rvDA	ym 2010s late mb albums p2
The Relays (feat. Travis Scott)	Maxo Kream	Brandon Banks	INDIFFERENT	yZDpzo38puo	MPREb_hBsIr3bR7LP	UCBSpiFt5zlEMlHM0u88rvDA	ym 2010s late mb albums p2
Still	Maxo Kream	Brandon Banks	INDIFFERENT	ZW2OacpZYko	MPREb_hBsIr3bR7LP	UCBSpiFt5zlEMlHM0u88rvDA	ym 2010s late mb albums p2
Spice Ln.	Maxo Kream	Brandon Banks	INDIFFERENT	bmRN7obdnFQ	MPREb_hBsIr3bR7LP	UCBSpiFt5zlEMlHM0u88rvDA	ym 2010s late mb albums p2
She Live (feat. Megan Thee Stallion)	Maxo Kream	Brandon Banks	INDIFFERENT	sEgvS18FdHo	MPREb_hBsIr3bR7LP	UCBSpiFt5zlEMlHM0u88rvDA	ym 2010s late mb albums p2
Murda Blocc (feat. A$AP Ferg)	Maxo Kream	Brandon Banks	INDIFFERENT	_G1HcpcAMDY	MPREb_hBsIr3bR7LP	UCBSpiFt5zlEMlHM0u88rvDA	ym 2010s late mb albums p2
Drizzy Draco	Maxo Kream	Brandon Banks	INDIFFERENT	OYf8tDc9XyE	MPREb_hBsIr3bR7LP	UCBSpiFt5zlEMlHM0u88rvDA	ym 2010s late mb albums p2
Dairy Ashford Bastard	Maxo Kream	Brandon Banks	INDIFFERENT	iNUP-EjmA_A	MPREb_hBsIr3bR7LP	UCBSpiFt5zlEMlHM0u88rvDA	ym 2010s late mb albums p2
Brothers (feat. KCG Josh)	Maxo Kream	Brandon Banks	INDIFFERENT	MorlzWYQTY4	MPREb_hBsIr3bR7LP	UCBSpiFt5zlEMlHM0u88rvDA	ym 2010s late mb albums p2
Brenda	Maxo Kream	Brandon Banks	INDIFFERENT	ZgnJ4Ar8-0U	MPREb_hBsIr3bR7LP	UCBSpiFt5zlEMlHM0u88rvDA	ym 2010s late mb albums p2
Bissonnet	Maxo Kream	Brandon Banks	INDIFFERENT	Yt7Yjtln6Lo	MPREb_hBsIr3bR7LP	UCBSpiFt5zlEMlHM0u88rvDA	ym 2010s late mb albums p2
8 Figures	Maxo Kream	Brandon Banks	INDIFFERENT	Pk4x_6P2A_w	MPREb_hBsIr3bR7LP	UCBSpiFt5zlEMlHM0u88rvDA	ym 2010s late mb albums p2
Your Reflection (From “My Brilliant Friend” TV Series Soundtrack)	Max Richter	Voyager - Essential Max Richter	INDIFFERENT	anF1P3lUTzM	MPREb_6vFFmb664HP	UCQ9qvYOejrGR1fNOmTIreSQ	ym 2010s late mb albums p2
Where We Belong (From 'Hostiles' Soundtrack)	Max Richter	Voyager - Essential Max Richter	INDIFFERENT	L1eDzNGnRrw	MPREb_6vFFmb664HP	UCQ9qvYOejrGR1fNOmTIreSQ	ym 2010s late mb albums p2
Wershe & Son (From 'White Boy Rick' Soundtrack)	Max Richter	Voyager - Essential Max Richter	INDIFFERENT	ijiEZ4nIrHM	MPREb_6vFFmb664HP	UCQ9qvYOejrGR1fNOmTIreSQ	ym 2010s late mb albums p2
Trigger (From 'White Boy Rick' Soundtrack)	Max Richter	Voyager - Essential Max Richter	INDIFFERENT	suiLBXbW3Og	MPREb_6vFFmb664HP	UCQ9qvYOejrGR1fNOmTIreSQ	ym 2010s late mb albums p2
The Young Mariner (From 'Henry May Long' Soundtrack)	Max Richter	Voyager - Essential Max Richter	INDIFFERENT	F02nX2fxa5Y	MPREb_6vFFmb664HP	UCQ9qvYOejrGR1fNOmTIreSQ	ym 2010s late mb albums p2
The Mind’s Eye (From 'Werk ohne Autor' Soundtrack)	Max Richter	Voyager - Essential Max Richter	INDIFFERENT	Z_BrnwcOi7o	MPREb_6vFFmb664HP	UCQ9qvYOejrGR1fNOmTIreSQ	ym 2010s late mb albums p2
The Inexorable Advance of Mr. Delaney (From “Taboo” TV Series Soundtrack)	Max Richter	Voyager - Essential Max Richter	INDIFFERENT	wk6EOf_jYCY	MPREb_6vFFmb664HP	UCQ9qvYOejrGR1fNOmTIreSQ	ym 2010s late mb albums p2
Ride To Marathon Station (From 'White Boy Rick' Soundtrack)	Max Richter	Voyager - Essential Max Richter	INDIFFERENT	bIF8RhPLjMM	MPREb_6vFFmb664HP	UCQ9qvYOejrGR1fNOmTIreSQ	ym 2010s late mb albums p2
Richter: Vladimir's Blues	Max Richter	Voyager - Essential Max Richter	INDIFFERENT	vzykut-zOJY	MPREb_6vFFmb664HP	UCQ9qvYOejrGR1fNOmTIreSQ	ym 2010s late mb albums p2
Richter: Path Solo	Max Richter	Voyager - Essential Max Richter	INDIFFERENT	hfkXYjug6N0	MPREb_6vFFmb664HP	UCQ9qvYOejrGR1fNOmTIreSQ	ym 2010s late mb albums p2
Richter: On the Nature of Daylight	Max Richter	Voyager - Essential Max Richter	INDIFFERENT	nVoVG7-UDUs	MPREb_6vFFmb664HP	UCQ9qvYOejrGR1fNOmTIreSQ	ym 2010s late mb albums p2
Richter: Lullaby From The Westcoast Sleepers	Max Richter	Voyager - Essential Max Richter	INDIFFERENT	Ydgq7FSihGA	MPREb_6vFFmb664HP	UCQ9qvYOejrGR1fNOmTIreSQ	ym 2010s late mb albums p2
Richter: Iconography	Max Richter	Voyager - Essential Max Richter	INDIFFERENT	88tfmsrRNpc	MPREb_6vFFmb664HP	UCQ9qvYOejrGR1fNOmTIreSQ	ym 2010s late mb albums p2
Richter: Hope Strings Eternal	Max Richter	Voyager - Essential Max Richter	INDIFFERENT	T0X-BdsF_JA	MPREb_6vFFmb664HP	UCQ9qvYOejrGR1fNOmTIreSQ	ym 2010s late mb albums p2
Richter: Dream Solo	Max Richter	Voyager - Essential Max Richter	INDIFFERENT	BniQ1K0D4XE	MPREb_6vFFmb664HP	UCQ9qvYOejrGR1fNOmTIreSQ	ym 2010s late mb albums p2
Richter: Circles From The Rue Simon – Crubellier	Max Richter	Voyager - Essential Max Richter	INDIFFERENT	TyqDSGt5Oxg	MPREb_6vFFmb664HP	UCQ9qvYOejrGR1fNOmTIreSQ	ym 2010s late mb albums p2
Richter: Broken Symmetries For Y	Max Richter	Voyager - Essential Max Richter	INDIFFERENT	AcOHHmu7n6c	MPREb_6vFFmb664HP	UCQ9qvYOejrGR1fNOmTIreSQ	ym 2010s late mb albums p2
Richter: A Catalogue of Afternoons	Max Richter	Voyager - Essential Max Richter	INDIFFERENT	3dE5KHyYiYc	MPREb_6vFFmb664HP	UCQ9qvYOejrGR1fNOmTIreSQ	ym 2010s late mb albums p2
Our Reflection (From “My Brilliant Friend” TV Series Soundtrack)	Max Richter	Voyager - Essential Max Richter	INDIFFERENT	COa39oeVvOo	MPREb_6vFFmb664HP	UCQ9qvYOejrGR1fNOmTIreSQ	ym 2010s late mb albums p2
On Reflection (Music From 'Black Mirror' TV Series)	Max Richter	Voyager - Essential Max Richter	INDIFFERENT	KFR9cpgiseA	MPREb_6vFFmb664HP	UCQ9qvYOejrGR1fNOmTIreSQ	ym 2010s late mb albums p2
Lamentation for a Lost Life (From “Taboo” TV Series Soundtrack)	Max Richter	Voyager - Essential Max Richter	INDIFFERENT	VfAwODPg-9c	MPREb_6vFFmb664HP	UCQ9qvYOejrGR1fNOmTIreSQ	ym 2010s late mb albums p2
In The Garden (Recorded at Spotify Studios NYC)	Max Richter	Voyager - Essential Max Richter	INDIFFERENT	8OjiQD5cLfI	MPREb_6vFFmb664HP	UCQ9qvYOejrGR1fNOmTIreSQ	ym 2010s late mb albums p2
Elena & Lila (From “My Brilliant Friend” TV Series Soundtrack)	Max Richter	Voyager - Essential Max Richter	INDIFFERENT	lhKo5K1ToRE	MPREb_6vFFmb664HP	UCQ9qvYOejrGR1fNOmTIreSQ	ym 2010s late mb albums p2
A Woman Alone (From 'Hostiles' Soundtrack)	Max Richter	Voyager - Essential Max Richter	INDIFFERENT	8-oqiF9aHGo	MPREb_6vFFmb664HP	UCQ9qvYOejrGR1fNOmTIreSQ	ym 2010s late mb albums p2
A New Generation (From 'Mary Queen Of Scots' Soundtrack)	Max Richter	Voyager - Essential Max Richter	INDIFFERENT	E5QRS6pVgpk	MPREb_6vFFmb664HP	UCQ9qvYOejrGR1fNOmTIreSQ	ym 2010s late mb albums p2
Richter: nor earth, nor boundless sea (Pt. 9)	Max Richter	Sleep	INDIFFERENT	sclX3jH-Nf8	MPREb_A9AHzoUYd7b	UCQ9qvYOejrGR1fNOmTIreSQ	ym 2010s late mb albums p2
Richter: nor earth, nor boundless sea (Pt. 8)	Max Richter	Sleep	INDIFFERENT	ZcYYERSrGPs	MPREb_A9AHzoUYd7b	UCQ9qvYOejrGR1fNOmTIreSQ	ym 2010s late mb albums p2
Richter: nor earth, nor boundless sea (Pt. 7)	Max Richter	Sleep	INDIFFERENT	tYv6yPLSTCg	MPREb_A9AHzoUYd7b	UCQ9qvYOejrGR1fNOmTIreSQ	ym 2010s late mb albums p2
Richter: nor earth, nor boundless sea (Pt. 6)	Max Richter	Sleep	INDIFFERENT	2V8_o4UwLP4	MPREb_A9AHzoUYd7b	UCQ9qvYOejrGR1fNOmTIreSQ	ym 2010s late mb albums p2
Richter: nor earth, nor boundless sea (Pt. 5)	Max Richter	Sleep	INDIFFERENT	oyTmDkf_3Cw	MPREb_A9AHzoUYd7b	UCQ9qvYOejrGR1fNOmTIreSQ	ym 2010s late mb albums p2
Richter: nor earth, nor boundless sea (Pt. 4)	Max Richter	Sleep	INDIFFERENT	MRju4CDjmoY	MPREb_A9AHzoUYd7b	UCQ9qvYOejrGR1fNOmTIreSQ	ym 2010s late mb albums p2
Richter: nor earth, nor boundless sea (Pt. 3)	Max Richter	Sleep	INDIFFERENT	vSIRNUcTzr8	MPREb_A9AHzoUYd7b	UCQ9qvYOejrGR1fNOmTIreSQ	ym 2010s late mb albums p2
Richter: nor earth, nor boundless sea (Pt. 2)	Max Richter	Sleep	INDIFFERENT	ELPwSfioM5c	MPREb_A9AHzoUYd7b	UCQ9qvYOejrGR1fNOmTIreSQ	ym 2010s late mb albums p2
Richter: nor earth, nor boundless sea (Pt. 1)	Max Richter	Sleep	INDIFFERENT	klbTuQeBPo4	MPREb_A9AHzoUYd7b	UCQ9qvYOejrGR1fNOmTIreSQ	ym 2010s late mb albums p2
Richter: moth-like stars (Pt. 9)	Max Richter	Sleep	INDIFFERENT	Gnqscr7GQo4	MPREb_A9AHzoUYd7b	UCQ9qvYOejrGR1fNOmTIreSQ	ym 2010s late mb albums p2
Richter: moth-like stars (Pt. 8)	Max Richter	Sleep	INDIFFERENT	VVlczmuMHzM	MPREb_A9AHzoUYd7b	UCQ9qvYOejrGR1fNOmTIreSQ	ym 2010s late mb albums p2
Richter: moth-like stars (Pt. 7)	Max Richter	Sleep	INDIFFERENT	h25rX1-7X2g	MPREb_A9AHzoUYd7b	UCQ9qvYOejrGR1fNOmTIreSQ	ym 2010s late mb albums p2
Richter: moth-like stars (Pt. 6)	Max Richter	Sleep	INDIFFERENT	XJG-yGpqKVk	MPREb_A9AHzoUYd7b	UCQ9qvYOejrGR1fNOmTIreSQ	ym 2010s late mb albums p2
Richter: moth-like stars (Pt. 5)	Max Richter	Sleep	INDIFFERENT	AsVoSI7-2s8	MPREb_A9AHzoUYd7b	UCQ9qvYOejrGR1fNOmTIreSQ	ym 2010s late mb albums p2
Richter: moth-like stars (Pt. 4)	Max Richter	Sleep	INDIFFERENT	yD5F-32SWdA	MPREb_A9AHzoUYd7b	UCQ9qvYOejrGR1fNOmTIreSQ	ym 2010s late mb albums p2
Richter: moth-like stars (Pt. 3)	Max Richter	Sleep	INDIFFERENT	9RBUd-J0GdY	MPREb_A9AHzoUYd7b	UCQ9qvYOejrGR1fNOmTIreSQ	ym 2010s late mb albums p2
Richter: moth-like stars (Pt. 2)	Max Richter	Sleep	INDIFFERENT	lTDXOQc1Qe4	MPREb_A9AHzoUYd7b	UCQ9qvYOejrGR1fNOmTIreSQ	ym 2010s late mb albums p2
Richter: moth-like stars (Pt. 14)	Max Richter	Sleep	INDIFFERENT	1Xw-GFZXgMs	MPREb_A9AHzoUYd7b	UCQ9qvYOejrGR1fNOmTIreSQ	ym 2010s late mb albums p2
Richter: moth-like stars (Pt. 13)	Max Richter	Sleep	INDIFFERENT	UNHg3-AV3_w	MPREb_A9AHzoUYd7b	UCQ9qvYOejrGR1fNOmTIreSQ	ym 2010s late mb albums p2
Richter: moth-like stars (Pt. 12)	Max Richter	Sleep	INDIFFERENT	QZhqV-We_Mg	MPREb_A9AHzoUYd7b	UCQ9qvYOejrGR1fNOmTIreSQ	ym 2010s late mb albums p2
Richter: moth-like stars (Pt. 11)	Max Richter	Sleep	INDIFFERENT	UE6UG1Dr71E	MPREb_A9AHzoUYd7b	UCQ9qvYOejrGR1fNOmTIreSQ	ym 2010s late mb albums p2
Richter: moth-like stars (Pt. 10)	Max Richter	Sleep	INDIFFERENT	fRqXsuAMjE8	MPREb_A9AHzoUYd7b	UCQ9qvYOejrGR1fNOmTIreSQ	ym 2010s late mb albums p2
Richter: moth-like stars (Pt. 1)	Max Richter	Sleep	INDIFFERENT	2rhOIcoJH7A	MPREb_A9AHzoUYd7b	UCQ9qvYOejrGR1fNOmTIreSQ	ym 2010s late mb albums p2
Richter: Sublunar (Pt. 9)	Max Richter	Sleep	INDIFFERENT	EdMuQG5ctxI	MPREb_A9AHzoUYd7b	UCQ9qvYOejrGR1fNOmTIreSQ	ym 2010s late mb albums p2
Richter: Sublunar (Pt. 8)	Max Richter	Sleep	INDIFFERENT	Cl-8i4Snc40	MPREb_A9AHzoUYd7b	UCQ9qvYOejrGR1fNOmTIreSQ	ym 2010s late mb albums p2
Richter: Sublunar (Pt. 7)	Max Richter	Sleep	INDIFFERENT	4moBQVpITC8	MPREb_A9AHzoUYd7b	UCQ9qvYOejrGR1fNOmTIreSQ	ym 2010s late mb albums p2
Richter: Sublunar (Pt. 6)	Max Richter	Sleep	INDIFFERENT	szJHdM6Mq-0	MPREb_A9AHzoUYd7b	UCQ9qvYOejrGR1fNOmTIreSQ	ym 2010s late mb albums p2
Richter: Sublunar (Pt. 5)	Max Richter	Sleep	INDIFFERENT	KTEMppmZTzE	MPREb_A9AHzoUYd7b	UCQ9qvYOejrGR1fNOmTIreSQ	ym 2010s late mb albums p2
Richter: Sublunar (Pt. 4)	Max Richter	Sleep	INDIFFERENT	rdOEyH0n8GA	MPREb_A9AHzoUYd7b	UCQ9qvYOejrGR1fNOmTIreSQ	ym 2010s late mb albums p2
Richter: Sublunar (Pt. 3)	Max Richter	Sleep	INDIFFERENT	MSCwVi0YdBA	MPREb_A9AHzoUYd7b	UCQ9qvYOejrGR1fNOmTIreSQ	ym 2010s late mb albums p2
Richter: Sublunar (Pt. 2)	Max Richter	Sleep	INDIFFERENT	WRZbxEE1XRA	MPREb_A9AHzoUYd7b	UCQ9qvYOejrGR1fNOmTIreSQ	ym 2010s late mb albums p2
Richter: Sublunar (Pt. 13)	Max Richter	Sleep	INDIFFERENT	mqUy5xQZVbk	MPREb_A9AHzoUYd7b	UCQ9qvYOejrGR1fNOmTIreSQ	ym 2010s late mb albums p2
Richter: Sublunar (Pt. 12)	Max Richter	Sleep	INDIFFERENT	6gmP61dY_oc	MPREb_A9AHzoUYd7b	UCQ9qvYOejrGR1fNOmTIreSQ	ym 2010s late mb albums p2
Richter: Sublunar (Pt. 11)	Max Richter	Sleep	INDIFFERENT	VBarXknYg30	MPREb_A9AHzoUYd7b	UCQ9qvYOejrGR1fNOmTIreSQ	ym 2010s late mb albums p2
Richter: Sublunar (Pt. 10)	Max Richter	Sleep	INDIFFERENT	5mMFgosELs4	MPREb_A9AHzoUYd7b	UCQ9qvYOejrGR1fNOmTIreSQ	ym 2010s late mb albums p2
Richter: Sublunar (Pt. 1)	Max Richter	Sleep	INDIFFERENT	tjxBLpeZ5r8	MPREb_A9AHzoUYd7b	UCQ9qvYOejrGR1fNOmTIreSQ	ym 2010s late mb albums p2
Richter: Space 26 (epicardium) (Pt. 2)	Max Richter	Sleep	INDIFFERENT	W8PA2SQAaRk	MPREb_A9AHzoUYd7b	UCQ9qvYOejrGR1fNOmTIreSQ	ym 2010s late mb albums p2
Richter: Space 26 (epicardium) (Pt. 1)	Max Richter	Sleep	INDIFFERENT	wSVupAjkGz8	MPREb_A9AHzoUYd7b	UCQ9qvYOejrGR1fNOmTIreSQ	ym 2010s late mb albums p2
Richter: Space 2 (Slow Waves) (Pt. 2)	Max Richter	Sleep	INDIFFERENT	wIiSxNcbpOM	MPREb_A9AHzoUYd7b	UCQ9qvYOejrGR1fNOmTIreSQ	ym 2010s late mb albums p2
Richter: Space 2 (Slow Waves) (Pt. 1)	Max Richter	Sleep	INDIFFERENT	9Rg5d0E2iuk	MPREb_A9AHzoUYd7b	UCQ9qvYOejrGR1fNOmTIreSQ	ym 2010s late mb albums p2
Richter: Space 17 (chains) (Pt. 8)	Max Richter	Sleep	INDIFFERENT	ywth5QxfrD8	MPREb_A9AHzoUYd7b	UCQ9qvYOejrGR1fNOmTIreSQ	ym 2010s late mb albums p2
Richter: Space 17 (Chains) (Pt. 9)	Max Richter	Sleep	INDIFFERENT	AV0kLhabi6w	MPREb_A9AHzoUYd7b	UCQ9qvYOejrGR1fNOmTIreSQ	ym 2010s late mb albums p2
Richter: Space 17 (Chains) (Pt. 7)	Max Richter	Sleep	INDIFFERENT	7Li8RSMIpKw	MPREb_A9AHzoUYd7b	UCQ9qvYOejrGR1fNOmTIreSQ	ym 2010s late mb albums p2
Richter: Space 17 (Chains) (Pt. 6)	Max Richter	Sleep	INDIFFERENT	NtYvnU6IYEQ	MPREb_A9AHzoUYd7b	UCQ9qvYOejrGR1fNOmTIreSQ	ym 2010s late mb albums p2
Richter: Space 17 (Chains) (Pt. 5)	Max Richter	Sleep	INDIFFERENT	DzXDMAxsZLI	MPREb_A9AHzoUYd7b	UCQ9qvYOejrGR1fNOmTIreSQ	ym 2010s late mb albums p2
Richter: Space 17 (Chains) (Pt. 4)	Max Richter	Sleep	INDIFFERENT	0rvC6V4vIUE	MPREb_A9AHzoUYd7b	UCQ9qvYOejrGR1fNOmTIreSQ	ym 2010s late mb albums p2
Richter: Space 17 (Chains) (Pt. 3)	Max Richter	Sleep	INDIFFERENT	c2M_WrBi_FE	MPREb_A9AHzoUYd7b	UCQ9qvYOejrGR1fNOmTIreSQ	ym 2010s late mb albums p2
Richter: Space 17 (Chains) (Pt. 2)	Max Richter	Sleep	INDIFFERENT	ligZ9X_Orsg	MPREb_A9AHzoUYd7b	UCQ9qvYOejrGR1fNOmTIreSQ	ym 2010s late mb albums p2
Richter: Space 17 (Chains) (Pt. 10)	Max Richter	Sleep	INDIFFERENT	viJLpt8zpSE	MPREb_A9AHzoUYd7b	UCQ9qvYOejrGR1fNOmTIreSQ	ym 2010s late mb albums p2
Richter: Space 17 (Chains) (Pt. 1)	Max Richter	Sleep	INDIFFERENT	3NhzOIjCYvM	MPREb_A9AHzoUYd7b	UCQ9qvYOejrGR1fNOmTIreSQ	ym 2010s late mb albums p2
Richter: Solo (Pt. 2)	Max Richter	Sleep	INDIFFERENT	URGpz7SEqkk	MPREb_A9AHzoUYd7b	UCQ9qvYOejrGR1fNOmTIreSQ	ym 2010s late mb albums p2
Richter: Solo (Pt. 1)	Max Richter	Sleep	INDIFFERENT	qv6JTnO6vW8	MPREb_A9AHzoUYd7b	UCQ9qvYOejrGR1fNOmTIreSQ	ym 2010s late mb albums p2
Richter: Return 2 (song) (Pt. 7)	Max Richter	Sleep	INDIFFERENT	4STkJc7s3Ls	MPREb_A9AHzoUYd7b	UCQ9qvYOejrGR1fNOmTIreSQ	ym 2010s late mb albums p2
Richter: Return 2 (song) (Pt. 6)	Max Richter	Sleep	INDIFFERENT	lu9GlVSVZfI	MPREb_A9AHzoUYd7b	UCQ9qvYOejrGR1fNOmTIreSQ	ym 2010s late mb albums p2
Richter: Return 2 (song) (Pt. 5)	Max Richter	Sleep	INDIFFERENT	qIMHzPw12Js	MPREb_A9AHzoUYd7b	UCQ9qvYOejrGR1fNOmTIreSQ	ym 2010s late mb albums p2
Richter: Return 2 (song) (Pt. 4)	Max Richter	Sleep	INDIFFERENT	GIJi1i6ODsE	MPREb_A9AHzoUYd7b	UCQ9qvYOejrGR1fNOmTIreSQ	ym 2010s late mb albums p2
Richter: Return 2 (song) (Pt. 3)	Max Richter	Sleep	INDIFFERENT	AgSZOXx6WCI	MPREb_A9AHzoUYd7b	UCQ9qvYOejrGR1fNOmTIreSQ	ym 2010s late mb albums p2
Richter: Return 2 (song) (Pt. 2)	Max Richter	Sleep	INDIFFERENT	yDWAEocNEAg	MPREb_A9AHzoUYd7b	UCQ9qvYOejrGR1fNOmTIreSQ	ym 2010s late mb albums p2
Richter: Return 2 (song) (Pt. 1)	Max Richter	Sleep	INDIFFERENT	ZebNZjr_ymU	MPREb_A9AHzoUYd7b	UCQ9qvYOejrGR1fNOmTIreSQ	ym 2010s late mb albums p2
Richter: Return 16 (time capsule) (Pt. 2)	Max Richter	Sleep	INDIFFERENT	zAn9j_deGPA	MPREb_A9AHzoUYd7b	UCQ9qvYOejrGR1fNOmTIreSQ	ym 2010s late mb albums p2
Richter: Return 16 (Time Capsule) (Pt. 7)	Max Richter	Sleep	INDIFFERENT	VJy2rcrlCUs	MPREb_A9AHzoUYd7b	UCQ9qvYOejrGR1fNOmTIreSQ	ym 2010s late mb albums p2
Richter: Return 16 (Time Capsule) (Pt. 6)	Max Richter	Sleep	INDIFFERENT	xtL10RQMmMQ	MPREb_A9AHzoUYd7b	UCQ9qvYOejrGR1fNOmTIreSQ	ym 2010s late mb albums p2
Richter: Return 16 (Time Capsule) (Pt. 5)	Max Richter	Sleep	INDIFFERENT	9xdbj3SS0is	MPREb_A9AHzoUYd7b	UCQ9qvYOejrGR1fNOmTIreSQ	ym 2010s late mb albums p2
Richter: Return 16 (Time Capsule) (Pt. 4)	Max Richter	Sleep	INDIFFERENT	_QjUZiYjl-A	MPREb_A9AHzoUYd7b	UCQ9qvYOejrGR1fNOmTIreSQ	ym 2010s late mb albums p2
Richter: Return 16 (Time Capsule) (Pt. 3)	Max Richter	Sleep	INDIFFERENT	ptKCp6mEOzE	MPREb_A9AHzoUYd7b	UCQ9qvYOejrGR1fNOmTIreSQ	ym 2010s late mb albums p2
Richter: Return 16 (Time Capsule) (Pt. 1)	Max Richter	Sleep	INDIFFERENT	6JrPTip_nSI	MPREb_A9AHzoUYd7b	UCQ9qvYOejrGR1fNOmTIreSQ	ym 2010s late mb albums p2
Richter: Patterns (cypher)	Max Richter	Sleep	INDIFFERENT	TTD2YVzXfT0	MPREb_A9AHzoUYd7b	UCQ9qvYOejrGR1fNOmTIreSQ	ym 2010s late mb albums p2
Richter: Patterns (Lux) (Pt. 9)	Max Richter	Sleep	INDIFFERENT	5bBac8usI9c	MPREb_A9AHzoUYd7b	UCQ9qvYOejrGR1fNOmTIreSQ	ym 2010s late mb albums p2
Richter: Patterns (Lux) (Pt. 8)	Max Richter	Sleep	INDIFFERENT	laTthMgqrBU	MPREb_A9AHzoUYd7b	UCQ9qvYOejrGR1fNOmTIreSQ	ym 2010s late mb albums p2
Richter: Patterns (Lux) (Pt. 7)	Max Richter	Sleep	INDIFFERENT	vFoL4s1I_Qo	MPREb_A9AHzoUYd7b	UCQ9qvYOejrGR1fNOmTIreSQ	ym 2010s late mb albums p2
Richter: Patterns (Lux) (Pt. 6)	Max Richter	Sleep	INDIFFERENT	pPU4vWVmzVk	MPREb_A9AHzoUYd7b	UCQ9qvYOejrGR1fNOmTIreSQ	ym 2010s late mb albums p2
Richter: Patterns (Lux) (Pt. 5)	Max Richter	Sleep	INDIFFERENT	97CePFfXyos	MPREb_A9AHzoUYd7b	UCQ9qvYOejrGR1fNOmTIreSQ	ym 2010s late mb albums p2
Richter: Patterns (Lux) (Pt. 4)	Max Richter	Sleep	INDIFFERENT	YWv1D5pJT-I	MPREb_A9AHzoUYd7b	UCQ9qvYOejrGR1fNOmTIreSQ	ym 2010s late mb albums p2
Richter: Patterns (Lux) (Pt. 3)	Max Richter	Sleep	INDIFFERENT	vC3pr99F-YM	MPREb_A9AHzoUYd7b	UCQ9qvYOejrGR1fNOmTIreSQ	ym 2010s late mb albums p2
Richter: Patterns (Lux) (Pt. 2)	Max Richter	Sleep	INDIFFERENT	tWCUuEhbgug	MPREb_A9AHzoUYd7b	UCQ9qvYOejrGR1fNOmTIreSQ	ym 2010s late mb albums p2
Richter: Patterns (Lux) (Pt. 10)	Max Richter	Sleep	INDIFFERENT	6UUghvbR5kI	MPREb_A9AHzoUYd7b	UCQ9qvYOejrGR1fNOmTIreSQ	ym 2010s late mb albums p2
Richter: Patterns (Lux) (Pt. 1)	Max Richter	Sleep	INDIFFERENT	N6EMf1sT9Io	MPREb_A9AHzoUYd7b	UCQ9qvYOejrGR1fNOmTIreSQ	ym 2010s late mb albums p2
Richter: Never Fade Into Nothingness (Pt. 6)	Max Richter	Sleep	INDIFFERENT	297DqZUz3Q8	MPREb_A9AHzoUYd7b	UCQ9qvYOejrGR1fNOmTIreSQ	ym 2010s late mb albums p2
Richter: Never Fade Into Nothingness (Pt. 5)	Max Richter	Sleep	INDIFFERENT	EI9PAqGLPko	MPREb_A9AHzoUYd7b	UCQ9qvYOejrGR1fNOmTIreSQ	ym 2010s late mb albums p2
Richter: Never Fade Into Nothingness (Pt. 4)	Max Richter	Sleep	INDIFFERENT	PrQ0_7wsrqk	MPREb_A9AHzoUYd7b	UCQ9qvYOejrGR1fNOmTIreSQ	ym 2010s late mb albums p2
Richter: Never Fade Into Nothingness (Pt. 3)	Max Richter	Sleep	INDIFFERENT	wAdWcTcyaK8	MPREb_A9AHzoUYd7b	UCQ9qvYOejrGR1fNOmTIreSQ	ym 2010s late mb albums p2
Richter: Never Fade Into Nothingness (Pt. 2)	Max Richter	Sleep	INDIFFERENT	C-PhhJXGJYI	MPREb_A9AHzoUYd7b	UCQ9qvYOejrGR1fNOmTIreSQ	ym 2010s late mb albums p2
Richter: Never Fade Into Nothingness (Pt. 1)	Max Richter	Sleep	INDIFFERENT	bnxWpfZPQSk	MPREb_A9AHzoUYd7b	UCQ9qvYOejrGR1fNOmTIreSQ	ym 2010s late mb albums p2
Richter: If You Came This Way (Pt. 5)	Max Richter	Sleep	INDIFFERENT	I07zVaER11c	MPREb_A9AHzoUYd7b	UCQ9qvYOejrGR1fNOmTIreSQ	ym 2010s late mb albums p2
Richter: If You Came This Way (Pt. 4)	Max Richter	Sleep	INDIFFERENT	LGVnJs37xDw	MPREb_A9AHzoUYd7b	UCQ9qvYOejrGR1fNOmTIreSQ	ym 2010s late mb albums p2
Richter: If You Came This Way (Pt. 3)	Max Richter	Sleep	INDIFFERENT	EMnJ7kG0mKU	MPREb_A9AHzoUYd7b	UCQ9qvYOejrGR1fNOmTIreSQ	ym 2010s late mb albums p2
Richter: If You Came This Way (Pt. 2)	Max Richter	Sleep	INDIFFERENT	ELPJq54_Grs	MPREb_A9AHzoUYd7b	UCQ9qvYOejrGR1fNOmTIreSQ	ym 2010s late mb albums p2
Richter: If You Came This Way (Pt. 1)	Max Richter	Sleep	INDIFFERENT	Rpmqh3HLMaE	MPREb_A9AHzoUYd7b	UCQ9qvYOejrGR1fNOmTIreSQ	ym 2010s late mb albums p2
Richter: Dream 2 (entropy) (Pt. 4)	Max Richter	Sleep	INDIFFERENT	QXxuPGW13Nc	MPREb_A9AHzoUYd7b	UCQ9qvYOejrGR1fNOmTIreSQ	ym 2010s late mb albums p2
Richter: Dream 2 (entropy) (Pt. 3)	Max Richter	Sleep	INDIFFERENT	L-g0oTxkquA	MPREb_A9AHzoUYd7b	UCQ9qvYOejrGR1fNOmTIreSQ	ym 2010s late mb albums p2
Richter: Dream 2 (entropy) (Pt. 2)	Max Richter	Sleep	INDIFFERENT	mTDK8EaQP_o	MPREb_A9AHzoUYd7b	UCQ9qvYOejrGR1fNOmTIreSQ	ym 2010s late mb albums p2
Richter: Dream 2 (entropy) (Pt. 1)	Max Richter	Sleep	INDIFFERENT	InWCp4Zp1hc	MPREb_A9AHzoUYd7b	UCQ9qvYOejrGR1fNOmTIreSQ	ym 2010s late mb albums p2
Richter: Dream 19 (pulse) (Pt. 1)	Max Richter	Sleep	INDIFFERENT	NEO-KZ603Q4	MPREb_A9AHzoUYd7b	UCQ9qvYOejrGR1fNOmTIreSQ	ym 2010s late mb albums p2
Richter: Dream 19 (Pulse) (Pt. 6)	Max Richter	Sleep	INDIFFERENT	kWvpEeYlzCE	MPREb_A9AHzoUYd7b	UCQ9qvYOejrGR1fNOmTIreSQ	ym 2010s late mb albums p2
Richter: Dream 19 (Pulse) (Pt. 5)	Max Richter	Sleep	INDIFFERENT	XKJz9rFByEE	MPREb_A9AHzoUYd7b	UCQ9qvYOejrGR1fNOmTIreSQ	ym 2010s late mb albums p2
Richter: Dream 19 (Pulse) (Pt. 4)	Max Richter	Sleep	INDIFFERENT	vxq7StVzMA0	MPREb_A9AHzoUYd7b	UCQ9qvYOejrGR1fNOmTIreSQ	ym 2010s late mb albums p2
Richter: Dream 19 (Pulse) (Pt. 3)	Max Richter	Sleep	INDIFFERENT	pI3JYAQgm5M	MPREb_A9AHzoUYd7b	UCQ9qvYOejrGR1fNOmTIreSQ	ym 2010s late mb albums p2
Richter: Dream 19 (Pulse) (Pt. 2)	Max Richter	Sleep	INDIFFERENT	d0xJT7rXFUQ	MPREb_A9AHzoUYd7b	UCQ9qvYOejrGR1fNOmTIreSQ	ym 2010s late mb albums p2
Richter: Dream 17 (Alpha) (Pt. 9)	Max Richter	Sleep	INDIFFERENT	IRK-3bTPe9I	MPREb_A9AHzoUYd7b	UCQ9qvYOejrGR1fNOmTIreSQ	ym 2010s late mb albums p2
Richter: Dream 17 (Alpha) (Pt. 8)	Max Richter	Sleep	INDIFFERENT	RYFrpRuoKfQ	MPREb_A9AHzoUYd7b	UCQ9qvYOejrGR1fNOmTIreSQ	ym 2010s late mb albums p2
Richter: Dream 17 (Alpha) (Pt. 7)	Max Richter	Sleep	INDIFFERENT	0Zo6Hv26vag	MPREb_A9AHzoUYd7b	UCQ9qvYOejrGR1fNOmTIreSQ	ym 2010s late mb albums p2
Richter: Dream 17 (Alpha) (Pt. 6)	Max Richter	Sleep	INDIFFERENT	53ghvNnWjoc	MPREb_A9AHzoUYd7b	UCQ9qvYOejrGR1fNOmTIreSQ	ym 2010s late mb albums p2
Richter: Dream 17 (Alpha) (Pt. 5)	Max Richter	Sleep	INDIFFERENT	fMbqHcdm1ww	MPREb_A9AHzoUYd7b	UCQ9qvYOejrGR1fNOmTIreSQ	ym 2010s late mb albums p2
Richter: Dream 17 (Alpha) (Pt. 4)	Max Richter	Sleep	INDIFFERENT	RqW__tZhqtQ	MPREb_A9AHzoUYd7b	UCQ9qvYOejrGR1fNOmTIreSQ	ym 2010s late mb albums p2
Richter: Dream 17 (Alpha) (Pt. 3)	Max Richter	Sleep	INDIFFERENT	EB1G3w4X0Gs	MPREb_A9AHzoUYd7b	UCQ9qvYOejrGR1fNOmTIreSQ	ym 2010s late mb albums p2
Richter: Dream 17 (Alpha) (Pt. 2)	Max Richter	Sleep	INDIFFERENT	5iHso-TwVMs	MPREb_A9AHzoUYd7b	UCQ9qvYOejrGR1fNOmTIreSQ	ym 2010s late mb albums p2
Richter: Dream 17 (Alpha) (Pt. 12)	Max Richter	Sleep	INDIFFERENT	5JrY4Gwk2Bk	MPREb_A9AHzoUYd7b	UCQ9qvYOejrGR1fNOmTIreSQ	ym 2010s late mb albums p2
Richter: Dream 17 (Alpha) (Pt. 11)	Max Richter	Sleep	INDIFFERENT	zeillr1QbzQ	MPREb_A9AHzoUYd7b	UCQ9qvYOejrGR1fNOmTIreSQ	ym 2010s late mb albums p2
Richter: Dream 17 (Alpha) (Pt. 10)	Max Richter	Sleep	INDIFFERENT	br23ixg-jcY	MPREb_A9AHzoUYd7b	UCQ9qvYOejrGR1fNOmTIreSQ	ym 2010s late mb albums p2
Richter: Dream 17 (Alpha) (Pt. 1)	Max Richter	Sleep	INDIFFERENT	bOHunTHkNwU	MPREb_A9AHzoUYd7b	UCQ9qvYOejrGR1fNOmTIreSQ	ym 2010s late mb albums p2
Richter: Dream 11 (whisper music) (Pt. 6)	Max Richter	Sleep	INDIFFERENT	01p3I-by634	MPREb_A9AHzoUYd7b	UCQ9qvYOejrGR1fNOmTIreSQ	ym 2010s late mb albums p2
Richter: Dream 11 (whisper music) (Pt. 5)	Max Richter	Sleep	INDIFFERENT	8pWeYX500w8	MPREb_A9AHzoUYd7b	UCQ9qvYOejrGR1fNOmTIreSQ	ym 2010s late mb albums p2
Richter: Dream 11 (whisper music) (Pt. 4)	Max Richter	Sleep	INDIFFERENT	sbdsdkY5Hp0	MPREb_A9AHzoUYd7b	UCQ9qvYOejrGR1fNOmTIreSQ	ym 2010s late mb albums p2
Richter: Dream 11 (whisper music) (Pt. 3)	Max Richter	Sleep	INDIFFERENT	t6e6bkQ0qnQ	MPREb_A9AHzoUYd7b	UCQ9qvYOejrGR1fNOmTIreSQ	ym 2010s late mb albums p2
Richter: Dream 11 (whisper music) (Pt. 2)	Max Richter	Sleep	INDIFFERENT	nc1yW0HjvZc	MPREb_A9AHzoUYd7b	UCQ9qvYOejrGR1fNOmTIreSQ	ym 2010s late mb albums p2
Richter: Dream 11 (whisper music) (Pt. 1)	Max Richter	Sleep	INDIFFERENT	jfMhrrCury4	MPREb_A9AHzoUYd7b	UCQ9qvYOejrGR1fNOmTIreSQ	ym 2010s late mb albums p2
Richter: Dream 1 (before the wind blows it all away) (Pt. 8)	Max Richter	Sleep	INDIFFERENT	sTfgGJm-6lU	MPREb_A9AHzoUYd7b	UCQ9qvYOejrGR1fNOmTIreSQ	ym 2010s late mb albums p2
Richter: Dream 1 (before the wind blows it all away) (Pt. 7)	Max Richter	Sleep	INDIFFERENT	6B1-ZQaDiPU	MPREb_A9AHzoUYd7b	UCQ9qvYOejrGR1fNOmTIreSQ	ym 2010s late mb albums p2
Richter: Dream 1 (before the wind blows it all away) (Pt. 6)	Max Richter	Sleep	INDIFFERENT	nmoC1bRPlFc	MPREb_A9AHzoUYd7b	UCQ9qvYOejrGR1fNOmTIreSQ	ym 2010s late mb albums p2
Richter: Dream 1 (before the wind blows it all away) (Pt. 5)	Max Richter	Sleep	INDIFFERENT	Jqi7TqACtck	MPREb_A9AHzoUYd7b	UCQ9qvYOejrGR1fNOmTIreSQ	ym 2010s late mb albums p2
Richter: Dream 1 (before the wind blows it all away) (Pt. 4)	Max Richter	Sleep	INDIFFERENT	2f26T8lAXgs	MPREb_A9AHzoUYd7b	UCQ9qvYOejrGR1fNOmTIreSQ	ym 2010s late mb albums p2
Richter: Dream 1 (before the wind blows it all away) (Pt. 3)	Max Richter	Sleep	INDIFFERENT	-s2fq2dBydE	MPREb_A9AHzoUYd7b	UCQ9qvYOejrGR1fNOmTIreSQ	ym 2010s late mb albums p2
Richter: Dream 1 (before the wind blows it all away) (Pt. 2)	Max Richter	Sleep	INDIFFERENT	IIaWkCn7F6M	MPREb_A9AHzoUYd7b	UCQ9qvYOejrGR1fNOmTIreSQ	ym 2010s late mb albums p2
Richter: Dream 1 (before the wind blows it all away) (Pt. 1)	Max Richter	Sleep	INDIFFERENT	gYQfsGYI1Y4	MPREb_A9AHzoUYd7b	UCQ9qvYOejrGR1fNOmTIreSQ	ym 2010s late mb albums p2
Richter: Cumulonimbus (Pt. 2)	Max Richter	Sleep	INDIFFERENT	za8Z0uxPR3k	MPREb_A9AHzoUYd7b	UCQ9qvYOejrGR1fNOmTIreSQ	ym 2010s late mb albums p2
Richter: Cumulonimbus (Pt. 1)	Max Richter	Sleep	INDIFFERENT	SNTPQTge-L8	MPREb_A9AHzoUYd7b	UCQ9qvYOejrGR1fNOmTIreSQ	ym 2010s late mb albums p2
Richter: Constellation 2 (Pt. 5)	Max Richter	Sleep	INDIFFERENT	yqLMXB-0dnc	MPREb_A9AHzoUYd7b	UCQ9qvYOejrGR1fNOmTIreSQ	ym 2010s late mb albums p2
Richter: Constellation 2 (Pt. 4)	Max Richter	Sleep	INDIFFERENT	UMsd9WZd8Rs	MPREb_A9AHzoUYd7b	UCQ9qvYOejrGR1fNOmTIreSQ	ym 2010s late mb albums p2
Richter: Constellation 2 (Pt. 3)	Max Richter	Sleep	INDIFFERENT	6DrBbGSmaA4	MPREb_A9AHzoUYd7b	UCQ9qvYOejrGR1fNOmTIreSQ	ym 2010s late mb albums p2
Richter: Constellation 2 (Pt. 2)	Max Richter	Sleep	INDIFFERENT	HU9tRZOvI0Y	MPREb_A9AHzoUYd7b	UCQ9qvYOejrGR1fNOmTIreSQ	ym 2010s late mb albums p2
Richter: Constellation 2 (Pt. 1)	Max Richter	Sleep	INDIFFERENT	pH0qr4ufRjo	MPREb_A9AHzoUYd7b	UCQ9qvYOejrGR1fNOmTIreSQ	ym 2010s late mb albums p2
Richter: Constellation 1 (Pt. 3)	Max Richter	Sleep	INDIFFERENT	bDHFDymB7ig	MPREb_A9AHzoUYd7b	UCQ9qvYOejrGR1fNOmTIreSQ	ym 2010s late mb albums p2
Richter: Constellation 1 (Pt. 2)	Max Richter	Sleep	INDIFFERENT	NSD1Px0oE1w	MPREb_A9AHzoUYd7b	UCQ9qvYOejrGR1fNOmTIreSQ	ym 2010s late mb albums p2
Richter: Constellation 1 (Pt. 1)	Max Richter	Sleep	INDIFFERENT	z_hhQ8ZAI18	MPREb_A9AHzoUYd7b	UCQ9qvYOejrGR1fNOmTIreSQ	ym 2010s late mb albums p2
Richter: Chorale / Glow (Pt. 9)	Max Richter	Sleep	INDIFFERENT	hL4X8Tu2opA	MPREb_A9AHzoUYd7b	UCQ9qvYOejrGR1fNOmTIreSQ	ym 2010s late mb albums p2
Richter: Chorale / Glow (Pt. 8)	Max Richter	Sleep	INDIFFERENT	st288zkhDNU	MPREb_A9AHzoUYd7b	UCQ9qvYOejrGR1fNOmTIreSQ	ym 2010s late mb albums p2
Richter: Chorale / Glow (Pt. 7)	Max Richter	Sleep	INDIFFERENT	ySuG4noxCLg	MPREb_A9AHzoUYd7b	UCQ9qvYOejrGR1fNOmTIreSQ	ym 2010s late mb albums p2
Richter: Chorale / Glow (Pt. 6)	Max Richter	Sleep	INDIFFERENT	wJrxKjJXe5Q	MPREb_A9AHzoUYd7b	UCQ9qvYOejrGR1fNOmTIreSQ	ym 2010s late mb albums p2
Richter: Chorale / Glow (Pt. 5)	Max Richter	Sleep	INDIFFERENT	egi-BAFSgWs	MPREb_A9AHzoUYd7b	UCQ9qvYOejrGR1fNOmTIreSQ	ym 2010s late mb albums p2
Richter: Chorale / Glow (Pt. 4)	Max Richter	Sleep	INDIFFERENT	CniZaK2ZQUk	MPREb_A9AHzoUYd7b	UCQ9qvYOejrGR1fNOmTIreSQ	ym 2010s late mb albums p2
Richter: Chorale / Glow (Pt. 3)	Max Richter	Sleep	INDIFFERENT	iqcdoGNWd2Q	MPREb_A9AHzoUYd7b	UCQ9qvYOejrGR1fNOmTIreSQ	ym 2010s late mb albums p2
Richter: Chorale / Glow (Pt. 2)	Max Richter	Sleep	INDIFFERENT	kHBMhixNVJs	MPREb_A9AHzoUYd7b	UCQ9qvYOejrGR1fNOmTIreSQ	ym 2010s late mb albums p2
Richter: Chorale / Glow (Pt. 13)	Max Richter	Sleep	INDIFFERENT	FL0LYIkjjDg	MPREb_A9AHzoUYd7b	UCQ9qvYOejrGR1fNOmTIreSQ	ym 2010s late mb albums p2
Richter: Chorale / Glow (Pt. 12)	Max Richter	Sleep	INDIFFERENT	94fZOhYg-68	MPREb_A9AHzoUYd7b	UCQ9qvYOejrGR1fNOmTIreSQ	ym 2010s late mb albums p2
Richter: Chorale / Glow (Pt. 11)	Max Richter	Sleep	INDIFFERENT	6U620xp_eAQ	MPREb_A9AHzoUYd7b	UCQ9qvYOejrGR1fNOmTIreSQ	ym 2010s late mb albums p2
Richter: Chorale / Glow (Pt. 10)	Max Richter	Sleep	INDIFFERENT	uiaCrRt3AKQ	MPREb_A9AHzoUYd7b	UCQ9qvYOejrGR1fNOmTIreSQ	ym 2010s late mb albums p2
Richter: Chorale / Glow (Pt. 1)	Max Richter	Sleep	INDIFFERENT	dKosMZAqo5o	MPREb_A9AHzoUYd7b	UCQ9qvYOejrGR1fNOmTIreSQ	ym 2010s late mb albums p2
Richter: Cassiopeia (Pt. 6)	Max Richter	Sleep	INDIFFERENT	Pu0EuDitVQs	MPREb_A9AHzoUYd7b	UCQ9qvYOejrGR1fNOmTIreSQ	ym 2010s late mb albums p2
Richter: Cassiopeia (Pt. 5)	Max Richter	Sleep	INDIFFERENT	jbPKC1v9H-c	MPREb_A9AHzoUYd7b	UCQ9qvYOejrGR1fNOmTIreSQ	ym 2010s late mb albums p2
Richter: Cassiopeia (Pt. 4)	Max Richter	Sleep	INDIFFERENT	8fOXE5szDLU	MPREb_A9AHzoUYd7b	UCQ9qvYOejrGR1fNOmTIreSQ	ym 2010s late mb albums p2
Richter: Cassiopeia (Pt. 3)	Max Richter	Sleep	INDIFFERENT	jXMr_TzlhcY	MPREb_A9AHzoUYd7b	UCQ9qvYOejrGR1fNOmTIreSQ	ym 2010s late mb albums p2
Richter: Cassiopeia (Pt. 2)	Max Richter	Sleep	INDIFFERENT	eFWsHM175P4	MPREb_A9AHzoUYd7b	UCQ9qvYOejrGR1fNOmTIreSQ	ym 2010s late mb albums p2
Richter: Cassiopeia (Pt. 1)	Max Richter	Sleep	INDIFFERENT	SrAiekkgWhA	MPREb_A9AHzoUYd7b	UCQ9qvYOejrGR1fNOmTIreSQ	ym 2010s late mb albums p2
Richter: Aria 2 (Pt. 7)	Max Richter	Sleep	INDIFFERENT	gQYV_96Cv3w	MPREb_A9AHzoUYd7b	UCQ9qvYOejrGR1fNOmTIreSQ	ym 2010s late mb albums p2
Richter: Aria 2 (Pt. 6)	Max Richter	Sleep	INDIFFERENT	YHKOCb-jG-I	MPREb_A9AHzoUYd7b	UCQ9qvYOejrGR1fNOmTIreSQ	ym 2010s late mb albums p2
Richter: Aria 2 (Pt. 5)	Max Richter	Sleep	INDIFFERENT	HKNskpi7NaI	MPREb_A9AHzoUYd7b	UCQ9qvYOejrGR1fNOmTIreSQ	ym 2010s late mb albums p2
Richter: Aria 2 (Pt. 4)	Max Richter	Sleep	INDIFFERENT	l4KnpqnoE7I	MPREb_A9AHzoUYd7b	UCQ9qvYOejrGR1fNOmTIreSQ	ym 2010s late mb albums p2
Richter: Aria 2 (Pt. 3)	Max Richter	Sleep	INDIFFERENT	1Catrh5AKLM	MPREb_A9AHzoUYd7b	UCQ9qvYOejrGR1fNOmTIreSQ	ym 2010s late mb albums p2
Richter: Aria 2 (Pt. 2)	Max Richter	Sleep	INDIFFERENT	V6SCgDfl0dk	MPREb_A9AHzoUYd7b	UCQ9qvYOejrGR1fNOmTIreSQ	ym 2010s late mb albums p2
Richter: Aria 2 (Pt. 1)	Max Richter	Sleep	INDIFFERENT	0_6jmOmDUes	MPREb_A9AHzoUYd7b	UCQ9qvYOejrGR1fNOmTIreSQ	ym 2010s late mb albums p2
Richter: Aria 1 (Pt. 4)	Max Richter	Sleep	INDIFFERENT	nBdExVCRlt0	MPREb_A9AHzoUYd7b	UCQ9qvYOejrGR1fNOmTIreSQ	ym 2010s late mb albums p2
Richter: Aria 1 (Pt. 3)	Max Richter	Sleep	INDIFFERENT	9p06qB1QJ7w	MPREb_A9AHzoUYd7b	UCQ9qvYOejrGR1fNOmTIreSQ	ym 2010s late mb albums p2
Richter: Aria 1 (Pt. 2)	Max Richter	Sleep	INDIFFERENT	fPIII10AlFA	MPREb_A9AHzoUYd7b	UCQ9qvYOejrGR1fNOmTIreSQ	ym 2010s late mb albums p2
Richter: Aria 1 (Pt. 1)	Max Richter	Sleep	INDIFFERENT	-8F-7eMSQ4c	MPREb_A9AHzoUYd7b	UCQ9qvYOejrGR1fNOmTIreSQ	ym 2010s late mb albums p2
What You Don't Know	Matthew Dear	Bunny	INDIFFERENT	hExkek1Eows	MPREb_hD9BFvG5z7X	UCwrOfciTBb4zSninHNwQ-6Q	ym 2010s late mb albums p2
Moving Man	Matthew Dear	Bunny	INDIFFERENT	-sHCUJVttlQ	MPREb_hD9BFvG5z7X	UCwrOfciTBb4zSninHNwQ-6Q	ym 2010s late mb albums p2
Kiss Me Forever	Matthew Dear	Bunny	INDIFFERENT	sZ0obMI0MGo	MPREb_hD9BFvG5z7X	UCwrOfciTBb4zSninHNwQ-6Q	ym 2010s late mb albums p2
Horses (feat. Tegan and Sara)	Matthew Dear	Bunny	INDIFFERENT	7prhAfumWHM	MPREb_hD9BFvG5z7X	UCwrOfciTBb4zSninHNwQ-6Q	ym 2010s late mb albums p2
Electricity	Matthew Dear	Bunny	INDIFFERENT	fg1YiBpzPuI	MPREb_hD9BFvG5z7X	UCwrOfciTBb4zSninHNwQ-6Q	ym 2010s late mb albums p2
Echo	Matthew Dear	Bunny	INDIFFERENT	EXsNCwSkkUI	MPREb_hD9BFvG5z7X	UCwrOfciTBb4zSninHNwQ-6Q	ym 2010s late mb albums p2
Duke of Dens	Matthew Dear	Bunny	INDIFFERENT	7bmunR2oeEc	MPREb_hD9BFvG5z7X	UCwrOfciTBb4zSninHNwQ-6Q	ym 2010s late mb albums p2
Can You Rush Them	Matthew Dear	Bunny	INDIFFERENT	WW1O5xgQ0tY	MPREb_hD9BFvG5z7X	UCwrOfciTBb4zSninHNwQ-6Q	ym 2010s late mb albums p2
Calling	Matthew Dear	Bunny	INDIFFERENT	Ir4URe6CDhs	MPREb_hD9BFvG5z7X	UCwrOfciTBb4zSninHNwQ-6Q	ym 2010s late mb albums p2
Bunny's Interlude	Matthew Dear	Bunny	INDIFFERENT	VY2j5jvNHi0	MPREb_hD9BFvG5z7X	UCwrOfciTBb4zSninHNwQ-6Q	ym 2010s late mb albums p2
Before I Go	Matthew Dear	Bunny	INDIFFERENT	283sJqRvcjg	MPREb_hD9BFvG5z7X	UCwrOfciTBb4zSninHNwQ-6Q	ym 2010s late mb albums p2
Bad Ones (feat. Tegan and Sara)	Matthew Dear	Bunny	INDIFFERENT	ybm1kV7E53c	MPREb_hD9BFvG5z7X	UCwrOfciTBb4zSninHNwQ-6Q	ym 2010s late mb albums p2
Turning In	Maston	Tulips	INDIFFERENT	ODiWgMukpws	MPREb_cjb2HINN54J	UCP0Xo_FjuaPkx1bhyD2Qsxw	ym 2010s late mb albums p2
Sure Thing	Maston	Tulips	INDIFFERENT	_wnLIim88Qo	MPREb_cjb2HINN54J	UCP0Xo_FjuaPkx1bhyD2Qsxw	ym 2010s late mb albums p2
Rain Dance	Maston	Tulips	INDIFFERENT	9HbacBZhSkk	MPREb_cjb2HINN54J	UCP0Xo_FjuaPkx1bhyD2Qsxw	ym 2010s late mb albums p2
Old Habits	Maston	Tulips	INDIFFERENT	wEX3CPSMhic	MPREb_cjb2HINN54J	UCP0Xo_FjuaPkx1bhyD2Qsxw	ym 2010s late mb albums p2
New Danger	Maston	Tulips	INDIFFERENT	5_9ptVn0_cM	MPREb_cjb2HINN54J	UCP0Xo_FjuaPkx1bhyD2Qsxw	ym 2010s late mb albums p2
Infinite Bliss	Maston	Tulips	INDIFFERENT	CaYJNTTpBsI	MPREb_cjb2HINN54J	UCP0Xo_FjuaPkx1bhyD2Qsxw	ym 2010s late mb albums p2
Hues	Maston	Tulips	INDIFFERENT	tWwAjOYgb_A	MPREb_cjb2HINN54J	UCP0Xo_FjuaPkx1bhyD2Qsxw	ym 2010s late mb albums p2
Garçon Manqué	Maston	Tulips	INDIFFERENT	0Uiyip4ai8o	MPREb_cjb2HINN54J	UCP0Xo_FjuaPkx1bhyD2Qsxw	ym 2010s late mb albums p2
Evening	Maston	Tulips	INDIFFERENT	oCEhZcDjJJU	MPREb_cjb2HINN54J	UCP0Xo_FjuaPkx1bhyD2Qsxw	ym 2010s late mb albums p2
Chase Theme Nº 2	Maston	Tulips	INDIFFERENT	f-vf8vahfcU	MPREb_cjb2HINN54J	UCP0Xo_FjuaPkx1bhyD2Qsxw	ym 2010s late mb albums p2
Chase Theme Nº 1	Maston	Tulips	INDIFFERENT	OKcawrb0UeA	MPREb_cjb2HINN54J	UCP0Xo_FjuaPkx1bhyD2Qsxw	ym 2010s late mb albums p2
Telnet	Master Boot Record	Internet Protocol	INDIFFERENT	sq_YLo609wc	MPREb_WgViAhqLa5v	UCpXUIGZGTkKYExUJjbrbHKg	ym 2010s late mb albums p2
Smtp	Master Boot Record	Internet Protocol	INDIFFERENT	MBPPLCSBGXQ	MPREb_WgViAhqLa5v	UCpXUIGZGTkKYExUJjbrbHKg	ym 2010s late mb albums p2
Pop3	Master Boot Record	Internet Protocol	INDIFFERENT	ZJGAGRLOLXQ	MPREb_WgViAhqLa5v	UCpXUIGZGTkKYExUJjbrbHKg	ym 2010s late mb albums p2
Irc	Master Boot Record	Internet Protocol	INDIFFERENT	8-JoWAodT8k	MPREb_WgViAhqLa5v	UCpXUIGZGTkKYExUJjbrbHKg	ym 2010s late mb albums p2
Http	Master Boot Record	Internet Protocol	INDIFFERENT	xQNLTpBprlw	MPREb_WgViAhqLa5v	UCpXUIGZGTkKYExUJjbrbHKg	ym 2010s late mb albums p2
Gopher	Master Boot Record	Internet Protocol	INDIFFERENT	We9F5BUGlic	MPREb_WgViAhqLa5v	UCpXUIGZGTkKYExUJjbrbHKg	ym 2010s late mb albums p2
Ftp	Master Boot Record	Internet Protocol	INDIFFERENT	eGPCBPSXKSQ	MPREb_WgViAhqLa5v	UCpXUIGZGTkKYExUJjbrbHKg	ym 2010s late mb albums p2
Voodoo in My Blood	Massive Attack	Ritual Spirit	INDIFFERENT	kZAY_JWnbzM	MPREb_zxPvgnHo5kR	UCr1uxon7aFztw_dnrau0TDA	ym 2010s late mb albums p2
Dead Editors	Massive Attack	Ritual Spirit	INDIFFERENT	YrSppeHW8xA	MPREb_zxPvgnHo5kR	UCr1uxon7aFztw_dnrau0TDA	ym 2010s late mb albums p2
Uptown's First Finale (feat. Stevie Wonder & Andrew Wyatt)	Mark Ronson	Uptown Special	INDIFFERENT	yZfWGfBeaJk	MPREb_YSiih6Gj0hG	UCm9XijVCOsRrxdx0giD_1fQ	ym 2010s late mb albums p2
Uptown Funk (feat. Bruno Mars)	Mark Ronson	Uptown Special	INDIFFERENT	tYvFa2ARD24	MPREb_YSiih6Gj0hG	UCm9XijVCOsRrxdx0giD_1fQ	ym 2010s late mb albums p2
In Case of Fire (feat. Jeff Bhasker)	Mark Ronson	Uptown Special	INDIFFERENT	yF_jef0Hnec	MPREb_YSiih6Gj0hG	UCm9XijVCOsRrxdx0giD_1fQ	ym 2010s late mb albums p2
Heavy and Rolling (feat. Andrew Wyatt)	Mark Ronson	Uptown Special	INDIFFERENT	ILBCK9t0CDo	MPREb_YSiih6Gj0hG	UCm9XijVCOsRrxdx0giD_1fQ	ym 2010s late mb albums p2
Daffodils (feat. Kevin Parker)	Mark Ronson	Uptown Special	INDIFFERENT	Cqr-wPTyZ48	MPREb_YSiih6Gj0hG	UCm9XijVCOsRrxdx0giD_1fQ	ym 2010s late mb albums p2
Crack In the Pearl, Pt. II (feat. Stevie Wonder & Jeff Bhasker)	Mark Ronson	Uptown Special	INDIFFERENT	PpP3rfusyzg	MPREb_YSiih6Gj0hG	UCm9XijVCOsRrxdx0giD_1fQ	ym 2010s late mb albums p2
Crack In the Pearl (feat. Andrew Wyatt)	Mark Ronson	Uptown Special	INDIFFERENT	q_0eFs4RU1Q	MPREb_YSiih6Gj0hG	UCm9XijVCOsRrxdx0giD_1fQ	ym 2010s late mb albums p2
You’re Only Harmless When You Sleep	Marissa Nadler	For My Crimes	INDIFFERENT	-YzJA-IGmCg	MPREb_CsXfnrSAMVX	UCUnscFTZiRTTykltZalnoIg	ym 2010s late mb albums p2
Said Goodbye to that Car	Marissa Nadler	For My Crimes	INDIFFERENT	1LIkOCmCSWA	MPREb_CsXfnrSAMVX	UCUnscFTZiRTTykltZalnoIg	ym 2010s late mb albums p2
Interlocking	Marissa Nadler	For My Crimes	INDIFFERENT	QEMrH0GV6N4	MPREb_CsXfnrSAMVX	UCUnscFTZiRTTykltZalnoIg	ym 2010s late mb albums p2
I Can’t Listen to Gene Clark Anymore	Marissa Nadler	For My Crimes	INDIFFERENT	gFl7nirtsIg	MPREb_CsXfnrSAMVX	UCUnscFTZiRTTykltZalnoIg	ym 2010s late mb albums p2
Flamethrower	Marissa Nadler	For My Crimes	INDIFFERENT	P40i9i2GNY0	MPREb_CsXfnrSAMVX	UCUnscFTZiRTTykltZalnoIg	ym 2010s late mb albums p2
Dream Dream Big in the Sky	Marissa Nadler	For My Crimes	INDIFFERENT	mS0LCDlEwxc	MPREb_CsXfnrSAMVX	UCUnscFTZiRTTykltZalnoIg	ym 2010s late mb albums p2
Blue Vapor	Marissa Nadler	For My Crimes	INDIFFERENT	5rOwbiOymy0	MPREb_CsXfnrSAMVX	UCUnscFTZiRTTykltZalnoIg	ym 2010s late mb albums p2
the one	Marika Hackman	Any Human Friend	INDIFFERENT	z0BoVUNIyFo	MPREb_ms8tGRFjHe5	UCvdHSGItNutrr8OUJtox5Cg	ym 2010s late mb albums p2
send my love	Marika Hackman	Any Human Friend	INDIFFERENT	5zGcdQHCGo0	MPREb_ms8tGRFjHe5	UCvdHSGItNutrr8OUJtox5Cg	ym 2010s late mb albums p2
hold on	Marika Hackman	Any Human Friend	INDIFFERENT	g58UumwFz8s	MPREb_ms8tGRFjHe5	UCvdHSGItNutrr8OUJtox5Cg	ym 2010s late mb albums p2
hand solo	Marika Hackman	Any Human Friend	INDIFFERENT	mYtSH7nUTUA	MPREb_ms8tGRFjHe5	UCvdHSGItNutrr8OUJtox5Cg	ym 2010s late mb albums p2
conventional ride	Marika Hackman	Any Human Friend	INDIFFERENT	6Pb0xsThb88	MPREb_ms8tGRFjHe5	UCvdHSGItNutrr8OUJtox5Cg	ym 2010s late mb albums p2
blow	Marika Hackman	Any Human Friend	INDIFFERENT	QCpmJu6gSXw	MPREb_ms8tGRFjHe5	UCvdHSGItNutrr8OUJtox5Cg	ym 2010s late mb albums p2
any human friend	Marika Hackman	Any Human Friend	INDIFFERENT	QnYYnzF7HYg	MPREb_ms8tGRFjHe5	UCvdHSGItNutrr8OUJtox5Cg	ym 2010s late mb albums p2
all night	Marika Hackman	Any Human Friend	INDIFFERENT	TY5rD69hI4M	MPREb_ms8tGRFjHe5	UCvdHSGItNutrr8OUJtox5Cg	ym 2010s late mb albums p2
Richter: November	Mari Samuelsen	Voyager - Essential Max Richter	INDIFFERENT	HGCxF3CGR6U	MPREb_6vFFmb664HP	UCPUvWGyDhiLkN-JX_GFCTpw	ym 2010s late mb albums p2
You and I	Margaret Glaspy	Emotions and Math	INDIFFERENT	27g7nuHGvyw	MPREb_Dtd3N8MVHRK	UC2M9xXqlIF-IZbn0yUPIyaQ	ym 2010s late mb albums p2
You Don't Want Me	Margaret Glaspy	Emotions and Math	INDIFFERENT	QK7bb0JbS4Q	MPREb_Dtd3N8MVHRK	UC2M9xXqlIF-IZbn0yUPIyaQ	ym 2010s late mb albums p2
Somebody to Anybody	Margaret Glaspy	Emotions and Math	INDIFFERENT	pK2Qs1ZeUlI	MPREb_Dtd3N8MVHRK	UC2M9xXqlIF-IZbn0yUPIyaQ	ym 2010s late mb albums p2
Situation	Margaret Glaspy	Emotions and Math	INDIFFERENT	QOCuIcrTp6o	MPREb_Dtd3N8MVHRK	UC2M9xXqlIF-IZbn0yUPIyaQ	ym 2010s late mb albums p2
Pins and Needles	Margaret Glaspy	Emotions and Math	INDIFFERENT	_Pwg1hsasdQ	MPREb_Dtd3N8MVHRK	UC2M9xXqlIF-IZbn0yUPIyaQ	ym 2010s late mb albums p2
Parental Guidance	Margaret Glaspy	Emotions and Math	INDIFFERENT	OzBPkMhv6sA	MPREb_Dtd3N8MVHRK	UC2M9xXqlIF-IZbn0yUPIyaQ	ym 2010s late mb albums p2
No Matter Who	Margaret Glaspy	Emotions and Math	INDIFFERENT	CocC42jO1Mg	MPREb_Dtd3N8MVHRK	UC2M9xXqlIF-IZbn0yUPIyaQ	ym 2010s late mb albums p2
Memory Street	Margaret Glaspy	Emotions and Math	INDIFFERENT	PH_zqE4rwJk	MPREb_Dtd3N8MVHRK	UC2M9xXqlIF-IZbn0yUPIyaQ	ym 2010s late mb albums p2
Emotions and Math	Margaret Glaspy	Emotions and Math	INDIFFERENT	VtmC08pUwUc	MPREb_Dtd3N8MVHRK	UC2M9xXqlIF-IZbn0yUPIyaQ	ym 2010s late mb albums p2
Black is Blue	Margaret Glaspy	Emotions and Math	INDIFFERENT	ZWe4FkL5xPY	MPREb_Dtd3N8MVHRK	UC2M9xXqlIF-IZbn0yUPIyaQ	ym 2010s late mb albums p2
Wisteria Loop	Manatee Commune	PDA	INDIFFERENT	G28HB4atLw8	MPREb_TN95mrt05sW	UCfrRf4l9wHAfMyhlz4lvx_A	ym 2010s late mb albums p2
W/O (feat. Alexander Lynch)	Manatee Commune	PDA	INDIFFERENT	tN93wDjdUBA	MPREb_TN95mrt05sW	UCfrRf4l9wHAfMyhlz4lvx_A	ym 2010s late mb albums p2
Raspberry Puree	Manatee Commune	PDA	INDIFFERENT	-2ZtGW2vnBM	MPREb_TN95mrt05sW	UCfrRf4l9wHAfMyhlz4lvx_A	ym 2010s late mb albums p2
Petit Verdo	Manatee Commune	PDA	INDIFFERENT	tUgo8nkU0EQ	MPREb_TN95mrt05sW	UCfrRf4l9wHAfMyhlz4lvx_A	ym 2010s late mb albums p2
PDA	Manatee Commune	PDA	INDIFFERENT	tQ_OBGQgGvE	MPREb_TN95mrt05sW	UCfrRf4l9wHAfMyhlz4lvx_A	ym 2010s late mb albums p2
My Dearest Friend	Manatee Commune	PDA	INDIFFERENT	fzozSISqCh8	MPREb_TN95mrt05sW	UCfrRf4l9wHAfMyhlz4lvx_A	ym 2010s late mb albums p2
Meet Again	Manatee Commune	PDA	INDIFFERENT	eLKqrWjD0sU	MPREb_TN95mrt05sW	UCfrRf4l9wHAfMyhlz4lvx_A	ym 2010s late mb albums p2
I Can Dream (feat. Effee)	Manatee Commune	PDA	INDIFFERENT	q0w8ScXYoVk	MPREb_TN95mrt05sW	UCfrRf4l9wHAfMyhlz4lvx_A	ym 2010s late mb albums p2
Growing Pains (feat. Samuel Eisen-Meyers)	Manatee Commune	PDA	INDIFFERENT	aDaI6CWAPnE	MPREb_TN95mrt05sW	UCfrRf4l9wHAfMyhlz4lvx_A	ym 2010s late mb albums p2
Famous (feat. Cassandra Violet)	Manatee Commune	PDA	INDIFFERENT	l8Hf17_T1FI	MPREb_TN95mrt05sW	UCfrRf4l9wHAfMyhlz4lvx_A	ym 2010s late mb albums p2
Carried Away (feat. Allie Crystal)	Manatee Commune	PDA	INDIFFERENT	wGS6dPdh6ls	MPREb_TN95mrt05sW	UCfrRf4l9wHAfMyhlz4lvx_A	ym 2010s late mb albums p2
Cannon Hill (Intro)	Manatee Commune	PDA	INDIFFERENT	OIEMQKdQzcI	MPREb_TN95mrt05sW	UCfrRf4l9wHAfMyhlz4lvx_A	ym 2010s late mb albums p2
Suicide Big Gulp	Malibu Ken	Malibu Ken	INDIFFERENT	yl95dcUgdO8	MPREb_n1xt5lSF7Rq	UCmbIGidolhdL5g5ePLGtejw	ym 2010s late mb albums p2
Save Our Ship	Malibu Ken	Malibu Ken	INDIFFERENT	sjpDzEOOGOY	MPREb_n1xt5lSF7Rq	UCmbIGidolhdL5g5ePLGtejw	ym 2010s late mb albums p2
Purple Moss	Malibu Ken	Malibu Ken	INDIFFERENT	otESI2YwlY0	MPREb_n1xt5lSF7Rq	UCmbIGidolhdL5g5ePLGtejw	ym 2010s late mb albums p2
Dog Years	Malibu Ken	Malibu Ken	INDIFFERENT	3KKpa4wfUbI	MPREb_n1xt5lSF7Rq	UCmbIGidolhdL5g5ePLGtejw	ym 2010s late mb albums p2
Churro	Malibu Ken	Malibu Ken	INDIFFERENT	5BznJXjBjvA	MPREb_n1xt5lSF7Rq	UCmbIGidolhdL5g5ePLGtejw	ym 2010s late mb albums p2
Acid King	Malibu Ken	Malibu Ken	INDIFFERENT	5jK_HXrwx2U	MPREb_n1xt5lSF7Rq	UCmbIGidolhdL5g5ePLGtejw	ym 2010s late mb albums p2
1+1=13	Malibu Ken	Malibu Ken	INDIFFERENT	zrBW_YmCrB4	MPREb_n1xt5lSF7Rq	UCmbIGidolhdL5g5ePLGtejw	ym 2010s late mb albums p2
Who Am I to Follow Love	Makeness	Loud Patterns	INDIFFERENT	HS5cdc6gj8A	MPREb_N6OoMIEe4TZ	UCey06Nw4zOITWZKGAN6VyiQ	ym 2010s late mb albums p2
The Bass Rock	Makeness	Loud Patterns	INDIFFERENT	lqPvT5jn8zE	MPREb_N6OoMIEe4TZ	UCey06Nw4zOITWZKGAN6VyiQ	ym 2010s late mb albums p2
Stepping Out of Sync	Makeness	Loud Patterns	INDIFFERENT	sHyDhK1R3kc	MPREb_N6OoMIEe4TZ	UCey06Nw4zOITWZKGAN6VyiQ	ym 2010s late mb albums p2
Rough Moss	Makeness	Loud Patterns	INDIFFERENT	avzCVvhhZ04	MPREb_N6OoMIEe4TZ	UCey06Nw4zOITWZKGAN6VyiQ	ym 2010s late mb albums p2
Our Embrace	Makeness	Loud Patterns	INDIFFERENT	ktZGnYLCNQw	MPREb_N6OoMIEe4TZ	UCey06Nw4zOITWZKGAN6VyiQ	ym 2010s late mb albums p2
Motorcycle Idling	Makeness	Loud Patterns	INDIFFERENT	_RgQrA_RmWw	MPREb_N6OoMIEe4TZ	UCey06Nw4zOITWZKGAN6VyiQ	ym 2010s late mb albums p2
Loud Patterns	Makeness	Loud Patterns	INDIFFERENT	90h3vQr1Ku0	MPREb_N6OoMIEe4TZ	UCey06Nw4zOITWZKGAN6VyiQ	ym 2010s late mb albums p2
Gold Star	Makeness	Loud Patterns	INDIFFERENT	QYU5BmkabTs	MPREb_N6OoMIEe4TZ	UCey06Nw4zOITWZKGAN6VyiQ	ym 2010s late mb albums p2
Fire Behind the Two Louis	Makeness	Loud Patterns	INDIFFERENT	B2-6rAD2ijg	MPREb_N6OoMIEe4TZ	UCey06Nw4zOITWZKGAN6VyiQ	ym 2010s late mb albums p2
Day Old Death	Makeness	Loud Patterns	INDIFFERENT	cANYLKV0-wE	MPREb_N6OoMIEe4TZ	UCey06Nw4zOITWZKGAN6VyiQ	ym 2010s late mb albums p2
14 Drops	Makeness	Loud Patterns	INDIFFERENT	ZxR4a_5bPoY	MPREb_N6OoMIEe4TZ	UCey06Nw4zOITWZKGAN6VyiQ	ym 2010s late mb albums p2
Wise Man, Wiser Woman (feat. Shabaka Hutchings, Tomeka Reid & Junius Paul)	Makaya McCraven	Universal Beings	INDIFFERENT	m8LBCt2a3Ug	MPREb_dwBDMVN3Gcp	UChRhO68u51ffO4eCqOZXMRA	ym 2010s late mb albums p2
Voila (feat. Daniel Casimir, Ashley Henry & Nubya Garcia)	Makaya McCraven	Universal Beings	INDIFFERENT	72IaolrH4lQ	MPREb_dwBDMVN3Gcp	UChRhO68u51ffO4eCqOZXMRA	ym 2010s late mb albums p2
Universal Beings (feat. Miguel Atwood-Fergus, Carlos Niño, Josh Johnson & Anna Butterss)	Makaya McCraven	Universal Beings	INDIFFERENT	PE17Ofdch2M	MPREb_dwBDMVN3Gcp	UChRhO68u51ffO4eCqOZXMRA	ym 2010s late mb albums p2
Turtle Tricks (feat. Miguel Atwood-Ferguson, Carlos Niño, Josh Johnson & Anna Butterss)	Makaya McCraven	Universal Beings	INDIFFERENT	QuwVtjBwpu0	MPREb_dwBDMVN3Gcp	UChRhO68u51ffO4eCqOZXMRA	ym 2010s late mb albums p2
The Royal Outro (feat. Daniel Casimir, Ashley Henry & Nubya Garcia)	Makaya McCraven	Universal Beings	INDIFFERENT	OTbIevvKd6Q	MPREb_dwBDMVN3Gcp	UChRhO68u51ffO4eCqOZXMRA	ym 2010s late mb albums p2
The Newbies Lift Off (feat. Daniel Casimir, Ashley Henry & Nubya Garcia)	Makaya McCraven	Universal Beings	INDIFFERENT	MuwinjDTuwI	MPREb_dwBDMVN3Gcp	UChRhO68u51ffO4eCqOZXMRA	ym 2010s late mb albums p2
The Fifth Monk (feat. Miguel Atwood-Ferguson, Carlos Niño, Josh Johnson & Anna Butterss)	Makaya McCraven	Universal Beings	INDIFFERENT	5D7iQqV9qY8	MPREb_dwBDMVN3Gcp	UChRhO68u51ffO4eCqOZXMRA	ym 2010s late mb albums p2
The Count Off (feat. Miguel Atwood-Ferguson, Carlos Niño, Josh Johnson & Anna Butterss)	Makaya McCraven	Universal Beings	INDIFFERENT	8GedWa4OS4Y	MPREb_dwBDMVN3Gcp	UChRhO68u51ffO4eCqOZXMRA	ym 2010s late mb albums p2
Tall Tales (feat. Joel Ross, Dezron Douglas, Tomeka Reid & Brandee Younger)	Makaya McCraven	Universal Beings	INDIFFERENT	Es9WmNr4Brg	MPREb_dwBDMVN3Gcp	UChRhO68u51ffO4eCqOZXMRA	ym 2010s late mb albums p2
Suite Haus (feat. Daniel Casimir, Ashley Henry & Nubya Garcia)	Makaya McCraven	Universal Beings	INDIFFERENT	whGStBOGc3I	MPREb_dwBDMVN3Gcp	UChRhO68u51ffO4eCqOZXMRA	ym 2010s late mb albums p2
Prosperity's Fear (feat. Shabaka Hutchings, Tomeka Reid & Junius Paul)	Makaya McCraven	Universal Beings	INDIFFERENT	sGtZhe1nbOA	MPREb_dwBDMVN3Gcp	UChRhO68u51ffO4eCqOZXMRA	ym 2010s late mb albums p2
Pharaoh's Intro (feat. Shabaka Hutchings, Tomeka Reid & Junius Paul)	Makaya McCraven	Universal Beings	INDIFFERENT	YD6qUT4Pi3I	MPREb_dwBDMVN3Gcp	UChRhO68u51ffO4eCqOZXMRA	ym 2010s late mb albums p2
Flipped OUT (feat. Daniel Casimir, Ashley Henry & Nubya Garcia)	Makaya McCraven	Universal Beings	INDIFFERENT	laE-k1efYhw	MPREb_dwBDMVN3Gcp	UChRhO68u51ffO4eCqOZXMRA	ym 2010s late mb albums p2
Butterss's (feat. Miguel Atwood-Ferguson, Carlos Niño, Josh Johnson & Anna Butterss)	Makaya McCraven	Universal Beings	INDIFFERENT	GV8cHKg0Mos	MPREb_dwBDMVN3Gcp	UChRhO68u51ffO4eCqOZXMRA	ym 2010s late mb albums p2
Brighter Days Beginning (feat. Miguel Atwood, Carlos Niño, Josh Johnson & Anna Butterss)	Makaya McCraven	Universal Beings	INDIFFERENT	J-j2EaJqy6U	MPREb_dwBDMVN3Gcp	UChRhO68u51ffO4eCqOZXMRA	ym 2010s late mb albums p2
Atlantic Black (feat. Shabaka Hutchings, Tomeka Reid & Junius Paul)	Makaya McCraven	Universal Beings	INDIFFERENT	EmBRF5vBpNE	MPREb_dwBDMVN3Gcp	UChRhO68u51ffO4eCqOZXMRA	ym 2010s late mb albums p2
Who I Will Be	Major Murphy	No. 1	INDIFFERENT	5lZfNj10-hg	MPREb_ujDbSaFROpu	UCXUhv-BNMGdtBI9RLFj98sQ	ym 2010s late mb albums p2
When I Go Out	Major Murphy	No. 1	INDIFFERENT	8iKOeSYaABI	MPREb_ujDbSaFROpu	UCXUhv-BNMGdtBI9RLFj98sQ	ym 2010s late mb albums p2
Radi-Yum	Major Murphy	No. 1	INDIFFERENT	6o2zPv6H19M	MPREb_ujDbSaFROpu	UCXUhv-BNMGdtBI9RLFj98sQ	ym 2010s late mb albums p2
One Day	Major Murphy	No. 1	INDIFFERENT	dLMK6FgBZek	MPREb_ujDbSaFROpu	UCXUhv-BNMGdtBI9RLFj98sQ	ym 2010s late mb albums p2
No. 1	Major Murphy	No. 1	INDIFFERENT	KbhDhDf2bkA	MPREb_ujDbSaFROpu	UCXUhv-BNMGdtBI9RLFj98sQ	ym 2010s late mb albums p2
My C. C. Blues	Major Murphy	No. 1	INDIFFERENT	ANWYOv3JjwU	MPREb_ujDbSaFROpu	UCXUhv-BNMGdtBI9RLFj98sQ	ym 2010s late mb albums p2
Mary	Major Murphy	No. 1	INDIFFERENT	yREl6NYSI-s	MPREb_ujDbSaFROpu	UCXUhv-BNMGdtBI9RLFj98sQ	ym 2010s late mb albums p2
Lisa, Robbi, and Me	Major Murphy	No. 1	INDIFFERENT	2uobgyGUpXU	MPREb_ujDbSaFROpu	UCXUhv-BNMGdtBI9RLFj98sQ	ym 2010s late mb albums p2
Jesus	Major Murphy	No. 1	INDIFFERENT	iaDI3C-XF9k	MPREb_ujDbSaFROpu	UCXUhv-BNMGdtBI9RLFj98sQ	ym 2010s late mb albums p2
Soulmate	Mac Miller	The Divine Feminine	INDIFFERENT	PCURDuvCuv8	MPREb_kCZ6WUs8Rg3	UC52ZqHVQz5OoGhvbWiRal6g	ym 2010s late mb albums p2
Planet God Damn (feat. Njomza)	Mac Miller	The Divine Feminine	INDIFFERENT	gz5WOsgaziU	MPREb_kCZ6WUs8Rg3	UC52ZqHVQz5OoGhvbWiRal6g	ym 2010s late mb albums p2
Congratulations (feat. Bilal)	Mac Miller	The Divine Feminine	INDIFFERENT	eF0Nsnk6wis	MPREb_kCZ6WUs8Rg3	UC52ZqHVQz5OoGhvbWiRal6g	ym 2010s late mb albums p2
Wings	Mac Miller	Swimming	INDIFFERENT	AROHeIxe3DE	MPREb_2Tww0gIU6Os	UC52ZqHVQz5OoGhvbWiRal6g	ym 2010s late mb albums p2
Perfecto	Mac Miller	Swimming	INDIFFERENT	1VYFen4LDRw	MPREb_2Tww0gIU6Os	UC52ZqHVQz5OoGhvbWiRal6g	ym 2010s late mb albums p2
Jet Fuel	Mac Miller	Swimming	INDIFFERENT	kxDT6phBsHE	MPREb_2Tww0gIU6Os	UC52ZqHVQz5OoGhvbWiRal6g	ym 2010s late mb albums p2
Dunno	Mac Miller	Swimming	INDIFFERENT	IMkLnXF2yz8	MPREb_2Tww0gIU6Os	UC52ZqHVQz5OoGhvbWiRal6g	ym 2010s late mb albums p2
Conversation Pt. 1	Mac Miller	Swimming	INDIFFERENT	0qAJgwkN76Y	MPREb_2Tww0gIU6Os	UC52ZqHVQz5OoGhvbWiRal6g	ym 2010s late mb albums p2
Two Matches (feat. Ab-Soul)	Mac Miller	GO:OD AM	INDIFFERENT	KWtg0BDRl9k	MPREb_HYuBRwi7Fy9	UC52ZqHVQz5OoGhvbWiRal6g	ym 2010s late mb albums p2
Time Flies (feat. Lil B)	Mac Miller	GO:OD AM	INDIFFERENT	TOvPYP55FlM	MPREb_HYuBRwi7Fy9	UC52ZqHVQz5OoGhvbWiRal6g	ym 2010s late mb albums p2
The Festival (feat. Little Dragon)	Mac Miller	GO:OD AM	INDIFFERENT	ZptG-yglvmw	MPREb_HYuBRwi7Fy9	UC52ZqHVQz5OoGhvbWiRal6g	ym 2010s late mb albums p2
Rush Hour	Mac Miller	GO:OD AM	INDIFFERENT	gOAO4y9Yu_k	MPREb_HYuBRwi7Fy9	UC52ZqHVQz5OoGhvbWiRal6g	ym 2010s late mb albums p2
Perfect Circle / God Speed	Mac Miller	GO:OD AM	INDIFFERENT	2UkrJ0YjjUY	MPREb_HYuBRwi7Fy9	UC52ZqHVQz5OoGhvbWiRal6g	ym 2010s late mb albums p2
Jump	Mac Miller	GO:OD AM	INDIFFERENT	x-2Jd9d2GTY	MPREb_HYuBRwi7Fy9	UC52ZqHVQz5OoGhvbWiRal6g	ym 2010s late mb albums p2
In the Bag	Mac Miller	GO:OD AM	INDIFFERENT	cRxpib4eV2E	MPREb_HYuBRwi7Fy9	UC52ZqHVQz5OoGhvbWiRal6g	ym 2010s late mb albums p2
Doors	Mac Miller	GO:OD AM	INDIFFERENT	wE_KOXiSbI8	MPREb_HYuBRwi7Fy9	UC52ZqHVQz5OoGhvbWiRal6g	ym 2010s late mb albums p2
Clubhouse	Mac Miller	GO:OD AM	INDIFFERENT	d2iONei2b7U	MPREb_HYuBRwi7Fy9	UC52ZqHVQz5OoGhvbWiRal6g	ym 2010s late mb albums p2
Break the Law	Mac Miller	GO:OD AM	INDIFFERENT	IQ49uwe-zv8	MPREb_HYuBRwi7Fy9	UC52ZqHVQz5OoGhvbWiRal6g	ym 2010s late mb albums p2
Brand Name	Mac Miller	GO:OD AM	INDIFFERENT	26FUFIDqSWw	MPREb_HYuBRwi7Fy9	UC52ZqHVQz5OoGhvbWiRal6g	ym 2010s late mb albums p2
Ascension	Mac Miller	GO:OD AM	INDIFFERENT	8RUbM_WSYTI	MPREb_HYuBRwi7Fy9	UC52ZqHVQz5OoGhvbWiRal6g	ym 2010s late mb albums p2
Young Coconut	Mac DeMarco	Some Other Ones	INDIFFERENT	5SxdWlxRPdY	MPREb_QXjgC2K1qFs	UCs95LJSHhdVhYQLvqsZqp_A	ym 2010s late mb albums p2
Special K	Mac DeMarco	Some Other Ones	INDIFFERENT	celMOrZBEio	MPREb_QXjgC2K1qFs	UCs95LJSHhdVhYQLvqsZqp_A	ym 2010s late mb albums p2
Peter Pickles	Mac DeMarco	Some Other Ones	INDIFFERENT	Fbqe8iKHtHo	MPREb_QXjgC2K1qFs	UCs95LJSHhdVhYQLvqsZqp_A	ym 2010s late mb albums p2
Little Pepper	Mac DeMarco	Some Other Ones	INDIFFERENT	JmDh6g2J4WY	MPREb_QXjgC2K1qFs	UCs95LJSHhdVhYQLvqsZqp_A	ym 2010s late mb albums p2
Fish Terry	Mac DeMarco	Some Other Ones	INDIFFERENT	UnRKoZda8WE	MPREb_QXjgC2K1qFs	UCs95LJSHhdVhYQLvqsZqp_A	ym 2010s late mb albums p2
Skyless Moon	Mac DeMarco	Here Comes The Cowboy	INDIFFERENT	Pn2E_BmnuC4	MPREb_v4JbJRRWQ9e	UCs95LJSHhdVhYQLvqsZqp_A	ym 2010s late mb albums p2
On The Square	Mac DeMarco	Here Comes The Cowboy	INDIFFERENT	B4QmMK9Qpws	MPREb_v4JbJRRWQ9e	UCs95LJSHhdVhYQLvqsZqp_A	ym 2010s late mb albums p2
Little Dogs March	Mac DeMarco	Here Comes The Cowboy	INDIFFERENT	H8qmPyQjVSk	MPREb_v4JbJRRWQ9e	UCs95LJSHhdVhYQLvqsZqp_A	ym 2010s late mb albums p2
K	Mac DeMarco	Here Comes The Cowboy	INDIFFERENT	nQyxYZ9SFYU	MPREb_v4JbJRRWQ9e	UCs95LJSHhdVhYQLvqsZqp_A	ym 2010s late mb albums p2
Hey Cowgirl	Mac DeMarco	Here Comes The Cowboy	INDIFFERENT	ch0goznC404	MPREb_v4JbJRRWQ9e	UCs95LJSHhdVhYQLvqsZqp_A	ym 2010s late mb albums p2
Finally Alone	Mac DeMarco	Here Comes The Cowboy	INDIFFERENT	2lxQsEOSuAU	MPREb_v4JbJRRWQ9e	UCs95LJSHhdVhYQLvqsZqp_A	ym 2010s late mb albums p2
Choo Choo	Mac DeMarco	Here Comes The Cowboy	INDIFFERENT	D5oPoLE2baU	MPREb_v4JbJRRWQ9e	UCs95LJSHhdVhYQLvqsZqp_A	ym 2010s late mb albums p2
Baby Bye Bye	Mac DeMarco	Here Comes The Cowboy	INDIFFERENT	qOwg1rlaWKM	MPREb_v4JbJRRWQ9e	UCs95LJSHhdVhYQLvqsZqp_A	ym 2010s late mb albums p2
All Of Our Yesterdays	Mac DeMarco	Here Comes The Cowboy	INDIFFERENT	OwF-W2wcIoA	MPREb_v4JbJRRWQ9e	UCs95LJSHhdVhYQLvqsZqp_A	ym 2010s late mb albums p2
The Way You'd Love Her	Mac DeMarco	Another One	INDIFFERENT	brzyoxPM9r8	MPREb_5OvDBIOyPrh	UCs95LJSHhdVhYQLvqsZqp_A	ym 2010s late mb albums p2
No Other Heart	Mac DeMarco	Another One	INDIFFERENT	f3cgcyx-oOQ	MPREb_5OvDBIOyPrh	UCs95LJSHhdVhYQLvqsZqp_A	ym 2010s late mb albums p2
I've Been Waiting for Her	Mac DeMarco	Another One	INDIFFERENT	9dLWkXWwqGc	MPREb_5OvDBIOyPrh	UCs95LJSHhdVhYQLvqsZqp_A	ym 2010s late mb albums p2
Special Need Intro	MHYSA	fantasii	INDIFFERENT	1nawc898_94	MPREb_macrOeVtC36	UCWQCz9Pj_gX6ob4Qmj9aNNA	ym 2010s late mb albums p2
Glory be Black	MHYSA	fantasii	INDIFFERENT	px8LNFmdl7M	MPREb_macrOeVtC36	UCWQCz9Pj_gX6ob4Qmj9aNNA	ym 2010s late mb albums p2
When You're Small	MGMT	Little Dark Age	INDIFFERENT	5Li-LgF73fI	MPREb_BNTnaKPYO7m	UCcP74mIhs125nerd5o5Dd-Q	ym 2010s late mb albums p2
TSLAMP	MGMT	Little Dark Age	INDIFFERENT	T8EL51jlrJA	MPREb_BNTnaKPYO7m	UCcP74mIhs125nerd5o5Dd-Q	ym 2010s late mb albums p2
One Thing Left to Try	MGMT	Little Dark Age	INDIFFERENT	AriwjiWyxsM	MPREb_BNTnaKPYO7m	UCcP74mIhs125nerd5o5Dd-Q	ym 2010s late mb albums p2
Me and Michael	MGMT	Little Dark Age	INDIFFERENT	kIdftKW2LuU	MPREb_BNTnaKPYO7m	UCcP74mIhs125nerd5o5Dd-Q	ym 2010s late mb albums p2
James	MGMT	Little Dark Age	INDIFFERENT	elFDoNlj2XI	MPREb_BNTnaKPYO7m	UCcP74mIhs125nerd5o5Dd-Q	ym 2010s late mb albums p2
Kim & Jessie (Montag Remix)	M83	Saturdays=Youth Remixes & B-Sides	INDIFFERENT	08EZnl4iiiw	MPREb_3sRuWcgb4WC	UC0UUzwcmD3s1S7NYAxHfs1w	ym 2010s late mb albums p2
Kim & Jessie (DatA remix)	M83	Saturdays=Youth Remixes & B-Sides	INDIFFERENT	7Frtr_JKK1U	MPREb_3sRuWcgb4WC	UC0UUzwcmD3s1S7NYAxHfs1w	ym 2010s late mb albums p2
Je Vous Hais Petites Filles	M83	Saturdays=Youth Remixes & B-Sides	INDIFFERENT	tPgOxRwNDd8	MPREb_3sRuWcgb4WC	UC0UUzwcmD3s1S7NYAxHfs1w	ym 2010s late mb albums p2
Graveyard Girl (Yuksek Remix)	M83	Saturdays=Youth Remixes & B-Sides	INDIFFERENT	6IJ6jo32GOU	MPREb_3sRuWcgb4WC	UC0UUzwcmD3s1S7NYAxHfs1w	ym 2010s late mb albums p2
Graveyard Girl (Parkerlab's Dusted Remix)	M83	Saturdays=Youth Remixes & B-Sides	INDIFFERENT	jngcqYhiYKk	MPREb_3sRuWcgb4WC	UC0UUzwcmD3s1S7NYAxHfs1w	ym 2010s late mb albums p2
Couleurs (Jori Hulkkonnen Remix)	M83	Saturdays=Youth Remixes & B-Sides	INDIFFERENT	oiGO-H4JSdo	MPREb_3sRuWcgb4WC	UC0UUzwcmD3s1S7NYAxHfs1w	ym 2010s late mb albums p2
Walkway Blues (feat. J Laser)	M83	Junk	INDIFFERENT	xpjJRWd1zwA	MPREb_DGkcECfjyiy	UC0UUzwcmD3s1S7NYAxHfs1w	ym 2010s late mb albums p2
Time Wind (feat. Beck)	M83	Junk	INDIFFERENT	o92yQQhieVU	MPREb_DGkcECfjyiy	UC0UUzwcmD3s1S7NYAxHfs1w	ym 2010s late mb albums p2
Tension	M83	Junk	INDIFFERENT	pdlrr358FvE	MPREb_DGkcECfjyiy	UC0UUzwcmD3s1S7NYAxHfs1w	ym 2010s late mb albums p2
Sunday Night 1987	M83	Junk	INDIFFERENT	Kv3EPUOybf0	MPREb_DGkcECfjyiy	UC0UUzwcmD3s1S7NYAxHfs1w	ym 2010s late mb albums p2
Solitude	M83	Junk	INDIFFERENT	YQVKQ794wmQ	MPREb_DGkcECfjyiy	UC0UUzwcmD3s1S7NYAxHfs1w	ym 2010s late mb albums p2
Road Blaster	M83	Junk	INDIFFERENT	bai-1JVVZA8	MPREb_DGkcECfjyiy	UC0UUzwcmD3s1S7NYAxHfs1w	ym 2010s late mb albums p2
Moon Crystal	M83	Junk	INDIFFERENT	tZRwQpnjqg0	MPREb_DGkcECfjyiy	UC0UUzwcmD3s1S7NYAxHfs1w	ym 2010s late mb albums p2
Ludivine	M83	Junk	INDIFFERENT	VBR4nFi0KVM	MPREb_DGkcECfjyiy	UC0UUzwcmD3s1S7NYAxHfs1w	ym 2010s late mb albums p2
Laser Gun (feat. Mai Lan)	M83	Junk	INDIFFERENT	PlY8xe8k2ok	MPREb_DGkcECfjyiy	UC0UUzwcmD3s1S7NYAxHfs1w	ym 2010s late mb albums p2
Go! (feat. Mai Lan)	M83	Junk	INDIFFERENT	Kg7rRToj260	MPREb_DGkcECfjyiy	UC0UUzwcmD3s1S7NYAxHfs1w	ym 2010s late mb albums p2
For The Kids (feat. Susanne Sundfør)	M83	Junk	INDIFFERENT	I9lairUMZi4	MPREb_DGkcECfjyiy	UC0UUzwcmD3s1S7NYAxHfs1w	ym 2010s late mb albums p2
Do It, Try It	M83	Junk	INDIFFERENT	Kf33gMSplyo	MPREb_DGkcECfjyiy	UC0UUzwcmD3s1S7NYAxHfs1w	ym 2010s late mb albums p2
Atlantique Sud (feat. Mai Lan)	M83	Junk	INDIFFERENT	Uoq5BYvXKzo	MPREb_DGkcECfjyiy	UC0UUzwcmD3s1S7NYAxHfs1w	ym 2010s late mb albums p2
Taifun Glory	M83	DSVII	INDIFFERENT	9BtR_uyRUu4	MPREb_BZeT8gaXrnY	UC0UUzwcmD3s1S7NYAxHfs1w	ym 2010s late mb albums p2
Oh Yes You're There, Everyday	M83	DSVII	INDIFFERENT	X5c7xr8o-cc	MPREb_BZeT8gaXrnY	UC0UUzwcmD3s1S7NYAxHfs1w	ym 2010s late mb albums p2
Lunar Son	M83	DSVII	INDIFFERENT	JhKlFABP5LM	MPREb_BZeT8gaXrnY	UC0UUzwcmD3s1S7NYAxHfs1w	ym 2010s late mb albums p2
Feelings	M83	DSVII	INDIFFERENT	foVF-4I6mhI	MPREb_BZeT8gaXrnY	UC0UUzwcmD3s1S7NYAxHfs1w	ym 2010s late mb albums p2
Colonies	M83	DSVII	INDIFFERENT	M7SiVPrSNUM	MPREb_BZeT8gaXrnY	UC0UUzwcmD3s1S7NYAxHfs1w	ym 2010s late mb albums p2
A Word of Wisdom	M83	DSVII	INDIFFERENT	7H-sUqJSOfo	MPREb_BZeT8gaXrnY	UC0UUzwcmD3s1S7NYAxHfs1w	ym 2010s late mb albums p2
A Taste of the Dusk	M83	DSVII	INDIFFERENT	ZiLN-ffJth4	MPREb_BZeT8gaXrnY	UC0UUzwcmD3s1S7NYAxHfs1w	ym 2010s late mb albums p2
utopia	Lykke Li	so sad so sexy	INDIFFERENT	LpM7ofKbkdg	MPREb_D3rOJfXbQ14	UCT5O41GykmKuyD2lQlwm5DA	ym 2010s late mb albums p2
two nights (feat. Aminé)	Lykke Li	so sad so sexy	INDIFFERENT	kxfEMyfkww4	MPREb_D3rOJfXbQ14	UCT5O41GykmKuyD2lQlwm5DA	ym 2010s late mb albums p2
so sad so sexy	Lykke Li	so sad so sexy	INDIFFERENT	2P6-hIYz9FY	MPREb_D3rOJfXbQ14	UCT5O41GykmKuyD2lQlwm5DA	ym 2010s late mb albums p2
sex money feelings die	Lykke Li	so sad so sexy	INDIFFERENT	0qK6_UXjDbo	MPREb_D3rOJfXbQ14	UCT5O41GykmKuyD2lQlwm5DA	ym 2010s late mb albums p2
last piece	Lykke Li	so sad so sexy	INDIFFERENT	lffgezGuGjA	MPREb_D3rOJfXbQ14	UCT5O41GykmKuyD2lQlwm5DA	ym 2010s late mb albums p2
jaguars in the air	Lykke Li	so sad so sexy	INDIFFERENT	9aH4N-NwCpo	MPREb_D3rOJfXbQ14	UCT5O41GykmKuyD2lQlwm5DA	ym 2010s late mb albums p2
deep end	Lykke Li	so sad so sexy	INDIFFERENT	GsMtyuXjHZM	MPREb_D3rOJfXbQ14	UCT5O41GykmKuyD2lQlwm5DA	ym 2010s late mb albums p2
better alone	Lykke Li	so sad so sexy	INDIFFERENT	7Rr8edktPkU	MPREb_D3rOJfXbQ14	UCT5O41GykmKuyD2lQlwm5DA	ym 2010s late mb albums p2
bad woman	Lykke Li	so sad so sexy	INDIFFERENT	BoAt7Mb4pM8	MPREb_D3rOJfXbQ14	UCT5O41GykmKuyD2lQlwm5DA	ym 2010s late mb albums p2
Gyal A Devil (Mixed)	Lutto Lento	DJ-Kicks (Mixed Tracks)	INDIFFERENT	ACfw2QGqSyw	MPREb_Wo1iKDWlDEt	UC-zxeUGtilEPhaOF_SWmSNA	ym 2010s late mb albums p2
Won't Forget	Lusine	Sensorimotor	INDIFFERENT	yfvUDXPO8xY	MPREb_YovVyFGb07o	UCuT7nowJuCra1vUc3Q0-VOg	ym 2010s late mb albums p2
Tropopause	Lusine	Sensorimotor	INDIFFERENT	pnFcwrWsstA	MPREb_YovVyFGb07o	UCuT7nowJuCra1vUc3Q0-VOg	ym 2010s late mb albums p2
The Lift	Lusine	Sensorimotor	INDIFFERENT	B9C6OhOgXag	MPREb_YovVyFGb07o	UCuT7nowJuCra1vUc3Q0-VOg	ym 2010s late mb albums p2
You're With Me	Lures	There's No Pressure	INDIFFERENT	3XQlvqoZJwM	MPREb_QRtS9YxNfjZ	UC_-M2WLR_YD7LmS_OqDR1wg	ym 2010s late mb albums p2
UFO	Lures	There's No Pressure	INDIFFERENT	CH5QYdLDfB0	MPREb_QRtS9YxNfjZ	UC_-M2WLR_YD7LmS_OqDR1wg	ym 2010s late mb albums p2
Two Trees	Lures	There's No Pressure	INDIFFERENT	AsFFXmAnYXw	MPREb_QRtS9YxNfjZ	UC_-M2WLR_YD7LmS_OqDR1wg	ym 2010s late mb albums p2
This Is The End.	Lures	There's No Pressure	INDIFFERENT	G_IauIs2-r4	MPREb_QRtS9YxNfjZ	UC_-M2WLR_YD7LmS_OqDR1wg	ym 2010s late mb albums p2
There's No Pressure	Lures	There's No Pressure	INDIFFERENT	AJjqgxEqw6U	MPREb_QRtS9YxNfjZ	UC_-M2WLR_YD7LmS_OqDR1wg	ym 2010s late mb albums p2
Shark Repellant Bat Spray	Lures	There's No Pressure	INDIFFERENT	boNHJyQSz4o	MPREb_QRtS9YxNfjZ	UC_-M2WLR_YD7LmS_OqDR1wg	ym 2010s late mb albums p2
Runaway	Lures	There's No Pressure	INDIFFERENT	1trnhuF7pek	MPREb_QRtS9YxNfjZ	UC_-M2WLR_YD7LmS_OqDR1wg	ym 2010s late mb albums p2
Passages	Lures	There's No Pressure	INDIFFERENT	HwSsXevx6GM	MPREb_QRtS9YxNfjZ	UC_-M2WLR_YD7LmS_OqDR1wg	ym 2010s late mb albums p2
Let's Go Away For A While	Lures	There's No Pressure	INDIFFERENT	Qgf98Bs9pnM	MPREb_QRtS9YxNfjZ	UC_-M2WLR_YD7LmS_OqDR1wg	ym 2010s late mb albums p2
I'm With You	Lures	There's No Pressure	INDIFFERENT	cvYetVkmV3A	MPREb_QRtS9YxNfjZ	UC_-M2WLR_YD7LmS_OqDR1wg	ym 2010s late mb albums p2
Hasta La Vista (Baby)	Lures	There's No Pressure	INDIFFERENT	kNi48oC7Xlw	MPREb_QRtS9YxNfjZ	UC_-M2WLR_YD7LmS_OqDR1wg	ym 2010s late mb albums p2
But In Dreams	Lures	There's No Pressure	INDIFFERENT	y7X7n1msCi8	MPREb_QRtS9YxNfjZ	UC_-M2WLR_YD7LmS_OqDR1wg	ym 2010s late mb albums p2
And Then Nothing	Lures	There's No Pressure	INDIFFERENT	S-H1sgVi73M	MPREb_QRtS9YxNfjZ	UC_-M2WLR_YD7LmS_OqDR1wg	ym 2010s late mb albums p2
Winter	Lupe Fiasco	Tetsuo & Youth	INDIFFERENT	D_0cmMZMulc	MPREb_gLn0KQCCNSy	UCe872mgP4deADPnXtkbS-Cg	ym 2010s late mb albums p2
They.Resurrect.Over.New. (feat. Ab-Soul & Troi)	Lupe Fiasco	Tetsuo & Youth	INDIFFERENT	Ovdr4dVDDK8	MPREb_gLn0KQCCNSy	UCe872mgP4deADPnXtkbS-Cg	ym 2010s late mb albums p2
Summer	Lupe Fiasco	Tetsuo & Youth	INDIFFERENT	hW-dbAzXnQc	MPREb_gLn0KQCCNSy	UCe872mgP4deADPnXtkbS-Cg	ym 2010s late mb albums p2
Spring	Lupe Fiasco	Tetsuo & Youth	INDIFFERENT	Rkgct8LyQkc	MPREb_gLn0KQCCNSy	UCe872mgP4deADPnXtkbS-Cg	ym 2010s late mb albums p2
Prisoner 1 & 2 (feat. Ayesha Jaco)	Lupe Fiasco	Tetsuo & Youth	INDIFFERENT	DNMMbE66mK4	MPREb_gLn0KQCCNSy	UCe872mgP4deADPnXtkbS-Cg	ym 2010s late mb albums p2
No Scratches (feat. Nikki Jean)	Lupe Fiasco	Tetsuo & Youth	INDIFFERENT	Pk_SfEug47Q	MPREb_gLn0KQCCNSy	UCe872mgP4deADPnXtkbS-Cg	ym 2010s late mb albums p2
Madonna (And Other Mothers in the Hood) (feat. Nikki Jean)	Lupe Fiasco	Tetsuo & Youth	INDIFFERENT	QlCE_8kYYl0	MPREb_gLn0KQCCNSy	UCe872mgP4deADPnXtkbS-Cg	ym 2010s late mb albums p2
Fall	Lupe Fiasco	Tetsuo & Youth	INDIFFERENT	BkTEoLRjZcA	MPREb_gLn0KQCCNSy	UCe872mgP4deADPnXtkbS-Cg	ym 2010s late mb albums p2
Dots & Lines	Lupe Fiasco	Tetsuo & Youth	INDIFFERENT	rH7eIjeILIE	MPREb_gLn0KQCCNSy	UCe872mgP4deADPnXtkbS-Cg	ym 2010s late mb albums p2
Deliver	Lupe Fiasco	Tetsuo & Youth	INDIFFERENT	Nw7LOwqsZ08	MPREb_gLn0KQCCNSy	UCe872mgP4deADPnXtkbS-Cg	ym 2010s late mb albums p2
Chopper (feat. Billy Blue, Buk, Trouble & Trae Tha Truth)	Lupe Fiasco	Tetsuo & Youth	INDIFFERENT	sXjKZSDmf30	MPREb_gLn0KQCCNSy	UCe872mgP4deADPnXtkbS-Cg	ym 2010s late mb albums p2
Body of Work (feat. Troi Martin & Terrace Martin)	Lupe Fiasco	Tetsuo & Youth	INDIFFERENT	7yZQztqcJHg	MPREb_gLn0KQCCNSy	UCe872mgP4deADPnXtkbS-Cg	ym 2010s late mb albums p2
Blur My Hands (feat. Guy Sebastian)	Lupe Fiasco	Tetsuo & Youth	INDIFFERENT	4zSL3OLq8pg	MPREb_gLn0KQCCNSy	UCe872mgP4deADPnXtkbS-Cg	ym 2010s late mb albums p2
Adoration of the Magi (feat. Crystal 'Røvél' Torres)	Lupe Fiasco	Tetsuo & Youth	INDIFFERENT	mng72yEhaxY	MPREb_gLn0KQCCNSy	UCe872mgP4deADPnXtkbS-Cg	ym 2010s late mb albums p2
Stack That Cheese (feat. Nikki Jean)	Lupe Fiasco	DROGAS WAVE	INDIFFERENT	Ph8ysJTIAWA	MPREb_IEmpP7syG4L	UCe872mgP4deADPnXtkbS-Cg	ym 2010s late mb albums p2
Quotations from Chairman Fred (feat. Nikki Jean & Bishop Edgar Jackson)	Lupe Fiasco	DROGAS WAVE	INDIFFERENT	YaNYDoaorWE	MPREb_IEmpP7syG4L	UCe872mgP4deADPnXtkbS-Cg	ym 2010s late mb albums p2
Kingdom (feat. Damian Marley)	Lupe Fiasco	DROGAS WAVE	INDIFFERENT	dzV7ra825XM	MPREb_IEmpP7syG4L	UCe872mgP4deADPnXtkbS-Cg	ym 2010s late mb albums p2
King Nas	Lupe Fiasco	DROGAS WAVE	INDIFFERENT	WHV5xkAZXiU	MPREb_IEmpP7syG4L	UCe872mgP4deADPnXtkbS-Cg	ym 2010s late mb albums p2
In the Event of Typhoon	Lupe Fiasco	DROGAS WAVE	INDIFFERENT	INvyCQH6zTI	MPREb_IEmpP7syG4L	UCe872mgP4deADPnXtkbS-Cg	ym 2010s late mb albums p2
Helter Skelter (Interlude)	Lupe Fiasco	DROGAS WAVE	INDIFFERENT	sj7cEUMv9ms	MPREb_IEmpP7syG4L	UCe872mgP4deADPnXtkbS-Cg	ym 2010s late mb albums p2
Happy Timbuck2 Day	Lupe Fiasco	DROGAS WAVE	INDIFFERENT	KJzAVJjbT0c	MPREb_IEmpP7syG4L	UCe872mgP4deADPnXtkbS-Cg	ym 2010s late mb albums p2
Haile Selassie (feat. Nikki Jean)	Lupe Fiasco	DROGAS WAVE	INDIFFERENT	cn03eDQZc-A	MPREb_IEmpP7syG4L	UCe872mgP4deADPnXtkbS-Cg	ym 2010s late mb albums p2
Gold vs the Right Things to Do	Lupe Fiasco	DROGAS WAVE	INDIFFERENT	ETFFm3jy1A4	MPREb_IEmpP7syG4L	UCe872mgP4deADPnXtkbS-Cg	ym 2010s late mb albums p2
Don't Mess up the Children (Interlude)	Lupe Fiasco	DROGAS WAVE	INDIFFERENT	XsMnfVCLxo4	MPREb_IEmpP7syG4L	UCe872mgP4deADPnXtkbS-Cg	ym 2010s late mb albums p2
Baba Kwesi (Interlude)	Lupe Fiasco	DROGAS WAVE	INDIFFERENT	26n1EWwX7-E	MPREb_IEmpP7syG4L	UCe872mgP4deADPnXtkbS-Cg	ym 2010s late mb albums p2
I Can Complete You (Mixed)	Luke Slater	Fabriclive 100: Kode9 & Burial (DJ Mix)	INDIFFERENT	mFnk4q92t_w	MPREb_oTznNtUT8Si	UC_tBrqG-Zctp44ljcXkyctQ	ym 2010s late mb albums p2
Unknown Frequency	Lucy In Disguise	Unknown Frequency	INDIFFERENT	L5B1_T-8rlI	MPREb_M6f7xJ5kN5T	UC2yVqYL9wXXriWXaM6FRRbQ	ym 2010s late mb albums p2
The Tower	Lucy In Disguise	Unknown Frequency	INDIFFERENT	HV3GMDhHfgk	MPREb_M6f7xJ5kN5T	UC2yVqYL9wXXriWXaM6FRRbQ	ym 2010s late mb albums p2
Technicolor Dreams	Lucy In Disguise	Unknown Frequency	INDIFFERENT	vFCw4eAXUSE	MPREb_M6f7xJ5kN5T	UC2yVqYL9wXXriWXaM6FRRbQ	ym 2010s late mb albums p2
Skylights	Lucy In Disguise	Unknown Frequency	INDIFFERENT	6-ndN4mkJBE	MPREb_M6f7xJ5kN5T	UC2yVqYL9wXXriWXaM6FRRbQ	ym 2010s late mb albums p2
Saturn Return	Lucy In Disguise	Unknown Frequency	INDIFFERENT	LgYrfXWYoKw	MPREb_M6f7xJ5kN5T	UC2yVqYL9wXXriWXaM6FRRbQ	ym 2010s late mb albums p2
Nova	Lucy In Disguise	Unknown Frequency	INDIFFERENT	x_uNATCYUyU	MPREb_M6f7xJ5kN5T	UC2yVqYL9wXXriWXaM6FRRbQ	ym 2010s late mb albums p2
Interstellar Transmission	Lucy In Disguise	Unknown Frequency	INDIFFERENT	yTfOFg1_3bw	MPREb_M6f7xJ5kN5T	UC2yVqYL9wXXriWXaM6FRRbQ	ym 2010s late mb albums p2
Discovery	Lucy In Disguise	Unknown Frequency	INDIFFERENT	iLFJY_54KPU	MPREb_M6f7xJ5kN5T	UC2yVqYL9wXXriWXaM6FRRbQ	ym 2010s late mb albums p2
Blue Sunset	Lucy In Disguise	Unknown Frequency	INDIFFERENT	m_LrK4pyciM	MPREb_M6f7xJ5kN5T	UC2yVqYL9wXXriWXaM6FRRbQ	ym 2010s late mb albums p2
96 Cruisin	Lucy In Disguise	Unknown Frequency	INDIFFERENT	Fa-qikUGQ-Q	MPREb_M6f7xJ5kN5T	UC2yVqYL9wXXriWXaM6FRRbQ	ym 2010s late mb albums p2
Pillar of Truth	Lucy Dacus	Historian	INDIFFERENT	JpvXXBz0h8U	MPREb_JdhzHsCOUJs	UCt-KqR_ceCdjeMljGYiXSww	ym 2010s late mb albums p2
Nonbeliever	Lucy Dacus	Historian	INDIFFERENT	cVq7It8QlSs	MPREb_JdhzHsCOUJs	UCt-KqR_ceCdjeMljGYiXSww	ym 2010s late mb albums p2
Historians	Lucy Dacus	Historian	INDIFFERENT	QvKbrj3nGH0	MPREb_JdhzHsCOUJs	UCt-KqR_ceCdjeMljGYiXSww	ym 2010s late mb albums p2
Body to Flame	Lucy Dacus	Historian	INDIFFERENT	appDLak18JA	MPREb_JdhzHsCOUJs	UCt-KqR_ceCdjeMljGYiXSww	ym 2010s late mb albums p2
Addictions	Lucy Dacus	Historian	INDIFFERENT	kjJqyzGc8Iw	MPREb_JdhzHsCOUJs	UCt-KqR_ceCdjeMljGYiXSww	ym 2010s late mb albums p2
Tar	Lucrecia Dalt	Anticlines	INDIFFERENT	K4DRL44Utz4	MPREb_EcnKvhze0vW	UCDVzKz-h89TGRbM4DoIGCNA	ym 2010s late mb albums p2
Liminalidad	Lucrecia Dalt	Anticlines	INDIFFERENT	weWjR5Ie7lw	MPREb_EcnKvhze0vW	UCDVzKz-h89TGRbM4DoIGCNA	ym 2010s late mb albums p2
Indifferent Universe	Lucrecia Dalt	Anticlines	INDIFFERENT	TWc0wPIHNHk	MPREb_EcnKvhze0vW	UCDVzKz-h89TGRbM4DoIGCNA	ym 2010s late mb albums p2
Helio Tanz	Lucrecia Dalt	Anticlines	INDIFFERENT	bW4au3Gy0OI	MPREb_EcnKvhze0vW	UCDVzKz-h89TGRbM4DoIGCNA	ym 2010s late mb albums p2
Glass Brain	Lucrecia Dalt	Anticlines	INDIFFERENT	HerqU8CKtbs	MPREb_EcnKvhze0vW	UCDVzKz-h89TGRbM4DoIGCNA	ym 2010s late mb albums p2
Errors of Skin	Lucrecia Dalt	Anticlines	INDIFFERENT	y4MMSDkus80	MPREb_EcnKvhze0vW	UCDVzKz-h89TGRbM4DoIGCNA	ym 2010s late mb albums p2
Eclipsed Subject	Lucrecia Dalt	Anticlines	INDIFFERENT	yFJYhZgkoSc	MPREb_EcnKvhze0vW	UCDVzKz-h89TGRbM4DoIGCNA	ym 2010s late mb albums p2
Antiform	Lucrecia Dalt	Anticlines	INDIFFERENT	0EbD6ujYnrY	MPREb_EcnKvhze0vW	UCDVzKz-h89TGRbM4DoIGCNA	ym 2010s late mb albums p2
Analogue Mountains	Lucrecia Dalt	Anticlines	INDIFFERENT	tzEZPAAsnZ8	MPREb_EcnKvhze0vW	UCDVzKz-h89TGRbM4DoIGCNA	ym 2010s late mb albums p2
Your Heart Still Beating	Lower Dens	Escape From Evil	INDIFFERENT	Rm_wk6LVH60	MPREb_4OfsgHZwiGx	UCRZpd2CMttEErzMVjUPHNug	ym 2010s late mb albums p2
Suckers Shangri-La	Lower Dens	Escape From Evil	INDIFFERENT	SvFKvkYsjY4	MPREb_4OfsgHZwiGx	UCRZpd2CMttEErzMVjUPHNug	ym 2010s late mb albums p2
Société Anonyme	Lower Dens	Escape From Evil	INDIFFERENT	n9I8Jxl6oo8	MPREb_4OfsgHZwiGx	UCRZpd2CMttEErzMVjUPHNug	ym 2010s late mb albums p2
Quo Vadis	Lower Dens	Escape From Evil	INDIFFERENT	12rB-fCsEQQ	MPREb_4OfsgHZwiGx	UCRZpd2CMttEErzMVjUPHNug	ym 2010s late mb albums p2
Ondine	Lower Dens	Escape From Evil	INDIFFERENT	eaUVoEuFRCg	MPREb_4OfsgHZwiGx	UCRZpd2CMttEErzMVjUPHNug	ym 2010s late mb albums p2
Non Grata	Lower Dens	Escape From Evil	INDIFFERENT	tjH6G8Uuq0w	MPREb_4OfsgHZwiGx	UCRZpd2CMttEErzMVjUPHNug	ym 2010s late mb albums p2
I Am the Earth	Lower Dens	Escape From Evil	INDIFFERENT	rP1UY0QFdwk	MPREb_4OfsgHZwiGx	UCRZpd2CMttEErzMVjUPHNug	ym 2010s late mb albums p2
Electric Current	Lower Dens	Escape From Evil	INDIFFERENT	6SIVHHf4rr8	MPREb_4OfsgHZwiGx	UCRZpd2CMttEErzMVjUPHNug	ym 2010s late mb albums p2
Company	Lower Dens	Escape From Evil	INDIFFERENT	tYc3y6wLc0E	MPREb_4OfsgHZwiGx	UCRZpd2CMttEErzMVjUPHNug	ym 2010s late mb albums p2
The Son, The Sun	Low	Double Negative	INDIFFERENT	fPS8ZvWVv0M	MPREb_UR85fAVsz5j	UC3IFlr-hvNN5Ex3vZcj8AAA	ym 2010s late mb albums p2
Rome (Always in the Dark)	Low	Double Negative	INDIFFERENT	GvISbiDblhs	MPREb_UR85fAVsz5j	UC3IFlr-hvNN5Ex3vZcj8AAA	ym 2010s late mb albums p2
Quorum	Low	Double Negative	INDIFFERENT	Q-f32fg-PyI	MPREb_UR85fAVsz5j	UC3IFlr-hvNN5Ex3vZcj8AAA	ym 2010s late mb albums p2
Poor Sucker	Low	Double Negative	INDIFFERENT	zTXnIdOfs4U	MPREb_UR85fAVsz5j	UC3IFlr-hvNN5Ex3vZcj8AAA	ym 2010s late mb albums p2
Disarray	Low	Double Negative	INDIFFERENT	r4CHPvNJw10	MPREb_UR85fAVsz5j	UC3IFlr-hvNN5Ex3vZcj8AAA	ym 2010s late mb albums p2
Always Up	Low	Double Negative	INDIFFERENT	qf-WpB_WLjQ	MPREb_UR85fAVsz5j	UC3IFlr-hvNN5Ex3vZcj8AAA	ym 2010s late mb albums p2
Richter: Sunlight	Louisa Fuller, Natalia Bonner, Rico Costa, John Metcalfe, Ian Burdge, and Chris Worsey	Voyager - Essential Max Richter	INDIFFERENT	txgvPK6P998	MPREb_6vFFmb664HP		ym 2010s late mb albums p2
Richter: Infra 8	Louisa Fuller	Voyager - Essential Max Richter	INDIFFERENT	ZbY0CUfMmyU	MPREb_6vFFmb664HP	UCfXwwAnGP6oNuY2P1Dr4fdg	ym 2010s late mb albums p2
It's Strange (Win & Woo Remix) (feat. K.Flay)	Louis The Child	It's Strange (Remixes)	INDIFFERENT	AozAjosX5Ao	MPREb_t8eGT3oMBGs	UCWerwF0q4QKlKL37Yod4aSw	ym 2010s late mb albums p2
It's Strange (White Cliffs Remix) (feat. K.Flay)	Louis The Child	It's Strange (Remixes)	INDIFFERENT	mZSvf7AcF7Q	MPREb_t8eGT3oMBGs	UCWerwF0q4QKlKL37Yod4aSw	ym 2010s late mb albums p2
It's Strange (Whethan Remix) (feat. K.Flay)	Louis The Child	It's Strange (Remixes)	INDIFFERENT	Qr-l-Hgtj74	MPREb_t8eGT3oMBGs	UCWerwF0q4QKlKL37Yod4aSw	ym 2010s late mb albums p2
It's Strange (Tobiahs Remix) (feat. K.Flay)	Louis The Child	It's Strange (Remixes)	INDIFFERENT	YXDB2EgZvhI	MPREb_t8eGT3oMBGs	UCWerwF0q4QKlKL37Yod4aSw	ym 2010s late mb albums p2
It's Strange (SoySauce Remix) (feat. K.Flay)	Louis The Child	It's Strange (Remixes)	INDIFFERENT	4PFk85aiS3Y	MPREb_t8eGT3oMBGs	UCWerwF0q4QKlKL37Yod4aSw	ym 2010s late mb albums p2
It's Strange (Rambo Remix) (feat. K.Flay)	Louis The Child	It's Strange (Remixes)	INDIFFERENT	LewadEOgAaw	MPREb_t8eGT3oMBGs	UCWerwF0q4QKlKL37Yod4aSw	ym 2010s late mb albums p2
It's Strange (Pham X Filip Remix) (feat. K.Flay)	Louis The Child	It's Strange (Remixes)	INDIFFERENT	v4582hBZ_24	MPREb_t8eGT3oMBGs	UCWerwF0q4QKlKL37Yod4aSw	ym 2010s late mb albums p2
It's Strange (Nine Lives Remix) (feat. K.Flay)	Louis The Child	It's Strange (Remixes)	INDIFFERENT	Kp9l9lJk0Wg	MPREb_t8eGT3oMBGs	UCWerwF0q4QKlKL37Yod4aSw	ym 2010s late mb albums p2
It's Strange (Myles Travitz Remix) (feat. K.Flay)	Louis The Child	It's Strange (Remixes)	INDIFFERENT	Ns59U05L6AI	MPREb_t8eGT3oMBGs	UCWerwF0q4QKlKL37Yod4aSw	ym 2010s late mb albums p2
It's Strange (Melvv Remix) (feat. K.Flay)	Louis The Child	It's Strange (Remixes)	INDIFFERENT	swAMC0ua-Ys	MPREb_t8eGT3oMBGs	UCWerwF0q4QKlKL37Yod4aSw	ym 2010s late mb albums p2
It's Strange (LeMarquis Remix) (feat. K.Flay)	Louis The Child	It's Strange (Remixes)	INDIFFERENT	mYggtpVt3wY	MPREb_t8eGT3oMBGs	UCWerwF0q4QKlKL37Yod4aSw	ym 2010s late mb albums p2
It's Strange (Jailo Remix) (feat. K.Flay)	Louis The Child	It's Strange (Remixes)	INDIFFERENT	OWfDvaled8Y	MPREb_t8eGT3oMBGs	UCWerwF0q4QKlKL37Yod4aSw	ym 2010s late mb albums p2
It's Strange (JackLNDN Nightime Remix) (feat. K.Flay)	Louis The Child	It's Strange (Remixes)	INDIFFERENT	mehcfdk_dlQ	MPREb_t8eGT3oMBGs	UCWerwF0q4QKlKL37Yod4aSw	ym 2010s late mb albums p2
It's Strange (JackLNDN Daytime Remix) (feat. K.Flay)	Louis The Child	It's Strange (Remixes)	INDIFFERENT	lEDWny1lasY	MPREb_t8eGT3oMBGs	UCWerwF0q4QKlKL37Yod4aSw	ym 2010s late mb albums p2
It's Strange (Candyland Remix) (feat. K.Flay)	Louis The Child	It's Strange (Remixes)	INDIFFERENT	c1h3kZfswu4	MPREb_t8eGT3oMBGs	UCWerwF0q4QKlKL37Yod4aSw	ym 2010s late mb albums p2
It's Strange (CRNKN Remix) (feat. K.Flay)	Louis The Child	It's Strange (Remixes)	INDIFFERENT	tNfpqNdIQEA	MPREb_t8eGT3oMBGs	UCWerwF0q4QKlKL37Yod4aSw	ym 2010s late mb albums p2
It's Strange (Boombox Cartel Remix) (feat. K.Flay)	Louis The Child	It's Strange (Remixes)	INDIFFERENT	-imGmSfF5Dc	MPREb_t8eGT3oMBGs	UCWerwF0q4QKlKL37Yod4aSw	ym 2010s late mb albums p2
It's Strange (Bee's Knees Remix) (feat. K.Flay)	Louis The Child	It's Strange (Remixes)	INDIFFERENT	v1474ksg0a8	MPREb_t8eGT3oMBGs	UCWerwF0q4QKlKL37Yod4aSw	ym 2010s late mb albums p2
OUT OF THE FRAME	Lorn	REMNANT	INDIFFERENT	QuK3Uw75abk	MPREb_tN5ys5HKaw2	UCCIJUG17meyqvnQ8yNBz3SQ	ym 2010s late mb albums p2
Writer In The Dark	Lorde	Melodrama	INDIFFERENT	JsWq1YfBzDc	MPREb_Ek5n6af6REp	UCILoG0-vdgLDnrwtRuM_0GQ	ym 2010s late mb albums p2
The Louvre	Lorde	Melodrama	INDIFFERENT	fN6KvLfd9sE	MPREb_Ek5n6af6REp	UCILoG0-vdgLDnrwtRuM_0GQ	ym 2010s late mb albums p2
Supercut	Lorde	Melodrama	INDIFFERENT	KxSzt51xnkU	MPREb_Ek5n6af6REp	UCILoG0-vdgLDnrwtRuM_0GQ	ym 2010s late mb albums p2
Sober II (Melodrama)	Lorde	Melodrama	INDIFFERENT	YE8RhxaaxMo	MPREb_Ek5n6af6REp	UCILoG0-vdgLDnrwtRuM_0GQ	ym 2010s late mb albums p2
Sober	Lorde	Melodrama	INDIFFERENT	toRoWDWTCMo	MPREb_Ek5n6af6REp	UCILoG0-vdgLDnrwtRuM_0GQ	ym 2010s late mb albums p2
Perfect Places	Lorde	Melodrama	INDIFFERENT	Cuni8n0bwx0	MPREb_Ek5n6af6REp	UCILoG0-vdgLDnrwtRuM_0GQ	ym 2010s late mb albums p2
Liability (Reprise)	Lorde	Melodrama	INDIFFERENT	PCeHZtbxyPQ	MPREb_Ek5n6af6REp	UCILoG0-vdgLDnrwtRuM_0GQ	ym 2010s late mb albums p2
Liability	Lorde	Melodrama	INDIFFERENT	l4WhsXAvZgc	MPREb_Ek5n6af6REp	UCILoG0-vdgLDnrwtRuM_0GQ	ym 2010s late mb albums p2
Homemade Dynamite	Lorde	Melodrama	INDIFFERENT	tjuIzZ8uldo	MPREb_Ek5n6af6REp	UCILoG0-vdgLDnrwtRuM_0GQ	ym 2010s late mb albums p2
Hard Feelings/Loveless	Lorde	Melodrama	INDIFFERENT	TVpvzcz2VMU	MPREb_Ek5n6af6REp	UCILoG0-vdgLDnrwtRuM_0GQ	ym 2010s late mb albums p2
Green Light	Lorde	Melodrama	INDIFFERENT	gp3T60xhvBw	MPREb_Ek5n6af6REp	UCILoG0-vdgLDnrwtRuM_0GQ	ym 2010s late mb albums p2
Never Ever	Lord Huron	Vide Noir	INDIFFERENT	hv5BGYlI27w	MPREb_GGN2VGzXeWq	UCHIqmk90GKurdVSG5cf-sFQ	ym 2010s late mb albums p2
Moonbeam	Lord Huron	Vide Noir	INDIFFERENT	UbNNJ93qPf4	MPREb_GGN2VGzXeWq	UCHIqmk90GKurdVSG5cf-sFQ	ym 2010s late mb albums p2
Lost in Time and Space	Lord Huron	Vide Noir	INDIFFERENT	x3YyTE3shz4	MPREb_GGN2VGzXeWq	UCHIqmk90GKurdVSG5cf-sFQ	ym 2010s late mb albums p2
Way out There	Lord Huron	Strange Trails	INDIFFERENT	P7LCRLBNSLA	MPREb_nKzCilDoeIL	UCHIqmk90GKurdVSG5cf-sFQ	ym 2010s late mb albums p2
The Yawning Grave	Lord Huron	Strange Trails	INDIFFERENT	Y_2Yt24fszI	MPREb_nKzCilDoeIL	UCHIqmk90GKurdVSG5cf-sFQ	ym 2010s late mb albums p2
Love Like Ghosts	Lord Huron	Strange Trails	INDIFFERENT	caznf8mUI8g	MPREb_nKzCilDoeIL	UCHIqmk90GKurdVSG5cf-sFQ	ym 2010s late mb albums p2
Louisa	Lord Huron	Strange Trails	INDIFFERENT	bnJpLDW6-sA	MPREb_nKzCilDoeIL	UCHIqmk90GKurdVSG5cf-sFQ	ym 2010s late mb albums p2
La Belle Fleur Sauvage	Lord Huron	Strange Trails	INDIFFERENT	R5PYkp3CYnE	MPREb_nKzCilDoeIL	UCHIqmk90GKurdVSG5cf-sFQ	ym 2010s late mb albums p2
Hurricane (Johnnie's Theme)	Lord Huron	Strange Trails	INDIFFERENT	kGiPa0bGKRM	MPREb_nKzCilDoeIL	UCHIqmk90GKurdVSG5cf-sFQ	ym 2010s late mb albums p2
Frozen Pines	Lord Huron	Strange Trails	INDIFFERENT	3hoBn3cvpDU	MPREb_nKzCilDoeIL	UCHIqmk90GKurdVSG5cf-sFQ	ym 2010s late mb albums p2
Fool for Love	Lord Huron	Strange Trails	INDIFFERENT	pqPZDFGuXuw	MPREb_nKzCilDoeIL	UCHIqmk90GKurdVSG5cf-sFQ	ym 2010s late mb albums p2
Dead Man's Hand	Lord Huron	Strange Trails	INDIFFERENT	mLqQqqLc0TA	MPREb_nKzCilDoeIL	UCHIqmk90GKurdVSG5cf-sFQ	ym 2010s late mb albums p2
Cursed	Lord Huron	Strange Trails	INDIFFERENT	EIFY3IWpP0E	MPREb_nKzCilDoeIL	UCHIqmk90GKurdVSG5cf-sFQ	ym 2010s late mb albums p2
YSIV	Logic	YSIV	INDIFFERENT	4sxWZZ7NeTI	MPREb_KGD5rbfwIOu	UCKC7Xqy0UXT370RvFR2kXYg	ym 2010s late mb albums p2
Wu Tang Forever (feat. Ghostface Killah, Raekwon, RZA & Method Man)	Logic	YSIV	INDIFFERENT	tKkbs8sY0lA	MPREb_KGD5rbfwIOu	UCKC7Xqy0UXT370RvFR2kXYg	ym 2010s late mb albums p2
The Return	Logic	YSIV	INDIFFERENT	SP9vSxBKDdI	MPREb_KGD5rbfwIOu	UCKC7Xqy0UXT370RvFR2kXYg	ym 2010s late mb albums p2
The Glorious Five	Logic	YSIV	INDIFFERENT	D4fdTdvkmO8	MPREb_KGD5rbfwIOu	UCKC7Xqy0UXT370RvFR2kXYg	ym 2010s late mb albums p2
Thank You (feat. Lucy Rose & The RattPack)	Logic	YSIV	INDIFFERENT	IN7JGxShGh0	MPREb_KGD5rbfwIOu	UCKC7Xqy0UXT370RvFR2kXYg	ym 2010s late mb albums p2
Street Dreams II	Logic	YSIV	INDIFFERENT	_CUoX25kvHA	MPREb_KGD5rbfwIOu	UCKC7Xqy0UXT370RvFR2kXYg	ym 2010s late mb albums p2
Ordinary Day (feat. Hailee Steinfeld)	Logic	YSIV	INDIFFERENT	3IdUSPvbkMw	MPREb_KGD5rbfwIOu	UCKC7Xqy0UXT370RvFR2kXYg	ym 2010s late mb albums p2
One Day (feat. Ryan Tedder)	Logic	YSIV	INDIFFERENT	kCOClwwX7JM	MPREb_KGD5rbfwIOu	UCKC7Xqy0UXT370RvFR2kXYg	ym 2010s late mb albums p2
Legacy	Logic	YSIV	INDIFFERENT	8SsFB5-mcgc	MPREb_KGD5rbfwIOu	UCKC7Xqy0UXT370RvFR2kXYg	ym 2010s late mb albums p2
Last Call	Logic	YSIV	INDIFFERENT	YREpgpWRz7I	MPREb_KGD5rbfwIOu	UCKC7Xqy0UXT370RvFR2kXYg	ym 2010s late mb albums p2
ICONIC (feat. Jaden)	Logic	YSIV	INDIFFERENT	nWqEJG2AyRU	MPREb_KGD5rbfwIOu	UCKC7Xqy0UXT370RvFR2kXYg	ym 2010s late mb albums p2
Everybody Dies	Logic	YSIV	INDIFFERENT	bGfrAViMyEI	MPREb_KGD5rbfwIOu	UCKC7Xqy0UXT370RvFR2kXYg	ym 2010s late mb albums p2
100 Miles and Running (feat. Wale & John Lindahl)	Logic	YSIV	INDIFFERENT	fcubppM92e8	MPREb_KGD5rbfwIOu	UCKC7Xqy0UXT370RvFR2kXYg	ym 2010s late mb albums p2
Vogue	Local Natives	Violet Street	INDIFFERENT	rrw_zC3lR1w	MPREb_cfMnHUrDwUT	UCZGPl54hjSOMbVgCAJfpEeg	ym 2010s late mb albums p2
Tap Dancer	Local Natives	Violet Street	INDIFFERENT	tWuxKPPGJU4	MPREb_cfMnHUrDwUT	UCZGPl54hjSOMbVgCAJfpEeg	ym 2010s late mb albums p2
Shy	Local Natives	Violet Street	INDIFFERENT	QUUYj24S04M	MPREb_cfMnHUrDwUT	UCZGPl54hjSOMbVgCAJfpEeg	ym 2010s late mb albums p2
Megaton Mile	Local Natives	Violet Street	INDIFFERENT	pwL7tLo9-gI	MPREb_cfMnHUrDwUT	UCZGPl54hjSOMbVgCAJfpEeg	ym 2010s late mb albums p2
Gulf Shores	Local Natives	Violet Street	INDIFFERENT	P45gj938N5w	MPREb_cfMnHUrDwUT	UCZGPl54hjSOMbVgCAJfpEeg	ym 2010s late mb albums p2
Garden Of Elysian	Local Natives	Violet Street	INDIFFERENT	rrXI6DP6bNQ	MPREb_cfMnHUrDwUT	UCZGPl54hjSOMbVgCAJfpEeg	ym 2010s late mb albums p2
Café Amarillo	Local Natives	Violet Street	INDIFFERENT	ngL3r0DSUBU	MPREb_cfMnHUrDwUT	UCZGPl54hjSOMbVgCAJfpEeg	ym 2010s late mb albums p2
Tempo (feat. Missy Elliott)	Lizzo	Cuz I Love You	INDIFFERENT	cG44dfXQykQ	MPREb_WweJ3rIEO3Z	UCVjeW1D_3IsiMYvG46nay4Q	ym 2010s late mb albums p2
Soulmate	Lizzo	Cuz I Love You	INDIFFERENT	h3xT49OKbbU	MPREb_WweJ3rIEO3Z	UCVjeW1D_3IsiMYvG46nay4Q	ym 2010s late mb albums p2
Lingerie	Lizzo	Cuz I Love You	INDIFFERENT	zmQKEBJ1yAE	MPREb_WweJ3rIEO3Z	UCVjeW1D_3IsiMYvG46nay4Q	ym 2010s late mb albums p2
Like a Girl	Lizzo	Cuz I Love You	INDIFFERENT	nqp4Igyg53g	MPREb_WweJ3rIEO3Z	UCVjeW1D_3IsiMYvG46nay4Q	ym 2010s late mb albums p2
Juice	Lizzo	Cuz I Love You	INDIFFERENT	3FA41rxMTig	MPREb_WweJ3rIEO3Z	UCVjeW1D_3IsiMYvG46nay4Q	ym 2010s late mb albums p2
Heaven Help Me	Lizzo	Cuz I Love You	INDIFFERENT	-IPNlqwRS60	MPREb_WweJ3rIEO3Z	UCVjeW1D_3IsiMYvG46nay4Q	ym 2010s late mb albums p2
Exactly How I Feel (feat. Gucci Mane)	Lizzo	Cuz I Love You	INDIFFERENT	4Wtw1iebduk	MPREb_WweJ3rIEO3Z	UCVjeW1D_3IsiMYvG46nay4Q	ym 2010s late mb albums p2
Crybaby	Lizzo	Cuz I Love You	INDIFFERENT	2_ItO-N9KpE	MPREb_WweJ3rIEO3Z	UCVjeW1D_3IsiMYvG46nay4Q	ym 2010s late mb albums p2
Better in Color	Lizzo	Cuz I Love You	INDIFFERENT	v2qSsqrqECo	MPREb_WweJ3rIEO3Z	UCVjeW1D_3IsiMYvG46nay4Q	ym 2010s late mb albums p2
Water	Living Hour	Softer Faces	INDIFFERENT	mZmbt8Rc7pg	MPREb_r08E0WxPNqr	UC-QnAnwz_oBB_KTODiH3uUw	ym 2010s late mb albums p2
Slow Shines	Living Hour	Softer Faces	INDIFFERENT	2rN7YZuHre8	MPREb_r08E0WxPNqr	UC-QnAnwz_oBB_KTODiH3uUw	ym 2010s late mb albums p2
No Past	Living Hour	Softer Faces	INDIFFERENT	JdjjdYOrt7U	MPREb_r08E0WxPNqr	UC-QnAnwz_oBB_KTODiH3uUw	ym 2010s late mb albums p2
Most	Living Hour	Softer Faces	INDIFFERENT	YdcYkGLJmO4	MPREb_r08E0WxPNqr	UC-QnAnwz_oBB_KTODiH3uUw	ym 2010s late mb albums p2
Inside	Living Hour	Softer Faces	INDIFFERENT	AQR7B6kBjyY	MPREb_r08E0WxPNqr	UC-QnAnwz_oBB_KTODiH3uUw	ym 2010s late mb albums p2
I Sink I Sink	Living Hour	Softer Faces	INDIFFERENT	qM6Qg0RDbm0	MPREb_r08E0WxPNqr	UC-QnAnwz_oBB_KTODiH3uUw	ym 2010s late mb albums p2
Hallboy	Living Hour	Softer Faces	INDIFFERENT	7BdTIld22DE	MPREb_r08E0WxPNqr	UC-QnAnwz_oBB_KTODiH3uUw	ym 2010s late mb albums p2
Bottom Step	Living Hour	Softer Faces	INDIFFERENT	TwAy1_Sa6-c	MPREb_r08E0WxPNqr	UC-QnAnwz_oBB_KTODiH3uUw	ym 2010s late mb albums p2
Before You Leave	Living Hour	Softer Faces	INDIFFERENT	Mx6PnNs7b8s	MPREb_r08E0WxPNqr	UC-QnAnwz_oBB_KTODiH3uUw	ym 2010s late mb albums p2
Venom	Little Simz	GREY Area	INDIFFERENT	A6ieo6maHXg	MPREb_Zxlnnpei5Hu	UCWMArai9zjUOTgtAF0oyoIA	ym 2010s late mb albums p2
Therapy	Little Simz	GREY Area	INDIFFERENT	0zeG8MJLNvA	MPREb_Zxlnnpei5Hu	UCWMArai9zjUOTgtAF0oyoIA	ym 2010s late mb albums p2
Sherbet Sunset	Little Simz	GREY Area	INDIFFERENT	B46bjgBQruc	MPREb_Zxlnnpei5Hu	UCWMArai9zjUOTgtAF0oyoIA	ym 2010s late mb albums p2
101 FM	Little Simz	GREY Area	INDIFFERENT	0SmOoM458dw	MPREb_Zxlnnpei5Hu	UCWMArai9zjUOTgtAF0oyoIA	ym 2010s late mb albums p2
SPITE ALONE HOLDS ME ALOFT	Lingua Ignota	CALIGULA	INDIFFERENT	zOhJHJLR574	MPREb_0eDaxpTayrT	UCmWL8nQYdv0MMRlNMQ8NJJA	ym 2010s late mb albums p2
SORROW! SORROW! SORROW!	Lingua Ignota	CALIGULA	INDIFFERENT	wh5ZrIbQuZY	MPREb_0eDaxpTayrT	UCmWL8nQYdv0MMRlNMQ8NJJA	ym 2010s late mb albums p2
MAY FAILURE BE YOUR NOOSE	Lingua Ignota	CALIGULA	INDIFFERENT	BbZbP8ijS54	MPREb_0eDaxpTayrT	UCmWL8nQYdv0MMRlNMQ8NJJA	ym 2010s late mb albums p2
IF THE POISON WON'T TAKE YOU MY DOGS WILL	Lingua Ignota	CALIGULA	INDIFFERENT	56SLCJ7Odzw	MPREb_0eDaxpTayrT	UCmWL8nQYdv0MMRlNMQ8NJJA	ym 2010s late mb albums p2
I AM THE BEAST	Lingua Ignota	CALIGULA	INDIFFERENT	tsSc0hrR8-8	MPREb_0eDaxpTayrT	UCmWL8nQYdv0MMRlNMQ8NJJA	ym 2010s late mb albums p2
FUCKING DEATHDEALER	Lingua Ignota	CALIGULA	INDIFFERENT	WAt-Bfaqy4Q	MPREb_0eDaxpTayrT	UCmWL8nQYdv0MMRlNMQ8NJJA	ym 2010s late mb albums p2
FRAGRANT IS MY MANY FLOWER'D CROWN	Lingua Ignota	CALIGULA	INDIFFERENT	wTEYzMPdXTM	MPREb_0eDaxpTayrT	UCmWL8nQYdv0MMRlNMQ8NJJA	ym 2010s late mb albums p2
FAITHFUL SERVANT FRIEND OF CHRIST	Lingua Ignota	CALIGULA	INDIFFERENT	qR8FVEXC1jk	MPREb_0eDaxpTayrT	UCmWL8nQYdv0MMRlNMQ8NJJA	ym 2010s late mb albums p2
DO YOU DOUBT ME TRAITOR	Lingua Ignota	CALIGULA	INDIFFERENT	8jma4fQfJGI	MPREb_0eDaxpTayrT	UCmWL8nQYdv0MMRlNMQ8NJJA	ym 2010s late mb albums p2
DAY OF TEARS AND MOURNING	Lingua Ignota	CALIGULA	INDIFFERENT	PoJ1DVXTWX0	MPREb_0eDaxpTayrT	UCmWL8nQYdv0MMRlNMQ8NJJA	ym 2010s late mb albums p2
BUTCHER OF THE WORLD	Lingua Ignota	CALIGULA	INDIFFERENT	EAbX-0rwJlw	MPREb_0eDaxpTayrT	UCmWL8nQYdv0MMRlNMQ8NJJA	ym 2010s late mb albums p2
Versatile Dreams (Interlude)	Lindstrøm	It's Alright Between Us as It Is	INDIFFERENT	jrQY1avwDWo	MPREb_TbbfFk6y3cX	UC2NgoroeKHdMllm84-gS9hQ	ym 2010s late mb albums p2
Under Trees	Lindstrøm	It's Alright Between Us as It Is	INDIFFERENT	BbHMFgBDpAs	MPREb_TbbfFk6y3cX	UC2NgoroeKHdMllm84-gS9hQ	ym 2010s late mb albums p2
Tensions	Lindstrøm	It's Alright Between Us as It Is	INDIFFERENT	3W0Ccn1St7c	MPREb_TbbfFk6y3cX	UC2NgoroeKHdMllm84-gS9hQ	ym 2010s late mb albums p2
Spire	Lindstrøm	It's Alright Between Us as It Is	INDIFFERENT	5d4060yhS2k	MPREb_TbbfFk6y3cX	UC2NgoroeKHdMllm84-gS9hQ	ym 2010s late mb albums p2
Sorry (feat. Frida Sundemo)	Lindstrøm	It's Alright Between Us as It Is	INDIFFERENT	8LObY_LCUO4	MPREb_TbbfFk6y3cX	UC2NgoroeKHdMllm84-gS9hQ	ym 2010s late mb albums p2
Shinin' (feat. Grace Hall)	Lindstrøm	It's Alright Between Us as It Is	INDIFFERENT	st2ihIrVVqE	MPREb_TbbfFk6y3cX	UC2NgoroeKHdMllm84-gS9hQ	ym 2010s late mb albums p2
It's Alright Between Us as It Is	Lindstrøm	It's Alright Between Us as It Is	INDIFFERENT	JFczbEzwW5g	MPREb_TbbfFk6y3cX	UC2NgoroeKHdMllm84-gS9hQ	ym 2010s late mb albums p2
Drift	Lindstrøm	It's Alright Between Us as It Is	INDIFFERENT	4K8DixiENFc	MPREb_TbbfFk6y3cX	UC2NgoroeKHdMllm84-gS9hQ	ym 2010s late mb albums p2
Bungl (Like a Ghost) (feat. Jenny Hval)	Lindstrøm	It's Alright Between Us as It Is	INDIFFERENT	uyQEcy0q6Lg	MPREb_TbbfFk6y3cX	UC2NgoroeKHdMllm84-gS9hQ	ym 2010s late mb albums p2
Wringing Hands	Lilacs & Champagne	Midnight Features Vol. 2: Made Flesh	INDIFFERENT	hrjLSv_ssoE	MPREb_NQEO00q6VVS	UCsOuL4ra8sDHIEeAzmf3Mlw	ym 2010s late mb albums p2
Roses & Kisses	Lilacs & Champagne	Midnight Features Vol. 2: Made Flesh	INDIFFERENT	-1bscjsYZ1U	MPREb_NQEO00q6VVS	UCsOuL4ra8sDHIEeAzmf3Mlw	ym 2010s late mb albums p2
Playin' With Paul	Lilacs & Champagne	Midnight Features Vol. 2: Made Flesh	INDIFFERENT	eQe_erftPK0	MPREb_NQEO00q6VVS	UCsOuL4ra8sDHIEeAzmf3Mlw	ym 2010s late mb albums p2
Peril	Lilacs & Champagne	Midnight Features Vol. 2: Made Flesh	INDIFFERENT	O7YE9v9-nuo	MPREb_NQEO00q6VVS	UCsOuL4ra8sDHIEeAzmf3Mlw	ym 2010s late mb albums p2
On Hold	Lilacs & Champagne	Midnight Features Vol. 2: Made Flesh	INDIFFERENT	qtp5j5rgpdQ	MPREb_NQEO00q6VVS	UCsOuL4ra8sDHIEeAzmf3Mlw	ym 2010s late mb albums p2
Midnight Creeper II	Lilacs & Champagne	Midnight Features Vol. 2: Made Flesh	INDIFFERENT	9o2fSRqDDtI	MPREb_NQEO00q6VVS	UCsOuL4ra8sDHIEeAzmf3Mlw	ym 2010s late mb albums p2
Made Flesh	Lilacs & Champagne	Midnight Features Vol. 2: Made Flesh	INDIFFERENT	n8PPjYeuCTU	MPREb_NQEO00q6VVS	UCsOuL4ra8sDHIEeAzmf3Mlw	ym 2010s late mb albums p2
Euro Blow	Lilacs & Champagne	Midnight Features Vol. 2: Made Flesh	INDIFFERENT	CV10vAJcBp8	MPREb_NQEO00q6VVS	UCsOuL4ra8sDHIEeAzmf3Mlw	ym 2010s late mb albums p2
Dreaded Stranger	Lilacs & Champagne	Midnight Features Vol. 2: Made Flesh	INDIFFERENT	YkAufJ7yLBM	MPREb_NQEO00q6VVS	UCsOuL4ra8sDHIEeAzmf3Mlw	ym 2010s late mb albums p2
Case Closed!	Lilacs & Champagne	Midnight Features Vol. 2: Made Flesh	INDIFFERENT	vUFdRSoymrU	MPREb_NQEO00q6VVS	UCsOuL4ra8sDHIEeAzmf3Mlw	ym 2010s late mb albums p2
Burning Sensation	Lilacs & Champagne	Midnight Features Vol. 2: Made Flesh	INDIFFERENT	vXxJz6kItVU	MPREb_NQEO00q6VVS	UCsOuL4ra8sDHIEeAzmf3Mlw	ym 2010s late mb albums p2
All the Room	Lilacs & Champagne	Midnight Features Vol. 2: Made Flesh	INDIFFERENT	_GnEo84x9-I	MPREb_NQEO00q6VVS	UCsOuL4ra8sDHIEeAzmf3Mlw	ym 2010s late mb albums p2
she ready (feat. PnB Rock)	Lil Yachty	Lil Boat 2	INDIFFERENT	R4EtwLR3ZRY	MPREb_ICVP9HoM98i	UCbk-gmhwUn1FN7SA6bN_mZQ	ym 2010s late mb albums p2
love me forever	Lil Yachty	Lil Boat 2	INDIFFERENT	2gDPV49SPC8	MPREb_ICVP9HoM98i	UCbk-gmhwUn1FN7SA6bN_mZQ	ym 2010s late mb albums p2
WHOLE lotta GUAP	Lil Yachty	Lil Boat 2	INDIFFERENT	a5NVsPeWv9E	MPREb_ICVP9HoM98i	UCbk-gmhwUn1FN7SA6bN_mZQ	ym 2010s late mb albums p2
TALK TO ME NICE (feat. Quavo)	Lil Yachty	Lil Boat 2	INDIFFERENT	GJ03qRypc6E	MPREb_ICVP9HoM98i	UCbk-gmhwUn1FN7SA6bN_mZQ	ym 2010s late mb albums p2
SELF MADE	Lil Yachty	Lil Boat 2	INDIFFERENT	1hJGBdQPGjM	MPREb_ICVP9HoM98i	UCbk-gmhwUn1FN7SA6bN_mZQ	ym 2010s late mb albums p2
POP OUT (feat. Jban$2Turnt)	Lil Yachty	Lil Boat 2	INDIFFERENT	--xuH3LyjCA	MPREb_ICVP9HoM98i	UCbk-gmhwUn1FN7SA6bN_mZQ	ym 2010s late mb albums p2
OOPS (feat. 2 Chainz & K$upreme)	Lil Yachty	Lil Boat 2	INDIFFERENT	29sB-qHpmPM	MPREb_ICVP9HoM98i	UCbk-gmhwUn1FN7SA6bN_mZQ	ym 2010s late mb albums p2
NBAYOUNGBOAT (feat. YoungBoy Never Broke Again)	Lil Yachty	Lil Boat 2	INDIFFERENT	EqTWa_pNhFM	MPREb_ICVP9HoM98i	UCbk-gmhwUn1FN7SA6bN_mZQ	ym 2010s late mb albums p2
MICKEY (feat. Offset & Lil Baby)	Lil Yachty	Lil Boat 2	INDIFFERENT	5Dli52xXqeE	MPREb_ICVP9HoM98i	UCbk-gmhwUn1FN7SA6bN_mZQ	ym 2010s late mb albums p2
GET MONEY BROS. (feat. Tee Grizzley)	Lil Yachty	Lil Boat 2	INDIFFERENT	IHCBBJ6Hmss	MPREb_ICVP9HoM98i	UCbk-gmhwUn1FN7SA6bN_mZQ	ym 2010s late mb albums p2
FWM	Lil Yachty	Lil Boat 2	INDIFFERENT	q_JUZvtc5bw	MPREb_ICVP9HoM98i	UCbk-gmhwUn1FN7SA6bN_mZQ	ym 2010s late mb albums p2
FLEX	Lil Yachty	Lil Boat 2	INDIFFERENT	N42Sw4WNCcI	MPREb_ICVP9HoM98i	UCbk-gmhwUn1FN7SA6bN_mZQ	ym 2010s late mb albums p2
COUNT ME IN	Lil Yachty	Lil Boat 2	INDIFFERENT	kgcm5RXf7-w	MPREb_ICVP9HoM98i	UCbk-gmhwUn1FN7SA6bN_mZQ	ym 2010s late mb albums p2
BOOM! (feat. Ugly God)	Lil Yachty	Lil Boat 2	INDIFFERENT	_XP3V_0iflE	MPREb_ICVP9HoM98i	UCbk-gmhwUn1FN7SA6bN_mZQ	ym 2010s late mb albums p2
BABY DADDY (feat. Lil Pump & Offset)	Lil Yachty	Lil Boat 2	INDIFFERENT	PFNiaoC0-FE	MPREb_ICVP9HoM98i	UCbk-gmhwUn1FN7SA6bN_mZQ	ym 2010s late mb albums p2
66 (feat. Trippie Redd)	Lil Yachty	Lil Boat 2	INDIFFERENT	bMOitsxHA5c	MPREb_ICVP9HoM98i	UCbk-gmhwUn1FN7SA6bN_mZQ	ym 2010s late mb albums p2
We Did It	Lil Yachty	Lil Boat	INDIFFERENT	Jt7QvWt-0cY	MPREb_5TrKaopyZ65	UCbk-gmhwUn1FN7SA6bN_mZQ	ym 2010s late mb albums p2
Wanna Be Us (feat. The Good Perry)	Lil Yachty	Lil Boat	INDIFFERENT	wTm0FnRryVY	MPREb_5TrKaopyZ65	UCbk-gmhwUn1FN7SA6bN_mZQ	ym 2010s late mb albums p2
Up Next 2 (feat. Big Brutha Chubba & Byou)	Lil Yachty	Lil Boat	INDIFFERENT	3QAQtb9HCuw	MPREb_5TrKaopyZ65	UCbk-gmhwUn1FN7SA6bN_mZQ	ym 2010s late mb albums p2
Out Late	Lil Yachty	Lil Boat	INDIFFERENT	ZC__y2IcjvA	MPREb_5TrKaopyZ65	UCbk-gmhwUn1FN7SA6bN_mZQ	ym 2010s late mb albums p2
Not My Bro	Lil Yachty	Lil Boat	INDIFFERENT	u-_Tfgh1-8Y	MPREb_5TrKaopyZ65	UCbk-gmhwUn1FN7SA6bN_mZQ	ym 2010s late mb albums p2
Never Switch Up	Lil Yachty	Lil Boat	INDIFFERENT	nHhimpjYxcE	MPREb_5TrKaopyZ65	UCbk-gmhwUn1FN7SA6bN_mZQ	ym 2010s late mb albums p2
Minnesota (feat. Quavo, Skippa Da Flippa & Young Thug)	Lil Yachty	Lil Boat	INDIFFERENT	lpSHR8Om7Pw	MPREb_5TrKaopyZ65	UCbk-gmhwUn1FN7SA6bN_mZQ	ym 2010s late mb albums p2
I’m Sorry (feat. The Good Perry)	Lil Yachty	Lil Boat	INDIFFERENT	ZwJkGAsnkpE	MPREb_5TrKaopyZ65	UCbk-gmhwUn1FN7SA6bN_mZQ	ym 2010s late mb albums p2
Good Day (feat. Skippa Da Flippa)	Lil Yachty	Lil Boat	INDIFFERENT	Af9-2KgDsd4	MPREb_5TrKaopyZ65	UCbk-gmhwUn1FN7SA6bN_mZQ	ym 2010s late mb albums p2
Fucked Over	Lil Yachty	Lil Boat	INDIFFERENT	ygLOeQ7RLcY	MPREb_5TrKaopyZ65	UCbk-gmhwUn1FN7SA6bN_mZQ	ym 2010s late mb albums p2
What About Me (feat. Sosamann)	Lil Wayne	Tha Carter V	INDIFFERENT	qk1OrH7e844	MPREb_gPZfNkNJPQ9	UC4IAZ3dowcXyvVYBx4hucSQ	ym 2010s late mb albums p2
Used 2	Lil Wayne	Tha Carter V	INDIFFERENT	BVbZXd85cAs	MPREb_gPZfNkNJPQ9	UC4IAZ3dowcXyvVYBx4hucSQ	ym 2010s late mb albums p2
Uproar (feat. Swizz Beatz)	Lil Wayne	Tha Carter V	INDIFFERENT	LsoJ5_NwFeQ	MPREb_gPZfNkNJPQ9	UC4IAZ3dowcXyvVYBx4hucSQ	ym 2010s late mb albums p2
Took His Time	Lil Wayne	Tha Carter V	INDIFFERENT	tVF6pvCwSFk	MPREb_gPZfNkNJPQ9	UC4IAZ3dowcXyvVYBx4hucSQ	ym 2010s late mb albums p2
Start This Shit Off Right (feat. Ashanti & Mack Maine)	Lil Wayne	Tha Carter V	INDIFFERENT	11lKpI9uytM	MPREb_gPZfNkNJPQ9	UC4IAZ3dowcXyvVYBx4hucSQ	ym 2010s late mb albums p2
Problems	Lil Wayne	Tha Carter V	INDIFFERENT	Nfsm3EajFFI	MPREb_gPZfNkNJPQ9	UC4IAZ3dowcXyvVYBx4hucSQ	ym 2010s late mb albums p2
Perfect Strangers	Lil Wayne	Tha Carter V	INDIFFERENT	REkh2BD1UYE	MPREb_gPZfNkNJPQ9	UC4IAZ3dowcXyvVYBx4hucSQ	ym 2010s late mb albums p2
Open Safe	Lil Wayne	Tha Carter V	INDIFFERENT	VNpah8_b1kY	MPREb_gPZfNkNJPQ9	UC4IAZ3dowcXyvVYBx4hucSQ	ym 2010s late mb albums p2
Open Letter	Lil Wayne	Tha Carter V	INDIFFERENT	LttD17tPT8w	MPREb_gPZfNkNJPQ9	UC4IAZ3dowcXyvVYBx4hucSQ	ym 2010s late mb albums p2
Mona Lisa (feat. Kendrick Lamar)	Lil Wayne	Tha Carter V	INDIFFERENT	EmOoJme-uGQ	MPREb_gPZfNkNJPQ9	UC4IAZ3dowcXyvVYBx4hucSQ	ym 2010s late mb albums p2
Mess	Lil Wayne	Tha Carter V	INDIFFERENT	Mo2nF0L9ITU	MPREb_gPZfNkNJPQ9	UC4IAZ3dowcXyvVYBx4hucSQ	ym 2010s late mb albums p2
Let It Fly (feat. Travis Scott)	Lil Wayne	Tha Carter V	INDIFFERENT	Gn2oCc3bPZc	MPREb_gPZfNkNJPQ9	UC4IAZ3dowcXyvVYBx4hucSQ	ym 2010s late mb albums p2
Let It All Work Out	Lil Wayne	Tha Carter V	INDIFFERENT	TKJJiF8QJRc	MPREb_gPZfNkNJPQ9	UC4IAZ3dowcXyvVYBx4hucSQ	ym 2010s late mb albums p2
I Love You Dwayne	Lil Wayne	Tha Carter V	INDIFFERENT	9_ZM5xYfoXM	MPREb_gPZfNkNJPQ9	UC4IAZ3dowcXyvVYBx4hucSQ	ym 2010s late mb albums p2
Hittas	Lil Wayne	Tha Carter V	INDIFFERENT	rEgB9OAMtvg	MPREb_gPZfNkNJPQ9	UC4IAZ3dowcXyvVYBx4hucSQ	ym 2010s late mb albums p2
Dope New Gospel (feat. Nivea)	Lil Wayne	Tha Carter V	INDIFFERENT	M4-K2TdHbHs	MPREb_gPZfNkNJPQ9	UC4IAZ3dowcXyvVYBx4hucSQ	ym 2010s late mb albums p2
Dark Side Of The Moon (feat. Nicki Minaj)	Lil Wayne	Tha Carter V	INDIFFERENT	H24ealMBL84	MPREb_gPZfNkNJPQ9	UC4IAZ3dowcXyvVYBx4hucSQ	ym 2010s late mb albums p2
zlim	Lil Ugly Mane	Third Side of Tape	INDIFFERENT	Md53-JasqYo	MPREb_dv5xjcMETNj	UC-DcnGKK1hSZK_tC8wkZApA	ym 2010s late mb albums p2
wurdemkittykatzat	Lil Ugly Mane	Third Side of Tape	INDIFFERENT	2USo7ma_8wk	MPREb_dv5xjcMETNj	UC-DcnGKK1hSZK_tC8wkZApA	ym 2010s late mb albums p2
who's gettin rich?	Lil Ugly Mane	Third Side of Tape	INDIFFERENT	j61vgXQBx4U	MPREb_dv5xjcMETNj	UC-DcnGKK1hSZK_tC8wkZApA	ym 2010s late mb albums p2
wellma	Lil Ugly Mane	Third Side of Tape	INDIFFERENT	tibIFVCu8cU	MPREb_dv5xjcMETNj	UC-DcnGKK1hSZK_tC8wkZApA	ym 2010s late mb albums p2
use	Lil Ugly Mane	Third Side of Tape	INDIFFERENT	1MWkr4whPDA	MPREb_dv5xjcMETNj	UC-DcnGKK1hSZK_tC8wkZApA	ym 2010s late mb albums p2
un in	Lil Ugly Mane	Third Side of Tape	INDIFFERENT	EVDmUJNwHKU	MPREb_dv5xjcMETNj	UC-DcnGKK1hSZK_tC8wkZApA	ym 2010s late mb albums p2
twin tip	Lil Ugly Mane	Third Side of Tape	INDIFFERENT	PbSDtfuzD2g	MPREb_dv5xjcMETNj	UC-DcnGKK1hSZK_tC8wkZApA	ym 2010s late mb albums p2
transport helicopter	Lil Ugly Mane	Third Side of Tape	INDIFFERENT	T7ze9X4DpmE	MPREb_dv5xjcMETNj	UC-DcnGKK1hSZK_tC8wkZApA	ym 2010s late mb albums p2
toid	Lil Ugly Mane	Third Side of Tape	INDIFFERENT	1fRwOJW8tkI	MPREb_dv5xjcMETNj	UC-DcnGKK1hSZK_tC8wkZApA	ym 2010s late mb albums p2
the serving	Lil Ugly Mane	Third Side of Tape	INDIFFERENT	M_1ckwLwxik	MPREb_dv5xjcMETNj	UC-DcnGKK1hSZK_tC8wkZApA	ym 2010s late mb albums p2
sog	Lil Ugly Mane	Third Side of Tape	INDIFFERENT	mx7jTZTUKjU	MPREb_dv5xjcMETNj	UC-DcnGKK1hSZK_tC8wkZApA	ym 2010s late mb albums p2
so much	Lil Ugly Mane	Third Side of Tape	INDIFFERENT	8sE4P4xHg4M	MPREb_dv5xjcMETNj	UC-DcnGKK1hSZK_tC8wkZApA	ym 2010s late mb albums p2
shakey little legs	Lil Ugly Mane	Third Side of Tape	INDIFFERENT	Z8DBKh8CQdw	MPREb_dv5xjcMETNj	UC-DcnGKK1hSZK_tC8wkZApA	ym 2010s late mb albums p2
separate and stay	Lil Ugly Mane	Third Side of Tape	INDIFFERENT	TMAqqP8YcU0	MPREb_dv5xjcMETNj	UC-DcnGKK1hSZK_tC8wkZApA	ym 2010s late mb albums p2
runner	Lil Ugly Mane	Third Side of Tape	INDIFFERENT	EUBDzvoNFW0	MPREb_dv5xjcMETNj	UC-DcnGKK1hSZK_tC8wkZApA	ym 2010s late mb albums p2
rennur	Lil Ugly Mane	Third Side of Tape	INDIFFERENT	sdMCW8f37kI	MPREb_dv5xjcMETNj	UC-DcnGKK1hSZK_tC8wkZApA	ym 2010s late mb albums p2
rather be broke	Lil Ugly Mane	Third Side of Tape	INDIFFERENT	03gxLZAW-08	MPREb_dv5xjcMETNj	UC-DcnGKK1hSZK_tC8wkZApA	ym 2010s late mb albums p2
punish explode	Lil Ugly Mane	Third Side of Tape	INDIFFERENT	BF_RSEiyFZg	MPREb_dv5xjcMETNj	UC-DcnGKK1hSZK_tC8wkZApA	ym 2010s late mb albums p2
predominance	Lil Ugly Mane	Third Side of Tape	INDIFFERENT	Snz4YwfI7es	MPREb_dv5xjcMETNj	UC-DcnGKK1hSZK_tC8wkZApA	ym 2010s late mb albums p2
plauz	Lil Ugly Mane	Third Side of Tape	INDIFFERENT	zpw5_iSRQZY	MPREb_dv5xjcMETNj	UC-DcnGKK1hSZK_tC8wkZApA	ym 2010s late mb albums p2
needledrinker	Lil Ugly Mane	Third Side of Tape	INDIFFERENT	-0TKhmG3R4c	MPREb_dv5xjcMETNj	UC-DcnGKK1hSZK_tC8wkZApA	ym 2010s late mb albums p2
murt	Lil Ugly Mane	Third Side of Tape	INDIFFERENT	E-X-njqX0wI	MPREb_dv5xjcMETNj	UC-DcnGKK1hSZK_tC8wkZApA	ym 2010s late mb albums p2
luxurious conduct	Lil Ugly Mane	Third Side of Tape	INDIFFERENT	MyKj_WmYnwM	MPREb_dv5xjcMETNj	UC-DcnGKK1hSZK_tC8wkZApA	ym 2010s late mb albums p2
luck and fate	Lil Ugly Mane	Third Side of Tape	INDIFFERENT	qFcXy2DW78U	MPREb_dv5xjcMETNj	UC-DcnGKK1hSZK_tC8wkZApA	ym 2010s late mb albums p2
leave	Lil Ugly Mane	Third Side of Tape	INDIFFERENT	qdhiHYfFqtQ	MPREb_dv5xjcMETNj	UC-DcnGKK1hSZK_tC8wkZApA	ym 2010s late mb albums p2
lamb	Lil Ugly Mane	Third Side of Tape	INDIFFERENT	lR5yWQhmvRY	MPREb_dv5xjcMETNj	UC-DcnGKK1hSZK_tC8wkZApA	ym 2010s late mb albums p2
keep me going	Lil Ugly Mane	Third Side of Tape	INDIFFERENT	AmdMU4Bw_QA	MPREb_dv5xjcMETNj	UC-DcnGKK1hSZK_tC8wkZApA	ym 2010s late mb albums p2
jack scruby	Lil Ugly Mane	Third Side of Tape	INDIFFERENT	YCqy5mnk3TU	MPREb_dv5xjcMETNj	UC-DcnGKK1hSZK_tC8wkZApA	ym 2010s late mb albums p2
infinite rave	Lil Ugly Mane	Third Side of Tape	INDIFFERENT	HdH2HXLUJao	MPREb_dv5xjcMETNj	UC-DcnGKK1hSZK_tC8wkZApA	ym 2010s late mb albums p2
grott	Lil Ugly Mane	Third Side of Tape	INDIFFERENT	IBuSdzs1ZkE	MPREb_dv5xjcMETNj	UC-DcnGKK1hSZK_tC8wkZApA	ym 2010s late mb albums p2
fluid	Lil Ugly Mane	Third Side of Tape	INDIFFERENT	TuNaYraSzME	MPREb_dv5xjcMETNj	UC-DcnGKK1hSZK_tC8wkZApA	ym 2010s late mb albums p2
filth and satan	Lil Ugly Mane	Third Side of Tape	INDIFFERENT	n3ycYoenixc	MPREb_dv5xjcMETNj	UC-DcnGKK1hSZK_tC8wkZApA	ym 2010s late mb albums p2
exit dust	Lil Ugly Mane	Third Side of Tape	INDIFFERENT	c05056g7fyU	MPREb_dv5xjcMETNj	UC-DcnGKK1hSZK_tC8wkZApA	ym 2010s late mb albums p2
evil world	Lil Ugly Mane	Third Side of Tape	INDIFFERENT	gWPrpRd-6YI	MPREb_dv5xjcMETNj	UC-DcnGKK1hSZK_tC8wkZApA	ym 2010s late mb albums p2
equipped for the job	Lil Ugly Mane	Third Side of Tape	INDIFFERENT	bTs7EnIR3kg	MPREb_dv5xjcMETNj	UC-DcnGKK1hSZK_tC8wkZApA	ym 2010s late mb albums p2
dredd	Lil Ugly Mane	Third Side of Tape	INDIFFERENT	Yfs3omz1Ns4	MPREb_dv5xjcMETNj	UC-DcnGKK1hSZK_tC8wkZApA	ym 2010s late mb albums p2
dist	Lil Ugly Mane	Third Side of Tape	INDIFFERENT	iBQe1jH6nNQ	MPREb_dv5xjcMETNj	UC-DcnGKK1hSZK_tC8wkZApA	ym 2010s late mb albums p2
dert sceptre	Lil Ugly Mane	Third Side of Tape	INDIFFERENT	7cmu8DeWT1w	MPREb_dv5xjcMETNj	UC-DcnGKK1hSZK_tC8wkZApA	ym 2010s late mb albums p2
crows	Lil Ugly Mane	Third Side of Tape	INDIFFERENT	FwuGSGDVqQs	MPREb_dv5xjcMETNj	UC-DcnGKK1hSZK_tC8wkZApA	ym 2010s late mb albums p2
crawl	Lil Ugly Mane	Third Side of Tape	INDIFFERENT	SATTbRlWxRk	MPREb_dv5xjcMETNj	UC-DcnGKK1hSZK_tC8wkZApA	ym 2010s late mb albums p2
country crott commercial	Lil Ugly Mane	Third Side of Tape	INDIFFERENT	_mF2pSrIzjA	MPREb_dv5xjcMETNj	UC-DcnGKK1hSZK_tC8wkZApA	ym 2010s late mb albums p2
colm	Lil Ugly Mane	Third Side of Tape	INDIFFERENT	de7mzsIOzA4	MPREb_dv5xjcMETNj	UC-DcnGKK1hSZK_tC8wkZApA	ym 2010s late mb albums p2
clune	Lil Ugly Mane	Third Side of Tape	INDIFFERENT	84IBV0uzNOY	MPREb_dv5xjcMETNj	UC-DcnGKK1hSZK_tC8wkZApA	ym 2010s late mb albums p2
cellar	Lil Ugly Mane	Third Side of Tape	INDIFFERENT	MmIW6O5k2Bc	MPREb_dv5xjcMETNj	UC-DcnGKK1hSZK_tC8wkZApA	ym 2010s late mb albums p2
caught up in the web	Lil Ugly Mane	Third Side of Tape	INDIFFERENT	f4gXLlOm7jY	MPREb_dv5xjcMETNj	UC-DcnGKK1hSZK_tC8wkZApA	ym 2010s late mb albums p2
casting out a spell	Lil Ugly Mane	Third Side of Tape	INDIFFERENT	L1k6_2WJcLM	MPREb_dv5xjcMETNj	UC-DcnGKK1hSZK_tC8wkZApA	ym 2010s late mb albums p2
cardinal	Lil Ugly Mane	Third Side of Tape	INDIFFERENT	03pKUvgzIJQ	MPREb_dv5xjcMETNj	UC-DcnGKK1hSZK_tC8wkZApA	ym 2010s late mb albums p2
can i?	Lil Ugly Mane	Third Side of Tape	INDIFFERENT	7oT5RGyvoxA	MPREb_dv5xjcMETNj	UC-DcnGKK1hSZK_tC8wkZApA	ym 2010s late mb albums p2
bush gardens	Lil Ugly Mane	Third Side of Tape	INDIFFERENT	73uI_mRJos0	MPREb_dv5xjcMETNj	UC-DcnGKK1hSZK_tC8wkZApA	ym 2010s late mb albums p2
bitrate	Lil Ugly Mane	Third Side of Tape	INDIFFERENT	-597CKhmgFA	MPREb_dv5xjcMETNj	UC-DcnGKK1hSZK_tC8wkZApA	ym 2010s late mb albums p2
Superspeed	Lido	Superspeed	INDIFFERENT	RZYiXdLE8Yk	MPREb_rp7TkoTgwJV	UCUYZUYtviLInI9CPLCsNUyg	ym 2010s late mb albums p2
Alarm Clock	Lido	Superspeed	INDIFFERENT	Z-hS2fyxCjM	MPREb_rp7TkoTgwJV	UCUYZUYtviLInI9CPLCsNUyg	ym 2010s late mb albums p2
06:59 AM	Lido	Superspeed	INDIFFERENT	tnyQQZZvxHI	MPREb_rp7TkoTgwJV	UCUYZUYtviLInI9CPLCsNUyg	ym 2010s late mb albums p2
Firebird Lane	Levitation Room	Minds of Our Own	INDIFFERENT	qtqy1Mar5Z4	MPREb_ob64za1YfFQ	UCcGjNUpddmEbAYRLH7xX3ZQ	ym 2010s late mb albums p2
Lazy Lawrence	Levitation Room	Ethos	INDIFFERENT	YQxSDrwJIa4	MPREb_C46NTGXhaHM	UCcGjNUpddmEbAYRLH7xX3ZQ	ym 2010s late mb albums p2
Crystal Ball	Levitation Room	Ethos	INDIFFERENT	m481l3gr3E4	MPREb_C46NTGXhaHM	UCcGjNUpddmEbAYRLH7xX3ZQ	ym 2010s late mb albums p2
The Cat's Pyjamas	Let's Eat Grandma	I'm All Ears	INDIFFERENT	kGtVHOU7cN4	MPREb_YE4kH1pEhhm	UCcw4xPsLozrSF7QlozZCD5Q	ym 2010s late mb albums p2
Snakes & Ladders	Let's Eat Grandma	I'm All Ears	INDIFFERENT	a6D-R_tKYAU	MPREb_YE4kH1pEhhm	UCcw4xPsLozrSF7QlozZCD5Q	ym 2010s late mb albums p2
Missed Call (1)	Let's Eat Grandma	I'm All Ears	INDIFFERENT	J5rmJz2PlcI	MPREb_YE4kH1pEhhm	UCcw4xPsLozrSF7QlozZCD5Q	ym 2010s late mb albums p2
It's Not Just Me	Let's Eat Grandma	I'm All Ears	INDIFFERENT	cUSAdIFQeGQ	MPREb_YE4kH1pEhhm	UCcw4xPsLozrSF7QlozZCD5Q	ym 2010s late mb albums p2
I Will Be Waiting	Let's Eat Grandma	I'm All Ears	INDIFFERENT	Tulj0UKXJ-g	MPREb_YE4kH1pEhhm	UCcw4xPsLozrSF7QlozZCD5Q	ym 2010s late mb albums p2
Hot Pink	Let's Eat Grandma	I'm All Ears	INDIFFERENT	VvUUSmolZtM	MPREb_YE4kH1pEhhm	UCcw4xPsLozrSF7QlozZCD5Q	ym 2010s late mb albums p2
Donnie Darko	Let's Eat Grandma	I'm All Ears	INDIFFERENT	VBOPCOFA5P4	MPREb_YE4kH1pEhhm	UCcw4xPsLozrSF7QlozZCD5Q	ym 2010s late mb albums p2
Cool & Collected	Let's Eat Grandma	I'm All Ears	INDIFFERENT	jTxWvzVUm14	MPREb_YE4kH1pEhhm	UCcw4xPsLozrSF7QlozZCD5Q	ym 2010s late mb albums p2
Ava	Let's Eat Grandma	I'm All Ears	INDIFFERENT	NOEP8cPnW9s	MPREb_YE4kH1pEhhm	UCcw4xPsLozrSF7QlozZCD5Q	ym 2010s late mb albums p2
The Weight of Disaster	Leprous	Malina	INDIFFERENT	u7ZUVSweipI	MPREb_WEqaNTMKEYM	UCSOXJyeHfDTe5P6XAHpCktw	ym 2010s late mb albums p2
The Last Milestone	Leprous	Malina	INDIFFERENT	LKr1b1KmgYw	MPREb_WEqaNTMKEYM	UCSOXJyeHfDTe5P6XAHpCktw	ym 2010s late mb albums p2
Stuck	Leprous	Malina	INDIFFERENT	-YwbSjlwWVo	MPREb_WEqaNTMKEYM	UCSOXJyeHfDTe5P6XAHpCktw	ym 2010s late mb albums p2
Mirage	Leprous	Malina	INDIFFERENT	KTcUwfzZIb0	MPREb_WEqaNTMKEYM	UCSOXJyeHfDTe5P6XAHpCktw	ym 2010s late mb albums p2
Malina	Leprous	Malina	INDIFFERENT	ZVnESkrisu4	MPREb_WEqaNTMKEYM	UCSOXJyeHfDTe5P6XAHpCktw	ym 2010s late mb albums p2
Leashes	Leprous	Malina	INDIFFERENT	K6OI_E5twY0	MPREb_WEqaNTMKEYM	UCSOXJyeHfDTe5P6XAHpCktw	ym 2010s late mb albums p2
Illuminate	Leprous	Malina	INDIFFERENT	yFmnmL7VCJE	MPREb_WEqaNTMKEYM	UCSOXJyeHfDTe5P6XAHpCktw	ym 2010s late mb albums p2
From the Flame	Leprous	Malina	INDIFFERENT	ZXbMDenB8zw	MPREb_WEqaNTMKEYM	UCSOXJyeHfDTe5P6XAHpCktw	ym 2010s late mb albums p2
Coma	Leprous	Malina	INDIFFERENT	Jov-9_cEAgo	MPREb_WEqaNTMKEYM	UCSOXJyeHfDTe5P6XAHpCktw	ym 2010s late mb albums p2
Captive	Leprous	Malina	INDIFFERENT	7QmWYw6c6GU	MPREb_WEqaNTMKEYM	UCSOXJyeHfDTe5P6XAHpCktw	ym 2010s late mb albums p2
Bonneville	Leprous	Malina	INDIFFERENT	xnaEFtFWn7s	MPREb_WEqaNTMKEYM	UCSOXJyeHfDTe5P6XAHpCktw	ym 2010s late mb albums p2
Treaty	Leonard Cohen	You Want It Darker	INDIFFERENT	yvRZslZ75b4	MPREb_s5fLiy7aEox	UCWVX22z2KlJCQ0XqtfHIH7w	ym 2010s late mb albums p2
String Reprise / Treaty	Leonard Cohen	You Want It Darker	INDIFFERENT	aFHC2Yqzfy8	MPREb_s5fLiy7aEox	UCWVX22z2KlJCQ0XqtfHIH7w	ym 2010s late mb albums p2
Steer Your Way	Leonard Cohen	You Want It Darker	INDIFFERENT	5w4o1XD0ukQ	MPREb_s5fLiy7aEox	UCWVX22z2KlJCQ0XqtfHIH7w	ym 2010s late mb albums p2
On the Level	Leonard Cohen	You Want It Darker	INDIFFERENT	zCHyw5rFxq0	MPREb_s5fLiy7aEox	UCWVX22z2KlJCQ0XqtfHIH7w	ym 2010s late mb albums p2
Leaving the Table	Leonard Cohen	You Want It Darker	INDIFFERENT	zwjAr7XQ0nQ	MPREb_s5fLiy7aEox	UCWVX22z2KlJCQ0XqtfHIH7w	ym 2010s late mb albums p2
It Seemed the Better Way	Leonard Cohen	You Want It Darker	INDIFFERENT	bzPFo6JZ00A	MPREb_s5fLiy7aEox	UCWVX22z2KlJCQ0XqtfHIH7w	ym 2010s late mb albums p2
If I Didn't Have Your Love	Leonard Cohen	You Want It Darker	INDIFFERENT	eNY8KfY8Vyc	MPREb_s5fLiy7aEox	UCWVX22z2KlJCQ0XqtfHIH7w	ym 2010s late mb albums p2
Wahness	Leon Vynehall	Rojus (Designed to Dance)	INDIFFERENT	Aw6nAc8MPPQ	MPREb_3OAstHbG1P1	UCfG9U3KHCTwq8ED0SpQrJ4g	ym 2010s late mb albums p2
Paradisea	Leon Vynehall	Rojus (Designed to Dance)	INDIFFERENT	KKmkMynIZ08	MPREb_3OAstHbG1P1	UCfG9U3KHCTwq8ED0SpQrJ4g	ym 2010s late mb albums p2
Blush	Leon Vynehall	Rojus (Designed to Dance)	INDIFFERENT	BdqK-K2J9l4	MPREb_3OAstHbG1P1	UCfG9U3KHCTwq8ED0SpQrJ4g	ym 2010s late mb albums p2
Beyond This...	Leon Vynehall	Rojus (Designed to Dance)	INDIFFERENT	PdXlEq6H0rc	MPREb_3OAstHbG1P1	UCfG9U3KHCTwq8ED0SpQrJ4g	ym 2010s late mb albums p2
Beau Sovereign	Leon Vynehall	Rojus (Designed to Dance)	INDIFFERENT	QZpW5mDuw9s	MPREb_3OAstHbG1P1	UCfG9U3KHCTwq8ED0SpQrJ4g	ym 2010s late mb albums p2
...There Is You	Leon Vynehall	Rojus (Designed to Dance)	INDIFFERENT	mZimdksnaOE	MPREb_3OAstHbG1P1	UCfG9U3KHCTwq8ED0SpQrJ4g	ym 2010s late mb albums p2
Julia (Footnote IV)	Leon Vynehall	Nothing Is Still	INDIFFERENT	s3airUyrltE	MPREb_vc0O0qDwSJN	UCfG9U3KHCTwq8ED0SpQrJ4g	ym 2010s late mb albums p2
Ice Cream (Chapter VIII)	Leon Vynehall	Nothing Is Still	INDIFFERENT	I-lNUdPI_k8	MPREb_vc0O0qDwSJN	UCfG9U3KHCTwq8ED0SpQrJ4g	ym 2010s late mb albums p2
Starjump	Lena Raine	Celeste (Original Soundtrack)	INDIFFERENT	mnU6U3f3MgU	MPREb_Ae7OvsApdcM	UCM_yfxZqDqjGKca9mkPy0rQ	ym 2010s late mb albums p2
Spirit of Hospitality	Lena Raine	Celeste (Original Soundtrack)	INDIFFERENT	4A0vDaKfwUw	MPREb_Ae7OvsApdcM	UCM_yfxZqDqjGKca9mkPy0rQ	ym 2010s late mb albums p2
Scattered and Lost	Lena Raine	Celeste (Original Soundtrack)	INDIFFERENT	bIwyJj402Kc	MPREb_Ae7OvsApdcM	UCM_yfxZqDqjGKca9mkPy0rQ	ym 2010s late mb albums p2
Resurrections	Lena Raine	Celeste (Original Soundtrack)	INDIFFERENT	-YjgOzSQNQ0	MPREb_Ae7OvsApdcM	UCM_yfxZqDqjGKca9mkPy0rQ	ym 2010s late mb albums p2
Reflection	Lena Raine	Celeste (Original Soundtrack)	INDIFFERENT	wdQNCUyG6DU	MPREb_Ae7OvsApdcM	UCM_yfxZqDqjGKca9mkPy0rQ	ym 2010s late mb albums p2
Reach for the Summit	Lena Raine	Celeste (Original Soundtrack)	INDIFFERENT	qx1PcEgmFHY	MPREb_Ae7OvsApdcM	UCM_yfxZqDqjGKca9mkPy0rQ	ym 2010s late mb albums p2
Quiet and Falling	Lena Raine	Celeste (Original Soundtrack)	INDIFFERENT	p0UTjSiXNp0	MPREb_Ae7OvsApdcM	UCM_yfxZqDqjGKca9mkPy0rQ	ym 2010s late mb albums p2
Prologue	Lena Raine	Celeste (Original Soundtrack)	INDIFFERENT	4aLMYuCytNI	MPREb_Ae7OvsApdcM	UCM_yfxZqDqjGKca9mkPy0rQ	ym 2010s late mb albums p2
Postcard from Celeste Mountain	Lena Raine	Celeste (Original Soundtrack)	INDIFFERENT	qnI1C6ZHoJA	MPREb_Ae7OvsApdcM	UCM_yfxZqDqjGKca9mkPy0rQ	ym 2010s late mb albums p2
My Dearest Friends	Lena Raine	Celeste (Original Soundtrack)	INDIFFERENT	1gEM_ZSW9Z4	MPREb_Ae7OvsApdcM	UCM_yfxZqDqjGKca9mkPy0rQ	ym 2010s late mb albums p2
Madeline and Theo	Lena Raine	Celeste (Original Soundtrack)	INDIFFERENT	I8By1PMcYY8	MPREb_Ae7OvsApdcM	UCM_yfxZqDqjGKca9mkPy0rQ	ym 2010s late mb albums p2
Little Goth	Lena Raine	Celeste (Original Soundtrack)	INDIFFERENT	PUdUJhSVEt4	MPREb_Ae7OvsApdcM	UCM_yfxZqDqjGKca9mkPy0rQ	ym 2010s late mb albums p2
In the Mirror	Lena Raine	Celeste (Original Soundtrack)	INDIFFERENT	4sZerHHcP4M	MPREb_Ae7OvsApdcM	UCM_yfxZqDqjGKca9mkPy0rQ	ym 2010s late mb albums p2
Heart of the Mountain	Lena Raine	Celeste (Original Soundtrack)	INDIFFERENT	ZRRg_UC_o3M	MPREb_Ae7OvsApdcM	UCM_yfxZqDqjGKca9mkPy0rQ	ym 2010s late mb albums p2
Golden	Lena Raine	Celeste (Original Soundtrack)	INDIFFERENT	_9lTYhemyLg	MPREb_Ae7OvsApdcM	UCM_yfxZqDqjGKca9mkPy0rQ	ym 2010s late mb albums p2
First Steps	Lena Raine	Celeste (Original Soundtrack)	INDIFFERENT	YehZRWg14HA	MPREb_Ae7OvsApdcM	UCM_yfxZqDqjGKca9mkPy0rQ	ym 2010s late mb albums p2
Exhale	Lena Raine	Celeste (Original Soundtrack)	INDIFFERENT	fuF_PYL4bG0	MPREb_Ae7OvsApdcM	UCM_yfxZqDqjGKca9mkPy0rQ	ym 2010s late mb albums p2
Confronting Myself	Lena Raine	Celeste (Original Soundtrack)	INDIFFERENT	J7qqT5Ot9R0	MPREb_Ae7OvsApdcM	UCM_yfxZqDqjGKca9mkPy0rQ	ym 2010s late mb albums p2
Checking In	Lena Raine	Celeste (Original Soundtrack)	INDIFFERENT	yolSt0tnAKQ	MPREb_Ae7OvsApdcM	UCM_yfxZqDqjGKca9mkPy0rQ	ym 2010s late mb albums p2
Awake	Lena Raine	Celeste (Original Soundtrack)	INDIFFERENT	wgnimYR2GU0	MPREb_Ae7OvsApdcM	UCM_yfxZqDqjGKca9mkPy0rQ	ym 2010s late mb albums p2
Anxiety	Lena Raine	Celeste (Original Soundtrack)	INDIFFERENT	jcMB5mUHQDc	MPREb_Ae7OvsApdcM	UCM_yfxZqDqjGKca9mkPy0rQ	ym 2010s late mb albums p2
Agua Y Puerta (Mixed)	Lechuga Zafiro	Fabriclive 100: Kode9 & Burial (DJ Mix)	INDIFFERENT	4uGdus6WRs8	MPREb_oTznNtUT8Si	UCOgbH463C9jkCqEfIbusngg	ym 2010s late mb albums p2
Wichita Falls	Laurence Guy	Saw You for the First Time	INDIFFERENT	hCMvMmayW_k	MPREb_rsvvvSRA5z3	UCHFCBxMRv-68aB3J86EqYzQ	ym 2010s late mb albums p2
Stray	Laurence Guy	Saw You for the First Time	INDIFFERENT	yUg5XioPunM	MPREb_rsvvvSRA5z3	UCHFCBxMRv-68aB3J86EqYzQ	ym 2010s late mb albums p2
Orchard Road	Laurence Guy	Saw You for the First Time	INDIFFERENT	q-RpGj0obaE	MPREb_rsvvvSRA5z3	UCHFCBxMRv-68aB3J86EqYzQ	ym 2010s late mb albums p2
Claudi	Laurence Guy	Saw You for the First Time	INDIFFERENT	FQCBwgwy4dA	MPREb_rsvvvSRA5z3	UCHFCBxMRv-68aB3J86EqYzQ	ym 2010s late mb albums p2
Ah! Why, Because the Dazzling Sun	Lauren Laverne	Late Night Tales: Floating Points	INDIFFERENT	12vrpFmj1-E	MPREb_5HOpfBzfY02	UCKM9zQWXd-xhNMtdJwVgMeQ	ym 2010s late mb albums p2
The Sick Mind	Laurel Halo	Raw Silk Uncut Wood	INDIFFERENT	cXQSGuvSIYg	MPREb_rmtkBLBqKnW	UC53jraE1Ry5bTTZmV5gMB1Q	ym 2010s late mb albums p2
Supine	Laurel Halo	Raw Silk Uncut Wood	INDIFFERENT	9X9btgCwIgw	MPREb_rmtkBLBqKnW	UC53jraE1Ry5bTTZmV5gMB1Q	ym 2010s late mb albums p2
Quietude	Laurel Halo	Raw Silk Uncut Wood	INDIFFERENT	GO_ofajf5fE	MPREb_rmtkBLBqKnW	UC53jraE1Ry5bTTZmV5gMB1Q	ym 2010s late mb albums p2
Nahbarkeit	Laurel Halo	Raw Silk Uncut Wood	INDIFFERENT	pArhl79SzhQ	MPREb_rmtkBLBqKnW	UC53jraE1Ry5bTTZmV5gMB1Q	ym 2010s late mb albums p2
Who Won?	Laurel Halo	Dust	INDIFFERENT	DZ1raASVjIc	MPREb_ib5iL2A5PiU	UC53jraE1Ry5bTTZmV5gMB1Q	ym 2010s late mb albums p2
Syzygy	Laurel Halo	Dust	INDIFFERENT	l4gIOPJn8yA	MPREb_ib5iL2A5PiU	UC53jraE1Ry5bTTZmV5gMB1Q	ym 2010s late mb albums p2
Nicht Ohne Risiko	Laurel Halo	Dust	INDIFFERENT	VftXg_WUW68	MPREb_ib5iL2A5PiU	UC53jraE1Ry5bTTZmV5gMB1Q	ym 2010s late mb albums p2
Moontalk	Laurel Halo	Dust	INDIFFERENT	Fcn224v6jRQ	MPREb_ib5iL2A5PiU	UC53jraE1Ry5bTTZmV5gMB1Q	ym 2010s late mb albums p2
Like an L	Laurel Halo	Dust	INDIFFERENT	VYLDo1atbB0	MPREb_ib5iL2A5PiU	UC53jraE1Ry5bTTZmV5gMB1Q	ym 2010s late mb albums p2
Koinos	Laurel Halo	Dust	INDIFFERENT	amHDx8M0RSw	MPREb_ib5iL2A5PiU	UC53jraE1Ry5bTTZmV5gMB1Q	ym 2010s late mb albums p2
Jelly (feat. Klein)	Laurel Halo	Dust	INDIFFERENT	LWG8U60YP9g	MPREb_ib5iL2A5PiU	UC53jraE1Ry5bTTZmV5gMB1Q	ym 2010s late mb albums p2
Do U Ever Happen	Laurel Halo	Dust	INDIFFERENT	mWNhyNnqewk	MPREb_ib5iL2A5PiU	UC53jraE1Ry5bTTZmV5gMB1Q	ym 2010s late mb albums p2
Buh-bye	Laurel Halo	Dust	INDIFFERENT	lAqSee6DpOA	MPREb_ib5iL2A5PiU	UC53jraE1Ry5bTTZmV5gMB1Q	ym 2010s late mb albums p2
Arschkriecher	Laurel Halo	Dust	INDIFFERENT	_dC4Rnjo-R4	MPREb_ib5iL2A5PiU	UC53jraE1Ry5bTTZmV5gMB1Q	ym 2010s late mb albums p2
Throw (Mixed)	Laurel Halo	DJ-Kicks (Mixed Tracks)	INDIFFERENT	qXG0el0eJV4	MPREb_Wo1iKDWlDEt	UC53jraE1Ry5bTTZmV5gMB1Q	ym 2010s late mb albums p2
La Fruta Que Derrite	Las Luces Primeras	Forestal Tape	INDIFFERENT	4RL_LS6o2bE	MPREb_ViaqsUKWGCO	UCouJ57cTwONTU4JL6D5c4UQ	ym 2010s late mb albums p2
Dragón de la Montaña	Las Luces Primeras	Forestal Tape	INDIFFERENT	n0sMKm440YU	MPREb_ViaqsUKWGCO	UCouJ57cTwONTU4JL6D5c4UQ	ym 2010s late mb albums p2
Agua de las Avispas	Las Luces Primeras	Forestal Tape	INDIFFERENT	Ei-oWSPWHD4	MPREb_ViaqsUKWGCO	UCouJ57cTwONTU4JL6D5c4UQ	ym 2010s late mb albums p2
Actriz	Las Luces Primeras	Forestal Tape	INDIFFERENT	7lQEXJFyP0k	MPREb_ViaqsUKWGCO	UCouJ57cTwONTU4JL6D5c4UQ	ym 2010s late mb albums p2
U Never Know (feat. Andreya Triana)	Lapalux	Lustmore	INDIFFERENT	BCDotz4oVfw	MPREb_E8mCJQmwhHD	UC7_25O0eU-qJQc97_BmaCkg	ym 2010s late mb albums p2
Push N' Spun	Lapalux	Lustmore	INDIFFERENT	VFPC-1KGg3s	MPREb_E8mCJQmwhHD	UC7_25O0eU-qJQc97_BmaCkg	ym 2010s late mb albums p2
Funny Games	Lapalux	Lustmore	INDIFFERENT	WZ21vIx5uSY	MPREb_E8mCJQmwhHD	UC7_25O0eU-qJQc97_BmaCkg	ym 2010s late mb albums p2
Bud	Lapalux	Lustmore	INDIFFERENT	0mdqpS3Bbz0	MPREb_E8mCJQmwhHD	UC7_25O0eU-qJQc97_BmaCkg	ym 2010s late mb albums p2
Richter: The Departure	Lang Lang	Voyager - Essential Max Richter	INDIFFERENT	QqarHeU59_c	MPREb_6vFFmb664HP	UCsFQJXL5lSFURgj2ux0wwWQ	ym 2010s late mb albums p2
hope is a dangerous thing for a woman like me to have - but I have it	Lana Del Rey	Norman Fucking Rockwell!	INDIFFERENT	q1gZZdwtWJ0	MPREb_r3A1vEAHO6X	UCyqq-aiu3vEHuf5NhwmOJcw	ym 2010s late mb albums p2
Venice Bitch	Lana Del Rey	Norman Fucking Rockwell!	INDIFFERENT	Izc3W3yOW0M	MPREb_r3A1vEAHO6X	UCyqq-aiu3vEHuf5NhwmOJcw	ym 2010s late mb albums p2
The Next Best American Record	Lana Del Rey	Norman Fucking Rockwell!	INDIFFERENT	zKYYVrrs2oY	MPREb_r3A1vEAHO6X	UCyqq-aiu3vEHuf5NhwmOJcw	ym 2010s late mb albums p2
Norman fucking Rockwell	Lana Del Rey	Norman Fucking Rockwell!	INDIFFERENT	wPt0dGg4BKA	MPREb_r3A1vEAHO6X	UCyqq-aiu3vEHuf5NhwmOJcw	ym 2010s late mb albums p2
Mariners Apartment Complex	Lana Del Rey	Norman Fucking Rockwell!	INDIFFERENT	sgm3F5D1yz8	MPREb_r3A1vEAHO6X	UCyqq-aiu3vEHuf5NhwmOJcw	ym 2010s late mb albums p2
Love song	Lana Del Rey	Norman Fucking Rockwell!	INDIFFERENT	5xx9gTEQaiQ	MPREb_r3A1vEAHO6X	UCyqq-aiu3vEHuf5NhwmOJcw	ym 2010s late mb albums p2
How to disappear	Lana Del Rey	Norman Fucking Rockwell!	INDIFFERENT	WU_EGJOQ69o	MPREb_r3A1vEAHO6X	UCyqq-aiu3vEHuf5NhwmOJcw	ym 2010s late mb albums p2
Happiness is a butterfly	Lana Del Rey	Norman Fucking Rockwell!	INDIFFERENT	nbcXvlEa7Wk	MPREb_r3A1vEAHO6X	UCyqq-aiu3vEHuf5NhwmOJcw	ym 2010s late mb albums p2
Fuck it I love you	Lana Del Rey	Norman Fucking Rockwell!	INDIFFERENT	Qi8AGQKQ24U	MPREb_r3A1vEAHO6X	UCyqq-aiu3vEHuf5NhwmOJcw	ym 2010s late mb albums p2
Cinnamon Girl	Lana Del Rey	Norman Fucking Rockwell!	INDIFFERENT	DCYmJDO2_IE	MPREb_r3A1vEAHO6X	UCyqq-aiu3vEHuf5NhwmOJcw	ym 2010s late mb albums p2
California	Lana Del Rey	Norman Fucking Rockwell!	INDIFFERENT	vK1YiArMDfg	MPREb_r3A1vEAHO6X	UCyqq-aiu3vEHuf5NhwmOJcw	ym 2010s late mb albums p2
Bartender	Lana Del Rey	Norman Fucking Rockwell!	INDIFFERENT	ocKrWwWeHLQ	MPREb_r3A1vEAHO6X	UCyqq-aiu3vEHuf5NhwmOJcw	ym 2010s late mb albums p2
White Mustang	Lana Del Rey	Lust For Life	INDIFFERENT	78bkjR4RWhY	MPREb_MvKp5ic0oqt	UCyqq-aiu3vEHuf5NhwmOJcw	ym 2010s late mb albums p2
When The World Was At War We Kept Dancing	Lana Del Rey	Lust For Life	INDIFFERENT	tuaSfBDoiQk	MPREb_MvKp5ic0oqt	UCyqq-aiu3vEHuf5NhwmOJcw	ym 2010s late mb albums p2
Tomorrow Never Came (feat. Sean Ono Lennon)	Lana Del Rey	Lust For Life	INDIFFERENT	3fR2qL7wy68	MPREb_MvKp5ic0oqt	UCyqq-aiu3vEHuf5NhwmOJcw	ym 2010s late mb albums p2
Summer Bummer (feat. A$AP Rocky & Playboi Carti)	Lana Del Rey	Lust For Life	INDIFFERENT	ufujhThSpzI	MPREb_MvKp5ic0oqt	UCyqq-aiu3vEHuf5NhwmOJcw	ym 2010s late mb albums p2
Lust For Life (feat. The Weeknd)	Lana Del Rey	Lust For Life	INDIFFERENT	LCQ_1RyoD5Y	MPREb_MvKp5ic0oqt	UCyqq-aiu3vEHuf5NhwmOJcw	ym 2010s late mb albums p2
Love	Lana Del Rey	Lust For Life	INDIFFERENT	RB3Wjz_VzG4	MPREb_MvKp5ic0oqt	UCyqq-aiu3vEHuf5NhwmOJcw	ym 2010s late mb albums p2
In My Feelings	Lana Del Rey	Lust For Life	INDIFFERENT	jDj6orud0n8	MPREb_MvKp5ic0oqt	UCyqq-aiu3vEHuf5NhwmOJcw	ym 2010s late mb albums p2
Heroin	Lana Del Rey	Lust For Life	INDIFFERENT	3-nW3luYvzc	MPREb_MvKp5ic0oqt	UCyqq-aiu3vEHuf5NhwmOJcw	ym 2010s late mb albums p2
Groupie Love (feat. A$AP Rocky)	Lana Del Rey	Lust For Life	INDIFFERENT	wZMiOemYyOY	MPREb_MvKp5ic0oqt	UCyqq-aiu3vEHuf5NhwmOJcw	ym 2010s late mb albums p2
God Bless America - And All The Beautiful Women In It	Lana Del Rey	Lust For Life	INDIFFERENT	teSMNuuDnrs	MPREb_MvKp5ic0oqt	UCyqq-aiu3vEHuf5NhwmOJcw	ym 2010s late mb albums p2
Get Free	Lana Del Rey	Lust For Life	INDIFFERENT	axRMZqUNVEw	MPREb_MvKp5ic0oqt	UCyqq-aiu3vEHuf5NhwmOJcw	ym 2010s late mb albums p2
Coachella - Woodstock In My Mind	Lana Del Rey	Lust For Life	INDIFFERENT	k5m_5aLISyU	MPREb_MvKp5ic0oqt	UCyqq-aiu3vEHuf5NhwmOJcw	ym 2010s late mb albums p2
Cherry	Lana Del Rey	Lust For Life	INDIFFERENT	uNuMH2i6wdI	MPREb_MvKp5ic0oqt	UCyqq-aiu3vEHuf5NhwmOJcw	ym 2010s late mb albums p2
Change	Lana Del Rey	Lust For Life	INDIFFERENT	p0FdAM9knDo	MPREb_MvKp5ic0oqt	UCyqq-aiu3vEHuf5NhwmOJcw	ym 2010s late mb albums p2
Beautiful People Beautiful Problems (feat. Stevie Nicks)	Lana Del Rey	Lust For Life	INDIFFERENT	Vs_sURGuYys	MPREb_MvKp5ic0oqt	UCyqq-aiu3vEHuf5NhwmOJcw	ym 2010s late mb albums p2
13 Beaches	Lana Del Rey	Lust For Life	INDIFFERENT	Mcvz8DnuoGI	MPREb_MvKp5ic0oqt	UCyqq-aiu3vEHuf5NhwmOJcw	ym 2010s late mb albums p2
Underneath My Feet	Lady Wray	Queen Alone	INDIFFERENT	hFVrzid8K5I	MPREb_k4xKXWjaqM5	UCPRhTW0n1Ia3cZ93rbliGYw	ym 2010s late mb albums p2
They Won't Hang Around	Lady Wray	Queen Alone	INDIFFERENT	7h9-I89Wceo	MPREb_k4xKXWjaqM5	UCPRhTW0n1Ia3cZ93rbliGYw	ym 2010s late mb albums p2
Smiling	Lady Wray	Queen Alone	INDIFFERENT	aaFyfZiE-cI	MPREb_k4xKXWjaqM5	UCPRhTW0n1Ia3cZ93rbliGYw	ym 2010s late mb albums p2
Make Me Over	Lady Wray	Queen Alone	INDIFFERENT	4Bdms_PuLjM	MPREb_k4xKXWjaqM5	UCPRhTW0n1Ia3cZ93rbliGYw	ym 2010s late mb albums p2
Let It Go	Lady Wray	Queen Alone	INDIFFERENT	Ip08tLzo9jE	MPREb_k4xKXWjaqM5	UCPRhTW0n1Ia3cZ93rbliGYw	ym 2010s late mb albums p2
It's Been A Long Time	Lady Wray	Queen Alone	INDIFFERENT	6SXubCqoP20	MPREb_k4xKXWjaqM5	UCPRhTW0n1Ia3cZ93rbliGYw	ym 2010s late mb albums p2
In Love (Don't Mess Things Up)	Lady Wray	Queen Alone	INDIFFERENT	VQz7FSE3HGw	MPREb_k4xKXWjaqM5	UCPRhTW0n1Ia3cZ93rbliGYw	ym 2010s late mb albums p2
Do It Again	Lady Wray	Queen Alone	INDIFFERENT	sCSxoqrkISU	MPREb_k4xKXWjaqM5	UCPRhTW0n1Ia3cZ93rbliGYw	ym 2010s late mb albums p2
Cut Me Loose	Lady Wray	Queen Alone	INDIFFERENT	ipL1Dw3xKJw	MPREb_k4xKXWjaqM5	UCPRhTW0n1Ia3cZ93rbliGYw	ym 2010s late mb albums p2
Bad Girl	Lady Wray	Queen Alone	INDIFFERENT	C8OqjOqPyis	MPREb_k4xKXWjaqM5	UCPRhTW0n1Ia3cZ93rbliGYw	ym 2010s late mb albums p2
With Davey	La Luz	Weirdo Shrine	INDIFFERENT	pEKUHEfMfeU	MPREb_F6uvGUo5m6t	UCEYnbttMVGHNeBVtjpkTlAg	ym 2010s late mb albums p2
True Love Knows	La Luz	Weirdo Shrine	INDIFFERENT	c8ZcshWRe_w	MPREb_F6uvGUo5m6t	UCEYnbttMVGHNeBVtjpkTlAg	ym 2010s late mb albums p2
Sleep Till They Die	La Luz	Weirdo Shrine	INDIFFERENT	-bICioGUj00	MPREb_F6uvGUo5m6t	UCEYnbttMVGHNeBVtjpkTlAg	ym 2010s late mb albums p2
Oranges	La Luz	Weirdo Shrine	INDIFFERENT	_VCCQNCp87Q	MPREb_F6uvGUo5m6t	UCEYnbttMVGHNeBVtjpkTlAg	ym 2010s late mb albums p2
I'll Be True	La Luz	Weirdo Shrine	INDIFFERENT	STB1Ybk_Drw	MPREb_F6uvGUo5m6t	UCEYnbttMVGHNeBVtjpkTlAg	ym 2010s late mb albums p2
I Can't Speak	La Luz	Weirdo Shrine	INDIFFERENT	yG3Oc-3kYeg	MPREb_F6uvGUo5m6t	UCEYnbttMVGHNeBVtjpkTlAg	ym 2010s late mb albums p2
Don't Wanna Be Anywhere	La Luz	Weirdo Shrine	INDIFFERENT	vLxtDPovLQ8	MPREb_F6uvGUo5m6t	UCEYnbttMVGHNeBVtjpkTlAg	ym 2010s late mb albums p2
Black Hole, Weirdo Shrine	La Luz	Weirdo Shrine	INDIFFERENT	T_xKq6lctwQ	MPREb_F6uvGUo5m6t	UCEYnbttMVGHNeBVtjpkTlAg	ym 2010s late mb albums p2
My Golden One	La Luz	Floating Features	INDIFFERENT	F7nsFMTA2A0	MPREb_3lfhxnjHhBh	UCEYnbttMVGHNeBVtjpkTlAg	ym 2010s late mb albums p2
Mean Dream	La Luz	Floating Features	INDIFFERENT	MiNwyRuYdqw	MPREb_3lfhxnjHhBh	UCEYnbttMVGHNeBVtjpkTlAg	ym 2010s late mb albums p2
Lonely Dozer	La Luz	Floating Features	INDIFFERENT	ikdRBhGnNzA	MPREb_3lfhxnjHhBh	UCEYnbttMVGHNeBVtjpkTlAg	ym 2010s late mb albums p2
California Finally	La Luz	Floating Features	INDIFFERENT	gwYj5hhsZ9c	MPREb_3lfhxnjHhBh	UCEYnbttMVGHNeBVtjpkTlAg	ym 2010s late mb albums p2
Then Again, Maybe You Were Right	La Dispute	Somewhere at the Bottom of the River Between Vega and Altair (10th Anniversary)	INDIFFERENT	tbZYSnDazUg	MPREb_lVxdKr6jqFC	UC0wiweNrg2WISercjt2aDxw	ym 2010s late mb albums p2
The Last Lost Continent	La Dispute	Somewhere at the Bottom of the River Between Vega and Altair (10th Anniversary)	INDIFFERENT	zYFlVFqtrOE	MPREb_lVxdKr6jqFC	UC0wiweNrg2WISercjt2aDxw	ym 2010s late mb albums p2
The Castle Builders	La Dispute	Somewhere at the Bottom of the River Between Vega and Altair (10th Anniversary)	INDIFFERENT	I9kLBPz2dAQ	MPREb_lVxdKr6jqFC	UC0wiweNrg2WISercjt2aDxw	ym 2010s late mb albums p2
Such Small Hands	La Dispute	Somewhere at the Bottom of the River Between Vega and Altair (10th Anniversary)	INDIFFERENT	XlppZKMYNys	MPREb_lVxdKr6jqFC	UC0wiweNrg2WISercjt2aDxw	ym 2010s late mb albums p2
Said the King to the River	La Dispute	Somewhere at the Bottom of the River Between Vega and Altair (10th Anniversary)	INDIFFERENT	hW3u4noxYjk	MPREb_lVxdKr6jqFC	UC0wiweNrg2WISercjt2aDxw	ym 2010s late mb albums p2
Sad Prayers for Guilty Bodies	La Dispute	Somewhere at the Bottom of the River Between Vega and Altair (10th Anniversary)	INDIFFERENT	OThrWorXMLw	MPREb_lVxdKr6jqFC	UC0wiweNrg2WISercjt2aDxw	ym 2010s late mb albums p2
Nobody, Not Even the Rain	La Dispute	Somewhere at the Bottom of the River Between Vega and Altair (10th Anniversary)	INDIFFERENT	W27Ab2_vcV8	MPREb_lVxdKr6jqFC	UC0wiweNrg2WISercjt2aDxw	ym 2010s late mb albums p2
New Storms for Older Lovers	La Dispute	Somewhere at the Bottom of the River Between Vega and Altair (10th Anniversary)	INDIFFERENT	LXgVuScmdLw	MPREb_lVxdKr6jqFC	UC0wiweNrg2WISercjt2aDxw	ym 2010s late mb albums p2
Last Blues for Bloody Knuckles	La Dispute	Somewhere at the Bottom of the River Between Vega and Altair (10th Anniversary)	INDIFFERENT	pvYaT5O4uwI	MPREb_lVxdKr6jqFC	UC0wiweNrg2WISercjt2aDxw	ym 2010s late mb albums p2
Fall Down, Never Get Back Up Again	La Dispute	Somewhere at the Bottom of the River Between Vega and Altair (10th Anniversary)	INDIFFERENT	LcJhSd2lqzM	MPREb_lVxdKr6jqFC	UC0wiweNrg2WISercjt2aDxw	ym 2010s late mb albums p2
Damaged Goods	La Dispute	Somewhere at the Bottom of the River Between Vega and Altair (10th Anniversary)	INDIFFERENT	zb-BNEwzHO0	MPREb_lVxdKr6jqFC	UC0wiweNrg2WISercjt2aDxw	ym 2010s late mb albums p2
Bury Your Flame	La Dispute	Somewhere at the Bottom of the River Between Vega and Altair (10th Anniversary)	INDIFFERENT	7V-KSr60y7I	MPREb_lVxdKr6jqFC	UC0wiweNrg2WISercjt2aDxw	ym 2010s late mb albums p2
Andria	La Dispute	Somewhere at the Bottom of the River Between Vega and Altair (10th Anniversary)	INDIFFERENT	bEfxeAdCbPM	MPREb_lVxdKr6jqFC	UC0wiweNrg2WISercjt2aDxw	ym 2010s late mb albums p2
Vice	LIKE	Songs Made While High	INDIFFERENT	KFIEBEZ-KgA	MPREb_RsD6PW4pp2T	UCWsvsZsAKbYAMz-_9cl7tSw	ym 2010s late mb albums p2
Time Is Money	LIKE	Songs Made While High	INDIFFERENT	BE1npFhlzsU	MPREb_RsD6PW4pp2T	UCWsvsZsAKbYAMz-_9cl7tSw	ym 2010s late mb albums p2
Mushroom Clouds	LIKE	Songs Made While High	INDIFFERENT	vycSXiwpS9Q	MPREb_RsD6PW4pp2T	UCWsvsZsAKbYAMz-_9cl7tSw	ym 2010s late mb albums p2
Mission Road	LIKE	Songs Made While High	INDIFFERENT	IOosXhHHrkY	MPREb_RsD6PW4pp2T	UCWsvsZsAKbYAMz-_9cl7tSw	ym 2010s late mb albums p2
If You Only Knew	LIKE	Songs Made While High	INDIFFERENT	YZmb5Kpx-J4	MPREb_RsD6PW4pp2T	UCWsvsZsAKbYAMz-_9cl7tSw	ym 2010s late mb albums p2
Diamond	LIKE	Songs Made While High	INDIFFERENT	a62OMFHylqg	MPREb_RsD6PW4pp2T	UCWsvsZsAKbYAMz-_9cl7tSw	ym 2010s late mb albums p2
other voices	LCD Soundsystem	american dream	INDIFFERENT	ZRaVXBJDiu8	MPREb_Som0RNrZLxg	UCdsmJG8eFcr6Lxgau8E7afg	ym 2010s late mb albums p2
i used to	LCD Soundsystem	american dream	INDIFFERENT	P3tNaLXGPXc	MPREb_Som0RNrZLxg	UCdsmJG8eFcr6Lxgau8E7afg	ym 2010s late mb albums p2
change yr mind	LCD Soundsystem	american dream	INDIFFERENT	ocu-e4A-XBk	MPREb_Som0RNrZLxg	UCdsmJG8eFcr6Lxgau8E7afg	ym 2010s late mb albums p2
black screen	LCD Soundsystem	american dream	INDIFFERENT	hYmvBLNhif4	MPREb_Som0RNrZLxg	UCdsmJG8eFcr6Lxgau8E7afg	ym 2010s late mb albums p2
i used to (electric lady sessions)	LCD Soundsystem	Electric Lady Sessions	INDIFFERENT	XMo7gk2VxX4	MPREb_fhhYS8lPluD	UCdsmJG8eFcr6Lxgau8E7afg	ym 2010s late mb albums p2
get innocuous (electric lady sessions)	LCD Soundsystem	Electric Lady Sessions	INDIFFERENT	gpX2l_Hk2iQ	MPREb_fhhYS8lPluD	UCdsmJG8eFcr6Lxgau8E7afg	ym 2010s late mb albums p2
Seconds (electric lady sessions)	LCD Soundsystem	Electric Lady Sessions	INDIFFERENT	C2DIxd-koyw	MPREb_fhhYS8lPluD	UCdsmJG8eFcr6Lxgau8E7afg	ym 2010s late mb albums p2
I Want Your Love (electric lady sessions)	LCD Soundsystem	Electric Lady Sessions	INDIFFERENT	hgi3n_UFouU	MPREb_fhhYS8lPluD	UCdsmJG8eFcr6Lxgau8E7afg	ym 2010s late mb albums p2
(We Don't Need This) Fascist Groove Thang (electric lady sessions)	LCD Soundsystem	Electric Lady Sessions	INDIFFERENT	I7TnqyJsuZI	MPREb_fhhYS8lPluD	UCdsmJG8eFcr6Lxgau8E7afg	ym 2010s late mb albums p2
Sleep	L-VOKAL	Loving	INDIFFERENT	7yGx47iivjw	MPREb_PoHILXvBioI	UCsI0HR6SoH5Bi6dcIyfIJzg	ym 2010s late mb albums p2
PASTNOWFUTURE feat. 名取香り - Pastnowfuture Feat. Natori Kaori (feat. 名取香り)	L-VOKAL	Loving	INDIFFERENT	4o_LH2OGP_A	MPREb_PoHILXvBioI	UCsI0HR6SoH5Bi6dcIyfIJzg	ym 2010s late mb albums p2
Love 24	L-VOKAL	Loving	INDIFFERENT	4mAoasNQRkY	MPREb_PoHILXvBioI	UCsI0HR6SoH5Bi6dcIyfIJzg	ym 2010s late mb albums p2
Just Love It Feat. Verbal, Kreva (feat. VERBAL & KREVA)	L-VOKAL	Loving	INDIFFERENT	l-H9GjRaCbM	MPREb_PoHILXvBioI	UCsI0HR6SoH5Bi6dcIyfIJzg	ym 2010s late mb albums p2
Edutainment Feat. K Dub Shine (feat. K DUB SHINE)	L-VOKAL	Loving	INDIFFERENT	BI77SIPEvAU	MPREb_PoHILXvBioI	UCsI0HR6SoH5Bi6dcIyfIJzg	ym 2010s late mb albums p2
Best	L-VOKAL	Loving	INDIFFERENT	ZvGYTteQf58	MPREb_PoHILXvBioI	UCsI0HR6SoH5Bi6dcIyfIJzg	ym 2010s late mb albums p2
4:21	L-VOKAL	Loving	INDIFFERENT	zECAv1DMuB8	MPREb_PoHILXvBioI	UCsI0HR6SoH5Bi6dcIyfIJzg	ym 2010s late mb albums p2
That's Life, tho (almost hate to say)	Kurt Vile	b'lieve i'm goin down...	INDIFFERENT	oTzfawzIHAE	MPREb_it07qzv5603	UCq5OLsfFcOGOwC6i0LzdtNw	ym 2010s late mb albums p2
Stand Inside	Kurt Vile	b'lieve i'm goin down...	INDIFFERENT	mZsMVRn1faM	MPREb_it07qzv5603	UCq5OLsfFcOGOwC6i0LzdtNw	ym 2010s late mb albums p2
Life Like This	Kurt Vile	b'lieve i'm goin down...	INDIFFERENT	JiwYNDA50Nk	MPREb_it07qzv5603	UCq5OLsfFcOGOwC6i0LzdtNw	ym 2010s late mb albums p2
Kidding Around	Kurt Vile	b'lieve i'm goin down...	INDIFFERENT	iizeMwYGRpM	MPREb_it07qzv5603	UCq5OLsfFcOGOwC6i0LzdtNw	ym 2010s late mb albums p2
All in a Daze Work	Kurt Vile	b'lieve i'm goin down...	INDIFFERENT	BcuNKD4vS_k	MPREb_it07qzv5603	UCq5OLsfFcOGOwC6i0LzdtNw	ym 2010s late mb albums p2
Yeah Bones	Kurt Vile	Bottle It In	INDIFFERENT	dVwlHk5O4Tg	MPREb_GklWR9Q7fFs	UCq5OLsfFcOGOwC6i0LzdtNw	ym 2010s late mb albums p2
Skinny Mini	Kurt Vile	Bottle It In	INDIFFERENT	8ZhhyoXDu4Q	MPREb_GklWR9Q7fFs	UCq5OLsfFcOGOwC6i0LzdtNw	ym 2010s late mb albums p2
One Trick Ponies	Kurt Vile	Bottle It In	INDIFFERENT	Qo5xAyFwcQ0	MPREb_GklWR9Q7fFs	UCq5OLsfFcOGOwC6i0LzdtNw	ym 2010s late mb albums p2
Mutinies	Kurt Vile	Bottle It In	INDIFFERENT	vRLU14WTD1Y	MPREb_GklWR9Q7fFs	UCq5OLsfFcOGOwC6i0LzdtNw	ym 2010s late mb albums p2
Loading Zones	Kurt Vile	Bottle It In	INDIFFERENT	fJysx4fthjI	MPREb_GklWR9Q7fFs	UCq5OLsfFcOGOwC6i0LzdtNw	ym 2010s late mb albums p2
Hysteria	Kurt Vile	Bottle It In	INDIFFERENT	LiciqjeUYPI	MPREb_GklWR9Q7fFs	UCq5OLsfFcOGOwC6i0LzdtNw	ym 2010s late mb albums p2
Come Again	Kurt Vile	Bottle It In	INDIFFERENT	GFu_IOVMdLA	MPREb_GklWR9Q7fFs	UCq5OLsfFcOGOwC6i0LzdtNw	ym 2010s late mb albums p2
Check Baby	Kurt Vile	Bottle It In	INDIFFERENT	KEBUmVglNrs	MPREb_GklWR9Q7fFs	UCq5OLsfFcOGOwC6i0LzdtNw	ym 2010s late mb albums p2
Bottle It In	Kurt Vile	Bottle It In	INDIFFERENT	GMdUikEGTcA	MPREb_GklWR9Q7fFs	UCq5OLsfFcOGOwC6i0LzdtNw	ym 2010s late mb albums p2
(bottle back)	Kurt Vile	Bottle It In	INDIFFERENT	W9oVenHerA4	MPREb_GklWR9Q7fFs	UCq5OLsfFcOGOwC6i0LzdtNw	ym 2010s late mb albums p2
Urszusz	Kornél Kovács	The Bells	INDIFFERENT	jJlOFmO8Lww	MPREb_1fKzqIBehlA	UCvQyWfjUHOMvALPYi2c0XNw	ym 2010s late mb albums p2
The Bells	Kornél Kovács	The Bells	INDIFFERENT	fS-Vj9N27mc	MPREb_1fKzqIBehlA	UCvQyWfjUHOMvALPYi2c0XNw	ym 2010s late mb albums p2
Pop	Kornél Kovács	The Bells	INDIFFERENT	XVQfsM1vQqQ	MPREb_1fKzqIBehlA	UCvQyWfjUHOMvALPYi2c0XNw	ym 2010s late mb albums p2
Gex	Kornél Kovács	The Bells	INDIFFERENT	tXI8SaqxCyc	MPREb_1fKzqIBehlA	UCvQyWfjUHOMvALPYi2c0XNw	ym 2010s late mb albums p2
Dollar Club	Kornél Kovács	The Bells	INDIFFERENT	4fy8KZy_G3A	MPREb_1fKzqIBehlA	UCvQyWfjUHOMvALPYi2c0XNw	ym 2010s late mb albums p2
Dance... While The Record Spins	Kornél Kovács	The Bells	INDIFFERENT	Lv5d8YneU5E	MPREb_1fKzqIBehlA	UCvQyWfjUHOMvALPYi2c0XNw	ym 2010s late mb albums p2
Uman	Kokoroko	KOKOROKO	INDIFFERENT	9EY1BJtNF3Q	MPREb_stsv1Sowb6p	UCAOTJrZUiDloUAK9-Dt2W2A	ym 2010s late mb albums p2
Adwa	Kokoroko	KOKOROKO	INDIFFERENT	i4jsRiNqCW4	MPREb_stsv1Sowb6p	UCAOTJrZUiDloUAK9-Dt2W2A	ym 2010s late mb albums p2
Wumpa Fruit	Koi Child	Koi Child	INDIFFERENT	skcE-lwnk50	MPREb_ivJQiAWrUMo	UC3VSNLS73ZbKUAKaflQlfgQ	ym 2010s late mb albums p2
Touch 'Em	Koi Child	Koi Child	INDIFFERENT	jCVBKbH30ZM	MPREb_ivJQiAWrUMo	UC3VSNLS73ZbKUAKaflQlfgQ	ym 2010s late mb albums p2
To Mangebong	Koi Child	Koi Child	INDIFFERENT	Q4MtURYeFlY	MPREb_ivJQiAWrUMo	UC3VSNLS73ZbKUAKaflQlfgQ	ym 2010s late mb albums p2
Slow One	Koi Child	Koi Child	INDIFFERENT	bnpQ6nRXTe4	MPREb_ivJQiAWrUMo	UC3VSNLS73ZbKUAKaflQlfgQ	ym 2010s late mb albums p2
Rap Trash	Koi Child	Koi Child	INDIFFERENT	2-BuspzJx0M	MPREb_ivJQiAWrUMo	UC3VSNLS73ZbKUAKaflQlfgQ	ym 2010s late mb albums p2
Grease	Koi Child	Koi Child	INDIFFERENT	DrPOZjtWlBk	MPREb_ivJQiAWrUMo	UC3VSNLS73ZbKUAKaflQlfgQ	ym 2010s late mb albums p2
Funky Jazz Music	Koi Child	Koi Child	INDIFFERENT	9E2hRZtn-8o	MPREb_ivJQiAWrUMo	UC3VSNLS73ZbKUAKaflQlfgQ	ym 2010s late mb albums p2
Frangipani	Koi Child	Koi Child	INDIFFERENT	EQ1NWZ08CTA	MPREb_ivJQiAWrUMo	UC3VSNLS73ZbKUAKaflQlfgQ	ym 2010s late mb albums p2
Cruzy P	Koi Child	Koi Child	INDIFFERENT	S6wLEKvfzH8	MPREb_ivJQiAWrUMo	UC3VSNLS73ZbKUAKaflQlfgQ	ym 2010s late mb albums p2
Adventures for the Capsule	Koi Child	Koi Child	INDIFFERENT	-nvcyy_nlAo	MPREb_ivJQiAWrUMo	UC3VSNLS73ZbKUAKaflQlfgQ	ym 2010s late mb albums p2
Transgression	Kodak Black	Dying to Live	INDIFFERENT	RwQ6L6FcCn4	MPREb_0ITZZzuRm1X	UC8zFXOPlDTI5lhy3fAn6E5w	ym 2010s late mb albums p2
This Forever	Kodak Black	Dying to Live	INDIFFERENT	guFzZxbffew	MPREb_0ITZZzuRm1X	UC8zFXOPlDTI5lhy3fAn6E5w	ym 2010s late mb albums p2
Testimony	Kodak Black	Dying to Live	INDIFFERENT	eg0xwK3FO3w	MPREb_0ITZZzuRm1X	UC8zFXOPlDTI5lhy3fAn6E5w	ym 2010s late mb albums p2
Take One	Kodak Black	Dying to Live	INDIFFERENT	W7jR0mI_j-s	MPREb_0ITZZzuRm1X	UC8zFXOPlDTI5lhy3fAn6E5w	ym 2010s late mb albums p2
Needing Something	Kodak Black	Dying to Live	INDIFFERENT	4B1flCKt-VE	MPREb_0ITZZzuRm1X	UC8zFXOPlDTI5lhy3fAn6E5w	ym 2010s late mb albums p2
MoshPit (feat. Juice Wrld)	Kodak Black	Dying to Live	INDIFFERENT	bAg6h0Bdl7U	MPREb_0ITZZzuRm1X	UC8zFXOPlDTI5lhy3fAn6E5w	ym 2010s late mb albums p2
Malcolm X.X.X.	Kodak Black	Dying to Live	INDIFFERENT	o2A59-mIaC8	MPREb_0ITZZzuRm1X	UC8zFXOPlDTI5lhy3fAn6E5w	ym 2010s late mb albums p2
In the Flesh	Kodak Black	Dying to Live	INDIFFERENT	RLg4JPXiNqs	MPREb_0ITZZzuRm1X	UC8zFXOPlDTI5lhy3fAn6E5w	ym 2010s late mb albums p2
If I'm Lyin', I'm Flyin'	Kodak Black	Dying to Live	INDIFFERENT	hQ7WD_PzdQQ	MPREb_0ITZZzuRm1X	UC8zFXOPlDTI5lhy3fAn6E5w	ym 2010s late mb albums p2
Identity Theft	Kodak Black	Dying to Live	INDIFFERENT	ycvxOU4I7YE	MPREb_0ITZZzuRm1X	UC8zFXOPlDTI5lhy3fAn6E5w	ym 2010s late mb albums p2
Gnarly (feat. Lil Pump)	Kodak Black	Dying to Live	INDIFFERENT	dXv6Ch1_c4M	MPREb_0ITZZzuRm1X	UC8zFXOPlDTI5lhy3fAn6E5w	ym 2010s late mb albums p2
From the Cradle	Kodak Black	Dying to Live	INDIFFERENT	PIDgUQCCens	MPREb_0ITZZzuRm1X	UC8zFXOPlDTI5lhy3fAn6E5w	ym 2010s late mb albums p2
Could of Been Different	Kodak Black	Dying to Live	INDIFFERENT	ad30z1t_t30	MPREb_0ITZZzuRm1X	UC8zFXOPlDTI5lhy3fAn6E5w	ym 2010s late mb albums p2
Close to the Grave	Kodak Black	Dying to Live	INDIFFERENT	q6fBawHM1jw	MPREb_0ITZZzuRm1X	UC8zFXOPlDTI5lhy3fAn6E5w	ym 2010s late mb albums p2
Calling My Spirit	Kodak Black	Dying to Live	INDIFFERENT	VDICsyGGV6w	MPREb_0ITZZzuRm1X	UC8zFXOPlDTI5lhy3fAn6E5w	ym 2010s late mb albums p2
time&tide	Knxwledge	Hud Dreems	INDIFFERENT	6Es0qzv_G88	MPREb_ZlMxbzA2xQ1	UCzabATJlYqdlFue-_QptQVQ	ym 2010s late mb albums p2
thtroll	Knxwledge	Hud Dreems	INDIFFERENT	G2P3rqBJPso	MPREb_ZlMxbzA2xQ1	UCzabATJlYqdlFue-_QptQVQ	ym 2010s late mb albums p2
thtbodi	Knxwledge	Hud Dreems	INDIFFERENT	MXmUVaVvlfo	MPREb_ZlMxbzA2xQ1	UCzabATJlYqdlFue-_QptQVQ	ym 2010s late mb albums p2
stilluhme	Knxwledge	Hud Dreems	INDIFFERENT	7CruvkDgRFk	MPREb_ZlMxbzA2xQ1	UCzabATJlYqdlFue-_QptQVQ	ym 2010s late mb albums p2
shuremng	Knxwledge	Hud Dreems	INDIFFERENT	5-aOzzxsT_0	MPREb_ZlMxbzA2xQ1	UCzabATJlYqdlFue-_QptQVQ	ym 2010s late mb albums p2
rightaftr[THK]	Knxwledge	Hud Dreems	INDIFFERENT	wNmN1dX-yhs	MPREb_ZlMxbzA2xQ1	UCzabATJlYqdlFue-_QptQVQ	ym 2010s late mb albums p2
onlijournitro	Knxwledge	Hud Dreems	INDIFFERENT	kLSfh6wI5EM	MPREb_ZlMxbzA2xQ1	UCzabATJlYqdlFue-_QptQVQ	ym 2010s late mb albums p2
noflowrs[instrw]	Knxwledge	Hud Dreems	INDIFFERENT	gQ5s_ykDPSw	MPREb_ZlMxbzA2xQ1	UCzabATJlYqdlFue-_QptQVQ	ym 2010s late mb albums p2
mydesire[fortwin][vanuys]	Knxwledge	Hud Dreems	INDIFFERENT	fqnKDsZFdkc	MPREb_ZlMxbzA2xQ1	UCzabATJlYqdlFue-_QptQVQ	ym 2010s late mb albums p2
kometostai.aintreallynootherwaytoputitro	Knxwledge	Hud Dreems	INDIFFERENT	aVAhpzaXpyQ	MPREb_ZlMxbzA2xQ1	UCzabATJlYqdlFue-_QptQVQ	ym 2010s late mb albums p2
frmnowhere	Knxwledge	Hud Dreems	INDIFFERENT	Ham6V4foGxY	MPREb_ZlMxbzA2xQ1	UCzabATJlYqdlFue-_QptQVQ	ym 2010s late mb albums p2
faraway	Knxwledge	Hud Dreems	INDIFFERENT	U8EHiUwwtgA	MPREb_ZlMxbzA2xQ1	UCzabATJlYqdlFue-_QptQVQ	ym 2010s late mb albums p2
dntfall	Knxwledge	Hud Dreems	INDIFFERENT	ndbYMa9OnpM	MPREb_ZlMxbzA2xQ1	UCzabATJlYqdlFue-_QptQVQ	ym 2010s late mb albums p2
demskreets.fekts	Knxwledge	Hud Dreems	INDIFFERENT	NYQdjiYdqxc	MPREb_ZlMxbzA2xQ1	UCzabATJlYqdlFue-_QptQVQ	ym 2010s late mb albums p2
bodies[TOTW]	Knxwledge	Hud Dreems	INDIFFERENT	4nvj2GLBptw	MPREb_ZlMxbzA2xQ1	UCzabATJlYqdlFue-_QptQVQ	ym 2010s late mb albums p2
beleeveibne	Knxwledge	Hud Dreems	INDIFFERENT	1oQ_G3reoZE	MPREb_ZlMxbzA2xQ1	UCzabATJlYqdlFue-_QptQVQ	ym 2010s late mb albums p2
behindme	Knxwledge	Hud Dreems	INDIFFERENT	N5fVHVW0ojY	MPREb_ZlMxbzA2xQ1	UCzabATJlYqdlFue-_QptQVQ	ym 2010s late mb albums p2
Hurry (Mixed)	Klein	Fabriclive 100: Kode9 & Burial (DJ Mix)	INDIFFERENT	WwoZ-jZwuAU	MPREb_oTznNtUT8Si	UCcdpAuAiq6__2gv7lRkCw-w	ym 2010s late mb albums p2
Sugarwater	Kitty	Miami Garden Club (Deluxe Edition)	INDIFFERENT	g6g632MIkeU	MPREb_79hKN69Kp9g	UCoVJh4zeL2ZEAEKEv2_t1aw	ym 2010s late mb albums p2
Running Away	Kitty	Miami Garden Club (Deluxe Edition)	INDIFFERENT	gGdIlQR2Nhs	MPREb_79hKN69Kp9g	UCoVJh4zeL2ZEAEKEv2_t1aw	ym 2010s late mb albums p2
Overpass	Kitty	Miami Garden Club (Deluxe Edition)	INDIFFERENT	9Dd2Dh8kBj4	MPREb_79hKN69Kp9g	UCoVJh4zeL2ZEAEKEv2_t1aw	ym 2010s late mb albums p2
New Leaf (feat. Rytmeklubben & Lazerdisk)	Kitty	Miami Garden Club (Deluxe Edition)	INDIFFERENT	PNXYMq-Wdgo	MPREb_79hKN69Kp9g	UCoVJh4zeL2ZEAEKEv2_t1aw	ym 2010s late mb albums p2
Miami Garden Club	Kitty	Miami Garden Club (Deluxe Edition)	INDIFFERENT	yu5WuT6V3ys	MPREb_79hKN69Kp9g	UCoVJh4zeL2ZEAEKEv2_t1aw	ym 2010s late mb albums p2
Mass Text Booty Call-in (Intro)	Kitty	Miami Garden Club (Deluxe Edition)	INDIFFERENT	15Z9W7tKUuI	MPREb_79hKN69Kp9g	UCoVJh4zeL2ZEAEKEv2_t1aw	ym 2010s late mb albums p2
Mass Text Booty Call (feat. Sprightly)	Kitty	Miami Garden Club (Deluxe Edition)	INDIFFERENT	_DP7a4lpB0w	MPREb_79hKN69Kp9g	UCoVJh4zeL2ZEAEKEv2_t1aw	ym 2010s late mb albums p2
Love Is Virtual	Kitty	Miami Garden Club (Deluxe Edition)	INDIFFERENT	4CwOMzsN4jM	MPREb_79hKN69Kp9g	UCoVJh4zeL2ZEAEKEv2_t1aw	ym 2010s late mb albums p2
If U Wanna Come Over (feat. Ricky Eat Acid)	Kitty	Miami Garden Club (Deluxe Edition)	INDIFFERENT	Tnd_BNHqLbk	MPREb_79hKN69Kp9g	UCoVJh4zeL2ZEAEKEv2_t1aw	ym 2010s late mb albums p2
Drink Tickets	Kitty	Miami Garden Club (Deluxe Edition)	INDIFFERENT	_BgeZlT0tmQ	MPREb_79hKN69Kp9g	UCoVJh4zeL2ZEAEKEv2_t1aw	ym 2010s late mb albums p2
Brush Me Off (feat. DVS)	Kitty	Miami Garden Club (Deluxe Edition)	INDIFFERENT	0-rhF_we7Jw	MPREb_79hKN69Kp9g	UCoVJh4zeL2ZEAEKEv2_t1aw	ym 2010s late mb albums p2
Asari Love Song	Kitty	Miami Garden Club (Deluxe Edition)	INDIFFERENT	lmxwcD2Gfjw	MPREb_79hKN69Kp9g	UCoVJh4zeL2ZEAEKEv2_t1aw	ym 2010s late mb albums p2
Affectionate	Kitty	Miami Garden Club (Deluxe Edition)	INDIFFERENT	VCKjLCbh35I	MPREb_79hKN69Kp9g	UCoVJh4zeL2ZEAEKEv2_t1aw	ym 2010s late mb albums p2
509 Seabreeze (The Pom-Poms Remix) (feat. The Pom-Poms)	Kitty	Miami Garden Club (Deluxe Edition)	INDIFFERENT	v5nWAwOrNmk	MPREb_79hKN69Kp9g	UCoVJh4zeL2ZEAEKEv2_t1aw	ym 2010s late mb albums p2
509 Seabreeze	Kitty	Miami Garden Club (Deluxe Edition)	INDIFFERENT	R-EMgLuRXY0	MPREb_79hKN69Kp9g	UCoVJh4zeL2ZEAEKEv2_t1aw	ym 2010s late mb albums p2
2 Minutes	Kitty	Miami Garden Club (Deluxe Edition)	INDIFFERENT	eHjcwGG6ERI	MPREb_79hKN69Kp9g	UCoVJh4zeL2ZEAEKEv2_t1aw	ym 2010s late mb albums p2
The Future (feat. The Mind)	Kirk Knight	Late Knight Special	INDIFFERENT	vOmpGVedE1U	MPREb_BNdmGMBWLJ3	UCgIxnHc675upapSOYpe8z2A	ym 2010s late mb albums p2
Scorpio	Kirk Knight	Late Knight Special	INDIFFERENT	gN7nZ8kIPg4	MPREb_BNdmGMBWLJ3	UCgIxnHc675upapSOYpe8z2A	ym 2010s late mb albums p2
One Knight (feat. The Mind)	Kirk Knight	Late Knight Special	INDIFFERENT	MZ97WONPkVY	MPREb_BNdmGMBWLJ3	UCgIxnHc675upapSOYpe8z2A	ym 2010s late mb albums p2
Knight Time	Kirk Knight	Late Knight Special	INDIFFERENT	DI9yKqmRJW4	MPREb_BNdmGMBWLJ3	UCgIxnHc675upapSOYpe8z2A	ym 2010s late mb albums p2
Heaven Is for Real	Kirk Knight	Late Knight Special	INDIFFERENT	VZqbhTZVNio	MPREb_BNdmGMBWLJ3	UCgIxnHc675upapSOYpe8z2A	ym 2010s late mb albums p2
All for Nothing	Kirk Knight	Late Knight Special	INDIFFERENT	hSwhOvqevKg	MPREb_BNdmGMBWLJ3	UCgIxnHc675upapSOYpe8z2A	ym 2010s late mb albums p2
5 Minutes (feat. Joey Bada$$)	Kirk Knight	Late Knight Special	INDIFFERENT	nIR02VP9y2M	MPREb_BNdmGMBWLJ3	UCgIxnHc675upapSOYpe8z2A	ym 2010s late mb albums p2
Thru the Cracks	King Tuff	The Other	INDIFFERENT	hRbIA3cewJw	MPREb_sjqVhzoPefp	UCjwqoZVdhJg4-T-b1XRe0ng	ym 2010s late mb albums p2
The Other	King Tuff	The Other	INDIFFERENT	aVOdYpj6gyo	MPREb_sjqVhzoPefp	UCjwqoZVdhJg4-T-b1XRe0ng	ym 2010s late mb albums p2
Psycho Star	King Tuff	The Other	INDIFFERENT	sAsk_1MCB90	MPREb_sjqVhzoPefp	UCjwqoZVdhJg4-T-b1XRe0ng	ym 2010s late mb albums p2
No Man's Land	King Tuff	The Other	INDIFFERENT	fZRZdmxJTX4	MPREb_sjqVhzoPefp	UCjwqoZVdhJg4-T-b1XRe0ng	ym 2010s late mb albums p2
Neverending Sunshine	King Tuff	The Other	INDIFFERENT	5Ya5ygz9wCk	MPREb_sjqVhzoPefp	UCjwqoZVdhJg4-T-b1XRe0ng	ym 2010s late mb albums p2
Infinite Mile	King Tuff	The Other	INDIFFERENT	NSzMaPmj4JY	MPREb_sjqVhzoPefp	UCjwqoZVdhJg4-T-b1XRe0ng	ym 2010s late mb albums p2
Birds of Paradise	King Tuff	The Other	INDIFFERENT	wYErMze-FN4	MPREb_sjqVhzoPefp	UCjwqoZVdhJg4-T-b1XRe0ng	ym 2010s late mb albums p2
The Fourth Colour	King Gizzard And The Lizard Wizard	Polygondwanaland	INDIFFERENT	8dG4YON3kRg	MPREb_ZV4kEeW8UtH	UC-3mACkWPK3QluQYi5dHQCA	ym 2010s late mb albums p2
The Castle In The Air	King Gizzard And The Lizard Wizard	Polygondwanaland	INDIFFERENT	rJlGuJtmnlQ	MPREb_ZV4kEeW8UtH	UC-3mACkWPK3QluQYi5dHQCA	ym 2010s late mb albums p2
Tetrachromacy	King Gizzard And The Lizard Wizard	Polygondwanaland	INDIFFERENT	LUoK9Qb_tpA	MPREb_ZV4kEeW8UtH	UC-3mACkWPK3QluQYi5dHQCA	ym 2010s late mb albums p2
Polygondwanaland	King Gizzard And The Lizard Wizard	Polygondwanaland	INDIFFERENT	RxIjUy6_u-I	MPREb_ZV4kEeW8UtH	UC-3mACkWPK3QluQYi5dHQCA	ym 2010s late mb albums p2
Horology	King Gizzard And The Lizard Wizard	Polygondwanaland	INDIFFERENT	5b_HPv4dBgA	MPREb_ZV4kEeW8UtH	UC-3mACkWPK3QluQYi5dHQCA	ym 2010s late mb albums p2
Lonely Steel Sheet Flyer	King Gizzard & The Lizard Wizard	Quarters!	INDIFFERENT	VUfUQBwiABA	MPREb_R5Ad1GZjlft	UC-3mACkWPK3QluQYi5dHQCA	ym 2010s late mb albums p2
Time = Fate	King Gizzard & The Lizard Wizard	Paper Mâché Dream Balloon	INDIFFERENT	j7IAKg0ipfk	MPREb_bLMQYMo8xAE	UC-3mACkWPK3QluQYi5dHQCA	ym 2010s late mb albums p2
Time = $$$	King Gizzard & The Lizard Wizard	Paper Mâché Dream Balloon	INDIFFERENT	Tt_ExREIb5g	MPREb_bLMQYMo8xAE	UC-3mACkWPK3QluQYi5dHQCA	ym 2010s late mb albums p2
Paper Mâché Dream Balloon	King Gizzard & The Lizard Wizard	Paper Mâché Dream Balloon	INDIFFERENT	8lfjS9nUA3c	MPREb_bLMQYMo8xAE	UC-3mACkWPK3QluQYi5dHQCA	ym 2010s late mb albums p2
Paper Mâché	King Gizzard & The Lizard Wizard	Paper Mâché Dream Balloon	INDIFFERENT	L10ANLsS7ow	MPREb_bLMQYMo8xAE	UC-3mACkWPK3QluQYi5dHQCA	ym 2010s late mb albums p2
N.G.R.I. (Bloodstain)	King Gizzard & The Lizard Wizard	Paper Mâché Dream Balloon	INDIFFERENT	JimW9pFqQ2M	MPREb_bLMQYMo8xAE	UC-3mACkWPK3QluQYi5dHQCA	ym 2010s late mb albums p2
Cold Cadaver	King Gizzard & The Lizard Wizard	Paper Mâché Dream Balloon	INDIFFERENT	UI1lPlDlXjk	MPREb_bLMQYMo8xAE	UC-3mACkWPK3QluQYi5dHQCA	ym 2010s late mb albums p2
Bone	King Gizzard & The Lizard Wizard	Paper Mâché Dream Balloon	INDIFFERENT	CEADUm6qkYY	MPREb_bLMQYMo8xAE	UC-3mACkWPK3QluQYi5dHQCA	ym 2010s late mb albums p2
Robot Stop	King Gizzard & The Lizard Wizard	Nonagon Infinity	INDIFFERENT	X3Q4a5Eaqcg	MPREb_OiU6T8pMijZ	UC-3mACkWPK3QluQYi5dHQCA	ym 2010s late mb albums p2
Road Train	King Gizzard & The Lizard Wizard	Nonagon Infinity	INDIFFERENT	Yvd9caAaVME	MPREb_OiU6T8pMijZ	UC-3mACkWPK3QluQYi5dHQCA	ym 2010s late mb albums p2
Mr. Beat	King Gizzard & The Lizard Wizard	Nonagon Infinity	INDIFFERENT	MkbBi8Vx8Jo	MPREb_OiU6T8pMijZ	UC-3mACkWPK3QluQYi5dHQCA	ym 2010s late mb albums p2
Evil Death Roll	King Gizzard & The Lizard Wizard	Nonagon Infinity	INDIFFERENT	CbvbnfsLnAs	MPREb_OiU6T8pMijZ	UC-3mACkWPK3QluQYi5dHQCA	ym 2010s late mb albums p2
Welcome to an Altered Future	King Gizzard & The Lizard Wizard	Murder of the Universe	INDIFFERENT	0z8ALks4f04	MPREb_34oeBuULiLc	UC-3mACkWPK3QluQYi5dHQCA	ym 2010s late mb albums p2
Vomit Coffin	King Gizzard & The Lizard Wizard	Murder of the Universe	INDIFFERENT	-pJMBur0DnM	MPREb_34oeBuULiLc	UC-3mACkWPK3QluQYi5dHQCA	ym 2010s late mb albums p2
The Reticent Raconteur	King Gizzard & The Lizard Wizard	Murder of the Universe	INDIFFERENT	5GajxIq_RpM	MPREb_34oeBuULiLc	UC-3mACkWPK3QluQYi5dHQCA	ym 2010s late mb albums p2
The Lord of Lightning	King Gizzard & The Lizard Wizard	Murder of the Universe	INDIFFERENT	A1mzKwK_Q4Y	MPREb_34oeBuULiLc	UC-3mACkWPK3QluQYi5dHQCA	ym 2010s late mb albums p2
The Floating Fire	King Gizzard & The Lizard Wizard	Murder of the Universe	INDIFFERENT	YqNGmksX4eY	MPREb_34oeBuULiLc	UC-3mACkWPK3QluQYi5dHQCA	ym 2010s late mb albums p2
The Balrog	King Gizzard & The Lizard Wizard	Murder of the Universe	INDIFFERENT	N_KLqZK9oEE	MPREb_34oeBuULiLc	UC-3mACkWPK3QluQYi5dHQCA	ym 2010s late mb albums p2
The Acrid Corpse	King Gizzard & The Lizard Wizard	Murder of the Universe	INDIFFERENT	M_vDovWJBtE	MPREb_34oeBuULiLc	UC-3mACkWPK3QluQYi5dHQCA	ym 2010s late mb albums p2
Soy-Protein Munt Machine	King Gizzard & The Lizard Wizard	Murder of the Universe	INDIFFERENT	f1CDd-PbcEE	MPREb_34oeBuULiLc	UC-3mACkWPK3QluQYi5dHQCA	ym 2010s late mb albums p2
Some Context	King Gizzard & The Lizard Wizard	Murder of the Universe	INDIFFERENT	m1vDpCm224A	MPREb_34oeBuULiLc	UC-3mACkWPK3QluQYi5dHQCA	ym 2010s late mb albums p2
Murder of the Universe	King Gizzard & The Lizard Wizard	Murder of the Universe	INDIFFERENT	jYBB7bRW4z0	MPREb_34oeBuULiLc	UC-3mACkWPK3QluQYi5dHQCA	ym 2010s late mb albums p2
Life / Death	King Gizzard & The Lizard Wizard	Murder of the Universe	INDIFFERENT	6M-IESbNXvs	MPREb_34oeBuULiLc	UC-3mACkWPK3QluQYi5dHQCA	ym 2010s late mb albums p2
Digital Black	King Gizzard & The Lizard Wizard	Murder of the Universe	INDIFFERENT	kDg1ZQVfrqA	MPREb_34oeBuULiLc	UC-3mACkWPK3QluQYi5dHQCA	ym 2010s late mb albums p2
Altered Beast IV	King Gizzard & The Lizard Wizard	Murder of the Universe	INDIFFERENT	1pCcNFfvvuo	MPREb_34oeBuULiLc	UC-3mACkWPK3QluQYi5dHQCA	ym 2010s late mb albums p2
Altered Beast III	King Gizzard & The Lizard Wizard	Murder of the Universe	INDIFFERENT	oQKTnyCyWCA	MPREb_34oeBuULiLc	UC-3mACkWPK3QluQYi5dHQCA	ym 2010s late mb albums p2
Altered Beast II	King Gizzard & The Lizard Wizard	Murder of the Universe	INDIFFERENT	RRngXQ6TZ2o	MPREb_34oeBuULiLc	UC-3mACkWPK3QluQYi5dHQCA	ym 2010s late mb albums p2
Altered Beast I	King Gizzard & The Lizard Wizard	Murder of the Universe	INDIFFERENT	AT-ZlelGzLs	MPREb_34oeBuULiLc	UC-3mACkWPK3QluQYi5dHQCA	ym 2010s late mb albums p2
Alter Me III	King Gizzard & The Lizard Wizard	Murder of the Universe	INDIFFERENT	47qQp-eCMf4	MPREb_34oeBuULiLc	UC-3mACkWPK3QluQYi5dHQCA	ym 2010s late mb albums p2
Alter Me II	King Gizzard & The Lizard Wizard	Murder of the Universe	INDIFFERENT	kkyq5HlI3c8	MPREb_34oeBuULiLc	UC-3mACkWPK3QluQYi5dHQCA	ym 2010s late mb albums p2
Alter Me I	King Gizzard & The Lizard Wizard	Murder of the Universe	INDIFFERENT	l-9hkNiEqq4	MPREb_34oeBuULiLc	UC-3mACkWPK3QluQYi5dHQCA	ym 2010s late mb albums p2
A New World	King Gizzard & The Lizard Wizard	Murder of the Universe	INDIFFERENT	W_5lrzwfgYE	MPREb_34oeBuULiLc	UC-3mACkWPK3QluQYi5dHQCA	ym 2010s late mb albums p2
Venusian 2	King Gizzard & The Lizard Wizard	Infest The Rats' Nest	INDIFFERENT	r3m6knQ4bz0	MPREb_diUed0ThU62	UC-3mACkWPK3QluQYi5dHQCA	ym 2010s late mb albums p2
Venusian 1	King Gizzard & The Lizard Wizard	Infest The Rats' Nest	INDIFFERENT	jKY44Qob5eY	MPREb_diUed0ThU62	UC-3mACkWPK3QluQYi5dHQCA	ym 2010s late mb albums p2
Perihelion	King Gizzard & The Lizard Wizard	Infest The Rats' Nest	INDIFFERENT	G8s3Stq0ato	MPREb_diUed0ThU62	UC-3mACkWPK3QluQYi5dHQCA	ym 2010s late mb albums p2
Organ Farmer	King Gizzard & The Lizard Wizard	Infest The Rats' Nest	INDIFFERENT	kS0xob_XFrk	MPREb_diUed0ThU62	UC-3mACkWPK3QluQYi5dHQCA	ym 2010s late mb albums p2
Hell	King Gizzard & The Lizard Wizard	Infest The Rats' Nest	INDIFFERENT	apcPFUkkCMI	MPREb_diUed0ThU62	UC-3mACkWPK3QluQYi5dHQCA	ym 2010s late mb albums p2
The Last Oasis	King Gizzard & The Lizard Wizard	Gumboot Soup	INDIFFERENT	EqcoBR4DvzI	MPREb_z5Yyrs01NIX	UC-3mACkWPK3QluQYi5dHQCA	ym 2010s late mb albums p2
The Great Chain of Being	King Gizzard & The Lizard Wizard	Gumboot Soup	INDIFFERENT	m5caJVl6lrI	MPREb_z5Yyrs01NIX	UC-3mACkWPK3QluQYi5dHQCA	ym 2010s late mb albums p2
Superposition	King Gizzard & The Lizard Wizard	Gumboot Soup	INDIFFERENT	9j0OWlCdo0s	MPREb_z5Yyrs01NIX	UC-3mACkWPK3QluQYi5dHQCA	ym 2010s late mb albums p2
Muddy Water	King Gizzard & The Lizard Wizard	Gumboot Soup	INDIFFERENT	fNKpC29QTLc	MPREb_z5Yyrs01NIX	UC-3mACkWPK3QluQYi5dHQCA	ym 2010s late mb albums p2
Greenhouse Heat Death	King Gizzard & The Lizard Wizard	Gumboot Soup	INDIFFERENT	C3Sxc03PYA4	MPREb_z5Yyrs01NIX	UC-3mACkWPK3QluQYi5dHQCA	ym 2010s late mb albums p2
Down The Sink	King Gizzard & The Lizard Wizard	Gumboot Soup	INDIFFERENT	0eyI9vx2ByI	MPREb_z5Yyrs01NIX	UC-3mACkWPK3QluQYi5dHQCA	ym 2010s late mb albums p2
Barefoot Desert	King Gizzard & The Lizard Wizard	Gumboot Soup	INDIFFERENT	fcwyaj_phzM	MPREb_z5Yyrs01NIX	UC-3mACkWPK3QluQYi5dHQCA	ym 2010s late mb albums p2
All Is Known	King Gizzard & The Lizard Wizard	Gumboot Soup	INDIFFERENT	dGL4T8swGFA	MPREb_z5Yyrs01NIX	UC-3mACkWPK3QluQYi5dHQCA	ym 2010s late mb albums p2
Open Water	King Gizzard & The Lizard Wizard	Flying Microtonal Banana	INDIFFERENT	_jurG237PWQ	MPREb_DhlrlegccSV	UC-3mACkWPK3QluQYi5dHQCA	ym 2010s late mb albums p2
The Cruel Millennial	King Gizzard & The Lizard Wizard	Fishing for Fishies	INDIFFERENT	9mniTXj4728	MPREb_9ljGV2vdzz6	UC-3mACkWPK3QluQYi5dHQCA	ym 2010s late mb albums p2
The Bird Song	King Gizzard & The Lizard Wizard	Fishing for Fishies	INDIFFERENT	c-G3i0upLv8	MPREb_9ljGV2vdzz6	UC-3mACkWPK3QluQYi5dHQCA	ym 2010s late mb albums p2
Fishing For Fishies	King Gizzard & The Lizard Wizard	Fishing for Fishies	INDIFFERENT	cHDlpAul9Ho	MPREb_9ljGV2vdzz6	UC-3mACkWPK3QluQYi5dHQCA	ym 2010s late mb albums p2
Sketch Artist	Kim Gordon	No Home Record	INDIFFERENT	fmrjc0wpaos	MPREb_NUTW2sMSP9A	UCGCyE2JoVAPqxO3CpcUIRXw	ym 2010s late mb albums p2
Paprika Pony	Kim Gordon	No Home Record	INDIFFERENT	cHVqm7FUI-8	MPREb_NUTW2sMSP9A	UCGCyE2JoVAPqxO3CpcUIRXw	ym 2010s late mb albums p2
Murdered Out	Kim Gordon	No Home Record	INDIFFERENT	GNRwyAAEc6Y	MPREb_NUTW2sMSP9A	UCGCyE2JoVAPqxO3CpcUIRXw	ym 2010s late mb albums p2
Hungry Baby	Kim Gordon	No Home Record	INDIFFERENT	YLDkP43qXRU	MPREb_NUTW2sMSP9A	UCGCyE2JoVAPqxO3CpcUIRXw	ym 2010s late mb albums p2
Get Yr Life Back	Kim Gordon	No Home Record	INDIFFERENT	i9o3bdEXl1U	MPREb_NUTW2sMSP9A	UCGCyE2JoVAPqxO3CpcUIRXw	ym 2010s late mb albums p2
Earthquake	Kim Gordon	No Home Record	INDIFFERENT	H1wDtEoShNY	MPREb_NUTW2sMSP9A	UCGCyE2JoVAPqxO3CpcUIRXw	ym 2010s late mb albums p2
Cookie Butter	Kim Gordon	No Home Record	INDIFFERENT	YvwgSnIyJdE	MPREb_NUTW2sMSP9A	UCGCyE2JoVAPqxO3CpcUIRXw	ym 2010s late mb albums p2
Air BnB	Kim Gordon	No Home Record	INDIFFERENT	ROzop5koYU4	MPREb_NUTW2sMSP9A	UCGCyE2JoVAPqxO3CpcUIRXw	ym 2010s late mb albums p2
What A Day	Kiefer	Happysad	INDIFFERENT	PO1EDZvQJUg	MPREb_jDOUkjw95lF	UCK4EdR3o8NrJBhUjy7SXURw	ym 2010s late mb albums p2
Upwards	Kiefer	Happysad	INDIFFERENT	ufMblS2lnm0	MPREb_jDOUkjw95lF	UCK4EdR3o8NrJBhUjy7SXURw	ym 2010s late mb albums p2
Temper	Kiefer	Happysad	INDIFFERENT	IJL84rPdV9U	MPREb_jDOUkjw95lF	UCK4EdR3o8NrJBhUjy7SXURw	ym 2010s late mb albums p2
Socially Awkward	Kiefer	Happysad	INDIFFERENT	plDU8tkkpVA	MPREb_jDOUkjw95lF	UCK4EdR3o8NrJBhUjy7SXURw	ym 2010s late mb albums p2
Memories of U	Kiefer	Happysad	INDIFFERENT	wIQ-tQkkDSg	MPREb_jDOUkjw95lF	UCK4EdR3o8NrJBhUjy7SXURw	ym 2010s late mb albums p2
Magnetic	Kiefer	Happysad	INDIFFERENT	Kssqb3_v7gM	MPREb_jDOUkjw95lF	UCK4EdR3o8NrJBhUjy7SXURw	ym 2010s late mb albums p2
Highway 46	Kiefer	Happysad	INDIFFERENT	Y6V54tRJ1UY	MPREb_jDOUkjw95lF	UCK4EdR3o8NrJBhUjy7SXURw	ym 2010s late mb albums p2
Highway 41	Kiefer	Happysad	INDIFFERENT	YA5Z33LI11I	MPREb_jDOUkjw95lF	UCK4EdR3o8NrJBhUjy7SXURw	ym 2010s late mb albums p2
FOMO	Kiefer	Happysad	INDIFFERENT	y6QWIdhbUNM	MPREb_jDOUkjw95lF	UCK4EdR3o8NrJBhUjy7SXURw	ym 2010s late mb albums p2
Dope Nerd	Kiefer	Happysad	INDIFFERENT	6gHdhgHXAVY	MPREb_jDOUkjw95lF	UCK4EdR3o8NrJBhUjy7SXURw	ym 2010s late mb albums p2
Agoraphobia	Kiefer	Happysad	INDIFFERENT	Y9QwkJMnQIE	MPREb_jDOUkjw95lF	UCK4EdR3o8NrJBhUjy7SXURw	ym 2010s late mb albums p2
Electric U	Kid Bloom	Different State of Mind	INDIFFERENT	iTXVfJm4h0Q	MPREb_cBxJCEJjpdz	UCqZmsQDK3P050GfJmdJss9g	ym 2010s late mb albums p2
Shed	Kiasmos	Blurred	INDIFFERENT	GBXltl2ovkw	MPREb_pHJWsE5SrZ6	UCXWADwj6t4af0WJkP8LAIZw	ym 2010s late mb albums p2
Paused (Stimming Remix)	Kiasmos	Blurred	INDIFFERENT	PMpusGA-T9w	MPREb_pHJWsE5SrZ6	UCXWADwj6t4af0WJkP8LAIZw	ym 2010s late mb albums p2
Paused	Kiasmos	Blurred	INDIFFERENT	JMl_NSlaMjQ	MPREb_pHJWsE5SrZ6	UCXWADwj6t4af0WJkP8LAIZw	ym 2010s late mb albums p2
Jarred	Kiasmos	Blurred	INDIFFERENT	toi-W_Xlijs	MPREb_pHJWsE5SrZ6	UCXWADwj6t4af0WJkP8LAIZw	ym 2010s late mb albums p2
Blurred	Kiasmos	Blurred	INDIFFERENT	8V3lAgxp4_E	MPREb_pHJWsE5SrZ6	UCXWADwj6t4af0WJkP8LAIZw	ym 2010s late mb albums p2
Ferris Wheel	Kevin Morby	Singing Saw	INDIFFERENT	qtHBvvaKFGQ	MPREb_H6jktXcIb68	UC5f6zyIPpGOWL0_ZAcwSBqA	ym 2010s late mb albums p2
Dorothy	Kevin Morby	Singing Saw	INDIFFERENT	NK75zZciXos	MPREb_H6jktXcIb68	UC5f6zyIPpGOWL0_ZAcwSBqA	ym 2010s late mb albums p2
Black Flowers	Kevin Morby	Singing Saw	INDIFFERENT	eNOrn2TxCuo	MPREb_H6jktXcIb68	UC5f6zyIPpGOWL0_ZAcwSBqA	ym 2010s late mb albums p2
Storm (Beneath the Weather)	Kevin Morby	Oh My God	INDIFFERENT	llWpyQ-nue0	MPREb_SPY9SQPRan9	UC5f6zyIPpGOWL0_ZAcwSBqA	ym 2010s late mb albums p2
Sing a Glad Song	Kevin Morby	Oh My God	INDIFFERENT	HB8TBUW_msc	MPREb_SPY9SQPRan9	UC5f6zyIPpGOWL0_ZAcwSBqA	ym 2010s late mb albums p2
Savannah	Kevin Morby	Oh My God	INDIFFERENT	SBO_Dk82pPk	MPREb_SPY9SQPRan9	UC5f6zyIPpGOWL0_ZAcwSBqA	ym 2010s late mb albums p2
Piss River	Kevin Morby	Oh My God	INDIFFERENT	9GPFst3cIaw	MPREb_SPY9SQPRan9	UC5f6zyIPpGOWL0_ZAcwSBqA	ym 2010s late mb albums p2
O Behold	Kevin Morby	Oh My God	INDIFFERENT	BEosm38FcOI	MPREb_SPY9SQPRan9	UC5f6zyIPpGOWL0_ZAcwSBqA	ym 2010s late mb albums p2
I Want to Be Clean	Kevin Morby	Oh My God	INDIFFERENT	JeTetGq6QfY	MPREb_SPY9SQPRan9	UC5f6zyIPpGOWL0_ZAcwSBqA	ym 2010s late mb albums p2
Hail Mary	Kevin Morby	Oh My God	INDIFFERENT	bv9jWwPl6d0	MPREb_SPY9SQPRan9	UC5f6zyIPpGOWL0_ZAcwSBqA	ym 2010s late mb albums p2
Ballad of Faye	Kevin Morby	Oh My God	INDIFFERENT	SAF2Il-Au2U	MPREb_SPY9SQPRan9	UC5f6zyIPpGOWL0_ZAcwSBqA	ym 2010s late mb albums p2
Tin Can	Kevin Morby	City Music	INDIFFERENT	ps37CHKiVww	MPREb_BjnxITm16j9	UC5f6zyIPpGOWL0_ZAcwSBqA	ym 2010s late mb albums p2
Pearly Gates	Kevin Morby	City Music	INDIFFERENT	xrYqK1IMF9M	MPREb_BjnxITm16j9	UC5f6zyIPpGOWL0_ZAcwSBqA	ym 2010s late mb albums p2
Night Time	Kevin Morby	City Music	INDIFFERENT	w7N1LR_kA9g	MPREb_BjnxITm16j9	UC5f6zyIPpGOWL0_ZAcwSBqA	ym 2010s late mb albums p2
Flannery	Kevin Morby	City Music	INDIFFERENT	qMriWhRk5N0	MPREb_BjnxITm16j9	UC5f6zyIPpGOWL0_ZAcwSBqA	ym 2010s late mb albums p2
Downtown's Lights	Kevin Morby	City Music	INDIFFERENT	jPvaGNkHnng	MPREb_BjnxITm16j9	UC5f6zyIPpGOWL0_ZAcwSBqA	ym 2010s late mb albums p2
1234	Kevin Morby	City Music	INDIFFERENT	vIejnxnM59o	MPREb_BjnxITm16j9	UC5f6zyIPpGOWL0_ZAcwSBqA	ym 2010s late mb albums p2
Time for That	Kevin Gates	Islah (Deluxe)	INDIFFERENT	K3HuxtZp1gY	MPREb_GJWS9Iali2d	UCOUlVCyTJqvT9AHeUlbK03w	ym 2010s late mb albums p2
The Truth	Kevin Gates	Islah (Deluxe)	INDIFFERENT	I8dA1k4MYKs	MPREb_GJWS9Iali2d	UCOUlVCyTJqvT9AHeUlbK03w	ym 2010s late mb albums p2
Pride	Kevin Gates	Islah (Deluxe)	INDIFFERENT	2e7mGbdsc-E	MPREb_GJWS9Iali2d	UCOUlVCyTJqvT9AHeUlbK03w	ym 2010s late mb albums p2
One Thing	Kevin Gates	Islah (Deluxe)	INDIFFERENT	KwRp7prFTAU	MPREb_GJWS9Iali2d	UCOUlVCyTJqvT9AHeUlbK03w	ym 2010s late mb albums p2
La Familia	Kevin Gates	Islah (Deluxe)	INDIFFERENT	TwtAfR9BdYQ	MPREb_GJWS9Iali2d	UCOUlVCyTJqvT9AHeUlbK03w	ym 2010s late mb albums p2
Kno One	Kevin Gates	Islah (Deluxe)	INDIFFERENT	uLo7zscNjXY	MPREb_GJWS9Iali2d	UCOUlVCyTJqvT9AHeUlbK03w	ym 2010s late mb albums p2
Excuse Me	Kevin Gates	Islah (Deluxe)	INDIFFERENT	dBAubRB5w0M	MPREb_GJWS9Iali2d	UCOUlVCyTJqvT9AHeUlbK03w	ym 2010s late mb albums p2
Ask for More	Kevin Gates	Islah (Deluxe)	INDIFFERENT	9rWgCB8l2zE	MPREb_GJWS9Iali2d	UCOUlVCyTJqvT9AHeUlbK03w	ym 2010s late mb albums p2
Ain't Too Hard	Kevin Gates	Islah (Deluxe)	INDIFFERENT	Rvl1ygU_3No	MPREb_GJWS9Iali2d	UCOUlVCyTJqvT9AHeUlbK03w	ym 2010s late mb albums p2
Visiting Hours	Kero Kero Bonito	Time 'n' Place	INDIFFERENT	_bAZyGtJL6s	MPREb_0L8Bh2fSond	UCrg2LfxablyfpYkD75hDxMA	ym 2010s late mb albums p2
Time Today	Kero Kero Bonito	Time 'n' Place	INDIFFERENT	tzkc4ah6IcY	MPREb_0L8Bh2fSond	UCrg2LfxablyfpYkD75hDxMA	ym 2010s late mb albums p2
Sometimes	Kero Kero Bonito	Time 'n' Place	INDIFFERENT	6xfCEhmhvJM	MPREb_0L8Bh2fSond	UCrg2LfxablyfpYkD75hDxMA	ym 2010s late mb albums p2
Rest Stop	Kero Kero Bonito	Time 'n' Place	INDIFFERENT	VppAmgUwW6Y	MPREb_0L8Bh2fSond	UCrg2LfxablyfpYkD75hDxMA	ym 2010s late mb albums p2
Outside	Kero Kero Bonito	Time 'n' Place	INDIFFERENT	4E6rsNJsn2w	MPREb_0L8Bh2fSond	UCrg2LfxablyfpYkD75hDxMA	ym 2010s late mb albums p2
If I'd Known	Kero Kero Bonito	Time 'n' Place	INDIFFERENT	Feo6QlZMYnI	MPREb_0L8Bh2fSond	UCrg2LfxablyfpYkD75hDxMA	ym 2010s late mb albums p2
Flyway	Kero Kero Bonito	Time 'n' Place	INDIFFERENT	tevC6865duk	MPREb_0L8Bh2fSond	UCrg2LfxablyfpYkD75hDxMA	ym 2010s late mb albums p2
Dump	Kero Kero Bonito	Time 'n' Place	INDIFFERENT	8_iZc43UWQc	MPREb_0L8Bh2fSond	UCrg2LfxablyfpYkD75hDxMA	ym 2010s late mb albums p2
Waking Up	Kero Kero Bonito	Bonito Generation	INDIFFERENT	ecc8d8DztGE	MPREb_4nAv5ykGSGo	UCrg2LfxablyfpYkD75hDxMA	ym 2010s late mb albums p2
Try Me	Kero Kero Bonito	Bonito Generation	INDIFFERENT	u429L2WH-2Q	MPREb_4nAv5ykGSGo	UCrg2LfxablyfpYkD75hDxMA	ym 2010s late mb albums p2
Trampoline	Kero Kero Bonito	Bonito Generation	INDIFFERENT	P7n9eiDjf7Q	MPREb_4nAv5ykGSGo	UCrg2LfxablyfpYkD75hDxMA	ym 2010s late mb albums p2
Picture This	Kero Kero Bonito	Bonito Generation	INDIFFERENT	3fs12OsKthc	MPREb_4nAv5ykGSGo	UCrg2LfxablyfpYkD75hDxMA	ym 2010s late mb albums p2
Paintbrush	Kero Kero Bonito	Bonito Generation	INDIFFERENT	yiY0TU70NhU	MPREb_4nAv5ykGSGo	UCrg2LfxablyfpYkD75hDxMA	ym 2010s late mb albums p2
Lipslap	Kero Kero Bonito	Bonito Generation	INDIFFERENT	UJNBtyELqMI	MPREb_4nAv5ykGSGo	UCrg2LfxablyfpYkD75hDxMA	ym 2010s late mb albums p2
Hey Parents	Kero Kero Bonito	Bonito Generation	INDIFFERENT	L25UQoayhNk	MPREb_4nAv5ykGSGo	UCrg2LfxablyfpYkD75hDxMA	ym 2010s late mb albums p2
Heard a Song	Kero Kero Bonito	Bonito Generation	INDIFFERENT	IRvu_OU2YuA	MPREb_4nAv5ykGSGo	UCrg2LfxablyfpYkD75hDxMA	ym 2010s late mb albums p2
Graduation	Kero Kero Bonito	Bonito Generation	INDIFFERENT	UjQCWcdS99M	MPREb_4nAv5ykGSGo	UCrg2LfxablyfpYkD75hDxMA	ym 2010s late mb albums p2
Fish Bowl	Kero Kero Bonito	Bonito Generation	INDIFFERENT	Hu5j-Ofsnl0	MPREb_4nAv5ykGSGo	UCrg2LfxablyfpYkD75hDxMA	ym 2010s late mb albums p2
Break	Kero Kero Bonito	Bonito Generation	INDIFFERENT	deQWUGpQoTg	MPREb_4nAv5ykGSGo	UCrg2LfxablyfpYkD75hDxMA	ym 2010s late mb albums p2
Big City	Kero Kero Bonito	Bonito Generation	INDIFFERENT	mBoC05SQ1e0	MPREb_4nAv5ykGSGo	UCrg2LfxablyfpYkD75hDxMA	ym 2010s late mb albums p2
Where The River's High	Keno	Around The Corner	INDIFFERENT	9i46ZnUeOvE	MPREb_yUQDNTfJb1C	UC_4YxNPc3iedLJsxbaVnj2Q	ym 2010s late mb albums p2
What Remains	Keno	Around The Corner	INDIFFERENT	rit0f71ZiFU	MPREb_yUQDNTfJb1C	UC_4YxNPc3iedLJsxbaVnj2Q	ym 2010s late mb albums p2
The Accolade	Keno	Around The Corner	INDIFFERENT	hbYbeBM3Y6k	MPREb_yUQDNTfJb1C	UC_4YxNPc3iedLJsxbaVnj2Q	ym 2010s late mb albums p2
Spines and Rays	Keno	Around The Corner	INDIFFERENT	YSxA0JrN4DA	MPREb_yUQDNTfJb1C	UC_4YxNPc3iedLJsxbaVnj2Q	ym 2010s late mb albums p2
Soulongago	Keno	Around The Corner	INDIFFERENT	Ay0SyT_hD8c	MPREb_yUQDNTfJb1C	UC_4YxNPc3iedLJsxbaVnj2Q	ym 2010s late mb albums p2
Shadowlights	Keno	Around The Corner	INDIFFERENT	k3mizToLIxY	MPREb_yUQDNTfJb1C	UC_4YxNPc3iedLJsxbaVnj2Q	ym 2010s late mb albums p2
Merrythought	Keno	Around The Corner	INDIFFERENT	GuYVmPMFu1g	MPREb_yUQDNTfJb1C	UC_4YxNPc3iedLJsxbaVnj2Q	ym 2010s late mb albums p2
Kingsley	Keno	Around The Corner	INDIFFERENT	o8R7nzdHMCs	MPREb_yUQDNTfJb1C	UC_4YxNPc3iedLJsxbaVnj2Q	ym 2010s late mb albums p2
Flingair	Keno	Around The Corner	INDIFFERENT	j9V5XZHfohM	MPREb_yUQDNTfJb1C	UC_4YxNPc3iedLJsxbaVnj2Q	ym 2010s late mb albums p2
Elwood	Keno	Around The Corner	INDIFFERENT	sak5JoBaxS8	MPREb_yUQDNTfJb1C	UC_4YxNPc3iedLJsxbaVnj2Q	ym 2010s late mb albums p2
Around The Corner	Keno	Around The Corner	INDIFFERENT	ybWV9pyKVFg	MPREb_yUQDNTfJb1C	UC_4YxNPc3iedLJsxbaVnj2Q	ym 2010s late mb albums p2
All Else By Far	Keno	Around The Corner	INDIFFERENT	a6BdCtuhc_c	MPREb_yUQDNTfJb1C	UC_4YxNPc3iedLJsxbaVnj2Q	ym 2010s late mb albums p2
untitled 07 | 2014 - 2016	Kendrick Lamar	untitled unmastered.	INDIFFERENT	kSWZJDBkN98	MPREb_ijcPSPM2Isl	UCprAFmT0C6O4X0ToEXpeFTQ	ym 2010s late mb albums p2
untitled 05 | 09.21.2014.	Kendrick Lamar	untitled unmastered.	INDIFFERENT	inOEtUwSasc	MPREb_ijcPSPM2Isl	UCprAFmT0C6O4X0ToEXpeFTQ	ym 2010s late mb albums p2
untitled 04 | 08.14.2014.	Kendrick Lamar	untitled unmastered.	INDIFFERENT	82Cqp-kyrQs	MPREb_ijcPSPM2Isl	UCprAFmT0C6O4X0ToEXpeFTQ	ym 2010s late mb albums p2
untitled 03 | 05.28.2013.	Kendrick Lamar	untitled unmastered.	INDIFFERENT	o4M4qssoaWU	MPREb_ijcPSPM2Isl	UCprAFmT0C6O4X0ToEXpeFTQ	ym 2010s late mb albums p2
untitled 02 | 06.23.2014.	Kendrick Lamar	untitled unmastered.	INDIFFERENT	_GghFQ8ryEU	MPREb_ijcPSPM2Isl	UCprAFmT0C6O4X0ToEXpeFTQ	ym 2010s late mb albums p2
untitled 01 | 08.19.2014.	Kendrick Lamar	untitled unmastered.	INDIFFERENT	oIoZgIOgu3o	MPREb_ijcPSPM2Isl	UCprAFmT0C6O4X0ToEXpeFTQ	ym 2010s late mb albums p2
You Ain't Gotta Lie (Momma Said)	Kendrick Lamar	To Pimp A Butterfly	INDIFFERENT	78bSAKX_4vs	MPREb_3jGuGO44ziy	UCprAFmT0C6O4X0ToEXpeFTQ	ym 2010s late mb albums p2
Wesley's Theory (feat. George Clinton & Thundercat)	Kendrick Lamar	To Pimp A Butterfly	INDIFFERENT	l9fN-8NjrvI	MPREb_3jGuGO44ziy	UCprAFmT0C6O4X0ToEXpeFTQ	ym 2010s late mb albums p2
The Blacker The Berry	Kendrick Lamar	To Pimp A Butterfly	INDIFFERENT	VdPtVZDspIY	MPREb_3jGuGO44ziy	UCprAFmT0C6O4X0ToEXpeFTQ	ym 2010s late mb albums p2
Mortal Man	Kendrick Lamar	To Pimp A Butterfly	INDIFFERENT	axwpgn3GRMs	MPREb_3jGuGO44ziy	UCprAFmT0C6O4X0ToEXpeFTQ	ym 2010s late mb albums p2
How Much A Dollar Cost (feat. James Fauntleroy & Ronald Isley)	Kendrick Lamar	To Pimp A Butterfly	INDIFFERENT	y8kEiL81_R4	MPREb_3jGuGO44ziy	UCprAFmT0C6O4X0ToEXpeFTQ	ym 2010s late mb albums p2
For Sale? (Interlude)	Kendrick Lamar	To Pimp A Butterfly	INDIFFERENT	RdCepOB4BV8	MPREb_3jGuGO44ziy	UCprAFmT0C6O4X0ToEXpeFTQ	ym 2010s late mb albums p2
Complexion (A Zulu Love) (feat. Rapsody)	Kendrick Lamar	To Pimp A Butterfly	INDIFFERENT	Wt4dUK4uce0	MPREb_3jGuGO44ziy	UCprAFmT0C6O4X0ToEXpeFTQ	ym 2010s late mb albums p2
Evolution	Kelly Lee Owens	Kelly Lee Owens	INDIFFERENT	3skhDjnCWlg	MPREb_pNMnhtMc3ug	UCvjT6Q9IDRNwrc8345BpwMg	ym 2010s late mb albums p2
CBM	Kelly Lee Owens	Kelly Lee Owens	INDIFFERENT	ELEY-t0ZN5s	MPREb_pNMnhtMc3ug	UCvjT6Q9IDRNwrc8345BpwMg	ym 2010s late mb albums p2
Arthur	Kelly Lee Owens	Kelly Lee Owens	INDIFFERENT	ibrp8n49-4c	MPREb_pNMnhtMc3ug	UCvjT6Q9IDRNwrc8345BpwMg	ym 2010s late mb albums p2
Anxi. (feat. Jenny Hval)	Kelly Lee Owens	Kelly Lee Owens	INDIFFERENT	GeF5Kf5hYLM	MPREb_pNMnhtMc3ug	UCvjT6Q9IDRNwrc8345BpwMg	ym 2010s late mb albums p2
8	Kelly Lee Owens	Kelly Lee Owens	INDIFFERENT	_4GvpNakBAM	MPREb_pNMnhtMc3ug	UCvjT6Q9IDRNwrc8345BpwMg	ym 2010s late mb albums p2
Waitin	Kelela	Take Me Apart	INDIFFERENT	FjiGvD_yUo8	MPREb_ERFlvxZWPKA	UC_ouv6WbUBzKtDAdMJG1PsQ	ym 2010s late mb albums p2
Turn To Dust	Kelela	Take Me Apart	INDIFFERENT	gKXpSZE4wl0	MPREb_ERFlvxZWPKA	UC_ouv6WbUBzKtDAdMJG1PsQ	ym 2010s late mb albums p2
Truth Or Dare	Kelela	Take Me Apart	INDIFFERENT	jNwOQpW2Z78	MPREb_ERFlvxZWPKA	UC_ouv6WbUBzKtDAdMJG1PsQ	ym 2010s late mb albums p2
Take Me Apart	Kelela	Take Me Apart	INDIFFERENT	3-Iiidlx9gQ	MPREb_ERFlvxZWPKA	UC_ouv6WbUBzKtDAdMJG1PsQ	ym 2010s late mb albums p2
S.O.S.	Kelela	Take Me Apart	INDIFFERENT	1y0S93keBUQ	MPREb_ERFlvxZWPKA	UC_ouv6WbUBzKtDAdMJG1PsQ	ym 2010s late mb albums p2
Onanon	Kelela	Take Me Apart	INDIFFERENT	40rDa2vORKk	MPREb_ERFlvxZWPKA	UC_ouv6WbUBzKtDAdMJG1PsQ	ym 2010s late mb albums p2
LMK	Kelela	Take Me Apart	INDIFFERENT	278CP2VZIBY	MPREb_ERFlvxZWPKA	UC_ouv6WbUBzKtDAdMJG1PsQ	ym 2010s late mb albums p2
Jupiter	Kelela	Take Me Apart	INDIFFERENT	XQEGP3CaWEs	MPREb_ERFlvxZWPKA	UC_ouv6WbUBzKtDAdMJG1PsQ	ym 2010s late mb albums p2
Frontline	Kelela	Take Me Apart	INDIFFERENT	nnvKBcpLf6Q	MPREb_ERFlvxZWPKA	UC_ouv6WbUBzKtDAdMJG1PsQ	ym 2010s late mb albums p2
Enough	Kelela	Take Me Apart	INDIFFERENT	ouk6lsYQykU	MPREb_ERFlvxZWPKA	UC_ouv6WbUBzKtDAdMJG1PsQ	ym 2010s late mb albums p2
Bluff	Kelela	Take Me Apart	INDIFFERENT	8NMipwbJNwE	MPREb_ERFlvxZWPKA	UC_ouv6WbUBzKtDAdMJG1PsQ	ym 2010s late mb albums p2
Blue Light	Kelela	Take Me Apart	INDIFFERENT	RR1kzZv-GeU	MPREb_ERFlvxZWPKA	UC_ouv6WbUBzKtDAdMJG1PsQ	ym 2010s late mb albums p2
Better	Kelela	Take Me Apart	INDIFFERENT	IMN4GNTpT0M	MPREb_ERFlvxZWPKA	UC_ouv6WbUBzKtDAdMJG1PsQ	ym 2010s late mb albums p2
Altadena	Kelela	Take Me Apart	INDIFFERENT	XFwlh0GNdU4	MPREb_ERFlvxZWPKA	UC_ouv6WbUBzKtDAdMJG1PsQ	ym 2010s late mb albums p2
The High (MikeQ & Divoli S'vere Remix)	Kelela	Hallucinogen	INDIFFERENT	H5kddgJjPDY	MPREb_VhDLiSsUESK	UC_ouv6WbUBzKtDAdMJG1PsQ	ym 2010s late mb albums p2
The High (Heavee & DJ Spinn Teklife Remix)	Kelela	Hallucinogen	INDIFFERENT	_royNFrjYt8	MPREb_VhDLiSsUESK	UC_ouv6WbUBzKtDAdMJG1PsQ	ym 2010s late mb albums p2
The High	Kelela	Hallucinogen	INDIFFERENT	SofBReUki8M	MPREb_VhDLiSsUESK	UC_ouv6WbUBzKtDAdMJG1PsQ	ym 2010s late mb albums p2
Rewind (Sporting Life Remix)	Kelela	Hallucinogen	INDIFFERENT	zlfB0XQ-DAo	MPREb_VhDLiSsUESK	UC_ouv6WbUBzKtDAdMJG1PsQ	ym 2010s late mb albums p2
Rewind (MC Bin Laden Remix)	Kelela	Hallucinogen	INDIFFERENT	UrY5oya9O-g	MPREb_VhDLiSsUESK	UC_ouv6WbUBzKtDAdMJG1PsQ	ym 2010s late mb albums p2
Rewind	Kelela	Hallucinogen	INDIFFERENT	PVjrXb4U3k0	MPREb_VhDLiSsUESK	UC_ouv6WbUBzKtDAdMJG1PsQ	ym 2010s late mb albums p2
Hallucinogen	Kelela	Hallucinogen	INDIFFERENT	lynKdoVUfQk	MPREb_VhDLiSsUESK	UC_ouv6WbUBzKtDAdMJG1PsQ	ym 2010s late mb albums p2
Gomenasai	Kelela	Hallucinogen	INDIFFERENT	xubmTbs3La8	MPREb_VhDLiSsUESK	UC_ouv6WbUBzKtDAdMJG1PsQ	ym 2010s late mb albums p2
All the Way Down	Kelela	Hallucinogen	INDIFFERENT	83PEAvzrSJo	MPREb_VhDLiSsUESK	UC_ouv6WbUBzKtDAdMJG1PsQ	ym 2010s late mb albums p2
All The Way Down (Kahn Remix) (feat. GAIKA)	Kelela	Hallucinogen	INDIFFERENT	ka5tmSUqPeU	MPREb_VhDLiSsUESK	UC_ouv6WbUBzKtDAdMJG1PsQ	ym 2010s late mb albums p2
All The Way Down (Air Max '97 Remix)	Kelela	Hallucinogen	INDIFFERENT	uZYPyHY0NXU	MPREb_VhDLiSsUESK	UC_ouv6WbUBzKtDAdMJG1PsQ	ym 2010s late mb albums p2
A Message (DJ Spinn Teklife Remix)	Kelela	Hallucinogen	INDIFFERENT	tQDhcf1dVn8	MPREb_VhDLiSsUESK	UC_ouv6WbUBzKtDAdMJG1PsQ	ym 2010s late mb albums p2
A Message	Kelela	Hallucinogen	INDIFFERENT	Dnrjnz21l3c	MPREb_VhDLiSsUESK	UC_ouv6WbUBzKtDAdMJG1PsQ	ym 2010s late mb albums p2
Sat	Kauan	Sorni Nai	INDIFFERENT	W5gN9g-PbFE	MPREb_i73fubDzRj2	UCgfCaxzI-7fecn3pTzhMcAw	ym 2010s late mb albums p2
Nila	Kauan	Sorni Nai	INDIFFERENT	VtYASOsEBxw	MPREb_i73fubDzRj2	UCgfCaxzI-7fecn3pTzhMcAw	ym 2010s late mb albums p2
Kit	Kauan	Sorni Nai	INDIFFERENT	1LJ2QuSdIRc	MPREb_i73fubDzRj2	UCgfCaxzI-7fecn3pTzhMcAw	ym 2010s late mb albums p2
Khurum	Kauan	Sorni Nai	INDIFFERENT	AjUAPEkUwNA	MPREb_i73fubDzRj2	UCgfCaxzI-7fecn3pTzhMcAw	ym 2010s late mb albums p2
Khot	Kauan	Sorni Nai	INDIFFERENT	X93w8h2aFHA	MPREb_i73fubDzRj2	UCgfCaxzI-7fecn3pTzhMcAw	ym 2010s late mb albums p2
At	Kauan	Sorni Nai	INDIFFERENT	PjC2xfjAB0Q	MPREb_i73fubDzRj2	UCgfCaxzI-7fecn3pTzhMcAw	ym 2010s late mb albums p2
Akva	Kauan	Sorni Nai	INDIFFERENT	yP5fNfP-kXg	MPREb_i73fubDzRj2	UCgfCaxzI-7fecn3pTzhMcAw	ym 2010s late mb albums p2
Woman	Karen O	Lux Prima	INDIFFERENT	NUukunpamSo	MPREb_Dtvq8QG7F26	UCEpDP9BO3JUdQa1zI0wb7Wg	ym 2010s late mb albums p2
Turn the Light	Karen O	Lux Prima	INDIFFERENT	0QUSOPKNmyQ	MPREb_Dtvq8QG7F26	UCEpDP9BO3JUdQa1zI0wb7Wg	ym 2010s late mb albums p2
Reveries	Karen O	Lux Prima	INDIFFERENT	pJKDOl3Likc	MPREb_Dtvq8QG7F26	UCEpDP9BO3JUdQa1zI0wb7Wg	ym 2010s late mb albums p2
Redeemer	Karen O	Lux Prima	INDIFFERENT	V6FuClx3yAs	MPREb_Dtvq8QG7F26	UCEpDP9BO3JUdQa1zI0wb7Wg	ym 2010s late mb albums p2
Nox Lumina	Karen O	Lux Prima	INDIFFERENT	_tSUPW8-YVw	MPREb_Dtvq8QG7F26	UCEpDP9BO3JUdQa1zI0wb7Wg	ym 2010s late mb albums p2
Ministry	Karen O	Lux Prima	INDIFFERENT	o4y2qw1dhpY	MPREb_Dtvq8QG7F26	UCEpDP9BO3JUdQa1zI0wb7Wg	ym 2010s late mb albums p2
Leopard's Tongue	Karen O	Lux Prima	INDIFFERENT	KxQZDY_nG5o	MPREb_Dtvq8QG7F26	UCEpDP9BO3JUdQa1zI0wb7Wg	ym 2010s late mb albums p2
Drown	Karen O	Lux Prima	INDIFFERENT	gdYsf7JXZFE	MPREb_Dtvq8QG7F26	UCEpDP9BO3JUdQa1zI0wb7Wg	ym 2010s late mb albums p2
Moments In Love	Kara-Lis Coverdale	Late Night Tales: Floating Points	INDIFFERENT	ozCwSIrxrfQ	MPREb_5HOpfBzfY02	UCs_OUzw_GMBq6V5KXR2xwkw	ym 2010s late mb albums p2
Imgs /r (Mixed)	Kara-Lis Coverdale	DJ-Kicks (Mixed Tracks)	INDIFFERENT	gGN8lRK999Y	MPREb_Wo1iKDWlDEt	UCs_OUzw_GMBq6V5KXR2xwkw	ym 2010s late mb albums p2
Wouldn't Leave (feat. PARTYNEXTDOOR)	Kanye West	ye	INDIFFERENT	nMkXJohQiuQ	MPREb_vWD8jVytxdF	UCRY5dYsbIN5TylSbd7gVnZg	ym 2010s late mb albums p2
Ultralight Beam	Kanye West	The Life Of Pablo	INDIFFERENT	6oHdAA3AqnE	MPREb_ZIbQK9RFLQY	UCRY5dYsbIN5TylSbd7gVnZg	ym 2010s late mb albums p2
Siiiiiiiiilver Surffffeeeeer Intermission	Kanye West	The Life Of Pablo	INDIFFERENT	SeeP7YhFy0Q	MPREb_ZIbQK9RFLQY	UCRY5dYsbIN5TylSbd7gVnZg	ym 2010s late mb albums p2
Saint Pablo	Kanye West	The Life Of Pablo	INDIFFERENT	w9rzz4pDFwA	MPREb_ZIbQK9RFLQY	UCRY5dYsbIN5TylSbd7gVnZg	ym 2010s late mb albums p2
Low Lights	Kanye West	The Life Of Pablo	INDIFFERENT	wj0C2oet2r0	MPREb_ZIbQK9RFLQY	UCRY5dYsbIN5TylSbd7gVnZg	ym 2010s late mb albums p2
I Love Kanye	Kanye West	The Life Of Pablo	INDIFFERENT	ch8g-sJb6ow	MPREb_ZIbQK9RFLQY	UCRY5dYsbIN5TylSbd7gVnZg	ym 2010s late mb albums p2
Freestyle 4	Kanye West	The Life Of Pablo	INDIFFERENT	yt3rfHIijZQ	MPREb_ZIbQK9RFLQY	UCRY5dYsbIN5TylSbd7gVnZg	ym 2010s late mb albums p2
FML	Kanye West	The Life Of Pablo	INDIFFERENT	SHfB5HBFeTc	MPREb_ZIbQK9RFLQY	UCRY5dYsbIN5TylSbd7gVnZg	ym 2010s late mb albums p2
Use This Gospel (feat. Clipse & Kenny G)	Kanye West	JESUS IS KING	INDIFFERENT	8yQVcGkbpAc	MPREb_BC7DlLMjrxQ	UCRY5dYsbIN5TylSbd7gVnZg	ym 2010s late mb albums p2
On God	Kanye West	JESUS IS KING	INDIFFERENT	AOBQkHy8_p8	MPREb_BC7DlLMjrxQ	UCRY5dYsbIN5TylSbd7gVnZg	ym 2010s late mb albums p2
Jesus Is Lord	Kanye West	JESUS IS KING	INDIFFERENT	rns_n82HiMo	MPREb_BC7DlLMjrxQ	UCRY5dYsbIN5TylSbd7gVnZg	ym 2010s late mb albums p2
Hands On (feat. Fred Hammond)	Kanye West	JESUS IS KING	INDIFFERENT	dojATOk1GHA	MPREb_BC7DlLMjrxQ	UCRY5dYsbIN5TylSbd7gVnZg	ym 2010s late mb albums p2
God Is	Kanye West	JESUS IS KING	INDIFFERENT	G8u3P7Xqlvo	MPREb_BC7DlLMjrxQ	UCRY5dYsbIN5TylSbd7gVnZg	ym 2010s late mb albums p2
Follow God	Kanye West	JESUS IS KING	INDIFFERENT	J8iXDK0K95o	MPREb_BC7DlLMjrxQ	UCRY5dYsbIN5TylSbd7gVnZg	ym 2010s late mb albums p2
Everything We Need (feat. Ty Dolla $ign & Ant Clemons)	Kanye West	JESUS IS KING	INDIFFERENT	Mrfu0FBB110	MPREb_BC7DlLMjrxQ	UCRY5dYsbIN5TylSbd7gVnZg	ym 2010s late mb albums p2
Every Hour (feat. Sunday Service Choir)	Kanye West	JESUS IS KING	INDIFFERENT	T58tRXzjC7c	MPREb_BC7DlLMjrxQ	UCRY5dYsbIN5TylSbd7gVnZg	ym 2010s late mb albums p2
Closed On Sunday	Kanye West	JESUS IS KING	INDIFFERENT	Lp0q1wWe6XI	MPREb_BC7DlLMjrxQ	UCRY5dYsbIN5TylSbd7gVnZg	ym 2010s late mb albums p2
Will You Sing	Kamasi Washington	Heaven and Earth	INDIFFERENT	RS-3CN3c5Wk	MPREb_nKVpAGmmfqV	UC0G-IaG6Q0eawu8N_6OAZxw	ym 2010s late mb albums p2
Tiffakonkae	Kamasi Washington	Heaven and Earth	INDIFFERENT	ZV3nirB6ju0	MPREb_nKVpAGmmfqV	UC0G-IaG6Q0eawu8N_6OAZxw	ym 2010s late mb albums p2
The Psalmnist	Kamasi Washington	Heaven and Earth	INDIFFERENT	eoliZVMmkfg	MPREb_nKVpAGmmfqV	UC0G-IaG6Q0eawu8N_6OAZxw	ym 2010s late mb albums p2
Journey	Kamasi Washington	Heaven and Earth	INDIFFERENT	gm9Tw9rpaDg	MPREb_nKVpAGmmfqV	UC0G-IaG6Q0eawu8N_6OAZxw	ym 2010s late mb albums p2
Fists of Fury	Kamasi Washington	Heaven and Earth	INDIFFERENT	NUPqaX3Wmc8	MPREb_nKVpAGmmfqV	UC0G-IaG6Q0eawu8N_6OAZxw	ym 2010s late mb albums p2
Connections	Kamasi Washington	Heaven and Earth	INDIFFERENT	hriQQZbl_1c	MPREb_nKVpAGmmfqV	UC0G-IaG6Q0eawu8N_6OAZxw	ym 2010s late mb albums p2
Perspective	Kamasi Washington	Harmony of Difference	INDIFFERENT	g-kvJT1gvdk	MPREb_eq1G8KYdwAm	UC0G-IaG6Q0eawu8N_6OAZxw	ym 2010s late mb albums p2
Integrity	Kamasi Washington	Harmony of Difference	INDIFFERENT	JXxvUtYc7ys	MPREb_eq1G8KYdwAm	UC0G-IaG6Q0eawu8N_6OAZxw	ym 2010s late mb albums p2
Humility	Kamasi Washington	Harmony of Difference	INDIFFERENT	6dOzwyYhqNM	MPREb_eq1G8KYdwAm	UC0G-IaG6Q0eawu8N_6OAZxw	ym 2010s late mb albums p2
Swing My Way	Kamaiyah	A Good Night in the Ghetto	INDIFFERENT	JG3Z6cZZgss	MPREb_Uu0UViJDmSb	UCshUcsn5iZsdmc3j-3azoFQ	ym 2010s late mb albums p2
Mo Money Mo Problems	Kamaiyah	A Good Night in the Ghetto	INDIFFERENT	UyY--Ualm-A	MPREb_Uu0UViJDmSb	UCshUcsn5iZsdmc3j-3azoFQ	ym 2010s late mb albums p2
How Does It Feel	Kamaiyah	A Good Night in the Ghetto	INDIFFERENT	D5zqnfE2JNY	MPREb_Uu0UViJDmSb	UCshUcsn5iZsdmc3j-3azoFQ	ym 2010s late mb albums p2
Hoochie Hotline (Interlude), Pt.3	Kamaiyah	A Good Night in the Ghetto	INDIFFERENT	WeNWeKwJYtY	MPREb_Uu0UViJDmSb	UCshUcsn5iZsdmc3j-3azoFQ	ym 2010s late mb albums p2
Hoochie Hotline (Interlude), Pt.2	Kamaiyah	A Good Night in the Ghetto	INDIFFERENT	MVpqRVeXiEk	MPREb_Uu0UViJDmSb	UCshUcsn5iZsdmc3j-3azoFQ	ym 2010s late mb albums p2
Hoochie Hotline (Interlude), Pt.1	Kamaiyah	A Good Night in the Ghetto	INDIFFERENT	UPGBddrqwKA	MPREb_Uu0UViJDmSb	UCshUcsn5iZsdmc3j-3azoFQ	ym 2010s late mb albums p2
For My Dawg	Kamaiyah	A Good Night in the Ghetto	INDIFFERENT	Kx80okFSLDQ	MPREb_Uu0UViJDmSb	UCshUcsn5iZsdmc3j-3azoFQ	ym 2010s late mb albums p2
Come Back	Kamaiyah	A Good Night in the Ghetto	INDIFFERENT	xaY3bv6gkA0	MPREb_Uu0UViJDmSb	UCshUcsn5iZsdmc3j-3azoFQ	ym 2010s late mb albums p2
Break You Down	Kamaiyah	A Good Night in the Ghetto	INDIFFERENT	xxVBKSIebvQ	MPREb_Uu0UViJDmSb	UCshUcsn5iZsdmc3j-3azoFQ	ym 2010s late mb albums p2
LDN Shuffle	Kamaal Williams & Mansur Brown	The Return	INDIFFERENT	zhqvPf6ANgk	MPREb_GgGKNmPlQ3m		ym 2010s late mb albums p2
Medina	Kamaal Williams	The Return	INDIFFERENT	UaS_sAAG7fU	MPREb_GgGKNmPlQ3m	UCVBxVupUwqTLEQ_2oTVzwgQ	ym 2010s late mb albums p2
Broken Theme	Kamaal Williams	The Return	INDIFFERENT	Hn61bVTQERI	MPREb_GgGKNmPlQ3m	UCVBxVupUwqTLEQ_2oTVzwgQ	ym 2010s late mb albums p2
Tyrant (feat. Jorja Smith)	Kali Uchis	Isolation	INDIFFERENT	tNCP6QTIbE4	MPREb_m02LPU7HlMR	UCpkgnBLJpbkVLAob1CaPZsw	ym 2010s late mb albums p2
Nuestro Planeta (feat. Reykon)	Kali Uchis	Isolation	INDIFFERENT	aXP9mHiROXc	MPREb_m02LPU7HlMR	UCpkgnBLJpbkVLAob1CaPZsw	ym 2010s late mb albums p2
In My Dreams	Kali Uchis	Isolation	INDIFFERENT	eTMLZ3HlUGE	MPREb_m02LPU7HlMR	UCpkgnBLJpbkVLAob1CaPZsw	ym 2010s late mb albums p2
Gotta Get Up (Interlude)	Kali Uchis	Isolation	INDIFFERENT	XLzPe3ibfb4	MPREb_m02LPU7HlMR	UCpkgnBLJpbkVLAob1CaPZsw	ym 2010s late mb albums p2
Flight 22	Kali Uchis	Isolation	INDIFFERENT	uFcLlUbKks4	MPREb_m02LPU7HlMR	UCpkgnBLJpbkVLAob1CaPZsw	ym 2010s late mb albums p2
Feel Like A Fool	Kali Uchis	Isolation	INDIFFERENT	l1yLqa63bK0	MPREb_m02LPU7HlMR	UCpkgnBLJpbkVLAob1CaPZsw	ym 2010s late mb albums p2
Dead To Me	Kali Uchis	Isolation	INDIFFERENT	OcUDK4kAUIw	MPREb_m02LPU7HlMR	UCpkgnBLJpbkVLAob1CaPZsw	ym 2010s late mb albums p2
Body Language (Intro)	Kali Uchis	Isolation	INDIFFERENT	QqLrVzCtVt0	MPREb_m02LPU7HlMR	UCpkgnBLJpbkVLAob1CaPZsw	ym 2010s late mb albums p2
Sacer Profanare	Kali Malone	The Sacrificial Code	INDIFFERENT	fRQwNhzAdu8	MPREb_hTgyKKHpEFq	UCLUd4f3czk0DZxm2ih-AYAw	ym 2010s late mb albums p2
Who I Am & Why I Am Where I Am	Kaitlyn Aurelia Smith	The Kid	INDIFFERENT	zyJwEz8KLao	MPREb_wt44RJptHUY	UCgBYrIICTQWy3e731ZOdW6Q	ym 2010s late mb albums p2
Until I Remember	Kaitlyn Aurelia Smith	The Kid	INDIFFERENT	q5L8llYPM3s	MPREb_wt44RJptHUY	UCgBYrIICTQWy3e731ZOdW6Q	ym 2010s late mb albums p2
To Follow & Lead	Kaitlyn Aurelia Smith	The Kid	INDIFFERENT	Qr6t3tAFYmo	MPREb_wt44RJptHUY	UCgBYrIICTQWy3e731ZOdW6Q	ym 2010s late mb albums p2
To Feel Your Best	Kaitlyn Aurelia Smith	The Kid	INDIFFERENT	reCa-8ybmP4	MPREb_wt44RJptHUY	UCgBYrIICTQWy3e731ZOdW6Q	ym 2010s late mb albums p2
In the World, but Not of the World	Kaitlyn Aurelia Smith	The Kid	INDIFFERENT	hgiF2Ew9pL0	MPREb_wt44RJptHUY	UCgBYrIICTQWy3e731ZOdW6Q	ym 2010s late mb albums p2
In the World	Kaitlyn Aurelia Smith	The Kid	INDIFFERENT	EQNXXANyJic	MPREb_wt44RJptHUY	UCgBYrIICTQWy3e731ZOdW6Q	ym 2010s late mb albums p2
I Will Make Room for You	Kaitlyn Aurelia Smith	The Kid	INDIFFERENT	Ndp5pnyCuB0	MPREb_wt44RJptHUY	UCgBYrIICTQWy3e731ZOdW6Q	ym 2010s late mb albums p2
I Am a Thought	Kaitlyn Aurelia Smith	The Kid	INDIFFERENT	jAtlCogl6mU	MPREb_wt44RJptHUY	UCgBYrIICTQWy3e731ZOdW6Q	ym 2010s late mb albums p2
I Am Learning	Kaitlyn Aurelia Smith	The Kid	INDIFFERENT	a-Cy2lC2t_o	MPREb_wt44RJptHUY	UCgBYrIICTQWy3e731ZOdW6Q	ym 2010s late mb albums p2
I Am Curious, I Care	Kaitlyn Aurelia Smith	The Kid	INDIFFERENT	-s-cZwROezI	MPREb_wt44RJptHUY	UCgBYrIICTQWy3e731ZOdW6Q	ym 2010s late mb albums p2
An Intention	Kaitlyn Aurelia Smith	The Kid	INDIFFERENT	WTseZORHGX0	MPREb_wt44RJptHUY	UCgBYrIICTQWy3e731ZOdW6Q	ym 2010s late mb albums p2
A Kid	Kaitlyn Aurelia Smith	The Kid	INDIFFERENT	z6VhU6eba7k	MPREb_wt44RJptHUY	UCgBYrIICTQWy3e731ZOdW6Q	ym 2010s late mb albums p2
Milk	Kaitlyn Aurelia Smith	Late Night Tales: Floating Points	INDIFFERENT	NTJ1FyG1NCI	MPREb_5HOpfBzfY02	UCgBYrIICTQWy3e731ZOdW6Q	ym 2010s late mb albums p2
When I Try, I'm Full	Kaitlyn Aurelia Smith	EARS	INDIFFERENT	DbiksL8uyJU	MPREb_AXxZ1w2GfoJ	UCgBYrIICTQWy3e731ZOdW6Q	ym 2010s late mb albums p2
Wetlands	Kaitlyn Aurelia Smith	EARS	INDIFFERENT	kgdQxA9QaOs	MPREb_AXxZ1w2GfoJ	UCgBYrIICTQWy3e731ZOdW6Q	ym 2010s late mb albums p2
Stratus	Kaitlyn Aurelia Smith	EARS	INDIFFERENT	Ny4O286HsoA	MPREb_AXxZ1w2GfoJ	UCgBYrIICTQWy3e731ZOdW6Q	ym 2010s late mb albums p2
Rare Things Grow	Kaitlyn Aurelia Smith	EARS	INDIFFERENT	9gC7Kr_Bu-Q	MPREb_AXxZ1w2GfoJ	UCgBYrIICTQWy3e731ZOdW6Q	ym 2010s late mb albums p2
First Flight	Kaitlyn Aurelia Smith	EARS	INDIFFERENT	Tndrb6yvq1I	MPREb_AXxZ1w2GfoJ	UCgBYrIICTQWy3e731ZOdW6Q	ym 2010s late mb albums p2
Existence in the Unfurling	Kaitlyn Aurelia Smith	EARS	INDIFFERENT	QyAcUtiUm6o	MPREb_AXxZ1w2GfoJ	UCgBYrIICTQWy3e731ZOdW6Q	ym 2010s late mb albums p2
Envelop	Kaitlyn Aurelia Smith	EARS	INDIFFERENT	l4Lnab9q_TQ	MPREb_AXxZ1w2GfoJ	UCgBYrIICTQWy3e731ZOdW6Q	ym 2010s late mb albums p2
Arthropoda	Kaitlyn Aurelia Smith	EARS	INDIFFERENT	EKMoGHwSILA	MPREb_AXxZ1w2GfoJ	UCgBYrIICTQWy3e731ZOdW6Q	ym 2010s late mb albums p2
Second Wind	Kadhja Bonet	Childqueen	INDIFFERENT	9bU-5ydAWoU	MPREb_3ceZn5lddeX	UCBeC8JDSJ0wNgmZlyWhqJMw	ym 2010s late mb albums p2
Childqueen	Kadhja Bonet	Childqueen	INDIFFERENT	0XTDmL2jvL8	MPREb_3ceZn5lddeX	UCBeC8JDSJ0wNgmZlyWhqJMw	ym 2010s late mb albums p2
Wonder Woman	Kacey Musgraves	Golden Hour	INDIFFERENT	dZxlC1LPQec	MPREb_uYLogTEmbXc	UC87QNTF9qgTwe8KKN1V8NGw	ym 2010s late mb albums p2
Velvet Elvis	Kacey Musgraves	Golden Hour	INDIFFERENT	gqVsWUmOULo	MPREb_uYLogTEmbXc	UC87QNTF9qgTwe8KKN1V8NGw	ym 2010s late mb albums p2
Space Cowboy	Kacey Musgraves	Golden Hour	INDIFFERENT	Beu0imD8-wc	MPREb_uYLogTEmbXc	UC87QNTF9qgTwe8KKN1V8NGw	ym 2010s late mb albums p2
Rainbow	Kacey Musgraves	Golden Hour	INDIFFERENT	2UYMiky6tRQ	MPREb_uYLogTEmbXc	UC87QNTF9qgTwe8KKN1V8NGw	ym 2010s late mb albums p2
Oh, What A World	Kacey Musgraves	Golden Hour	INDIFFERENT	h1YM8h_wsI0	MPREb_uYLogTEmbXc	UC87QNTF9qgTwe8KKN1V8NGw	ym 2010s late mb albums p2
Mother	Kacey Musgraves	Golden Hour	INDIFFERENT	YqyfEDPV4pE	MPREb_uYLogTEmbXc	UC87QNTF9qgTwe8KKN1V8NGw	ym 2010s late mb albums p2
Love Is A Wild Thing	Kacey Musgraves	Golden Hour	INDIFFERENT	DosEOjmDUoo	MPREb_uYLogTEmbXc	UC87QNTF9qgTwe8KKN1V8NGw	ym 2010s late mb albums p2
Lonely Weekend	Kacey Musgraves	Golden Hour	INDIFFERENT	MkbOh_0fAKk	MPREb_uYLogTEmbXc	UC87QNTF9qgTwe8KKN1V8NGw	ym 2010s late mb albums p2
High Horse	Kacey Musgraves	Golden Hour	INDIFFERENT	zRaLYmCwOSo	MPREb_uYLogTEmbXc	UC87QNTF9qgTwe8KKN1V8NGw	ym 2010s late mb albums p2
Happy & Sad	Kacey Musgraves	Golden Hour	INDIFFERENT	77O0fZwu5x8	MPREb_uYLogTEmbXc	UC87QNTF9qgTwe8KKN1V8NGw	ym 2010s late mb albums p2
Golden Hour	Kacey Musgraves	Golden Hour	INDIFFERENT	prerdpyyRUA	MPREb_uYLogTEmbXc	UC87QNTF9qgTwe8KKN1V8NGw	ym 2010s late mb albums p2
Butterflies	Kacey Musgraves	Golden Hour	INDIFFERENT	qFTAVskl9rc	MPREb_uYLogTEmbXc	UC87QNTF9qgTwe8KKN1V8NGw	ym 2010s late mb albums p2
The Punishment of Sisyphus	Ka & Hermit and the Recluse	Orpheus vs. the Sirens	INDIFFERENT	uBeh4PGCXM4	MPREb_anZ9TAANwRh		ym 2010s late mb albums p2
Oedipus	Ka & Hermit and the Recluse	Orpheus vs. the Sirens	INDIFFERENT	qXSL5Du_9AQ	MPREb_anZ9TAANwRh		ym 2010s late mb albums p2
Hades	Ka & Hermit and the Recluse	Orpheus vs. the Sirens	INDIFFERENT	ffztlwKZSvY	MPREb_anZ9TAANwRh		ym 2010s late mb albums p2
Companion of Artemis	Ka & Hermit and the Recluse	Orpheus vs. the Sirens	INDIFFERENT	q46erVmIb0I	MPREb_anZ9TAANwRh		ym 2010s late mb albums p2
September 21	KAYTRANADA	BUBBA	INDIFFERENT	tVEc9ZvrgKY	MPREb_2f1tBjsg3OI	UCdJvty5IClKVcrXSOyE4sOA	ym 2010s late mb albums p2
Scared To Death	KAYTRANADA	BUBBA	INDIFFERENT	idepFiOpRKQ	MPREb_2f1tBjsg3OI	UCdJvty5IClKVcrXSOyE4sOA	ym 2010s late mb albums p2
Puff Lah	KAYTRANADA	BUBBA	INDIFFERENT	_mlQVNLA7A8	MPREb_2f1tBjsg3OI	UCdJvty5IClKVcrXSOyE4sOA	ym 2010s late mb albums p2
Oh No (feat. Estelle)	KAYTRANADA	BUBBA	INDIFFERENT	RyvVLN0VtJk	MPREb_2f1tBjsg3OI	UCdJvty5IClKVcrXSOyE4sOA	ym 2010s late mb albums p2
Need It (feat. Masego)	KAYTRANADA	BUBBA	INDIFFERENT	seYz-C3z3sY	MPREb_2f1tBjsg3OI	UCdJvty5IClKVcrXSOyE4sOA	ym 2010s late mb albums p2
Midsection (feat. Pharrell Williams)	KAYTRANADA	BUBBA	INDIFFERENT	RBETc22k0mY	MPREb_2f1tBjsg3OI	UCdJvty5IClKVcrXSOyE4sOA	ym 2010s late mb albums p2
Gray Area (feat. Mick Jenkins)	KAYTRANADA	BUBBA	INDIFFERENT	qlUga4YnIvw	MPREb_2f1tBjsg3OI	UCdJvty5IClKVcrXSOyE4sOA	ym 2010s late mb albums p2
Freefall (feat. Durand Bernarr)	KAYTRANADA	BUBBA	INDIFFERENT	l3qUsuYFV94	MPREb_2f1tBjsg3OI	UCdJvty5IClKVcrXSOyE4sOA	ym 2010s late mb albums p2
Culture (feat. Teedra Moses)	KAYTRANADA	BUBBA	INDIFFERENT	jbR2YJ2zAFc	MPREb_2f1tBjsg3OI	UCdJvty5IClKVcrXSOyE4sOA	ym 2010s late mb albums p2
ONE TOO MANY (feat. Phonte)	KAYTRANADA	99.9%	INDIFFERENT	pKIvbfZW2EM	MPREb_TdR8WdcjUcG	UCdJvty5IClKVcrXSOyE4sOA	ym 2010s late mb albums p2
LEAVE ME ALONE (feat. Shay Lia)	KAYTRANADA	99.9%	INDIFFERENT	QZXi6K3OyAg	MPREb_TdR8WdcjUcG	UCdJvty5IClKVcrXSOyE4sOA	ym 2010s late mb albums p2
GOT IT GOOD (feat. Craig David)	KAYTRANADA	99.9%	INDIFFERENT	bAX9envvbj4	MPREb_TdR8WdcjUcG	UCdJvty5IClKVcrXSOyE4sOA	ym 2010s late mb albums p2
DRIVE ME CRAZY (feat. Vic Mensa)	KAYTRANADA	99.9%	INDIFFERENT	g4fAy-tOytw	MPREb_TdR8WdcjUcG	UCdJvty5IClKVcrXSOyE4sOA	ym 2010s late mb albums p2
BULLETS (feat. Little Dragon)	KAYTRANADA	99.9%	INDIFFERENT	G5dauRAS34k	MPREb_TdR8WdcjUcG	UCdJvty5IClKVcrXSOyE4sOA	ym 2010s late mb albums p2
BREAKDANCE LESSON N.1	KAYTRANADA	99.9%	INDIFFERENT	ACwPgLed6Hw	MPREb_TdR8WdcjUcG	UCdJvty5IClKVcrXSOyE4sOA	ym 2010s late mb albums p2
Stop	Justice	Woman	INDIFFERENT	I2JE4JZAACM	MPREb_KgoXnvEho79	UCcJLC91v0A0iD-CMUWdZkig	ym 2010s late mb albums p2
Randy	Justice	Woman	INDIFFERENT	Zzh5A0R-6RU	MPREb_KgoXnvEho79	UCcJLC91v0A0iD-CMUWdZkig	ym 2010s late mb albums p2
Pleasure	Justice	Woman	INDIFFERENT	JPuvY7YFoos	MPREb_KgoXnvEho79	UCcJLC91v0A0iD-CMUWdZkig	ym 2010s late mb albums p2
Love S.O.S	Justice	Woman	INDIFFERENT	hGmGGk1gnU8	MPREb_KgoXnvEho79	UCcJLC91v0A0iD-CMUWdZkig	ym 2010s late mb albums p2
Heavy Metal	Justice	Woman	INDIFFERENT	lbTVBRY1vU8	MPREb_KgoXnvEho79	UCcJLC91v0A0iD-CMUWdZkig	ym 2010s late mb albums p2
Fire	Justice	Woman	INDIFFERENT	U-MN18xPEyw	MPREb_KgoXnvEho79	UCcJLC91v0A0iD-CMUWdZkig	ym 2010s late mb albums p2
Close Call	Justice	Woman	INDIFFERENT	hurSyihIPug	MPREb_KgoXnvEho79	UCcJLC91v0A0iD-CMUWdZkig	ym 2010s late mb albums p2
Chorus	Justice	Woman	INDIFFERENT	w3sTFRRLYRQ	MPREb_KgoXnvEho79	UCcJLC91v0A0iD-CMUWdZkig	ym 2010s late mb albums p2
Drug Me (Mixed)	Jungle Buddha	Fabriclive 100: Kode9 & Burial (DJ Mix)	INDIFFERENT	NK5i3R1_kpQ	MPREb_oTznNtUT8Si		ym 2010s late mb albums p2
Smile	Jungle	For Ever	INDIFFERENT	Z03ThlGgVFo	MPREb_v62TqMRfU64	UC8qPIA18dFORTSUmw0n8U-g	ym 2010s late mb albums p2
Pray	Jungle	For Ever	INDIFFERENT	QLPWLqz1Wak	MPREb_v62TqMRfU64	UC8qPIA18dFORTSUmw0n8U-g	ym 2010s late mb albums p2
House In LA	Jungle	For Ever	INDIFFERENT	-ieVVixYp2g	MPREb_v62TqMRfU64	UC8qPIA18dFORTSUmw0n8U-g	ym 2010s late mb albums p2
Home	Jungle	For Ever	INDIFFERENT	KCcWMX_P5CY	MPREb_v62TqMRfU64	UC8qPIA18dFORTSUmw0n8U-g	ym 2010s late mb albums p2
Heavy, California	Jungle	For Ever	INDIFFERENT	hrZduVyfoEs	MPREb_v62TqMRfU64	UC8qPIA18dFORTSUmw0n8U-g	ym 2010s late mb albums p2
Give Over	Jungle	For Ever	INDIFFERENT	iDYLRXCALb0	MPREb_v62TqMRfU64	UC8qPIA18dFORTSUmw0n8U-g	ym 2010s late mb albums p2
Cosurmyne	Jungle	For Ever	INDIFFERENT	n34Y45qBSwE	MPREb_v62TqMRfU64	UC8qPIA18dFORTSUmw0n8U-g	ym 2010s late mb albums p2
Beat 54 (All Good Now)	Jungle	For Ever	INDIFFERENT	GZKTxVSaR2A	MPREb_v62TqMRfU64	UC8qPIA18dFORTSUmw0n8U-g	ym 2010s late mb albums p2
(More and More) It Ain't Easy	Jungle	For Ever	INDIFFERENT	y_5JL2s64ao	MPREb_v62TqMRfU64	UC8qPIA18dFORTSUmw0n8U-g	ym 2010s late mb albums p2
Deaths Effect (Mixed)	Julz Da Deejay	Fabriclive 100: Kode9 & Burial (DJ Mix)	INDIFFERENT	bBYxwqY14sk	MPREb_oTznNtUT8Si		ym 2010s late mb albums p2
Turn Out the Lights	Julien Baker	Turn Out the Lights	INDIFFERENT	APwvGhjWtyE	MPREb_3ey5TnXpOs4	UC93QsTG5LEfU3zpP87XvQSA	ym 2010s late mb albums p2
Televangelist	Julien Baker	Turn Out the Lights	INDIFFERENT	YlsLZmBUKoU	MPREb_3ey5TnXpOs4	UC93QsTG5LEfU3zpP87XvQSA	ym 2010s late mb albums p2
Sour Breath	Julien Baker	Turn Out the Lights	INDIFFERENT	2K7RBqA1ofQ	MPREb_3ey5TnXpOs4	UC93QsTG5LEfU3zpP87XvQSA	ym 2010s late mb albums p2
Shadowboxing	Julien Baker	Turn Out the Lights	INDIFFERENT	gHJpTmPlyPw	MPREb_3ey5TnXpOs4	UC93QsTG5LEfU3zpP87XvQSA	ym 2010s late mb albums p2
Over	Julien Baker	Turn Out the Lights	INDIFFERENT	VYVuipr9tME	MPREb_3ey5TnXpOs4	UC93QsTG5LEfU3zpP87XvQSA	ym 2010s late mb albums p2
Hurt Less	Julien Baker	Turn Out the Lights	INDIFFERENT	T4XMLVR5moY	MPREb_3ey5TnXpOs4	UC93QsTG5LEfU3zpP87XvQSA	ym 2010s late mb albums p2
Happy to Be Here	Julien Baker	Turn Out the Lights	INDIFFERENT	TVhI8TB3G70	MPREb_3ey5TnXpOs4	UC93QsTG5LEfU3zpP87XvQSA	ym 2010s late mb albums p2
Everything to Help You Sleep	Julien Baker	Turn Out the Lights	INDIFFERENT	kvY53gfDYyY	MPREb_3ey5TnXpOs4	UC93QsTG5LEfU3zpP87XvQSA	ym 2010s late mb albums p2
Even	Julien Baker	Turn Out the Lights	INDIFFERENT	_aTva6h61xw	MPREb_3ey5TnXpOs4	UC93QsTG5LEfU3zpP87XvQSA	ym 2010s late mb albums p2
Claws in Your Back	Julien Baker	Turn Out the Lights	INDIFFERENT	O1mtn2iZd2U	MPREb_3ey5TnXpOs4	UC93QsTG5LEfU3zpP87XvQSA	ym 2010s late mb albums p2
Appointments	Julien Baker	Turn Out the Lights	INDIFFERENT	CQbyPnfDhjc	MPREb_3ey5TnXpOs4	UC93QsTG5LEfU3zpP87XvQSA	ym 2010s late mb albums p2
Sleepwalker	Julie Byrne	Not Even Happiness	INDIFFERENT	1xgNgfGcj0s	MPREb_h7ddObelYFk	UCa6rFhOR3CfXEY1qgUcJsxw	ym 2010s late mb albums p2
Sea as It Glides	Julie Byrne	Not Even Happiness	INDIFFERENT	sTLFJRGeu9A	MPREb_h7ddObelYFk	UCa6rFhOR3CfXEY1qgUcJsxw	ym 2010s late mb albums p2
Natural Blue	Julie Byrne	Not Even Happiness	INDIFFERENT	j_RTdflfWU8	MPREb_h7ddObelYFk	UCa6rFhOR3CfXEY1qgUcJsxw	ym 2010s late mb albums p2
Morning Dove	Julie Byrne	Not Even Happiness	INDIFFERENT	hviuDvwVGl4	MPREb_h7ddObelYFk	UCa6rFhOR3CfXEY1qgUcJsxw	ym 2010s late mb albums p2
Melting Grid	Julie Byrne	Not Even Happiness	INDIFFERENT	Q0WkDSgMt2Y	MPREb_h7ddObelYFk	UCa6rFhOR3CfXEY1qgUcJsxw	ym 2010s late mb albums p2
Interlude	Julie Byrne	Not Even Happiness	INDIFFERENT	_U2ks28zS3I	MPREb_h7ddObelYFk	UCa6rFhOR3CfXEY1qgUcJsxw	ym 2010s late mb albums p2
I Live Now as a Singer	Julie Byrne	Not Even Happiness	INDIFFERENT	dWdQTGcCiIc	MPREb_h7ddObelYFk	UCa6rFhOR3CfXEY1qgUcJsxw	ym 2010s late mb albums p2
Follow My Voice	Julie Byrne	Not Even Happiness	INDIFFERENT	2IiDQFMHNy0	MPREb_h7ddObelYFk	UCa6rFhOR3CfXEY1qgUcJsxw	ym 2010s late mb albums p2
All the Land Glimmered Beneath	Julie Byrne	Not Even Happiness	INDIFFERENT	ZjSJj8P2NlY	MPREb_h7ddObelYFk	UCa6rFhOR3CfXEY1qgUcJsxw	ym 2010s late mb albums p2
You Were Right	Julia Jacklin	Crushing	INDIFFERENT	Lx1DuSTojI8	MPREb_Qh7aX4WCNZT	UCypJMo2Ed63_4gvbtwkrgVw	ym 2010s late mb albums p2
When The Family Flies In	Julia Jacklin	Crushing	INDIFFERENT	HlnAZ7grx6s	MPREb_Qh7aX4WCNZT	UCypJMo2Ed63_4gvbtwkrgVw	ym 2010s late mb albums p2
Head Alone	Julia Jacklin	Crushing	INDIFFERENT	UdJX_EHHKtg	MPREb_Qh7aX4WCNZT	UCypJMo2Ed63_4gvbtwkrgVw	ym 2010s late mb albums p2
Convention	Julia Jacklin	Crushing	INDIFFERENT	rzrAnT3txjI	MPREb_Qh7aX4WCNZT	UCypJMo2Ed63_4gvbtwkrgVw	ym 2010s late mb albums p2
Comfort	Julia Jacklin	Crushing	INDIFFERENT	NbashURB7qc	MPREb_Qh7aX4WCNZT	UCypJMo2Ed63_4gvbtwkrgVw	ym 2010s late mb albums p2
Body	Julia Jacklin	Crushing	INDIFFERENT	f8KxIvFnmBg	MPREb_Qh7aX4WCNZT	UCypJMo2Ed63_4gvbtwkrgVw	ym 2010s late mb albums p2
Vasquez	Julia Holter	Have You In My Wilderness	INDIFFERENT	ykGjdK4I2aM	MPREb_fTHPWN0QlsA	UC6hn0-8I1MGMzDYdVpugR1A	ym 2010s late mb albums p2
Lucette Stranded on the Island	Julia Holter	Have You In My Wilderness	INDIFFERENT	QhBhpQgN0MU	MPREb_fTHPWN0QlsA	UC6hn0-8I1MGMzDYdVpugR1A	ym 2010s late mb albums p2
How Long?	Julia Holter	Have You In My Wilderness	INDIFFERENT	rV6dzWOSEQE	MPREb_fTHPWN0QlsA	UC6hn0-8I1MGMzDYdVpugR1A	ym 2010s late mb albums p2
Have You In My Wilderness	Julia Holter	Have You In My Wilderness	INDIFFERENT	uYLOYsDYpRg	MPREb_fTHPWN0QlsA	UC6hn0-8I1MGMzDYdVpugR1A	ym 2010s late mb albums p2
Everytime Boots	Julia Holter	Have You In My Wilderness	INDIFFERENT	dF9sywBaZMk	MPREb_fTHPWN0QlsA	UC6hn0-8I1MGMzDYdVpugR1A	ym 2010s late mb albums p2
Betsy On The Roof	Julia Holter	Have You In My Wilderness	INDIFFERENT	bpv3XAOlhd4	MPREb_fTHPWN0QlsA	UC6hn0-8I1MGMzDYdVpugR1A	ym 2010s late mb albums p2
Words I Heard	Julia Holter	Aviary	INDIFFERENT	s0vxGGraat8	MPREb_9WTYu1B834S	UC6hn0-8I1MGMzDYdVpugR1A	ym 2010s late mb albums p2
Why Sad Song	Julia Holter	Aviary	INDIFFERENT	XN6knji3g5M	MPREb_9WTYu1B834S	UC6hn0-8I1MGMzDYdVpugR1A	ym 2010s late mb albums p2
Whether	Julia Holter	Aviary	INDIFFERENT	5ISlZJJwwEs	MPREb_9WTYu1B834S	UC6hn0-8I1MGMzDYdVpugR1A	ym 2010s late mb albums p2
Voce Simul	Julia Holter	Aviary	INDIFFERENT	e-_Vpiq67Zk	MPREb_9WTYu1B834S	UC6hn0-8I1MGMzDYdVpugR1A	ym 2010s late mb albums p2
Underneath the Moon	Julia Holter	Aviary	INDIFFERENT	_xgwkJqgjag	MPREb_9WTYu1B834S	UC6hn0-8I1MGMzDYdVpugR1A	ym 2010s late mb albums p2
Turn the Light On	Julia Holter	Aviary	INDIFFERENT	W2o-AmKLh_E	MPREb_9WTYu1B834S	UC6hn0-8I1MGMzDYdVpugR1A	ym 2010s late mb albums p2
Les Jeux to You	Julia Holter	Aviary	INDIFFERENT	pxwjzUcpbSY	MPREb_9WTYu1B834S	UC6hn0-8I1MGMzDYdVpugR1A	ym 2010s late mb albums p2
In Gardens' Muteness	Julia Holter	Aviary	INDIFFERENT	lQiUMzMgyGo	MPREb_9WTYu1B834S	UC6hn0-8I1MGMzDYdVpugR1A	ym 2010s late mb albums p2
I Shall Love 2	Julia Holter	Aviary	INDIFFERENT	c1xaXKvDiqc	MPREb_9WTYu1B834S	UC6hn0-8I1MGMzDYdVpugR1A	ym 2010s late mb albums p2
I Shall Love 1	Julia Holter	Aviary	INDIFFERENT	q-bD_PHZPVE	MPREb_9WTYu1B834S	UC6hn0-8I1MGMzDYdVpugR1A	ym 2010s late mb albums p2
Chaitius	Julia Holter	Aviary	INDIFFERENT	294XAU3GL_4	MPREb_9WTYu1B834S	UC6hn0-8I1MGMzDYdVpugR1A	ym 2010s late mb albums p2
Another Dream	Julia Holter	Aviary	INDIFFERENT	ftuzalkYiAk	MPREb_9WTYu1B834S	UC6hn0-8I1MGMzDYdVpugR1A	ym 2010s late mb albums p2
Wasted (feat. Lil Uzi Vert)	Juice WRLD	Goodbye & Good Riddance	INDIFFERENT	AEc76IWlC_g	MPREb_P2kgjv9edEM	UCbn0GRdgsQtl9hlV-IqxFGg	ym 2010s late mb albums p2
Used To	Juice WRLD	Goodbye & Good Riddance	INDIFFERENT	raHDedgyKxg	MPREb_P2kgjv9edEM	UCbn0GRdgsQtl9hlV-IqxFGg	ym 2010s late mb albums p2
Scared Of Love (with instrumental by Ghost Loft)	Juice WRLD	Goodbye & Good Riddance	INDIFFERENT	AJvWhELZDIY	MPREb_P2kgjv9edEM	UCbn0GRdgsQtl9hlV-IqxFGg	ym 2010s late mb albums p2
Lucid Dreams	Juice WRLD	Goodbye & Good Riddance	INDIFFERENT	hHtv2XMZlKs	MPREb_P2kgjv9edEM	UCbn0GRdgsQtl9hlV-IqxFGg	ym 2010s late mb albums p2
Long Gone	Juice WRLD	Goodbye & Good Riddance	INDIFFERENT	vQULcJ7E1rs	MPREb_P2kgjv9edEM	UCbn0GRdgsQtl9hlV-IqxFGg	ym 2010s late mb albums p2
Lean Wit Me	Juice WRLD	Goodbye & Good Riddance	INDIFFERENT	tbKuEhpadDI	MPREb_P2kgjv9edEM	UCbn0GRdgsQtl9hlV-IqxFGg	ym 2010s late mb albums p2
Karma (Skit)	Juice WRLD	Goodbye & Good Riddance	INDIFFERENT	uwKWcB2KyAg	MPREb_P2kgjv9edEM	UCbn0GRdgsQtl9hlV-IqxFGg	ym 2010s late mb albums p2
Intro	Juice WRLD	Goodbye & Good Riddance	INDIFFERENT	GC5IF1ALTIA	MPREb_P2kgjv9edEM	UCbn0GRdgsQtl9hlV-IqxFGg	ym 2010s late mb albums p2
I'm Still	Juice WRLD	Goodbye & Good Riddance	INDIFFERENT	p90Qh0w_2II	MPREb_P2kgjv9edEM	UCbn0GRdgsQtl9hlV-IqxFGg	ym 2010s late mb albums p2
I'll Be Fine	Juice WRLD	Goodbye & Good Riddance	INDIFFERENT	HSijJun96-8	MPREb_P2kgjv9edEM	UCbn0GRdgsQtl9hlV-IqxFGg	ym 2010s late mb albums p2
Hurt Me	Juice WRLD	Goodbye & Good Riddance	INDIFFERENT	B4JqiqWHtLQ	MPREb_P2kgjv9edEM	UCbn0GRdgsQtl9hlV-IqxFGg	ym 2010s late mb albums p2
End Of The Road	Juice WRLD	Goodbye & Good Riddance	INDIFFERENT	6XvMofl_T9M	MPREb_P2kgjv9edEM	UCbn0GRdgsQtl9hlV-IqxFGg	ym 2010s late mb albums p2
Candles	Juice WRLD	Goodbye & Good Riddance	INDIFFERENT	XtjeEZj5Kgg	MPREb_P2kgjv9edEM	UCbn0GRdgsQtl9hlV-IqxFGg	ym 2010s late mb albums p2
Black & White	Juice WRLD	Goodbye & Good Riddance	INDIFFERENT	BiD327vRAto	MPREb_P2kgjv9edEM	UCbn0GRdgsQtl9hlV-IqxFGg	ym 2010s late mb albums p2
Betrayal (Skit)	Juice WRLD	Goodbye & Good Riddance	INDIFFERENT	maKi24EicsY	MPREb_P2kgjv9edEM	UCbn0GRdgsQtl9hlV-IqxFGg	ym 2010s late mb albums p2
Armed And Dangerous	Juice WRLD	Goodbye & Good Riddance	INDIFFERENT	GhdGWTZs1rc	MPREb_P2kgjv9edEM	UCbn0GRdgsQtl9hlV-IqxFGg	ym 2010s late mb albums p2
All Girls Are The Same	Juice WRLD	Goodbye & Good Riddance	INDIFFERENT	h2H5hgpRm-Q	MPREb_P2kgjv9edEM	UCbn0GRdgsQtl9hlV-IqxFGg	ym 2010s late mb albums p2
Sin dones	Juana Molina	Halo	INDIFFERENT	_ATvaAL0iEU	MPREb_bm0W4Hpztta	UCmwrZKN_TKoEcCQiC2UwEVQ	ym 2010s late mb albums p2
Paraguaya	Juana Molina	Halo	INDIFFERENT	Xg42YlLgbuU	MPREb_bm0W4Hpztta	UCmwrZKN_TKoEcCQiC2UwEVQ	ym 2010s late mb albums p2
Los pies helados	Juana Molina	Halo	INDIFFERENT	O5Bt21HYfYI	MPREb_bm0W4Hpztta	UCmwrZKN_TKoEcCQiC2UwEVQ	ym 2010s late mb albums p2
Lentísimo halo	Juana Molina	Halo	INDIFFERENT	LZHrqt53KEI	MPREb_bm0W4Hpztta	UCmwrZKN_TKoEcCQiC2UwEVQ	ym 2010s late mb albums p2
In the lassa	Juana Molina	Halo	INDIFFERENT	FkLPOFjfrzI	MPREb_bm0W4Hpztta	UCmwrZKN_TKoEcCQiC2UwEVQ	ym 2010s late mb albums p2
Estalacticas	Juana Molina	Halo	INDIFFERENT	Zriz4tI0v9s	MPREb_bm0W4Hpztta	UCmwrZKN_TKoEcCQiC2UwEVQ	ym 2010s late mb albums p2
Cálculos y oráculos	Juana Molina	Halo	INDIFFERENT	mD2uvaNM4Ts	MPREb_bm0W4Hpztta	UCmwrZKN_TKoEcCQiC2UwEVQ	ym 2010s late mb albums p2
Cosoco	Juana Molina	Halo	INDIFFERENT	d72KwbnmbbE	MPREb_bm0W4Hpztta	UCmwrZKN_TKoEcCQiC2UwEVQ	ym 2010s late mb albums p2
Cara de espejo	Juana Molina	Halo	INDIFFERENT	k0x8Hj1Ghes	MPREb_bm0W4Hpztta	UCmwrZKN_TKoEcCQiC2UwEVQ	ym 2010s late mb albums p2
Andó	Juana Molina	Halo	INDIFFERENT	RtPJMXqZDbo	MPREb_bm0W4Hpztta	UCmwrZKN_TKoEcCQiC2UwEVQ	ym 2010s late mb albums p2
Al oeste	Juana Molina	Halo	INDIFFERENT	wD6JGQS05NY	MPREb_bm0W4Hpztta	UCmwrZKN_TKoEcCQiC2UwEVQ	ym 2010s late mb albums p2
A00 B01	Juana Molina	Halo	INDIFFERENT	XKfxtnuPAq0	MPREb_bm0W4Hpztta	UCmwrZKN_TKoEcCQiC2UwEVQ	ym 2010s late mb albums p2
When You're Bored	Joywave	Content	INDIFFERENT	HVG3-Ov3LhE	MPREb_DhkaJV6Z0C0	UCrBNz4Uz3JyTGuEJC61OAgw	ym 2010s late mb albums p2
Thanks. Thanks for Coming	Joywave	Content	INDIFFERENT	m4zgRjsM7GM	MPREb_DhkaJV6Z0C0	UCrBNz4Uz3JyTGuEJC61OAgw	ym 2010s late mb albums p2
Shutdown	Joywave	Content	INDIFFERENT	DTsLD9-ISEY	MPREb_DhkaJV6Z0C0	UCrBNz4Uz3JyTGuEJC61OAgw	ym 2010s late mb albums p2
Rumors	Joywave	Content	INDIFFERENT	WMhL9_GG184	MPREb_DhkaJV6Z0C0	UCrBNz4Uz3JyTGuEJC61OAgw	ym 2010s late mb albums p2
Little Lies You're Told	Joywave	Content	INDIFFERENT	ZNbprN0biiY	MPREb_DhkaJV6Z0C0	UCrBNz4Uz3JyTGuEJC61OAgw	ym 2010s late mb albums p2
Let's Talk About Feelings	Joywave	Content	INDIFFERENT	jpdNwc4i31Q	MPREb_DhkaJV6Z0C0	UCrBNz4Uz3JyTGuEJC61OAgw	ym 2010s late mb albums p2
It's A Trip!	Joywave	Content	INDIFFERENT	PZJMnLUrRjU	MPREb_DhkaJV6Z0C0	UCrBNz4Uz3JyTGuEJC61OAgw	ym 2010s late mb albums p2
Going to a Place	Joywave	Content	INDIFFERENT	okTSbkfUNHk	MPREb_DhkaJV6Z0C0	UCrBNz4Uz3JyTGuEJC61OAgw	ym 2010s late mb albums p2
Doubt	Joywave	Content	INDIFFERENT	ly4alMW2jDQ	MPREb_DhkaJV6Z0C0	UCrBNz4Uz3JyTGuEJC61OAgw	ym 2010s late mb albums p2
Content	Joywave	Content	INDIFFERENT	0b2wsRwQ1Ag	MPREb_DhkaJV6Z0C0	UCrBNz4Uz3JyTGuEJC61OAgw	ym 2010s late mb albums p2
Confidence	Joywave	Content	INDIFFERENT	3YTLbInLQeE	MPREb_DhkaJV6Z0C0	UCrBNz4Uz3JyTGuEJC61OAgw	ym 2010s late mb albums p2
Wildflowers	Joyce Manor	Million Dollars to Kill Me	INDIFFERENT	K1IivGbjgKk	MPREb_7Q5C4uJ6Rsq	UCHXBa0__dJZ9LbjOlp4udtA	ym 2010s late mb albums p2
Up The Punx	Joyce Manor	Million Dollars to Kill Me	INDIFFERENT	nfOjCQFEKtc	MPREb_7Q5C4uJ6Rsq	UCHXBa0__dJZ9LbjOlp4udtA	ym 2010s late mb albums p2
Think I'm Still In Love With You	Joyce Manor	Million Dollars to Kill Me	INDIFFERENT	3NBiPFAIus8	MPREb_7Q5C4uJ6Rsq	UCHXBa0__dJZ9LbjOlp4udtA	ym 2010s late mb albums p2
I'm Not The One	Joyce Manor	Million Dollars to Kill Me	INDIFFERENT	As_xAjOlKLA	MPREb_7Q5C4uJ6Rsq	UCHXBa0__dJZ9LbjOlp4udtA	ym 2010s late mb albums p2
Gone Tomorrow	Joyce Manor	Million Dollars to Kill Me	INDIFFERENT	fV2mPozJpUo	MPREb_7Q5C4uJ6Rsq	UCHXBa0__dJZ9LbjOlp4udtA	ym 2010s late mb albums p2
Friends We Met Online	Joyce Manor	Million Dollars to Kill Me	INDIFFERENT	198YEyq74do	MPREb_7Q5C4uJ6Rsq	UCHXBa0__dJZ9LbjOlp4udtA	ym 2010s late mb albums p2
Big Lie	Joyce Manor	Million Dollars to Kill Me	INDIFFERENT	RUJo3RcyF-U	MPREb_7Q5C4uJ6Rsq	UCHXBa0__dJZ9LbjOlp4udtA	ym 2010s late mb albums p2
Rainbow (feat. Danny Watts)	Jonwayne	Rap Album Two	INDIFFERENT	1DbfYj24dFI	MPREb_N18IGsWCF5k	UCvc5goRDzFHpP_n_ro2kNFA	ym 2010s late mb albums p2
Out of Sight	Jonwayne	Rap Album Two	INDIFFERENT	vMucoAUuRC4	MPREb_N18IGsWCF5k	UCvc5goRDzFHpP_n_ro2kNFA	ym 2010s late mb albums p2
LIVE from the Fuck You	Jonwayne	Rap Album Two	INDIFFERENT	EgzdFxgkZDk	MPREb_N18IGsWCF5k	UCvc5goRDzFHpP_n_ro2kNFA	ym 2010s late mb albums p2
Human Condition	Jonwayne	Rap Album Two	INDIFFERENT	kqIiimekLLQ	MPREb_N18IGsWCF5k	UCvc5goRDzFHpP_n_ro2kNFA	ym 2010s late mb albums p2
City Lights	Jonwayne	Rap Album Two	INDIFFERENT	iU3MJb2LXd4	MPREb_N18IGsWCF5k	UCvc5goRDzFHpP_n_ro2kNFA	ym 2010s late mb albums p2
Blue Green (feat. Low Leaf)	Jonwayne	Rap Album Two	INDIFFERENT	1Qn24Q7OT0Y	MPREb_N18IGsWCF5k	UCvc5goRDzFHpP_n_ro2kNFA	ym 2010s late mb albums p2
Recovery	Jon Hopkins	Singularity	INDIFFERENT	MaqlsAmlbzo	MPREb_0PK1Uql7ufV	UCpbWC9Xun4IM_28zH623-nw	ym 2010s late mb albums p2
Luminous Beings	Jon Hopkins	Singularity	INDIFFERENT	pz0qnpvbMOk	MPREb_0PK1Uql7ufV	UCpbWC9Xun4IM_28zH623-nw	ym 2010s late mb albums p2
Echo Dissolve	Jon Hopkins	Singularity	INDIFFERENT	2vYOYz6zVyA	MPREb_0PK1Uql7ufV	UCpbWC9Xun4IM_28zH623-nw	ym 2010s late mb albums p2
iRobot	Jon Bellion	The Human Condition	INDIFFERENT	tZWrBgPxvZ8	MPREb_3Q8Ufc0QMgP	UC7LwDo1k9K68iCmGhlfgjYw	ym 2010s late mb albums p2
Woke The F*ck Up	Jon Bellion	The Human Condition	INDIFFERENT	hIFTCoM10-U	MPREb_3Q8Ufc0QMgP	UC7LwDo1k9K68iCmGhlfgjYw	ym 2010s late mb albums p2
Weight Of The World (feat. Blaque Keyz)	Jon Bellion	The Human Condition	INDIFFERENT	NKRTphaSKEw	MPREb_3Q8Ufc0QMgP	UC7LwDo1k9K68iCmGhlfgjYw	ym 2010s late mb albums p2
The Good In Me	Jon Bellion	The Human Condition	INDIFFERENT	vMTUGupx83g	MPREb_3Q8Ufc0QMgP	UC7LwDo1k9K68iCmGhlfgjYw	ym 2010s late mb albums p2
Overwhelming	Jon Bellion	The Human Condition	INDIFFERENT	uOebscm4sLM	MPREb_3Q8Ufc0QMgP	UC7LwDo1k9K68iCmGhlfgjYw	ym 2010s late mb albums p2
Morning In America	Jon Bellion	The Human Condition	INDIFFERENT	tYzUM7c9Ohk	MPREb_3Q8Ufc0QMgP	UC7LwDo1k9K68iCmGhlfgjYw	ym 2010s late mb albums p2
Maybe IDK	Jon Bellion	The Human Condition	INDIFFERENT	wM_o446FXmc	MPREb_3Q8Ufc0QMgP	UC7LwDo1k9K68iCmGhlfgjYw	ym 2010s late mb albums p2
Hand Of God (Outro)	Jon Bellion	The Human Condition	INDIFFERENT	UYdmI0o3XNQ	MPREb_3Q8Ufc0QMgP	UC7LwDo1k9K68iCmGhlfgjYw	ym 2010s late mb albums p2
Fashion	Jon Bellion	The Human Condition	INDIFFERENT	yP6ftYM76nU	MPREb_3Q8Ufc0QMgP	UC7LwDo1k9K68iCmGhlfgjYw	ym 2010s late mb albums p2
80's Films	Jon Bellion	The Human Condition	INDIFFERENT	FU7ZyFmRqwc	MPREb_3Q8Ufc0QMgP	UC7LwDo1k9K68iCmGhlfgjYw	ym 2010s late mb albums p2
XNXX	Joji	BALLADS 1	INDIFFERENT	yRfiB42Rni8	MPREb_EMUzictaCsc	UCXi-Rme73-wjVK5IE78a3SQ	ym 2010s late mb albums p2
WHY AM I STILL IN LA (feat. Shlohmo & D33J)	Joji	BALLADS 1	INDIFFERENT	gRn9xBlp6xM	MPREb_EMUzictaCsc	UCXi-Rme73-wjVK5IE78a3SQ	ym 2010s late mb albums p2
TEST DRIVE	Joji	BALLADS 1	INDIFFERENT	cLLpx7vyJN4	MPREb_EMUzictaCsc	UCXi-Rme73-wjVK5IE78a3SQ	ym 2010s late mb albums p2
R.I.P. (feat. Trippie Redd)	Joji	BALLADS 1	INDIFFERENT	jEBCckXVdos	MPREb_EMUzictaCsc	UCXi-Rme73-wjVK5IE78a3SQ	ym 2010s late mb albums p2
NO FUN	Joji	BALLADS 1	INDIFFERENT	H0ab0AQU5Cs	MPREb_EMUzictaCsc	UCXi-Rme73-wjVK5IE78a3SQ	ym 2010s late mb albums p2
I'LL SEE YOU IN 40	Joji	BALLADS 1	INDIFFERENT	wPd1wlsbZro	MPREb_EMUzictaCsc	UCXi-Rme73-wjVK5IE78a3SQ	ym 2010s late mb albums p2
COME THRU	Joji	BALLADS 1	INDIFFERENT	BQuFJvQOlk4	MPREb_EMUzictaCsc	UCXi-Rme73-wjVK5IE78a3SQ	ym 2010s late mb albums p2
ATTENTION	Joji	BALLADS 1	INDIFFERENT	2_P5kXPY8nI	MPREb_EMUzictaCsc	UCXi-Rme73-wjVK5IE78a3SQ	ym 2010s late mb albums p2
No Ordinary Blue	John Prine	The Tree of Forgiveness	INDIFFERENT	Shc_HpstEjw	MPREb_bN1DYB9obki	UClIcMOmbAI3puJ0jb37UbHw	ym 2010s late mb albums p2
God Only Knows	John Prine	The Tree of Forgiveness	INDIFFERENT	Utgy0GG6Xlg	MPREb_bN1DYB9obki	UClIcMOmbAI3puJ0jb37UbHw	ym 2010s late mb albums p2
Walls of Silence	John Maus	Screen Memories	INDIFFERENT	W_aJ3q04W-0	MPREb_kp2baTNKovu	UC6HgSXIpoZkKW3avUQB0HrA	ym 2010s late mb albums p2
Touchdown	John Maus	Screen Memories	INDIFFERENT	myuUejiUjAQ	MPREb_kp2baTNKovu	UC6HgSXIpoZkKW3avUQB0HrA	ym 2010s late mb albums p2
The People Are Missing	John Maus	Screen Memories	INDIFFERENT	bEqFjwNcmF4	MPREb_kp2baTNKovu	UC6HgSXIpoZkKW3avUQB0HrA	ym 2010s late mb albums p2
The Combine	John Maus	Screen Memories	INDIFFERENT	RdMxLyHW5uQ	MPREb_kp2baTNKovu	UC6HgSXIpoZkKW3avUQB0HrA	ym 2010s late mb albums p2
Teenage Witch	John Maus	Screen Memories	INDIFFERENT	ah9HmpmcxFE	MPREb_kp2baTNKovu	UC6HgSXIpoZkKW3avUQB0HrA	ym 2010s late mb albums p2
Sensitive Recollections	John Maus	Screen Memories	INDIFFERENT	zP-NrJYkHX8	MPREb_kp2baTNKovu	UC6HgSXIpoZkKW3avUQB0HrA	ym 2010s late mb albums p2
Pets	John Maus	Screen Memories	INDIFFERENT	tPKOl_Jgfag	MPREb_kp2baTNKovu	UC6HgSXIpoZkKW3avUQB0HrA	ym 2010s late mb albums p2
Over Phantom	John Maus	Screen Memories	INDIFFERENT	ERd8nZySESs	MPREb_kp2baTNKovu	UC6HgSXIpoZkKW3avUQB0HrA	ym 2010s late mb albums p2
Find Out	John Maus	Screen Memories	INDIFFERENT	dSDc1-1peIE	MPREb_kp2baTNKovu	UC6HgSXIpoZkKW3avUQB0HrA	ym 2010s late mb albums p2
Edge of Forever	John Maus	Screen Memories	INDIFFERENT	vAexYObFTnY	MPREb_kp2baTNKovu	UC6HgSXIpoZkKW3avUQB0HrA	ym 2010s late mb albums p2
Decide Decide	John Maus	Screen Memories	INDIFFERENT	8BWSo1OyAs8	MPREb_kp2baTNKovu	UC6HgSXIpoZkKW3avUQB0HrA	ym 2010s late mb albums p2
Bombs Away	John Maus	Screen Memories	INDIFFERENT	Wb71j4OZ-js	MPREb_kp2baTNKovu	UC6HgSXIpoZkKW3avUQB0HrA	ym 2010s late mb albums p2
When I'm Gone (feat. Teddy Jackson)	Joey Purp	iiiDrops	INDIFFERENT	bDgiY2IWfG4	MPREb_E7k4ToKZYro	UCFeqIIerlzSztjGlWyyrf0Q	ym 2010s late mb albums p2
Say You Do	Joey Purp	iiiDrops	INDIFFERENT	NXDXkvCcA1I	MPREb_E7k4ToKZYro	UCFeqIIerlzSztjGlWyyrf0Q	ym 2010s late mb albums p2
Kids	Joey Purp	iiiDrops	INDIFFERENT	bOf50L4PlOM	MPREb_E7k4ToKZYro	UCFeqIIerlzSztjGlWyyrf0Q	ym 2010s late mb albums p2
Escape	Joey Purp	iiiDrops	INDIFFERENT	61DPpIzqbKI	MPREb_E7k4ToKZYro	UCFeqIIerlzSztjGlWyyrf0Q	ym 2010s late mb albums p2
Cornerstore (feat. Saba & the Mind)	Joey Purp	iiiDrops	INDIFFERENT	6qom6CxVrY4	MPREb_E7k4ToKZYro	UCFeqIIerlzSztjGlWyyrf0Q	ym 2010s late mb albums p2
QUARTERTHING	Joey Purp	QUARTERTHING	INDIFFERENT	U1V9549xpFo	MPREb_CJg7kqkN4SM	UCFeqIIerlzSztjGlWyyrf0Q	ym 2010s late mb albums p2
Paint Thinner	Joey Purp	QUARTERTHING	INDIFFERENT	D9fp71pYcNQ	MPREb_CJg7kqkN4SM	UCFeqIIerlzSztjGlWyyrf0Q	ym 2010s late mb albums p2
Look At My Wrist (feat. CDot Honcho)	Joey Purp	QUARTERTHING	INDIFFERENT	RUP_mQ1RTOY	MPREb_CJg7kqkN4SM	UCFeqIIerlzSztjGlWyyrf0Q	ym 2010s late mb albums p2
Lebron James	Joey Purp	QUARTERTHING	INDIFFERENT	01jas5TMghM	MPREb_CJg7kqkN4SM	UCFeqIIerlzSztjGlWyyrf0Q	ym 2010s late mb albums p2
Karl Malone	Joey Purp	QUARTERTHING	INDIFFERENT	akfz79GEmE4	MPREb_CJg7kqkN4SM	UCFeqIIerlzSztjGlWyyrf0Q	ym 2010s late mb albums p2
In The Morning (feat. GZA)	Joey Purp	QUARTERTHING	INDIFFERENT	ndq14ioJmGM	MPREb_CJg7kqkN4SM	UCFeqIIerlzSztjGlWyyrf0Q	ym 2010s late mb albums p2
Fessional/Diamonds Dancing (feat. Queen Key)	Joey Purp	QUARTERTHING	INDIFFERENT	CNKKwLAOhos	MPREb_CJg7kqkN4SM	UCFeqIIerlzSztjGlWyyrf0Q	ym 2010s late mb albums p2
Elastic	Joey Purp	QUARTERTHING	INDIFFERENT	0INRaXvzOi4	MPREb_CJg7kqkN4SM	UCFeqIIerlzSztjGlWyyrf0Q	ym 2010s late mb albums p2
Bag Talk	Joey Purp	QUARTERTHING	INDIFFERENT	44xvg_XqnB4	MPREb_CJg7kqkN4SM	UCFeqIIerlzSztjGlWyyrf0Q	ym 2010s late mb albums p2
Aw Sh*t!	Joey Purp	QUARTERTHING	INDIFFERENT	Cg1DujqlDGI	MPREb_CJg7kqkN4SM	UCFeqIIerlzSztjGlWyyrf0Q	ym 2010s late mb albums p2
24k Gold/Sanctified (feat. Ravyn Lenae & Jack Red)	Joey Purp	QUARTERTHING	INDIFFERENT	X76MTaYRB54	MPREb_CJg7kqkN4SM	UCFeqIIerlzSztjGlWyyrf0Q	ym 2010s late mb albums p2
2012	Joey Purp	QUARTERTHING	INDIFFERENT	cHV2c4y3nZo	MPREb_CJg7kqkN4SM	UCFeqIIerlzSztjGlWyyrf0Q	ym 2010s late mb albums p2
Y U DON'T LOVE ME? (MISS AMERIKKKA)	Joey Bada$$	ALL-AMERIKKKAN BADA$$	INDIFFERENT	X2LtglBDhBM	MPREb_kc2Ccmqs31T	UCCQZCaEwq3-mc5pj8be31Uw	ym 2010s late mb albums p2
SUPER PREDATOR (feat. Styles P)	Joey Bada$$	ALL-AMERIKKKAN BADA$$	INDIFFERENT	LqQGRPUH9tk	MPREb_kc2Ccmqs31T	UCCQZCaEwq3-mc5pj8be31Uw	ym 2010s late mb albums p2
ROCKABYE BABY (feat. ScHoolboy Q)	Joey Bada$$	ALL-AMERIKKKAN BADA$$	INDIFFERENT	Qs_qzUkZRnk	MPREb_kc2Ccmqs31T	UCCQZCaEwq3-mc5pj8be31Uw	ym 2010s late mb albums p2
LEGENDARY (feat. J. Cole)	Joey Bada$$	ALL-AMERIKKKAN BADA$$	INDIFFERENT	7AQOOiaeFbc	MPREb_kc2Ccmqs31T	UCCQZCaEwq3-mc5pj8be31Uw	ym 2010s late mb albums p2
GOOD MORNING AMERIKKKA	Joey Bada$$	ALL-AMERIKKKAN BADA$$	INDIFFERENT	f8zDRW5dBQ4	MPREb_kc2Ccmqs31T	UCCQZCaEwq3-mc5pj8be31Uw	ym 2010s late mb albums p2
FOR MY PEOPLE	Joey Bada$$	ALL-AMERIKKKAN BADA$$	INDIFFERENT	A2AzHYf7oHg	MPREb_kc2Ccmqs31T	UCCQZCaEwq3-mc5pj8be31Uw	ym 2010s late mb albums p2
DEVASTATED	Joey Bada$$	ALL-AMERIKKKAN BADA$$	INDIFFERENT	_Ig2j9gVees	MPREb_kc2Ccmqs31T	UCCQZCaEwq3-mc5pj8be31Uw	ym 2010s late mb albums p2
AMERIKKKAN IDOL	Joey Bada$$	ALL-AMERIKKKAN BADA$$	INDIFFERENT	E8XWsjZC1H0	MPREb_kc2Ccmqs31T	UCCQZCaEwq3-mc5pj8be31Uw	ym 2010s late mb albums p2
You Will Not Take My Heart Alive	Joanna Newsom	Divers	INDIFFERENT	rIJF74pMsEA	MPREb_1lt28u388Et	UCxryNXM8TczaqTHPS3YtAbg	ym 2010s late mb albums p2
Waltz of the 101st Lightborne	Joanna Newsom	Divers	INDIFFERENT	MiR0M4BrRW0	MPREb_1lt28u388Et	UCxryNXM8TczaqTHPS3YtAbg	ym 2010s late mb albums p2
Time, As a Symptom	Joanna Newsom	Divers	INDIFFERENT	PYefVGPHAE8	MPREb_1lt28u388Et	UCxryNXM8TczaqTHPS3YtAbg	ym 2010s late mb albums p2
The Things I Say	Joanna Newsom	Divers	INDIFFERENT	eupLpsycx3Y	MPREb_1lt28u388Et	UCxryNXM8TczaqTHPS3YtAbg	ym 2010s late mb albums p2
Sapokanikan	Joanna Newsom	Divers	INDIFFERENT	TLJUgoWlFns	MPREb_1lt28u388Et	UCxryNXM8TczaqTHPS3YtAbg	ym 2010s late mb albums p2
Same Old Man	Joanna Newsom	Divers	INDIFFERENT	pHXMWn8e0qI	MPREb_1lt28u388Et	UCxryNXM8TczaqTHPS3YtAbg	ym 2010s late mb albums p2
Leaving the City	Joanna Newsom	Divers	INDIFFERENT	LRmMVCeVZo8	MPREb_1lt28u388Et	UCxryNXM8TczaqTHPS3YtAbg	ym 2010s late mb albums p2
Divers	Joanna Newsom	Divers	INDIFFERENT	C1rdtznkIRY	MPREb_1lt28u388Et	UCxryNXM8TczaqTHPS3YtAbg	ym 2010s late mb albums p2
Anecdotes	Joanna Newsom	Divers	INDIFFERENT	XkluRt3UA7E	MPREb_1lt28u388Et	UCxryNXM8TczaqTHPS3YtAbg	ym 2010s late mb albums p2
A Pin-Light Bent	Joanna Newsom	Divers	INDIFFERENT	mGGACynh37k	MPREb_1lt28u388Et	UCxryNXM8TczaqTHPS3YtAbg	ym 2010s late mb albums p2
The Third Script	Jo Berger Myhre & Ólafur Björn OIafsson	The Third Script	INDIFFERENT	CilYj9kQ9sM	MPREb_A0zUXzLpG9P		ym 2010s late mb albums p2
Ravening	Jo Berger Myhre & Ólafur Björn OIafsson	The Third Script	INDIFFERENT	SBM6Z-FO0Ok	MPREb_A0zUXzLpG9P		ym 2010s late mb albums p2
Orifice	Jo Berger Myhre & Ólafur Björn OIafsson	The Third Script	INDIFFERENT	De21pOzegqU	MPREb_A0zUXzLpG9P		ym 2010s late mb albums p2
1000 %	Jo Berger Myhre & Ólafur Björn OIafsson	The Third Script	INDIFFERENT	yLz8Dd3rAVM	MPREb_A0zUXzLpG9P		ym 2010s late mb albums p2
Nyakinyua Rise	Jlin	Black Origami	INDIFFERENT	lGAy8KpeqR0	MPREb_RgJw8zRp0lh	UCt6xmVKYxYWyAyNc7fI6JHg	ym 2010s late mb albums p2
Never Created, Never Destroyed	Jlin	Black Origami	INDIFFERENT	VLBBQA7thBU	MPREb_RgJw8zRp0lh	UCt6xmVKYxYWyAyNc7fI6JHg	ym 2010s late mb albums p2
Nandi	Jlin	Black Origami	INDIFFERENT	NU_oKf4lg4M	MPREb_RgJw8zRp0lh	UCt6xmVKYxYWyAyNc7fI6JHg	ym 2010s late mb albums p2
Kyanite	Jlin	Black Origami	INDIFFERENT	9E0qBhpz4cQ	MPREb_RgJw8zRp0lh	UCt6xmVKYxYWyAyNc7fI6JHg	ym 2010s late mb albums p2
Holy Child	Jlin	Black Origami	INDIFFERENT	yFQG6w-PRkk	MPREb_RgJw8zRp0lh	UCt6xmVKYxYWyAyNc7fI6JHg	ym 2010s late mb albums p2
Hatshepsut	Jlin	Black Origami	INDIFFERENT	9m9Zvc_Q8-g	MPREb_RgJw8zRp0lh	UCt6xmVKYxYWyAyNc7fI6JHg	ym 2010s late mb albums p2
Enigma	Jlin	Black Origami	INDIFFERENT	RV31LLcJe9M	MPREb_RgJw8zRp0lh	UCt6xmVKYxYWyAyNc7fI6JHg	ym 2010s late mb albums p2
Challenge (To Be Continued)	Jlin	Black Origami	INDIFFERENT	QNfpH_QvBh0	MPREb_RgJw8zRp0lh	UCt6xmVKYxYWyAyNc7fI6JHg	ym 2010s late mb albums p2
Carbon 7 (161)	Jlin	Black Origami	INDIFFERENT	qpbOYU-Y9vs	MPREb_RgJw8zRp0lh	UCt6xmVKYxYWyAyNc7fI6JHg	ym 2010s late mb albums p2
Calcination	Jlin	Black Origami	INDIFFERENT	Q43o1ii4OEo	MPREb_RgJw8zRp0lh	UCt6xmVKYxYWyAyNc7fI6JHg	ym 2010s late mb albums p2
Black Origami	Jlin	Black Origami	INDIFFERENT	7pjLzkT3ex8	MPREb_RgJw8zRp0lh	UCt6xmVKYxYWyAyNc7fI6JHg	ym 2010s late mb albums p2
Eternally Even	Jim James	Eternally Even	INDIFFERENT	kTwnXMYyIPg	MPREb_jRBnzSfJPuF	UChQ_avSMhf4xlnfayVLbQAQ	ym 2010s late mb albums p2
Vivica	Jessy Lanza	Oh No	INDIFFERENT	qf7gdrjaZ_c	MPREb_UEZxnZJFmoH	UCbt-qlNbbay2cfbLAghJACA	ym 2010s late mb albums p2
VV Violence	Jessy Lanza	Oh No	INDIFFERENT	FwN8hgYxKtE	MPREb_UEZxnZJFmoH	UCbt-qlNbbay2cfbLAghJACA	ym 2010s late mb albums p2
Oh No	Jessy Lanza	Oh No	INDIFFERENT	zIFQXyCSaU8	MPREb_UEZxnZJFmoH	UCbt-qlNbbay2cfbLAghJACA	ym 2010s late mb albums p2
New Ogi	Jessy Lanza	Oh No	INDIFFERENT	tnnwuf8_m1U	MPREb_UEZxnZJFmoH	UCbt-qlNbbay2cfbLAghJACA	ym 2010s late mb albums p2
Never Enough	Jessy Lanza	Oh No	INDIFFERENT	eO2fbtLSjr4	MPREb_UEZxnZJFmoH	UCbt-qlNbbay2cfbLAghJACA	ym 2010s late mb albums p2
It Means I Love You	Jessy Lanza	Oh No	INDIFFERENT	RrUsBPnjsxQ	MPREb_UEZxnZJFmoH	UCbt-qlNbbay2cfbLAghJACA	ym 2010s late mb albums p2
I Talk BB	Jessy Lanza	Oh No	INDIFFERENT	Ds94uc7lQ4U	MPREb_UEZxnZJFmoH	UCbt-qlNbbay2cfbLAghJACA	ym 2010s late mb albums p2
Going Somewhere	Jessy Lanza	Oh No	INDIFFERENT	-hXothjfdwc	MPREb_UEZxnZJFmoH	UCbt-qlNbbay2cfbLAghJACA	ym 2010s late mb albums p2
Could Be U	Jessy Lanza	Oh No	INDIFFERENT	KGg3KagFK_I	MPREb_UEZxnZJFmoH	UCbt-qlNbbay2cfbLAghJACA	ym 2010s late mb albums p2
Begins	Jessy Lanza	Oh No	INDIFFERENT	aPIxIIgl2Ng	MPREb_UEZxnZJFmoH	UCbt-qlNbbay2cfbLAghJACA	ym 2010s late mb albums p2
This Time Around	Jessica Pratt	Quiet Signs	INDIFFERENT	sRjuw6b9X1Q	MPREb_zmbqHbyzHzY	UCOtAQMKsNu-FNswqYHQfv_g	ym 2010s late mb albums p2
Here My Love	Jessica Pratt	Quiet Signs	INDIFFERENT	mc9V7J3He3k	MPREb_zmbqHbyzHzY	UCOtAQMKsNu-FNswqYHQfv_g	ym 2010s late mb albums p2
Crossing	Jessica Pratt	Quiet Signs	INDIFFERENT	91OfDLGQymA	MPREb_zmbqHbyzHzY	UCOtAQMKsNu-FNswqYHQfv_g	ym 2010s late mb albums p2
Aeroplane	Jessica Pratt	Quiet Signs	INDIFFERENT	kASK8VmZvTw	MPREb_zmbqHbyzHzY	UCOtAQMKsNu-FNswqYHQfv_g	ym 2010s late mb albums p2
Teck Et Bambou	Jessica Lauren	Almería	INDIFFERENT	tV_qvkQY3j0	MPREb_TJ3NioyeFpm	UCT9p0NQuQloPVb-OAbitwGw	ym 2010s late mb albums p2
Simba Jike	Jessica Lauren	Almería	INDIFFERENT	vXu8xKVXIjE	MPREb_TJ3NioyeFpm	UCT9p0NQuQloPVb-OAbitwGw	ym 2010s late mb albums p2
Kofi Nomad	Jessica Lauren	Almería	INDIFFERENT	WmmKVgaS-pY	MPREb_TJ3NioyeFpm	UCT9p0NQuQloPVb-OAbitwGw	ym 2010s late mb albums p2
Chocolate Con Churros	Jessica Lauren	Almería	INDIFFERENT	p9kFiKnUcIQ	MPREb_TJ3NioyeFpm	UCT9p0NQuQloPVb-OAbitwGw	ym 2010s late mb albums p2
Chichourlette	Jessica Lauren	Almería	INDIFFERENT	oTcjOxwhm48	MPREb_TJ3NioyeFpm	UCT9p0NQuQloPVb-OAbitwGw	ym 2010s late mb albums p2
Bells Ring for Esmeralda	Jessica Lauren	Almería	INDIFFERENT	NlUtWgj98zs	MPREb_TJ3NioyeFpm	UCT9p0NQuQloPVb-OAbitwGw	ym 2010s late mb albums p2
Beija Flor	Jessica Lauren	Almería	INDIFFERENT	gEFsmTHMxRM	MPREb_TJ3NioyeFpm	UCT9p0NQuQloPVb-OAbitwGw	ym 2010s late mb albums p2
Argentina	Jessica Lauren	Almería	INDIFFERENT	w3eeIhzjDoo	MPREb_TJ3NioyeFpm	UCT9p0NQuQloPVb-OAbitwGw	ym 2010s late mb albums p2
Amalfi	Jessica Lauren	Almería	INDIFFERENT	TUmlpo6uLNE	MPREb_TJ3NioyeFpm	UCT9p0NQuQloPVb-OAbitwGw	ym 2010s late mb albums p2
Stargazers	Jerry Paper	Toon Time Raw!	INDIFFERENT	jr9Nw4PoB1o	MPREb_td3rXI6ZYqc	UC-fiA0gSpkSpk0uVMIO1S3Q	ym 2010s late mb albums p2
Plans	Jerry Paper	Toon Time Raw!	INDIFFERENT	VI5sqQmgNqg	MPREb_td3rXI6ZYqc	UC-fiA0gSpkSpk0uVMIO1S3Q	ym 2010s late mb albums p2
Nirvana Mañana	Jerry Paper	Toon Time Raw!	INDIFFERENT	GHnE4owXGCE	MPREb_td3rXI6ZYqc	UC-fiA0gSpkSpk0uVMIO1S3Q	ym 2010s late mb albums p2
Jumbo Ron	Jerry Paper	Toon Time Raw!	INDIFFERENT	HMgI3QiDIKc	MPREb_td3rXI6ZYqc	UC-fiA0gSpkSpk0uVMIO1S3Q	ym 2010s late mb albums p2
In the Puzzle Room	Jerry Paper	Toon Time Raw!	INDIFFERENT	HTX-A4hP0VY	MPREb_td3rXI6ZYqc	UC-fiA0gSpkSpk0uVMIO1S3Q	ym 2010s late mb albums p2
Hijinks Ensue	Jerry Paper	Toon Time Raw!	INDIFFERENT	neYzExigucc	MPREb_td3rXI6ZYqc	UC-fiA0gSpkSpk0uVMIO1S3Q	ym 2010s late mb albums p2
Gracie II	Jerry Paper	Toon Time Raw!	INDIFFERENT	hqovqj8tBb4	MPREb_td3rXI6ZYqc	UC-fiA0gSpkSpk0uVMIO1S3Q	ym 2010s late mb albums p2
Elastic Last Act	Jerry Paper	Toon Time Raw!	INDIFFERENT	SglGpSKXcHI	MPREb_td3rXI6ZYqc	UC-fiA0gSpkSpk0uVMIO1S3Q	ym 2010s late mb albums p2
Sweetness on My Tongue	Jerry Folk	Leisure Tapes	INDIFFERENT	RfbfGdUKaKk	MPREb_wjKoROl5UaL	UC5-OYR5JbQpphvijG4imU0w	ym 2010s late mb albums p2
Sea Salt	Jerry Folk	Leisure Tapes	INDIFFERENT	aXLA_FYFvrw	MPREb_wjKoROl5UaL	UC5-OYR5JbQpphvijG4imU0w	ym 2010s late mb albums p2
Lesson	Jerry Folk	Leisure Tapes	INDIFFERENT	s1qBri3PZWk	MPREb_wjKoROl5UaL	UC5-OYR5JbQpphvijG4imU0w	ym 2010s late mb albums p2
Give In	Jerry Folk	Leisure Tapes	INDIFFERENT	gdidy_Z016Q	MPREb_wjKoROl5UaL	UC5-OYR5JbQpphvijG4imU0w	ym 2010s late mb albums p2
Bakers	Jerry Folk	Leisure Tapes	INDIFFERENT	4JJqRtmtpT8	MPREb_wjKoROl5UaL	UC5-OYR5JbQpphvijG4imU0w	ym 2010s late mb albums p2
Another Night	Jerry Folk	Leisure Tapes	INDIFFERENT	mVBR_yDFgwk	MPREb_wjKoROl5UaL	UC5-OYR5JbQpphvijG4imU0w	ym 2010s late mb albums p2
All in Me	Jerry Folk	Leisure Tapes	INDIFFERENT	fQBArmhVzYM	MPREb_wjKoROl5UaL	UC5-OYR5JbQpphvijG4imU0w	ym 2010s late mb albums p2
Remember Me	Jeremih	Late Nights: The Album	INDIFFERENT	AxbmVW76dj0	MPREb_e30Q7v8DjFO	UC2mlBoe1tk4U3Ib8SzU5y2g	ym 2010s late mb albums p2
Pass Dat	Jeremih	Late Nights: The Album	INDIFFERENT	oVY4IW6JkqI	MPREb_e30Q7v8DjFO	UC2mlBoe1tk4U3Ib8SzU5y2g	ym 2010s late mb albums p2
Impatient (feat. Ty Dolla $ign)	Jeremih	Late Nights: The Album	INDIFFERENT	ygibItsmqu0	MPREb_e30Q7v8DjFO	UC2mlBoe1tk4U3Ib8SzU5y2g	ym 2010s late mb albums p2
Giv No Fuks (feat. Migos)	Jeremih	Late Nights: The Album	INDIFFERENT	BjsFzbXp3v8	MPREb_e30Q7v8DjFO	UC2mlBoe1tk4U3Ib8SzU5y2g	ym 2010s late mb albums p2
Feel Like Phil	Jeremih	Late Nights: The Album	INDIFFERENT	J3aafXkaCGo	MPREb_e30Q7v8DjFO	UC2mlBoe1tk4U3Ib8SzU5y2g	ym 2010s late mb albums p2
Drank	Jeremih	Late Nights: The Album	INDIFFERENT	5Vvv78Vru0o	MPREb_e30Q7v8DjFO	UC2mlBoe1tk4U3Ib8SzU5y2g	ym 2010s late mb albums p2
Actin' Up	Jeremih	Late Nights: The Album	INDIFFERENT	OBGmvl7nJdI	MPREb_e30Q7v8DjFO	UC2mlBoe1tk4U3Ib8SzU5y2g	ym 2010s late mb albums p2
Wasted Youth	Jenny Lewis	On the Line	INDIFFERENT	O2MPhzz2R-U	MPREb_mSqPNESiekd	UC7R22B-9-djgTvLltY2_ndw	ym 2010s late mb albums p2
Taffy	Jenny Lewis	On the Line	INDIFFERENT	Cp4WMvxE8ZQ	MPREb_mSqPNESiekd	UC7R22B-9-djgTvLltY2_ndw	ym 2010s late mb albums p2
Red Bull & Hennessy	Jenny Lewis	On the Line	INDIFFERENT	0mVXALAqeu4	MPREb_mSqPNESiekd	UC7R22B-9-djgTvLltY2_ndw	ym 2010s late mb albums p2
Rabbit Hole	Jenny Lewis	On the Line	INDIFFERENT	OBMXAlcAyws	MPREb_mSqPNESiekd	UC7R22B-9-djgTvLltY2_ndw	ym 2010s late mb albums p2
Party Clown	Jenny Lewis	On the Line	INDIFFERENT	mBRd03-XL4M	MPREb_mSqPNESiekd	UC7R22B-9-djgTvLltY2_ndw	ym 2010s late mb albums p2
On the Line	Jenny Lewis	On the Line	INDIFFERENT	2jZykymSCvo	MPREb_mSqPNESiekd	UC7R22B-9-djgTvLltY2_ndw	ym 2010s late mb albums p2
Little White Dove	Jenny Lewis	On the Line	INDIFFERENT	tRltiiBWSuM	MPREb_mSqPNESiekd	UC7R22B-9-djgTvLltY2_ndw	ym 2010s late mb albums p2
Hollywood Lawn	Jenny Lewis	On the Line	INDIFFERENT	kIXl4HuBvTI	MPREb_mSqPNESiekd	UC7R22B-9-djgTvLltY2_ndw	ym 2010s late mb albums p2
Dogwood	Jenny Lewis	On the Line	INDIFFERENT	ZynrSnVzllM	MPREb_mSqPNESiekd	UC7R22B-9-djgTvLltY2_ndw	ym 2010s late mb albums p2
Do Si Do	Jenny Lewis	On the Line	INDIFFERENT	wJBtuJQW8aM	MPREb_mSqPNESiekd	UC7R22B-9-djgTvLltY2_ndw	ym 2010s late mb albums p2
Thumbsucker (feat. Felicia Atkinson)	Jenny Hval	The Practice of Love	INDIFFERENT	s74CUPy-NGM	MPREb_ewyWtfgPc1y	UCit3CjvRec9TD8YV9FYAeiQ	ym 2010s late mb albums p2
The Practice of Love (feat. Laura Jean & Vivian Wang)	Jenny Hval	The Practice of Love	INDIFFERENT	IY8VRD8cud0	MPREb_ewyWtfgPc1y	UCit3CjvRec9TD8YV9FYAeiQ	ym 2010s late mb albums p2
Six Red Cannas (feat. Felicia Atkinson, Laura Jean & Vivian Wang)	Jenny Hval	The Practice of Love	INDIFFERENT	XoRduZAYq8o	MPREb_ewyWtfgPc1y	UCit3CjvRec9TD8YV9FYAeiQ	ym 2010s late mb albums p2
Ordinary (feat. Felicia Atkinson & Vivian Wang)	Jenny Hval	The Practice of Love	INDIFFERENT	8nS96O-txrs	MPREb_ewyWtfgPc1y	UCit3CjvRec9TD8YV9FYAeiQ	ym 2010s late mb albums p2
High Alice	Jenny Hval	The Practice of Love	INDIFFERENT	Q_X6j8lYFJY	MPREb_ewyWtfgPc1y	UCit3CjvRec9TD8YV9FYAeiQ	ym 2010s late mb albums p2
Ashes to Ashes	Jenny Hval	The Practice of Love	INDIFFERENT	dnvl3-o1U1g	MPREb_ewyWtfgPc1y	UCit3CjvRec9TD8YV9FYAeiQ	ym 2010s late mb albums p2
Accident (feat. Laura Jean)	Jenny Hval	The Practice of Love	INDIFFERENT	_nXj2t0onLo	MPREb_ewyWtfgPc1y	UCit3CjvRec9TD8YV9FYAeiQ	ym 2010s late mb albums p2
Why This?	Jenny Hval	Apocalypse, Girl	INDIFFERENT	l7orIE0se44	MPREb_egr29BaPi1O	UCit3CjvRec9TD8YV9FYAeiQ	ym 2010s late mb albums p2
White Underground	Jenny Hval	Apocalypse, Girl	INDIFFERENT	aVKmgViZZUs	MPREb_egr29BaPi1O	UCit3CjvRec9TD8YV9FYAeiQ	ym 2010s late mb albums p2
That Battle Is Over	Jenny Hval	Apocalypse, Girl	INDIFFERENT	3WSmlqR9o1s	MPREb_egr29BaPi1O	UCit3CjvRec9TD8YV9FYAeiQ	ym 2010s late mb albums p2
Take Care of Yourself	Jenny Hval	Apocalypse, Girl	INDIFFERENT	60QwcjUnL4c	MPREb_egr29BaPi1O	UCit3CjvRec9TD8YV9FYAeiQ	ym 2010s late mb albums p2
Some Days	Jenny Hval	Apocalypse, Girl	INDIFFERENT	Jks6g1QEeyg	MPREb_egr29BaPi1O	UCit3CjvRec9TD8YV9FYAeiQ	ym 2010s late mb albums p2
Sabbath	Jenny Hval	Apocalypse, Girl	INDIFFERENT	KiTKemdRCco	MPREb_egr29BaPi1O	UCit3CjvRec9TD8YV9FYAeiQ	ym 2010s late mb albums p2
Kingsize	Jenny Hval	Apocalypse, Girl	INDIFFERENT	PvSEmQQdFRo	MPREb_egr29BaPi1O	UCit3CjvRec9TD8YV9FYAeiQ	ym 2010s late mb albums p2
Holy Land	Jenny Hval	Apocalypse, Girl	INDIFFERENT	GBz0bNMQDNo	MPREb_egr29BaPi1O	UCit3CjvRec9TD8YV9FYAeiQ	ym 2010s late mb albums p2
Heaven	Jenny Hval	Apocalypse, Girl	INDIFFERENT	nFASG-jv1ZA	MPREb_egr29BaPi1O	UCit3CjvRec9TD8YV9FYAeiQ	ym 2010s late mb albums p2
Angels & Anaemia	Jenny Hval	Apocalypse, Girl	INDIFFERENT	b8KHbInrLgA	MPREb_egr29BaPi1O	UCit3CjvRec9TD8YV9FYAeiQ	ym 2010s late mb albums p2
Warm (When The Sun Has Died)	Jeff Tweedy	WARM	INDIFFERENT	7XnfUYtSQAg	MPREb_4oLKJPbF3Yz	UCBTNjh7tNSvoOwEvYeqWY0g	ym 2010s late mb albums p2
The Red Brick	Jeff Tweedy	WARM	INDIFFERENT	kwUNPuScGRA	MPREb_4oLKJPbF3Yz	UCBTNjh7tNSvoOwEvYeqWY0g	ym 2010s late mb albums p2
How Hard It Is For A Desert To Die	Jeff Tweedy	WARM	INDIFFERENT	1ZaNFE8_61I	MPREb_4oLKJPbF3Yz	UCBTNjh7tNSvoOwEvYeqWY0g	ym 2010s late mb albums p2
From Far Away	Jeff Tweedy	WARM	INDIFFERENT	aez4cO_orG8	MPREb_4oLKJPbF3Yz	UCBTNjh7tNSvoOwEvYeqWY0g	ym 2010s late mb albums p2
Don't Forget	Jeff Tweedy	WARM	INDIFFERENT	0hiSrCdm9Ok	MPREb_4oLKJPbF3Yz	UCBTNjh7tNSvoOwEvYeqWY0g	ym 2010s late mb albums p2
Bombs Above	Jeff Tweedy	WARM	INDIFFERENT	IdXJdey_kfo	MPREb_4oLKJPbF3Yz	UCBTNjh7tNSvoOwEvYeqWY0g	ym 2010s late mb albums p2
We Begged 2 Explode	Jeff Rosenstock	WORRY.	INDIFFERENT	VMCNUiNlBck	MPREb_9opeI5gitRW	UCdl6UCOMMGQFJeEJDMgeCNg	ym 2010s late mb albums p2
Wave Goodnight to Me	Jeff Rosenstock	WORRY.	INDIFFERENT	XLrardLg3YM	MPREb_9opeI5gitRW	UCdl6UCOMMGQFJeEJDMgeCNg	ym 2010s late mb albums p2
To Be a Ghost...	Jeff Rosenstock	WORRY.	INDIFFERENT	arX5P1ahIYg	MPREb_9opeI5gitRW	UCdl6UCOMMGQFJeEJDMgeCNg	ym 2010s late mb albums p2
The Fuzz	Jeff Rosenstock	WORRY.	INDIFFERENT	AEBcyKIe1j8	MPREb_9opeI5gitRW	UCdl6UCOMMGQFJeEJDMgeCNg	ym 2010s late mb albums p2
Staring Out the Window at Your Old Apartment	Jeff Rosenstock	WORRY.	INDIFFERENT	spGtM62mZp0	MPREb_9opeI5gitRW	UCdl6UCOMMGQFJeEJDMgeCNg	ym 2010s late mb albums p2
Rainbow	Jeff Rosenstock	WORRY.	INDIFFERENT	BoQCg4m1jPI	MPREb_9opeI5gitRW	UCdl6UCOMMGQFJeEJDMgeCNg	ym 2010s late mb albums p2
Planet Luxury	Jeff Rosenstock	WORRY.	INDIFFERENT	0fPVP8FPEDQ	MPREb_9opeI5gitRW	UCdl6UCOMMGQFJeEJDMgeCNg	ym 2010s late mb albums p2
Pietro, 60 Years Old	Jeff Rosenstock	WORRY.	INDIFFERENT	9dNlJVViizE	MPREb_9opeI5gitRW	UCdl6UCOMMGQFJeEJDMgeCNg	ym 2010s late mb albums p2
Perfect Sound Whatever	Jeff Rosenstock	WORRY.	INDIFFERENT	B77oVi-hXn8	MPREb_9opeI5gitRW	UCdl6UCOMMGQFJeEJDMgeCNg	ym 2010s late mb albums p2
Pash Rash	Jeff Rosenstock	WORRY.	INDIFFERENT	xbDet5k03IU	MPREb_9opeI5gitRW	UCdl6UCOMMGQFJeEJDMgeCNg	ym 2010s late mb albums p2
June 21st	Jeff Rosenstock	WORRY.	INDIFFERENT	XW27u2muFak	MPREb_9opeI5gitRW	UCdl6UCOMMGQFJeEJDMgeCNg	ym 2010s late mb albums p2
I Did Something Weird Last Night	Jeff Rosenstock	WORRY.	INDIFFERENT	iQJtV-vGVwI	MPREb_9opeI5gitRW	UCdl6UCOMMGQFJeEJDMgeCNg	ym 2010s late mb albums p2
HELLLLHOOOOLE	Jeff Rosenstock	WORRY.	INDIFFERENT	bk5j_Cd1SWk	MPREb_9opeI5gitRW	UCdl6UCOMMGQFJeEJDMgeCNg	ym 2010s late mb albums p2
Blast Damage Days	Jeff Rosenstock	WORRY.	INDIFFERENT	_SHmDgDCtjk	MPREb_9opeI5gitRW	UCdl6UCOMMGQFJeEJDMgeCNg	ym 2010s late mb albums p2
Bang on the Door	Jeff Rosenstock	WORRY.	INDIFFERENT	eE5G8k624lc	MPREb_9opeI5gitRW	UCdl6UCOMMGQFJeEJDMgeCNg	ym 2010s late mb albums p2
...While You're Alive	Jeff Rosenstock	WORRY.	INDIFFERENT	XXd5afwRL1M	MPREb_9opeI5gitRW	UCdl6UCOMMGQFJeEJDMgeCNg	ym 2010s late mb albums p2
TV Stars	Jeff Rosenstock	POST-	INDIFFERENT	iTrRDF_3uOg	MPREb_QM10Sy4XWqI	UCdl6UCOMMGQFJeEJDMgeCNg	ym 2010s late mb albums p2
Powerlessness	Jeff Rosenstock	POST-	INDIFFERENT	BcC0MkT_U9k	MPREb_QM10Sy4XWqI	UCdl6UCOMMGQFJeEJDMgeCNg	ym 2010s late mb albums p2
Mornin'!	Jeff Rosenstock	POST-	INDIFFERENT	Lh4GMet7Jx0	MPREb_QM10Sy4XWqI	UCdl6UCOMMGQFJeEJDMgeCNg	ym 2010s late mb albums p2
Melba	Jeff Rosenstock	POST-	INDIFFERENT	uErCHoWJ6gU	MPREb_QM10Sy4XWqI	UCdl6UCOMMGQFJeEJDMgeCNg	ym 2010s late mb albums p2
Let Them Win	Jeff Rosenstock	POST-	INDIFFERENT	vNkCLt2Dnhk	MPREb_QM10Sy4XWqI	UCdl6UCOMMGQFJeEJDMgeCNg	ym 2010s late mb albums p2
Beating My Head Against A Wall	Jeff Rosenstock	POST-	INDIFFERENT	fe52Tr0UAMU	MPREb_QM10Sy4XWqI	UCdl6UCOMMGQFJeEJDMgeCNg	ym 2010s late mb albums p2
You & Me	Jean Tonique	You	INDIFFERENT	gU2NYhgRoPY	MPREb_DDqBhKP4mle	UCy90bsigneFGPyytimvLA6Q	ym 2010s late mb albums p2
Near You	Jean Tonique	You	INDIFFERENT	M0tjVrUoIXI	MPREb_DDqBhKP4mle	UCy90bsigneFGPyytimvLA6Q	ym 2010s late mb albums p2
My Love / Your Soul	Jean Tonique	You	INDIFFERENT	5jB35aQ1g9A	MPREb_DDqBhKP4mle	UCy90bsigneFGPyytimvLA6Q	ym 2010s late mb albums p2
The Bus Song	Jay Som	Everybody Works	INDIFFERENT	R6X8TUfiS7A	MPREb_105mlZ4hoy0	UCB6eCRKAviZpWJ-jenVRoPQ	ym 2010s late mb albums p2
Take It	Jay Som	Everybody Works	INDIFFERENT	xVeBh_LPULM	MPREb_105mlZ4hoy0	UCB6eCRKAviZpWJ-jenVRoPQ	ym 2010s late mb albums p2
Remain	Jay Som	Everybody Works	INDIFFERENT	I4kObHzkI90	MPREb_105mlZ4hoy0	UCB6eCRKAviZpWJ-jenVRoPQ	ym 2010s late mb albums p2
One More Time, Please	Jay Som	Everybody Works	INDIFFERENT	-EATqP7EkKo	MPREb_105mlZ4hoy0	UCB6eCRKAviZpWJ-jenVRoPQ	ym 2010s late mb albums p2
Lipstick Stains	Jay Som	Everybody Works	INDIFFERENT	fY_u3bZ0-lE	MPREb_105mlZ4hoy0	UCB6eCRKAviZpWJ-jenVRoPQ	ym 2010s late mb albums p2
For Light	Jay Som	Everybody Works	INDIFFERENT	3apiRKjrY9Q	MPREb_105mlZ4hoy0	UCB6eCRKAviZpWJ-jenVRoPQ	ym 2010s late mb albums p2
Everybody Works	Jay Som	Everybody Works	INDIFFERENT	BlYpxsKidYU	MPREb_105mlZ4hoy0	UCB6eCRKAviZpWJ-jenVRoPQ	ym 2010s late mb albums p2
1 Billion Dogs	Jay Som	Everybody Works	INDIFFERENT	JcIqZNLnjuA	MPREb_105mlZ4hoy0	UCB6eCRKAviZpWJ-jenVRoPQ	ym 2010s late mb albums p2
(BedHead)	Jay Som	Everybody Works	INDIFFERENT	RktS3OeCSG4	MPREb_105mlZ4hoy0	UCB6eCRKAviZpWJ-jenVRoPQ	ym 2010s late mb albums p2
Peace Out	Jay Som	Anak Ko	INDIFFERENT	XFNObX_8jwQ	MPREb_76gOvxqeWW1	UCB6eCRKAviZpWJ-jenVRoPQ	ym 2010s late mb albums p2
Get Well	Jay Som	Anak Ko	INDIFFERENT	VTRN1NZ4alI	MPREb_76gOvxqeWW1	UCB6eCRKAviZpWJ-jenVRoPQ	ym 2010s late mb albums p2
Devotion	Jay Som	Anak Ko	INDIFFERENT	tq2CUqM8WJ8	MPREb_76gOvxqeWW1	UCB6eCRKAviZpWJ-jenVRoPQ	ym 2010s late mb albums p2
Crown	Jay Som	Anak Ko	INDIFFERENT	a5eLyG4b7to	MPREb_76gOvxqeWW1	UCB6eCRKAviZpWJ-jenVRoPQ	ym 2010s late mb albums p2
Anak Ko	Jay Som	Anak Ko	INDIFFERENT	NktkSCfrPVw	MPREb_76gOvxqeWW1	UCB6eCRKAviZpWJ-jenVRoPQ	ym 2010s late mb albums p2
Troopers	Jay Rock	Redemption	INDIFFERENT	-aMXXlnNhKw	MPREb_CEAWiycIEk8	UCiKRoVXKO9Fzrjo4eO-XDDQ	ym 2010s late mb albums p2
The Bloodiest	Jay Rock	Redemption	INDIFFERENT	lxBTzwYHq8U	MPREb_CEAWiycIEk8	UCiKRoVXKO9Fzrjo4eO-XDDQ	ym 2010s late mb albums p2
Rotation 112th	Jay Rock	Redemption	INDIFFERENT	yyWxTggWbDg	MPREb_CEAWiycIEk8	UCiKRoVXKO9Fzrjo4eO-XDDQ	ym 2010s late mb albums p2
Redemption (feat. SZA)	Jay Rock	Redemption	INDIFFERENT	S38Y9LHoRh4	MPREb_CEAWiycIEk8	UCiKRoVXKO9Fzrjo4eO-XDDQ	ym 2010s late mb albums p2
Knock It Off	Jay Rock	Redemption	INDIFFERENT	ul2FOnhV4lQ	MPREb_CEAWiycIEk8	UCiKRoVXKO9Fzrjo4eO-XDDQ	ym 2010s late mb albums p2
ES Tales	Jay Rock	Redemption	INDIFFERENT	8aAD3YPbCKY	MPREb_CEAWiycIEk8	UCiKRoVXKO9Fzrjo4eO-XDDQ	ym 2010s late mb albums p2
Broke +-	Jay Rock	Redemption	INDIFFERENT	vgjuwjttvVs	MPREb_CEAWiycIEk8	UCiKRoVXKO9Fzrjo4eO-XDDQ	ym 2010s late mb albums p2
Wanna Ride (feat. Isaiah Rashad)	Jay Rock	90059	INDIFFERENT	mPddsl5QyWE	MPREb_Yi8j9v4e50I	UCiKRoVXKO9Fzrjo4eO-XDDQ	ym 2010s late mb albums p2
The Ways (feat. Sir)	Jay Rock	90059	INDIFFERENT	yVwb5yrlTf4	MPREb_Yi8j9v4e50I	UCiKRoVXKO9Fzrjo4eO-XDDQ	ym 2010s late mb albums p2
The Message	Jay Rock	90059	INDIFFERENT	yGVgf9I-qxg	MPREb_Yi8j9v4e50I	UCiKRoVXKO9Fzrjo4eO-XDDQ	ym 2010s late mb albums p2
Telegram (Going Krazy) (feat. Lance Skiiiwalker)	Jay Rock	90059	INDIFFERENT	wZWPRpKUo58	MPREb_Yi8j9v4e50I	UCiKRoVXKO9Fzrjo4eO-XDDQ	ym 2010s late mb albums p2
Necessary	Jay Rock	90059	INDIFFERENT	-jCIfYfpS8Y	MPREb_Yi8j9v4e50I	UCiKRoVXKO9Fzrjo4eO-XDDQ	ym 2010s late mb albums p2
Money Trees Deuce (feat. Lance Skiiiwalker)	Jay Rock	90059	INDIFFERENT	eqiGL2BcdpQ	MPREb_Yi8j9v4e50I	UCiKRoVXKO9Fzrjo4eO-XDDQ	ym 2010s late mb albums p2
Fly on the Wall (feat. Busta Rhymes & Macy Gray)	Jay Rock	90059	INDIFFERENT	9t2O4xTx97c	MPREb_Yi8j9v4e50I	UCiKRoVXKO9Fzrjo4eO-XDDQ	ym 2010s late mb albums p2
90059	Jay Rock	90059	INDIFFERENT	7jaMCZcUVrA	MPREb_Yi8j9v4e50I	UCiKRoVXKO9Fzrjo4eO-XDDQ	ym 2010s late mb albums p2
Power In the Blood	Jason Lovins Band	Good Morning Glory	INDIFFERENT	m_umknO69RU	MPREb_c6oQ3eNtfwk	UCfSDiFp8M3Ddok7YedvL0wA	ym 2010s late mb albums p2
If It's Your Will	Jason Lovins Band	Good Morning Glory	INDIFFERENT	NM2VDSGKomE	MPREb_c6oQ3eNtfwk	UCfSDiFp8M3Ddok7YedvL0wA	ym 2010s late mb albums p2
Good Morning	Jason Lovins Band	Good Morning Glory	INDIFFERENT	ppG6uD9-3JI	MPREb_c6oQ3eNtfwk	UCfSDiFp8M3Ddok7YedvL0wA	ym 2010s late mb albums p2
White Man's World	Jason Isbell and the 400 Unit	The Nashville Sound	INDIFFERENT	btjYFwfd2Ns	MPREb_TJmLLPEOzR6	UCC382Qu-K5nKUFsbBzbjyMg	ym 2010s late mb albums p2
Tupelo	Jason Isbell and the 400 Unit	The Nashville Sound	INDIFFERENT	RyEQMyBwv7s	MPREb_TJmLLPEOzR6	UCC382Qu-K5nKUFsbBzbjyMg	ym 2010s late mb albums p2
Something to Love	Jason Isbell and the 400 Unit	The Nashville Sound	INDIFFERENT	YBB6eBsSedQ	MPREb_TJmLLPEOzR6	UCC382Qu-K5nKUFsbBzbjyMg	ym 2010s late mb albums p2
Molotov	Jason Isbell and the 400 Unit	The Nashville Sound	INDIFFERENT	XV1r1PnE9Ws	MPREb_TJmLLPEOzR6	UCC382Qu-K5nKUFsbBzbjyMg	ym 2010s late mb albums p2
Last of My Kind	Jason Isbell and the 400 Unit	The Nashville Sound	INDIFFERENT	mtFav19_UhE	MPREb_TJmLLPEOzR6	UCC382Qu-K5nKUFsbBzbjyMg	ym 2010s late mb albums p2
If We Were Vampires	Jason Isbell and the 400 Unit	The Nashville Sound	INDIFFERENT	UOSC8ZDsgRA	MPREb_TJmLLPEOzR6	UCC382Qu-K5nKUFsbBzbjyMg	ym 2010s late mb albums p2
Hope the High Road	Jason Isbell and the 400 Unit	The Nashville Sound	INDIFFERENT	ZXhC8YIrOBk	MPREb_TJmLLPEOzR6	UCC382Qu-K5nKUFsbBzbjyMg	ym 2010s late mb albums p2
Cumberland Gap	Jason Isbell and the 400 Unit	The Nashville Sound	INDIFFERENT	ri-n209hIgo	MPREb_TJmLLPEOzR6	UCC382Qu-K5nKUFsbBzbjyMg	ym 2010s late mb albums p2
Chaos and Clothes	Jason Isbell and the 400 Unit	The Nashville Sound	INDIFFERENT	rkCI19vfVIc	MPREb_TJmLLPEOzR6	UCC382Qu-K5nKUFsbBzbjyMg	ym 2010s late mb albums p2
Anxiety	Jason Isbell and the 400 Unit	The Nashville Sound	INDIFFERENT	UFCrKGL88Uw	MPREb_TJmLLPEOzR6	UCC382Qu-K5nKUFsbBzbjyMg	ym 2010s late mb albums p2
The Climb	Jason Eady	I Travel On	INDIFFERENT	Eina1uMobC0	MPREb_bhvIqBN2IUA	UC1wOL7BAnd_5a7BQAxjNk0Q	ym 2010s late mb albums p2
That's Alright	Jason Eady	I Travel On	INDIFFERENT	UTWSf4Ry94M	MPREb_bhvIqBN2IUA	UC1wOL7BAnd_5a7BQAxjNk0Q	ym 2010s late mb albums p2
She Had To Run	Jason Eady	I Travel On	INDIFFERENT	X065vmnKffI	MPREb_bhvIqBN2IUA	UC1wOL7BAnd_5a7BQAxjNk0Q	ym 2010s late mb albums p2
Pretty When I Die	Jason Eady	I Travel On	INDIFFERENT	NKJ_q9VwpC4	MPREb_bhvIqBN2IUA	UC1wOL7BAnd_5a7BQAxjNk0Q	ym 2010s late mb albums p2
Now or Never	Jason Eady	I Travel On	INDIFFERENT	7FSwgFANe1U	MPREb_bhvIqBN2IUA	UC1wOL7BAnd_5a7BQAxjNk0Q	ym 2010s late mb albums p2
I Travel On	Jason Eady	I Travel On	INDIFFERENT	Tlem1Y11-0k	MPREb_bhvIqBN2IUA	UC1wOL7BAnd_5a7BQAxjNk0Q	ym 2010s late mb albums p2
I Lost My Mind In Carolina	Jason Eady	I Travel On	INDIFFERENT	-gWHHeAQnJw	MPREb_bhvIqBN2IUA	UC1wOL7BAnd_5a7BQAxjNk0Q	ym 2010s late mb albums p2
Happy Man	Jason Eady	I Travel On	INDIFFERENT	fJ5KKe0lpZ8	MPREb_bhvIqBN2IUA	UC1wOL7BAnd_5a7BQAxjNk0Q	ym 2010s late mb albums p2
Calaveras County	Jason Eady	I Travel On	INDIFFERENT	3-XH_Me63k8	MPREb_bhvIqBN2IUA	UC1wOL7BAnd_5a7BQAxjNk0Q	ym 2010s late mb albums p2
Below The Waterline	Jason Eady	I Travel On	INDIFFERENT	pyrYEGLXusU	MPREb_bhvIqBN2IUA	UC1wOL7BAnd_5a7BQAxjNk0Q	ym 2010s late mb albums p2
Always a Woman	Jason Eady	I Travel On	INDIFFERENT	FwkksZ2XruU	MPREb_bhvIqBN2IUA	UC1wOL7BAnd_5a7BQAxjNk0Q	ym 2010s late mb albums p2
Till Death	Japanese Breakfast	Soft Sounds from Another Planet	INDIFFERENT	e_y84cSnzCk	MPREb_YZhs1xfEIqk	UCYgfTCJgqA23D29kxRIRgLQ	ym 2010s late mb albums p2
Planetary Ambience	Japanese Breakfast	Soft Sounds from Another Planet	INDIFFERENT	qqQX0PcROWc	MPREb_YZhs1xfEIqk	UCYgfTCJgqA23D29kxRIRgLQ	ym 2010s late mb albums p2
Machinist	Japanese Breakfast	Soft Sounds from Another Planet	INDIFFERENT	Wt5XeDz4zQs	MPREb_YZhs1xfEIqk	UCYgfTCJgqA23D29kxRIRgLQ	ym 2010s late mb albums p2
Jimmy Fallon Big!	Japanese Breakfast	Soft Sounds from Another Planet	INDIFFERENT	BkvRc8IvND4	MPREb_YZhs1xfEIqk	UCYgfTCJgqA23D29kxRIRgLQ	ym 2010s late mb albums p2
Here Come the Tubular Bells	Japanese Breakfast	Soft Sounds from Another Planet	INDIFFERENT	raPABifALQ0	MPREb_YZhs1xfEIqk	UCYgfTCJgqA23D29kxRIRgLQ	ym 2010s late mb albums p2
Boyish	Japanese Breakfast	Soft Sounds from Another Planet	INDIFFERENT	aXTyZovrPuA	MPREb_YZhs1xfEIqk	UCYgfTCJgqA23D29kxRIRgLQ	ym 2010s late mb albums p2
12 Steps	Japanese Breakfast	Soft Sounds from Another Planet	INDIFFERENT	qKfTG3Baocs	MPREb_YZhs1xfEIqk	UCYgfTCJgqA23D29kxRIRgLQ	ym 2010s late mb albums p2
Pliant	Janus Rasmussen	Vín	INDIFFERENT	JSKm36krGvE	MPREb_pRr2al0jzqG	UCO82KRM_tkbkFPBfn8gossg	ym 2010s late mb albums p2
Orange	Janus Rasmussen	Vín	INDIFFERENT	wPQCAQ64_RM	MPREb_pRr2al0jzqG	UCO82KRM_tkbkFPBfn8gossg	ym 2010s late mb albums p2
March	Janus Rasmussen	Vín	INDIFFERENT	A4IDa9JA0yk	MPREb_pRr2al0jzqG	UCO82KRM_tkbkFPBfn8gossg	ym 2010s late mb albums p2
Lilla	Janus Rasmussen	Vín	INDIFFERENT	iexvTdOmQqo	MPREb_pRr2al0jzqG	UCO82KRM_tkbkFPBfn8gossg	ym 2010s late mb albums p2
Kilju	Janus Rasmussen	Vín	INDIFFERENT	PE0kIuG06k4	MPREb_pRr2al0jzqG	UCO82KRM_tkbkFPBfn8gossg	ym 2010s late mb albums p2
Hue	Janus Rasmussen	Vín	INDIFFERENT	jKXt6EqmppA	MPREb_pRr2al0jzqG	UCO82KRM_tkbkFPBfn8gossg	ym 2010s late mb albums p2
December	Janus Rasmussen	Vín	INDIFFERENT	_1DjRZf47So	MPREb_pRr2al0jzqG	UCO82KRM_tkbkFPBfn8gossg	ym 2010s late mb albums p2
April	Janus Rasmussen	Vín	INDIFFERENT	c6IFUehfprg	MPREb_pRr2al0jzqG	UCO82KRM_tkbkFPBfn8gossg	ym 2010s late mb albums p2
87	Janus Rasmussen	Vín	INDIFFERENT	0TuW6OCmDws	MPREb_pRr2al0jzqG	UCO82KRM_tkbkFPBfn8gossg	ym 2010s late mb albums p2
14	Janus Rasmussen	Vín	INDIFFERENT	DPJt6jxR3-M	MPREb_pRr2al0jzqG	UCO82KRM_tkbkFPBfn8gossg	ym 2010s late mb albums p2
Take a Byte	Janelle Monáe	Dirty Computer	INDIFFERENT	eyBnAiKzYwQ	MPREb_7YAlkwlDGxF	UCrNIFgOKG5quy6NeSRiwmog	ym 2010s late mb albums p2
Stevie's Dream	Janelle Monáe	Dirty Computer	INDIFFERENT	CmsCEtHG9kQ	MPREb_7YAlkwlDGxF	UCrNIFgOKG5quy6NeSRiwmog	ym 2010s late mb albums p2
So Afraid	Janelle Monáe	Dirty Computer	INDIFFERENT	f0h5wOrLmhk	MPREb_7YAlkwlDGxF	UCrNIFgOKG5quy6NeSRiwmog	ym 2010s late mb albums p2
Screwed (feat. Zoë Kravitz)	Janelle Monáe	Dirty Computer	INDIFFERENT	QRiKhi4CwoA	MPREb_7YAlkwlDGxF	UCrNIFgOKG5quy6NeSRiwmog	ym 2010s late mb albums p2
Pynk (feat. Grimes)	Janelle Monáe	Dirty Computer	INDIFFERENT	CLcP5HSYd0s	MPREb_7YAlkwlDGxF	UCrNIFgOKG5quy6NeSRiwmog	ym 2010s late mb albums p2
Jane's Dream	Janelle Monáe	Dirty Computer	INDIFFERENT	wt0NzTcgbQY	MPREb_7YAlkwlDGxF	UCrNIFgOKG5quy6NeSRiwmog	ym 2010s late mb albums p2
Django Jane	Janelle Monáe	Dirty Computer	INDIFFERENT	9qijCSXm31g	MPREb_7YAlkwlDGxF	UCrNIFgOKG5quy6NeSRiwmog	ym 2010s late mb albums p2
Crazy, Classic, Life	Janelle Monáe	Dirty Computer	INDIFFERENT	bIRLKNN_Zz4	MPREb_7YAlkwlDGxF	UCrNIFgOKG5quy6NeSRiwmog	ym 2010s late mb albums p2
Americans	Janelle Monáe	Dirty Computer	INDIFFERENT	U0J7sR6OMFU	MPREb_7YAlkwlDGxF	UCrNIFgOKG5quy6NeSRiwmog	ym 2010s late mb albums p2
We Can Do It	Jamiroquai	Automaton	INDIFFERENT	eDaDEkySI-g	MPREb_pqcBAF3GjrV	UCUm5pe2-OfQVofZEQGuYGHg	ym 2010s late mb albums p2
Vitamin	Jamiroquai	Automaton	INDIFFERENT	drwY3QfXb5E	MPREb_pqcBAF3GjrV	UCUm5pe2-OfQVofZEQGuYGHg	ym 2010s late mb albums p2
Superfresh	Jamiroquai	Automaton	INDIFFERENT	H_J9KtK_1c4	MPREb_pqcBAF3GjrV	UCUm5pe2-OfQVofZEQGuYGHg	ym 2010s late mb albums p2
Summer Girl	Jamiroquai	Automaton	INDIFFERENT	4EZ2Z-mEiUg	MPREb_pqcBAF3GjrV	UCUm5pe2-OfQVofZEQGuYGHg	ym 2010s late mb albums p2
Something About You	Jamiroquai	Automaton	INDIFFERENT	D2J_TrNcxn4	MPREb_pqcBAF3GjrV	UCUm5pe2-OfQVofZEQGuYGHg	ym 2010s late mb albums p2
Shake It On	Jamiroquai	Automaton	INDIFFERENT	3pLdV2O6yiI	MPREb_pqcBAF3GjrV	UCUm5pe2-OfQVofZEQGuYGHg	ym 2010s late mb albums p2
Nights Out In The Jungle	Jamiroquai	Automaton	INDIFFERENT	SYUEmi763zA	MPREb_pqcBAF3GjrV	UCUm5pe2-OfQVofZEQGuYGHg	ym 2010s late mb albums p2
Hot Property	Jamiroquai	Automaton	INDIFFERENT	p5rm9qJ3QPI	MPREb_pqcBAF3GjrV	UCUm5pe2-OfQVofZEQGuYGHg	ym 2010s late mb albums p2
Dr Buzz	Jamiroquai	Automaton	INDIFFERENT	2hrFnkOcpbg	MPREb_pqcBAF3GjrV	UCUm5pe2-OfQVofZEQGuYGHg	ym 2010s late mb albums p2
Carla	Jamiroquai	Automaton	INDIFFERENT	BrHrZmpCGrI	MPREb_pqcBAF3GjrV	UCUm5pe2-OfQVofZEQGuYGHg	ym 2010s late mb albums p2
Automaton	Jamiroquai	Automaton	INDIFFERENT	eTaHk10gcOw	MPREb_pqcBAF3GjrV	UCUm5pe2-OfQVofZEQGuYGHg	ym 2010s late mb albums p2
SONIA	Jamila Woods	LEGACY! LEGACY!	INDIFFERENT	_4ctOkW_QfU	MPREb_OqrFUDSGyLD	UCzp9uQBtpFE85AGwCxe94uA	ym 2010s late mb albums p2
MUDDY	Jamila Woods	LEGACY! LEGACY!	INDIFFERENT	Bp20tPvIV90	MPREb_OqrFUDSGyLD	UCzp9uQBtpFE85AGwCxe94uA	ym 2010s late mb albums p2
BETTY (for Boogie)	Jamila Woods	LEGACY! LEGACY!	INDIFFERENT	ROGcQqmO_zc	MPREb_OqrFUDSGyLD	UCzp9uQBtpFE85AGwCxe94uA	ym 2010s late mb albums p2
BALDWIN	Jamila Woods	LEGACY! LEGACY!	INDIFFERENT	Bkk4ZLSlHws	MPREb_OqrFUDSGyLD	UCzp9uQBtpFE85AGwCxe94uA	ym 2010s late mb albums p2
Way Up	Jamila Woods	HEAVN	INDIFFERENT	rYFpT39Tm64	MPREb_3IMldBgR6BF	UCzp9uQBtpFE85AGwCxe94uA	ym 2010s late mb albums p2
VRY BLK (feat. Noname)	Jamila Woods	HEAVN	INDIFFERENT	kMNtC7V0pTE	MPREb_3IMldBgR6BF	UCzp9uQBtpFE85AGwCxe94uA	ym 2010s late mb albums p2
Still (Interlude)	Jamila Woods	HEAVN	INDIFFERENT	xVoVHTxi6J0	MPREb_3IMldBgR6BF	UCzp9uQBtpFE85AGwCxe94uA	ym 2010s late mb albums p2
LSD (feat. Chance The Rapper)	Jamila Woods	HEAVN	INDIFFERENT	-pAgx2DKyeo	MPREb_3IMldBgR6BF	UCzp9uQBtpFE85AGwCxe94uA	ym 2010s late mb albums p2
In My Name	Jamila Woods	HEAVN	INDIFFERENT	BcERWn88qQI	MPREb_3IMldBgR6BF	UCzp9uQBtpFE85AGwCxe94uA	ym 2010s late mb albums p2
Holy (Reprise)	Jamila Woods	HEAVN	INDIFFERENT	K9qAnPmt6d8	MPREb_3IMldBgR6BF	UCzp9uQBtpFE85AGwCxe94uA	ym 2010s late mb albums p2
Holy	Jamila Woods	HEAVN	INDIFFERENT	75paq-Vr25g	MPREb_3IMldBgR6BF	UCzp9uQBtpFE85AGwCxe94uA	ym 2010s late mb albums p2
Good Morning (Interlude)	Jamila Woods	HEAVN	INDIFFERENT	q2P5BATCYBU	MPREb_3IMldBgR6BF	UCzp9uQBtpFE85AGwCxe94uA	ym 2010s late mb albums p2
Emerald Street (feat. Saba)	Jamila Woods	HEAVN	INDIFFERENT	SAUyvfUf1B4	MPREb_3IMldBgR6BF	UCzp9uQBtpFE85AGwCxe94uA	ym 2010s late mb albums p2
Bubbles	Jamila Woods	HEAVN	INDIFFERENT	GBJVKwr-k9c	MPREb_3IMldBgR6BF	UCzp9uQBtpFE85AGwCxe94uA	ym 2010s late mb albums p2
Breadcrumbs (feat. Nico Segal)	Jamila Woods	HEAVN	INDIFFERENT	MepdILFzk8A	MPREb_3IMldBgR6BF	UCzp9uQBtpFE85AGwCxe94uA	ym 2010s late mb albums p2
Blk Girl Soldier	Jamila Woods	HEAVN	INDIFFERENT	9clpkIDvEO0	MPREb_3IMldBgR6BF	UCzp9uQBtpFE85AGwCxe94uA	ym 2010s late mb albums p2
Stranger in a Room (feat. Oliver Sim)	Jamie xx	In Colour	INDIFFERENT	Ip_hnxA4zIE	MPREb_9l5dKNHnNya	UCUIRrvexIhgFsdjRucxhQ5w	ym 2010s late mb albums p2
SeeSaw (feat. Romy)	Jamie xx	In Colour	INDIFFERENT	-tWnCkoQTOk	MPREb_9l5dKNHnNya	UCUIRrvexIhgFsdjRucxhQ5w	ym 2010s late mb albums p2
Just Saying	Jamie xx	In Colour	INDIFFERENT	SKkSQEgPLdk	MPREb_9l5dKNHnNya	UCUIRrvexIhgFsdjRucxhQ5w	ym 2010s late mb albums p2
Hold Tight	Jamie xx	In Colour	INDIFFERENT	Hv5V_Z8MqeQ	MPREb_9l5dKNHnNya	UCUIRrvexIhgFsdjRucxhQ5w	ym 2010s late mb albums p2
f.o.r.e.v.e.r.	James Blake	The Colour In Anything	INDIFFERENT	mP_6NqzFcF4	MPREb_4LBkxEG6W1T	UCx90L12QXzc18AGYFRof-EA	ym 2010s late mb albums p2
Waves Know Shores	James Blake	The Colour In Anything	INDIFFERENT	p2n1dRAM814	MPREb_4LBkxEG6W1T	UCx90L12QXzc18AGYFRof-EA	ym 2010s late mb albums p2
Two Men Down	James Blake	The Colour In Anything	INDIFFERENT	h56l22lUUhw	MPREb_4LBkxEG6W1T	UCx90L12QXzc18AGYFRof-EA	ym 2010s late mb albums p2
The Colour In Anything	James Blake	The Colour In Anything	INDIFFERENT	lqKD1SXu7ow	MPREb_4LBkxEG6W1T	UCx90L12QXzc18AGYFRof-EA	ym 2010s late mb albums p2
Points	James Blake	The Colour In Anything	INDIFFERENT	HLejryA-IdA	MPREb_4LBkxEG6W1T	UCx90L12QXzc18AGYFRof-EA	ym 2010s late mb albums p2
My Willing Heart	James Blake	The Colour In Anything	INDIFFERENT	SLZzRRPgQYk	MPREb_4LBkxEG6W1T	UCx90L12QXzc18AGYFRof-EA	ym 2010s late mb albums p2
Modern Soul	James Blake	The Colour In Anything	INDIFFERENT	C1XXgsIkh4o	MPREb_4LBkxEG6W1T	UCx90L12QXzc18AGYFRof-EA	ym 2010s late mb albums p2
Meet You In The Maze	James Blake	The Colour In Anything	INDIFFERENT	ahEhNpZNlzA	MPREb_4LBkxEG6W1T	UCx90L12QXzc18AGYFRof-EA	ym 2010s late mb albums p2
I Hope My Life (1-800 Mix)	James Blake	The Colour In Anything	INDIFFERENT	EX5t1XFqgu4	MPREb_4LBkxEG6W1T	UCx90L12QXzc18AGYFRof-EA	ym 2010s late mb albums p2
Choose Me	James Blake	The Colour In Anything	INDIFFERENT	-irsCaMwLZU	MPREb_4LBkxEG6W1T	UCx90L12QXzc18AGYFRof-EA	ym 2010s late mb albums p2
Always	James Blake	The Colour In Anything	INDIFFERENT	PyJ5mVp-g-I	MPREb_4LBkxEG6W1T	UCx90L12QXzc18AGYFRof-EA	ym 2010s late mb albums p2
Power On	James Blake	Assume Form	INDIFFERENT	KA2c5X9sj3A	MPREb_6RJBC33OP9b	UCx90L12QXzc18AGYFRof-EA	ym 2010s late mb albums p2
Lullaby For My Insomniac	James Blake	Assume Form	INDIFFERENT	o_IjFskbl-g	MPREb_6RJBC33OP9b	UCx90L12QXzc18AGYFRof-EA	ym 2010s late mb albums p2
Into The Red	James Blake	Assume Form	INDIFFERENT	hujTeTsD-nk	MPREb_6RJBC33OP9b	UCx90L12QXzc18AGYFRof-EA	ym 2010s late mb albums p2
Don't Miss It	James Blake	Assume Form	INDIFFERENT	YkNCfxKOBn8	MPREb_6RJBC33OP9b	UCx90L12QXzc18AGYFRof-EA	ym 2010s late mb albums p2
Assume Form	James Blake	Assume Form	INDIFFERENT	em4joakjkv4	MPREb_6RJBC33OP9b	UCx90L12QXzc18AGYFRof-EA	ym 2010s late mb albums p2
one of the bredrins	Jai Paul	Leak 04-13 (Bait Ones)	INDIFFERENT	pajAg2zvEdc	MPREb_st769M2B03C	UCnAysa-bmqQN4g_csowns0Q	ym 2010s late mb albums p2
good time	Jai Paul	Leak 04-13 (Bait Ones)	INDIFFERENT	shwTRJ35d6E	MPREb_st769M2B03C	UCnAysa-bmqQN4g_csowns0Q	ym 2010s late mb albums p2
Genevieve (Unfinished)	Jai Paul	Leak 04-13 (Bait Ones)	INDIFFERENT	7MsT2uNJ2hA	MPREb_st769M2B03C	UCnAysa-bmqQN4g_csowns0Q	ym 2010s late mb albums p2
Desert River (Unfinished)	Jai Paul	Leak 04-13 (Bait Ones)	INDIFFERENT	SRSnN5qUOaU	MPREb_st769M2B03C	UCnAysa-bmqQN4g_csowns0Q	ym 2010s late mb albums p2
100,000 (Unfinished)	Jai Paul	Leak 04-13 (Bait Ones)	INDIFFERENT	NHA73JG1puc	MPREb_st769M2B03C	UCnAysa-bmqQN4g_csowns0Q	ym 2010s late mb albums p2
Whitefang	Jadu Heart	Melt Away	INDIFFERENT	jlPA6ioj9n4	MPREb_mWgLeEStjMk	UCTDWwLtRNaKgm-ih1e72d8w	ym 2010s late mb albums p2
Wanderlife	Jadu Heart	Melt Away	INDIFFERENT	gi9qsbKtTs0	MPREb_mWgLeEStjMk	UCTDWwLtRNaKgm-ih1e72d8w	ym 2010s late mb albums p2
U Never Call Me	Jadu Heart	Melt Away	INDIFFERENT	EaIWVoW9GXc	MPREb_mWgLeEStjMk	UCTDWwLtRNaKgm-ih1e72d8w	ym 2010s late mb albums p2
The Omen	Jadu Heart	Melt Away	INDIFFERENT	DwVnF78Y1wI	MPREb_mWgLeEStjMk	UCTDWwLtRNaKgm-ih1e72d8w	ym 2010s late mb albums p2
The Cure	Jadu Heart	Melt Away	INDIFFERENT	emRawuA-VIQ	MPREb_mWgLeEStjMk	UCTDWwLtRNaKgm-ih1e72d8w	ym 2010s late mb albums p2
Purity	Jadu Heart	Melt Away	INDIFFERENT	nkCxUMBTCNs	MPREb_mWgLeEStjMk	UCTDWwLtRNaKgm-ih1e72d8w	ym 2010s late mb albums p2
Koora (Melt Away)	Jadu Heart	Melt Away	INDIFFERENT	UA-NaXtreJM	MPREb_mWgLeEStjMk	UCTDWwLtRNaKgm-ih1e72d8w	ym 2010s late mb albums p2
Heroin Song	Jadu Heart	Melt Away	INDIFFERENT	0N8ux_ltgSk	MPREb_mWgLeEStjMk	UCTDWwLtRNaKgm-ih1e72d8w	ym 2010s late mb albums p2
Harry Brompton's Ice Tea	Jadu Heart	Melt Away	INDIFFERENT	sytsE4qGqtc	MPREb_mWgLeEStjMk	UCTDWwLtRNaKgm-ih1e72d8w	ym 2010s late mb albums p2
Forgotten Ghosts	Jadu Heart	Melt Away	INDIFFERENT	7Qr1h2jpADY	MPREb_mWgLeEStjMk	UCTDWwLtRNaKgm-ih1e72d8w	ym 2010s late mb albums p2
Euphoria	Jadu Heart	Melt Away	INDIFFERENT	qarEQKu0B-w	MPREb_mWgLeEStjMk	UCTDWwLtRNaKgm-ih1e72d8w	ym 2010s late mb albums p2
Diamond Day	Jadu Heart	Melt Away	INDIFFERENT	IseUbPPU_rw	MPREb_mWgLeEStjMk	UCTDWwLtRNaKgm-ih1e72d8w	ym 2010s late mb albums p2
Understand	Jacques Greene	Dawn Chorus	INDIFFERENT	2JuarcFwQE0	MPREb_PJEYzrDoTLk	UCe8iUza1vwtLe2IsT2sfXlQ	ym 2010s late mb albums p2
Stars	Jacques Greene	Dawn Chorus	INDIFFERENT	rmH9lmzssK0	MPREb_PJEYzrDoTLk	UCe8iUza1vwtLe2IsT2sfXlQ	ym 2010s late mb albums p2
Night Service	Jacques Greene	Dawn Chorus	INDIFFERENT	sseZUdzH3KI	MPREb_PJEYzrDoTLk	UCe8iUza1vwtLe2IsT2sfXlQ	ym 2010s late mb albums p2
Let Go	Jacques Greene	Dawn Chorus	INDIFFERENT	nGKHzAMBF8M	MPREb_PJEYzrDoTLk	UCe8iUza1vwtLe2IsT2sfXlQ	ym 2010s late mb albums p2
Distance	Jacques Greene	Dawn Chorus	INDIFFERENT	cCDmkcEX48c	MPREb_PJEYzrDoTLk	UCe8iUza1vwtLe2IsT2sfXlQ	ym 2010s late mb albums p2
Solar Feelings (Claude Young's Kyoto Soul Dub - Mixed)	Jacob's Optical Stairway	Fabriclive 100: Kode9 & Burial (DJ Mix)	INDIFFERENT	Yiw8OeQcnlk	MPREb_oTznNtUT8Si	UCBEVifsZf6fAdouXDRJRrAw	ym 2010s late mb albums p2
Where Are Ü Now (with Justin Bieber) (feat. Justin Bieber)	Jack Ü	Skrillex and Diplo present Jack Ü	INDIFFERENT	vkX6yFVFRYY	MPREb_FSinYejkLSt	UCUdWCvEitovExLOcGP11pHg	ym 2010s late mb albums p2
Take Ü There [Missy Elliott Remix] (feat. Kiesza)	Jack Ü	Skrillex and Diplo present Jack Ü	INDIFFERENT	yZsS1PCFBZA	MPREb_FSinYejkLSt	UCUdWCvEitovExLOcGP11pHg	ym 2010s late mb albums p2
Take Ü There (feat. Kiesza)	Jack Ü	Skrillex and Diplo present Jack Ü	INDIFFERENT	P_DCkMbQaHs	MPREb_FSinYejkLSt	UCUdWCvEitovExLOcGP11pHg	ym 2010s late mb albums p2
Jungle Bae (feat. Bunji Garlin & MX Prime)	Jack Ü	Skrillex and Diplo present Jack Ü	INDIFFERENT	-GnC7XH502A	MPREb_FSinYejkLSt	UCUdWCvEitovExLOcGP11pHg	ym 2010s late mb albums p2
Holla Out (feat. Snails & Taranchyla)	Jack Ü	Skrillex and Diplo present Jack Ü	INDIFFERENT	ESjc8JfQ--E	MPREb_FSinYejkLSt	UCUdWCvEitovExLOcGP11pHg	ym 2010s late mb albums p2
Febreze (feat. 2 Chainz)	Jack Ü	Skrillex and Diplo present Jack Ü	INDIFFERENT	gn_7-8mgjBw	MPREb_FSinYejkLSt	UCUdWCvEitovExLOcGP11pHg	ym 2010s late mb albums p2
Don't Do Drugs Just Take Some Jack Ü	Jack Ü	Skrillex and Diplo present Jack Ü	INDIFFERENT	N_FpiF43oMk	MPREb_FSinYejkLSt	UCUdWCvEitovExLOcGP11pHg	ym 2010s late mb albums p2
Beats Knockin (feat. Fly Boi Keno)	Jack Ü	Skrillex and Diplo present Jack Ü	INDIFFERENT	ZpcMiPAx1lM	MPREb_FSinYejkLSt	UCUdWCvEitovExLOcGP11pHg	ym 2010s late mb albums p2
What's Done is Done	Jack White	Boarding House Reach	INDIFFERENT	mH6jzm8S-OY	MPREb_eittiqBBnQM	UCL5YsYJMZ-S5SU4_RQOWEPw	ym 2010s late mb albums p2
Ice Station Zebra	Jack White	Boarding House Reach	INDIFFERENT	1hYRiLr4l_Y	MPREb_eittiqBBnQM	UCL5YsYJMZ-S5SU4_RQOWEPw	ym 2010s late mb albums p2
Humoresque	Jack White	Boarding House Reach	INDIFFERENT	WVKzNnSMSrI	MPREb_eittiqBBnQM	UCL5YsYJMZ-S5SU4_RQOWEPw	ym 2010s late mb albums p2
Get In the Mind Shaft	Jack White	Boarding House Reach	INDIFFERENT	1adZciD1-2o	MPREb_eittiqBBnQM	UCL5YsYJMZ-S5SU4_RQOWEPw	ym 2010s late mb albums p2
Ezmerelda Steals the Show	Jack White	Boarding House Reach	INDIFFERENT	9WcMPCqdmgM	MPREb_eittiqBBnQM	UCL5YsYJMZ-S5SU4_RQOWEPw	ym 2010s late mb albums p2
Everything You've Ever Learned	Jack White	Boarding House Reach	INDIFFERENT	ruYd9n008RM	MPREb_eittiqBBnQM	UCL5YsYJMZ-S5SU4_RQOWEPw	ym 2010s late mb albums p2
Corporation	Jack White	Boarding House Reach	INDIFFERENT	ifqseRgXmTk	MPREb_eittiqBBnQM	UCL5YsYJMZ-S5SU4_RQOWEPw	ym 2010s late mb albums p2
Connected By Love	Jack White	Boarding House Reach	INDIFFERENT	74qUlU33bvU	MPREb_eittiqBBnQM	UCL5YsYJMZ-S5SU4_RQOWEPw	ym 2010s late mb albums p2
Abulia and Akrasia	Jack White	Boarding House Reach	INDIFFERENT	e3wgVHkb-bs	MPREb_eittiqBBnQM	UCL5YsYJMZ-S5SU4_RQOWEPw	ym 2010s late mb albums p2
Werewolf Factory	Jack Name	Weird Moons	INDIFFERENT	dODcvjJchtg	MPREb_L4ObNDOfxqR	UCCB6CaXG_aoOm8VdXOIIdTQ	ym 2010s late mb albums p2
Watcher Talk	Jack Name	Weird Moons	INDIFFERENT	vMTFksEF37A	MPREb_L4ObNDOfxqR	UCCB6CaXG_aoOm8VdXOIIdTQ	ym 2010s late mb albums p2
Waiting for Another Moon	Jack Name	Weird Moons	INDIFFERENT	MJTNOHvt1Z4	MPREb_L4ObNDOfxqR	UCCB6CaXG_aoOm8VdXOIIdTQ	ym 2010s late mb albums p2
Under the Weird Moon	Jack Name	Weird Moons	INDIFFERENT	2BMKOGBljxk	MPREb_L4ObNDOfxqR	UCCB6CaXG_aoOm8VdXOIIdTQ	ym 2010s late mb albums p2
Something About Glenn Goins	Jack Name	Weird Moons	INDIFFERENT	Np1KMj_vgfc	MPREb_L4ObNDOfxqR	UCCB6CaXG_aoOm8VdXOIIdTQ	ym 2010s late mb albums p2
Running After Ganymede	Jack Name	Weird Moons	INDIFFERENT	Gy71r1_KGWA	MPREb_L4ObNDOfxqR	UCCB6CaXG_aoOm8VdXOIIdTQ	ym 2010s late mb albums p2
Lowly Ants	Jack Name	Weird Moons	INDIFFERENT	8kqzn4xl0KE	MPREb_L4ObNDOfxqR	UCCB6CaXG_aoOm8VdXOIIdTQ	ym 2010s late mb albums p2
Io	Jack Name	Weird Moons	INDIFFERENT	UQ0ut1kEAxo	MPREb_L4ObNDOfxqR	UCCB6CaXG_aoOm8VdXOIIdTQ	ym 2010s late mb albums p2
You Can’t Control It	Jack Johnson	All The Light Above It Too	INDIFFERENT	U-rh-LEp_Fk	MPREb_m14mGQywwwt	UCRa17gWCZmdxEymLdXQhj9A	ym 2010s late mb albums p2
Sunsets For Somebody Else	Jack Johnson	All The Light Above It Too	INDIFFERENT	-DO7Si7Fjgk	MPREb_m14mGQywwwt	UCRa17gWCZmdxEymLdXQhj9A	ym 2010s late mb albums p2
Subplots	Jack Johnson	All The Light Above It Too	INDIFFERENT	4Wkd9UbXFiA	MPREb_m14mGQywwwt	UCRa17gWCZmdxEymLdXQhj9A	ym 2010s late mb albums p2
My Mind Is For Sale	Jack Johnson	All The Light Above It Too	INDIFFERENT	F0CAhJCBa7A	MPREb_m14mGQywwwt	UCRa17gWCZmdxEymLdXQhj9A	ym 2010s late mb albums p2
Love Song #16	Jack Johnson	All The Light Above It Too	INDIFFERENT	Shqz2Z66tio	MPREb_m14mGQywwwt	UCRa17gWCZmdxEymLdXQhj9A	ym 2010s late mb albums p2
Is One Moon Enough?	Jack Johnson	All The Light Above It Too	INDIFFERENT	5yVInGU-sgU	MPREb_m14mGQywwwt	UCRa17gWCZmdxEymLdXQhj9A	ym 2010s late mb albums p2
Fragments (From The Film 'The Smog Of The Sea')	Jack Johnson	All The Light Above It Too	INDIFFERENT	EDOZVd0uqAM	MPREb_m14mGQywwwt	UCRa17gWCZmdxEymLdXQhj9A	ym 2010s late mb albums p2
Daybreaks	Jack Johnson	All The Light Above It Too	INDIFFERENT	m551bgZEly8	MPREb_m14mGQywwwt	UCRa17gWCZmdxEymLdXQhj9A	ym 2010s late mb albums p2
Big Sur	Jack Johnson	All The Light Above It Too	INDIFFERENT	edBw271tXyk	MPREb_m14mGQywwwt	UCRa17gWCZmdxEymLdXQhj9A	ym 2010s late mb albums p2
Orange Islands	JVXTA	Orange Islands	INDIFFERENT	idx_KLrgXVU	MPREb_7nMURU9S8gO	UCtYu2uJBVkEZ1-uAWlno-zA	ym 2010s late mb albums p2
Dive Theme	JVXTA	Orange Islands	INDIFFERENT	WbKb9QtUFMU	MPREb_7nMURU9S8gO	UCtYu2uJBVkEZ1-uAWlno-zA	ym 2010s late mb albums p2
Angelo's Alley	JVXTA	Orange Islands	INDIFFERENT	8UGPutVm4Go	MPREb_7nMURU9S8gO	UCtYu2uJBVkEZ1-uAWlno-zA	ym 2010s late mb albums p2
man purse	JPEGMAFIA	Veteran: Director's Cut	INDIFFERENT	YtDB_7cZ3U0	MPREb_rrDHFx9LlmL	UC2FdkU6QNOTlKRsICUaJ4Kw	ym 2010s late mb albums p2
Williamsburg	JPEGMAFIA	Veteran: Director's Cut	INDIFFERENT	Y_sfRfQqETs	MPREb_rrDHFx9LlmL	UC2FdkU6QNOTlKRsICUaJ4Kw	ym 2010s late mb albums p2
Whole Foods	JPEGMAFIA	Veteran: Director's Cut	INDIFFERENT	Or6IsXqCo4o	MPREb_rrDHFx9LlmL	UC2FdkU6QNOTlKRsICUaJ4Kw	ym 2010s late mb albums p2
Thug Tears	JPEGMAFIA	Veteran: Director's Cut	INDIFFERENT	E3YbGGywBVY	MPREb_rrDHFx9LlmL	UC2FdkU6QNOTlKRsICUaJ4Kw	ym 2010s late mb albums p2
THIS SONG IS A SAFE SPACE	JPEGMAFIA	Veteran: Director's Cut	INDIFFERENT	_x5PsIdRzFk	MPREb_rrDHFx9LlmL	UC2FdkU6QNOTlKRsICUaJ4Kw	ym 2010s late mb albums p2
STARRCADE 97	JPEGMAFIA	Veteran: Director's Cut	INDIFFERENT	oOH1_ub2MZo	MPREb_rrDHFx9LlmL	UC2FdkU6QNOTlKRsICUaJ4Kw	ym 2010s late mb albums p2
Rock N Roll Is Dead	JPEGMAFIA	Veteran: Director's Cut	INDIFFERENT	SgrUm4fl-CU	MPREb_rrDHFx9LlmL	UC2FdkU6QNOTlKRsICUaJ4Kw	ym 2010s late mb albums p2
Real Nega	JPEGMAFIA	Veteran: Director's Cut	INDIFFERENT	tndkqnZGFzo	MPREb_rrDHFx9LlmL	UC2FdkU6QNOTlKRsICUaJ4Kw	ym 2010s late mb albums p2
Rainbow Six	JPEGMAFIA	Veteran: Director's Cut	INDIFFERENT	5EzHJqR1oiE	MPREb_rrDHFx9LlmL	UC2FdkU6QNOTlKRsICUaJ4Kw	ym 2010s late mb albums p2
Panic Emoji	JPEGMAFIA	Veteran: Director's Cut	INDIFFERENT	SZNTbjdIX6E	MPREb_rrDHFx9LlmL	UC2FdkU6QNOTlKRsICUaJ4Kw	ym 2010s late mb albums p2
My Thoughts on Neogaf Dying	JPEGMAFIA	Veteran: Director's Cut	INDIFFERENT	L4LGRmORo9U	MPREb_rrDHFx9LlmL	UC2FdkU6QNOTlKRsICUaJ4Kw	ym 2010s late mb albums p2
Millennium Freestyle	JPEGMAFIA	Veteran: Director's Cut	INDIFFERENT	FYqSa6L_5Z4	MPREb_rrDHFx9LlmL	UC2FdkU6QNOTlKRsICUaJ4Kw	ym 2010s late mb albums p2
Macaulay Culkin	JPEGMAFIA	Veteran: Director's Cut	INDIFFERENT	-WC5pXOn8x8	MPREb_rrDHFx9LlmL	UC2FdkU6QNOTlKRsICUaJ4Kw	ym 2010s late mb albums p2
Libtard Anthem	JPEGMAFIA	Veteran: Director's Cut	INDIFFERENT	ckWpBt-_Zd4	MPREb_rrDHFx9LlmL	UC2FdkU6QNOTlKRsICUaJ4Kw	ym 2010s late mb albums p2
I Cannot Fucking Wait Til Morrissey Dies	JPEGMAFIA	Veteran: Director's Cut	INDIFFERENT	EOZYHyl6rhU	MPREb_rrDHFx9LlmL	UC2FdkU6QNOTlKRsICUaJ4Kw	ym 2010s late mb albums p2
Germs	JPEGMAFIA	Veteran: Director's Cut	INDIFFERENT	JI7S1jrF3gQ	MPREb_rrDHFx9LlmL	UC2FdkU6QNOTlKRsICUaJ4Kw	ym 2010s late mb albums p2
Free XXX & Teanna	JPEGMAFIA	Veteran: Director's Cut	INDIFFERENT	wRNIIy9uWns	MPREb_rrDHFx9LlmL	UC2FdkU6QNOTlKRsICUaJ4Kw	ym 2010s late mb albums p2
Does This Ski Mask Make Me Look Fat? (feat. Heno.)	JPEGMAFIA	Veteran: Director's Cut	INDIFFERENT	q9lbfVCSNmI	MPREb_rrDHFx9LlmL	UC2FdkU6QNOTlKRsICUaJ4Kw	ym 2010s late mb albums p2
Dayum	JPEGMAFIA	Veteran: Director's Cut	INDIFFERENT	z47wyDNV0as	MPREb_rrDHFx9LlmL	UC2FdkU6QNOTlKRsICUaJ4Kw	ym 2010s late mb albums p2
DJ Snitch Bitch Interlude	JPEGMAFIA	Veteran: Director's Cut	INDIFFERENT	ubtXCKhsFYw	MPREb_rrDHFx9LlmL	UC2FdkU6QNOTlKRsICUaJ4Kw	ym 2010s late mb albums p2
DD Form 214	JPEGMAFIA	Veteran: Director's Cut	INDIFFERENT	Z-GfHJM76ZE	MPREb_rrDHFx9LlmL	UC2FdkU6QNOTlKRsICUaJ4Kw	ym 2010s late mb albums p2
Curb Stomp	JPEGMAFIA	Veteran: Director's Cut	INDIFFERENT	ZPkGw-WDlK8	MPREb_rrDHFx9LlmL	UC2FdkU6QNOTlKRsICUaJ4Kw	ym 2010s late mb albums p2
Baby I'm Bleeding	JPEGMAFIA	Veteran: Director's Cut	INDIFFERENT	UrheI9pBICA	MPREb_rrDHFx9LlmL	UC2FdkU6QNOTlKRsICUaJ4Kw	ym 2010s late mb albums p2
1488	JPEGMAFIA	Veteran: Director's Cut	INDIFFERENT	HKIrep1ftKI	MPREb_rrDHFx9LlmL	UC2FdkU6QNOTlKRsICUaJ4Kw	ym 2010s late mb albums p2
Thot Tactics	JPEGMAFIA	All My Heroes Are Cornballs	INDIFFERENT	HKOuQBMyxi0	MPREb_2UPhPKBeM3p	UC2FdkU6QNOTlKRsICUaJ4Kw	ym 2010s late mb albums p2
Rap Grow Old & Die x No Child Left Behind	JPEGMAFIA	All My Heroes Are Cornballs	INDIFFERENT	GNE8wnfD5Ok	MPREb_2UPhPKBeM3p	UC2FdkU6QNOTlKRsICUaJ4Kw	ym 2010s late mb albums p2
PRONE!	JPEGMAFIA	All My Heroes Are Cornballs	INDIFFERENT	Ee89VThwsfM	MPREb_2UPhPKBeM3p	UC2FdkU6QNOTlKRsICUaJ4Kw	ym 2010s late mb albums p2
Lifes Hard, Here's A Song About Sorrel	JPEGMAFIA	All My Heroes Are Cornballs	INDIFFERENT	SorwrK5oAuU	MPREb_2UPhPKBeM3p	UC2FdkU6QNOTlKRsICUaJ4Kw	ym 2010s late mb albums p2
Kenan Vs. Kel	JPEGMAFIA	All My Heroes Are Cornballs	INDIFFERENT	IxK07c4rM0E	MPREb_2UPhPKBeM3p	UC2FdkU6QNOTlKRsICUaJ4Kw	ym 2010s late mb albums p2
Jesus Forgive Me, I Am A Thot	JPEGMAFIA	All My Heroes Are Cornballs	INDIFFERENT	KLZjBQ6fRqs	MPREb_2UPhPKBeM3p	UC2FdkU6QNOTlKRsICUaJ4Kw	ym 2010s late mb albums p2
JPEGMAFIA TYPE BEAT	JPEGMAFIA	All My Heroes Are Cornballs	INDIFFERENT	r_o6O2cPYsI	MPREb_2UPhPKBeM3p	UC2FdkU6QNOTlKRsICUaJ4Kw	ym 2010s late mb albums p2
Grimy Waifu	JPEGMAFIA	All My Heroes Are Cornballs	INDIFFERENT	9zLuPi_MMMw	MPREb_2UPhPKBeM3p	UC2FdkU6QNOTlKRsICUaJ4Kw	ym 2010s late mb albums p2
Free The Frail (feat. Helena Deland)	JPEGMAFIA	All My Heroes Are Cornballs	INDIFFERENT	KDNy6IGQw7o	MPREb_2UPhPKBeM3p	UC2FdkU6QNOTlKRsICUaJ4Kw	ym 2010s late mb albums p2
DOTS FREESTYLE REMIX (feat. Buzzy Lee & Abdu Ali)	JPEGMAFIA	All My Heroes Are Cornballs	INDIFFERENT	sLXcE6tDthE	MPREb_2UPhPKBeM3p	UC2FdkU6QNOTlKRsICUaJ4Kw	ym 2010s late mb albums p2
Beta Male Strategies	JPEGMAFIA	All My Heroes Are Cornballs	INDIFFERENT	05gYzbCfKv0	MPREb_2UPhPKBeM3p	UC2FdkU6QNOTlKRsICUaJ4Kw	ym 2010s late mb albums p2
BasicBitchTearGas	JPEGMAFIA	All My Heroes Are Cornballs	INDIFFERENT	Y95rEnfujbE	MPREb_2UPhPKBeM3p	UC2FdkU6QNOTlKRsICUaJ4Kw	ym 2010s late mb albums p2
BUTTERMILK JESUS TYPE BEAT	JPEGMAFIA	All My Heroes Are Cornballs	INDIFFERENT	jhmO2J7HapM	MPREb_2UPhPKBeM3p	UC2FdkU6QNOTlKRsICUaJ4Kw	ym 2010s late mb albums p2
BBW	JPEGMAFIA	All My Heroes Are Cornballs	INDIFFERENT	xA66GdDCVas	MPREb_2UPhPKBeM3p	UC2FdkU6QNOTlKRsICUaJ4Kw	ym 2010s late mb albums p2
All My Heroes Are Cornballs	JPEGMAFIA	All My Heroes Are Cornballs	INDIFFERENT	XnEDdvf-yBk	MPREb_2UPhPKBeM3p	UC2FdkU6QNOTlKRsICUaJ4Kw	ym 2010s late mb albums p2
When I Quit Drinking	JP Harris	Sometimes Dogs Bark at Nothing	INDIFFERENT	1XJ9DI0LdAE	MPREb_fGeKxO4fT6l	UCQ9iY8laREQ9YY1qVdAUT2A	ym 2010s late mb albums p2
Sometimes Dogs Bark at Nothing	JP Harris	Sometimes Dogs Bark at Nothing	INDIFFERENT	rb36ywBeAE8	MPREb_fGeKxO4fT6l	UCQ9iY8laREQ9YY1qVdAUT2A	ym 2010s late mb albums p2
Runaway	JP Harris	Sometimes Dogs Bark at Nothing	INDIFFERENT	FH38iW34GvY	MPREb_fGeKxO4fT6l	UCQ9iY8laREQ9YY1qVdAUT2A	ym 2010s late mb albums p2
Miss Jeanne-Marie	JP Harris	Sometimes Dogs Bark at Nothing	INDIFFERENT	seHCPlnGbGQ	MPREb_fGeKxO4fT6l	UCQ9iY8laREQ9YY1qVdAUT2A	ym 2010s late mb albums p2
Long Ways Back	JP Harris	Sometimes Dogs Bark at Nothing	INDIFFERENT	tMXYtE_L1nA	MPREb_fGeKxO4fT6l	UCQ9iY8laREQ9YY1qVdAUT2A	ym 2010s late mb albums p2
Lady in the Spotlight	JP Harris	Sometimes Dogs Bark at Nothing	INDIFFERENT	B7Wf85WSbz4	MPREb_fGeKxO4fT6l	UCQ9iY8laREQ9YY1qVdAUT2A	ym 2010s late mb albums p2
Jimmy's Dead and Gone	JP Harris	Sometimes Dogs Bark at Nothing	INDIFFERENT	y_lfXYVXc9w	MPREb_fGeKxO4fT6l	UCQ9iY8laREQ9YY1qVdAUT2A	ym 2010s late mb albums p2
JP's Florida Blues #1	JP Harris	Sometimes Dogs Bark at Nothing	INDIFFERENT	puTq1UAHoY8	MPREb_fGeKxO4fT6l	UCQ9iY8laREQ9YY1qVdAUT2A	ym 2010s late mb albums p2
I Only Drink Alone	JP Harris	Sometimes Dogs Bark at Nothing	INDIFFERENT	HyNwHybv4x0	MPREb_fGeKxO4fT6l	UCQ9iY8laREQ9YY1qVdAUT2A	ym 2010s late mb albums p2
Hard Road	JP Harris	Sometimes Dogs Bark at Nothing	INDIFFERENT	gJAM2ui4JFU	MPREb_fGeKxO4fT6l	UCQ9iY8laREQ9YY1qVdAUT2A	ym 2010s late mb albums p2
Possessed	JMSN	It is.	INDIFFERENT	sPetgf3A2Bo	MPREb_MmaTCyGEE0n	UC4G9cMy1Ucbz9KPBH1jj7Ng	ym 2010s late mb albums p2
Juice (Interlude)	JMSN	It is.	INDIFFERENT	fjWlLbmjsqE	MPREb_MmaTCyGEE0n	UC4G9cMy1Ucbz9KPBH1jj7Ng	ym 2010s late mb albums p2
It is.	JMSN	It is.	INDIFFERENT	bNcelyL5_NA	MPREb_MmaTCyGEE0n	UC4G9cMy1Ucbz9KPBH1jj7Ng	ym 2010s late mb albums p2
Hypnotized	JMSN	It is.	INDIFFERENT	bgtdRk4OGZc	MPREb_MmaTCyGEE0n	UC4G9cMy1Ucbz9KPBH1jj7Ng	ym 2010s late mb albums p2
Funk Outta Here	JMSN	It is.	INDIFFERENT	IlR39sv7Wws	MPREb_MmaTCyGEE0n	UC4G9cMy1Ucbz9KPBH1jj7Ng	ym 2010s late mb albums p2
Fantasize	JMSN	It is.	INDIFFERENT	Fe2vAINRKcI	MPREb_MmaTCyGEE0n	UC4G9cMy1Ucbz9KPBH1jj7Ng	ym 2010s late mb albums p2
Underwear	JID	The Never Story	INDIFFERENT	Rpbj6V5YhpQ	MPREb_JGTg5Ln5iPH	UCRlGNubLJBgW9VRCuiUnuYw	ym 2010s late mb albums p2
Somebody	JID	The Never Story	INDIFFERENT	NuFZsKLQ9yw	MPREb_JGTg5Ln5iPH	UCRlGNubLJBgW9VRCuiUnuYw	ym 2010s late mb albums p2
NEVER	JID	The Never Story	INDIFFERENT	k75PYvjrNN8	MPREb_JGTg5Ln5iPH	UCRlGNubLJBgW9VRCuiUnuYw	ym 2010s late mb albums p2
LAUDER	JID	The Never Story	INDIFFERENT	qkreZvm7nMk	MPREb_JGTg5Ln5iPH	UCRlGNubLJBgW9VRCuiUnuYw	ym 2010s late mb albums p2
Hoodbooger	JID	The Never Story	INDIFFERENT	5n3IQ0r7aOM	MPREb_JGTg5Ln5iPH	UCRlGNubLJBgW9VRCuiUnuYw	ym 2010s late mb albums p2
Hereditary	JID	The Never Story	INDIFFERENT	Chwau3diDV0	MPREb_JGTg5Ln5iPH	UCRlGNubLJBgW9VRCuiUnuYw	ym 2010s late mb albums p2
General	JID	The Never Story	INDIFFERENT	BagJ5XDKhQk	MPREb_JGTg5Ln5iPH	UCRlGNubLJBgW9VRCuiUnuYw	ym 2010s late mb albums p2
Doo Wop	JID	The Never Story	INDIFFERENT	cnYw1jxtDzI	MPREb_JGTg5Ln5iPH	UCRlGNubLJBgW9VRCuiUnuYw	ym 2010s late mb albums p2
D/vision (feat. EARTHGANG)	JID	The Never Story	INDIFFERENT	XGfpsbmILZ0	MPREb_JGTg5Ln5iPH	UCRlGNubLJBgW9VRCuiUnuYw	ym 2010s late mb albums p2
All Bad (feat. Mereba)	JID	The Never Story	INDIFFERENT	tDcgqwZPfTY	MPREb_JGTg5Ln5iPH	UCRlGNubLJBgW9VRCuiUnuYw	ym 2010s late mb albums p2
8701 (feat. 6LACK)	JID	The Never Story	INDIFFERENT	SVNBRdqlo_M	MPREb_JGTg5Ln5iPH	UCRlGNubLJBgW9VRCuiUnuYw	ym 2010s late mb albums p2
Westbrook	JID	DiCaprio 2	INDIFFERENT	O-YI7EhrX1s	MPREb_HmaiYfeL94i	UCRlGNubLJBgW9VRCuiUnuYw	ym 2010s late mb albums p2
Tiiied (feat. 6LACK & Ella Mai)	JID	DiCaprio 2	INDIFFERENT	wkaKf2f5n8A	MPREb_HmaiYfeL94i	UCRlGNubLJBgW9VRCuiUnuYw	ym 2010s late mb albums p2
Mounted Up	JID	DiCaprio 2	INDIFFERENT	VFfVgXBFHzc	MPREb_HmaiYfeL94i	UCRlGNubLJBgW9VRCuiUnuYw	ym 2010s late mb albums p2
Just Da Other Day	JID	DiCaprio 2	INDIFFERENT	a5ZIltA3yow	MPREb_HmaiYfeL94i	UCRlGNubLJBgW9VRCuiUnuYw	ym 2010s late mb albums p2
Hasta Luego (Bonus)	JID	DiCaprio 2	INDIFFERENT	61u2iwVV8oM	MPREb_HmaiYfeL94i	UCRlGNubLJBgW9VRCuiUnuYw	ym 2010s late mb albums p2
Frequency Change	JID	DiCaprio 2	INDIFFERENT	Mmaq-LjhobM	MPREb_HmaiYfeL94i	UCRlGNubLJBgW9VRCuiUnuYw	ym 2010s late mb albums p2
Despacito Too	JID	DiCaprio 2	INDIFFERENT	pqk04nBFXzY	MPREb_HmaiYfeL94i	UCRlGNubLJBgW9VRCuiUnuYw	ym 2010s late mb albums p2
151 Rum	JID	DiCaprio 2	INDIFFERENT	WdCW_Q2Luj4	MPREb_HmaiYfeL94i	UCRlGNubLJBgW9VRCuiUnuYw	ym 2010s late mb albums p2
What's a Creep	JEFF the Brotherhood	Wasted on the Dream	INDIFFERENT	IfPdi75HP48	MPREb_el2jIQi4xsw	UCAaETnLcP0wpVt6C8WF_MvQ	ym 2010s late mb albums p2
Voyage Into Dreams	JEFF the Brotherhood	Wasted on the Dream	INDIFFERENT	uXP41hFaAqw	MPREb_el2jIQi4xsw	UCAaETnLcP0wpVt6C8WF_MvQ	ym 2010s late mb albums p2
Prairie Song	JEFF the Brotherhood	Wasted on the Dream	INDIFFERENT	2PR9Fn1lawc	MPREb_el2jIQi4xsw	UCAaETnLcP0wpVt6C8WF_MvQ	ym 2010s late mb albums p2
Mystified Minds	JEFF the Brotherhood	Wasted on the Dream	INDIFFERENT	B8VKmJUYzh8	MPREb_el2jIQi4xsw	UCAaETnLcP0wpVt6C8WF_MvQ	ym 2010s late mb albums p2
Melting Place	JEFF the Brotherhood	Wasted on the Dream	INDIFFERENT	xLD6ChPOP4M	MPREb_el2jIQi4xsw	UCAaETnLcP0wpVt6C8WF_MvQ	ym 2010s late mb albums p2
Karaoke, TN	JEFF the Brotherhood	Wasted on the Dream	INDIFFERENT	znRypjxLGSw	MPREb_el2jIQi4xsw	UCAaETnLcP0wpVt6C8WF_MvQ	ym 2010s late mb albums p2
In My Mouth	JEFF the Brotherhood	Wasted on the Dream	INDIFFERENT	P_vOdHzmQos	MPREb_el2jIQi4xsw	UCAaETnLcP0wpVt6C8WF_MvQ	ym 2010s late mb albums p2
In My Dreams	JEFF the Brotherhood	Wasted on the Dream	INDIFFERENT	TOFDft4Xx5c	MPREb_el2jIQi4xsw	UCAaETnLcP0wpVt6C8WF_MvQ	ym 2010s late mb albums p2
Cosmic Visions	JEFF the Brotherhood	Wasted on the Dream	INDIFFERENT	gExSGWys1Ng	MPREb_el2jIQi4xsw	UCAaETnLcP0wpVt6C8WF_MvQ	ym 2010s late mb albums p2
Coat Check Girl	JEFF the Brotherhood	Wasted on the Dream	INDIFFERENT	DB4VCYTBxVA	MPREb_el2jIQi4xsw	UCAaETnLcP0wpVt6C8WF_MvQ	ym 2010s late mb albums p2
Black Cherry Pie	JEFF the Brotherhood	Wasted on the Dream	INDIFFERENT	LX6BdPF5QyE	MPREb_el2jIQi4xsw	UCAaETnLcP0wpVt6C8WF_MvQ	ym 2010s late mb albums p2
Smile (feat. Gloria Carter)	JAŸ-Z	4:44	INDIFFERENT	pgkWpTh3Eeg	MPREb_KbfUSj7oM2A	UCbJG1HvzgzaMe_15xfiUyWw	ym 2010s late mb albums p2
Moonlight	JAŸ-Z	4:44	INDIFFERENT	VvPZuiJIisc	MPREb_KbfUSj7oM2A	UCbJG1HvzgzaMe_15xfiUyWw	ym 2010s late mb albums p2
Marcy Me	JAŸ-Z	4:44	INDIFFERENT	RyzTODxFlHY	MPREb_KbfUSj7oM2A	UCbJG1HvzgzaMe_15xfiUyWw	ym 2010s late mb albums p2
Legacy	JAŸ-Z	4:44	INDIFFERENT	hJ1dY9h9arU	MPREb_KbfUSj7oM2A	UCbJG1HvzgzaMe_15xfiUyWw	ym 2010s late mb albums p2
Kill Jay Z	JAŸ-Z	4:44	INDIFFERENT	TJ1I9i3VUGs	MPREb_KbfUSj7oM2A	UCbJG1HvzgzaMe_15xfiUyWw	ym 2010s late mb albums p2
Family Feud (feat. Beyoncé)	JAŸ-Z	4:44	INDIFFERENT	J8MVp5KZo-0	MPREb_KbfUSj7oM2A	UCbJG1HvzgzaMe_15xfiUyWw	ym 2010s late mb albums p2
Caught Their Eyes (feat. Frank Ocean)	JAŸ-Z	4:44	INDIFFERENT	aqIEkPli_d0	MPREb_KbfUSj7oM2A	UCbJG1HvzgzaMe_15xfiUyWw	ym 2010s late mb albums p2
Bam (feat. Damian Marley)	JAŸ-Z	4:44	INDIFFERENT	wHrpB2lwc2I	MPREb_KbfUSj7oM2A	UCbJG1HvzgzaMe_15xfiUyWw	ym 2010s late mb albums p2
4:44	JAŸ-Z	4:44	INDIFFERENT	y_bBWlJdog4	MPREb_KbfUSj7oM2A	UCbJG1HvzgzaMe_15xfiUyWw	ym 2010s late mb albums p2
Wild Bill Jones	J.D. Wilkes	Fire Dream	INDIFFERENT	VVlBkHC9yuc	MPREb_YjwnBaseZbz	UCwbKHGNT4kSvuIgpGUC5fZQ	ym 2010s late mb albums p2
Walk Between the Raindrops	J.D. Wilkes	Fire Dream	INDIFFERENT	af6b7Xuz-GY	MPREb_YjwnBaseZbz	UCwbKHGNT4kSvuIgpGUC5fZQ	ym 2010s late mb albums p2
That's What They Say	J.D. Wilkes	Fire Dream	INDIFFERENT	sco2pTqg_GY	MPREb_YjwnBaseZbz	UCwbKHGNT4kSvuIgpGUC5fZQ	ym 2010s late mb albums p2
Starlings, Ky	J.D. Wilkes	Fire Dream	INDIFFERENT	BsmHzJT3kuc	MPREb_YjwnBaseZbz	UCwbKHGNT4kSvuIgpGUC5fZQ	ym 2010s late mb albums p2
Rain and Snow	J.D. Wilkes	Fire Dream	INDIFFERENT	42pUvLW-DoM	MPREb_YjwnBaseZbz	UCwbKHGNT4kSvuIgpGUC5fZQ	ym 2010s late mb albums p2
Moonbottle	J.D. Wilkes	Fire Dream	INDIFFERENT	Gosy3cmtZB0	MPREb_YjwnBaseZbz	UCwbKHGNT4kSvuIgpGUC5fZQ	ym 2010s late mb albums p2
Hoboes Are My Heroes	J.D. Wilkes	Fire Dream	INDIFFERENT	sNPuTwsCzRs	MPREb_YjwnBaseZbz	UCwbKHGNT4kSvuIgpGUC5fZQ	ym 2010s late mb albums p2
Fire Dream	J.D. Wilkes	Fire Dream	INDIFFERENT	jwJCbD6YGi0	MPREb_YjwnBaseZbz	UCwbKHGNT4kSvuIgpGUC5fZQ	ym 2010s late mb albums p2
Down in the Hidey Hole	J.D. Wilkes	Fire Dream	INDIFFERENT	Q0GrWv8KOSs	MPREb_YjwnBaseZbz	UCwbKHGNT4kSvuIgpGUC5fZQ	ym 2010s late mb albums p2
Bible, Candle and a Skull	J.D. Wilkes	Fire Dream	INDIFFERENT	oagfWnh-oPY	MPREb_YjwnBaseZbz	UCwbKHGNT4kSvuIgpGUC5fZQ	ym 2010s late mb albums p2
Window Pain (Outro)	J. Cole	KOD	INDIFFERENT	xmRde-gc0n8	MPREb_6qBdj7sVEeJ	UC0ajkOzj8xE3Gs3LHCE243A	ym 2010s late mb albums p2
The Cut Off (feat. kiLL edward)	J. Cole	KOD	INDIFFERENT	jdvry0uIHPA	MPREb_6qBdj7sVEeJ	UC0ajkOzj8xE3Gs3LHCE243A	ym 2010s late mb albums p2
Photograph	J. Cole	KOD	INDIFFERENT	tIRi44nVNCA	MPREb_6qBdj7sVEeJ	UC0ajkOzj8xE3Gs3LHCE243A	ym 2010s late mb albums p2
Once an Addict (Interlude)	J. Cole	KOD	INDIFFERENT	uirzHXHpgqM	MPREb_6qBdj7sVEeJ	UC0ajkOzj8xE3Gs3LHCE243A	ym 2010s late mb albums p2
Intro	J. Cole	KOD	INDIFFERENT	H4SlaBv-84Q	MPREb_6qBdj7sVEeJ	UC0ajkOzj8xE3Gs3LHCE243A	ym 2010s late mb albums p2
FRIENDS (feat. kiLL edward)	J. Cole	KOD	INDIFFERENT	4JmZ2PgzTos	MPREb_6qBdj7sVEeJ	UC0ajkOzj8xE3Gs3LHCE243A	ym 2010s late mb albums p2
ATM	J. Cole	KOD	INDIFFERENT	HWuGhTkPNKg	MPREb_6qBdj7sVEeJ	UC0ajkOzj8xE3Gs3LHCE243A	ym 2010s late mb albums p2
1985 (Intro to “The Fall Off”)	J. Cole	KOD	INDIFFERENT	ii6u1wSAu90	MPREb_6qBdj7sVEeJ	UC0ajkOzj8xE3Gs3LHCE243A	ym 2010s late mb albums p2
Ville Mentality	J. Cole	4 Your Eyez Only	INDIFFERENT	rgwjDXSz0oc	MPREb_W5dnW0IWbjr	UC0ajkOzj8xE3Gs3LHCE243A	ym 2010s late mb albums p2
She's Mine Pt. 2	J. Cole	4 Your Eyez Only	INDIFFERENT	jRj6I2nu6sE	MPREb_W5dnW0IWbjr	UC0ajkOzj8xE3Gs3LHCE243A	ym 2010s late mb albums p2
She's Mine Pt. 1	J. Cole	4 Your Eyez Only	INDIFFERENT	ryO4g9bN0_4	MPREb_W5dnW0IWbjr	UC0ajkOzj8xE3Gs3LHCE243A	ym 2010s late mb albums p2
Foldin Clothes	J. Cole	4 Your Eyez Only	INDIFFERENT	UUyj19U_thI	MPREb_W5dnW0IWbjr	UC0ajkOzj8xE3Gs3LHCE243A	ym 2010s late mb albums p2
Peligrosa	J. Balvin	Vibras	INDIFFERENT	WLu1pYp9ZFU	MPREb_wy06u4j760D	UCWw-Guyr5ul9B-d5kJlHMng	ym 2010s late mb albums p2
No Es Justo	J. Balvin	Vibras	INDIFFERENT	vsw8LDHK2E8	MPREb_wy06u4j760D	UCWw-Guyr5ul9B-d5kJlHMng	ym 2010s late mb albums p2
Machika	J. Balvin	Vibras	INDIFFERENT	jkK_Vl4uO08	MPREb_wy06u4j760D	UCWw-Guyr5ul9B-d5kJlHMng	ym 2010s late mb albums p2
Brillo	J. Balvin	Vibras	INDIFFERENT	nxiZwt35ETQ	MPREb_wy06u4j760D	UCWw-Guyr5ul9B-d5kJlHMng	ym 2010s late mb albums p2
U-N-I (feat. Jamie Lidell)	J-E-T-S	The Chants	INDIFFERENT	vJjB06abX5g	MPREb_ucJEZ2cX5O2	UCrDW_qcOPA0nzciJr0NtSBg	ym 2010s late mb albums p2
The Chants	J-E-T-S	The Chants	INDIFFERENT	HIFosmaGFQw	MPREb_ucJEZ2cX5O2	UCrDW_qcOPA0nzciJr0NtSBg	ym 2010s late mb albums p2
966	J Dilla	Jay Dee's Ma Dukes Collection	INDIFFERENT	dJGpp5hLCAI	MPREb_koxaPOUEbzv	UCg6G23d_0Rdx3W5XbxC7N8A	ym 2010s late mb albums p2
865	J Dilla	Jay Dee's Ma Dukes Collection	INDIFFERENT	lurZ2aQkRPo	MPREb_koxaPOUEbzv	UCg6G23d_0Rdx3W5XbxC7N8A	ym 2010s late mb albums p2
764	J Dilla	Jay Dee's Ma Dukes Collection	INDIFFERENT	lkJgfHHSbCQ	MPREb_koxaPOUEbzv	UCg6G23d_0Rdx3W5XbxC7N8A	ym 2010s late mb albums p2
663	J Dilla	Jay Dee's Ma Dukes Collection	INDIFFERENT	bdhB0v1P9jo	MPREb_koxaPOUEbzv	UCg6G23d_0Rdx3W5XbxC7N8A	ym 2010s late mb albums p2
562	J Dilla	Jay Dee's Ma Dukes Collection	INDIFFERENT	QzUhlntjeMI	MPREb_koxaPOUEbzv	UCg6G23d_0Rdx3W5XbxC7N8A	ym 2010s late mb albums p2
368	J Dilla	Jay Dee's Ma Dukes Collection	INDIFFERENT	DpNyscN7sUw	MPREb_koxaPOUEbzv	UCg6G23d_0Rdx3W5XbxC7N8A	ym 2010s late mb albums p2
367	J Dilla	Jay Dee's Ma Dukes Collection	INDIFFERENT	kCaLVBNm-TU	MPREb_koxaPOUEbzv	UCg6G23d_0Rdx3W5XbxC7N8A	ym 2010s late mb albums p2
1074	J Dilla	Jay Dee's Ma Dukes Collection	INDIFFERENT	Z1iZf5l3iW4	MPREb_koxaPOUEbzv	UCg6G23d_0Rdx3W5XbxC7N8A	ym 2010s late mb albums p2
1073	J Dilla	Jay Dee's Ma Dukes Collection	INDIFFERENT	AvkgFASVoAg	MPREb_koxaPOUEbzv	UCg6G23d_0Rdx3W5XbxC7N8A	ym 2010s late mb albums p2
1072	J Dilla	Jay Dee's Ma Dukes Collection	INDIFFERENT	zZHfBQPFtZ4	MPREb_koxaPOUEbzv	UCg6G23d_0Rdx3W5XbxC7N8A	ym 2010s late mb albums p2
1071	J Dilla	Jay Dee's Ma Dukes Collection	INDIFFERENT	PHR206RQL7U	MPREb_koxaPOUEbzv	UCg6G23d_0Rdx3W5XbxC7N8A	ym 2010s late mb albums p2
1070	J Dilla	Jay Dee's Ma Dukes Collection	INDIFFERENT	_7pG630XXwk	MPREb_koxaPOUEbzv	UCg6G23d_0Rdx3W5XbxC7N8A	ym 2010s late mb albums p2
1069	J Dilla	Jay Dee's Ma Dukes Collection	INDIFFERENT	tZFzJEr_yYg	MPREb_koxaPOUEbzv	UCg6G23d_0Rdx3W5XbxC7N8A	ym 2010s late mb albums p2
1067	J Dilla	Jay Dee's Ma Dukes Collection	INDIFFERENT	ePWA2ksRsLM	MPREb_koxaPOUEbzv	UCg6G23d_0Rdx3W5XbxC7N8A	ym 2010s late mb albums p2
Tu Verdad	J Balvin	Vibras	INDIFFERENT	7s2DMJ-UYqE	MPREb_wy06u4j760D	UCWw-Guyr5ul9B-d5kJlHMng	ym 2010s late mb albums p2
Noches Pasadas	J Balvin	Vibras	INDIFFERENT	1Eu81lkwonQ	MPREb_wy06u4j760D	UCWw-Guyr5ul9B-d5kJlHMng	ym 2010s late mb albums p2
Dónde Estarás	J Balvin	Vibras	INDIFFERENT	-y9eHk-YwtI	MPREb_wy06u4j760D	UCWw-Guyr5ul9B-d5kJlHMng	ym 2010s late mb albums p2
Cuando Tú Quieras	J Balvin	Vibras	INDIFFERENT	F_lfeFOHofo	MPREb_wy06u4j760D	UCWw-Guyr5ul9B-d5kJlHMng	ym 2010s late mb albums p2
Ahora	J Balvin	Vibras	INDIFFERENT	YRG4l6aCJ4k	MPREb_wy06u4j760D	UCWw-Guyr5ul9B-d5kJlHMng	ym 2010s late mb albums p2
Witching Hour	Item	Sad Light	INDIFFERENT	XVWq7MwTA_s	MPREb_vD5ni8VMYoo	UCZQL7W07Q52EUFLiIdDKA7g	ym 2010s late mb albums p2
The Way It's Going	Item	Sad Light	INDIFFERENT	KDWaiZs4npg	MPREb_vD5ni8VMYoo	UCZQL7W07Q52EUFLiIdDKA7g	ym 2010s late mb albums p2
Somersault	Item	Sad Light	INDIFFERENT	hAXEPAvArqI	MPREb_vD5ni8VMYoo	UCZQL7W07Q52EUFLiIdDKA7g	ym 2010s late mb albums p2
Sad Light	Item	Sad Light	INDIFFERENT	JC8ypxTv0rg	MPREb_vD5ni8VMYoo	UCZQL7W07Q52EUFLiIdDKA7g	ym 2010s late mb albums p2
Magnesium	Item	Sad Light	INDIFFERENT	8-FQh7lzxLo	MPREb_vD5ni8VMYoo	UCZQL7W07Q52EUFLiIdDKA7g	ym 2010s late mb albums p2
Jeju Island	Item	Sad Light	INDIFFERENT	fqoYNg4z7oo	MPREb_vD5ni8VMYoo	UCZQL7W07Q52EUFLiIdDKA7g	ym 2010s late mb albums p2
Horse Pill	Item	Sad Light	INDIFFERENT	X7p8B3WTjz8	MPREb_vD5ni8VMYoo	UCZQL7W07Q52EUFLiIdDKA7g	ym 2010s late mb albums p2
Green Bridge	Item	Sad Light	INDIFFERENT	pl8g0LIJDJw	MPREb_vD5ni8VMYoo	UCZQL7W07Q52EUFLiIdDKA7g	ym 2010s late mb albums p2
Vanta	Ital Tek	Bodied	INDIFFERENT	shf0y7bYPBU	MPREb_3r5T7ZmYSNy	UC80Yp6RfippuaEY5opag3XA	ym 2010s late mb albums p2
The Circle Is Complete	Ital Tek	Bodied	INDIFFERENT	WNmn_W_Iqic	MPREb_3r5T7ZmYSNy	UC80Yp6RfippuaEY5opag3XA	ym 2010s late mb albums p2
Prima	Ital Tek	Bodied	INDIFFERENT	RAEP9JG2ASs	MPREb_3r5T7ZmYSNy	UC80Yp6RfippuaEY5opag3XA	ym 2010s late mb albums p2
Lithic	Ital Tek	Bodied	INDIFFERENT	0s-pt70gnxw	MPREb_3r5T7ZmYSNy	UC80Yp6RfippuaEY5opag3XA	ym 2010s late mb albums p2
Isolation Waves	Ital Tek	Bodied	INDIFFERENT	6DSbJq3Vqk8	MPREb_3r5T7ZmYSNy	UC80Yp6RfippuaEY5opag3XA	ym 2010s late mb albums p2
Hymnal	Ital Tek	Bodied	INDIFFERENT	2QWozYS1jU4	MPREb_3r5T7ZmYSNy	UC80Yp6RfippuaEY5opag3XA	ym 2010s late mb albums p2
Fragility	Ital Tek	Bodied	INDIFFERENT	0FKcNfhklzI	MPREb_3r5T7ZmYSNy	UC80Yp6RfippuaEY5opag3XA	ym 2010s late mb albums p2
Cipher	Ital Tek	Bodied	INDIFFERENT	-rGQgsKPgjQ	MPREb_3r5T7ZmYSNy	UC80Yp6RfippuaEY5opag3XA	ym 2010s late mb albums p2
Bodied	Ital Tek	Bodied	INDIFFERENT	mci1YmgAkgs	MPREb_3r5T7ZmYSNy	UC80Yp6RfippuaEY5opag3XA	ym 2010s late mb albums p2
Blood Rain	Ital Tek	Bodied	INDIFFERENT	q9cLtbcimAY	MPREb_3r5T7ZmYSNy	UC80Yp6RfippuaEY5opag3XA	ym 2010s late mb albums p2
Become Real	Ital Tek	Bodied	INDIFFERENT	8L_ZJHhSe60	MPREb_3r5T7ZmYSNy	UC80Yp6RfippuaEY5opag3XA	ym 2010s late mb albums p2
Adrift	Ital Tek	Bodied	INDIFFERENT	Cu0RzEu0bbg	MPREb_3r5T7ZmYSNy	UC80Yp6RfippuaEY5opag3XA	ym 2010s late mb albums p2
Across Time	Ital Tek	Bodied	INDIFFERENT	bcAQMwFjgcg	MPREb_3r5T7ZmYSNy	UC80Yp6RfippuaEY5opag3XA	ym 2010s late mb albums p2
by george (outro)	Isaiah Rashad	The Sun's Tirade	INDIFFERENT	GpdGTo_RRO0	MPREb_UauA3L1bFke	UCnadtBjRhVZzRhro9CZPcSg	ym 2010s late mb albums p2
Stuck in the Mud (feat. SZA)	Isaiah Rashad	The Sun's Tirade	INDIFFERENT	MWM3IUVCi3U	MPREb_UauA3L1bFke	UCnadtBjRhVZzRhro9CZPcSg	ym 2010s late mb albums p2
Silkk da Shocka (feat. Syd)	Isaiah Rashad	The Sun's Tirade	INDIFFERENT	L2xLbDlNhFo	MPREb_UauA3L1bFke	UCnadtBjRhVZzRhro9CZPcSg	ym 2010s late mb albums p2
Rope // rosegold (feat. SiR)	Isaiah Rashad	The Sun's Tirade	INDIFFERENT	3EFFJ3dPaVs	MPREb_UauA3L1bFke	UCnadtBjRhVZzRhro9CZPcSg	ym 2010s late mb albums p2
Park	Isaiah Rashad	The Sun's Tirade	INDIFFERENT	k1rumyfr1k8	MPREb_UauA3L1bFke	UCnadtBjRhVZzRhro9CZPcSg	ym 2010s late mb albums p2
Find a Topic (homies begged)	Isaiah Rashad	The Sun's Tirade	INDIFFERENT	9mejP3DpNqM	MPREb_UauA3L1bFke	UCnadtBjRhVZzRhro9CZPcSg	ym 2010s late mb albums p2
Dressed Like Rappers	Isaiah Rashad	The Sun's Tirade	INDIFFERENT	O1dRcRvSq7E	MPREb_UauA3L1bFke	UCnadtBjRhVZzRhro9CZPcSg	ym 2010s late mb albums p2
Don't Matter	Isaiah Rashad	The Sun's Tirade	INDIFFERENT	YYKGG0cS9NQ	MPREb_UauA3L1bFke	UCnadtBjRhVZzRhro9CZPcSg	ym 2010s late mb albums p2
Brenda	Isaiah Rashad	The Sun's Tirade	INDIFFERENT	QYHpipLP3BE	MPREb_UauA3L1bFke	UCnadtBjRhVZzRhro9CZPcSg	ym 2010s late mb albums p2
Bday (feat. Deacon Blues & Kari Faux)	Isaiah Rashad	The Sun's Tirade	INDIFFERENT	hKDS7fajWIo	MPREb_UauA3L1bFke	UCnadtBjRhVZzRhro9CZPcSg	ym 2010s late mb albums p2
A lot	Isaiah Rashad	The Sun's Tirade	INDIFFERENT	So2dbVw8Hy8	MPREb_UauA3L1bFke	UCnadtBjRhVZzRhro9CZPcSg	ym 2010s late mb albums p2
Surveillance	Interpol	Marauder	INDIFFERENT	TtsqgcwDdmY	MPREb_cCNDbh042jb	UCTz1LbApOPI1byhP61ktXdw	ym 2010s late mb albums p2
Stay In Touch	Interpol	Marauder	INDIFFERENT	KzHraSxuiG8	MPREb_cCNDbh042jb	UCTz1LbApOPI1byhP61ktXdw	ym 2010s late mb albums p2
Party's Over	Interpol	Marauder	INDIFFERENT	84XlW7pR-nY	MPREb_cCNDbh042jb	UCTz1LbApOPI1byhP61ktXdw	ym 2010s late mb albums p2
Number 10	Interpol	Marauder	INDIFFERENT	86UZMHXBT4A	MPREb_cCNDbh042jb	UCTz1LbApOPI1byhP61ktXdw	ym 2010s late mb albums p2
NYSMAW	Interpol	Marauder	INDIFFERENT	kcC3VVD0vnA	MPREb_cCNDbh042jb	UCTz1LbApOPI1byhP61ktXdw	ym 2010s late mb albums p2
Mountain Child	Interpol	Marauder	INDIFFERENT	XO9Kt91om6c	MPREb_cCNDbh042jb	UCTz1LbApOPI1byhP61ktXdw	ym 2010s late mb albums p2
Interlude 2	Interpol	Marauder	INDIFFERENT	mnGfHUS8NjE	MPREb_cCNDbh042jb	UCTz1LbApOPI1byhP61ktXdw	ym 2010s late mb albums p2
The Quickening (Mixed)	Intense	Fabriclive 100: Kode9 & Burial (DJ Mix)	INDIFFERENT	LA0i-g0w8bE	MPREb_oTznNtUT8Si	UCngLa54RiCnmzzd_CiQra-w	ym 2010s late mb albums p2
What's Goodie (feat. Cakes da Killa)	Injury Reserve	Floss	INDIFFERENT	tcU5MuQE2ck	MPREb_Avzi7Sc08Se	UCLkVL4AEzj8c9lHBjuW5v8w	ym 2010s late mb albums p2
S on Ya Chest	Injury Reserve	Floss	INDIFFERENT	rTA8BKxfx9c	MPREb_Avzi7Sc08Se	UCLkVL4AEzj8c9lHBjuW5v8w	ym 2010s late mb albums p2
Oh Shit!!!	Injury Reserve	Floss	INDIFFERENT	UMtdDXGGGPo	MPREb_Avzi7Sc08Se	UCLkVL4AEzj8c9lHBjuW5v8w	ym 2010s late mb albums p2
Look Mama I Did It	Injury Reserve	Floss	INDIFFERENT	7-d7XG-10KY	MPREb_Avzi7Sc08Se	UCLkVL4AEzj8c9lHBjuW5v8w	ym 2010s late mb albums p2
Girl With the Gold Wrist	Injury Reserve	Floss	INDIFFERENT	D0Gfb6PCR1M	MPREb_Avzi7Sc08Se	UCLkVL4AEzj8c9lHBjuW5v8w	ym 2010s late mb albums p2
Eeny Meeny Miny Moe	Injury Reserve	Floss	INDIFFERENT	2u1HEvLKsJU	MPREb_Avzi7Sc08Se	UCLkVL4AEzj8c9lHBjuW5v8w	ym 2010s late mb albums p2
Back Then	Injury Reserve	Floss	INDIFFERENT	ZT9DH1VWcrA	MPREb_Avzi7Sc08Se	UCLkVL4AEzj8c9lHBjuW5v8w	ym 2010s late mb albums p2
All Quiet on the West Side	Injury Reserve	Floss	INDIFFERENT	zj_pjk0ZjzI	MPREb_Avzi7Sc08Se	UCLkVL4AEzj8c9lHBjuW5v8w	ym 2010s late mb albums p2
The Color of Wine	Infinity Girl	Somewhere Nice, Someday	INDIFFERENT	kH5ecI4SaRo	MPREb_PUA6wyn6Cf1	UCvD_eu-ED0oGMKbv6UjsgEA	ym 2010s late mb albums p2
Taking Your Picture	Infinity Girl	Somewhere Nice, Someday	INDIFFERENT	QVC0nWn8O6Q	MPREb_PUA6wyn6Cf1	UCvD_eu-ED0oGMKbv6UjsgEA	ym 2010s late mb albums p2
Redder	Infinity Girl	Somewhere Nice, Someday	INDIFFERENT	Hzgi49kS2kg	MPREb_PUA6wyn6Cf1	UCvD_eu-ED0oGMKbv6UjsgEA	ym 2010s late mb albums p2
Headlights	Infinity Girl	Somewhere Nice, Someday	INDIFFERENT	y_Yn61l_CIk	MPREb_PUA6wyn6Cf1	UCvD_eu-ED0oGMKbv6UjsgEA	ym 2010s late mb albums p2
Don't Believe	Infinity Girl	Somewhere Nice, Someday	INDIFFERENT	qQX5EedDFuI	MPREb_PUA6wyn6Cf1	UCvD_eu-ED0oGMKbv6UjsgEA	ym 2010s late mb albums p2
Derail Me	Infinity Girl	Somewhere Nice, Someday	INDIFFERENT	PGbnt6afNp4	MPREb_PUA6wyn6Cf1	UCvD_eu-ED0oGMKbv6UjsgEA	ym 2010s late mb albums p2
Anything	Infinity Girl	Somewhere Nice, Someday	INDIFFERENT	rbf2z01ztQA	MPREb_PUA6wyn6Cf1	UCvD_eu-ED0oGMKbv6UjsgEA	ym 2010s late mb albums p2
That Girl	Iman Omari	High-Loops & Higher-Loops	INDIFFERENT	eab2uTjVAeY	MPREb_IcxVR3jH7Ng	UCvw92GAcjTITa_FsWs_CGzQ	ym 2010s late mb albums p2
Sour Vibes	Iman Omari	High-Loops & Higher-Loops	INDIFFERENT	9tjbikS8SiA	MPREb_IcxVR3jH7Ng	UCvw92GAcjTITa_FsWs_CGzQ	ym 2010s late mb albums p2
Set It Off	Iman Omari	High-Loops & Higher-Loops	INDIFFERENT	DG6ElJNTH6Q	MPREb_IcxVR3jH7Ng	UCvw92GAcjTITa_FsWs_CGzQ	ym 2010s late mb albums p2
Play No Games	Iman Omari	High-Loops & Higher-Loops	INDIFFERENT	G3z4pyjWmDY	MPREb_IcxVR3jH7Ng	UCvw92GAcjTITa_FsWs_CGzQ	ym 2010s late mb albums p2
Outside	Iman Omari	High-Loops & Higher-Loops	INDIFFERENT	XegyHSLyMIM	MPREb_IcxVR3jH7Ng	UCvw92GAcjTITa_FsWs_CGzQ	ym 2010s late mb albums p2
Omari's Mood	Iman Omari	High-Loops & Higher-Loops	INDIFFERENT	tFCwC3UIrFs	MPREb_IcxVR3jH7Ng	UCvw92GAcjTITa_FsWs_CGzQ	ym 2010s late mb albums p2
No Problems	Iman Omari	High-Loops & Higher-Loops	INDIFFERENT	CDWfOoCNNpo	MPREb_IcxVR3jH7Ng	UCvw92GAcjTITa_FsWs_CGzQ	ym 2010s late mb albums p2
Ninjutsu	Iman Omari	High-Loops & Higher-Loops	INDIFFERENT	8fqbQggSovM	MPREb_IcxVR3jH7Ng	UCvw92GAcjTITa_FsWs_CGzQ	ym 2010s late mb albums p2
L.A. Vibe	Iman Omari	High-Loops & Higher-Loops	INDIFFERENT	y-H2Km0iFDc	MPREb_IcxVR3jH7Ng	UCvw92GAcjTITa_FsWs_CGzQ	ym 2010s late mb albums p2
Gravy Tho	Iman Omari	High-Loops & Higher-Loops	INDIFFERENT	9IL0wijfZJo	MPREb_IcxVR3jH7Ng	UCvw92GAcjTITa_FsWs_CGzQ	ym 2010s late mb albums p2
Gemz	Iman Omari	High-Loops & Higher-Loops	INDIFFERENT	8GjVVfpM7Js	MPREb_IcxVR3jH7Ng	UCvw92GAcjTITa_FsWs_CGzQ	ym 2010s late mb albums p2
Feel Luv	Iman Omari	High-Loops & Higher-Loops	INDIFFERENT	BpZXb1zlh2k	MPREb_IcxVR3jH7Ng	UCvw92GAcjTITa_FsWs_CGzQ	ym 2010s late mb albums p2
Can't Kno Mo	Iman Omari	High-Loops & Higher-Loops	INDIFFERENT	yEm_kVfJwmY	MPREb_IcxVR3jH7Ng	UCvw92GAcjTITa_FsWs_CGzQ	ym 2010s late mb albums p2
Brown Skin	Iman Omari	High-Loops & Higher-Loops	INDIFFERENT	8nqTLdgXxxI	MPREb_IcxVR3jH7Ng	UCvw92GAcjTITa_FsWs_CGzQ	ym 2010s late mb albums p2
Boogie Bang	Iman Omari	High-Loops & Higher-Loops	INDIFFERENT	6yh1MgZr-a4	MPREb_IcxVR3jH7Ng	UCvw92GAcjTITa_FsWs_CGzQ	ym 2010s late mb albums p2
Bars w/ Moo (Re-Flip) (feat. MoRuf)	Iman Omari	High-Loops & Higher-Loops	INDIFFERENT	-Jct7HiyQeg	MPREb_IcxVR3jH7Ng	UCvw92GAcjTITa_FsWs_CGzQ	ym 2010s late mb albums p2
19th Hour	Iman Omari	High-Loops & Higher-Loops	INDIFFERENT	DhUYhsgYMrc	MPREb_IcxVR3jH7Ng	UCvw92GAcjTITa_FsWs_CGzQ	ym 2010s late mb albums p2
Where the Day Breaks	Ikebe Shakedown	The Way Home	INDIFFERENT	KCUjMphv8hM	MPREb_XFmB0lTxeud	UC20CZIzh2uR71kH3eapYPPw	ym 2010s late mb albums p2
The Next 24	Ikebe Shakedown	The Way Home	INDIFFERENT	InZOzZXcfzw	MPREb_XFmB0lTxeud	UC20CZIzh2uR71kH3eapYPPw	ym 2010s late mb albums p2
The Ally	Ikebe Shakedown	The Way Home	INDIFFERENT	Eu2PZJRukjE	MPREb_XFmB0lTxeud	UC20CZIzh2uR71kH3eapYPPw	ym 2010s late mb albums p2
Shifting Sands	Ikebe Shakedown	The Way Home	INDIFFERENT	Imgmle-weNs	MPREb_XFmB0lTxeud	UC20CZIzh2uR71kH3eapYPPw	ym 2010s late mb albums p2
Penny the Snitch	Ikebe Shakedown	The Way Home	INDIFFERENT	5cdCb-Ydb9k	MPREb_XFmB0lTxeud	UC20CZIzh2uR71kH3eapYPPw	ym 2010s late mb albums p2
Out of the Shadows	Ikebe Shakedown	The Way Home	INDIFFERENT	7nvcfrjoCP8	MPREb_XFmB0lTxeud	UC20CZIzh2uR71kH3eapYPPw	ym 2010s late mb albums p2
Five for Five	Ikebe Shakedown	The Way Home	INDIFFERENT	TghnhSS_Oqw	MPREb_XFmB0lTxeud	UC20CZIzh2uR71kH3eapYPPw	ym 2010s late mb albums p2
Brushfire	Ikebe Shakedown	The Way Home	INDIFFERENT	7yOXGWsCJTY	MPREb_XFmB0lTxeud	UC20CZIzh2uR71kH3eapYPPw	ym 2010s late mb albums p2
Assassin	Ikebe Shakedown	The Way Home	INDIFFERENT	dEzABpHu2vA	MPREb_XFmB0lTxeud	UC20CZIzh2uR71kH3eapYPPw	ym 2010s late mb albums p2
Steel Mogu	Iglooghost	Steel Mogu	INDIFFERENT	g2KjC8RJvmo	MPREb_9UIOMB8Q0HV	UC1N5c5QRQxR2qCSw7ZFKdnQ	ym 2010s late mb albums p2
Niteracer	Iglooghost	Steel Mogu	INDIFFERENT	e2w-wk9OIjY	MPREb_9UIOMB8Q0HV	UC1N5c5QRQxR2qCSw7ZFKdnQ	ym 2010s late mb albums p2
Mei Mode	Iglooghost	Steel Mogu	INDIFFERENT	yKkVkWp3jik	MPREb_9UIOMB8Q0HV	UC1N5c5QRQxR2qCSw7ZFKdnQ	ym 2010s late mb albums p2
First Vōids	Iglooghost	Steel Mogu	INDIFFERENT	-jWDh2aAkwU	MPREb_9UIOMB8Q0HV	UC1N5c5QRQxR2qCSw7ZFKdnQ	ym 2010s late mb albums p2
Black Light Ultra	Iglooghost	Steel Mogu	INDIFFERENT	H7VsrKRVpH8	MPREb_9UIOMB8Q0HV	UC1N5c5QRQxR2qCSw7ZFKdnQ	ym 2010s late mb albums p2
Shrine Hacker (feat. BABii)	Iglooghost	Clear Tamei	INDIFFERENT	jPaIM2nXiNs	MPREb_HJXaO2NUvvz	UC1N5c5QRQxR2qCSw7ZFKdnQ	ym 2010s late mb albums p2
Paraguay	Iggy Pop	Post Pop Depression	INDIFFERENT	saj75Kq3aRI	MPREb_Jej46twMP6L	UCN2OwEXNYJFzgHvR7912Btg	ym 2010s late mb albums p2
In The Lobby	Iggy Pop	Post Pop Depression	INDIFFERENT	fJYdrnakI0c	MPREb_Jej46twMP6L	UCN2OwEXNYJFzgHvR7912Btg	ym 2010s late mb albums p2
German Days	Iggy Pop	Post Pop Depression	INDIFFERENT	tYpeCPscqRQ	MPREb_Jej46twMP6L	UCN2OwEXNYJFzgHvR7912Btg	ym 2010s late mb albums p2
Thieves Like Us	Iceage	Beyondless	INDIFFERENT	V8FjVc9TOyM	MPREb_wzPeWcLszhf	UClWQOFNoCZ5slyX-nxhvPIQ	ym 2010s late mb albums p2
Showtime	Iceage	Beyondless	INDIFFERENT	7FrUSs3M4TI	MPREb_wzPeWcLszhf	UClWQOFNoCZ5slyX-nxhvPIQ	ym 2010s late mb albums p2
Plead the Fifth	Iceage	Beyondless	INDIFFERENT	NU6ikCEMAPU	MPREb_wzPeWcLszhf	UClWQOFNoCZ5slyX-nxhvPIQ	ym 2010s late mb albums p2
Hurrah	Iceage	Beyondless	INDIFFERENT	6LX04SpaQS4	MPREb_wzPeWcLszhf	UClWQOFNoCZ5slyX-nxhvPIQ	ym 2010s late mb albums p2
Beyondless	Iceage	Beyondless	INDIFFERENT	GjfUPr37suY	MPREb_wzPeWcLszhf	UClWQOFNoCZ5slyX-nxhvPIQ	ym 2010s late mb albums p2
The Nearness	Ian William Craig	Centres	INDIFFERENT	y8qlIofdxNE	MPREb_KFVyqwCLv79	UCmEzZeXnSUtPRVAXXGwcHYQ	ym 2010s late mb albums p2
Set to Lapse	Ian William Craig	Centres	INDIFFERENT	f0k4vtkL-bA	MPREb_KFVyqwCLv79	UCmEzZeXnSUtPRVAXXGwcHYQ	ym 2010s late mb albums p2
Purpose (Is No Country)	Ian William Craig	Centres	INDIFFERENT	hASPEzwbMmk	MPREb_KFVyqwCLv79	UCmEzZeXnSUtPRVAXXGwcHYQ	ym 2010s late mb albums p2
Power Colour Spirit Animal	Ian William Craig	Centres	INDIFFERENT	A59x_1gnxlw	MPREb_KFVyqwCLv79	UCmEzZeXnSUtPRVAXXGwcHYQ	ym 2010s late mb albums p2
It Need Not Be Hopeless	Ian William Craig	Centres	INDIFFERENT	che8iS3c_K8	MPREb_KFVyqwCLv79	UCmEzZeXnSUtPRVAXXGwcHYQ	ym 2010s late mb albums p2
Innermost	Ian William Craig	Centres	INDIFFERENT	QU1r_XuniKY	MPREb_KFVyqwCLv79	UCmEzZeXnSUtPRVAXXGwcHYQ	ym 2010s late mb albums p2
Drifting to Void on All Sides	Ian William Craig	Centres	INDIFFERENT	xNpuXF5rwXs	MPREb_KFVyqwCLv79	UCmEzZeXnSUtPRVAXXGwcHYQ	ym 2010s late mb albums p2
Contain (Cedar Version)	Ian William Craig	Centres	INDIFFERENT	BQ6sviwWDl8	MPREb_KFVyqwCLv79	UCmEzZeXnSUtPRVAXXGwcHYQ	ym 2010s late mb albums p2
Contain (Astoria Version)	Ian William Craig	Centres	INDIFFERENT	YJDxyEDc-fc	MPREb_KFVyqwCLv79	UCmEzZeXnSUtPRVAXXGwcHYQ	ym 2010s late mb albums p2
Arrive, Arrive	Ian William Craig	Centres	INDIFFERENT	5gApPThZ98o	MPREb_KFVyqwCLv79	UCmEzZeXnSUtPRVAXXGwcHYQ	ym 2010s late mb albums p2
An Ocean Only You Could See	Ian William Craig	Centres	INDIFFERENT	V6GuCMS6Cog	MPREb_KFVyqwCLv79	UCmEzZeXnSUtPRVAXXGwcHYQ	ym 2010s late mb albums p2
A Single Hope	Ian William Craig	Centres	INDIFFERENT	ZGE8r4efx0c	MPREb_KFVyqwCLv79	UCmEzZeXnSUtPRVAXXGwcHYQ	ym 2010s late mb albums p2
A Circle Without Having to Curve	Ian William Craig	Centres	INDIFFERENT	2gHvz9g9Tvg	MPREb_KFVyqwCLv79	UCmEzZeXnSUtPRVAXXGwcHYQ	ym 2010s late mb albums p2
Television	IDLES	Joy as an Act of Resistance.	INDIFFERENT	SIXjYu5e9NM	MPREb_2Q5jZK2dvyd	UCcbIxwjtSRip9MAYoJ30acw	ym 2010s late mb albums p2
Rottweiler	IDLES	Joy as an Act of Resistance.	INDIFFERENT	5eP8KYlbvhs	MPREb_2Q5jZK2dvyd	UCcbIxwjtSRip9MAYoJ30acw	ym 2010s late mb albums p2
Love Song	IDLES	Joy as an Act of Resistance.	INDIFFERENT	phCi7NZl7yI	MPREb_2Q5jZK2dvyd	UCcbIxwjtSRip9MAYoJ30acw	ym 2010s late mb albums p2
June	IDLES	Joy as an Act of Resistance.	INDIFFERENT	3jIPJC_Qj5U	MPREb_2Q5jZK2dvyd	UCcbIxwjtSRip9MAYoJ30acw	ym 2010s late mb albums p2
Great	IDLES	Joy as an Act of Resistance.	INDIFFERENT	Jza5pbSjHVA	MPREb_2Q5jZK2dvyd	UCcbIxwjtSRip9MAYoJ30acw	ym 2010s late mb albums p2
Gram Rock	IDLES	Joy as an Act of Resistance.	INDIFFERENT	Gp_1krMPx1k	MPREb_2Q5jZK2dvyd	UCcbIxwjtSRip9MAYoJ30acw	ym 2010s late mb albums p2
Cry to Me	IDLES	Joy as an Act of Resistance.	INDIFFERENT	fAfrSloqHss	MPREb_2Q5jZK2dvyd	UCcbIxwjtSRip9MAYoJ30acw	ym 2010s late mb albums p2
White Privilege	IDLES	Brutalism	INDIFFERENT	yt-vknO7VMI	MPREb_ExUDzzTnwyI	UCcbIxwjtSRip9MAYoJ30acw	ym 2010s late mb albums p2
Well Done	IDLES	Brutalism	INDIFFERENT	_6e0-OW5Aaw	MPREb_ExUDzzTnwyI	UCcbIxwjtSRip9MAYoJ30acw	ym 2010s late mb albums p2
Stendhal Syndrome	IDLES	Brutalism	INDIFFERENT	kr0_PyKWtVw	MPREb_ExUDzzTnwyI	UCcbIxwjtSRip9MAYoJ30acw	ym 2010s late mb albums p2
Slow Savage	IDLES	Brutalism	INDIFFERENT	29fnjvGQnvg	MPREb_ExUDzzTnwyI	UCcbIxwjtSRip9MAYoJ30acw	ym 2010s late mb albums p2
Rachel Khoo	IDLES	Brutalism	INDIFFERENT	VZMoTfrmavY	MPREb_ExUDzzTnwyI	UCcbIxwjtSRip9MAYoJ30acw	ym 2010s late mb albums p2
Mother	IDLES	Brutalism	INDIFFERENT	r6e4jKH2An8	MPREb_ExUDzzTnwyI	UCcbIxwjtSRip9MAYoJ30acw	ym 2010s late mb albums p2
Heel / Heal	IDLES	Brutalism	INDIFFERENT	uN2AbmmsxI0	MPREb_ExUDzzTnwyI	UCcbIxwjtSRip9MAYoJ30acw	ym 2010s late mb albums p2
Faith in the City	IDLES	Brutalism	INDIFFERENT	_0hLZI8B-a8	MPREb_ExUDzzTnwyI	UCcbIxwjtSRip9MAYoJ30acw	ym 2010s late mb albums p2
Exeter	IDLES	Brutalism	INDIFFERENT	ia4D-A42x40	MPREb_ExUDzzTnwyI	UCcbIxwjtSRip9MAYoJ30acw	ym 2010s late mb albums p2
Divide & Conquer	IDLES	Brutalism	INDIFFERENT	HmiIF0wkGeo	MPREb_ExUDzzTnwyI	UCcbIxwjtSRip9MAYoJ30acw	ym 2010s late mb albums p2
Date Night	IDLES	Brutalism	INDIFFERENT	1BOwhkJ5lek	MPREb_ExUDzzTnwyI	UCcbIxwjtSRip9MAYoJ30acw	ym 2010s late mb albums p2
Benzocaine	IDLES	Brutalism	INDIFFERENT	T-08nBVhCkg	MPREb_ExUDzzTnwyI	UCcbIxwjtSRip9MAYoJ30acw	ym 2010s late mb albums p2
1049 Gotho	IDLES	Brutalism	INDIFFERENT	66yj0KJnR58	MPREb_ExUDzzTnwyI	UCcbIxwjtSRip9MAYoJ30acw	ym 2010s late mb albums p2
Who's Looking (feat. CJ Fly & Kevin Ross)	IDK	Empty Bank	INDIFFERENT	WB3R3bBRtMg	MPREb_J7eirobJ7Hh	UCQfMblWBxaS1e9cDDKS5cvQ	ym 2010s late mb albums p2
Shit On My Rivals	IDK	Empty Bank	INDIFFERENT	OsqctgwbeIs	MPREb_J7eirobJ7Hh	UCQfMblWBxaS1e9cDDKS5cvQ	ym 2010s late mb albums p2
She Blocked Me/Brian Arsinal (feat. Fem Dot)	IDK	Empty Bank	INDIFFERENT	iguKv7d6_Ig	MPREb_J7eirobJ7Hh	UCQfMblWBxaS1e9cDDKS5cvQ	ym 2010s late mb albums p2
Priorities Pt. 1 (feat. Ash Riser)	IDK	Empty Bank	INDIFFERENT	yyhXaMIGyyo	MPREb_J7eirobJ7Hh	UCQfMblWBxaS1e9cDDKS5cvQ	ym 2010s late mb albums p2
Nudes 4 Cash (Adult Swim) (feat. Pell)	IDK	Empty Bank	INDIFFERENT	wkyr1QBfAog	MPREb_J7eirobJ7Hh	UCQfMblWBxaS1e9cDDKS5cvQ	ym 2010s late mb albums p2
My Wallet (feat. Jimi Tents, Michael Christmas & Saba)	IDK	Empty Bank	INDIFFERENT	ebbgK7QbQvI	MPREb_J7eirobJ7Hh	UCQfMblWBxaS1e9cDDKS5cvQ	ym 2010s late mb albums p2
Mr. Mills (feat. Kain Carter & Masego)	IDK	Empty Bank	INDIFFERENT	QXbYOQuylGg	MPREb_J7eirobJ7Hh	UCQfMblWBxaS1e9cDDKS5cvQ	ym 2010s late mb albums p2
MENTALITY	IDK	Empty Bank	INDIFFERENT	gMu1gdzpJSg	MPREb_J7eirobJ7Hh	UCQfMblWBxaS1e9cDDKS5cvQ	ym 2010s late mb albums p2
La Groupie	IDK	Empty Bank	INDIFFERENT	Sb1fcMlbUPA	MPREb_J7eirobJ7Hh	UCQfMblWBxaS1e9cDDKS5cvQ	ym 2010s late mb albums p2
I Picture	IDK	Empty Bank	INDIFFERENT	P6dg5SpSccI	MPREb_J7eirobJ7Hh	UCQfMblWBxaS1e9cDDKS5cvQ	ym 2010s late mb albums p2
How Long/Last Song 2 (Outro)	IDK	Empty Bank	INDIFFERENT	sJVyzmL2UrM	MPREb_J7eirobJ7Hh	UCQfMblWBxaS1e9cDDKS5cvQ	ym 2010s late mb albums p2
Yorubá Fe	Höröyá	Höröyá	INDIFFERENT	IfTF38K1PBI	MPREb_jM7ZWz9ly2r	UC3UlBXVuzZsfQKuM5vCkemg	ym 2010s late mb albums p2
Tama Tama	Höröyá	Höröyá	INDIFFERENT	PdJ1wBZQ0qQ	MPREb_jM7ZWz9ly2r	UC3UlBXVuzZsfQKuM5vCkemg	ym 2010s late mb albums p2
Samba Recck	Höröyá	Höröyá	INDIFFERENT	A3BsYH41tJk	MPREb_jM7ZWz9ly2r	UC3UlBXVuzZsfQKuM5vCkemg	ym 2010s late mb albums p2
Nagô Don	Höröyá	Höröyá	INDIFFERENT	7qaJqf_bGU4	MPREb_jM7ZWz9ly2r	UC3UlBXVuzZsfQKuM5vCkemg	ym 2010s late mb albums p2
Mansa Fela	Höröyá	Höröyá	INDIFFERENT	KbnceHtHhs0	MPREb_jM7ZWz9ly2r	UC3UlBXVuzZsfQKuM5vCkemg	ym 2010s late mb albums p2
Höröyá	Höröyá	Höröyá	INDIFFERENT	7cqQgftSTNE	MPREb_jM7ZWz9ly2r	UC3UlBXVuzZsfQKuM5vCkemg	ym 2010s late mb albums p2
Hörö Baccka	Höröyá	Höröyá	INDIFFERENT	KW45CeYqfdc	MPREb_jM7ZWz9ly2r	UC3UlBXVuzZsfQKuM5vCkemg	ym 2010s late mb albums p2
Aboyhörô	Höröyá	Höröyá	INDIFFERENT	C0ArxlS3HNo	MPREb_jM7ZWz9ly2r	UC3UlBXVuzZsfQKuM5vCkemg	ym 2010s late mb albums p2
Abertura Höröyá	Höröyá	Höröyá	INDIFFERENT	LAzRN5YBfAM	MPREb_jM7ZWz9ly2r	UC3UlBXVuzZsfQKuM5vCkemg	ym 2010s late mb albums p2
Black Pepper (Tzusing Remix - Mixed)	Hyph11e	Fabriclive 100: Kode9 & Burial (DJ Mix)	INDIFFERENT	D5OvQpgAlII	MPREb_oTznNtUT8Si	UCbSSqxXFjVKQWtcx8wNEBGw	ym 2010s late mb albums p2
The Navigator	Hurray for the Riff Raff	The Navigator	INDIFFERENT	4GmcFpfpngE	MPREb_0JraWHBSZmB	UCpDeHPntpUS7mEnESy9odmQ	ym 2010s late mb albums p2
Settle	Hurray for the Riff Raff	The Navigator	INDIFFERENT	pqsLCLWeKPM	MPREb_0JraWHBSZmB	UCpDeHPntpUS7mEnESy9odmQ	ym 2010s late mb albums p2
Rican Beach	Hurray for the Riff Raff	The Navigator	INDIFFERENT	Uv0LdKqjM7I	MPREb_0JraWHBSZmB	UCpDeHPntpUS7mEnESy9odmQ	ym 2010s late mb albums p2
Pa'lante	Hurray for the Riff Raff	The Navigator	INDIFFERENT	_Tz0H5rtIV4	MPREb_0JraWHBSZmB	UCpDeHPntpUS7mEnESy9odmQ	ym 2010s late mb albums p2
Nothing's Gonna Change That Girl	Hurray for the Riff Raff	The Navigator	INDIFFERENT	RpX2AWKrf48	MPREb_0JraWHBSZmB	UCpDeHPntpUS7mEnESy9odmQ	ym 2010s late mb albums p2
Living In The City	Hurray for the Riff Raff	The Navigator	INDIFFERENT	zXrc9z1YcTs	MPREb_0JraWHBSZmB	UCpDeHPntpUS7mEnESy9odmQ	ym 2010s late mb albums p2
Life To Save	Hurray for the Riff Raff	The Navigator	INDIFFERENT	p5FDDT72G3E	MPREb_0JraWHBSZmB	UCpDeHPntpUS7mEnESy9odmQ	ym 2010s late mb albums p2
Hungry Ghost	Hurray for the Riff Raff	The Navigator	INDIFFERENT	UYcvh2zTdPE	MPREb_0JraWHBSZmB	UCpDeHPntpUS7mEnESy9odmQ	ym 2010s late mb albums p2
Halfway There	Hurray for the Riff Raff	The Navigator	INDIFFERENT	jm5PyI7SlDA	MPREb_0JraWHBSZmB	UCpDeHPntpUS7mEnESy9odmQ	ym 2010s late mb albums p2
Fourteen Floors	Hurray for the Riff Raff	The Navigator	INDIFFERENT	-wZG-R01u-w	MPREb_0JraWHBSZmB	UCpDeHPntpUS7mEnESy9odmQ	ym 2010s late mb albums p2
Finale	Hurray for the Riff Raff	The Navigator	INDIFFERENT	3J1CUwYB3ko	MPREb_0JraWHBSZmB	UCpDeHPntpUS7mEnESy9odmQ	ym 2010s late mb albums p2
Entrance	Hurray for the Riff Raff	The Navigator	INDIFFERENT	naUbgbZUfz8	MPREb_0JraWHBSZmB	UCpDeHPntpUS7mEnESy9odmQ	ym 2010s late mb albums p2
The Sacred Dance	Huerco S.	For Those Of You Who Have Never (And Also Those Who Have)	INDIFFERENT	PgR3olAuBu4	MPREb_WK96i7oXpcv	UCzVod6lD-MkOxSMqn4qfVJA	ym 2010s late mb albums p2
Promises Of Fertility	Huerco S.	For Those Of You Who Have Never (And Also Those Who Have)	INDIFFERENT	UUUVpNymMy4	MPREb_WK96i7oXpcv	UCzVod6lD-MkOxSMqn4qfVJA	ym 2010s late mb albums p2
On The Embankment	Huerco S.	For Those Of You Who Have Never (And Also Those Who Have)	INDIFFERENT	2LWyYKKNGeg	MPREb_WK96i7oXpcv	UCzVod6lD-MkOxSMqn4qfVJA	ym 2010s late mb albums p2
Marked For Life	Huerco S.	For Those Of You Who Have Never (And Also Those Who Have)	INDIFFERENT	BTM1sGEA7wE	MPREb_WK96i7oXpcv	UCzVod6lD-MkOxSMqn4qfVJA	ym 2010s late mb albums p2
Lifeblood	Huerco S.	For Those Of You Who Have Never (And Also Those Who Have)	INDIFFERENT	74Byw-Orikc	MPREb_WK96i7oXpcv	UCzVod6lD-MkOxSMqn4qfVJA	ym 2010s late mb albums p2
Kraanvogel	Huerco S.	For Those Of You Who Have Never (And Also Those Who Have)	INDIFFERENT	i9qGYndoncc	MPREb_WK96i7oXpcv	UCzVod6lD-MkOxSMqn4qfVJA	ym 2010s late mb albums p2
Cubist Camouflage	Huerco S.	For Those Of You Who Have Never (And Also Those Who Have)	INDIFFERENT	bC9CV_dbmic	MPREb_WK96i7oXpcv	UCzVod6lD-MkOxSMqn4qfVJA	ym 2010s late mb albums p2
Warriors (feat. Ruckazoid)	Hudson Mohawke	Lantern	INDIFFERENT	QbFOgGZgJSs	MPREb_3LvBY69Io66	UCB9xU4WcqTheZX69u2sYWeA	ym 2010s late mb albums p2
Very First Breath (feat. Irfane)	Hudson Mohawke	Lantern	INDIFFERENT	qmQhdohjtSU	MPREb_3LvBY69Io66	UCB9xU4WcqTheZX69u2sYWeA	ym 2010s late mb albums p2
System	Hudson Mohawke	Lantern	INDIFFERENT	13nsHlyGB_U	MPREb_3LvBY69Io66	UCB9xU4WcqTheZX69u2sYWeA	ym 2010s late mb albums p2
Shadows	Hudson Mohawke	Lantern	INDIFFERENT	A_TB8Z4X8no	MPREb_3LvBY69Io66	UCB9xU4WcqTheZX69u2sYWeA	ym 2010s late mb albums p2
Scud Books	Hudson Mohawke	Lantern	INDIFFERENT	XaFByiITg_M	MPREb_3LvBY69Io66	UCB9xU4WcqTheZX69u2sYWeA	ym 2010s late mb albums p2
Ryderz	Hudson Mohawke	Lantern	INDIFFERENT	GxvxeGV37zI	MPREb_3LvBY69Io66	UCB9xU4WcqTheZX69u2sYWeA	ym 2010s late mb albums p2
Resistance (feat. Jhené Aiko)	Hudson Mohawke	Lantern	INDIFFERENT	gwr0ewr9mso	MPREb_3LvBY69Io66	UCB9xU4WcqTheZX69u2sYWeA	ym 2010s late mb albums p2
Portrait Of Luci	Hudson Mohawke	Lantern	INDIFFERENT	c7PnVAiOgkk	MPREb_3LvBY69Io66	UCB9xU4WcqTheZX69u2sYWeA	ym 2010s late mb albums p2
Lil Djembe	Hudson Mohawke	Lantern	INDIFFERENT	0bmBjF2_Pas	MPREb_3LvBY69Io66	UCB9xU4WcqTheZX69u2sYWeA	ym 2010s late mb albums p2
Lantern	Hudson Mohawke	Lantern	INDIFFERENT	DLJFTpKXo_s	MPREb_3LvBY69Io66	UCB9xU4WcqTheZX69u2sYWeA	ym 2010s late mb albums p2
Kettles	Hudson Mohawke	Lantern	INDIFFERENT	E3oRLJ6mnws	MPREb_3LvBY69Io66	UCB9xU4WcqTheZX69u2sYWeA	ym 2010s late mb albums p2
Indian Steps (feat. Anohni)	Hudson Mohawke	Lantern	INDIFFERENT	MTlj996NC_g	MPREb_3LvBY69Io66	UCB9xU4WcqTheZX69u2sYWeA	ym 2010s late mb albums p2
Deepspace (feat. Miguel)	Hudson Mohawke	Lantern	INDIFFERENT	N-fhKFIPg_g	MPREb_3LvBY69Io66	UCB9xU4WcqTheZX69u2sYWeA	ym 2010s late mb albums p2
Brand New World	Hudson Mohawke	Lantern	INDIFFERENT	xZPDWG84_MM	MPREb_3LvBY69Io66	UCB9xU4WcqTheZX69u2sYWeA	ym 2010s late mb albums p2
Warning: Alert All Bartenders!	Hot Sugar	Mob Mentality	INDIFFERENT	DSDy7rwkjxg	MPREb_kBxOIijEn2J	UCwkaBC_-3TbVMxy4fHIiUUg	ym 2010s late mb albums p2
Their Morals and Ours	Hot Sugar	Mob Mentality	INDIFFERENT	iks6iL3OepY	MPREb_kBxOIijEn2J	UCwkaBC_-3TbVMxy4fHIiUUg	ym 2010s late mb albums p2
Lovers at a Public Execution	Hot Sugar	Mob Mentality	INDIFFERENT	qYnkCe-almY	MPREb_kBxOIijEn2J	UCwkaBC_-3TbVMxy4fHIiUUg	ym 2010s late mb albums p2
Electric Chair	Hot Sugar	Mob Mentality	INDIFFERENT	uu7L7rN4py4	MPREb_kBxOIijEn2J	UCwkaBC_-3TbVMxy4fHIiUUg	ym 2010s late mb albums p2
Comet Ping Pong	Hot Sugar	Mob Mentality	INDIFFERENT	dV8uZOW5aMM	MPREb_kBxOIijEn2J	UCwkaBC_-3TbVMxy4fHIiUUg	ym 2010s late mb albums p2
You'll See Them in Your Sleep	Hot Sugar	God's Hand	INDIFFERENT	sp1-Ae_qG_8	MPREb_vgdojnLoFiI	UCwkaBC_-3TbVMxy4fHIiUUg	ym 2010s late mb albums p2
Vengeance	Hot Sugar	God's Hand	INDIFFERENT	mbuC5S-vwzI	MPREb_vgdojnLoFiI	UCwkaBC_-3TbVMxy4fHIiUUg	ym 2010s late mb albums p2
The Child They Left Behind	Hot Sugar	God's Hand	INDIFFERENT	af2SXm_MJY4	MPREb_vgdojnLoFiI	UCwkaBC_-3TbVMxy4fHIiUUg	ym 2010s late mb albums p2
Raining Blood	Hot Sugar	God's Hand	INDIFFERENT	dSZNoCjY0kw	MPREb_vgdojnLoFiI	UCwkaBC_-3TbVMxy4fHIiUUg	ym 2010s late mb albums p2
No One Will Know Where I Went	Hot Sugar	God's Hand	INDIFFERENT	NxXOBfA3Tj8	MPREb_vgdojnLoFiI	UCwkaBC_-3TbVMxy4fHIiUUg	ym 2010s late mb albums p2
Athena	Hot Sugar	God's Hand	INDIFFERENT	ehkGjWtJiQg	MPREb_vgdojnLoFiI	UCwkaBC_-3TbVMxy4fHIiUUg	ym 2010s late mb albums p2
Why Don't It Sink In?	Hot Snakes	Jericho Sirens	INDIFFERENT	PTNOXoVOpq8	MPREb_29BUTlBgAmC	UCnaTDgSRRkLMu9oE635Uzbg	ym 2010s late mb albums p2
Six Wave Hold-Down	Hot Snakes	Jericho Sirens	INDIFFERENT	cfxwdtk0eac	MPREb_29BUTlBgAmC	UCnaTDgSRRkLMu9oE635Uzbg	ym 2010s late mb albums p2
Psychoactive	Hot Snakes	Jericho Sirens	INDIFFERENT	pS4hLFrq61U	MPREb_29BUTlBgAmC	UCnaTDgSRRkLMu9oE635Uzbg	ym 2010s late mb albums p2
Jericho Sirens	Hot Snakes	Jericho Sirens	INDIFFERENT	FBv0SOlILng	MPREb_29BUTlBgAmC	UCnaTDgSRRkLMu9oE635Uzbg	ym 2010s late mb albums p2
I Need a Doctor	Hot Snakes	Jericho Sirens	INDIFFERENT	8U4IcKj588M	MPREb_29BUTlBgAmC	UCnaTDgSRRkLMu9oE635Uzbg	ym 2010s late mb albums p2
Having Another?	Hot Snakes	Jericho Sirens	INDIFFERENT	VDfEgRHFTaI	MPREb_29BUTlBgAmC	UCnaTDgSRRkLMu9oE635Uzbg	ym 2010s late mb albums p2
Death of a Sportsman	Hot Snakes	Jericho Sirens	INDIFFERENT	WMc603G5_sc	MPREb_29BUTlBgAmC	UCnaTDgSRRkLMu9oE635Uzbg	ym 2010s late mb albums p2
Death Doula	Hot Snakes	Jericho Sirens	INDIFFERENT	CkFbqAD9164	MPREb_29BUTlBgAmC	UCnaTDgSRRkLMu9oE635Uzbg	ym 2010s late mb albums p2
Candid Cameras	Hot Snakes	Jericho Sirens	INDIFFERENT	EFoWlPJlltw	MPREb_29BUTlBgAmC	UCnaTDgSRRkLMu9oE635Uzbg	ym 2010s late mb albums p2
Wildflower	Hot Flash Heat Wave	Neapolitan	INDIFFERENT	Am2tWLgH9gc	MPREb_XBk2fivHyuV	UCfBYtzPnNodVPPUBwFfvphw	ym 2010s late mb albums p2
Malibu	Hot Flash Heat Wave	Neapolitan	INDIFFERENT	e-V5OU06eWA	MPREb_XBk2fivHyuV	UCfBYtzPnNodVPPUBwFfvphw	ym 2010s late mb albums p2
Just After Midnight	Hot Flash Heat Wave	Neapolitan	INDIFFERENT	bJyvHLQbCJU	MPREb_XBk2fivHyuV	UCfBYtzPnNodVPPUBwFfvphw	ym 2010s late mb albums p2
Jacuzzi	Hot Flash Heat Wave	Neapolitan	INDIFFERENT	q6xy_ywWYYU	MPREb_XBk2fivHyuV	UCfBYtzPnNodVPPUBwFfvphw	ym 2010s late mb albums p2
Homecoming	Hot Flash Heat Wave	Neapolitan	INDIFFERENT	1KiZkLIv78A	MPREb_XBk2fivHyuV	UCfBYtzPnNodVPPUBwFfvphw	ym 2010s late mb albums p2
Dirty Dreamer (XXX)	Hot Flash Heat Wave	Neapolitan	INDIFFERENT	Xyo5SKE5mpU	MPREb_XBk2fivHyuV	UCfBYtzPnNodVPPUBwFfvphw	ym 2010s late mb albums p2
Why Make Sense?	Hot Chip	Why Make Sense?	INDIFFERENT	V3OMjkw1krQ	MPREb_itJ3CSrAWRS	UCelQU7g_ZFCyK2ylb-mcrQw	ym 2010s late mb albums p2
Started Right	Hot Chip	Why Make Sense?	INDIFFERENT	y7x0OxHrWLI	MPREb_itJ3CSrAWRS	UCelQU7g_ZFCyK2ylb-mcrQw	ym 2010s late mb albums p2
So Much Further To Go	Hot Chip	Why Make Sense?	INDIFFERENT	e0KsXnT_aSQ	MPREb_itJ3CSrAWRS	UCelQU7g_ZFCyK2ylb-mcrQw	ym 2010s late mb albums p2
Why Does My Mind	Hot Chip	A Bath Full of Ecstasy	INDIFFERENT	a5WMK9villY	MPREb_bIxKdSTrkmn	UCelQU7g_ZFCyK2ylb-mcrQw	ym 2010s late mb albums p2
Spell	Hot Chip	A Bath Full of Ecstasy	INDIFFERENT	PGbNHoLlKnw	MPREb_bIxKdSTrkmn	UCelQU7g_ZFCyK2ylb-mcrQw	ym 2010s late mb albums p2
Positive	Hot Chip	A Bath Full of Ecstasy	INDIFFERENT	4wX3AaRTPjY	MPREb_bIxKdSTrkmn	UCelQU7g_ZFCyK2ylb-mcrQw	ym 2010s late mb albums p2
No God	Hot Chip	A Bath Full of Ecstasy	INDIFFERENT	qWsLk1_K1U4	MPREb_bIxKdSTrkmn	UCelQU7g_ZFCyK2ylb-mcrQw	ym 2010s late mb albums p2
Melody of Love	Hot Chip	A Bath Full of Ecstasy	INDIFFERENT	APqZzXooAic	MPREb_bIxKdSTrkmn	UCelQU7g_ZFCyK2ylb-mcrQw	ym 2010s late mb albums p2
Clear Blue Skies	Hot Chip	A Bath Full of Ecstasy	INDIFFERENT	NdWp9rOVmeA	MPREb_bIxKdSTrkmn	UCelQU7g_ZFCyK2ylb-mcrQw	ym 2010s late mb albums p2
Bath Full of Ecstasy	Hot Chip	A Bath Full of Ecstasy	INDIFFERENT	_IBP4zbEtVE	MPREb_bIxKdSTrkmn	UCelQU7g_ZFCyK2ylb-mcrQw	ym 2010s late mb albums p2
Turning Machines	Horizon Fire	Earthlight	INDIFFERENT	bRfPQPtaTXo	MPREb_5WAsJ5AAR4b	UCxGTk-IopdSp5vzDVNgANjQ	ym 2010s late mb albums p2
Rifle	Horizon Fire	Earthlight	INDIFFERENT	LNmsLiV_Vec	MPREb_5WAsJ5AAR4b	UCxGTk-IopdSp5vzDVNgANjQ	ym 2010s late mb albums p2
L’appel Du Vide	Horizon Fire	Earthlight	INDIFFERENT	7FT3vnxTE8M	MPREb_5WAsJ5AAR4b	UCxGTk-IopdSp5vzDVNgANjQ	ym 2010s late mb albums p2
What the Writer Meant	Hop Along	Bark Your Head Off, Dog	INDIFFERENT	ttrV1hZrRco	MPREb_rZz0i4ObK1D	UCrXnhEUCnQYGk9b_3MgMkLg	ym 2010s late mb albums p2
The Fox in Motion	Hop Along	Bark Your Head Off, Dog	INDIFFERENT	WxVUeaDJJoE	MPREb_rZz0i4ObK1D	UCrXnhEUCnQYGk9b_3MgMkLg	ym 2010s late mb albums p2
One That Suits Me	Hop Along	Bark Your Head Off, Dog	INDIFFERENT	l2GfRj_fuO8	MPREb_rZz0i4ObK1D	UCrXnhEUCnQYGk9b_3MgMkLg	ym 2010s late mb albums p2
Not Abel	Hop Along	Bark Your Head Off, Dog	INDIFFERENT	jIB0FnqNqlo	MPREb_rZz0i4ObK1D	UCrXnhEUCnQYGk9b_3MgMkLg	ym 2010s late mb albums p2
Look of Love	Hop Along	Bark Your Head Off, Dog	INDIFFERENT	ZBAw2Ep4GOw	MPREb_rZz0i4ObK1D	UCrXnhEUCnQYGk9b_3MgMkLg	ym 2010s late mb albums p2
How You Got Your Limp	Hop Along	Bark Your Head Off, Dog	INDIFFERENT	uipOpWY2glw	MPREb_rZz0i4ObK1D	UCrXnhEUCnQYGk9b_3MgMkLg	ym 2010s late mb albums p2
Worry	Hoops	Routines	INDIFFERENT	bjR_Oa0rDTw	MPREb_C4SiN6GXzeS	UCp4h-54dTaeL0TP0brgbDrw	ym 2010s late mb albums p2
The Way Luv Is	Hoops	Routines	INDIFFERENT	e9FcwF9dWRA	MPREb_C4SiN6GXzeS	UCp4h-54dTaeL0TP0brgbDrw	ym 2010s late mb albums p2
On Top	Hoops	Routines	INDIFFERENT	iG1hi8XxTY4	MPREb_C4SiN6GXzeS	UCp4h-54dTaeL0TP0brgbDrw	ym 2010s late mb albums p2
On Letting Go	Hoops	Routines	INDIFFERENT	d9-oZq5eaf0	MPREb_C4SiN6GXzeS	UCp4h-54dTaeL0TP0brgbDrw	ym 2010s late mb albums p2
Management	Hoops	Routines	INDIFFERENT	hsLca8tLfb8	MPREb_C4SiN6GXzeS	UCp4h-54dTaeL0TP0brgbDrw	ym 2010s late mb albums p2
Benjals	Hoops	Routines	INDIFFERENT	CpepSzOVn3M	MPREb_C4SiN6GXzeS	UCp4h-54dTaeL0TP0brgbDrw	ym 2010s late mb albums p2
All My Life	Hoops	Routines	INDIFFERENT	wHNEZYT-zQc	MPREb_C4SiN6GXzeS	UCp4h-54dTaeL0TP0brgbDrw	ym 2010s late mb albums p2
Real Love	Homeshake	Midnight Snack	INDIFFERENT	wkXV_EWkKaA	MPREb_NMrpTB2Ys5k	UCrkP4Oe7CBpYyZVwMNV3mPQ	ym 2010s late mb albums p2
Faded	Homeshake	Midnight Snack	INDIFFERENT	cLbsulYXqJU	MPREb_NMrpTB2Ys5k	UCrkP4Oe7CBpYyZVwMNV3mPQ	ym 2010s late mb albums p2
Timing	Homeshake	Fresh Air	INDIFFERENT	be7rNWigixk	MPREb_1YjjOruog9O	UCrkP4Oe7CBpYyZVwMNV3mPQ	ym 2010s late mb albums p2
This Way	Homeshake	Fresh Air	INDIFFERENT	YDI8Wjli1UQ	MPREb_1YjjOruog9O	UCrkP4Oe7CBpYyZVwMNV3mPQ	ym 2010s late mb albums p2
Signing Off	Homeshake	Fresh Air	INDIFFERENT	aqMpgqLv_Cc	MPREb_1YjjOruog9O	UCrkP4Oe7CBpYyZVwMNV3mPQ	ym 2010s late mb albums p2
Serious	Homeshake	Fresh Air	INDIFFERENT	tuVjKPPyXlo	MPREb_1YjjOruog9O	UCrkP4Oe7CBpYyZVwMNV3mPQ	ym 2010s late mb albums p2
Hello Welcome	Homeshake	Fresh Air	INDIFFERENT	LtU7x408pZE	MPREb_1YjjOruog9O	UCrkP4Oe7CBpYyZVwMNV3mPQ	ym 2010s late mb albums p2
Sleeprydr	Holy Motors	Slow Sundown	INDIFFERENT	suFhll23WMU	MPREb_9OGNOFAfeLz	UCm-8WioHqfIV38pOq489T9Q	ym 2010s late mb albums p2
Outro	Holy Motors	Slow Sundown	INDIFFERENT	tIezuRysxw8	MPREb_9OGNOFAfeLz	UCm-8WioHqfIV38pOq489T9Q	ym 2010s late mb albums p2
I Will Try	Holy Motors	Slow Sundown	INDIFFERENT	JTMFwWeKXkw	MPREb_9OGNOFAfeLz	UCm-8WioHqfIV38pOq489T9Q	ym 2010s late mb albums p2
Ghost of Heart	Holy Motors	Slow Sundown	INDIFFERENT	fTnOSRDKjjw	MPREb_9OGNOFAfeLz	UCm-8WioHqfIV38pOq489T9Q	ym 2010s late mb albums p2
Shimmering	Holy Fuck	Congrats	INDIFFERENT	jp_I6Yctdoc	MPREb_f1B0EmKbGqO	UC-L5Oyxd0aCk27RU1gGouWg	ym 2010s late mb albums p2
Sabbatics	Holy Fuck	Congrats	INDIFFERENT	BfeZsojiWKs	MPREb_f1B0EmKbGqO	UC-L5Oyxd0aCk27RU1gGouWg	ym 2010s late mb albums p2
House of Glass	Holy Fuck	Congrats	INDIFFERENT	pEzCF7cqw8c	MPREb_f1B0EmKbGqO	UC-L5Oyxd0aCk27RU1gGouWg	ym 2010s late mb albums p2
Chimes Broken	Holy Fuck	Congrats	INDIFFERENT	5zawBUWZ95A	MPREb_f1B0EmKbGqO	UC-L5Oyxd0aCk27RU1gGouWg	ym 2010s late mb albums p2
Caught Up	Holy Fuck	Congrats	INDIFFERENT	ZcICAWFnFP0	MPREb_f1B0EmKbGqO	UC-L5Oyxd0aCk27RU1gGouWg	ym 2010s late mb albums p2
Acidic	Holy Fuck	Congrats	INDIFFERENT	_ZSQhBEcGw4	MPREb_f1B0EmKbGqO	UC-L5Oyxd0aCk27RU1gGouWg	ym 2010s late mb albums p2
SWIM	Holly Herndon	PROTO	INDIFFERENT	p5KJ3jQGOho	MPREb_XNsi4KlEJr5	UCUXkcLZnfgl-kAX_URNKm-Q	ym 2010s late mb albums p2
Last Gasp	Holly Herndon	PROTO	INDIFFERENT	7X5UA0PSaWs	MPREb_XNsi4KlEJr5	UCUXkcLZnfgl-kAX_URNKm-Q	ym 2010s late mb albums p2
Godmother (feat. Jlin & Spawn)	Holly Herndon	PROTO	INDIFFERENT	77vrLHP71tw	MPREb_XNsi4KlEJr5	UCUXkcLZnfgl-kAX_URNKm-Q	ym 2010s late mb albums p2
Fear, Uncertainty, Doubt	Holly Herndon	PROTO	INDIFFERENT	8cHddLEL3sY	MPREb_XNsi4KlEJr5	UCUXkcLZnfgl-kAX_URNKm-Q	ym 2010s late mb albums p2
Extreme Love (feat. Lily Anna Haynes & Jenna Sutela)	Holly Herndon	PROTO	INDIFFERENT	M53ZKU6iPE8	MPREb_XNsi4KlEJr5	UCUXkcLZnfgl-kAX_URNKm-Q	ym 2010s late mb albums p2
Evening Shades (Live Training)	Holly Herndon	PROTO	INDIFFERENT	lajRPj6QMZA	MPREb_XNsi4KlEJr5	UCUXkcLZnfgl-kAX_URNKm-Q	ym 2010s late mb albums p2
Eternal	Holly Herndon	PROTO	INDIFFERENT	9Oi-nxGxjhs	MPREb_XNsi4KlEJr5	UCUXkcLZnfgl-kAX_URNKm-Q	ym 2010s late mb albums p2
Crawler	Holly Herndon	PROTO	INDIFFERENT	Sjl94xTWo6A	MPREb_XNsi4KlEJr5	UCUXkcLZnfgl-kAX_URNKm-Q	ym 2010s late mb albums p2
Canaan (Live Training) (feat. Evelyn Saylor & Annie Garlid)	Holly Herndon	PROTO	INDIFFERENT	Ss6Eg3CfF28	MPREb_XNsi4KlEJr5	UCUXkcLZnfgl-kAX_URNKm-Q	ym 2010s late mb albums p2
Alienation	Holly Herndon	PROTO	INDIFFERENT	kgxzbleRg2g	MPREb_XNsi4KlEJr5	UCUXkcLZnfgl-kAX_URNKm-Q	ym 2010s late mb albums p2
Vhs or Sharon Stone	Hobosexual	Monolith	INDIFFERENT	VNiL5SEp71U	MPREb_j65BWpY9JBl	UCqyNtj91TvG1fWj5f4vpbBQ	ym 2010s late mb albums p2
Up the Down Walls	Hobosexual	Monolith	INDIFFERENT	b8EVU3wYK6E	MPREb_j65BWpY9JBl	UCqyNtj91TvG1fWj5f4vpbBQ	ym 2010s late mb albums p2
Trans Am Sunday	Hobosexual	Monolith	INDIFFERENT	Cf5hZ5Zopy8	MPREb_j65BWpY9JBl	UCqyNtj91TvG1fWj5f4vpbBQ	ym 2010s late mb albums p2
The Grey Mountain	Hobosexual	Monolith	INDIFFERENT	BQ30Z2Mh0B4	MPREb_j65BWpY9JBl	UCqyNtj91TvG1fWj5f4vpbBQ	ym 2010s late mb albums p2
Sunset Adieu	Hobosexual	Monolith	INDIFFERENT	G3-za0lHaOo	MPREb_j65BWpY9JBl	UCqyNtj91TvG1fWj5f4vpbBQ	ym 2010s late mb albums p2
Night of 1000 Daggers	Hobosexual	Monolith	INDIFFERENT	BShJE0ZdgUU	MPREb_j65BWpY9JBl	UCqyNtj91TvG1fWj5f4vpbBQ	ym 2010s late mb albums p2
Monsterbater	Hobosexual	Monolith	INDIFFERENT	LC4jeL65PDI	MPREb_j65BWpY9JBl	UCqyNtj91TvG1fWj5f4vpbBQ	ym 2010s late mb albums p2
Monolith	Hobosexual	Monolith	INDIFFERENT	kLlvqKoqE3Y	MPREb_j65BWpY9JBl	UCqyNtj91TvG1fWj5f4vpbBQ	ym 2010s late mb albums p2
Dimensional Beard	Hobosexual	Monolith	INDIFFERENT	yNJ8Rqm-ajQ	MPREb_j65BWpY9JBl	UCqyNtj91TvG1fWj5f4vpbBQ	ym 2010s late mb albums p2
Cincinnati Juggernaut	Hobosexual	Monolith	INDIFFERENT	ijXj0d60xVg	MPREb_j65BWpY9JBl	UCqyNtj91TvG1fWj5f4vpbBQ	ym 2010s late mb albums p2
Why Even Try	Hippo Campus	Bambi	INDIFFERENT	Qp52jnsQvAA	MPREb_EPFsTR3TUaI	UCCCpqFMJafXJp57JNh1psiA	ym 2010s late mb albums p2
Think It Over	Hippo Campus	Bambi	INDIFFERENT	_XBJX_08eo0	MPREb_EPFsTR3TUaI	UCCCpqFMJafXJp57JNh1psiA	ym 2010s late mb albums p2
Passenger	Hippo Campus	Bambi	INDIFFERENT	_LreH3JRphE	MPREb_EPFsTR3TUaI	UCCCpqFMJafXJp57JNh1psiA	ym 2010s late mb albums p2
Mistakes	Hippo Campus	Bambi	INDIFFERENT	XCVCy2HgZgM	MPREb_EPFsTR3TUaI	UCCCpqFMJafXJp57JNh1psiA	ym 2010s late mb albums p2
Honestly	Hippo Campus	Bambi	INDIFFERENT	Ys-gcM9d0_E	MPREb_EPFsTR3TUaI	UCCCpqFMJafXJp57JNh1psiA	ym 2010s late mb albums p2
Golden	Hippo Campus	Bambi	INDIFFERENT	-T6cDgK8nM8	MPREb_EPFsTR3TUaI	UCCCpqFMJafXJp57JNh1psiA	ym 2010s late mb albums p2
Doubt	Hippo Campus	Bambi	INDIFFERENT	bxvmpWwLmqM	MPREb_EPFsTR3TUaI	UCCCpqFMJafXJp57JNh1psiA	ym 2010s late mb albums p2
Bubbles	Hippo Campus	Bambi	INDIFFERENT	j1gTXU9znSk	MPREb_EPFsTR3TUaI	UCCCpqFMJafXJp57JNh1psiA	ym 2010s late mb albums p2
Bambi	Hippo Campus	Bambi	INDIFFERENT	U8rLJqFzwDo	MPREb_EPFsTR3TUaI	UCCCpqFMJafXJp57JNh1psiA	ym 2010s late mb albums p2
Anxious	Hippo Campus	Bambi	INDIFFERENT	NGESBZN8kH0	MPREb_EPFsTR3TUaI	UCCCpqFMJafXJp57JNh1psiA	ym 2010s late mb albums p2
Richter: Mercy (Live)	Hilary Hahn	Voyager - Essential Max Richter	INDIFFERENT	onmlx2AKkbs	MPREb_6vFFmb664HP	UCsy1Yi0dP8gP9Z63T1wsghw	ym 2010s late mb albums p2
You Could Vanish Again	Hibou	Something Familiar	INDIFFERENT	dekSADQvP3Y	MPREb_SkEcOpgCcFI	UC-aJ8BmeegNcUpGmnx9UCiQ	ym 2010s late mb albums p2
The Way You're Breathing	Hibou	Something Familiar	INDIFFERENT	1a2pzW03ut8	MPREb_SkEcOpgCcFI	UC-aJ8BmeegNcUpGmnx9UCiQ	ym 2010s late mb albums p2
Something Familiar	Hibou	Something Familiar	INDIFFERENT	RC0kIwM8i2k	MPREb_SkEcOpgCcFI	UC-aJ8BmeegNcUpGmnx9UCiQ	ym 2010s late mb albums p2
Opia	Hibou	Something Familiar	INDIFFERENT	UPP8-aw4urA	MPREb_SkEcOpgCcFI	UC-aJ8BmeegNcUpGmnx9UCiQ	ym 2010s late mb albums p2
Only in the Dark	Hibou	Something Familiar	INDIFFERENT	C2SsZeGDSlA	MPREb_SkEcOpgCcFI	UC-aJ8BmeegNcUpGmnx9UCiQ	ym 2010s late mb albums p2
Malison	Hibou	Something Familiar	INDIFFERENT	yscPr1NR_tQ	MPREb_SkEcOpgCcFI	UC-aJ8BmeegNcUpGmnx9UCiQ	ym 2010s late mb albums p2
Junipero Love	Hibou	Something Familiar	INDIFFERENT	2FMpE2FebiA	MPREb_SkEcOpgCcFI	UC-aJ8BmeegNcUpGmnx9UCiQ	ym 2010s late mb albums p2
Glamour	Hibou	Something Familiar	INDIFFERENT	8o8ed0eBTKI	MPREb_SkEcOpgCcFI	UC-aJ8BmeegNcUpGmnx9UCiQ	ym 2010s late mb albums p2
Fall Into	Hibou	Something Familiar	INDIFFERENT	arGZOZzl0B4	MPREb_SkEcOpgCcFI	UC-aJ8BmeegNcUpGmnx9UCiQ	ym 2010s late mb albums p2
Amethyst	Hibou	Something Familiar	INDIFFERENT	LUZQoPxVmyo	MPREb_SkEcOpgCcFI	UC-aJ8BmeegNcUpGmnx9UCiQ	ym 2010s late mb albums p2
Swamp Thing	Hiatus Kaiyote	Choose Your Weapon	INDIFFERENT	wM9yqvkifDs	MPREb_q18JTSxWqqA	UCaX2FBQMB9NHFBOTVMF_wpQ	ym 2010s late mb albums p2
Prince Minikid	Hiatus Kaiyote	Choose Your Weapon	INDIFFERENT	UJy57prNn-c	MPREb_q18JTSxWqqA	UCaX2FBQMB9NHFBOTVMF_wpQ	ym 2010s late mb albums p2
Only Time All the Time: Making Friends with Studio Owl	Hiatus Kaiyote	Choose Your Weapon	INDIFFERENT	Dilqoy2Y66M	MPREb_q18JTSxWqqA	UCaX2FBQMB9NHFBOTVMF_wpQ	ym 2010s late mb albums p2
Laputa	Hiatus Kaiyote	Choose Your Weapon	INDIFFERENT	82DBdsi8L6E	MPREb_q18JTSxWqqA	UCaX2FBQMB9NHFBOTVMF_wpQ	ym 2010s late mb albums p2
Jekyll	Hiatus Kaiyote	Choose Your Weapon	INDIFFERENT	sm0NgVtz1YQ	MPREb_q18JTSxWqqA	UCaX2FBQMB9NHFBOTVMF_wpQ	ym 2010s late mb albums p2
Creations Part Two	Hiatus Kaiyote	Choose Your Weapon	INDIFFERENT	L4mmbsoee7w	MPREb_q18JTSxWqqA	UCaX2FBQMB9NHFBOTVMF_wpQ	ym 2010s late mb albums p2
Cicada	Hiatus Kaiyote	Choose Your Weapon	INDIFFERENT	Xn_Ykz6Coic	MPREb_q18JTSxWqqA	UCaX2FBQMB9NHFBOTVMF_wpQ	ym 2010s late mb albums p2
Choose Your Weapon	Hiatus Kaiyote	Choose Your Weapon	INDIFFERENT	25aGMj4C9bI	MPREb_q18JTSxWqqA	UCaX2FBQMB9NHFBOTVMF_wpQ	ym 2010s late mb albums p2
Building a Ladder	Hiatus Kaiyote	Choose Your Weapon	INDIFFERENT	GnxlHVdrmVE	MPREb_q18JTSxWqqA	UCaX2FBQMB9NHFBOTVMF_wpQ	ym 2010s late mb albums p2
Breathing Underwater	Hiatus Kaiyote	Choose Your Weapon	INDIFFERENT	ZsZh0azKrEY	MPREb_q18JTSxWqqA	UCaX2FBQMB9NHFBOTVMF_wpQ	ym 2010s late mb albums p2
Borderline with My Atoms	Hiatus Kaiyote	Choose Your Weapon	INDIFFERENT	aeXNsYZ7Wj4	MPREb_q18JTSxWqqA	UCaX2FBQMB9NHFBOTVMF_wpQ	ym 2010s late mb albums p2
Atari	Hiatus Kaiyote	Choose Your Weapon	INDIFFERENT	JFbhqeQ8IP8	MPREb_q18JTSxWqqA	UCaX2FBQMB9NHFBOTVMF_wpQ	ym 2010s late mb albums p2
You Don't Know This Guy	Her's	Songs of Her's	INDIFFERENT	XikBQSfdqAM	MPREb_BLLOO6KKROY	UCBPnTvZWrgPwSMiPP8b5ZvA	ym 2010s late mb albums p2
Medieval	Her's	Songs of Her's	INDIFFERENT	DGpC42B0GKE	MPREb_BLLOO6KKROY	UCBPnTvZWrgPwSMiPP8b5ZvA	ym 2010s late mb albums p2
Dorothy	Her's	Songs of Her's	INDIFFERENT	Nr4ljGCPWRs	MPREb_BLLOO6KKROY	UCBPnTvZWrgPwSMiPP8b5ZvA	ym 2010s late mb albums p2
Cop Theme	Her's	Songs of Her's	INDIFFERENT	r1eq3AgD5Bc	MPREb_BLLOO6KKROY	UCBPnTvZWrgPwSMiPP8b5ZvA	ym 2010s late mb albums p2
Virga	Hello Meteor	Causality Violations	INDIFFERENT	_2Kwi4nS8jI	MPREb_1A2WoOyPxa1	UCdVevn4uCrthVdDvRPPtumw	ym 2010s late mb albums p2
Unconditional	Hello Meteor	Causality Violations	INDIFFERENT	gmjLUg3mSjI	MPREb_1A2WoOyPxa1	UCdVevn4uCrthVdDvRPPtumw	ym 2010s late mb albums p2
Soft Format	Hello Meteor	Causality Violations	INDIFFERENT	lwQmzT0SfIo	MPREb_1A2WoOyPxa1	UCdVevn4uCrthVdDvRPPtumw	ym 2010s late mb albums p2
Seven Thousand Years	Hello Meteor	Causality Violations	INDIFFERENT	lV92jz_fV9I	MPREb_1A2WoOyPxa1	UCdVevn4uCrthVdDvRPPtumw	ym 2010s late mb albums p2
Serein	Hello Meteor	Causality Violations	INDIFFERENT	fo373hrbV2o	MPREb_1A2WoOyPxa1	UCdVevn4uCrthVdDvRPPtumw	ym 2010s late mb albums p2
Phosphenes	Hello Meteor	Causality Violations	INDIFFERENT	Laj274jx1TM	MPREb_1A2WoOyPxa1	UCdVevn4uCrthVdDvRPPtumw	ym 2010s late mb albums p2
Petrichor	Hello Meteor	Causality Violations	INDIFFERENT	H-Q5mgYEwjk	MPREb_1A2WoOyPxa1	UCdVevn4uCrthVdDvRPPtumw	ym 2010s late mb albums p2
Mono No Aware	Hello Meteor	Causality Violations	INDIFFERENT	Ngv6GAkDZzA	MPREb_1A2WoOyPxa1	UCdVevn4uCrthVdDvRPPtumw	ym 2010s late mb albums p2
Kairos	Hello Meteor	Causality Violations	INDIFFERENT	Bz_QGimXJvk	MPREb_1A2WoOyPxa1	UCdVevn4uCrthVdDvRPPtumw	ym 2010s late mb albums p2
Is That Someone There	Hello Meteor	Causality Violations	INDIFFERENT	ZUUu53uxrIQ	MPREb_1A2WoOyPxa1	UCdVevn4uCrthVdDvRPPtumw	ym 2010s late mb albums p2
A Stable Construct	Hello Meteor	Causality Violations	INDIFFERENT	X5W1pwallXo	MPREb_1A2WoOyPxa1	UCdVevn4uCrthVdDvRPPtumw	ym 2010s late mb albums p2
btdr-revisited	Helena Hauff	Qualm	INDIFFERENT	WxC58-X3XjY	MPREb_cVkUzIIe5OM	UCvyn_w7CUWKpW3LRCy3M0LA	ym 2010s late mb albums p2
The Smell Of Suds And Steel	Helena Hauff	Qualm	INDIFFERENT	0iVWZrarV6I	MPREb_cVkUzIIe5OM	UCvyn_w7CUWKpW3LRCy3M0LA	ym 2010s late mb albums p2
Panegyric	Helena Hauff	Qualm	INDIFFERENT	3nFQn0w_slM	MPREb_cVkUzIIe5OM	UCvyn_w7CUWKpW3LRCy3M0LA	ym 2010s late mb albums p2
No Qualms	Helena Hauff	Qualm	INDIFFERENT	6EDdnWK1TjA	MPREb_cVkUzIIe5OM	UCvyn_w7CUWKpW3LRCy3M0LA	ym 2010s late mb albums p2
Lifestyle Guru	Helena Hauff	Qualm	INDIFFERENT	W4sTgyPQZYY	MPREb_cVkUzIIe5OM	UCvyn_w7CUWKpW3LRCy3M0LA	ym 2010s late mb albums p2
It Was All Fields Around Here When I Was A Kid	Helena Hauff	Qualm	INDIFFERENT	Yp2D63HaUXQ	MPREb_cVkUzIIe5OM	UCvyn_w7CUWKpW3LRCy3M0LA	ym 2010s late mb albums p2
Hyper-Intelligent Genetically Enriched Cyborg	Helena Hauff	Qualm	INDIFFERENT	H3-4wRidKI0	MPREb_cVkUzIIe5OM	UCvyn_w7CUWKpW3LRCy3M0LA	ym 2010s late mb albums p2
Fag Butts In The Fire Bucket	Helena Hauff	Qualm	INDIFFERENT	oys4RpHoqQ4	MPREb_cVkUzIIe5OM	UCvyn_w7CUWKpW3LRCy3M0LA	ym 2010s late mb albums p2
Barrow Boot Boys	Helena Hauff	Qualm	INDIFFERENT	2oV6sS7Lbr4	MPREb_cVkUzIIe5OM	UCvyn_w7CUWKpW3LRCy3M0LA	ym 2010s late mb albums p2
Trespassers W	Have A Nice Life	Sea of Worry	INDIFFERENT	XZj2B_oo-80	MPREb_plLqsPLaFrG	UCmc-p5a2CHyCNpyAiI47Mzg	ym 2010s late mb albums p2
Sea of Worry	Have A Nice Life	Sea of Worry	INDIFFERENT	XCE6B_Bbw0A	MPREb_plLqsPLaFrG	UCmc-p5a2CHyCNpyAiI47Mzg	ym 2010s late mb albums p2
Science Beat	Have A Nice Life	Sea of Worry	INDIFFERENT	7Puj1L0DPVY	MPREb_plLqsPLaFrG	UCmc-p5a2CHyCNpyAiI47Mzg	ym 2010s late mb albums p2
Lords of Tresserhorn	Have A Nice Life	Sea of Worry	INDIFFERENT	1f_3VKrDJq8	MPREb_plLqsPLaFrG	UCmc-p5a2CHyCNpyAiI47Mzg	ym 2010s late mb albums p2
Everything We Forget	Have A Nice Life	Sea of Worry	INDIFFERENT	HPrASTSMCy0	MPREb_plLqsPLaFrG	UCmc-p5a2CHyCNpyAiI47Mzg	ym 2010s late mb albums p2
Dracula Bells	Have A Nice Life	Sea of Worry	INDIFFERENT	WA5YHqtLMug	MPREb_plLqsPLaFrG	UCmc-p5a2CHyCNpyAiI47Mzg	ym 2010s late mb albums p2
Destinos	Have A Nice Life	Sea of Worry	INDIFFERENT	n9-hYw6ajNQ	MPREb_plLqsPLaFrG	UCmc-p5a2CHyCNpyAiI47Mzg	ym 2010s late mb albums p2
We Watched You Disappear	Hammock	Universalis	INDIFFERENT	SXzBgpceZiA	MPREb_2D8GNRAwB3P	UC7C3HR_AQkjkOWLmzp2e0ag	ym 2010s late mb albums p2
Universalis	Hammock	Universalis	INDIFFERENT	jJBtEVyEBcU	MPREb_2D8GNRAwB3P	UC7C3HR_AQkjkOWLmzp2e0ag	ym 2010s late mb albums p2
Tremendum	Hammock	Universalis	INDIFFERENT	HuwZEKqg_m8	MPREb_2D8GNRAwB3P	UC7C3HR_AQkjkOWLmzp2e0ag	ym 2010s late mb albums p2
Thirst	Hammock	Universalis	INDIFFERENT	n-77lEziETk	MPREb_2D8GNRAwB3P	UC7C3HR_AQkjkOWLmzp2e0ag	ym 2010s late mb albums p2
Tether of Yearning	Hammock	Universalis	INDIFFERENT	6_qVUWItOQU	MPREb_2D8GNRAwB3P	UC7C3HR_AQkjkOWLmzp2e0ag	ym 2010s late mb albums p2
Scattering Light	Hammock	Universalis	INDIFFERENT	QtKwLRHs2Us	MPREb_2D8GNRAwB3P	UC7C3HR_AQkjkOWLmzp2e0ag	ym 2010s late mb albums p2
Mouth to Dust... Waiting	Hammock	Universalis	INDIFFERENT	nK7Bj1jzWcg	MPREb_2D8GNRAwB3P	UC7C3HR_AQkjkOWLmzp2e0ag	ym 2010s late mb albums p2
Clothed With Sky	Hammock	Universalis	INDIFFERENT	FzECX7sl9-A	MPREb_2D8GNRAwB3P	UC7C3HR_AQkjkOWLmzp2e0ag	ym 2010s late mb albums p2
Cliffside	Hammock	Universalis	INDIFFERENT	E_KJ8SxaK1k	MPREb_2D8GNRAwB3P	UC7C3HR_AQkjkOWLmzp2e0ag	ym 2010s late mb albums p2
Always Before Your Eyes	Hammock	Universalis	INDIFFERENT	BCdEEOdf5y4	MPREb_2D8GNRAwB3P	UC7C3HR_AQkjkOWLmzp2e0ag	ym 2010s late mb albums p2
Worth It	Haley Heynderickx	I Need to Start a Garden	INDIFFERENT	ri4CJfT-hXw	MPREb_46CnBmFNH8J	UCoaTCrGfCNAvjBp_Zy1Jkig	ym 2010s late mb albums p2
Show You a Body	Haley Heynderickx	I Need to Start a Garden	INDIFFERENT	ZDcTT2MEytw	MPREb_46CnBmFNH8J	UCoaTCrGfCNAvjBp_Zy1Jkig	ym 2010s late mb albums p2
Oom Sha La La	Haley Heynderickx	I Need to Start a Garden	INDIFFERENT	u6u7UZVOPKg	MPREb_46CnBmFNH8J	UCoaTCrGfCNAvjBp_Zy1Jkig	ym 2010s late mb albums p2
Window	HVOB	Trialog	INDIFFERENT	TAH_C3Sx164	MPREb_0cKQPNVw4Mp	UCBuve1i61flTZ2vKgPsMZXQ	ym 2010s late mb albums p2
Turn a Rope Round Its Axis	HVOB	Trialog	INDIFFERENT	vGkjMd8F-z8	MPREb_0cKQPNVw4Mp	UCBuve1i61flTZ2vKgPsMZXQ	ym 2010s late mb albums p2
The Anxiety to Please	HVOB	Trialog	INDIFFERENT	OjMwR-3U7jY	MPREb_0cKQPNVw4Mp	UCBuve1i61flTZ2vKgPsMZXQ	ym 2010s late mb albums p2
Oxid	HVOB	Trialog	INDIFFERENT	f587Tc5nrTE	MPREb_0cKQPNVw4Mp	UCBuve1i61flTZ2vKgPsMZXQ	ym 2010s late mb albums p2
Ghost	HVOB	Trialog	INDIFFERENT	kOtPs7jIbyo	MPREb_0cKQPNVw4Mp	UCBuve1i61flTZ2vKgPsMZXQ	ym 2010s late mb albums p2
Clap Eyes	HVOB	Trialog	INDIFFERENT	gxXIXQ8p5ww	MPREb_0cKQPNVw4Mp	UCBuve1i61flTZ2vKgPsMZXQ	ym 2010s late mb albums p2
Azrael	HVOB	Trialog	INDIFFERENT	iHA47VXYoX8	MPREb_0cKQPNVw4Mp	UCBuve1i61flTZ2vKgPsMZXQ	ym 2010s late mb albums p2
Attention	HVOB	Trialog	INDIFFERENT	cvGuwor4QRg	MPREb_0cKQPNVw4Mp	UCBuve1i61flTZ2vKgPsMZXQ	ym 2010s late mb albums p2
WRONG BAG	HEALTH	VOL. 4 :: SLAVES OF FEAR	INDIFFERENT	DlRHFME6iOE	MPREb_UYVhIooOz3x	UCFhh9HNNzEpJ6rmJf9oiLJA	ym 2010s late mb albums p2
THE MESSAGE	HEALTH	VOL. 4 :: SLAVES OF FEAR	INDIFFERENT	3WyDQ8l3zsA	MPREb_UYVhIooOz3x	UCFhh9HNNzEpJ6rmJf9oiLJA	ym 2010s late mb albums p2
STRANGE DAYS (1999)	HEALTH	VOL. 4 :: SLAVES OF FEAR	INDIFFERENT	yK8-cM08MPw	MPREb_UYVhIooOz3x	UCFhh9HNNzEpJ6rmJf9oiLJA	ym 2010s late mb albums p2
SLAVES OF FEAR	HEALTH	VOL. 4 :: SLAVES OF FEAR	INDIFFERENT	qq8Xy_ief_I	MPREb_UYVhIooOz3x	UCFhh9HNNzEpJ6rmJf9oiLJA	ym 2010s late mb albums p2
RAT WARS	HEALTH	VOL. 4 :: SLAVES OF FEAR	INDIFFERENT	VJA1VWEv9L0	MPREb_UYVhIooOz3x	UCFhh9HNNzEpJ6rmJf9oiLJA	ym 2010s late mb albums p2
PSYCHONAUT	HEALTH	VOL. 4 :: SLAVES OF FEAR	INDIFFERENT	T7v5Rh3vd-4	MPREb_UYVhIooOz3x	UCFhh9HNNzEpJ6rmJf9oiLJA	ym 2010s late mb albums p2
NC-17	HEALTH	VOL. 4 :: SLAVES OF FEAR	INDIFFERENT	kNAySFS3Msk	MPREb_UYVhIooOz3x	UCFhh9HNNzEpJ6rmJf9oiLJA	ym 2010s late mb albums p2
LOSS DELUXE	HEALTH	VOL. 4 :: SLAVES OF FEAR	INDIFFERENT	wJ1v5dUdu-8	MPREb_UYVhIooOz3x	UCFhh9HNNzEpJ6rmJf9oiLJA	ym 2010s late mb albums p2
GOD BOTHERER	HEALTH	VOL. 4 :: SLAVES OF FEAR	INDIFFERENT	FX0v4sm5dYc	MPREb_UYVhIooOz3x	UCFhh9HNNzEpJ6rmJf9oiLJA	ym 2010s late mb albums p2
FEEL NOTHING	HEALTH	VOL. 4 :: SLAVES OF FEAR	INDIFFERENT	F6D6rOYn-2M	MPREb_UYVhIooOz3x	UCFhh9HNNzEpJ6rmJf9oiLJA	ym 2010s late mb albums p2
DECIMATION	HEALTH	VOL. 4 :: SLAVES OF FEAR	INDIFFERENT	DEEEJ8fjDyM	MPREb_UYVhIooOz3x	UCFhh9HNNzEpJ6rmJf9oiLJA	ym 2010s late mb albums p2
BLACK STATIC	HEALTH	VOL. 4 :: SLAVES OF FEAR	INDIFFERENT	Q8cmFAl5JPA	MPREb_UYVhIooOz3x	UCFhh9HNNzEpJ6rmJf9oiLJA	ym 2010s late mb albums p2
VICTIM	HEALTH	DEATH MAGIC	INDIFFERENT	iJt5BOYVPF8	MPREb_vxgtnLOUthl	UCFhh9HNNzEpJ6rmJf9oiLJA	ym 2010s late mb albums p2
STONEFIST	HEALTH	DEATH MAGIC	INDIFFERENT	YbVEfWsxhEY	MPREb_vxgtnLOUthl	UCFhh9HNNzEpJ6rmJf9oiLJA	ym 2010s late mb albums p2
SALVIA	HEALTH	DEATH MAGIC	INDIFFERENT	cam9knMSJWs	MPREb_vxgtnLOUthl	UCFhh9HNNzEpJ6rmJf9oiLJA	ym 2010s late mb albums p2
NEW COKE	HEALTH	DEATH MAGIC	INDIFFERENT	74n2rZ319HQ	MPREb_vxgtnLOUthl	UCFhh9HNNzEpJ6rmJf9oiLJA	ym 2010s late mb albums p2
MEN TODAY	HEALTH	DEATH MAGIC	INDIFFERENT	ehub5uqzQtk	MPREb_vxgtnLOUthl	UCFhh9HNNzEpJ6rmJf9oiLJA	ym 2010s late mb albums p2
LIFE	HEALTH	DEATH MAGIC	INDIFFERENT	nclSVtSfIfM	MPREb_vxgtnLOUthl	UCFhh9HNNzEpJ6rmJf9oiLJA	ym 2010s late mb albums p2
L.A. LOOKS	HEALTH	DEATH MAGIC	INDIFFERENT	2nSu7HWtfiw	MPREb_vxgtnLOUthl	UCFhh9HNNzEpJ6rmJf9oiLJA	ym 2010s late mb albums p2
HURT YOURSELF	HEALTH	DEATH MAGIC	INDIFFERENT	wmBBegqQjZ8	MPREb_vxgtnLOUthl	UCFhh9HNNzEpJ6rmJf9oiLJA	ym 2010s late mb albums p2
FLESH WORLD (UK)	HEALTH	DEATH MAGIC	INDIFFERENT	wd4k2P7cz00	MPREb_vxgtnLOUthl	UCFhh9HNNzEpJ6rmJf9oiLJA	ym 2010s late mb albums p2
DRUGS EXIST	HEALTH	DEATH MAGIC	INDIFFERENT	7ZS4_VWkcwU	MPREb_vxgtnLOUthl	UCFhh9HNNzEpJ6rmJf9oiLJA	ym 2010s late mb albums p2
DARK ENOUGH	HEALTH	DEATH MAGIC	INDIFFERENT	qu7zsBBIPHU	MPREb_vxgtnLOUthl	UCFhh9HNNzEpJ6rmJf9oiLJA	ym 2010s late mb albums p2
COURTSHIP II	HEALTH	DEATH MAGIC	INDIFFERENT	g3D9RKk5jcg	MPREb_vxgtnLOUthl	UCFhh9HNNzEpJ6rmJf9oiLJA	ym 2010s late mb albums p2
What Is Love	Guts	Paradise for All	INDIFFERENT	loJ8gscHvi8	MPREb_wJz3i748EXw	UC09LsmkOdhB4tMimiqcZIpw	ym 2010s late mb albums p2
Mi Isla Tropical	Guts	Paradise for All	INDIFFERENT	yhehsTPhQqM	MPREb_wJz3i748EXw	UC09LsmkOdhB4tMimiqcZIpw	ym 2010s late mb albums p2
Little Back Cat	Guts	Paradise for All	INDIFFERENT	S2964micS5Y	MPREb_wJz3i748EXw	UC09LsmkOdhB4tMimiqcZIpw	ym 2010s late mb albums p2
Freedom	Guts	Paradise for All	INDIFFERENT	Bn51hhcwIV0	MPREb_wJz3i748EXw	UC09LsmkOdhB4tMimiqcZIpw	ym 2010s late mb albums p2
Back to the New School	Guts	Paradise for All	INDIFFERENT	XpI2lXelFzQ	MPREb_wJz3i748EXw	UC09LsmkOdhB4tMimiqcZIpw	ym 2010s late mb albums p2
Work in Progress (Intro)	Gucci Mane	Mr. Davis	INDIFFERENT	hVQTq_2etH0	MPREb_IZQoFvoS9DJ	UCGJdT8Qip4XObbQZ98Z1CAA	ym 2010s late mb albums p2
We Ride (feat. Monica)	Gucci Mane	Mr. Davis	INDIFFERENT	l5gG7LzVH0s	MPREb_IZQoFvoS9DJ	UCGJdT8Qip4XObbQZ98Z1CAA	ym 2010s late mb albums p2
Tone It Down (feat. Chris Brown)	Gucci Mane	Mr. Davis	INDIFFERENT	h4BCbOmuW5Q	MPREb_IZQoFvoS9DJ	UCGJdT8Qip4XObbQZ98Z1CAA	ym 2010s late mb albums p2
Stunting Ain't Nuthin' (feat. Slim Jxmmi & Young Dolph)	Gucci Mane	Mr. Davis	INDIFFERENT	YEndyGE6GA0	MPREb_IZQoFvoS9DJ	UCGJdT8Qip4XObbQZ98Z1CAA	ym 2010s late mb albums p2
Money Piling	Gucci Mane	Mr. Davis	INDIFFERENT	gQe31Al-Nvs	MPREb_IZQoFvoS9DJ	UCGJdT8Qip4XObbQZ98Z1CAA	ym 2010s late mb albums p2
Money Make Ya Handsome	Gucci Mane	Mr. Davis	INDIFFERENT	Mx3GkYoyCXw	MPREb_IZQoFvoS9DJ	UCGJdT8Qip4XObbQZ98Z1CAA	ym 2010s late mb albums p2
Miss My Woe (feat. Chris Bosh & Rico Love)	Gucci Mane	Mr. Davis	INDIFFERENT	5vzZjARqPSo	MPREb_IZQoFvoS9DJ	UCGJdT8Qip4XObbQZ98Z1CAA	ym 2010s late mb albums p2
Members Only	Gucci Mane	Mr. Davis	INDIFFERENT	2pZQMbQwL_E	MPREb_IZQoFvoS9DJ	UCGJdT8Qip4XObbQZ98Z1CAA	ym 2010s late mb albums p2
Make Love	Gucci Mane	Mr. Davis	INDIFFERENT	l6tJAmZr2R0	MPREb_IZQoFvoS9DJ	UCGJdT8Qip4XObbQZ98Z1CAA	ym 2010s late mb albums p2
Made It (Outro)	Gucci Mane	Mr. Davis	INDIFFERENT	ceSWQACqNxs	MPREb_IZQoFvoS9DJ	UCGJdT8Qip4XObbQZ98Z1CAA	ym 2010s late mb albums p2
Lil Story (feat. ScHoolboy Q)	Gucci Mane	Mr. Davis	INDIFFERENT	7qZ-M1wHOqY	MPREb_IZQoFvoS9DJ	UCGJdT8Qip4XObbQZ98Z1CAA	ym 2010s late mb albums p2
Jumped Out the Whip (feat. A$AP Rocky)	Gucci Mane	Mr. Davis	INDIFFERENT	j9ZRVaX5zDs	MPREb_IZQoFvoS9DJ	UCGJdT8Qip4XObbQZ98Z1CAA	ym 2010s late mb albums p2
I Get the Bag (feat. Migos)	Gucci Mane	Mr. Davis	INDIFFERENT	yPbF6BlmzV4	MPREb_IZQoFvoS9DJ	UCGJdT8Qip4XObbQZ98Z1CAA	ym 2010s late mb albums p2
Enormous (feat. Ty Dolla $ign)	Gucci Mane	Mr. Davis	INDIFFERENT	tkm1kq_FPP4	MPREb_IZQoFvoS9DJ	UCGJdT8Qip4XObbQZ98Z1CAA	ym 2010s late mb albums p2
Curve (feat. The Weeknd)	Gucci Mane	Mr. Davis	INDIFFERENT	Gf4YBuSHxe0	MPREb_IZQoFvoS9DJ	UCGJdT8Qip4XObbQZ98Z1CAA	ym 2010s late mb albums p2
Changed (feat. Big Sean)	Gucci Mane	Mr. Davis	INDIFFERENT	0i5Itx8s71A	MPREb_IZQoFvoS9DJ	UCGJdT8Qip4XObbQZ98Z1CAA	ym 2010s late mb albums p2
Back On	Gucci Mane	Mr. Davis	INDIFFERENT	DUNbW0bRsII	MPREb_IZQoFvoS9DJ	UCGJdT8Qip4XObbQZ98Z1CAA	ym 2010s late mb albums p2
Robbed	Gucci Mane	Everybody Looking	INDIFFERENT	FMdWwyv7_JQ	MPREb_m7bszOsEs0K	UCGJdT8Qip4XObbQZ98Z1CAA	ym 2010s late mb albums p2
Richest Nigga in the Room	Gucci Mane	Everybody Looking	INDIFFERENT	9tHpEO6dNUw	MPREb_m7bszOsEs0K	UCGJdT8Qip4XObbQZ98Z1CAA	ym 2010s late mb albums p2
Pop Music	Gucci Mane	Everybody Looking	INDIFFERENT	gkGDw_ShvjQ	MPREb_m7bszOsEs0K	UCGJdT8Qip4XObbQZ98Z1CAA	ym 2010s late mb albums p2
Pick Up the Pieces (Outro)	Gucci Mane	Everybody Looking	INDIFFERENT	1pFREeksvw4	MPREb_m7bszOsEs0K	UCGJdT8Qip4XObbQZ98Z1CAA	ym 2010s late mb albums p2
No Sleep (Intro)	Gucci Mane	Everybody Looking	INDIFFERENT	XiuzvDrcjGI	MPREb_m7bszOsEs0K	UCGJdT8Qip4XObbQZ98Z1CAA	ym 2010s late mb albums p2
Multi Millionaire Laflare (Bonus Track Version)	Gucci Mane	Everybody Looking	INDIFFERENT	t2OHsILpWsA	MPREb_m7bszOsEs0K	UCGJdT8Qip4XObbQZ98Z1CAA	ym 2010s late mb albums p2
Back on Road	Gucci Mane	Everybody Looking	INDIFFERENT	1NMZGQxw8Ko	MPREb_m7bszOsEs0K	UCGJdT8Qip4XObbQZ98Z1CAA	ym 2010s late mb albums p2
All My Children	Gucci Mane	Everybody Looking	INDIFFERENT	DIy7h932Sls	MPREb_m7bszOsEs0K	UCGJdT8Qip4XObbQZ98Z1CAA	ym 2010s late mb albums p2
1st Day out Tha Feds	Gucci Mane	Everybody Looking	INDIFFERENT	9F8wL5D77K8	MPREb_m7bszOsEs0K	UCGJdT8Qip4XObbQZ98Z1CAA	ym 2010s late mb albums p2
The Races	Grouper	Grid of Points	INDIFFERENT	NVlu93MjssQ	MPREb_uvNK2NVa3cr	UCxdqU4_Mit1HOXesHvs3g3Q	ym 2010s late mb albums p2
Thanksgiving Song	Grouper	Grid of Points	INDIFFERENT	zrJ_JR1e7ho	MPREb_uvNK2NVa3cr	UCxdqU4_Mit1HOXesHvs3g3Q	ym 2010s late mb albums p2
Breathing	Grouper	Grid of Points	INDIFFERENT	_1XRpicMxeI	MPREb_uvNK2NVa3cr	UCxdqU4_Mit1HOXesHvs3g3Q	ym 2010s late mb albums p2
Blouse	Grouper	Grid of Points	INDIFFERENT	GXFmqI9rnCQ	MPREb_uvNK2NVa3cr	UCxdqU4_Mit1HOXesHvs3g3Q	ym 2010s late mb albums p2
Birthday Song	Grouper	Grid of Points	INDIFFERENT	0yz7fCmz-y8	MPREb_uvNK2NVa3cr	UCxdqU4_Mit1HOXesHvs3g3Q	ym 2010s late mb albums p2
laughing and not being normal	Grimes	Art Angels	INDIFFERENT	IdGERIxNJJU	MPREb_XbV5jRZuGjK	UCzVh-F-RZdTHGV3S1o4KBWQ	ym 2010s late mb albums p2
Venus Fly (feat. Janelle Monáe)	Grimes	Art Angels	INDIFFERENT	SiGCJ9UBdyI	MPREb_XbV5jRZuGjK	UCzVh-F-RZdTHGV3S1o4KBWQ	ym 2010s late mb albums p2
Realiti	Grimes	Art Angels	INDIFFERENT	BOxFvfjlnno	MPREb_XbV5jRZuGjK	UCzVh-F-RZdTHGV3S1o4KBWQ	ym 2010s late mb albums p2
Pin	Grimes	Art Angels	INDIFFERENT	00y4nF9DyyM	MPREb_XbV5jRZuGjK	UCzVh-F-RZdTHGV3S1o4KBWQ	ym 2010s late mb albums p2
Life in the Vivid Dream	Grimes	Art Angels	INDIFFERENT	9UoIJnCO-Ew	MPREb_XbV5jRZuGjK	UCzVh-F-RZdTHGV3S1o4KBWQ	ym 2010s late mb albums p2
Kill V. Maim	Grimes	Art Angels	INDIFFERENT	Xi-V06al_h4	MPREb_XbV5jRZuGjK	UCzVh-F-RZdTHGV3S1o4KBWQ	ym 2010s late mb albums p2
Easily	Grimes	Art Angels	INDIFFERENT	whxEpX-mHf4	MPREb_XbV5jRZuGjK	UCzVh-F-RZdTHGV3S1o4KBWQ	ym 2010s late mb albums p2
Butterfly	Grimes	Art Angels	INDIFFERENT	NpSZxfHBPWA	MPREb_XbV5jRZuGjK	UCzVh-F-RZdTHGV3S1o4KBWQ	ym 2010s late mb albums p2
Belly of the Beat	Grimes	Art Angels	INDIFFERENT	XDJNk1knnME	MPREb_XbV5jRZuGjK	UCzVh-F-RZdTHGV3S1o4KBWQ	ym 2010s late mb albums p2
Artangels	Grimes	Art Angels	INDIFFERENT	UDkT42jIvuQ	MPREb_XbV5jRZuGjK	UCzVh-F-RZdTHGV3S1o4KBWQ	ym 2010s late mb albums p2
Teen Challenge	Great Grandpa	Plastic Cough	INDIFFERENT	VO38OFNTj04	MPREb_OztECU7dAE3	UCRqTHOWrG109hJF-bS9ZhUA	ym 2010s late mb albums p2
Pardon My Speech	Great Grandpa	Plastic Cough	INDIFFERENT	vkduib__Rdo	MPREb_OztECU7dAE3	UCRqTHOWrG109hJF-bS9ZhUA	ym 2010s late mb albums p2
No	Great Grandpa	Plastic Cough	INDIFFERENT	evdRBV5Zeqw	MPREb_OztECU7dAE3	UCRqTHOWrG109hJF-bS9ZhUA	ym 2010s late mb albums p2
Grounded	Great Grandpa	Plastic Cough	INDIFFERENT	QaIyhJkCSz0	MPREb_OztECU7dAE3	UCRqTHOWrG109hJF-bS9ZhUA	ym 2010s late mb albums p2
Favorite Show	Great Grandpa	Plastic Cough	INDIFFERENT	ON2EaBkTCrk	MPREb_OztECU7dAE3	UCRqTHOWrG109hJF-bS9ZhUA	ym 2010s late mb albums p2
Faithful	Great Grandpa	Plastic Cough	INDIFFERENT	d7TrJFArXw0	MPREb_OztECU7dAE3	UCRqTHOWrG109hJF-bS9ZhUA	ym 2010s late mb albums p2
Fade	Great Grandpa	Plastic Cough	INDIFFERENT	F41JwmLvS8E	MPREb_OztECU7dAE3	UCRqTHOWrG109hJF-bS9ZhUA	ym 2010s late mb albums p2
Expert Eraser	Great Grandpa	Plastic Cough	INDIFFERENT	2vGgSXfFdkk	MPREb_OztECU7dAE3	UCRqTHOWrG109hJF-bS9ZhUA	ym 2010s late mb albums p2
All Things Must Behave / Eternal Friend	Great Grandpa	Plastic Cough	INDIFFERENT	Coz2XbvAQPI	MPREb_OztECU7dAE3	UCRqTHOWrG109hJF-bS9ZhUA	ym 2010s late mb albums p2
28 J's L8R	Great Grandpa	Plastic Cough	INDIFFERENT	F0KA5nAb4aQ	MPREb_OztECU7dAE3	UCRqTHOWrG109hJF-bS9ZhUA	ym 2010s late mb albums p2
Virtual Insight	Gramatik	Coffee Shop Selection	INDIFFERENT	MxxCuCjHIao	MPREb_0aiScW8IgaX	UCMQLEz37VvDFDk9cSe8WHaw	ym 2010s late mb albums p2
Victory	Gramatik	Coffee Shop Selection	INDIFFERENT	Uu86AWlgBgw	MPREb_0aiScW8IgaX	UCMQLEz37VvDFDk9cSe8WHaw	ym 2010s late mb albums p2
The Anthem (Instrumental)	Gramatik	Coffee Shop Selection	INDIFFERENT	3wLAC6mb3YY	MPREb_0aiScW8IgaX	UCMQLEz37VvDFDk9cSe8WHaw	ym 2010s late mb albums p2
Talk That Slang	Gramatik	Coffee Shop Selection	INDIFFERENT	hhF4aWm8p4o	MPREb_0aiScW8IgaX	UCMQLEz37VvDFDk9cSe8WHaw	ym 2010s late mb albums p2
Swucca Chust	Gramatik	Coffee Shop Selection	INDIFFERENT	zcareAClxFs	MPREb_0aiScW8IgaX	UCMQLEz37VvDFDk9cSe8WHaw	ym 2010s late mb albums p2
Some Breaks	Gramatik	Coffee Shop Selection	INDIFFERENT	shvNJx27S3w	MPREb_0aiScW8IgaX	UCMQLEz37VvDFDk9cSe8WHaw	ym 2010s late mb albums p2
Sitar Chop	Gramatik	Coffee Shop Selection	INDIFFERENT	pjJVOf9SRlo	MPREb_0aiScW8IgaX	UCMQLEz37VvDFDk9cSe8WHaw	ym 2010s late mb albums p2
Pizzi Chop	Gramatik	Coffee Shop Selection	INDIFFERENT	zy4yAUmM9oA	MPREb_0aiScW8IgaX	UCMQLEz37VvDFDk9cSe8WHaw	ym 2010s late mb albums p2
Obviously (Instrumental)	Gramatik	Coffee Shop Selection	INDIFFERENT	ggHQjBXS4hc	MPREb_0aiScW8IgaX	UCMQLEz37VvDFDk9cSe8WHaw	ym 2010s late mb albums p2
Muy Tranquilo	Gramatik	Coffee Shop Selection	INDIFFERENT	f0JOXlZdhic	MPREb_0aiScW8IgaX	UCMQLEz37VvDFDk9cSe8WHaw	ym 2010s late mb albums p2
Just Jammin' NYC (feat. Exmag)	Gramatik	Coffee Shop Selection	INDIFFERENT	Nz-zn0estK0	MPREb_0aiScW8IgaX	UCMQLEz37VvDFDk9cSe8WHaw	ym 2010s late mb albums p2
Indigo Child	Gramatik	Coffee Shop Selection	INDIFFERENT	0HzGsK3MPCg	MPREb_0aiScW8IgaX	UCMQLEz37VvDFDk9cSe8WHaw	ym 2010s late mb albums p2
In My City	Gramatik	Coffee Shop Selection	INDIFFERENT	E80P_uP1IzA	MPREb_0aiScW8IgaX	UCMQLEz37VvDFDk9cSe8WHaw	ym 2010s late mb albums p2
Hold On	Gramatik	Coffee Shop Selection	INDIFFERENT	R_UtUATlHP0	MPREb_0aiScW8IgaX	UCMQLEz37VvDFDk9cSe8WHaw	ym 2010s late mb albums p2
Guitar Madness	Gramatik	Coffee Shop Selection	INDIFFERENT	X1--npTxF7k	MPREb_0aiScW8IgaX	UCMQLEz37VvDFDk9cSe8WHaw	ym 2010s late mb albums p2
Faraway (Instrumental)	Gramatik	Coffee Shop Selection	INDIFFERENT	TMkzLB7fxH4	MPREb_0aiScW8IgaX	UCMQLEz37VvDFDk9cSe8WHaw	ym 2010s late mb albums p2
Afternoon Soul	Gramatik	Coffee Shop Selection	INDIFFERENT	QacclTKD9cY	MPREb_0aiScW8IgaX	UCMQLEz37VvDFDk9cSe8WHaw	ym 2010s late mb albums p2
Richter: whose name is written on water (Pt. 4)	Grace Davidson	Sleep	INDIFFERENT	ox0cJ5Lduh0	MPREb_A9AHzoUYd7b	UCp9gcJBTYIHkYuDm5zdX57Q	ym 2010s late mb albums p2
Richter: whose name is written on water (Pt. 3)	Grace Davidson	Sleep	INDIFFERENT	rxan8p_YrRU	MPREb_A9AHzoUYd7b	UCp9gcJBTYIHkYuDm5zdX57Q	ym 2010s late mb albums p2
Richter: whose name is written on water (Pt. 2)	Grace Davidson	Sleep	INDIFFERENT	089YHh--Y6w	MPREb_A9AHzoUYd7b	UCp9gcJBTYIHkYuDm5zdX57Q	ym 2010s late mb albums p2
Richter: whose name is written on water (Pt. 1)	Grace Davidson	Sleep	INDIFFERENT	ISEZV6_FhP0	MPREb_A9AHzoUYd7b	UCp9gcJBTYIHkYuDm5zdX57Q	ym 2010s late mb albums p2
Richter: Song / Echo	Grace Davidson	Sleep	INDIFFERENT	ZsUOr3Anubw	MPREb_A9AHzoUYd7b	UCp9gcJBTYIHkYuDm5zdX57Q	ym 2010s late mb albums p2
Richter: Path 17 (Before the Ending of Daylight) (Pt. 7)	Grace Davidson	Sleep	INDIFFERENT	_lGYMOqvmk4	MPREb_A9AHzoUYd7b	UCp9gcJBTYIHkYuDm5zdX57Q	ym 2010s late mb albums p2
Richter: Path 17 (Before the Ending of Daylight) (Pt. 6)	Grace Davidson	Sleep	INDIFFERENT	xdZvTuYtFLg	MPREb_A9AHzoUYd7b	UCp9gcJBTYIHkYuDm5zdX57Q	ym 2010s late mb albums p2
Richter: Path 17 (Before the Ending of Daylight) (Pt. 5)	Grace Davidson	Sleep	INDIFFERENT	QTaVj9dY8ZQ	MPREb_A9AHzoUYd7b	UCp9gcJBTYIHkYuDm5zdX57Q	ym 2010s late mb albums p2
Richter: Path 17 (Before the Ending of Daylight) (Pt. 4)	Grace Davidson	Sleep	INDIFFERENT	bJkshHK0tm4	MPREb_A9AHzoUYd7b	UCp9gcJBTYIHkYuDm5zdX57Q	ym 2010s late mb albums p2
Richter: Path 17 (Before the Ending of Daylight) (Pt. 3)	Grace Davidson	Sleep	INDIFFERENT	7eTtyPev1q0	MPREb_A9AHzoUYd7b	UCp9gcJBTYIHkYuDm5zdX57Q	ym 2010s late mb albums p2
Richter: Path 17 (Before the Ending of Daylight) (Pt. 2)	Grace Davidson	Sleep	INDIFFERENT	9lwSdCWZEyw	MPREb_A9AHzoUYd7b	UCp9gcJBTYIHkYuDm5zdX57Q	ym 2010s late mb albums p2
Richter: Path 17 (Before the Ending of Daylight) (Pt. 1)	Grace Davidson	Sleep	INDIFFERENT	GbbOdkr5Z4M	MPREb_A9AHzoUYd7b	UCp9gcJBTYIHkYuDm5zdX57Q	ym 2010s late mb albums p2
Richter: Non-eternal (Pt. 9)	Grace Davidson	Sleep	INDIFFERENT	GFd70dBW9Zw	MPREb_A9AHzoUYd7b	UCp9gcJBTYIHkYuDm5zdX57Q	ym 2010s late mb albums p2
Richter: Non-eternal (Pt. 8)	Grace Davidson	Sleep	INDIFFERENT	BZezb0t9GSs	MPREb_A9AHzoUYd7b	UCp9gcJBTYIHkYuDm5zdX57Q	ym 2010s late mb albums p2
Richter: Non-eternal (Pt. 7)	Grace Davidson	Sleep	INDIFFERENT	xxVgIRXQ6zE	MPREb_A9AHzoUYd7b	UCp9gcJBTYIHkYuDm5zdX57Q	ym 2010s late mb albums p2
Richter: Non-eternal (Pt. 6)	Grace Davidson	Sleep	INDIFFERENT	239k6P4gDR0	MPREb_A9AHzoUYd7b	UCp9gcJBTYIHkYuDm5zdX57Q	ym 2010s late mb albums p2
Richter: Non-eternal (Pt. 5)	Grace Davidson	Sleep	INDIFFERENT	PwjRSInf3Lw	MPREb_A9AHzoUYd7b	UCp9gcJBTYIHkYuDm5zdX57Q	ym 2010s late mb albums p2
Richter: Non-eternal (Pt. 4)	Grace Davidson	Sleep	INDIFFERENT	BtufAVXgMog	MPREb_A9AHzoUYd7b	UCp9gcJBTYIHkYuDm5zdX57Q	ym 2010s late mb albums p2
Richter: Non-eternal (Pt. 3)	Grace Davidson	Sleep	INDIFFERENT	PoFGyUMb98c	MPREb_A9AHzoUYd7b	UCp9gcJBTYIHkYuDm5zdX57Q	ym 2010s late mb albums p2
Richter: Non-eternal (Pt. 2)	Grace Davidson	Sleep	INDIFFERENT	waUH90z-efM	MPREb_A9AHzoUYd7b	UCp9gcJBTYIHkYuDm5zdX57Q	ym 2010s late mb albums p2
Richter: Non-eternal (Pt. 10)	Grace Davidson	Sleep	INDIFFERENT	cdUa0UC0_3c	MPREb_A9AHzoUYd7b	UCp9gcJBTYIHkYuDm5zdX57Q	ym 2010s late mb albums p2
Richter: Non-eternal (Pt. 1)	Grace Davidson	Sleep	INDIFFERENT	3B1QlOi-9bI	MPREb_A9AHzoUYd7b	UCp9gcJBTYIHkYuDm5zdX57Q	ym 2010s late mb albums p2
Richter: Dream 0 (Till Break of Day) (Pt. 9)	Grace Davidson	Sleep	INDIFFERENT	nr90LH7fB7U	MPREb_A9AHzoUYd7b	UCp9gcJBTYIHkYuDm5zdX57Q	ym 2010s late mb albums p2
Richter: Dream 0 (Till Break of Day) (Pt. 8)	Grace Davidson	Sleep	INDIFFERENT	zQcvJKk7eIY	MPREb_A9AHzoUYd7b	UCp9gcJBTYIHkYuDm5zdX57Q	ym 2010s late mb albums p2
Richter: Dream 0 (Till Break of Day) (Pt. 7)	Grace Davidson	Sleep	INDIFFERENT	KIjm5V1RUfU	MPREb_A9AHzoUYd7b	UCp9gcJBTYIHkYuDm5zdX57Q	ym 2010s late mb albums p2
Richter: Dream 0 (Till Break of Day) (Pt. 6)	Grace Davidson	Sleep	INDIFFERENT	z51MhP6qeng	MPREb_A9AHzoUYd7b	UCp9gcJBTYIHkYuDm5zdX57Q	ym 2010s late mb albums p2
Richter: Dream 0 (Till Break of Day) (Pt. 5)	Grace Davidson	Sleep	INDIFFERENT	xtbKAoesVuE	MPREb_A9AHzoUYd7b	UCp9gcJBTYIHkYuDm5zdX57Q	ym 2010s late mb albums p2
Richter: Dream 0 (Till Break of Day) (Pt. 4)	Grace Davidson	Sleep	INDIFFERENT	2lV-61dWtwk	MPREb_A9AHzoUYd7b	UCp9gcJBTYIHkYuDm5zdX57Q	ym 2010s late mb albums p2
Richter: Dream 0 (Till Break of Day) (Pt. 3)	Grace Davidson	Sleep	INDIFFERENT	znEAMKE_VPo	MPREb_A9AHzoUYd7b	UCp9gcJBTYIHkYuDm5zdX57Q	ym 2010s late mb albums p2
Richter: Dream 0 (Till Break of Day) (Pt. 2)	Grace Davidson	Sleep	INDIFFERENT	iwKN6FvLsik	MPREb_A9AHzoUYd7b	UCp9gcJBTYIHkYuDm5zdX57Q	ym 2010s late mb albums p2
Richter: Dream 0 (Till Break of Day) (Pt. 13)	Grace Davidson	Sleep	INDIFFERENT	tUK8by7aqqQ	MPREb_A9AHzoUYd7b	UCp9gcJBTYIHkYuDm5zdX57Q	ym 2010s late mb albums p2
Richter: Dream 0 (Till Break of Day) (Pt. 12)	Grace Davidson	Sleep	INDIFFERENT	NVGRPszZzss	MPREb_A9AHzoUYd7b	UCp9gcJBTYIHkYuDm5zdX57Q	ym 2010s late mb albums p2
Richter: Dream 0 (Till Break of Day) (Pt. 11)	Grace Davidson	Sleep	INDIFFERENT	maYTuf0HZkQ	MPREb_A9AHzoUYd7b	UCp9gcJBTYIHkYuDm5zdX57Q	ym 2010s late mb albums p2
Richter: Dream 0 (Till Break of Day) (Pt. 10)	Grace Davidson	Sleep	INDIFFERENT	U4O8kTuSDDg	MPREb_A9AHzoUYd7b	UCp9gcJBTYIHkYuDm5zdX57Q	ym 2010s late mb albums p2
Richter: Dream 0 (Till Break of Day) (Pt. 1)	Grace Davidson	Sleep	INDIFFERENT	RDzI3oeGIis	MPREb_A9AHzoUYd7b	UCp9gcJBTYIHkYuDm5zdX57Q	ym 2010s late mb albums p2
We Got the Power (feat. Jehnny Beth)	Gorillaz	Humanz	INDIFFERENT	W2M_7Et8o2c	MPREb_ZHeJPKFJ464	UCNIV5B_aJnLrKDSnW_MOmcQ	ym 2010s late mb albums p2
Submission (feat. Danny Brown & Kelela)	Gorillaz	Humanz	INDIFFERENT	sK4_drvjb4U	MPREb_ZHeJPKFJ464	UCNIV5B_aJnLrKDSnW_MOmcQ	ym 2010s late mb albums p2
Momentz (feat. De La Soul & Kelvin Mercer)	Gorillaz	Humanz	INDIFFERENT	wgFDXSCHkgo	MPREb_ZHeJPKFJ464	UCNIV5B_aJnLrKDSnW_MOmcQ	ym 2010s late mb albums p2
Intro: I Switched My Robot Off	Gorillaz	Humanz	INDIFFERENT	8i0rXZcEyIA	MPREb_ZHeJPKFJ464	UCNIV5B_aJnLrKDSnW_MOmcQ	ym 2010s late mb albums p2
Interlude: The Non-Conformist Oath	Gorillaz	Humanz	INDIFFERENT	-IMM6OlbDIc	MPREb_ZHeJPKFJ464	UCNIV5B_aJnLrKDSnW_MOmcQ	ym 2010s late mb albums p2
Interlude: The Elephant	Gorillaz	Humanz	INDIFFERENT	ZHoxCiU4Lj8	MPREb_ZHeJPKFJ464	UCNIV5B_aJnLrKDSnW_MOmcQ	ym 2010s late mb albums p2
Interlude: Talk Radio	Gorillaz	Humanz	INDIFFERENT	NqxwOURlvdQ	MPREb_ZHeJPKFJ464	UCNIV5B_aJnLrKDSnW_MOmcQ	ym 2010s late mb albums p2
Charger (feat. Grace Jones)	Gorillaz	Humanz	INDIFFERENT	15qFDdYTUFI	MPREb_ZHeJPKFJ464	UCNIV5B_aJnLrKDSnW_MOmcQ	ym 2010s late mb albums p2
When I Die	Gonjasufi	Callus	INDIFFERENT	JphgtON_xiU	MPREb_IpelqiiDQJD	UCkpe3pwk70x7WtXCd2Nsv2g	ym 2010s late mb albums p2
Vinaigrette	Gonjasufi	Callus	INDIFFERENT	1oxta4S-aDA	MPREb_IpelqiiDQJD	UCkpe3pwk70x7WtXCd2Nsv2g	ym 2010s late mb albums p2
The Kill	Gonjasufi	Callus	INDIFFERENT	64kIUojjW-o	MPREb_IpelqiiDQJD	UCkpe3pwk70x7WtXCd2Nsv2g	ym 2010s late mb albums p2
The Jinx	Gonjasufi	Callus	INDIFFERENT	tySP2X6U-yw	MPREb_IpelqiiDQJD	UCkpe3pwk70x7WtXCd2Nsv2g	ym 2010s late mb albums p2
The Conspiracy	Gonjasufi	Callus	INDIFFERENT	jMTSrbxPyfg	MPREb_IpelqiiDQJD	UCkpe3pwk70x7WtXCd2Nsv2g	ym 2010s late mb albums p2
Surfinfinity	Gonjasufi	Callus	INDIFFERENT	2snqZ3ilrpU	MPREb_IpelqiiDQJD	UCkpe3pwk70x7WtXCd2Nsv2g	ym 2010s late mb albums p2
Shakin Parasites	Gonjasufi	Callus	INDIFFERENT	FNvby0UMOHg	MPREb_IpelqiiDQJD	UCkpe3pwk70x7WtXCd2Nsv2g	ym 2010s late mb albums p2
Prints Of Sin	Gonjasufi	Callus	INDIFFERENT	bwIu5Gdjdtw	MPREb_IpelqiiDQJD	UCkpe3pwk70x7WtXCd2Nsv2g	ym 2010s late mb albums p2
Poltergeist	Gonjasufi	Callus	INDIFFERENT	kD14uGkr0j4	MPREb_IpelqiiDQJD	UCkpe3pwk70x7WtXCd2Nsv2g	ym 2010s late mb albums p2
Ole Man Sufferah	Gonjasufi	Callus	INDIFFERENT	Flrb12H7EyU	MPREb_IpelqiiDQJD	UCkpe3pwk70x7WtXCd2Nsv2g	ym 2010s late mb albums p2
Maniac Depressant	Gonjasufi	Callus	INDIFFERENT	5nVzhFoQeBo	MPREb_IpelqiiDQJD	UCkpe3pwk70x7WtXCd2Nsv2g	ym 2010s late mb albums p2
Last Nightmare	Gonjasufi	Callus	INDIFFERENT	jBH82wku0Yc	MPREb_IpelqiiDQJD	UCkpe3pwk70x7WtXCd2Nsv2g	ym 2010s late mb albums p2
Krishna Punk	Gonjasufi	Callus	INDIFFERENT	oW6n3xNODdM	MPREb_IpelqiiDQJD	UCkpe3pwk70x7WtXCd2Nsv2g	ym 2010s late mb albums p2
Greasemonkey	Gonjasufi	Callus	INDIFFERENT	gGMHNvhboo0	MPREb_IpelqiiDQJD	UCkpe3pwk70x7WtXCd2Nsv2g	ym 2010s late mb albums p2
Elephant Man	Gonjasufi	Callus	INDIFFERENT	WQXnrGhoo9c	MPREb_IpelqiiDQJD	UCkpe3pwk70x7WtXCd2Nsv2g	ym 2010s late mb albums p2
Devils	Gonjasufi	Callus	INDIFFERENT	-Dnx91dLgd4	MPREb_IpelqiiDQJD	UCkpe3pwk70x7WtXCd2Nsv2g	ym 2010s late mb albums p2
Carolyn Shadows	Gonjasufi	Callus	INDIFFERENT	AHpCjFITKA0	MPREb_IpelqiiDQJD	UCkpe3pwk70x7WtXCd2Nsv2g	ym 2010s late mb albums p2
Afrikan Spaceship	Gonjasufi	Callus	INDIFFERENT	VCZcd8cReX8	MPREb_IpelqiiDQJD	UCkpe3pwk70x7WtXCd2Nsv2g	ym 2010s late mb albums p2
Zodiac Black	Goldfrapp	Silver Eye (Deluxe Edition)	INDIFFERENT	w9iA_8VR7sc	MPREb_rjS1sD22m6G	UCsl-0-9ybysnOXQsMvm_7Lw	ym 2010s late mb albums p2
Tigerman	Goldfrapp	Silver Eye (Deluxe Edition)	INDIFFERENT	V8-RSgucBss	MPREb_rjS1sD22m6G	UCsl-0-9ybysnOXQsMvm_7Lw	ym 2010s late mb albums p2
Systemagic (Ralphi Rosario Lunar Eclipse Mix)	Goldfrapp	Silver Eye (Deluxe Edition)	INDIFFERENT	Htz0m6lbVIA	MPREb_rjS1sD22m6G	UCsl-0-9ybysnOXQsMvm_7Lw	ym 2010s late mb albums p2
Systemagic	Goldfrapp	Silver Eye (Deluxe Edition)	INDIFFERENT	SjLmkE50g2M	MPREb_rjS1sD22m6G	UCsl-0-9ybysnOXQsMvm_7Lw	ym 2010s late mb albums p2
Ocean (feat. Dave Gahan)	Goldfrapp	Silver Eye (Deluxe Edition)	INDIFFERENT	8SJY74B_63g	MPREb_rjS1sD22m6G	UCsl-0-9ybysnOXQsMvm_7Lw	ym 2010s late mb albums p2
Ocean	Goldfrapp	Silver Eye (Deluxe Edition)	INDIFFERENT	ZS4XpNf3nq4	MPREb_rjS1sD22m6G	UCsl-0-9ybysnOXQsMvm_7Lw	ym 2010s late mb albums p2
Moon In Your Mouth	Goldfrapp	Silver Eye (Deluxe Edition)	INDIFFERENT	Oga2kSmh8hw	MPREb_rjS1sD22m6G	UCsl-0-9ybysnOXQsMvm_7Lw	ym 2010s late mb albums p2
Faux Suede Drifter	Goldfrapp	Silver Eye (Deluxe Edition)	INDIFFERENT	UCXZe8RaHiE	MPREb_rjS1sD22m6G	UCsl-0-9ybysnOXQsMvm_7Lw	ym 2010s late mb albums p2
Everything Is Never Enough (Video Mix)	Goldfrapp	Silver Eye (Deluxe Edition)	INDIFFERENT	lOh4BtOXRak	MPREb_rjS1sD22m6G	UCsl-0-9ybysnOXQsMvm_7Lw	ym 2010s late mb albums p2
Everything Is Never Enough (Chris Liebing Burn Slow Remix)	Goldfrapp	Silver Eye (Deluxe Edition)	INDIFFERENT	UkJ_wH3ylcE	MPREb_rjS1sD22m6G	UCsl-0-9ybysnOXQsMvm_7Lw	ym 2010s late mb albums p2
Everything Is Never Enough	Goldfrapp	Silver Eye (Deluxe Edition)	INDIFFERENT	kLQyaulFThQ	MPREb_rjS1sD22m6G	UCsl-0-9ybysnOXQsMvm_7Lw	ym 2010s late mb albums p2
Become The One	Goldfrapp	Silver Eye (Deluxe Edition)	INDIFFERENT	kOp0rvXWZoc	MPREb_rjS1sD22m6G	UCsl-0-9ybysnOXQsMvm_7Lw	ym 2010s late mb albums p2
Beast That Never Was	Goldfrapp	Silver Eye (Deluxe Edition)	INDIFFERENT	McaAjQI5PYU	MPREb_rjS1sD22m6G	UCsl-0-9ybysnOXQsMvm_7Lw	ym 2010s late mb albums p2
Anymore (Will Gregory's Don't Stop Now Remix)	Goldfrapp	Silver Eye (Deluxe Edition)	INDIFFERENT	SGWOCnoVBSU	MPREb_rjS1sD22m6G	UCsl-0-9ybysnOXQsMvm_7Lw	ym 2010s late mb albums p2
Anymore (Whatever/Whatever Remix by Justin Strauss & Bryan Mette)	Goldfrapp	Silver Eye (Deluxe Edition)	INDIFFERENT	ZQGJfRW2j5Q	MPREb_rjS1sD22m6G	UCsl-0-9ybysnOXQsMvm_7Lw	ym 2010s late mb albums p2
Anymore (Ralphi Rosario Tek Vocal Mix)	Goldfrapp	Silver Eye (Deluxe Edition)	INDIFFERENT	he5IUun8cHI	MPREb_rjS1sD22m6G	UCsl-0-9ybysnOXQsMvm_7Lw	ym 2010s late mb albums p2
Anymore (Joe Goddard Remix)	Goldfrapp	Silver Eye (Deluxe Edition)	INDIFFERENT	QumS4Qg4jjM	MPREb_rjS1sD22m6G	UCsl-0-9ybysnOXQsMvm_7Lw	ym 2010s late mb albums p2
Anymore	Goldfrapp	Silver Eye (Deluxe Edition)	INDIFFERENT	ls8bR3QhElI	MPREb_rjS1sD22m6G	UCsl-0-9ybysnOXQsMvm_7Lw	ym 2010s late mb albums p2
Zipporah	GoldLink	And After That, We Didn't Talk	INDIFFERENT	BdbsaaCR5eU	MPREb_HBd4jMTikbF	UCYjJEXvzfS5Jif1Jj7sOvBQ	ym 2010s late mb albums p2
Unique (feat. Anderson .Paak)	GoldLink	And After That, We Didn't Talk	INDIFFERENT	IvlhUTbdrn8	MPREb_HBd4jMTikbF	UCYjJEXvzfS5Jif1Jj7sOvBQ	ym 2010s late mb albums p2
New Black	GoldLink	And After That, We Didn't Talk	INDIFFERENT	V0kv1W9iB5s	MPREb_HBd4jMTikbF	UCYjJEXvzfS5Jif1Jj7sOvBQ	ym 2010s late mb albums p2
Dance On Me	GoldLink	And After That, We Didn't Talk	INDIFFERENT	fZlCEBdk-nM	MPREb_HBd4jMTikbF	UCYjJEXvzfS5Jif1Jj7sOvBQ	ym 2010s late mb albums p2
After You Left	GoldLink	And After That, We Didn't Talk	INDIFFERENT	zTxw8xBWo1s	MPREb_HBd4jMTikbF	UCYjJEXvzfS5Jif1Jj7sOvBQ	ym 2010s late mb albums p2
Viper Fish	Goat Girl	Goat Girl	INDIFFERENT	JJAV7nkqmkU	MPREb_ngEfixJeVwh	UCKyIQ1Hw_w072i0pFi8J6Tg	ym 2010s late mb albums p2
Tomorrow	Goat Girl	Goat Girl	INDIFFERENT	7Hr_bGYOKJA	MPREb_ngEfixJeVwh	UCKyIQ1Hw_w072i0pFi8J6Tg	ym 2010s late mb albums p2
Throw Me a Bone	Goat Girl	Goat Girl	INDIFFERENT	VUnNOadx0Qg	MPREb_ngEfixJeVwh	UCKyIQ1Hw_w072i0pFi8J6Tg	ym 2010s late mb albums p2
The Man with No Heart or Brain	Goat Girl	Goat Girl	INDIFFERENT	v3LhOFzfWGU	MPREb_ngEfixJeVwh	UCKyIQ1Hw_w072i0pFi8J6Tg	ym 2010s late mb albums p2
The Man	Goat Girl	Goat Girl	INDIFFERENT	Hg7xpiYUpYo	MPREb_ngEfixJeVwh	UCKyIQ1Hw_w072i0pFi8J6Tg	ym 2010s late mb albums p2
Slowly Reclines	Goat Girl	Goat Girl	INDIFFERENT	nlu9yDVkN1I	MPREb_ngEfixJeVwh	UCKyIQ1Hw_w072i0pFi8J6Tg	ym 2010s late mb albums p2
Salty Sounds	Goat Girl	Goat Girl	INDIFFERENT	soi_kN2xQw8	MPREb_ngEfixJeVwh	UCKyIQ1Hw_w072i0pFi8J6Tg	ym 2010s late mb albums p2
Moonlit Monkey	Goat Girl	Goat Girl	INDIFFERENT	ejw1zsr_-1Y	MPREb_ngEfixJeVwh	UCKyIQ1Hw_w072i0pFi8J6Tg	ym 2010s late mb albums p2
Little Liar	Goat Girl	Goat Girl	INDIFFERENT	XeObs2IcvWI	MPREb_ngEfixJeVwh	UCKyIQ1Hw_w072i0pFi8J6Tg	ym 2010s late mb albums p2
Lay Down	Goat Girl	Goat Girl	INDIFFERENT	khW3hVozzi8	MPREb_ngEfixJeVwh	UCKyIQ1Hw_w072i0pFi8J6Tg	ym 2010s late mb albums p2
I Don't Care Part 2	Goat Girl	Goat Girl	INDIFFERENT	Gy6YucSlB0I	MPREb_ngEfixJeVwh	UCKyIQ1Hw_w072i0pFi8J6Tg	ym 2010s late mb albums p2
I Don't Care Part 1	Goat Girl	Goat Girl	INDIFFERENT	v_B6Fz62bHQ	MPREb_ngEfixJeVwh	UCKyIQ1Hw_w072i0pFi8J6Tg	ym 2010s late mb albums p2
Hank's Theme	Goat Girl	Goat Girl	INDIFFERENT	I9uSgHaNa-M	MPREb_ngEfixJeVwh	UCKyIQ1Hw_w072i0pFi8J6Tg	ym 2010s late mb albums p2
Dance of Dirty Leftovers	Goat Girl	Goat Girl	INDIFFERENT	-HkZIoL3wFw	MPREb_ngEfixJeVwh	UCKyIQ1Hw_w072i0pFi8J6Tg	ym 2010s late mb albums p2
Creep	Goat Girl	Goat Girl	INDIFFERENT	nfUWuI4Vy1A	MPREb_ngEfixJeVwh	UCKyIQ1Hw_w072i0pFi8J6Tg	ym 2010s late mb albums p2
Cracker Drool	Goat Girl	Goat Girl	INDIFFERENT	b0w6QRYaPwY	MPREb_ngEfixJeVwh	UCKyIQ1Hw_w072i0pFi8J6Tg	ym 2010s late mb albums p2
Country Sleaze	Goat Girl	Goat Girl	INDIFFERENT	HC0ACnHKbiw	MPREb_ngEfixJeVwh	UCKyIQ1Hw_w072i0pFi8J6Tg	ym 2010s late mb albums p2
Burn the Stake	Goat Girl	Goat Girl	INDIFFERENT	8MnZhDLuVis	MPREb_ngEfixJeVwh	UCKyIQ1Hw_w072i0pFi8J6Tg	ym 2010s late mb albums p2
A Swamp Dog's Tale	Goat Girl	Goat Girl	INDIFFERENT	ybk72uCUS4E	MPREb_ngEfixJeVwh	UCKyIQ1Hw_w072i0pFi8J6Tg	ym 2010s late mb albums p2
Solomon	Glue Trip	Glue Trip	INDIFFERENT	wWc4LjoklIw	MPREb_dbWeXQmJOOX	UCM34z9fp9NVQRJzsd2k8HYw	ym 2010s late mb albums p2
New Place to Start	Glue Trip	Glue Trip	INDIFFERENT	rvNmK5h2zVc	MPREb_dbWeXQmJOOX	UCM34z9fp9NVQRJzsd2k8HYw	ym 2010s late mb albums p2
Lucid Dream	Glue Trip	Glue Trip	INDIFFERENT	ZoCCE2NtwX8	MPREb_dbWeXQmJOOX	UCM34z9fp9NVQRJzsd2k8HYw	ym 2010s late mb albums p2
Birds Singing Lies	Glue Trip	Glue Trip	INDIFFERENT	OD9ffNHB40U	MPREb_dbWeXQmJOOX	UCM34z9fp9NVQRJzsd2k8HYw	ym 2010s late mb albums p2
Pools (Kwes. Rework)	Glass Animals	Remixes	INDIFFERENT	bwyLBlH8FFo	MPREb_DGohZmuB4xO	UCfeJiV0Xu-C4z4DApRcznig	ym 2010s late mb albums p2
Pools (Jackson And His Computer Band Remix)	Glass Animals	Remixes	INDIFFERENT	AthxA0iP9fM	MPREb_DGohZmuB4xO	UCfeJiV0Xu-C4z4DApRcznig	ym 2010s late mb albums p2
Hazey (Dark Sky Remix)	Glass Animals	Remixes	INDIFFERENT	LW2kNjUiQ5s	MPREb_DGohZmuB4xO	UCfeJiV0Xu-C4z4DApRcznig	ym 2010s late mb albums p2
Hazey (Boody Remix)	Glass Animals	Remixes	INDIFFERENT	w3X-71Xus4I	MPREb_DGohZmuB4xO	UCfeJiV0Xu-C4z4DApRcznig	ym 2010s late mb albums p2
Gooey Rework (feat. Chester Watson)	Glass Animals	Remixes	INDIFFERENT	Kv4s3ToV5z8	MPREb_DGohZmuB4xO	UCfeJiV0Xu-C4z4DApRcznig	ym 2010s late mb albums p2
Exxus (Patten Remix)	Glass Animals	Remixes	INDIFFERENT	DN7T3zApnCI	MPREb_DGohZmuB4xO	UCfeJiV0Xu-C4z4DApRcznig	ym 2010s late mb albums p2
Black Mambo (Zodiac Remix)	Glass Animals	Remixes	INDIFFERENT	PuZXq-Iux-M	MPREb_DGohZmuB4xO	UCfeJiV0Xu-C4z4DApRcznig	ym 2010s late mb albums p2
Agnes	Glass Animals	How To Be A Human Being	INDIFFERENT	Ri_JO6Bwf7Y	MPREb_VbkoX4NntnC	UCfeJiV0Xu-C4z4DApRcznig	ym 2010s late mb albums p2
Magnifying Glass	Girlpool	Before the World Was Big	INDIFFERENT	7sRu1YHjYpo	MPREb_CGL235YIQBw	UCFESNguQGpFMsDbMx51ExcQ	ym 2010s late mb albums p2
I Like That You Can See It	Girlpool	Before the World Was Big	INDIFFERENT	ir6Jev_6qgs	MPREb_CGL235YIQBw	UCFESNguQGpFMsDbMx51ExcQ	ym 2010s late mb albums p2
Emily	Girlpool	Before the World Was Big	INDIFFERENT	zxninqnU0Z8	MPREb_CGL235YIQBw	UCFESNguQGpFMsDbMx51ExcQ	ym 2010s late mb albums p2
Dear Nora	Girlpool	Before the World Was Big	INDIFFERENT	0xK6x5D5OkI	MPREb_CGL235YIQBw	UCFESNguQGpFMsDbMx51ExcQ	ym 2010s late mb albums p2
Crowded Stranger	Girlpool	Before the World Was Big	INDIFFERENT	PoSeApY_wfA	MPREb_CGL235YIQBw	UCFESNguQGpFMsDbMx51ExcQ	ym 2010s late mb albums p2
Cherry Picking	Girlpool	Before the World Was Big	INDIFFERENT	kiSYMOBWyeM	MPREb_CGL235YIQBw	UCFESNguQGpFMsDbMx51ExcQ	ym 2010s late mb albums p2
Before the World Was Big	Girlpool	Before the World Was Big	INDIFFERENT	TpfPT1LU840	MPREb_CGL235YIQBw	UCFESNguQGpFMsDbMx51ExcQ	ym 2010s late mb albums p2
The Hell That Is California	Girl Scout	Gaper	INDIFFERENT	_v8ESRhMkSU	MPREb_ESewmFJc8Fw	UCkBtfI7CSubCtrGf7HA7uIw	ym 2010s late mb albums p2
The Gum Show II	Girl Scout	Gaper	INDIFFERENT	TyoObVO516I	MPREb_ESewmFJc8Fw	UCkBtfI7CSubCtrGf7HA7uIw	ym 2010s late mb albums p2
Sweet Orange	Girl Scout	Gaper	INDIFFERENT	xAZcoQ1_Lz4	MPREb_ESewmFJc8Fw	UCkBtfI7CSubCtrGf7HA7uIw	ym 2010s late mb albums p2
Sucking Color from the Room	Girl Scout	Gaper	INDIFFERENT	PmCdEvDqKwQ	MPREb_ESewmFJc8Fw	UCkBtfI7CSubCtrGf7HA7uIw	ym 2010s late mb albums p2
Soaking Head	Girl Scout	Gaper	INDIFFERENT	8zLLjXg3W1g	MPREb_ESewmFJc8Fw	UCkBtfI7CSubCtrGf7HA7uIw	ym 2010s late mb albums p2
Rose Gold Conscience	Girl Scout	Gaper	INDIFFERENT	RX_Xt1P_kgM	MPREb_ESewmFJc8Fw	UCkBtfI7CSubCtrGf7HA7uIw	ym 2010s late mb albums p2
Green Machine Glow	Girl Scout	Gaper	INDIFFERENT	8uwYZnbTrkA	MPREb_ESewmFJc8Fw	UCkBtfI7CSubCtrGf7HA7uIw	ym 2010s late mb albums p2
Gaper (Outro)	Girl Scout	Gaper	INDIFFERENT	po4_8a_qqTg	MPREb_ESewmFJc8Fw	UCkBtfI7CSubCtrGf7HA7uIw	ym 2010s late mb albums p2
Gaper (Intro)	Girl Scout	Gaper	INDIFFERENT	ii0Zv5Xi2W4	MPREb_ESewmFJc8Fw	UCkBtfI7CSubCtrGf7HA7uIw	ym 2010s late mb albums p2
Clickbait	Girl Scout	Gaper	INDIFFERENT	gbOsajIl844	MPREb_ESewmFJc8Fw	UCkBtfI7CSubCtrGf7HA7uIw	ym 2010s late mb albums p2
A Unicorn	Girl Scout	Gaper	INDIFFERENT	BllBOLb5c_U	MPREb_ESewmFJc8Fw	UCkBtfI7CSubCtrGf7HA7uIw	ym 2010s late mb albums p2
Saigon Velour (feat. Snoop Dogg & E-40)	Ghostface Killah	The Lost Tapes	INDIFFERENT	fLZ5IiMpeDw	MPREb_F69GUkb2r1G	UC9BR9FK85Ez13EZ34Z5yZnw	ym 2010s late mb albums p2
Saigon Velour (Remix) (feat. Snoop Dogg, E-40 & Tricky)	Ghostface Killah	The Lost Tapes	INDIFFERENT	C11BkM0Udrc	MPREb_F69GUkb2r1G	UC9BR9FK85Ez13EZ34Z5yZnw	ym 2010s late mb albums p2
Reflections of C.R.E.A.M. (Interlude 2)	Ghostface Killah	The Lost Tapes	INDIFFERENT	bJhPyb89xkA	MPREb_F69GUkb2r1G	UC9BR9FK85Ez13EZ34Z5yZnw	ym 2010s late mb albums p2
Put the Ghostface On It (Interlude 1)	Ghostface Killah	The Lost Tapes	INDIFFERENT	ODrU02vuGz4	MPREb_F69GUkb2r1G	UC9BR9FK85Ez13EZ34Z5yZnw	ym 2010s late mb albums p2
Outroduction (feat. Michael Rapaport)	Ghostface Killah	The Lost Tapes	INDIFFERENT	7hJ4GxtQVQw	MPREb_F69GUkb2r1G	UC9BR9FK85Ez13EZ34Z5yZnw	ym 2010s late mb albums p2
Majestic Accolades (feat. Planet Asia & Hus KingPin)	Ghostface Killah	The Lost Tapes	INDIFFERENT	7xk_-VLRWXA	MPREb_F69GUkb2r1G	UC9BR9FK85Ez13EZ34Z5yZnw	ym 2010s late mb albums p2
Introduction (feat. Michael Rapaport)	Ghostface Killah	The Lost Tapes	INDIFFERENT	g9TTORwJr_g	MPREb_F69GUkb2r1G	UC9BR9FK85Ez13EZ34Z5yZnw	ym 2010s late mb albums p2
I Think I Saw a Ghost (feat. Reignwolf, Sheek Louch, Vic Spencer & Luke Holland)	Ghostface Killah	The Lost Tapes	INDIFFERENT	_m7jmVWed98	MPREb_F69GUkb2r1G	UC9BR9FK85Ez13EZ34Z5yZnw	ym 2010s late mb albums p2
Done It Again (feat. Big Daddy Kane, Cappadonna, Styliztik Jones & Harley)	Ghostface Killah	The Lost Tapes	INDIFFERENT	6o8sQIki68M	MPREb_F69GUkb2r1G	UC9BR9FK85Ez13EZ34Z5yZnw	ym 2010s late mb albums p2
Constant Struggle (feat. Killah Priest & Bishop Lamont)	Ghostface Killah	The Lost Tapes	INDIFFERENT	O-i46eaEve8	MPREb_F69GUkb2r1G	UC9BR9FK85Ez13EZ34Z5yZnw	ym 2010s late mb albums p2
Cold Crush (feat. La The Darkman, Ras Kass, Chris Rivers & Harley)	Ghostface Killah	The Lost Tapes	INDIFFERENT	-aLJFxclfrg	MPREb_F69GUkb2r1G	UC9BR9FK85Ez13EZ34Z5yZnw	ym 2010s late mb albums p2
Buckingham Palace (feat. Benny The Butcher, KXNG Crooked & 38 Spesh)	Ghostface Killah	The Lost Tapes	INDIFFERENT	pKfk7ofTUvc	MPREb_F69GUkb2r1G	UC9BR9FK85Ez13EZ34Z5yZnw	ym 2010s late mb albums p2
Rise Up (feat. Scarub)	Ghostface Killah	Adrian Younge Presents: Twelve Reasons To Die II	INDIFFERENT	385Zc0aXERc	MPREb_e7V3RazjvHI	UC9BR9FK85Ez13EZ34Z5yZnw	ym 2010s late mb albums p2
Rise Up (Instrumental)	Ghostface Killah	Adrian Younge Presents: Twelve Reasons To Die II	INDIFFERENT	MozAwJY6b_c	MPREb_e7V3RazjvHI	UC9BR9FK85Ez13EZ34Z5yZnw	ym 2010s late mb albums p2
Return of The Savage (feat. Raekwon & Rza)	Ghostface Killah	Adrian Younge Presents: Twelve Reasons To Die II	INDIFFERENT	jtFk-FIsdKI	MPREb_e7V3RazjvHI	UC9BR9FK85Ez13EZ34Z5yZnw	ym 2010s late mb albums p2
Return of The Savage (Instrumental)	Ghostface Killah	Adrian Younge Presents: Twelve Reasons To Die II	INDIFFERENT	y03ZQpxyK_8	MPREb_e7V3RazjvHI	UC9BR9FK85Ez13EZ34Z5yZnw	ym 2010s late mb albums p2
Resurrection Morning (feat. Raekwon & Bilal)	Ghostface Killah	Adrian Younge Presents: Twelve Reasons To Die II	INDIFFERENT	akBiWJlvsdI	MPREb_e7V3RazjvHI	UC9BR9FK85Ez13EZ34Z5yZnw	ym 2010s late mb albums p2
Resurrection Morning (Instrumental)	Ghostface Killah	Adrian Younge Presents: Twelve Reasons To Die II	INDIFFERENT	NykOg5kBBmw	MPREb_e7V3RazjvHI	UC9BR9FK85Ez13EZ34Z5yZnw	ym 2010s late mb albums p2
Powerful One (Instrumental)	Ghostface Killah	Adrian Younge Presents: Twelve Reasons To Die II	INDIFFERENT	3lZDH2-yX-Q	MPREb_e7V3RazjvHI	UC9BR9FK85Ez13EZ34Z5yZnw	ym 2010s late mb albums p2
Powerful One	Ghostface Killah	Adrian Younge Presents: Twelve Reasons To Die II	INDIFFERENT	Pt6cCPmS7kY	MPREb_e7V3RazjvHI	UC9BR9FK85Ez13EZ34Z5yZnw	ym 2010s late mb albums p2
Life’s A Rebirth (feat. Rza)	Ghostface Killah	Adrian Younge Presents: Twelve Reasons To Die II	INDIFFERENT	xeFQRbLexlw	MPREb_e7V3RazjvHI	UC9BR9FK85Ez13EZ34Z5yZnw	ym 2010s late mb albums p2
Life’s A Rebirth (Instrumental)	Ghostface Killah	Adrian Younge Presents: Twelve Reasons To Die II	INDIFFERENT	B-p0N220u1A	MPREb_e7V3RazjvHI	UC9BR9FK85Ez13EZ34Z5yZnw	ym 2010s late mb albums p2
Let The Record Spin (Interlude) (feat. Rza)	Ghostface Killah	Adrian Younge Presents: Twelve Reasons To Die II	INDIFFERENT	kdgSysnTKac	MPREb_e7V3RazjvHI	UC9BR9FK85Ez13EZ34Z5yZnw	ym 2010s late mb albums p2
Let The Record Spin (Instrumental)	Ghostface Killah	Adrian Younge Presents: Twelve Reasons To Die II	INDIFFERENT	WFhoAcRK_0o	MPREb_e7V3RazjvHI	UC9BR9FK85Ez13EZ34Z5yZnw	ym 2010s late mb albums p2
Let The Record Spin (Instrumental Interlude)	Ghostface Killah	Adrian Younge Presents: Twelve Reasons To Die II	INDIFFERENT	SCi0psNPjl8	MPREb_e7V3RazjvHI	UC9BR9FK85Ez13EZ34Z5yZnw	ym 2010s late mb albums p2
Get The Money (feat. Vince Staples)	Ghostface Killah	Adrian Younge Presents: Twelve Reasons To Die II	INDIFFERENT	lF9Ldj6xYdw	MPREb_e7V3RazjvHI	UC9BR9FK85Ez13EZ34Z5yZnw	ym 2010s late mb albums p2
Get The Money (Instrumental)	Ghostface Killah	Adrian Younge Presents: Twelve Reasons To Die II	INDIFFERENT	Gsi1PZGJ92g	MPREb_e7V3RazjvHI	UC9BR9FK85Ez13EZ34Z5yZnw	ym 2010s late mb albums p2
Death’s Invitation (feat. Scarub, Lyrics Born & Chino XL)	Ghostface Killah	Adrian Younge Presents: Twelve Reasons To Die II	INDIFFERENT	sslrfyERHZw	MPREb_e7V3RazjvHI	UC9BR9FK85Ez13EZ34Z5yZnw	ym 2010s late mb albums p2
Death’s Invitation (Interlude) (feat. Rza)	Ghostface Killah	Adrian Younge Presents: Twelve Reasons To Die II	INDIFFERENT	ZjO8mDl91ks	MPREb_e7V3RazjvHI	UC9BR9FK85Ez13EZ34Z5yZnw	ym 2010s late mb albums p2
Death’s Invitation (Instrumental)	Ghostface Killah	Adrian Younge Presents: Twelve Reasons To Die II	INDIFFERENT	xF4b6aJM7pM	MPREb_e7V3RazjvHI	UC9BR9FK85Ez13EZ34Z5yZnw	ym 2010s late mb albums p2
Death’s Invitation (Instrumental Interlude)	Ghostface Killah	Adrian Younge Presents: Twelve Reasons To Die II	INDIFFERENT	K3QFd4SW4bg	MPREb_e7V3RazjvHI	UC9BR9FK85Ez13EZ34Z5yZnw	ym 2010s late mb albums p2
Daily News (Instrumental)	Ghostface Killah	Adrian Younge Presents: Twelve Reasons To Die II	INDIFFERENT	ZJ5mblzYzkA	MPREb_e7V3RazjvHI	UC9BR9FK85Ez13EZ34Z5yZnw	ym 2010s late mb albums p2
Daily News	Ghostface Killah	Adrian Younge Presents: Twelve Reasons To Die II	INDIFFERENT	5m0fOSj27Ro	MPREb_e7V3RazjvHI	UC9BR9FK85Ez13EZ34Z5yZnw	ym 2010s late mb albums p2
Blackout (feat. Raekwon)	Ghostface Killah	Adrian Younge Presents: Twelve Reasons To Die II	INDIFFERENT	dUjje8yVROc	MPREb_e7V3RazjvHI	UC9BR9FK85Ez13EZ34Z5yZnw	ym 2010s late mb albums p2
Blackout (Instrumental)	Ghostface Killah	Adrian Younge Presents: Twelve Reasons To Die II	INDIFFERENT	1IKabUNFelE	MPREb_e7V3RazjvHI	UC9BR9FK85Ez13EZ34Z5yZnw	ym 2010s late mb albums p2
Witch Image	Ghost B.C.	Prequelle	INDIFFERENT	ymb-aG_lt9U	MPREb_4aGWeUG00dV	UC08qAR-kyTJb8Xjwbo6C7ZQ	ym 2010s late mb albums p2
See The Light	Ghost B.C.	Prequelle	INDIFFERENT	EQPgumd-v8g	MPREb_4aGWeUG00dV	UC08qAR-kyTJb8Xjwbo6C7ZQ	ym 2010s late mb albums p2
Rats	Ghost B.C.	Prequelle	INDIFFERENT	wwrsoQeh1Ig	MPREb_4aGWeUG00dV	UC08qAR-kyTJb8Xjwbo6C7ZQ	ym 2010s late mb albums p2
Pro Memoria	Ghost B.C.	Prequelle	INDIFFERENT	NPLFQpApMAg	MPREb_4aGWeUG00dV	UC08qAR-kyTJb8Xjwbo6C7ZQ	ym 2010s late mb albums p2
Miasma	Ghost B.C.	Prequelle	INDIFFERENT	BX335Z4esSU	MPREb_4aGWeUG00dV	UC08qAR-kyTJb8Xjwbo6C7ZQ	ym 2010s late mb albums p2
Life Eternal	Ghost B.C.	Prequelle	INDIFFERENT	LU6ZN_CJICo	MPREb_4aGWeUG00dV	UC08qAR-kyTJb8Xjwbo6C7ZQ	ym 2010s late mb albums p2
Helvetesfönster	Ghost B.C.	Prequelle	INDIFFERENT	qvzpodhuMrM	MPREb_4aGWeUG00dV	UC08qAR-kyTJb8Xjwbo6C7ZQ	ym 2010s late mb albums p2
Faith	Ghost B.C.	Prequelle	INDIFFERENT	t9QNheVWL_4	MPREb_4aGWeUG00dV	UC08qAR-kyTJb8Xjwbo6C7ZQ	ym 2010s late mb albums p2
Dance Macabre	Ghost B.C.	Prequelle	INDIFFERENT	ttY0vfyd-dI	MPREb_4aGWeUG00dV	UC08qAR-kyTJb8Xjwbo6C7ZQ	ym 2010s late mb albums p2
Ashes	Ghost B.C.	Prequelle	INDIFFERENT	XxyGT0B2cHU	MPREb_4aGWeUG00dV	UC08qAR-kyTJb8Xjwbo6C7ZQ	ym 2010s late mb albums p2
Spöksonat	Ghost	Meliora	INDIFFERENT	BgtrnmWmw6k	MPREb_9K6lcfd9ex2	UC08qAR-kyTJb8Xjwbo6C7ZQ	ym 2010s late mb albums p2
Spirit	Ghost	Meliora	INDIFFERENT	_gSsp7vasSA	MPREb_9K6lcfd9ex2	UC08qAR-kyTJb8Xjwbo6C7ZQ	ym 2010s late mb albums p2
Mummy Dust	Ghost	Meliora	INDIFFERENT	59NQdGJ0NNk	MPREb_9K6lcfd9ex2	UC08qAR-kyTJb8Xjwbo6C7ZQ	ym 2010s late mb albums p2
Majesty	Ghost	Meliora	INDIFFERENT	uwiTtI7vMgo	MPREb_9K6lcfd9ex2	UC08qAR-kyTJb8Xjwbo6C7ZQ	ym 2010s late mb albums p2
He Is	Ghost	Meliora	INDIFFERENT	6kofgyFREAY	MPREb_9K6lcfd9ex2	UC08qAR-kyTJb8Xjwbo6C7ZQ	ym 2010s late mb albums p2
Devil Church	Ghost	Meliora	INDIFFERENT	ztMdyMg6_VA	MPREb_9K6lcfd9ex2	UC08qAR-kyTJb8Xjwbo6C7ZQ	ym 2010s late mb albums p2
Cirice	Ghost	Meliora	INDIFFERENT	Rk21P1rIbyo	MPREb_9K6lcfd9ex2	UC08qAR-kyTJb8Xjwbo6C7ZQ	ym 2010s late mb albums p2
Absolution	Ghost	Meliora	INDIFFERENT	LxSosJjiNn8	MPREb_9K6lcfd9ex2	UC08qAR-kyTJb8Xjwbo6C7ZQ	ym 2010s late mb albums p2
Vaulted Ceiling, Painted Sky	Geotic	Abysma	INDIFFERENT	zF8xzJXxAiU	MPREb_ZdZhnUix4ee	UC9tsNLAp0wZgYzkrbxowBNQ	ym 2010s late mb albums p2
Valiance	Geotic	Abysma	INDIFFERENT	gH9dixzSvsc	MPREb_ZdZhnUix4ee	UC9tsNLAp0wZgYzkrbxowBNQ	ym 2010s late mb albums p2
Sunspell	Geotic	Abysma	INDIFFERENT	BR3SFLQVlA8	MPREb_ZdZhnUix4ee	UC9tsNLAp0wZgYzkrbxowBNQ	ym 2010s late mb albums p2
Perish Song	Geotic	Abysma	INDIFFERENT	9d4MzbTjIR4	MPREb_ZdZhnUix4ee	UC9tsNLAp0wZgYzkrbxowBNQ	ym 2010s late mb albums p2
Nav	Geotic	Abysma	INDIFFERENT	_Jad5LoTl98	MPREb_ZdZhnUix4ee	UC9tsNLAp0wZgYzkrbxowBNQ	ym 2010s late mb albums p2
Laura Corporeal	Geotic	Abysma	INDIFFERENT	ueOh_fWLKJU	MPREb_ZdZhnUix4ee	UC9tsNLAp0wZgYzkrbxowBNQ	ym 2010s late mb albums p2
Billionth Remnant	Geotic	Abysma	INDIFFERENT	7y0Nr9zO6hA	MPREb_ZdZhnUix4ee	UC9tsNLAp0wZgYzkrbxowBNQ	ym 2010s late mb albums p2
Actually Smiling	Geotic	Abysma	INDIFFERENT	PSmW9SQlwqw	MPREb_ZdZhnUix4ee	UC9tsNLAp0wZgYzkrbxowBNQ	ym 2010s late mb albums p2
Your Two Faces	George FitzGerald	Fading Love	INDIFFERENT	XJyEEiLeCtY	MPREb_h0v76JoUgzB	UCgaHJBQE83ayLzAVdcEypCg	ym 2010s late mb albums p2
The Waiting	George FitzGerald	Fading Love	INDIFFERENT	U-rOio4K7v8	MPREb_h0v76JoUgzB	UCgaHJBQE83ayLzAVdcEypCg	ym 2010s late mb albums p2
Miyajima	George FitzGerald	Fading Love	INDIFFERENT	viboLM2xXyo	MPREb_h0v76JoUgzB	UCgaHJBQE83ayLzAVdcEypCg	ym 2010s late mb albums p2
Crystallise	George FitzGerald	Fading Love	INDIFFERENT	AyRdGI_RZ0c	MPREb_h0v76JoUgzB	UCgaHJBQE83ayLzAVdcEypCg	ym 2010s late mb albums p2
Call It Love (If You Want To)	George FitzGerald	Fading Love	INDIFFERENT	OvWLDiJK8VY	MPREb_h0v76JoUgzB	UCgaHJBQE83ayLzAVdcEypCg	ym 2010s late mb albums p2
Beginning At The End	George FitzGerald	Fading Love	INDIFFERENT	3bxWSB-q3oY	MPREb_h0v76JoUgzB	UCgaHJBQE83ayLzAVdcEypCg	ym 2010s late mb albums p2
About Time	George FitzGerald	Fading Love	INDIFFERENT	FUzK7EH9CLI	MPREb_h0v76JoUgzB	UCgaHJBQE83ayLzAVdcEypCg	ym 2010s late mb albums p2
Nobody But You (feat. Hudson Scott)	George FitzGerald	All That Must Be	INDIFFERENT	6hrbYY2m41U	MPREb_ywVezT8CbVW	UCgaHJBQE83ayLzAVdcEypCg	ym 2010s late mb albums p2
Half-Light (Night Version)	George FitzGerald	All That Must Be	INDIFFERENT	NFRKszp9IPQ	MPREb_ywVezT8CbVW	UCgaHJBQE83ayLzAVdcEypCg	ym 2010s late mb albums p2
Polyphonic Raid (Mixed)	Genecom	Fabriclive 100: Kode9 & Burial (DJ Mix)	INDIFFERENT	SAqx9KDOMHI	MPREb_oTznNtUT8Si		ym 2010s late mb albums p2
Throne	Gazelle Twin	Pastoral	INDIFFERENT	q_1UQUg6rT0	MPREb_ihdT0mok5P1	UCG1EH81pCazFmLu2BegeXwQ	ym 2010s late mb albums p2
Tea Rooms	Gazelle Twin	Pastoral	INDIFFERENT	3TzX0y2WsFo	MPREb_ihdT0mok5P1	UCG1EH81pCazFmLu2BegeXwQ	ym 2010s late mb albums p2
Sunny Stories	Gazelle Twin	Pastoral	INDIFFERENT	RCOXyeCgXWY	MPREb_ihdT0mok5P1	UCG1EH81pCazFmLu2BegeXwQ	ym 2010s late mb albums p2
Over the Hills	Gazelle Twin	Pastoral	INDIFFERENT	h_Io5CDbXkM	MPREb_ihdT0mok5P1	UCG1EH81pCazFmLu2BegeXwQ	ym 2010s late mb albums p2
Mongrel	Gazelle Twin	Pastoral	INDIFFERENT	cBb2QIjX34Y	MPREb_ihdT0mok5P1	UCG1EH81pCazFmLu2BegeXwQ	ym 2010s late mb albums p2
Little Lambs	Gazelle Twin	Pastoral	INDIFFERENT	Us8f_nUBtaA	MPREb_ihdT0mok5P1	UCG1EH81pCazFmLu2BegeXwQ	ym 2010s late mb albums p2
Jerusalem	Gazelle Twin	Pastoral	INDIFFERENT	SICHNxGR5wY	MPREb_ihdT0mok5P1	UCG1EH81pCazFmLu2BegeXwQ	ym 2010s late mb albums p2
Hobby Horse	Gazelle Twin	Pastoral	INDIFFERENT	hdUWhF3LGRc	MPREb_ihdT0mok5P1	UCG1EH81pCazFmLu2BegeXwQ	ym 2010s late mb albums p2
Glory	Gazelle Twin	Pastoral	INDIFFERENT	CNL5XeRaMIU	MPREb_ihdT0mok5P1	UCG1EH81pCazFmLu2BegeXwQ	ym 2010s late mb albums p2
Dieu et mon droit	Gazelle Twin	Pastoral	INDIFFERENT	uQCIKM0gNVM	MPREb_ihdT0mok5P1	UCG1EH81pCazFmLu2BegeXwQ	ym 2010s late mb albums p2
Dance of the Peddlers	Gazelle Twin	Pastoral	INDIFFERENT	onbfki62PnU	MPREb_ihdT0mok5P1	UCG1EH81pCazFmLu2BegeXwQ	ym 2010s late mb albums p2
Better in My Day	Gazelle Twin	Pastoral	INDIFFERENT	7bps3fPuXQk	MPREb_ihdT0mok5P1	UCG1EH81pCazFmLu2BegeXwQ	ym 2010s late mb albums p2
The Anti-Self	Gangus	Anti-Self	INDIFFERENT	YAeXu8XYg2w	MPREb_yPh3xCrk8Jt	UCv7zzXDouW03F2dDDSKJkDg	ym 2010s late mb albums p2
Palo Santo (feat. Paint)	Gangus	Anti-Self	INDIFFERENT	NS2_RreZfoY	MPREb_yPh3xCrk8Jt	UCv7zzXDouW03F2dDDSKJkDg	ym 2010s late mb albums p2
On The Internet On Acid	Gangus	Anti-Self	INDIFFERENT	wpdgD5XLY3s	MPREb_yPh3xCrk8Jt	UCv7zzXDouW03F2dDDSKJkDg	ym 2010s late mb albums p2
I'm Broke	Gangus	Anti-Self	INDIFFERENT	zpm6nnfxit8	MPREb_yPh3xCrk8Jt	UCv7zzXDouW03F2dDDSKJkDg	ym 2010s late mb albums p2
Hypomania	Gangus	Anti-Self	INDIFFERENT	2Uh4s19CHsY	MPREb_yPh3xCrk8Jt	UCv7zzXDouW03F2dDDSKJkDg	ym 2010s late mb albums p2
Heavy Rotation	Gangus	Anti-Self	INDIFFERENT	x0TINAbJ2SQ	MPREb_yPh3xCrk8Jt	UCv7zzXDouW03F2dDDSKJkDg	ym 2010s late mb albums p2
Condensed Soup	Gangus	Anti-Self	INDIFFERENT	O30MNBDnMbE	MPREb_yPh3xCrk8Jt	UCv7zzXDouW03F2dDDSKJkDg	ym 2010s late mb albums p2
Bad Place	Gangus	Anti-Self	INDIFFERENT	WreL89XbrVQ	MPREb_yPh3xCrk8Jt	UCv7zzXDouW03F2dDDSKJkDg	ym 2010s late mb albums p2
BackDatBack	Gangus	Anti-Self	INDIFFERENT	WcnJ4bxywos	MPREb_yPh3xCrk8Jt	UCv7zzXDouW03F2dDDSKJkDg	ym 2010s late mb albums p2
The Sure Shot (Intro)	Gang Starr	One Of The Best Yet	INDIFFERENT	FhLwxgtO9lw	MPREb_CTnu04LHdQE	UCPN9k1RTnz3OxA3t8Dc5lCQ	ym 2010s late mb albums p2
Take Flight (Militia, Pt. 4) (feat. Big Shug & Freddie Foxxx)	Gang Starr	One Of The Best Yet	INDIFFERENT	tVMbd9jIyeQ	MPREb_CTnu04LHdQE	UCPN9k1RTnz3OxA3t8Dc5lCQ	ym 2010s late mb albums p2
So Many Rappers	Gang Starr	One Of The Best Yet	INDIFFERENT	sLp4UoTVEJ4	MPREb_CTnu04LHdQE	UCPN9k1RTnz3OxA3t8Dc5lCQ	ym 2010s late mb albums p2
One Of The Best Yet (Big Shug Interlude)	Gang Starr	One Of The Best Yet	INDIFFERENT	J1mr-H1tC-g	MPREb_CTnu04LHdQE	UCPN9k1RTnz3OxA3t8Dc5lCQ	ym 2010s late mb albums p2
NYGz/GS 183rd (Interlude)	Gang Starr	One Of The Best Yet	INDIFFERENT	KUtp7CcgaOs	MPREb_CTnu04LHdQE	UCPN9k1RTnz3OxA3t8Dc5lCQ	ym 2010s late mb albums p2
Lights Out (feat. M.O.P.)	Gang Starr	One Of The Best Yet	INDIFFERENT	2H_BeeQrcO8	MPREb_CTnu04LHdQE	UCPN9k1RTnz3OxA3t8Dc5lCQ	ym 2010s late mb albums p2
Keith Casim Elam (Interlude)	Gang Starr	One Of The Best Yet	INDIFFERENT	GnY1PiqGWT4	MPREb_CTnu04LHdQE	UCPN9k1RTnz3OxA3t8Dc5lCQ	ym 2010s late mb albums p2
Hit Man (feat. Q-Tip)	Gang Starr	One Of The Best Yet	INDIFFERENT	zXoX9-4icdo	MPREb_CTnu04LHdQE	UCPN9k1RTnz3OxA3t8Dc5lCQ	ym 2010s late mb albums p2
Get Together (feat. Ne-Yo & Nitty Scott)	Gang Starr	One Of The Best Yet	INDIFFERENT	EeNdzGoMYOk	MPREb_CTnu04LHdQE	UCPN9k1RTnz3OxA3t8Dc5lCQ	ym 2010s late mb albums p2
From A Distance (feat. Jeru The Damaja)	Gang Starr	One Of The Best Yet	INDIFFERENT	AQNOk1gFEzk	MPREb_CTnu04LHdQE	UCPN9k1RTnz3OxA3t8Dc5lCQ	ym 2010s late mb albums p2
Family and Loyalty (feat. J. Cole)	Gang Starr	One Of The Best Yet	INDIFFERENT	7Fkle1aUosY	MPREb_CTnu04LHdQE	UCPN9k1RTnz3OxA3t8Dc5lCQ	ym 2010s late mb albums p2
Business Or Art (feat. Talib Kweli)	Gang Starr	One Of The Best Yet	INDIFFERENT	RS0CY4q9K0M	MPREb_CTnu04LHdQE	UCPN9k1RTnz3OxA3t8Dc5lCQ	ym 2010s late mb albums p2
Bring It Back Here	Gang Starr	One Of The Best Yet	INDIFFERENT	j7OlXVYxS7c	MPREb_CTnu04LHdQE	UCPN9k1RTnz3OxA3t8Dc5lCQ	ym 2010s late mb albums p2
Bless The Mic	Gang Starr	One Of The Best Yet	INDIFFERENT	bNENsmdBmfE	MPREb_CTnu04LHdQE	UCPN9k1RTnz3OxA3t8Dc5lCQ	ym 2010s late mb albums p2
Young Boy (Marika in Amerika)	Gang Gang Dance	Kazuashita	INDIFFERENT	kHx8bwpOzPc	MPREb_QK6zj32NSN6	UCcPe5MP3I3pXmfrC7bmKCYA	ym 2010s late mb albums p2
Too Much, Too Soon	Gang Gang Dance	Kazuashita	INDIFFERENT	Uaqr0FjlUBE	MPREb_QK6zj32NSN6	UCcPe5MP3I3pXmfrC7bmKCYA	ym 2010s late mb albums p2
Snake Dub	Gang Gang Dance	Kazuashita	INDIFFERENT	aoro0XonTlM	MPREb_QK6zj32NSN6	UCcPe5MP3I3pXmfrC7bmKCYA	ym 2010s late mb albums p2
Salve on the Sorrow	Gang Gang Dance	Kazuashita	INDIFFERENT	rBYkmLEZROc	MPREb_QK6zj32NSN6	UCcPe5MP3I3pXmfrC7bmKCYA	ym 2010s late mb albums p2
Lotus	Gang Gang Dance	Kazuashita	INDIFFERENT	GOg31Ca35uM	MPREb_QK6zj32NSN6	UCcPe5MP3I3pXmfrC7bmKCYA	ym 2010s late mb albums p2
Kazuashita	Gang Gang Dance	Kazuashita	INDIFFERENT	Xs5B3U7Mlh4	MPREb_QK6zj32NSN6	UCcPe5MP3I3pXmfrC7bmKCYA	ym 2010s late mb albums p2
J-TREE	Gang Gang Dance	Kazuashita	INDIFFERENT	Zh6ZSGHKBFg	MPREb_QK6zj32NSN6	UCcPe5MP3I3pXmfrC7bmKCYA	ym 2010s late mb albums p2
( novae terrae )	Gang Gang Dance	Kazuashita	INDIFFERENT	oA8_FBtRkm0	MPREb_QK6zj32NSN6	UCcPe5MP3I3pXmfrC7bmKCYA	ym 2010s late mb albums p2
( infirma terrae )	Gang Gang Dance	Kazuashita	INDIFFERENT	YVNWei8Rjm4	MPREb_QK6zj32NSN6	UCcPe5MP3I3pXmfrC7bmKCYA	ym 2010s late mb albums p2
( birth canal )	Gang Gang Dance	Kazuashita	INDIFFERENT	itA9gNbaPVk	MPREb_QK6zj32NSN6	UCcPe5MP3I3pXmfrC7bmKCYA	ym 2010s late mb albums p2
Woken Furies	GUNSHIP	Dark All Day	INDIFFERENT	WFNqMHG6C24	MPREb_88G6BW3P0LU	UCQr3Q0ixJWZB3s3K-Y1fgRw	ym 2010s late mb albums p2
When You Grow Up, Your Heart Dies	GUNSHIP	Dark All Day	INDIFFERENT	z0gPmAyaWV4	MPREb_88G6BW3P0LU	UCQr3Q0ixJWZB3s3K-Y1fgRw	ym 2010s late mb albums p2
Time After Time	GUNSHIP	Dark All Day	INDIFFERENT	5GRn9jPpNAI	MPREb_88G6BW3P0LU	UCQr3Q0ixJWZB3s3K-Y1fgRw	ym 2010s late mb albums p2
Thrasher	GUNSHIP	Dark All Day	INDIFFERENT	3TTA7fCPTyA	MPREb_88G6BW3P0LU	UCQr3Q0ixJWZB3s3K-Y1fgRw	ym 2010s late mb albums p2
The Gates of Disorder	GUNSHIP	Dark All Day	INDIFFERENT	9DkXqdYBAxE	MPREb_88G6BW3P0LU	UCQr3Q0ixJWZB3s3K-Y1fgRw	ym 2010s late mb albums p2
The Drone Racing League	GUNSHIP	Dark All Day	INDIFFERENT	UvzcN5yv7rQ	MPREb_88G6BW3P0LU	UCQr3Q0ixJWZB3s3K-Y1fgRw	ym 2010s late mb albums p2
Symmetrical	GUNSHIP	Dark All Day	INDIFFERENT	vQYZ1vJYrEw	MPREb_88G6BW3P0LU	UCQr3Q0ixJWZB3s3K-Y1fgRw	ym 2010s late mb albums p2
Rise the Midnight Girl	GUNSHIP	Dark All Day	INDIFFERENT	QRpvJn0VzD8	MPREb_88G6BW3P0LU	UCQr3Q0ixJWZB3s3K-Y1fgRw	ym 2010s late mb albums p2
Honour Among Thieves	GUNSHIP	Dark All Day	INDIFFERENT	583N72r6ECQ	MPREb_88G6BW3P0LU	UCQr3Q0ixJWZB3s3K-Y1fgRw	ym 2010s late mb albums p2
Dark All Day (feat. Tim Cappello & Indiana)	GUNSHIP	Dark All Day	INDIFFERENT	zkclXkKaBKE	MPREb_88G6BW3P0LU	UCQr3Q0ixJWZB3s3K-Y1fgRw	ym 2010s late mb albums p2
Cyber City	GUNSHIP	Dark All Day	INDIFFERENT	MOQvUUYHvfg	MPREb_88G6BW3P0LU	UCQr3Q0ixJWZB3s3K-Y1fgRw	ym 2010s late mb albums p2
Black Blood Red Kiss (feat. Kat Von D)	GUNSHIP	Dark All Day	INDIFFERENT	I73-I5-g66U	MPREb_88G6BW3P0LU	UCQr3Q0ixJWZB3s3K-Y1fgRw	ym 2010s late mb albums p2
Art3mis & Parzival (feat. Stella Le Page)	GUNSHIP	Dark All Day	INDIFFERENT	mvH_JAUHIXg	MPREb_88G6BW3P0LU	UCQr3Q0ixJWZB3s3K-Y1fgRw	ym 2010s late mb albums p2
Trying My Best	GUM	The Underdog	INDIFFERENT	NGNj_GlTJCk	MPREb_KUctUeHnEmN	UC4FKlRxemR7reIi_vmmPjhw	ym 2010s late mb albums p2
The Fear	GUM	The Underdog	INDIFFERENT	7afQ4RmyyyA	MPREb_KUctUeHnEmN	UC4FKlRxemR7reIi_vmmPjhw	ym 2010s late mb albums p2
Serotonin	GUM	The Underdog	INDIFFERENT	Mfl3jUZY0HE	MPREb_KUctUeHnEmN	UC4FKlRxemR7reIi_vmmPjhw	ym 2010s late mb albums p2
S.I.A	GUM	The Underdog	INDIFFERENT	r1aPiECz1ec	MPREb_KUctUeHnEmN	UC4FKlRxemR7reIi_vmmPjhw	ym 2010s late mb albums p2
Rehearsed in a Dream	GUM	The Underdog	INDIFFERENT	wVO96P9hsh4	MPREb_KUctUeHnEmN	UC4FKlRxemR7reIi_vmmPjhw	ym 2010s late mb albums p2
Ubuntu	GOAT	Requiem	INDIFFERENT	X10sIQ5QEvQ	MPREb_fTNxr8B076C	UCQTdBEx7AMHAz6JNAuvl1Yw	ym 2010s late mb albums p2
Trouble in the Streets	GOAT	Requiem	INDIFFERENT	Ji2TEv-Bhxg	MPREb_fTNxr8B076C	UCQTdBEx7AMHAz6JNAuvl1Yw	ym 2010s late mb albums p2
Temple Rhythms	GOAT	Requiem	INDIFFERENT	NIgGh8TuTv4	MPREb_fTNxr8B076C	UCQTdBEx7AMHAz6JNAuvl1Yw	ym 2010s late mb albums p2
Psychedelic Lover	GOAT	Requiem	INDIFFERENT	JT3sM6It0Oo	MPREb_fTNxr8B076C	UCQTdBEx7AMHAz6JNAuvl1Yw	ym 2010s late mb albums p2
It's Not Me	GOAT	Requiem	INDIFFERENT	4Hg10c7nx2c	MPREb_fTNxr8B076C	UCQTdBEx7AMHAz6JNAuvl1Yw	ym 2010s late mb albums p2
I Sing in Silence	GOAT	Requiem	INDIFFERENT	C2y1O41J8rs	MPREb_fTNxr8B076C	UCQTdBEx7AMHAz6JNAuvl1Yw	ym 2010s late mb albums p2
Goodbye	GOAT	Requiem	INDIFFERENT	mfGxmhstAy0	MPREb_fTNxr8B076C	UCQTdBEx7AMHAz6JNAuvl1Yw	ym 2010s late mb albums p2
Goatband	GOAT	Requiem	INDIFFERENT	lDqRFvXql4k	MPREb_fTNxr8B076C	UCQTdBEx7AMHAz6JNAuvl1Yw	ym 2010s late mb albums p2
Djorolen/Union of Sun and Moon	GOAT	Requiem	INDIFFERENT	SS5H81DokLs	MPREb_fTNxr8B076C	UCQTdBEx7AMHAz6JNAuvl1Yw	ym 2010s late mb albums p2
All-Seeing Eye	GOAT	Requiem	INDIFFERENT	c_fMRR1C9Ko	MPREb_fTNxr8B076C	UCQTdBEx7AMHAz6JNAuvl1Yw	ym 2010s late mb albums p2
Alarms	GOAT	Requiem	INDIFFERENT	02SwvioRte4	MPREb_fTNxr8B076C	UCQTdBEx7AMHAz6JNAuvl1Yw	ym 2010s late mb albums p2
Rausch 7	GAS	Rausch	INDIFFERENT	Vi_JrEuJN5c	MPREb_h9GjlwTXoBG	UCFTdPOWyX3YC0nb2qFeWLOA	ym 2010s late mb albums p2
Rausch 6	GAS	Rausch	INDIFFERENT	n01VvQCxnos	MPREb_h9GjlwTXoBG	UCFTdPOWyX3YC0nb2qFeWLOA	ym 2010s late mb albums p2
Rausch 5	GAS	Rausch	INDIFFERENT	mnJRjEXRHng	MPREb_h9GjlwTXoBG	UCFTdPOWyX3YC0nb2qFeWLOA	ym 2010s late mb albums p2
Rausch 4	GAS	Rausch	INDIFFERENT	onzUg8Ai59E	MPREb_h9GjlwTXoBG	UCFTdPOWyX3YC0nb2qFeWLOA	ym 2010s late mb albums p2
Rausch 3	GAS	Rausch	INDIFFERENT	g7YCKkeBvFc	MPREb_h9GjlwTXoBG	UCFTdPOWyX3YC0nb2qFeWLOA	ym 2010s late mb albums p2
Rausch 2	GAS	Rausch	INDIFFERENT	op6uyl84Fs4	MPREb_h9GjlwTXoBG	UCFTdPOWyX3YC0nb2qFeWLOA	ym 2010s late mb albums p2
Rausch 1	GAS	Rausch	INDIFFERENT	lSc9llMazSc	MPREb_h9GjlwTXoBG	UCFTdPOWyX3YC0nb2qFeWLOA	ym 2010s late mb albums p2
Narkopop 9	GAS	Narkopop	INDIFFERENT	sE4OSpf5N54	MPREb_rK8yPLZYQpq	UCFTdPOWyX3YC0nb2qFeWLOA	ym 2010s late mb albums p2
Narkopop 7	GAS	Narkopop	INDIFFERENT	s6JHMG9Tnj8	MPREb_rK8yPLZYQpq	UCFTdPOWyX3YC0nb2qFeWLOA	ym 2010s late mb albums p2
Narkopop 6	GAS	Narkopop	INDIFFERENT	z5tYCsaFNro	MPREb_rK8yPLZYQpq	UCFTdPOWyX3YC0nb2qFeWLOA	ym 2010s late mb albums p2
Narkopop 4	GAS	Narkopop	INDIFFERENT	QsTzcdJDKiI	MPREb_rK8yPLZYQpq	UCFTdPOWyX3YC0nb2qFeWLOA	ym 2010s late mb albums p2
Narkopop 2	GAS	Narkopop	INDIFFERENT	JhIf0wlaOlc	MPREb_rK8yPLZYQpq	UCFTdPOWyX3YC0nb2qFeWLOA	ym 2010s late mb albums p2
Time Collapse II / The 7th Terror	Fuzz	II	INDIFFERENT	l_LXWZv9Fho	MPREb_YXLuTrpvifM	UCZ5wcF_rfHH6bgLejJjqFMw	ym 2010s late mb albums p2
Silent Sits the Dust Bowl	Fuzz	II	INDIFFERENT	tzKX_ertu9k	MPREb_YXLuTrpvifM	UCZ5wcF_rfHH6bgLejJjqFMw	ym 2010s late mb albums p2
Say Hello	Fuzz	II	INDIFFERENT	htpUR5AQl34	MPREb_YXLuTrpvifM	UCZ5wcF_rfHH6bgLejJjqFMw	ym 2010s late mb albums p2
Red Flag	Fuzz	II	INDIFFERENT	Ne5zmacID2A	MPREb_YXLuTrpvifM	UCZ5wcF_rfHH6bgLejJjqFMw	ym 2010s late mb albums p2
New Flesh	Fuzz	II	INDIFFERENT	twrwwZG_cR8	MPREb_YXLuTrpvifM	UCZ5wcF_rfHH6bgLejJjqFMw	ym 2010s late mb albums p2
Jack the Maggot	Fuzz	II	INDIFFERENT	1sdslwdOYDM	MPREb_YXLuTrpvifM	UCZ5wcF_rfHH6bgLejJjqFMw	ym 2010s late mb albums p2
II	Fuzz	II	INDIFFERENT	7wnmABNeSRc	MPREb_YXLuTrpvifM	UCZ5wcF_rfHH6bgLejJjqFMw	ym 2010s late mb albums p2
Bringer of Light	Fuzz	II	INDIFFERENT	qu6N7Jo8-lY	MPREb_YXLuTrpvifM	UCZ5wcF_rfHH6bgLejJjqFMw	ym 2010s late mb albums p2
Word Up	Futuristic & Devvon Terrell	Coast 2 Coast	INDIFFERENT	Z2XBXEiQsxc	MPREb_SgNLgpWIvIt	UCV3gaSSIQ84PlR6Bd0w6I1w	ym 2010s late mb albums p2
Uber to My Place	Futuristic & Devvon Terrell	Coast 2 Coast	INDIFFERENT	cavjJYpqIyw	MPREb_SgNLgpWIvIt	UCV3gaSSIQ84PlR6Bd0w6I1w	ym 2010s late mb albums p2
Lit	Futuristic & Devvon Terrell	Coast 2 Coast	INDIFFERENT	HXcXzOlKvF8	MPREb_SgNLgpWIvIt	UCV3gaSSIQ84PlR6Bd0w6I1w	ym 2010s late mb albums p2
I'm On	Futuristic & Devvon Terrell	Coast 2 Coast	INDIFFERENT	itl-rWeVTnE	MPREb_SgNLgpWIvIt	UCV3gaSSIQ84PlR6Bd0w6I1w	ym 2010s late mb albums p2
Co-Star	Futuristic & Devvon Terrell	Coast 2 Coast	INDIFFERENT	V961-_yHo3c	MPREb_SgNLgpWIvIt	UCV3gaSSIQ84PlR6Bd0w6I1w	ym 2010s late mb albums p2
Three	Future	SUPER SLIMEY	INDIFFERENT	p6Jxq8g0jMQ	MPREb_qxMLkgoEmN1	UC1_liDR4fRFJgH4HoJeV8cw	ym 2010s late mb albums p2
Patek Water (feat. Offset)	Future	SUPER SLIMEY	INDIFFERENT	IPfISW8DINc	MPREb_qxMLkgoEmN1	UC1_liDR4fRFJgH4HoJeV8cw	ym 2010s late mb albums p2
No Cap	Future	SUPER SLIMEY	INDIFFERENT	FwqqyGT4p50	MPREb_qxMLkgoEmN1	UC1_liDR4fRFJgH4HoJeV8cw	ym 2010s late mb albums p2
Mink Flow	Future	SUPER SLIMEY	INDIFFERENT	kA37iwUUTrM	MPREb_qxMLkgoEmN1	UC1_liDR4fRFJgH4HoJeV8cw	ym 2010s late mb albums p2
Group Home	Future	SUPER SLIMEY	INDIFFERENT	RLaVr4gGUlk	MPREb_qxMLkgoEmN1	UC1_liDR4fRFJgH4HoJeV8cw	ym 2010s late mb albums p2
Feed Me Dope	Future	SUPER SLIMEY	INDIFFERENT	ywy_--uDwZA	MPREb_qxMLkgoEmN1	UC1_liDR4fRFJgH4HoJeV8cw	ym 2010s late mb albums p2
Drip on Me	Future	SUPER SLIMEY	INDIFFERENT	tjpYt48o7QU	MPREb_qxMLkgoEmN1	UC1_liDR4fRFJgH4HoJeV8cw	ym 2010s late mb albums p2
All da Smoke	Future	SUPER SLIMEY	INDIFFERENT	X4gYa0z2_yE	MPREb_qxMLkgoEmN1	UC1_liDR4fRFJgH4HoJeV8cw	ym 2010s late mb albums p2
4 da Gang	Future	SUPER SLIMEY	INDIFFERENT	qONdYxA2JuI	MPREb_qxMLkgoEmN1	UC1_liDR4fRFJgH4HoJeV8cw	ym 2010s late mb albums p2
200	Future	SUPER SLIMEY	INDIFFERENT	BdLHvSbn4A4	MPREb_qxMLkgoEmN1	UC1_liDR4fRFJgH4HoJeV8cw	ym 2010s late mb albums p2
Trap Niggas	Future	Purple Reign	INDIFFERENT	p2PGXHPbm5k	MPREb_fsCaiNjgQ2h	UC1_liDR4fRFJgH4HoJeV8cw	ym 2010s late mb albums p2
Purple Reign Intro	Future	Purple Reign	INDIFFERENT	X73AkGsh0N0	MPREb_fsCaiNjgQ2h	UC1_liDR4fRFJgH4HoJeV8cw	ym 2010s late mb albums p2
Purple Coming In	Future	Purple Reign	INDIFFERENT	XVMpHUiJlts	MPREb_fsCaiNjgQ2h	UC1_liDR4fRFJgH4HoJeV8cw	ym 2010s late mb albums p2
No Compadre	Future	Purple Reign	INDIFFERENT	2WiPlC4jiD4	MPREb_fsCaiNjgQ2h	UC1_liDR4fRFJgH4HoJeV8cw	ym 2010s late mb albums p2
Free at Last	Future	Purple Reign	INDIFFERENT	3myt55-qVoE	MPREb_fsCaiNjgQ2h	UC1_liDR4fRFJgH4HoJeV8cw	ym 2010s late mb albums p2
Diamonds from Africa	Future	Purple Reign	INDIFFERENT	T1PsJvSNWTs	MPREb_fsCaiNjgQ2h	UC1_liDR4fRFJgH4HoJeV8cw	ym 2010s late mb albums p2
Da Fam on da Gram	Future	Purple Reign	INDIFFERENT	S34QMocW8u4	MPREb_fsCaiNjgQ2h	UC1_liDR4fRFJgH4HoJeV8cw	ym 2010s late mb albums p2
56 Nights	Future	Purple Reign	INDIFFERENT	X2MMNcX-Mk8	MPREb_fsCaiNjgQ2h	UC1_liDR4fRFJgH4HoJeV8cw	ym 2010s late mb albums p2
Zoom	Future	FUTURE	INDIFFERENT	eETCrJucaVU	MPREb_oj3xX6DIoZQ	UC1_liDR4fRFJgH4HoJeV8cw	ym 2010s late mb albums p2
When I Was Broke	Future	FUTURE	INDIFFERENT	EM0VNoiWJwo	MPREb_oj3xX6DIoZQ	UC1_liDR4fRFJgH4HoJeV8cw	ym 2010s late mb albums p2
Super Trapper	Future	FUTURE	INDIFFERENT	ZgMW_VrjZMc	MPREb_oj3xX6DIoZQ	UC1_liDR4fRFJgH4HoJeV8cw	ym 2010s late mb albums p2
Scrape	Future	FUTURE	INDIFFERENT	7_S0hUdX8Bc	MPREb_oj3xX6DIoZQ	UC1_liDR4fRFJgH4HoJeV8cw	ym 2010s late mb albums p2
Rent Money	Future	FUTURE	INDIFFERENT	YdESRJ5Ev6A	MPREb_oj3xX6DIoZQ	UC1_liDR4fRFJgH4HoJeV8cw	ym 2010s late mb albums p2
Poppin' Tags	Future	FUTURE	INDIFFERENT	2GD0r4DtP44	MPREb_oj3xX6DIoZQ	UC1_liDR4fRFJgH4HoJeV8cw	ym 2010s late mb albums p2
POA	Future	FUTURE	INDIFFERENT	T7zK1H1QoQQ	MPREb_oj3xX6DIoZQ	UC1_liDR4fRFJgH4HoJeV8cw	ym 2010s late mb albums p2
Outta Time	Future	FUTURE	INDIFFERENT	dY-3ZPJswgw	MPREb_oj3xX6DIoZQ	UC1_liDR4fRFJgH4HoJeV8cw	ym 2010s late mb albums p2
Might as Well	Future	FUTURE	INDIFFERENT	8r8Yh8XwSm4	MPREb_oj3xX6DIoZQ	UC1_liDR4fRFJgH4HoJeV8cw	ym 2010s late mb albums p2
Massage in My Room	Future	FUTURE	INDIFFERENT	dpgUfNjxa8M	MPREb_oj3xX6DIoZQ	UC1_liDR4fRFJgH4HoJeV8cw	ym 2010s late mb albums p2
I'm so Groovy	Future	FUTURE	INDIFFERENT	Et3p39bsEtE	MPREb_oj3xX6DIoZQ	UC1_liDR4fRFJgH4HoJeV8cw	ym 2010s late mb albums p2
High Demand	Future	FUTURE	INDIFFERENT	OqGpaW-YnH8	MPREb_oj3xX6DIoZQ	UC1_liDR4fRFJgH4HoJeV8cw	ym 2010s late mb albums p2
Good Dope	Future	FUTURE	INDIFFERENT	dZ08vYProv8	MPREb_oj3xX6DIoZQ	UC1_liDR4fRFJgH4HoJeV8cw	ym 2010s late mb albums p2
Flip	Future	FUTURE	INDIFFERENT	brHLcckJhyI	MPREb_oj3xX6DIoZQ	UC1_liDR4fRFJgH4HoJeV8cw	ym 2010s late mb albums p2
Feds Did a Sweep	Future	FUTURE	INDIFFERENT	QcN4P3qFznI	MPREb_oj3xX6DIoZQ	UC1_liDR4fRFJgH4HoJeV8cw	ym 2010s late mb albums p2
Draco	Future	FUTURE	INDIFFERENT	A9M4H9hK81Q	MPREb_oj3xX6DIoZQ	UC1_liDR4fRFJgH4HoJeV8cw	ym 2010s late mb albums p2
Seven Rings	Future	EVOL	INDIFFERENT	VeWD7tR5i20	MPREb_FbJ8p7WnPbb	UC1_liDR4fRFJgH4HoJeV8cw	ym 2010s late mb albums p2
Program	Future	EVOL	INDIFFERENT	Hm-2Kg7Djkk	MPREb_FbJ8p7WnPbb	UC1_liDR4fRFJgH4HoJeV8cw	ym 2010s late mb albums p2
Photo Copied	Future	EVOL	INDIFFERENT	E3C5mxwNiWw	MPREb_FbJ8p7WnPbb	UC1_liDR4fRFJgH4HoJeV8cw	ym 2010s late mb albums p2
Maybach	Future	EVOL	INDIFFERENT	GMnPJRgdVhg	MPREb_FbJ8p7WnPbb	UC1_liDR4fRFJgH4HoJeV8cw	ym 2010s late mb albums p2
Lil Haiti Baby	Future	EVOL	INDIFFERENT	D9vp7eSfmbc	MPREb_FbJ8p7WnPbb	UC1_liDR4fRFJgH4HoJeV8cw	ym 2010s late mb albums p2
In Her Mouth	Future	EVOL	INDIFFERENT	uq-3-UIhhiM	MPREb_FbJ8p7WnPbb	UC1_liDR4fRFJgH4HoJeV8cw	ym 2010s late mb albums p2
Fly Shit Only	Future	EVOL	INDIFFERENT	IMMrprklAPc	MPREb_FbJ8p7WnPbb	UC1_liDR4fRFJgH4HoJeV8cw	ym 2010s late mb albums p2
Ain't No Time	Future	EVOL	INDIFFERENT	urmfyMOv8DQ	MPREb_FbJ8p7WnPbb	UC1_liDR4fRFJgH4HoJeV8cw	ym 2010s late mb albums p2
Where Ya At (feat. Drake)	Future	DS2 (Deluxe)	INDIFFERENT	-gK75ywpeYk	MPREb_woo1TLsv5SE	UC1_liDR4fRFJgH4HoJeV8cw	ym 2010s late mb albums p2
Trap Niggas	Future	DS2 (Deluxe)	INDIFFERENT	Nb_yknZaw2Y	MPREb_woo1TLsv5SE	UC1_liDR4fRFJgH4HoJeV8cw	ym 2010s late mb albums p2
Stick Talk	Future	DS2 (Deluxe)	INDIFFERENT	AuaXmo12hAc	MPREb_woo1TLsv5SE	UC1_liDR4fRFJgH4HoJeV8cw	ym 2010s late mb albums p2
Slave Master	Future	DS2 (Deluxe)	INDIFFERENT	FZuYPi6X1do	MPREb_woo1TLsv5SE	UC1_liDR4fRFJgH4HoJeV8cw	ym 2010s late mb albums p2
Rotation	Future	DS2 (Deluxe)	INDIFFERENT	wV1dQkEC1es	MPREb_woo1TLsv5SE	UC1_liDR4fRFJgH4HoJeV8cw	ym 2010s late mb albums p2
Rich $ex	Future	DS2 (Deluxe)	INDIFFERENT	snJgyMeaYP0	MPREb_woo1TLsv5SE	UC1_liDR4fRFJgH4HoJeV8cw	ym 2010s late mb albums p2
Real Sisters	Future	DS2 (Deluxe)	INDIFFERENT	05D8kqT9wck	MPREb_woo1TLsv5SE	UC1_liDR4fRFJgH4HoJeV8cw	ym 2010s late mb albums p2
Lil One	Future	DS2 (Deluxe)	INDIFFERENT	Uv4LD00r4CI	MPREb_woo1TLsv5SE	UC1_liDR4fRFJgH4HoJeV8cw	ym 2010s late mb albums p2
Kno the Meaning	Future	DS2 (Deluxe)	INDIFFERENT	IFTNCqwynRw	MPREb_woo1TLsv5SE	UC1_liDR4fRFJgH4HoJeV8cw	ym 2010s late mb albums p2
I Serve the Base	Future	DS2 (Deluxe)	INDIFFERENT	y3hs-vv6Cf0	MPREb_woo1TLsv5SE	UC1_liDR4fRFJgH4HoJeV8cw	ym 2010s late mb albums p2
Groupies	Future	DS2 (Deluxe)	INDIFFERENT	hwVs4-IgvFg	MPREb_woo1TLsv5SE	UC1_liDR4fRFJgH4HoJeV8cw	ym 2010s late mb albums p2
Fuck Up Some Commas	Future	DS2 (Deluxe)	INDIFFERENT	a1DK2VdM75k	MPREb_woo1TLsv5SE	UC1_liDR4fRFJgH4HoJeV8cw	ym 2010s late mb albums p2
Freak Hoe	Future	DS2 (Deluxe)	INDIFFERENT	ZVXcH_UIub0	MPREb_woo1TLsv5SE	UC1_liDR4fRFJgH4HoJeV8cw	ym 2010s late mb albums p2
Colossal	Future	DS2 (Deluxe)	INDIFFERENT	GugtgL87Y9k	MPREb_woo1TLsv5SE	UC1_liDR4fRFJgH4HoJeV8cw	ym 2010s late mb albums p2
Blow a Bag	Future	DS2 (Deluxe)	INDIFFERENT	o1cl1txf1qU	MPREb_woo1TLsv5SE	UC1_liDR4fRFJgH4HoJeV8cw	ym 2010s late mb albums p2
Tree of Life	Funeral Suits	Islands Apart	INDIFFERENT	u9Np_VEMsqI	MPREb_dcYT0tunOdR	UCEZWJ-CDrw896WcXZ32i11g	ym 2010s late mb albums p2
The Way Back	Funeral Suits	Islands Apart	INDIFFERENT	QLRVo4YtIt8	MPREb_dcYT0tunOdR	UCEZWJ-CDrw896WcXZ32i11g	ym 2010s late mb albums p2
The Pounding of Hearts	Funeral Suits	Islands Apart	INDIFFERENT	V9-mwRX9s58	MPREb_dcYT0tunOdR	UCEZWJ-CDrw896WcXZ32i11g	ym 2010s late mb albums p2
Temple	Funeral Suits	Islands Apart	INDIFFERENT	5IZL9iSis5Q	MPREb_dcYT0tunOdR	UCEZWJ-CDrw896WcXZ32i11g	ym 2010s late mb albums p2
Tangle	Funeral Suits	Islands Apart	INDIFFERENT	NK6TNQXGoHQ	MPREb_dcYT0tunOdR	UCEZWJ-CDrw896WcXZ32i11g	ym 2010s late mb albums p2
Slow Motion	Funeral Suits	Islands Apart	INDIFFERENT	Ee0u9lm4Q-I	MPREb_dcYT0tunOdR	UCEZWJ-CDrw896WcXZ32i11g	ym 2010s late mb albums p2
Kicks	Funeral Suits	Islands Apart	INDIFFERENT	SSVy1CjrDPo	MPREb_dcYT0tunOdR	UCEZWJ-CDrw896WcXZ32i11g	ym 2010s late mb albums p2
Free Fields	Funeral Suits	Islands Apart	INDIFFERENT	YUzsd3KgB0o	MPREb_dcYT0tunOdR	UCEZWJ-CDrw896WcXZ32i11g	ym 2010s late mb albums p2
Crowded Out	Funeral Suits	Islands Apart	INDIFFERENT	0JJlkpF4Nwk	MPREb_dcYT0tunOdR	UCEZWJ-CDrw896WcXZ32i11g	ym 2010s late mb albums p2
Chariot	Funeral Suits	Islands Apart	INDIFFERENT	KADOKSWITu0	MPREb_dcYT0tunOdR	UCEZWJ-CDrw896WcXZ32i11g	ym 2010s late mb albums p2
Breathlessly Waiting	Funeral Suits	Islands Apart	INDIFFERENT	QzycgjviRH0	MPREb_dcYT0tunOdR	UCEZWJ-CDrw896WcXZ32i11g	ym 2010s late mb albums p2
Turn It Off	Froth	Bleak	INDIFFERENT	PtBRUTEzYBY	MPREb_5MJZtWEiHWH	UC07KISmM9WHrT6pwPZHOvow	ym 2010s late mb albums p2
Sleep Alone	Froth	Bleak	INDIFFERENT	lOxByxGFB3E	MPREb_5MJZtWEiHWH	UC07KISmM9WHrT6pwPZHOvow	ym 2010s late mb albums p2
Postcard Radio	Froth	Bleak	INDIFFERENT	gciXHN8aOqQ	MPREb_5MJZtWEiHWH	UC07KISmM9WHrT6pwPZHOvow	ym 2010s late mb albums p2
On My Chest	Froth	Bleak	INDIFFERENT	3mBbBRCTsgo	MPREb_5MJZtWEiHWH	UC07KISmM9WHrT6pwPZHOvow	ym 2010s late mb albums p2
Bleak	Froth	Bleak	INDIFFERENT	_mf0vk_6GIo	MPREb_5MJZtWEiHWH	UC07KISmM9WHrT6pwPZHOvow	ym 2010s late mb albums p2
Afternoon	Froth	Bleak	INDIFFERENT	_lB_GwMCeNc	MPREb_5MJZtWEiHWH	UC07KISmM9WHrT6pwPZHOvow	ym 2010s late mb albums p2
The Lift (Mixed)	Friends Lovers & Family	Fabriclive 100: Kode9 & Burial (DJ Mix)	INDIFFERENT	iZGGFQKQTis	MPREb_oTznNtUT8Si		ym 2010s late mb albums p2
Touch The Stars (feat. Sarah Rebecca)	French 79	Joshua	INDIFFERENT	tm2noe0OeYc	MPREb_1eqiCznGJWX	UC2IsGMjDoczl1h-EQZToIZg	ym 2010s late mb albums p2
The Remedy	French 79	Joshua	INDIFFERENT	hT73Hh87a-w	MPREb_1eqiCznGJWX	UC2IsGMjDoczl1h-EQZToIZg	ym 2010s late mb albums p2
Sailing	French 79	Joshua	INDIFFERENT	Ao_wjhRfIGA	MPREb_1eqiCznGJWX	UC2IsGMjDoczl1h-EQZToIZg	ym 2010s late mb albums p2
Quartz	French 79	Joshua	INDIFFERENT	lz2kFOpZsJw	MPREb_1eqiCznGJWX	UC2IsGMjDoczl1h-EQZToIZg	ym 2010s late mb albums p2
Panavision	French 79	Joshua	INDIFFERENT	9geBCUW-pgQ	MPREb_1eqiCznGJWX	UC2IsGMjDoczl1h-EQZToIZg	ym 2010s late mb albums p2
Louise and Thelma	French 79	Joshua	INDIFFERENT	4uX_0POnFw4	MPREb_1eqiCznGJWX	UC2IsGMjDoczl1h-EQZToIZg	ym 2010s late mb albums p2
Joshua	French 79	Joshua	INDIFFERENT	Ntp74TkV27Q	MPREb_1eqiCznGJWX	UC2IsGMjDoczl1h-EQZToIZg	ym 2010s late mb albums p2
Hold On	French 79	Joshua	INDIFFERENT	IrqpM61C_Tk	MPREb_1eqiCznGJWX	UC2IsGMjDoczl1h-EQZToIZg	ym 2010s late mb albums p2
Code Zero	French 79	Joshua	INDIFFERENT	X10VXDmQeHA	MPREb_1eqiCznGJWX	UC2IsGMjDoczl1h-EQZToIZg	ym 2010s late mb albums p2
By Your Side (feat. Sarah Rebecca)	French 79	Joshua	INDIFFERENT	8l8aQ13ACNU	MPREb_1eqiCznGJWX	UC2IsGMjDoczl1h-EQZToIZg	ym 2010s late mb albums p2
4807	French 79	Joshua	INDIFFERENT	Mk4tmDsSN2k	MPREb_1eqiCznGJWX	UC2IsGMjDoczl1h-EQZToIZg	ym 2010s late mb albums p2
The Rivington (feat. Conway, Westside Gunn & Joyce Wrice)	Free Nationals	Free Nationals	INDIFFERENT	wbttJ2x4P6M	MPREb_ydgn99Hhkax	UC5Hd1WkaGt-WM4uxe3O3_Qg	ym 2010s late mb albums p2
Shibuya (feat. Syd)	Free Nationals	Free Nationals	INDIFFERENT	O-_8sVJJtJs	MPREb_ydgn99Hhkax	UC5Hd1WkaGt-WM4uxe3O3_Qg	ym 2010s late mb albums p2
RENE (feat. Callum Connor)	Free Nationals	Free Nationals	INDIFFERENT	CZjGIZKA78E	MPREb_ydgn99Hhkax	UC5Hd1WkaGt-WM4uxe3O3_Qg	ym 2010s late mb albums p2
Oslo (feat. Callum Connor & T.Nava)	Free Nationals	Free Nationals	INDIFFERENT	_6vs1PiQKf4	MPREb_ydgn99Hhkax	UC5Hd1WkaGt-WM4uxe3O3_Qg	ym 2010s late mb albums p2
Obituaries (feat. Shafiq Husayn)	Free Nationals	Free Nationals	INDIFFERENT	ReIHV23qnnU	MPREb_ydgn99Hhkax	UC5Hd1WkaGt-WM4uxe3O3_Qg	ym 2010s late mb albums p2
Gidget (feat. Anderson .Paak & T.Nava)	Free Nationals	Free Nationals	INDIFFERENT	Ycwdl2M9F-I	MPREb_ydgn99Hhkax	UC5Hd1WkaGt-WM4uxe3O3_Qg	ym 2010s late mb albums p2
Cut Me a Break (feat. T.I.)	Free Nationals	Free Nationals	INDIFFERENT	9yFKoEeT8L4	MPREb_ydgn99Hhkax	UC5Hd1WkaGt-WM4uxe3O3_Qg	ym 2010s late mb albums p2
Beauty & Essex (feat. Daniel Caesar & Unknown Mortal Orchestra)	Free Nationals	Free Nationals	INDIFFERENT	5oVpO81LKYk	MPREb_ydgn99Hhkax	UC5Hd1WkaGt-WM4uxe3O3_Qg	ym 2010s late mb albums p2
Apartment (feat. Benny Sings)	Free Nationals	Free Nationals	INDIFFERENT	0OMjaEvsA04	MPREb_ydgn99Hhkax	UC5Hd1WkaGt-WM4uxe3O3_Qg	ym 2010s late mb albums p2
Pronto	Freddie Gibbs	Shadow of a Doubt	INDIFFERENT	mMq9Xl6uNxQ	MPREb_bcnaiMsJO2x	UCTwMinUabRPEhNiMP9wgXAA	ym 2010s late mb albums p2
Lately	Freddie Gibbs	Shadow of a Doubt	INDIFFERENT	H0vpPrHOX_E	MPREb_bcnaiMsJO2x	UCTwMinUabRPEhNiMP9wgXAA	ym 2010s late mb albums p2
Freddie Gordy	Freddie Gibbs	Shadow of a Doubt	INDIFFERENT	RYbq3a3Q9r8	MPREb_bcnaiMsJO2x	UCTwMinUabRPEhNiMP9wgXAA	ym 2010s late mb albums p2
Weight	Freddie Gibbs	Freddie	INDIFFERENT	5McDktuzVos	MPREb_RWhPAaHZebH	UCTwMinUabRPEhNiMP9wgXAA	ym 2010s late mb albums p2
Toe Tag	Freddie Gibbs	Freddie	INDIFFERENT	SDTqbbEjKNs	MPREb_RWhPAaHZebH	UCTwMinUabRPEhNiMP9wgXAA	ym 2010s late mb albums p2
FLFM (Interlude)	Freddie Gibbs	Freddie	INDIFFERENT	tS05NiCRdY0	MPREb_RWhPAaHZebH	UCTwMinUabRPEhNiMP9wgXAA	ym 2010s late mb albums p2
FBC	Freddie Gibbs	Freddie	INDIFFERENT	xLyLggO9Cq8	MPREb_RWhPAaHZebH	UCTwMinUabRPEhNiMP9wgXAA	ym 2010s late mb albums p2
Diamonds 2 (feat. Cassie Jo Craig & Irie Jane Gibbs)	Freddie Gibbs	Freddie	INDIFFERENT	0lnREyIf9Z0	MPREb_RWhPAaHZebH	UCTwMinUabRPEhNiMP9wgXAA	ym 2010s late mb albums p2
Death Row (feat. 03 Greedo)	Freddie Gibbs	Freddie	INDIFFERENT	wEyMeD7xoQA	MPREb_RWhPAaHZebH	UCTwMinUabRPEhNiMP9wgXAA	ym 2010s late mb albums p2
Automatic	Freddie Gibbs	Freddie	INDIFFERENT	8vcl-xsE_SI	MPREb_RWhPAaHZebH	UCTwMinUabRPEhNiMP9wgXAA	ym 2010s late mb albums p2
2 Legit	Freddie Gibbs	Freddie	INDIFFERENT	Jf2yOJ8_qAw	MPREb_RWhPAaHZebH	UCTwMinUabRPEhNiMP9wgXAA	ym 2010s late mb albums p2
Soul Right	Freddie Gibbs	Bandana	INDIFFERENT	C4EtbTDv9dA	MPREb_dlfTIgBbcMc	UCTwMinUabRPEhNiMP9wgXAA	ym 2010s late mb albums p2
Obrigado	Freddie Gibbs	Bandana	INDIFFERENT	2d1RBQ8C6sQ	MPREb_dlfTIgBbcMc	UCTwMinUabRPEhNiMP9wgXAA	ym 2010s late mb albums p2
Massage Seats	Freddie Gibbs	Bandana	INDIFFERENT	Jid7T-tsd-Q	MPREb_dlfTIgBbcMc	UCTwMinUabRPEhNiMP9wgXAA	ym 2010s late mb albums p2
Freestyle Shit	Freddie Gibbs	Bandana	INDIFFERENT	_ll29Z_mhiw	MPREb_dlfTIgBbcMc	UCTwMinUabRPEhNiMP9wgXAA	ym 2010s late mb albums p2
Flat Tummy Tea	Freddie Gibbs	Bandana	INDIFFERENT	4IqRURA1d7A	MPREb_dlfTIgBbcMc	UCTwMinUabRPEhNiMP9wgXAA	ym 2010s late mb albums p2
Cataracts	Freddie Gibbs	Bandana	INDIFFERENT	opvijow36RU	MPREb_dlfTIgBbcMc	UCTwMinUabRPEhNiMP9wgXAA	ym 2010s late mb albums p2
Work	Frankie and the Witch Fingers	ZAM	INDIFFERENT	w58n2FH4E70	MPREb_yRnZimhXB56	UCtv_kjZLUfvcTdbxXj-HDyw	ym 2010s late mb albums p2
Underneath You	Frankie and the Witch Fingers	ZAM	INDIFFERENT	jZxZW_2tUb4	MPREb_yRnZimhXB56	UCtv_kjZLUfvcTdbxXj-HDyw	ym 2010s late mb albums p2
Purple Velvet	Frankie and the Witch Fingers	ZAM	INDIFFERENT	MzXxdT5BKYA	MPREb_yRnZimhXB56	UCtv_kjZLUfvcTdbxXj-HDyw	ym 2010s late mb albums p2
I Am	Frankie and the Witch Fingers	ZAM	INDIFFERENT	lEf0Zw43Vfo	MPREb_yRnZimhXB56	UCtv_kjZLUfvcTdbxXj-HDyw	ym 2010s late mb albums p2
Head Collector	Frankie and the Witch Fingers	ZAM	INDIFFERENT	G9a1CTfoEj4	MPREb_yRnZimhXB56	UCtv_kjZLUfvcTdbxXj-HDyw	ym 2010s late mb albums p2
Dracula Drug	Frankie and the Witch Fingers	ZAM	INDIFFERENT	G7iX3s67Zps	MPREb_yRnZimhXB56	UCtv_kjZLUfvcTdbxXj-HDyw	ym 2010s late mb albums p2
Dark Sorcerer	Frankie and the Witch Fingers	ZAM	INDIFFERENT	B2MOaasrYEI	MPREb_yRnZimhXB56	UCtv_kjZLUfvcTdbxXj-HDyw	ym 2010s late mb albums p2
Cobwebs	Frankie and the Witch Fingers	ZAM	INDIFFERENT	rPxvsWUJpE8	MPREb_yRnZimhXB56	UCtv_kjZLUfvcTdbxXj-HDyw	ym 2010s late mb albums p2
Vessel	Frankie Cosmos	Vessel	INDIFFERENT	lbX0wvdJJhA	MPREb_WUCJkKhIEL5	UCaO0_wxK62ldnVYyzriD7iA	ym 2010s late mb albums p2
Ur Up	Frankie Cosmos	Vessel	INDIFFERENT	0duxuYLjCDo	MPREb_WUCJkKhIEL5	UCaO0_wxK62ldnVYyzriD7iA	ym 2010s late mb albums p2
This Stuff	Frankie Cosmos	Vessel	INDIFFERENT	JmwlBv-178A	MPREb_WUCJkKhIEL5	UCaO0_wxK62ldnVYyzriD7iA	ym 2010s late mb albums p2
The End	Frankie Cosmos	Vessel	INDIFFERENT	QL2hDjhVx7I	MPREb_WUCJkKhIEL5	UCaO0_wxK62ldnVYyzriD7iA	ym 2010s late mb albums p2
Same Thing	Frankie Cosmos	Vessel	INDIFFERENT	WzOKZzM3Un0	MPREb_WUCJkKhIEL5	UCaO0_wxK62ldnVYyzriD7iA	ym 2010s late mb albums p2
My Phone	Frankie Cosmos	Vessel	INDIFFERENT	_2ulBec9vec	MPREb_WUCJkKhIEL5	UCaO0_wxK62ldnVYyzriD7iA	ym 2010s late mb albums p2
Jesse	Frankie Cosmos	Vessel	INDIFFERENT	dUwZJoGreeI	MPREb_WUCJkKhIEL5	UCaO0_wxK62ldnVYyzriD7iA	ym 2010s late mb albums p2
I'm Fried	Frankie Cosmos	Vessel	INDIFFERENT	a9gn3a3sDZ4	MPREb_WUCJkKhIEL5	UCaO0_wxK62ldnVYyzriD7iA	ym 2010s late mb albums p2
Hereby	Frankie Cosmos	Vessel	INDIFFERENT	3RILg2UdgRg	MPREb_WUCJkKhIEL5	UCaO0_wxK62ldnVYyzriD7iA	ym 2010s late mb albums p2
Caramelize	Frankie Cosmos	Vessel	INDIFFERENT	Lr2prHKGquE	MPREb_WUCJkKhIEL5	UCaO0_wxK62ldnVYyzriD7iA	ym 2010s late mb albums p2
Cafeteria	Frankie Cosmos	Vessel	INDIFFERENT	f7Woret17uA	MPREb_WUCJkKhIEL5	UCaO0_wxK62ldnVYyzriD7iA	ym 2010s late mb albums p2
Bus Bus Train Train	Frankie Cosmos	Vessel	INDIFFERENT	Sap57TBoXFk	MPREb_WUCJkKhIEL5	UCaO0_wxK62ldnVYyzriD7iA	ym 2010s late mb albums p2
Being Alive	Frankie Cosmos	Vessel	INDIFFERENT	F8zNLjeFIOU	MPREb_WUCJkKhIEL5	UCaO0_wxK62ldnVYyzriD7iA	ym 2010s late mb albums p2
Ballad of R & J	Frankie Cosmos	Vessel	INDIFFERENT	ZjldK28N7aM	MPREb_WUCJkKhIEL5	UCaO0_wxK62ldnVYyzriD7iA	ym 2010s late mb albums p2
As Often as I Can	Frankie Cosmos	Vessel	INDIFFERENT	ZpAavH2zvdo	MPREb_WUCJkKhIEL5	UCaO0_wxK62ldnVYyzriD7iA	ym 2010s late mb albums p2
Accommodate	Frankie Cosmos	Vessel	INDIFFERENT	0r6e-w9eSuQ	MPREb_WUCJkKhIEL5	UCaO0_wxK62ldnVYyzriD7iA	ym 2010s late mb albums p2
Tour Good	Frankie Cosmos	Next Thing	INDIFFERENT	7y1dKGoQtq0	MPREb_Hutt79K6bf8	UCaO0_wxK62ldnVYyzriD7iA	ym 2010s late mb albums p2
Too Dark	Frankie Cosmos	Next Thing	INDIFFERENT	KQIMNc54jGg	MPREb_Hutt79K6bf8	UCaO0_wxK62ldnVYyzriD7iA	ym 2010s late mb albums p2
Sinister	Frankie Cosmos	Next Thing	INDIFFERENT	BCsvvnsBfHg	MPREb_Hutt79K6bf8	UCaO0_wxK62ldnVYyzriD7iA	ym 2010s late mb albums p2
Sappho	Frankie Cosmos	Next Thing	INDIFFERENT	0gwbxCI2L3w	MPREb_Hutt79K6bf8	UCaO0_wxK62ldnVYyzriD7iA	ym 2010s late mb albums p2
O Dreaded C Town	Frankie Cosmos	Next Thing	INDIFFERENT	REFxklfAyoA	MPREb_Hutt79K6bf8	UCaO0_wxK62ldnVYyzriD7iA	ym 2010s late mb albums p2
Is It Possible / Sleep Song	Frankie Cosmos	Next Thing	INDIFFERENT	0Z3NgxgFhrE	MPREb_Hutt79K6bf8	UCaO0_wxK62ldnVYyzriD7iA	ym 2010s late mb albums p2
Interlude	Frankie Cosmos	Next Thing	INDIFFERENT	cEhbLyAtRUI	MPREb_Hutt79K6bf8	UCaO0_wxK62ldnVYyzriD7iA	ym 2010s late mb albums p2
If I Had a Dog	Frankie Cosmos	Next Thing	INDIFFERENT	yeLzrkdKBgA	MPREb_Hutt79K6bf8	UCaO0_wxK62ldnVYyzriD7iA	ym 2010s late mb albums p2
I'm 20	Frankie Cosmos	Next Thing	INDIFFERENT	2b8TJiU1r2Y	MPREb_Hutt79K6bf8	UCaO0_wxK62ldnVYyzriD7iA	ym 2010s late mb albums p2
Embody	Frankie Cosmos	Next Thing	INDIFFERENT	FVs7Jyrm3y0	MPREb_Hutt79K6bf8	UCaO0_wxK62ldnVYyzriD7iA	ym 2010s late mb albums p2
White Ferrari	Frank Ocean	Blonde	INDIFFERENT	ToO4VFCoR7U	MPREb_or9GipYFiAw	UCETYiBLjt2v-pcKSgf8pe6g	ym 2010s late mb albums p2
Solo (Reprise)	Frank Ocean	Blonde	INDIFFERENT	_QaQSaE8PQA	MPREb_or9GipYFiAw	UCETYiBLjt2v-pcKSgf8pe6g	ym 2010s late mb albums p2
Solo	Frank Ocean	Blonde	INDIFFERENT	OkZTH88B3A8	MPREb_or9GipYFiAw	UCETYiBLjt2v-pcKSgf8pe6g	ym 2010s late mb albums p2
Seigfried	Frank Ocean	Blonde	INDIFFERENT	p_oL2OIGo04	MPREb_or9GipYFiAw	UCETYiBLjt2v-pcKSgf8pe6g	ym 2010s late mb albums p2
Pretty Sweet	Frank Ocean	Blonde	INDIFFERENT	dOTUAmNNeio	MPREb_or9GipYFiAw	UCETYiBLjt2v-pcKSgf8pe6g	ym 2010s late mb albums p2
Futura Free	Frank Ocean	Blonde	INDIFFERENT	MUPxbMp5kAs	MPREb_or9GipYFiAw	UCETYiBLjt2v-pcKSgf8pe6g	ym 2010s late mb albums p2
Facebook Story	Frank Ocean	Blonde	INDIFFERENT	_2xgmbgCtM8	MPREb_or9GipYFiAw	UCETYiBLjt2v-pcKSgf8pe6g	ym 2010s late mb albums p2
Be Yourself	Frank Ocean	Blonde	INDIFFERENT	zTCgwxLOt0U	MPREb_or9GipYFiAw	UCETYiBLjt2v-pcKSgf8pe6g	ym 2010s late mb albums p2
You Can Always Leave	Francis Harris	Minutes of Sleep	INDIFFERENT	2cUKZwuBb5M	MPREb_yx5zg0SDJi8	UCw4lrXBxxV65rjkwIPzd5dg	ym 2010s late mb albums p2
What She Had	Francis Harris	Minutes of Sleep	INDIFFERENT	0nUwXOnZOz8	MPREb_yx5zg0SDJi8	UCw4lrXBxxV65rjkwIPzd5dg	ym 2010s late mb albums p2
Radiofreeze	Francis Harris	Minutes of Sleep	INDIFFERENT	8oUN-yDg_dY	MPREb_yx5zg0SDJi8	UCw4lrXBxxV65rjkwIPzd5dg	ym 2010s late mb albums p2
New Rain	Francis Harris	Minutes of Sleep	INDIFFERENT	O1mHdS9jkFk	MPREb_yx5zg0SDJi8	UCw4lrXBxxV65rjkwIPzd5dg	ym 2010s late mb albums p2
Minutes of Sleep	Francis Harris	Minutes of Sleep	INDIFFERENT	7vAE4wWvqv8	MPREb_yx5zg0SDJi8	UCw4lrXBxxV65rjkwIPzd5dg	ym 2010s late mb albums p2
Me to Drift	Francis Harris	Minutes of Sleep	INDIFFERENT	S2aENEz3EJ4	MPREb_yx5zg0SDJi8	UCw4lrXBxxV65rjkwIPzd5dg	ym 2010s late mb albums p2
Lean Back	Francis Harris	Minutes of Sleep	INDIFFERENT	8xWacqn9IK4	MPREb_yx5zg0SDJi8	UCw4lrXBxxV65rjkwIPzd5dg	ym 2010s late mb albums p2
Hems	Francis Harris	Minutes of Sleep	INDIFFERENT	HAOZrrYv_Lw	MPREb_yx5zg0SDJi8	UCw4lrXBxxV65rjkwIPzd5dg	ym 2010s late mb albums p2
Dangerdream (How Che Guevara's Death and Bob Dylan's Life Militarized Brigate Rosse)	Francis Harris	Minutes of Sleep	INDIFFERENT	3K29mWytf4A	MPREb_yx5zg0SDJi8	UCw4lrXBxxV65rjkwIPzd5dg	ym 2010s late mb albums p2
Dangerdream	Francis Harris	Minutes of Sleep	INDIFFERENT	Jv7qhM06G3M	MPREb_yx5zg0SDJi8	UCw4lrXBxxV65rjkwIPzd5dg	ym 2010s late mb albums p2
Blues News	Francis Harris	Minutes of Sleep	INDIFFERENT	_0I08IifqoM	MPREb_yx5zg0SDJi8	UCw4lrXBxxV65rjkwIPzd5dg	ym 2010s late mb albums p2
Rise Up	Foxygen	Hang	INDIFFERENT	6rCb74fmHV8	MPREb_OaIw03Q44hC	UCwRCAiWyrpxMa6tjy0D0WYw	ym 2010s late mb albums p2
On Lankershim	Foxygen	Hang	INDIFFERENT	n4YIbdzx9N4	MPREb_OaIw03Q44hC	UCwRCAiWyrpxMa6tjy0D0WYw	ym 2010s late mb albums p2
America	Foxygen	Hang	INDIFFERENT	2DVnPBrYPuo	MPREb_OaIw03Q44hC	UCwRCAiWyrpxMa6tjy0D0WYw	ym 2010s late mb albums p2
You Are Loved	Four Tet	New Energy	INDIFFERENT	oDEBeoaPEKo	MPREb_YJnz7wBBmwa	UCd6q-S_HAePombe72bczCkA	ym 2010s late mb albums p2
Scientists	Four Tet	New Energy	INDIFFERENT	MkSIQ-MSm7w	MPREb_YJnz7wBBmwa	UCd6q-S_HAePombe72bczCkA	ym 2010s late mb albums p2
Gentle Soul	Four Tet	New Energy	INDIFFERENT	aOrVw1kf3JA	MPREb_YJnz7wBBmwa	UCd6q-S_HAePombe72bczCkA	ym 2010s late mb albums p2
Falls 2	Four Tet	New Energy	INDIFFERENT	HXlq3hEjeEg	MPREb_YJnz7wBBmwa	UCd6q-S_HAePombe72bczCkA	ym 2010s late mb albums p2
10 Midi	Four Tet	New Energy	INDIFFERENT	5Yw_e4DdRqA	MPREb_YJnz7wBBmwa	UCd6q-S_HAePombe72bczCkA	ym 2010s late mb albums p2
Tired Games	Forth Wanderers	Forth Wanderers	INDIFFERENT	YBJMZT0fovw	MPREb_TdhcgmnPz7i	UCGTas70W3ZtO10zAw4ZvhzQ	ym 2010s late mb albums p2
Temporary	Forth Wanderers	Forth Wanderers	INDIFFERENT	c7s4elSTPDg	MPREb_TdhcgmnPz7i	UCGTas70W3ZtO10zAw4ZvhzQ	ym 2010s late mb albums p2
Not For Me	Forth Wanderers	Forth Wanderers	INDIFFERENT	7uONM7uSPXc	MPREb_TdhcgmnPz7i	UCGTas70W3ZtO10zAw4ZvhzQ	ym 2010s late mb albums p2
New Face	Forth Wanderers	Forth Wanderers	INDIFFERENT	qrDQ_5Ittys	MPREb_TdhcgmnPz7i	UCGTas70W3ZtO10zAw4ZvhzQ	ym 2010s late mb albums p2
Company	Forth Wanderers	Forth Wanderers	INDIFFERENT	Hsdk-79vLXQ	MPREb_TdhcgmnPz7i	UCGTas70W3ZtO10zAw4ZvhzQ	ym 2010s late mb albums p2
Be My Baby	Forth Wanderers	Forth Wanderers	INDIFFERENT	YhBbBMl9c_w	MPREb_TdhcgmnPz7i	UCGTas70W3ZtO10zAw4ZvhzQ	ym 2010s late mb albums p2
Not A Word	Fort Romeau	Insides	INDIFFERENT	oQ-UuTn7zeQ	MPREb_zYexjV9LSCo	UCz7q5D7TGbeWJ4NnVHgsQ3Q	ym 2010s late mb albums p2
Lately	Fort Romeau	Insides	INDIFFERENT	UQ4jlxnaIVU	MPREb_zYexjV9LSCo	UCz7q5D7TGbeWJ4NnVHgsQ3Q	ym 2010s late mb albums p2
IKB	Fort Romeau	Insides	INDIFFERENT	WSebGSsbJrU	MPREb_zYexjV9LSCo	UCz7q5D7TGbeWJ4NnVHgsQ3Q	ym 2010s late mb albums p2
Cloche	Fort Romeau	Insides	INDIFFERENT	stSBb0lObBA	MPREb_zYexjV9LSCo	UCz7q5D7TGbeWJ4NnVHgsQ3Q	ym 2010s late mb albums p2
All I Want	Fort Romeau	Insides	INDIFFERENT	bOZy9K1GP4Q	MPREb_zYexjV9LSCo	UCz7q5D7TGbeWJ4NnVHgsQ3Q	ym 2010s late mb albums p2
Voice Memo of Piston at Manchester Museum of Science & Industry (Mixed)	Forest Swords	DJ-Kicks (Mixed Tracks)	INDIFFERENT	eAJQza-d7D4	MPREb_Wo1iKDWlDEt	UCsIRWWLzm_nzDkKipCE349A	ym 2010s late mb albums p2
Voice Memo of Outdoor Singing Group In Chinatown, Liverpool (Mixed)	Forest Swords	DJ-Kicks (Mixed Tracks)	INDIFFERENT	TtOWAWXeigk	MPREb_Wo1iKDWlDEt	UCsIRWWLzm_nzDkKipCE349A	ym 2010s late mb albums p2
Vandalism	Forest Swords	Compassion	INDIFFERENT	ckZmrNEVzso	MPREb_2T4jx7oZLaf	UCsIRWWLzm_nzDkKipCE349A	ym 2010s late mb albums p2
Sjurvival	Forest Swords	Compassion	INDIFFERENT	MTHr2Q6GnEk	MPREb_2T4jx7oZLaf	UCsIRWWLzm_nzDkKipCE349A	ym 2010s late mb albums p2
Knife Edge	Forest Swords	Compassion	INDIFFERENT	MjafDiEdY9E	MPREb_2T4jx7oZLaf	UCsIRWWLzm_nzDkKipCE349A	ym 2010s late mb albums p2
Exalter	Forest Swords	Compassion	INDIFFERENT	dX2212DuQx4	MPREb_2T4jx7oZLaf	UCsIRWWLzm_nzDkKipCE349A	ym 2010s late mb albums p2
Arms Out	Forest Swords	Compassion	INDIFFERENT	sZVblEl1-o0	MPREb_2T4jx7oZLaf	UCsIRWWLzm_nzDkKipCE349A	ym 2010s late mb albums p2
Too Real	Fontaines D.C.	Dogrel	INDIFFERENT	Ck_LmW7yAtA	MPREb_nD5v2WbjG4I	UC0nEcTGDKDsdF4KcCh3-NUQ	ym 2010s late mb albums p2
The Lotts	Fontaines D.C.	Dogrel	INDIFFERENT	ukd5rRBVAow	MPREb_nD5v2WbjG4I	UC0nEcTGDKDsdF4KcCh3-NUQ	ym 2010s late mb albums p2
Television Screens	Fontaines D.C.	Dogrel	INDIFFERENT	lZ6Gqj9KeaY	MPREb_nD5v2WbjG4I	UC0nEcTGDKDsdF4KcCh3-NUQ	ym 2010s late mb albums p2
Roy's Tune	Fontaines D.C.	Dogrel	INDIFFERENT	Tlpo9jzfOUM	MPREb_nD5v2WbjG4I	UC0nEcTGDKDsdF4KcCh3-NUQ	ym 2010s late mb albums p2
Liberty Belle	Fontaines D.C.	Dogrel	INDIFFERENT	HJpqhwNigaQ	MPREb_nD5v2WbjG4I	UC0nEcTGDKDsdF4KcCh3-NUQ	ym 2010s late mb albums p2
Hurricane Laughter	Fontaines D.C.	Dogrel	INDIFFERENT	cJCn3ov48iM	MPREb_nD5v2WbjG4I	UC0nEcTGDKDsdF4KcCh3-NUQ	ym 2010s late mb albums p2
Dublin City Sky	Fontaines D.C.	Dogrel	INDIFFERENT	ds4_3TKPqcY	MPREb_nD5v2WbjG4I	UC0nEcTGDKDsdF4KcCh3-NUQ	ym 2010s late mb albums p2
Chequeless Reckless	Fontaines D.C.	Dogrel	INDIFFERENT	23TmzEm6Qb4	MPREb_nD5v2WbjG4I	UC0nEcTGDKDsdF4KcCh3-NUQ	ym 2010s late mb albums p2
What Went Down	Foals	What Went Down	INDIFFERENT	b3KhG-28TDM	MPREb_wGDKD94Ihzw	UCKbSM-2Qu8hCdLDdzpFa0eQ	ym 2010s late mb albums p2
Snake Oil (CCTV Sessions)	Foals	What Went Down	INDIFFERENT	ia4I5L_yl3Q	MPREb_wGDKD94Ihzw	UCKbSM-2Qu8hCdLDdzpFa0eQ	ym 2010s late mb albums p2
Snake Oil	Foals	What Went Down	INDIFFERENT	7v7vTA9h_qA	MPREb_wGDKD94Ihzw	UCKbSM-2Qu8hCdLDdzpFa0eQ	ym 2010s late mb albums p2
Rain (B-Side)	Foals	What Went Down	INDIFFERENT	9rUyJrRIZUQ	MPREb_wGDKD94Ihzw	UCKbSM-2Qu8hCdLDdzpFa0eQ	ym 2010s late mb albums p2
Night Swimmers	Foals	What Went Down	INDIFFERENT	spjNhuZfGM4	MPREb_wGDKD94Ihzw	UCKbSM-2Qu8hCdLDdzpFa0eQ	ym 2010s late mb albums p2
Mountain at My Gates	Foals	What Went Down	INDIFFERENT	G-WiVddfKuU	MPREb_wGDKD94Ihzw	UCKbSM-2Qu8hCdLDdzpFa0eQ	ym 2010s late mb albums p2
Lonely Hunter (CCTV Sessions)	Foals	What Went Down	INDIFFERENT	U0vgMcPni2Y	MPREb_wGDKD94Ihzw	UCKbSM-2Qu8hCdLDdzpFa0eQ	ym 2010s late mb albums p2
Lonely Hunter	Foals	What Went Down	INDIFFERENT	N9pLX3h1YzU	MPREb_wGDKD94Ihzw	UCKbSM-2Qu8hCdLDdzpFa0eQ	ym 2010s late mb albums p2
London Thunder (Poolside Sessions)	Foals	What Went Down	INDIFFERENT	aSS7oaaLCZM	MPREb_wGDKD94Ihzw	UCKbSM-2Qu8hCdLDdzpFa0eQ	ym 2010s late mb albums p2
London Thunder (CCTV Sessions)	Foals	What Went Down	INDIFFERENT	l4wAXxSdX7k	MPREb_wGDKD94Ihzw	UCKbSM-2Qu8hCdLDdzpFa0eQ	ym 2010s late mb albums p2
London Thunder	Foals	What Went Down	INDIFFERENT	UAiYLEsJNpY	MPREb_wGDKD94Ihzw	UCKbSM-2Qu8hCdLDdzpFa0eQ	ym 2010s late mb albums p2
Give It All (Poolside Sessions)	Foals	What Went Down	INDIFFERENT	j7OCiZJhs1Q	MPREb_wGDKD94Ihzw	UCKbSM-2Qu8hCdLDdzpFa0eQ	ym 2010s late mb albums p2
Give It All	Foals	What Went Down	INDIFFERENT	6Rc0mRuUCWo	MPREb_wGDKD94Ihzw	UCKbSM-2Qu8hCdLDdzpFa0eQ	ym 2010s late mb albums p2
Daffodils (B-Side)	Foals	What Went Down	INDIFFERENT	y-UrGNR2n38	MPREb_wGDKD94Ihzw	UCKbSM-2Qu8hCdLDdzpFa0eQ	ym 2010s late mb albums p2
Birch Tree	Foals	What Went Down	INDIFFERENT	g6J-qUqRQeo	MPREb_wGDKD94Ihzw	UCKbSM-2Qu8hCdLDdzpFa0eQ	ym 2010s late mb albums p2
Albatross (CCTV Sessions)	Foals	What Went Down	INDIFFERENT	cjL45eXN_s4	MPREb_wGDKD94Ihzw	UCKbSM-2Qu8hCdLDdzpFa0eQ	ym 2010s late mb albums p2
Albatross	Foals	What Went Down	INDIFFERENT	gJGmjqjghOs	MPREb_wGDKD94Ihzw	UCKbSM-2Qu8hCdLDdzpFa0eQ	ym 2010s late mb albums p2
A Knife in the Ocean	Foals	What Went Down	INDIFFERENT	7hzcwpUSQso	MPREb_wGDKD94Ihzw	UCKbSM-2Qu8hCdLDdzpFa0eQ	ym 2010s late mb albums p2
Wash Off	Foals	Everything Not Saved Will Be Lost Part II	INDIFFERENT	ztE7eJqcDVE	MPREb_jqUknItjFa5	UCKbSM-2Qu8hCdLDdzpFa0eQ	ym 2010s late mb albums p2
Neptune (CCTV Sessions)	Foals	Everything Not Saved Will Be Lost Part II	INDIFFERENT	gxvK2RwJ-Iw	MPREb_jqUknItjFa5	UCKbSM-2Qu8hCdLDdzpFa0eQ	ym 2010s late mb albums p2
Neptune	Foals	Everything Not Saved Will Be Lost Part II	INDIFFERENT	-6Y9LFBCi48	MPREb_jqUknItjFa5	UCKbSM-2Qu8hCdLDdzpFa0eQ	ym 2010s late mb albums p2
Like Lightning	Foals	Everything Not Saved Will Be Lost Part II	INDIFFERENT	AehiNJbt0WI	MPREb_jqUknItjFa5	UCKbSM-2Qu8hCdLDdzpFa0eQ	ym 2010s late mb albums p2
Ikaria	Foals	Everything Not Saved Will Be Lost Part II	INDIFFERENT	vkf0V7U6tWs	MPREb_jqUknItjFa5	UCKbSM-2Qu8hCdLDdzpFa0eQ	ym 2010s late mb albums p2
Dreaming Of (CCTV Sessions)	Foals	Everything Not Saved Will Be Lost Part II	INDIFFERENT	-l1oooi_UWQ	MPREb_jqUknItjFa5	UCKbSM-2Qu8hCdLDdzpFa0eQ	ym 2010s late mb albums p2
Dreaming Of	Foals	Everything Not Saved Will Be Lost Part II	INDIFFERENT	yTngSbx_C_A	MPREb_jqUknItjFa5	UCKbSM-2Qu8hCdLDdzpFa0eQ	ym 2010s late mb albums p2
Black Bull	Foals	Everything Not Saved Will Be Lost Part II	INDIFFERENT	eC8HY5ZYRXs	MPREb_jqUknItjFa5	UCKbSM-2Qu8hCdLDdzpFa0eQ	ym 2010s late mb albums p2
10,000 Feet	Foals	Everything Not Saved Will Be Lost Part II	INDIFFERENT	IceMoOILwFU	MPREb_jqUknItjFa5	UCKbSM-2Qu8hCdLDdzpFa0eQ	ym 2010s late mb albums p2
The Climb (feat. Thundercat)	Flying Lotus	Flamagra	INDIFFERENT	XY7KaUkApL4	MPREb_lWkRcWrJpkp	UCJvOvKwxPEL-4RtSvu_nWhQ	ym 2010s late mb albums p2
Thank U Malcolm	Flying Lotus	Flamagra	INDIFFERENT	bpBEZJs73jM	MPREb_lWkRcWrJpkp	UCJvOvKwxPEL-4RtSvu_nWhQ	ym 2010s late mb albums p2
Pilgrim Side Eye	Flying Lotus	Flamagra	INDIFFERENT	uY-BVu58F9E	MPREb_lWkRcWrJpkp	UCJvOvKwxPEL-4RtSvu_nWhQ	ym 2010s late mb albums p2
Inside Your Home	Flying Lotus	Flamagra	INDIFFERENT	qW-py7JpFE0	MPREb_lWkRcWrJpkp	UCJvOvKwxPEL-4RtSvu_nWhQ	ym 2010s late mb albums p2
Hot Oct.	Flying Lotus	Flamagra	INDIFFERENT	v2h74ScXt4k	MPREb_lWkRcWrJpkp	UCJvOvKwxPEL-4RtSvu_nWhQ	ym 2010s late mb albums p2
Heroes In A Half Shell	Flying Lotus	Flamagra	INDIFFERENT	YxaRqRGiMtY	MPREb_lWkRcWrJpkp	UCJvOvKwxPEL-4RtSvu_nWhQ	ym 2010s late mb albums p2
Find Your Own Way Home	Flying Lotus	Flamagra	INDIFFERENT	TE3ajYTj_5A	MPREb_lWkRcWrJpkp	UCJvOvKwxPEL-4RtSvu_nWhQ	ym 2010s late mb albums p2
Burning Down The House (feat. George Clinton)	Flying Lotus	Flamagra	INDIFFERENT	90h8HtDS7LA	MPREb_lWkRcWrJpkp	UCJvOvKwxPEL-4RtSvu_nWhQ	ym 2010s late mb albums p2
Actually Virtual (feat. Shabazz Palaces)	Flying Lotus	Flamagra	INDIFFERENT	UjOBDcyP6SU	MPREb_lWkRcWrJpkp	UCJvOvKwxPEL-4RtSvu_nWhQ	ym 2010s late mb albums p2
When Everything Was New	Flume	Skin	INDIFFERENT	K4fx9vQZgY0	MPREb_KlNEqsfbcoP	UCEdhHl4ZB0JXIinqZ367F6w	ym 2010s late mb albums p2
Wall Fuck	Flume	Skin	INDIFFERENT	gEubDYCxyUw	MPREb_KlNEqsfbcoP	UCEdhHl4ZB0JXIinqZ367F6w	ym 2010s late mb albums p2
Tiny Cities (feat. Beck)	Flume	Skin	INDIFFERENT	gq1vQ5Go6nQ	MPREb_KlNEqsfbcoP	UCEdhHl4ZB0JXIinqZ367F6w	ym 2010s late mb albums p2
Say It (feat. Tove Lo)	Flume	Skin	INDIFFERENT	U0zevDli1LA	MPREb_KlNEqsfbcoP	UCEdhHl4ZB0JXIinqZ367F6w	ym 2010s late mb albums p2
Pika	Flume	Skin	INDIFFERENT	cVENZJx5A0w	MPREb_KlNEqsfbcoP	UCEdhHl4ZB0JXIinqZ367F6w	ym 2010s late mb albums p2
Like Water (feat. MNDR)	Flume	Skin	INDIFFERENT	Kg097ubzmZw	MPREb_KlNEqsfbcoP	UCEdhHl4ZB0JXIinqZ367F6w	ym 2010s late mb albums p2
Innocence (feat. AlunaGeorge)	Flume	Skin	INDIFFERENT	sVBLhVtBg7Y	MPREb_KlNEqsfbcoP	UCEdhHl4ZB0JXIinqZ367F6w	ym 2010s late mb albums p2
Free	Flume	Skin	INDIFFERENT	dD8QhXOj80U	MPREb_KlNEqsfbcoP	UCEdhHl4ZB0JXIinqZ367F6w	ym 2010s late mb albums p2
╜φ°⌂▌╫§╜φ°⌂▌╫§╜φ°⌂▌╫§╜φ°⌂▌╫§╜φ°⌂▌╫§╜φ°⌂▌╫§╜φ°⌂▌╫§╜φ°⌂▌╫§╜φ°⌂▌╫§╜φ°⌂▌╫§╜φ°⌂▌╫§╜φ°⌂▌╫§╜φ°⌂▌╫§╜φ°⌂▌╫§╜φ°⌂▌╫§╜φ°⌂▌╫§╜φ°⌂▌╫§╜φ°⌂▌	Flume	Hi This Is Flume (Mixtape)	INDIFFERENT	Hu8wQESE3uA	MPREb_D5V0mm6QF4j	UCEdhHl4ZB0JXIinqZ367F6w	ym 2010s late mb albums p2
Wormhole	Flume	Hi This Is Flume (Mixtape)	INDIFFERENT	CnVG2ixJPmo	MPREb_D5V0mm6QF4j	UCEdhHl4ZB0JXIinqZ367F6w	ym 2010s late mb albums p2
Voices (feat. SOPHIE & KUČKA)	Flume	Hi This Is Flume (Mixtape)	INDIFFERENT	BseUPnMxBqc	MPREb_D5V0mm6QF4j	UCEdhHl4ZB0JXIinqZ367F6w	ym 2010s late mb albums p2
Vitality	Flume	Hi This Is Flume (Mixtape)	INDIFFERENT	ZqTwy7fOURY	MPREb_D5V0mm6QF4j	UCEdhHl4ZB0JXIinqZ367F6w	ym 2010s late mb albums p2
Upgrade	Flume	Hi This Is Flume (Mixtape)	INDIFFERENT	IcFkQ1Bp0xQ	MPREb_D5V0mm6QF4j	UCEdhHl4ZB0JXIinqZ367F6w	ym 2010s late mb albums p2
How To Build A Relationship (feat. JPEGMAFIA)	Flume	Hi This Is Flume (Mixtape)	INDIFFERENT	SMcnkqdVc-A	MPREb_D5V0mm6QF4j	UCEdhHl4ZB0JXIinqZ367F6w	ym 2010s late mb albums p2
High Beams (feat. slowthai)	Flume	Hi This Is Flume (Mixtape)	INDIFFERENT	jG1CWyaRw3M	MPREb_D5V0mm6QF4j	UCEdhHl4ZB0JXIinqZ367F6w	ym 2010s late mb albums p2
Dreamtime	Flume	Hi This Is Flume (Mixtape)	INDIFFERENT	vHObFX_hepc	MPREb_D5V0mm6QF4j	UCEdhHl4ZB0JXIinqZ367F6w	ym 2010s late mb albums p2
Luuk out Gurl (Sich Mang Remix) (feat. Kid Sister)	Flosstradamus	Jubilation 2.0	INDIFFERENT	MYD-X_iXi68	MPREb_Pk9P50aqAXN	UCTMLYsyE2WmpfXikJlPhZHw	ym 2010s late mb albums p2
From the Back (Lunice Remix) (feat. Danny Brown)	Flosstradamus	Jubilation 2.0	INDIFFERENT	3YY69yVo2YM	MPREb_Pk9P50aqAXN	UCTMLYsyE2WmpfXikJlPhZHw	ym 2010s late mb albums p2
From the Back (Jwls Remix) (feat. Danny Brown)	Flosstradamus	Jubilation 2.0	INDIFFERENT	015B-_P4gcs	MPREb_Pk9P50aqAXN	UCTMLYsyE2WmpfXikJlPhZHw	ym 2010s late mb albums p2
What Kind Of Man	Florence + The Machine	How Big, How Blue, How Beautiful	INDIFFERENT	WJTYAVafqyw	MPREb_hOZTV8kLlCt	UCkmCGbrGa7yNrRl_NHrOaTw	ym 2010s late mb albums p2
Various Storms & Saints	Florence + The Machine	How Big, How Blue, How Beautiful	INDIFFERENT	P3tsq4xn8hE	MPREb_hOZTV8kLlCt	UCkmCGbrGa7yNrRl_NHrOaTw	ym 2010s late mb albums p2
Third Eye	Florence + The Machine	How Big, How Blue, How Beautiful	INDIFFERENT	pCywgUIhlHM	MPREb_hOZTV8kLlCt	UCkmCGbrGa7yNrRl_NHrOaTw	ym 2010s late mb albums p2
St Jude	Florence + The Machine	How Big, How Blue, How Beautiful	INDIFFERENT	7Z-Yug0QZiQ	MPREb_hOZTV8kLlCt	UCkmCGbrGa7yNrRl_NHrOaTw	ym 2010s late mb albums p2
Ship To Wreck	Florence + The Machine	How Big, How Blue, How Beautiful	INDIFFERENT	CvYOYkV8Ccc	MPREb_hOZTV8kLlCt	UCkmCGbrGa7yNrRl_NHrOaTw	ym 2010s late mb albums p2
Queen Of Peace	Florence + The Machine	How Big, How Blue, How Beautiful	INDIFFERENT	pQT1_iMnlac	MPREb_hOZTV8kLlCt	UCkmCGbrGa7yNrRl_NHrOaTw	ym 2010s late mb albums p2
Mother	Florence + The Machine	How Big, How Blue, How Beautiful	INDIFFERENT	qw3WYD_qTVU	MPREb_hOZTV8kLlCt	UCkmCGbrGa7yNrRl_NHrOaTw	ym 2010s late mb albums p2
Long & Lost	Florence + The Machine	How Big, How Blue, How Beautiful	INDIFFERENT	4S8ksCrYrxM	MPREb_hOZTV8kLlCt	UCkmCGbrGa7yNrRl_NHrOaTw	ym 2010s late mb albums p2
How Big, How Blue, How Beautiful	Florence + The Machine	How Big, How Blue, How Beautiful	INDIFFERENT	3_AOeaGWwpM	MPREb_hOZTV8kLlCt	UCkmCGbrGa7yNrRl_NHrOaTw	ym 2010s late mb albums p2
Delilah	Florence + The Machine	How Big, How Blue, How Beautiful	INDIFFERENT	tMTS5nF_nwA	MPREb_hOZTV8kLlCt	UCkmCGbrGa7yNrRl_NHrOaTw	ym 2010s late mb albums p2
Caught	Florence + The Machine	How Big, How Blue, How Beautiful	INDIFFERENT	Nt1akZ5Iaeo	MPREb_hOZTV8kLlCt	UCkmCGbrGa7yNrRl_NHrOaTw	ym 2010s late mb albums p2
Silurian Blue	Floating Points	Reflections: Mojave Desert	INDIFFERENT	VZJRBO0-MZ0	MPREb_1tNZCF2iuzK	UCHLmGIlqt6qD8JlWIlWhs0A	ym 2010s late mb albums p2
Reflections - Mojave Desert Continuous Mix	Floating Points	Reflections: Mojave Desert	INDIFFERENT	WE2_0ISJrMg	MPREb_1tNZCF2iuzK	UCHLmGIlqt6qD8JlWIlWhs0A	ym 2010s late mb albums p2
Mojave Desert	Floating Points	Reflections: Mojave Desert	INDIFFERENT	KH0Nm_AmGSg	MPREb_1tNZCF2iuzK	UCHLmGIlqt6qD8JlWIlWhs0A	ym 2010s late mb albums p2
Lucerne Valley	Floating Points	Reflections: Mojave Desert	INDIFFERENT	an0Tvi1-IzY	MPREb_1tNZCF2iuzK	UCHLmGIlqt6qD8JlWIlWhs0A	ym 2010s late mb albums p2
Kites	Floating Points	Reflections: Mojave Desert	INDIFFERENT	djjOGFayttg	MPREb_1tNZCF2iuzK	UCHLmGIlqt6qD8JlWIlWhs0A	ym 2010s late mb albums p2
Kelso Dunes	Floating Points	Reflections: Mojave Desert	INDIFFERENT	D8bVe8uM0pk	MPREb_1tNZCF2iuzK	UCHLmGIlqt6qD8JlWIlWhs0A	ym 2010s late mb albums p2
The Sweet Time Suite, Part I - Opening	Floating Points	Late Night Tales: Floating Points	INDIFFERENT	1tURiJC64rQ	MPREb_5HOpfBzfY02	UCHLmGIlqt6qD8JlWIlWhs0A	ym 2010s late mb albums p2
Argente	Floating Points	Elaenia	INDIFFERENT	54z4ALmyn8Y	MPREb_FsxOogK6Amh	UCHLmGIlqt6qD8JlWIlWhs0A	ym 2010s late mb albums p2
Smokehead (Mixed)	Disjecta	DJ-Kicks (Mixed Tracks)	INDIFFERENT	YV3gALk-q_8	MPREb_Wo1iKDWlDEt	UCahGNpHgs94VRu7I11gvC-g	ym 2010s late mb albums p2
Three Sisters Theme (Mixed)	Dialect	DJ-Kicks (Mixed Tracks)	INDIFFERENT	2G6KTz7Bec8	MPREb_Wo1iKDWlDEt	UCpLXnIcekqK9PfD0RB8xGNQ	ym 2010s late mb albums p2
Richter: Three Worlds: Music from Woolf Works / Orlando: Modular Astronomy	Deutsches Filmorchester Babelsberg	Voyager - Essential Max Richter	INDIFFERENT	9lAVz7lozno	MPREb_6vFFmb664HP	UCw8j9ggRCWcp5vUvDfExuAQ	ym 2010s late mb albums p2
Richter: Three Worlds: Music from Woolf Works / Mrs Dalloway: War Anthem	Deutsches Filmorchester Babelsberg	Voyager - Essential Max Richter	INDIFFERENT	SphLu4rXryw	MPREb_6vFFmb664HP	UCw8j9ggRCWcp5vUvDfExuAQ	ym 2010s late mb albums p2
Mnemosyne (Mixed)	Demdike Stare	DJ-Kicks (Mixed Tracks)	INDIFFERENT	dSYTWaHGdcM	MPREb_Wo1iKDWlDEt	UCmiMrt50_DiiWVXDrYMVHhw	ym 2010s late mb albums p2
Walk On, Nothing To See Here (Mixed)	Deena Abdelwahed	DJ-Kicks (Mixed Tracks)	INDIFFERENT	mgtK7PTSTww	MPREb_Wo1iKDWlDEt	UC6-nOcbFiRzi4_I3fIEgA5Q	ym 2010s late mb albums p2
Mesmerism (Mixed)	Dead Can Dance	DJ-Kicks (Mixed Tracks)	INDIFFERENT	IHi7viULbik	MPREb_Wo1iKDWlDEt	UCBpD8NMFfzu0IdP_Sr6QAZA	ym 2010s late mb albums p2
Things Just Went Sour Gradually All At Once (Mixed)	David Toop	DJ-Kicks (Mixed Tracks)	INDIFFERENT	pCMiZ_kLd80	MPREb_Wo1iKDWlDEt	UC39ArKAznpqDBGSNwPmEw-A	ym 2010s late mb albums p2
Rainbow Voice (Mixed)	David Hykes	Fabriclive 100: Kode9 & Burial (DJ Mix)	INDIFFERENT	yMrevztBgNs	MPREb_oTznNtUT8Si	UCSyJUz_sLWc6nMX12ayyw9A	ym 2010s late mb albums p2
A House Hybrid (Mixed)	DJ Tre	Fabriclive 100: Kode9 & Burial (DJ Mix)	INDIFFERENT	BuLmKdh1BJg	MPREb_oTznNtUT8Si	UCOFPK8mb_EbK7wEC-poT_AQ	ym 2010s late mb albums p2
A Hammond Jam (Mixed)	DJ Tre	Fabriclive 100: Kode9 & Burial (DJ Mix)	INDIFFERENT	Y9bZnVFKyJw	MPREb_oTznNtUT8Si	UCOFPK8mb_EbK7wEC-poT_AQ	ym 2010s late mb albums p2
Nu Summer Shit / Prolific Deamons (Mixed)	DJ Taye & Babyfather	Fabriclive 100: Kode9 & Burial (DJ Mix)	INDIFFERENT	0aACSs7xz8o	MPREb_oTznNtUT8Si		ym 2010s late mb albums p2
Make Me Hot (Mixed)	DJ Spinn	Fabriclive 100: Kode9 & Burial (DJ Mix)	INDIFFERENT	E0VB6-Ha0k0	MPREb_oTznNtUT8Si		ym 2010s late mb albums p2
Let It Go (Mixed)	DJ Rashad	Fabriclive 100: Kode9 & Burial (DJ Mix)	INDIFFERENT	LD-oujk6EwQ	MPREb_oTznNtUT8Si	UCTvFL9moq3fqJWz_uLFXnUA	ym 2010s late mb albums p2
Brujeria (Mixed)	DJ Chap	Fabriclive 100: Kode9 & Burial (DJ Mix)	INDIFFERENT	UPYc2N1oNU8	MPREb_oTznNtUT8Si	UCt5fvGIhtBgoof-UXCv1ufg	ym 2010s late mb albums p2
Magnetic (Mixed)	Cooly G	Fabriclive 100: Kode9 & Burial (DJ Mix)	INDIFFERENT	z-0iOGcCWU0	MPREb_oTznNtUT8Si	UC4u-wsAjhXAmRzXlNP6qpig	ym 2010s late mb albums p2
The Opening (Mixed)	Clementine	Fabriclive 100: Kode9 & Burial (DJ Mix)	INDIFFERENT	AuMo4dXbebY	MPREb_oTznNtUT8Si		ym 2010s late mb albums p2
Blood of an American	Bobby Wright	Late Night Tales: Floating Points	INDIFFERENT	GYiADd8muE4	MPREb_5HOpfBzfY02	UCGnuHdi1GPa6s4-S8NmKQTA	ym 2010s late mb albums p2
Black Acid (Mixed)	Black Acid	Fabriclive 100: Kode9 & Burial (DJ Mix)	INDIFFERENT	KfLjGDvWHSk	MPREb_oTznNtUT8Si		ym 2010s late mb albums p2
Richter: Dream 3 (in the midst of my life)	Ben Russell	Voyager - Essential Max Richter	INDIFFERENT	PajnCu1gDfo	MPREb_6vFFmb664HP	UCAmbAdKjhqWSrcNiLr1Z7sg	ym 2010s late mb albums p2
Ionia (Jlin Rework) (Mixed)	Ben Frost	Fabriclive 100: Kode9 & Burial (DJ Mix)	INDIFFERENT	T1B5ZzJ-5nk	MPREb_oTznNtUT8Si	UCkVpdmj34DNhG5PfEZ6KDRA	ym 2010s late mb albums p2
Eden Liquindi 2 (Mixed)	Baka Forest People Of Southeast Cameron	DJ-Kicks (Mixed Tracks)	INDIFFERENT	tWsTxa9gldg	MPREb_Wo1iKDWlDEt	UC0BdzYkBfv3PzlrDDYSdbrg	ym 2010s late mb albums p2
The Tunnel	Azimuth	Late Night Tales: Floating Points	INDIFFERENT	LRFqc1lUxqQ	MPREb_5HOpfBzfY02	UCF_F3d2e1bAsxNVHbZsn8Tw	ym 2010s late mb albums p2
Ŏŏ Nu Dah (Mixed)	Anna Homler & Steve Moshier	DJ-Kicks (Mixed Tracks)	INDIFFERENT	SAV3UpRNs6s	MPREb_Wo1iKDWlDEt	UCWRwfsJ1P09JPxxqJIaoSyg	ym 2010s late mb albums p2
With the Day Comes the Dawn (Mixed)	Anna Domino	DJ-Kicks (Mixed Tracks)	INDIFFERENT	YZc-j30Q7kg	MPREb_Wo1iKDWlDEt	UCWUKMxWznPS7LGTt6iMV19g	ym 2010s late mb albums p2
Sun Blues	Alain Bellaïche	Late Night Tales: Floating Points	INDIFFERENT	5ydQDxU2zi0	MPREb_5HOpfBzfY02	UCzWdqJvi49yCtVeTS_T63IA	ym 2010s late mb albums p2
Sea Fluorescent	Alain Bellaïche	Late Night Tales: Floating Points	INDIFFERENT	3YOJGJ0JjA0	MPREb_5HOpfBzfY02	UCzWdqJvi49yCtVeTS_T63IA	ym 2010s late mb albums p2
Junior's Tune [Digital Remix - Mixed] (feat. Junior Reid)	AK1200	Fabriclive 100: Kode9 & Burial (DJ Mix)	INDIFFERENT	5asTTJcCknQ	MPREb_oTznNtUT8Si		ym 2010s late mb albums p2
