	title	artist	album	likeStatus	duration	videoId	albumId	artistId
2806	Ascension	Tycho	Fragments / Ascension	LIKE	4:24	If81P8kjWeI	MPREb_VDnTa4MgzlI	UC6M6DgivBo3VHTYDa9BblqQ
2807	Ascension (Rob Garza of Thievery Corporation Remix)	Tycho	Fragments / Ascension	LIKE	5:09	QTXsvrKCE6s	MPREb_VDnTa4MgzlI	UC6M6DgivBo3VHTYDa9BblqQ
3901	Glass Museum	Tortoise	Millions Now Living Will Never Die	LIKE	5:28	WSkuNL-8r3I	MPREb_BKNaYYpZ4fb	UC4p81SffxAyf_EqpPU1zBaA
3810	Say That	Toro y Moi	Anything in Return	LIKE	4:45	48bihHfRJsk	MPREb_KCcBhRzFYI1	UCJikOjbf3VffCdLXTsbxfxg
3811	So Many Details	Toro y Moi	Anything in Return	LIKE	4:46	Pz0o5w4Beqw	MPREb_KCcBhRzFYI1	UCJikOjbf3VffCdLXTsbxfxg
3812	Rose Quartz	Toro y Moi	Anything in Return	LIKE	4:14	rdTvgM8CwL4	MPREb_KCcBhRzFYI1	UCJikOjbf3VffCdLXTsbxfxg
3815	Studies	Toro y Moi	Anything in Return	LIKE	4:03	1p9rnpEleCc	MPREb_KCcBhRzFYI1	UCJikOjbf3VffCdLXTsbxfxg
3816	High Living	Toro y Moi	Anything in Return	LIKE	4:20	0hh-XyVZDMc	MPREb_KCcBhRzFYI1	UCJikOjbf3VffCdLXTsbxfxg
3817	Grown Up Calls	Toro y Moi	Anything in Return	LIKE	3:29	M70wbWpFbdM	MPREb_KCcBhRzFYI1	UCJikOjbf3VffCdLXTsbxfxg
3849	Dead Pontoon	Toro y Moi	June 2009	LIKE	2:25	gwughJM2RTI	MPREb_xYK2tgFTnQb	UCJikOjbf3VffCdLXTsbxfxg
3822	Mirage	Toro Y Moi	Boo Boo	LIKE	5:10	OogtUQWYHck	MPREb_iskeONxPDbY	UCJikOjbf3VffCdLXTsbxfxg
3823	No Show	Toro Y Moi	Boo Boo	LIKE	3:15	wxfSBOrRz9s	MPREb_iskeONxPDbY	UCJikOjbf3VffCdLXTsbxfxg
3825	Pavement	Toro Y Moi	Boo Boo	LIKE	2:22	pj3c78DyMMU	MPREb_iskeONxPDbY	UCJikOjbf3VffCdLXTsbxfxg
3828	Embarcadero	Toro Y Moi	Boo Boo	LIKE	2:47	2b2CzFsBynw	MPREb_iskeONxPDbY	UCJikOjbf3VffCdLXTsbxfxg
3835	Blessa	Toro Y Moi	Causers Of This	LIKE	2:44	y_9geXMrvGk	MPREb_XCiXh3snT4i	UCJikOjbf3VffCdLXTsbxfxg
3836	Minors	Toro Y Moi	Causers Of This	LIKE	3:03	oqfk_MbbJic	MPREb_XCiXh3snT4i	UCJikOjbf3VffCdLXTsbxfxg
3837	Imprint After	Toro Y Moi	Causers Of This	LIKE	3:05	MOFMnoa1HO4	MPREb_XCiXh3snT4i	UCJikOjbf3VffCdLXTsbxfxg
3838	Lissoms	Toro Y Moi	Causers Of This	LIKE	2:14	u4Z1zXNRNbA	MPREb_XCiXh3snT4i	UCJikOjbf3VffCdLXTsbxfxg
3839	Fax Shadow	Toro Y Moi	Causers Of This	LIKE	2:52	yM44IjpN8jI	MPREb_XCiXh3snT4i	UCJikOjbf3VffCdLXTsbxfxg
3840	Thanks Vision	Toro Y Moi	Causers Of This	LIKE	3:45	t6rXywxmnP0	MPREb_XCiXh3snT4i	UCJikOjbf3VffCdLXTsbxfxg
3841	Freak Love	Toro Y Moi	Causers Of This	LIKE	2:53	OdtO5_lwwek	MPREb_XCiXh3snT4i	UCJikOjbf3VffCdLXTsbxfxg
3842	Talamak	Toro Y Moi	Causers Of This	LIKE	2:28	qNtMxFUxMKU	MPREb_XCiXh3snT4i	UCJikOjbf3VffCdLXTsbxfxg
3843	You Hid	Toro Y Moi	Causers Of This	LIKE	3:25	HDv8TiGFmNU	MPREb_XCiXh3snT4i	UCJikOjbf3VffCdLXTsbxfxg
3844	Low Shoulder	Toro Y Moi	Causers Of This	LIKE	3:37	XAvlbbxVW1M	MPREb_XCiXh3snT4i	UCJikOjbf3VffCdLXTsbxfxg
3845	Causers Of This	Toro Y Moi	Causers Of This	LIKE	3:03	gGfyKLHwt2w	MPREb_XCiXh3snT4i	UCJikOjbf3VffCdLXTsbxfxg
3848	Girl Problems	Toro Y Moi	June 2009	LIKE	2:44	GGZ86o-l9VQ	MPREb_xYK2tgFTnQb	UCJikOjbf3VffCdLXTsbxfxg
3856	Divina	Toro Y Moi	Live from Trona	LIKE	1:53	k11vvWpWogo	MPREb_9fsvKIFYaok	UCJikOjbf3VffCdLXTsbxfxg
3857	What You Want	Toro Y Moi	Live from Trona	LIKE	3:34	psOgN2ttPWo	MPREb_9fsvKIFYaok	UCJikOjbf3VffCdLXTsbxfxg
3858	Buffalo	Toro Y Moi	Live from Trona	LIKE	3:19	vz37orwU8R8	MPREb_9fsvKIFYaok	UCJikOjbf3VffCdLXTsbxfxg
3859	Still Sound	Toro Y Moi	Live from Trona	LIKE	4:23	HujwLvP1R-o	MPREb_9fsvKIFYaok	UCJikOjbf3VffCdLXTsbxfxg
3861	Half Dome	Toro Y Moi	Live from Trona	LIKE	3:27	iqGM2VQeemw	MPREb_9fsvKIFYaok	UCJikOjbf3VffCdLXTsbxfxg
3862	The Flight	Toro Y Moi	Live from Trona	LIKE	4:42	i2Q3nRQWk4E	MPREb_9fsvKIFYaok	UCJikOjbf3VffCdLXTsbxfxg
3863	JBS (feat. The Mattson 2)	Toro Y Moi	Live from Trona	LIKE	6:33	oSvDcpzRzOs	MPREb_9fsvKIFYaok	UCJikOjbf3VffCdLXTsbxfxg
3864	Lilly	Toro Y Moi	Live from Trona	LIKE	4:08	aCa6ef4VCaI	MPREb_9fsvKIFYaok	UCJikOjbf3VffCdLXTsbxfxg
3865	High Living	Toro Y Moi	Live from Trona	LIKE	4:20	PnbjwRy-3SU	MPREb_9fsvKIFYaok	UCJikOjbf3VffCdLXTsbxfxg
3869	Fading	Toro Y Moi	Outer Peace	LIKE	3:18	LuPBr5sYCz0	MPREb_0WQCIKBWcbz	UCJikOjbf3VffCdLXTsbxfxg
3870	Ordinary Pleasure	Toro Y Moi	Outer Peace	LIKE	3:04	fAbLV5fL_mY	MPREb_0WQCIKBWcbz	UCJikOjbf3VffCdLXTsbxfxg
3875	Freelance	Toro Y Moi	Outer Peace	LIKE	3:46	hGXSFL3Bhs0	MPREb_0WQCIKBWcbz	UCJikOjbf3VffCdLXTsbxfxg
3878	50-50 (feat. Instupendo)	Toro Y Moi	Outer Peace	LIKE	3:27	B3jIRkfQCjw	MPREb_0WQCIKBWcbz	UCJikOjbf3VffCdLXTsbxfxg
3880	New Beat	Toro Y Moi	Underneath The Pine	LIKE	4:05	HMunF9tKHDs	MPREb_6ZYb8GZKE4l	UCJikOjbf3VffCdLXTsbxfxg
3881	Go With You	Toro Y Moi	Underneath The Pine	LIKE	3:58	uCaVw3hTEeM	MPREb_6ZYb8GZKE4l	UCJikOjbf3VffCdLXTsbxfxg
3883	Before I'm Done	Toro Y Moi	Underneath The Pine	LIKE	2:43	4HNZnF-6fWw	MPREb_6ZYb8GZKE4l	UCJikOjbf3VffCdLXTsbxfxg
3884	Got Blinded	Toro Y Moi	Underneath The Pine	LIKE	3:10	IUxYbgULRno	MPREb_6ZYb8GZKE4l	UCJikOjbf3VffCdLXTsbxfxg
3885	How I Know	Toro Y Moi	Underneath The Pine	LIKE	4:06	sjQjRdM89Cw	MPREb_6ZYb8GZKE4l	UCJikOjbf3VffCdLXTsbxfxg
3887	Still Sound	Toro Y Moi	Underneath The Pine	LIKE	4:30	YAgZKT32qNk	MPREb_6ZYb8GZKE4l	UCJikOjbf3VffCdLXTsbxfxg
3888	Good Hold	Toro Y Moi	Underneath The Pine	LIKE	2:28	P1_WIuwRfWk	MPREb_6ZYb8GZKE4l	UCJikOjbf3VffCdLXTsbxfxg
3890	What You Want	Toro Y Moi	What For?	LIKE	3:27	jMeJoHYOPK4	MPREb_TVCl3WxfM0h	UCJikOjbf3VffCdLXTsbxfxg
3892	The Flight	Toro Y Moi	What For?	LIKE	4:00	279GsO2EUJI	MPREb_TVCl3WxfM0h	UCJikOjbf3VffCdLXTsbxfxg
3893	Empty Nesters	Toro Y Moi	What For?	LIKE	3:44	KguwH-YqcDU	MPREb_TVCl3WxfM0h	UCJikOjbf3VffCdLXTsbxfxg
3895	Lilly	Toro Y Moi	What For?	LIKE	4:28	sUFcjunV3h8	MPREb_TVCl3WxfM0h	UCJikOjbf3VffCdLXTsbxfxg
3897	Half Dome	Toro Y Moi	What For?	LIKE	3:16	ZqcgmEzmJNg	MPREb_TVCl3WxfM0h	UCJikOjbf3VffCdLXTsbxfxg
3899	Yeah Right	Toro Y Moi	What For?	LIKE	6:12	R1_dVQVdk6s	MPREb_TVCl3WxfM0h	UCJikOjbf3VffCdLXTsbxfxg
3789	Funky Kingston	Toots & The Maytals	Funky Kingston	LIKE	4:55	Or2_x8hsGTs	MPREb_gvvgAulHpvF	UC2863SnaB0ZHk7G9KwjGvMA
3791	Louie, Louie	Toots & The Maytals	Funky Kingston	LIKE	4:28	BlFGvTtGMBI	MPREb_gvvgAulHpvF	UC2863SnaB0ZHk7G9KwjGvMA
3794	Country Road	Toots & The Maytals	Funky Kingston	LIKE	3:25	raH3gShAylo	MPREb_gvvgAulHpvF	UC2863SnaB0ZHk7G9KwjGvMA
3795	Pressure Drop	Toots & The Maytals	Funky Kingston	LIKE	3:49	DKVB_CtU8XQ	MPREb_gvvgAulHpvF	UC2863SnaB0ZHk7G9KwjGvMA
3751	In the Trunk	Too $hort	Shorty The Pimp	LIKE	5:50	tf8DOOXVRZM	MPREb_uSXZHPenQDn	UC7kG2xPW0nmPMkU5MIrukHQ
3754	No Love From Oakland	Too $hort	Shorty The Pimp	LIKE	8:26	PuhSPoea_kU	MPREb_uSXZHPenQDn	UC7kG2xPW0nmPMkU5MIrukHQ
3736	Loco's Lament	Tommy Guerrero	No Mans Land	LIKE	2:24	G27pL-gBjnM	MPREb_lwRMNxxPRO2	UCsZx_92ubPsc-kgCWxkQ0xw
3747	Malas Tierras	Tommy Guerrero	No Mans Land	LIKE	3:11	i0GyJt-dILU	MPREb_lwRMNxxPRO2	UCsZx_92ubPsc-kgCWxkQ0xw
3557	Alice	Tom Waits	Alice	LIKE	4:29	SsgDQniTY10	MPREb_fMf9nJZZ2mW	UC39N3pyt2Z15oOMjouokl8A
3586	Dirt In The Ground	Tom Waits	Bone Machine	LIKE	4:07	mC44eWbeYPs	MPREb_zerdgY4WnVT	UC39N3pyt2Z15oOMjouokl8A
3591	Jesus Gonna Be Here	Tom Waits	Bone Machine	LIKE	3:18	a7W9Lz6QtNE	MPREb_zerdgY4WnVT	UC39N3pyt2Z15oOMjouokl8A
3594	Goin' Out West	Tom Waits	Bone Machine	LIKE	3:20	3uhUslw3iHQ	MPREb_zerdgY4WnVT	UC39N3pyt2Z15oOMjouokl8A
3595	Murder In The Red Barn	Tom Waits	Bone Machine	LIKE	4:28	n2A5SxccpGk	MPREb_zerdgY4WnVT	UC39N3pyt2Z15oOMjouokl8A
3596	Black Wings	Tom Waits	Bone Machine	LIKE	4:35	LzTR3ug7lls	MPREb_zerdgY4WnVT	UC39N3pyt2Z15oOMjouokl8A
3601	Hang On St. Christopher	Tom Waits	Franks Wild Years	LIKE	2:44	0gX6psVPrCw	MPREb_oxq4G8MJTpf	UC39N3pyt2Z15oOMjouokl8A
3603	Blow Wind Blow	Tom Waits	Franks Wild Years	LIKE	3:35	oVZbhD1Emoo	MPREb_oxq4G8MJTpf	UC39N3pyt2Z15oOMjouokl8A
3604	Temptation	Tom Waits	Franks Wild Years	LIKE	3:53	B3ufKYuWJIU	MPREb_oxq4G8MJTpf	UC39N3pyt2Z15oOMjouokl8A
3606	I'll Be Gone	Tom Waits	Franks Wild Years	LIKE	3:12	5XDshxImbe8	MPREb_oxq4G8MJTpf	UC39N3pyt2Z15oOMjouokl8A
3608	Please Wake Me Up	Tom Waits	Franks Wild Years	LIKE	3:33	uPAzb2uF7qQ	MPREb_oxq4G8MJTpf	UC39N3pyt2Z15oOMjouokl8A
3610	More Than Rain	Tom Waits	Franks Wild Years	LIKE	3:51	11lTn2GLNnA	MPREb_oxq4G8MJTpf	UC39N3pyt2Z15oOMjouokl8A
3611	Way Down In The Hole	Tom Waits	Franks Wild Years	LIKE	3:30	ngNnnv1HKAI	MPREb_oxq4G8MJTpf	UC39N3pyt2Z15oOMjouokl8A
3614	Telephone Call From Istanbul	Tom Waits	Franks Wild Years	LIKE	3:11	nRBmNhIuetQ	MPREb_oxq4G8MJTpf	UC39N3pyt2Z15oOMjouokl8A
3615	Cold Cold Ground	Tom Waits	Franks Wild Years	LIKE	4:07	iImgNGcceLM	MPREb_oxq4G8MJTpf	UC39N3pyt2Z15oOMjouokl8A
3618	Heartattack And Vine	Tom Waits	Heartattack And Vine	LIKE	4:51	lIsIZx258pE	MPREb_8fkDXRMxRaD	UC39N3pyt2Z15oOMjouokl8A
3619	In Shades	Tom Waits	Heartattack And Vine	LIKE	4:26	gVI69HsZe_Y	MPREb_8fkDXRMxRaD	UC39N3pyt2Z15oOMjouokl8A
3627	Big In Japan	Tom Waits	Mule Variations	LIKE	4:06	oRIgYJQYjMA	MPREb_vCaTpyVXV6B	UC39N3pyt2Z15oOMjouokl8A
3628	Lowside Of The Road	Tom Waits	Mule Variations	LIKE	3:00	Nkpdx7wVcJk	MPREb_vCaTpyVXV6B	UC39N3pyt2Z15oOMjouokl8A
3630	Get Behind The Mule	Tom Waits	Mule Variations	LIKE	6:53	dKYtKiCjzp8	MPREb_vCaTpyVXV6B	UC39N3pyt2Z15oOMjouokl8A
3632	Cold Water	Tom Waits	Mule Variations	LIKE	5:24	lkTGsYslFpI	MPREb_vCaTpyVXV6B	UC39N3pyt2Z15oOMjouokl8A
3635	Black Market Baby	Tom Waits	Mule Variations	LIKE	5:03	1InIUrqpSWU	MPREb_vCaTpyVXV6B	UC39N3pyt2Z15oOMjouokl8A
3638	Chocolate Jesus	Tom Waits	Mule Variations	LIKE	3:56	cjsYv22QgGM	MPREb_vCaTpyVXV6B	UC39N3pyt2Z15oOMjouokl8A
3662	Clap Hands	Tom Waits	Rain Dogs	LIKE	3:46	gZ7vdW_C8KQ	MPREb_LPjbNrvEtOo	UC39N3pyt2Z15oOMjouokl8A
3665	Tango Till They're Sore	Tom Waits	Rain Dogs	LIKE	2:51	cmRzZX4dRSw	MPREb_LPjbNrvEtOo	UC39N3pyt2Z15oOMjouokl8A
3667	Diamonds And Gold	Tom Waits	Rain Dogs	LIKE	2:32	RE4HpZ8YGiM	MPREb_LPjbNrvEtOo	UC39N3pyt2Z15oOMjouokl8A
3670	Rain Dogs	Tom Waits	Rain Dogs	LIKE	2:55	rUJB4as2Nos	MPREb_LPjbNrvEtOo	UC39N3pyt2Z15oOMjouokl8A
3673	Gun Street Girl	Tom Waits	Rain Dogs	LIKE	4:37	kHuX16Pt3ng	MPREb_LPjbNrvEtOo	UC39N3pyt2Z15oOMjouokl8A
3676	Walking Spanish	Tom Waits	Rain Dogs	LIKE	3:06	hmY2it84SDw	MPREb_LPjbNrvEtOo	UC39N3pyt2Z15oOMjouokl8A
3678	Bride Of Rain Dog	Tom Waits	Rain Dogs	LIKE	1:08	lIXGGYxNAWA	MPREb_LPjbNrvEtOo	UC39N3pyt2Z15oOMjouokl8A
3680	Top of the Hill	Tom Waits	Real Gone	LIKE	4:54	u3c3XWHkEcg	MPREb_Ri9DiLf1ZaA	UC39N3pyt2Z15oOMjouokl8A
3685	How's It Gonna End	Tom Waits	Real Gone	LIKE	4:51	iX64Yd29AnE	MPREb_Ri9DiLf1ZaA	UC39N3pyt2Z15oOMjouokl8A
3687	Dead and Lovely	Tom Waits	Real Gone	LIKE	5:40	EeH7JBgWEY0	MPREb_Ri9DiLf1ZaA	UC39N3pyt2Z15oOMjouokl8A
3693	Make It Rain	Tom Waits	Real Gone	LIKE	3:39	JgWib8WAEWY	MPREb_Ri9DiLf1ZaA	UC39N3pyt2Z15oOMjouokl8A
3701	Invitation To The Blues	Tom Waits	Small Change	LIKE	5:24	dmHtpCixKtQ	MPREb_bcX23G6xXPH	UC39N3pyt2Z15oOMjouokl8A
3707	Underground	Tom Waits	Swordfishtrombones	LIKE	2:00	Lz-s5aGTmwI	MPREb_p5UIObb6Oxo	UC39N3pyt2Z15oOMjouokl8A
3708	Shore Leave	Tom Waits	Swordfishtrombones	LIKE	4:17	62g4KkFeU0M	MPREb_p5UIObb6Oxo	UC39N3pyt2Z15oOMjouokl8A
3709	Dave The Butcher	Tom Waits	Swordfishtrombones	LIKE	2:20	vgQDmE0MO8g	MPREb_p5UIObb6Oxo	UC39N3pyt2Z15oOMjouokl8A
3714	Just Another Sucker On The Vine	Tom Waits	Swordfishtrombones	LIKE	1:46	KEi0aLUOLKY	MPREb_p5UIObb6Oxo	UC39N3pyt2Z15oOMjouokl8A
3715	Frank's Wild Years	Tom Waits	Swordfishtrombones	LIKE	1:52	AoMAjmHfmAk	MPREb_p5UIObb6Oxo	UC39N3pyt2Z15oOMjouokl8A
3716	Swordfishtrombone	Tom Waits	Swordfishtrombones	LIKE	3:08	hlwtijFsDMw	MPREb_p5UIObb6Oxo	UC39N3pyt2Z15oOMjouokl8A
3719	Gin Soaked Boy	Tom Waits	Swordfishtrombones	LIKE	2:24	5oCYm5ItxIc	MPREb_p5UIObb6Oxo	UC39N3pyt2Z15oOMjouokl8A
3721	Rainbirds	Tom Waits	Swordfishtrombones	LIKE	3:14	boAJNKYH4us	MPREb_p5UIObb6Oxo	UC39N3pyt2Z15oOMjouokl8A
3722	New Coat Of Paint	Tom Waits	The Heart Of Saturday Night	LIKE	3:23	Aa_WcN3FkJk	MPREb_DBhApQtkwOR	UC39N3pyt2Z15oOMjouokl8A
3726	Diamonds On My Windshield	Tom Waits	The Heart Of Saturday Night	LIKE	3:13	WCiARrEneYs	MPREb_DBhApQtkwOR	UC39N3pyt2Z15oOMjouokl8A
3728	Fumblin' With The Blues	Tom Waits	The Heart Of Saturday Night	LIKE	3:03	4pcupRnv4UQ	MPREb_DBhApQtkwOR	UC39N3pyt2Z15oOMjouokl8A
3731	Drunk On The Moon	Tom Waits	The Heart Of Saturday Night	LIKE	5:07	ajF5Wv5GdkM	MPREb_DBhApQtkwOR	UC39N3pyt2Z15oOMjouokl8A
3732	The Ghosts Of Saturday Night (After Hours At Napoleone's Pizza House)	Tom Waits	The Heart Of Saturday Night	LIKE	3:18	IRY2vm99yeU	MPREb_DBhApQtkwOR	UC39N3pyt2Z15oOMjouokl8A
3538	Refugee	Tom Petty And The Heartbreakers	Damn The Torpedoes	LIKE	3:21	YbWDV72oQlo	MPREb_A6PPpbkbfoU	UC6hGusDLTI8bW-P4pMYdIqA
3543	Don't Do Me Like That	Tom Petty And The Heartbreakers	Damn The Torpedoes	LIKE	2:41	EFkJ_BOz88E	MPREb_A6PPpbkbfoU	UC6hGusDLTI8bW-P4pMYdIqA
3548	Breakdown	Tom Petty And The Heartbreakers	Tom Petty & The Heartbreakers	LIKE	2:44	dqxns-JTTqA	MPREb_hB9NV38ExBN	UC6hGusDLTI8bW-P4pMYdIqA
3556	American Girl	Tom Petty And The Heartbreakers	Tom Petty & The Heartbreakers	LIKE	3:34	SIhb-kNvL6M	MPREb_hB9NV38ExBN	UC6hGusDLTI8bW-P4pMYdIqA
3526	Free Fallin'	Tom Petty	Full Moon Fever	LIKE	4:16	PIuAFrLeXfY	MPREb_DYgLTIGWoaC	UC6hGusDLTI8bW-P4pMYdIqA
3527	I Won't Back Down	Tom Petty	Full Moon Fever	LIKE	2:58	3efKaFVBcMU	MPREb_DYgLTIGWoaC	UC6hGusDLTI8bW-P4pMYdIqA
3530	Runnin' Down A Dream	Tom Petty	Full Moon Fever	LIKE	4:52	8MUg8mpnhvQ	MPREb_DYgLTIGWoaC	UC6hGusDLTI8bW-P4pMYdIqA
3489	What Kinda Music	Tom Misch	What Kinda Music	LIKE	3:51	x30wgUCt72k	MPREb_kNg5Xp4BMf0	UCCCWJwLEvpPAs4r_nJiKe2Q
3490	Festival	Tom Misch	What Kinda Music	LIKE	4:43	-E3aq6DpvMg	MPREb_kNg5Xp4BMf0	UCCCWJwLEvpPAs4r_nJiKe2Q
3491	Nightrider (feat. Freddie Gibbs)	Tom Misch	What Kinda Music	LIKE	5:01	lSuillN8DaY	MPREb_kNg5Xp4BMf0	UCCCWJwLEvpPAs4r_nJiKe2Q
3494	The Real	Tom Misch	What Kinda Music	LIKE	2:42	so6BBAph-FM	MPREb_kNg5Xp4BMf0	UCCCWJwLEvpPAs4r_nJiKe2Q
3466	Favourite Food	Tokyo Police Club	Champ	LIKE	3:55	4yjb3JVJVto	MPREb_lH7i6o4dNnu	UCU8u_kwUREE7p7tDBVx6qoQ
3467	Favourite Colour	Tokyo Police Club	Champ	LIKE	2:38	WIaeuDK_hRU	MPREb_lH7i6o4dNnu	UCU8u_kwUREE7p7tDBVx6qoQ
3468	Breakneck Speed	Tokyo Police Club	Champ	LIKE	3:44	SRRgM9ZCbJw	MPREb_lH7i6o4dNnu	UCU8u_kwUREE7p7tDBVx6qoQ
3469	Wait Up (Boots of Danger)	Tokyo Police Club	Champ	LIKE	3:08	yDgctMnkplE	MPREb_lH7i6o4dNnu	UCU8u_kwUREE7p7tDBVx6qoQ
3470	Bambi	Tokyo Police Club	Champ	LIKE	2:46	HM0j2f50cTc	MPREb_lH7i6o4dNnu	UCU8u_kwUREE7p7tDBVx6qoQ
3471	End of a Spark	Tokyo Police Club	Champ	LIKE	3:37	MNF-I5NwiRo	MPREb_lH7i6o4dNnu	UCU8u_kwUREE7p7tDBVx6qoQ
3472	Hands Reversed	Tokyo Police Club	Champ	LIKE	3:19	FM1RPgb5PRM	MPREb_lH7i6o4dNnu	UCU8u_kwUREE7p7tDBVx6qoQ
3473	Gone	Tokyo Police Club	Champ	LIKE	3:04	u82_FMHeFLk	MPREb_lH7i6o4dNnu	UCU8u_kwUREE7p7tDBVx6qoQ
3474	Big Difference	Tokyo Police Club	Champ	LIKE	2:58	JCvEmyMlnH4	MPREb_lH7i6o4dNnu	UCU8u_kwUREE7p7tDBVx6qoQ
3475	Not Sick	Tokyo Police Club	Champ	LIKE	2:58	poDxg6sJlkY	MPREb_lH7i6o4dNnu	UCU8u_kwUREE7p7tDBVx6qoQ
3476	Frankenstein	Tokyo Police Club	Champ	LIKE	3:31	J67_5LfWqGA	MPREb_lH7i6o4dNnu	UCU8u_kwUREE7p7tDBVx6qoQ
3477	First Date Kit	Tokyo Police Club	Champ	LIKE	2:35	-c060jTCH9k	MPREb_lH7i6o4dNnu	UCU8u_kwUREE7p7tDBVx6qoQ
3479	In A Cave	Tokyo Police Club	Elephant Shell	LIKE	2:49	qqVpezfAQRo	MPREb_iPifNEgocJj	UCU8u_kwUREE7p7tDBVx6qoQ
3482	Tessellate	Tokyo Police Club	Elephant Shell	LIKE	2:39	3Rc0TcTH1Pc	MPREb_iPifNEgocJj	UCU8u_kwUREE7p7tDBVx6qoQ
3486	Your English Is Good	Tokyo Police Club	Elephant Shell	LIKE	3:11	aZJeSHic2iI	MPREb_iPifNEgocJj	UCU8u_kwUREE7p7tDBVx6qoQ
3461	Rainforests	Tokyo Hands	Islands	LIKE	3:27	h6P9cccHDNo	MPREb_N5GfsIiIteX	UCoLU6qfnM8k5NtcIVFDnXnA
3462	Letters	Tokyo Hands	Islands	LIKE	3:51	__0DrVGMgwE	MPREb_N5GfsIiIteX	UCoLU6qfnM8k5NtcIVFDnXnA
3464	Down 4 U	Tokyo Hands	Islands	LIKE	5:49	XLw6b78sJWs	MPREb_N5GfsIiIteX	UCoLU6qfnM8k5NtcIVFDnXnA
3399	I Saw the Light	Todd Rundgren	Something / Anything?	LIKE	3:01	C5zPHZ3i_FU	MPREb_nledYPFK91n	UCib5cKFdDMXgDJ-B8PoT6rQ
3400	It Wouldn't Have Made Any Difference	Todd Rundgren	Something / Anything?	LIKE	3:52	YvO4_2QXjFo	MPREb_nledYPFK91n	UCib5cKFdDMXgDJ-B8PoT6rQ
3420	Hello It's Me	Todd Rundgren	Something / Anything?	LIKE	4:38	cDCwpLfivEU	MPREb_nledYPFK91n	UCib5cKFdDMXgDJ-B8PoT6rQ
3387	Can't Stop Thinking About You	Tobias Jesso Jr.	Goon	LIKE	3:53	6WYPNk260Q4	MPREb_O0euvO0PeFz	UCRdPQhscm-0mnq6gJbK3zpg
3389	Without You	Tobias Jesso Jr.	Goon	LIKE	5:09	6WTw0bvPdyc	MPREb_O0euvO0PeFz	UCRdPQhscm-0mnq6gJbK3zpg
3393	For You	Tobias Jesso Jr.	Goon	LIKE	3:08	aDqt5wlCAc0	MPREb_O0euvO0PeFz	UCRdPQhscm-0mnq6gJbK3zpg
3394	Crocodile Tears	Tobias Jesso Jr.	Goon	LIKE	2:22	Vky0u__Bo9M	MPREb_O0euvO0PeFz	UCRdPQhscm-0mnq6gJbK3zpg
3320	Possum Kingdom	Toadies	Rubberneck	LIKE	5:09	zm-QI2_i2oQ	MPREb_Cz3sIsiDAyf	UCIm5pgtqD7m5gmwvuuklvdA
3324	Tyler	Toadies	Rubberneck	LIKE	4:13	5P1iHVgbqbY	MPREb_Cz3sIsiDAyf	UCIm5pgtqD7m5gmwvuuklvdA
3115	Escape Me (feat. C.C. Sheffield)	Tiësto	Kaleidoscope	LIKE	4:18	EAoMV_QWTVU	MPREb_6vEKQojw3WW	UC8VSaPhuiHkjobAgNpRqLIA
3119	Here On Earth (feat. Cary Brothers)	Tiësto	Kaleidoscope	LIKE	4:56	R3DiXKMf4kI	MPREb_6vEKQojw3WW	UC8VSaPhuiHkjobAgNpRqLIA
3120	Always Near	Tiësto	Kaleidoscope	LIKE	1:34	J9P6uDBwDOA	MPREb_6vEKQojw3WW	UC8VSaPhuiHkjobAgNpRqLIA
3122	Fresh Fruit	Tiësto	Kaleidoscope	LIKE	5:24	_26_8VRvRfw	MPREb_6vEKQojw3WW	UC8VSaPhuiHkjobAgNpRqLIA
3126	LA Ride	Tiësto	Kaleidoscope	LIKE	4:14	a-HR4tSZGI0	MPREb_6vEKQojw3WW	UC8VSaPhuiHkjobAgNpRqLIA
3127	Bend It Like You Don't Care	Tiësto	Kaleidoscope	LIKE	3:24	Qoy5t4Yh0gc	MPREb_6vEKQojw3WW	UC8VSaPhuiHkjobAgNpRqLIA
3129	Louder Than Boom	Tiësto	Kaleidoscope	LIKE	4:11	BjHKa43XMB8	MPREb_6vEKQojw3WW	UC8VSaPhuiHkjobAgNpRqLIA
3301	Fine Again	Tirzah	Devotion	LIKE	2:54	kA5D6u_7wZ0	MPREb_uzUdf71X3ll	UCnqWaVNNo1J_I6QoIPvlz2w
3302	Do You Know	Tirzah	Devotion	LIKE	3:38	_ccinIewbts	MPREb_uzUdf71X3ll	UCnqWaVNNo1J_I6QoIPvlz2w
3303	Gladly	Tirzah	Devotion	LIKE	3:42	vZtO2xRHgFQ	MPREb_uzUdf71X3ll	UCnqWaVNNo1J_I6QoIPvlz2w
3305	Affection	Tirzah	Devotion	LIKE	3:42	wKcWtbLwVlA	MPREb_uzUdf71X3ll	UCnqWaVNNo1J_I6QoIPvlz2w
3306	Basic Need	Tirzah	Devotion	LIKE	3:21	65Qh1yYdRVw	MPREb_uzUdf71X3ll	UCnqWaVNNo1J_I6QoIPvlz2w
3308	Devotion (feat. Coby Sey)	Tirzah	Devotion	LIKE	4:15	ZhkzZyaFFDM	MPREb_uzUdf71X3ll	UCnqWaVNNo1J_I6QoIPvlz2w
3309	Go Now	Tirzah	Devotion	LIKE	3:07	KRI0exXzbys	MPREb_uzUdf71X3ll	UCnqWaVNNo1J_I6QoIPvlz2w
3274	Bad Ritual	Timber Timbre	Creep On Creepin' On	LIKE	3:08	x3N6jt8znTs	MPREb_F4qGxAP1kH1	UC5VCJhyZM1tVz7IC2Uzdg8w
3276	Creep On Creepin' On	Timber Timbre	Creep On Creepin' On	LIKE	4:00	rLRTu2MpKsU	MPREb_F4qGxAP1kH1	UC5VCJhyZM1tVz7IC2Uzdg8w
3277	Black Water	Timber Timbre	Creep On Creepin' On	LIKE	6:00	_K1yTBg8t14	MPREb_F4qGxAP1kH1	UC5VCJhyZM1tVz7IC2Uzdg8w
3279	Woman	Timber Timbre	Creep On Creepin' On	LIKE	3:52	IIqJIZqsM4w	MPREb_F4qGxAP1kH1	UC5VCJhyZM1tVz7IC2Uzdg8w
3280	Too Old To Die Young	Timber Timbre	Creep On Creepin' On	LIKE	4:53	IYcJMLKMtK4	MPREb_F4qGxAP1kH1	UC5VCJhyZM1tVz7IC2Uzdg8w
3282	Do I Have Power	Timber Timbre	Creep On Creepin' On	LIKE	4:32	M32ncFNlwgQ	MPREb_F4qGxAP1kH1	UC5VCJhyZM1tVz7IC2Uzdg8w
3286	Skin Tone	Timber Timbre	Sincerely, Future Pollution	LIKE	3:11	z-F7elX5Kd8	MPREb_3bGevhxMUKB	UC5VCJhyZM1tVz7IC2Uzdg8w
3287	Moment	Timber Timbre	Sincerely, Future Pollution	LIKE	5:45	HHtVl1oyh04	MPREb_3bGevhxMUKB	UC5VCJhyZM1tVz7IC2Uzdg8w
3288	Sewer Blues	Timber Timbre	Sincerely, Future Pollution	LIKE	4:37	v21O8q6b73U	MPREb_3bGevhxMUKB	UC5VCJhyZM1tVz7IC2Uzdg8w
3289	Western Questions	Timber Timbre	Sincerely, Future Pollution	LIKE	4:40	Vy9ZdqdZD-I	MPREb_3bGevhxMUKB	UC5VCJhyZM1tVz7IC2Uzdg8w
3291	Bleu Nuit	Timber Timbre	Sincerely, Future Pollution	LIKE	4:05	RMhHclhvD0A	MPREb_3bGevhxMUKB	UC5VCJhyZM1tVz7IC2Uzdg8w
3293	Lay Down In The Tall Grass	Timber Timbre	Timber Timbre	LIKE	5:36	Sz8shPYTHOs	MPREb_4tw8EIFiH53	UC5VCJhyZM1tVz7IC2Uzdg8w
3294	Until The Night Is Over	Timber Timbre	Timber Timbre	LIKE	3:58	IglftnCPk_o	MPREb_4tw8EIFiH53	UC5VCJhyZM1tVz7IC2Uzdg8w
3295	Magic Arrow	Timber Timbre	Timber Timbre	LIKE	6:04	6uUa_OkFjWo	MPREb_4tw8EIFiH53	UC5VCJhyZM1tVz7IC2Uzdg8w
3296	We'll Find Out	Timber Timbre	Timber Timbre	LIKE	2:38	0vnAa6sNoTE	MPREb_4tw8EIFiH53	UC5VCJhyZM1tVz7IC2Uzdg8w
3297	I Get Low	Timber Timbre	Timber Timbre	LIKE	5:10	q_xVYBlaW4c	MPREb_4tw8EIFiH53	UC5VCJhyZM1tVz7IC2Uzdg8w
3298	Trouble Comes Knocking	Timber Timbre	Timber Timbre	LIKE	5:26	iVGPP3eP7rU	MPREb_4tw8EIFiH53	UC5VCJhyZM1tVz7IC2Uzdg8w
3299	No Bold Villain	Timber Timbre	Timber Timbre	LIKE	3:51	lF8NxVYpVzk	MPREb_4tw8EIFiH53	UC5VCJhyZM1tVz7IC2Uzdg8w
3264	Brother Father Mother Sister	Tim Maia	World Psychedelic Classics 4: Nobody Can Live Forever: The Existential Soul of Tim Maia	LIKE	3:20	Rtwth5KRaOI	MPREb_XUigxv9WBl7	UCQm7LSEuBoLHVIjWnDctW2Q
3265	Do Leme Ao Pontal	Tim Maia	World Psychedelic Classics 4: Nobody Can Live Forever: The Existential Soul of Tim Maia	LIKE	3:13	x3IbP64yvCo	MPREb_XUigxv9WBl7	UCQm7LSEuBoLHVIjWnDctW2Q
3267	I Don't Care	Tim Maia	World Psychedelic Classics 4: Nobody Can Live Forever: The Existential Soul of Tim Maia	LIKE	2:48	3vPuXwrHrhs	MPREb_XUigxv9WBl7	UCQm7LSEuBoLHVIjWnDctW2Q
3269	Where is My Other Half	Tim Maia	World Psychedelic Classics 4: Nobody Can Live Forever: The Existential Soul of Tim Maia	LIKE	4:01	Kc-uwt-7Otk	MPREb_XUigxv9WBl7	UCQm7LSEuBoLHVIjWnDctW2Q
3270	Over Again	Tim Maia	World Psychedelic Classics 4: Nobody Can Live Forever: The Existential Soul of Tim Maia	LIKE	3:25	WV-l_2C1MkY	MPREb_XUigxv9WBl7	UCQm7LSEuBoLHVIjWnDctW2Q
3190	Uptown Psychedelia	Tim Hecker & Daniel Lopatin	Instrumental Tourist	LIKE	5:57	rmUZQlMGtDc	MPREb_jCPUwM74wr6	UC-PVsgu8UpfcER8RfJqUgyQ
3191	Scene From A French Zoo	Tim Hecker & Daniel Lopatin	Instrumental Tourist	LIKE	4:59	AdTkbdWjZOY	MPREb_jCPUwM74wr6	UC-PVsgu8UpfcER8RfJqUgyQ
3192	Vaccination (For Thomas Mann)	Tim Hecker & Daniel Lopatin	Instrumental Tourist	LIKE	5:52	Gpw6GfZxY5Q	MPREb_jCPUwM74wr6	UC-PVsgu8UpfcER8RfJqUgyQ
3194	Whole Earth Tascam	Tim Hecker & Daniel Lopatin	Instrumental Tourist	LIKE	5:00	TuRZjoHEje4	MPREb_jCPUwM74wr6	UC-PVsgu8UpfcER8RfJqUgyQ
3198	Grey Geisha	Tim Hecker & Daniel Lopatin	Instrumental Tourist	LIKE	4:17	_cypMKQxqks	MPREb_jCPUwM74wr6	UC-PVsgu8UpfcER8RfJqUgyQ
3201	Vaccination No.2	Tim Hecker & Daniel Lopatin	Instrumental Tourist	LIKE	3:12	B4Zjo3AACog	MPREb_jCPUwM74wr6	UC-PVsgu8UpfcER8RfJqUgyQ
3202	Rainbow Blood	Tim Hecker	Harmony in Ultraviolet	LIKE	1:52	DybgSzP7NNc	MPREb_3l6J4xrXgiY	UC-PVsgu8UpfcER8RfJqUgyQ
3205	Chimeras	Tim Hecker	Harmony in Ultraviolet	LIKE	3:13	PNKTsJMYtPE	MPREb_3l6J4xrXgiY	UC-PVsgu8UpfcER8RfJqUgyQ
3206	Dungeoneering	Tim Hecker	Harmony in Ultraviolet	LIKE	5:24	b236Lg3PYAw	MPREb_3l6J4xrXgiY	UC-PVsgu8UpfcER8RfJqUgyQ
3209	Harmony in Blue I	Tim Hecker	Harmony in Ultraviolet	LIKE	1:31	-k2gL5pnGd4	MPREb_3l6J4xrXgiY	UC-PVsgu8UpfcER8RfJqUgyQ
3214	Whitecaps of White Noise I	Tim Hecker	Harmony in Ultraviolet	LIKE	7:29	fjTjln54Phc	MPREb_3l6J4xrXgiY	UC-PVsgu8UpfcER8RfJqUgyQ
3215	Whitecaps of White Noise II	Tim Hecker	Harmony in Ultraviolet	LIKE	5:57	WbAzD7n0jMM	MPREb_3l6J4xrXgiY	UC-PVsgu8UpfcER8RfJqUgyQ
3216	Blood Rainbow	Tim Hecker	Harmony in Ultraviolet	LIKE	4:06	sTNz1E5TEPE	MPREb_3l6J4xrXgiY	UC-PVsgu8UpfcER8RfJqUgyQ
3217	This life	Tim Hecker	Konoyo	LIKE	8:42	dh9aJabs-E4	MPREb_rfADRr3ZpCV	UC-PVsgu8UpfcER8RfJqUgyQ
3219	Is a rose petal of the dying crimson light	Tim Hecker	Konoyo	LIKE	3:26	x5TxH3nHwSY	MPREb_rfADRr3ZpCV	UC-PVsgu8UpfcER8RfJqUgyQ
3221	In mother earth phase	Tim Hecker	Konoyo	LIKE	10:26	HBVl3Rww0gQ	MPREb_rfADRr3ZpCV	UC-PVsgu8UpfcER8RfJqUgyQ
3224	Obsidian Counterpoint	Tim Hecker	Love Streams	LIKE	4:56	BIhtDowNTRU	MPREb_k5B5vUYnysF	UC-PVsgu8UpfcER8RfJqUgyQ
3225	Music of the Air	Tim Hecker	Love Streams	LIKE	4:09	ULNBMQcXnpE	MPREb_k5B5vUYnysF	UC-PVsgu8UpfcER8RfJqUgyQ
3226	Bijie Dream	Tim Hecker	Love Streams	LIKE	2:17	gjKIanRrqdM	MPREb_k5B5vUYnysF	UC-PVsgu8UpfcER8RfJqUgyQ
3227	Live Leak Instrumental	Tim Hecker	Love Streams	LIKE	2:57	Jq-WKFo9ud0	MPREb_k5B5vUYnysF	UC-PVsgu8UpfcER8RfJqUgyQ
3228	Violet Monumental I	Tim Hecker	Love Streams	LIKE	4:59	xvugT7vJTb4	MPREb_k5B5vUYnysF	UC-PVsgu8UpfcER8RfJqUgyQ
3229	Violet Monumental II	Tim Hecker	Love Streams	LIKE	3:14	HNPYILYYKlM	MPREb_k5B5vUYnysF	UC-PVsgu8UpfcER8RfJqUgyQ
3230	Up Red Bull Creek	Tim Hecker	Love Streams	LIKE	2:42	7FiVRf-Mah0	MPREb_k5B5vUYnysF	UC-PVsgu8UpfcER8RfJqUgyQ
3231	Castrati Stack	Tim Hecker	Love Streams	LIKE	4:02	UJJFMDPYnPM	MPREb_k5B5vUYnysF	UC-PVsgu8UpfcER8RfJqUgyQ
3232	Voice Crack	Tim Hecker	Love Streams	LIKE	3:15	cZ7rtgwrnXI	MPREb_k5B5vUYnysF	UC-PVsgu8UpfcER8RfJqUgyQ
3233	Collapse Sonata	Tim Hecker	Love Streams	LIKE	4:13	xoIgXMd988Y	MPREb_k5B5vUYnysF	UC-PVsgu8UpfcER8RfJqUgyQ
3234	Black Phase	Tim Hecker	Love Streams	LIKE	6:16	71_kKucEKSg	MPREb_k5B5vUYnysF	UC-PVsgu8UpfcER8RfJqUgyQ
3235	The Piano Drop	Tim Hecker	Ravedeath, 1972	LIKE	2:53	jlfwZDR_1Hg	MPREb_Q7CLfss7WZv	UC-PVsgu8UpfcER8RfJqUgyQ
3240	Hatred of Music I	Tim Hecker	Ravedeath, 1972	LIKE	6:11	RETmsiIMTWg	MPREb_Q7CLfss7WZv	UC-PVsgu8UpfcER8RfJqUgyQ
3241	Hatred of Music II	Tim Hecker	Ravedeath, 1972	LIKE	4:22	tyc40Qo-gok	MPREb_Q7CLfss7WZv	UC-PVsgu8UpfcER8RfJqUgyQ
3243	Studio Suicide, 1980	Tim Hecker	Ravedeath, 1972	LIKE	3:24	mk4mXl0tzrY	MPREb_Q7CLfss7WZv	UC-PVsgu8UpfcER8RfJqUgyQ
3244	In the Air I	Tim Hecker	Ravedeath, 1972	LIKE	4:11	L-Pq3ZVq548	MPREb_Q7CLfss7WZv	UC-PVsgu8UpfcER8RfJqUgyQ
3246	In the Air III	Tim Hecker	Ravedeath, 1972	LIKE	4:01	2OOYPp51xv8	MPREb_Q7CLfss7WZv	UC-PVsgu8UpfcER8RfJqUgyQ
3247	Prism	Tim Hecker	Virgins	LIKE	2:53	UMI8Iw2evJ4	MPREb_oyRLsHL1WKd	UC-PVsgu8UpfcER8RfJqUgyQ
3249	Radiance	Tim Hecker	Virgins	LIKE	3:22	OdVuUZQt9ek	MPREb_oyRLsHL1WKd	UC-PVsgu8UpfcER8RfJqUgyQ
3251	Live Room Out	Tim Hecker	Virgins	LIKE	2:37	Wesnib17T3E	MPREb_oyRLsHL1WKd	UC-PVsgu8UpfcER8RfJqUgyQ
3253	Black Refraction	Tim Hecker	Virgins	LIKE	3:33	SlHqclZr-Bg	MPREb_oyRLsHL1WKd	UC-PVsgu8UpfcER8RfJqUgyQ
3180	No Man Can Find the War	Tim Buckley	Goodbye And Hello	LIKE	2:59	b8Y-Kiqz-4g	MPREb_lgX4UwZSvTg	UCaqYTSv6yh0neSRnvz7nH7w
3184	I Never Asked to Be Your Mountain	Tim Buckley	Goodbye And Hello	LIKE	6:04	4n3jgpBdOXE	MPREb_lgX4UwZSvTg	UCaqYTSv6yh0neSRnvz7nH7w
3188	Goodbye and Hello	Tim Buckley	Goodbye And Hello	LIKE	8:40	QYFlij-rD9o	MPREb_lgX4UwZSvTg	UCaqYTSv6yh0neSRnvz7nH7w
3104	Hookers	Tierra Whack	Whack World	LIKE	1:00	XSHvXGf_WXg	MPREb_CwLayEVsxZT	UC9B1UuLCIbq2XyA2F6-cCnA
3108	Silly Sam	Tierra Whack	Whack World	LIKE	1:00	ZoSVVyrdJDo	MPREb_CwLayEVsxZT	UC9B1UuLCIbq2XyA2F6-cCnA
3109	Fruit Salad	Tierra Whack	Whack World	LIKE	1:00	FcIzwi3wiKA	MPREb_CwLayEVsxZT	UC9B1UuLCIbq2XyA2F6-cCnA
3111	Sore Loser	Tierra Whack	Whack World	LIKE	1:00	_RgU-x2h3Go	MPREb_CwLayEVsxZT	UC9B1UuLCIbq2XyA2F6-cCnA
3043	Oh Sheit it's X	Thundercat	Apocalypse	LIKE	3:48	cNClcjo3PT4	MPREb_16SOLOw3Eqy	UCUl7CLMqbyYVb62zJ7nbLfA
3044	Without You	Thundercat	Apocalypse	LIKE	4:42	23JNRaykXAk	MPREb_16SOLOw3Eqy	UCUl7CLMqbyYVb62zJ7nbLfA
3047	We'll Die	Thundercat	Apocalypse	LIKE	0:56	0hoSTz0HO8A	MPREb_16SOLOw3Eqy	UCUl7CLMqbyYVb62zJ7nbLfA
3057	Show You the Way (feat. Kenny Loggins & Michael McDonald)	Thundercat	Drunk	LIKE	3:34	1rBYb84sfvw	MPREb_I94MDPlN4AC	UCUl7CLMqbyYVb62zJ7nbLfA
3062	Friend Zone	Thundercat	Drunk	LIKE	3:12	heDAio31LEk	MPREb_I94MDPlN4AC	UCUl7CLMqbyYVb62zJ7nbLfA
3063	Them Changes	Thundercat	Drunk	LIKE	3:08	BuzJ5NArvgw	MPREb_I94MDPlN4AC	UCUl7CLMqbyYVb62zJ7nbLfA
3074	Black Qualls (feat. Steve Lacy, Steve Arrington & Childish Gambino)	Thundercat	It Is What It Is	LIKE	3:10	IOHbF1Zg4S0	MPREb_HHmVxwQYip3	UCUl7CLMqbyYVb62zJ7nbLfA
3079	Dragonball Durag	Thundercat	It Is What It Is	LIKE	3:02	WmrRHqQesbo	MPREb_HHmVxwQYip3	UCUl7CLMqbyYVb62zJ7nbLfA
3080	How I Feel	Thundercat	It Is What It Is	LIKE	1:09	qIOMiQ3d80A	MPREb_HHmVxwQYip3	UCUl7CLMqbyYVb62zJ7nbLfA
3081	King Of The Hill	Thundercat	It Is What It Is	LIKE	2:52	VOVi-INLRWI	MPREb_HHmVxwQYip3	UCUl7CLMqbyYVb62zJ7nbLfA
3082	Unrequited Love	Thundercat	It Is What It Is	LIKE	3:15	eRo_FFrliAs	MPREb_HHmVxwQYip3	UCUl7CLMqbyYVb62zJ7nbLfA
3085	It Is What It Is (feat. Pedro Martins)	Thundercat	It Is What It Is	LIKE	5:03	lqDs_quhy0I	MPREb_HHmVxwQYip3	UCUl7CLMqbyYVb62zJ7nbLfA
3091	It Really Doesn't Matter to You	Thundercat	The Golden Age of Apocalypse	LIKE	3:33	VS4L2K-CLUI	MPREb_9QRJtdnYsPq	UCUl7CLMqbyYVb62zJ7nbLfA
3096	Walkin'	Thundercat	The Golden Age of Apocalypse	LIKE	2:06	-70T4A2pLWg	MPREb_9QRJtdnYsPq	UCUl7CLMqbyYVb62zJ7nbLfA
3006	Beachy Head	Throbbing Gristle	20 Jazz Funk Greats	LIKE	3:36	lRzlVU2jREI	MPREb_8ISNveXHWbP	UCojhH69QnIGTNUvD9jZkDjg
3008	Tanith	Throbbing Gristle	20 Jazz Funk Greats	LIKE	2:11	i3U3xAAkcjw	MPREb_8ISNveXHWbP	UCojhH69QnIGTNUvD9jZkDjg
3009	Convincing People	Throbbing Gristle	20 Jazz Funk Greats	LIKE	4:49	Ir3ZwGcwciM	MPREb_8ISNveXHWbP	UCojhH69QnIGTNUvD9jZkDjg
3012	Persuasion	Throbbing Gristle	20 Jazz Funk Greats	LIKE	6:33	QbVgBvpieRM	MPREb_8ISNveXHWbP	UCojhH69QnIGTNUvD9jZkDjg
3013	Walkabout	Throbbing Gristle	20 Jazz Funk Greats	LIKE	2:59	m4sk9909FQk	MPREb_8ISNveXHWbP	UCojhH69QnIGTNUvD9jZkDjg
3018	United	Throbbing Gristle	D.O.A. The Third and Final Report of Throbbing Gristle	LIKE	0:16	WPGyuPA6doY	MPREb_gTFmkjHGtfO	UCojhH69QnIGTNUvD9jZkDjg
3021	Weeping	Throbbing Gristle	D.O.A. The Third and Final Report of Throbbing Gristle	LIKE	5:25	FA7MhH7uNUo	MPREb_gTFmkjHGtfO	UCojhH69QnIGTNUvD9jZkDjg
3022	Hamburger Lady	Throbbing Gristle	D.O.A. The Third and Final Report of Throbbing Gristle	LIKE	4:09	0O-52ty8Fq4	MPREb_gTFmkjHGtfO	UCojhH69QnIGTNUvD9jZkDjg
3029	Industrial Introduction	Throbbing Gristle	The Second Annual Report	LIKE	1:06	axI-ZxFHpuQ	MPREb_MYKWe6aY079	UCojhH69QnIGTNUvD9jZkDjg
3035	Maggot Death (Live at Southampton)	Throbbing Gristle	The Second Annual Report	LIKE	1:38	cYQfvLZp0No	MPREb_MYKWe6aY079	UCojhH69QnIGTNUvD9jZkDjg
2956	Deepstaria Enigmatica Ft. Ill-Esha (feat. Ill-Esha)	Thriftworks, Ill-Esha	Fader	LIKE	2:36	AidyUhd1zXw	MPREb_cZHGYtVmpaS	UC6ELHZOqu_6OeYDvqoLukuA
2948	180°	Thriftworks	Fader	LIKE	4:00	7Eo5hNZvMKQ	MPREb_cZHGYtVmpaS	UC6ELHZOqu_6OeYDvqoLukuA
2958	Pallet Cleans	Thriftworks	Fader	LIKE	0:33	xSqZwtHxcOA	MPREb_cZHGYtVmpaS	UC6ELHZOqu_6OeYDvqoLukuA
2992	Swamp Gods	Thriftworks	Rainmaker	LIKE	5:04	Wk2q3RkjWEk	MPREb_oeWeN6qDL27	UC6ELHZOqu_6OeYDvqoLukuA
2922	Break Da Law '95'	Three-6 Mafia	Mystic Stylez	LIKE	4:21	9tC94HZWKCs	MPREb_j4mA771fCBk	UCETpWjWnRzckJkqGGgq6xgQ
2924	In Da Game	Three-6 Mafia	Mystic Stylez	LIKE	4:04	HMGJHYlLXNE	MPREb_j4mA771fCBk	UCETpWjWnRzckJkqGGgq6xgQ
2927	Fuckin Wit Dis Click	Three-6 Mafia	Mystic Stylez	LIKE	6:18	hFMp9CEtb5Y	MPREb_j4mA771fCBk	UCETpWjWnRzckJkqGGgq6xgQ
2933	Stomp	Three-6 Mafia	The End	LIKE	4:11	9IVhTkgzO9o	MPREb_d64zxSVWsfJ	UCETpWjWnRzckJkqGGgq6xgQ
2935	Late Night Tip	Three-6 Mafia	The End	LIKE	5:17	OcsxBdCPOGs	MPREb_d64zxSVWsfJ	UCETpWjWnRzckJkqGGgq6xgQ
2850	Traffic	Thom Yorke	ANIMA	LIKE	5:18	iqvCUovtAv0	MPREb_czpgUAQA8QI	UCgXVrNtoMd3CusXrRMX3Tqg
2851	Last I Heard (...He Was Circling the Drain)	Thom Yorke	ANIMA	LIKE	5:07	GZ8y8ZGE9e4	MPREb_czpgUAQA8QI	UCgXVrNtoMd3CusXrRMX3Tqg
2853	Dawn Chorus	Thom Yorke	ANIMA	LIKE	5:24	V9vx6J_pLCA	MPREb_czpgUAQA8QI	UCgXVrNtoMd3CusXrRMX3Tqg
2854	I Am a Very Rude Person	Thom Yorke	ANIMA	LIKE	3:45	NlvCpsXMHJ4	MPREb_czpgUAQA8QI	UCgXVrNtoMd3CusXrRMX3Tqg
2856	The Axe	Thom Yorke	ANIMA	LIKE	7:00	-5QA5e2bq0w	MPREb_czpgUAQA8QI	UCgXVrNtoMd3CusXrRMX3Tqg
2857	Impossible Knots	Thom Yorke	ANIMA	LIKE	4:20	kREhj-T9p-k	MPREb_czpgUAQA8QI	UCgXVrNtoMd3CusXrRMX3Tqg
2859	A Storm That Took Everything	Thom Yorke	Suspiria (Music for the Luca Guadagnino Film)	LIKE	1:48	h1QtJ-xbWLQ	MPREb_zc1kWxVArN8	UCgXVrNtoMd3CusXrRMX3Tqg
2861	Suspirium	Thom Yorke	Suspiria (Music for the Luca Guadagnino Film)	LIKE	3:22	GhD75FBAH5M	MPREb_zc1kWxVArN8	UCgXVrNtoMd3CusXrRMX3Tqg
2863	Has Ended	Thom Yorke	Suspiria (Music for the Luca Guadagnino Film)	LIKE	4:57	Ex2PTvtQiYk	MPREb_zc1kWxVArN8	UCgXVrNtoMd3CusXrRMX3Tqg
2865	Open Again	Thom Yorke	Suspiria (Music for the Luca Guadagnino Film)	LIKE	2:50	xv2QoWg5-lQ	MPREb_zc1kWxVArN8	UCgXVrNtoMd3CusXrRMX3Tqg
2868	Olga's Destruction (Volk tape)	Thom Yorke	Suspiria (Music for the Luca Guadagnino Film)	LIKE	2:59	oCH8QQ82hUg	MPREb_zc1kWxVArN8	UCgXVrNtoMd3CusXrRMX3Tqg
2871	Unmade	Thom Yorke	Suspiria (Music for the Luca Guadagnino Film)	LIKE	4:28	Ly_-aIxjToI	MPREb_zc1kWxVArN8	UCgXVrNtoMd3CusXrRMX3Tqg
2873	Volk	Thom Yorke	Suspiria (Music for the Luca Guadagnino Film)	LIKE	6:25	2KMWjZ44SJQ	MPREb_zc1kWxVArN8	UCgXVrNtoMd3CusXrRMX3Tqg
2884	The Eraser	Thom Yorke	The Eraser	LIKE	4:56	e97tkGJ28yU	MPREb_ZsQ7oGjHkP8	UCgXVrNtoMd3CusXrRMX3Tqg
2885	Analyse	Thom Yorke	The Eraser	LIKE	4:03	MnMUdko6ljs	MPREb_ZsQ7oGjHkP8	UCgXVrNtoMd3CusXrRMX3Tqg
2886	The Clock	Thom Yorke	The Eraser	LIKE	4:14	Fw8dL4tMDlg	MPREb_ZsQ7oGjHkP8	UCgXVrNtoMd3CusXrRMX3Tqg
2887	Black Swan	Thom Yorke	The Eraser	LIKE	4:50	JQ6c_SDjrHc	MPREb_ZsQ7oGjHkP8	UCgXVrNtoMd3CusXrRMX3Tqg
2889	Atoms For Peace	Thom Yorke	The Eraser	LIKE	5:14	LADUFdQveIM	MPREb_ZsQ7oGjHkP8	UCgXVrNtoMd3CusXrRMX3Tqg
2891	Harrowdown Hill	Thom Yorke	The Eraser	LIKE	4:39	otPs1jb1eRE	MPREb_ZsQ7oGjHkP8	UCgXVrNtoMd3CusXrRMX3Tqg
2893	A Brain in a Bottle	Thom Yorke	Tomorrow's Modern Boxes	LIKE	4:41	mgxJlmdvr9A	MPREb_7hRlS2pjebE	UCgXVrNtoMd3CusXrRMX3Tqg
2894	Guess Again!	Thom Yorke	Tomorrow's Modern Boxes	LIKE	4:24	Q_L5aaSH3P4	MPREb_7hRlS2pjebE	UCgXVrNtoMd3CusXrRMX3Tqg
2895	Interference	Thom Yorke	Tomorrow's Modern Boxes	LIKE	2:49	jrnK67JPES8	MPREb_7hRlS2pjebE	UCgXVrNtoMd3CusXrRMX3Tqg
2896	The Mother Lode	Thom Yorke	Tomorrow's Modern Boxes	LIKE	6:07	kZo9bY9C-Fw	MPREb_7hRlS2pjebE	UCgXVrNtoMd3CusXrRMX3Tqg
2897	Truth Ray	Thom Yorke	Tomorrow's Modern Boxes	LIKE	5:14	_TZkKx7Rrhc	MPREb_7hRlS2pjebE	UCgXVrNtoMd3CusXrRMX3Tqg
2898	There Is No Ice (For My Drink)	Thom Yorke	Tomorrow's Modern Boxes	LIKE	7:01	4hRQNHVCtwk	MPREb_7hRlS2pjebE	UCgXVrNtoMd3CusXrRMX3Tqg
2899	Pink Section	Thom Yorke	Tomorrow's Modern Boxes	LIKE	2:35	KmlywjM3JdI	MPREb_7hRlS2pjebE	UCgXVrNtoMd3CusXrRMX3Tqg
2900	Nose Grows Some	Thom Yorke	Tomorrow's Modern Boxes	LIKE	5:23	pMxcgw1_Ejg	MPREb_7hRlS2pjebE	UCgXVrNtoMd3CusXrRMX3Tqg
2838	Semi-Charmed Life	Third Eye Blind	Third Eye Blind	LIKE	4:29	gjdLAsnR_Ws	MPREb_U4IU2tONKDR	UCBgOvSeegP11m_MIZab9oMg
2819	Big Dumb Animal	Thingy	To The Innocent	LIKE	3:20	kF8MpjLH0Cs	MPREb_zQkvcXgnsoA	UCxyWs928Hy-Kpd_omHxfOaw
2830	Ballpoint Pen	Thingy	To The Innocent	LIKE	3:05	vhadWFd24zM	MPREb_zQkvcXgnsoA	UCxyWs928Hy-Kpd_omHxfOaw
2808	Jailbreak	Thin Lizzy	Jailbreak	LIKE	4:04	dMko8DlY9IA	MPREb_y5FgakpQFrz	UCc1aNHzU9wXhKyhJy0PJgQQ
2810	Running Back	Thin Lizzy	Jailbreak	LIKE	3:16	w8Ca-YfG5r8	MPREb_y5FgakpQFrz	UCc1aNHzU9wXhKyhJy0PJgQQ
2813	The Boys Are Back In Town	Thin Lizzy	Jailbreak	LIKE	4:30	nN120kCiVyQ	MPREb_y5FgakpQFrz	UCc1aNHzU9wXhKyhJy0PJgQQ
2814	Fight Or Fall	Thin Lizzy	Jailbreak	LIKE	3:48	xpgK4_JT7bQ	MPREb_y5FgakpQFrz	UCc1aNHzU9wXhKyhJy0PJgQQ
2815	Cowboy Song	Thin Lizzy	Jailbreak	LIKE	5:18	fMdmjoAB-5Q	MPREb_y5FgakpQFrz	UCc1aNHzU9wXhKyhJy0PJgQQ
2802	Until The Morning	Thievery Corporation & Emiliana Torrini	The Richest Man In Babylon	LIKE	3:57	so05KEPSfkw	MPREb_exAg2pWBnRQ	
2789	Heaven's Gonna Burn Your Eyes	Thievery Corporation	The Richest Man In Babylon	LIKE	4:11	-bJFSVQ9otM	MPREb_exAg2pWBnRQ	UCqx8axYJOduerya_chK-8Ag
2791	The Outernationalist	Thievery Corporation	The Richest Man In Babylon	LIKE	3:31	hMD7W_AArog	MPREb_exAg2pWBnRQ	UCqx8axYJOduerya_chK-8Ag
2794	All That We Perceive	Thievery Corporation	The Richest Man In Babylon	LIKE	3:47	7HHiqHr0dtw	MPREb_exAg2pWBnRQ	UCqx8axYJOduerya_chK-8Ag
2796	Meu Destino	Thievery Corporation	The Richest Man In Babylon	LIKE	3:30	HIkd4rwehCo	MPREb_exAg2pWBnRQ	UCqx8axYJOduerya_chK-8Ag
2798	From Creation	Thievery Corporation	The Richest Man In Babylon	LIKE	4:21	Q5Q4ib8k3ic	MPREb_exAg2pWBnRQ	UCqx8axYJOduerya_chK-8Ag
2799	The Richest Man In Babylon	Thievery Corporation	The Richest Man In Babylon	LIKE	3:51	V86_7JCDASs	MPREb_exAg2pWBnRQ	UCqx8axYJOduerya_chK-8Ag
2800	Liberation Front	Thievery Corporation	The Richest Man In Babylon	LIKE	5:05	d8oEr--bp4w	MPREb_exAg2pWBnRQ	UCqx8axYJOduerya_chK-8Ag
2801	The State Of The Union	Thievery Corporation	The Richest Man In Babylon	LIKE	4:29	ptXHbFn0YXc	MPREb_exAg2pWBnRQ	UCqx8axYJOduerya_chK-8Ag
2803	Resolution	Thievery Corporation	The Richest Man In Babylon	LIKE	4:47	lua3fG4TQ8I	MPREb_exAg2pWBnRQ	UCqx8axYJOduerya_chK-8Ag
2804	Fragments	Thievery Corporation	Fragments / Ascension	LIKE	4:10	MRYb9Y3q1m0	MPREb_VDnTa4MgzlI	UCqx8axYJOduerya_chK-8Ag
2805	Fragments (Tycho Remix)	Thievery Corporation	Fragments / Ascension	LIKE	6:21	2zQIxL_t_Ug	MPREb_VDnTa4MgzlI	UCqx8axYJOduerya_chK-8Ag
2762	Blue Bolivar Blues (Take 2)	Thelonious Monk	Monk's Dream	LIKE	7:31	j01nWUfaDN8	MPREb_iQB5djm9UYc	UCyCL_gVNVoWZTjkw-KnuIDg
2683	Dead Man's Gun	Thee Oh Sees	A Weird Exits	LIKE	3:28	BB74rsWzJjw	MPREb_bGlyjFFUbYv	UCy-Gzb-aCE1vWkbwQZaoIXQ
2684	Ticklish Warrior	Thee Oh Sees	A Weird Exits	LIKE	3:06	xvD423QRYXI	MPREb_bGlyjFFUbYv	UCy-Gzb-aCE1vWkbwQZaoIXQ
2685	Jammed Entrance	Thee Oh Sees	A Weird Exits	LIKE	5:21	cqJpAFpH_-0	MPREb_bGlyjFFUbYv	UCy-Gzb-aCE1vWkbwQZaoIXQ
2686	Plastic Plant	Thee Oh Sees	A Weird Exits	LIKE	5:39	boklk30lNA8	MPREb_bGlyjFFUbYv	UCy-Gzb-aCE1vWkbwQZaoIXQ
2687	Gelatinous Cube	Thee Oh Sees	A Weird Exits	LIKE	3:27	wM4sFtAokjs	MPREb_bGlyjFFUbYv	UCy-Gzb-aCE1vWkbwQZaoIXQ
2688	Unwrap The Fiend Pt. 2	Thee Oh Sees	A Weird Exits	LIKE	4:27	HN9CLMzxiGg	MPREb_bGlyjFFUbYv	UCy-Gzb-aCE1vWkbwQZaoIXQ
2689	Crawl Out From The Fall Out	Thee Oh Sees	A Weird Exits	LIKE	7:50	1_iUIXCCaBk	MPREb_bGlyjFFUbYv	UCy-Gzb-aCE1vWkbwQZaoIXQ
2690	The Axis	Thee Oh Sees	A Weird Exits	LIKE	6:11	uIXkpzKSXwo	MPREb_bGlyjFFUbYv	UCy-Gzb-aCE1vWkbwQZaoIXQ
2691	Carrion Crawler	Thee Oh Sees	Carrion Crawler / The Dream	LIKE	5:50	fHE73mvDlDA	MPREb_xXxWFS9OZOa	UCy-Gzb-aCE1vWkbwQZaoIXQ
2692	Contraption/Soul Desert	Thee Oh Sees	Carrion Crawler / The Dream	LIKE	5:21	1426G6gSQ-M	MPREb_xXxWFS9OZOa	UCy-Gzb-aCE1vWkbwQZaoIXQ
2694	Chem-Farmer	Thee Oh Sees	Carrion Crawler / The Dream	LIKE	4:07	jDk9ySTpwAA	MPREb_xXxWFS9OZOa	UCy-Gzb-aCE1vWkbwQZaoIXQ
2695	Opposition	Thee Oh Sees	Carrion Crawler / The Dream	LIKE	1:38	qlt0u67N7w4	MPREb_xXxWFS9OZOa	UCy-Gzb-aCE1vWkbwQZaoIXQ
2696	The Dream	Thee Oh Sees	Carrion Crawler / The Dream	LIKE	6:52	BOtAuwwB7ow	MPREb_xXxWFS9OZOa	UCy-Gzb-aCE1vWkbwQZaoIXQ
2697	Wrong Idea	Thee Oh Sees	Carrion Crawler / The Dream	LIKE	1:52	vD81l1qSt-4	MPREb_xXxWFS9OZOa	UCy-Gzb-aCE1vWkbwQZaoIXQ
2700	Heavy Doctor	Thee Oh Sees	Carrion Crawler / The Dream	LIKE	3:06	0-nv9tlLr64	MPREb_xXxWFS9OZOa	UCy-Gzb-aCE1vWkbwQZaoIXQ
2702	Corprophagist (A Bath Perhaps)	Thee Oh Sees	Castlemania	LIKE	2:13	llQY16EQLFY	MPREb_FhAwmnLmugg	UCy-Gzb-aCE1vWkbwQZaoIXQ
2709	Blood On The Deck	Thee Oh Sees	Castlemania	LIKE	2:17	PKU8RFFhYck	MPREb_FhAwmnLmugg	UCy-Gzb-aCE1vWkbwQZaoIXQ
2713	The Horse Was Lost	Thee Oh Sees	Castlemania	LIKE	3:52	b2KQPJ-LEXM	MPREb_FhAwmnLmugg	UCy-Gzb-aCE1vWkbwQZaoIXQ
2715	If I Stay Too Long	Thee Oh Sees	Castlemania	LIKE	3:34	0oZpB47Rfc8	MPREb_FhAwmnLmugg	UCy-Gzb-aCE1vWkbwQZaoIXQ
2717	I Come From The Mountain	Thee Oh Sees	Floating Coffin	LIKE	4:28	F2MBFy1OQ14	MPREb_2Nfupyh1Ljg	UCy-Gzb-aCE1vWkbwQZaoIXQ
2718	Toe Cutter - Thumb Buster	Thee Oh Sees	Floating Coffin	LIKE	3:32	aqmJEkgdu5Y	MPREb_2Nfupyh1Ljg	UCy-Gzb-aCE1vWkbwQZaoIXQ
2723	Night Crawler	Thee Oh Sees	Floating Coffin	LIKE	4:12	gcwnLdpA-xI	MPREb_2Nfupyh1Ljg	UCy-Gzb-aCE1vWkbwQZaoIXQ
2726	Minotaur	Thee Oh Sees	Floating Coffin	LIKE	4:50	WktVJHEFEbk	MPREb_2Nfupyh1Ljg	UCy-Gzb-aCE1vWkbwQZaoIXQ
2729	Meat Step Lively	Thee Oh Sees	Help	LIKE	2:48	cx_m_NofoiE	MPREb_FtTK9KDh5QR	UCy-Gzb-aCE1vWkbwQZaoIXQ
2731	The Turn Around	Thee Oh Sees	Help	LIKE	1:03	hHAQbgb6fT8	MPREb_FtTK9KDh5QR	UCy-Gzb-aCE1vWkbwQZaoIXQ
2734	Go Meet The Seed	Thee Oh Sees	Help	LIKE	5:53	JQDMIO1I5vM	MPREb_FtTK9KDh5QR	UCy-Gzb-aCE1vWkbwQZaoIXQ
2744	Sticky Hulks	Thee Oh Sees	Mutilator Defeated At Last	LIKE	6:50	ZAy83zi0EDA	MPREb_2cmjrfDKuxj	UCy-Gzb-aCE1vWkbwQZaoIXQ
2745	Holy Smoke	Thee Oh Sees	Mutilator Defeated At Last	LIKE	2:40	EtItkbLu9MU	MPREb_2cmjrfDKuxj	UCy-Gzb-aCE1vWkbwQZaoIXQ
2747	Palace Doctor	Thee Oh Sees	Mutilator Defeated At Last	LIKE	4:40	GxunSGeXVmc	MPREb_2cmjrfDKuxj	UCy-Gzb-aCE1vWkbwQZaoIXQ
2748	Wax Face	Thee Oh Sees	Putrifiers II	LIKE	4:00	OhehkJy6TZI	MPREb_RZUpmbe0VRu	UCy-Gzb-aCE1vWkbwQZaoIXQ
2749	Hang A Picture	Thee Oh Sees	Putrifiers II	LIKE	3:54	_z8NtvpGMiU	MPREb_RZUpmbe0VRu	UCy-Gzb-aCE1vWkbwQZaoIXQ
2750	So Nice	Thee Oh Sees	Putrifiers II	LIKE	3:52	2hMwzXviCQo	MPREb_RZUpmbe0VRu	UCy-Gzb-aCE1vWkbwQZaoIXQ
2751	Cloud #1	Thee Oh Sees	Putrifiers II	LIKE	1:45	6HjQwysgI1E	MPREb_RZUpmbe0VRu	UCy-Gzb-aCE1vWkbwQZaoIXQ
2752	Flood's New Light	Thee Oh Sees	Putrifiers II	LIKE	2:31	IUIGZ-T72Eg	MPREb_RZUpmbe0VRu	UCy-Gzb-aCE1vWkbwQZaoIXQ
2754	Will We Be Scared?	Thee Oh Sees	Putrifiers II	LIKE	5:23	BXCRsc_TCmc	MPREb_RZUpmbe0VRu	UCy-Gzb-aCE1vWkbwQZaoIXQ
2755	Lupine Dominus	Thee Oh Sees	Putrifiers II	LIKE	3:28	rt5bybIbgjI	MPREb_RZUpmbe0VRu	UCy-Gzb-aCE1vWkbwQZaoIXQ
2618	Reunion	The xx	Coexist	LIKE	3:58	jqcLpKdPfJM	MPREb_WrbwUL6Qk5p	UCQ1Xqlk89CLZ9aAFyo-1THg
2619	Sunset	The xx	Coexist	LIKE	3:39	AIa7HPfyU7k	MPREb_WrbwUL6Qk5p	UCQ1Xqlk89CLZ9aAFyo-1THg
2621	Tides	The xx	Coexist	LIKE	3:01	ujNMj3dpi80	MPREb_WrbwUL6Qk5p	UCQ1Xqlk89CLZ9aAFyo-1THg
2623	Swept Away	The xx	Coexist	LIKE	5:00	KxcwDVmhUOo	MPREb_WrbwUL6Qk5p	UCQ1Xqlk89CLZ9aAFyo-1THg
2625	Dangerous	The xx	I See You	LIKE	4:10	jYEXcFdR81I	MPREb_fJ2KnKCZPgf	UCQ1Xqlk89CLZ9aAFyo-1THg
2629	Performance	The xx	I See You	LIKE	4:07	wNh3TPqHL8E	MPREb_fJ2KnKCZPgf	UCQ1Xqlk89CLZ9aAFyo-1THg
2632	On Hold	The xx	I See You	LIKE	3:45	-K1gPWRJzhI	MPREb_fJ2KnKCZPgf	UCQ1Xqlk89CLZ9aAFyo-1THg
2635	Intro	The xx	xx	LIKE	2:08	qFq6nnw7xg0	MPREb_Q6bqk6BLU6O	UCQ1Xqlk89CLZ9aAFyo-1THg
2636	VCR	The xx	xx	LIKE	2:58	H6zshSx2yBE	MPREb_Q6bqk6BLU6O	UCQ1Xqlk89CLZ9aAFyo-1THg
2637	Crystalised	The xx	xx	LIKE	3:22	wnOzdCeKiuY	MPREb_Q6bqk6BLU6O	UCQ1Xqlk89CLZ9aAFyo-1THg
2638	Islands	The xx	xx	LIKE	2:41	cvYklibBZWM	MPREb_Q6bqk6BLU6O	UCQ1Xqlk89CLZ9aAFyo-1THg
2639	Heart Skipped A Beat	The xx	xx	LIKE	4:03	eK_x0PbBoZQ	MPREb_Q6bqk6BLU6O	UCQ1Xqlk89CLZ9aAFyo-1THg
2640	Fantasy	The xx	xx	LIKE	2:39	nySHdO3jAmQ	MPREb_Q6bqk6BLU6O	UCQ1Xqlk89CLZ9aAFyo-1THg
2641	Shelter	The xx	xx	LIKE	4:31	k5QYZ1nuxQs	MPREb_Q6bqk6BLU6O	UCQ1Xqlk89CLZ9aAFyo-1THg
2643	Infinity	The xx	xx	LIKE	5:14	Rpkyqff_pLo	MPREb_Q6bqk6BLU6O	UCQ1Xqlk89CLZ9aAFyo-1THg
2645	Stars	The xx	xx	LIKE	4:23	2VX_ywejU5Y	MPREb_Q6bqk6BLU6O	UCQ1Xqlk89CLZ9aAFyo-1THg
2660	Care Of Cell 44	The Zombies	Odessey & Oracle - 40th Anniversary Concert [Live]	LIKE	4:05	DZsTxgh9Mhg	MPREb_OQ9jhnN1XTt	UCweKPvb6MUhb8X4X0nbObBw
2661	A Rose For Emily	The Zombies	Odessey & Oracle - 40th Anniversary Concert [Live]	LIKE	2:49	aziRijxZoek	MPREb_OQ9jhnN1XTt	UCweKPvb6MUhb8X4X0nbObBw
2663	Beechwood Park	The Zombies	Odessey & Oracle - 40th Anniversary Concert [Live]	LIKE	3:04	BMUIXyY3_yo	MPREb_OQ9jhnN1XTt	UCweKPvb6MUhb8X4X0nbObBw
2665	Hung Up On A Dream	The Zombies	Odessey & Oracle - 40th Anniversary Concert [Live]	LIKE	3:20	LheDh0fWYWs	MPREb_OQ9jhnN1XTt	UCweKPvb6MUhb8X4X0nbObBw
2667	I Want Her, She Wants Me	The Zombies	Odessey & Oracle - 40th Anniversary Concert [Live]	LIKE	3:00	cgU1Lu_y_pk	MPREb_OQ9jhnN1XTt	UCweKPvb6MUhb8X4X0nbObBw
2671	Time Of The Season	The Zombies	Odessey & Oracle - 40th Anniversary Concert [Live]	LIKE	4:42	yPdOGbPxPIs	MPREb_OQ9jhnN1XTt	UCweKPvb6MUhb8X4X0nbObBw
2672	Tell Her No	The Zombies	Odessey & Oracle - 40th Anniversary Concert [Live]	LIKE	2:24	eI-qgpqyrt8	MPREb_OQ9jhnN1XTt	UCweKPvb6MUhb8X4X0nbObBw
2673	She's Not There	The Zombies	Odessey & Oracle - 40th Anniversary Concert [Live]	LIKE	2:51	vJ1fiTAw8K8	MPREb_OQ9jhnN1XTt	UCweKPvb6MUhb8X4X0nbObBw
2677	What Becomes Of The Broken Hearted	The Zombies	Odessey & Oracle - 40th Anniversary Concert [Live]	LIKE	4:01	EQ6futbTS-w	MPREb_OQ9jhnN1XTt	UCweKPvb6MUhb8X4X0nbObBw
2680	Say You Don't Mind	The Zombies	Odessey & Oracle - 40th Anniversary Concert [Live]	LIKE	3:25	Mok6jlHghCo	MPREb_OQ9jhnN1XTt	UCweKPvb6MUhb8X4X0nbObBw
2681	Keep On Rolling	The Zombies	Odessey & Oracle - 40th Anniversary Concert [Live]	LIKE	4:32	SfL6baOAqCA	MPREb_OQ9jhnN1XTt	UCweKPvb6MUhb8X4X0nbObBw
2682	Hold Your Head Up	The Zombies	Odessey & Oracle - 40th Anniversary Concert [Live]	LIKE	7:53	rx6wlTQE-kA	MPREb_OQ9jhnN1XTt	UCweKPvb6MUhb8X4X0nbObBw
2480	Heat Wave	The Who	A Quick One	LIKE	1:57	-bK6gK1UGRs	MPREb_qmRYvUNMpyb	UCpxn_sVrLQWNGFK1eulpYgw
2486	Batman	The Who	A Quick One	LIKE	1:37	KNldFQGtfoY	MPREb_qmRYvUNMpyb	UCpxn_sVrLQWNGFK1eulpYgw
2488	Barbara Ann	The Who	A Quick One	LIKE	1:59	8tJ3yAKDAIw	MPREb_qmRYvUNMpyb	UCpxn_sVrLQWNGFK1eulpYgw
2494	"My Generation / Land Of Hope And Glory (""Ready Steady Go"" Live Version)"	The Who	A Quick One	LIKE	2:05	P9xPt9sYqFg	MPREb_qmRYvUNMpyb	UCpxn_sVrLQWNGFK1eulpYgw
2501	The Seeker (Edit)	The Who	Meaty, Beaty, Big And Bouncy	LIKE	3:10	M9PGmxmeaZI	MPREb_nPsRkDPhbBU	UCpxn_sVrLQWNGFK1eulpYgw
2503	Pinball Wizard	The Who	Meaty, Beaty, Big And Bouncy	LIKE	2:57	6TFpKYJEnUU	MPREb_nPsRkDPhbBU	UCpxn_sVrLQWNGFK1eulpYgw
2506	Magic Bus (Original Stereo Version)	The Who	Meaty, Beaty, Big And Bouncy	LIKE	3:19	B3oCB9RdiB4	MPREb_nPsRkDPhbBU	UCpxn_sVrLQWNGFK1eulpYgw
2510	I Don't Mind (Mono Version)	The Who	The Who Sings My Generation (U.S. Version)	LIKE	2:36	logPlZcnrHg	MPREb_JFvKl0A73fl	UCpxn_sVrLQWNGFK1eulpYgw
2514	My Generation (Mono Version)	The Who	The Who Sings My Generation (U.S. Version)	LIKE	3:18	fRipFYoji2A	MPREb_JFvKl0A73fl	UCpxn_sVrLQWNGFK1eulpYgw
2516	Please Please Please (Mono Version)	The Who	The Who Sings My Generation (U.S. Version)	LIKE	2:45	3giYcqgHASQ	MPREb_JFvKl0A73fl	UCpxn_sVrLQWNGFK1eulpYgw
2521	I Am The Sea	The Who	Quadrophenia (Super Deluxe Edition)	LIKE	2:10	DkwJN4QcTZ0	MPREb_Fp6sYiUz1Mw	UCpxn_sVrLQWNGFK1eulpYgw
2523	Quadrophenia	The Who	Quadrophenia (Super Deluxe Edition)	LIKE	6:14	egC_xw9UP0Q	MPREb_Fp6sYiUz1Mw	UCpxn_sVrLQWNGFK1eulpYgw
2524	Cut My Hair	The Who	Quadrophenia (Super Deluxe Edition)	LIKE	3:45	9paltc-bpTQ	MPREb_Fp6sYiUz1Mw	UCpxn_sVrLQWNGFK1eulpYgw
2536	The Rock	The Who	Quadrophenia (Super Deluxe Edition)	LIKE	6:38	flCW9Wnqk4o	MPREb_Fp6sYiUz1Mw	UCpxn_sVrLQWNGFK1eulpYgw
2537	Love Reign O'er Me	The Who	Quadrophenia (Super Deluxe Edition)	LIKE	5:50	ewLWqqUjT0I	MPREb_Fp6sYiUz1Mw	UCpxn_sVrLQWNGFK1eulpYgw
2563	Armenia City In The Sky	The Who	The Who Sell Out	LIKE	3:47	ojmhdT8qjoc	MPREb_CEGZZYeSgMo	UCpxn_sVrLQWNGFK1eulpYgw
2567	I Can See For Miles (Incl. Charles Atlas Commercial)	The Who	The Who Sell Out	LIKE	4:44	EDSi1cAWovQ	MPREb_CEGZZYeSgMo	UCpxn_sVrLQWNGFK1eulpYgw
2580	Girl's Eyes	The Who	The Who Sell Out	LIKE	3:50	cFYDgkWtq2M	MPREb_CEGZZYeSgMo	UCpxn_sVrLQWNGFK1eulpYgw
2584	It's A Boy	The Who	Tommy	LIKE	0:39	QiowaIrevRI	MPREb_yhvBXAZZXp5	UCpxn_sVrLQWNGFK1eulpYgw
2585	1921	The Who	Tommy	LIKE	2:50	H4lurE-IpHE	MPREb_yhvBXAZZXp5	UCpxn_sVrLQWNGFK1eulpYgw
2591	Pinball Wizard	The Who	Tommy	LIKE	3:01	461bbLbiUZY	MPREb_yhvBXAZZXp5	UCpxn_sVrLQWNGFK1eulpYgw
2598	Baba O'Riley (Remix)	The Who	Who's Next (Expanded Edition)	LIKE	5:08	SYNXilGz2Hc	MPREb_rji9bI67r6i	UCpxn_sVrLQWNGFK1eulpYgw
2599	Bargain	The Who	Who's Next (Expanded Edition)	LIKE	5:34	v6O5slQFFhc	MPREb_rji9bI67r6i	UCpxn_sVrLQWNGFK1eulpYgw
2600	Love Ain't For Keeping	The Who	Who's Next (Expanded Edition)	LIKE	2:10	eNXdSs99ZlU	MPREb_rji9bI67r6i	UCpxn_sVrLQWNGFK1eulpYgw
2601	My Wife	The Who	Who's Next (Expanded Edition)	LIKE	3:41	IWwU-KS76xg	MPREb_rji9bI67r6i	UCpxn_sVrLQWNGFK1eulpYgw
2602	The Song Is Over	The Who	Who's Next (Expanded Edition)	LIKE	6:14	QxP8NTxQL54	MPREb_rji9bI67r6i	UCpxn_sVrLQWNGFK1eulpYgw
2603	Getting In Tune	The Who	Who's Next (Expanded Edition)	LIKE	4:50	XKLb6rz7cl8	MPREb_rji9bI67r6i	UCpxn_sVrLQWNGFK1eulpYgw
2604	Going Mobile	The Who	Who's Next (Expanded Edition)	LIKE	3:43	pTg0hoS7zkE	MPREb_rji9bI67r6i	UCpxn_sVrLQWNGFK1eulpYgw
2605	Behind Blue Eyes	The Who	Who's Next (Expanded Edition)	LIKE	3:42	617Z2V_eWKo	MPREb_rji9bI67r6i	UCpxn_sVrLQWNGFK1eulpYgw
2606	Won't Get Fooled Again (Remix)	The Who	Who's Next (Expanded Edition)	LIKE	8:33	-iC9S-FwDSA	MPREb_rji9bI67r6i	UCpxn_sVrLQWNGFK1eulpYgw
2607	Pure And Easy	The Who	Who's Next (Expanded Edition)	LIKE	4:21	yOp111z0H0g	MPREb_rji9bI67r6i	UCpxn_sVrLQWNGFK1eulpYgw
2608	Baby Don't You Do It	The Who	Who's Next (Expanded Edition)	LIKE	5:14	faZXLFhgn8Q	MPREb_rji9bI67r6i	UCpxn_sVrLQWNGFK1eulpYgw
2609	Naked Eye	The Who	Who's Next (Expanded Edition)	LIKE	5:31	iPSc2effI4s	MPREb_rji9bI67r6i	UCpxn_sVrLQWNGFK1eulpYgw
2610	Water (Live At Young Vic Theatre, London, 26/4/71)	The Who	Who's Next (Expanded Edition)	LIKE	6:25	5CyyD2WxY2k	MPREb_rji9bI67r6i	UCpxn_sVrLQWNGFK1eulpYgw
2611	Too Much Of Anything	The Who	Who's Next (Expanded Edition)	LIKE	4:25	kXbdGjYXPTA	MPREb_rji9bI67r6i	UCpxn_sVrLQWNGFK1eulpYgw
2612	I Don't Even Know Myself	The Who	Who's Next (Expanded Edition)	LIKE	4:56	u69_J8kE4m8	MPREb_rji9bI67r6i	UCpxn_sVrLQWNGFK1eulpYgw
2613	Behind Blue Eyes (Alternate Studio Version)	The Who	Who's Next (Expanded Edition)	LIKE	3:28	E61zlDG1aP0	MPREb_rji9bI67r6i	UCpxn_sVrLQWNGFK1eulpYgw
2455	Burning	The Whitest Boy Alive	Dreams	LIKE	3:10	2MwPYO2yjhU	MPREb_9AUVcQZ1aQi	UCDoG-cyeL-Q2ISEjfnH5Y1g
2456	Golden Cage	The Whitest Boy Alive	Dreams	LIKE	4:01	xhYVn24wFN8	MPREb_9AUVcQZ1aQi	UCDoG-cyeL-Q2ISEjfnH5Y1g
2457	Fireworks	The Whitest Boy Alive	Dreams	LIKE	3:09	9mrz5Wb-rTE	MPREb_9AUVcQZ1aQi	UCDoG-cyeL-Q2ISEjfnH5Y1g
2461	Inflation	The Whitest Boy Alive	Dreams	LIKE	3:43	2skwmlzc1cY	MPREb_9AUVcQZ1aQi	UCDoG-cyeL-Q2ISEjfnH5Y1g
2462	Figures	The Whitest Boy Alive	Dreams	LIKE	3:54	TV29_pQ65kk	MPREb_9AUVcQZ1aQi	UCDoG-cyeL-Q2ISEjfnH5Y1g
2466	Intentions	The Whitest Boy Alive	Rules	LIKE	3:39	9GeTxEKOq8A	MPREb_r6mCbRjsXFz	UCDoG-cyeL-Q2ISEjfnH5Y1g
2467	Courage	The Whitest Boy Alive	Rules	LIKE	4:22	NnVGKxgzpeU	MPREb_r6mCbRjsXFz	UCDoG-cyeL-Q2ISEjfnH5Y1g
2470	High On The Heels	The Whitest Boy Alive	Rules	LIKE	3:20	yr7_tx9RWyI	MPREb_r6mCbRjsXFz	UCDoG-cyeL-Q2ISEjfnH5Y1g
2398	Apple Blossom	The White Stripes	De Stijl	LIKE	2:14	SjUwvyX_fC8	MPREb_VUnrRCD9Xh2	UCD0Wge1UpszMtqK3P9x50vA
2399	I'm Bound to Pack It Up	The White Stripes	De Stijl	LIKE	3:10	AgCG08Jwt70	MPREb_VUnrRCD9Xh2	UCD0Wge1UpszMtqK3P9x50vA
2400	Death Letter	The White Stripes	De Stijl	LIKE	4:30	ba0IunweO5Q	MPREb_VUnrRCD9Xh2	UCD0Wge1UpszMtqK3P9x50vA
2401	Sister, Do You Know My Name?	The White Stripes	De Stijl	LIKE	2:52	FHfYzbE5Z3k	MPREb_VUnrRCD9Xh2	UCD0Wge1UpszMtqK3P9x50vA
2402	Truth Doesn't Make a Noise	The White Stripes	De Stijl	LIKE	3:15	s6_-BGJJ1NE	MPREb_VUnrRCD9Xh2	UCD0Wge1UpszMtqK3P9x50vA
2404	Let's Build a Home	The White Stripes	De Stijl	LIKE	1:59	sJ1OFleemR4	MPREb_VUnrRCD9Xh2	UCD0Wge1UpszMtqK3P9x50vA
2408	Seven Nation Army	The White Stripes	Elephant	LIKE	3:51	D_QLxj8jCF0	MPREb_sn5Vym75jtL	UCD0Wge1UpszMtqK3P9x50vA
2412	In The Cold, Cold Night	The White Stripes	Elephant	LIKE	2:58	1RtGR2Qxc5k	MPREb_sn5Vym75jtL	UCD0Wge1UpszMtqK3P9x50vA
2414	You've Got Her In Your Pocket	The White Stripes	Elephant	LIKE	3:39	CAIG8EXx1Jw	MPREb_sn5Vym75jtL	UCD0Wge1UpszMtqK3P9x50vA
2415	Ball and Biscuit	The White Stripes	Elephant	LIKE	7:18	KC2PzXEMj-M	MPREb_sn5Vym75jtL	UCD0Wge1UpszMtqK3P9x50vA
2417	Little Acorns	The White Stripes	Elephant	LIKE	4:09	Ie-V-Nb91Ek	MPREb_sn5Vym75jtL	UCD0Wge1UpszMtqK3P9x50vA
2419	The Air Near My Fingers	The White Stripes	Elephant	LIKE	3:40	JufJkni9gX8	MPREb_sn5Vym75jtL	UCD0Wge1UpszMtqK3P9x50vA
2420	Girl, You Have No Faith In Medicine	The White Stripes	Elephant	LIKE	3:17	HI30mme8RhI	MPREb_sn5Vym75jtL	UCD0Wge1UpszMtqK3P9x50vA
2422	Jimmy the Exploder	The White Stripes	The White Stripes	LIKE	2:29	tLOq39rkmIw	MPREb_ke9q9bBLfdh	UCD0Wge1UpszMtqK3P9x50vA
2423	Stop Breaking Down	The White Stripes	The White Stripes	LIKE	2:20	-11SG13W-tY	MPREb_ke9q9bBLfdh	UCD0Wge1UpszMtqK3P9x50vA
2426	Sugar Never Tasted So Good	The White Stripes	The White Stripes	LIKE	2:54	GrkH4ajP0Rs	MPREb_ke9q9bBLfdh	UCD0Wge1UpszMtqK3P9x50vA
2427	Wasting My Time	The White Stripes	The White Stripes	LIKE	2:13	PRIjAkI51gU	MPREb_ke9q9bBLfdh	UCD0Wge1UpszMtqK3P9x50vA
2428	Cannon	The White Stripes	The White Stripes	LIKE	2:30	WFzCv2i6YpM	MPREb_ke9q9bBLfdh	UCD0Wge1UpszMtqK3P9x50vA
2431	When I Hear My Name	The White Stripes	The White Stripes	LIKE	1:54	GBSx8GQw57g	MPREb_ke9q9bBLfdh	UCD0Wge1UpszMtqK3P9x50vA
2432	Do	The White Stripes	The White Stripes	LIKE	3:05	St_A4H8FPS4	MPREb_ke9q9bBLfdh	UCD0Wge1UpszMtqK3P9x50vA
2433	Screwdriver	The White Stripes	The White Stripes	LIKE	3:14	FE5zQGkHz1Q	MPREb_ke9q9bBLfdh	UCD0Wge1UpszMtqK3P9x50vA
2434	One More Cup of Coffee	The White Stripes	The White Stripes	LIKE	3:13	-BqJv0hHbFo	MPREb_ke9q9bBLfdh	UCD0Wge1UpszMtqK3P9x50vA
2437	St. James Infirmary Blues	The White Stripes	The White Stripes	LIKE	2:24	HrMUsKa0JHA	MPREb_ke9q9bBLfdh	UCD0Wge1UpszMtqK3P9x50vA
2438	I Fought Piranhas	The White Stripes	The White Stripes	LIKE	3:07	eKzU0fd7L0o	MPREb_ke9q9bBLfdh	UCD0Wge1UpszMtqK3P9x50vA
2447	We're Going to Be Friends	The White Stripes	White Blood Cells	LIKE	2:22	fPhxPJJumxY	MPREb_wSaXWn6Z3ay	UCD0Wge1UpszMtqK3P9x50vA
2448	Offend in Every Way	The White Stripes	White Blood Cells	LIKE	3:06	mUwsrxFisTs	MPREb_wSaXWn6Z3ay	UCD0Wge1UpszMtqK3P9x50vA
2450	Aluminum	The White Stripes	White Blood Cells	LIKE	2:19	LTwVZk2Y8dY	MPREb_wSaXWn6Z3ay	UCD0Wge1UpszMtqK3P9x50vA
2453	I Can Learn	The White Stripes	White Blood Cells	LIKE	3:31	jsFl7_zDgdk	MPREb_wSaXWn6Z3ay	UCD0Wge1UpszMtqK3P9x50vA
2385	1906	The West Coast Pop Art Experimental Band	Part One	LIKE	2:21	IgjQc0WzNrY	MPREb_rOOHvAyDUXj	UCKECYanyhVAioxt4hFTFYJw
2386	Help, I'm a Rock	The West Coast Pop Art Experimental Band	Part One	LIKE	4:26	HpPghmWhY-g	MPREb_rOOHvAyDUXj	UCKECYanyhVAioxt4hFTFYJw
2388	Transparent Day	The West Coast Pop Art Experimental Band	Part One	LIKE	2:18	9Slr978Indw	MPREb_rOOHvAyDUXj	UCKECYanyhVAioxt4hFTFYJw
2391	If You Want This Love	The West Coast Pop Art Experimental Band	Part One	LIKE	2:52	JpNRCG3Kceg	MPREb_rOOHvAyDUXj	UCKECYanyhVAioxt4hFTFYJw
2395	Help, I'm a Rock (Mono Single Mix)	The West Coast Pop Art Experimental Band	Part One	LIKE	2:15	ClUpyBmP-0M	MPREb_rOOHvAyDUXj	UCKECYanyhVAioxt4hFTFYJw
2311	Snowchild	The Weeknd	After Hours	LIKE	4:08	oju5I2CXt_Y	MPREb_TH6Wut5eTMQ	UClYV6hHlupm_S_ObS1W-DYw
2314	Blinding Lights	The Weeknd	After Hours	LIKE	3:21	2ru92T7Y5z0	MPREb_TH6Wut5eTMQ	UClYV6hHlupm_S_ObS1W-DYw
2315	In Your Eyes	The Weeknd	After Hours	LIKE	3:58	yRVotpLaCD4	MPREb_TH6Wut5eTMQ	UClYV6hHlupm_S_ObS1W-DYw
2318	After Hours	The Weeknd	After Hours	LIKE	6:02	WxYgXmZ9xh8	MPREb_TH6Wut5eTMQ	UClYV6hHlupm_S_ObS1W-DYw
2322	Tell Your Friends	The Weeknd	Beauty Behind The Madness	LIKE	5:34	ZpVFxl3WV3U	MPREb_phyP9K8SlD7	UClYV6hHlupm_S_ObS1W-DYw
2323	Often	The Weeknd	Beauty Behind The Madness	LIKE	4:09	YY2ng9SjCTo	MPREb_phyP9K8SlD7	UClYV6hHlupm_S_ObS1W-DYw
2324	The Hills	The Weeknd	Beauty Behind The Madness	LIKE	4:02	GfiJowcJiVw	MPREb_phyP9K8SlD7	UClYV6hHlupm_S_ObS1W-DYw
2326	Can't Feel My Face	The Weeknd	Beauty Behind The Madness	LIKE	3:33	ricvj03PHSU	MPREb_phyP9K8SlD7	UClYV6hHlupm_S_ObS1W-DYw
2341	High For This	The Weeknd	House Of Balloons	LIKE	4:10	R_XW_CIwbB8	MPREb_MuaI9RZQa8o	UClYV6hHlupm_S_ObS1W-DYw
2342	What You Need	The Weeknd	House Of Balloons	LIKE	3:27	yScVu2eVJ-8	MPREb_MuaI9RZQa8o	UClYV6hHlupm_S_ObS1W-DYw
2344	The Morning	The Weeknd	House Of Balloons	LIKE	5:15	wjE2YXSo2FM	MPREb_MuaI9RZQa8o	UClYV6hHlupm_S_ObS1W-DYw
2350	Starboy (feat. Daft Punk)	The Weeknd	Starboy	LIKE	3:51	3_g2un5M350	MPREb_FWIMEPTHFsY	UClYV6hHlupm_S_ObS1W-DYw
2351	Party Monster	The Weeknd	Starboy	LIKE	4:10	17c7kDMG_mU	MPREb_FWIMEPTHFsY	UClYV6hHlupm_S_ObS1W-DYw
2352	Reminder	The Weeknd	Starboy	LIKE	3:39	a40tAP5MC6M	MPREb_FWIMEPTHFsY	UClYV6hHlupm_S_ObS1W-DYw
2353	Rockin’	The Weeknd	Starboy	LIKE	3:53	BCvmAySCnLk	MPREb_FWIMEPTHFsY	UClYV6hHlupm_S_ObS1W-DYw
2355	Sidewalks (feat. Kendrick Lamar)	The Weeknd	Starboy	LIKE	3:52	DWi73D1vZTc	MPREb_FWIMEPTHFsY	UClYV6hHlupm_S_ObS1W-DYw
2359	Attention	The Weeknd	Starboy	LIKE	3:18	RPCqZssID78	MPREb_FWIMEPTHFsY	UClYV6hHlupm_S_ObS1W-DYw
2361	Nothing Without You	The Weeknd	Starboy	LIKE	3:19	1ExndLNGnmY	MPREb_FWIMEPTHFsY	UClYV6hHlupm_S_ObS1W-DYw
2364	I Feel It Coming (feat. Daft Punk)	The Weeknd	Starboy	LIKE	4:30	qPRNIHxLhmc	MPREb_FWIMEPTHFsY	UClYV6hHlupm_S_ObS1W-DYw
2368	Can't Feel My Face	The Weeknd	The Highlights	LIKE	3:34	bq5e-1NapBA	MPREb_8xvQsQro2af	UClYV6hHlupm_S_ObS1W-DYw
2369	I Feel It Coming (feat. Daft Punk)	The Weeknd	The Highlights	LIKE	4:30	2H-ChIjEOHo	MPREb_8xvQsQro2af	UClYV6hHlupm_S_ObS1W-DYw
2370	Starboy (feat. Daft Punk)	The Weeknd	The Highlights	LIKE	3:51	M8zSKnqP3pY	MPREb_8xvQsQro2af	UClYV6hHlupm_S_ObS1W-DYw
2373	Often	The Weeknd	The Highlights	LIKE	4:10	Za-gbEXIDkk	MPREb_8xvQsQro2af	UClYV6hHlupm_S_ObS1W-DYw
2374	The Hills	The Weeknd	The Highlights	LIKE	4:03	lqCYFqZoadw	MPREb_8xvQsQro2af	UClYV6hHlupm_S_ObS1W-DYw
2381	The Morning	The Weeknd	The Highlights	LIKE	5:16	cvguGgDKR-8	MPREb_8xvQsQro2af	UClYV6hHlupm_S_ObS1W-DYw
2270	Pain	The War On Drugs	A Deeper Understanding	LIKE	5:31	nbQTBYfLcfg	MPREb_hHa4zrbcnHn	UCnAZ69DaeHv6RR63qdp1U8g
2275	Thinking Of A Place	The War On Drugs	A Deeper Understanding	LIKE	11:11	NVKbnXRXQog	MPREb_hHa4zrbcnHn	UCnAZ69DaeHv6RR63qdp1U8g
2281	Comin' Through	The War On Drugs	Future Weather	LIKE	3:21	m5_hlBSC4SY	MPREb_G8XEIcCpJi3	UCnAZ69DaeHv6RR63qdp1U8g
2283	Comin' Around	The War On Drugs	Future Weather	LIKE	0:55	MqZ_o2BuhnE	MPREb_G8XEIcCpJi3	UCnAZ69DaeHv6RR63qdp1U8g
2288	Pain (Live)	The War On Drugs	LIVE DRUGS	LIKE	5:17	EvrKPy3khQY	MPREb_LxRiC42rBi4	UCnAZ69DaeHv6RR63qdp1U8g
2290	Red Eyes (Live)	The War On Drugs	LIVE DRUGS	LIKE	5:50	pH9rVOajHfM	MPREb_LxRiC42rBi4	UCnAZ69DaeHv6RR63qdp1U8g
2291	Thinking Of A Place (Live)	The War On Drugs	LIVE DRUGS	LIKE	10:37	G_n82PeBugE	MPREb_LxRiC42rBi4	UCnAZ69DaeHv6RR63qdp1U8g
2295	Under The Pressure (Live)	The War On Drugs	LIVE DRUGS	LIKE	11:59	uRdyj8Y9KME	MPREb_LxRiC42rBi4	UCnAZ69DaeHv6RR63qdp1U8g
2263	I Haven't Been True	The Walters	Young Men	LIKE	3:23	80M1lHeHFRk	MPREb_doMcyrdVGRD	UCWXnGZRSAZJQ7JV7id5fufg
2264	Sweet Leaf	The Walters	Young Men	LIKE	2:05	CsoQut-vbUY	MPREb_doMcyrdVGRD	UCWXnGZRSAZJQ7JV7id5fufg
2265	Goodbye Baby	The Walters	Young Men	LIKE	2:33	ud_1l-04Oco	MPREb_doMcyrdVGRD	UCWXnGZRSAZJQ7JV7id5fufg
2267	Cottage Roads	The Walters	Young Men	LIKE	3:02	ArYcgKn3WGE	MPREb_doMcyrdVGRD	UCWXnGZRSAZJQ7JV7id5fufg
2251	One Headlight	The Wallflowers	Bringing Down the Horse	LIKE	5:12	yjbzUEJONNU	MPREb_ImRCgCuYAJH	UCo5omxucc1GfxRRwisE1QJw
2239	Get Up, Stand Up	The Wailers	Burnin'	LIKE	3:19	LwZpfp_e9ao	MPREb_57nsSazhJb4	UCIoJ4M0MjsC9gOKuFdlnAGA
2241	I Shot The Sheriff	The Wailers	Burnin'	LIKE	4:41	m2a9pr96oZ8	MPREb_57nsSazhJb4	UCIoJ4M0MjsC9gOKuFdlnAGA
2242	Burnin' And Lootin'	The Wailers	Burnin'	LIKE	4:18	DJ1nkUkNeng	MPREb_57nsSazhJb4	UCIoJ4M0MjsC9gOKuFdlnAGA
2243	Put It On	The Wailers	Burnin'	LIKE	4:00	Xp-gcPzfIVs	MPREb_57nsSazhJb4	UCIoJ4M0MjsC9gOKuFdlnAGA
2244	Small Axe	The Wailers	Burnin'	LIKE	4:02	2shS9igUyo4	MPREb_57nsSazhJb4	UCIoJ4M0MjsC9gOKuFdlnAGA
2245	Pass It On	The Wailers	Burnin'	LIKE	3:35	YYB6XiMQJ1c	MPREb_57nsSazhJb4	UCIoJ4M0MjsC9gOKuFdlnAGA
2247	One Foundation	The Wailers	Burnin'	LIKE	3:43	v2FayYiUwJE	MPREb_57nsSazhJb4	UCIoJ4M0MjsC9gOKuFdlnAGA
2248	Rastaman Chant	The Wailers	Burnin'	LIKE	3:48	pkV7xWvL5vY	MPREb_57nsSazhJb4	UCIoJ4M0MjsC9gOKuFdlnAGA
2210	Walk, Don't Run	The Ventures	Walk - Don't Run: The Best Of The Ventures	LIKE	2:05	dzL3jvnmqPM	MPREb_jmI40k1che7	UCBTyn_Hs6HQQ6poBYsiQiVw
2216	Driving Guitars (Ventures Twist)	The Ventures	Walk - Don't Run: The Best Of The Ventures	LIKE	1:55	1MuAqUVSJNI	MPREb_jmI40k1che7	UCBTyn_Hs6HQQ6poBYsiQiVw
2218	Twisted	The Ventures	Walk - Don't Run: The Best Of The Ventures	LIKE	2:44	khHt9oHRAGQ	MPREb_jmI40k1che7	UCBTyn_Hs6HQQ6poBYsiQiVw
2219	Spudnik (Surf Rider)	The Ventures	Walk - Don't Run: The Best Of The Ventures	LIKE	2:28	iefq3B6-Gf0	MPREb_jmI40k1che7	UCBTyn_Hs6HQQ6poBYsiQiVw
2220	Night Drive	The Ventures	Walk - Don't Run: The Best Of The Ventures	LIKE	2:23	A8xgXpnykos	MPREb_jmI40k1che7	UCBTyn_Hs6HQQ6poBYsiQiVw
2221	The 2000 Pound Bee (Part 1 & 2) (Medley)	The Ventures	Walk - Don't Run: The Best Of The Ventures	LIKE	4:09	j1DIjvzgIyM	MPREb_jmI40k1che7	UCBTyn_Hs6HQQ6poBYsiQiVw
2224	Journey To The Stars	The Ventures	Walk - Don't Run: The Best Of The Ventures	LIKE	2:22	NkxzIi9IzUI	MPREb_jmI40k1che7	UCBTyn_Hs6HQQ6poBYsiQiVw
2225	Fugitive	The Ventures	Walk - Don't Run: The Best Of The Ventures	LIKE	2:15	1IB6BKCTJ5c	MPREb_jmI40k1che7	UCBTyn_Hs6HQQ6poBYsiQiVw
2226	Walk, Don't Run '64	The Ventures	Walk - Don't Run: The Best Of The Ventures	LIKE	2:31	E1ADC3HDCcw	MPREb_jmI40k1che7	UCBTyn_Hs6HQQ6poBYsiQiVw
2229	Diamond Head	The Ventures	Walk - Don't Run: The Best Of The Ventures	LIKE	2:08	n2n9xZiWUiQ	MPREb_jmI40k1che7	UCBTyn_Hs6HQQ6poBYsiQiVw
2230	Action Plus	The Ventures	Walk - Don't Run: The Best Of The Ventures	LIKE	2:41	5Z61wbPx328	MPREb_jmI40k1che7	UCBTyn_Hs6HQQ6poBYsiQiVw
2233	Underground Fire	The Ventures	Walk - Don't Run: The Best Of The Ventures	LIKE	2:11	RbI9z11uMCM	MPREb_jmI40k1che7	UCBTyn_Hs6HQQ6poBYsiQiVw
2234	Hawaii Five-O	The Ventures	Walk - Don't Run: The Best Of The Ventures	LIKE	1:54	APWd-s-Gaic	MPREb_jmI40k1che7	UCBTyn_Hs6HQQ6poBYsiQiVw
2235	The Ventures 'Rocketing Rhythms' Interview	The Ventures	Walk - Don't Run: The Best Of The Ventures	LIKE	6:40	KTJkCJFXixE	MPREb_jmI40k1che7	UCBTyn_Hs6HQQ6poBYsiQiVw
2237	Underground Fire - Radio Spot	The Ventures	Walk - Don't Run: The Best Of The Ventures	LIKE	0:58	3axNzk6TWU4	MPREb_jmI40k1che7	UCBTyn_Hs6HQQ6poBYsiQiVw
2238	Hawaii Five-O - Radio Spot	The Ventures	Walk - Don't Run: The Best Of The Ventures	LIKE	1:06	MnZ6FBEz6WU	MPREb_jmI40k1che7	UCBTyn_Hs6HQQ6poBYsiQiVw
2195	Sunday Morning	The Velvet Underground & Nico	The Velvet Underground & Nico	LIKE	2:55	4RDF0dkjyEM	MPREb_xUQzHavBxlt	UCXNWrugB_J3sRBYR9idQWzg
2198	Venus In Furs	The Velvet Underground & Nico	The Velvet Underground & Nico	LIKE	5:12	KR7Lv8XZtkk	MPREb_xUQzHavBxlt	UCXNWrugB_J3sRBYR9idQWzg
2201	Heroin	The Velvet Underground & Nico	The Velvet Underground & Nico	LIKE	7:13	foptT2bsKww	MPREb_xUQzHavBxlt	UCXNWrugB_J3sRBYR9idQWzg
2203	The Black Angel's Death Song	The Velvet Underground & Nico	The Velvet Underground & Nico	LIKE	3:12	5S78t8I8Z5I	MPREb_xUQzHavBxlt	UCXNWrugB_J3sRBYR9idQWzg
2172	Who Loves The Sun (2015 Remastered)	The Velvet Underground	Loaded	LIKE	2:47	gNPovDOk4jY	MPREb_Xi6tzkPzoO5	UCXNWrugB_J3sRBYR9idQWzg
2173	Sweet Jane (Full Length Version) [2015 Remastered]	The Velvet Underground	Loaded	LIKE	4:07	hUcwNwMKAWs	MPREb_Xi6tzkPzoO5	UCXNWrugB_J3sRBYR9idQWzg
2174	Rock And Roll (Full Length Version) [2015 Remastered]	The Velvet Underground	Loaded	LIKE	4:43	J_bQMsqUoD4	MPREb_Xi6tzkPzoO5	UCXNWrugB_J3sRBYR9idQWzg
2175	Cool It Down (2015 Remastered)	The Velvet Underground	Loaded	LIKE	3:06	pccl1bnvlwo	MPREb_Xi6tzkPzoO5	UCXNWrugB_J3sRBYR9idQWzg
2176	New Age (Full Length Version) [2015 Remastered]	The Velvet Underground	Loaded	LIKE	5:11	gRpNHKbohKg	MPREb_Xi6tzkPzoO5	UCXNWrugB_J3sRBYR9idQWzg
2179	I Found A Reason (2015 Remastered)	The Velvet Underground	Loaded	LIKE	4:16	T0E5aR7_9G8	MPREb_Xi6tzkPzoO5	UCXNWrugB_J3sRBYR9idQWzg
2180	Oh! Sweet Nuthin' (2015 Remastered)	The Velvet Underground	Loaded	LIKE	7:26	YjYrfV2xIwI	MPREb_Xi6tzkPzoO5	UCXNWrugB_J3sRBYR9idQWzg
2181	I'm Sticking With You (Session Outtake) [2015 Remastered]	The Velvet Underground	Loaded	LIKE	2:54	xvmaOOKTiKE	MPREb_Xi6tzkPzoO5	UCXNWrugB_J3sRBYR9idQWzg
2182	Ocean (Session Outtake) [2015 Remastered]	The Velvet Underground	Loaded	LIKE	5:45	aqB8bdu66MI	MPREb_Xi6tzkPzoO5	UCXNWrugB_J3sRBYR9idQWzg
2183	I Love You (Session Outtake) [2015 Remastered]	The Velvet Underground	Loaded	LIKE	2:54	UaFQlI16Pjk	MPREb_Xi6tzkPzoO5	UCXNWrugB_J3sRBYR9idQWzg
2184	Ride Into The Sun (Session Outtake) [2015 Remastered]	The Velvet Underground	Loaded	LIKE	3:24	xTN7llS2kaw	MPREb_Xi6tzkPzoO5	UCXNWrugB_J3sRBYR9idQWzg
2185	Candy Says	The Velvet Underground	The Velvet Underground (45th Anniversary)	LIKE	4:01	O4rbTBKRedE	MPREb_HfWBFgnATMT	UCXNWrugB_J3sRBYR9idQWzg
2186	What Goes On	The Velvet Underground	The Velvet Underground (45th Anniversary)	LIKE	4:52	AC7xbqmlluo	MPREb_HfWBFgnATMT	UCXNWrugB_J3sRBYR9idQWzg
2187	Some Kinda Love	The Velvet Underground	The Velvet Underground (45th Anniversary)	LIKE	4:00	JnYlCBKRLsY	MPREb_HfWBFgnATMT	UCXNWrugB_J3sRBYR9idQWzg
2188	Pale Blue Eyes	The Velvet Underground	The Velvet Underground (45th Anniversary)	LIKE	5:38	aNSH8OdHx2A	MPREb_HfWBFgnATMT	UCXNWrugB_J3sRBYR9idQWzg
2189	Jesus	The Velvet Underground	The Velvet Underground (45th Anniversary)	LIKE	3:22	_quyxI4hIOk	MPREb_HfWBFgnATMT	UCXNWrugB_J3sRBYR9idQWzg
2190	Beginning To See The Light	The Velvet Underground	The Velvet Underground (45th Anniversary)	LIKE	4:38	jRAFf2oePMM	MPREb_HfWBFgnATMT	UCXNWrugB_J3sRBYR9idQWzg
2191	I'm Set Free	The Velvet Underground	The Velvet Underground (45th Anniversary)	LIKE	4:01	Nea2I1dQmLE	MPREb_HfWBFgnATMT	UCXNWrugB_J3sRBYR9idQWzg
2192	That's The Story Of My Life	The Velvet Underground	The Velvet Underground (45th Anniversary)	LIKE	2:00	Pmo4ItLCIHc	MPREb_HfWBFgnATMT	UCXNWrugB_J3sRBYR9idQWzg
2193	The Murder Mystery	The Velvet Underground	The Velvet Underground (45th Anniversary)	LIKE	8:53	Om1CYWChLbk	MPREb_HfWBFgnATMT	UCXNWrugB_J3sRBYR9idQWzg
2194	After Hours	The Velvet Underground	The Velvet Underground (45th Anniversary)	LIKE	2:07	_wWgz3Ik1Gg	MPREb_HfWBFgnATMT	UCXNWrugB_J3sRBYR9idQWzg
2196	I'm Waiting For The Man	The Velvet Underground	The Velvet Underground & Nico	LIKE	4:39	99og_g7rXnA	MPREb_xUQzHavBxlt	UCXNWrugB_J3sRBYR9idQWzg
2197	Femme Fatale	The Velvet Underground	The Velvet Underground & Nico	LIKE	2:39	ggHPtzVSEeE	MPREb_xUQzHavBxlt	UCXNWrugB_J3sRBYR9idQWzg
2202	There She Goes Again	The Velvet Underground	The Velvet Underground & Nico	LIKE	2:41	QbW39jwtewE	MPREb_xUQzHavBxlt	UCXNWrugB_J3sRBYR9idQWzg
2204	European Son	The Velvet Underground	The Velvet Underground & Nico	LIKE	7:47	JNZeMMDEZfo	MPREb_xUQzHavBxlt	UCXNWrugB_J3sRBYR9idQWzg
2206	The Gift	The Velvet Underground	White Light / White Heat	LIKE	8:20	_Gwth0jfdfc	MPREb_Z9Z8jdMztvF	UCXNWrugB_J3sRBYR9idQWzg
2207	Lady Godiva's Operation	The Velvet Underground	White Light / White Heat	LIKE	4:57	RotlKj4S_Bk	MPREb_Z9Z8jdMztvF	UCXNWrugB_J3sRBYR9idQWzg
2208	Here She Comes Now	The Velvet Underground	White Light / White Heat	LIKE	2:06	Ds_LUEe23dM	MPREb_Z9Z8jdMztvF	UCXNWrugB_J3sRBYR9idQWzg
2209	Sister Ray	The Velvet Underground	White Light / White Heat	LIKE	17:31	uqAN9Ox2Stw	MPREb_Z9Z8jdMztvF	UCXNWrugB_J3sRBYR9idQWzg
2138	You Think You're A Man	The Vaselines	Enter The Vaselines (Deluxe Edition)	LIKE	5:40	oZWJ-AHJ-xQ	MPREb_Ybb5WDbWHmw	UCpTlOwaL4-7r8deIXO56mdw
2142	Jesus Wants Me For A Sunbeam	The Vaselines	Enter The Vaselines (Deluxe Edition)	LIKE	3:30	t-AvJTeQ4hQ	MPREb_Ybb5WDbWHmw	UCpTlOwaL4-7r8deIXO56mdw
2131	Post Break-Up Sex	The Vaccines	What Did You Expect from The Vaccines?	LIKE	2:55	OjJ_N7HIr_Y	MPREb_nYKxQXIzowe	UCgkRceouNXGqiX0QHQNUr_Q
2121	Patience	The Upsetters	Super Ape	LIKE	3:50	zIaMaLYF0ZI	MPREb_GDNf27a5iKG	UCFCsABx-h6iF2D94EeXjkKg
2097	The American Metaphysical Circus	The United States of America	The United States Of America	LIKE	4:57	YYAkR2hrOnk	MPREb_BxoCzvknoOW	UC64is5DMxjBgiNTDeMzszUQ
2102	Where Is Yesterday	The United States of America	The United States Of America	LIKE	3:08	-VQU5dLu3og	MPREb_BxoCzvknoOW	UC64is5DMxjBgiNTDeMzszUQ
2104	Love Song For The Dead Che	The United States of America	The United States Of America	LIKE	3:25	KFjuvllnJaE	MPREb_BxoCzvknoOW	UC64is5DMxjBgiNTDeMzszUQ
2114	The American Metaphysical Circus (Alternate Version)	The United States of America	The United States Of America	LIKE	4:01	7UBO8twLC2o	MPREb_BxoCzvknoOW	UC64is5DMxjBgiNTDeMzszUQ
2084	I Don't Wanna Die	The Unicorns	Who Will Cut Our Hair When We're Gone?	LIKE	2:03	ChtVp2CGoS8	MPREb_BCm2nVAy3SW	UCdJUfyiyfi5FAPVeuA3SEDw
2085	Tuff Ghost	The Unicorns	Who Will Cut Our Hair When We're Gone?	LIKE	2:56	YTz9SVlqrmM	MPREb_BCm2nVAy3SW	UCdJUfyiyfi5FAPVeuA3SEDw
2086	Ghost Mountain	The Unicorns	Who Will Cut Our Hair When We're Gone?	LIKE	3:10	sdCFtv0lHfw	MPREb_BCm2nVAy3SW	UCdJUfyiyfi5FAPVeuA3SEDw
2087	Sea Ghost	The Unicorns	Who Will Cut Our Hair When We're Gone?	LIKE	3:42	yPEzCkU2KKU	MPREb_BCm2nVAy3SW	UCdJUfyiyfi5FAPVeuA3SEDw
2088	Jellybones	The Unicorns	Who Will Cut Our Hair When We're Gone?	LIKE	2:43	S7W02o8hk3o	MPREb_BCm2nVAy3SW	UCdJUfyiyfi5FAPVeuA3SEDw
2089	The Clap	The Unicorns	Who Will Cut Our Hair When We're Gone?	LIKE	1:26	KQc8gIo-PRU	MPREb_BCm2nVAy3SW	UCdJUfyiyfi5FAPVeuA3SEDw
2092	I Was Born (A Unicorn)	The Unicorns	Who Will Cut Our Hair When We're Gone?	LIKE	2:45	e9OLLTKryiA	MPREb_BCm2nVAy3SW	UCdJUfyiyfi5FAPVeuA3SEDw
2094	Inoculate the Innocuous	The Unicorns	Who Will Cut Our Hair When We're Gone?	LIKE	5:18	AQpfRqvX710	MPREb_BCm2nVAy3SW	UCdJUfyiyfi5FAPVeuA3SEDw
2067	Philanthropist	The Underachievers	Indigoism	LIKE	2:38	Ukdk1nl7QaE	MPREb_oHmcMyxr3Y6	UCIi2K6XOMaxkBIYCB5ww4Kw
2068	Revelations	The Underachievers	Indigoism	LIKE	3:53	58H-wglY2EY	MPREb_oHmcMyxr3Y6	UCIi2K6XOMaxkBIYCB5ww4Kw
2070	Sun Through the Rain	The Underachievers	Indigoism	LIKE	3:15	bEW0EUsh8AE	MPREb_oHmcMyxr3Y6	UCIi2K6XOMaxkBIYCB5ww4Kw
2073	T.A.D.E.D	The Underachievers	Indigoism	LIKE	3:23	uEoo2DELbjs	MPREb_oHmcMyxr3Y6	UCIi2K6XOMaxkBIYCB5ww4Kw
2075	Land of Lords	The Underachievers	Indigoism	LIKE	3:45	DwQNlW50JB0	MPREb_oHmcMyxr3Y6	UCIi2K6XOMaxkBIYCB5ww4Kw
2076	6th Sense	The Underachievers	Indigoism	LIKE	3:06	QF5skpvDODE	MPREb_oHmcMyxr3Y6	UCIi2K6XOMaxkBIYCB5ww4Kw
2077	My Prism	The Underachievers	Indigoism	LIKE	2:48	WMvh6n_J2N8	MPREb_oHmcMyxr3Y6	UCIi2K6XOMaxkBIYCB5ww4Kw
2078	Gold Soul Theory	The Underachievers	Indigoism	LIKE	3:04	veut36tq9n8	MPREb_oHmcMyxr3Y6	UCIi2K6XOMaxkBIYCB5ww4Kw
2080	The Mahdi	The Underachievers	Indigoism	LIKE	3:20	07nB8LQpUnk	MPREb_oHmcMyxr3Y6	UCIi2K6XOMaxkBIYCB5ww4Kw
2082	Root of All Evil	The Underachievers	Indigoism	LIKE	3:20	wI4eIa48qxs	MPREb_oHmcMyxr3Y6	UCIi2K6XOMaxkBIYCB5ww4Kw
2010	Happy Together	The Turtles	Happy Together	LIKE	2:56	BqZ6sRHpWIk	MPREb_uNIqOTAXWYk	UCyaLZJOfKI9L4MQRfy65Psg
2034	Eve of Destruction	The Turtles	It Ain't Me Babe (Deluxe Version)	LIKE	2:40	4P1GkppCddw	MPREb_IkZRV6s7E0V	UCyaLZJOfKI9L4MQRfy65Psg
2038	It Ain't Me Babe	The Turtles	It Ain't Me Babe (Deluxe Version)	LIKE	2:09	7Q0JXbcr8jU	MPREb_IkZRV6s7E0V	UCyaLZJOfKI9L4MQRfy65Psg
2044	I Know That You'll Be There (Mono)	The Turtles	You Baby (Deluxe Version)	LIKE	2:14	MXK9e2R94lg	MPREb_TbXPcdznCTI	UCyaLZJOfKI9L4MQRfy65Psg
2056	I Know That You'll Be There	The Turtles	You Baby (Deluxe Version)	LIKE	2:14	scwcO3Asil4	MPREb_TbXPcdznCTI	UCyaLZJOfKI9L4MQRfy65Psg
2063	You Baby	The Turtles	You Baby (Deluxe Version)	LIKE	2:16	EI8Pt7qBoF0	MPREb_TbXPcdznCTI	UCyaLZJOfKI9L4MQRfy65Psg
1997	No Sayers	The True Loves	Famous Last Words	LIKE	3:34	X0KEc99beIw	MPREb_7QGnz8xCfRI	UCkwC9vCZERHm7AbW97YtLfQ
1999	On the Spot	The True Loves	Famous Last Words	LIKE	2:32	UTBR2i3G3CQ	MPREb_7QGnz8xCfRI	UCkwC9vCZERHm7AbW97YtLfQ
2002	The Dirty	The True Loves	Famous Last Words	LIKE	3:37	wJPNB5klR6A	MPREb_7QGnz8xCfRI	UCkwC9vCZERHm7AbW97YtLfQ
1949	Walk, Don't Run	The Trashmen	Bird Call! Twin City Stomp	LIKE	1:59	KOGL_Wslxiw	MPREb_RTxOI0CHhcD	UCKA351cmhCe3QBKk73X1xMw
1954	Hava Nagila	The Trashmen	Bird Call! Twin City Stomp	LIKE	2:06	2bw-7WQDChY	MPREb_RTxOI0CHhcD	UCKA351cmhCe3QBKk73X1xMw
1905	The Way You Do The Things You Do	The Temptations	The Temptations Sing Smokey	LIKE	2:41	qW_gUUBv-vk	MPREb_4R54HWzffT4	UCwWtKZD4xNVpEHndNxYu51g
1907	My Girl	The Temptations	The Temptations Sing Smokey	LIKE	2:45	zlCT2VZf7ag	MPREb_4R54HWzffT4	UCwWtKZD4xNVpEHndNxYu51g
1893	Future History and the Irrelevance of Time	The Sunshine Fix	The Future History of a Sunshine Fix	LIKE	3:12	cmGZUUhMpLY	MPREb_2eK70r9Ksi4	UCcwqyupaPOaEKHrR2x3O9oQ
1848	Tap Out	The Strokes	Comedown Machine	LIKE	3:43	6KOT5kg59KI	MPREb_afYlxCdI2XP	UC8N13xhRG78YQK7Ppc4Ytrg
1850	One Way Trigger	The Strokes	Comedown Machine	LIKE	4:03	FwilA-UcGW4	MPREb_afYlxCdI2XP	UC8N13xhRG78YQK7Ppc4Ytrg
1851	Welcome To Japan	The Strokes	Comedown Machine	LIKE	3:51	IZg4rz3cIDc	MPREb_afYlxCdI2XP	UC8N13xhRG78YQK7Ppc4Ytrg
1852	80's Comedown Machine	The Strokes	Comedown Machine	LIKE	4:59	rergwIA70Hw	MPREb_afYlxCdI2XP	UC8N13xhRG78YQK7Ppc4Ytrg
1857	Happy Ending	The Strokes	Comedown Machine	LIKE	2:53	z5RtXUiNZ2g	MPREb_afYlxCdI2XP	UC8N13xhRG78YQK7Ppc4Ytrg
1858	Call It Fate, Call It Karma	The Strokes	Comedown Machine	LIKE	3:25	Txn5-dKLFHg	MPREb_afYlxCdI2XP	UC8N13xhRG78YQK7Ppc4Ytrg
1859	Is This It	The Strokes	Is This It	LIKE	2:32	RHrGj1IyE0Y	MPREb_pPtBvGEbwzO	UC8N13xhRG78YQK7Ppc4Ytrg
1860	The Modern Age	The Strokes	Is This It	LIKE	3:29	cy0-S7IAlS0	MPREb_pPtBvGEbwzO	UC8N13xhRG78YQK7Ppc4Ytrg
1861	Soma	The Strokes	Is This It	LIKE	2:34	EY9nr4Lkfw0	MPREb_pPtBvGEbwzO	UC8N13xhRG78YQK7Ppc4Ytrg
1862	Barely Legal	The Strokes	Is This It	LIKE	3:55	buBa8XHd0fo	MPREb_pPtBvGEbwzO	UC8N13xhRG78YQK7Ppc4Ytrg
1863	Someday	The Strokes	Is This It	LIKE	3:04	eArVJFjd6S0	MPREb_pPtBvGEbwzO	UC8N13xhRG78YQK7Ppc4Ytrg
1864	Alone, Together	The Strokes	Is This It	LIKE	3:09	Z_DXTFlj6wM	MPREb_pPtBvGEbwzO	UC8N13xhRG78YQK7Ppc4Ytrg
1865	Last Nite	The Strokes	Is This It	LIKE	3:14	Bn-lcvrMOlc	MPREb_pPtBvGEbwzO	UC8N13xhRG78YQK7Ppc4Ytrg
1866	Hard To Explain	The Strokes	Is This It	LIKE	3:45	2iF9-LAVcjE	MPREb_pPtBvGEbwzO	UC8N13xhRG78YQK7Ppc4Ytrg
1868	Trying Your Luck	The Strokes	Is This It	LIKE	3:23	KadGvFjqGls	MPREb_pPtBvGEbwzO	UC8N13xhRG78YQK7Ppc4Ytrg
1870	What Ever Happened?	The Strokes	Room On Fire	LIKE	2:50	yQOJTLylm-A	MPREb_9HLfAiW2TOd	UC8N13xhRG78YQK7Ppc4Ytrg
1871	Reptilia	The Strokes	Room On Fire	LIKE	3:40	YdRjNeu11Ww	MPREb_9HLfAiW2TOd	UC8N13xhRG78YQK7Ppc4Ytrg
1872	Automatic Stop	The Strokes	Room On Fire	LIKE	3:28	wveUjX6KFR8	MPREb_9HLfAiW2TOd	UC8N13xhRG78YQK7Ppc4Ytrg
1873	12:51	The Strokes	Room On Fire	LIKE	2:34	hO4-QAjkpSA	MPREb_9HLfAiW2TOd	UC8N13xhRG78YQK7Ppc4Ytrg
1874	You Talk Way Too Much	The Strokes	Room On Fire	LIKE	3:07	G9OLlofojX8	MPREb_9HLfAiW2TOd	UC8N13xhRG78YQK7Ppc4Ytrg
1875	Between Love & Hate	The Strokes	Room On Fire	LIKE	3:17	b2A4gJnHsVg	MPREb_9HLfAiW2TOd	UC8N13xhRG78YQK7Ppc4Ytrg
1876	Meet Me in the Bathroom	The Strokes	Room On Fire	LIKE	2:57	Ykvf7oR0JBY	MPREb_9HLfAiW2TOd	UC8N13xhRG78YQK7Ppc4Ytrg
1877	Under Control	The Strokes	Room On Fire	LIKE	3:08	4895ajU27b0	MPREb_9HLfAiW2TOd	UC8N13xhRG78YQK7Ppc4Ytrg
1878	The Way It Is	The Strokes	Room On Fire	LIKE	2:22	Kj1a7WQta4w	MPREb_9HLfAiW2TOd	UC8N13xhRG78YQK7Ppc4Ytrg
1879	The End Has No End	The Strokes	Room On Fire	LIKE	3:06	HR_Pw_Ew868	MPREb_9HLfAiW2TOd	UC8N13xhRG78YQK7Ppc4Ytrg
1880	I Can't Win	The Strokes	Room On Fire	LIKE	2:43	LPNGT5BE6RU	MPREb_9HLfAiW2TOd	UC8N13xhRG78YQK7Ppc4Ytrg
1881	The Adults Are Talking	The Strokes	The New Abnormal	LIKE	5:10	826mxiKjoP0	MPREb_Yjuw9jDLBok	UC8N13xhRG78YQK7Ppc4Ytrg
1883	Brooklyn Bridge To Chorus	The Strokes	The New Abnormal	LIKE	3:56	zTlAwIPUV7w	MPREb_Yjuw9jDLBok	UC8N13xhRG78YQK7Ppc4Ytrg
1885	Eternal Summer	The Strokes	The New Abnormal	LIKE	6:16	tFAx-B71jLQ	MPREb_Yjuw9jDLBok	UC8N13xhRG78YQK7Ppc4Ytrg
1886	At The Door	The Strokes	The New Abnormal	LIKE	5:11	ypBbg3-WbD4	MPREb_Yjuw9jDLBok	UC8N13xhRG78YQK7Ppc4Ytrg
1889	Ode To The Mets	The Strokes	The New Abnormal	LIKE	5:52	CU0i9W_XkDI	MPREb_Yjuw9jDLBok	UC8N13xhRG78YQK7Ppc4Ytrg
1823	It Was Supposed to Be so Easy	The Streets	A Grand Don't Come for Free	LIKE	3:56	jBSeQcOefcU	MPREb_YaAsqkScj3p	UCIChmPKJxNQi1FoUB1_8i4Q
1826	Blinded by the Lights	The Streets	A Grand Don't Come for Free	LIKE	4:45	ZpV0zlazy0s	MPREb_YaAsqkScj3p	UCIChmPKJxNQi1FoUB1_8i4Q
1828	Get Out of My House	The Streets	A Grand Don't Come for Free	LIKE	3:53	JhpNCrtGmWo	MPREb_YaAsqkScj3p	UCIChmPKJxNQi1FoUB1_8i4Q
1829	Fit but You Know It	The Streets	A Grand Don't Come for Free	LIKE	4:15	XEN8uCaBvdg	MPREb_YaAsqkScj3p	UCIChmPKJxNQi1FoUB1_8i4Q
1844	The Irony of It All	The Streets	Original Pirate Material	LIKE	3:29	ntnGscIgKU4	MPREb_IudKfP3IDWv	UCIChmPKJxNQi1FoUB1_8i4Q
1845	Weak Become Heroes	The Streets	Original Pirate Material	LIKE	5:33	YSpEKsldu9c	MPREb_IudKfP3IDWv	UCIChmPKJxNQi1FoUB1_8i4Q
1818	Down on the Street	The Stooges	Funhouse	LIKE	3:43	xEcLZ5x4WDs	MPREb_leYXfaA1EG3	UCCT8KMU8ReissgaPl7pvo9g
1819	Loose	The Stooges	Funhouse	LIKE	3:34	glWllMffnBg	MPREb_leYXfaA1EG3	UCCT8KMU8ReissgaPl7pvo9g
1820	Dirt	The Stooges	Funhouse	LIKE	7:01	KHgfy-OKi30	MPREb_leYXfaA1EG3	UCCT8KMU8ReissgaPl7pvo9g
1806	I Wanna Be Adored	The Stone Roses	The Stone Roses	LIKE	4:53	aa10yl8mirk	MPREb_Xr5fImSTuRU	UCccFm9vNZz5u1deqhWhN2Yw
1807	She Bangs the Drums	The Stone Roses	The Stone Roses	LIKE	3:53	T6cUmieJwJY	MPREb_Xr5fImSTuRU	UCccFm9vNZz5u1deqhWhN2Yw
1808	Waterfall	The Stone Roses	The Stone Roses	LIKE	4:39	Sk5bekdJ78o	MPREb_Xr5fImSTuRU	UCccFm9vNZz5u1deqhWhN2Yw
1809	Don't Stop	The Stone Roses	The Stone Roses	LIKE	5:21	VTvzdEQhMIY	MPREb_Xr5fImSTuRU	UCccFm9vNZz5u1deqhWhN2Yw
1810	Bye Bye Bad Man	The Stone Roses	The Stone Roses	LIKE	4:04	QCPdjuG2KMI	MPREb_Xr5fImSTuRU	UCccFm9vNZz5u1deqhWhN2Yw
1813	Made of Stone	The Stone Roses	The Stone Roses	LIKE	4:15	6zDYMLtVJ4g	MPREb_Xr5fImSTuRU	UCccFm9vNZz5u1deqhWhN2Yw
1817	Fools Gold	The Stone Roses	The Stone Roses	LIKE	9:55	A7DLD1tYOnw	MPREb_Xr5fImSTuRU	UCccFm9vNZz5u1deqhWhN2Yw
1772	Hey Joe, Where You Gonna Go	The Standells	Dirty Water (Expanded Edition)	LIKE	2:13	tsnd93FPr6E	MPREb_ss5smRmKVC0	UCztpwWlN0F9CAjAFSwutaEg
1751	A Message to You Rudy (2002 Remaster)	The Specials	The Specials	LIKE	2:53	I9U-tXagwRQ	MPREb_HpbyjWAyTLR	UC2_ZQJKkRF9GapgwTMd_LMw
1753	It's up to You (2002 Remaster)	The Specials	The Specials	LIKE	3:24	DrfFyl5T1-Q	MPREb_HpbyjWAyTLR	UC2_ZQJKkRF9GapgwTMd_LMw
1755	Doesn't Make It Alright (2002 Remaster)	The Specials	The Specials	LIKE	3:28	VuR0QgiVXdk	MPREb_HpbyjWAyTLR	UC2_ZQJKkRF9GapgwTMd_LMw
1759	(Dawning of A) New Era (2002 Remaster)	The Specials	The Specials	LIKE	2:27	NaO395ai3Jo	MPREb_HpbyjWAyTLR	UC2_ZQJKkRF9GapgwTMd_LMw
1761	Stupid Marriage (2002 Remaster)	The Specials	The Specials	LIKE	3:51	7oNx_TBDJJI	MPREb_HpbyjWAyTLR	UC2_ZQJKkRF9GapgwTMd_LMw
1742	Winning	The Sound	From The Lion's Mouth	LIKE	4:19	BoSZTNr48gg	MPREb_aKojPfe9Tlh	UCVenxdjfY0pKLGWvMskNfqA
1743	Sense of Purpose	The Sound	From The Lion's Mouth	LIKE	3:53	tyBRSTU7lok	MPREb_aKojPfe9Tlh	UCVenxdjfY0pKLGWvMskNfqA
1745	Skeletons	The Sound	From The Lion's Mouth	LIKE	3:28	NGyYFnQPqS0	MPREb_aKojPfe9Tlh	UCVenxdjfY0pKLGWvMskNfqA
1730	The Witch	The Sonics	Here Are The Sonics	LIKE	2:41	HGBsxpnRhMk	MPREb_CknrXtJEkFD	UCRj3ssXllXwutAfPI-mu4CA
1731	Do You Love Me	The Sonics	Here Are The Sonics	LIKE	2:19	2PCTdsgDyFI	MPREb_CknrXtJEkFD	UCRj3ssXllXwutAfPI-mu4CA
1735	Have Love Will Travel	The Sonics	Here Are The Sonics	LIKE	2:41	SV9N7TbIzcE	MPREb_CknrXtJEkFD	UCRj3ssXllXwutAfPI-mu4CA
1737	Money	The Sonics	Here Are The Sonics	LIKE	2:01	Sumq7cU5dlM	MPREb_CknrXtJEkFD	UCRj3ssXllXwutAfPI-mu4CA
1740	Strychnine	The Sonics	Here Are The Sonics	LIKE	2:14	g68n8EM8I4I	MPREb_CknrXtJEkFD	UCRj3ssXllXwutAfPI-mu4CA
1722	We	The Soft Pink Truth	Shall We Go On Sinning So That Grace May Increase?	LIKE	5:30	rvStT_r1_Gs	MPREb_T7CBCdwreji	UCMw5mkF2GYasItRLB-jzDeg
1723	Go	The Soft Pink Truth	Shall We Go On Sinning So That Grace May Increase?	LIKE	2:34	kYICQpwQK-8	MPREb_T7CBCdwreji	UCMw5mkF2GYasItRLB-jzDeg
1724	On	The Soft Pink Truth	Shall We Go On Sinning So That Grace May Increase?	LIKE	4:43	FvIq3cRz_eU	MPREb_T7CBCdwreji	UCMw5mkF2GYasItRLB-jzDeg
1729	May Increase	The Soft Pink Truth	Shall We Go On Sinning So That Grace May Increase?	LIKE	4:18	J8NIGAdP4so	MPREb_T7CBCdwreji	UCMw5mkF2GYasItRLB-jzDeg
1689	That Joke Isn't Funny Anymore	The Smiths	Meat Is Murder	LIKE	4:57	1nPT64U6X40	MPREb_2y0ZswwXZC4	UCklWLf-5N7mE8S06rj2OrQw
1691	Well I Wonder	The Smiths	Meat Is Murder	LIKE	3:59	zUbCkPdBNHg	MPREb_2y0ZswwXZC4	UCklWLf-5N7mE8S06rj2OrQw
1692	Barbarism Begins at Home	The Smiths	Meat Is Murder	LIKE	6:53	9zNwZomsONA	MPREb_2y0ZswwXZC4	UCklWLf-5N7mE8S06rj2OrQw
1694	A Rush and a Push and the Land Is Ours	The Smiths	Strangeways, Here We Come	LIKE	3:03	nxr1EXwOMLU	MPREb_RRB10UYKdDP	UCklWLf-5N7mE8S06rj2OrQw
1698	Stop Me If You Think You've Heard This One Before	The Smiths	Strangeways, Here We Come	LIKE	3:35	QTqFdaVGRew	MPREb_RRB10UYKdDP	UCklWLf-5N7mE8S06rj2OrQw
1705	I Know It's Over	The Smiths	The Queen Is Dead	LIKE	5:49	iey0VOhxV2Y	MPREb_LK6XKj3XSaf	UCklWLf-5N7mE8S06rj2OrQw
1707	The Boy with the Thorn in His Side	The Smiths	The Queen Is Dead	LIKE	3:16	FzRa2IB9RkQ	MPREb_LK6XKj3XSaf	UCklWLf-5N7mE8S06rj2OrQw
1708	There Is a Light That Never Goes Out	The Smiths	The Queen Is Dead	LIKE	4:04	3r-qDvD3F3c	MPREb_LK6XKj3XSaf	UCklWLf-5N7mE8S06rj2OrQw
1713	Pretty Girls Make Graves	The Smiths	The Smiths	LIKE	3:44	r_Ql8HglIDE	MPREb_8B0BiQ0zT5S	UCklWLf-5N7mE8S06rj2OrQw
1715	This Charming Man	The Smiths	The Smiths	LIKE	2:43	OYYZFx7_DS8	MPREb_8B0BiQ0zT5S	UCklWLf-5N7mE8S06rj2OrQw
1582	Tonight, Tonight	The Smashing Pumpkins	Mellon Collie and the Infinite Sadness (Deluxe Edition)	LIKE	4:15	JzSeC5sFyT8	MPREb_4ZhfDV3ZMNG	UCZM3bF24BS-qDMe0OigpeZw
1585	Bullet With Butterfly Wings	The Smashing Pumpkins	Mellon Collie and the Infinite Sadness (Deluxe Edition)	LIKE	4:19	xCmA1uC0r9A	MPREb_4ZhfDV3ZMNG	UCZM3bF24BS-qDMe0OigpeZw
1590	Galapogos	The Smashing Pumpkins	Mellon Collie and the Infinite Sadness (Deluxe Edition)	LIKE	4:47	1BmxK5_5rbs	MPREb_4ZhfDV3ZMNG	UCZM3bF24BS-qDMe0OigpeZw
1598	1979	The Smashing Pumpkins	Mellon Collie and the Infinite Sadness (Deluxe Edition)	LIKE	4:27	A6M0yLxLCNA	MPREb_4ZhfDV3ZMNG	UCZM3bF24BS-qDMe0OigpeZw
1600	Thru The Eyes Of Ruby	The Smashing Pumpkins	Mellon Collie and the Infinite Sadness (Deluxe Edition)	LIKE	7:39	kx-D8_gn5O4	MPREb_4ZhfDV3ZMNG	UCZM3bF24BS-qDMe0OigpeZw
1623	1979 (Sadlands Demo)	The Smashing Pumpkins	Mellon Collie and the Infinite Sadness (Deluxe Edition)	LIKE	4:05	tN9pyght8lQ	MPREb_4ZhfDV3ZMNG	UCZM3bF24BS-qDMe0OigpeZw
1627	Galapagos (Instrumental/Sadlands Demo)	The Smashing Pumpkins	Mellon Collie and the Infinite Sadness (Deluxe Edition)	LIKE	3:55	xPiYOoM--oQ	MPREb_4ZhfDV3ZMNG	UCZM3bF24BS-qDMe0OigpeZw
1629	Bullet With Butterfly Wings (Sadlands Demo)	The Smashing Pumpkins	Mellon Collie and the Infinite Sadness (Deluxe Edition)	LIKE	4:35	KgcmDWIthJw	MPREb_4ZhfDV3ZMNG	UCZM3bF24BS-qDMe0OigpeZw
1650	Galapagos (Sadlands Demo)	The Smashing Pumpkins	Mellon Collie and the Infinite Sadness (Deluxe Edition)	LIKE	4:26	inD4PHdyyZY	MPREb_4ZhfDV3ZMNG	UCZM3bF24BS-qDMe0OigpeZw
1542	I Heard It Through The Grapevine	The Slits	Cut (Deluxe Edition)	LIKE	3:58	0a8ajxJuQNk	MPREb_1aibCAX7Vhv	UCJ96-Kr0zmD3qwn8ux1JNAQ
1552	"I Heard It Through The Grapevine (""Rough Mix"")"	The Slits	Cut (Deluxe Edition)	LIKE	3:44	4fugpXLWX-U	MPREb_1aibCAX7Vhv	UCJ96-Kr0zmD3qwn8ux1JNAQ
1490	Kissing the Lipless	The Shins	Chutes Too Narrow	LIKE	3:19	ffQji-kJ7Tg	MPREb_gNVELfEafp9	UCp8bBB0AoKgBaNlUiKn8SHg
1492	So Says I	The Shins	Chutes Too Narrow	LIKE	2:48	gNojU0pZLA0	MPREb_gNVELfEafp9	UCp8bBB0AoKgBaNlUiKn8SHg
1493	Young Pilgrims	The Shins	Chutes Too Narrow	LIKE	2:47	eTHnbES5S2M	MPREb_gNVELfEafp9	UCp8bBB0AoKgBaNlUiKn8SHg
1494	Saint Simon	The Shins	Chutes Too Narrow	LIKE	4:25	-_R41hSNWtU	MPREb_gNVELfEafp9	UCp8bBB0AoKgBaNlUiKn8SHg
1496	Pink Bullets	The Shins	Chutes Too Narrow	LIKE	3:53	NUwasNeclFY	MPREb_gNVELfEafp9	UCp8bBB0AoKgBaNlUiKn8SHg
1497	Turn a Square	The Shins	Chutes Too Narrow	LIKE	3:11	t1MliQp8gHI	MPREb_gNVELfEafp9	UCp8bBB0AoKgBaNlUiKn8SHg
1498	Gone for Good	The Shins	Chutes Too Narrow	LIKE	3:13	O1AlCujiglc	MPREb_gNVELfEafp9	UCp8bBB0AoKgBaNlUiKn8SHg
1500	Caring Is Creepy (2021 Remaster)	The Shins	Oh, Inverted World (20th Anniversary Remaster)	LIKE	3:20	nlAu_oD5LuU	MPREb_1OVSkB5Psxm	UCp8bBB0AoKgBaNlUiKn8SHg
1502	Weird Divide (2021 Remaster)	The Shins	Oh, Inverted World (20th Anniversary Remaster)	LIKE	1:59	l2COCvZoACg	MPREb_1OVSkB5Psxm	UCp8bBB0AoKgBaNlUiKn8SHg
1503	Know Your Onion! (2021 Remaster)	The Shins	Oh, Inverted World (20th Anniversary Remaster)	LIKE	2:30	yGFWNG2kZVc	MPREb_1OVSkB5Psxm	UCp8bBB0AoKgBaNlUiKn8SHg
1504	Girl Inform Me (2021 Remaster)	The Shins	Oh, Inverted World (20th Anniversary Remaster)	LIKE	2:21	eJeQ4mx2CL8	MPREb_1OVSkB5Psxm	UCp8bBB0AoKgBaNlUiKn8SHg
1505	New Slang (2021 Remaster)	The Shins	Oh, Inverted World (20th Anniversary Remaster)	LIKE	3:51	kGpAMPS_t8U	MPREb_1OVSkB5Psxm	UCp8bBB0AoKgBaNlUiKn8SHg
1510	The Past and Pending (2021 Remaster)	The Shins	Oh, Inverted World (20th Anniversary Remaster)	LIKE	5:26	v1u5mOwQMpc	MPREb_1OVSkB5Psxm	UCp8bBB0AoKgBaNlUiKn8SHg
1513	It's Only Life	The Shins	Port Of Morrow	LIKE	4:02	zYtBli9P8ZQ	MPREb_MarvH1Gi7Wb	UCp8bBB0AoKgBaNlUiKn8SHg
1514	Bait And Switch	The Shins	Port Of Morrow	LIKE	3:24	OiiPRebzkNM	MPREb_MarvH1Gi7Wb	UCp8bBB0AoKgBaNlUiKn8SHg
1516	No Way Down	The Shins	Port Of Morrow	LIKE	3:17	3CgzEDV3S0o	MPREb_MarvH1Gi7Wb	UCp8bBB0AoKgBaNlUiKn8SHg
1519	40 Mark Strasse	The Shins	Port Of Morrow	LIKE	4:39	grY7mPoje2A	MPREb_MarvH1Gi7Wb	UCp8bBB0AoKgBaNlUiKn8SHg
1521	Sleeping Lessons	The Shins	Wincing The Night Away	LIKE	3:58	gsWqxgloHSA	MPREb_h4OGAuNjf4i	UCp8bBB0AoKgBaNlUiKn8SHg
1522	Australia	The Shins	Wincing The Night Away	LIKE	3:56	_EYURMSqjug	MPREb_h4OGAuNjf4i	UCp8bBB0AoKgBaNlUiKn8SHg
1523	Pam Berry	The Shins	Wincing The Night Away	LIKE	0:56	SjtcJIoV_a8	MPREb_h4OGAuNjf4i	UCp8bBB0AoKgBaNlUiKn8SHg
1524	Phantom Limb	The Shins	Wincing The Night Away	LIKE	4:47	XoMAbmZw3mI	MPREb_h4OGAuNjf4i	UCp8bBB0AoKgBaNlUiKn8SHg
1525	Sea Legs	The Shins	Wincing The Night Away	LIKE	5:22	953KXpr_UTk	MPREb_h4OGAuNjf4i	UCp8bBB0AoKgBaNlUiKn8SHg
1526	Red Rabbits	The Shins	Wincing The Night Away	LIKE	4:30	bZaRVz9ilnw	MPREb_h4OGAuNjf4i	UCp8bBB0AoKgBaNlUiKn8SHg
1527	Turn On Me	The Shins	Wincing The Night Away	LIKE	3:41	foGlDQNg_ko	MPREb_h4OGAuNjf4i	UCp8bBB0AoKgBaNlUiKn8SHg
1528	Black Wave	The Shins	Wincing The Night Away	LIKE	3:19	aZ5EvyzBbZw	MPREb_h4OGAuNjf4i	UCp8bBB0AoKgBaNlUiKn8SHg
1529	Spilt Needles	The Shins	Wincing The Night Away	LIKE	3:45	fJgOcXP7Tck	MPREb_h4OGAuNjf4i	UCp8bBB0AoKgBaNlUiKn8SHg
1530	Girl Sailor	The Shins	Wincing The Night Away	LIKE	3:44	79FHpYddjP4	MPREb_h4OGAuNjf4i	UCp8bBB0AoKgBaNlUiKn8SHg
1531	A Comet Appears	The Shins	Wincing The Night Away	LIKE	3:49	qA7o5NQfQ7Y	MPREb_h4OGAuNjf4i	UCp8bBB0AoKgBaNlUiKn8SHg
1482	Journey Through Time	The Shaolin Afronauts	Flight of The Ancients	LIKE	5:16	bKnj2HbRdJg	MPREb_ZpNyFkRhh47	UCVw8R983zHpdVQGmAocVhuA
1484	Flight of the Ancients	The Shaolin Afronauts	Flight of The Ancients	LIKE	5:47	VePND0qUhG4	MPREb_ZpNyFkRhh47	UCVw8R983zHpdVQGmAocVhuA
1485	Shaolin Theme	The Shaolin Afronauts	Flight of The Ancients	LIKE	4:38	4VnxKEZ6kcA	MPREb_ZpNyFkRhh47	UCVw8R983zHpdVQGmAocVhuA
1489	The Scarab	The Shaolin Afronauts	Flight of The Ancients	LIKE	4:55	oaXxPGQyPi0	MPREb_ZpNyFkRhh47	UCVw8R983zHpdVQGmAocVhuA
1470	Philosophy of the World	The Shaggs	Philosophy of the World	LIKE	2:57	thHcvTDGWvg	MPREb_6bBDtVO1jsk	UCoGbJD1tl-T8KPkXLOGfrxw
1475	I'm so Happy When You're Near	The Shaggs	Philosophy of the World	LIKE	2:14	XLwl3A62xnk	MPREb_6bBDtVO1jsk	UCoGbJD1tl-T8KPkXLOGfrxw
1476	Things I Wonder	The Shaggs	Philosophy of the World	LIKE	1:50	Pz1MhIwtkv0	MPREb_6bBDtVO1jsk	UCoGbJD1tl-T8KPkXLOGfrxw
1459	Gloria	The Shadows Of Knight	Gloria	LIKE	2:37	7xR2dEHNHvg	MPREb_FCjKSQS2VyV	UCvTr-5UOpKGqomBiMPYhE4g
1461	I Got My Mojo Working	The Shadows Of Knight	Gloria	LIKE	3:32	Dd952mrUGIY	MPREb_FCjKSQS2VyV	UCvTr-5UOpKGqomBiMPYhE4g
1462	Dark Side	The Shadows Of Knight	Gloria	LIKE	2:03	veIRqFIyyYg	MPREb_FCjKSQS2VyV	UCvTr-5UOpKGqomBiMPYhE4g
1440	Can't Seem To Make You Mine	The Seeds	The Seeds	LIKE	3:05	fSqMaqKs9Eg	MPREb_HenPsPCvRED	UCfN3TOlCfoeRzaUZYpfbSCg
1444	Pushin' Too Hard	The Seeds	The Seeds	LIKE	2:38	aKZ1NYmgDHc	MPREb_HenPsPCvRED	UCfN3TOlCfoeRzaUZYpfbSCg
1446	Nobody Spoil My Fun	The Seeds	The Seeds	LIKE	3:54	uRli6P-WJiM	MPREb_HenPsPCvRED	UCfN3TOlCfoeRzaUZYpfbSCg
1428	Washington Square (2006 Remaster)	The Routers	1963 Great Instrumental Hits	LIKE	2:52	X5SvqxE_bBQ	MPREb_xiRj0lzONgL	UCgdMPSSj0k40Ow9Qsbuz01w
1435	Watermelon Man (2006 Remaster)	The Routers	1963 Great Instrumental Hits	LIKE	2:46	7IMCnLSt2A4	MPREb_xiRj0lzONgL	UCgdMPSSj0k40Ow9Qsbuz01w
1309	Proceed	The Roots	Do You Want More?!!!??!	LIKE	4:35	8rrmOXaesGI	MPREb_fP7veX8SBs8	UCkOV250OgD1qUOAvGYgCSvA
1310	Distortion To Static	The Roots	Do You Want More?!!!??!	LIKE	4:18	c01p5hRXsyA	MPREb_fP7veX8SBs8	UCkOV250OgD1qUOAvGYgCSvA
1311	Mellow My Man	The Roots	Do You Want More?!!!??!	LIKE	4:41	GeVqPBe_K5k	MPREb_fP7veX8SBs8	UCkOV250OgD1qUOAvGYgCSvA
1317	What Goes On, Pt. 7	The Roots	Do You Want More?!!!??!	LIKE	5:32	6Z48w7BPrZ4	MPREb_fP7veX8SBs8	UCkOV250OgD1qUOAvGYgCSvA
1321	Silent Treatment	The Roots	Do You Want More?!!!??!	LIKE	6:52	XH2AqFOPQSs	MPREb_fP7veX8SBs8	UCkOV250OgD1qUOAvGYgCSvA
1326	Game Theory	The Roots	Game Theory	LIKE	4:01	zTtyxBd18yQ	MPREb_VRywOkKRP6E	UCkOV250OgD1qUOAvGYgCSvA
1328	In The Music (feat. Malik B.)	The Roots	Game Theory	LIKE	4:06	Zx-AFRMu3lY	MPREb_VRywOkKRP6E	UCkOV250OgD1qUOAvGYgCSvA
1330	Baby	The Roots	Game Theory	LIKE	2:50	99lsefysL20	MPREb_VRywOkKRP6E	UCkOV250OgD1qUOAvGYgCSvA
1336	Can't Stop This	The Roots	Game Theory	LIKE	8:35	gJ-tzWkm2GQ	MPREb_VRywOkKRP6E	UCkOV250OgD1qUOAvGYgCSvA
1347	Doin' It Again	The Roots	How I Got Over	LIKE	2:23	BSb8rYRDOiY	MPREb_eMu3Sm7Qm6Y	UCkOV250OgD1qUOAvGYgCSvA
1348	The Fire (feat. John Legend)	The Roots	How I Got Over	LIKE	3:41	cCrm-6sS3II	MPREb_eMu3Sm7Qm6Y	UCkOV250OgD1qUOAvGYgCSvA
1352	Intro (feat. Joe Young, Dr. Cornell West, Harry Allen & Wendy Goldstein)	The Roots	Illadelph Halflife	LIKE	0:34	Li9HXYijPqM	MPREb_eZxSxHuWOGR	UCkOV250OgD1qUOAvGYgCSvA
1353	Respond/ React	The Roots	Illadelph Halflife	LIKE	5:07	qfrdkRw-lZk	MPREb_eZxSxHuWOGR	UCkOV250OgD1qUOAvGYgCSvA
1354	Section	The Roots	Illadelph Halflife	LIKE	4:09	nfpFBQ_SI1Q	MPREb_eZxSxHuWOGR	UCkOV250OgD1qUOAvGYgCSvA
1355	Panic !!!!!!!	The Roots	Illadelph Halflife	LIKE	1:24	yLu3Q3ObkjM	MPREb_eZxSxHuWOGR	UCkOV250OgD1qUOAvGYgCSvA
1356	It Just Don't Stop	The Roots	Illadelph Halflife	LIKE	4:33	SS235OiFXgg	MPREb_eZxSxHuWOGR	UCkOV250OgD1qUOAvGYgCSvA
1357	Episodes	The Roots	Illadelph Halflife	LIKE	5:56	EqcH6PNyP04	MPREb_eZxSxHuWOGR	UCkOV250OgD1qUOAvGYgCSvA
1358	Push Up Ya Lighter	The Roots	Illadelph Halflife	LIKE	4:36	nZleKw7FmvQ	MPREb_eZxSxHuWOGR	UCkOV250OgD1qUOAvGYgCSvA
1359	What They Do	The Roots	Illadelph Halflife	LIKE	5:57	ijYcnszH0Fk	MPREb_eZxSxHuWOGR	UCkOV250OgD1qUOAvGYgCSvA
1361	Concerto Of The Desperado	The Roots	Illadelph Halflife	LIKE	3:38	J7g0gCFp-aE	MPREb_eZxSxHuWOGR	UCkOV250OgD1qUOAvGYgCSvA
1363	Universe At War (feat. Common)	The Roots	Illadelph Halflife	LIKE	4:55	gpDebH8j3LE	MPREb_eZxSxHuWOGR	UCkOV250OgD1qUOAvGYgCSvA
1364	No Alibi	The Roots	Illadelph Halflife	LIKE	5:11	V3AqCqLhZTs	MPREb_eZxSxHuWOGR	UCkOV250OgD1qUOAvGYgCSvA
1368	Ital (The Universal Side) (feat. Q-Tip)	The Roots	Illadelph Halflife	LIKE	4:53	7tLEHXlXF4s	MPREb_eZxSxHuWOGR	UCkOV250OgD1qUOAvGYgCSvA
1369	One Shine	The Roots	Illadelph Halflife	LIKE	5:40	aBJxikzu3eg	MPREb_eZxSxHuWOGR	UCkOV250OgD1qUOAvGYgCSvA
1379	The Seed (2.0) (feat. Cody Chestnutt)	The Roots	Phrenology	LIKE	4:28	sVXhp7NSEAc	MPREb_I50MYGswhM8	UCkOV250OgD1qUOAvGYgCSvA
1380	Break You Off (feat. Musiq)	The Roots	Phrenology	LIKE	7:28	bPcwUu_gcqo	MPREb_I50MYGswhM8	UCkOV250OgD1qUOAvGYgCSvA
1390	Don't Say Nuthin'	The Roots	The Tipping Point	LIKE	3:35	VKzcNLH_v80	MPREb_sYjBeMMEHPa	UCkOV250OgD1qUOAvGYgCSvA
1391	Guns Are Drawn	The Roots	The Tipping Point	LIKE	5:15	QlgEoVkONg0	MPREb_sYjBeMMEHPa	UCkOV250OgD1qUOAvGYgCSvA
1395	Why (What's Goin On?)	The Roots	The Tipping Point	LIKE	4:20	gPtGXZXXOx0	MPREb_sYjBeMMEHPa	UCkOV250OgD1qUOAvGYgCSvA
1398	The Next Movement (feat. DJ Jazzy Jeff & Jazzyfatnastees)	The Roots	Things Fall Apart	LIKE	4:10	Gurgkb-8KW8	MPREb_LawQuTEu344	UCkOV250OgD1qUOAvGYgCSvA
1399	Step Into The Relm	The Roots	Things Fall Apart	LIKE	2:49	ppqAk_FwecI	MPREb_LawQuTEu344	UCkOV250OgD1qUOAvGYgCSvA
1401	Dynamite!	The Roots	Things Fall Apart	LIKE	4:45	f-YF924NWFg	MPREb_LawQuTEu344	UCkOV250OgD1qUOAvGYgCSvA
1403	Ain't Sayin' Nothin' New (feat. Dice Raw)	The Roots	Things Fall Apart	LIKE	4:34	H_Oa8UF9ifU	MPREb_LawQuTEu344	UCkOV250OgD1qUOAvGYgCSvA
1404	Double Trouble (feat. Mos Def)	The Roots	Things Fall Apart	LIKE	5:50	AmSUb5H5G0s	MPREb_LawQuTEu344	UCkOV250OgD1qUOAvGYgCSvA
1409	You Got Me	The Roots	Things Fall Apart	LIKE	4:19	y5DFHx_EUTg	MPREb_LawQuTEu344	UCkOV250OgD1qUOAvGYgCSvA
1410	Don't See Us	The Roots	Things Fall Apart	LIKE	4:30	7HAInmEyKBY	MPREb_LawQuTEu344	UCkOV250OgD1qUOAvGYgCSvA
1186	Time Is On My Side (Mono Version / Organ Intro)	The Rolling Stones	12 X 5	LIKE	2:52	7jStGLgQkSw	MPREb_7DCilAEIioz	UCNYhhkQqeFLUc-YEDcLpSYQ
1190	Under The Boardwalk	The Rolling Stones	12 X 5	LIKE	2:46	MC_XZbjPMSM	MPREb_7DCilAEIioz	UCNYhhkQqeFLUc-YEDcLpSYQ
1191	Congratulations (Mono Version)	The Rolling Stones	12 X 5	LIKE	2:28	A0OoeFnh3VA	MPREb_7DCilAEIioz	UCNYhhkQqeFLUc-YEDcLpSYQ
1193	If You Need Me	The Rolling Stones	12 X 5	LIKE	2:04	038NVTEaWuk	MPREb_7DCilAEIioz	UCNYhhkQqeFLUc-YEDcLpSYQ
1195	Paint It, Black	The Rolling Stones	Aftermath	LIKE	3:22	170sceOWWXc	MPREb_Kv1Y3Zh54dy	UCNYhhkQqeFLUc-YEDcLpSYQ
1196	Lady Jane (Mono Version)	The Rolling Stones	Aftermath	LIKE	3:08	UaTlmldpiio	MPREb_Kv1Y3Zh54dy	UCNYhhkQqeFLUc-YEDcLpSYQ
1197	Under My Thumb	The Rolling Stones	Aftermath	LIKE	3:41	aGRnokznTF0	MPREb_Kv1Y3Zh54dy	UCNYhhkQqeFLUc-YEDcLpSYQ
1198	Doncha Bother Me	The Rolling Stones	Aftermath	LIKE	2:41	pLFNhlV3fIE	MPREb_Kv1Y3Zh54dy	UCNYhhkQqeFLUc-YEDcLpSYQ
1199	Think	The Rolling Stones	Aftermath	LIKE	3:09	2JXyuhEkhHw	MPREb_Kv1Y3Zh54dy	UCNYhhkQqeFLUc-YEDcLpSYQ
1200	High And Dry	The Rolling Stones	Aftermath	LIKE	3:08	yfrvst3QgN8	MPREb_Kv1Y3Zh54dy	UCNYhhkQqeFLUc-YEDcLpSYQ
1201	I Am Waiting	The Rolling Stones	Aftermath	LIKE	3:10	k2rAtuYGT_k	MPREb_Kv1Y3Zh54dy	UCNYhhkQqeFLUc-YEDcLpSYQ
1203	Sympathy For The Devil (50th Anniversary Edition)	The Rolling Stones	Beggars Banquet (50th Anniversary Edition)	LIKE	6:19	uWepTCBBnLo	MPREb_Ir7Xm3VAPcS	UCNYhhkQqeFLUc-YEDcLpSYQ
1204	No Expectations (50th Anniversary Edition)	The Rolling Stones	Beggars Banquet (50th Anniversary Edition)	LIKE	3:57	0aNbZIOvrMI	MPREb_Ir7Xm3VAPcS	UCNYhhkQqeFLUc-YEDcLpSYQ
1207	Jigsaw Puzzle (50th Anniversary Edition)	The Rolling Stones	Beggars Banquet (50th Anniversary Edition)	LIKE	6:07	FnwI5Gh-8Qc	MPREb_Ir7Xm3VAPcS	UCNYhhkQqeFLUc-YEDcLpSYQ
1208	Street Fighting Man (50th Anniversary Edition)	The Rolling Stones	Beggars Banquet (50th Anniversary Edition)	LIKE	3:16	-3CMuDkSxY8	MPREb_Ir7Xm3VAPcS	UCNYhhkQqeFLUc-YEDcLpSYQ
1209	Prodigal Son (50th Anniversary Edition)	The Rolling Stones	Beggars Banquet (50th Anniversary Edition)	LIKE	2:52	ICQqWjRc29Y	MPREb_Ir7Xm3VAPcS	UCNYhhkQqeFLUc-YEDcLpSYQ
1212	Salt Of The Earth (50th Anniversary Edition)	The Rolling Stones	Beggars Banquet (50th Anniversary Edition)	LIKE	4:50	7yscoKNrNl8	MPREb_Ir7Xm3VAPcS	UCNYhhkQqeFLUc-YEDcLpSYQ
1213	Rocks Off	The Rolling Stones	Exile On Main St.	LIKE	4:31	w5HP2Xcy_eQ	MPREb_aju6q8kPBVS	UCNYhhkQqeFLUc-YEDcLpSYQ
1216	Sweet Virginia	The Rolling Stones	Exile On Main St.	LIKE	4:26	ZtplnF83hXM	MPREb_aju6q8kPBVS	UCNYhhkQqeFLUc-YEDcLpSYQ
1217	Torn And Frayed	The Rolling Stones	Exile On Main St.	LIKE	4:17	1Z-U2HUl7lg	MPREb_aju6q8kPBVS	UCNYhhkQqeFLUc-YEDcLpSYQ
1219	Ventilator Blues	The Rolling Stones	Exile On Main St.	LIKE	3:24	SoxTSRV6XSc	MPREb_aju6q8kPBVS	UCNYhhkQqeFLUc-YEDcLpSYQ
1221	Let It Loose	The Rolling Stones	Exile On Main St.	LIKE	5:17	bnCkiNi_ssY	MPREb_aju6q8kPBVS	UCNYhhkQqeFLUc-YEDcLpSYQ
1224	Ruby Tuesday	The Rolling Stones	Flowers	LIKE	3:16	ByZIE3eEEyE	MPREb_snzMep4rwEa	UCNYhhkQqeFLUc-YEDcLpSYQ
1225	Have You Seen Your Mother, Baby, Standing In The Shadow? (Mono Version)	The Rolling Stones	Flowers	LIKE	2:34	kde9bPvK7_I	MPREb_snzMep4rwEa	UCNYhhkQqeFLUc-YEDcLpSYQ
1226	Let's Spend The Night Together	The Rolling Stones	Flowers	LIKE	3:35	-003tyHPDd0	MPREb_snzMep4rwEa	UCNYhhkQqeFLUc-YEDcLpSYQ
1227	Lady Jane (Mono Version)	The Rolling Stones	Flowers	LIKE	3:07	4JgYATrm-Hg	MPREb_snzMep4rwEa	UCNYhhkQqeFLUc-YEDcLpSYQ
1228	Out Of Time (Edit Version)	The Rolling Stones	Flowers	LIKE	3:41	qWtoYqT045E	MPREb_snzMep4rwEa	UCNYhhkQqeFLUc-YEDcLpSYQ
1229	My Girl	The Rolling Stones	Flowers	LIKE	2:38	0YxVIi1yzX4	MPREb_snzMep4rwEa	UCNYhhkQqeFLUc-YEDcLpSYQ
1230	Back Street Girl	The Rolling Stones	Flowers	LIKE	3:26	31CCDPTlvdE	MPREb_snzMep4rwEa	UCNYhhkQqeFLUc-YEDcLpSYQ
1231	Please Go Home	The Rolling Stones	Flowers	LIKE	3:17	cdCiTvxLduM	MPREb_snzMep4rwEa	UCNYhhkQqeFLUc-YEDcLpSYQ
1232	Mother's Little Helper	The Rolling Stones	Flowers	LIKE	2:46	xedyZ0RMcy4	MPREb_snzMep4rwEa	UCNYhhkQqeFLUc-YEDcLpSYQ
1233	Take It Or Leave It	The Rolling Stones	Flowers	LIKE	2:46	_aLzpKVMHmI	MPREb_snzMep4rwEa	UCNYhhkQqeFLUc-YEDcLpSYQ
1234	Ride On Baby	The Rolling Stones	Flowers	LIKE	2:52	L_y0ErPx1Jo	MPREb_snzMep4rwEa	UCNYhhkQqeFLUc-YEDcLpSYQ
1235	Sittin' On A Fence	The Rolling Stones	Flowers	LIKE	3:02	-lBLxaIOZG4	MPREb_snzMep4rwEa	UCNYhhkQqeFLUc-YEDcLpSYQ
1241	Get Off Of My Cloud (Mono Version)	The Rolling Stones	Hot Rocks (1964-1971)	LIKE	2:55	2IJxFDFv00s	MPREb_bPmNjQylDId	UCNYhhkQqeFLUc-YEDcLpSYQ
1242	Mother's Little Helper	The Rolling Stones	Hot Rocks (1964-1971)	LIKE	2:46	DkRs5P0bSKc	MPREb_bPmNjQylDId	UCNYhhkQqeFLUc-YEDcLpSYQ
1244	Paint It, Black	The Rolling Stones	Hot Rocks (1964-1971)	LIKE	3:22	HbzdeQKQNuU	MPREb_bPmNjQylDId	UCNYhhkQqeFLUc-YEDcLpSYQ
1245	Under My Thumb	The Rolling Stones	Hot Rocks (1964-1971)	LIKE	3:42	IsmdoVNiYJc	MPREb_bPmNjQylDId	UCNYhhkQqeFLUc-YEDcLpSYQ
1246	Ruby Tuesday	The Rolling Stones	Hot Rocks (1964-1971)	LIKE	3:16	SgqPS-eq9M8	MPREb_bPmNjQylDId	UCNYhhkQqeFLUc-YEDcLpSYQ
1247	Let's Spend The Night Together	The Rolling Stones	Hot Rocks (1964-1971)	LIKE	3:35	ecy5zEJW7EU	MPREb_bPmNjQylDId	UCNYhhkQqeFLUc-YEDcLpSYQ
1249	Street Fighting Man	The Rolling Stones	Hot Rocks (1964-1971)	LIKE	3:15	OF4GYr-FpIY	MPREb_bPmNjQylDId	UCNYhhkQqeFLUc-YEDcLpSYQ
1250	Sympathy For The Devil	The Rolling Stones	Hot Rocks (1964-1971)	LIKE	6:17	HOYLkf3lZQo	MPREb_bPmNjQylDId	UCNYhhkQqeFLUc-YEDcLpSYQ
1251	Honky Tonk Women (Mono Version)	The Rolling Stones	Hot Rocks (1964-1971)	LIKE	2:59	pm_y9gPpJKw	MPREb_bPmNjQylDId	UCNYhhkQqeFLUc-YEDcLpSYQ
1252	Gimme Shelter	The Rolling Stones	Hot Rocks (1964-1971)	LIKE	4:30	BINqh-LMQX0	MPREb_bPmNjQylDId	UCNYhhkQqeFLUc-YEDcLpSYQ
1254	You Can't Always Get What You Want	The Rolling Stones	Hot Rocks (1964-1971)	LIKE	7:29	ovG6tsAeRFY	MPREb_bPmNjQylDId	UCNYhhkQqeFLUc-YEDcLpSYQ
1255	Brown Sugar	The Rolling Stones	Hot Rocks (1964-1971)	LIKE	3:49	2Nf90YKfQXA	MPREb_bPmNjQylDId	UCNYhhkQqeFLUc-YEDcLpSYQ
1257	Gimme Shelter	The Rolling Stones	Let It Bleed (50th Anniversary Edition / Remastered 2019)	LIKE	4:31	QeglgSWKSIY	MPREb_ujpJYUiBsJQ	UCNYhhkQqeFLUc-YEDcLpSYQ
1258	Love In Vain	The Rolling Stones	Let It Bleed (50th Anniversary Edition / Remastered 2019)	LIKE	4:20	yZYhhjyGXoU	MPREb_ujpJYUiBsJQ	UCNYhhkQqeFLUc-YEDcLpSYQ
1259	Country Honk	The Rolling Stones	Let It Bleed (50th Anniversary Edition / Remastered 2019)	LIKE	3:08	AmCjpY4hqKE	MPREb_ujpJYUiBsJQ	UCNYhhkQqeFLUc-YEDcLpSYQ
1260	Live With Me	The Rolling Stones	Let It Bleed (50th Anniversary Edition / Remastered 2019)	LIKE	3:34	R_UArnXmEZc	MPREb_ujpJYUiBsJQ	UCNYhhkQqeFLUc-YEDcLpSYQ
1261	Let It Bleed	The Rolling Stones	Let It Bleed (50th Anniversary Edition / Remastered 2019)	LIKE	5:28	60ucKFdNv-I	MPREb_ujpJYUiBsJQ	UCNYhhkQqeFLUc-YEDcLpSYQ
1262	Midnight Rambler	The Rolling Stones	Let It Bleed (50th Anniversary Edition / Remastered 2019)	LIKE	6:53	4B2hZx6GWYE	MPREb_ujpJYUiBsJQ	UCNYhhkQqeFLUc-YEDcLpSYQ
1263	You Got The Silver	The Rolling Stones	Let It Bleed (50th Anniversary Edition / Remastered 2019)	LIKE	2:52	Gxktlk8NCJ8	MPREb_ujpJYUiBsJQ	UCNYhhkQqeFLUc-YEDcLpSYQ
1264	Monkey Man	The Rolling Stones	Let It Bleed (50th Anniversary Edition / Remastered 2019)	LIKE	4:12	yZJaCqrxCT4	MPREb_ujpJYUiBsJQ	UCNYhhkQqeFLUc-YEDcLpSYQ
1265	You Can't Always Get What You Want	The Rolling Stones	Let It Bleed (50th Anniversary Edition / Remastered 2019)	LIKE	7:31	ZUqSNbJuGOw	MPREb_ujpJYUiBsJQ	UCNYhhkQqeFLUc-YEDcLpSYQ
1270	Good Times (Remastered 2002)	The Rolling Stones	Out Of Our Heads (UK)	LIKE	1:59	PCRXyZhN36Y	MPREb_BFpFt5CUuS9	UCNYhhkQqeFLUc-YEDcLpSYQ
1271	Gotta Get Away (Mono Version)	The Rolling Stones	Out Of Our Heads (UK)	LIKE	2:07	jsng5wXqNQY	MPREb_BFpFt5CUuS9	UCNYhhkQqeFLUc-YEDcLpSYQ
1274	Oh Baby (We Got A Good Thing Goin') (Remastered 2002)	The Rolling Stones	Out Of Our Heads (UK)	LIKE	2:09	ntnwmHi_Xug	MPREb_BFpFt5CUuS9	UCNYhhkQqeFLUc-YEDcLpSYQ
1278	Miss You	The Rolling Stones	Some Girls (2009 Re-Mastered)	LIKE	4:48	PKVXSo9ROpg	MPREb_or65rLBCsPI	UCNYhhkQqeFLUc-YEDcLpSYQ
1280	Just My Imagination (Running Away With Me)	The Rolling Stones	Some Girls (2009 Re-Mastered)	LIKE	4:38	_FDlZPOLn0M	MPREb_or65rLBCsPI	UCNYhhkQqeFLUc-YEDcLpSYQ
1286	Beast Of Burden	The Rolling Stones	Some Girls (2009 Re-Mastered)	LIKE	4:25	RlV-ZFyVH3c	MPREb_or65rLBCsPI	UCNYhhkQqeFLUc-YEDcLpSYQ
1287	Shattered	The Rolling Stones	Some Girls (2009 Re-Mastered)	LIKE	3:46	3_Y5J0ka4_k	MPREb_or65rLBCsPI	UCNYhhkQqeFLUc-YEDcLpSYQ
1288	Brown Sugar	The Rolling Stones	Sticky Fingers	LIKE	3:48	Bar7SzNLnY0	MPREb_VSKUmokkIZK	UCNYhhkQqeFLUc-YEDcLpSYQ
1289	Sway (2009 Mix)	The Rolling Stones	Sticky Fingers	LIKE	3:52	0ym_57YSHa4	MPREb_VSKUmokkIZK	UCNYhhkQqeFLUc-YEDcLpSYQ
1290	Wild Horses (2009 Mix)	The Rolling Stones	Sticky Fingers	LIKE	5:41	lJD2OtTaywo	MPREb_VSKUmokkIZK	UCNYhhkQqeFLUc-YEDcLpSYQ
1291	Can't You Hear Me Knocking (2009 Mix)	The Rolling Stones	Sticky Fingers	LIKE	7:16	nkQ0LhcTNsY	MPREb_VSKUmokkIZK	UCNYhhkQqeFLUc-YEDcLpSYQ
1294	I Got The Blues (2009 Mix)	The Rolling Stones	Sticky Fingers	LIKE	3:53	3B-aFsFBgc0	MPREb_VSKUmokkIZK	UCNYhhkQqeFLUc-YEDcLpSYQ
1295	Sister Morphine (2009 Mix)	The Rolling Stones	Sticky Fingers	LIKE	5:31	GrwwiAUYdpA	MPREb_VSKUmokkIZK	UCNYhhkQqeFLUc-YEDcLpSYQ
1296	Dead Flowers (2009 Mix)	The Rolling Stones	Sticky Fingers	LIKE	4:04	Avrv8t_nEI0	MPREb_VSKUmokkIZK	UCNYhhkQqeFLUc-YEDcLpSYQ
1299	Citadel	The Rolling Stones	Their Satanic Majesties Request	LIKE	2:50	I9KJAeM3NCc	MPREb_p2LLiuQY2o6	UCNYhhkQqeFLUc-YEDcLpSYQ
1300	In Another Land	The Rolling Stones	Their Satanic Majesties Request	LIKE	3:13	fMoJXybE40k	MPREb_p2LLiuQY2o6	UCNYhhkQqeFLUc-YEDcLpSYQ
1301	2000 Man	The Rolling Stones	Their Satanic Majesties Request	LIKE	3:07	_OnA5yXk1JE	MPREb_p2LLiuQY2o6	UCNYhhkQqeFLUc-YEDcLpSYQ
1302	Sing This All Together (See What Happens)	The Rolling Stones	Their Satanic Majesties Request	LIKE	8:33	hRPPYQzvW8s	MPREb_p2LLiuQY2o6	UCNYhhkQqeFLUc-YEDcLpSYQ
1303	She's A Rainbow (Full Version / With Intro)	The Rolling Stones	Their Satanic Majesties Request	LIKE	4:35	zKfJXUey8r0	MPREb_p2LLiuQY2o6	UCNYhhkQqeFLUc-YEDcLpSYQ
1304	The Lantern	The Rolling Stones	Their Satanic Majesties Request	LIKE	4:22	9dRyCruH3d4	MPREb_p2LLiuQY2o6	UCNYhhkQqeFLUc-YEDcLpSYQ
1306	2000 Light Years From Home	The Rolling Stones	Their Satanic Majesties Request	LIKE	4:45	ZgIvkW5sqMc	MPREb_p2LLiuQY2o6	UCNYhhkQqeFLUc-YEDcLpSYQ
1125	Easter woman	The Residents	The Commercial Album	LIKE	1:06	5r2wZDX_ftg	MPREb_djVTPTkyi5T	UCr2xdTYrY-Q02PVebrTdgiQ
1126	Perfect love	The Residents	The Commercial Album	LIKE	1:06	4yQu8egBTKk	MPREb_djVTPTkyi5T	UCr2xdTYrY-Q02PVebrTdgiQ
1131	Secrets	The Residents	The Commercial Album	LIKE	1:07	1vzL5WbRQuY	MPREb_djVTPTkyi5T	UCr2xdTYrY-Q02PVebrTdgiQ
1132	Die in terror	The Residents	The Commercial Album	LIKE	1:06	9JIPCQJEx24	MPREb_djVTPTkyi5T	UCr2xdTYrY-Q02PVebrTdgiQ
1133	Red Rider	The Residents	The Commercial Album	LIKE	1:08	d9MHmAqouSQ	MPREb_djVTPTkyi5T	UCr2xdTYrY-Q02PVebrTdgiQ
1143	Loss of innocence	The Residents	The Commercial Album	LIKE	1:07	VC3W7o7_ho4	MPREb_djVTPTkyi5T	UCr2xdTYrY-Q02PVebrTdgiQ
1144	The simple song	The Residents	The Commercial Album	LIKE	1:07	qVb-w4SBBgU	MPREb_djVTPTkyi5T	UCr2xdTYrY-Q02PVebrTdgiQ
1148	Phantom	The Residents	The Commercial Album	LIKE	1:06	JnR8XE73v4I	MPREb_djVTPTkyi5T	UCr2xdTYrY-Q02PVebrTdgiQ
1151	Birds in the trees	The Residents	The Commercial Album	LIKE	1:07	TCqR6XVeUXI	MPREb_djVTPTkyi5T	UCr2xdTYrY-Q02PVebrTdgiQ
1153	Moisture	The Residents	The Commercial Album	LIKE	1:06	1u1OIpPOUv0	MPREb_djVTPTkyi5T	UCr2xdTYrY-Q02PVebrTdgiQ
1154	Love is...	The Residents	The Commercial Album	LIKE	1:07	iD03UYK0kPY	MPREb_djVTPTkyi5T	UCr2xdTYrY-Q02PVebrTdgiQ
1171	Rest Aria	The Residents	Meet The Residents	LIKE	1:42	9IKOLRPpLKw	MPREb_niRHXOprcJW	UCr2xdTYrY-Q02PVebrTdgiQ
1181	Epilogue	The Residents	Not Available	LIKE	2:22	PC8VIPlp5sI	MPREb_pmGZCTHarxi	UCr2xdTYrY-Q02PVebrTdgiQ
1182	Swastikas On Parade	The Residents	Third Reich 'n' Roll	LIKE	17:49	TYd1ZUlxVUQ	MPREb_n4D1EQjRCdE	UCr2xdTYrY-Q02PVebrTdgiQ
1183	Hitler was a Vegetarian	The Residents	Third Reich 'n' Roll	LIKE	18:34	lPCoM1Kcf_o	MPREb_n4D1EQjRCdE	UCr2xdTYrY-Q02PVebrTdgiQ
1112	Good Lovin' (Single Version)	The Rascals	Time Peace (The Rascals' Greatest Hits)	LIKE	2:31	t3CQ-5MeRwY	MPREb_EqEww7MueZr	UCTyZg74MHOVOSN2prFqiG4Q
1119	Groovin' (Single Version)	The Rascals	Time Peace (The Rascals' Greatest Hits)	LIKE	2:28	nTvjjjAeqkw	MPREb_EqEww7MueZr	UCTyZg74MHOVOSN2prFqiG4Q
1091	Shouting Out Loud	The Raincoats	Odyshape	LIKE	4:59	hJsxkGGtJvE	MPREb_sjYfwCxWzzC	UCO_NHhJrJtSDnz6bXZ09BLw
1093	Only Loved at Night	The Raincoats	Odyshape	LIKE	3:35	WsWsdaIplwY	MPREb_sjYfwCxWzzC	UCO_NHhJrJtSDnz6bXZ09BLw
1105	Lola	The Raincoats	The Raincoats	LIKE	4:03	N7NTuCDygx8	MPREb_WoOz7jx35Jc	UCO_NHhJrJtSDnz6bXZ09BLw
1077	Now That You're Gone	The Raconteurs	Help Us Stranger	LIKE	4:00	L3gYHIBT6qI	MPREb_eTTh8Fa4Zv4	UCjiM3FVwKf7BXI3lW3yup5A
1080	Thoughts and Prayers	The Raconteurs	Help Us Stranger	LIKE	4:42	QRodBItcBuA	MPREb_eTTh8Fa4Zv4	UCjiM3FVwKf7BXI3lW3yup5A
1061	Hyperspeed (G-force Part 2)	The Prodigy	Experience	LIKE	5:16	Jk_nZmfQv5U	MPREb_U8JDEG234Qh	UCOEO40PfRXSKhslXNgS0H8Q
1042	S.F. Sorrow Is Born	The Pretty Things	S.F. Sorrow	LIKE	3:11	DRVZ9zwJFbc	MPREb_6OMvXfUD98a	UCy_gWSTLrwaserTXU-HHh5A
1043	Bracelets of Fingers	The Pretty Things	S.F. Sorrow	LIKE	3:42	phkeWcsWPHY	MPREb_6OMvXfUD98a	UCy_gWSTLrwaserTXU-HHh5A
1045	Private Sorrow	The Pretty Things	S.F. Sorrow	LIKE	3:51	_PyKop30UmY	MPREb_6OMvXfUD98a	UCy_gWSTLrwaserTXU-HHh5A
1047	Death	The Pretty Things	S.F. Sorrow	LIKE	3:06	Si554hC2Xq0	MPREb_6OMvXfUD98a	UCy_gWSTLrwaserTXU-HHh5A
1048	Baron Saturday	The Pretty Things	S.F. Sorrow	LIKE	4:02	kAgXbnZZ4PQ	MPREb_6OMvXfUD98a	UCy_gWSTLrwaserTXU-HHh5A
1055	Defecting Grey	The Pretty Things	S.F. Sorrow	LIKE	4:31	lZLoZz-PZaI	MPREb_6OMvXfUD98a	UCy_gWSTLrwaserTXU-HHh5A
1058	Walking Through My Dreams	The Pretty Things	S.F. Sorrow	LIKE	3:36	KrcMjmHF74A	MPREb_6OMvXfUD98a	UCy_gWSTLrwaserTXU-HHh5A
1033	She Is Beyond Good and Evil	The Pop Group	Y	LIKE	3:23	WA4kGeM7hnk	MPREb_CCxNefAqKh5	UC9A_URBe9_ijxYM__zE7O_g
990	Spirits In The Material World	The Police	Ghost In The Machine (Remastered 2003)	LIKE	3:00	9Q73LMKKxbc	MPREb_dgXO6idIrNG	UCbsRGw640UF_F7AIwHW-zmg
991	Every Little Thing She Does Is Magic	The Police	Ghost In The Machine (Remastered 2003)	LIKE	4:21	5WEjz2YoH80	MPREb_dgXO6idIrNG	UCbsRGw640UF_F7AIwHW-zmg
999	Secret Journey	The Police	Ghost In The Machine (Remastered 2003)	LIKE	3:34	Lotcmk3NAYI	MPREb_dgXO6idIrNG	UCbsRGw640UF_F7AIwHW-zmg
1003	Roxanne	The Police	Outlandos D'Amour (Remastered 2003)	LIKE	3:12	fZheUzgIFEk	MPREb_nd8wjM73JJB	UCbsRGw640UF_F7AIwHW-zmg
1006	Can't Stand Losing You	The Police	Outlandos D'Amour (Remastered 2003)	LIKE	2:59	AbcHbAFxUHI	MPREb_nd8wjM73JJB	UCbsRGw640UF_F7AIwHW-zmg
1011	Message In A Bottle	The Police	Reggatta De Blanc (Remastered 2003)	LIKE	4:51	WMl1xKJeuuQ	MPREb_EQT1lVtOflF	UCbsRGw640UF_F7AIwHW-zmg
1012	Reggatta De Blanc	The Police	Reggatta De Blanc (Remastered 2003)	LIKE	3:06	GN-nXWHkVpA	MPREb_EQT1lVtOflF	UCbsRGw640UF_F7AIwHW-zmg
1016	Walking On The Moon	The Police	Reggatta De Blanc (Remastered 2003)	LIKE	5:01	1clHdOoVLD0	MPREb_EQT1lVtOflF	UCbsRGw640UF_F7AIwHW-zmg
1027	Synchronicity II	The Police	Synchronicity (Remastered 2003)	LIKE	5:01	XLEyIE_TMU8	MPREb_8lrA5KA4Gfv	UCbsRGw640UF_F7AIwHW-zmg
1028	Every Breath You Take	The Police	Synchronicity (Remastered 2003)	LIKE	4:14	-SaUrDhp034	MPREb_8lrA5KA4Gfv	UCbsRGw640UF_F7AIwHW-zmg
1029	King Of Pain	The Police	Synchronicity (Remastered 2003)	LIKE	5:00	SZlRX03BzeA	MPREb_8lrA5KA4Gfv	UCbsRGw640UF_F7AIwHW-zmg
1030	Wrapped Around Your Finger	The Police	Synchronicity (Remastered 2003)	LIKE	5:14	E8Yawr0LFUo	MPREb_8lrA5KA4Gfv	UCbsRGw640UF_F7AIwHW-zmg
1032	Murder By Numbers	The Police	Synchronicity (Remastered 2003)	LIKE	4:37	tUq9fURN2VQ	MPREb_8lrA5KA4Gfv	UCbsRGw640UF_F7AIwHW-zmg
962	Oh Shit	The Pharcyde	Bizarre Ride II The Pharcyde	LIKE	4:29	f9l70aO_Ofk	MPREb_dzbSj6u344s	UCPBVpB_roy80QRKWi4vwRVQ
965	Soul Flower (Remix)	The Pharcyde	Bizarre Ride II The Pharcyde	LIKE	4:23	OPXI1eGa0bQ	MPREb_dzbSj6u344s	UCPBVpB_roy80QRKWi4vwRVQ
967	Pack The Pipe (Interlude)	The Pharcyde	Bizarre Ride II The Pharcyde	LIKE	0:21	GA11fODCOPA	MPREb_dzbSj6u344s	UCPBVpB_roy80QRKWi4vwRVQ
969	Passin' Me By	The Pharcyde	Bizarre Ride II The Pharcyde	LIKE	5:03	QPsm-Fy9rA0	MPREb_dzbSj6u344s	UCPBVpB_roy80QRKWi4vwRVQ
970	Otha Fish	The Pharcyde	Bizarre Ride II The Pharcyde	LIKE	5:21	d-6g9xxmuDI	MPREb_dzbSj6u344s	UCPBVpB_roy80QRKWi4vwRVQ
971	Pack The Pipe	The Pharcyde	Bizarre Ride II The Pharcyde	LIKE	5:03	81zyFE2UQXU	MPREb_dzbSj6u344s	UCPBVpB_roy80QRKWi4vwRVQ
973	Bullshit	The Pharcyde	Labcabincalifornia	LIKE	4:13	vnATbqtrXSs	MPREb_eF1KUfxshSG	UCPBVpB_roy80QRKWi4vwRVQ
976	Runnin'	The Pharcyde	Labcabincalifornia	LIKE	4:56	MKY_8faQAzw	MPREb_eF1KUfxshSG	UCPBVpB_roy80QRKWi4vwRVQ
978	Splattitorium	The Pharcyde	Labcabincalifornia	LIKE	2:58	ZgvvlYaSZV4	MPREb_eF1KUfxshSG	UCPBVpB_roy80QRKWi4vwRVQ
944	Little Fluffy Clouds	The Orb	Adventures Beyond The Ultraworld	LIKE	4:27	KNfjpmvbQG0	MPREb_FxVUzXyMvPb	UCpoyFBLTLfbT2Z1D1AnlvLg
945	Earth (Gaia)	The Orb	Adventures Beyond The Ultraworld	LIKE	9:49	Ejnyt8wNMpc	MPREb_FxVUzXyMvPb	UCpoyFBLTLfbT2Z1D1AnlvLg
947	Back Side Of The Moon	The Orb	Adventures Beyond The Ultraworld	LIKE	14:16	KanekI2PKRo	MPREb_FxVUzXyMvPb	UCpoyFBLTLfbT2Z1D1AnlvLg
949	Perpetual Dawn	The Orb	Adventures Beyond The Ultraworld	LIKE	9:32	iSNPBJKoxlQ	MPREb_FxVUzXyMvPb	UCpoyFBLTLfbT2Z1D1AnlvLg
952	Star 6 & 7 8 9	The Orb	Adventures Beyond The Ultraworld	LIKE	8:10	-w21fIWxaFE	MPREb_FxVUzXyMvPb	UCpoyFBLTLfbT2Z1D1AnlvLg
953	A Huge Ever Growing Pulsating Brain That Rules From The Centre Of The Ultraworld (Live Mix Mark 10)	The Orb	Adventures Beyond The Ultraworld	LIKE	18:46	MlsY8MQ2CWE	MPREb_FxVUzXyMvPb	UCpoyFBLTLfbT2Z1D1AnlvLg
957	Towers Of Dub	The Orb	U.F.Orb	LIKE	15:00	MEc8_2NAy4E	MPREb_c7pMvO76CzK	UCpoyFBLTLfbT2Z1D1AnlvLg
917	Sirens of Jupiter	The Olympians	The Olympians	LIKE	3:42	4c_i_JmttKg	MPREb_uIvIIC0SuA4	UCFE7df6PR_vdTFK4w73_9TQ
918	Venus	The Olympians	The Olympians	LIKE	4:01	keU2zM3wKcE	MPREb_uIvIIC0SuA4	UCFE7df6PR_vdTFK4w73_9TQ
919	Apollo's Mood	The Olympians	The Olympians	LIKE	4:31	WQfx5jmzAyU	MPREb_uIvIIC0SuA4	UCFE7df6PR_vdTFK4w73_9TQ
920	Mars	The Olympians	The Olympians	LIKE	3:38	PUUDWVhxZ4I	MPREb_uIvIIC0SuA4	UCFE7df6PR_vdTFK4w73_9TQ
921	Neptune	The Olympians	The Olympians	LIKE	3:53	F_6wEdg2-TM	MPREb_uIvIIC0SuA4	UCFE7df6PR_vdTFK4w73_9TQ
922	Saturn	The Olympians	The Olympians	LIKE	3:36	Yj1VHGIwZUI	MPREb_uIvIIC0SuA4	UCFE7df6PR_vdTFK4w73_9TQ
923	Diana By My Side	The Olympians	The Olympians	LIKE	3:29	1OcjYV_SZr0	MPREb_uIvIIC0SuA4	UCFE7df6PR_vdTFK4w73_9TQ
924	Pluto's Lament	The Olympians	The Olympians	LIKE	2:45	3ZanKCDvCUo	MPREb_uIvIIC0SuA4	UCFE7df6PR_vdTFK4w73_9TQ
925	Mercury's Odyssey	The Olympians	The Olympians	LIKE	3:38	ta4G1xOUcrE	MPREb_uIvIIC0SuA4	UCFE7df6PR_vdTFK4w73_9TQ
926	Europa and the Bull	The Olympians	The Olympians	LIKE	2:57	isSWqPRY4jc	MPREb_uIvIIC0SuA4	UCFE7df6PR_vdTFK4w73_9TQ
927	Sagittarius By Moonlight	The Olympians	The Olympians	LIKE	3:30	iKbBjuZRLiI	MPREb_uIvIIC0SuA4	UCFE7df6PR_vdTFK4w73_9TQ
844	"A Peculiar Noise Called ""Train Director"""	The Olivia Tremor Control	Black Foliage: Animation Music	LIKE	3:01	vkD06C6OV08	MPREb_qhEFYQKolKC	UCTV0PAtGq7nHMy1BIo-bg9g
847	Black Foliage (Animation 1)	The Olivia Tremor Control	Black Foliage: Animation Music	LIKE	1:11	Y5sX7g4QhNE	MPREb_qhEFYQKolKC	UCTV0PAtGq7nHMy1BIo-bg9g
850	A Sleepy Company	The Olivia Tremor Control	Black Foliage: Animation Music	LIKE	3:40	t1sPwt3SXT0	MPREb_qhEFYQKolKC	UCTV0PAtGq7nHMy1BIo-bg9g
851	Grass Canons	The Olivia Tremor Control	Black Foliage: Animation Music	LIKE	3:21	ods-y4SCF5g	MPREb_qhEFYQKolKC	UCTV0PAtGq7nHMy1BIo-bg9g
855	I Have Been Floated	The Olivia Tremor Control	Black Foliage: Animation Music	LIKE	3:39	c_keuepSnyE	MPREb_qhEFYQKolKC	UCTV0PAtGq7nHMy1BIo-bg9g
856	Paranormal Echoes	The Olivia Tremor Control	Black Foliage: Animation Music	LIKE	3:29	HNr9gt8IRfM	MPREb_qhEFYQKolKC	UCTV0PAtGq7nHMy1BIo-bg9g
858	A Place We Have Been To	The Olivia Tremor Control	Black Foliage: Animation Music	LIKE	2:24	stoyp0Zm9j0	MPREb_qhEFYQKolKC	UCTV0PAtGq7nHMy1BIo-bg9g
859	Black Foliage (itself)	The Olivia Tremor Control	Black Foliage: Animation Music	LIKE	2:54	UQMeEJCBiVk	MPREb_qhEFYQKolKC	UCTV0PAtGq7nHMy1BIo-bg9g
860	The Sylvan Screen	The Olivia Tremor Control	Black Foliage: Animation Music	LIKE	6:07	jGN8BX8ctfQ	MPREb_qhEFYQKolKC	UCTV0PAtGq7nHMy1BIo-bg9g
862	Black Foliage (Animation 4)	The Olivia Tremor Control	Black Foliage: Animation Music	LIKE	1:35	_Q3ZoMXEeQM	MPREb_qhEFYQKolKC	UCTV0PAtGq7nHMy1BIo-bg9g
866	Mystery	The Olivia Tremor Control	Black Foliage: Animation Music	LIKE	3:25	OZX7TbVr5Ss	MPREb_qhEFYQKolKC	UCTV0PAtGq7nHMy1BIo-bg9g
867	Another Set Of Bees In The Museum	The Olivia Tremor Control	Black Foliage: Animation Music	LIKE	3:07	W77kMavO_L0	MPREb_qhEFYQKolKC	UCTV0PAtGq7nHMy1BIo-bg9g
869	Hilltop Procession Momentum Gaining	The Olivia Tremor Control	Black Foliage: Animation Music	LIKE	3:22	E2bTw7MigaQ	MPREb_qhEFYQKolKC	UCTV0PAtGq7nHMy1BIo-bg9g
870	The Opera House	The Olivia Tremor Control	Dusk At Cubist Castle	LIKE	3:12	4tQTIwv7gNA	MPREb_hPmQpjNo5VD	UCTV0PAtGq7nHMy1BIo-bg9g
872	Jumping Fences	The Olivia Tremor Control	Dusk At Cubist Castle	LIKE	1:52	qw_UcCwUjMI	MPREb_hPmQpjNo5VD	UCTV0PAtGq7nHMy1BIo-bg9g
873	Define A Transparent Dream	The Olivia Tremor Control	Dusk At Cubist Castle	LIKE	2:49	6ZlWV9AA9Sg	MPREb_hPmQpjNo5VD	UCTV0PAtGq7nHMy1BIo-bg9g
874	No Growing (exegesis)	The Olivia Tremor Control	Dusk At Cubist Castle	LIKE	3:00	yl2euUMJBKw	MPREb_hPmQpjNo5VD	UCTV0PAtGq7nHMy1BIo-bg9g
875	Holiday Surprise 1, 2, 3	The Olivia Tremor Control	Dusk At Cubist Castle	LIKE	6:11	Os_2taQ698w	MPREb_hPmQpjNo5VD	UCTV0PAtGq7nHMy1BIo-bg9g
879	Can You Come Down With Us?	The Olivia Tremor Control	Dusk At Cubist Castle	LIKE	2:18	DquO9hVo-ok	MPREb_hPmQpjNo5VD	UCTV0PAtGq7nHMy1BIo-bg9g
880	Marking Time	The Olivia Tremor Control	Dusk At Cubist Castle	LIKE	4:27	th0XCFPHrM0	MPREb_hPmQpjNo5VD	UCTV0PAtGq7nHMy1BIo-bg9g
881	Green Typewriters	The Olivia Tremor Control	Dusk At Cubist Castle	LIKE	2:22	t6Wc0Iv-Gxo	MPREb_hPmQpjNo5VD	UCTV0PAtGq7nHMy1BIo-bg9g
882	Green Typewriters	The Olivia Tremor Control	Dusk At Cubist Castle	LIKE	0:24	z341esZGLDo	MPREb_hPmQpjNo5VD	UCTV0PAtGq7nHMy1BIo-bg9g
883	Green Typewriters	The Olivia Tremor Control	Dusk At Cubist Castle	LIKE	0:59	5VJHmhGgerA	MPREb_hPmQpjNo5VD	UCTV0PAtGq7nHMy1BIo-bg9g
884	Green Typewriters	The Olivia Tremor Control	Dusk At Cubist Castle	LIKE	2:11	EkE5_90gXaA	MPREb_hPmQpjNo5VD	UCTV0PAtGq7nHMy1BIo-bg9g
885	Green Typewriters	The Olivia Tremor Control	Dusk At Cubist Castle	LIKE	1:10	i3JI6WjYBrM	MPREb_hPmQpjNo5VD	UCTV0PAtGq7nHMy1BIo-bg9g
886	Green Typewriters	The Olivia Tremor Control	Dusk At Cubist Castle	LIKE	0:38	0q1yULc2ROw	MPREb_hPmQpjNo5VD	UCTV0PAtGq7nHMy1BIo-bg9g
887	Green Typewriters	The Olivia Tremor Control	Dusk At Cubist Castle	LIKE	1:38	UnGGRs4341I	MPREb_hPmQpjNo5VD	UCTV0PAtGq7nHMy1BIo-bg9g
888	Green Typewriters	The Olivia Tremor Control	Dusk At Cubist Castle	LIKE	9:39	oMUebIwCIjU	MPREb_hPmQpjNo5VD	UCTV0PAtGq7nHMy1BIo-bg9g
889	Green Typewriters	The Olivia Tremor Control	Dusk At Cubist Castle	LIKE	1:21	k60QfkrfcvY	MPREb_hPmQpjNo5VD	UCTV0PAtGq7nHMy1BIo-bg9g
890	Green Typewriters	The Olivia Tremor Control	Dusk At Cubist Castle	LIKE	2:39	UKEi41sse3w	MPREb_hPmQpjNo5VD	UCTV0PAtGq7nHMy1BIo-bg9g
893	I Can Smell The Leaves	The Olivia Tremor Control	Dusk At Cubist Castle	LIKE	1:50	p0n9YEARMwg	MPREb_hPmQpjNo5VD	UCTV0PAtGq7nHMy1BIo-bg9g
896	NYC - 25	The Olivia Tremor Control	Dusk At Cubist Castle	LIKE	4:37	5gTKGiI8Alo	MPREb_hPmQpjNo5VD	UCTV0PAtGq7nHMy1BIo-bg9g
899	California Demise Pt. 1	The Olivia Tremor Control	Presents: Singles and Beyond	LIKE	1:21	M6G4ZMw4jWY	MPREb_k35LV8kKiru	UCTV0PAtGq7nHMy1BIo-bg9g
900	California Demise Pt. 2	The Olivia Tremor Control	Presents: Singles and Beyond	LIKE	1:13	Qomxsmj8TIM	MPREb_k35LV8kKiru	UCTV0PAtGq7nHMy1BIo-bg9g
901	A Sunshine Fix	The Olivia Tremor Control	Presents: Singles and Beyond	LIKE	2:48	VvwbKKy3qtM	MPREb_k35LV8kKiru	UCTV0PAtGq7nHMy1BIo-bg9g
902	Fireplace	The Olivia Tremor Control	Presents: Singles and Beyond	LIKE	3:28	KhoOxY578BE	MPREb_k35LV8kKiru	UCTV0PAtGq7nHMy1BIo-bg9g
916	The Ships	The Olivia Tremor Control	Presents: Singles and Beyond	LIKE	4:32	h2Yi27Gw3Uk	MPREb_k35LV8kKiru	UCTV0PAtGq7nHMy1BIo-bg9g
832	Pretty Fly (For A White Guy)	The Offspring	Americana	LIKE	3:08	BepGmpLT9HA	MPREb_jiOKvtimX2Y	UCQVUXQu8RpxhihAMla6ke5A
833	The Kids Aren't Alright	The Offspring	Americana	LIKE	3:00	-uQi0vJK9lk	MPREb_jiOKvtimX2Y	UCQVUXQu8RpxhihAMla6ke5A
839	Why Don't You Get A Job	The Offspring	Americana	LIKE	2:52	mQYJYY4VkWA	MPREb_jiOKvtimX2Y	UCQVUXQu8RpxhihAMla6ke5A
793	The Falls	The Octopus Project	Fever Forms	LIKE	3:05	eL7NIgMckFU	MPREb_sQwBwh7gWQh	UCnAzgm4J2Qb-ouWlhqb3lgw
795	Whitby	The Octopus Project	Fever Forms	LIKE	2:34	j2Ilh-oCvAU	MPREb_sQwBwh7gWQh	UCnAzgm4J2Qb-ouWlhqb3lgw
796	Death Graduates	The Octopus Project	Fever Forms	LIKE	3:08	TKHd6FYdliA	MPREb_sQwBwh7gWQh	UCnAzgm4J2Qb-ouWlhqb3lgw
798	Unspool	The Octopus Project	Fever Forms	LIKE	0:47	TAEJ9augF5g	MPREb_sQwBwh7gWQh	UCnAzgm4J2Qb-ouWlhqb3lgw
800	The Man with the Golden Hand	The Octopus Project	Fever Forms	LIKE	2:47	lGK0nK36nq8	MPREb_sQwBwh7gWQh	UCnAzgm4J2Qb-ouWlhqb3lgw
801	Perhap	The Octopus Project	Fever Forms	LIKE	4:30	YMu1kuSf4Qs	MPREb_sQwBwh7gWQh	UCnAzgm4J2Qb-ouWlhqb3lgw
804	Sharpteeth	The Octopus Project	Fever Forms	LIKE	4:31	DUFCpugaiKM	MPREb_sQwBwh7gWQh	UCnAzgm4J2Qb-ouWlhqb3lgw
805	Snow Tip Cap Mountain	The Octopus Project	Hello Avalanche	LIKE	2:14	RvQYp28yLFQ	MPREb_KozDDP1LRVt	UCnAzgm4J2Qb-ouWlhqb3lgw
810	Mmaj	The Octopus Project	Hello Avalanche	LIKE	4:06	e84WN8_NI94	MPREb_KozDDP1LRVt	UCnAzgm4J2Qb-ouWlhqb3lgw
811	I Saw The Bright Shinies	The Octopus Project	Hello Avalanche	LIKE	3:58	FFT4Z_ClZlA	MPREb_KozDDP1LRVt	UCnAzgm4J2Qb-ouWlhqb3lgw
813	Exploding Snowhorse	The Octopus Project	Hello Avalanche	LIKE	3:47	opOmr-dW1YE	MPREb_KozDDP1LRVt	UCnAzgm4J2Qb-ouWlhqb3lgw
815	Queen	The Octopus Project	Hello Avalanche	LIKE	2:25	R5FT0eQ7jj4	MPREb_KozDDP1LRVt	UCnAzgm4J2Qb-ouWlhqb3lgw
781	Signals	The Notwist	Close to the Glass	LIKE	3:40	R0uCpv6_CN4	MPREb_iEry1f6MOSR	UC6PnAv5kzAHJS4NgVcP43zA
784	Into Another Tune	The Notwist	Close to the Glass	LIKE	3:57	XkLOe2ZvnQ0	MPREb_iEry1f6MOSR	UC6PnAv5kzAHJS4NgVcP43zA
786	From One Wrong Place To The Next	The Notwist	Close to the Glass	LIKE	2:49	i6KJ1dwosZI	MPREb_iEry1f6MOSR	UC6PnAv5kzAHJS4NgVcP43zA
787	7-Hour-Drive	The Notwist	Close to the Glass	LIKE	3:57	NEiQDDpMk6w	MPREb_iEry1f6MOSR	UC6PnAv5kzAHJS4NgVcP43zA
789	Run Run Run	The Notwist	Close to the Glass	LIKE	5:05	FK76DNIExko	MPREb_iEry1f6MOSR	UC6PnAv5kzAHJS4NgVcP43zA
790	Steppin' In	The Notwist	Close to the Glass	LIKE	2:09	rFMOe_vnGAQ	MPREb_iEry1f6MOSR	UC6PnAv5kzAHJS4NgVcP43zA
751	Hypnotize	The Notorious B.I.G.	Life After Death	LIKE	3:58	B22hNF1PVmg	MPREb_eLL2tuzOJ1Y	UCczXQ2ehGOS2U2UnR8rY3Hg
752	Notorious Thugs	The Notorious B.I.G.	Life After Death	LIKE	6:13	w7UAPPj5JYI	MPREb_eLL2tuzOJ1Y	UCczXQ2ehGOS2U2UnR8rY3Hg
755	Miss U	The Notorious B.I.G.	Life After Death	LIKE	4:06	8GVF10paWWY	MPREb_eLL2tuzOJ1Y	UCczXQ2ehGOS2U2UnR8rY3Hg
756	Mo Money Mo Problems (feat. Mase & Puff Daddy)	The Notorious B.I.G.	Life After Death	LIKE	4:18	LMefGDER38E	MPREb_eLL2tuzOJ1Y	UCczXQ2ehGOS2U2UnR8rY3Hg
757	Playa Hater	The Notorious B.I.G.	Life After Death	LIKE	4:00	GB6nAdZrYyY	MPREb_eLL2tuzOJ1Y	UCczXQ2ehGOS2U2UnR8rY3Hg
758	Another (feat. Lil' Kim)	The Notorious B.I.G.	Life After Death	LIKE	4:23	5zv9Kbj4FFc	MPREb_eLL2tuzOJ1Y	UCczXQ2ehGOS2U2UnR8rY3Hg
759	Ten Crack Commandments	The Notorious B.I.G.	Life After Death	LIKE	3:25	jzjl3agCvhQ	MPREb_eLL2tuzOJ1Y	UCczXQ2ehGOS2U2UnR8rY3Hg
761	Sky's the Limit (feat. 112)	The Notorious B.I.G.	Life After Death	LIKE	4:38	tCnB21DvKw4	MPREb_eLL2tuzOJ1Y	UCczXQ2ehGOS2U2UnR8rY3Hg
763	You're Nobody (Til Somebody Kills You)	The Notorious B.I.G.	Life After Death	LIKE	4:53	VDgz1M7gsf0	MPREb_eLL2tuzOJ1Y	UCczXQ2ehGOS2U2UnR8rY3Hg
767	Machine Gun Funk (2006 Remaster)	The Notorious B.I.G.	Ready To Die	LIKE	4:16	V3GgU8Ty_kY	MPREb_iF0uEXwERPq	UCczXQ2ehGOS2U2UnR8rY3Hg
768	Warning (2005 Remaster)	The Notorious B.I.G.	Ready To Die	LIKE	3:41	hB7mLcX-LuM	MPREb_iF0uEXwERPq	UCczXQ2ehGOS2U2UnR8rY3Hg
769	Ready to Die (2006 Remaster)	The Notorious B.I.G.	Ready To Die	LIKE	4:25	ynuW1SylEHY	MPREb_iF0uEXwERPq	UCczXQ2ehGOS2U2UnR8rY3Hg
772	Juicy (2005 Remaster)	The Notorious B.I.G.	Ready To Die	LIKE	5:03	jgJPcH_zGpE	MPREb_iF0uEXwERPq	UCczXQ2ehGOS2U2UnR8rY3Hg
773	Everyday Struggle (2005 Remaster)	The Notorious B.I.G.	Ready To Die	LIKE	5:20	zzwwGOwvzcw	MPREb_iF0uEXwERPq	UCczXQ2ehGOS2U2UnR8rY3Hg
775	Big Poppa (2005 Remaster)	The Notorious B.I.G.	Ready To Die	LIKE	4:13	rOHTCzwsg1s	MPREb_iF0uEXwERPq	UCczXQ2ehGOS2U2UnR8rY3Hg
778	Suicidal Thoughts (2005 Remaster)	The Notorious B.I.G.	Ready To Die	LIKE	2:51	rlb3IZ94CwE	MPREb_iF0uEXwERPq	UCczXQ2ehGOS2U2UnR8rY3Hg
779	Who Shot Ya? (2005 Remaster)	The Notorious B.I.G.	Ready To Die	LIKE	5:20	M8q5mg-yj0A	MPREb_iF0uEXwERPq	UCczXQ2ehGOS2U2UnR8rY3Hg
713	Violent Dreams	The Murlocs	Old Locomotive	LIKE	3:34	tRLGRW5EaJE	MPREb_r5HgXzPqWWK	UCdigueYl02CNgzV81nohTBg
719	Domino Effect	The Murlocs	Old Locomotive	LIKE	2:45	CPkd-8_t5bs	MPREb_r5HgXzPqWWK	UCdigueYl02CNgzV81nohTBg
721	Happy Face	The Murlocs	Young Blindness	LIKE	3:29	hj4kXL1hXDA	MPREb_vMPEfDWn5EA	UCdigueYl02CNgzV81nohTBg
722	Young Blindness	The Murlocs	Young Blindness	LIKE	2:50	AIKfsaw3yV0	MPREb_vMPEfDWn5EA	UCdigueYl02CNgzV81nohTBg
726	Compensation	The Murlocs	Young Blindness	LIKE	2:27	qqcGEzX8BU0	MPREb_vMPEfDWn5EA	UCdigueYl02CNgzV81nohTBg
728	Let Me Down Lightly	The Murlocs	Young Blindness	LIKE	2:40	U_iUA9in0CY	MPREb_vMPEfDWn5EA	UCdigueYl02CNgzV81nohTBg
729	Think Out Loud	The Murlocs	Young Blindness	LIKE	2:44	eVJvMGfz8ZA	MPREb_vMPEfDWn5EA	UCdigueYl02CNgzV81nohTBg
691	Who Needs The Peace Corps?	The Mothers Of Invention	We're Only In It For The Money	LIKE	2:34	8LaZmyqCKUs	MPREb_T7i6Plx1ipI	UCo8OHSefy7bRjqzoEj2frXA
692	Concentration Moon	The Mothers Of Invention	We're Only In It For The Money	LIKE	2:22	b-17PvW30eQ	MPREb_T7i6Plx1ipI	UCo8OHSefy7bRjqzoEj2frXA
698	Absolutely Free	The Mothers Of Invention	We're Only In It For The Money	LIKE	3:24	Ya53GY8vYgU	MPREb_T7i6Plx1ipI	UCo8OHSefy7bRjqzoEj2frXA
701	Nasal Retentive Calliope Music	The Mothers Of Invention	We're Only In It For The Money	LIKE	2:02	FU83-_4fzTM	MPREb_T7i6Plx1ipI	UCo8OHSefy7bRjqzoEj2frXA
703	Lonely Little Girl	The Mothers Of Invention	We're Only In It For The Money	LIKE	1:09	Vf9dZ2S_5Dk	MPREb_T7i6Plx1ipI	UCo8OHSefy7bRjqzoEj2frXA
655	The Day Begins	The Moody Blues	Days Of Future Passed	LIKE	5:48	4N8klQ3WW0U	MPREb_qF1Jj30nsn4	UC4HQKRyk4s13hiAnZBXxZWQ
656	Dawn: Dawn Is A Feeling	The Moody Blues	Days Of Future Passed	LIKE	3:47	l2vXJTeDJg8	MPREb_qF1Jj30nsn4	UC4HQKRyk4s13hiAnZBXxZWQ
657	The Morning: Another Morning	The Moody Blues	Days Of Future Passed	LIKE	3:40	JLW4UbOVfjY	MPREb_qF1Jj30nsn4	UC4HQKRyk4s13hiAnZBXxZWQ
658	Lunch Break: Peak Hour	The Moody Blues	Days Of Future Passed	LIKE	5:16	omaaPIvT3pA	MPREb_qF1Jj30nsn4	UC4HQKRyk4s13hiAnZBXxZWQ
659	The Afternoon	The Moody Blues	Days Of Future Passed	LIKE	8:24	jVybODvMdh8	MPREb_qF1Jj30nsn4	UC4HQKRyk4s13hiAnZBXxZWQ
660	Evening	The Moody Blues	Days Of Future Passed	LIKE	6:37	CBojbHPNkKE	MPREb_qF1Jj30nsn4	UC4HQKRyk4s13hiAnZBXxZWQ
661	The Night	The Moody Blues	Days Of Future Passed	LIKE	7:44	4B5WHQMNm4I	MPREb_qF1Jj30nsn4	UC4HQKRyk4s13hiAnZBXxZWQ
642	Daydream Believer	The Monkees	The Birds, The Bees, & The Monkees	LIKE	3:00	aG9MBS0fjyE	MPREb_fTQB7SF4zUz	UCFXwbDAkk-Ef4nWOpw9vqYQ
650	Alvin	The Monkees	The Birds, The Bees, & The Monkees	LIKE	0:28	x-UrIZRTsUA	MPREb_fTQB7SF4zUz	UCFXwbDAkk-Ef4nWOpw9vqYQ
623	Astral Plane	The Modern Lovers	The Modern Lovers	LIKE	3:01	Y0LesdhYkkQ	MPREb_f8oIO6KVTs5	UCCAA_uQg_Qe-M6O17CBy4KA
625	Pablo Picasso	The Modern Lovers	The Modern Lovers	LIKE	4:22	fT6VGHEUkbA	MPREb_f8oIO6KVTs5	UCCAA_uQg_Qe-M6O17CBy4KA
626	Hospital	The Modern Lovers	The Modern Lovers	LIKE	5:32	XX1VfXis9oo	MPREb_f8oIO6KVTs5	UCCAA_uQg_Qe-M6O17CBy4KA
628	Girlfriend	The Modern Lovers	The Modern Lovers	LIKE	3:56	e2UJIC_8ZJw	MPREb_f8oIO6KVTs5	UCCAA_uQg_Qe-M6O17CBy4KA
629	Modern World	The Modern Lovers	The Modern Lovers	LIKE	3:45	23SYApqudTw	MPREb_f8oIO6KVTs5	UCCAA_uQg_Qe-M6O17CBy4KA
631	I'm Straight	The Modern Lovers	The Modern Lovers	LIKE	4:19	rg9_8L6ueIQ	MPREb_f8oIO6KVTs5	UCCAA_uQg_Qe-M6O17CBy4KA
632	Government Center	The Modern Lovers	The Modern Lovers	LIKE	2:04	wZ3JNZ6tWhk	MPREb_f8oIO6KVTs5	UCCAA_uQg_Qe-M6O17CBy4KA
608	Midnight Anthem	The Midnight Eez	The Midnight Eez	LIKE	3:04	DAQzaW1glEE	MPREb_1wqChz2CXMi	UCd_Io_PjpRMsLI-ywuNjlYQ
615	Night Walk	The Midnight Eez	The Midnight Eez	LIKE	1:55	pAMtwyG7eUI	MPREb_1wqChz2CXMi	UCd_Io_PjpRMsLI-ywuNjlYQ
579	Here Comes the Meter Man	The Meters	The Meters	LIKE	2:55	jEA4FiYZWaM	MPREb_0HOBn6R3g6c	UCwye34yhtCbWGQsrFS4oMNw
588	Stormy	The Meters	The Meters	LIKE	3:40	S-uAWYOy0YI	MPREb_0HOBn6R3g6c	UCwye34yhtCbWGQsrFS4oMNw
565	Neptunes Revenge	The Mermen	Krill Slippin	LIKE	2:27	UOeehsIJLcg	MPREb_oouJ8Zl82rl	UCCEzCPc6eoJJ0mDl5pbeRmg
575	Soul Surfin'	The Mermen	Krill Slippin	LIKE	3:18	gG528_SvG5M	MPREb_oouJ8Zl82rl	UCCEzCPc6eoJJ0mDl5pbeRmg
577	By The Sea I Will Stay Forever	The Mermen	Krill Slippin	LIKE	2:27	ITj7iLt2kfI	MPREb_oouJ8Zl82rl	UCCEzCPc6eoJJ0mDl5pbeRmg
546	Daddy	The Maytals	The Sensational Maytals	LIKE	2:38	SaPNsAGzeLo	MPREb_PWqbqQk8LT2	UC2863SnaB0ZHk7G9KwjGvMA
510	I Don't Know You	The Marías	Superclean, Vol. I	LIKE	3:30	pzmpoxEYRik	MPREb_kZ3oO4EYveP	UCVV5M4OEFsKnB9HBhwOhHbA
514	Superclean	The Marías	Superclean, Vol. I	LIKE	2:36	hIpXzm9g_C8	MPREb_kZ3oO4EYveP	UCVV5M4OEFsKnB9HBhwOhHbA
520	Over the Moon	The Marías	Superclean, Vol. II	LIKE	3:03	Ah_Ig6wggtI	MPREb_z2K0GCbmAau	UCVV5M4OEFsKnB9HBhwOhHbA
521	Clueless	The Marías	Superclean, Vol. II	LIKE	3:48	7sB8Tp6hovA	MPREb_z2K0GCbmAau	UCVV5M4OEFsKnB9HBhwOhHbA
535	Fire on the Mountain	The Marshall Tucker Band	Greatest Hits	LIKE	3:56	F7WtbQVNtxQ	MPREb_atD13DLunCc	UCtkFGqxsQ1ykX0Sw-wtBEeQ
536	Heard It in a Love Song	The Marshall Tucker Band	Greatest Hits	LIKE	3:31	Zb9kNCRiGik	MPREb_atD13DLunCc	UCtkFGqxsQ1ykX0Sw-wtBEeQ
538	Searchin' for a Rainbow	The Marshall Tucker Band	Greatest Hits	LIKE	3:05	1hkqZdruFoY	MPREb_atD13DLunCc	UCtkFGqxsQ1ykX0Sw-wtBEeQ
541	Can't You See	The Marshall Tucker Band	Greatest Hits	LIKE	3:20	Ruyb5wi1CGs	MPREb_atD13DLunCc	UCtkFGqxsQ1ykX0Sw-wtBEeQ
527	Eriatarka	The Mars Volta	De-Loused in the Comatorium	LIKE	6:20	RObASoHeD7Y	MPREb_x7fapcDDBnN	UCsTPVxKLAI8uTPa4VZMNnnQ
528	Cicatriz Esp	The Mars Volta	De-Loused in the Comatorium	LIKE	12:28	ZNRZ91t7B0I	MPREb_x7fapcDDBnN	UCsTPVxKLAI8uTPa4VZMNnnQ
498	Monday, Monday (Single Version)	The Mamas And The Papas	If You Can Believe Your Eyes And Ears	LIKE	3:28	sWGh92O9kxU	MPREb_2wUvSh1QUTi	UCUifbmzuPtWDjyefmmIWzFA
500	Got A Feelin'	The Mamas And The Papas	If You Can Believe Your Eyes And Ears	LIKE	2:53	G33-DQT_OVM	MPREb_2wUvSh1QUTi	UCUifbmzuPtWDjyefmmIWzFA
503	Go Where You Wanna Go	The Mamas And The Papas	If You Can Believe Your Eyes And Ears	LIKE	2:29	qXO_Eby0ZgQ	MPREb_2wUvSh1QUTi	UCUifbmzuPtWDjyefmmIWzFA
504	California Dreamin' (Single Version)	The Mamas And The Papas	If You Can Believe Your Eyes And Ears	LIKE	2:42	oU6uUEwZ8FM	MPREb_2wUvSh1QUTi	UCUifbmzuPtWDjyefmmIWzFA
486	Strange Eyes	The Magnetic Fields	69 Love Songs	LIKE	2:02	6mjHGYXAIRA	MPREb_3cj4kXwIqSS	UCf9bscTdSKPtnoK4hHEDzGw
410	I Knew It All	The Madcaps	The Madcaps	LIKE	3:43	xc4cJVYBZAU	MPREb_bhTsBqwqE3y	UC7h01KWIGAA1sR6wicuwsFQ
412	Emily Vandelay	The Madcaps	The Madcaps	LIKE	3:40	YtrpiZsnIcE	MPREb_bhTsBqwqE3y	UC7h01KWIGAA1sR6wicuwsFQ
413	Melody Maker	The Madcaps	The Madcaps	LIKE	3:02	bZU81UfS5kA	MPREb_bhTsBqwqE3y	UC7h01KWIGAA1sR6wicuwsFQ
417	Moon Night	The Madcaps	The Madcaps	LIKE	4:31	Vin4Ecb-Zek	MPREb_bhTsBqwqE3y	UC7h01KWIGAA1sR6wicuwsFQ
398	Harlem Nocturne	The Lounge Lizards	The Lounge Lizards	LIKE	2:08	_dpZOAsO-ZI	MPREb_Q1NRUUXj7by	UCnFG239aBVykKiUQYVqi4-A
409	You Haunt Me	The Lounge Lizards	The Lounge Lizards	LIKE	3:37	HmnaV4Dwhqk	MPREb_Q1NRUUXj7by	UCnFG239aBVykKiUQYVqi4-A
928	How to Become a Virgin	The Locust	The Peel Sessions	LIKE	0:45	leAlGSzlBw0	MPREb_vFkRezHIi7a	UCjYtz0cfGEURXnc2CDNZETQ
931	Straight from the Horse's Mouth	The Locust	The Peel Sessions	LIKE	1:01	MsiSUnBNPb0	MPREb_vFkRezHIi7a	UCjYtz0cfGEURXnc2CDNZETQ
932	Moth-Eaten Deer Head	The Locust	The Peel Sessions	LIKE	1:04	LNyJxN7e520	MPREb_vFkRezHIi7a	UCjYtz0cfGEURXnc2CDNZETQ
933	Priest with the Sexually-Transmitted Diseases, Get out of My Bed	The Locust	The Peel Sessions	LIKE	0:32	lqJCLZsU_xg	MPREb_vFkRezHIi7a	UCjYtz0cfGEURXnc2CDNZETQ
936	Twenty-Three Lubed-Up Schizophrenics with Delusions of Grandeur	The Locust	The Peel Sessions	LIKE	0:49	LFVS8XR8j-o	MPREb_vFkRezHIi7a	UCjYtz0cfGEURXnc2CDNZETQ
942	Gluing Carpet to Your Genitals Does Not Make You a Cantaloupe	The Locust	The Peel Sessions	LIKE	0:48	Y93r1d6HQ4Q	MPREb_vFkRezHIi7a	UCjYtz0cfGEURXnc2CDNZETQ
943	Twenty-Three Full-Time Cowboys	The Locust	The Peel Sessions	LIKE	0:58	yNLFo7WTiBc	MPREb_vFkRezHIi7a	UCjYtz0cfGEURXnc2CDNZETQ
390	Walkin' the Board	The Lively Ones	Surf Rider!	LIKE	2:23	iMJL1axubWs	MPREb_jQGqxbMQr6a	UCI8utxfA5iCwkVcWG0X0eLA
393	Surf Rider	The Lively Ones	Surf Rider!	LIKE	3:20	lmZsuEH-llU	MPREb_jQGqxbMQr6a	UCI8utxfA5iCwkVcWG0X0eLA
377	Codine	The Litter	Distortions	LIKE	4:32	2lPucg0DUYI	MPREb_NmjTNyLv73O	UCq_J5AhYN1eO2YecNW-WKxQ
380	I'm So Glad	The Litter	Distortions	LIKE	3:50	hz6aHTwcs1o	MPREb_NmjTNyLv73O	UCq_J5AhYN1eO2YecNW-WKxQ
382	Rack My Mind	The Litter	Distortions	LIKE	3:43	dc6FvK1BU7w	MPREb_NmjTNyLv73O	UCq_J5AhYN1eO2YecNW-WKxQ
365	"Rhythm Rock feat. Black Shakespeare & Angelo ""Dr. Maddvibe"" Moore (feat. Angelo ""Dr. Maddvibe"" Moore & Black Shakespeare)"	The Lions	Soul Riot	LIKE	3:43	gBmkkH9Aer0	MPREb_mCWpnnjnNBp	UCU_EThhVadB5gM2a8sDRQnQ
366	Run Along feat. Alex Désert & Black Shakespeare (feat. Alex Désert & Black Shakespeare)	The Lions	Soul Riot	LIKE	2:17	nbPqzaWKjk8	MPREb_mCWpnnjnNBp	UCU_EThhVadB5gM2a8sDRQnQ
368	"At A Loss feat. Malik ""The Freq"" Moore & Black Shakespeare (feat. Black Shakespeare & Malik the Freq Moore)"	The Lions	Soul Riot	LIKE	3:49	VIzkFaefVT0	MPREb_mCWpnnjnNBp	UCU_EThhVadB5gM2a8sDRQnQ
373	The Magnificent Dance feat. Black Shakespeare (feat. Black Shakespeare)	The Lions	Soul Riot	LIKE	5:10	DazEA22dJas	MPREb_mCWpnnjnNBp	UCU_EThhVadB5gM2a8sDRQnQ
351	The Great British Spring	The Ladybug Transistor	The Albemarle Sound	LIKE	2:33	8Kj2wvmdKSI	MPREb_kmCZ9XfdRCp	UC0DTkhpNWPDwKk5Zs5xInPw
353	The Swimmer	The Ladybug Transistor	The Albemarle Sound	LIKE	3:52	V27H9dUZ4gA	MPREb_kmCZ9XfdRCp	UC0DTkhpNWPDwKk5Zs5xInPw
354	Cienfuegos	The Ladybug Transistor	The Albemarle Sound	LIKE	3:01	XSW-zIrLxG8	MPREb_kmCZ9XfdRCp	UC0DTkhpNWPDwKk5Zs5xInPw
323	A Tooth for an Eye	The Knife	Shaking the Habitual	LIKE	6:04	fWLcIOezg2A	MPREb_HngoQEI2fBb	UCis1bLqVozucj8JQo1bLHHg
325	A Cherry On Top	The Knife	Shaking the Habitual	LIKE	8:43	eaLU0xST1vA	MPREb_HngoQEI2fBb	UCis1bLqVozucj8JQo1bLHHg
329	Old Dreams Waiting to Be Realized	The Knife	Shaking the Habitual	LIKE	19:02	sgCiVrUpd94	MPREb_HngoQEI2fBb	UCis1bLqVozucj8JQo1bLHHg
330	Raging Lung	The Knife	Shaking the Habitual	LIKE	9:58	It-ypRL3y6s	MPREb_HngoQEI2fBb	UCis1bLqVozucj8JQo1bLHHg
336	Silent Shout	The Knife	Silent Shout	LIKE	4:53	fTXgWu8I3-g	MPREb_gPzeyDHQBsY	UCis1bLqVozucj8JQo1bLHHg
341	Marble House	The Knife	Silent Shout	LIKE	5:18	u_Mk7JeqYWE	MPREb_gPzeyDHQBsY	UCis1bLqVozucj8JQo1bLHHg
233	Rosy Won't You Please Come Home (Mono Mix)	The Kinks	Face to Face (Bonus Track Edition)	LIKE	2:31	hJ4Y-Bgfzbk	MPREb_kPOAoltOsJt	UCsQHS0_Fw1vIXm3TEbPokvA
241	Fancy (Stereo Mix)	The Kinks	Face to Face (Bonus Track Edition)	LIKE	2:26	cGL5jx9BYo8	MPREb_kPOAoltOsJt	UCsQHS0_Fw1vIXm3TEbPokvA
242	Little Miss Queen of Darkness (Stereo Mix)	The Kinks	Face to Face (Bonus Track Edition)	LIKE	3:12	f97Wm8wl1lQ	MPREb_kPOAoltOsJt	UCsQHS0_Fw1vIXm3TEbPokvA
244	Sunny Afternoon (Mono Mix)	The Kinks	Face to Face (Bonus Track Edition)	LIKE	3:33	zhjW5bcqIQw	MPREb_kPOAoltOsJt	UCsQHS0_Fw1vIXm3TEbPokvA
253	The Contenders (2020 Stereo Remaster)	The Kinks	Lola Versus Powerman and the Moneygoround, Pt. 1	LIKE	2:44	TDBYyYKOnc8	MPREb_rKuhogewi6l	UCsQHS0_Fw1vIXm3TEbPokvA
254	Strangers (2020 Stereo Remaster)	The Kinks	Lola Versus Powerman and the Moneygoround, Pt. 1	LIKE	3:22	p9TD5qn3fm4	MPREb_rKuhogewi6l	UCsQHS0_Fw1vIXm3TEbPokvA
255	Denmark Street (2020 Stereo Remaster)	The Kinks	Lola Versus Powerman and the Moneygoround, Pt. 1	LIKE	2:04	tkEpyAL3OeM	MPREb_rKuhogewi6l	UCsQHS0_Fw1vIXm3TEbPokvA
256	Get Back in Line (2020 Stereo Remaster)	The Kinks	Lola Versus Powerman and the Moneygoround, Pt. 1	LIKE	3:06	iwKrX0RevnM	MPREb_rKuhogewi6l	UCsQHS0_Fw1vIXm3TEbPokvA
257	Lola (2020 Stereo Remaster)	The Kinks	Lola Versus Powerman and the Moneygoround, Pt. 1	LIKE	4:02	SJPCeUAV23I	MPREb_rKuhogewi6l	UCsQHS0_Fw1vIXm3TEbPokvA
260	This Time Tomorrow (2020 Stereo Remaster)	The Kinks	Lola Versus Powerman and the Moneygoround, Pt. 1	LIKE	3:24	yCYk3c2rqK0	MPREb_rKuhogewi6l	UCsQHS0_Fw1vIXm3TEbPokvA
262	Rats (2020 Stereo Remaster)	The Kinks	Lola Versus Powerman and the Moneygoround, Pt. 1	LIKE	2:41	3zLWiNfP47w	MPREb_rKuhogewi6l	UCsQHS0_Fw1vIXm3TEbPokvA
263	Apeman (2020 Stereo Remaster)	The Kinks	Lola Versus Powerman and the Moneygoround, Pt. 1	LIKE	3:54	3eoeA_8hC4c	MPREb_rKuhogewi6l	UCsQHS0_Fw1vIXm3TEbPokvA
264	Powerman (2020 Stereo Remaster)	The Kinks	Lola Versus Powerman and the Moneygoround, Pt. 1	LIKE	4:18	gfu_-rwsJeM	MPREb_rKuhogewi6l	UCsQHS0_Fw1vIXm3TEbPokvA
266	Death of a Clown	The Kinks	Something Else By The Kinks (Bonus Track Edition)	LIKE	3:01	9Q2p9DxkVWM	MPREb_gGd0wNIF7UG	UCsQHS0_Fw1vIXm3TEbPokvA
267	Two Sisters	The Kinks	Something Else By The Kinks (Bonus Track Edition)	LIKE	1:59	bzBN6FnfXLs	MPREb_gGd0wNIF7UG	UCsQHS0_Fw1vIXm3TEbPokvA
268	No Return (Stereo Mix)	The Kinks	Something Else By The Kinks (Bonus Track Edition)	LIKE	1:59	sNrQCroMz8s	MPREb_gGd0wNIF7UG	UCsQHS0_Fw1vIXm3TEbPokvA
269	Harry Rag (Stereo Mix)	The Kinks	Something Else By The Kinks (Bonus Track Edition)	LIKE	2:14	ekhLQV-of4E	MPREb_gGd0wNIF7UG	UCsQHS0_Fw1vIXm3TEbPokvA
271	Situation Vacant (Stereo Mix)	The Kinks	Something Else By The Kinks (Bonus Track Edition)	LIKE	3:14	N6Bnre-eX_o	MPREb_gGd0wNIF7UG	UCsQHS0_Fw1vIXm3TEbPokvA
273	Lazy Old Sun (Stereo Mix)	The Kinks	Something Else By The Kinks (Bonus Track Edition)	LIKE	2:46	DbC6L3QDN0E	MPREb_gGd0wNIF7UG	UCsQHS0_Fw1vIXm3TEbPokvA
274	Afternoon Tea (Stereo Mix)	The Kinks	Something Else By The Kinks (Bonus Track Edition)	LIKE	3:24	IcDFETZsqbg	MPREb_gGd0wNIF7UG	UCsQHS0_Fw1vIXm3TEbPokvA
276	End of the Season	The Kinks	Something Else By The Kinks (Bonus Track Edition)	LIKE	2:56	dwo---PgZyQ	MPREb_gGd0wNIF7UG	UCsQHS0_Fw1vIXm3TEbPokvA
277	Waterloo Sunset (Stereo Mix)	The Kinks	Something Else By The Kinks (Bonus Track Edition)	LIKE	3:13	wv_WoIZtcDs	MPREb_gGd0wNIF7UG	UCsQHS0_Fw1vIXm3TEbPokvA
278	Act Nice and Gentle	The Kinks	Something Else By The Kinks (Bonus Track Edition)	LIKE	2:37	ndCDPulao-4	MPREb_gGd0wNIF7UG	UCsQHS0_Fw1vIXm3TEbPokvA
279	Autumn Almanac	The Kinks	Something Else By The Kinks (Bonus Track Edition)	LIKE	3:03	EldQeQJO-CA	MPREb_gGd0wNIF7UG	UCsQHS0_Fw1vIXm3TEbPokvA
281	Wonderboy	The Kinks	Something Else By The Kinks (Bonus Track Edition)	LIKE	2:47	kuUslXdWXrg	MPREb_gGd0wNIF7UG	UCsQHS0_Fw1vIXm3TEbPokvA
284	There's No Life Without Love	The Kinks	Something Else By The Kinks (Bonus Track Edition)	LIKE	2:01	i06a7uP0jVU	MPREb_gGd0wNIF7UG	UCsQHS0_Fw1vIXm3TEbPokvA
285	Lazy Old Sun	The Kinks	Something Else By The Kinks (Bonus Track Edition)	LIKE	2:54	Imax7SGbINw	MPREb_gGd0wNIF7UG	UCsQHS0_Fw1vIXm3TEbPokvA
286	The Village Green Preservation Society (2018 Stereo Remaster)	The Kinks	The Kinks Are The Village Green Preservation Society (2018 Stereo Remaster)	LIKE	2:52	yQzXhNJvbc8	MPREb_wESxwGTVce7	UCsQHS0_Fw1vIXm3TEbPokvA
287	Do You Remember Walter? (2018 Stereo Remaster)	The Kinks	The Kinks Are The Village Green Preservation Society (2018 Stereo Remaster)	LIKE	2:30	D1f5yCXFf0s	MPREb_wESxwGTVce7	UCsQHS0_Fw1vIXm3TEbPokvA
288	Picture Book (2018 Stereo Remaster)	The Kinks	The Kinks Are The Village Green Preservation Society (2018 Stereo Remaster)	LIKE	2:40	Iu3GB2f28jU	MPREb_wESxwGTVce7	UCsQHS0_Fw1vIXm3TEbPokvA
291	Big Sky (2018 Stereo Remaster)	The Kinks	The Kinks Are The Village Green Preservation Society (2018 Stereo Remaster)	LIKE	2:53	BEPxR8JaGjo	MPREb_wESxwGTVce7	UCsQHS0_Fw1vIXm3TEbPokvA
292	Sitting By the Riverside (2018 Stereo Remaster)	The Kinks	The Kinks Are The Village Green Preservation Society (2018 Stereo Remaster)	LIKE	2:27	ICKAQqyPwaI	MPREb_wESxwGTVce7	UCsQHS0_Fw1vIXm3TEbPokvA
294	Village Green (2018 Stereo Remaster)	The Kinks	The Kinks Are The Village Green Preservation Society (2018 Stereo Remaster)	LIKE	2:12	s1VQYWlxhWg	MPREb_wESxwGTVce7	UCsQHS0_Fw1vIXm3TEbPokvA
295	Starstruck (2018 Stereo Remaster)	The Kinks	The Kinks Are The Village Green Preservation Society (2018 Stereo Remaster)	LIKE	2:25	VKxYrf51xLg	MPREb_wESxwGTVce7	UCsQHS0_Fw1vIXm3TEbPokvA
296	Phenomenal Cat (2018 Stereo Remaster)	The Kinks	The Kinks Are The Village Green Preservation Society (2018 Stereo Remaster)	LIKE	2:42	dqsepCLZoR0	MPREb_wESxwGTVce7	UCsQHS0_Fw1vIXm3TEbPokvA
297	All of My Friends Were There (2018 Stereo Remaster)	The Kinks	The Kinks Are The Village Green Preservation Society (2018 Stereo Remaster)	LIKE	2:29	FSaNJ4iWQTw	MPREb_wESxwGTVce7	UCsQHS0_Fw1vIXm3TEbPokvA
299	Monica (2018 Stereo Remaster)	The Kinks	The Kinks Are The Village Green Preservation Society (2018 Stereo Remaster)	LIKE	2:19	CGVXm41EY14	MPREb_wESxwGTVce7	UCsQHS0_Fw1vIXm3TEbPokvA
196	I’ll Be Loving You	The King Khan & BBQ Show	Invisible Girl	LIKE	3:10	wzUDWSkA9TM	MPREb_YcIn1gJi0ol	UCRq4R0Kpaizm6qyKXc-5FoA
199	Third Ave	The King Khan & BBQ Show	Invisible Girl	LIKE	4:43	i_Hjg5rK6ng	MPREb_YcIn1gJi0ol	UCRq4R0Kpaizm6qyKXc-5FoA
204	Tryin’	The King Khan & BBQ Show	Invisible Girl	LIKE	3:49	yVfZfKQfSHY	MPREb_YcIn1gJi0ol	UCRq4R0Kpaizm6qyKXc-5FoA
207	I'll Never Belong	The King Khan & BBQ Show	What's For Dinner?	LIKE	3:52	2R_Z4F81OBA	MPREb_QI4eKSf68oi	UCRq4R0Kpaizm6qyKXc-5FoA
210	Why Don't You Lie?	The King Khan & BBQ Show	What's For Dinner?	LIKE	4:18	U_7lP3ustV8	MPREb_QI4eKSf68oi	UCRq4R0Kpaizm6qyKXc-5FoA
211	Captain Captain	The King Khan & BBQ Show	What's For Dinner?	LIKE	4:35	xeQEjQNqaeE	MPREb_QI4eKSf68oi	UCRq4R0Kpaizm6qyKXc-5FoA
215	Into The Snow	The King Khan & BBQ Show	What's For Dinner?	LIKE	3:17	kvCA_8c68l4	MPREb_QI4eKSf68oi	UCRq4R0Kpaizm6qyKXc-5FoA
182	Jenny Was A Friend Of Mine	The Killers	Hot Fuss	LIKE	4:04	MQwu08Sc2vA	MPREb_LU3E5vWgwfG	UCneQ7UWyu9USLDgMya6T7IA
183	Mr. Brightside	The Killers	Hot Fuss	LIKE	3:43	m2zUrruKjDQ	MPREb_LU3E5vWgwfG	UCneQ7UWyu9USLDgMya6T7IA
184	Smile Like You Mean It	The Killers	Hot Fuss	LIKE	3:55	dy3O9N479i8	MPREb_LU3E5vWgwfG	UCneQ7UWyu9USLDgMya6T7IA
185	Somebody Told Me	The Killers	Hot Fuss	LIKE	3:18	liRMxUT8A2c	MPREb_LU3E5vWgwfG	UCneQ7UWyu9USLDgMya6T7IA
186	All These Things That I've Done	The Killers	Hot Fuss	LIKE	5:02	AUAxlOfw2O0	MPREb_LU3E5vWgwfG	UCneQ7UWyu9USLDgMya6T7IA
187	Andy, You're A Star	The Killers	Hot Fuss	LIKE	3:15	u3not2MRWZk	MPREb_LU3E5vWgwfG	UCneQ7UWyu9USLDgMya6T7IA
188	On Top	The Killers	Hot Fuss	LIKE	4:19	E2YHix56Sdg	MPREb_LU3E5vWgwfG	UCneQ7UWyu9USLDgMya6T7IA
189	Change Your Mind	The Killers	Hot Fuss	LIKE	3:12	QKMQ5lkuP8g	MPREb_LU3E5vWgwfG	UCneQ7UWyu9USLDgMya6T7IA
190	Believe Me Natalie	The Killers	Hot Fuss	LIKE	5:06	Gx1EqsrxHLM	MPREb_LU3E5vWgwfG	UCneQ7UWyu9USLDgMya6T7IA
191	Midnight Show	The Killers	Hot Fuss	LIKE	4:04	rF0YN6HU6aA	MPREb_LU3E5vWgwfG	UCneQ7UWyu9USLDgMya6T7IA
192	Everything Will Be Alright	The Killers	Hot Fuss	LIKE	5:45	a7jdgcJsYVg	MPREb_LU3E5vWgwfG	UCneQ7UWyu9USLDgMya6T7IA
193	Glamorous Indie Rock & Roll	The Killers	Hot Fuss	LIKE	4:15	gaFl5BjzOLY	MPREb_LU3E5vWgwfG	UCneQ7UWyu9USLDgMya6T7IA
175	Giallo	The Kilimanjaro Darkjazz Ensemble	From the Stairwell	LIKE	6:01	S_oxu_16ECM	MPREb_jsEst6erine	UCCOfI7bSteogcp8KW2tSrgg
180	Les Etoiles Mutantes	The Kilimanjaro Darkjazz Ensemble	From the Stairwell	LIKE	6:17	w-PUJWy4l6s	MPREb_jsEst6erine	UCCOfI7bSteogcp8KW2tSrgg
314	Make It Rain	The KLF	The White Room (Director's Cut)	LIKE	3:49	A_XtNQSmf-M	MPREb_eWMQvXcJGge	UC9ZC5dAFQbAddJAP8FXWWiw
153	Just Like Honey	The Jesus and Mary Chain	Psychocandy	LIKE	3:03	QhTR2fKO6-c	MPREb_hJmBMS3Beon	UC3BSmOs3GSRju0LzinlrsJA
154	Taste the Floor	The Jesus and Mary Chain	Psychocandy	LIKE	2:56	sz7pwUwabmo	MPREb_hJmBMS3Beon	UC3BSmOs3GSRju0LzinlrsJA
155	The Hardest Walk	The Jesus and Mary Chain	Psychocandy	LIKE	2:40	iZ6Vk0yviTA	MPREb_hJmBMS3Beon	UC3BSmOs3GSRju0LzinlrsJA
156	Cut Dead	The Jesus and Mary Chain	Psychocandy	LIKE	2:47	iFw_jFtJ7sw	MPREb_hJmBMS3Beon	UC3BSmOs3GSRju0LzinlrsJA
159	Something's Wrong	The Jesus and Mary Chain	Psychocandy	LIKE	4:01	2tne6X8F6qM	MPREb_hJmBMS3Beon	UC3BSmOs3GSRju0LzinlrsJA
141	Here Comes Alice	The Jesus And Mary Chain	Automatic [Remastered Re-issue]	LIKE	3:54	VsXIFAa-lSs	MPREb_Nlh2SGKdmwh	UC3BSmOs3GSRju0LzinlrsJA
142	Coast To Coast	The Jesus And Mary Chain	Automatic [Remastered Re-issue]	LIKE	4:14	rYZ--8u_zgM	MPREb_Nlh2SGKdmwh	UC3BSmOs3GSRju0LzinlrsJA
144	Between Planets	The Jesus And Mary Chain	Automatic [Remastered Re-issue]	LIKE	3:28	NoXT8BqY3aI	MPREb_Nlh2SGKdmwh	UC3BSmOs3GSRju0LzinlrsJA
147	Head On	The Jesus And Mary Chain	Automatic [Remastered Re-issue]	LIKE	4:12	d79UIkiY6ss	MPREb_Nlh2SGKdmwh	UC3BSmOs3GSRju0LzinlrsJA
149	Half Way To Crazy	The Jesus And Mary Chain	Automatic [Remastered Re-issue]	LIKE	3:41	JMRgKmieky0	MPREb_Nlh2SGKdmwh	UC3BSmOs3GSRju0LzinlrsJA
150	Gimme Hell	The Jesus And Mary Chain	Automatic [Remastered Re-issue]	LIKE	3:20	k7U-FEJRB5g	MPREb_Nlh2SGKdmwh	UC3BSmOs3GSRju0LzinlrsJA
136	Start!	The Jam	Sound Affects	LIKE	2:29	lQsrwBi3i1I	MPREb_ot5QxzzL8mk	UC4hjKDPaNEyQ0xoolv3GIMg
116	That Lady, Pts. 1 & 2	The Isley Brothers	3+3	LIKE	5:35	xTYZ69gzrIg	MPREb_KtDnu3dpbkz	UC19gd7AQcPkrcFH8w8BYO7w
120	Listen to the Music	The Isley Brothers	3+3	LIKE	4:05	luRz_UNF2c4	MPREb_KtDnu3dpbkz	UC19gd7AQcPkrcFH8w8BYO7w
121	What It Comes Down To	The Isley Brothers	3+3	LIKE	3:54	vBek7ExBqHE	MPREb_KtDnu3dpbkz	UC19gd7AQcPkrcFH8w8BYO7w
123	Summer Breeze, Pts. 1 & 2	The Isley Brothers	3+3	LIKE	6:12	w3o6ECdCZ7Q	MPREb_KtDnu3dpbkz	UC19gd7AQcPkrcFH8w8BYO7w
125	That Lady, Pt. 1 (Single Version)	The Isley Brothers	3+3	LIKE	3:14	5cs_W9w6dhQ	MPREb_KtDnu3dpbkz	UC19gd7AQcPkrcFH8w8BYO7w
126	Summer Breeze, Pt. 1 (Single Version)	The Isley Brothers	3+3	LIKE	3:09	ydYX9u1Moow	MPREb_KtDnu3dpbkz	UC19gd7AQcPkrcFH8w8BYO7w
129	Summer Breeze (SQ-Quad Mix)	The Isley Brothers	3+3	LIKE	6:19	ZBPt5x0-VXw	MPREb_KtDnu3dpbkz	UC19gd7AQcPkrcFH8w8BYO7w
131	Listen to the Music (Interview, Pt. 2)	The Isley Brothers	3+3	LIKE	5:13	PUUTHQHnJ1g	MPREb_KtDnu3dpbkz	UC19gd7AQcPkrcFH8w8BYO7w
132	Summer Breeze (Interview, Pt. 3)	The Isley Brothers	3+3	LIKE	2:27	RSV9yInpqfM	MPREb_KtDnu3dpbkz	UC19gd7AQcPkrcFH8w8BYO7w
91	Get Away	The Internet	Ego Death	LIKE	2:29	fYUx82DihbY	MPREb_0BzYIapZjcz	UCV47BDFlKr2OCNLrAyj7ATQ
92	Gabby (feat. Janelle Monáe)	The Internet	Ego Death	LIKE	3:33	BtRbO3nQGWI	MPREb_0BzYIapZjcz	UCV47BDFlKr2OCNLrAyj7ATQ
95	Just Sayin/I Tried	The Internet	Ego Death	LIKE	6:54	i2snTW3wgE4	MPREb_0BzYIapZjcz	UCV47BDFlKr2OCNLrAyj7ATQ
97	Girl (feat. KAYTRANADA)	The Internet	Ego Death	LIKE	6:56	Mr-QCvBPscg	MPREb_0BzYIapZjcz	UCV47BDFlKr2OCNLrAyj7ATQ
104	Roll (Burbank Funk)	The Internet	Hive Mind	LIKE	3:12	Tpm_P5kNmZE	MPREb_dmCI4yQHTku	UCV47BDFlKr2OCNLrAyj7ATQ
110	Next Time / Humble Pie	The Internet	Hive Mind	LIKE	5:41	3NW-_Q_UPdM	MPREb_dmCI4yQHTku	UCV47BDFlKr2OCNLrAyj7ATQ
115	Hold On	The Internet	Hive Mind	LIKE	6:47	7grujCJntis	MPREb_dmCI4yQHTku	UCV47BDFlKr2OCNLrAyj7ATQ
84	Darkness (Remaster 2002)	The Human League	Dare!	LIKE	3:59	2Q8toWThX4o	MPREb_VI5b2xRmBXd	UCrg2H-AeXXcZg_TZ8QBRTKw
88	Seconds (Remaster 2002)	The Human League	Dare!	LIKE	4:59	cpEUvGnypbg	MPREb_VI5b2xRmBXd	UCrg2H-AeXXcZg_TZ8QBRTKw
90	Don't You Want Me	The Human League	Dare!	LIKE	3:57	UscEO2ITyug	MPREb_VI5b2xRmBXd	UCrg2H-AeXXcZg_TZ8QBRTKw
61	Mirror’s Image	The Horrors	Primary Colours	LIKE	4:51	T1cyOB0skto	MPREb_TadgeCl9w8C	UCDwDPWxlTisVB5HeS11EeVw
64	Do You Remember	The Horrors	Primary Colours	LIKE	3:29	Ew_aGXmWVw8	MPREb_TadgeCl9w8C	UCDwDPWxlTisVB5HeS11EeVw
66	Scarlet Fields	The Horrors	Primary Colours	LIKE	4:43	iG3Fm7f-9oI	MPREb_TadgeCl9w8C	UCDwDPWxlTisVB5HeS11EeVw
67	I Only Think Of You	The Horrors	Primary Colours	LIKE	7:07	oK28NySJamY	MPREb_TadgeCl9w8C	UCDwDPWxlTisVB5HeS11EeVw
70	Sea Within A Sea	The Horrors	Primary Colours	LIKE	7:59	pgwZ95QeXC4	MPREb_TadgeCl9w8C	UCDwDPWxlTisVB5HeS11EeVw
71	Changing The Rain	The Horrors	Skying	LIKE	4:32	F7LC5RbJPgs	MPREb_eRPN35SboZv	UCDwDPWxlTisVB5HeS11EeVw
72	You Said	The Horrors	Skying	LIKE	4:47	wA1jNtKnEHw	MPREb_eRPN35SboZv	UCDwDPWxlTisVB5HeS11EeVw
74	Endless Blue	The Horrors	Skying	LIKE	5:11	EYVzRsBGK40	MPREb_eRPN35SboZv	UCDwDPWxlTisVB5HeS11EeVw
75	Dive In	The Horrors	Skying	LIKE	4:52	uw67HTm9Bs4	MPREb_eRPN35SboZv	UCDwDPWxlTisVB5HeS11EeVw
76	Still Life	The Horrors	Skying	LIKE	5:22	lwNHOE4QV9Y	MPREb_eRPN35SboZv	UCDwDPWxlTisVB5HeS11EeVw
78	Moving Further Away	The Horrors	Skying	LIKE	8:35	Oye8UrtReyE	MPREb_eRPN35SboZv	UCDwDPWxlTisVB5HeS11EeVw
80	Oceans Burning	The Horrors	Skying	LIKE	7:49	KCEPa5uVU18	MPREb_eRPN35SboZv	UCDwDPWxlTisVB5HeS11EeVw
39	Atlantic Postcard	The Holydrug Couple	Moonlust	LIKE	3:05	E3c1GrHLa-E	MPREb_49IG41w8SEL	UCa9j6qYsEFttptJN-DpmSyA
40	Dreamy	The Holydrug Couple	Moonlust	LIKE	3:37	2yY5gTowHBg	MPREb_49IG41w8SEL	UCa9j6qYsEFttptJN-DpmSyA
41	Light or Night	The Holydrug Couple	Moonlust	LIKE	3:57	_OOS86g1_WU	MPREb_49IG41w8SEL	UCa9j6qYsEFttptJN-DpmSyA
42	French Movie Theme	The Holydrug Couple	Moonlust	LIKE	3:30	ctZG6fxRSYw	MPREb_49IG41w8SEL	UCa9j6qYsEFttptJN-DpmSyA
43	If I Could Find You (Eternity)	The Holydrug Couple	Moonlust	LIKE	3:00	IXsDehArNTg	MPREb_49IG41w8SEL	UCa9j6qYsEFttptJN-DpmSyA
44	I Don’t Feel Like It	The Holydrug Couple	Moonlust	LIKE	3:21	t-X0QYhexB4	MPREb_49IG41w8SEL	UCa9j6qYsEFttptJN-DpmSyA
45	Concorde	The Holydrug Couple	Moonlust	LIKE	3:24	tST3HTz0UYU	MPREb_49IG41w8SEL	UCa9j6qYsEFttptJN-DpmSyA
46	Baby, I’m Going Away	The Holydrug Couple	Moonlust	LIKE	3:54	aqtnVP48EW8	MPREb_49IG41w8SEL	UCa9j6qYsEFttptJN-DpmSyA
47	Generique Noir	The Holydrug Couple	Moonlust	LIKE	2:48	EL3DjcRBanE	MPREb_49IG41w8SEL	UCa9j6qYsEFttptJN-DpmSyA
48	Submarine Gold	The Holydrug Couple	Moonlust	LIKE	4:06	bkY_yS4gm0Q	MPREb_49IG41w8SEL	UCa9j6qYsEFttptJN-DpmSyA
49	U Don’t Wake Up	The Holydrug Couple	Moonlust	LIKE	2:35	-L_Gdz1G9aI	MPREb_49IG41w8SEL	UCa9j6qYsEFttptJN-DpmSyA
50	Remember Well	The Holydrug Couple	Moonlust	LIKE	2:55	VWFxUt564ro	MPREb_49IG41w8SEL	UCa9j6qYsEFttptJN-DpmSyA
21	Mara	The Haxan Cloak	Excavation	LIKE	3:13	zvEoLBFC5OI	MPREb_6QH29QKHZ8s	UCblM0vLMfs4DSZCOMbLrDyw
25	Dieu	The Haxan Cloak	Excavation	LIKE	5:12	7WYDhiGPYRU	MPREb_6QH29QKHZ8s	UCblM0vLMfs4DSZCOMbLrDyw
0	No Sugar Tonight / New Mother Nature	The Guess Who	American Woman	LIKE	4:54	uDOQguimngQ	MPREb_UD7BMC1Hso8	UCeJzOtrRt4ToYZj336gNElg
1	969 (The Oldest Man)	The Guess Who	American Woman	LIKE	3:00	Yk_6nyJylkE	MPREb_UD7BMC1Hso8	UCeJzOtrRt4ToYZj336gNElg
6	Got to Find Another Way	The Guess Who	American Woman	LIKE	2:57	51wTL2LGNyo	MPREb_UD7BMC1Hso8	UCeJzOtrRt4ToYZj336gNElg
161	Foxy Lady	The Experienced	The Experience: a tribute to Jimi Hendrix	LIKE	3:32	FJopgyX0eRE	MPREb_LfS3LEpHKld	UCDZ41yhH81jFX11Ez0PNQSg
163	Hey Joe	The Experienced	The Experience: a tribute to Jimi Hendrix	LIKE	4:44	MWzNGOpmDyg	MPREb_LfS3LEpHKld	UCDZ41yhH81jFX11Ez0PNQSg
165	Red House	The Experienced	The Experience: a tribute to Jimi Hendrix	LIKE	4:42	-4zDe8P7Ro0	MPREb_LfS3LEpHKld	UCDZ41yhH81jFX11Ez0PNQSg
168	Star Spangled Banner/Purple Haze	The Experienced	The Experience: a tribute to Jimi Hendrix	LIKE	4:57	GvSgMdAEUnE	MPREb_LfS3LEpHKld	UCDZ41yhH81jFX11Ez0PNQSg
173	Wild Thing	The Experienced	The Experience: a tribute to Jimi Hendrix	LIKE	3:37	tqFgPCS6LkY	MPREb_LfS3LEpHKld	UCDZ41yhH81jFX11Ez0PNQSg
3797	Way to be Loved	TOPS	Picture You Staring	LIKE	4:23	dCZ42u4tAtk	MPREb_BgKFNUea9U9	UC2SSi_lvW8HQt8akZon_VVQ
3798	Blind Faze	TOPS	Picture You Staring	LIKE	3:40	bFvL3vwaXDY	MPREb_BgKFNUea9U9	UC2SSi_lvW8HQt8akZon_VVQ
3800	Outside	TOPS	Picture You Staring	LIKE	3:34	pi1lrrV1FrI	MPREb_BgKFNUea9U9	UC2SSi_lvW8HQt8akZon_VVQ
3803	Superstition Future	TOPS	Picture You Staring	LIKE	3:52	3Iinl1tMq5s	MPREb_BgKFNUea9U9	UC2SSi_lvW8HQt8akZon_VVQ
3804	2 Shy	TOPS	Picture You Staring	LIKE	2:55	ipTTx__YC-Y	MPREb_BgKFNUea9U9	UC2SSi_lvW8HQt8akZon_VVQ
3806	Easier Said	TOPS	Picture You Staring	LIKE	5:03	nSJV2_N7Y7E	MPREb_BgKFNUea9U9	UC2SSi_lvW8HQt8akZon_VVQ
3762	Fear Inoculum	TOOL	Fear Inoculum	LIKE	10:21	QjHNHonuCQU	MPREb_KKzZ6VJpArQ	UCW6FSIkA04g7pBvMXlnaKqg
3764	Litanie contre la Peur	TOOL	Fear Inoculum	LIKE	2:15	tBry23HZK2U	MPREb_KKzZ6VJpArQ	UCW6FSIkA04g7pBvMXlnaKqg
3766	Legion Inoculant	TOOL	Fear Inoculum	LIKE	3:10	vpfhsaRrkf8	MPREb_KKzZ6VJpArQ	UCW6FSIkA04g7pBvMXlnaKqg
3767	Descending	TOOL	Fear Inoculum	LIKE	13:38	crI1ApHQXO0	MPREb_KKzZ6VJpArQ	UCW6FSIkA04g7pBvMXlnaKqg
3769	Chocolate Chip Trip	TOOL	Fear Inoculum	LIKE	4:49	DkYFuSo0oWA	MPREb_KKzZ6VJpArQ	UCW6FSIkA04g7pBvMXlnaKqg
3784	Ænema	TOOL	Ænima	LIKE	6:40	tqjOrkMHUkk	MPREb_rrHMsdVJZK0	UCW6FSIkA04g7pBvMXlnaKqg
3786	Third Eye	TOOL	Ænima	LIKE	13:52	O5Ohwdps7u4	MPREb_rrHMsdVJZK0	UCW6FSIkA04g7pBvMXlnaKqg
3442	Little Pleasures (feat. Gavin Turek)	TOKiMONSTA	Creature Dreams	LIKE	4:01	ErTjFm1VIHI	MPREb_DIVwmn0yeLo	UCg-MiMmT50XZnbSCllzhyuA
3445	Stigmatizing Sex	TOKiMONSTA	Creature Dreams	LIKE	2:58	UKk2inuzbBY	MPREb_DIVwmn0yeLo	UCg-MiMmT50XZnbSCllzhyuA
3446	Darkest (Dim) (feat. Gavin Turek)	TOKiMONSTA	Creature Dreams	LIKE	5:09	Urfs96K8Bic	MPREb_DIVwmn0yeLo	UCg-MiMmT50XZnbSCllzhyuA
3447	Day Job	TOKiMONSTA	Creature Dreams	LIKE	4:35	XPvpRnxAQYw	MPREb_DIVwmn0yeLo	UCg-MiMmT50XZnbSCllzhyuA
3448	Gamble	TOKiMONSTA	Midnight Menu	LIKE	2:27	YzS7ye5ruvc	MPREb_jaAs8Opptch	UCg-MiMmT50XZnbSCllzhyuA
3449	Sweet Day	TOKiMONSTA	Midnight Menu	LIKE	3:37	Pw00IpFO54U	MPREb_jaAs8Opptch	UCg-MiMmT50XZnbSCllzhyuA
3453	Lucid Waking	TOKiMONSTA	Midnight Menu	LIKE	3:07	zyX_c37cnQY	MPREb_jaAs8Opptch	UCg-MiMmT50XZnbSCllzhyuA
3457	Madness	TOKiMONSTA	Midnight Menu	LIKE	3:57	O5O-3h6rTAA	MPREb_jaAs8Opptch	UCg-MiMmT50XZnbSCllzhyuA
3458	Bready Soul	TOKiMONSTA	Midnight Menu	LIKE	4:50	qaoyUpvJaeI	MPREb_jaAs8Opptch	UCg-MiMmT50XZnbSCllzhyuA
3459	Lovely Soul	TOKiMONSTA	Midnight Menu	LIKE	3:41	SUvql_BjGHc	MPREb_jaAs8Opptch	UCg-MiMmT50XZnbSCllzhyuA
3348	ASS-TO-TRUTH	TOBACCO	Hot Wet & Sassy	LIKE	2:42	pi6WOiKctpk	MPREb_CtOgjAVYBNG	UC1IJxltUbLLbjTPrkHQxnrg
3350	Road Warrior Pisces	TOBACCO	Hot Wet & Sassy	LIKE	2:51	WqGQqj5zbro	MPREb_CtOgjAVYBNG	UC1IJxltUbLLbjTPrkHQxnrg
3351	Poisonous Horses	TOBACCO	Hot Wet & Sassy	LIKE	3:00	d_Kta98L8Vw	MPREb_CtOgjAVYBNG	UC1IJxltUbLLbjTPrkHQxnrg
3356	Fresh Hex (feat. Beck)	TOBACCO	Maniac Meat	LIKE	1:36	sjNiGjx_-xY	MPREb_M35YvPHCqpw	UC1IJxltUbLLbjTPrkHQxnrg
3357	Mexican Icecream	TOBACCO	Maniac Meat	LIKE	2:22	-VJYLw4iRdg	MPREb_M35YvPHCqpw	UC1IJxltUbLLbjTPrkHQxnrg
3358	Lick the Witch	TOBACCO	Maniac Meat	LIKE	2:46	DnoRThfb1yY	MPREb_M35YvPHCqpw	UC1IJxltUbLLbjTPrkHQxnrg
3363	Grape Aerosmith (feat. Beck)	TOBACCO	Maniac Meat	LIKE	1:52	UlZYec_3kRk	MPREb_M35YvPHCqpw	UC1IJxltUbLLbjTPrkHQxnrg
3365	Six Royal Vipers	TOBACCO	Maniac Meat	LIKE	2:27	D7lTFHoRzk0	MPREb_M35YvPHCqpw	UC1IJxltUbLLbjTPrkHQxnrg
3367	Creepy Phone Calls	TOBACCO	Maniac Meat	LIKE	4:09	Ckz-U4NPWyA	MPREb_M35YvPHCqpw	UC1IJxltUbLLbjTPrkHQxnrg
3368	TV All Greasy	TOBACCO	Maniac Meat	LIKE	3:22	PQ-rSTbBntI	MPREb_M35YvPHCqpw	UC1IJxltUbLLbjTPrkHQxnrg
3369	Stretch Your Face	TOBACCO	Maniac Meat	LIKE	2:46	OjfF39cWP6o	MPREb_M35YvPHCqpw	UC1IJxltUbLLbjTPrkHQxnrg
3372	Good Complexion	TOBACCO	Ultima II Massage	LIKE	2:42	9e7MkyTZgHY	MPREb_beGxsly9Ohy	UC1IJxltUbLLbjTPrkHQxnrg
3376	Self Tanner	TOBACCO	Ultima II Massage	LIKE	2:56	HXNdEH7lVvw	MPREb_beGxsly9Ohy	UC1IJxltUbLLbjTPrkHQxnrg
3384	Spitlord	TOBACCO	Ultima II Massage	LIKE	1:09	s-48pMmCgsU	MPREb_beGxsly9Ohy	UC1IJxltUbLLbjTPrkHQxnrg
3385	Father Sister Berzerker	TOBACCO	Ultima II Massage	LIKE	4:03	CAZKHojyz1E	MPREb_beGxsly9Ohy	UC1IJxltUbLLbjTPrkHQxnrg
3386	The Touch from Within	TOBACCO	Ultima II Massage	LIKE	4:20	e2zZivK5k5A	MPREb_beGxsly9Ohy	UC1IJxltUbLLbjTPrkHQxnrg
3313	Goooo	TNGHT	TNGHT	LIKE	3:22	w4lHQd_jIfc	MPREb_VZWtonY6H4T	UCIzvaEjamDYR85oxnqAB0eQ
3314	Higher Ground	TNGHT	TNGHT	LIKE	3:20	hwtg_1Yf8wc	MPREb_VZWtonY6H4T	UCIzvaEjamDYR85oxnqAB0eQ
3315	Bugg'n	TNGHT	TNGHT	LIKE	3:26	zhhhwCtW9jI	MPREb_VZWtonY6H4T	UCIzvaEjamDYR85oxnqAB0eQ
1781	Jet Airliner	Steve Miller Band	Book Of Dreams	LIKE	4:25	JHa1hiFYbFQ	MPREb_0G4YvkSmjp5	UCDlFd5kiM4QbD_NRGwgGu1w
1782	Winter Time	Steve Miller Band	Book Of Dreams	LIKE	3:12	HUv7pXgZ9NA	MPREb_0G4YvkSmjp5	UCDlFd5kiM4QbD_NRGwgGu1w
1783	Swingtown	Steve Miller Band	Book Of Dreams	LIKE	3:56	6Wg0Y8EkNKI	MPREb_0G4YvkSmjp5	UCDlFd5kiM4QbD_NRGwgGu1w
1784	True Fine Love	Steve Miller Band	Book Of Dreams	LIKE	2:39	_jRnorE5vxg	MPREb_0G4YvkSmjp5	UCDlFd5kiM4QbD_NRGwgGu1w
1786	Jungle Love	Steve Miller Band	Book Of Dreams	LIKE	3:07	qGnCyMc_X-4	MPREb_0G4YvkSmjp5	UCDlFd5kiM4QbD_NRGwgGu1w
1788	Sacrifice	Steve Miller Band	Book Of Dreams	LIKE	5:20	pTV6-Wcv_zo	MPREb_0G4YvkSmjp5	UCDlFd5kiM4QbD_NRGwgGu1w
1789	The Stake	Steve Miller Band	Book Of Dreams	LIKE	3:58	EFOjLc6vjas	MPREb_0G4YvkSmjp5	UCDlFd5kiM4QbD_NRGwgGu1w
1792	Swingtown	Steve Miller Band	Greatest Hits 1974-78	LIKE	3:29	cTyFNA6939w	MPREb_Pe1zg6HDCaR	UCDlFd5kiM4QbD_NRGwgGu1w
1793	Jungle Love	Steve Miller Band	Greatest Hits 1974-78	LIKE	3:09	W_qTKqsZJEk	MPREb_Pe1zg6HDCaR	UCDlFd5kiM4QbD_NRGwgGu1w
1794	Take The Money And Run	Steve Miller Band	Greatest Hits 1974-78	LIKE	2:52	qbGFrrifeEs	MPREb_Pe1zg6HDCaR	UCDlFd5kiM4QbD_NRGwgGu1w
1795	Rock'n Me	Steve Miller Band	Greatest Hits 1974-78	LIKE	3:07	jUAfAqWE4OM	MPREb_Pe1zg6HDCaR	UCDlFd5kiM4QbD_NRGwgGu1w
1796	Serenade	Steve Miller Band	Greatest Hits 1974-78	LIKE	3:12	lUME88Vax9k	MPREb_Pe1zg6HDCaR	UCDlFd5kiM4QbD_NRGwgGu1w
1797	True Fine Love	Steve Miller Band	Greatest Hits 1974-78	LIKE	2:40	hEgvyXTK2Sw	MPREb_Pe1zg6HDCaR	UCDlFd5kiM4QbD_NRGwgGu1w
1798	The Stake	Steve Miller Band	Greatest Hits 1974-78	LIKE	3:59	vmoPRQq4164	MPREb_Pe1zg6HDCaR	UCDlFd5kiM4QbD_NRGwgGu1w
1799	The Joker	Steve Miller Band	Greatest Hits 1974-78	LIKE	3:37	q3mfENm6VJc	MPREb_Pe1zg6HDCaR	UCDlFd5kiM4QbD_NRGwgGu1w
1800	Fly Like An Eagle	Steve Miller Band	Greatest Hits 1974-78	LIKE	3:04	NWkF7YH-57k	MPREb_Pe1zg6HDCaR	UCDlFd5kiM4QbD_NRGwgGu1w
1801	Threshold	Steve Miller Band	Greatest Hits 1974-78	LIKE	1:06	A4WA-y8OpEw	MPREb_Pe1zg6HDCaR	UCDlFd5kiM4QbD_NRGwgGu1w
1802	Jet Airliner	Steve Miller Band	Greatest Hits 1974-78	LIKE	3:35	g9GnDPrDgaU	MPREb_Pe1zg6HDCaR	UCDlFd5kiM4QbD_NRGwgGu1w
1803	Dance, Dance, Dance	Steve Miller Band	Greatest Hits 1974-78	LIKE	2:19	r75LGy3NfgI	MPREb_Pe1zg6HDCaR	UCDlFd5kiM4QbD_NRGwgGu1w
1804	Winter Time	Steve Miller Band	Greatest Hits 1974-78	LIKE	3:14	_OeqJAr0k94	MPREb_Pe1zg6HDCaR	UCDlFd5kiM4QbD_NRGwgGu1w
1805	Wild Mountain Honey	Steve Miller Band	Greatest Hits 1974-78	LIKE	4:51	fF8GARU44iY	MPREb_Pe1zg6HDCaR	UCDlFd5kiM4QbD_NRGwgGu1w
1572	When It's There	Smallpeople	Salty Days	LIKE	6:43	abKuqbXKi_M	MPREb_dZxOfERAcEv	UCuHLH4r_pGWJ5SMGUHfy04A
1574	Down Over Me	Smallpeople	Salty Days	LIKE	7:25	GavVPVbTMEY	MPREb_dZxOfERAcEv	UCuHLH4r_pGWJ5SMGUHfy04A
1575	And You And You	Smallpeople	Salty Days	LIKE	7:15	6L9JSl-0sSg	MPREb_dZxOfERAcEv	UCuHLH4r_pGWJ5SMGUHfy04A
1577	Beauclair	Smallpeople	Salty Days	LIKE	8:08	K0xCOzLuAeE	MPREb_dZxOfERAcEv	UCuHLH4r_pGWJ5SMGUHfy04A
1579	Salty Days	Smallpeople	Salty Days	LIKE	5:30	lqCM8qCJWBQ	MPREb_dZxOfERAcEv	UCuHLH4r_pGWJ5SMGUHfy04A
1895	Brash	Royal Philharmonic Orchestra	The Surfaris Wipe Out	LIKE	4:35	qAc5QWqzuMw	MPREb_VYUe766QtMg	UCfhh98CmKOImKUiTs-vGWoA
1414	For Sephora (Instrumental)	Rosenberg Trio	Gipsy Summer	LIKE	4:25	Qa66SseoLgE	MPREb_GG5lZrBP8Fz	UCvdGvjGt_NARuiXXI_ge5rg
1421	Armando's Rumba (Instrumental)	Rosenberg Trio	Gipsy Summer	LIKE	4:01	QrrsrLi92hA	MPREb_GG5lZrBP8Fz	UCvdGvjGt_NARuiXXI_ge5rg
2539	Quadrophenia - 4 Overtures (Demo)	Pete Townshend	Quadrophenia (Super Deluxe Edition)	LIKE	6:19	XHc3SjOtqL4	MPREb_Fp6sYiUz1Mw	UCLxj9OY4ADYmM_pM9v2mJiA
2540	Cut My Hair (Demo)	Pete Townshend	Quadrophenia (Super Deluxe Edition)	LIKE	3:29	IkZHvgawjPo	MPREb_Fp6sYiUz1Mw	UCLxj9OY4ADYmM_pM9v2mJiA
2542	Quadrophenic Four Faces (Demo)	Pete Townshend	Quadrophenia (Super Deluxe Edition)	LIKE	4:02	PTibvN2QWqo	MPREb_Fp6sYiUz1Mw	UCLxj9OY4ADYmM_pM9v2mJiA
2544	You Came Back (Demo)	Pete Townshend	Quadrophenia (Super Deluxe Edition)	LIKE	3:17	PhvryfpY2vQ	MPREb_Fp6sYiUz1Mw	UCLxj9OY4ADYmM_pM9v2mJiA
2546	Joker James (Demo)	Pete Townshend	Quadrophenia (Super Deluxe Edition)	LIKE	3:41	qC4JE_322X8	MPREb_Fp6sYiUz1Mw	UCLxj9OY4ADYmM_pM9v2mJiA
2547	Punk (Demo)	Pete Townshend	Quadrophenia (Super Deluxe Edition)	LIKE	4:54	dp6Kp11gtNI	MPREb_Fp6sYiUz1Mw	UCLxj9OY4ADYmM_pM9v2mJiA
2561	Finale - The Rock (Demo)	Pete Townshend	Quadrophenia (Super Deluxe Edition)	LIKE	7:58	DfMUnhFvBds	MPREb_Fp6sYiUz1Mw	UCLxj9OY4ADYmM_pM9v2mJiA
2562	Love Reign O'er Me (Demo)	Pete Townshend	Quadrophenia (Super Deluxe Edition)	LIKE	5:12	p_AjPs0xmgA	MPREb_Fp6sYiUz1Mw	UCLxj9OY4ADYmM_pM9v2mJiA
771	The What	Notorious B.I.G.	Ready To Die	LIKE	3:58	DyYIryP9Mgw	MPREb_iF0uEXwERPq	UCczXQ2ehGOS2U2UnR8rY3Hg
591	The Glow, Pt. 2	Microphones	The Glow, Pt. 2	LIKE	4:59	dvw9tuK9has	MPREb_kuiSi22HLWs	UCSJeXepYnGr4l0tQXZTYbcQ
592	The Moon	Microphones	The Glow, Pt. 2	LIKE	5:17	kTWTN_uxNcQ	MPREb_kuiSi22HLWs	UCSJeXepYnGr4l0tQXZTYbcQ
595	Instrumental	Microphones	The Glow, Pt. 2	LIKE	1:39	c1j1d19oqqc	MPREb_kuiSi22HLWs	UCSJeXepYnGr4l0tQXZTYbcQ
599	The Gleam, Pt. 2	Microphones	The Glow, Pt. 2	LIKE	1:58	5zNnu3aSAGI	MPREb_kuiSi22HLWs	UCSJeXepYnGr4l0tQXZTYbcQ
600	You'll Be in the Air	Microphones	The Glow, Pt. 2	LIKE	2:42	8HUlxs5A1Fg	MPREb_kuiSi22HLWs	UCSJeXepYnGr4l0tQXZTYbcQ
604	Instrumental - 2	Microphones	The Glow, Pt. 2	LIKE	1:53	9YtuYTRKgDw	MPREb_kuiSi22HLWs	UCSJeXepYnGr4l0tQXZTYbcQ
605	I Felt Your Shape	Microphones	The Glow, Pt. 2	LIKE	1:55	DaGGDPCnobQ	MPREb_kuiSi22HLWs	UCSJeXepYnGr4l0tQXZTYbcQ
51	Song For My Father	Horace Silver	Song For My Father	LIKE	7:19	mKf1x3CALAE	MPREb_AP7GWERbo3y	UC834B7DbQ6WZzigm4UCwuKg
54	Que Pasa (Rudy Van Gelder Edition/1999 Digital Remaster)	Horace Silver	Song For My Father	LIKE	7:48	OOjnA33p-pk	MPREb_AP7GWERbo3y	UC834B7DbQ6WZzigm4UCwuKg
56	Lonely Woman (Remastered 1999/Rudy Van Gelder Edition)	Horace Silver	Song For My Father	LIKE	7:03	fJyq_F0g3KE	MPREb_AP7GWERbo3y	UC834B7DbQ6WZzigm4UCwuKg
58	Que Pasa (Trio Version; Rudy Van Gelder Edition; 1999 Remaster)	Horace Silver	Song For My Father	LIKE	5:39	JK9vX7Ki5CQ	MPREb_AP7GWERbo3y	UC834B7DbQ6WZzigm4UCwuKg
1898	Flying Down To Rio	Bobby Freeman	The Surfaris Wipe Out	LIKE	2:30	FKhXF3PhkIM	MPREb_VYUe766QtMg	UCPQL29sZKt8-qFpe8y7pXSg
1896	Call Me Lonesome	Arthur Alexander	The Surfaris Wipe Out	LIKE	2:58	URlbkOBoQ0A	MPREb_VYUe766QtMg	UCTnefvaUPpP-x4ZhsuYf6JA
1901	Jezabel	marty wilde	The Surfaris Wipe Out	INDIFFERENT	2:40	Z5i6q-E6ozo	MPREb_VYUe766QtMg	UCY44IgFLJHNeGAXkKNwkHdw
3900	Djed	Tortoise	Millions Now Living Will Never Die	INDIFFERENT	20:58	GHRB6kFIfJ0	MPREb_BKNaYYpZ4fb	UC4p81SffxAyf_EqpPU1zBaA
3902	A Survey	Tortoise	Millions Now Living Will Never Die	INDIFFERENT	2:53	SZjrF5NQolo	MPREb_BKNaYYpZ4fb	UC4p81SffxAyf_EqpPU1zBaA
3809	Harm in Change	Toro y Moi	Anything in Return	INDIFFERENT	4:02	iWe8Yx_SFcw	MPREb_KCcBhRzFYI1	UCJikOjbf3VffCdLXTsbxfxg
3813	Touch	Toro y Moi	Anything in Return	INDIFFERENT	2:39	duqa0HsN0V8	MPREb_KCcBhRzFYI1	UCJikOjbf3VffCdLXTsbxfxg
3814	Cola	Toro y Moi	Anything in Return	INDIFFERENT	3:34	A0lu7RBJH0U	MPREb_KCcBhRzFYI1	UCJikOjbf3VffCdLXTsbxfxg
3818	Cake	Toro y Moi	Anything in Return	INDIFFERENT	3:54	pybKzMh4268	MPREb_KCcBhRzFYI1	UCJikOjbf3VffCdLXTsbxfxg
3819	Day One	Toro y Moi	Anything in Return	INDIFFERENT	4:18	fnJKpHkt_QQ	MPREb_KCcBhRzFYI1	UCJikOjbf3VffCdLXTsbxfxg
3820	Never Matter	Toro y Moi	Anything in Return	INDIFFERENT	4:18	f9WXYW3MUW4	MPREb_KCcBhRzFYI1	UCJikOjbf3VffCdLXTsbxfxg
3821	How's It Wrong	Toro y Moi	Anything in Return	INDIFFERENT	3:55	iE8NAOfrYoc	MPREb_KCcBhRzFYI1	UCJikOjbf3VffCdLXTsbxfxg
3824	Mona Lisa	Toro Y Moi	Boo Boo	INDIFFERENT	4:16	6lWOicq37RI	MPREb_iskeONxPDbY	UCJikOjbf3VffCdLXTsbxfxg
3826	Don't Try	Toro Y Moi	Boo Boo	INDIFFERENT	4:26	PaJnWRBb5aM	MPREb_iskeONxPDbY	UCJikOjbf3VffCdLXTsbxfxg
3827	Windows	Toro Y Moi	Boo Boo	INDIFFERENT	4:06	vs9X9OMZ2bA	MPREb_iskeONxPDbY	UCJikOjbf3VffCdLXTsbxfxg
3829	Girl Like You	Toro Y Moi	Boo Boo	INDIFFERENT	3:44	maipyj45wH4	MPREb_iskeONxPDbY	UCJikOjbf3VffCdLXTsbxfxg
3830	You and I	Toro Y Moi	Boo Boo	INDIFFERENT	3:52	FYhELqqcwMQ	MPREb_iskeONxPDbY	UCJikOjbf3VffCdLXTsbxfxg
3831	Labyrinth	Toro Y Moi	Boo Boo	INDIFFERENT	4:02	EVdFjwOchrc	MPREb_iskeONxPDbY	UCJikOjbf3VffCdLXTsbxfxg
3832	Inside My Head	Toro Y Moi	Boo Boo	INDIFFERENT	4:12	BznJd8bS54U	MPREb_iskeONxPDbY	UCJikOjbf3VffCdLXTsbxfxg
3833	W.I.W.W.T.W.	Toro Y Moi	Boo Boo	INDIFFERENT	4:39	eIEV53g3C-A	MPREb_iskeONxPDbY	UCJikOjbf3VffCdLXTsbxfxg
3834	(Be) (feat. Madeline Kenney)	Toro Y Moi	Boo Boo	INDIFFERENT	2:32	oK49Fd-uC7I	MPREb_iskeONxPDbY	UCJikOjbf3VffCdLXTsbxfxg
3846	Best Around	Toro Y Moi	June 2009	INDIFFERENT	1:30	z9R6vREE3Ng	MPREb_xYK2tgFTnQb	UCJikOjbf3VffCdLXTsbxfxg
3847	Take the L to Leave	Toro Y Moi	June 2009	INDIFFERENT	2:23	KRErWUSNfwM	MPREb_xYK2tgFTnQb	UCJikOjbf3VffCdLXTsbxfxg
3850	Ektelon	Toro Y Moi	June 2009	INDIFFERENT	3:20	YEWV-1LcoPA	MPREb_xYK2tgFTnQb	UCJikOjbf3VffCdLXTsbxfxg
3851	Drive South	Toro Y Moi	June 2009	INDIFFERENT	3:39	7oWN5JlOoTY	MPREb_xYK2tgFTnQb	UCJikOjbf3VffCdLXTsbxfxg
3852	Sad Sams	Toro Y Moi	June 2009	INDIFFERENT	2:56	gLB77pSTkX8	MPREb_xYK2tgFTnQb	UCJikOjbf3VffCdLXTsbxfxg
3853	Talamak (First Version)	Toro Y Moi	June 2009	INDIFFERENT	3:47	W-N9AlvZ2MU	MPREb_xYK2tgFTnQb	UCJikOjbf3VffCdLXTsbxfxg
3854	Warm Frames	Toro Y Moi	June 2009	INDIFFERENT	2:41	MVG9zde_kPs	MPREb_xYK2tgFTnQb	UCJikOjbf3VffCdLXTsbxfxg
3855	New Loved Ones	Toro Y Moi	June 2009	INDIFFERENT	3:40	OpO8_Kry-Ds	MPREb_xYK2tgFTnQb	UCJikOjbf3VffCdLXTsbxfxg
3860	Ratcliff	Toro Y Moi	Live from Trona	INDIFFERENT	2:43	BK6Xw0wR8mM	MPREb_9fsvKIFYaok	UCJikOjbf3VffCdLXTsbxfxg
3866	Grown Up Calls	Toro Y Moi	Live from Trona	INDIFFERENT	6:40	fHQ4r4g4kF4	MPREb_9fsvKIFYaok	UCJikOjbf3VffCdLXTsbxfxg
3867	Say That	Toro Y Moi	Live from Trona	INDIFFERENT	4:30	nISUXkI_KX8	MPREb_9fsvKIFYaok	UCJikOjbf3VffCdLXTsbxfxg
3868	Yeah Right	Toro Y Moi	Live from Trona	INDIFFERENT	7:03	lEnwKeH8kog	MPREb_9fsvKIFYaok	UCJikOjbf3VffCdLXTsbxfxg
3871	Laws of the Universe	Toro Y Moi	Outer Peace	INDIFFERENT	2:50	Uy-a_mA0jxk	MPREb_0WQCIKBWcbz	UCJikOjbf3VffCdLXTsbxfxg
3872	Miss Me (feat. ABRA)	Toro Y Moi	Outer Peace	INDIFFERENT	3:01	H0MqoZNab4g	MPREb_0WQCIKBWcbz	UCJikOjbf3VffCdLXTsbxfxg
3873	New House	Toro Y Moi	Outer Peace	INDIFFERENT	2:31	LvddnW9ttn0	MPREb_0WQCIKBWcbz	UCJikOjbf3VffCdLXTsbxfxg
3874	Baby Drive It Down	Toro Y Moi	Outer Peace	INDIFFERENT	3:08	-So2foXi5Ww	MPREb_0WQCIKBWcbz	UCJikOjbf3VffCdLXTsbxfxg
3876	Who I Am	Toro Y Moi	Outer Peace	INDIFFERENT	3:29	XOe-Nw2xLKk	MPREb_0WQCIKBWcbz	UCJikOjbf3VffCdLXTsbxfxg
3877	Monte Carlo (feat. WET)	Toro Y Moi	Outer Peace	INDIFFERENT	2:06	n2smGOaNMdQ	MPREb_0WQCIKBWcbz	UCJikOjbf3VffCdLXTsbxfxg
3879	Intro/Chi Chi	Toro Y Moi	Underneath The Pine	INDIFFERENT	2:26	uGGxzlopmlY	MPREb_6ZYb8GZKE4l	UCJikOjbf3VffCdLXTsbxfxg
3882	Divina	Toro Y Moi	Underneath The Pine	INDIFFERENT	2:19	zTppgotPyGA	MPREb_6ZYb8GZKE4l	UCJikOjbf3VffCdLXTsbxfxg
3886	Light Black	Toro Y Moi	Underneath The Pine	INDIFFERENT	3:24	vZKiEVLgG6M	MPREb_6ZYb8GZKE4l	UCJikOjbf3VffCdLXTsbxfxg
3889	Elise	Toro Y Moi	Underneath The Pine	INDIFFERENT	6:02	qS6G8VCwkWs	MPREb_6ZYb8GZKE4l	UCJikOjbf3VffCdLXTsbxfxg
3891	Buffalo	Toro Y Moi	What For?	INDIFFERENT	3:18	RiV4-effXpo	MPREb_TVCl3WxfM0h	UCJikOjbf3VffCdLXTsbxfxg
3894	Ratcliff	Toro Y Moi	What For?	INDIFFERENT	2:42	RDRBmAvCv7I	MPREb_TVCl3WxfM0h	UCJikOjbf3VffCdLXTsbxfxg
3896	Spell It Out	Toro Y Moi	What For?	INDIFFERENT	2:55	_l-6w96d6BU	MPREb_TVCl3WxfM0h	UCJikOjbf3VffCdLXTsbxfxg
3898	Run Baby Run	Toro Y Moi	What For?	INDIFFERENT	2:46	Bxo4Vt7q8aY	MPREb_TVCl3WxfM0h	UCJikOjbf3VffCdLXTsbxfxg
3787	Time Tough	Toots & The Maytals	Funky Kingston	INDIFFERENT	4:24	g7MiWIUjY_U	MPREb_gvvgAulHpvF	UC2863SnaB0ZHk7G9KwjGvMA
3788	In The Dark	Toots & The Maytals	Funky Kingston	INDIFFERENT	2:49	w9aYJmfvCfA	MPREb_gvvgAulHpvF	UC2863SnaB0ZHk7G9KwjGvMA
3790	Love Is Gonna Let Me Down	Toots & The Maytals	Funky Kingston	INDIFFERENT	3:17	XBIPHIzWiv0	MPREb_gvvgAulHpvF	UC2863SnaB0ZHk7G9KwjGvMA
3792	Pomps & Pride	Toots & The Maytals	Funky Kingston	INDIFFERENT	4:29	kbO0gRq9T8Y	MPREb_gvvgAulHpvF	UC2863SnaB0ZHk7G9KwjGvMA
3793	Got To Be There	Toots & The Maytals	Funky Kingston	INDIFFERENT	3:05	wFJpy6K0Q2E	MPREb_gvvgAulHpvF	UC2863SnaB0ZHk7G9KwjGvMA
3796	Sailin' On	Toots & The Maytals	Funky Kingston	INDIFFERENT	3:35	7XnH-w64d00	MPREb_gvvgAulHpvF	UC2863SnaB0ZHk7G9KwjGvMA
3750	Intro: Shorty The Pimp	Too $hort	Shorty The Pimp	INDIFFERENT	0:43	spBgXFE9JBI	MPREb_uSXZHPenQDn	UC7kG2xPW0nmPMkU5MIrukHQ
3752	I Ain't Nothin' But A Dog	Too $hort	Shorty The Pimp	INDIFFERENT	4:50	wEOshAXODIo	MPREb_uSXZHPenQDn	UC7kG2xPW0nmPMkU5MIrukHQ
3753	Hoes	Too $hort	Shorty The Pimp	INDIFFERENT	6:23	UzFKg6ZKJks	MPREb_uSXZHPenQDn	UC7kG2xPW0nmPMkU5MIrukHQ
3755	I Want to Be Free (That's the Truth)	Too $hort	Shorty The Pimp	INDIFFERENT	5:49	ceQQ8dyCyhE	MPREb_uSXZHPenQDn	UC7kG2xPW0nmPMkU5MIrukHQ
3756	Hoochie (feat. Dwayne Wiggins)	Too $hort	Shorty The Pimp	INDIFFERENT	4:20	O1dbluG7uFk	MPREb_uSXZHPenQDn	UC7kG2xPW0nmPMkU5MIrukHQ
3757	Step Daddy	Too $hort	Shorty The Pimp	INDIFFERENT	4:23	ypRVUc-hX7o	MPREb_uSXZHPenQDn	UC7kG2xPW0nmPMkU5MIrukHQ
3758	It Don't Stop	Too $hort	Shorty The Pimp	INDIFFERENT	4:22	8zUWYYMs4mU	MPREb_uSXZHPenQDn	UC7kG2xPW0nmPMkU5MIrukHQ
3759	So You Want to Be a Gangster	Too $hort	Shorty The Pimp	INDIFFERENT	4:05	mHFU7c9bR7k	MPREb_uSXZHPenQDn	UC7kG2xPW0nmPMkU5MIrukHQ
3760	Something To Ride To (feat. Ant Banks, Pooh-Man & Mhisani)	Too $hort	Shorty The Pimp	INDIFFERENT	11:58	jW-SI_eFKoU	MPREb_uSXZHPenQDn	UC7kG2xPW0nmPMkU5MIrukHQ
3761	Extra Dangerous Thanks	Too $hort	Shorty The Pimp	INDIFFERENT	4:14	-c4swyZUic8	MPREb_uSXZHPenQDn	UC7kG2xPW0nmPMkU5MIrukHQ
3733	Black Dust	Tommy Guerrero	No Mans Land	INDIFFERENT	2:12	WJnN3Ny9nD4	MPREb_lwRMNxxPRO2	UCsZx_92ubPsc-kgCWxkQ0xw
3734	The Gunslinger	Tommy Guerrero	No Mans Land	INDIFFERENT	2:58	sEXj4jYtPB0	MPREb_lwRMNxxPRO2	UCsZx_92ubPsc-kgCWxkQ0xw
3735	The Stranger	Tommy Guerrero	No Mans Land	INDIFFERENT	2:34	2LkgXpL1CGo	MPREb_lwRMNxxPRO2	UCsZx_92ubPsc-kgCWxkQ0xw
3737	The Lone Pistolero	Tommy Guerrero	No Mans Land	INDIFFERENT	2:47	bINJy0n0rx8	MPREb_lwRMNxxPRO2	UCsZx_92ubPsc-kgCWxkQ0xw
3738	The Man From Califas	Tommy Guerrero	No Mans Land	INDIFFERENT	3:16	B1y9MiEIN54	MPREb_lwRMNxxPRO2	UCsZx_92ubPsc-kgCWxkQ0xw
3739	Handful of Hell	Tommy Guerrero	No Mans Land	INDIFFERENT	3:13	di7zLuHNgMc	MPREb_lwRMNxxPRO2	UCsZx_92ubPsc-kgCWxkQ0xw
3740	The Last Stand	Tommy Guerrero	No Mans Land	INDIFFERENT	2:56	U-oAnxj4DEM	MPREb_lwRMNxxPRO2	UCsZx_92ubPsc-kgCWxkQ0xw
3741	Sticks of Fury	Tommy Guerrero	No Mans Land	INDIFFERENT	3:35	X_IPRPSkMa8	MPREb_lwRMNxxPRO2	UCsZx_92ubPsc-kgCWxkQ0xw
3742	El Bandito	Tommy Guerrero	No Mans Land	INDIFFERENT	2:59	XrkBM7Iwzy8	MPREb_lwRMNxxPRO2	UCsZx_92ubPsc-kgCWxkQ0xw
3743	Phantom Rider	Tommy Guerrero	No Mans Land	INDIFFERENT	3:08	kMCtD4i52_c	MPREb_lwRMNxxPRO2	UCsZx_92ubPsc-kgCWxkQ0xw
3744	Hombre Sin Nombre	Tommy Guerrero	No Mans Land	INDIFFERENT	2:50	y6oRbNLlIU0	MPREb_lwRMNxxPRO2	UCsZx_92ubPsc-kgCWxkQ0xw
3745	Duel in the Dust	Tommy Guerrero	No Mans Land	INDIFFERENT	3:20	nEc5sl3FUbk	MPREb_lwRMNxxPRO2	UCsZx_92ubPsc-kgCWxkQ0xw
3746	Valle de la Muerte	Tommy Guerrero	No Mans Land	INDIFFERENT	2:31	eRgDw0EzvAo	MPREb_lwRMNxxPRO2	UCsZx_92ubPsc-kgCWxkQ0xw
3748	The Viper	Tommy Guerrero	No Mans Land	INDIFFERENT	3:03	DHdLWxx_GTs	MPREb_lwRMNxxPRO2	UCsZx_92ubPsc-kgCWxkQ0xw
3749	Specter City	Tommy Guerrero	No Mans Land	INDIFFERENT	3:23	D9Z1UF1bne8	MPREb_lwRMNxxPRO2	UCsZx_92ubPsc-kgCWxkQ0xw
3558	Everything You Can Think	Tom Waits	Alice	INDIFFERENT	3:11	WXDymPfkxTU	MPREb_fMf9nJZZ2mW	UC39N3pyt2Z15oOMjouokl8A
3559	Flowers Grave	Tom Waits	Alice	INDIFFERENT	3:29	qBDMlLignrg	MPREb_fMf9nJZZ2mW	UC39N3pyt2Z15oOMjouokl8A
3560	No One Knows I'm Gone	Tom Waits	Alice	INDIFFERENT	1:43	KeoJZjco6Hg	MPREb_fMf9nJZZ2mW	UC39N3pyt2Z15oOMjouokl8A
3561	Kommienezuspadt	Tom Waits	Alice	INDIFFERENT	3:11	xPNQ-pLd3ro	MPREb_fMf9nJZZ2mW	UC39N3pyt2Z15oOMjouokl8A
3562	Poor Edward	Tom Waits	Alice	INDIFFERENT	3:43	U2k86Qr6EYQ	MPREb_fMf9nJZZ2mW	UC39N3pyt2Z15oOMjouokl8A
3563	Table Top Joe	Tom Waits	Alice	INDIFFERENT	4:15	bfdoQj3ZDtU	MPREb_fMf9nJZZ2mW	UC39N3pyt2Z15oOMjouokl8A
3564	Lost In The Harbour	Tom Waits	Alice	INDIFFERENT	3:46	4jPvRdImMiY	MPREb_fMf9nJZZ2mW	UC39N3pyt2Z15oOMjouokl8A
3565	We're All Mad Here	Tom Waits	Alice	INDIFFERENT	2:32	A53YWK5kmO4	MPREb_fMf9nJZZ2mW	UC39N3pyt2Z15oOMjouokl8A
3566	Watch Her Disappear	Tom Waits	Alice	INDIFFERENT	2:34	SfTXD12DAIc	MPREb_fMf9nJZZ2mW	UC39N3pyt2Z15oOMjouokl8A
3567	Reeperbahn	Tom Waits	Alice	INDIFFERENT	4:03	YGIgCb_u654	MPREb_fMf9nJZZ2mW	UC39N3pyt2Z15oOMjouokl8A
3568	I'm Still Here	Tom Waits	Alice	INDIFFERENT	1:50	ekBs0Hu4l4A	MPREb_fMf9nJZZ2mW	UC39N3pyt2Z15oOMjouokl8A
3569	Fish And Bird	Tom Waits	Alice	INDIFFERENT	4:00	-YM7OucEVaY	MPREb_fMf9nJZZ2mW	UC39N3pyt2Z15oOMjouokl8A
3570	Barcarolle	Tom Waits	Alice	INDIFFERENT	4:00	_fkahCyrqxE	MPREb_fMf9nJZZ2mW	UC39N3pyt2Z15oOMjouokl8A
3571	Fawn	Tom Waits	Alice	INDIFFERENT	1:44	vwVHsxF1i1s	MPREb_fMf9nJZZ2mW	UC39N3pyt2Z15oOMjouokl8A
3572	Misery Is The River Of The World	Tom Waits	Blood Money	INDIFFERENT	4:26	6oodsvEwNvc	MPREb_IBVQAR7lTQM	UC39N3pyt2Z15oOMjouokl8A
3573	Everything Goes To Hell	Tom Waits	Blood Money	INDIFFERENT	3:46	Emw3_sqDaLM	MPREb_IBVQAR7lTQM	UC39N3pyt2Z15oOMjouokl8A
3574	Coney Island Baby	Tom Waits	Blood Money	INDIFFERENT	4:03	za6I6VkJVm0	MPREb_IBVQAR7lTQM	UC39N3pyt2Z15oOMjouokl8A
3575	All The World Is Green	Tom Waits	Blood Money	INDIFFERENT	4:37	FZs3Fis6ubw	MPREb_IBVQAR7lTQM	UC39N3pyt2Z15oOMjouokl8A
3576	God's Away On Business	Tom Waits	Blood Money	INDIFFERENT	3:00	LLLQdG4h-Y4	MPREb_IBVQAR7lTQM	UC39N3pyt2Z15oOMjouokl8A
3577	Another Man's Vine	Tom Waits	Blood Money	INDIFFERENT	2:29	6IDJSBpJqQ4	MPREb_IBVQAR7lTQM	UC39N3pyt2Z15oOMjouokl8A
3578	Knife Chase	Tom Waits	Blood Money	INDIFFERENT	2:27	6G7fRiTLqZc	MPREb_IBVQAR7lTQM	UC39N3pyt2Z15oOMjouokl8A
3579	Lullaby	Tom Waits	Blood Money	INDIFFERENT	2:10	bxkwgfq2ML0	MPREb_IBVQAR7lTQM	UC39N3pyt2Z15oOMjouokl8A
3580	Starving In The Belly Of A Whale	Tom Waits	Blood Money	INDIFFERENT	3:42	x5DsLcC8gms	MPREb_IBVQAR7lTQM	UC39N3pyt2Z15oOMjouokl8A
3581	The Part You Throw Away	Tom Waits	Blood Money	INDIFFERENT	4:23	rzRtP2zFo7w	MPREb_IBVQAR7lTQM	UC39N3pyt2Z15oOMjouokl8A
3582	Woe	Tom Waits	Blood Money	INDIFFERENT	1:21	BSmK1F5K3zA	MPREb_IBVQAR7lTQM	UC39N3pyt2Z15oOMjouokl8A
3583	Calliope	Tom Waits	Blood Money	INDIFFERENT	2:00	qEZNX5bCoHo	MPREb_IBVQAR7lTQM	UC39N3pyt2Z15oOMjouokl8A
3584	A Good Man Is Hard To Find	Tom Waits	Blood Money	INDIFFERENT	3:58	UuyZdOgWUFU	MPREb_IBVQAR7lTQM	UC39N3pyt2Z15oOMjouokl8A
3585	The Earth Died Screaming	Tom Waits	Bone Machine	INDIFFERENT	3:38	zKsbR60EuUk	MPREb_zerdgY4WnVT	UC39N3pyt2Z15oOMjouokl8A
3587	Such A Scream	Tom Waits	Bone Machine	INDIFFERENT	2:08	p257Lg3MbVk	MPREb_zerdgY4WnVT	UC39N3pyt2Z15oOMjouokl8A
3588	All Stripped Down	Tom Waits	Bone Machine	INDIFFERENT	3:03	K0kXlqZcNHI	MPREb_zerdgY4WnVT	UC39N3pyt2Z15oOMjouokl8A
3589	Who Are You This Time	Tom Waits	Bone Machine	INDIFFERENT	3:55	cr0bW7KDqTE	MPREb_zerdgY4WnVT	UC39N3pyt2Z15oOMjouokl8A
3590	The Ocean	Tom Waits	Bone Machine	INDIFFERENT	1:51	vpYbVr_PQyg	MPREb_zerdgY4WnVT	UC39N3pyt2Z15oOMjouokl8A
3592	A Little Rain	Tom Waits	Bone Machine	INDIFFERENT	2:58	l70FmM7iyMI	MPREb_zerdgY4WnVT	UC39N3pyt2Z15oOMjouokl8A
3593	In The Colosseum	Tom Waits	Bone Machine	INDIFFERENT	4:50	rX2uilce1Ng	MPREb_zerdgY4WnVT	UC39N3pyt2Z15oOMjouokl8A
3597	Whistle Down The Wind	Tom Waits	Bone Machine	INDIFFERENT	4:35	0dYWAx2wNjY	MPREb_zerdgY4WnVT	UC39N3pyt2Z15oOMjouokl8A
3598	I Don't Wanna Grow Up	Tom Waits	Bone Machine	INDIFFERENT	2:31	8BGPo_3Gw28	MPREb_zerdgY4WnVT	UC39N3pyt2Z15oOMjouokl8A
3599	Let Me Get Up On It	Tom Waits	Bone Machine	INDIFFERENT	0:53	Xs9cKbl3CE0	MPREb_zerdgY4WnVT	UC39N3pyt2Z15oOMjouokl8A
3600	That Feel	Tom Waits	Bone Machine	INDIFFERENT	3:12	2muxbaTwgNI	MPREb_zerdgY4WnVT	UC39N3pyt2Z15oOMjouokl8A
3602	Straight To The Top (Rhumba)	Tom Waits	Franks Wild Years	INDIFFERENT	2:29	_OEuwlSU-ts	MPREb_oxq4G8MJTpf	UC39N3pyt2Z15oOMjouokl8A
3605	Innocent When You Dream (Barroom)	Tom Waits	Franks Wild Years	INDIFFERENT	4:16	mhH3_QwK4-g	MPREb_oxq4G8MJTpf	UC39N3pyt2Z15oOMjouokl8A
3607	Yesterday Is Here	Tom Waits	Franks Wild Years	INDIFFERENT	2:29	8ZkyoCG5fhc	MPREb_oxq4G8MJTpf	UC39N3pyt2Z15oOMjouokl8A
3609	Franks Theme	Tom Waits	Franks Wild Years	INDIFFERENT	1:47	ZMckbmIxuxM	MPREb_oxq4G8MJTpf	UC39N3pyt2Z15oOMjouokl8A
3612	Straight To The Top (Vegas)	Tom Waits	Franks Wild Years	INDIFFERENT	3:26	ORNROJHW9I8	MPREb_oxq4G8MJTpf	UC39N3pyt2Z15oOMjouokl8A
3613	I'll Take New York	Tom Waits	Franks Wild Years	INDIFFERENT	3:57	dtXikImVFms	MPREb_oxq4G8MJTpf	UC39N3pyt2Z15oOMjouokl8A
3616	Train Song	Tom Waits	Franks Wild Years	INDIFFERENT	3:18	zQm-kwf0Vck	MPREb_oxq4G8MJTpf	UC39N3pyt2Z15oOMjouokl8A
3617	Innocent When You Dream (78)	Tom Waits	Franks Wild Years	INDIFFERENT	3:10	QS_3RzNJHxs	MPREb_oxq4G8MJTpf	UC39N3pyt2Z15oOMjouokl8A
3620	Saving All My Love For You	Tom Waits	Heartattack And Vine	INDIFFERENT	3:42	E8QDZ9flyaI	MPREb_8fkDXRMxRaD	UC39N3pyt2Z15oOMjouokl8A
3621	Downtown	Tom Waits	Heartattack And Vine	INDIFFERENT	4:45	rJYrcvkkhZ0	MPREb_8fkDXRMxRaD	UC39N3pyt2Z15oOMjouokl8A
3622	Jersey Girl	Tom Waits	Heartattack And Vine	INDIFFERENT	5:12	rF6kLpHp4c0	MPREb_8fkDXRMxRaD	UC39N3pyt2Z15oOMjouokl8A
3623	'Til The Money Runs Out	Tom Waits	Heartattack And Vine	INDIFFERENT	4:26	cZ03I-i9HYY	MPREb_8fkDXRMxRaD	UC39N3pyt2Z15oOMjouokl8A
3624	On The Nickel	Tom Waits	Heartattack And Vine	INDIFFERENT	6:20	TH8d_rb3YUo	MPREb_8fkDXRMxRaD	UC39N3pyt2Z15oOMjouokl8A
3625	Mr. Siegal	Tom Waits	Heartattack And Vine	INDIFFERENT	5:15	Q7OikgwJqS8	MPREb_8fkDXRMxRaD	UC39N3pyt2Z15oOMjouokl8A
3626	Ruby's Arms	Tom Waits	Heartattack And Vine	INDIFFERENT	5:36	lp8cqQRB9I8	MPREb_8fkDXRMxRaD	UC39N3pyt2Z15oOMjouokl8A
3629	Hold On	Tom Waits	Mule Variations	INDIFFERENT	5:34	FFv_8gsOJaQ	MPREb_vCaTpyVXV6B	UC39N3pyt2Z15oOMjouokl8A
3631	House Where Nobody Lives	Tom Waits	Mule Variations	INDIFFERENT	4:15	jbwGBSyrM_4	MPREb_vCaTpyVXV6B	UC39N3pyt2Z15oOMjouokl8A
3633	Pony	Tom Waits	Mule Variations	INDIFFERENT	4:33	DJNWZnbbjME	MPREb_vCaTpyVXV6B	UC39N3pyt2Z15oOMjouokl8A
3634	What's He Building?	Tom Waits	Mule Variations	INDIFFERENT	3:21	WaTZe6x7WUw	MPREb_vCaTpyVXV6B	UC39N3pyt2Z15oOMjouokl8A
3636	Eyeball Kid	Tom Waits	Mule Variations	INDIFFERENT	4:26	oh4f1Y7Ssuc	MPREb_vCaTpyVXV6B	UC39N3pyt2Z15oOMjouokl8A
3637	Picture In A Frame	Tom Waits	Mule Variations	INDIFFERENT	3:40	TuqWRf0ELCo	MPREb_vCaTpyVXV6B	UC39N3pyt2Z15oOMjouokl8A
3639	Georgia Lee	Tom Waits	Mule Variations	INDIFFERENT	4:25	N30wGolk5oA	MPREb_vCaTpyVXV6B	UC39N3pyt2Z15oOMjouokl8A
3640	Filipino Box Spring Hog	Tom Waits	Mule Variations	INDIFFERENT	3:10	_hW8ydz8t48	MPREb_vCaTpyVXV6B	UC39N3pyt2Z15oOMjouokl8A
3641	Take It With Me	Tom Waits	Mule Variations	INDIFFERENT	4:25	msWwLkiO8vA	MPREb_vCaTpyVXV6B	UC39N3pyt2Z15oOMjouokl8A
3642	Come On Up To The House	Tom Waits	Mule Variations	INDIFFERENT	4:37	x0dtDbzyBs0	MPREb_vCaTpyVXV6B	UC39N3pyt2Z15oOMjouokl8A
3643	Opening Intro	Tom Waits	Nighthawks At The Diner	INDIFFERENT	2:57	wPGzvCmCUdQ	MPREb_xJDRAzoueNB	UC39N3pyt2Z15oOMjouokl8A
3644	Emotional Weather Report	Tom Waits	Nighthawks At The Diner	INDIFFERENT	3:47	iedFDDCom8g	MPREb_xJDRAzoueNB	UC39N3pyt2Z15oOMjouokl8A
3645	Intro To On A Foggy Night	Tom Waits	Nighthawks At The Diner	INDIFFERENT	2:16	TTDuFzxIv8M	MPREb_xJDRAzoueNB	UC39N3pyt2Z15oOMjouokl8A
3646	On A Foggy Night	Tom Waits	Nighthawks At The Diner	INDIFFERENT	3:48	WHlouVCT0R4	MPREb_xJDRAzoueNB	UC39N3pyt2Z15oOMjouokl8A
3647	Intro To Eggs And Sausage (In A Cadillac With Susan Michelson)	Tom Waits	Nighthawks At The Diner	INDIFFERENT	1:53	X_yGCMX8gHk	MPREb_xJDRAzoueNB	UC39N3pyt2Z15oOMjouokl8A
3648	Eggs And Sausage (In A Cadillac With Susan Michelson)	Tom Waits	Nighthawks At The Diner	INDIFFERENT	4:19	lRTeR2c-bzA	MPREb_xJDRAzoueNB	UC39N3pyt2Z15oOMjouokl8A
3649	Intro To Better Off Without A Wife	Tom Waits	Nighthawks At The Diner	INDIFFERENT	3:03	sQwkCURlvkw	MPREb_xJDRAzoueNB	UC39N3pyt2Z15oOMjouokl8A
3650	Better Off Without A Wife	Tom Waits	Nighthawks At The Diner	INDIFFERENT	3:59	CYQDJpp4WAs	MPREb_xJDRAzoueNB	UC39N3pyt2Z15oOMjouokl8A
3651	Nighthawk Postcards (From Easy Street)	Tom Waits	Nighthawks At The Diner	INDIFFERENT	11:28	AEDtW35f0Xo	MPREb_xJDRAzoueNB	UC39N3pyt2Z15oOMjouokl8A
3652	Intro To Warm Beer And Cold Women	Tom Waits	Nighthawks At The Diner	INDIFFERENT	0:56	hKs8au6c6oE	MPREb_xJDRAzoueNB	UC39N3pyt2Z15oOMjouokl8A
3653	Warm Beer And Cold Women	Tom Waits	Nighthawks At The Diner	INDIFFERENT	5:20	JXWaARsP_lQ	MPREb_xJDRAzoueNB	UC39N3pyt2Z15oOMjouokl8A
3654	Intro To Putnam County	Tom Waits	Nighthawks At The Diner	INDIFFERENT	0:48	EsynalLgICk	MPREb_xJDRAzoueNB	UC39N3pyt2Z15oOMjouokl8A
3655	Putnam County	Tom Waits	Nighthawks At The Diner	INDIFFERENT	7:34	2D9a4g_70UA	MPREb_xJDRAzoueNB	UC39N3pyt2Z15oOMjouokl8A
3656	Spare Parts I (A Nocturnal Emission)	Tom Waits	Nighthawks At The Diner	INDIFFERENT	6:26	w5ct8t1bVzE	MPREb_xJDRAzoueNB	UC39N3pyt2Z15oOMjouokl8A
3657	Nobody	Tom Waits	Nighthawks At The Diner	INDIFFERENT	2:50	VwGvEpITkc8	MPREb_xJDRAzoueNB	UC39N3pyt2Z15oOMjouokl8A
3658	Intro To Big Joe And Phantom 309	Tom Waits	Nighthawks At The Diner	INDIFFERENT	0:42	-0AkhWnfL5o	MPREb_xJDRAzoueNB	UC39N3pyt2Z15oOMjouokl8A
3659	Big Joe And Phantom 309	Tom Waits	Nighthawks At The Diner	INDIFFERENT	6:28	7BDglXdY4iw	MPREb_xJDRAzoueNB	UC39N3pyt2Z15oOMjouokl8A
3660	Spare Parts II And Closing	Tom Waits	Nighthawks At The Diner	INDIFFERENT	5:17	GNaogUrV8qs	MPREb_xJDRAzoueNB	UC39N3pyt2Z15oOMjouokl8A
3661	Singapore	Tom Waits	Rain Dogs	INDIFFERENT	2:44	Aqo3oNeNxzg	MPREb_LPjbNrvEtOo	UC39N3pyt2Z15oOMjouokl8A
3663	Cemetery Polka	Tom Waits	Rain Dogs	INDIFFERENT	1:46	mwm7yO9MMR4	MPREb_LPjbNrvEtOo	UC39N3pyt2Z15oOMjouokl8A
3664	Jockey Full Of Bourbon	Tom Waits	Rain Dogs	INDIFFERENT	2:46	WKzftJwtk7k	MPREb_LPjbNrvEtOo	UC39N3pyt2Z15oOMjouokl8A
3666	Big Black Mariah	Tom Waits	Rain Dogs	INDIFFERENT	2:43	t05J1A4d4Ng	MPREb_LPjbNrvEtOo	UC39N3pyt2Z15oOMjouokl8A
3668	Hang Down Your Head	Tom Waits	Rain Dogs	INDIFFERENT	2:31	8LP93FlD2j4	MPREb_LPjbNrvEtOo	UC39N3pyt2Z15oOMjouokl8A
3669	Time	Tom Waits	Rain Dogs	INDIFFERENT	3:54	mwoTbsonTeI	MPREb_LPjbNrvEtOo	UC39N3pyt2Z15oOMjouokl8A
3671	Midtown	Tom Waits	Rain Dogs	INDIFFERENT	1:03	ubSu1TbJM4w	MPREb_LPjbNrvEtOo	UC39N3pyt2Z15oOMjouokl8A
3672	9th & Hennepin	Tom Waits	Rain Dogs	INDIFFERENT	1:56	Yym97QV0IFk	MPREb_LPjbNrvEtOo	UC39N3pyt2Z15oOMjouokl8A
3674	Union Square	Tom Waits	Rain Dogs	INDIFFERENT	2:23	LVun4FtiWP0	MPREb_LPjbNrvEtOo	UC39N3pyt2Z15oOMjouokl8A
3675	Blind Love	Tom Waits	Rain Dogs	INDIFFERENT	4:20	ScUPmzhOyV0	MPREb_LPjbNrvEtOo	UC39N3pyt2Z15oOMjouokl8A
3677	Downtown Train	Tom Waits	Rain Dogs	INDIFFERENT	3:50	vxCYWjPK36w	MPREb_LPjbNrvEtOo	UC39N3pyt2Z15oOMjouokl8A
3679	Anywhere I Lay My Head	Tom Waits	Rain Dogs	INDIFFERENT	2:47	kuUp_nWcPHM	MPREb_LPjbNrvEtOo	UC39N3pyt2Z15oOMjouokl8A
3681	Hoist That Rag	Tom Waits	Real Gone	INDIFFERENT	4:20	irmYDyBFqQk	MPREb_Ri9DiLf1ZaA	UC39N3pyt2Z15oOMjouokl8A
3682	Sins of My Father	Tom Waits	Real Gone	INDIFFERENT	10:36	jseXqO8t7g8	MPREb_Ri9DiLf1ZaA	UC39N3pyt2Z15oOMjouokl8A
3683	Shake It	Tom Waits	Real Gone	INDIFFERENT	3:52	8Ga3wUnh5J8	MPREb_Ri9DiLf1ZaA	UC39N3pyt2Z15oOMjouokl8A
3684	Don't Go Into That Barn	Tom Waits	Real Gone	INDIFFERENT	5:22	F2JFkbc7MFY	MPREb_Ri9DiLf1ZaA	UC39N3pyt2Z15oOMjouokl8A
3686	Metropolitan Glide	Tom Waits	Real Gone	INDIFFERENT	4:13	RgHBX2b33Ok	MPREb_Ri9DiLf1ZaA	UC39N3pyt2Z15oOMjouokl8A
3688	Circus	Tom Waits	Real Gone	INDIFFERENT	3:56	2gR05UTLZ50	MPREb_Ri9DiLf1ZaA	UC39N3pyt2Z15oOMjouokl8A
3689	Trampled Rose	Tom Waits	Real Gone	INDIFFERENT	3:58	QPbfZOT_AQg	MPREb_Ri9DiLf1ZaA	UC39N3pyt2Z15oOMjouokl8A
3690	Green Grass	Tom Waits	Real Gone	INDIFFERENT	3:13	Ig3q43PtEBE	MPREb_Ri9DiLf1ZaA	UC39N3pyt2Z15oOMjouokl8A
3691	Baby Gonna Leave Me	Tom Waits	Real Gone	INDIFFERENT	4:29	-A5wNw7wMQE	MPREb_Ri9DiLf1ZaA	UC39N3pyt2Z15oOMjouokl8A
3692	Clang Boom Steam	Tom Waits	Real Gone	INDIFFERENT	0:46	HAjQDVP89yg	MPREb_Ri9DiLf1ZaA	UC39N3pyt2Z15oOMjouokl8A
3694	Day After Tomorrow	Tom Waits	Real Gone	INDIFFERENT	6:53	tsaZtQrTZd0	MPREb_Ri9DiLf1ZaA	UC39N3pyt2Z15oOMjouokl8A
3695	Chick A Boom	Tom Waits	Real Gone	INDIFFERENT	1:17	3m4WxAVHxYQ	MPREb_Ri9DiLf1ZaA	UC39N3pyt2Z15oOMjouokl8A
3696	Tom Traubert's Blues (Four Sheets To The Wind In Copenhagen)	Tom Waits	Small Change	INDIFFERENT	6:38	EmugpRyYess	MPREb_bcX23G6xXPH	UC39N3pyt2Z15oOMjouokl8A
3697	Step Right Up	Tom Waits	Small Change	INDIFFERENT	5:43	tHUry1U7X3g	MPREb_bcX23G6xXPH	UC39N3pyt2Z15oOMjouokl8A
3698	Jitterbug Boy (Sharing A Curbstone With Chuck E. Weiss, Robert Marchese, Paul Body and The Mug and Artie)	Tom Waits	Small Change	INDIFFERENT	3:43	jAps8Qlfh1Q	MPREb_bcX23G6xXPH	UC39N3pyt2Z15oOMjouokl8A
3699	I Wish I Was In New Orleans (In The Ninth Ward)	Tom Waits	Small Change	INDIFFERENT	4:53	dCjypMHy1p0	MPREb_bcX23G6xXPH	UC39N3pyt2Z15oOMjouokl8A
3700	The Piano Has Been Drinking (Not Me) (An Evening With Pete King)	Tom Waits	Small Change	INDIFFERENT	3:40	nZTJIxRtHWM	MPREb_bcX23G6xXPH	UC39N3pyt2Z15oOMjouokl8A
3702	Pasties And A G-String (At The Two O'Clock Club)	Tom Waits	Small Change	INDIFFERENT	2:32	72NruIdDCNM	MPREb_bcX23G6xXPH	UC39N3pyt2Z15oOMjouokl8A
3703	Bad Liver And A Broken Heart (In Lowell)	Tom Waits	Small Change	INDIFFERENT	4:49	_dMoIpKSy5U	MPREb_bcX23G6xXPH	UC39N3pyt2Z15oOMjouokl8A
3704	The One That Got Away	Tom Waits	Small Change	INDIFFERENT	4:07	nefasOOIJyc	MPREb_bcX23G6xXPH	UC39N3pyt2Z15oOMjouokl8A
3705	Small Change (Got Rained On With His Own .38)	Tom Waits	Small Change	INDIFFERENT	5:07	12ku8huQYvE	MPREb_bcX23G6xXPH	UC39N3pyt2Z15oOMjouokl8A
3706	I Can't Wait To Get Off Work (And See My Baby On Montgomery Avenue)	Tom Waits	Small Change	INDIFFERENT	3:17	j9QLSss_jTg	MPREb_bcX23G6xXPH	UC39N3pyt2Z15oOMjouokl8A
3710	Johnsburg, Illinois	Tom Waits	Swordfishtrombones	INDIFFERENT	1:33	4QMK0Oiyeb4	MPREb_p5UIObb6Oxo	UC39N3pyt2Z15oOMjouokl8A
3711	16 Shells From a Thirty-Ought-Six	Tom Waits	Swordfishtrombones	INDIFFERENT	4:33	iI1vcFL7JPs	MPREb_p5UIObb6Oxo	UC39N3pyt2Z15oOMjouokl8A
3712	Town With No Cheer	Tom Waits	Swordfishtrombones	INDIFFERENT	4:28	4x9zkufWLDs	MPREb_p5UIObb6Oxo	UC39N3pyt2Z15oOMjouokl8A
3713	In The Neighbourhood	Tom Waits	Swordfishtrombones	INDIFFERENT	3:07	WY6cv5Zleao	MPREb_p5UIObb6Oxo	UC39N3pyt2Z15oOMjouokl8A
3717	Down, Down, Down	Tom Waits	Swordfishtrombones	INDIFFERENT	2:16	pxXVP-DVSxE	MPREb_p5UIObb6Oxo	UC39N3pyt2Z15oOMjouokl8A
3718	Soldier's Things	Tom Waits	Swordfishtrombones	INDIFFERENT	3:23	-sA608RdIGg	MPREb_p5UIObb6Oxo	UC39N3pyt2Z15oOMjouokl8A
3720	Trouble's Braids	Tom Waits	Swordfishtrombones	INDIFFERENT	1:18	IL-6B_Qc8ag	MPREb_p5UIObb6Oxo	UC39N3pyt2Z15oOMjouokl8A
3723	San Diego Serenade	Tom Waits	The Heart Of Saturday Night	INDIFFERENT	3:31	1z0WdnR8P_Y	MPREb_DBhApQtkwOR	UC39N3pyt2Z15oOMjouokl8A
3724	Semi Suite	Tom Waits	The Heart Of Saturday Night	INDIFFERENT	3:30	Z4h7wwyn75U	MPREb_DBhApQtkwOR	UC39N3pyt2Z15oOMjouokl8A
3725	Shiver Me Timbers	Tom Waits	The Heart Of Saturday Night	INDIFFERENT	4:27	PRep-Odo7cc	MPREb_DBhApQtkwOR	UC39N3pyt2Z15oOMjouokl8A
3727	(Looking For) The Heart Of Saturday Night	Tom Waits	The Heart Of Saturday Night	INDIFFERENT	3:54	YJ-wPXi7yCQ	MPREb_DBhApQtkwOR	UC39N3pyt2Z15oOMjouokl8A
3729	Please Call Me, Baby	Tom Waits	The Heart Of Saturday Night	INDIFFERENT	4:26	4cizbSN7xU8	MPREb_DBhApQtkwOR	UC39N3pyt2Z15oOMjouokl8A
3730	Depot, Depot	Tom Waits	The Heart Of Saturday Night	INDIFFERENT	3:47	tiXincENcho	MPREb_DBhApQtkwOR	UC39N3pyt2Z15oOMjouokl8A
3539	Here Comes My Girl	Tom Petty And The Heartbreakers	Damn The Torpedoes	INDIFFERENT	4:24	4_XYQXAhM8g	MPREb_A6PPpbkbfoU	UC6hGusDLTI8bW-P4pMYdIqA
3540	Even The Losers	Tom Petty And The Heartbreakers	Damn The Torpedoes	INDIFFERENT	3:59	5Ue4_MWwKY8	MPREb_A6PPpbkbfoU	UC6hGusDLTI8bW-P4pMYdIqA
3541	Shadow Of A Doubt (A Complex Kid)	Tom Petty And The Heartbreakers	Damn The Torpedoes	INDIFFERENT	4:24	xPwHYkVnLCI	MPREb_A6PPpbkbfoU	UC6hGusDLTI8bW-P4pMYdIqA
3542	Century City	Tom Petty And The Heartbreakers	Damn The Torpedoes	INDIFFERENT	3:43	pSfzFCbxjv8	MPREb_A6PPpbkbfoU	UC6hGusDLTI8bW-P4pMYdIqA
3544	You Tell Me	Tom Petty And The Heartbreakers	Damn The Torpedoes	INDIFFERENT	4:33	kjgY8OBf41k	MPREb_A6PPpbkbfoU	UC6hGusDLTI8bW-P4pMYdIqA
3545	What Are You Doin' In My Life?	Tom Petty And The Heartbreakers	Damn The Torpedoes	INDIFFERENT	3:25	M24Lfii8O6k	MPREb_A6PPpbkbfoU	UC6hGusDLTI8bW-P4pMYdIqA
3546	Louisiana Rain	Tom Petty And The Heartbreakers	Damn The Torpedoes	INDIFFERENT	5:52	F6y4-Rtf0W0	MPREb_A6PPpbkbfoU	UC6hGusDLTI8bW-P4pMYdIqA
3547	Rockin' Around (With You)	Tom Petty And The Heartbreakers	Tom Petty & The Heartbreakers	INDIFFERENT	2:28	LB_eHi7HcTM	MPREb_hB9NV38ExBN	UC6hGusDLTI8bW-P4pMYdIqA
3549	Hometown Blues	Tom Petty And The Heartbreakers	Tom Petty & The Heartbreakers	INDIFFERENT	2:14	nN_j_tu5nqo	MPREb_hB9NV38ExBN	UC6hGusDLTI8bW-P4pMYdIqA
3550	The Wild One, Forever	Tom Petty And The Heartbreakers	Tom Petty & The Heartbreakers	INDIFFERENT	3:02	US-pEqevjvc	MPREb_hB9NV38ExBN	UC6hGusDLTI8bW-P4pMYdIqA
3551	Anything That's Rock 'n' Roll	Tom Petty And The Heartbreakers	Tom Petty & The Heartbreakers	INDIFFERENT	2:24	Vy6cMrXH09U	MPREb_hB9NV38ExBN	UC6hGusDLTI8bW-P4pMYdIqA
3552	Strangered in the Night	Tom Petty And The Heartbreakers	Tom Petty & The Heartbreakers	INDIFFERENT	3:31	gC9FDx3HISw	MPREb_hB9NV38ExBN	UC6hGusDLTI8bW-P4pMYdIqA
3553	Fooled Again (I Don't Like It)	Tom Petty And The Heartbreakers	Tom Petty & The Heartbreakers	INDIFFERENT	3:50	iIh3hMRIAbk	MPREb_hB9NV38ExBN	UC6hGusDLTI8bW-P4pMYdIqA
3554	Mystery Man	Tom Petty And The Heartbreakers	Tom Petty & The Heartbreakers	INDIFFERENT	3:05	wPRSc6IBPtY	MPREb_hB9NV38ExBN	UC6hGusDLTI8bW-P4pMYdIqA
3555	Luna	Tom Petty And The Heartbreakers	Tom Petty & The Heartbreakers	INDIFFERENT	3:57	9fOKtWW8Xvo	MPREb_hB9NV38ExBN	UC6hGusDLTI8bW-P4pMYdIqA
3528	Love Is A Long Road	Tom Petty	Full Moon Fever	INDIFFERENT	4:07	2AilA-M6N5U	MPREb_DYgLTIGWoaC	UC6hGusDLTI8bW-P4pMYdIqA
3529	A Face In The Crowd	Tom Petty	Full Moon Fever	INDIFFERENT	3:59	ZuzinBBrkiE	MPREb_DYgLTIGWoaC	UC6hGusDLTI8bW-P4pMYdIqA
3531	Feel A Whole Lot Better	Tom Petty	Full Moon Fever	INDIFFERENT	2:49	tZxHLkA5EcU	MPREb_DYgLTIGWoaC	UC6hGusDLTI8bW-P4pMYdIqA
3532	Yer So Bad	Tom Petty	Full Moon Fever	INDIFFERENT	3:05	OLRuDQ9QYqM	MPREb_DYgLTIGWoaC	UC6hGusDLTI8bW-P4pMYdIqA
3533	Depending On You	Tom Petty	Full Moon Fever	INDIFFERENT	2:48	IjVGlKa2rL0	MPREb_DYgLTIGWoaC	UC6hGusDLTI8bW-P4pMYdIqA
3534	The Apartment Song	Tom Petty	Full Moon Fever	INDIFFERENT	2:32	UR_t-tk1B5U	MPREb_DYgLTIGWoaC	UC6hGusDLTI8bW-P4pMYdIqA
3535	Alright For Now	Tom Petty	Full Moon Fever	INDIFFERENT	2:00	l4zpU9T937I	MPREb_DYgLTIGWoaC	UC6hGusDLTI8bW-P4pMYdIqA
3536	A Mind With A Heart Of It's Own	Tom Petty	Full Moon Fever	INDIFFERENT	3:31	QwZwJPbb__g	MPREb_DYgLTIGWoaC	UC6hGusDLTI8bW-P4pMYdIqA
3537	Zombie Zoo	Tom Petty	Full Moon Fever	INDIFFERENT	2:58	TICZWrb3s2Y	MPREb_DYgLTIGWoaC	UC6hGusDLTI8bW-P4pMYdIqA
3520	Disco Yes	Tom Misch & Poppy Ajudha	Geography	INDIFFERENT	4:41	Ot2LYgmanR0	MPREb_IsxQYkEQWGR	
3492	Tidal Wave	Tom Misch	What Kinda Music	INDIFFERENT	4:10	Wb6VsjwjinA	MPREb_kNg5Xp4BMf0	UCCCWJwLEvpPAs4r_nJiKe2Q
3493	Sensational	Tom Misch	What Kinda Music	INDIFFERENT	1:25	Zbv9A8vkR64	MPREb_kNg5Xp4BMf0	UCCCWJwLEvpPAs4r_nJiKe2Q
3495	Lift Off (feat. Rocco Palladino)	Tom Misch	What Kinda Music	INDIFFERENT	5:19	-qTn6kue3uM	MPREb_kNg5Xp4BMf0	UCCCWJwLEvpPAs4r_nJiKe2Q
3496	I Did It For You	Tom Misch	What Kinda Music	INDIFFERENT	4:02	JXZgKnKs48M	MPREb_kNg5Xp4BMf0	UCCCWJwLEvpPAs4r_nJiKe2Q
3497	Last 100	Tom Misch	What Kinda Music	INDIFFERENT	4:01	hhtwC_pmncw	MPREb_kNg5Xp4BMf0	UCCCWJwLEvpPAs4r_nJiKe2Q
3498	Kyiv	Tom Misch	What Kinda Music	INDIFFERENT	3:31	qejx7gsk3Zc	MPREb_kNg5Xp4BMf0	UCCCWJwLEvpPAs4r_nJiKe2Q
3499	Julie Mangos	Tom Misch	What Kinda Music	INDIFFERENT	3:18	rypoL5M6grE	MPREb_kNg5Xp4BMf0	UCCCWJwLEvpPAs4r_nJiKe2Q
3500	Storm Before The Calm (feat. Kaidi Akinnibi)	Tom Misch	What Kinda Music	INDIFFERENT	3:06	1IMP5PLJfko	MPREb_kNg5Xp4BMf0	UCCCWJwLEvpPAs4r_nJiKe2Q
3501	The Journey	Tom Misch	Beat Tape 2	INDIFFERENT	4:27	MkP0DyxlKD4	MPREb_nDR3wpUyRdg	UCCCWJwLEvpPAs4r_nJiKe2Q
3502	Wander With Me (feat. Carmody)	Tom Misch	Beat Tape 2	INDIFFERENT	4:48	JtILgoMnCEs	MPREb_nDR3wpUyRdg	UCCCWJwLEvpPAs4r_nJiKe2Q
3503	Nightgowns (feat. Loyle Carner)	Tom Misch	Beat Tape 2	INDIFFERENT	2:47	0yXo7zr1boc	MPREb_nDR3wpUyRdg	UCCCWJwLEvpPAs4r_nJiKe2Q
3504	Falafel	Tom Misch	Beat Tape 2	INDIFFERENT	3:43	ZzosYmWKHzc	MPREb_nDR3wpUyRdg	UCCCWJwLEvpPAs4r_nJiKe2Q
3505	Wake Up This Day (feat. Jordan Rakei)	Tom Misch	Beat Tape 2	INDIFFERENT	3:50	4PhLJlcUsQw	MPREb_nDR3wpUyRdg	UCCCWJwLEvpPAs4r_nJiKe2Q
3506	In the Midst of It All (feat. Sam Wills)	Tom Misch	Beat Tape 2	INDIFFERENT	5:43	N9CMdNSh3a8	MPREb_nDR3wpUyRdg	UCCCWJwLEvpPAs4r_nJiKe2Q
3507	Come Back	Tom Misch	Beat Tape 2	INDIFFERENT	4:18	4oNT9p-UJXE	MPREb_nDR3wpUyRdg	UCCCWJwLEvpPAs4r_nJiKe2Q
3508	Your Love (feat. Alexa Harley)	Tom Misch	Beat Tape 2	INDIFFERENT	4:15	VrjgsSnsH-w	MPREb_nDR3wpUyRdg	UCCCWJwLEvpPAs4r_nJiKe2Q
3509	Hark (feat. Alfa Mist)	Tom Misch	Beat Tape 2	INDIFFERENT	2:44	298gmo_6iAI	MPREb_nDR3wpUyRdg	UCCCWJwLEvpPAs4r_nJiKe2Q
3510	Colours of Freedom	Tom Misch	Beat Tape 2	INDIFFERENT	3:44	4qPLksGvtSQ	MPREb_nDR3wpUyRdg	UCCCWJwLEvpPAs4r_nJiKe2Q
3511	Beautiful Escape	Tom Misch	Beat Tape 2	INDIFFERENT	4:37	9PQHaStCgBE	MPREb_nDR3wpUyRdg	UCCCWJwLEvpPAs4r_nJiKe2Q
3512	Home	Tom Misch	Beat Tape 2	INDIFFERENT	4:29	2B72fW-rZ4w	MPREb_nDR3wpUyRdg	UCCCWJwLEvpPAs4r_nJiKe2Q
3513	Before Paris	Tom Misch	Geography	INDIFFERENT	2:30	5AEqDnKDQ6U	MPREb_IsxQYkEQWGR	UCCCWJwLEvpPAs4r_nJiKe2Q
3514	Lost in Paris (feat. GoldLink)	Tom Misch	Geography	INDIFFERENT	3:15	N-yPHahu304	MPREb_IsxQYkEQWGR	UCCCWJwLEvpPAs4r_nJiKe2Q
3515	South of the River	Tom Misch	Geography	INDIFFERENT	4:30	GjUSuXcYM-k	MPREb_IsxQYkEQWGR	UCCCWJwLEvpPAs4r_nJiKe2Q
3516	Movie	Tom Misch	Geography	INDIFFERENT	5:58	bYCG92Gjwgc	MPREb_IsxQYkEQWGR	UCCCWJwLEvpPAs4r_nJiKe2Q
3517	Tick Tock	Tom Misch	Geography	INDIFFERENT	4:14	I279MWYyJUg	MPREb_IsxQYkEQWGR	UCCCWJwLEvpPAs4r_nJiKe2Q
3518	It Runs Through Me (feat. De La Soul)	Tom Misch	Geography	INDIFFERENT	4:22	aJwkmg3_6Lo	MPREb_IsxQYkEQWGR	UCCCWJwLEvpPAs4r_nJiKe2Q
3519	Isn't She Lovely	Tom Misch	Geography	INDIFFERENT	1:27	r2vzKJLOwQ4	MPREb_IsxQYkEQWGR	UCCCWJwLEvpPAs4r_nJiKe2Q
3521	Man Like You	Tom Misch	Geography	INDIFFERENT	4:42	AbZ3qRpu0sA	MPREb_IsxQYkEQWGR	UCCCWJwLEvpPAs4r_nJiKe2Q
3522	Water Baby (feat. Loyle Carner)	Tom Misch	Geography	INDIFFERENT	4:32	s6MJ_iZuZks	MPREb_IsxQYkEQWGR	UCCCWJwLEvpPAs4r_nJiKe2Q
3523	You're On My Mind	Tom Misch	Geography	INDIFFERENT	4:19	lMDceTjOCiU	MPREb_IsxQYkEQWGR	UCCCWJwLEvpPAs4r_nJiKe2Q
3524	Cos I Love You	Tom Misch	Geography	INDIFFERENT	4:14	1HyYOOeLJp0	MPREb_IsxQYkEQWGR	UCCCWJwLEvpPAs4r_nJiKe2Q
3525	We've Come So Far	Tom Misch	Geography	INDIFFERENT	3:54	7auVLmdu9rQ	MPREb_IsxQYkEQWGR	UCCCWJwLEvpPAs4r_nJiKe2Q
3478	Centennial	Tokyo Police Club	Elephant Shell	INDIFFERENT	1:53	FCN4miYxGLg	MPREb_iPifNEgocJj	UCU8u_kwUREE7p7tDBVx6qoQ
3480	Graves	Tokyo Police Club	Elephant Shell	INDIFFERENT	2:35	Op_2yvoePqc	MPREb_iPifNEgocJj	UCU8u_kwUREE7p7tDBVx6qoQ
3481	Juno	Tokyo Police Club	Elephant Shell	INDIFFERENT	2:14	tH0813RmytU	MPREb_iPifNEgocJj	UCU8u_kwUREE7p7tDBVx6qoQ
3483	Sixties Remake	Tokyo Police Club	Elephant Shell	INDIFFERENT	2:05	DBnV5wKmoRo	MPREb_iPifNEgocJj	UCU8u_kwUREE7p7tDBVx6qoQ
3484	The Harrowing Adventures Of…	Tokyo Police Club	Elephant Shell	INDIFFERENT	2:50	fTlpLKAW_7Q	MPREb_iPifNEgocJj	UCU8u_kwUREE7p7tDBVx6qoQ
3485	Nursery Academy	Tokyo Police Club	Elephant Shell	INDIFFERENT	2:26	yRMKDgdLjg4	MPREb_iPifNEgocJj	UCU8u_kwUREE7p7tDBVx6qoQ
3487	Listen To The Math	Tokyo Police Club	Elephant Shell	INDIFFERENT	2:58	YoDJMxwnmfs	MPREb_iPifNEgocJj	UCU8u_kwUREE7p7tDBVx6qoQ
3488	The Baskervilles	Tokyo Police Club	Elephant Shell	INDIFFERENT	2:21	arQYKm5Nd84	MPREb_iPifNEgocJj	UCU8u_kwUREE7p7tDBVx6qoQ
3463	Wanna	Tokyo Hands	Islands	INDIFFERENT	3:30	akSEyoyLgDI	MPREb_N5GfsIiIteX	UCoLU6qfnM8k5NtcIVFDnXnA
3465	Valleys	Tokyo Hands	Islands	INDIFFERENT	4:34	FwYprMI5AM8	MPREb_N5GfsIiIteX	UCoLU6qfnM8k5NtcIVFDnXnA
3424	Intro (It's Album Time)	Todd Terje	It's Album Time	INDIFFERENT	1:41	obv1NdBuNVs	MPREb_sURXIhBIwhl	UC0IiRfiEDA0GLLMufhUUOng
3425	Leisure Suit Preben	Todd Terje	It's Album Time	INDIFFERENT	4:21	YjuUOhTpcaQ	MPREb_sURXIhBIwhl	UC0IiRfiEDA0GLLMufhUUOng
3426	Preben Goes to Acapulco	Todd Terje	It's Album Time	INDIFFERENT	4:36	8pifexlh5nM	MPREb_sURXIhBIwhl	UC0IiRfiEDA0GLLMufhUUOng
3427	Svensk Sås	Todd Terje	It's Album Time	INDIFFERENT	2:44	8-4QCz12U-s	MPREb_sURXIhBIwhl	UC0IiRfiEDA0GLLMufhUUOng
3428	Strandbar	Todd Terje	It's Album Time	INDIFFERENT	4:29	cZVd-nD89YA	MPREb_sURXIhBIwhl	UC0IiRfiEDA0GLLMufhUUOng
3429	Delorean Dynamite	Todd Terje	It's Album Time	INDIFFERENT	6:46	KLyNVBSsWq8	MPREb_sURXIhBIwhl	UC0IiRfiEDA0GLLMufhUUOng
3430	Johnny and Mary (feat. Bryan Ferry)	Todd Terje	It's Album Time	INDIFFERENT	6:33	nlDGUnZTows	MPREb_sURXIhBIwhl	UC0IiRfiEDA0GLLMufhUUOng
3431	Alfonso Muskedunder	Todd Terje	It's Album Time	INDIFFERENT	3:25	1LzTK7FAoH4	MPREb_sURXIhBIwhl	UC0IiRfiEDA0GLLMufhUUOng
3432	Swing Star, Pt. 1	Todd Terje	It's Album Time	INDIFFERENT	4:19	UUXlVpidxvA	MPREb_sURXIhBIwhl	UC0IiRfiEDA0GLLMufhUUOng
3433	Swing Star, Pt. 2	Todd Terje	It's Album Time	INDIFFERENT	6:18	5OVONFw_Lkk	MPREb_sURXIhBIwhl	UC0IiRfiEDA0GLLMufhUUOng
3434	Oh Joy	Todd Terje	It's Album Time	INDIFFERENT	7:10	DOanXL9-TlM	MPREb_sURXIhBIwhl	UC0IiRfiEDA0GLLMufhUUOng
3435	Inspector Norse	Todd Terje	It's Album Time	INDIFFERENT	7:00	VfvKT8bVJGM	MPREb_sURXIhBIwhl	UC0IiRfiEDA0GLLMufhUUOng
3438	Swing Star, Pt. 1	Todd Terje	It's Album Time	INDIFFERENT	4:19	UUXlVpidxvA	MPREb_sURXIhBIwhl	UC0IiRfiEDA0GLLMufhUUOng
3401	Wolfman Jack	Todd Rundgren	Something / Anything?	INDIFFERENT	2:56	1TBGAe1G_fU	MPREb_nledYPFK91n	UCib5cKFdDMXgDJ-B8PoT6rQ
3402	Cold Morning Light	Todd Rundgren	Something / Anything?	INDIFFERENT	3:35	IAyBiK-7DXE	MPREb_nledYPFK91n	UCib5cKFdDMXgDJ-B8PoT6rQ
3403	It Takes Two to Tango (This Is for the Girls)	Todd Rundgren	Something / Anything?	INDIFFERENT	2:42	jhjVUYs7pq8	MPREb_nledYPFK91n	UCib5cKFdDMXgDJ-B8PoT6rQ
3404	Sweeter Memories	Todd Rundgren	Something / Anything?	INDIFFERENT	3:34	rtfwXFdEnhc	MPREb_nledYPFK91n	UCib5cKFdDMXgDJ-B8PoT6rQ
3405	Intro	Todd Rundgren	Something / Anything?	INDIFFERENT	1:12	UoKSWejUJlA	MPREb_nledYPFK91n	UCib5cKFdDMXgDJ-B8PoT6rQ
3406	Breathless (Instrumental)	Todd Rundgren	Something / Anything?	INDIFFERENT	3:16	2uvbsz7o1H8	MPREb_nledYPFK91n	UCib5cKFdDMXgDJ-B8PoT6rQ
3407	The Night the Carousel Burned Down	Todd Rundgren	Something / Anything?	INDIFFERENT	4:29	6nFgfzTXlEw	MPREb_nledYPFK91n	UCib5cKFdDMXgDJ-B8PoT6rQ
3408	Saving Grace	Todd Rundgren	Something / Anything?	INDIFFERENT	4:13	Je2kBQYQi9g	MPREb_nledYPFK91n	UCib5cKFdDMXgDJ-B8PoT6rQ
3409	Marlene	Todd Rundgren	Something / Anything?	INDIFFERENT	3:55	uU8F10MnFiM	MPREb_nledYPFK91n	UCib5cKFdDMXgDJ-B8PoT6rQ
3410	Song of the Viking	Todd Rundgren	Something / Anything?	INDIFFERENT	2:32	7U6X8VKNM7M	MPREb_nledYPFK91n	UCib5cKFdDMXgDJ-B8PoT6rQ
3411	I Went to the Mirror	Todd Rundgren	Something / Anything?	INDIFFERENT	4:05	uRZCYcXJ6dE	MPREb_nledYPFK91n	UCib5cKFdDMXgDJ-B8PoT6rQ
3412	Black Maria	Todd Rundgren	Something / Anything?	INDIFFERENT	5:21	wXa87ITX9lw	MPREb_nledYPFK91n	UCib5cKFdDMXgDJ-B8PoT6rQ
3413	One More Day (No Word)	Todd Rundgren	Something / Anything?	INDIFFERENT	3:43	O8XJaotpknA	MPREb_nledYPFK91n	UCib5cKFdDMXgDJ-B8PoT6rQ
3414	Couldn't I Just Tell You	Todd Rundgren	Something / Anything?	INDIFFERENT	3:35	uteaegDcRGU	MPREb_nledYPFK91n	UCib5cKFdDMXgDJ-B8PoT6rQ
3415	Torch Song	Todd Rundgren	Something / Anything?	INDIFFERENT	2:54	lKv3Mq5pHhM	MPREb_nledYPFK91n	UCib5cKFdDMXgDJ-B8PoT6rQ
3416	Little Red Lights	Todd Rundgren	Something / Anything?	INDIFFERENT	4:50	tcgDNk0Mkwg	MPREb_nledYPFK91n	UCib5cKFdDMXgDJ-B8PoT6rQ
3417	Overture - My Roots: Money (That's What I Want) / Messin' with the Kid	Todd Rundgren	Something / Anything?	INDIFFERENT	2:29	SJs_acc7Nhk	MPREb_nledYPFK91n	UCib5cKFdDMXgDJ-B8PoT6rQ
3418	Dust in the Wind	Todd Rundgren	Something / Anything?	INDIFFERENT	3:50	X--uqxfq-vU	MPREb_nledYPFK91n	UCib5cKFdDMXgDJ-B8PoT6rQ
3419	Piss Aaron	Todd Rundgren	Something / Anything?	INDIFFERENT	3:27	rUwpp5-wSBQ	MPREb_nledYPFK91n	UCib5cKFdDMXgDJ-B8PoT6rQ
3421	Some Folks Is Even Whiter Than Me	Todd Rundgren	Something / Anything?	INDIFFERENT	4:01	Sg5yOOogI0Q	MPREb_nledYPFK91n	UCib5cKFdDMXgDJ-B8PoT6rQ
3422	You Left Me Sore	Todd Rundgren	Something / Anything?	INDIFFERENT	3:14	F0ixI_sh1GU	MPREb_nledYPFK91n	UCib5cKFdDMXgDJ-B8PoT6rQ
3423	Slut	Todd Rundgren	Something / Anything?	INDIFFERENT	4:05	ckm8uHV4Lpg	MPREb_nledYPFK91n	UCib5cKFdDMXgDJ-B8PoT6rQ
3388	How Could You Babe	Tobias Jesso Jr.	Goon	INDIFFERENT	3:52	o9LJAswXSO4	MPREb_O0euvO0PeFz	UCRdPQhscm-0mnq6gJbK3zpg
3390	Can We Still Be Friends	Tobias Jesso Jr.	Goon	INDIFFERENT	3:23	V5xHaNW_DAQ	MPREb_O0euvO0PeFz	UCRdPQhscm-0mnq6gJbK3zpg
3391	The Wait	Tobias Jesso Jr.	Goon	INDIFFERENT	2:14	fbTcx0puasc	MPREb_O0euvO0PeFz	UCRdPQhscm-0mnq6gJbK3zpg
3392	Hollywood	Tobias Jesso Jr.	Goon	INDIFFERENT	6:08	WebKVDA-RYo	MPREb_O0euvO0PeFz	UCRdPQhscm-0mnq6gJbK3zpg
3395	Bad Words	Tobias Jesso Jr.	Goon	INDIFFERENT	4:28	ck0nthkUdCo	MPREb_O0euvO0PeFz	UCRdPQhscm-0mnq6gJbK3zpg
3396	Just A Dream	Tobias Jesso Jr.	Goon	INDIFFERENT	4:45	af8IytlboRg	MPREb_O0euvO0PeFz	UCRdPQhscm-0mnq6gJbK3zpg
3397	Leaving LA	Tobias Jesso Jr.	Goon	INDIFFERENT	4:24	pVGA7_ldZTk	MPREb_O0euvO0PeFz	UCRdPQhscm-0mnq6gJbK3zpg
3398	Tell The Truth	Tobias Jesso Jr.	Goon	INDIFFERENT	2:47	sjIZNBwB_5g	MPREb_O0euvO0PeFz	UCRdPQhscm-0mnq6gJbK3zpg
3317	Mexican Hairless	Toadies	Rubberneck	INDIFFERENT	1:48	N_L8aezOWeE	MPREb_Cz3sIsiDAyf	UCIm5pgtqD7m5gmwvuuklvdA
3318	Mister Love	Toadies	Rubberneck	INDIFFERENT	2:51	T10fdwYNDVk	MPREb_Cz3sIsiDAyf	UCIm5pgtqD7m5gmwvuuklvdA
3319	Backslider	Toadies	Rubberneck	INDIFFERENT	2:30	R5lM-cz-C_8	MPREb_Cz3sIsiDAyf	UCIm5pgtqD7m5gmwvuuklvdA
3321	Quitter	Toadies	Rubberneck	INDIFFERENT	3:33	-qO9VKBiwnE	MPREb_Cz3sIsiDAyf	UCIm5pgtqD7m5gmwvuuklvdA
3322	Away	Toadies	Rubberneck	INDIFFERENT	4:34	kW_hm25J8qo	MPREb_Cz3sIsiDAyf	UCIm5pgtqD7m5gmwvuuklvdA
3323	I Come From The Water	Toadies	Rubberneck	INDIFFERENT	2:46	6vlBd4AqbcI	MPREb_Cz3sIsiDAyf	UCIm5pgtqD7m5gmwvuuklvdA
3325	Happyface	Toadies	Rubberneck	INDIFFERENT	2:58	JzQAtPBzpA4	MPREb_Cz3sIsiDAyf	UCIm5pgtqD7m5gmwvuuklvdA
3326	Velvet	Toadies	Rubberneck	INDIFFERENT	2:30	EzSaESXR30o	MPREb_Cz3sIsiDAyf	UCIm5pgtqD7m5gmwvuuklvdA
3327	I Burn	Toadies	Rubberneck	INDIFFERENT	3:34	XYpGVnpujOQ	MPREb_Cz3sIsiDAyf	UCIm5pgtqD7m5gmwvuuklvdA
3114	Kaleidoscope (feat. Jónsi)	Tiësto	Kaleidoscope	INDIFFERENT	7:37	riTPt4xdW2s	MPREb_6vEKQojw3WW	UC8VSaPhuiHkjobAgNpRqLIA
3116	You Are My Diamond (feat. Kianna)	Tiësto	Kaleidoscope	INDIFFERENT	4:11	86pJK5wITZQ	MPREb_6vEKQojw3WW	UC8VSaPhuiHkjobAgNpRqLIA
3117	I Will Be Here (feat. Sneaky Sound System)	Tiësto	Kaleidoscope	INDIFFERENT	3:27	jp_OePAA0JQ	MPREb_6vEKQojw3WW	UC8VSaPhuiHkjobAgNpRqLIA
3118	I Am Strong (feat. Priscilla Ahn)	Tiësto	Kaleidoscope	INDIFFERENT	5:40	ES_uUNqiPig	MPREb_6vEKQojw3WW	UC8VSaPhuiHkjobAgNpRqLIA
3121	It's Not the Things You Say (feat. Kele Okereke)	Tiësto	Kaleidoscope	INDIFFERENT	3:15	a_coc6gN5y8	MPREb_6vEKQojw3WW	UC8VSaPhuiHkjobAgNpRqLIA
3123	Century (feat. Calvin Harris)	Tiësto	Kaleidoscope	INDIFFERENT	4:43	DiAhxIc9yWw	MPREb_6vEKQojw3WW	UC8VSaPhuiHkjobAgNpRqLIA
3124	Feel It In My Bones (feat. Tegan & Sara, Tegan & Sara)	Tiësto	Kaleidoscope	INDIFFERENT	4:53	1Pm2RZABmzw	MPREb_6vEKQojw3WW	UC8VSaPhuiHkjobAgNpRqLIA
3125	Who Wants To Be Alone (feat. Nelly Furtado)	Tiësto	Kaleidoscope	INDIFFERENT	4:37	q42X5oCeG2M	MPREb_6vEKQojw3WW	UC8VSaPhuiHkjobAgNpRqLIA
3128	Knock You Out (feat. Emily Haines)	Tiësto	Kaleidoscope	INDIFFERENT	5:07	6vH9LYgBPBw	MPREb_6vEKQojw3WW	UC8VSaPhuiHkjobAgNpRqLIA
3130	Surrounded By Light	Tiësto	Kaleidoscope	INDIFFERENT	2:40	JxiJdggYYWc	MPREb_6vEKQojw3WW	UC8VSaPhuiHkjobAgNpRqLIA
3304	Holding On	Tirzah	Devotion	INDIFFERENT	3:20	zexqEPvCZk8	MPREb_uzUdf71X3ll	UCnqWaVNNo1J_I6QoIPvlz2w
3307	Guilty	Tirzah	Devotion	INDIFFERENT	2:55	PIvtOQ8Tgyo	MPREb_uzUdf71X3ll	UCnqWaVNNo1J_I6QoIPvlz2w
3310	Say When	Tirzah	Devotion	INDIFFERENT	4:08	-UWtBQgqR6o	MPREb_uzUdf71X3ll	UCnqWaVNNo1J_I6QoIPvlz2w
3311	Reach Hi	Tirzah	Devotion	INDIFFERENT	3:52	IS_3HSHKgeU	MPREb_uzUdf71X3ll	UCnqWaVNNo1J_I6QoIPvlz2w
3275	Obelisk	Timber Timbre	Creep On Creepin' On	INDIFFERENT	1:54	9zkye8tBytI	MPREb_F4qGxAP1kH1	UC5VCJhyZM1tVz7IC2Uzdg8w
3278	Swamp Magic	Timber Timbre	Creep On Creepin' On	INDIFFERENT	3:02	DSIKlS8aRAw	MPREb_F4qGxAP1kH1	UC5VCJhyZM1tVz7IC2Uzdg8w
3281	Lonesome Hunter	Timber Timbre	Creep On Creepin' On	INDIFFERENT	4:43	WOyNWEt5B4s	MPREb_F4qGxAP1kH1	UC5VCJhyZM1tVz7IC2Uzdg8w
3283	Souvenirs	Timber Timbre	Creep On Creepin' On	INDIFFERENT	3:34	Cte2wPqx23M	MPREb_F4qGxAP1kH1	UC5VCJhyZM1tVz7IC2Uzdg8w
3284	Velvet Gloves & Spit	Timber Timbre	Sincerely, Future Pollution	INDIFFERENT	4:34	IToXXyDMikw	MPREb_3bGevhxMUKB	UC5VCJhyZM1tVz7IC2Uzdg8w
3285	Grifting	Timber Timbre	Sincerely, Future Pollution	INDIFFERENT	4:21	0V3RMbJxI_0	MPREb_3bGevhxMUKB	UC5VCJhyZM1tVz7IC2Uzdg8w
3290	Sincerely, Future Pollution	Timber Timbre	Sincerely, Future Pollution	INDIFFERENT	4:01	mD0xS7M2Xkc	MPREb_3bGevhxMUKB	UC5VCJhyZM1tVz7IC2Uzdg8w
3292	Floating Cathedral	Timber Timbre	Sincerely, Future Pollution	INDIFFERENT	4:45	iehI2DnR0R4	MPREb_3bGevhxMUKB	UC5VCJhyZM1tVz7IC2Uzdg8w
3136	Time Travel	Tim and Eric	Awesome Record, Great Songs	INDIFFERENT	0:52	DdGENXKcsUw	MPREb_8WevloNNv2X	UCq5GrDlRfoWB_Y7RmtoK66w
3143	Hamburgers and Hot Dogs	Tim and Eric	Awesome Record, Great Songs	INDIFFERENT	0:57	oqccEwMsFWo	MPREb_8WevloNNv2X	UCq5GrDlRfoWB_Y7RmtoK66w
3152	Horse and Buggy Ride	Tim and Eric	Awesome Record, Great Songs	INDIFFERENT	0:57	xmm07r6QDUs	MPREb_8WevloNNv2X	UCq5GrDlRfoWB_Y7RmtoK66w
3157	No Sunsets	Tim and Eric	Awesome Record, Great Songs	INDIFFERENT	1:33	ufkyJcGSAK0	MPREb_8WevloNNv2X	UCq5GrDlRfoWB_Y7RmtoK66w
3161	Casey's Lost	Tim and Eric	Awesome Record, Great Songs	INDIFFERENT	0:44	mHP5ijELmLI	MPREb_8WevloNNv2X	UCq5GrDlRfoWB_Y7RmtoK66w
3259	Que Beleza	Tim Maia	World Psychedelic Classics 4: Nobody Can Live Forever: The Existential Soul of Tim Maia	INDIFFERENT	3:29	xAn-oktgKSQ	MPREb_XUigxv9WBl7	UCQm7LSEuBoLHVIjWnDctW2Q
3260	Let's Have a Ball Tonight	Tim Maia	World Psychedelic Classics 4: Nobody Can Live Forever: The Existential Soul of Tim Maia	INDIFFERENT	5:12	vSYWKd1OL80	MPREb_XUigxv9WBl7	UCQm7LSEuBoLHVIjWnDctW2Q
3261	O Caminho Do Bem	Tim Maia	World Psychedelic Classics 4: Nobody Can Live Forever: The Existential Soul of Tim Maia	INDIFFERENT	6:07	dkV_VpcAL7Y	MPREb_XUigxv9WBl7	UCQm7LSEuBoLHVIjWnDctW2Q
3262	Ela Partiu	Tim Maia	World Psychedelic Classics 4: Nobody Can Live Forever: The Existential Soul of Tim Maia	INDIFFERENT	4:16	swAnfaGcnyE	MPREb_XUigxv9WBl7	UCQm7LSEuBoLHVIjWnDctW2Q
3263	Quer Queira, Quer Não Queira	Tim Maia	World Psychedelic Classics 4: Nobody Can Live Forever: The Existential Soul of Tim Maia	INDIFFERENT	4:51	NPzlzdsVWgA	MPREb_XUigxv9WBl7	UCQm7LSEuBoLHVIjWnDctW2Q
3266	Nobody Can Live Forever	Tim Maia	World Psychedelic Classics 4: Nobody Can Live Forever: The Existential Soul of Tim Maia	INDIFFERENT	2:53	fgLYx1-cmfg	MPREb_XUigxv9WBl7	UCQm7LSEuBoLHVIjWnDctW2Q
3268	Bom Senso	Tim Maia	World Psychedelic Classics 4: Nobody Can Live Forever: The Existential Soul of Tim Maia	INDIFFERENT	5:08	DMHZT82MhIU	MPREb_XUigxv9WBl7	UCQm7LSEuBoLHVIjWnDctW2Q
3271	The Dance is Over	Tim Maia	World Psychedelic Classics 4: Nobody Can Live Forever: The Existential Soul of Tim Maia	INDIFFERENT	2:32	ggr9Jd4iDSY	MPREb_XUigxv9WBl7	UCQm7LSEuBoLHVIjWnDctW2Q
3272	You Don't Know What I Know	Tim Maia	World Psychedelic Classics 4: Nobody Can Live Forever: The Existential Soul of Tim Maia	INDIFFERENT	0:34	dJ07Xdoy3t0	MPREb_XUigxv9WBl7	UCQm7LSEuBoLHVIjWnDctW2Q
3273	Rational Culture	Tim Maia	World Psychedelic Classics 4: Nobody Can Live Forever: The Existential Soul of Tim Maia	INDIFFERENT	12:20	wZATDNo0Xfw	MPREb_XUigxv9WBl7	UCQm7LSEuBoLHVIjWnDctW2Q
3193	Intrusions	Tim Hecker & Daniel Lopatin	Instrumental Tourist	INDIFFERENT	4:52	L9pxmf5FQzc	MPREb_jCPUwM74wr6	UC-PVsgu8UpfcER8RfJqUgyQ
3195	GRM Blue I	Tim Hecker & Daniel Lopatin	Instrumental Tourist	INDIFFERENT	0:50	K-Gvr4OGD-U	MPREb_jCPUwM74wr6	UC-PVsgu8UpfcER8RfJqUgyQ
3196	GRM Blue II	Tim Hecker & Daniel Lopatin	Instrumental Tourist	INDIFFERENT	5:48	0xApCERTT9Y	MPREb_jCPUwM74wr6	UC-PVsgu8UpfcER8RfJqUgyQ
3197	Racist Drone	Tim Hecker & Daniel Lopatin	Instrumental Tourist	INDIFFERENT	5:39	cY4Ipr6U3N0	MPREb_jCPUwM74wr6	UC-PVsgu8UpfcER8RfJqUgyQ
3199	Instrumental Tourist	Tim Hecker & Daniel Lopatin	Instrumental Tourist	INDIFFERENT	3:19	mdIQ0bMCGLU	MPREb_jCPUwM74wr6	UC-PVsgu8UpfcER8RfJqUgyQ
3200	Ritual For Consumption	Tim Hecker & Daniel Lopatin	Instrumental Tourist	INDIFFERENT	4:44	uqoxk1kfJPI	MPREb_jCPUwM74wr6	UC-PVsgu8UpfcER8RfJqUgyQ
3203	Stags, Aircraft, Kings and Secrataries	Tim Hecker	Harmony in Ultraviolet	INDIFFERENT	4:30	X58ddeO4yH0	MPREb_3l6J4xrXgiY	UC-PVsgu8UpfcER8RfJqUgyQ
3204	Palimpsest I	Tim Hecker	Harmony in Ultraviolet	INDIFFERENT	0:35	Zh0V-vlqGcs	MPREb_3l6J4xrXgiY	UC-PVsgu8UpfcER8RfJqUgyQ
3207	Palimpsest II	Tim Hecker	Harmony in Ultraviolet	INDIFFERENT	0:38	YJRqkOsrgk4	MPREb_3l6J4xrXgiY	UC-PVsgu8UpfcER8RfJqUgyQ
3208	Spring Heeled Jack Flies Tonight	Tim Hecker	Harmony in Ultraviolet	INDIFFERENT	3:11	3UBLBXlULdA	MPREb_3l6J4xrXgiY	UC-PVsgu8UpfcER8RfJqUgyQ
3210	Harmony in Blue II	Tim Hecker	Harmony in Ultraviolet	INDIFFERENT	1:52	c_ooCIeUBx8	MPREb_3l6J4xrXgiY	UC-PVsgu8UpfcER8RfJqUgyQ
3211	Harmony in Blue III	Tim Hecker	Harmony in Ultraviolet	INDIFFERENT	2:41	25dpAKRbx2w	MPREb_3l6J4xrXgiY	UC-PVsgu8UpfcER8RfJqUgyQ
3212	Harmony in Blue IV	Tim Hecker	Harmony in Ultraviolet	INDIFFERENT	2:02	y6f-JxA6mHU	MPREb_3l6J4xrXgiY	UC-PVsgu8UpfcER8RfJqUgyQ
3213	Radio Spiricom	Tim Hecker	Harmony in Ultraviolet	INDIFFERENT	4:52	ybIq8-z8Yt4	MPREb_3l6J4xrXgiY	UC-PVsgu8UpfcER8RfJqUgyQ
3218	In Death Valley	Tim Hecker	Konoyo	INDIFFERENT	5:36	JAmjpJ0C6RU	MPREb_rfADRr3ZpCV	UC-PVsgu8UpfcER8RfJqUgyQ
3220	Keyed out	Tim Hecker	Konoyo	INDIFFERENT	9:45	aB0yWfXneXc	MPREb_rfADRr3ZpCV	UC-PVsgu8UpfcER8RfJqUgyQ
3222	A sodium codec haze	Tim Hecker	Konoyo	INDIFFERENT	5:46	UYdF_RSEyZU	MPREb_rfADRr3ZpCV	UC-PVsgu8UpfcER8RfJqUgyQ
3223	Across to Anoyo	Tim Hecker	Konoyo	INDIFFERENT	15:25	7eWx61P6iXg	MPREb_rfADRr3ZpCV	UC-PVsgu8UpfcER8RfJqUgyQ
3236	In the Fog I	Tim Hecker	Ravedeath, 1972	INDIFFERENT	4:52	ShW8YyueC1s	MPREb_Q7CLfss7WZv	UC-PVsgu8UpfcER8RfJqUgyQ
3237	In the Fog II	Tim Hecker	Ravedeath, 1972	INDIFFERENT	6:01	wMDO-bCVkJg	MPREb_Q7CLfss7WZv	UC-PVsgu8UpfcER8RfJqUgyQ
3238	In the Fog III	Tim Hecker	Ravedeath, 1972	INDIFFERENT	5:00	9ykbu3tCqfU	MPREb_Q7CLfss7WZv	UC-PVsgu8UpfcER8RfJqUgyQ
3239	No Drums	Tim Hecker	Ravedeath, 1972	INDIFFERENT	3:24	qdmbbiMRe48	MPREb_Q7CLfss7WZv	UC-PVsgu8UpfcER8RfJqUgyQ
3242	Analog Paralysis, 1978	Tim Hecker	Ravedeath, 1972	INDIFFERENT	3:51	lVf6Ytnau-U	MPREb_Q7CLfss7WZv	UC-PVsgu8UpfcER8RfJqUgyQ
3245	In the Air II	Tim Hecker	Ravedeath, 1972	INDIFFERENT	4:07	ptL_WHnMCvE	MPREb_Q7CLfss7WZv	UC-PVsgu8UpfcER8RfJqUgyQ
3248	Virginal I	Tim Hecker	Virgins	INDIFFERENT	6:16	5dc3GYVq984	MPREb_oyRLsHL1WKd	UC-PVsgu8UpfcER8RfJqUgyQ
3250	Live Room	Tim Hecker	Virgins	INDIFFERENT	7:01	tqIfu8OzVvc	MPREb_oyRLsHL1WKd	UC-PVsgu8UpfcER8RfJqUgyQ
3252	Virginal II	Tim Hecker	Virgins	INDIFFERENT	5:23	NWg73PyFCd4	MPREb_oyRLsHL1WKd	UC-PVsgu8UpfcER8RfJqUgyQ
3254	Incense at Abu Ghraib	Tim Hecker	Virgins	INDIFFERENT	1:53	0K5x9sChRgA	MPREb_oyRLsHL1WKd	UC-PVsgu8UpfcER8RfJqUgyQ
3255	Amps, Drugs, Harmonium	Tim Hecker	Virgins	INDIFFERENT	3:03	9uWCsw-JTsY	MPREb_oyRLsHL1WKd	UC-PVsgu8UpfcER8RfJqUgyQ
3256	Stigmata I	Tim Hecker	Virgins	INDIFFERENT	2:18	FioQL-lN4rk	MPREb_oyRLsHL1WKd	UC-PVsgu8UpfcER8RfJqUgyQ
3257	Stigmata II	Tim Hecker	Virgins	INDIFFERENT	3:56	AVC4cQOQhBg	MPREb_oyRLsHL1WKd	UC-PVsgu8UpfcER8RfJqUgyQ
3258	Stab Variation	Tim Hecker	Virgins	INDIFFERENT	6:32	W7CsEl_zY7g	MPREb_oyRLsHL1WKd	UC-PVsgu8UpfcER8RfJqUgyQ
3181	Carnival Song	Tim Buckley	Goodbye And Hello	INDIFFERENT	3:12	b_IYIkxTORk	MPREb_lgX4UwZSvTg	UCaqYTSv6yh0neSRnvz7nH7w
3182	Pleasant Street	Tim Buckley	Goodbye And Hello	INDIFFERENT	5:17	ydW0PEeybJ8	MPREb_lgX4UwZSvTg	UCaqYTSv6yh0neSRnvz7nH7w
3183	Hallucinations	Tim Buckley	Goodbye And Hello	INDIFFERENT	4:55	zMOqC6wRz50	MPREb_lgX4UwZSvTg	UCaqYTSv6yh0neSRnvz7nH7w
3185	Once I Was	Tim Buckley	Goodbye And Hello	INDIFFERENT	3:23	5v2ZDc5DZLY	MPREb_lgX4UwZSvTg	UCaqYTSv6yh0neSRnvz7nH7w
3186	Phantasmagoria in Two	Tim Buckley	Goodbye And Hello	INDIFFERENT	3:28	OO8862McM00	MPREb_lgX4UwZSvTg	UCaqYTSv6yh0neSRnvz7nH7w
3187	Knight-Errant	Tim Buckley	Goodbye And Hello	INDIFFERENT	1:59	hFWRBM4VfXM	MPREb_lgX4UwZSvTg	UCaqYTSv6yh0neSRnvz7nH7w
3189	Morning Glory	Tim Buckley	Goodbye And Hello	INDIFFERENT	2:51	yDDqStAq_3o	MPREb_lgX4UwZSvTg	UCaqYTSv6yh0neSRnvz7nH7w
3131	Sports!	Tim And Eric	Awesome Record, Great Songs	INDIFFERENT	1:21	S9anN-X1E9E	MPREb_8WevloNNv2X	UCq5GrDlRfoWB_Y7RmtoK66w
3132	I Sit Down When I Pee	Tim And Eric	Awesome Record, Great Songs	INDIFFERENT	1:01	boHyZgkHCNE	MPREb_8WevloNNv2X	UCq5GrDlRfoWB_Y7RmtoK66w
3133	Doo Dah Doo Doo	Tim And Eric	Awesome Record, Great Songs	INDIFFERENT	2:05	bHFuvFdmfR8	MPREb_8WevloNNv2X	UCq5GrDlRfoWB_Y7RmtoK66w
3134	Beaver Boys	Tim And Eric	Awesome Record, Great Songs	INDIFFERENT	1:30	maCQTuMJRzw	MPREb_8WevloNNv2X	UCq5GrDlRfoWB_Y7RmtoK66w
3135	Salame	Tim And Eric	Awesome Record, Great Songs	INDIFFERENT	2:35	J2ETp6ov7fc	MPREb_8WevloNNv2X	UCq5GrDlRfoWB_Y7RmtoK66w
3137	Rolo Tony	Tim And Eric	Awesome Record, Great Songs	INDIFFERENT	0:45	yM99CG7HlYU	MPREb_8WevloNNv2X	UCq5GrDlRfoWB_Y7RmtoK66w
3138	Poke On	Tim And Eric	Awesome Record, Great Songs	INDIFFERENT	1:24	kPLviW5C5yc	MPREb_8WevloNNv2X	UCq5GrDlRfoWB_Y7RmtoK66w
3139	Petite Feet	Tim And Eric	Awesome Record, Great Songs	INDIFFERENT	1:17	VzleP_Q-9xk	MPREb_8WevloNNv2X	UCq5GrDlRfoWB_Y7RmtoK66w
3140	Sit On You	Tim And Eric	Awesome Record, Great Songs	INDIFFERENT	0:48	r3d3xkArXGI	MPREb_8WevloNNv2X	UCq5GrDlRfoWB_Y7RmtoK66w
3141	Father And Son	Tim And Eric	Awesome Record, Great Songs	INDIFFERENT	1:23	xo-UgZrpeVo	MPREb_8WevloNNv2X	UCq5GrDlRfoWB_Y7RmtoK66w
3142	My Sister's Cute	Tim And Eric	Awesome Record, Great Songs	INDIFFERENT	0:46	MDb5muo-v1A	MPREb_8WevloNNv2X	UCq5GrDlRfoWB_Y7RmtoK66w
3144	Pumpers Tumblers	Tim And Eric	Awesome Record, Great Songs	INDIFFERENT	1:23	6bGS4kihFso	MPREb_8WevloNNv2X	UCq5GrDlRfoWB_Y7RmtoK66w
3145	Pizza Boy (feat. David Cross)	Tim And Eric	Awesome Record, Great Songs	INDIFFERENT	0:42	T6naN-m8740	MPREb_8WevloNNv2X	UCq5GrDlRfoWB_Y7RmtoK66w
3146	Come Over	Tim And Eric	Awesome Record, Great Songs	INDIFFERENT	2:56	oR1_ZxZzWZg	MPREb_8WevloNNv2X	UCq5GrDlRfoWB_Y7RmtoK66w
3147	The New You (feat. Maria Bamford)	Tim And Eric	Awesome Record, Great Songs	INDIFFERENT	0:43	yCLtskokLPA	MPREb_8WevloNNv2X	UCq5GrDlRfoWB_Y7RmtoK66w
3148	Hearts (feat. Aimee Mann)	Tim And Eric	Awesome Record, Great Songs	INDIFFERENT	1:59	e3LG0hsHC_s	MPREb_8WevloNNv2X	UCq5GrDlRfoWB_Y7RmtoK66w
3149	Beach Blast	Tim And Eric	Awesome Record, Great Songs	INDIFFERENT	0:59	dcv7zEm4MlM	MPREb_8WevloNNv2X	UCq5GrDlRfoWB_Y7RmtoK66w
3150	Stay In School	Tim And Eric	Awesome Record, Great Songs	INDIFFERENT	1:53	nbUq9Ilo94M	MPREb_8WevloNNv2X	UCq5GrDlRfoWB_Y7RmtoK66w
3151	Dirty Socks	Tim And Eric	Awesome Record, Great Songs	INDIFFERENT	1:06	nMuf_oWPEUY	MPREb_8WevloNNv2X	UCq5GrDlRfoWB_Y7RmtoK66w
3153	The Snuggler	Tim And Eric	Awesome Record, Great Songs	INDIFFERENT	1:05	Jn6JKxhSNqg	MPREb_8WevloNNv2X	UCq5GrDlRfoWB_Y7RmtoK66w
3154	All Of My Life	Tim And Eric	Awesome Record, Great Songs	INDIFFERENT	1:21	jxajvRcRCJ4	MPREb_8WevloNNv2X	UCq5GrDlRfoWB_Y7RmtoK66w
3155	Raz	Tim And Eric	Awesome Record, Great Songs	INDIFFERENT	1:12	XfJAiqzzRrM	MPREb_8WevloNNv2X	UCq5GrDlRfoWB_Y7RmtoK66w
3156	Long Legs	Tim And Eric	Awesome Record, Great Songs	INDIFFERENT	1:12	QpZ2NVnTi74	MPREb_8WevloNNv2X	UCq5GrDlRfoWB_Y7RmtoK66w
3158	Shrimp and White Wine	Tim And Eric	Awesome Record, Great Songs	INDIFFERENT	1:27	GYlypcJZaOA	MPREb_8WevloNNv2X	UCq5GrDlRfoWB_Y7RmtoK66w
3159	Marcama	Tim And Eric	Awesome Record, Great Songs	INDIFFERENT	2:05	1zQ3JyQumyY	MPREb_8WevloNNv2X	UCq5GrDlRfoWB_Y7RmtoK66w
3160	Here She Comes (feat. Bob Odenkirk)	Tim And Eric	Awesome Record, Great Songs	INDIFFERENT	1:05	4hcRxd-FvD0	MPREb_8WevloNNv2X	UCq5GrDlRfoWB_Y7RmtoK66w
3162	Lost In The Wheel	Tim And Eric	Awesome Record, Great Songs	INDIFFERENT	2:11	jm4mgu6LXiY	MPREb_8WevloNNv2X	UCq5GrDlRfoWB_Y7RmtoK66w
3163	Love Slaves	Tim And Eric	Awesome Record, Great Songs	INDIFFERENT	1:42	5dD3CNJ1Fzo	MPREb_8WevloNNv2X	UCq5GrDlRfoWB_Y7RmtoK66w
3164	Wipe My Butt	Tim And Eric	Awesome Record, Great Songs	INDIFFERENT	1:14	wPB8l9I9aj4	MPREb_8WevloNNv2X	UCq5GrDlRfoWB_Y7RmtoK66w
3165	Together Forever	Tim And Eric	Awesome Record, Great Songs	INDIFFERENT	1:58	RXclo0-EUo8	MPREb_8WevloNNv2X	UCq5GrDlRfoWB_Y7RmtoK66w
3166	Awesome Show Theme (feat. DJ Douggpound)	Tim And Eric	Awesome Record, Great Songs	INDIFFERENT	3:43	HcnYoJmbVQY	MPREb_8WevloNNv2X	UCq5GrDlRfoWB_Y7RmtoK66w
3167	Wipe My Butt (feat. The Shins)	Tim And Eric	Awesome Record, Great Songs	INDIFFERENT	2:36	2EiqOLDuVyo	MPREb_8WevloNNv2X	UCq5GrDlRfoWB_Y7RmtoK66w
3168	Come Over (feat. Built To Spill)	Tim And Eric	Awesome Record, Great Songs	INDIFFERENT	2:49	mWmhPWcKgNA	MPREb_8WevloNNv2X	UCq5GrDlRfoWB_Y7RmtoK66w
3169	Where's My Chippy (feat. DJ Douggpound)	Tim And Eric	Awesome Record, Great Songs	INDIFFERENT	1:04	HJDLi2dYafk	MPREb_8WevloNNv2X	UCq5GrDlRfoWB_Y7RmtoK66w
3170	One For Pep Pep (Flying Lotus Remix)	Tim And Eric	Awesome Record, Great Songs	INDIFFERENT	3:21	3DEGzv8bE0s	MPREb_8WevloNNv2X	UCq5GrDlRfoWB_Y7RmtoK66w
3171	Sports! (Sports Bar Remix)	Tim And Eric	Awesome Record, Great Songs	INDIFFERENT	2:06	I1zKFcnoIFw	MPREb_8WevloNNv2X	UCq5GrDlRfoWB_Y7RmtoK66w
3172	Sports! (Dance Club Remix)	Tim And Eric	Awesome Record, Great Songs	INDIFFERENT	2:26	YdX1LSxjq5Q	MPREb_8WevloNNv2X	UCq5GrDlRfoWB_Y7RmtoK66w
3173	Come Over (A to Z)	Tim And Eric	Awesome Record, Great Songs	INDIFFERENT	2:34	L0ATSLuyE1s	MPREb_8WevloNNv2X	UCq5GrDlRfoWB_Y7RmtoK66w
3174	Salame Rock	Tim And Eric	Awesome Record, Great Songs	INDIFFERENT	1:05	u7Oc2K80izw	MPREb_8WevloNNv2X	UCq5GrDlRfoWB_Y7RmtoK66w
3175	Snuggler 8 Bit	Tim And Eric	Awesome Record, Great Songs	INDIFFERENT	1:28	Eh19CTIudbs	MPREb_8WevloNNv2X	UCq5GrDlRfoWB_Y7RmtoK66w
3176	Rolo Tony (Uncut)	Tim And Eric	Awesome Record, Great Songs	INDIFFERENT	1:00	45mtJnHxN60	MPREb_8WevloNNv2X	UCq5GrDlRfoWB_Y7RmtoK66w
3177	Cops and Robbers (A to Z)	Tim And Eric	Awesome Record, Great Songs	INDIFFERENT	0:58	I528uCD87yg	MPREb_8WevloNNv2X	UCq5GrDlRfoWB_Y7RmtoK66w
3178	Big Ben 2 (A to Z)	Tim And Eric	Awesome Record, Great Songs	INDIFFERENT	0:50	k6OPsQNFbbs	MPREb_8WevloNNv2X	UCq5GrDlRfoWB_Y7RmtoK66w
3179	Crackers and Snacks	Tim And Eric	Awesome Record, Great Songs	INDIFFERENT	0:19	mRCtaY9RIBw	MPREb_8WevloNNv2X	UCq5GrDlRfoWB_Y7RmtoK66w
3099	Black Nails	Tierra Whack	Whack World	INDIFFERENT	0:59	sdUxmym76Ug	MPREb_CwLayEVsxZT	UC9B1UuLCIbq2XyA2F6-cCnA
3100	Bugs Life	Tierra Whack	Whack World	INDIFFERENT	0:59	EeunZ1OsS7A	MPREb_CwLayEVsxZT	UC9B1UuLCIbq2XyA2F6-cCnA
3101	Flea Market	Tierra Whack	Whack World	INDIFFERENT	1:00	RNNxVnOY2Hk	MPREb_CwLayEVsxZT	UC9B1UuLCIbq2XyA2F6-cCnA
3102	Cable Guy	Tierra Whack	Whack World	INDIFFERENT	1:00	kzmhRERDXro	MPREb_CwLayEVsxZT	UC9B1UuLCIbq2XyA2F6-cCnA
3103	4 Wings	Tierra Whack	Whack World	INDIFFERENT	1:00	i_zoYzag6dw	MPREb_CwLayEVsxZT	UC9B1UuLCIbq2XyA2F6-cCnA
3105	Hungry Hippo	Tierra Whack	Whack World	INDIFFERENT	1:00	BVdSAhRsVQU	MPREb_CwLayEVsxZT	UC9B1UuLCIbq2XyA2F6-cCnA
3106	Pet Cemetery	Tierra Whack	Whack World	INDIFFERENT	1:00	R0IlTFyDtu0	MPREb_CwLayEVsxZT	UC9B1UuLCIbq2XyA2F6-cCnA
3107	Fuck Off	Tierra Whack	Whack World	INDIFFERENT	1:00	1RQJSyehLxM	MPREb_CwLayEVsxZT	UC9B1UuLCIbq2XyA2F6-cCnA
3110	Pretty Ugly	Tierra Whack	Whack World	INDIFFERENT	1:00	rRDUyxmx4sM	MPREb_CwLayEVsxZT	UC9B1UuLCIbq2XyA2F6-cCnA
3112	Dr. Seuss	Tierra Whack	Whack World	INDIFFERENT	1:00	lAfpDzEE92o	MPREb_CwLayEVsxZT	UC9B1UuLCIbq2XyA2F6-cCnA
3113	Waze	Tierra Whack	Whack World	INDIFFERENT	1:00	MBj79jEsFyc	MPREb_CwLayEVsxZT	UC9B1UuLCIbq2XyA2F6-cCnA
3038	Tenfold	Thundercat	Apocalypse	INDIFFERENT	3:05	jmRHJ7Q9QKs	MPREb_16SOLOw3Eqy	UCUl7CLMqbyYVb62zJ7nbLfA
3039	The Life Aquatic	Thundercat	Apocalypse	INDIFFERENT	2:37	DBA5-RtOKHw	MPREb_16SOLOw3Eqy	UCUl7CLMqbyYVb62zJ7nbLfA
3040	Special Stage	Thundercat	Apocalypse	INDIFFERENT	2:57	2k4s9rwRDFw	MPREb_16SOLOw3Eqy	UCUl7CLMqbyYVb62zJ7nbLfA
3041	Tron Song	Thundercat	Apocalypse	INDIFFERENT	2:35	BttJ6aaGI2o	MPREb_16SOLOw3Eqy	UCUl7CLMqbyYVb62zJ7nbLfA
3042	Seven	Thundercat	Apocalypse	INDIFFERENT	2:17	b-sQXfLyBJc	MPREb_16SOLOw3Eqy	UCUl7CLMqbyYVb62zJ7nbLfA
3045	Lotus and the Jondy	Thundercat	Apocalypse	INDIFFERENT	4:53	SB_19W5Zghc	MPREb_16SOLOw3Eqy	UCUl7CLMqbyYVb62zJ7nbLfA
3046	Evangelion	Thundercat	Apocalypse	INDIFFERENT	2:21	GgtYpwJT4Cg	MPREb_16SOLOw3Eqy	UCUl7CLMqbyYVb62zJ7nbLfA
3048	A Message for Austin / Praise the Lord / Enter the Void	Thundercat	Apocalypse	INDIFFERENT	6:36	YC9y46cRsR4	MPREb_16SOLOw3Eqy	UCUl7CLMqbyYVb62zJ7nbLfA
3049	Rabbot Ho	Thundercat	Drunk	INDIFFERENT	0:38	4d6yu4cfmA4	MPREb_I94MDPlN4AC	UCUl7CLMqbyYVb62zJ7nbLfA
3050	Captain Stupido	Thundercat	Drunk	INDIFFERENT	1:41	e8TdgBWEOP8	MPREb_I94MDPlN4AC	UCUl7CLMqbyYVb62zJ7nbLfA
3051	Uh Uh	Thundercat	Drunk	INDIFFERENT	2:16	wawFGZQSqYk	MPREb_I94MDPlN4AC	UCUl7CLMqbyYVb62zJ7nbLfA
3052	Bus In These Streets	Thundercat	Drunk	INDIFFERENT	2:24	TQYSTAW_2s4	MPREb_I94MDPlN4AC	UCUl7CLMqbyYVb62zJ7nbLfA
3053	A Fan's Mail (Tron Song Suite II)	Thundercat	Drunk	INDIFFERENT	2:38	WFUEf8MHGnA	MPREb_I94MDPlN4AC	UCUl7CLMqbyYVb62zJ7nbLfA
3054	Lava Lamp	Thundercat	Drunk	INDIFFERENT	2:58	ppHQa2h2qiI	MPREb_I94MDPlN4AC	UCUl7CLMqbyYVb62zJ7nbLfA
3055	Jethro	Thundercat	Drunk	INDIFFERENT	1:34	2WFBM_GFzmk	MPREb_I94MDPlN4AC	UCUl7CLMqbyYVb62zJ7nbLfA
3056	Day & Night	Thundercat	Drunk	INDIFFERENT	0:37	RTCmGcTaLXQ	MPREb_I94MDPlN4AC	UCUl7CLMqbyYVb62zJ7nbLfA
3058	Walk on By (feat. Kendrick Lamar)	Thundercat	Drunk	INDIFFERENT	3:19	sYKcMR1WK6A	MPREb_I94MDPlN4AC	UCUl7CLMqbyYVb62zJ7nbLfA
3059	Blackkk	Thundercat	Drunk	INDIFFERENT	1:59	QWTj8vt4nY0	MPREb_I94MDPlN4AC	UCUl7CLMqbyYVb62zJ7nbLfA
3060	Tokyo	Thundercat	Drunk	INDIFFERENT	2:24	0mZsFNDBay4	MPREb_I94MDPlN4AC	UCUl7CLMqbyYVb62zJ7nbLfA
3061	Jameel's Space Ride	Thundercat	Drunk	INDIFFERENT	1:09	muTL17Eh0Ks	MPREb_I94MDPlN4AC	UCUl7CLMqbyYVb62zJ7nbLfA
3064	Where I'm Going	Thundercat	Drunk	INDIFFERENT	2:09	qpvlWQi1BCs	MPREb_I94MDPlN4AC	UCUl7CLMqbyYVb62zJ7nbLfA
3065	Drink Dat (feat. Wiz Khalifa)	Thundercat	Drunk	INDIFFERENT	3:35	wc2VzRLhklw	MPREb_I94MDPlN4AC	UCUl7CLMqbyYVb62zJ7nbLfA
3066	Inferno	Thundercat	Drunk	INDIFFERENT	4:00	cuJv1v62hx4	MPREb_I94MDPlN4AC	UCUl7CLMqbyYVb62zJ7nbLfA
3067	I am Crazy	Thundercat	Drunk	INDIFFERENT	0:25	WiyfMPajVh8	MPREb_I94MDPlN4AC	UCUl7CLMqbyYVb62zJ7nbLfA
3068	3AM	Thundercat	Drunk	INDIFFERENT	1:15	BqiLD8KCHG0	MPREb_I94MDPlN4AC	UCUl7CLMqbyYVb62zJ7nbLfA
3069	Drunk	Thundercat	Drunk	INDIFFERENT	1:42	2KgrLWvMPI0	MPREb_I94MDPlN4AC	UCUl7CLMqbyYVb62zJ7nbLfA
3070	The Turn Down (feat. Pharrell)	Thundercat	Drunk	INDIFFERENT	2:29	l3w47CT3BRw	MPREb_I94MDPlN4AC	UCUl7CLMqbyYVb62zJ7nbLfA
3071	DUI	Thundercat	Drunk	INDIFFERENT	2:18	O0kS88zAzh8	MPREb_I94MDPlN4AC	UCUl7CLMqbyYVb62zJ7nbLfA
3072	Lost In Space / Great Scott / 22-26	Thundercat	It Is What It Is	INDIFFERENT	1:23	kNlDipE9E14	MPREb_HHmVxwQYip3	UCUl7CLMqbyYVb62zJ7nbLfA
3073	Innerstellar Love	Thundercat	It Is What It Is	INDIFFERENT	2:42	S19y2wksSz8	MPREb_HHmVxwQYip3	UCUl7CLMqbyYVb62zJ7nbLfA
3075	Miguel's Happy Dance	Thundercat	It Is What It Is	INDIFFERENT	2:12	_D_DGhBR7NA	MPREb_HHmVxwQYip3	UCUl7CLMqbyYVb62zJ7nbLfA
3076	How Sway	Thundercat	It Is What It Is	INDIFFERENT	1:15	QwQeEmY1QxI	MPREb_HHmVxwQYip3	UCUl7CLMqbyYVb62zJ7nbLfA
3077	Funny Thing	Thundercat	It Is What It Is	INDIFFERENT	1:57	lSrKfSDwIi0	MPREb_HHmVxwQYip3	UCUl7CLMqbyYVb62zJ7nbLfA
3078	Overseas (feat. Zack Fox)	Thundercat	It Is What It Is	INDIFFERENT	1:29	HE-2bO2I_es	MPREb_HHmVxwQYip3	UCUl7CLMqbyYVb62zJ7nbLfA
3083	Fair Chance (feat. Ty Dolla $ign & Lil B)	Thundercat	It Is What It Is	INDIFFERENT	3:58	NNcud41fIfM	MPREb_HHmVxwQYip3	UCUl7CLMqbyYVb62zJ7nbLfA
3084	Existential Dread	Thundercat	It Is What It Is	INDIFFERENT	0:52	f728T_wocZ8	MPREb_HHmVxwQYip3	UCUl7CLMqbyYVb62zJ7nbLfA
3086	HooooooO	Thundercat	The Golden Age of Apocalypse	INDIFFERENT	0:22	0LHV9oz9M0o	MPREb_9QRJtdnYsPq	UCUl7CLMqbyYVb62zJ7nbLfA
3087	Daylight	Thundercat	The Golden Age of Apocalypse	INDIFFERENT	2:56	rvyZaAaGgr8	MPREb_9QRJtdnYsPq	UCUl7CLMqbyYVb62zJ7nbLfA
3088	Fleer Ultra	Thundercat	The Golden Age of Apocalypse	INDIFFERENT	2:14	jdM1jdLTFEU	MPREb_9QRJtdnYsPq	UCUl7CLMqbyYVb62zJ7nbLfA
3089	Is It Love?	Thundercat	The Golden Age of Apocalypse	INDIFFERENT	5:37	Y7YSYnjb104	MPREb_9QRJtdnYsPq	UCUl7CLMqbyYVb62zJ7nbLfA
3090	For Love (I Come Your Friend)	Thundercat	The Golden Age of Apocalypse	INDIFFERENT	3:35	5t8wGiIcFMA	MPREb_9QRJtdnYsPq	UCUl7CLMqbyYVb62zJ7nbLfA
3092	Jamboree	Thundercat	The Golden Age of Apocalypse	INDIFFERENT	3:45	eU3ntpyDB0E	MPREb_9QRJtdnYsPq	UCUl7CLMqbyYVb62zJ7nbLfA
3093	Boat Cruise	Thundercat	The Golden Age of Apocalypse	INDIFFERENT	3:45	O9k-B_46fMg	MPREb_9QRJtdnYsPq	UCUl7CLMqbyYVb62zJ7nbLfA
3094	Seasons	Thundercat	The Golden Age of Apocalypse	INDIFFERENT	2:18	_0jVG1zcJSo	MPREb_9QRJtdnYsPq	UCUl7CLMqbyYVb62zJ7nbLfA
3095	Goldenboy	Thundercat	The Golden Age of Apocalypse	INDIFFERENT	3:03	HBcN7kONMW8	MPREb_9QRJtdnYsPq	UCUl7CLMqbyYVb62zJ7nbLfA
3097	Mystery Machine (The Golden Age of Apocalypse)	Thundercat	The Golden Age of Apocalypse	INDIFFERENT	2:05	-9DagL4amrY	MPREb_9QRJtdnYsPq	UCUl7CLMqbyYVb62zJ7nbLfA
3098	Return to the Journey	Thundercat	The Golden Age of Apocalypse	INDIFFERENT	2:04	-czZoYtzB9c	MPREb_9QRJtdnYsPq	UCUl7CLMqbyYVb62zJ7nbLfA
3005	20 Jazz Funk Greats	Throbbing Gristle	20 Jazz Funk Greats	INDIFFERENT	2:43	XEusQWIlKao	MPREb_8ISNveXHWbP	UCojhH69QnIGTNUvD9jZkDjg
3007	Still Walking	Throbbing Gristle	20 Jazz Funk Greats	INDIFFERENT	4:48	dISQz-QqNBU	MPREb_8ISNveXHWbP	UCojhH69QnIGTNUvD9jZkDjg
3010	Exotica	Throbbing Gristle	20 Jazz Funk Greats	INDIFFERENT	2:50	5_yrzURrric	MPREb_8ISNveXHWbP	UCojhH69QnIGTNUvD9jZkDjg
3011	Hot On Heels of Love	Throbbing Gristle	20 Jazz Funk Greats	INDIFFERENT	4:20	trEo8O_ZftI	MPREb_8ISNveXHWbP	UCojhH69QnIGTNUvD9jZkDjg
3014	What a Day	Throbbing Gristle	20 Jazz Funk Greats	INDIFFERENT	4:35	j4pt2U5h120	MPREb_8ISNveXHWbP	UCojhH69QnIGTNUvD9jZkDjg
3015	Six Six Sixties	Throbbing Gristle	20 Jazz Funk Greats	INDIFFERENT	2:05	RzcZQ2NZa8w	MPREb_8ISNveXHWbP	UCojhH69QnIGTNUvD9jZkDjg
3016	I.B.M.	Throbbing Gristle	D.O.A. The Third and Final Report of Throbbing Gristle	INDIFFERENT	2:36	ZocucW1E3GM	MPREb_gTFmkjHGtfO	UCojhH69QnIGTNUvD9jZkDjg
3017	Hit By a Rock	Throbbing Gristle	D.O.A. The Third and Final Report of Throbbing Gristle	INDIFFERENT	2:29	WG9ax-SiPjE	MPREb_gTFmkjHGtfO	UCojhH69QnIGTNUvD9jZkDjg
3019	Valley of the Shadow of the Death	Throbbing Gristle	D.O.A. The Third and Final Report of Throbbing Gristle	INDIFFERENT	4:01	4dfsDx6kGl8	MPREb_gTFmkjHGtfO	UCojhH69QnIGTNUvD9jZkDjg
3020	Dead on Arrival	Throbbing Gristle	D.O.A. The Third and Final Report of Throbbing Gristle	INDIFFERENT	6:04	13pAHXUQsVQ	MPREb_gTFmkjHGtfO	UCojhH69QnIGTNUvD9jZkDjg
3023	Hometime	Throbbing Gristle	D.O.A. The Third and Final Report of Throbbing Gristle	INDIFFERENT	3:39	K3eo9fWEWO0	MPREb_gTFmkjHGtfO	UCojhH69QnIGTNUvD9jZkDjg
3024	AB/7A	Throbbing Gristle	D.O.A. The Third and Final Report of Throbbing Gristle	INDIFFERENT	4:23	__bbmyeqQyk	MPREb_gTFmkjHGtfO	UCojhH69QnIGTNUvD9jZkDjg
3025	E-Coli	Throbbing Gristle	D.O.A. The Third and Final Report of Throbbing Gristle	INDIFFERENT	4:10	ZqTqi7QU8Vo	MPREb_gTFmkjHGtfO	UCojhH69QnIGTNUvD9jZkDjg
3026	Death Threats	Throbbing Gristle	D.O.A. The Third and Final Report of Throbbing Gristle	INDIFFERENT	0:40	5DueNKWNaAs	MPREb_gTFmkjHGtfO	UCojhH69QnIGTNUvD9jZkDjg
3027	Walls of Sound	Throbbing Gristle	D.O.A. The Third and Final Report of Throbbing Gristle	INDIFFERENT	2:48	0AFNxnS-FFc	MPREb_gTFmkjHGtfO	UCojhH69QnIGTNUvD9jZkDjg
3028	Blood on the Floor	Throbbing Gristle	D.O.A. The Third and Final Report of Throbbing Gristle	INDIFFERENT	1:06	WUedBAufB0I	MPREb_gTFmkjHGtfO	UCojhH69QnIGTNUvD9jZkDjg
3030	Slug Bait (Live at the I.C.A. London)	Throbbing Gristle	The Second Annual Report	INDIFFERENT	4:21	_igPU-DHepE	MPREb_MYKWe6aY079	UCojhH69QnIGTNUvD9jZkDjg
3031	Slug Bait (Live at Southampton)	Throbbing Gristle	The Second Annual Report	INDIFFERENT	2:46	dZqZfCbc99M	MPREb_MYKWe6aY079	UCojhH69QnIGTNUvD9jZkDjg
3032	Slug Bait (Live at Brighton)	Throbbing Gristle	The Second Annual Report	INDIFFERENT	1:20	XfJqkepXtZw	MPREb_MYKWe6aY079	UCojhH69QnIGTNUvD9jZkDjg
3033	Maggot Death (Studio Recording)	Throbbing Gristle	The Second Annual Report	INDIFFERENT	2:51	GUXWa-pSsO8	MPREb_MYKWe6aY079	UCojhH69QnIGTNUvD9jZkDjg
3034	Maggot Death (Live at Rat Club)	Throbbing Gristle	The Second Annual Report	INDIFFERENT	4:35	tO2EMuoShhs	MPREb_MYKWe6aY079	UCojhH69QnIGTNUvD9jZkDjg
3036	Maggot Death (Live at Brighton)	Throbbing Gristle	The Second Annual Report	INDIFFERENT	0:58	Zh39tCYNc0Y	MPREb_MYKWe6aY079	UCojhH69QnIGTNUvD9jZkDjg
3037	After Cease To Exist Soundtrack (The Original Soundtrack)	Throbbing Gristle	The Second Annual Report	INDIFFERENT	20:19	dgkJzgWftuU	MPREb_MYKWe6aY079	UCojhH69QnIGTNUvD9jZkDjg
2961	Fuck That Goat	Thriftwroks	Fader	INDIFFERENT	1:30	S93c7HWYKv8	MPREb_cZHGYtVmpaS	UCKmfoempbh3DwOgXLfpqTbA
2964	Jerry's Lament Ft. Russ Liquid (feat. Russ Liquid)	Thriftworks, Russ Liquid	Fader	INDIFFERENT	3:19	EN_K9vF4lbU	MPREb_cZHGYtVmpaS	UC6ELHZOqu_6OeYDvqoLukuA
2977	Grain Day Ft. Russ Liquid (feat. Russ Liquid)	Thriftworks, Russ Liquid	Fader	INDIFFERENT	4:02	wCwJF_26Ggk	MPREb_cZHGYtVmpaS	UC6ELHZOqu_6OeYDvqoLukuA
2985	Wrist Wrist Wrist Ft. Russ Liquid (feat. Russ Liquid)	Thriftworks, Russ Liquid	Fadest	INDIFFERENT	3:12	KvKtchcBpUQ	MPREb_pwX1ZarjOZl	UC6ELHZOqu_6OeYDvqoLukuA
2989	See Lings Ft. Bla¦Êp De¦Êli (feat. Bla¦êp De¦êli)	Thriftworks, Bla¦êp De¦êli	Fadest	INDIFFERENT	3:12	hwVWZRcjq4M	MPREb_pwX1ZarjOZl	UC6ELHZOqu_6OeYDvqoLukuA
2949	Mommy Cool Down	Thriftworks	Fader	INDIFFERENT	3:29	90CJf5lGvD0	MPREb_cZHGYtVmpaS	UC6ELHZOqu_6OeYDvqoLukuA
2950	Tahitian Pigeon Meat	Thriftworks	Fader	INDIFFERENT	3:25	8SsQCbRQofk	MPREb_cZHGYtVmpaS	UC6ELHZOqu_6OeYDvqoLukuA
2951	Tinkerbell Heat	Thriftworks	Fader	INDIFFERENT	4:06	3NJTXbIoOvQ	MPREb_cZHGYtVmpaS	UC6ELHZOqu_6OeYDvqoLukuA
2952	Gutter Cookies	Thriftworks	Fader	INDIFFERENT	4:06	V-5eDuLgcDs	MPREb_cZHGYtVmpaS	UC6ELHZOqu_6OeYDvqoLukuA
2953	Tiger's Eye Pad	Thriftworks	Fader	INDIFFERENT	3:17	Ni2Nn0LlK7c	MPREb_cZHGYtVmpaS	UC6ELHZOqu_6OeYDvqoLukuA
2954	The Recycler	Thriftworks	Fader	INDIFFERENT	4:14	O2agPOwZKrc	MPREb_cZHGYtVmpaS	UC6ELHZOqu_6OeYDvqoLukuA
2955	Leviathan's Joint	Thriftworks	Fader	INDIFFERENT	2:20	7SDmpjOwQTg	MPREb_cZHGYtVmpaS	UC6ELHZOqu_6OeYDvqoLukuA
2957	Low Ranking Mage	Thriftworks	Fader	INDIFFERENT	4:13	BksXthNFKqI	MPREb_cZHGYtVmpaS	UC6ELHZOqu_6OeYDvqoLukuA
2959	Dorado	Thriftworks	Fader	INDIFFERENT	2:49	3j3avBd0eC4	MPREb_cZHGYtVmpaS	UC6ELHZOqu_6OeYDvqoLukuA
2960	51: 50	Thriftworks	Fader	INDIFFERENT	1:49	_m8s01J7QdE	MPREb_cZHGYtVmpaS	UC6ELHZOqu_6OeYDvqoLukuA
2962	Chiny Chuna	Thriftworks	Fader	INDIFFERENT	2:42	6IWBtiUEfSc	MPREb_cZHGYtVmpaS	UC6ELHZOqu_6OeYDvqoLukuA
2963	Lower Sproul	Thriftworks	Fader	INDIFFERENT	2:44	WD0LDKGC8EY	MPREb_cZHGYtVmpaS	UC6ELHZOqu_6OeYDvqoLukuA
2965	Cooter Shooter	Thriftworks	Fader	INDIFFERENT	3:53	aowO9ozkaCs	MPREb_cZHGYtVmpaS	UC6ELHZOqu_6OeYDvqoLukuA
2966	Crow Raven	Thriftworks	Fader	INDIFFERENT	3:35	937CevyoIqI	MPREb_cZHGYtVmpaS	UC6ELHZOqu_6OeYDvqoLukuA
2967	Billy's First Wander	Thriftworks	Fader	INDIFFERENT	3:09	AztgnEuncgA	MPREb_cZHGYtVmpaS	UC6ELHZOqu_6OeYDvqoLukuA
2968	Beef Ritual Ft. Insightful (feat. Insightful)	Thriftworks	Fader	INDIFFERENT	3:05	f_5p_uZXgPA	MPREb_cZHGYtVmpaS	UC6ELHZOqu_6OeYDvqoLukuA
2969	Dimanche Apres-Midi	Thriftworks	Fader	INDIFFERENT	2:46	GC3xinD3H7U	MPREb_cZHGYtVmpaS	UC6ELHZOqu_6OeYDvqoLukuA
2970	The Dab King	Thriftworks	Fader	INDIFFERENT	3:12	9SdAQmGilxw	MPREb_cZHGYtVmpaS	UC6ELHZOqu_6OeYDvqoLukuA
2971	Meatloaf Twinkle	Thriftworks	Fader	INDIFFERENT	3:30	l3ffJ6Sj9fY	MPREb_cZHGYtVmpaS	UC6ELHZOqu_6OeYDvqoLukuA
2972	Middle Earf	Thriftworks	Fader	INDIFFERENT	2:12	poXuKtYG2j0	MPREb_cZHGYtVmpaS	UC6ELHZOqu_6OeYDvqoLukuA
2974	First Slime	Thriftworks	Fader	INDIFFERENT	3:18	-KcYD-DXKyc	MPREb_cZHGYtVmpaS	UC6ELHZOqu_6OeYDvqoLukuA
2975	Witch Blip	Thriftworks	Fader	INDIFFERENT	2:00	bqNIs6GDEF8	MPREb_cZHGYtVmpaS	UC6ELHZOqu_6OeYDvqoLukuA
2976	Favorite Croon	Thriftworks	Fader	INDIFFERENT	1:31	FkGb_hZ6G2g	MPREb_cZHGYtVmpaS	UC6ELHZOqu_6OeYDvqoLukuA
2978	Parrot Pixels	Thriftworks	Fader	INDIFFERENT	2:22	gMGkINkOfeM	MPREb_cZHGYtVmpaS	UC6ELHZOqu_6OeYDvqoLukuA
2979	The Thief	Thriftworks	Fader	INDIFFERENT	6:01	td2EzhyAHvc	MPREb_cZHGYtVmpaS	UC6ELHZOqu_6OeYDvqoLukuA
2980	Broken Record	Thriftworks	Fader	INDIFFERENT	2:48	oR3DMeS0nMk	MPREb_cZHGYtVmpaS	UC6ELHZOqu_6OeYDvqoLukuA
2981	Pearly Whites	Thriftworks	Fadest	INDIFFERENT	3:27	mlpTtVS3xEg	MPREb_pwX1ZarjOZl	UC6ELHZOqu_6OeYDvqoLukuA
2982	Lest You Be Judged	Thriftworks	Fadest	INDIFFERENT	4:00	1Im623PEqOU	MPREb_pwX1ZarjOZl	UC6ELHZOqu_6OeYDvqoLukuA
2983	Perrenial Flight	Thriftworks	Fadest	INDIFFERENT	4:12	7SVVK3dWK_k	MPREb_pwX1ZarjOZl	UC6ELHZOqu_6OeYDvqoLukuA
2984	Ghost Hustler	Thriftworks	Fadest	INDIFFERENT	3:44	vxgS4hoKzJk	MPREb_pwX1ZarjOZl	UC6ELHZOqu_6OeYDvqoLukuA
2986	One Nation Under	Thriftworks	Fadest	INDIFFERENT	3:42	uuk4HvtVRy4	MPREb_pwX1ZarjOZl	UC6ELHZOqu_6OeYDvqoLukuA
2987	Deem Teem	Thriftworks	Fadest	INDIFFERENT	2:33	d0UfS7gQ0pw	MPREb_pwX1ZarjOZl	UC6ELHZOqu_6OeYDvqoLukuA
2988	C12h17n2o4p	Thriftworks	Fadest	INDIFFERENT	3:18	etc7qhkkkqs	MPREb_pwX1ZarjOZl	UC6ELHZOqu_6OeYDvqoLukuA
2990	Terry's Big Dab	Thriftworks	Fadest	INDIFFERENT	4:06	TUARKjk88kw	MPREb_pwX1ZarjOZl	UC6ELHZOqu_6OeYDvqoLukuA
2991	In Tongue	Thriftworks	Rainmaker	INDIFFERENT	2:44	iEWlhrKndeE	MPREb_oeWeN6qDL27	UC6ELHZOqu_6OeYDvqoLukuA
2993	Tlālōc	Thriftworks	Rainmaker	INDIFFERENT	4:59	E5XZTXwfVkA	MPREb_oeWeN6qDL27	UC6ELHZOqu_6OeYDvqoLukuA
2994	Pillow in the Woods	Thriftworks	Rainmaker	INDIFFERENT	4:00	cSP73aTE_1s	MPREb_oeWeN6qDL27	UC6ELHZOqu_6OeYDvqoLukuA
2995	Your All	Thriftworks	Rainmaker	INDIFFERENT	4:44	kf8Dk9xTc-M	MPREb_oeWeN6qDL27	UC6ELHZOqu_6OeYDvqoLukuA
2996	As the Crow Flies	Thriftworks	Rainmaker	INDIFFERENT	2:48	TFzjuijYQt8	MPREb_oeWeN6qDL27	UC6ELHZOqu_6OeYDvqoLukuA
2997	Blazer Tag	Thriftworks	Rainmaker	INDIFFERENT	5:40	ckXemQydTwc	MPREb_oeWeN6qDL27	UC6ELHZOqu_6OeYDvqoLukuA
2998	Trotter	Thriftworks	Rainmaker	INDIFFERENT	4:06	qA2-FkF13bg	MPREb_oeWeN6qDL27	UC6ELHZOqu_6OeYDvqoLukuA
2999	Greenie Beanies	Thriftworks	Rainmaker	INDIFFERENT	4:02	Suo4jSMfJ9Q	MPREb_oeWeN6qDL27	UC6ELHZOqu_6OeYDvqoLukuA
3000	Minions	Thriftworks	Rainmaker	INDIFFERENT	4:36	mmUBcnKHhNo	MPREb_oeWeN6qDL27	UC6ELHZOqu_6OeYDvqoLukuA
3001	Teach Me How to Camelot	Thriftworks	Rainmaker	INDIFFERENT	4:08	8aO3Fxq0SY4	MPREb_oeWeN6qDL27	UC6ELHZOqu_6OeYDvqoLukuA
3002	Crack Cakes (Moglii Collab)	Thriftworks	Rainmaker	INDIFFERENT	2:54	vNFbkbIJP7M	MPREb_oeWeN6qDL27	UC6ELHZOqu_6OeYDvqoLukuA
3003	Girls with Paperclips	Thriftworks	Rainmaker	INDIFFERENT	3:01	1XqgVw9hLH0	MPREb_oeWeN6qDL27	UC6ELHZOqu_6OeYDvqoLukuA
3004	Out Tongue	Thriftworks	Rainmaker	INDIFFERENT	3:36	HkeZeWGGcwY	MPREb_oeWeN6qDL27	UC6ELHZOqu_6OeYDvqoLukuA
2921	Da Beginning	Three-6 Mafia	Mystic Stylez	INDIFFERENT	1:13	Ogc4AZv5Mdg	MPREb_j4mA771fCBk	UCETpWjWnRzckJkqGGgq6xgQ
2923	Live By Yo Rep	Three-6 Mafia	Mystic Stylez	INDIFFERENT	5:12	alTQHFbce1M	MPREb_j4mA771fCBk	UCETpWjWnRzckJkqGGgq6xgQ
2925	Now I'm Hi Pt. 3	Three-6 Mafia	Mystic Stylez	INDIFFERENT	5:10	zs9n_OYVj9k	MPREb_j4mA771fCBk	UCETpWjWnRzckJkqGGgq6xgQ
2926	Back Against Da Wall	Three-6 Mafia	Mystic Stylez	INDIFFERENT	4:51	5afesh_9avg	MPREb_j4mA771fCBk	UCETpWjWnRzckJkqGGgq6xgQ
2928	All Or Nothin	Three-6 Mafia	Mystic Stylez	INDIFFERENT	4:54	SjIsasAlNYA	MPREb_j4mA771fCBk	UCETpWjWnRzckJkqGGgq6xgQ
2929	Gotta Touch 'Em (Pt. 2)	Three-6 Mafia	Mystic Stylez	INDIFFERENT	4:55	NK67eNy25bc	MPREb_j4mA771fCBk	UCETpWjWnRzckJkqGGgq6xgQ
2930	Big Bizness	Three-6 Mafia	Mystic Stylez	INDIFFERENT	2:18	Q2AZ8OPwhD0	MPREb_j4mA771fCBk	UCETpWjWnRzckJkqGGgq6xgQ
2931	Mystic Styles	Three-6 Mafia	Mystic Stylez	INDIFFERENT	6:23	WuqK_Nx_d6k	MPREb_j4mA771fCBk	UCETpWjWnRzckJkqGGgq6xgQ
2932	Our Arrival	Three-6 Mafia	The End	INDIFFERENT	0:55	Q-mNSELzI0w	MPREb_d64zxSVWsfJ	UCETpWjWnRzckJkqGGgq6xgQ
2934	Money Flow (feat. K Rock & Killa Klan Kaze)	Three-6 Mafia	The End	INDIFFERENT	4:07	REPN9w0kzlw	MPREb_d64zxSVWsfJ	UCETpWjWnRzckJkqGGgq6xgQ
2936	Gotcha Shakin'	Three-6 Mafia	The End	INDIFFERENT	6:14	xix2PzC62FA	MPREb_d64zxSVWsfJ	UCETpWjWnRzckJkqGGgq6xgQ
2937	I Ain't Goin'	Three-6 Mafia	The End	INDIFFERENT	3:55	h-QmKTu-lig	MPREb_d64zxSVWsfJ	UCETpWjWnRzckJkqGGgq6xgQ
2938	Good Stuff	Three-6 Mafia	The End	INDIFFERENT	4:17	kssajZ200Y0	MPREb_d64zxSVWsfJ	UCETpWjWnRzckJkqGGgq6xgQ
2939	Walk Up 2 yo House	Three-6 Mafia	The End	INDIFFERENT	4:34	g8Hgff2mvwU	MPREb_d64zxSVWsfJ	UCETpWjWnRzckJkqGGgq6xgQ
2940	In-2-Deep	Three-6 Mafia	The End	INDIFFERENT	3:51	q9Yh8j2Vv3w	MPREb_d64zxSVWsfJ	UCETpWjWnRzckJkqGGgq6xgQ
2941	Last man Standing (feat. M-Child & Gangsta Blac)	Three-6 Mafia	The End	INDIFFERENT	5:04	1lTBn3TUQ1M	MPREb_d64zxSVWsfJ	UCETpWjWnRzckJkqGGgq6xgQ
2942	Destruction Terror	Three-6 Mafia	The End	INDIFFERENT	3:58	RzDSy0a1Ro8	MPREb_d64zxSVWsfJ	UCETpWjWnRzckJkqGGgq6xgQ
2943	Body Parts	Three-6 Mafia	The End	INDIFFERENT	5:31	6zegJ2NTr_0	MPREb_d64zxSVWsfJ	UCETpWjWnRzckJkqGGgq6xgQ
2944	Where's Da Bud	Three-6 Mafia	The End	INDIFFERENT	3:58	q-Q8b5Xg0TM	MPREb_d64zxSVWsfJ	UCETpWjWnRzckJkqGGgq6xgQ
2945	Gette'm Crunk	Three-6 Mafia	The End	INDIFFERENT	4:25	y4-9pyBMv7c	MPREb_d64zxSVWsfJ	UCETpWjWnRzckJkqGGgq6xgQ
2946	Where Da Killaz Hang	Three-6 Mafia	The End	INDIFFERENT	5:20	pplOv7emjsM	MPREb_d64zxSVWsfJ	UCETpWjWnRzckJkqGGgq6xgQ
2947	The End	Three-6 Mafia	The End	INDIFFERENT	4:17	2GTq4RiJZ80	MPREb_d64zxSVWsfJ	UCETpWjWnRzckJkqGGgq6xgQ
2901	Most Known Unknown Hits (Explicit Album Version)	Three 6 Mafia	Most Known Unknown (Screwed And Chopped) (Parental Advisory)	INDIFFERENT	1:43	GyYh8dxXX98	MPREb_GYchdXLysfu	UCETpWjWnRzckJkqGGgq6xgQ
2902	Knock Tha Black Off Yo Ass (Screwed and Chopped) (feat. Project Pat)	Three 6 Mafia	Most Known Unknown (Screwed And Chopped) (Parental Advisory)	INDIFFERENT	4:50	U50TFykPcCM	MPREb_GYchdXLysfu	UCETpWjWnRzckJkqGGgq6xgQ
2903	Roll With It (Screwed and Chopped) (feat. Project Pat)	Three 6 Mafia	Most Known Unknown (Screwed And Chopped) (Parental Advisory)	INDIFFERENT	3:26	yV0IRNMtEFM	MPREb_GYchdXLysfu	UCETpWjWnRzckJkqGGgq6xgQ
2904	Side 2 Side (Screwed and Chopped)	Three 6 Mafia	Most Known Unknown (Screwed And Chopped) (Parental Advisory)	INDIFFERENT	3:31	qItyadommHA	MPREb_GYchdXLysfu	UCETpWjWnRzckJkqGGgq6xgQ
2905	Don't Violate (Screwed and Chopped) (feat. Frayser Boy)	Three 6 Mafia	Most Known Unknown (Screwed And Chopped) (Parental Advisory)	INDIFFERENT	3:56	NT8hPbXzmAQ	MPREb_GYchdXLysfu	UCETpWjWnRzckJkqGGgq6xgQ
2906	Got It 4 Sale (Screwed and Chopped) (feat. Chrome)	Three 6 Mafia	Most Known Unknown (Screwed And Chopped) (Parental Advisory)	INDIFFERENT	5:06	UH7w8cBrgOo	MPREb_GYchdXLysfu	UCETpWjWnRzckJkqGGgq6xgQ
2907	Ain't Got Time for Gamez (Screwed and Chopped)	Three 6 Mafia	Most Known Unknown (Screwed And Chopped) (Parental Advisory)	INDIFFERENT	5:00	PK7iAmHxtCs	MPREb_GYchdXLysfu	UCETpWjWnRzckJkqGGgq6xgQ
2908	Let's Plan A Robbery (Screwed and Chopped)	Three 6 Mafia	Most Known Unknown (Screwed And Chopped) (Parental Advisory)	INDIFFERENT	3:34	Nf3XZG5oDgQ	MPREb_GYchdXLysfu	UCETpWjWnRzckJkqGGgq6xgQ
2909	Don't Cha Get Mad (Screwed and Chopped) (feat. Lil' Flip)	Three 6 Mafia	Most Known Unknown (Screwed And Chopped) (Parental Advisory)	INDIFFERENT	4:04	IrGQJ1ZFJBc	MPREb_GYchdXLysfu	UCETpWjWnRzckJkqGGgq6xgQ
2910	Dancin' On A Pole (Screwed and Chopped) (feat. Chrome)	Three 6 Mafia	Most Known Unknown (Screwed And Chopped) (Parental Advisory)	INDIFFERENT	4:38	mHJSW6eu86M	MPREb_GYchdXLysfu	UCETpWjWnRzckJkqGGgq6xgQ
2911	Hard Hittaz (Screwed and Chopped) (feat. Boogiemane)	Three 6 Mafia	Most Known Unknown (Screwed And Chopped) (Parental Advisory)	INDIFFERENT	4:18	7_N9v3xM0Ng	MPREb_GYchdXLysfu	UCETpWjWnRzckJkqGGgq6xgQ
2912	Poppin' My Collar (Screwed and Chopped)	Three 6 Mafia	Most Known Unknown (Screwed And Chopped) (Parental Advisory)	INDIFFERENT	3:05	EWLHw4lMWps	MPREb_GYchdXLysfu	UCETpWjWnRzckJkqGGgq6xgQ
2913	When I Pull Up At the Club (Screwed and Chopped) (feat. Paul Wall)	Three 6 Mafia	Most Known Unknown (Screwed And Chopped) (Parental Advisory)	INDIFFERENT	5:05	O-slSrgFNO4	MPREb_GYchdXLysfu	UCETpWjWnRzckJkqGGgq6xgQ
2914	Swervin' (Screwed and Chopped) (feat. Mike Jones & Paul Wall)	Three 6 Mafia	Most Known Unknown (Screwed And Chopped) (Parental Advisory)	INDIFFERENT	3:51	FezvxeFpTUg	MPREb_GYchdXLysfu	UCETpWjWnRzckJkqGGgq6xgQ
2915	Half On s Sack (Screwed and Chopped)	Three 6 Mafia	Most Known Unknown (Screwed And Chopped) (Parental Advisory)	INDIFFERENT	4:08	0bTuRaKC0TI	MPREb_GYchdXLysfu	UCETpWjWnRzckJkqGGgq6xgQ
2916	Pussy Got Ya Hooked (Screwed and Chopped) (feat. Remy Ma)	Three 6 Mafia	Most Known Unknown (Screwed And Chopped) (Parental Advisory)	INDIFFERENT	3:59	Kfgcj1jdPRU	MPREb_GYchdXLysfu	UCETpWjWnRzckJkqGGgq6xgQ
2917	Stay Fly (Screwed and Chopped) (feat. Young Buck, Eightball & MJG)	Three 6 Mafia	Most Known Unknown (Screwed And Chopped) (Parental Advisory)	INDIFFERENT	4:36	3o92iKmbSP8	MPREb_GYchdXLysfu	UCETpWjWnRzckJkqGGgq6xgQ
2918	Skit (Explicit Album Version)	Three 6 Mafia	Most Known Unknown (Screwed And Chopped) (Parental Advisory)	INDIFFERENT	0:46	ldN9C89g9dQ	MPREb_GYchdXLysfu	UCETpWjWnRzckJkqGGgq6xgQ
2919	Outro (Explicit Album Version)	Three 6 Mafia	Most Known Unknown (Screwed And Chopped) (Parental Advisory)	INDIFFERENT	3:01	TakslZdjo4Q	MPREb_GYchdXLysfu	UCETpWjWnRzckJkqGGgq6xgQ
2920	Body Parts 3 (Screwed and Chopped) (feat. Juicy J, DJ Paul, Crunchy Black & Lil Wyte)	Three 6 Mafia	Most Known Unknown (Screwed And Chopped) (Parental Advisory)	INDIFFERENT	5:04	F4QmG-J2uDE	MPREb_GYchdXLysfu	UCETpWjWnRzckJkqGGgq6xgQ
2852	Twist	Thom Yorke	ANIMA	INDIFFERENT	7:04	I7QZG0Ca7Fw	MPREb_czpgUAQA8QI	UCgXVrNtoMd3CusXrRMX3Tqg
2855	Not The News	Thom Yorke	ANIMA	INDIFFERENT	3:58	bldKA11rwTE	MPREb_czpgUAQA8QI	UCgXVrNtoMd3CusXrRMX3Tqg
2858	Runwayaway	Thom Yorke	ANIMA	INDIFFERENT	5:57	yLwGHh63qM0	MPREb_czpgUAQA8QI	UCgXVrNtoMd3CusXrRMX3Tqg
2860	The Hooks	Thom Yorke	Suspiria (Music for the Luca Guadagnino Film)	INDIFFERENT	3:19	2gQ52j4Yf48	MPREb_zc1kWxVArN8	UCgXVrNtoMd3CusXrRMX3Tqg
2862	Belongings Thrown in a River	Thom Yorke	Suspiria (Music for the Luca Guadagnino Film)	INDIFFERENT	1:28	gqKqsfcF774	MPREb_zc1kWxVArN8	UCgXVrNtoMd3CusXrRMX3Tqg
2864	Klemperer Walks	Thom Yorke	Suspiria (Music for the Luca Guadagnino Film)	INDIFFERENT	1:39	az3Awzwxvsg	MPREb_zc1kWxVArN8	UCgXVrNtoMd3CusXrRMX3Tqg
2866	Sabbath Incantation	Thom Yorke	Suspiria (Music for the Luca Guadagnino Film)	INDIFFERENT	3:07	59K5ZTyJ_uQ	MPREb_zc1kWxVArN8	UCgXVrNtoMd3CusXrRMX3Tqg
2867	The Inevitable Pull	Thom Yorke	Suspiria (Music for the Luca Guadagnino Film)	INDIFFERENT	1:37	2PSlFJKBrpQ	MPREb_zc1kWxVArN8	UCgXVrNtoMd3CusXrRMX3Tqg
2869	The Conjuring of Anke	Thom Yorke	Suspiria (Music for the Luca Guadagnino Film)	INDIFFERENT	2:17	dDc39FNf54Q	MPREb_zc1kWxVArN8	UCgXVrNtoMd3CusXrRMX3Tqg
2870	A Light Green	Thom Yorke	Suspiria (Music for the Luca Guadagnino Film)	INDIFFERENT	1:49	ZhV5K3XjEfg	MPREb_zc1kWxVArN8	UCgXVrNtoMd3CusXrRMX3Tqg
2872	The Jumps	Thom Yorke	Suspiria (Music for the Luca Guadagnino Film)	INDIFFERENT	2:39	lzJ-KnD5bXI	MPREb_zc1kWxVArN8	UCgXVrNtoMd3CusXrRMX3Tqg
2874	The Universe is Indifferent	Thom Yorke	Suspiria (Music for the Luca Guadagnino Film)	INDIFFERENT	4:49	Y6FOsCN4doc	MPREb_zc1kWxVArN8	UCgXVrNtoMd3CusXrRMX3Tqg
2875	The Balance of Things	Thom Yorke	Suspiria (Music for the Luca Guadagnino Film)	INDIFFERENT	1:09	DGyjyEmkh_o	MPREb_zc1kWxVArN8	UCgXVrNtoMd3CusXrRMX3Tqg
2876	A Soft Hand Across Your Face	Thom Yorke	Suspiria (Music for the Luca Guadagnino Film)	INDIFFERENT	0:45	FwZff6QRGdU	MPREb_zc1kWxVArN8	UCgXVrNtoMd3CusXrRMX3Tqg
2877	Suspirium Finale	Thom Yorke	Suspiria (Music for the Luca Guadagnino Film)	INDIFFERENT	7:04	M8GpsgWFYeE	MPREb_zc1kWxVArN8	UCgXVrNtoMd3CusXrRMX3Tqg
2878	A Choir of One	Thom Yorke	Suspiria (Music for the Luca Guadagnino Film)	INDIFFERENT	14:02	dIjqDPFgDmI	MPREb_zc1kWxVArN8	UCgXVrNtoMd3CusXrRMX3Tqg
2879	Synthesizer Speaks	Thom Yorke	Suspiria (Music for the Luca Guadagnino Film)	INDIFFERENT	0:59	IU0ZMqHFLRk	MPREb_zc1kWxVArN8	UCgXVrNtoMd3CusXrRMX3Tqg
2880	The Room of Compartments	Thom Yorke	Suspiria (Music for the Luca Guadagnino Film)	INDIFFERENT	1:15	jCYL2Te_cM8	MPREb_zc1kWxVArN8	UCgXVrNtoMd3CusXrRMX3Tqg
2881	An Audition	Thom Yorke	Suspiria (Music for the Luca Guadagnino Film)	INDIFFERENT	0:35	KDisTTHQ880	MPREb_zc1kWxVArN8	UCgXVrNtoMd3CusXrRMX3Tqg
2882	Voiceless Terror	Thom Yorke	Suspiria (Music for the Luca Guadagnino Film)	INDIFFERENT	2:31	FbHgSHdUL_s	MPREb_zc1kWxVArN8	UCgXVrNtoMd3CusXrRMX3Tqg
2883	The Epilogue	Thom Yorke	Suspiria (Music for the Luca Guadagnino Film)	INDIFFERENT	2:47	edFmSuVUMVo	MPREb_zc1kWxVArN8	UCgXVrNtoMd3CusXrRMX3Tqg
2888	Skip Divided	Thom Yorke	The Eraser	INDIFFERENT	3:36	aiqjTfsCDfU	MPREb_ZsQ7oGjHkP8	UCgXVrNtoMd3CusXrRMX3Tqg
2890	And It Rained All Night	Thom Yorke	The Eraser	INDIFFERENT	4:16	Ipun8tZt5MY	MPREb_ZsQ7oGjHkP8	UCgXVrNtoMd3CusXrRMX3Tqg
2892	Cymbal Rush	Thom Yorke	The Eraser	INDIFFERENT	5:15	tpN6szL9RIs	MPREb_ZsQ7oGjHkP8	UCgXVrNtoMd3CusXrRMX3Tqg
2973	Galaxy in Terriana	Thirftworks	Fader	INDIFFERENT	2:24	nxC8ifaoKhM	MPREb_cZHGYtVmpaS	UCSoWgR5G36aAyOatA1xdcmQ
2836	Losing a Whole Year	Third Eye Blind	Third Eye Blind	INDIFFERENT	3:21	SNVoXyiPdZM	MPREb_U4IU2tONKDR	UCBgOvSeegP11m_MIZab9oMg
2837	Narcolepsy	Third Eye Blind	Third Eye Blind	INDIFFERENT	3:49	RlWEcxu_svA	MPREb_U4IU2tONKDR	UCBgOvSeegP11m_MIZab9oMg
2839	Jumper	Third Eye Blind	Third Eye Blind	INDIFFERENT	4:33	tjK8zK3TMJc	MPREb_U4IU2tONKDR	UCBgOvSeegP11m_MIZab9oMg
2840	Graduate	Third Eye Blind	Third Eye Blind	INDIFFERENT	3:08	_FQqAAedVeQ	MPREb_U4IU2tONKDR	UCBgOvSeegP11m_MIZab9oMg
2841	How's It Going to Be	Third Eye Blind	Third Eye Blind	INDIFFERENT	4:14	2dITTT-OaWE	MPREb_U4IU2tONKDR	UCBgOvSeegP11m_MIZab9oMg
2842	Thanks a Lot	Third Eye Blind	Third Eye Blind	INDIFFERENT	4:58	SAta5RbJayw	MPREb_U4IU2tONKDR	UCBgOvSeegP11m_MIZab9oMg
2843	Burning Man	Third Eye Blind	Third Eye Blind	INDIFFERENT	3:00	CoHWFT2fBX8	MPREb_U4IU2tONKDR	UCBgOvSeegP11m_MIZab9oMg
2844	Good for You	Third Eye Blind	Third Eye Blind	INDIFFERENT	3:52	3bkngnh4OT4	MPREb_U4IU2tONKDR	UCBgOvSeegP11m_MIZab9oMg
2845	London	Third Eye Blind	Third Eye Blind	INDIFFERENT	3:07	jn4gl1ZTfJY	MPREb_U4IU2tONKDR	UCBgOvSeegP11m_MIZab9oMg
2846	I Want You	Third Eye Blind	Third Eye Blind	INDIFFERENT	4:30	4O94icUAfgM	MPREb_U4IU2tONKDR	UCBgOvSeegP11m_MIZab9oMg
2847	The Background	Third Eye Blind	Third Eye Blind	INDIFFERENT	4:57	tbb8ayzTqjA	MPREb_U4IU2tONKDR	UCBgOvSeegP11m_MIZab9oMg
2848	Motorcycle Drive By	Third Eye Blind	Third Eye Blind	INDIFFERENT	4:23	tjtRbO1GCQU	MPREb_U4IU2tONKDR	UCBgOvSeegP11m_MIZab9oMg
2849	God of Wine	Third Eye Blind	Third Eye Blind	INDIFFERENT	5:18	H0H5uFDDi3c	MPREb_U4IU2tONKDR	UCBgOvSeegP11m_MIZab9oMg
2817	Mayday	Thingy	To The Innocent	INDIFFERENT	2:46	yRaYUtIGHh8	MPREb_zQkvcXgnsoA	UCxyWs928Hy-Kpd_omHxfOaw
2818	Jabberwocky	Thingy	To The Innocent	INDIFFERENT	0:58	qqKlYecSnXk	MPREb_zQkvcXgnsoA	UCxyWs928Hy-Kpd_omHxfOaw
2820	S.S. Eggshell	Thingy	To The Innocent	INDIFFERENT	1:43	cYuyus4Q5OM	MPREb_zQkvcXgnsoA	UCxyWs928Hy-Kpd_omHxfOaw
2821	Blueprint	Thingy	To The Innocent	INDIFFERENT	2:04	JR9QmnDgaM8	MPREb_zQkvcXgnsoA	UCxyWs928Hy-Kpd_omHxfOaw
2822	Hide and Seek	Thingy	To The Innocent	INDIFFERENT	0:47	FOBpAcBZOdU	MPREb_zQkvcXgnsoA	UCxyWs928Hy-Kpd_omHxfOaw
2823	Sunset	Thingy	To The Innocent	INDIFFERENT	0:55	KgcOVSHyI8o	MPREb_zQkvcXgnsoA	UCxyWs928Hy-Kpd_omHxfOaw
2824	Plenty	Thingy	To The Innocent	INDIFFERENT	2:34	Ae6k_I1zIOY	MPREb_zQkvcXgnsoA	UCxyWs928Hy-Kpd_omHxfOaw
2825	Rope Swing	Thingy	To The Innocent	INDIFFERENT	1:26	fAyIhhzh0Nw	MPREb_zQkvcXgnsoA	UCxyWs928Hy-Kpd_omHxfOaw
2826	Ketchup Sandwich	Thingy	To The Innocent	INDIFFERENT	3:01	6y3ngh9JOl0	MPREb_zQkvcXgnsoA	UCxyWs928Hy-Kpd_omHxfOaw
2827	O.B. 1	Thingy	To The Innocent	INDIFFERENT	1:32	J4ukh0IYKCI	MPREb_zQkvcXgnsoA	UCxyWs928Hy-Kpd_omHxfOaw
2828	Letterbomb	Thingy	To The Innocent	INDIFFERENT	1:19	qqDHuP-hChU	MPREb_zQkvcXgnsoA	UCxyWs928Hy-Kpd_omHxfOaw
2829	0+0	Thingy	To The Innocent	INDIFFERENT	1:01	uE3gZ1gO6m4	MPREb_zQkvcXgnsoA	UCxyWs928Hy-Kpd_omHxfOaw
2831	Molly	Thingy	To The Innocent	INDIFFERENT	1:51	LpjArpb09pg	MPREb_zQkvcXgnsoA	UCxyWs928Hy-Kpd_omHxfOaw
2832	Chico vs. Fifa 96'	Thingy	To The Innocent	INDIFFERENT	1:05	1meyljSNGHg	MPREb_zQkvcXgnsoA	UCxyWs928Hy-Kpd_omHxfOaw
2833	My Room Has a T.V.	Thingy	To The Innocent	INDIFFERENT	1:19	L9ZztmJk2GM	MPREb_zQkvcXgnsoA	UCxyWs928Hy-Kpd_omHxfOaw
2834	Hydroplane	Thingy	To The Innocent	INDIFFERENT	1:06	LXjY5lYll_s	MPREb_zQkvcXgnsoA	UCxyWs928Hy-Kpd_omHxfOaw
2835	The Long Song At The End Of The Record	Thingy	To The Innocent	INDIFFERENT	4:33	EJxRjIumImc	MPREb_zQkvcXgnsoA	UCxyWs928Hy-Kpd_omHxfOaw
2809	Angel From The Coast	Thin Lizzy	Jailbreak	INDIFFERENT	3:06	GtpdIsWYt5Y	MPREb_y5FgakpQFrz	UCc1aNHzU9wXhKyhJy0PJgQQ
2811	Romeo And The Lonely Girl	Thin Lizzy	Jailbreak	INDIFFERENT	3:58	DgpARCtjTg4	MPREb_y5FgakpQFrz	UCc1aNHzU9wXhKyhJy0PJgQQ
2812	Warriors	Thin Lizzy	Jailbreak	INDIFFERENT	4:12	nQjp0an5cO0	MPREb_y5FgakpQFrz	UCc1aNHzU9wXhKyhJy0PJgQQ
2816	Emerald	Thin Lizzy	Jailbreak	INDIFFERENT	4:04	2Rby6u-KCwE	MPREb_y5FgakpQFrz	UCc1aNHzU9wXhKyhJy0PJgQQ
2790	Facing East	Thievery Corporation	The Richest Man In Babylon	INDIFFERENT	3:44	p60Enx_d6tg	MPREb_exAg2pWBnRQ	UCqx8axYJOduerya_chK-8Ag
2792	Interlude	Thievery Corporation	The Richest Man In Babylon	INDIFFERENT	1:21	F1_zedLlm_g	MPREb_exAg2pWBnRQ	UCqx8axYJOduerya_chK-8Ag
2793	Omid	Thievery Corporation	The Richest Man In Babylon	INDIFFERENT	3:49	L-XC3saqx-4	MPREb_exAg2pWBnRQ	UCqx8axYJOduerya_chK-8Ag
2795	Un Simple Histoire	Thievery Corporation	The Richest Man In Babylon	INDIFFERENT	3:46	LCauQutB7Us	MPREb_exAg2pWBnRQ	UCqx8axYJOduerya_chK-8Ag
2797	Exilio	Thievery Corporation	The Richest Man In Babylon	INDIFFERENT	3:03	rIjIv9lltn8	MPREb_exAg2pWBnRQ	UCqx8axYJOduerya_chK-8Ag
2770	Everything Right Is Wrong Again	They Might Be Giants	They Might Be Giants	INDIFFERENT	2:20	BaPqBUznMiE	MPREb_8gnSYmpJxvN	UCuVDbfvBzNkyCUuKNVHDeNw
2771	Put Your Hand Inside the Puppet Head	They Might Be Giants	They Might Be Giants	INDIFFERENT	2:12	P2Bp9j34few	MPREb_8gnSYmpJxvN	UCuVDbfvBzNkyCUuKNVHDeNw
2772	Number Three	They Might Be Giants	They Might Be Giants	INDIFFERENT	1:27	FtzCWVzwzxI	MPREb_8gnSYmpJxvN	UCuVDbfvBzNkyCUuKNVHDeNw
2773	Don't Let's Start	They Might Be Giants	They Might Be Giants	INDIFFERENT	2:36	UNLqGTSRln8	MPREb_8gnSYmpJxvN	UCuVDbfvBzNkyCUuKNVHDeNw
2774	Hide Away Folk Family	They Might Be Giants	They Might Be Giants	INDIFFERENT	3:21	kXY9SXAwopA	MPREb_8gnSYmpJxvN	UCuVDbfvBzNkyCUuKNVHDeNw
2775	32 Footsteps	They Might Be Giants	They Might Be Giants	INDIFFERENT	1:35	dItANvgWS3I	MPREb_8gnSYmpJxvN	UCuVDbfvBzNkyCUuKNVHDeNw
2776	Toddler Hiway	They Might Be Giants	They Might Be Giants	INDIFFERENT	0:25	wRkSUeKDzFE	MPREb_8gnSYmpJxvN	UCuVDbfvBzNkyCUuKNVHDeNw
2777	Rabid Child	They Might Be Giants	They Might Be Giants	INDIFFERENT	1:31	xnYK7aOUUW8	MPREb_8gnSYmpJxvN	UCuVDbfvBzNkyCUuKNVHDeNw
2778	Nothing's Gonna Change My Clothes	They Might Be Giants	They Might Be Giants	INDIFFERENT	1:58	1qk2J0736Vo	MPREb_8gnSYmpJxvN	UCuVDbfvBzNkyCUuKNVHDeNw
2779	(She Was A) Hotel Detective	They Might Be Giants	They Might Be Giants	INDIFFERENT	2:10	zYZZV-jlDy4	MPREb_8gnSYmpJxvN	UCuVDbfvBzNkyCUuKNVHDeNw
2780	She's an Angel	They Might Be Giants	They Might Be Giants	INDIFFERENT	2:37	k1Fpoob3cYY	MPREb_8gnSYmpJxvN	UCuVDbfvBzNkyCUuKNVHDeNw
2781	Youth Culture Killed My Dog	They Might Be Giants	They Might Be Giants	INDIFFERENT	2:51	Oc_9OXkBsM0	MPREb_8gnSYmpJxvN	UCuVDbfvBzNkyCUuKNVHDeNw
2782	Boat of Car	They Might Be Giants	They Might Be Giants	INDIFFERENT	1:15	Q1rfryrhmZs	MPREb_8gnSYmpJxvN	UCuVDbfvBzNkyCUuKNVHDeNw
2783	Absolutely Bill's Mood	They Might Be Giants	They Might Be Giants	INDIFFERENT	2:38	rbqZyBfujzo	MPREb_8gnSYmpJxvN	UCuVDbfvBzNkyCUuKNVHDeNw
2784	Chess Piece Face	They Might Be Giants	They Might Be Giants	INDIFFERENT	1:21	djn0PJfl_8o	MPREb_8gnSYmpJxvN	UCuVDbfvBzNkyCUuKNVHDeNw
2785	I Hope That I Get Old Before I Die	They Might Be Giants	They Might Be Giants	INDIFFERENT	1:58	P9vs34fGnD8	MPREb_8gnSYmpJxvN	UCuVDbfvBzNkyCUuKNVHDeNw
2786	Alienation's for the Rich	They Might Be Giants	They Might Be Giants	INDIFFERENT	2:25	kt3C3fz7V-c	MPREb_8gnSYmpJxvN	UCuVDbfvBzNkyCUuKNVHDeNw
2787	The Day	They Might Be Giants	They Might Be Giants	INDIFFERENT	1:27	sK41Nq-Ivg8	MPREb_8gnSYmpJxvN	UCuVDbfvBzNkyCUuKNVHDeNw
2788	Rhythm Section Want Ad	They Might Be Giants	They Might Be Giants	INDIFFERENT	2:21	VoO1tMLXVYE	MPREb_8gnSYmpJxvN	UCuVDbfvBzNkyCUuKNVHDeNw
2758	Monk's Dream (Take 8)	Thelonious Monk	Monk's Dream	INDIFFERENT	6:26	mgqYJa5hMQY	MPREb_iQB5djm9UYc	UCyCL_gVNVoWZTjkw-KnuIDg
2759	Body and Soul	Thelonious Monk	Monk's Dream	INDIFFERENT	4:29	RxeMfXtYTEE	MPREb_iQB5djm9UYc	UCyCL_gVNVoWZTjkw-KnuIDg
2760	Bright Mississippi (Take 1)	Thelonious Monk	Monk's Dream	INDIFFERENT	8:37	ViysgEr3rZQ	MPREb_iQB5djm9UYc	UCyCL_gVNVoWZTjkw-KnuIDg
2761	Five Spot Blues	Thelonious Monk	Monk's Dream	INDIFFERENT	3:15	J-3ZtYPGzMI	MPREb_iQB5djm9UYc	UCyCL_gVNVoWZTjkw-KnuIDg
2763	Just a Gigolo	Thelonious Monk	Monk's Dream	INDIFFERENT	2:28	Bu6RENRLGuQ	MPREb_iQB5djm9UYc	UCyCL_gVNVoWZTjkw-KnuIDg
2764	Bye-Ya	Thelonious Monk	Monk's Dream	INDIFFERENT	5:23	pVkPWUsFIe0	MPREb_iQB5djm9UYc	UCyCL_gVNVoWZTjkw-KnuIDg
2765	Sweet and Lovely	Thelonious Monk	Monk's Dream	INDIFFERENT	7:53	l9WGgLBuEjs	MPREb_iQB5djm9UYc	UCyCL_gVNVoWZTjkw-KnuIDg
2766	Monk's Dream (Take 3)	Thelonious Monk	Monk's Dream	INDIFFERENT	5:15	VZSc69pxnWM	MPREb_iQB5djm9UYc	UCyCL_gVNVoWZTjkw-KnuIDg
2767	Body and Soul (Take 1)	Thelonious Monk	Monk's Dream	INDIFFERENT	5:06	IvcQvGGUaJw	MPREb_iQB5djm9UYc	UCyCL_gVNVoWZTjkw-KnuIDg
2768	Bright Mississippi (Take 3)	Thelonious Monk	Monk's Dream	INDIFFERENT	10:20	wkavR9QRqfE	MPREb_iQB5djm9UYc	UCyCL_gVNVoWZTjkw-KnuIDg
2769	Blue Bolivar Blues (Take 1)	Thelonious Monk	Monk's Dream	INDIFFERENT	6:13	ZPUDixHa4-o	MPREb_iQB5djm9UYc	UCyCL_gVNVoWZTjkw-KnuIDg
2693	Robber Barons	Thee Oh Sees	Carrion Crawler / The Dream	INDIFFERENT	5:15	JAH-eA2Fq8o	MPREb_xXxWFS9OZOa	UCy-Gzb-aCE1vWkbwQZaoIXQ
2698	Crushed Grass	Thee Oh Sees	Carrion Crawler / The Dream	INDIFFERENT	2:52	x_ThVFcde18	MPREb_xXxWFS9OZOa	UCy-Gzb-aCE1vWkbwQZaoIXQ
2699	Crack In Your Eye	Thee Oh Sees	Carrion Crawler / The Dream	INDIFFERENT	3:41	zuZOqbLm8rA	MPREb_xXxWFS9OZOa	UCy-Gzb-aCE1vWkbwQZaoIXQ
2701	I Need Seed	Thee Oh Sees	Castlemania	INDIFFERENT	2:54	dx2GqqaZk20	MPREb_FhAwmnLmugg	UCy-Gzb-aCE1vWkbwQZaoIXQ
2703	Stinking Cloud	Thee Oh Sees	Castlemania	INDIFFERENT	3:11	mGtb5fAYqXQ	MPREb_FhAwmnLmugg	UCy-Gzb-aCE1vWkbwQZaoIXQ
2704	Corrupted Coffin	Thee Oh Sees	Castlemania	INDIFFERENT	2:07	dk4jSl7rKz8	MPREb_FhAwmnLmugg	UCy-Gzb-aCE1vWkbwQZaoIXQ
2705	Pleasure Blimps	Thee Oh Sees	Castlemania	INDIFFERENT	2:42	wPiLzo0hwoY	MPREb_FhAwmnLmugg	UCy-Gzb-aCE1vWkbwQZaoIXQ
2706	A Wall, A Century 2	Thee Oh Sees	Castlemania	INDIFFERENT	2:42	j81aaxJ3uuY	MPREb_FhAwmnLmugg	UCy-Gzb-aCE1vWkbwQZaoIXQ
2707	Spider Cider	Thee Oh Sees	Castlemania	INDIFFERENT	0:58	L9jeFEdO1E8	MPREb_FhAwmnLmugg	UCy-Gzb-aCE1vWkbwQZaoIXQ
2708	The Whipping Continues	Thee Oh Sees	Castlemania	INDIFFERENT	2:27	HY2QP7zW360	MPREb_FhAwmnLmugg	UCy-Gzb-aCE1vWkbwQZaoIXQ
2710	Castlemania	Thee Oh Sees	Castlemania	INDIFFERENT	2:31	utx9nlJJ65c	MPREb_FhAwmnLmugg	UCy-Gzb-aCE1vWkbwQZaoIXQ
2711	AA Warm Breeze	Thee Oh Sees	Castlemania	INDIFFERENT	3:03	3-meHAgS24E	MPREb_FhAwmnLmugg	UCy-Gzb-aCE1vWkbwQZaoIXQ
2712	Idea For Rubber Dog	Thee Oh Sees	Castlemania	INDIFFERENT	1:28	MpAnSFlsqAY	MPREb_FhAwmnLmugg	UCy-Gzb-aCE1vWkbwQZaoIXQ
2714	I Won’t Hurt You	Thee Oh Sees	Castlemania	INDIFFERENT	2:32	SBb8f6rUriI	MPREb_FhAwmnLmugg	UCy-Gzb-aCE1vWkbwQZaoIXQ
2716	What Are We Craving?	Thee Oh Sees	Castlemania	INDIFFERENT	3:22	ytgUZjW554Q	MPREb_FhAwmnLmugg	UCy-Gzb-aCE1vWkbwQZaoIXQ
2719	The Floating Coffin	Thee Oh Sees	Floating Coffin	INDIFFERENT	2:22	FfmvX21SbzU	MPREb_2Nfupyh1Ljg	UCy-Gzb-aCE1vWkbwQZaoIXQ
2720	No Spell	Thee Oh Sees	Floating Coffin	INDIFFERENT	4:26	IrRv3Phsqfc	MPREb_2Nfupyh1Ljg	UCy-Gzb-aCE1vWkbwQZaoIXQ
2721	Strawberries 1 + 2	Thee Oh Sees	Floating Coffin	INDIFFERENT	5:45	0LGzKPngY8g	MPREb_2Nfupyh1Ljg	UCy-Gzb-aCE1vWkbwQZaoIXQ
2722	Maze Fancier	Thee Oh Sees	Floating Coffin	INDIFFERENT	3:16	Gf1ZYz3-2yw	MPREb_2Nfupyh1Ljg	UCy-Gzb-aCE1vWkbwQZaoIXQ
2724	Sweets Helicopter	Thee Oh Sees	Floating Coffin	INDIFFERENT	2:44	6xc1inQuWSw	MPREb_2Nfupyh1Ljg	UCy-Gzb-aCE1vWkbwQZaoIXQ
2725	Tunnel Time	Thee Oh Sees	Floating Coffin	INDIFFERENT	4:10	xvSU7LWhgio	MPREb_2Nfupyh1Ljg	UCy-Gzb-aCE1vWkbwQZaoIXQ
2727	Enemy Destruct	Thee Oh Sees	Help	INDIFFERENT	3:19	qWRUr0MOiqg	MPREb_FtTK9KDh5QR	UCy-Gzb-aCE1vWkbwQZaoIXQ
2728	Ruby Go Home	Thee Oh Sees	Help	INDIFFERENT	4:22	opdlvS62xu4	MPREb_FtTK9KDh5QR	UCy-Gzb-aCE1vWkbwQZaoIXQ
2730	A Flag In The Court	Thee Oh Sees	Help	INDIFFERENT	2:01	7QAPhAHgcLQ	MPREb_FtTK9KDh5QR	UCy-Gzb-aCE1vWkbwQZaoIXQ
2732	Can You See?	Thee Oh Sees	Help	INDIFFERENT	2:35	7uAtH_lXx-k	MPREb_FtTK9KDh5QR	UCy-Gzb-aCE1vWkbwQZaoIXQ
2733	Rainbow	Thee Oh Sees	Help	INDIFFERENT	1:46	bSJiCiliO3s	MPREb_FtTK9KDh5QR	UCy-Gzb-aCE1vWkbwQZaoIXQ
2735	I Can't Get No	Thee Oh Sees	Help	INDIFFERENT	1:58	BsA48WDeeY8	MPREb_FtTK9KDh5QR	UCy-Gzb-aCE1vWkbwQZaoIXQ
2736	Soda St. #1	Thee Oh Sees	Help	INDIFFERENT	2:40	vEYN93ZdSRo	MPREb_FtTK9KDh5QR	UCy-Gzb-aCE1vWkbwQZaoIXQ
2737	Destroyed Fortress Reappears	Thee Oh Sees	Help	INDIFFERENT	5:23	GT3_v2wzWAo	MPREb_FtTK9KDh5QR	UCy-Gzb-aCE1vWkbwQZaoIXQ
2738	Peanut Butter Oven	Thee Oh Sees	Help	INDIFFERENT	2:38	nS8o93DS5JM	MPREb_FtTK9KDh5QR	UCy-Gzb-aCE1vWkbwQZaoIXQ
2739	Web	Thee Oh Sees	Mutilator Defeated At Last	INDIFFERENT	4:59	DAG1fKJvIAQ	MPREb_2cmjrfDKuxj	UCy-Gzb-aCE1vWkbwQZaoIXQ
2740	Withered Hand	Thee Oh Sees	Mutilator Defeated At Last	INDIFFERENT	3:30	RhHlxrIh2Yo	MPREb_2cmjrfDKuxj	UCy-Gzb-aCE1vWkbwQZaoIXQ
2741	Poor Queen	Thee Oh Sees	Mutilator Defeated At Last	INDIFFERENT	2:20	Idxn_Ctg8t4	MPREb_2cmjrfDKuxj	UCy-Gzb-aCE1vWkbwQZaoIXQ
2742	Turned Out Light	Thee Oh Sees	Mutilator Defeated At Last	INDIFFERENT	2:05	qsEn7X2XknU	MPREb_2cmjrfDKuxj	UCy-Gzb-aCE1vWkbwQZaoIXQ
2743	Lupine Ossuary	Thee Oh Sees	Mutilator Defeated At Last	INDIFFERENT	4:18	Cvp47TeBU3c	MPREb_2cmjrfDKuxj	UCy-Gzb-aCE1vWkbwQZaoIXQ
2746	Rogue Planet	Thee Oh Sees	Mutilator Defeated At Last	INDIFFERENT	1:56	o0MCG9LDeGo	MPREb_2cmjrfDKuxj	UCy-Gzb-aCE1vWkbwQZaoIXQ
2753	Putrifiers II	Thee Oh Sees	Putrifiers II	INDIFFERENT	6:10	MDeOoKn9Oaw	MPREb_RZUpmbe0VRu	UCy-Gzb-aCE1vWkbwQZaoIXQ
2756	Goodnight Baby	Thee Oh Sees	Putrifiers II	INDIFFERENT	3:28	cLnV6EoPB5w	MPREb_RZUpmbe0VRu	UCy-Gzb-aCE1vWkbwQZaoIXQ
2757	Wicked Park	Thee Oh Sees	Putrifiers II	INDIFFERENT	2:09	OKdt5D4h3As	MPREb_RZUpmbe0VRu	UCy-Gzb-aCE1vWkbwQZaoIXQ
2614	Angels	The xx	Coexist	INDIFFERENT	2:52	GiNR187EMd4	MPREb_WrbwUL6Qk5p	UCQ1Xqlk89CLZ9aAFyo-1THg
2615	Chained	The xx	Coexist	INDIFFERENT	2:48	ukiXCK10zfU	MPREb_WrbwUL6Qk5p	UCQ1Xqlk89CLZ9aAFyo-1THg
2616	Fiction	The xx	Coexist	INDIFFERENT	2:57	bgBGg-pBUpg	MPREb_WrbwUL6Qk5p	UCQ1Xqlk89CLZ9aAFyo-1THg
2617	Try	The xx	Coexist	INDIFFERENT	3:16	-i-SA_mHcgE	MPREb_WrbwUL6Qk5p	UCQ1Xqlk89CLZ9aAFyo-1THg
2620	Missing	The xx	Coexist	INDIFFERENT	3:34	9GICslPP2nc	MPREb_WrbwUL6Qk5p	UCQ1Xqlk89CLZ9aAFyo-1THg
2622	Unfold	The xx	Coexist	INDIFFERENT	3:03	nLIQNuB__bk	MPREb_WrbwUL6Qk5p	UCQ1Xqlk89CLZ9aAFyo-1THg
2624	Our Song	The xx	Coexist	INDIFFERENT	3:14	FSA1MXTl7gc	MPREb_WrbwUL6Qk5p	UCQ1Xqlk89CLZ9aAFyo-1THg
2626	Say Something Loving	The xx	I See You	INDIFFERENT	3:59	gzTiPISjU0M	MPREb_fJ2KnKCZPgf	UCQ1Xqlk89CLZ9aAFyo-1THg
2627	Lips	The xx	I See You	INDIFFERENT	3:21	5TEstYArPOc	MPREb_fJ2KnKCZPgf	UCQ1Xqlk89CLZ9aAFyo-1THg
2628	A Violent Noise	The xx	I See You	INDIFFERENT	3:48	_1ZBLlsNtns	MPREb_fJ2KnKCZPgf	UCQ1Xqlk89CLZ9aAFyo-1THg
2630	Replica	The xx	I See You	INDIFFERENT	4:09	62GuzYWg6xw	MPREb_fJ2KnKCZPgf	UCQ1Xqlk89CLZ9aAFyo-1THg
2631	Brave For You	The xx	I See You	INDIFFERENT	4:14	cXIGk0OUE9k	MPREb_fJ2KnKCZPgf	UCQ1Xqlk89CLZ9aAFyo-1THg
2633	I Dare You	The xx	I See You	INDIFFERENT	3:54	tK1k3IYmlUE	MPREb_fJ2KnKCZPgf	UCQ1Xqlk89CLZ9aAFyo-1THg
2634	Test Me	The xx	I See You	INDIFFERENT	3:56	8IVHdHtJ1Tw	MPREb_fJ2KnKCZPgf	UCQ1Xqlk89CLZ9aAFyo-1THg
2642	Basic Space	The xx	xx	INDIFFERENT	3:09	NYUvU-ghEuA	MPREb_Q6bqk6BLU6O	UCQ1Xqlk89CLZ9aAFyo-1THg
2644	Night Time	The xx	xx	INDIFFERENT	3:37	hgbYupMHcVM	MPREb_Q6bqk6BLU6O	UCQ1Xqlk89CLZ9aAFyo-1THg
2646	Road Runner	The Zombies	Begin Here	INDIFFERENT	2:08	drqn5OlFXSo	MPREb_XpP8fEspjGR	UCweKPvb6MUhb8X4X0nbObBw
2647	Summertime	The Zombies	Begin Here	INDIFFERENT	2:18	lpHBW1AJeUw	MPREb_XpP8fEspjGR	UCweKPvb6MUhb8X4X0nbObBw
2648	I Can't Make Up My Mind	The Zombies	Begin Here	INDIFFERENT	2:36	M9IqF3PtkPU	MPREb_XpP8fEspjGR	UCweKPvb6MUhb8X4X0nbObBw
2649	The Way I Feel Inside	The Zombies	Begin Here	INDIFFERENT	1:49	qOadD5igUXI	MPREb_XpP8fEspjGR	UCweKPvb6MUhb8X4X0nbObBw
2650	Work 'n' Play	The Zombies	Begin Here	INDIFFERENT	2:09	C3JShDbNLsA	MPREb_XpP8fEspjGR	UCweKPvb6MUhb8X4X0nbObBw
2651	You've Really Got a Hold On Me	The Zombies	Begin Here	INDIFFERENT	3:41	GhjYS182yKI	MPREb_XpP8fEspjGR	UCweKPvb6MUhb8X4X0nbObBw
2652	She's Not There	The Zombies	Begin Here	INDIFFERENT	2:26	WN4uZV6Bc-o	MPREb_XpP8fEspjGR	UCweKPvb6MUhb8X4X0nbObBw
2653	Sticks and Stones	The Zombies	Begin Here	INDIFFERENT	2:58	t9UjZK4BFFU	MPREb_XpP8fEspjGR	UCweKPvb6MUhb8X4X0nbObBw
2654	Can't Nobody Love You	The Zombies	Begin Here	INDIFFERENT	2:17	bmmbZv7QugY	MPREb_XpP8fEspjGR	UCweKPvb6MUhb8X4X0nbObBw
2655	Woman	The Zombies	Begin Here	INDIFFERENT	2:28	tcwjflj1AgU	MPREb_XpP8fEspjGR	UCweKPvb6MUhb8X4X0nbObBw
2656	I Don't Want to Know	The Zombies	Begin Here	INDIFFERENT	2:08	Y3TU4d3b_i8	MPREb_XpP8fEspjGR	UCweKPvb6MUhb8X4X0nbObBw
2657	I Remember When I Loved Her	The Zombies	Begin Here	INDIFFERENT	2:02	5Sp9GP_YARM	MPREb_XpP8fEspjGR	UCweKPvb6MUhb8X4X0nbObBw
2658	What More Can I Do	The Zombies	Begin Here	INDIFFERENT	1:40	4RLls964i2o	MPREb_XpP8fEspjGR	UCweKPvb6MUhb8X4X0nbObBw
2659	I Got My Mojo Working	The Zombies	Begin Here	INDIFFERENT	3:36	PCV6NF0OtSQ	MPREb_XpP8fEspjGR	UCweKPvb6MUhb8X4X0nbObBw
2662	Maybe After He's Gone	The Zombies	Odessey & Oracle - 40th Anniversary Concert [Live]	INDIFFERENT	2:59	oLF_PR_6Bhs	MPREb_OQ9jhnN1XTt	UCweKPvb6MUhb8X4X0nbObBw
2664	Brief Candles	The Zombies	Odessey & Oracle - 40th Anniversary Concert [Live]	INDIFFERENT	3:40	TYvy7R-C9uo	MPREb_OQ9jhnN1XTt	UCweKPvb6MUhb8X4X0nbObBw
2666	Changes	The Zombies	Odessey & Oracle - 40th Anniversary Concert [Live]	INDIFFERENT	3:42	guzTJt-y3vM	MPREb_OQ9jhnN1XTt	UCweKPvb6MUhb8X4X0nbObBw
2668	This Will Be Our Year	The Zombies	Odessey & Oracle - 40th Anniversary Concert [Live]	INDIFFERENT	2:36	KrYSbr8lfj0	MPREb_OQ9jhnN1XTt	UCweKPvb6MUhb8X4X0nbObBw
2669	Butcher's Tale	The Zombies	Odessey & Oracle - 40th Anniversary Concert [Live]	INDIFFERENT	3:20	FHDA6JfYLss	MPREb_OQ9jhnN1XTt	UCweKPvb6MUhb8X4X0nbObBw
2670	Friends Of Mine	The Zombies	Odessey & Oracle - 40th Anniversary Concert [Live]	INDIFFERENT	2:27	Y6crfhDslrc	MPREb_OQ9jhnN1XTt	UCweKPvb6MUhb8X4X0nbObBw
2674	I Love You	The Zombies	Odessey & Oracle - 40th Anniversary Concert [Live]	INDIFFERENT	3:55	pvaMhYt5eLk	MPREb_OQ9jhnN1XTt	UCweKPvb6MUhb8X4X0nbObBw
2675	Sticks and Stones	The Zombies	Odessey & Oracle - 40th Anniversary Concert [Live]	INDIFFERENT	2:56	9q2DlxPh8ec	MPREb_OQ9jhnN1XTt	UCweKPvb6MUhb8X4X0nbObBw
2676	Can't Nobody Love You	The Zombies	Odessey & Oracle - 40th Anniversary Concert [Live]	INDIFFERENT	2:34	5AUqZlHq9Og	MPREb_OQ9jhnN1XTt	UCweKPvb6MUhb8X4X0nbObBw
2678	Misty Roses	The Zombies	Odessey & Oracle - 40th Anniversary Concert [Live]	INDIFFERENT	6:14	QQKr0HTuMjQ	MPREb_OQ9jhnN1XTt	UCweKPvb6MUhb8X4X0nbObBw
2679	Her Song	The Zombies	Odessey & Oracle - 40th Anniversary Concert [Live]	INDIFFERENT	4:13	siEnPSfdJEg	MPREb_OQ9jhnN1XTt	UCweKPvb6MUhb8X4X0nbObBw
2476	Run Run Run	The Who	A Quick One	INDIFFERENT	2:43	cp0kajdrs94	MPREb_qmRYvUNMpyb	UCpxn_sVrLQWNGFK1eulpYgw
2477	Boris The Spider (Mono Version)	The Who	A Quick One	INDIFFERENT	2:29	hhoTl3ReHbU	MPREb_qmRYvUNMpyb	UCpxn_sVrLQWNGFK1eulpYgw
2478	I Need You	The Who	A Quick One	INDIFFERENT	2:25	6Fonf8M-bRA	MPREb_qmRYvUNMpyb	UCpxn_sVrLQWNGFK1eulpYgw
2479	Whiskey Man	The Who	A Quick One	INDIFFERENT	2:58	s-MarGdYR78	MPREb_qmRYvUNMpyb	UCpxn_sVrLQWNGFK1eulpYgw
2481	Cobwebs And Strange	The Who	A Quick One	INDIFFERENT	2:31	aM5MTAVY9M8	MPREb_qmRYvUNMpyb	UCpxn_sVrLQWNGFK1eulpYgw
2482	Don't Look Away	The Who	A Quick One	INDIFFERENT	2:54	lp3tu6ypg98	MPREb_qmRYvUNMpyb	UCpxn_sVrLQWNGFK1eulpYgw
2483	See My Way	The Who	A Quick One	INDIFFERENT	1:53	dcr3nQp1Org	MPREb_qmRYvUNMpyb	UCpxn_sVrLQWNGFK1eulpYgw
2484	So Sad About Us (Mono Version)	The Who	A Quick One	INDIFFERENT	3:04	UYOv6vRWSME	MPREb_qmRYvUNMpyb	UCpxn_sVrLQWNGFK1eulpYgw
2485	A Quick One, While He's Away (Mono Version)	The Who	A Quick One	INDIFFERENT	9:11	mAEoVvswOcI	MPREb_qmRYvUNMpyb	UCpxn_sVrLQWNGFK1eulpYgw
2487	Bucket T	The Who	A Quick One	INDIFFERENT	2:12	_KvKyBIqvdo	MPREb_qmRYvUNMpyb	UCpxn_sVrLQWNGFK1eulpYgw
2489	Disguises (Original Stereo Version)	The Who	A Quick One	INDIFFERENT	3:11	r95p3hkcYfY	MPREb_qmRYvUNMpyb	UCpxn_sVrLQWNGFK1eulpYgw
2490	Doctor, Doctor	The Who	A Quick One	INDIFFERENT	2:59	ByYwubCRFEQ	MPREb_qmRYvUNMpyb	UCpxn_sVrLQWNGFK1eulpYgw
2491	I've Been Away	The Who	A Quick One	INDIFFERENT	2:08	Jd7s8kScpFg	MPREb_qmRYvUNMpyb	UCpxn_sVrLQWNGFK1eulpYgw
2492	In The City (Mono Version)	The Who	A Quick One	INDIFFERENT	2:21	GmXYVqWFlpk	MPREb_qmRYvUNMpyb	UCpxn_sVrLQWNGFK1eulpYgw
2493	Happy Jack (Acoustic Mono Version)	The Who	A Quick One	INDIFFERENT	2:55	laXsE1LeO3E	MPREb_qmRYvUNMpyb	UCpxn_sVrLQWNGFK1eulpYgw
2495	I Can't Explain	The Who	Meaty, Beaty, Big And Bouncy	INDIFFERENT	2:04	voMja9C-coI	MPREb_nPsRkDPhbBU	UCpxn_sVrLQWNGFK1eulpYgw
2496	The Kids Are Alright	The Who	Meaty, Beaty, Big And Bouncy	INDIFFERENT	2:44	EmW2C9OfeuM	MPREb_nPsRkDPhbBU	UCpxn_sVrLQWNGFK1eulpYgw
2497	Happy Jack	The Who	Meaty, Beaty, Big And Bouncy	INDIFFERENT	2:12	FI7ssXjFY2c	MPREb_nPsRkDPhbBU	UCpxn_sVrLQWNGFK1eulpYgw
2498	I Can See For Miles (Mono Version)	The Who	Meaty, Beaty, Big And Bouncy	INDIFFERENT	4:05	hGu9p0_WeSo	MPREb_nPsRkDPhbBU	UCpxn_sVrLQWNGFK1eulpYgw
2499	Pictures Of Lily	The Who	Meaty, Beaty, Big And Bouncy	INDIFFERENT	2:42	bIQZRvxQ6VA	MPREb_nPsRkDPhbBU	UCpxn_sVrLQWNGFK1eulpYgw
2500	My Generation	The Who	Meaty, Beaty, Big And Bouncy	INDIFFERENT	3:17	Zucon2Mr4Hw	MPREb_nPsRkDPhbBU	UCpxn_sVrLQWNGFK1eulpYgw
2502	Anyway, Anyhow, Anywhere	The Who	Meaty, Beaty, Big And Bouncy	INDIFFERENT	2:40	4zwum1w-iIM	MPREb_nPsRkDPhbBU	UCpxn_sVrLQWNGFK1eulpYgw
2504	A Legal Matter	The Who	Meaty, Beaty, Big And Bouncy	INDIFFERENT	2:47	Ef33xG0YSqo	MPREb_nPsRkDPhbBU	UCpxn_sVrLQWNGFK1eulpYgw
2505	Boris The Spider	The Who	Meaty, Beaty, Big And Bouncy	INDIFFERENT	2:27	EXT4aM7Py1I	MPREb_nPsRkDPhbBU	UCpxn_sVrLQWNGFK1eulpYgw
2507	Substitute	The Who	Meaty, Beaty, Big And Bouncy	INDIFFERENT	3:47	uMf2xFG0fJs	MPREb_nPsRkDPhbBU	UCpxn_sVrLQWNGFK1eulpYgw
2508	I'm A Boy (Alternate Stereo Version)	The Who	Meaty, Beaty, Big And Bouncy	INDIFFERENT	3:41	GwHSXgYcTYY	MPREb_nPsRkDPhbBU	UCpxn_sVrLQWNGFK1eulpYgw
2509	Out In The Street (Mono Version)	The Who	The Who Sings My Generation (U.S. Version)	INDIFFERENT	2:31	ggfrpJrQDNc	MPREb_JFvKl0A73fl	UCpxn_sVrLQWNGFK1eulpYgw
2511	The Good's Gone (Mono Version)	The Who	The Who Sings My Generation (U.S. Version)	INDIFFERENT	4:02	7onOwZZiE7g	MPREb_JFvKl0A73fl	UCpxn_sVrLQWNGFK1eulpYgw
2512	La-La-La-Lies (Mono Version)	The Who	The Who Sings My Generation (U.S. Version)	INDIFFERENT	2:17	KtqrHya0cEc	MPREb_JFvKl0A73fl	UCpxn_sVrLQWNGFK1eulpYgw
2513	Much Too Much (Mono Version)	The Who	The Who Sings My Generation (U.S. Version)	INDIFFERENT	2:47	EOiNXIIF4Zg	MPREb_JFvKl0A73fl	UCpxn_sVrLQWNGFK1eulpYgw
2515	The Kids Are Alright (Mono Version)	The Who	The Who Sings My Generation (U.S. Version)	INDIFFERENT	2:46	SVjwormGnzw	MPREb_JFvKl0A73fl	UCpxn_sVrLQWNGFK1eulpYgw
2517	It's Not True (Mono Version)	The Who	The Who Sings My Generation (U.S. Version)	INDIFFERENT	2:31	8gwt3noP3iE	MPREb_JFvKl0A73fl	UCpxn_sVrLQWNGFK1eulpYgw
2518	The Ox (Mono Version)	The Who	The Who Sings My Generation (U.S. Version)	INDIFFERENT	3:50	9e6iLrrVEcQ	MPREb_JFvKl0A73fl	UCpxn_sVrLQWNGFK1eulpYgw
2519	A Legal Matter (Mono Version)	The Who	The Who Sings My Generation (U.S. Version)	INDIFFERENT	2:48	RNpELfqORzs	MPREb_JFvKl0A73fl	UCpxn_sVrLQWNGFK1eulpYgw
2520	Instant Party (Mono Version)	The Who	The Who Sings My Generation (U.S. Version)	INDIFFERENT	3:14	d6fllk4nyXs	MPREb_JFvKl0A73fl	UCpxn_sVrLQWNGFK1eulpYgw
2522	The Real Me	The Who	Quadrophenia (Super Deluxe Edition)	INDIFFERENT	3:21	duFEBA8XH-g	MPREb_Fp6sYiUz1Mw	UCpxn_sVrLQWNGFK1eulpYgw
2525	The Punk And The Godfather	The Who	Quadrophenia (Super Deluxe Edition)	INDIFFERENT	5:11	NS-RNXIxe3M	MPREb_Fp6sYiUz1Mw	UCpxn_sVrLQWNGFK1eulpYgw
2526	I'm One	The Who	Quadrophenia (Super Deluxe Edition)	INDIFFERENT	2:38	y2v6_0qNFfo	MPREb_Fp6sYiUz1Mw	UCpxn_sVrLQWNGFK1eulpYgw
2527	The Dirty Jobs	The Who	Quadrophenia (Super Deluxe Edition)	INDIFFERENT	4:29	yh0-NmSaVlg	MPREb_Fp6sYiUz1Mw	UCpxn_sVrLQWNGFK1eulpYgw
2528	Helpless Dancer	The Who	Quadrophenia (Super Deluxe Edition)	INDIFFERENT	2:34	6TD0CNiPhlM	MPREb_Fp6sYiUz1Mw	UCpxn_sVrLQWNGFK1eulpYgw
2529	Is It In My Head?	The Who	Quadrophenia (Super Deluxe Edition)	INDIFFERENT	3:44	4HmFmL4ElNw	MPREb_Fp6sYiUz1Mw	UCpxn_sVrLQWNGFK1eulpYgw
2530	I've Had Enough	The Who	Quadrophenia (Super Deluxe Edition)	INDIFFERENT	6:17	M-A-rHwR8_w	MPREb_Fp6sYiUz1Mw	UCpxn_sVrLQWNGFK1eulpYgw
2531	5:15	The Who	Quadrophenia (Super Deluxe Edition)	INDIFFERENT	5:01	zvpfN5wHBYA	MPREb_Fp6sYiUz1Mw	UCpxn_sVrLQWNGFK1eulpYgw
2532	Sea And Sand	The Who	Quadrophenia (Super Deluxe Edition)	INDIFFERENT	5:02	PNfujH_Aqr0	MPREb_Fp6sYiUz1Mw	UCpxn_sVrLQWNGFK1eulpYgw
2533	Drowned	The Who	Quadrophenia (Super Deluxe Edition)	INDIFFERENT	5:27	JAtJjnuvTaE	MPREb_Fp6sYiUz1Mw	UCpxn_sVrLQWNGFK1eulpYgw
2534	Bell Boy	The Who	Quadrophenia (Super Deluxe Edition)	INDIFFERENT	4:56	EA9f9F8s0oE	MPREb_Fp6sYiUz1Mw	UCpxn_sVrLQWNGFK1eulpYgw
2535	Doctor Jimmy	The Who	Quadrophenia (Super Deluxe Edition)	INDIFFERENT	8:36	v7XYiQI5Hcs	MPREb_Fp6sYiUz1Mw	UCpxn_sVrLQWNGFK1eulpYgw
2564	Heinz Baked Beans	The Who	The Who Sell Out	INDIFFERENT	1:00	gRAEhYGuI6Y	MPREb_CEGZZYeSgMo	UCpxn_sVrLQWNGFK1eulpYgw
2565	Mary Anne With The Shaky Hand	The Who	The Who Sell Out	INDIFFERENT	2:28	CsZ8yetc-kU	MPREb_CEGZZYeSgMo	UCpxn_sVrLQWNGFK1eulpYgw
2566	Odorono	The Who	The Who Sell Out	INDIFFERENT	2:34	7p7Hl7wLkK4	MPREb_CEGZZYeSgMo	UCpxn_sVrLQWNGFK1eulpYgw
2568	I Can't Reach You	The Who	The Who Sell Out	INDIFFERENT	3:03	CSEll-S2v4c	MPREb_CEGZZYeSgMo	UCpxn_sVrLQWNGFK1eulpYgw
2569	Relax	The Who	The Who Sell Out	INDIFFERENT	2:41	WLLoA41-th8	MPREb_CEGZZYeSgMo	UCpxn_sVrLQWNGFK1eulpYgw
2570	Silas Stingy	The Who	The Who Sell Out	INDIFFERENT	3:07	LCy01jZJ5DM	MPREb_CEGZZYeSgMo	UCpxn_sVrLQWNGFK1eulpYgw
2571	Sunrise	The Who	The Who Sell Out	INDIFFERENT	3:06	z-3Q0iFdPVc	MPREb_CEGZZYeSgMo	UCpxn_sVrLQWNGFK1eulpYgw
2572	Rael 1	The Who	The Who Sell Out	INDIFFERENT	5:44	IOdfXIOaEBo	MPREb_CEGZZYeSgMo	UCpxn_sVrLQWNGFK1eulpYgw
2573	Rael 2	The Who	The Who Sell Out	INDIFFERENT	1:28	8XdkxKk-F6c	MPREb_CEGZZYeSgMo	UCpxn_sVrLQWNGFK1eulpYgw
2574	Glittering Girl	The Who	The Who Sell Out	INDIFFERENT	3:59	djkdJeUo9qU	MPREb_CEGZZYeSgMo	UCpxn_sVrLQWNGFK1eulpYgw
2575	Melancholia	The Who	The Who Sell Out	INDIFFERENT	3:22	OQ5iRO6uCcY	MPREb_CEGZZYeSgMo	UCpxn_sVrLQWNGFK1eulpYgw
2576	Someone's Coming	The Who	The Who Sell Out	INDIFFERENT	2:40	NC5HYo4l19I	MPREb_CEGZZYeSgMo	UCpxn_sVrLQWNGFK1eulpYgw
2577	Jaguar	The Who	The Who Sell Out	INDIFFERENT	3:01	eU3I9_N-LNo	MPREb_CEGZZYeSgMo	UCpxn_sVrLQWNGFK1eulpYgw
2578	Early Morning Cold Taxi	The Who	The Who Sell Out	INDIFFERENT	3:25	e1nuAyNQBXI	MPREb_CEGZZYeSgMo	UCpxn_sVrLQWNGFK1eulpYgw
2579	Hall Of The Mountain King	The Who	The Who Sell Out	INDIFFERENT	4:19	WD062POh_8s	MPREb_CEGZZYeSgMo	UCpxn_sVrLQWNGFK1eulpYgw
2581	Mary Anne With The Shaky Hand	The Who	The Who Sell Out	INDIFFERENT	3:21	NIh8pBpwEbE	MPREb_CEGZZYeSgMo	UCpxn_sVrLQWNGFK1eulpYgw
2582	Glow Girl	The Who	The Who Sell Out	INDIFFERENT	2:45	jc0PD7KuIHk	MPREb_CEGZZYeSgMo	UCpxn_sVrLQWNGFK1eulpYgw
2583	Overture	The Who	Tommy	INDIFFERENT	5:21	QhNawCtaffw	MPREb_yhvBXAZZXp5	UCpxn_sVrLQWNGFK1eulpYgw
2586	Amazing Journey	The Who	Tommy	INDIFFERENT	5:05	sy_VFBMrUhI	MPREb_yhvBXAZZXp5	UCpxn_sVrLQWNGFK1eulpYgw
2587	Sparks	The Who	Tommy	INDIFFERENT	2:06	ZC-O9P5gL5s	MPREb_yhvBXAZZXp5	UCpxn_sVrLQWNGFK1eulpYgw
2588	Eyesight To The Blind (The Hawker)	The Who	Tommy	INDIFFERENT	2:16	MDoPlhG7cuw	MPREb_yhvBXAZZXp5	UCpxn_sVrLQWNGFK1eulpYgw
2589	Underture	The Who	Tommy	INDIFFERENT	10:05	QcjskTtsUEI	MPREb_yhvBXAZZXp5	UCpxn_sVrLQWNGFK1eulpYgw
2590	Fiddle About	The Who	Tommy	INDIFFERENT	1:32	ZMPtF7V6jyw	MPREb_yhvBXAZZXp5	UCpxn_sVrLQWNGFK1eulpYgw
2592	Go To The Mirror!	The Who	Tommy	INDIFFERENT	3:48	pFBt8DDbBT4	MPREb_yhvBXAZZXp5	UCpxn_sVrLQWNGFK1eulpYgw
2593	Tommy Can You Hear Me?	The Who	Tommy	INDIFFERENT	1:36	GxOHe_cQ4os	MPREb_yhvBXAZZXp5	UCpxn_sVrLQWNGFK1eulpYgw
2594	Smash The Mirror	The Who	Tommy	INDIFFERENT	1:35	_V4j21NOAwI	MPREb_yhvBXAZZXp5	UCpxn_sVrLQWNGFK1eulpYgw
2595	Sally Simpson	The Who	Tommy	INDIFFERENT	4:11	gPmNLLgGE8k	MPREb_yhvBXAZZXp5	UCpxn_sVrLQWNGFK1eulpYgw
2596	Welcome	The Who	Tommy	INDIFFERENT	4:33	SPfnbncCze4	MPREb_yhvBXAZZXp5	UCpxn_sVrLQWNGFK1eulpYgw
2597	We're Not Gonna Take It	The Who	Tommy	INDIFFERENT	7:07	xRCrmuALDEE	MPREb_yhvBXAZZXp5	UCpxn_sVrLQWNGFK1eulpYgw
2458	Done With You	The Whitest Boy Alive	Dreams	INDIFFERENT	5:21	ZqOjhIAuYKM	MPREb_9AUVcQZ1aQi	UCDoG-cyeL-Q2ISEjfnH5Y1g
2459	Don't Give Up	The Whitest Boy Alive	Dreams	INDIFFERENT	5:42	FF8y5FdbeyI	MPREb_9AUVcQZ1aQi	UCDoG-cyeL-Q2ISEjfnH5Y1g
2460	Above You	The Whitest Boy Alive	Dreams	INDIFFERENT	3:11	SQ0MPxQIODo	MPREb_9AUVcQZ1aQi	UCDoG-cyeL-Q2ISEjfnH5Y1g
2463	Borders	The Whitest Boy Alive	Dreams	INDIFFERENT	5:24	exDJDzizxW4	MPREb_9AUVcQZ1aQi	UCDoG-cyeL-Q2ISEjfnH5Y1g
2464	All Ears	The Whitest Boy Alive	Dreams	INDIFFERENT	3:19	WfU7e-WG6LI	MPREb_9AUVcQZ1aQi	UCDoG-cyeL-Q2ISEjfnH5Y1g
2465	Keep A Secret	The Whitest Boy Alive	Rules	INDIFFERENT	4:07	feCIb6oTVpk	MPREb_r6mCbRjsXFz	UCDoG-cyeL-Q2ISEjfnH5Y1g
2468	Timebomb	The Whitest Boy Alive	Rules	INDIFFERENT	3:44	guPjMcu8FrA	MPREb_r6mCbRjsXFz	UCDoG-cyeL-Q2ISEjfnH5Y1g
2469	Rollercoaster Ride	The Whitest Boy Alive	Rules	INDIFFERENT	2:39	rEn13LZuzH0	MPREb_r6mCbRjsXFz	UCDoG-cyeL-Q2ISEjfnH5Y1g
2471	1517	The Whitest Boy Alive	Rules	INDIFFERENT	3:41	YPOlpYMpqBE	MPREb_r6mCbRjsXFz	UCDoG-cyeL-Q2ISEjfnH5Y1g
2472	Gravity	The Whitest Boy Alive	Rules	INDIFFERENT	3:48	TH3-443C5to	MPREb_r6mCbRjsXFz	UCDoG-cyeL-Q2ISEjfnH5Y1g
2473	Promise Less Or Do More	The Whitest Boy Alive	Rules	INDIFFERENT	4:17	Kzz9SlCEnOM	MPREb_r6mCbRjsXFz	UCDoG-cyeL-Q2ISEjfnH5Y1g
2474	Dead End	The Whitest Boy Alive	Rules	INDIFFERENT	3:22	s1Tv_QQ8O1s	MPREb_r6mCbRjsXFz	UCDoG-cyeL-Q2ISEjfnH5Y1g
2475	Island	The Whitest Boy Alive	Rules	INDIFFERENT	7:04	Ob3AEXbSvHc	MPREb_r6mCbRjsXFz	UCDoG-cyeL-Q2ISEjfnH5Y1g
2396	Hello Operator	The White Stripes	De Stijl	INDIFFERENT	2:37	39NqfWklaAQ	MPREb_VUnrRCD9Xh2	UCD0Wge1UpszMtqK3P9x50vA
2397	Little Bird	The White Stripes	De Stijl	INDIFFERENT	3:07	hu8n9-r0BRY	MPREb_VUnrRCD9Xh2	UCD0Wge1UpszMtqK3P9x50vA
2403	A Boy's Best Friend	The White Stripes	De Stijl	INDIFFERENT	4:23	L441162Sxr8	MPREb_VUnrRCD9Xh2	UCD0Wge1UpszMtqK3P9x50vA
2405	Jumble, Jumble	The White Stripes	De Stijl	INDIFFERENT	1:54	l6UfJsd2rXc	MPREb_VUnrRCD9Xh2	UCD0Wge1UpszMtqK3P9x50vA
2406	Why Can't You Be Nicer to Me?	The White Stripes	De Stijl	INDIFFERENT	3:23	HlnXQL02A8c	MPREb_VUnrRCD9Xh2	UCD0Wge1UpszMtqK3P9x50vA
2407	Your Southern Can is Mine	The White Stripes	De Stijl	INDIFFERENT	2:30	q9OJoeEOFvE	MPREb_VUnrRCD9Xh2	UCD0Wge1UpszMtqK3P9x50vA
2409	Black Math	The White Stripes	Elephant	INDIFFERENT	3:03	rWOUex_Kvb8	MPREb_sn5Vym75jtL	UCD0Wge1UpszMtqK3P9x50vA
2410	There's No Home For You Here	The White Stripes	Elephant	INDIFFERENT	3:43	C8bwcdl0tiI	MPREb_sn5Vym75jtL	UCD0Wge1UpszMtqK3P9x50vA
2411	I Just Don't Know What to Do With Myself	The White Stripes	Elephant	INDIFFERENT	2:46	MBdRVnBdxho	MPREb_sn5Vym75jtL	UCD0Wge1UpszMtqK3P9x50vA
2413	I Want To Be The Boy To Warm Your Mother's Heart	The White Stripes	Elephant	INDIFFERENT	3:20	KUtlwMTT7rA	MPREb_sn5Vym75jtL	UCD0Wge1UpszMtqK3P9x50vA
2416	The Hardest Button to Button	The White Stripes	Elephant	INDIFFERENT	3:32	IZWC468pf_w	MPREb_sn5Vym75jtL	UCD0Wge1UpszMtqK3P9x50vA
2418	Hypnotize	The White Stripes	Elephant	INDIFFERENT	1:48	cln5nI-RMvc	MPREb_sn5Vym75jtL	UCD0Wge1UpszMtqK3P9x50vA
2421	Well It's True That We Love One Another	The White Stripes	Elephant	INDIFFERENT	2:42	yL4U2eeqxRw	MPREb_sn5Vym75jtL	UCD0Wge1UpszMtqK3P9x50vA
2424	The Big Three Killed My Baby	The White Stripes	The White Stripes	INDIFFERENT	2:29	xwd6RJfzyb4	MPREb_ke9q9bBLfdh	UCD0Wge1UpszMtqK3P9x50vA
2425	Suzy Lee	The White Stripes	The White Stripes	INDIFFERENT	3:21	B8Er59a7Hm0	MPREb_ke9q9bBLfdh	UCD0Wge1UpszMtqK3P9x50vA
2429	Astro	The White Stripes	The White Stripes	INDIFFERENT	2:42	gXeX5rcBbSY	MPREb_ke9q9bBLfdh	UCD0Wge1UpszMtqK3P9x50vA
2430	Broken Bricks	The White Stripes	The White Stripes	INDIFFERENT	1:51	JFbzwpW8noQ	MPREb_ke9q9bBLfdh	UCD0Wge1UpszMtqK3P9x50vA
2435	Little People	The White Stripes	The White Stripes	INDIFFERENT	2:22	LChRbk5xh-8	MPREb_ke9q9bBLfdh	UCD0Wge1UpszMtqK3P9x50vA
2436	Slicker Drips	The White Stripes	The White Stripes	INDIFFERENT	1:30	i0tGbxGD7CY	MPREb_ke9q9bBLfdh	UCD0Wge1UpszMtqK3P9x50vA
2439	Dead Leaves and the Dirty Ground	The White Stripes	White Blood Cells	INDIFFERENT	3:03	fNDWo0y87IM	MPREb_wSaXWn6Z3ay	UCD0Wge1UpszMtqK3P9x50vA
2440	Hotel Yorba	The White Stripes	White Blood Cells	INDIFFERENT	2:10	hXqdnNq-60g	MPREb_wSaXWn6Z3ay	UCD0Wge1UpszMtqK3P9x50vA
2441	I'm Finding It Harder to Be a Gentleman	The White Stripes	White Blood Cells	INDIFFERENT	2:54	TypzvidUkkc	MPREb_wSaXWn6Z3ay	UCD0Wge1UpszMtqK3P9x50vA
2442	Fell in Love With a Girl	The White Stripes	White Blood Cells	INDIFFERENT	1:50	Q2kVgBegKL4	MPREb_wSaXWn6Z3ay	UCD0Wge1UpszMtqK3P9x50vA
2443	Expecting	The White Stripes	White Blood Cells	INDIFFERENT	2:03	sgJA9z4Bpgk	MPREb_wSaXWn6Z3ay	UCD0Wge1UpszMtqK3P9x50vA
2444	Little Room	The White Stripes	White Blood Cells	INDIFFERENT	0:50	tZilAjqrQaQ	MPREb_wSaXWn6Z3ay	UCD0Wge1UpszMtqK3P9x50vA
2445	The Union Forever	The White Stripes	White Blood Cells	INDIFFERENT	3:26	6YgOXHA6Gic	MPREb_wSaXWn6Z3ay	UCD0Wge1UpszMtqK3P9x50vA
2446	The Same Boy You've Always Known	The White Stripes	White Blood Cells	INDIFFERENT	3:09	BveLowLMVNQ	MPREb_wSaXWn6Z3ay	UCD0Wge1UpszMtqK3P9x50vA
2449	I Think I Smell a Rat	The White Stripes	White Blood Cells	INDIFFERENT	2:04	vZiJ1sXp0yc	MPREb_wSaXWn6Z3ay	UCD0Wge1UpszMtqK3P9x50vA
2451	I Can't Wait	The White Stripes	White Blood Cells	INDIFFERENT	3:38	rPfcT9rqA3I	MPREb_wSaXWn6Z3ay	UCD0Wge1UpszMtqK3P9x50vA
2452	Now Mary	The White Stripes	White Blood Cells	INDIFFERENT	1:47	S3haC2XQBhs	MPREb_wSaXWn6Z3ay	UCD0Wge1UpszMtqK3P9x50vA
2454	This Protector	The White Stripes	White Blood Cells	INDIFFERENT	2:12	2r01mq-loCE	MPREb_wSaXWn6Z3ay	UCD0Wge1UpszMtqK3P9x50vA
2383	Shifting Sands	The West Coast Pop Art Experimental Band	Part One	INDIFFERENT	3:55	9PV2k99nFb4	MPREb_rOOHvAyDUXj	UCKECYanyhVAioxt4hFTFYJw
2384	I Won't Hurt You	The West Coast Pop Art Experimental Band	Part One	INDIFFERENT	2:24	KRW97QbuZ6A	MPREb_rOOHvAyDUXj	UCKECYanyhVAioxt4hFTFYJw
2387	Will You Walk with Me	The West Coast Pop Art Experimental Band	Part One	INDIFFERENT	3:01	v9VTD-MBC3I	MPREb_rOOHvAyDUXj	UCKECYanyhVAioxt4hFTFYJw
2389	Leiyla	The West Coast Pop Art Experimental Band	Part One	INDIFFERENT	2:55	AS72-rCzPyo	MPREb_rOOHvAyDUXj	UCKECYanyhVAioxt4hFTFYJw
2390	Here's Where You Belong	The West Coast Pop Art Experimental Band	Part One	INDIFFERENT	2:50	_aU42kaQKCE	MPREb_rOOHvAyDUXj	UCKECYanyhVAioxt4hFTFYJw
2392	'Scuse Me, Miss Rose	The West Coast Pop Art Experimental Band	Part One	INDIFFERENT	3:03	HDOWQt5AXSY	MPREb_rOOHvAyDUXj	UCKECYanyhVAioxt4hFTFYJw
2393	High Coin	The West Coast Pop Art Experimental Band	Part One	INDIFFERENT	2:04	1ASz3JFW8GI	MPREb_rOOHvAyDUXj	UCKECYanyhVAioxt4hFTFYJw
2394	Transparent Day (Mono Single Mix)	The West Coast Pop Art Experimental Band	Part One	INDIFFERENT	2:22	1flwrhkcOYA	MPREb_rOOHvAyDUXj	UCKECYanyhVAioxt4hFTFYJw
2309	Alone Again	The Weeknd	After Hours	INDIFFERENT	4:11	i8r4zJC1i70	MPREb_TH6Wut5eTMQ	UClYV6hHlupm_S_ObS1W-DYw
2310	Too Late	The Weeknd	After Hours	INDIFFERENT	4:00	r-xaK0LWTZ4	MPREb_TH6Wut5eTMQ	UClYV6hHlupm_S_ObS1W-DYw
2312	Heartless	The Weeknd	After Hours	INDIFFERENT	3:19	rbb-_YU2S4c	MPREb_TH6Wut5eTMQ	UClYV6hHlupm_S_ObS1W-DYw
2313	Faith	The Weeknd	After Hours	INDIFFERENT	4:44	wXjNtjKXepo	MPREb_TH6Wut5eTMQ	UClYV6hHlupm_S_ObS1W-DYw
2316	Save Your Tears	The Weeknd	After Hours	INDIFFERENT	3:36	RmYCOm4ehKs	MPREb_TH6Wut5eTMQ	UClYV6hHlupm_S_ObS1W-DYw
2317	Repeat After Me (Interlude)	The Weeknd	After Hours	INDIFFERENT	3:16	2ZvfcF5R62c	MPREb_TH6Wut5eTMQ	UClYV6hHlupm_S_ObS1W-DYw
2319	Until I Bleed Out	The Weeknd	After Hours	INDIFFERENT	3:11	N2OCkGRRDQ4	MPREb_TH6Wut5eTMQ	UClYV6hHlupm_S_ObS1W-DYw
2320	Real Life	The Weeknd	Beauty Behind The Madness	INDIFFERENT	3:43	EjlLdjzE7dg	MPREb_phyP9K8SlD7	UClYV6hHlupm_S_ObS1W-DYw
2321	Losers (feat. Labrinth)	The Weeknd	Beauty Behind The Madness	INDIFFERENT	4:41	xNKOrBA9Sp0	MPREb_phyP9K8SlD7	UClYV6hHlupm_S_ObS1W-DYw
2325	Acquainted	The Weeknd	Beauty Behind The Madness	INDIFFERENT	5:48	1mOGF169Eno	MPREb_phyP9K8SlD7	UClYV6hHlupm_S_ObS1W-DYw
2327	Shameless	The Weeknd	Beauty Behind The Madness	INDIFFERENT	4:13	polycpBREYA	MPREb_phyP9K8SlD7	UClYV6hHlupm_S_ObS1W-DYw
2328	In The Night	The Weeknd	Beauty Behind The Madness	INDIFFERENT	3:55	GliLQ3CnTK8	MPREb_phyP9K8SlD7	UClYV6hHlupm_S_ObS1W-DYw
2329	Dark Times (feat. Ed Sheeran)	The Weeknd	Beauty Behind The Madness	INDIFFERENT	4:20	pkAAIGFNYw4	MPREb_phyP9K8SlD7	UClYV6hHlupm_S_ObS1W-DYw
2330	Prisoner (feat. Lana Del Rey)	The Weeknd	Beauty Behind The Madness	INDIFFERENT	4:34	x0bRHmTQEsE	MPREb_phyP9K8SlD7	UClYV6hHlupm_S_ObS1W-DYw
2331	Angel	The Weeknd	Beauty Behind The Madness	INDIFFERENT	6:17	QAAOynFujNw	MPREb_phyP9K8SlD7	UClYV6hHlupm_S_ObS1W-DYw
2332	D.D.	The Weeknd	Echoes of Silence	INDIFFERENT	4:35	9rdKTHjpXLQ	MPREb_LcxxM8hMoTk	UClYV6hHlupm_S_ObS1W-DYw
2333	Montreal	The Weeknd	Echoes of Silence	INDIFFERENT	4:11	Zf5ZAUejCYU	MPREb_LcxxM8hMoTk	UClYV6hHlupm_S_ObS1W-DYw
2334	Outside	The Weeknd	Echoes of Silence	INDIFFERENT	4:20	9SMCCTShiUw	MPREb_LcxxM8hMoTk	UClYV6hHlupm_S_ObS1W-DYw
2335	XO / The Host	The Weeknd	Echoes of Silence	INDIFFERENT	7:25	zlNwr0LwxJ0	MPREb_LcxxM8hMoTk	UClYV6hHlupm_S_ObS1W-DYw
2336	Initiation	The Weeknd	Echoes of Silence	INDIFFERENT	4:21	HCIW3V6AsCI	MPREb_LcxxM8hMoTk	UClYV6hHlupm_S_ObS1W-DYw
2337	Same Old Song (feat. Juicy J)	The Weeknd	Echoes of Silence	INDIFFERENT	5:13	EnCFskCQ_ck	MPREb_LcxxM8hMoTk	UClYV6hHlupm_S_ObS1W-DYw
2338	The Fall	The Weeknd	Echoes of Silence	INDIFFERENT	5:46	IHmCHKPP46Q	MPREb_LcxxM8hMoTk	UClYV6hHlupm_S_ObS1W-DYw
2339	Next	The Weeknd	Echoes of Silence	INDIFFERENT	6:02	QjjEHuMSRWs	MPREb_LcxxM8hMoTk	UClYV6hHlupm_S_ObS1W-DYw
2340	Echoes of Silence	The Weeknd	Echoes of Silence	INDIFFERENT	4:00	CRDP_GNrSlw	MPREb_LcxxM8hMoTk	UClYV6hHlupm_S_ObS1W-DYw
2343	House Of Balloons / Glass Table Girls	The Weeknd	House Of Balloons	INDIFFERENT	6:48	1OZnXQQPBU0	MPREb_MuaI9RZQa8o	UClYV6hHlupm_S_ObS1W-DYw
2345	Wicked Games	The Weeknd	House Of Balloons	INDIFFERENT	5:26	g8TLU_JxCjc	MPREb_MuaI9RZQa8o	UClYV6hHlupm_S_ObS1W-DYw
2346	The Party & The After Party	The Weeknd	House Of Balloons	INDIFFERENT	7:40	l5GSZ2-TP6Y	MPREb_MuaI9RZQa8o	UClYV6hHlupm_S_ObS1W-DYw
2347	Coming Down	The Weeknd	House Of Balloons	INDIFFERENT	4:56	V6NRtknAAWI	MPREb_MuaI9RZQa8o	UClYV6hHlupm_S_ObS1W-DYw
2348	Loft Music	The Weeknd	House Of Balloons	INDIFFERENT	6:04	nHi2V9l0blc	MPREb_MuaI9RZQa8o	UClYV6hHlupm_S_ObS1W-DYw
2349	The Knowing	The Weeknd	House Of Balloons	INDIFFERENT	5:43	uxsoB8vwR8c	MPREb_MuaI9RZQa8o	UClYV6hHlupm_S_ObS1W-DYw
2354	True Colors	The Weeknd	Starboy	INDIFFERENT	3:27	3Ox2AWEFhjQ	MPREb_FWIMEPTHFsY	UClYV6hHlupm_S_ObS1W-DYw
2356	Six Feet Under	The Weeknd	Starboy	INDIFFERENT	3:58	Jt5nPuMgKA8	MPREb_FWIMEPTHFsY	UClYV6hHlupm_S_ObS1W-DYw
2357	Love to Lay	The Weeknd	Starboy	INDIFFERENT	3:44	a1PkVEHV-w8	MPREb_FWIMEPTHFsY	UClYV6hHlupm_S_ObS1W-DYw
2358	A Lonely Night	The Weeknd	Starboy	INDIFFERENT	3:41	atGlHRi0n4A	MPREb_FWIMEPTHFsY	UClYV6hHlupm_S_ObS1W-DYw
2360	Ordinary Life	The Weeknd	Starboy	INDIFFERENT	3:42	tX2ncrjdZ3o	MPREb_FWIMEPTHFsY	UClYV6hHlupm_S_ObS1W-DYw
2362	All I Know (feat. Future)	The Weeknd	Starboy	INDIFFERENT	5:22	sfvFAqzIGh8	MPREb_FWIMEPTHFsY	UClYV6hHlupm_S_ObS1W-DYw
2363	Die for You	The Weeknd	Starboy	INDIFFERENT	4:21	mTLQhPFx2nM	MPREb_FWIMEPTHFsY	UClYV6hHlupm_S_ObS1W-DYw
2365	Save Your Tears	The Weeknd	The Highlights	INDIFFERENT	3:36	eQlbCmUt7f8	MPREb_8xvQsQro2af	UClYV6hHlupm_S_ObS1W-DYw
2366	Blinding Lights	The Weeknd	The Highlights	INDIFFERENT	3:21	aDA0MsVNSVg	MPREb_8xvQsQro2af	UClYV6hHlupm_S_ObS1W-DYw
2367	In Your Eyes	The Weeknd	The Highlights	INDIFFERENT	3:58	OlgDLkoAIRg	MPREb_8xvQsQro2af	UClYV6hHlupm_S_ObS1W-DYw
2371	Pray For Me	The Weeknd	The Highlights	INDIFFERENT	3:32	JU1v-giQny4	MPREb_8xvQsQro2af	UClYV6hHlupm_S_ObS1W-DYw
2372	Heartless	The Weeknd	The Highlights	INDIFFERENT	3:19	oaZ7gcOSezA	MPREb_8xvQsQro2af	UClYV6hHlupm_S_ObS1W-DYw
2375	Call Out My Name	The Weeknd	The Highlights	INDIFFERENT	3:49	JKYaOyGV194	MPREb_8xvQsQro2af	UClYV6hHlupm_S_ObS1W-DYw
2376	Die For You	The Weeknd	The Highlights	INDIFFERENT	4:21	rcq9zZS0k1s	MPREb_8xvQsQro2af	UClYV6hHlupm_S_ObS1W-DYw
2377	Earned It (Fifty Shades Of Grey)	The Weeknd	The Highlights	INDIFFERENT	4:38	7OE7kv2Kmms	MPREb_8xvQsQro2af	UClYV6hHlupm_S_ObS1W-DYw
2379	Acquainted	The Weeknd	The Highlights	INDIFFERENT	5:49	y3rxZ5EtUa8	MPREb_8xvQsQro2af	UClYV6hHlupm_S_ObS1W-DYw
2380	Wicked Games	The Weeknd	The Highlights	INDIFFERENT	5:26	fHHhgeKg2dE	MPREb_8xvQsQro2af	UClYV6hHlupm_S_ObS1W-DYw
2382	After Hours	The Weeknd	The Highlights	INDIFFERENT	6:02	sdUauAile7s	MPREb_8xvQsQro2af	UClYV6hHlupm_S_ObS1W-DYw
2269	Up All Night	The War On Drugs	A Deeper Understanding	INDIFFERENT	6:24	7y0caTEhOgw	MPREb_hHa4zrbcnHn	UCnAZ69DaeHv6RR63qdp1U8g
2271	Holding On	The War On Drugs	A Deeper Understanding	INDIFFERENT	5:51	C08__yI_48U	MPREb_hHa4zrbcnHn	UCnAZ69DaeHv6RR63qdp1U8g
2272	Strangest Thing	The War On Drugs	A Deeper Understanding	INDIFFERENT	6:42	iVVCGyWDfH0	MPREb_hHa4zrbcnHn	UCnAZ69DaeHv6RR63qdp1U8g
2273	Knocked Down	The War On Drugs	A Deeper Understanding	INDIFFERENT	4:00	NLsBfbw57_Y	MPREb_hHa4zrbcnHn	UCnAZ69DaeHv6RR63qdp1U8g
2274	Nothing To Find	The War On Drugs	A Deeper Understanding	INDIFFERENT	6:11	v_DDJNNnpoA	MPREb_hHa4zrbcnHn	UCnAZ69DaeHv6RR63qdp1U8g
2276	In Chains	The War On Drugs	A Deeper Understanding	INDIFFERENT	7:21	Y_1RR93EeNc	MPREb_hHa4zrbcnHn	UCnAZ69DaeHv6RR63qdp1U8g
2277	Clean Living	The War On Drugs	A Deeper Understanding	INDIFFERENT	6:29	ACgLf6bzoqo	MPREb_hHa4zrbcnHn	UCnAZ69DaeHv6RR63qdp1U8g
2278	You Don't Have To Go	The War On Drugs	A Deeper Understanding	INDIFFERENT	6:43	P2T_rpGRku0	MPREb_hHa4zrbcnHn	UCnAZ69DaeHv6RR63qdp1U8g
2279	Come to the City #14	The War On Drugs	Future Weather	INDIFFERENT	0:54	QfGzE2YQ_s4	MPREb_G8XEIcCpJi3	UCnAZ69DaeHv6RR63qdp1U8g
2280	Baby Missiles	The War On Drugs	Future Weather	INDIFFERENT	3:29	GAglXhIfIlw	MPREb_G8XEIcCpJi3	UCnAZ69DaeHv6RR63qdp1U8g
2282	A Pile of Tires	The War On Drugs	Future Weather	INDIFFERENT	3:51	ZUx25Du0RMc	MPREb_G8XEIcCpJi3	UCnAZ69DaeHv6RR63qdp1U8g
2284	Brothers	The War On Drugs	Future Weather	INDIFFERENT	5:13	Q5IOySi5U3A	MPREb_G8XEIcCpJi3	UCnAZ69DaeHv6RR63qdp1U8g
2285	Missiles Reprise	The War On Drugs	Future Weather	INDIFFERENT	2:19	hvEm4bniOgU	MPREb_G8XEIcCpJi3	UCnAZ69DaeHv6RR63qdp1U8g
2286	The History of Plastic	The War On Drugs	Future Weather	INDIFFERENT	8:04	EWK8fbQt0ZU	MPREb_G8XEIcCpJi3	UCnAZ69DaeHv6RR63qdp1U8g
2287	An Ocean Between The Waves (Live)	The War On Drugs	LIVE DRUGS	INDIFFERENT	7:31	8bKd_S37Nmo	MPREb_LxRiC42rBi4	UCnAZ69DaeHv6RR63qdp1U8g
2289	Strangest Thing (Live)	The War On Drugs	LIVE DRUGS	INDIFFERENT	7:14	NsPlEYUub_U	MPREb_LxRiC42rBi4	UCnAZ69DaeHv6RR63qdp1U8g
2292	Buenos Aires Beach (Live)	The War On Drugs	LIVE DRUGS	INDIFFERENT	5:10	2eD_Rt8GE8Q	MPREb_LxRiC42rBi4	UCnAZ69DaeHv6RR63qdp1U8g
2293	Accidentally Like A Martyr (Live)	The War On Drugs	LIVE DRUGS	INDIFFERENT	4:28	nKD516-Q-Wg	MPREb_LxRiC42rBi4	UCnAZ69DaeHv6RR63qdp1U8g
2294	Eyes To The Wind (Live)	The War On Drugs	LIVE DRUGS	INDIFFERENT	9:14	R9WTGjGEcT8	MPREb_LxRiC42rBi4	UCnAZ69DaeHv6RR63qdp1U8g
2296	In Reverse (Live)	The War On Drugs	LIVE DRUGS	INDIFFERENT	7:38	qeCoxl_Y8LE	MPREb_LxRiC42rBi4	UCnAZ69DaeHv6RR63qdp1U8g
2297	Best Night	The War On Drugs	Slave Ambient	INDIFFERENT	5:30	ofVhGezOlJg	MPREb_SuI480ETR9j	UCnAZ69DaeHv6RR63qdp1U8g
2298	Brothers	The War On Drugs	Slave Ambient	INDIFFERENT	4:29	nDwNQLDJYPs	MPREb_SuI480ETR9j	UCnAZ69DaeHv6RR63qdp1U8g
2299	I Was There	The War On Drugs	Slave Ambient	INDIFFERENT	3:49	ZQa16v3l2Tk	MPREb_SuI480ETR9j	UCnAZ69DaeHv6RR63qdp1U8g
2300	Your Love Is Calling My Name	The War On Drugs	Slave Ambient	INDIFFERENT	6:01	ic93x2GW-fQ	MPREb_SuI480ETR9j	UCnAZ69DaeHv6RR63qdp1U8g
2301	The Animator	The War On Drugs	Slave Ambient	INDIFFERENT	2:16	Ujp8Y3ugHWo	MPREb_SuI480ETR9j	UCnAZ69DaeHv6RR63qdp1U8g
2302	Come To The City	The War On Drugs	Slave Ambient	INDIFFERENT	4:31	32VV7SmAEbg	MPREb_SuI480ETR9j	UCnAZ69DaeHv6RR63qdp1U8g
2303	Come For It	The War On Drugs	Slave Ambient	INDIFFERENT	0:28	OWsaBGmZ1Xw	MPREb_SuI480ETR9j	UCnAZ69DaeHv6RR63qdp1U8g
2304	It's Your Destiny	The War On Drugs	Slave Ambient	INDIFFERENT	4:49	zA0GXVWT_jA	MPREb_SuI480ETR9j	UCnAZ69DaeHv6RR63qdp1U8g
2305	City Reprise #12	The War On Drugs	Slave Ambient	INDIFFERENT	3:05	qq_dIptc2pQ	MPREb_SuI480ETR9j	UCnAZ69DaeHv6RR63qdp1U8g
2306	Baby Missiles	The War On Drugs	Slave Ambient	INDIFFERENT	3:33	XGkEC_rvr0M	MPREb_SuI480ETR9j	UCnAZ69DaeHv6RR63qdp1U8g
2307	Original Slave	The War On Drugs	Slave Ambient	INDIFFERENT	3:11	Hg6CnII5mEA	MPREb_SuI480ETR9j	UCnAZ69DaeHv6RR63qdp1U8g
2308	Black Water Falls	The War On Drugs	Slave Ambient	INDIFFERENT	5:10	8iYs0-Y5eGQ	MPREb_SuI480ETR9j	UCnAZ69DaeHv6RR63qdp1U8g
2262	Sweet Marie	The Walters	Young Men	INDIFFERENT	2:18	yjCDNemTBF4	MPREb_doMcyrdVGRD	UCWXnGZRSAZJQ7JV7id5fufg
2266	City Blues	The Walters	Young Men	INDIFFERENT	3:45	1Wx7TXuoJq8	MPREb_doMcyrdVGRD	UCWXnGZRSAZJQ7JV7id5fufg
2268	Autumn Leaves	The Walters	Young Men	INDIFFERENT	3:29	Ya9oey_-NH0	MPREb_doMcyrdVGRD	UCWXnGZRSAZJQ7JV7id5fufg
2252	6th Avenue Heartache	The Wallflowers	Bringing Down the Horse	INDIFFERENT	5:36	ul4e57GmRK4	MPREb_ImRCgCuYAJH	UCo5omxucc1GfxRRwisE1QJw
2253	Bleeders	The Wallflowers	Bringing Down the Horse	INDIFFERENT	3:40	XjXPURmdrDE	MPREb_ImRCgCuYAJH	UCo5omxucc1GfxRRwisE1QJw
2254	Three Marlenas	The Wallflowers	Bringing Down the Horse	INDIFFERENT	4:59	5Mq2ZN_cYos	MPREb_ImRCgCuYAJH	UCo5omxucc1GfxRRwisE1QJw
2255	The Difference	The Wallflowers	Bringing Down the Horse	INDIFFERENT	3:49	WFKxWv_Ntpg	MPREb_ImRCgCuYAJH	UCo5omxucc1GfxRRwisE1QJw
2256	Invisible City	The Wallflowers	Bringing Down the Horse	INDIFFERENT	4:47	nGRztw6o1Bk	MPREb_ImRCgCuYAJH	UCo5omxucc1GfxRRwisE1QJw
2257	Laughing Out Loud	The Wallflowers	Bringing Down the Horse	INDIFFERENT	3:38	RIziLbHmSfQ	MPREb_ImRCgCuYAJH	UCo5omxucc1GfxRRwisE1QJw
2258	Josephine	The Wallflowers	Bringing Down the Horse	INDIFFERENT	5:08	T8iqsOmYQnI	MPREb_ImRCgCuYAJH	UCo5omxucc1GfxRRwisE1QJw
2259	God Don't Make Lonely Girls	The Wallflowers	Bringing Down the Horse	INDIFFERENT	4:48	F3c7HJkHeXY	MPREb_ImRCgCuYAJH	UCo5omxucc1GfxRRwisE1QJw
2260	Angel On My Bike	The Wallflowers	Bringing Down the Horse	INDIFFERENT	4:20	fRvHVEs1OzE	MPREb_ImRCgCuYAJH	UCo5omxucc1GfxRRwisE1QJw
2261	I Wish I Felt Nothing	The Wallflowers	Bringing Down the Horse	INDIFFERENT	5:01	fPvqw5YN07o	MPREb_ImRCgCuYAJH	UCo5omxucc1GfxRRwisE1QJw
2240	Hallelujah Time	The Wailers	Burnin'	INDIFFERENT	3:33	bl7DDOC7djI	MPREb_57nsSazhJb4	UCIoJ4M0MjsC9gOKuFdlnAGA
2246	Duppy Conqueror	The Wailers	Burnin'	INDIFFERENT	3:47	o34J5kNK5z0	MPREb_57nsSazhJb4	UCIoJ4M0MjsC9gOKuFdlnAGA
2249	Reincarnated Soul	The Wailers	Burnin'	INDIFFERENT	3:45	b5--nCkCWsY	MPREb_57nsSazhJb4	UCIoJ4M0MjsC9gOKuFdlnAGA
2250	The Oppressed Song (Remastered 2001)	The Wailers	Burnin'	INDIFFERENT	3:16	HJkBmcmTJuQ	MPREb_57nsSazhJb4	UCIoJ4M0MjsC9gOKuFdlnAGA
2211	No Trespassing (Stereo)	The Ventures	Walk - Don't Run: The Best Of The Ventures	INDIFFERENT	2:02	po4GW-WRgno	MPREb_jmI40k1che7	UCBTyn_Hs6HQQ6poBYsiQiVw
2212	Perfidia	The Ventures	Walk - Don't Run: The Best Of The Ventures	INDIFFERENT	2:06	XYTZSCB9iw8	MPREb_jmI40k1che7	UCBTyn_Hs6HQQ6poBYsiQiVw
2213	Ram-Bunk-Shush	The Ventures	Walk - Don't Run: The Best Of The Ventures	INDIFFERENT	1:46	pgWIAuGbeIw	MPREb_jmI40k1che7	UCBTyn_Hs6HQQ6poBYsiQiVw
2214	Lullaby Of The Leaves	The Ventures	Walk - Don't Run: The Best Of The Ventures	INDIFFERENT	2:02	VeXMaXol8zA	MPREb_jmI40k1che7	UCBTyn_Hs6HQQ6poBYsiQiVw
2215	Yellow Jacket	The Ventures	Walk - Don't Run: The Best Of The Ventures	INDIFFERENT	2:32	_a5NOL4axRI	MPREb_jmI40k1che7	UCBTyn_Hs6HQQ6poBYsiQiVw
2217	Road Runner	The Ventures	Walk - Don't Run: The Best Of The Ventures	INDIFFERENT	2:31	krtiDZSSTVk	MPREb_jmI40k1che7	UCBTyn_Hs6HQQ6poBYsiQiVw
2222	The Savage	The Ventures	Walk - Don't Run: The Best Of The Ventures	INDIFFERENT	2:10	DdJHSMu7ESQ	MPREb_jmI40k1che7	UCBTyn_Hs6HQQ6poBYsiQiVw
2223	Moon Child	The Ventures	Walk - Don't Run: The Best Of The Ventures	INDIFFERENT	2:10	T_bcpG9iRWM	MPREb_jmI40k1che7	UCBTyn_Hs6HQQ6poBYsiQiVw
2227	Pedal Pusher	The Ventures	Walk - Don't Run: The Best Of The Ventures	INDIFFERENT	2:37	qmBGWdQK7rU	MPREb_jmI40k1che7	UCBTyn_Hs6HQQ6poBYsiQiVw
2228	Slaughter On Tenth Avenue	The Ventures	Walk - Don't Run: The Best Of The Ventures	INDIFFERENT	2:22	WTbS0R1Xhgc	MPREb_jmI40k1che7	UCBTyn_Hs6HQQ6poBYsiQiVw
2231	Dick Tracy	The Ventures	Walk - Don't Run: The Best Of The Ventures	INDIFFERENT	2:01	0PFs4ryl6yU	MPREb_jmI40k1che7	UCBTyn_Hs6HQQ6poBYsiQiVw
2232	Flights Of Fantasy	The Ventures	Walk - Don't Run: The Best Of The Ventures	INDIFFERENT	2:14	iF7h5UbUjQo	MPREb_jmI40k1che7	UCBTyn_Hs6HQQ6poBYsiQiVw
2236	The Ventures Twist Party, Vol. 2 - Radio Spot	The Ventures	Walk - Don't Run: The Best Of The Ventures	INDIFFERENT	1:03	RZd1qcc3Gx8	MPREb_jmI40k1che7	UCBTyn_Hs6HQQ6poBYsiQiVw
2199	Run Run Run	The Velvet Underground & Nico	The Velvet Underground & Nico	INDIFFERENT	4:22	wIdf3PwKmEI	MPREb_xUQzHavBxlt	UCXNWrugB_J3sRBYR9idQWzg
2177	Head Held High (2015 Remastered)	The Velvet Underground	Loaded	INDIFFERENT	2:57	nT5OtX3yro4	MPREb_Xi6tzkPzoO5	UCXNWrugB_J3sRBYR9idQWzg
2178	Lonesome Cowboy Bill (2015 Remastered)	The Velvet Underground	Loaded	INDIFFERENT	2:44	4ijXYf6d42E	MPREb_Xi6tzkPzoO5	UCXNWrugB_J3sRBYR9idQWzg
2200	All Tomorrow's Parties	The Velvet Underground	The Velvet Underground & Nico	INDIFFERENT	5:59	nfAK-IAlcsY	MPREb_xUQzHavBxlt	UCXNWrugB_J3sRBYR9idQWzg
2205	White Light/White Heat	The Velvet Underground	White Light / White Heat	INDIFFERENT	2:48	AJy0LP8iYPg	MPREb_Z9Z8jdMztvF	UCXNWrugB_J3sRBYR9idQWzg
2136	Son Of A Gun	The Vaselines	Enter The Vaselines (Deluxe Edition)	INDIFFERENT	3:45	_p5iw64Xh40	MPREb_Ybb5WDbWHmw	UCpTlOwaL4-7r8deIXO56mdw
2137	Rory Rides Me Raw	The Vaselines	Enter The Vaselines (Deluxe Edition)	INDIFFERENT	2:26	0_IEOUIpAAw	MPREb_Ybb5WDbWHmw	UCpTlOwaL4-7r8deIXO56mdw
2139	Dying For It	The Vaselines	Enter The Vaselines (Deluxe Edition)	INDIFFERENT	2:21	mfLbq3Hl2as	MPREb_Ybb5WDbWHmw	UCpTlOwaL4-7r8deIXO56mdw
2140	Molly's Lips	The Vaselines	Enter The Vaselines (Deluxe Edition)	INDIFFERENT	1:44	p2wGu3VjmNo	MPREb_Ybb5WDbWHmw	UCpTlOwaL4-7r8deIXO56mdw
2141	Teenage Superstars	The Vaselines	Enter The Vaselines (Deluxe Edition)	INDIFFERENT	3:27	FsibpeHVGSw	MPREb_Ybb5WDbWHmw	UCpTlOwaL4-7r8deIXO56mdw
2143	Sex Sux (Amen)	The Vaselines	Enter The Vaselines (Deluxe Edition)	INDIFFERENT	3:10	sylSoCr48Q0	MPREb_Ybb5WDbWHmw	UCpTlOwaL4-7r8deIXO56mdw
2144	Slushy	The Vaselines	Enter The Vaselines (Deluxe Edition)	INDIFFERENT	1:56	9RIS-bfZsG8	MPREb_Ybb5WDbWHmw	UCpTlOwaL4-7r8deIXO56mdw
2145	Monsterpussy	The Vaselines	Enter The Vaselines (Deluxe Edition)	INDIFFERENT	1:42	dFyv5QkvHkM	MPREb_Ybb5WDbWHmw	UCpTlOwaL4-7r8deIXO56mdw
2146	Bitch	The Vaselines	Enter The Vaselines (Deluxe Edition)	INDIFFERENT	2:37	Z9FqfiNOAHU	MPREb_Ybb5WDbWHmw	UCpTlOwaL4-7r8deIXO56mdw
2147	No Hope	The Vaselines	Enter The Vaselines (Deluxe Edition)	INDIFFERENT	3:16	LNTCUOOc72Q	MPREb_Ybb5WDbWHmw	UCpTlOwaL4-7r8deIXO56mdw
2148	Oliver Twisted	The Vaselines	Enter The Vaselines (Deluxe Edition)	INDIFFERENT	2:49	UUvdEpvDqxc	MPREb_Ybb5WDbWHmw	UCpTlOwaL4-7r8deIXO56mdw
2149	The Day I Was A Horse	The Vaselines	Enter The Vaselines (Deluxe Edition)	INDIFFERENT	1:28	dF81HsT3zrE	MPREb_Ybb5WDbWHmw	UCpTlOwaL4-7r8deIXO56mdw
2150	Dum-Dum	The Vaselines	Enter The Vaselines (Deluxe Edition)	INDIFFERENT	1:57	FsGZwkPNg5E	MPREb_Ybb5WDbWHmw	UCpTlOwaL4-7r8deIXO56mdw
2151	Hairy	The Vaselines	Enter The Vaselines (Deluxe Edition)	INDIFFERENT	1:46	WbqkoakXve4	MPREb_Ybb5WDbWHmw	UCpTlOwaL4-7r8deIXO56mdw
2152	Lovecraft	The Vaselines	Enter The Vaselines (Deluxe Edition)	INDIFFERENT	5:37	0VRA-PV5zKg	MPREb_Ybb5WDbWHmw	UCpTlOwaL4-7r8deIXO56mdw
2153	Dying For It (The Blues)	The Vaselines	Enter The Vaselines (Deluxe Edition)	INDIFFERENT	3:04	XoBiO7Z1FG8	MPREb_Ybb5WDbWHmw	UCpTlOwaL4-7r8deIXO56mdw
2154	Let's Get Ugly	The Vaselines	Enter The Vaselines (Deluxe Edition)	INDIFFERENT	2:20	_xreZg5cjuA	MPREb_Ybb5WDbWHmw	UCpTlOwaL4-7r8deIXO56mdw
2155	Son Of A Gun (Demo)	The Vaselines	Enter The Vaselines (Deluxe Edition)	INDIFFERENT	2:29	G6PpMrQDFrg	MPREb_Ybb5WDbWHmw	UCpTlOwaL4-7r8deIXO56mdw
2156	Rosary Job (Demo)	The Vaselines	Enter The Vaselines (Deluxe Edition)	INDIFFERENT	3:01	G-br8zfzBqc	MPREb_Ybb5WDbWHmw	UCpTlOwaL4-7r8deIXO56mdw
2157	Red Poppy (Demo)	The Vaselines	Enter The Vaselines (Deluxe Edition)	INDIFFERENT	2:12	yuzBve7YMYM	MPREb_Ybb5WDbWHmw	UCpTlOwaL4-7r8deIXO56mdw
2158	Son Of A Gun (Live in Bristol)	The Vaselines	Enter The Vaselines (Deluxe Edition)	INDIFFERENT	3:58	8roPgbz9Tl4	MPREb_Ybb5WDbWHmw	UCpTlOwaL4-7r8deIXO56mdw
2159	Rosary Job (Live in Bristol)	The Vaselines	Enter The Vaselines (Deluxe Edition)	INDIFFERENT	3:23	s_d2wld8Z6M	MPREb_Ybb5WDbWHmw	UCpTlOwaL4-7r8deIXO56mdw
2160	Red Poppy (Live in Bristol)	The Vaselines	Enter The Vaselines (Deluxe Edition)	INDIFFERENT	2:10	zlTcayHebjs	MPREb_Ybb5WDbWHmw	UCpTlOwaL4-7r8deIXO56mdw
2161	Rory Rides Me Raw (Live in Bristol)	The Vaselines	Enter The Vaselines (Deluxe Edition)	INDIFFERENT	3:06	EDxN0dXstEI	MPREb_Ybb5WDbWHmw	UCpTlOwaL4-7r8deIXO56mdw
2162	You Think You're A Man (Live in Bristol)	The Vaselines	Enter The Vaselines (Deluxe Edition)	INDIFFERENT	1:48	ia6KJbdkqVc	MPREb_Ybb5WDbWHmw	UCpTlOwaL4-7r8deIXO56mdw
2163	Dying For It (Live in London)	The Vaselines	Enter The Vaselines (Deluxe Edition)	INDIFFERENT	2:12	7VI7wfZKuSs	MPREb_Ybb5WDbWHmw	UCpTlOwaL4-7r8deIXO56mdw
2164	Monsterpussy (Live in London)	The Vaselines	Enter The Vaselines (Deluxe Edition)	INDIFFERENT	1:58	LUPeJIOY0vY	MPREb_Ybb5WDbWHmw	UCpTlOwaL4-7r8deIXO56mdw
2165	Let's Get Ugly (Live in London)	The Vaselines	Enter The Vaselines (Deluxe Edition)	INDIFFERENT	3:03	Y6yofGU7LD4	MPREb_Ybb5WDbWHmw	UCpTlOwaL4-7r8deIXO56mdw
2166	Molly's Lips (Live in London)	The Vaselines	Enter The Vaselines (Deluxe Edition)	INDIFFERENT	2:14	ruadBg4QcEU	MPREb_Ybb5WDbWHmw	UCpTlOwaL4-7r8deIXO56mdw
2167	The Day I Was A Horse (Live in London)	The Vaselines	Enter The Vaselines (Deluxe Edition)	INDIFFERENT	2:37	DNlQI4Xf6Qk	MPREb_Ybb5WDbWHmw	UCpTlOwaL4-7r8deIXO56mdw
2168	The Day I Was A Horse (Again) (Live in London)	The Vaselines	Enter The Vaselines (Deluxe Edition)	INDIFFERENT	2:50	j12IjvhSJaA	MPREb_Ybb5WDbWHmw	UCpTlOwaL4-7r8deIXO56mdw
2169	Sex Sux (Amen) (Live in London)	The Vaselines	Enter The Vaselines (Deluxe Edition)	INDIFFERENT	4:14	lLxvsbQUR54	MPREb_Ybb5WDbWHmw	UCpTlOwaL4-7r8deIXO56mdw
2170	I Didn't Know I Loved You ('Til I Saw You Rock 'n' Roll) (Live in London)	The Vaselines	Enter The Vaselines (Deluxe Edition)	INDIFFERENT	3:25	GvvAcDFv3-8	MPREb_Ybb5WDbWHmw	UCpTlOwaL4-7r8deIXO56mdw
2171	Teenage Superstars (Live in London)	The Vaselines	Enter The Vaselines (Deluxe Edition)	INDIFFERENT	4:21	dZSELyDSZuo	MPREb_Ybb5WDbWHmw	UCpTlOwaL4-7r8deIXO56mdw
2126	Wreckin' Bar (Ra Ra Ra)	The Vaccines	What Did You Expect from The Vaccines?	INDIFFERENT	1:22	cd51JTMlHlk	MPREb_nYKxQXIzowe	UCgkRceouNXGqiX0QHQNUr_Q
2127	If You Wanna	The Vaccines	What Did You Expect from The Vaccines?	INDIFFERENT	2:55	hOkeNOlKfo8	MPREb_nYKxQXIzowe	UCgkRceouNXGqiX0QHQNUr_Q
2128	A Lack of Understanding	The Vaccines	What Did You Expect from The Vaccines?	INDIFFERENT	2:59	yZ0EzG2B90o	MPREb_nYKxQXIzowe	UCgkRceouNXGqiX0QHQNUr_Q
2129	Blow It Up	The Vaccines	What Did You Expect from The Vaccines?	INDIFFERENT	2:37	mHpaSMBkYRw	MPREb_nYKxQXIzowe	UCgkRceouNXGqiX0QHQNUr_Q
2130	Wetsuit	The Vaccines	What Did You Expect from The Vaccines?	INDIFFERENT	3:51	D25aWri5wFI	MPREb_nYKxQXIzowe	UCgkRceouNXGqiX0QHQNUr_Q
2132	Under Your Thumb	The Vaccines	What Did You Expect from The Vaccines?	INDIFFERENT	2:21	IQAz39l89Dg	MPREb_nYKxQXIzowe	UCgkRceouNXGqiX0QHQNUr_Q
2133	All In White	The Vaccines	What Did You Expect from The Vaccines?	INDIFFERENT	4:34	ATDtT8xu-n4	MPREb_nYKxQXIzowe	UCgkRceouNXGqiX0QHQNUr_Q
2134	Wolf Pack	The Vaccines	What Did You Expect from The Vaccines?	INDIFFERENT	2:24	uq_kSwmfvvE	MPREb_nYKxQXIzowe	UCgkRceouNXGqiX0QHQNUr_Q
2135	Family Friend	The Vaccines	What Did You Expect from The Vaccines?	INDIFFERENT	5:06	XfGvPAAxr7E	MPREb_nYKxQXIzowe	UCgkRceouNXGqiX0QHQNUr_Q
2117	Zion's Blood	The Upsetters	Super Ape	INDIFFERENT	3:55	eexjJIuuv0A	MPREb_GDNf27a5iKG	UCFCsABx-h6iF2D94EeXjkKg
2118	Underground	The Upsetters	Super Ape	INDIFFERENT	2:56	Pjj0CE5njfc	MPREb_GDNf27a5iKG	UCFCsABx-h6iF2D94EeXjkKg
2119	Curly Dub	The Upsetters	Super Ape	INDIFFERENT	4:12	QfiBpIRIYPw	MPREb_GDNf27a5iKG	UCFCsABx-h6iF2D94EeXjkKg
2120	Three In One	The Upsetters	Super Ape	INDIFFERENT	3:38	xrTEfaMEWKA	MPREb_GDNf27a5iKG	UCFCsABx-h6iF2D94EeXjkKg
2122	Super Ape	The Upsetters	Super Ape	INDIFFERENT	3:48	MTOomS0HfdA	MPREb_GDNf27a5iKG	UCFCsABx-h6iF2D94EeXjkKg
2123	Rastaman Shuffle (Single Version)	The Upsetters	Super Ape	INDIFFERENT	7:47	TJASlVh6t4Q	MPREb_GDNf27a5iKG	UCFCsABx-h6iF2D94EeXjkKg
2124	Magic Touch	The Upsetters	Super Ape	INDIFFERENT	4:01	KR2l6XWSAeI	MPREb_GDNf27a5iKG	UCFCsABx-h6iF2D94EeXjkKg
2125	Corn Fish Dub (Single Version)	The Upsetters	Super Ape	INDIFFERENT	4:23	e8hxNXpmzg8	MPREb_GDNf27a5iKG	UCFCsABx-h6iF2D94EeXjkKg
2098	Hard Coming Love	The United States of America	The United States Of America	INDIFFERENT	4:41	7j5qQgnUvDU	MPREb_BxoCzvknoOW	UC64is5DMxjBgiNTDeMzszUQ
2099	Cloud Song	The United States of America	The United States Of America	INDIFFERENT	3:18	ewbCMIV_b_E	MPREb_BxoCzvknoOW	UC64is5DMxjBgiNTDeMzszUQ
2100	The Garden Of Earthly Delights	The United States of America	The United States Of America	INDIFFERENT	2:39	RH5CI60S-8k	MPREb_BxoCzvknoOW	UC64is5DMxjBgiNTDeMzszUQ
2101	I Won't Leave My Wooden Wife For You, Sugar	The United States of America	The United States Of America	INDIFFERENT	3:51	ZaopCDKYRvE	MPREb_BxoCzvknoOW	UC64is5DMxjBgiNTDeMzszUQ
2103	Coming Down	The United States of America	The United States Of America	INDIFFERENT	2:37	cBunzf2qjhM	MPREb_BxoCzvknoOW	UC64is5DMxjBgiNTDeMzszUQ
2105	Stranded In Time	The United States of America	The United States Of America	INDIFFERENT	1:49	x54VuJybrpg	MPREb_BxoCzvknoOW	UC64is5DMxjBgiNTDeMzszUQ
2106	The American Way Of Love: Part I- Metaphor For An Olderman/Part II- California Good-Time Music/Part III- Love Is All	The United States of America	The United States Of America	INDIFFERENT	6:38	qU5faW7Lr_o	MPREb_BxoCzvknoOW	UC64is5DMxjBgiNTDeMzszUQ
2109	I Won't Leave My Wooden Wife For You, Sugar	The United States of America	The United States Of America	INDIFFERENT	3:45	-SKUrepKRMI	MPREb_BxoCzvknoOW	UC64is5DMxjBgiNTDeMzszUQ
2110	You Can Never Come Down	The United States of America	The United States Of America	INDIFFERENT	2:33	XXvjg9V29lE	MPREb_BxoCzvknoOW	UC64is5DMxjBgiNTDeMzszUQ
2111	Perry Pier	The United States of America	The United States Of America	INDIFFERENT	2:37	FAUcJf7UVss	MPREb_BxoCzvknoOW	UC64is5DMxjBgiNTDeMzszUQ
2112	Tailor Man	The United States of America	The United States Of America	INDIFFERENT	3:06	9yoIUn2-UfA	MPREb_BxoCzvknoOW	UC64is5DMxjBgiNTDeMzszUQ
2113	Do You Follow Me	The United States of America	The United States Of America	INDIFFERENT	2:34	CuB4aqfD9eE	MPREb_BxoCzvknoOW	UC64is5DMxjBgiNTDeMzszUQ
2115	Mouse (The Garden Of Earthly Delights)	The United States of America	The United States Of America	INDIFFERENT	2:40	5orVC6DYwfY	MPREb_BxoCzvknoOW	UC64is5DMxjBgiNTDeMzszUQ
2116	Heresy (Coming Down)	The United States of America	The United States Of America	INDIFFERENT	2:32	Q4P4rW4ytFo	MPREb_BxoCzvknoOW	UC64is5DMxjBgiNTDeMzszUQ
2107	Osamu's Birthday (Alternate Version)	The United States Of America	The United States Of America	INDIFFERENT	2:59	v-VugqydVKo	MPREb_BxoCzvknoOW	UC64is5DMxjBgiNTDeMzszUQ
2108	No Love To Give	The United States Of America	The United States Of America	INDIFFERENT	2:36	zKiWnSo0Vw8	MPREb_BxoCzvknoOW	UC64is5DMxjBgiNTDeMzszUQ
2090	Child Star	The Unicorns	Who Will Cut Our Hair When We're Gone?	INDIFFERENT	5:21	T9rxpXe0NIY	MPREb_BCm2nVAy3SW	UCdJUfyiyfi5FAPVeuA3SEDw
2091	Let's Get Known	The Unicorns	Who Will Cut Our Hair When We're Gone?	INDIFFERENT	1:57	DBwjEFaLlRU	MPREb_BCm2nVAy3SW	UCdJUfyiyfi5FAPVeuA3SEDw
2093	Tuff Luff	The Unicorns	Who Will Cut Our Hair When We're Gone?	INDIFFERENT	4:15	GwobAs3gCHg	MPREb_BCm2nVAy3SW	UCdJUfyiyfi5FAPVeuA3SEDw
2095	Les Os	The Unicorns	Who Will Cut Our Hair When We're Gone?	INDIFFERENT	3:32	XuCEbhMqORk	MPREb_BCm2nVAy3SW	UCdJUfyiyfi5FAPVeuA3SEDw
2096	Ready to Die	The Unicorns	Who Will Cut Our Hair When We're Gone?	INDIFFERENT	1:42	4vKcxdVh5k0	MPREb_BCm2nVAy3SW	UCdJUfyiyfi5FAPVeuA3SEDw
2069	So Devilish	The Underachievers	Indigoism	INDIFFERENT	3:31	P90ioPyIze8	MPREb_oHmcMyxr3Y6	UCIi2K6XOMaxkBIYCB5ww4Kw
2071	Maxing Out	The Underachievers	Indigoism	INDIFFERENT	3:25	6yMHbj450eY	MPREb_oHmcMyxr3Y6	UCIi2K6XOMaxkBIYCB5ww4Kw
2072	Herb Shuttles	The Underachievers	Indigoism	INDIFFERENT	3:16	h-Yr_WA4-kg	MPREb_oHmcMyxr3Y6	UCIi2K6XOMaxkBIYCB5ww4Kw
2074	New New York	The Underachievers	Indigoism	INDIFFERENT	2:50	fHm1PdNK32Y	MPREb_oHmcMyxr3Y6	UCIi2K6XOMaxkBIYCB5ww4Kw
2079	Potion Number 25	The Underachievers	Indigoism	INDIFFERENT	3:38	QxTj5Y2RPXA	MPREb_oHmcMyxr3Y6	UCIi2K6XOMaxkBIYCB5ww4Kw
2081	Leopard Shepard	The Underachievers	Indigoism	INDIFFERENT	4:19	fbaX_21NuEY	MPREb_oHmcMyxr3Y6	UCIi2K6XOMaxkBIYCB5ww4Kw
2083	Play Your Part	The Underachievers	Indigoism	INDIFFERENT	4:24	adGrd5mZVPQ	MPREb_oHmcMyxr3Y6	UCIi2K6XOMaxkBIYCB5ww4Kw
2005	Makin' My Mind Up	The Turtles	Happy Together	INDIFFERENT	2:16	y0If-71MFGw	MPREb_uNIqOTAXWYk	UCyaLZJOfKI9L4MQRfy65Psg
2006	Guide For The Married Man	The Turtles	Happy Together	INDIFFERENT	2:44	rPbLjdHr39g	MPREb_uNIqOTAXWYk	UCyaLZJOfKI9L4MQRfy65Psg
2007	Think I'll Run Away	The Turtles	Happy Together	INDIFFERENT	2:31	CEryPtc7XjE	MPREb_uNIqOTAXWYk	UCyaLZJOfKI9L4MQRfy65Psg
2008	The Walking Song	The Turtles	Happy Together	INDIFFERENT	2:44	n2hWP8gAnkU	MPREb_uNIqOTAXWYk	UCyaLZJOfKI9L4MQRfy65Psg
2009	Me About You	The Turtles	Happy Together	INDIFFERENT	2:32	3oxNRk_CFZA	MPREb_uNIqOTAXWYk	UCyaLZJOfKI9L4MQRfy65Psg
2011	She'd Rather Be With Me	The Turtles	Happy Together	INDIFFERENT	2:21	AIVvQdoJdGE	MPREb_uNIqOTAXWYk	UCyaLZJOfKI9L4MQRfy65Psg
2012	Too Young To Be One	The Turtles	Happy Together	INDIFFERENT	2:00	gzL-z7kfH9w	MPREb_uNIqOTAXWYk	UCyaLZJOfKI9L4MQRfy65Psg
2013	Person Without A Care	The Turtles	Happy Together	INDIFFERENT	2:25	Fv0ro02crGA	MPREb_uNIqOTAXWYk	UCyaLZJOfKI9L4MQRfy65Psg
2014	Like The Seasons	The Turtles	Happy Together	INDIFFERENT	1:56	wtQ-ALNMIrE	MPREb_uNIqOTAXWYk	UCyaLZJOfKI9L4MQRfy65Psg
2015	Rugs Of Woods And Flowers	The Turtles	Happy Together	INDIFFERENT	3:05	82VPrQb4B-s	MPREb_uNIqOTAXWYk	UCyaLZJOfKI9L4MQRfy65Psg
2016	She's My Girl	The Turtles	Happy Together	INDIFFERENT	2:37	so6EfGoApa0	MPREb_uNIqOTAXWYk	UCyaLZJOfKI9L4MQRfy65Psg
2017	You Know What I Mean	The Turtles	Happy Together	INDIFFERENT	2:02	COwn1Aw6Uzw	MPREb_uNIqOTAXWYk	UCyaLZJOfKI9L4MQRfy65Psg
2018	Is It Any Wonder	The Turtles	Happy Together	INDIFFERENT	2:32	_FqHNfCtcQE	MPREb_uNIqOTAXWYk	UCyaLZJOfKI9L4MQRfy65Psg
2019	Wanderin' Kind (Mono)	The Turtles	It Ain't Me Babe (Deluxe Version)	INDIFFERENT	2:06	pOPFunQnpwU	MPREb_IkZRV6s7E0V	UCyaLZJOfKI9L4MQRfy65Psg
2020	It Was a Very Good Year (Mono)	The Turtles	It Ain't Me Babe (Deluxe Version)	INDIFFERENT	1:55	t-FnD89hbqw	MPREb_IkZRV6s7E0V	UCyaLZJOfKI9L4MQRfy65Psg
2021	Your Maw Said You Cried (Mono)	The Turtles	It Ain't Me Babe (Deluxe Version)	INDIFFERENT	1:43	zYVNJGOy3_I	MPREb_IkZRV6s7E0V	UCyaLZJOfKI9L4MQRfy65Psg
2022	Eve of Destruction (Mono)	The Turtles	It Ain't Me Babe (Deluxe Version)	INDIFFERENT	2:43	KArpqtUXvSI	MPREb_IkZRV6s7E0V	UCyaLZJOfKI9L4MQRfy65Psg
2023	Glitter and Gold (Mono)	The Turtles	It Ain't Me Babe (Deluxe Version)	INDIFFERENT	2:07	rpZ-PYY-dUE	MPREb_IkZRV6s7E0V	UCyaLZJOfKI9L4MQRfy65Psg
2024	Let Me Be (Mono)	The Turtles	It Ain't Me Babe (Deluxe Version)	INDIFFERENT	2:21	-Z6zsHICwD4	MPREb_IkZRV6s7E0V	UCyaLZJOfKI9L4MQRfy65Psg
2025	Let the Cold Winds Blow (Mono)	The Turtles	It Ain't Me Babe (Deluxe Version)	INDIFFERENT	2:17	GC-iyBVThP0	MPREb_IkZRV6s7E0V	UCyaLZJOfKI9L4MQRfy65Psg
2026	It Ain't Me Babe (Mono)	The Turtles	It Ain't Me Babe (Deluxe Version)	INDIFFERENT	2:13	U3kBFBqiTfM	MPREb_IkZRV6s7E0V	UCyaLZJOfKI9L4MQRfy65Psg
2027	A Walk in the Sun (Mono)	The Turtles	It Ain't Me Babe (Deluxe Version)	INDIFFERENT	2:11	z0sscMJAtE4	MPREb_IkZRV6s7E0V	UCyaLZJOfKI9L4MQRfy65Psg
2028	Last Laugh (Mono)	The Turtles	It Ain't Me Babe (Deluxe Version)	INDIFFERENT	1:43	kjeqPCPn47I	MPREb_IkZRV6s7E0V	UCyaLZJOfKI9L4MQRfy65Psg
2029	Love Minus Zero (Mono)	The Turtles	It Ain't Me Babe (Deluxe Version)	INDIFFERENT	2:51	ByeJJ1DuVA4	MPREb_IkZRV6s7E0V	UCyaLZJOfKI9L4MQRfy65Psg
2030	Like a Rolling Stone (Mono)	The Turtles	It Ain't Me Babe (Deluxe Version)	INDIFFERENT	3:12	rtKmlyQsazM	MPREb_IkZRV6s7E0V	UCyaLZJOfKI9L4MQRfy65Psg
2031	Wanderin' Kind	The Turtles	It Ain't Me Babe (Deluxe Version)	INDIFFERENT	2:06	0lp-ZQ8LQxQ	MPREb_IkZRV6s7E0V	UCyaLZJOfKI9L4MQRfy65Psg
2032	It Was a Very Good Year	The Turtles	It Ain't Me Babe (Deluxe Version)	INDIFFERENT	1:54	8rUIOrkd0EM	MPREb_IkZRV6s7E0V	UCyaLZJOfKI9L4MQRfy65Psg
2033	Your Maw Said You Cried	The Turtles	It Ain't Me Babe (Deluxe Version)	INDIFFERENT	1:40	F1whuwmfmM4	MPREb_IkZRV6s7E0V	UCyaLZJOfKI9L4MQRfy65Psg
2035	Glitter and Gold	The Turtles	It Ain't Me Babe (Deluxe Version)	INDIFFERENT	2:06	Qw_wC2TJuQ0	MPREb_IkZRV6s7E0V	UCyaLZJOfKI9L4MQRfy65Psg
2036	Let Me Be	The Turtles	It Ain't Me Babe (Deluxe Version)	INDIFFERENT	2:22	4JUsX75wM2w	MPREb_IkZRV6s7E0V	UCyaLZJOfKI9L4MQRfy65Psg
2037	Let the Cold Winds Blow	The Turtles	It Ain't Me Babe (Deluxe Version)	INDIFFERENT	2:16	JJLHnbr8IHs	MPREb_IkZRV6s7E0V	UCyaLZJOfKI9L4MQRfy65Psg
2039	A Walk in the Sun	The Turtles	It Ain't Me Babe (Deluxe Version)	INDIFFERENT	2:10	jtedHUqUiPQ	MPREb_IkZRV6s7E0V	UCyaLZJOfKI9L4MQRfy65Psg
2040	Last Laugh	The Turtles	It Ain't Me Babe (Deluxe Version)	INDIFFERENT	1:44	qdiaG570sMk	MPREb_IkZRV6s7E0V	UCyaLZJOfKI9L4MQRfy65Psg
2041	Love Minus Zero	The Turtles	It Ain't Me Babe (Deluxe Version)	INDIFFERENT	2:50	ofJqmWOPv4o	MPREb_IkZRV6s7E0V	UCyaLZJOfKI9L4MQRfy65Psg
2042	Like a Rolling Stone	The Turtles	It Ain't Me Babe (Deluxe Version)	INDIFFERENT	3:13	M_5jSftOWlU	MPREb_IkZRV6s7E0V	UCyaLZJOfKI9L4MQRfy65Psg
2043	Flyin' High (Mono)	The Turtles	You Baby (Deluxe Version)	INDIFFERENT	1:46	CUcxCG9WK9g	MPREb_TbXPcdznCTI	UCyaLZJOfKI9L4MQRfy65Psg
2045	House of Pain (Mono)	The Turtles	You Baby (Deluxe Version)	INDIFFERENT	2:47	dtK3wYQUSHM	MPREb_TbXPcdznCTI	UCyaLZJOfKI9L4MQRfy65Psg
2046	Just a Room (Mono)	The Turtles	You Baby (Deluxe Version)	INDIFFERENT	2:29	hA-p2m12amA	MPREb_TbXPcdznCTI	UCyaLZJOfKI9L4MQRfy65Psg
2047	I Need Someone (Mono)	The Turtles	You Baby (Deluxe Version)	INDIFFERENT	2:21	KFLxankadM8	MPREb_TbXPcdznCTI	UCyaLZJOfKI9L4MQRfy65Psg
2048	Let Me Be (Mono)	The Turtles	You Baby (Deluxe Version)	INDIFFERENT	2:23	qSZDQSi_Azw	MPREb_TbXPcdznCTI	UCyaLZJOfKI9L4MQRfy65Psg
2049	Down in Suburbia (Mono)	The Turtles	You Baby (Deluxe Version)	INDIFFERENT	4:07	Hoc1nOttggU	MPREb_TbXPcdznCTI	UCyaLZJOfKI9L4MQRfy65Psg
2050	Give Love a Trial (Mono)	The Turtles	You Baby (Deluxe Version)	INDIFFERENT	2:17	bJ2v8gS-GFI	MPREb_TbXPcdznCTI	UCyaLZJOfKI9L4MQRfy65Psg
2051	You Baby (Mono)	The Turtles	You Baby (Deluxe Version)	INDIFFERENT	2:17	jLXZhsmWGsg	MPREb_TbXPcdznCTI	UCyaLZJOfKI9L4MQRfy65Psg
2052	Pall Bearing, Ball Bearing World (Mono)	The Turtles	You Baby (Deluxe Version)	INDIFFERENT	2:53	xjnmrHrB8lg	MPREb_TbXPcdznCTI	UCyaLZJOfKI9L4MQRfy65Psg
2053	All My Problems (Mono)	The Turtles	You Baby (Deluxe Version)	INDIFFERENT	3:15	RmUzuz5VrRs	MPREb_TbXPcdznCTI	UCyaLZJOfKI9L4MQRfy65Psg
2054	Almost There (Mono)	The Turtles	You Baby (Deluxe Version)	INDIFFERENT	2:13	o1FY_jqNdhU	MPREb_TbXPcdznCTI	UCyaLZJOfKI9L4MQRfy65Psg
2055	Flyin' High	The Turtles	You Baby (Deluxe Version)	INDIFFERENT	1:45	7iq3FF1PyUs	MPREb_TbXPcdznCTI	UCyaLZJOfKI9L4MQRfy65Psg
2057	House of Pain	The Turtles	You Baby (Deluxe Version)	INDIFFERENT	2:47	cpbEW3n0yl8	MPREb_TbXPcdznCTI	UCyaLZJOfKI9L4MQRfy65Psg
2058	Just a Room	The Turtles	You Baby (Deluxe Version)	INDIFFERENT	2:27	qTPB9MabQfQ	MPREb_TbXPcdznCTI	UCyaLZJOfKI9L4MQRfy65Psg
2059	I Need Someone	The Turtles	You Baby (Deluxe Version)	INDIFFERENT	2:21	tXHQ8eRTass	MPREb_TbXPcdznCTI	UCyaLZJOfKI9L4MQRfy65Psg
2060	Let Me Be	The Turtles	You Baby (Deluxe Version)	INDIFFERENT	2:23	2KuR4Vrb1iw	MPREb_TbXPcdznCTI	UCyaLZJOfKI9L4MQRfy65Psg
2061	Down in Suburbia	The Turtles	You Baby (Deluxe Version)	INDIFFERENT	4:05	r2gz2Xj-ZDY	MPREb_TbXPcdznCTI	UCyaLZJOfKI9L4MQRfy65Psg
2062	Give Love a Trial	The Turtles	You Baby (Deluxe Version)	INDIFFERENT	2:14	ii_Du2xm8dI	MPREb_TbXPcdznCTI	UCyaLZJOfKI9L4MQRfy65Psg
2064	Pall Bearing, Ball Bearing World	The Turtles	You Baby (Deluxe Version)	INDIFFERENT	2:52	xAZWcCfK4d4	MPREb_TbXPcdznCTI	UCyaLZJOfKI9L4MQRfy65Psg
2065	All My Problems	The Turtles	You Baby (Deluxe Version)	INDIFFERENT	3:14	v4CcgY5b3lo	MPREb_TbXPcdznCTI	UCyaLZJOfKI9L4MQRfy65Psg
2066	Almost There	The Turtles	You Baby (Deluxe Version)	INDIFFERENT	2:12	s-Pzotd7IWk	MPREb_TbXPcdznCTI	UCyaLZJOfKI9L4MQRfy65Psg
1998	Famous Last Words	The True Loves	Famous Last Words	INDIFFERENT	5:26	kqZZN-RgGP0	MPREb_7QGnz8xCfRI	UCkwC9vCZERHm7AbW97YtLfQ
2000	Shambling	The True Loves	Famous Last Words	INDIFFERENT	4:11	y8yqwk9TYd0	MPREb_7QGnz8xCfRI	UCkwC9vCZERHm7AbW97YtLfQ
2001	Mary Pop Poppins	The True Loves	Famous Last Words	INDIFFERENT	4:04	jTcH46g_mzM	MPREb_7QGnz8xCfRI	UCkwC9vCZERHm7AbW97YtLfQ
2003	CC Stomp	The True Loves	Famous Last Words	INDIFFERENT	2:27	jzUJBHrblQc	MPREb_7QGnz8xCfRI	UCkwC9vCZERHm7AbW97YtLfQ
2004	A Love That's True	The True Loves	Famous Last Words	INDIFFERENT	4:50	ytgUgejnpDg	MPREb_7QGnz8xCfRI	UCkwC9vCZERHm7AbW97YtLfQ
1917	Cyclon	The Trashmen	Bird Call! Twin City Stomp	INDIFFERENT	2:36	mI4HiIJMIBg	MPREb_RTxOI0CHhcD	UCKA351cmhCe3QBKk73X1xMw
1918	Sally Jo	The Trashmen	Bird Call! Twin City Stomp	INDIFFERENT	2:32	0IJQgIqIWw8	MPREb_RTxOI0CHhcD	UCKA351cmhCe3QBKk73X1xMw
1919	Johnny B. Goode	The Trashmen	Bird Call! Twin City Stomp	INDIFFERENT	2:45	nt3FdSRi13M	MPREb_RTxOI0CHhcD	UCKA351cmhCe3QBKk73X1xMw
1920	Malaguena (#1)	The Trashmen	Bird Call! Twin City Stomp	INDIFFERENT	2:56	8-BhZK7nWyI	MPREb_RTxOI0CHhcD	UCKA351cmhCe3QBKk73X1xMw
1921	Suzie Q	The Trashmen	Bird Call! Twin City Stomp	INDIFFERENT	2:10	W_TkzJ9f28k	MPREb_RTxOI0CHhcD	UCKA351cmhCe3QBKk73X1xMw
1922	Sweet Little Sixteen	The Trashmen	Bird Call! Twin City Stomp	INDIFFERENT	3:01	MxE74DqemSM	MPREb_RTxOI0CHhcD	UCKA351cmhCe3QBKk73X1xMw
1923	A Million Reasons	The Trashmen	Bird Call! Twin City Stomp	INDIFFERENT	3:15	MYxDkHDdyBo	MPREb_RTxOI0CHhcD	UCKA351cmhCe3QBKk73X1xMw
1924	Malaguena (#2)	The Trashmen	Bird Call! Twin City Stomp	INDIFFERENT	2:31	CbT2GMNJQwk	MPREb_RTxOI0CHhcD	UCKA351cmhCe3QBKk73X1xMw
1925	Guitar Boogie	The Trashmen	Bird Call! Twin City Stomp	INDIFFERENT	1:38	su3SWO33j8w	MPREb_RTxOI0CHhcD	UCKA351cmhCe3QBKk73X1xMw
1926	Surfin' Bird	The Trashmen	Bird Call! Twin City Stomp	INDIFFERENT	2:24	Qgmh0BjLKVM	MPREb_RTxOI0CHhcD	UCKA351cmhCe3QBKk73X1xMw
1927	King of the Surf	The Trashmen	Bird Call! Twin City Stomp	INDIFFERENT	2:31	_5F58pYTJfM	MPREb_RTxOI0CHhcD	UCKA351cmhCe3QBKk73X1xMw
1928	This Could Go on Forever	The Trashmen	Bird Call! Twin City Stomp	INDIFFERENT	1:59	T0XCF0XADhI	MPREb_RTxOI0CHhcD	UCKA351cmhCe3QBKk73X1xMw
1929	Yellow Jacket	The Trashmen	Bird Call! Twin City Stomp	INDIFFERENT	2:31	uSkPjHuq7PI	MPREb_RTxOI0CHhcD	UCKA351cmhCe3QBKk73X1xMw
1930	Rumble	The Trashmen	Bird Call! Twin City Stomp	INDIFFERENT	2:23	AMbLqlTXkn0	MPREb_RTxOI0CHhcD	UCKA351cmhCe3QBKk73X1xMw
1931	Let's Go Trippin'	The Trashmen	Bird Call! Twin City Stomp	INDIFFERENT	3:35	ihhEtFRTn38	MPREb_RTxOI0CHhcD	UCKA351cmhCe3QBKk73X1xMw
1932	My Woodie	The Trashmen	Bird Call! Twin City Stomp	INDIFFERENT	1:56	uMZyDEA5KTU	MPREb_RTxOI0CHhcD	UCKA351cmhCe3QBKk73X1xMw
1933	Bird Bath	The Trashmen	Bird Call! Twin City Stomp	INDIFFERENT	2:38	qYMxefAYcS0	MPREb_RTxOI0CHhcD	UCKA351cmhCe3QBKk73X1xMw
1934	Tube City	The Trashmen	Bird Call! Twin City Stomp	INDIFFERENT	3:23	-PgppCXdc6U	MPREb_RTxOI0CHhcD	UCKA351cmhCe3QBKk73X1xMw
1935	Farmer Louie	The Trashmen	Bird Call! Twin City Stomp	INDIFFERENT	3:52	9yMdScy7gp0	MPREb_RTxOI0CHhcD	UCKA351cmhCe3QBKk73X1xMw
1936	Goofy Foot	The Trashmen	Bird Call! Twin City Stomp	INDIFFERENT	4:03	N82oQZMy-F0	MPREb_RTxOI0CHhcD	UCKA351cmhCe3QBKk73X1xMw
1937	Church Key	The Trashmen	Bird Call! Twin City Stomp	INDIFFERENT	2:45	Y6G40Ji6HfU	MPREb_RTxOI0CHhcD	UCKA351cmhCe3QBKk73X1xMw
1938	Raw-Hide	The Trashmen	Bird Call! Twin City Stomp	INDIFFERENT	2:11	nzulpLBX0GI	MPREb_RTxOI0CHhcD	UCKA351cmhCe3QBKk73X1xMw
1939	Bird Dance Beat	The Trashmen	Bird Call! Twin City Stomp	INDIFFERENT	2:11	cpDkVD66jTw	MPREb_RTxOI0CHhcD	UCKA351cmhCe3QBKk73X1xMw
1940	A-Bone	The Trashmen	Bird Call! Twin City Stomp	INDIFFERENT	2:09	E8jVjIcvwb4	MPREb_RTxOI0CHhcD	UCKA351cmhCe3QBKk73X1xMw
1941	Stick Shift	The Trashmen	Bird Call! Twin City Stomp	INDIFFERENT	2:53	uB7zPX40Vsw	MPREb_RTxOI0CHhcD	UCKA351cmhCe3QBKk73X1xMw
1942	Ghost Riders in the Sky	The Trashmen	Bird Call! Twin City Stomp	INDIFFERENT	2:47	bJXdMv7qm9Q	MPREb_RTxOI0CHhcD	UCKA351cmhCe3QBKk73X1xMw
1943	Think It Over	The Trashmen	Bird Call! Twin City Stomp	INDIFFERENT	2:06	b4fGG7Y9SAo	MPREb_RTxOI0CHhcD	UCKA351cmhCe3QBKk73X1xMw
1944	Be True to Your School	The Trashmen	Bird Call! Twin City Stomp	INDIFFERENT	2:12	Xzjaqm_BJZY	MPREb_RTxOI0CHhcD	UCKA351cmhCe3QBKk73X1xMw
1945	Too Young	The Trashmen	Bird Call! Twin City Stomp	INDIFFERENT	2:07	9vO0LBIHFYQ	MPREb_RTxOI0CHhcD	UCKA351cmhCe3QBKk73X1xMw
1946	Greensleeves	The Trashmen	Bird Call! Twin City Stomp	INDIFFERENT	1:49	9qLbncnHvB0	MPREb_RTxOI0CHhcD	UCKA351cmhCe3QBKk73X1xMw
1947	Wild Cat Loose in Town	The Trashmen	Bird Call! Twin City Stomp	INDIFFERENT	2:00	ePiQH7pYxW4	MPREb_RTxOI0CHhcD	UCKA351cmhCe3QBKk73X1xMw
1948	Green Onions	The Trashmen	Bird Call! Twin City Stomp	INDIFFERENT	2:25	MuA77EGeYEo	MPREb_RTxOI0CHhcD	UCKA351cmhCe3QBKk73X1xMw
1950	We Belong Together	The Trashmen	Bird Call! Twin City Stomp	INDIFFERENT	2:09	8hxQ-4rA1wk	MPREb_RTxOI0CHhcD	UCKA351cmhCe3QBKk73X1xMw
1951	True True Lovin'	The Trashmen	Bird Call! Twin City Stomp	INDIFFERENT	2:02	ZmuflMpPZcM	MPREb_RTxOI0CHhcD	UCKA351cmhCe3QBKk73X1xMw
1952	Roll Over Beethoven	The Trashmen	Bird Call! Twin City Stomp	INDIFFERENT	2:23	q-6d-IYTpZM	MPREb_RTxOI0CHhcD	UCKA351cmhCe3QBKk73X1xMw
1953	Congratulations (To Me)	The Trashmen	Bird Call! Twin City Stomp	INDIFFERENT	3:20	TaEgUoN6hgs	MPREb_RTxOI0CHhcD	UCKA351cmhCe3QBKk73X1xMw
1955	Drive-In	The Trashmen	Bird Call! Twin City Stomp	INDIFFERENT	1:51	aMmwEC232Zk	MPREb_RTxOI0CHhcD	UCKA351cmhCe3QBKk73X1xMw
1956	Walkin' the Dog	The Trashmen	Bird Call! Twin City Stomp	INDIFFERENT	5:52	3WK9axOlPQ0	MPREb_RTxOI0CHhcD	UCKA351cmhCe3QBKk73X1xMw
1957	Break-Up	The Trashmen	Bird Call! Twin City Stomp	INDIFFERENT	3:23	MmiraGboZRE	MPREb_RTxOI0CHhcD	UCKA351cmhCe3QBKk73X1xMw
1958	Bad News	The Trashmen	Bird Call! Twin City Stomp	INDIFFERENT	2:18	ipJUtsnISQo	MPREb_RTxOI0CHhcD	UCKA351cmhCe3QBKk73X1xMw
1959	On the Move	The Trashmen	Bird Call! Twin City Stomp	INDIFFERENT	2:36	nt__O3EhpR4	MPREb_RTxOI0CHhcD	UCKA351cmhCe3QBKk73X1xMw
1960	New Generation	The Trashmen	Bird Call! Twin City Stomp	INDIFFERENT	2:02	bLPf67hzEpM	MPREb_RTxOI0CHhcD	UCKA351cmhCe3QBKk73X1xMw
1961	Whoa Dad!	The Trashmen	Bird Call! Twin City Stomp	INDIFFERENT	2:48	YCQOfYqCTL4	MPREb_RTxOI0CHhcD	UCKA351cmhCe3QBKk73X1xMw
1962	Peppermint Man	The Trashmen	Bird Call! Twin City Stomp	INDIFFERENT	2:43	37gIBExQBLM	MPREb_RTxOI0CHhcD	UCKA351cmhCe3QBKk73X1xMw
1963	Baja	The Trashmen	Bird Call! Twin City Stomp	INDIFFERENT	2:12	odTnbj29MdM	MPREb_RTxOI0CHhcD	UCKA351cmhCe3QBKk73X1xMw
1964	Long Tall Texan	The Trashmen	Bird Call! Twin City Stomp	INDIFFERENT	2:39	ZBuAbl5SxGw	MPREb_RTxOI0CHhcD	UCKA351cmhCe3QBKk73X1xMw
1965	Blue Feeling	The Trashmen	Bird Call! Twin City Stomp	INDIFFERENT	4:15	PT2wv8Lcfws	MPREb_RTxOI0CHhcD	UCKA351cmhCe3QBKk73X1xMw
1966	Great Balls of Fire	The Trashmen	Bird Call! Twin City Stomp	INDIFFERENT	3:00	xGo7szdp-VU	MPREb_RTxOI0CHhcD	UCKA351cmhCe3QBKk73X1xMw
1967	Lost Angel	The Trashmen	Bird Call! Twin City Stomp	INDIFFERENT	2:52	MNXabIRNqsk	MPREb_RTxOI0CHhcD	UCKA351cmhCe3QBKk73X1xMw
1968	Bye Bye Johnny	The Trashmen	Bird Call! Twin City Stomp	INDIFFERENT	4:25	54l3PfjENM0	MPREb_RTxOI0CHhcD	UCKA351cmhCe3QBKk73X1xMw
1969	Slow Down	The Trashmen	Bird Call! Twin City Stomp	INDIFFERENT	3:16	Nz7W1Nm0Zq0	MPREb_RTxOI0CHhcD	UCKA351cmhCe3QBKk73X1xMw
1970	Walkin' My Baby	The Trashmen	Bird Call! Twin City Stomp	INDIFFERENT	2:29	qX043-7OdUI	MPREb_RTxOI0CHhcD	UCKA351cmhCe3QBKk73X1xMw
1971	Keep Your Hands Off My Baby	The Trashmen	Bird Call! Twin City Stomp	INDIFFERENT	2:32	FgCpcHFg6jU	MPREb_RTxOI0CHhcD	UCKA351cmhCe3QBKk73X1xMw
1972	Hi-Heel Sneakers	The Trashmen	Bird Call! Twin City Stomp	INDIFFERENT	4:42	ThXSIG9vdLY	MPREb_RTxOI0CHhcD	UCKA351cmhCe3QBKk73X1xMw
1973	Summertime	The Trashmen	Bird Call! Twin City Stomp	INDIFFERENT	4:19	VF01-yoP9uM	MPREb_RTxOI0CHhcD	UCKA351cmhCe3QBKk73X1xMw
1974	Long Tall Sally	The Trashmen	Bird Call! Twin City Stomp	INDIFFERENT	4:29	HtGJu3ddAbA	MPREb_RTxOI0CHhcD	UCKA351cmhCe3QBKk73X1xMw
1975	Real Live Doll	The Trashmen	Bird Call! Twin City Stomp	INDIFFERENT	2:37	sgb8RTnkiQE	MPREb_RTxOI0CHhcD	UCKA351cmhCe3QBKk73X1xMw
1976	Dancin' with Santa	The Trashmen	Bird Call! Twin City Stomp	INDIFFERENT	2:31	px4WEI87hMc	MPREb_RTxOI0CHhcD	UCKA351cmhCe3QBKk73X1xMw
1977	Bird '65	The Trashmen	Bird Call! Twin City Stomp	INDIFFERENT	2:48	BAq-UMn02sA	MPREb_RTxOI0CHhcD	UCKA351cmhCe3QBKk73X1xMw
1978	Ubangi Stomp	The Trashmen	Bird Call! Twin City Stomp	INDIFFERENT	2:28	DmAKfZnFSLI	MPREb_RTxOI0CHhcD	UCKA351cmhCe3QBKk73X1xMw
1979	That I Love You	The Trashmen	Bird Call! Twin City Stomp	INDIFFERENT	2:36	_FSUxbHe8fw	MPREb_RTxOI0CHhcD	UCKA351cmhCe3QBKk73X1xMw
1980	Love's Made a Fool of You	The Trashmen	Bird Call! Twin City Stomp	INDIFFERENT	2:10	wAO_3YOyEHg	MPREb_RTxOI0CHhcD	UCKA351cmhCe3QBKk73X1xMw
1981	Same Lines	The Trashmen	Bird Call! Twin City Stomp	INDIFFERENT	2:11	OhV34Fm58ko	MPREb_RTxOI0CHhcD	UCKA351cmhCe3QBKk73X1xMw
1982	Hanging on Me	The Trashmen	Bird Call! Twin City Stomp	INDIFFERENT	2:32	EoB_1zoZghM	MPREb_RTxOI0CHhcD	UCKA351cmhCe3QBKk73X1xMw
1983	Pretty Country Girl	The Trashmen	Bird Call! Twin City Stomp	INDIFFERENT	3:05	E4oMIx3rKaE	MPREb_RTxOI0CHhcD	UCKA351cmhCe3QBKk73X1xMw
1984	Mind You Own Business	The Trashmen	Bird Call! Twin City Stomp	INDIFFERENT	2:17	EDM_tiApU3I	MPREb_RTxOI0CHhcD	UCKA351cmhCe3QBKk73X1xMw
1985	Talk About Love (#1)	The Trashmen	Bird Call! Twin City Stomp	INDIFFERENT	2:03	nJZyHDC4E3g	MPREb_RTxOI0CHhcD	UCKA351cmhCe3QBKk73X1xMw
1986	Gloria	The Trashmen	Bird Call! Twin City Stomp	INDIFFERENT	3:42	lvM_4g3Ophs	MPREb_RTxOI0CHhcD	UCKA351cmhCe3QBKk73X1xMw
1987	Tell Me How	The Trashmen	Bird Call! Twin City Stomp	INDIFFERENT	2:23	94QvJ5zI9q0	MPREb_RTxOI0CHhcD	UCKA351cmhCe3QBKk73X1xMw
1988	Bird Diddley Beat	The Trashmen	Bird Call! Twin City Stomp	INDIFFERENT	2:09	em3Jlsfia54	MPREb_RTxOI0CHhcD	UCKA351cmhCe3QBKk73X1xMw
1989	It Takes Two	The Trashmen	Bird Call! Twin City Stomp	INDIFFERENT	2:22	mRWug18eBo8	MPREb_RTxOI0CHhcD	UCKA351cmhCe3QBKk73X1xMw
1990	Heartbeat	The Trashmen	Bird Call! Twin City Stomp	INDIFFERENT	1:46	KMD5lT4vZCk	MPREb_RTxOI0CHhcD	UCKA351cmhCe3QBKk73X1xMw
1991	Well, All Right	The Trashmen	Bird Call! Twin City Stomp	INDIFFERENT	2:15	coAsUQoAVHI	MPREb_RTxOI0CHhcD	UCKA351cmhCe3QBKk73X1xMw
1992	Talk About Love (#2)	The Trashmen	Bird Call! Twin City Stomp	INDIFFERENT	2:07	LS1nAPq4p1I	MPREb_RTxOI0CHhcD	UCKA351cmhCe3QBKk73X1xMw
1993	I'm Not Your Stepping Stone	The Trashmen	Bird Call! Twin City Stomp	INDIFFERENT	2:39	o8OffWbnz78	MPREb_RTxOI0CHhcD	UCKA351cmhCe3QBKk73X1xMw
1994	Breathless	The Trashmen	Bird Call! Twin City Stomp	INDIFFERENT	2:58	PaqWeeK6ac0	MPREb_RTxOI0CHhcD	UCKA351cmhCe3QBKk73X1xMw
1995	What'd I Say	The Trashmen	Bird Call! Twin City Stomp	INDIFFERENT	4:34	6nR91PHkBvM	MPREb_RTxOI0CHhcD	UCKA351cmhCe3QBKk73X1xMw
1996	Money	The Trashmen	Bird Call! Twin City Stomp	INDIFFERENT	6:03	nMKs1FkNWDs	MPREb_RTxOI0CHhcD	UCKA351cmhCe3QBKk73X1xMw
1906	Baby, Baby I Need You	The Temptations	The Temptations Sing Smokey	INDIFFERENT	2:53	aOUfiY7GJCc	MPREb_4R54HWzffT4	UCwWtKZD4xNVpEHndNxYu51g
1908	What Love Has Joined Together (Album Version / Stereo)	The Temptations	The Temptations Sing Smokey	INDIFFERENT	2:58	YSUuFpEE85o	MPREb_4R54HWzffT4	UCwWtKZD4xNVpEHndNxYu51g
1909	You'll Lose A Precious Love (Stereo)	The Temptations	The Temptations Sing Smokey	INDIFFERENT	2:35	TU2GMmgB21s	MPREb_4R54HWzffT4	UCwWtKZD4xNVpEHndNxYu51g
1910	It's Growing	The Temptations	The Temptations Sing Smokey	INDIFFERENT	3:00	ErkT2KA0OQo	MPREb_4R54HWzffT4	UCwWtKZD4xNVpEHndNxYu51g
1911	Who's Lovin' You (Stereo)	The Temptations	The Temptations Sing Smokey	INDIFFERENT	3:00	x138deShSXE	MPREb_4R54HWzffT4	UCwWtKZD4xNVpEHndNxYu51g
1912	What's So Good About Goodbye	The Temptations	The Temptations Sing Smokey	INDIFFERENT	2:40	Z6gGR8kVGm8	MPREb_4R54HWzffT4	UCwWtKZD4xNVpEHndNxYu51g
1913	You Beat Me To The Punch	The Temptations	The Temptations Sing Smokey	INDIFFERENT	2:45	HRQfL_r-RgI	MPREb_4R54HWzffT4	UCwWtKZD4xNVpEHndNxYu51g
1914	Way Over There	The Temptations	The Temptations Sing Smokey	INDIFFERENT	3:03	Xgg60UEHJLA	MPREb_4R54HWzffT4	UCwWtKZD4xNVpEHndNxYu51g
1915	You've Really Got A Hold On Me	The Temptations	The Temptations Sing Smokey	INDIFFERENT	3:01	8U8MPvLS0Hk	MPREb_4R54HWzffT4	UCwWtKZD4xNVpEHndNxYu51g
1916	(You Can) Depend On Me	The Temptations	The Temptations Sing Smokey	INDIFFERENT	2:33	y17k7SGAQLE	MPREb_4R54HWzffT4	UCwWtKZD4xNVpEHndNxYu51g
1904	The Surfaris Wipe Out	The Surfaris	The Surfaris Wipe Out	INDIFFERENT	2:17	UVub9rqAqWg	MPREb_VYUe766QtMg	UCNxuPP8T5zM9bpCRcfpEwWg
1890	The Sound's Around You	The Sunshine Fix	The Future History of a Sunshine Fix	INDIFFERENT	3:52	DszPw0ZdkqA	MPREb_2eK70r9Ksi4	UCcwqyupaPOaEKHrR2x3O9oQ
1891	The Many Keys to Reunion	The Sunshine Fix	The Future History of a Sunshine Fix	INDIFFERENT	3:29	MrA5xPZJ5a8	MPREb_2eK70r9Ksi4	UCcwqyupaPOaEKHrR2x3O9oQ
1892	Last Night I Had a Dream (Said I Had a Dream Last Night)	The Sunshine Fix	The Future History of a Sunshine Fix	INDIFFERENT	2:29	xSlwBsdrDBc	MPREb_2eK70r9Ksi4	UCcwqyupaPOaEKHrR2x3O9oQ
1894	Beaconary Words ...	The Sunshine Fix	The Future History of a Sunshine Fix	INDIFFERENT	2:09	1aHlvaMGR0I	MPREb_2eK70r9Ksi4	UCcwqyupaPOaEKHrR2x3O9oQ
1849	All The Time	The Strokes	Comedown Machine	INDIFFERENT	3:02	8Zmr7phCSkc	MPREb_afYlxCdI2XP	UC8N13xhRG78YQK7Ppc4Ytrg
1853	50/50	The Strokes	Comedown Machine	INDIFFERENT	2:44	_3YYEU4_x_0	MPREb_afYlxCdI2XP	UC8N13xhRG78YQK7Ppc4Ytrg
1854	Slow Animals	The Strokes	Comedown Machine	INDIFFERENT	4:21	a-TXdA79XeQ	MPREb_afYlxCdI2XP	UC8N13xhRG78YQK7Ppc4Ytrg
1855	Partners In Crime	The Strokes	Comedown Machine	INDIFFERENT	3:22	7w5tKFh9pd0	MPREb_afYlxCdI2XP	UC8N13xhRG78YQK7Ppc4Ytrg
1856	Chances	The Strokes	Comedown Machine	INDIFFERENT	3:37	VapE5d5gOvo	MPREb_afYlxCdI2XP	UC8N13xhRG78YQK7Ppc4Ytrg
1867	When It Started	The Strokes	Is This It	INDIFFERENT	2:56	5DheMMCksAI	MPREb_pPtBvGEbwzO	UC8N13xhRG78YQK7Ppc4Ytrg
1869	Take It Or Leave It	The Strokes	Is This It	INDIFFERENT	3:17	zThEe7YA8Ko	MPREb_pPtBvGEbwzO	UC8N13xhRG78YQK7Ppc4Ytrg
1882	Selfless	The Strokes	The New Abnormal	INDIFFERENT	3:43	qEygdC7nmcU	MPREb_Yjuw9jDLBok	UC8N13xhRG78YQK7Ppc4Ytrg
1884	Bad Decisions	The Strokes	The New Abnormal	INDIFFERENT	4:54	ES4nBVwjpiU	MPREb_Yjuw9jDLBok	UC8N13xhRG78YQK7Ppc4Ytrg
1887	Why Are Sundays So Depressing	The Strokes	The New Abnormal	INDIFFERENT	4:36	_kUDTJA1KWk	MPREb_Yjuw9jDLBok	UC8N13xhRG78YQK7Ppc4Ytrg
1888	Not The Same Anymore	The Strokes	The New Abnormal	INDIFFERENT	5:38	sY1U0eJV5es	MPREb_Yjuw9jDLBok	UC8N13xhRG78YQK7Ppc4Ytrg
1824	Could Well Be In	The Streets	A Grand Don't Come for Free	INDIFFERENT	4:24	tD-CvTgMDWs	MPREb_YaAsqkScj3p	UCIChmPKJxNQi1FoUB1_8i4Q
1825	Not Addicted	The Streets	A Grand Don't Come for Free	INDIFFERENT	3:41	_ohfc_0yn-o	MPREb_YaAsqkScj3p	UCIChmPKJxNQi1FoUB1_8i4Q
1827	Wouldn't Have It Any Other Way	The Streets	A Grand Don't Come for Free	INDIFFERENT	4:37	vhXVdbWcexQ	MPREb_YaAsqkScj3p	UCIChmPKJxNQi1FoUB1_8i4Q
1830	Such a Twat	The Streets	A Grand Don't Come for Free	INDIFFERENT	3:48	-EQXZS0ci4U	MPREb_YaAsqkScj3p	UCIChmPKJxNQi1FoUB1_8i4Q
1831	What Is He Thinking?	The Streets	A Grand Don't Come for Free	INDIFFERENT	4:41	liudXy4TVAQ	MPREb_YaAsqkScj3p	UCIChmPKJxNQi1FoUB1_8i4Q
1832	Dry Your Eyes	The Streets	A Grand Don't Come for Free	INDIFFERENT	4:32	6jZ5R9uH_Vk	MPREb_YaAsqkScj3p	UCIChmPKJxNQi1FoUB1_8i4Q
1833	Empty Cans	The Streets	A Grand Don't Come for Free	INDIFFERENT	8:15	R9slKg5Pscs	MPREb_YaAsqkScj3p	UCIChmPKJxNQi1FoUB1_8i4Q
1834	Turn the Page	The Streets	Original Pirate Material	INDIFFERENT	3:16	D7GnKJLzWaw	MPREb_IudKfP3IDWv	UCIChmPKJxNQi1FoUB1_8i4Q
1835	Has It Come to This?	The Streets	Original Pirate Material	INDIFFERENT	4:04	7rADktJaT6Y	MPREb_IudKfP3IDWv	UCIChmPKJxNQi1FoUB1_8i4Q
1836	Let's Push Things Forward	The Streets	Original Pirate Material	INDIFFERENT	3:50	yRcxmhk_6ZA	MPREb_IudKfP3IDWv	UCIChmPKJxNQi1FoUB1_8i4Q
1837	Sharp Darts	The Streets	Original Pirate Material	INDIFFERENT	1:34	wikJJC9hOH0	MPREb_IudKfP3IDWv	UCIChmPKJxNQi1FoUB1_8i4Q
1838	Same Old Thing	The Streets	Original Pirate Material	INDIFFERENT	3:22	jxgfwPl6wWI	MPREb_IudKfP3IDWv	UCIChmPKJxNQi1FoUB1_8i4Q
1839	Geezers Need Excitement	The Streets	Original Pirate Material	INDIFFERENT	3:45	2dvP-HjQHio	MPREb_IudKfP3IDWv	UCIChmPKJxNQi1FoUB1_8i4Q
1840	It's Too Late	The Streets	Original Pirate Material	INDIFFERENT	4:11	-9xHO_m8kGc	MPREb_IudKfP3IDWv	UCIChmPKJxNQi1FoUB1_8i4Q
1841	Too Much Brandy	The Streets	Original Pirate Material	INDIFFERENT	3:02	qca22tkKTfU	MPREb_IudKfP3IDWv	UCIChmPKJxNQi1FoUB1_8i4Q
1842	Don't Mug Yourself	The Streets	Original Pirate Material	INDIFFERENT	2:38	UGWPg2z3x_4	MPREb_IudKfP3IDWv	UCIChmPKJxNQi1FoUB1_8i4Q
1843	Who Got the Funk?	The Streets	Original Pirate Material	INDIFFERENT	1:50	u7iBCAIUG2A	MPREb_IudKfP3IDWv	UCIChmPKJxNQi1FoUB1_8i4Q
1846	Who Dares Wins	The Streets	Original Pirate Material	INDIFFERENT	0:35	5BDaGl1oyzs	MPREb_IudKfP3IDWv	UCIChmPKJxNQi1FoUB1_8i4Q
1847	Stay Positive	The Streets	Original Pirate Material	INDIFFERENT	6:16	h4FJg8ywAwA	MPREb_IudKfP3IDWv	UCIChmPKJxNQi1FoUB1_8i4Q
1821	Fun House	The Stooges	Funhouse	INDIFFERENT	7:46	JUqKUVpsuYU	MPREb_leYXfaA1EG3	UCCT8KMU8ReissgaPl7pvo9g
1822	L.A. Blues	The Stooges	Funhouse	INDIFFERENT	4:54	Js_eWVPrSlA	MPREb_leYXfaA1EG3	UCCT8KMU8ReissgaPl7pvo9g
1811	Elizabeth My Dear	The Stone Roses	The Stone Roses	INDIFFERENT	0:54	zrRKmKVYrPg	MPREb_Xr5fImSTuRU	UCccFm9vNZz5u1deqhWhN2Yw
1812	(Song for My) Sugar Spun Sister	The Stone Roses	The Stone Roses	INDIFFERENT	3:27	E7wflP-o1VQ	MPREb_Xr5fImSTuRU	UCccFm9vNZz5u1deqhWhN2Yw
1814	Shoot You Down	The Stone Roses	The Stone Roses	INDIFFERENT	4:14	SesXkvL485c	MPREb_Xr5fImSTuRU	UCccFm9vNZz5u1deqhWhN2Yw
1815	This Is the One	The Stone Roses	The Stone Roses	INDIFFERENT	5:00	DBwU_EtoP1o	MPREb_Xr5fImSTuRU	UCccFm9vNZz5u1deqhWhN2Yw
1816	I Am the Resurrection	The Stone Roses	The Stone Roses	INDIFFERENT	8:13	vWP54WPwYlI	MPREb_Xr5fImSTuRU	UCccFm9vNZz5u1deqhWhN2Yw
1765	Medication	The Standells	Dirty Water (Expanded Edition)	INDIFFERENT	2:54	fg36NUSnB0M	MPREb_ss5smRmKVC0	UCztpwWlN0F9CAjAFSwutaEg
1766	Little Sally Tease	The Standells	Dirty Water (Expanded Edition)	INDIFFERENT	2:40	QpV4Bo4UpSg	MPREb_ss5smRmKVC0	UCztpwWlN0F9CAjAFSwutaEg
1767	There Is A Storm Comin'	The Standells	Dirty Water (Expanded Edition)	INDIFFERENT	2:50	Us4DlBrayYg	MPREb_ss5smRmKVC0	UCztpwWlN0F9CAjAFSwutaEg
1768	19th Nervous Breakdown	The Standells	Dirty Water (Expanded Edition)	INDIFFERENT	3:53	hjEpc2bq46Y	MPREb_ss5smRmKVC0	UCztpwWlN0F9CAjAFSwutaEg
1769	Dirty Water	The Standells	Dirty Water (Expanded Edition)	INDIFFERENT	2:48	DpSIRqvx5us	MPREb_ss5smRmKVC0	UCztpwWlN0F9CAjAFSwutaEg
1770	Pride And Devotion	The Standells	Dirty Water (Expanded Edition)	INDIFFERENT	2:15	FLGY15siV94	MPREb_ss5smRmKVC0	UCztpwWlN0F9CAjAFSwutaEg
1771	Sometimes Good Guys Don't Wear White (Mono Version)	The Standells	Dirty Water (Expanded Edition)	INDIFFERENT	2:54	YKaJKRYB3fM	MPREb_ss5smRmKVC0	UCztpwWlN0F9CAjAFSwutaEg
1773	Why Did You Hurt Me	The Standells	Dirty Water (Expanded Edition)	INDIFFERENT	2:30	pRRzaSnjGVc	MPREb_ss5smRmKVC0	UCztpwWlN0F9CAjAFSwutaEg
1774	Rari	The Standells	Dirty Water (Expanded Edition)	INDIFFERENT	3:28	N4apqrlm9Nw	MPREb_ss5smRmKVC0	UCztpwWlN0F9CAjAFSwutaEg
1775	Batman	The Standells	Dirty Water (Expanded Edition)	INDIFFERENT	3:05	4tb6ez_m4Tk	MPREb_ss5smRmKVC0	UCztpwWlN0F9CAjAFSwutaEg
1776	It's All In Your Mind	The Standells	Dirty Water (Expanded Edition)	INDIFFERENT	2:25	Nzqy43wmkbc	MPREb_ss5smRmKVC0	UCztpwWlN0F9CAjAFSwutaEg
1777	Love Me	The Standells	Dirty Water (Expanded Edition)	INDIFFERENT	2:45	K8v3cL2JFNo	MPREb_ss5smRmKVC0	UCztpwWlN0F9CAjAFSwutaEg
1778	Poor Man's Prison	The Standells	Dirty Water (Expanded Edition)	INDIFFERENT	2:28	mfQTqJkmQAs	MPREb_ss5smRmKVC0	UCztpwWlN0F9CAjAFSwutaEg
1779	Take A Ride	The Standells	Dirty Water (Expanded Edition)	INDIFFERENT	2:07	euqSKCqHU2A	MPREb_ss5smRmKVC0	UCztpwWlN0F9CAjAFSwutaEg
1752	Do the Dog (2002 Remaster)	The Specials	The Specials	INDIFFERENT	2:12	NnlleEClJkE	MPREb_HpbyjWAyTLR	UC2_ZQJKkRF9GapgwTMd_LMw
1754	Nite Klub (2002 Remaster)	The Specials	The Specials	INDIFFERENT	3:23	qrwpDIvrCHU	MPREb_HpbyjWAyTLR	UC2_ZQJKkRF9GapgwTMd_LMw
1756	Concrete Jungle (2002 Remaster)	The Specials	The Specials	INDIFFERENT	3:19	60Rmlpvcfic	MPREb_HpbyjWAyTLR	UC2_ZQJKkRF9GapgwTMd_LMw
1757	Too Hot (2002 Remaster)	The Specials	The Specials	INDIFFERENT	3:10	zg8wfHFeRQc	MPREb_HpbyjWAyTLR	UC2_ZQJKkRF9GapgwTMd_LMw
1758	Monkey Man (2002 Remaster)	The Specials	The Specials	INDIFFERENT	2:45	6qgfsr3Jnfo	MPREb_HpbyjWAyTLR	UC2_ZQJKkRF9GapgwTMd_LMw
1760	Blank Expression (2002 Remaster)	The Specials	The Specials	INDIFFERENT	2:45	SNGjZ0eLpkM	MPREb_HpbyjWAyTLR	UC2_ZQJKkRF9GapgwTMd_LMw
1762	Too Much Too Young (2002 Remaster)	The Specials	The Specials	INDIFFERENT	6:06	ET0vukIyRWg	MPREb_HpbyjWAyTLR	UC2_ZQJKkRF9GapgwTMd_LMw
1763	Little Bitch (2002 Remaster)	The Specials	The Specials	INDIFFERENT	2:33	SabT3QeAmiQ	MPREb_HpbyjWAyTLR	UC2_ZQJKkRF9GapgwTMd_LMw
1764	You're Wondering Now (2002 Remaster)	The Specials	The Specials	INDIFFERENT	2:37	ekzb7EZSko0	MPREb_HpbyjWAyTLR	UC2_ZQJKkRF9GapgwTMd_LMw
1744	Contact the Fact	The Sound	From The Lion's Mouth	INDIFFERENT	4:22	swG4KSjADMY	MPREb_aKojPfe9Tlh	UCVenxdjfY0pKLGWvMskNfqA
1746	Judgement	The Sound	From The Lion's Mouth	INDIFFERENT	5:04	S0yFODR1Z9A	MPREb_aKojPfe9Tlh	UCVenxdjfY0pKLGWvMskNfqA
1747	Fatal Flaw	The Sound	From The Lion's Mouth	INDIFFERENT	4:37	0R2OS9ImtIU	MPREb_aKojPfe9Tlh	UCVenxdjfY0pKLGWvMskNfqA
1748	Possession	The Sound	From The Lion's Mouth	INDIFFERENT	3:26	ysvz4IPRgVA	MPREb_aKojPfe9Tlh	UCVenxdjfY0pKLGWvMskNfqA
1749	The Fire	The Sound	From The Lion's Mouth	INDIFFERENT	2:53	WrRMUZquAvQ	MPREb_aKojPfe9Tlh	UCVenxdjfY0pKLGWvMskNfqA
1750	Silent Air	The Sound	From The Lion's Mouth	INDIFFERENT	4:15	Ri69yvOm5pI	MPREb_aKojPfe9Tlh	UCVenxdjfY0pKLGWvMskNfqA
1732	Roll over Beethoven	The Sonics	Here Are The Sonics	INDIFFERENT	2:50	LPOny73WJRQ	MPREb_CknrXtJEkFD	UCRj3ssXllXwutAfPI-mu4CA
1733	Boss Hoss	The Sonics	Here Are The Sonics	INDIFFERENT	2:25	7hAT-Lz7M_g	MPREb_CknrXtJEkFD	UCRj3ssXllXwutAfPI-mu4CA
1734	Dirty Robber	The Sonics	Here Are The Sonics	INDIFFERENT	2:03	BdJjP02lx-Y	MPREb_CknrXtJEkFD	UCRj3ssXllXwutAfPI-mu4CA
1736	Psycho	The Sonics	Here Are The Sonics	INDIFFERENT	2:18	xFQoZ0S3iIc	MPREb_CknrXtJEkFD	UCRj3ssXllXwutAfPI-mu4CA
1738	Walkin' the Dog	The Sonics	Here Are The Sonics	INDIFFERENT	2:46	BWMvWSG2HzY	MPREb_CknrXtJEkFD	UCRj3ssXllXwutAfPI-mu4CA
1739	Night Time Is the Right Time	The Sonics	Here Are The Sonics	INDIFFERENT	2:59	KSqryTMLMGk	MPREb_CknrXtJEkFD	UCRj3ssXllXwutAfPI-mu4CA
1741	Good Golly Miss Molly	The Sonics	Here Are The Sonics	INDIFFERENT	2:09	XDiN11CA7L4	MPREb_CknrXtJEkFD	UCRj3ssXllXwutAfPI-mu4CA
1721	Shall	The Soft Pink Truth	Shall We Go On Sinning So That Grace May Increase?	INDIFFERENT	3:11	ZQ3m5DJPI8A	MPREb_T7CBCdwreji	UCMw5mkF2GYasItRLB-jzDeg
1725	Sinning	The Soft Pink Truth	Shall We Go On Sinning So That Grace May Increase?	INDIFFERENT	6:18	n5SIFbwDMpM	MPREb_T7CBCdwreji	UCMw5mkF2GYasItRLB-jzDeg
1726	So	The Soft Pink Truth	Shall We Go On Sinning So That Grace May Increase?	INDIFFERENT	5:35	N6jASDaBT1g	MPREb_T7CBCdwreji	UCMw5mkF2GYasItRLB-jzDeg
1727	That	The Soft Pink Truth	Shall We Go On Sinning So That Grace May Increase?	INDIFFERENT	5:08	p-EiYQn6E9Y	MPREb_T7CBCdwreji	UCMw5mkF2GYasItRLB-jzDeg
1728	Grace	The Soft Pink Truth	Shall We Go On Sinning So That Grace May Increase?	INDIFFERENT	6:19	SAE838EpOpg	MPREb_T7CBCdwreji	UCMw5mkF2GYasItRLB-jzDeg
1685	The Headmaster Ritual	The Smiths	Meat Is Murder	INDIFFERENT	4:55	eQTc4GolJt4	MPREb_2y0ZswwXZC4	UCklWLf-5N7mE8S06rj2OrQw
1686	Rusholme Ruffians	The Smiths	Meat Is Murder	INDIFFERENT	4:20	F-mBSshJAvU	MPREb_2y0ZswwXZC4	UCklWLf-5N7mE8S06rj2OrQw
1687	I Want the One I Can't Have	The Smiths	Meat Is Murder	INDIFFERENT	3:13	42fzkIaHaW4	MPREb_2y0ZswwXZC4	UCklWLf-5N7mE8S06rj2OrQw
1688	What She Said	The Smiths	Meat Is Murder	INDIFFERENT	2:42	G-tk_cCMN3M	MPREb_2y0ZswwXZC4	UCklWLf-5N7mE8S06rj2OrQw
1690	Nowhere Fast	The Smiths	Meat Is Murder	INDIFFERENT	2:37	nJS6F6S3b5s	MPREb_2y0ZswwXZC4	UCklWLf-5N7mE8S06rj2OrQw
1693	Meat Is Murder	The Smiths	Meat Is Murder	INDIFFERENT	6:13	eviyEJRZX30	MPREb_2y0ZswwXZC4	UCklWLf-5N7mE8S06rj2OrQw
1695	I Started Something I Couldn't Finish	The Smiths	Strangeways, Here We Come	INDIFFERENT	3:47	XdM7q_yFPzA	MPREb_RRB10UYKdDP	UCklWLf-5N7mE8S06rj2OrQw
1696	Death of a Disco Dancer	The Smiths	Strangeways, Here We Come	INDIFFERENT	5:26	zqnFUVCoIL0	MPREb_RRB10UYKdDP	UCklWLf-5N7mE8S06rj2OrQw
1697	Girlfriend in a Coma	The Smiths	Strangeways, Here We Come	INDIFFERENT	2:02	wy8mEOhSk0s	MPREb_RRB10UYKdDP	UCklWLf-5N7mE8S06rj2OrQw
1699	Last Night I Dreamt That Somebody Loved Me	The Smiths	Strangeways, Here We Come	INDIFFERENT	5:05	4WCnl1VTEeg	MPREb_RRB10UYKdDP	UCklWLf-5N7mE8S06rj2OrQw
1700	Unhappy Birthday	The Smiths	Strangeways, Here We Come	INDIFFERENT	2:45	f0qh7wHw3Jk	MPREb_RRB10UYKdDP	UCklWLf-5N7mE8S06rj2OrQw
1701	Paint a Vulgar Picture	The Smiths	Strangeways, Here We Come	INDIFFERENT	5:36	5bYXb7iEDJ4	MPREb_RRB10UYKdDP	UCklWLf-5N7mE8S06rj2OrQw
1702	Death at One's Elbow	The Smiths	Strangeways, Here We Come	INDIFFERENT	2:00	SDHr4tZSVfA	MPREb_RRB10UYKdDP	UCklWLf-5N7mE8S06rj2OrQw
1703	I Won't Share You	The Smiths	Strangeways, Here We Come	INDIFFERENT	2:53	pgpfTP6EB-Q	MPREb_RRB10UYKdDP	UCklWLf-5N7mE8S06rj2OrQw
1704	Frankly, Mr. Shankly	The Smiths	The Queen Is Dead	INDIFFERENT	2:18	rMv9DUx8-ig	MPREb_LK6XKj3XSaf	UCklWLf-5N7mE8S06rj2OrQw
1706	Never Had No One Ever	The Smiths	The Queen Is Dead	INDIFFERENT	3:38	sBUXPT5ObbQ	MPREb_LK6XKj3XSaf	UCklWLf-5N7mE8S06rj2OrQw
1709	Some Girls Are Bigger Than Others	The Smiths	The Queen Is Dead	INDIFFERENT	3:17	C906lbkcYug	MPREb_LK6XKj3XSaf	UCklWLf-5N7mE8S06rj2OrQw
1710	Reel Around the Fountain	The Smiths	The Smiths	INDIFFERENT	6:00	V04bUY5Kl8w	MPREb_8B0BiQ0zT5S	UCklWLf-5N7mE8S06rj2OrQw
1711	You've Got Everything Now	The Smiths	The Smiths	INDIFFERENT	4:00	2IA4pSwvjqQ	MPREb_8B0BiQ0zT5S	UCklWLf-5N7mE8S06rj2OrQw
1712	Miserable Lie	The Smiths	The Smiths	INDIFFERENT	4:28	R3IjN8whXM0	MPREb_8B0BiQ0zT5S	UCklWLf-5N7mE8S06rj2OrQw
1714	The Hand That Rocks the Cradle	The Smiths	The Smiths	INDIFFERENT	4:38	azNq-XaaS9Q	MPREb_8B0BiQ0zT5S	UCklWLf-5N7mE8S06rj2OrQw
1716	Still Ill	The Smiths	The Smiths	INDIFFERENT	3:22	TWvG-QZNsJk	MPREb_8B0BiQ0zT5S	UCklWLf-5N7mE8S06rj2OrQw
1717	Hand in Glove	The Smiths	The Smiths	INDIFFERENT	3:23	K6uEwpCdV3U	MPREb_8B0BiQ0zT5S	UCklWLf-5N7mE8S06rj2OrQw
1718	What Difference Does It Make?	The Smiths	The Smiths	INDIFFERENT	3:50	VH5BSkVQLsw	MPREb_8B0BiQ0zT5S	UCklWLf-5N7mE8S06rj2OrQw
1719	I Don't Owe You Anything	The Smiths	The Smiths	INDIFFERENT	4:05	zN4yFn_Fiys	MPREb_8B0BiQ0zT5S	UCklWLf-5N7mE8S06rj2OrQw
1720	Suffer Little Children	The Smiths	The Smiths	INDIFFERENT	5:31	VZpmVgpRh9A	MPREb_8B0BiQ0zT5S	UCklWLf-5N7mE8S06rj2OrQw
1672	The Same	The Smile	A Light for Attracting Attention	INDIFFERENT	4:20	0caSlLSEq2M	MPREb_zHwHV3d6T2O	UChy8y7EpURH4K_LXIHENROA
1673	The Opposite	The Smile	A Light for Attracting Attention	INDIFFERENT	3:07	sQ1ZORLpdO0	MPREb_zHwHV3d6T2O	UChy8y7EpURH4K_LXIHENROA
1674	You Will Never Work In Television Again	The Smile	A Light for Attracting Attention	INDIFFERENT	2:49	eM7dhCySwYA	MPREb_zHwHV3d6T2O	UChy8y7EpURH4K_LXIHENROA
1675	Pana-vision	The Smile	A Light for Attracting Attention	INDIFFERENT	4:09	YjXN0ViG0jc	MPREb_zHwHV3d6T2O	UChy8y7EpURH4K_LXIHENROA
1676	The Smoke	The Smile	A Light for Attracting Attention	INDIFFERENT	3:40	RU3i6CB5Tgg	MPREb_zHwHV3d6T2O	UChy8y7EpURH4K_LXIHENROA
1677	Speech Bubbles	The Smile	A Light for Attracting Attention	INDIFFERENT	4:17	0E2Fe68uFkM	MPREb_zHwHV3d6T2O	UChy8y7EpURH4K_LXIHENROA
1678	Thin Thing	The Smile	A Light for Attracting Attention	INDIFFERENT	4:31	XGKSBYCKeXM	MPREb_zHwHV3d6T2O	UChy8y7EpURH4K_LXIHENROA
1679	Open The Floodgates	The Smile	A Light for Attracting Attention	INDIFFERENT	4:30	yyq-YwrUJhw	MPREb_zHwHV3d6T2O	UChy8y7EpURH4K_LXIHENROA
1680	Free In The Knowledge	The Smile	A Light for Attracting Attention	INDIFFERENT	4:13	hw8fWV86Qt0	MPREb_zHwHV3d6T2O	UChy8y7EpURH4K_LXIHENROA
1681	A Hairdryer	The Smile	A Light for Attracting Attention	INDIFFERENT	5:18	_jPwNPcM2R4	MPREb_zHwHV3d6T2O	UChy8y7EpURH4K_LXIHENROA
1682	Waving A White Flag	The Smile	A Light for Attracting Attention	INDIFFERENT	3:48	G6UQQdQJ0SQ	MPREb_zHwHV3d6T2O	UChy8y7EpURH4K_LXIHENROA
1683	We Don't Know What Tomorrow Brings	The Smile	A Light for Attracting Attention	INDIFFERENT	3:17	5d-AUUkkKj4	MPREb_zHwHV3d6T2O	UChy8y7EpURH4K_LXIHENROA
1684	Skrting On The Surface	The Smile	A Light for Attracting Attention	INDIFFERENT	5:32	OyKMI3GVWw4	MPREb_zHwHV3d6T2O	UChy8y7EpURH4K_LXIHENROA
1581	Mellon Collie and the Infinite Sadness	The Smashing Pumpkins	Mellon Collie and the Infinite Sadness (Deluxe Edition)	INDIFFERENT	2:53	8T1j3fEY-o4	MPREb_4ZhfDV3ZMNG	UCZM3bF24BS-qDMe0OigpeZw
1583	Zero	The Smashing Pumpkins	Mellon Collie and the Infinite Sadness (Deluxe Edition)	INDIFFERENT	2:41	vDgUTnIyDtQ	MPREb_4ZhfDV3ZMNG	UCZM3bF24BS-qDMe0OigpeZw
1584	Here Is No Why	The Smashing Pumpkins	Mellon Collie and the Infinite Sadness (Deluxe Edition)	INDIFFERENT	3:46	u03M-KJlYII	MPREb_4ZhfDV3ZMNG	UCZM3bF24BS-qDMe0OigpeZw
1586	To Forgive	The Smashing Pumpkins	Mellon Collie and the Infinite Sadness (Deluxe Edition)	INDIFFERENT	4:18	fIggUxffTN4	MPREb_4ZhfDV3ZMNG	UCZM3bF24BS-qDMe0OigpeZw
1587	An Ode To No One	The Smashing Pumpkins	Mellon Collie and the Infinite Sadness (Deluxe Edition)	INDIFFERENT	4:52	5oOhP84BxX4	MPREb_4ZhfDV3ZMNG	UCZM3bF24BS-qDMe0OigpeZw
1588	Love	The Smashing Pumpkins	Mellon Collie and the Infinite Sadness (Deluxe Edition)	INDIFFERENT	4:23	Obnibgewtsw	MPREb_4ZhfDV3ZMNG	UCZM3bF24BS-qDMe0OigpeZw
1589	Cupid De Locke	The Smashing Pumpkins	Mellon Collie and the Infinite Sadness (Deluxe Edition)	INDIFFERENT	2:51	EO0OURc9WDU	MPREb_4ZhfDV3ZMNG	UCZM3bF24BS-qDMe0OigpeZw
1591	Muzzle	The Smashing Pumpkins	Mellon Collie and the Infinite Sadness (Deluxe Edition)	INDIFFERENT	3:44	I54NpQpR1hI	MPREb_4ZhfDV3ZMNG	UCZM3bF24BS-qDMe0OigpeZw
1592	Porcelina Of The Vast Oceans	The Smashing Pumpkins	Mellon Collie and the Infinite Sadness (Deluxe Edition)	INDIFFERENT	9:22	Fe9dTVbAtcw	MPREb_4ZhfDV3ZMNG	UCZM3bF24BS-qDMe0OigpeZw
1593	Take Me Down	The Smashing Pumpkins	Mellon Collie and the Infinite Sadness (Deluxe Edition)	INDIFFERENT	2:55	ZGjUE6DHQAg	MPREb_4ZhfDV3ZMNG	UCZM3bF24BS-qDMe0OigpeZw
1594	Where Boys Fear To Tread	The Smashing Pumpkins	Mellon Collie and the Infinite Sadness (Deluxe Edition)	INDIFFERENT	4:24	yG75NJUr7-0	MPREb_4ZhfDV3ZMNG	UCZM3bF24BS-qDMe0OigpeZw
1595	Bodies	The Smashing Pumpkins	Mellon Collie and the Infinite Sadness (Deluxe Edition)	INDIFFERENT	4:13	WldXS4hY8mM	MPREb_4ZhfDV3ZMNG	UCZM3bF24BS-qDMe0OigpeZw
1596	Thirty-Three	The Smashing Pumpkins	Mellon Collie and the Infinite Sadness (Deluxe Edition)	INDIFFERENT	4:11	7V3Rc_KSn3I	MPREb_4ZhfDV3ZMNG	UCZM3bF24BS-qDMe0OigpeZw
1597	In The Arms Of Sleep	The Smashing Pumpkins	Mellon Collie and the Infinite Sadness (Deluxe Edition)	INDIFFERENT	4:13	NqZ9aavBDMM	MPREb_4ZhfDV3ZMNG	UCZM3bF24BS-qDMe0OigpeZw
1599	Tales Of A Scorched Earth	The Smashing Pumpkins	Mellon Collie and the Infinite Sadness (Deluxe Edition)	INDIFFERENT	3:46	iXiF-08gv0E	MPREb_4ZhfDV3ZMNG	UCZM3bF24BS-qDMe0OigpeZw
1601	Stumbleine	The Smashing Pumpkins	Mellon Collie and the Infinite Sadness (Deluxe Edition)	INDIFFERENT	2:55	pbrvHcFOulc	MPREb_4ZhfDV3ZMNG	UCZM3bF24BS-qDMe0OigpeZw
1602	X.Y.U.	The Smashing Pumpkins	Mellon Collie and the Infinite Sadness (Deluxe Edition)	INDIFFERENT	7:08	Htz_U7073i0	MPREb_4ZhfDV3ZMNG	UCZM3bF24BS-qDMe0OigpeZw
1603	We Only Come Out At Night	The Smashing Pumpkins	Mellon Collie and the Infinite Sadness (Deluxe Edition)	INDIFFERENT	4:06	gCirYuLaEu8	MPREb_4ZhfDV3ZMNG	UCZM3bF24BS-qDMe0OigpeZw
1604	Beautiful	The Smashing Pumpkins	Mellon Collie and the Infinite Sadness (Deluxe Edition)	INDIFFERENT	4:19	7XZ4TuYbkVY	MPREb_4ZhfDV3ZMNG	UCZM3bF24BS-qDMe0OigpeZw
1605	Lily (My One And Only)	The Smashing Pumpkins	Mellon Collie and the Infinite Sadness (Deluxe Edition)	INDIFFERENT	3:32	3SUXQxupbJ0	MPREb_4ZhfDV3ZMNG	UCZM3bF24BS-qDMe0OigpeZw
1606	By Starlight	The Smashing Pumpkins	Mellon Collie and the Infinite Sadness (Deluxe Edition)	INDIFFERENT	4:49	9HDAkjLCyAw	MPREb_4ZhfDV3ZMNG	UCZM3bF24BS-qDMe0OigpeZw
1607	Farewell And Goodnight	The Smashing Pumpkins	Mellon Collie and the Infinite Sadness (Deluxe Edition)	INDIFFERENT	4:25	-uJvUG3Dshs	MPREb_4ZhfDV3ZMNG	UCZM3bF24BS-qDMe0OigpeZw
1608	Tonight, Tonight (Strings Alone Mix)	The Smashing Pumpkins	Mellon Collie and the Infinite Sadness (Deluxe Edition)	INDIFFERENT	2:42	-R5RZ7BWAcE	MPREb_4ZhfDV3ZMNG	UCZM3bF24BS-qDMe0OigpeZw
1609	Methusela (Sadlands Demo)	The Smashing Pumpkins	Mellon Collie and the Infinite Sadness (Deluxe Edition)	INDIFFERENT	4:09	me3iauGvDCY	MPREb_4ZhfDV3ZMNG	UCZM3bF24BS-qDMe0OigpeZw
1610	X.Y.U. (Take 11)	The Smashing Pumpkins	Mellon Collie and the Infinite Sadness (Deluxe Edition)	INDIFFERENT	7:11	z6nr-P2GwlY	MPREb_4ZhfDV3ZMNG	UCZM3bF24BS-qDMe0OigpeZw
1611	Zero (Synth Mix)	The Smashing Pumpkins	Mellon Collie and the Infinite Sadness (Deluxe Edition)	INDIFFERENT	2:47	-4NmOsWSVXM	MPREb_4ZhfDV3ZMNG	UCZM3bF24BS-qDMe0OigpeZw
1612	Feelium (Sandlands Demo)	The Smashing Pumpkins	Mellon Collie and the Infinite Sadness (Deluxe Edition)	INDIFFERENT	4:22	DPdLkwIQUxg	MPREb_4ZhfDV3ZMNG	UCZM3bF24BS-qDMe0OigpeZw
1613	Autumn Nocturne (Sadlands Demo)	The Smashing Pumpkins	Mellon Collie and the Infinite Sadness (Deluxe Edition)	INDIFFERENT	1:31	r2_csOYxgnA	MPREb_4ZhfDV3ZMNG	UCZM3bF24BS-qDMe0OigpeZw
1614	Beautiful (Loop Version)	The Smashing Pumpkins	Mellon Collie and the Infinite Sadness (Deluxe Edition)	INDIFFERENT	5:08	qwBTun0Mt3A	MPREb_4ZhfDV3ZMNG	UCZM3bF24BS-qDMe0OigpeZw
1615	Ugly (Sadlands Demo)	The Smashing Pumpkins	Mellon Collie and the Infinite Sadness (Deluxe Edition)	INDIFFERENT	2:48	pGVBrpOPCqk	MPREb_4ZhfDV3ZMNG	UCZM3bF24BS-qDMe0OigpeZw
1616	Ascending Guitars (Sadlands Demo)	The Smashing Pumpkins	Mellon Collie and the Infinite Sadness (Deluxe Edition)	INDIFFERENT	3:13	BMhqJXVyqgE	MPREb_4ZhfDV3ZMNG	UCZM3bF24BS-qDMe0OigpeZw
1617	By Starlight (Flood Rough)	The Smashing Pumpkins	Mellon Collie and the Infinite Sadness (Deluxe Edition)	INDIFFERENT	4:32	khN84yNes-M	MPREb_4ZhfDV3ZMNG	UCZM3bF24BS-qDMe0OigpeZw
1618	Medellia Of The Gray Skies (Take 1)	The Smashing Pumpkins	Mellon Collie and the Infinite Sadness (Deluxe Edition)	INDIFFERENT	3:05	IJ-lcY4g8eA	MPREb_4ZhfDV3ZMNG	UCZM3bF24BS-qDMe0OigpeZw
1619	Lover (Arrangement 1 Demo)	The Smashing Pumpkins	Mellon Collie and the Infinite Sadness (Deluxe Edition)	INDIFFERENT	3:47	Q5NZmQU47N8	MPREb_4ZhfDV3ZMNG	UCZM3bF24BS-qDMe0OigpeZw
1620	Thru The Eyes Of Ruby (Take 7)	The Smashing Pumpkins	Mellon Collie and the Infinite Sadness (Deluxe Edition)	INDIFFERENT	5:50	hGo0yorCKx0	MPREb_4ZhfDV3ZMNG	UCZM3bF24BS-qDMe0OigpeZw
1621	In The Arms Of Sleep (Early Live Demo)	The Smashing Pumpkins	Mellon Collie and the Infinite Sadness (Deluxe Edition)	INDIFFERENT	3:51	rvgE-gfMswE	MPREb_4ZhfDV3ZMNG	UCZM3bF24BS-qDMe0OigpeZw
1622	Lily (My One And Only) (Sadlands Demo)	The Smashing Pumpkins	Mellon Collie and the Infinite Sadness (Deluxe Edition)	INDIFFERENT	3:20	vG_OlgONLQU	MPREb_4ZhfDV3ZMNG	UCZM3bF24BS-qDMe0OigpeZw
1624	Glamey Glamey (Sadlands Demo)	The Smashing Pumpkins	Mellon Collie and the Infinite Sadness (Deluxe Edition)	INDIFFERENT	3:06	0XQdQI1cSs4	MPREb_4ZhfDV3ZMNG	UCZM3bF24BS-qDMe0OigpeZw
1625	Meladori Magpie	The Smashing Pumpkins	Mellon Collie and the Infinite Sadness (Deluxe Edition)	INDIFFERENT	2:45	2Cl4okztU8w	MPREb_4ZhfDV3ZMNG	UCZM3bF24BS-qDMe0OigpeZw
1626	Mellon Collie And The Infinite Sadness (Home Piano Version)	The Smashing Pumpkins	Mellon Collie and the Infinite Sadness (Deluxe Edition)	INDIFFERENT	2:46	mvzQXcYeY4w	MPREb_4ZhfDV3ZMNG	UCZM3bF24BS-qDMe0OigpeZw
1628	To Forgive (Sadlands Demo)	The Smashing Pumpkins	Mellon Collie and the Infinite Sadness (Deluxe Edition)	INDIFFERENT	3:47	zJmTKPdPwF8	MPREb_4ZhfDV3ZMNG	UCZM3bF24BS-qDMe0OigpeZw
1630	Set The Ray To Jerry (Vocal Rough)	The Smashing Pumpkins	Mellon Collie and the Infinite Sadness (Deluxe Edition)	INDIFFERENT	4:13	l53bCK9q9Rc	MPREb_4ZhfDV3ZMNG	UCZM3bF24BS-qDMe0OigpeZw
1631	Thirty-Three (Sadlands Demo)	The Smashing Pumpkins	Mellon Collie and the Infinite Sadness (Deluxe Edition)	INDIFFERENT	4:04	LVZlYNSZlQM	MPREb_4ZhfDV3ZMNG	UCZM3bF24BS-qDMe0OigpeZw
1632	Cupid De Locke (BT 2012 Mix)	The Smashing Pumpkins	Mellon Collie and the Infinite Sadness (Deluxe Edition)	INDIFFERENT	3:14	SWlTtqQ2yM8	MPREb_4ZhfDV3ZMNG	UCZM3bF24BS-qDMe0OigpeZw
1633	Porcelina Of The Vast Oceans (Live Studio Rough)	The Smashing Pumpkins	Mellon Collie and the Infinite Sadness (Deluxe Edition)	INDIFFERENT	9:06	-wNP1odWY3A	MPREb_4ZhfDV3ZMNG	UCZM3bF24BS-qDMe0OigpeZw
1634	Jellybelly (Instrumental/Pit Mix 3)	The Smashing Pumpkins	Mellon Collie and the Infinite Sadness (Deluxe Edition)	INDIFFERENT	3:06	Q3gR4pzpSkM	MPREb_4ZhfDV3ZMNG	UCZM3bF24BS-qDMe0OigpeZw
1635	The Aeroplane Flies High (Turns Left, Looks Right)	The Smashing Pumpkins	Mellon Collie and the Infinite Sadness (Deluxe Edition)	INDIFFERENT	8:33	EmnfE7HSxls	MPREb_4ZhfDV3ZMNG	UCZM3bF24BS-qDMe0OigpeZw
1636	Jupiter's Lament (Barbershop Version)	The Smashing Pumpkins	Mellon Collie and the Infinite Sadness (Deluxe Edition)	INDIFFERENT	2:42	LQcUAEKaaEs	MPREb_4ZhfDV3ZMNG	UCZM3bF24BS-qDMe0OigpeZw
1637	Bagpipes Drone (Sadlands Demo)	The Smashing Pumpkins	Mellon Collie and the Infinite Sadness (Deluxe Edition)	INDIFFERENT	2:39	L8zJNQRyBXk	MPREb_4ZhfDV3ZMNG	UCZM3bF24BS-qDMe0OigpeZw
1638	Tonight, Tonight (Band Version Only/No Strings)	The Smashing Pumpkins	Mellon Collie and the Infinite Sadness (Deluxe Edition)	INDIFFERENT	4:16	wXOCH-XVPro	MPREb_4ZhfDV3ZMNG	UCZM3bF24BS-qDMe0OigpeZw
1639	Knuckles (Studio Outtake)	The Smashing Pumpkins	Mellon Collie and the Infinite Sadness (Deluxe Edition)	INDIFFERENT	3:09	76wSakb1wIw	MPREb_4ZhfDV3ZMNG	UCZM3bF24BS-qDMe0OigpeZw
1640	Pennies	The Smashing Pumpkins	Mellon Collie and the Infinite Sadness (Deluxe Edition)	INDIFFERENT	2:31	Hqb6dCfvpMI	MPREb_4ZhfDV3ZMNG	UCZM3bF24BS-qDMe0OigpeZw
1641	Here Is No Why (Pumpkinland Demo)	The Smashing Pumpkins	Mellon Collie and the Infinite Sadness (Deluxe Edition)	INDIFFERENT	3:52	Jre-dGzeSSQ	MPREb_4ZhfDV3ZMNG	UCZM3bF24BS-qDMe0OigpeZw
1642	Blast (Fuzz Version)	The Smashing Pumpkins	Mellon Collie and the Infinite Sadness (Deluxe Edition)	INDIFFERENT	2:57	69emuawyhxU	MPREb_4ZhfDV3ZMNG	UCZM3bF24BS-qDMe0OigpeZw
1643	Towers Of Rabble (Live At The Double Door, Chicago, IL, 1995)	The Smashing Pumpkins	Mellon Collie and the Infinite Sadness (Deluxe Edition)	INDIFFERENT	2:58	dikgdO6sU9I	MPREb_4ZhfDV3ZMNG	UCZM3bF24BS-qDMe0OigpeZw
1644	Rotten Apples (BT Mix)	The Smashing Pumpkins	Mellon Collie and the Infinite Sadness (Deluxe Edition)	INDIFFERENT	3:06	iOC_13ncJu8	MPREb_4ZhfDV3ZMNG	UCZM3bF24BS-qDMe0OigpeZw
1645	Fun Time (Sadlands Demo)	The Smashing Pumpkins	Mellon Collie and the Infinite Sadness (Deluxe Edition)	INDIFFERENT	4:33	7ZRdrHumTPQ	MPREb_4ZhfDV3ZMNG	UCZM3bF24BS-qDMe0OigpeZw
1646	Thru The Eyes Of Ruby (Acoustic Version)	The Smashing Pumpkins	Mellon Collie and the Infinite Sadness (Deluxe Edition)	INDIFFERENT	4:56	nafXWFuGpMU	MPREb_4ZhfDV3ZMNG	UCZM3bF24BS-qDMe0OigpeZw
1647	Chinoise (Sadlands Demo)	The Smashing Pumpkins	Mellon Collie and the Infinite Sadness (Deluxe Edition)	INDIFFERENT	1:14	teqaTSo0ce4	MPREb_4ZhfDV3ZMNG	UCZM3bF24BS-qDMe0OigpeZw
1648	Speed	The Smashing Pumpkins	Mellon Collie and the Infinite Sadness (Deluxe Edition)	INDIFFERENT	3:26	9vNqxxV6BaQ	MPREb_4ZhfDV3ZMNG	UCZM3bF24BS-qDMe0OigpeZw
1649	Mellon Collie And The Infinite Sadness (Nighttime Version 1)	The Smashing Pumpkins	Mellon Collie and the Infinite Sadness (Deluxe Edition)	INDIFFERENT	1:16	KbxaywmC7MU	MPREb_4ZhfDV3ZMNG	UCZM3bF24BS-qDMe0OigpeZw
1651	Cherry (BT 2012 Mix)	The Smashing Pumpkins	Mellon Collie and the Infinite Sadness (Deluxe Edition)	INDIFFERENT	4:23	QT4L-m6Xltg	MPREb_4ZhfDV3ZMNG	UCZM3bF24BS-qDMe0OigpeZw
1652	Love (Flood Rough)	The Smashing Pumpkins	Mellon Collie and the Infinite Sadness (Deluxe Edition)	INDIFFERENT	4:22	wsxo_HTVAkA	MPREb_4ZhfDV3ZMNG	UCZM3bF24BS-qDMe0OigpeZw
1653	New Waver (Sadlands Demo)	The Smashing Pumpkins	Mellon Collie and the Infinite Sadness (Deluxe Edition)	INDIFFERENT	2:45	L7tANd80tcU	MPREb_4ZhfDV3ZMNG	UCZM3bF24BS-qDMe0OigpeZw
1654	An Ode To No One (Production Master Rough)	The Smashing Pumpkins	Mellon Collie and the Infinite Sadness (Deluxe Edition)	INDIFFERENT	4:59	U0NFtH6sWmY	MPREb_4ZhfDV3ZMNG	UCZM3bF24BS-qDMe0OigpeZw
1655	Isolation (BT 2012 Mix)	The Smashing Pumpkins	Mellon Collie and the Infinite Sadness (Deluxe Edition)	INDIFFERENT	4:05	Z9l3APA5zsM	MPREb_4ZhfDV3ZMNG	UCZM3bF24BS-qDMe0OigpeZw
1656	Transformer (Early Mix)	The Smashing Pumpkins	Mellon Collie and the Infinite Sadness (Deluxe Edition)	INDIFFERENT	3:28	l9D5vEt_XQs	MPREb_4ZhfDV3ZMNG	UCZM3bF24BS-qDMe0OigpeZw
1657	Dizzle (Sadlands Demo)	The Smashing Pumpkins	Mellon Collie and the Infinite Sadness (Deluxe Edition)	INDIFFERENT	2:19	RxuKdcuuYcY	MPREb_4ZhfDV3ZMNG	UCZM3bF24BS-qDMe0OigpeZw
1658	Goodnight (Basic Vocal Rough)	The Smashing Pumpkins	Mellon Collie and the Infinite Sadness (Deluxe Edition)	INDIFFERENT	3:56	Mji3ymfUNkw	MPREb_4ZhfDV3ZMNG	UCZM3bF24BS-qDMe0OigpeZw
1659	Eye (Soundworks Demo)	The Smashing Pumpkins	Mellon Collie and the Infinite Sadness (Deluxe Edition)	INDIFFERENT	3:35	Dv9YtmMULqc	MPREb_4ZhfDV3ZMNG	UCZM3bF24BS-qDMe0OigpeZw
1660	Blank (Sadlands Demo)	The Smashing Pumpkins	Mellon Collie and the Infinite Sadness (Deluxe Edition)	INDIFFERENT	2:53	hrUKIEkWpp8	MPREb_4ZhfDV3ZMNG	UCZM3bF24BS-qDMe0OigpeZw
1661	Beautiful (Instrumental/Middle 8)	The Smashing Pumpkins	Mellon Collie and the Infinite Sadness (Deluxe Edition)	INDIFFERENT	4:16	aF_F0HqI0Zg	MPREb_4ZhfDV3ZMNG	UCZM3bF24BS-qDMe0OigpeZw
1662	My Blue Heaven (BT 2012 Mix)	The Smashing Pumpkins	Mellon Collie and the Infinite Sadness (Deluxe Edition)	INDIFFERENT	3:19	jcA8bVRlpic	MPREb_4ZhfDV3ZMNG	UCZM3bF24BS-qDMe0OigpeZw
1663	One And Two	The Smashing Pumpkins	Mellon Collie and the Infinite Sadness (Deluxe Edition)	INDIFFERENT	3:45	V7vrSDkTUO4	MPREb_4ZhfDV3ZMNG	UCZM3bF24BS-qDMe0OigpeZw
1664	Zoom (7 IPS)	The Smashing Pumpkins	Mellon Collie and the Infinite Sadness (Deluxe Edition)	INDIFFERENT	2:44	yTmemJSHDN0	MPREb_4ZhfDV3ZMNG	UCZM3bF24BS-qDMe0OigpeZw
1665	Pastichio Medley (Reversed Extras)	The Smashing Pumpkins	Mellon Collie and the Infinite Sadness (Deluxe Edition)	INDIFFERENT	0:44	iWTdn_kUmZU	MPREb_4ZhfDV3ZMNG	UCZM3bF24BS-qDMe0OigpeZw
1666	Marquis In Spades (BT 2012 Mix)	The Smashing Pumpkins	Mellon Collie and the Infinite Sadness (Deluxe Edition)	INDIFFERENT	3:15	zTcr19u9PMM	MPREb_4ZhfDV3ZMNG	UCZM3bF24BS-qDMe0OigpeZw
1667	Tales Of A Scorched Earth (Instrumental/Pit Mix 3)	The Smashing Pumpkins	Mellon Collie and the Infinite Sadness (Deluxe Edition)	INDIFFERENT	3:48	HVCFqX8KY2Q	MPREb_4ZhfDV3ZMNG	UCZM3bF24BS-qDMe0OigpeZw
1668	Tonight Reprise (Version 1)	The Smashing Pumpkins	Mellon Collie and the Infinite Sadness (Deluxe Edition)	INDIFFERENT	2:37	WgmFOC1zZdE	MPREb_4ZhfDV3ZMNG	UCZM3bF24BS-qDMe0OigpeZw
1669	Wishing You Were Real (Home Demo)	The Smashing Pumpkins	Mellon Collie and the Infinite Sadness (Deluxe Edition)	INDIFFERENT	3:08	KDgikR7-aFw	MPREb_4ZhfDV3ZMNG	UCZM3bF24BS-qDMe0OigpeZw
1670	Thru The Eyes Of Ruby (Pit Mix 3)	The Smashing Pumpkins	Mellon Collie and the Infinite Sadness (Deluxe Edition)	INDIFFERENT	0:46	obn6mCc3DKs	MPREb_4ZhfDV3ZMNG	UCZM3bF24BS-qDMe0OigpeZw
1671	Phang (Sadlands Demo)	The Smashing Pumpkins	Mellon Collie and the Infinite Sadness (Deluxe Edition)	INDIFFERENT	2:31	e92sBNhcw3Q	MPREb_4ZhfDV3ZMNG	UCZM3bF24BS-qDMe0OigpeZw
1532	Instant Hit	The Slits	Cut (Deluxe Edition)	INDIFFERENT	2:42	DYoHz8ikYaE	MPREb_1aibCAX7Vhv	UCJ96-Kr0zmD3qwn8ux1JNAQ
1533	So Tough	The Slits	Cut (Deluxe Edition)	INDIFFERENT	2:40	Oi9O0f6Uizo	MPREb_1aibCAX7Vhv	UCJ96-Kr0zmD3qwn8ux1JNAQ
1534	Spend, Spend, Spend	The Slits	Cut (Deluxe Edition)	INDIFFERENT	3:16	DmJTIVVNDjo	MPREb_1aibCAX7Vhv	UCJ96-Kr0zmD3qwn8ux1JNAQ
1535	Shoplifting	The Slits	Cut (Deluxe Edition)	INDIFFERENT	1:35	5ygYqPlqoOY	MPREb_1aibCAX7Vhv	UCJ96-Kr0zmD3qwn8ux1JNAQ
1536	FM	The Slits	Cut (Deluxe Edition)	INDIFFERENT	3:34	q08FEFZEwiY	MPREb_1aibCAX7Vhv	UCJ96-Kr0zmD3qwn8ux1JNAQ
1537	Newtown	The Slits	Cut (Deluxe Edition)	INDIFFERENT	3:48	g_bzWiIqsbk	MPREb_1aibCAX7Vhv	UCJ96-Kr0zmD3qwn8ux1JNAQ
1538	Ping Pong Affair	The Slits	Cut (Deluxe Edition)	INDIFFERENT	4:14	fNVvHhE0Imo	MPREb_1aibCAX7Vhv	UCJ96-Kr0zmD3qwn8ux1JNAQ
1539	Love Und Romance	The Slits	Cut (Deluxe Edition)	INDIFFERENT	2:26	L8QC8hfCdis	MPREb_1aibCAX7Vhv	UCJ96-Kr0zmD3qwn8ux1JNAQ
1540	Typical Girls	The Slits	Cut (Deluxe Edition)	INDIFFERENT	3:55	0_HH5VTPTOo	MPREb_1aibCAX7Vhv	UCJ96-Kr0zmD3qwn8ux1JNAQ
1541	Adventures Close To Home	The Slits	Cut (Deluxe Edition)	INDIFFERENT	3:24	BWGa117aCik	MPREb_1aibCAX7Vhv	UCJ96-Kr0zmD3qwn8ux1JNAQ
1543	Liebe And Romanze (Slow Version)	The Slits	Cut (Deluxe Edition)	INDIFFERENT	4:44	cwubIjVH0UA	MPREb_1aibCAX7Vhv	UCJ96-Kr0zmD3qwn8ux1JNAQ
1544	Typical Girls (Brink Style Dub)	The Slits	Cut (Deluxe Edition)	INDIFFERENT	4:18	N7sqY5zU2fM	MPREb_1aibCAX7Vhv	UCJ96-Kr0zmD3qwn8ux1JNAQ
1545	Love And Romance (John Peel BBC Radio 1 Session 1977)	The Slits	Cut (Deluxe Edition)	INDIFFERENT	2:24	wvNPt1KQYHQ	MPREb_1aibCAX7Vhv	UCJ96-Kr0zmD3qwn8ux1JNAQ
1546	Vindictive (John Peel BBC Radio 1 Session 1977)	The Slits	Cut (Deluxe Edition)	INDIFFERENT	2:14	HTNf9blHVGA	MPREb_1aibCAX7Vhv	UCJ96-Kr0zmD3qwn8ux1JNAQ
1547	Newtown (John Peel BBC Radio 1 Session 1977)	The Slits	Cut (Deluxe Edition)	INDIFFERENT	3:28	JuMHbBsMoSA	MPREb_1aibCAX7Vhv	UCJ96-Kr0zmD3qwn8ux1JNAQ
1548	Shoplifting (John Peel BBC Radio 1 Session 1977)	The Slits	Cut (Deluxe Edition)	INDIFFERENT	1:28	d0Tbul4B77Y	MPREb_1aibCAX7Vhv	UCJ96-Kr0zmD3qwn8ux1JNAQ
1549	So Tough (John Peel BBC Radio 1 Session 1977)	The Slits	Cut (Deluxe Edition)	INDIFFERENT	2:16	gD2TBo5y4gc	MPREb_1aibCAX7Vhv	UCJ96-Kr0zmD3qwn8ux1JNAQ
1550	Instant Hit (John Peel BBC Radio 1 Session 1977)	The Slits	Cut (Deluxe Edition)	INDIFFERENT	2:30	P28u49GaDjM	MPREb_1aibCAX7Vhv	UCJ96-Kr0zmD3qwn8ux1JNAQ
1551	FM (John Peel BBC Radio 1 Session 1977)	The Slits	Cut (Deluxe Edition)	INDIFFERENT	3:33	sumriZvrmxs	MPREb_1aibCAX7Vhv	UCJ96-Kr0zmD3qwn8ux1JNAQ
1553	Instant Hit (8 Track Demo)	The Slits	Cut (Deluxe Edition)	INDIFFERENT	2:32	x8oQJ6olM0M	MPREb_1aibCAX7Vhv	UCJ96-Kr0zmD3qwn8ux1JNAQ
1554	Spend, Spend, Spend (8 Track Demo)	The Slits	Cut (Deluxe Edition)	INDIFFERENT	3:27	dRTDdcoD3MU	MPREb_1aibCAX7Vhv	UCJ96-Kr0zmD3qwn8ux1JNAQ
1555	Newtown (8 Track Demo)	The Slits	Cut (Deluxe Edition)	INDIFFERENT	3:37	eUC0fWKqyE0	MPREb_1aibCAX7Vhv	UCJ96-Kr0zmD3qwn8ux1JNAQ
1556	Adventures Close To Home (8 Track Demo)	The Slits	Cut (Deluxe Edition)	INDIFFERENT	3:36	4yTBOVucMsc	MPREb_1aibCAX7Vhv	UCJ96-Kr0zmD3qwn8ux1JNAQ
1557	"Instant Hit (""Rough Mix"")"	The Slits	Cut (Deluxe Edition)	INDIFFERENT	2:41	e2uOHUP4J_4	MPREb_1aibCAX7Vhv	UCJ96-Kr0zmD3qwn8ux1JNAQ
1558	"So Tough (""Rough Mix"")"	The Slits	Cut (Deluxe Edition)	INDIFFERENT	2:39	wY5Tg0t9Lw0	MPREb_1aibCAX7Vhv	UCJ96-Kr0zmD3qwn8ux1JNAQ
1559	Spend, Spend, Spend (Toast Version)	The Slits	Cut (Deluxe Edition)	INDIFFERENT	3:17	I9iucZntDXQ	MPREb_1aibCAX7Vhv	UCJ96-Kr0zmD3qwn8ux1JNAQ
1560	"Shoplifting (""Rough Mix"")"	The Slits	Cut (Deluxe Edition)	INDIFFERENT	1:38	28jHOUQI-tw	MPREb_1aibCAX7Vhv	UCJ96-Kr0zmD3qwn8ux1JNAQ
1561	"FM (""Rough Mix"")"	The Slits	Cut (Deluxe Edition)	INDIFFERENT	3:51	J1MU23up05Q	MPREb_1aibCAX7Vhv	UCJ96-Kr0zmD3qwn8ux1JNAQ
1562	"Newtown (""Rough Mix"")"	The Slits	Cut (Deluxe Edition)	INDIFFERENT	4:29	W7b-FMcjzJ4	MPREb_1aibCAX7Vhv	UCJ96-Kr0zmD3qwn8ux1JNAQ
1563	"Ping Pong Affair (""Rough Mix"")"	The Slits	Cut (Deluxe Edition)	INDIFFERENT	4:39	CMFKkPUm-Ok	MPREb_1aibCAX7Vhv	UCJ96-Kr0zmD3qwn8ux1JNAQ
1564	"Love Und Romance (""Rough Mix"")"	The Slits	Cut (Deluxe Edition)	INDIFFERENT	2:27	uqgpePuAQJ4	MPREb_1aibCAX7Vhv	UCJ96-Kr0zmD3qwn8ux1JNAQ
1565	"Typical Girls (""Rough Mix"")"	The Slits	Cut (Deluxe Edition)	INDIFFERENT	4:15	XKZ5mMUE69M	MPREb_1aibCAX7Vhv	UCJ96-Kr0zmD3qwn8ux1JNAQ
1566	"Adventures Close To Home (""Rough Mix"")"	The Slits	Cut (Deluxe Edition)	INDIFFERENT	3:26	JoXewkEyA4w	MPREb_1aibCAX7Vhv	UCJ96-Kr0zmD3qwn8ux1JNAQ
1567	So Tough (Outtake)	The Slits	Cut (Deluxe Edition)	INDIFFERENT	1:36	IBkjKkal5Qg	MPREb_1aibCAX7Vhv	UCJ96-Kr0zmD3qwn8ux1JNAQ
1568	Instant Hit (Instrumental Outtake)	The Slits	Cut (Deluxe Edition)	INDIFFERENT	2:33	9O8_U9p1ljM	MPREb_1aibCAX7Vhv	UCJ96-Kr0zmD3qwn8ux1JNAQ
1569	Typical Girls (Instrumental Outtake)	The Slits	Cut (Deluxe Edition)	INDIFFERENT	3:59	KZKYS6gt9Ro	MPREb_1aibCAX7Vhv	UCJ96-Kr0zmD3qwn8ux1JNAQ
1570	Spend, Spend, Spend (Dub Version)	The Slits	Cut (Deluxe Edition)	INDIFFERENT	3:15	HzKuBGaf-tI	MPREb_1aibCAX7Vhv	UCJ96-Kr0zmD3qwn8ux1JNAQ
1571	In The Beginning, There Was Rhythm (Early Version)	The Slits	Cut (Deluxe Edition)	INDIFFERENT	5:52	Dcq5wh1qOVI	MPREb_1aibCAX7Vhv	UCJ96-Kr0zmD3qwn8ux1JNAQ
1491	Mine's Not a High Horse	The Shins	Chutes Too Narrow	INDIFFERENT	3:20	vNBcsjodgro	MPREb_gNVELfEafp9	UCp8bBB0AoKgBaNlUiKn8SHg
1495	Fighting in a Sack	The Shins	Chutes Too Narrow	INDIFFERENT	2:26	gtWFYDiVTTI	MPREb_gNVELfEafp9	UCp8bBB0AoKgBaNlUiKn8SHg
1499	Those to Come	The Shins	Chutes Too Narrow	INDIFFERENT	4:24	CKTnKqv9YYg	MPREb_gNVELfEafp9	UCp8bBB0AoKgBaNlUiKn8SHg
1501	One by One All Day (2021 Remaster)	The Shins	Oh, Inverted World (20th Anniversary Remaster)	INDIFFERENT	4:09	9whmB9BET58	MPREb_1OVSkB5Psxm	UCp8bBB0AoKgBaNlUiKn8SHg
1506	The Celibate Life (2021 Remaster)	The Shins	Oh, Inverted World (20th Anniversary Remaster)	INDIFFERENT	1:51	QJnecP1hp3U	MPREb_1OVSkB5Psxm	UCp8bBB0AoKgBaNlUiKn8SHg
1507	Girl on the Wing (2021 Remaster)	The Shins	Oh, Inverted World (20th Anniversary Remaster)	INDIFFERENT	2:51	hQWgTRHiZyI	MPREb_1OVSkB5Psxm	UCp8bBB0AoKgBaNlUiKn8SHg
1508	Your Algebra (2021 Remaster)	The Shins	Oh, Inverted World (20th Anniversary Remaster)	INDIFFERENT	2:24	KcobAAlxVig	MPREb_1OVSkB5Psxm	UCp8bBB0AoKgBaNlUiKn8SHg
1509	Pressed in a Book (2021 Remaster)	The Shins	Oh, Inverted World (20th Anniversary Remaster)	INDIFFERENT	2:55	nLrxL_XHDd8	MPREb_1OVSkB5Psxm	UCp8bBB0AoKgBaNlUiKn8SHg
1511	The Rifle's Spiral	The Shins	Port Of Morrow	INDIFFERENT	3:30	do5aObHt4dk	MPREb_MarvH1Gi7Wb	UCp8bBB0AoKgBaNlUiKn8SHg
1512	Simple Song	The Shins	Port Of Morrow	INDIFFERENT	4:16	sFskE9WEj0A	MPREb_MarvH1Gi7Wb	UCp8bBB0AoKgBaNlUiKn8SHg
1515	September	The Shins	Port Of Morrow	INDIFFERENT	3:34	ODFhbqZjCI8	MPREb_MarvH1Gi7Wb	UCp8bBB0AoKgBaNlUiKn8SHg
1517	For A Fool	The Shins	Port Of Morrow	INDIFFERENT	3:57	rBNZcwm_tws	MPREb_MarvH1Gi7Wb	UCp8bBB0AoKgBaNlUiKn8SHg
1518	Fall Of '82	The Shins	Port Of Morrow	INDIFFERENT	3:49	lhNv1A7ngM4	MPREb_MarvH1Gi7Wb	UCp8bBB0AoKgBaNlUiKn8SHg
1520	Port Of Morrow	The Shins	Port Of Morrow	INDIFFERENT	5:50	RtJ7Cjb0Zx8	MPREb_MarvH1Gi7Wb	UCp8bBB0AoKgBaNlUiKn8SHg
1483	Rise With The Blind	The Shaolin Afronauts	Flight of The Ancients	INDIFFERENT	4:36	r6i0GQU2T9Y	MPREb_ZpNyFkRhh47	UCVw8R983zHpdVQGmAocVhuA
1486	Kilimanjaro	The Shaolin Afronauts	Flight of The Ancients	INDIFFERENT	6:27	390Bo2gadB4	MPREb_ZpNyFkRhh47	UCVw8R983zHpdVQGmAocVhuA
1487	Shira	The Shaolin Afronauts	Flight of The Ancients	INDIFFERENT	7:40	xf0tXKXjQ0o	MPREb_ZpNyFkRhh47	UCVw8R983zHpdVQGmAocVhuA
1488	The Quiet Lion	The Shaolin Afronauts	Flight of The Ancients	INDIFFERENT	6:24	qHbByh3J2Ps	MPREb_ZpNyFkRhh47	UCVw8R983zHpdVQGmAocVhuA
1471	That Little Sports Car	The Shaggs	Philosophy of the World	INDIFFERENT	2:06	C1eDbwhooIE	MPREb_6bBDtVO1jsk	UCoGbJD1tl-T8KPkXLOGfrxw
1472	Who Are Parents?	The Shaggs	Philosophy of the World	INDIFFERENT	2:59	PxITh9nqGN4	MPREb_6bBDtVO1jsk	UCoGbJD1tl-T8KPkXLOGfrxw
1473	My Pal Foot Foot	The Shaggs	Philosophy of the World	INDIFFERENT	2:33	k5T2kaFiFgg	MPREb_6bBDtVO1jsk	UCoGbJD1tl-T8KPkXLOGfrxw
1474	My Companion	The Shaggs	Philosophy of the World	INDIFFERENT	2:04	OAHbSwBJtpI	MPREb_6bBDtVO1jsk	UCoGbJD1tl-T8KPkXLOGfrxw
1477	Sweet Thing	The Shaggs	Philosophy of the World	INDIFFERENT	2:57	1G1RAyKnhyE	MPREb_6bBDtVO1jsk	UCoGbJD1tl-T8KPkXLOGfrxw
1478	It's Halloween	The Shaggs	Philosophy of the World	INDIFFERENT	2:25	iH-Q59geylw	MPREb_6bBDtVO1jsk	UCoGbJD1tl-T8KPkXLOGfrxw
1479	Why Do I Feel?	The Shaggs	Philosophy of the World	INDIFFERENT	3:55	WH5RZD8eNcs	MPREb_6bBDtVO1jsk	UCoGbJD1tl-T8KPkXLOGfrxw
1480	What Should I Do?	The Shaggs	Philosophy of the World	INDIFFERENT	2:18	k5czVZjoGME	MPREb_6bBDtVO1jsk	UCoGbJD1tl-T8KPkXLOGfrxw
1481	We Have a Savior	The Shaggs	Philosophy of the World	INDIFFERENT	3:08	q5ucbZqnzmE	MPREb_6bBDtVO1jsk	UCoGbJD1tl-T8KPkXLOGfrxw
1460	Light Bulb Blues	The Shadows Of Knight	Gloria	INDIFFERENT	2:35	YzvksvZ69Hg	MPREb_FCjKSQS2VyV	UCvTr-5UOpKGqomBiMPYhE4g
1463	Boom Boom	The Shadows Of Knight	Gloria	INDIFFERENT	2:31	uNC8Z7wOf-A	MPREb_FCjKSQS2VyV	UCvTr-5UOpKGqomBiMPYhE4g
1464	Let It Rock	The Shadows Of Knight	Gloria	INDIFFERENT	1:55	UEz5MJFB7I0	MPREb_FCjKSQS2VyV	UCvTr-5UOpKGqomBiMPYhE4g
1465	Oh Yeah	The Shadows Of Knight	Gloria	INDIFFERENT	2:48	qD_HZ_hrd0o	MPREb_FCjKSQS2VyV	UCvTr-5UOpKGqomBiMPYhE4g
1466	It Always Happens That Way	The Shadows Of Knight	Gloria	INDIFFERENT	1:55	j6yJaAoX2nw	MPREb_FCjKSQS2VyV	UCvTr-5UOpKGqomBiMPYhE4g
1467	You Can't Judge a Book (By the Cover)	The Shadows Of Knight	Gloria	INDIFFERENT	2:40	5GjqqUDMQw4	MPREb_FCjKSQS2VyV	UCvTr-5UOpKGqomBiMPYhE4g
1468	Hootchie Cootchie Man	The Shadows Of Knight	Gloria	INDIFFERENT	3:55	2fg31SmaH5s	MPREb_FCjKSQS2VyV	UCvTr-5UOpKGqomBiMPYhE4g
1469	I Just Want to Make Love to You	The Shadows Of Knight	Gloria	INDIFFERENT	3:51	kn7PseeQPu4	MPREb_FCjKSQS2VyV	UCvTr-5UOpKGqomBiMPYhE4g
1441	No Escape	The Seeds	The Seeds	INDIFFERENT	2:16	tRiOR0efgDE	MPREb_HenPsPCvRED	UCfN3TOlCfoeRzaUZYpfbSCg
1442	Evil Hoodoo	The Seeds	The Seeds	INDIFFERENT	5:19	RRX96qtM03A	MPREb_HenPsPCvRED	UCfN3TOlCfoeRzaUZYpfbSCg
1443	Girl I Want You	The Seeds	The Seeds	INDIFFERENT	2:26	aI7B53mxRyM	MPREb_HenPsPCvRED	UCfN3TOlCfoeRzaUZYpfbSCg
1445	Try To Understand	The Seeds	The Seeds	INDIFFERENT	2:53	cnoPKTUzCZ0	MPREb_HenPsPCvRED	UCfN3TOlCfoeRzaUZYpfbSCg
1447	It's A Hard Life	The Seeds	The Seeds	INDIFFERENT	2:40	t_p7LRIqqtE	MPREb_HenPsPCvRED	UCfN3TOlCfoeRzaUZYpfbSCg
1448	You Can't Be Trusted	The Seeds	The Seeds	INDIFFERENT	2:12	JYMY19QRZeA	MPREb_HenPsPCvRED	UCfN3TOlCfoeRzaUZYpfbSCg
1449	Excuse, Excuse	The Seeds	The Seeds	INDIFFERENT	2:21	HKWcJeIELsI	MPREb_HenPsPCvRED	UCfN3TOlCfoeRzaUZYpfbSCg
1450	Fallin' In Love	The Seeds	The Seeds	INDIFFERENT	2:49	nbUTgaUs8hM	MPREb_HenPsPCvRED	UCfN3TOlCfoeRzaUZYpfbSCg
1451	Mr. Farmer	The Seeds	The Seeds	INDIFFERENT	2:54	yypdmNtlE0E	MPREb_HenPsPCvRED	UCfN3TOlCfoeRzaUZYpfbSCg
1452	Pictures And Designs	The Seeds	The Seeds	INDIFFERENT	2:46	JjVhThyZPS8	MPREb_HenPsPCvRED	UCfN3TOlCfoeRzaUZYpfbSCg
1453	Tripmaker	The Seeds	The Seeds	INDIFFERENT	2:49	mMV_WWH8phQ	MPREb_HenPsPCvRED	UCfN3TOlCfoeRzaUZYpfbSCg
1454	I Tell Myself	The Seeds	The Seeds	INDIFFERENT	2:32	SBqOXn8xSFM	MPREb_HenPsPCvRED	UCfN3TOlCfoeRzaUZYpfbSCg
1455	Faded Picture, A	The Seeds	The Seeds	INDIFFERENT	5:20	mEXbUFdCN1k	MPREb_HenPsPCvRED	UCfN3TOlCfoeRzaUZYpfbSCg
1456	Rollin' Machine	The Seeds	The Seeds	INDIFFERENT	2:33	8LlH_azkv8M	MPREb_HenPsPCvRED	UCfN3TOlCfoeRzaUZYpfbSCg
1457	Just Let Go	The Seeds	The Seeds	INDIFFERENT	4:19	iYrtvtmx5I8	MPREb_HenPsPCvRED	UCfN3TOlCfoeRzaUZYpfbSCg
1458	Up In Her Room	The Seeds	The Seeds	INDIFFERENT	14:39	yNvmtXThQng	MPREb_HenPsPCvRED	UCfN3TOlCfoeRzaUZYpfbSCg
1902	Senegalese Stomp	The Sandells	The Surfaris Wipe Out	INDIFFERENT	2:42	mJkE7IA-MJo	MPREb_VYUe766QtMg	
1429	(Dance with The) Guitar Man [2006 Remaster]	The Routers	1963 Great Instrumental Hits	INDIFFERENT	2:04	sRfC6Hloi3k	MPREb_xiRj0lzONgL	UCgdMPSSj0k40Ow9Qsbuz01w
1430	Marie Elena (2006 Remaster)	The Routers	1963 Great Instrumental Hits	INDIFFERENT	2:35	mGGc53dDzlw	MPREb_xiRj0lzONgL	UCgdMPSSj0k40Ow9Qsbuz01w
1431	Hot Pastrami (2006 Remaster)	The Routers	1963 Great Instrumental Hits	INDIFFERENT	2:03	GFH_BTDfTPw	MPREb_xiRj0lzONgL	UCgdMPSSj0k40Ow9Qsbuz01w
1432	Wild Weekend (2006 Remaster)	The Routers	1963 Great Instrumental Hits	INDIFFERENT	2:09	wzfGKXjcSdY	MPREb_xiRj0lzONgL	UCgdMPSSj0k40Ow9Qsbuz01w
1433	Telstar (2006 Remaster)	The Routers	1963 Great Instrumental Hits	INDIFFERENT	3:04	9QNjvRpV54c	MPREb_xiRj0lzONgL	UCgdMPSSj0k40Ow9Qsbuz01w
1434	Martian Hop (2006 Remaster)	The Routers	1963 Great Instrumental Hits	INDIFFERENT	2:22	iec1zudxf74	MPREb_xiRj0lzONgL	UCgdMPSSj0k40Ow9Qsbuz01w
1436	Memphis (2006 Remaster)	The Routers	1963 Great Instrumental Hits	INDIFFERENT	3:14	RidGDe3conU	MPREb_xiRj0lzONgL	UCgdMPSSj0k40Ow9Qsbuz01w
1437	Wipe Out (2006 Remaster)	The Routers	1963 Great Instrumental Hits	INDIFFERENT	2:50	IhgAojCIgug	MPREb_xiRj0lzONgL	UCgdMPSSj0k40Ow9Qsbuz01w
1438	Pipeline (2006 Remaster)	The Routers	1963 Great Instrumental Hits	INDIFFERENT	2:35	As8bcDYBgqo	MPREb_xiRj0lzONgL	UCgdMPSSj0k40Ow9Qsbuz01w
1439	Sting Ray (2006 Remaster)	The Routers	1963 Great Instrumental Hits	INDIFFERENT	1:54	XPI8n9AWMHg	MPREb_xiRj0lzONgL	UCgdMPSSj0k40Ow9Qsbuz01w
1308	Intro / There's Something Goin' On	The Roots	Do You Want More?!!!??!	INDIFFERENT	1:18	jAG6na4OFTs	MPREb_fP7veX8SBs8	UCkOV250OgD1qUOAvGYgCSvA
1312	I Remain Calm	The Roots	Do You Want More?!!!??!	INDIFFERENT	4:08	_Sxn5FCsSlQ	MPREb_fP7veX8SBs8	UCkOV250OgD1qUOAvGYgCSvA
1313	Datskat	The Roots	Do You Want More?!!!??!	INDIFFERENT	3:40	_4Wz7vxugMw	MPREb_fP7veX8SBs8	UCkOV250OgD1qUOAvGYgCSvA
1314	Lazy Afternoon	The Roots	Do You Want More?!!!??!	INDIFFERENT	5:06	_LLTu0khzTM	MPREb_fP7veX8SBs8	UCkOV250OgD1qUOAvGYgCSvA
1315	? Vs. Rahzel	The Roots	Do You Want More?!!!??!	INDIFFERENT	3:18	16AH0CL6Ac8	MPREb_fP7veX8SBs8	UCkOV250OgD1qUOAvGYgCSvA
1316	Do You Want More?!!!??!	The Roots	Do You Want More?!!!??!	INDIFFERENT	3:21	qnDrRGBmnY0	MPREb_fP7veX8SBs8	UCkOV250OgD1qUOAvGYgCSvA
1318	Essaywhuman?!!!??!	The Roots	Do You Want More?!!!??!	INDIFFERENT	4:59	dP3Y0FT96Us	MPREb_fP7veX8SBs8	UCkOV250OgD1qUOAvGYgCSvA
1319	Swept Away	The Roots	Do You Want More?!!!??!	INDIFFERENT	3:50	Zv3AoFlVGhE	MPREb_fP7veX8SBs8	UCkOV250OgD1qUOAvGYgCSvA
1320	You Ain't Fly	The Roots	Do You Want More?!!!??!	INDIFFERENT	4:42	LQNnZLH0vrk	MPREb_fP7veX8SBs8	UCkOV250OgD1qUOAvGYgCSvA
1322	The Lesson, Pt. 1	The Roots	Do You Want More?!!!??!	INDIFFERENT	5:12	ffgOWk9j_k0	MPREb_fP7veX8SBs8	UCkOV250OgD1qUOAvGYgCSvA
1323	The Unlocking	The Roots	Do You Want More?!!!??!	INDIFFERENT	8:11	2VY8MwlCaag	MPREb_fP7veX8SBs8	UCkOV250OgD1qUOAvGYgCSvA
1324	Dilltastic Vol Won(derful)	The Roots	Game Theory	INDIFFERENT	0:28	IeuLv_mZyAU	MPREb_VRywOkKRP6E	UCkOV250OgD1qUOAvGYgCSvA
1325	False Media	The Roots	Game Theory	INDIFFERENT	2:43	E5nivx2lSZM	MPREb_VRywOkKRP6E	UCkOV250OgD1qUOAvGYgCSvA
1327	Don't Feel Right (feat. Maimouna Youssef)	The Roots	Game Theory	INDIFFERENT	4:08	HjcWf_KWNvU	MPREb_VRywOkKRP6E	UCkOV250OgD1qUOAvGYgCSvA
1329	Take It There (feat. Wadud Ahmad)	The Roots	Game Theory	INDIFFERENT	2:50	7UGyJKK-QwQ	MPREb_VRywOkKRP6E	UCkOV250OgD1qUOAvGYgCSvA
1331	Here I Come (feat. Dice Raw & Malik B.)	The Roots	Game Theory	INDIFFERENT	4:11	Y_h3dvMBfcE	MPREb_VRywOkKRP6E	UCkOV250OgD1qUOAvGYgCSvA
1332	Long Time (feat. Peedi Peedi & Bunny Sigler)	The Roots	Game Theory	INDIFFERENT	4:21	4cn7IEqh2aA	MPREb_VRywOkKRP6E	UCkOV250OgD1qUOAvGYgCSvA
1333	Livin' In A New World (feat. John John)	The Roots	Game Theory	INDIFFERENT	1:47	jqfq_pRygck	MPREb_VRywOkKRP6E	UCkOV250OgD1qUOAvGYgCSvA
1334	Clock With No Hands (feat. Mercedes Martinez)	The Roots	Game Theory	INDIFFERENT	4:23	eC-9QshRPwo	MPREb_VRywOkKRP6E	UCkOV250OgD1qUOAvGYgCSvA
1335	Atonement (feat. Jack Davey)	The Roots	Game Theory	INDIFFERENT	2:35	XYv3C_wx5sU	MPREb_VRywOkKRP6E	UCkOV250OgD1qUOAvGYgCSvA
1337	Bread And Butter	The Roots	Game Theory	INDIFFERENT	3:40	y1cQDlBI-b0	MPREb_VRywOkKRP6E	UCkOV250OgD1qUOAvGYgCSvA
1338	A Peace Of Light (feat. Amber Coffman, Angel Deradoorian & Haley Dekle)	The Roots	How I Got Over	INDIFFERENT	1:50	bvpMlr7Uxms	MPREb_eMu3Sm7Qm6Y	UCkOV250OgD1qUOAvGYgCSvA
1339	Walk Alone (feat. Truck North, P.O.R.N. & Dice Raw)	The Roots	How I Got Over	INDIFFERENT	3:54	T6NUYFa5u5o	MPREb_eMu3Sm7Qm6Y	UCkOV250OgD1qUOAvGYgCSvA
1340	Dear God 2.0 (feat. Monsters Of Folk)	The Roots	How I Got Over	INDIFFERENT	3:51	gvKpIs_Ft-Y	MPREb_eMu3Sm7Qm6Y	UCkOV250OgD1qUOAvGYgCSvA
1341	Radio Daze (feat. Blu, P.O.R.N. & Dice Raw)	The Roots	How I Got Over	INDIFFERENT	4:16	G0TIoXbJOYc	MPREb_eMu3Sm7Qm6Y	UCkOV250OgD1qUOAvGYgCSvA
1342	Now Or Never (feat. Phonte & Dice Raw)	The Roots	How I Got Over	INDIFFERENT	4:34	p8ijKP3KgPs	MPREb_eMu3Sm7Qm6Y	UCkOV250OgD1qUOAvGYgCSvA
1343	How I Got Over	The Roots	How I Got Over	INDIFFERENT	3:33	Rom8oZk7ETI	MPREb_eMu3Sm7Qm6Y	UCkOV250OgD1qUOAvGYgCSvA
1344	DillaTUDE: The Flight Of Titus	The Roots	How I Got Over	INDIFFERENT	0:42	mLsEpB5Df30	MPREb_eMu3Sm7Qm6Y	UCkOV250OgD1qUOAvGYgCSvA
1345	The Day (feat. Blu, Phonte & Patty Crash)	The Roots	How I Got Over	INDIFFERENT	3:44	KNaIPkdAElQ	MPREb_eMu3Sm7Qm6Y	UCkOV250OgD1qUOAvGYgCSvA
1346	Right On (feat. Joanna Newsom & STS)	The Roots	How I Got Over	INDIFFERENT	3:36	rQXqWz1mExE	MPREb_eMu3Sm7Qm6Y	UCkOV250OgD1qUOAvGYgCSvA
1349	Tunnel Vision	The Roots	How I Got Over	INDIFFERENT	0:40	QGAubas_5jk	MPREb_eMu3Sm7Qm6Y	UCkOV250OgD1qUOAvGYgCSvA
1350	Web 20/20 (feat. Peedi Peedi & Truck North)	The Roots	How I Got Over	INDIFFERENT	2:46	lUUcwkihtEI	MPREb_eMu3Sm7Qm6Y	UCkOV250OgD1qUOAvGYgCSvA
1351	Hustla (Bonus Track) (feat. STS)	The Roots	How I Got Over	INDIFFERENT	2:56	mb4ItESbvqI	MPREb_eMu3Sm7Qm6Y	UCkOV250OgD1qUOAvGYgCSvA
1360	? Vs. Scratch (The Token DJ Cut)	The Roots	Illadelph Halflife	INDIFFERENT	1:44	W907lqOwIEY	MPREb_eZxSxHuWOGR	UCkOV250OgD1qUOAvGYgCSvA
1362	Clones	The Roots	Illadelph Halflife	INDIFFERENT	4:54	rwBLpxTOB7k	MPREb_eZxSxHuWOGR	UCkOV250OgD1qUOAvGYgCSvA
1365	Dave Vs. US	The Roots	Illadelph Halflife	INDIFFERENT	0:50	YR98UfBW5Bw	MPREb_eZxSxHuWOGR	UCkOV250OgD1qUOAvGYgCSvA
1366	No Great Pretender	The Roots	Illadelph Halflife	INDIFFERENT	4:25	yCcx7xp9_Cc	MPREb_eZxSxHuWOGR	UCkOV250OgD1qUOAvGYgCSvA
1367	The Hypnotic (feat. D'Angelo)	The Roots	Illadelph Halflife	INDIFFERENT	5:19	82P10f1GfIo	MPREb_eZxSxHuWOGR	UCkOV250OgD1qUOAvGYgCSvA
1370	The Adventures In Wonderland	The Roots	Illadelph Halflife	INDIFFERENT	4:34	u7e6Rz8B6qc	MPREb_eZxSxHuWOGR	UCkOV250OgD1qUOAvGYgCSvA
1371	Outro (feat. Joe Young, Dr. Cornell West, Harry Allen & Wendy Goldstein)	The Roots	Illadelph Halflife	INDIFFERENT	0:15	3c66rFZNmgU	MPREb_eZxSxHuWOGR	UCkOV250OgD1qUOAvGYgCSvA
1372	Phrentrow (feat. Ursula Rucker)	The Roots	Phrenology	INDIFFERENT	0:21	YC3GxIuGksY	MPREb_I50MYGswhM8	UCkOV250OgD1qUOAvGYgCSvA
1373	Rock You	The Roots	Phrenology	INDIFFERENT	3:13	WIau_dOEnRY	MPREb_I50MYGswhM8	UCkOV250OgD1qUOAvGYgCSvA
1374	!!!!!!!	The Roots	Phrenology	INDIFFERENT	0:25	p4JSvrjO9No	MPREb_I50MYGswhM8	UCkOV250OgD1qUOAvGYgCSvA
1375	Sacrifice (feat. Nelly Furtado)	The Roots	Phrenology	INDIFFERENT	4:45	s5iBmmzGDR8	MPREb_I50MYGswhM8	UCkOV250OgD1qUOAvGYgCSvA
1376	Rolling With Heat	The Roots	Phrenology	INDIFFERENT	3:43	UmNHrWqpON0	MPREb_I50MYGswhM8	UCkOV250OgD1qUOAvGYgCSvA
1377	Thought @ Work	The Roots	Phrenology	INDIFFERENT	1:01	t0EN7CUWrFE	MPREb_I50MYGswhM8	UCkOV250OgD1qUOAvGYgCSvA
1378	Thought @ Work	The Roots	Phrenology	INDIFFERENT	4:44	trw6VTlADZA	MPREb_I50MYGswhM8	UCkOV250OgD1qUOAvGYgCSvA
1381	Water	The Roots	Phrenology	INDIFFERENT	10:25	5g-DtgEVax8	MPREb_I50MYGswhM8	UCkOV250OgD1qUOAvGYgCSvA
1382	Quills	The Roots	Phrenology	INDIFFERENT	3:47	fRZACu4Sc4Q	MPREb_I50MYGswhM8	UCkOV250OgD1qUOAvGYgCSvA
1383	Pussy Galore	The Roots	Phrenology	INDIFFERENT	4:30	AVVSuhu0ktc	MPREb_I50MYGswhM8	UCkOV250OgD1qUOAvGYgCSvA
1384	Complexity (feat. Jill Scott)	The Roots	Phrenology	INDIFFERENT	4:48	Ni7hHSd8fPU	MPREb_I50MYGswhM8	UCkOV250OgD1qUOAvGYgCSvA
1385	Something In The Way Of Things (In Town)	The Roots	Phrenology	INDIFFERENT	6:47	jX2Mhco_KjU	MPREb_I50MYGswhM8	UCkOV250OgD1qUOAvGYgCSvA
1386	Rhymes And Ammo	The Roots	Phrenology	INDIFFERENT	4:31	3qJXsyB0LBQ	MPREb_I50MYGswhM8	UCkOV250OgD1qUOAvGYgCSvA
1387	Thirsty!	The Roots	Phrenology	INDIFFERENT	2:49	69LTReSa918	MPREb_I50MYGswhM8	UCkOV250OgD1qUOAvGYgCSvA
1388	Star/Pointro	The Roots	The Tipping Point	INDIFFERENT	7:36	biDq7xEpnj0	MPREb_sYjBeMMEHPa	UCkOV250OgD1qUOAvGYgCSvA
1389	I Don't Care (feat. Dom)	The Roots	The Tipping Point	INDIFFERENT	4:02	jbOmiYKjUDI	MPREb_sYjBeMMEHPa	UCkOV250OgD1qUOAvGYgCSvA
1392	Web	The Roots	The Tipping Point	INDIFFERENT	3:16	Uv4Bq54EKww	MPREb_sYjBeMMEHPa	UCkOV250OgD1qUOAvGYgCSvA
1393	Somebody's Gotta Do It	The Roots	The Tipping Point	INDIFFERENT	4:08	M0SjU95U3-k	MPREb_sYjBeMMEHPa	UCkOV250OgD1qUOAvGYgCSvA
1394	Duck Down!	The Roots	The Tipping Point	INDIFFERENT	3:56	E2CIdJHvhIg	MPREb_sYjBeMMEHPa	UCkOV250OgD1qUOAvGYgCSvA
1396	In Love With The Mic	The Roots	The Tipping Point	INDIFFERENT	3:48	YdNq0Na7kJM	MPREb_sYjBeMMEHPa	UCkOV250OgD1qUOAvGYgCSvA
1397	Din Da Da	The Roots	The Tipping Point	INDIFFERENT	8:13	2jw5ejG_bDA	MPREb_sYjBeMMEHPa	UCkOV250OgD1qUOAvGYgCSvA
1400	The Spark	The Roots	Things Fall Apart	INDIFFERENT	3:52	PnrUePtOcXA	MPREb_LawQuTEu344	UCkOV250OgD1qUOAvGYgCSvA
1402	Without A Doubt (feat. Lady B)	The Roots	Things Fall Apart	INDIFFERENT	4:14	IJJzRWO72Po	MPREb_LawQuTEu344	UCkOV250OgD1qUOAvGYgCSvA
1405	Act Too (The Love Of My Life) (feat. Common)	The Roots	Things Fall Apart	INDIFFERENT	4:54	XqHnARjmCVI	MPREb_LawQuTEu344	UCkOV250OgD1qUOAvGYgCSvA
1406	Diedre Vs. Dice	The Roots	Things Fall Apart	INDIFFERENT	0:47	YTaSW7zLWXc	MPREb_LawQuTEu344	UCkOV250OgD1qUOAvGYgCSvA
1407	Adrenaline! (feat. Dice Raw & Beanie Sigel)	The Roots	Things Fall Apart	INDIFFERENT	4:27	2WQN10PpZA8	MPREb_LawQuTEu344	UCkOV250OgD1qUOAvGYgCSvA
1408	3rd Acts: ? Vs. Scratch 2 ... Electric Boogaloo	The Roots	Things Fall Apart	INDIFFERENT	0:51	Pd1Ifb7Vfrs	MPREb_LawQuTEu344	UCkOV250OgD1qUOAvGYgCSvA
1411	Act Fore...The End?	The Roots	Things Fall Apart	INDIFFERENT	4:44	2tESgBbPYxo	MPREb_LawQuTEu344	UCkOV250OgD1qUOAvGYgCSvA
1184	Confessin' The Blues	The Rolling Stones	12 X 5	INDIFFERENT	2:47	qVf6BhlHUjQ	MPREb_7DCilAEIioz	UCNYhhkQqeFLUc-YEDcLpSYQ
1185	Empty Heart	The Rolling Stones	12 X 5	INDIFFERENT	2:36	he_ISefSQeo	MPREb_7DCilAEIioz	UCNYhhkQqeFLUc-YEDcLpSYQ
1187	Good Times, Bad Times (Mono Version)	The Rolling Stones	12 X 5	INDIFFERENT	2:30	rhzA5YA32wg	MPREb_7DCilAEIioz	UCNYhhkQqeFLUc-YEDcLpSYQ
1188	It's All Over Now (Mono Version)	The Rolling Stones	12 X 5	INDIFFERENT	3:26	jOcCrvzqVnk	MPREb_7DCilAEIioz	UCNYhhkQqeFLUc-YEDcLpSYQ
1189	2120 South Michigan Avenue (Long Version)	The Rolling Stones	12 X 5	INDIFFERENT	3:38	KXQYDfLxVtk	MPREb_7DCilAEIioz	UCNYhhkQqeFLUc-YEDcLpSYQ
1192	Grown Up Wrong	The Rolling Stones	12 X 5	INDIFFERENT	2:05	zteVEgjYTus	MPREb_7DCilAEIioz	UCNYhhkQqeFLUc-YEDcLpSYQ
1194	Susie Q	The Rolling Stones	12 X 5	INDIFFERENT	1:50	XN8J0NMALy4	MPREb_7DCilAEIioz	UCNYhhkQqeFLUc-YEDcLpSYQ
1202	Going Home	The Rolling Stones	Aftermath	INDIFFERENT	11:13	bS5v3Iml-fI	MPREb_Kv1Y3Zh54dy	UCNYhhkQqeFLUc-YEDcLpSYQ
1205	Dear Doctor (50th Anniversary Edition)	The Rolling Stones	Beggars Banquet (50th Anniversary Edition)	INDIFFERENT	3:22	1aU9Yg5BStg	MPREb_Ir7Xm3VAPcS	UCNYhhkQqeFLUc-YEDcLpSYQ
1206	Parachute Woman (50th Anniversary Edition)	The Rolling Stones	Beggars Banquet (50th Anniversary Edition)	INDIFFERENT	2:21	yZ6EIYm_RzQ	MPREb_Ir7Xm3VAPcS	UCNYhhkQqeFLUc-YEDcLpSYQ
1210	Stray Cat Blues (50th Anniversary Edition)	The Rolling Stones	Beggars Banquet (50th Anniversary Edition)	INDIFFERENT	4:39	1mcTNBBdiOE	MPREb_Ir7Xm3VAPcS	UCNYhhkQqeFLUc-YEDcLpSYQ
1211	Factory Girl (50th Anniversary Edition)	The Rolling Stones	Beggars Banquet (50th Anniversary Edition)	INDIFFERENT	2:10	tsuVzdv6RJo	MPREb_Ir7Xm3VAPcS	UCNYhhkQqeFLUc-YEDcLpSYQ
1214	Shake Your Hips	The Rolling Stones	Exile On Main St.	INDIFFERENT	2:59	CfS19zxOBPc	MPREb_aju6q8kPBVS	UCNYhhkQqeFLUc-YEDcLpSYQ
1215	Casino Boogie	The Rolling Stones	Exile On Main St.	INDIFFERENT	3:34	deBu61SHBa0	MPREb_aju6q8kPBVS	UCNYhhkQqeFLUc-YEDcLpSYQ
1218	Sweet Black Angel	The Rolling Stones	Exile On Main St.	INDIFFERENT	2:57	Cwekn8dDxCo	MPREb_aju6q8kPBVS	UCNYhhkQqeFLUc-YEDcLpSYQ
1220	I Just Want To See His Face	The Rolling Stones	Exile On Main St.	INDIFFERENT	2:52	-anVr5LWA3U	MPREb_aju6q8kPBVS	UCNYhhkQqeFLUc-YEDcLpSYQ
1222	Stop Breaking Down	The Rolling Stones	Exile On Main St.	INDIFFERENT	4:34	pgrplOjD6bY	MPREb_aju6q8kPBVS	UCNYhhkQqeFLUc-YEDcLpSYQ
1223	Soul Survivor	The Rolling Stones	Exile On Main St.	INDIFFERENT	3:48	7oElqYHn7p8	MPREb_aju6q8kPBVS	UCNYhhkQqeFLUc-YEDcLpSYQ
1236	Time Is On My Side (Mono Version)	The Rolling Stones	Hot Rocks (1964-1971)	INDIFFERENT	3:00	ZHKz7FBUF1w	MPREb_bPmNjQylDId	UCNYhhkQqeFLUc-YEDcLpSYQ
1237	Heart Of Stone (Stereo Version / Remastered 2002)	The Rolling Stones	Hot Rocks (1964-1971)	INDIFFERENT	2:49	jW9AqaKZ83k	MPREb_bPmNjQylDId	UCNYhhkQqeFLUc-YEDcLpSYQ
1238	Play With Fire (Mono Version)	The Rolling Stones	Hot Rocks (1964-1971)	INDIFFERENT	2:13	2n-lVaZYYXk	MPREb_bPmNjQylDId	UCNYhhkQqeFLUc-YEDcLpSYQ
1239	(I Can't Get No) Satisfaction (Mono Version)	The Rolling Stones	Hot Rocks (1964-1971)	INDIFFERENT	3:42	xpCu8OkjVDQ	MPREb_bPmNjQylDId	UCNYhhkQqeFLUc-YEDcLpSYQ
1240	As Tears Go By (Mono Version)	The Rolling Stones	Hot Rocks (1964-1971)	INDIFFERENT	2:45	kpz8libMO3Y	MPREb_bPmNjQylDId	UCNYhhkQqeFLUc-YEDcLpSYQ
1243	19th Nervous Breakdown (Mono Version)	The Rolling Stones	Hot Rocks (1964-1971)	INDIFFERENT	3:56	0sTtJlo7hQU	MPREb_bPmNjQylDId	UCNYhhkQqeFLUc-YEDcLpSYQ
1248	Jumpin' Jack Flash (Mono Version)	The Rolling Stones	Hot Rocks (1964-1971)	INDIFFERENT	3:42	VZyFjsdDvDQ	MPREb_bPmNjQylDId	UCNYhhkQqeFLUc-YEDcLpSYQ
1253	Midnight Rambler (Live From Madison Square Garden, New York/1969)	The Rolling Stones	Hot Rocks (1964-1971)	INDIFFERENT	9:14	jXadHg9DOzs	MPREb_bPmNjQylDId	UCNYhhkQqeFLUc-YEDcLpSYQ
1256	Wild Horses	The Rolling Stones	Hot Rocks (1964-1971)	INDIFFERENT	5:42	ux6SKYa7n2U	MPREb_bPmNjQylDId	UCNYhhkQqeFLUc-YEDcLpSYQ
1266	She Said Yeah (Remastered 2002)	The Rolling Stones	Out Of Our Heads (UK)	INDIFFERENT	1:34	PLz2ManlsWw	MPREb_BFpFt5CUuS9	UCNYhhkQqeFLUc-YEDcLpSYQ
1267	Mercy Mercy (Remastered 2002)	The Rolling Stones	Out Of Our Heads (UK)	INDIFFERENT	2:46	oLPb47obj_U	MPREb_BFpFt5CUuS9	UCNYhhkQqeFLUc-YEDcLpSYQ
1268	Hitch Hike (Remastered 2002)	The Rolling Stones	Out Of Our Heads (UK)	INDIFFERENT	2:26	3UTHEyucE9U	MPREb_BFpFt5CUuS9	UCNYhhkQqeFLUc-YEDcLpSYQ
1269	That's How Strong My Love Is (Remastered 2002)	The Rolling Stones	Out Of Our Heads (UK)	INDIFFERENT	2:25	6TGHdQ75XCY	MPREb_BFpFt5CUuS9	UCNYhhkQqeFLUc-YEDcLpSYQ
1272	Talkin' About You (Remastered 2002)	The Rolling Stones	Out Of Our Heads (UK)	INDIFFERENT	2:32	N7NeGTD82Ow	MPREb_BFpFt5CUuS9	UCNYhhkQqeFLUc-YEDcLpSYQ
1273	Cry To Me (Remastered 2002)	The Rolling Stones	Out Of Our Heads (UK)	INDIFFERENT	3:10	DGNMZRTLpDg	MPREb_BFpFt5CUuS9	UCNYhhkQqeFLUc-YEDcLpSYQ
1275	Heart Of Stone (Stereo Version / Remastered 2002)	The Rolling Stones	Out Of Our Heads (UK)	INDIFFERENT	2:51	Ozd1XuYJI8g	MPREb_BFpFt5CUuS9	UCNYhhkQqeFLUc-YEDcLpSYQ
1276	The Under Assistant West Coast Promotion Man (Edit / Mono Version)	The Rolling Stones	Out Of Our Heads (UK)	INDIFFERENT	3:07	pp4ORxN9JUg	MPREb_BFpFt5CUuS9	UCNYhhkQqeFLUc-YEDcLpSYQ
1277	I'm Free (Mono Version)	The Rolling Stones	Out Of Our Heads (UK)	INDIFFERENT	2:23	j7uNx0TScUo	MPREb_BFpFt5CUuS9	UCNYhhkQqeFLUc-YEDcLpSYQ
1279	When The Whip Comes Down	The Rolling Stones	Some Girls (2009 Re-Mastered)	INDIFFERENT	4:20	fwgGdfp-kc0	MPREb_or65rLBCsPI	UCNYhhkQqeFLUc-YEDcLpSYQ
1281	Some Girls	The Rolling Stones	Some Girls (2009 Re-Mastered)	INDIFFERENT	4:36	hKOr0yzZcro	MPREb_or65rLBCsPI	UCNYhhkQqeFLUc-YEDcLpSYQ
1282	Lies	The Rolling Stones	Some Girls (2009 Re-Mastered)	INDIFFERENT	3:11	XRTXx4NdodU	MPREb_or65rLBCsPI	UCNYhhkQqeFLUc-YEDcLpSYQ
1283	Far Away Eyes	The Rolling Stones	Some Girls (2009 Re-Mastered)	INDIFFERENT	4:23	1n-2vgbk6w4	MPREb_or65rLBCsPI	UCNYhhkQqeFLUc-YEDcLpSYQ
1284	Respectable	The Rolling Stones	Some Girls (2009 Re-Mastered)	INDIFFERENT	3:07	S0hl5WmTTPo	MPREb_or65rLBCsPI	UCNYhhkQqeFLUc-YEDcLpSYQ
1285	Before They Make Me Run	The Rolling Stones	Some Girls (2009 Re-Mastered)	INDIFFERENT	3:24	KWqxFMUnskw	MPREb_or65rLBCsPI	UCNYhhkQqeFLUc-YEDcLpSYQ
1292	You Gotta Move (2009 Mix)	The Rolling Stones	Sticky Fingers	INDIFFERENT	2:32	Qb-K8a4kBAQ	MPREb_VSKUmokkIZK	UCNYhhkQqeFLUc-YEDcLpSYQ
1293	Bitch (2009 Mix)	The Rolling Stones	Sticky Fingers	INDIFFERENT	3:37	VH2LipXrKkQ	MPREb_VSKUmokkIZK	UCNYhhkQqeFLUc-YEDcLpSYQ
1297	Moonlight Mile (2009 Mix)	The Rolling Stones	Sticky Fingers	INDIFFERENT	5:57	qpB8XyFSY5E	MPREb_VSKUmokkIZK	UCNYhhkQqeFLUc-YEDcLpSYQ
1298	Sing This All Together	The Rolling Stones	Their Satanic Majesties Request	INDIFFERENT	3:46	8QmcgU0pk9s	MPREb_p2LLiuQY2o6	UCNYhhkQqeFLUc-YEDcLpSYQ
1305	Gomper	The Rolling Stones	Their Satanic Majesties Request	INDIFFERENT	5:08	12VrOX-ogAw	MPREb_p2LLiuQY2o6	UCNYhhkQqeFLUc-YEDcLpSYQ
1307	On With The Show	The Rolling Stones	Their Satanic Majesties Request	INDIFFERENT	3:39	NyR2-2TlARg	MPREb_p2LLiuQY2o6	UCNYhhkQqeFLUc-YEDcLpSYQ
1127	Picnic boy	The Residents	The Commercial Album	INDIFFERENT	1:06	EuIbD-zIhDs	MPREb_djVTPTkyi5T	UCr2xdTYrY-Q02PVebrTdgiQ
1128	End of home	The Residents	The Commercial Album	INDIFFERENT	1:07	8vYsxiklAZ0	MPREb_djVTPTkyi5T	UCr2xdTYrY-Q02PVebrTdgiQ
1129	Amber	The Residents	The Commercial Album	INDIFFERENT	1:07	0cNror-spdI	MPREb_djVTPTkyi5T	UCr2xdTYrY-Q02PVebrTdgiQ
1130	Japanese watercolor	The Residents	The Commercial Album	INDIFFERENT	1:07	ju21jIJL2r4	MPREb_djVTPTkyi5T	UCr2xdTYrY-Q02PVebrTdgiQ
1134	My Second wife	The Residents	The Commercial Album	INDIFFERENT	1:07	pavZNglLKxg	MPREb_djVTPTkyi5T	UCr2xdTYrY-Q02PVebrTdgiQ
1135	Floyd	The Residents	The Commercial Album	INDIFFERENT	1:07	551BBXWrmN0	MPREb_djVTPTkyi5T	UCr2xdTYrY-Q02PVebrTdgiQ
1136	Suburban bathers	The Residents	The Commercial Album	INDIFFERENT	1:06	CSJr1T3Eoz0	MPREb_djVTPTkyi5T	UCr2xdTYrY-Q02PVebrTdgiQ
1137	Dimples and toes	The Residents	The Commercial Album	INDIFFERENT	1:06	OoZV1k0skNM	MPREb_djVTPTkyi5T	UCr2xdTYrY-Q02PVebrTdgiQ
1138	The nameless souls	The Residents	The Commercial Album	INDIFFERENT	1:07	TzCCFP7EZUg	MPREb_djVTPTkyi5T	UCr2xdTYrY-Q02PVebrTdgiQ
1139	Love leaks out	The Residents	The Commercial Album	INDIFFERENT	1:07	JUeuHkAeDtI	MPREb_djVTPTkyi5T	UCr2xdTYrY-Q02PVebrTdgiQ
1140	Act of being polite	The Residents	The Commercial Album	INDIFFERENT	1:06	m5rSaWAV_9k	MPREb_djVTPTkyi5T	UCr2xdTYrY-Q02PVebrTdgiQ
1141	Medicine man	The Residents	The Commercial Album	INDIFFERENT	1:07	bkFtD5GNjZg	MPREb_djVTPTkyi5T	UCr2xdTYrY-Q02PVebrTdgiQ
1142	Tragic bells	The Residents	The Commercial Album	INDIFFERENT	1:07	jXZMqFRrtr8	MPREb_djVTPTkyi5T	UCr2xdTYrY-Q02PVebrTdgiQ
1145	Ups and downs	The Residents	The Commercial Album	INDIFFERENT	1:07	jji1F6ruiyo	MPREb_djVTPTkyi5T	UCr2xdTYrY-Q02PVebrTdgiQ
1146	Possessions	The Residents	The Commercial Album	INDIFFERENT	1:07	-kaov6ynoCE	MPREb_djVTPTkyi5T	UCr2xdTYrY-Q02PVebrTdgiQ
1147	Give it to someone else	The Residents	The Commercial Album	INDIFFERENT	1:04	L3OHj7aVIYI	MPREb_djVTPTkyi5T	UCr2xdTYrY-Q02PVebrTdgiQ
1149	Less not more	The Residents	The Commercial Album	INDIFFERENT	1:07	ynAk-d9HEZ4	MPREb_djVTPTkyi5T	UCr2xdTYrY-Q02PVebrTdgiQ
1150	My work is so behind	The Residents	The Commercial Album	INDIFFERENT	1:07	yhR8vgqvVbM	MPREb_djVTPTkyi5T	UCr2xdTYrY-Q02PVebrTdgiQ
1152	Handfull of desire	The Residents	The Commercial Album	INDIFFERENT	1:08	KaZIIQiKbZI	MPREb_djVTPTkyi5T	UCr2xdTYrY-Q02PVebrTdgiQ
1155	Troubled man	The Residents	The Commercial Album	INDIFFERENT	1:07	Y0_QXqxBPNM	MPREb_djVTPTkyi5T	UCr2xdTYrY-Q02PVebrTdgiQ
1156	La la	The Residents	The Commercial Album	INDIFFERENT	1:06	Pm-gasiEdLY	MPREb_djVTPTkyi5T	UCr2xdTYrY-Q02PVebrTdgiQ
1157	Loneliness	The Residents	The Commercial Album	INDIFFERENT	1:07	KkfIqeOaDws	MPREb_djVTPTkyi5T	UCr2xdTYrY-Q02PVebrTdgiQ
1158	Nice old man	The Residents	The Commercial Album	INDIFFERENT	1:07	g0fV4CJZ1YY	MPREb_djVTPTkyi5T	UCr2xdTYrY-Q02PVebrTdgiQ
1159	The talk of creatures	The Residents	The Commercial Album	INDIFFERENT	1:03	-AZ4I5P1Xl0	MPREb_djVTPTkyi5T	UCr2xdTYrY-Q02PVebrTdgiQ
1160	Fingertips	The Residents	The Commercial Album	INDIFFERENT	1:05	pNhQuCJslhY	MPREb_djVTPTkyi5T	UCr2xdTYrY-Q02PVebrTdgiQ
1161	And between dreams	The Residents	The Commercial Album	INDIFFERENT	1:05	6imZwfxxYkk	MPREb_djVTPTkyi5T	UCr2xdTYrY-Q02PVebrTdgiQ
1162	Margaret Freeman	The Residents	The Commercial Album	INDIFFERENT	1:06	l0Y7Z0sbymQ	MPREb_djVTPTkyi5T	UCr2xdTYrY-Q02PVebrTdgiQ
1163	The coming of the crow	The Residents	The Commercial Album	INDIFFERENT	1:06	E2mjofBYqx8	MPREb_djVTPTkyi5T	UCr2xdTYrY-Q02PVebrTdgiQ
1164	When we were young	The Residents	The Commercial Album	INDIFFERENT	1:05	mzy0zNkSlio	MPREb_djVTPTkyi5T	UCr2xdTYrY-Q02PVebrTdgiQ
1165	Boots	The Residents	Meet The Residents	INDIFFERENT	1:38	r3ikimwZmlU	MPREb_niRHXOprcJW	UCr2xdTYrY-Q02PVebrTdgiQ
1166	Numb Erone	The Residents	Meet The Residents	INDIFFERENT	5:56	2Kmo3aAXiMg	MPREb_niRHXOprcJW	UCr2xdTYrY-Q02PVebrTdgiQ
1167	Guylum Bardot	The Residents	Meet The Residents	INDIFFERENT	5:08	6sMd4Yw1-60	MPREb_niRHXOprcJW	UCr2xdTYrY-Q02PVebrTdgiQ
1168	Breath and Length	The Residents	Meet The Residents	INDIFFERENT	9:47	cX2NxLrmLSo	MPREb_niRHXOprcJW	UCr2xdTYrY-Q02PVebrTdgiQ
1169	Consuelo's Departure	The Residents	Meet The Residents	INDIFFERENT	1:06	GnZLsE6r9Yg	MPREb_niRHXOprcJW	UCr2xdTYrY-Q02PVebrTdgiQ
1170	Smelly Tongues	The Residents	Meet The Residents	INDIFFERENT	1:21	Nr0JztPkQQI	MPREb_niRHXOprcJW	UCr2xdTYrY-Q02PVebrTdgiQ
1172	Skratz	The Residents	Meet The Residents	INDIFFERENT	1:44	4-zJqNW8YVo	MPREb_niRHXOprcJW	UCr2xdTYrY-Q02PVebrTdgiQ
1173	Spotted Pinto Bean	The Residents	Meet The Residents	INDIFFERENT	1:46	lAsDNNn971w	MPREb_niRHXOprcJW	UCr2xdTYrY-Q02PVebrTdgiQ
1174	Infant Tango	The Residents	Meet The Residents	INDIFFERENT	5:06	cJK0HEh4_GY	MPREb_niRHXOprcJW	UCr2xdTYrY-Q02PVebrTdgiQ
1175	Seasoned Greetings	The Residents	Meet The Residents	INDIFFERENT	1:44	k-tiEU87VTo	MPREb_niRHXOprcJW	UCr2xdTYrY-Q02PVebrTdgiQ
1176	N-ER-GEE (Crisis Blues)	The Residents	Meet The Residents	INDIFFERENT	6:38	DB-1EZNCAy4	MPREb_niRHXOprcJW	UCr2xdTYrY-Q02PVebrTdgiQ
1177	Part One: Edweena	The Residents	Not Available	INDIFFERENT	10:56	Yfcl0nfYpPA	MPREb_pmGZCTHarxi	UCr2xdTYrY-Q02PVebrTdgiQ
1178	Part Two: The Making of a Soul	The Residents	Not Available	INDIFFERENT	10:04	7sJGC2xjnTw	MPREb_pmGZCTHarxi	UCr2xdTYrY-Q02PVebrTdgiQ
1179	Part Three: Ship's a'Going Down	The Residents	Not Available	INDIFFERENT	10:11	0uRZi5FhN58	MPREb_pmGZCTHarxi	UCr2xdTYrY-Q02PVebrTdgiQ
1180	Part Four: Never Known Questions	The Residents	Not Available	INDIFFERENT	8:55	L7ABsXFbZOE	MPREb_pmGZCTHarxi	UCr2xdTYrY-Q02PVebrTdgiQ
1111	I Ain't Gonna Eat out My Heart Anymore (Single Version)	The Rascals	Time Peace (The Rascals' Greatest Hits)	INDIFFERENT	2:44	me3Fkc_QxuA	MPREb_EqEww7MueZr	UCTyZg74MHOVOSN2prFqiG4Q
1113	You Better Run (Single Version)	The Rascals	Time Peace (The Rascals' Greatest Hits)	INDIFFERENT	2:28	4Tr3ogvhW0g	MPREb_EqEww7MueZr	UCTyZg74MHOVOSN2prFqiG4Q
1114	Come on Up (Single Version)	The Rascals	Time Peace (The Rascals' Greatest Hits)	INDIFFERENT	2:47	H26GI9XFOo8	MPREb_EqEww7MueZr	UCTyZg74MHOVOSN2prFqiG4Q
1115	Mustang Sally (Single Version)	The Rascals	Time Peace (The Rascals' Greatest Hits)	INDIFFERENT	4:02	SDQJE3Kwqi4	MPREb_EqEww7MueZr	UCTyZg74MHOVOSN2prFqiG4Q
1116	Love Is a Beautiful Thing	The Rascals	Time Peace (The Rascals' Greatest Hits)	INDIFFERENT	2:33	4DnJSekBNOs	MPREb_EqEww7MueZr	UCTyZg74MHOVOSN2prFqiG4Q
1117	In the Midnight Hour	The Rascals	Time Peace (The Rascals' Greatest Hits)	INDIFFERENT	4:01	1qt4m5vw8J8	MPREb_EqEww7MueZr	UCTyZg74MHOVOSN2prFqiG4Q
1118	I've Been Lonely Too Long (Single Version)	The Rascals	Time Peace (The Rascals' Greatest Hits)	INDIFFERENT	3:02	dWFh3Hf7TlM	MPREb_EqEww7MueZr	UCTyZg74MHOVOSN2prFqiG4Q
1120	A Girl Like You	The Rascals	Time Peace (The Rascals' Greatest Hits)	INDIFFERENT	2:50	WWgK4InRe8I	MPREb_EqEww7MueZr	UCTyZg74MHOVOSN2prFqiG4Q
1121	How Can I Be Sure (Single Version)	The Rascals	Time Peace (The Rascals' Greatest Hits)	INDIFFERENT	2:54	8c_l-0p59BQ	MPREb_EqEww7MueZr	UCTyZg74MHOVOSN2prFqiG4Q
1122	It's Wonderful	The Rascals	Time Peace (The Rascals' Greatest Hits)	INDIFFERENT	2:17	BRqI20IrGG0	MPREb_EqEww7MueZr	UCTyZg74MHOVOSN2prFqiG4Q
1123	Easy Rollin'	The Rascals	Time Peace (The Rascals' Greatest Hits)	INDIFFERENT	2:55	MjsvtTynYmk	MPREb_EqEww7MueZr	UCTyZg74MHOVOSN2prFqiG4Q
1124	A Beautiful Morning (Single Version)	The Rascals	Time Peace (The Rascals' Greatest Hits)	INDIFFERENT	2:32	-GKGTynFTV8	MPREb_EqEww7MueZr	UCTyZg74MHOVOSN2prFqiG4Q
1092	Family Treet	The Raincoats	Odyshape	INDIFFERENT	4:13	M6S0z9uAqYE	MPREb_sjYfwCxWzzC	UCO_NHhJrJtSDnz6bXZ09BLw
1094	Dancing in My Head	The Raincoats	Odyshape	INDIFFERENT	5:30	fWB40wYQO-w	MPREb_sjYfwCxWzzC	UCO_NHhJrJtSDnz6bXZ09BLw
1095	Odyshape	The Raincoats	Odyshape	INDIFFERENT	3:41	i3xGpWZyz04	MPREb_sjYfwCxWzzC	UCO_NHhJrJtSDnz6bXZ09BLw
1096	And Then It's OK	The Raincoats	Odyshape	INDIFFERENT	3:10	cSiX09Byuj4	MPREb_sjYfwCxWzzC	UCO_NHhJrJtSDnz6bXZ09BLw
1097	Baby Song	The Raincoats	Odyshape	INDIFFERENT	5:00	D9b9roOlXqM	MPREb_sjYfwCxWzzC	UCO_NHhJrJtSDnz6bXZ09BLw
1098	Red Shoes	The Raincoats	Odyshape	INDIFFERENT	2:55	qkJdUmQWZeA	MPREb_sjYfwCxWzzC	UCO_NHhJrJtSDnz6bXZ09BLw
1099	Go Away	The Raincoats	Odyshape	INDIFFERENT	2:28	0aoTS-oi3Hc	MPREb_sjYfwCxWzzC	UCO_NHhJrJtSDnz6bXZ09BLw
1100	Fairytale in the Supermarket	The Raincoats	The Raincoats	INDIFFERENT	3:00	7XdAlsl9T7w	MPREb_WoOz7jx35Jc	UCO_NHhJrJtSDnz6bXZ09BLw
1101	No Side to Fall In	The Raincoats	The Raincoats	INDIFFERENT	1:49	nlTpzn4YFLA	MPREb_WoOz7jx35Jc	UCO_NHhJrJtSDnz6bXZ09BLw
1102	Adventures Close to Home	The Raincoats	The Raincoats	INDIFFERENT	1:53	SNH4NSxbjNU	MPREb_WoOz7jx35Jc	UCO_NHhJrJtSDnz6bXZ09BLw
1103	Off Duty Trip	The Raincoats	The Raincoats	INDIFFERENT	3:15	sYZMju1OWd4	MPREb_WoOz7jx35Jc	UCO_NHhJrJtSDnz6bXZ09BLw
1104	Black and White	The Raincoats	The Raincoats	INDIFFERENT	2:29	yhFxx4_0bxg	MPREb_WoOz7jx35Jc	UCO_NHhJrJtSDnz6bXZ09BLw
1106	The Void	The Raincoats	The Raincoats	INDIFFERENT	3:51	AXvmJXQC5h4	MPREb_WoOz7jx35Jc	UCO_NHhJrJtSDnz6bXZ09BLw
1107	Life on the Line	The Raincoats	The Raincoats	INDIFFERENT	4:23	R2rOwZ6MCHQ	MPREb_WoOz7jx35Jc	UCO_NHhJrJtSDnz6bXZ09BLw
1108	You're a Million	The Raincoats	The Raincoats	INDIFFERENT	3:53	vHTIfUfIJM0	MPREb_WoOz7jx35Jc	UCO_NHhJrJtSDnz6bXZ09BLw
1109	In Love	The Raincoats	The Raincoats	INDIFFERENT	3:05	SnhF_L4N-ss	MPREb_WoOz7jx35Jc	UCO_NHhJrJtSDnz6bXZ09BLw
1110	No Looking	The Raincoats	The Raincoats	INDIFFERENT	3:05	tpOdseeRxp4	MPREb_WoOz7jx35Jc	UCO_NHhJrJtSDnz6bXZ09BLw
1081	Domestic Scene	The Radio Dept.	Clinging to a Scheme	INDIFFERENT	2:26	Ahf9iCkBsyI	MPREb_GVBqV8S3l0J	UClO2BunQnwWLpfovalbf5MA
1082	Heaven's on Fire	The Radio Dept.	Clinging to a Scheme	INDIFFERENT	3:33	OAMnhOqc-w4	MPREb_GVBqV8S3l0J	UClO2BunQnwWLpfovalbf5MA
1083	This Time Around	The Radio Dept.	Clinging to a Scheme	INDIFFERENT	3:46	6XER0yW051o	MPREb_GVBqV8S3l0J	UClO2BunQnwWLpfovalbf5MA
1084	Never Follow Suit	The Radio Dept.	Clinging to a Scheme	INDIFFERENT	4:10	fsmQeLzqAt4	MPREb_GVBqV8S3l0J	UClO2BunQnwWLpfovalbf5MA
1085	A Token of Gratitude	The Radio Dept.	Clinging to a Scheme	INDIFFERENT	4:08	_wM3fUnuL_M	MPREb_GVBqV8S3l0J	UClO2BunQnwWLpfovalbf5MA
1086	The Video Dept.	The Radio Dept.	Clinging to a Scheme	INDIFFERENT	3:26	xuy2vj8cAmI	MPREb_GVBqV8S3l0J	UClO2BunQnwWLpfovalbf5MA
1087	Memory Loss	The Radio Dept.	Clinging to a Scheme	INDIFFERENT	4:17	_Q_Qxn-YLkY	MPREb_GVBqV8S3l0J	UClO2BunQnwWLpfovalbf5MA
1088	David	The Radio Dept.	Clinging to a Scheme	INDIFFERENT	3:32	NTIMQjRLmgo	MPREb_GVBqV8S3l0J	UClO2BunQnwWLpfovalbf5MA
1089	Four Months in the Shade	The Radio Dept.	Clinging to a Scheme	INDIFFERENT	1:50	9JdTZV--oqs	MPREb_GVBqV8S3l0J	UClO2BunQnwWLpfovalbf5MA
1090	You Stopped Making Sense	The Radio Dept.	Clinging to a Scheme	INDIFFERENT	3:55	F69vzSPtDaU	MPREb_GVBqV8S3l0J	UClO2BunQnwWLpfovalbf5MA
1069	Bored and Razed	The Raconteurs	Help Us Stranger	INDIFFERENT	3:35	LlQdf6rBPtc	MPREb_eTTh8Fa4Zv4	UCjiM3FVwKf7BXI3lW3yup5A
1070	Help Me Stranger	The Raconteurs	Help Us Stranger	INDIFFERENT	3:36	FC94c4yMe-A	MPREb_eTTh8Fa4Zv4	UCjiM3FVwKf7BXI3lW3yup5A
1071	Only Child	The Raconteurs	Help Us Stranger	INDIFFERENT	3:41	61e5qIOJxRY	MPREb_eTTh8Fa4Zv4	UCjiM3FVwKf7BXI3lW3yup5A
1072	Don't Bother Me	The Raconteurs	Help Us Stranger	INDIFFERENT	2:53	QYv819hzKcs	MPREb_eTTh8Fa4Zv4	UCjiM3FVwKf7BXI3lW3yup5A
1073	Shine the Light on Me	The Raconteurs	Help Us Stranger	INDIFFERENT	3:27	qpnggN3PHWw	MPREb_eTTh8Fa4Zv4	UCjiM3FVwKf7BXI3lW3yup5A
1074	Somedays (I Don't Feel Like Trying)	The Raconteurs	Help Us Stranger	INDIFFERENT	4:06	dnQw_ZV52zw	MPREb_eTTh8Fa4Zv4	UCjiM3FVwKf7BXI3lW3yup5A
1075	Hey Gyp (Dig the Slowness)	The Raconteurs	Help Us Stranger	INDIFFERENT	2:25	n-NMWoZxrtM	MPREb_eTTh8Fa4Zv4	UCjiM3FVwKf7BXI3lW3yup5A
1076	Sunday Driver	The Raconteurs	Help Us Stranger	INDIFFERENT	3:38	eWqsL3qboGs	MPREb_eTTh8Fa4Zv4	UCjiM3FVwKf7BXI3lW3yup5A
1078	Live a Lie	The Raconteurs	Help Us Stranger	INDIFFERENT	2:20	CrlPKq7kX-I	MPREb_eTTh8Fa4Zv4	UCjiM3FVwKf7BXI3lW3yup5A
1079	What's Yours is Mine	The Raconteurs	Help Us Stranger	INDIFFERENT	2:49	X5HJ-J4DQLM	MPREb_eTTh8Fa4Zv4	UCjiM3FVwKf7BXI3lW3yup5A
1059	Music Reach (1,2,3,4)	The Prodigy	Experience	INDIFFERENT	4:13	ffS33CwDodo	MPREb_U8JDEG234Qh	UCOEO40PfRXSKhslXNgS0H8Q
1060	Your Love (Remix)	The Prodigy	Experience	INDIFFERENT	5:32	38q5UFzombw	MPREb_U8JDEG234Qh	UCOEO40PfRXSKhslXNgS0H8Q
1062	Charly (Trip Into Drum and Bass Version)	The Prodigy	Experience	INDIFFERENT	5:13	0hi6R_UnVUo	MPREb_U8JDEG234Qh	UCOEO40PfRXSKhslXNgS0H8Q
1063	Out Of Space	The Prodigy	Experience	INDIFFERENT	4:59	p4IDD4fFs94	MPREb_U8JDEG234Qh	UCOEO40PfRXSKhslXNgS0H8Q
1064	Everybody in the Place (155 and Rising)	The Prodigy	Experience	INDIFFERENT	4:11	PVlv-hrz6ac	MPREb_U8JDEG234Qh	UCOEO40PfRXSKhslXNgS0H8Q
1065	Weather Experience	The Prodigy	Experience	INDIFFERENT	8:05	JKV3TP-xdDU	MPREb_U8JDEG234Qh	UCOEO40PfRXSKhslXNgS0H8Q
1066	Fire (Sunrise Version)	The Prodigy	Experience	INDIFFERENT	4:58	dawzu-U33ZM	MPREb_U8JDEG234Qh	UCOEO40PfRXSKhslXNgS0H8Q
1067	Ruff in the Jungle Bizness	The Prodigy	Experience	INDIFFERENT	5:11	ZXNmCHqp-gg	MPREb_U8JDEG234Qh	UCOEO40PfRXSKhslXNgS0H8Q
1068	Death of the Prodigy Dancers (live)	The Prodigy	Experience	INDIFFERENT	3:44	fK8WJX4SZxY	MPREb_U8JDEG234Qh	UCOEO40PfRXSKhslXNgS0H8Q
1044	She Says Good Morning	The Pretty Things	S.F. Sorrow	INDIFFERENT	3:23	VGYfrTF6nzo	MPREb_6OMvXfUD98a	UCy_gWSTLrwaserTXU-HHh5A
1046	Balloon Burning	The Pretty Things	S.F. Sorrow	INDIFFERENT	3:50	hheLZ8vYr6s	MPREb_6OMvXfUD98a	UCy_gWSTLrwaserTXU-HHh5A
1049	The Journey	The Pretty Things	S.F. Sorrow	INDIFFERENT	2:46	tfpFnS8y0nY	MPREb_6OMvXfUD98a	UCy_gWSTLrwaserTXU-HHh5A
1050	I See You	The Pretty Things	S.F. Sorrow	INDIFFERENT	3:57	7exhDAskajc	MPREb_6OMvXfUD98a	UCy_gWSTLrwaserTXU-HHh5A
1051	Well of Destiny	The Pretty Things	S.F. Sorrow	INDIFFERENT	1:48	NWmCDsFLlZ8	MPREb_6OMvXfUD98a	UCy_gWSTLrwaserTXU-HHh5A
1052	Trust	The Pretty Things	S.F. Sorrow	INDIFFERENT	2:49	-MUSPn7depg	MPREb_6OMvXfUD98a	UCy_gWSTLrwaserTXU-HHh5A
1053	Old Man Going	The Pretty Things	S.F. Sorrow	INDIFFERENT	3:10	7qgsbAGN-WA	MPREb_6OMvXfUD98a	UCy_gWSTLrwaserTXU-HHh5A
1054	Loneliest Person	The Pretty Things	S.F. Sorrow	INDIFFERENT	1:30	XDtg9bniDVA	MPREb_6OMvXfUD98a	UCy_gWSTLrwaserTXU-HHh5A
1056	Mr Evasion	The Pretty Things	S.F. Sorrow	INDIFFERENT	3:31	xR9iVuad7js	MPREb_6OMvXfUD98a	UCy_gWSTLrwaserTXU-HHh5A
1057	Talkin' About the Good Times	The Pretty Things	S.F. Sorrow	INDIFFERENT	3:45	Zqdz2GhVndQ	MPREb_6OMvXfUD98a	UCy_gWSTLrwaserTXU-HHh5A
1034	Snowgirl	The Pop Group	Y	INDIFFERENT	3:21	MAsNz9513Sw	MPREb_CCxNefAqKh5	UC9A_URBe9_ijxYM__zE7O_g
1035	Blood Money	The Pop Group	Y	INDIFFERENT	2:59	RDJsAw_16aE	MPREb_CCxNefAqKh5	UC9A_URBe9_ijxYM__zE7O_g
1036	We Are Time	The Pop Group	Y	INDIFFERENT	6:30	Irpl8tAUcw4	MPREb_CCxNefAqKh5	UC9A_URBe9_ijxYM__zE7O_g
1037	Savage Sea	The Pop Group	Y	INDIFFERENT	3:03	2lu1jZpXZ8U	MPREb_CCxNefAqKh5	UC9A_URBe9_ijxYM__zE7O_g
1038	Words Disobey Me	The Pop Group	Y	INDIFFERENT	3:27	QV8OrlSVvug	MPREb_CCxNefAqKh5	UC9A_URBe9_ijxYM__zE7O_g
1039	The Boys from Brazil	The Pop Group	Y	INDIFFERENT	4:16	TiKrRpWa0a0	MPREb_CCxNefAqKh5	UC9A_URBe9_ijxYM__zE7O_g
1040	Don't Sell Your Dreams	The Pop Group	Y	INDIFFERENT	6:42	OlM2Wm082B8	MPREb_CCxNefAqKh5	UC9A_URBe9_ijxYM__zE7O_g
1041	3:38	The Pop Group	Y	INDIFFERENT	3:43	Zw4yIqm0K0Q	MPREb_CCxNefAqKh5	UC9A_URBe9_ijxYM__zE7O_g
992	Invisible Sun	The Police	Ghost In The Machine (Remastered 2003)	INDIFFERENT	3:45	Y_9jXfGhd7U	MPREb_dgXO6idIrNG	UCbsRGw640UF_F7AIwHW-zmg
993	Hungry For You	The Police	Ghost In The Machine (Remastered 2003)	INDIFFERENT	2:53	PpvhHrP_My0	MPREb_dgXO6idIrNG	UCbsRGw640UF_F7AIwHW-zmg
994	Demolition Man	The Police	Ghost In The Machine (Remastered 2003)	INDIFFERENT	5:58	vf7To6vdg7A	MPREb_dgXO6idIrNG	UCbsRGw640UF_F7AIwHW-zmg
995	Too Much Information	The Police	Ghost In The Machine (Remastered 2003)	INDIFFERENT	3:43	yeZNfo1zvdU	MPREb_dgXO6idIrNG	UCbsRGw640UF_F7AIwHW-zmg
996	Re-Humanise Yourself	The Police	Ghost In The Machine (Remastered 2003)	INDIFFERENT	3:11	RTXt93-jD4o	MPREb_dgXO6idIrNG	UCbsRGw640UF_F7AIwHW-zmg
997	One World (Not Three)	The Police	Ghost In The Machine (Remastered 2003)	INDIFFERENT	4:47	tlNELuINW2o	MPREb_dgXO6idIrNG	UCbsRGw640UF_F7AIwHW-zmg
998	Omegaman	The Police	Ghost In The Machine (Remastered 2003)	INDIFFERENT	2:48	9mKLxttBgnc	MPREb_dgXO6idIrNG	UCbsRGw640UF_F7AIwHW-zmg
1000	Darkness	The Police	Ghost In The Machine (Remastered 2003)	INDIFFERENT	3:14	uYpF3DhT8y4	MPREb_dgXO6idIrNG	UCbsRGw640UF_F7AIwHW-zmg
1001	Next To You	The Police	Outlandos D'Amour (Remastered 2003)	INDIFFERENT	2:52	QucmeFo-G_E	MPREb_nd8wjM73JJB	UCbsRGw640UF_F7AIwHW-zmg
1002	So Lonely	The Police	Outlandos D'Amour (Remastered 2003)	INDIFFERENT	4:50	ewdBRb7RTNc	MPREb_nd8wjM73JJB	UCbsRGw640UF_F7AIwHW-zmg
1004	Hole In My Life	The Police	Outlandos D'Amour (Remastered 2003)	INDIFFERENT	4:51	lhekcaRcpVo	MPREb_nd8wjM73JJB	UCbsRGw640UF_F7AIwHW-zmg
1005	Peanuts	The Police	Outlandos D'Amour (Remastered 2003)	INDIFFERENT	3:55	IhS8FAj2s9c	MPREb_nd8wjM73JJB	UCbsRGw640UF_F7AIwHW-zmg
1007	Truth Hits Everybody	The Police	Outlandos D'Amour (Remastered 2003)	INDIFFERENT	2:55	ZTBdJei9gB8	MPREb_nd8wjM73JJB	UCbsRGw640UF_F7AIwHW-zmg
1008	Born In The 50's	The Police	Outlandos D'Amour (Remastered 2003)	INDIFFERENT	3:43	u_OQrzXpALE	MPREb_nd8wjM73JJB	UCbsRGw640UF_F7AIwHW-zmg
1009	Be My Girl - Sally	The Police	Outlandos D'Amour (Remastered 2003)	INDIFFERENT	3:24	1CzKpjBFwjA	MPREb_nd8wjM73JJB	UCbsRGw640UF_F7AIwHW-zmg
1010	Masoko Tanga	The Police	Outlandos D'Amour (Remastered 2003)	INDIFFERENT	5:43	W0k6nXLwZrY	MPREb_nd8wjM73JJB	UCbsRGw640UF_F7AIwHW-zmg
1013	It's Alright For You	The Police	Reggatta De Blanc (Remastered 2003)	INDIFFERENT	3:13	FIZQzUM5avE	MPREb_EQT1lVtOflF	UCbsRGw640UF_F7AIwHW-zmg
1014	Bring On The Night	The Police	Reggatta De Blanc (Remastered 2003)	INDIFFERENT	4:16	YVgWQyGOTvk	MPREb_EQT1lVtOflF	UCbsRGw640UF_F7AIwHW-zmg
1015	Deathwish	The Police	Reggatta De Blanc (Remastered 2003)	INDIFFERENT	4:12	Zlu74Hdvj_A	MPREb_EQT1lVtOflF	UCbsRGw640UF_F7AIwHW-zmg
1017	On Any Other Day	The Police	Reggatta De Blanc (Remastered 2003)	INDIFFERENT	2:57	f6XmfR6TVpQ	MPREb_EQT1lVtOflF	UCbsRGw640UF_F7AIwHW-zmg
1018	The Bed's Too Big Without You	The Police	Reggatta De Blanc (Remastered 2003)	INDIFFERENT	4:26	BW7pPGqHdYI	MPREb_EQT1lVtOflF	UCbsRGw640UF_F7AIwHW-zmg
1019	Contact	The Police	Reggatta De Blanc (Remastered 2003)	INDIFFERENT	2:38	1UoY19flAj0	MPREb_EQT1lVtOflF	UCbsRGw640UF_F7AIwHW-zmg
1020	Does Everyone Stare	The Police	Reggatta De Blanc (Remastered 2003)	INDIFFERENT	3:48	btjIoBotLAA	MPREb_EQT1lVtOflF	UCbsRGw640UF_F7AIwHW-zmg
1021	No Time This Time	The Police	Reggatta De Blanc (Remastered 2003)	INDIFFERENT	3:18	woG54UNJRrE	MPREb_EQT1lVtOflF	UCbsRGw640UF_F7AIwHW-zmg
1022	Synchronicity I	The Police	Synchronicity (Remastered 2003)	INDIFFERENT	3:23	Si5CSpUCDGY	MPREb_8lrA5KA4Gfv	UCbsRGw640UF_F7AIwHW-zmg
1023	Walking In Your Footsteps	The Police	Synchronicity (Remastered 2003)	INDIFFERENT	3:37	trX9gQssm9c	MPREb_8lrA5KA4Gfv	UCbsRGw640UF_F7AIwHW-zmg
1024	O My God	The Police	Synchronicity (Remastered 2003)	INDIFFERENT	4:03	SMBtkkFo67M	MPREb_8lrA5KA4Gfv	UCbsRGw640UF_F7AIwHW-zmg
1025	Mother	The Police	Synchronicity (Remastered 2003)	INDIFFERENT	3:06	d56MfuZAfwI	MPREb_8lrA5KA4Gfv	UCbsRGw640UF_F7AIwHW-zmg
1026	Miss Gradenko	The Police	Synchronicity (Remastered 2003)	INDIFFERENT	2:00	MRDm2tNyX50	MPREb_8lrA5KA4Gfv	UCbsRGw640UF_F7AIwHW-zmg
1031	Tea In The Sahara	The Police	Synchronicity (Remastered 2003)	INDIFFERENT	4:20	iQJaVILgl2M	MPREb_8lrA5KA4Gfv	UCbsRGw640UF_F7AIwHW-zmg
961	4 Better Or 4 Worse (Interlude)	The Pharcyde	Bizarre Ride II The Pharcyde	INDIFFERENT	0:36	2Z8R-B0bL5c	MPREb_dzbSj6u344s	UCPBVpB_roy80QRKWi4vwRVQ
963	4 Better Or 4 Worse	The Pharcyde	Bizarre Ride II The Pharcyde	INDIFFERENT	5:03	Z8ocFXUa98Y	MPREb_dzbSj6u344s	UCPBVpB_roy80QRKWi4vwRVQ
964	I'm That Type Of Nigga	The Pharcyde	Bizarre Ride II The Pharcyde	INDIFFERENT	5:16	T3aBwNSaOwM	MPREb_dzbSj6u344s	UCPBVpB_roy80QRKWi4vwRVQ
966	On The DL	The Pharcyde	Bizarre Ride II The Pharcyde	INDIFFERENT	4:27	lUDHTuiJ-gE	MPREb_dzbSj6u344s	UCPBVpB_roy80QRKWi4vwRVQ
968	Ya Mama	The Pharcyde	Bizarre Ride II The Pharcyde	INDIFFERENT	4:20	fIBBMI2pUxI	MPREb_dzbSj6u344s	UCPBVpB_roy80QRKWi4vwRVQ
972	Return Of The B-Boy	The Pharcyde	Bizarre Ride II The Pharcyde	INDIFFERENT	3:33	XZOeM6Rrwek	MPREb_dzbSj6u344s	UCPBVpB_roy80QRKWi4vwRVQ
974	Pharcyde	The Pharcyde	Labcabincalifornia	INDIFFERENT	4:19	wIgo7ntE3bU	MPREb_eF1KUfxshSG	UCPBVpB_roy80QRKWi4vwRVQ
975	Groupie Therapy	The Pharcyde	Labcabincalifornia	INDIFFERENT	5:12	PhcZWsjZUis	MPREb_eF1KUfxshSG	UCPBVpB_roy80QRKWi4vwRVQ
977	She Said	The Pharcyde	Labcabincalifornia	INDIFFERENT	5:15	bcrJ1reREhQ	MPREb_eF1KUfxshSG	UCPBVpB_roy80QRKWi4vwRVQ
979	Somethin' That Means Somethin'	The Pharcyde	Labcabincalifornia	INDIFFERENT	3:30	1-6xfNLaMzQ	MPREb_eF1KUfxshSG	UCPBVpB_roy80QRKWi4vwRVQ
980	All Live	The Pharcyde	Labcabincalifornia	INDIFFERENT	0:50	HfNl_Lpv5mo	MPREb_eF1KUfxshSG	UCPBVpB_roy80QRKWi4vwRVQ
981	Drop	The Pharcyde	Labcabincalifornia	INDIFFERENT	5:36	tqzhwrOTySM	MPREb_eF1KUfxshSG	UCPBVpB_roy80QRKWi4vwRVQ
982	Hey You	The Pharcyde	Labcabincalifornia	INDIFFERENT	3:54	rn4nJpmKmYw	MPREb_eF1KUfxshSG	UCPBVpB_roy80QRKWi4vwRVQ
983	Y?	The Pharcyde	Labcabincalifornia	INDIFFERENT	5:04	nAMYAl0yqPk	MPREb_eF1KUfxshSG	UCPBVpB_roy80QRKWi4vwRVQ
984	It's All Good!	The Pharcyde	Labcabincalifornia	INDIFFERENT	0:41	QMn34kLGAhU	MPREb_eF1KUfxshSG	UCPBVpB_roy80QRKWi4vwRVQ
985	Moment In Time	The Pharcyde	Labcabincalifornia	INDIFFERENT	2:44	7msHu9E89pU	MPREb_eF1KUfxshSG	UCPBVpB_roy80QRKWi4vwRVQ
986	The Hustle	The Pharcyde	Labcabincalifornia	INDIFFERENT	5:34	Z95BS04POu8	MPREb_eF1KUfxshSG	UCPBVpB_roy80QRKWi4vwRVQ
987	Little D	The Pharcyde	Labcabincalifornia	INDIFFERENT	1:31	Jriq5_z0GY8	MPREb_eF1KUfxshSG	UCPBVpB_roy80QRKWi4vwRVQ
988	Devil Music	The Pharcyde	Labcabincalifornia	INDIFFERENT	4:12	3TkXtab7yBo	MPREb_eF1KUfxshSG	UCPBVpB_roy80QRKWi4vwRVQ
989	The E.N.D.	The Pharcyde	Labcabincalifornia	INDIFFERENT	4:40	HGYq-DQoX18	MPREb_eF1KUfxshSG	UCPBVpB_roy80QRKWi4vwRVQ
946	Super Nova At The End Of The Universe	The Orb	Adventures Beyond The Ultraworld	INDIFFERENT	11:57	jRr0W7leiyw	MPREb_FxVUzXyMvPb	UCpoyFBLTLfbT2Z1D1AnlvLg
948	Spanish Castles In Space	The Orb	Adventures Beyond The Ultraworld	INDIFFERENT	15:06	zSy2d3UhgBM	MPREb_FxVUzXyMvPb	UCpoyFBLTLfbT2Z1D1AnlvLg
950	Into The Fourth Dimension	The Orb	Adventures Beyond The Ultraworld	INDIFFERENT	9:17	ouKGF7zin2Q	MPREb_FxVUzXyMvPb	UCpoyFBLTLfbT2Z1D1AnlvLg
951	Outlands	The Orb	Adventures Beyond The Ultraworld	INDIFFERENT	8:23	RcsZdNO5fdw	MPREb_FxVUzXyMvPb	UCpoyFBLTLfbT2Z1D1AnlvLg
954	O.O.B.E.	The Orb	U.F.Orb	INDIFFERENT	12:51	UEbyC_hQkhQ	MPREb_c7pMvO76CzK	UCpoyFBLTLfbT2Z1D1AnlvLg
955	U.F.Orb	The Orb	U.F.Orb	INDIFFERENT	6:08	MzNp1n37Gm4	MPREb_c7pMvO76CzK	UCpoyFBLTLfbT2Z1D1AnlvLg
956	Blue Room	The Orb	U.F.Orb	INDIFFERENT	17:34	S2Uolg1saNM	MPREb_c7pMvO76CzK	UCpoyFBLTLfbT2Z1D1AnlvLg
958	Close Encounters	The Orb	U.F.Orb	INDIFFERENT	10:27	J4-9ALbPQFo	MPREb_c7pMvO76CzK	UCpoyFBLTLfbT2Z1D1AnlvLg
959	Majestic	The Orb	U.F.Orb	INDIFFERENT	11:06	EkQc0YeYm3M	MPREb_c7pMvO76CzK	UCpoyFBLTLfbT2Z1D1AnlvLg
960	Sticky End	The Orb	U.F.Orb	INDIFFERENT	0:50	KwRA-_OBWYU	MPREb_c7pMvO76CzK	UCpoyFBLTLfbT2Z1D1AnlvLg
843	Opening	The Olivia Tremor Control	Black Foliage: Animation Music	INDIFFERENT	0:25	IIcan2nTaAM	MPREb_qhEFYQKolKC	UCTV0PAtGq7nHMy1BIo-bg9g
845	Combinations	The Olivia Tremor Control	Black Foliage: Animation Music	INDIFFERENT	0:05	ssyaVFVbwCg	MPREb_qhEFYQKolKC	UCTV0PAtGq7nHMy1BIo-bg9g
846	Hideaway	The Olivia Tremor Control	Black Foliage: Animation Music	INDIFFERENT	2:33	H4ywjdNbMSo	MPREb_qhEFYQKolKC	UCTV0PAtGq7nHMy1BIo-bg9g
848	Combinations	The Olivia Tremor Control	Black Foliage: Animation Music	INDIFFERENT	0:14	-FqikJJnN0w	MPREb_qhEFYQKolKC	UCTV0PAtGq7nHMy1BIo-bg9g
849	The Sky Is A Harpsichord Canvas	The Olivia Tremor Control	Black Foliage: Animation Music	INDIFFERENT	0:04	enQqeSaNcr8	MPREb_qhEFYQKolKC	UCTV0PAtGq7nHMy1BIo-bg9g
852	A New Day	The Olivia Tremor Control	Black Foliage: Animation Music	INDIFFERENT	2:30	uIY7N6TqDPM	MPREb_qhEFYQKolKC	UCTV0PAtGq7nHMy1BIo-bg9g
853	Combinations	The Olivia Tremor Control	Black Foliage: Animation Music	INDIFFERENT	0:15	kbTBB2sI-Io	MPREb_qhEFYQKolKC	UCTV0PAtGq7nHMy1BIo-bg9g
854	Black Foliage (Animation 2)	The Olivia Tremor Control	Black Foliage: Animation Music	INDIFFERENT	1:23	xR6Y1Qpu4Nk	MPREb_qhEFYQKolKC	UCTV0PAtGq7nHMy1BIo-bg9g
857	Black Foliage (Animation 3)	The Olivia Tremor Control	Black Foliage: Animation Music	INDIFFERENT	0:44	O_3WJnwY93U	MPREb_qhEFYQKolKC	UCTV0PAtGq7nHMy1BIo-bg9g
861	The Bark and Below It	The Olivia Tremor Control	Black Foliage: Animation Music	INDIFFERENT	11:23	2dRy4S_erzg	MPREb_qhEFYQKolKC	UCTV0PAtGq7nHMy1BIo-bg9g
863	California Demise 3	The Olivia Tremor Control	Black Foliage: Animation Music	INDIFFERENT	2:46	Wt4hbpD9kCQ	MPREb_qhEFYQKolKC	UCTV0PAtGq7nHMy1BIo-bg9g
864	Looking for Quiet Seeds	The Olivia Tremor Control	Black Foliage: Animation Music	INDIFFERENT	3:13	R6Zoeu80uuw	MPREb_qhEFYQKolKC	UCTV0PAtGq7nHMy1BIo-bg9g
865	Combinations	The Olivia Tremor Control	Black Foliage: Animation Music	INDIFFERENT	0:11	7BtV5r9LrGs	MPREb_qhEFYQKolKC	UCTV0PAtGq7nHMy1BIo-bg9g
868	Black Foliage (Animation 5)	The Olivia Tremor Control	Black Foliage: Animation Music	INDIFFERENT	2:08	kvvzqDDiNO0	MPREb_qhEFYQKolKC	UCTV0PAtGq7nHMy1BIo-bg9g
871	Frosted Ambassador	The Olivia Tremor Control	Dusk At Cubist Castle	INDIFFERENT	1:02	QeHCTp_L-Ko	MPREb_hPmQpjNo5VD	UCTV0PAtGq7nHMy1BIo-bg9g
876	Courtyard	The Olivia Tremor Control	Dusk At Cubist Castle	INDIFFERENT	2:57	bT933j2x2Yo	MPREb_hPmQpjNo5VD	UCTV0PAtGq7nHMy1BIo-bg9g
877	Memories of Jacqueline 1906	The Olivia Tremor Control	Dusk At Cubist Castle	INDIFFERENT	2:15	6oc8Is5YE9I	MPREb_hPmQpjNo5VD	UCTV0PAtGq7nHMy1BIo-bg9g
878	Tropical Bells	The Olivia Tremor Control	Dusk At Cubist Castle	INDIFFERENT	1:40	p7HM2Oog-rs	MPREb_hPmQpjNo5VD	UCTV0PAtGq7nHMy1BIo-bg9g
891	Spring Succeeds	The Olivia Tremor Control	Dusk At Cubist Castle	INDIFFERENT	2:25	iGVKsLl1IT8	MPREb_hPmQpjNo5VD	UCTV0PAtGq7nHMy1BIo-bg9g
892	Theme For A Very Delicious Grand Piano	The Olivia Tremor Control	Dusk At Cubist Castle	INDIFFERENT	0:57	vKnUkBdyFf0	MPREb_hPmQpjNo5VD	UCTV0PAtGq7nHMy1BIo-bg9g
894	Dusk At Cubist Castle	The Olivia Tremor Control	Dusk At Cubist Castle	INDIFFERENT	7:35	TtQyyvPU9Zo	MPREb_hPmQpjNo5VD	UCTV0PAtGq7nHMy1BIo-bg9g
895	The Gravity Car	The Olivia Tremor Control	Dusk At Cubist Castle	INDIFFERENT	1:45	k6_TnIjKgqk	MPREb_hPmQpjNo5VD	UCTV0PAtGq7nHMy1BIo-bg9g
897	Love Athena	The Olivia Tremor Control	Presents: Singles and Beyond	INDIFFERENT	2:39	qYeuKqM94C0	MPREb_k35LV8kKiru	UCTV0PAtGq7nHMy1BIo-bg9g
898	Today I Lost A Tooth	The Olivia Tremor Control	Presents: Singles and Beyond	INDIFFERENT	1:20	KgM8sCJ836o	MPREb_k35LV8kKiru	UCTV0PAtGq7nHMy1BIo-bg9g
903	Collage #1	The Olivia Tremor Control	Presents: Singles and Beyond	INDIFFERENT	3:51	c2c-WX7b2BU	MPREb_k35LV8kKiru	UCTV0PAtGq7nHMy1BIo-bg9g
904	Beneath The Climb	The Olivia Tremor Control	Presents: Singles and Beyond	INDIFFERENT	2:40	jevrZrIV2tE	MPREb_k35LV8kKiru	UCTV0PAtGq7nHMy1BIo-bg9g
905	I Won This Dog At The Driftwood Reunion Carnival	The Olivia Tremor Control	Presents: Singles and Beyond	INDIFFERENT	1:18	jCwHZLBcyls	MPREb_k35LV8kKiru	UCTV0PAtGq7nHMy1BIo-bg9g
906	Christmas With William S.	The Olivia Tremor Control	Presents: Singles and Beyond	INDIFFERENT	2:54	hDZ9vMBth3I	MPREb_k35LV8kKiru	UCTV0PAtGq7nHMy1BIo-bg9g
907	The Giant Day	The Olivia Tremor Control	Presents: Singles and Beyond	INDIFFERENT	1:50	LPtt15Q9Ft0	MPREb_k35LV8kKiru	UCTV0PAtGq7nHMy1BIo-bg9g
908	Shaving Spiders	The Olivia Tremor Control	Presents: Singles and Beyond	INDIFFERENT	2:24	cRDrDG7mDRg	MPREb_k35LV8kKiru	UCTV0PAtGq7nHMy1BIo-bg9g
909	The Princess Turns The Key To Cubist Casle	The Olivia Tremor Control	Presents: Singles and Beyond	INDIFFERENT	2:24	kOEwB1XVu5M	MPREb_k35LV8kKiru	UCTV0PAtGq7nHMy1BIo-bg9g
910	Curtain Call Pt. 3	The Olivia Tremor Control	Presents: Singles and Beyond	INDIFFERENT	1:10	4RFZfEenU1k	MPREb_k35LV8kKiru	UCTV0PAtGq7nHMy1BIo-bg9g
911	I'm Not Feeling Human	The Olivia Tremor Control	Presents: Singles and Beyond	INDIFFERENT	1:52	Lv5Nxjq0p2Q	MPREb_k35LV8kKiru	UCTV0PAtGq7nHMy1BIo-bg9g
912	The Giant Day	The Olivia Tremor Control	Presents: Singles and Beyond	INDIFFERENT	3:33	rtsHkbc2YI8	MPREb_k35LV8kKiru	UCTV0PAtGq7nHMy1BIo-bg9g
913	Late Music 2	The Olivia Tremor Control	Presents: Singles and Beyond	INDIFFERENT	3:42	xH7_LjtwXC4	MPREb_k35LV8kKiru	UCTV0PAtGq7nHMy1BIo-bg9g
914	Gypsum Oil Field Fire	The Olivia Tremor Control	Presents: Singles and Beyond	INDIFFERENT	3:40	zMv0fAUtMJc	MPREb_k35LV8kKiru	UCTV0PAtGq7nHMy1BIo-bg9g
915	King Of The Claws	The Olivia Tremor Control	Presents: Singles and Beyond	INDIFFERENT	2:10	DHoHyTT_0Do	MPREb_k35LV8kKiru	UCTV0PAtGq7nHMy1BIo-bg9g
829	Welcome	The Offspring	Americana	INDIFFERENT	0:09	zGG6Lt1RBfE	MPREb_jiOKvtimX2Y	UCQVUXQu8RpxhihAMla6ke5A
830	Have You Ever	The Offspring	Americana	INDIFFERENT	3:56	FJMwMCOH90w	MPREb_jiOKvtimX2Y	UCQVUXQu8RpxhihAMla6ke5A
831	Staring At The Sun	The Offspring	Americana	INDIFFERENT	2:13	R1xM-r4TF6Q	MPREb_jiOKvtimX2Y	UCQVUXQu8RpxhihAMla6ke5A
834	Feelings	The Offspring	Americana	INDIFFERENT	2:51	Gp3vJ-ln40s	MPREb_jiOKvtimX2Y	UCQVUXQu8RpxhihAMla6ke5A
835	She's Got Issues	The Offspring	Americana	INDIFFERENT	3:48	PsGbteOE_TA	MPREb_jiOKvtimX2Y	UCQVUXQu8RpxhihAMla6ke5A
836	Walla Walla	The Offspring	Americana	INDIFFERENT	2:57	CVirrNiNwl8	MPREb_jiOKvtimX2Y	UCQVUXQu8RpxhihAMla6ke5A
837	The End Of The Line	The Offspring	Americana	INDIFFERENT	3:02	_48uSWHZe5A	MPREb_jiOKvtimX2Y	UCQVUXQu8RpxhihAMla6ke5A
838	No Brakes	The Offspring	Americana	INDIFFERENT	2:04	G7WTIR4V7tc	MPREb_jiOKvtimX2Y	UCQVUXQu8RpxhihAMla6ke5A
840	Americana	The Offspring	Americana	INDIFFERENT	3:15	GtzKW_ONjJ0	MPREb_jiOKvtimX2Y	UCQVUXQu8RpxhihAMla6ke5A
841	Pay The Man	The Offspring	Americana	INDIFFERENT	8:10	9XKqi0HoqBI	MPREb_jiOKvtimX2Y	UCQVUXQu8RpxhihAMla6ke5A
842	Pretty Fly (Reprise)	The Offspring	Americana	INDIFFERENT	1:03	CXftm1WgDhU	MPREb_jiOKvtimX2Y	UCQVUXQu8RpxhihAMla6ke5A
794	Pyramid Kosmos	The Octopus Project	Fever Forms	INDIFFERENT	5:12	ElysOveXOnY	MPREb_sQwBwh7gWQh	UCnAzgm4J2Qb-ouWlhqb3lgw
797	The Mythical E.L.C.	The Octopus Project	Fever Forms	INDIFFERENT	3:49	1LDYV2dls0E	MPREb_sQwBwh7gWQh	UCnAzgm4J2Qb-ouWlhqb3lgw
799	Mmkit	The Octopus Project	Fever Forms	INDIFFERENT	2:55	RuBQ6vm7RBc	MPREb_sQwBwh7gWQh	UCnAzgm4J2Qb-ouWlhqb3lgw
802	Choi Sighs	The Octopus Project	Fever Forms	INDIFFERENT	2:18	ijxdBqjU7Lo	MPREb_sQwBwh7gWQh	UCnAzgm4J2Qb-ouWlhqb3lgw
803	Deep Spice	The Octopus Project	Fever Forms	INDIFFERENT	3:01	w1gFD-UZlQs	MPREb_sQwBwh7gWQh	UCnAzgm4J2Qb-ouWlhqb3lgw
806	Truck	The Octopus Project	Hello Avalanche	INDIFFERENT	2:09	apMCNOSIMVE	MPREb_KozDDP1LRVt	UCnAzgm4J2Qb-ouWlhqb3lgw
807	Bees Bein' Strugglin'	The Octopus Project	Hello Avalanche	INDIFFERENT	3:48	LSNxfmMb8S4	MPREb_KozDDP1LRVt	UCnAzgm4J2Qb-ouWlhqb3lgw
808	Black Blizzard/Red Umbrella	The Octopus Project	Hello Avalanche	INDIFFERENT	3:06	DL75DomR1cE	MPREb_KozDDP1LRVt	UCnAzgm4J2Qb-ouWlhqb3lgw
809	Upmann	The Octopus Project	Hello Avalanche	INDIFFERENT	3:59	YjU1cQebcU4	MPREb_KozDDP1LRVt	UCnAzgm4J2Qb-ouWlhqb3lgw
812	Vanishing Lessons	The Octopus Project	Hello Avalanche	INDIFFERENT	3:17	P7aN3EYN10U	MPREb_KozDDP1LRVt	UCnAzgm4J2Qb-ouWlhqb3lgw
814	Loud Murmuring	The Octopus Project	Hello Avalanche	INDIFFERENT	3:30	eAHs32Lepag	MPREb_KozDDP1LRVt	UCnAzgm4J2Qb-ouWlhqb3lgw
816	Prism Riot	The Octopus Project	Memory Mirror	INDIFFERENT	1:09	EjynZhgjzwQ	MPREb_QBSurTUrl9s	UCnAzgm4J2Qb-ouWlhqb3lgw
817	Brounce	The Octopus Project	Memory Mirror	INDIFFERENT	2:14	0Oty--8yNZM	MPREb_QBSurTUrl9s	UCnAzgm4J2Qb-ouWlhqb3lgw
818	Wrong Gong	The Octopus Project	Memory Mirror	INDIFFERENT	3:10	c3en9XWFmF0	MPREb_QBSurTUrl9s	UCnAzgm4J2Qb-ouWlhqb3lgw
819	Mendoza	The Octopus Project	Memory Mirror	INDIFFERENT	3:21	uA9UXjzP-Wc	MPREb_QBSurTUrl9s	UCnAzgm4J2Qb-ouWlhqb3lgw
820	Remember Remembering	The Octopus Project	Memory Mirror	INDIFFERENT	3:32	MB9yY0BzVx0	MPREb_QBSurTUrl9s	UCnAzgm4J2Qb-ouWlhqb3lgw
821	Understanding Fruit	The Octopus Project	Memory Mirror	INDIFFERENT	4:31	S__z5R9WThM	MPREb_QBSurTUrl9s	UCnAzgm4J2Qb-ouWlhqb3lgw
822	Small Hundred	The Octopus Project	Memory Mirror	INDIFFERENT	2:49	opA9La3w-WY	MPREb_QBSurTUrl9s	UCnAzgm4J2Qb-ouWlhqb3lgw
823	Pedro Yang	The Octopus Project	Memory Mirror	INDIFFERENT	4:22	FNmTb5orDNo	MPREb_QBSurTUrl9s	UCnAzgm4J2Qb-ouWlhqb3lgw
824	Woah, Mossman!!	The Octopus Project	Memory Mirror	INDIFFERENT	2:54	gL0Z1oV8q1g	MPREb_QBSurTUrl9s	UCnAzgm4J2Qb-ouWlhqb3lgw
825	Beta Wand	The Octopus Project	Memory Mirror	INDIFFERENT	2:33	ouqrhgq6KCQ	MPREb_QBSurTUrl9s	UCnAzgm4J2Qb-ouWlhqb3lgw
826	Cuidate	The Octopus Project	Memory Mirror	INDIFFERENT	1:37	r4RaxWTDMug	MPREb_QBSurTUrl9s	UCnAzgm4J2Qb-ouWlhqb3lgw
827	Ledgeridge	The Octopus Project	Memory Mirror	INDIFFERENT	5:01	zrJ_dObOuLE	MPREb_QBSurTUrl9s	UCnAzgm4J2Qb-ouWlhqb3lgw
828	Leven	The Octopus Project	Memory Mirror	INDIFFERENT	2:53	jE-ZRr3Enxk	MPREb_QBSurTUrl9s	UCnAzgm4J2Qb-ouWlhqb3lgw
782	Close To The Glass	The Notwist	Close to the Glass	INDIFFERENT	3:01	8Sgs9eK60cM	MPREb_iEry1f6MOSR	UC6PnAv5kzAHJS4NgVcP43zA
783	Kong	The Notwist	Close to the Glass	INDIFFERENT	4:30	mgKzediCPsU	MPREb_iEry1f6MOSR	UC6PnAv5kzAHJS4NgVcP43zA
785	Casino	The Notwist	Close to the Glass	INDIFFERENT	3:14	nW3VUBy3hNo	MPREb_iEry1f6MOSR	UC6PnAv5kzAHJS4NgVcP43zA
788	The Fifth Quarter Of The Globe	The Notwist	Close to the Glass	INDIFFERENT	0:50	NXk7SXT5jcE	MPREb_iEry1f6MOSR	UC6PnAv5kzAHJS4NgVcP43zA
791	Lineri	The Notwist	Close to the Glass	INDIFFERENT	8:52	vIAF0R0wS6M	MPREb_iEry1f6MOSR	UC6PnAv5kzAHJS4NgVcP43zA
792	They Follow Me	The Notwist	Close to the Glass	INDIFFERENT	5:40	OqdIqy7fiHA	MPREb_iEry1f6MOSR	UC6PnAv5kzAHJS4NgVcP43zA
753	I Love the Dough (feat. Angela Winbush & Jay-Z)	The Notorious B.I.G.	Life After Death	INDIFFERENT	5:41	q3do6SCinNo	MPREb_eLL2tuzOJ1Y	UCczXQ2ehGOS2U2UnR8rY3Hg
754	B.I.G. (Interlude)	The Notorious B.I.G.	Life After Death	INDIFFERENT	0:49	iHiHJtRV5cs	MPREb_eLL2tuzOJ1Y	UCczXQ2ehGOS2U2UnR8rY3Hg
760	Nasty Boy	The Notorious B.I.G.	Life After Death	INDIFFERENT	3:52	N8pGMogWBjc	MPREb_eLL2tuzOJ1Y	UCczXQ2ehGOS2U2UnR8rY3Hg
762	Going Back to Cali	The Notorious B.I.G.	Life After Death	INDIFFERENT	3:56	IMa-rE46lzE	MPREb_eLL2tuzOJ1Y	UCczXQ2ehGOS2U2UnR8rY3Hg
764	Fuck You Tonight (feat. R. Kelly)	The Notorious B.I.G.	Life After Death	INDIFFERENT	5:43	XJwBg4suXoc	MPREb_eLL2tuzOJ1Y	UCczXQ2ehGOS2U2UnR8rY3Hg
765	Things Done Changed (2005 Remaster)	The Notorious B.I.G.	Ready To Die	INDIFFERENT	3:59	yy5m_9HXp6A	MPREb_iF0uEXwERPq	UCczXQ2ehGOS2U2UnR8rY3Hg
766	Gimme the Loot (2005 Remaster)	The Notorious B.I.G.	Ready To Die	INDIFFERENT	4:46	sTSEjK7fiTg	MPREb_iF0uEXwERPq	UCczXQ2ehGOS2U2UnR8rY3Hg
770	One More Chance (2005 Remaster)	The Notorious B.I.G.	Ready To Die	INDIFFERENT	4:44	Ky3S7jdoiUI	MPREb_iF0uEXwERPq	UCczXQ2ehGOS2U2UnR8rY3Hg
774	Me and My Bitch (2005 Remaster)	The Notorious B.I.G.	Ready To Die	INDIFFERENT	4:01	b-iGyXoqWNw	MPREb_iF0uEXwERPq	UCczXQ2ehGOS2U2UnR8rY3Hg
776	Respect (2005 Remaster)	The Notorious B.I.G.	Ready To Die	INDIFFERENT	5:22	WbLTCpEIJUo	MPREb_iF0uEXwERPq	UCczXQ2ehGOS2U2UnR8rY3Hg
777	Friend of Mine (2005 Remaster)	The Notorious B.I.G.	Ready To Die	INDIFFERENT	3:29	0S124FcEQUU	MPREb_iF0uEXwERPq	UCczXQ2ehGOS2U2UnR8rY3Hg
780	Just Playing (Dreams) [2005 Remaster]	The Notorious B.I.G.	Ready To Die	INDIFFERENT	2:44	yEn2mgydULY	MPREb_iF0uEXwERPq	UCczXQ2ehGOS2U2UnR8rY3Hg
732	Terrible Love	The National	High Violet (Expanded Edition)	INDIFFERENT	4:40	tHUmXL2EHx0	MPREb_cIg9PwLhBDa	UC1bWXfKY5YoBduVCcSP8SGQ
733	Sorrow	The National	High Violet (Expanded Edition)	INDIFFERENT	3:26	fxWh5ivlBS0	MPREb_cIg9PwLhBDa	UC1bWXfKY5YoBduVCcSP8SGQ
734	Anyone's Ghost	The National	High Violet (Expanded Edition)	INDIFFERENT	2:55	MSYAg6vbAqg	MPREb_cIg9PwLhBDa	UC1bWXfKY5YoBduVCcSP8SGQ
735	Little Faith	The National	High Violet (Expanded Edition)	INDIFFERENT	4:37	dMcVCylxSnk	MPREb_cIg9PwLhBDa	UC1bWXfKY5YoBduVCcSP8SGQ
736	Afraid Of Everyone	The National	High Violet (Expanded Edition)	INDIFFERENT	4:20	MBu-JKV4PF8	MPREb_cIg9PwLhBDa	UC1bWXfKY5YoBduVCcSP8SGQ
737	Bloodbuzz Ohio	The National	High Violet (Expanded Edition)	INDIFFERENT	4:36	h0snX5iNx5E	MPREb_cIg9PwLhBDa	UC1bWXfKY5YoBduVCcSP8SGQ
738	Lemonworld	The National	High Violet (Expanded Edition)	INDIFFERENT	3:24	5Vzw1VKWzlg	MPREb_cIg9PwLhBDa	UC1bWXfKY5YoBduVCcSP8SGQ
739	Runaway	The National	High Violet (Expanded Edition)	INDIFFERENT	5:34	zN-VmYRyB6A	MPREb_cIg9PwLhBDa	UC1bWXfKY5YoBduVCcSP8SGQ
740	Conversation 16	The National	High Violet (Expanded Edition)	INDIFFERENT	4:19	SnbXLCRIBe8	MPREb_cIg9PwLhBDa	UC1bWXfKY5YoBduVCcSP8SGQ
741	England	The National	High Violet (Expanded Edition)	INDIFFERENT	5:41	xcEwEYrWo6Q	MPREb_cIg9PwLhBDa	UC1bWXfKY5YoBduVCcSP8SGQ
742	Vanderlyle Crybaby Geeks	The National	High Violet (Expanded Edition)	INDIFFERENT	4:13	IgY3z5VSDBg	MPREb_cIg9PwLhBDa	UC1bWXfKY5YoBduVCcSP8SGQ
743	Terrible Love (Alternate Version)	The National	High Violet (Expanded Edition)	INDIFFERENT	4:19	QWqRmp1gYew	MPREb_cIg9PwLhBDa	UC1bWXfKY5YoBduVCcSP8SGQ
744	Wake Up Your Saints	The National	High Violet (Expanded Edition)	INDIFFERENT	4:15	2t3J7PedRTE	MPREb_cIg9PwLhBDa	UC1bWXfKY5YoBduVCcSP8SGQ
745	You Were A Kindness	The National	High Violet (Expanded Edition)	INDIFFERENT	4:26	fz8Gi0Dxrkw	MPREb_cIg9PwLhBDa	UC1bWXfKY5YoBduVCcSP8SGQ
746	Walk Off	The National	High Violet (Expanded Edition)	INDIFFERENT	2:41	2T9tPfv64iA	MPREb_cIg9PwLhBDa	UC1bWXfKY5YoBduVCcSP8SGQ
747	Sin-Eaters	The National	High Violet (Expanded Edition)	INDIFFERENT	3:40	QfP2iY2kFNk	MPREb_cIg9PwLhBDa	UC1bWXfKY5YoBduVCcSP8SGQ
748	Bloodbuzz Ohio (Live At Current)	The National	High Violet (Expanded Edition)	INDIFFERENT	3:54	tuaadb9rmmU	MPREb_cIg9PwLhBDa	UC1bWXfKY5YoBduVCcSP8SGQ
749	Anyone's Ghost (Live)	The National	High Violet (Expanded Edition)	INDIFFERENT	2:59	V2nzThMMaHI	MPREb_cIg9PwLhBDa	UC1bWXfKY5YoBduVCcSP8SGQ
750	England (Live)	The National	High Violet (Expanded Edition)	INDIFFERENT	5:27	dNBIJXxWoJA	MPREb_cIg9PwLhBDa	UC1bWXfKY5YoBduVCcSP8SGQ
708	Old Locomotive	The Murlocs	Old Locomotive	INDIFFERENT	3:17	0hjFoJVPi-8	MPREb_r5HgXzPqWWK	UCdigueYl02CNgzV81nohTBg
709	Empty Nester	The Murlocs	Old Locomotive	INDIFFERENT	3:04	NBjhBXbcJ20	MPREb_r5HgXzPqWWK	UCdigueYl02CNgzV81nohTBg
710	Noble Soldier	The Murlocs	Old Locomotive	INDIFFERENT	2:45	9mxlh4dOg6Y	MPREb_r5HgXzPqWWK	UCdigueYl02CNgzV81nohTBg
711	Shit Storm	The Murlocs	Old Locomotive	INDIFFERENT	2:52	AnDBduIPqnY	MPREb_r5HgXzPqWWK	UCdigueYl02CNgzV81nohTBg
712	Waiting to Rise	The Murlocs	Old Locomotive	INDIFFERENT	2:53	ONEKBXmzDko	MPREb_r5HgXzPqWWK	UCdigueYl02CNgzV81nohTBg
714	Snake in the Grass	The Murlocs	Old Locomotive	INDIFFERENT	2:42	P0Z1FU7NVDs	MPREb_r5HgXzPqWWK	UCdigueYl02CNgzV81nohTBg
715	Daily Agony	The Murlocs	Old Locomotive	INDIFFERENT	3:34	S90_q9DOuCo	MPREb_r5HgXzPqWWK	UCdigueYl02CNgzV81nohTBg
716	Far From Fine	The Murlocs	Old Locomotive	INDIFFERENT	2:32	OQsMldT3QGE	MPREb_r5HgXzPqWWK	UCdigueYl02CNgzV81nohTBg
717	Wondrous Star	The Murlocs	Old Locomotive	INDIFFERENT	2:18	HorfuUG7YWY	MPREb_r5HgXzPqWWK	UCdigueYl02CNgzV81nohTBg
718	Oblivion	The Murlocs	Old Locomotive	INDIFFERENT	2:41	dfHKkbpM8IM	MPREb_r5HgXzPqWWK	UCdigueYl02CNgzV81nohTBg
720	Household Hermit	The Murlocs	Old Locomotive	INDIFFERENT	3:10	VICbEtGi1Nw	MPREb_r5HgXzPqWWK	UCdigueYl02CNgzV81nohTBg
723	Adolescence	The Murlocs	Young Blindness	INDIFFERENT	3:20	xmY8oRCeEDk	MPREb_vMPEfDWn5EA	UCdigueYl02CNgzV81nohTBg
724	Rolling On	The Murlocs	Young Blindness	INDIFFERENT	3:20	Lr9Cp2rceTg	MPREb_vMPEfDWn5EA	UCdigueYl02CNgzV81nohTBg
725	Wolf Creep	The Murlocs	Young Blindness	INDIFFERENT	4:17	cu5MQN10-80	MPREb_vMPEfDWn5EA	UCdigueYl02CNgzV81nohTBg
727	Unknown Disease	The Murlocs	Young Blindness	INDIFFERENT	2:35	BbuGpbtQYkY	MPREb_vMPEfDWn5EA	UCdigueYl02CNgzV81nohTBg
730	Improving Solutions	The Murlocs	Young Blindness	INDIFFERENT	3:22	sp07Yy6GTaU	MPREb_vMPEfDWn5EA	UCdigueYl02CNgzV81nohTBg
731	Reassurance	The Murlocs	Young Blindness	INDIFFERENT	3:19	XbUSM7EQ-E8	MPREb_vMPEfDWn5EA	UCdigueYl02CNgzV81nohTBg
675	Plastic People	The Mothers Of Invention	Absolutely Free	INDIFFERENT	3:43	bjw1ec_arf4	MPREb_DfIEZVBsuAj	UCo8OHSefy7bRjqzoEj2frXA
676	The Duke Of Prunes	The Mothers Of Invention	Absolutely Free	INDIFFERENT	2:13	rZJg8431i3I	MPREb_DfIEZVBsuAj	UCo8OHSefy7bRjqzoEj2frXA
677	Amnesia Vivace	The Mothers Of Invention	Absolutely Free	INDIFFERENT	1:02	Ge4GMuuQONo	MPREb_DfIEZVBsuAj	UCo8OHSefy7bRjqzoEj2frXA
678	The Duke Regains His Chops	The Mothers Of Invention	Absolutely Free	INDIFFERENT	1:53	aKs4uteTzVo	MPREb_DfIEZVBsuAj	UCo8OHSefy7bRjqzoEj2frXA
679	Call Any Vegetable	The Mothers Of Invention	Absolutely Free	INDIFFERENT	2:15	YBVupMMBi7I	MPREb_DfIEZVBsuAj	UCo8OHSefy7bRjqzoEj2frXA
680	Invocation And Ritual Dance Of The Young Pumpkin	The Mothers Of Invention	Absolutely Free	INDIFFERENT	7:00	bAiwzNSMmB8	MPREb_DfIEZVBsuAj	UCo8OHSefy7bRjqzoEj2frXA
681	Soft-Sell Conclusion	The Mothers Of Invention	Absolutely Free	INDIFFERENT	1:42	zj4_rVWLqd4	MPREb_DfIEZVBsuAj	UCo8OHSefy7bRjqzoEj2frXA
682	Big Leg Emma	The Mothers Of Invention	Absolutely Free	INDIFFERENT	2:32	Sd-3eIajEa8	MPREb_DfIEZVBsuAj	UCo8OHSefy7bRjqzoEj2frXA
683	Why Don'tcha Do Me Right?	The Mothers Of Invention	Absolutely Free	INDIFFERENT	2:40	oXkPta1CEYs	MPREb_DfIEZVBsuAj	UCo8OHSefy7bRjqzoEj2frXA
684	America Drinks	The Mothers Of Invention	Absolutely Free	INDIFFERENT	1:53	e5l-KRyPixE	MPREb_DfIEZVBsuAj	UCo8OHSefy7bRjqzoEj2frXA
685	Status Back Baby	The Mothers Of Invention	Absolutely Free	INDIFFERENT	2:54	cN9njiHraho	MPREb_DfIEZVBsuAj	UCo8OHSefy7bRjqzoEj2frXA
686	Uncle Bernie's Farm	The Mothers Of Invention	Absolutely Free	INDIFFERENT	2:11	phSWgVm-xj0	MPREb_DfIEZVBsuAj	UCo8OHSefy7bRjqzoEj2frXA
687	Son Of Suzy Creamcheese	The Mothers Of Invention	Absolutely Free	INDIFFERENT	1:34	QRSzWzX1eic	MPREb_DfIEZVBsuAj	UCo8OHSefy7bRjqzoEj2frXA
688	Brown Shoes Don't Make It	The Mothers Of Invention	Absolutely Free	INDIFFERENT	7:30	sY98h9RPofQ	MPREb_DfIEZVBsuAj	UCo8OHSefy7bRjqzoEj2frXA
689	America Drinks & Goes Home	The Mothers Of Invention	Absolutely Free	INDIFFERENT	2:49	0JR-d9N4GNk	MPREb_DfIEZVBsuAj	UCo8OHSefy7bRjqzoEj2frXA
690	Are You Hung Up?	The Mothers Of Invention	We're Only In It For The Money	INDIFFERENT	1:25	hnKX4H_fP3Q	MPREb_T7i6Plx1ipI	UCo8OHSefy7bRjqzoEj2frXA
693	Mom & Dad	The Mothers Of Invention	We're Only In It For The Money	INDIFFERENT	2:16	TKNG8R6tb0A	MPREb_T7i6Plx1ipI	UCo8OHSefy7bRjqzoEj2frXA
694	Telephone Conversation	The Mothers Of Invention	We're Only In It For The Money	INDIFFERENT	0:48	fnXONf-JQbI	MPREb_T7i6Plx1ipI	UCo8OHSefy7bRjqzoEj2frXA
695	Bow Tie Daddy	The Mothers Of Invention	We're Only In It For The Money	INDIFFERENT	0:33	2gauX2N1FOg	MPREb_T7i6Plx1ipI	UCo8OHSefy7bRjqzoEj2frXA
696	Harry, You're A Beast	The Mothers Of Invention	We're Only In It For The Money	INDIFFERENT	1:21	m7RlO6vIyEI	MPREb_T7i6Plx1ipI	UCo8OHSefy7bRjqzoEj2frXA
697	What's The Ugliest Part Of Your Body?	The Mothers Of Invention	We're Only In It For The Money	INDIFFERENT	1:03	lPOHOtQ8Qw0	MPREb_T7i6Plx1ipI	UCo8OHSefy7bRjqzoEj2frXA
699	Flower Punk	The Mothers Of Invention	We're Only In It For The Money	INDIFFERENT	3:03	HQfZmMI87P4	MPREb_T7i6Plx1ipI	UCo8OHSefy7bRjqzoEj2frXA
700	Hot Poop	The Mothers Of Invention	We're Only In It For The Money	INDIFFERENT	0:26	1GdQao1HcT4	MPREb_T7i6Plx1ipI	UCo8OHSefy7bRjqzoEj2frXA
702	The Idiot Bastard Son	The Mothers Of Invention	We're Only In It For The Money	INDIFFERENT	3:18	XzNVIfxEwuo	MPREb_T7i6Plx1ipI	UCo8OHSefy7bRjqzoEj2frXA
704	Take Your Clothes Off When You Dance	The Mothers Of Invention	We're Only In It For The Money	INDIFFERENT	1:32	8tlLI8XQyBM	MPREb_T7i6Plx1ipI	UCo8OHSefy7bRjqzoEj2frXA
705	What's The Ugliest Part Of Your Body? (Reprise)	The Mothers Of Invention	We're Only In It For The Money	INDIFFERENT	0:58	JmciWp3_pDM	MPREb_T7i6Plx1ipI	UCo8OHSefy7bRjqzoEj2frXA
706	Mother People	The Mothers Of Invention	We're Only In It For The Money	INDIFFERENT	2:32	9tBsF5pCEI0	MPREb_T7i6Plx1ipI	UCo8OHSefy7bRjqzoEj2frXA
707	The Chrome Plated Megaphone Of Destiny	The Mothers Of Invention	We're Only In It For The Money	INDIFFERENT	6:24	DWCcs8ZnDF4	MPREb_T7i6Plx1ipI	UCo8OHSefy7bRjqzoEj2frXA
662	In The Beginning	The Moody Blues	On The Threshold Of A Dream	INDIFFERENT	2:08	5z_P_In0Dxw	MPREb_DMDzAwbgu3u	UC4HQKRyk4s13hiAnZBXxZWQ
663	Lovely To See You	The Moody Blues	On The Threshold Of A Dream	INDIFFERENT	2:34	Dj1HBMKblo8	MPREb_DMDzAwbgu3u	UC4HQKRyk4s13hiAnZBXxZWQ
664	Dear Diary	The Moody Blues	On The Threshold Of A Dream	INDIFFERENT	3:56	7t8YpP4b39Q	MPREb_DMDzAwbgu3u	UC4HQKRyk4s13hiAnZBXxZWQ
665	Send Me No Wine	The Moody Blues	On The Threshold Of A Dream	INDIFFERENT	2:20	JAZj03RpVks	MPREb_DMDzAwbgu3u	UC4HQKRyk4s13hiAnZBXxZWQ
666	To Share Our Love	The Moody Blues	On The Threshold Of A Dream	INDIFFERENT	2:54	odnah2qoduI	MPREb_DMDzAwbgu3u	UC4HQKRyk4s13hiAnZBXxZWQ
667	So Deep Within You	The Moody Blues	On The Threshold Of A Dream	INDIFFERENT	3:07	xA3JIqucvrU	MPREb_DMDzAwbgu3u	UC4HQKRyk4s13hiAnZBXxZWQ
668	Never Comes The Day	The Moody Blues	On The Threshold Of A Dream	INDIFFERENT	4:43	febLdsx97PU	MPREb_DMDzAwbgu3u	UC4HQKRyk4s13hiAnZBXxZWQ
669	Lazy Day	The Moody Blues	On The Threshold Of A Dream	INDIFFERENT	2:43	QB46t8Oa52k	MPREb_DMDzAwbgu3u	UC4HQKRyk4s13hiAnZBXxZWQ
670	Are You Sitting Comfortably?	The Moody Blues	On The Threshold Of A Dream	INDIFFERENT	3:29	aPcPApPO20s	MPREb_DMDzAwbgu3u	UC4HQKRyk4s13hiAnZBXxZWQ
671	The Dream	The Moody Blues	On The Threshold Of A Dream	INDIFFERENT	0:58	Lo9zmfDop7I	MPREb_DMDzAwbgu3u	UC4HQKRyk4s13hiAnZBXxZWQ
672	Have You Heard (Pt. 1)	The Moody Blues	On The Threshold Of A Dream	INDIFFERENT	1:28	NZcr7FnGUug	MPREb_DMDzAwbgu3u	UC4HQKRyk4s13hiAnZBXxZWQ
673	The Voyage	The Moody Blues	On The Threshold Of A Dream	INDIFFERENT	4:11	ZAFS85TKOYM	MPREb_DMDzAwbgu3u	UC4HQKRyk4s13hiAnZBXxZWQ
674	Have You Heard (Pt. 2)	The Moody Blues	On The Threshold Of A Dream	INDIFFERENT	2:27	mEo_dSYI1bI	MPREb_DMDzAwbgu3u	UC4HQKRyk4s13hiAnZBXxZWQ
638	Dream World	The Monkees	The Birds, The Bees, & The Monkees	INDIFFERENT	3:19	wUvAOqs3zZU	MPREb_fTQB7SF4zUz	UCFXwbDAkk-Ef4nWOpw9vqYQ
639	Auntie's Municipal Court	The Monkees	The Birds, The Bees, & The Monkees	INDIFFERENT	4:06	548WLexBilY	MPREb_fTQB7SF4zUz	UCFXwbDAkk-Ef4nWOpw9vqYQ
640	We Were Made for Each Other	The Monkees	The Birds, The Bees, & The Monkees	INDIFFERENT	2:23	31SQDPqbFNA	MPREb_fTQB7SF4zUz	UCFXwbDAkk-Ef4nWOpw9vqYQ
641	Tapioca Tundra	The Monkees	The Birds, The Bees, & The Monkees	INDIFFERENT	3:06	hl1PW7nwpJM	MPREb_fTQB7SF4zUz	UCFXwbDAkk-Ef4nWOpw9vqYQ
643	Writing Wrongs	The Monkees	The Birds, The Bees, & The Monkees	INDIFFERENT	5:07	Qogy7oT0uwc	MPREb_fTQB7SF4zUz	UCFXwbDAkk-Ef4nWOpw9vqYQ
644	I'll Be Back Up on My Feet	The Monkees	The Birds, The Bees, & The Monkees	INDIFFERENT	2:27	Nfl3lKYNLEU	MPREb_fTQB7SF4zUz	UCFXwbDAkk-Ef4nWOpw9vqYQ
645	The Poster	The Monkees	The Birds, The Bees, & The Monkees	INDIFFERENT	2:22	Gv3bUgQeCyc	MPREb_fTQB7SF4zUz	UCFXwbDAkk-Ef4nWOpw9vqYQ
646	P.O. Box 9847	The Monkees	The Birds, The Bees, & The Monkees	INDIFFERENT	3:17	4DYf7s6w3VI	MPREb_fTQB7SF4zUz	UCFXwbDAkk-Ef4nWOpw9vqYQ
647	Magnolia Simms	The Monkees	The Birds, The Bees, & The Monkees	INDIFFERENT	3:49	KLG33AuNp9w	MPREb_fTQB7SF4zUz	UCFXwbDAkk-Ef4nWOpw9vqYQ
648	Valleri	The Monkees	The Birds, The Bees, & The Monkees	INDIFFERENT	2:16	wD9qp0bl0yQ	MPREb_fTQB7SF4zUz	UCFXwbDAkk-Ef4nWOpw9vqYQ
649	Zor and Zam	The Monkees	The Birds, The Bees, & The Monkees	INDIFFERENT	2:11	wrIihE2KLuE	MPREb_fTQB7SF4zUz	UCFXwbDAkk-Ef4nWOpw9vqYQ
651	I'm Gonna Try	The Monkees	The Birds, The Bees, & The Monkees	INDIFFERENT	2:45	BtMmrn517zM	MPREb_fTQB7SF4zUz	UCFXwbDAkk-Ef4nWOpw9vqYQ
652	P.O. Box 9847 (Alternate Mix)	The Monkees	The Birds, The Bees, & The Monkees	INDIFFERENT	3:16	CbSxrjvpkH4	MPREb_fTQB7SF4zUz	UCFXwbDAkk-Ef4nWOpw9vqYQ
653	The Girl I Left Behind Me (Early Version)	The Monkees	The Birds, The Bees, & The Monkees	INDIFFERENT	2:41	IthZ6Sd-c1Y	MPREb_fTQB7SF4zUz	UCFXwbDAkk-Ef4nWOpw9vqYQ
654	Lady's Baby	The Monkees	The Birds, The Bees, & The Monkees	INDIFFERENT	2:30	lKpbHoWzFuM	MPREb_fTQB7SF4zUz	UCFXwbDAkk-Ef4nWOpw9vqYQ
622	Roadrunner	The Modern Lovers	The Modern Lovers	INDIFFERENT	4:07	iUNXWp4hfhI	MPREb_f8oIO6KVTs5	UCCAA_uQg_Qe-M6O17CBy4KA
624	Old World	The Modern Lovers	The Modern Lovers	INDIFFERENT	4:01	lKOAmoKY4Ks	MPREb_f8oIO6KVTs5	UCCAA_uQg_Qe-M6O17CBy4KA
627	Someone I Care About	The Modern Lovers	The Modern Lovers	INDIFFERENT	3:40	kQWYFP8cBuE	MPREb_f8oIO6KVTs5	UCCAA_uQg_Qe-M6O17CBy4KA
630	Dignified and Old	The Modern Lovers	The Modern Lovers	INDIFFERENT	2:29	s5jxguA2Opw	MPREb_f8oIO6KVTs5	UCCAA_uQg_Qe-M6O17CBy4KA
633	I Wanna Sleep In Your Arms	The Modern Lovers	The Modern Lovers	INDIFFERENT	2:33	YBrWkb8D3rI	MPREb_f8oIO6KVTs5	UCCAA_uQg_Qe-M6O17CBy4KA
634	Dance With Me	The Modern Lovers	The Modern Lovers	INDIFFERENT	4:27	KCDNdEKsr2A	MPREb_f8oIO6KVTs5	UCCAA_uQg_Qe-M6O17CBy4KA
635	Someone I Care About (Alternative Version)	The Modern Lovers	The Modern Lovers	INDIFFERENT	2:59	PnW7iyGgo8E	MPREb_f8oIO6KVTs5	UCCAA_uQg_Qe-M6O17CBy4KA
636	Modern World (Alternative version)	The Modern Lovers	The Modern Lovers	INDIFFERENT	3:17	qb_Zid9k02w	MPREb_f8oIO6KVTs5	UCCAA_uQg_Qe-M6O17CBy4KA
637	Roadrunner (Once) (Alternative Version)	The Modern Lovers	The Modern Lovers	INDIFFERENT	4:56	ZYEc45JlG94	MPREb_f8oIO6KVTs5	UCCAA_uQg_Qe-M6O17CBy4KA
609	Our Own Business	The Midnight Eez	The Midnight Eez	INDIFFERENT	2:25	Q3yCeSJaA60	MPREb_1wqChz2CXMi	UCd_Io_PjpRMsLI-ywuNjlYQ
610	How It Started	The Midnight Eez	The Midnight Eez	INDIFFERENT	1:11	kQQHOhZIlVo	MPREb_1wqChz2CXMi	UCd_Io_PjpRMsLI-ywuNjlYQ
611	Digging In The Crates	The Midnight Eez	The Midnight Eez	INDIFFERENT	2:27	fdhf6vyWZjo	MPREb_1wqChz2CXMi	UCd_Io_PjpRMsLI-ywuNjlYQ
612	Corrupted Industry	The Midnight Eez	The Midnight Eez	INDIFFERENT	0:37	MQBBPK-cU8E	MPREb_1wqChz2CXMi	UCd_Io_PjpRMsLI-ywuNjlYQ
613	New York's Devils	The Midnight Eez	The Midnight Eez	INDIFFERENT	1:53	8EEfIGM1N3U	MPREb_1wqChz2CXMi	UCd_Io_PjpRMsLI-ywuNjlYQ
614	The Last Chance	The Midnight Eez	The Midnight Eez	INDIFFERENT	1:34	FkBZIjH9GUM	MPREb_1wqChz2CXMi	UCd_Io_PjpRMsLI-ywuNjlYQ
616	Childhood Memories	The Midnight Eez	The Midnight Eez	INDIFFERENT	3:33	6_BpWgFMMY4	MPREb_1wqChz2CXMi	UCd_Io_PjpRMsLI-ywuNjlYQ
617	The Plan	The Midnight Eez	The Midnight Eez	INDIFFERENT	1:37	1f5TalZ2oBQ	MPREb_1wqChz2CXMi	UCd_Io_PjpRMsLI-ywuNjlYQ
618	Black Snow	The Midnight Eez	The Midnight Eez	INDIFFERENT	0:44	6LZGfpfxZ3E	MPREb_1wqChz2CXMi	UCd_Io_PjpRMsLI-ywuNjlYQ
619	Everydays Chase	The Midnight Eez	The Midnight Eez	INDIFFERENT	1:48	hJdkZiEldaw	MPREb_1wqChz2CXMi	UCd_Io_PjpRMsLI-ywuNjlYQ
620	Dust	The Midnight Eez	The Midnight Eez	INDIFFERENT	2:57	ahcnJA3gpEQ	MPREb_1wqChz2CXMi	UCd_Io_PjpRMsLI-ywuNjlYQ
621	Day Break	The Midnight Eez	The Midnight Eez	INDIFFERENT	1:07	VlEhdOVKaMc	MPREb_1wqChz2CXMi	UCd_Io_PjpRMsLI-ywuNjlYQ
580	Cardova	The Meters	The Meters	INDIFFERENT	4:35	4kd3QuTexvM	MPREb_0HOBn6R3g6c	UCwye34yhtCbWGQsrFS4oMNw
581	Live Wire	The Meters	The Meters	INDIFFERENT	2:40	D9IGwqUAwdU	MPREb_0HOBn6R3g6c	UCwye34yhtCbWGQsrFS4oMNw
582	Art	The Meters	The Meters	INDIFFERENT	2:35	8vRRz62oJQ4	MPREb_0HOBn6R3g6c	UCwye34yhtCbWGQsrFS4oMNw
583	Sophisticated Cissy	The Meters	The Meters	INDIFFERENT	2:56	wEm_sj6k6lI	MPREb_0HOBn6R3g6c	UCwye34yhtCbWGQsrFS4oMNw
584	Ease Back	The Meters	The Meters	INDIFFERENT	3:14	oFaA816BUPg	MPREb_0HOBn6R3g6c	UCwye34yhtCbWGQsrFS4oMNw
585	6V6 LA	The Meters	The Meters	INDIFFERENT	2:26	4CNS2jYBsZw	MPREb_0HOBn6R3g6c	UCwye34yhtCbWGQsrFS4oMNw
586	Sehorn's Farm	The Meters	The Meters	INDIFFERENT	2:31	54Ss8rnzCz8	MPREb_0HOBn6R3g6c	UCwye34yhtCbWGQsrFS4oMNw
587	Ann	The Meters	The Meters	INDIFFERENT	2:46	QGuL1qOKp4Q	MPREb_0HOBn6R3g6c	UCwye34yhtCbWGQsrFS4oMNw
589	Sing a Simple Song	The Meters	The Meters	INDIFFERENT	3:06	7VT9MTLEDWw	MPREb_0HOBn6R3g6c	UCwye34yhtCbWGQsrFS4oMNw
563	Ocean Beach	The Mermen	Krill Slippin	INDIFFERENT	2:39	umVISP1enrQ	MPREb_oouJ8Zl82rl	UCCEzCPc6eoJJ0mDl5pbeRmg
564	Krill Slippin'	The Mermen	Krill Slippin	INDIFFERENT	2:52	wS-dEK23ZJ8	MPREb_oouJ8Zl82rl	UCCEzCPc6eoJJ0mDl5pbeRmg
566	Splashin' With The Mermaid	The Mermen	Krill Slippin	INDIFFERENT	3:40	-YQ8nPJz1pw	MPREb_oouJ8Zl82rl	UCCEzCPc6eoJJ0mDl5pbeRmg
567	Kaena	The Mermen	Krill Slippin	INDIFFERENT	4:03	WpffhPjiVa4	MPREb_oouJ8Zl82rl	UCCEzCPc6eoJJ0mDl5pbeRmg
568	Over The Falls	The Mermen	Krill Slippin	INDIFFERENT	4:02	7LMUmPEsetY	MPREb_oouJ8Zl82rl	UCCEzCPc6eoJJ0mDl5pbeRmg
569	Run Don't Walk	The Mermen	Krill Slippin	INDIFFERENT	2:35	wOyo8zfjIIc	MPREb_oouJ8Zl82rl	UCCEzCPc6eoJJ0mDl5pbeRmg
570	Sand	The Mermen	Krill Slippin	INDIFFERENT	2:56	pQtWc7TGyEU	MPREb_oouJ8Zl82rl	UCCEzCPc6eoJJ0mDl5pbeRmg
571	The Drift	The Mermen	Krill Slippin	INDIFFERENT	2:31	kE0Ysfteclk	MPREb_oouJ8Zl82rl	UCCEzCPc6eoJJ0mDl5pbeRmg
572	Big Day At The Bay	The Mermen	Krill Slippin	INDIFFERENT	2:58	UgXKV-OHJSs	MPREb_oouJ8Zl82rl	UCCEzCPc6eoJJ0mDl5pbeRmg
573	Hammer Head	The Mermen	Krill Slippin	INDIFFERENT	2:45	Ycf8IgC_Vy0	MPREb_oouJ8Zl82rl	UCCEzCPc6eoJJ0mDl5pbeRmg
574	Abalone Daze	The Mermen	Krill Slippin	INDIFFERENT	3:00	JOeF3FcoxII	MPREb_oouJ8Zl82rl	UCCEzCPc6eoJJ0mDl5pbeRmg
576	The Whales	The Mermen	Krill Slippin	INDIFFERENT	4:50	JbXnZIrhZPc	MPREb_oouJ8Zl82rl	UCCEzCPc6eoJJ0mDl5pbeRmg
578	The Goodbye	The Mermen	Krill Slippin	INDIFFERENT	3:14	t9SNSkUgCH4	MPREb_oouJ8Zl82rl	UCCEzCPc6eoJJ0mDl5pbeRmg
545	It's You I Love	The Maytals	The Sensational Maytals	INDIFFERENT	2:04	XP-9XqoolLs	MPREb_PWqbqQk8LT2	UC2863SnaB0ZHk7G9KwjGvMA
547	Never You Change	The Maytals	The Sensational Maytals	INDIFFERENT	2:30	6pTyo_hF4yQ	MPREb_PWqbqQk8LT2	UC2863SnaB0ZHk7G9KwjGvMA
548	If You Act This Way	The Maytals	The Sensational Maytals	INDIFFERENT	2:25	QlACxnW4yrM	MPREb_PWqbqQk8LT2	UC2863SnaB0ZHk7G9KwjGvMA
549	It's No Use	The Maytals	The Sensational Maytals	INDIFFERENT	2:46	yma8Q5PHoF4	MPREb_PWqbqQk8LT2	UC2863SnaB0ZHk7G9KwjGvMA
550	You Make Me Feel The Way I Do	The Maytals	The Sensational Maytals	INDIFFERENT	2:19	YuOGGhFeijM	MPREb_PWqbqQk8LT2	UC2863SnaB0ZHk7G9KwjGvMA
551	What's On Your Mind	The Maytals	The Sensational Maytals	INDIFFERENT	2:07	3sdzYJKUCiw	MPREb_PWqbqQk8LT2	UC2863SnaB0ZHk7G9KwjGvMA
552	My New Name	The Maytals	The Sensational Maytals	INDIFFERENT	2:16	0xIg0M3AHfE	MPREb_PWqbqQk8LT2	UC2863SnaB0ZHk7G9KwjGvMA
553	Fever	The Maytals	The Sensational Maytals	INDIFFERENT	2:13	KZfU4_CoLsc	MPREb_PWqbqQk8LT2	UC2863SnaB0ZHk7G9KwjGvMA
554	She Will Never Let Me Down	The Maytals	The Sensational Maytals	INDIFFERENT	2:04	GOa42OerpPo	MPREb_PWqbqQk8LT2	UC2863SnaB0ZHk7G9KwjGvMA
555	I Know	The Maytals	The Sensational Maytals	INDIFFERENT	2:16	QQ1047W0RWc	MPREb_PWqbqQk8LT2	UC2863SnaB0ZHk7G9KwjGvMA
556	Tell Me The Reason	The Maytals	The Sensational Maytals	INDIFFERENT	1:55	O8Q3uUKXsBI	MPREb_PWqbqQk8LT2	UC2863SnaB0ZHk7G9KwjGvMA
557	Love Is A Special Feeling	The Maytals	The Sensational Maytals	INDIFFERENT	2:44	ZH3ZSS3VExg	MPREb_PWqbqQk8LT2	UC2863SnaB0ZHk7G9KwjGvMA
558	Peggy	The Maytals	The Sensational Maytals	INDIFFERENT	2:46	86c0EUfOHA8	MPREb_PWqbqQk8LT2	UC2863SnaB0ZHk7G9KwjGvMA
559	When I Laugh	The Maytals	The Sensational Maytals	INDIFFERENT	2:05	uFRf2DQ1XDc	MPREb_PWqbqQk8LT2	UC2863SnaB0ZHk7G9KwjGvMA
560	Bam Bam	The Maytals	The Sensational Maytals	INDIFFERENT	3:07	RBNSRlnIS78	MPREb_PWqbqQk8LT2	UC2863SnaB0ZHk7G9KwjGvMA
561	Ain't Got No Tip	The Maytals	The Sensational Maytals	INDIFFERENT	2:25	ra6TxZxGfKw	MPREb_PWqbqQk8LT2	UC2863SnaB0ZHk7G9KwjGvMA
562	I'm A Big Man	The Maytals	The Sensational Maytals	INDIFFERENT	2:48	8Fp25uQuaSY	MPREb_PWqbqQk8LT2	UC2863SnaB0ZHk7G9KwjGvMA
511	Basta Ya	The Marías	Superclean, Vol. I	INDIFFERENT	2:57	kPb7qcwwHSk	MPREb_kZ3oO4EYveP	UCVV5M4OEFsKnB9HBhwOhHbA
512	I Like It	The Marías	Superclean, Vol. I	INDIFFERENT	3:24	2bkvMcpSvXs	MPREb_kZ3oO4EYveP	UCVV5M4OEFsKnB9HBhwOhHbA
513	Only in My Dreams	The Marías	Superclean, Vol. I	INDIFFERENT	2:51	HnXzzTIFu_U	MPREb_kZ3oO4EYveP	UCVV5M4OEFsKnB9HBhwOhHbA
515	Déjate Llevar	The Marías	Superclean, Vol. I	INDIFFERENT	2:44	y2ZdqYde2yQ	MPREb_kZ3oO4EYveP	UCVV5M4OEFsKnB9HBhwOhHbA
516	Ruthless	The Marías	Superclean, Vol. II	INDIFFERENT	4:08	s-8lUvdmnlQ	MPREb_z2K0GCbmAau	UCVV5M4OEFsKnB9HBhwOhHbA
517	Cariño	The Marías	Superclean, Vol. II	INDIFFERENT	4:19	RyZNIw_IHpo	MPREb_z2K0GCbmAau	UCVV5M4OEFsKnB9HBhwOhHbA
518	ABQ	The Marías	Superclean, Vol. II	INDIFFERENT	5:12	IIzYkkny5vs	MPREb_z2K0GCbmAau	UCVV5M4OEFsKnB9HBhwOhHbA
519	Loverboy	The Marías	Superclean, Vol. II	INDIFFERENT	1:14	r0j-Il_hS6c	MPREb_z2K0GCbmAau	UCVV5M4OEFsKnB9HBhwOhHbA
532	Take the Highway	The Marshall Tucker Band	Greatest Hits	INDIFFERENT	6:15	eTn3LBMweds	MPREb_atD13DLunCc	UCtkFGqxsQ1ykX0Sw-wtBEeQ
533	Blue Ridge Mountain Sky	The Marshall Tucker Band	Greatest Hits	INDIFFERENT	3:37	S2ssCNb2ATQ	MPREb_atD13DLunCc	UCtkFGqxsQ1ykX0Sw-wtBEeQ
534	In My Own Way	The Marshall Tucker Band	Greatest Hits	INDIFFERENT	7:22	PxhdJ_az-CA	MPREb_atD13DLunCc	UCtkFGqxsQ1ykX0Sw-wtBEeQ
537	Ramblin'	The Marshall Tucker Band	Greatest Hits	INDIFFERENT	5:07	yQhJluqQdDY	MPREb_atD13DLunCc	UCtkFGqxsQ1ykX0Sw-wtBEeQ
539	I Should Have Never Started Lovin' You	The Marshall Tucker Band	Greatest Hits	INDIFFERENT	7:10	WCMFTR2IDws	MPREb_atD13DLunCc	UCtkFGqxsQ1ykX0Sw-wtBEeQ
540	24 Hours at a Time	The Marshall Tucker Band	Greatest Hits	INDIFFERENT	5:03	RydU0clwCUY	MPREb_atD13DLunCc	UCtkFGqxsQ1ykX0Sw-wtBEeQ
542	Too Stubborn	The Marshall Tucker Band	Greatest Hits	INDIFFERENT	3:55	jLjmRxJJ_04	MPREb_atD13DLunCc	UCtkFGqxsQ1ykX0Sw-wtBEeQ
543	This Ol' Cowboy	The Marshall Tucker Band	Greatest Hits	INDIFFERENT	3:39	5RBUgieshrE	MPREb_atD13DLunCc	UCtkFGqxsQ1ykX0Sw-wtBEeQ
544	Desert Skies	The Marshall Tucker Band	Greatest Hits	INDIFFERENT	6:23	ZEz0M8CkPt0	MPREb_atD13DLunCc	UCtkFGqxsQ1ykX0Sw-wtBEeQ
522	Son et Lumiere	The Mars Volta	De-Loused in the Comatorium	INDIFFERENT	1:35	sJDDNyGBsw8	MPREb_x7fapcDDBnN	UCsTPVxKLAI8uTPa4VZMNnnQ
523	Inertiatic Esp	The Mars Volta	De-Loused in the Comatorium	INDIFFERENT	4:23	i3L1y2WTjhc	MPREb_x7fapcDDBnN	UCsTPVxKLAI8uTPa4VZMNnnQ
524	Roulette Dares (The Haunt Of)	The Mars Volta	De-Loused in the Comatorium	INDIFFERENT	7:30	z26eM4Gr0cA	MPREb_x7fapcDDBnN	UCsTPVxKLAI8uTPa4VZMNnnQ
525	Tira Me a Las Arañas	The Mars Volta	De-Loused in the Comatorium	INDIFFERENT	1:28	qeRbeF2Axo8	MPREb_x7fapcDDBnN	UCsTPVxKLAI8uTPa4VZMNnnQ
526	Drunkship Of Lanterns	The Mars Volta	De-Loused in the Comatorium	INDIFFERENT	7:05	crknkUbmKac	MPREb_x7fapcDDBnN	UCsTPVxKLAI8uTPa4VZMNnnQ
529	This Apparatus Must Be Unearthed	The Mars Volta	De-Loused in the Comatorium	INDIFFERENT	4:57	EOsfDyteYeM	MPREb_x7fapcDDBnN	UCsTPVxKLAI8uTPa4VZMNnnQ
530	Televators	The Mars Volta	De-Loused in the Comatorium	INDIFFERENT	6:18	3-UxgORDVrI	MPREb_x7fapcDDBnN	UCsTPVxKLAI8uTPa4VZMNnnQ
531	Take The Veil Cerpin Taxt	The Mars Volta	De-Loused in the Comatorium	INDIFFERENT	8:41	-_0VrxrmC8k	MPREb_x7fapcDDBnN	UCsTPVxKLAI8uTPa4VZMNnnQ
499	Straight Shooter	The Mamas And The Papas	If You Can Believe Your Eyes And Ears	INDIFFERENT	2:58	LOeevo7OW7E	MPREb_2wUvSh1QUTi	UCUifbmzuPtWDjyefmmIWzFA
501	I Call Your Name	The Mamas And The Papas	If You Can Believe Your Eyes And Ears	INDIFFERENT	2:38	HprdvsYeCIg	MPREb_2wUvSh1QUTi	UCUifbmzuPtWDjyefmmIWzFA
502	Do You Wanna Dance	The Mamas And The Papas	If You Can Believe Your Eyes And Ears	INDIFFERENT	3:00	H8xpuG1RLjQ	MPREb_2wUvSh1QUTi	UCUifbmzuPtWDjyefmmIWzFA
505	Spanish Harlem	The Mamas And The Papas	If You Can Believe Your Eyes And Ears	INDIFFERENT	3:22	ZV0JNSK9n98	MPREb_2wUvSh1QUTi	UCUifbmzuPtWDjyefmmIWzFA
506	Somebody Groovy (Single Version)	The Mamas And The Papas	If You Can Believe Your Eyes And Ears	INDIFFERENT	3:16	DM3g52zugO0	MPREb_2wUvSh1QUTi	UCUifbmzuPtWDjyefmmIWzFA
507	Hey Girl	The Mamas And The Papas	If You Can Believe Your Eyes And Ears	INDIFFERENT	2:30	jxW1SnRa-98	MPREb_2wUvSh1QUTi	UCUifbmzuPtWDjyefmmIWzFA
508	You Baby	The Mamas And The Papas	If You Can Believe Your Eyes And Ears	INDIFFERENT	2:22	6UvqX-jpUcw	MPREb_2wUvSh1QUTi	UCUifbmzuPtWDjyefmmIWzFA
509	"The ""In"" Crowd"	The Mamas And The Papas	If You Can Believe Your Eyes And Ears	INDIFFERENT	3:12	I1oxpADF5Bs	MPREb_2wUvSh1QUTi	UCUifbmzuPtWDjyefmmIWzFA
420	Absolutely Cuckoo	The Magnetic Fields	69 Love Songs	INDIFFERENT	1:35	z7XmHuT0N88	MPREb_3cj4kXwIqSS	UCf9bscTdSKPtnoK4hHEDzGw
421	I Don't Believe in the Sun	The Magnetic Fields	69 Love Songs	INDIFFERENT	4:17	cu6hEcJM4WY	MPREb_3cj4kXwIqSS	UCf9bscTdSKPtnoK4hHEDzGw
422	All My Little Words	The Magnetic Fields	69 Love Songs	INDIFFERENT	2:47	1uQFlNa1Dk0	MPREb_3cj4kXwIqSS	UCf9bscTdSKPtnoK4hHEDzGw
423	A Chicken With Its Head Cut Off	The Magnetic Fields	69 Love Songs	INDIFFERENT	2:42	P7Cof3vyx1Q	MPREb_3cj4kXwIqSS	UCf9bscTdSKPtnoK4hHEDzGw
424	Reno Dakota	The Magnetic Fields	69 Love Songs	INDIFFERENT	1:06	heZ23z-mgVc	MPREb_3cj4kXwIqSS	UCf9bscTdSKPtnoK4hHEDzGw
425	I Don't Want to Get Over You	The Magnetic Fields	69 Love Songs	INDIFFERENT	2:23	AXoUJWieOf8	MPREb_3cj4kXwIqSS	UCf9bscTdSKPtnoK4hHEDzGw
426	Come Back From San Francisco	The Magnetic Fields	69 Love Songs	INDIFFERENT	2:49	2dv82ZmkRLc	MPREb_3cj4kXwIqSS	UCf9bscTdSKPtnoK4hHEDzGw
427	The Luckiest Guy on the Lower East Side	The Magnetic Fields	69 Love Songs	INDIFFERENT	3:44	FsPuaCITI1s	MPREb_3cj4kXwIqSS	UCf9bscTdSKPtnoK4hHEDzGw
428	Let's Pretend We're Bunny Rabbits	The Magnetic Fields	69 Love Songs	INDIFFERENT	2:26	SVMNq-UDviM	MPREb_3cj4kXwIqSS	UCf9bscTdSKPtnoK4hHEDzGw
429	The Cactus Where Your Heart Should Be	The Magnetic Fields	69 Love Songs	INDIFFERENT	1:12	VoM9igpTSiU	MPREb_3cj4kXwIqSS	UCf9bscTdSKPtnoK4hHEDzGw
430	I Think I Need a New Heart	The Magnetic Fields	69 Love Songs	INDIFFERENT	2:33	8TAlvftvH4s	MPREb_3cj4kXwIqSS	UCf9bscTdSKPtnoK4hHEDzGw
431	The Book of Love	The Magnetic Fields	69 Love Songs	INDIFFERENT	2:43	7FtbrDFgB_4	MPREb_3cj4kXwIqSS	UCf9bscTdSKPtnoK4hHEDzGw
432	Fido, Your Leash Is Too Long	The Magnetic Fields	69 Love Songs	INDIFFERENT	2:34	MFTQtbRw8S0	MPREb_3cj4kXwIqSS	UCf9bscTdSKPtnoK4hHEDzGw
433	How Fucking Romantic	The Magnetic Fields	69 Love Songs	INDIFFERENT	0:59	NR1qTPOiWE8	MPREb_3cj4kXwIqSS	UCf9bscTdSKPtnoK4hHEDzGw
434	The One You Really Love	The Magnetic Fields	69 Love Songs	INDIFFERENT	2:54	6GfU7M4PfHw	MPREb_3cj4kXwIqSS	UCf9bscTdSKPtnoK4hHEDzGw
435	Punk Love	The Magnetic Fields	69 Love Songs	INDIFFERENT	0:59	MLI_AK1LwL4	MPREb_3cj4kXwIqSS	UCf9bscTdSKPtnoK4hHEDzGw
436	Parades Go By	The Magnetic Fields	69 Love Songs	INDIFFERENT	2:57	aPs8gAKKuUg	MPREb_3cj4kXwIqSS	UCf9bscTdSKPtnoK4hHEDzGw
437	Boa Constrictor	The Magnetic Fields	69 Love Songs	INDIFFERENT	0:59	eUf_0wuuydI	MPREb_3cj4kXwIqSS	UCf9bscTdSKPtnoK4hHEDzGw
438	A Pretty Girl Is Like	The Magnetic Fields	69 Love Songs	INDIFFERENT	1:51	mNUdvQuanYQ	MPREb_3cj4kXwIqSS	UCf9bscTdSKPtnoK4hHEDzGw
439	My Sentimental Melody	The Magnetic Fields	69 Love Songs	INDIFFERENT	3:08	4RgNeHTr4PI	MPREb_3cj4kXwIqSS	UCf9bscTdSKPtnoK4hHEDzGw
440	Nothing Matters When We're Dancing	The Magnetic Fields	69 Love Songs	INDIFFERENT	2:28	FopW5kaceFs	MPREb_3cj4kXwIqSS	UCf9bscTdSKPtnoK4hHEDzGw
441	Sweet-Lovin' Man	The Magnetic Fields	69 Love Songs	INDIFFERENT	5:00	1NcCxHs7h88	MPREb_3cj4kXwIqSS	UCf9bscTdSKPtnoK4hHEDzGw
442	The Things We Did and Didn't Do	The Magnetic Fields	69 Love Songs	INDIFFERENT	2:12	tyMxRbKjnAM	MPREb_3cj4kXwIqSS	UCf9bscTdSKPtnoK4hHEDzGw
443	Roses	The Magnetic Fields	69 Love Songs	INDIFFERENT	0:28	v9Sq1mvKb0o	MPREb_3cj4kXwIqSS	UCf9bscTdSKPtnoK4hHEDzGw
444	Love Is Like Jazz	The Magnetic Fields	69 Love Songs	INDIFFERENT	2:57	OTVP8_vOxxg	MPREb_3cj4kXwIqSS	UCf9bscTdSKPtnoK4hHEDzGw
445	When My Boy Walks Down the Street	The Magnetic Fields	69 Love Songs	INDIFFERENT	2:39	amy7LoYNIZA	MPREb_3cj4kXwIqSS	UCf9bscTdSKPtnoK4hHEDzGw
446	Time Enough for Rocking When We're Old	The Magnetic Fields	69 Love Songs	INDIFFERENT	2:04	96Uewy8o8q4	MPREb_3cj4kXwIqSS	UCf9bscTdSKPtnoK4hHEDzGw
447	Very Funny	The Magnetic Fields	69 Love Songs	INDIFFERENT	1:27	jHtQOcfcNaU	MPREb_3cj4kXwIqSS	UCf9bscTdSKPtnoK4hHEDzGw
448	Grand Canyon	The Magnetic Fields	69 Love Songs	INDIFFERENT	2:29	Sc5g16uDZqk	MPREb_3cj4kXwIqSS	UCf9bscTdSKPtnoK4hHEDzGw
449	No One Will Ever Love You	The Magnetic Fields	69 Love Songs	INDIFFERENT	3:15	VNwn-VIkWtE	MPREb_3cj4kXwIqSS	UCf9bscTdSKPtnoK4hHEDzGw
450	If You Don't Cry	The Magnetic Fields	69 Love Songs	INDIFFERENT	3:08	MOa3Xfcf4uE	MPREb_3cj4kXwIqSS	UCf9bscTdSKPtnoK4hHEDzGw
451	You're My Only Home	The Magnetic Fields	69 Love Songs	INDIFFERENT	2:18	mKVbL3VrbzI	MPREb_3cj4kXwIqSS	UCf9bscTdSKPtnoK4hHEDzGw
452	(Crazy for You But) Not That Crazy	The Magnetic Fields	69 Love Songs	INDIFFERENT	2:19	N8zhFcFUcDM	MPREb_3cj4kXwIqSS	UCf9bscTdSKPtnoK4hHEDzGw
453	My Only Friend	The Magnetic Fields	69 Love Songs	INDIFFERENT	2:02	EQBfFo4n9hk	MPREb_3cj4kXwIqSS	UCf9bscTdSKPtnoK4hHEDzGw
454	Promises of Eternity	The Magnetic Fields	69 Love Songs	INDIFFERENT	3:47	j4LytEPNMdY	MPREb_3cj4kXwIqSS	UCf9bscTdSKPtnoK4hHEDzGw
455	World Love	The Magnetic Fields	69 Love Songs	INDIFFERENT	3:08	j012o62DtZY	MPREb_3cj4kXwIqSS	UCf9bscTdSKPtnoK4hHEDzGw
456	Washington, D.C.	The Magnetic Fields	69 Love Songs	INDIFFERENT	1:54	hbvgAA5Rv6g	MPREb_3cj4kXwIqSS	UCf9bscTdSKPtnoK4hHEDzGw
457	Long-Forgotten Fairytale	The Magnetic Fields	69 Love Songs	INDIFFERENT	3:38	dX2mca5whac	MPREb_3cj4kXwIqSS	UCf9bscTdSKPtnoK4hHEDzGw
458	Kiss Me Like You Mean It	The Magnetic Fields	69 Love Songs	INDIFFERENT	2:02	ugQTj1bTP9w	MPREb_3cj4kXwIqSS	UCf9bscTdSKPtnoK4hHEDzGw
459	Papa Was a Rodeo	The Magnetic Fields	69 Love Songs	INDIFFERENT	5:02	_m_EzovsmK4	MPREb_3cj4kXwIqSS	UCf9bscTdSKPtnoK4hHEDzGw
460	Epitaph for My Heart	The Magnetic Fields	69 Love Songs	INDIFFERENT	2:51	qc0K6t6sSgI	MPREb_3cj4kXwIqSS	UCf9bscTdSKPtnoK4hHEDzGw
461	Asleep and Dreaming	The Magnetic Fields	69 Love Songs	INDIFFERENT	1:54	GfjHLJqcDDU	MPREb_3cj4kXwIqSS	UCf9bscTdSKPtnoK4hHEDzGw
462	The Sun Goes Down and the World Goes Dancing	The Magnetic Fields	69 Love Songs	INDIFFERENT	2:47	ujV8QN3-rRQ	MPREb_3cj4kXwIqSS	UCf9bscTdSKPtnoK4hHEDzGw
463	The Way You Say Good-Night	The Magnetic Fields	69 Love Songs	INDIFFERENT	2:45	u_otmaQl-U8	MPREb_3cj4kXwIqSS	UCf9bscTdSKPtnoK4hHEDzGw
464	Abigail, Belle of Kilronan	The Magnetic Fields	69 Love Songs	INDIFFERENT	2:01	cin3RTEnP4c	MPREb_3cj4kXwIqSS	UCf9bscTdSKPtnoK4hHEDzGw
465	I Shatter	The Magnetic Fields	69 Love Songs	INDIFFERENT	3:10	vp5Ijb4anxA	MPREb_3cj4kXwIqSS	UCf9bscTdSKPtnoK4hHEDzGw
466	Underwear	The Magnetic Fields	69 Love Songs	INDIFFERENT	2:50	ofkNRcAV0jk	MPREb_3cj4kXwIqSS	UCf9bscTdSKPtnoK4hHEDzGw
467	It's a Crime	The Magnetic Fields	69 Love Songs	INDIFFERENT	3:55	7ugjxhFYw-0	MPREb_3cj4kXwIqSS	UCf9bscTdSKPtnoK4hHEDzGw
468	Busby Berkeley Dreams	The Magnetic Fields	69 Love Songs	INDIFFERENT	3:37	4K4h0ibwgzg	MPREb_3cj4kXwIqSS	UCf9bscTdSKPtnoK4hHEDzGw
469	I'm Sorry I Love You	The Magnetic Fields	69 Love Songs	INDIFFERENT	3:07	oPGWWGRN3c0	MPREb_3cj4kXwIqSS	UCf9bscTdSKPtnoK4hHEDzGw
470	Acoustic Guitar	The Magnetic Fields	69 Love Songs	INDIFFERENT	2:38	zD6JbtugKDY	MPREb_3cj4kXwIqSS	UCf9bscTdSKPtnoK4hHEDzGw
471	The Death of Ferdinand de Saussure	The Magnetic Fields	69 Love Songs	INDIFFERENT	3:12	vgTMotHNavU	MPREb_3cj4kXwIqSS	UCf9bscTdSKPtnoK4hHEDzGw
472	Love in the Shadows	The Magnetic Fields	69 Love Songs	INDIFFERENT	2:55	9AcThp9nlwg	MPREb_3cj4kXwIqSS	UCf9bscTdSKPtnoK4hHEDzGw
473	Bitter Tears	The Magnetic Fields	69 Love Songs	INDIFFERENT	2:52	32vSh4vMOH0	MPREb_3cj4kXwIqSS	UCf9bscTdSKPtnoK4hHEDzGw
474	Wi' Nae Wee Bairn Ye'll Me Beget	The Magnetic Fields	69 Love Songs	INDIFFERENT	1:56	EbwUUb425nw	MPREb_3cj4kXwIqSS	UCf9bscTdSKPtnoK4hHEDzGw
475	Yeah! Oh, Yeah!	The Magnetic Fields	69 Love Songs	INDIFFERENT	2:20	rtjfqVwXCYw	MPREb_3cj4kXwIqSS	UCf9bscTdSKPtnoK4hHEDzGw
476	Experimental Music Love	The Magnetic Fields	69 Love Songs	INDIFFERENT	0:30	Ql_uwyv3_B8	MPREb_3cj4kXwIqSS	UCf9bscTdSKPtnoK4hHEDzGw
477	Meaningless	The Magnetic Fields	69 Love Songs	INDIFFERENT	2:09	pD_wSdkgaQA	MPREb_3cj4kXwIqSS	UCf9bscTdSKPtnoK4hHEDzGw
478	Love is Like a Bottle of Gin	The Magnetic Fields	69 Love Songs	INDIFFERENT	1:47	Qnf_Ui0nMaw	MPREb_3cj4kXwIqSS	UCf9bscTdSKPtnoK4hHEDzGw
479	Queen of the Savages	The Magnetic Fields	69 Love Songs	INDIFFERENT	2:13	HuXPAAgmFmI	MPREb_3cj4kXwIqSS	UCf9bscTdSKPtnoK4hHEDzGw
480	Blue You	The Magnetic Fields	69 Love Songs	INDIFFERENT	3:04	NHD6uYlxNno	MPREb_3cj4kXwIqSS	UCf9bscTdSKPtnoK4hHEDzGw
481	I Can't Touch You Anymore	The Magnetic Fields	69 Love Songs	INDIFFERENT	3:06	e0QSpFnAd6Y	MPREb_3cj4kXwIqSS	UCf9bscTdSKPtnoK4hHEDzGw
482	Two Kinds of People	The Magnetic Fields	69 Love Songs	INDIFFERENT	1:11	E4nxY_ytEQY	MPREb_3cj4kXwIqSS	UCf9bscTdSKPtnoK4hHEDzGw
483	How to Say Goodbye	The Magnetic Fields	69 Love Songs	INDIFFERENT	2:49	6K1dkm9mXaQ	MPREb_3cj4kXwIqSS	UCf9bscTdSKPtnoK4hHEDzGw
484	The Night You Can't Remember	The Magnetic Fields	69 Love Songs	INDIFFERENT	2:18	-7RFn6Jtt-E	MPREb_3cj4kXwIqSS	UCf9bscTdSKPtnoK4hHEDzGw
485	For We Are the King of the Boudoir	The Magnetic Fields	69 Love Songs	INDIFFERENT	1:15	ybK1L6DPzpo	MPREb_3cj4kXwIqSS	UCf9bscTdSKPtnoK4hHEDzGw
487	Xylophone Track	The Magnetic Fields	69 Love Songs	INDIFFERENT	2:48	KD2ZaGX94es	MPREb_3cj4kXwIqSS	UCf9bscTdSKPtnoK4hHEDzGw
488	Zebra	The Magnetic Fields	69 Love Songs	INDIFFERENT	2:16	qHYvUJyYUXE	MPREb_3cj4kXwIqSS	UCf9bscTdSKPtnoK4hHEDzGw
411	High School Trouble Maker	The Madcaps	The Madcaps	INDIFFERENT	3:29	JtGQKJBpBEs	MPREb_bhTsBqwqE3y	UC7h01KWIGAA1sR6wicuwsFQ
414	Haunted House	The Madcaps	The Madcaps	INDIFFERENT	2:40	Mse2A50wx7M	MPREb_bhTsBqwqE3y	UC7h01KWIGAA1sR6wicuwsFQ
415	Too Good To Be True	The Madcaps	The Madcaps	INDIFFERENT	3:12	UcDv42aMaAQ	MPREb_bhTsBqwqE3y	UC7h01KWIGAA1sR6wicuwsFQ
416	8000 Miles From Home	The Madcaps	The Madcaps	INDIFFERENT	2:58	q15D3RqCYHY	MPREb_bhTsBqwqE3y	UC7h01KWIGAA1sR6wicuwsFQ
418	One Last Hit	The Madcaps	The Madcaps	INDIFFERENT	3:02	IGhuwxLQJ1o	MPREb_bhTsBqwqE3y	UC7h01KWIGAA1sR6wicuwsFQ
419	Nothing To Do	The Madcaps	The Madcaps	INDIFFERENT	3:51	9Yq50lGFa5s	MPREb_bhTsBqwqE3y	UC7h01KWIGAA1sR6wicuwsFQ
397	Incident On South Street	The Lounge Lizards	The Lounge Lizards	INDIFFERENT	3:26	BpLq3kMIthY	MPREb_Q1NRUUXj7by	UCnFG239aBVykKiUQYVqi4-A
399	Do The Wrong Thing	The Lounge Lizards	The Lounge Lizards	INDIFFERENT	2:43	PMxSTfA2OiI	MPREb_Q1NRUUXj7by	UCnFG239aBVykKiUQYVqi4-A
400	Au Contraire Arto	The Lounge Lizards	The Lounge Lizards	INDIFFERENT	3:27	Q-IeokDm_sc	MPREb_Q1NRUUXj7by	UCnFG239aBVykKiUQYVqi4-A
401	Well You Needn't	The Lounge Lizards	The Lounge Lizards	INDIFFERENT	1:59	zYpUQLzvovc	MPREb_Q1NRUUXj7by	UCnFG239aBVykKiUQYVqi4-A
402	Ballad	The Lounge Lizards	The Lounge Lizards	INDIFFERENT	3:26	unzrJ5QHcuk	MPREb_Q1NRUUXj7by	UCnFG239aBVykKiUQYVqi4-A
403	Wangling	The Lounge Lizards	The Lounge Lizards	INDIFFERENT	3:02	f629Nlr6YWM	MPREb_Q1NRUUXj7by	UCnFG239aBVykKiUQYVqi4-A
404	Conquest Of Rar	The Lounge Lizards	The Lounge Lizards	INDIFFERENT	3:18	-6cOrLxpYok	MPREb_Q1NRUUXj7by	UCnFG239aBVykKiUQYVqi4-A
405	Demented	The Lounge Lizards	The Lounge Lizards	INDIFFERENT	2:07	LaOZdWvJaT8	MPREb_Q1NRUUXj7by	UCnFG239aBVykKiUQYVqi4-A
406	I Remember Coney Island	The Lounge Lizards	The Lounge Lizards	INDIFFERENT	3:31	1Asi660DDH4	MPREb_Q1NRUUXj7by	UCnFG239aBVykKiUQYVqi4-A
407	Fatty Walks	The Lounge Lizards	The Lounge Lizards	INDIFFERENT	2:57	Y9HzdTCRQ1o	MPREb_Q1NRUUXj7by	UCnFG239aBVykKiUQYVqi4-A
408	Epistrophy	The Lounge Lizards	The Lounge Lizards	INDIFFERENT	4:18	X_QsyvXsCps	MPREb_Q1NRUUXj7by	UCnFG239aBVykKiUQYVqi4-A
929	The Half-Eaten Sausage Would Like to See You in His Office	The Locust	The Peel Sessions	INDIFFERENT	0:47	kMGhOlS62ck	MPREb_vFkRezHIi7a	UCjYtz0cfGEURXnc2CDNZETQ
930	Kill Roger Hedgecock	The Locust	The Peel Sessions	INDIFFERENT	0:44	naoC4sKlwlo	MPREb_vFkRezHIi7a	UCjYtz0cfGEURXnc2CDNZETQ
934	Cattle Mutilation	The Locust	The Peel Sessions	INDIFFERENT	0:25	Tl8f0wnFAMI	MPREb_vFkRezHIi7a	UCjYtz0cfGEURXnc2CDNZETQ
935	Perils of Believing in Round Squares	The Locust	The Peel Sessions	INDIFFERENT	0:56	DV4gNcgVfAA	MPREb_vFkRezHIi7a	UCjYtz0cfGEURXnc2CDNZETQ
937	Stucco Obelisks Labeled as Trees	The Locust	The Peel Sessions	INDIFFERENT	0:52	I5bsj4NI5hk	MPREb_vFkRezHIi7a	UCjYtz0cfGEURXnc2CDNZETQ
938	Skin Graft at Seventy-Five Miles an Hour	The Locust	The Peel Sessions	INDIFFERENT	0:38	hiVDH-K93HY	MPREb_vFkRezHIi7a	UCjYtz0cfGEURXnc2CDNZETQ
939	Get off the Cross, The Wood Is Needed	The Locust	The Peel Sessions	INDIFFERENT	0:37	3IEaIndY2Ec	MPREb_vFkRezHIi7a	UCjYtz0cfGEURXnc2CDNZETQ
940	Who Wants a Dose of the Clap?	The Locust	The Peel Sessions	INDIFFERENT	0:54	CtKrbJEiy2A	MPREb_vFkRezHIi7a	UCjYtz0cfGEURXnc2CDNZETQ
941	Wet Nurse Syndrome (Hand Me Down Display Case)	The Locust	The Peel Sessions	INDIFFERENT	0:37	dviNgEaPO0s	MPREb_vFkRezHIi7a	UCjYtz0cfGEURXnc2CDNZETQ
385	Surf Beat	The Lively Ones	Surf Rider!	INDIFFERENT	2:29	4y6MHA9Jfvw	MPREb_jQGqxbMQr6a	UCI8utxfA5iCwkVcWG0X0eLA
386	Let's Go Trippin'	The Lively Ones	Surf Rider!	INDIFFERENT	3:04	MxeDk-vbGVg	MPREb_jQGqxbMQr6a	UCI8utxfA5iCwkVcWG0X0eLA
387	Miserlou	The Lively Ones	Surf Rider!	INDIFFERENT	2:32	0wc1dK7NOiM	MPREb_jQGqxbMQr6a	UCI8utxfA5iCwkVcWG0X0eLA
388	Guitar Man (Dance with the Guitar Man)	The Lively Ones	Surf Rider!	INDIFFERENT	2:34	B4i6xVjUMHg	MPREb_jQGqxbMQr6a	UCI8utxfA5iCwkVcWG0X0eLA
389	Caterpillar Crawl	The Lively Ones	Surf Rider!	INDIFFERENT	2:41	zR9gBLN-sAE	MPREb_jQGqxbMQr6a	UCI8utxfA5iCwkVcWG0X0eLA
391	Paradise Cove	The Lively Ones	Surf Rider!	INDIFFERENT	3:51	5AOwbQ__uGM	MPREb_jQGqxbMQr6a	UCI8utxfA5iCwkVcWG0X0eLA
392	Goofy Foot	The Lively Ones	Surf Rider!	INDIFFERENT	3:03	VXqbVerI9u4	MPREb_jQGqxbMQr6a	UCI8utxfA5iCwkVcWG0X0eLA
394	Happy Gremmie	The Lively Ones	Surf Rider!	INDIFFERENT	3:07	CjnxvUwvR8A	MPREb_jQGqxbMQr6a	UCI8utxfA5iCwkVcWG0X0eLA
395	Guitarget (aka Hotdoggin' aka Hotdoggen)	The Lively Ones	Surf Rider!	INDIFFERENT	3:01	boBm0uz4lr8	MPREb_jQGqxbMQr6a	UCI8utxfA5iCwkVcWG0X0eLA
396	Crying Guitar (aka Surfer's Lament)	The Lively Ones	Surf Rider!	INDIFFERENT	2:40	JemNI0k8KN8	MPREb_jQGqxbMQr6a	UCI8utxfA5iCwkVcWG0X0eLA
375	Action Woman	The Litter	Distortions	INDIFFERENT	2:34	ft2NHLvaK38	MPREb_NmjTNyLv73O	UCq_J5AhYN1eO2YecNW-WKxQ
376	Whatcha Gonna Do About It	The Litter	Distortions	INDIFFERENT	2:28	r3sVAZ0FkSI	MPREb_NmjTNyLv73O	UCq_J5AhYN1eO2YecNW-WKxQ
378	Somebody Help Me	The Litter	Distortions	INDIFFERENT	1:56	7hA9rv-GJnE	MPREb_NmjTNyLv73O	UCq_J5AhYN1eO2YecNW-WKxQ
379	Substitute	The Litter	Distortions	INDIFFERENT	4:27	SxcjY7J1xks	MPREb_NmjTNyLv73O	UCq_J5AhYN1eO2YecNW-WKxQ
381	A Legal Matter	The Litter	Distortions	INDIFFERENT	2:48	jzkhgwUTgEQ	MPREb_NmjTNyLv73O	UCq_J5AhYN1eO2YecNW-WKxQ
383	Soul Searchin'	The Litter	Distortions	INDIFFERENT	2:49	_hD113vplGo	MPREb_NmjTNyLv73O	UCq_J5AhYN1eO2YecNW-WKxQ
384	I'm a Man	The Litter	Distortions	INDIFFERENT	3:59	a45lwOxMQfI	MPREb_NmjTNyLv73O	UCq_J5AhYN1eO2YecNW-WKxQ
363	The Absolute Best (Intro)	The Lions	Soul Riot	INDIFFERENT	0:13	zftD2WbtxNI	MPREb_mCWpnnjnNBp	UCU_EThhVadB5gM2a8sDRQnQ
364	"When It Rains feat. Malik ""The Freq"" Moore & Black Shakespeare (feat. Black Shakespeare & Malik the Freq Moore)"	The Lions	Soul Riot	INDIFFERENT	5:16	72Lkun4RG3E	MPREb_mCWpnnjnNBp	UCU_EThhVadB5gM2a8sDRQnQ
367	Feels Good feat. Black Shakespeare (feat. Black Shakespeare)	The Lions	Soul Riot	INDIFFERENT	4:09	JmurlzN1ndg	MPREb_mCWpnnjnNBp	UCU_EThhVadB5gM2a8sDRQnQ
369	"Smoke & Mirrors feat. Malik ""The Freq"" Moore (feat. Malik the Freq Moore)"	The Lions	Soul Riot	INDIFFERENT	3:39	DTs5IV1P78g	MPREb_mCWpnnjnNBp	UCU_EThhVadB5gM2a8sDRQnQ
370	Will You Be My Girl feat. Myron Glasper (feat. Myron Glasper)	The Lions	Soul Riot	INDIFFERENT	4:24	UwcXF6aryN0	MPREb_mCWpnnjnNBp	UCU_EThhVadB5gM2a8sDRQnQ
371	Going Nowhere feat. Alex Désert (feat. Alex Désert)	The Lions	Soul Riot	INDIFFERENT	3:14	kTtCMdbyfrU	MPREb_mCWpnnjnNBp	UCU_EThhVadB5gM2a8sDRQnQ
372	Falling feat. Alex Désert (feat. Alex Désert)	The Lions	Soul Riot	INDIFFERENT	3:27	yfXP4WyXYTw	MPREb_mCWpnnjnNBp	UCU_EThhVadB5gM2a8sDRQnQ
374	Wilder Style feat. Alex Désert (feat. Alex Désert)	The Lions	Soul Riot	INDIFFERENT	3:54	hSJMWEF3QDE	MPREb_mCWpnnjnNBp	UCU_EThhVadB5gM2a8sDRQnQ
359	The Age Of The Understatement (feat. Alex Turner & Miles Kane)	The Last Shadow Puppets	The Age Of The Understatement	INDIFFERENT	3:11	FnclKzgDGjI	MPREb_26fwvrsVwhB	UCgHH2qg9BvDCf8cVxO4PwoQ
360	Two Hearts In Two Weeks (feat. Alex Turner & Miles Kane)	The Last Shadow Puppets	The Age Of The Understatement	INDIFFERENT	2:18	6HWQ6zHN2p4	MPREb_26fwvrsVwhB	UCgHH2qg9BvDCf8cVxO4PwoQ
361	Wondrous Place (feat. Miles Kane & Alex Turner)	The Last Shadow Puppets	The Age Of The Understatement	INDIFFERENT	2:48	u7FBa7PO7Lk	MPREb_26fwvrsVwhB	UCgHH2qg9BvDCf8cVxO4PwoQ
362	In The Heat Of The Morning (feat. Miles Kane & Alex Turner)	The Last Shadow Puppets	The Age Of The Understatement	INDIFFERENT	2:41	qCcIFsoQ_fw	MPREb_26fwvrsVwhB	UCgHH2qg9BvDCf8cVxO4PwoQ
347	Oriental Boulevard	The Ladybug Transistor	The Albemarle Sound	INDIFFERENT	0:23	_a7U78SB6bU	MPREb_kmCZ9XfdRCp	UC0DTkhpNWPDwKk5Zs5xInPw
348	Six Times	The Ladybug Transistor	The Albemarle Sound	INDIFFERENT	4:11	lc3t46X8HfE	MPREb_kmCZ9XfdRCp	UC0DTkhpNWPDwKk5Zs5xInPw
349	Meadowport Arch	The Ladybug Transistor	The Albemarle Sound	INDIFFERENT	2:59	cSFuC5v3ols	MPREb_kmCZ9XfdRCp	UC0DTkhpNWPDwKk5Zs5xInPw
350	Today Knows	The Ladybug Transistor	The Albemarle Sound	INDIFFERENT	3:39	Pf7YyDjW0Dc	MPREb_kmCZ9XfdRCp	UC0DTkhpNWPDwKk5Zs5xInPw
352	Like a Summer Rain	The Ladybug Transistor	The Albemarle Sound	INDIFFERENT	3:10	vmqqCV6tbO0	MPREb_kmCZ9XfdRCp	UC0DTkhpNWPDwKk5Zs5xInPw
355	The Automobile Song	The Ladybug Transistor	The Albemarle Sound	INDIFFERENT	1:36	ygIlc_Ty3YQ	MPREb_kmCZ9XfdRCp	UC0DTkhpNWPDwKk5Zs5xInPw
356	Oceans in the Hall	The Ladybug Transistor	The Albemarle Sound	INDIFFERENT	3:39	TRECuHZIev4	MPREb_kmCZ9XfdRCp	UC0DTkhpNWPDwKk5Zs5xInPw
357	Vale of Cashmere	The Ladybug Transistor	The Albemarle Sound	INDIFFERENT	1:44	rm6pyMZxVqU	MPREb_kmCZ9XfdRCp	UC0DTkhpNWPDwKk5Zs5xInPw
358	Aleida's Theme	The Ladybug Transistor	The Albemarle Sound	INDIFFERENT	4:27	wjlqjCm9gDk	MPREb_kmCZ9XfdRCp	UC0DTkhpNWPDwKk5Zs5xInPw
324	Full of Fire	The Knife	Shaking the Habitual	INDIFFERENT	9:16	cHvi7t8Q8hE	MPREb_HngoQEI2fBb	UCis1bLqVozucj8JQo1bLHHg
326	Without You My Life Would Be Boring	The Knife	Shaking the Habitual	INDIFFERENT	5:14	MW8KU2wO22U	MPREb_HngoQEI2fBb	UCis1bLqVozucj8JQo1bLHHg
327	Wrap Your Arms Around Me	The Knife	Shaking the Habitual	INDIFFERENT	4:35	KP78GEsttq0	MPREb_HngoQEI2fBb	UCis1bLqVozucj8JQo1bLHHg
328	Crake	The Knife	Shaking the Habitual	INDIFFERENT	0:54	WQq1ee21Gbk	MPREb_HngoQEI2fBb	UCis1bLqVozucj8JQo1bLHHg
331	Networking	The Knife	Shaking the Habitual	INDIFFERENT	6:41	NEj6SpuDh4Y	MPREb_HngoQEI2fBb	UCis1bLqVozucj8JQo1bLHHg
332	Oryx	The Knife	Shaking the Habitual	INDIFFERENT	0:36	q6lLPZdRUM0	MPREb_HngoQEI2fBb	UCis1bLqVozucj8JQo1bLHHg
333	Stay Out Here	The Knife	Shaking the Habitual	INDIFFERENT	10:42	bi8CvgbMsV8	MPREb_HngoQEI2fBb	UCis1bLqVozucj8JQo1bLHHg
334	Fracking Fluid Injection	The Knife	Shaking the Habitual	INDIFFERENT	9:54	PXt1DstjdV8	MPREb_HngoQEI2fBb	UCis1bLqVozucj8JQo1bLHHg
335	Ready to Lose	The Knife	Shaking the Habitual	INDIFFERENT	4:35	abqzxZy38cI	MPREb_HngoQEI2fBb	UCis1bLqVozucj8JQo1bLHHg
337	Neverland	The Knife	Silent Shout	INDIFFERENT	3:38	7BeNU5ATG-A	MPREb_gPzeyDHQBsY	UCis1bLqVozucj8JQo1bLHHg
338	The Captain	The Knife	Silent Shout	INDIFFERENT	6:08	Afsp6G8IQHc	MPREb_gPzeyDHQBsY	UCis1bLqVozucj8JQo1bLHHg
339	We Share Our Mothers' Health	The Knife	Silent Shout	INDIFFERENT	4:11	Fie0KrmDCEc	MPREb_gPzeyDHQBsY	UCis1bLqVozucj8JQo1bLHHg
340	Na Na Na	The Knife	Silent Shout	INDIFFERENT	2:27	z9WpzNxXXl8	MPREb_gPzeyDHQBsY	UCis1bLqVozucj8JQo1bLHHg
342	Like A Pen	The Knife	Silent Shout	INDIFFERENT	6:13	C7ZG7o-L860	MPREb_gPzeyDHQBsY	UCis1bLqVozucj8JQo1bLHHg
343	From Off To On	The Knife	Silent Shout	INDIFFERENT	3:58	UUVzCfUUSBg	MPREb_gPzeyDHQBsY	UCis1bLqVozucj8JQo1bLHHg
344	Forest Families	The Knife	Silent Shout	INDIFFERENT	4:08	ouJ3ow5aqX8	MPREb_gPzeyDHQBsY	UCis1bLqVozucj8JQo1bLHHg
345	One Hit	The Knife	Silent Shout	INDIFFERENT	4:27	xq89PdOaw9k	MPREb_gPzeyDHQBsY	UCis1bLqVozucj8JQo1bLHHg
346	Still Light	The Knife	Silent Shout	INDIFFERENT	3:15	Jgl3i3QotqU	MPREb_gPzeyDHQBsY	UCis1bLqVozucj8JQo1bLHHg
220	Victoria	The Kinks	Arthur or the Decline and Fall of the British Empire	INDIFFERENT	3:40	_7UQQBA7kKU	MPREb_a2SieZTPKna	UCsQHS0_Fw1vIXm3TEbPokvA
221	Yes Sir, No Sir	The Kinks	Arthur or the Decline and Fall of the British Empire	INDIFFERENT	3:47	CU_16Ed4q94	MPREb_a2SieZTPKna	UCsQHS0_Fw1vIXm3TEbPokvA
222	Some Mother's Son	The Kinks	Arthur or the Decline and Fall of the British Empire	INDIFFERENT	3:25	3x-tnvxLaq4	MPREb_a2SieZTPKna	UCsQHS0_Fw1vIXm3TEbPokvA
223	Drivin'	The Kinks	Arthur or the Decline and Fall of the British Empire	INDIFFERENT	3:20	AXYDmxUS1Nc	MPREb_a2SieZTPKna	UCsQHS0_Fw1vIXm3TEbPokvA
224	Brainwashed	The Kinks	Arthur or the Decline and Fall of the British Empire	INDIFFERENT	2:35	_NXsolTMe6M	MPREb_a2SieZTPKna	UCsQHS0_Fw1vIXm3TEbPokvA
225	Australia	The Kinks	Arthur or the Decline and Fall of the British Empire	INDIFFERENT	6:46	5F5d6WrEpqg	MPREb_a2SieZTPKna	UCsQHS0_Fw1vIXm3TEbPokvA
226	Shangri-La	The Kinks	Arthur or the Decline and Fall of the British Empire	INDIFFERENT	5:21	B1nkC-Fq3DU	MPREb_a2SieZTPKna	UCsQHS0_Fw1vIXm3TEbPokvA
227	Mr. Churchill Says	The Kinks	Arthur or the Decline and Fall of the British Empire	INDIFFERENT	4:43	pWTndvZrBpA	MPREb_a2SieZTPKna	UCsQHS0_Fw1vIXm3TEbPokvA
228	She's Bought a Hat Like Princess Marina	The Kinks	Arthur or the Decline and Fall of the British Empire	INDIFFERENT	3:08	nHMb9xBPGhs	MPREb_a2SieZTPKna	UCsQHS0_Fw1vIXm3TEbPokvA
229	Young and Innocent Days	The Kinks	Arthur or the Decline and Fall of the British Empire	INDIFFERENT	3:22	6l_k3BHTs1w	MPREb_a2SieZTPKna	UCsQHS0_Fw1vIXm3TEbPokvA
230	Nothing to Say	The Kinks	Arthur or the Decline and Fall of the British Empire	INDIFFERENT	3:09	tV0pTuLHxUM	MPREb_a2SieZTPKna	UCsQHS0_Fw1vIXm3TEbPokvA
231	Arthur	The Kinks	Arthur or the Decline and Fall of the British Empire	INDIFFERENT	5:28	5WOnJBHXv6Q	MPREb_a2SieZTPKna	UCsQHS0_Fw1vIXm3TEbPokvA
232	Party Line (Stereo Mix)	The Kinks	Face to Face (Bonus Track Edition)	INDIFFERENT	2:33	O8rApRZFIsg	MPREb_kPOAoltOsJt	UCsQHS0_Fw1vIXm3TEbPokvA
234	Dandy (Stereo Mix)	The Kinks	Face to Face (Bonus Track Edition)	INDIFFERENT	2:09	i-Bn0ByyOcI	MPREb_kPOAoltOsJt	UCsQHS0_Fw1vIXm3TEbPokvA
235	Too Much on My Mind (Stereo Mix)	The Kinks	Face to Face (Bonus Track Edition)	INDIFFERENT	2:25	_SRp75Cz3wI	MPREb_kPOAoltOsJt	UCsQHS0_Fw1vIXm3TEbPokvA
236	Session Man (Mono Mix)	The Kinks	Face to Face (Bonus Track Edition)	INDIFFERENT	2:12	ZFRkkrU6OFc	MPREb_kPOAoltOsJt	UCsQHS0_Fw1vIXm3TEbPokvA
237	Rainy Day in June (Stereo Mix)	The Kinks	Face to Face (Bonus Track Edition)	INDIFFERENT	3:07	fqo-HwKN_Ac	MPREb_kPOAoltOsJt	UCsQHS0_Fw1vIXm3TEbPokvA
238	House In the Country (Mono Mix)	The Kinks	Face to Face (Bonus Track Edition)	INDIFFERENT	3:00	L72bGGFfIlg	MPREb_kPOAoltOsJt	UCsQHS0_Fw1vIXm3TEbPokvA
239	Holiday in Waikiki (Stereo Mix)	The Kinks	Face to Face (Bonus Track Edition)	INDIFFERENT	2:49	PTpSmxuP8dE	MPREb_kPOAoltOsJt	UCsQHS0_Fw1vIXm3TEbPokvA
240	Most Exclusive Residence for Sale (Stereo Mix)	The Kinks	Face to Face (Bonus Track Edition)	INDIFFERENT	2:46	Ou0671JLicg	MPREb_kPOAoltOsJt	UCsQHS0_Fw1vIXm3TEbPokvA
243	You're Looking Fine (Stereo Mix)	The Kinks	Face to Face (Bonus Track Edition)	INDIFFERENT	2:44	YJAQ6IPdulE	MPREb_kPOAoltOsJt	UCsQHS0_Fw1vIXm3TEbPokvA
245	I'll Remember (Mono Mix)	The Kinks	Face to Face (Bonus Track Edition)	INDIFFERENT	2:24	JzW4bRfTcrE	MPREb_kPOAoltOsJt	UCsQHS0_Fw1vIXm3TEbPokvA
246	I'm Not Like Everybody Else (Mono Mix)	The Kinks	Face to Face (Bonus Track Edition)	INDIFFERENT	3:26	sr44zy31mNs	MPREb_kPOAoltOsJt	UCsQHS0_Fw1vIXm3TEbPokvA
247	Dead End Street (Mono Mix)	The Kinks	Face to Face (Bonus Track Edition)	INDIFFERENT	3:20	RnvHEae69TM	MPREb_kPOAoltOsJt	UCsQHS0_Fw1vIXm3TEbPokvA
248	Big Black Smoke (Stereo Mix)	The Kinks	Face to Face (Bonus Track Edition)	INDIFFERENT	2:32	oJx2ywBCT7o	MPREb_kPOAoltOsJt	UCsQHS0_Fw1vIXm3TEbPokvA
249	Mr. Pleasant	The Kinks	Face to Face (Bonus Track Edition)	INDIFFERENT	2:57	f-1-qRPK1cs	MPREb_kPOAoltOsJt	UCsQHS0_Fw1vIXm3TEbPokvA
250	This Is Where I Belong (Mono Mix)	The Kinks	Face to Face (Bonus Track Edition)	INDIFFERENT	2:22	yjukpC2Wcq8	MPREb_kPOAoltOsJt	UCsQHS0_Fw1vIXm3TEbPokvA
251	Mr. Reporter (Ray Davies Vocal Version)	The Kinks	Face to Face (Bonus Track Edition)	INDIFFERENT	3:55	CRZeAJWXKWw	MPREb_kPOAoltOsJt	UCsQHS0_Fw1vIXm3TEbPokvA
252	Little Women (Backing Track)	The Kinks	Face to Face (Bonus Track Edition)	INDIFFERENT	2:10	e11s-8jnu7o	MPREb_kPOAoltOsJt	UCsQHS0_Fw1vIXm3TEbPokvA
258	Top of the Pops (2020 Stereo Remaster)	The Kinks	Lola Versus Powerman and the Moneygoround, Pt. 1	INDIFFERENT	3:40	6tssXdxOv0s	MPREb_rKuhogewi6l	UCsQHS0_Fw1vIXm3TEbPokvA
259	The Moneygoround (2020 Stereo Remaster)	The Kinks	Lola Versus Powerman and the Moneygoround, Pt. 1	INDIFFERENT	1:49	KXb4t9EkvlU	MPREb_rKuhogewi6l	UCsQHS0_Fw1vIXm3TEbPokvA
261	A Long Way from Home (2020 Stereo Remaster)	The Kinks	Lola Versus Powerman and the Moneygoround, Pt. 1	INDIFFERENT	2:28	lNVA_1gafOA	MPREb_rKuhogewi6l	UCsQHS0_Fw1vIXm3TEbPokvA
265	David Watts	The Kinks	Something Else By The Kinks (Bonus Track Edition)	INDIFFERENT	2:30	o6000EeE6BQ	MPREb_gGd0wNIF7UG	UCsQHS0_Fw1vIXm3TEbPokvA
270	Tin Soldier Man (Stereo Mix)	The Kinks	Something Else By The Kinks (Bonus Track Edition)	INDIFFERENT	2:47	aB875aZdWFE	MPREb_gGd0wNIF7UG	UCsQHS0_Fw1vIXm3TEbPokvA
272	Love Me Till the Sun Shines (Stereo Mix)	The Kinks	Something Else By The Kinks (Bonus Track Edition)	INDIFFERENT	3:14	HI1b2X_bHWE	MPREb_gGd0wNIF7UG	UCsQHS0_Fw1vIXm3TEbPokvA
275	Funny Face (Stereo Mix)	The Kinks	Something Else By The Kinks (Bonus Track Edition)	INDIFFERENT	2:15	cT2mZYb4EnU	MPREb_gGd0wNIF7UG	UCsQHS0_Fw1vIXm3TEbPokvA
280	Susannah's Still Alive (Mono Mix)	The Kinks	Something Else By The Kinks (Bonus Track Edition)	INDIFFERENT	2:20	0JrDkMmfSRQ	MPREb_gGd0wNIF7UG	UCsQHS0_Fw1vIXm3TEbPokvA
282	Polly	The Kinks	Something Else By The Kinks (Bonus Track Edition)	INDIFFERENT	2:49	N9baI8v-ghQ	MPREb_gGd0wNIF7UG	UCsQHS0_Fw1vIXm3TEbPokvA
283	Lincoln County (Mono Mix)	The Kinks	Something Else By The Kinks (Bonus Track Edition)	INDIFFERENT	3:09	V2HiIFxwSFo	MPREb_gGd0wNIF7UG	UCsQHS0_Fw1vIXm3TEbPokvA
289	Johnny Thunder (2018 Stereo Remaster)	The Kinks	The Kinks Are The Village Green Preservation Society (2018 Stereo Remaster)	INDIFFERENT	2:34	aWYlqmqPyVk	MPREb_wESxwGTVce7	UCsQHS0_Fw1vIXm3TEbPokvA
290	Last of the Steam-Powered Trains (2018 Stereo Remaster)	The Kinks	The Kinks Are The Village Green Preservation Society (2018 Stereo Remaster)	INDIFFERENT	4:14	kyqCbhNTbwA	MPREb_wESxwGTVce7	UCsQHS0_Fw1vIXm3TEbPokvA
293	Animal Farm (2018 Stereo Remaster)	The Kinks	The Kinks Are The Village Green Preservation Society (2018 Stereo Remaster)	INDIFFERENT	3:02	pF6_QMC2wpc	MPREb_wESxwGTVce7	UCsQHS0_Fw1vIXm3TEbPokvA
298	Wicked Annabella (2018 Stereo Remaster)	The Kinks	The Kinks Are The Village Green Preservation Society (2018 Stereo Remaster)	INDIFFERENT	2:46	38yuny7lSls	MPREb_wESxwGTVce7	UCsQHS0_Fw1vIXm3TEbPokvA
300	People Take Pictures of Each Other (2018 Stereo Remaster)	The Kinks	The Kinks Are The Village Green Preservation Society (2018 Stereo Remaster)	INDIFFERENT	2:12	BCz0oYrWLdA	MPREb_wESxwGTVce7	UCsQHS0_Fw1vIXm3TEbPokvA
194	Anala	The King Khan & BBQ Show	Invisible Girl	INDIFFERENT	2:55	vC8knHms19E	MPREb_YcIn1gJi0ol	UCRq4R0Kpaizm6qyKXc-5FoA
195	Invisible Girl	The King Khan & BBQ Show	Invisible Girl	INDIFFERENT	4:00	f3sSZ6jq3NE	MPREb_YcIn1gJi0ol	UCRq4R0Kpaizm6qyKXc-5FoA
197	Animal Party	The King Khan & BBQ Show	Invisible Girl	INDIFFERENT	3:37	eb8wdmcOK7I	MPREb_YcIn1gJi0ol	UCRq4R0Kpaizm6qyKXc-5FoA
198	Spin The Bottle	The King Khan & BBQ Show	Invisible Girl	INDIFFERENT	3:17	fVJ-ImtB-Tk	MPREb_YcIn1gJi0ol	UCRq4R0Kpaizm6qyKXc-5FoA
200	Tastebuds	The King Khan & BBQ Show	Invisible Girl	INDIFFERENT	3:21	PhirGOqdyi0	MPREb_YcIn1gJi0ol	UCRq4R0Kpaizm6qyKXc-5FoA
201	Truth Or Dare	The King Khan & BBQ Show	Invisible Girl	INDIFFERENT	2:38	HgZt_0kleeU	MPREb_YcIn1gJi0ol	UCRq4R0Kpaizm6qyKXc-5FoA
202	Crystal Ball	The King Khan & BBQ Show	Invisible Girl	INDIFFERENT	4:07	Rs-mSpMvY-k	MPREb_YcIn1gJi0ol	UCRq4R0Kpaizm6qyKXc-5FoA
203	Lonely Boy	The King Khan & BBQ Show	Invisible Girl	INDIFFERENT	2:29	fxmsHZWwe_Q	MPREb_YcIn1gJi0ol	UCRq4R0Kpaizm6qyKXc-5FoA
205	Do The Chop	The King Khan & BBQ Show	Invisible Girl	INDIFFERENT	4:15	MDOXqDdS1WA	MPREb_YcIn1gJi0ol	UCRq4R0Kpaizm6qyKXc-5FoA
206	Treat Me Like A Dog	The King Khan & BBQ Show	What's For Dinner?	INDIFFERENT	3:55	mUYbQpJJlBI	MPREb_QI4eKSf68oi	UCRq4R0Kpaizm6qyKXc-5FoA
208	Zombies	The King Khan & BBQ Show	What's For Dinner?	INDIFFERENT	2:08	yLmPaTJV2gw	MPREb_QI4eKSf68oi	UCRq4R0Kpaizm6qyKXc-5FoA
209	Dock It #8	The King Khan & BBQ Show	What's For Dinner?	INDIFFERENT	2:52	DvWHiSDREQo	MPREb_QI4eKSf68oi	UCRq4R0Kpaizm6qyKXc-5FoA
212	Too Much In Love	The King Khan & BBQ Show	What's For Dinner?	INDIFFERENT	3:20	cphaZm-9bD8	MPREb_QI4eKSf68oi	UCRq4R0Kpaizm6qyKXc-5FoA
213	Learn My Language	The King Khan & BBQ Show	What's For Dinner?	INDIFFERENT	0:15	39EcrPivwe0	MPREb_QI4eKSf68oi	UCRq4R0Kpaizm6qyKXc-5FoA
214	Blow My Top	The King Khan & BBQ Show	What's For Dinner?	INDIFFERENT	3:50	tThc6vwkwgw	MPREb_QI4eKSf68oi	UCRq4R0Kpaizm6qyKXc-5FoA
216	Operation	The King Khan & BBQ Show	What's For Dinner?	INDIFFERENT	1:33	Wv_iMA73C-4	MPREb_QI4eKSf68oi	UCRq4R0Kpaizm6qyKXc-5FoA
217	The Ballad Of...	The King Khan & BBQ Show	What's For Dinner?	INDIFFERENT	2:45	pTFbyTJKrEk	MPREb_QI4eKSf68oi	UCRq4R0Kpaizm6qyKXc-5FoA
218	What's For Dinner?	The King Khan & BBQ Show	What's For Dinner?	INDIFFERENT	2:27	rwWj9HykX4A	MPREb_QI4eKSf68oi	UCRq4R0Kpaizm6qyKXc-5FoA
219	Suck It And Smell	The King Khan & BBQ Show	What's For Dinner?	INDIFFERENT	2:31	m22z0npkLsY	MPREb_QI4eKSf68oi	UCRq4R0Kpaizm6qyKXc-5FoA
174	All is One	The Kilimanjaro Darkjazz Ensemble	From the Stairwell	INDIFFERENT	5:22	2ij5NUf8xPQ	MPREb_jsEst6erine	UCCOfI7bSteogcp8KW2tSrgg
176	White Eyes	The Kilimanjaro Darkjazz Ensemble	From the Stairwell	INDIFFERENT	8:28	uKm7qHhNrKc	MPREb_jsEst6erine	UCCOfI7bSteogcp8KW2tSrgg
177	Cocaine	The Kilimanjaro Darkjazz Ensemble	From the Stairwell	INDIFFERENT	11:28	iYifc1e95bY	MPREb_jsEst6erine	UCCOfI7bSteogcp8KW2tSrgg
178	Celladoor	The Kilimanjaro Darkjazz Ensemble	From the Stairwell	INDIFFERENT	7:16	SjR18A8A1D0	MPREb_jsEst6erine	UCCOfI7bSteogcp8KW2tSrgg
179	Cotard Delusion	The Kilimanjaro Darkjazz Ensemble	From the Stairwell	INDIFFERENT	5:46	q8pq_6AZ80w	MPREb_jsEst6erine	UCCOfI7bSteogcp8KW2tSrgg
181	Past Midnight	The Kilimanjaro Darkjazz Ensemble	From the Stairwell	INDIFFERENT	12:02	uAzKHWnbRU4	MPREb_jsEst6erine	UCCOfI7bSteogcp8KW2tSrgg
301	Brooklyn to Atlantic City	The KLF & The Justified Ancients of Mu Mu	Come Down Dawn	INDIFFERENT	3:31	zXVMLX0PhQU	MPREb_nsO0nwgpmsV	
302	Atlantic City to Philadelphia	The KLF & The Justified Ancients of Mu Mu	Come Down Dawn	INDIFFERENT	2:41	H-Zk2rbnrQo	MPREb_nsO0nwgpmsV	
303	Philadelphia to Baltimore	The KLF & The Justified Ancients of Mu Mu	Come Down Dawn	INDIFFERENT	2:38	k5-SmIMclyM	MPREb_nsO0nwgpmsV	
304	Baltimore to Fair Play	The KLF & The Justified Ancients of Mu Mu	Come Down Dawn	INDIFFERENT	7:45	7D9aarWP8Ts	MPREb_nsO0nwgpmsV	
305	Fair Play to North Druid Hills	The KLF & The Justified Ancients of Mu Mu	Come Down Dawn	INDIFFERENT	1:04	ji5IlWXrbQA	MPREb_nsO0nwgpmsV	
306	North Druid Hills to Atlanta	The KLF & The Justified Ancients of Mu Mu	Come Down Dawn	INDIFFERENT	3:37	peNnZROK72A	MPREb_nsO0nwgpmsV	
307	Atlanta to Mobile	The KLF & The Justified Ancients of Mu Mu	Come Down Dawn	INDIFFERENT	7:15	gpzdvnGjGIg	MPREb_nsO0nwgpmsV	
308	Mobile to Houston	The KLF & The Justified Ancients of Mu Mu	Come Down Dawn	INDIFFERENT	2:11	ilfRAgQSwmc	MPREb_nsO0nwgpmsV	
309	Houston to Laredo	The KLF & The Justified Ancients of Mu Mu	Come Down Dawn	INDIFFERENT	2:17	ui0BMYeuuGs	MPREb_nsO0nwgpmsV	
310	Laredo to El Prado	The KLF & The Justified Ancients of Mu Mu	Come Down Dawn	INDIFFERENT	1:29	aA1ZhOpcRbY	MPREb_nsO0nwgpmsV	
311	El Prado to San Rafael	The KLF & The Justified Ancients of Mu Mu	Come Down Dawn	INDIFFERENT	1:38	07qcddSpSNw	MPREb_nsO0nwgpmsV	
312	San Rafael to Mexico City	The KLF & The Justified Ancients of Mu Mu	Come Down Dawn	INDIFFERENT	2:49	f2dgQOMtrls	MPREb_nsO0nwgpmsV	
313	Go To Sleep	The KLF	The White Room (Director's Cut)	INDIFFERENT	3:16	nEgiB2ky8UY	MPREb_eWMQvXcJGge	UC9ZC5dAFQbAddJAP8FXWWiw
315	Madrugada Eterna (Club Mix)	The KLF	The White Room (Director's Cut)	INDIFFERENT	3:02	Z2ZBSv3IpM0	MPREb_eWMQvXcJGge	UC9ZC5dAFQbAddJAP8FXWWiw
316	Church of The KLF	The KLF	The White Room (Director's Cut)	INDIFFERENT	1:43	zrdserlOZ9I	MPREb_eWMQvXcJGge	UC9ZC5dAFQbAddJAP8FXWWiw
317	Last Train To Trancentral (da Force, Over & Out)	The KLF	The White Room (Director's Cut)	INDIFFERENT	5:50	tGn3AdlbQVo	MPREb_eWMQvXcJGge	UC9ZC5dAFQbAddJAP8FXWWiw
318	Build A Fire	The KLF	The White Room (Director's Cut)	INDIFFERENT	4:42	P1LX1bpzl1c	MPREb_eWMQvXcJGge	UC9ZC5dAFQbAddJAP8FXWWiw
319	The White Room	The KLF	The White Room (Director's Cut)	INDIFFERENT	3:47	l607eRDeyrs	MPREb_eWMQvXcJGge	UC9ZC5dAFQbAddJAP8FXWWiw
320	No More Tears	The KLF	The White Room (Director's Cut)	INDIFFERENT	9:22	RfqNXJpoYm0	MPREb_eWMQvXcJGge	UC9ZC5dAFQbAddJAP8FXWWiw
321	The Lover's Side	The KLF	The White Room (Director's Cut)	INDIFFERENT	3:55	Yx9ww5_HYNE	MPREb_eWMQvXcJGge	UC9ZC5dAFQbAddJAP8FXWWiw
322	Justified & Ancient (Black Steel joins The JAMs)	The KLF	The White Room (Director's Cut)	INDIFFERENT	4:44	MgGBivfWSV0	MPREb_eWMQvXcJGge	UC9ZC5dAFQbAddJAP8FXWWiw
157	Taste of Cindy	The Jesus and Mary Chain	Psychocandy	INDIFFERENT	1:42	T3VNM9IKBVI	MPREb_hJmBMS3Beon	UC3BSmOs3GSRju0LzinlrsJA
158	Sowing Seeds	The Jesus and Mary Chain	Psychocandy	INDIFFERENT	2:50	gGTM1A1k6aM	MPREb_hJmBMS3Beon	UC3BSmOs3GSRju0LzinlrsJA
160	It's So Hard	The Jesus and Mary Chain	Psychocandy	INDIFFERENT	2:36	UmdXQpwAzVQ	MPREb_hJmBMS3Beon	UC3BSmOs3GSRju0LzinlrsJA
143	Blues From A Gun	The Jesus And Mary Chain	Automatic [Remastered Re-issue]	INDIFFERENT	4:45	esJhhZk-BqE	MPREb_Nlh2SGKdmwh	UC3BSmOs3GSRju0LzinlrsJA
145	Uv Ray	The Jesus And Mary Chain	Automatic [Remastered Re-issue]	INDIFFERENT	4:07	broW3iz6sxA	MPREb_Nlh2SGKdmwh	UC3BSmOs3GSRju0LzinlrsJA
146	Her Way Of Praying	The Jesus And Mary Chain	Automatic [Remastered Re-issue]	INDIFFERENT	3:47	A9pMerco4jc	MPREb_Nlh2SGKdmwh	UC3BSmOs3GSRju0LzinlrsJA
148	Take It	The Jesus And Mary Chain	Automatic [Remastered Re-issue]	INDIFFERENT	4:35	AG0oLTxjBo8	MPREb_Nlh2SGKdmwh	UC3BSmOs3GSRju0LzinlrsJA
151	Drop	The Jesus And Mary Chain	Automatic [Remastered Re-issue]	INDIFFERENT	1:59	Qa-B0_cX5pw	MPREb_Nlh2SGKdmwh	UC3BSmOs3GSRju0LzinlrsJA
152	Sunray	The Jesus And Mary Chain	Automatic [Remastered Re-issue]	INDIFFERENT	1:35	_pMsKw-pw14	MPREb_Nlh2SGKdmwh	UC3BSmOs3GSRju0LzinlrsJA
134	Monday	The Jam	Sound Affects	INDIFFERENT	2:57	CsPyc6f4TxU	MPREb_ot5QxzzL8mk	UC4hjKDPaNEyQ0xoolv3GIMg
135	Set The House Ablaze	The Jam	Sound Affects	INDIFFERENT	5:00	BImYpBpSd7w	MPREb_ot5QxzzL8mk	UC4hjKDPaNEyQ0xoolv3GIMg
137	That's Entertainment	The Jam	Sound Affects	INDIFFERENT	3:32	vZB3Q9ERtl4	MPREb_ot5QxzzL8mk	UC4hjKDPaNEyQ0xoolv3GIMg
138	Man In The Corner Shop	The Jam	Sound Affects	INDIFFERENT	3:11	X5eb74vBl2I	MPREb_ot5QxzzL8mk	UC4hjKDPaNEyQ0xoolv3GIMg
139	Music For The Last Couple	The Jam	Sound Affects	INDIFFERENT	3:42	NUeS9AYxDD0	MPREb_ot5QxzzL8mk	UC4hjKDPaNEyQ0xoolv3GIMg
140	Scrape Away	The Jam	Sound Affects	INDIFFERENT	4:00	KUed84hjXM8	MPREb_ot5QxzzL8mk	UC4hjKDPaNEyQ0xoolv3GIMg
117	Don't Let Me Be Lonely Tonight	The Isley Brothers	3+3	INDIFFERENT	4:03	xsGb6Vjkut4	MPREb_KtDnu3dpbkz	UC19gd7AQcPkrcFH8w8BYO7w
118	If You Were There	The Isley Brothers	3+3	INDIFFERENT	3:23	Cdeni-nhwSY	MPREb_KtDnu3dpbkz	UC19gd7AQcPkrcFH8w8BYO7w
119	You Walk Your Way	The Isley Brothers	3+3	INDIFFERENT	3:06	5klEpfkflyQ	MPREb_KtDnu3dpbkz	UC19gd7AQcPkrcFH8w8BYO7w
122	Sunshine (Go Away Today)	The Isley Brothers	3+3	INDIFFERENT	4:23	vQGSDh0y7nA	MPREb_KtDnu3dpbkz	UC19gd7AQcPkrcFH8w8BYO7w
124	The Highways of My Life	The Isley Brothers	3+3	INDIFFERENT	4:18	LDCN68X7Wy4	MPREb_KtDnu3dpbkz	UC19gd7AQcPkrcFH8w8BYO7w
127	The Highways of My Life (Single Version)	The Isley Brothers	3+3	INDIFFERENT	3:21	TjBTgqScPHg	MPREb_KtDnu3dpbkz	UC19gd7AQcPkrcFH8w8BYO7w
128	Sunshine (Go Away Today) (SQ-Quad Mix)	The Isley Brothers	3+3	INDIFFERENT	4:33	CyBoryOlg98	MPREb_KtDnu3dpbkz	UC19gd7AQcPkrcFH8w8BYO7w
130	That Lady (Interview, Pt. 1)	The Isley Brothers	3+3	INDIFFERENT	6:34	ZKoPTrOR4lI	MPREb_KtDnu3dpbkz	UC19gd7AQcPkrcFH8w8BYO7w
133	The Highways of My Life (Interview, Pt. 4)	The Isley Brothers	3+3	INDIFFERENT	3:26	XCDKtBbOCzc	MPREb_KtDnu3dpbkz	UC19gd7AQcPkrcFH8w8BYO7w
93	Under Control	The Internet	Ego Death	INDIFFERENT	4:05	sG5bCSLDF8M	MPREb_0BzYIapZjcz	UCV47BDFlKr2OCNLrAyj7ATQ
94	Go with It (feat. Vic Mensa)	The Internet	Ego Death	INDIFFERENT	4:27	SHeyn79Oq28	MPREb_0BzYIapZjcz	UCV47BDFlKr2OCNLrAyj7ATQ
96	For the World (feat. James Fauntleroy)	The Internet	Ego Death	INDIFFERENT	3:24	yt1I-COevxc	MPREb_0BzYIapZjcz	UCV47BDFlKr2OCNLrAyj7ATQ
98	Special Affair	The Internet	Ego Death	INDIFFERENT	2:57	X3qxEcVp0JE	MPREb_0BzYIapZjcz	UCV47BDFlKr2OCNLrAyj7ATQ
99	Somthing's Missing	The Internet	Ego Death	INDIFFERENT	6:20	cut1o6buefk	MPREb_0BzYIapZjcz	UCV47BDFlKr2OCNLrAyj7ATQ
100	Partners in Crime Part Three	The Internet	Ego Death	INDIFFERENT	3:23	zaDkOfvwWzc	MPREb_0BzYIapZjcz	UCV47BDFlKr2OCNLrAyj7ATQ
101	Penthouse Cloud	The Internet	Ego Death	INDIFFERENT	4:45	Kg6iQCCBTlE	MPREb_0BzYIapZjcz	UCV47BDFlKr2OCNLrAyj7ATQ
102	Palace/Curse (feat. Steve Lacy, Tyler, The Creator, Tyler & The Creator)	The Internet	Ego Death	INDIFFERENT	7:21	Uml5YDmbiQw	MPREb_0BzYIapZjcz	UCV47BDFlKr2OCNLrAyj7ATQ
103	Come Together	The Internet	Hive Mind	INDIFFERENT	3:41	86CYfaLrq0o	MPREb_dmCI4yQHTku	UCV47BDFlKr2OCNLrAyj7ATQ
105	Come Over	The Internet	Hive Mind	INDIFFERENT	5:22	UPCwQnGPByA	MPREb_dmCI4yQHTku	UCV47BDFlKr2OCNLrAyj7ATQ
106	La Di Da	The Internet	Hive Mind	INDIFFERENT	3:28	T6oxNNQDHmI	MPREb_dmCI4yQHTku	UCV47BDFlKr2OCNLrAyj7ATQ
107	Stay the Night	The Internet	Hive Mind	INDIFFERENT	4:22	KYXmcQWyjnM	MPREb_dmCI4yQHTku	UCV47BDFlKr2OCNLrAyj7ATQ
108	Bravo	The Internet	Hive Mind	INDIFFERENT	3:27	8p6B13sB_ng	MPREb_dmCI4yQHTku	UCV47BDFlKr2OCNLrAyj7ATQ
109	Mood	The Internet	Hive Mind	INDIFFERENT	3:19	2vZDVpf7-tM	MPREb_dmCI4yQHTku	UCV47BDFlKr2OCNLrAyj7ATQ
111	It Gets Better (With Time)	The Internet	Hive Mind	INDIFFERENT	5:27	vZ-k-jrwxaU	MPREb_dmCI4yQHTku	UCV47BDFlKr2OCNLrAyj7ATQ
112	Look What U Started	The Internet	Hive Mind	INDIFFERENT	4:31	frCrBTtumyg	MPREb_dmCI4yQHTku	UCV47BDFlKr2OCNLrAyj7ATQ
113	Wanna Be	The Internet	Hive Mind	INDIFFERENT	4:28	5mVCI0794LY	MPREb_dmCI4yQHTku	UCV47BDFlKr2OCNLrAyj7ATQ
114	Beat Goes On	The Internet	Hive Mind	INDIFFERENT	4:17	XDDQQpw1KAo	MPREb_dmCI4yQHTku	UCV47BDFlKr2OCNLrAyj7ATQ
81	The Things That Dreams Are Made Of (2002 Mix)	The Human League	Dare!	INDIFFERENT	4:18	20VqCqnwGug	MPREb_VI5b2xRmBXd	UCrg2H-AeXXcZg_TZ8QBRTKw
82	Open Your Heart (2002 Mix)	The Human League	Dare!	INDIFFERENT	3:57	A3piBXsgH18	MPREb_VI5b2xRmBXd	UCrg2H-AeXXcZg_TZ8QBRTKw
83	The Sound Of The Crowd (2002 Mix)	The Human League	Dare!	INDIFFERENT	4:07	uoxOTh6zzHU	MPREb_VI5b2xRmBXd	UCrg2H-AeXXcZg_TZ8QBRTKw
85	Do Or Die (Remaster 2002)	The Human League	Dare!	INDIFFERENT	5:26	jP97Hc1tavY	MPREb_VI5b2xRmBXd	UCrg2H-AeXXcZg_TZ8QBRTKw
86	Get Carter (Remaster 2002)	The Human League	Dare!	INDIFFERENT	1:03	RyIwBZsWVQA	MPREb_VI5b2xRmBXd	UCrg2H-AeXXcZg_TZ8QBRTKw
87	I Am The Law (Remaster 2002)	The Human League	Dare!	INDIFFERENT	4:09	MJUwh0Rsym0	MPREb_VI5b2xRmBXd	UCrg2H-AeXXcZg_TZ8QBRTKw
89	Love Action (I Believe In Love)	The Human League	Dare!	INDIFFERENT	5:02	Z0kDRmeJm1Q	MPREb_VI5b2xRmBXd	UCrg2H-AeXXcZg_TZ8QBRTKw
62	Three Decades	The Horrors	Primary Colours	INDIFFERENT	2:50	0CH1H9wP2tU	MPREb_TadgeCl9w8C	UCDwDPWxlTisVB5HeS11EeVw
63	Who Can Say	The Horrors	Primary Colours	INDIFFERENT	3:42	TnHVCh6sBKA	MPREb_TadgeCl9w8C	UCDwDPWxlTisVB5HeS11EeVw
65	New Ice Age	The Horrors	Primary Colours	INDIFFERENT	4:26	GPQbcyXd9UE	MPREb_TadgeCl9w8C	UCDwDPWxlTisVB5HeS11EeVw
68	I Can’t Control Myself	The Horrors	Primary Colours	INDIFFERENT	3:28	vZzvxidQxPE	MPREb_TadgeCl9w8C	UCDwDPWxlTisVB5HeS11EeVw
69	Primary Colours	The Horrors	Primary Colours	INDIFFERENT	3:02	HWcXnX5AqUM	MPREb_TadgeCl9w8C	UCDwDPWxlTisVB5HeS11EeVw
73	I Can See Through You	The Horrors	Skying	INDIFFERENT	4:18	Pm8r0TzJqmE	MPREb_eRPN35SboZv	UCDwDPWxlTisVB5HeS11EeVw
77	Wild Eyed	The Horrors	Skying	INDIFFERENT	4:05	6wQWZ4KZvXE	MPREb_eRPN35SboZv	UCDwDPWxlTisVB5HeS11EeVw
79	Monica Gems	The Horrors	Skying	INDIFFERENT	4:29	WOAyizJUBXk	MPREb_eRPN35SboZv	UCDwDPWxlTisVB5HeS11EeVw
27	The Hives-Declare Guerre Nucleaire	The Hives	Veni Vidi Vicious	INDIFFERENT	1:36	Tt1dim_auag	MPREb_ovychE9dQgT	UCELR12iIiikEonZtw39CvLQ
28	Die, All Right!	The Hives	Veni Vidi Vicious	INDIFFERENT	2:47	4nrQ2kXjdHQ	MPREb_ovychE9dQgT	UCELR12iIiikEonZtw39CvLQ
29	A Get Together To Tear It Apart	The Hives	Veni Vidi Vicious	INDIFFERENT	1:52	KyhMMq_oAAA	MPREb_ovychE9dQgT	UCELR12iIiikEonZtw39CvLQ
30	Main Offender	The Hives	Veni Vidi Vicious	INDIFFERENT	2:34	k9V5PO7VdRw	MPREb_ovychE9dQgT	UCELR12iIiikEonZtw39CvLQ
31	Outsmarted	The Hives	Veni Vidi Vicious	INDIFFERENT	2:22	DnEABrvd_vI	MPREb_ovychE9dQgT	UCELR12iIiikEonZtw39CvLQ
32	Hate To Say I Told You So	The Hives	Veni Vidi Vicious	INDIFFERENT	3:20	CW1JikiLLIg	MPREb_ovychE9dQgT	UCELR12iIiikEonZtw39CvLQ
33	The Hives-Introduce the Metric System In Time	The Hives	Veni Vidi Vicious	INDIFFERENT	2:07	8gwZNuTCt08	MPREb_ovychE9dQgT	UCELR12iIiikEonZtw39CvLQ
34	Find Another Girl	The Hives	Veni Vidi Vicious	INDIFFERENT	3:13	YcGxa3v503k	MPREb_ovychE9dQgT	UCELR12iIiikEonZtw39CvLQ
35	Statecontrol	The Hives	Veni Vidi Vicious	INDIFFERENT	1:54	l18EkPm_EsE	MPREb_ovychE9dQgT	UCELR12iIiikEonZtw39CvLQ
36	Inspection Wise 1999	The Hives	Veni Vidi Vicious	INDIFFERENT	1:37	CgmEr42oVgI	MPREb_ovychE9dQgT	UCELR12iIiikEonZtw39CvLQ
37	Knock Knock	The Hives	Veni Vidi Vicious	INDIFFERENT	2:11	fiRZ0_Bt2TQ	MPREb_ovychE9dQgT	UCELR12iIiikEonZtw39CvLQ
38	Supply And Demand	The Hives	Veni Vidi Vicious	INDIFFERENT	2:27	sJefwHAGCNU	MPREb_ovychE9dQgT	UCELR12iIiikEonZtw39CvLQ
18	Consumed	The Haxan Cloak	Excavation	INDIFFERENT	1:39	bMaPHHB5E00	MPREb_6QH29QKHZ8s	UCblM0vLMfs4DSZCOMbLrDyw
19	Excavation (Part 1)	The Haxan Cloak	Excavation	INDIFFERENT	8:09	MIXzrf3m0D8	MPREb_6QH29QKHZ8s	UCblM0vLMfs4DSZCOMbLrDyw
20	Excavation (Part 2)	The Haxan Cloak	Excavation	INDIFFERENT	4:13	zjEfg1JWviw	MPREb_6QH29QKHZ8s	UCblM0vLMfs4DSZCOMbLrDyw
22	Miste	The Haxan Cloak	Excavation	INDIFFERENT	5:37	fby7G4zJH4Q	MPREb_6QH29QKHZ8s	UCblM0vLMfs4DSZCOMbLrDyw
23	The Mirror Reflecting (Part 1)	The Haxan Cloak	Excavation	INDIFFERENT	3:10	KP2XrDphgd4	MPREb_6QH29QKHZ8s	UCblM0vLMfs4DSZCOMbLrDyw
24	The Mirror Reflecting (Part 2)	The Haxan Cloak	Excavation	INDIFFERENT	7:07	9Rzw8MHYbUs	MPREb_6QH29QKHZ8s	UCblM0vLMfs4DSZCOMbLrDyw
26	The Drop	The Haxan Cloak	Excavation	INDIFFERENT	12:57	zRjJQBAbDAk	MPREb_6QH29QKHZ8s	UCblM0vLMfs4DSZCOMbLrDyw
2	When Friends Fall Out	The Guess Who	American Woman	INDIFFERENT	3:04	lhuQ7IxaXH8	MPREb_UD7BMC1Hso8	UCeJzOtrRt4ToYZj336gNElg
3	8:15	The Guess Who	American Woman	INDIFFERENT	3:31	AuzsLhL4l0I	MPREb_UD7BMC1Hso8	UCeJzOtrRt4ToYZj336gNElg
4	Proper Stranger	The Guess Who	American Woman	INDIFFERENT	4:07	6CUcXH2wXlQ	MPREb_UD7BMC1Hso8	UCeJzOtrRt4ToYZj336gNElg
5	Humpty's Blues / American Woman (Epilogue)	The Guess Who	American Woman	INDIFFERENT	6:11	VWs9mnHDvv0	MPREb_UD7BMC1Hso8	UCeJzOtrRt4ToYZj336gNElg
7	No Time	The Guess Who	Canned Wheat	INDIFFERENT	5:36	Gzlq_aEJ008	MPREb_1mOrnHi55kj	UCeJzOtrRt4ToYZj336gNElg
8	Minstrel Boy	The Guess Who	Canned Wheat	INDIFFERENT	3:19	I9ZiaQhBKaE	MPREb_1mOrnHi55kj	UCeJzOtrRt4ToYZj336gNElg
9	Laughing	The Guess Who	Canned Wheat	INDIFFERENT	3:06	Bvzdtn43vnI	MPREb_1mOrnHi55kj	UCeJzOtrRt4ToYZj336gNElg
10	Undun	The Guess Who	Canned Wheat	INDIFFERENT	4:18	zHKqPSAchcU	MPREb_1mOrnHi55kj	UCeJzOtrRt4ToYZj336gNElg
11	6 A.M. or Nearer	The Guess Who	Canned Wheat	INDIFFERENT	5:25	Az4BxpyztTw	MPREb_1mOrnHi55kj	UCeJzOtrRt4ToYZj336gNElg
12	Old Joe	The Guess Who	Canned Wheat	INDIFFERENT	2:58	9tgYnorAxic	MPREb_1mOrnHi55kj	UCeJzOtrRt4ToYZj336gNElg
13	Of a Dropping Pin	The Guess Who	Canned Wheat	INDIFFERENT	3:43	0aQEX87tCcs	MPREb_1mOrnHi55kj	UCeJzOtrRt4ToYZj336gNElg
14	Key	The Guess Who	Canned Wheat	INDIFFERENT	11:17	7l3NgAuQGl0	MPREb_1mOrnHi55kj	UCeJzOtrRt4ToYZj336gNElg
15	Fair Warning	The Guess Who	Canned Wheat	INDIFFERENT	1:46	Glk8Q2OjhMk	MPREb_1mOrnHi55kj	UCeJzOtrRt4ToYZj336gNElg
16	Species Hawk (Outtake - 1970)	The Guess Who	Canned Wheat	INDIFFERENT	3:32	dlDmqVN5U1I	MPREb_1mOrnHi55kj	UCeJzOtrRt4ToYZj336gNElg
17	Silver Bird (Outtake - 1970)	The Guess Who	Canned Wheat	INDIFFERENT	2:43	EWQ2lYiiyDs	MPREb_1mOrnHi55kj	UCeJzOtrRt4ToYZj336gNElg
162	Stone Free	The Experienced	The Experience: a tribute to Jimi Hendrix	INDIFFERENT	3:47	JJiXcmKi_8Q	MPREb_LfS3LEpHKld	UCDZ41yhH81jFX11Ez0PNQSg
164	Manic Depression	The Experienced	The Experience: a tribute to Jimi Hendrix	INDIFFERENT	3:18	DujKaDscWDI	MPREb_LfS3LEpHKld	UCDZ41yhH81jFX11Ez0PNQSg
166	All Along The Watchtower	The Experienced	The Experience: a tribute to Jimi Hendrix	INDIFFERENT	4:33	bBIi1bEvEgw	MPREb_LfS3LEpHKld	UCDZ41yhH81jFX11Ez0PNQSg
167	51st Anniversary	The Experienced	The Experience: a tribute to Jimi Hendrix	INDIFFERENT	4:05	HDjIapQFU4g	MPREb_LfS3LEpHKld	UCDZ41yhH81jFX11Ez0PNQSg
169	Voodoo Chile	The Experienced	The Experience: a tribute to Jimi Hendrix	INDIFFERENT	6:30	lCLmmOxfbnE	MPREb_LfS3LEpHKld	UCDZ41yhH81jFX11Ez0PNQSg
170	Little Wing	The Experienced	The Experience: a tribute to Jimi Hendrix	INDIFFERENT	4:07	bAFdsTOd8FQ	MPREb_LfS3LEpHKld	UCDZ41yhH81jFX11Ez0PNQSg
171	Are You Experienced	The Experienced	The Experience: a tribute to Jimi Hendrix	INDIFFERENT	4:58	g0PFBWz1dAs	MPREb_LfS3LEpHKld	UCDZ41yhH81jFX11Ez0PNQSg
172	Killing Floor	The Experienced	The Experience: a tribute to Jimi Hendrix	INDIFFERENT	3:01	Y5zNu7W6Vq8	MPREb_LfS3LEpHKld	UCDZ41yhH81jFX11Ez0PNQSg
3799	Circle the Dark	TOPS	Picture You Staring	INDIFFERENT	3:08	c-xqN36Qeb0	MPREb_BgKFNUea9U9	UC2SSi_lvW8HQt8akZon_VVQ
3801	All the People Sleep	TOPS	Picture You Staring	INDIFFERENT	3:51	mtTvSPQwORA	MPREb_BgKFNUea9U9	UC2SSi_lvW8HQt8akZon_VVQ
3802	Sleeptalker	TOPS	Picture You Staring	INDIFFERENT	2:24	01pzHyFMXvk	MPREb_BgKFNUea9U9	UC2SSi_lvW8HQt8akZon_VVQ
3805	Change of Heart	TOPS	Picture You Staring	INDIFFERENT	3:59	LWT8xrpknsU	MPREb_BgKFNUea9U9	UC2SSi_lvW8HQt8akZon_VVQ
3807	Driverless Passenger	TOPS	Picture You Staring	INDIFFERENT	3:22	ubMBPKWBBAw	MPREb_BgKFNUea9U9	UC2SSi_lvW8HQt8akZon_VVQ
3808	Destination	TOPS	Picture You Staring	INDIFFERENT	3:35	cD-F8tmjDEo	MPREb_BgKFNUea9U9	UC2SSi_lvW8HQt8akZon_VVQ
3763	Pneuma	TOOL	Fear Inoculum	INDIFFERENT	11:54	FRURmhFE6BI	MPREb_KKzZ6VJpArQ	UCW6FSIkA04g7pBvMXlnaKqg
3765	Invincible	TOOL	Fear Inoculum	INDIFFERENT	12:45	CtiuMnhP3Qk	MPREb_KKzZ6VJpArQ	UCW6FSIkA04g7pBvMXlnaKqg
3768	Culling Voices	TOOL	Fear Inoculum	INDIFFERENT	10:06	vBlGzGh8k48	MPREb_KKzZ6VJpArQ	UCW6FSIkA04g7pBvMXlnaKqg
3770	7empest	TOOL	Fear Inoculum	INDIFFERENT	15:44	wVjcmOKTqJc	MPREb_KKzZ6VJpArQ	UCW6FSIkA04g7pBvMXlnaKqg
3771	Mockingbeat	TOOL	Fear Inoculum	INDIFFERENT	2:06	PwT3xtDjbyM	MPREb_KKzZ6VJpArQ	UCW6FSIkA04g7pBvMXlnaKqg
3772	Stinkfist	TOOL	Ænima	INDIFFERENT	5:13	NfpwKs1REg0	MPREb_rrHMsdVJZK0	UCW6FSIkA04g7pBvMXlnaKqg
3773	Eulogy	TOOL	Ænima	INDIFFERENT	8:26	1Iz5DaX8f7w	MPREb_rrHMsdVJZK0	UCW6FSIkA04g7pBvMXlnaKqg
3774	H.	TOOL	Ænima	INDIFFERENT	6:08	yat1iwCkgD8	MPREb_rrHMsdVJZK0	UCW6FSIkA04g7pBvMXlnaKqg
3775	Useful Idiot	TOOL	Ænima	INDIFFERENT	0:39	wbAanI0Q68w	MPREb_rrHMsdVJZK0	UCW6FSIkA04g7pBvMXlnaKqg
3776	Forty Six & 2	TOOL	Ænima	INDIFFERENT	6:04	gBnalcSi138	MPREb_rrHMsdVJZK0	UCW6FSIkA04g7pBvMXlnaKqg
3777	Message To Harry Manback	TOOL	Ænima	INDIFFERENT	1:54	O98mpBWsab8	MPREb_rrHMsdVJZK0	UCW6FSIkA04g7pBvMXlnaKqg
3778	Hooker With A Penis	TOOL	Ænima	INDIFFERENT	4:34	QOR0RilgO2w	MPREb_rrHMsdVJZK0	UCW6FSIkA04g7pBvMXlnaKqg
3779	Intermission	TOOL	Ænima	INDIFFERENT	0:56	StwAtxgDUDc	MPREb_rrHMsdVJZK0	UCW6FSIkA04g7pBvMXlnaKqg
3780	Jimmy	TOOL	Ænima	INDIFFERENT	5:25	Oko1aqm3K1o	MPREb_rrHMsdVJZK0	UCW6FSIkA04g7pBvMXlnaKqg
3781	Die Eier von Satan	TOOL	Ænima	INDIFFERENT	2:18	ImQmta2XYqo	MPREb_rrHMsdVJZK0	UCW6FSIkA04g7pBvMXlnaKqg
3782	Pushit	TOOL	Ænima	INDIFFERENT	9:56	9cwrLM3pDeY	MPREb_rrHMsdVJZK0	UCW6FSIkA04g7pBvMXlnaKqg
3783	Cesaro Summability	TOOL	Ænima	INDIFFERENT	1:27	baiQKqfqOT0	MPREb_rrHMsdVJZK0	UCW6FSIkA04g7pBvMXlnaKqg
3785	(-) Ions	TOOL	Ænima	INDIFFERENT	4:01	-T2cniIZ3sM	MPREb_rrHMsdVJZK0	UCW6FSIkA04g7pBvMXlnaKqg
3441	Fallen Arches	TOKiMONSTA	Creature Dreams	INDIFFERENT	3:16	7JuOobsUsOQ	MPREb_DIVwmn0yeLo	UCg-MiMmT50XZnbSCllzhyuA
3443	Bright Shadows	TOKiMONSTA	Creature Dreams	INDIFFERENT	3:50	3RqDrUyRcoI	MPREb_DIVwmn0yeLo	UCg-MiMmT50XZnbSCllzhyuA
3444	Moving Forward	TOKiMONSTA	Creature Dreams	INDIFFERENT	4:40	FsM0clfq7zo	MPREb_DIVwmn0yeLo	UCg-MiMmT50XZnbSCllzhyuA
3450	Sa Mo Jung	TOKiMONSTA	Midnight Menu	INDIFFERENT	3:07	UEMbP-L_XEo	MPREb_jaAs8Opptch	UCg-MiMmT50XZnbSCllzhyuA
3451	Death by Disco	TOKiMONSTA	Midnight Menu	INDIFFERENT	3:58	CQr0Ub7enco	MPREb_jaAs8Opptch	UCg-MiMmT50XZnbSCllzhyuA
3452	Cheese Smoothie	TOKiMONSTA	Midnight Menu	INDIFFERENT	3:29	cdY9DSOaycM	MPREb_jaAs8Opptch	UCg-MiMmT50XZnbSCllzhyuA
3454	Solitary Joy (feat. Shuanise)	TOKiMONSTA	Midnight Menu	INDIFFERENT	3:21	gXYlcATJmp4	MPREb_jaAs8Opptch	UCg-MiMmT50XZnbSCllzhyuA
3455	Simple Reminder	TOKiMONSTA	Midnight Menu	INDIFFERENT	4:59	c0Qd7KJwA4o	MPREb_jaAs8Opptch	UCg-MiMmT50XZnbSCllzhyuA
3456	Questing	TOKiMONSTA	Midnight Menu	INDIFFERENT	3:46	ZKqARJeGPSQ	MPREb_jaAs8Opptch	UCg-MiMmT50XZnbSCllzhyuA
3460	Solitary Joy (Rlp & Sauce81 Remix) (feat. Shuanise)	TOKiMONSTA	Midnight Menu	INDIFFERENT	4:40	D7hI0Ankhtc	MPREb_jaAs8Opptch	UCg-MiMmT50XZnbSCllzhyuA
3328	Full of Doom	TOBACCO	Fucked Up Friends 3	INDIFFERENT	3:52	057-3RJEx28	MPREb_ZyIJsbjEHa6	UC1IJxltUbLLbjTPrkHQxnrg
3329	Honey of the Trick	TOBACCO	Fucked Up Friends 3	INDIFFERENT	2:36	d_ETUeQDyzM	MPREb_ZyIJsbjEHa6	UC1IJxltUbLLbjTPrkHQxnrg
3330	This Man	TOBACCO	Fucked Up Friends 3	INDIFFERENT	3:16	rh-7xOLknXA	MPREb_ZyIJsbjEHa6	UC1IJxltUbLLbjTPrkHQxnrg
3331	For the Queen	TOBACCO	Fucked Up Friends 3	INDIFFERENT	3:09	6xBr9VqpRfo	MPREb_ZyIJsbjEHa6	UC1IJxltUbLLbjTPrkHQxnrg
3332	Jararacussu	TOBACCO	Fucked Up Friends 3	INDIFFERENT	0:50	dqz5RD2YG8I	MPREb_ZyIJsbjEHa6	UC1IJxltUbLLbjTPrkHQxnrg
3333	Accuser of the Fuckin Brethren	TOBACCO	Fucked Up Friends 3	INDIFFERENT	3:22	D75eJqpmp_8	MPREb_ZyIJsbjEHa6	UC1IJxltUbLLbjTPrkHQxnrg
3334	Everything Around the Knife	TOBACCO	Fucked Up Friends 3	INDIFFERENT	2:59	ZW5j2xr5Dtc	MPREb_ZyIJsbjEHa6	UC1IJxltUbLLbjTPrkHQxnrg
3335	Stridex Dealer	TOBACCO	Fucked Up Friends 3	INDIFFERENT	2:38	kY251NAdtpI	MPREb_ZyIJsbjEHa6	UC1IJxltUbLLbjTPrkHQxnrg
3336	Sorority	TOBACCO	Fucked Up Friends 3	INDIFFERENT	3:41	-G_Wh6MaBEU	MPREb_ZyIJsbjEHa6	UC1IJxltUbLLbjTPrkHQxnrg
3337	Dianetics Jr	TOBACCO	Fucked Up Friends 3	INDIFFERENT	1:20	v5bSMU1d3Qc	MPREb_ZyIJsbjEHa6	UC1IJxltUbLLbjTPrkHQxnrg
3338	Rat Bike	TOBACCO	Fucked Up Friends 3	INDIFFERENT	1:55	VaELIFgXpok	MPREb_ZyIJsbjEHa6	UC1IJxltUbLLbjTPrkHQxnrg
3339	Room with HBO	TOBACCO	Fucked Up Friends 3	INDIFFERENT	3:08	NXvvvgzsUps	MPREb_ZyIJsbjEHa6	UC1IJxltUbLLbjTPrkHQxnrg
3340	Under the Shit Bridge	TOBACCO	Fucked Up Friends 3	INDIFFERENT	1:26	3LCkywwHmLQ	MPREb_ZyIJsbjEHa6	UC1IJxltUbLLbjTPrkHQxnrg
3341	Half Tengu	TOBACCO	Fucked Up Friends 3	INDIFFERENT	2:02	tKJEwTDzf7A	MPREb_ZyIJsbjEHa6	UC1IJxltUbLLbjTPrkHQxnrg
3342	Saturday Coyote	TOBACCO	Fucked Up Friends 3	INDIFFERENT	3:45	NLihOyn_ucM	MPREb_ZyIJsbjEHa6	UC1IJxltUbLLbjTPrkHQxnrg
3343	Centaur Skin	TOBACCO	Hot Wet & Sassy	INDIFFERENT	3:59	Jj7ix_ijlt0	MPREb_CtOgjAVYBNG	UC1IJxltUbLLbjTPrkHQxnrg
3344	Pit	TOBACCO	Hot Wet & Sassy	INDIFFERENT	1:54	O_XwTBfI93w	MPREb_CtOgjAVYBNG	UC1IJxltUbLLbjTPrkHQxnrg
3345	Headless to Headless	TOBACCO	Hot Wet & Sassy	INDIFFERENT	2:56	2Kb9Pk7a5zI	MPREb_CtOgjAVYBNG	UC1IJxltUbLLbjTPrkHQxnrg
3346	Stabbed by a Knight	TOBACCO	Hot Wet & Sassy	INDIFFERENT	2:29	bknbNgrghBk	MPREb_CtOgjAVYBNG	UC1IJxltUbLLbjTPrkHQxnrg
3347	Chinese Aquarius	TOBACCO	Hot Wet & Sassy	INDIFFERENT	2:50	yUgN0LjEFQg	MPREb_CtOgjAVYBNG	UC1IJxltUbLLbjTPrkHQxnrg
3349	Jinmenken	TOBACCO	Hot Wet & Sassy	INDIFFERENT	2:57	uCkzQFZMd58	MPREb_CtOgjAVYBNG	UC1IJxltUbLLbjTPrkHQxnrg
3352	Mythemim	TOBACCO	Hot Wet & Sassy	INDIFFERENT	3:28	wltMS38ExIs	MPREb_CtOgjAVYBNG	UC1IJxltUbLLbjTPrkHQxnrg
3353	Motherfuckers 64	TOBACCO	Hot Wet & Sassy	INDIFFERENT	2:49	3SBJFMhfiSg	MPREb_CtOgjAVYBNG	UC1IJxltUbLLbjTPrkHQxnrg
3354	Perfect Shadow	TOBACCO	Hot Wet & Sassy	INDIFFERENT	3:41	3_x1GmrHsT0	MPREb_CtOgjAVYBNG	UC1IJxltUbLLbjTPrkHQxnrg
3355	Constellation Dirtbike Head	TOBACCO	Maniac Meat	INDIFFERENT	2:56	vxCWiCQpH_g	MPREb_M35YvPHCqpw	UC1IJxltUbLLbjTPrkHQxnrg
3359	Sweatmother	TOBACCO	Maniac Meat	INDIFFERENT	2:13	y9TjZgYlDUA	MPREb_M35YvPHCqpw	UC1IJxltUbLLbjTPrkHQxnrg
3360	Motorlicker	TOBACCO	Maniac Meat	INDIFFERENT	2:02	aGmD60ai0Uk	MPREb_M35YvPHCqpw	UC1IJxltUbLLbjTPrkHQxnrg
3361	Unholy Demon Rhythms	TOBACCO	Maniac Meat	INDIFFERENT	2:30	l1K4I57zMB4	MPREb_M35YvPHCqpw	UC1IJxltUbLLbjTPrkHQxnrg
3362	Heavy Makeup	TOBACCO	Maniac Meat	INDIFFERENT	4:46	RuKwHtSJ8zM	MPREb_M35YvPHCqpw	UC1IJxltUbLLbjTPrkHQxnrg
3364	New Juices From the Hot Tub Freaks	TOBACCO	Maniac Meat	INDIFFERENT	2:07	P-zoFPMQu6c	MPREb_M35YvPHCqpw	UC1IJxltUbLLbjTPrkHQxnrg
3366	Overheater	TOBACCO	Maniac Meat	INDIFFERENT	1:44	1hnvX1wVY-0	MPREb_M35YvPHCqpw	UC1IJxltUbLLbjTPrkHQxnrg
3370	Nuclear Waste Aerobics	TOBACCO	Maniac Meat	INDIFFERENT	2:56	8Xu8q1gs1jg	MPREb_M35YvPHCqpw	UC1IJxltUbLLbjTPrkHQxnrg
3371	Streaker (feat. Notrabel)	TOBACCO	Ultima II Massage	INDIFFERENT	2:52	E8cpAhABOzQ	MPREb_beGxsly9Ohy	UC1IJxltUbLLbjTPrkHQxnrg
3373	Video Warning Attempts	TOBACCO	Ultima II Massage	INDIFFERENT	2:59	9I4fXUHwqnQ	MPREb_beGxsly9Ohy	UC1IJxltUbLLbjTPrkHQxnrg
3374	Eruption (Gonna Get My Hair Cut at the End of the Summer)	TOBACCO	Ultima II Massage	INDIFFERENT	3:19	fBEdFVUMTNk	MPREb_beGxsly9Ohy	UC1IJxltUbLLbjTPrkHQxnrg
3375	Lipstick Destroyer	TOBACCO	Ultima II Massage	INDIFFERENT	1:48	iSr8oA3l7pw	MPREb_beGxsly9Ohy	UC1IJxltUbLLbjTPrkHQxnrg
3377	Face Breakout	TOBACCO	Ultima II Massage	INDIFFERENT	2:39	OgdMnRNC7TU	MPREb_beGxsly9Ohy	UC1IJxltUbLLbjTPrkHQxnrg
3378	Blow Your Heart	TOBACCO	Ultima II Massage	INDIFFERENT	3:07	6rquCQjZjjY	MPREb_beGxsly9Ohy	UC1IJxltUbLLbjTPrkHQxnrg
3379	Beast Sting	TOBACCO	Ultima II Massage	INDIFFERENT	2:04	eYByeyJgJvQ	MPREb_beGxsly9Ohy	UC1IJxltUbLLbjTPrkHQxnrg
3380	Dipsmack	TOBACCO	Ultima II Massage	INDIFFERENT	2:01	CAE78fwRQ6o	MPREb_beGxsly9Ohy	UC1IJxltUbLLbjTPrkHQxnrg
3381	Creaming for Beginners	TOBACCO	Ultima II Massage	INDIFFERENT	2:38	jwd31ZC-GEg	MPREb_beGxsly9Ohy	UC1IJxltUbLLbjTPrkHQxnrg
3382	Omen Classic	TOBACCO	Ultima II Massage	INDIFFERENT	2:23	JgXmFV0LgjE	MPREb_beGxsly9Ohy	UC1IJxltUbLLbjTPrkHQxnrg
3383	Pool City, McKnight Road	TOBACCO	Ultima II Massage	INDIFFERENT	3:16	4EeyasXoXno	MPREb_beGxsly9Ohy	UC1IJxltUbLLbjTPrkHQxnrg
3312	Top Floor	TNGHT	TNGHT	INDIFFERENT	1:54	Wm3ugkqHEd0	MPREb_VZWtonY6H4T	UCIzvaEjamDYR85oxnqAB0eQ
3316	Easy Easy	TNGHT	TNGHT	INDIFFERENT	3:52	wo_kjIUzNTc	MPREb_VZWtonY6H4T	UCIzvaEjamDYR85oxnqAB0eQ
1780	Threshold	Steve Miller Band	Book Of Dreams	INDIFFERENT	1:06	68vOu7hpZ98	MPREb_0G4YvkSmjp5	UCDlFd5kiM4QbD_NRGwgGu1w
1785	Wish Upon A Star	Steve Miller Band	Book Of Dreams	INDIFFERENT	3:39	opAy3vUG2gA	MPREb_0G4YvkSmjp5	UCDlFd5kiM4QbD_NRGwgGu1w
1787	Electro Lux Imbroglio	Steve Miller Band	Book Of Dreams	INDIFFERENT	0:57	5vYYDb2LlRk	MPREb_0G4YvkSmjp5	UCDlFd5kiM4QbD_NRGwgGu1w
1790	My Own Space	Steve Miller Band	Book Of Dreams	INDIFFERENT	3:04	0mSSpDZ8tkk	MPREb_0G4YvkSmjp5	UCDlFd5kiM4QbD_NRGwgGu1w
1791	Babes In The Wood	Steve Miller Band	Book Of Dreams	INDIFFERENT	2:32	j8eh93CoJpY	MPREb_0G4YvkSmjp5	UCDlFd5kiM4QbD_NRGwgGu1w
1573	Move With Your Vision	Smallpeople	Salty Days	INDIFFERENT	5:53	BkzN-SJQu7k	MPREb_dZxOfERAcEv	UCuHLH4r_pGWJ5SMGUHfy04A
1576	Black Ice	Smallpeople	Salty Days	INDIFFERENT	7:13	VXUmcWiTSVw	MPREb_dZxOfERAcEv	UCuHLH4r_pGWJ5SMGUHfy04A
1578	The Loon's Groove	Smallpeople	Salty Days	INDIFFERENT	6:12	T_7zJMUd8zc	MPREb_dZxOfERAcEv	UCuHLH4r_pGWJ5SMGUHfy04A
1580	Say What You Want to Say	Smallpeople	Salty Days	INDIFFERENT	8:26	Sk8wofoQrNU	MPREb_dZxOfERAcEv	UCuHLH4r_pGWJ5SMGUHfy04A
1412	Entre Dos Aquas (Instrumental)	Rosenberg Trio	Gipsy Summer	INDIFFERENT	3:56	9TyYRctXZ7g	MPREb_GG5lZrBP8Fz	UCvdGvjGt_NARuiXXI_ge5rg
1413	Rio Ancho (Instrumental)	Rosenberg Trio	Gipsy Summer	INDIFFERENT	3:55	zTmPGvPj7ec	MPREb_GG5lZrBP8Fz	UCvdGvjGt_NARuiXXI_ge5rg
1415	Stella By Starlight (Instrumental)	Rosenberg Trio	Gipsy Summer	INDIFFERENT	3:55	YloGE5Mc7jU	MPREb_GG5lZrBP8Fz	UCvdGvjGt_NARuiXXI_ge5rg
1416	I'll See You In My Dreams (Instrumental)	Rosenberg Trio	Gipsy Summer	INDIFFERENT	2:29	IqyWfFfdKT4	MPREb_GG5lZrBP8Fz	UCvdGvjGt_NARuiXXI_ge5rg
1417	Micro (Instrumental)	Rosenberg Trio	Gipsy Summer	INDIFFERENT	2:15	LYMVMXzUmLU	MPREb_GG5lZrBP8Fz	UCvdGvjGt_NARuiXXI_ge5rg
1418	Gipsy Summer (Instrumental)	Rosenberg Trio	Gipsy Summer	INDIFFERENT	3:36	_LvDhF-Q8c4	MPREb_GG5lZrBP8Fz	UCvdGvjGt_NARuiXXI_ge5rg
1419	Insensiblement (Instrumental)	Rosenberg Trio	Gipsy Summer	INDIFFERENT	2:50	lVilcF0UgJ0	MPREb_GG5lZrBP8Fz	UCvdGvjGt_NARuiXXI_ge5rg
1420	Spain (Instrumental)	Rosenberg Trio	Gipsy Summer	INDIFFERENT	4:15	peal9chSAAQ	MPREb_GG5lZrBP8Fz	UCvdGvjGt_NARuiXXI_ge5rg
1422	Honeysuckle Rose (Instrumental)	Rosenberg Trio	Gipsy Summer	INDIFFERENT	2:45	5MCq7yzDRro	MPREb_GG5lZrBP8Fz	UCvdGvjGt_NARuiXXI_ge5rg
1423	Improvisation (Instrumental)	Rosenberg Trio	Gipsy Summer	INDIFFERENT	2:58	RHFyqx3kqJI	MPREb_GG5lZrBP8Fz	UCvdGvjGt_NARuiXXI_ge5rg
1424	Groovin' High (Instrumental)	Rosenberg Trio	Gipsy Summer	INDIFFERENT	2:45	qFEiw8OJOCA	MPREb_GG5lZrBP8Fz	UCvdGvjGt_NARuiXXI_ge5rg
1425	Anouman (Instrumental)	Rosenberg Trio	Gipsy Summer	INDIFFERENT	2:32	baPwYu_b8n4	MPREb_GG5lZrBP8Fz	UCvdGvjGt_NARuiXXI_ge5rg
1426	Evocacao De Jacob (Instrumental)	Rosenberg Trio	Gipsy Summer	INDIFFERENT	2:39	hbYfDYlECv0	MPREb_GG5lZrBP8Fz	UCvdGvjGt_NARuiXXI_ge5rg
1427	Blues For Jessie (Instrumental)	Rosenberg Trio	Gipsy Summer	INDIFFERENT	2:48	XUgiADypux4	MPREb_GG5lZrBP8Fz	UCvdGvjGt_NARuiXXI_ge5rg
2538	The Real Me (Demo)	Pete Townshend	Quadrophenia (Super Deluxe Edition)	INDIFFERENT	4:26	m9YRLyjX80w	MPREb_Fp6sYiUz1Mw	UCLxj9OY4ADYmM_pM9v2mJiA
2541	Fill No' 1 - Get Out And Stay Out (Demo)	Pete Townshend	Quadrophenia (Super Deluxe Edition)	INDIFFERENT	1:22	TBmemNIjD5I	MPREb_Fp6sYiUz1Mw	UCLxj9OY4ADYmM_pM9v2mJiA
2543	We Close Tonight (Demo)	Pete Townshend	Quadrophenia (Super Deluxe Edition)	INDIFFERENT	2:41	98L3Lo3b7TM	MPREb_Fp6sYiUz1Mw	UCLxj9OY4ADYmM_pM9v2mJiA
2545	Get Inside (Demo)	Pete Townshend	Quadrophenia (Super Deluxe Edition)	INDIFFERENT	3:10	Av7oQzstoQ8	MPREb_Fp6sYiUz1Mw	UCLxj9OY4ADYmM_pM9v2mJiA
2548	I'm One (Demo)	Pete Townshend	Quadrophenia (Super Deluxe Edition)	INDIFFERENT	2:37	WAGh9rqELgY	MPREb_Fp6sYiUz1Mw	UCLxj9OY4ADYmM_pM9v2mJiA
2549	Dirty Jobs (Demo)	Pete Townshend	Quadrophenia (Super Deluxe Edition)	INDIFFERENT	3:46	QUh91GP021c	MPREb_Fp6sYiUz1Mw	UCLxj9OY4ADYmM_pM9v2mJiA
2550	Helpless Dancer (Demo)	Pete Townshend	Quadrophenia (Super Deluxe Edition)	INDIFFERENT	2:17	o1xwp7vq2u0	MPREb_Fp6sYiUz1Mw	UCLxj9OY4ADYmM_pM9v2mJiA
2551	Is It In My Head? (Demo)	Pete Townshend	Quadrophenia (Super Deluxe Edition)	INDIFFERENT	4:13	8SidgNvyN0g	MPREb_Fp6sYiUz1Mw	UCLxj9OY4ADYmM_pM9v2mJiA
2552	Any More (Demo)	Pete Townshend	Quadrophenia (Super Deluxe Edition)	INDIFFERENT	3:20	17GLHsF8sjY	MPREb_Fp6sYiUz1Mw	UCLxj9OY4ADYmM_pM9v2mJiA
2553	I've Had Enough (Demo)	Pete Townshend	Quadrophenia (Super Deluxe Edition)	INDIFFERENT	6:21	q9i7rGe3wno	MPREb_Fp6sYiUz1Mw	UCLxj9OY4ADYmM_pM9v2mJiA
2554	Fill No' 2 (Demo)	Pete Townshend	Quadrophenia (Super Deluxe Edition)	INDIFFERENT	1:31	M_jd0gX20ow	MPREb_Fp6sYiUz1Mw	UCLxj9OY4ADYmM_pM9v2mJiA
2555	Wizardry (Demo)	Pete Townshend	Quadrophenia (Super Deluxe Edition)	INDIFFERENT	3:09	5TU79QJmwYs	MPREb_Fp6sYiUz1Mw	UCLxj9OY4ADYmM_pM9v2mJiA
2556	Sea And Sand (Demo)	Pete Townshend	Quadrophenia (Super Deluxe Edition)	INDIFFERENT	4:14	F1g3BMcefqs	MPREb_Fp6sYiUz1Mw	UCLxj9OY4ADYmM_pM9v2mJiA
2557	Drowned (Demo)	Pete Townshend	Quadrophenia (Super Deluxe Edition)	INDIFFERENT	4:14	mbt-LM77x0c	MPREb_Fp6sYiUz1Mw	UCLxj9OY4ADYmM_pM9v2mJiA
2558	Is It Me? (Demo)	Pete Townshend	Quadrophenia (Super Deluxe Edition)	INDIFFERENT	4:38	SgIM7kj5QPo	MPREb_Fp6sYiUz1Mw	UCLxj9OY4ADYmM_pM9v2mJiA
2559	Bell Boy (Demo)	Pete Townshend	Quadrophenia (Super Deluxe Edition)	INDIFFERENT	5:03	mPuQnn2bHPk	MPREb_Fp6sYiUz1Mw	UCLxj9OY4ADYmM_pM9v2mJiA
2560	Doctor Jimmy (Demo)	Pete Townshend	Quadrophenia (Super Deluxe Edition)	INDIFFERENT	7:28	78NQu1ybN6A	MPREb_Fp6sYiUz1Mw	UCLxj9OY4ADYmM_pM9v2mJiA
590	I Want Wind to Blow	Microphones	The Glow, Pt. 2	INDIFFERENT	5:33	5gRvQtw0Rwo	MPREb_kuiSi22HLWs	UCSJeXepYnGr4l0tQXZTYbcQ
593	Headless Horseman	Microphones	The Glow, Pt. 2	INDIFFERENT	3:09	mevLj6mN4lM	MPREb_kuiSi22HLWs	UCSJeXepYnGr4l0tQXZTYbcQ
594	My Roots Are Strong and Deep	Microphones	The Glow, Pt. 2	INDIFFERENT	1:54	eJXEi5g7-3k	MPREb_kuiSi22HLWs	UCSJeXepYnGr4l0tQXZTYbcQ
596	The Mansion	Microphones	The Glow, Pt. 2	INDIFFERENT	3:53	rPNj3_IbCmo	MPREb_kuiSi22HLWs	UCSJeXepYnGr4l0tQXZTYbcQ
597	(Something)	Microphones	The Glow, Pt. 2	INDIFFERENT	1:39	DpnlFZGEQIw	MPREb_kuiSi22HLWs	UCSJeXepYnGr4l0tQXZTYbcQ
598	(Something) - 1	Microphones	The Glow, Pt. 2	INDIFFERENT	2:43	43xFh4axU3o	MPREb_kuiSi22HLWs	UCSJeXepYnGr4l0tQXZTYbcQ
601	I Want to Be Cold	Microphones	The Glow, Pt. 2	INDIFFERENT	1:42	FLvp7aOWNbU	MPREb_kuiSi22HLWs	UCSJeXepYnGr4l0tQXZTYbcQ
602	I Am Bored	Microphones	The Glow, Pt. 2	INDIFFERENT	1:37	QJwwuvrJSVE	MPREb_kuiSi22HLWs	UCSJeXepYnGr4l0tQXZTYbcQ
603	I Felt My Size	Microphones	The Glow, Pt. 2	INDIFFERENT	2:25	f66t5Nb6fao	MPREb_kuiSi22HLWs	UCSJeXepYnGr4l0tQXZTYbcQ
606	Samurai Sword	Microphones	The Glow, Pt. 2	INDIFFERENT	4:08	dnHyZ4_4I6s	MPREb_kuiSi22HLWs	UCSJeXepYnGr4l0tQXZTYbcQ
607	My Warm Blood	Microphones	The Glow, Pt. 2	INDIFFERENT	9:29	T-ts-E0i0f4	MPREb_kuiSi22HLWs	UCSJeXepYnGr4l0tQXZTYbcQ
489	Meeting of the Spirits	Mahavishnu Orchestra	The Inner Mounting Flame	INDIFFERENT	6:52	c_pxfXDvCxA	MPREb_o7GuhMt2c3Q	UCSY3q7GsOWCjwlHB0CFs9Kw
490	Dawn	Mahavishnu Orchestra	The Inner Mounting Flame	INDIFFERENT	5:10	7bGlIdUiZww	MPREb_o7GuhMt2c3Q	UCSY3q7GsOWCjwlHB0CFs9Kw
491	The Noonward Race	Mahavishnu Orchestra	The Inner Mounting Flame	INDIFFERENT	6:28	oYz0E2qY100	MPREb_o7GuhMt2c3Q	UCSY3q7GsOWCjwlHB0CFs9Kw
492	A Lotus on Irish Streams	Mahavishnu Orchestra	The Inner Mounting Flame	INDIFFERENT	5:40	K9C-u_2CuWM	MPREb_o7GuhMt2c3Q	UCSY3q7GsOWCjwlHB0CFs9Kw
493	Vital Transformation	Mahavishnu Orchestra	The Inner Mounting Flame	INDIFFERENT	6:16	iPIIU9cxCog	MPREb_o7GuhMt2c3Q	UCSY3q7GsOWCjwlHB0CFs9Kw
494	The Dance of Maya	Mahavishnu Orchestra	The Inner Mounting Flame	INDIFFERENT	7:17	QidptMVgO6k	MPREb_o7GuhMt2c3Q	UCSY3q7GsOWCjwlHB0CFs9Kw
495	You Know, You Know	Mahavishnu Orchestra	The Inner Mounting Flame	INDIFFERENT	5:08	67shpuqdcW4	MPREb_o7GuhMt2c3Q	UCSY3q7GsOWCjwlHB0CFs9Kw
496	Awakening	Mahavishnu Orchestra	The Inner Mounting Flame	INDIFFERENT	3:31	mGhDjx5G_T4	MPREb_o7GuhMt2c3Q	UCSY3q7GsOWCjwlHB0CFs9Kw
497	The Noonward Race (Live)	Mahavishnu Orchestra	The Inner Mounting Flame	INDIFFERENT	15:23	2Eu9lT4gswI	MPREb_o7GuhMt2c3Q	UCSY3q7GsOWCjwlHB0CFs9Kw
1897	Don't You Rock Me Daddy O	Lonnie Donegan and His Skiffle Group	The Surfaris Wipe Out	INDIFFERENT	1:45	v7BJSVLJaTw	MPREb_VYUe766QtMg	UCTuKbEUeWsGSkODM12WhtUA
3300	Time Machine	Les Winner's	Time Machine	INDIFFERENT	3:04	zs2p040Qh_8	MPREb_St2rgADPb17	UCph1zLLW4AAlu_q1LukfNlA
52	The Natives Are Restless Tonight (Rudy Van Gelder Edition/1999 Digital Remaster)	Horace Silver	Song For My Father	INDIFFERENT	6:11	dk2NiTEoeXc	MPREb_AP7GWERbo3y	UC834B7DbQ6WZzigm4UCwuKg
53	Calcutta Cutie (Rudy Van Gelder Edition/1999 Digital Remaster)	Horace Silver	Song For My Father	INDIFFERENT	8:32	7p78zIW0jF8	MPREb_AP7GWERbo3y	UC834B7DbQ6WZzigm4UCwuKg
55	The Kicker (Rudy Van Gelder Edition/1999 Digital Remaster)	Horace Silver	Song For My Father	INDIFFERENT	5:27	fS5RBRuzbjM	MPREb_AP7GWERbo3y	UC834B7DbQ6WZzigm4UCwuKg
57	Sanctimonious Sam (Rudy Van Gelder Edition/1999 Digital Remaster)	Horace Silver	Song For My Father	INDIFFERENT	3:56	ZK8WnVLxzho	MPREb_AP7GWERbo3y	UC834B7DbQ6WZzigm4UCwuKg
59	Sighin' And Cryin' (Rudy Van Gelder Edition/1999 Digital Remaster)	Horace Silver	Song For My Father	INDIFFERENT	5:26	CWHSKcVgEXM	MPREb_AP7GWERbo3y	UC834B7DbQ6WZzigm4UCwuKg
60	Silver Treads Among The Soul (Rudy Van Gelder Edition/1999 Digital Remaster)	Horace Silver	Song For My Father	INDIFFERENT	3:54	aamfJSmvRv0	MPREb_AP7GWERbo3y	UC834B7DbQ6WZzigm4UCwuKg
1900	Honey Bee	Equals	The Surfaris Wipe Out	INDIFFERENT	2:53	mGxBLNaM03s	MPREb_VYUe766QtMg	UCchwQsKRfKraU0TSErfqHPw
1899	Hangman Boogie	Cowboy Copas	The Surfaris Wipe Out	INDIFFERENT	2:36	q7JCJ6RZu9s	MPREb_VYUe766QtMg	UCDzbEFXhd5BcnpReJpQRgMg
1903	Sugar Daddy	Chris Andrews	The Surfaris Wipe Out	INDIFFERENT	2:49	kxV2-itlArQ	MPREb_VYUe766QtMg	UCQfkq2diKIB7RuDcAj2TdlQ
2378	Love Me Harder	Ariana Grande	The Highlights	INDIFFERENT	3:57	QLgCXrBa7WA	MPREb_8xvQsQro2af	UC0076UMUgEng8HORUw_MYHA
3436	Inspector Norse	Todd Terje	Its The Arps		6:41	SPN5UaPOwMI		
3437	Myggsommer	Todd Terje	Its The Arps		3:24	29y3gEwj5ZU		
3439	Swing Star, Pt. 2	Todd Terje	Its The Arps		6:47	BcAv0JjI3D0		
3440	Swing Star, Pt. 1 & 2	Todd Terje	Its The Arps		11:05	0nh7iXQCOsc		
