	title	artist	album	likeStatus	duration	videoId	albumId	artistId
1328	Loom	Ólafur Arnalds	some kind of peace	LIKE	3:47	nEpj5OCoGy4	MPREb_3l6EXJ9JS8G	UCDQlvsMEM5j0k5cqmfHBzVA
32	Say the Name	clipping.	Visions of Bodies Being Burned	LIKE	5:00	qRSuJh8azms	MPREb_6b0ribtqTtJ	UCIahymQzVz4bXn1DrDB3gtg
43	Eaten Alive (feat. Jeff Parker & Ted Byrnes)	clipping.	Visions of Bodies Being Burned	LIKE	5:42	fZJmCBwyltI	MPREb_6b0ribtqTtJ	UCIahymQzVz4bXn1DrDB3gtg
1067	Smile (feat. H.E.R.)	Wizkid	Made In Lagos	LIKE	4:12	qlqXhhQ0_0I	MPREb_eZTfpYU8O3j	UC25DGtgYk5TwdksvtpeWYvA
966	327 (feat. Tyler, The Creator, Billie Essco, Tyler & The Creator)	Westside Gunn	Pray for Paris	LIKE	5:50	zOHzvvTroXQ	MPREb_HSYOKi9iKwu	UCybsc9LmsG3dhOf4_Q4i4lA
1089	Into The Woods	Tycho	Simulcast	LIKE	4:03	49UqnB5ELOY	MPREb_akuoir5mj63	UC6M6DgivBo3VHTYDa9BblqQ
1177	Chem Farmer / Nite Expo (Live)	Thee Oh Sees	Levitation Sessions (Live)	LIKE	4:03	r-_Cz9TKCa0	MPREb_A0WNACsAYPt	UCy-Gzb-aCE1vWkbwQZaoIXQ
1317	Long in the Tooth	The Budos Band	Long in the Tooth	LIKE	3:42	US3eV4E8o2k	MPREb_vW7T45ip7Jk	UCvQgxMD5WBq3JfJLHQkpcKA
1318	Sixth Hammer	The Budos Band	Long in the Tooth	LIKE	3:17	T2hHCsh5vQQ	MPREb_vW7T45ip7Jk	UCvQgxMD5WBq3JfJLHQkpcKA
1320	Dusterado	The Budos Band	Long in the Tooth	LIKE	2:51	eXshYvb1-jg	MPREb_vW7T45ip7Jk	UCvQgxMD5WBq3JfJLHQkpcKA
1321	Silver Stallion	The Budos Band	Long in the Tooth	LIKE	2:31	O-7DwDEETX8	MPREb_vW7T45ip7Jk	UCvQgxMD5WBq3JfJLHQkpcKA
1322	Haunted Sea	The Budos Band	Long in the Tooth	LIKE	2:36	ceCgxReQCl0	MPREb_vW7T45ip7Jk	UCvQgxMD5WBq3JfJLHQkpcKA
1324	Gun Metal Grey	The Budos Band	Long in the Tooth	LIKE	3:17	kS_NQ7Y5TE8	MPREb_vW7T45ip7Jk	UCvQgxMD5WBq3JfJLHQkpcKA
1241	Need Your Love	Tennis	Swimmer	LIKE	3:52	cVsKkTxL00o	MPREb_w8jLVbMbU2M	UCEv91IRGs8ETIcUOEI8UOIA
1243	Runner	Tennis	Swimmer	LIKE	3:37	agJn4cLd800	MPREb_w8jLVbMbU2M	UCEv91IRGs8ETIcUOEI8UOIA
311	Only Lonely	Rose City Band	Summerlong	LIKE	3:58	xtLo_xuUqV0	MPREb_X5rsdRBIkvD	UCgaqlX44NcptUigTwALP12A
416	Vibrations on a String	Rival Consoles	Articulation	LIKE	6:10	YFeQ_ksk4fY	MPREb_XsGDxZeQQn8	UC2WctdCmq8m617GDyuynG0w
417	Forwardism	Rival Consoles	Articulation	LIKE	5:42	1d6EBsa9nho	MPREb_XsGDxZeQQn8	UC2WctdCmq8m617GDyuynG0w
421	Sudden Awareness of Now	Rival Consoles	Articulation	LIKE	7:16	RomajRZ4DEI	MPREb_XsGDxZeQQn8	UC2WctdCmq8m617GDyuynG0w
460	Say Less	Nothing	The Great Dismal	LIKE	4:16	Wjo1OOUCc70	MPREb_qhRik653L8Y	UCJkch0w_oUIYJaWTZM1rrNw
461	April Ha Ha	Nothing	The Great Dismal	LIKE	4:21	Dl_R_5X99r8	MPREb_qhRik653L8Y	UCJkch0w_oUIYJaWTZM1rrNw
463	Famine Asylum	Nothing	The Great Dismal	LIKE	4:11	ixoqSm28wUg	MPREb_qhRik653L8Y	UCJkch0w_oUIYJaWTZM1rrNw
0	Shots Fired	Megan Thee Stallion	Good News	LIKE	2:51	siQfg-ABIp0	MPREb_DwnbIth2sXE	UCZBf6sY19D8pN4JIxP9PE3Q
1391	learn	Knxwledge	1988	LIKE	1:42	nLXfiEZDAGY	MPREb_a9GgMAhRfZz	UCzabATJlYqdlFue-_QptQVQ
600	Grieving (feat. James Blake)	Kehlani	It Was Good Until It Wasn't	LIKE	3:51	RBHdDCJE1kM	MPREb_3Yk9s68h7vU	UCONwFIjhxe4MR2sY3Cv0adA
627	Understanding Body Messages	Kaitlyn Aurelia Smith	The Mosaic of Transformation	LIKE	1:24	U7DxFqxlyfI	MPREb_Ca57sK7J87x	UCgBYrIICTQWy3e731ZOdW6Q
954	Lick in Heaven	Jessy Lanza	Lick In Heaven	LIKE	4:30	nP5xbl7dgko	MPREb_rsPzrHYxIwA	UCbt-qlNbbay2cfbLAghJACA
48	Dreamsicle	Jason Isbell And The 400 Unit	Reunions	LIKE	3:45	Yg0YGb4-wXc	MPREb_MCQHCJe3avD	UCC382Qu-K5nKUFsbBzbjyMg
537	Am I Missing Something?	JARV IS...	Beyond the Pale	LIKE	6:47	RNFPFXAxhhw	MPREb_CtjaXUAQhth	UCboA_lieEhJ-EoLJMZn3cTA
17	Big Conspiracy (feat. iceè tgm)	J Hus	Big Conspiracy	LIKE	3:39	FhezsLz5SHw	MPREb_U1405vZrWr0	UCKacngDrA2gReTn0FrQSeYg
20	Triumph	J Hus	Big Conspiracy	LIKE	2:51	t1En3bW_iJQ	MPREb_U1405vZrWr0	UCKacngDrA2gReTn0FrQSeYg
1426	Parallel 4	Four Tet	Parallel	LIKE	4:48	5aSNc3eWs5c	MPREb_hjHG6wGi3b9	UCd6q-S_HAePombe72bczCkA
486	Slingshot	Cornershop	England is a Garden	LIKE	5:16	Du3JaMpWzN8	MPREb_pEOKRCr6LzY	UC1gtYwNtvygcHZ6xDIlIXyw
1081	When I'm in Your Arms	Cleo Sol	Rose in the Dark	LIKE	5:36	hp0KiJs0S5g	MPREb_vFH1pbeS4TG	UCw5j4m9SCsNNlY3srtac_KQ
319	Starting Over	Chris Stapleton	Starting Over	LIKE	4:01	WbNy0GQTomk	MPREb_P6pMAcxdfOX	UCEBTD8bc2J7wG7Fqhss7Jow
1202	Nothing’s Impossible	Caroline Rose	Superstar	LIKE	4:09	Cx2gRXgkKEU	MPREb_LLv28RNiJpp	UCfmtGrbjtodRee4cL6Uz2mg
1329	Woven Song	Ólafur Arnalds	some kind of peace	INDIFFERENT	3:11	ZvniO8HVvco	MPREb_3l6EXJ9JS8G	UCDQlvsMEM5j0k5cqmfHBzVA
1330	Spiral	Ólafur Arnalds	some kind of peace	INDIFFERENT	3:21	i1OatmatkMs	MPREb_3l6EXJ9JS8G	UCDQlvsMEM5j0k5cqmfHBzVA
1331	Still / Sound	Ólafur Arnalds	some kind of peace	INDIFFERENT	4:14	3CKQ5mD9peI	MPREb_3l6EXJ9JS8G	UCDQlvsMEM5j0k5cqmfHBzVA
1332	Back To The Sky	Ólafur Arnalds	some kind of peace	INDIFFERENT	3:24	_S6sk6yznC4	MPREb_3l6EXJ9JS8G	UCDQlvsMEM5j0k5cqmfHBzVA
1333	Zero	Ólafur Arnalds	some kind of peace	INDIFFERENT	4:27	qjnu0e8yiSM	MPREb_3l6EXJ9JS8G	UCDQlvsMEM5j0k5cqmfHBzVA
1334	New Grass	Ólafur Arnalds	some kind of peace	INDIFFERENT	4:03	f-6WSrgr2xI	MPREb_3l6EXJ9JS8G	UCDQlvsMEM5j0k5cqmfHBzVA
1335	The Bottom Line	Ólafur Arnalds	some kind of peace	INDIFFERENT	4:03	So40kjhrYB0	MPREb_3l6EXJ9JS8G	UCDQlvsMEM5j0k5cqmfHBzVA
1336	We Contain Multitudes	Ólafur Arnalds	some kind of peace	INDIFFERENT	3:19	WXccuEswkG8	MPREb_3l6EXJ9JS8G	UCDQlvsMEM5j0k5cqmfHBzVA
1337	Undone	Ólafur Arnalds	some kind of peace	INDIFFERENT	5:04	Famgo3hw53k	MPREb_3l6EXJ9JS8G	UCDQlvsMEM5j0k5cqmfHBzVA
109	I Thot There Was One Wound in This House, There's Two	keiyaA	Forever, Ya Girl	INDIFFERENT	2:18	eRf9WlIl_g4	MPREb_mBr2jsXpHjR	UCHQ3keDBuH9qq53Jkeb2glQ
110	Way Eye	keiyaA	Forever, Ya Girl	INDIFFERENT	1:19	4U-nxHSH2fc	MPREb_mBr2jsXpHjR	UCHQ3keDBuH9qq53Jkeb2glQ
111	Rectifiya	keiyaA	Forever, Ya Girl	INDIFFERENT	3:59	tCV9Vt1-sm8	MPREb_mBr2jsXpHjR	UCHQ3keDBuH9qq53Jkeb2glQ
112	Hvnli	keiyaA	Forever, Ya Girl	INDIFFERENT	3:10	TjKPeL413mI	MPREb_mBr2jsXpHjR	UCHQ3keDBuH9qq53Jkeb2glQ
113	Hvnli (reprise)	keiyaA	Forever, Ya Girl	INDIFFERENT	1:46	pJd8rfcoJBo	MPREb_mBr2jsXpHjR	UCHQ3keDBuH9qq53Jkeb2glQ
114	Do Yourself a Favor	keiyaA	Forever, Ya Girl	INDIFFERENT	4:29	NMKeIRxRSUE	MPREb_mBr2jsXpHjR	UCHQ3keDBuH9qq53Jkeb2glQ
115	A Mile, a Way	keiyaA	Forever, Ya Girl	INDIFFERENT	2:14	Q1-eSzqKCUk	MPREb_mBr2jsXpHjR	UCHQ3keDBuH9qq53Jkeb2glQ
116	I Want My Things!	keiyaA	Forever, Ya Girl	INDIFFERENT	2:23	LgYXox0hcV8	MPREb_mBr2jsXpHjR	UCHQ3keDBuH9qq53Jkeb2glQ
117	Change the Story (interlude)	keiyaA	Forever, Ya Girl	INDIFFERENT	0:22	irPT8jYmoAE	MPREb_mBr2jsXpHjR	UCHQ3keDBuH9qq53Jkeb2glQ
118	Every Nigga Is a Star	keiyaA	Forever, Ya Girl	INDIFFERENT	2:38	KBzegVDPXdE	MPREb_mBr2jsXpHjR	UCHQ3keDBuH9qq53Jkeb2glQ
119	I! Gits! Weary!	keiyaA	Forever, Ya Girl	INDIFFERENT	2:06	tpswAD4G3K8	MPREb_mBr2jsXpHjR	UCHQ3keDBuH9qq53Jkeb2glQ
120	Negus Poem 1 & 2	keiyaA	Forever, Ya Girl	INDIFFERENT	3:35	8vC8wId9Lvc	MPREb_mBr2jsXpHjR	UCHQ3keDBuH9qq53Jkeb2glQ
121	Forreal???	keiyaA	Forever, Ya Girl	INDIFFERENT	2:39	M1DpuBEHwUo	MPREb_mBr2jsXpHjR	UCHQ3keDBuH9qq53Jkeb2glQ
122	F.w.u.	keiyaA	Forever, Ya Girl	INDIFFERENT	3:01	dSRkAAzlonE	MPREb_mBr2jsXpHjR	UCHQ3keDBuH9qq53Jkeb2glQ
123	Nu World Burdens	keiyaA	Forever, Ya Girl	INDIFFERENT	3:25	uj_NFHejryw	MPREb_mBr2jsXpHjR	UCHQ3keDBuH9qq53Jkeb2glQ
124	Keep It Real	keiyaA	Forever, Ya Girl	INDIFFERENT	3:02	62U42qKYSuA	MPREb_mBr2jsXpHjR	UCHQ3keDBuH9qq53Jkeb2glQ
31	Intro	clipping.	Visions of Bodies Being Burned	INDIFFERENT	2:21	-_I313pchBo	MPREb_6b0ribtqTtJ	UCIahymQzVz4bXn1DrDB3gtg
33	Wytchboard (Interlude)	clipping.	Visions of Bodies Being Burned	INDIFFERENT	0:31	8OnQmCVaK9s	MPREb_6b0ribtqTtJ	UCIahymQzVz4bXn1DrDB3gtg
34	'96 Neve Campbell (feat. Cam & China)	clipping.	Visions of Bodies Being Burned	INDIFFERENT	3:22	5KsF2K19xkw	MPREb_6b0ribtqTtJ	UCIahymQzVz4bXn1DrDB3gtg
35	Something Underneath	clipping.	Visions of Bodies Being Burned	INDIFFERENT	2:36	SA7TOkO8d7k	MPREb_6b0ribtqTtJ	UCIahymQzVz4bXn1DrDB3gtg
36	Make Them Dead	clipping.	Visions of Bodies Being Burned	INDIFFERENT	4:07	ubtUNDTRfwg	MPREb_6b0ribtqTtJ	UCIahymQzVz4bXn1DrDB3gtg
37	She Bad	clipping.	Visions of Bodies Being Burned	INDIFFERENT	3:27	abN2Hqlvz9E	MPREb_6b0ribtqTtJ	UCIahymQzVz4bXn1DrDB3gtg
38	Invocation (Interlude) (feat. Greg Stuart)	clipping.	Visions of Bodies Being Burned	INDIFFERENT	1:13	Qc59gqK-nvY	MPREb_6b0ribtqTtJ	UCIahymQzVz4bXn1DrDB3gtg
39	Pain Everyday (feat. Michael Esposito)	clipping.	Visions of Bodies Being Burned	INDIFFERENT	3:40	u5uqBIKhYPI	MPREb_6b0ribtqTtJ	UCIahymQzVz4bXn1DrDB3gtg
40	Check the Lock	clipping.	Visions of Bodies Being Burned	INDIFFERENT	3:38	aQNPlCcsop8	MPREb_6b0ribtqTtJ	UCIahymQzVz4bXn1DrDB3gtg
41	Looking Like Meat (feat. Ho99o9)	clipping.	Visions of Bodies Being Burned	INDIFFERENT	3:30	PdU1OD7Itwo	MPREb_6b0ribtqTtJ	UCIahymQzVz4bXn1DrDB3gtg
42	Drove (Interlude)	clipping.	Visions of Bodies Being Burned	INDIFFERENT	0:52	Qh4eTariaE4	MPREb_6b0ribtqTtJ	UCIahymQzVz4bXn1DrDB3gtg
44	Body for the Pile (feat. Sickness)	clipping.	Visions of Bodies Being Burned	INDIFFERENT	4:25	AmgyVPI9oDg	MPREb_6b0ribtqTtJ	UCIahymQzVz4bXn1DrDB3gtg
45	Enlacing	clipping.	Visions of Bodies Being Burned	INDIFFERENT	4:44	vOjXtyJXAUg	MPREb_6b0ribtqTtJ	UCIahymQzVz4bXn1DrDB3gtg
46	Secret Piece	clipping.	Visions of Bodies Being Burned	INDIFFERENT	3:42	CYAF5Nm2DnM	MPREb_6b0ribtqTtJ	UCIahymQzVz4bXn1DrDB3gtg
57	Care	beabadoobee	Fake It Flowers	INDIFFERENT	3:15	M9QPzGBIZsY	MPREb_PJALOB1Ii9H	UCcGMuu89vageEKV8zUKhwdA
58	Worth It	beabadoobee	Fake It Flowers	INDIFFERENT	3:15	0twrmrG_s9g	MPREb_PJALOB1Ii9H	UCcGMuu89vageEKV8zUKhwdA
59	Dye It Red	beabadoobee	Fake It Flowers	INDIFFERENT	3:10	sMvTB9UHPBY	MPREb_PJALOB1Ii9H	UCcGMuu89vageEKV8zUKhwdA
60	Back To Mars	beabadoobee	Fake It Flowers	INDIFFERENT	1:31	eBpTlKVK--4	MPREb_PJALOB1Ii9H	UCcGMuu89vageEKV8zUKhwdA
61	Charlie Brown	beabadoobee	Fake It Flowers	INDIFFERENT	2:33	n2Cuca6ISzQ	MPREb_PJALOB1Ii9H	UCcGMuu89vageEKV8zUKhwdA
62	Emo Song	beabadoobee	Fake It Flowers	INDIFFERENT	3:39	36w9rF9h1l8	MPREb_PJALOB1Ii9H	UCcGMuu89vageEKV8zUKhwdA
63	Sorry	beabadoobee	Fake It Flowers	INDIFFERENT	3:54	TAFcCDoIos8	MPREb_PJALOB1Ii9H	UCcGMuu89vageEKV8zUKhwdA
64	Further Away	beabadoobee	Fake It Flowers	INDIFFERENT	3:08	WMweFzKcF9I	MPREb_PJALOB1Ii9H	UCcGMuu89vageEKV8zUKhwdA
65	Horen Sarrison	beabadoobee	Fake It Flowers	INDIFFERENT	5:36	p9somzQe4ik	MPREb_PJALOB1Ii9H	UCcGMuu89vageEKV8zUKhwdA
66	How Was Your Day?	beabadoobee	Fake It Flowers	INDIFFERENT	4:21	fCjm0dQuXAY	MPREb_PJALOB1Ii9H	UCcGMuu89vageEKV8zUKhwdA
67	Together	beabadoobee	Fake It Flowers	INDIFFERENT	3:21	zcFxYTqevYs	MPREb_PJALOB1Ii9H	UCcGMuu89vageEKV8zUKhwdA
68	Yoshimi, Forest, Magdalene	beabadoobee	Fake It Flowers	INDIFFERENT	3:25	Vie4FKNvZMA	MPREb_PJALOB1Ii9H	UCcGMuu89vageEKV8zUKhwdA
517	Momo	bdrmm	Bedroom	INDIFFERENT	3:36	ZHosRxKQMeg	MPREb_1LuEeejy0rC	UC1cS2C5jCNn4cEtLcfHjolg
518	Push / Pull	bdrmm	Bedroom	INDIFFERENT	4:51	5gvrUh0GBBU	MPREb_1LuEeejy0rC	UC1cS2C5jCNn4cEtLcfHjolg
519	A Reason to Celebrate	bdrmm	Bedroom	INDIFFERENT	3:45	FyxYZY4RNGQ	MPREb_1LuEeejy0rC	UC1cS2C5jCNn4cEtLcfHjolg
520	Gush	bdrmm	Bedroom	INDIFFERENT	3:47	os308PalRrI	MPREb_1LuEeejy0rC	UC1cS2C5jCNn4cEtLcfHjolg
521	Happy	bdrmm	Bedroom	INDIFFERENT	3:47	TGLJsjuiO2U	MPREb_1LuEeejy0rC	UC1cS2C5jCNn4cEtLcfHjolg
522	(The Silence)	bdrmm	Bedroom	INDIFFERENT	2:44	957RHFaven0	MPREb_1LuEeejy0rC	UC1cS2C5jCNn4cEtLcfHjolg
523	(Un)Happy	bdrmm	Bedroom	INDIFFERENT	3:24	ljuLl25lINA	MPREb_1LuEeejy0rC	UC1cS2C5jCNn4cEtLcfHjolg
524	If....	bdrmm	Bedroom	INDIFFERENT	4:52	D6y09owk4kY	MPREb_1LuEeejy0rC	UC1cS2C5jCNn4cEtLcfHjolg
525	Is That What You Wanted to Hear?	bdrmm	Bedroom	INDIFFERENT	5:18	yU396PqhH7k	MPREb_1LuEeejy0rC	UC1cS2C5jCNn4cEtLcfHjolg
526	Forget the Credits	bdrmm	Bedroom	INDIFFERENT	5:45	teFppvNv_7o	MPREb_1LuEeejy0rC	UC1cS2C5jCNn4cEtLcfHjolg
1116	Lonely After	Yumi Zouma	Truth or Consequences	INDIFFERENT	3:41	k-gZMFcPbwE	MPREb_0EEqklwJCd6	UCQqAzIFazcwAg4dGcabd4dQ
1117	Right Track / Wrong Man	Yumi Zouma	Truth or Consequences	INDIFFERENT	2:57	UA9ZR1bIxKg	MPREb_0EEqklwJCd6	UCQqAzIFazcwAg4dGcabd4dQ
1118	Southwark	Yumi Zouma	Truth or Consequences	INDIFFERENT	3:23	zCs7s8W1CEs	MPREb_0EEqklwJCd6	UCQqAzIFazcwAg4dGcabd4dQ
1119	Sage	Yumi Zouma	Truth or Consequences	INDIFFERENT	3:02	IxveJDffFnk	MPREb_0EEqklwJCd6	UCQqAzIFazcwAg4dGcabd4dQ
1120	Mirror To The Fire	Yumi Zouma	Truth or Consequences	INDIFFERENT	2:59	9G8yN_J_seo	MPREb_0EEqklwJCd6	UCQqAzIFazcwAg4dGcabd4dQ
1121	Cool For A Second	Yumi Zouma	Truth or Consequences	INDIFFERENT	3:10	4M685MqREz0	MPREb_0EEqklwJCd6	UCQqAzIFazcwAg4dGcabd4dQ
1122	Truer Than Ever	Yumi Zouma	Truth or Consequences	INDIFFERENT	3:05	GI9pIBqkB5g	MPREb_0EEqklwJCd6	UCQqAzIFazcwAg4dGcabd4dQ
1123	My Palms Are Your Reference To Hold To Your Heart	Yumi Zouma	Truth or Consequences	INDIFFERENT	3:57	1Xf_4uvVGlo	MPREb_0EEqklwJCd6	UCQqAzIFazcwAg4dGcabd4dQ
1124	Magazine Bay	Yumi Zouma	Truth or Consequences	INDIFFERENT	3:54	ncq1y4YFNWY	MPREb_0EEqklwJCd6	UCQqAzIFazcwAg4dGcabd4dQ
1125	Lie Like You Want Me Back	Yumi Zouma	Truth or Consequences	INDIFFERENT	3:28	jRyYvxQs84M	MPREb_0EEqklwJCd6	UCQqAzIFazcwAg4dGcabd4dQ
843	ALPHABETLAND	X	ALPHABETLAND	INDIFFERENT	2:59	VGEQJsptp3k	MPREb_Ao1B8ZdNVcx	UC6oJrNTRJ6cJGCIJQ5GHf5w
844	Free	X	ALPHABETLAND	INDIFFERENT	2:15	uin_FPOjRPQ	MPREb_Ao1B8ZdNVcx	UC6oJrNTRJ6cJGCIJQ5GHf5w
845	Water & Wine	X	ALPHABETLAND	INDIFFERENT	2:40	zstnByjnWrA	MPREb_Ao1B8ZdNVcx	UC6oJrNTRJ6cJGCIJQ5GHf5w
846	Strange Life	X	ALPHABETLAND	INDIFFERENT	2:35	Ckd7CzX50tA	MPREb_Ao1B8ZdNVcx	UC6oJrNTRJ6cJGCIJQ5GHf5w
847	I Gotta Fever	X	ALPHABETLAND	INDIFFERENT	2:28	jJCU_hse4sQ	MPREb_Ao1B8ZdNVcx	UC6oJrNTRJ6cJGCIJQ5GHf5w
848	Delta 88 Nightmare	X	ALPHABETLAND	INDIFFERENT	1:38	qYV7OSswNeU	MPREb_Ao1B8ZdNVcx	UC6oJrNTRJ6cJGCIJQ5GHf5w
849	Star Chambered	X	ALPHABETLAND	INDIFFERENT	2:18	ezKWPbClXk4	MPREb_Ao1B8ZdNVcx	UC6oJrNTRJ6cJGCIJQ5GHf5w
850	Angel on the Road	X	ALPHABETLAND	INDIFFERENT	2:50	SEDxPyVsuKM	MPREb_Ao1B8ZdNVcx	UC6oJrNTRJ6cJGCIJQ5GHf5w
851	Cyrano deBerger's Back	X	ALPHABETLAND	INDIFFERENT	3:05	XSAXwhXXRnk	MPREb_Ao1B8ZdNVcx	UC6oJrNTRJ6cJGCIJQ5GHf5w
852	Goodbye Year, Goodbye	X	ALPHABETLAND	INDIFFERENT	2:17	_7CpXMbPfSc	MPREb_Ao1B8ZdNVcx	UC6oJrNTRJ6cJGCIJQ5GHf5w
853	All the Time in the World	X	ALPHABETLAND	INDIFFERENT	2:06	W33alyqV_cg	MPREb_Ao1B8ZdNVcx	UC6oJrNTRJ6cJGCIJQ5GHf5w
1062	Reckless	Wizkid	Made In Lagos	INDIFFERENT	3:54	MzXljIC-5nU	MPREb_eZTfpYU8O3j	UC25DGtgYk5TwdksvtpeWYvA
1063	Ginger (feat. Burna Boy)	Wizkid	Made In Lagos	INDIFFERENT	3:17	gbPN6Nsenis	MPREb_eZTfpYU8O3j	UC25DGtgYk5TwdksvtpeWYvA
1064	Longtime (feat. Skepta)	Wizkid	Made In Lagos	INDIFFERENT	4:00	8f5YGbmAkdg	MPREb_eZTfpYU8O3j	UC25DGtgYk5TwdksvtpeWYvA
1065	Mighty Wine	Wizkid	Made In Lagos	INDIFFERENT	3:38	-wXB4xe9Yw8	MPREb_eZTfpYU8O3j	UC25DGtgYk5TwdksvtpeWYvA
1066	Blessed (feat. Damian Marley)	Wizkid	Made In Lagos	INDIFFERENT	4:23	9u1mWQ-cJjc	MPREb_eZTfpYU8O3j	UC25DGtgYk5TwdksvtpeWYvA
1068	Piece of Me (feat. Ella Mai)	Wizkid	Made In Lagos	INDIFFERENT	3:17	ldfm5Eaa5o4	MPREb_eZTfpYU8O3j	UC25DGtgYk5TwdksvtpeWYvA
1069	No Stress	Wizkid	Made In Lagos	INDIFFERENT	3:23	FSdAn3RPO9A	MPREb_eZTfpYU8O3j	UC25DGtgYk5TwdksvtpeWYvA
1070	True Love (feat. Tay Iwar & Projexx)	Wizkid	Made In Lagos	INDIFFERENT	4:08	rg_RjcZqbfs	MPREb_eZTfpYU8O3j	UC25DGtgYk5TwdksvtpeWYvA
1071	Sweet One	Wizkid	Made In Lagos	INDIFFERENT	4:11	p-aFi5ZdM-k	MPREb_eZTfpYU8O3j	UC25DGtgYk5TwdksvtpeWYvA
1072	Essence (feat. Tems)	Wizkid	Made In Lagos	INDIFFERENT	4:09	JL263Go9FUk	MPREb_eZTfpYU8O3j	UC25DGtgYk5TwdksvtpeWYvA
1073	Roma (feat. Terri)	Wizkid	Made In Lagos	INDIFFERENT	3:00	Ty8h1PXlGs0	MPREb_eZTfpYU8O3j	UC25DGtgYk5TwdksvtpeWYvA
1074	Gyrate	Wizkid	Made In Lagos	INDIFFERENT	3:14	aJUJBmr40yU	MPREb_eZTfpYU8O3j	UC25DGtgYk5TwdksvtpeWYvA
1075	Grace	Wizkid	Made In Lagos	INDIFFERENT	3:24	vgY8u0mDv5M	MPREb_eZTfpYU8O3j	UC25DGtgYk5TwdksvtpeWYvA
644	Be Like Them	Wire	Mind Hive	INDIFFERENT	3:53	KNL9t6yY-80	MPREb_fXZjySjm94Z	UCJOW5ijQ4MFnvZxhdCHha6Q
645	Cactused	Wire	Mind Hive	INDIFFERENT	3:35	QaEIw-7-LBM	MPREb_fXZjySjm94Z	UCJOW5ijQ4MFnvZxhdCHha6Q
646	Primed And Ready	Wire	Mind Hive	INDIFFERENT	2:44	EwpXpAfYL6s	MPREb_fXZjySjm94Z	UCJOW5ijQ4MFnvZxhdCHha6Q
647	Off The Beach	Wire	Mind Hive	INDIFFERENT	2:23	Hy2j_6pfkR0	MPREb_fXZjySjm94Z	UCJOW5ijQ4MFnvZxhdCHha6Q
648	Unrepentant	Wire	Mind Hive	INDIFFERENT	5:03	XE2h0e5TRPY	MPREb_fXZjySjm94Z	UCJOW5ijQ4MFnvZxhdCHha6Q
649	Shadows	Wire	Mind Hive	INDIFFERENT	2:46	da0qSwvIeFM	MPREb_fXZjySjm94Z	UCJOW5ijQ4MFnvZxhdCHha6Q
650	Oklahoma	Wire	Mind Hive	INDIFFERENT	3:09	Accgv5SxKTo	MPREb_fXZjySjm94Z	UCJOW5ijQ4MFnvZxhdCHha6Q
651	Hung	Wire	Mind Hive	INDIFFERENT	7:55	XXHCINub1Rs	MPREb_fXZjySjm94Z	UCJOW5ijQ4MFnvZxhdCHha6Q
652	Humming	Wire	Mind Hive	INDIFFERENT	3:30	72vTexeH6ew	MPREb_fXZjySjm94Z	UCJOW5ijQ4MFnvZxhdCHha6Q
542	For Whom the Bell Tolls	William Basinski	Lamentations	INDIFFERENT	4:11	aNE6ToemlT4	MPREb_r1V7BRakUwC	UCi6J6_Fl9zUHMFmduDLISfw
543	The Wheel of Fortune	William Basinski	Lamentations	INDIFFERENT	3:21	Rzn85QfsdoE	MPREb_r1V7BRakUwC	UCi6J6_Fl9zUHMFmduDLISfw
544	Paradise Lost	William Basinski	Lamentations	INDIFFERENT	1:23	AskqymhHp-E	MPREb_r1V7BRakUwC	UCi6J6_Fl9zUHMFmduDLISfw
545	Tear Vial	William Basinski	Lamentations	INDIFFERENT	4:46	oncWToKAZ2M	MPREb_r1V7BRakUwC	UCi6J6_Fl9zUHMFmduDLISfw
546	O, My Daughter, O, My Sorrow	William Basinski	Lamentations	INDIFFERENT	6:44	rkjxsXtn0A4	MPREb_r1V7BRakUwC	UCi6J6_Fl9zUHMFmduDLISfw
547	Passio	William Basinski	Lamentations	INDIFFERENT	6:22	MhUSYKLHJ1Q	MPREb_r1V7BRakUwC	UCi6J6_Fl9zUHMFmduDLISfw
548	Punch and Judy	William Basinski	Lamentations	INDIFFERENT	3:07	Zf37hcViBpw	MPREb_r1V7BRakUwC	UCi6J6_Fl9zUHMFmduDLISfw
549	Silent Spring	William Basinski	Lamentations	INDIFFERENT	6:21	DRgshcEw_ak	MPREb_r1V7BRakUwC	UCi6J6_Fl9zUHMFmduDLISfw
550	Transfiguration	William Basinski	Lamentations	INDIFFERENT	3:38	62QJYu7Gzis	MPREb_r1V7BRakUwC	UCi6J6_Fl9zUHMFmduDLISfw
551	All These Too, I, I Love	William Basinski	Lamentations	INDIFFERENT	11:07	WMTcY4WqfJI	MPREb_r1V7BRakUwC	UCi6J6_Fl9zUHMFmduDLISfw
552	Please, This Shit Has Got To Stop	William Basinski	Lamentations	INDIFFERENT	5:05	xlFLXah2tsQ	MPREb_r1V7BRakUwC	UCi6J6_Fl9zUHMFmduDLISfw
553	Fin	William Basinski	Lamentations	INDIFFERENT	1:38	X3VliZ5ZFvw	MPREb_r1V7BRakUwC	UCi6J6_Fl9zUHMFmduDLISfw
963	400 Million Plus Tax	Westside Gunn	Pray for Paris	INDIFFERENT	1:09	kAsntbUcc6Q	MPREb_HSYOKi9iKwu	UCybsc9LmsG3dhOf4_Q4i4lA
964	No Vacancy	Westside Gunn	Pray for Paris	INDIFFERENT	1:36	QT7YjN3QVGk	MPREb_HSYOKi9iKwu	UCybsc9LmsG3dhOf4_Q4i4lA
965	George Bondo (feat. Conway the Machine & Benny The Butcher)	Westside Gunn	Pray for Paris	INDIFFERENT	4:45	ylbM0yiKcVE	MPREb_HSYOKi9iKwu	UCybsc9LmsG3dhOf4_Q4i4lA
967	Euro Step	Westside Gunn	Pray for Paris	INDIFFERENT	1:50	udzTenpP330	MPREb_HSYOKi9iKwu	UCybsc9LmsG3dhOf4_Q4i4lA
969	$500 Ounces (feat. Freddie Gibbs & Roc Marciano)	Westside Gunn	Pray for Paris	INDIFFERENT	4:13	-wIggLXTPLY	MPREb_HSYOKi9iKwu	UCybsc9LmsG3dhOf4_Q4i4lA
970	Versace	Westside Gunn	Pray for Paris	INDIFFERENT	2:05	tSwp6iFY3Eg	MPREb_HSYOKi9iKwu	UCybsc9LmsG3dhOf4_Q4i4lA
971	Shawn vs. Flair	Westside Gunn	Pray for Paris	INDIFFERENT	2:22	NgWEMu0XOpI	MPREb_HSYOKi9iKwu	UCybsc9LmsG3dhOf4_Q4i4lA
972	Party wit Pop Smoke (feat. Keisha Plum)	Westside Gunn	Pray for Paris	INDIFFERENT	2:15	J3B_D9vY8T4	MPREb_HSYOKi9iKwu	UCybsc9LmsG3dhOf4_Q4i4lA
973	LE Djoliba (feat. Cartier William)	Westside Gunn	Pray for Paris	INDIFFERENT	2:24	JBKfy8yYs8g	MPREb_HSYOKi9iKwu	UCybsc9LmsG3dhOf4_Q4i4lA
1087	Weather	Tycho	Simulcast	INDIFFERENT	4:15	rJOXwkYCnDU	MPREb_akuoir5mj63	UC6M6DgivBo3VHTYDa9BblqQ
1088	Outer Sunset	Tycho	Simulcast	INDIFFERENT	4:11	ngLLamadmGk	MPREb_akuoir5mj63	UC6M6DgivBo3VHTYDa9BblqQ
1090	Easy	Tycho	Simulcast	INDIFFERENT	3:28	nHkZ9rhMjRc	MPREb_akuoir5mj63	UC6M6DgivBo3VHTYDa9BblqQ
1091	PCH	Tycho	Simulcast	INDIFFERENT	3:21	U6hi6rVEzBE	MPREb_akuoir5mj63	UC6M6DgivBo3VHTYDa9BblqQ
1092	Cypress	Tycho	Simulcast	INDIFFERENT	6:15	r4bvC40cDKM	MPREb_akuoir5mj63	UC6M6DgivBo3VHTYDa9BblqQ
1093	Stress	Tycho	Simulcast	INDIFFERENT	5:06	nzJvSPO5KpY	MPREb_akuoir5mj63	UC6M6DgivBo3VHTYDa9BblqQ
1308	Good Scare	Torres	Silver Tongue	INDIFFERENT	3:36	HfjXfnY7BD0	MPREb_bUBUCkZjhx0	UCZLTJfe4uTZqUsluNScFhzw
1309	Last Forest	Torres	Silver Tongue	INDIFFERENT	3:45	wzptTGrzxkQ	MPREb_bUBUCkZjhx0	UCZLTJfe4uTZqUsluNScFhzw
1310	Dressing America	Torres	Silver Tongue	INDIFFERENT	4:00	TTRbEe_nJm0	MPREb_bUBUCkZjhx0	UCZLTJfe4uTZqUsluNScFhzw
1311	Records of Your Tenderness	Torres	Silver Tongue	INDIFFERENT	2:48	ZmO5pbFAXMM	MPREb_bUBUCkZjhx0	UCZLTJfe4uTZqUsluNScFhzw
1312	Two of Everything	Torres	Silver Tongue	INDIFFERENT	4:50	poxIF41ml2o	MPREb_bUBUCkZjhx0	UCZLTJfe4uTZqUsluNScFhzw
1313	Good Grief	Torres	Silver Tongue	INDIFFERENT	5:04	7N0ZUgrAFDE	MPREb_bUBUCkZjhx0	UCZLTJfe4uTZqUsluNScFhzw
1314	A Few Blue Flowers	Torres	Silver Tongue	INDIFFERENT	3:51	fsDndwmRVq8	MPREb_bUBUCkZjhx0	UCZLTJfe4uTZqUsluNScFhzw
1315	Gracious Day	Torres	Silver Tongue	INDIFFERENT	2:35	VWcHXm5bieI	MPREb_bUBUCkZjhx0	UCZLTJfe4uTZqUsluNScFhzw
1316	Silver Tongue	Torres	Silver Tongue	INDIFFERENT	4:11	jxv9oJctIc0	MPREb_bUBUCkZjhx0	UCZLTJfe4uTZqUsluNScFhzw
1005	Empathy For The Devil	Tim Burgess	I Love The New Sky	INDIFFERENT	4:21	9QOum0k5lTI	MPREb_xK5fzzrBLkt	UCStlU2XKzglm06BHM73djBA
1006	Sweetheart Mercury	Tim Burgess	I Love The New Sky	INDIFFERENT	3:54	H8QkcU-BW8o	MPREb_xK5fzzrBLkt	UCStlU2XKzglm06BHM73djBA
1007	Comme D'Habitude	Tim Burgess	I Love The New Sky	INDIFFERENT	4:22	1n8YOn5XTHY	MPREb_xK5fzzrBLkt	UCStlU2XKzglm06BHM73djBA
1008	Sweet Old Sorry Me	Tim Burgess	I Love The New Sky	INDIFFERENT	3:46	ehhKt0z6pTU	MPREb_xK5fzzrBLkt	UCStlU2XKzglm06BHM73djBA
1009	The Warhol Me	Tim Burgess	I Love The New Sky	INDIFFERENT	5:36	iaIYjrDk8lQ	MPREb_xK5fzzrBLkt	UCStlU2XKzglm06BHM73djBA
1010	Lucky Creatures	Tim Burgess	I Love The New Sky	INDIFFERENT	4:26	NoSglARh3eg	MPREb_xK5fzzrBLkt	UCStlU2XKzglm06BHM73djBA
1011	The Mall	Tim Burgess	I Love The New Sky	INDIFFERENT	4:40	LaI1Z2l461o	MPREb_xK5fzzrBLkt	UCStlU2XKzglm06BHM73djBA
1012	Timothy	Tim Burgess	I Love The New Sky	INDIFFERENT	4:14	MKrIo8fK8yg	MPREb_xK5fzzrBLkt	UCStlU2XKzglm06BHM73djBA
1013	Only Took A Year	Tim Burgess	I Love The New Sky	INDIFFERENT	4:07	7Peul_w4MU4	MPREb_xK5fzzrBLkt	UCStlU2XKzglm06BHM73djBA
1014	I Got This	Tim Burgess	I Love The New Sky	INDIFFERENT	4:14	Vco7RZLCCeo	MPREb_xK5fzzrBLkt	UCStlU2XKzglm06BHM73djBA
1015	Undertow	Tim Burgess	I Love The New Sky	INDIFFERENT	4:32	JsOoqmhm4vA	MPREb_xK5fzzrBLkt	UCStlU2XKzglm06BHM73djBA
1016	Laurie	Tim Burgess	I Love The New Sky	INDIFFERENT	4:57	Maq4tbWNlbY	MPREb_xK5fzzrBLkt	UCStlU2XKzglm06BHM73djBA
576	Hashish	Thurston Moore	By The Fire	INDIFFERENT	5:47	OwC3qrDrIy4	MPREb_RRHH4dxd9Wx	UCgLSOzdDwoSHjc_ofaCxsTw
577	Cantaloupe	Thurston Moore	By The Fire	INDIFFERENT	4:45	hpHQLsnadFs	MPREb_RRHH4dxd9Wx	UCgLSOzdDwoSHjc_ofaCxsTw
578	Breath	Thurston Moore	By The Fire	INDIFFERENT	10:49	sZeVlyvc3iQ	MPREb_RRHH4dxd9Wx	UCgLSOzdDwoSHjc_ofaCxsTw
579	Siren	Thurston Moore	By The Fire	INDIFFERENT	12:18	zbKmyKv1UP0	MPREb_RRHH4dxd9Wx	UCgLSOzdDwoSHjc_ofaCxsTw
580	Calligraphy	Thurston Moore	By The Fire	INDIFFERENT	5:21	_nvTUjx1vm4	MPREb_RRHH4dxd9Wx	UCgLSOzdDwoSHjc_ofaCxsTw
581	Locomotives	Thurston Moore	By The Fire	INDIFFERENT	16:49	EkCAsy7Nzd0	MPREb_RRHH4dxd9Wx	UCgLSOzdDwoSHjc_ofaCxsTw
582	Dreamers Work	Thurston Moore	By The Fire	INDIFFERENT	4:58	er1itj5Apjw	MPREb_RRHH4dxd9Wx	UCgLSOzdDwoSHjc_ofaCxsTw
583	They Believe In Love [When They Look At You]	Thurston Moore	By The Fire	INDIFFERENT	7:51	sJcvPnVmvuM	MPREb_RRHH4dxd9Wx	UCgLSOzdDwoSHjc_ofaCxsTw
584	Venus	Thurston Moore	By The Fire	INDIFFERENT	13:45	5L4eaGLvfOI	MPREb_RRHH4dxd9Wx	UCgLSOzdDwoSHjc_ofaCxsTw
1173	Carrion Crawler (Live)	Thee Oh Sees	Levitation Sessions (Live)	INDIFFERENT	3:44	u7a1IdY8HFs	MPREb_A0WNACsAYPt	UCy-Gzb-aCE1vWkbwQZaoIXQ
1174	I Come from the Mountain (Live)	Thee Oh Sees	Levitation Sessions (Live)	INDIFFERENT	2:44	x65cTiyy_5c	MPREb_A0WNACsAYPt	UCy-Gzb-aCE1vWkbwQZaoIXQ
1175	Static God (Live)	Thee Oh Sees	Levitation Sessions (Live)	INDIFFERENT	4:09	Wm-AxndiQ8k	MPREb_A0WNACsAYPt	UCy-Gzb-aCE1vWkbwQZaoIXQ
1176	Sewer Fire (Live)	Thee Oh Sees	Levitation Sessions (Live)	INDIFFERENT	2:55	7zbiGZK8edk	MPREb_A0WNACsAYPt	UCy-Gzb-aCE1vWkbwQZaoIXQ
1178	Dreary Nonsense (Live)	Thee Oh Sees	Levitation Sessions (Live)	INDIFFERENT	1:37	ut4eeTzqbmM	MPREb_A0WNACsAYPt	UCy-Gzb-aCE1vWkbwQZaoIXQ
1179	The Fizz (Live)	Thee Oh Sees	Levitation Sessions (Live)	INDIFFERENT	2:10	SdOz7-i9p-U	MPREb_A0WNACsAYPt	UCy-Gzb-aCE1vWkbwQZaoIXQ
1180	Corrupt Coffin (Live)	Thee Oh Sees	Levitation Sessions (Live)	INDIFFERENT	1:28	_KmGoK0GzpU	MPREb_A0WNACsAYPt	UCy-Gzb-aCE1vWkbwQZaoIXQ
1181	Together Tomorrow (Live)	Thee Oh Sees	Levitation Sessions (Live)	INDIFFERENT	1:39	QuoBZEFRqys	MPREb_A0WNACsAYPt	UCy-Gzb-aCE1vWkbwQZaoIXQ
1182	Night Crawler (Live)	Thee Oh Sees	Levitation Sessions (Live)	INDIFFERENT	4:10	qTzBiej_Ems	MPREb_A0WNACsAYPt	UCy-Gzb-aCE1vWkbwQZaoIXQ
1183	Terminal Jape (Live)	Thee Oh Sees	Levitation Sessions (Live)	INDIFFERENT	2:15	b-n3cOrmjOQ	MPREb_A0WNACsAYPt	UCy-Gzb-aCE1vWkbwQZaoIXQ
1184	Rainbow (Live)	Thee Oh Sees	Levitation Sessions (Live)	INDIFFERENT	1:42	xo2a7OcDr28	MPREb_A0WNACsAYPt	UCy-Gzb-aCE1vWkbwQZaoIXQ
1185	Heart Worm (Live)	Thee Oh Sees	Levitation Sessions (Live)	INDIFFERENT	1:57	8nQsbxv37Lw	MPREb_A0WNACsAYPt	UCy-Gzb-aCE1vWkbwQZaoIXQ
1186	Transparent World Jam (Live)	Thee Oh Sees	Levitation Sessions (Live)	INDIFFERENT	3:23	nzzq_2-Uj6c	MPREb_A0WNACsAYPt	UCy-Gzb-aCE1vWkbwQZaoIXQ
1187	Block of Ice (Live)	Thee Oh Sees	Levitation Sessions (Live)	INDIFFERENT	11:56	94CL3usLoW4	MPREb_A0WNACsAYPt	UCy-Gzb-aCE1vWkbwQZaoIXQ
977	The Boy That Invented Rock & Roll	The Psychedelic Furs	Made of Rain	INDIFFERENT	3:37	MV0BcnFemYk	MPREb_d6VnuSxtNBQ	UC8v6gbGXQq-yRkg6Nu6zyMw
978	Don't Believe	The Psychedelic Furs	Made of Rain	INDIFFERENT	3:46	FlmSTICo4PI	MPREb_d6VnuSxtNBQ	UC8v6gbGXQq-yRkg6Nu6zyMw
979	You'll Be Mine	The Psychedelic Furs	Made of Rain	INDIFFERENT	4:48	QvrJOjy-0v4	MPREb_d6VnuSxtNBQ	UC8v6gbGXQq-yRkg6Nu6zyMw
980	Wrong Train	The Psychedelic Furs	Made of Rain	INDIFFERENT	4:13	LZmwiZ-c--Q	MPREb_d6VnuSxtNBQ	UC8v6gbGXQq-yRkg6Nu6zyMw
981	This'll Never Be Like Love	The Psychedelic Furs	Made of Rain	INDIFFERENT	5:10	QI9zuSqEu-8	MPREb_d6VnuSxtNBQ	UC8v6gbGXQq-yRkg6Nu6zyMw
982	Ash Wednesday	The Psychedelic Furs	Made of Rain	INDIFFERENT	5:38	FhJ7q-fRY8Q	MPREb_d6VnuSxtNBQ	UC8v6gbGXQq-yRkg6Nu6zyMw
983	Come All Ye Faithful	The Psychedelic Furs	Made of Rain	INDIFFERENT	4:23	sp0lULsZaew	MPREb_d6VnuSxtNBQ	UC8v6gbGXQq-yRkg6Nu6zyMw
984	No-One	The Psychedelic Furs	Made of Rain	INDIFFERENT	4:23	hfj9UFaI5Ao	MPREb_d6VnuSxtNBQ	UC8v6gbGXQq-yRkg6Nu6zyMw
985	Tiny Hands	The Psychedelic Furs	Made of Rain	INDIFFERENT	3:46	unIg9pQdZ1o	MPREb_d6VnuSxtNBQ	UC8v6gbGXQq-yRkg6Nu6zyMw
986	Hide the Medicine	The Psychedelic Furs	Made of Rain	INDIFFERENT	3:46	5Zof2jsKwNY	MPREb_d6VnuSxtNBQ	UC8v6gbGXQq-yRkg6Nu6zyMw
987	Turn Your Back on Me	The Psychedelic Furs	Made of Rain	INDIFFERENT	4:15	EjDyOMFak0M	MPREb_d6VnuSxtNBQ	UC8v6gbGXQq-yRkg6Nu6zyMw
988	Stars	The Psychedelic Furs	Made of Rain	INDIFFERENT	3:57	qfWESgeYh0I	MPREb_d6VnuSxtNBQ	UC8v6gbGXQq-yRkg6Nu6zyMw
1135	Forma de Ganarme	The Noise, Baby Ranks, & Mr. Biggie	The Noise 7 - Bring The Noise	INDIFFERENT	3:19	KGvT5qF8iW8	MPREb_YvzQ44TVZQ4	
1137	Abran Paso	The Noise & Vico C	The Noise 7 - Bring The Noise	INDIFFERENT	3:09	4SQbYK8NLiQ	MPREb_YvzQ44TVZQ4	
1144	Ay Dios Mio	The Noise & Prieto Valdez	The Noise 7 - Bring The Noise	INDIFFERENT	2:17	aEqjGw68qWk	MPREb_YvzQ44TVZQ4	
1141	Llegó la Musica	The Noise & OGM y Oakley	The Noise 7 - Bring The Noise	INDIFFERENT	3:14	OLsax0zv2wg	MPREb_YvzQ44TVZQ4	
1139	Acaba de Llegar	The Noise & Kid Melaza	The Noise 7 - Bring The Noise	INDIFFERENT	1:36	eCBgH9emCsk	MPREb_YvzQ44TVZQ4	
1138	Hay Que Valorar	The Noise & K2 John	The Noise 7 - Bring The Noise	INDIFFERENT	1:55	OaR5G6pHdkI	MPREb_YvzQ44TVZQ4	
1143	Mueve Tu Cuerpo	The Noise & Black Page	The Noise 7 - Bring The Noise	INDIFFERENT	2:51	h0I6zECXP3w	MPREb_YvzQ44TVZQ4	
1126	Rumor de Guerra	The Noise	The Noise 7 - Bring The Noise	INDIFFERENT	3:43	11wlPryQYh0	MPREb_YvzQ44TVZQ4	UC1vTNiv6UtNq0WTKtyPycBQ
1127	Baila	The Noise	The Noise 7 - Bring The Noise	INDIFFERENT	1:14	VfgsT103K2E	MPREb_YvzQ44TVZQ4	UC1vTNiv6UtNq0WTKtyPycBQ
1128	Fucking Ritmo	The Noise	The Noise 7 - Bring The Noise	INDIFFERENT	4:21	xE2qaO61Ot4	MPREb_YvzQ44TVZQ4	UC1vTNiv6UtNq0WTKtyPycBQ
1129	Saca la 9	The Noise	The Noise 7 - Bring The Noise	INDIFFERENT	2:29	xMj2_2jCWFM	MPREb_YvzQ44TVZQ4	UC1vTNiv6UtNq0WTKtyPycBQ
1130	Al Escuchar Mi Coro	The Noise	The Noise 7 - Bring The Noise	INDIFFERENT	2:40	TUnp3G_LtxE	MPREb_YvzQ44TVZQ4	UC1vTNiv6UtNq0WTKtyPycBQ
1131	Llamaron a Wiso	The Noise	The Noise 7 - Bring The Noise	INDIFFERENT	2:50	JymV-fy7n7g	MPREb_YvzQ44TVZQ4	UC1vTNiv6UtNq0WTKtyPycBQ
1132	Dembow	The Noise	The Noise 7 - Bring The Noise	INDIFFERENT	1:30	9RiTgUVHBnA	MPREb_YvzQ44TVZQ4	UC1vTNiv6UtNq0WTKtyPycBQ
1133	7 Impacto	The Noise	The Noise 7 - Bring The Noise	INDIFFERENT	3:30	BFe_HNE7TEQ	MPREb_YvzQ44TVZQ4	UC1vTNiv6UtNq0WTKtyPycBQ
1134	Envidioso	The Noise	The Noise 7 - Bring The Noise	INDIFFERENT	3:24	L30gamVKGiw	MPREb_YvzQ44TVZQ4	UC1vTNiv6UtNq0WTKtyPycBQ
1136	Voy Subiendo	The Noise	The Noise 7 - Bring The Noise	INDIFFERENT	2:37	TdfGYMf1Chk	MPREb_YvzQ44TVZQ4	UC1vTNiv6UtNq0WTKtyPycBQ
1140	Competencia Ya No Hay	The Noise	The Noise 7 - Bring The Noise	INDIFFERENT	2:31	fqVnMxZmZhg	MPREb_YvzQ44TVZQ4	UC1vTNiv6UtNq0WTKtyPycBQ
1142	Haciendo Ruido	The Noise	The Noise 7 - Bring The Noise	INDIFFERENT	3:10	fWB6LQk8eS8	MPREb_YvzQ44TVZQ4	UC1vTNiv6UtNq0WTKtyPycBQ
1145	Chala-La	The Noise	The Noise 7 - Bring The Noise	INDIFFERENT	2:38	Im1dOm7tzvg	MPREb_YvzQ44TVZQ4	UC1vTNiv6UtNq0WTKtyPycBQ
1146	Reza-Reza	The Noise	The Noise 7 - Bring The Noise	INDIFFERENT	1:50	QJ1twcQrpqU	MPREb_YvzQ44TVZQ4	UC1vTNiv6UtNq0WTKtyPycBQ
1147	Panama (Mix) (feat. Jam, Suppose, Keribell & Miguel Play)	The Noise	The Noise 7 - Bring The Noise	INDIFFERENT	10:11	mUhO2KSDocI	MPREb_YvzQ44TVZQ4	UC1vTNiv6UtNq0WTKtyPycBQ
1148	The Noise 7 (Radio Mix)	The Noise	The Noise 7 - Bring The Noise	INDIFFERENT	5:17	nBwGRpe56L8	MPREb_YvzQ44TVZQ4	UC1vTNiv6UtNq0WTKtyPycBQ
974	Bloom	The Necks	Three	INDIFFERENT	21:19	uz5VEK49a2U	MPREb_Go47wDIxD8B	UC2XJcFT4XhxZZJ3oVMtrhpQ
975	Lovelock	The Necks	Three	INDIFFERENT	22:47	XIhnphvCDFc	MPREb_Go47wDIxD8B	UC2XJcFT4XhxZZJ3oVMtrhpQ
976	Further	The Necks	Three	INDIFFERENT	21:01	1xutiUpc0nk	MPREb_Go47wDIxD8B	UC2XJcFT4XhxZZJ3oVMtrhpQ
683	Goodbye	The Cribs	Night Network	INDIFFERENT	2:40	KSGAa9mG0CM	MPREb_cmurJC9NOjt	UCq1Up7uNKqgIvC3vJQ75czw
684	Running Into You	The Cribs	Night Network	INDIFFERENT	2:52	fsu0UkUGWMQ	MPREb_cmurJC9NOjt	UCq1Up7uNKqgIvC3vJQ75czw
685	Screaming In Suburbia	The Cribs	Night Network	INDIFFERENT	3:50	1NRQBRbc6UQ	MPREb_cmurJC9NOjt	UCq1Up7uNKqgIvC3vJQ75czw
686	Never Thought I'd Feel Again	The Cribs	Night Network	INDIFFERENT	4:10	JqpnRK3llo0	MPREb_cmurJC9NOjt	UCq1Up7uNKqgIvC3vJQ75czw
687	Deep Infatuation	The Cribs	Night Network	INDIFFERENT	3:25	uv9dFwDkBX0	MPREb_cmurJC9NOjt	UCq1Up7uNKqgIvC3vJQ75czw
688	I Don't Know Who I Am (feat. Lee Ranaldo)	The Cribs	Night Network	INDIFFERENT	5:04	5kebueKva-Y	MPREb_cmurJC9NOjt	UCq1Up7uNKqgIvC3vJQ75czw
689	She's My Style	The Cribs	Night Network	INDIFFERENT	3:12	FhbbzLFeB3E	MPREb_cmurJC9NOjt	UCq1Up7uNKqgIvC3vJQ75czw
690	Under The Bus Station Clock	The Cribs	Night Network	INDIFFERENT	2:52	VLSiALlfbHg	MPREb_cmurJC9NOjt	UCq1Up7uNKqgIvC3vJQ75czw
691	The Weather Speaks Your Name	The Cribs	Night Network	INDIFFERENT	4:32	8_oJiTnQJ6M	MPREb_cmurJC9NOjt	UCq1Up7uNKqgIvC3vJQ75czw
692	Siren Sing-Along	The Cribs	Night Network	INDIFFERENT	3:12	PYmwJzTRhns	MPREb_cmurJC9NOjt	UCq1Up7uNKqgIvC3vJQ75czw
693	Earl & Duke	The Cribs	Night Network	INDIFFERENT	3:44	PQUHvWpFwVQ	MPREb_cmurJC9NOjt	UCq1Up7uNKqgIvC3vJQ75czw
694	In The Neon Night	The Cribs	Night Network	INDIFFERENT	3:38	hn4dxhXblYY	MPREb_cmurJC9NOjt	UCq1Up7uNKqgIvC3vJQ75czw
554	Gaslighter	The Chicks	Gaslighter	INDIFFERENT	3:24	XLuGmSXucLs	MPREb_cLAGX1Obzxo	UCHI2Zs0eDzLVhBFMH11f-7w
555	Sleep at Night	The Chicks	Gaslighter	INDIFFERENT	3:13	W0SdcRzr1os	MPREb_cLAGX1Obzxo	UCHI2Zs0eDzLVhBFMH11f-7w
556	Texas Man	The Chicks	Gaslighter	INDIFFERENT	3:45	vjC7PLzbjVA	MPREb_cLAGX1Obzxo	UCHI2Zs0eDzLVhBFMH11f-7w
557	Everybody Loves You	The Chicks	Gaslighter	INDIFFERENT	3:39	FLJzWwgnXpE	MPREb_cLAGX1Obzxo	UCHI2Zs0eDzLVhBFMH11f-7w
558	For Her	The Chicks	Gaslighter	INDIFFERENT	5:27	ICc-JbW6QSY	MPREb_cLAGX1Obzxo	UCHI2Zs0eDzLVhBFMH11f-7w
559	March March	The Chicks	Gaslighter	INDIFFERENT	3:54	KYCzDiVSems	MPREb_cLAGX1Obzxo	UCHI2Zs0eDzLVhBFMH11f-7w
560	My Best Friend's Weddings	The Chicks	Gaslighter	INDIFFERENT	4:19	SqftR90nn2E	MPREb_cLAGX1Obzxo	UCHI2Zs0eDzLVhBFMH11f-7w
561	Tights On My Boat	The Chicks	Gaslighter	INDIFFERENT	3:03	UHHwnwf2YjE	MPREb_cLAGX1Obzxo	UCHI2Zs0eDzLVhBFMH11f-7w
562	Julianna Calm Down	The Chicks	Gaslighter	INDIFFERENT	4:47	HxMxgFKxnBo	MPREb_cLAGX1Obzxo	UCHI2Zs0eDzLVhBFMH11f-7w
563	Young Man	The Chicks	Gaslighter	INDIFFERENT	4:10	PIVY6H2ZMWo	MPREb_cLAGX1Obzxo	UCHI2Zs0eDzLVhBFMH11f-7w
564	Hope It's Something Good	The Chicks	Gaslighter	INDIFFERENT	4:06	8Ch3_6UkPsk	MPREb_cLAGX1Obzxo	UCHI2Zs0eDzLVhBFMH11f-7w
565	Set Me Free	The Chicks	Gaslighter	INDIFFERENT	3:19	K3ShPKafTKw	MPREb_cLAGX1Obzxo	UCHI2Zs0eDzLVhBFMH11f-7w
1319	Snake Hawk	The Budos Band	Long in the Tooth	INDIFFERENT	1:57	JCZtloKA_WA	MPREb_vW7T45ip7Jk	UCvQgxMD5WBq3JfJLHQkpcKA
1323	The Wrangler	The Budos Band	Long in the Tooth	INDIFFERENT	3:00	w9mOTUChLDA	MPREb_vW7T45ip7Jk	UCvQgxMD5WBq3JfJLHQkpcKA
1325	Mierda De Toro	The Budos Band	Long in the Tooth	INDIFFERENT	3:07	wK_HV-dJPd0	MPREb_vW7T45ip7Jk	UCvQgxMD5WBq3JfJLHQkpcKA
1326	Budonian Knight	The Budos Band	Long in the Tooth	INDIFFERENT	3:04	R4W17ipS4-o	MPREb_vW7T45ip7Jk	UCvQgxMD5WBq3JfJLHQkpcKA
1327	Renegade	The Budos Band	Long in the Tooth	INDIFFERENT	3:09	Q7j1em1gz_o	MPREb_vW7T45ip7Jk	UCvQgxMD5WBq3JfJLHQkpcKA
1035	It's Easy Then	The Big Moon	Walking Like We Do	INDIFFERENT	3:45	Gg1k06uavb8	MPREb_piobfom9BdO	UCnwVnaBVxQU2dFW0MrkBnBw
1036	Your Light	The Big Moon	Walking Like We Do	INDIFFERENT	5:08	inb_s2AjtnA	MPREb_piobfom9BdO	UCnwVnaBVxQU2dFW0MrkBnBw
1037	Dog Eat Dog	The Big Moon	Walking Like We Do	INDIFFERENT	3:40	yJCl8uqEWqg	MPREb_piobfom9BdO	UCnwVnaBVxQU2dFW0MrkBnBw
1038	Why	The Big Moon	Walking Like We Do	INDIFFERENT	3:30	_-lc5mndnCs	MPREb_piobfom9BdO	UCnwVnaBVxQU2dFW0MrkBnBw
1039	Don't Think	The Big Moon	Walking Like We Do	INDIFFERENT	4:09	fJU3ELa7u1s	MPREb_piobfom9BdO	UCnwVnaBVxQU2dFW0MrkBnBw
1040	Waves	The Big Moon	Walking Like We Do	INDIFFERENT	2:55	56heEyrDyAI	MPREb_piobfom9BdO	UCnwVnaBVxQU2dFW0MrkBnBw
1041	Holy Roller	The Big Moon	Walking Like We Do	INDIFFERENT	4:09	DhOgpgliWUs	MPREb_piobfom9BdO	UCnwVnaBVxQU2dFW0MrkBnBw
1042	Take A Piece	The Big Moon	Walking Like We Do	INDIFFERENT	3:44	ox3YhwyKTUU	MPREb_piobfom9BdO	UCnwVnaBVxQU2dFW0MrkBnBw
1043	Barcelona	The Big Moon	Walking Like We Do	INDIFFERENT	3:47	C_JTiXcf1c8	MPREb_piobfom9BdO	UCnwVnaBVxQU2dFW0MrkBnBw
1044	A Hundred Ways To Land	The Big Moon	Walking Like We Do	INDIFFERENT	4:03	Q-G0tnPtAzM	MPREb_piobfom9BdO	UCnwVnaBVxQU2dFW0MrkBnBw
1045	ADHD	The Big Moon	Walking Like We Do	INDIFFERENT	3:36	NKnTkDAg1gY	MPREb_piobfom9BdO	UCnwVnaBVxQU2dFW0MrkBnBw
200	The 1975	The 1975	Notes On A Conditional Form	INDIFFERENT	4:56	Gc9w3m5NPKI	MPREb_x8tavZtwGCj	UCNrTdctAV0JMT7RBQvpA5lw
201	People	The 1975	Notes On A Conditional Form	INDIFFERENT	2:39	5J4gq10K9QU	MPREb_x8tavZtwGCj	UCNrTdctAV0JMT7RBQvpA5lw
202	The End (Music For Cars)	The 1975	Notes On A Conditional Form	INDIFFERENT	2:31	3RN3Z0exZP8	MPREb_x8tavZtwGCj	UCNrTdctAV0JMT7RBQvpA5lw
203	Frail State Of Mind	The 1975	Notes On A Conditional Form	INDIFFERENT	3:54	9De-r2iPjxs	MPREb_x8tavZtwGCj	UCNrTdctAV0JMT7RBQvpA5lw
204	Streaming	The 1975	Notes On A Conditional Form	INDIFFERENT	1:33	VhzMFsz1Wgc	MPREb_x8tavZtwGCj	UCNrTdctAV0JMT7RBQvpA5lw
205	The Birthday Party	The 1975	Notes On A Conditional Form	INDIFFERENT	4:46	e0mDI8ZxRW0	MPREb_x8tavZtwGCj	UCNrTdctAV0JMT7RBQvpA5lw
206	Yeah I Know	The 1975	Notes On A Conditional Form	INDIFFERENT	4:14	BXk4MtUFWDU	MPREb_x8tavZtwGCj	UCNrTdctAV0JMT7RBQvpA5lw
207	Then Because She Goes	The 1975	Notes On A Conditional Form	INDIFFERENT	2:08	WP8uKe-S_Uw	MPREb_x8tavZtwGCj	UCNrTdctAV0JMT7RBQvpA5lw
208	Jesus Christ 2005 God Bless America	The 1975	Notes On A Conditional Form	INDIFFERENT	4:25	7PtwCuxAXSA	MPREb_x8tavZtwGCj	UCNrTdctAV0JMT7RBQvpA5lw
209	Roadkill	The 1975	Notes On A Conditional Form	INDIFFERENT	2:56	Aj3n-8OK-gA	MPREb_x8tavZtwGCj	UCNrTdctAV0JMT7RBQvpA5lw
210	Me & You Together Song	The 1975	Notes On A Conditional Form	INDIFFERENT	3:28	k-d24Ep4NSQ	MPREb_x8tavZtwGCj	UCNrTdctAV0JMT7RBQvpA5lw
211	I Think There's Something You Should Know	The 1975	Notes On A Conditional Form	INDIFFERENT	4:01	56Ki4Ko1my0	MPREb_x8tavZtwGCj	UCNrTdctAV0JMT7RBQvpA5lw
212	Nothing Revealed / Everything Denied	The 1975	Notes On A Conditional Form	INDIFFERENT	3:39	kpXNeiTins8	MPREb_x8tavZtwGCj	UCNrTdctAV0JMT7RBQvpA5lw
213	Tonight (I Wish I Was Your Boy)	The 1975	Notes On A Conditional Form	INDIFFERENT	4:08	9PScqjhjMbE	MPREb_x8tavZtwGCj	UCNrTdctAV0JMT7RBQvpA5lw
214	Shiny Collarbone	The 1975	Notes On A Conditional Form	INDIFFERENT	2:51	luk0vc4yroY	MPREb_x8tavZtwGCj	UCNrTdctAV0JMT7RBQvpA5lw
215	If You’re Too Shy (Let Me Know)	The 1975	Notes On A Conditional Form	INDIFFERENT	5:20	96TRu1aIOFM	MPREb_x8tavZtwGCj	UCNrTdctAV0JMT7RBQvpA5lw
216	Playing On My Mind	The 1975	Notes On A Conditional Form	INDIFFERENT	3:25	LCb7u9Ughp4	MPREb_x8tavZtwGCj	UCNrTdctAV0JMT7RBQvpA5lw
217	Having No Head	The 1975	Notes On A Conditional Form	INDIFFERENT	6:05	hp1KIaOfWeo	MPREb_x8tavZtwGCj	UCNrTdctAV0JMT7RBQvpA5lw
218	What Should I Say	The 1975	Notes On A Conditional Form	INDIFFERENT	4:07	QHbKsi3Plys	MPREb_x8tavZtwGCj	UCNrTdctAV0JMT7RBQvpA5lw
219	Bagsy Not In Net	The 1975	Notes On A Conditional Form	INDIFFERENT	2:27	gMueRXuSS3Y	MPREb_x8tavZtwGCj	UCNrTdctAV0JMT7RBQvpA5lw
220	Don’t Worry	The 1975	Notes On A Conditional Form	INDIFFERENT	2:49	YN19SG0EojQ	MPREb_x8tavZtwGCj	UCNrTdctAV0JMT7RBQvpA5lw
221	Guys	The 1975	Notes On A Conditional Form	INDIFFERENT	4:30	yIpiS5iX8PU	MPREb_x8tavZtwGCj	UCNrTdctAV0JMT7RBQvpA5lw
1240	I'll Haunt You	Tennis	Swimmer	INDIFFERENT	2:33	zwWHZtC5Jpw	MPREb_w8jLVbMbU2M	UCEv91IRGs8ETIcUOEI8UOIA
1242	How to Forgive	Tennis	Swimmer	INDIFFERENT	3:37	BBk5Rhi8Wcg	MPREb_w8jLVbMbU2M	UCEv91IRGs8ETIcUOEI8UOIA
1244	Echoes	Tennis	Swimmer	INDIFFERENT	3:25	MZalHLHpwXY	MPREb_w8jLVbMbU2M	UCEv91IRGs8ETIcUOEI8UOIA
1245	Swimmer	Tennis	Swimmer	INDIFFERENT	4:11	sD--KztxO54	MPREb_w8jLVbMbU2M	UCEv91IRGs8ETIcUOEI8UOIA
1246	Tender as a Tomb	Tennis	Swimmer	INDIFFERENT	2:43	Y00LmM7OZEc	MPREb_w8jLVbMbU2M	UCEv91IRGs8ETIcUOEI8UOIA
1247	Late Night	Tennis	Swimmer	INDIFFERENT	3:35	J5IPQnkpbR4	MPREb_w8jLVbMbU2M	UCEv91IRGs8ETIcUOEI8UOIA
1248	Matrimony II	Tennis	Swimmer	INDIFFERENT	3:48	bFyAzogkoiA	MPREb_w8jLVbMbU2M	UCEv91IRGs8ETIcUOEI8UOIA
1101	willow	Taylor Swift	evermore	INDIFFERENT	3:35	qxrMpCMdYwk	MPREb_8TBPMp3RQkT	UCPC0L1d253x-KuMNwa05TpA
1102	champagne problems	Taylor Swift	evermore	INDIFFERENT	4:04	3lB7Oh076-8	MPREb_8TBPMp3RQkT	UCPC0L1d253x-KuMNwa05TpA
1103	gold rush	Taylor Swift	evermore	INDIFFERENT	3:06	7BYR9u7RJ1k	MPREb_8TBPMp3RQkT	UCPC0L1d253x-KuMNwa05TpA
1104	‘tis the damn season	Taylor Swift	evermore	INDIFFERENT	3:50	cO-oobdPWE8	MPREb_8TBPMp3RQkT	UCPC0L1d253x-KuMNwa05TpA
1105	tolerate it	Taylor Swift	evermore	INDIFFERENT	4:06	cOWp6UVzBGs	MPREb_8TBPMp3RQkT	UCPC0L1d253x-KuMNwa05TpA
1106	no body, no crime (feat. HAIM)	Taylor Swift	evermore	INDIFFERENT	3:36	QqBvpXFgZ_Q	MPREb_8TBPMp3RQkT	UCPC0L1d253x-KuMNwa05TpA
1107	happiness	Taylor Swift	evermore	INDIFFERENT	5:16	B7YMfvGDU-k	MPREb_8TBPMp3RQkT	UCPC0L1d253x-KuMNwa05TpA
1108	dorothea	Taylor Swift	evermore	INDIFFERENT	3:46	5gRUbsDEuWg	MPREb_8TBPMp3RQkT	UCPC0L1d253x-KuMNwa05TpA
1109	coney island (feat. The National)	Taylor Swift	evermore	INDIFFERENT	4:36	XtrUoXy0j7g	MPREb_8TBPMp3RQkT	UCPC0L1d253x-KuMNwa05TpA
1110	ivy	Taylor Swift	evermore	INDIFFERENT	4:21	vYot4h3xgIg	MPREb_8TBPMp3RQkT	UCPC0L1d253x-KuMNwa05TpA
1111	cowboy like me	Taylor Swift	evermore	INDIFFERENT	4:36	rKSrjaQZOgg	MPREb_8TBPMp3RQkT	UCPC0L1d253x-KuMNwa05TpA
1112	long story short	Taylor Swift	evermore	INDIFFERENT	3:36	bYgz0BHHeyM	MPREb_8TBPMp3RQkT	UCPC0L1d253x-KuMNwa05TpA
1113	marjorie	Taylor Swift	evermore	INDIFFERENT	4:18	NVbdhwUgwmQ	MPREb_8TBPMp3RQkT	UCPC0L1d253x-KuMNwa05TpA
1114	closure	Taylor Swift	evermore	INDIFFERENT	3:01	ooK9GNSt1b8	MPREb_8TBPMp3RQkT	UCPC0L1d253x-KuMNwa05TpA
1115	evermore (feat. Bon Iver)	Taylor Swift	evermore	INDIFFERENT	5:05	2Ez9LcaTMeU	MPREb_8TBPMp3RQkT	UCPC0L1d253x-KuMNwa05TpA
1163	What If	Sylvan Esso	Free Love	INDIFFERENT	1:26	RZtGv32R5Dw	MPREb_sJB4a3f4DUX	UCo2TtupcsAkNLwwK6yrO9dw
1164	Ring	Sylvan Esso	Free Love	INDIFFERENT	2:38	973DJGB0tgg	MPREb_sJB4a3f4DUX	UCo2TtupcsAkNLwwK6yrO9dw
1165	Ferris Wheel	Sylvan Esso	Free Love	INDIFFERENT	2:58	BXFeCu7hty0	MPREb_sJB4a3f4DUX	UCo2TtupcsAkNLwwK6yrO9dw
1166	Train	Sylvan Esso	Free Love	INDIFFERENT	2:59	tOtZVScvMj8	MPREb_sJB4a3f4DUX	UCo2TtupcsAkNLwwK6yrO9dw
1167	Numb	Sylvan Esso	Free Love	INDIFFERENT	4:26	KoL2ptvBEs4	MPREb_sJB4a3f4DUX	UCo2TtupcsAkNLwwK6yrO9dw
1168	Free	Sylvan Esso	Free Love	INDIFFERENT	2:37	kEHQ9WIr-40	MPREb_sJB4a3f4DUX	UCo2TtupcsAkNLwwK6yrO9dw
1169	Frequency	Sylvan Esso	Free Love	INDIFFERENT	2:51	DptxS_O7flo	MPREb_sJB4a3f4DUX	UCo2TtupcsAkNLwwK6yrO9dw
1170	Runaway	Sylvan Esso	Free Love	INDIFFERENT	3:02	ihiHkzoPEwQ	MPREb_sJB4a3f4DUX	UCo2TtupcsAkNLwwK6yrO9dw
1171	Rooftop Dancing	Sylvan Esso	Free Love	INDIFFERENT	3:04	IjalN_d7kgE	MPREb_sJB4a3f4DUX	UCo2TtupcsAkNLwwK6yrO9dw
1172	Make It Easy	Sylvan Esso	Free Love	INDIFFERENT	3:20	iAOQqtEtDMQ	MPREb_sJB4a3f4DUX	UCo2TtupcsAkNLwwK6yrO9dw
1017	Heaven Ain’t Goin’ Nowhere	Steve Earle & The Dukes	Ghosts of West Virginia	INDIFFERENT	1:40	Ad6Dy_tRn6w	MPREb_iXGTfJ8YYK9	UCOFb6pfPUawqjZmIim-ykZQ
1018	Union, God and Country	Steve Earle & The Dukes	Ghosts of West Virginia	INDIFFERENT	2:24	L5NAGQ_JaxE	MPREb_iXGTfJ8YYK9	UCOFb6pfPUawqjZmIim-ykZQ
1019	Devil Put the Coal in the Ground	Steve Earle & The Dukes	Ghosts of West Virginia	INDIFFERENT	2:54	a_RJK5TvPdM	MPREb_iXGTfJ8YYK9	UCOFb6pfPUawqjZmIim-ykZQ
1020	John Henry was a Steel Drivin’ Man	Steve Earle & The Dukes	Ghosts of West Virginia	INDIFFERENT	3:29	EiJoPD6ogv8	MPREb_iXGTfJ8YYK9	UCOFb6pfPUawqjZmIim-ykZQ
1021	Time is Never on Our Side	Steve Earle & The Dukes	Ghosts of West Virginia	INDIFFERENT	2:56	RXGQcDnNcaY	MPREb_iXGTfJ8YYK9	UCOFb6pfPUawqjZmIim-ykZQ
1022	It's About Blood	Steve Earle & The Dukes	Ghosts of West Virginia	INDIFFERENT	4:33	zhQtcuxdRB0	MPREb_iXGTfJ8YYK9	UCOFb6pfPUawqjZmIim-ykZQ
1023	If I Could See Your Face Again	Steve Earle & The Dukes	Ghosts of West Virginia	INDIFFERENT	2:58	l-QR9x3KFU8	MPREb_iXGTfJ8YYK9	UCOFb6pfPUawqjZmIim-ykZQ
1024	Black Lung	Steve Earle & The Dukes	Ghosts of West Virginia	INDIFFERENT	3:20	vEGOAIUKzOk	MPREb_iXGTfJ8YYK9	UCOFb6pfPUawqjZmIim-ykZQ
1025	Fastest Man Alive	Steve Earle & The Dukes	Ghosts of West Virginia	INDIFFERENT	2:52	9Aq8TRYo4t4	MPREb_iXGTfJ8YYK9	UCOFb6pfPUawqjZmIim-ykZQ
1026	The Mine	Steve Earle & The Dukes	Ghosts of West Virginia	INDIFFERENT	2:49	0K_8R-whZ0w	MPREb_iXGTfJ8YYK9	UCOFb6pfPUawqjZmIim-ykZQ
366	ACC Kirtan	Stephen Malkmus	Traditional Techniques	INDIFFERENT	6:20	MCC5JdGexbU	MPREb_YQLBAxaoWnb	UCmq_rL0T5VTdCrLIChZY6XA
367	Xian Man	Stephen Malkmus	Traditional Techniques	INDIFFERENT	4:07	SJsFmYGnS9Q	MPREb_YQLBAxaoWnb	UCmq_rL0T5VTdCrLIChZY6XA
368	The Greatest Own In Legal History	Stephen Malkmus	Traditional Techniques	INDIFFERENT	3:48	BCEYl0p4uYM	MPREb_YQLBAxaoWnb	UCmq_rL0T5VTdCrLIChZY6XA
369	Cash Up	Stephen Malkmus	Traditional Techniques	INDIFFERENT	4:07	1IjskwfzgJ0	MPREb_YQLBAxaoWnb	UCmq_rL0T5VTdCrLIChZY6XA
370	Shadowbanned	Stephen Malkmus	Traditional Techniques	INDIFFERENT	3:24	JMJOYwsfh_E	MPREb_YQLBAxaoWnb	UCmq_rL0T5VTdCrLIChZY6XA
371	What Kind Of Person	Stephen Malkmus	Traditional Techniques	INDIFFERENT	3:29	31b9mD4lbWE	MPREb_YQLBAxaoWnb	UCmq_rL0T5VTdCrLIChZY6XA
372	Flowin' Robes	Stephen Malkmus	Traditional Techniques	INDIFFERENT	2:52	n0KENdI6po8	MPREb_YQLBAxaoWnb	UCmq_rL0T5VTdCrLIChZY6XA
373	Brainwashed	Stephen Malkmus	Traditional Techniques	INDIFFERENT	4:59	1dTOKnpc6II	MPREb_YQLBAxaoWnb	UCmq_rL0T5VTdCrLIChZY6XA
374	Signal Western	Stephen Malkmus	Traditional Techniques	INDIFFERENT	3:47	Chui_NG9AF4	MPREb_YQLBAxaoWnb	UCmq_rL0T5VTdCrLIChZY6XA
375	Amberjack	Stephen Malkmus	Traditional Techniques	INDIFFERENT	4:16	pN9KmIgK9ak	MPREb_YQLBAxaoWnb	UCmq_rL0T5VTdCrLIChZY6XA
854	Lander	Sports Team	Deep Down Happy	INDIFFERENT	2:37	jHrz97ADiuc	MPREb_RhcNQxgbTWO	UCrEltYDBfDP10nmlca38-vA
855	Here It Comes Again	Sports Team	Deep Down Happy	INDIFFERENT	2:16	Mz64aNqEaG8	MPREb_RhcNQxgbTWO	UCrEltYDBfDP10nmlca38-vA
856	Going Soft	Sports Team	Deep Down Happy	INDIFFERENT	3:24	31vqciG84QA	MPREb_RhcNQxgbTWO	UCrEltYDBfDP10nmlca38-vA
857	Camel Crew	Sports Team	Deep Down Happy	INDIFFERENT	3:34	WRRPOerMArs	MPREb_RhcNQxgbTWO	UCrEltYDBfDP10nmlca38-vA
858	Long Hot Summer	Sports Team	Deep Down Happy	INDIFFERENT	2:55	oaLaIwvzHlU	MPREb_RhcNQxgbTWO	UCrEltYDBfDP10nmlca38-vA
859	Feels Like Fun	Sports Team	Deep Down Happy	INDIFFERENT	2:41	h3SeXPXhAec	MPREb_RhcNQxgbTWO	UCrEltYDBfDP10nmlca38-vA
860	Here's The Thing	Sports Team	Here's The Thing	INDIFFERENT	2:56	1JJN5Qw-B_E	MPREb_6graUeCkebT	UCrEltYDBfDP10nmlca38-vA
861	The Races	Sports Team	Deep Down Happy	INDIFFERENT	3:24	Y_yznqMl2UI	MPREb_RhcNQxgbTWO	UCrEltYDBfDP10nmlca38-vA
862	Born Sugar	Sports Team	Deep Down Happy	INDIFFERENT	3:14	xOKRRDPwsFE	MPREb_RhcNQxgbTWO	UCrEltYDBfDP10nmlca38-vA
863	Fishing	Sports Team	Fishing	INDIFFERENT	3:07	3FdcVGcNUXA	MPREb_5m4lCTwffoM	UCrEltYDBfDP10nmlca38-vA
864	Kutcher	Sports Team	Deep Down Happy	INDIFFERENT	3:05	3GMWS7PkAjw	MPREb_RhcNQxgbTWO	UCrEltYDBfDP10nmlca38-vA
865	Stations of the Cross	Sports Team	Deep Down Happy	INDIFFERENT	3:32	TxFHU-nAq28	MPREb_RhcNQxgbTWO	UCrEltYDBfDP10nmlca38-vA
814	Drama	Special Interest	The Passion Of	INDIFFERENT	0:42	eB61RiUcY_I	MPREb_3zOEaVbT733	UCO5tIia6bXLPNsL3HzmIj7A
815	Disco III	Special Interest	The Passion Of	INDIFFERENT	2:28	57lIlfIeqok	MPREb_3zOEaVbT733	UCO5tIia6bXLPNsL3HzmIj7A
816	Don't Kiss Me in Public	Special Interest	The Passion Of	INDIFFERENT	2:39	oDt696GzkyU	MPREb_3zOEaVbT733	UCO5tIia6bXLPNsL3HzmIj7A
817	All Tomorrow's Carry	Special Interest	The Passion Of	INDIFFERENT	3:52	Z-cQ_ogG6EM	MPREb_3zOEaVbT733	UCO5tIia6bXLPNsL3HzmIj7A
818	A Depravity Such As This...	Special Interest	The Passion Of	INDIFFERENT	3:39	CpHsHru-5qQ	MPREb_3zOEaVbT733	UCO5tIia6bXLPNsL3HzmIj7A
819	Homogenized Milk	Special Interest	The Passion Of	INDIFFERENT	1:59	K-oFsnONr9c	MPREb_3zOEaVbT733	UCO5tIia6bXLPNsL3HzmIj7A
820	Passion	Special Interest	The Passion Of	INDIFFERENT	1:17	tnpoGktt-TE	MPREb_3zOEaVbT733	UCO5tIia6bXLPNsL3HzmIj7A
821	Head	Special Interest	The Passion Of	INDIFFERENT	2:37	6L6xwNFNtiY	MPREb_3zOEaVbT733	UCO5tIia6bXLPNsL3HzmIj7A
822	Tina	Special Interest	The Passion Of	INDIFFERENT	2:00	8mPkCCVVkgA	MPREb_3zOEaVbT733	UCO5tIia6bXLPNsL3HzmIj7A
823	Street Pulse Beat	Special Interest	The Passion Of	INDIFFERENT	4:31	BHh_H5GQTCs	MPREb_3zOEaVbT733	UCO5tIia6bXLPNsL3HzmIj7A
824	With Love	Special Interest	The Passion Of	INDIFFERENT	3:56	2Bq2jN1XIqc	MPREb_3zOEaVbT733	UCO5tIia6bXLPNsL3HzmIj7A
752	Amerikkka's Bay (feat. Maia Sanaa)	Speaker Music	Black Nationalist Sonic Weaponry (Expanded Edition)	INDIFFERENT	3:31	cLgg2mSQzdo	MPREb_UtP0Aqeq2Cb	UCYS_jsySC6KB9RozqPrz3vw
753	The Man-Not	Speaker Music	Black Nationalist Sonic Weaponry (Expanded Edition)	INDIFFERENT	2:27	zaxFenTYpBQ	MPREb_UtP0Aqeq2Cb	UCYS_jsySC6KB9RozqPrz3vw
754	Techno is a Liberation Technology (feat. AceMo)	Speaker Music	Black Nationalist Sonic Weaponry (Expanded Edition)	INDIFFERENT	4:44	ZEiN0DEddm8	MPREb_UtP0Aqeq2Cb	UCYS_jsySC6KB9RozqPrz3vw
755	Black Secret Technology is a Traumatically Manufactured and Exported Good Necessitated by 300 Years of Unaccounted for White Supremacist Savegery in the Founding of the United States	Speaker Music	Black Nationalist Sonic Weaponry (Expanded Edition)	INDIFFERENT	5:11	pbjaHgVJj7I	MPREb_UtP0Aqeq2Cb	UCYS_jsySC6KB9RozqPrz3vw
756	A Genre Study of Black Male Death and Dying	Speaker Music	Black Nationalist Sonic Weaponry (Expanded Edition)	INDIFFERENT	3:02	2EX4jVnS57c	MPREb_UtP0Aqeq2Cb	UCYS_jsySC6KB9RozqPrz3vw
757	Of Our Spiritual Strivings (feat. Syanide)	Speaker Music	Black Nationalist Sonic Weaponry (Expanded Edition)	INDIFFERENT	4:16	P13ibVK8uao	MPREb_UtP0Aqeq2Cb	UCYS_jsySC6KB9RozqPrz3vw
758	Black Industrial Complex - Automation Repress Revolution in the Process of Production, and Intercontinental Missiles Represent a Revolution in the Process of Warfare	Speaker Music	Black Nationalist Sonic Weaponry (Expanded Edition)	INDIFFERENT	2:41	FHtFkx_2A6E	MPREb_UtP0Aqeq2Cb	UCYS_jsySC6KB9RozqPrz3vw
759	Super Predator	Speaker Music	Black Nationalist Sonic Weaponry (Expanded Edition)	INDIFFERENT	4:49	Pia9IhdcoX4	MPREb_UtP0Aqeq2Cb	UCYS_jsySC6KB9RozqPrz3vw
760	African American Disillusionment With Northern Democracy Continues to Smolder in Every Negro Who Has Settled Up North After Knowing Life in the South	Speaker Music	Black Nationalist Sonic Weaponry (Expanded Edition)	INDIFFERENT	2:29	DN5QGts8Rjk	MPREb_UtP0Aqeq2Cb	UCYS_jsySC6KB9RozqPrz3vw
761	American Marxists Have Tended to Fall into the Trap of Thinking of the Negroes as Negroes, i.e. in Race Terms, When in Fact the Negroes Have Been and are Today the Most Oppressed and Submerged Sections of the Workers...	Speaker Music	Black Nationalist Sonic Weaponry (Expanded Edition)	INDIFFERENT	6:10	_aZzZsKDqrM	MPREb_UtP0Aqeq2Cb	UCYS_jsySC6KB9RozqPrz3vw
762	It is the Negro Who Represents the Revolutionary Struggles for a Classless Society	Speaker Music	Black Nationalist Sonic Weaponry (Expanded Edition)	INDIFFERENT	9:43	D83GS7W3JiU	MPREb_UtP0Aqeq2Cb	UCYS_jsySC6KB9RozqPrz3vw
763	On Bloodthirst and Jungle Fever (feat. Ariel Valdez & Catalina Cavelight)	Speaker Music	Black Nationalist Sonic Weaponry (Expanded Edition)	INDIFFERENT	31:37	UDldDKQIKuc	MPREb_UtP0Aqeq2Cb	UCYS_jsySC6KB9RozqPrz3vw
803	Badala	Songhoy Blues	Optimisme	INDIFFERENT	2:41	910SxKs5mN8	MPREb_jGLh1PP0XZl	UCsFzs5gL7x1wKkGlNwUNS1Q
804	Assadja	Songhoy Blues	Optimisme	INDIFFERENT	2:53	Hhezy7u-3xM	MPREb_jGLh1PP0XZl	UCsFzs5gL7x1wKkGlNwUNS1Q
805	Fey Fey	Songhoy Blues	Optimisme	INDIFFERENT	2:54	sdBi_m5Ht1A	MPREb_jGLh1PP0XZl	UCsFzs5gL7x1wKkGlNwUNS1Q
806	Gabi	Songhoy Blues	Optimisme	INDIFFERENT	2:52	misdodXytro	MPREb_jGLh1PP0XZl	UCsFzs5gL7x1wKkGlNwUNS1Q
807	Barre	Songhoy Blues	Optimisme	INDIFFERENT	3:44	rcyhVN167Ug	MPREb_jGLh1PP0XZl	UCsFzs5gL7x1wKkGlNwUNS1Q
808	Pour Toi	Songhoy Blues	Optimisme	INDIFFERENT	2:34	bZcrQf0paRY	MPREb_jGLh1PP0XZl	UCsFzs5gL7x1wKkGlNwUNS1Q
809	Bon Bon	Songhoy Blues	Optimisme	INDIFFERENT	3:13	Py8wndMsnWA	MPREb_jGLh1PP0XZl	UCsFzs5gL7x1wKkGlNwUNS1Q
810	Worry	Songhoy Blues	Optimisme	INDIFFERENT	3:06	MVyQyCxfggY	MPREb_jGLh1PP0XZl	UCsFzs5gL7x1wKkGlNwUNS1Q
811	Korfo	Songhoy Blues	Optimisme	INDIFFERENT	3:49	xFwTr1qkYnY	MPREb_jGLh1PP0XZl	UCsFzs5gL7x1wKkGlNwUNS1Q
812	Dournia	Songhoy Blues	Optimisme	INDIFFERENT	3:36	OSBWFhaKSc0	MPREb_jGLh1PP0XZl	UCsFzs5gL7x1wKkGlNwUNS1Q
813	Kouma	Songhoy Blues	Optimisme	INDIFFERENT	3:41	QL4MUHxtxq8	MPREb_jGLh1PP0XZl	UCsFzs5gL7x1wKkGlNwUNS1Q
1500	Prologue feat. Module One (feat. Module One)	Soela	Genuine Silk	INDIFFERENT	4:32	A0UsQl7-2WE	MPREb_wNmoapjbmO7	UC3WiXJxcft-yMNCY76F6z7Q
1501	Shadows On The Wall	Soela	Genuine Silk	INDIFFERENT	6:12	CU2oJOA0YVM	MPREb_wNmoapjbmO7	UC3WiXJxcft-yMNCY76F6z7Q
1502	Inconsistency feat. Christopher Ledger (feat. Christopher Ledger)	Soela	Genuine Silk	INDIFFERENT	4:14	768smFP9ceU	MPREb_wNmoapjbmO7	UC3WiXJxcft-yMNCY76F6z7Q
1503	Hold On	Soela	Genuine Silk	INDIFFERENT	6:12	vaNRsyg6PyA	MPREb_wNmoapjbmO7	UC3WiXJxcft-yMNCY76F6z7Q
1504	Lullaby	Soela	Genuine Silk	INDIFFERENT	4:10	JMgSEdDEt3w	MPREb_wNmoapjbmO7	UC3WiXJxcft-yMNCY76F6z7Q
1505	The Same Things, The Same Thoughts	Soela	Genuine Silk	INDIFFERENT	4:34	lhESZcNLvdw	MPREb_wNmoapjbmO7	UC3WiXJxcft-yMNCY76F6z7Q
1506	Power of Mind	Soela	Genuine Silk	INDIFFERENT	7:10	atsVyQbnYeM	MPREb_wNmoapjbmO7	UC3WiXJxcft-yMNCY76F6z7Q
1507	Genuine Silk	Soela	Genuine Silk	INDIFFERENT	6:55	SUSeNJFL1hI	MPREb_wNmoapjbmO7	UC3WiXJxcft-yMNCY76F6z7Q
1508	It's Around Us, It's Everywhere	Soela	Genuine Silk	INDIFFERENT	6:53	fpNwh3NIiys	MPREb_wNmoapjbmO7	UC3WiXJxcft-yMNCY76F6z7Q
1509	Where Did You Go?	Soela	Genuine Silk	INDIFFERENT	6:31	U9EqzRTyjhA	MPREb_wNmoapjbmO7	UC3WiXJxcft-yMNCY76F6z7Q
1510	Unnamed And Uninvited	Soela	Genuine Silk	INDIFFERENT	5:18	SoBYNBhd1Lk	MPREb_wNmoapjbmO7	UC3WiXJxcft-yMNCY76F6z7Q
376	The Merry Golden Tree	Shirley Collins	Heart's Ease	INDIFFERENT	4:09	LfZKlhTnkJw	MPREb_uOpSJsuGODj	UCw12gHkTVDOkfxEKcmBEzTA
377	Rolling in the Dew	Shirley Collins	Heart's Ease	INDIFFERENT	3:53	jBvbrDR-VN4	MPREb_uOpSJsuGODj	UCw12gHkTVDOkfxEKcmBEzTA
378	The Christmas Song	Shirley Collins	Heart's Ease	INDIFFERENT	2:01	K_zvUbS_Oe8	MPREb_uOpSJsuGODj	UCw12gHkTVDOkfxEKcmBEzTA
379	Locked In Ice	Shirley Collins	Heart's Ease	INDIFFERENT	4:48	ekmpu0ippKY	MPREb_uOpSJsuGODj	UCw12gHkTVDOkfxEKcmBEzTA
380	Wondrous Love	Shirley Collins	Heart's Ease	INDIFFERENT	2:22	skk4cjBZIDM	MPREb_uOpSJsuGODj	UCw12gHkTVDOkfxEKcmBEzTA
381	Barbara Allen	Shirley Collins	Heart's Ease	INDIFFERENT	4:15	hMaMli7ksAU	MPREb_uOpSJsuGODj	UCw12gHkTVDOkfxEKcmBEzTA
382	Canadee-i-o	Shirley Collins	Heart's Ease	INDIFFERENT	4:14	WQ0eJHRcKb4	MPREb_uOpSJsuGODj	UCw12gHkTVDOkfxEKcmBEzTA
383	Sweet Greens and Blues	Shirley Collins	Heart's Ease	INDIFFERENT	5:29	IrYseUqlwo8	MPREb_uOpSJsuGODj	UCw12gHkTVDOkfxEKcmBEzTA
384	Tell Me True	Shirley Collins	Heart's Ease	INDIFFERENT	2:57	MPfZGNDMTh0	MPREb_uOpSJsuGODj	UCw12gHkTVDOkfxEKcmBEzTA
385	Whitsun Dance	Shirley Collins	Heart's Ease	INDIFFERENT	3:08	7QQ_hRwMde8	MPREb_uOpSJsuGODj	UCw12gHkTVDOkfxEKcmBEzTA
386	Orange In Bloom	Shirley Collins	Heart's Ease	INDIFFERENT	1:37	F-aYWZYrIBQ	MPREb_uOpSJsuGODj	UCw12gHkTVDOkfxEKcmBEzTA
387	Crowlink	Shirley Collins	Heart's Ease	INDIFFERENT	4:30	WCWa-lmmnQ0	MPREb_uOpSJsuGODj	UCw12gHkTVDOkfxEKcmBEzTA
91	They Who Must Die	Shabaka And The Ancestors	We Are Sent Here By History	INDIFFERENT	10:09	rpyoP3x9-hk	MPREb_8iFL6UF0T4F	UCGzO43G7oit5wcWV9vBBD2A
92	You’ve Been Called	Shabaka And The Ancestors	We Are Sent Here By History	INDIFFERENT	6:30	4bG5dL3RUZs	MPREb_8iFL6UF0T4F	UCGzO43G7oit5wcWV9vBBD2A
93	Go My Heart, Go To Heaven	Shabaka And The Ancestors	We Are Sent Here By History	INDIFFERENT	6:39	C12J0tNd-IM	MPREb_8iFL6UF0T4F	UCGzO43G7oit5wcWV9vBBD2A
94	Behold, The Deceiver	Shabaka And The Ancestors	We Are Sent Here By History	INDIFFERENT	6:01	Y8XCaxVsslg	MPREb_8iFL6UF0T4F	UCGzO43G7oit5wcWV9vBBD2A
95	Run, The Darkness Will Pass	Shabaka And The Ancestors	We Are Sent Here By History	INDIFFERENT	4:08	0E-WEVbTBMQ	MPREb_8iFL6UF0T4F	UCGzO43G7oit5wcWV9vBBD2A
96	The Coming Of The Strange Ones	Shabaka And The Ancestors	We Are Sent Here By History	INDIFFERENT	6:29	E2WCYx92X0A	MPREb_8iFL6UF0T4F	UCGzO43G7oit5wcWV9vBBD2A
97	Beasts Too Spoke Of Suffering	Shabaka And The Ancestors	We Are Sent Here By History	INDIFFERENT	2:57	bbtn1gkSQl4	MPREb_8iFL6UF0T4F	UCGzO43G7oit5wcWV9vBBD2A
98	We Will Work (On Redefining Manhood)	Shabaka And The Ancestors	We Are Sent Here By History	INDIFFERENT	5:23	vq5A4WtsrgQ	MPREb_8iFL6UF0T4F	UCGzO43G7oit5wcWV9vBBD2A
99	’Til The Freedom Comes Home	Shabaka And The Ancestors	We Are Sent Here By History	INDIFFERENT	7:07	DimK2Wjdq38	MPREb_8iFL6UF0T4F	UCGzO43G7oit5wcWV9vBBD2A
100	Finally, The Man Cried	Shabaka And The Ancestors	We Are Sent Here By History	INDIFFERENT	5:47	jPGDdjxfAKw	MPREb_8iFL6UF0T4F	UCGzO43G7oit5wcWV9vBBD2A
101	Teach Me How To Be Vulnerable	Shabaka And The Ancestors	We Are Sent Here By History	INDIFFERENT	2:46	zBMUnmZRa1A	MPREb_8iFL6UF0T4F	UCGzO43G7oit5wcWV9vBBD2A
1350	Eve	Sarah Jarosz	World On The Ground	INDIFFERENT	3:27	fy9yCgLO3Kw	MPREb_ToNrzDLNKkI	UCvLVNNpdgaqiSZyVb0y-Isg
1351	Pay It No Mind	Sarah Jarosz	World On The Ground	INDIFFERENT	3:17	P-R_RNr0p9g	MPREb_ToNrzDLNKkI	UCvLVNNpdgaqiSZyVb0y-Isg
1352	Hometown	Sarah Jarosz	World On The Ground	INDIFFERENT	3:01	E4B6moXAGa8	MPREb_ToNrzDLNKkI	UCvLVNNpdgaqiSZyVb0y-Isg
1353	Johnny	Sarah Jarosz	World On The Ground	INDIFFERENT	4:00	ZxKoVdhObhA	MPREb_ToNrzDLNKkI	UCvLVNNpdgaqiSZyVb0y-Isg
1354	Orange and Blue	Sarah Jarosz	World On The Ground	INDIFFERENT	3:38	QuUx_oU4T80	MPREb_ToNrzDLNKkI	UCvLVNNpdgaqiSZyVb0y-Isg
1355	I’ll Be Gone	Sarah Jarosz	World On The Ground	INDIFFERENT	3:36	TVzUdyl0EmY	MPREb_ToNrzDLNKkI	UCvLVNNpdgaqiSZyVb0y-Isg
1356	Maggie	Sarah Jarosz	World On The Ground	INDIFFERENT	3:30	9svMRA2LGEM	MPREb_ToNrzDLNKkI	UCvLVNNpdgaqiSZyVb0y-Isg
1357	What Do I Do	Sarah Jarosz	World On The Ground	INDIFFERENT	3:24	d-86BRUaxHc	MPREb_ToNrzDLNKkI	UCvLVNNpdgaqiSZyVb0y-Isg
1358	Empty Square	Sarah Jarosz	World On The Ground	INDIFFERENT	3:21	NLxa8aag3d0	MPREb_ToNrzDLNKkI	UCvLVNNpdgaqiSZyVb0y-Isg
1359	Little Satchel	Sarah Jarosz	World On The Ground	INDIFFERENT	4:26	dSs4ojKc6S0	MPREb_ToNrzDLNKkI	UCvLVNNpdgaqiSZyVb0y-Isg
312	Empty Bottles	Rose City Band	Summerlong	INDIFFERENT	5:08	OMLV1W-lxDk	MPREb_X5rsdRBIkvD	UCgaqlX44NcptUigTwALP12A
313	Real Long Gone	Rose City Band	Summerlong	INDIFFERENT	5:09	zDvmwQNASiQ	MPREb_X5rsdRBIkvD	UCgaqlX44NcptUigTwALP12A
314	Floating Out	Rose City Band	Summerlong	INDIFFERENT	5:31	0kT1UYkIOTg	MPREb_X5rsdRBIkvD	UCgaqlX44NcptUigTwALP12A
315	Morning Light	Rose City Band	Summerlong	INDIFFERENT	2:51	jKyKxzc7xQ4	MPREb_X5rsdRBIkvD	UCgaqlX44NcptUigTwALP12A
316	Reno Shuffle	Rose City Band	Summerlong	INDIFFERENT	6:24	nb6vra55FqQ	MPREb_X5rsdRBIkvD	UCgaqlX44NcptUigTwALP12A
317	Wee Hours >	Rose City Band	Summerlong	INDIFFERENT	6:19	nVqSIDoY4Vg	MPREb_X5rsdRBIkvD	UCgaqlX44NcptUigTwALP12A
318	Wildflowers	Rose City Band	Summerlong	INDIFFERENT	5:36	SzOGXtfpHIY	MPREb_X5rsdRBIkvD	UCgaqlX44NcptUigTwALP12A
229	The Second Of The First	Rolling Blackouts Coastal Fever	Sideways to New Italy	INDIFFERENT	3:41	JVCCZWTlrME	MPREb_JvDKeJNSH9i	UCcUyrT2AsL--l-xHE3L1aZw
230	Falling Thunder	Rolling Blackouts Coastal Fever	Sideways to New Italy	INDIFFERENT	4:06	1T0VrsONWnk	MPREb_JvDKeJNSH9i	UCcUyrT2AsL--l-xHE3L1aZw
231	She's There	Rolling Blackouts Coastal Fever	Sideways to New Italy	INDIFFERENT	3:45	buloC-rnO4Y	MPREb_JvDKeJNSH9i	UCcUyrT2AsL--l-xHE3L1aZw
232	Beautiful Steven	Rolling Blackouts Coastal Fever	Sideways to New Italy	INDIFFERENT	3:49	SbgfuZgwpc0	MPREb_JvDKeJNSH9i	UCcUyrT2AsL--l-xHE3L1aZw
233	The Only One	Rolling Blackouts Coastal Fever	Sideways to New Italy	INDIFFERENT	3:47	kTtzoBiYe64	MPREb_JvDKeJNSH9i	UCcUyrT2AsL--l-xHE3L1aZw
234	Cars In Space	Rolling Blackouts Coastal Fever	Sideways to New Italy	INDIFFERENT	4:59	09Sd1PlxIYo	MPREb_JvDKeJNSH9i	UCcUyrT2AsL--l-xHE3L1aZw
235	Cameo	Rolling Blackouts Coastal Fever	Sideways to New Italy	INDIFFERENT	4:08	k5bS8-WjBe4	MPREb_JvDKeJNSH9i	UCcUyrT2AsL--l-xHE3L1aZw
236	Not Tonight	Rolling Blackouts Coastal Fever	Sideways to New Italy	INDIFFERENT	4:01	FQBgAnj_UoY	MPREb_JvDKeJNSH9i	UCcUyrT2AsL--l-xHE3L1aZw
237	Sunglasses At The Wedding	Rolling Blackouts Coastal Fever	Sideways to New Italy	INDIFFERENT	3:33	aGmwcVs7awA	MPREb_JvDKeJNSH9i	UCcUyrT2AsL--l-xHE3L1aZw
238	The Cool Change	Rolling Blackouts Coastal Fever	Sideways to New Italy	INDIFFERENT	4:04	WQUyNZzWMuE	MPREb_JvDKeJNSH9i	UCcUyrT2AsL--l-xHE3L1aZw
418	Melodica	Rival Consoles	Articulation	INDIFFERENT	3:40	cGcQPH4KyxA	MPREb_XsGDxZeQQn8	UC2WctdCmq8m617GDyuynG0w
419	Articulation	Rival Consoles	Articulation	INDIFFERENT	6:31	Ky8yKvcHFDw	MPREb_XsGDxZeQQn8	UC2WctdCmq8m617GDyuynG0w
420	Still Here	Rival Consoles	Articulation	INDIFFERENT	4:25	6Uqm5i0WxHM	MPREb_XsGDxZeQQn8	UC2WctdCmq8m617GDyuynG0w
1479	I Still Have The Sun To Cast A Light	Rafael Anton Irisarri	Peripeteia	INDIFFERENT	5:09	VikZYG3CaS8	MPREb_Oyz3z5a0uVP	UCbGYy9nwwKJKqy0tPT8A4VQ
1480	Between Negative Voids	Rafael Anton Irisarri	Peripeteia	INDIFFERENT	6:02	ZsAm8o0vxAY	MPREb_Oyz3z5a0uVP	UCbGYy9nwwKJKqy0tPT8A4VQ
1481	Mellified	Rafael Anton Irisarri	Peripeteia	INDIFFERENT	5:45	RfGM8kbYFz8	MPREb_Oyz3z5a0uVP	UCbGYy9nwwKJKqy0tPT8A4VQ
1482	Arduous Clarity	Rafael Anton Irisarri	Peripeteia	INDIFFERENT	4:29	bZ57wjgljHw	MPREb_Oyz3z5a0uVP	UCbGYy9nwwKJKqy0tPT8A4VQ
1483	Refuge/Refuse	Rafael Anton Irisarri	Peripeteia	INDIFFERENT	4:43	2NBO7qV8xw4	MPREb_Oyz3z5a0uVP	UCbGYy9nwwKJKqy0tPT8A4VQ
1484	Yearn	Rafael Anton Irisarri	Peripeteia	INDIFFERENT	4:22	HCkY1USK-rw	MPREb_Oyz3z5a0uVP	UCbGYy9nwwKJKqy0tPT8A4VQ
1485	Fright and Control	Rafael Anton Irisarri	Peripeteia	INDIFFERENT	5:33	ze5WONecJq0	MPREb_Oyz3z5a0uVP	UCbGYy9nwwKJKqy0tPT8A4VQ
1486	Vanishing Points	Rafael Anton Irisarri	Peripeteia	INDIFFERENT	8:02	PBcZulLjW2M	MPREb_Oyz3z5a0uVP	UCbGYy9nwwKJKqy0tPT8A4VQ
1487	Peripeteia (Continuous Mix)	Rafael Anton Irisarri	Peripeteia	INDIFFERENT	42:31	TdBq4ogAc5A	MPREb_Oyz3z5a0uVP	UCbGYy9nwwKJKqy0tPT8A4VQ
1228	Bread And Circus (Live At Arcosanti)	Puscifer	Live At Arcosanti	INDIFFERENT	6:29	GMbfkwPF0R0	MPREb_hTGrBmtDSco	UClSC0yg5RZysRZv-uV06RPw
1229	Apocalyptical	Puscifer	Apocalyptical	INDIFFERENT	5:21	-5VxaRMipUc	MPREb_6fJOaG62zLS	UClSC0yg5RZysRZv-uV06RPw
1230	The Underwhelming (Live At Arcosanti)	Puscifer	Live At Arcosanti	INDIFFERENT	5:03	6xRkJNh_6kY	MPREb_hTGrBmtDSco	UClSC0yg5RZysRZv-uV06RPw
1231	Grey Area (Live At Arcosanti)	Puscifer	Live At Arcosanti	INDIFFERENT	3:56	6zOtxUSCPm8	MPREb_hTGrBmtDSco	UClSC0yg5RZysRZv-uV06RPw
1232	Theorem (Live At Arcosanti)	Puscifer	Live At Arcosanti	INDIFFERENT	5:06	hXK6ykFxHAc	MPREb_hTGrBmtDSco	UClSC0yg5RZysRZv-uV06RPw
1233	UPGrade (Live At Arcosanti)	Puscifer	Live At Arcosanti	INDIFFERENT	4:54	LZLltjNqeN0	MPREb_hTGrBmtDSco	UClSC0yg5RZysRZv-uV06RPw
1234	Bullet Train To Iowa	Puscifer	Existential Reckoning	INDIFFERENT	5:06	VPBgSxiuBxY	MPREb_MqjeVKjkNsg	UClSC0yg5RZysRZv-uV06RPw
1235	Personal Prometheus (Live At Arcosanti)	Puscifer	Live At Arcosanti	INDIFFERENT	7:29	UE32PMxwbgc	MPREb_hTGrBmtDSco	UClSC0yg5RZysRZv-uV06RPw
1236	A Singularity (Live At Arcosanti)	Puscifer	Live At Arcosanti	INDIFFERENT	5:30	15mBU8c7njw	MPREb_hTGrBmtDSco	UClSC0yg5RZysRZv-uV06RPw
1237	Postulous	Puscifer	Existential Reckoning	INDIFFERENT	3:42	KwwwA-pBYu8	MPREb_MqjeVKjkNsg	UClSC0yg5RZysRZv-uV06RPw
1238	Fake Affront	Puscifer	Existential Reckoning	INDIFFERENT	3:29	Hj85RCfnwyg	MPREb_MqjeVKjkNsg	UClSC0yg5RZysRZv-uV06RPw
1239	Bedlamite (Live At Arcosanti)	Puscifer	Live At Arcosanti	INDIFFERENT	4:50	f9r0352c1jU	MPREb_hTGrBmtDSco	UClSC0yg5RZysRZv-uV06RPw
1218	rubyinsides	Purity Ring	Womb	INDIFFERENT	3:34	7cTCRO7xhRc	MPREb_dVrCqknvvqA	UCu_tCVkOZmNKke8WptzHDGA
1219	pink lightning	Purity Ring	Womb	INDIFFERENT	4:15	2BFv25ExnB4	MPREb_dVrCqknvvqA	UCu_tCVkOZmNKke8WptzHDGA
1220	peacefall	Purity Ring	Womb	INDIFFERENT	4:17	OSGgk70FVt4	MPREb_dVrCqknvvqA	UCu_tCVkOZmNKke8WptzHDGA
1221	i like the devil	Purity Ring	Womb	INDIFFERENT	2:56	ts0sYqvp2YY	MPREb_dVrCqknvvqA	UCu_tCVkOZmNKke8WptzHDGA
1222	femia	Purity Ring	Womb	INDIFFERENT	3:08	r3Nfm4g3LPU	MPREb_dVrCqknvvqA	UCu_tCVkOZmNKke8WptzHDGA
1223	sinew	Purity Ring	Womb	INDIFFERENT	3:12	miz3GZG6bBM	MPREb_dVrCqknvvqA	UCu_tCVkOZmNKke8WptzHDGA
1224	vehemence	Purity Ring	Womb	INDIFFERENT	3:48	hLOasIDzBEQ	MPREb_dVrCqknvvqA	UCu_tCVkOZmNKke8WptzHDGA
1225	silkspun	Purity Ring	Womb	INDIFFERENT	3:36	BknKOXtd3zA	MPREb_dVrCqknvvqA	UCu_tCVkOZmNKke8WptzHDGA
1226	almanac	Purity Ring	Womb	INDIFFERENT	3:14	4J7dOfMNao4	MPREb_dVrCqknvvqA	UCu_tCVkOZmNKke8WptzHDGA
1227	stardew	Purity Ring	Womb	INDIFFERENT	4:07	GahMXxUMoK4	MPREb_dVrCqknvvqA	UCu_tCVkOZmNKke8WptzHDGA
731	Welcome To Bobby's Motel	Pottery	Welcome To Bobby's Motel	INDIFFERENT	1:59	HoisYclzh7s	MPREb_vuEzZw6OJft	UCX3mQsMOiOJHnv1WW3UEl8w
732	Hot Heater	Pottery	Hot Heater	INDIFFERENT	3:34	MKy-HzUfXtA	MPREb_SIo7En0kg8N	UCX3mQsMOiOJHnv1WW3UEl8w
733	Under The Wires	Pottery	Welcome To Bobby's Motel	INDIFFERENT	3:55	AwHTyvVcHcA	MPREb_vuEzZw6OJft	UCX3mQsMOiOJHnv1WW3UEl8w
734	Bobby's Forecast	Pottery	Welcome To Bobby's Motel	INDIFFERENT	3:04	5gamvZLwDQc	MPREb_vuEzZw6OJft	UCX3mQsMOiOJHnv1WW3UEl8w
735	Down In The Dumps	Pottery	Welcome To Bobby's Motel	INDIFFERENT	3:04	vLhOeHtpen4	MPREb_vuEzZw6OJft	UCX3mQsMOiOJHnv1WW3UEl8w
736	Reflection	Pottery	Welcome To Bobby's Motel	INDIFFERENT	3:36	uomfwhaO_nM	MPREb_vuEzZw6OJft	UCX3mQsMOiOJHnv1WW3UEl8w
737	Texas Drums Pt I & II	Pottery	Texas Drums Pt I & II	INDIFFERENT	6:22	OsDH00qlQv4	MPREb_ICcg2kF4Kfj	UCX3mQsMOiOJHnv1WW3UEl8w
738	NY Inn	Pottery	Welcome To Bobby's Motel	INDIFFERENT	2:27	ylNTXVvDzJo	MPREb_vuEzZw6OJft	UCX3mQsMOiOJHnv1WW3UEl8w
739	What's In Fashion?	Pottery	Welcome To Bobby's Motel	INDIFFERENT	2:42	KjVM5N1MQh0	MPREb_vuEzZw6OJft	UCX3mQsMOiOJHnv1WW3UEl8w
740	Take Your Time	Pottery	Take Your Time	INDIFFERENT	3:15	EefcOq0Lp-Y	MPREb_Cs71hVP4Dxh	UCX3mQsMOiOJHnv1WW3UEl8w
741	Hot Like Jungle	Pottery	Hot Like Jungle	INDIFFERENT	3:48	kaALAvOy1mk	MPREb_uP2lnWLFusw	UCX3mQsMOiOJHnv1WW3UEl8w
303	Reducer	Pigs Pigs Pigs Pigs Pigs Pigs Pigs	Viscerals	INDIFFERENT	4:28	VnZbo-fYEU0	MPREb_srjuYXVCwuM	UCZvDwj-EtNa056tHFaEwkSw
304	Rubbernecker	Pigs Pigs Pigs Pigs Pigs Pigs Pigs	Viscerals	INDIFFERENT	4:28	l3aKChrzdzc	MPREb_srjuYXVCwuM	UCZvDwj-EtNa056tHFaEwkSw
305	New Body	Pigs Pigs Pigs Pigs Pigs Pigs Pigs	Viscerals	INDIFFERENT	7:10	KpDGeIqWXAI	MPREb_srjuYXVCwuM	UCZvDwj-EtNa056tHFaEwkSw
306	Blood and Butter	Pigs Pigs Pigs Pigs Pigs Pigs Pigs	Viscerals	INDIFFERENT	1:40	4_xSupsJLJY	MPREb_srjuYXVCwuM	UCZvDwj-EtNa056tHFaEwkSw
307	World Crust	Pigs Pigs Pigs Pigs Pigs Pigs Pigs	Viscerals	INDIFFERENT	3:09	Q5h8qRvSUDA	MPREb_srjuYXVCwuM	UCZvDwj-EtNa056tHFaEwkSw
308	Crazy in Blood	Pigs Pigs Pigs Pigs Pigs Pigs Pigs	Viscerals	INDIFFERENT	5:13	Np0xzrnrt20	MPREb_srjuYXVCwuM	UCZvDwj-EtNa056tHFaEwkSw
309	Halloween Bolson	Pigs Pigs Pigs Pigs Pigs Pigs Pigs	Viscerals	INDIFFERENT	9:01	7tcJ-cKGzyo	MPREb_srjuYXVCwuM	UCZvDwj-EtNa056tHFaEwkSw
310	Hell's Teeth	Pigs Pigs Pigs Pigs Pigs Pigs Pigs	Viscerals	INDIFFERENT	3:33	lWX5PO2BNNM	MPREb_srjuYXVCwuM	UCZvDwj-EtNa056tHFaEwkSw
1454	Im Winterwald	Paysage d'Hiver	Im Wald	INDIFFERENT	9:45	Mxu0jtzNLuE	MPREb_gaGZd0IvS2P	UCzzpqbmBRCUbHOx-SSDs36w
1455	Über den Bäumen	Paysage d'Hiver	Im Wald	INDIFFERENT	10:34	3PV6w3ESfco	MPREb_gaGZd0IvS2P	UCzzpqbmBRCUbHOx-SSDs36w
1456	Schneeglitzern	Paysage d'Hiver	Im Wald	INDIFFERENT	3:43	f3LyJN9x5hI	MPREb_gaGZd0IvS2P	UCzzpqbmBRCUbHOx-SSDs36w
1457	Alt	Paysage d'Hiver	Im Wald	INDIFFERENT	10:34	qF5M7GnPe-Q	MPREb_gaGZd0IvS2P	UCzzpqbmBRCUbHOx-SSDs36w
1458	Wurzel	Paysage d'Hiver	Im Wald	INDIFFERENT	2:44	mjNQiSd73H4	MPREb_gaGZd0IvS2P	UCzzpqbmBRCUbHOx-SSDs36w
1459	Stimmen im Wald	Paysage d'Hiver	Im Wald	INDIFFERENT	10:50	8x_G1JfnEbE	MPREb_gaGZd0IvS2P	UCzzpqbmBRCUbHOx-SSDs36w
1460	Flug	Paysage d'Hiver	Im Wald	INDIFFERENT	11:01	D7BQxE-4lZQ	MPREb_gaGZd0IvS2P	UCzzpqbmBRCUbHOx-SSDs36w
1461	Le rêve lucide	Paysage d'Hiver	Im Wald	INDIFFERENT	13:06	7tJMAXUBNK8	MPREb_gaGZd0IvS2P	UCzzpqbmBRCUbHOx-SSDs36w
1462	Eulengesang	Paysage d'Hiver	Im Wald	INDIFFERENT	2:23	uv0B4WDjLSQ	MPREb_gaGZd0IvS2P	UCzzpqbmBRCUbHOx-SSDs36w
1463	Kälteschauer	Paysage d'Hiver	Im Wald	INDIFFERENT	12:41	Gc40hHKbW3A	MPREb_gaGZd0IvS2P	UCzzpqbmBRCUbHOx-SSDs36w
1464	Verweilen	Paysage d'Hiver	Im Wald	INDIFFERENT	2:12	jvXOuAd43PQ	MPREb_gaGZd0IvS2P	UCzzpqbmBRCUbHOx-SSDs36w
1465	Weiter, immer weiter	Paysage d'Hiver	Im Wald	INDIFFERENT	11:31	9xcyAmkOa4A	MPREb_gaGZd0IvS2P	UCzzpqbmBRCUbHOx-SSDs36w
1466	So hallt es wider	Paysage d'Hiver	Im Wald	INDIFFERENT	19:21	woSstKKrd_g	MPREb_gaGZd0IvS2P	UCzzpqbmBRCUbHOx-SSDs36w
695	Block Boy	Pa Salieu	Send Them to Coventry	INDIFFERENT	2:18	eeuemE9dPDM	MPREb_9YnbWI5gY7o	UCy1MHvV8LbwU8XIetsfjRaw
696	No Warnin’ (feat. Boy Boy)	Pa Salieu	Send Them to Coventry	INDIFFERENT	3:18	4KB9djp4D08	MPREb_9YnbWI5gY7o	UCy1MHvV8LbwU8XIetsfjRaw
697	Frontline	Pa Salieu	Send Them to Coventry	INDIFFERENT	3:22	wYjvpYDVELo	MPREb_9YnbWI5gY7o	UCy1MHvV8LbwU8XIetsfjRaw
698	Flip, Repeat	Pa Salieu	Send Them to Coventry	INDIFFERENT	2:40	M1rowFeR2JA	MPREb_9YnbWI5gY7o	UCy1MHvV8LbwU8XIetsfjRaw
699	Informa (feat. M1llionz)	Pa Salieu	Send Them to Coventry	INDIFFERENT	2:21	ogsFx7Rt3Ic	MPREb_9YnbWI5gY7o	UCy1MHvV8LbwU8XIetsfjRaw
700	Over There	Pa Salieu	Send Them to Coventry	INDIFFERENT	2:15	MdDJFiQZgPs	MPREb_9YnbWI5gY7o	UCy1MHvV8LbwU8XIetsfjRaw
701	Betty	Pa Salieu	Send Them to Coventry	INDIFFERENT	2:17	zg9I3Abog8s	MPREb_9YnbWI5gY7o	UCy1MHvV8LbwU8XIetsfjRaw
702	Pile Up (Interlude)	Pa Salieu	Send Them to Coventry	INDIFFERENT	1:25	9DAipekoZ8g	MPREb_9YnbWI5gY7o	UCy1MHvV8LbwU8XIetsfjRaw
703	More Paper (feat. Eight9FLY)	Pa Salieu	Send Them to Coventry	INDIFFERENT	3:03	tx4Dp2Pjz0k	MPREb_9YnbWI5gY7o	UCy1MHvV8LbwU8XIetsfjRaw
704	Active (feat. Ni Santora, Lz Dinero, Stizee & Shakavellie)	Pa Salieu	Send Them to Coventry	INDIFFERENT	3:53	5tRnQNldGjA	MPREb_9YnbWI5gY7o	UCy1MHvV8LbwU8XIetsfjRaw
705	T.T.M	Pa Salieu	Send Them to Coventry	INDIFFERENT	2:55	B6qkKQQZCyU	MPREb_9YnbWI5gY7o	UCy1MHvV8LbwU8XIetsfjRaw
706	They Don’t Know (Interlude)	Pa Salieu	Send Them to Coventry	INDIFFERENT	1:05	YQoMRtHNWzg	MPREb_9YnbWI5gY7o	UCy1MHvV8LbwU8XIetsfjRaw
707	My Family (feat. BackRoad Gee)	Pa Salieu	Send Them to Coventry	INDIFFERENT	2:41	AaSZmxrP82E	MPREb_9YnbWI5gY7o	UCy1MHvV8LbwU8XIetsfjRaw
708	B***K	Pa Salieu	Send Them to Coventry	INDIFFERENT	2:11	U2RyIbQ-SrA	MPREb_9YnbWI5gY7o	UCy1MHvV8LbwU8XIetsfjRaw
709	Energy (feat. Mahalia)	Pa Salieu	Send Them to Coventry	INDIFFERENT	3:09	-zA90pqAGNs	MPREb_9YnbWI5gY7o	UCy1MHvV8LbwU8XIetsfjRaw
333	Here We Are (Once Again)	Okkyung Lee	Yeo-Neun	INDIFFERENT	6:10	Vo53uj9hCSU	MPREb_OaeHfIsatNc	UCMgpirgL40-yVNJzMtxSNLg
334	The Yellow Porcelain Bird	Okkyung Lee	Yeo-Neun	INDIFFERENT	3:37	kgLih9dJavI	MPREb_OaeHfIsatNc	UCMgpirgL40-yVNJzMtxSNLg
335	Another Old Story (옛날이야기)	Okkyung Lee	Yeo-Neun	INDIFFERENT	3:12	Wcvpb9opx_0	MPREb_OaeHfIsatNc	UCMgpirgL40-yVNJzMtxSNLg
336	In Stardust (For Kang Kyung-ok)	Okkyung Lee	Yeo-Neun	INDIFFERENT	4:14	qXgh_RldkGs	MPREb_OaeHfIsatNc	UCMgpirgL40-yVNJzMtxSNLg
337	Eternally (미련없이)	Okkyung Lee	Yeo-Neun	INDIFFERENT	2:06	EnB_eQgBSEc	MPREb_OaeHfIsatNc	UCMgpirgL40-yVNJzMtxSNLg
338	Uiro (Up And Up And Up)	Okkyung Lee	Yeo-Neun	INDIFFERENT	4:01	c8ZXmWjjbVQ	MPREb_OaeHfIsatNc	UCMgpirgL40-yVNJzMtxSNLg
339	The Longest Morning	Okkyung Lee	Yeo-Neun	INDIFFERENT	4:45	nt-TH1WNp2A	MPREb_OaeHfIsatNc	UCMgpirgL40-yVNJzMtxSNLg
340	One Bright Lazy Sunday Afternoon (You Whispered That Name)	Okkyung Lee	Yeo-Neun	INDIFFERENT	5:11	2dPS8vMCUx8	MPREb_OaeHfIsatNc	UCMgpirgL40-yVNJzMtxSNLg
341	Facing Your Shadows	Okkyung Lee	Yeo-Neun	INDIFFERENT	3:59	GAtncoA7tcg	MPREb_OaeHfIsatNc	UCMgpirgL40-yVNJzMtxSNLg
342	Then, There (그때 그자리)	Okkyung Lee	Yeo-Neun	INDIFFERENT	2:31	IHuwyNbWPAM	MPREb_OaeHfIsatNc	UCMgpirgL40-yVNJzMtxSNLg
459	A Fabricated Life	Nothing	The Great Dismal	INDIFFERENT	5:47	azQcRYZeuFY	MPREb_qhRik653L8Y	UCJkch0w_oUIYJaWTZM1rrNw
462	Catch a Fade	Nothing	The Great Dismal	INDIFFERENT	3:51	Pod_XxkVIsw	MPREb_qhRik653L8Y	UCJkch0w_oUIYJaWTZM1rrNw
464	Bernie Sanders	Nothing	The Great Dismal	INDIFFERENT	4:08	xDdaQYAeijs	MPREb_qhRik653L8Y	UCJkch0w_oUIYJaWTZM1rrNw
465	In Blueberry Memories	Nothing	The Great Dismal	INDIFFERENT	5:19	K5XGjtFOM0k	MPREb_qhRik653L8Y	UCJkch0w_oUIYJaWTZM1rrNw
466	Blue Mecca	Nothing	The Great Dismal	INDIFFERENT	5:18	hpGQkvcYTYA	MPREb_qhRik653L8Y	UCJkch0w_oUIYJaWTZM1rrNw
467	Just a Story	Nothing	The Great Dismal	INDIFFERENT	4:17	pibPWd_s4KA	MPREb_qhRik653L8Y	UCJkch0w_oUIYJaWTZM1rrNw
468	Ask the Rust	Nothing	The Great Dismal	INDIFFERENT	4:49	Ka7QailonZs	MPREb_qhRik653L8Y	UCJkch0w_oUIYJaWTZM1rrNw
933	Memory of Lunch	North Americans	Roped In	INDIFFERENT	2:34	KMYMdrS2hs4	MPREb_fgZ2wL7wCzj	UCSW88fe0fFMSUy-ImZJmB9A
934	Rivers That You Cannot See	North Americans	Roped In	INDIFFERENT	3:56	WxoWdVRZJyU	MPREb_fgZ2wL7wCzj	UCSW88fe0fFMSUy-ImZJmB9A
935	Furniture In The Valley	North Americans	Roped In	INDIFFERENT	3:56	fx0TVnxWzrI	MPREb_fgZ2wL7wCzj	UCSW88fe0fFMSUy-ImZJmB9A
936	American Dipper	North Americans	Roped In	INDIFFERENT	3:56	-l_nRnUypsk	MPREb_fgZ2wL7wCzj	UCSW88fe0fFMSUy-ImZJmB9A
937	Yearling	North Americans	Roped In	INDIFFERENT	2:57	vY9eH-sSWAw	MPREb_fgZ2wL7wCzj	UCSW88fe0fFMSUy-ImZJmB9A
938	Run Down	North Americans	Roped In	INDIFFERENT	3:28	X5l9kAceEPg	MPREb_fgZ2wL7wCzj	UCSW88fe0fFMSUy-ImZJmB9A
939	Good Doer	North Americans	Roped In	INDIFFERENT	4:25	mFhqK3SKCck	MPREb_fgZ2wL7wCzj	UCSW88fe0fFMSUy-ImZJmB9A
940	Greetings From A Distant Friend	North Americans	Roped In	INDIFFERENT	3:30	Nz5725lmgfI	MPREb_fgZ2wL7wCzj	UCSW88fe0fFMSUy-ImZJmB9A
941	Break Maiden	North Americans	Roped In	INDIFFERENT	2:24	vYof91a0C-A	MPREb_fgZ2wL7wCzj	UCSW88fe0fFMSUy-ImZJmB9A
942	Retaliation	Nazar	Guerrilla	INDIFFERENT	3:29	JpoqjNzr_fw	MPREb_EdUqZDhoNyT	UC9_ngHFddN8OV2grxyyYVpA
943	Diverted	Nazar	Guerrilla	INDIFFERENT	4:15	WSLuO_bMDWE	MPREb_EdUqZDhoNyT	UC9_ngHFddN8OV2grxyyYVpA
944	Bunker (feat. Shannen SP)	Nazar	Bunker	INDIFFERENT	3:52	a8JIGISsudk	MPREb_SzHto1FnJBi	UCbxSKqjOMjZlOOXvhVK1j0A
945	UN Sanctions	Nazar	UN Sanctions	INDIFFERENT	4:09	m9zAbooywbg	MPREb_BdEBy2bkfYh	UCbxSKqjOMjZlOOXvhVK1j0A
946	FIM-92 Stinger	Nazar	Guerrilla	INDIFFERENT	4:19	51cAklH_ZME	MPREb_EdUqZDhoNyT	UC9_ngHFddN8OV2grxyyYVpA
947	Immortal	Nazar	Guerrilla	INDIFFERENT	5:38	rwfZLBYlKYM	MPREb_EdUqZDhoNyT	UC9_ngHFddN8OV2grxyyYVpA
948	Mother	Nazar	Guerrilla	INDIFFERENT	3:51	ysZSPep7nDc	MPREb_EdUqZDhoNyT	UC9_ngHFddN8OV2grxyyYVpA
949	Arms Deal	Nazar	Guerrilla	INDIFFERENT	3:40	8iArsn9Sbzo	MPREb_EdUqZDhoNyT	UC9_ngHFddN8OV2grxyyYVpA
950	Why	Nazar	Guerrilla	INDIFFERENT	4:17	z_QvMBHbt1U	MPREb_EdUqZDhoNyT	UC9_ngHFddN8OV2grxyyYVpA
951	Intercept	Nazar	Guerrilla	INDIFFERENT	4:34	RZRDPOaF_PU	MPREb_EdUqZDhoNyT	UC9_ngHFddN8OV2grxyyYVpA
952	End Of Guerrilla	Nazar	Guerrilla	INDIFFERENT	3:49	bL9rjyvFvp0	MPREb_EdUqZDhoNyT	UC9_ngHFddN8OV2grxyyYVpA
279	Club Cougar	Nadine Shah	Club Cougar	INDIFFERENT	4:47	8Blz3Mae3KY	MPREb_J04hUMo6Vfd	UCVUG3P84LpdbyGX4SXYUhEQ
280	Ladies for Babies (Goats for Love)	Nadine Shah	Kitchen Sink	INDIFFERENT	4:29	CKw2U0PRONI	MPREb_9cO5LFaehCQ	UCVUG3P84LpdbyGX4SXYUhEQ
281	Buckfast	Nadine Shah	Buckfast	INDIFFERENT	3:52	JryMKmYzEe0	MPREb_QZ2tQG8C0G7	UCVUG3P84LpdbyGX4SXYUhEQ
282	Dillydally	Nadine Shah	Kitchen Sink	INDIFFERENT	3:48	JgyjDJFiMNs	MPREb_9cO5LFaehCQ	UCVUG3P84LpdbyGX4SXYUhEQ
283	Trad	Nadine Shah	Trad	INDIFFERENT	5:28	_6Dwidvz80w	MPREb_FuWRVqZneow	UCVUG3P84LpdbyGX4SXYUhEQ
284	Kitchen Sink	Nadine Shah	Kitchen Sink	INDIFFERENT	3:37	28TV5r-aCsQ	MPREb_UPK7NscFVLJ	UCVUG3P84LpdbyGX4SXYUhEQ
285	Kite	Nadine Shah	Kitchen Sink	INDIFFERENT	4:53	Xns3VNb-5K4	MPREb_9cO5LFaehCQ	UCVUG3P84LpdbyGX4SXYUhEQ
286	Ukrainian Wine	Nadine Shah	Kitchen Sink	INDIFFERENT	4:40	ude2YC1EoyI	MPREb_9cO5LFaehCQ	UCVUG3P84LpdbyGX4SXYUhEQ
287	Wasps Nest	Nadine Shah	Kitchen Sink	INDIFFERENT	2:23	oDyVqj0ubmQ	MPREb_9cO5LFaehCQ	UCVUG3P84LpdbyGX4SXYUhEQ
288	Walk	Nadine Shah	Kitchen Sink	INDIFFERENT	4:44	utSwPOiNlLw	MPREb_9cO5LFaehCQ	UCVUG3P84LpdbyGX4SXYUhEQ
289	Prayer Mat	Nadine Shah	Kitchen Sink	INDIFFERENT	4:21	1lxWJYtVsFE	MPREb_9cO5LFaehCQ	UCVUG3P84LpdbyGX4SXYUhEQ
1467	Flowers To My Demons	NNAMDÏ	BRAT	INDIFFERENT	2:52	ky1V9eEeApY	MPREb_9ndmp2oHP1l	UC2umBkLd1F--005t0XDBUJA
1468	Gimme Gimme	NNAMDÏ	BRAT	INDIFFERENT	3:12	vgMyBLH31Ys	MPREb_9ndmp2oHP1l	UC2umBkLd1F--005t0XDBUJA
1469	Bullseye	NNAMDÏ	BRAT	INDIFFERENT	1:54	Qsplg9nVDUQ	MPREb_9ndmp2oHP1l	UC2umBkLd1F--005t0XDBUJA
1470	Everyone I Loved	NNAMDÏ	BRAT	INDIFFERENT	3:41	9m8Q5qq_fSE	MPREb_9ndmp2oHP1l	UC2umBkLd1F--005t0XDBUJA
1471	Wasted	NNAMDÏ	BRAT	INDIFFERENT	4:25	0B3N9KCi5kU	MPREb_9ndmp2oHP1l	UC2umBkLd1F--005t0XDBUJA
1472	Glass Casket	NNAMDÏ	BRAT	INDIFFERENT	4:03	WudIF3i3NzA	MPREb_9ndmp2oHP1l	UC2umBkLd1F--005t0XDBUJA
1473	Perfect In My Mind	NNAMDÏ	BRAT	INDIFFERENT	4:35	0lIVovP2S38	MPREb_9ndmp2oHP1l	UC2umBkLd1F--005t0XDBUJA
1474	Semantics	NNAMDÏ	BRAT	INDIFFERENT	3:38	MSDiXzFjMTE	MPREb_9ndmp2oHP1l	UC2umBkLd1F--005t0XDBUJA
1475	Price Went Up	NNAMDÏ	BRAT	INDIFFERENT	2:07	HkOy3e0HFtM	MPREb_9ndmp2oHP1l	UC2umBkLd1F--005t0XDBUJA
1476	Really Don't	NNAMDÏ	BRAT	INDIFFERENT	1:40	aMh0vwT-EIE	MPREb_9ndmp2oHP1l	UC2umBkLd1F--005t0XDBUJA
1477	It's OK	NNAMDÏ	BRAT	INDIFFERENT	3:46	Mhr_dZIYo5s	MPREb_9ndmp2oHP1l	UC2umBkLd1F--005t0XDBUJA
1478	Salut	NNAMDÏ	BRAT	INDIFFERENT	5:21	Plt1nFMT5c4	MPREb_9ndmp2oHP1l	UC2umBkLd1F--005t0XDBUJA
1511	Ella	Myrkur	Folkesange	INDIFFERENT	3:55	zT60mQMySmw	MPREb_bI5JI5iMsW5	UCt7s5xQyNJth7sZnoVHLxeA
1512	Fager som en Ros	Myrkur	Folkesange	INDIFFERENT	2:51	wmQ_F-_080c	MPREb_bI5JI5iMsW5	UCt7s5xQyNJth7sZnoVHLxeA
1513	Leaves of Yggdrasil	Myrkur	Folkesange	INDIFFERENT	4:01	3V9vMHpEQsQ	MPREb_bI5JI5iMsW5	UCt7s5xQyNJth7sZnoVHLxeA
1514	Ramund	Myrkur	Folkesange	INDIFFERENT	3:29	qKkkZnZRASg	MPREb_bI5JI5iMsW5	UCt7s5xQyNJth7sZnoVHLxeA
1515	Tor i Helheim	Myrkur	Folkesange	INDIFFERENT	7:11	up-OX1YrEf8	MPREb_bI5JI5iMsW5	UCt7s5xQyNJth7sZnoVHLxeA
1516	Svea	Myrkur	Folkesange	INDIFFERENT	3:27	2JU1LephcW8	MPREb_bI5JI5iMsW5	UCt7s5xQyNJth7sZnoVHLxeA
1517	Harpens Kraft	Myrkur	Folkesange	INDIFFERENT	3:20	Xs4H-lmFe3I	MPREb_bI5JI5iMsW5	UCt7s5xQyNJth7sZnoVHLxeA
1518	Gammelkäring	Myrkur	Folkesange	INDIFFERENT	3:29	0azwu4irFkk	MPREb_bI5JI5iMsW5	UCt7s5xQyNJth7sZnoVHLxeA
1519	House Carpenter	Myrkur	Folkesange	INDIFFERENT	3:39	BSpB5qQ92RU	MPREb_bI5JI5iMsW5	UCt7s5xQyNJth7sZnoVHLxeA
1520	Reiar	Myrkur	Folkesange	INDIFFERENT	3:47	jCMCvrzu4NY	MPREb_bI5JI5iMsW5	UCt7s5xQyNJth7sZnoVHLxeA
1521	Gudernes Vilje	Myrkur	Folkesange	INDIFFERENT	3:57	-oJTZU4oDCg	MPREb_bI5JI5iMsW5	UCt7s5xQyNJth7sZnoVHLxeA
1522	Vinter	Myrkur	Folkesange	INDIFFERENT	3:59	C0NeJGdZsno	MPREb_bI5JI5iMsW5	UCt7s5xQyNJth7sZnoVHLxeA
825	If I Can If I May	Mourning [A] BLKstar	The Cycle	INDIFFERENT	3:09	59Au9leM5Os	MPREb_rOQPATR6zdU	UCFwnNr8VZyAuUvFrVESgsZw
826	Sense of an Ending	Mourning [A] BLKstar	The Cycle	INDIFFERENT	4:09	td80qggxWIY	MPREb_rOQPATR6zdU	UCFwnNr8VZyAuUvFrVESgsZw
827	Something JD Said	Mourning [A] BLKstar	The Cycle	INDIFFERENT	3:05	CjJgkXHd7GM	MPREb_rOQPATR6zdU	UCFwnNr8VZyAuUvFrVESgsZw
828	Deluze (Solange Say Remix)	Mourning [A] BLKstar	The Cycle	INDIFFERENT	5:21	NkItTGofqBU	MPREb_rOQPATR6zdU	UCFwnNr8VZyAuUvFrVESgsZw
829	Mist :: Missed	Mourning [A] BLKstar	The Cycle	INDIFFERENT	3:30	V15L-kdffms	MPREb_rOQPATR6zdU	UCFwnNr8VZyAuUvFrVESgsZw
830	Interlude (Where They At?)	Mourning [A] BLKstar	The Cycle	INDIFFERENT	1:19	WjYeK5Ud7Ek	MPREb_rOQPATR6zdU	UCFwnNr8VZyAuUvFrVESgsZw
831	The Wants	Mourning [A] BLKstar	The Cycle	INDIFFERENT	3:18	0ouXN-JwLf8	MPREb_rOQPATR6zdU	UCFwnNr8VZyAuUvFrVESgsZw
832	Debtors	Mourning [A] BLKstar	The Cycle	INDIFFERENT	3:56	26YzTFTCWqg	MPREb_rOQPATR6zdU	UCFwnNr8VZyAuUvFrVESgsZw
833	Devil Get Behind Me (Intro)	Mourning [A] BLKstar	The Cycle	INDIFFERENT	0:56	YUDW-pDkhyA	MPREb_rOQPATR6zdU	UCFwnNr8VZyAuUvFrVESgsZw
834	Devil Get Behind Me	Mourning [A] BLKstar	The Cycle	INDIFFERENT	3:24	hadRGcFe9w4	MPREb_rOQPATR6zdU	UCFwnNr8VZyAuUvFrVESgsZw
835	So Young So	Mourning [A] BLKstar	The Cycle	INDIFFERENT	3:48	ZE7ToBT4AVs	MPREb_rOQPATR6zdU	UCFwnNr8VZyAuUvFrVESgsZw
836	Been Around	Mourning [A] BLKstar	The Cycle	INDIFFERENT	3:52	CrvuZ0T2l7Q	MPREb_rOQPATR6zdU	UCFwnNr8VZyAuUvFrVESgsZw
837	Hard (Stars Remix)	Mourning [A] BLKstar	The Cycle	INDIFFERENT	4:26	r1QGeKQEbU4	MPREb_rOQPATR6zdU	UCFwnNr8VZyAuUvFrVESgsZw
838	Be	Mourning [A] BLKstar	The Cycle	INDIFFERENT	5:33	Ffek8sS2TcM	MPREb_rOQPATR6zdU	UCFwnNr8VZyAuUvFrVESgsZw
839	Whom the Bell Tolls	Mourning [A] BLKstar	The Cycle	INDIFFERENT	3:03	aYHvk7uKpYk	MPREb_rOQPATR6zdU	UCFwnNr8VZyAuUvFrVESgsZw
840	The Box	Mourning [A] BLKstar	The Cycle	INDIFFERENT	3:39	vc8vqCSG5Po	MPREb_rOQPATR6zdU	UCFwnNr8VZyAuUvFrVESgsZw
841	Holds	Mourning [A] BLKstar	The Cycle	INDIFFERENT	4:27	YsKaxsalRaA	MPREb_rOQPATR6zdU	UCFwnNr8VZyAuUvFrVESgsZw
842	4 Days	Mourning [A] BLKstar	The Cycle	INDIFFERENT	7:00	y1kEOiJqD_4	MPREb_rOQPATR6zdU	UCFwnNr8VZyAuUvFrVESgsZw
1408	Furies	Moor Mother	Brass	INDIFFERENT	2:59	pAS1o5xtZJs	MPREb_aUVEehjrkoT	UCxrMtFBRkFvQJ_vVM4il08w
1409	The Blues Remembers Everything the Country Forgot (feat. Wolf Weston)	Moor Mother	Brass	INDIFFERENT	3:02	q67_fd7b8SU	MPREb_aUVEehjrkoT	UCxrMtFBRkFvQJ_vVM4il08w
1410	Maroons (feat. Imani Robinson & Amirtha Kidambi)	Moor Mother	Brass	INDIFFERENT	3:27	ApsDPXOZjkg	MPREb_aUVEehjrkoT	UCxrMtFBRkFvQJ_vVM4il08w
1411	Rapunzal	Moor Mother	Brass	INDIFFERENT	3:05	C5MaHOntQZA	MPREb_aUVEehjrkoT	UCxrMtFBRkFvQJ_vVM4il08w
1412	Arkeology (feat. ELUCID)	Moor Mother	Brass	INDIFFERENT	3:44	kOvOARh0M-I	MPREb_aUVEehjrkoT	UCxrMtFBRkFvQJ_vVM4il08w
1413	Blak Forrest (feat. Fielded)	Moor Mother	Brass	INDIFFERENT	2:28	nGbPZN8pBU4	MPREb_aUVEehjrkoT	UCxrMtFBRkFvQJ_vVM4il08w
1414	Gang for a Day (feat. Franklin James Fisher)	Moor Mother	Brass	INDIFFERENT	3:18	wgistfE76aE	MPREb_aUVEehjrkoT	UCxrMtFBRkFvQJ_vVM4il08w
1415	Mom's Gold	Moor Mother	Brass	INDIFFERENT	2:14	XbyqR0J7Nzo	MPREb_aUVEehjrkoT	UCxrMtFBRkFvQJ_vVM4il08w
1416	Chimney (feat. Mach Hommy)	Moor Mother	Brass	INDIFFERENT	4:00	4cuzrW9Im1E	MPREb_aUVEehjrkoT	UCxrMtFBRkFvQJ_vVM4il08w
1417	Rock Cried	Moor Mother	Brass	INDIFFERENT	2:29	OmwBVSmPtb0	MPREb_aUVEehjrkoT	UCxrMtFBRkFvQJ_vVM4il08w
1418	Scary Hours (feat. John Forte)	Moor Mother	Brass	INDIFFERENT	2:45	7t2deq_UvPo	MPREb_aUVEehjrkoT	UCxrMtFBRkFvQJ_vVM4il08w
1419	Guinness	Moor Mother	Brass	INDIFFERENT	2:09	vff5E-7HIh0	MPREb_aUVEehjrkoT	UCxrMtFBRkFvQJ_vVM4il08w
1420	Tiberius (feat. ELUCID)	Moor Mother	Brass	INDIFFERENT	3:13	5uA19Kb4q2o	MPREb_aUVEehjrkoT	UCxrMtFBRkFvQJ_vVM4il08w
1421	Giraffe Hunts	Moor Mother	Brass	INDIFFERENT	2:40	ppOxD10cQ-8	MPREb_aUVEehjrkoT	UCxrMtFBRkFvQJ_vVM4il08w
1422	Portrait (feat. Navy Blue)	Moor Mother	Brass	INDIFFERENT	2:27	WBtBeaTfBs8	MPREb_aUVEehjrkoT	UCxrMtFBRkFvQJ_vVM4il08w
1	Circles	Megan Thee Stallion	Good News	INDIFFERENT	2:51	iTQB8_lmGGc	MPREb_DwnbIth2sXE	UCZBf6sY19D8pN4JIxP9PE3Q
2	Cry Baby (feat. DaBaby)	Megan Thee Stallion	Good News	INDIFFERENT	2:18	FA8OoLe7jaI	MPREb_DwnbIth2sXE	UCZBf6sY19D8pN4JIxP9PE3Q
3	Do It On The Tip (feat. City Girls & Hot Girl Meg)	Megan Thee Stallion	Good News	INDIFFERENT	2:48	SIttgbBlQzE	MPREb_DwnbIth2sXE	UCZBf6sY19D8pN4JIxP9PE3Q
4	Sugar Baby	Megan Thee Stallion	Good News	INDIFFERENT	2:27	yd7Ho6YO_7U	MPREb_DwnbIth2sXE	UCZBf6sY19D8pN4JIxP9PE3Q
5	Movie (feat. Lil Durk)	Megan Thee Stallion	Good News	INDIFFERENT	3:48	iNojQ_9Qjm4	MPREb_DwnbIth2sXE	UCZBf6sY19D8pN4JIxP9PE3Q
6	Freaky Girls (feat. SZA)	Megan Thee Stallion	Good News	INDIFFERENT	2:47	8kG7Fs94uv8	MPREb_DwnbIth2sXE	UCZBf6sY19D8pN4JIxP9PE3Q
7	Body	Megan Thee Stallion	Good News	INDIFFERENT	2:52	fVa4oMdtA5g	MPREb_DwnbIth2sXE	UCZBf6sY19D8pN4JIxP9PE3Q
8	What’s New	Megan Thee Stallion	Good News	INDIFFERENT	2:36	VpdSpHwxnGU	MPREb_DwnbIth2sXE	UCZBf6sY19D8pN4JIxP9PE3Q
9	Work That	Megan Thee Stallion	Good News	INDIFFERENT	2:15	e4ppyDSJcAM	MPREb_DwnbIth2sXE	UCZBf6sY19D8pN4JIxP9PE3Q
10	Intercourse (feat. Mustard & Popcaan)	Megan Thee Stallion	Good News	INDIFFERENT	3:18	PDDGaB4ULTU	MPREb_DwnbIth2sXE	UCZBf6sY19D8pN4JIxP9PE3Q
11	Go Crazy (feat. 2 Chainz & Big Sean)	Megan Thee Stallion	Good News	INDIFFERENT	3:46	S6-_A1qoopg	MPREb_DwnbIth2sXE	UCZBf6sY19D8pN4JIxP9PE3Q
12	Don’t Rock Me To Sleep	Megan Thee Stallion	Good News	INDIFFERENT	3:04	wkDnttl9YWk	MPREb_DwnbIth2sXE	UCZBf6sY19D8pN4JIxP9PE3Q
13	Outside	Megan Thee Stallion	Good News	INDIFFERENT	2:32	LG9h3-oasTQ	MPREb_DwnbIth2sXE	UCZBf6sY19D8pN4JIxP9PE3Q
14	Savage Remix	Megan Thee Stallion	Savage Remix	INDIFFERENT	4:03	Ts0pgldlxII	MPREb_BxcM9j78DkP	UCZBf6sY19D8pN4JIxP9PE3Q
15	Girls in the Hood	Megan Thee Stallion	Girls in the Hood	INDIFFERENT	2:35	QROUcJFvnQU	MPREb_9hCcG6pfaNS	UCZBf6sY19D8pN4JIxP9PE3Q
16	Don’t Stop (feat. Young Thug)	Megan Thee Stallion	Don’t Stop	INDIFFERENT	3:08	hMnBS-XfdvY	MPREb_6slAGcTBbXr	UCZBf6sY19D8pN4JIxP9PE3Q
1344	Don't Wait	Marsh, Phenoir, & Mariel Beausejour	Lailonie	INDIFFERENT	4:23	A2ylx4_3Efo	MPREb_ja7Dnh5QBEf	
1338	Florence	Marsh	Lailonie	INDIFFERENT	5:07	bN0wiuqF6QU	MPREb_ja7Dnh5QBEf	UCXH-97suh6oj6H0OwtOi9DA
1339	Lailonie	Marsh	Lailonie	INDIFFERENT	3:47	jV-GQy9l2f4	MPREb_ja7Dnh5QBEf	UCXH-97suh6oj6H0OwtOi9DA
1340	Amor	Marsh	Lailonie	INDIFFERENT	4:22	o5tO3tXsQrQ	MPREb_ja7Dnh5QBEf	UCXH-97suh6oj6H0OwtOi9DA
1341	My Stripes	Marsh	Lailonie	INDIFFERENT	4:28	bbt1FaBdvtQ	MPREb_ja7Dnh5QBEf	UCXH-97suh6oj6H0OwtOi9DA
1342	Healer	Marsh	Lailonie	INDIFFERENT	4:14	SgcwfR4eUXk	MPREb_ja7Dnh5QBEf	UCXH-97suh6oj6H0OwtOi9DA
1343	Wasn't Enough	Marsh	Lailonie	INDIFFERENT	4:52	E-6PH2ScpgA	MPREb_ja7Dnh5QBEf	UCXH-97suh6oj6H0OwtOi9DA
1345	There For Me	Marsh	Lailonie	INDIFFERENT	4:43	qPA1zqOlco8	MPREb_ja7Dnh5QBEf	UCXH-97suh6oj6H0OwtOi9DA
1346	Over and Over	Marsh	Lailonie	INDIFFERENT	4:46	D1djYqsOGNs	MPREb_ja7Dnh5QBEf	UCXH-97suh6oj6H0OwtOi9DA
1347	Foss	Marsh	Lailonie	INDIFFERENT	5:38	T_kqWMVwLJA	MPREb_ja7Dnh5QBEf	UCXH-97suh6oj6H0OwtOi9DA
1348	Carme	Marsh	Lailonie	INDIFFERENT	4:59	Ne_uOPiv4MI	MPREb_ja7Dnh5QBEf	UCXH-97suh6oj6H0OwtOi9DA
1349	Beech Street	Marsh	Lailonie	INDIFFERENT	5:02	Z-Z099awycI	MPREb_ja7Dnh5QBEf	UCXH-97suh6oj6H0OwtOi9DA
437	That's How Rumors Get Started	Margo Price	That's How Rumors Get Started	INDIFFERENT	4:11	fpA_BX5Ej-k	MPREb_ioIlM7GWRmi	UCMg9CRpVZZ-3enAPSYwi5LA
438	Letting Me Down	Margo Price	That's How Rumors Get Started	INDIFFERENT	3:15	B-UJy8PHKBM	MPREb_ioIlM7GWRmi	UCMg9CRpVZZ-3enAPSYwi5LA
439	Twinkle Twinkle	Margo Price	That's How Rumors Get Started	INDIFFERENT	3:32	h73hHGeeK4M	MPREb_ioIlM7GWRmi	UCMg9CRpVZZ-3enAPSYwi5LA
440	Stone Me	Margo Price	That's How Rumors Get Started	INDIFFERENT	3:10	WOWsfUzOei0	MPREb_ioIlM7GWRmi	UCMg9CRpVZZ-3enAPSYwi5LA
441	Hey Child	Margo Price	That's How Rumors Get Started	INDIFFERENT	3:50	FRXBomHVwTQ	MPREb_ioIlM7GWRmi	UCMg9CRpVZZ-3enAPSYwi5LA
442	Heartless Mind	Margo Price	That's How Rumors Get Started	INDIFFERENT	2:51	0vcBgUse8jU	MPREb_ioIlM7GWRmi	UCMg9CRpVZZ-3enAPSYwi5LA
443	What Happened To Our Love?	Margo Price	That's How Rumors Get Started	INDIFFERENT	3:36	tYLMmfQUp-c	MPREb_ioIlM7GWRmi	UCMg9CRpVZZ-3enAPSYwi5LA
444	Gone To Stay	Margo Price	That's How Rumors Get Started	INDIFFERENT	3:02	UJJCITPvgys	MPREb_ioIlM7GWRmi	UCMg9CRpVZZ-3enAPSYwi5LA
445	Prisoner Of The Highway	Margo Price	That's How Rumors Get Started	INDIFFERENT	3:45	4NcVk6W8pT0	MPREb_ioIlM7GWRmi	UCMg9CRpVZZ-3enAPSYwi5LA
446	I'd Die For You	Margo Price	That's How Rumors Get Started	INDIFFERENT	4:36	UYJRA_ww1N0	MPREb_ioIlM7GWRmi	UCMg9CRpVZZ-3enAPSYwi5LA
222	Witness	Lyra Pramuk	Fountain	INDIFFERENT	7:33	guNKplfvRhk	MPREb_DCWE0NvidX7	UCmT4nAsNjsoq7XCbPLmZ45Q
223	Tendril	Lyra Pramuk	Fountain	INDIFFERENT	4:37	Y_N-Fm24ERA	MPREb_DCWE0NvidX7	UCmT4nAsNjsoq7XCbPLmZ45Q
224	Xeno	Lyra Pramuk	Fountain	INDIFFERENT	5:17	mixC6JhMlQs	MPREb_DCWE0NvidX7	UCmT4nAsNjsoq7XCbPLmZ45Q
225	Mirror	Lyra Pramuk	Fountain	INDIFFERENT	3:05	eor-FNIyBCc	MPREb_DCWE0NvidX7	UCmT4nAsNjsoq7XCbPLmZ45Q
226	Cradle	Lyra Pramuk	Fountain	INDIFFERENT	9:03	A4x58nEfyhQ	MPREb_DCWE0NvidX7	UCmT4nAsNjsoq7XCbPLmZ45Q
227	Gossip	Lyra Pramuk	Fountain	INDIFFERENT	4:10	bE4tlOfwFWY	MPREb_DCWE0NvidX7	UCmT4nAsNjsoq7XCbPLmZ45Q
228	New Moon	Lyra Pramuk	Fountain	INDIFFERENT	8:33	nEGycMxt9tM	MPREb_DCWE0NvidX7	UCmT4nAsNjsoq7XCbPLmZ45Q
447	You Can't Rule Me	Lucinda Williams	Good Souls Better Angels	INDIFFERENT	4:02	rr9oKuRxPvw	MPREb_pspCdxhCtoS	UCGoF7aZZdqGLusNy9zEOkog
448	Bad News Blues	Lucinda Williams	Good Souls Better Angels	INDIFFERENT	4:37	aD2pWCc9RJo	MPREb_pspCdxhCtoS	UCGoF7aZZdqGLusNy9zEOkog
449	Man Without a Soul	Lucinda Williams	Good Souls Better Angels	INDIFFERENT	5:32	fzNn6yrAP50	MPREb_pspCdxhCtoS	UCGoF7aZZdqGLusNy9zEOkog
450	Big Black Train	Lucinda Williams	Good Souls Better Angels	INDIFFERENT	5:28	RjW6RmeyBxU	MPREb_pspCdxhCtoS	UCGoF7aZZdqGLusNy9zEOkog
451	Wakin' Up	Lucinda Williams	Good Souls Better Angels	INDIFFERENT	4:45	dh9a5V1uB4g	MPREb_pspCdxhCtoS	UCGoF7aZZdqGLusNy9zEOkog
452	Pray the Devil Back to Hell	Lucinda Williams	Good Souls Better Angels	INDIFFERENT	5:38	vyalbiIGM2M	MPREb_pspCdxhCtoS	UCGoF7aZZdqGLusNy9zEOkog
453	Shadows & Doubts	Lucinda Williams	Good Souls Better Angels	INDIFFERENT	6:01	ulNBWH27-Is	MPREb_pspCdxhCtoS	UCGoF7aZZdqGLusNy9zEOkog
454	When the Way Gets Dark	Lucinda Williams	Good Souls Better Angels	INDIFFERENT	3:27	UL0W2hzW-KM	MPREb_pspCdxhCtoS	UCGoF7aZZdqGLusNy9zEOkog
455	Bone of Contention	Lucinda Williams	Good Souls Better Angels	INDIFFERENT	4:05	u6x_rpO6TxA	MPREb_pspCdxhCtoS	UCGoF7aZZdqGLusNy9zEOkog
456	Down Past the Bottom	Lucinda Williams	Good Souls Better Angels	INDIFFERENT	3:22	3a-9YuDzXvk	MPREb_pspCdxhCtoS	UCGoF7aZZdqGLusNy9zEOkog
457	Big Rotator	Lucinda Williams	Good Souls Better Angels	INDIFFERENT	5:20	ZoC-0pihuVw	MPREb_pspCdxhCtoS	UCGoF7aZZdqGLusNy9zEOkog
458	Good Souls	Lucinda Williams	Good Souls Better Angels	INDIFFERENT	7:35	rq90Gg-9iF4	MPREb_pspCdxhCtoS	UCGoF7aZZdqGLusNy9zEOkog
399	Private Lives	Low Cut Connie	Private Lives	INDIFFERENT	4:18	Pb1BvHp0qQQ	MPREb_ExB1eWdzAEO	UCSO-8G2o4o9E79R0dbBl8xg
400	Help Me	Low Cut Connie	Private Lives	INDIFFERENT	3:25	Xn2WcO2-o_0	MPREb_ExB1eWdzAEO	UCSO-8G2o4o9E79R0dbBl8xg
401	Now You Know	Low Cut Connie	Private Lives	INDIFFERENT	4:48	Go8YdyT8wSM	MPREb_ExB1eWdzAEO	UCSO-8G2o4o9E79R0dbBl8xg
402	Run to Me Darlin	Low Cut Connie	Private Lives	INDIFFERENT	1:50	6BU41jHwzWo	MPREb_ExB1eWdzAEO	UCSO-8G2o4o9E79R0dbBl8xg
403	Take A Little Ride Downtown	Low Cut Connie	Private Lives	INDIFFERENT	2:35	qRSVfzj2gdA	MPREb_ExB1eWdzAEO	UCSO-8G2o4o9E79R0dbBl8xg
404	Wild Ride	Low Cut Connie	Private Lives	INDIFFERENT	3:46	j-NVyas_it4	MPREb_ExB1eWdzAEO	UCSO-8G2o4o9E79R0dbBl8xg
405	If I Die	Low Cut Connie	Private Lives	INDIFFERENT	2:36	77zV9At7hpw	MPREb_ExB1eWdzAEO	UCSO-8G2o4o9E79R0dbBl8xg
406	It Don't Take a Genius	Low Cut Connie	Private Lives	INDIFFERENT	3:24	cSWT-BxC7XM	MPREb_ExB1eWdzAEO	UCSO-8G2o4o9E79R0dbBl8xg
407	Look What They Did	Low Cut Connie	Private Lives	INDIFFERENT	3:02	81XaMMRGZKs	MPREb_ExB1eWdzAEO	UCSO-8G2o4o9E79R0dbBl8xg
408	Tea Time	Low Cut Connie	Private Lives	INDIFFERENT	1:55	tekskt05PCk	MPREb_ExB1eWdzAEO	UCSO-8G2o4o9E79R0dbBl8xg
409	The Fuckin You Get for the Fuckin You Got	Low Cut Connie	Private Lives	INDIFFERENT	2:45	BOgY5AeH564	MPREb_ExB1eWdzAEO	UCSO-8G2o4o9E79R0dbBl8xg
410	Quiet Time	Low Cut Connie	Private Lives	INDIFFERENT	2:30	z764XQPrHGk	MPREb_ExB1eWdzAEO	UCSO-8G2o4o9E79R0dbBl8xg
411	Charyse	Low Cut Connie	Private Lives	INDIFFERENT	4:50	gKInbZOciuY	MPREb_ExB1eWdzAEO	UCSO-8G2o4o9E79R0dbBl8xg
412	Nobody Else Will Believe You	Low Cut Connie	Private Lives	INDIFFERENT	1:40	wawhVShursM	MPREb_ExB1eWdzAEO	UCSO-8G2o4o9E79R0dbBl8xg
413	What Has Happened To Me	Low Cut Connie	Private Lives	INDIFFERENT	4:01	281j08YJEsk	MPREb_ExB1eWdzAEO	UCSO-8G2o4o9E79R0dbBl8xg
414	Let It All Hang Out Tonite	Low Cut Connie	Private Lives	INDIFFERENT	4:01	atecAXplgMA	MPREb_ExB1eWdzAEO	UCSO-8G2o4o9E79R0dbBl8xg
415	Stay as Long as You Like	Low Cut Connie	Private Lives	INDIFFERENT	3:35	ItFdv7z8c5Y	MPREb_ExB1eWdzAEO	UCSO-8G2o4o9E79R0dbBl8xg
775	Kisses	Lomelda	Hannah	INDIFFERENT	3:45	Pf1h_zBXoK4	MPREb_bvAj7wD4hsJ	UCJZ9hN1Z7XGPs7RwmH-o45A
776	Hannah Sun	Lomelda	Hannah	INDIFFERENT	3:29	fZnNTzYYwEA	MPREb_bvAj7wD4hsJ	UCJZ9hN1Z7XGPs7RwmH-o45A
777	Sing for Stranger	Lomelda	Hannah	INDIFFERENT	0:47	fx64n4rQ-wY	MPREb_bvAj7wD4hsJ	UCJZ9hN1Z7XGPs7RwmH-o45A
778	Wonder	Lomelda	Hannah	INDIFFERENT	2:12	LXAVWLi5nTw	MPREb_bvAj7wD4hsJ	UCJZ9hN1Z7XGPs7RwmH-o45A
779	Polyurethane	Lomelda	Hannah	INDIFFERENT	1:47	mCKcIHOoWxc	MPREb_bvAj7wD4hsJ	UCJZ9hN1Z7XGPs7RwmH-o45A
780	Reach	Lomelda	Hannah	INDIFFERENT	3:05	iENvvwKUipo	MPREb_bvAj7wD4hsJ	UCJZ9hN1Z7XGPs7RwmH-o45A
781	It's Lomelda	Lomelda	Hannah	INDIFFERENT	3:50	iAJDIIsjLc8	MPREb_bvAj7wD4hsJ	UCJZ9hN1Z7XGPs7RwmH-o45A
782	Stranger Sat By Me	Lomelda	Hannah	INDIFFERENT	3:09	5OKUe78B7Is	MPREb_bvAj7wD4hsJ	UCJZ9hN1Z7XGPs7RwmH-o45A
783	It's Infinite	Lomelda	Hannah	INDIFFERENT	2:55	nxNPUXwuYQU	MPREb_bvAj7wD4hsJ	UCJZ9hN1Z7XGPs7RwmH-o45A
784	Hannah Happiest	Lomelda	Hannah	INDIFFERENT	3:47	mCAOEfiZ56k	MPREb_bvAj7wD4hsJ	UCJZ9hN1Z7XGPs7RwmH-o45A
785	Both Mode	Lomelda	Hannah	INDIFFERENT	3:05	t9U8iq27XDc	MPREb_bvAj7wD4hsJ	UCJZ9hN1Z7XGPs7RwmH-o45A
786	Big Shot	Lomelda	Hannah	INDIFFERENT	1:26	gRaOlnmlHpA	MPREb_bvAj7wD4hsJ	UCJZ9hN1Z7XGPs7RwmH-o45A
787	Tommy Dread	Lomelda	Hannah	INDIFFERENT	4:30	vJV2Sb2j74Y	MPREb_bvAj7wD4hsJ	UCJZ9hN1Z7XGPs7RwmH-o45A
788	Hannah Please	Lomelda	Hannah	INDIFFERENT	2:26	50QooOo6WxE	MPREb_bvAj7wD4hsJ	UCJZ9hN1Z7XGPs7RwmH-o45A
1268	Echoes	Lola Marsh	Someday Tomorrow Maybe	INDIFFERENT	3:44	0f5PJfz9ngw	MPREb_lgZ814RmYaL	UCbJHXCIcKP2L3O0JnZC0nVg
1269	Only For A Moment	Lola Marsh	Someday Tomorrow Maybe	INDIFFERENT	2:49	tvS_XK9EUC8	MPREb_lgZ814RmYaL	UCbJHXCIcKP2L3O0JnZC0nVg
1270	Hold On	Lola Marsh	Someday Tomorrow Maybe	INDIFFERENT	3:49	8rWcddke8dg	MPREb_lgZ814RmYaL	UCbJHXCIcKP2L3O0JnZC0nVg
1271	Strangers On The Subway	Lola Marsh	Someday Tomorrow Maybe	INDIFFERENT	3:12	FLJXRqaGfIE	MPREb_lgZ814RmYaL	UCbJHXCIcKP2L3O0JnZC0nVg
1272	Like In The Movies	Lola Marsh	Someday Tomorrow Maybe	INDIFFERENT	3:50	TCRoQfCCnYA	MPREb_lgZ814RmYaL	UCbJHXCIcKP2L3O0JnZC0nVg
1273	In Your Eyes	Lola Marsh	Someday Tomorrow Maybe	INDIFFERENT	4:13	lb5q5WGHBOs	MPREb_lgZ814RmYaL	UCbJHXCIcKP2L3O0JnZC0nVg
1274	Give Me Some Time	Lola Marsh	Someday Tomorrow Maybe	INDIFFERENT	3:16	yIdptakLxYU	MPREb_lgZ814RmYaL	UCbJHXCIcKP2L3O0JnZC0nVg
1275	What Am I	Lola Marsh	Someday Tomorrow Maybe	INDIFFERENT	3:54	nTIqo4o6b1U	MPREb_lgZ814RmYaL	UCbJHXCIcKP2L3O0JnZC0nVg
1276	Darkest Hour	Lola Marsh	Someday Tomorrow Maybe	INDIFFERENT	4:16	dTZBH7i6T5E	MPREb_lgZ814RmYaL	UCbJHXCIcKP2L3O0JnZC0nVg
1277	Four Long Seasons	Lola Marsh	Someday Tomorrow Maybe	INDIFFERENT	4:32	h3aiuUABuMY	MPREb_lgZ814RmYaL	UCbJHXCIcKP2L3O0JnZC0nVg
1278	In The Morning	Lola Marsh	Someday Tomorrow Maybe	INDIFFERENT	1:38	pLnLfAzTvi4	MPREb_lgZ814RmYaL	UCbJHXCIcKP2L3O0JnZC0nVg
1279	Where Are You Tonight	Lola Marsh	Someday Tomorrow Maybe	INDIFFERENT	2:10	ENb3RGyjsVI	MPREb_lgZ814RmYaL	UCbJHXCIcKP2L3O0JnZC0nVg
497	What’s the Real	Liv.e	Couldn't Wait to Tell You...	INDIFFERENT	1:20	4fTr6DvvN-M	MPREb_xNpgyI4HPd9	UCaaSp3ePKbpWIsXHE2bGy2Q
498	How It Made Me Feel	Liv.e	Couldn't Wait to Tell You...	INDIFFERENT	2:45	oqHWOWR5RPA	MPREb_xNpgyI4HPd9	UCaaSp3ePKbpWIsXHE2bGy2Q
499	Bout These Pipedreams	Liv.e	Couldn't Wait to Tell You...	INDIFFERENT	1:29	JkbycclfZQ4	MPREb_xNpgyI4HPd9	UCaaSp3ePKbpWIsXHE2bGy2Q
500	Stories with Aunt Liv	Liv.e	Couldn't Wait to Tell You...	INDIFFERENT	2:59	moQQpzo1Mdk	MPREb_xNpgyI4HPd9	UCaaSp3ePKbpWIsXHE2bGy2Q
501	Lessons From My Mistakes...but I Lost Your Number	Liv.e	Couldn't Wait to Tell You...	INDIFFERENT	2:40	NOkV-aF7dkk	MPREb_xNpgyI4HPd9	UCaaSp3ePKbpWIsXHE2bGy2Q
502	About Love at 21	Liv.e	Couldn't Wait to Tell You...	INDIFFERENT	2:43	Cb2Onl-vt8k	MPREb_xNpgyI4HPd9	UCaaSp3ePKbpWIsXHE2bGy2Q
503	She’s My Brand New Crush (feat. C.S. Armstrong)	Liv.e	Couldn't Wait to Tell You...	INDIFFERENT	2:37	ePFe3FFCeio	MPREb_xNpgyI4HPd9	UCaaSp3ePKbpWIsXHE2bGy2Q
504	To Unplug	Liv.e	Couldn't Wait to Tell You...	INDIFFERENT	3:12	BONByBNnE_A	MPREb_xNpgyI4HPd9	UCaaSp3ePKbpWIsXHE2bGy2Q
505	Cut to the Chase	Liv.e	Couldn't Wait to Tell You...	INDIFFERENT	2:20	Wo3lwCfSs3k	MPREb_xNpgyI4HPd9	UCaaSp3ePKbpWIsXHE2bGy2Q
506	Moving on Felt Great and This Feels (good) Too (feat. C.S. Armstrong)	Liv.e	Couldn't Wait to Tell You...	INDIFFERENT	2:44	pBSBjGZyTT4	MPREb_xNpgyI4HPd9	UCaaSp3ePKbpWIsXHE2bGy2Q
507	It’ll Be Okay (hymnal5)	Liv.e	Couldn't Wait to Tell You...	INDIFFERENT	1:24	aKgWrXJvHtM	MPREb_xNpgyI4HPd9	UCaaSp3ePKbpWIsXHE2bGy2Q
508	I Been Livin	Liv.e	Couldn't Wait to Tell You...	INDIFFERENT	3:46	ZKWDCpLhSYI	MPREb_xNpgyI4HPd9	UCaaSp3ePKbpWIsXHE2bGy2Q
509	How She Stay Conflicted…i Hope He Understands	Liv.e	Couldn't Wait to Tell You...	INDIFFERENT	2:46	JYlR0cwP6mU	MPREb_xNpgyI4HPd9	UCaaSp3ePKbpWIsXHE2bGy2Q
510	You the One Fish in the Sea	Liv.e	Couldn't Wait to Tell You...	INDIFFERENT	2:32	R54SEfngBYM	MPREb_xNpgyI4HPd9	UCaaSp3ePKbpWIsXHE2bGy2Q
511	SirLadyMakemFall	Liv.e	Couldn't Wait to Tell You...	INDIFFERENT	2:15	UFoP7vDiWvc	MPREb_xNpgyI4HPd9	UCaaSp3ePKbpWIsXHE2bGy2Q
512	These Past Years…told by Lord Byron (feat. Lord Byron)	Liv.e	Couldn't Wait to Tell You...	INDIFFERENT	2:24	XoMHmEzMCek	MPREb_xNpgyI4HPd9	UCaaSp3ePKbpWIsXHE2bGy2Q
513	You’re Wasted Let’s Go Home	Liv.e	Couldn't Wait to Tell You...	INDIFFERENT	1:49	TYmDcYuridE	MPREb_xNpgyI4HPd9	UCaaSp3ePKbpWIsXHE2bGy2Q
514	Watchu Need Reminded by Akeema Zane (feat. Akeema Zane)	Liv.e	Couldn't Wait to Tell You...	INDIFFERENT	1:20	7sxjbnz2Xog	MPREb_xNpgyI4HPd9	UCaaSp3ePKbpWIsXHE2bGy2Q
515	LazyEaterBetsOnHerLikeness	Liv.e	Couldn't Wait to Tell You...	INDIFFERENT	2:17	_tRsBy9JBDw	MPREb_xNpgyI4HPd9	UCaaSp3ePKbpWIsXHE2bGy2Q
516	Bout My Big Man Batter	Liv.e	Couldn't Wait to Tell You...	INDIFFERENT	2:54	cfx0vp3S4eQ	MPREb_xNpgyI4HPd9	UCaaSp3ePKbpWIsXHE2bGy2Q
239	Para Transcribir (SOL)	Lido Pimienta	Miss Colombia	INDIFFERENT	2:52	nczMUgewQXw	MPREb_aBA1UhqYBR5	UCyvVDG6Oexfqkj2tfNKG2Vg
240	Eso Que Tu Haces	Lido Pimienta	Miss Colombia	INDIFFERENT	4:34	WSrUawNeMHs	MPREb_aBA1UhqYBR5	UCyvVDG6Oexfqkj2tfNKG2Vg
241	Nada (feat. Li Saumet)	Lido Pimienta	Miss Colombia	INDIFFERENT	4:59	aaj0-Zio0lg	MPREb_aBA1UhqYBR5	UCyvVDG6Oexfqkj2tfNKG2Vg
242	Te Queria	Lido Pimienta	Miss Colombia	INDIFFERENT	4:03	Wcw8KuBhGO0	MPREb_aBA1UhqYBR5	UCyvVDG6Oexfqkj2tfNKG2Vg
243	No Pude	Lido Pimienta	Miss Colombia	INDIFFERENT	3:49	6QuQLl-r2iM	MPREb_aBA1UhqYBR5	UCyvVDG6Oexfqkj2tfNKG2Vg
244	Coming Thru	Lido Pimienta	Miss Colombia	INDIFFERENT	2:41	7F6qPu35wfU	MPREb_aBA1UhqYBR5	UCyvVDG6Oexfqkj2tfNKG2Vg
245	Quiero Que Me Salves (preludio) (feat. Rafael Cassiani Cassiani)	Lido Pimienta	Miss Colombia	INDIFFERENT	2:34	rHMj94AlpNo	MPREb_aBA1UhqYBR5	UCyvVDG6Oexfqkj2tfNKG2Vg
246	Quiero Que Me Salves (feat. Sexteto Tabala)	Lido Pimienta	Miss Colombia	INDIFFERENT	6:12	JaZwWokMlCU	MPREb_aBA1UhqYBR5	UCyvVDG6Oexfqkj2tfNKG2Vg
247	Pelo Cucu	Lido Pimienta	Miss Colombia	INDIFFERENT	4:13	OxddrrDWqKs	MPREb_aBA1UhqYBR5	UCyvVDG6Oexfqkj2tfNKG2Vg
248	Resisto Y Ya	Lido Pimienta	Miss Colombia	INDIFFERENT	2:47	HFB4F3A6hyI	MPREb_aBA1UhqYBR5	UCyvVDG6Oexfqkj2tfNKG2Vg
249	Para Transcribir (LUNA)	Lido Pimienta	Miss Colombia	INDIFFERENT	4:58	ISPlrd_9xDI	MPREb_aBA1UhqYBR5	UCyvVDG6Oexfqkj2tfNKG2Vg
469	Magic	Kylie Minogue	DISCO: Guest List Edition	INDIFFERENT	4:11	7GqHR-4TXQ4	MPREb_JZaP5EajRcl	UCSyCovCbUAnejYPJhvaP7sg
470	Miss a Thing	Kylie Minogue	DISCO: Guest List Edition	INDIFFERENT	3:57	tUS4G4FVU9U	MPREb_JZaP5EajRcl	UCSyCovCbUAnejYPJhvaP7sg
471	Real Groove	Kylie Minogue	DISCO: Guest List Edition	INDIFFERENT	3:15	eF2F4MTOzbY	MPREb_JZaP5EajRcl	UCSyCovCbUAnejYPJhvaP7sg
472	Monday Blues (From the Infinite Disco Livestream)	Kylie Minogue	Infinite Disco	INDIFFERENT	3:12	ClO4Sf7wf7g	MPREb_N5w37EFL2R3	UCSyCovCbUAnejYPJhvaP7sg
473	Supernova	Kylie Minogue	DISCO: Guest List Edition	INDIFFERENT	3:18	Yf89Bp-y0Wc	MPREb_JZaP5EajRcl	UCSyCovCbUAnejYPJhvaP7sg
474	Say Something	Kylie Minogue	Magic	INDIFFERENT	3:33	1XNGnDfNnxE	MPREb_daULKoRlGhH	UCSyCovCbUAnejYPJhvaP7sg
475	Last Chance	Kylie Minogue	DISCO: Guest List Edition	INDIFFERENT	3:04	oc0k_SP-VwQ	MPREb_JZaP5EajRcl	UCSyCovCbUAnejYPJhvaP7sg
476	I Love It	Kylie Minogue	I Love It	INDIFFERENT	3:51	BSlfCYnVA4s	MPREb_T1ftNK9LM4M	UCSyCovCbUAnejYPJhvaP7sg
477	Where Does the DJ Go?	Kylie Minogue	DISCO: Guest List Edition	INDIFFERENT	3:02	eqc0o3p9c_g	MPREb_JZaP5EajRcl	UCSyCovCbUAnejYPJhvaP7sg
478	Dance Floor Darling	Kylie Minogue	DISCO: Guest List Edition	INDIFFERENT	3:13	FKI6Zg-DBhg	MPREb_JZaP5EajRcl	UCSyCovCbUAnejYPJhvaP7sg
479	Unstoppable	Kylie Minogue	DISCO: Guest List Edition	INDIFFERENT	3:35	WVh8ShCfa30	MPREb_JZaP5EajRcl	UCSyCovCbUAnejYPJhvaP7sg
480	Celebrate You	Kylie Minogue	DISCO: Guest List Edition	INDIFFERENT	3:43	vpUolamRZmc	MPREb_JZaP5EajRcl	UCSyCovCbUAnejYPJhvaP7sg
481	Till You Love Somebody	Kylie Minogue	DISCO: Guest List Edition	INDIFFERENT	3:03	1Z8mb7Wlzlo	MPREb_JZaP5EajRcl	UCSyCovCbUAnejYPJhvaP7sg
482	Fine Wine	Kylie Minogue	DISCO: Guest List Edition	INDIFFERENT	2:45	x29vq8U0chI	MPREb_JZaP5EajRcl	UCSyCovCbUAnejYPJhvaP7sg
483	Hey Lonely	Kylie Minogue	DISCO: Guest List Edition	INDIFFERENT	3:29	DaG7SAgZvlE	MPREb_JZaP5EajRcl	UCSyCovCbUAnejYPJhvaP7sg
484	Spotlight	Kylie Minogue	DISCO: Guest List Edition	INDIFFERENT	2:43	AMIxOmLQNfs	MPREb_JZaP5EajRcl	UCSyCovCbUAnejYPJhvaP7sg
1386	dont be afraid	Knxwledge	1988	INDIFFERENT	1:35	Xjd7eBepMyA	MPREb_a9GgMAhRfZz	UCzabATJlYqdlFue-_QptQVQ
1387	[bc] tm_s not promised	Knxwledge	1988	INDIFFERENT	0:55	7xKxgWzu-wM	MPREb_a9GgMAhRfZz	UCzabATJlYqdlFue-_QptQVQ
1388	Do You (Clean)	Knxwledge	Do You (Clean)	INDIFFERENT	2:50	TXXCwoHk-J0	MPREb_tWl62CYTCS3	UCzabATJlYqdlFue-_QptQVQ
1389	thats allwekando.	Knxwledge	1988	INDIFFERENT	0:58	286mVabl-IQ	MPREb_a9GgMAhRfZz	UCzabATJlYqdlFue-_QptQVQ
1390	listen	Knxwledge	1988	INDIFFERENT	1:15	ZNVBFSqOn9E	MPREb_a9GgMAhRfZz	UCzabATJlYqdlFue-_QptQVQ
1392	howtokope.	Knxwledge	1988	INDIFFERENT	2:01	O0si3whRO7I	MPREb_a9GgMAhRfZz	UCzabATJlYqdlFue-_QptQVQ
1393	with[reality]	Knxwledge	1988	INDIFFERENT	0:55	WqpOTkawtZo	MPREb_a9GgMAhRfZz	UCzabATJlYqdlFue-_QptQVQ
1394	uonlygetone	Knxwledge	1988	INDIFFERENT	0:56	CM2BfW0OyjI	MPREb_a9GgMAhRfZz	UCzabATJlYqdlFue-_QptQVQ
1395	solivelife	Knxwledge	1988	INDIFFERENT	1:40	uJgbAnAdDEc	MPREb_a9GgMAhRfZz	UCzabATJlYqdlFue-_QptQVQ
1396	be safe	Knxwledge	1988	INDIFFERENT	1:01	GUKf3NBXP0E	MPREb_a9GgMAhRfZz	UCzabATJlYqdlFue-_QptQVQ
1397	watchwhoukallyourhomie	Knxwledge	1988	INDIFFERENT	1:30	QjtNS3YcGDY	MPREb_a9GgMAhRfZz	UCzabATJlYqdlFue-_QptQVQ
1398	theykome&go	Knxwledge	1988	INDIFFERENT	1:34	JpGZSNkRfRU	MPREb_a9GgMAhRfZz	UCzabATJlYqdlFue-_QptQVQ
1399	don_tgottabe	Knxwledge	1988	INDIFFERENT	2:10	-j-X-46uSrg	MPREb_a9GgMAhRfZz	UCzabATJlYqdlFue-_QptQVQ
1400	gangstallthetime	Knxwledge	1988	INDIFFERENT	1:59	_Rk7XIpCwTc	MPREb_a9GgMAhRfZz	UCzabATJlYqdlFue-_QptQVQ
1401	believeme	Knxwledge	1988	INDIFFERENT	1:07	7n4KAbmLQYY	MPREb_a9GgMAhRfZz	UCzabATJlYqdlFue-_QptQVQ
1402	itkanbe[sonice]	Knxwledge	1988	INDIFFERENT	1:44	JJHb5WbwK00	MPREb_a9GgMAhRfZz	UCzabATJlYqdlFue-_QptQVQ
1403	makeuseofthetime	Knxwledge	1988	INDIFFERENT	1:19	qlmloUZSwGI	MPREb_a9GgMAhRfZz	UCzabATJlYqdlFue-_QptQVQ
1404	makeitliveforever	Knxwledge	1988	INDIFFERENT	1:51	2WYDMxuEyn8	MPREb_a9GgMAhRfZz	UCzabATJlYqdlFue-_QptQVQ
1405	awomanslifeislove	Knxwledge	1988	INDIFFERENT	1:16	n58dCw25BJs	MPREb_a9GgMAhRfZz	UCzabATJlYqdlFue-_QptQVQ
1406	amansloveislife_keepon	Knxwledge	1988	INDIFFERENT	3:20	c_-Jil-pHTU	MPREb_a9GgMAhRfZz	UCzabATJlYqdlFue-_QptQVQ
1407	minding_my business (feat. Durand Bernarr & Rose Gold)	Knxwledge	1988	INDIFFERENT	4:29	Z50tzeYhD2U	MPREb_a9GgMAhRfZz	UCzabATJlYqdlFue-_QptQVQ
1442	Future Toyi Toyi (feat. DJ Mabheko, Tony Allen, Tenderlonious & Afla Sackey)	Keleketla!	Keleketla!	INDIFFERENT	4:50	pJD4oVfEdCg	MPREb_LRAKJaqbo5n	UCnkMAX7DcRnxR2AGDbPmXPA
1443	International Love Affair (feat. Nono Nkoane, Thabang Tabane, Gally Ngoveni & Sibusile Xaba)	Keleketla!	Keleketla!	INDIFFERENT	7:18	Wi6lkZwThFY	MPREb_LRAKJaqbo5n	UCnkMAX7DcRnxR2AGDbPmXPA
1444	Shepherd Song (feat. Tony Allen, Nono Nkoane, Thabang Tabane & Gally Ngoveni)	Keleketla!	Keleketla!	INDIFFERENT	8:12	IaNZWAg5ttw	MPREb_LRAKJaqbo5n	UCnkMAX7DcRnxR2AGDbPmXPA
1445	Freedom Groove (feat. The Watts Prophets, Tony Allen, Nono Nkoane & Tamar Osborn)	Keleketla!	Keleketla!	INDIFFERENT	7:09	xox7d75Ysf4	MPREb_LRAKJaqbo5n	UCnkMAX7DcRnxR2AGDbPmXPA
1446	Crystallise (feat. Yugen Blakrok & Tamar Osborn)	Keleketla!	Keleketla!	INDIFFERENT	5:18	KoZbpp8UTig	MPREb_LRAKJaqbo5n	UCnkMAX7DcRnxR2AGDbPmXPA
1447	Broken Light (feat. Nono Nkoane, Thabang Tabane, Gally Ngoveni & Tenderlonious)	Keleketla!	Keleketla!	INDIFFERENT	6:38	tZcdwulwPFM	MPREb_LRAKJaqbo5n	UCnkMAX7DcRnxR2AGDbPmXPA
1448	5&1 (feat. Nono Nkoane, Thabang Tabane, Gally Ngoveni & Sibusile Xaba)	Keleketla!	Keleketla!	INDIFFERENT	4:35	tb9Avg9XfYc	MPREb_LRAKJaqbo5n	UCnkMAX7DcRnxR2AGDbPmXPA
1449	Papua Merdeka (feat. The Lani Singers, Tony Allen, Tamar Osborn & Dele Sosimi)	Keleketla!	Keleketla!	INDIFFERENT	6:42	i676PJCGgCs	MPREb_LRAKJaqbo5n	UCnkMAX7DcRnxR2AGDbPmXPA
1450	Swift Gathering (feat. Eska & Tamar Osborn)	Keleketla!	Keleketla!	INDIFFERENT	6:25	DBLGa89RBdQ	MPREb_LRAKJaqbo5n	UCnkMAX7DcRnxR2AGDbPmXPA
1451	Future Toyi Toyi (Edit) (feat. DJ Mabheko, Tony Allen, Tenderlonious & Afla Sackey)	Keleketla!	Keleketla!	INDIFFERENT	3:29	WTGFUOImOz4	MPREb_LRAKJaqbo5n	UCnkMAX7DcRnxR2AGDbPmXPA
1452	International Love Affair (Edit) (feat. Tony Allen, Nono Nkoane, Thabang Tabane & Gally Ngoveni)	Keleketla!	Keleketla!	INDIFFERENT	3:40	0lJRfyJbQjo	MPREb_LRAKJaqbo5n	UCnkMAX7DcRnxR2AGDbPmXPA
1453	Crystallise (Edit) (feat. Yugen Blakrok & Tamar Osborn)	Keleketla!	Keleketla!	INDIFFERENT	3:47	sBBTtBISbQI	MPREb_LRAKJaqbo5n	UCnkMAX7DcRnxR2AGDbPmXPA
588	Toxic	Kehlani	It Was Good Until It Wasn't	INDIFFERENT	2:49	nIIzPN1YulI	MPREb_3Yk9s68h7vU	UCONwFIjhxe4MR2sY3Cv0adA
589	Can I	Kehlani	It Was Good Until It Wasn't	INDIFFERENT	2:48	VPpDAARi6u4	MPREb_3Yk9s68h7vU	UCONwFIjhxe4MR2sY3Cv0adA
590	Bad News	Kehlani	It Was Good Until It Wasn't	INDIFFERENT	3:06	2XiqaBP1mdE	MPREb_3Yk9s68h7vU	UCONwFIjhxe4MR2sY3Cv0adA
591	Real Hot Girl Skit	Kehlani	It Was Good Until It Wasn't	INDIFFERENT	0:16	ctLXrBg-mlw	MPREb_3Yk9s68h7vU	UCONwFIjhxe4MR2sY3Cv0adA
592	Water	Kehlani	It Was Good Until It Wasn't	INDIFFERENT	2:03	QORnuqwAfxY	MPREb_3Yk9s68h7vU	UCONwFIjhxe4MR2sY3Cv0adA
593	Change Your Life (feat. Jhené Aiko)	Kehlani	It Was Good Until It Wasn't	INDIFFERENT	3:12	hQib4WDhVMM	MPREb_3Yk9s68h7vU	UCONwFIjhxe4MR2sY3Cv0adA
594	Belong to the Streets Skit	Kehlani	It Was Good Until It Wasn't	INDIFFERENT	0:27	Z4phM777Kuc	MPREb_3Yk9s68h7vU	UCONwFIjhxe4MR2sY3Cv0adA
595	Everybody Business	Kehlani	It Was Good Until It Wasn't	INDIFFERENT	2:46	f25-5FLkfls	MPREb_3Yk9s68h7vU	UCONwFIjhxe4MR2sY3Cv0adA
596	Hate the Club (feat. Masego)	Kehlani	It Was Good Until It Wasn't	INDIFFERENT	4:39	QGcGJjCJdGE	MPREb_3Yk9s68h7vU	UCONwFIjhxe4MR2sY3Cv0adA
597	Serial Lover	Kehlani	It Was Good Until It Wasn't	INDIFFERENT	2:26	f5w_XSRKteo	MPREb_3Yk9s68h7vU	UCONwFIjhxe4MR2sY3Cv0adA
598	F&MU	Kehlani	It Was Good Until It Wasn't	INDIFFERENT	2:15	8q2bxIsHFjg	MPREb_3Yk9s68h7vU	UCONwFIjhxe4MR2sY3Cv0adA
599	Can You Blame Me (feat. Lucky Daye)	Kehlani	It Was Good Until It Wasn't	INDIFFERENT	3:04	QOumfCYHrtw	MPREb_3Yk9s68h7vU	UCONwFIjhxe4MR2sY3Cv0adA
601	Open (Passionate)	Kehlani	It Was Good Until It Wasn't	INDIFFERENT	4:06	itABoZFAdGk	MPREb_3Yk9s68h7vU	UCONwFIjhxe4MR2sY3Cv0adA
602	Lexii's Outro	Kehlani	It Was Good Until It Wasn't	INDIFFERENT	1:45	NM5NMxETCI0	MPREb_3Yk9s68h7vU	UCONwFIjhxe4MR2sY3Cv0adA
271	Debris	Keeley Forsyth	Debris	INDIFFERENT	2:44	sA4uFy-9VWE	MPREb_Q69Csk5zAC4	UCZMZR-BZQq0GOsIbf8nVxbw
272	Black Bull	Keeley Forsyth	Debris	INDIFFERENT	3:07	J6AIBC762Ms	MPREb_Q69Csk5zAC4	UCZMZR-BZQq0GOsIbf8nVxbw
273	It's Raining	Keeley Forsyth	Debris	INDIFFERENT	4:28	ONLlDU-zWO4	MPREb_Q69Csk5zAC4	UCZMZR-BZQq0GOsIbf8nVxbw
274	Look to Yourself	Keeley Forsyth	Debris	INDIFFERENT	4:54	XPKVZxfUjTg	MPREb_Q69Csk5zAC4	UCZMZR-BZQq0GOsIbf8nVxbw
275	Lost	Keeley Forsyth	Debris	INDIFFERENT	2:41	fXmjC21Yx3k	MPREb_Q69Csk5zAC4	UCZMZR-BZQq0GOsIbf8nVxbw
276	Butterfly	Keeley Forsyth	Debris	INDIFFERENT	3:44	JVNTh9h0VJM	MPREb_Q69Csk5zAC4	UCZMZR-BZQq0GOsIbf8nVxbw
277	Large Oak	Keeley Forsyth	Debris	INDIFFERENT	2:25	sCIzrxxOgeI	MPREb_Q69Csk5zAC4	UCZMZR-BZQq0GOsIbf8nVxbw
278	Start Again	Keeley Forsyth	Debris	INDIFFERENT	3:27	ENMxZcvX5nU	MPREb_Q69Csk5zAC4	UCZMZR-BZQq0GOsIbf8nVxbw
261	Not Not Not	Kate NV	Room For The Moon	INDIFFERENT	5:16	wNQMHYDUwXo	MPREb_oGEJ3GtNhDC	UCfmwhrP77AZkucy-B2UoTEA
262	Du Na	Kate NV	Room For The Moon	INDIFFERENT	4:49	h5AQHTE9bmo	MPREb_oGEJ3GtNhDC	UCfmwhrP77AZkucy-B2UoTEA
263	Sayonara (Full Moon Version)	Kate NV	Room For The Moon	INDIFFERENT	6:27	X51aQ9IJ3NU	MPREb_oGEJ3GtNhDC	UCfmwhrP77AZkucy-B2UoTEA
264	Ça Commence Par	Kate NV	Room For The Moon	INDIFFERENT	3:17	npuiXz5YKL4	MPREb_oGEJ3GtNhDC	UCfmwhrP77AZkucy-B2UoTEA
265	Marafon 15	Kate NV	Room For The Moon	INDIFFERENT	5:24	hJIVOKlQfWU	MPREb_oGEJ3GtNhDC	UCfmwhrP77AZkucy-B2UoTEA
266	Tea (Full Cup Version)	Kate NV	Room For The Moon	INDIFFERENT	3:40	4qB7UpnHeWE	MPREb_oGEJ3GtNhDC	UCfmwhrP77AZkucy-B2UoTEA
267	Lu Na	Kate NV	Room For The Moon	INDIFFERENT	4:38	v3xrVC7JcI8	MPREb_oGEJ3GtNhDC	UCfmwhrP77AZkucy-B2UoTEA
268	Plans	Kate NV	Room For The Moon	INDIFFERENT	5:39	Y9D8VpVsZaQ	MPREb_oGEJ3GtNhDC	UCfmwhrP77AZkucy-B2UoTEA
269	If Anyone's Sleepy	Kate NV	Room For The Moon	INDIFFERENT	3:22	JFIHtltdA8E	MPREb_oGEJ3GtNhDC	UCfmwhrP77AZkucy-B2UoTEA
270	Telefon	Kate NV	Room For The Moon	INDIFFERENT	4:37	o8uc8zxR-Y4	MPREb_oGEJ3GtNhDC	UCfmwhrP77AZkucy-B2UoTEA
625	Unbraiding Boundless Energy Within Boundaries	Kaitlyn Aurelia Smith	The Mosaic of Transformation	INDIFFERENT	1:08	3qK7zupVT50	MPREb_Ca57sK7J87x	UCgBYrIICTQWy3e731ZOdW6Q
626	Remembering	Kaitlyn Aurelia Smith	The Mosaic of Transformation	INDIFFERENT	5:53	xrBAirNt_zM	MPREb_Ca57sK7J87x	UCgBYrIICTQWy3e731ZOdW6Q
628	The Steady Heart	Kaitlyn Aurelia Smith	The Mosaic of Transformation	INDIFFERENT	5:40	2EpjlWVWD6s	MPREb_Ca57sK7J87x	UCgBYrIICTQWy3e731ZOdW6Q
629	Carrying Gravity	Kaitlyn Aurelia Smith	The Mosaic of Transformation	INDIFFERENT	7:04	SdykPqRAF1k	MPREb_Ca57sK7J87x	UCgBYrIICTQWy3e731ZOdW6Q
630	The Spine Is Quiet In The Center	Kaitlyn Aurelia Smith	The Mosaic of Transformation	INDIFFERENT	5:12	BMmenOACUvY	MPREb_Ca57sK7J87x	UCgBYrIICTQWy3e731ZOdW6Q
631	Overflowing	Kaitlyn Aurelia Smith	The Mosaic of Transformation	INDIFFERENT	0:28	2Sa3r0TdDUQ	MPREb_Ca57sK7J87x	UCgBYrIICTQWy3e731ZOdW6Q
632	Deepening The Flow Of	Kaitlyn Aurelia Smith	The Mosaic of Transformation	INDIFFERENT	0:28	KHEL4dRP37c	MPREb_Ca57sK7J87x	UCgBYrIICTQWy3e731ZOdW6Q
633	Expanding Electricity	Kaitlyn Aurelia Smith	The Mosaic of Transformation	INDIFFERENT	10:37	a5LaBKpymog	MPREb_Ca57sK7J87x	UCgBYrIICTQWy3e731ZOdW6Q
153	Every Now and Then	Ka	Descendants of Cain	INDIFFERENT	3:35	UiVAnEI0XeU	MPREb_rAatPhykNvB	UCCeHUPwcUcUcWSkfK8BHmDQ
154	Unto the Dust	Ka	Descendants of Cain	INDIFFERENT	3:08	bnZHzcZTwKY	MPREb_rAatPhykNvB	UCCeHUPwcUcUcWSkfK8BHmDQ
155	Patron Saints	Ka	Descendants of Cain	INDIFFERENT	2:36	4-0XMc7Kw-E	MPREb_rAatPhykNvB	UCCeHUPwcUcUcWSkfK8BHmDQ
156	My Brother's Keeper	Ka	Descendants of Cain	INDIFFERENT	2:51	J7hoTY6FIH0	MPREb_rAatPhykNvB	UCCeHUPwcUcUcWSkfK8BHmDQ
157	Solitude of Enoch	Ka	Descendants of Cain	INDIFFERENT	3:40	Zxvqe19O2H4	MPREb_rAatPhykNvB	UCCeHUPwcUcUcWSkfK8BHmDQ
158	The Eye of a Needle	Ka	Descendants of Cain	INDIFFERENT	3:23	8MN_UDZ1XDU	MPREb_rAatPhykNvB	UCCeHUPwcUcUcWSkfK8BHmDQ
159	Pray	Ka	Descendants of Cain	INDIFFERENT	2:43	dramVRQoOWo	MPREb_rAatPhykNvB	UCCeHUPwcUcUcWSkfK8BHmDQ
160	Land of Nod	Ka	Descendants of Cain	INDIFFERENT	2:26	7g7Ucn3SB9c	MPREb_rAatPhykNvB	UCCeHUPwcUcUcWSkfK8BHmDQ
161	Sins of the Father	Ka	Descendants of Cain	INDIFFERENT	2:47	tvyLNTh_enY	MPREb_rAatPhykNvB	UCCeHUPwcUcUcWSkfK8BHmDQ
162	Old Justice	Ka	Descendants of Cain	INDIFFERENT	2:42	bjOke1fLoi0	MPREb_rAatPhykNvB	UCCeHUPwcUcUcWSkfK8BHmDQ
163	I Love (Mimi, Moms, Kev)	Ka	Descendants of Cain	INDIFFERENT	3:14	GcntzQqAr_M	MPREb_rAatPhykNvB	UCCeHUPwcUcUcWSkfK8BHmDQ
147	Why Are You Here	KMRU	Peel	INDIFFERENT	15:10	clQ2eJXtRt8	MPREb_dWhOKkEdMGO	UCrWCGT32GPgTgUmv1UNsWEA
148	Well	KMRU	Peel	INDIFFERENT	5:30	_EJHrVFkdEo	MPREb_dWhOKkEdMGO	UCrWCGT32GPgTgUmv1UNsWEA
149	Solace	KMRU	Peel	INDIFFERENT	12:49	ffi1kUhzTT8	MPREb_dWhOKkEdMGO	UCrWCGT32GPgTgUmv1UNsWEA
150	Klang	KMRU	Peel	INDIFFERENT	6:10	7OQuo172YJg	MPREb_dWhOKkEdMGO	UCrWCGT32GPgTgUmv1UNsWEA
151	Insubstanial	KMRU	Peel	INDIFFERENT	12:55	1GWgMGID9yU	MPREb_dWhOKkEdMGO	UCrWCGT32GPgTgUmv1UNsWEA
152	Peel	KMRU	Peel	INDIFFERENT	22:58	jb250fIxcag	MPREb_dWhOKkEdMGO	UCrWCGT32GPgTgUmv1UNsWEA
1488	sons	KASHIWA Daisuke	program music III	INDIFFERENT	51:21	RCUCxMOtVbs	MPREb_iZD3IFXNjfO	UC1MbvEEWq-d4gHF4TKyt63A
1489	talion	KASHIWA Daisuke	program music III	INDIFFERENT	7:00	iczyWDZi60Y	MPREb_iZD3IFXNjfO	UC1MbvEEWq-d4gHF4TKyt63A
1280	Yelli	K-LONE	Cape Cira	INDIFFERENT	7:04	iT0QCBXiQGg	MPREb_6kJwp9HrKj0	UC92QlJE8s5L3PX_ox-iWkhg
1281	Cocoa	K-LONE	Cape Cira	INDIFFERENT	5:36	zllgFBkLgfo	MPREb_6kJwp9HrKj0	UC92QlJE8s5L3PX_ox-iWkhg
1282	Palmas	K-LONE	Cape Cira	INDIFFERENT	5:30	UPOECFgGt5c	MPREb_6kJwp9HrKj0	UC92QlJE8s5L3PX_ox-iWkhg
1283	Honey	K-LONE	Cape Cira	INDIFFERENT	6:50	If0MMmgXlUQ	MPREb_6kJwp9HrKj0	UC92QlJE8s5L3PX_ox-iWkhg
1284	Cape Cira	K-LONE	Cape Cira	INDIFFERENT	6:18	kjLi4BlElQc	MPREb_6kJwp9HrKj0	UC92QlJE8s5L3PX_ox-iWkhg
1285	Bluefin	K-LONE	Cape Cira	INDIFFERENT	6:00	q6wilwyUtM0	MPREb_6kJwp9HrKj0	UC92QlJE8s5L3PX_ox-iWkhg
1286	In The Pines	K-LONE	Cape Cira	INDIFFERENT	5:26	2j4JdKKR3t4	MPREb_6kJwp9HrKj0	UC92QlJE8s5L3PX_ox-iWkhg
1287	Happened	K-LONE	Cape Cira	INDIFFERENT	5:35	Mz6DhxYIi6U	MPREb_6kJwp9HrKj0	UC92QlJE8s5L3PX_ox-iWkhg
164	Mama, You Can Bet!	Jyoti	Mama, You Can Bet!	INDIFFERENT	3:12	9lVHgqqQYm8	MPREb_IgQYYI4F2OF	UCBProw_utwiRAa0wPtVnYeg
165	Bop For Aneho	Jyoti	Mama, You Can Bet!	INDIFFERENT	2:05	j10QfR8hMwA	MPREb_IgQYYI4F2OF	UCBProw_utwiRAa0wPtVnYeg
166	Zane, The Scribe	Jyoti	Mama, You Can Bet!	INDIFFERENT	2:44	xCHDps5_ctE	MPREb_IgQYYI4F2OF	UCBProw_utwiRAa0wPtVnYeg
167	Our Joy (Mercedes)	Jyoti	Mama, You Can Bet!	INDIFFERENT	1:45	7cJrDlQpYyw	MPREb_IgQYYI4F2OF	UCBProw_utwiRAa0wPtVnYeg
168	Ra's Noise (Thukumbado)	Jyoti	Mama, You Can Bet!	INDIFFERENT	3:23	iaFvOhIbUtk	MPREb_IgQYYI4F2OF	UCBProw_utwiRAa0wPtVnYeg
169	Bemoanable Lady Geemix	Jyoti	Mama, You Can Bet!	INDIFFERENT	3:34	WaPdwy7DKDM	MPREb_IgQYYI4F2OF	UCBProw_utwiRAa0wPtVnYeg
170	Orgone	Jyoti	Mama, You Can Bet!	INDIFFERENT	3:07	wgrSVR9l764	MPREb_IgQYYI4F2OF	UCBProw_utwiRAa0wPtVnYeg
171	Skippin and Trippin	Jyoti	Mama, You Can Bet!	INDIFFERENT	1:13	lnUT5_pv3c4	MPREb_IgQYYI4F2OF	UCBProw_utwiRAa0wPtVnYeg
172	Swing, Kirikou, Swing!	Jyoti	Mama, You Can Bet!	INDIFFERENT	2:08	HlL0KHVpauI	MPREb_IgQYYI4F2OF	UCBProw_utwiRAa0wPtVnYeg
173	Quarrys, Queries	Jyoti	Mama, You Can Bet!	INDIFFERENT	3:06	OeIswhMuQ_o	MPREb_IgQYYI4F2OF	UCBProw_utwiRAa0wPtVnYeg
174	Ancestral Duckets	Jyoti	Mama, You Can Bet!	INDIFFERENT	4:05	Oh5IeCdhlCc	MPREb_IgQYYI4F2OF	UCBProw_utwiRAa0wPtVnYeg
175	Hard Bap Duke	Jyoti	Mama, You Can Bet!	INDIFFERENT	2:56	QUfcRMgsPDg	MPREb_IgQYYI4F2OF	UCBProw_utwiRAa0wPtVnYeg
176	This Walk	Jyoti	Mama, You Can Bet!	INDIFFERENT	2:35	BuHSfs2J85Q	MPREb_IgQYYI4F2OF	UCBProw_utwiRAa0wPtVnYeg
177	Fabus Foo Geemix	Jyoti	Mama, You Can Bet!	INDIFFERENT	4:51	3K3ktb0OVNA	MPREb_IgQYYI4F2OF	UCBProw_utwiRAa0wPtVnYeg
178	The Cowrie Waltz	Jyoti	Mama, You Can Bet!	INDIFFERENT	3:56	lBgTi9shFDI	MPREb_IgQYYI4F2OF	UCBProw_utwiRAa0wPtVnYeg
953	Anyone Around	Jessy Lanza	Anyone Around	INDIFFERENT	2:50	ev7XTAjAgJ0	MPREb_p55fQ3aB5yy	UCbt-qlNbbay2cfbLAghJACA
955	Face	Jessy Lanza	Face	INDIFFERENT	3:22	ZFKDm2zcr_A	MPREb_eQINSSz0x9o	UCbt-qlNbbay2cfbLAghJACA
956	Badly	Jessy Lanza	All The Time	INDIFFERENT	4:25	5Pm6YTCXe9A	MPREb_IQ0EauvhRZy	UCbt-qlNbbay2cfbLAghJACA
957	Alexander	Jessy Lanza	All The Time	INDIFFERENT	4:02	ueCjebKXuGs	MPREb_IQ0EauvhRZy	UCbt-qlNbbay2cfbLAghJACA
958	Ice Creamy	Jessy Lanza	All The Time	INDIFFERENT	3:42	K6x9Yr2ud98	MPREb_IQ0EauvhRZy	UCbt-qlNbbay2cfbLAghJACA
959	Like Fire	Jessy Lanza	All The Time	INDIFFERENT	3:02	vwHoRD1GY08	MPREb_IQ0EauvhRZy	UCbt-qlNbbay2cfbLAghJACA
960	Baby Love	Jessy Lanza	All The Time	INDIFFERENT	3:38	Hc6aG6Zwyl4	MPREb_IQ0EauvhRZy	UCbt-qlNbbay2cfbLAghJACA
961	Over And Over	Jessy Lanza	All The Time	INDIFFERENT	4:39	axS5oS5HR3Y	MPREb_IQ0EauvhRZy	UCbt-qlNbbay2cfbLAghJACA
962	All The Time	Jessy Lanza	All The Time	INDIFFERENT	4:50	XhTzxRqpTP8	MPREb_IQ0EauvhRZy	UCbt-qlNbbay2cfbLAghJACA
250	I Am	Jehnny Beth	To Love Is to Live	INDIFFERENT	3:43	TLL_DjvqiOU	MPREb_LZXLbiRrr5a	UC_KE8jKVZAkwK1FyctSMQ9Q
251	Innocence	Jehnny Beth	To Love Is to Live	INDIFFERENT	3:23	6UJxkBpXzLM	MPREb_LZXLbiRrr5a	UC_KE8jKVZAkwK1FyctSMQ9Q
252	Flower	Jehnny Beth	To Love Is to Live	INDIFFERENT	3:20	Gd2OQq-1B6k	MPREb_LZXLbiRrr5a	UC_KE8jKVZAkwK1FyctSMQ9Q
253	We Will Sin Together	Jehnny Beth	To Love Is to Live	INDIFFERENT	3:01	yP6DA37lhJ4	MPREb_LZXLbiRrr5a	UC_KE8jKVZAkwK1FyctSMQ9Q
254	A Place Above	Jehnny Beth	To Love Is to Live	INDIFFERENT	1:14	r3RAgxe7e-w	MPREb_LZXLbiRrr5a	UC_KE8jKVZAkwK1FyctSMQ9Q
255	I'm the Man	Jehnny Beth	To Love Is to Live	INDIFFERENT	2:40	P4k3ks9N1n4	MPREb_LZXLbiRrr5a	UC_KE8jKVZAkwK1FyctSMQ9Q
256	The Rooms	Jehnny Beth	To Love Is to Live	INDIFFERENT	4:19	qovWL73avF8	MPREb_LZXLbiRrr5a	UC_KE8jKVZAkwK1FyctSMQ9Q
257	Heroine	Jehnny Beth	Heroine	INDIFFERENT	4:02	4PN61jX1imo	MPREb_9hcOBOhRfvW	UC_KE8jKVZAkwK1FyctSMQ9Q
258	How Could You	Jehnny Beth	To Love Is to Live	INDIFFERENT	3:00	TzyktUcHcWc	MPREb_LZXLbiRrr5a	UC_KE8jKVZAkwK1FyctSMQ9Q
259	French Countryside	Jehnny Beth	To Love Is to Live	INDIFFERENT	3:59	g_R5BeZ14jk	MPREb_LZXLbiRrr5a	UC_KE8jKVZAkwK1FyctSMQ9Q
260	Human	Jehnny Beth	To Love Is to Live	INDIFFERENT	6:02	zewh0RjR2jQ	MPREb_LZXLbiRrr5a	UC_KE8jKVZAkwK1FyctSMQ9Q
47	What've I Done To Help	Jason Isbell And The 400 Unit	Reunions	INDIFFERENT	6:41	86jPL9eBdzc	MPREb_MCQHCJe3avD	UCC382Qu-K5nKUFsbBzbjyMg
49	Only Children	Jason Isbell And The 400 Unit	Reunions	INDIFFERENT	3:58	0kFWf5Yw_lQ	MPREb_MCQHCJe3avD	UCC382Qu-K5nKUFsbBzbjyMg
50	Overseas	Jason Isbell And The 400 Unit	Reunions	INDIFFERENT	5:08	V4kFqy7U6NE	MPREb_MCQHCJe3avD	UCC382Qu-K5nKUFsbBzbjyMg
51	Running With Our Eyes Closed	Jason Isbell And The 400 Unit	Reunions	INDIFFERENT	3:43	FAQ6ZYJLzfQ	MPREb_MCQHCJe3avD	UCC382Qu-K5nKUFsbBzbjyMg
52	River	Jason Isbell And The 400 Unit	Reunions	INDIFFERENT	3:23	p5bathZEbNU	MPREb_MCQHCJe3avD	UCC382Qu-K5nKUFsbBzbjyMg
53	Be Afraid	Jason Isbell And The 400 Unit	Reunions	INDIFFERENT	3:20	xsXit_QZTtw	MPREb_MCQHCJe3avD	UCC382Qu-K5nKUFsbBzbjyMg
54	St. Peter's Autograph	Jason Isbell And The 400 Unit	Reunions	INDIFFERENT	4:11	LGdQsOLhkeI	MPREb_MCQHCJe3avD	UCC382Qu-K5nKUFsbBzbjyMg
55	It Gets Easier	Jason Isbell And The 400 Unit	Reunions	INDIFFERENT	3:48	2CagbTwPxXw	MPREb_MCQHCJe3avD	UCC382Qu-K5nKUFsbBzbjyMg
56	Letting You Go	Jason Isbell And The 400 Unit	Reunions	INDIFFERENT	3:23	g6alzZQXi7Y	MPREb_MCQHCJe3avD	UCC382Qu-K5nKUFsbBzbjyMg
535	Save the Whale	JARV IS...	Beyond the Pale	INDIFFERENT	4:31	PfF7TGXrMVk	MPREb_CtjaXUAQhth	UCboA_lieEhJ-EoLJMZn3cTA
536	Must I Evolve?	JARV IS...	Beyond the Pale	INDIFFERENT	6:42	_m-5z_WrRuc	MPREb_CtjaXUAQhth	UCboA_lieEhJ-EoLJMZn3cTA
538	House Music All Night Long	JARV IS...	Beyond the Pale	INDIFFERENT	5:53	klFjtz8nS-M	MPREb_CtjaXUAQhth	UCboA_lieEhJ-EoLJMZn3cTA
539	Sometimes I Am Pharaoh	JARV IS...	Beyond the Pale	INDIFFERENT	5:18	-12woUG3bEk	MPREb_CtjaXUAQhth	UCboA_lieEhJ-EoLJMZn3cTA
540	Swanky Modes	JARV IS...	Beyond the Pale	INDIFFERENT	4:36	ya4YrKtJOLU	MPREb_CtjaXUAQhth	UCboA_lieEhJ-EoLJMZn3cTA
541	Children of the Echo	JARV IS...	Beyond the Pale	INDIFFERENT	6:32	Q8fR3wNhEyY	MPREb_CtjaXUAQhth	UCboA_lieEhJ-EoLJMZn3cTA
18	Helicopter (feat. iceè tgm)	J Hus	Big Conspiracy	INDIFFERENT	2:34	GAkp-EOuiVA	MPREb_U1405vZrWr0	UCKacngDrA2gReTn0FrQSeYg
19	Fight for Your Right	J Hus	Big Conspiracy	INDIFFERENT	3:18	5-eVYwvabFg	MPREb_U1405vZrWr0	UCKacngDrA2gReTn0FrQSeYg
21	Play Play (feat. Burna Boy)	J Hus	Big Conspiracy	INDIFFERENT	3:26	OrDaZeNp2EU	MPREb_U1405vZrWr0	UCKacngDrA2gReTn0FrQSeYg
22	Cucumber	J Hus	Big Conspiracy	INDIFFERENT	2:41	5oKOs4rKgrQ	MPREb_U1405vZrWr0	UCKacngDrA2gReTn0FrQSeYg
23	Repeat (feat. Koffee)	J Hus	Big Conspiracy	INDIFFERENT	2:34	V0dWT8JejB8	MPREb_U1405vZrWr0	UCKacngDrA2gReTn0FrQSeYg
24	Fortune Teller	J Hus	Big Conspiracy	INDIFFERENT	2:35	f1M03c4uP4I	MPREb_U1405vZrWr0	UCKacngDrA2gReTn0FrQSeYg
25	Reckless	J Hus	Big Conspiracy	INDIFFERENT	2:29	r0EvFbtYV-Q	MPREb_U1405vZrWr0	UCKacngDrA2gReTn0FrQSeYg
26	No Denying	J Hus	Big Conspiracy	INDIFFERENT	3:49	q1naos-Io-U	MPREb_U1405vZrWr0	UCKacngDrA2gReTn0FrQSeYg
27	Must Be	J Hus	Big Conspiracy	INDIFFERENT	3:29	6bqx7gGFcU4	MPREb_U1405vZrWr0	UCKacngDrA2gReTn0FrQSeYg
28	One and Only (feat. Ella Mai)	J Hus	Big Conspiracy	INDIFFERENT	3:27	Vhxu16aa36s	MPREb_U1405vZrWr0	UCKacngDrA2gReTn0FrQSeYg
29	Love, Peace and Prosperity	J Hus	Big Conspiracy	INDIFFERENT	3:15	OThD6OreDOA	MPREb_U1405vZrWr0	UCKacngDrA2gReTn0FrQSeYg
30	Deeper Than Rap	J Hus	Big Conspiracy	INDIFFERENT	4:06	gfTSRgZJF8s	MPREb_U1405vZrWr0	UCKacngDrA2gReTn0FrQSeYg
1188	Downgrade Desert	Igorrr	Spirituality and Distortion	INDIFFERENT	4:24	kNafgdJ5K6g	MPREb_2FfcZHNCDtx	UC7gJRij98IY_nFfFDrld8yQ
1189	Nervous Waltz	Igorrr	Spirituality and Distortion	INDIFFERENT	3:24	9hz6cT_YrAI	MPREb_2FfcZHNCDtx	UC7gJRij98IY_nFfFDrld8yQ
1190	Very Noise	Igorrr	Spirituality and Distortion	INDIFFERENT	1:48	XDHROtG2sXE	MPREb_2FfcZHNCDtx	UC7gJRij98IY_nFfFDrld8yQ
1191	Hollow Tree	Igorrr	Spirituality and Distortion	INDIFFERENT	3:07	Te0C-c_bgsQ	MPREb_2FfcZHNCDtx	UC7gJRij98IY_nFfFDrld8yQ
1192	Camel Dancefloor	Igorrr	Spirituality and Distortion	INDIFFERENT	3:14	qWY8Y68yMJI	MPREb_2FfcZHNCDtx	UC7gJRij98IY_nFfFDrld8yQ
1193	"Parpaing (feat. George ""Corpsegrinder"" Fisher)"	Igorrr	Spirituality and Distortion	INDIFFERENT	3:37	-hEodcr1TVQ	MPREb_2FfcZHNCDtx	UC7gJRij98IY_nFfFDrld8yQ
1194	Musette Maximum	Igorrr	Spirituality and Distortion	INDIFFERENT	2:19	fFtgH5704Cw	MPREb_2FfcZHNCDtx	UC7gJRij98IY_nFfFDrld8yQ
1195	Himalaya Massive Ritual	Igorrr	Spirituality and Distortion	INDIFFERENT	7:07	-VmaTdnL0ek	MPREb_2FfcZHNCDtx	UC7gJRij98IY_nFfFDrld8yQ
1196	Lost in Introspection	Igorrr	Spirituality and Distortion	INDIFFERENT	4:57	CCOc3UGJG_Y	MPREb_2FfcZHNCDtx	UC7gJRij98IY_nFfFDrld8yQ
1197	Overweight Poesy	Igorrr	Spirituality and Distortion	INDIFFERENT	5:51	g-ZEqNKOC3Q	MPREb_2FfcZHNCDtx	UC7gJRij98IY_nFfFDrld8yQ
1198	Paranoid Bulldozer Italiano	Igorrr	Spirituality and Distortion	INDIFFERENT	3:48	uKcAMo4rcWk	MPREb_2FfcZHNCDtx	UC7gJRij98IY_nFfFDrld8yQ
1199	Barocco Satani	Igorrr	Spirituality and Distortion	INDIFFERENT	3:37	jt1tWBvgngo	MPREb_2FfcZHNCDtx	UC7gJRij98IY_nFfFDrld8yQ
1200	Polyphonic Rust	Igorrr	Spirituality and Distortion	INDIFFERENT	4:17	bLurBxXo0_U	MPREb_2FfcZHNCDtx	UC7gJRij98IY_nFfFDrld8yQ
1201	Kung-Fu Chèvre	Igorrr	Spirituality and Distortion	INDIFFERENT	4:14	AZ9R5Hdgb5g	MPREb_2FfcZHNCDtx	UC7gJRij98IY_nFfFDrld8yQ
1149	Prologue	Ichiko Aoba	Windswept Adan	INDIFFERENT	4:56	CWH1wzlixik	MPREb_q8bt9UTMW4e	UCq6d6kGYcTD8To_MV5fuT4g
1150	Pilgrimage	Ichiko Aoba	Windswept Adan	INDIFFERENT	3:49	WcvnZYNCNUc	MPREb_q8bt9UTMW4e	UCq6d6kGYcTD8To_MV5fuT4g
1151	Porcelain	Ichiko Aoba	Windswept Adan	INDIFFERENT	4:30	QNgpjqiE12g	MPREb_q8bt9UTMW4e	UCq6d6kGYcTD8To_MV5fuT4g
1153	Easter Lily	Ichiko Aoba	Windswept Adan	INDIFFERENT	3:17	25WZK4OyIvg	MPREb_q8bt9UTMW4e	UCq6d6kGYcTD8To_MV5fuT4g
1154	Parfum d'étoiles	Ichiko Aoba	Windswept Adan	INDIFFERENT	2:53	G3_WW8XRqes	MPREb_q8bt9UTMW4e	UCq6d6kGYcTD8To_MV5fuT4g
1156	Sagu Palm's Song	Ichiko Aoba	Windswept Adan	INDIFFERENT	3:58	kkaXzgABI1U	MPREb_q8bt9UTMW4e	UCq6d6kGYcTD8To_MV5fuT4g
1157	chinuhaji	Ichiko Aoba	Windswept Adan	INDIFFERENT	1:53	lCfFIsSWMRA	MPREb_q8bt9UTMW4e	UCq6d6kGYcTD8To_MV5fuT4g
1159	Hagupit	Ichiko Aoba	Windswept Adan	INDIFFERENT	2:59	OfnM5lwvmPM	MPREb_q8bt9UTMW4e	UCq6d6kGYcTD8To_MV5fuT4g
1160	Dawn in the Adan	Ichiko Aoba	Windswept Adan	INDIFFERENT	4:46	2L3OCqW76hE	MPREb_q8bt9UTMW4e	UCq6d6kGYcTD8To_MV5fuT4g
1161	ohayashi	Ichiko Aoba	Windswept Adan	INDIFFERENT	3:45	cpB2it3ZMZU	MPREb_q8bt9UTMW4e	UCq6d6kGYcTD8To_MV5fuT4g
710	Turn	I Break Horses	Warnings	INDIFFERENT	9:01	JXN4EUu0qQ8	MPREb_TXlzpb3vAyd	UCSKXGBkQnsvcE2ltOYKX2Bw
711	Silence	I Break Horses	Warnings	INDIFFERENT	4:29	3y3YCb2tFDY	MPREb_TXlzpb3vAyd	UCSKXGBkQnsvcE2ltOYKX2Bw
712	l a r m	I Break Horses	Warnings	INDIFFERENT	1:04	SJ3qLV-JZ6k	MPREb_TXlzpb3vAyd	UCSKXGBkQnsvcE2ltOYKX2Bw
713	I'll Be The Death Of You	I Break Horses	Warnings	INDIFFERENT	4:38	3zTaNgTW34Q	MPREb_TXlzpb3vAyd	UCSKXGBkQnsvcE2ltOYKX2Bw
714	d e n l i l l a p å s e a v l y c k a	I Break Horses	Warnings	INDIFFERENT	2:00	gpLpATY-kOQ	MPREb_TXlzpb3vAyd	UCSKXGBkQnsvcE2ltOYKX2Bw
715	The Prophet	I Break Horses	Warnings	INDIFFERENT	5:42	l2hDFA2FwxU	MPREb_TXlzpb3vAyd	UCSKXGBkQnsvcE2ltOYKX2Bw
716	Neon Lights	I Break Horses	Warnings	INDIFFERENT	5:45	5vATkT14VFU	MPREb_TXlzpb3vAyd	UCSKXGBkQnsvcE2ltOYKX2Bw
717	I Live At Night	I Break Horses	Warnings	INDIFFERENT	4:30	z5BBKGlTvqU	MPREb_TXlzpb3vAyd	UCSKXGBkQnsvcE2ltOYKX2Bw
718	Baby You Have Travelled For Miles Without Love In Your Eyes	I Break Horses	Warnings	INDIFFERENT	4:25	PZwULmavyy0	MPREb_TXlzpb3vAyd	UCSKXGBkQnsvcE2ltOYKX2Bw
719	Death Engine	I Break Horses	Warnings	INDIFFERENT	7:52	Hg99vEFZF0I	MPREb_TXlzpb3vAyd	UCSKXGBkQnsvcE2ltOYKX2Bw
720	a b s o l u t a m o l l p u n k t e n	I Break Horses	Warnings	INDIFFERENT	2:18	JbH5-W82LgY	MPREb_TXlzpb3vAyd	UCSKXGBkQnsvcE2ltOYKX2Bw
721	Depression Tourist	I Break Horses	Warnings	INDIFFERENT	2:34	QYlVSxyYb6s	MPREb_TXlzpb3vAyd	UCSKXGBkQnsvcE2ltOYKX2Bw
678	Fanfare for Effective Freedom	Horse Lords	The Common Task	INDIFFERENT	7:22	AVe41FtYrHk	MPREb_DjuAIUY29Xj	UCHoNF_Z1Q1j09EEIuHMUODw
679	Against Gravity	Horse Lords	The Common Task	INDIFFERENT	7:49	u2Btu4eeHgY	MPREb_DjuAIUY29Xj	UCHoNF_Z1Q1j09EEIuHMUODw
680	The Radiant City	Horse Lords	The Common Task	INDIFFERENT	3:04	JvVNoBFdrhE	MPREb_DjuAIUY29Xj	UCHoNF_Z1Q1j09EEIuHMUODw
681	People's Park	Horse Lords	The Common Task	INDIFFERENT	4:21	00A1jOqC24Y	MPREb_DjuAIUY29Xj	UCHoNF_Z1Q1j09EEIuHMUODw
682	Integral Accident	Horse Lords	The Common Task	INDIFFERENT	18:39	RnLWJmYChhY	MPREb_DjuAIUY29Xj	UCHoNF_Z1Q1j09EEIuHMUODw
764	Green Shadows	Honey Harper	Starmaker	INDIFFERENT	3:12	vu6eWZZVcps	MPREb_wrxwHikvxKN	UCUkvbcIVp_YZailN8dZXwDw
765	In Light Of Us	Honey Harper	Starmaker	INDIFFERENT	3:13	sas-ijQowH0	MPREb_wrxwHikvxKN	UCUkvbcIVp_YZailN8dZXwDw
766	The Day It Rained Forever	Honey Harper	Starmaker	INDIFFERENT	2:59	vR9AIvK8u1I	MPREb_wrxwHikvxKN	UCUkvbcIVp_YZailN8dZXwDw
767	Something Relative	Honey Harper	Starmaker	INDIFFERENT	4:03	EF4z_jofF_I	MPREb_wrxwHikvxKN	UCUkvbcIVp_YZailN8dZXwDw
768	Tired Tower	Honey Harper	Starmaker	INDIFFERENT	3:28	RGQpiZj_xOs	MPREb_wrxwHikvxKN	UCUkvbcIVp_YZailN8dZXwDw
769	Suzuki Dreams	Honey Harper	Starmaker	INDIFFERENT	3:04	WZhK35dz_WQ	MPREb_wrxwHikvxKN	UCUkvbcIVp_YZailN8dZXwDw
770	Vaguely Satisfied	Honey Harper	Strawberry Lite b/w Vaguely Satisfied	INDIFFERENT	2:41	8bpeb3jFB50	MPREb_lOLDSlMzkR9	UCUkvbcIVp_YZailN8dZXwDw
771	Someone Else's Dream (feat. Austra)	Honey Harper	Starmaker	INDIFFERENT	3:27	es9U8J8p-O0	MPREb_wrxwHikvxKN	UCUkvbcIVp_YZailN8dZXwDw
772	Tomorrow Never Comes	Honey Harper	Tomorrow Never Comes	INDIFFERENT	3:38	VekuvhRh_JY	MPREb_7GI2oxTCRLt	UCUkvbcIVp_YZailN8dZXwDw
773	Strawberry Lite	Honey Harper	Strawberry Lite	INDIFFERENT	2:55	9YEhpUtm21U	MPREb_Z2YYSWtikxZ	UCUkvbcIVp_YZailN8dZXwDw
774	Starmaker (feat. Sebastien Tellier)	Honey Harper	Starmaker	INDIFFERENT	3:40	NZmar3Zahyk	MPREb_wrxwHikvxKN	UCUkvbcIVp_YZailN8dZXwDw
1299	Luxe (feat. Alexis Taylor)	Holy Fuck	Deleter	INDIFFERENT	6:11	nj28wpy5BtM	MPREb_05gh9DwOZry	UC-L5Oyxd0aCk27RU1gGouWg
1300	Deleters (feat. Angus Andrew)	Holy Fuck	Deleter	INDIFFERENT	3:14	KsN57UVwugg	MPREb_05gh9DwOZry	UC-L5Oyxd0aCk27RU1gGouWg
1301	Endless	Holy Fuck	Deleter	INDIFFERENT	4:33	7zJTgRme3U8	MPREb_05gh9DwOZry	UC-L5Oyxd0aCk27RU1gGouWg
1302	Free Gloss (feat. Nicholas Allbrook)	Holy Fuck	Deleter	INDIFFERENT	6:26	jYAerLVka2M	MPREb_05gh9DwOZry	UC-L5Oyxd0aCk27RU1gGouWg
1303	Moment	Holy Fuck	Deleter	INDIFFERENT	5:01	OZNiHhktp4s	MPREb_05gh9DwOZry	UC-L5Oyxd0aCk27RU1gGouWg
1304	Near Mint	Holy Fuck	Deleter	INDIFFERENT	5:55	LR0hBDfTXjc	MPREb_05gh9DwOZry	UC-L5Oyxd0aCk27RU1gGouWg
1305	No Error	Holy Fuck	Deleter	INDIFFERENT	2:38	d1GSd0V9Ubk	MPREb_05gh9DwOZry	UC-L5Oyxd0aCk27RU1gGouWg
1306	San Sebastian	Holy Fuck	Deleter	INDIFFERENT	3:15	oG3TFeeQh_c	MPREb_05gh9DwOZry	UC-L5Oyxd0aCk27RU1gGouWg
1307	Ruby	Holy Fuck	Deleter	INDIFFERENT	4:13	R7ubzbEsdvI	MPREb_05gh9DwOZry	UC-L5Oyxd0aCk27RU1gGouWg
989	Ashley	Halsey	Manic	INDIFFERENT	3:07	_7FaMmsU8PI	MPREb_NcBdTvHmbxw	UC3BBS0-pODIeS8QGX_qtrCg
990	clementine	Halsey	Manic	INDIFFERENT	3:55	AZUeywk-o_c	MPREb_NcBdTvHmbxw	UC3BBS0-pODIeS8QGX_qtrCg
991	Graveyard	Halsey	Manic	INDIFFERENT	3:02	mOyWRbmRVEQ	MPREb_NcBdTvHmbxw	UC3BBS0-pODIeS8QGX_qtrCg
992	You should be sad	Halsey	Manic	INDIFFERENT	3:26	DlaVY_S75CM	MPREb_NcBdTvHmbxw	UC3BBS0-pODIeS8QGX_qtrCg
993	Forever ... (is a long time)	Halsey	Manic	INDIFFERENT	2:48	FdgtL80W_QA	MPREb_NcBdTvHmbxw	UC3BBS0-pODIeS8QGX_qtrCg
994	Dominic's Interlude	Halsey	Manic	INDIFFERENT	1:17	03Onx-UQVww	MPREb_NcBdTvHmbxw	UC3BBS0-pODIeS8QGX_qtrCg
995	I HATE EVERYBODY	Halsey	Manic	INDIFFERENT	2:52	ouNV3XMoWiI	MPREb_NcBdTvHmbxw	UC3BBS0-pODIeS8QGX_qtrCg
996	3am	Halsey	Manic	INDIFFERENT	3:55	Ajo-5M-DR7I	MPREb_NcBdTvHmbxw	UC3BBS0-pODIeS8QGX_qtrCg
997	Without Me	Halsey	Manic	INDIFFERENT	3:22	Tk7WFyHUr1E	MPREb_NcBdTvHmbxw	UC3BBS0-pODIeS8QGX_qtrCg
998	Finally // beautiful stranger	Halsey	Manic	INDIFFERENT	3:42	NhBB2lxjgOc	MPREb_NcBdTvHmbxw	UC3BBS0-pODIeS8QGX_qtrCg
999	Alanis' Interlude	Halsey	Manic	INDIFFERENT	2:42	FHU-PmuZ9uk	MPREb_NcBdTvHmbxw	UC3BBS0-pODIeS8QGX_qtrCg
1000	killing boys	Halsey	Manic	INDIFFERENT	2:24	-PfQrMSkWMk	MPREb_NcBdTvHmbxw	UC3BBS0-pODIeS8QGX_qtrCg
1001	SUGA's Interlude	Halsey	Manic	INDIFFERENT	2:19	zk5xj3IRSHs	MPREb_NcBdTvHmbxw	UC3BBS0-pODIeS8QGX_qtrCg
1002	More	Halsey	Manic	INDIFFERENT	2:34	6k9oDKK5jI8	MPREb_NcBdTvHmbxw	UC3BBS0-pODIeS8QGX_qtrCg
1003	Still Learning	Halsey	Manic	INDIFFERENT	3:32	it_lC7nUxp8	MPREb_NcBdTvHmbxw	UC3BBS0-pODIeS8QGX_qtrCg
1004	929	Halsey	Manic	INDIFFERENT	2:55	QuMX4WjP8s4	MPREb_NcBdTvHmbxw	UC3BBS0-pODIeS8QGX_qtrCg
1423	Parallel 1	Four Tet	Parallel	INDIFFERENT	26:47	BFgfgy1IJsk	MPREb_hjHG6wGi3b9	UCd6q-S_HAePombe72bczCkA
1424	Parallel 2	Four Tet	Parallel	INDIFFERENT	6:05	K2OIYw1TfAM	MPREb_hjHG6wGi3b9	UCd6q-S_HAePombe72bczCkA
1425	Parallel 3	Four Tet	Parallel	INDIFFERENT	0:49	JFCU-T4gLSI	MPREb_hjHG6wGi3b9	UCd6q-S_HAePombe72bczCkA
1427	Parallel 5	Four Tet	Parallel	INDIFFERENT	0:54	MrU0EcsUbMs	MPREb_hjHG6wGi3b9	UCd6q-S_HAePombe72bczCkA
1428	Parallel 6	Four Tet	Parallel	INDIFFERENT	5:07	wB_pkQg1G8M	MPREb_hjHG6wGi3b9	UCd6q-S_HAePombe72bczCkA
1429	Parallel 7	Four Tet	Parallel	INDIFFERENT	5:44	ItmX7miGhwQ	MPREb_hjHG6wGi3b9	UCd6q-S_HAePombe72bczCkA
1430	Parallel 8	Four Tet	Parallel	INDIFFERENT	6:22	O-wZzFljBkk	MPREb_hjHG6wGi3b9	UCd6q-S_HAePombe72bczCkA
1431	Parallel 9	Four Tet	Parallel	INDIFFERENT	7:16	TzEhAhL1P48	MPREb_hjHG6wGi3b9	UCd6q-S_HAePombe72bczCkA
1432	Parallel 10	Four Tet	Parallel	INDIFFERENT	6:32	4UaAetaS29Q	MPREb_hjHG6wGi3b9	UCd6q-S_HAePombe72bczCkA
290	Mood Everyday (Intro)	Flo Milli	Ho, why is you here ?	INDIFFERENT	0:51	yyUDHK8HzBo	MPREb_Um3MEhiEUvY	UCSY7W__age2kaQtv-OjgLIw
291	Beef FloMix	Flo Milli	Ho, why is you here ?	INDIFFERENT	2:28	4il5ph9Q-uQ	MPREb_Um3MEhiEUvY	UCSY7W__age2kaQtv-OjgLIw
292	Like That Bitch	Flo Milli	Ho, why is you here ?	INDIFFERENT	3:24	AfCHRCWRNm4	MPREb_Um3MEhiEUvY	UCSY7W__age2kaQtv-OjgLIw
293	In The Party	Flo Milli	Ho, why is you here ?	INDIFFERENT	2:18	VYkh7uxW3Zg	MPREb_Um3MEhiEUvY	UCSY7W__age2kaQtv-OjgLIw
294	Pockets Bigger	Flo Milli	Ho, why is you here ?	INDIFFERENT	1:47	h5lbXQWwTrA	MPREb_Um3MEhiEUvY	UCSY7W__age2kaQtv-OjgLIw
295	Weak	Flo Milli	Ho, why is you here ?	INDIFFERENT	2:37	zLoS2hsscww	MPREb_Um3MEhiEUvY	UCSY7W__age2kaQtv-OjgLIw
296	Send The Addy	Flo Milli	Ho, why is you here ?	INDIFFERENT	2:13	YThDkv5rzdo	MPREb_Um3MEhiEUvY	UCSY7W__age2kaQtv-OjgLIw
297	19	Flo Milli	Ho, why is you here ?	INDIFFERENT	2:24	9ZVuPwsOjY0	MPREb_Um3MEhiEUvY	UCSY7W__age2kaQtv-OjgLIw
298	May I	Flo Milli	Ho, why is you here ?	INDIFFERENT	2:44	zX97cbcTTr4	MPREb_Um3MEhiEUvY	UCSY7W__age2kaQtv-OjgLIw
299	Pussycat Doll	Flo Milli	Ho, why is you here ?	INDIFFERENT	2:40	0jdV2u332EI	MPREb_Um3MEhiEUvY	UCSY7W__age2kaQtv-OjgLIw
300	Not Friendly	Flo Milli	Ho, why is you here ?	INDIFFERENT	3:55	b19AYcJV5Q8	MPREb_Um3MEhiEUvY	UCSY7W__age2kaQtv-OjgLIw
301	Scuse Me	Flo Milli	Ho, why is you here ?	INDIFFERENT	2:45	CIB7QVzE5sU	MPREb_Um3MEhiEUvY	UCSY7W__age2kaQtv-OjgLIw
866	I'm Your Empress Of	Empress Of	I'm Your Empress Of	INDIFFERENT	1:46	WBPOHl8x7Zo	MPREb_IiQtuREkNLd	UCbcaqniFdeP7NIwbeZABk1g
867	Bit Of Rain	Empress Of	I'm Your Empress Of	INDIFFERENT	3:31	7crDgmbZDDM	MPREb_IiQtuREkNLd	UCbcaqniFdeP7NIwbeZABk1g
868	Void	Empress Of	I'm Your Empress Of	INDIFFERENT	3:10	gkmFpQPH9pg	MPREb_IiQtuREkNLd	UCbcaqniFdeP7NIwbeZABk1g
869	Love Is A Drug	Empress Of	I'm Your Empress Of	INDIFFERENT	2:41	GMoPOqlwIms	MPREb_IiQtuREkNLd	UCbcaqniFdeP7NIwbeZABk1g
870	U Give It Up	Empress Of	I'm Your Empress Of	INDIFFERENT	3:30	CTvaQE9q1mM	MPREb_IiQtuREkNLd	UCbcaqniFdeP7NIwbeZABk1g
871	Should've	Empress Of	I'm Your Empress Of	INDIFFERENT	2:21	jsSytOEJ6JE	MPREb_IiQtuREkNLd	UCbcaqniFdeP7NIwbeZABk1g
872	Give Me Another Chance	Empress Of	I'm Your Empress Of	INDIFFERENT	2:41	2zVCMBf7CiM	MPREb_IiQtuREkNLd	UCbcaqniFdeP7NIwbeZABk1g
873	What's The Point	Empress Of	I'm Your Empress Of	INDIFFERENT	2:29	gL0JsdB3eqQ	MPREb_IiQtuREkNLd	UCbcaqniFdeP7NIwbeZABk1g
874	Not The One	Empress Of	I'm Your Empress Of	INDIFFERENT	3:12	v3FtwDzCETY	MPREb_IiQtuREkNLd	UCbcaqniFdeP7NIwbeZABk1g
875	Hold Me Like Water	Empress Of	I'm Your Empress Of	INDIFFERENT	2:55	NP1tBYY-NGI	MPREb_IiQtuREkNLd	UCbcaqniFdeP7NIwbeZABk1g
876	Awful	Empress Of	I'm Your Empress Of	INDIFFERENT	2:22	D-Mg4PS_C_s	MPREb_IiQtuREkNLd	UCbcaqniFdeP7NIwbeZABk1g
1094	Killing Floor	Emma Ruth Rundle	May Our Chambers Be Full	INDIFFERENT	6:47	4XeeIFsysK4	MPREb_5dHYa5Dp7DY	UCXqoHeiHh7wX-ZGoknAsnDA
1095	Monolith	Emma Ruth Rundle	May Our Chambers Be Full	INDIFFERENT	3:24	p6TvyoDVvNI	MPREb_5dHYa5Dp7DY	UCXqoHeiHh7wX-ZGoknAsnDA
1096	Out of Existence	Emma Ruth Rundle	May Our Chambers Be Full	INDIFFERENT	3:43	5GPcGU2B-FA	MPREb_5dHYa5Dp7DY	UCXqoHeiHh7wX-ZGoknAsnDA
1097	Ancestral Recall	Emma Ruth Rundle	May Our Chambers Be Full	INDIFFERENT	3:55	KnT2EjeuTCw	MPREb_5dHYa5Dp7DY	UCXqoHeiHh7wX-ZGoknAsnDA
1098	Magickal Cost	Emma Ruth Rundle	May Our Chambers Be Full	INDIFFERENT	4:11	_7P7F0dC-2w	MPREb_5dHYa5Dp7DY	UCXqoHeiHh7wX-ZGoknAsnDA
1099	Into Being	Emma Ruth Rundle	May Our Chambers Be Full	INDIFFERENT	5:17	YdABzBkwJO8	MPREb_5dHYa5Dp7DY	UCXqoHeiHh7wX-ZGoknAsnDA
1100	The Valley	Emma Ruth Rundle	May Our Chambers Be Full	INDIFFERENT	8:59	mil14n6x8-w	MPREb_5dHYa5Dp7DY	UCXqoHeiHh7wX-ZGoknAsnDA
1360	Alligator	Emancipator	Mountain of Memory	INDIFFERENT	3:14	Ql3SEy1rvTs	MPREb_Zn9nL4gPEgV	UChNB35QmqX81vSbDXDR3i4w
1361	Pollo Sneeps	Emancipator	Mountain of Memory	INDIFFERENT	2:24	CdbrDkZ4oCc	MPREb_Zn9nL4gPEgV	UChNB35QmqX81vSbDXDR3i4w
1362	Waxin	Emancipator	Mountain of Memory	INDIFFERENT	2:45	sMIEi1lJpho	MPREb_Zn9nL4gPEgV	UChNB35QmqX81vSbDXDR3i4w
1363	Dodo	Emancipator	Mountain of Memory	INDIFFERENT	5:46	oU5B3AWbCFc	MPREb_Zn9nL4gPEgV	UChNB35QmqX81vSbDXDR3i4w
1364	Blue Dream	Emancipator	Mountain of Memory	INDIFFERENT	3:11	FE4u308MoYQ	MPREb_Zn9nL4gPEgV	UChNB35QmqX81vSbDXDR3i4w
1365	Awakenings	Emancipator	Mountain of Memory	INDIFFERENT	7:00	6PRaZk50E-s	MPREb_Zn9nL4gPEgV	UChNB35QmqX81vSbDXDR3i4w
1366	Iron Ox	Emancipator	Mountain of Memory	INDIFFERENT	4:26	XguzlPpbTdg	MPREb_Zn9nL4gPEgV	UChNB35QmqX81vSbDXDR3i4w
1367	Currents	Emancipator	Mountain of Memory	INDIFFERENT	3:57	xAs5LWdd9rU	MPREb_Zn9nL4gPEgV	UChNB35QmqX81vSbDXDR3i4w
1368	Labyrinth	Emancipator	Mountain of Memory	INDIFFERENT	4:54	8kC3KokOvF0	MPREb_Zn9nL4gPEgV	UChNB35QmqX81vSbDXDR3i4w
1369	Chiefin	Emancipator	Mountain of Memory	INDIFFERENT	4:55	vSiD_5kJEGI	MPREb_Zn9nL4gPEgV	UChNB35QmqX81vSbDXDR3i4w
1370	Forged	Emancipator	Mountain of Memory	INDIFFERENT	3:45	QnAh6aH0SH8	MPREb_Zn9nL4gPEgV	UChNB35QmqX81vSbDXDR3i4w
1371	Snakes & Ladders	Emancipator	Mountain of Memory	INDIFFERENT	3:41	pCjNEAsAm8o	MPREb_Zn9nL4gPEgV	UChNB35QmqX81vSbDXDR3i4w
1372	She Gone To The River	Emancipator	Mountain of Memory	INDIFFERENT	3:12	RwJgm4l0ZoM	MPREb_Zn9nL4gPEgV	UChNB35QmqX81vSbDXDR3i4w
1373	Himalayan	Emancipator	Mountain of Memory	INDIFFERENT	5:23	Xu9HLiPSzmY	MPREb_Zn9nL4gPEgV	UChNB35QmqX81vSbDXDR3i4w
1374	N19 5NF	Ela Minus	acts of rebellion	INDIFFERENT	2:06	n8bJ-iJEXyE	MPREb_BaDMEvwFre0	UCn-uzEJjgOICWI1Z7aulrig
1375	they told us it was hard, but they were wrong.	Ela Minus	acts of rebellion	INDIFFERENT	6:01	YIlruizj21A	MPREb_BaDMEvwFre0	UCn-uzEJjgOICWI1Z7aulrig
1376	el cielo no es de nadie	Ela Minus	acts of rebellion	INDIFFERENT	4:22	dwqJsKWaTds	MPREb_BaDMEvwFre0	UCn-uzEJjgOICWI1Z7aulrig
1377	megapunk	Ela Minus	acts of rebellion	INDIFFERENT	3:13	DbIWjweTrFA	MPREb_BaDMEvwFre0	UCn-uzEJjgOICWI1Z7aulrig
1378	pocket piano	Ela Minus	acts of rebellion	INDIFFERENT	2:13	pQzsMq0e18A	MPREb_BaDMEvwFre0	UCn-uzEJjgOICWI1Z7aulrig
1379	dominique	Ela Minus	acts of rebellion	INDIFFERENT	3:55	Uv65eylwUhU	MPREb_BaDMEvwFre0	UCn-uzEJjgOICWI1Z7aulrig
1380	let them have the internet	Ela Minus	acts of rebellion	INDIFFERENT	1:55	w8YKmtJ8Fzs	MPREb_BaDMEvwFre0	UCn-uzEJjgOICWI1Z7aulrig
1381	tony	Ela Minus	acts of rebellion	INDIFFERENT	3:55	RrFGxPEMYzw	MPREb_BaDMEvwFre0	UCn-uzEJjgOICWI1Z7aulrig
1382	do whatever you want, all the time.	Ela Minus	acts of rebellion	INDIFFERENT	2:41	_xDVsWeyCYg	MPREb_BaDMEvwFre0	UCn-uzEJjgOICWI1Z7aulrig
1383	close (feat. Helado Negro)	Ela Minus	acts of rebellion	INDIFFERENT	3:37	AIusxKZHiKQ	MPREb_BaDMEvwFre0	UCn-uzEJjgOICWI1Z7aulrig
1384	they told us it was hard, but they were wrong. (Edit)	Ela Minus	acts of rebellion	INDIFFERENT	3:46	nxXFW6sPUi4	MPREb_BaDMEvwFre0	UCn-uzEJjgOICWI1Z7aulrig
1385	el cielo no es de nadie (Edit)	Ela Minus	acts of rebellion	INDIFFERENT	3:42	AvIXk-5-U2E	MPREb_BaDMEvwFre0	UCn-uzEJjgOICWI1Z7aulrig
187	Airborne Ashes	Eartheater	Phoenix: Flames Are Dew Upon My Skin	INDIFFERENT	3:27	s3pUViNw_Vc	MPREb_gWwu8X4rbPG	UCO7iNPKPpQSn4JhUcPq-Jog
188	Metallic Taste of Patience	Eartheater	Phoenix: Flames Are Dew Upon My Skin	INDIFFERENT	3:51	s_df2cfbbSs	MPREb_gWwu8X4rbPG	UCO7iNPKPpQSn4JhUcPq-Jog
189	Below The Clavicle	Eartheater	Phoenix: Flames Are Dew Upon My Skin	INDIFFERENT	3:59	z4WPKE3FSS8	MPREb_gWwu8X4rbPG	UCO7iNPKPpQSn4JhUcPq-Jog
190	Burning Feather	Eartheater	Phoenix: Flames Are Dew Upon My Skin	INDIFFERENT	1:26	c2JGrcTmFyo	MPREb_gWwu8X4rbPG	UCO7iNPKPpQSn4JhUcPq-Jog
191	How To Fight	Eartheater	Phoenix: Flames Are Dew Upon My Skin	INDIFFERENT	3:32	fKrNBFUu4J0	MPREb_gWwu8X4rbPG	UCO7iNPKPpQSn4JhUcPq-Jog
192	Kiss of The Phoenix	Eartheater	Phoenix: Flames Are Dew Upon My Skin	INDIFFERENT	3:04	1nJ8gYRe6AA	MPREb_gWwu8X4rbPG	UCO7iNPKPpQSn4JhUcPq-Jog
193	Volcano	Eartheater	Phoenix: Flames Are Dew Upon My Skin	INDIFFERENT	4:36	VZeKtFjdI6k	MPREb_gWwu8X4rbPG	UCO7iNPKPpQSn4JhUcPq-Jog
194	Fantasy Collision	Eartheater	Phoenix: Flames Are Dew Upon My Skin	INDIFFERENT	4:39	TqOFqtL4_SA	MPREb_gWwu8X4rbPG	UCO7iNPKPpQSn4JhUcPq-Jog
195	Mercurial Nerve	Eartheater	Phoenix: Flames Are Dew Upon My Skin	INDIFFERENT	2:16	1UnKBAY7VHs	MPREb_gWwu8X4rbPG	UCO7iNPKPpQSn4JhUcPq-Jog
196	Goodbye Diamond	Eartheater	Phoenix: Flames Are Dew Upon My Skin	INDIFFERENT	1:29	oXoj5n2U5Gc	MPREb_gWwu8X4rbPG	UCO7iNPKPpQSn4JhUcPq-Jog
197	Bringing Me Back	Eartheater	Phoenix: Flames Are Dew Upon My Skin	INDIFFERENT	5:20	KA1IcFOt9OM	MPREb_gWwu8X4rbPG	UCO7iNPKPpQSn4JhUcPq-Jog
198	Diamond In The Bedrock	Eartheater	Phoenix: Flames Are Dew Upon My Skin	INDIFFERENT	4:14	TTGFvAG6ayQ	MPREb_gWwu8X4rbPG	UCO7iNPKPpQSn4JhUcPq-Jog
199	Faith Consuming Hope	Eartheater	Phoenix: Flames Are Dew Upon My Skin	INDIFFERENT	4:51	ZBmK0IRBZN8	MPREb_gWwu8X4rbPG	UCO7iNPKPpQSn4JhUcPq-Jog
81	Carousels	Doves	The Universal Want	INDIFFERENT	4:50	qvCbSut9yxo	MPREb_qP84yfn6LeB	UCBx0DpQKQGzsYScPwwgPOeg
82	I Will Not Hide	Doves	The Universal Want	INDIFFERENT	4:16	V6445KIHJkk	MPREb_qP84yfn6LeB	UCBx0DpQKQGzsYScPwwgPOeg
83	Broken Eyes	Doves	The Universal Want	INDIFFERENT	4:16	HsWRymK-pdM	MPREb_qP84yfn6LeB	UCBx0DpQKQGzsYScPwwgPOeg
84	For Tomorrow	Doves	The Universal Want	INDIFFERENT	5:29	JEFpRJyUOw4	MPREb_qP84yfn6LeB	UCBx0DpQKQGzsYScPwwgPOeg
85	Cathedrals Of The Mind	Doves	The Universal Want	INDIFFERENT	5:20	5jbfemyrRKs	MPREb_qP84yfn6LeB	UCBx0DpQKQGzsYScPwwgPOeg
86	Prisoners	Doves	The Universal Want	INDIFFERENT	4:27	hCvX0gN_Ae8	MPREb_qP84yfn6LeB	UCBx0DpQKQGzsYScPwwgPOeg
87	Cycle Of Hurt	Doves	The Universal Want	INDIFFERENT	4:16	C8r9bQSzYIk	MPREb_qP84yfn6LeB	UCBx0DpQKQGzsYScPwwgPOeg
88	Mother Silverlake	Doves	The Universal Want	INDIFFERENT	5:14	yJhofuYiuBI	MPREb_qP84yfn6LeB	UCBx0DpQKQGzsYScPwwgPOeg
89	Universal Want	Doves	The Universal Want	INDIFFERENT	5:22	9Ah-TD4ULQ0	MPREb_qP84yfn6LeB	UCBx0DpQKQGzsYScPwwgPOeg
90	Forest House	Doves	The Universal Want	INDIFFERENT	3:42	b4R7razbFx4	MPREb_qP84yfn6LeB	UCBx0DpQKQGzsYScPwwgPOeg
125	Crimson Tide	Destroyer	Have We Met	INDIFFERENT	6:10	hY1aYibGiNI	MPREb_Cb02q9oUhBi	UC_plNzaYghjuzu3CWNSv28g
126	Kinda Dark	Destroyer	Have We Met	INDIFFERENT	3:25	E1tkI5SwM_M	MPREb_Cb02q9oUhBi	UC_plNzaYghjuzu3CWNSv28g
127	It Just Doesn't Happen	Destroyer	Have We Met	INDIFFERENT	5:01	vVvJSIEwPSY	MPREb_Cb02q9oUhBi	UC_plNzaYghjuzu3CWNSv28g
128	The Television Music Supervisor	Destroyer	Have We Met	INDIFFERENT	4:10	CIOxkSD_lww	MPREb_Cb02q9oUhBi	UC_plNzaYghjuzu3CWNSv28g
129	The Raven	Destroyer	Have We Met	INDIFFERENT	3:36	KZaA_knRa8M	MPREb_Cb02q9oUhBi	UC_plNzaYghjuzu3CWNSv28g
130	Cue Synthesizer	Destroyer	Have We Met	INDIFFERENT	3:56	BRmPPpW5PJ0	MPREb_Cb02q9oUhBi	UC_plNzaYghjuzu3CWNSv28g
131	University Hill	Destroyer	Have We Met	INDIFFERENT	3:40	z-gMXDXz3Rg	MPREb_Cb02q9oUhBi	UC_plNzaYghjuzu3CWNSv28g
132	Have We Met	Destroyer	Have We Met	INDIFFERENT	2:55	SwusAYUs2CM	MPREb_Cb02q9oUhBi	UC_plNzaYghjuzu3CWNSv28g
133	The Man in Black's Blues	Destroyer	Have We Met	INDIFFERENT	3:40	6heM2MvAVBs	MPREb_Cb02q9oUhBi	UC_plNzaYghjuzu3CWNSv28g
134	foolssong	Destroyer	Have We Met	INDIFFERENT	5:46	YHVwvttoGfA	MPREb_Cb02q9oUhBi	UC_plNzaYghjuzu3CWNSv28g
634	Sun	Daniel Avery	Illusion Of Time	INDIFFERENT	5:14	xBtCsYq0s7c	MPREb_boFPywpWQfO	UCB1ZNlOuGCLYQ_U60YOhchQ
635	Illusion Of Time	Daniel Avery	Illusion Of Time	INDIFFERENT	4:23	GrvcdJp1B7M	MPREb_boFPywpWQfO	UCB1ZNlOuGCLYQ_U60YOhchQ
636	CC Pad	Daniel Avery	Illusion Of Time	INDIFFERENT	3:49	Q2m7FyoSzv4	MPREb_boFPywpWQfO	UCB1ZNlOuGCLYQ_U60YOhchQ
637	Space Channel	Daniel Avery	Illusion Of Time	INDIFFERENT	1:43	BWd6qXA4lnQ	MPREb_boFPywpWQfO	UCB1ZNlOuGCLYQ_U60YOhchQ
638	Inside The Ruins	Daniel Avery	Illusion Of Time	INDIFFERENT	6:10	J3OAldDR8Ig	MPREb_boFPywpWQfO	UCB1ZNlOuGCLYQ_U60YOhchQ
639	At First Sight	Daniel Avery	Illusion Of Time	INDIFFERENT	3:28	U8hi1jpzMCs	MPREb_boFPywpWQfO	UCB1ZNlOuGCLYQ_U60YOhchQ
640	Interrupted By The Cloud Of Light	Daniel Avery	Illusion Of Time	INDIFFERENT	1:55	CaghpLbX87Q	MPREb_boFPywpWQfO	UCB1ZNlOuGCLYQ_U60YOhchQ
641	Enter Exit	Daniel Avery	Illusion Of Time	INDIFFERENT	5:29	AFESYtLnPfc	MPREb_boFPywpWQfO	UCB1ZNlOuGCLYQ_U60YOhchQ
642	Water	Daniel Avery	Illusion Of Time	INDIFFERENT	8:48	fwHqVO1oJMU	MPREb_boFPywpWQfO	UCB1ZNlOuGCLYQ_U60YOhchQ
643	Stills	Daniel Avery	Illusion Of Time	INDIFFERENT	2:51	9GHPCkrGIew	MPREb_boFPywpWQfO	UCB1ZNlOuGCLYQ_U60YOhchQ
527	Te Conocí	DJ Python	Mas Amable	INDIFFERENT	5:36	mSTA6c6tEgY	MPREb_gzkC3eJBTXX	UCW4AJyMBD4oI62cry5X78lQ
528	Pia	DJ Python	Mas Amable	INDIFFERENT	5:12	Mt-P3fCGw60	MPREb_gzkC3eJBTXX	UCW4AJyMBD4oI62cry5X78lQ
529	Alejandro	DJ Python	Mas Amable	INDIFFERENT	4:30	mfnRIUPbpWA	MPREb_gzkC3eJBTXX	UCW4AJyMBD4oI62cry5X78lQ
530	oooophi	DJ Python	Mas Amable	INDIFFERENT	6:39	CSZuYDpSTYM	MPREb_gzkC3eJBTXX	UCW4AJyMBD4oI62cry5X78lQ
531	Descanse	DJ Python	Mas Amable	INDIFFERENT	4:32	GZrklAiiRFk	MPREb_gzkC3eJBTXX	UCW4AJyMBD4oI62cry5X78lQ
532	ADMSDP (feat. LA Warman)	DJ Python	Mas Amable	INDIFFERENT	11:39	REIbiOtc470	MPREb_gzkC3eJBTXX	UCW4AJyMBD4oI62cry5X78lQ
533	Juntos	DJ Python	Mas Amable	INDIFFERENT	5:34	xW3qErpa-H8	MPREb_gzkC3eJBTXX	UCW4AJyMBD4oI62cry5X78lQ
534	mmmm	DJ Python	Mas Amable	INDIFFERENT	4:53	FVxzE88SRMc	MPREb_gzkC3eJBTXX	UCW4AJyMBD4oI62cry5X78lQ
877	Hallelujah!	Creeper	Sex, Death & The Infinite Void	INDIFFERENT	0:46	gUtN5ncdvtc	MPREb_qOjHcf1QC5W	UCs7qiBV49TOXrc4Q6F6Y11A
878	Be My End	Creeper	Sex, Death & The Infinite Void	INDIFFERENT	2:39	kpu3Mhtfs3s	MPREb_qOjHcf1QC5W	UCs7qiBV49TOXrc4Q6F6Y11A
879	Born Cold	Creeper	Sex, Death & The Infinite Void	INDIFFERENT	2:58	_UvEimuYw2k	MPREb_qOjHcf1QC5W	UCs7qiBV49TOXrc4Q6F6Y11A
880	Cyanide	Creeper	Sex, Death & The Infinite Void	INDIFFERENT	3:28	SKgEhVORSzg	MPREb_qOjHcf1QC5W	UCs7qiBV49TOXrc4Q6F6Y11A
881	Celestial Violence	Creeper	Sex, Death & The Infinite Void	INDIFFERENT	0:18	DQpRecgcK14	MPREb_qOjHcf1QC5W	UCs7qiBV49TOXrc4Q6F6Y11A
882	Annabelle	Creeper	Sex, Death & The Infinite Void	INDIFFERENT	3:49	94wKHR8BZQ8	MPREb_qOjHcf1QC5W	UCs7qiBV49TOXrc4Q6F6Y11A
883	Paradise	Creeper	Sex, Death & The Infinite Void	INDIFFERENT	4:03	VmposLLS5I4	MPREb_qOjHcf1QC5W	UCs7qiBV49TOXrc4Q6F6Y11A
884	Poisoned Heart	Creeper	Sex, Death & The Infinite Void	INDIFFERENT	3:28	d6VeIFtj-kI	MPREb_qOjHcf1QC5W	UCs7qiBV49TOXrc4Q6F6Y11A
885	Thorns of Love	Creeper	Sex, Death & The Infinite Void	INDIFFERENT	3:23	PEykz9UjySQ	MPREb_qOjHcf1QC5W	UCs7qiBV49TOXrc4Q6F6Y11A
886	Four Years Ago	Creeper	Sex, Death & The Infinite Void	INDIFFERENT	3:26	7y5ae4J2jtg	MPREb_qOjHcf1QC5W	UCs7qiBV49TOXrc4Q6F6Y11A
887	Holy War	Creeper	Sex, Death & The Infinite Void	INDIFFERENT	0:23	w6nEhEOSOP4	MPREb_qOjHcf1QC5W	UCs7qiBV49TOXrc4Q6F6Y11A
888	Napalm Girls	Creeper	Sex, Death & The Infinite Void	INDIFFERENT	3:34	sRa_ieyiIMA	MPREb_qOjHcf1QC5W	UCs7qiBV49TOXrc4Q6F6Y11A
889	The Crown of Life	Creeper	Sex, Death & The Infinite Void	INDIFFERENT	0:07	65xH3DUrGXg	MPREb_qOjHcf1QC5W	UCs7qiBV49TOXrc4Q6F6Y11A
890	Black Moon	Creeper	Sex, Death & The Infinite Void	INDIFFERENT	3:36	jYsHRIl2vxc	MPREb_qOjHcf1QC5W	UCs7qiBV49TOXrc4Q6F6Y11A
891	All My Friends (Hidden Track)	Creeper	Sex, Death & The Infinite Void	INDIFFERENT	4:15	yA1EcbFUq8M	MPREb_qOjHcf1QC5W	UCs7qiBV49TOXrc4Q6F6Y11A
1046	Vacca Wall	Craven Faults	Erratics & Unconformities	INDIFFERENT	17:37	VGK2Vw7LIxc	MPREb_POUmTiJBp3a	UCM9ahnJvAx9UShD1DUndrDg
1047	Deipkier	Craven Faults	Erratics & Unconformities	INDIFFERENT	7:56	pqdiyUB5mks	MPREb_POUmTiJBp3a	UCM9ahnJvAx9UShD1DUndrDg
1048	Cupola Smelt Mill	Craven Faults	Erratics & Unconformities	INDIFFERENT	9:14	v85D0BfSJe0	MPREb_POUmTiJBp3a	UCM9ahnJvAx9UShD1DUndrDg
1049	Slack Sley & Temple	Craven Faults	Erratics & Unconformities	INDIFFERENT	18:25	DvcUAdEOCpM	MPREb_POUmTiJBp3a	UCM9ahnJvAx9UShD1DUndrDg
1050	Hangingstones	Craven Faults	Erratics & Unconformities	INDIFFERENT	10:30	HhopvZQ2Aec	MPREb_POUmTiJBp3a	UCM9ahnJvAx9UShD1DUndrDg
1051	Signal Post	Craven Faults	Erratics & Unconformities	INDIFFERENT	8:33	iQ4byyCXMyI	MPREb_POUmTiJBp3a	UCM9ahnJvAx9UShD1DUndrDg
179	Post Truth (Birth of a Nation)	Crack Cloud	Pain Olympics	INDIFFERENT	5:42	jgQAMih0wMc	MPREb_fjMyOyCVCZb	UC4yFh-28ICCl4B9SlXjGiMQ
180	Bastard Basket	Crack Cloud	Pain Olympics	INDIFFERENT	4:30	xtF98sIlTyg	MPREb_fjMyOyCVCZb	UC4yFh-28ICCl4B9SlXjGiMQ
181	Somethings Gotta Give	Crack Cloud	Pain Olympics	INDIFFERENT	2:05	Nk-p1FTKM1o	MPREb_fjMyOyCVCZb	UC4yFh-28ICCl4B9SlXjGiMQ
182	The Next Fix	Crack Cloud	Pain Olympics	INDIFFERENT	3:25	bD8etFQlFfQ	MPREb_fjMyOyCVCZb	UC4yFh-28ICCl4B9SlXjGiMQ
183	Favour Your Fortune	Crack Cloud	Pain Olympics	INDIFFERENT	2:07	84beQS952wQ	MPREb_fjMyOyCVCZb	UC4yFh-28ICCl4B9SlXjGiMQ
184	Ouster Stew	Crack Cloud	Pain Olympics	INDIFFERENT	2:22	II9LWRqQYlE	MPREb_fjMyOyCVCZb	UC4yFh-28ICCl4B9SlXjGiMQ
185	Tunnel Vision	Crack Cloud	Pain Olympics	INDIFFERENT	4:38	MzgTjNhdIlw	MPREb_fjMyOyCVCZb	UC4yFh-28ICCl4B9SlXjGiMQ
186	Angel Dust (Eternal Peace)	Crack Cloud	Pain Olympics	INDIFFERENT	4:27	26VkuxmP5jY	MPREb_fjMyOyCVCZb	UC4yFh-28ICCl4B9SlXjGiMQ
1052	Burlap String	Courtney Marie Andrews	Old Flowers	INDIFFERENT	3:58	YDxOHQZgVXA	MPREb_VesTDkPTMJx	UCiQwb4Djbk_Vyb6fgivGvsw
1053	Guilty	Courtney Marie Andrews	Old Flowers	INDIFFERENT	3:55	FoxE_if36iw	MPREb_VesTDkPTMJx	UCiQwb4Djbk_Vyb6fgivGvsw
1054	If I Told	Courtney Marie Andrews	Old Flowers	INDIFFERENT	4:59	TI8b5w0Fln0	MPREb_VesTDkPTMJx	UCiQwb4Djbk_Vyb6fgivGvsw
1055	Together or Alone	Courtney Marie Andrews	Old Flowers	INDIFFERENT	4:02	Ffk5lisDWzw	MPREb_VesTDkPTMJx	UCiQwb4Djbk_Vyb6fgivGvsw
1056	Carnival Dream	Courtney Marie Andrews	Old Flowers	INDIFFERENT	4:21	2fsvlK_XK8E	MPREb_VesTDkPTMJx	UCiQwb4Djbk_Vyb6fgivGvsw
1057	Old Flowers	Courtney Marie Andrews	Old Flowers	INDIFFERENT	3:49	B1wsrXdkzZE	MPREb_VesTDkPTMJx	UCiQwb4Djbk_Vyb6fgivGvsw
1058	Break the Spell	Courtney Marie Andrews	Old Flowers	INDIFFERENT	4:23	Ue_uQAy6j8w	MPREb_VesTDkPTMJx	UCiQwb4Djbk_Vyb6fgivGvsw
1059	It Must Be Someone Else’s Fault	Courtney Marie Andrews	Old Flowers	INDIFFERENT	3:19	U3ikDENxCEo	MPREb_VesTDkPTMJx	UCiQwb4Djbk_Vyb6fgivGvsw
1060	How You Get Hurt	Courtney Marie Andrews	Old Flowers	INDIFFERENT	4:25	txqd-ReKaD8	MPREb_VesTDkPTMJx	UCiQwb4Djbk_Vyb6fgivGvsw
1061	Ships in the Night	Courtney Marie Andrews	Old Flowers	INDIFFERENT	4:03	8G3WnPpriWU	MPREb_VesTDkPTMJx	UCiQwb4Djbk_Vyb6fgivGvsw
485	St Marie Under Canon	Cornershop	England is a Garden	INDIFFERENT	4:13	FN46iMxblLU	MPREb_pEOKRCr6LzY	UC1gtYwNtvygcHZ6xDIlIXyw
487	No Rock Save In Roll	Cornershop	England is a Garden	INDIFFERENT	3:43	zW-IXS5W41Q	MPREb_pEOKRCr6LzY	UC1gtYwNtvygcHZ6xDIlIXyw
488	Everywhere That Wog Army Roam	Cornershop	England is a Garden	INDIFFERENT	5:10	Xau1q6IpWtE	MPREb_pEOKRCr6LzY	UC1gtYwNtvygcHZ6xDIlIXyw
489	King Kongs	Cornershop	England is a Garden	INDIFFERENT	0:10	yoylG5OzdSk	MPREb_pEOKRCr6LzY	UC1gtYwNtvygcHZ6xDIlIXyw
490	Highly Amplified	Cornershop	England is a Garden	INDIFFERENT	4:50	dJSK_qvgHDw	MPREb_pEOKRCr6LzY	UC1gtYwNtvygcHZ6xDIlIXyw
491	England Is A Garden	Cornershop	England is a Garden	INDIFFERENT	1:46	94YivhJcZAw	MPREb_pEOKRCr6LzY	UC1gtYwNtvygcHZ6xDIlIXyw
492	Cash Money	Cornershop	England is a Garden	INDIFFERENT	5:20	HYSQ9ntXtb0	MPREb_pEOKRCr6LzY	UC1gtYwNtvygcHZ6xDIlIXyw
493	Morning Ben	Cornershop	England is a Garden	INDIFFERENT	0:19	FyqxNLuQuv0	MPREb_pEOKRCr6LzY	UC1gtYwNtvygcHZ6xDIlIXyw
494	I'm A Wooden Soldier	Cornershop	England is a Garden	INDIFFERENT	5:01	LScjJ9eMQno	MPREb_pEOKRCr6LzY	UC1gtYwNtvygcHZ6xDIlIXyw
495	One Uncareful Lady Owner	Cornershop	England is a Garden	INDIFFERENT	3:53	PTYguWRPLbs	MPREb_pEOKRCr6LzY	UC1gtYwNtvygcHZ6xDIlIXyw
496	The Holy Name	Cornershop	England is a Garden	INDIFFERENT	8:51	UUabdmBL-BQ	MPREb_pEOKRCr6LzY	UC1gtYwNtvygcHZ6xDIlIXyw
603	Clean Kill	Coriky	Coriky	INDIFFERENT	4:13	EheoKU0JLlY	MPREb_QRW8VhcnG3T	UCNLUO12u-P60d0N7ZdBqYhA
604	Hard to Explain	Coriky	Coriky	INDIFFERENT	3:03	RON4JmzKux8	MPREb_QRW8VhcnG3T	UCNLUO12u-P60d0N7ZdBqYhA
605	Say Yes	Coriky	Coriky	INDIFFERENT	2:36	-ivxcx_uFo0	MPREb_QRW8VhcnG3T	UCNLUO12u-P60d0N7ZdBqYhA
606	Have a Cup of Tea	Coriky	Coriky	INDIFFERENT	3:34	cLl0rcg-BHM	MPREb_QRW8VhcnG3T	UCNLUO12u-P60d0N7ZdBqYhA
607	Too Many Husbands	Coriky	Coriky	INDIFFERENT	3:03	RIHjRI6huRU	MPREb_QRW8VhcnG3T	UCNLUO12u-P60d0N7ZdBqYhA
608	BQM	Coriky	Coriky	INDIFFERENT	1:52	pFMJ9CqKnyM	MPREb_QRW8VhcnG3T	UCNLUO12u-P60d0N7ZdBqYhA
609	Last Thing	Coriky	Coriky	INDIFFERENT	3:28	uNVLUjiNd44	MPREb_QRW8VhcnG3T	UCNLUO12u-P60d0N7ZdBqYhA
610	Jack Says	Coriky	Coriky	INDIFFERENT	2:34	s3ZOwKJ7dWA	MPREb_QRW8VhcnG3T	UCNLUO12u-P60d0N7ZdBqYhA
611	Shedileebop	Coriky	Coriky	INDIFFERENT	3:36	NmGT0ghbtLM	MPREb_QRW8VhcnG3T	UCNLUO12u-P60d0N7ZdBqYhA
612	Inauguration Day	Coriky	Coriky	INDIFFERENT	3:50	hCLrygKiF7A	MPREb_QRW8VhcnG3T	UCNLUO12u-P60d0N7ZdBqYhA
613	Woulda Coulda	Coriky	Coriky	INDIFFERENT	5:24	XkB76H0oY_k	MPREb_QRW8VhcnG3T	UCNLUO12u-P60d0N7ZdBqYhA
343	(deeperthanbefore)	Code Orange	Underneath	INDIFFERENT	1:14	jBheFoCqpB8	MPREb_x8KDS4w7D42	UCL971pKvXyMfZ89n5KA1R-Q
344	Swallowing the Rabbit Whole	Code Orange	Underneath	INDIFFERENT	3:48	AYk20n9VOYQ	MPREb_x8KDS4w7D42	UCL971pKvXyMfZ89n5KA1R-Q
345	In Fear	Code Orange	Underneath	INDIFFERENT	3:22	F293gX1SdmI	MPREb_x8KDS4w7D42	UCL971pKvXyMfZ89n5KA1R-Q
346	You and You Alone	Code Orange	Underneath	INDIFFERENT	3:07	VY4l_rrwflE	MPREb_x8KDS4w7D42	UCL971pKvXyMfZ89n5KA1R-Q
347	Who I Am	Code Orange	Underneath	INDIFFERENT	3:47	kf9A17HTFWE	MPREb_x8KDS4w7D42	UCL971pKvXyMfZ89n5KA1R-Q
348	Cold.Metal.Place	Code Orange	Underneath	INDIFFERENT	3:05	JFxJH9QMNnw	MPREb_x8KDS4w7D42	UCL971pKvXyMfZ89n5KA1R-Q
349	Sulfur Surrounding	Code Orange	Underneath	INDIFFERENT	3:48	fxqa3NKkgC4	MPREb_x8KDS4w7D42	UCL971pKvXyMfZ89n5KA1R-Q
350	The Easy Way	Code Orange	Underneath	INDIFFERENT	4:26	oYbw3RLnrVo	MPREb_x8KDS4w7D42	UCL971pKvXyMfZ89n5KA1R-Q
351	Erasure Scan	Code Orange	Underneath	INDIFFERENT	2:33	x6QVGExdNvc	MPREb_x8KDS4w7D42	UCL971pKvXyMfZ89n5KA1R-Q
352	Last Ones Left	Code Orange	Underneath	INDIFFERENT	3:09	E3LPJ09W28w	MPREb_x8KDS4w7D42	UCL971pKvXyMfZ89n5KA1R-Q
353	Autumn and Carbine	Code Orange	Underneath	INDIFFERENT	3:28	ClK-UBySTNw	MPREb_x8KDS4w7D42	UCL971pKvXyMfZ89n5KA1R-Q
354	Back Inside the Glass	Code Orange	Underneath	INDIFFERENT	2:35	4n2qgQzC9qI	MPREb_x8KDS4w7D42	UCL971pKvXyMfZ89n5KA1R-Q
355	A Sliver	Code Orange	Underneath	INDIFFERENT	4:38	Qr7DLfD5E80	MPREb_x8KDS4w7D42	UCL971pKvXyMfZ89n5KA1R-Q
356	Underneath	Code Orange	Underneath	INDIFFERENT	4:40	bOy7_wsgGTc	MPREb_x8KDS4w7D42	UCL971pKvXyMfZ89n5KA1R-Q
1076	One Love	Cleo Sol	Rose in the Dark	INDIFFERENT	1:20	1hpx3xXEcRg	MPREb_vFH1pbeS4TG	UCw5j4m9SCsNNlY3srtac_KQ
1077	Why Don't You	Cleo Sol	Rose in the Dark	INDIFFERENT	3:49	QRUO7KrYAng	MPREb_vFH1pbeS4TG	UCw5j4m9SCsNNlY3srtac_KQ
1078	Young Love	Cleo Sol	Rose in the Dark	INDIFFERENT	4:25	Qom8zOcaJMI	MPREb_vFH1pbeS4TG	UCw5j4m9SCsNNlY3srtac_KQ
1079	Rewind	Cleo Sol	Rose in the Dark	INDIFFERENT	2:24	i00WrPgTTP0	MPREb_vFH1pbeS4TG	UCw5j4m9SCsNNlY3srtac_KQ
1080	Rose in the Dark	Cleo Sol	Rose in the Dark	INDIFFERENT	3:47	dH8rsQQqg18	MPREb_vFH1pbeS4TG	UCw5j4m9SCsNNlY3srtac_KQ
1082	Sideways	Cleo Sol	Rose in the Dark	INDIFFERENT	3:13	e5YmG3jkzxA	MPREb_vFH1pbeS4TG	UCw5j4m9SCsNNlY3srtac_KQ
1083	Butterfly	Cleo Sol	Rose in the Dark	INDIFFERENT	3:20	wdvOfUGGiq0	MPREb_vFH1pbeS4TG	UCw5j4m9SCsNNlY3srtac_KQ
1084	Sure of Myself	Cleo Sol	Rose in the Dark	INDIFFERENT	3:39	4VQWsG68NCc	MPREb_vFH1pbeS4TG	UCw5j4m9SCsNNlY3srtac_KQ
1085	I Love You	Cleo Sol	Rose in the Dark	INDIFFERENT	2:58	kAtsIv-7Ues	MPREb_vFH1pbeS4TG	UCw5j4m9SCsNNlY3srtac_KQ
1086	Her Light	Cleo Sol	Rose in the Dark	INDIFFERENT	4:05	7bFCtZZw6mo	MPREb_vFH1pbeS4TG	UCw5j4m9SCsNNlY3srtac_KQ
722	Plastic Raincoat	Cindy Lee	What's Tonight to Eternity	INDIFFERENT	3:23	60AGi3RSrN4	MPREb_2NMiQK1ynYo	UCTrSie87ePxmytGzfCicibg
723	I Want You to Suffer	Cindy Lee	What's Tonight to Eternity	INDIFFERENT	7:38	BpLX54nhd-c	MPREb_2NMiQK1ynYo	UCTrSie87ePxmytGzfCicibg
724	The Limit	Cindy Lee	What's Tonight to Eternity	INDIFFERENT	4:25	usGRrmk3uJ0	MPREb_2NMiQK1ynYo	UCTrSie87ePxmytGzfCicibg
725	What's Tonight to Eternity	Cindy Lee	What's Tonight to Eternity	INDIFFERENT	2:08	E3sXOARhvR8	MPREb_2NMiQK1ynYo	UCTrSie87ePxmytGzfCicibg
726	One Second to Toe the Line	Cindy Lee	What's Tonight to Eternity	INDIFFERENT	3:03	IbhSO3vUqUM	MPREb_2NMiQK1ynYo	UCTrSie87ePxmytGzfCicibg
727	Lucifer Stand	Cindy Lee	What's Tonight to Eternity	INDIFFERENT	7:21	5jlf-h9rTpE	MPREb_2NMiQK1ynYo	UCTrSie87ePxmytGzfCicibg
728	Speaking from Above	Cindy Lee	What's Tonight to Eternity	INDIFFERENT	5:34	rF30CVECgfQ	MPREb_2NMiQK1ynYo	UCTrSie87ePxmytGzfCicibg
729	Just for Loving You I Pay the Price	Cindy Lee	What's Tonight to Eternity	INDIFFERENT	4:40	sx_q9erjZow	MPREb_2NMiQK1ynYo	UCTrSie87ePxmytGzfCicibg
730	Heavy Metal	Cindy Lee	What's Tonight to Eternity	INDIFFERENT	4:01	ZUarQxGypmc	MPREb_2NMiQK1ynYo	UCTrSie87ePxmytGzfCicibg
320	Devil Always Made Me Think Twice	Chris Stapleton	Starting Over	INDIFFERENT	3:52	ITMO84wJIew	MPREb_P6pMAcxdfOX	UCEBTD8bc2J7wG7Fqhss7Jow
321	Cold	Chris Stapleton	Starting Over	INDIFFERENT	5:10	UIAo_Awfs-E	MPREb_P6pMAcxdfOX	UCEBTD8bc2J7wG7Fqhss7Jow
322	When I'm With You	Chris Stapleton	Starting Over	INDIFFERENT	3:44	9cvSrXnXAk0	MPREb_P6pMAcxdfOX	UCEBTD8bc2J7wG7Fqhss7Jow
323	Arkansas	Chris Stapleton	Starting Over	INDIFFERENT	2:59	uWCctM1sGL4	MPREb_P6pMAcxdfOX	UCEBTD8bc2J7wG7Fqhss7Jow
324	Joy Of My Life	Chris Stapleton	Starting Over	INDIFFERENT	4:35	Rgk2q5Jd7-A	MPREb_P6pMAcxdfOX	UCEBTD8bc2J7wG7Fqhss7Jow
325	Hillbilly Blood	Chris Stapleton	Starting Over	INDIFFERENT	4:06	zmgHg-VTNAo	MPREb_P6pMAcxdfOX	UCEBTD8bc2J7wG7Fqhss7Jow
326	Maggie's Song	Chris Stapleton	Starting Over	INDIFFERENT	3:32	2N8VZxO8Rcg	MPREb_P6pMAcxdfOX	UCEBTD8bc2J7wG7Fqhss7Jow
327	Whiskey Sunrise	Chris Stapleton	Starting Over	INDIFFERENT	3:23	RsUkJ8C6wyA	MPREb_P6pMAcxdfOX	UCEBTD8bc2J7wG7Fqhss7Jow
328	Worry B Gone	Chris Stapleton	Starting Over	INDIFFERENT	3:16	7MUwCq1sMng	MPREb_P6pMAcxdfOX	UCEBTD8bc2J7wG7Fqhss7Jow
329	Old Friends	Chris Stapleton	Starting Over	INDIFFERENT	4:02	1jSOYvmujyg	MPREb_P6pMAcxdfOX	UCEBTD8bc2J7wG7Fqhss7Jow
330	Watch You Burn	Chris Stapleton	Starting Over	INDIFFERENT	4:04	9mT2dBRHEIU	MPREb_P6pMAcxdfOX	UCEBTD8bc2J7wG7Fqhss7Jow
331	You Should Probably Leave	Chris Stapleton	Starting Over	INDIFFERENT	3:34	wilhfxYfqfc	MPREb_P6pMAcxdfOX	UCEBTD8bc2J7wG7Fqhss7Jow
332	Nashville, TN	Chris Stapleton	Starting Over	INDIFFERENT	3:36	NgV8C9SjkMg	MPREb_P6pMAcxdfOX	UCEBTD8bc2J7wG7Fqhss7Jow
1203	Got to Go My Own Way	Caroline Rose	Superstar	INDIFFERENT	3:22	vNKxJM98TNw	MPREb_LLv28RNiJpp	UCfmtGrbjtodRee4cL6Uz2mg
1204	Do You Think We’ll Last Forever?	Caroline Rose	Superstar	INDIFFERENT	4:15	e0mDl6n0MyE	MPREb_LLv28RNiJpp	UCfmtGrbjtodRee4cL6Uz2mg
1205	Feelings Are a Thing of the Past	Caroline Rose	Superstar	INDIFFERENT	1:04	jA9C-J3-oUM	MPREb_LLv28RNiJpp	UCfmtGrbjtodRee4cL6Uz2mg
1206	Feel the Way I Want	Caroline Rose	Superstar	INDIFFERENT	4:04	u51_WLbkFF8	MPREb_LLv28RNiJpp	UCfmtGrbjtodRee4cL6Uz2mg
1207	Freak Like Me	Caroline Rose	Superstar	INDIFFERENT	3:43	_XwDVXOeSao	MPREb_LLv28RNiJpp	UCfmtGrbjtodRee4cL6Uz2mg
1208	Someone New	Caroline Rose	Superstar	INDIFFERENT	3:09	bOnOnyNFcEY	MPREb_LLv28RNiJpp	UCfmtGrbjtodRee4cL6Uz2mg
1209	Pipe Dreams	Caroline Rose	Superstar	INDIFFERENT	3:26	npDY2iZ5uqA	MPREb_LLv28RNiJpp	UCfmtGrbjtodRee4cL6Uz2mg
1210	Command Z	Caroline Rose	Superstar	INDIFFERENT	1:23	a6RwtrecE4s	MPREb_LLv28RNiJpp	UCfmtGrbjtodRee4cL6Uz2mg
1211	Back at the Beginning	Caroline Rose	Superstar	INDIFFERENT	4:22	_cPCXFpgaCk	MPREb_LLv28RNiJpp	UCfmtGrbjtodRee4cL6Uz2mg
1212	I Took a Ride	Caroline Rose	Superstar	INDIFFERENT	5:12	Gpeg8c02q1w	MPREb_LLv28RNiJpp	UCfmtGrbjtodRee4cL6Uz2mg
1027	Saint	CS + Kreme	Snoopy	INDIFFERENT	6:31	ZpP3LSmGeNA	MPREb_YwNyiCIIpBK	UCDJ4cL2BsBwuSZDw1LJrYxQ
1028	Faun House	CS + Kreme	Snoopy	INDIFFERENT	6:05	pdwu3Eai1Aw	MPREb_YwNyiCIIpBK	UCDJ4cL2BsBwuSZDw1LJrYxQ
1029	Blue Flu	CS + Kreme	Snoopy	INDIFFERENT	7:50	sC54COleOlc	MPREb_YwNyiCIIpBK	UCDJ4cL2BsBwuSZDw1LJrYxQ
1030	The Whale's Tail	CS + Kreme	Snoopy	INDIFFERENT	6:45	IPtdluSa1bg	MPREb_YwNyiCIIpBK	UCDJ4cL2BsBwuSZDw1LJrYxQ
1031	Pussywhistle Tea	CS + Kreme	Snoopy	INDIFFERENT	2:57	a2xi4VE_l7c	MPREb_YwNyiCIIpBK	UCDJ4cL2BsBwuSZDw1LJrYxQ
1032	Time Is a Bozo	CS + Kreme	Snoopy	INDIFFERENT	4:19	cmaC8BKtPcY	MPREb_YwNyiCIIpBK	UCDJ4cL2BsBwuSZDw1LJrYxQ
1033	Slug	CS + Kreme	Snoopy	INDIFFERENT	6:40	vSr6lSQFPJI	MPREb_YwNyiCIIpBK	UCDJ4cL2BsBwuSZDw1LJrYxQ
1034	Mount Warning	CS + Kreme	Snoopy	INDIFFERENT	8:17	ESnkNys7FU8	MPREb_YwNyiCIIpBK	UCDJ4cL2BsBwuSZDw1LJrYxQ
422	Level Up (Twice As Tall) (feat. Youssou N'Dour)	Burna Boy	Twice As Tall	INDIFFERENT	4:29	rPOMxWAUSE0	MPREb_JXS8C2dnyvD	UCr61sufuLt7_eB7ak1bXHIg
423	Alarm Clock	Burna Boy	Twice As Tall	INDIFFERENT	2:13	eov3xQmtGEU	MPREb_JXS8C2dnyvD	UCr61sufuLt7_eB7ak1bXHIg
424	Way Too Big	Burna Boy	Twice As Tall	INDIFFERENT	3:21	dg48OYK-p8M	MPREb_JXS8C2dnyvD	UCr61sufuLt7_eB7ak1bXHIg
425	Bebo	Burna Boy	Twice As Tall	INDIFFERENT	2:45	1CztecBmrRU	MPREb_JXS8C2dnyvD	UCr61sufuLt7_eB7ak1bXHIg
426	Wonderful	Burna Boy	Twice As Tall	INDIFFERENT	3:34	qj6A68b-bEM	MPREb_JXS8C2dnyvD	UCr61sufuLt7_eB7ak1bXHIg
427	Onyeka (Baby)	Burna Boy	Twice As Tall	INDIFFERENT	3:23	euZCFuVuF5A	MPREb_JXS8C2dnyvD	UCr61sufuLt7_eB7ak1bXHIg
428	Naughty by Nature (feat. Naughty By Nature)	Burna Boy	Twice As Tall	INDIFFERENT	3:35	c1uEL3HwQ_o	MPREb_JXS8C2dnyvD	UCr61sufuLt7_eB7ak1bXHIg
429	Comma	Burna Boy	Twice As Tall	INDIFFERENT	2:51	7e8N7PWbT8o	MPREb_JXS8C2dnyvD	UCr61sufuLt7_eB7ak1bXHIg
430	No Fit Vex	Burna Boy	Twice As Tall	INDIFFERENT	3:42	M4VElCAcckQ	MPREb_JXS8C2dnyvD	UCr61sufuLt7_eB7ak1bXHIg
431	23	Burna Boy	Twice As Tall	INDIFFERENT	4:06	g5S1rCOPlpo	MPREb_JXS8C2dnyvD	UCr61sufuLt7_eB7ak1bXHIg
432	Time Flies (feat. Sauti Sol)	Burna Boy	Twice As Tall	INDIFFERENT	3:45	_1QVYXLMHtU	MPREb_JXS8C2dnyvD	UCr61sufuLt7_eB7ak1bXHIg
433	Monsters You Made (feat. Chris Martin)	Burna Boy	Twice As Tall	INDIFFERENT	3:38	3SWk8a8vz9w	MPREb_JXS8C2dnyvD	UCr61sufuLt7_eB7ak1bXHIg
434	Wetin Dey Sup	Burna Boy	Twice As Tall	INDIFFERENT	3:38	gqpUmtAF_GE	MPREb_JXS8C2dnyvD	UCr61sufuLt7_eB7ak1bXHIg
435	Real Life (feat. Stormzy)	Burna Boy	Twice As Tall	INDIFFERENT	3:18	vPberIc86II	MPREb_JXS8C2dnyvD	UCr61sufuLt7_eB7ak1bXHIg
436	Bank On It	Burna Boy	Twice As Tall	INDIFFERENT	4:37	Zk5JeGjBkZs	MPREb_JXS8C2dnyvD	UCr61sufuLt7_eB7ak1bXHIg
69	One Minute You're Here	Bruce Springsteen	Letter To You	INDIFFERENT	2:58	GGlkQsxyrYw	MPREb_WdmyiOoGOHX	UCyFqJ_5TyAeTD7rHpLikbKQ
70	Letter To You	Bruce Springsteen	Letter To You	INDIFFERENT	4:56	4wtHDwDzVtQ	MPREb_WdmyiOoGOHX	UCyFqJ_5TyAeTD7rHpLikbKQ
71	Burnin' Train	Bruce Springsteen	Letter To You	INDIFFERENT	4:04	61Uvy_RYXyM	MPREb_WdmyiOoGOHX	UCyFqJ_5TyAeTD7rHpLikbKQ
72	Janey Needs A Shooter	Bruce Springsteen	Letter To You	INDIFFERENT	6:50	dOHIcl-ztE0	MPREb_WdmyiOoGOHX	UCyFqJ_5TyAeTD7rHpLikbKQ
73	Last Man Standing	Bruce Springsteen	Letter To You	INDIFFERENT	4:06	oVUVJsiyzDQ	MPREb_WdmyiOoGOHX	UCyFqJ_5TyAeTD7rHpLikbKQ
74	The Power Of Prayer	Bruce Springsteen	Letter To You	INDIFFERENT	3:37	HVJXhIvpvq0	MPREb_WdmyiOoGOHX	UCyFqJ_5TyAeTD7rHpLikbKQ
75	House Of A Thousand Guitars	Bruce Springsteen	Letter To You	INDIFFERENT	4:31	Wo0SMxyn7gw	MPREb_WdmyiOoGOHX	UCyFqJ_5TyAeTD7rHpLikbKQ
76	Rainmaker	Bruce Springsteen	Letter To You	INDIFFERENT	4:57	oCb9lzrn9F0	MPREb_WdmyiOoGOHX	UCyFqJ_5TyAeTD7rHpLikbKQ
77	If I Was The Priest	Bruce Springsteen	Letter To You	INDIFFERENT	6:51	BtRgHPZ307E	MPREb_WdmyiOoGOHX	UCyFqJ_5TyAeTD7rHpLikbKQ
78	Ghosts	Bruce Springsteen	Letter To You	INDIFFERENT	5:55	cM-hP2Ln6tM	MPREb_WdmyiOoGOHX	UCyFqJ_5TyAeTD7rHpLikbKQ
79	Song For Orphans	Bruce Springsteen	Letter To You	INDIFFERENT	6:14	V8WvojB_MKY	MPREb_WdmyiOoGOHX	UCyFqJ_5TyAeTD7rHpLikbKQ
80	I'll See You In My Dreams	Bruce Springsteen	Letter To You	INDIFFERENT	3:30	4Dm0YfRS3Dg	MPREb_WdmyiOoGOHX	UCyFqJ_5TyAeTD7rHpLikbKQ
789	Pageturners Rag	Bright Eyes	Down in the Weeds, Where the World Once Was	INDIFFERENT	3:58	FUpy2ovr3tA	MPREb_vGDOpOa4PXs	UCPI3znNhox-PTRPvpYFNCDw
790	Dance and Sing	Bright Eyes	Down in the Weeds, Where the World Once Was	INDIFFERENT	4:31	DereV3vdyuU	MPREb_vGDOpOa4PXs	UCPI3znNhox-PTRPvpYFNCDw
791	Just Once in the World	Bright Eyes	Down in the Weeds, Where the World Once Was	INDIFFERENT	3:29	tQUqUt1ZEWA	MPREb_vGDOpOa4PXs	UCPI3znNhox-PTRPvpYFNCDw
792	Mariana Trench	Bright Eyes	Down in the Weeds, Where the World Once Was	INDIFFERENT	3:42	ONK0iCmAVwo	MPREb_vGDOpOa4PXs	UCPI3znNhox-PTRPvpYFNCDw
793	One and Done	Bright Eyes	Down in the Weeds, Where the World Once Was	INDIFFERENT	4:54	DSJs5ykANkk	MPREb_vGDOpOa4PXs	UCPI3znNhox-PTRPvpYFNCDw
794	Pan and Broom	Bright Eyes	Down in the Weeds, Where the World Once Was	INDIFFERENT	2:53	rRuTk2KXLo0	MPREb_vGDOpOa4PXs	UCPI3znNhox-PTRPvpYFNCDw
795	Stairwell Song	Bright Eyes	Down in the Weeds, Where the World Once Was	INDIFFERENT	3:41	HTx9hF7DxFM	MPREb_vGDOpOa4PXs	UCPI3znNhox-PTRPvpYFNCDw
796	Persona Non Grata	Bright Eyes	Down in the Weeds, Where the World Once Was	INDIFFERENT	3:33	vo8uHuVHFDQ	MPREb_vGDOpOa4PXs	UCPI3znNhox-PTRPvpYFNCDw
797	Tilt-A-Whirl	Bright Eyes	Down in the Weeds, Where the World Once Was	INDIFFERENT	2:21	yRVXWuON-3o	MPREb_vGDOpOa4PXs	UCPI3znNhox-PTRPvpYFNCDw
798	Hot Car in the Sun	Bright Eyes	Down in the Weeds, Where the World Once Was	INDIFFERENT	2:28	ZniCBwYpDW8	MPREb_vGDOpOa4PXs	UCPI3znNhox-PTRPvpYFNCDw
799	Forced Convalescence	Bright Eyes	Down in the Weeds, Where the World Once Was	INDIFFERENT	4:09	no9Sr4EpN_A	MPREb_vGDOpOa4PXs	UCPI3znNhox-PTRPvpYFNCDw
800	To Death's Heart (In Three Parts)	Bright Eyes	Down in the Weeds, Where the World Once Was	INDIFFERENT	5:26	MZgOcUqNNVI	MPREb_vGDOpOa4PXs	UCPI3znNhox-PTRPvpYFNCDw
801	Calais to Dover	Bright Eyes	Down in the Weeds, Where the World Once Was	INDIFFERENT	4:18	-XaJrjviLqM	MPREb_vGDOpOa4PXs	UCPI3znNhox-PTRPvpYFNCDw
802	Comet Song	Bright Eyes	Down in the Weeds, Where the World Once Was	INDIFFERENT	5:36	ppr2WFLQoM4	MPREb_vGDOpOa4PXs	UCPI3znNhox-PTRPvpYFNCDw
1433	Here 4 U	Braids	Shadow Offering	INDIFFERENT	3:52	ugKLnmgNw3g	MPREb_SAldZPjjHQz	UCxqQUOfUw4wDUXGpniNQUbQ
1434	Young Buck	Braids	Shadow Offering	INDIFFERENT	3:54	judCvtVN4n4	MPREb_SAldZPjjHQz	UCxqQUOfUw4wDUXGpniNQUbQ
1435	Eclipse (Ashley)	Braids	Shadow Offering	INDIFFERENT	4:57	AuXdcjyqCkM	MPREb_SAldZPjjHQz	UCxqQUOfUw4wDUXGpniNQUbQ
1436	Just Let Me	Braids	Shadow Offering	INDIFFERENT	5:16	mS3qd0ZAW_A	MPREb_SAldZPjjHQz	UCxqQUOfUw4wDUXGpniNQUbQ
1437	Upheaval II	Braids	Shadow Offering	INDIFFERENT	5:04	TvrSlVAZ7cY	MPREb_SAldZPjjHQz	UCxqQUOfUw4wDUXGpniNQUbQ
1438	Fear Of Men	Braids	Shadow Offering	INDIFFERENT	4:30	GcjxM_uCSYU	MPREb_SAldZPjjHQz	UCxqQUOfUw4wDUXGpniNQUbQ
1439	Snow Angel	Braids	Shadow Offering	INDIFFERENT	9:01	WbYxM7kIizM	MPREb_SAldZPjjHQz	UCxqQUOfUw4wDUXGpniNQUbQ
1440	Ocean	Braids	Shadow Offering	INDIFFERENT	3:50	ogSKPM9E0-g	MPREb_SAldZPjjHQz	UCxqQUOfUw4wDUXGpniNQUbQ
1441	Note To Self	Braids	Shadow Offering	INDIFFERENT	4:30	E26X3tageio	MPREb_SAldZPjjHQz	UCxqQUOfUw4wDUXGpniNQUbQ
742	Bonny Light Horseman (feat. Eric D. Johnson, Josh Kaufman & Anaïs Mitchell)	Bonny Light Horseman	Bonny Light Horseman	INDIFFERENT	4:31	W1wbljqESwg	MPREb_KEoWY2BEAx8	UC-O2r7CNfhRuHqgBnGFk5Kg
743	Deep In Love (feat. Eric D. Johnson, Josh Kaufman & Anaïs Mitchell)	Bonny Light Horseman	Bonny Light Horseman	INDIFFERENT	5:10	8-MWB6LrFvc	MPREb_KEoWY2BEAx8	UC-O2r7CNfhRuHqgBnGFk5Kg
744	The Roving (feat. Eric D. Johnson, Josh Kaufman & Anaïs Mitchell)	Bonny Light Horseman	Bonny Light Horseman	INDIFFERENT	4:21	Kli9aeEV2LY	MPREb_KEoWY2BEAx8	UC-O2r7CNfhRuHqgBnGFk5Kg
745	Jane Jane (feat. Eric D. Johnson, Josh Kaufman & Anaïs Mitchell)	Bonny Light Horseman	Bonny Light Horseman	INDIFFERENT	3:07	i2C-0Ub7qFk	MPREb_KEoWY2BEAx8	UC-O2r7CNfhRuHqgBnGFk5Kg
746	Blackwaterside (feat. Eric D. Johnson, Josh Kaufman & Anaïs Mitchell)	Bonny Light Horseman	Bonny Light Horseman	INDIFFERENT	3:26	knHOC3pPJ0s	MPREb_KEoWY2BEAx8	UC-O2r7CNfhRuHqgBnGFk5Kg
747	Magpie's Nest (feat. Eric D. Johnson, Josh Kaufman & Anaïs Mitchell)	Bonny Light Horseman	Bonny Light Horseman	INDIFFERENT	4:59	2yyicMYfdO0	MPREb_KEoWY2BEAx8	UC-O2r7CNfhRuHqgBnGFk5Kg
748	Lowlands (feat. Eric D. Johnson, Josh Kaufman & Anaïs Mitchell)	Bonny Light Horseman	Bonny Light Horseman	INDIFFERENT	3:30	PKZSsUeWCFE	MPREb_KEoWY2BEAx8	UC-O2r7CNfhRuHqgBnGFk5Kg
749	Mountain Rain (feat. Eric D. Johnson, Josh Kaufman & Anaïs Mitchell)	Bonny Light Horseman	Bonny Light Horseman	INDIFFERENT	2:40	URkdb1nftv0	MPREb_KEoWY2BEAx8	UC-O2r7CNfhRuHqgBnGFk5Kg
750	Bright Morning Stars (feat. Justin Vernon, Eric D. Johnson, Josh Kaufman & Anaïs Mitchell)	Bonny Light Horseman	Bonny Light Horseman	INDIFFERENT	2:06	pVKvDp74BhE	MPREb_KEoWY2BEAx8	UC-O2r7CNfhRuHqgBnGFk5Kg
751	10,000 Miles (feat. Eric D. Johnson, Josh Kaufman & Anaïs Mitchell)	Bonny Light Horseman	Bonny Light Horseman	INDIFFERENT	3:05	G2pgcCBKJkA	MPREb_KEoWY2BEAx8	UC-O2r7CNfhRuHqgBnGFk5Kg
667	Medusa	Boldy James & Sterling Toles	Manger on McNichols	INDIFFERENT	3:27	rh5zuw138GI	MPREb_yDTEx4R7IA0	UCnNqCsgAcBASs2eTxrKtSEA
668	Welcome to 76	Boldy James & Sterling Toles	Manger on McNichols	INDIFFERENT	3:57	nXwOOLfDkCM	MPREb_yDTEx4R7IA0	UCnNqCsgAcBASs2eTxrKtSEA
669	Detroit River Rock	Boldy James & Sterling Toles	Manger on McNichols	INDIFFERENT	3:59	RjE7Nc7fqrU	MPREb_yDTEx4R7IA0	UCnNqCsgAcBASs2eTxrKtSEA
670	B.B. Butcher	Boldy James & Sterling Toles	Manger on McNichols	INDIFFERENT	4:18	I9GAuZ-I8Vg	MPREb_yDTEx4R7IA0	UCnNqCsgAcBASs2eTxrKtSEA
671	The Middle of Next Month	Boldy James & Sterling Toles	Manger on McNichols	INDIFFERENT	4:15	xDcX08YQCJs	MPREb_yDTEx4R7IA0	UCnNqCsgAcBASs2eTxrKtSEA
672	The Safe (The Womb)	Boldy James & Sterling Toles	Manger on McNichols	INDIFFERENT	0:53	t29jCdCA9as	MPREb_yDTEx4R7IA0	UCnNqCsgAcBASs2eTxrKtSEA
673	Mommy Dearest (A Eulogy)	Boldy James & Sterling Toles	Manger on McNichols	INDIFFERENT	4:52	RiFiYikmI0E	MPREb_yDTEx4R7IA0	UCnNqCsgAcBASs2eTxrKtSEA
674	Birth of Bold (The Christening)	Boldy James & Sterling Toles	Manger on McNichols	INDIFFERENT	4:58	8rDY7DUfF4o	MPREb_yDTEx4R7IA0	UCnNqCsgAcBASs2eTxrKtSEA
675	Requiem	Boldy James & Sterling Toles	Manger on McNichols	INDIFFERENT	2:49	LBfEb6hcH_A	MPREb_yDTEx4R7IA0	UCnNqCsgAcBASs2eTxrKtSEA
676	Why Are You in Her(E)?	Boldy James & Sterling Toles	Manger on McNichols	INDIFFERENT	1:00	HSjvg0f0ynE	MPREb_yDTEx4R7IA0	UCnNqCsgAcBASs2eTxrKtSEA
677	Got Flicked (The Rebirth)	Boldy James & Sterling Toles	Manger on McNichols	INDIFFERENT	8:32	GqlEHkZSsTU	MPREb_yDTEx4R7IA0	UCnNqCsgAcBASs2eTxrKtSEA
135	Carruth	Boldy James	The Price Of Tea In China	INDIFFERENT	2:14	o08X_upu3yE	MPREb_2MlT6JN5sVi	UC7ZQDHdaFxjgyzY6svVv7Ww
136	Giant Slide	Boldy James	The Price Of Tea In China	INDIFFERENT	4:26	kzH9W_wQMz0	MPREb_2MlT6JN5sVi	UC7ZQDHdaFxjgyzY6svVv7Ww
137	Surf & Turf (feat. Vince Staples)	Boldy James	The Price Of Tea In China	INDIFFERENT	3:44	OE3N5d69z6Q	MPREb_2MlT6JN5sVi	UC7ZQDHdaFxjgyzY6svVv7Ww
138	Run-Ins	Boldy James	The Price Of Tea In China	INDIFFERENT	2:30	blVVraYcESQ	MPREb_2MlT6JN5sVi	UC7ZQDHdaFxjgyzY6svVv7Ww
139	Scrape The Bowl (feat. Benny The Butcher)	Boldy James	The Price Of Tea In China	INDIFFERENT	3:39	GHUT7iIvx9g	MPREb_2MlT6JN5sVi	UC7ZQDHdaFxjgyzY6svVv7Ww
140	Pinto	Boldy James	The Price Of Tea In China	INDIFFERENT	3:18	VOOSSfhGosk	MPREb_2MlT6JN5sVi	UC7ZQDHdaFxjgyzY6svVv7Ww
141	Slow Roll	Boldy James	The Price Of Tea In China	INDIFFERENT	4:11	gIeQKCDL664	MPREb_2MlT6JN5sVi	UC7ZQDHdaFxjgyzY6svVv7Ww
142	S.N.O.R.T. (feat. Freddie Gibbs)	Boldy James	The Price Of Tea In China	INDIFFERENT	3:12	5c59PXIMhEg	MPREb_2MlT6JN5sVi	UC7ZQDHdaFxjgyzY6svVv7Ww
143	Grey October (feat. Evidence)	Boldy James	The Price Of Tea In China	INDIFFERENT	3:38	8iLjh1X7CU0	MPREb_2MlT6JN5sVi	UC7ZQDHdaFxjgyzY6svVv7Ww
144	Mustard	Boldy James	The Price Of Tea In China	INDIFFERENT	1:33	1A0GZcp4uY0	MPREb_2MlT6JN5sVi	UC7ZQDHdaFxjgyzY6svVv7Ww
145	Speed Demon Freestyle	Boldy James	The Price Of Tea In China	INDIFFERENT	2:38	vVFdx0sbliA	MPREb_2MlT6JN5sVi	UC7ZQDHdaFxjgyzY6svVv7Ww
146	Phone Bill	Boldy James	The Price Of Tea In China	INDIFFERENT	3:52	T59Qq_IMX0I	MPREb_2MlT6JN5sVi	UC7ZQDHdaFxjgyzY6svVv7Ww
1288	Total falsch	Bohren & Der Club Of Gore	Patchouli Blue	INDIFFERENT	7:19	nvf0Ym4wSLk	MPREb_rW0vjD8jL2l	UCuaizhGGGx28ehnaIiqYLew
1289	Verwirrung am Strand	Bohren & Der Club Of Gore	Patchouli Blue	INDIFFERENT	5:15	_UO_6iiERiM	MPREb_rW0vjD8jL2l	UCuaizhGGGx28ehnaIiqYLew
1290	Glaub mir kein Wort	Bohren & Der Club Of Gore	Patchouli Blue	INDIFFERENT	5:11	vvImq0viP4Y	MPREb_rW0vjD8jL2l	UCuaizhGGGx28ehnaIiqYLew
1291	Patchouli Blue	Bohren & Der Club Of Gore	Patchouli Blue	INDIFFERENT	9:07	H8DJGd2-Tk4	MPREb_rW0vjD8jL2l	UCuaizhGGGx28ehnaIiqYLew
1292	Deine Kusine	Bohren & Der Club Of Gore	Patchouli Blue	INDIFFERENT	3:15	tFk5vcmcFco	MPREb_rW0vjD8jL2l	UCuaizhGGGx28ehnaIiqYLew
1293	Vergessen & vorbei	Bohren & Der Club Of Gore	Patchouli Blue	INDIFFERENT	5:22	cbXvH0fFqHI	MPREb_rW0vjD8jL2l	UCuaizhGGGx28ehnaIiqYLew
1294	Sollen es doch alle wissen	Bohren & Der Club Of Gore	Patchouli Blue	INDIFFERENT	3:35	ALMWSW0724U	MPREb_rW0vjD8jL2l	UCuaizhGGGx28ehnaIiqYLew
1295	Tief gesunken	Bohren & Der Club Of Gore	Patchouli Blue	INDIFFERENT	4:15	LEFfZDNvX1U	MPREb_rW0vjD8jL2l	UCuaizhGGGx28ehnaIiqYLew
1296	Zwei Herzen aus Gold	Bohren & Der Club Of Gore	Patchouli Blue	INDIFFERENT	3:15	Hwl0G0QFuuo	MPREb_rW0vjD8jL2l	UCuaizhGGGx28ehnaIiqYLew
1297	Sag mir,wie lang	Bohren & Der Club Of Gore	Patchouli Blue	INDIFFERENT	7:40	l28xSCqGVfE	MPREb_rW0vjD8jL2l	UCuaizhGGGx28ehnaIiqYLew
1298	Meine Welt ist schön	Bohren & Der Club Of Gore	Patchouli Blue	INDIFFERENT	5:15	pX3gI60YkCg	MPREb_rW0vjD8jL2l	UCuaizhGGGx28ehnaIiqYLew
919	Heart on My Sleeve	Bob Mould	Blue Hearts	INDIFFERENT	1:59	bkbPhYShiCg	MPREb_kNU8sfq66Tq	UCTgdLKsAbArM0UGAZweju5Q
920	Next Generation	Bob Mould	Blue Hearts	INDIFFERENT	2:21	G75JEUymDqo	MPREb_kNU8sfq66Tq	UCTgdLKsAbArM0UGAZweju5Q
921	American Crisis	Bob Mould	Blue Hearts	INDIFFERENT	2:29	tZnXR4OQaRk	MPREb_kNU8sfq66Tq	UCTgdLKsAbArM0UGAZweju5Q
922	Fireball	Bob Mould	Blue Hearts	INDIFFERENT	1:40	5JnKg2x3MA8	MPREb_kNU8sfq66Tq	UCTgdLKsAbArM0UGAZweju5Q
923	Forecast of Rain	Bob Mould	Blue Hearts	INDIFFERENT	2:27	2JWeDf9loa4	MPREb_kNU8sfq66Tq	UCTgdLKsAbArM0UGAZweju5Q
924	When You Left	Bob Mould	Blue Hearts	INDIFFERENT	2:33	903-HdeLhbA	MPREb_kNU8sfq66Tq	UCTgdLKsAbArM0UGAZweju5Q
925	Siberian Butterfly	Bob Mould	Blue Hearts	INDIFFERENT	2:11	7u0OYsGu4YQ	MPREb_kNU8sfq66Tq	UCTgdLKsAbArM0UGAZweju5Q
926	Everyth!ng to You	Bob Mould	Blue Hearts	INDIFFERENT	2:52	pkTtkWteuuI	MPREb_kNU8sfq66Tq	UCTgdLKsAbArM0UGAZweju5Q
927	Racing to the End	Bob Mould	Blue Hearts	INDIFFERENT	1:52	Hlt7x1RF6Xc	MPREb_kNU8sfq66Tq	UCTgdLKsAbArM0UGAZweju5Q
928	Baby Needs a Cookie	Bob Mould	Blue Hearts	INDIFFERENT	2:58	ge8la_2iAKk	MPREb_kNU8sfq66Tq	UCTgdLKsAbArM0UGAZweju5Q
929	Little Pieces	Bob Mould	Blue Hearts	INDIFFERENT	2:38	umNJVoqQ4Wo	MPREb_kNU8sfq66Tq	UCTgdLKsAbArM0UGAZweju5Q
930	Leather Dreams	Bob Mould	Blue Hearts	INDIFFERENT	2:54	hSW-b8Pgdvs	MPREb_kNU8sfq66Tq	UCTgdLKsAbArM0UGAZweju5Q
931	Password to My Soul	Bob Mould	Blue Hearts	INDIFFERENT	2:55	8BU3bXTrwhY	MPREb_kNU8sfq66Tq	UCTgdLKsAbArM0UGAZweju5Q
932	The Ocean	Bob Mould	Blue Hearts	INDIFFERENT	3:57	melM7wufREc	MPREb_kNU8sfq66Tq	UCTgdLKsAbArM0UGAZweju5Q
585	Echos	Beatriz Ferreyra	Echos+	INDIFFERENT	8:33	E0b-u69xdws	MPREb_qoo4VWFur1e	UCGXjL_SRS_hicJDeVLjtJCQ
586	L'autre ... Ou Le Chant Des Marecages	Beatriz Ferreyra	Echos+	INDIFFERENT	12:35	bQqPFZwuNkY	MPREb_qoo4VWFur1e	UCGXjL_SRS_hicJDeVLjtJCQ
587	L'autre Rive	Beatriz Ferreyra	Echos+	INDIFFERENT	17:25	kl-GZ3a6ifk	MPREb_qoo4VWFur1e	UCGXjL_SRS_hicJDeVLjtJCQ
566	I'm Not Your Dog	Baxter Dury	The Night Chancers	INDIFFERENT	2:59	KgIXR-fSnxc	MPREb_jEksJzVK4CP	UC1c_Cy2qSPfODzKf8Iv2MEQ
567	Slumlord	Baxter Dury	The Night Chancers	INDIFFERENT	3:25	8i4Mj9oBC48	MPREb_jEksJzVK4CP	UC1c_Cy2qSPfODzKf8Iv2MEQ
568	Saliva Hog	Baxter Dury	The Night Chancers	INDIFFERENT	3:07	etGho9Lmcw0	MPREb_jEksJzVK4CP	UC1c_Cy2qSPfODzKf8Iv2MEQ
569	Samurai	Baxter Dury	The Night Chancers	INDIFFERENT	3:23	vkfXbO_xejQ	MPREb_jEksJzVK4CP	UC1c_Cy2qSPfODzKf8Iv2MEQ
570	Sleep People	Baxter Dury	The Night Chancers	INDIFFERENT	2:56	9fwW6VNIljE	MPREb_jEksJzVK4CP	UC1c_Cy2qSPfODzKf8Iv2MEQ
571	Carla's Got A Boyfriend	Baxter Dury	The Night Chancers	INDIFFERENT	3:48	yOlU2jycEvs	MPREb_jEksJzVK4CP	UC1c_Cy2qSPfODzKf8Iv2MEQ
572	The Night Chancers	Baxter Dury	The Night Chancers	INDIFFERENT	3:05	6HIQmI0xKJI	MPREb_jEksJzVK4CP	UC1c_Cy2qSPfODzKf8Iv2MEQ
573	Hello, I'm Sorry	Baxter Dury	The Night Chancers	INDIFFERENT	2:22	vFVhumVYpVk	MPREb_jEksJzVK4CP	UC1c_Cy2qSPfODzKf8Iv2MEQ
574	Daylight	Baxter Dury	The Night Chancers	INDIFFERENT	2:43	E8siksri35c	MPREb_jEksJzVK4CP	UC1c_Cy2qSPfODzKf8Iv2MEQ
575	Say Nothing	Baxter Dury	The Night Chancers	INDIFFERENT	2:46	an7HlTfq1HQ	MPREb_jEksJzVK4CP	UC1c_Cy2qSPfODzKf8Iv2MEQ
357	I Only Drink When I'm Drunk	BC Camplight	Shortly After Takeoff	INDIFFERENT	3:44	CcEn_DWe9Hk	MPREb_wTa0IrWI7JA	UCeN5nAojVeMxevxU6W1Df8g
358	Ghosthunting	BC Camplight	Shortly After Takeoff	INDIFFERENT	5:33	t5zGLkE7-o4	MPREb_wTa0IrWI7JA	UCeN5nAojVeMxevxU6W1Df8g
359	Back To Work	BC Camplight	Shortly After Takeoff	INDIFFERENT	4:11	ebVrUXostVg	MPREb_wTa0IrWI7JA	UCeN5nAojVeMxevxU6W1Df8g
360	Cemetery Lifestyle	BC Camplight	Shortly After Takeoff	INDIFFERENT	3:43	cL9DswAcO88	MPREb_wTa0IrWI7JA	UCeN5nAojVeMxevxU6W1Df8g
361	I Want To Be In The Mafia	BC Camplight	Shortly After Takeoff	INDIFFERENT	4:37	D97HZztWpPY	MPREb_wTa0IrWI7JA	UCeN5nAojVeMxevxU6W1Df8g
362	Shortly After Takeoff	BC Camplight	Shortly After Takeoff	INDIFFERENT	3:32	kQB6MerksDQ	MPREb_wTa0IrWI7JA	UCeN5nAojVeMxevxU6W1Df8g
363	Arm Around Your Sadness	BC Camplight	Shortly After Takeoff	INDIFFERENT	3:35	ZK_y9LEJBUs	MPREb_wTa0IrWI7JA	UCeN5nAojVeMxevxU6W1Df8g
364	Born To Cruise	BC Camplight	Shortly After Takeoff	INDIFFERENT	3:35	2uXQCAhZbhc	MPREb_wTa0IrWI7JA	UCeN5nAojVeMxevxU6W1Df8g
365	Angelo	BC Camplight	Shortly After Takeoff	INDIFFERENT	1:32	Vmmr6LV8Ln0	MPREb_wTa0IrWI7JA	UCeN5nAojVeMxevxU6W1Df8g
653	Bitter Cassava (feat. Pink Siifu)	Armand Hammer	Shrines	INDIFFERENT	2:57	d9mSLdvp508	MPREb_J68IXA1IqCO	UCi0ISyXPM4EEnCJ_xTNYh0w
654	Solarium	Armand Hammer	Shrines	INDIFFERENT	1:33	UhPvpEXFDJ0	MPREb_J68IXA1IqCO	UCi0ISyXPM4EEnCJ_xTNYh0w
655	Charms (feat. KeiyaA)	Armand Hammer	Shrines	INDIFFERENT	2:38	rpi9VebX0vU	MPREb_J68IXA1IqCO	UCi0ISyXPM4EEnCJ_xTNYh0w
656	Pommelhorse (feat. Curly Castro)	Armand Hammer	Shrines	INDIFFERENT	3:34	2BGZkI3EAt8	MPREb_J68IXA1IqCO	UCi0ISyXPM4EEnCJ_xTNYh0w
657	Leopards (feat. Nosaj)	Armand Hammer	Shrines	INDIFFERENT	3:03	X7JyZ4vn9CE	MPREb_J68IXA1IqCO	UCi0ISyXPM4EEnCJ_xTNYh0w
658	King Tubby	Armand Hammer	Shrines	INDIFFERENT	3:26	wZinON5lCOo	MPREb_J68IXA1IqCO	UCi0ISyXPM4EEnCJ_xTNYh0w
659	Frida (feat. Quelle Chris & Fielded)	Armand Hammer	Shrines	INDIFFERENT	4:12	djZXso_nurs	MPREb_J68IXA1IqCO	UCi0ISyXPM4EEnCJ_xTNYh0w
660	Slew Foot	Armand Hammer	Shrines	INDIFFERENT	3:20	qkcFY-jIpJE	MPREb_J68IXA1IqCO	UCi0ISyXPM4EEnCJ_xTNYh0w
661	War Stories	Armand Hammer	Shrines	INDIFFERENT	3:07	gvL0d3Vx33w	MPREb_J68IXA1IqCO	UCi0ISyXPM4EEnCJ_xTNYh0w
662	Flavor Flav	Armand Hammer	Shrines	INDIFFERENT	2:46	PVmzksuGw5c	MPREb_J68IXA1IqCO	UCi0ISyXPM4EEnCJ_xTNYh0w
663	Dead Cars (feat. R.A.P. Ferreira)	Armand Hammer	Shrines	INDIFFERENT	3:33	7UVx9cDF8ew	MPREb_J68IXA1IqCO	UCi0ISyXPM4EEnCJ_xTNYh0w
664	Parables (feat. Akai Solo)	Armand Hammer	Shrines	INDIFFERENT	3:19	OimrenoJbp8	MPREb_J68IXA1IqCO	UCi0ISyXPM4EEnCJ_xTNYh0w
665	Ramesses II (feat. Earl Sweatshirt, Moor Mother & Fielded)	Armand Hammer	Shrines	INDIFFERENT	4:12	j3j4gIgFrx0	MPREb_J68IXA1IqCO	UCi0ISyXPM4EEnCJ_xTNYh0w
666	The Eucharist	Armand Hammer	Shrines	INDIFFERENT	1:47	54TPfvKcw4g	MPREb_J68IXA1IqCO	UCi0ISyXPM4EEnCJ_xTNYh0w
892	shut up	Ariana Grande	Positions	INDIFFERENT	2:38	_n3whzsfKUA	MPREb_l2GaeT4N6Dw	UC0076UMUgEng8HORUw_MYHA
893	34+35	Ariana Grande	Positions	INDIFFERENT	2:54	NplFevPlYDI	MPREb_l2GaeT4N6Dw	UC0076UMUgEng8HORUw_MYHA
894	motive	Ariana Grande	Positions	INDIFFERENT	2:48	8Vb0AhxaIwI	MPREb_l2GaeT4N6Dw	UC0076UMUgEng8HORUw_MYHA
895	just like magic	Ariana Grande	Positions	INDIFFERENT	2:30	2OqwZbGagvw	MPREb_l2GaeT4N6Dw	UC0076UMUgEng8HORUw_MYHA
896	off the table	Ariana Grande	Positions	INDIFFERENT	4:00	XrcLojUHRIM	MPREb_l2GaeT4N6Dw	UC0076UMUgEng8HORUw_MYHA
897	six thirty	Ariana Grande	Positions	INDIFFERENT	3:04	9-Yn2Fa2zjg	MPREb_l2GaeT4N6Dw	UC0076UMUgEng8HORUw_MYHA
898	safety net (feat. Ty Dolla $ign)	Ariana Grande	Positions	INDIFFERENT	3:29	KpnHqYIOf8g	MPREb_l2GaeT4N6Dw	UC0076UMUgEng8HORUw_MYHA
899	my hair	Ariana Grande	Positions	INDIFFERENT	2:39	Y5Jrk4TXioE	MPREb_l2GaeT4N6Dw	UC0076UMUgEng8HORUw_MYHA
900	nasty	Ariana Grande	Positions	INDIFFERENT	3:21	EKajhntvaZA	MPREb_l2GaeT4N6Dw	UC0076UMUgEng8HORUw_MYHA
901	west side	Ariana Grande	Positions	INDIFFERENT	2:13	ulK0WnUVUnU	MPREb_l2GaeT4N6Dw	UC0076UMUgEng8HORUw_MYHA
902	love language	Ariana Grande	Positions	INDIFFERENT	3:00	A6a35LdbyaY	MPREb_l2GaeT4N6Dw	UC0076UMUgEng8HORUw_MYHA
903	positions	Ariana Grande	Positions	INDIFFERENT	2:53	lzlg0e7MvYI	MPREb_l2GaeT4N6Dw	UC0076UMUgEng8HORUw_MYHA
904	obvious	Ariana Grande	Positions	INDIFFERENT	2:27	P9cTv527-Wk	MPREb_l2GaeT4N6Dw	UC0076UMUgEng8HORUw_MYHA
905	pov	Ariana Grande	Positions	INDIFFERENT	3:22	y-C5cM_0KVE	MPREb_l2GaeT4N6Dw	UC0076UMUgEng8HORUw_MYHA
906	In Heaven	Annie	Dark Hearts	INDIFFERENT	3:42	7QrKQLtwDjA	MPREb_CkzLUwBz94d	UC9Zogvastm1vffbcRKt8K5g
907	The Streets Where I Belong	Annie	Dark Hearts	INDIFFERENT	4:11	EDo5k7EOyS4	MPREb_CkzLUwBz94d	UC9Zogvastm1vffbcRKt8K5g
908	Dark Hearts	Annie	Dark Hearts	INDIFFERENT	3:59	AAICjAYOojc	MPREb_CkzLUwBz94d	UC9Zogvastm1vffbcRKt8K5g
909	Miracle Mile	Annie	Dark Hearts	INDIFFERENT	5:08	e1_8_7PIfrc	MPREb_CkzLUwBz94d	UC9Zogvastm1vffbcRKt8K5g
910	Corridors of Time	Annie	Dark Hearts	INDIFFERENT	4:33	qbf0l19H2Oc	MPREb_CkzLUwBz94d	UC9Zogvastm1vffbcRKt8K5g
911	Forever ‘92	Annie	Dark Hearts	INDIFFERENT	4:07	ogvsBzUMWyw	MPREb_CkzLUwBz94d	UC9Zogvastm1vffbcRKt8K5g
912	American Cars	Annie	Dark Hearts	INDIFFERENT	3:47	e71GO2w_n5g	MPREb_CkzLUwBz94d	UC9Zogvastm1vffbcRKt8K5g
913	Mermaid Dreams	Annie	Dark Hearts	INDIFFERENT	4:58	Stg3Mhpkpq4	MPREb_CkzLUwBz94d	UC9Zogvastm1vffbcRKt8K5g
914	Stay Tomorrow	Annie	Dark Hearts	INDIFFERENT	4:06	qlZKwp-Mkfw	MPREb_CkzLUwBz94d	UC9Zogvastm1vffbcRKt8K5g
915	The Countdown to the End of the World	Annie	Dark Hearts	INDIFFERENT	3:09	82gpaCs4_pk	MPREb_CkzLUwBz94d	UC9Zogvastm1vffbcRKt8K5g
916	The Bomb	Annie	Dark Hearts	INDIFFERENT	4:02	nLvVYOjhmTM	MPREb_CkzLUwBz94d	UC9Zogvastm1vffbcRKt8K5g
917	The Untold Story	Annie	Dark Hearts	INDIFFERENT	5:18	4rHYkc2eJV8	MPREb_CkzLUwBz94d	UC9Zogvastm1vffbcRKt8K5g
918	It’s Finally Over	Annie	Dark Hearts	INDIFFERENT	3:14	LK6tVRut8Rg	MPREb_CkzLUwBz94d	UC9Zogvastm1vffbcRKt8K5g
302	All Thoughts Fly	Anna von Hausswolff	All Thoughts Fly	INDIFFERENT	12:24	sAk8mAI5KD0	MPREb_Xy3sicjvmWt	UC8Bo97y1WAkq6s1L07m8UPQ
388	Neon Skyline	Andy Shauf	The Neon Skyline	INDIFFERENT	3:39	juYQRBMMcUA	MPREb_epNSgQXXM2f	UCp3eGVEfpk2hyFvM2lVRuYA
389	Where Are You Judy	Andy Shauf	The Neon Skyline	INDIFFERENT	3:22	RqrGL2gcT2s	MPREb_epNSgQXXM2f	UCp3eGVEfpk2hyFvM2lVRuYA
390	Clove Cigarette	Andy Shauf	The Neon Skyline	INDIFFERENT	2:56	IHRdkQcBeeA	MPREb_epNSgQXXM2f	UCp3eGVEfpk2hyFvM2lVRuYA
391	Thirteen Hours	Andy Shauf	The Neon Skyline	INDIFFERENT	2:59	kSef2mM09WU	MPREb_epNSgQXXM2f	UCp3eGVEfpk2hyFvM2lVRuYA
392	Things I Do	Andy Shauf	The Neon Skyline	INDIFFERENT	2:28	_PqvA6ri9Ps	MPREb_epNSgQXXM2f	UCp3eGVEfpk2hyFvM2lVRuYA
393	Living Room	Andy Shauf	The Neon Skyline	INDIFFERENT	3:06	ua0_KLEB7hI	MPREb_epNSgQXXM2f	UCp3eGVEfpk2hyFvM2lVRuYA
394	Dust Kids	Andy Shauf	The Neon Skyline	INDIFFERENT	2:41	EIW4Lyt5p8I	MPREb_epNSgQXXM2f	UCp3eGVEfpk2hyFvM2lVRuYA
395	The Moon	Andy Shauf	The Neon Skyline	INDIFFERENT	3:37	C954Fzz5UQA	MPREb_epNSgQXXM2f	UCp3eGVEfpk2hyFvM2lVRuYA
396	Try Again	Andy Shauf	The Neon Skyline	INDIFFERENT	3:49	KFJWX4REnf4	MPREb_epNSgQXXM2f	UCp3eGVEfpk2hyFvM2lVRuYA
397	Fire Truck	Andy Shauf	The Neon Skyline	INDIFFERENT	3:22	4MRv8ICz-sY	MPREb_epNSgQXXM2f	UCp3eGVEfpk2hyFvM2lVRuYA
398	Changer	Andy Shauf	The Neon Skyline	INDIFFERENT	3:02	_wmHFrQnMFc	MPREb_epNSgQXXM2f	UCp3eGVEfpk2hyFvM2lVRuYA
102	Untitled	Ana Roxanne	Because of a Flower	INDIFFERENT	0:51	ECOSXfVNAZA	MPREb_CKPFB5bG7Ez	UC4aFbRaJCyMi7M7_hjUjAIw
103	A Study in Vastness	Ana Roxanne	Because of a Flower	INDIFFERENT	6:50	yvqHzdk8ZLc	MPREb_CKPFB5bG7Ez	UC4aFbRaJCyMi7M7_hjUjAIw
104	Suite Pour L'invisible	Ana Roxanne	Because of a Flower	INDIFFERENT	7:02	YgdxguO_ojg	MPREb_CKPFB5bG7Ez	UC4aFbRaJCyMi7M7_hjUjAIw
105	- - -	Ana Roxanne	Because of a Flower	INDIFFERENT	5:15	_YoUUKjFNGI	MPREb_CKPFB5bG7Ez	UC4aFbRaJCyMi7M7_hjUjAIw
106	Camille	Ana Roxanne	Because of a Flower	INDIFFERENT	5:05	gWgKLv8M-xQ	MPREb_CKPFB5bG7Ez	UC4aFbRaJCyMi7M7_hjUjAIw
107	Venus	Ana Roxanne	Because of a Flower	INDIFFERENT	7:58	UwnI489BDlA	MPREb_CKPFB5bG7Ez	UC4aFbRaJCyMi7M7_hjUjAIw
108	Take the Thorn, Leave the Rose	Ana Roxanne	Because of a Flower	INDIFFERENT	6:04	eg2Fwcj8oQs	MPREb_CKPFB5bG7Ez	UC4aFbRaJCyMi7M7_hjUjAIw
614	Tide of Hyacinth	Ambrose Akinmusire	on the tender spot of every calloused moment	INDIFFERENT	8:20	Xopajw-oNnE	MPREb_Z7FL0ejBCEp	UCU1KWuQaxN55Zw8e7NVh69w
615	Yessss	Ambrose Akinmusire	on the tender spot of every calloused moment	INDIFFERENT	5:45	n5G5FqwPlbg	MPREb_Z7FL0ejBCEp	UCU1KWuQaxN55Zw8e7NVh69w
616	Cynical sideliners	Ambrose Akinmusire	on the tender spot of every calloused moment	INDIFFERENT	2:22	BsYbUAMDkHY	MPREb_Z7FL0ejBCEp	UCU1KWuQaxN55Zw8e7NVh69w
617	Mr. Roscoe (consider the simultaneous)	Ambrose Akinmusire	on the tender spot of every calloused moment	INDIFFERENT	5:58	_T9EvoMu4no	MPREb_Z7FL0ejBCEp	UCU1KWuQaxN55Zw8e7NVh69w
618	An Interlude (that get' more intense)	Ambrose Akinmusire	on the tender spot of every calloused moment	INDIFFERENT	6:39	cgQ3Srq6_FE	MPREb_Z7FL0ejBCEp	UCU1KWuQaxN55Zw8e7NVh69w
619	reset (quiet victories&celebrated defeats)	Ambrose Akinmusire	on the tender spot of every calloused moment	INDIFFERENT	3:26	8LE0y7Ep3UQ	MPREb_Z7FL0ejBCEp	UCU1KWuQaxN55Zw8e7NVh69w
620	Moon (the return amplifies the unity)	Ambrose Akinmusire	on the tender spot of every calloused moment	INDIFFERENT	3:45	FDr58xAB_D0	MPREb_Z7FL0ejBCEp	UCU1KWuQaxN55Zw8e7NVh69w
621	4623	Ambrose Akinmusire	on the tender spot of every calloused moment	INDIFFERENT	0:32	frxxYKPOwDc	MPREb_Z7FL0ejBCEp	UCU1KWuQaxN55Zw8e7NVh69w
622	Roy	Ambrose Akinmusire	on the tender spot of every calloused moment	INDIFFERENT	2:41	eLaXf37W0sc	MPREb_Z7FL0ejBCEp	UCU1KWuQaxN55Zw8e7NVh69w
623	Blues (We measure the heart with a fist)	Ambrose Akinmusire	on the tender spot of every calloused moment	INDIFFERENT	5:30	6OgatmO2bOc	MPREb_Z7FL0ejBCEp	UCU1KWuQaxN55Zw8e7NVh69w
624	Hooded procession (read the names outloud)	Ambrose Akinmusire	on the tender spot of every calloused moment	INDIFFERENT	3:19	aWF0AMnBza4	MPREb_Z7FL0ejBCEp	UCU1KWuQaxN55Zw8e7NVh69w
1213	Somniloquy	Akhlys	Melinoë	INDIFFERENT	8:38	Xchh5-PkTR0	MPREb_2zOhozYqhB0	UCbmAHdm1IBbwDaPwsC22-fA
1214	Pnigalion	Akhlys	Melinoë	INDIFFERENT	12:43	OoQYjHrm7H0	MPREb_2zOhozYqhB0	UCbmAHdm1IBbwDaPwsC22-fA
1215	Succubare	Akhlys	Melinoë	INDIFFERENT	6:19	dfSWqdgrxMo	MPREb_2zOhozYqhB0	UCbmAHdm1IBbwDaPwsC22-fA
1216	Ephialtes	Akhlys	Melinoë	INDIFFERENT	8:29	HOLKWacFw4Q	MPREb_2zOhozYqhB0	UCbmAHdm1IBbwDaPwsC22-fA
1217	Incubatio	Akhlys	Melinoë	INDIFFERENT	9:58	1WAOCHTrD7M	MPREb_2zOhozYqhB0	UCbmAHdm1IBbwDaPwsC22-fA
1490	Camera's Rolling	Agnes Obel	Myopia	INDIFFERENT	4:44	jYUOUqZoAz4	MPREb_toC2vv7XDnI	UCaHeZtCBP3Jh8v1cSq6siNw
1491	Broken Sleep	Agnes Obel	Myopia	INDIFFERENT	4:56	EjORp6iIUro	MPREb_toC2vv7XDnI	UCaHeZtCBP3Jh8v1cSq6siNw
1492	Island of Doom	Agnes Obel	Myopia	INDIFFERENT	5:30	YRd0_p3r5ig	MPREb_toC2vv7XDnI	UCaHeZtCBP3Jh8v1cSq6siNw
1493	Roscian	Agnes Obel	Myopia	INDIFFERENT	2:18	YBK62Gaot7k	MPREb_toC2vv7XDnI	UCaHeZtCBP3Jh8v1cSq6siNw
1494	Myopia	Agnes Obel	Myopia	INDIFFERENT	5:17	Mav1oiRSByc	MPREb_toC2vv7XDnI	UCaHeZtCBP3Jh8v1cSq6siNw
1495	Drosera	Agnes Obel	Myopia	INDIFFERENT	2:28	D3HbohY5F3c	MPREb_toC2vv7XDnI	UCaHeZtCBP3Jh8v1cSq6siNw
1496	Can't Be	Agnes Obel	Myopia	INDIFFERENT	3:27	3NWV_fa9tS0	MPREb_toC2vv7XDnI	UCaHeZtCBP3Jh8v1cSq6siNw
1497	Parliament Of Owls	Agnes Obel	Myopia	INDIFFERENT	2:30	_KFx5BJ2z7Y	MPREb_toC2vv7XDnI	UCaHeZtCBP3Jh8v1cSq6siNw
1498	Promise Keeper	Agnes Obel	Myopia	INDIFFERENT	4:30	2q_zl6X23vM	MPREb_toC2vv7XDnI	UCaHeZtCBP3Jh8v1cSq6siNw
1499	Won't You Call Me	Agnes Obel	Myopia	INDIFFERENT	4:17	qNn_o_itlcs	MPREb_toC2vv7XDnI	UCaHeZtCBP3Jh8v1cSq6siNw
1249	money machine (A.G. Cook Remix)	100 gecs	1000 gecs and The Tree of Clues	INDIFFERENT	3:13	7J0YKWKMfmE	MPREb_a81emlZHOH8	UCyGv29emV8sGWSCle5-atLA
1250	ringtone (Remix) (feat. Charli xcx, Rico Nasty & Kero Kero Bonito)	100 gecs	1000 gecs and The Tree of Clues	INDIFFERENT	3:35	Ke9DSq-rJJQ	MPREb_a81emlZHOH8	UCyGv29emV8sGWSCle5-atLA
1251	745 sticky (Injury Reserve Remix)	100 gecs	1000 gecs and The Tree of Clues	INDIFFERENT	3:33	gRZxZYfkprc	MPREb_a81emlZHOH8	UCyGv29emV8sGWSCle5-atLA
1252	gec 2 Ü (Danny L Harle Harlecore Remix)	100 gecs	1000 gecs and The Tree of Clues	INDIFFERENT	2:29	vqiuWU2DM90	MPREb_a81emlZHOH8	UCyGv29emV8sGWSCle5-atLA
1253	hand crushed by a mallet (Remix) (feat. Fall Out Boy, Craig Owens & Nicole Dollanganger)	100 gecs	1000 gecs and The Tree of Clues	INDIFFERENT	2:56	K6NZef1pKm4	MPREb_a81emlZHOH8	UCyGv29emV8sGWSCle5-atLA
1254	800db cloud (Ricco Harver Remix)	100 gecs	1000 gecs and The Tree of Clues	INDIFFERENT	1:44	9qFg9OsjPx8	MPREb_a81emlZHOH8	UCyGv29emV8sGWSCle5-atLA
1255	stupid horse (Remix) (feat. Count Baldor & GFOTY)	100 gecs	1000 gecs and The Tree of Clues	INDIFFERENT	2:13	ATPNR4lTv_w	MPREb_a81emlZHOH8	UCyGv29emV8sGWSCle5-atLA
1256	ringtone (umru Remix)	100 gecs	1000 gecs and The Tree of Clues	INDIFFERENT	3:46	hRjLXtw9LvE	MPREb_a81emlZHOH8	UCyGv29emV8sGWSCle5-atLA
1257	xXXi_wud_nvrstøp_ÜXXx (Remix) (feat. Hannah Diamond & Tommy Cash)	100 gecs	1000 gecs and The Tree of Clues	INDIFFERENT	4:32	n387OH0tN-o	MPREb_a81emlZHOH8	UCyGv29emV8sGWSCle5-atLA
1258	745 sticky (Black Dresses Remix)	100 gecs	1000 gecs and The Tree of Clues	INDIFFERENT	2:52	O1kTTOdHgC4	MPREb_a81emlZHOH8	UCyGv29emV8sGWSCle5-atLA
1259	gecgecgec (Remix) (feat. Lil West & Tony Velour)	100 gecs	1000 gecs and The Tree of Clues	INDIFFERENT	2:09	sLBFdZ3RzjA	MPREb_a81emlZHOH8	UCyGv29emV8sGWSCle5-atLA
1260	xXXi_wud_nvrstøp_ÜXXx (99jakes Remix)	100 gecs	1000 gecs and The Tree of Clues	INDIFFERENT	3:22	wHeSBn1cZXM	MPREb_a81emlZHOH8	UCyGv29emV8sGWSCle5-atLA
1261	gec 2 Ü (Remix) (feat. Dorian Electra)	100 gecs	1000 gecs and The Tree of Clues	INDIFFERENT	2:47	XRphbLoIdbQ	MPREb_a81emlZHOH8	UCyGv29emV8sGWSCle5-atLA
1262	hand crushed by a mallet (N0thanky0u Remix)	100 gecs	1000 gecs and The Tree of Clues	INDIFFERENT	2:41	4otZsZ0IwVE	MPREb_a81emlZHOH8	UCyGv29emV8sGWSCle5-atLA
1263	came to my show (intro)	100 gecs	1000 gecs and The Tree of Clues	INDIFFERENT	0:34	ZtesEQ74Tik	MPREb_a81emlZHOH8	UCyGv29emV8sGWSCle5-atLA
1264	came to my show	100 gecs	1000 gecs and The Tree of Clues	INDIFFERENT	2:21	fSPqew6s6PA	MPREb_a81emlZHOH8	UCyGv29emV8sGWSCle5-atLA
1265	toothless	100 gecs	1000 gecs and The Tree of Clues	INDIFFERENT	2:38	B_6PePE_9nE	MPREb_a81emlZHOH8	UCyGv29emV8sGWSCle5-atLA
1266	small pipe (live at fishcenter)	100 gecs	1000 gecs and The Tree of Clues	INDIFFERENT	1:20	UoKqVWPOb2k	MPREb_a81emlZHOH8	UCyGv29emV8sGWSCle5-atLA
1267	800db cloud (live at fishcenter)	100 gecs	1000 gecs and The Tree of Clues	INDIFFERENT	2:44	fvFshQ0F49Y	MPREb_a81emlZHOH8	UCyGv29emV8sGWSCle5-atLA
968	Allah Sent Me	Westside Gunn	Pray for Paris		3:33	uUMNB0KZ-xU		
1152	帆衣 - Horo	Ichiko Aoba	Windswept Adan		1:59	geUE8fWNEs8		
1155	霧鳴島 - Kirinaki Shima	Ichiko Aoba	Windswept Adan		1:28	dPw7WazNWQY		
1158	血の風 - Chi no Kaze	Ichiko Aoba	Windswept Adan		3:48	lVoJzwFHf-0		
1162	アダンの島の誕生祭 - Adan no Shima no Tanjyosai	Ichiko Aoba	Windswept Adan		6:08	z1zlUIs4VMs		
