	title	artist	album	likeStatus	duration	videoId	albumId	artistId
0	The Background	Third Eye Blind	Third Eye Blind	INDIFFERENT	4:57	tbb8ayzTqjA	MPREb_U4IU2tONKDR	UCBgOvSeegP11m_MIZab9oMg
1	Motorcycle Drive By	Third Eye Blind	Third Eye Blind	INDIFFERENT	4:23	tjtRbO1GCQU	MPREb_U4IU2tONKDR	UCBgOvSeegP11m_MIZab9oMg
2	God of Wine	Third Eye Blind	Third Eye Blind	INDIFFERENT	5:18	H0H5uFDDi3c	MPREb_U4IU2tONKDR	UCBgOvSeegP11m_MIZab9oMg
3	Intro	Alt-J	This Is All Yours	INDIFFERENT	4:38	Sl9kLOie_-s	MPREb_AxizdsNIzNI	UCyzh4EnNuEO3Jk_mlXJCIag
4	Arrival In Nara	Alt-J	This Is All Yours	INDIFFERENT	4:13	EiF7EHgJOgg	MPREb_AxizdsNIzNI	UCyzh4EnNuEO3Jk_mlXJCIag
5	Nara	Alt-J	This Is All Yours	INDIFFERENT	4:56	VcOkFGUXvlg	MPREb_AxizdsNIzNI	UCyzh4EnNuEO3Jk_mlXJCIag
6	Every Other Freckle	Alt-J	This Is All Yours	INDIFFERENT	3:36	nFpony4SvZ8	MPREb_AxizdsNIzNI	UCyzh4EnNuEO3Jk_mlXJCIag
7	Left Hand Free	Alt-J	This Is All Yours	INDIFFERENT	2:53	vGIAO5Uz1Us	MPREb_AxizdsNIzNI	UCyzh4EnNuEO3Jk_mlXJCIag
8	Garden Of England - Interlude	Alt-J	This Is All Yours	INDIFFERENT	1:07	Jp3Ph_Nkp2o	MPREb_AxizdsNIzNI	UCyzh4EnNuEO3Jk_mlXJCIag
9	Choice Kingdom	Alt-J	This Is All Yours	LIKE	4:17	2RsGW0qwgqQ	MPREb_AxizdsNIzNI	UCyzh4EnNuEO3Jk_mlXJCIag
10	Hunger Of The Pine	Alt-J	This Is All Yours	INDIFFERENT	4:59	ZRX_fUZ5GCY	MPREb_AxizdsNIzNI	UCyzh4EnNuEO3Jk_mlXJCIag
11	Warm Foothills	Alt-J	This Is All Yours	INDIFFERENT	3:45	rqonFckPGRg	MPREb_AxizdsNIzNI	UCyzh4EnNuEO3Jk_mlXJCIag
12	The Gospel of John Hurt	Alt-J	This Is All Yours	INDIFFERENT	5:15	Wh2sfsOcI-s	MPREb_AxizdsNIzNI	UCyzh4EnNuEO3Jk_mlXJCIag
13	Pusher	Alt-J	This Is All Yours	INDIFFERENT	3:29	ByrJUpdvyB4	MPREb_AxizdsNIzNI	UCyzh4EnNuEO3Jk_mlXJCIag
14	Bloodflood pt. II	Alt-J	This Is All Yours	INDIFFERENT	5:19	ywcKto-EBRc	MPREb_AxizdsNIzNI	UCyzh4EnNuEO3Jk_mlXJCIag
15	Leaving Nara	Alt-J	This Is All Yours	INDIFFERENT	3:00	VxBn9F9bRxY	MPREb_AxizdsNIzNI	UCyzh4EnNuEO3Jk_mlXJCIag
16	Lovely Day (Bonus Track)	Alt-J	This Is All Yours	INDIFFERENT	4:01	HGP93-5N72I	MPREb_AxizdsNIzNI	UCyzh4EnNuEO3Jk_mlXJCIag
17	Dance Yrself Clean	LCD Soundsystem	This Is Happening	LIKE	8:56	9ZNkPA_zUd4	MPREb_t8J0bo9v0ij	UCdsmJG8eFcr6Lxgau8E7afg
18	Drunk Girls	LCD Soundsystem	This Is Happening	INDIFFERENT	3:42	h0fw6WbzU7E	MPREb_t8J0bo9v0ij	UCdsmJG8eFcr6Lxgau8E7afg
19	You Wanted A Hit	LCD Soundsystem	This Is Happening	LIKE	9:06	kyxNluCh3TQ	MPREb_t8J0bo9v0ij	UCdsmJG8eFcr6Lxgau8E7afg
20	Pow Pow	LCD Soundsystem	This Is Happening	INDIFFERENT	8:23	hzzQ7hXQ7qk	MPREb_t8J0bo9v0ij	UCdsmJG8eFcr6Lxgau8E7afg
21	Somebody's Calling Me	LCD Soundsystem	This Is Happening	INDIFFERENT	6:53	-jDlmw8V-zE	MPREb_t8J0bo9v0ij	UCdsmJG8eFcr6Lxgau8E7afg
22	Home	LCD Soundsystem	This Is Happening	LIKE	7:53	ETDCbQUYiAQ	MPREb_t8J0bo9v0ij	UCdsmJG8eFcr6Lxgau8E7afg
23	My Old Man	Mac DeMarco	This Old Dog	LIKE	3:42	NbngFp3FJSQ	MPREb_yqW8Fq7FHrp	UCs95LJSHhdVhYQLvqsZqp_A
24	This Old Dog	Mac DeMarco	This Old Dog	LIKE	2:31	egINTUn5Pug	MPREb_yqW8Fq7FHrp	UCs95LJSHhdVhYQLvqsZqp_A
25	Baby You're Out	Mac DeMarco	This Old Dog	LIKE	2:38	Oh-tvbCB62U	MPREb_yqW8Fq7FHrp	UCs95LJSHhdVhYQLvqsZqp_A
26	For the First Time	Mac DeMarco	This Old Dog	LIKE	3:03	cZCm_i6YvAk	MPREb_yqW8Fq7FHrp	UCs95LJSHhdVhYQLvqsZqp_A
27	One Another	Mac DeMarco	This Old Dog	LIKE	2:47	q2uXeS1luT4	MPREb_yqW8Fq7FHrp	UCs95LJSHhdVhYQLvqsZqp_A
28	Still Beating	Mac DeMarco	This Old Dog	LIKE	3:02	Z1zPvvh3KxU	MPREb_yqW8Fq7FHrp	UCs95LJSHhdVhYQLvqsZqp_A
29	Sister	Mac DeMarco	This Old Dog	INDIFFERENT	1:19	IlyoBA7E910	MPREb_yqW8Fq7FHrp	UCs95LJSHhdVhYQLvqsZqp_A
30	Dreams from Yesterday	Mac DeMarco	This Old Dog	LIKE	3:28	uci501SHsfE	MPREb_yqW8Fq7FHrp	UCs95LJSHhdVhYQLvqsZqp_A
31	A Wolf Who Wears Sheeps Clothes	Mac DeMarco	This Old Dog	INDIFFERENT	2:50	cc0QKce5_dk	MPREb_yqW8Fq7FHrp	UCs95LJSHhdVhYQLvqsZqp_A
32	One More Love Song	Mac DeMarco	This Old Dog	LIKE	4:02	eMztEjtPm4o	MPREb_yqW8Fq7FHrp	UCs95LJSHhdVhYQLvqsZqp_A
33	On the Level	Mac DeMarco	This Old Dog	INDIFFERENT	3:48	WOV3c0t-Mwk	MPREb_yqW8Fq7FHrp	UCs95LJSHhdVhYQLvqsZqp_A
34	Moonlight on the River	Mac DeMarco	This Old Dog	LIKE	7:03	1VYbKamjB-4	MPREb_yqW8Fq7FHrp	UCs95LJSHhdVhYQLvqsZqp_A
35	Watching Him Fade Away	Mac DeMarco	This Old Dog	INDIFFERENT	2:24	x8cFcSq4EIs	MPREb_yqW8Fq7FHrp	UCs95LJSHhdVhYQLvqsZqp_A
36	Textures life	Germind	Thoughtform	INDIFFERENT	7:48	yAphcG4rBIw	MPREb_X7g8zTbL0H4	UCVprFNGnS0PVNCcQxqPXEuw
37	Shimmering at sunrise	Germind	Thoughtform	INDIFFERENT	6:21	b9-R0FMVgoE	MPREb_X7g8zTbL0H4	UCVprFNGnS0PVNCcQxqPXEuw
38	Thoughtform	Germind	Thoughtform	INDIFFERENT	6:01	qfKZiz3NFP4	MPREb_X7g8zTbL0H4	UCVprFNGnS0PVNCcQxqPXEuw
39	Galactic stems	Germind	Thoughtform	INDIFFERENT	8:57	jC-D_CAaYQU	MPREb_X7g8zTbL0H4	UCVprFNGnS0PVNCcQxqPXEuw
40	Forming a future	Germind	Thoughtform	INDIFFERENT	9:47	9uR-QV4nxkE	MPREb_X7g8zTbL0H4	UCVprFNGnS0PVNCcQxqPXEuw
41	Variants of dreams	Germind	Thoughtform	INDIFFERENT	6:04	LqymamtdO0I	MPREb_X7g8zTbL0H4	UCVprFNGnS0PVNCcQxqPXEuw
42	Paintings of gods	Germind	Thoughtform	INDIFFERENT	6:47	601EwBxU5AE	MPREb_X7g8zTbL0H4	UCVprFNGnS0PVNCcQxqPXEuw
43	Yesterday's tomorrow	Germind	Thoughtform	INDIFFERENT	5:35	eFTbffzCMIo	MPREb_X7g8zTbL0H4	UCVprFNGnS0PVNCcQxqPXEuw
44	Pages of life	Germind	Thoughtform	INDIFFERENT	6:23	hAvSmjP7usY	MPREb_X7g8zTbL0H4	UCVprFNGnS0PVNCcQxqPXEuw
45	Suzanne: She And I In Darkness We Lay And Lie	Current 93	Thunder Perfect Mind	INDIFFERENT	4:26	zkxgmgOrAfI	MPREb_pT14K4J48r4	UC4-7m6xw53QOtFkCryr6g9A
46	A Beginning	Current 93	Thunder Perfect Mind	INDIFFERENT	0:44	wo45jJqbmgo	MPREb_pT14K4J48r4	UC4-7m6xw53QOtFkCryr6g9A
47	Red House	Current 93	Thunder Perfect Mind	INDIFFERENT	0:28	qAh7DjEXZvM	MPREb_pT14K4J48r4	UC4-7m6xw53QOtFkCryr6g9A
48	The Descent Of Long Satan And Babylon	Current 93	Thunder Perfect Mind	INDIFFERENT	3:00	1FKEJL7NrKM	MPREb_pT14K4J48r4	UC4-7m6xw53QOtFkCryr6g9A
49	Our Lady Of Horsies (Out-takes from the Thunder Perfect Mind sessions)	Current 93	Thunder Perfect Mind	INDIFFERENT	6:34	ZJc1MYXUod4	MPREb_pT14K4J48r4	UC4-7m6xw53QOtFkCryr6g9A
50	A Sadness Song	Current 93	Thunder Perfect Mind	INDIFFERENT	4:14	WwwKfwFRqSA	MPREb_pT14K4J48r4	UC4-7m6xw53QOtFkCryr6g9A
51	A Song For Douglas After He's Dead	Current 93	Thunder Perfect Mind	INDIFFERENT	4:58	5WqM-WYPdbc	MPREb_pT14K4J48r4	UC4-7m6xw53QOtFkCryr6g9A
52	Anyway, People Die	Current 93	Thunder Perfect Mind	INDIFFERENT	1:46	Jv4pkCMx-LI	MPREb_pT14K4J48r4	UC4-7m6xw53QOtFkCryr6g9A
53	In The Heart Of The Wood And What I Found There	Current 93	Thunder Perfect Mind	INDIFFERENT	2:50	QBW16xf4exQ	MPREb_pT14K4J48r4	UC4-7m6xw53QOtFkCryr6g9A
54	Silence As Christine (Out-takes from the Thunder Perfect Mind sessions)	Current 93	Thunder Perfect Mind	INDIFFERENT	2:24	dv4-ul0chNw	MPREb_pT14K4J48r4	UC4-7m6xw53QOtFkCryr6g9A
55	Maldoror Is Ded Ded Ded Ded (Out-takes from the Thunder Perfect Mind sessions)	Current 93	Thunder Perfect Mind	INDIFFERENT	12:10	EzaHQonXOn4	MPREb_pT14K4J48r4	UC4-7m6xw53QOtFkCryr6g9A
56	Mary Waits In Silence	Current 93	Thunder Perfect Mind	INDIFFERENT	2:56	dZWNQx7PuA0	MPREb_pT14K4J48r4	UC4-7m6xw53QOtFkCryr6g9A
57	A Silence Song	Current 93	Thunder Perfect Mind	INDIFFERENT	5:27	324mlsrK41Y	MPREb_pT14K4J48r4	UC4-7m6xw53QOtFkCryr6g9A
58	They Return To Their Earth	Current 93	Thunder Perfect Mind	INDIFFERENT	6:18	8ej-jOJvwXE	MPREb_pT14K4J48r4	UC4-7m6xw53QOtFkCryr6g9A
59	In Sadness Sang (Out-takes from the Thunder Perfect Mind sessions)	Current 93	Thunder Perfect Mind	INDIFFERENT	4:19	y2MZmkW0Jdg	MPREb_pT14K4J48r4	UC4-7m6xw53QOtFkCryr6g9A
60	A Lament For My Suzanne	Current 93	Thunder Perfect Mind	INDIFFERENT	4:20	x4w0Y_GiI50	MPREb_pT14K4J48r4	UC4-7m6xw53QOtFkCryr6g9A
61	Riverdeadbank	Current 93	Thunder Perfect Mind	INDIFFERENT	3:46	OyzgK294TLw	MPREb_pT14K4J48r4	UC4-7m6xw53QOtFkCryr6g9A
62	Khor Ba'I Nyes Dmigs (Recorded live in Amiens, 15 XII 1990)	Current 93	Thunder Perfect Mind	INDIFFERENT	1:28	YY-2helFKl0	MPREb_pT14K4J48r4	UC4-7m6xw53QOtFkCryr6g9A
63	Lament For Her	Current 93	Thunder Perfect Mind	INDIFFERENT	3:59	F71J2tQ7vDw	MPREb_pT14K4J48r4	UC4-7m6xw53QOtFkCryr6g9A
64	All The Stars Are Dead Now	Current 93	Thunder Perfect Mind	INDIFFERENT	9:06	ezKL_bDNooQ	MPREb_pT14K4J48r4	UC4-7m6xw53QOtFkCryr6g9A
65	A Song For Douglas After He's Dead (live)	Current 93	Thunder Perfect Mind	INDIFFERENT	6:14	d5fltdXWdQU	MPREb_pT14K4J48r4	UC4-7m6xw53QOtFkCryr6g9A
66	Rosy Star Tears From Heaven	Current 93	Thunder Perfect Mind	INDIFFERENT	3:05	YOzjeDIOVEQ	MPREb_pT14K4J48r4	UC4-7m6xw53QOtFkCryr6g9A
67	When The May Rain Comes	Current 93	Thunder Perfect Mind	INDIFFERENT	3:24	rHXUH2FkMsE	MPREb_pT14K4J48r4	UC4-7m6xw53QOtFkCryr6g9A
68	They Return To Their Earth (For My Christ Thorn) [Recorded live in Amiens, 15 XII 1990]	Current 93	Thunder Perfect Mind	INDIFFERENT	6:52	mIwHzOSGEkk	MPREb_pT14K4J48r4	UC4-7m6xw53QOtFkCryr6g9A
69	A Song For Douglas After He's Dead (Rebirth) (live)	Current 93	Thunder Perfect Mind	INDIFFERENT	5:43	1YmdIF4n9gQ	MPREb_pT14K4J48r4	UC4-7m6xw53QOtFkCryr6g9A
70	Thunder Perfect Mind I	Current 93	Thunder Perfect Mind	INDIFFERENT	5:05	Fvkz-yvQmi4	MPREb_pT14K4J48r4	UC4-7m6xw53QOtFkCryr6g9A
71	Thunder Perfect Mind II	Current 93	Thunder Perfect Mind	INDIFFERENT	2:21	OKdGz9iLll4	MPREb_pT14K4J48r4	UC4-7m6xw53QOtFkCryr6g9A
72	Hitler As Kalki (SDM)	Current 93	Thunder Perfect Mind	INDIFFERENT	16:28	20_r9CPr4z0	MPREb_pT14K4J48r4	UC4-7m6xw53QOtFkCryr6g9A
73	A Sad Sadness Song	Current 93	Thunder Perfect Mind	INDIFFERENT	4:40	W8J3JNz5-ZM	MPREb_pT14K4J48r4	UC4-7m6xw53QOtFkCryr6g9A
74	An Ending	Current 93	Thunder Perfect Mind	INDIFFERENT	2:21	e_W9_mHMrFE	MPREb_pT14K4J48r4	UC4-7m6xw53QOtFkCryr6g9A
75	Thursday Afternoon (2005 Digital Remaster)	Brian Eno	Thursday Afternoon	INDIFFERENT	1:00:50	WK5pUw2OOKM	MPREb_VvddGlBheWA	UCoWPCwCsQmBwoXBCL_laaIw
76	Time Spent Away From U	DJ Seinfeld	Time Spent Away From U	LIKE	5:33	PdUj0iEZQLA	MPREb_ycLhRGahCsC	UCshOz0mzWg4enVtjm-Dk6rw
77	I Hope I Sleep Tonight	DJ Seinfeld	Time Spent Away From U	LIKE	4:07	JRJMc4OxERY	MPREb_s9ztEYb1b4q	UCshOz0mzWg4enVtjm-Dk6rw
78	I Saw Her Kiss Him in Front of Me and I Was Like Wtf?	DJ Seinfeld	Time Spent Away From U	INDIFFERENT	5:12	6k7zpH5ejVM	MPREb_s9ztEYb1b4q	UCshOz0mzWg4enVtjm-Dk6rw
79	Too Late for U and M1	DJ Seinfeld	Time Spent Away From U	INDIFFERENT	6:38	za-3ntR7XNo	MPREb_s9ztEYb1b4q	UCshOz0mzWg4enVtjm-Dk6rw
80	It's Just My Luv	DJ Seinfeld	Time Spent Away From U	LIKE	5:58	QtSLSwie9lU	MPREb_s9ztEYb1b4q	UCshOz0mzWg4enVtjm-Dk6rw
81	How U Make Me Feel	DJ Seinfeld	Time Spent Away From U	LIKE	6:18	uC2cBTTRZvQ	MPREb_s9ztEYb1b4q	UCshOz0mzWg4enVtjm-Dk6rw
82	U Hold Me Without Touch	DJ Seinfeld	Time Spent Away From U	INDIFFERENT	6:28	cpq7ewau540	MPREb_s9ztEYb1b4q	UCshOz0mzWg4enVtjm-Dk6rw
83	Come Thru for U	DJ Seinfeld	Time Spent Away From U	INDIFFERENT	6:10	BZJY7oLtla4	MPREb_s9ztEYb1b4q	UCshOz0mzWg4enVtjm-Dk6rw
84	U	DJ Seinfeld	Time Spent Away From U	INDIFFERENT	6:09	6F6Sxrd7rw4	MPREb_s9ztEYb1b4q	UCshOz0mzWg4enVtjm-Dk6rw
85	Help Me Through	David August	Times	LIKE	4:19	mTXy4O8YWCs	MPREb_D2qC6tKZk3g	UCJG_KyiDq2ZLrE1ukFEoTng
86	For Eternity	David August	Times	LIKE	5:31	F2dBAoGOMzA	MPREb_D2qC6tKZk3g	UCJG_KyiDq2ZLrE1ukFEoTng
87	Phenomena	David August	Times	INDIFFERENT	5:42	743IAbKjB6w	MPREb_D2qC6tKZk3g	UCJG_KyiDq2ZLrE1ukFEoTng
88	Anthem	David August	Times	INDIFFERENT	4:42	Qwe7wZs1Hgg	MPREb_D2qC6tKZk3g	UCJG_KyiDq2ZLrE1ukFEoTng
89	Consolation	David August	Times	INDIFFERENT	1:39	xgNUHzLnNfE	MPREb_D2qC6tKZk3g	UCJG_KyiDq2ZLrE1ukFEoTng
90	Until We Shine (feat. Yvy)	David August	Times	INDIFFERENT	5:24	2YYLuWVE-Mo	MPREb_D2qC6tKZk3g	UCJG_KyiDq2ZLrE1ukFEoTng
91	I Don't Care About Your Goal	David August	Times	INDIFFERENT	7:01	S5qcRkjvpsE	MPREb_D2qC6tKZk3g	UCJG_KyiDq2ZLrE1ukFEoTng
92	Hommage (feat. Wanja)	David August	Times	LIKE	3:52	ZFX3P9QR5EA	MPREb_D2qC6tKZk3g	UCJG_KyiDq2ZLrE1ukFEoTng
93	Blossom	David August	Times	LIKE	4:59	m8HhYMw1_Mg	MPREb_D2qC6tKZk3g	UCJG_KyiDq2ZLrE1ukFEoTng
94	Velvet	David August	Times	LIKE	5:28	HdY0qPVUI1g	MPREb_D2qC6tKZk3g	UCJG_KyiDq2ZLrE1ukFEoTng
95	Consolation 2	David August	Times	INDIFFERENT	1:32	qNvXfvepmYE	MPREb_D2qC6tKZk3g	UCJG_KyiDq2ZLrE1ukFEoTng
96	Watch Your Step	David August	Times	INDIFFERENT	5:49	7Ng_ERb-VeE	MPREb_D2qC6tKZk3g	UCJG_KyiDq2ZLrE1ukFEoTng
97	Voices from the Dust	David August	Times	INDIFFERENT	4:42	Ud_iI7lGy8U	MPREb_D2qC6tKZk3g	UCJG_KyiDq2ZLrE1ukFEoTng
98	Forgive Me If I Bleed	David August	Times	INDIFFERENT	4:38	aZDka9aEU9E	MPREb_D2qC6tKZk3g	UCJG_KyiDq2ZLrE1ukFEoTng
99	Skyline 3040 (Original Mix)	Matt Deco	Timescales	INDIFFERENT	6:29	tWa41WfY19Y	MPREb_e7M5MSqyQfn	UCF_ywySpoF5US1Zv2WdlYUw
100	Musical Family (Original Mix)	Matt Deco	Timescales	INDIFFERENT	5:38	bc9arp9cmNU	MPREb_e7M5MSqyQfn	UCF_ywySpoF5US1Zv2WdlYUw
101	Late Night Fading (Original Mix)	Matt Deco	Timescales	INDIFFERENT	5:45	gSLdid0kBBE	MPREb_e7M5MSqyQfn	UCF_ywySpoF5US1Zv2WdlYUw
102	Cali Trunk Rattle (Original Mix)	Matt Deco	Timescales	INDIFFERENT	4:42	CvbK-f58Su4	MPREb_e7M5MSqyQfn	UCF_ywySpoF5US1Zv2WdlYUw
103	Peachtree Interlude (Original Mix)	Matt Deco	Timescales	INDIFFERENT	1:55	q56GGK5dXhc	MPREb_e7M5MSqyQfn	UCF_ywySpoF5US1Zv2WdlYUw
104	At Most Sphere (Original Mix)	Matt Deco	Timescales	INDIFFERENT	3:35	LVe8zRdnADQ	MPREb_e7M5MSqyQfn	UCF_ywySpoF5US1Zv2WdlYUw
105	Carry Tears (Original Mix)	Matt Deco	Timescales	INDIFFERENT	4:17	IMwBLnBDbDY	MPREb_e7M5MSqyQfn	UCF_ywySpoF5US1Zv2WdlYUw
106	Timescales (Original Mix)	Matt Deco	Timescales	INDIFFERENT	4:15	calvwz6gGNE	MPREb_e7M5MSqyQfn	UCF_ywySpoF5US1Zv2WdlYUw
107	Trenchtown (Original Mix)	Matt Deco	Timescales	INDIFFERENT	4:41	xSvQk0r3BN4	MPREb_e7M5MSqyQfn	UCF_ywySpoF5US1Zv2WdlYUw
108	PCH Interlude (Original Mix)	Matt Deco	Timescales	INDIFFERENT	2:18	tcR9-QOkOW8	MPREb_e7M5MSqyQfn	UCF_ywySpoF5US1Zv2WdlYUw
109	Power Transfer (Original Mix)	Matt Deco	Timescales	INDIFFERENT	7:31	gIjPv1DM-2M	MPREb_e7M5MSqyQfn	UCF_ywySpoF5US1Zv2WdlYUw
110	Aural Hygiene (Original Mix)	Matt Deco	Timescales	INDIFFERENT	5:32	ObnFVK3Fgfk	MPREb_e7M5MSqyQfn	UCF_ywySpoF5US1Zv2WdlYUw
111	We Outro (Original Mix)	Matt Deco	Timescales	INDIFFERENT	3:10	5ECuboG2fHY	MPREb_e7M5MSqyQfn	UCF_ywySpoF5US1Zv2WdlYUw
112	Exit Does Not Exist	Sun Kil Moon	Tiny Cities	INDIFFERENT	1:25	05D6ea8RFm4	MPREb_zUJvmfEz2yP	UCKV-LtkbVqsjBrAAzDyWc6w
113	Tiny Cities Made of Ashes	Sun Kil Moon	Tiny Cities	INDIFFERENT	3:14	uLcDXja0qbw	MPREb_zUJvmfEz2yP	UCKV-LtkbVqsjBrAAzDyWc6w
114	Neverending Math Equation	Sun Kil Moon	Tiny Cities	INDIFFERENT	2:54	KBUxLQ41rQs	MPREb_zUJvmfEz2yP	UCKV-LtkbVqsjBrAAzDyWc6w
115	Space Travel Is Boring	Sun Kil Moon	Tiny Cities	INDIFFERENT	3:43	uiaRmpJ_iIc	MPREb_zUJvmfEz2yP	UCKV-LtkbVqsjBrAAzDyWc6w
116	Dramamine	Sun Kil Moon	Tiny Cities	INDIFFERENT	2:45	rg7Hwqb7IKs	MPREb_zUJvmfEz2yP	UCKV-LtkbVqsjBrAAzDyWc6w
117	Jesus Christ Was an Only Child	Sun Kil Moon	Tiny Cities	INDIFFERENT	2:00	e7hYqX_X3QI	MPREb_zUJvmfEz2yP	UCKV-LtkbVqsjBrAAzDyWc6w
118	Four Fingered Fisherman	Sun Kil Moon	Tiny Cities	INDIFFERENT	2:42	6d2L4n-fN6E	MPREb_zUJvmfEz2yP	UCKV-LtkbVqsjBrAAzDyWc6w
119	Grey Ice Water	Sun Kil Moon	Tiny Cities	INDIFFERENT	2:34	31FgRKlv_yo	MPREb_zUJvmfEz2yP	UCKV-LtkbVqsjBrAAzDyWc6w
120	Convenient Parking	Sun Kil Moon	Tiny Cities	INDIFFERENT	1:57	1_enk_lhJRs	MPREb_zUJvmfEz2yP	UCKV-LtkbVqsjBrAAzDyWc6w
121	Trucker's Atlas	Sun Kil Moon	Tiny Cities	INDIFFERENT	2:50	kiXyg8H6MwY	MPREb_zUJvmfEz2yP	UCKV-LtkbVqsjBrAAzDyWc6w
122	Ocean Breathes Salty	Sun Kil Moon	Tiny Cities	INDIFFERENT	4:37	ZG7M1HLPoDY	MPREb_zUJvmfEz2yP	UCKV-LtkbVqsjBrAAzDyWc6w
123	A Lot's Gonna Change	Weyes Blood	Titanic Rising	LIKE	4:21	7OrVUk61wHE	MPREb_TN1ByWUr0Xt	UChpnWWkg9ZAgAZ5KwkeQkFg
124	Andromeda	Weyes Blood	Titanic Rising	LIKE	4:40	jj4u0OmCqsA	MPREb_TN1ByWUr0Xt	UChpnWWkg9ZAgAZ5KwkeQkFg
125	Everyday	Weyes Blood	Titanic Rising	INDIFFERENT	5:07	Ay6_iBJV9cc	MPREb_TN1ByWUr0Xt	UChpnWWkg9ZAgAZ5KwkeQkFg
126	Something to Believe	Weyes Blood	Titanic Rising	INDIFFERENT	4:45	mt2o_VMWiEw	MPREb_TN1ByWUr0Xt	UChpnWWkg9ZAgAZ5KwkeQkFg
127	Titanic Rising	Weyes Blood	Titanic Rising	INDIFFERENT	1:36	pK06q1N8FtY	MPREb_TN1ByWUr0Xt	UChpnWWkg9ZAgAZ5KwkeQkFg
128	Movies	Weyes Blood	Titanic Rising	LIKE	5:53	xniRJsus8pk	MPREb_TN1ByWUr0Xt	UChpnWWkg9ZAgAZ5KwkeQkFg
129	Mirror Forever	Weyes Blood	Titanic Rising	INDIFFERENT	5:05	tQ1CH2_Arws	MPREb_TN1ByWUr0Xt	UChpnWWkg9ZAgAZ5KwkeQkFg
130	Wild Time	Weyes Blood	Titanic Rising	LIKE	6:09	zjw17szxD7c	MPREb_TN1ByWUr0Xt	UChpnWWkg9ZAgAZ5KwkeQkFg
131	Picture Me Better	Weyes Blood	Titanic Rising	INDIFFERENT	3:41	wKS76C-da6k	MPREb_TN1ByWUr0Xt	UChpnWWkg9ZAgAZ5KwkeQkFg
132	Nearer to Thee	Weyes Blood	Titanic Rising	LIKE	1:05	mgVOzdzwf-Q	MPREb_TN1ByWUr0Xt	UChpnWWkg9ZAgAZ5KwkeQkFg
133	Wesley's Theory (feat. George Clinton & Thundercat)	Kendrick Lamar	To Pimp A Butterfly	INDIFFERENT	4:48	l9fN-8NjrvI	MPREb_3jGuGO44ziy	UCprAFmT0C6O4X0ToEXpeFTQ
134	King Kunta	Kendrick Lamar	To Pimp A Butterfly	LIKE	3:55	g0NVaX8DRN4	MPREb_3jGuGO44ziy	UCprAFmT0C6O4X0ToEXpeFTQ
135	Institutionalized (feat. Bilal, Anna Wise & Snoop Dogg)	Kendrick Lamar	To Pimp A Butterfly	LIKE	4:32	7L1POXocFIQ	MPREb_3jGuGO44ziy	UCprAFmT0C6O4X0ToEXpeFTQ
136	These Walls (feat. Bilal, Anna Wise & Thundercat)	Kendrick Lamar	To Pimp A Butterfly	INDIFFERENT	5:01	AHNK4k3Cr24	MPREb_3jGuGO44ziy	UCprAFmT0C6O4X0ToEXpeFTQ
137	u	Kendrick Lamar	To Pimp A Butterfly	LIKE	4:29	XGC4QpDIpJc	MPREb_3jGuGO44ziy	UCprAFmT0C6O4X0ToEXpeFTQ
138	Alright	Kendrick Lamar	To Pimp A Butterfly	LIKE	3:40	67vr-3kpX3Q	MPREb_3jGuGO44ziy	UCprAFmT0C6O4X0ToEXpeFTQ
139	For Sale? (Interlude)	Kendrick Lamar	To Pimp A Butterfly	INDIFFERENT	4:52	RdCepOB4BV8	MPREb_3jGuGO44ziy	UCprAFmT0C6O4X0ToEXpeFTQ
140	Momma	Kendrick Lamar	To Pimp A Butterfly	INDIFFERENT	4:44	q1AOP6NtGuc	MPREb_3jGuGO44ziy	UCprAFmT0C6O4X0ToEXpeFTQ
141	Hood Politics	Kendrick Lamar	To Pimp A Butterfly	LIKE	4:53	iIsHg3BHpB0	MPREb_3jGuGO44ziy	UCprAFmT0C6O4X0ToEXpeFTQ
142	How Much A Dollar Cost (feat. James Fauntleroy & Ronald Isley)	Kendrick Lamar	To Pimp A Butterfly	INDIFFERENT	4:22	y8kEiL81_R4	MPREb_3jGuGO44ziy	UCprAFmT0C6O4X0ToEXpeFTQ
143	Complexion (A Zulu Love) (feat. Rapsody)	Kendrick Lamar	To Pimp A Butterfly	INDIFFERENT	4:24	Wt4dUK4uce0	MPREb_3jGuGO44ziy	UCprAFmT0C6O4X0ToEXpeFTQ
144	The Blacker The Berry	Kendrick Lamar	To Pimp A Butterfly	INDIFFERENT	5:29	VdPtVZDspIY	MPREb_3jGuGO44ziy	UCprAFmT0C6O4X0ToEXpeFTQ
145	You Ain't Gotta Lie (Momma Said)	Kendrick Lamar	To Pimp A Butterfly	INDIFFERENT	4:02	78bSAKX_4vs	MPREb_3jGuGO44ziy	UCprAFmT0C6O4X0ToEXpeFTQ
146	i	Kendrick Lamar	To Pimp A Butterfly	LIKE	5:37	tt2-GsPA9kk	MPREb_3jGuGO44ziy	UCprAFmT0C6O4X0ToEXpeFTQ
147	Mortal Man	Kendrick Lamar	To Pimp A Butterfly	INDIFFERENT	12:08	axwpgn3GRMs	MPREb_3jGuGO44ziy	UCprAFmT0C6O4X0ToEXpeFTQ
148	Gemini	Boards of Canada	Tomorrow's Harvest	INDIFFERENT	2:57	oEwASkWlW7w	MPREb_KprcsuiSFGD	UCidyEq0ZC6rcqZmwKt_g_2g
149	Reach For The Dead	Boards of Canada	Tomorrow's Harvest	LIKE	4:48	fpvrgs5FxSE	MPREb_KprcsuiSFGD	UCidyEq0ZC6rcqZmwKt_g_2g
150	White Cyclosa	Boards of Canada	Tomorrow's Harvest	LIKE	3:14	WekZ3sFsTNg	MPREb_KprcsuiSFGD	UCidyEq0ZC6rcqZmwKt_g_2g
151	Jacquard Causeway	Boards of Canada	Tomorrow's Harvest	INDIFFERENT	6:36	XQnsunAXvmg	MPREb_KprcsuiSFGD	UCidyEq0ZC6rcqZmwKt_g_2g
152	Telepath	Boards of Canada	Tomorrow's Harvest	INDIFFERENT	1:33	2knYG8igMgA	MPREb_KprcsuiSFGD	UCidyEq0ZC6rcqZmwKt_g_2g
153	Cold Earth	Boards of Canada	Tomorrow's Harvest	LIKE	3:43	Lr7gfFmlyKg	MPREb_KprcsuiSFGD	UCidyEq0ZC6rcqZmwKt_g_2g
154	Transmisiones Ferox	Boards of Canada	Tomorrow's Harvest	INDIFFERENT	2:19	NNg0GfssrY0	MPREb_KprcsuiSFGD	UCidyEq0ZC6rcqZmwKt_g_2g
155	Sick Times	Boards of Canada	Tomorrow's Harvest	INDIFFERENT	4:17	tbYGDLGt9Vk	MPREb_KprcsuiSFGD	UCidyEq0ZC6rcqZmwKt_g_2g
156	Collapse	Boards of Canada	Tomorrow's Harvest	INDIFFERENT	2:50	xEAWSUeBZAo	MPREb_KprcsuiSFGD	UCidyEq0ZC6rcqZmwKt_g_2g
157	Palace Posy	Boards of Canada	Tomorrow's Harvest	LIKE	4:06	bQ1OURJMgMM	MPREb_KprcsuiSFGD	UCidyEq0ZC6rcqZmwKt_g_2g
158	Split Your Infinities	Boards of Canada	Tomorrow's Harvest	INDIFFERENT	4:29	7JaOfHJYWlQ	MPREb_KprcsuiSFGD	UCidyEq0ZC6rcqZmwKt_g_2g
159	Uritual	Boards of Canada	Tomorrow's Harvest	LIKE	2:00	SNQRF1qqYiA	MPREb_KprcsuiSFGD	UCidyEq0ZC6rcqZmwKt_g_2g
160	Nothing Is Real	Boards of Canada	Tomorrow's Harvest	INDIFFERENT	3:53	Ptiofd3x-cE	MPREb_KprcsuiSFGD	UCidyEq0ZC6rcqZmwKt_g_2g
161	Sundown	Boards of Canada	Tomorrow's Harvest	LIKE	2:17	uTmGJij7CKw	MPREb_KprcsuiSFGD	UCidyEq0ZC6rcqZmwKt_g_2g
162	New Seeds	Boards of Canada	Tomorrow's Harvest	LIKE	5:40	hzw-TvnreoM	MPREb_KprcsuiSFGD	UCidyEq0ZC6rcqZmwKt_g_2g
163	Come To Dust	Boards of Canada	Tomorrow's Harvest	INDIFFERENT	4:08	cdYkxRcCB2E	MPREb_KprcsuiSFGD	UCidyEq0ZC6rcqZmwKt_g_2g
164	Semena Mertvykh	Boards of Canada	Tomorrow's Harvest	INDIFFERENT	3:31	UpXG7dn5H0Y	MPREb_KprcsuiSFGD	UCidyEq0ZC6rcqZmwKt_g_2g
165	A Brain in a Bottle	Thom Yorke	Tomorrow's Modern Boxes	LIKE	4:40	mgxJlmdvr9A	MPREb_7hRlS2pjebE	UCgXVrNtoMd3CusXrRMX3Tqg
166	Guess Again!	Thom Yorke	Tomorrow's Modern Boxes	LIKE	4:23	Q_L5aaSH3P4	MPREb_7hRlS2pjebE	UCgXVrNtoMd3CusXrRMX3Tqg
167	Interference	Thom Yorke	Tomorrow's Modern Boxes	LIKE	2:48	jrnK67JPES8	MPREb_7hRlS2pjebE	UCgXVrNtoMd3CusXrRMX3Tqg
168	The Mother Lode	Thom Yorke	Tomorrow's Modern Boxes	LIKE	6:06	kZo9bY9C-Fw	MPREb_7hRlS2pjebE	UCgXVrNtoMd3CusXrRMX3Tqg
169	Truth Ray	Thom Yorke	Tomorrow's Modern Boxes	LIKE	5:13	_TZkKx7Rrhc	MPREb_7hRlS2pjebE	UCgXVrNtoMd3CusXrRMX3Tqg
170	There Is No Ice (For My Drink)	Thom Yorke	Tomorrow's Modern Boxes	INDIFFERENT	7:00	4hRQNHVCtwk	MPREb_7hRlS2pjebE	UCgXVrNtoMd3CusXrRMX3Tqg
171	Pink Section	Thom Yorke	Tomorrow's Modern Boxes	LIKE	2:34	KmlywjM3JdI	MPREb_7hRlS2pjebE	UCgXVrNtoMd3CusXrRMX3Tqg
172	Nose Grows Some	Thom Yorke	Tomorrow's Modern Boxes	INDIFFERENT	5:22	pMxcgw1_Ejg	MPREb_7hRlS2pjebE	UCgXVrNtoMd3CusXrRMX3Tqg
173	Mezzo Modular	Soul Oddity	Tone Capsule	INDIFFERENT	1:04	28tO1L7Z7XQ	MPREb_SAIsZ9cvIOu	UCGwyDQX-qAQt-m0Oth3LAYw
174	Welcome Back To Earth	Soul Oddity	Tone Capsule	INDIFFERENT	6:51	wEWzGuHK9o4	MPREb_SAIsZ9cvIOu	UCGwyDQX-qAQt-m0Oth3LAYw
175	Little Alien	Soul Oddity	Tone Capsule	INDIFFERENT	6:37	B-Z8FCcqrPo	MPREb_SAIsZ9cvIOu	UCGwyDQX-qAQt-m0Oth3LAYw
176	People Party	Soul Oddity	Tone Capsule	INDIFFERENT	7:47	W0h41hNV1Is	MPREb_SAIsZ9cvIOu	UCGwyDQX-qAQt-m0Oth3LAYw
177	Freq Shift	Soul Oddity	Tone Capsule	INDIFFERENT	6:02	R6SpbyIzANE	MPREb_SAIsZ9cvIOu	UCGwyDQX-qAQt-m0Oth3LAYw
178	Clipped	Soul Oddity	Tone Capsule	INDIFFERENT	7:49	gkgC1htaGI0	MPREb_SAIsZ9cvIOu	UCGwyDQX-qAQt-m0Oth3LAYw
179	Soul Communication	Soul Oddity	Tone Capsule	INDIFFERENT	5:50	FqKc02_5h_4	MPREb_SAIsZ9cvIOu	UCGwyDQX-qAQt-m0Oth3LAYw
180	DJ Tokyo	Soul Oddity	Tone Capsule	INDIFFERENT	6:19	Wpc2bHxLDHg	MPREb_SAIsZ9cvIOu	UCGwyDQX-qAQt-m0Oth3LAYw
181	Cruxx	Soul Oddity	Tone Capsule	INDIFFERENT	7:02	BCfYuStEHbM	MPREb_SAIsZ9cvIOu	UCGwyDQX-qAQt-m0Oth3LAYw
182	Fugue	Soul Oddity	Tone Capsule	INDIFFERENT	8:27	O31HtRFkiB0	MPREb_SAIsZ9cvIOu	UCGwyDQX-qAQt-m0Oth3LAYw
183	Star Treatment	Arctic Monkeys	Tranquility Base Hotel & Casino	LIKE	5:54	5QqXXjDKNP4	MPREb_3IESEDJ0pKv	UC8Yu1_yfN5qPh601Y4btsYw
184	One Point Perspective	Arctic Monkeys	Tranquility Base Hotel & Casino	LIKE	3:28	jZVl40EQ7MI	MPREb_3IESEDJ0pKv	UC8Yu1_yfN5qPh601Y4btsYw
185	American Sports	Arctic Monkeys	Tranquility Base Hotel & Casino	INDIFFERENT	2:38	QGSyvQX_VKw	MPREb_3IESEDJ0pKv	UC8Yu1_yfN5qPh601Y4btsYw
186	Tranquility Base Hotel & Casino	Arctic Monkeys	Tranquility Base Hotel & Casino	LIKE	3:31	FJKZ5Uddy_I	MPREb_WnmQkMVeSwc	UC8Yu1_yfN5qPh601Y4btsYw
187	Golden Trunks	Arctic Monkeys	Tranquility Base Hotel & Casino	INDIFFERENT	2:53	0rP0GCVShaA	MPREb_3IESEDJ0pKv	UC8Yu1_yfN5qPh601Y4btsYw
188	Four Out Of Five	Arctic Monkeys	Tranquility Base Hotel & Casino	INDIFFERENT	5:12	-2aEVquXyeQ	MPREb_3IESEDJ0pKv	UC8Yu1_yfN5qPh601Y4btsYw
189	The World's First Ever Monster Truck Front Flip	Arctic Monkeys	Tranquility Base Hotel & Casino	INDIFFERENT	3:00	-8aVp6Aj9x8	MPREb_3IESEDJ0pKv	UC8Yu1_yfN5qPh601Y4btsYw
190	Science Fiction	Arctic Monkeys	Tranquility Base Hotel & Casino	INDIFFERENT	3:05	cKez56_Ny1c	MPREb_3IESEDJ0pKv	UC8Yu1_yfN5qPh601Y4btsYw
191	She Looks Like Fun	Arctic Monkeys	Tranquility Base Hotel & Casino	LIKE	3:02	pF2A02V2ylo	MPREb_3IESEDJ0pKv	UC8Yu1_yfN5qPh601Y4btsYw
192	Batphone	Arctic Monkeys	Tranquility Base Hotel & Casino	INDIFFERENT	4:31	JiwqVQU9Eus	MPREb_3IESEDJ0pKv	UC8Yu1_yfN5qPh601Y4btsYw
193	The Ultracheese	Arctic Monkeys	Tranquility Base Hotel & Casino	LIKE	3:37	teKjXoq4ryM	MPREb_3IESEDJ0pKv	UC8Yu1_yfN5qPh601Y4btsYw
194	Before Destruction	Spoon	Transference	LIKE	3:17	5TTxOdgBTK4	MPREb_eeIzqM8WLnG	UC4zxbn4wRucKR-IArNkBtEw
195	Is Love Forever?	Spoon	Transference	LIKE	2:07	uLALFX5_7-g	MPREb_eeIzqM8WLnG	UC4zxbn4wRucKR-IArNkBtEw
196	The Mystery Zone	Spoon	Transference	INDIFFERENT	4:59	tzwP0d5YcP8	MPREb_eeIzqM8WLnG	UC4zxbn4wRucKR-IArNkBtEw
197	Who Makes Your Money	Spoon	Transference	INDIFFERENT	3:44	iKu1NQ1Zivw	MPREb_eeIzqM8WLnG	UC4zxbn4wRucKR-IArNkBtEw
198	Written In Reverse	Spoon	Transference	INDIFFERENT	4:18	tRN4_jQrkVE	MPREb_eeIzqM8WLnG	UC4zxbn4wRucKR-IArNkBtEw
199	I Saw the Light	Spoon	Transference	LIKE	5:32	4RbzAyA5XHE	MPREb_eeIzqM8WLnG	UC4zxbn4wRucKR-IArNkBtEw
200	Trouble Comes Running	Spoon	Transference	INDIFFERENT	3:05	4ZD8RJJnP5M	MPREb_eeIzqM8WLnG	UC4zxbn4wRucKR-IArNkBtEw
201	Goodnight Laura	Spoon	Transference	INDIFFERENT	2:28	BAoEsX97_bw	MPREb_eeIzqM8WLnG	UC4zxbn4wRucKR-IArNkBtEw
202	Out Go the Lights	Spoon	Transference	LIKE	4:36	i-Qy5XKIKNw	MPREb_eeIzqM8WLnG	UC4zxbn4wRucKR-IArNkBtEw
203	Got Nuffin	Spoon	Transference	LIKE	3:58	jaU6FdHjOM4	MPREb_eeIzqM8WLnG	UC4zxbn4wRucKR-IArNkBtEw
204	Nobody Gets Me But You	Spoon	Transference	INDIFFERENT	4:56	shIA4E2-exU	MPREb_eeIzqM8WLnG	UC4zxbn4wRucKR-IArNkBtEw
205	Island of Shame	Lagwagon	Trashed	INDIFFERENT	2:39	Br_T-7F15DE	MPREb_Bfi6WG5SqrE	UCo1Cmzx9wOEjcIpDVgegfLA
206	Lazy	Lagwagon	Trashed	INDIFFERENT	1:47	r7jSCqxmeFg	MPREb_Bfi6WG5SqrE	UCo1Cmzx9wOEjcIpDVgegfLA
207	Know It All	Lagwagon	Trashed	INDIFFERENT	2:28	PkPUWlRGc-I	MPREb_Bfi6WG5SqrE	UCo1Cmzx9wOEjcIpDVgegfLA
208	Stokin' the Neighbors	Lagwagon	Trashed	INDIFFERENT	3:07	e-aHjaJm3hM	MPREb_Bfi6WG5SqrE	UCo1Cmzx9wOEjcIpDVgegfLA
209	Give It Back	Lagwagon	Trashed	INDIFFERENT	2:35	c3kPW_hPVS0	MPREb_Bfi6WG5SqrE	UCo1Cmzx9wOEjcIpDVgegfLA
210	Rust	Lagwagon	Trashed	INDIFFERENT	2:55	1g92bewxvQQ	MPREb_Bfi6WG5SqrE	UCo1Cmzx9wOEjcIpDVgegfLA
211	Goin' South	Lagwagon	Trashed	INDIFFERENT	1:58	mMgdaimuTC0	MPREb_Bfi6WG5SqrE	UCo1Cmzx9wOEjcIpDVgegfLA
212	Dis' Chords	Lagwagon	Trashed	INDIFFERENT	3:15	-sAEfOFuzHs	MPREb_Bfi6WG5SqrE	UCo1Cmzx9wOEjcIpDVgegfLA
213	Coffee and Cigarettes	Lagwagon	Trashed	INDIFFERENT	2:50	V6ZUd793Wd0	MPREb_Bfi6WG5SqrE	UCo1Cmzx9wOEjcIpDVgegfLA
214	Brown Eyed Girl	Lagwagon	Trashed	INDIFFERENT	3:21	oCDyvWUJT-E	MPREb_Bfi6WG5SqrE	UCo1Cmzx9wOEjcIpDVgegfLA
215	Whipping Boy	Lagwagon	Trashed	INDIFFERENT	2:22	WsNsF3QMXUk	MPREb_Bfi6WG5SqrE	UCo1Cmzx9wOEjcIpDVgegfLA
216	No One	Lagwagon	Trashed	INDIFFERENT	2:01	Fmbt7QmlDrQ	MPREb_Bfi6WG5SqrE	UCo1Cmzx9wOEjcIpDVgegfLA
217	Bye for Now	Lagwagon	Trashed	INDIFFERENT	3:03	bX39M5mhd54	MPREb_Bfi6WG5SqrE	UCo1Cmzx9wOEjcIpDVgegfLA
218	Back One Out	Lagwagon	Trashed	INDIFFERENT	1:20	K7WUnFeBDBw	MPREb_Bfi6WG5SqrE	UCo1Cmzx9wOEjcIpDVgegfLA
219	The Champ	Lagwagon	Trashed	INDIFFERENT	2:01	iiS9MI65UlI	MPREb_Bfi6WG5SqrE	UCo1Cmzx9wOEjcIpDVgegfLA
220	Fledermaus Can't Get It	Von Südenfed	Tromatic Reflexxions	INDIFFERENT	3:57	j2EgYucuK8E	MPREb_vUMDK1NtTuz	UCpbwSErKuTbPVjYydP7i9WA
221	The Rhinohead	Von Südenfed	Tromatic Reflexxions	INDIFFERENT	4:17	Pdv2UMiBLdc	MPREb_vUMDK1NtTuz	UCpbwSErKuTbPVjYydP7i9WA
222	Flooded	Von Südenfed	Tromatic Reflexxions	INDIFFERENT	4:47	mFUobKo8cLw	MPREb_vUMDK1NtTuz	UCpbwSErKuTbPVjYydP7i9WA
223	Family Feud	Von Südenfed	Tromatic Reflexxions	INDIFFERENT	4:29	vMNxnG9TzK8	MPREb_vUMDK1NtTuz	UCpbwSErKuTbPVjYydP7i9WA
224	Serious Brainskin	Von Südenfed	Tromatic Reflexxions	INDIFFERENT	3:52	3vLg0vfjGoo	MPREb_vUMDK1NtTuz	UCpbwSErKuTbPVjYydP7i9WA
225	Speech Contamination / German Fear of Österreich	Von Südenfed	Tromatic Reflexxions	INDIFFERENT	4:00	glS8E5TKATI	MPREb_vUMDK1NtTuz	UCpbwSErKuTbPVjYydP7i9WA
226	The Young The Faceless And The Codes	Von Südenfed	Tromatic Reflexxions	INDIFFERENT	4:33	hckR0ff34jE	MPREb_vUMDK1NtTuz	UCpbwSErKuTbPVjYydP7i9WA
227	Duckrog	Von Südenfed	Tromatic Reflexxions	INDIFFERENT	2:48	LvzfWklShjM	MPREb_vUMDK1NtTuz	UCpbwSErKuTbPVjYydP7i9WA
228	Chicken Yiamas	Von Südenfed	Tromatic Reflexxions	INDIFFERENT	2:37	8ZVj5nLXOS8	MPREb_vUMDK1NtTuz	UCpbwSErKuTbPVjYydP7i9WA
229	That Sound Wiped	Von Südenfed	Tromatic Reflexxions	INDIFFERENT	6:06	I6Y79-i_x3Y	MPREb_vUMDK1NtTuz	UCpbwSErKuTbPVjYydP7i9WA
230	Jbak Lois Lane	Von Südenfed	Tromatic Reflexxions	INDIFFERENT	2:57	jk3BIe_uZWg	MPREb_vUMDK1NtTuz	UCpbwSErKuTbPVjYydP7i9WA
231	Dearest Friends	Von Südenfed	Tromatic Reflexxions	INDIFFERENT	4:45	1EVf1BuGiYw	MPREb_vUMDK1NtTuz	UCpbwSErKuTbPVjYydP7i9WA
232	Promises	Totally Enormous Extinct Dinosaurs	Trouble	INDIFFERENT	4:21	s9-XqUujg8Q	MPREb_HGz4GbGTg84	UCIzUuNT1-rqqfJCdRRVGBBA
233	Trouble	Totally Enormous Extinct Dinosaurs	Trouble	LIKE	3:50	MqqMnJiDnCM	MPREb_HGz4GbGTg84	UCIzUuNT1-rqqfJCdRRVGBBA
234	Shimmer	Totally Enormous Extinct Dinosaurs	Trouble	LIKE	4:46	8HeYUig3ogc	MPREb_HGz4GbGTg84	UCIzUuNT1-rqqfJCdRRVGBBA
235	Household Goods	Totally Enormous Extinct Dinosaurs	Trouble	LIKE	3:35	37ThxBL1y4A	MPREb_grs6thgolL7	UCIzUuNT1-rqqfJCdRRVGBBA
236	Your Love	Totally Enormous Extinct Dinosaurs	Trouble	INDIFFERENT	3:51	Huk5vsJVH5A	MPREb_HGz4GbGTg84	UCIzUuNT1-rqqfJCdRRVGBBA
237	You Need Me On My Own	Totally Enormous Extinct Dinosaurs	Trouble	LIKE	3:46	-DeQ7KcG6cY	MPREb_grs6thgolL7	UCIzUuNT1-rqqfJCdRRVGBBA
238	Panpipes	Totally Enormous Extinct Dinosaurs	Trouble	INDIFFERENT	6:12	O_dMQLgJtjw	MPREb_HGz4GbGTg84	UCIzUuNT1-rqqfJCdRRVGBBA
239	Garden	Totally Enormous Extinct Dinosaurs	Trouble	LIKE	4:36	6YBsbUv7OGY	MPREb_grs6thgolL7	UCIzUuNT1-rqqfJCdRRVGBBA
240	Solo	Totally Enormous Extinct Dinosaurs	Trouble	LIKE	5:48	r3BvRRAJLCU	MPREb_grs6thgolL7	UCIzUuNT1-rqqfJCdRRVGBBA
241	Tapes & Money	Totally Enormous Extinct Dinosaurs	Trouble	LIKE	3:41	PKZgAuGocA8	MPREb_grs6thgolL7	UCIzUuNT1-rqqfJCdRRVGBBA
242	American Dream Part II	Totally Enormous Extinct Dinosaurs	Trouble	INDIFFERENT	5:09	dqK5IB21gLc	MPREb_grs6thgolL7	UCIzUuNT1-rqqfJCdRRVGBBA
243	Closer	Totally Enormous Extinct Dinosaurs	Trouble	LIKE	6:39	KOr7sB7gAZk	MPREb_grs6thgolL7	UCIzUuNT1-rqqfJCdRRVGBBA
244	Fair	Totally Enormous Extinct Dinosaurs	Trouble	INDIFFERENT	2:32	_CBRVQxa6WM	MPREb_HGz4GbGTg84	UCIzUuNT1-rqqfJCdRRVGBBA
245	Stronger	Totally Enormous Extinct Dinosaurs	Trouble	LIKE	5:05	d1RC6MN1niQ	MPREb_HGz4GbGTg84	UCIzUuNT1-rqqfJCdRRVGBBA
246	Baby Alligator	Ovlov	TRU	INDIFFERENT	4:27	UrS3QZrT918	MPREb_rKkaxaxVvTt	UCZ3gipAA3hhkg87RncrtQUw
247	Half Way Fine	Ovlov	TRU	INDIFFERENT	3:27	dQtxvzh7Ty0	MPREb_rKkaxaxVvTt	UCZ3gipAA3hhkg87RncrtQUw
248	The Best of You	Ovlov	TRU	INDIFFERENT	2:04	SYikDopkF7g	MPREb_rKkaxaxVvTt	UCZ3gipAA3hhkg87RncrtQUw
249	Spright	Ovlov	TRU	INDIFFERENT	2:40	LDToSgzPFGY	MPREb_rKkaxaxVvTt	UCZ3gipAA3hhkg87RncrtQUw
250	Stick	Ovlov	TRU	INDIFFERENT	3:22	Zjm0s6uxkuw	MPREb_rKkaxaxVvTt	UCZ3gipAA3hhkg87RncrtQUw
251	Tru Punk	Ovlov	TRU	INDIFFERENT	3:34	8qyS0uJZGpA	MPREb_rKkaxaxVvTt	UCZ3gipAA3hhkg87RncrtQUw
252	Fast G	Ovlov	TRU	INDIFFERENT	2:42	9U5sV-p0rBY	MPREb_rKkaxaxVvTt	UCZ3gipAA3hhkg87RncrtQUw
253	Short Morgan	Ovlov	TRU	INDIFFERENT	2:00	-YMd99MWktI	MPREb_rKkaxaxVvTt	UCZ3gipAA3hhkg87RncrtQUw
254	Grab It From the Garden	Ovlov	TRU	INDIFFERENT	6:10	6kuDMOA53JM	MPREb_rKkaxaxVvTt	UCZ3gipAA3hhkg87RncrtQUw
255	Because The End Is Really The Beginning	The Comet Is Coming	Trust In The Lifeforce Of The Deep Mystery	LIKE	4:49	4Haus40q06o	MPREb_fV3VWgik6b7	UCkhhyLDFuxeJnEVG0XhzzWA
256	Birth Of Creation	The Comet Is Coming	Trust In The Lifeforce Of The Deep Mystery	LIKE	5:05	dHj5YGimzbs	MPREb_fV3VWgik6b7	UCkhhyLDFuxeJnEVG0XhzzWA
257	Summon The Fire	The Comet Is Coming	Trust In The Lifeforce Of The Deep Mystery	LIKE	3:56	bfVFMRwALHg	MPREb_fV3VWgik6b7	UCkhhyLDFuxeJnEVG0XhzzWA
258	Blood Of The Past (feat. Kate Tempest)	The Comet Is Coming	Trust In The Lifeforce Of The Deep Mystery	LIKE	8:16	c8UWZRSg_Lg	MPREb_fV3VWgik6b7	UCkhhyLDFuxeJnEVG0XhzzWA
259	Super Zodiac	The Comet Is Coming	Trust In The Lifeforce Of The Deep Mystery	LIKE	4:02	Qt2WFAK53Hk	MPREb_fV3VWgik6b7	UCkhhyLDFuxeJnEVG0XhzzWA
260	Astral Flying	The Comet Is Coming	Trust In The Lifeforce Of The Deep Mystery	INDIFFERENT	4:44	gU_Sm03EJRw	MPREb_fV3VWgik6b7	UCkhhyLDFuxeJnEVG0XhzzWA
261	Timewave Zero	The Comet Is Coming	Trust In The Lifeforce Of The Deep Mystery	INDIFFERENT	5:21	T5epgWNEdzQ	MPREb_fV3VWgik6b7	UCkhhyLDFuxeJnEVG0XhzzWA
262	Unity	The Comet Is Coming	Trust In The Lifeforce Of The Deep Mystery	INDIFFERENT	4:14	IKcl9bwKnhg	MPREb_fV3VWgik6b7	UCkhhyLDFuxeJnEVG0XhzzWA
263	The Universe Wakes Up	The Comet Is Coming	Trust In The Lifeforce Of The Deep Mystery	INDIFFERENT	5:26	ajKTA7_cvRk	MPREb_fV3VWgik6b7	UCkhhyLDFuxeJnEVG0XhzzWA
264	Tubthumping	Chumbawamba	Tubthumper	INDIFFERENT	4:39	yW5oTzftgjY	MPREb_R2EvuZpKdhQ	UCmhCi61qcB0Pygs91fbtw1Q
265	Amnesia	Chumbawamba	Tubthumper	INDIFFERENT	4:09	5G6JZlBRYMQ	MPREb_R2EvuZpKdhQ	UCmhCi61qcB0Pygs91fbtw1Q
266	Drip, Drip, Drip	Chumbawamba	Tubthumper	INDIFFERENT	5:09	AdQ9Q8MUDUE	MPREb_R2EvuZpKdhQ	UCmhCi61qcB0Pygs91fbtw1Q
267	The Big Issue	Chumbawamba	Tubthumper	INDIFFERENT	4:39	Qa0YMu-glWs	MPREb_R2EvuZpKdhQ	UCmhCi61qcB0Pygs91fbtw1Q
268	The Good Ship Lifestyle	Chumbawamba	Tubthumper	INDIFFERENT	5:14	qfuIWmm7m9c	MPREb_R2EvuZpKdhQ	UCmhCi61qcB0Pygs91fbtw1Q
269	One By One	Chumbawamba	Tubthumper	INDIFFERENT	4:46	RDgW87QyWrA	MPREb_R2EvuZpKdhQ	UCmhCi61qcB0Pygs91fbtw1Q
270	Outsider	Chumbawamba	Tubthumper	INDIFFERENT	5:09	LOMXP0BT_-k	MPREb_R2EvuZpKdhQ	UCmhCi61qcB0Pygs91fbtw1Q
271	Creepy Crawling	Chumbawamba	Tubthumper	INDIFFERENT	4:04	cXNY-G6MsuI	MPREb_R2EvuZpKdhQ	UCmhCi61qcB0Pygs91fbtw1Q
272	Mary, Mary	Chumbawamba	Tubthumper	INDIFFERENT	4:59	K8J-QntlLg4	MPREb_R2EvuZpKdhQ	UCmhCi61qcB0Pygs91fbtw1Q
273	Smalltown	Chumbawamba	Tubthumper	INDIFFERENT	3:14	2-S3kNRO6Xg	MPREb_R2EvuZpKdhQ	UCmhCi61qcB0Pygs91fbtw1Q
274	I Want More	Chumbawamba	Tubthumper	INDIFFERENT	4:03	x6OQdimfsy8	MPREb_R2EvuZpKdhQ	UCmhCi61qcB0Pygs91fbtw1Q
275	Scapegoat	Chumbawamba	Tubthumper	INDIFFERENT	5:08	J06Bt8qwqjw	MPREb_R2EvuZpKdhQ	UCmhCi61qcB0Pygs91fbtw1Q
276	Ron	Slint	Tweez	INDIFFERENT	1:55	ToOHwcW4wS0	MPREb_2mTkNbAWopa	UCiHdxkS3T69_-I0uCRQbZVA
277	Nan Ding	Slint	Tweez	INDIFFERENT	1:47	7Bl-nvWA0mk	MPREb_2mTkNbAWopa	UCiHdxkS3T69_-I0uCRQbZVA
278	Carol	Slint	Tweez	INDIFFERENT	3:40	MLKEgX2Wf20	MPREb_2mTkNbAWopa	UCiHdxkS3T69_-I0uCRQbZVA
279	Kent	Slint	Tweez	INDIFFERENT	5:48	GHbIOVqotJ8	MPREb_2mTkNbAWopa	UCiHdxkS3T69_-I0uCRQbZVA
280	Charlotte	Slint	Tweez	INDIFFERENT	4:29	Ci-9dxgh31k	MPREb_2mTkNbAWopa	UCiHdxkS3T69_-I0uCRQbZVA
281	Darlene	Slint	Tweez	INDIFFERENT	3:05	UGzZY6K8qsQ	MPREb_2mTkNbAWopa	UCiHdxkS3T69_-I0uCRQbZVA
282	Warren	Slint	Tweez	INDIFFERENT	2:32	gUWx-KlVXKk	MPREb_2mTkNbAWopa	UCiHdxkS3T69_-I0uCRQbZVA
283	Pat	Slint	Tweez	INDIFFERENT	3:35	KQyh60crYRs	MPREb_2mTkNbAWopa	UCiHdxkS3T69_-I0uCRQbZVA
284	Rhoda	Slint	Tweez	INDIFFERENT	2:36	Jzo-yrbudo0	MPREb_2mTkNbAWopa	UCiHdxkS3T69_-I0uCRQbZVA
285	1968 Moog Modular	Benge	Twenty Systems	INDIFFERENT	3:26	EwTsJRcvSl4	MPREb_guczNniZs81	UCkiO0xnpJFgOxm3F12cEEqw
286	1969 Ems VCS3	Benge	Twenty Systems	INDIFFERENT	5:12	BO9yvhsjleI	MPREb_guczNniZs81	UCkiO0xnpJFgOxm3F12cEEqw
287	1970 Arp 2500	Benge	Twenty Systems	INDIFFERENT	3:07	MLdhDNcKexk	MPREb_guczNniZs81	UCkiO0xnpJFgOxm3F12cEEqw
288	1971 Arp 2600	Benge	Twenty Systems	INDIFFERENT	1:43	So_1yNz9kug	MPREb_guczNniZs81	UCkiO0xnpJFgOxm3F12cEEqw
289	1972 Serge Modular	Benge	Twenty Systems	INDIFFERENT	4:05	emQqsYjxexM	MPREb_guczNniZs81	UCkiO0xnpJFgOxm3F12cEEqw
290	1973 Roland SH2000	Benge	Twenty Systems	INDIFFERENT	3:44	4xamSuZwIoc	MPREb_guczNniZs81	UCkiO0xnpJFgOxm3F12cEEqw
291	1974 Oberheim Sem	Benge	Twenty Systems	INDIFFERENT	1:54	oZAdtvbqnv8	MPREb_guczNniZs81	UCkiO0xnpJFgOxm3F12cEEqw
292	1975 Moog Polymoog	Benge	Twenty Systems	INDIFFERENT	2:56	Aspl3Phdmwk	MPREb_guczNniZs81	UCkiO0xnpJFgOxm3F12cEEqw
293	1976 Yamaha CS80	Benge	Twenty Systems	INDIFFERENT	3:49	MK-lqGHJmVs	MPREb_guczNniZs81	UCkiO0xnpJFgOxm3F12cEEqw
294	1977 Yamaha CS30	Benge	Twenty Systems	INDIFFERENT	2:23	zJRCSkia_Uc	MPREb_guczNniZs81	UCkiO0xnpJFgOxm3F12cEEqw
295	1978 Roland 100M	Benge	Twenty Systems	INDIFFERENT	4:10	qkJ_7xMzgY4	MPREb_guczNniZs81	UCkiO0xnpJFgOxm3F12cEEqw
296	1979 Korg Lambda	Benge	Twenty Systems	INDIFFERENT	1:42	kKj45bTS-6w	MPREb_guczNniZs81	UCkiO0xnpJFgOxm3F12cEEqw
297	1980 Korg Trident	Benge	Twenty Systems	INDIFFERENT	2:03	_YpvTpqIZD4	MPREb_guczNniZs81	UCkiO0xnpJFgOxm3F12cEEqw
298	1981 Yamaha CS70M	Benge	Twenty Systems	INDIFFERENT	2:08	81GchpnB6W4	MPREb_guczNniZs81	UCkiO0xnpJFgOxm3F12cEEqw
299	1982 Ppg Wave	Benge	Twenty Systems	INDIFFERENT	2:03	mehXXRLfoz8	MPREb_guczNniZs81	UCkiO0xnpJFgOxm3F12cEEqw
300	1983 Fairlight Cmi	Benge	Twenty Systems	INDIFFERENT	3:46	0nCTAkCqV7Y	MPREb_guczNniZs81	UCkiO0xnpJFgOxm3F12cEEqw
301	1984 Oberheim Xpander	Benge	Twenty Systems	INDIFFERENT	1:43	JKbHFC1f4po	MPREb_guczNniZs81	UCkiO0xnpJFgOxm3F12cEEqw
302	1985 Yamaha CX5M	Benge	Twenty Systems	INDIFFERENT	2:35	JjoL7gUF0iQ	MPREb_guczNniZs81	UCkiO0xnpJFgOxm3F12cEEqw
303	1986 Ned Synclavier	Benge	Twenty Systems	INDIFFERENT	7:27	6-HbOBNCBVc	MPREb_guczNniZs81	UCkiO0xnpJFgOxm3F12cEEqw
304	1987 Kawai K5M	Benge	Twenty Systems	INDIFFERENT	4:23	xtFAxACPlpQ	MPREb_guczNniZs81	UCkiO0xnpJFgOxm3F12cEEqw
305	My Boy (Twin Fantasy)	Car Seat Headrest	Twin Fantasy	INDIFFERENT	2:52	l9Uw3AOAmf0	MPREb_uHqhqEkLRa4	UC97xosBrQZ7jdWVFInndIDg
306	Beach Life-In-Death	Car Seat Headrest	Twin Fantasy	INDIFFERENT	13:18	hx59YVs5itM	MPREb_uHqhqEkLRa4	UC97xosBrQZ7jdWVFInndIDg
307	Stop Smoking (We Love You)	Car Seat Headrest	Twin Fantasy	INDIFFERENT	1:29	fvUdxmGWb-o	MPREb_uHqhqEkLRa4	UC97xosBrQZ7jdWVFInndIDg
308	Sober to Death	Car Seat Headrest	Twin Fantasy	INDIFFERENT	5:04	ipaTDwWTYiE	MPREb_uHqhqEkLRa4	UC97xosBrQZ7jdWVFInndIDg
309	Nervous Young Inhumans	Car Seat Headrest	Twin Fantasy	INDIFFERENT	5:25	pYOPOd7AKuY	MPREb_uHqhqEkLRa4	UC97xosBrQZ7jdWVFInndIDg
310	Bodys	Car Seat Headrest	Twin Fantasy	INDIFFERENT	6:46	fpJLmnKVGj8	MPREb_uHqhqEkLRa4	UC97xosBrQZ7jdWVFInndIDg
311	Cute Thing	Car Seat Headrest	Twin Fantasy	INDIFFERENT	5:39	XkAY5AXV4SU	MPREb_uHqhqEkLRa4	UC97xosBrQZ7jdWVFInndIDg
312	High to Death	Car Seat Headrest	Twin Fantasy	LIKE	7:39	RyK1w3OwWAY	MPREb_uHqhqEkLRa4	UC97xosBrQZ7jdWVFInndIDg
313	Famous Prophets (Stars)	Car Seat Headrest	Twin Fantasy	LIKE	16:10	BBCwJdg1UlE	MPREb_uHqhqEkLRa4	UC97xosBrQZ7jdWVFInndIDg
314	Twin Fantasy (Those Boys)	Car Seat Headrest	Twin Fantasy	INDIFFERENT	6:54	eA2FNOuv-yU	MPREb_uHqhqEkLRa4	UC97xosBrQZ7jdWVFInndIDg
315	Two Steps From The Blues	Bobby Bland	Two Steps From The Blues	INDIFFERENT	2:34	xZYN28yrjcM	MPREb_JKRaxnyjDjG	UCenNYn_u9j_TWQuthbLRReA
316	Cry, Cry, Cry	"Bobby ""Blue"" Bland"	Two Steps From The Blues	INDIFFERENT	2:43	K0nHiFFawME	MPREb_JKRaxnyjDjG	UCqEi91DIf1penU5yf67suRQ
317	I'm Not Ashamed	"Bobby ""Blue"" Bland"	Two Steps From The Blues	INDIFFERENT	2:35	S8pTQDdu4pk	MPREb_JKRaxnyjDjG	UCqEi91DIf1penU5yf67suRQ
318	Don't Cry No More	"Bobby ""Blue"" Bland"	Two Steps From The Blues	INDIFFERENT	2:27	7q7p9ZYZDuk	MPREb_JKRaxnyjDjG	UCqEi91DIf1penU5yf67suRQ
319	Lead Me On	"Bobby ""Blue"" Bland"	Two Steps From The Blues	INDIFFERENT	2:04	tRh2JIMRvfI	MPREb_JKRaxnyjDjG	UCqEi91DIf1penU5yf67suRQ
320	I Pity The Fool	"Bobby ""Blue"" Bland"	Two Steps From The Blues	INDIFFERENT	2:41	aKq-6rhOyeA	MPREb_JKRaxnyjDjG	UCqEi91DIf1penU5yf67suRQ
321	I've Just Got To Forget You	Bobby Bland	Two Steps From The Blues	INDIFFERENT	2:33	BXVq88Wo_wM	MPREb_JKRaxnyjDjG	UCenNYn_u9j_TWQuthbLRReA
322	Little Boy Blue	"Bobby ""Blue"" Bland"	Two Steps From The Blues	INDIFFERENT	2:38	N5-tnWtYUbQ	MPREb_JKRaxnyjDjG	UCqEi91DIf1penU5yf67suRQ
323	St. James Infirmary	Bobby Bland	Two Steps From The Blues	INDIFFERENT	2:25	InSCsEc9Nxg	MPREb_JKRaxnyjDjG	UCenNYn_u9j_TWQuthbLRReA
324	I'll Take Care Of You	"Bobby ""Blue"" Bland"	Two Steps From The Blues	INDIFFERENT	2:25	lgZSmBsjSHw	MPREb_JKRaxnyjDjG	UCqEi91DIf1penU5yf67suRQ
325	Don't Want No Woman	"Bobby ""Blue"" Bland"	Two Steps From The Blues	INDIFFERENT	2:39	JJhYr2tXZMk	MPREb_JKRaxnyjDjG	UCqEi91DIf1penU5yf67suRQ
326	I've Been Wrong So Long	Bobby Bland	Two Steps From The Blues	INDIFFERENT	2:19	sjQ6RQihb7Y	MPREb_JKRaxnyjDjG	UCenNYn_u9j_TWQuthbLRReA
327	How Does A Cheatin' Woman Feel	Bobby Bland	Two Steps From The Blues	INDIFFERENT	2:37	Yh-4gxkC-TE	MPREb_JKRaxnyjDjG	UCenNYn_u9j_TWQuthbLRReA
328	Close To You	Bobby Bland	Two Steps From The Blues	INDIFFERENT	2:04	QiFpr69Ua_U	MPREb_JKRaxnyjDjG	UCenNYn_u9j_TWQuthbLRReA
329	Contact	Big Thief	U.F.O.F.	LIKE	3:54	eIR_4PBIZ4Q	MPREb_Ly2uMbXJPIZ	UCYUYq5dThTOIY6o9hAgnlQQ
330	UFOF	Big Thief	U.F.O.F.	LIKE	3:08	2RaZjVDwagI	MPREb_Ly2uMbXJPIZ	UCYUYq5dThTOIY6o9hAgnlQQ
331	Cattails	Big Thief	U.F.O.F.	LIKE	4:05	bI9EIhsutcc	MPREb_Ly2uMbXJPIZ	UCYUYq5dThTOIY6o9hAgnlQQ
332	From	Big Thief	U.F.O.F.	LIKE	3:58	DM74fc2Umo0	MPREb_Ly2uMbXJPIZ	UCYUYq5dThTOIY6o9hAgnlQQ
333	Open Desert	Big Thief	U.F.O.F.	INDIFFERENT	3:47	V1rdu5ggJ6A	MPREb_Ly2uMbXJPIZ	UCYUYq5dThTOIY6o9hAgnlQQ
334	Orange	Big Thief	U.F.O.F.	INDIFFERENT	3:30	RKQcLtQ-xHc	MPREb_Ly2uMbXJPIZ	UCYUYq5dThTOIY6o9hAgnlQQ
335	Century	Big Thief	U.F.O.F.	INDIFFERENT	3:07	pD_rUqw9XW0	MPREb_Ly2uMbXJPIZ	UCYUYq5dThTOIY6o9hAgnlQQ
336	Strange	Big Thief	U.F.O.F.	INDIFFERENT	3:41	q9wr-5CRs6g	MPREb_Ly2uMbXJPIZ	UCYUYq5dThTOIY6o9hAgnlQQ
337	Betsy	Big Thief	U.F.O.F.	INDIFFERENT	3:28	3PujE1O1MlY	MPREb_Ly2uMbXJPIZ	UCYUYq5dThTOIY6o9hAgnlQQ
338	Terminal Paradise	Big Thief	U.F.O.F.	LIKE	3:25	6B77YDZwMV4	MPREb_Ly2uMbXJPIZ	UCYUYq5dThTOIY6o9hAgnlQQ
339	Jenni	Big Thief	U.F.O.F.	INDIFFERENT	4:11	BsQKIekMjEU	MPREb_Ly2uMbXJPIZ	UCYUYq5dThTOIY6o9hAgnlQQ
340	Magic Dealer	Big Thief	U.F.O.F.	INDIFFERENT	3:01	8Xlln1caL5U	MPREb_Ly2uMbXJPIZ	UCYUYq5dThTOIY6o9hAgnlQQ
341	Change Up	Danny Brown	uknowhatimsayin¿	LIKE	2:42	zmpk3HHhZ5U	MPREb_sVcWU5UuRRs	UCqGg7NKRWozzuxYr4p4gxeg
342	Theme Song	Danny Brown	uknowhatimsayin¿	LIKE	2:47	_nlj4-aPvho	MPREb_sVcWU5UuRRs	UCqGg7NKRWozzuxYr4p4gxeg
343	Dirty Laundry	Danny Brown	uknowhatimsayin¿	INDIFFERENT	3:05	0_31PkFDrqQ	MPREb_sVcWU5UuRRs	UCqGg7NKRWozzuxYr4p4gxeg
344	3 Tearz (feat. Run The Jewels)	Danny Brown	uknowhatimsayin¿	LIKE	3:57	K_yzwrKYcYY	MPREb_sVcWU5UuRRs	UCqGg7NKRWozzuxYr4p4gxeg
345	Belly of The Beast (feat. Obongjayar)	Danny Brown	uknowhatimsayin¿	INDIFFERENT	2:35	ngeBu_YO9GI	MPREb_sVcWU5UuRRs	UCqGg7NKRWozzuxYr4p4gxeg
346	Savage Nomad	Danny Brown	uknowhatimsayin¿	LIKE	3:29	KzhAfmPanq0	MPREb_sVcWU5UuRRs	UCqGg7NKRWozzuxYr4p4gxeg
347	Best Life	Danny Brown	uknowhatimsayin¿	LIKE	2:34	rGS8CeSmzRE	MPREb_sVcWU5UuRRs	UCqGg7NKRWozzuxYr4p4gxeg
348	uknowhatimsayin¿ (feat. Obongjayar)	Danny Brown	uknowhatimsayin¿	INDIFFERENT	2:56	h8W3SdU0ra0	MPREb_sVcWU5UuRRs	UCqGg7NKRWozzuxYr4p4gxeg
349	Negro Spiritual (feat. JPEGMAFIA)	Danny Brown	uknowhatimsayin¿	INDIFFERENT	2:45	O0fQb-sLWdA	MPREb_sVcWU5UuRRs	UCqGg7NKRWozzuxYr4p4gxeg
350	Shine (feat. Blood Orange)	Danny Brown	uknowhatimsayin¿	INDIFFERENT	3:19	SGbqbg8al04	MPREb_sVcWU5UuRRs	UCqGg7NKRWozzuxYr4p4gxeg
351	Combat	Danny Brown	uknowhatimsayin¿	INDIFFERENT	3:39	Br6JqvHGn3g	MPREb_sVcWU5UuRRs	UCqGg7NKRWozzuxYr4p4gxeg
352	The Factory	Simply Three	Undefined	INDIFFERENT	3:46	QjnM1JL0Qq4	MPREb_DrbMKfXAN9j	UCQMsogRblNGBBAZ2NpHaB0Q
353	Maverick	Simply Three	Undefined	INDIFFERENT	3:06	JJLV6jDflik	MPREb_DrbMKfXAN9j	UCQMsogRblNGBBAZ2NpHaB0Q
354	Heart's Harmony	Simply Three	Undefined	INDIFFERENT	3:17	hhHQQQTQSHw	MPREb_DrbMKfXAN9j	UCQMsogRblNGBBAZ2NpHaB0Q
355	Generation Why	Simply Three	Undefined	INDIFFERENT	3:56	Y9X8A6ulK6k	MPREb_DrbMKfXAN9j	UCQMsogRblNGBBAZ2NpHaB0Q
356	Guiding Light	Simply Three	Undefined	INDIFFERENT	4:07	IH2XorBw6ds	MPREb_DrbMKfXAN9j	UCQMsogRblNGBBAZ2NpHaB0Q
357	Rain	Simply Three	Undefined	INDIFFERENT	4:23	mAO3K2t73z4	MPREb_DrbMKfXAN9j	UCQMsogRblNGBBAZ2NpHaB0Q
358	Reverie	Simply Three	Undefined	INDIFFERENT	3:43	zb4EBmrhUdQ	MPREb_DrbMKfXAN9j	UCQMsogRblNGBBAZ2NpHaB0Q
359	4th Wall	Simply Three	Undefined	INDIFFERENT	4:26	6Fv5USRJVrU	MPREb_DrbMKfXAN9j	UCQMsogRblNGBBAZ2NpHaB0Q
360	Unsafe Haven	Simply Three	Undefined	INDIFFERENT	3:46	6XIX7erMEOY	MPREb_DrbMKfXAN9j	UCQMsogRblNGBBAZ2NpHaB0Q
361	Mr. e	Simply Three	Undefined	INDIFFERENT	3:58	TQbhz9-sFhw	MPREb_DrbMKfXAN9j	UCQMsogRblNGBBAZ2NpHaB0Q
362	Dark City	Simply Three	Undefined	INDIFFERENT	4:30	_lKnK9H6r2s	MPREb_DrbMKfXAN9j	UCQMsogRblNGBBAZ2NpHaB0Q
363	DNA	Simply Three	Undefined	INDIFFERENT	5:22	F5r12kRlT08	MPREb_DrbMKfXAN9j	UCQMsogRblNGBBAZ2NpHaB0Q
364	Psychosis	Simply Three	Undefined	INDIFFERENT	4:14	a9hx4Xfo71s	MPREb_DrbMKfXAN9j	UCQMsogRblNGBBAZ2NpHaB0Q
365	S.O.A.	Simply Three	Undefined	INDIFFERENT	3:22	7R-xbSe46ow	MPREb_DrbMKfXAN9j	UCQMsogRblNGBBAZ2NpHaB0Q
366	Unknown Frequency	Lucy In Disguise	Unknown Frequency	INDIFFERENT	5:11	mCxATBXcluA	MPREb_aOaoaha2Fma	UC2yVqYL9wXXriWXaM6FRRbQ
367	Saturn Return	Lucy In Disguise	Unknown Frequency	INDIFFERENT	2:49	LgYrfXWYoKw	MPREb_M6f7xJ5kN5T	UC2yVqYL9wXXriWXaM6FRRbQ
368	V.T.W.A (feat. Laura Claire)	Lucy In Disguise	Unknown Frequency	INDIFFERENT	4:01	VZSPGs4LaG4	MPREb_M6f7xJ5kN5T	UC2yVqYL9wXXriWXaM6FRRbQ
369	Discovery	Lucy In Disguise	Unknown Frequency	INDIFFERENT	4:08	iLFJY_54KPU	MPREb_M6f7xJ5kN5T	UC2yVqYL9wXXriWXaM6FRRbQ
370	Skylights	Lucy In Disguise	Unknown Frequency	INDIFFERENT	2:17	6-ndN4mkJBE	MPREb_M6f7xJ5kN5T	UC2yVqYL9wXXriWXaM6FRRbQ
371	The Tower	Lucy In Disguise	Unknown Frequency	INDIFFERENT	2:01	HV3GMDhHfgk	MPREb_M6f7xJ5kN5T	UC2yVqYL9wXXriWXaM6FRRbQ
372	Lost Signal	Lucy In Disguise	Unknown Frequency	INDIFFERENT	4:38	deUwraai3XY	MPREb_M6f7xJ5kN5T	UC2yVqYL9wXXriWXaM6FRRbQ
373	Nova	Lucy In Disguise	Unknown Frequency	INDIFFERENT	2:55	x_uNATCYUyU	MPREb_M6f7xJ5kN5T	UC2yVqYL9wXXriWXaM6FRRbQ
374	Interstellar Transmission	Lucy In Disguise	Unknown Frequency	INDIFFERENT	3:46	yTfOFg1_3bw	MPREb_M6f7xJ5kN5T	UC2yVqYL9wXXriWXaM6FRRbQ
375	Technicolor Dreams	Lucy In Disguise	Unknown Frequency	INDIFFERENT	4:16	vFCw4eAXUSE	MPREb_M6f7xJ5kN5T	UC2yVqYL9wXXriWXaM6FRRbQ
376	96 Cruisin	Lucy In Disguise	Unknown Frequency	INDIFFERENT	3:26	Fa-qikUGQ-Q	MPREb_M6f7xJ5kN5T	UC2yVqYL9wXXriWXaM6FRRbQ
377	Blue Sunset	Lucy In Disguise	Unknown Frequency	INDIFFERENT	3:22	m_LrK4pyciM	MPREb_M6f7xJ5kN5T	UC2yVqYL9wXXriWXaM6FRRbQ
378	All In	Flying Lotus	Until The Quiet Comes	LIKE	2:59	exhi9hHR9fg	MPREb_hVUp5KW3YlQ	UCJvOvKwxPEL-4RtSvu_nWhQ
379	Getting There (feat. Niki Randa)	Flying Lotus	Until The Quiet Comes	LIKE	1:50	16qmCNcNXrk	MPREb_hVUp5KW3YlQ	UCJvOvKwxPEL-4RtSvu_nWhQ
380	Until The Colours Come	Flying Lotus	Until The Quiet Comes	LIKE	1:08	6ZA6yUxN88k	MPREb_hVUp5KW3YlQ	UCJvOvKwxPEL-4RtSvu_nWhQ
381	Heave(n)	Flying Lotus	Until The Quiet Comes	LIKE	2:23	k8DMBtq5MiE	MPREb_hVUp5KW3YlQ	UCJvOvKwxPEL-4RtSvu_nWhQ
382	Tiny Tortures	Flying Lotus	Until The Quiet Comes	LIKE	3:04	5qDylSZUaiU	MPREb_hVUp5KW3YlQ	UCJvOvKwxPEL-4RtSvu_nWhQ
383	All The Secrets	Flying Lotus	Until The Quiet Comes	LIKE	1:57	4TiWuzc1Xoo	MPREb_hVUp5KW3YlQ	UCJvOvKwxPEL-4RtSvu_nWhQ
384	Sultan’s Request	Flying Lotus	Until The Quiet Comes	INDIFFERENT	1:42	w8b6MU6dPog	MPREb_hVUp5KW3YlQ	UCJvOvKwxPEL-4RtSvu_nWhQ
385	Putty Boy Strut	Flying Lotus	Until The Quiet Comes	LIKE	2:54	X21Fq52eD2c	MPREb_hVUp5KW3YlQ	UCJvOvKwxPEL-4RtSvu_nWhQ
386	See Thru To U (feat. Erykah Badu)	Flying Lotus	Until The Quiet Comes	LIKE	2:25	wxjmwGDtdGI	MPREb_hVUp5KW3YlQ	UCJvOvKwxPEL-4RtSvu_nWhQ
387	Until The Quiet Comes	Flying Lotus	Until The Quiet Comes	LIKE	2:41	FxvXsKWMKEI	MPREb_hVUp5KW3YlQ	UCJvOvKwxPEL-4RtSvu_nWhQ
388	DMT Song (feat. Thundercat)	Flying Lotus	Until The Quiet Comes	INDIFFERENT	1:20	iw-DrYR6THM	MPREb_hVUp5KW3YlQ	UCJvOvKwxPEL-4RtSvu_nWhQ
389	The Nightcaller	Flying Lotus	Until The Quiet Comes	LIKE	3:29	XcUPxzhlbkQ	MPREb_hVUp5KW3YlQ	UCJvOvKwxPEL-4RtSvu_nWhQ
390	Only If You Wanna	Flying Lotus	Until The Quiet Comes	LIKE	1:43	dy_ha3sXYrU	MPREb_hVUp5KW3YlQ	UCJvOvKwxPEL-4RtSvu_nWhQ
391	Electric Candyman (feat. Thom Yorke)	Flying Lotus	Until The Quiet Comes	INDIFFERENT	3:33	fVSeHnleS_E	MPREb_hVUp5KW3YlQ	UCJvOvKwxPEL-4RtSvu_nWhQ
392	Hunger (feat. Niki Randa)	Flying Lotus	Until The Quiet Comes	INDIFFERENT	3:40	9h6Zlj4ahJY	MPREb_hVUp5KW3YlQ	UCJvOvKwxPEL-4RtSvu_nWhQ
393	Phantasm (feat. Laura Darlington)	Flying Lotus	Until The Quiet Comes	INDIFFERENT	3:52	VHRRn9MMS_o	MPREb_hVUp5KW3YlQ	UCJvOvKwxPEL-4RtSvu_nWhQ
394	me Yesterday//Corded	Flying Lotus	Until The Quiet Comes	LIKE	4:40	bVLivU2AsJw	MPREb_hVUp5KW3YlQ	UCJvOvKwxPEL-4RtSvu_nWhQ
395	Dream To Me	Flying Lotus	Until The Quiet Comes	LIKE	1:37	Dy9v0SzmkK0	MPREb_hVUp5KW3YlQ	UCJvOvKwxPEL-4RtSvu_nWhQ
396	Untitled	Burial	Untrue	INDIFFERENT	0:49	GS4VHiCQnpc	MPREb_JwosohH4zCK	UCQcNEJM-RtTiomfm8Avt5UQ
397	Archangel	Burial	Untrue	LIKE	4:01	3J1gvgwHblI	MPREb_JwosohH4zCK	UCQcNEJM-RtTiomfm8Avt5UQ
398	Near Dark	Burial	Untrue	LIKE	3:57	T3lFsQELGak	MPREb_JwosohH4zCK	UCQcNEJM-RtTiomfm8Avt5UQ
399	Ghost Hardware	Burial	Untrue	LIKE	4:56	DDe0uOZHmoo	MPREb_JwosohH4zCK	UCQcNEJM-RtTiomfm8Avt5UQ
400	Endorphin	Burial	Untrue	LIKE	3:00	3jnMVLaRMWs	MPREb_JwosohH4zCK	UCQcNEJM-RtTiomfm8Avt5UQ
401	Etched Headplate	Burial	Untrue	INDIFFERENT	6:02	FPYoBKHM7Vs	MPREb_JwosohH4zCK	UCQcNEJM-RtTiomfm8Avt5UQ
402	In McDonalds	Burial	Untrue	LIKE	2:07	VXIpavd7TR4	MPREb_JwosohH4zCK	UCQcNEJM-RtTiomfm8Avt5UQ
403	Untrue	Burial	Untrue	INDIFFERENT	6:19	bbnnMGgEqmI	MPREb_JwosohH4zCK	UCQcNEJM-RtTiomfm8Avt5UQ
404	Shell of Light	Burial	Untrue	LIKE	4:43	WoJ6lXpnAiA	MPREb_JwosohH4zCK	UCQcNEJM-RtTiomfm8Avt5UQ
405	Dog Shelter	Burial	Untrue	LIKE	3:02	uTFM7yGrtjg	MPREb_JwosohH4zCK	UCQcNEJM-RtTiomfm8Avt5UQ
406	Homeless	Burial	Untrue	LIKE	5:23	v2H4DcYr7eo	MPREb_JwosohH4zCK	UCQcNEJM-RtTiomfm8Avt5UQ
407	UK	Burial	Untrue	LIKE	1:43	NrVN-Llpr44	MPREb_JwosohH4zCK	UCQcNEJM-RtTiomfm8Avt5UQ
408	Raver	Burial	Untrue	LIKE	5:00	mnjmk2NwDdk	MPREb_JwosohH4zCK	UCQcNEJM-RtTiomfm8Avt5UQ
409	Obia Intro	Tricky	ununiform	INDIFFERENT	1:57	qaEs_MW_roI	MPREb_E6VSTUTRIQ4	UCSuP436X3nxcLjeJQOnlOPg
410	Same As It Ever Was	Tricky	ununiform	INDIFFERENT	3:47	psrBH28gTwc	MPREb_E6VSTUTRIQ4	UCSuP436X3nxcLjeJQOnlOPg
411	New Stole (feat. Francesca Belmonte)	Tricky	ununiform	INDIFFERENT	3:07	tP6RmcCItzA	MPREb_E6VSTUTRIQ4	UCSuP436X3nxcLjeJQOnlOPg
412	Wait For Signal	Tricky	ununiform	INDIFFERENT	3:06	2aZJHIm5N_A	MPREb_E6VSTUTRIQ4	UCSuP436X3nxcLjeJQOnlOPg
413	It's Your Day	Tricky	ununiform	INDIFFERENT	2:04	NjKvvT6KZyk	MPREb_E6VSTUTRIQ4	UCSuP436X3nxcLjeJQOnlOPg
414	Blood Of My Blood (feat. Skriptonit)	Tricky	ununiform	INDIFFERENT	3:14	t7i7DXCxCmA	MPREb_E6VSTUTRIQ4	UCSuP436X3nxcLjeJQOnlOPg
415	Dark Days (feat. Mina Rose)	Tricky	ununiform	INDIFFERENT	2:46	oxJLUom06GQ	MPREb_E6VSTUTRIQ4	UCSuP436X3nxcLjeJQOnlOPg
416	The Only Way	Tricky	ununiform	INDIFFERENT	4:52	1CSWq5IFf8Q	MPREb_E6VSTUTRIQ4	UCSuP436X3nxcLjeJQOnlOPg
417	Armor (feat. Terra Lopez of Rituals of Mine)	Tricky	ununiform	INDIFFERENT	2:26	o-lLqVyy22g	MPREb_E6VSTUTRIQ4	UCSuP436X3nxcLjeJQOnlOPg
418	Doll (feat. Avalon Lurks)	Tricky	ununiform	INDIFFERENT	3:07	539GeTDGGKg	MPREb_E6VSTUTRIQ4	UCSuP436X3nxcLjeJQOnlOPg
419	Bang Boogie (feat. Smoky Mo)	Tricky	ununiform	INDIFFERENT	1:19	Yc8hNcf9xCg	MPREb_E6VSTUTRIQ4	UCSuP436X3nxcLjeJQOnlOPg
420	Running Wild (feat. Mina Rose)	Tricky	ununiform	INDIFFERENT	3:38	5W4aaprWx0A	MPREb_E6VSTUTRIQ4	UCSuP436X3nxcLjeJQOnlOPg
421	When We Die (feat. Martina Topley-Bird)	Tricky	ununiform	INDIFFERENT	3:44	AtiNpbbfwOw	MPREb_E6VSTUTRIQ4	UCSuP436X3nxcLjeJQOnlOPg
422	Paradise Engineering	Barker	Utility	LIKE	4:08	_7Inklujb3Q	MPREb_3x7WKJmThUJ	UCst_nP-wYKkEMpmmEwPDs2w
423	Posmean	Barker	Utility	LIKE	3:54	B0EweqtoiRQ	MPREb_3x7WKJmThUJ	UCst_nP-wYKkEMpmmEwPDs2w
424	Experience Machines	Barker	Utility	INDIFFERENT	3:39	Lj2U-nCWPdQ	MPREb_3x7WKJmThUJ	UCst_nP-wYKkEMpmmEwPDs2w
425	Gradients Of Bliss	Barker	Utility	LIKE	5:28	8XF69E1yXPg	MPREb_3x7WKJmThUJ	UCst_nP-wYKkEMpmmEwPDs2w
426	Hedonic Treadmill	Barker	Utility	INDIFFERENT	4:09	kdIpIS6c2H8	MPREb_3x7WKJmThUJ	UCst_nP-wYKkEMpmmEwPDs2w
427	Models Of Wellbeing	Barker	Utility	INDIFFERENT	6:03	LhOmOoDzBJE	MPREb_3x7WKJmThUJ	UCst_nP-wYKkEMpmmEwPDs2w
428	Utility	Barker	Utility	LIKE	4:30	ImXLZSJtwnA	MPREb_3x7WKJmThUJ	UCst_nP-wYKkEMpmmEwPDs2w
429	Wireheading	Barker	Utility	LIKE	2:19	AKDvQjt6FdQ	MPREb_3x7WKJmThUJ	UCst_nP-wYKkEMpmmEwPDs2w
430	Die-Hards Of The Darwinian Order	Barker	Utility	LIKE	9:07	XBFs4DH4p80	MPREb_3x7WKJmThUJ	UCst_nP-wYKkEMpmmEwPDs2w
431	Hologram	The Horrors	V	INDIFFERENT	6:05	TeLN44vXv-Y	MPREb_XzxnPqzbQdZ	UCDwDPWxlTisVB5HeS11EeVw
432	Press Enter To Exit	The Horrors	V	INDIFFERENT	5:56	kHfTM1nJREw	MPREb_XzxnPqzbQdZ	UCDwDPWxlTisVB5HeS11EeVw
433	Machine	The Horrors	V	INDIFFERENT	5:17	HsYlPOmMX3o	MPREb_XzxnPqzbQdZ	UCDwDPWxlTisVB5HeS11EeVw
434	Ghost	The Horrors	V	INDIFFERENT	5:38	9Kr7mOFs1uo	MPREb_XzxnPqzbQdZ	UCDwDPWxlTisVB5HeS11EeVw
435	Point Of No Reply	The Horrors	V	INDIFFERENT	5:00	W3Mne7oyNaY	MPREb_XzxnPqzbQdZ	UCDwDPWxlTisVB5HeS11EeVw
436	Weighed Down	The Horrors	V	INDIFFERENT	6:32	ZHGVDNus-TM	MPREb_XzxnPqzbQdZ	UCDwDPWxlTisVB5HeS11EeVw
437	Gathering	The Horrors	V	INDIFFERENT	5:17	_jp2EOg3_lA	MPREb_XzxnPqzbQdZ	UCDwDPWxlTisVB5HeS11EeVw
438	World Below	The Horrors	V	INDIFFERENT	3:21	9JQIzmyRCgM	MPREb_XzxnPqzbQdZ	UCDwDPWxlTisVB5HeS11EeVw
439	It's a Good Life	The Horrors	V	INDIFFERENT	4:53	IO4RRtYhs0c	MPREb_XzxnPqzbQdZ	UCDwDPWxlTisVB5HeS11EeVw
440	Something To Remember Me By	The Horrors	V	INDIFFERENT	6:41	6tUhokcaYyY	MPREb_XzxnPqzbQdZ	UCDwDPWxlTisVB5HeS11EeVw
441	Eclipse	Wooden Shjips	V.	INDIFFERENT	6:24	hk2cpqEYIns	MPREb_pLTBkur0fb1	UCQuG3da7z_2Q7UsoBKlOLPw
442	In The Fall	Wooden Shjips	V.	INDIFFERENT	5:37	rVqT8a38zgw	MPREb_pLTBkur0fb1	UCQuG3da7z_2Q7UsoBKlOLPw
443	Red Line	Wooden Shjips	V.	INDIFFERENT	5:14	f9BrgmQ3rF4	MPREb_pLTBkur0fb1	UCQuG3da7z_2Q7UsoBKlOLPw
444	Already Gone	Wooden Shjips	V.	INDIFFERENT	4:21	MB9AtFIKzx8	MPREb_pLTBkur0fb1	UCQuG3da7z_2Q7UsoBKlOLPw
445	Staring At The Sun	Wooden Shjips	V.	LIKE	7:28	6PfYo-YYVPY	MPREb_pLTBkur0fb1	UCQuG3da7z_2Q7UsoBKlOLPw
446	Golden Flower	Wooden Shjips	V.	INDIFFERENT	6:04	BROnHYezjkk	MPREb_pLTBkur0fb1	UCQuG3da7z_2Q7UsoBKlOLPw
447	Ride On	Wooden Shjips	V.	INDIFFERENT	7:16	9UYq3UyACiY	MPREb_pLTBkur0fb1	UCQuG3da7z_2Q7UsoBKlOLPw
448	HELL-O	Flatbush Zombies	Vacation In Hell	INDIFFERENT	2:52	BEotxBLe3Ew	MPREb_oXruaWcodP1	UCeHJJ-gjQ6vki2H0ZCvuovw
449	Chunky	Flatbush Zombies	Vacation In Hell	INDIFFERENT	3:53	xYhnKie9rZg	MPREb_oXruaWcodP1	UCeHJJ-gjQ6vki2H0ZCvuovw
450	Vacation (feat. Joey Bada$$)	Flatbush Zombies	Vacation In Hell	INDIFFERENT	3:57	a6DVH4k5VUg	MPREb_oXruaWcodP1	UCeHJJ-gjQ6vki2H0ZCvuovw
451	M. Bison	Flatbush Zombies	Vacation In Hell	INDIFFERENT	4:00	VqKSiiOXPEI	MPREb_oXruaWcodP1	UCeHJJ-gjQ6vki2H0ZCvuovw
452	Headstone	Flatbush Zombies	Vacation In Hell	INDIFFERENT	4:18	uFDXiusMOzU	MPREb_oXruaWcodP1	UCeHJJ-gjQ6vki2H0ZCvuovw
453	Big Shrimp	Flatbush Zombies	Vacation In Hell	INDIFFERENT	3:57	2MpiPSl5baw	MPREb_oXruaWcodP1	UCeHJJ-gjQ6vki2H0ZCvuovw
454	Leather Symphony (feat. A$AP Twelvyy)	Flatbush Zombies	Vacation In Hell	INDIFFERENT	3:52	_h4Ow3ijGeE	MPREb_oXruaWcodP1	UCeHJJ-gjQ6vki2H0ZCvuovw
455	Reel Girls (feat. Bun B)	Flatbush Zombies	Vacation In Hell	INDIFFERENT	4:27	9DsD4puoS2A	MPREb_oXruaWcodP1	UCeHJJ-gjQ6vki2H0ZCvuovw
456	Facts (feat. Jadakiss)	Flatbush Zombies	Vacation In Hell	INDIFFERENT	4:32	IVF3TgA67_c	MPREb_oXruaWcodP1	UCeHJJ-gjQ6vki2H0ZCvuovw
457	Ask Courtney	Flatbush Zombies	Vacation In Hell	INDIFFERENT	3:03	AEyJkrELUvI	MPREb_oXruaWcodP1	UCeHJJ-gjQ6vki2H0ZCvuovw
458	Crown (feat. Portugal. The Man)	Flatbush Zombies	Vacation In Hell	INDIFFERENT	4:57	3C1zsDq_JUM	MPREb_oXruaWcodP1	UCeHJJ-gjQ6vki2H0ZCvuovw
459	Proxies	Flatbush Zombies	Vacation In Hell	INDIFFERENT	3:22	eZX-81yYdR8	MPREb_oXruaWcodP1	UCeHJJ-gjQ6vki2H0ZCvuovw
460	U&I (feat. Dia)	Flatbush Zombies	Vacation In Hell	INDIFFERENT	5:16	Z43X66CuDeg	MPREb_oXruaWcodP1	UCeHJJ-gjQ6vki2H0ZCvuovw
461	The Goddess (feat. Dave B & Dave B.)	Flatbush Zombies	Vacation In Hell	INDIFFERENT	4:00	tHg2_frpxKk	MPREb_oXruaWcodP1	UCeHJJ-gjQ6vki2H0ZCvuovw
462	Trapped	Flatbush Zombies	Vacation In Hell	INDIFFERENT	5:14	oJwZcm65Wug	MPREb_oXruaWcodP1	UCeHJJ-gjQ6vki2H0ZCvuovw
463	Best American	Flatbush Zombies	Vacation In Hell	INDIFFERENT	3:55	EhEXWC9Wfr8	MPREb_oXruaWcodP1	UCeHJJ-gjQ6vki2H0ZCvuovw
464	Misunderstood (feat. Nyck Caution)	Flatbush Zombies	Vacation In Hell	INDIFFERENT	2:30	fM2Mfsivp4Q	MPREb_oXruaWcodP1	UCeHJJ-gjQ6vki2H0ZCvuovw
465	YouAreMySunshine	Flatbush Zombies	Vacation In Hell	INDIFFERENT	2:49	Plr_3LlitB8	MPREb_oXruaWcodP1	UCeHJJ-gjQ6vki2H0ZCvuovw
466	The Glory (feat. Denzel Curry)	Flatbush Zombies	Vacation In Hell	INDIFFERENT	5:49	3wdsOFyfdYc	MPREb_oXruaWcodP1	UCeHJJ-gjQ6vki2H0ZCvuovw
467	Southern Point	Grizzly Bear	Veckatimest	INDIFFERENT	5:03	6W-Czs_vQ7s	MPREb_tMy6xvgggPJ	UCvPx-zURGfOw1CMqWtuulnw
468	Two Weeks	Grizzly Bear	Veckatimest	LIKE	4:04	qJxBUbgj9uA	MPREb_tMy6xvgggPJ	UCvPx-zURGfOw1CMqWtuulnw
469	All We Ask	Grizzly Bear	Veckatimest	LIKE	5:22	OmN7Zzr4PxI	MPREb_tMy6xvgggPJ	UCvPx-zURGfOw1CMqWtuulnw
470	Fine For Now	Grizzly Bear	Veckatimest	LIKE	5:32	zw6d3VUKoZw	MPREb_tMy6xvgggPJ	UCvPx-zURGfOw1CMqWtuulnw
471	Cheerleader	Grizzly Bear	Veckatimest	LIKE	4:55	DgYjOKv43Pk	MPREb_tMy6xvgggPJ	UCvPx-zURGfOw1CMqWtuulnw
472	Dory	Grizzly Bear	Veckatimest	LIKE	4:27	BRKrNRT-6eY	MPREb_tMy6xvgggPJ	UCvPx-zURGfOw1CMqWtuulnw
473	Ready, Able	Grizzly Bear	Veckatimest	LIKE	4:18	bdhswjPVuuw	MPREb_tMy6xvgggPJ	UCvPx-zURGfOw1CMqWtuulnw
474	About Face	Grizzly Bear	Veckatimest	LIKE	3:22	X5hDJPTxThE	MPREb_tMy6xvgggPJ	UCvPx-zURGfOw1CMqWtuulnw
475	Hold Still	Grizzly Bear	Veckatimest	LIKE	2:25	Y5OqedThkZE	MPREb_tMy6xvgggPJ	UCvPx-zURGfOw1CMqWtuulnw
476	While You Wait For The Others	Grizzly Bear	Veckatimest	LIKE	4:30	BWuMwU3xmLU	MPREb_tMy6xvgggPJ	UCvPx-zURGfOw1CMqWtuulnw
477	I Live With You	Grizzly Bear	Veckatimest	LIKE	4:58	3OL-mMe7a_Q	MPREb_tMy6xvgggPJ	UCvPx-zURGfOw1CMqWtuulnw
478	Foreground	Grizzly Bear	Veckatimest	LIKE	3:36	fKNpfLEWaHY	MPREb_tMy6xvgggPJ	UCvPx-zURGfOw1CMqWtuulnw
479	Caramelize	Frankie Cosmos	Vessel	INDIFFERENT	3:27	Lr2prHKGquE	MPREb_WUCJkKhIEL5	UCaO0_wxK62ldnVYyzriD7iA
480	Apathy	Frankie Cosmos	Vessel	INDIFFERENT	2:23	ZLIZGqCZjVE	MPREb_WUCJkKhIEL5	UCaO0_wxK62ldnVYyzriD7iA
481	As Often as I Can	Frankie Cosmos	Vessel	INDIFFERENT	1:02	ZpAavH2zvdo	MPREb_WUCJkKhIEL5	UCaO0_wxK62ldnVYyzriD7iA
482	This Stuff	Frankie Cosmos	Vessel	INDIFFERENT	1:38	JmwlBv-178A	MPREb_WUCJkKhIEL5	UCaO0_wxK62ldnVYyzriD7iA
483	Jesse	Frankie Cosmos	Vessel	INDIFFERENT	2:48	dUwZJoGreeI	MPREb_WUCJkKhIEL5	UCaO0_wxK62ldnVYyzriD7iA
484	Duet	Frankie Cosmos	Vessel	INDIFFERENT	2:12	-PehIGbxpII	MPREb_WUCJkKhIEL5	UCaO0_wxK62ldnVYyzriD7iA
485	Accommodate	Frankie Cosmos	Vessel	INDIFFERENT	1:34	0r6e-w9eSuQ	MPREb_WUCJkKhIEL5	UCaO0_wxK62ldnVYyzriD7iA
486	I'm Fried	Frankie Cosmos	Vessel	INDIFFERENT	1:40	a9gn3a3sDZ4	MPREb_WUCJkKhIEL5	UCaO0_wxK62ldnVYyzriD7iA
487	Hereby	Frankie Cosmos	Vessel	INDIFFERENT	0:57	3RILg2UdgRg	MPREb_WUCJkKhIEL5	UCaO0_wxK62ldnVYyzriD7iA
488	Ballad of R & J	Frankie Cosmos	Vessel	INDIFFERENT	1:35	ZjldK28N7aM	MPREb_WUCJkKhIEL5	UCaO0_wxK62ldnVYyzriD7iA
489	Ur Up	Frankie Cosmos	Vessel	INDIFFERENT	0:35	0duxuYLjCDo	MPREb_WUCJkKhIEL5	UCaO0_wxK62ldnVYyzriD7iA
490	Being Alive	Frankie Cosmos	Vessel	INDIFFERENT	2:22	F8zNLjeFIOU	MPREb_WUCJkKhIEL5	UCaO0_wxK62ldnVYyzriD7iA
491	Bus Bus Train Train	Frankie Cosmos	Vessel	INDIFFERENT	1:19	Sap57TBoXFk	MPREb_WUCJkKhIEL5	UCaO0_wxK62ldnVYyzriD7iA
492	My Phone	Frankie Cosmos	Vessel	INDIFFERENT	0:31	_2ulBec9vec	MPREb_WUCJkKhIEL5	UCaO0_wxK62ldnVYyzriD7iA
493	Cafeteria	Frankie Cosmos	Vessel	INDIFFERENT	2:56	f7Woret17uA	MPREb_WUCJkKhIEL5	UCaO0_wxK62ldnVYyzriD7iA
494	The End	Frankie Cosmos	Vessel	INDIFFERENT	1:23	QL2hDjhVx7I	MPREb_WUCJkKhIEL5	UCaO0_wxK62ldnVYyzriD7iA
495	Same Thing	Frankie Cosmos	Vessel	INDIFFERENT	1:27	WzOKZzM3Un0	MPREb_WUCJkKhIEL5	UCaO0_wxK62ldnVYyzriD7iA
496	Vessel	Frankie Cosmos	Vessel	INDIFFERENT	3:27	lbX0wvdJJhA	MPREb_WUCJkKhIEL5	UCaO0_wxK62ldnVYyzriD7iA
497	1539 N. Calvert	JPEGMAFIA	Veteran	LIKE	2:38	rqwA3wjcGns	MPREb_zEmWEXft2Sa	UC2FdkU6QNOTlKRsICUaJ4Kw
498	Real Nega	JPEGMAFIA	Veteran	INDIFFERENT	2:31	YmIxEYpOzAE	MPREb_zEmWEXft2Sa	UC2FdkU6QNOTlKRsICUaJ4Kw
499	Thug Tears	JPEGMAFIA	Veteran	INDIFFERENT	3:19	BMguV-1h8As	MPREb_zEmWEXft2Sa	UC2FdkU6QNOTlKRsICUaJ4Kw
500	Dayum	JPEGMAFIA	Veteran	INDIFFERENT	1:26	A20el1zAa7Q	MPREb_zEmWEXft2Sa	UC2FdkU6QNOTlKRsICUaJ4Kw
501	Baby I'm Bleeding	JPEGMAFIA	Veteran	INDIFFERENT	2:33	Mw5825Y1TRw	MPREb_zEmWEXft2Sa	UC2FdkU6QNOTlKRsICUaJ4Kw
502	My Thoughts On Neogaf Dying	JPEGMAFIA	Veteran	INDIFFERENT	1:34	03I9BRSjJsU	MPREb_zEmWEXft2Sa	UC2FdkU6QNOTlKRsICUaJ4Kw
503	Rock N Roll Is Dead	JPEGMAFIA	Veteran	INDIFFERENT	3:09	KYr2ai1KqRU	MPREb_zEmWEXft2Sa	UC2FdkU6QNOTlKRsICUaJ4Kw
504	DD Form 214	JPEGMAFIA	Veteran	INDIFFERENT	3:16	eECbTkOV44I	MPREb_zEmWEXft2Sa	UC2FdkU6QNOTlKRsICUaJ4Kw
505	Germs	JPEGMAFIA	Veteran	INDIFFERENT	2:42	MDe5fkIrrLo	MPREb_zEmWEXft2Sa	UC2FdkU6QNOTlKRsICUaJ4Kw
506	Libtard Anthem	JPEGMAFIA	Veteran	INDIFFERENT	1:20	zjOWO_GEYKg	MPREb_zEmWEXft2Sa	UC2FdkU6QNOTlKRsICUaJ4Kw
507	Panic Emoji	JPEGMAFIA	Veteran	INDIFFERENT	3:01	cZNH7otaJOk	MPREb_zEmWEXft2Sa	UC2FdkU6QNOTlKRsICUaJ4Kw
508	DJ Snitch Bitch Interlude	JPEGMAFIA	Veteran	INDIFFERENT	1:24	JvTeUsICm-Y	MPREb_zEmWEXft2Sa	UC2FdkU6QNOTlKRsICUaJ4Kw
509	Whole Foods	JPEGMAFIA	Veteran	INDIFFERENT	2:05	MDTJj6lhg6E	MPREb_zEmWEXft2Sa	UC2FdkU6QNOTlKRsICUaJ4Kw
510	Macaulay Culkin	JPEGMAFIA	Veteran	INDIFFERENT	1:58	jkxHr9wI4xc	MPREb_zEmWEXft2Sa	UC2FdkU6QNOTlKRsICUaJ4Kw
511	Williamsburg	JPEGMAFIA	Veteran	INDIFFERENT	3:33	uNG5HHuBhOA	MPREb_zEmWEXft2Sa	UC2FdkU6QNOTlKRsICUaJ4Kw
512	I Cannot Fucking Wait Til Morrissey Dies	JPEGMAFIA	Veteran	INDIFFERENT	1:27	0-T5tCTvICk	MPREb_zEmWEXft2Sa	UC2FdkU6QNOTlKRsICUaJ4Kw
513	Rainbow Six	JPEGMAFIA	Veteran	INDIFFERENT	4:43	Lbn-i9ivfFo	MPREb_zEmWEXft2Sa	UC2FdkU6QNOTlKRsICUaJ4Kw
514	1488	JPEGMAFIA	Veteran	INDIFFERENT	2:29	_WVOq6gC2Mg	MPREb_zEmWEXft2Sa	UC2FdkU6QNOTlKRsICUaJ4Kw
515	Curb Stomp	JPEGMAFIA	Veteran	INDIFFERENT	2:16	OTuk6KdJVQk	MPREb_zEmWEXft2Sa	UC2FdkU6QNOTlKRsICUaJ4Kw
516	Taita Inty	Yma Sumac	Voice Of The Xtaby	INDIFFERENT	3:07	1vjb8-1MWiM	MPREb_swCXujvTO5m	UCN8eW97N-nItc3OUf4CPnqw
517	Ataypura!	Yma Sumac	Voice Of The Xtaby	INDIFFERENT	3:05	VTb8gho_Qg4	MPREb_swCXujvTO5m	UCN8eW97N-nItc3OUf4CPnqw
518	Accla Taqui	Yma Sumac	Voice Of The Xtaby	INDIFFERENT	2:45	J_QWHYBB73o	MPREb_swCXujvTO5m	UCN8eW97N-nItc3OUf4CPnqw
519	Tumpa!	Yma Sumac	Voice Of The Xtaby	INDIFFERENT	3:20	SfOzma2tCFk	MPREb_swCXujvTO5m	UCN8eW97N-nItc3OUf4CPnqw
520	Choladas	Yma Sumac	Voice Of The Xtaby	INDIFFERENT	2:35	N32Wr6Z8344	MPREb_swCXujvTO5m	UCN8eW97N-nItc3OUf4CPnqw
521	Wayra	Yma Sumac	Voice Of The Xtaby	INDIFFERENT	3:03	W0Dg_qOkaEE	MPREb_swCXujvTO5m	UCN8eW97N-nItc3OUf4CPnqw
522	Monos	Yma Sumac	Voice Of The Xtaby	INDIFFERENT	2:41	ax8RwoME-ik	MPREb_swCXujvTO5m	UCN8eW97N-nItc3OUf4CPnqw
523	Xtabay	Yma Sumac	Voice Of The Xtaby	INDIFFERENT	3:19	hrOtR4C106M	MPREb_swCXujvTO5m	UCN8eW97N-nItc3OUf4CPnqw
524	K'arawi	Yma Sumac	Inca Taqui	INDIFFERENT	3:21	Jvp4eqSwqpM	MPREb_4SaO6YWCE26	UCN8eW97N-nItc3OUf4CPnqw
525	Cumbe-Maita	Yma Sumac	Inca Taqui	INDIFFERENT	3:10	37CWxsPqBkU	MPREb_4SaO6YWCE26	UCN8eW97N-nItc3OUf4CPnqw
526	Wak'al	Yma Sumac	Inca Taqui	INDIFFERENT	2:33	XGs1u2rOrKE	MPREb_4SaO6YWCE26	UCN8eW97N-nItc3OUf4CPnqw
527	Incacho	Yma Sumac	Inca Taqui	INDIFFERENT	3:12	c21UMKgxu8A	MPREb_4SaO6YWCE26	UCN8eW97N-nItc3OUf4CPnqw
528	Chuncho	Yma Sumac	Inca Taqui	INDIFFERENT	3:42	JgoA12ytiko	MPREb_4SaO6YWCE26	UCN8eW97N-nItc3OUf4CPnqw
529	Llullia Mak'ta	Yma Sumac	Inca Taqui	INDIFFERENT	2:28	KAuwCb96m8M	MPREb_4SaO6YWCE26	UCN8eW97N-nItc3OUf4CPnqw
530	Malaya!	Yma Sumac	Inca Taqui	INDIFFERENT	3:29	9zWe3513BGA	MPREb_4SaO6YWCE26	UCN8eW97N-nItc3OUf4CPnqw
531	Ripui	Yma Sumac	Inca Taqui	INDIFFERENT	3:01	bzgdkObyajQ	MPREb_4SaO6YWCE26	UCN8eW97N-nItc3OUf4CPnqw
532	Richter: On The Nature Of Daylight	Max Richter	Voyager - Essential Max Richter	INDIFFERENT	6:15	nVoVG7-UDUs	MPREb_6vFFmb664HP	UCQ9qvYOejrGR1fNOmTIreSQ
533	Richter: A Catalogue Of Afternoons	Max Richter	Voyager - Essential Max Richter	INDIFFERENT	1:49	3dE5KHyYiYc	MPREb_6vFFmb664HP	UCQ9qvYOejrGR1fNOmTIreSQ
534	Richter: Recomposed By Max Richter: Vivaldi, The Four Seasons - Spring 0	Max Richter	Voyager - Essential Max Richter	INDIFFERENT	0:42	TbUNL3aq-us	MPREb_6vFFmb664HP	UCQ9qvYOejrGR1fNOmTIreSQ
535	Richter: Recomposed By Max Richter: Vivaldi, The Four Seasons - Spring 1	Max Richter	Voyager - Essential Max Richter	INDIFFERENT	2:33	s_KGo9tNNSI	MPREb_6vFFmb664HP	UCQ9qvYOejrGR1fNOmTIreSQ
536	Richter: Autumn Music 2	Max Richter	Voyager - Essential Max Richter	INDIFFERENT	3:52	8effATd3fsU	MPREb_6vFFmb664HP	UCQ9qvYOejrGR1fNOmTIreSQ
537	Richter: Three Worlds: Music From Woolf Works / Orlando - Modular Astronomy	Deutsches Filmorchester Babelsberg	Voyager - Essential Max Richter	INDIFFERENT	3:19	9lAVz7lozno	MPREb_6vFFmb664HP	UC6N5kRnCWweiOxzY2PqKUNA
538	Richter: Vladimir's Blues	Max Richter	Voyager - Essential Max Richter	INDIFFERENT	1:22	vzykut-zOJY	MPREb_6vFFmb664HP	UCQ9qvYOejrGR1fNOmTIreSQ
539	Richter: November	Mari Samuelsen	Voyager - Essential Max Richter	INDIFFERENT	6:08	HGCxF3CGR6U	MPREb_6vFFmb664HP	UCaSUHk-ma2OAZVyrmQy3xCg
540	Richter: Dream 3 (in the midst of my life)	Max Richter	Voyager - Essential Max Richter	INDIFFERENT	10:03	PajnCu1gDfo	MPREb_6vFFmb664HP	UCQ9qvYOejrGR1fNOmTIreSQ
541	Richter: Hope Strings Eternal	Max Richter	Voyager - Essential Max Richter	INDIFFERENT	1:20	T0X-BdsF_JA	MPREb_6vFFmb664HP	UCQ9qvYOejrGR1fNOmTIreSQ
542	Richter: Iconography	Max Richter	Voyager - Essential Max Richter	INDIFFERENT	3:42	88tfmsrRNpc	MPREb_6vFFmb664HP	UCQ9qvYOejrGR1fNOmTIreSQ
543	Richter: Circles From The Rue Simon – Crubellier	Max Richter	Voyager - Essential Max Richter	INDIFFERENT	1:08	TyqDSGt5Oxg	MPREb_6vFFmb664HP	UCQ9qvYOejrGR1fNOmTIreSQ
544	Richter: Infra 8	Louisa Fuller	Voyager - Essential Max Richter	INDIFFERENT	3:20	ZbY0CUfMmyU	MPREb_6vFFmb664HP	UCfXwwAnGP6oNuY2P1Dr4fdg
545	Richter: Three Worlds: Music From Woolf Works / Mrs Dalloway - War Anthem	Deutsches Filmorchester Babelsberg	Voyager - Essential Max Richter	INDIFFERENT	6:55	SphLu4rXryw	MPREb_6vFFmb664HP	UC6N5kRnCWweiOxzY2PqKUNA
546	Richter: Lullaby From The Westcoast Sleepers	Max Richter	Voyager - Essential Max Richter	INDIFFERENT	2:06	Ydgq7FSihGA	MPREb_6vFFmb664HP	UCQ9qvYOejrGR1fNOmTIreSQ
547	Richter: Sunlight	Louisa Fuller	Voyager - Essential Max Richter	INDIFFERENT	5:39	txgvPK6P998	MPREb_6vFFmb664HP	
548	In The Garden (Recorded at Spotify Studios NYC)	Max Richter	Voyager - Essential Max Richter	INDIFFERENT	4:59	8OjiQD5cLfI	MPREb_6vFFmb664HP	UCQ9qvYOejrGR1fNOmTIreSQ
549	Richter: Broken Symmetries For Y	Max Richter	Voyager - Essential Max Richter	INDIFFERENT	1:04	AcOHHmu7n6c	MPREb_6vFFmb664HP	UCQ9qvYOejrGR1fNOmTIreSQ
550	Richter: Mercy (Live)	Hilary Hahn	Voyager - Essential Max Richter	INDIFFERENT	5:23	onmlx2AKkbs	MPREb_6vFFmb664HP	UCsy1Yi0dP8gP9Z63T1wsghw
551	Richter: Dream Solo	Max Richter	Voyager - Essential Max Richter	INDIFFERENT	6:55	BniQ1K0D4XE	MPREb_6vFFmb664HP	UCQ9qvYOejrGR1fNOmTIreSQ
552	Richter: Path Solo	Max Richter	Voyager - Essential Max Richter	INDIFFERENT	4:11	hfkXYjug6N0	MPREb_6vFFmb664HP	UCQ9qvYOejrGR1fNOmTIreSQ
553	The Inexorable Advance Of Mr. Delaney (From “Taboo” TV Series Soundtrack)	Max Richter	Voyager - Essential Max Richter	INDIFFERENT	2:59	wk6EOf_jYCY	MPREb_6vFFmb664HP	UCQ9qvYOejrGR1fNOmTIreSQ
554	"The Young Mariner (From ""Henry May Long"" Soundtrack)"	Max Richter	Voyager - Essential Max Richter	INDIFFERENT	4:08	F02nX2fxa5Y	MPREb_6vFFmb664HP	UCQ9qvYOejrGR1fNOmTIreSQ
555	"Trigger (From ""White Boy Rick"" Soundtrack)"	Max Richter	Voyager - Essential Max Richter	INDIFFERENT	4:21	suiLBXbW3Og	MPREb_6vFFmb664HP	UCQ9qvYOejrGR1fNOmTIreSQ
556	Elena & Lila (From “My Brilliant Friend” TV Series Soundtrack)	Max Richter	Voyager - Essential Max Richter	INDIFFERENT	4:55	lhKo5K1ToRE	MPREb_6vFFmb664HP	UCQ9qvYOejrGR1fNOmTIreSQ
557	"Ride To Marathon Station (From ""White Boy Rick"" Soundtrack)"	Max Richter	Voyager - Essential Max Richter	INDIFFERENT	2:12	bIF8RhPLjMM	MPREb_6vFFmb664HP	UCQ9qvYOejrGR1fNOmTIreSQ
558	Lamentation For A Lost Life (From “Taboo” TV Series Soundtrack)	Max Richter	Voyager - Essential Max Richter	INDIFFERENT	2:20	VfAwODPg-9c	MPREb_6vFFmb664HP	UCQ9qvYOejrGR1fNOmTIreSQ
559	"The Mind’s Eye (From ""Werk ohne Autor"" Soundtrack)"	Max Richter	Voyager - Essential Max Richter	INDIFFERENT	2:49	Z_BrnwcOi7o	MPREb_6vFFmb664HP	UCQ9qvYOejrGR1fNOmTIreSQ
560	"Where We Belong (From ""Hostiles"" Soundtrack)"	Max Richter	Voyager - Essential Max Richter	INDIFFERENT	2:56	L1eDzNGnRrw	MPREb_6vFFmb664HP	UCQ9qvYOejrGR1fNOmTIreSQ
561	"A New Generation (From ""Mary Queen Of Scots"" Soundtrack)"	Max Richter	Voyager - Essential Max Richter	INDIFFERENT	2:49	E5QRS6pVgpk	MPREb_6vFFmb664HP	UCQ9qvYOejrGR1fNOmTIreSQ
562	"On Reflection (Music From ""Black Mirror"" TV Series)"	Max Richter	Voyager - Essential Max Richter	INDIFFERENT	7:18	KFR9cpgiseA	MPREb_6vFFmb664HP	UCQ9qvYOejrGR1fNOmTIreSQ
563	Your Reflection (From “My Brilliant Friend” TV Series Soundtrack)	Max Richter	Voyager - Essential Max Richter	INDIFFERENT	3:37	anF1P3lUTzM	MPREb_6vFFmb664HP	UCQ9qvYOejrGR1fNOmTIreSQ
564	"A Woman Alone (From ""Hostiles"" Soundtrack)"	Max Richter	Voyager - Essential Max Richter	INDIFFERENT	1:50	8-oqiF9aHGo	MPREb_6vFFmb664HP	UCQ9qvYOejrGR1fNOmTIreSQ
565	Our Reflection (From “My Brilliant Friend” TV Series Soundtrack)	Max Richter	Voyager - Essential Max Richter	INDIFFERENT	5:35	COa39oeVvOo	MPREb_6vFFmb664HP	UCQ9qvYOejrGR1fNOmTIreSQ
566	"Wershe & Son (From ""White Boy Rick"" Soundtrack)"	Max Richter	Voyager - Essential Max Richter	INDIFFERENT	2:18	ijiEZ4nIrHM	MPREb_6vFFmb664HP	UCQ9qvYOejrGR1fNOmTIreSQ
567	Richter: The Departure	Lang Lang	Voyager - Essential Max Richter	INDIFFERENT	2:32	QqarHeU59_c	MPREb_6vFFmb664HP	UCsFQJXL5lSFURgj2ux0wwWQ
568	Bombs Above	Jeff Tweedy	WARM	INDIFFERENT	2:16	5_7zv84uwCQ	MPREb_lXFcHnu6auf	UCBTNjh7tNSvoOwEvYeqWY0g
569	Some Birds	Jeff Tweedy	WARM	LIKE	3:42	HkMDUpJufxM	MPREb_lXFcHnu6auf	UCBTNjh7tNSvoOwEvYeqWY0g
570	Don't Forget	Jeff Tweedy	WARM	INDIFFERENT	3:31	Y3FEZ7-RNzI	MPREb_lXFcHnu6auf	UCBTNjh7tNSvoOwEvYeqWY0g
571	How Hard It Is For A Desert To Die	Jeff Tweedy	WARM	INDIFFERENT	4:50	m-7GSuq6T-w	MPREb_lXFcHnu6auf	UCBTNjh7tNSvoOwEvYeqWY0g
572	Let's Go Rain	Jeff Tweedy	WARM	LIKE	2:58	dt2sNAhQKus	MPREb_lXFcHnu6auf	UCBTNjh7tNSvoOwEvYeqWY0g
573	From Far Away	Jeff Tweedy	WARM	INDIFFERENT	3:11	KG9odoaznXA	MPREb_lXFcHnu6auf	UCBTNjh7tNSvoOwEvYeqWY0g
574	I Know What It's Like	Jeff Tweedy	WARM	LIKE	3:47	mik7zzLWx_w	MPREb_lXFcHnu6auf	UCBTNjh7tNSvoOwEvYeqWY0g
575	Having Been Is No Way To Be	Jeff Tweedy	WARM	LIKE	4:35	1CxU_vbntDg	MPREb_lXFcHnu6auf	UCBTNjh7tNSvoOwEvYeqWY0g
576	The Red Brick	Jeff Tweedy	WARM	INDIFFERENT	2:37	ZBBFD6EDXrs	MPREb_lXFcHnu6auf	UCBTNjh7tNSvoOwEvYeqWY0g
577	Warm (When The Sun Has Died)	Jeff Tweedy	WARM	INDIFFERENT	2:19	Mf3r-h8j85I	MPREb_lXFcHnu6auf	UCBTNjh7tNSvoOwEvYeqWY0g
578	How Will I Find You?	Jeff Tweedy	WARM	LIKE	6:06	Gc-CfuKlJ2M	MPREb_lXFcHnu6auf	UCBTNjh7tNSvoOwEvYeqWY0g
579	Watermark	Enya	Watermark	INDIFFERENT	2:26	7bABrVM4wWA	MPREb_rzuLO6XJt7D	UCoj_-F4-Rl6aB6U5fbl8Rhg
580	Cursum Perficio	Enya	Watermark	INDIFFERENT	4:10	Owp0yFQ6Vig	MPREb_rzuLO6XJt7D	UCoj_-F4-Rl6aB6U5fbl8Rhg
581	On Your Shore	Enya	Watermark	INDIFFERENT	4:01	evObkarEIEU	MPREb_rzuLO6XJt7D	UCoj_-F4-Rl6aB6U5fbl8Rhg
582	Storms in Africa	Enya	Watermark	INDIFFERENT	4:05	0Ywem5qfl4k	MPREb_rzuLO6XJt7D	UCoj_-F4-Rl6aB6U5fbl8Rhg
583	Exile	Enya	Watermark	LIKE	4:22	SM_fvwGTB58	MPREb_rzuLO6XJt7D	UCoj_-F4-Rl6aB6U5fbl8Rhg
584	Miss Clare Remembers	Enya	Watermark	INDIFFERENT	2:00	BsdYoaNYjb0	MPREb_rzuLO6XJt7D	UCoj_-F4-Rl6aB6U5fbl8Rhg
585	Orinoco Flow	Enya	Watermark	INDIFFERENT	4:27	wmFhtngzmRs	MPREb_rzuLO6XJt7D	UCoj_-F4-Rl6aB6U5fbl8Rhg
586	Evening Falls	Enya	Watermark	INDIFFERENT	3:50	gQvPDlQHMnU	MPREb_rzuLO6XJt7D	UCoj_-F4-Rl6aB6U5fbl8Rhg
587	River	Enya	Watermark	INDIFFERENT	3:13	PG4lrNXYzaA	MPREb_rzuLO6XJt7D	UCoj_-F4-Rl6aB6U5fbl8Rhg
588	The Longships	Enya	Watermark	INDIFFERENT	3:40	ovQT_T5jvuA	MPREb_rzuLO6XJt7D	UCoj_-F4-Rl6aB6U5fbl8Rhg
589	Na Laetha Geal M'óige	Enya	Watermark	INDIFFERENT	3:57	1OlYG1bO1Uk	MPREb_rzuLO6XJt7D	UCoj_-F4-Rl6aB6U5fbl8Rhg
590	Storms in Africa (Pt. II)	Enya	Watermark	INDIFFERENT	3:02	PrNmEqIriY8	MPREb_rzuLO6XJt7D	UCoj_-F4-Rl6aB6U5fbl8Rhg
591	In the Darkness	Foxygen	We Are The 21st Century Ambassadors Of Peace & Magic	LIKE	2:01	si8RUjEQ_p0	MPREb_9o9bJ9oJcHZ	UCwRCAiWyrpxMa6tjy0D0WYw
592	No Destruction	Foxygen	We Are The 21st Century Ambassadors Of Peace & Magic	LIKE	4:56	E2WpR8ZaHWg	MPREb_9o9bJ9oJcHZ	UCwRCAiWyrpxMa6tjy0D0WYw
593	On Blue Mountain	Foxygen	We Are The 21st Century Ambassadors Of Peace & Magic	LIKE	5:50	E-LmB3DBetA	MPREb_9o9bJ9oJcHZ	UCwRCAiWyrpxMa6tjy0D0WYw
594	San Francisco	Foxygen	We Are The 21st Century Ambassadors Of Peace & Magic	LIKE	3:47	mdB1QlEPodk	MPREb_9o9bJ9oJcHZ	UCwRCAiWyrpxMa6tjy0D0WYw
595	Bowling Trophies	Foxygen	We Are The 21st Century Ambassadors Of Peace & Magic	INDIFFERENT	1:47	j0VgD0J8mtk	MPREb_9o9bJ9oJcHZ	UCwRCAiWyrpxMa6tjy0D0WYw
596	Shuggie	Foxygen	We Are The 21st Century Ambassadors Of Peace & Magic	LIKE	3:21	HGlyrwnTTwM	MPREb_9o9bJ9oJcHZ	UCwRCAiWyrpxMa6tjy0D0WYw
597	Oh Yeah	Foxygen	We Are The 21st Century Ambassadors Of Peace & Magic	LIKE	5:16	pIcZUToudt4	MPREb_9o9bJ9oJcHZ	UCwRCAiWyrpxMa6tjy0D0WYw
598	We Are the 21st Century Ambassadors of Peace & Magic	Foxygen	We Are The 21st Century Ambassadors Of Peace & Magic	INDIFFERENT	4:27	C97__HA3vWo	MPREb_9o9bJ9oJcHZ	UCwRCAiWyrpxMa6tjy0D0WYw
599	Oh No	Foxygen	We Are The 21st Century Ambassadors Of Peace & Magic	LIKE	5:21	y1nZixxdgNk	MPREb_9o9bJ9oJcHZ	UCwRCAiWyrpxMa6tjy0D0WYw
600	The Opener	Sonna	We Sing Loud, Sing Soft Tonight	INDIFFERENT	9:13	AYr759dLy24	MPREb_sYsH4yoCoBi	UC-gxT1vb2Rz94AUBsdCuCgQ
601	Low And To The Side	Sonna	We Sing Loud, Sing Soft Tonight	INDIFFERENT	6:23	gMg6YxEkiLA	MPREb_sYsH4yoCoBi	UC-gxT1vb2Rz94AUBsdCuCgQ
602	We Sing Loud	Sonna	We Sing Loud, Sing Soft Tonight	INDIFFERENT	7:28	E71RHR4lZGA	MPREb_sYsH4yoCoBi	UC-gxT1vb2Rz94AUBsdCuCgQ
603	Sing Soft Tonight	Sonna	We Sing Loud, Sing Soft Tonight	INDIFFERENT	8:09	8RjzvlSN56s	MPREb_sYsH4yoCoBi	UC-gxT1vb2Rz94AUBsdCuCgQ
604	Sleep On It	Sonna	We Sing Loud, Sing Soft Tonight	INDIFFERENT	9:32	i5MYB1Ns148	MPREb_sYsH4yoCoBi	UC-gxT1vb2Rz94AUBsdCuCgQ
605	Real Quiet	Sonna	We Sing Loud, Sing Soft Tonight	INDIFFERENT	4:50	elaBPc_k0tI	MPREb_sYsH4yoCoBi	UC-gxT1vb2Rz94AUBsdCuCgQ
606	Demon Tied to a Chair in My Brain	Dax Riggs	We Sing of Only Blood or Love	INDIFFERENT	2:13	yBoVLpkVzao	MPREb_IXW3TlAKQSO	UCceorxXdCPpmKil9Oq1GUJg
607	Didn't Know yet What I'd Know When I Was Bleedin'	Dax Riggs	We Sing of Only Blood or Love	INDIFFERENT	2:39	XysYOWPRQUw	MPREb_IXW3TlAKQSO	UCceorxXdCPpmKil9Oq1GUJg
608	Night Is the Notion	Dax Riggs	We Sing of Only Blood or Love	INDIFFERENT	2:38	uc62J7_XvWw	MPREb_IXW3TlAKQSO	UCceorxXdCPpmKil9Oq1GUJg
609	Radiation Blues	Dax Riggs	We Sing of Only Blood or Love	INDIFFERENT	2:32	JVqnwrvDCqY	MPREb_IXW3TlAKQSO	UCceorxXdCPpmKil9Oq1GUJg
610	The Terrors of Nightlife	Dax Riggs	We Sing of Only Blood or Love	INDIFFERENT	2:36	J7-H85_3cls	MPREb_IXW3TlAKQSO	UCceorxXdCPpmKil9Oq1GUJg
611	A Spinning Song	Dax Riggs	We Sing of Only Blood or Love	INDIFFERENT	2:19	8RIb3D9vXok	MPREb_IXW3TlAKQSO	UCceorxXdCPpmKil9Oq1GUJg
612	Truth in the Dark	Dax Riggs	We Sing of Only Blood or Love	INDIFFERENT	2:40	1VxRg_dWNBk	MPREb_IXW3TlAKQSO	UCceorxXdCPpmKil9Oq1GUJg
613	Ouroboros	Dax Riggs	We Sing of Only Blood or Love	INDIFFERENT	1:40	0ajU3pdb5qA	MPREb_IXW3TlAKQSO	UCceorxXdCPpmKil9Oq1GUJg
614	Living Is Suicide	Dax Riggs	We Sing of Only Blood or Love	INDIFFERENT	1:55	volzTnpRW0M	MPREb_IXW3TlAKQSO	UCceorxXdCPpmKil9Oq1GUJg
615	Forgot I Was Alive	Dax Riggs	We Sing of Only Blood or Love	INDIFFERENT	2:22	R0xnTif8shc	MPREb_IXW3TlAKQSO	UCceorxXdCPpmKil9Oq1GUJg
616	Ghost Movement	Dax Riggs	We Sing of Only Blood or Love	INDIFFERENT	2:52	Wz1z1KxG9v4	MPREb_IXW3TlAKQSO	UCceorxXdCPpmKil9Oq1GUJg
617	Dog Headed Whore	Dax Riggs	We Sing of Only Blood or Love	INDIFFERENT	2:07	lxNxuRnw3_4	MPREb_IXW3TlAKQSO	UCceorxXdCPpmKil9Oq1GUJg
618	Wall of Death	Dax Riggs	We Sing of Only Blood or Love	INDIFFERENT	2:32	QNJsG2DrJpU	MPREb_IXW3TlAKQSO	UCceorxXdCPpmKil9Oq1GUJg
619	Scarlett of Heaven nor Hell	Dax Riggs	We Sing of Only Blood or Love	INDIFFERENT	1:41	i4elJpQnArk	MPREb_IXW3TlAKQSO	UCceorxXdCPpmKil9Oq1GUJg
620	Deathbryte	Dax Riggs	We Sing of Only Blood or Love	INDIFFERENT	2:20	waTl67xiISw	MPREb_IXW3TlAKQSO	UCceorxXdCPpmKil9Oq1GUJg
621	We the Common (For Valerie Bolden)	Thao & The Get Down Stay Down	We the Common	INDIFFERENT	3:37	XFk29U_Spj8	MPREb_1b2Hmoo1Wy1	UCrS9pwHIXDHKs6exrE0td3w
622	City	Thao & The Get Down Stay Down	We the Common	INDIFFERENT	2:34	QMahz7yGnTo	MPREb_1b2Hmoo1Wy1	UCrS9pwHIXDHKs6exrE0td3w
623	We Don't Call	Thao & The Get Down Stay Down	We the Common	INDIFFERENT	2:58	XfFHBRaBjxo	MPREb_1b2Hmoo1Wy1	UCrS9pwHIXDHKs6exrE0td3w
624	The Feeling Kind	Thao & The Get Down Stay Down	We the Common	INDIFFERENT	3:34	MIw2cT9600I	MPREb_1b2Hmoo1Wy1	UCrS9pwHIXDHKs6exrE0td3w
625	Holy Roller	Thao & The Get Down Stay Down	We the Common	INDIFFERENT	2:36	_8wcdp0nrp8	MPREb_1b2Hmoo1Wy1	UCrS9pwHIXDHKs6exrE0td3w
626	Kindness Be Conceived	Thao & The Get Down Stay Down	We the Common	INDIFFERENT	3:16	SacfhVsNQJk	MPREb_1b2Hmoo1Wy1	UCrS9pwHIXDHKs6exrE0td3w
627	The Day Long	Thao & The Get Down Stay Down	We the Common	INDIFFERENT	3:21	nahbh_lvXp4	MPREb_1b2Hmoo1Wy1	UCrS9pwHIXDHKs6exrE0td3w
628	Every Body	Thao & The Get Down Stay Down	We the Common	INDIFFERENT	2:42	Fd-urd0MB8o	MPREb_1b2Hmoo1Wy1	UCrS9pwHIXDHKs6exrE0td3w
629	Move	Thao & The Get Down Stay Down	We the Common	INDIFFERENT	3:14	jB4qBkxvpkM	MPREb_1b2Hmoo1Wy1	UCrS9pwHIXDHKs6exrE0td3w
630	Clouds for Brains	Thao & The Get Down Stay Down	We the Common	INDIFFERENT	2:58	5MJAqPQsQ2A	MPREb_1b2Hmoo1Wy1	UCrS9pwHIXDHKs6exrE0td3w
631	Human Heart	Thao & The Get Down Stay Down	We the Common	INDIFFERENT	2:41	Mw3eF8s24Og	MPREb_1b2Hmoo1Wy1	UCrS9pwHIXDHKs6exrE0td3w
632	Age of Ice	Thao & The Get Down Stay Down	We the Common	INDIFFERENT	3:08	7m6LfCx1BMI	MPREb_1b2Hmoo1Wy1	UCrS9pwHIXDHKs6exrE0td3w
633	March Into the Sea	Modest Mouse	We Were Dead Before The Ship Even Sank	INDIFFERENT	3:31	Uh9HJkrH0Po	MPREb_tAbgb7CKiPz	UCiX0EqRfobz765eBovS1BNQ
634	Dashboard	Modest Mouse	We Were Dead Before The Ship Even Sank	LIKE	4:07	21euaOPVneM	MPREb_tAbgb7CKiPz	UCiX0EqRfobz765eBovS1BNQ
635	Fire It Up	Modest Mouse	We Were Dead Before The Ship Even Sank	INDIFFERENT	4:35	fv0la5bp1Js	MPREb_tAbgb7CKiPz	UCiX0EqRfobz765eBovS1BNQ
636	Florida	Modest Mouse	We Were Dead Before The Ship Even Sank	INDIFFERENT	2:58	Hp5ro-Gm-3g	MPREb_tAbgb7CKiPz	UCiX0EqRfobz765eBovS1BNQ
637	Parting of the Sensory	Modest Mouse	We Were Dead Before The Ship Even Sank	LIKE	5:35	ln1wWv1VoJ8	MPREb_tAbgb7CKiPz	UCiX0EqRfobz765eBovS1BNQ
638	Missed the Boat	Modest Mouse	We Were Dead Before The Ship Even Sank	INDIFFERENT	4:25	LI1XqhSAjRs	MPREb_tAbgb7CKiPz	UCiX0EqRfobz765eBovS1BNQ
639	We've Got Everything	Modest Mouse	We Were Dead Before The Ship Even Sank	INDIFFERENT	3:41	ehk2LyvcFpk	MPREb_tAbgb7CKiPz	UCiX0EqRfobz765eBovS1BNQ
640	Fly Trapped In a Jar	Modest Mouse	We Were Dead Before The Ship Even Sank	INDIFFERENT	4:30	jci1S0hvW4Y	MPREb_tAbgb7CKiPz	UCiX0EqRfobz765eBovS1BNQ
641	Education	Modest Mouse	We Were Dead Before The Ship Even Sank	INDIFFERENT	3:57	bbpD00R3nI8	MPREb_tAbgb7CKiPz	UCiX0EqRfobz765eBovS1BNQ
642	Little Motel	Modest Mouse	We Were Dead Before The Ship Even Sank	INDIFFERENT	4:45	f3RennHplrI	MPREb_tAbgb7CKiPz	UCiX0EqRfobz765eBovS1BNQ
643	Steam Engenius	Modest Mouse	We Were Dead Before The Ship Even Sank	INDIFFERENT	4:27	KEKIYJXGKSo	MPREb_tAbgb7CKiPz	UCiX0EqRfobz765eBovS1BNQ
644	Spitting Venom	Modest Mouse	We Were Dead Before The Ship Even Sank	INDIFFERENT	8:28	K-txAt5n4cI	MPREb_tAbgb7CKiPz	UCiX0EqRfobz765eBovS1BNQ
645	People As Places As People	Modest Mouse	We Were Dead Before The Ship Even Sank	INDIFFERENT	3:43	xqi2v-z7vK0	MPREb_tAbgb7CKiPz	UCiX0EqRfobz765eBovS1BNQ
646	Invisible	Modest Mouse	We Were Dead Before The Ship Even Sank	INDIFFERENT	4:00	PyHye7q3UOA	MPREb_tAbgb7CKiPz	UCiX0EqRfobz765eBovS1BNQ
647	Backspace Century ¬†	Deerhunter	Weird Era Cont.	INDIFFERENT	2:21	7iJcBk11Ie0	MPREb_jExH5BE9wTu	UCYvqcYNDW5Ebw6nnq-mYN4Q
648	Operation	Deerhunter	Weird Era Cont.	INDIFFERENT	4:06	eOrljGducgE	MPREb_jExH5BE9wTu	UCYvqcYNDW5Ebw6nnq-mYN4Q
649	Ghost Outfit	Deerhunter	Weird Era Cont.	INDIFFERENT	0:35	cglk5XoaokU	MPREb_jExH5BE9wTu	UCYvqcYNDW5Ebw6nnq-mYN4Q
650	Dot Gain	Deerhunter	Weird Era Cont.	INDIFFERENT	3:21	jk7C6esP9kI	MPREb_jExH5BE9wTu	UCYvqcYNDW5Ebw6nnq-mYN4Q
651	Vox Celeste	Deerhunter	Weird Era Cont.	INDIFFERENT	3:36	solkIIQcaPg	MPREb_jExH5BE9wTu	UCYvqcYNDW5Ebw6nnq-mYN4Q
652	Cicadas	Deerhunter	Weird Era Cont.	INDIFFERENT	2:28	K5XSXndQ8hY	MPREb_jExH5BE9wTu	UCYvqcYNDW5Ebw6nnq-mYN4Q
653	Vox Humana	Deerhunter	Weird Era Cont.	INDIFFERENT	2:34	irrq6Jk1IIg	MPREb_jExH5BE9wTu	UCYvqcYNDW5Ebw6nnq-mYN4Q
654	Vhs Dream	Deerhunter	Weird Era Cont.	INDIFFERENT	2:35	RlBw0zw88p0	MPREb_jExH5BE9wTu	UCYvqcYNDW5Ebw6nnq-mYN4Q
655	Focus Group	Deerhunter	Weird Era Cont.	INDIFFERENT	2:50	HQv0IxI4xYs	MPREb_jExH5BE9wTu	UCYvqcYNDW5Ebw6nnq-mYN4Q
656	Slow Swords	Deerhunter	Weird Era Cont.	INDIFFERENT	3:27	-7XBsDxo3zw	MPREb_jExH5BE9wTu	UCYvqcYNDW5Ebw6nnq-mYN4Q
657	Weird Era	Deerhunter	Weird Era Cont.	INDIFFERENT	2:42	nB86UE3KdEE	MPREb_jExH5BE9wTu	UCYvqcYNDW5Ebw6nnq-mYN4Q
658	Moon With Cartridge	Deerhunter	Weird Era Cont.	INDIFFERENT	1:33	cOF-JCX-F-8	MPREb_jExH5BE9wTu	UCYvqcYNDW5Ebw6nnq-mYN4Q
659	Calvary Scars Ll / Aux. Out	Deerhunter	Weird Era Cont.	INDIFFERENT	10:12	pFgRCB3VjCg	MPREb_jExH5BE9wTu	UCYvqcYNDW5Ebw6nnq-mYN4Q
660	Mexican Wine	Fountains Of Wayne	Welcome Interstate Managers	INDIFFERENT	3:23	_a90ObpSqXE	MPREb_R4l0PmSHqVt	UC-DpESdbNRK32CSvMGmB6Qw
661	Bright Future In Sales	Fountains Of Wayne	Welcome Interstate Managers	INDIFFERENT	3:07	d639SjYUX30	MPREb_R4l0PmSHqVt	UC-DpESdbNRK32CSvMGmB6Qw
662	Stacy's Mom	Fountains Of Wayne	Welcome Interstate Managers	INDIFFERENT	3:18	sT_hnNDstnE	MPREb_R4l0PmSHqVt	UC-DpESdbNRK32CSvMGmB6Qw
663	Hackensack	Fountains Of Wayne	Welcome Interstate Managers	INDIFFERENT	3:01	b-W3aJVA-Pk	MPREb_R4l0PmSHqVt	UC-DpESdbNRK32CSvMGmB6Qw
664	No Better Place	Fountains Of Wayne	Welcome Interstate Managers	INDIFFERENT	4:07	rBsEJzDaxoA	MPREb_R4l0PmSHqVt	UC-DpESdbNRK32CSvMGmB6Qw
665	Valley Winter Song	Fountains Of Wayne	Welcome Interstate Managers	INDIFFERENT	3:36	4YdTTAaYVPM	MPREb_R4l0PmSHqVt	UC-DpESdbNRK32CSvMGmB6Qw
666	All Kinds Of Time	Fountains Of Wayne	Welcome Interstate Managers	INDIFFERENT	4:22	AKcwJD3ky38	MPREb_R4l0PmSHqVt	UC-DpESdbNRK32CSvMGmB6Qw
667	Little Red Light	Fountains Of Wayne	Welcome Interstate Managers	INDIFFERENT	3:35	AUxEsPziu0E	MPREb_R4l0PmSHqVt	UC-DpESdbNRK32CSvMGmB6Qw
668	Hey Julie	Fountains Of Wayne	Welcome Interstate Managers	INDIFFERENT	2:37	NpxYtIrJ-6I	MPREb_R4l0PmSHqVt	UC-DpESdbNRK32CSvMGmB6Qw
669	Halley's Waitress	Fountains Of Wayne	Welcome Interstate Managers	INDIFFERENT	3:36	9rKxLrHrS3A	MPREb_R4l0PmSHqVt	UC-DpESdbNRK32CSvMGmB6Qw
670	Hung Up On You	Fountains Of Wayne	Welcome Interstate Managers	INDIFFERENT	3:59	YbjRhPql7po	MPREb_R4l0PmSHqVt	UC-DpESdbNRK32CSvMGmB6Qw
671	Fire Island	Fountains Of Wayne	Welcome Interstate Managers	INDIFFERENT	2:57	udIZCMFeYLc	MPREb_R4l0PmSHqVt	UC-DpESdbNRK32CSvMGmB6Qw
672	Peace And Love	Fountains Of Wayne	Welcome Interstate Managers	INDIFFERENT	3:27	HLLOMmldl6E	MPREb_R4l0PmSHqVt	UC-DpESdbNRK32CSvMGmB6Qw
673	Bought For A Song	Fountains Of Wayne	Welcome Interstate Managers	INDIFFERENT	4:02	zEFK74NS1Vc	MPREb_R4l0PmSHqVt	UC-DpESdbNRK32CSvMGmB6Qw
674	Supercollider	Fountains Of Wayne	Welcome Interstate Managers	INDIFFERENT	5:06	jvqUnjz7DeU	MPREb_R4l0PmSHqVt	UC-DpESdbNRK32CSvMGmB6Qw
675	Yours And Mine	Fountains Of Wayne	Welcome Interstate Managers	INDIFFERENT	1:03	qrNKTToObTc	MPREb_R4l0PmSHqVt	UC-DpESdbNRK32CSvMGmB6Qw
676	Elevator Up	Fountains Of Wayne	Welcome Interstate Managers	INDIFFERENT	4:10	MJgpWxrQeV8	MPREb_R4l0PmSHqVt	UC-DpESdbNRK32CSvMGmB6Qw
677	West Side Story (Original Broadway Cast): Act I: Prologue	West Side Story Ensemble	West Side Story	INDIFFERENT	3:51	tnbgjX9gBJ0	MPREb_e0siCEo0hBd	UCDNnDs6xtOmwePiZ-tC5lmQ
678	West Side Story (Original Broadway Cast): Act I: Jet Song	West Side Story Ensemble	West Side Story	INDIFFERENT	2:07	KNoTylYot7Q	MPREb_e0siCEo0hBd	
679	West Side Story (Original Broadway Cast): Act I: Something's Coming	Larry Kert	West Side Story	INDIFFERENT	2:38	37tUoos7K6M	MPREb_e0siCEo0hBd	UCCMF-saTn7qpKCaQGNvj8DA
680	West Side Story (Original Broadway Cast): Act I: The Dance at the Gym	West Side Story Ensemble	West Side Story	INDIFFERENT	3:04	vhk73L1J140	MPREb_e0siCEo0hBd	UCDNnDs6xtOmwePiZ-tC5lmQ
681	West Side Story (Original Broadway Cast): Act I: Maria	Larry Kert	West Side Story	INDIFFERENT	2:38	AhexdUU5oMI	MPREb_e0siCEo0hBd	UCCMF-saTn7qpKCaQGNvj8DA
682	West Side Story (Original Broadway Cast): Act I: Tonight	Carol Lawrence	West Side Story	INDIFFERENT	3:54	0vnHz_z77bI	MPREb_e0siCEo0hBd	UCXwJHfFUkIvtbVYC8I1DYNQ
683	West Side Story (Original Broadway Cast): Act I: America	West Side Story Ensemble	West Side Story	INDIFFERENT	4:34	1UIQQeIxSkQ	MPREb_e0siCEo0hBd	UCDNnDs6xtOmwePiZ-tC5lmQ
684	West Side Story (Original Broadway Cast): Act I: Cool	West Side Story Ensemble	West Side Story	INDIFFERENT	4:00	2Xuprxr_oVY	MPREb_e0siCEo0hBd	
685	West Side Story (Original Broadway Cast): Act I: One Hand, One Heart	Larry Kert	West Side Story	INDIFFERENT	3:03	_SrlJw2jIFU	MPREb_e0siCEo0hBd	UCCMF-saTn7qpKCaQGNvj8DA
686	West Side Story (Original Broadway Cast): Act I: Tonight (Quintet and Chorus)	West Side Story Ensemble	West Side Story	INDIFFERENT	3:39	Xl86Pfy7Fgk	MPREb_e0siCEo0hBd	
687	West Side Story (Original Broadway Cast): Act I: The Rumble	West Side Story Ensemble	West Side Story	INDIFFERENT	2:45	2g-lyTA6ELk	MPREb_e0siCEo0hBd	UCDNnDs6xtOmwePiZ-tC5lmQ
688	West Side Story (Original Broadway Cast): Act II: I Feel Pretty	Carol Lawrence	West Side Story	INDIFFERENT	2:47	k5HQ-JwLRhk	MPREb_e0siCEo0hBd	UCXwJHfFUkIvtbVYC8I1DYNQ
689	West Side Story (Original Broadway Cast): Act II: Somewhere (Ballet)	West Side Story Ensemble	West Side Story	INDIFFERENT	7:34	HHzkROd9KpA	MPREb_e0siCEo0hBd	UCDNnDs6xtOmwePiZ-tC5lmQ
690	West Side Story (Original Broadway Cast): Act II: Gee, Officer Krupke	West Side Story Ensemble	West Side Story	INDIFFERENT	4:03	M1EQvJ2NEE0	MPREb_e0siCEo0hBd	UCDNnDs6xtOmwePiZ-tC5lmQ
691	West Side Story (Original Broadway Cast): Act II: A Boy Like That - I Have a Love	Chita Rivera	West Side Story	INDIFFERENT	4:16	lapeS1cNPEI	MPREb_e0siCEo0hBd	UCp6iaykM9KCESRu632JYHLg
692	West Side Story (Original Broadway Cast): Act II: Finale	West Side Story Ensemble	West Side Story	INDIFFERENT	2:01	ppMFT56MRvI	MPREb_e0siCEo0hBd	UCDNnDs6xtOmwePiZ-tC5lmQ
693	"Symphonic Dances from ""West Side Story"" *: Symphonic Dances from West Side Story: Prologue (Allegro moderato)"	Leonard Bernstein	West Side Story	INDIFFERENT	4:08	fQ9Xj6VTTyM	MPREb_e0siCEo0hBd	UCKgPYOpEUNC_GjQcFhg674w
694	"Symphonic Dances from ""West Side Story"" *: Symphonic Dances from West Side Story: Somewhere (Adagio)"	Leonard Bernstein	West Side Story	INDIFFERENT	3:52	cxi8qn7llxw	MPREb_e0siCEo0hBd	UCKgPYOpEUNC_GjQcFhg674w
695	"Symphonic Dances from ""West Side Story"" *: Symphonic Dances from West Side Story: Scherzo (Vivace leggiero)"	Leonard Bernstein	West Side Story	INDIFFERENT	1:18	seRZ32tWGV4	MPREb_e0siCEo0hBd	UCKgPYOpEUNC_GjQcFhg674w
696	"Symphonic Dances from ""West Side Story"" *: Symphonic Dances from West Side Story: Mambo (Meno presto)"	Leonard Bernstein	West Side Story	INDIFFERENT	2:15	22rYeLC-cog	MPREb_e0siCEo0hBd	UCKgPYOpEUNC_GjQcFhg674w
697	"Symphonic Dances from ""West Side Story"" *: Symphonic Dances from West Side Story: Cha-Cha (Andantino con grazia)"	Leonard Bernstein	West Side Story	INDIFFERENT	0:54	exXr-Vep-Rw	MPREb_e0siCEo0hBd	UCKgPYOpEUNC_GjQcFhg674w
698	"Symphonic Dances from ""West Side Story"" *: Symphonic Dances from West Side Story: Meeting Scene (Meno mosso)"	Leonard Bernstein	West Side Story	INDIFFERENT	0:48	WlvLlXrGyl4	MPREb_e0siCEo0hBd	UCKgPYOpEUNC_GjQcFhg674w
699	"Symphonic Dances from ""West Side Story"" *: Symphonic Dances from West Side Story: Cool Fugue (Allegretto)"	Leonard Bernstein	West Side Story	INDIFFERENT	3:04	cDjcdG0idXc	MPREb_e0siCEo0hBd	UCKgPYOpEUNC_GjQcFhg674w
700	"Symphonic Dances from ""West Side Story"" *: Symphonic Dances from West Side Story: Rumble (Molto allegro)"	Leonard Bernstein	West Side Story	INDIFFERENT	1:52	dFP-N_Vu8aw	MPREb_e0siCEo0hBd	UCKgPYOpEUNC_GjQcFhg674w
701	"Symphonic Dances from ""West Side Story"" *: Symphonic Dances from West Side Story: Finale (Adagio)"	Leonard Bernstein	West Side Story	INDIFFERENT	2:49	Ce_TuVadFYk	MPREb_e0siCEo0hBd	UCKgPYOpEUNC_GjQcFhg674w
702	WHAT WE DREW 우리가 그려왔던	Yaeji	WHAT WE DREW 우리가 그려왔던	INDIFFERENT	3:50	DH-gEHS3Y4k	MPREb_h5I46ZxCpBM	UCohh6h_Kyey44cs1DNRh4Ag
703	MY IMAGINATION 상상	Yaeji	WHAT WE DREW 우리가 그려왔던	INDIFFERENT	2:20	LIjwxOZUq-M	MPREb_XBNkp54VKRt	UCohh6h_Kyey44cs1DNRh4Ag
704	WHAT WE DREW 우리가 그려왔던	Yaeji	WHAT WE DREW 우리가 그려왔던	LIKE	3:49	TWDLFZcGSTg	MPREb_XBNkp54VKRt	UCohh6h_Kyey44cs1DNRh4Ag
705	IN PLACE 그자리 그대로	Yaeji	WHAT WE DREW 우리가 그려왔던	INDIFFERENT	2:20	6EED0tBXcXY	MPREb_XBNkp54VKRt	UCohh6h_Kyey44cs1DNRh4Ag
706	WHEN I GROW UP	Yaeji	WHAT WE DREW 우리가 그려왔던	INDIFFERENT	2:42	a_H3oDhp-rw	MPREb_XBNkp54VKRt	UCohh6h_Kyey44cs1DNRh4Ag
707	MONEY CAN'T BUY	Yaeji	WHAT WE DREW 우리가 그려왔던	INDIFFERENT	2:50	TQcMzNCu6t0	MPREb_XBNkp54VKRt	UCohh6h_Kyey44cs1DNRh4Ag
708	FREE INTERLUDE	Yaeji	WHAT WE DREW 우리가 그려왔던	INDIFFERENT	2:21	3rPM6fVxaPE	MPREb_XBNkp54VKRt	UCohh6h_Kyey44cs1DNRh4Ag
709	SPELL 주문	Yaeji	WHAT WE DREW 우리가 그려왔던	INDIFFERENT	3:06	d3vae7FwhM4	MPREb_XBNkp54VKRt	UCohh6h_Kyey44cs1DNRh4Ag
710	WAKING UP DOWN	Yaeji	WHAT WE DREW 우리가 그려왔던	INDIFFERENT	3:21	IQZHWczV1XA	MPREb_XBNkp54VKRt	UCohh6h_Kyey44cs1DNRh4Ag
711	IN THE MIRROR 거울	Yaeji	WHAT WE DREW 우리가 그려왔던	INDIFFERENT	4:32	nndwh1bSELE	MPREb_XBNkp54VKRt	UCohh6h_Kyey44cs1DNRh4Ag
712	THE TH1NG	Yaeji	WHAT WE DREW 우리가 그려왔던	INDIFFERENT	4:12	_g0Ql_QP8aI	MPREb_XBNkp54VKRt	UCohh6h_Kyey44cs1DNRh4Ag
713	THESE DAYS 요즘	Yaeji	WHAT WE DREW 우리가 그려왔던	INDIFFERENT	2:59	9M9qaGtkSAQ	MPREb_XBNkp54VKRt	UCohh6h_Kyey44cs1DNRh4Ag
714	NEVER SETTLING DOWN	Yaeji	WHAT WE DREW 우리가 그려왔던	INDIFFERENT	3:59	kKtcRRj80Os	MPREb_XBNkp54VKRt	UCohh6h_Kyey44cs1DNRh4Ag
715	I Want You	Third Eye Blind	Third Eye Blind	INDIFFERENT	4:30	4O94icUAfgM	MPREb_U4IU2tONKDR	UCBgOvSeegP11m_MIZab9oMg
716	London	Third Eye Blind	Third Eye Blind	INDIFFERENT	3:07	jn4gl1ZTfJY	MPREb_U4IU2tONKDR	UCBgOvSeegP11m_MIZab9oMg
717	Good for You	Third Eye Blind	Third Eye Blind	INDIFFERENT	3:52	3bkngnh4OT4	MPREb_U4IU2tONKDR	UCBgOvSeegP11m_MIZab9oMg
718	Burning Man	Third Eye Blind	Third Eye Blind	INDIFFERENT	3:00	CoHWFT2fBX8	MPREb_U4IU2tONKDR	UCBgOvSeegP11m_MIZab9oMg
719	Thanks a Lot	Third Eye Blind	Third Eye Blind	INDIFFERENT	4:58	SAta5RbJayw	MPREb_U4IU2tONKDR	UCBgOvSeegP11m_MIZab9oMg
720	How's It Going to Be	Third Eye Blind	Third Eye Blind	INDIFFERENT	4:14	2dITTT-OaWE	MPREb_U4IU2tONKDR	UCBgOvSeegP11m_MIZab9oMg
721	Graduate	Third Eye Blind	Third Eye Blind	INDIFFERENT	3:08	_FQqAAedVeQ	MPREb_U4IU2tONKDR	UCBgOvSeegP11m_MIZab9oMg
722	Jumper	Third Eye Blind	Third Eye Blind	INDIFFERENT	4:33	tjK8zK3TMJc	MPREb_U4IU2tONKDR	UCBgOvSeegP11m_MIZab9oMg
723	Semi-Charmed Life	Third Eye Blind	Third Eye Blind	LIKE	4:29	gjdLAsnR_Ws	MPREb_U4IU2tONKDR	UCBgOvSeegP11m_MIZab9oMg
724	Narcolepsy	Third Eye Blind	Third Eye Blind	INDIFFERENT	3:49	RlWEcxu_svA	MPREb_U4IU2tONKDR	UCBgOvSeegP11m_MIZab9oMg
725	Losing a Whole Year	Third Eye Blind	Third Eye Blind	INDIFFERENT	3:21	SNVoXyiPdZM	MPREb_U4IU2tONKDR	UCBgOvSeegP11m_MIZab9oMg
726	Un Poco Loco	Bud Powell	The Amazing Bud Powell	INDIFFERENT	4:44	zrUuyTymA_A	MPREb_HY7Szy0MA6h	UCsyeGJfR7t0QBrNUl7c36gw
727	Over The Rainbow	Bud Powell	The Amazing Bud Powell	INDIFFERENT	3:00	W8mzVvmNh4k	MPREb_HY7Szy0MA6h	UCsyeGJfR7t0QBrNUl7c36gw
728	Ornithology	Bud Powell	The Amazing Bud Powell	INDIFFERENT	2:22	FfCirmMxzs0	MPREb_HY7Szy0MA6h	UCsyeGJfR7t0QBrNUl7c36gw
729	Wail	Bud Powell	The Amazing Bud Powell	INDIFFERENT	3:04	p38uSbPTyIQ	MPREb_HY7Szy0MA6h	UCsyeGJfR7t0QBrNUl7c36gw
730	A Night In Tunisia	Bud Powell	The Amazing Bud Powell	INDIFFERENT	4:15	o70Ni8hocto	MPREb_HY7Szy0MA6h	UCsyeGJfR7t0QBrNUl7c36gw
731	It Could Happen To You	Bud Powell	The Amazing Bud Powell	INDIFFERENT	2:27	DnXfjPo_Nc8	MPREb_HY7Szy0MA6h	UCsyeGJfR7t0QBrNUl7c36gw
732	You Go To My Head	Bud Powell	The Amazing Bud Powell	INDIFFERENT	3:16	KDcTU_p72Tg	MPREb_HY7Szy0MA6h	UCsyeGJfR7t0QBrNUl7c36gw
733	Bouncin' With Bud	Bud Powell	The Amazing Bud Powell	INDIFFERENT	3:03	5jP1PhmCDTM	MPREb_HY7Szy0MA6h	UCsyeGJfR7t0QBrNUl7c36gw
734	I Know His Blood Can Make Me Whole	Blind Willie Johnson	The Complete Blind Willie Johnson	INDIFFERENT	3:02	KRsZlppKy9U	MPREb_L70rCdrrqbO	UCp_csxupcgSwZa1glwDo2eQ
735	Jesus Make Up My Dying Bed	Blind Willie Johnson	The Complete Blind Willie Johnson	INDIFFERENT	3:11	sQWvquj_ieU	MPREb_L70rCdrrqbO	UCp_csxupcgSwZa1glwDo2eQ
736	It's Nobody's Fault but Mine	Blind Willie Johnson	The Complete Blind Willie Johnson	INDIFFERENT	3:09	eZogzxAFiNg	MPREb_L70rCdrrqbO	UCp_csxupcgSwZa1glwDo2eQ
737	Mother's Children Have a Hard Time	Blind Willie Johnson	The Complete Blind Willie Johnson	INDIFFERENT	3:21	f9xAin4JfpY	MPREb_L70rCdrrqbO	UCp_csxupcgSwZa1glwDo2eQ
738	Dark Was the Night, Cold Was the Ground	Blind Willie Johnson	The Complete Blind Willie Johnson	INDIFFERENT	3:19	71Ti_TdpJHE	MPREb_L70rCdrrqbO	UCp_csxupcgSwZa1glwDo2eQ
739	If I Had My Way I'd Tear the Building Down	Blind Willie Johnson	The Complete Blind Willie Johnson	INDIFFERENT	3:08	AeWzhF7WaGQ	MPREb_L70rCdrrqbO	UCp_csxupcgSwZa1glwDo2eQ
740	I'm Gonna Run to the City of Refuge	Blind Willie Johnson	The Complete Blind Willie Johnson	INDIFFERENT	3:22	hMDoGHYrkdY	MPREb_L70rCdrrqbO	UCp_csxupcgSwZa1glwDo2eQ
741	Jesus Is Coming Soon	Blind Willie Johnson	The Complete Blind Willie Johnson	INDIFFERENT	3:11	wUmJ3PqL6PM	MPREb_L70rCdrrqbO	UCp_csxupcgSwZa1glwDo2eQ
742	Lord I Can't Just Keep from Crying	Blind Willie Johnson	The Complete Blind Willie Johnson	INDIFFERENT	3:01	L4nBnehYT4E	MPREb_L70rCdrrqbO	UCp_csxupcgSwZa1glwDo2eQ
743	Keep Your Lamp Trimmed and Burning	Blind Willie Johnson	The Complete Blind Willie Johnson	INDIFFERENT	3:03	29NOEqnFg9I	MPREb_L70rCdrrqbO	UCp_csxupcgSwZa1glwDo2eQ
744	Let Your Light Shine on Me	Blind Willie Johnson	The Complete Blind Willie Johnson	INDIFFERENT	3:08	iNj5srMoLT4	MPREb_L70rCdrrqbO	UCp_csxupcgSwZa1glwDo2eQ
745	God Don't Never Change	Blind Willie Johnson	The Complete Blind Willie Johnson	INDIFFERENT	2:56	tZRve-Iehsk	MPREb_L70rCdrrqbO	UCp_csxupcgSwZa1glwDo2eQ
746	Bye and Bye I'm Goin' to See the King	Blind Willie Johnson	The Complete Blind Willie Johnson	INDIFFERENT	2:51	eZEpfcwHlCw	MPREb_L70rCdrrqbO	UCp_csxupcgSwZa1glwDo2eQ
747	Sweeter as the Years Roll By	Blind Willie Johnson	The Complete Blind Willie Johnson	INDIFFERENT	2:46	aSPSebNNG3g	MPREb_L70rCdrrqbO	UCp_csxupcgSwZa1glwDo2eQ
748	You'll Need Somebody on Your Bond	Blind Willie Johnson	The Complete Blind Willie Johnson	INDIFFERENT	3:05	zlhVEEPtytw	MPREb_L70rCdrrqbO	UCp_csxupcgSwZa1glwDo2eQ
749	When the War Was On	Blind Willie Johnson	The Complete Blind Willie Johnson	INDIFFERENT	3:02	p7nQe9FQVtY	MPREb_L70rCdrrqbO	UCp_csxupcgSwZa1glwDo2eQ
750	Praise God I'm Satisfied	Blind Willie Johnson	The Complete Blind Willie Johnson	INDIFFERENT	3:10	3oifxIOc-To	MPREb_L70rCdrrqbO	UCp_csxupcgSwZa1glwDo2eQ
751	Take Your Burden to the Lord and Leave It There	Blind Willie Johnson	The Complete Blind Willie Johnson	INDIFFERENT	2:55	Gu7X6RDzGnQ	MPREb_L70rCdrrqbO	UCp_csxupcgSwZa1glwDo2eQ
752	Take Your Stand	Blind Willie Johnson	The Complete Blind Willie Johnson	INDIFFERENT	3:00	3MUkuDPyiEo	MPREb_L70rCdrrqbO	UCp_csxupcgSwZa1glwDo2eQ
753	God Moves On the Water	Blind Willie Johnson	The Complete Blind Willie Johnson	INDIFFERENT	2:59	TVzcA3U_x7s	MPREb_L70rCdrrqbO	UCp_csxupcgSwZa1glwDo2eQ
754	Can't Nobody Hide from God	Blind Willie Johnson	The Complete Blind Willie Johnson	INDIFFERENT	3:21	i_NDueqUi4U	MPREb_L70rCdrrqbO	UCp_csxupcgSwZa1glwDo2eQ
755	If It Had Not Been for Jesus	Blind Willie Johnson	The Complete Blind Willie Johnson	INDIFFERENT	3:22	4nC1hC4jYHA	MPREb_L70rCdrrqbO	UCp_csxupcgSwZa1glwDo2eQ
756	Go to Me with That Land	Blind Willie Johnson	The Complete Blind Willie Johnson	INDIFFERENT	3:04	YgTY1AwDGxU	MPREb_L70rCdrrqbO	UCp_csxupcgSwZa1glwDo2eQ
757	The Rain Don't Fall on Me	Blind Willie Johnson	The Complete Blind Willie Johnson	INDIFFERENT	3:18	rul7h8G1Nu8	MPREb_L70rCdrrqbO	UCp_csxupcgSwZa1glwDo2eQ
758	Trouble Will Soon Be Over	Blind Willie Johnson	The Complete Blind Willie Johnson	INDIFFERENT	3:07	GoEdGX0aD3w	MPREb_L70rCdrrqbO	UCp_csxupcgSwZa1glwDo2eQ
759	The Soul of a Man	Blind Willie Johnson	The Complete Blind Willie Johnson	INDIFFERENT	3:13	jCcMHGERIOo	MPREb_L70rCdrrqbO	UCp_csxupcgSwZa1glwDo2eQ
760	Everybody Ought to Treat a Stranger Right	Blind Willie Johnson	The Complete Blind Willie Johnson	INDIFFERENT	3:05	JrZeZ7V-EqI	MPREb_L70rCdrrqbO	UCp_csxupcgSwZa1glwDo2eQ
761	Church, I'm Fully Saved Today	Blind Willie Johnson	The Complete Blind Willie Johnson	INDIFFERENT	3:06	vKV0ZEjg3_A	MPREb_L70rCdrrqbO	UCp_csxupcgSwZa1glwDo2eQ
762	John the Revelator	Blind Willie Johnson	The Complete Blind Willie Johnson	INDIFFERENT	3:16	YdnyRlb0qIk	MPREb_L70rCdrrqbO	UCp_csxupcgSwZa1glwDo2eQ
763	You're Gonna Need Somebody on Your Bond	Blind Willie Johnson	The Complete Blind Willie Johnson	INDIFFERENT	3:09	3I_6VJb5Q7M	MPREb_L70rCdrrqbO	UCp_csxupcgSwZa1glwDo2eQ
764	Tell Me When It's Over	The Dream Syndicate	The Days Of Wine And Roses	INDIFFERENT	3:32	yuhlMvD59ac	MPREb_bN0nlj0Fx3w	UCU9kLyF6CwzLgjtUTagps_A
765	Definitely Clean	The Dream Syndicate	The Days Of Wine And Roses	INDIFFERENT	3:30	_yvR5R1qxF0	MPREb_bN0nlj0Fx3w	UCU9kLyF6CwzLgjtUTagps_A
766	That's What You Always Say	The Dream Syndicate	The Days Of Wine And Roses	INDIFFERENT	3:13	jVWhPu1w8n8	MPREb_bN0nlj0Fx3w	UCU9kLyF6CwzLgjtUTagps_A
767	Then She Remembers	The Dream Syndicate	The Days Of Wine And Roses	INDIFFERENT	4:07	J93PLtvV-1E	MPREb_bN0nlj0Fx3w	UCU9kLyF6CwzLgjtUTagps_A
768	Halloween	The Dream Syndicate	The Days Of Wine And Roses	INDIFFERENT	6:10	Dse75aaF6Kk	MPREb_bN0nlj0Fx3w	UCU9kLyF6CwzLgjtUTagps_A
769	When You Smile	The Dream Syndicate	The Days Of Wine And Roses	INDIFFERENT	4:15	dvx-ovYCroA	MPREb_bN0nlj0Fx3w	UCU9kLyF6CwzLgjtUTagps_A
770	Until Lately	The Dream Syndicate	The Days Of Wine And Roses	INDIFFERENT	6:50	ofEq5TpmJwo	MPREb_bN0nlj0Fx3w	UCU9kLyF6CwzLgjtUTagps_A
771	Too Little, Too Late	The Dream Syndicate	The Days Of Wine And Roses	INDIFFERENT	3:27	X9VAI6dxCXQ	MPREb_bN0nlj0Fx3w	UCU9kLyF6CwzLgjtUTagps_A
772	The Days Of Wine And Roses	The Dream Syndicate	The Days Of Wine And Roses	INDIFFERENT	7:34	N8KL6pmx-54	MPREb_bN0nlj0Fx3w	UCU9kLyF6CwzLgjtUTagps_A
773	Sure Thing (Down There EP Version)	The Dream Syndicate	The Days Of Wine And Roses	INDIFFERENT	4:02	PrhREDhOqCg	MPREb_bN0nlj0Fx3w	UCU9kLyF6CwzLgjtUTagps_A
774	That's What You Always Say (Down There EP Version)	The Dream Syndicate	The Days Of Wine And Roses	INDIFFERENT	4:22	q-i19HmjChY	MPREb_bN0nlj0Fx3w	UCU9kLyF6CwzLgjtUTagps_A
775	When You Smile (Down There EP Version)	The Dream Syndicate	The Days Of Wine And Roses	INDIFFERENT	3:09	lRsxI_9Q1Zs	MPREb_bN0nlj0Fx3w	UCU9kLyF6CwzLgjtUTagps_A
776	Some Kinda Itch (Down There EP Version)	The Dream Syndicate	The Days Of Wine And Roses	INDIFFERENT	5:32	7SuDzNE6myM	MPREb_bN0nlj0Fx3w	UCU9kLyF6CwzLgjtUTagps_A
777	That's What You Always Say (15 Minutes)	The Dream Syndicate	The Days Of Wine And Roses	INDIFFERENT	4:01	nfEXJaKH1oA	MPREb_bN0nlj0Fx3w	UCU9kLyF6CwzLgjtUTagps_A
778	Last Chance For You (15 Minutes)	The Dream Syndicate	The Days Of Wine And Roses	INDIFFERENT	2:43	md01FbHi8ko	MPREb_bN0nlj0Fx3w	UCU9kLyF6CwzLgjtUTagps_A
779	I Told You So	Aretha Franklin	The Electrifying Aretha Franklin	INDIFFERENT	2:42	4KCNynNK0t8	MPREb_PVd1q9ygvtP	UCW02f_MjH8n1uMZhSds4mQQ
780	Nobody Like You	Aretha Franklin	The Electrifying Aretha Franklin	INDIFFERENT	2:21	ldDKI4IfDUs	MPREb_PVd1q9ygvtP	UCW02f_MjH8n1uMZhSds4mQQ
781	It's So Heartbreakin'	Aretha Franklin	The Electrifying Aretha Franklin	LIKE	2:39	eyGVp-_6Sv4	MPREb_PVd1q9ygvtP	UCW02f_MjH8n1uMZhSds4mQQ
782	Rough Lover	Aretha Franklin	The Electrifying Aretha Franklin	INDIFFERENT	2:46	2Fc9KMRCgWc	MPREb_PVd1q9ygvtP	UCW02f_MjH8n1uMZhSds4mQQ
783	Blue Holiday	Aretha Franklin	The Electrifying Aretha Franklin	LIKE	2:52	mF9EJ58l5XU	MPREb_PVd1q9ygvtP	UCW02f_MjH8n1uMZhSds4mQQ
784	Just for You	Aretha Franklin	The Electrifying Aretha Franklin	INDIFFERENT	2:19	5h3gcy91U00	MPREb_PVd1q9ygvtP	UCW02f_MjH8n1uMZhSds4mQQ
785	Introduction to Hard Times	Aretha Franklin	The Electrifying Aretha Franklin	INDIFFERENT	0:30	smfqK9euTRE	MPREb_PVd1q9ygvtP	UCW02f_MjH8n1uMZhSds4mQQ
786	Hard Times (No One Knows Better Than I) (Alternate Take)	Aretha Franklin	The Electrifying Aretha Franklin	INDIFFERENT	3:07	xGt0PyeViEE	MPREb_PVd1q9ygvtP	UCW02f_MjH8n1uMZhSds4mQQ
787	When They Ask About You	Aretha Franklin	The Electrifying Aretha Franklin	INDIFFERENT	2:59	FosdArWWYnM	MPREb_PVd1q9ygvtP	UCW02f_MjH8n1uMZhSds4mQQ
788	Operation Heartbreak	Aretha Franklin	The Electrifying Aretha Franklin	LIKE	2:59	N_SFYFMFKoc	MPREb_PVd1q9ygvtP	UCW02f_MjH8n1uMZhSds4mQQ
789	I Surrender, Dear (Mono Version)	Aretha Franklin	The Electrifying Aretha Franklin	INDIFFERENT	2:47	Tqy-bJScviU	MPREb_PVd1q9ygvtP	UCW02f_MjH8n1uMZhSds4mQQ
790	Rough Lover (Mono Version)	Aretha Franklin	The Electrifying Aretha Franklin	INDIFFERENT	2:47	HGMBqxT7Sww	MPREb_PVd1q9ygvtP	UCW02f_MjH8n1uMZhSds4mQQ
791	Lay of the Land	The Fall	The Wonderful and Frightening World Of....	INDIFFERENT	5:44	ZFhLftyxSPw	MPREb_u8MBUMvyWM9	UCHSNmcs_mt5htCbduPBrZhw
792	2 X 4	The Fall	The Wonderful and Frightening World Of....	INDIFFERENT	3:37	MpcTB3zV5zQ	MPREb_u8MBUMvyWM9	UCHSNmcs_mt5htCbduPBrZhw
793	Copped It	The Fall	The Wonderful and Frightening World Of....	INDIFFERENT	4:15	qdIgWXM9xKc	MPREb_u8MBUMvyWM9	UCHSNmcs_mt5htCbduPBrZhw
794	Elves	The Fall	The Wonderful and Frightening World Of....	INDIFFERENT	4:47	7zVIpCCrBaE	MPREb_u8MBUMvyWM9	UCHSNmcs_mt5htCbduPBrZhw
795	Oh! Brother	The Fall	The Wonderful and Frightening World Of....	INDIFFERENT	4:00	vUuxU5QTNgk	MPREb_u8MBUMvyWM9	UCHSNmcs_mt5htCbduPBrZhw
796	Draygo's Guilt	The Fall	The Wonderful and Frightening World Of....	INDIFFERENT	4:29	9lWfwMZfxC8	MPREb_u8MBUMvyWM9	UCHSNmcs_mt5htCbduPBrZhw
797	God-box	The Fall	The Wonderful and Frightening World Of....	INDIFFERENT	3:18	h3EIt5TRP8w	MPREb_u8MBUMvyWM9	UCHSNmcs_mt5htCbduPBrZhw
798	Clear Off!	The Fall	The Wonderful and Frightening World Of....	INDIFFERENT	4:40	5dVYdf9U2Hc	MPREb_u8MBUMvyWM9	UCHSNmcs_mt5htCbduPBrZhw
799	c.r.e.e.p.	The Fall	The Wonderful and Frightening World Of....	INDIFFERENT	3:07	_aDd8Ht8YN0	MPREb_u8MBUMvyWM9	UCHSNmcs_mt5htCbduPBrZhw
800	Pat-trip Dispenser	The Fall	The Wonderful and Frightening World Of....	INDIFFERENT	3:59	1pHLsyM19KQ	MPREb_u8MBUMvyWM9	UCHSNmcs_mt5htCbduPBrZhw
801	Slang King	The Fall	The Wonderful and Frightening World Of....	INDIFFERENT	5:20	mGg7ryJQFtw	MPREb_u8MBUMvyWM9	UCHSNmcs_mt5htCbduPBrZhw
802	Bug Day	The Fall	The Wonderful and Frightening World Of....	INDIFFERENT	4:58	TqiBhlQ_Rcw	MPREb_u8MBUMvyWM9	UCHSNmcs_mt5htCbduPBrZhw
803	Stephen Song	The Fall	The Wonderful and Frightening World Of....	INDIFFERENT	3:04	QhtOoQ71hWA	MPREb_u8MBUMvyWM9	UCHSNmcs_mt5htCbduPBrZhw
804	Craigness	The Fall	The Wonderful and Frightening World Of....	INDIFFERENT	3:03	1jIoYNZaSMo	MPREb_u8MBUMvyWM9	UCHSNmcs_mt5htCbduPBrZhw
805	Disney's Dream Debased	The Fall	The Wonderful and Frightening World Of....	INDIFFERENT	5:17	xWjiRr8qQYs	MPREb_u8MBUMvyWM9	UCHSNmcs_mt5htCbduPBrZhw
806	No Bulbs	The Fall	The Wonderful and Frightening World Of....	INDIFFERENT	7:50	H2qXWplFByc	MPREb_u8MBUMvyWM9	UCHSNmcs_mt5htCbduPBrZhw
807	Five Extinctions	The Nein	The Nein - EP	INDIFFERENT	5:15	D1nfBPqn0JE	MPREb_liLiBaFEPq2	UCdIumFwOKtWlOwsQJYIsNkg
808	House Atreides	The Nein	The Nein - EP	INDIFFERENT	3:20	oiQtYgOMgRA	MPREb_liLiBaFEPq2	UCdIumFwOKtWlOwsQJYIsNkg
809	Giorgio	The Nein	The Nein - EP	INDIFFERENT	4:01	pdawHj-mwAc	MPREb_liLiBaFEPq2	UCdIumFwOKtWlOwsQJYIsNkg
