	title	artist	album	likeStatus	duration	videoId	albumId	artistId
0	Cities	Kutmah	Cities to Mountaintops	LIKE	45:11	jmTxeOnqgyU	FEmusic_library_privately_owned_release_detailb_po_CKCA4sLKgvb7CBIWY2l0aWVzIHRvIG1vdW50YWludG9wcxoGa3V0bWFoIgNncG0	FEmusic_library_privately_owned_artist_detaila_po_CKCA4sLKgvb7CBIGa3V0bWFo
1	Mountaintops	Kutmah	Cities to Mountaintops	LIKE	28:49	n1B_2gudTTI	FEmusic_library_privately_owned_release_detailb_po_CKCA4sLKgvb7CBIWY2l0aWVzIHRvIG1vdW50YWludG9wcxoGa3V0bWFoIgNncG0	FEmusic_library_privately_owned_artist_detaila_po_CKCA4sLKgvb7CBIGa3V0bWFo
2	Etude Aux Chemins De Fer	Pierre Shaeffer	Electronic	LIKE	2:52	-MkJuTCHOF4	FEmusic_library_privately_owned_release_detailb_po_CKCA4sLKgvb7CBIKZWxlY3Ryb25pYxoPdmFyaW91cyBhcnRpc3RzIgNncG0	FEmusic_library_privately_owned_artist_detaila_po_CKCA4sLKgvb7CBIPcGllcnJlIHNoYWVmZmVy
3	Williams Mix	John Cage	Electronic	LIKE	5:44	wJR5fkdQUWM	FEmusic_library_privately_owned_release_detailb_po_CKCA4sLKgvb7CBIKZWxlY3Ryb25pYxoPdmFyaW91cyBhcnRpc3RzIgNncG0	FEmusic_library_privately_owned_artist_detaila_po_CKCA4sLKgvb7CBIJam9obiBjYWdl
4	Voile d'Orphée	Pierre Henry	Electronic	LIKE	15:36	NkX_6rrsmkA	FEmusic_library_privately_owned_release_detailb_po_CKCA4sLKgvb7CBIKZWxlY3Ryb25pYxoPdmFyaW91cyBhcnRpc3RzIgNncG0	FEmusic_library_privately_owned_artist_detaila_po_CKCA4sLKgvb7CBIMcGllcnJlIGhlbnJ5
5	Main Titles (Overture)	Louis And Bebe Barron	Electronic	LIKE	2:22	g7vfkmm4h8A	FEmusic_library_privately_owned_release_detailb_po_CKCA4sLKgvb7CBIKZWxlY3Ryb25pYxoPdmFyaW91cyBhcnRpc3RzIgNncG0	FEmusic_library_privately_owned_artist_detaila_po_CKCA4sLKgvb7CBIVbG91aXMgYW5kIGJlYmUgYmFycm9u
6	Concret PH	Iannis Xanakis	Electronic	LIKE	2:49	ruv-5krsjdA	FEmusic_library_privately_owned_release_detailb_po_CKCA4sLKgvb7CBIKZWxlY3Ryb25pYxoPdmFyaW91cyBhcnRpc3RzIgNncG0	FEmusic_library_privately_owned_artist_detaila_po_CKCA4sLKgvb7CBIOaWFubmlzIHhhbmFraXM
7	Tros Y Gareg (Main Theme)	John Baker	Electronic	LIKE	2:50	b53IFTI6TaA	FEmusic_library_privately_owned_release_detailb_po_CKCA4sLKgvb7CBIKZWxlY3Ryb25pYxoPdmFyaW91cyBhcnRpc3RzIgNncG0	FEmusic_library_privately_owned_artist_detaila_po_CKCA4sLKgvb7CBIKam9obiBiYWtlcg
8	Silver Apples Of The Moon (Part One)	Morton Subotnick	Electronic	LIKE	16:40	N1pqdsdthzc	FEmusic_library_privately_owned_release_detailb_po_CKCA4sLKgvb7CBIKZWxlY3Ryb25pYxoPdmFyaW91cyBhcnRpc3RzIgNncG0	FEmusic_library_privately_owned_artist_detaila_po_CKCA4sLKgvb7CBIQbW9ydG9uIHN1Ym90bmljaw
9	Nocturne In C-Sharp Minor	Clara Rockmore	Electronic	LIKE	3:56	xKTQPqBFRRY	FEmusic_library_privately_owned_release_detailb_po_CKCA4sLKgvb7CBIKZWxlY3Ryb25pYxoPdmFyaW91cyBhcnRpc3RzIgNncG0	FEmusic_library_privately_owned_artist_detaila_po_CKCA4sLKgvb7CBIOY2xhcmEgcm9ja21vcmU
10	Ricercar a 6	Linde Consort	Musikalisches Opfer	INDIFFERENT	6:55	xcd6_o9Ghu4	FEmusic_library_privately_owned_release_detailb_po_CKCA4sLKgvb7CBITbXVzaWthbGlzY2hlcyBvcGZlchoNbGluZGUgY29uc29ydCIDZ3Bt	FEmusic_library_privately_owned_artist_detaila_po_CKCA4sLKgvb7CBINbGluZGUgY29uc29ydA
11	No Summr4U	oOoOO	No Summr4U CDR	INDIFFERENT	4:32	b-NZfNattno	FEmusic_library_privately_owned_release_detailb_po_CKCA4sLKgvb7CBIObm8gc3VtbXI0dSBjZHIaBW9vb29vIgNncG0	FEmusic_library_privately_owned_artist_detaila_po_CKCA4sLKgvb7CBIFb29vb28
12	SedSUMTING	oOoOO	No Summr4U CDR	LIKE	5:32	dBDXWvGV1I8	FEmusic_library_privately_owned_release_detailb_po_CKCA4sLKgvb7CBIObm8gc3VtbXI0dSBjZHIaBW9vb29vIgNncG0	FEmusic_library_privately_owned_artist_detaila_po_CKCA4sLKgvb7CBIFb29vb28
13	The 80s	Jay Dee	Old Donuts	INDIFFERENT	2:23	I0G430saRE4	FEmusic_library_privately_owned_release_detailb_po_CKCA4sLKgvb7CBIKb2xkIGRvbnV0cxoHamF5IGRlZSIDZ3Bt	FEmusic_library_privately_owned_artist_detaila_po_CKCA4sLKgvb7CBIHamF5IGRlZQ
14	Dee Zee	Jay Dee	Old Donuts	INDIFFERENT	2:02	OoUu8EdIajM	FEmusic_library_privately_owned_release_detailb_po_CKCA4sLKgvb7CBIKb2xkIGRvbnV0cxoHamF5IGRlZSIDZ3Bt	FEmusic_library_privately_owned_artist_detaila_po_CKCA4sLKgvb7CBIHamF5IGRlZQ
15	Play It Loud	Jay Dee	Old Donuts	INDIFFERENT	1:59	CmX5EmnzMls	FEmusic_library_privately_owned_release_detailb_po_CKCA4sLKgvb7CBIKb2xkIGRvbnV0cxoHamF5IGRlZSIDZ3Bt	FEmusic_library_privately_owned_artist_detaila_po_CKCA4sLKgvb7CBIHamF5IGRlZQ
16	Daylight	Jay Dee	Old Donuts	INDIFFERENT	1:58	hp70pmGsI9I	FEmusic_library_privately_owned_release_detailb_po_CKCA4sLKgvb7CBIKb2xkIGRvbnV0cxoHamF5IGRlZSIDZ3Bt	FEmusic_library_privately_owned_artist_detaila_po_CKCA4sLKgvb7CBIHamF5IGRlZQ
17	Tipster	Jay Dee	Old Donuts	INDIFFERENT	2:04	15GqrqaD6iI	FEmusic_library_privately_owned_release_detailb_po_CKCA4sLKgvb7CBIKb2xkIGRvbnV0cxoHamF5IGRlZSIDZ3Bt	FEmusic_library_privately_owned_artist_detaila_po_CKCA4sLKgvb7CBIHamF5IGRlZQ
18	One Two	Jay Dee	Old Donuts	INDIFFERENT	1:48	It4-GWlYJuo	FEmusic_library_privately_owned_release_detailb_po_CKCA4sLKgvb7CBIKb2xkIGRvbnV0cxoHamF5IGRlZSIDZ3Bt	FEmusic_library_privately_owned_artist_detaila_po_CKCA4sLKgvb7CBIHamF5IGRlZQ
19	This Is It	Jay Dee	Old Donuts	INDIFFERENT	2:26	scn0BlcgjRk	FEmusic_library_privately_owned_release_detailb_po_CKCA4sLKgvb7CBIKb2xkIGRvbnV0cxoHamF5IGRlZSIDZ3Bt	FEmusic_library_privately_owned_artist_detaila_po_CKCA4sLKgvb7CBIHamF5IGRlZQ
20	Dont Say A Word	Jay Dee	Old Donuts	INDIFFERENT	1:59	dKRtqgPOHYo	FEmusic_library_privately_owned_release_detailb_po_CKCA4sLKgvb7CBIKb2xkIGRvbnV0cxoHamF5IGRlZSIDZ3Bt	FEmusic_library_privately_owned_artist_detaila_po_CKCA4sLKgvb7CBIHamF5IGRlZQ
21	Bounce	Jay Dee	Old Donuts	INDIFFERENT	2:11	06We-cR7cTM	FEmusic_library_privately_owned_release_detailb_po_CKCA4sLKgvb7CBIKb2xkIGRvbnV0cxoHamF5IGRlZSIDZ3Bt	FEmusic_library_privately_owned_artist_detaila_po_CKCA4sLKgvb7CBIHamF5IGRlZQ
22	Here We Come	Jay Dee	Old Donuts	INDIFFERENT	1:49	p1g-Ml1fb7Q	FEmusic_library_privately_owned_release_detailb_po_CKCA4sLKgvb7CBIKb2xkIGRvbnV0cxoHamF5IGRlZSIDZ3Bt	FEmusic_library_privately_owned_artist_detaila_po_CKCA4sLKgvb7CBIHamF5IGRlZQ
23	In The Spot	Jay Dee	Old Donuts	INDIFFERENT	1:23	cSCXHQWRtPI	FEmusic_library_privately_owned_release_detailb_po_CKCA4sLKgvb7CBIKb2xkIGRvbnV0cxoHamF5IGRlZSIDZ3Bt	FEmusic_library_privately_owned_artist_detaila_po_CKCA4sLKgvb7CBIHamF5IGRlZQ
24	MC Squared	Jay Dee	Old Donuts	INDIFFERENT	1:23	EdPlSoQBnZw	FEmusic_library_privately_owned_release_detailb_po_CKCA4sLKgvb7CBIKb2xkIGRvbnV0cxoHamF5IGRlZSIDZ3Bt	FEmusic_library_privately_owned_artist_detaila_po_CKCA4sLKgvb7CBIHamF5IGRlZQ
25	U Niggaz Aint	Jay Dee	Old Donuts	INDIFFERENT	1:41	Q5fPh90RyVw	FEmusic_library_privately_owned_release_detailb_po_CKCA4sLKgvb7CBIKb2xkIGRvbnV0cxoHamF5IGRlZSIDZ3Bt	FEmusic_library_privately_owned_artist_detaila_po_CKCA4sLKgvb7CBIHamF5IGRlZQ
26	Village	Jay Dee	Old Donuts	INDIFFERENT	1:31	5wsGt8zfyLc	FEmusic_library_privately_owned_release_detailb_po_CKCA4sLKgvb7CBIKb2xkIGRvbnV0cxoHamF5IGRlZSIDZ3Bt	FEmusic_library_privately_owned_artist_detaila_po_CKCA4sLKgvb7CBIHamF5IGRlZQ
27	Say It Big	Jay Dee	Old Donuts	INDIFFERENT	1:36	1uFKZV16SMw	FEmusic_library_privately_owned_release_detailb_po_CKCA4sLKgvb7CBIKb2xkIGRvbnV0cxoHamF5IGRlZSIDZ3Bt	FEmusic_library_privately_owned_artist_detaila_po_CKCA4sLKgvb7CBIHamF5IGRlZQ
28	Movin	Jay Dee	Old Donuts	INDIFFERENT	1:35	OdO-O1mary4	FEmusic_library_privately_owned_release_detailb_po_CKCA4sLKgvb7CBIKb2xkIGRvbnV0cxoHamF5IGRlZSIDZ3Bt	FEmusic_library_privately_owned_artist_detaila_po_CKCA4sLKgvb7CBIHamF5IGRlZQ
29	U and Ur Smile	Jay Dee	Old Donuts	LIKE	2:10	4kIlSDvs4eA	FEmusic_library_privately_owned_release_detailb_po_CKCA4sLKgvb7CBIKb2xkIGRvbnV0cxoHamF5IGRlZSIDZ3Bt	FEmusic_library_privately_owned_artist_detaila_po_CKCA4sLKgvb7CBIHamF5IGRlZQ
30	2 morrow	Jay Dee	Old Donuts	INDIFFERENT	1:51	XBPDDvYSA8Q	FEmusic_library_privately_owned_release_detailb_po_CKCA4sLKgvb7CBIKb2xkIGRvbnV0cxoHamF5IGRlZSIDZ3Bt	FEmusic_library_privately_owned_artist_detaila_po_CKCA4sLKgvb7CBIHamF5IGRlZQ
31	Prince	Jay Dee	Old Donuts	LIKE	2:04	irRmOEfgpzM	FEmusic_library_privately_owned_release_detailb_po_CKCA4sLKgvb7CBIKb2xkIGRvbnV0cxoHamF5IGRlZSIDZ3Bt	FEmusic_library_privately_owned_artist_detaila_po_CKCA4sLKgvb7CBIHamF5IGRlZQ
32	Twentyfour	Jay Dee	Old Donuts	INDIFFERENT	1:09	DVRohUx4MYI	FEmusic_library_privately_owned_release_detailb_po_CKCA4sLKgvb7CBIKb2xkIGRvbnV0cxoHamF5IGRlZSIDZ3Bt	FEmusic_library_privately_owned_artist_detaila_po_CKCA4sLKgvb7CBIHamF5IGRlZQ
33	Gynopedie (Satie)	Erik Satie remix	Satie's Music Box	LIKE	3:00	pJFuQh_6PVQ	FEmusic_library_privately_owned_release_detailb_po_CKCA4sLKgvb7CBIQc2F0aWVzIG11c2ljIGJveBoKZXJpayBzYXRpZSIDZ3Bt	FEmusic_library_privately_owned_artist_detaila_po_CKCA4sLKgvb7CBIQZXJpayBzYXRpZSByZW1peA
34	Solo/Tutti, with Garth Knox, viola	Richard Karpen	Solo/Tutti	INDIFFERENT	16:38	MwlpP-FSZtw	FEmusic_library_privately_owned_release_detailb_po_CKCA4sLKgvb7CBIKc29sbyB0dXR0aRoOcmljaGFyZCBrYXJwZW4iA2dwbQ	FEmusic_library_privately_owned_artist_detaila_po_CKCA4sLKgvb7CBIOcmljaGFyZCBrYXJwZW4
35	Did It Before	Lil Wayne	Tha Drought Is Over 2: Tha Carter 3 Sessions	INDIFFERENT	3:55	y_ao4zKnz2k	FEmusic_library_privately_owned_release_detailb_po_CKCA4sLKgvb7CBIrdGhhIGRyb3VnaHQgaXMgb3ZlciAyIHRoYSBjYXJ0ZXIgMyBzZXNzaW9ucxoJbGlsIHdheW5lIgNncG0	FEmusic_library_privately_owned_artist_detaila_po_CKCA4sLKgvb7CBIJbGlsIHdheW5l
36	Scarface	Lil Wayne	Tha Drought Is Over 2: Tha Carter 3 Sessions	INDIFFERENT	4:04	at3CGMRLmO4	FEmusic_library_privately_owned_release_detailb_po_CKCA4sLKgvb7CBIrdGhhIGRyb3VnaHQgaXMgb3ZlciAyIHRoYSBjYXJ0ZXIgMyBzZXNzaW9ucxoJbGlsIHdheW5lIgNncG0	FEmusic_library_privately_owned_artist_detaila_po_CKCA4sLKgvb7CBIJbGlsIHdheW5l
37	World Of Fantasy Feat. Question	Lil Wayne	Tha Drought Is Over 2: Tha Carter 3 Sessions	INDIFFERENT	3:57	HlhysLMECKI	FEmusic_library_privately_owned_release_detailb_po_CKCA4sLKgvb7CBIrdGhhIGRyb3VnaHQgaXMgb3ZlciAyIHRoYSBjYXJ0ZXIgMyBzZXNzaW9ucxoJbGlsIHdheW5lIgNncG0	FEmusic_library_privately_owned_artist_detaila_po_CKCA4sLKgvb7CBIJbGlsIHdheW5l
38	I Know The Future Feat. Mack Maine	Lil Wayne	Tha Drought Is Over 2: Tha Carter 3 Sessions	INDIFFERENT	3:31	yYkmQzgaRNo	FEmusic_library_privately_owned_release_detailb_po_CKCA4sLKgvb7CBIrdGhhIGRyb3VnaHQgaXMgb3ZlciAyIHRoYSBjYXJ0ZXIgMyBzZXNzaW9ucxoJbGlsIHdheW5lIgNncG0	FEmusic_library_privately_owned_artist_detaila_po_CKCA4sLKgvb7CBIJbGlsIHdheW5l
39	What He Does Feat. Nikki	Lil Wayne	Tha Drought Is Over 2: Tha Carter 3 Sessions	INDIFFERENT	3:31	zl2-hji-8uI	FEmusic_library_privately_owned_release_detailb_po_CKCA4sLKgvb7CBIrdGhhIGRyb3VnaHQgaXMgb3ZlciAyIHRoYSBjYXJ0ZXIgMyBzZXNzaW9ucxoJbGlsIHdheW5lIgNncG0	FEmusic_library_privately_owned_artist_detaila_po_CKCA4sLKgvb7CBIJbGlsIHdheW5l
40	Help	Lil Wayne	Tha Drought Is Over 2: Tha Carter 3 Sessions	LIKE	1:41	IZvz5WEvHts	FEmusic_library_privately_owned_release_detailb_po_CKCA4sLKgvb7CBIrdGhhIGRyb3VnaHQgaXMgb3ZlciAyIHRoYSBjYXJ0ZXIgMyBzZXNzaW9ucxoJbGlsIHdheW5lIgNncG0	FEmusic_library_privately_owned_artist_detaila_po_CKCA4sLKgvb7CBIJbGlsIHdheW5l
41	Time For Us To Fuck	Lil Wayne	Tha Drought Is Over 2: Tha Carter 3 Sessions	INDIFFERENT	3:34	fRH-3eTp7x0	FEmusic_library_privately_owned_release_detailb_po_CKCA4sLKgvb7CBIrdGhhIGRyb3VnaHQgaXMgb3ZlciAyIHRoYSBjYXJ0ZXIgMyBzZXNzaW9ucxoJbGlsIHdheW5lIgNncG0	FEmusic_library_privately_owned_artist_detaila_po_CKCA4sLKgvb7CBIJbGlsIHdheW5l
42	Zoo Feat. Mack Maine	Lil Wayne	Tha Drought Is Over 2: Tha Carter 3 Sessions	INDIFFERENT	4:36	f3mOmrf2Gtk	FEmusic_library_privately_owned_release_detailb_po_CKCA4sLKgvb7CBIrdGhhIGRyb3VnaHQgaXMgb3ZlciAyIHRoYSBjYXJ0ZXIgMyBzZXNzaW9ucxoJbGlsIHdheW5lIgNncG0	FEmusic_library_privately_owned_artist_detaila_po_CKCA4sLKgvb7CBIJbGlsIHdheW5l
43	Im A Beast	Lil Wayne	Tha Drought Is Over 2: Tha Carter 3 Sessions	INDIFFERENT	3:59	Mi5tKP9LTZQ	FEmusic_library_privately_owned_release_detailb_po_CKCA4sLKgvb7CBIrdGhhIGRyb3VnaHQgaXMgb3ZlciAyIHRoYSBjYXJ0ZXIgMyBzZXNzaW9ucxoJbGlsIHdheW5lIgNncG0	FEmusic_library_privately_owned_artist_detaila_po_CKCA4sLKgvb7CBIJbGlsIHdheW5l
44	Pussy MVP	Lil Wayne	Tha Drought Is Over 2: Tha Carter 3 Sessions	INDIFFERENT	1:18	d1MeF1mjs6E	FEmusic_library_privately_owned_release_detailb_po_CKCA4sLKgvb7CBIrdGhhIGRyb3VnaHQgaXMgb3ZlciAyIHRoYSBjYXJ0ZXIgMyBzZXNzaW9ucxoJbGlsIHdheW5lIgNncG0	FEmusic_library_privately_owned_artist_detaila_po_CKCA4sLKgvb7CBIJbGlsIHdheW5l
45	Talk It Over	Lil Wayne	Tha Drought Is Over 2: Tha Carter 3 Sessions	INDIFFERENT	3:25	ypJeAHGhJL0	FEmusic_library_privately_owned_release_detailb_po_CKCA4sLKgvb7CBIrdGhhIGRyb3VnaHQgaXMgb3ZlciAyIHRoYSBjYXJ0ZXIgMyBzZXNzaW9ucxoJbGlsIHdheW5lIgNncG0	FEmusic_library_privately_owned_artist_detaila_po_CKCA4sLKgvb7CBIJbGlsIHdheW5l
46	Diamonds & Girls Feat. Curren$y	Lil Wayne	Tha Drought Is Over 2: Tha Carter 3 Sessions	INDIFFERENT	4:42	dd2Ff13L8vE	FEmusic_library_privately_owned_release_detailb_po_CKCA4sLKgvb7CBIrdGhhIGRyb3VnaHQgaXMgb3ZlciAyIHRoYSBjYXJ0ZXIgMyBzZXNzaW9ucxoJbGlsIHdheW5lIgNncG0	FEmusic_library_privately_owned_artist_detaila_po_CKCA4sLKgvb7CBIJbGlsIHdheW5l
47	I Feel Like Dying	Lil Wayne	Tha Drought Is Over 2: Tha Carter 3 Sessions	LIKE	3:28	oCQMcHXEabI	FEmusic_library_privately_owned_release_detailb_po_CKCA4sLKgvb7CBIrdGhhIGRyb3VnaHQgaXMgb3ZlciAyIHRoYSBjYXJ0ZXIgMyBzZXNzaW9ucxoJbGlsIHdheW5lIgNncG0	FEmusic_library_privately_owned_artist_detaila_po_CKCA4sLKgvb7CBIJbGlsIHdheW5l
48	Colours	Lil Wayne	Tha Drought Is Over 2: Tha Carter 3 Sessions	INDIFFERENT	0:56	b1zVuXlDMVQ	FEmusic_library_privately_owned_release_detailb_po_CKCA4sLKgvb7CBIrdGhhIGRyb3VnaHQgaXMgb3ZlciAyIHRoYSBjYXJ0ZXIgMyBzZXNzaW9ucxoJbGlsIHdheW5lIgNncG0	FEmusic_library_privately_owned_artist_detaila_po_CKCA4sLKgvb7CBIJbGlsIHdheW5l
49	Get It Shawty	Lil Wayne	Tha Drought Is Over 2: Tha Carter 3 Sessions	INDIFFERENT	0:48	RXuWUSXD2QU	FEmusic_library_privately_owned_release_detailb_po_CKCA4sLKgvb7CBIrdGhhIGRyb3VnaHQgaXMgb3ZlciAyIHRoYSBjYXJ0ZXIgMyBzZXNzaW9ucxoJbGlsIHdheW5lIgNncG0	FEmusic_library_privately_owned_artist_detaila_po_CKCA4sLKgvb7CBIJbGlsIHdheW5l
50	Prostitute Flange Feat. Boo	Lil Wayne	Tha Drought Is Over 2: Tha Carter 3 Sessions	INDIFFERENT	6:14	OlAQeJuwcQg	FEmusic_library_privately_owned_release_detailb_po_CKCA4sLKgvb7CBIrdGhhIGRyb3VnaHQgaXMgb3ZlciAyIHRoYSBjYXJ0ZXIgMyBzZXNzaW9ucxoJbGlsIHdheW5lIgNncG0	FEmusic_library_privately_owned_artist_detaila_po_CKCA4sLKgvb7CBIJbGlsIHdheW5l
51	Brown Paper Bag	Lil Wayne	Tha Drought Is Over 2: Tha Carter 3 Sessions	INDIFFERENT	1:07	rYwoY7gPQFs	FEmusic_library_privately_owned_release_detailb_po_CKCA4sLKgvb7CBIrdGhhIGRyb3VnaHQgaXMgb3ZlciAyIHRoYSBjYXJ0ZXIgMyBzZXNzaW9ucxoJbGlsIHdheW5lIgNncG0	FEmusic_library_privately_owned_artist_detaila_po_CKCA4sLKgvb7CBIJbGlsIHdheW5l
52	246	Kaytranada	Whatever	INDIFFERENT	4:01	HzdrNmxOxpU	FEmusic_library_privately_owned_release_detailb_po_CKCA4sLKgvb7CBIId2hhdGV2ZXIaCmtheXRyYW5hZGEiA2dwbQ	FEmusic_library_privately_owned_artist_detaila_po_CKCA4sLKgvb7CBIKa2F5dHJhbmFkYQ
53	All We Do  Feat. JMSN (Remix)	Kaytranada	Whatever	INDIFFERENT	3:57	QMOyPV61JsU	FEmusic_library_privately_owned_release_detailb_po_CKCA4sLKgvb7CBIId2hhdGV2ZXIaCmtheXRyYW5hZGEiA2dwbQ	FEmusic_library_privately_owned_artist_detaila_po_CKCA4sLKgvb7CBIKa2F5dHJhbmFkYQ
54	ATM Jam  Feat. Azalea Banks (Alternate Mix)	Kaytranada	Whatever	LIKE	3:52	wRLpKdu7zRk	FEmusic_library_privately_owned_release_detailb_po_CKCA4sLKgvb7CBIId2hhdGV2ZXIaCmtheXRyYW5hZGEiA2dwbQ	FEmusic_library_privately_owned_artist_detaila_po_CKCA4sLKgvb7CBIKa2F5dHJhbmFkYQ
55	Forever Lasting Night	Kaytranada	Whatever	LIKE	2:39	o3TB23vWF7E	FEmusic_library_privately_owned_release_detailb_po_CKCA4sLKgvb7CBIId2hhdGV2ZXIaCmtheXRyYW5hZGEiA2dwbQ	FEmusic_library_privately_owned_artist_detaila_po_CKCA4sLKgvb7CBIKa2F5dHJhbmFkYQ
56	Jay Dee Come N Get It  (Interlude)	Kaytranada	Whatever	INDIFFERENT	1:56	Fq3ux5tiqWQ	FEmusic_library_privately_owned_release_detailb_po_CKCA4sLKgvb7CBIId2hhdGV2ZXIaCmtheXRyYW5hZGEiA2dwbQ	FEmusic_library_privately_owned_artist_detaila_po_CKCA4sLKgvb7CBIKa2F5dHJhbmFkYQ
57	It's Love  Feat. Jill Scott (Kaytranada Edition)	Kaytranada	Whatever	INDIFFERENT	2:13	90TW2DOrIWY	FEmusic_library_privately_owned_release_detailb_po_CKCA4sLKgvb7CBIId2hhdGV2ZXIaCmtheXRyYW5hZGEiA2dwbQ	FEmusic_library_privately_owned_artist_detaila_po_CKCA4sLKgvb7CBIKa2F5dHJhbmFkYQ
58	Jupiter	Kaytranada	Whatever	INDIFFERENT	2:06	Hfv_14ZyXxI	FEmusic_library_privately_owned_release_detailb_po_CKCA4sLKgvb7CBIId2hhdGV2ZXIaCmtheXRyYW5hZGEiA2dwbQ	FEmusic_library_privately_owned_artist_detaila_po_CKCA4sLKgvb7CBIKa2F5dHJhbmFkYQ
59	Maybe Watson  (Instrumental Remix)	Kaytranada	Whatever	INDIFFERENT	1:22	-TSqxRk-qe4	FEmusic_library_privately_owned_release_detailb_po_CKCA4sLKgvb7CBIId2hhdGV2ZXIaCmtheXRyYW5hZGEiA2dwbQ	FEmusic_library_privately_owned_artist_detaila_po_CKCA4sLKgvb7CBIKa2F5dHJhbmFkYQ
60	Missy, I'm really, really, really hot!	Kaytranada	Whatever	LIKE	4:20	kFjlqF1dxMI	FEmusic_library_privately_owned_release_detailb_po_CKCA4sLKgvb7CBIId2hhdGV2ZXIaCmtheXRyYW5hZGEiA2dwbQ	FEmusic_library_privately_owned_artist_detaila_po_CKCA4sLKgvb7CBIKa2F5dHJhbmFkYQ
61	Not To Play With	Kaytranada	Whatever	INDIFFERENT	2:11	0kGunOFRlTI	FEmusic_library_privately_owned_release_detailb_po_CKCA4sLKgvb7CBIId2hhdGV2ZXIaCmtheXRyYW5hZGEiA2dwbQ	FEmusic_library_privately_owned_artist_detaila_po_CKCA4sLKgvb7CBIKa2F5dHJhbmFkYQ
62	Regrets	Kaytranada	Whatever	LIKE	3:16	DaWLve6j9m8	FEmusic_library_privately_owned_release_detailb_po_CKCA4sLKgvb7CBIId2hhdGV2ZXIaCmtheXRyYW5hZGEiA2dwbQ	FEmusic_library_privately_owned_artist_detaila_po_CKCA4sLKgvb7CBIKa2F5dHJhbmFkYQ
63	Roots Silent Treatment	Kaytranada	Whatever	INDIFFERENT	1:06	UWH_KIG5-lE	FEmusic_library_privately_owned_release_detailb_po_CKCA4sLKgvb7CBIId2hhdGV2ZXIaCmtheXRyYW5hZGEiA2dwbQ	FEmusic_library_privately_owned_artist_detaila_po_CKCA4sLKgvb7CBIKa2F5dHJhbmFkYQ
64	Show Out	Kaytranada	Whatever	INDIFFERENT	4:14	n2ef2oNtsII	FEmusic_library_privately_owned_release_detailb_po_CKCA4sLKgvb7CBIId2hhdGV2ZXIaCmtheXRyYW5hZGEiA2dwbQ	FEmusic_library_privately_owned_artist_detaila_po_CKCA4sLKgvb7CBIKa2F5dHJhbmFkYQ
65	Sober Thoughts Feat. Goldlink	Kaytranada	Whatever	INDIFFERENT	3:44	YKG_cVnoVkg	FEmusic_library_privately_owned_release_detailb_po_CKCA4sLKgvb7CBIId2hhdGV2ZXIaCmtheXRyYW5hZGEiA2dwbQ	FEmusic_library_privately_owned_artist_detaila_po_CKCA4sLKgvb7CBIKa2F5dHJhbmFkYQ
66	TaDaTa  (2011)	Kaytranada	Whatever	INDIFFERENT	3:39	Rv0n5tpuBHY	FEmusic_library_privately_owned_release_detailb_po_CKCA4sLKgvb7CBIId2hhdGV2ZXIaCmtheXRyYW5hZGEiA2dwbQ	FEmusic_library_privately_owned_artist_detaila_po_CKCA4sLKgvb7CBIKa2F5dHJhbmFkYQ
67	The Day A	Kaytranada	Whatever	INDIFFERENT	3:26	NpgKEAMW2Yk	FEmusic_library_privately_owned_release_detailb_po_CKCA4sLKgvb7CBIId2hhdGV2ZXIaCmtheXRyYW5hZGEiA2dwbQ	FEmusic_library_privately_owned_artist_detaila_po_CKCA4sLKgvb7CBIKa2F5dHJhbmFkYQ
68	Wanna Go Up	Kaytranada	Whatever	INDIFFERENT	3:29	SWL6luJ9pjU	FEmusic_library_privately_owned_release_detailb_po_CKCA4sLKgvb7CBIId2hhdGV2ZXIaCmtheXRyYW5hZGEiA2dwbQ	FEmusic_library_privately_owned_artist_detaila_po_CKCA4sLKgvb7CBIKa2F5dHJhbmFkYQ
69	Georgia on My Mind	Ray Charles	The Genius Hits The Road	INDIFFERENT	3:35	NJNnp4pqwok	FEmusic_library_privately_owned_release_detailb_po_CKCA4sLKgvb7CBIUZ2VuaXVzIGhpdHMgdGhlIHJvYWQaC3JheSBjaGFybGVzIgNncG0	FEmusic_library_privately_owned_artist_detaila_po_CKCA4sLKgvb7CBILcmF5IGNoYXJsZXM
70	Moonlight in Vermont	Ray Charles	The Genius Hits The Road	INDIFFERENT	3:02	6jlIEi70ZhA	FEmusic_library_privately_owned_release_detailb_po_CKCA4sLKgvb7CBIUZ2VuaXVzIGhpdHMgdGhlIHJvYWQaC3JheSBjaGFybGVzIgNncG0	FEmusic_library_privately_owned_artist_detaila_po_CKCA4sLKgvb7CBILcmF5IGNoYXJsZXM
71	New York's My Home	Ray Charles	The Genius Hits The Road	INDIFFERENT	3:05	DJ9YtGcNLM0	FEmusic_library_privately_owned_release_detailb_po_CKCA4sLKgvb7CBIUZ2VuaXVzIGhpdHMgdGhlIHJvYWQaC3JheSBjaGFybGVzIgNncG0	FEmusic_library_privately_owned_artist_detaila_po_CKCA4sLKgvb7CBILcmF5IGNoYXJsZXM
72	Deep in the Heart of Texas	Ray Charles	The Genius Hits The Road	INDIFFERENT	2:28	gTWY5DaViBU	FEmusic_library_privately_owned_release_detailb_po_CKCA4sLKgvb7CBIUZ2VuaXVzIGhpdHMgdGhlIHJvYWQaC3JheSBjaGFybGVzIgNncG0	FEmusic_library_privately_owned_artist_detaila_po_CKCA4sLKgvb7CBILcmF5IGNoYXJsZXM
73	Blue Hawaii	Ray Charles	The Genius Hits The Road	INDIFFERENT	2:58	lq1Ai_tifmw	FEmusic_library_privately_owned_release_detailb_po_CKCA4sLKgvb7CBIUZ2VuaXVzIGhpdHMgdGhlIHJvYWQaC3JheSBjaGFybGVzIgNncG0	FEmusic_library_privately_owned_artist_detaila_po_CKCA4sLKgvb7CBILcmF5IGNoYXJsZXM
74	Sentimental Journey	Ray Charles	The Genius Hits The Road	INDIFFERENT	2:58	eQeBauTGjO4	FEmusic_library_privately_owned_release_detailb_po_CKCA4sLKgvb7CBIUZ2VuaXVzIGhpdHMgdGhlIHJvYWQaC3JheSBjaGFybGVzIgNncG0	FEmusic_library_privately_owned_artist_detaila_po_CKCA4sLKgvb7CBILcmF5IGNoYXJsZXM
75	Hit the Road Jack	Ray Charles	The Genius Hits The Road	INDIFFERENT	2:00	wYwZfNpjFeY	FEmusic_library_privately_owned_release_detailb_po_CKCA4sLKgvb7CBIUZ2VuaXVzIGhpdHMgdGhlIHJvYWQaC3JheSBjaGFybGVzIgNncG0	FEmusic_library_privately_owned_artist_detaila_po_CKCA4sLKgvb7CBILcmF5IGNoYXJsZXM
76	Rainy Night in Georgia	Ray Charles	The Genius Hits The Road	INDIFFERENT	6:16	pWdCxPkDrc0	FEmusic_library_privately_owned_release_detailb_po_CKCA4sLKgvb7CBIUZ2VuaXVzIGhpdHMgdGhlIHJvYWQaC3JheSBjaGFybGVzIgNncG0	FEmusic_library_privately_owned_artist_detaila_po_CKCA4sLKgvb7CBILcmF5IGNoYXJsZXM
77	I'm Movin' On	Ray Charles	The Genius Hits The Road	INDIFFERENT	2:29	yqUtZAijSeY	FEmusic_library_privately_owned_release_detailb_po_CKCA4sLKgvb7CBIUZ2VuaXVzIGhpdHMgdGhlIHJvYWQaC3JheSBjaGFybGVzIgNncG0	FEmusic_library_privately_owned_artist_detaila_po_CKCA4sLKgvb7CBILcmF5IGNoYXJsZXM
78	Swanee River Rock	Ray Charles	The Genius Hits The Road	INDIFFERENT	2:20	TdOxHabLYks	FEmusic_library_privately_owned_release_detailb_po_CKCA4sLKgvb7CBIUZ2VuaXVzIGhpdHMgdGhlIHJvYWQaC3JheSBjaGFybGVzIgNncG0	FEmusic_library_privately_owned_artist_detaila_po_CKCA4sLKgvb7CBILcmF5IGNoYXJsZXM
79	Atmosphères	Claudio Abbado: Vienna Philharmonic Orchestra	Wien Modern	LIKE	9:01	8bQ2sBmWcGI	FEmusic_library_privately_owned_release_detailb_po_CKCA4sLKgvb7CBILd2llbiBtb2Rlcm4aLGNsYXVkaW8gYWJiYWRvIHZpZW5uYSBwaGlsaGFybW9uaWMgb3JjaGVzdHJhIgNncG0	FEmusic_library_privately_owned_artist_detaila_po_CKCA4sLKgvb7CBIsY2xhdWRpbyBhYmJhZG8gdmllbm5hIHBoaWxoYXJtb25pYyBvcmNoZXN0cmE
80	Improvisation on the Theme Music from Pather Panchali	Ravi Shankar	Improvisations	INDIFFERENT	2:04	NWN0-E9hrAA	FEmusic_library_privately_owned_release_detailb_po_CKCA4sLKgvb7CBIOaW1wcm92aXNhdGlvbnMaDHJhdmkgc2hhbmthciIDZ3Bt	FEmusic_library_privately_owned_artist_detaila_po_CKCA4sLKgvb7CBIMcmF2aSBzaGFua2Fy
81	Fire Night	Ravi Shankar	Improvisations	INDIFFERENT	2:51	JdswE5BNdKA	FEmusic_library_privately_owned_release_detailb_po_CKCA4sLKgvb7CBIOaW1wcm92aXNhdGlvbnMaDHJhdmkgc2hhbmthciIDZ3Bt	FEmusic_library_privately_owned_artist_detaila_po_CKCA4sLKgvb7CBIMcmF2aSBzaGFua2Fy
82	Raga Rageshri: Part 1 (Alap)	Ravi Shankar	Improvisations	LIKE	6:50	U4Aq8jS34aU	FEmusic_library_privately_owned_release_detailb_po_CKCA4sLKgvb7CBIOaW1wcm92aXNhdGlvbnMaDHJhdmkgc2hhbmthciIDZ3Bt	FEmusic_library_privately_owned_artist_detaila_po_CKCA4sLKgvb7CBIMcmF2aSBzaGFua2Fy
83	Cantaloupe Island	Herbie Hancock	Empyrean Isles	LIKE	5:32	LYHHnBryxzE	FEmusic_library_privately_owned_release_detailb_po_CKCA4sLKgvb7CBIOZW1weXJlYW4gaXNsZXMaDmhlcmJpZSBoYW5jb2NrIgNncG0	FEmusic_library_privately_owned_artist_detaila_po_CKCA4sLKgvb7CBIOaGVyYmllIGhhbmNvY2s
84	Blues Run the Game	Jackson C. Frank	Jackson C. Frank	INDIFFERENT	3:34	aGzkcE7K1K8	FEmusic_library_privately_owned_release_detailb_po_CKCA4sLKgvb7CBIPamFja3NvbiBjIGZyYW5rGg9qYWNrc29uIGMgZnJhbmsiA2dwbQ	FEmusic_library_privately_owned_artist_detaila_po_CKCA4sLKgvb7CBIPamFja3NvbiBjIGZyYW5r
85	Don't Look Back	Jackson C. Frank	Jackson C. Frank	INDIFFERENT	3:00	_kfe8y9ewdU	FEmusic_library_privately_owned_release_detailb_po_CKCA4sLKgvb7CBIPamFja3NvbiBjIGZyYW5rGg9qYWNrc29uIGMgZnJhbmsiA2dwbQ	FEmusic_library_privately_owned_artist_detaila_po_CKCA4sLKgvb7CBIPamFja3NvbiBjIGZyYW5r
86	Yellow Walls	Jackson C. Frank	Jackson C. Frank	INDIFFERENT	3:02	55oOXSJTKqo	FEmusic_library_privately_owned_release_detailb_po_CKCA4sLKgvb7CBIPamFja3NvbiBjIGZyYW5rGg9qYWNrc29uIGMgZnJhbmsiA2dwbQ	FEmusic_library_privately_owned_artist_detaila_po_CKCA4sLKgvb7CBIPamFja3NvbiBjIGZyYW5r
87	Here Come the Blues	Jackson C. Frank	Jackson C. Frank	INDIFFERENT	4:03	H_ZT-YtLrk8	FEmusic_library_privately_owned_release_detailb_po_CKCA4sLKgvb7CBIPamFja3NvbiBjIGZyYW5rGg9qYWNrc29uIGMgZnJhbmsiA2dwbQ	FEmusic_library_privately_owned_artist_detaila_po_CKCA4sLKgvb7CBIPamFja3NvbiBjIGZyYW5r
88	Milk and Honey	Jackson C. Frank	Jackson C. Frank	LIKE	3:40	-vvn5Pw2I9I	FEmusic_library_privately_owned_release_detailb_po_CKCA4sLKgvb7CBIPamFja3NvbiBjIGZyYW5rGg9qYWNrc29uIGMgZnJhbmsiA2dwbQ	FEmusic_library_privately_owned_artist_detaila_po_CKCA4sLKgvb7CBIPamFja3NvbiBjIGZyYW5r
89	My Name Is Carnival	Jackson C. Frank	Jackson C. Frank	INDIFFERENT	3:47	PKsabotHI5I	FEmusic_library_privately_owned_release_detailb_po_CKCA4sLKgvb7CBIPamFja3NvbiBjIGZyYW5rGg9qYWNrc29uIGMgZnJhbmsiA2dwbQ	FEmusic_library_privately_owned_artist_detaila_po_CKCA4sLKgvb7CBIPamFja3NvbiBjIGZyYW5r
90	I Want to Be Alone (Dialogue)	Jackson C. Frank	Jackson C. Frank	INDIFFERENT	3:20	S5J_UCeDGwU	FEmusic_library_privately_owned_release_detailb_po_CKCA4sLKgvb7CBIPamFja3NvbiBjIGZyYW5rGg9qYWNrc29uIGMgZnJhbmsiA2dwbQ	FEmusic_library_privately_owned_artist_detaila_po_CKCA4sLKgvb7CBIPamFja3NvbiBjIGZyYW5r
91	Just Like Anything	Jackson C. Frank	Jackson C. Frank	INDIFFERENT	2:26	2oI5Cl2qOY0	FEmusic_library_privately_owned_release_detailb_po_CKCA4sLKgvb7CBIPamFja3NvbiBjIGZyYW5rGg9qYWNrc29uIGMgZnJhbmsiA2dwbQ	FEmusic_library_privately_owned_artist_detaila_po_CKCA4sLKgvb7CBIPamFja3NvbiBjIGZyYW5r
92	The Visit	Jackson C. Frank	Jackson C. Frank	INDIFFERENT	4:48	AMOyT5K2NUg	FEmusic_library_privately_owned_release_detailb_po_CKCA4sLKgvb7CBIPamFja3NvbiBjIGZyYW5rGg9qYWNrc29uIGMgZnJhbmsiA2dwbQ	FEmusic_library_privately_owned_artist_detaila_po_CKCA4sLKgvb7CBIPamFja3NvbiBjIGZyYW5r
93	Can't Seem to Make You Mine	The Seeds	The Seeds	LIKE	3:05	6_xiJbtpsp0	FEmusic_library_privately_owned_release_detailb_po_CKCA4sLKgvb7CBIFc2VlZHMaBXNlZWRzIgNncG0	FEmusic_library_privately_owned_artist_detaila_po_CKCA4sLKgvb7CBIFc2VlZHM
94	No Escape	The Seeds	The Seeds	INDIFFERENT	2:16	HewiOzzTVOM	FEmusic_library_privately_owned_release_detailb_po_CKCA4sLKgvb7CBIFc2VlZHMaBXNlZWRzIgNncG0	FEmusic_library_privately_owned_artist_detaila_po_CKCA4sLKgvb7CBIFc2VlZHM
95	Lose Your Mind	The Seeds	The Seeds	INDIFFERENT	2:15	a01xuTvzZt8	FEmusic_library_privately_owned_release_detailb_po_CKCA4sLKgvb7CBIFc2VlZHMaBXNlZWRzIgNncG0	FEmusic_library_privately_owned_artist_detaila_po_CKCA4sLKgvb7CBIFc2VlZHM
96	Nobody Spoil My Fun	The Seeds	The Seeds	LIKE	3:53	x0NerviL7oE	FEmusic_library_privately_owned_release_detailb_po_CKCA4sLKgvb7CBIFc2VlZHMaBXNlZWRzIgNncG0	FEmusic_library_privately_owned_artist_detaila_po_CKCA4sLKgvb7CBIFc2VlZHM
97	Fallin' in Love	The Seeds	The Seeds	INDIFFERENT	2:51	0dbMOhzVR54	FEmusic_library_privately_owned_release_detailb_po_CKCA4sLKgvb7CBIFc2VlZHMaBXNlZWRzIgNncG0	FEmusic_library_privately_owned_artist_detaila_po_CKCA4sLKgvb7CBIFc2VlZHM
98	Flyin' High	The Turtles	You Baby	INDIFFERENT	1:46	2XqFPzUBOr8	FEmusic_library_privately_owned_release_detailb_po_CKCA4sLKgvb7CBIIeW91IGJhYnkaB3R1cnRsZXMiA2dwbQ	FEmusic_library_privately_owned_artist_detaila_po_CKCA4sLKgvb7CBIHdHVydGxlcw
99	I Know That You'll Be There	The Turtles	You Baby	LIKE	2:12	7qO-tEgjvDg	FEmusic_library_privately_owned_release_detailb_po_CKCA4sLKgvb7CBIIeW91IGJhYnkaB3R1cnRsZXMiA2dwbQ	FEmusic_library_privately_owned_artist_detaila_po_CKCA4sLKgvb7CBIHdHVydGxlcw
100	House of Pain	The Turtles	You Baby	INDIFFERENT	2:48	mgy18YWGU9A	FEmusic_library_privately_owned_release_detailb_po_CKCA4sLKgvb7CBIIeW91IGJhYnkaB3R1cnRsZXMiA2dwbQ	FEmusic_library_privately_owned_artist_detaila_po_CKCA4sLKgvb7CBIHdHVydGxlcw
101	I Need Someone	The Turtles	You Baby	INDIFFERENT	2:23	pqVBUdrOUpI	FEmusic_library_privately_owned_release_detailb_po_CKCA4sLKgvb7CBIIeW91IGJhYnkaB3R1cnRsZXMiA2dwbQ	FEmusic_library_privately_owned_artist_detaila_po_CKCA4sLKgvb7CBIHdHVydGxlcw
102	Give Love a Trial	The Turtles	You Baby	INDIFFERENT	2:18	-FRoPnEzKZU	FEmusic_library_privately_owned_release_detailb_po_CKCA4sLKgvb7CBIIeW91IGJhYnkaB3R1cnRsZXMiA2dwbQ	FEmusic_library_privately_owned_artist_detaila_po_CKCA4sLKgvb7CBIHdHVydGxlcw
103	You Baby	The Turtles	You Baby	INDIFFERENT	2:16	xveBMg8nGq8	FEmusic_library_privately_owned_release_detailb_po_CKCA4sLKgvb7CBIIeW91IGJhYnkaB3R1cnRsZXMiA2dwbQ	FEmusic_library_privately_owned_artist_detaila_po_CKCA4sLKgvb7CBIHdHVydGxlcw
104	Pall Bearing, Ball Bearing World	The Turtles	You Baby	INDIFFERENT	2:53	aouxXFNgvlE	FEmusic_library_privately_owned_release_detailb_po_CKCA4sLKgvb7CBIIeW91IGJhYnkaB3R1cnRsZXMiA2dwbQ	FEmusic_library_privately_owned_artist_detaila_po_CKCA4sLKgvb7CBIHdHVydGxlcw
105	Almost There	The Turtles	You Baby	INDIFFERENT	2:14	EKTHkDRfKZY	FEmusic_library_privately_owned_release_detailb_po_CKCA4sLKgvb7CBIIeW91IGJhYnkaB3R1cnRsZXMiA2dwbQ	FEmusic_library_privately_owned_artist_detaila_po_CKCA4sLKgvb7CBIHdHVydGxlcw
106	Can I Get to Know You Better	The Turtles	You Baby	INDIFFERENT	2:38	zPwRt1F4hIU	FEmusic_library_privately_owned_release_detailb_po_CKCA4sLKgvb7CBIIeW91IGJhYnkaB3R1cnRsZXMiA2dwbQ	FEmusic_library_privately_owned_artist_detaila_po_CKCA4sLKgvb7CBIHdHVydGxlcw
107	Later During a Flaming Riviera Sunset	AMM	AMMMusic 1966	INDIFFERENT	6:51	OOatv_8GGh4	FEmusic_library_privately_owned_release_detailb_po_CKCA4sLKgvb7CBINYW1tbXVzaWMgMTk2NhoDYW1tIgNncG0	FEmusic_library_privately_owned_artist_detaila_po_CKCA4sLKgvb7CBIDYW1t
108	Later During a Flaming Riviera Sunset (LP version)	AMM	AMMMusic 1966	INDIFFERENT	21:06	aWv6-UrCC0M	FEmusic_library_privately_owned_release_detailb_po_CKCA4sLKgvb7CBINYW1tbXVzaWMgMTk2NhoDYW1tIgNncG0	FEmusic_library_privately_owned_artist_detaila_po_CKCA4sLKgvb7CBIDYW1t
109	Ailantus Glandulosa	AMM	AMMMusic 1966	INDIFFERENT	5:31	TD6ejE5ITFA	FEmusic_library_privately_owned_release_detailb_po_CKCA4sLKgvb7CBINYW1tbXVzaWMgMTk2NhoDYW1tIgNncG0	FEmusic_library_privately_owned_artist_detaila_po_CKCA4sLKgvb7CBIDYW1t
110	In the Realm of Nothing Whatever	AMM	AMMMusic 1966	INDIFFERENT	13:21	Oe4pwobjQhQ	FEmusic_library_privately_owned_release_detailb_po_CKCA4sLKgvb7CBINYW1tbXVzaWMgMTk2NhoDYW1tIgNncG0	FEmusic_library_privately_owned_artist_detaila_po_CKCA4sLKgvb7CBIDYW1t
111	After Rapidly Circling the Plaza	AMM	AMMMusic 1966	INDIFFERENT	1:03	KUFjS6VMTWY	FEmusic_library_privately_owned_release_detailb_po_CKCA4sLKgvb7CBINYW1tbXVzaWMgMTk2NhoDYW1tIgNncG0	FEmusic_library_privately_owned_artist_detaila_po_CKCA4sLKgvb7CBIDYW1t
112	After Rapidly Circling the Plaza (LP version)	AMM	AMMMusic 1966	INDIFFERENT	23:19	jbzDO_eEHOE	FEmusic_library_privately_owned_release_detailb_po_CKCA4sLKgvb7CBINYW1tbXVzaWMgMTk2NhoDYW1tIgNncG0	FEmusic_library_privately_owned_artist_detaila_po_CKCA4sLKgvb7CBIDYW1t
113	Strange Brew	Cream	Disraeli Gears	INDIFFERENT	2:49	6_QFVz79eP4	FEmusic_library_privately_owned_release_detailb_po_CKCA4sLKgvb7CBIOZGlzcmFlbGkgZ2VhcnMaBWNyZWFtIgNncG0	FEmusic_library_privately_owned_artist_detaila_po_CKCA4sLKgvb7CBIFY3JlYW0
114	Sunshine of Your Love	Cream	Disraeli Gears	LIKE	4:12	hSO3yqDkI3Q	FEmusic_library_privately_owned_release_detailb_po_CKCA4sLKgvb7CBIOZGlzcmFlbGkgZ2VhcnMaBWNyZWFtIgNncG0	FEmusic_library_privately_owned_artist_detaila_po_CKCA4sLKgvb7CBIFY3JlYW0
115	World of Pain	Cream	Disraeli Gears	INDIFFERENT	3:05	xmIK_HgMsco	FEmusic_library_privately_owned_release_detailb_po_CKCA4sLKgvb7CBIOZGlzcmFlbGkgZ2VhcnMaBWNyZWFtIgNncG0	FEmusic_library_privately_owned_artist_detaila_po_CKCA4sLKgvb7CBIFY3JlYW0
116	Tales of Brave Ulysses	Cream	Disraeli Gears	INDIFFERENT	2:49	vtB_1lPrJTk	FEmusic_library_privately_owned_release_detailb_po_CKCA4sLKgvb7CBIOZGlzcmFlbGkgZ2VhcnMaBWNyZWFtIgNncG0	FEmusic_library_privately_owned_artist_detaila_po_CKCA4sLKgvb7CBIFY3JlYW0
117	Take It Back	Cream	Disraeli Gears	INDIFFERENT	3:08	YTFxYipXSfg	FEmusic_library_privately_owned_release_detailb_po_CKCA4sLKgvb7CBIOZGlzcmFlbGkgZ2VhcnMaBWNyZWFtIgNncG0	FEmusic_library_privately_owned_artist_detaila_po_CKCA4sLKgvb7CBIFY3JlYW0
118	Alone Again Or	Love	Forever Changes	LIKE	3:16	6aCW2BApCnQ	FEmusic_library_privately_owned_release_detailb_po_CKCA4sLKgvb7CBIPZm9yZXZlciBjaGFuZ2VzGgRsb3ZlIgNncG0	FEmusic_library_privately_owned_artist_detaila_po_CKCA4sLKgvb7CBIEbG92ZQ
119	A House Is Not a Motel	Love	Forever Changes	LIKE	3:31	bJDMLaswd-g	FEmusic_library_privately_owned_release_detailb_po_CKCA4sLKgvb7CBIPZm9yZXZlciBjaGFuZ2VzGgRsb3ZlIgNncG0	FEmusic_library_privately_owned_artist_detaila_po_CKCA4sLKgvb7CBIEbG92ZQ
120	Andmoreagain	Love	Forever Changes	INDIFFERENT	3:21	95Hf0kdCyFY	FEmusic_library_privately_owned_release_detailb_po_CKCA4sLKgvb7CBIPZm9yZXZlciBjaGFuZ2VzGgRsb3ZlIgNncG0	FEmusic_library_privately_owned_artist_detaila_po_CKCA4sLKgvb7CBIEbG92ZQ
121	The Daily Planet	Love	Forever Changes	INDIFFERENT	3:30	mHu75yWnvc8	FEmusic_library_privately_owned_release_detailb_po_CKCA4sLKgvb7CBIPZm9yZXZlciBjaGFuZ2VzGgRsb3ZlIgNncG0	FEmusic_library_privately_owned_artist_detaila_po_CKCA4sLKgvb7CBIEbG92ZQ
122	Old Man	Love	Forever Changes	INDIFFERENT	3:02	MPgRy4p5Bms	FEmusic_library_privately_owned_release_detailb_po_CKCA4sLKgvb7CBIPZm9yZXZlciBjaGFuZ2VzGgRsb3ZlIgNncG0	FEmusic_library_privately_owned_artist_detaila_po_CKCA4sLKgvb7CBIEbG92ZQ
123	The Red Telephone	Love	Forever Changes	INDIFFERENT	4:44	VvUMxSLDC1s	FEmusic_library_privately_owned_release_detailb_po_CKCA4sLKgvb7CBIPZm9yZXZlciBjaGFuZ2VzGgRsb3ZlIgNncG0	FEmusic_library_privately_owned_artist_detaila_po_CKCA4sLKgvb7CBIEbG92ZQ
124	Maybe the People Would Be the Times or Between Clark and Hilldale	Love	Forever Changes	INDIFFERENT	3:30	3YaiG4Uvp-Q	FEmusic_library_privately_owned_release_detailb_po_CKCA4sLKgvb7CBIPZm9yZXZlciBjaGFuZ2VzGgRsb3ZlIgNncG0	FEmusic_library_privately_owned_artist_detaila_po_CKCA4sLKgvb7CBIEbG92ZQ
125	Live and Let Live	Love	Forever Changes	INDIFFERENT	5:26	oUXAg6xmkjU	FEmusic_library_privately_owned_release_detailb_po_CKCA4sLKgvb7CBIPZm9yZXZlciBjaGFuZ2VzGgRsb3ZlIgNncG0	FEmusic_library_privately_owned_artist_detaila_po_CKCA4sLKgvb7CBIEbG92ZQ
126	The Good Humor Man He Sees Everything Like This	Love	Forever Changes	LIKE	3:08	RYTYNWQ6BFM	FEmusic_library_privately_owned_release_detailb_po_CKCA4sLKgvb7CBIPZm9yZXZlciBjaGFuZ2VzGgRsb3ZlIgNncG0	FEmusic_library_privately_owned_artist_detaila_po_CKCA4sLKgvb7CBIEbG92ZQ
127	You Set the Scene	Love	Forever Changes	INDIFFERENT	6:49	xfhJV2CrRsg	FEmusic_library_privately_owned_release_detailb_po_CKCA4sLKgvb7CBIPZm9yZXZlciBjaGFuZ2VzGgRsb3ZlIgNncG0	FEmusic_library_privately_owned_artist_detaila_po_CKCA4sLKgvb7CBIEbG92ZQ
128	The Good, the Bad and the Ugly (Main Title)	Ennio Morricone	The Good, the Bad & the Ugly	LIKE	2:42	vXYsbBl1xws	FEmusic_library_privately_owned_release_detailb_po_CKCA4sLKgvb7CBIZZ29vZCB0aGUgYmFkIGFuZCB0aGUgdWdseRoPZW5uaW8gbW9ycmljb25lIgNncG0	FEmusic_library_privately_owned_artist_detaila_po_CKCA4sLKgvb7CBIPZW5uaW8gbW9ycmljb25l
129	The Sundown	Ennio Morricone	The Good, the Bad & the Ugly	INDIFFERENT	1:18	GVDj0kOmuvI	FEmusic_library_privately_owned_release_detailb_po_CKCA4sLKgvb7CBIZZ29vZCB0aGUgYmFkIGFuZCB0aGUgdWdseRoPZW5uaW8gbW9ycmljb25lIgNncG0	FEmusic_library_privately_owned_artist_detaila_po_CKCA4sLKgvb7CBIPZW5uaW8gbW9ycmljb25l
130	The Strong	Ennio Morricone	The Good, the Bad & the Ugly	INDIFFERENT	2:22	2c3nHspcFgs	FEmusic_library_privately_owned_release_detailb_po_CKCA4sLKgvb7CBIZZ29vZCB0aGUgYmFkIGFuZCB0aGUgdWdseRoPZW5uaW8gbW9ycmljb25lIgNncG0	FEmusic_library_privately_owned_artist_detaila_po_CKCA4sLKgvb7CBIPZW5uaW8gbW9ycmljb25l
131	The Desert	Ennio Morricone	The Good, the Bad & the Ugly	INDIFFERENT	5:19	yy4ljx_ajQ4	FEmusic_library_privately_owned_release_detailb_po_CKCA4sLKgvb7CBIZZ29vZCB0aGUgYmFkIGFuZCB0aGUgdWdseRoPZW5uaW8gbW9ycmljb25lIgNncG0	FEmusic_library_privately_owned_artist_detaila_po_CKCA4sLKgvb7CBIPZW5uaW8gbW9ycmljb25l
132	The Carriage of the Spirits	Ennio Morricone	The Good, the Bad & the Ugly	INDIFFERENT	2:11	UHxSCkJcANQ	FEmusic_library_privately_owned_release_detailb_po_CKCA4sLKgvb7CBIZZ29vZCB0aGUgYmFkIGFuZCB0aGUgdWdseRoPZW5uaW8gbW9ycmljb25lIgNncG0	FEmusic_library_privately_owned_artist_detaila_po_CKCA4sLKgvb7CBIPZW5uaW8gbW9ycmljb25l
133	Marcia	Ennio Morricone	The Good, the Bad & the Ugly	INDIFFERENT	2:53	FQCrtj-PTFA	FEmusic_library_privately_owned_release_detailb_po_CKCA4sLKgvb7CBIZZ29vZCB0aGUgYmFkIGFuZCB0aGUgdWdseRoPZW5uaW8gbW9ycmljb25lIgNncG0	FEmusic_library_privately_owned_artist_detaila_po_CKCA4sLKgvb7CBIPZW5uaW8gbW9ycmljb25l
134	The Story of a Soldier	Ennio Morricone	The Good, the Bad & the Ugly	INDIFFERENT	3:53	nZLXqx-zSIg	FEmusic_library_privately_owned_release_detailb_po_CKCA4sLKgvb7CBIZZ29vZCB0aGUgYmFkIGFuZCB0aGUgdWdseRoPZW5uaW8gbW9ycmljb25lIgNncG0	FEmusic_library_privately_owned_artist_detaila_po_CKCA4sLKgvb7CBIPZW5uaW8gbW9ycmljb25l
135	The Death of a Soldier	Ennio Morricone	The Good, the Bad & the Ugly	INDIFFERENT	3:11	1PXvcT57n2M	FEmusic_library_privately_owned_release_detailb_po_CKCA4sLKgvb7CBIZZ29vZCB0aGUgYmFkIGFuZCB0aGUgdWdseRoPZW5uaW8gbW9ycmljb25lIgNncG0	FEmusic_library_privately_owned_artist_detaila_po_CKCA4sLKgvb7CBIPZW5uaW8gbW9ycmljb25l
136	Death of a Clown	The Kinks	Something Else by The Kinks	LIKE	3:13	kMDdUhX9GMI	FEmusic_library_privately_owned_release_detailb_po_CKCA4sLKgvb7CBIbc29tZXRoaW5nIGVsc2UgYnkgdGhlIGtpbmtzGgVraW5rcyIDZ3Bt	FEmusic_library_privately_owned_artist_detaila_po_CKCA4sLKgvb7CBIFa2lua3M
137	Two Sisters	The Kinks	Something Else by The Kinks	INDIFFERENT	1:59	0gv2NngJDwQ	FEmusic_library_privately_owned_release_detailb_po_CKCA4sLKgvb7CBIbc29tZXRoaW5nIGVsc2UgYnkgdGhlIGtpbmtzGgVraW5rcyIDZ3Bt	FEmusic_library_privately_owned_artist_detaila_po_CKCA4sLKgvb7CBIFa2lua3M
138	No Return	The Kinks	Something Else by The Kinks	INDIFFERENT	1:59	SOtLXc_oUgQ	FEmusic_library_privately_owned_release_detailb_po_CKCA4sLKgvb7CBIbc29tZXRoaW5nIGVsc2UgYnkgdGhlIGtpbmtzGgVraW5rcyIDZ3Bt	FEmusic_library_privately_owned_artist_detaila_po_CKCA4sLKgvb7CBIFa2lua3M
139	Harry Rag	The Kinks	Something Else by The Kinks	LIKE	2:14	zgdLe_fSbFM	FEmusic_library_privately_owned_release_detailb_po_CKCA4sLKgvb7CBIbc29tZXRoaW5nIGVsc2UgYnkgdGhlIGtpbmtzGgVraW5rcyIDZ3Bt	FEmusic_library_privately_owned_artist_detaila_po_CKCA4sLKgvb7CBIFa2lua3M
140	Situation Vacant	The Kinks	Something Else by The Kinks	LIKE	3:15	nrT_vr4Vmi4	FEmusic_library_privately_owned_release_detailb_po_CKCA4sLKgvb7CBIbc29tZXRoaW5nIGVsc2UgYnkgdGhlIGtpbmtzGgVraW5rcyIDZ3Bt	FEmusic_library_privately_owned_artist_detaila_po_CKCA4sLKgvb7CBIFa2lua3M
141	Lazy Old Sun	The Kinks	Something Else by The Kinks	LIKE	2:47	us6G6OQHP-M	FEmusic_library_privately_owned_release_detailb_po_CKCA4sLKgvb7CBIbc29tZXRoaW5nIGVsc2UgYnkgdGhlIGtpbmtzGgVraW5rcyIDZ3Bt	FEmusic_library_privately_owned_artist_detaila_po_CKCA4sLKgvb7CBIFa2lua3M
142	Afternoon Tea	The Kinks	Something Else by The Kinks	LIKE	3:24	BXksG_07TBI	FEmusic_library_privately_owned_release_detailb_po_CKCA4sLKgvb7CBIbc29tZXRoaW5nIGVsc2UgYnkgdGhlIGtpbmtzGgVraW5rcyIDZ3Bt	FEmusic_library_privately_owned_artist_detaila_po_CKCA4sLKgvb7CBIFa2lua3M
143	End of the Season	The Kinks	Something Else by The Kinks	LIKE	2:58	wXUtdDBFce4	FEmusic_library_privately_owned_release_detailb_po_CKCA4sLKgvb7CBIbc29tZXRoaW5nIGVsc2UgYnkgdGhlIGtpbmtzGgVraW5rcyIDZ3Bt	FEmusic_library_privately_owned_artist_detaila_po_CKCA4sLKgvb7CBIFa2lua3M
144	Waterloo Sunset	The Kinks	Something Else by The Kinks	LIKE	3:14	dS2WSoflWcU	FEmusic_library_privately_owned_release_detailb_po_CKCA4sLKgvb7CBIbc29tZXRoaW5nIGVsc2UgYnkgdGhlIGtpbmtzGgVraW5rcyIDZ3Bt	FEmusic_library_privately_owned_artist_detaila_po_CKCA4sLKgvb7CBIFa2lua3M
145	Act Nice and Gentle	The Kinks	Something Else by The Kinks	INDIFFERENT	2:37	Auu2vh1VJek	FEmusic_library_privately_owned_release_detailb_po_CKCA4sLKgvb7CBIbc29tZXRoaW5nIGVsc2UgYnkgdGhlIGtpbmtzGgVraW5rcyIDZ3Bt	FEmusic_library_privately_owned_artist_detaila_po_CKCA4sLKgvb7CBIFa2lua3M
146	Autumn Almanac	The Kinks	Something Else by The Kinks	INDIFFERENT	3:03	lAVXpimmf-E	FEmusic_library_privately_owned_release_detailb_po_CKCA4sLKgvb7CBIbc29tZXRoaW5nIGVsc2UgYnkgdGhlIGtpbmtzGgVraW5rcyIDZ3Bt	FEmusic_library_privately_owned_artist_detaila_po_CKCA4sLKgvb7CBIFa2lua3M
147	Wonderboy	The Kinks	Something Else by The Kinks	LIKE	2:47	9AofzkYZFng	FEmusic_library_privately_owned_release_detailb_po_CKCA4sLKgvb7CBIbc29tZXRoaW5nIGVsc2UgYnkgdGhlIGtpbmtzGgVraW5rcyIDZ3Bt	FEmusic_library_privately_owned_artist_detaila_po_CKCA4sLKgvb7CBIFa2lua3M
148	There's No Life Without Love	The Kinks	Something Else by The Kinks	LIKE	2:01	TzxkULCfFrk	FEmusic_library_privately_owned_release_detailb_po_CKCA4sLKgvb7CBIbc29tZXRoaW5nIGVsc2UgYnkgdGhlIGtpbmtzGgVraW5rcyIDZ3Bt	FEmusic_library_privately_owned_artist_detaila_po_CKCA4sLKgvb7CBIFa2lua3M
149	Lazy Old Sun (alternate take)	The Kinks	Something Else by The Kinks	LIKE	2:46	ZbWIAhlVgoY	FEmusic_library_privately_owned_release_detailb_po_CKCA4sLKgvb7CBIbc29tZXRoaW5nIGVsc2UgYnkgdGhlIGtpbmtzGgVraW5rcyIDZ3Bt	FEmusic_library_privately_owned_artist_detaila_po_CKCA4sLKgvb7CBIFa2lua3M
150	Child Star	T. Rex	My People Were Fair and Had Sky in Their Hair... But Now They're Content to Wear Stars on Their Brows	LIKE	2:51	4WaNUYQD-n0	FEmusic_library_privately_owned_release_detailb_po_CKCA4sLKgvb7CBJhbXkgcGVvcGxlIHdlcmUgZmFpciBhbmQgaGFkIHNreSBpbiB0aGVpciBoYWlyIGJ1dCBub3cgdGhleXJlIGNvbnRlbnQgdG8gd2VhciBzdGFycyBvbiB0aGVpciBicm93cxoFdCByZXgiA2dwbQ	FEmusic_library_privately_owned_artist_detaila_po_CKCA4sLKgvb7CBIFdCByZXg
151	Strange Orchestras	T. Rex	My People Were Fair and Had Sky in Their Hair... But Now They're Content to Wear Stars on Their Brows	INDIFFERENT	1:47	2rVZbfqt_a8	FEmusic_library_privately_owned_release_detailb_po_CKCA4sLKgvb7CBJhbXkgcGVvcGxlIHdlcmUgZmFpciBhbmQgaGFkIHNreSBpbiB0aGVpciBoYWlyIGJ1dCBub3cgdGhleXJlIGNvbnRlbnQgdG8gd2VhciBzdGFycyBvbiB0aGVpciBicm93cxoFdCByZXgiA2dwbQ	FEmusic_library_privately_owned_artist_detaila_po_CKCA4sLKgvb7CBIFdCByZXg
152	Dwarfish Trumpet Blues	T. Rex	My People Were Fair and Had Sky in Their Hair... But Now They're Content to Wear Stars on Their Brows	INDIFFERENT	2:46	EA-vrg1IHV8	FEmusic_library_privately_owned_release_detailb_po_CKCA4sLKgvb7CBJhbXkgcGVvcGxlIHdlcmUgZmFpciBhbmQgaGFkIHNreSBpbiB0aGVpciBoYWlyIGJ1dCBub3cgdGhleXJlIGNvbnRlbnQgdG8gd2VhciBzdGFycyBvbiB0aGVpciBicm93cxoFdCByZXgiA2dwbQ	FEmusic_library_privately_owned_artist_detaila_po_CKCA4sLKgvb7CBIFdCByZXg
153	Afghan Woman	T. Rex	My People Were Fair and Had Sky in Their Hair... But Now They're Content to Wear Stars on Their Brows	INDIFFERENT	1:59	SKDNb-T2Uqs	FEmusic_library_privately_owned_release_detailb_po_CKCA4sLKgvb7CBJhbXkgcGVvcGxlIHdlcmUgZmFpciBhbmQgaGFkIHNreSBpbiB0aGVpciBoYWlyIGJ1dCBub3cgdGhleXJlIGNvbnRlbnQgdG8gd2VhciBzdGFycyBvbiB0aGVpciBicm93cxoFdCByZXgiA2dwbQ	FEmusic_library_privately_owned_artist_detaila_po_CKCA4sLKgvb7CBIFdCByZXg
154	Graceful Fat Sheba	T. Rex	My People Were Fair and Had Sky in Their Hair... But Now They're Content to Wear Stars on Their Brows	INDIFFERENT	1:29	Alp39UfN6e0	FEmusic_library_privately_owned_release_detailb_po_CKCA4sLKgvb7CBJhbXkgcGVvcGxlIHdlcmUgZmFpciBhbmQgaGFkIHNreSBpbiB0aGVpciBoYWlyIGJ1dCBub3cgdGhleXJlIGNvbnRlbnQgdG8gd2VhciBzdGFycyBvbiB0aGVpciBicm93cxoFdCByZXgiA2dwbQ	FEmusic_library_privately_owned_artist_detaila_po_CKCA4sLKgvb7CBIFdCByZXg
155	Frowning Atahuallpa (My Inca Love)	T. Rex	My People Were Fair and Had Sky in Their Hair... But Now They're Content to Wear Stars on Their Brows	INDIFFERENT	5:57	t1ixXWXCSKo	FEmusic_library_privately_owned_release_detailb_po_CKCA4sLKgvb7CBJhbXkgcGVvcGxlIHdlcmUgZmFpciBhbmQgaGFkIHNreSBpbiB0aGVpciBoYWlyIGJ1dCBub3cgdGhleXJlIGNvbnRlbnQgdG8gd2VhciBzdGFycyBvbiB0aGVpciBicm93cxoFdCByZXgiA2dwbQ	FEmusic_library_privately_owned_artist_detaila_po_CKCA4sLKgvb7CBIFdCByZXg
156	Ah Feel Like Ahcid	Captain Beefheart & His Magic Band	Strictly Personal	INDIFFERENT	3:05	S5u5Cc3PwKY	FEmusic_library_privately_owned_release_detailb_po_CKCA4sLKgvb7CBIRc3RyaWN0bHkgcGVyc29uYWwaJGNhcHRhaW4gYmVlZmhlYXJ0IGFuZCBoaXMgbWFnaWMgYmFuZCIDZ3Bt	FEmusic_library_privately_owned_artist_detaila_po_CKCA4sLKgvb7CBIkY2FwdGFpbiBiZWVmaGVhcnQgYW5kIGhpcyBtYWdpYyBiYW5k
157	Son of Mirror Man - Mere Man	Captain Beefheart & His Magic Band	Strictly Personal	INDIFFERENT	5:20	Mg0SjK8pge0	FEmusic_library_privately_owned_release_detailb_po_CKCA4sLKgvb7CBIRc3RyaWN0bHkgcGVyc29uYWwaJGNhcHRhaW4gYmVlZmhlYXJ0IGFuZCBoaXMgbWFnaWMgYmFuZCIDZ3Bt	FEmusic_library_privately_owned_artist_detaila_po_CKCA4sLKgvb7CBIkY2FwdGFpbiBiZWVmaGVhcnQgYW5kIGhpcyBtYWdpYyBiYW5k
158	Coração materno	Caetano Veloso	Tropicália: ou panis et circenses	LIKE	4:16	PQOsMKue4VA	FEmusic_library_privately_owned_release_detailb_po_CKCA4sLKgvb7CBIhdHJvcGljYWxpYSBvdSBwYW5pcyBhbmQgY2lyY2Vuc2VzGg92YXJpb3VzIGFydGlzdHMiA2dwbQ	FEmusic_library_privately_owned_artist_detaila_po_CKCA4sLKgvb7CBIOY2FldGFubyB2ZWxvc28
159	Panis et circenses	Os Mutantes	Tropicália: ou panis et circenses	LIKE	3:38	rkRo7fq8X4E	FEmusic_library_privately_owned_release_detailb_po_CKCA4sLKgvb7CBIhdHJvcGljYWxpYSBvdSBwYW5pcyBhbmQgY2lyY2Vuc2VzGg92YXJpb3VzIGFydGlzdHMiA2dwbQ	FEmusic_library_privately_owned_artist_detaila_po_CKCA4sLKgvb7CBILb3MgbXV0YW50ZXM
160	Lindonéia	Nara Leão	Tropicália: ou panis et circenses	INDIFFERENT	2:14	TOrnYTbYb1I	FEmusic_library_privately_owned_release_detailb_po_CKCA4sLKgvb7CBIhdHJvcGljYWxpYSBvdSBwYW5pcyBhbmQgY2lyY2Vuc2VzGg92YXJpb3VzIGFydGlzdHMiA2dwbQ	FEmusic_library_privately_owned_artist_detaila_po_CKCA4sLKgvb7CBIJbmFyYSBsZWFv
161	Parque industrial	Gilberto Gil + Gal Costa + Caetano Veloso + Os Mutantes	Tropicália: ou panis et circenses	INDIFFERENT	3:16	t5yUmaE2NgQ	FEmusic_library_privately_owned_release_detailb_po_CKCA4sLKgvb7CBIhdHJvcGljYWxpYSBvdSBwYW5pcyBhbmQgY2lyY2Vuc2VzGg92YXJpb3VzIGFydGlzdHMiA2dwbQ	FEmusic_library_privately_owned_artist_detaila_po_CKCA4sLKgvb7CBI0Z2lsYmVydG8gZ2lsICBnYWwgY29zdGEgIGNhZXRhbm8gdmVsb3NvICBvcyBtdXRhbnRlcw
162	Baby	Gal Costa + Caetano Veloso	Tropicália: ou panis et circenses	LIKE	3:32	q3U245A6EAs	FEmusic_library_privately_owned_release_detailb_po_CKCA4sLKgvb7CBIhdHJvcGljYWxpYSBvdSBwYW5pcyBhbmQgY2lyY2Vuc2VzGg92YXJpb3VzIGFydGlzdHMiA2dwbQ	FEmusic_library_privately_owned_artist_detaila_po_CKCA4sLKgvb7CBIZZ2FsIGNvc3RhICBjYWV0YW5vIHZlbG9zbw
163	Três caravelas	Caetano Veloso + Gilberto Gil	Tropicália: ou panis et circenses	INDIFFERENT	3:06	VTCG0x3xOYY	FEmusic_library_privately_owned_release_detailb_po_CKCA4sLKgvb7CBIhdHJvcGljYWxpYSBvdSBwYW5pcyBhbmQgY2lyY2Vuc2VzGg92YXJpb3VzIGFydGlzdHMiA2dwbQ	FEmusic_library_privately_owned_artist_detaila_po_CKCA4sLKgvb7CBIcY2FldGFubyB2ZWxvc28gIGdpbGJlcnRvIGdpbA
164	Enquanto seu lobo não vem	Caetano Veloso + Gal Costa + Rita Lee	Tropicália: ou panis et circenses	INDIFFERENT	2:31	iMrFgScb3u0	FEmusic_library_privately_owned_release_detailb_po_CKCA4sLKgvb7CBIhdHJvcGljYWxpYSBvdSBwYW5pcyBhbmQgY2lyY2Vuc2VzGg92YXJpb3VzIGFydGlzdHMiA2dwbQ	FEmusic_library_privately_owned_artist_detaila_po_CKCA4sLKgvb7CBIjY2FldGFubyB2ZWxvc28gIGdhbCBjb3N0YSAgcml0YSBsZWU
165	Batmacumba	Gilberto Gil + Os Mutantes + Gal Costa + Caetano Veloso	Tropicália: ou panis et circenses	LIKE	2:33	E2-PJvyTedQ	FEmusic_library_privately_owned_release_detailb_po_CKCA4sLKgvb7CBIhdHJvcGljYWxpYSBvdSBwYW5pcyBhbmQgY2lyY2Vuc2VzGg92YXJpb3VzIGFydGlzdHMiA2dwbQ	FEmusic_library_privately_owned_artist_detaila_po_CKCA4sLKgvb7CBI0Z2lsYmVydG8gZ2lsICBvcyBtdXRhbnRlcyAgZ2FsIGNvc3RhICBjYWV0YW5vIHZlbG9zbw
166	Hino ao Senhor do Bonfim da Bahia	Caetano Veloso + Gilberto Gil + Os Mutantes + Gal Costa	Tropicália: ou panis et circenses	INDIFFERENT	3:39	rnR_-aa2X_k	FEmusic_library_privately_owned_release_detailb_po_CKCA4sLKgvb7CBIhdHJvcGljYWxpYSBvdSBwYW5pcyBhbmQgY2lyY2Vuc2VzGg92YXJpb3VzIGFydGlzdHMiA2dwbQ	FEmusic_library_privately_owned_artist_detaila_po_CKCA4sLKgvb7CBI0Y2FldGFubyB2ZWxvc28gIGdpbGJlcnRvIGdpbCAgb3MgbXV0YW50ZXMgIGdhbCBjb3N0YQ
167	Silent River Runs Deep	The Gaylettes	We Shall Sing	INDIFFERENT	2:44	354pEmNKDAQ	FEmusic_library_privately_owned_release_detailb_po_CKCA4sLKgvb7CBINd2Ugc2hhbGwgc2luZxoLanVkeSBtb3dhdHQiA2dwbQ	FEmusic_library_privately_owned_artist_detaila_po_CKCA4sLKgvb7CBIJZ2F5bGV0dGVz
168	Something About My Man	The Gaylettes	We Shall Sing	LIKE	3:14	dWMorId3cMk	FEmusic_library_privately_owned_release_detailb_po_CKCA4sLKgvb7CBINd2Ugc2hhbGwgc2luZxoLanVkeSBtb3dhdHQiA2dwbQ	FEmusic_library_privately_owned_artist_detaila_po_CKCA4sLKgvb7CBIJZ2F5bGV0dGVz
169	That Lonely Feeling	The Gaylettes	We Shall Sing	INDIFFERENT	2:35	TD9TMQzIA9g	FEmusic_library_privately_owned_release_detailb_po_CKCA4sLKgvb7CBINd2Ugc2hhbGwgc2luZxoLanVkeSBtb3dhdHQiA2dwbQ	FEmusic_library_privately_owned_artist_detaila_po_CKCA4sLKgvb7CBIJZ2F5bGV0dGVz
170	Take A Chance (On Me)	The Gaylettes	We Shall Sing	INDIFFERENT	2:54	N916vQgejUw	FEmusic_library_privately_owned_release_detailb_po_CKCA4sLKgvb7CBINd2Ugc2hhbGwgc2luZxoLanVkeSBtb3dhdHQiA2dwbQ	FEmusic_library_privately_owned_artist_detaila_po_CKCA4sLKgvb7CBIJZ2F5bGV0dGVz
171	I Talk to the Wind	King Crimson	In the Court of the Crimson King	LIKE	6:00	aIwtdG2614s	FEmusic_library_privately_owned_release_detailb_po_CKCA4sLKgvb7CBIgaW4gdGhlIGNvdXJ0IG9mIHRoZSBjcmltc29uIGtpbmcaDGtpbmcgY3JpbXNvbiIDZ3Bt	FEmusic_library_privately_owned_artist_detaila_po_CKCA4sLKgvb7CBIMa2luZyBjcmltc29u
172	Epitaph (including March for No Reason and Tomorrow and Tomorrow)	King Crimson	In the Court of the Crimson King	LIKE	8:52	xxKl1BbirWY	FEmusic_library_privately_owned_release_detailb_po_CKCA4sLKgvb7CBIgaW4gdGhlIGNvdXJ0IG9mIHRoZSBjcmltc29uIGtpbmcaDGtpbmcgY3JpbXNvbiIDZ3Bt	FEmusic_library_privately_owned_artist_detaila_po_CKCA4sLKgvb7CBIMa2luZyBjcmltc29u
173	Moonchild (including The Dream and The Illusion)	King Crimson	In the Court of the Crimson King	LIKE	9:02	QY3RPpDmwJE	FEmusic_library_privately_owned_release_detailb_po_CKCA4sLKgvb7CBIgaW4gdGhlIGNvdXJ0IG9mIHRoZSBjcmltc29uIGtpbmcaDGtpbmcgY3JpbXNvbiIDZ3Bt	FEmusic_library_privately_owned_artist_detaila_po_CKCA4sLKgvb7CBIMa2luZyBjcmltc29u
174	The Court of the Crimson King (including The Return of the Fire Witch and The Dance of the Puppets)	King Crimson	In the Court of the Crimson King	LIKE	9:31	qvMNQPGvSyU	FEmusic_library_privately_owned_release_detailb_po_CKCA4sLKgvb7CBIgaW4gdGhlIGNvdXJ0IG9mIHRoZSBjcmltc29uIGtpbmcaDGtpbmcgY3JpbXNvbiIDZ3Bt	FEmusic_library_privately_owned_artist_detaila_po_CKCA4sLKgvb7CBIMa2luZyBjcmltc29u
175	That's How Strong My Love Is	The Gaylettes	We Shall Sing	INDIFFERENT	2:33	pM2nJgdT2Fc	FEmusic_library_privately_owned_release_detailb_po_CKCA4sLKgvb7CBINd2Ugc2hhbGwgc2luZxoLanVkeSBtb3dhdHQiA2dwbQ	FEmusic_library_privately_owned_artist_detaila_po_CKCA4sLKgvb7CBIJZ2F5bGV0dGVz
176	Groovin'	The Gaylettes	We Shall Sing	INDIFFERENT	3:09	6M7n0eOZ024	FEmusic_library_privately_owned_release_detailb_po_CKCA4sLKgvb7CBINd2Ugc2hhbGwgc2luZxoLanVkeSBtb3dhdHQiA2dwbQ	FEmusic_library_privately_owned_artist_detaila_po_CKCA4sLKgvb7CBIJZ2F5bGV0dGVz
177	Yester-Me, Yester-You, Yesterday	The Gaylettes	We Shall Sing	INDIFFERENT	2:43	7fgbzzhkzmc	FEmusic_library_privately_owned_release_detailb_po_CKCA4sLKgvb7CBINd2Ugc2hhbGwgc2luZxoLanVkeSBtb3dhdHQiA2dwbQ	FEmusic_library_privately_owned_artist_detaila_po_CKCA4sLKgvb7CBIJZ2F5bGV0dGVz
178	Exuma, the Obeah Man	Exuma	Exuma	LIKE	6:22	SvOK7xGuPBY	FEmusic_library_privately_owned_release_detailb_po_CKCA4sLKgvb7CBIFZXh1bWEaBWV4dW1hIgNncG0	FEmusic_library_privately_owned_artist_detaila_po_CKCA4sLKgvb7CBIFZXh1bWE
179	Dambala	Exuma	Exuma	LIKE	5:40	fWUmki6gGVA	FEmusic_library_privately_owned_release_detailb_po_CKCA4sLKgvb7CBIFZXh1bWEaBWV4dW1hIgNncG0	FEmusic_library_privately_owned_artist_detaila_po_CKCA4sLKgvb7CBIFZXh1bWE
180	Mama Loi, Papa Loi	Exuma	Exuma	INDIFFERENT	4:36	nALa3YDEBg4	FEmusic_library_privately_owned_release_detailb_po_CKCA4sLKgvb7CBIFZXh1bWEaBWV4dW1hIgNncG0	FEmusic_library_privately_owned_artist_detaila_po_CKCA4sLKgvb7CBIFZXh1bWE
181	Junkanoo	Exuma	Exuma	INDIFFERENT	3:25	udi9YnciKZ4	FEmusic_library_privately_owned_release_detailb_po_CKCA4sLKgvb7CBIFZXh1bWEaBWV4dW1hIgNncG0	FEmusic_library_privately_owned_artist_detaila_po_CKCA4sLKgvb7CBIFZXh1bWE
182	Seance in the Sixth Fret	Exuma	Exuma	INDIFFERENT	7:16	j4GCpmXsYos	FEmusic_library_privately_owned_release_detailb_po_CKCA4sLKgvb7CBIFZXh1bWEaBWV4dW1hIgNncG0	FEmusic_library_privately_owned_artist_detaila_po_CKCA4sLKgvb7CBIFZXh1bWE
183	You Don't Know What's Going On	Exuma	Exuma	LIKE	3:35	SYI6WBRLczY	FEmusic_library_privately_owned_release_detailb_po_CKCA4sLKgvb7CBIFZXh1bWEaBWV4dW1hIgNncG0	FEmusic_library_privately_owned_artist_detaila_po_CKCA4sLKgvb7CBIFZXh1bWE
184	The Vision	Exuma	Exuma	INDIFFERENT	8:07	5btO1oLusIU	FEmusic_library_privately_owned_release_detailb_po_CKCA4sLKgvb7CBIFZXh1bWEaBWV4dW1hIgNncG0	FEmusic_library_privately_owned_artist_detaila_po_CKCA4sLKgvb7CBIFZXh1bWE
185	I am sitting in a room	Alvin Lucier	I am sitting in a room	INDIFFERENT	45:24	fAY-lykI7iE	FEmusic_library_privately_owned_release_detailb_po_CKCA4sLKgvb7CBIWaSBhbSBzaXR0aW5nIGluIGEgcm9vbRoMYWx2aW4gbHVjaWVyIgNncG0	FEmusic_library_privately_owned_artist_detaila_po_CKCA4sLKgvb7CBIMYWx2aW4gbHVjaWVy
186	Waiting for the Sun	The Doors	Morrison Hotel	INDIFFERENT	4:02	A3qtacQvsFc	FEmusic_library_privately_owned_release_detailb_po_CKCA4sLKgvb7CBIObW9ycmlzb24gaG90ZWwaBWRvb3JzIgNncG0	FEmusic_library_privately_owned_artist_detaila_po_CKCA4sLKgvb7CBIFZG9vcnM
187	Peace Frog	The Doors	Morrison Hotel	INDIFFERENT	2:51	TQn8inuuGbQ	FEmusic_library_privately_owned_release_detailb_po_CKCA4sLKgvb7CBIObW9ycmlzb24gaG90ZWwaBWRvb3JzIgNncG0	FEmusic_library_privately_owned_artist_detaila_po_CKCA4sLKgvb7CBIFZG9vcnM
188	Blue Sunday	The Doors	Morrison Hotel	LIKE	2:13	fIfbzqhk7pc	FEmusic_library_privately_owned_release_detailb_po_CKCA4sLKgvb7CBIObW9ycmlzb24gaG90ZWwaBWRvb3JzIgNncG0	FEmusic_library_privately_owned_artist_detaila_po_CKCA4sLKgvb7CBIFZG9vcnM
189	Ship of Fools	The Doors	Morrison Hotel	LIKE	3:14	qzYHhHJEll0	FEmusic_library_privately_owned_release_detailb_po_CKCA4sLKgvb7CBIObW9ycmlzb24gaG90ZWwaBWRvb3JzIgNncG0	FEmusic_library_privately_owned_artist_detaila_po_CKCA4sLKgvb7CBIFZG9vcnM
190	Land Ho!	The Doors	Morrison Hotel	LIKE	4:18	nmSRL6cnglc	FEmusic_library_privately_owned_release_detailb_po_CKCA4sLKgvb7CBIObW9ycmlzb24gaG90ZWwaBWRvb3JzIgNncG0	FEmusic_library_privately_owned_artist_detaila_po_CKCA4sLKgvb7CBIFZG9vcnM
191	The Spy	The Doors	Morrison Hotel	LIKE	4:17	WMnI0bO0m4U	FEmusic_library_privately_owned_release_detailb_po_CKCA4sLKgvb7CBIObW9ycmlzb24gaG90ZWwaBWRvb3JzIgNncG0	FEmusic_library_privately_owned_artist_detaila_po_CKCA4sLKgvb7CBIFZG9vcnM
192	Queen of the Highway	The Doors	Morrison Hotel	LIKE	2:52	l1WlN5BlcO0	FEmusic_library_privately_owned_release_detailb_po_CKCA4sLKgvb7CBIObW9ycmlzb24gaG90ZWwaBWRvb3JzIgNncG0	FEmusic_library_privately_owned_artist_detaila_po_CKCA4sLKgvb7CBIFZG9vcnM
193	Indian Summer	The Doors	Morrison Hotel	LIKE	2:37	jfnrvytO-GY	FEmusic_library_privately_owned_release_detailb_po_CKCA4sLKgvb7CBIObW9ycmlzb24gaG90ZWwaBWRvb3JzIgNncG0	FEmusic_library_privately_owned_artist_detaila_po_CKCA4sLKgvb7CBIFZG9vcnM
194	A Fistful of Dollars	Ennio Morricone	"Music From the Original Sound Tracks of ""A Fistful of Dollars"" & ""For a Few Dollars More"""	LIKE	3:06	5GAyJmOFw7M	FEmusic_library_privately_owned_release_detailb_po_CKCA4sLKgvb7CBJXbXVzaWMgZnJvbSB0aGUgb3JpZ2luYWwgc291bmQgdHJhY2tzIG9mIGEgZmlzdGZ1bCBvZiBkb2xsYXJzIGFuZCBmb3IgYSBmZXcgZG9sbGFycyBtb3JlGg9lbm5pbyBtb3JyaWNvbmUiA2dwbQ	FEmusic_library_privately_owned_artist_detaila_po_CKCA4sLKgvb7CBIPZW5uaW8gbW9ycmljb25l
195	The Chase	Ennio Morricone	"Music From the Original Sound Tracks of ""A Fistful of Dollars"" & ""For a Few Dollars More"""	LIKE	2:24	OMSUZFRWuBY	FEmusic_library_privately_owned_release_detailb_po_CKCA4sLKgvb7CBJXbXVzaWMgZnJvbSB0aGUgb3JpZ2luYWwgc291bmQgdHJhY2tzIG9mIGEgZmlzdGZ1bCBvZiBkb2xsYXJzIGFuZCBmb3IgYSBmZXcgZG9sbGFycyBtb3JlGg9lbm5pbyBtb3JyaWNvbmUiA2dwbQ	FEmusic_library_privately_owned_artist_detaila_po_CKCA4sLKgvb7CBIPZW5uaW8gbW9ycmljb25l
196	The Result	Ennio Morricone	"Music From the Original Sound Tracks of ""A Fistful of Dollars"" & ""For a Few Dollars More"""	INDIFFERENT	2:21	4myswQ5qVzw	FEmusic_library_privately_owned_release_detailb_po_CKCA4sLKgvb7CBJXbXVzaWMgZnJvbSB0aGUgb3JpZ2luYWwgc291bmQgdHJhY2tzIG9mIGEgZmlzdGZ1bCBvZiBkb2xsYXJzIGFuZCBmb3IgYSBmZXcgZG9sbGFycyBtb3JlGg9lbm5pbyBtb3JyaWNvbmUiA2dwbQ	FEmusic_library_privately_owned_artist_detaila_po_CKCA4sLKgvb7CBIPZW5uaW8gbW9ycmljb25l
197	Without Pity	Ennio Morricone	"Music From the Original Sound Tracks of ""A Fistful of Dollars"" & ""For a Few Dollars More"""	INDIFFERENT	1:44	n6PCV3PW1n8	FEmusic_library_privately_owned_release_detailb_po_CKCA4sLKgvb7CBJXbXVzaWMgZnJvbSB0aGUgb3JpZ2luYWwgc291bmQgdHJhY2tzIG9mIGEgZmlzdGZ1bCBvZiBkb2xsYXJzIGFuZCBmb3IgYSBmZXcgZG9sbGFycyBtb3JlGg9lbm5pbyBtb3JyaWNvbmUiA2dwbQ	FEmusic_library_privately_owned_artist_detaila_po_CKCA4sLKgvb7CBIPZW5uaW8gbW9ycmljb25l
198	Titoli	Ennio Morricone	"Music From the Original Sound Tracks of ""A Fistful of Dollars"" & ""For a Few Dollars More"""	LIKE	2:51	L2KfKK-Y1j4	FEmusic_library_privately_owned_release_detailb_po_CKCA4sLKgvb7CBJXbXVzaWMgZnJvbSB0aGUgb3JpZ2luYWwgc291bmQgdHJhY2tzIG9mIGEgZmlzdGZ1bCBvZiBkb2xsYXJzIGFuZCBmb3IgYSBmZXcgZG9sbGFycyBtb3JlGg9lbm5pbyBtb3JyaWNvbmUiA2dwbQ	FEmusic_library_privately_owned_artist_detaila_po_CKCA4sLKgvb7CBIPZW5uaW8gbW9ycmljb25l
199	Sixty Seconds to What?	Ennio Morricone	"Music From the Original Sound Tracks of ""A Fistful of Dollars"" & ""For a Few Dollars More"""	LIKE	1:16	FooJPQhcz78	FEmusic_library_privately_owned_release_detailb_po_CKCA4sLKgvb7CBJXbXVzaWMgZnJvbSB0aGUgb3JpZ2luYWwgc291bmQgdHJhY2tzIG9mIGEgZmlzdGZ1bCBvZiBkb2xsYXJzIGFuZCBmb3IgYSBmZXcgZG9sbGFycyBtb3JlGg9lbm5pbyBtb3JyaWNvbmUiA2dwbQ	FEmusic_library_privately_owned_artist_detaila_po_CKCA4sLKgvb7CBIPZW5uaW8gbW9ycmljb25l
200	The Watcher Watched	Ennio Morricone	"Music From the Original Sound Tracks of ""A Fistful of Dollars"" & ""For a Few Dollars More"""	INDIFFERENT	1:15	JjO7kEDJcI8	FEmusic_library_privately_owned_release_detailb_po_CKCA4sLKgvb7CBJXbXVzaWMgZnJvbSB0aGUgb3JpZ2luYWwgc291bmQgdHJhY2tzIG9mIGEgZmlzdGZ1bCBvZiBkb2xsYXJzIGFuZCBmb3IgYSBmZXcgZG9sbGFycyBtb3JlGg9lbm5pbyBtb3JyaWNvbmUiA2dwbQ	FEmusic_library_privately_owned_artist_detaila_po_CKCA4sLKgvb7CBIPZW5uaW8gbW9ycmljb25l
201	Once Upon a Time in the West	Ennio Morricone	Once Upon a Time in the West	LIKE	3:43	nZVeThP0VMY	FEmusic_library_privately_owned_release_detailb_po_CKCA4sLKgvb7CBIcb25jZSB1cG9uIGEgdGltZSBpbiB0aGUgd2VzdBoPZW5uaW8gbW9ycmljb25lIgNncG0	FEmusic_library_privately_owned_artist_detaila_po_CKCA4sLKgvb7CBIPZW5uaW8gbW9ycmljb25l
202	Farewell to Cheyenne	Ennio Morricone	Once Upon a Time in the West	LIKE	2:38	XORfIZVKmng	FEmusic_library_privately_owned_release_detailb_po_CKCA4sLKgvb7CBIcb25jZSB1cG9uIGEgdGltZSBpbiB0aGUgd2VzdBoPZW5uaW8gbW9ycmljb25lIgNncG0	FEmusic_library_privately_owned_artist_detaila_po_CKCA4sLKgvb7CBIPZW5uaW8gbW9ycmljb25l
203	The First Tavern	Ennio Morricone	Once Upon a Time in the West	INDIFFERENT	1:39	r_FZOI9J948	FEmusic_library_privately_owned_release_detailb_po_CKCA4sLKgvb7CBIcb25jZSB1cG9uIGEgdGltZSBpbiB0aGUgd2VzdBoPZW5uaW8gbW9ycmljb25lIgNncG0	FEmusic_library_privately_owned_artist_detaila_po_CKCA4sLKgvb7CBIPZW5uaW8gbW9ycmljb25l
204	Man With a Harmonica	Ennio Morricone	Once Upon a Time in the West	INDIFFERENT	3:29	hPHC77RskIA	FEmusic_library_privately_owned_release_detailb_po_CKCA4sLKgvb7CBIcb25jZSB1cG9uIGEgdGltZSBpbiB0aGUgd2VzdBoPZW5uaW8gbW9ycmljb25lIgNncG0	FEmusic_library_privately_owned_artist_detaila_po_CKCA4sLKgvb7CBIPZW5uaW8gbW9ycmljb25l
205	A Dimly Lit Room	Ennio Morricone	Once Upon a Time in the West	LIKE	5:07	fe2avhExQQ0	FEmusic_library_privately_owned_release_detailb_po_CKCA4sLKgvb7CBIcb25jZSB1cG9uIGEgdGltZSBpbiB0aGUgd2VzdBoPZW5uaW8gbW9ycmljb25lIgNncG0	FEmusic_library_privately_owned_artist_detaila_po_CKCA4sLKgvb7CBIPZW5uaW8gbW9ycmljb25l
206	Jill's America	Ennio Morricone	Once Upon a Time in the West	INDIFFERENT	2:48	7Ff7eGCRUh0	FEmusic_library_privately_owned_release_detailb_po_CKCA4sLKgvb7CBIcb25jZSB1cG9uIGEgdGltZSBpbiB0aGUgd2VzdBoPZW5uaW8gbW9ycmljb25lIgNncG0	FEmusic_library_privately_owned_artist_detaila_po_CKCA4sLKgvb7CBIPZW5uaW8gbW9ycmljb25l
207	Finale	Ennio Morricone	Once Upon a Time in the West	LIKE	4:11	xRQitHxW9do	FEmusic_library_privately_owned_release_detailb_po_CKCA4sLKgvb7CBIcb25jZSB1cG9uIGEgdGltZSBpbiB0aGUgd2VzdBoPZW5uaW8gbW9ycmljb25lIgNncG0	FEmusic_library_privately_owned_artist_detaila_po_CKCA4sLKgvb7CBIPZW5uaW8gbW9ycmljb25l
208	War Pigs	Black Sabbath	Paranoid	INDIFFERENT	7:59	FCzhQOmrNUc	FEmusic_library_privately_owned_release_detailb_po_CKCA4sLKgvb7CBIIcGFyYW5vaWQaDWJsYWNrIHNhYmJhdGgiA2dwbQ	FEmusic_library_privately_owned_artist_detaila_po_CKCA4sLKgvb7CBINYmxhY2sgc2FiYmF0aA
209	Paranoid	Black Sabbath	Paranoid	LIKE	2:54	HccxC96lS1M	FEmusic_library_privately_owned_release_detailb_po_CKCA4sLKgvb7CBIIcGFyYW5vaWQaDWJsYWNrIHNhYmJhdGgiA2dwbQ	FEmusic_library_privately_owned_artist_detaila_po_CKCA4sLKgvb7CBINYmxhY2sgc2FiYmF0aA
210	Planet Caravan	Black Sabbath	Paranoid	INDIFFERENT	4:36	IE84pfZ2SaI	FEmusic_library_privately_owned_release_detailb_po_CKCA4sLKgvb7CBIIcGFyYW5vaWQaDWJsYWNrIHNhYmJhdGgiA2dwbQ	FEmusic_library_privately_owned_artist_detaila_po_CKCA4sLKgvb7CBINYmxhY2sgc2FiYmF0aA
211	Iron Man	Black Sabbath	Paranoid	INDIFFERENT	5:58	xPokI6lXU8M	FEmusic_library_privately_owned_release_detailb_po_CKCA4sLKgvb7CBIIcGFyYW5vaWQaDWJsYWNrIHNhYmJhdGgiA2dwbQ	FEmusic_library_privately_owned_artist_detaila_po_CKCA4sLKgvb7CBINYmxhY2sgc2FiYmF0aA
212	Electric Funeral	Black Sabbath	Paranoid	INDIFFERENT	4:54	8HZJnzpGGvo	FEmusic_library_privately_owned_release_detailb_po_CKCA4sLKgvb7CBIIcGFyYW5vaWQaDWJsYWNrIHNhYmJhdGgiA2dwbQ	FEmusic_library_privately_owned_artist_detaila_po_CKCA4sLKgvb7CBINYmxhY2sgc2FiYmF0aA
213	Fairies Wear Boots	Black Sabbath	Paranoid	INDIFFERENT	6:13	IUfCy_hSre4	FEmusic_library_privately_owned_release_detailb_po_CKCA4sLKgvb7CBIIcGFyYW5vaWQaDWJsYWNrIHNhYmJhdGgiA2dwbQ	FEmusic_library_privately_owned_artist_detaila_po_CKCA4sLKgvb7CBINYmxhY2sgc2FiYmF0aA
214	Crumbling Land	Pink Floyd	Zabriskie Point	LIKE	4:16	Vt2qYZY8i7c	FEmusic_library_privately_owned_release_detailb_po_CKCA4sLKgvb7CBIPemFicmlza2llIHBvaW50Gg92YXJpb3VzIGFydGlzdHMiA2dwbQ	FEmusic_library_privately_owned_artist_detaila_po_CKCA4sLKgvb7CBIKcGluayBmbG95ZA
215	Unknown Song	Pink Floyd	Zabriskie Point	LIKE	6:03	KCmi4y2fJ8Q	FEmusic_library_privately_owned_release_detailb_po_CKCA4sLKgvb7CBIPemFicmlza2llIHBvaW50Gg92YXJpb3VzIGFydGlzdHMiA2dwbQ	FEmusic_library_privately_owned_artist_detaila_po_CKCA4sLKgvb7CBIKcGluayBmbG95ZA
216	Love Scene Version 6	Pink Floyd	Zabriskie Point	LIKE	7:29	mQSRC6xnAxI	FEmusic_library_privately_owned_release_detailb_po_CKCA4sLKgvb7CBIPemFicmlza2llIHBvaW50Gg92YXJpb3VzIGFydGlzdHMiA2dwbQ	FEmusic_library_privately_owned_artist_detaila_po_CKCA4sLKgvb7CBIKcGluayBmbG95ZA
217	Love Scene Version 4	Pink Floyd	Zabriskie Point	LIKE	6:46	NJW0nRHufhU	FEmusic_library_privately_owned_release_detailb_po_CKCA4sLKgvb7CBIPemFicmlza2llIHBvaW50Gg92YXJpb3VzIGFydGlzdHMiA2dwbQ	FEmusic_library_privately_owned_artist_detaila_po_CKCA4sLKgvb7CBIKcGluayBmbG95ZA
218	Bangla Dhun	Ravi Shankar	The Concert for Bangladesh	INDIFFERENT	16:39	6B6ucyBUeaQ	FEmusic_library_privately_owned_release_detailb_po_CKCA4sLKgvb7CBIWY29uY2VydCBmb3IgYmFuZ2xhZGVzaBobZ2VvcmdlIGhhcnJpc29uIGFuZCBmcmllbmRzIgNncG0	FEmusic_library_privately_owned_artist_detaila_po_CKCA4sLKgvb7CBIMcmF2aSBzaGFua2Fy
219	Wah-Wah	George Harrison	The Concert for Bangladesh	LIKE	3:30	do0xpeb8q_U	FEmusic_library_privately_owned_release_detailb_po_CKCA4sLKgvb7CBIWY29uY2VydCBmb3IgYmFuZ2xhZGVzaBobZ2VvcmdlIGhhcnJpc29uIGFuZCBmcmllbmRzIgNncG0	FEmusic_library_privately_owned_artist_detaila_po_CKCA4sLKgvb7CBIPZ2VvcmdlIGhhcnJpc29u
220	My Sweet Lord	George Harrison	The Concert for Bangladesh	LIKE	4:35	0kdUCU_XMz0	FEmusic_library_privately_owned_release_detailb_po_CKCA4sLKgvb7CBIWY29uY2VydCBmb3IgYmFuZ2xhZGVzaBobZ2VvcmdlIGhhcnJpc29uIGFuZCBmcmllbmRzIgNncG0	FEmusic_library_privately_owned_artist_detaila_po_CKCA4sLKgvb7CBIPZ2VvcmdlIGhhcnJpc29u
221	Awaiting on You All	George Harrison	The Concert for Bangladesh	INDIFFERENT	3:00	gjjemX1OJpA	FEmusic_library_privately_owned_release_detailb_po_CKCA4sLKgvb7CBIWY29uY2VydCBmb3IgYmFuZ2xhZGVzaBobZ2VvcmdlIGhhcnJpc29uIGFuZCBmcmllbmRzIgNncG0	FEmusic_library_privately_owned_artist_detaila_po_CKCA4sLKgvb7CBIPZ2VvcmdlIGhhcnJpc29u
222	It Don't Come Easy	Ringo Starr	The Concert for Bangladesh	INDIFFERENT	3:00	AT30etGBQJ8	FEmusic_library_privately_owned_release_detailb_po_CKCA4sLKgvb7CBIWY29uY2VydCBmb3IgYmFuZ2xhZGVzaBobZ2VvcmdlIGhhcnJpc29uIGFuZCBmcmllbmRzIgNncG0	FEmusic_library_privately_owned_artist_detaila_po_CKCA4sLKgvb7CBILcmluZ28gc3RhcnI
223	Beware of Darkness	George Harrison	The Concert for Bangladesh	INDIFFERENT	3:35	cMSCLUDdBjA	FEmusic_library_privately_owned_release_detailb_po_CKCA4sLKgvb7CBIWY29uY2VydCBmb3IgYmFuZ2xhZGVzaBobZ2VvcmdlIGhhcnJpc29uIGFuZCBmcmllbmRzIgNncG0	FEmusic_library_privately_owned_artist_detaila_po_CKCA4sLKgvb7CBIPZ2VvcmdlIGhhcnJpc29u
224	While My Guitar Gently Weeps	George Harrison	The Concert for Bangladesh	LIKE	4:51	b8xTIQe7QP4	FEmusic_library_privately_owned_release_detailb_po_CKCA4sLKgvb7CBIWY29uY2VydCBmb3IgYmFuZ2xhZGVzaBobZ2VvcmdlIGhhcnJpc29uIGFuZCBmcmllbmRzIgNncG0	FEmusic_library_privately_owned_artist_detaila_po_CKCA4sLKgvb7CBIPZ2VvcmdlIGhhcnJpc29u
225	Here Comes the Sun	George Harrison	The Concert for Bangladesh	INDIFFERENT	2:58	X89vW5btnWY	FEmusic_library_privately_owned_release_detailb_po_CKCA4sLKgvb7CBIWY29uY2VydCBmb3IgYmFuZ2xhZGVzaBobZ2VvcmdlIGhhcnJpc29uIGFuZCBmcmllbmRzIgNncG0	FEmusic_library_privately_owned_artist_detaila_po_CKCA4sLKgvb7CBIPZ2VvcmdlIGhhcnJpc29u
226	A Hard Rain's A-Gonna Fall	Bob Dylan	The Concert for Bangladesh	LIKE	5:44	O3VfeG7rj94	FEmusic_library_privately_owned_release_detailb_po_CKCA4sLKgvb7CBIWY29uY2VydCBmb3IgYmFuZ2xhZGVzaBobZ2VvcmdlIGhhcnJpc29uIGFuZCBmcmllbmRzIgNncG0	FEmusic_library_privately_owned_artist_detaila_po_CKCA4sLKgvb7CBIJYm9iIGR5bGFu
227	Blowin' in the Wind	Bob Dylan	The Concert for Bangladesh	INDIFFERENT	4:06	vTsEHcySdp0	FEmusic_library_privately_owned_release_detailb_po_CKCA4sLKgvb7CBIWY29uY2VydCBmb3IgYmFuZ2xhZGVzaBobZ2VvcmdlIGhhcnJpc29uIGFuZCBmcmllbmRzIgNncG0	FEmusic_library_privately_owned_artist_detaila_po_CKCA4sLKgvb7CBIJYm9iIGR5bGFu
228	Mr. Tambourine Man	Bob Dylan	The Concert for Bangladesh	LIKE	4:44	cdTqVBqwjGg	FEmusic_library_privately_owned_release_detailb_po_CKCA4sLKgvb7CBIWY29uY2VydCBmb3IgYmFuZ2xhZGVzaBobZ2VvcmdlIGhhcnJpc29uIGFuZCBmcmllbmRzIgNncG0	FEmusic_library_privately_owned_artist_detaila_po_CKCA4sLKgvb7CBIJYm9iIGR5bGFu
229	Just Like a Woman	Bob Dylan	The Concert for Bangladesh	INDIFFERENT	4:48	cxnIqnXA8fQ	FEmusic_library_privately_owned_release_detailb_po_CKCA4sLKgvb7CBIWY29uY2VydCBmb3IgYmFuZ2xhZGVzaBobZ2VvcmdlIGhhcnJpc29uIGFuZCBmcmllbmRzIgNncG0	FEmusic_library_privately_owned_artist_detaila_po_CKCA4sLKgvb7CBIJYm9iIGR5bGFu
230	Something	George Harrison	The Concert for Bangladesh	LIKE	3:42	PVGaDnfOGXc	FEmusic_library_privately_owned_release_detailb_po_CKCA4sLKgvb7CBIWY29uY2VydCBmb3IgYmFuZ2xhZGVzaBobZ2VvcmdlIGhhcnJpc29uIGFuZCBmcmllbmRzIgNncG0	FEmusic_library_privately_owned_artist_detaila_po_CKCA4sLKgvb7CBIPZ2VvcmdlIGhhcnJpc29u
231	Bangla Desh	George Harrison	The Concert for Bangladesh	INDIFFERENT	4:55	ww3p8uuujig	FEmusic_library_privately_owned_release_detailb_po_CKCA4sLKgvb7CBIWY29uY2VydCBmb3IgYmFuZ2xhZGVzaBobZ2VvcmdlIGhhcnJpc29uIGFuZCBmcmllbmRzIgNncG0	FEmusic_library_privately_owned_artist_detaila_po_CKCA4sLKgvb7CBIPZ2VvcmdlIGhhcnJpc29u
232	Love Minus Zero / No Limit	Bob Dylan	The Concert for Bangladesh	INDIFFERENT	4:15	xZQVB08tZTM	FEmusic_library_privately_owned_release_detailb_po_CKCA4sLKgvb7CBIWY29uY2VydCBmb3IgYmFuZ2xhZGVzaBobZ2VvcmdlIGhhcnJpc29uIGFuZCBmcmllbmRzIgNncG0	FEmusic_library_privately_owned_artist_detaila_po_CKCA4sLKgvb7CBIJYm9iIGR5bGFu
233	Melody	Serge Gainsbourg	Histoire de Melody Nelson	INDIFFERENT	7:32	A9RjuGjI9ww	FEmusic_library_privately_owned_release_detailb_po_CKCA4sLKgvb7CBIZaGlzdG9pcmUgZGUgbWVsb2R5IG5lbHNvbhoQc2VyZ2UgZ2FpbnNib3VyZyIDZ3Bt	FEmusic_library_privately_owned_artist_detaila_po_CKCA4sLKgvb7CBIQc2VyZ2UgZ2FpbnNib3VyZw
234	Ballade de Melody Nelson	Serge Gainsbourg	Histoire de Melody Nelson	LIKE	2:00	uDlQVnr_Dig	FEmusic_library_privately_owned_release_detailb_po_CKCA4sLKgvb7CBIZaGlzdG9pcmUgZGUgbWVsb2R5IG5lbHNvbhoQc2VyZ2UgZ2FpbnNib3VyZyIDZ3Bt	FEmusic_library_privately_owned_artist_detaila_po_CKCA4sLKgvb7CBIQc2VyZ2UgZ2FpbnNib3VyZw
235	Ah ! Melody	Serge Gainsbourg	Histoire de Melody Nelson	INDIFFERENT	1:48	Iesnn3LUvLw	FEmusic_library_privately_owned_release_detailb_po_CKCA4sLKgvb7CBIZaGlzdG9pcmUgZGUgbWVsb2R5IG5lbHNvbhoQc2VyZ2UgZ2FpbnNib3VyZyIDZ3Bt	FEmusic_library_privately_owned_artist_detaila_po_CKCA4sLKgvb7CBIQc2VyZ2UgZ2FpbnNib3VyZw
236	L'Hôtel particulier	Serge Gainsbourg	Histoire de Melody Nelson	INDIFFERENT	4:06	q7MdCVZsKA0	FEmusic_library_privately_owned_release_detailb_po_CKCA4sLKgvb7CBIZaGlzdG9pcmUgZGUgbWVsb2R5IG5lbHNvbhoQc2VyZ2UgZ2FpbnNib3VyZyIDZ3Bt	FEmusic_library_privately_owned_artist_detaila_po_CKCA4sLKgvb7CBIQc2VyZ2UgZ2FpbnNib3VyZw
237	En Melody	Serge Gainsbourg	Histoire de Melody Nelson	LIKE	3:25	o4cJiPGhOL4	FEmusic_library_privately_owned_release_detailb_po_CKCA4sLKgvb7CBIZaGlzdG9pcmUgZGUgbWVsb2R5IG5lbHNvbhoQc2VyZ2UgZ2FpbnNib3VyZyIDZ3Bt	FEmusic_library_privately_owned_artist_detaila_po_CKCA4sLKgvb7CBIQc2VyZ2UgZ2FpbnNib3VyZw
238	Cargo culte	Serge Gainsbourg	Histoire de Melody Nelson	INDIFFERENT	7:36	jk3L4YKNRNY	FEmusic_library_privately_owned_release_detailb_po_CKCA4sLKgvb7CBIZaGlzdG9pcmUgZGUgbWVsb2R5IG5lbHNvbhoQc2VyZ2UgZ2FpbnNib3VyZyIDZ3Bt	FEmusic_library_privately_owned_artist_detaila_po_CKCA4sLKgvb7CBIQc2VyZ2UgZ2FpbnNib3VyZw
239	Changes	David Bowie	Hunky Dory	LIKE	3:37	1tmOZ0FYg5M	FEmusic_library_privately_owned_release_detailb_po_CKCA4sLKgvb7CBIKaHVua3kgZG9yeRoLZGF2aWQgYm93aWUiA2dwbQ	FEmusic_library_privately_owned_artist_detaila_po_CKCA4sLKgvb7CBILZGF2aWQgYm93aWU
240	Oh! You Pretty Things	David Bowie	Hunky Dory	LIKE	3:12	HWhMkirFnDo	FEmusic_library_privately_owned_release_detailb_po_CKCA4sLKgvb7CBIKaHVua3kgZG9yeRoLZGF2aWQgYm93aWUiA2dwbQ	FEmusic_library_privately_owned_artist_detaila_po_CKCA4sLKgvb7CBILZGF2aWQgYm93aWU
241	Eight Line Poem	David Bowie	Hunky Dory	LIKE	2:55	DVo47nZN11s	FEmusic_library_privately_owned_release_detailb_po_CKCA4sLKgvb7CBIKaHVua3kgZG9yeRoLZGF2aWQgYm93aWUiA2dwbQ	FEmusic_library_privately_owned_artist_detaila_po_CKCA4sLKgvb7CBILZGF2aWQgYm93aWU
242	Life on Mars?	David Bowie	Hunky Dory	LIKE	3:48	d4SY_P5Ff2Q	FEmusic_library_privately_owned_release_detailb_po_CKCA4sLKgvb7CBIKaHVua3kgZG9yeRoLZGF2aWQgYm93aWUiA2dwbQ	FEmusic_library_privately_owned_artist_detaila_po_CKCA4sLKgvb7CBILZGF2aWQgYm93aWU
243	Kooks	David Bowie	Hunky Dory	INDIFFERENT	2:53	ITJgUljJwyc	FEmusic_library_privately_owned_release_detailb_po_CKCA4sLKgvb7CBIKaHVua3kgZG9yeRoLZGF2aWQgYm93aWUiA2dwbQ	FEmusic_library_privately_owned_artist_detaila_po_CKCA4sLKgvb7CBILZGF2aWQgYm93aWU
244	Quicksand	David Bowie	Hunky Dory	INDIFFERENT	5:08	K2zeHUdl6g8	FEmusic_library_privately_owned_release_detailb_po_CKCA4sLKgvb7CBIKaHVua3kgZG9yeRoLZGF2aWQgYm93aWUiA2dwbQ	FEmusic_library_privately_owned_artist_detaila_po_CKCA4sLKgvb7CBILZGF2aWQgYm93aWU
245	Fill Your Heart	David Bowie	Hunky Dory	LIKE	3:07	Z_v8Jsob7NA	FEmusic_library_privately_owned_release_detailb_po_CKCA4sLKgvb7CBIKaHVua3kgZG9yeRoLZGF2aWQgYm93aWUiA2dwbQ	FEmusic_library_privately_owned_artist_detaila_po_CKCA4sLKgvb7CBILZGF2aWQgYm93aWU
246	Andy Warhol	David Bowie	Hunky Dory	LIKE	3:54	cSa6Ex3ILC0	FEmusic_library_privately_owned_release_detailb_po_CKCA4sLKgvb7CBIKaHVua3kgZG9yeRoLZGF2aWQgYm93aWUiA2dwbQ	FEmusic_library_privately_owned_artist_detaila_po_CKCA4sLKgvb7CBILZGF2aWQgYm93aWU
247	Song for Bob Dylan	David Bowie	Hunky Dory	LIKE	4:13	jSnpBPLX0HU	FEmusic_library_privately_owned_release_detailb_po_CKCA4sLKgvb7CBIKaHVua3kgZG9yeRoLZGF2aWQgYm93aWUiA2dwbQ	FEmusic_library_privately_owned_artist_detaila_po_CKCA4sLKgvb7CBILZGF2aWQgYm93aWU
248	Queen Bitch	David Bowie	Hunky Dory	LIKE	3:20	bhWUNk_QXoc	FEmusic_library_privately_owned_release_detailb_po_CKCA4sLKgvb7CBIKaHVua3kgZG9yeRoLZGF2aWQgYm93aWUiA2dwbQ	FEmusic_library_privately_owned_artist_detaila_po_CKCA4sLKgvb7CBILZGF2aWQgYm93aWU
249	The Bewlay Brothers	David Bowie	Hunky Dory	LIKE	5:29	ykxtxHKp-94	FEmusic_library_privately_owned_release_detailb_po_CKCA4sLKgvb7CBIKaHVua3kgZG9yeRoLZGF2aWQgYm93aWUiA2dwbQ	FEmusic_library_privately_owned_artist_detaila_po_CKCA4sLKgvb7CBILZGF2aWQgYm93aWU
250	Too Many People	Paul McCartney & Linda McCartney	Ram	INDIFFERENT	4:10	sgynVY0nbN0	FEmusic_library_privately_owned_release_detailb_po_CKCA4sLKgvb7CBIDcmFtGiJwYXVsIG1jY2FydG5leSBhbmQgbGluZGEgbWNjYXJ0bmV5IgNncG0	FEmusic_library_privately_owned_artist_detaila_po_CKCA4sLKgvb7CBIicGF1bCBtY2NhcnRuZXkgYW5kIGxpbmRhIG1jY2FydG5leQ
251	3 Legs	Paul McCartney & Linda McCartney	Ram	LIKE	2:47	ijxKtrxJnYc	FEmusic_library_privately_owned_release_detailb_po_CKCA4sLKgvb7CBIDcmFtGiJwYXVsIG1jY2FydG5leSBhbmQgbGluZGEgbWNjYXJ0bmV5IgNncG0	FEmusic_library_privately_owned_artist_detaila_po_CKCA4sLKgvb7CBIicGF1bCBtY2NhcnRuZXkgYW5kIGxpbmRhIG1jY2FydG5leQ
252	Dear Boy	Paul McCartney & Linda McCartney	Ram	LIKE	2:13	ic9IJO95z40	FEmusic_library_privately_owned_release_detailb_po_CKCA4sLKgvb7CBIDcmFtGiJwYXVsIG1jY2FydG5leSBhbmQgbGluZGEgbWNjYXJ0bmV5IgNncG0	FEmusic_library_privately_owned_artist_detaila_po_CKCA4sLKgvb7CBIicGF1bCBtY2NhcnRuZXkgYW5kIGxpbmRhIG1jY2FydG5leQ
253	Uncle Albert / Admiral Halsey	Paul McCartney & Linda McCartney	Ram	LIKE	4:55	F9pPYvtXhXM	FEmusic_library_privately_owned_release_detailb_po_CKCA4sLKgvb7CBIDcmFtGiJwYXVsIG1jY2FydG5leSBhbmQgbGluZGEgbWNjYXJ0bmV5IgNncG0	FEmusic_library_privately_owned_artist_detaila_po_CKCA4sLKgvb7CBIicGF1bCBtY2NhcnRuZXkgYW5kIGxpbmRhIG1jY2FydG5leQ
254	Smile Away	Paul McCartney & Linda McCartney	Ram	INDIFFERENT	3:52	Ad7KUWhZTmE	FEmusic_library_privately_owned_release_detailb_po_CKCA4sLKgvb7CBIDcmFtGiJwYXVsIG1jY2FydG5leSBhbmQgbGluZGEgbWNjYXJ0bmV5IgNncG0	FEmusic_library_privately_owned_artist_detaila_po_CKCA4sLKgvb7CBIicGF1bCBtY2NhcnRuZXkgYW5kIGxpbmRhIG1jY2FydG5leQ
255	Heart of the Country	Paul McCartney & Linda McCartney	Ram	LIKE	2:23	ovig-zN5U-0	FEmusic_library_privately_owned_release_detailb_po_CKCA4sLKgvb7CBIDcmFtGiJwYXVsIG1jY2FydG5leSBhbmQgbGluZGEgbWNjYXJ0bmV5IgNncG0	FEmusic_library_privately_owned_artist_detaila_po_CKCA4sLKgvb7CBIicGF1bCBtY2NhcnRuZXkgYW5kIGxpbmRhIG1jY2FydG5leQ
256	Monkberry Moon Delight	Paul McCartney & Linda McCartney	Ram	INDIFFERENT	5:24	2NIsPqcy79E	FEmusic_library_privately_owned_release_detailb_po_CKCA4sLKgvb7CBIDcmFtGiJwYXVsIG1jY2FydG5leSBhbmQgbGluZGEgbWNjYXJ0bmV5IgNncG0	FEmusic_library_privately_owned_artist_detaila_po_CKCA4sLKgvb7CBIicGF1bCBtY2NhcnRuZXkgYW5kIGxpbmRhIG1jY2FydG5leQ
257	Eat at Home	Paul McCartney & Linda McCartney	Ram	INDIFFERENT	3:22	ajbnymkGmjM	FEmusic_library_privately_owned_release_detailb_po_CKCA4sLKgvb7CBIDcmFtGiJwYXVsIG1jY2FydG5leSBhbmQgbGluZGEgbWNjYXJ0bmV5IgNncG0	FEmusic_library_privately_owned_artist_detaila_po_CKCA4sLKgvb7CBIicGF1bCBtY2NhcnRuZXkgYW5kIGxpbmRhIG1jY2FydG5leQ
258	Long Haired Lady	Paul McCartney & Linda McCartney	Ram	INDIFFERENT	6:05	5BcQV01Xos0	FEmusic_library_privately_owned_release_detailb_po_CKCA4sLKgvb7CBIDcmFtGiJwYXVsIG1jY2FydG5leSBhbmQgbGluZGEgbWNjYXJ0bmV5IgNncG0	FEmusic_library_privately_owned_artist_detaila_po_CKCA4sLKgvb7CBIicGF1bCBtY2NhcnRuZXkgYW5kIGxpbmRhIG1jY2FydG5leQ
259	Ram On	Paul McCartney & Linda McCartney	Ram	INDIFFERENT	0:55	12U6bz8F8FQ	FEmusic_library_privately_owned_release_detailb_po_CKCA4sLKgvb7CBIDcmFtGiJwYXVsIG1jY2FydG5leSBhbmQgbGluZGEgbWNjYXJ0bmV5IgNncG0	FEmusic_library_privately_owned_artist_detaila_po_CKCA4sLKgvb7CBIicGF1bCBtY2NhcnRuZXkgYW5kIGxpbmRhIG1jY2FydG5leQ
260	The Back Seat of My Car	Paul McCartney & Linda McCartney	Ram	INDIFFERENT	4:30	sjau1rB_TJA	FEmusic_library_privately_owned_release_detailb_po_CKCA4sLKgvb7CBIDcmFtGiJwYXVsIG1jY2FydG5leSBhbmQgbGluZGEgbWNjYXJ0bmV5IgNncG0	FEmusic_library_privately_owned_artist_detaila_po_CKCA4sLKgvb7CBIicGF1bCBtY2NhcnRuZXkgYW5kIGxpbmRhIG1jY2FydG5leQ
261	Another Day	Paul McCartney & Linda McCartney	Ram	INDIFFERENT	3:42	UXgLIK8q5NI	FEmusic_library_privately_owned_release_detailb_po_CKCA4sLKgvb7CBIDcmFtGiJwYXVsIG1jY2FydG5leSBhbmQgbGluZGEgbWNjYXJ0bmV5IgNncG0	FEmusic_library_privately_owned_artist_detaila_po_CKCA4sLKgvb7CBIicGF1bCBtY2NhcnRuZXkgYW5kIGxpbmRhIG1jY2FydG5leQ
262	Oh Woman, Oh Why	Paul McCartney & Linda McCartney	Ram	INDIFFERENT	4:34	NUfumFFzhBg	FEmusic_library_privately_owned_release_detailb_po_CKCA4sLKgvb7CBIDcmFtGiJwYXVsIG1jY2FydG5leSBhbmQgbGluZGEgbWNjYXJ0bmV5IgNncG0	FEmusic_library_privately_owned_artist_detaila_po_CKCA4sLKgvb7CBIicGF1bCBtY2NhcnRuZXkgYW5kIGxpbmRhIG1jY2FydG5leQ
263	Paperhouse	Can	Tago Mago	LIKE	7:28	dlUV9EX1zJE	FEmusic_library_privately_owned_release_detailb_po_CKCA4sLKgvb7CBIJdGFnbyBtYWdvGgNjYW4iA2dwbQ	FEmusic_library_privately_owned_artist_detaila_po_CKCA4sLKgvb7CBIDY2Fu
264	Mushroom	Can	Tago Mago	LIKE	4:03	CDaYmrZRjWk	FEmusic_library_privately_owned_release_detailb_po_CKCA4sLKgvb7CBIJdGFnbyBtYWdvGgNjYW4iA2dwbQ	FEmusic_library_privately_owned_artist_detaila_po_CKCA4sLKgvb7CBIDY2Fu
265	Oh Yeah	Can	Tago Mago	LIKE	7:23	3XoA440IeuE	FEmusic_library_privately_owned_release_detailb_po_CKCA4sLKgvb7CBIJdGFnbyBtYWdvGgNjYW4iA2dwbQ	FEmusic_library_privately_owned_artist_detaila_po_CKCA4sLKgvb7CBIDY2Fu
266	Halleluhwah	Can	Tago Mago	INDIFFERENT	18:32	GbVSChJscfI	FEmusic_library_privately_owned_release_detailb_po_CKCA4sLKgvb7CBIJdGFnbyBtYWdvGgNjYW4iA2dwbQ	FEmusic_library_privately_owned_artist_detaila_po_CKCA4sLKgvb7CBIDY2Fu
267	Bring Me Coffee or Tea	Can	Tago Mago	INDIFFERENT	6:47	Vgi5seG-RvM	FEmusic_library_privately_owned_release_detailb_po_CKCA4sLKgvb7CBIJdGFnbyBtYWdvGgNjYW4iA2dwbQ	FEmusic_library_privately_owned_artist_detaila_po_CKCA4sLKgvb7CBIDY2Fu
268	Way Over Yonder	Judy Mowatt	We Shall Sing	INDIFFERENT	3:06	V25U5qmZjQw	FEmusic_library_privately_owned_release_detailb_po_CKCA4sLKgvb7CBINd2Ugc2hhbGwgc2luZxoLanVkeSBtb3dhdHQiA2dwbQ	FEmusic_library_privately_owned_artist_detaila_po_CKCA4sLKgvb7CBILanVkeSBtb3dhdHQ
269	Je Vous'aime (I Love You)	Judy Mowatt	We Shall Sing	INDIFFERENT	2:55	joYvT0tD2eM	FEmusic_library_privately_owned_release_detailb_po_CKCA4sLKgvb7CBINd2Ugc2hhbGwgc2luZxoLanVkeSBtb3dhdHQiA2dwbQ	FEmusic_library_privately_owned_artist_detaila_po_CKCA4sLKgvb7CBILanVkeSBtb3dhdHQ
270	Baba O’Riley	The Who	Who’s Next	LIKE	4:57	S-xTGL477Ho	FEmusic_library_privately_owned_release_detailb_po_CKCA4sLKgvb7CBIMd2hv4oCZcyBuZXh0GgN3aG8iA2dwbQ	FEmusic_library_privately_owned_artist_detaila_po_CKCA4sLKgvb7CBIDd2hv
271	Love Ain’t for Keeping	The Who	Who’s Next	INDIFFERENT	2:10	-h9tPQmzlzM	FEmusic_library_privately_owned_release_detailb_po_CKCA4sLKgvb7CBIMd2hv4oCZcyBuZXh0GgN3aG8iA2dwbQ	FEmusic_library_privately_owned_artist_detaila_po_CKCA4sLKgvb7CBIDd2hv
272	The Song Is Over	The Who	Who’s Next	INDIFFERENT	6:15	L0xojtN9UXw	FEmusic_library_privately_owned_release_detailb_po_CKCA4sLKgvb7CBIMd2hv4oCZcyBuZXh0GgN3aG8iA2dwbQ	FEmusic_library_privately_owned_artist_detaila_po_CKCA4sLKgvb7CBIDd2hv
273	Getting in Tune	The Who	Who’s Next	INDIFFERENT	4:48	9XOXGn23OAE	FEmusic_library_privately_owned_release_detailb_po_CKCA4sLKgvb7CBIMd2hv4oCZcyBuZXh0GgN3aG8iA2dwbQ	FEmusic_library_privately_owned_artist_detaila_po_CKCA4sLKgvb7CBIDd2hv
274	Behind Blue Eyes	The Who	Who’s Next	LIKE	3:40	H2dqhcyEnzA	FEmusic_library_privately_owned_release_detailb_po_CKCA4sLKgvb7CBIMd2hv4oCZcyBuZXh0GgN3aG8iA2dwbQ	FEmusic_library_privately_owned_artist_detaila_po_CKCA4sLKgvb7CBIDd2hv
275	Won’t Get Fooled Again	The Who	Who’s Next	INDIFFERENT	8:30	jCl2X3zAUAk	FEmusic_library_privately_owned_release_detailb_po_CKCA4sLKgvb7CBIMd2hv4oCZcyBuZXh0GgN3aG8iA2dwbQ	FEmusic_library_privately_owned_artist_detaila_po_CKCA4sLKgvb7CBIDd2hv
276	Jack Straw	Grateful Dead	Europe '72	INDIFFERENT	4:49	gxiKiZumi1s	FEmusic_library_privately_owned_release_detailb_po_CKCA4sLKgvb7CBIJZXVyb3BlIDcyGg1ncmF0ZWZ1bCBkZWFkIgNncG0	FEmusic_library_privately_owned_artist_detaila_po_CKCA4sLKgvb7CBINZ3JhdGVmdWwgZGVhZA
277	You Win Again	Grateful Dead	Europe '72	INDIFFERENT	4:00	2CBDiFiOsPY	FEmusic_library_privately_owned_release_detailb_po_CKCA4sLKgvb7CBIJZXVyb3BlIDcyGg1ncmF0ZWZ1bCBkZWFkIgNncG0	FEmusic_library_privately_owned_artist_detaila_po_CKCA4sLKgvb7CBINZ3JhdGVmdWwgZGVhZA
278	China Cat Sunflower	Grateful Dead	Europe '72	INDIFFERENT	5:33	05FFpzadYG0	FEmusic_library_privately_owned_release_detailb_po_CKCA4sLKgvb7CBIJZXVyb3BlIDcyGg1ncmF0ZWZ1bCBkZWFkIgNncG0	FEmusic_library_privately_owned_artist_detaila_po_CKCA4sLKgvb7CBINZ3JhdGVmdWwgZGVhZA
279	Brown-Eyed Woman	Grateful Dead	Europe '72	INDIFFERENT	4:37	_VjG9D6lCP4	FEmusic_library_privately_owned_release_detailb_po_CKCA4sLKgvb7CBIJZXVyb3BlIDcyGg1ncmF0ZWZ1bCBkZWFkIgNncG0	FEmusic_library_privately_owned_artist_detaila_po_CKCA4sLKgvb7CBINZ3JhdGVmdWwgZGVhZA
280	Sugar Magnolia	Grateful Dead	Europe '72	LIKE	7:10	kOBF20Z3p4c	FEmusic_library_privately_owned_release_detailb_po_CKCA4sLKgvb7CBIJZXVyb3BlIDcyGg1ncmF0ZWZ1bCBkZWFkIgNncG0	FEmusic_library_privately_owned_artist_detaila_po_CKCA4sLKgvb7CBINZ3JhdGVmdWwgZGVhZA
281	Tennessee Jed	Grateful Dead	Europe '72	LIKE	7:11	CP59Wu8ORbE	FEmusic_library_privately_owned_release_detailb_po_CKCA4sLKgvb7CBIJZXVyb3BlIDcyGg1ncmF0ZWZ1bCBkZWFkIgNncG0	FEmusic_library_privately_owned_artist_detaila_po_CKCA4sLKgvb7CBINZ3JhdGVmdWwgZGVhZA
282	The Stranger (Two Souls in Communion)	Grateful Dead	Europe '72	LIKE	6:50	Y3mKkYsvfvw	FEmusic_library_privately_owned_release_detailb_po_CKCA4sLKgvb7CBIJZXVyb3BlIDcyGg1ncmF0ZWZ1bCBkZWFkIgNncG0	FEmusic_library_privately_owned_artist_detaila_po_CKCA4sLKgvb7CBINZ3JhdGVmdWwgZGVhZA
283	Prelude	Grateful Dead	Europe '72	INDIFFERENT	5:06	dNgGYqy8_cU	FEmusic_library_privately_owned_release_detailb_po_CKCA4sLKgvb7CBIJZXVyb3BlIDcyGg1ncmF0ZWZ1bCBkZWFkIgNncG0	FEmusic_library_privately_owned_artist_detaila_po_CKCA4sLKgvb7CBINZ3JhdGVmdWwgZGVhZA
284	Morning Dew	Grateful Dead	Europe '72	LIKE	11:41	GTGevv6VnHE	FEmusic_library_privately_owned_release_detailb_po_CKCA4sLKgvb7CBIJZXVyb3BlIDcyGg1ncmF0ZWZ1bCBkZWFkIgNncG0	FEmusic_library_privately_owned_artist_detaila_po_CKCA4sLKgvb7CBINZ3JhdGVmdWwgZGVhZA
285	Looks Like Rain	Grateful Dead	Europe '72	INDIFFERENT	7:37	_EpleDPv2EY	FEmusic_library_privately_owned_release_detailb_po_CKCA4sLKgvb7CBIJZXVyb3BlIDcyGg1ncmF0ZWZ1bCBkZWFkIgNncG0	FEmusic_library_privately_owned_artist_detaila_po_CKCA4sLKgvb7CBINZ3JhdGVmdWwgZGVhZA
286	A.T.F.W. (Art Tatum Fats Waller)	Charles Mingus	The Great Concert of Charles Mingus	INDIFFERENT	4:17	Njo0Kff5-eU	FEmusic_library_privately_owned_release_detailb_po_CKCA4sLKgvb7CBIfZ3JlYXQgY29uY2VydCBvZiBjaGFybGVzIG1pbmd1cxoOY2hhcmxlcyBtaW5ndXMiA2dwbQ	FEmusic_library_privately_owned_artist_detaila_po_CKCA4sLKgvb7CBIOY2hhcmxlcyBtaW5ndXM
287	So Long Eric (Don't Stay Over There Too Long)	Charles Mingus	The Great Concert of Charles Mingus	INDIFFERENT	21:47	zIj6_iFKEZY	FEmusic_library_privately_owned_release_detailb_po_CKCA4sLKgvb7CBIfZ3JlYXQgY29uY2VydCBvZiBjaGFybGVzIG1pbmd1cxoOY2hhcmxlcyBtaW5ndXMiA2dwbQ	FEmusic_library_privately_owned_artist_detaila_po_CKCA4sLKgvb7CBIOY2hhcmxlcyBtaW5ndXM
288	Orange Was the Color of Her Dress Then Blue Silk	Charles Mingus	The Great Concert of Charles Mingus	INDIFFERENT	14:29	-4TTPqXoHvw	FEmusic_library_privately_owned_release_detailb_po_CKCA4sLKgvb7CBIfZ3JlYXQgY29uY2VydCBvZiBjaGFybGVzIG1pbmd1cxoOY2hhcmxlcyBtaW5ndXMiA2dwbQ	FEmusic_library_privately_owned_artist_detaila_po_CKCA4sLKgvb7CBIOY2hhcmxlcyBtaW5ndXM
289	Fables of Faubus	Charles Mingus	The Great Concert of Charles Mingus	INDIFFERENT	27:48	Ktqd9wXkMUk	FEmusic_library_privately_owned_release_detailb_po_CKCA4sLKgvb7CBIfZ3JlYXQgY29uY2VydCBvZiBjaGFybGVzIG1pbmd1cxoOY2hhcmxlcyBtaW5ndXMiA2dwbQ	FEmusic_library_privately_owned_artist_detaila_po_CKCA4sLKgvb7CBIOY2hhcmxlcyBtaW5ndXM
290	Sophisticated Lady	Charles Mingus	The Great Concert of Charles Mingus	INDIFFERENT	7:54	d-UJ6WkBWK8	FEmusic_library_privately_owned_release_detailb_po_CKCA4sLKgvb7CBIfZ3JlYXQgY29uY2VydCBvZiBjaGFybGVzIG1pbmd1cxoOY2hhcmxlcyBtaW5ndXMiA2dwbQ	FEmusic_library_privately_owned_artist_detaila_po_CKCA4sLKgvb7CBIOY2hhcmxlcyBtaW5ndXM
291	Parkeriana (Dedicated to a Genius)	Charles Mingus	The Great Concert of Charles Mingus	INDIFFERENT	27:03	L8BzZTYkKBA	FEmusic_library_privately_owned_release_detailb_po_CKCA4sLKgvb7CBIfZ3JlYXQgY29uY2VydCBvZiBjaGFybGVzIG1pbmd1cxoOY2hhcmxlcyBtaW5ndXMiA2dwbQ	FEmusic_library_privately_owned_artist_detaila_po_CKCA4sLKgvb7CBIOY2hhcmxlcyBtaW5ndXM
292	Meditations on Integration (Or for a Pair of Wire Cutters)	Charles Mingus	The Great Concert of Charles Mingus	INDIFFERENT	22:47	K4bKP3hJNPs	FEmusic_library_privately_owned_release_detailb_po_CKCA4sLKgvb7CBIfZ3JlYXQgY29uY2VydCBvZiBjaGFybGVzIG1pbmd1cxoOY2hhcmxlcyBtaW5ndXMiA2dwbQ	FEmusic_library_privately_owned_artist_detaila_po_CKCA4sLKgvb7CBIOY2hhcmxlcyBtaW5ndXM
293	Messe pour le temps présent : Psyché Rock	Pierre Henry	Messe pour le temps présent et musiques concrètes	LIKE	2:51	PVx7Px_hXlo	FEmusic_library_privately_owned_release_detailb_po_CKCA4sLKgvb7CBIybWVzc2UgcG91ciBsZSB0ZW1wcyBwcmVzZW50IGFuZCBtdXNpcXVlcyBjb25jcmV0ZXMaDHBpZXJyZSBoZW5yeSIDZ3Bt	FEmusic_library_privately_owned_artist_detaila_po_CKCA4sLKgvb7CBIMcGllcnJlIGhlbnJ5
294	Messe pour le temps présent : Jericho Jerk	Pierre Henry	Messe pour le temps présent et musiques concrètes	INDIFFERENT	2:27	8hfzHhGM3Jk	FEmusic_library_privately_owned_release_detailb_po_CKCA4sLKgvb7CBIybWVzc2UgcG91ciBsZSB0ZW1wcyBwcmVzZW50IGFuZCBtdXNpcXVlcyBjb25jcmV0ZXMaDHBpZXJyZSBoZW5yeSIDZ3Bt	FEmusic_library_privately_owned_artist_detaila_po_CKCA4sLKgvb7CBIMcGllcnJlIGhlbnJ5
295	Messe pour le temps présent : Teen Tonic	Pierre Henry	Messe pour le temps présent et musiques concrètes	LIKE	2:45	u99jmazxB7E	FEmusic_library_privately_owned_release_detailb_po_CKCA4sLKgvb7CBIybWVzc2UgcG91ciBsZSB0ZW1wcyBwcmVzZW50IGFuZCBtdXNpcXVlcyBjb25jcmV0ZXMaDHBpZXJyZSBoZW5yeSIDZ3Bt	FEmusic_library_privately_owned_artist_detaila_po_CKCA4sLKgvb7CBIMcGllcnJlIGhlbnJ5
296	Messe pour le temps présent : Too Fortiche	Pierre Henry	Messe pour le temps présent et musiques concrètes	INDIFFERENT	2:53	VBHWYs6A6mQ	FEmusic_library_privately_owned_release_detailb_po_CKCA4sLKgvb7CBIybWVzc2UgcG91ciBsZSB0ZW1wcyBwcmVzZW50IGFuZCBtdXNpcXVlcyBjb25jcmV0ZXMaDHBpZXJyZSBoZW5yeSIDZ3Bt	FEmusic_library_privately_owned_artist_detaila_po_CKCA4sLKgvb7CBIMcGllcnJlIGhlbnJ5
297	Le Voyage : Le couple	Pierre Henry	Messe pour le temps présent et musiques concrètes	INDIFFERENT	7:00	jDyNRwd6elQ	FEmusic_library_privately_owned_release_detailb_po_CKCA4sLKgvb7CBIybWVzc2UgcG91ciBsZSB0ZW1wcyBwcmVzZW50IGFuZCBtdXNpcXVlcyBjb25jcmV0ZXMaDHBpZXJyZSBoZW5yeSIDZ3Bt	FEmusic_library_privately_owned_artist_detaila_po_CKCA4sLKgvb7CBIMcGllcnJlIGhlbnJ5
298	Le Voyage : Fluidité et mobilité d'un larsen	Pierre Henry	Messe pour le temps présent et musiques concrètes	INDIFFERENT	9:54	XKmMlK0eXdM	FEmusic_library_privately_owned_release_detailb_po_CKCA4sLKgvb7CBIybWVzc2UgcG91ciBsZSB0ZW1wcyBwcmVzZW50IGFuZCBtdXNpcXVlcyBjb25jcmV0ZXMaDHBpZXJyZSBoZW5yeSIDZ3Bt	FEmusic_library_privately_owned_artist_detaila_po_CKCA4sLKgvb7CBIMcGllcnJlIGhlbnJ5
299	Variations pour une porte et un soupir : Chant 1	Pierre Henry	Messe pour le temps présent et musiques concrètes	INDIFFERENT	0:32	Wcg1ibPeqk0	FEmusic_library_privately_owned_release_detailb_po_CKCA4sLKgvb7CBIybWVzc2UgcG91ciBsZSB0ZW1wcyBwcmVzZW50IGFuZCBtdXNpcXVlcyBjb25jcmV0ZXMaDHBpZXJyZSBoZW5yeSIDZ3Bt	FEmusic_library_privately_owned_artist_detaila_po_CKCA4sLKgvb7CBIMcGllcnJlIGhlbnJ5
300	Title Music from A Clockwork Orange	Wendy Carlos	Stanley Kubrick’s Clockwork Orange	LIKE	2:27	BZsOVtvHsLc	FEmusic_library_privately_owned_release_detailb_po_CKCA4sLKgvb7CBIkc3RhbmxleSBrdWJyaWNr4oCZcyBjbG9ja3dvcmsgb3JhbmdlGg92YXJpb3VzIGFydGlzdHMiA2dwbQ	FEmusic_library_privately_owned_artist_detaila_po_CKCA4sLKgvb7CBIMd2VuZHkgY2FybG9z
301	The Thieving Magpie (abridged)	Gioachino Rossini	Stanley Kubrick’s Clockwork Orange	INDIFFERENT	5:56	YH7GXW4_Xio	FEmusic_library_privately_owned_release_detailb_po_CKCA4sLKgvb7CBIkc3RhbmxleSBrdWJyaWNr4oCZcyBjbG9ja3dvcmsgb3JhbmdlGg92YXJpb3VzIGFydGlzdHMiA2dwbQ	FEmusic_library_privately_owned_artist_detaila_po_CKCA4sLKgvb7CBIRZ2lvYWNoaW5vIHJvc3Npbmk
302	Theme from A Clockwork Orange (Beethoviana)	Wendy Carlos	Stanley Kubrick’s Clockwork Orange	LIKE	1:48	RhEDddn0uQg	FEmusic_library_privately_owned_release_detailb_po_CKCA4sLKgvb7CBIkc3RhbmxleSBrdWJyaWNr4oCZcyBjbG9ja3dvcmsgb3JhbmdlGg92YXJpb3VzIGFydGlzdHMiA2dwbQ	FEmusic_library_privately_owned_artist_detaila_po_CKCA4sLKgvb7CBIMd2VuZHkgY2FybG9z
303	Symphony no. 9 in D minor, op. 125: II. Molto vivace (abridged)	Ludwig van Beethoven	Stanley Kubrick’s Clockwork Orange	LIKE	3:51	R16Y86nYH44	FEmusic_library_privately_owned_release_detailb_po_CKCA4sLKgvb7CBIkc3RhbmxleSBrdWJyaWNr4oCZcyBjbG9ja3dvcmsgb3JhbmdlGg92YXJpb3VzIGFydGlzdHMiA2dwbQ	FEmusic_library_privately_owned_artist_detaila_po_CKCA4sLKgvb7CBIUbHVkd2lnIHZhbiBiZWV0aG92ZW4
304	Pomp and Circumstance March no. 1 in D major, op. 39	Edward Elgar	Stanley Kubrick’s Clockwork Orange	INDIFFERENT	4:35	hyCaNacu2DU	FEmusic_library_privately_owned_release_detailb_po_CKCA4sLKgvb7CBIkc3RhbmxleSBrdWJyaWNr4oCZcyBjbG9ja3dvcmsgb3JhbmdlGg92YXJpb3VzIGFydGlzdHMiA2dwbQ	FEmusic_library_privately_owned_artist_detaila_po_CKCA4sLKgvb7CBIMZWR3YXJkIGVsZ2Fy
305	Overture to the Sun	Terry Tucker	Stanley Kubrick’s Clockwork Orange	LIKE	1:46	FsbbD-KGUsY	FEmusic_library_privately_owned_release_detailb_po_CKCA4sLKgvb7CBIkc3RhbmxleSBrdWJyaWNr4oCZcyBjbG9ja3dvcmsgb3JhbmdlGg92YXJpb3VzIGFydGlzdHMiA2dwbQ	FEmusic_library_privately_owned_artist_detaila_po_CKCA4sLKgvb7CBIMdGVycnkgdHVja2Vy
306	I Want to Marry a Lighthouse Keeper	Erika Eigen	Stanley Kubrick’s Clockwork Orange	INDIFFERENT	1:04	fOuH86SitPo	FEmusic_library_privately_owned_release_detailb_po_CKCA4sLKgvb7CBIkc3RhbmxleSBrdWJyaWNr4oCZcyBjbG9ja3dvcmsgb3JhbmdlGg92YXJpb3VzIGFydGlzdHMiA2dwbQ	FEmusic_library_privately_owned_artist_detaila_po_CKCA4sLKgvb7CBILZXJpa2EgZWlnZW4
307	Singin’ in the Rain	Gene Kelly	Stanley Kubrick’s Clockwork Orange	INDIFFERENT	2:55	ox-D_Jt7Uog	FEmusic_library_privately_owned_release_detailb_po_CKCA4sLKgvb7CBIkc3RhbmxleSBrdWJyaWNr4oCZcyBjbG9ja3dvcmsgb3JhbmdlGg92YXJpb3VzIGFydGlzdHMiA2dwbQ	FEmusic_library_privately_owned_artist_detaila_po_CKCA4sLKgvb7CBIKZ2VuZSBrZWxseQ
308	The Heavenly Music Corporation	Fripp & Eno	(No Pussyfooting)	INDIFFERENT	21:02	oVi0JVotN8M	FEmusic_library_privately_owned_release_detailb_po_CKCA4sLKgvb7CBIPbm8gcHVzc3lmb290aW5nGg1mcmlwcCBhbmQgZW5vIgNncG0	FEmusic_library_privately_owned_artist_detaila_po_CKCA4sLKgvb7CBINZnJpcHAgYW5kIGVubw
309	Swastika Girls	Fripp & Eno	(No Pussyfooting)	INDIFFERENT	18:38	B_jZNAIgEi4	FEmusic_library_privately_owned_release_detailb_po_CKCA4sLKgvb7CBIPbm8gcHVzc3lmb290aW5nGg1mcmlwcCBhbmQgZW5vIgNncG0	FEmusic_library_privately_owned_artist_detaila_po_CKCA4sLKgvb7CBINZnJpcHAgYW5kIGVubw
310	Drive‐In Saturday	David Bowie	Aladdin Sane	LIKE	4:32	yob0XPd3VXQ	FEmusic_library_privately_owned_release_detailb_po_CKCA4sLKgvb7CBIMYWxhZGRpbiBzYW5lGgtkYXZpZCBib3dpZSIDZ3Bt	FEmusic_library_privately_owned_artist_detaila_po_CKCA4sLKgvb7CBILZGF2aWQgYm93aWU
311	Cracked Actor	David Bowie	Aladdin Sane	INDIFFERENT	3:01	-sdr7u_Zk0Y	FEmusic_library_privately_owned_release_detailb_po_CKCA4sLKgvb7CBIMYWxhZGRpbiBzYW5lGgtkYXZpZCBib3dpZSIDZ3Bt	FEmusic_library_privately_owned_artist_detaila_po_CKCA4sLKgvb7CBILZGF2aWQgYm93aWU
312	Time	David Bowie	Aladdin Sane	INDIFFERENT	5:15	ZBA4uH1q4ao	FEmusic_library_privately_owned_release_detailb_po_CKCA4sLKgvb7CBIMYWxhZGRpbiBzYW5lGgtkYXZpZCBib3dpZSIDZ3Bt	FEmusic_library_privately_owned_artist_detaila_po_CKCA4sLKgvb7CBILZGF2aWQgYm93aWU
313	The Prettiest Star	David Bowie	Aladdin Sane	LIKE	3:31	1lWvDZyUYLg	FEmusic_library_privately_owned_release_detailb_po_CKCA4sLKgvb7CBIMYWxhZGRpbiBzYW5lGgtkYXZpZCBib3dpZSIDZ3Bt	FEmusic_library_privately_owned_artist_detaila_po_CKCA4sLKgvb7CBILZGF2aWQgYm93aWU
314	The Jean Genie	David Bowie	Aladdin Sane	INDIFFERENT	4:08	40o_Z37ryUY	FEmusic_library_privately_owned_release_detailb_po_CKCA4sLKgvb7CBIMYWxhZGRpbiBzYW5lGgtkYXZpZCBib3dpZSIDZ3Bt	FEmusic_library_privately_owned_artist_detaila_po_CKCA4sLKgvb7CBILZGF2aWQgYm93aWU
315	Lady Grinning Soul	David Bowie	Aladdin Sane	LIKE	3:55	qnRMGQg7Vj0	FEmusic_library_privately_owned_release_detailb_po_CKCA4sLKgvb7CBIMYWxhZGRpbiBzYW5lGgtkYXZpZCBib3dpZSIDZ3Bt	FEmusic_library_privately_owned_artist_detaila_po_CKCA4sLKgvb7CBILZGF2aWQgYm93aWU
316	The Song Remains the Same	Led Zeppelin	Houses of the Holy	LIKE	5:29	qM7Mtr4-ixY	FEmusic_library_privately_owned_release_detailb_po_CKCA4sLKgvb7CBISaG91c2VzIG9mIHRoZSBob2x5GgxsZWQgemVwcGVsaW4iA2dwbQ	FEmusic_library_privately_owned_artist_detaila_po_CKCA4sLKgvb7CBIMbGVkIHplcHBlbGlu
317	The Rain Song	Led Zeppelin	Houses of the Holy	LIKE	7:39	DMW_MPOx7uI	FEmusic_library_privately_owned_release_detailb_po_CKCA4sLKgvb7CBISaG91c2VzIG9mIHRoZSBob2x5GgxsZWQgemVwcGVsaW4iA2dwbQ	FEmusic_library_privately_owned_artist_detaila_po_CKCA4sLKgvb7CBIMbGVkIHplcHBlbGlu
318	Over the Hills and Far Away	Led Zeppelin	Houses of the Holy	LIKE	4:50	F0bseevA2mQ	FEmusic_library_privately_owned_release_detailb_po_CKCA4sLKgvb7CBISaG91c2VzIG9mIHRoZSBob2x5GgxsZWQgemVwcGVsaW4iA2dwbQ	FEmusic_library_privately_owned_artist_detaila_po_CKCA4sLKgvb7CBIMbGVkIHplcHBlbGlu
319	Dancing Days	Led Zeppelin	Houses of the Holy	LIKE	3:43	IKjphWV0yAY	FEmusic_library_privately_owned_release_detailb_po_CKCA4sLKgvb7CBISaG91c2VzIG9mIHRoZSBob2x5GgxsZWQgemVwcGVsaW4iA2dwbQ	FEmusic_library_privately_owned_artist_detaila_po_CKCA4sLKgvb7CBIMbGVkIHplcHBlbGlu
320	D’yer Mak’er	Led Zeppelin	Houses of the Holy	INDIFFERENT	4:22	KbzkJfvF3Uw	FEmusic_library_privately_owned_release_detailb_po_CKCA4sLKgvb7CBISaG91c2VzIG9mIHRoZSBob2x5GgxsZWQgemVwcGVsaW4iA2dwbQ	FEmusic_library_privately_owned_artist_detaila_po_CKCA4sLKgvb7CBIMbGVkIHplcHBlbGlu
321	No Quarter	Led Zeppelin	Houses of the Holy	INDIFFERENT	7:02	3QRx5aWwqq4	FEmusic_library_privately_owned_release_detailb_po_CKCA4sLKgvb7CBISaG91c2VzIG9mIHRoZSBob2x5GgxsZWQgemVwcGVsaW4iA2dwbQ	FEmusic_library_privately_owned_artist_detaila_po_CKCA4sLKgvb7CBIMbGVkIHplcHBlbGlu
322	The Ocean	Led Zeppelin	Houses of the Holy	INDIFFERENT	4:31	zEULt4xFQq0	FEmusic_library_privately_owned_release_detailb_po_CKCA4sLKgvb7CBISaG91c2VzIG9mIHRoZSBob2x5GgxsZWQgemVwcGVsaW4iA2dwbQ	FEmusic_library_privately_owned_artist_detaila_po_CKCA4sLKgvb7CBIMbGVkIHplcHBlbGlu
323	Larks’ Tongues in Aspic, Part One	King Crimson	Larks’ Tongues in Aspic	INDIFFERENT	13:35	XKzr8PtQggQ	FEmusic_library_privately_owned_release_detailb_po_CKCA4sLKgvb7CBIZbGFya3PigJkgdG9uZ3VlcyBpbiBhc3BpYxoMa2luZyBjcmltc29uIgNncG0	FEmusic_library_privately_owned_artist_detaila_po_CKCA4sLKgvb7CBIMa2luZyBjcmltc29u
324	Book of Saturday	King Crimson	Larks’ Tongues in Aspic	LIKE	2:55	1ammIY7eWTs	FEmusic_library_privately_owned_release_detailb_po_CKCA4sLKgvb7CBIZbGFya3PigJkgdG9uZ3VlcyBpbiBhc3BpYxoMa2luZyBjcmltc29uIgNncG0	FEmusic_library_privately_owned_artist_detaila_po_CKCA4sLKgvb7CBIMa2luZyBjcmltc29u
325	Exiles	King Crimson	Larks’ Tongues in Aspic	LIKE	7:40	ECzXrDxqPIk	FEmusic_library_privately_owned_release_detailb_po_CKCA4sLKgvb7CBIZbGFya3PigJkgdG9uZ3VlcyBpbiBhc3BpYxoMa2luZyBjcmltc29uIgNncG0	FEmusic_library_privately_owned_artist_detaila_po_CKCA4sLKgvb7CBIMa2luZyBjcmltc29u
326	Easy Money	King Crimson	Larks’ Tongues in Aspic	LIKE	7:52	tFPMk9iXuM8	FEmusic_library_privately_owned_release_detailb_po_CKCA4sLKgvb7CBIZbGFya3PigJkgdG9uZ3VlcyBpbiBhc3BpYxoMa2luZyBjcmltc29uIgNncG0	FEmusic_library_privately_owned_artist_detaila_po_CKCA4sLKgvb7CBIMa2luZyBjcmltc29u
327	Larks’ Tongues in Aspic, Part Two	King Crimson	Larks’ Tongues in Aspic	INDIFFERENT	7:07	1QnoVT_vwcE	FEmusic_library_privately_owned_release_detailb_po_CKCA4sLKgvb7CBIZbGFya3PigJkgdG9uZ3VlcyBpbiBhc3BpYxoMa2luZyBjcmltc29uIgNncG0	FEmusic_library_privately_owned_artist_detaila_po_CKCA4sLKgvb7CBIMa2luZyBjcmltc29u
328	Emergancy Call	Judy Mowatt	We Shall Sing	INDIFFERENT	3:05	FYFu7_2QZPE	FEmusic_library_privately_owned_release_detailb_po_CKCA4sLKgvb7CBINd2Ugc2hhbGwgc2luZxoLanVkeSBtb3dhdHQiA2dwbQ	FEmusic_library_privately_owned_artist_detaila_po_CKCA4sLKgvb7CBILanVkeSBtb3dhdHQ
329	Sweet Thing	David Bowie	Diamond Dogs	INDIFFERENT	3:39	31HfLmMT6V4	FEmusic_library_privately_owned_release_detailb_po_CKCA4sLKgvb7CBIMZGlhbW9uZCBkb2dzGgtkYXZpZCBib3dpZSIDZ3Bt	FEmusic_library_privately_owned_artist_detaila_po_CKCA4sLKgvb7CBILZGF2aWQgYm93aWU
330	Candidate	David Bowie	Diamond Dogs	INDIFFERENT	2:40	OxipIIDQMLY	FEmusic_library_privately_owned_release_detailb_po_CKCA4sLKgvb7CBIMZGlhbW9uZCBkb2dzGgtkYXZpZCBib3dpZSIDZ3Bt	FEmusic_library_privately_owned_artist_detaila_po_CKCA4sLKgvb7CBILZGF2aWQgYm93aWU
331	Rebel Rebel	David Bowie	Diamond Dogs	INDIFFERENT	4:30	EDs58wkNXYg	FEmusic_library_privately_owned_release_detailb_po_CKCA4sLKgvb7CBIMZGlhbW9uZCBkb2dzGgtkYXZpZCBib3dpZSIDZ3Bt	FEmusic_library_privately_owned_artist_detaila_po_CKCA4sLKgvb7CBILZGF2aWQgYm93aWU
332	We Are the Dead	David Bowie	Diamond Dogs	INDIFFERENT	5:01	srSKrI_qY2A	FEmusic_library_privately_owned_release_detailb_po_CKCA4sLKgvb7CBIMZGlhbW9uZCBkb2dzGgtkYXZpZCBib3dpZSIDZ3Bt	FEmusic_library_privately_owned_artist_detaila_po_CKCA4sLKgvb7CBILZGF2aWQgYm93aWU
333	Big Brother	David Bowie	Diamond Dogs	INDIFFERENT	3:21	o4_aBAnCBWA	FEmusic_library_privately_owned_release_detailb_po_CKCA4sLKgvb7CBIMZGlhbW9uZCBkb2dzGgtkYXZpZCBib3dpZSIDZ3Bt	FEmusic_library_privately_owned_artist_detaila_po_CKCA4sLKgvb7CBILZGF2aWQgYm93aWU
334	Eldorado Overture	Electric Light Orchestra	Eldorado: A Symphony by the Electric Light Orchestra	INDIFFERENT	2:13	1BM_Ke2qzV0	FEmusic_library_privately_owned_release_detailb_po_CKCA4sLKgvb7CBIzZWxkb3JhZG8gYSBzeW1waG9ueSBieSB0aGUgZWxlY3RyaWMgbGlnaHQgb3JjaGVzdHJhGhhlbGVjdHJpYyBsaWdodCBvcmNoZXN0cmEiA2dwbQ	FEmusic_library_privately_owned_artist_detaila_po_CKCA4sLKgvb7CBIYZWxlY3RyaWMgbGlnaHQgb3JjaGVzdHJh
335	Can’t Get It Out of My Head	Electric Light Orchestra	Eldorado: A Symphony by the Electric Light Orchestra	LIKE	4:21	Vu-Y-pObwvY	FEmusic_library_privately_owned_release_detailb_po_CKCA4sLKgvb7CBIzZWxkb3JhZG8gYSBzeW1waG9ueSBieSB0aGUgZWxlY3RyaWMgbGlnaHQgb3JjaGVzdHJhGhhlbGVjdHJpYyBsaWdodCBvcmNoZXN0cmEiA2dwbQ	FEmusic_library_privately_owned_artist_detaila_po_CKCA4sLKgvb7CBIYZWxlY3RyaWMgbGlnaHQgb3JjaGVzdHJh
336	Boy Blue	Electric Light Orchestra	Eldorado: A Symphony by the Electric Light Orchestra	INDIFFERENT	5:19	bgluaCAiXDg	FEmusic_library_privately_owned_release_detailb_po_CKCA4sLKgvb7CBIzZWxkb3JhZG8gYSBzeW1waG9ueSBieSB0aGUgZWxlY3RyaWMgbGlnaHQgb3JjaGVzdHJhGhhlbGVjdHJpYyBsaWdodCBvcmNoZXN0cmEiA2dwbQ	FEmusic_library_privately_owned_artist_detaila_po_CKCA4sLKgvb7CBIYZWxlY3RyaWMgbGlnaHQgb3JjaGVzdHJh
337	Laredo Tornado	Electric Light Orchestra	Eldorado: A Symphony by the Electric Light Orchestra	LIKE	5:30	lQzKDZ6wBPE	FEmusic_library_privately_owned_release_detailb_po_CKCA4sLKgvb7CBIzZWxkb3JhZG8gYSBzeW1waG9ueSBieSB0aGUgZWxlY3RyaWMgbGlnaHQgb3JjaGVzdHJhGhhlbGVjdHJpYyBsaWdodCBvcmNoZXN0cmEiA2dwbQ	FEmusic_library_privately_owned_artist_detaila_po_CKCA4sLKgvb7CBIYZWxlY3RyaWMgbGlnaHQgb3JjaGVzdHJh
338	Poor Boy (The Greenwood)	Electric Light Orchestra	Eldorado: A Symphony by the Electric Light Orchestra	LIKE	2:54	QjI8L_G4_R8	FEmusic_library_privately_owned_release_detailb_po_CKCA4sLKgvb7CBIzZWxkb3JhZG8gYSBzeW1waG9ueSBieSB0aGUgZWxlY3RyaWMgbGlnaHQgb3JjaGVzdHJhGhhlbGVjdHJpYyBsaWdodCBvcmNoZXN0cmEiA2dwbQ	FEmusic_library_privately_owned_artist_detaila_po_CKCA4sLKgvb7CBIYZWxlY3RyaWMgbGlnaHQgb3JjaGVzdHJh
339	Mister Kingdom	Electric Light Orchestra	Eldorado: A Symphony by the Electric Light Orchestra	LIKE	5:30	1mTe84GH8MQ	FEmusic_library_privately_owned_release_detailb_po_CKCA4sLKgvb7CBIzZWxkb3JhZG8gYSBzeW1waG9ueSBieSB0aGUgZWxlY3RyaWMgbGlnaHQgb3JjaGVzdHJhGhhlbGVjdHJpYyBsaWdodCBvcmNoZXN0cmEiA2dwbQ	FEmusic_library_privately_owned_artist_detaila_po_CKCA4sLKgvb7CBIYZWxlY3RyaWMgbGlnaHQgb3JjaGVzdHJh
340	Nobody’s Child	Electric Light Orchestra	Eldorado: A Symphony by the Electric Light Orchestra	INDIFFERENT	3:56	mhWSFVu5g9I	FEmusic_library_privately_owned_release_detailb_po_CKCA4sLKgvb7CBIzZWxkb3JhZG8gYSBzeW1waG9ueSBieSB0aGUgZWxlY3RyaWMgbGlnaHQgb3JjaGVzdHJhGhhlbGVjdHJpYyBsaWdodCBvcmNoZXN0cmEiA2dwbQ	FEmusic_library_privately_owned_artist_detaila_po_CKCA4sLKgvb7CBIYZWxlY3RyaWMgbGlnaHQgb3JjaGVzdHJh
341	Eldorado	Electric Light Orchestra	Eldorado: A Symphony by the Electric Light Orchestra	INDIFFERENT	5:18	UUPfzSqWZK0	FEmusic_library_privately_owned_release_detailb_po_CKCA4sLKgvb7CBIzZWxkb3JhZG8gYSBzeW1waG9ueSBieSB0aGUgZWxlY3RyaWMgbGlnaHQgb3JjaGVzdHJhGhhlbGVjdHJpYyBsaWdodCBvcmNoZXN0cmEiA2dwbQ	FEmusic_library_privately_owned_artist_detaila_po_CKCA4sLKgvb7CBIYZWxlY3RyaWMgbGlnaHQgb3JjaGVzdHJh
342	Dark City	Electric Light Orchestra	Eldorado: A Symphony by the Electric Light Orchestra	LIKE	0:46	TC8zk43HKDA	FEmusic_library_privately_owned_release_detailb_po_CKCA4sLKgvb7CBIzZWxkb3JhZG8gYSBzeW1waG9ueSBieSB0aGUgZWxlY3RyaWMgbGlnaHQgb3JjaGVzdHJhGhhlbGVjdHJpYyBsaWdodCBvcmNoZXN0cmEiA2dwbQ	FEmusic_library_privately_owned_artist_detaila_po_CKCA4sLKgvb7CBIYZWxlY3RyaWMgbGlnaHQgb3JjaGVzdHJh
343	Phaedra	Tangerine Dream	Phaedra	LIKE	16:49	WHPyvaKHeiY	FEmusic_library_privately_owned_release_detailb_po_CKCA4sLKgvb7CBIHcGhhZWRyYRoPdGFuZ2VyaW5lIGRyZWFtIgNncG0	FEmusic_library_privately_owned_artist_detaila_po_CKCA4sLKgvb7CBIPdGFuZ2VyaW5lIGRyZWFt
344	Mysterious Semblance at the Strand of Nightmares	Tangerine Dream	Phaedra	LIKE	10:47	xx9KFHriqbg	FEmusic_library_privately_owned_release_detailb_po_CKCA4sLKgvb7CBIHcGhhZWRyYRoPdGFuZ2VyaW5lIGRyZWFtIgNncG0	FEmusic_library_privately_owned_artist_detaila_po_CKCA4sLKgvb7CBIPdGFuZ2VyaW5lIGRyZWFt
345	Movements of a Visionary	Tangerine Dream	Phaedra	INDIFFERENT	7:58	3EEbQDjCb_k	FEmusic_library_privately_owned_release_detailb_po_CKCA4sLKgvb7CBIHcGhhZWRyYRoPdGFuZ2VyaW5lIGRyZWFtIgNncG0	FEmusic_library_privately_owned_artist_detaila_po_CKCA4sLKgvb7CBIPdGFuZ2VyaW5lIGRyZWFt
346	Sequent C'	Tangerine Dream	Phaedra	INDIFFERENT	2:17	rRVP5-LgPTQ	FEmusic_library_privately_owned_release_detailb_po_CKCA4sLKgvb7CBIHcGhhZWRyYRoPdGFuZ2VyaW5lIGRyZWFtIgNncG0	FEmusic_library_privately_owned_artist_detaila_po_CKCA4sLKgvb7CBIPdGFuZ2VyaW5lIGRyZWFt
347	Raqsed El Fada	Omar Khorshid	Rhythms From the Orient	INDIFFERENT	7:52	JojGAtDVpfY	FEmusic_library_privately_owned_release_detailb_po_CKCA4sLKgvb7CBIXcmh5dGhtcyBmcm9tIHRoZSBvcmllbnQaDW9tYXIga2hvcnNoaWQiA2dwbQ	FEmusic_library_privately_owned_artist_detaila_po_CKCA4sLKgvb7CBINb21hciBraG9yc2hpZA
348	Guitar El Chark	Omar Khorshid	Rhythms From the Orient	INDIFFERENT	4:54	0ZcI4tKzNWM	FEmusic_library_privately_owned_release_detailb_po_CKCA4sLKgvb7CBIXcmh5dGhtcyBmcm9tIHRoZSBvcmllbnQaDW9tYXIga2hvcnNoaWQiA2dwbQ	FEmusic_library_privately_owned_artist_detaila_po_CKCA4sLKgvb7CBINb21hciBraG9yc2hpZA
349	Takkasim Sanat Alfeyn	Omar Khorshid	Rhythms From the Orient	INDIFFERENT	6:53	xje_PFnsaMo	FEmusic_library_privately_owned_release_detailb_po_CKCA4sLKgvb7CBIXcmh5dGhtcyBmcm9tIHRoZSBvcmllbnQaDW9tYXIga2hvcnNoaWQiA2dwbQ	FEmusic_library_privately_owned_artist_detaila_po_CKCA4sLKgvb7CBINb21hciBraG9yc2hpZA
350	Laylet Hob	Omar Khorshid	Rhythms From the Orient	LIKE	8:09	Hpi0w1wUi5o	FEmusic_library_privately_owned_release_detailb_po_CKCA4sLKgvb7CBIXcmh5dGhtcyBmcm9tIHRoZSBvcmllbnQaDW9tYXIga2hvcnNoaWQiA2dwbQ	FEmusic_library_privately_owned_artist_detaila_po_CKCA4sLKgvb7CBINb21hciBraG9yc2hpZA
351	Lama Bada Yatasama	Omar Khorshid	Rhythms From the Orient	INDIFFERENT	2:31	K229A7daggk	FEmusic_library_privately_owned_release_detailb_po_CKCA4sLKgvb7CBIXcmh5dGhtcyBmcm9tIHRoZSBvcmllbnQaDW9tYXIga2hvcnNoaWQiA2dwbQ	FEmusic_library_privately_owned_artist_detaila_po_CKCA4sLKgvb7CBINb21hciBraG9yc2hpZA
352	Teleya Mahla Mourah	Omar Khorshid	Rhythms From the Orient	INDIFFERENT	4:59	I660BuYyQbk	FEmusic_library_privately_owned_release_detailb_po_CKCA4sLKgvb7CBIXcmh5dGhtcyBmcm9tIHRoZSBvcmllbnQaDW9tYXIga2hvcnNoaWQiA2dwbQ	FEmusic_library_privately_owned_artist_detaila_po_CKCA4sLKgvb7CBINb21hciBraG9yc2hpZA
353	Ah Ya Zen	Omar Khorshid	Rhythms From the Orient	INDIFFERENT	4:18	6fcry3Z2ePE	FEmusic_library_privately_owned_release_detailb_po_CKCA4sLKgvb7CBIXcmh5dGhtcyBmcm9tIHRoZSBvcmllbnQaDW9tYXIga2hvcnNoaWQiA2dwbQ	FEmusic_library_privately_owned_artist_detaila_po_CKCA4sLKgvb7CBINb21hciBraG9yc2hpZA
354	Hollywood	Cluster	Zuckerzeit	LIKE	4:46	-OUMw6Dod_4	FEmusic_library_privately_owned_release_detailb_po_CKCA4sLKgvb7CBIKenVja2VyemVpdBoHY2x1c3RlciIDZ3Bt	FEmusic_library_privately_owned_artist_detaila_po_CKCA4sLKgvb7CBIHY2x1c3Rlcg
355	Caramel	Cluster	Zuckerzeit	LIKE	3:01	ssU4SbXr65w	FEmusic_library_privately_owned_release_detailb_po_CKCA4sLKgvb7CBIKenVja2VyemVpdBoHY2x1c3RlciIDZ3Bt	FEmusic_library_privately_owned_artist_detaila_po_CKCA4sLKgvb7CBIHY2x1c3Rlcg
356	Rosa	Cluster	Zuckerzeit	LIKE	4:07	Xaw33RukWgg	FEmusic_library_privately_owned_release_detailb_po_CKCA4sLKgvb7CBIKenVja2VyemVpdBoHY2x1c3RlciIDZ3Bt	FEmusic_library_privately_owned_artist_detaila_po_CKCA4sLKgvb7CBIHY2x1c3Rlcg
357	Caramba	Cluster	Zuckerzeit	INDIFFERENT	3:56	5lr6-zezDbY	FEmusic_library_privately_owned_release_detailb_po_CKCA4sLKgvb7CBIKenVja2VyemVpdBoHY2x1c3RlciIDZ3Bt	FEmusic_library_privately_owned_artist_detaila_po_CKCA4sLKgvb7CBIHY2x1c3Rlcg
358	Fotschi Tong	Cluster	Zuckerzeit	INDIFFERENT	4:17	ZbcVbDHDigI	FEmusic_library_privately_owned_release_detailb_po_CKCA4sLKgvb7CBIKenVja2VyemVpdBoHY2x1c3RlciIDZ3Bt	FEmusic_library_privately_owned_artist_detaila_po_CKCA4sLKgvb7CBIHY2x1c3Rlcg
359	Marzipan	Cluster	Zuckerzeit	INDIFFERENT	3:13	QJ8pmUvQXhg	FEmusic_library_privately_owned_release_detailb_po_CKCA4sLKgvb7CBIKenVja2VyemVpdBoHY2x1c3RlciIDZ3Bt	FEmusic_library_privately_owned_artist_detaila_po_CKCA4sLKgvb7CBIHY2x1c3Rlcg
360	Brown Rice	Don Cherry	Brown Rice	LIKE	5:15	bIIY8jSIaeI	FEmusic_library_privately_owned_release_detailb_po_CKCA4sLKgvb7CBIKYnJvd24gcmljZRoKZG9uIGNoZXJyeSIDZ3Bt	FEmusic_library_privately_owned_artist_detaila_po_CKCA4sLKgvb7CBIKZG9uIGNoZXJyeQ
361	Malkauns	Don Cherry	Brown Rice	INDIFFERENT	13:59	CGny5kjZ16w	FEmusic_library_privately_owned_release_detailb_po_CKCA4sLKgvb7CBIKYnJvd24gcmljZRoKZG9uIGNoZXJyeSIDZ3Bt	FEmusic_library_privately_owned_artist_detaila_po_CKCA4sLKgvb7CBIKZG9uIGNoZXJyeQ
362	Chenrezig	Don Cherry	Brown Rice	INDIFFERENT	12:51	BToJCPjlC-s	FEmusic_library_privately_owned_release_detailb_po_CKCA4sLKgvb7CBIKYnJvd24gcmljZRoKZG9uIGNoZXJyeSIDZ3Bt	FEmusic_library_privately_owned_artist_detaila_po_CKCA4sLKgvb7CBIKZG9uIGNoZXJyeQ
363	Aran	Christopher Hobbs	Ensemble Pieces	LIKE	3:38	gGT8R4VS_u4	FEmusic_library_privately_owned_release_detailb_po_CKCA4sLKgvb7CBIPZW5zZW1ibGUgcGllY2VzGiljaHJpc3RvcGhlciBob2JicyBqb2huIGFkYW1zIGdhdmluIGJyeWFycyIDZ3Bt	FEmusic_library_privately_owned_artist_detaila_po_CKCA4sLKgvb7CBIRY2hyaXN0b3BoZXIgaG9iYnM
364	American Standard - a. John Philip Sousa; b. Christian Zeal And Activity c. Sentimentals	John Adams	Ensemble Pieces	INDIFFERENT	18:20	9OvK_Aey7h0	FEmusic_library_privately_owned_release_detailb_po_CKCA4sLKgvb7CBIPZW5zZW1ibGUgcGllY2VzGiljaHJpc3RvcGhlciBob2JicyBqb2huIGFkYW1zIGdhdmluIGJyeWFycyIDZ3Bt	FEmusic_library_privately_owned_artist_detaila_po_CKCA4sLKgvb7CBIKam9obiBhZGFtcw
365	McCrimmon Will Never Return	Christopher Hobbs	Ensemble Pieces	INDIFFERENT	9:00	jw6RNSFKRDs	FEmusic_library_privately_owned_release_detailb_po_CKCA4sLKgvb7CBIPZW5zZW1ibGUgcGllY2VzGiljaHJpc3RvcGhlciBob2JicyBqb2huIGFkYW1zIGdhdmluIGJyeWFycyIDZ3Bt	FEmusic_library_privately_owned_artist_detaila_po_CKCA4sLKgvb7CBIRY2hyaXN0b3BoZXIgaG9iYnM
366	1, 2, 1-2-3-4	Gavin Bryars	Ensemble Pieces	INDIFFERENT	14:28	Twb_Px2PkIU	FEmusic_library_privately_owned_release_detailb_po_CKCA4sLKgvb7CBIPZW5zZW1ibGUgcGllY2VzGiljaHJpc3RvcGhlciBob2JicyBqb2huIGFkYW1zIGdhdmluIGJyeWFycyIDZ3Bt	FEmusic_library_privately_owned_artist_detaila_po_CKCA4sLKgvb7CBIMZ2F2aW4gYnJ5YXJz
367	Wind on Water	Fripp & Eno	Evening Star	INDIFFERENT	5:32	9WMwm7oINeM	FEmusic_library_privately_owned_release_detailb_po_CKCA4sLKgvb7CBIMZXZlbmluZyBzdGFyGg1mcmlwcCBhbmQgZW5vIgNncG0	FEmusic_library_privately_owned_artist_detaila_po_CKCA4sLKgvb7CBINZnJpcHAgYW5kIGVubw
368	Evening Star	Fripp & Eno	Evening Star	LIKE	7:49	1PFmLXN1z3A	FEmusic_library_privately_owned_release_detailb_po_CKCA4sLKgvb7CBIMZXZlbmluZyBzdGFyGg1mcmlwcCBhbmQgZW5vIgNncG0	FEmusic_library_privately_owned_artist_detaila_po_CKCA4sLKgvb7CBINZnJpcHAgYW5kIGVubw
369	Evensong	Fripp & Eno	Evening Star	LIKE	2:53	6c1CuE4vHsg	FEmusic_library_privately_owned_release_detailb_po_CKCA4sLKgvb7CBIMZXZlbmluZyBzdGFyGg1mcmlwcCBhbmQgZW5vIgNncG0	FEmusic_library_privately_owned_artist_detaila_po_CKCA4sLKgvb7CBINZnJpcHAgYW5kIGVubw
370	Wind on Wind	Fripp & Eno	Evening Star	LIKE	3:11	tM5xXtur1TE	FEmusic_library_privately_owned_release_detailb_po_CKCA4sLKgvb7CBIMZXZlbmluZyBzdGFyGg1mcmlwcCBhbmQgZW5vIgNncG0	FEmusic_library_privately_owned_artist_detaila_po_CKCA4sLKgvb7CBINZnJpcHAgYW5kIGVubw
371	An Index of Metals	Fripp & Eno	Evening Star	INDIFFERENT	28:45	ZeFSUkztm1g	FEmusic_library_privately_owned_release_detailb_po_CKCA4sLKgvb7CBIMZXZlbmluZyBzdGFyGg1mcmlwcCBhbmQgZW5vIgNncG0	FEmusic_library_privately_owned_artist_detaila_po_CKCA4sLKgvb7CBINZnJpcHAgYW5kIGVubw
372	Liturgy of crystal	Tashi: Peter Serkin,piano - Ida Kavafian,violin - Fred Sherry,cello - Richard Stoltzman,clarinet	Messiaen: Quartet for the end of time	INDIFFERENT	2:24	f2vu9ejED-4	FEmusic_library_privately_owned_release_detailb_po_CKCA4sLKgvb7CBIkbWVzc2lhZW4gcXVhcnRldCBmb3IgdGhlIGVuZCBvZiB0aW1lGlV0YXNoaSBwZXRlciBzZXJraW5waWFubyBpZGEga2F2YWZpYW52aW9saW4gZnJlZCBzaGVycnljZWxsbyByaWNoYXJkIHN0b2x0em1hbmNsYXJpbmV0IgNncG0	FEmusic_library_privately_owned_artist_detaila_po_CKCA4sLKgvb7CBJVdGFzaGkgcGV0ZXIgc2Vya2lucGlhbm8gaWRhIGthdmFmaWFudmlvbGluIGZyZWQgc2hlcnJ5Y2VsbG8gcmljaGFyZCBzdG9sdHptYW5jbGFyaW5ldA
373	One of These Nights	Eagles	One of These Nights	LIKE	4:51	iEy5iZZhjm4	FEmusic_library_privately_owned_release_detailb_po_CKCA4sLKgvb7CBITb25lIG9mIHRoZXNlIG5pZ2h0cxoGZWFnbGVzIgNncG0	FEmusic_library_privately_owned_artist_detaila_po_CKCA4sLKgvb7CBIGZWFnbGVz
374	Too Many Hands	Eagles	One of These Nights	INDIFFERENT	4:40	SK6sItrpGQo	FEmusic_library_privately_owned_release_detailb_po_CKCA4sLKgvb7CBITb25lIG9mIHRoZXNlIG5pZ2h0cxoGZWFnbGVzIgNncG0	FEmusic_library_privately_owned_artist_detaila_po_CKCA4sLKgvb7CBIGZWFnbGVz
375	Hollywood Waltz	Eagles	One of These Nights	INDIFFERENT	4:01	j2mim0dHkWA	FEmusic_library_privately_owned_release_detailb_po_CKCA4sLKgvb7CBITb25lIG9mIHRoZXNlIG5pZ2h0cxoGZWFnbGVzIgNncG0	FEmusic_library_privately_owned_artist_detaila_po_CKCA4sLKgvb7CBIGZWFnbGVz
376	Journey of the Sorcerer	Eagles	One of These Nights	INDIFFERENT	6:38	o0UMzyedGH8	FEmusic_library_privately_owned_release_detailb_po_CKCA4sLKgvb7CBITb25lIG9mIHRoZXNlIG5pZ2h0cxoGZWFnbGVzIgNncG0	FEmusic_library_privately_owned_artist_detaila_po_CKCA4sLKgvb7CBIGZWFnbGVz
377	Lyin' Eyes	Eagles	One of These Nights	LIKE	6:22	gu_tAglN9ZQ	FEmusic_library_privately_owned_release_detailb_po_CKCA4sLKgvb7CBITb25lIG9mIHRoZXNlIG5pZ2h0cxoGZWFnbGVzIgNncG0	FEmusic_library_privately_owned_artist_detaila_po_CKCA4sLKgvb7CBIGZWFnbGVz
378	Take It to the Limit	Eagles	One of These Nights	LIKE	4:46	jU0iDqsWLZo	FEmusic_library_privately_owned_release_detailb_po_CKCA4sLKgvb7CBITb25lIG9mIHRoZXNlIG5pZ2h0cxoGZWFnbGVzIgNncG0	FEmusic_library_privately_owned_artist_detaila_po_CKCA4sLKgvb7CBIGZWFnbGVz
379	Visions	Eagles	One of These Nights	INDIFFERENT	3:58	SENwa5UJQ98	FEmusic_library_privately_owned_release_detailb_po_CKCA4sLKgvb7CBITb25lIG9mIHRoZXNlIG5pZ2h0cxoGZWFnbGVzIgNncG0	FEmusic_library_privately_owned_artist_detaila_po_CKCA4sLKgvb7CBIGZWFnbGVz
380	After the Thrill Is Gone	Eagles	One of These Nights	INDIFFERENT	3:56	H8LkxlEyWDE	FEmusic_library_privately_owned_release_detailb_po_CKCA4sLKgvb7CBITb25lIG9mIHRoZXNlIG5pZ2h0cxoGZWFnbGVzIgNncG0	FEmusic_library_privately_owned_artist_detaila_po_CKCA4sLKgvb7CBIGZWFnbGVz
381	I Wish You Peace	Eagles	One of These Nights	INDIFFERENT	3:45	9RD5vjEACSo	FEmusic_library_privately_owned_release_detailb_po_CKCA4sLKgvb7CBITb25lIG9mIHRoZXNlIG5pZ2h0cxoGZWFnbGVzIgNncG0	FEmusic_library_privately_owned_artist_detaila_po_CKCA4sLKgvb7CBIGZWFnbGVz
382	Düsseldorf	La Düsseldorf	La Düsseldorf	INDIFFERENT	13:18	OlkloKISp68	FEmusic_library_privately_owned_release_detailb_po_CKCA4sLKgvb7CBINbGEgZHVzc2VsZG9yZhoNbGEgZHVzc2VsZG9yZiIDZ3Bt	FEmusic_library_privately_owned_artist_detaila_po_CKCA4sLKgvb7CBINbGEgZHVzc2VsZG9yZg
383	La Düsseldorf	La Düsseldorf	La Düsseldorf	INDIFFERENT	4:29	c53UiyrgudM	FEmusic_library_privately_owned_release_detailb_po_CKCA4sLKgvb7CBINbGEgZHVzc2VsZG9yZhoNbGEgZHVzc2VsZG9yZiIDZ3Bt	FEmusic_library_privately_owned_artist_detaila_po_CKCA4sLKgvb7CBINbGEgZHVzc2VsZG9yZg
384	Silver Cloud	La Düsseldorf	La Düsseldorf	INDIFFERENT	8:02	YjHkWcPxjbo	FEmusic_library_privately_owned_release_detailb_po_CKCA4sLKgvb7CBINbGEgZHVzc2VsZG9yZhoNbGEgZHVzc2VsZG9yZiIDZ3Bt	FEmusic_library_privately_owned_artist_detaila_po_CKCA4sLKgvb7CBINbGEgZHVzc2VsZG9yZg
385	Time	La Düsseldorf	La Düsseldorf	INDIFFERENT	9:25	VR2Q_9Xquv0	FEmusic_library_privately_owned_release_detailb_po_CKCA4sLKgvb7CBINbGEgZHVzc2VsZG9yZhoNbGEgZHVzc2VsZG9yZiIDZ3Bt	FEmusic_library_privately_owned_artist_detaila_po_CKCA4sLKgvb7CBINbGEgZHVzc2VsZG9yZg
386	Blitzkrieg Bop	Ramones	Ramones	LIKE	2:12	NKpFnVklQDk	FEmusic_library_privately_owned_release_detailb_po_CKCA4sLKgvb7CBIHcmFtb25lcxoHcmFtb25lcyIDZ3Bt	FEmusic_library_privately_owned_artist_detaila_po_CKCA4sLKgvb7CBIHcmFtb25lcw
387	Beat on the Brat	Ramones	Ramones	LIKE	2:31	1njDUCNKgMM	FEmusic_library_privately_owned_release_detailb_po_CKCA4sLKgvb7CBIHcmFtb25lcxoHcmFtb25lcyIDZ3Bt	FEmusic_library_privately_owned_artist_detaila_po_CKCA4sLKgvb7CBIHcmFtb25lcw
388	Judy Is a Punk	Ramones	Ramones	LIKE	1:32	dN3qhuLAFFA	FEmusic_library_privately_owned_release_detailb_po_CKCA4sLKgvb7CBIHcmFtb25lcxoHcmFtb25lcyIDZ3Bt	FEmusic_library_privately_owned_artist_detaila_po_CKCA4sLKgvb7CBIHcmFtb25lcw
389	I Wanna Be Your Boyfriend	Ramones	Ramones	INDIFFERENT	2:24	XVvzY97yKWQ	FEmusic_library_privately_owned_release_detailb_po_CKCA4sLKgvb7CBIHcmFtb25lcxoHcmFtb25lcyIDZ3Bt	FEmusic_library_privately_owned_artist_detaila_po_CKCA4sLKgvb7CBIHcmFtb25lcw
390	Chain Saw	Ramones	Ramones	INDIFFERENT	1:56	Ty7uyxeLOMc	FEmusic_library_privately_owned_release_detailb_po_CKCA4sLKgvb7CBIHcmFtb25lcxoHcmFtb25lcyIDZ3Bt	FEmusic_library_privately_owned_artist_detaila_po_CKCA4sLKgvb7CBIHcmFtb25lcw
391	Now I Wanna Sniff Some Glue	Ramones	Ramones	LIKE	1:35	8Q2CVC1I1HU	FEmusic_library_privately_owned_release_detailb_po_CKCA4sLKgvb7CBIHcmFtb25lcxoHcmFtb25lcyIDZ3Bt	FEmusic_library_privately_owned_artist_detaila_po_CKCA4sLKgvb7CBIHcmFtb25lcw
392	I Don’t Wanna Go Down to the Basement	Ramones	Ramones	INDIFFERENT	2:40	F416rpUxYSk	FEmusic_library_privately_owned_release_detailb_po_CKCA4sLKgvb7CBIHcmFtb25lcxoHcmFtb25lcyIDZ3Bt	FEmusic_library_privately_owned_artist_detaila_po_CKCA4sLKgvb7CBIHcmFtb25lcw
393	Havana Affair	Ramones	Ramones	LIKE	1:57	oR6V7ibeNSU	FEmusic_library_privately_owned_release_detailb_po_CKCA4sLKgvb7CBIHcmFtb25lcxoHcmFtb25lcyIDZ3Bt	FEmusic_library_privately_owned_artist_detaila_po_CKCA4sLKgvb7CBIHcmFtb25lcw
394	I Don’t Wanna Walk Around With You	Ramones	Ramones	INDIFFERENT	1:43	dVAxNcQt9lc	FEmusic_library_privately_owned_release_detailb_po_CKCA4sLKgvb7CBIHcmFtb25lcxoHcmFtb25lcyIDZ3Bt	FEmusic_library_privately_owned_artist_detaila_po_CKCA4sLKgvb7CBIHcmFtb25lcw
395	It Could Happen To You	Ryo Fukui	Scenery	INDIFFERENT	4:16	2-8Aq8uQmFs	FEmusic_library_privately_owned_release_detailb_po_CKCA4sLKgvb7CBIHc2NlbmVyeRoJcnlvIGZ1a3VpIgNncG0	FEmusic_library_privately_owned_artist_detaila_po_CKCA4sLKgvb7CBIJcnlvIGZ1a3Vp
396	I Want To Talk About You	Ryo Fukui	Scenery	LIKE	6:32	wPGm9pb4Om4	FEmusic_library_privately_owned_release_detailb_po_CKCA4sLKgvb7CBIHc2NlbmVyeRoJcnlvIGZ1a3VpIgNncG0	FEmusic_library_privately_owned_artist_detaila_po_CKCA4sLKgvb7CBIJcnlvIGZ1a3Vp
397	Early Summer	Ryo Fukui	Scenery	INDIFFERENT	10:44	cGVdSur2lGg	FEmusic_library_privately_owned_release_detailb_po_CKCA4sLKgvb7CBIHc2NlbmVyeRoJcnlvIGZ1a3VpIgNncG0	FEmusic_library_privately_owned_artist_detaila_po_CKCA4sLKgvb7CBIJcnlvIGZ1a3Vp
398	Willow Weep For Me	Ryo Fukui	Scenery	INDIFFERENT	7:43	swDMhpHhgb0	FEmusic_library_privately_owned_release_detailb_po_CKCA4sLKgvb7CBIHc2NlbmVyeRoJcnlvIGZ1a3VpIgNncG0	FEmusic_library_privately_owned_artist_detaila_po_CKCA4sLKgvb7CBIJcnlvIGZ1a3Vp
399	Autumn Leaves	Ryo Fukui	Scenery	INDIFFERENT	6:31	cLJSIBcV2YA	FEmusic_library_privately_owned_release_detailb_po_CKCA4sLKgvb7CBIHc2NlbmVyeRoJcnlvIGZ1a3VpIgNncG0	FEmusic_library_privately_owned_artist_detaila_po_CKCA4sLKgvb7CBIJcnlvIGZ1a3Vp
400	Scenery	Ryo Fukui	Scenery	LIKE	5:31	VQbIH-39kog	FEmusic_library_privately_owned_release_detailb_po_CKCA4sLKgvb7CBIHc2NlbmVyeRoJcnlvIGZ1a3VpIgNncG0	FEmusic_library_privately_owned_artist_detaila_po_CKCA4sLKgvb7CBIJcnlvIGZ1a3Vp
401	Station to Station	David Bowie	Station to Station	INDIFFERENT	10:17	_yNyNT6j5m0	FEmusic_library_privately_owned_release_detailb_po_CKCA4sLKgvb7CBISc3RhdGlvbiB0byBzdGF0aW9uGgtkYXZpZCBib3dpZSIDZ3Bt	FEmusic_library_privately_owned_artist_detaila_po_CKCA4sLKgvb7CBILZGF2aWQgYm93aWU
402	Word on a Wing	David Bowie	Station to Station	INDIFFERENT	6:04	6NwiRdoUrjg	FEmusic_library_privately_owned_release_detailb_po_CKCA4sLKgvb7CBISc3RhdGlvbiB0byBzdGF0aW9uGgtkYXZpZCBib3dpZSIDZ3Bt	FEmusic_library_privately_owned_artist_detaila_po_CKCA4sLKgvb7CBILZGF2aWQgYm93aWU
403	TVC 15	David Bowie	Station to Station	INDIFFERENT	5:32	xZeSwI885hQ	FEmusic_library_privately_owned_release_detailb_po_CKCA4sLKgvb7CBISc3RhdGlvbiB0byBzdGF0aW9uGgtkYXZpZCBib3dpZSIDZ3Bt	FEmusic_library_privately_owned_artist_detaila_po_CKCA4sLKgvb7CBILZGF2aWQgYm93aWU
404	Stay	David Bowie	Station to Station	INDIFFERENT	6:16	Cs0ltWICDBs	FEmusic_library_privately_owned_release_detailb_po_CKCA4sLKgvb7CBISc3RhdGlvbiB0byBzdGF0aW9uGgtkYXZpZCBib3dpZSIDZ3Bt	FEmusic_library_privately_owned_artist_detaila_po_CKCA4sLKgvb7CBILZGF2aWQgYm93aWU
405	Wild Is the Wind	David Bowie	Station to Station	LIKE	6:06	jk-wqPB07uo	FEmusic_library_privately_owned_release_detailb_po_CKCA4sLKgvb7CBISc3RhdGlvbiB0byBzdGF0aW9uGgtkYXZpZCBib3dpZSIDZ3Bt	FEmusic_library_privately_owned_artist_detaila_po_CKCA4sLKgvb7CBILZGF2aWQgYm93aWU
406	Mix Up	The Gladiators	Trench Town Mix Up	INDIFFERENT	3:04	wAWhwjhYXPk	FEmusic_library_privately_owned_release_detailb_po_CKCA4sLKgvb7CBISdHJlbmNoIHRvd24gbWl4IHVwGgpnbGFkaWF0b3JzIgNncG0	FEmusic_library_privately_owned_artist_detaila_po_CKCA4sLKgvb7CBIKZ2xhZGlhdG9ycw
407	Bellyfull	The Gladiators	Trench Town Mix Up	INDIFFERENT	2:21	uHDW6gsN6xk	FEmusic_library_privately_owned_release_detailb_po_CKCA4sLKgvb7CBISdHJlbmNoIHRvd24gbWl4IHVwGgpnbGFkaWF0b3JzIgNncG0	FEmusic_library_privately_owned_artist_detaila_po_CKCA4sLKgvb7CBIKZ2xhZGlhdG9ycw
408	Looks Is Deceiving	The Gladiators	Trench Town Mix Up	INDIFFERENT	2:34	IjR6XQKDRYQ	FEmusic_library_privately_owned_release_detailb_po_CKCA4sLKgvb7CBISdHJlbmNoIHRvd24gbWl4IHVwGgpnbGFkaWF0b3JzIgNncG0	FEmusic_library_privately_owned_artist_detaila_po_CKCA4sLKgvb7CBIKZ2xhZGlhdG9ycw
409	Chatty Chatty Mouth	The Gladiators	Trench Town Mix Up	LIKE	3:21	1OUEqeu7miQ	FEmusic_library_privately_owned_release_detailb_po_CKCA4sLKgvb7CBISdHJlbmNoIHRvd24gbWl4IHVwGgpnbGFkaWF0b3JzIgNncG0	FEmusic_library_privately_owned_artist_detaila_po_CKCA4sLKgvb7CBIKZ2xhZGlhdG9ycw
410	Soul Rebel	The Gladiators	Trench Town Mix Up	INDIFFERENT	3:59	VrvoIv57Tbc	FEmusic_library_privately_owned_release_detailb_po_CKCA4sLKgvb7CBISdHJlbmNoIHRvd24gbWl4IHVwGgpnbGFkaWF0b3JzIgNncG0	FEmusic_library_privately_owned_artist_detaila_po_CKCA4sLKgvb7CBIKZ2xhZGlhdG9ycw
411	Eli Eli	The Gladiators	Trench Town Mix Up	INDIFFERENT	3:07	YRQNIFinfew	FEmusic_library_privately_owned_release_detailb_po_CKCA4sLKgvb7CBISdHJlbmNoIHRvd24gbWl4IHVwGgpnbGFkaWF0b3JzIgNncG0	FEmusic_library_privately_owned_artist_detaila_po_CKCA4sLKgvb7CBIKZ2xhZGlhdG9ycw
412	Hearsay	The Gladiators	Trench Town Mix Up	LIKE	3:13	S36fLqmtsTo	FEmusic_library_privately_owned_release_detailb_po_CKCA4sLKgvb7CBISdHJlbmNoIHRvd24gbWl4IHVwGgpnbGFkaWF0b3JzIgNncG0	FEmusic_library_privately_owned_artist_detaila_po_CKCA4sLKgvb7CBIKZ2xhZGlhdG9ycw
413	Rude Boy Ska	The Gladiators	Trench Town Mix Up	INDIFFERENT	2:32	P0N7_Ps7Ouo	FEmusic_library_privately_owned_release_detailb_po_CKCA4sLKgvb7CBISdHJlbmNoIHRvd24gbWl4IHVwGgpnbGFkaWF0b3JzIgNncG0	FEmusic_library_privately_owned_artist_detaila_po_CKCA4sLKgvb7CBIKZ2xhZGlhdG9ycw
414	Know Yourself Mankind	The Gladiators	Trench Town Mix Up	INDIFFERENT	2:53	PgBfC3D8yhY	FEmusic_library_privately_owned_release_detailb_po_CKCA4sLKgvb7CBISdHJlbmNoIHRvd24gbWl4IHVwGgpnbGFkaWF0b3JzIgNncG0	FEmusic_library_privately_owned_artist_detaila_po_CKCA4sLKgvb7CBIKZ2xhZGlhdG9ycw
415	Thief in the Night	The Gladiators	Trench Town Mix Up	INDIFFERENT	3:42	1gwoT24KlNk	FEmusic_library_privately_owned_release_detailb_po_CKCA4sLKgvb7CBISdHJlbmNoIHRvd24gbWl4IHVwGgpnbGFkaWF0b3JzIgNncG0	FEmusic_library_privately_owned_artist_detaila_po_CKCA4sLKgvb7CBIKZ2xhZGlhdG9ycw
416	One Step Forward	Max Romeo & The Upsetters	War Ina Babylon - Collector's Edition	LIKE	5:11	NGB2rHExTCY	FEmusic_library_privately_owned_release_detailb_po_CKCA4sLKgvb7CBIid2FyIGluYSBiYWJ5bG9uIGNvbGxlY3RvcnMgZWRpdGlvbhobbWF4IHJvbWVvIGFuZCB0aGUgdXBzZXR0ZXJzIgNncG0	FEmusic_library_privately_owned_artist_detaila_po_CKCA4sLKgvb7CBIbbWF4IHJvbWVvIGFuZCB0aGUgdXBzZXR0ZXJz
417	I Chase the Devil	Max Romeo & The Upsetters	War Ina Babylon - Collector's Edition	INDIFFERENT	3:26	Vq7DJ8RZpVs	FEmusic_library_privately_owned_release_detailb_po_CKCA4sLKgvb7CBIid2FyIGluYSBiYWJ5bG9uIGNvbGxlY3RvcnMgZWRpdGlvbhobbWF4IHJvbWVvIGFuZCB0aGUgdXBzZXR0ZXJzIgNncG0	FEmusic_library_privately_owned_artist_detaila_po_CKCA4sLKgvb7CBIbbWF4IHJvbWVvIGFuZCB0aGUgdXBzZXR0ZXJz
418	War in a Babylon	Max Romeo & The Upsetters	War Ina Babylon - Collector's Edition	INDIFFERENT	4:50	PRod9Eo0Qic	FEmusic_library_privately_owned_release_detailb_po_CKCA4sLKgvb7CBIid2FyIGluYSBiYWJ5bG9uIGNvbGxlY3RvcnMgZWRpdGlvbhobbWF4IHJvbWVvIGFuZCB0aGUgdXBzZXR0ZXJzIgNncG0	FEmusic_library_privately_owned_artist_detaila_po_CKCA4sLKgvb7CBIbbWF4IHJvbWVvIGFuZCB0aGUgdXBzZXR0ZXJz
419	Stealing in the Name of Jah	Max Romeo & The Upsetters	War Ina Babylon - Collector's Edition	INDIFFERENT	3:05	ZeqPmWzRI-E	FEmusic_library_privately_owned_release_detailb_po_CKCA4sLKgvb7CBIid2FyIGluYSBiYWJ5bG9uIGNvbGxlY3RvcnMgZWRpdGlvbhobbWF4IHJvbWVvIGFuZCB0aGUgdXBzZXR0ZXJzIgNncG0	FEmusic_library_privately_owned_artist_detaila_po_CKCA4sLKgvb7CBIbbWF4IHJvbWVvIGFuZCB0aGUgdXBzZXR0ZXJz
420	Smokey Room	Max Romeo & The Upsetters	War Ina Babylon - Collector's Edition	INDIFFERENT	3:03	b3qia5VnIiw	FEmusic_library_privately_owned_release_detailb_po_CKCA4sLKgvb7CBIid2FyIGluYSBiYWJ5bG9uIGNvbGxlY3RvcnMgZWRpdGlvbhobbWF4IHJvbWVvIGFuZCB0aGUgdXBzZXR0ZXJzIgNncG0	FEmusic_library_privately_owned_artist_detaila_po_CKCA4sLKgvb7CBIbbWF4IHJvbWVvIGFuZCB0aGUgdXBzZXR0ZXJz
421	Smile Out of Style	Max Romeo & The Upsetters	War Ina Babylon - Collector's Edition	INDIFFERENT	3:32	D_jyWSj3BLg	FEmusic_library_privately_owned_release_detailb_po_CKCA4sLKgvb7CBIid2FyIGluYSBiYWJ5bG9uIGNvbGxlY3RvcnMgZWRpdGlvbhobbWF4IHJvbWVvIGFuZCB0aGUgdXBzZXR0ZXJzIgNncG0	FEmusic_library_privately_owned_artist_detaila_po_CKCA4sLKgvb7CBIbbWF4IHJvbWVvIGFuZCB0aGUgdXBzZXR0ZXJz
422	One Step Forward (single version)	Max Romeo & The Upsetters	War Ina Babylon - Collector's Edition	LIKE	3:36	LhsnAhZ-j4Q	FEmusic_library_privately_owned_release_detailb_po_CKCA4sLKgvb7CBIid2FyIGluYSBiYWJ5bG9uIGNvbGxlY3RvcnMgZWRpdGlvbhobbWF4IHJvbWVvIGFuZCB0aGUgdXBzZXR0ZXJzIgNncG0	FEmusic_library_privately_owned_artist_detaila_po_CKCA4sLKgvb7CBIbbWF4IHJvbWVvIGFuZCB0aGUgdXBzZXR0ZXJz
423	One Step Dub	Max Romeo & The Upsetters	War Ina Babylon - Collector's Edition	INDIFFERENT	3:13	_xtAwWLEAd8	FEmusic_library_privately_owned_release_detailb_po_CKCA4sLKgvb7CBIid2FyIGluYSBiYWJ5bG9uIGNvbGxlY3RvcnMgZWRpdGlvbhobbWF4IHJvbWVvIGFuZCB0aGUgdXBzZXR0ZXJzIgNncG0	FEmusic_library_privately_owned_artist_detaila_po_CKCA4sLKgvb7CBIbbWF4IHJvbWVvIGFuZCB0aGUgdXBzZXR0ZXJz
424	Beauty and the Beast	David Bowie	“Heroes”	INDIFFERENT	3:38	uQZBTlC1Xnw	FEmusic_library_privately_owned_release_detailb_po_CKCA4sLKgvb7CBIM4oCcaGVyb2Vz4oCdGgtkYXZpZCBib3dpZSIDZ3Bt	FEmusic_library_privately_owned_artist_detaila_po_CKCA4sLKgvb7CBILZGF2aWQgYm93aWU
425	“Heroes”	David Bowie	“Heroes”	LIKE	6:11	FpLheRMc7fU	FEmusic_library_privately_owned_release_detailb_po_CKCA4sLKgvb7CBIM4oCcaGVyb2Vz4oCdGgtkYXZpZCBib3dpZSIDZ3Bt	FEmusic_library_privately_owned_artist_detaila_po_CKCA4sLKgvb7CBILZGF2aWQgYm93aWU
426	Sons of the Silent Age	David Bowie	“Heroes”	INDIFFERENT	3:19	NXkp3GFuT-c	FEmusic_library_privately_owned_release_detailb_po_CKCA4sLKgvb7CBIM4oCcaGVyb2Vz4oCdGgtkYXZpZCBib3dpZSIDZ3Bt	FEmusic_library_privately_owned_artist_detaila_po_CKCA4sLKgvb7CBILZGF2aWQgYm93aWU
427	V‐2 Schneider	David Bowie	“Heroes”	LIKE	3:11	chVgKmaJpOw	FEmusic_library_privately_owned_release_detailb_po_CKCA4sLKgvb7CBIM4oCcaGVyb2Vz4oCdGgtkYXZpZCBib3dpZSIDZ3Bt	FEmusic_library_privately_owned_artist_detaila_po_CKCA4sLKgvb7CBILZGF2aWQgYm93aWU
428	Sense of Doubt	David Bowie	“Heroes”	LIKE	3:57	8FkavGo4OEE	FEmusic_library_privately_owned_release_detailb_po_CKCA4sLKgvb7CBIM4oCcaGVyb2Vz4oCdGgtkYXZpZCBib3dpZSIDZ3Bt	FEmusic_library_privately_owned_artist_detaila_po_CKCA4sLKgvb7CBILZGF2aWQgYm93aWU
429	Moss Garden	David Bowie	“Heroes”	LIKE	5:05	pmBWS0PjKK8	FEmusic_library_privately_owned_release_detailb_po_CKCA4sLKgvb7CBIM4oCcaGVyb2Vz4oCdGgtkYXZpZCBib3dpZSIDZ3Bt	FEmusic_library_privately_owned_artist_detaila_po_CKCA4sLKgvb7CBILZGF2aWQgYm93aWU
430	Neuköln	David Bowie	“Heroes”	INDIFFERENT	4:34	Xh12g1M27kQ	FEmusic_library_privately_owned_release_detailb_po_CKCA4sLKgvb7CBIM4oCcaGVyb2Vz4oCdGgtkYXZpZCBib3dpZSIDZ3Bt	FEmusic_library_privately_owned_artist_detaila_po_CKCA4sLKgvb7CBILZGF2aWQgYm93aWU
431	The Secret Life of Arabia	David Bowie	“Heroes”	INDIFFERENT	3:50	Zcgj8Cw2xU4	FEmusic_library_privately_owned_release_detailb_po_CKCA4sLKgvb7CBIM4oCcaGVyb2Vz4oCdGgtkYXZpZCBib3dpZSIDZ3Bt	FEmusic_library_privately_owned_artist_detaila_po_CKCA4sLKgvb7CBILZGF2aWQgYm93aWU
432	New Pleasure	Richard Hell & The Voidoids	Blank Generation	INDIFFERENT	1:57	hvGRTu45zN8	FEmusic_library_privately_owned_release_detailb_po_CKCA4sLKgvb7CBIQYmxhbmsgZ2VuZXJhdGlvbhodcmljaGFyZCBoZWxsIGFuZCB0aGUgdm9pZG9pZHMiA2dwbQ	FEmusic_library_privately_owned_artist_detaila_po_CKCA4sLKgvb7CBIdcmljaGFyZCBoZWxsIGFuZCB0aGUgdm9pZG9pZHM
433	Betrayal Takes Two	Richard Hell & The Voidoids	Blank Generation	INDIFFERENT	3:37	Hk9HHA94610	FEmusic_library_privately_owned_release_detailb_po_CKCA4sLKgvb7CBIQYmxhbmsgZ2VuZXJhdGlvbhodcmljaGFyZCBoZWxsIGFuZCB0aGUgdm9pZG9pZHMiA2dwbQ	FEmusic_library_privately_owned_artist_detaila_po_CKCA4sLKgvb7CBIdcmljaGFyZCBoZWxsIGFuZCB0aGUgdm9pZG9pZHM
434	Blank Generation	Richard Hell & The Voidoids	Blank Generation	LIKE	2:47	M97DJ6Xh9ak	FEmusic_library_privately_owned_release_detailb_po_CKCA4sLKgvb7CBIQYmxhbmsgZ2VuZXJhdGlvbhodcmljaGFyZCBoZWxsIGFuZCB0aGUgdm9pZG9pZHMiA2dwbQ	FEmusic_library_privately_owned_artist_detaila_po_CKCA4sLKgvb7CBIdcmljaGFyZCBoZWxsIGFuZCB0aGUgdm9pZG9pZHM
435	The Plan	Richard Hell & The Voidoids	Blank Generation	LIKE	3:56	ho55RPgUOT8	FEmusic_library_privately_owned_release_detailb_po_CKCA4sLKgvb7CBIQYmxhbmsgZ2VuZXJhdGlvbhodcmljaGFyZCBoZWxsIGFuZCB0aGUgdm9pZG9pZHMiA2dwbQ	FEmusic_library_privately_owned_artist_detaila_po_CKCA4sLKgvb7CBIdcmljaGFyZCBoZWxsIGFuZCB0aGUgdm9pZG9pZHM
436	I'm Your Man	Richard Hell & The Voidoids	Blank Generation	LIKE	2:55	4gfojL8SGQU	FEmusic_library_privately_owned_release_detailb_po_CKCA4sLKgvb7CBIQYmxhbmsgZ2VuZXJhdGlvbhodcmljaGFyZCBoZWxsIGFuZCB0aGUgdm9pZG9pZHMiA2dwbQ	FEmusic_library_privately_owned_artist_detaila_po_CKCA4sLKgvb7CBIdcmljaGFyZCBoZWxsIGFuZCB0aGUgdm9pZG9pZHM
437	All the Way	Richard Hell & The Voidoids	Blank Generation	INDIFFERENT	3:22	LWai3bSnL6Y	FEmusic_library_privately_owned_release_detailb_po_CKCA4sLKgvb7CBIQYmxhbmsgZ2VuZXJhdGlvbhodcmljaGFyZCBoZWxsIGFuZCB0aGUgdm9pZG9pZHMiA2dwbQ	FEmusic_library_privately_owned_artist_detaila_po_CKCA4sLKgvb7CBIdcmljaGFyZCBoZWxsIGFuZCB0aGUgdm9pZG9pZHM
438	Ghost Rider	Suicide	Suicide	INDIFFERENT	2:33	nJAOAMJl4gE	FEmusic_library_privately_owned_release_detailb_po_CKCA4sLKgvb7CBIHc3VpY2lkZRoHc3VpY2lkZSIDZ3Bt	FEmusic_library_privately_owned_artist_detaila_po_CKCA4sLKgvb7CBIHc3VpY2lkZQ
439	Rocket U.S.A.	Suicide	Suicide	INDIFFERENT	4:17	7nldAShuz1c	FEmusic_library_privately_owned_release_detailb_po_CKCA4sLKgvb7CBIHc3VpY2lkZRoHc3VpY2lkZSIDZ3Bt	FEmusic_library_privately_owned_artist_detaila_po_CKCA4sLKgvb7CBIHc3VpY2lkZQ
440	Cheree	Suicide	Suicide	LIKE	3:42	hKwQsE2p35I	FEmusic_library_privately_owned_release_detailb_po_CKCA4sLKgvb7CBIHc3VpY2lkZRoHc3VpY2lkZSIDZ3Bt	FEmusic_library_privately_owned_artist_detaila_po_CKCA4sLKgvb7CBIHc3VpY2lkZQ
441	Johnny	Suicide	Suicide	INDIFFERENT	2:10	Qyg66auC_rs	FEmusic_library_privately_owned_release_detailb_po_CKCA4sLKgvb7CBIHc3VpY2lkZRoHc3VpY2lkZSIDZ3Bt	FEmusic_library_privately_owned_artist_detaila_po_CKCA4sLKgvb7CBIHc3VpY2lkZQ
442	Girl	Suicide	Suicide	INDIFFERENT	4:06	G0piLf5zqVI	FEmusic_library_privately_owned_release_detailb_po_CKCA4sLKgvb7CBIHc3VpY2lkZRoHc3VpY2lkZSIDZ3Bt	FEmusic_library_privately_owned_artist_detaila_po_CKCA4sLKgvb7CBIHc3VpY2lkZQ
443	Frankie Teardrop	Suicide	Suicide	INDIFFERENT	10:25	FViDyEAT7pM	FEmusic_library_privately_owned_release_detailb_po_CKCA4sLKgvb7CBIHc3VpY2lkZRoHc3VpY2lkZSIDZ3Bt	FEmusic_library_privately_owned_artist_detaila_po_CKCA4sLKgvb7CBIHc3VpY2lkZQ
444	Ché	Suicide	Suicide	INDIFFERENT	4:51	-Hvg4yVhANs	FEmusic_library_privately_owned_release_detailb_po_CKCA4sLKgvb7CBIHc3VpY2lkZRoHc3VpY2lkZSIDZ3Bt	FEmusic_library_privately_owned_artist_detaila_po_CKCA4sLKgvb7CBIHc3VpY2lkZQ
445	Cheree (remix)	Suicide	Suicide	LIKE	3:47	lxhUDEfhPQc	FEmusic_library_privately_owned_release_detailb_po_CKCA4sLKgvb7CBIHc3VpY2lkZRoHc3VpY2lkZSIDZ3Bt	FEmusic_library_privately_owned_artist_detaila_po_CKCA4sLKgvb7CBIHc3VpY2lkZQ
446	Keep Your Dreams	Suicide	Suicide	INDIFFERENT	5:39	E7E-sbwlo5o	FEmusic_library_privately_owned_release_detailb_po_CKCA4sLKgvb7CBIHc3VpY2lkZRoHc3VpY2lkZSIDZ3Bt	FEmusic_library_privately_owned_artist_detaila_po_CKCA4sLKgvb7CBIHc3VpY2lkZQ
447	Her Reflection	Paul Lansky	Fantasies & Tableaux	INDIFFERENT	4:02	eChJ6rBCDUw	FEmusic_library_privately_owned_release_detailb_po_CKCA4sLKgvb7CBIWZmFudGFzaWVzIGFuZCB0YWJsZWF1eBoLcGF1bCBsYW5za3kiA2dwbQ	FEmusic_library_privately_owned_artist_detaila_po_CKCA4sLKgvb7CBILcGF1bCBsYW5za3k
448	Theme From “The Last Waltz”	The Band	The Last Waltz	LIKE	3:41	3grnIWbWUI4	FEmusic_library_privately_owned_release_detailb_po_CKCA4sLKgvb7CBIKbGFzdCB3YWx0ehoEYmFuZCIDZ3Bt	FEmusic_library_privately_owned_artist_detaila_po_CKCA4sLKgvb7CBIEYmFuZA
449	Up on Cripple Creek	The Band	The Last Waltz	INDIFFERENT	4:34	vSnuzzZzp4E	FEmusic_library_privately_owned_release_detailb_po_CKCA4sLKgvb7CBIKbGFzdCB3YWx0ehoEYmFuZCIDZ3Bt	FEmusic_library_privately_owned_artist_detaila_po_CKCA4sLKgvb7CBIEYmFuZA
450	Helpless	The Band	The Last Waltz	INDIFFERENT	5:49	dX7yZNBxn48	FEmusic_library_privately_owned_release_detailb_po_CKCA4sLKgvb7CBIKbGFzdCB3YWx0ehoEYmFuZCIDZ3Bt	FEmusic_library_privately_owned_artist_detaila_po_CKCA4sLKgvb7CBIEYmFuZA
451	Stagefright	The Band	The Last Waltz	INDIFFERENT	4:24	vW8Gf9TrZ0s	FEmusic_library_privately_owned_release_detailb_po_CKCA4sLKgvb7CBIKbGFzdCB3YWx0ehoEYmFuZCIDZ3Bt	FEmusic_library_privately_owned_artist_detaila_po_CKCA4sLKgvb7CBIEYmFuZA
452	It Makes No Difference	The Band	The Last Waltz	INDIFFERENT	6:49	2Bu-C0-Kr5M	FEmusic_library_privately_owned_release_detailb_po_CKCA4sLKgvb7CBIKbGFzdCB3YWx0ehoEYmFuZCIDZ3Bt	FEmusic_library_privately_owned_artist_detaila_po_CKCA4sLKgvb7CBIEYmFuZA
453	Such a Night	The Band	The Last Waltz	LIKE	4:03	Tvotcdq3xPM	FEmusic_library_privately_owned_release_detailb_po_CKCA4sLKgvb7CBIKbGFzdCB3YWx0ehoEYmFuZCIDZ3Bt	FEmusic_library_privately_owned_artist_detaila_po_CKCA4sLKgvb7CBIEYmFuZA
454	The Night They Drove Old Dixie Down	The Band	The Last Waltz	LIKE	4:21	jHlanCNkLGA	FEmusic_library_privately_owned_release_detailb_po_CKCA4sLKgvb7CBIKbGFzdCB3YWx0ehoEYmFuZCIDZ3Bt	FEmusic_library_privately_owned_artist_detaila_po_CKCA4sLKgvb7CBIEYmFuZA
455	Mannish Boy	The Band	The Last Waltz	INDIFFERENT	6:59	UCRaIs_jkCE	FEmusic_library_privately_owned_release_detailb_po_CKCA4sLKgvb7CBIKbGFzdCB3YWx0ehoEYmFuZCIDZ3Bt	FEmusic_library_privately_owned_artist_detaila_po_CKCA4sLKgvb7CBIEYmFuZA
456	Further on Up the Road	The Band	The Last Waltz	LIKE	5:03	efKF-Yo-pp8	FEmusic_library_privately_owned_release_detailb_po_CKCA4sLKgvb7CBIKbGFzdCB3YWx0ehoEYmFuZCIDZ3Bt	FEmusic_library_privately_owned_artist_detaila_po_CKCA4sLKgvb7CBIEYmFuZA
457	Shape I’m In	The Band	The Last Waltz	INDIFFERENT	4:08	ehyrwobbASo	FEmusic_library_privately_owned_release_detailb_po_CKCA4sLKgvb7CBIKbGFzdCB3YWx0ehoEYmFuZCIDZ3Bt	FEmusic_library_privately_owned_artist_detaila_po_CKCA4sLKgvb7CBIEYmFuZA
458	Ophelia	The Band	The Last Waltz	INDIFFERENT	3:58	TXrJmgShzVI	FEmusic_library_privately_owned_release_detailb_po_CKCA4sLKgvb7CBIKbGFzdCB3YWx0ehoEYmFuZCIDZ3Bt	FEmusic_library_privately_owned_artist_detaila_po_CKCA4sLKgvb7CBIEYmFuZA
459	Tura Lura Lural (That’s an Irish Lullaby)	The Band	The Last Waltz	INDIFFERENT	4:18	YHf9YXLi5XE	FEmusic_library_privately_owned_release_detailb_po_CKCA4sLKgvb7CBIKbGFzdCB3YWx0ehoEYmFuZCIDZ3Bt	FEmusic_library_privately_owned_artist_detaila_po_CKCA4sLKgvb7CBIEYmFuZA
460	Caravan	The Band	The Last Waltz	LIKE	5:56	-W3ru5XHVlQ	FEmusic_library_privately_owned_release_detailb_po_CKCA4sLKgvb7CBIKbGFzdCB3YWx0ehoEYmFuZCIDZ3Bt	FEmusic_library_privately_owned_artist_detaila_po_CKCA4sLKgvb7CBIEYmFuZA
461	Baby Let Me Follow You Down	The Band	The Last Waltz	INDIFFERENT	2:54	3b4w409sy20	FEmusic_library_privately_owned_release_detailb_po_CKCA4sLKgvb7CBIKbGFzdCB3YWx0ehoEYmFuZCIDZ3Bt	FEmusic_library_privately_owned_artist_detaila_po_CKCA4sLKgvb7CBIEYmFuZA
462	I Don’t Believe You (She Acts Like We Never Have Met)	The Band	The Last Waltz	INDIFFERENT	3:29	yu7FoTboGcg	FEmusic_library_privately_owned_release_detailb_po_CKCA4sLKgvb7CBIKbGFzdCB3YWx0ehoEYmFuZCIDZ3Bt	FEmusic_library_privately_owned_artist_detaila_po_CKCA4sLKgvb7CBIEYmFuZA
463	Forever Young	The Band	The Last Waltz	INDIFFERENT	4:34	I6gIyDHPm1c	FEmusic_library_privately_owned_release_detailb_po_CKCA4sLKgvb7CBIKbGFzdCB3YWx0ehoEYmFuZCIDZ3Bt	FEmusic_library_privately_owned_artist_detaila_po_CKCA4sLKgvb7CBIEYmFuZA
464	Baby Let Me Follow You Down (reprise)	The Band	The Last Waltz	INDIFFERENT	2:48	zspOak6s85c	FEmusic_library_privately_owned_release_detailb_po_CKCA4sLKgvb7CBIKbGFzdCB3YWx0ehoEYmFuZCIDZ3Bt	FEmusic_library_privately_owned_artist_detaila_po_CKCA4sLKgvb7CBIEYmFuZA
465	I Shall Be Released	The Band	The Last Waltz	LIKE	5:25	k8vsUvFiBPs	FEmusic_library_privately_owned_release_detailb_po_CKCA4sLKgvb7CBIKbGFzdCB3YWx0ehoEYmFuZCIDZ3Bt	FEmusic_library_privately_owned_artist_detaila_po_CKCA4sLKgvb7CBIEYmFuZA
466	The Last Waltz Suite: The Well	The Band	The Last Waltz	INDIFFERENT	3:30	_Yhq674A_gQ	FEmusic_library_privately_owned_release_detailb_po_CKCA4sLKgvb7CBIKbGFzdCB3YWx0ehoEYmFuZCIDZ3Bt	FEmusic_library_privately_owned_artist_detaila_po_CKCA4sLKgvb7CBIEYmFuZA
467	The Last Waltz Suite: Out of the Blue	The Band	The Last Waltz	INDIFFERENT	3:11	Vqsg-O8FJuE	FEmusic_library_privately_owned_release_detailb_po_CKCA4sLKgvb7CBIKbGFzdCB3YWx0ehoEYmFuZCIDZ3Bt	FEmusic_library_privately_owned_artist_detaila_po_CKCA4sLKgvb7CBIEYmFuZA
468	The Last Waltz Suite: The Weight	The Band	The Last Waltz	INDIFFERENT	4:36	BEf8-0MT3rs	FEmusic_library_privately_owned_release_detailb_po_CKCA4sLKgvb7CBIKbGFzdCB3YWx0ehoEYmFuZCIDZ3Bt	FEmusic_library_privately_owned_artist_detaila_po_CKCA4sLKgvb7CBIEYmFuZA
469	The Last Waltz Suite: The Last Waltz Refrain	The Band	The Last Waltz	INDIFFERENT	1:32	0-_oQ-HsQ0o	FEmusic_library_privately_owned_release_detailb_po_CKCA4sLKgvb7CBIKbGFzdCB3YWx0ehoEYmFuZCIDZ3Bt	FEmusic_library_privately_owned_artist_detaila_po_CKCA4sLKgvb7CBIEYmFuZA
470	The Last Waltz Suite: Theme From “The Last Waltz” (with Orchestra)	The Band	The Last Waltz	INDIFFERENT	3:26	vtx5lTnZ66Y	FEmusic_library_privately_owned_release_detailb_po_CKCA4sLKgvb7CBIKbGFzdCB3YWx0ehoEYmFuZCIDZ3Bt	FEmusic_library_privately_owned_artist_detaila_po_CKCA4sLKgvb7CBIEYmFuZA
471	Autumn Countdown Machine	John White	Machine Music	INDIFFERENT	5:24	ZRw196HbOnI	FEmusic_library_privately_owned_release_detailb_po_CKCA4sLKgvb7CBINbWFjaGluZSBtdXNpYxoXam9obiB3aGl0ZSBnYXZpbiBicnlhcnMiA2dwbQ	FEmusic_library_privately_owned_artist_detaila_po_CKCA4sLKgvb7CBIKam9obiB3aGl0ZQ
472	Son Of Gothic Chord	John White	Machine Music	INDIFFERENT	9:59	PgAaRGzmLqI	FEmusic_library_privately_owned_release_detailb_po_CKCA4sLKgvb7CBINbWFjaGluZSBtdXNpYxoXam9obiB3aGl0ZSBnYXZpbiBicnlhcnMiA2dwbQ	FEmusic_library_privately_owned_artist_detaila_po_CKCA4sLKgvb7CBIKam9obiB3aGl0ZQ
473	Jew's Harp Machine	John White	Machine Music	INDIFFERENT	2:28	6iB_ldYxri8	FEmusic_library_privately_owned_release_detailb_po_CKCA4sLKgvb7CBINbWFjaGluZSBtdXNpYxoXam9obiB3aGl0ZSBnYXZpbiBicnlhcnMiA2dwbQ	FEmusic_library_privately_owned_artist_detaila_po_CKCA4sLKgvb7CBIKam9obiB3aGl0ZQ
474	Drinking And Hooting Machine	John White	Machine Music	INDIFFERENT	4:53	-k8_5yy1Wmc	FEmusic_library_privately_owned_release_detailb_po_CKCA4sLKgvb7CBINbWFjaGluZSBtdXNpYxoXam9obiB3aGl0ZSBnYXZpbiBicnlhcnMiA2dwbQ	FEmusic_library_privately_owned_artist_detaila_po_CKCA4sLKgvb7CBIKam9obiB3aGl0ZQ
475	The Squirrel And The Ricketty Racketty Bridge	Gavin Bryars	Machine Music	INDIFFERENT	20:50	ulHoEB1AFKo	FEmusic_library_privately_owned_release_detailb_po_CKCA4sLKgvb7CBINbWFjaGluZSBtdXNpYxoXam9obiB3aGl0ZSBnYXZpbiBicnlhcnMiA2dwbQ	FEmusic_library_privately_owned_artist_detaila_po_CKCA4sLKgvb7CBIMZ2F2aW4gYnJ5YXJz
476	One Nation Under a Groove	Funkadelic	One Nation Under a Groove	LIKE	7:29	peL_obNT-vQ	FEmusic_library_privately_owned_release_detailb_po_CKCA4sLKgvb7CBIZb25lIG5hdGlvbiB1bmRlciBhIGdyb292ZRoKZnVua2FkZWxpYyIDZ3Bt	FEmusic_library_privately_owned_artist_detaila_po_CKCA4sLKgvb7CBIKZnVua2FkZWxpYw
477	"P.E. Squad/DooDoo Chasers (""Going All-The-Way Off"" instrumental)"	Funkadelic	One Nation Under a Groove	LIKE	4:18	zFR6kKtlpSw	FEmusic_library_privately_owned_release_detailb_po_CKCA4sLKgvb7CBIZb25lIG5hdGlvbiB1bmRlciBhIGdyb292ZRoKZnVua2FkZWxpYyIDZ3Bt	FEmusic_library_privately_owned_artist_detaila_po_CKCA4sLKgvb7CBIKZnVua2FkZWxpYw
478	Miss You	The Rolling Stones	Some Girls	INDIFFERENT	4:48	EKmBKVntvQc	FEmusic_library_privately_owned_release_detailb_po_CKCA4sLKgvb7CBIKc29tZSBnaXJscxoOcm9sbGluZyBzdG9uZXMiA2dwbQ	FEmusic_library_privately_owned_artist_detaila_po_CKCA4sLKgvb7CBIOcm9sbGluZyBzdG9uZXM
479	When the Whip Comes Down	The Rolling Stones	Some Girls	INDIFFERENT	4:21	uI0IDr67Z6c	FEmusic_library_privately_owned_release_detailb_po_CKCA4sLKgvb7CBIKc29tZSBnaXJscxoOcm9sbGluZyBzdG9uZXMiA2dwbQ	FEmusic_library_privately_owned_artist_detaila_po_CKCA4sLKgvb7CBIOcm9sbGluZyBzdG9uZXM
480	Just My Imagination (Running Away With Me)	The Rolling Stones	Some Girls	INDIFFERENT	4:38	py29H94PeGw	FEmusic_library_privately_owned_release_detailb_po_CKCA4sLKgvb7CBIKc29tZSBnaXJscxoOcm9sbGluZyBzdG9uZXMiA2dwbQ	FEmusic_library_privately_owned_artist_detaila_po_CKCA4sLKgvb7CBIOcm9sbGluZyBzdG9uZXM
481	Some Girls	The Rolling Stones	Some Girls	INDIFFERENT	4:36	bifG162JMcs	FEmusic_library_privately_owned_release_detailb_po_CKCA4sLKgvb7CBIKc29tZSBnaXJscxoOcm9sbGluZyBzdG9uZXMiA2dwbQ	FEmusic_library_privately_owned_artist_detaila_po_CKCA4sLKgvb7CBIOcm9sbGluZyBzdG9uZXM
482	Far Away Eyes	The Rolling Stones	Some Girls	INDIFFERENT	4:24	o1GulVQRgpA	FEmusic_library_privately_owned_release_detailb_po_CKCA4sLKgvb7CBIKc29tZSBnaXJscxoOcm9sbGluZyBzdG9uZXMiA2dwbQ	FEmusic_library_privately_owned_artist_detaila_po_CKCA4sLKgvb7CBIOcm9sbGluZyBzdG9uZXM
483	Beast of Burden	The Rolling Stones	Some Girls	INDIFFERENT	4:25	JkzuZWi-BLg	FEmusic_library_privately_owned_release_detailb_po_CKCA4sLKgvb7CBIKc29tZSBnaXJscxoOcm9sbGluZyBzdG9uZXMiA2dwbQ	FEmusic_library_privately_owned_artist_detaila_po_CKCA4sLKgvb7CBIOcm9sbGluZyBzdG9uZXM
484	Shattered	The Rolling Stones	Some Girls	INDIFFERENT	3:46	hnHBDC-Uozo	FEmusic_library_privately_owned_release_detailb_po_CKCA4sLKgvb7CBIKc29tZSBnaXJscxoOcm9sbGluZyBzdG9uZXMiA2dwbQ	FEmusic_library_privately_owned_artist_detaila_po_CKCA4sLKgvb7CBIOcm9sbGluZyBzdG9uZXM
485	Litter / Action Woman	Pebbles	Trash Box CD1	INDIFFERENT	2:33	CwglSIYvUzc	FEmusic_library_privately_owned_release_detailb_po_CKCA4sLKgvb7CBINdHJhc2ggYm94IGNkMSIDZ3Bt	FEmusic_library_privately_owned_artist_detaila_po_CKCA4sLKgvb7CBIHcGViYmxlcw
486	Preachers / Who Do You Love	Pebbles	Trash Box CD1	LIKE	2:15	2KJ4e47h-IM	FEmusic_library_privately_owned_release_detailb_po_CKCA4sLKgvb7CBINdHJhc2ggYm94IGNkMSIDZ3Bt	FEmusic_library_privately_owned_artist_detaila_po_CKCA4sLKgvb7CBIHcGViYmxlcw
487	Floyd Dakel Combo / Dance Franny Dance	Pebbles	Trash Box CD1	INDIFFERENT	2:07	fo68OqjQaUc	FEmusic_library_privately_owned_release_detailb_po_CKCA4sLKgvb7CBINdHJhc2ggYm94IGNkMSIDZ3Bt	FEmusic_library_privately_owned_artist_detaila_po_CKCA4sLKgvb7CBIHcGViYmxlcw
488	Shag / Stop and Listen	Pebbles	Trash Box CD1	INDIFFERENT	2:35	inda_cwcrFY	FEmusic_library_privately_owned_release_detailb_po_CKCA4sLKgvb7CBINdHJhc2ggYm94IGNkMSIDZ3Bt	FEmusic_library_privately_owned_artist_detaila_po_CKCA4sLKgvb7CBIHcGViYmxlcw
489	Grains of Sand / Going Away Baby	Pebbles	Trash Box CD1	INDIFFERENT	2:11	gwT3RS2OZqU	FEmusic_library_privately_owned_release_detailb_po_CKCA4sLKgvb7CBINdHJhc2ggYm94IGNkMSIDZ3Bt	FEmusic_library_privately_owned_artist_detaila_po_CKCA4sLKgvb7CBIHcGViYmxlcw
490	Rogues / Train Kept A-Rollin'	Pebbles	Trash Box CD1	INDIFFERENT	2:36	qHsIqwCcIPE	FEmusic_library_privately_owned_release_detailb_po_CKCA4sLKgvb7CBINdHJhc2ggYm94IGNkMSIDZ3Bt	FEmusic_library_privately_owned_artist_detaila_po_CKCA4sLKgvb7CBIHcGViYmxlcw
491	Sweet Acids / That Creature	Pebbles	Trash Box CD1	LIKE	3:00	mv0vO6eLR3s	FEmusic_library_privately_owned_release_detailb_po_CKCA4sLKgvb7CBINdHJhc2ggYm94IGNkMSIDZ3Bt	FEmusic_library_privately_owned_artist_detaila_po_CKCA4sLKgvb7CBIHcGViYmxlcw
492	Soup Greens / Like a Rolling Stone	Pebbles	Trash Box CD1	INDIFFERENT	2:46	tK8WP39JsJA	FEmusic_library_privately_owned_release_detailb_po_CKCA4sLKgvb7CBINdHJhc2ggYm94IGNkMSIDZ3Bt	FEmusic_library_privately_owned_artist_detaila_po_CKCA4sLKgvb7CBIHcGViYmxlcw
493	Wig / Cracking Up	Pebbles	Trash Box CD1	LIKE	2:09	UisZyt9s0yM	FEmusic_library_privately_owned_release_detailb_po_CKCA4sLKgvb7CBINdHJhc2ggYm94IGNkMSIDZ3Bt	FEmusic_library_privately_owned_artist_detaila_po_CKCA4sLKgvb7CBIHcGViYmxlcw
494	Positively 13 O'Clock / Psychotic Reaction	Pebbles	Trash Box CD1	INDIFFERENT	2:01	K4b9SLD0F8M	FEmusic_library_privately_owned_release_detailb_po_CKCA4sLKgvb7CBINdHJhc2ggYm94IGNkMSIDZ3Bt	FEmusic_library_privately_owned_artist_detaila_po_CKCA4sLKgvb7CBIHcGViYmxlcw
495	Kim Fowley / The Trip	Pebbles	Trash Box CD1	INDIFFERENT	2:02	vjat76I_dak	FEmusic_library_privately_owned_release_detailb_po_CKCA4sLKgvb7CBINdHJhc2ggYm94IGNkMSIDZ3Bt	FEmusic_library_privately_owned_artist_detaila_po_CKCA4sLKgvb7CBIHcGViYmxlcw
496	Kim Fowley / Underground Lady	Pebbles	Trash Box CD1	INDIFFERENT	2:15	sTWejVfnXbI	FEmusic_library_privately_owned_release_detailb_po_CKCA4sLKgvb7CBINdHJhc2ggYm94IGNkMSIDZ3Bt	FEmusic_library_privately_owned_artist_detaila_po_CKCA4sLKgvb7CBIHcGViYmxlcw
497	Shadows / The Potato Chip Song	Pebbles	Trash Box CD1	INDIFFERENT	3:30	pwGmtfgd-8A	FEmusic_library_privately_owned_release_detailb_po_CKCA4sLKgvb7CBINdHJhc2ggYm94IGNkMSIDZ3Bt	FEmusic_library_privately_owned_artist_detaila_po_CKCA4sLKgvb7CBIHcGViYmxlcw
498	Stoics / Hate	Pebbles	Trash Box CD1	INDIFFERENT	2:25	GqbdmRwguVY	FEmusic_library_privately_owned_release_detailb_po_CKCA4sLKgvb7CBINdHJhc2ggYm94IGNkMSIDZ3Bt	FEmusic_library_privately_owned_artist_detaila_po_CKCA4sLKgvb7CBIHcGViYmxlcw
499	Grodes / Let's Talk About Girls	Pebbles	Trash Box CD1	INDIFFERENT	2:39	ekWq-yAlu6s	FEmusic_library_privately_owned_release_detailb_po_CKCA4sLKgvb7CBINdHJhc2ggYm94IGNkMSIDZ3Bt	FEmusic_library_privately_owned_artist_detaila_po_CKCA4sLKgvb7CBIHcGViYmxlcw
500	Rogues / Wanted Dead or Alive	Pebbles	Trash Box CD1	INDIFFERENT	2:28	9nv6Arwl3Ao	FEmusic_library_privately_owned_release_detailb_po_CKCA4sLKgvb7CBINdHJhc2ggYm94IGNkMSIDZ3Bt	FEmusic_library_privately_owned_artist_detaila_po_CKCA4sLKgvb7CBIHcGViYmxlcw
501	Third Bardo / Five Years Ahead of my Time	Pebbles	Trash Box CD1	INDIFFERENT	2:13	AYN91BYRagQ	FEmusic_library_privately_owned_release_detailb_po_CKCA4sLKgvb7CBINdHJhc2ggYm94IGNkMSIDZ3Bt	FEmusic_library_privately_owned_artist_detaila_po_CKCA4sLKgvb7CBIHcGViYmxlcw
502	Fallen Angles / Bad Woman	Pebbles	Trash Box CD1	INDIFFERENT	2:09	uZhiLeetIRU	FEmusic_library_privately_owned_release_detailb_po_CKCA4sLKgvb7CBINdHJhc2ggYm94IGNkMSIDZ3Bt	FEmusic_library_privately_owned_artist_detaila_po_CKCA4sLKgvb7CBIHcGViYmxlcw
503	?????? / If Its Love You Want	Pebbles	Trash Box CD1	LIKE	2:06	scFlUsyvv_0	FEmusic_library_privately_owned_release_detailb_po_CKCA4sLKgvb7CBINdHJhc2ggYm94IGNkMSIDZ3Bt	FEmusic_library_privately_owned_artist_detaila_po_CKCA4sLKgvb7CBIHcGViYmxlcw
504	Ground Floor People / Walking On Eggs	Pebbles	Trash Box CD1	INDIFFERENT	2:16	rvp6qEJ1bCw	FEmusic_library_privately_owned_release_detailb_po_CKCA4sLKgvb7CBINdHJhc2ggYm94IGNkMSIDZ3Bt	FEmusic_library_privately_owned_artist_detaila_po_CKCA4sLKgvb7CBIHcGViYmxlcw
505	My Infatuation	James Chance and The Contortions	Buy	INDIFFERENT	2:19	t9-fz-EIT-w	FEmusic_library_privately_owned_release_detailb_po_CKCA4sLKgvb7CBIDYnV5GiBqYW1lcyBjaGFuY2UgYW5kIHRoZSBjb250b3J0aW9ucyIDZ3Bt	FEmusic_library_privately_owned_artist_detaila_po_CKCA4sLKgvb7CBIgamFtZXMgY2hhbmNlIGFuZCB0aGUgY29udG9ydGlvbnM
506	Anesthetic	James Chance and The Contortions	Buy	INDIFFERENT	3:52	wymXpdsULME	FEmusic_library_privately_owned_release_detailb_po_CKCA4sLKgvb7CBIDYnV5GiBqYW1lcyBjaGFuY2UgYW5kIHRoZSBjb250b3J0aW9ucyIDZ3Bt	FEmusic_library_privately_owned_artist_detaila_po_CKCA4sLKgvb7CBIgamFtZXMgY2hhbmNlIGFuZCB0aGUgY29udG9ydGlvbnM
507	Bedroom Athlete	James Chance and The Contortions	Buy	INDIFFERENT	4:14	1e9mfuhTrNQ	FEmusic_library_privately_owned_release_detailb_po_CKCA4sLKgvb7CBIDYnV5GiBqYW1lcyBjaGFuY2UgYW5kIHRoZSBjb250b3J0aW9ucyIDZ3Bt	FEmusic_library_privately_owned_artist_detaila_po_CKCA4sLKgvb7CBIgamFtZXMgY2hhbmNlIGFuZCB0aGUgY29udG9ydGlvbnM
508	Twice Removed (live)	James Chance and The Contortions	Buy	INDIFFERENT	3:12	WnCyOcbLkMg	FEmusic_library_privately_owned_release_detailb_po_CKCA4sLKgvb7CBIDYnV5GiBqYW1lcyBjaGFuY2UgYW5kIHRoZSBjb250b3J0aW9ucyIDZ3Bt	FEmusic_library_privately_owned_artist_detaila_po_CKCA4sLKgvb7CBIgamFtZXMgY2hhbmNlIGFuZCB0aGUgY29udG9ydGlvbnM
509	Fantastic Voyage	David Bowie	Lodger	INDIFFERENT	2:56	oNin_bzFIHU	FEmusic_library_privately_owned_release_detailb_po_CKCA4sLKgvb7CBIGbG9kZ2VyGgtkYXZpZCBib3dpZSIDZ3Bt	FEmusic_library_privately_owned_artist_detaila_po_CKCA4sLKgvb7CBILZGF2aWQgYm93aWU
510	Move On	David Bowie	Lodger	INDIFFERENT	3:21	6Vfkxa8XPJc	FEmusic_library_privately_owned_release_detailb_po_CKCA4sLKgvb7CBIGbG9kZ2VyGgtkYXZpZCBib3dpZSIDZ3Bt	FEmusic_library_privately_owned_artist_detaila_po_CKCA4sLKgvb7CBILZGF2aWQgYm93aWU
511	Yassassin (Turkish for: Long Live)	David Bowie	Lodger	INDIFFERENT	4:13	3mxbJAIOgrE	FEmusic_library_privately_owned_release_detailb_po_CKCA4sLKgvb7CBIGbG9kZ2VyGgtkYXZpZCBib3dpZSIDZ3Bt	FEmusic_library_privately_owned_artist_detaila_po_CKCA4sLKgvb7CBILZGF2aWQgYm93aWU
512	D.J.	David Bowie	Lodger	INDIFFERENT	4:04	xGZFtx89o00	FEmusic_library_privately_owned_release_detailb_po_CKCA4sLKgvb7CBIGbG9kZ2VyGgtkYXZpZCBib3dpZSIDZ3Bt	FEmusic_library_privately_owned_artist_detaila_po_CKCA4sLKgvb7CBILZGF2aWQgYm93aWU
513	Red Money	David Bowie	Lodger	INDIFFERENT	4:18	gkIqA7bkRSI	FEmusic_library_privately_owned_release_detailb_po_CKCA4sLKgvb7CBIGbG9kZ2VyGgtkYXZpZCBib3dpZSIDZ3Bt	FEmusic_library_privately_owned_artist_detaila_po_CKCA4sLKgvb7CBILZGF2aWQgYm93aWU
514	Albatross	Public Image Ltd.	Metal Box	INDIFFERENT	10:38	7wqJOTHGzes	FEmusic_library_privately_owned_release_detailb_po_CKCA4sLKgvb7CBIJbWV0YWwgYm94GhBwdWJsaWMgaW1hZ2UgbHRkIgNncG0	FEmusic_library_privately_owned_artist_detaila_po_CKCA4sLKgvb7CBIQcHVibGljIGltYWdlIGx0ZA
515	Memories	Public Image Ltd.	Metal Box	INDIFFERENT	5:08	FqUOWoZp10s	FEmusic_library_privately_owned_release_detailb_po_CKCA4sLKgvb7CBIJbWV0YWwgYm94GhBwdWJsaWMgaW1hZ2UgbHRkIgNncG0	FEmusic_library_privately_owned_artist_detaila_po_CKCA4sLKgvb7CBIQcHVibGljIGltYWdlIGx0ZA
516	Swan Lake	Public Image Ltd.	Metal Box	INDIFFERENT	4:13	8oHInLAszkE	FEmusic_library_privately_owned_release_detailb_po_CKCA4sLKgvb7CBIJbWV0YWwgYm94GhBwdWJsaWMgaW1hZ2UgbHRkIgNncG0	FEmusic_library_privately_owned_artist_detaila_po_CKCA4sLKgvb7CBIQcHVibGljIGltYWdlIGx0ZA
517	Poptones	Public Image Ltd.	Metal Box	INDIFFERENT	7:50	fKPRqLtuTno	FEmusic_library_privately_owned_release_detailb_po_CKCA4sLKgvb7CBIJbWV0YWwgYm94GhBwdWJsaWMgaW1hZ2UgbHRkIgNncG0	FEmusic_library_privately_owned_artist_detaila_po_CKCA4sLKgvb7CBIQcHVibGljIGltYWdlIGx0ZA
518	No Birds	Public Image Ltd.	Metal Box	INDIFFERENT	4:44	ipbFB8v57oE	FEmusic_library_privately_owned_release_detailb_po_CKCA4sLKgvb7CBIJbWV0YWwgYm94GhBwdWJsaWMgaW1hZ2UgbHRkIgNncG0	FEmusic_library_privately_owned_artist_detaila_po_CKCA4sLKgvb7CBIQcHVibGljIGltYWdlIGx0ZA
519	Graveyard	Public Image Ltd.	Metal Box	LIKE	3:11	32RT1mR566U	FEmusic_library_privately_owned_release_detailb_po_CKCA4sLKgvb7CBIJbWV0YWwgYm94GhBwdWJsaWMgaW1hZ2UgbHRkIgNncG0	FEmusic_library_privately_owned_artist_detaila_po_CKCA4sLKgvb7CBIQcHVibGljIGltYWdlIGx0ZA
520	Bad Baby	Public Image Ltd.	Metal Box	INDIFFERENT	4:33	kE1hazp4N1w	FEmusic_library_privately_owned_release_detailb_po_CKCA4sLKgvb7CBIJbWV0YWwgYm94GhBwdWJsaWMgaW1hZ2UgbHRkIgNncG0	FEmusic_library_privately_owned_artist_detaila_po_CKCA4sLKgvb7CBIQcHVibGljIGltYWdlIGx0ZA
521	Socialist	Public Image Ltd.	Metal Box	LIKE	3:10	eeei-UZbkQc	FEmusic_library_privately_owned_release_detailb_po_CKCA4sLKgvb7CBIJbWV0YWwgYm94GhBwdWJsaWMgaW1hZ2UgbHRkIgNncG0	FEmusic_library_privately_owned_artist_detaila_po_CKCA4sLKgvb7CBIQcHVibGljIGltYWdlIGx0ZA
522	Radio 4	Public Image Ltd.	Metal Box	LIKE	4:23	8iStzI1UpUo	FEmusic_library_privately_owned_release_detailb_po_CKCA4sLKgvb7CBIJbWV0YWwgYm94GhBwdWJsaWMgaW1hZ2UgbHRkIgNncG0	FEmusic_library_privately_owned_artist_detaila_po_CKCA4sLKgvb7CBIQcHVibGljIGltYWdlIGx0ZA
523	Lesson No. 1 for Electric Guitar	Glenn Branca	Lesson No. 1	INDIFFERENT	8:14	_GtrM9VBw7Q	FEmusic_library_privately_owned_release_detailb_po_CKCA4sLKgvb7CBILbGVzc29uIG5vIDEaDGdsZW5uIGJyYW5jYSIDZ3Bt	FEmusic_library_privately_owned_artist_detaila_po_CKCA4sLKgvb7CBIMZ2xlbm4gYnJhbmNh
524	The Spectacular Commodity	Glenn Branca	The Ascension	INDIFFERENT	12:38	BtIWzw2GoMU	FEmusic_library_privately_owned_release_detailb_po_CKCA4sLKgvb7CBIJYXNjZW5zaW9uGgxnbGVubiBicmFuY2EiA2dwbQ	FEmusic_library_privately_owned_artist_detaila_po_CKCA4sLKgvb7CBIMZ2xlbm4gYnJhbmNh
525	Structure	Glenn Branca	The Ascension	INDIFFERENT	3:09	IVvCnNONEBo	FEmusic_library_privately_owned_release_detailb_po_CKCA4sLKgvb7CBIJYXNjZW5zaW9uGgxnbGVubiBicmFuY2EiA2dwbQ	FEmusic_library_privately_owned_artist_detaila_po_CKCA4sLKgvb7CBIMZ2xlbm4gYnJhbmNh
526	Light Field (In Consonance)	Glenn Branca	The Ascension	INDIFFERENT	8:18	3GOTQDZaGmQ	FEmusic_library_privately_owned_release_detailb_po_CKCA4sLKgvb7CBIJYXNjZW5zaW9uGgxnbGVubiBicmFuY2EiA2dwbQ	FEmusic_library_privately_owned_artist_detaila_po_CKCA4sLKgvb7CBIMZ2xlbm4gYnJhbmNh
527	Pocket Calculator	Kraftwerk	Computer World	LIKE	4:56	1XFlBoe-2Vc	FEmusic_library_privately_owned_release_detailb_po_CKCA4sLKgvb7CBIOY29tcHV0ZXIgd29ybGQaCWtyYWZ0d2VyayIDZ3Bt	FEmusic_library_privately_owned_artist_detaila_po_CKCA4sLKgvb7CBIJa3JhZnR3ZXJr
528	Computer World 2	Kraftwerk	Computer World	INDIFFERENT	3:24	y7UX3roRYfI	FEmusic_library_privately_owned_release_detailb_po_CKCA4sLKgvb7CBIOY29tcHV0ZXIgd29ybGQaCWtyYWZ0d2VyayIDZ3Bt	FEmusic_library_privately_owned_artist_detaila_po_CKCA4sLKgvb7CBIJa3JhZnR3ZXJr
529	Computer Love	Kraftwerk	Computer World	INDIFFERENT	7:19	3doHcoKqZ30	FEmusic_library_privately_owned_release_detailb_po_CKCA4sLKgvb7CBIOY29tcHV0ZXIgd29ybGQaCWtyYWZ0d2VyayIDZ3Bt	FEmusic_library_privately_owned_artist_detaila_po_CKCA4sLKgvb7CBIJa3JhZnR3ZXJr
530	Home Computer	Kraftwerk	Computer World	LIKE	6:20	YHw4N70_TIM	FEmusic_library_privately_owned_release_detailb_po_CKCA4sLKgvb7CBIOY29tcHV0ZXIgd29ybGQaCWtyYWZ0d2VyayIDZ3Bt	FEmusic_library_privately_owned_artist_detaila_po_CKCA4sLKgvb7CBIJa3JhZnR3ZXJr
531	It’s More Fun to Compute	Kraftwerk	Computer World	INDIFFERENT	4:13	PoA12TRdj3s	FEmusic_library_privately_owned_release_detailb_po_CKCA4sLKgvb7CBIOY29tcHV0ZXIgd29ybGQaCWtyYWZ0d2VyayIDZ3Bt	FEmusic_library_privately_owned_artist_detaila_po_CKCA4sLKgvb7CBIJa3JhZnR3ZXJr
532	Spirits in the Material World	The Police	Ghost in the Machine	INDIFFERENT	2:58	Xisr7uB9m34	FEmusic_library_privately_owned_release_detailb_po_CKCA4sLKgvb7CBIUZ2hvc3QgaW4gdGhlIG1hY2hpbmUaBnBvbGljZSIDZ3Bt	FEmusic_library_privately_owned_artist_detaila_po_CKCA4sLKgvb7CBIGcG9saWNl
533	Every Little Thing She Does Is Magic	The Police	Ghost in the Machine	INDIFFERENT	4:20	5MrpZ-3enX0	FEmusic_library_privately_owned_release_detailb_po_CKCA4sLKgvb7CBIUZ2hvc3QgaW4gdGhlIG1hY2hpbmUaBnBvbGljZSIDZ3Bt	FEmusic_library_privately_owned_artist_detaila_po_CKCA4sLKgvb7CBIGcG9saWNl
534	Invisible Sun	The Police	Ghost in the Machine	INDIFFERENT	3:43	3MtL1xarmbo	FEmusic_library_privately_owned_release_detailb_po_CKCA4sLKgvb7CBIUZ2hvc3QgaW4gdGhlIG1hY2hpbmUaBnBvbGljZSIDZ3Bt	FEmusic_library_privately_owned_artist_detaila_po_CKCA4sLKgvb7CBIGcG9saWNl
535	Hungry for You (j'aurais toujours faim de toi)	The Police	Ghost in the Machine	INDIFFERENT	2:52	jtyMkFxf7us	FEmusic_library_privately_owned_release_detailb_po_CKCA4sLKgvb7CBIUZ2hvc3QgaW4gdGhlIG1hY2hpbmUaBnBvbGljZSIDZ3Bt	FEmusic_library_privately_owned_artist_detaila_po_CKCA4sLKgvb7CBIGcG9saWNl
536	Demolition Man	The Police	Ghost in the Machine	INDIFFERENT	5:54	b9zflhhGLsg	FEmusic_library_privately_owned_release_detailb_po_CKCA4sLKgvb7CBIUZ2hvc3QgaW4gdGhlIG1hY2hpbmUaBnBvbGljZSIDZ3Bt	FEmusic_library_privately_owned_artist_detaila_po_CKCA4sLKgvb7CBIGcG9saWNl
537	Too Much Information	The Police	Ghost in the Machine	INDIFFERENT	3:42	ja4OMsBivDo	FEmusic_library_privately_owned_release_detailb_po_CKCA4sLKgvb7CBIUZ2hvc3QgaW4gdGhlIG1hY2hpbmUaBnBvbGljZSIDZ3Bt	FEmusic_library_privately_owned_artist_detaila_po_CKCA4sLKgvb7CBIGcG9saWNl
538	Rehumanize Yourself	The Police	Ghost in the Machine	INDIFFERENT	3:10	yEgiedwbPCs	FEmusic_library_privately_owned_release_detailb_po_CKCA4sLKgvb7CBIUZ2hvc3QgaW4gdGhlIG1hY2hpbmUaBnBvbGljZSIDZ3Bt	FEmusic_library_privately_owned_artist_detaila_po_CKCA4sLKgvb7CBIGcG9saWNl
539	One World (Not Three)	The Police	Ghost in the Machine	INDIFFERENT	4:46	WHENGRcXHcs	FEmusic_library_privately_owned_release_detailb_po_CKCA4sLKgvb7CBIUZ2hvc3QgaW4gdGhlIG1hY2hpbmUaBnBvbGljZSIDZ3Bt	FEmusic_library_privately_owned_artist_detaila_po_CKCA4sLKgvb7CBIGcG9saWNl
540	Omegaman	The Police	Ghost in the Machine	INDIFFERENT	2:47	AzHp8TWq8UE	FEmusic_library_privately_owned_release_detailb_po_CKCA4sLKgvb7CBIUZ2hvc3QgaW4gdGhlIG1hY2hpbmUaBnBvbGljZSIDZ3Bt	FEmusic_library_privately_owned_artist_detaila_po_CKCA4sLKgvb7CBIGcG9saWNl
541	Secret Journey	The Police	Ghost in the Machine	INDIFFERENT	3:33	S1tYYCq2THg	FEmusic_library_privately_owned_release_detailb_po_CKCA4sLKgvb7CBIUZ2hvc3QgaW4gdGhlIG1hY2hpbmUaBnBvbGljZSIDZ3Bt	FEmusic_library_privately_owned_artist_detaila_po_CKCA4sLKgvb7CBIGcG9saWNl
542	Darkness	The Police	Ghost in the Machine	INDIFFERENT	3:13	FXejoYNXSFw	FEmusic_library_privately_owned_release_detailb_po_CKCA4sLKgvb7CBIUZ2hvc3QgaW4gdGhlIG1hY2hpbmUaBnBvbGljZSIDZ3Bt	FEmusic_library_privately_owned_artist_detaila_po_CKCA4sLKgvb7CBIGcG9saWNl
543	Filler	Minor Threat	Minor Threat	INDIFFERENT	1:32	QATZvkPtT_U	FEmusic_library_privately_owned_release_detailb_po_CKCA4sLKgvb7CBIMbWlub3IgdGhyZWF0GgxtaW5vciB0aHJlYXQiA2dwbQ	FEmusic_library_privately_owned_artist_detaila_po_CKCA4sLKgvb7CBIMbWlub3IgdGhyZWF0
544	I Don't Wanna Hear It	Minor Threat	Minor Threat	INDIFFERENT	1:14	e3AzQhqPXTg	FEmusic_library_privately_owned_release_detailb_po_CKCA4sLKgvb7CBIMbWlub3IgdGhyZWF0GgxtaW5vciB0aHJlYXQiA2dwbQ	FEmusic_library_privately_owned_artist_detaila_po_CKCA4sLKgvb7CBIMbWlub3IgdGhyZWF0
545	Seeing Red	Minor Threat	Minor Threat	INDIFFERENT	1:03	h22JnYT0Lv4	FEmusic_library_privately_owned_release_detailb_po_CKCA4sLKgvb7CBIMbWlub3IgdGhyZWF0GgxtaW5vciB0aHJlYXQiA2dwbQ	FEmusic_library_privately_owned_artist_detaila_po_CKCA4sLKgvb7CBIMbWlub3IgdGhyZWF0
546	Small Man, Big Mouth	Minor Threat	Minor Threat	INDIFFERENT	0:55	MEyK6zwlM10	FEmusic_library_privately_owned_release_detailb_po_CKCA4sLKgvb7CBIMbWlub3IgdGhyZWF0GgxtaW5vciB0aHJlYXQiA2dwbQ	FEmusic_library_privately_owned_artist_detaila_po_CKCA4sLKgvb7CBIMbWlub3IgdGhyZWF0
547	Screaming at a Wall	Minor Threat	Minor Threat	INDIFFERENT	1:32	sExIGGSoyeQ	FEmusic_library_privately_owned_release_detailb_po_CKCA4sLKgvb7CBIMbWlub3IgdGhyZWF0GgxtaW5vciB0aHJlYXQiA2dwbQ	FEmusic_library_privately_owned_artist_detaila_po_CKCA4sLKgvb7CBIMbWlub3IgdGhyZWF0
548	Heaven and Hell, Part I	Vangelis	The Music of Cosmos	INDIFFERENT	3:37	eN_pe1uLPcU	FEmusic_library_privately_owned_release_detailb_po_CKCA4sLKgvb7CBIPbXVzaWMgb2YgY29zbW9zGg92YXJpb3VzIGFydGlzdHMiA2dwbQ	FEmusic_library_privately_owned_artist_detaila_po_CKCA4sLKgvb7CBIIdmFuZ2VsaXM
549	Symphony no. 11	Дмитрий Дмитриевич Шостакович	The Music of Cosmos	INDIFFERENT	2:24	ncu2vvNpiTY	FEmusic_library_privately_owned_release_detailb_po_CKCA4sLKgvb7CBIPbXVzaWMgb2YgY29zbW9zGg92YXJpb3VzIGFydGlzdHMiA2dwbQ	FEmusic_library_privately_owned_artist_detaila_po_CKCA4sLKgvb7CBI40LTQvNC40YLRgNC40Lkg0LTQvNC40YLRgNC40LXQstC40Ycg0YjQvtGB0YLQsNC60L7QstC40Yc
550	Alpha	Vangelis	The Music of Cosmos	LIKE	2:46	kogNugfRSS0	FEmusic_library_privately_owned_release_detailb_po_CKCA4sLKgvb7CBIPbXVzaWMgb2YgY29zbW9zGg92YXJpb3VzIGFydGlzdHMiA2dwbQ	FEmusic_library_privately_owned_artist_detaila_po_CKCA4sLKgvb7CBIIdmFuZ2VsaXM
551	Depicting the Cranes in Their Nest	G. Yamaguchi	The Music of Cosmos	INDIFFERENT	1:00	YbPkJRdlmQA	FEmusic_library_privately_owned_release_detailb_po_CKCA4sLKgvb7CBIPbXVzaWMgb2YgY29zbW9zGg92YXJpb3VzIGFydGlzdHMiA2dwbQ	FEmusic_library_privately_owned_artist_detaila_po_CKCA4sLKgvb7CBILZyB5YW1hZ3VjaGk
552	Canon a 3 on a Ground in D	Johann Pachelbel	The Music of Cosmos	LIKE	3:26	9yTvk-gv214	FEmusic_library_privately_owned_release_detailb_po_CKCA4sLKgvb7CBIPbXVzaWMgb2YgY29zbW9zGg92YXJpb3VzIGFydGlzdHMiA2dwbQ	FEmusic_library_privately_owned_artist_detaila_po_CKCA4sLKgvb7CBIQam9oYW5uIHBhY2hlbGJlbA
553	The Four Seasons: Spring	Antonio Vivaldi	The Music of Cosmos	LIKE	3:25	qJeYlz0JyGM	FEmusic_library_privately_owned_release_detailb_po_CKCA4sLKgvb7CBIPbXVzaWMgb2YgY29zbW9zGg92YXJpb3VzIGFydGlzdHMiA2dwbQ	FEmusic_library_privately_owned_artist_detaila_po_CKCA4sLKgvb7CBIPYW50b25pbyB2aXZhbGRp
554	"The Sea Named ""Solaris"""	冨田勲	The Music of Cosmos	INDIFFERENT	3:30	BxixieA-rUY	FEmusic_library_privately_owned_release_detailb_po_CKCA4sLKgvb7CBIPbXVzaWMgb2YgY29zbW9zGg92YXJpb3VzIGFydGlzdHMiA2dwbQ	FEmusic_library_privately_owned_artist_detaila_po_CKCA4sLKgvb7CBIJ5Yao55Sw5Yuy
555	Partitia no. 3	Johann Sebastian Bach	The Music of Cosmos	INDIFFERENT	2:54	ziNtzDbvc9E	FEmusic_library_privately_owned_release_detailb_po_CKCA4sLKgvb7CBIPbXVzaWMgb2YgY29zbW9zGg92YXJpb3VzIGFydGlzdHMiA2dwbQ	FEmusic_library_privately_owned_artist_detaila_po_CKCA4sLKgvb7CBIVam9oYW5uIHNlYmFzdGlhbiBiYWNo
556	Symphony no. 19	Alan Hovhaness	The Music of Cosmos	INDIFFERENT	1:51	VtCCDsW8aw8	FEmusic_library_privately_owned_release_detailb_po_CKCA4sLKgvb7CBIPbXVzaWMgb2YgY29zbW9zGg92YXJpb3VzIGFydGlzdHMiA2dwbQ	FEmusic_library_privately_owned_artist_detaila_po_CKCA4sLKgvb7CBIOYWxhbiBob3ZoYW5lc3M
557	Legacy	Synergy	The Music of Cosmos	INDIFFERENT	2:25	AlLx28WaCeY	FEmusic_library_privately_owned_release_detailb_po_CKCA4sLKgvb7CBIPbXVzaWMgb2YgY29zbW9zGg92YXJpb3VzIGFydGlzdHMiA2dwbQ	FEmusic_library_privately_owned_artist_detaila_po_CKCA4sLKgvb7CBIHc3luZXJneQ
558	Russian Easter Festival Overture	Николай Андреевич Римский-Корсаков	The Music of Cosmos	INDIFFERENT	3:01	CK_XrhT8ABw	FEmusic_library_privately_owned_release_detailb_po_CKCA4sLKgvb7CBIPbXVzaWMgb2YgY29zbW9zGg92YXJpb3VzIGFydGlzdHMiA2dwbQ	FEmusic_library_privately_owned_artist_detaila_po_CKCA4sLKgvb7CBJB0L3QuNC60L7Qu9Cw0Lkg0LDQvdC00YDQtdC10LLQuNGHINGA0LjQvNGB0LrQuNC5INC60L7RgNGB0LDQutC-0LI
559	Inside the Heart of the Universe	武満徹	The Music of Cosmos	INDIFFERENT	1:32	00338gJ7rTw	FEmusic_library_privately_owned_release_detailb_po_CKCA4sLKgvb7CBIPbXVzaWMgb2YgY29zbW9zGg92YXJpb3VzIGFydGlzdHMiA2dwbQ	FEmusic_library_privately_owned_artist_detaila_po_CKCA4sLKgvb7CBIJ5q2m5rqA5b65
560	Fly Night Bird	Roy Buchanan	The Music of Cosmos	INDIFFERENT	1:25	5_n2J-GYjVg	FEmusic_library_privately_owned_release_detailb_po_CKCA4sLKgvb7CBIPbXVzaWMgb2YgY29zbW9zGg92YXJpb3VzIGFydGlzdHMiA2dwbQ	FEmusic_library_privately_owned_artist_detaila_po_CKCA4sLKgvb7CBIMcm95IGJ1Y2hhbmFu
561	Beaubourg, Part II	Vangelis	The Music of Cosmos	INDIFFERENT	1:37	vYOYmFXgQnY	FEmusic_library_privately_owned_release_detailb_po_CKCA4sLKgvb7CBIPbXVzaWMgb2YgY29zbW9zGg92YXJpb3VzIGFydGlzdHMiA2dwbQ	FEmusic_library_privately_owned_artist_detaila_po_CKCA4sLKgvb7CBIIdmFuZ2VsaXM
562	The Rite of Spring	Игорь Фёдорович Стравинский	The Music of Cosmos	INDIFFERENT	2:15	EAk4dupcvh0	FEmusic_library_privately_owned_release_detailb_po_CKCA4sLKgvb7CBIPbXVzaWMgb2YgY29zbW9zGg92YXJpb3VzIGFydGlzdHMiA2dwbQ	FEmusic_library_privately_owned_artist_detaila_po_CKCA4sLKgvb7CBI00LjQs9C-0YDRjCDRhNGR0LTQvtGA0L7QstC40Ycg0YHRgtGA0LDQstC40L3RgdC60LjQuQ
563	Entends-Tu Les Chiens Aboyer?	Vangelis	The Music of Cosmos	INDIFFERENT	4:04	k9p86v78HnE	FEmusic_library_privately_owned_release_detailb_po_CKCA4sLKgvb7CBIPbXVzaWMgb2YgY29zbW9zGg92YXJpb3VzIGFydGlzdHMiA2dwbQ	FEmusic_library_privately_owned_artist_detaila_po_CKCA4sLKgvb7CBIIdmFuZ2VsaXM
564	Bulgarian Shepherdess Song (Izlel Je Delyo Hajdutin)	Valya Balkanska	The Music of Cosmos	INDIFFERENT	2:18	GKX-6pUxLPg	FEmusic_library_privately_owned_release_detailb_po_CKCA4sLKgvb7CBIPbXVzaWMgb2YgY29zbW9zGg92YXJpb3VzIGFydGlzdHMiA2dwbQ	FEmusic_library_privately_owned_artist_detaila_po_CKCA4sLKgvb7CBIPdmFseWEgYmFsa2Fuc2th
565	Heaven and Hell, Part I (reprise)	Vangelis	The Music of Cosmos	INDIFFERENT	1:55	dBqrEUjT9Gg	FEmusic_library_privately_owned_release_detailb_po_CKCA4sLKgvb7CBIPbXVzaWMgb2YgY29zbW9zGg92YXJpb3VzIGFydGlzdHMiA2dwbQ	FEmusic_library_privately_owned_artist_detaila_po_CKCA4sLKgvb7CBIIdmFuZ2VsaXM
566	Set‐Up	Au Pairs	Playing With a Different Sex	LIKE	3:21	1mHifcTEeGI	FEmusic_library_privately_owned_release_detailb_po_CKCA4sLKgvb7CBIccGxheWluZyB3aXRoIGEgZGlmZmVyZW50IHNleBoIYXUgcGFpcnMiA2dwbQ	FEmusic_library_privately_owned_artist_detaila_po_CKCA4sLKgvb7CBIIYXUgcGFpcnM
567	Repetition	Au Pairs	Playing With a Different Sex	LIKE	3:35	adO9fOERXZY	FEmusic_library_privately_owned_release_detailb_po_CKCA4sLKgvb7CBIccGxheWluZyB3aXRoIGEgZGlmZmVyZW50IHNleBoIYXUgcGFpcnMiA2dwbQ	FEmusic_library_privately_owned_artist_detaila_po_CKCA4sLKgvb7CBIIYXUgcGFpcnM
568	It’s Obvious	Au Pairs	Playing With a Different Sex	LIKE	6:19	PgRmHQTlq3o	FEmusic_library_privately_owned_release_detailb_po_CKCA4sLKgvb7CBIccGxheWluZyB3aXRoIGEgZGlmZmVyZW50IHNleBoIYXUgcGFpcnMiA2dwbQ	FEmusic_library_privately_owned_artist_detaila_po_CKCA4sLKgvb7CBIIYXUgcGFpcnM
569	You	Au Pairs	Playing With a Different Sex	LIKE	2:52	fJBK2dxerb0	FEmusic_library_privately_owned_release_detailb_po_CKCA4sLKgvb7CBIccGxheWluZyB3aXRoIGEgZGlmZmVyZW50IHNleBoIYXUgcGFpcnMiA2dwbQ	FEmusic_library_privately_owned_artist_detaila_po_CKCA4sLKgvb7CBIIYXUgcGFpcnM
570	Diet	Au Pairs	Playing With a Different Sex	LIKE	4:19	D6MwfyFpLlA	FEmusic_library_privately_owned_release_detailb_po_CKCA4sLKgvb7CBIccGxheWluZyB3aXRoIGEgZGlmZmVyZW50IHNleBoIYXUgcGFpcnMiA2dwbQ	FEmusic_library_privately_owned_artist_detaila_po_CKCA4sLKgvb7CBIIYXUgcGFpcnM
571	Inconvenience (12″ version)	Au Pairs	Playing With a Different Sex	LIKE	2:56	-ar_Q9IzYIg	FEmusic_library_privately_owned_release_detailb_po_CKCA4sLKgvb7CBIccGxheWluZyB3aXRoIGEgZGlmZmVyZW50IHNleBoIYXUgcGFpcnMiA2dwbQ	FEmusic_library_privately_owned_artist_detaila_po_CKCA4sLKgvb7CBIIYXUgcGFpcnM
572	Verse 1	Jah Shaka	Commandments of Dub	INDIFFERENT	2:57	kvz1PjO8kuQ	FEmusic_library_privately_owned_release_detailb_po_CKCA4sLKgvb7CBITY29tbWFuZG1lbnRzIG9mIGR1YhoJamFoIHNoYWthIgNncG0	FEmusic_library_privately_owned_artist_detaila_po_CKCA4sLKgvb7CBIJamFoIHNoYWth
573	Verse 2	Jah Shaka	Commandments of Dub	INDIFFERENT	3:56	UicH1eovxRs	FEmusic_library_privately_owned_release_detailb_po_CKCA4sLKgvb7CBITY29tbWFuZG1lbnRzIG9mIGR1YhoJamFoIHNoYWthIgNncG0	FEmusic_library_privately_owned_artist_detaila_po_CKCA4sLKgvb7CBIJamFoIHNoYWth
574	Verse 3	Jah Shaka	Commandments of Dub	INDIFFERENT	3:27	A7CbdZLTYzI	FEmusic_library_privately_owned_release_detailb_po_CKCA4sLKgvb7CBITY29tbWFuZG1lbnRzIG9mIGR1YhoJamFoIHNoYWthIgNncG0	FEmusic_library_privately_owned_artist_detaila_po_CKCA4sLKgvb7CBIJamFoIHNoYWth
575	Verse 4	Jah Shaka	Commandments of Dub	INDIFFERENT	3:34	KSSBRNw8NZY	FEmusic_library_privately_owned_release_detailb_po_CKCA4sLKgvb7CBITY29tbWFuZG1lbnRzIG9mIGR1YhoJamFoIHNoYWthIgNncG0	FEmusic_library_privately_owned_artist_detaila_po_CKCA4sLKgvb7CBIJamFoIHNoYWth
576	Verse 5	Jah Shaka	Commandments of Dub	INDIFFERENT	3:45	1iBLfh5eLRw	FEmusic_library_privately_owned_release_detailb_po_CKCA4sLKgvb7CBITY29tbWFuZG1lbnRzIG9mIGR1YhoJamFoIHNoYWthIgNncG0	FEmusic_library_privately_owned_artist_detaila_po_CKCA4sLKgvb7CBIJamFoIHNoYWth
577	Verse 7	Jah Shaka	Commandments of Dub	INDIFFERENT	3:45	dVjsilj0ZVY	FEmusic_library_privately_owned_release_detailb_po_CKCA4sLKgvb7CBITY29tbWFuZG1lbnRzIG9mIGR1YhoJamFoIHNoYWthIgNncG0	FEmusic_library_privately_owned_artist_detaila_po_CKCA4sLKgvb7CBIJamFoIHNoYWth
578	Verse 8	Jah Shaka	Commandments of Dub	INDIFFERENT	3:20	blTfjqiun2Y	FEmusic_library_privately_owned_release_detailb_po_CKCA4sLKgvb7CBITY29tbWFuZG1lbnRzIG9mIGR1YhoJamFoIHNoYWthIgNncG0	FEmusic_library_privately_owned_artist_detaila_po_CKCA4sLKgvb7CBIJamFoIHNoYWth
579	Just Drifting (For Caresse)	Psychic TV	Force the Hand of Chance	LIKE	3:38	O4IjBVtnWIo	FEmusic_library_privately_owned_release_detailb_po_CKCA4sLKgvb7CBIYZm9yY2UgdGhlIGhhbmQgb2YgY2hhbmNlGgpwc3ljaGljIHR2IgNncG0	FEmusic_library_privately_owned_artist_detaila_po_CKCA4sLKgvb7CBIKcHN5Y2hpYyB0dg
580	Terminus	Psychic TV	Force the Hand of Chance	INDIFFERENT	13:21	ZsuuQLduRuo	FEmusic_library_privately_owned_release_detailb_po_CKCA4sLKgvb7CBIYZm9yY2UgdGhlIGhhbmQgb2YgY2hhbmNlGgpwc3ljaGljIHR2IgNncG0	FEmusic_library_privately_owned_artist_detaila_po_CKCA4sLKgvb7CBIKcHN5Y2hpYyB0dg
581	Stolen Kisses	Psychic TV	Force the Hand of Chance	LIKE	3:53	9iTkEN3hfUk	FEmusic_library_privately_owned_release_detailb_po_CKCA4sLKgvb7CBIYZm9yY2UgdGhlIGhhbmQgb2YgY2hhbmNlGgpwc3ljaGljIHR2IgNncG0	FEmusic_library_privately_owned_artist_detaila_po_CKCA4sLKgvb7CBIKcHN5Y2hpYyB0dg
582	Caresse	Psychic TV	Force the Hand of Chance	LIKE	2:15	7fKk0wFu1w0	FEmusic_library_privately_owned_release_detailb_po_CKCA4sLKgvb7CBIYZm9yY2UgdGhlIGhhbmQgb2YgY2hhbmNlGgpwc3ljaGljIHR2IgNncG0	FEmusic_library_privately_owned_artist_detaila_po_CKCA4sLKgvb7CBIKcHN5Y2hpYyB0dg
583	Guiltless	Psychic TV	Force the Hand of Chance	INDIFFERENT	8:49	5Bv7DfWwqt8	FEmusic_library_privately_owned_release_detailb_po_CKCA4sLKgvb7CBIYZm9yY2UgdGhlIGhhbmQgb2YgY2hhbmNlGgpwc3ljaGljIHR2IgNncG0	FEmusic_library_privately_owned_artist_detaila_po_CKCA4sLKgvb7CBIKcHN5Y2hpYyB0dg
584	No Go Go	Psychic TV	Force the Hand of Chance	INDIFFERENT	3:49	cn0aY7iaZNQ	FEmusic_library_privately_owned_release_detailb_po_CKCA4sLKgvb7CBIYZm9yY2UgdGhlIGhhbmQgb2YgY2hhbmNlGgpwc3ljaGljIHR2IgNncG0	FEmusic_library_privately_owned_artist_detaila_po_CKCA4sLKgvb7CBIKcHN5Y2hpYyB0dg
585	Ov Power (radio promo mix)	Psychic TV	Force the Hand of Chance	INDIFFERENT	6:23	7E0MmEOBoJU	FEmusic_library_privately_owned_release_detailb_po_CKCA4sLKgvb7CBIYZm9yY2UgdGhlIGhhbmQgb2YgY2hhbmNlGgpwc3ljaGljIHR2IgNncG0	FEmusic_library_privately_owned_artist_detaila_po_CKCA4sLKgvb7CBIKcHN5Y2hpYyB0dg
586	Message from the Temple	Psychic TV	Force the Hand of Chance	INDIFFERENT	5:02	2wh833r5zjw	FEmusic_library_privately_owned_release_detailb_po_CKCA4sLKgvb7CBIYZm9yY2UgdGhlIGhhbmQgb2YgY2hhbmNlGgpwc3ljaGljIHR2IgNncG0	FEmusic_library_privately_owned_artist_detaila_po_CKCA4sLKgvb7CBIKcHN5Y2hpYyB0dg
587	Raga Bhairav	Charanjit Singh	Ten Ragas to a Disco Beat	INDIFFERENT	4:56	0IVrJC8w7Jw	FEmusic_library_privately_owned_release_detailb_po_CKCA4sLKgvb7CBIZdGVuIHJhZ2FzIHRvIGEgZGlzY28gYmVhdBoPY2hhcmFuaml0IHNpbmdoIgNncG0	FEmusic_library_privately_owned_artist_detaila_po_CKCA4sLKgvb7CBIPY2hhcmFuaml0IHNpbmdo
588	Raga Megh Malhar	Charanjit Singh	Ten Ragas to a Disco Beat	INDIFFERENT	4:58	HVDZyKR8ZQU	FEmusic_library_privately_owned_release_detailb_po_CKCA4sLKgvb7CBIZdGVuIHJhZ2FzIHRvIGEgZGlzY28gYmVhdBoPY2hhcmFuaml0IHNpbmdoIgNncG0	FEmusic_library_privately_owned_artist_detaila_po_CKCA4sLKgvb7CBIPY2hhcmFuaml0IHNpbmdo
589	Raga Yaman	Charanjit Singh	Ten Ragas to a Disco Beat	INDIFFERENT	5:03	ACG1OwYHGIw	FEmusic_library_privately_owned_release_detailb_po_CKCA4sLKgvb7CBIZdGVuIHJhZ2FzIHRvIGEgZGlzY28gYmVhdBoPY2hhcmFuaml0IHNpbmdoIgNncG0	FEmusic_library_privately_owned_artist_detaila_po_CKCA4sLKgvb7CBIPY2hhcmFuaml0IHNpbmdo
590	Raga Madhuvanti	Charanjit Singh	Ten Ragas to a Disco Beat	INDIFFERENT	4:56	TI563TMVxz4	FEmusic_library_privately_owned_release_detailb_po_CKCA4sLKgvb7CBIZdGVuIHJhZ2FzIHRvIGEgZGlzY28gYmVhdBoPY2hhcmFuaml0IHNpbmdoIgNncG0	FEmusic_library_privately_owned_artist_detaila_po_CKCA4sLKgvb7CBIPY2hhcmFuaml0IHNpbmdo
591	Raga Bairagi	Charanjit Singh	Ten Ragas to a Disco Beat	INDIFFERENT	5:07	Mz7CTzeue9k	FEmusic_library_privately_owned_release_detailb_po_CKCA4sLKgvb7CBIZdGVuIHJhZ2FzIHRvIGEgZGlzY28gYmVhdBoPY2hhcmFuaml0IHNpbmdoIgNncG0	FEmusic_library_privately_owned_artist_detaila_po_CKCA4sLKgvb7CBIPY2hhcmFuaml0IHNpbmdo
592	Modern Love	David Bowie	Let’s Dance	LIKE	4:47	B0UfILl28C4	FEmusic_library_privately_owned_release_detailb_po_CKCA4sLKgvb7CBINbGV04oCZcyBkYW5jZRoLZGF2aWQgYm93aWUiA2dwbQ	FEmusic_library_privately_owned_artist_detaila_po_CKCA4sLKgvb7CBILZGF2aWQgYm93aWU
593	China Girl	David Bowie	Let’s Dance	LIKE	5:28	NQDlNF8KSLs	FEmusic_library_privately_owned_release_detailb_po_CKCA4sLKgvb7CBINbGV04oCZcyBkYW5jZRoLZGF2aWQgYm93aWUiA2dwbQ	FEmusic_library_privately_owned_artist_detaila_po_CKCA4sLKgvb7CBILZGF2aWQgYm93aWU
594	Let’s Dance	David Bowie	Let’s Dance	LIKE	7:36	Xul0S-tIxL4	FEmusic_library_privately_owned_release_detailb_po_CKCA4sLKgvb7CBINbGV04oCZcyBkYW5jZRoLZGF2aWQgYm93aWUiA2dwbQ	FEmusic_library_privately_owned_artist_detaila_po_CKCA4sLKgvb7CBILZGF2aWQgYm93aWU
595	Without You	David Bowie	Let’s Dance	INDIFFERENT	3:09	GzedOvXww4E	FEmusic_library_privately_owned_release_detailb_po_CKCA4sLKgvb7CBINbGV04oCZcyBkYW5jZRoLZGF2aWQgYm93aWUiA2dwbQ	FEmusic_library_privately_owned_artist_detaila_po_CKCA4sLKgvb7CBILZGF2aWQgYm93aWU
596	Criminal World	David Bowie	Let’s Dance	LIKE	4:24	UCkBykGZ-o0	FEmusic_library_privately_owned_release_detailb_po_CKCA4sLKgvb7CBINbGV04oCZcyBkYW5jZRoLZGF2aWQgYm93aWUiA2dwbQ	FEmusic_library_privately_owned_artist_detaila_po_CKCA4sLKgvb7CBILZGF2aWQgYm93aWU
597	Shake It	David Bowie	Let’s Dance	LIKE	3:47	R-RvQ9C5PXE	FEmusic_library_privately_owned_release_detailb_po_CKCA4sLKgvb7CBINbGV04oCZcyBkYW5jZRoLZGF2aWQgYm93aWUiA2dwbQ	FEmusic_library_privately_owned_artist_detaila_po_CKCA4sLKgvb7CBILZGF2aWQgYm93aWU
598	Synchronicity I	The Police	Synchronicity	INDIFFERENT	3:22	ftuxL03KbNA	FEmusic_library_privately_owned_release_detailb_po_CKCA4sLKgvb7CBINc3luY2hyb25pY2l0eRoGcG9saWNlIgNncG0	FEmusic_library_privately_owned_artist_detaila_po_CKCA4sLKgvb7CBIGcG9saWNl
599	O My God	The Police	Synchronicity	INDIFFERENT	4:02	I4_FFv513u4	FEmusic_library_privately_owned_release_detailb_po_CKCA4sLKgvb7CBINc3luY2hyb25pY2l0eRoGcG9saWNlIgNncG0	FEmusic_library_privately_owned_artist_detaila_po_CKCA4sLKgvb7CBIGcG9saWNl
600	Synchronicity II	The Police	Synchronicity	INDIFFERENT	5:05	r6STyBpS7e0	FEmusic_library_privately_owned_release_detailb_po_CKCA4sLKgvb7CBINc3luY2hyb25pY2l0eRoGcG9saWNlIgNncG0	FEmusic_library_privately_owned_artist_detaila_po_CKCA4sLKgvb7CBIGcG9saWNl
601	Every Breath You Take	The Police	Synchronicity	LIKE	4:14	nCu8VT12ij8	FEmusic_library_privately_owned_release_detailb_po_CKCA4sLKgvb7CBINc3luY2hyb25pY2l0eRoGcG9saWNlIgNncG0	FEmusic_library_privately_owned_artist_detaila_po_CKCA4sLKgvb7CBIGcG9saWNl
602	King of Pain	The Police	Synchronicity	LIKE	4:59	DZF_uWGmWVM	FEmusic_library_privately_owned_release_detailb_po_CKCA4sLKgvb7CBINc3luY2hyb25pY2l0eRoGcG9saWNlIgNncG0	FEmusic_library_privately_owned_artist_detaila_po_CKCA4sLKgvb7CBIGcG9saWNl
603	Wrapped Around Your Finger	The Police	Synchronicity	INDIFFERENT	5:13	uPEBYJpj5u4	FEmusic_library_privately_owned_release_detailb_po_CKCA4sLKgvb7CBINc3luY2hyb25pY2l0eRoGcG9saWNlIgNncG0	FEmusic_library_privately_owned_artist_detaila_po_CKCA4sLKgvb7CBIGcG9saWNl
604	Tea in the Sahara	The Police	Synchronicity	INDIFFERENT	4:15	Xf86uTAxMEk	FEmusic_library_privately_owned_release_detailb_po_CKCA4sLKgvb7CBINc3luY2hyb25pY2l0eRoGcG9saWNlIgNncG0	FEmusic_library_privately_owned_artist_detaila_po_CKCA4sLKgvb7CBIGcG9saWNl
605	Murder by Numbers	The Police	Synchronicity	INDIFFERENT	4:33	2zFV2l9w7yA	FEmusic_library_privately_owned_release_detailb_po_CKCA4sLKgvb7CBINc3luY2hyb25pY2l0eRoGcG9saWNlIgNncG0	FEmusic_library_privately_owned_artist_detaila_po_CKCA4sLKgvb7CBIGcG9saWNl
606	Something to Do	Depeche Mode	Some Great Reward	INDIFFERENT	3:47	ppuiAH3XgBU	FEmusic_library_privately_owned_release_detailb_po_CKCA4sLKgvb7CBIRc29tZSBncmVhdCByZXdhcmQaDGRlcGVjaGUgbW9kZSIDZ3Bt	FEmusic_library_privately_owned_artist_detaila_po_CKCA4sLKgvb7CBIMZGVwZWNoZSBtb2Rl
607	Lie to Me	Depeche Mode	Some Great Reward	INDIFFERENT	5:03	m6L8_UGWhhU	FEmusic_library_privately_owned_release_detailb_po_CKCA4sLKgvb7CBIRc29tZSBncmVhdCByZXdhcmQaDGRlcGVjaGUgbW9kZSIDZ3Bt	FEmusic_library_privately_owned_artist_detaila_po_CKCA4sLKgvb7CBIMZGVwZWNoZSBtb2Rl
608	People Are People	Depeche Mode	Some Great Reward	LIKE	3:43	e0CUFY22oEw	FEmusic_library_privately_owned_release_detailb_po_CKCA4sLKgvb7CBIRc29tZSBncmVhdCByZXdhcmQaDGRlcGVjaGUgbW9kZSIDZ3Bt	FEmusic_library_privately_owned_artist_detaila_po_CKCA4sLKgvb7CBIMZGVwZWNoZSBtb2Rl
609	It Doesn't Matter	Depeche Mode	Some Great Reward	INDIFFERENT	4:45	L9iW_GVaiC8	FEmusic_library_privately_owned_release_detailb_po_CKCA4sLKgvb7CBIRc29tZSBncmVhdCByZXdhcmQaDGRlcGVjaGUgbW9kZSIDZ3Bt	FEmusic_library_privately_owned_artist_detaila_po_CKCA4sLKgvb7CBIMZGVwZWNoZSBtb2Rl
610	Stories of Old	Depeche Mode	Some Great Reward	INDIFFERENT	3:14	TpnWvuP67yo	FEmusic_library_privately_owned_release_detailb_po_CKCA4sLKgvb7CBIRc29tZSBncmVhdCByZXdhcmQaDGRlcGVjaGUgbW9kZSIDZ3Bt	FEmusic_library_privately_owned_artist_detaila_po_CKCA4sLKgvb7CBIMZGVwZWNoZSBtb2Rl
611	Master and Servant	Depeche Mode	Some Great Reward	INDIFFERENT	4:12	xIH3Lneoi04	FEmusic_library_privately_owned_release_detailb_po_CKCA4sLKgvb7CBIRc29tZSBncmVhdCByZXdhcmQaDGRlcGVjaGUgbW9kZSIDZ3Bt	FEmusic_library_privately_owned_artist_detaila_po_CKCA4sLKgvb7CBIMZGVwZWNoZSBtb2Rl
612	Blasphemous Rumours	Depeche Mode	Some Great Reward	INDIFFERENT	6:21	mLiNhcNNV7o	FEmusic_library_privately_owned_release_detailb_po_CKCA4sLKgvb7CBIRc29tZSBncmVhdCByZXdhcmQaDGRlcGVjaGUgbW9kZSIDZ3Bt	FEmusic_library_privately_owned_artist_detaila_po_CKCA4sLKgvb7CBIMZGVwZWNoZSBtb2Rl
613	Fratres	Arvo Pärt	Tabula Rasa	INDIFFERENT	11:27	o3gfuCdYASg	FEmusic_library_privately_owned_release_detailb_po_CKCA4sLKgvb7CBILdGFidWxhIHJhc2EaCWFydm8gcGFydCIDZ3Bt	FEmusic_library_privately_owned_artist_detaila_po_CKCA4sLKgvb7CBIJYXJ2byBwYXJ0
614	Cantus in Memory of Benjamin Britten	Arvo Pärt	Tabula Rasa	INDIFFERENT	5:08	2zTvBPSPbco	FEmusic_library_privately_owned_release_detailb_po_CKCA4sLKgvb7CBILdGFidWxhIHJhc2EaCWFydm8gcGFydCIDZ3Bt	FEmusic_library_privately_owned_artist_detaila_po_CKCA4sLKgvb7CBIJYXJ2byBwYXJ0
615	Tabula Rasa	Arvo Pärt	Tabula Rasa	INDIFFERENT	26:18	4dKnyP7WpgI	FEmusic_library_privately_owned_release_detailb_po_CKCA4sLKgvb7CBILdGFidWxhIHJhc2EaCWFydm8gcGFydCIDZ3Bt	FEmusic_library_privately_owned_artist_detaila_po_CKCA4sLKgvb7CBIJYXJ2byBwYXJ0
616	The Girl Who Fell From the Sky	久石譲	Laputa: The Castle in the Sky	LIKE	2:27	x3z4h2WgUrU	FEmusic_library_privately_owned_release_detailb_po_CKCA4sLKgvb7CBIcbGFwdXRhIHRoZSBjYXN0bGUgaW4gdGhlIHNreRoJ5LmF55-z6K2yIgNncG0	FEmusic_library_privately_owned_artist_detaila_po_CKCA4sLKgvb7CBIJ5LmF55-z6K2y
617	Morning in Slagg's Ravine	久石譲	Laputa: The Castle in the Sky	LIKE	3:04	vDpnCuQa6Fs	FEmusic_library_privately_owned_release_detailb_po_CKCA4sLKgvb7CBIcbGFwdXRhIHRoZSBjYXN0bGUgaW4gdGhlIHNreRoJ5LmF55-z6K2yIgNncG0	FEmusic_library_privately_owned_artist_detaila_po_CKCA4sLKgvb7CBIJ5LmF55-z6K2y
618	Memories of Gondoa	久石譲	Laputa: The Castle in the Sky	LIKE	2:46	b-MFXehCVbE	FEmusic_library_privately_owned_release_detailb_po_CKCA4sLKgvb7CBIcbGFwdXRhIHRoZSBjYXN0bGUgaW4gdGhlIHNreRoJ5LmF55-z6K2yIgNncG0	FEmusic_library_privately_owned_artist_detaila_po_CKCA4sLKgvb7CBIJ5LmF55-z6K2y
619	Discouraged Pazu	久石譲	Laputa: The Castle in the Sky	LIKE	1:46	UdvmK2gZa6A	FEmusic_library_privately_owned_release_detailb_po_CKCA4sLKgvb7CBIcbGFwdXRhIHRoZSBjYXN0bGUgaW4gdGhlIHNreRoJ5LmF55-z6K2yIgNncG0	FEmusic_library_privately_owned_artist_detaila_po_CKCA4sLKgvb7CBIJ5LmF55-z6K2y
620	Robot Soldier (Resurrection Rescue)	久石譲	Laputa: The Castle in the Sky	INDIFFERENT	2:34	zFAWoEMLhgA	FEmusic_library_privately_owned_release_detailb_po_CKCA4sLKgvb7CBIcbGFwdXRhIHRoZSBjYXN0bGUgaW4gdGhlIHNreRoJ5LmF55-z6K2yIgNncG0	FEmusic_library_privately_owned_artist_detaila_po_CKCA4sLKgvb7CBIJ5LmF55-z6K2y
621	Sheeta's Decision	久石譲	Laputa: The Castle in the Sky	INDIFFERENT	2:05	hLSwEhcxXh8	FEmusic_library_privately_owned_release_detailb_po_CKCA4sLKgvb7CBIcbGFwdXRhIHRoZSBjYXN0bGUgaW4gdGhlIHNreRoJ5LmF55-z6K2yIgNncG0	FEmusic_library_privately_owned_artist_detaila_po_CKCA4sLKgvb7CBIJ5LmF55-z6K2y
622	Moonlit Sea of Clouds	久石譲	Laputa: The Castle in the Sky	INDIFFERENT	2:33	ry9BG5shYrk	FEmusic_library_privately_owned_release_detailb_po_CKCA4sLKgvb7CBIcbGFwdXRhIHRoZSBjYXN0bGUgaW4gdGhlIHNreRoJ5LmF55-z6K2yIgNncG0	FEmusic_library_privately_owned_artist_detaila_po_CKCA4sLKgvb7CBIJ5LmF55-z6K2y
623	Laputa the Castle in the Sky	久石譲	Laputa: The Castle in the Sky	INDIFFERENT	4:36	Kw44IIvVfnk	FEmusic_library_privately_owned_release_detailb_po_CKCA4sLKgvb7CBIcbGFwdXRhIHRoZSBjYXN0bGUgaW4gdGhlIHNreRoJ5LmF55-z6K2yIgNncG0	FEmusic_library_privately_owned_artist_detaila_po_CKCA4sLKgvb7CBIJ5LmF55-z6K2y
624	The Collapse of Laputa - Suginami Children's Choir	久石譲	Laputa: The Castle in the Sky	LIKE	2:00	LHv-OZViIe0	FEmusic_library_privately_owned_release_detailb_po_CKCA4sLKgvb7CBIcbGFwdXRhIHRoZSBjYXN0bGUgaW4gdGhlIHNreRoJ5LmF55-z6K2yIgNncG0	FEmusic_library_privately_owned_artist_detaila_po_CKCA4sLKgvb7CBIJ5LmF55-z6K2y
625	Carrying You, Chorus Version	久石譲	Laputa: The Castle in the Sky	INDIFFERENT	4:07	XwRnejwYWzc	FEmusic_library_privately_owned_release_detailb_po_CKCA4sLKgvb7CBIcbGFwdXRhIHRoZSBjYXN0bGUgaW4gdGhlIHNreRoJ5LmF55-z6K2yIgNncG0	FEmusic_library_privately_owned_artist_detaila_po_CKCA4sLKgvb7CBIJ5LmF55-z6K2y
626	Losing Touch With My Mind	Spacemen 3	Sound of Confusion	INDIFFERENT	5:33	BXzPpBwMMjE	FEmusic_library_privately_owned_release_detailb_po_CKCA4sLKgvb7CBISc291bmQgb2YgY29uZnVzaW9uGgpzcGFjZW1lbiAzIgNncG0	FEmusic_library_privately_owned_artist_detaila_po_CKCA4sLKgvb7CBIKc3BhY2VtZW4gMw
627	Hey Man	Spacemen 3	Sound of Confusion	LIKE	4:52	OH8gcDadNrI	FEmusic_library_privately_owned_release_detailb_po_CKCA4sLKgvb7CBISc291bmQgb2YgY29uZnVzaW9uGgpzcGFjZW1lbiAzIgNncG0	FEmusic_library_privately_owned_artist_detaila_po_CKCA4sLKgvb7CBIKc3BhY2VtZW4gMw
628	Rollercoaster	Spacemen 3	Sound of Confusion	INDIFFERENT	7:50	APrQi_Z1uaA	FEmusic_library_privately_owned_release_detailb_po_CKCA4sLKgvb7CBISc291bmQgb2YgY29uZnVzaW9uGgpzcGFjZW1lbiAzIgNncG0	FEmusic_library_privately_owned_artist_detaila_po_CKCA4sLKgvb7CBIKc3BhY2VtZW4gMw
629	Mary Anne	Spacemen 3	Sound of Confusion	INDIFFERENT	4:15	QiDh4ny4Mbc	FEmusic_library_privately_owned_release_detailb_po_CKCA4sLKgvb7CBISc291bmQgb2YgY29uZnVzaW9uGgpzcGFjZW1lbiAzIgNncG0	FEmusic_library_privately_owned_artist_detaila_po_CKCA4sLKgvb7CBIKc3BhY2VtZW4gMw
630	Little Doll	Spacemen 3	Sound of Confusion	INDIFFERENT	5:26	mSKqjw3o76Q	FEmusic_library_privately_owned_release_detailb_po_CKCA4sLKgvb7CBISc291bmQgb2YgY29uZnVzaW9uGgpzcGFjZW1lbiAzIgNncG0	FEmusic_library_privately_owned_artist_detaila_po_CKCA4sLKgvb7CBIKc3BhY2VtZW4gMw
631	2.35	Spacemen 3	Sound of Confusion	LIKE	3:10	Y7BZld1ocv4	FEmusic_library_privately_owned_release_detailb_po_CKCA4sLKgvb7CBISc291bmQgb2YgY29uZnVzaW9uGgpzcGFjZW1lbiAzIgNncG0	FEmusic_library_privately_owned_artist_detaila_po_CKCA4sLKgvb7CBIKc3BhY2VtZW4gMw
632	O.D. Catastrophe	Spacemen 3	Sound of Confusion	INDIFFERENT	8:53	SCGa9IP_fsU	FEmusic_library_privately_owned_release_detailb_po_CKCA4sLKgvb7CBISc291bmQgb2YgY29uZnVzaW9uGgpzcGFjZW1lbiAzIgNncG0	FEmusic_library_privately_owned_artist_detaila_po_CKCA4sLKgvb7CBIKc3BhY2VtZW4gMw
633	In My Garden	Swans	Children of God	INDIFFERENT	5:34	Ioni4YiUSw4	FEmusic_library_privately_owned_release_detailb_po_CKCA4sLKgvb7CBIPY2hpbGRyZW4gb2YgZ29kGgVzd2FucyIDZ3Bt	FEmusic_library_privately_owned_artist_detaila_po_CKCA4sLKgvb7CBIFc3dhbnM
634	Sex, God, Sex	Swans	Children of God	INDIFFERENT	6:48	vKsZLlgaYOM	FEmusic_library_privately_owned_release_detailb_po_CKCA4sLKgvb7CBIPY2hpbGRyZW4gb2YgZ29kGgVzd2FucyIDZ3Bt	FEmusic_library_privately_owned_artist_detaila_po_CKCA4sLKgvb7CBIFc3dhbnM
635	Like a Drug (Sha La La La)	Swans	Children of God	INDIFFERENT	5:35	CQhnDDsAqm4	FEmusic_library_privately_owned_release_detailb_po_CKCA4sLKgvb7CBIPY2hpbGRyZW4gb2YgZ29kGgVzd2FucyIDZ3Bt	FEmusic_library_privately_owned_artist_detaila_po_CKCA4sLKgvb7CBIFc3dhbnM
636	You're Not Real, Girl	Swans	Children of God	INDIFFERENT	4:21	MBsoQ-DjCPw	FEmusic_library_privately_owned_release_detailb_po_CKCA4sLKgvb7CBIPY2hpbGRyZW4gb2YgZ29kGgVzd2FucyIDZ3Bt	FEmusic_library_privately_owned_artist_detaila_po_CKCA4sLKgvb7CBIFc3dhbnM
637	Blackmail	Swans	Children of God	INDIFFERENT	3:34	EZNnDlx8r5A	FEmusic_library_privately_owned_release_detailb_po_CKCA4sLKgvb7CBIPY2hpbGRyZW4gb2YgZ29kGgVzd2FucyIDZ3Bt	FEmusic_library_privately_owned_artist_detaila_po_CKCA4sLKgvb7CBIFc3dhbnM
638	Trust Me	Swans	Children of God	INDIFFERENT	4:27	eodlmm7NfVs	FEmusic_library_privately_owned_release_detailb_po_CKCA4sLKgvb7CBIPY2hpbGRyZW4gb2YgZ29kGgVzd2FucyIDZ3Bt	FEmusic_library_privately_owned_artist_detaila_po_CKCA4sLKgvb7CBIFc3dhbnM
639	[untitled]	Swans	Children of God	INDIFFERENT	0:57	Z_BBo3hVPrI	FEmusic_library_privately_owned_release_detailb_po_CKCA4sLKgvb7CBIPY2hpbGRyZW4gb2YgZ29kGgVzd2FucyIDZ3Bt	FEmusic_library_privately_owned_artist_detaila_po_CKCA4sLKgvb7CBIFc3dhbnM
640	Real Love	Swans	Children of God	INDIFFERENT	6:23	lDc2yfTS3Z0	FEmusic_library_privately_owned_release_detailb_po_CKCA4sLKgvb7CBIPY2hpbGRyZW4gb2YgZ29kGgVzd2FucyIDZ3Bt	FEmusic_library_privately_owned_artist_detaila_po_CKCA4sLKgvb7CBIFc3dhbnM
641	Blind Love	Swans	Children of God	INDIFFERENT	7:46	lLzYin_cbEY	FEmusic_library_privately_owned_release_detailb_po_CKCA4sLKgvb7CBIPY2hpbGRyZW4gb2YgZ29kGgVzd2FucyIDZ3Bt	FEmusic_library_privately_owned_artist_detaila_po_CKCA4sLKgvb7CBIFc3dhbnM
642	Children of God	Swans	Children of God	INDIFFERENT	4:33	Dn2znJGHbCQ	FEmusic_library_privately_owned_release_detailb_po_CKCA4sLKgvb7CBIPY2hpbGRyZW4gb2YgZ29kGgVzd2FucyIDZ3Bt	FEmusic_library_privately_owned_artist_detaila_po_CKCA4sLKgvb7CBIFc3dhbnM
643	Take Me to the Other Side	Spacemen 3	The Perfect Prescription	INDIFFERENT	4:39	DbtoqvN4CO4	FEmusic_library_privately_owned_release_detailb_po_CKCA4sLKgvb7CBIUcGVyZmVjdCBwcmVzY3JpcHRpb24aCnNwYWNlbWVuIDMiA2dwbQ	FEmusic_library_privately_owned_artist_detaila_po_CKCA4sLKgvb7CBIKc3BhY2VtZW4gMw
644	Walkin' With Jesus	Spacemen 3	The Perfect Prescription	INDIFFERENT	5:09	30fEUHBcvIw	FEmusic_library_privately_owned_release_detailb_po_CKCA4sLKgvb7CBIUcGVyZmVjdCBwcmVzY3JpcHRpb24aCnNwYWNlbWVuIDMiA2dwbQ	FEmusic_library_privately_owned_artist_detaila_po_CKCA4sLKgvb7CBIKc3BhY2VtZW4gMw
645	Ode to Street Hassle	Spacemen 3	The Perfect Prescription	LIKE	4:00	1FeYQRuer50	FEmusic_library_privately_owned_release_detailb_po_CKCA4sLKgvb7CBIUcGVyZmVjdCBwcmVzY3JpcHRpb24aCnNwYWNlbWVuIDMiA2dwbQ	FEmusic_library_privately_owned_artist_detaila_po_CKCA4sLKgvb7CBIKc3BhY2VtZW4gMw
646	Feel So Good	Spacemen 3	The Perfect Prescription	LIKE	5:30	-aPbjm3E0IY	FEmusic_library_privately_owned_release_detailb_po_CKCA4sLKgvb7CBIUcGVyZmVjdCBwcmVzY3JpcHRpb24aCnNwYWNlbWVuIDMiA2dwbQ	FEmusic_library_privately_owned_artist_detaila_po_CKCA4sLKgvb7CBIKc3BhY2VtZW4gMw
647	Things'll Never Be the Same	Spacemen 3	The Perfect Prescription	INDIFFERENT	6:03	Qg_1DHJvAQI	FEmusic_library_privately_owned_release_detailb_po_CKCA4sLKgvb7CBIUcGVyZmVjdCBwcmVzY3JpcHRpb24aCnNwYWNlbWVuIDMiA2dwbQ	FEmusic_library_privately_owned_artist_detaila_po_CKCA4sLKgvb7CBIKc3BhY2VtZW4gMw
648	Come Down Easy	Spacemen 3	The Perfect Prescription	INDIFFERENT	6:48	RAXUDmtiX1E	FEmusic_library_privately_owned_release_detailb_po_CKCA4sLKgvb7CBIUcGVyZmVjdCBwcmVzY3JpcHRpb24aCnNwYWNlbWVuIDMiA2dwbQ	FEmusic_library_privately_owned_artist_detaila_po_CKCA4sLKgvb7CBIKc3BhY2VtZW4gMw
649	Call the Doctor	Spacemen 3	The Perfect Prescription	LIKE	3:50	lxpRFlhvDfs	FEmusic_library_privately_owned_release_detailb_po_CKCA4sLKgvb7CBIUcGVyZmVjdCBwcmVzY3JpcHRpb24aCnNwYWNlbWVuIDMiA2dwbQ	FEmusic_library_privately_owned_artist_detaila_po_CKCA4sLKgvb7CBIKc3BhY2VtZW4gMw
650	Rollercoaster	Spacemen 3	The Perfect Prescription	INDIFFERENT	17:38	kINQfIgiJZs	FEmusic_library_privately_owned_release_detailb_po_CKCA4sLKgvb7CBIUcGVyZmVjdCBwcmVzY3JpcHRpb24aCnNwYWNlbWVuIDMiA2dwbQ	FEmusic_library_privately_owned_artist_detaila_po_CKCA4sLKgvb7CBIKc3BhY2VtZW4gMw
651	Vanishing Girl	The Dukes of Stratosphear	Psonic Psunspot	LIKE	3:00	B1zKcw020N4	FEmusic_library_privately_owned_release_detailb_po_CKCA4sLKgvb7CBIPcHNvbmljIHBzdW5zcG90GhVkdWtlcyBvZiBzdHJhdG9zcGhlYXIiA2dwbQ	FEmusic_library_privately_owned_artist_detaila_po_CKCA4sLKgvb7CBIVZHVrZXMgb2Ygc3RyYXRvc3BoZWFy
652	Have You Seen Jackie?	The Dukes of Stratosphear	Psonic Psunspot	LIKE	3:21	fv7_fGQKhVc	FEmusic_library_privately_owned_release_detailb_po_CKCA4sLKgvb7CBIPcHNvbmljIHBzdW5zcG90GhVkdWtlcyBvZiBzdHJhdG9zcGhlYXIiA2dwbQ	FEmusic_library_privately_owned_artist_detaila_po_CKCA4sLKgvb7CBIVZHVrZXMgb2Ygc3RyYXRvc3BoZWFy
653	Little Lighthouse	The Dukes of Stratosphear	Psonic Psunspot	LIKE	4:31	2FIjMpgtPKg	FEmusic_library_privately_owned_release_detailb_po_CKCA4sLKgvb7CBIPcHNvbmljIHBzdW5zcG90GhVkdWtlcyBvZiBzdHJhdG9zcGhlYXIiA2dwbQ	FEmusic_library_privately_owned_artist_detaila_po_CKCA4sLKgvb7CBIVZHVrZXMgb2Ygc3RyYXRvc3BoZWFy
654	You're a Good Man Albert Brown (Curse You Red Barrel)	The Dukes of Stratosphear	Psonic Psunspot	INDIFFERENT	3:38	ZxirnSfr0IM	FEmusic_library_privately_owned_release_detailb_po_CKCA4sLKgvb7CBIPcHNvbmljIHBzdW5zcG90GhVkdWtlcyBvZiBzdHJhdG9zcGhlYXIiA2dwbQ	FEmusic_library_privately_owned_artist_detaila_po_CKCA4sLKgvb7CBIVZHVrZXMgb2Ygc3RyYXRvc3BoZWFy
655	Collideascope	The Dukes of Stratosphear	Psonic Psunspot	LIKE	3:23	NH1OJs6F048	FEmusic_library_privately_owned_release_detailb_po_CKCA4sLKgvb7CBIPcHNvbmljIHBzdW5zcG90GhVkdWtlcyBvZiBzdHJhdG9zcGhlYXIiA2dwbQ	FEmusic_library_privately_owned_artist_detaila_po_CKCA4sLKgvb7CBIVZHVrZXMgb2Ygc3RyYXRvc3BoZWFy
656	You're My Drug	The Dukes of Stratosphear	Psonic Psunspot	LIKE	3:19	g6KngAHQFFQ	FEmusic_library_privately_owned_release_detailb_po_CKCA4sLKgvb7CBIPcHNvbmljIHBzdW5zcG90GhVkdWtlcyBvZiBzdHJhdG9zcGhlYXIiA2dwbQ	FEmusic_library_privately_owned_artist_detaila_po_CKCA4sLKgvb7CBIVZHVrZXMgb2Ygc3RyYXRvc3BoZWFy
657	Shiny Cage	The Dukes of Stratosphear	Psonic Psunspot	LIKE	3:17	Jvlx7dE5ei8	FEmusic_library_privately_owned_release_detailb_po_CKCA4sLKgvb7CBIPcHNvbmljIHBzdW5zcG90GhVkdWtlcyBvZiBzdHJhdG9zcGhlYXIiA2dwbQ	FEmusic_library_privately_owned_artist_detaila_po_CKCA4sLKgvb7CBIVZHVrZXMgb2Ygc3RyYXRvc3BoZWFy
658	Brainiac's Daughter	The Dukes of Stratosphear	Psonic Psunspot	LIKE	3:59	wd1xMdbnKlM	FEmusic_library_privately_owned_release_detailb_po_CKCA4sLKgvb7CBIPcHNvbmljIHBzdW5zcG90GhVkdWtlcyBvZiBzdHJhdG9zcGhlYXIiA2dwbQ	FEmusic_library_privately_owned_artist_detaila_po_CKCA4sLKgvb7CBIVZHVrZXMgb2Ygc3RyYXRvc3BoZWFy
659	The Affiliated	The Dukes of Stratosphear	Psonic Psunspot	LIKE	2:31	kCwpPhlmKvY	FEmusic_library_privately_owned_release_detailb_po_CKCA4sLKgvb7CBIPcHNvbmljIHBzdW5zcG90GhVkdWtlcyBvZiBzdHJhdG9zcGhlYXIiA2dwbQ	FEmusic_library_privately_owned_artist_detaila_po_CKCA4sLKgvb7CBIVZHVrZXMgb2Ygc3RyYXRvc3BoZWFy
660	Pale and Precious	The Dukes of Stratosphear	Psonic Psunspot	LIKE	4:55	RlNvfKWDpGg	FEmusic_library_privately_owned_release_detailb_po_CKCA4sLKgvb7CBIPcHNvbmljIHBzdW5zcG90GhVkdWtlcyBvZiBzdHJhdG9zcGhlYXIiA2dwbQ	FEmusic_library_privately_owned_artist_detaila_po_CKCA4sLKgvb7CBIVZHVrZXMgb2Ygc3RyYXRvc3BoZWFy
661	Cricket Voice	Hildergard Westerkamp	Transformations	LIKE	11:02	anT795DN3oQ	FEmusic_library_privately_owned_release_detailb_po_CKCA4sLKgvb7CBIPdHJhbnNmb3JtYXRpb25zGhVoaWxkZXJnYXJkIHdlc3RlcmthbXAiA2dwbQ	FEmusic_library_privately_owned_artist_detaila_po_CKCA4sLKgvb7CBIVaGlsZGVyZ2FyZCB3ZXN0ZXJrYW1w
662	Teen Age Riot	Sonic Youth	Daydream Nation	LIKE	6:58	Zjo49DjJH-8	FEmusic_library_privately_owned_release_detailb_po_CKCA4sLKgvb7CBIPZGF5ZHJlYW0gbmF0aW9uGgtzb25pYyB5b3V0aCIDZ3Bt	FEmusic_library_privately_owned_artist_detaila_po_CKCA4sLKgvb7CBILc29uaWMgeW91dGg
663	Silver Rocket	Sonic Youth	Daydream Nation	INDIFFERENT	3:47	W_1583RFvAk	FEmusic_library_privately_owned_release_detailb_po_CKCA4sLKgvb7CBIPZGF5ZHJlYW0gbmF0aW9uGgtzb25pYyB5b3V0aCIDZ3Bt	FEmusic_library_privately_owned_artist_detaila_po_CKCA4sLKgvb7CBILc29uaWMgeW91dGg
664	The Sprawl	Sonic Youth	Daydream Nation	LIKE	7:42	BuQEEFTOry4	FEmusic_library_privately_owned_release_detailb_po_CKCA4sLKgvb7CBIPZGF5ZHJlYW0gbmF0aW9uGgtzb25pYyB5b3V0aCIDZ3Bt	FEmusic_library_privately_owned_artist_detaila_po_CKCA4sLKgvb7CBILc29uaWMgeW91dGg
665	’Cross the Breeze	Sonic Youth	Daydream Nation	LIKE	7:00	i40zjny4RrY	FEmusic_library_privately_owned_release_detailb_po_CKCA4sLKgvb7CBIPZGF5ZHJlYW0gbmF0aW9uGgtzb25pYyB5b3V0aCIDZ3Bt	FEmusic_library_privately_owned_artist_detaila_po_CKCA4sLKgvb7CBILc29uaWMgeW91dGg
666	Total Trash	Sonic Youth	Daydream Nation	INDIFFERENT	7:33	XmMaw4sstj0	FEmusic_library_privately_owned_release_detailb_po_CKCA4sLKgvb7CBIPZGF5ZHJlYW0gbmF0aW9uGgtzb25pYyB5b3V0aCIDZ3Bt	FEmusic_library_privately_owned_artist_detaila_po_CKCA4sLKgvb7CBILc29uaWMgeW91dGg
667	Hey Joni	Sonic Youth	Daydream Nation	INDIFFERENT	4:23	bPKrmBheYf4	FEmusic_library_privately_owned_release_detailb_po_CKCA4sLKgvb7CBIPZGF5ZHJlYW0gbmF0aW9uGgtzb25pYyB5b3V0aCIDZ3Bt	FEmusic_library_privately_owned_artist_detaila_po_CKCA4sLKgvb7CBILc29uaWMgeW91dGg
668	Candle	Sonic Youth	Daydream Nation	INDIFFERENT	4:58	-295pS9ZKyA	FEmusic_library_privately_owned_release_detailb_po_CKCA4sLKgvb7CBIPZGF5ZHJlYW0gbmF0aW9uGgtzb25pYyB5b3V0aCIDZ3Bt	FEmusic_library_privately_owned_artist_detaila_po_CKCA4sLKgvb7CBILc29uaWMgeW91dGg
669	Johny Hit and Run Paulene	X	Los Angeles / Wild Gift	INDIFFERENT	2:50	2dEr6w3s48A	FEmusic_library_privately_owned_release_detailb_po_CKCA4sLKgvb7CBIVbG9zIGFuZ2VsZXMgd2lsZCBnaWZ0GgF4IgNncG0	FEmusic_library_privately_owned_artist_detaila_po_CKCA4sLKgvb7CBIBeA
670	Soul Kitchen	X	Los Angeles / Wild Gift	INDIFFERENT	2:25	7clcXdLPDUo	FEmusic_library_privately_owned_release_detailb_po_CKCA4sLKgvb7CBIVbG9zIGFuZ2VsZXMgd2lsZCBnaWZ0GgF4IgNncG0	FEmusic_library_privately_owned_artist_detaila_po_CKCA4sLKgvb7CBIBeA
671	Nausea	X	Los Angeles / Wild Gift	INDIFFERENT	3:40	3zhwtSvKzkk	FEmusic_library_privately_owned_release_detailb_po_CKCA4sLKgvb7CBIVbG9zIGFuZ2VsZXMgd2lsZCBnaWZ0GgF4IgNncG0	FEmusic_library_privately_owned_artist_detaila_po_CKCA4sLKgvb7CBIBeA
672	Los Angeles	X	Los Angeles / Wild Gift	LIKE	2:24	QdFEwCMMwik	FEmusic_library_privately_owned_release_detailb_po_CKCA4sLKgvb7CBIVbG9zIGFuZ2VsZXMgd2lsZCBnaWZ0GgF4IgNncG0	FEmusic_library_privately_owned_artist_detaila_po_CKCA4sLKgvb7CBIBeA
673	The Unheard Music	X	Los Angeles / Wild Gift	LIKE	4:49	NhxNWJZwHSs	FEmusic_library_privately_owned_release_detailb_po_CKCA4sLKgvb7CBIVbG9zIGFuZ2VsZXMgd2lsZCBnaWZ0GgF4IgNncG0	FEmusic_library_privately_owned_artist_detaila_po_CKCA4sLKgvb7CBIBeA
674	The World's a Mess, It's in My Kiss	X	Los Angeles / Wild Gift	INDIFFERENT	4:30	EZRxx6UwHLo	FEmusic_library_privately_owned_release_detailb_po_CKCA4sLKgvb7CBIVbG9zIGFuZ2VsZXMgd2lsZCBnaWZ0GgF4IgNncG0	FEmusic_library_privately_owned_artist_detaila_po_CKCA4sLKgvb7CBIBeA
675	The Once Over Twice	X	Los Angeles / Wild Gift	INDIFFERENT	2:30	94RMIBbRSDU	FEmusic_library_privately_owned_release_detailb_po_CKCA4sLKgvb7CBIVbG9zIGFuZ2VsZXMgd2lsZCBnaWZ0GgF4IgNncG0	FEmusic_library_privately_owned_artist_detaila_po_CKCA4sLKgvb7CBIBeA
676	Adult Books	X	Los Angeles / Wild Gift	LIKE	3:19	pn6wrSZTy6M	FEmusic_library_privately_owned_release_detailb_po_CKCA4sLKgvb7CBIVbG9zIGFuZ2VsZXMgd2lsZCBnaWZ0GgF4IgNncG0	FEmusic_library_privately_owned_artist_detaila_po_CKCA4sLKgvb7CBIBeA
677	Beyond and Back	X	Los Angeles / Wild Gift	INDIFFERENT	2:49	T6LgfO968Ig	FEmusic_library_privately_owned_release_detailb_po_CKCA4sLKgvb7CBIVbG9zIGFuZ2VsZXMgd2lsZCBnaWZ0GgF4IgNncG0	FEmusic_library_privately_owned_artist_detaila_po_CKCA4sLKgvb7CBIBeA
678	Opel	Syd Barrett	Opel	INDIFFERENT	6:27	NDDPXSaxVRg	FEmusic_library_privately_owned_release_detailb_po_CKCA4sLKgvb7CBIEb3BlbBoLc3lkIGJhcnJldHQiA2dwbQ	FEmusic_library_privately_owned_artist_detaila_po_CKCA4sLKgvb7CBILc3lkIGJhcnJldHQ
679	Golden Hair (vocal version)	Syd Barrett	Opel	INDIFFERENT	1:45	iOAery4nG2c	FEmusic_library_privately_owned_release_detailb_po_CKCA4sLKgvb7CBIEb3BlbBoLc3lkIGJhcnJldHQiA2dwbQ	FEmusic_library_privately_owned_artist_detaila_po_CKCA4sLKgvb7CBILc3lkIGJhcnJldHQ
680	Word Song	Syd Barrett	Opel	INDIFFERENT	3:20	RwAxv1Eaqzc	FEmusic_library_privately_owned_release_detailb_po_CKCA4sLKgvb7CBIEb3BlbBoLc3lkIGJhcnJldHQiA2dwbQ	FEmusic_library_privately_owned_artist_detaila_po_CKCA4sLKgvb7CBILc3lkIGJhcnJldHQ
681	Swan Lee (Silas Lang)	Syd Barrett	Opel	INDIFFERENT	3:14	hST6uIyPyfE	FEmusic_library_privately_owned_release_detailb_po_CKCA4sLKgvb7CBIEb3BlbBoLc3lkIGJhcnJldHQiA2dwbQ	FEmusic_library_privately_owned_artist_detaila_po_CKCA4sLKgvb7CBILc3lkIGJhcnJldHQ
682	Wouldn't You Miss Me (Dark Globe)	Syd Barrett	Opel	INDIFFERENT	3:01	N42eDVJfjOg	FEmusic_library_privately_owned_release_detailb_po_CKCA4sLKgvb7CBIEb3BlbBoLc3lkIGJhcnJldHQiA2dwbQ	FEmusic_library_privately_owned_artist_detaila_po_CKCA4sLKgvb7CBILc3lkIGJhcnJldHQ
683	Milky Way	Syd Barrett	Opel	INDIFFERENT	3:08	6RbsUQYqRjY	FEmusic_library_privately_owned_release_detailb_po_CKCA4sLKgvb7CBIEb3BlbBoLc3lkIGJhcnJldHQiA2dwbQ	FEmusic_library_privately_owned_artist_detaila_po_CKCA4sLKgvb7CBILc3lkIGJhcnJldHQ
684	Golden Hair (instrumental)	Syd Barrett	Opel	INDIFFERENT	1:50	EZRUpcWwP-I	FEmusic_library_privately_owned_release_detailb_po_CKCA4sLKgvb7CBIEb3BlbBoLc3lkIGJhcnJldHQiA2dwbQ	FEmusic_library_privately_owned_artist_detaila_po_CKCA4sLKgvb7CBILc3lkIGJhcnJldHQ
685	Love Me Do	The Beatles	Past Masters, Volume One	INDIFFERENT	2:25	I3sevGs2Pvo	FEmusic_library_privately_owned_release_detailb_po_CKCA4sLKgvb7CBIXcGFzdCBtYXN0ZXJzIHZvbHVtZSBvbmUaB2JlYXRsZXMiA2dwbQ	FEmusic_library_privately_owned_artist_detaila_po_CKCA4sLKgvb7CBIHYmVhdGxlcw
686	From Me to You	The Beatles	Past Masters, Volume One	LIKE	1:57	AO2ACesXJJU	FEmusic_library_privately_owned_release_detailb_po_CKCA4sLKgvb7CBIXcGFzdCBtYXN0ZXJzIHZvbHVtZSBvbmUaB2JlYXRsZXMiA2dwbQ	FEmusic_library_privately_owned_artist_detaila_po_CKCA4sLKgvb7CBIHYmVhdGxlcw
687	Thank You Girl	The Beatles	Past Masters, Volume One	INDIFFERENT	2:03	_A66TF06jzE	FEmusic_library_privately_owned_release_detailb_po_CKCA4sLKgvb7CBIXcGFzdCBtYXN0ZXJzIHZvbHVtZSBvbmUaB2JlYXRsZXMiA2dwbQ	FEmusic_library_privately_owned_artist_detaila_po_CKCA4sLKgvb7CBIHYmVhdGxlcw
688	She Loves You	The Beatles	Past Masters, Volume One	LIKE	2:21	o0Qvm-DFwoo	FEmusic_library_privately_owned_release_detailb_po_CKCA4sLKgvb7CBIXcGFzdCBtYXN0ZXJzIHZvbHVtZSBvbmUaB2JlYXRsZXMiA2dwbQ	FEmusic_library_privately_owned_artist_detaila_po_CKCA4sLKgvb7CBIHYmVhdGxlcw
689	I Want to Hold Your Hand	The Beatles	Past Masters, Volume One	LIKE	2:26	6gYS4TM0P70	FEmusic_library_privately_owned_release_detailb_po_CKCA4sLKgvb7CBIXcGFzdCBtYXN0ZXJzIHZvbHVtZSBvbmUaB2JlYXRsZXMiA2dwbQ	FEmusic_library_privately_owned_artist_detaila_po_CKCA4sLKgvb7CBIHYmVhdGxlcw
690	This Boy	The Beatles	Past Masters, Volume One	LIKE	2:16	IJWxXfhogWg	FEmusic_library_privately_owned_release_detailb_po_CKCA4sLKgvb7CBIXcGFzdCBtYXN0ZXJzIHZvbHVtZSBvbmUaB2JlYXRsZXMiA2dwbQ	FEmusic_library_privately_owned_artist_detaila_po_CKCA4sLKgvb7CBIHYmVhdGxlcw
691	Long Tall Sally	The Beatles	Past Masters, Volume One	INDIFFERENT	2:02	AsirnowPxfs	FEmusic_library_privately_owned_release_detailb_po_CKCA4sLKgvb7CBIXcGFzdCBtYXN0ZXJzIHZvbHVtZSBvbmUaB2JlYXRsZXMiA2dwbQ	FEmusic_library_privately_owned_artist_detaila_po_CKCA4sLKgvb7CBIHYmVhdGxlcw
692	I Call Your Name	The Beatles	Past Masters, Volume One	LIKE	2:09	b-qZidTLg_w	FEmusic_library_privately_owned_release_detailb_po_CKCA4sLKgvb7CBIXcGFzdCBtYXN0ZXJzIHZvbHVtZSBvbmUaB2JlYXRsZXMiA2dwbQ	FEmusic_library_privately_owned_artist_detaila_po_CKCA4sLKgvb7CBIHYmVhdGxlcw
693	Slow Down	The Beatles	Past Masters, Volume One	INDIFFERENT	2:56	wfIryGLsjZY	FEmusic_library_privately_owned_release_detailb_po_CKCA4sLKgvb7CBIXcGFzdCBtYXN0ZXJzIHZvbHVtZSBvbmUaB2JlYXRsZXMiA2dwbQ	FEmusic_library_privately_owned_artist_detaila_po_CKCA4sLKgvb7CBIHYmVhdGxlcw
694	I Feel Fine	The Beatles	Past Masters, Volume One	LIKE	2:19	Mv1Lbg2hzsk	FEmusic_library_privately_owned_release_detailb_po_CKCA4sLKgvb7CBIXcGFzdCBtYXN0ZXJzIHZvbHVtZSBvbmUaB2JlYXRsZXMiA2dwbQ	FEmusic_library_privately_owned_artist_detaila_po_CKCA4sLKgvb7CBIHYmVhdGxlcw
695	She's a Woman	The Beatles	Past Masters, Volume One	INDIFFERENT	3:02	8fQw07T-Ufw	FEmusic_library_privately_owned_release_detailb_po_CKCA4sLKgvb7CBIXcGFzdCBtYXN0ZXJzIHZvbHVtZSBvbmUaB2JlYXRsZXMiA2dwbQ	FEmusic_library_privately_owned_artist_detaila_po_CKCA4sLKgvb7CBIHYmVhdGxlcw
696	Yes It Is	The Beatles	Past Masters, Volume One	LIKE	2:42	_rC2lfyhZIs	FEmusic_library_privately_owned_release_detailb_po_CKCA4sLKgvb7CBIXcGFzdCBtYXN0ZXJzIHZvbHVtZSBvbmUaB2JlYXRsZXMiA2dwbQ	FEmusic_library_privately_owned_artist_detaila_po_CKCA4sLKgvb7CBIHYmVhdGxlcw
697	I'm Down	The Beatles	Past Masters, Volume One	INDIFFERENT	2:33	l2dg6mqdyvg	FEmusic_library_privately_owned_release_detailb_po_CKCA4sLKgvb7CBIXcGFzdCBtYXN0ZXJzIHZvbHVtZSBvbmUaB2JlYXRsZXMiA2dwbQ	FEmusic_library_privately_owned_artist_detaila_po_CKCA4sLKgvb7CBIHYmVhdGxlcw
